Num_Acc,date,an,mois,jour,hrmn,dep,com,lat,long,agg,int,col,lum,atm,catr,circ,nbv,prof,plan,lartpc,larrout,surf,infra,situ,grav,sexe,age,trajet,secuexist,equipement,obs,obsm,choc,manv,vehiculeid,typevehicules,manoeuvehicules,numVehicules,_infos_commune.code_epci
200500018841,2005-04-24,2005,avril,dimanche,12:30,13,13055,0,0,2,1,6,1,1,4,2,02,1,1,0,60,1,0,1,3,1,23,0,3,9,0,0,0,0,200500018841A01,7,10,1,200054807
200500018852,2005-04-01,2005,avril,vendredi,15:16,13,13055,0,0,2,2,3,1,1,3,-1,06,1,1,0,188,1,0,1,3,1,34,0,3,9,0,0,0,15,200500018852B01,5,1,1,200054807
200500018884,2005-04-30,2005,avril,samedi,14:00,13,13055,0,0,2,6,2,1,1,2,-1,00,1,-1,0,76,1,5,0,3,1,71,5,3,0,0,2,0,0,200500018884B01,7,9,1,200054807
200500018924,2005-04-26,2005,avril,mardi,16:55,13,13055,0,0,2,1,1,1,1,4,2,02,1,1,0,0,1,0,1,4,1,9,5,3,9,0,0,0,0,200500018924B01,7,2,1,200054807
200500018932,2005-04-24,2005,avril,dimanche,11:50,13,13055,0,0,2,1,7,1,1,3,2,02,1,1,0,30,9,5,1,3,1,53,5,3,9,14,0,1,1,200500018932A01,,,,200054807
200500018978,2005-04-21,2005,avril,jeudi,07:15,13,13055,0,0,2,1,6,1,1,9,-1,00,1,1,0,0,1,0,4,1,2,26,0,3,9,0,1,1,1,200500018978A01,,,,200054807
200500019000,2005-04-04,2005,avril,lundi,15:15,13,13055,0,0,2,2,3,1,1,4,2,04,2,1,20,144,1,0,1,4,1,33,5,3,0,0,2,1,15,200500019000A01,7,1,1,200054807
200500019035,2005-04-29,2005,avril,vendredi,15:16,14,14118,0,0,2,1,7,1,1,4,2,03,2,2,0,90,1,0,4,4,1,13,5,2,2,0,2,0,21,200500019035B01,7,20,1,200065597
200500019051,2005-04-21,2005,avril,jeudi,22:58,17,17449,0,0,2,4,1,3,1,4,2,02,1,1,0,105,1,0,1,3,1,34,5,3,9,0,2,1,13,200500019051A01,7,1,1,200041762
200500019053,2005-04-06,2005,avril,mercredi,18:07,17,17200,0,0,2,1,2,1,1,4,2,02,1,1,0,50,1,0,0,4,2,49,4,3,9,0,2,4,1,200500019053B01,7,1,1,241700434
200500019064,2005-04-20,2005,avril,mercredi,18:30,17,17291,0,0,2,3,3,1,1,4,2,02,1,4,0,46,1,0,1,4,1,83,5,3,9,0,2,1,15,200500019064B01,7,1,1,241700434
200500019095,2005-04-22,2005,avril,vendredi,17:12,18,18033,0,0,2,9,2,1,1,4,2,02,1,3,0,60,1,0,1,4,1,54,1,1,4,0,0,4,23,200500019095B01,7,2,1,241800507
200500019098,2005-04-25,2005,avril,lundi,14:55,18,18033,0,0,2,2,3,1,2,4,2,02,2,1,0,0,2,5,1,3,1,27,0,3,9,0,2,2,1,200500019098A01,7,1,1,241800507
200500019116,2005-04-21,2005,avril,jeudi,17:25,21,21054,0,0,2,3,3,1,1,3,2,04,1,1,0,270,1,0,1,4,1,39,1,2,2,0,2,1,2,200500019116B01,7,19,1,200006682
200500019120,2005-04-01,2005,avril,vendredi,19:33,21,21166,0,0,2,6,3,1,1,4,1,02,1,2,0,90,1,5,1,3,1,52,5,3,2,0,2,1,1,200500019120B01,7,16,1,242100410
200500019133,2005-04-19,2005,avril,mardi,17:00,21,21231,0,0,2,5,3,1,1,4,2,04,1,1,0,76,1,5,1,4,1,30,1,3,2,0,2,1,1,200500019133A01,7,1,1,242100410
200500019143,2005-04-28,2005,avril,jeudi,18:00,21,21231,0,0,2,1,6,1,1,4,2,02,1,1,0,67,1,0,1,3,1,17,0,2,2,1,0,1,1,200500019143B01,7,22,1,242100410
200500019146,2005-04-30,2005,avril,samedi,12:29,21,21278,0,0,2,6,3,1,1,4,2,02,1,1,0,106,1,5,1,4,1,36,5,2,2,0,2,1,1,200500019146B01,7,1,1,242100410
200500019151,2005-04-16,2005,avril,samedi,09:00,22,22278,0,0,2,6,6,1,1,4,1,01,1,2,0,80,1,5,1,4,1,46,4,3,4,0,2,1,9,200500019151B01,7,9,1,200069409
200500019157,2005-04-15,2005,avril,vendredi,16:30,24,24037,0,0,2,1,6,1,1,4,2,01,1,1,0,98,1,0,1,2,1,83,5,3,9,0,2,8,17,200500019157A01,17,13,1,200070647
200500019165,2005-04-09,2005,avril,samedi,14:53,24,24322,0,0,2,6,6,2,1,2,2,02,1,1,0,67,1,0,1,4,2,24,0,3,9,0,2,4,16,200500019165B01,7,1,1,200040392
200500019187,2005-04-14,2005,avril,jeudi,19:55,25,25031,0,0,2,1,3,2,1,3,2,02,1,1,0,0,1,0,1,3,2,79,5,3,0,0,2,8,1,200500019187B01,7,17,1,200065647
200500019196,2005-04-12,2005,avril,mardi,08:05,26,26281,0,0,2,2,3,1,1,4,2,02,1,1,0,80,1,0,1,3,1,26,1,2,2,0,2,4,9,200500019196A01,7,1,1,200068781
200500019198,2005-04-20,2005,avril,mercredi,07:25,26,26057,0,0,2,3,6,1,8,1,-1,50,1,1,0,600,2,0,0,4,1,29,1,1,2,0,0,6,15,200500019198B01,5,17,1,200068781
200500019199,2005-04-26,2005,avril,mardi,13:00,26,26281,0,0,2,1,6,1,1,4,3,02,1,1,70,160,1,0,1,4,1,75,5,2,2,1,0,1,1,200500019199B01,7,22,1,200068781
200500019201,2005-04-29,2005,avril,vendredi,16:55,26,26281,0,0,2,3,6,1,1,4,2,02,1,1,0,62,1,0,1,4,1,16,5,1,2,0,2,8,15,200500019201A01,2,17,1,200068781
200500019210,2005-04-27,2005,avril,mercredi,18:40,26,26362,0,0,2,1,3,1,1,4,1,01,1,1,0,30,1,0,1,3,1,9,5,3,9,0,2,1,9,200500019210B01,7,1,1,200068781
200500019212,2005-04-01,2005,avril,vendredi,17:40,27,27229,0,0,2,1,6,1,1,4,-1,02,1,-1,0,80,-1,0,1,4,1,29,9,1,2,0,2,0,0,200500019212B01,7,0,1,200071454
200500019219,2005-04-02,2005,avril,samedi,14:05,27,27375,0,0,2,1,1,1,1,4,2,02,1,4,0,60,1,0,1,4,1,9,5,2,9,0,2,1,13,200500019219A01,7,1,1,200089456
200500019276,2005-04-01,2005,avril,vendredi,08:26,30,30189,0,0,2,1,3,1,1,4,2,02,1,1,0,0,1,0,1,4,1,13,5,1,2,0,2,0,1,200500019276B01,7,15,1,243000643
200500019328,2005-04-01,2005,avril,vendredi,14:15,31,31555,0,0,2,2,3,1,1,4,2,02,1,1,0,56,1,0,1,4,1,15,9,3,9,0,2,1,1,200500019328A01,7,1,1,243100518
200500019329,2005-04-01,2005,avril,vendredi,17:00,31,31555,0,0,2,1,1,1,1,4,1,01,1,1,0,30,1,0,1,3,1,25,9,3,2,0,2,1,5,200500019329A01,7,15,1,243100518
200500019337,2005-04-03,2005,avril,dimanche,12:20,31,31555,0,0,2,1,3,1,1,4,2,03,1,1,0,90,1,0,1,4,1,45,5,3,9,0,0,1,1,200500019337B01,7,16,1,243100518
200500019383,2005-04-17,2005,avril,dimanche,16:30,31,31555,0,0,2,1,1,1,1,4,2,02,4,2,0,50,1,0,1,3,1,15,0,2,9,0,2,1,5,200500019383A01,7,5,1,243100518
200500019419,2005-04-01,2005,avril,vendredi,08:05,33,33063,0,0,2,1,3,1,1,4,1,01,1,1,0,60,1,0,1,4,2,14,0,3,2,1,2,1,18,200500019419B01,7,22,1,243300316
200500019428,2005-04-03,2005,avril,dimanche,13:35,33,33318,0,0,2,1,3,1,1,4,2,02,1,1,0,80,1,0,1,4,1,19,0,3,2,0,2,0,13,200500019428A01,7,1,1,243300316
200500019431,2005-04-06,2005,avril,mercredi,08:50,33,33063,0,0,2,1,3,2,1,4,2,02,1,1,0,80,1,0,1,4,1,34,0,3,2,0,2,0,17,200500019431B01,7,1,1,243300316
200500019436,2005-04-09,2005,avril,samedi,04:25,33,33063,0,0,2,1,3,5,1,4,3,04,1,1,20,120,1,0,1,3,2,28,0,3,2,0,2,7,19,200500019436A01,5,1,1,243300316
200500019442,2005-04-09,2005,avril,samedi,11:25,33,33063,0,0,2,1,2,1,1,4,3,02,1,2,0,60,1,4,1,4,1,17,0,3,9,0,2,4,1,200500019442B01,7,1,1,243300316
200500019443,2005-04-09,2005,avril,samedi,19:28,33,33063,0,0,2,1,2,1,1,4,1,01,1,1,0,28,1,4,1,4,1,30,0,3,9,0,2,1,1,200500019443B01,7,4,1,243300316
200500019445,2005-04-12,2005,avril,mardi,08:20,33,33063,0,0,2,1,5,1,1,4,2,06,1,1,0,0,1,0,1,4,1,26,0,3,0,0,1,1,2,200500019445B01,10 / 7,22 / 2,2,243300316
200500019454,2005-04-12,2005,avril,mardi,09:20,33,33550,0,0,2,2,3,1,1,4,3,05,1,1,8,157,1,0,1,3,1,25,5,3,9,0,2,1,1,200500019454B01,10,15,1,243300316
200500019455,2005-04-15,2005,avril,vendredi,07:50,33,33063,0,0,2,2,3,1,1,4,2,02,1,1,0,130,1,0,1,4,2,50,0,3,2,0,2,2,2,200500019455B01,10,16,1,243300316
200500019466,2005-04-20,2005,avril,mercredi,18:20,33,33063,0,0,2,1,3,1,1,4,1,01,1,1,0,32,1,0,1,4,1,48,9,3,9,14,0,1,1,200500019466B01,7,23,1,243300316
200500019467,2005-04-20,2005,avril,mercredi,08:40,33,33063,0,0,2,3,3,1,2,4,1,01,1,1,0,37,2,0,1,4,1,24,1,3,9,0,2,7,15,200500019467A01,7,1,1,243300316
200500019468,2005-04-19,2005,avril,mardi,15:25,33,33063,0,0,2,2,3,1,1,4,1,01,1,1,0,57,1,0,1,3,1,38,9,3,9,0,2,8,1,200500019468A01,7,1,1,243300316
200500019490,2005-04-28,2005,avril,jeudi,17:30,33,33063,0,0,2,1,3,1,1,4,2,02,1,1,0,72,1,0,1,3,1,54,0,3,9,1,0,1,1,200500019490B01,7,22,1,243300316
200500019507,2005-04-30,2005,avril,samedi,16:58,34,34336,0,0,2,3,1,1,1,4,2,02,-1,3,0,46,1,0,1,4,1,7,5,3,4,12,2,3,19,200500019507B01,7,2,1,243400769
200500019552,2005-04-06,2005,avril,mercredi,08:00,35,35238,0,0,2,6,3,2,1,4,2,02,1,1,0,60,1,5,1,4,1,33,1,3,9,0,2,7,1,200500019552B01,7,9,1,243500139
200500019557,2005-04-07,2005,avril,jeudi,17:26,35,35238,0,0,2,6,3,1,3,4,4,02,1,1,0,90,2,5,1,4,2,55,0,3,2,0,2,0,1,200500019557B01,7,9,1,243500139
200500019577,2005-04-29,2005,avril,vendredi,09:15,35,35238,0,0,2,6,3,1,1,4,3,02,1,-1,0,60,1,5,1,4,2,21,0,3,2,0,2,4,0,200500019577B01,7,16,1,243500139
200500019578,2005-04-29,2005,avril,vendredi,12:30,35,35238,0,0,2,2,3,1,1,4,2,03,2,-1,0,90,1,0,1,4,1,34,0,3,2,0,2,0,1,200500019578B01,10,16,1,243500139
200500019614,2005-04-02,2005,avril,samedi,14:50,38,38185,0,0,2,2,3,1,1,4,2,02,1,1,0,70,1,0,1,4,1,61,5,3,4,0,2,2,1,200500019614B01,7,1,1,200040715
200500019624,2005-04-07,2005,avril,jeudi,10:00,38,38185,0,0,2,1,6,1,1,4,-1,01,1,1,0,30,1,0,5,4,2,23,2,3,9,0,2,1,1,200500019624B01,7,9,1,200040715
200500019635,2005-04-15,2005,avril,vendredi,15:50,38,38421,0,0,2,2,3,1,1,4,2,02,1,1,0,160,1,0,1,3,1,76,5,3,4,0,2,1,1,200500019635B01,7,16,1,200040715
200500019641,2005-04-19,2005,avril,mardi,20:00,38,38185,0,0,2,1,3,5,1,4,1,01,1,1,0,64,2,0,5,4,2,25,1,3,9,0,2,1,1,200500019641B01,7,15,1,200040715
200500019645,2005-04-21,2005,avril,jeudi,16:30,38,38185,0,0,2,1,3,1,1,4,2,02,1,1,0,70,1,0,1,4,1,13,5,3,4,0,2,1,19,200500019645A01,7,1,1,200040715
200500019648,2005-04-27,2005,avril,mercredi,23:35,38,38185,0,0,2,2,3,5,1,4,2,02,1,1,0,70,1,0,1,4,1,21,5,3,4,0,2,7,1,200500019648B01,7,15,1,200040715
200500019654,2005-04-25,2005,avril,lundi,13:35,39,39362,0,0,2,9,3,1,1,4,2,04,1,1,0,127,1,0,1,3,1,24,5,3,9,0,2,5,1,200500019654B01,7,16,1,200071116
200500019690,2005-04-26,2005,avril,mardi,17:55,42,42183,0,0,2,1,1,1,1,3,1,01,1,1,0,0,1,0,1,4,1,14,5,3,9,0,2,0,19,200500019690A01,5,1,1,244200770
200500019692,2005-04-06,2005,avril,mercredi,13:05,42,42316,0,0,2,1,3,1,1,4,-1,01,1,1,0,75,1,0,1,3,1,13,5,3,9,0,2,2,0,200500019692A01,7,0,1,244200770
200500019692,2005-04-06,2005,avril,mercredi,13:05,42,42316,0,0,2,1,3,1,1,4,-1,01,1,1,0,75,1,0,1,4,1,12,0,2,2,0,2,2,0,200500019692A01,7,0,1,244200770
200500019754,2005-04-01,2005,avril,vendredi,18:20,44,44109,0,0,2,1,2,1,1,4,2,02,2,1,0,58,1,0,1,3,2,18,0,3,9,0,2,1,1,200500019754A01,7,1,1,244400404
200500019812,2005-04-04,2005,avril,lundi,17:15,45,45147,0,0,2,3,3,1,1,4,2,02,1,1,0,70,1,0,1,4,2,45,5,3,0,0,2,1,2,200500019812B01,7,15,1,244500468
200500019821,2005-04-07,2005,avril,jeudi,17:15,45,45147,0,0,2,1,3,1,1,4,2,01,1,1,0,50,1,0,1,4,2,12,9,3,0,0,2,0,0,200500019821B01,7,0,1,244500468
200500019850,2005-04-30,2005,avril,samedi,20:30,46,46042,0,0,2,1,7,2,1,4,2,02,1,1,0,55,1,0,1,4,1,22,5,3,9,6,0,0,13,200500019850A01,,,,200023737
200500019875,2005-04-10,2005,avril,dimanche,22:00,49,49007,0,0,2,1,2,5,1,4,2,02,1,1,0,0,1,0,1,1,1,35,0,3,9,0,0,0,1,200500019875A01,1,1,1,244900015
200500019875,2005-04-10,2005,avril,dimanche,22:00,49,49007,0,0,2,1,2,5,1,4,2,02,1,1,0,0,1,0,1,4,1,29,0,3,9,0,0,0,1,200500019875B01,1,1,1,244900015
200500019884,2005-04-18,2005,avril,lundi,10:21,49,49246,0,0,2,1,2,1,1,4,2,02,1,1,0,0,1,0,1,4,2,20,5,3,9,0,2,1,1,200500019884A01,1,1,1,244900015
200500019884,2005-04-18,2005,avril,lundi,10:21,49,49246,0,0,2,1,2,1,1,4,2,02,1,1,0,0,1,0,1,1,1,14,5,3,9,0,2,4,1,200500019884B01,1,1,1,244900015
200500019885,2005-04-21,2005,avril,jeudi,07:46,49,49007,0,0,2,3,3,1,1,4,2,02,1,1,0,60,1,0,1,4,1,45,1,1,2,0,2,7,15,200500019885A01,6,18,1,244900015
200500019886,2005-04-21,2005,avril,jeudi,09:51,49,49007,0,0,2,2,3,1,1,4,2,04,1,1,0,140,1,0,1,4,2,25,5,3,9,0,2,1,1,200500019886B01,7,15,1,244900015
200500019896,2005-04-27,2005,avril,mercredi,15:50,49,49007,0,0,2,1,7,1,1,4,1,02,1,1,0,60,1,0,4,4,1,14,5,3,9,0,0,0,1,200500019896A01,,,,244900015
200500019910,2005-04-10,2005,avril,dimanche,15:15,50,50203,0,0,2,1,3,1,1,4,2,01,1,3,0,60,1,0,1,4,1,8,5,2,2,0,2,1,9,200500019910A01,7,1,1,
200500019912,2005-04-12,2005,avril,mardi,14:00,50,50129,0,0,2,1,3,1,1,3,3,04,1,1,0,70,1,0,1,4,1,54,5,1,2,0,2,1,18,200500019912B01,7,22,1,200067205
200500019949,2005-04-27,2005,avril,mercredi,07:50,52,52534,0,0,2,1,6,1,1,4,2,03,2,3,0,0,1,0,1,4,1,55,0,2,9,0,2,3,7,200500019949B01,7,17,1,200068666
200500019974,2005-04-06,2005,avril,mercredi,15:45,54,54526,0,0,2,1,2,1,1,4,3,00,1,1,0,0,1,5,1,4,1,51,0,3,9,0,2,1,1,200500019974B01,7,15,1,245400676
200500019987,2005-04-13,2005,avril,mercredi,09:00,54,54395,0,0,2,1,6,1,1,9,-1,00,-1,-1,0,0,1,0,5,4,1,29,1,3,9,1,0,2,1,200500019987B01,,,,245400676
200500019992,2005-04-16,2005,avril,samedi,08:10,54,54395,0,0,2,2,6,1,1,4,2,00,2,1,0,0,2,0,0,4,1,12,9,3,9,0,2,1,19,200500019992B01,7,16,1,245400676
200500019997,2005-04-22,2005,avril,vendredi,16:50,54,54184,0,0,2,1,6,1,1,4,2,00,1,1,0,0,1,0,1,4,1,20,5,3,9,1,2,1,1,200500019997C01,7,24 / 1,2,245400676
200500020003,2005-04-28,2005,avril,jeudi,18:45,54,54395,0,0,2,1,6,1,1,4,1,00,1,3,0,0,1,0,1,4,1,35,1,3,0,0,1,1,1,200500020003A01,,,,245400676
200500020004,2005-04-29,2005,avril,vendredi,15:20,54,54578,0,0,2,1,7,1,1,4,2,04,1,1,0,148,1,0,1,3,1,12,5,2,2,0,2,1,0,200500020004B01,7,1,1,245400676
200500020025,2005-04-12,2005,avril,mardi,09:50,55,55545,0,0,2,2,3,1,1,4,2,02,1,1,0,70,1,0,1,4,2,35,4,3,9,0,2,8,21,200500020025B01,7,15,1,200049187
200500020029,2005-04-01,2005,avril,vendredi,19:20,56,56121,0,0,2,1,6,1,1,9,1,01,2,3,0,0,1,0,1,4,1,23,9,3,9,0,0,1,2,200500020029B01,7,22,1,200042174
200500020034,2005-04-07,2005,avril,jeudi,12:21,56,56162,0,0,2,2,3,1,1,9,-1,02,1,1,0,0,1,0,1,4,2,32,0,3,4,0,2,3,1,200500020034A01,7,1,1,200042174
200500020038,2005-04-11,2005,avril,lundi,12:56,56,56098,0,0,2,3,3,1,1,9,2,02,1,1,0,0,1,0,1,4,1,32,9,3,9,0,2,3,15,200500020038A01,5,1,1,200042174
200500020041,2005-04-09,2005,avril,samedi,09:52,56,56121,0,0,2,1,7,1,8,9,3,00,1,1,0,0,2,0,1,4,2,52,4,3,9,0,2,1,1,200500020041B01,7,22,1,200042174
200500020063,2005-04-29,2005,avril,vendredi,16:16,56,56121,0,0,2,2,3,1,1,9,2,02,2,1,0,0,1,5,1,4,1,60,9,3,4,0,2,1,16,200500020063A01,7,23,1,200042174
200500020064,2005-04-06,2005,avril,mercredi,12:10,56,56260,0,0,2,3,2,1,1,4,2,02,1,1,0,0,1,0,1,4,2,17,2,2,2,0,2,0,23,200500020064A01,7,2,1,200067932
200500020071,2005-04-16,2005,avril,samedi,14:10,56,56260,0,0,2,2,3,1,1,4,1,01,1,1,0,0,1,0,1,4,1,23,5,2,2,0,2,1,1,200500020071A01,7,1,1,200067932
200500020073,2005-04-26,2005,avril,mardi,15:55,56,56260,0,0,2,9,6,1,1,3,1,02,1,2,0,0,1,0,1,4,1,40,0,3,2,0,2,1,1,200500020073B01,7,13,1,200067932
200500020117,2005-04-01,2005,avril,vendredi,15:15,57,57221,0,0,2,1,3,1,1,2,2,02,1,1,0,70,1,1,1,4,1,71,5,1,4,0,2,8,1,200500020117B01,7,14,1,245701222
200500020125,2005-04-06,2005,avril,mercredi,16:00,58,58194,0,0,2,1,2,1,1,4,2,02,1,1,0,61,1,0,4,4,1,12,5,2,2,12,0,7,14,200500020125A01,1,14,1,245804406
200500020125,2005-04-06,2005,avril,mercredi,16:00,58,58194,0,0,2,1,2,1,1,4,2,02,1,1,0,61,1,0,4,4,1,21,5,2,2,12,0,7,14,200500020125B01,1,14,1,245804406
200500020136,2005-04-28,2005,avril,jeudi,14:55,59,59317,0,0,2,1,6,1,1,3,2,01,1,1,0,50,1,0,3,4,2,39,1,3,9,0,2,8,14,200500020136A01,,,,200093201
200500020147,2005-04-09,2005,avril,samedi,14:37,59,59327,0,0,2,1,3,1,1,4,1,01,1,1,0,0,1,0,5,3,1,10,5,2,9,0,2,8,1,200500020147B01,7,4,1,200044618
200500020151,2005-04-12,2005,avril,mardi,19:05,59,59588,0,0,2,1,2,1,1,4,2,02,1,1,0,72,1,0,1,4,1,16,5,1,2,0,2,1,1,200500020151B01,7,1,1,245900428
200500020163,2005-04-30,2005,avril,samedi,17:45,59,59104,0,0,2,1,3,1,1,4,2,02,2,3,0,65,1,0,1,3,1,10,5,1,2,0,2,1,19,200500020163A01,7,1,1,200043396
200500020179,2005-04-08,2005,avril,vendredi,16:10,59,59350,0,0,2,1,6,1,1,4,2,04,1,1,10,52,1,0,1,4,2,13,5,3,9,0,2,1,11,200500020179A01,7,2,1,200093201
200500020185,2005-04-12,2005,avril,mardi,17:10,59,59356,0,0,2,1,2,1,1,4,2,00,1,1,0,122,1,0,1,3,1,41,1,1,2,0,2,0,1,200500020185B01,10,1,1,200093201
200500020188,2005-04-18,2005,avril,lundi,07:30,59,59350,0,0,2,6,6,2,2,4,1,00,1,2,0,0,2,5,1,4,2,51,1,3,9,0,2,1,9,200500020188A01,14,2,1,200093201
200500020202,2005-04-26,2005,avril,mardi,16:20,59,59350,0,0,2,1,6,1,1,4,2,02,1,1,0,61,1,0,1,4,1,27,5,3,9,0,2,1,13,200500020202A01,7,17,1,200093201
200500020206,2005-04-28,2005,avril,jeudi,11:45,59,59196,0,0,2,1,3,1,1,2,3,00,1,1,12,64,1,0,0,4,1,68,5,2,9,0,2,1,10,200500020206A01,7,1,1,200093201
200500020210,2005-04-27,2005,avril,mercredi,12:25,59,59009,0,0,2,4,3,1,1,4,2,02,1,2,0,95,1,0,1,4,1,27,5,3,9,0,2,1,2,200500020210A01,7,1,1,200093201
200500020214,2005-04-01,2005,avril,vendredi,10:55,59,59365,0,0,2,2,3,1,1,3,4,04,1,1,0,153,1,0,1,3,1,35,9,1,4,0,0,7,1,200500020214A01,7,1,1,200043396
200500020219,2005-04-20,2005,avril,mercredi,17:15,59,59392,0,0,2,2,3,1,1,3,2,02,1,1,0,90,1,0,1,3,1,29,5,2,4,0,2,1,19,200500020219A01,7,1,1,200043396
200500020228,2005-04-11,2005,avril,lundi,17:00,59,59512,0,0,2,1,6,1,1,2,2,00,1,1,0,0,1,4,0,3,2,8,5,1,9,0,4,1,6,200500020228A01,,,,200093201
200500020240,2005-04-15,2005,avril,vendredi,10:20,59,59646,0,0,2,1,3,1,2,4,1,01,1,1,0,0,2,0,4,3,1,81,5,3,9,0,2,0,0,200500020240B01,7,0,1,200093201
200500020249,2005-04-05,2005,avril,mardi,16:00,59,59508,0,0,2,1,1,1,1,4,2,02,1,1,0,32,1,0,1,3,1,14,5,2,2,0,2,3,21,200500020249B01,7,23,1,200093201
200500020269,2005-04-22,2005,avril,vendredi,11:15,59,59491,0,0,2,3,6,1,1,3,2,02,1,1,0,650,1,0,1,3,1,76,9,2,2,0,2,2,1,200500020269A01,7,1,1,200042190
200500020286,2005-04-11,2005,avril,lundi,17:40,61,61169,0,0,2,2,3,1,7,4,2,02,1,-1,0,60,1,5,0,3,1,51,1,3,9,0,2,1,21,200500020286B01,7,15,1,200035814
200500020307,2005-04-03,2005,avril,dimanche,13:30,62,62193,0,0,2,2,3,1,1,4,2,01,1,1,0,65,1,0,1,3,2,9,5,3,9,0,2,1,1,200500020307A01,7,1,1,200090751
200500020337,2005-04-29,2005,avril,vendredi,18:35,62,62510,0,0,2,1,6,1,1,4,2,02,1,1,0,62,1,0,1,1,1,15,5,3,9,0,1,1,1,200500020337A01,,,,246200364
200500020369,2005-04-15,2005,avril,vendredi,03:20,63,63113,0,0,2,2,6,1,2,4,2,02,1,1,0,0,2,0,1,4,1,21,5,2,9,0,2,1,1,200500020369A01,7,1,1,246300701
200500020381,2005-04-28,2005,avril,jeudi,09:30,63,63113,0,0,2,1,6,1,1,4,1,01,1,1,0,72,1,0,1,4,1,30,1,3,9,1,0,1,1,200500020381B01,7,24,1,246300701
200500020385,2005-04-30,2005,avril,samedi,14:50,63,63113,0,0,2,1,3,1,1,4,3,04,1,1,30,140,1,0,1,4,1,51,5,2,2,0,2,8,11,200500020385A01,7,1,1,246300701
200500020410,2005-04-06,2005,avril,mercredi,19:00,64,64122,0,0,2,1,6,1,1,2,-1,02,-1,2,0,80,1,0,1,4,2,19,0,3,4,0,2,4,2,200500020410B01,7,2,1,200067106
200500020428,2005-04-26,2005,avril,mardi,18:40,64,64348,0,0,2,1,2,1,1,3,2,00,1,1,0,110,1,0,1,4,2,18,5,2,9,0,2,1,1,200500020428B01,7,4,1,200067254
200500020429,2005-04-28,2005,avril,jeudi,09:05,64,64445,0,0,2,2,1,1,1,4,2,02,1,1,0,86,1,0,1,4,2,53,5,3,9,0,2,1,1,200500020429A01,7,16,1,200067254
200500020430,2005-04-28,2005,avril,jeudi,20:00,64,64445,0,0,2,1,6,1,1,4,2,02,1,1,0,90,1,0,1,4,2,71,5,3,9,0,2,8,1,200500020430A01,7,17,1,200067254
200500020431,2005-04-28,2005,avril,jeudi,21:10,64,64445,0,0,2,1,3,2,1,2,2,03,1,-1,25,128,1,0,1,4,2,19,5,3,9,0,2,1,19,200500020431B01,7,1,1,200067254
200500020444,2005-04-06,2005,avril,mercredi,17:15,65,65440,0,0,2,2,3,1,1,4,2,03,2,1,0,117,1,0,1,4,1,60,5,3,9,0,2,1,1,200500020444B01,7,15,1,200069300
200500020454,2005-04-26,2005,avril,mardi,10:15,65,65047,0,0,2,1,3,1,1,3,3,01,1,1,4,31,1,0,1,4,1,90,3,3,9,0,2,8,2,200500020454B01,14,17,1,200069300
200500020461,2005-04-01,2005,avril,vendredi,15:27,67,67462,0,0,2,1,1,1,1,2,2,02,1,1,0,79,1,0,5,3,1,76,5,3,9,0,2,1,5,200500020461B01,7,9,1,246700967
200500020472,2005-04-07,2005,avril,jeudi,17:00,67,67218,0,0,2,1,3,1,2,4,2,02,1,1,0,93,2,0,1,4,1,38,5,1,2,1,0,1,1,200500020472B01,7,24,1,246700488
200500020474,2005-04-08,2005,avril,vendredi,09:00,67,67482,0,0,2,3,1,1,3,4,3,02,1,1,120,280,2,5,1,4,1,46,5,3,9,0,2,8,19,200500020474A01,7,1,1,246700488
200500020477,2005-04-09,2005,avril,samedi,10:10,67,67482,0,0,2,1,1,1,3,4,2,03,1,1,0,90,2,0,1,4,1,39,4,3,9,0,2,1,1,200500020477B01,7,22,1,246700488
200500020478,2005-04-11,2005,avril,lundi,22:35,67,67482,0,0,2,5,3,5,1,4,1,01,1,1,0,45,1,5,1,4,1,55,5,1,4,0,2,8,1,200500020478B01,7,15,1,246700488
200500020486,2005-04-16,2005,avril,samedi,12:20,67,67482,0,0,2,3,6,1,1,4,1,01,1,1,0,80,1,0,1,1,1,38,1,3,9,0,9,1,1,200500020486A01,,,,246700488
200500020487,2005-04-18,2005,avril,lundi,15:10,67,67447,0,0,2,2,3,1,1,4,1,01,1,1,0,60,1,0,1,4,1,39,9,3,9,0,2,1,1,200500020487B01,7,15,1,246700488
200500020490,2005-04-21,2005,avril,jeudi,08:55,67,67482,0,0,2,3,3,1,1,4,2,02,1,1,0,128,1,5,5,4,2,24,4,1,4,0,2,8,19,200500020490B01,7,16,1,246700488
200500020493,2005-04-22,2005,avril,vendredi,15:40,67,67482,0,0,2,3,3,1,1,4,1,02,1,1,10,89,1,5,1,4,1,9,5,3,9,0,2,7,19,200500020493B01,7,1,1,246700488
200500020507,2005-04-29,2005,avril,vendredi,11:35,67,67482,0,0,2,1,3,1,1,4,3,04,1,1,26,105,1,0,5,4,1,22,2,1,4,0,2,1,1,200500020507A01,7,16,1,246700488
200500020508,2005-04-29,2005,avril,vendredi,13:15,67,67482,0,0,2,3,6,1,1,4,2,02,1,1,0,110,1,0,1,4,2,21,1,2,9,0,2,8,19,200500020508B01,5,17,1,246700488
200500020509,2005-04-29,2005,avril,vendredi,16:30,67,67482,0,0,2,3,2,1,1,2,2,02,1,2,0,93,1,5,1,4,1,34,5,1,4,0,2,4,2,200500020509B01,7,2,1,246700488
200500020510,2005-04-29,2005,avril,vendredi,18:05,67,67043,0,0,2,1,3,1,1,4,2,02,1,1,0,80,1,0,1,4,1,5,5,3,9,0,2,1,19,200500020510A01,7,1,1,246700488