Num_Acc,date,an,mois,jour,hrmn,dep,com,lat,long,agg,int,col,lum,atm,catr,circ,nbv,prof,plan,lartpc,larrout,surf,infra,situ,grav,sexe,age,trajet,secuexist,equipement,obs,obsm,choc,manv,vehiculeid,typevehicules,manoeuvehicules,numVehicules,_infos_commune.code_epci
200500029631,2005-05-27,2005,mai,vendredi,12:00,67,67482,0,0,2,1,3,1,1,4,2,02,1,1,0,96,1,0,1,4,1,15,2,3,9,1,0,1,1,200500029631B01,7,22,1,246700488
200500029641,2005-05-09,2005,mai,lundi,12:05,68,68066,0,0,2,3,3,1,1,3,2,03,1,1,0,88,1,0,5,4,1,46,3,2,9,0,2,7,1,200500029641B01,7,23,1,246800726
200500029644,2005-05-24,2005,mai,mardi,18:15,68,68066,0,0,2,4,2,1,1,4,2,02,1,1,0,86,-1,0,1,3,2,62,1,2,2,0,2,5,1,200500029644B01,7,16,1,246800726
200500029645,2005-05-25,2005,mai,mercredi,17:50,68,68066,0,0,2,2,3,1,1,2,3,02,1,1,30,70,1,2,1,4,1,21,5,2,2,0,2,1,1,200500029645B01,7,15,1,246800726
200500029646,2005-05-28,2005,mai,samedi,19:30,68,68066,0,0,2,2,3,1,1,3,2,02,1,1,0,106,1,0,5,4,1,34,5,1,2,0,2,3,1,200500029646B01,7,15,1,246800726
200500029653,2005-05-13,2005,mai,vendredi,17:05,68,68224,0,0,2,2,3,1,1,2,1,02,1,1,0,72,1,5,1,3,1,50,0,3,9,0,2,8,19,200500029653A01,2,1,1,200066009
200500029661,2005-05-27,2005,mai,vendredi,18:40,68,68224,0,0,2,1,3,1,1,4,-1,01,1,1,0,60,1,0,1,4,1,12,5,3,9,0,2,1,19,200500029661A01,7,1,1,200066009
200500029663,2005-05-24,2005,mai,mardi,17:10,68,68166,0,0,2,1,3,1,1,4,2,02,1,1,0,0,1,0,1,3,1,11,5,3,9,0,0,0,9,200500029663B01,10,1,1,200066009
200500029677,2005-05-01,2005,mai,dimanche,19:30,69,69259,0,0,2,1,3,1,1,4,2,02,3,1,0,117,1,0,1,4,1,5,5,3,9,0,2,1,19,200500029677A01,2,1,1,200046977
200500029683,2005-05-20,2005,mai,vendredi,22:30,69,69259,0,0,2,1,3,3,1,5,-1,00,-1,-1,0,0,1,0,3,4,1,19,0,3,9,0,2,1,9,200500029683B01,2,1,1,200046977
200500029686,2005-05-30,2005,mai,lundi,19:30,69,69199,0,0,2,1,6,1,1,4,2,02,1,1,0,64,1,0,1,1,1,36,1,3,9,0,1,1,1,200500029686A01,,,,200046977
200500029688,2005-05-29,2005,mai,dimanche,17:45,69,69259,0,0,2,1,2,1,1,4,3,04,1,1,12,150,1,0,1,4,2,52,5,3,9,0,2,4,1,200500029688B01,2,1,1,200046977
200500029704,2005-05-25,2005,mai,mercredi,07:45,69,69266,0,0,2,3,6,1,1,4,2,00,1,1,0,190,1,0,1,4,2,18,2,3,9,0,2,1,1,200500029704B01,7,15,1,200046977
200500029706,2005-05-25,2005,mai,mercredi,18:20,69,69266,0,0,2,2,6,1,1,4,2,02,1,1,0,45,1,0,1,4,2,39,4,3,9,0,2,2,1,200500029706A01,7,1,1,200046977
200500029713,2005-05-11,2005,mai,mercredi,17:25,69,69282,0,0,2,2,3,1,1,4,2,02,1,1,0,56,1,0,1,3,1,10,5,3,9,0,2,1,19,200500029713B01,7,1,1,200046977
200500029716,2005-05-03,2005,mai,mardi,21:35,69,69290,0,0,2,1,2,3,2,4,2,01,1,1,0,75,2,0,1,3,1,57,0,3,9,0,0,6,14,200500029716B01,7,14,1,200046977
200500029719,2005-05-19,2005,mai,jeudi,18:15,69,69256,0,0,2,2,5,1,1,4,3,01,-1,1,20,70,1,0,0,1,1,53,5,3,9,0,2,0,1,200500029719B01,7,14,1,200046977
200500029719,2005-05-19,2005,mai,jeudi,18:15,69,69256,0,0,2,2,5,1,1,4,3,01,-1,1,20,70,1,0,0,4,2,43,5,3,9,0,2,0,1,200500029719C01,7,14,1,200046977
200500029720,2005-05-17,2005,mai,mardi,13:40,69,69256,0,0,2,2,3,1,1,4,2,02,1,1,0,160,1,0,1,3,1,41,5,3,0,0,2,0,2,200500029720B01,7,15,1,200046977
200500029721,2005-05-17,2005,mai,mardi,19:10,69,69256,0,0,2,2,6,1,1,3,2,02,1,1,0,0,1,0,1,3,1,19,5,3,9,0,2,1,1,200500029721B01,7,1,1,200046977
200500029772,2005-05-15,2005,mai,dimanche,11:20,72,72181,0,0,2,1,3,1,1,9,2,02,1,1,0,80,1,0,1,4,1,26,5,1,2,0,0,1,1,200500029772B01,7,15,1,247200132
200500029785,2005-05-19,2005,mai,jeudi,15:40,72,72181,0,0,2,2,3,1,1,3,3,04,1,1,0,80,1,0,1,2,1,32,9,1,2,0,2,0,18,200500029785B01,15,16,1,247200132
200500029788,2005-05-20,2005,mai,vendredi,18:10,72,72181,0,0,2,3,1,1,1,9,2,04,1,1,25,140,9,0,1,4,1,15,5,3,2,0,2,1,16,200500029788A01,7,1,1,247200132
200500029805,2005-05-28,2005,mai,samedi,19:30,72,72181,0,0,2,1,3,1,1,9,2,02,1,1,0,61,1,0,1,4,1,11,3,3,2,0,2,1,1,200500029805A01,7,1,1,247200132
200500029808,2005-05-28,2005,mai,samedi,20:40,72,72181,0,0,2,1,1,5,1,9,2,01,2,1,0,56,1,0,1,4,1,17,5,3,2,0,0,1,1,200500029808B01,7,1,1,247200132
200500029814,2005-05-02,2005,mai,lundi,20:20,73,73011,0,0,2,1,6,2,1,9,2,02,1,2,0,108,1,0,1,4,1,26,5,3,9,0,1,1,1,200500029814A01,,,,200068997
200500029820,2005-05-14,2005,mai,samedi,10:50,73,73031,0,0,1,6,3,1,3,4,1,02,1,2,0,0,2,5,1,3,1,75,0,3,0,0,2,1,0,200500029820B01,7,2,1,200069110
200500029825,2005-05-13,2005,mai,vendredi,08:45,74,74010,0,0,2,1,6,1,1,4,2,02,1,-1,0,75,1,0,1,3,1,83,0,2,9,0,0,0,2,200500029825B01,7,22,1,200066793
200500029831,2005-05-28,2005,mai,samedi,14:55,74,74010,0,0,2,1,3,1,1,4,2,02,1,1,19,80,1,0,1,4,1,22,4,3,9,0,0,7,2,200500029831B01,2,18,1,200066793
200500029841,2005-05-27,2005,mai,vendredi,09:10,74,74281,0,0,2,6,3,1,1,2,2,02,1,3,0,60,1,5,1,3,2,67,3,3,4,0,2,1,12,200500029841B01,7,17,1,200067551
200500029854,2005-05-09,2005,mai,lundi,16:15,75,75014,0,0,2,1,3,1,1,4,2,04,1,1,0,120,1,0,1,4,2,26,4,1,2,0,2,2,19,200500029854A01,7,1,1,
200500029858,2005-05-01,2005,mai,dimanche,13:25,75,75010,0,0,2,1,3,1,1,4,2,04,1,1,0,120,1,0,1,4,1,28,5,3,0,0,2,3,1,200500029858B01,7,22,1,
200500029876,2005-05-02,2005,mai,lundi,15:45,75,75018,0,0,2,1,3,1,1,4,2,04,1,1,0,120,1,0,1,4,1,39,4,3,0,0,2,1,7,200500029876B01,7,10,1,
200500029879,2005-05-02,2005,mai,lundi,13:30,75,75006,0,0,2,1,3,1,1,4,1,04,1,1,0,120,1,0,1,4,2,21,5,3,0,0,2,3,16,200500029879A01,7,7,1,
200500029884,2005-05-03,2005,mai,mardi,14:05,75,75016,0,0,2,3,6,1,1,4,2,04,1,1,0,120,1,0,1,4,1,14,5,3,0,0,2,6,1,200500029884B01,7,0,1,
200500029888,2005-05-03,2005,mai,mardi,16:05,75,75007,0,0,2,1,3,1,3,4,1,01,1,1,0,30,2,0,1,4,1,54,5,3,0,0,2,1,1,200500029888B01,7,22,1,
200500029924,2005-05-16,2005,mai,lundi,10:00,75,75011,0,0,2,1,7,1,1,4,1,01,1,1,0,30,1,0,1,3,2,44,1,3,0,0,0,2,1,200500029924A01,,,,
200500029930,2005-05-03,2005,mai,mardi,10:00,75,75008,0,0,2,1,3,1,1,4,2,04,1,1,0,120,1,0,1,4,2,44,4,3,0,0,2,1,1,200500029930B01,7,22,1,
200500029953,2005-05-07,2005,mai,samedi,17:45,75,75011,0,0,2,2,3,1,1,4,2,04,1,1,0,120,1,0,1,4,2,22,5,3,0,0,2,2,1,200500029953B01,7,10,1,
200500029968,2005-05-09,2005,mai,lundi,18:30,75,75013,0,0,2,2,3,1,1,4,2,02,1,1,0,60,1,0,1,4,1,15,5,3,0,0,2,1,1,200500029968A01,10,23,1,
200500029972,2005-05-09,2005,mai,lundi,17:35,75,75018,0,0,2,2,2,1,1,4,1,01,1,1,0,30,1,0,1,4,1,34,5,3,0,0,2,4,1,200500029972B01,7,1,1,
200500030005,2005-05-10,2005,mai,mardi,11:35,75,75006,0,0,2,4,5,1,1,4,2,03,1,1,0,90,1,0,1,4,2,17,5,3,0,0,2,1,7,200500030005C01,7 / 5,13 / 1,2,
200500030017,2005-05-10,2005,mai,mardi,16:30,75,75020,0,0,1,3,3,1,1,4,2,02,1,1,0,60,1,0,1,4,2,36,5,3,0,0,2,1,1,200500030017B01,7,15,1,
200500030025,2005-05-11,2005,mai,mercredi,18:30,75,75002,0,0,2,1,6,1,1,4,1,01,1,1,0,30,1,0,1,1,1,29,5,3,0,0,1,1,5,200500030025A01,,,,
200500030037,2005-05-11,2005,mai,mercredi,14:55,75,75008,0,0,2,2,3,1,1,4,2,04,1,1,0,120,1,0,1,4,1,43,5,3,0,0,2,6,1,200500030037B01,7,21,1,
200500030063,2005-05-15,2005,mai,dimanche,06:05,75,75009,0,0,2,3,2,1,1,4,3,02,1,1,10,60,1,0,1,4,1,34,5,3,0,0,2,1,1,200500030063A01,7,23,1,
200500030074,2005-05-22,2005,mai,dimanche,10:10,75,75012,0,0,2,2,3,1,1,4,2,04,1,1,0,120,1,0,1,4,1,84,5,1,2,0,2,1,1,200500030074B01,7,15,1,
200500030090,2005-05-19,2005,mai,jeudi,00:20,75,75019,0,0,2,1,3,5,1,4,1,02,1,1,0,60,1,0,4,4,1,25,5,1,2,0,2,1,5,200500030090A01,7,9,1,
200500030094,2005-05-18,2005,mai,mercredi,15:10,75,75008,0,0,2,1,2,1,7,4,1,04,1,1,0,120,1,0,1,4,1,72,5,3,0,0,2,4,1,200500030094B01,7,1,1,
200500030099,2005-05-18,2005,mai,mercredi,23:30,75,75018,0,0,2,3,7,5,1,4,2,02,1,1,0,60,1,0,1,3,1,37,5,3,0,0,0,2,1,200500030099A01,,,,
200500030101,2005-05-18,2005,mai,mercredi,17:03,75,75019,0,0,2,1,6,1,1,4,1,01,1,1,0,30,1,6,0,1,1,34,4,1,2,0,2,1,1,200500030101B01,5,0,1,
200500030104,2005-05-17,2005,mai,mardi,15:10,75,75004,0,0,2,1,3,1,1,4,1,01,1,1,0,30,1,0,1,4,2,24,5,3,0,0,2,2,1,200500030104B01,10,22,1,
200500030113,2005-05-17,2005,mai,mardi,12:50,75,75012,0,0,2,1,3,1,1,4,2,03,1,1,0,90,1,0,1,4,2,52,4,3,0,0,2,3,11,200500030113A01,5,1,1,
200500030114,2005-05-17,2005,mai,mardi,09:57,75,75017,0,0,2,1,3,1,1,4,2,04,1,1,0,120,1,0,1,4,2,31,5,3,0,0,2,3,1,200500030114B01,7,17,1,
200500030119,2005-05-16,2005,mai,lundi,13:15,75,75001,0,0,2,1,6,1,1,4,1,03,1,1,0,90,1,0,1,1,1,19,5,3,0,0,1,1,7,200500030119A01,,,,
200500030127,2005-05-26,2005,mai,jeudi,16:53,75,75019,0,0,2,1,6,1,1,4,2,02,1,1,0,60,1,0,1,1,1,42,1,1,2,0,1,1,1,200500030127A01,,,,
200500030131,2005-05-16,2005,mai,lundi,05:50,75,75013,0,0,2,2,3,2,1,4,2,04,1,1,0,120,1,0,1,4,1,40,1,1,2,0,2,1,1,200500030131B01,7,15,1,
200500030140,2005-05-16,2005,mai,lundi,16:30,75,75015,0,0,2,3,2,1,2,4,1,03,1,1,0,90,2,0,1,4,1,20,5,3,0,0,2,1,7,200500030140A01,7,23,1,
200500030168,2005-05-19,2005,mai,jeudi,13:20,75,75010,0,0,2,1,6,1,1,4,2,04,1,1,0,120,1,0,1,4,1,27,4,1,2,0,1,1,1,200500030168A01,,,,
200500030220,2005-05-11,2005,mai,mercredi,20:03,75,75017,0,0,2,1,3,1,1,4,1,02,1,1,0,60,1,0,1,4,2,76,5,3,0,0,2,1,1,200500030220B01,7,22,1,
200500030231,2005-05-30,2005,mai,lundi,15:45,75,75005,0,0,2,3,6,1,1,4,1,04,1,1,0,120,1,0,1,4,1,30,9,3,0,0,1,1,1,200500030231A01,,,,
200500030243,2005-05-30,2005,mai,lundi,16:25,75,75016,0,0,2,1,6,1,1,4,2,04,1,1,0,120,1,0,1,3,1,32,4,3,0,12,2,3,1,200500030243B01,18,0,1,
200500030253,2005-05-31,2005,mai,mardi,17:35,75,75008,0,0,2,1,6,1,1,4,1,01,1,1,0,30,1,0,4,1,1,13,5,3,0,0,1,1,1,200500030253A01,,,,
200500030268,2005-05-25,2005,mai,mercredi,18:50,75,75006,0,0,2,2,6,1,1,4,2,04,1,1,0,120,1,0,4,1,2,22,5,3,0,0,2,4,7,200500030268B01,18,7,1,
200500030269,2005-05-25,2005,mai,mercredi,12:55,75,75008,0,0,2,4,6,1,1,4,1,01,1,1,0,30,1,0,1,4,2,47,5,3,0,0,2,2,1,200500030269B01,7,22,1,
200500030284,2005-05-25,2005,mai,mercredi,18:07,75,75016,0,0,2,1,1,1,1,4,2,02,1,1,0,60,1,0,1,4,1,46,5,1,2,0,2,1,1,200500030284B01,5,17,1,
200500030300,2005-05-18,2005,mai,mercredi,09:45,75,75006,0,0,2,1,3,1,1,4,2,04,1,1,0,120,1,0,1,4,1,50,4,1,2,0,2,3,11,200500030300A01,7,1,1,
200500030302,2005-05-21,2005,mai,samedi,18:15,75,75003,0,0,2,3,3,1,1,4,1,04,1,1,0,120,1,0,1,4,1,33,5,3,0,0,2,3,7,200500030302B01,7,16,1,
200500030351,2005-05-20,2005,mai,vendredi,19:25,75,75019,0,0,2,1,3,1,1,4,2,02,1,1,0,60,1,0,1,1,1,17,5,3,0,0,2,2,19,200500030351A01,5,1,1,
200500030368,2005-05-22,2005,mai,dimanche,19:55,75,75020,0,0,2,1,6,1,1,4,2,04,1,1,0,120,1,0,1,4,1,18,5,3,0,0,1,1,1,200500030368A01,,,,
200500030369,2005-05-23,2005,mai,lundi,14:50,75,75004,0,0,2,2,2,1,1,4,1,04,1,1,0,120,1,0,1,4,2,26,5,3,0,0,2,1,1,200500030369B01,7,4,1,
200500030383,2005-05-24,2005,mai,mardi,11:00,75,75001,0,0,2,3,3,1,1,4,1,02,1,1,0,60,1,0,1,4,1,38,5,3,0,0,2,6,16,200500030383B01,18,16,1,
200500030385,2005-05-24,2005,mai,mardi,17:45,75,75008,0,0,2,1,6,1,1,4,1,01,1,1,0,30,1,0,1,4,1,32,5,3,0,12,0,2,18,200500030385A01,,,,
200500030392,2005-05-24,2005,mai,mardi,18:00,75,75017,0,0,2,1,3,1,1,4,2,02,1,1,0,60,1,0,1,4,1,12,5,3,0,0,2,1,19,200500030392A01,7,1,1,
200500030396,2005-05-26,2005,mai,jeudi,18:30,75,75007,0,0,2,3,3,1,1,4,2,04,1,1,0,120,1,0,1,4,2,71,5,3,0,0,2,3,15,200500030396A01,7,1,1,
200500030401,2005-05-26,2005,mai,jeudi,20:45,75,75011,0,0,2,1,6,1,1,4,2,04,1,1,0,120,1,0,1,4,2,17,5,3,0,0,2,3,1,200500030401B01,7,0,1,
200500030403,2005-05-26,2005,mai,jeudi,17:00,75,75012,0,0,2,2,7,1,1,4,2,02,1,1,0,60,1,0,1,4,1,39,4,3,0,0,0,2,21,200500030403A01,,,,
200500030411,2005-05-27,2005,mai,vendredi,19:35,75,75003,0,0,2,5,3,1,1,4,1,03,1,1,0,90,1,0,1,4,1,38,9,3,0,0,2,3,7,200500030411B01,14,16,1,
200500030412,2005-05-27,2005,mai,vendredi,14:45,75,75003,0,0,2,1,3,1,1,4,1,02,1,1,0,60,1,0,1,4,1,46,4,3,0,0,2,2,1,200500030412B01,7,22,1,
200500030421,2005-05-27,2005,mai,vendredi,10:45,75,75012,0,0,2,1,7,1,1,4,2,02,1,1,0,60,9,0,1,4,1,49,5,3,0,0,0,2,1,200500030421A01,,,,
200500030423,2005-05-27,2005,mai,vendredi,10:20,75,75015,0,0,2,4,3,1,1,4,2,02,1,1,0,60,1,0,1,4,1,53,9,1,2,0,2,2,17,200500030423A01,7,15,1,
200500030427,2005-05-27,2005,mai,vendredi,16:50,75,75018,0,0,2,1,3,1,1,4,1,01,1,1,0,30,1,0,1,4,1,27,5,3,0,0,2,2,1,200500030427B01,7,22,1,
200500030433,2005-05-28,2005,mai,samedi,21:00,75,75007,0,0,2,1,3,2,1,4,2,02,1,1,0,60,1,0,1,4,2,39,5,3,0,0,2,3,18,200500030433A01,18,1,1,
200500030437,2005-05-28,2005,mai,samedi,17:15,75,75011,0,0,2,1,3,1,1,4,2,04,1,1,0,120,1,0,1,4,1,30,5,3,0,0,2,2,1,200500030437B01,7,22,1,
200500030441,2005-05-28,2005,mai,samedi,17:45,75,75018,0,0,2,3,3,1,1,4,2,03,1,1,0,90,1,0,1,4,1,48,5,1,2,0,2,3,15,200500030441A01,5,1,1,
200500030455,2005-05-29,2005,mai,dimanche,15:05,75,75014,0,0,2,1,6,1,8,4,1,01,1,1,0,30,1,0,4,1,1,13,5,3,0,0,1,1,1,200500030455A01,,,,
200500030466,2005-05-31,2005,mai,mardi,18:04,75,75017,0,0,2,1,6,1,1,4,1,03,1,1,0,90,1,0,1,4,1,34,5,3,0,0,2,3,1,200500030466B01,7,0,1,
200500030485,2005-05-04,2005,mai,mercredi,17:00,75,75020,0,0,2,2,3,1,1,4,2,02,1,1,0,60,1,0,1,4,1,37,5,3,0,0,2,1,1,200500030485B01,7,15,1,
200500030561,2005-05-27,2005,mai,vendredi,16:15,76,76474,0,0,2,1,3,1,1,4,2,02,2,3,0,50,1,0,1,4,1,60,5,3,9,1,0,1,13,200500030561B01,7,22,1,200023414
200500030571,2005-05-29,2005,mai,dimanche,13:20,77,77108,0,0,2,3,6,1,1,4,1,01,1,1,0,40,1,0,1,3,1,10,5,3,9,0,2,7,19,200500030571B01,7,21,1,200057958
200500030617,2005-05-10,2005,mai,mardi,17:05,77,77053,0,0,2,1,3,1,1,3,2,02,1,1,0,100,1,0,1,3,1,12,5,2,4,0,9,2,19,200500030617A01,7,19,1,247700644
200500030641,2005-05-07,2005,mai,samedi,17:40,78,78382,0,0,2,1,1,1,1,4,1,01,2,1,0,46,1,0,1,4,1,15,5,2,2,0,2,1,5,200500030641A01,7,1,1,249500109
200500030647,2005-05-19,2005,mai,jeudi,17:00,78,78172,0,0,2,1,3,1,1,3,2,02,1,1,0,60,1,0,4,4,2,14,0,3,2,0,2,1,1,200500030647B01,10,16,1,200059889
200500030678,2005-05-15,2005,mai,dimanche,14:05,78,78440,0,0,2,2,3,1,1,4,2,02,1,1,0,50,1,0,1,4,2,18,5,2,9,0,2,1,1,200500030678B01,7,1,1,200059889
200500030701,2005-05-12,2005,mai,jeudi,17:10,78,78517,0,0,2,3,3,1,1,4,2,02,1,1,100,68,1,0,1,3,1,14,5,3,2,0,2,1,16,200500030701A01,7,1,1,200073344
200500030725,2005-05-25,2005,mai,mercredi,12:35,78,78621,0,0,2,2,3,1,1,4,3,04,1,1,55,135,1,0,1,3,1,33,1,2,2,0,2,6,13,200500030725B01,7,2,1,200058782
200500030740,2005-05-13,2005,mai,vendredi,18:20,78,78117,0,0,2,3,3,1,1,5,2,02,1,1,0,40,-1,0,1,4,1,5,5,2,9,0,2,6,1,200500030740B01,7,1,1,247800584
200500030752,2005-05-27,2005,mai,vendredi,19:05,78,78343,0,0,1,1,2,1,7,3,2,04,1,1,0,130,1,0,1,4,1,29,5,2,2,0,2,1,1,200500030752A01,7,1,1,247800584
200500030760,2005-05-18,2005,mai,mercredi,19:15,78,78650,0,0,2,3,3,1,1,4,2,02,1,1,0,67,1,0,1,4,1,16,5,3,4,0,0,1,1,200500030760B01,7,15,1,200058519
200500030777,2005-05-22,2005,mai,dimanche,18:42,80,80021,0,0,2,2,3,1,1,4,2,02,1,-1,0,50,1,0,1,4,2,20,5,3,9,0,2,1,1,200500030777A01,7,1,1,248000531
200500030783,2005-05-28,2005,mai,samedi,19:20,80,80021,0,0,2,2,3,1,1,4,2,03,1,1,0,60,1,0,1,4,2,20,5,2,9,0,2,1,1,200500030783A01,7,15,1,248000531
200500030785,2005-05-31,2005,mai,mardi,18:55,80,80021,0,0,2,3,3,1,1,4,2,02,1,1,0,70,1,0,1,3,2,10,5,2,9,0,2,1,19,200500030785A01,7,1,1,248000531
200500030786,2005-05-30,2005,mai,lundi,20:05,80,80021,0,0,2,2,3,1,1,4,2,02,1,1,0,90,1,0,1,4,1,16,5,3,9,0,2,1,19,200500030786A01,7,1,1,248000531
200500030811,2005-05-02,2005,mai,lundi,08:50,82,82121,0,0,2,2,3,1,1,2,2,02,1,1,0,0,1,0,0,3,1,22,1,2,9,0,2,1,15,200500030811A01,10,1,1,248200099
200500030818,2005-05-20,2005,mai,vendredi,20:10,82,82121,0,0,2,2,3,1,1,4,2,02,1,1,0,0,1,0,1,4,1,21,1,2,9,0,2,1,19,200500030818B01,2,19,1,248200099
200500030840,2005-05-28,2005,mai,samedi,18:25,83,83009,0,0,2,9,6,1,1,3,1,02,1,2,0,82,1,5,1,4,2,43,5,3,9,0,0,0,0,200500030840A01,,,,248300394
200500030859,2005-05-04,2005,mai,mercredi,07:45,83,83090,0,0,1,1,2,1,7,4,2,01,3,1,0,50,1,0,1,3,2,36,1,1,2,0,0,4,1,200500030859B01,7,1,1,248300543
200500030862,2005-05-08,2005,mai,dimanche,18:10,83,83090,0,0,1,1,6,1,1,2,2,01,-1,-1,0,50,1,0,1,3,1,54,5,3,9,0,2,7,2,200500030862B01,7,2,1,248300543
200500030877,2005-05-23,2005,mai,lundi,07:25,83,83137,0,0,2,1,3,1,1,4,2,02,1,1,0,60,1,0,1,3,1,44,1,1,2,0,2,0,1,200500030877B01,7,15,1,248300543
200500030901,2005-05-09,2005,mai,lundi,08:20,84,84007,0,0,2,1,2,1,1,2,2,02,1,1,0,80,1,0,5,4,1,24,1,2,9,0,2,1,1,200500030901B01,10,23,1,248400251
200500030912,2005-05-20,2005,mai,vendredi,12:15,84,84007,0,0,2,1,3,1,1,4,1,00,1,1,0,40,1,0,1,4,2,12,2,3,2,0,2,8,19,200500030912B01,7,1,1,248400251
200500030914,2005-05-21,2005,mai,samedi,11:30,84,84007,0,0,2,6,3,1,1,4,2,02,1,1,0,100,1,0,1,4,2,15,5,3,2,0,2,1,19,200500030914B01,7,1,1,248400251
200500030917,2005-05-26,2005,mai,jeudi,09:30,84,84007,0,0,2,1,3,1,1,2,2,02,1,1,0,0,1,0,5,4,1,70,3,2,9,0,2,4,1,200500030917B01,2,18,1,248400251
200500030928,2005-05-26,2005,mai,jeudi,11:10,84,84035,0,0,2,1,1,1,1,4,2,00,-1,-1,0,77,1,0,1,4,1,18,0,3,9,0,2,0,1,200500030928B01,7,1,1,200040442
200500030935,2005-05-17,2005,mai,mardi,14:20,85,85191,0,0,2,1,3,1,1,4,2,02,1,1,0,70,1,0,1,4,2,51,1,2,9,1,0,1,2,200500030935B01,7,22,1,248500589
200500030937,2005-05-10,2005,mai,mardi,11:50,85,85191,0,0,2,1,7,1,1,4,2,02,1,3,0,50,1,0,1,3,1,49,5,3,2,0,0,1,2,200500030937A01,,,,248500589
200500030938,2005-05-28,2005,mai,samedi,18:55,85,85191,0,0,2,2,3,1,1,4,2,02,1,1,0,98,1,0,1,4,1,45,0,2,2,0,2,1,2,200500030938B01,7,15,1,248500589
200500030940,2005-05-01,2005,mai,dimanche,16:10,85,85194,0,0,2,1,7,1,1,4,2,00,1,1,0,0,2,0,1,4,1,78,5,1,9,0,0,0,1,200500030940A01,,,,200071165
200500030941,2005-05-08,2005,mai,dimanche,17:00,85,85194,0,0,2,1,2,1,1,4,2,00,1,1,0,0,1,0,1,4,2,19,5,1,2,0,2,4,1,200500030941B01,7,1,1,200071165
200500030945,2005-05-28,2005,mai,samedi,21:30,85,85194,0,0,2,1,2,5,1,4,2,00,1,1,0,0,1,0,1,4,1,16,5,1,2,0,2,1,1,200500030945A01,7,1,1,200071165
200500030952,2005-05-04,2005,mai,mercredi,17:30,86,86194,0,0,1,1,6,1,1,6,-1,00,1,1,0,0,1,6,0,1,1,31,5,3,9,0,1,2,14,200500030952A01,,,,200069854
200500030960,2005-05-20,2005,mai,vendredi,15:35,86,86041,0,0,2,6,2,1,1,4,2,02,1,1,0,60,1,0,1,4,2,32,0,2,9,0,2,4,1,200500030960B01,7,2,1,200069854
200500031032,2005-05-11,2005,mai,mercredi,13:57,90,90001,0,0,2,3,3,1,1,3,2,02,1,-1,0,60,-1,0,0,4,1,43,5,3,9,0,2,7,1,200500031032B01,7,13,1,200069052
200500031033,2005-05-12,2005,mai,jeudi,13:25,90,90010,0,0,2,2,1,1,1,3,2,02,1,1,0,0,1,5,1,3,1,36,3,2,2,0,0,1,1,200500031033B01,7,1,1,200069052
200500031044,2005-05-30,2005,mai,lundi,17:45,90,90010,0,0,2,7,3,1,1,6,1,01,1,1,0,44,2,0,1,4,1,17,5,3,9,0,2,1,19,200500031044B01,7,2,1,200069052
200500031047,2005-05-08,2005,mai,dimanche,09:00,91,91457,0,0,2,1,3,1,1,4,1,01,1,1,0,0,1,0,1,4,2,43,0,3,9,0,2,1,1,200500031047B01,7,22,1,200057859
200500031055,2005-05-27,2005,mai,vendredi,13:00,91,91103,0,0,2,1,6,1,1,4,-1,02,1,-1,0,0,1,0,1,4,1,37,0,3,9,0,2,1,15,200500031055A01,7,1,1,200057859
200500031078,2005-05-12,2005,mai,jeudi,12:50,91,91433,0,0,1,1,2,1,1,3,2,02,1,1,0,720,1,0,1,4,1,44,1,1,2,1,0,1,2,200500031078A01,10,23,1,200017846
200500031087,2005-05-11,2005,mai,mercredi,13:45,91,91228,0,0,2,1,3,1,1,4,2,00,1,1,0,60,1,0,1,4,1,13,5,3,2,0,2,8,1,200500031087B01,7,0,1,200059228
200500031093,2005-05-16,2005,mai,lundi,15:20,91,91228,0,0,2,2,3,1,1,4,2,02,1,1,0,0,1,5,1,4,1,41,5,3,9,0,2,1,1,200500031093A01,7,1,1,200059228
200500031094,2005-05-18,2005,mai,mercredi,15:33,91,91228,0,0,2,1,3,1,1,2,1,01,1,1,0,30,1,0,1,4,1,52,4,2,9,0,2,1,9,200500031094A01,7,1,1,200059228
200500031099,2005-05-31,2005,mai,mardi,19:55,91,91228,0,0,2,1,3,1,1,9,2,02,1,1,0,75,1,0,1,4,1,15,5,3,2,0,2,1,19,200500031099B01,18,1,1,200059228
200500031109,2005-05-22,2005,mai,dimanche,17:30,91,91191,0,0,2,1,3,1,1,4,2,02,1,1,0,70,1,0,2,3,1,6,5,3,9,0,2,1,1,200500031109B01,7,1,1,200058477
200500031112,2005-05-31,2005,mai,mardi,16:05,91,91421,0,0,2,1,3,1,1,4,2,02,1,1,0,70,1,0,1,4,1,38,5,1,2,0,0,1,1,200500031112B01,10,10,1,200058477
200500031113,2005-05-01,2005,mai,dimanche,20:20,91,91477,0,0,2,1,3,2,1,3,2,02,1,1,0,0,1,0,1,4,1,60,5,2,2,0,2,1,18,200500031113B01,7,20,1,200056232
200500031117,2005-05-25,2005,mai,mercredi,11:25,91,91645,0,0,2,1,3,1,1,4,2,02,1,1,0,0,1,0,1,4,1,65,5,1,2,1,0,7,1,200500031117B01,7,24,1,200056232
200500031119,2005-05-10,2005,mai,mardi,14:15,91,91064,0,0,2,1,2,1,1,4,2,02,1,3,0,0,1,0,1,4,1,47,5,1,2,0,2,4,1,200500031119B01,7,16,1,247800584
200500031122,2005-05-31,2005,mai,mardi,19:25,91,91477,0,0,2,2,2,1,1,3,2,03,1,1,0,87,1,5,1,3,1,30,5,2,2,0,2,1,2,200500031122A01,7,23,1,200056232
200500031129,2005-05-07,2005,mai,samedi,17:30,92,92014,0,0,2,1,3,1,1,2,3,03,1,1,21,110,1,0,1,4,1,10,5,2,2,0,2,1,9,200500031129B01,7,2,1,200054781
200500031140,2005-05-21,2005,mai,samedi,19:15,92,92009,0,0,2,3,6,2,1,3,1,00,1,1,0,60,1,0,1,4,1,17,5,3,9,0,2,1,21,200500031140A01,7,21,1,200054781
200500031157,2005-05-27,2005,mai,vendredi,05:25,92,92012,0,0,2,1,6,2,1,3,2,00,1,1,40,120,1,0,1,4,1,36,9,2,9,0,2,1,2,200500031157B01,7,13,1,200054781
200500031201,2005-05-19,2005,mai,jeudi,13:20,92,92025,0,0,2,3,3,1,1,3,2,07,-1,-1,0,270,1,0,1,3,1,15,2,2,9,0,2,2,5,200500031201A01,7,1,1,200054781