Num_Acc,date,an,mois,jour,hrmn,dep,com,lat,long,agg,int,col,lum,atm,catr,circ,nbv,prof,plan,lartpc,larrout,surf,infra,situ,grav,sexe,age,trajet,secuexist,equipement,obs,obsm,choc,manv,vehiculeid,typevehicules,manoeuvehicules,numVehicules,_infos_commune.code_epci
200500031220,2005-05-28,2005,mai,samedi,12:05,92,92040,0,0,2,1,6,1,1,3,2,04,2,3,0,110,1,0,1,4,2,79,5,3,0,0,1,1,2,200500031220A01,,,,200054781
200500031232,2005-05-01,2005,mai,dimanche,16:20,92,92048,0,0,2,1,7,1,1,3,2,00,2,4,0,40,1,0,1,4,1,61,5,3,9,0,0,0,2,200500031232A01,,,,200054781
200500031244,2005-05-19,2005,mai,jeudi,10:10,92,92020,0,0,2,1,6,1,1,3,1,01,2,1,0,0,1,0,5,4,2,41,0,3,9,0,1,0,2,200500031244A01,,,,200054781
200500031259,2005-05-09,2005,mai,lundi,18:40,92,92050,0,0,2,1,7,1,1,4,1,01,1,1,0,30,1,0,1,4,1,9,5,2,2,0,0,0,1,200500031259A01,,,,200054781
200500031261,2005-05-11,2005,mai,mercredi,10:45,92,92050,0,0,2,2,3,1,1,4,1,01,1,1,0,40,1,0,1,4,1,45,9,2,2,0,2,8,5,200500031261A01,7,1,1,200054781
200500031332,2005-05-23,2005,mai,lundi,12:40,93,93001,0,0,2,2,3,1,1,4,2,02,1,1,0,0,1,0,1,3,1,36,5,2,9,0,2,1,0,200500031332A01,10,19,1,200054781
200500031408,2005-05-28,2005,mai,samedi,20:15,93,93046,0,0,2,2,2,1,1,4,2,02,1,1,0,80,1,0,1,3,1,61,5,2,9,0,0,4,2,200500031408B01,7,2,1,200054781
200500031409,2005-05-01,2005,mai,dimanche,15:55,93,93048,0,0,2,4,3,1,1,4,-1,02,-1,-1,100,100,1,0,1,3,1,42,0,3,9,0,0,0,0,200500031409B01,7,0,1,200054781
200500031414,2005-05-21,2005,mai,samedi,15:40,93,93048,0,0,2,1,6,1,1,4,1,00,1,1,0,0,1,0,1,3,1,41,0,3,0,1,0,7,22,200500031414B01,7,22,1,200054781
200500031416,2005-05-24,2005,mai,mardi,14:00,93,93048,0,0,2,1,6,1,1,4,1,01,1,1,0,80,1,0,1,3,1,34,0,1,2,0,2,4,2,200500031416B01,13,2,1,200054781
200500031424,2005-05-12,2005,mai,jeudi,19:30,93,93049,0,0,2,1,3,1,1,4,2,02,1,1,0,100,1,0,4,4,1,16,5,3,9,0,2,1,5,200500031424A01,7,23,1,200054781
200500031438,2005-05-18,2005,mai,mercredi,17:55,93,93053,0,0,2,1,6,1,1,4,2,01,2,4,0,15,1,0,5,4,1,52,0,1,2,0,2,0,1,200500031438A01,,,,200054781
200500031441,2005-05-18,2005,mai,mercredi,17:45,93,93053,0,0,2,1,6,1,1,4,2,01,2,2,10,60,1,0,1,4,1,52,0,3,2,0,2,0,2,200500031441A01,,,,200054781
200500031448,2005-05-28,2005,mai,samedi,02:45,93,93055,0,0,2,1,1,5,1,3,2,02,1,1,0,50,1,0,1,4,1,14,0,1,4,0,2,1,1,200500031448B01,7,13,1,200054781
200500031466,2005-05-05,2005,mai,jeudi,23:00,93,93066,0,0,2,2,3,5,1,4,2,04,1,1,80,80,1,5,1,3,1,16,5,3,9,0,9,3,19,200500031466B01,4,19,1,200054781
200500031467,2005-05-06,2005,mai,vendredi,19:50,93,93066,0,0,2,1,6,1,1,9,-1,01,1,-1,40,40,1,0,3,3,2,28,0,3,0,0,0,0,21,200500031467A01,,,,200054781
200500031478,2005-05-28,2005,mai,samedi,13:21,93,93070,0,0,2,1,6,1,1,4,2,00,1,1,0,0,1,0,1,3,1,24,0,3,9,1,0,1,1,200500031478A01,,,,200054781
200500031484,2005-05-24,2005,mai,mardi,17:50,93,93071,0,0,2,9,3,1,1,4,2,00,1,-1,0,50,1,0,1,4,1,6,5,3,9,1,2,1,0,200500031484B01,7,1,1,200054781
200500031538,2005-05-07,2005,mai,samedi,16:25,94,94055,0,0,2,1,3,1,1,9,-1,01,1,1,0,60,1,0,0,4,1,15,0,2,2,0,2,1,19,200500031538A01,7,2,1,200054781
200500031540,2005-05-08,2005,mai,dimanche,18:25,94,94079,0,0,2,3,3,1,1,5,-1,01,1,1,0,40,1,0,0,3,1,9,5,3,9,0,2,1,1,200500031540B01,7,0,1,200054781
200500031572,2005-05-27,2005,mai,vendredi,15:25,94,94011,0,0,2,2,3,1,1,2,2,04,1,1,0,120,1,0,1,4,1,73,5,3,9,0,2,0,2,200500031572B01,7,19,1,200054781
200500031595,2005-05-23,2005,mai,lundi,17:45,94,94046,0,0,2,1,6,1,1,2,2,04,-1,1,0,0,1,0,0,4,1,47,1,3,9,0,2,1,18,200500031595B01,7,23,1,200054781
200500031614,2005-05-11,2005,mai,mercredi,14:45,94,94081,0,0,2,3,3,1,1,3,2,04,1,2,0,55,1,0,1,4,1,74,0,3,2,0,2,0,1,200500031614B01,7,16,1,200054781
200500031616,2005-05-17,2005,mai,mardi,07:45,94,94081,0,0,2,3,6,1,1,4,-1,02,2,1,0,45,1,0,1,4,1,44,1,1,2,0,2,1,1,200500031616B01,7,1,1,200054781
200500031620,2005-05-24,2005,mai,mardi,07:55,94,94081,0,0,2,1,2,1,1,3,2,00,-1,1,0,65,1,0,1,4,1,36,1,3,2,0,2,1,1,200500031620B01,7,10,1,200054781
200500031637,2005-05-13,2005,mai,vendredi,19:20,95,95176,0,0,2,2,7,1,1,3,2,02,1,1,0,65,1,0,1,3,2,64,1,3,4,16,0,7,16,200500031637A01,,,,200058485
200500031645,2005-05-24,2005,mai,mardi,15:40,95,95018,0,0,2,2,2,1,1,3,2,04,1,1,0,110,1,5,1,4,1,31,5,3,4,0,2,4,16,200500031645B01,7,1,1,200054781
200500031646,2005-05-24,2005,mai,mardi,16:45,95,95018,0,0,2,1,3,1,1,4,2,04,1,1,0,120,1,0,1,4,1,40,5,2,9,0,2,1,1,200500031646B01,7,22,1,200054781
200500031676,2005-05-22,2005,mai,dimanche,09:25,95,95219,0,0,2,1,3,1,1,4,1,01,1,2,0,35,1,0,1,4,1,66,0,3,9,0,0,5,1,200500031676B01,7,1,1,200058485
200500031684,2005-05-16,2005,mai,lundi,14:45,95,95280,0,0,2,1,3,1,8,4,2,02,1,1,0,60,1,0,1,4,2,65,0,3,0,0,2,7,1,200500031684B01,7,24,1,200055655
200500031690,2005-05-08,2005,mai,dimanche,13:15,95,95306,0,0,2,1,7,1,1,4,2,01,1,1,0,50,1,0,1,4,1,38,5,1,2,0,0,2,2,200500031690A01,,,,200058485
200500031692,2005-05-20,2005,mai,vendredi,16:40,95,95306,0,0,2,1,7,1,1,9,-1,01,2,4,0,30,1,0,1,4,1,15,5,2,9,0,0,7,2,200500031692A01,,,,200058485
200500031874,2005-05-16,2005,mai,lundi,17:00,91,91136,0,0,1,1,2,1,2,2,3,04,3,3,15,140,2,0,1,4,1,50,0,1,2,0,2,4,1,200500031874B01,7,2,1,200056232
200500031930,2005-05-22,2005,mai,dimanche,16:15,69,69123,0,0,2,1,6,1,1,4,1,02,1,1,0,88,1,0,1,1,1,14,5,3,9,0,1,1,1,200500031930A01,,,,200046977
200500031976,2005-05-16,2005,mai,lundi,13:05,69,69386,0,0,2,1,1,1,1,4,1,00,1,1,0,0,1,0,1,3,1,37,5,3,9,0,2,1,1,200500031976A01,7,1,1,200046977
200500031977,2005-05-20,2005,mai,vendredi,14:40,69,69383,0,0,2,2,3,1,1,4,1,01,1,1,0,0,1,0,1,4,1,54,5,3,9,0,2,7,1,200500031977B01,7,1,1,200046977
200500031984,2005-05-27,2005,mai,vendredi,19:40,69,69383,0,0,2,1,3,1,1,4,2,04,1,1,0,0,1,0,1,4,2,24,4,3,9,0,2,1,1,200500031984B01,7,15,1,200046977
200500032017,2005-05-23,2005,mai,lundi,17:15,69,69385,0,0,2,1,3,1,1,3,3,02,1,1,28,30,1,0,1,3,1,10,5,3,9,0,2,1,19,200500032017B01,7,1,1,200046977
200500032044,2005-05-25,2005,mai,mercredi,18:00,69,69388,0,0,2,2,6,1,1,4,2,02,1,1,0,0,1,0,1,4,1,13,5,3,9,0,2,1,19,200500032044B01,7,2,1,200046977
200500032045,2005-05-31,2005,mai,mardi,14:33,69,69383,0,0,2,1,3,1,1,4,2,02,1,1,0,0,1,0,0,4,1,19,0,3,0,0,2,1,19,200500032045B01,7,2,1,200046977
200500032141,2005-04-04,2005,avril,lundi,18:00,69,69299,0,0,1,1,1,1,1,3,2,02,1,-1,0,0,1,0,1,2,1,14,5,3,0,0,0,7,10,200500032141B02,7,17,1,246900575
200500032187,2005-03-29,2005,mars,mardi,12:20,69,69387,0,0,2,1,6,1,1,4,2,03,1,1,0,178,1,0,1,4,1,39,1,3,9,1,2,1,19,200500032187B01,7,22,1,200046977
200500032191,2005-06-26,2005,juin,dimanche,14:15,01,01053,0,0,1,1,6,1,1,4,2,00,1,1,0,50,1,0,1,3,1,5,5,2,2,0,2,1,1,200500032191A01,7,1,1,200071751
200500032196,2005-06-25,2005,juin,samedi,15:17,01,01289,0,0,1,3,3,1,1,4,2,02,4,2,0,60,1,0,1,4,1,43,5,2,2,0,1,1,1,200500032196B01,7,15,1,200071751
200500032221,2005-06-22,2005,juin,mercredi,19:05,03,03310,0,0,2,1,2,1,1,4,2,02,1,1,0,90,1,0,1,4,1,12,5,3,2,14,0,1,2,200500032221A01,7,23,1,200071363
200500032229,2005-06-17,2005,juin,vendredi,09:00,05,05023,0,0,2,2,7,1,1,3,2,02,2,1,0,76,1,0,1,4,1,16,5,1,2,0,0,0,1,200500032229B01,7,15,1,240500439
200500032236,2005-06-14,2005,juin,mardi,06:35,05,05061,0,0,2,3,3,1,1,4,1,02,1,1,0,80,2,0,1,3,1,60,1,1,4,0,2,1,15,200500032236B01,10,1,1,200067825
200500032242,2005-06-10,2005,juin,vendredi,10:00,06,06004,0,0,2,1,2,1,1,3,2,00,1,1,0,70,1,0,1,3,2,60,5,3,0,0,0,0,0,200500032242B01,5,1,1,240600585
200500032275,2005-06-22,2005,juin,mercredi,11:30,06,06027,0,0,2,4,2,1,1,4,2,02,1,-1,0,56,1,0,1,4,1,74,0,2,2,0,2,1,1,200500032275A01,7,1,1,200030195
200500032283,2005-06-02,2005,juin,jeudi,08:55,06,06029,0,0,2,1,3,1,1,6,1,01,1,1,10,50,1,0,1,3,1,26,2,1,9,0,0,0,5,200500032283B01,7,1,1,200039915
200500032299,2005-06-09,2005,juin,jeudi,18:10,06,06029,0,0,2,6,3,1,2,4,2,02,1,1,0,100,2,0,1,4,1,51,0,3,9,0,2,1,9,200500032299B01,7,9,1,200039915
200500032310,2005-06-15,2005,juin,mercredi,20:23,06,06030,0,0,2,1,3,1,1,4,2,02,1,1,0,71,1,0,1,3,1,16,5,3,9,0,2,1,1,200500032310B01,7,9,1,200039915
200500032313,2005-06-17,2005,juin,vendredi,16:16,06,06029,0,0,2,1,7,1,1,2,2,02,1,1,0,80,1,0,1,1,1,13,5,3,9,0,0,0,13,200500032313B01,4,1,1,200039915
200500032322,2005-06-24,2005,juin,vendredi,09:53,06,06029,0,0,2,1,3,1,1,2,2,00,1,1,0,98,1,0,1,4,1,54,5,3,9,0,2,7,2,200500032322B01,3,14,1,200039915
200500032331,2005-06-27,2005,juin,lundi,11:13,06,06029,0,0,2,1,3,1,1,2,2,02,1,1,0,92,1,0,1,4,1,36,5,1,9,0,2,2,1,200500032331B01,7,22,1,200039915
200500032336,2005-06-30,2005,juin,jeudi,19:10,06,06029,0,0,2,1,3,1,1,2,2,04,1,1,0,138,1,0,1,4,2,21,5,3,9,0,2,2,1,200500032336B01,7,22,1,200039915
200500032339,2005-06-03,2005,juin,vendredi,15:40,06,06069,0,0,2,1,2,1,1,3,2,02,1,3,0,78,1,0,1,4,2,13,5,2,9,0,0,4,16,200500032339B01,7,1,1,200039857
200500032396,2005-06-07,2005,juin,mardi,08:15,06,06088,0,0,2,1,3,1,1,4,1,03,1,1,0,0,1,0,1,4,1,15,2,3,9,0,2,8,19,200500032396A01,7,1,1,200030195
200500032398,2005-06-07,2005,juin,mardi,17:00,06,06088,0,0,2,1,3,1,1,4,3,04,1,1,50,120,1,0,1,4,1,33,5,3,9,0,2,4,21,200500032398B01,7,12,1,200030195
200500032411,2005-06-10,2005,juin,vendredi,13:20,06,06088,0,0,2,1,3,1,1,4,1,03,1,1,0,64,1,0,0,4,2,59,1,3,2,0,2,1,1,200500032411B01,7,0,1,200030195
200500032439,2005-06-16,2005,juin,jeudi,17:50,06,06088,0,0,2,1,3,1,1,2,2,03,2,1,0,80,1,0,1,4,1,30,9,3,9,0,2,1,1,200500032439B01,7,16,1,200030195
200500032445,2005-06-17,2005,juin,vendredi,14:00,06,06088,0,0,2,1,6,1,1,4,1,02,1,1,0,65,1,0,1,4,1,21,5,3,9,1,0,1,1,200500032445B01,7,22,1,200030195
200500032503,2005-06-28,2005,juin,mardi,06:45,06,06088,0,0,2,2,3,2,1,4,3,03,1,1,50,80,1,0,1,4,2,23,5,3,9,0,2,8,19,200500032503A01,5,1,1,200030195
200500032509,2005-06-28,2005,juin,mardi,20:00,06,06088,0,0,2,1,3,1,1,4,3,02,1,1,0,0,1,0,4,4,2,45,9,3,9,0,2,1,1,200500032509A01,7,9,1,200030195
200500032512,2005-06-29,2005,juin,mercredi,18:05,06,06088,0,0,2,1,6,1,1,4,1,01,1,1,0,67,1,0,1,4,1,11,5,3,9,0,2,1,19,200500032512A01,5,15,1,200030195
200500032519,2005-06-29,2005,juin,mercredi,23:30,06,06088,0,0,2,1,2,5,1,2,3,03,1,1,0,100,1,0,1,4,1,26,5,3,2,0,2,4,14,200500032519B01,5,1,1,200030195
200500032532,2005-06-03,2005,juin,vendredi,17:30,07,07281,0,0,2,3,3,1,1,4,2,02,1,1,0,59,1,0,1,4,2,9,2,1,2,0,2,1,9,200500032532A01,7,2,1,200041366
200500032542,2005-06-08,2005,juin,mercredi,14:50,09,09122,0,0,1,1,6,1,1,4,2,02,1,1,0,150,1,0,0,4,1,50,5,3,9,0,2,1,1,200500032542B01,7,16,1,200067791
200500032548,2005-06-15,2005,juin,mercredi,20:00,09,09225,0,0,1,1,7,1,1,3,2,02,1,1,0,60,1,0,1,3,2,15,5,3,2,0,9,0,13,200500032548B01,2,14,1,200066231
200500032597,2005-06-02,2005,juin,jeudi,08:00,13,13047,0,0,2,6,3,1,1,4,1,02,1,1,0,700,1,0,1,4,1,57,1,2,9,0,0,8,9,200500032597A01,7,2,1,200054807
200500032599,2005-06-27,2005,juin,lundi,13:55,13,13047,0,0,1,1,1,1,1,4,2,02,2,2,0,55,1,0,1,3,1,17,5,1,2,0,2,1,5,200500032599A01,7,1,1,200054807
200500032604,2005-06-06,2005,juin,lundi,19:20,13,13054,0,0,2,1,6,1,1,4,2,02,1,1,0,52,1,0,1,3,1,8,5,3,9,0,2,8,19,200500032604A01,7,1,1,200054807
200500032615,2005-06-26,2005,juin,dimanche,19:30,13,13054,0,0,2,1,3,1,1,4,2,02,-1,-1,0,50,2,0,1,4,1,15,5,3,9,0,0,0,15,200500032615B01,7,2,1,200054807
200500032644,2005-06-04,2005,juin,samedi,12:45,13,13055,0,0,2,1,1,1,1,4,2,02,2,1,0,80,1,0,1,3,1,6,5,3,9,0,2,8,13,200500032644B01,7,0,1,200054807
200500032647,2005-06-07,2005,juin,mardi,15:00,13,13055,0,0,1,1,6,1,1,3,2,02,2,1,0,100,1,0,5,4,1,37,5,3,9,0,1,1,1,200500032647A01,,,,200054807
200500032725,2005-06-22,2005,juin,mercredi,19:15,13,13055,0,0,2,2,6,1,1,4,1,01,1,1,0,0,1,0,1,3,1,28,0,3,0,0,2,1,0,200500032725B01,7,1,1,200054807
200500032757,2005-06-22,2005,juin,mercredi,13:05,13,13055,0,0,2,6,6,1,1,4,-1,01,1,-1,0,0,1,5,1,3,1,35,1,3,9,15,0,0,16,200500032757A01,,,,200054807
200500032801,2005-06-05,2005,juin,dimanche,17:40,13,13055,0,0,2,9,1,1,1,9,2,01,2,1,0,0,1,0,1,3,1,10,5,3,0,0,0,0,0,200500032801B01,7,0,1,200054807
200500032829,2005-06-27,2005,juin,lundi,19:50,13,13055,0,0,2,3,3,5,1,4,2,00,1,1,0,110,1,0,1,4,1,9,5,3,9,0,0,0,0,200500032829B01,7,0,1,200054807
200500032830,2005-06-13,2005,juin,lundi,18:30,13,13055,0,0,2,6,3,1,1,2,3,02,-1,3,0,0,1,0,1,4,1,32,0,3,9,0,2,3,9,200500032830B01,7,1,1,200054807
200500032846,2005-06-18,2005,juin,samedi,17:00,13,13055,0,0,2,1,1,1,1,4,2,01,2,3,0,0,1,0,1,4,1,14,0,1,9,0,2,1,1,200500032846B01,7,1,1,200054807
200500032877,2005-06-29,2005,juin,mercredi,14:10,13,13039,0,0,2,1,3,1,1,4,2,00,1,1,0,0,1,0,1,2,1,12,5,2,2,0,0,6,2,200500032877B01,7,2,1,200054807
200500032883,2005-06-05,2005,juin,dimanche,11:00,13,13103,0,0,2,1,1,1,1,3,2,02,2,-1,0,50,1,0,1,3,1,49,5,1,2,0,2,1,1,200500032883B01,7,15,1,200054807
200500032901,2005-06-14,2005,juin,mardi,18:51,13,13071,0,0,2,3,3,1,1,2,2,00,1,1,0,0,1,0,1,3,1,13,5,2,2,0,2,1,17,200500032901A01,7,1,1,200054807
200500032928,2005-06-21,2005,juin,mardi,14:00,14,14118,0,0,1,1,3,1,1,4,3,02,1,3,25,60,1,0,5,3,1,36,1,1,2,0,0,4,9,200500032928B01,14,9,1,200065597
200500032941,2005-06-15,2005,juin,mercredi,12:50,15,15014,0,0,2,6,2,1,1,2,1,02,1,2,200,100,1,5,1,2,1,73,5,2,2,0,2,7,12,200500032941A01,7,21,1,241500230
200500032942,2005-06-02,2005,juin,jeudi,18:35,16,16291,0,0,1,1,6,1,1,4,2,02,1,1,0,60,1,0,1,3,1,28,5,1,2,0,2,4,1,200500032942B01,7,1,1,200071827
200500032959,2005-06-05,2005,juin,dimanche,18:25,17,17200,0,0,2,2,3,1,1,4,2,02,1,1,0,52,1,0,1,4,2,12,5,3,9,0,2,1,5,200500032959B01,7,1,1,241700434
200500032960,2005-06-07,2005,juin,mardi,16:15,17,17200,0,0,2,1,2,1,1,4,2,02,1,1,0,48,1,2,5,3,1,26,1,2,2,0,2,4,1,200500032960B01,18,14,1,241700434
200500032963,2005-06-09,2005,juin,jeudi,18:10,17,17200,0,0,2,2,2,1,1,4,1,02,1,1,0,52,1,0,1,4,2,54,5,1,2,0,2,1,1,200500032963B01,7,16,1,241700434
200500032973,2005-06-15,2005,juin,mercredi,16:50,17,17200,0,0,2,3,2,1,2,2,1,02,3,3,0,54,2,3,0,4,2,57,5,3,9,0,2,4,1,200500032973B01,7,16,1,241700434
200500032975,2005-06-17,2005,juin,vendredi,12:20,17,17300,0,0,2,6,3,1,1,4,2,02,1,1,0,60,1,5,1,4,1,30,5,3,9,0,2,7,1,200500032975B01,7,1,1,241700434
200500032992,2005-06-14,2005,juin,mardi,09:40,17,17415,0,0,2,1,2,1,1,4,2,02,2,1,0,80,1,0,1,4,1,22,5,1,2,0,2,1,2,200500032992B01,5,1,1,200036473
200500032999,2005-06-05,2005,juin,dimanche,20:20,18,18033,0,0,2,2,3,1,2,4,2,04,1,1,0,180,2,0,1,3,1,18,5,3,9,0,2,1,19,200500032999A01,7,1,1,241800507
200500033003,2005-06-23,2005,juin,jeudi,10:30,18,18033,0,0,2,2,3,1,1,4,2,04,1,2,0,120,4,0,1,3,1,53,5,3,9,0,0,8,1,200500033003B01,7,16,1,241800507
200500033013,2005-06-11,2005,juin,samedi,12:15,18,18279,0,0,2,1,3,1,1,2,2,02,1,1,0,70,1,0,1,4,1,67,5,1,2,0,2,4,13,200500033013B01,2,17,1,200090561
200500033028,2005-06-19,2005,juin,dimanche,17:35,19,19031,0,0,2,1,2,1,1,4,2,02,1,1,0,65,1,0,1,3,1,75,5,2,9,0,2,1,2,200500033028B01,7,1,1,200043172
200500033041,2005-06-13,2005,juin,lundi,13:45,21,21054,0,0,2,2,3,1,1,4,2,02,-1,1,0,0,1,0,1,4,1,78,5,3,2,0,2,1,2,200500033041B01,7,9,1,200006682
200500033042,2005-06-16,2005,juin,jeudi,07:35,21,21054,0,0,2,1,6,1,1,2,2,02,1,1,0,60,1,0,1,1,1,16,2,1,2,0,1,1,2,200500033042A01,,,,200006682
200500033044,2005-06-30,2005,juin,jeudi,05:50,21,21054,0,0,2,1,1,2,1,4,1,01,1,1,0,0,1,0,1,3,1,22,1,2,2,0,2,1,5,200500033044A01,7,2,1,200006682
200500033052,2005-06-03,2005,juin,vendredi,13:40,21,21231,0,0,2,3,3,1,1,4,3,02,4,1,0,70,1,0,1,4,1,18,2,3,2,0,2,1,9,200500033052A01,7,16,1,242100410
200500033057,2005-06-10,2005,juin,vendredi,16:25,21,21231,0,0,2,6,2,1,1,4,1,01,1,1,0,68,1,0,1,4,1,13,2,3,2,0,2,3,19,200500033057B01,2,1,1,242100410
200500033065,2005-06-16,2005,juin,jeudi,19:05,21,21231,0,0,2,2,3,1,1,4,1,01,1,1,0,50,1,5,1,4,1,47,1,3,2,0,2,1,1,200500033065B01,7,1,1,242100410
200500033076,2005-06-29,2005,juin,mercredi,18:42,21,21231,0,0,2,3,3,1,1,4,1,01,1,1,0,35,1,5,1,4,1,24,5,2,2,0,2,2,1,200500033076B01,7,16,1,242100410
200500033083,2005-06-10,2005,juin,vendredi,15:50,22,22278,0,0,2,1,2,1,1,4,2,02,1,1,0,106,1,0,5,3,1,66,5,1,2,0,2,4,1,200500033083B01,2,18,1,200069409
200500033114,2005-06-09,2005,juin,jeudi,08:15,25,25056,0,0,2,1,2,1,1,4,2,02,1,-1,0,0,-1,0,1,4,1,23,3,2,9,0,2,1,1,200500033114A01,7,1,1,242500361
200500033116,2005-06-10,2005,juin,vendredi,14:41,25,25056,0,0,2,1,6,1,1,4,2,03,1,1,0,193,1,0,5,3,1,67,5,2,2,1,0,1,1,200500033116B01,7,22,1,242500361
200500033122,2005-06-16,2005,juin,jeudi,17:51,25,25056,0,0,2,1,2,1,1,4,-1,02,2,1,0,101,1,0,1,4,1,48,5,2,9,1,0,1,2,200500033122A01,7,23,1,242500361
200500033130,2005-06-25,2005,juin,samedi,19:18,25,25056,0,0,2,1,6,1,1,4,1,01,1,1,0,50,1,0,1,4,1,24,0,1,2,0,2,3,2,200500033130B01,7,17,1,242500361
200500033134,2005-06-03,2005,juin,vendredi,11:00,25,25539,0,0,2,1,3,1,1,4,2,02,1,1,0,0,1,0,1,4,1,74,5,3,2,0,2,1,19,200500033134A01,7,1,1,200065647
200500033135,2005-06-09,2005,juin,jeudi,10:35,25,25580,0,0,2,1,6,1,1,4,2,02,1,1,0,75,1,0,5,4,2,40,5,1,2,1,0,1,1,200500033135B01,10,22,1,200065647
200500033136,2005-06-07,2005,juin,mardi,16:20,25,25230,0,0,2,1,1,1,1,9,2,01,1,3,0,45,1,0,5,4,2,43,5,3,9,0,2,1,17,200500033136B01,2,1,1,200065647
200500033140,2005-06-21,2005,juin,mardi,20:30,25,25580,0,0,2,2,1,1,1,4,2,01,1,1,0,40,1,0,1,3,1,17,5,3,9,0,2,7,5,200500033140B01,7,19,1,200065647
200500033155,2005-06-10,2005,juin,vendredi,13:55,26,26362,0,0,2,1,1,1,1,4,2,02,1,1,0,64,1,0,1,3,1,17,9,3,9,0,2,1,19,200500033155A01,18,23,1,200068781
200500033166,2005-06-27,2005,juin,lundi,18:10,26,26362,0,0,2,1,3,1,1,4,2,02,1,1,0,80,1,0,5,3,2,51,9,1,9,0,2,3,1,200500033166B01,99,0,1,200068781
200500033169,2005-06-08,2005,juin,mercredi,17:55,27,27229,0,0,2,1,3,1,1,4,2,04,1,1,0,90,1,0,0,3,1,6,5,2,2,0,2,8,19,200500033169B01,7,1,1,200071454
200500033171,2005-06-20,2005,juin,lundi,17:45,27,27229,0,0,2,1,2,1,1,4,2,02,1,1,0,0,1,0,1,3,2,55,5,2,2,0,2,4,23,200500033171B01,5,1,1,200071454
200500033183,2005-06-23,2005,juin,jeudi,11:40,27,27681,0,0,2,9,6,1,1,4,2,02,1,1,0,50,1,0,1,4,2,58,5,3,9,0,2,1,1,200500033183B01,7,16,1,200072312
200500033192,2005-06-23,2005,juin,jeudi,10:55,28,28218,0,0,2,9,3,1,1,4,2,02,1,1,0,75,1,0,1,4,1,76,5,1,4,0,2,2,1,200500033192B01,7,9,1,200033181
200500033195,2005-06-27,2005,juin,lundi,07:25,28,28085,0,0,2,2,5,1,1,4,2,02,1,1,0,89,1,0,1,3,1,29,1,1,4,0,2,8,24,200500033195C01,7,19,2,200033181
200500033202,2005-06-24,2005,juin,vendredi,06:48,28,28404,0,0,1,6,1,2,1,3,1,02,1,2,0,0,1,5,1,4,1,36,1,3,9,0,2,4,2,200500033202B01,7,2,1,200040277
200500033252,2005-06-02,2005,juin,jeudi,18:10,30,30028,0,0,2,1,3,1,1,2,2,02,1,1,0,70,1,0,1,4,1,36,5,2,9,0,2,1,7,200500033252B01,7,7,1,200034692
200500033267,2005-06-02,2005,juin,jeudi,12:20,30,30189,0,0,2,1,3,1,1,4,2,02,1,1,0,70,1,0,1,4,1,38,1,3,9,0,2,0,15,200500033267A01,7,2,1,243000643
200500033284,2005-06-15,2005,juin,mercredi,17:48,30,30189,0,0,2,1,6,1,1,4,-1,01,1,-1,0,30,1,0,0,1,1,23,0,3,9,0,1,1,0,200500033284A01,,,,243000643
200500033284,2005-06-15,2005,juin,mercredi,17:48,30,30189,0,0,2,1,6,1,1,4,-1,01,1,-1,0,30,1,0,0,4,1,6,0,3,0,0,1,1,0,200500033284A01,,,,243000643
200500033327,2005-06-01,2005,juin,mercredi,13:55,31,31555,0,0,2,1,2,1,1,4,2,02,4,1,0,70,1,0,1,4,1,13,5,3,9,0,2,1,1,200500033327A01,7,23,1,243100518
200500033332,2005-06-02,2005,juin,jeudi,07:10,31,31555,0,0,2,3,3,2,1,4,1,01,1,1,0,63,1,0,1,3,2,68,0,3,2,0,0,1,1,200500033332B01,7,15,1,243100518
200500033374,2005-06-13,2005,juin,lundi,12:20,31,31555,0,0,2,1,2,1,1,4,2,04,1,1,0,100,1,0,1,4,1,23,1,3,2,0,2,0,2,200500033374A01,18,2,1,243100518
200500033383,2005-06-16,2005,juin,jeudi,18:15,31,31555,0,0,2,2,3,1,1,4,2,01,3,1,0,34,1,0,1,3,1,35,9,3,2,0,2,1,1,200500033383B01,2,1,1,243100518
200500033401,2005-06-21,2005,juin,mardi,22:10,31,31555,0,0,2,1,3,5,1,4,2,02,1,1,0,60,1,0,1,4,1,22,9,3,2,0,2,8,9,200500033401A01,4,1,1,243100518
200500033406,2005-06-22,2005,juin,mercredi,11:31,31,31555,0,0,2,3,3,1,1,4,2,02,1,1,0,42,1,0,1,4,1,29,1,2,9,0,2,1,15,200500033406A01,7,16,1,243100518
200500033412,2005-06-23,2005,juin,jeudi,17:00,31,31555,0,0,2,1,3,1,1,4,2,03,1,1,0,90,1,0,1,4,1,35,1,3,9,0,2,1,1,200500033412B01,7,22,1,243100518
200500033425,2005-06-28,2005,juin,mardi,16:45,31,31555,0,0,2,1,3,1,1,4,2,02,1,1,0,66,1,0,1,4,2,53,0,3,1,0,2,1,1,200500033425B01,7,1,1,243100518
200500033442,2005-06-23,2005,juin,jeudi,15:50,32,32013,0,0,2,1,3,1,1,4,1,01,1,1,0,55,1,0,4,4,1,14,9,2,2,0,2,1,5,200500033442A01,7,9,1,200066926
200500033443,2005-06-27,2005,juin,lundi,16:40,32,32013,0,0,2,3,3,1,1,3,2,02,1,1,0,95,1,0,1,4,1,45,5,1,2,0,2,1,5,200500033443B01,7,15,1,200066926
200500033447,2005-06-02,2005,juin,jeudi,09:15,33,33063,0,0,2,1,6,1,7,4,1,02,1,1,0,90,1,0,1,1,1,24,1,3,2,0,1,1,1,200500033447A01,,,,243300316
200500033456,2005-06-06,2005,juin,lundi,14:55,33,33063,0,0,1,1,3,1,1,4,2,02,1,1,0,52,1,0,1,4,2,21,9,3,9,0,2,8,13,200500033456A01,7,17,1,243300316
200500033460,2005-06-01,2005,juin,mercredi,16:10,33,33522,0,0,1,2,3,1,1,4,2,02,1,-1,0,105,1,0,1,3,1,12,0,3,9,0,2,0,1,200500033460B01,7,1,1,243300316
200500033464,2005-06-08,2005,juin,mercredi,08:30,33,33063,0,0,2,3,3,1,1,4,2,02,1,1,0,0,1,0,1,4,1,45,0,3,2,0,2,1,13,200500033464B01,7,15,1,243300316