Num_Acc,date,an,mois,jour,hrmn,dep,com,lat,long,agg,int,col,lum,atm,catr,circ,nbv,prof,plan,lartpc,larrout,surf,infra,situ,grav,sexe,age,trajet,secuexist,equipement,obs,obsm,choc,manv,vehiculeid,typevehicules,manoeuvehicules,numVehicules,_infos_commune.code_epci
200500033472,2005-06-11,2005,juin,samedi,07:55,33,33063,0,0,2,3,1,1,1,4,2,02,1,1,0,138,1,0,1,4,2,22,0,3,9,0,2,1,15,200500033472A01,7,16,1,243300316
200500033473,2005-06-11,2005,juin,samedi,15:00,33,33063,0,0,2,1,3,1,1,4,1,02,1,1,0,72,1,0,1,4,2,17,0,3,9,1,0,7,13,200500033473B01,7,22,1,243300316
200500033477,2005-06-13,2005,juin,lundi,18:35,33,33063,0,0,2,1,2,1,1,4,3,04,1,1,5,50,1,0,1,4,2,34,0,3,9,0,2,4,23,200500033477B01,5,1,1,243300316
200500033483,2005-06-15,2005,juin,mercredi,16:15,33,33063,0,0,2,3,1,1,1,4,2,04,1,1,0,125,1,0,1,4,1,52,0,3,9,0,2,1,1,200500033483B01,10,15,1,243300316
200500033491,2005-06-17,2005,juin,vendredi,21:50,33,33063,0,0,2,2,3,5,1,4,2,02,1,1,0,148,1,0,1,4,1,15,0,3,9,0,2,1,1,200500033491B01,7,1,1,243300316
200500033499,2005-06-16,2005,juin,jeudi,18:20,33,33119,0,0,2,7,3,1,1,4,-1,02,1,1,0,610,1,0,1,4,1,17,0,3,9,0,2,0,16,200500033499B01,7,1,1,243300316
200500033501,2005-06-20,2005,juin,lundi,17:08,33,33063,0,0,2,3,3,1,1,4,1,02,1,1,0,110,1,0,5,4,1,14,5,3,9,0,2,1,5,200500033501A01,7,16,1,243300316
200500033512,2005-06-21,2005,juin,mardi,17:35,33,33063,0,0,2,1,6,1,1,4,2,04,1,1,0,0,1,0,1,4,1,40,1,1,2,0,1,1,1,200500033512A01,,,,243300316
200500033517,2005-06-16,2005,juin,jeudi,12:55,33,33192,0,0,2,2,3,1,1,4,1,02,1,1,0,52,1,0,1,3,1,75,0,3,9,0,2,7,15,200500033517B01,7,17,1,243300316
200500033523,2005-06-24,2005,juin,vendredi,10:00,33,33063,0,0,2,3,3,1,1,4,1,02,1,1,0,0,1,0,1,3,1,21,0,3,2,0,2,1,1,200500033523A01,7,1,1,243300316
200500033535,2005-06-28,2005,juin,mardi,16:35,33,33063,0,0,2,1,2,1,2,4,1,03,1,1,0,0,1,0,1,4,2,32,1,1,2,0,2,1,1,200500033535A01,7,0,1,243300316
200500033538,2005-06-24,2005,juin,vendredi,21:30,33,33550,0,0,2,1,1,2,1,4,2,02,1,1,0,63,1,0,1,4,1,7,0,3,4,0,2,1,1,200500033538B01,2,1,1,243300316
200500033540,2005-06-29,2005,juin,mercredi,18:15,33,33063,0,0,2,3,1,1,1,4,2,02,1,1,0,128,1,0,1,3,2,60,0,3,9,0,2,1,1,200500033540B01,7,15,1,243300316
200500033542,2005-06-30,2005,juin,jeudi,12:10,33,33063,0,0,2,3,3,1,1,4,1,03,1,1,0,0,1,0,1,4,1,18,9,3,9,0,2,1,1,200500033542A01,7,1,1,243300316
200500033553,2005-06-30,2005,juin,jeudi,17:30,34,34003,0,0,2,1,6,1,1,4,3,03,1,1,0,100,1,0,1,2,1,65,5,2,9,0,2,4,1,200500033553B01,7,1,1,243400819
200500033565,2005-06-15,2005,juin,mercredi,11:40,34,34032,0,0,2,2,1,1,1,4,2,02,1,1,0,125,1,5,1,4,1,15,5,2,9,0,2,8,19,200500033565A01,7,1,1,243400769
200500033577,2005-06-28,2005,juin,mardi,15:00,34,34032,0,0,2,1,6,1,1,4,2,00,1,-1,0,0,1,0,1,1,1,25,9,3,9,0,1,0,0,200500033577A01,,,,243400769
200500033586,2005-06-04,2005,juin,samedi,15:30,34,34172,0,0,1,1,1,1,1,4,2,02,1,1,0,53,1,0,1,3,1,14,5,3,9,0,0,0,0,200500033586B01,99,0,1,243400017
200500033615,2005-06-21,2005,juin,mardi,23:45,34,34172,0,0,1,1,3,3,1,4,2,02,1,1,0,61,1,0,1,4,1,16,5,3,9,0,2,8,19,200500033615B01,7,1,1,243400017
200500033616,2005-06-23,2005,juin,jeudi,00:10,34,34129,0,0,2,9,6,3,1,3,1,01,1,1,0,34,1,0,1,2,1,68,0,3,0,0,2,1,0,200500033616B01,7,1,1,243400017
200500033625,2005-06-29,2005,juin,mercredi,15:05,34,34172,0,0,2,3,3,1,1,4,2,02,1,1,0,70,1,0,1,4,1,21,2,3,9,0,2,1,1,200500033625B01,7,16,1,243400017
200500033630,2005-06-23,2005,juin,jeudi,23:30,34,34301,0,0,2,1,3,5,1,4,2,02,1,1,0,73,1,3,1,3,1,15,5,3,9,0,2,8,19,200500033630A01,7,1,1,200066355
200500033644,2005-06-08,2005,juin,mercredi,09:15,35,35238,0,0,2,1,3,1,1,4,3,03,1,1,0,90,1,0,1,3,2,23,0,3,2,0,2,1,13,200500033644A01,4,1,1,243500139
200500033647,2005-06-10,2005,juin,vendredi,08:30,35,35238,0,0,2,1,6,1,1,4,3,02,-1,-1,0,70,1,0,1,4,2,34,1,2,2,12,0,0,0,200500033647A01,,,,243500139
200500033650,2005-06-18,2005,juin,samedi,11:50,35,35238,0,0,2,1,6,1,1,4,2,02,-1,-1,0,60,1,0,1,4,1,27,5,3,2,0,0,0,0,200500033650A01,,,,243500139
200500033659,2005-06-24,2005,juin,vendredi,13:50,35,35055,0,0,2,1,3,1,1,4,3,01,1,-1,0,0,1,5,1,4,2,31,0,3,2,0,2,0,9,200500033659B01,7,9,1,243500139
200500033664,2005-06-24,2005,juin,vendredi,18:05,35,35238,0,0,2,1,6,1,1,4,2,02,-1,-1,0,60,1,0,1,3,1,13,0,2,2,0,2,0,19,200500033664A01,,,,243500139
200500033667,2005-06-24,2005,juin,vendredi,21:45,35,35238,0,0,2,3,6,1,1,4,2,02,-1,-1,0,60,1,0,1,4,1,45,0,3,2,11,0,4,16,200500033667A01,,,,243500139
200500033672,2005-06-29,2005,juin,mercredi,06:00,35,35238,0,0,2,1,6,2,1,4,2,02,1,1,0,60,1,0,1,4,1,42,0,3,2,1,2,1,0,200500033672B01,7,0,1,243500139
200500033681,2005-06-20,2005,juin,lundi,17:00,35,35288,0,0,2,3,3,1,1,4,2,02,1,1,0,0,1,0,1,3,1,12,0,2,9,0,2,1,1,200500033681A01,7,1,1,243500782
200500033688,2005-06-27,2005,juin,lundi,21:30,36,36044,0,0,2,1,6,1,1,4,2,02,1,3,0,0,1,0,1,3,1,7,5,2,2,0,2,1,5,200500033688B01,,,,243600327
200500033695,2005-06-02,2005,juin,jeudi,09:10,37,37122,0,0,2,1,1,1,1,4,1,01,1,1,0,0,1,0,1,3,1,19,1,2,9,0,2,1,5,200500033695A01,7,1,1,243700754
200500033700,2005-06-10,2005,juin,vendredi,15:50,37,37261,0,0,2,3,3,1,1,4,1,01,1,1,0,66,1,0,1,4,1,13,2,3,2,0,2,1,15,200500033700A01,7,1,1,243700754
200500033711,2005-06-30,2005,juin,jeudi,16:40,37,37261,0,0,2,2,5,1,2,4,2,02,1,1,0,71,2,0,1,3,2,14,2,2,9,0,2,0,1,200500033711C01,7,1,2,243700754
200500033715,2005-06-08,2005,juin,mercredi,07:45,37,37261,0,0,2,1,6,1,1,4,2,02,1,1,0,98,1,0,1,3,1,27,0,3,9,0,1,7,1,200500033715A01,,,,243700754
200500033715,2005-06-08,2005,juin,mercredi,07:45,37,37261,0,0,2,1,6,1,1,4,2,02,1,1,0,98,1,0,1,1,1,48,0,3,0,0,1,7,1,200500033715A01,,,,243700754
200500033718,2005-06-28,2005,juin,mardi,08:15,37,37261,0,0,2,1,2,1,1,4,1,01,1,1,0,43,1,0,1,3,2,54,0,3,9,0,2,1,1,200500033718A01,2,15,1,243700754
200500033720,2005-06-01,2005,juin,mercredi,11:45,38,38185,0,0,2,1,3,1,1,4,2,04,1,1,0,150,1,0,1,4,2,24,4,3,4,0,2,1,19,200500033720A01,18,1,1,200040715
200500033727,2005-06-06,2005,juin,lundi,16:30,38,38185,0,0,2,2,3,1,1,4,2,02,1,1,0,70,1,0,1,4,1,16,5,3,4,0,2,1,1,200500033727B01,7,1,1,200040715
200500033730,2005-06-10,2005,juin,vendredi,08:10,38,38185,0,0,2,1,6,1,1,4,1,00,1,1,0,140,1,0,4,4,2,20,2,3,9,0,2,1,1,200500033730A01,7,1,1,200040715
200500033731,2005-06-10,2005,juin,vendredi,15:50,38,38185,0,0,2,1,2,1,1,4,2,04,1,1,0,136,1,0,1,4,2,44,1,3,4,0,2,4,11,200500033731A01,7,1,1,200040715
200500033741,2005-06-15,2005,juin,mercredi,16:32,38,38185,0,0,2,1,6,1,1,4,2,00,1,1,0,100,1,0,1,4,1,25,1,3,9,1,0,1,1,200500033741B01,7 / 2,22 / 1,2,200040715
200500033747,2005-06-21,2005,juin,mardi,12:05,38,38185,0,0,2,1,3,1,1,4,2,02,1,1,0,72,1,0,1,4,1,60,5,3,9,0,2,3,1,200500033747B01,7,1,1,200040715
200500033749,2005-06-22,2005,juin,mercredi,14:00,38,38185,0,0,2,9,6,1,1,4,1,01,1,1,0,70,1,0,1,4,1,31,9,3,9,0,2,1,1,200500033749B01,7,9,1,200040715
200500033754,2005-06-26,2005,juin,dimanche,18:15,38,38421,0,0,2,3,3,1,1,4,2,02,1,1,0,70,1,5,1,4,1,16,9,3,9,0,2,1,1,200500033754A01,7,1,1,200040715
200500033756,2005-06-28,2005,juin,mardi,08:50,38,38185,0,0,2,2,3,1,1,4,1,01,1,2,0,50,1,0,1,4,2,27,0,3,4,0,2,1,1,200500033756A01,7,15,1,200040715
200500033791,2005-06-01,2005,juin,mercredi,07:50,41,41269,0,0,2,3,3,1,1,4,2,02,1,1,0,73,1,0,1,4,2,14,2,2,9,0,2,8,15,200500033791B01,7,17,1,200072072
200500033804,2005-06-25,2005,juin,samedi,16:55,42,42095,0,0,2,3,3,1,1,4,1,01,1,1,0,0,1,0,1,4,1,14,5,2,2,0,2,1,0,200500033804B01,7,0,1,244200770
200500033805,2005-06-23,2005,juin,jeudi,18:00,42,42316,0,0,2,1,2,1,1,3,2,01,1,1,0,114,1,0,1,4,1,74,5,2,2,0,2,4,2,200500033805B01,7,2,1,244200770
200500033811,2005-06-03,2005,juin,vendredi,13:40,42,42187,0,0,2,1,6,1,1,9,2,02,1,1,0,50,1,0,1,4,1,17,9,3,9,0,2,4,15,200500033811A01,7,1,1,200035731
200500033812,2005-06-04,2005,juin,samedi,19:00,42,42071,0,0,2,1,3,1,1,4,2,02,1,1,0,75,1,0,1,4,1,52,5,3,9,0,2,8,1,200500033812B01,7,17,1,200035731
200500033827,2005-06-25,2005,juin,samedi,15:00,42,42071,0,0,2,1,4,1,1,3,2,04,-1,1,0,128,1,0,1,4,1,24,5,3,9,0,2,7,1,200500033827B01,7,11,1,200035731
200500033827,2005-06-25,2005,juin,samedi,15:00,42,42071,0,0,2,1,4,1,1,3,2,04,-1,1,0,128,1,0,1,1,1,23,5,3,9,0,2,7,1,200500033827C01,7,11,1,200035731
200500033828,2005-06-29,2005,juin,mercredi,11:55,42,42187,0,0,2,2,6,1,2,9,2,00,1,1,0,67,2,0,1,3,1,57,9,3,9,0,0,0,16,200500033828B01,7,1,1,200035731
200500033868,2005-06-21,2005,juin,mardi,14:10,43,43041,0,0,2,1,3,1,1,4,2,02,1,1,0,60,1,0,1,3,2,12,5,3,9,0,2,1,19,200500033868B01,7,1,1,200073419
200500033874,2005-06-29,2005,juin,mercredi,14:30,44,44135,0,0,2,2,3,1,1,4,2,02,1,1,0,60,1,0,1,4,1,17,5,2,9,0,2,1,1,200500033874A01,7,1,1,244400610
200500033875,2005-06-01,2005,juin,mercredi,14:30,44,44109,0,0,2,2,3,1,1,4,2,02,1,-1,0,0,1,0,1,3,1,15,9,3,9,0,2,8,1,200500033875B01,7,1,1,244400404
200500033876,2005-06-02,2005,juin,jeudi,13:50,44,44109,0,0,2,3,3,1,1,4,-1,02,1,1,0,0,1,0,1,3,1,45,9,2,9,0,2,1,1,200500033876A01,7,13,1,244400404
200500033880,2005-06-05,2005,juin,dimanche,19:30,44,44109,0,0,2,1,7,1,2,4,2,00,1,1,0,0,1,0,1,3,2,44,0,3,9,0,0,0,2,200500033880A01,,,,244400404
200500033882,2005-06-02,2005,juin,jeudi,09:23,44,44109,0,0,2,2,6,1,1,4,3,06,1,3,60,300,1,5,1,3,1,34,5,2,9,0,2,8,1,200500033882B01,18,1,1,244400404
200500033884,2005-06-03,2005,juin,vendredi,19:55,44,44204,0,0,2,1,3,1,1,4,1,01,1,1,13,60,1,0,5,1,1,14,9,1,2,0,2,1,1,200500033884B01,2,1,1,244400404
200500033896,2005-06-12,2005,juin,dimanche,16:50,44,44114,0,0,2,1,7,1,1,4,2,02,2,1,0,28,1,0,5,4,2,29,5,3,9,0,0,0,1,200500033896A01,,,,244400404
200500033913,2005-06-21,2005,juin,mardi,17:25,44,44204,0,0,2,1,6,1,1,3,2,02,3,3,0,0,1,0,5,3,1,22,9,2,9,0,2,1,1,200500033913B01,2,13,1,244400404
200500033919,2005-06-22,2005,juin,mercredi,09:05,44,44114,0,0,2,1,3,1,1,2,3,00,1,1,0,0,1,0,1,3,1,76,5,3,9,0,2,8,1,200500033919B01,20,1,1,244400404
200500033929,2005-06-28,2005,juin,mardi,13:05,44,44109,0,0,2,1,3,1,1,4,2,02,1,1,0,0,1,0,1,4,1,47,2,2,9,0,2,1,1,200500033929A01,7,1,1,244400404
200500033952,2005-06-01,2005,juin,mercredi,21:10,45,45302,0,0,2,6,3,2,1,4,1,02,1,3,0,62,1,0,1,4,2,15,9,2,4,0,2,1,1,200500033952A01,7,1,1,244500468
200500033958,2005-06-08,2005,juin,mercredi,19:10,45,45147,0,0,2,2,3,1,1,4,2,02,1,1,0,70,1,0,1,4,1,4,5,2,2,0,2,2,1,200500033958A01,7,1,1,244500468
200500033959,2005-06-08,2005,juin,mercredi,16:50,45,45234,0,0,2,3,3,1,1,4,3,04,1,1,60,120,1,0,1,4,2,51,5,3,9,0,2,8,1,200500033959B01,7,1,1,244500468
200500033978,2005-06-24,2005,juin,vendredi,17:30,45,45234,0,0,2,1,2,1,1,4,2,02,1,1,0,50,1,0,0,4,1,45,0,3,9,0,2,4,0,200500033978B01,7,0,1,244500468
200500033987,2005-06-29,2005,juin,mercredi,08:40,45,45234,0,0,2,1,3,1,1,4,2,02,1,1,23,32,1,0,1,4,1,22,0,1,9,0,2,0,1,200500033987B01,18,16,1,244500468
200500033988,2005-06-02,2005,juin,jeudi,10:00,46,46042,0,0,2,1,3,1,1,4,2,02,1,1,0,82,1,0,1,4,1,36,1,3,9,0,2,7,19,200500033988B01,7,1,1,200023737
200500033998,2005-06-27,2005,juin,lundi,16:24,47,47001,0,0,2,1,3,1,1,2,2,20,1,1,0,78,1,1,5,4,1,12,5,3,2,0,0,0,0,200500033998B01,7,0,1,200096956
200500034002,2005-06-17,2005,juin,vendredi,10:05,47,47157,0,0,2,1,6,1,1,2,3,04,1,3,50,160,1,5,1,4,2,26,1,2,9,0,0,8,9,200500034002B01,15,14,1,200030674
200500034006,2005-06-01,2005,juin,mercredi,07:50,49,49246,0,0,2,1,3,1,1,4,2,02,1,1,0,61,1,0,1,4,2,74,5,3,9,0,2,1,1,200500034006A01,1,16,1,244900015
200500034006,2005-06-01,2005,juin,mercredi,07:50,49,49246,0,0,2,1,3,1,1,4,2,02,1,1,0,61,1,0,1,1,1,14,2,3,9,0,2,7,16,200500034006B01,1,1,1,244900015
200500034018,2005-06-09,2005,juin,jeudi,11:00,49,49007,0,0,2,3,3,1,1,4,3,06,1,1,0,0,1,5,5,3,2,65,5,3,9,0,2,1,2,200500034018B01,17,16,1,244900015
200500034022,2005-06-13,2005,juin,lundi,17:08,49,49246,0,0,2,1,6,1,1,4,2,02,1,1,0,96,1,0,1,4,1,19,0,1,9,1,0,1,1,200500034022A01,,,,244900015
200500034031,2005-06-12,2005,juin,dimanche,16:36,49,49007,0,0,2,1,7,1,1,4,2,02,1,1,0,70,1,0,1,4,2,33,5,3,9,0,0,0,1,200500034031A01,,,,244900015
200500034034,2005-06-14,2005,juin,mardi,17:45,49,49007,0,0,2,4,3,1,1,4,1,01,1,1,0,79,1,0,1,4,2,20,5,3,9,0,2,4,1,200500034034B01,7,1,1,244900015
200500034046,2005-06-25,2005,juin,samedi,14:16,49,49246,0,0,2,1,3,1,1,4,2,02,1,1,0,70,1,0,1,4,1,49,5,1,9,0,2,1,1,200500034046B01,1,9,1,244900015
200500034049,2005-06-28,2005,juin,mardi,11:25,49,49007,0,0,2,1,3,1,1,4,2,04,1,1,0,100,1,0,1,4,1,21,5,3,9,0,2,1,1,200500034049B01,7,16,1,244900015
200500034051,2005-06-29,2005,juin,mercredi,10:59,49,49007,0,0,2,3,3,1,1,2,1,01,2,1,0,55,1,0,1,4,1,15,5,3,9,0,2,1,18,200500034051B01,7,14,1,244900015
200500034053,2005-06-29,2005,juin,mercredi,17:35,49,49007,0,0,2,6,3,1,1,4,1,01,1,2,0,50,1,0,1,4,1,42,1,3,9,0,2,1,1,200500034053B01,7,16,1,244900015
200500034069,2005-06-21,2005,juin,mardi,20:00,49,49328,0,0,2,9,3,1,1,9,1,00,1,1,0,0,1,0,1,4,1,16,5,3,9,0,2,1,1,200500034069B01,7,1,1,200071876
200500034078,2005-06-15,2005,juin,mercredi,07:45,50,50416,0,0,2,3,3,1,2,4,-1,02,1,1,0,50,2,0,1,4,1,15,2,2,2,0,2,3,19,200500034078A01,7,1,1,
200500034079,2005-06-15,2005,juin,mercredi,13:15,50,50602,0,0,2,1,3,1,1,2,3,04,1,2,42,130,1,0,1,4,1,16,1,3,9,0,2,7,19,200500034079A01,7,1,1,
200500034085,2005-06-21,2005,juin,mardi,18:00,50,50129,0,0,2,1,2,1,1,3,2,03,1,1,0,90,1,0,1,4,2,68,5,1,2,0,2,4,1,200500034085B01,7,1,1,200067205
200500034094,2005-06-14,2005,juin,mardi,16:05,50,50647,0,0,2,1,4,1,1,3,2,02,2,1,0,59,1,0,1,3,1,47,5,3,2,0,2,4,0,200500034094B01,7,17,1,200042604
200500034094,2005-06-14,2005,juin,mardi,16:05,50,50647,0,0,2,1,4,1,1,3,2,02,2,1,0,59,1,0,1,1,1,53,5,3,2,0,0,4,0,200500034094C01,7,17,1,200042604
200500034118,2005-06-25,2005,juin,samedi,16:00,51,51172,0,0,2,1,1,1,1,4,2,02,4,2,0,100,1,5,5,4,1,14,5,3,9,0,2,1,5,200500034118A01,1,1,1,200067213
200500034118,2005-06-25,2005,juin,samedi,16:00,51,51172,0,0,2,1,1,1,1,4,2,02,4,2,0,100,1,5,5,4,1,31,1,3,9,0,2,1,1,200500034118B01,1,5,1,200067213
200500034120,2005-06-29,2005,juin,mercredi,20:20,51,51454,0,0,2,1,6,1,3,4,2,02,1,1,60,90,2,0,1,3,1,5,0,3,9,0,2,0,2,200500034120B01,7,2,1,200067213
200500034133,2005-06-16,2005,juin,jeudi,20:00,53,53130,0,0,2,2,3,1,1,2,3,04,1,1,0,0,1,5,1,4,1,40,5,2,2,0,2,3,15,200500034133B01,7,15,1,200083392
200500034182,2005-06-24,2005,juin,vendredi,07:05,54,54395,0,0,2,1,3,1,1,4,1,00,1,1,0,29,1,0,5,4,2,66,5,3,9,0,2,8,1,200500034182A01,7,15,1,245400676
200500034212,2005-06-28,2005,juin,mardi,08:55,55,55029,0,0,2,1,6,1,1,3,2,02,1,1,0,70,1,0,1,4,2,56,5,3,9,0,2,8,1,200500034212B01,7,16,1,200033025
200500034223,2005-06-03,2005,juin,vendredi,17:04,56,56121,0,0,2,1,2,1,1,9,2,02,1,1,0,0,1,0,1,4,2,18,0,3,9,0,2,1,1,200500034223B01,7,4,1,200042174
200500034229,2005-06-07,2005,juin,mardi,19:25,56,56121,0,0,2,1,3,1,1,9,2,02,2,1,0,0,1,0,1,4,1,47,9,2,2,0,2,1,18,200500034229A01,7,20,1,200042174
200500034230,2005-06-14,2005,juin,mardi,14:01,56,56121,0,0,2,1,3,1,1,9,2,04,1,1,0,0,1,2,1,4,1,54,0,3,0,0,2,8,1,200500034230A01,7,1,1,200042174
200500034231,2005-06-10,2005,juin,vendredi,17:30,56,56121,0,0,2,2,3,1,1,9,2,00,2,1,0,0,1,0,1,4,2,28,9,3,2,0,0,8,1,200500034231B01,7,1,1,200042174
200500034235,2005-06-12,2005,juin,dimanche,09:40,56,56083,0,0,2,4,3,1,1,9,2,03,2,3,0,0,1,0,1,3,1,47,5,1,2,0,2,1,1,200500034235A01,7,15,1,200042174
200500034241,2005-06-18,2005,juin,samedi,20:00,56,56107,0,0,2,1,1,1,1,4,2,02,2,1,0,0,1,0,1,4,1,58,0,3,9,0,2,1,0,200500034241B01,2,15,1,200042174
200500034254,2005-06-02,2005,juin,jeudi,16:45,56,56260,0,0,2,1,6,1,1,4,2,02,1,4,0,83,1,0,1,4,2,50,0,3,9,0,2,8,1,200500034254B01,7,14,1,200067932
200500034255,2005-06-19,2005,juin,dimanche,11:45,56,56260,0,0,2,6,3,1,1,4,2,02,1,2,0,73,1,0,1,4,1,60,5,1,2,0,2,8,1,200500034255B01,2,1,1,200067932
200500034267,2005-06-17,2005,juin,vendredi,17:30,57,57537,0,0,2,1,3,1,7,2,2,02,2,1,0,59,1,0,1,4,1,10,5,3,9,0,2,1,9,200500034267B01,7,1,1,245700372
200500034274,2005-06-01,2005,juin,mercredi,18:15,57,57487,0,0,2,1,6,1,1,4,2,03,1,1,0,102,1,0,1,4,1,10,5,1,4,0,2,1,19,200500034274A01,7,1,1,200039865
200500034288,2005-06-19,2005,juin,dimanche,16:40,57,57487,0,0,1,1,2,1,1,3,3,02,1,1,0,110,1,2,1,3,1,53,5,1,9,0,0,4,1,200500034288B01,7,1,1,200039865
200500034294,2005-06-25,2005,juin,samedi,11:10,57,57463,0,0,2,1,3,1,1,4,1,02,1,1,0,75,1,2,1,4,1,46,5,3,4,0,2,4,1,200500034294B01,99,0,1,200039865
200500034299,2005-06-02,2005,juin,jeudi,11:05,57,57757,0,0,2,2,6,1,1,2,2,02,1,1,0,100,1,0,1,4,2,77,5,1,4,0,2,8,15,200500034299B01,14,16,1,245701362
200500034306,2005-06-09,2005,juin,jeudi,07:25,57,57672,0,0,2,1,3,1,1,4,2,00,1,1,0,105,1,0,4,4,1,43,5,1,4,0,0,7,1,200500034306A01,7,1,1,245701362
200500034311,2005-06-17,2005,juin,vendredi,19:10,57,57306,0,0,2,2,6,1,1,4,2,02,2,1,0,0,1,0,1,4,1,13,5,3,9,0,2,1,15,200500034311A01,7,1,1,245701222
200500034328,2005-06-22,2005,juin,mercredi,14:05,58,58194,0,0,2,1,7,1,1,4,3,03,1,1,0,0,1,0,1,4,1,14,5,3,9,12,9,0,1,200500034328A01,,,,245804406
200500034338,2005-06-06,2005,juin,lundi,13:15,59,59253,0,0,2,6,3,1,1,4,1,02,1,-1,0,59,1,5,1,4,1,36,5,3,9,0,2,8,16,200500034338A01,7,1,1,245901160
200500034345,2005-06-11,2005,juin,samedi,11:25,59,59588,0,0,1,1,2,1,1,4,2,02,1,1,0,63,1,0,5,3,1,71,5,3,9,1,0,1,1,200500034345B01,7,24,1,245900428
200500034349,2005-06-14,2005,juin,mardi,12:15,59,59183,0,0,2,1,6,1,1,4,1,03,1,1,0,120,1,0,1,4,2,29,1,3,9,0,2,8,1,200500034349A01,7,1,1,245900428
200500034353,2005-06-18,2005,juin,samedi,21:40,59,59324,0,0,2,1,6,1,1,4,2,02,1,1,0,50,1,0,1,1,1,11,5,3,9,0,1,1,1,200500034353A01,,,,200043396
200500034357,2005-06-02,2005,juin,jeudi,12:15,59,59378,0,0,2,1,2,1,1,4,2,04,1,1,65,90,1,0,1,3,1,13,5,2,9,0,2,1,11,200500034357A01,7,23,1,200093201
200500034359,2005-06-02,2005,juin,jeudi,12:00,59,59368,0,0,2,1,6,1,1,4,2,02,1,1,0,48,1,0,1,4,1,13,9,3,9,0,2,1,19,200500034359A01,7,2,1,200093201
200500034366,2005-06-05,2005,juin,dimanche,11:10,59,59350,0,0,2,2,3,1,1,4,2,02,1,1,0,60,1,0,1,3,2,19,5,1,2,0,0,3,1,200500034366B01,7,15,1,200093201
200500034371,2005-06-10,2005,juin,vendredi,17:10,59,59378,0,0,2,1,6,1,1,4,2,02,1,1,0,115,1,0,1,3,1,8,2,1,2,0,2,1,11,200500034371A01,7,1,1,200093201
200500034384,2005-06-18,2005,juin,samedi,17:45,59,59286,0,0,2,1,6,1,1,4,2,02,1,1,0,32,1,0,1,4,1,38,5,3,9,0,2,1,0,200500034384A01,7,0,1,200093201
200500034396,2005-06-23,2005,juin,jeudi,16:20,59,59350,0,0,2,2,3,1,7,4,1,02,1,1,0,60,1,0,5,3,1,56,4,3,9,0,2,0,1,200500034396B01,10,15,1,200093201
200500034400,2005-06-24,2005,juin,vendredi,18:40,59,59350,0,0,2,3,6,1,1,4,1,01,1,1,0,60,1,0,1,4,1,46,9,2,9,0,2,1,19,200500034400A01,7,2,1,200093201
200500034405,2005-06-25,2005,juin,samedi,13:00,59,59009,0,0,2,1,6,1,1,4,1,02,1,2,0,86,-1,5,1,4,1,17,9,3,2,0,2,0,1,200500034405B01,7,1,1,200093201
200500034407,2005-06-26,2005,juin,dimanche,17:10,59,59378,0,0,2,1,6,1,1,4,2,00,1,1,0,0,1,0,5,4,2,47,9,3,9,0,2,1,2,200500034407B01,2,13,1,200093201
200500034416,2005-06-30,2005,juin,jeudi,07:40,59,59009,0,0,2,3,3,1,1,4,3,04,1,1,20,120,1,0,1,4,1,36,1,1,4,0,2,1,1,200500034416B01,7,16,1,200093201
200500034422,2005-06-08,2005,juin,mercredi,09:56,59,59392,0,0,2,2,3,1,1,4,2,02,2,1,0,60,1,0,1,2,1,60,5,2,2,0,2,1,1,200500034422B01,7,15,1,200043396
200500034427,2005-06-16,2005,juin,jeudi,14:05,59,59291,0,0,2,1,3,1,1,3,2,02,1,2,0,80,1,0,1,4,1,13,5,2,2,0,0,8,1,200500034427B01,7,17,1,200043396
200500034450,2005-06-15,2005,juin,mercredi,17:30,59,59512,0,0,2,1,6,1,1,4,2,02,1,1,0,0,1,0,1,3,1,16,5,1,2,1,0,1,1,200500034450B01,7,22,1,200093201
200500034460,2005-06-21,2005,juin,mardi,11:50,59,59163,0,0,2,1,6,1,1,4,-1,00,1,1,0,0,1,0,1,3,1,19,5,3,2,1,0,1,1,200500034460B01,7,22,1,200093201
200500034466,2005-06-14,2005,juin,mardi,07:45,59,59512,0,0,2,1,6,1,1,4,2,02,1,1,0,0,1,0,1,3,1,20,5,3,2,1,0,1,1,200500034466B01,7,22,1,200093201
200500034468,2005-06-13,2005,juin,lundi,17:10,59,59526,0,0,2,1,3,1,1,4,2,02,1,1,0,88,1,0,1,3,2,61,5,2,9,0,0,0,1,200500034468B01,18,17,1,200042190
200500034474,2005-06-14,2005,juin,mardi,18:45,59,59599,0,0,2,2,3,1,1,2,1,09,1,-1,0,50,1,5,1,3,2,11,9,3,9,0,2,7,19,200500034474A01,7,1,1,200093201
200500034490,2005-06-23,2005,juin,jeudi,09:15,59,59484,0,0,2,2,6,1,1,2,2,03,1,1,0,100,1,0,1,3,2,58,5,3,2,0,2,9,1,200500034490B01,17,16,1,245901160
200500034492,2005-06-30,2005,juin,jeudi,07:15,59,59544,0,0,1,1,6,1,1,3,2,03,1,1,6,146,1,0,1,3,1,57,1,3,2,0,2,0,1,200500034492B01,7,17,1,245901160
200500034495,2005-06-24,2005,juin,vendredi,16:00,59,59014,0,0,2,2,3,1,1,4,2,02,1,1,0,49,1,0,1,4,1,19,9,3,9,0,2,1,1,200500034495A01,7,1,1,245901160
200500034501,2005-06-08,2005,juin,mercredi,08:45,61,61001,0,0,2,6,3,1,1,4,-1,02,1,1,0,60,1,5,1,4,1,69,5,1,9,0,9,5,2,200500034501A01,7,9,1,246100663
200500034502,2005-06-24,2005,juin,vendredi,11:40,61,61001,0,0,2,6,3,1,1,4,-1,02,1,1,0,60,1,0,5,3,1,52,5,1,9,0,2,3,1,200500034502A01,7,1,1,246100663