Num_Acc,date,an,mois,jour,hrmn,dep,com,lat,long,agg,int,col,lum,atm,catr,circ,nbv,prof,plan,lartpc,larrout,surf,infra,situ,grav,sexe,age,trajet,secuexist,equipement,obs,obsm,choc,manv,vehiculeid,typevehicules,manoeuvehicules,numVehicules,_infos_commune.code_epci
200500034512,2005-06-03,2005,juin,vendredi,10:40,62,62277,0,0,2,1,1,1,1,3,2,02,1,1,0,78,1,0,1,3,1,53,5,1,2,0,2,1,1,200500034512B01,7,15,1,246200299
200500034517,2005-06-24,2005,juin,vendredi,17:00,62,62724,0,0,2,2,3,1,1,4,2,02,1,1,0,60,1,0,1,3,2,66,3,3,4,0,2,1,15,200500034517B01,7,17,1,246200299
200500034533,2005-06-10,2005,juin,vendredi,15:55,62,62193,0,0,2,1,6,1,1,4,2,02,1,-1,0,70,1,0,1,4,1,39,1,2,2,0,2,1,1,200500034533B01,17,4,1,200090751
200500034539,2005-06-29,2005,juin,mercredi,05:50,62,62193,0,0,2,2,6,1,1,4,-1,02,1,1,0,46,1,0,1,4,1,21,1,1,4,0,2,5,1,200500034539B01,,,,200090751
200500034545,2005-06-17,2005,juin,vendredi,02:01,62,62907,0,0,2,1,2,3,1,3,2,02,2,1,0,71,1,0,1,4,1,31,5,3,9,0,2,4,2,200500034545B01,7,2,1,246200299
200500034577,2005-06-12,2005,juin,dimanche,13:50,62,62040,0,0,2,4,3,1,1,2,4,02,1,1,0,109,1,5,1,3,2,29,5,3,9,0,9,1,19,200500034577B01,5,1,1,200069037
200500034580,2005-06-19,2005,juin,dimanche,18:15,62,62826,0,0,2,3,3,1,1,2,2,02,1,2,0,86,1,0,1,3,2,42,5,3,9,0,9,8,19,200500034580B01,2,17,1,200069029
200500034583,2005-06-01,2005,juin,mercredi,09:00,63,63075,0,0,2,1,7,1,1,4,-1,01,1,1,0,70,1,0,0,3,1,52,0,2,2,16,0,8,15,200500034583A01,,,,246300701
200500034584,2005-06-01,2005,juin,mercredi,12:25,63,63113,0,0,2,1,6,1,1,4,2,02,1,1,0,70,1,0,5,4,2,28,4,2,9,0,2,8,1,200500034584B01,7,15,1,246300701
200500034608,2005-06-14,2005,juin,mardi,16:10,63,63113,0,0,2,1,3,1,1,4,2,02,2,1,0,70,1,0,1,4,2,19,0,2,2,1,0,2,1,200500034608B01,7,24,1,246300701
200500034610,2005-06-16,2005,juin,jeudi,10:50,63,63113,0,0,2,1,6,1,1,4,1,02,1,1,0,0,1,0,1,3,1,66,5,2,2,1,0,1,1,200500034610B01,7,24,1,246300701
200500034619,2005-06-24,2005,juin,vendredi,08:15,63,63113,0,0,2,1,6,1,1,4,2,02,1,1,0,0,1,0,1,4,1,49,4,2,9,0,2,1,1,200500034619A01,7,1,1,246300701
200500034640,2005-06-06,2005,juin,lundi,18:30,63,63300,0,0,2,2,1,1,1,4,2,02,1,2,0,40,1,5,1,4,1,12,2,2,4,0,2,1,5,200500034640A01,7,1,1,200070753
200500034643,2005-06-25,2005,juin,samedi,13:40,63,63245,0,0,1,2,3,1,1,3,2,02,1,1,0,72,1,0,1,4,1,10,5,3,9,0,2,0,1,200500034643A01,7,1,1,200070753
200500034658,2005-06-25,2005,juin,samedi,11:10,64,64102,0,0,2,1,3,1,1,4,2,02,1,1,0,116,1,0,1,4,1,35,5,2,2,0,2,8,2,200500034658B01,7,17,1,200067106
200500034677,2005-06-02,2005,juin,jeudi,10:28,64,64445,0,0,2,3,3,1,1,4,2,02,1,1,0,91,1,0,1,3,1,64,5,3,9,0,2,1,1,200500034677B01,7,15,1,200067254
200500034679,2005-06-03,2005,juin,vendredi,19:15,64,64445,0,0,2,1,1,2,2,4,2,02,1,1,0,86,2,0,1,4,1,15,5,3,9,0,2,1,19,200500034679A01,7,1,1,200067254
200500034706,2005-06-24,2005,juin,vendredi,15:45,64,64260,0,0,2,1,3,1,1,4,2,02,1,1,0,90,1,0,1,4,1,48,5,2,9,0,2,3,1,200500034706B01,7,12,1,200067106
200500034722,2005-06-02,2005,juin,jeudi,15:30,65,65433,0,0,2,3,3,1,1,3,2,02,1,2,0,70,1,0,1,4,2,52,5,3,9,0,2,5,1,200500034722B01,7,15,1,200069300
200500034738,2005-06-17,2005,juin,vendredi,09:40,65,65433,0,0,1,2,3,1,1,3,2,02,1,1,0,70,1,0,1,4,1,88,5,3,9,0,2,1,2,200500034738A01,7,2,1,200069300
200500034739,2005-06-16,2005,juin,jeudi,12:00,65,65440,0,0,2,1,3,1,1,4,2,02,-1,1,0,70,1,0,1,4,2,13,2,3,9,1,0,1,1,200500034739B01,7,22,1,200069300
200500034745,2005-06-22,2005,juin,mercredi,12:10,65,65440,0,0,2,2,3,1,1,4,1,01,1,1,0,70,1,0,1,4,2,40,1,3,9,0,2,1,13,200500034745A01,7,17,1,200069300
200500034746,2005-06-22,2005,juin,mercredi,19:40,65,65440,0,0,2,1,6,1,1,4,2,02,1,1,0,69,1,0,1,4,1,36,5,3,9,1,0,1,1,200500034746A01,,,,200069300
200500034773,2005-06-03,2005,juin,vendredi,16:05,67,67482,0,0,2,1,1,1,1,4,2,04,2,2,0,139,1,0,1,4,1,37,1,3,2,0,2,1,14,200500034773A01,7,1,1,246700488
200500034776,2005-06-04,2005,juin,samedi,11:31,67,67482,0,0,2,3,6,1,1,4,2,02,1,1,0,58,1,0,1,4,1,12,5,3,9,0,2,1,15,200500034776B01,7,1,1,246700488
200500034781,2005-06-07,2005,juin,mardi,14:20,67,67482,0,0,2,2,3,1,1,4,2,02,1,1,0,134,1,5,5,4,2,84,5,1,9,0,2,1,1,200500034781B01,7,1,1,246700488
200500034782,2005-06-08,2005,juin,mercredi,08:30,67,67482,0,0,2,1,3,1,1,9,2,00,1,3,0,0,1,0,1,4,1,56,1,3,9,0,2,1,1,200500034782A01,1,17,1,246700488
200500034782,2005-06-08,2005,juin,mercredi,08:30,67,67482,0,0,2,1,3,1,1,9,2,00,1,3,0,0,1,0,1,1,2,30,9,3,9,0,2,1,17,200500034782B01,1,1,1,246700488
200500034783,2005-06-09,2005,juin,jeudi,14:00,67,67482,0,0,2,3,3,1,1,3,2,02,1,1,0,60,1,0,0,4,2,19,2,3,9,0,2,1,1,200500034783B01,18,1,1,246700488
200500034791,2005-06-11,2005,juin,samedi,16:15,67,67482,0,0,2,1,3,1,1,4,2,02,1,1,0,53,1,0,1,4,1,8,5,3,9,0,2,7,1,200500034791B01,7,1,1,246700488
200500034797,2005-06-15,2005,juin,mercredi,14:20,67,67482,0,0,2,2,3,1,1,4,2,02,1,1,15,150,1,2,1,4,2,50,1,1,4,0,2,3,1,200500034797B01,7,16,1,246700488
200500034807,2005-06-19,2005,juin,dimanche,11:45,67,67482,0,0,1,1,5,1,1,9,2,02,1,3,0,0,1,0,5,4,1,35,9,3,9,0,2,1,1,200500034807B01,5,1,1,246700488
200500034807,2005-06-19,2005,juin,dimanche,11:45,67,67482,0,0,1,1,5,1,1,9,2,02,1,3,0,0,1,0,5,4,2,5,0,3,9,0,2,1,1,200500034807B01,5,1,1,246700488
200500034807,2005-06-19,2005,juin,dimanche,11:45,67,67482,0,0,1,1,5,1,1,9,2,02,1,3,0,0,1,0,5,4,1,9,9,3,9,0,2,1,1,200500034807C01,5,1,1,246700488
200500034808,2005-06-20,2005,juin,lundi,16:00,67,67482,0,0,2,1,3,1,1,4,2,02,1,4,0,22,1,0,5,1,1,61,5,3,9,0,2,8,1,200500034808A01,1,1,1,246700488
200500034808,2005-06-20,2005,juin,lundi,16:00,67,67482,0,0,2,1,3,1,1,4,2,02,1,4,0,22,1,0,5,4,2,57,0,3,2,0,2,8,1,200500034808B01,1,1,1,246700488
200500034810,2005-06-21,2005,juin,mardi,13:30,67,67482,0,0,2,2,3,1,1,4,2,02,1,1,0,32,1,0,1,4,1,23,5,3,9,0,2,1,1,200500034810B01,7,16,1,246700488
200500034813,2005-06-22,2005,juin,mercredi,18:35,67,67482,0,0,2,1,6,1,1,4,2,02,1,1,0,90,1,0,0,3,2,53,5,3,0,0,0,0,0,200500034813A01,,,,246700488
200500034820,2005-06-26,2005,juin,dimanche,18:45,67,67043,0,0,2,3,3,1,1,4,3,02,1,1,80,46,1,0,5,4,1,29,5,1,9,0,2,1,1,200500034820B01,7,16,1,246700488
200500034823,2005-06-28,2005,juin,mardi,07:50,67,67482,0,0,2,2,3,1,1,4,2,02,1,1,0,120,1,0,5,4,2,19,5,3,9,0,2,1,1,200500034823B01,7,15,1,246700488
200500034826,2005-06-28,2005,juin,mardi,18:10,67,67482,0,0,2,1,1,1,1,4,2,02,1,1,0,87,1,0,5,4,1,19,1,2,9,0,2,1,17,200500034826A01,1,1,1,246700488
200500034826,2005-06-28,2005,juin,mardi,18:10,67,67482,0,0,2,1,1,1,1,4,2,02,1,1,0,87,1,0,5,4,1,31,1,3,9,0,2,1,1,200500034826B01,1,17,1,246700488
200500034828,2005-06-29,2005,juin,mercredi,11:25,67,67482,0,0,2,3,3,1,1,4,2,02,1,1,0,86,1,0,1,4,2,41,5,3,9,0,2,7,1,200500034828B01,7,4,1,246700488
200500034830,2005-06-30,2005,juin,jeudi,08:55,67,67482,0,0,2,3,3,1,1,4,2,02,1,1,0,130,1,0,1,4,1,40,5,3,9,0,2,1,19,200500034830B01,7,15,1,246700488
200500034838,2005-06-17,2005,juin,vendredi,16:10,68,68066,0,0,2,1,6,1,1,4,2,02,1,1,0,108,1,0,1,1,1,30,5,2,9,0,1,1,17,200500034838A01,18,17 / 24,2,246800726
200500034838,2005-06-17,2005,juin,vendredi,16:10,68,68066,0,0,2,1,6,1,1,4,2,02,1,1,0,108,1,0,1,4,2,51,5,3,0,0,1,1,17,200500034838A01,18,17 / 24,2,246800726
200500034839,2005-06-20,2005,juin,lundi,13:12,68,68066,0,0,2,6,3,1,1,3,2,02,1,2,0,130,1,5,5,4,1,20,1,2,2,0,2,1,15,200500034839B01,7,16,1,246800726
200500034841,2005-06-22,2005,juin,mercredi,07:35,68,68066,0,0,2,2,3,1,1,3,2,02,1,1,0,120,1,0,5,4,1,57,1,2,2,0,2,1,1,200500034841B01,10,16,1,246800726
200500034846,2005-06-03,2005,juin,vendredi,15:40,68,68224,0,0,2,4,1,1,1,4,3,02,1,1,21,133,1,0,1,3,1,50,0,3,9,0,2,1,0,200500034846B01,7,1,1,200066009
200500034848,2005-06-06,2005,juin,lundi,12:05,68,68224,0,0,2,1,6,1,1,4,2,04,1,1,0,148,1,0,1,4,2,43,1,3,9,1,0,7,1,200500034848B01,7,22,1,200066009
200500034857,2005-06-22,2005,juin,mercredi,18:10,68,68224,0,0,2,3,3,1,1,4,2,02,1,1,0,79,1,0,1,4,1,15,5,2,9,0,2,1,15,200500034857A01,7,2,1,200066009
200500034861,2005-06-23,2005,juin,jeudi,11:40,68,68224,0,0,2,1,3,1,1,4,2,02,1,1,0,76,1,0,1,4,1,35,2,3,9,0,2,2,5,200500034861B01,2,5,1,200066009
200500034864,2005-06-08,2005,juin,mercredi,15:20,68,68297,0,0,2,3,3,1,1,2,2,02,1,-1,0,119,1,0,5,3,2,87,5,3,0,0,0,0,2,200500034864B01,15,16,1,200066058
200500034872,2005-06-14,2005,juin,mardi,19:30,69,69256,0,0,2,1,6,1,2,4,2,02,1,1,0,70,2,0,1,4,2,14,9,3,9,0,2,1,19,200500034872B01,7,1,1,200046977
200500034878,2005-06-15,2005,juin,mercredi,20:15,69,69259,0,0,2,2,3,1,1,4,2,02,1,1,0,123,1,0,1,3,1,34,5,3,9,0,2,1,2,200500034878B01,7,15,1,200046977
200500034881,2005-06-22,2005,juin,mercredi,21:00,69,69259,0,0,2,1,6,2,1,6,2,01,3,1,0,0,1,0,1,4,1,10,5,3,9,0,2,5,0,200500034881B01,7,20,1,200046977
200500034883,2005-06-26,2005,juin,dimanche,09:40,69,69264,0,0,2,6,6,1,1,4,2,01,1,2,0,87,1,0,1,4,1,29,5,3,9,0,2,7,15,200500034883B01,7,9,1,200040590
200500034887,2005-06-09,2005,juin,jeudi,13:47,69,69266,0,0,2,1,6,1,1,4,1,03,1,1,0,100,1,0,4,4,1,24,1,3,9,0,2,1,1,200500034887A01,,,,200046977
200500034895,2005-06-28,2005,juin,mardi,18:00,69,69282,0,0,2,2,3,1,3,4,2,02,-1,-1,0,0,2,0,1,4,2,17,5,3,9,0,2,0,19,200500034895A01,7,19,1,200046977
200500034923,2005-06-27,2005,juin,lundi,18:30,71,71270,0,0,2,1,1,1,1,4,2,02,1,1,0,0,1,0,1,4,1,7,5,3,9,0,2,1,0,200500034923B01,7,1,1,200070308
200500034947,2005-06-09,2005,juin,jeudi,16:16,72,72181,0,0,2,1,6,1,1,9,2,02,1,1,0,70,1,0,1,3,1,16,5,3,2,12,0,7,1,200500034947A01,,,,247200132
200500034958,2005-06-17,2005,juin,vendredi,16:30,72,72003,0,0,2,1,3,1,1,9,2,02,1,1,0,70,1,0,1,4,1,14,2,3,2,0,0,8,19,200500034958B01,7,1,1,247200132
200500034976,2005-06-29,2005,juin,mercredi,17:45,72,72003,0,0,2,1,1,1,2,9,2,01,1,1,0,53,1,0,1,3,1,14,5,3,2,0,0,1,1,200500034976B01,7,1,1,247200132
200500034982,2005-06-13,2005,juin,lundi,15:35,73,73008,0,0,2,1,6,1,1,5,2,02,1,1,0,100,1,0,0,1,1,16,9,1,2,0,1,1,2,200500034982A01,,,,200068674
200500034982,2005-06-13,2005,juin,lundi,15:35,73,73008,0,0,2,1,6,1,1,5,2,02,1,1,0,100,1,0,0,4,2,61,5,3,0,0,1,1,2,200500034982A01,,,,200068674
200500034997,2005-06-22,2005,juin,mercredi,13:55,74,74010,0,0,2,2,3,1,1,4,1,01,1,1,0,62,1,0,1,4,2,25,5,3,2,0,0,1,2,200500034997B01,7,2,1,200066793
200500035014,2005-06-16,2005,juin,jeudi,20:15,74,74119,0,0,2,1,3,2,1,4,2,02,1,1,0,66,1,0,1,4,1,15,5,3,4,0,0,7,19,200500035014A01,7,1,1,200071967
200500035019,2005-06-01,2005,juin,mercredi,00:35,75,75001,0,0,2,1,6,5,1,4,2,02,1,1,0,0,1,0,4,2,1,29,5,3,0,0,0,1,1,200500035019A01,,,,
200500035021,2005-06-01,2005,juin,mercredi,20:40,75,75007,0,0,2,1,2,1,1,4,2,06,1,1,0,180,1,0,1,3,2,30,9,3,0,0,2,4,1,200500035021B01,7,1,1,
200500035024,2005-06-03,2005,juin,vendredi,18:30,75,75014,0,0,2,1,3,1,1,4,2,04,1,1,0,120,1,0,1,3,2,44,9,3,0,0,2,4,7,200500035024B01,18,7,1,
200500035046,2005-06-01,2005,juin,mercredi,09:58,75,75007,0,0,2,4,7,1,1,4,2,04,1,1,0,120,1,0,1,4,1,41,5,3,0,0,0,1,21,200500035046A01,,,,
200500035057,2005-06-01,2005,juin,mercredi,18:20,75,75015,0,0,2,2,3,1,1,4,2,02,1,1,0,60,1,0,1,4,1,15,5,3,0,0,2,1,1,200500035057B01,7,15,1,
200500035067,2005-06-05,2005,juin,dimanche,05:17,75,75010,0,0,2,3,3,5,1,4,2,04,1,1,0,120,1,0,1,4,2,19,5,3,0,0,2,1,1,200500035067B01,7,16,1,
200500035108,2005-06-03,2005,juin,vendredi,09:45,75,75016,0,0,2,1,3,1,1,4,1,02,1,1,0,60,1,0,1,4,1,61,5,3,0,0,2,1,5,200500035108A01,10,16,1,
200500035109,2005-06-03,2005,juin,vendredi,08:50,75,75016,0,0,2,3,3,1,1,4,2,02,1,1,0,60,1,0,1,4,1,43,4,3,0,0,2,3,1,200500035109B01,7,16,1,
200500035110,2005-06-03,2005,juin,vendredi,09:40,75,75019,0,0,2,3,3,1,1,4,1,02,1,1,0,60,1,0,1,4,1,66,5,1,2,0,2,5,12,200500035110A01,5,1,1,
200500035114,2005-06-03,2005,juin,vendredi,22:00,75,75019,0,0,2,2,3,2,1,4,2,02,1,1,0,60,1,0,1,4,1,13,5,3,0,0,2,3,15,200500035114B01,7,1,1,
200500035137,2005-06-05,2005,juin,dimanche,16:50,75,75007,0,0,2,1,7,1,1,4,2,04,1,1,0,120,1,0,1,4,2,11,5,1,2,0,0,1,1,200500035137A01,,,,
200500035148,2005-06-06,2005,juin,lundi,17:35,75,75009,0,0,2,3,3,1,1,4,1,01,1,1,0,30,2,0,1,4,1,55,5,3,0,0,2,1,5,200500035148A01,7,7,1,
200500035183,2005-06-07,2005,juin,mardi,10:38,75,75003,0,0,2,2,2,1,1,4,1,03,1,1,0,90,1,0,1,4,1,46,5,3,0,0,2,1,7,200500035183A01,7,7,1,
200500035184,2005-06-07,2005,juin,mardi,12:00,75,75004,0,0,2,1,6,1,1,4,1,03,1,1,0,90,1,0,1,1,1,28,4,3,0,0,1,1,7,200500035184A01,,,,
200500035208,2005-06-08,2005,juin,mercredi,12:20,75,75011,0,0,2,1,3,1,1,4,2,02,1,1,0,60,1,0,1,4,1,19,5,3,0,0,2,2,15,200500035208A01,10,16,1,
200500035215,2005-06-08,2005,juin,mercredi,17:46,75,75016,0,0,2,1,3,1,1,4,2,04,1,1,0,120,1,0,1,4,1,25,5,3,0,0,2,1,1,200500035215B01,7,23,1,
200500035226,2005-06-09,2005,juin,jeudi,08:15,75,75006,0,0,2,1,6,1,1,4,1,03,1,1,0,90,1,0,1,3,1,27,4,3,0,12,0,1,1,200500035226A01,,,,
200500035258,2005-06-10,2005,juin,vendredi,10:00,75,75015,0,0,2,2,3,1,1,4,2,02,1,1,0,60,1,0,1,4,2,39,5,3,0,0,2,1,1,200500035258B01,7,15,1,
200500035275,2005-06-11,2005,juin,samedi,22:55,75,75012,0,0,2,1,6,5,1,4,2,05,1,1,0,150,1,0,1,4,2,25,5,3,0,1,0,1,21,200500035275A01,,,,
200500035286,2005-06-13,2005,juin,lundi,09:30,75,75001,0,0,2,4,3,1,1,4,2,04,1,1,0,120,1,0,1,4,2,24,5,3,0,0,2,1,7,200500035286A01,7,15,1,
200500035302,2005-06-13,2005,juin,lundi,19:15,75,75016,0,0,2,1,3,1,1,4,2,02,1,1,0,60,1,0,1,4,1,30,4,3,0,0,2,2,1,200500035302B01,7,22,1,
200500035308,2005-06-14,2005,juin,mardi,19:10,75,75007,0,0,2,3,7,1,1,4,2,04,1,1,0,120,1,0,1,3,1,40,5,3,0,0,0,1,1,200500035308A01,,,,
200500035315,2005-06-14,2005,juin,mardi,19:25,75,75016,0,0,2,1,7,1,1,4,2,02,1,1,0,60,1,0,1,4,1,47,5,3,0,0,0,1,1,200500035315A01,,,,
200500035316,2005-06-14,2005,juin,mardi,13:00,75,75016,0,0,2,1,3,1,1,4,2,02,1,1,0,60,1,0,1,4,1,26,5,3,0,0,2,2,1,200500035316B01,7,22,1,
200500035323,2005-06-15,2005,juin,mercredi,16:20,75,75011,0,0,2,1,7,1,2,4,3,02,1,1,10,60,2,0,1,4,2,42,4,3,0,0,0,2,21,200500035323A01,,,,
200500035349,2005-06-17,2005,juin,vendredi,18:30,75,75011,0,0,2,1,3,1,1,4,1,01,1,1,0,30,1,0,1,4,2,8,5,3,0,0,2,3,1,200500035349B01,7,17,1,
200500035367,2005-06-23,2005,juin,jeudi,06:57,75,75010,0,0,2,2,6,1,1,4,2,02,1,1,0,60,1,0,1,4,1,53,4,3,0,0,2,1,1,200500035367B01,7,0,1,
200500035368,2005-06-22,2005,juin,mercredi,17:05,75,75010,0,0,2,1,2,1,1,4,1,02,1,1,0,60,1,0,1,4,1,43,5,1,2,0,2,4,7,200500035368B01,2,7,1,
200500035375,2005-06-23,2005,juin,jeudi,19:17,75,75020,0,0,2,2,4,1,2,4,2,02,1,1,0,60,2,0,1,4,1,27,5,3,0,0,2,2,1,200500035375A01,7,16,1,
200500035375,2005-06-23,2005,juin,jeudi,19:17,75,75020,0,0,2,2,4,1,2,4,2,02,1,1,0,60,2,0,1,4,1,27,5,3,0,0,2,2,1,200500035375B01,7,16,1,
200500035376,2005-06-23,2005,juin,jeudi,19:00,75,75020,0,0,2,1,3,1,2,4,2,02,1,1,0,60,2,0,1,4,1,24,5,3,0,0,2,3,19,200500035376A01,7,1,1,
200500035381,2005-06-24,2005,juin,vendredi,19:55,75,75014,0,0,2,1,6,1,1,4,1,01,1,1,0,30,1,0,1,4,1,25,5,3,0,0,2,2,1,200500035381B01,7,22,1,
200500035386,2005-06-24,2005,juin,vendredi,19:15,75,75001,0,0,2,1,6,1,1,4,1,03,1,1,0,90,1,0,1,4,1,35,5,3,0,0,1,1,1,200500035386A01,,,,
200500035407,2005-06-09,2005,juin,jeudi,13:50,75,75017,0,0,2,2,3,1,1,4,2,02,1,1,0,60,1,0,1,4,2,63,5,3,0,0,2,1,1,200500035407B01,4,15,1,
200500035410,2005-06-12,2005,juin,dimanche,15:30,75,75020,0,0,2,1,3,1,1,4,2,03,1,1,0,90,1,0,1,4,1,25,5,3,0,0,2,1,1,200500035410B01,7,16,1,
200500035423,2005-06-14,2005,juin,mardi,11:45,75,75010,0,0,2,1,3,1,1,4,1,01,1,1,0,30,1,0,1,4,2,36,5,3,0,0,2,2,1,200500035423B01,7,22,1,
200500035428,2005-06-16,2005,juin,jeudi,22:46,75,75020,0,0,2,2,3,5,1,4,1,02,1,1,0,60,1,0,1,4,2,38,5,3,0,0,2,1,1,200500035428A01,7,1,1,
200500035439,2005-06-18,2005,juin,samedi,20:30,75,75001,0,0,2,3,3,1,1,4,1,03,1,1,0,90,1,0,1,4,1,32,5,1,2,0,2,3,7,200500035439B01,7,16,1,
200500035452,2005-06-19,2005,juin,dimanche,10:15,75,75015,0,0,2,2,3,1,1,4,1,01,1,1,0,30,1,0,1,4,1,36,5,3,0,0,2,3,1,200500035452B01,7,16,1,
200500035459,2005-06-20,2005,juin,lundi,14:45,75,75003,0,0,2,2,3,1,1,4,1,02,1,1,0,60,1,0,1,4,1,21,9,3,0,0,2,3,1,200500035459B01,7,16,1,
200500035463,2005-06-20,2005,juin,lundi,17:20,75,75012,0,0,2,2,6,1,1,4,2,04,1,1,0,120,1,0,1,4,2,21,5,3,0,0,2,3,1,200500035463B01,2,0,1,
200500035476,2005-06-21,2005,juin,mardi,18:15,75,75010,0,0,2,1,6,1,1,4,1,01,1,1,0,30,1,0,1,1,1,31,4,1,2,0,1,1,1,200500035476A01,,,,
200500035479,2005-06-21,2005,juin,mardi,18:25,75,75013,0,0,2,1,3,1,1,4,2,04,1,1,0,120,1,0,1,4,1,53,5,3,0,0,2,3,18,200500035479A01,10,1,1,
200500035486,2005-06-21,2005,juin,mardi,19:45,75,75016,0,0,2,1,7,1,1,4,2,03,1,1,0,90,1,0,1,4,1,50,5,3,0,0,0,1,1,200500035486A01,,,,
200500035524,2005-06-22,2005,juin,mercredi,18:40,75,75020,0,0,2,4,3,1,1,4,2,02,1,1,0,60,1,0,1,4,1,29,5,3,0,0,2,1,1,200500035524B01,7,15,1,
200500035533,2005-06-17,2005,juin,vendredi,19:15,75,75012,0,0,2,1,2,1,1,4,2,03,1,1,0,90,1,0,1,4,1,23,5,3,0,0,2,1,21,200500035533A01,18,1,1,
200500035543,2005-06-23,2005,juin,jeudi,13:30,75,75013,0,0,2,1,3,1,1,4,2,04,1,1,0,120,1,0,1,4,1,37,5,3,0,0,2,1,18,200500035543A01,7,23,1,
200500035550,2005-06-24,2005,juin,vendredi,11:20,75,75009,0,0,2,1,3,1,1,4,1,02,1,1,0,60,1,0,1,4,2,30,5,3,0,0,2,2,1,200500035550B01,7,22,1,
200500035560,2005-06-25,2005,juin,samedi,17:00,75,75006,0,0,2,2,6,1,1,4,1,01,1,1,0,30,1,0,1,4,1,26,5,3,0,0,1,1,1,200500035560A01,,,,
200500035562,2005-06-25,2005,juin,samedi,16:10,75,75008,0,0,2,2,3,1,1,4,1,01,1,1,0,30,1,0,1,4,1,54,5,3,0,0,2,1,1,200500035562B01,7,1,1,
200500035581,2005-06-26,2005,juin,dimanche,19:10,75,75017,0,0,2,1,3,1,1,4,1,01,1,1,0,30,1,0,1,4,1,42,5,3,0,0,2,1,1,200500035581B01,7,22,1,
200500035595,2005-06-27,2005,juin,lundi,18:30,75,75011,0,0,2,1,3,1,1,4,1,01,1,1,0,30,1,0,1,4,1,48,5,3,0,0,2,1,1,200500035595B01,7,22,1,
200500035598,2005-06-27,2005,juin,lundi,16:45,75,75016,0,0,2,1,7,1,1,4,2,02,1,1,0,60,1,0,1,4,1,57,5,3,0,0,0,1,1,200500035598A01,,,,
200500035599,2005-06-27,2005,juin,lundi,18:25,75,75018,0,0,2,3,3,1,1,4,1,01,1,1,0,30,1,0,1,4,1,13,5,3,0,0,2,1,16,200500035599A01,7,1,1,
200500035600,2005-06-27,2005,juin,lundi,20:20,75,75018,0,0,2,1,1,1,1,4,1,01,1,1,0,30,1,0,1,4,1,25,5,3,0,0,2,1,1,200500035600B01,1,0,1,
200500035613,2005-06-28,2005,juin,mardi,20:40,75,75011,0,0,2,1,3,1,2,4,1,01,1,1,0,30,2,0,1,4,1,11,5,3,0,0,2,1,1,200500035613B01,7,0,1,
200500035617,2005-06-28,2005,juin,mardi,08:30,75,75012,0,0,2,3,1,1,1,4,1,03,1,1,0,90,1,0,1,4,2,45,1,3,0,0,2,1,1,200500035617B01,7,15,1,
200500035633,2005-06-30,2005,juin,jeudi,08:45,75,75003,0,0,2,2,3,1,1,4,1,02,1,1,0,60,1,0,1,4,2,55,1,3,0,0,2,3,1,200500035633B01,2,1,1,
200500035646,2005-06-30,2005,juin,jeudi,14:10,75,75013,0,0,2,1,3,1,8,4,2,02,1,1,0,60,2,0,1,4,1,12,5,3,0,0,2,6,15,200500035646A01,7,1,1,
200500035657,2005-06-30,2005,juin,jeudi,10:15,75,75018,0,0,2,1,3,1,1,4,2,02,1,1,0,60,1,0,1,4,1,30,1,3,0,0,2,1,1,200500035657B01,14,22,1,
200500035658,2005-06-29,2005,juin,mercredi,09:15,75,75019,0,0,2,1,3,1,1,4,1,01,1,1,0,30,1,0,1,4,2,24,1,1,2,0,2,1,1,200500035658B01,7,16,1,
200500035672,2005-06-30,2005,juin,jeudi,13:45,75,75011,0,0,2,1,3,1,2,4,2,02,1,1,0,60,2,0,1,4,2,42,4,3,0,0,2,1,1,200500035672B01,7,22,1,
200500035757,2005-06-10,2005,juin,vendredi,12:45,76,76447,0,0,2,2,3,1,1,4,2,02,2,1,0,55,1,0,1,3,1,13,5,2,2,0,2,7,1,200500035757A01,7,1,1,200084952
200500035759,2005-06-11,2005,juin,samedi,23:55,76,76447,0,0,1,1,2,5,1,3,2,02,1,2,0,90,1,0,5,3,1,41,5,3,4,0,0,4,9,200500035759B01,99,14,1,200084952
200500035772,2005-06-02,2005,juin,jeudi,17:00,76,76540,0,0,2,1,2,1,1,4,3,03,1,2,0,90,1,0,1,3,1,13,5,3,2,0,0,4,1,200500035772B01,7,1,1,200023414
200500035777,2005-06-06,2005,juin,lundi,21:05,76,76322,0,0,2,1,3,1,1,4,2,02,1,3,0,60,1,0,1,4,1,35,4,3,9,0,2,1,9,200500035777A01,7,15,1,200023414
200500035790,2005-06-16,2005,juin,jeudi,18:15,76,76108,0,0,2,1,3,1,1,3,3,02,1,1,0,54,1,0,1,4,2,25,5,3,9,0,2,2,1,200500035790B01,7,16,1,200023414
200500035801,2005-06-27,2005,juin,lundi,21:10,76,76484,0,0,2,1,1,1,1,4,2,02,1,2,0,60,1,5,1,4,1,19,5,3,9,0,2,1,5,200500035801A01,7,1,1,200023414
200500035823,2005-06-27,2005,juin,lundi,22:45,77,77407,0,0,2,1,3,2,1,4,2,02,1,1,0,51,1,0,1,3,2,13,5,3,9,0,0,6,13,200500035823B01,7,17,1,247700057
200500035833,2005-06-02,2005,juin,jeudi,22:00,77,77143,0,0,2,1,7,2,1,2,2,02,2,1,0,60,1,0,1,4,2,48,5,2,2,0,0,1,2,200500035833A01,,,,200072130
200500035836,2005-06-06,2005,juin,lundi,12:30,77,77284,0,0,2,3,3,1,3,4,2,02,1,1,0,70,2,5,1,4,1,21,9,2,2,0,2,1,2,200500035836A01,7,2,1,200072130
200500035860,2005-06-27,2005,juin,lundi,18:20,77,77445,0,0,2,1,3,1,1,4,2,02,1,1,0,49,1,0,1,3,1,5,5,2,9,0,2,8,19,200500035860B01,4,0,1,200059228
200500035862,2005-06-05,2005,juin,dimanche,18:45,77,77294,0,0,2,2,6,1,1,4,-1,01,1,1,0,40,1,0,1,3,1,12,5,3,9,0,9,0,19,200500035862A01,7,0,2,200055655
200500035895,2005-06-01,2005,juin,mercredi,20:15,78,78138,0,0,2,1,3,1,1,4,2,02,1,1,0,38,1,0,1,3,1,7,5,1,2,0,2,0,19,200500035895B01,7,1,1,200059889
200500035895,2005-06-01,2005,juin,mercredi,20:15,78,78138,0,0,2,1,3,1,1,4,2,02,1,1,0,38,1,0,1,4,1,7,0,2,2,0,2,0,19,200500035895B01,7,1,1,200059889