Num_Acc,date,an,mois,jour,hrmn,dep,com,lat,long,agg,int,col,lum,atm,catr,circ,nbv,prof,plan,lartpc,larrout,surf,infra,situ,grav,sexe,age,trajet,secuexist,equipement,obs,obsm,choc,manv,vehiculeid,typevehicules,manoeuvehicules,numVehicules,_infos_commune.code_epci
200500035902,2005-06-12,2005,juin,dimanche,11:25,78,78382,0,0,2,1,7,1,1,3,2,02,1,1,0,58,1,0,1,4,1,50,0,2,2,0,1,1,1,200500035902A01,,,,249500109
200500035906,2005-06-20,2005,juin,lundi,11:30,78,78172,0,0,2,1,7,1,1,4,2,02,1,1,0,60,1,0,1,4,1,61,5,1,2,14,0,0,1,200500035906A01,,,,200059889
200500035907,2005-06-23,2005,juin,jeudi,09:00,78,78015,0,0,2,6,3,1,1,4,1,01,1,2,0,60,1,5,1,4,1,23,4,2,2,0,2,7,1,200500035907B01,7,0,1,200059889
200500035947,2005-06-27,2005,juin,lundi,08:30,78,78299,0,0,2,1,6,1,1,4,1,01,1,1,0,50,1,0,1,3,1,9,2,2,2,0,0,0,1,200500035947B01,7,1,1,200059889
200500035956,2005-06-22,2005,juin,mercredi,10:15,78,78642,0,0,2,9,3,1,1,4,1,01,1,2,0,0,1,0,1,4,1,58,5,2,9,0,2,0,1,200500035956B01,7,16,1,200059889
200500035960,2005-06-30,2005,juin,jeudi,10:50,78,78672,0,0,2,1,6,1,2,4,2,02,1,1,0,70,2,0,5,3,1,70,5,1,2,0,0,9,0,200500035960A01,,,,200059889
200500035989,2005-06-21,2005,juin,mardi,18:47,78,78640,0,0,2,1,3,1,1,3,1,02,1,1,0,69,1,3,1,3,1,56,5,3,9,0,2,4,0,200500035989B01,18,12,1,247800584
200500035993,2005-06-02,2005,juin,jeudi,19:30,78,78117,0,0,2,1,3,1,1,4,2,02,2,1,0,40,1,0,1,4,1,18,5,1,2,0,2,5,19,200500035993B01,7,1,1,247800584
200500035999,2005-06-12,2005,juin,dimanche,09:30,78,78646,0,0,2,1,6,1,1,4,2,00,1,1,0,0,1,0,1,4,1,45,5,2,9,0,2,1,1,200500035999B01,7,11,1,247800584
200500036006,2005-06-26,2005,juin,dimanche,10:00,78,78646,0,0,2,1,3,1,1,4,2,02,1,1,0,160,1,0,1,4,1,30,4,1,9,0,2,8,19,200500036006B01,7,1,1,247800584
200500036027,2005-06-08,2005,juin,mercredi,17:00,80,80021,0,0,2,1,2,1,1,4,2,02,1,1,0,80,1,0,1,4,1,33,5,2,9,0,2,1,1,200500036027A01,7,15,1,248000531
200500036030,2005-06-09,2005,juin,jeudi,16:15,80,80021,0,0,2,1,3,1,1,4,2,02,1,1,0,600,1,0,1,4,1,58,5,2,9,0,2,1,1,200500036030B01,7,22,1,248000531
200500036032,2005-06-13,2005,juin,lundi,17:40,80,80021,0,0,2,1,3,1,1,4,1,01,1,1,0,70,1,0,1,4,1,18,5,3,9,0,2,8,19,200500036032A01,7,1,1,248000531
200500036040,2005-06-21,2005,juin,mardi,14:00,80,80021,0,0,2,4,3,1,1,4,2,02,1,1,0,0,1,0,1,4,1,48,1,3,9,0,2,0,1,200500036040B01,7,1,1,248000531
200500036046,2005-06-24,2005,juin,vendredi,15:55,80,80021,0,0,2,2,3,1,1,4,2,03,1,1,0,110,1,0,1,4,1,29,5,3,9,0,2,1,1,200500036046A01,7,16,1,248000531
200500036112,2005-06-01,2005,juin,mercredi,07:35,83,83137,0,0,2,1,3,1,1,4,2,02,2,1,0,130,1,0,1,3,2,48,1,1,2,0,2,1,1,200500036112B01,7,15,1,248300543
200500036114,2005-06-01,2005,juin,mercredi,16:43,83,83137,0,0,2,7,3,1,1,4,2,01,1,1,0,120,1,0,1,3,1,34,1,3,9,0,2,1,1,200500036114B01,7,16,1,248300543
200500036135,2005-06-30,2005,juin,jeudi,14:20,83,83137,0,0,2,1,2,1,1,4,2,00,1,1,0,70,1,0,1,3,1,17,5,3,2,0,2,1,2,200500036135A01,7,2,1,248300543
200500036149,2005-06-08,2005,juin,mercredi,10:45,84,84007,0,0,2,1,6,1,1,4,1,01,1,1,0,30,1,0,1,1,1,16,5,2,9,0,0,1,1,200500036149A01,,,,248400251
200500036169,2005-06-15,2005,juin,mercredi,09:00,84,84035,0,0,2,1,1,1,1,4,2,02,1,-1,0,74,1,0,1,4,2,62,0,1,9,0,2,6,1,200500036169B01,7,1,1,200040442
200500036170,2005-06-17,2005,juin,vendredi,12:05,84,84035,0,0,2,1,1,1,1,4,2,02,1,1,0,75,1,0,1,4,2,18,0,1,9,0,2,6,1,200500036170B01,15,1,1,200040442
200500036194,2005-06-01,2005,juin,mercredi,15:40,86,86194,0,0,2,2,3,1,1,4,2,02,1,1,0,65,1,0,1,4,2,64,5,2,9,0,2,1,1,200500036194B01,7,9,1,200069854
200500036252,2005-06-25,2005,juin,samedi,14:55,87,87085,0,0,2,1,7,1,1,4,-1,20,-1,-1,0,60,1,0,1,3,1,15,5,3,2,0,0,2,1,200500036252A01,,,,248719312
200500036254,2005-06-26,2005,juin,dimanche,13:48,87,87085,0,0,2,1,3,1,1,4,2,02,-1,1,0,60,1,0,1,4,1,10,5,3,2,0,2,1,19,200500036254A01,7,1,1,248719312
200500036293,2005-06-13,2005,juin,lundi,15:30,90,90010,0,0,2,6,3,1,1,4,1,01,1,2,0,70,-1,5,1,4,1,39,5,3,9,0,2,1,2,200500036293B01,7,16,1,200069052
200500036294,2005-06-17,2005,juin,vendredi,18:30,90,90010,0,0,2,1,6,1,1,9,2,02,1,1,0,32,1,0,5,4,1,30,5,2,2,0,1,1,1,200500036294A01,,,,200069052
200500036294,2005-06-17,2005,juin,vendredi,18:30,90,90010,0,0,2,1,6,1,1,9,2,02,1,1,0,32,1,0,5,4,1,9,5,3,0,0,1,1,1,200500036294A01,,,,200069052
200500036312,2005-06-29,2005,juin,mercredi,15:30,91,91103,0,0,1,2,6,1,1,9,1,01,1,1,0,45,1,0,1,3,1,18,0,3,9,3,2,1,0,200500036312B01,7,1,1,200057859
200500036313,2005-06-30,2005,juin,jeudi,13:30,91,91103,0,0,2,1,1,1,1,9,2,02,1,1,0,0,1,0,1,4,1,9,5,3,9,0,2,1,9,200500036313A01,7,1,1,200057859
200500036339,2005-06-03,2005,juin,vendredi,11:00,91,91223,0,0,2,1,3,1,1,4,2,02,1,1,0,630,1,0,5,4,2,14,5,3,9,0,2,1,0,200500036339B01,7,1,1,200017846
200500036341,2005-06-20,2005,juin,lundi,17:32,91,91223,0,0,2,1,3,1,1,4,1,02,1,2,0,72,1,0,1,4,1,48,5,2,2,0,2,8,13,200500036341B01,7,17,1,200017846
200500036350,2005-06-14,2005,juin,mardi,18:30,91,91228,0,0,2,1,3,1,1,9,2,02,1,1,0,70,1,0,1,4,1,26,5,2,2,0,2,8,1,200500036350B01,2,13,1,200059228
200500036358,2005-06-07,2005,juin,mardi,15:45,91,91434,0,0,2,1,6,1,1,4,2,02,1,1,0,56,1,0,1,2,1,17,5,2,2,0,2,1,21,200500036358A01,7,13,1,200057859
200500036362,2005-06-17,2005,juin,vendredi,19:00,91,91434,0,0,1,1,6,1,1,9,-1,00,-1,1,0,0,1,0,0,1,1,18,0,3,9,0,1,0,5,200500036362A01,,,,200057859
200500036367,2005-06-09,2005,juin,jeudi,14:20,91,91421,0,0,2,1,3,1,1,4,2,02,2,1,0,70,1,0,1,4,1,29,5,3,9,0,0,2,1,200500036367B01,7,13,1,200058477
200500036384,2005-06-08,2005,juin,mercredi,17:30,91,91064,0,0,2,1,1,1,1,4,2,02,1,4,0,0,1,0,5,4,1,65,5,1,2,0,2,1,1,200500036384B01,2,1,1,247800584
200500036389,2005-06-23,2005,juin,jeudi,08:35,91,91645,0,0,2,2,3,1,1,4,3,02,1,1,0,0,1,0,1,4,1,14,5,1,2,0,2,7,19,200500036389A01,7,1,1,200056232
200500036395,2005-06-23,2005,juin,jeudi,12:35,91,91471,0,0,2,6,1,1,1,3,1,02,1,4,0,70,1,5,1,4,1,74,5,1,2,0,2,1,1,200500036395B01,7,9,1,200056232
200500036396,2005-06-24,2005,juin,vendredi,19:15,91,91692,0,0,2,1,1,1,1,4,1,02,1,1,0,71,1,0,1,4,2,12,5,2,2,0,2,7,19,200500036396B01,7,1,1,200056232
200500036426,2005-06-22,2005,juin,mercredi,12:15,92,92004,0,0,2,2,6,1,1,4,2,04,1,1,0,110,1,0,1,4,1,29,0,3,9,0,2,1,21,200500036426A01,7,21,1,200054781
200500036428,2005-06-29,2005,juin,mercredi,17:50,92,92004,0,0,2,9,6,1,1,3,-1,00,1,1,0,69,1,0,1,4,1,15,5,3,9,0,2,3,15,200500036428B01,7,9,1,200054781
200500036429,2005-06-30,2005,juin,jeudi,17:05,92,92004,0,0,2,3,6,1,1,4,1,00,1,1,0,60,1,0,1,4,1,13,9,3,9,14,0,1,21,200500036429B01,7,23,1,200054781
200500036433,2005-06-21,2005,juin,mardi,19:45,92,92007,0,0,2,6,3,1,1,3,2,02,2,1,10,92,1,5,1,4,1,14,5,3,9,0,2,6,1,200500036433B01,7,1,1,200054781
200500036444,2005-06-13,2005,juin,lundi,21:35,92,92012,0,0,2,1,6,2,1,3,2,01,1,1,40,120,1,0,1,4,2,53,5,2,9,1,0,1,2,200500036444B01,7,22,1,200054781
200500036480,2005-06-24,2005,juin,vendredi,11:30,92,92024,0,0,2,1,2,1,1,3,1,03,1,1,0,105,1,0,1,4,1,25,9,2,9,0,0,4,11,200500036480B01,7,1,1,200054781
200500036487,2005-06-15,2005,juin,mercredi,13:45,92,92025,0,0,2,3,6,1,2,3,2,03,1,-1,0,100,2,0,1,4,1,13,2,2,9,0,0,1,9,200500036487B01,7,1,1,200054781
200500036513,2005-06-27,2005,juin,lundi,07:55,92,92036,0,0,2,1,3,1,1,3,2,02,1,1,0,70,1,2,1,3,1,26,1,3,9,0,2,1,19,200500036513A01,18,1,1,200054781
200500036527,2005-06-14,2005,juin,mardi,12:40,92,92044,0,0,2,7,3,1,1,4,1,00,1,1,0,0,1,0,1,4,1,51,1,3,9,0,2,1,2,200500036527B01,7,2,1,200054781
200500036528,2005-06-14,2005,juin,mardi,18:25,92,92044,0,0,2,2,1,1,1,3,1,02,1,1,0,0,1,0,0,4,2,36,1,3,9,0,2,1,0,200500036528B01,7,7,1,200054781
200500036540,2005-06-06,2005,juin,lundi,17:20,92,92020,0,0,2,6,3,1,9,3,2,02,2,1,0,0,-1,0,1,3,1,15,1,3,9,0,2,1,2,200500036540A01,7,15,1,200054781
200500036540,2005-06-06,2005,juin,lundi,17:20,92,92020,0,0,2,6,3,1,9,3,2,02,2,1,0,0,-1,0,1,3,1,16,0,3,9,0,2,1,2,200500036540A01,7,15,1,200054781
200500036546,2005-06-22,2005,juin,mercredi,08:40,92,92049,0,0,2,2,3,1,9,3,2,00,1,1,28,135,-1,0,1,4,1,39,1,3,9,0,2,1,2,200500036546A01,7,15,1,200054781
200500036577,2005-06-15,2005,juin,mercredi,19:00,92,92063,0,0,2,1,3,1,1,3,1,00,1,1,0,0,1,0,0,4,1,7,9,3,9,0,2,3,0,200500036577A01,7,2,1,200054781
200500036577,2005-06-15,2005,juin,mercredi,19:00,92,92063,0,0,2,1,3,1,1,3,1,00,1,1,0,0,1,0,0,4,1,14,0,3,9,0,2,3,0,200500036577A01,7,2,1,200054781
200500036588,2005-06-03,2005,juin,vendredi,09:10,92,92072,0,0,2,1,3,1,1,3,2,00,1,1,0,117,1,0,1,4,1,29,1,2,2,0,2,1,1,200500036588B01,7,11,1,200054781
200500036604,2005-06-14,2005,juin,mardi,10:00,92,92073,0,0,2,4,7,1,1,4,1,01,4,-1,0,0,1,5,1,4,1,16,0,2,9,0,0,0,1,200500036604A01,,,,200054781
200500036630,2005-06-26,2005,juin,dimanche,19:30,93,93005,0,0,2,3,3,1,1,4,2,02,1,1,0,50,1,0,1,4,1,12,0,2,9,0,2,1,9,200500036630A01,7,2,1,200054781
200500036671,2005-06-08,2005,juin,mercredi,01:10,93,93006,0,0,2,1,2,5,1,4,2,02,2,1,0,100,1,0,5,2,2,24,0,3,9,0,2,4,2,200500036671A01,7,18,1,200054781
200500036681,2005-06-07,2005,juin,mardi,17:40,93,93046,0,0,2,1,3,1,1,4,2,02,1,1,0,80,1,0,1,4,1,17,0,3,9,0,2,3,19,200500036681B01,7,1,1,200054781
200500036705,2005-06-12,2005,juin,dimanche,11:30,93,93049,0,0,2,1,2,1,1,2,1,03,1,1,0,102,1,0,1,4,1,74,5,3,9,0,2,4,13,200500036705B01,7,21,1,200054781
200500036709,2005-06-01,2005,juin,mercredi,14:00,93,93051,0,0,2,3,3,1,1,4,-1,02,1,1,0,60,1,0,1,3,1,28,5,3,9,0,2,1,15,200500036709A01,7,21,1,200054781
200500036811,2005-06-11,2005,juin,samedi,20:45,93,93073,0,0,2,1,5,1,1,4,-1,02,1,1,0,50,1,0,1,4,1,8,5,3,9,1,0,8,24,200500036811B01,5 / 7,21 / 24,2,200054781
200500036839,2005-06-02,2005,juin,jeudi,08:00,94,94017,0,0,2,1,3,1,1,2,2,04,1,1,10,128,1,0,1,4,2,13,4,3,2,0,0,2,19,200500036839B01,7,1,1,200054781
200500036860,2005-06-09,2005,juin,jeudi,16:15,94,94018,0,0,2,1,2,1,1,9,1,04,1,1,0,120,1,2,1,1,1,54,1,3,9,0,2,6,11,200500036860B01,5,1,1,200054781
200500036864,2005-06-14,2005,juin,mardi,17:25,94,94053,0,0,2,2,1,1,1,4,2,00,1,1,0,0,1,0,1,4,1,45,0,3,0,0,2,1,2,200500036864B01,7,15,1,200054781
200500036884,2005-06-10,2005,juin,vendredi,07:40,94,94028,0,0,2,1,2,1,1,2,3,04,1,1,10,120,1,5,1,4,1,35,1,3,2,0,2,1,2,200500036884A01,7,14,1,200054781
200500036889,2005-06-17,2005,juin,vendredi,18:00,94,94028,0,0,2,1,2,1,1,4,2,02,1,1,0,60,1,0,1,4,1,13,5,3,9,0,0,4,11,200500036889B01,7,1,1,200054781
200500036890,2005-06-19,2005,juin,dimanche,10:50,94,94028,0,0,2,1,3,1,1,4,2,02,1,1,0,0,1,0,1,4,1,13,5,3,9,0,2,1,2,200500036890B01,7,1,1,200054781
200500036938,2005-06-18,2005,juin,samedi,16:40,94,94042,0,0,2,1,3,1,1,4,2,02,1,-1,0,50,1,0,1,4,1,34,5,3,9,0,2,0,1,200500036938B01,7,18,1,200054781
200500036948,2005-06-13,2005,juin,lundi,13:53,94,94068,0,0,2,1,3,1,1,3,2,02,1,1,0,68,1,0,1,3,1,12,2,2,2,0,2,6,19,200500036948A01,7,1,1,200054781
200500036950,2005-06-19,2005,juin,dimanche,10:55,94,94068,0,0,2,1,6,1,1,4,2,02,1,1,0,59,1,0,1,4,1,5,5,3,2,0,2,8,13,200500036950B01,7,17,1,200054781
200500036952,2005-06-22,2005,juin,mercredi,15:00,94,94074,0,0,2,2,6,1,1,3,2,00,1,1,0,0,1,5,1,4,1,15,5,3,2,0,2,2,15,200500036952A01,10,2,1,200054781
200500036968,2005-06-11,2005,juin,samedi,00:30,94,94081,0,0,2,2,3,5,1,3,3,05,1,3,0,0,1,5,1,4,1,23,9,3,2,0,2,1,0,200500036968A01,7,0,1,200054781
200500036969,2005-06-13,2005,juin,lundi,08:05,94,94081,0,0,2,3,6,1,1,3,2,02,3,1,0,33,1,0,1,4,1,42,1,3,2,0,2,1,1,200500036969B01,7,15,1,200054781
200500036978,2005-06-02,2005,juin,jeudi,11:34,95,95582,0,0,2,1,6,1,1,4,1,01,1,1,0,35,1,0,5,4,2,55,3,3,4,11,0,8,1,200500036978A01,,,,200058485
200500036980,2005-06-05,2005,juin,dimanche,13:05,95,95018,0,0,1,1,6,1,1,4,2,02,1,1,0,68,1,0,1,4,1,23,5,3,4,1,0,1,1,200500036980A01,,,,200054781
200500037001,2005-06-30,2005,juin,jeudi,07:40,95,95018,0,0,2,6,3,1,1,4,2,02,1,3,0,80,1,5,1,3,1,78,5,3,9,0,2,4,1,200500037001B01,7,1,1,200054781
200500037035,2005-06-18,2005,juin,samedi,15:50,95,95219,0,0,2,6,2,1,1,4,2,02,1,1,0,0,1,5,1,4,2,40,5,3,2,0,2,1,1,200500037035B01,7,4,1,200058485
200500037046,2005-06-26,2005,juin,dimanche,21:25,95,95280,0,0,2,1,6,1,1,4,2,02,1,1,0,53,1,0,1,3,1,7,5,3,9,0,2,1,1,200500037046B01,7,1,1,200055655
200500037051,2005-06-19,2005,juin,dimanche,12:55,95,95306,0,0,2,3,6,1,1,4,2,01,1,1,0,62,1,0,1,4,1,16,5,3,9,0,0,8,2,200500037051B01,10,2,1,200058485
200500037055,2005-06-29,2005,juin,mercredi,16:45,95,95306,0,0,2,1,2,1,1,3,3,06,1,1,10,220,2,2,1,4,1,61,5,2,2,0,0,4,1,200500037055A01,7,2,1,200058485
200500037074,2005-06-15,2005,juin,mercredi,18:21,2A,2A004,0,0,2,6,2,1,1,2,3,04,1,2,65,216,1,0,1,3,1,47,5,3,2,0,0,4,1,200500037074B01,7,2,1,242010056
200500037414,2005-06-08,2005,juin,mercredi,08:50,69,69386,0,0,2,1,3,1,1,4,2,06,1,1,0,0,1,0,1,4,1,38,4,3,9,0,2,8,1,200500037414A01,7,1,1,200046977
200500037416,2005-06-09,2005,juin,jeudi,17:30,69,69383,0,0,2,1,3,1,1,4,1,01,1,1,0,0,1,0,1,4,1,12,5,3,9,0,2,1,1,200500037416A01,7,1,1,200046977
200500037419,2005-06-13,2005,juin,lundi,11:40,69,69386,0,0,2,2,3,1,1,4,1,03,1,1,0,0,1,0,1,4,2,27,5,3,9,0,2,7,5,200500037419A01,7,1,1,200046977
200500037434,2005-06-28,2005,juin,mardi,08:30,69,69383,0,0,2,1,1,1,1,4,2,03,1,1,0,0,1,0,1,1,1,33,4,3,9,0,2,1,9,200500037434A01,7,1,1,200046977
200500037434,2005-06-28,2005,juin,mardi,08:30,69,69383,0,0,2,1,1,1,1,4,2,03,1,1,0,0,1,0,1,3,1,5,0,3,2,0,2,1,9,200500037434A01,7,1,1,200046977
200500037461,2005-06-25,2005,juin,samedi,04:20,69,69385,0,0,2,2,3,2,1,3,1,02,2,2,0,0,1,0,1,3,1,16,1,1,4,0,2,0,1,200500037461B01,7,15,1,200046977
200500037475,2005-06-08,2005,juin,mercredi,08:30,69,69387,0,0,2,1,3,1,1,4,2,04,1,1,0,150,1,0,4,4,1,13,2,1,9,0,2,1,1,200500037475B01,7,1,1,200046977
200500037581,2005-06-16,2005,juin,jeudi,15:15,59,59011,50.535,2.939,2,1,3,1,1,3,2,02,1,1,0,62,1,0,1,2,1,50,5,3,0,0,2,0,1,200500037581B02,14,17,1,200093201
200500037590,2005-06-21,2005,juin,mardi,19:00,59,59553,0,0,2,1,1,1,1,3,2,00,-1,1,0,73,1,6,1,4,2,42,5,3,0,0,2,1,19,200500037590B02,7,1,1,200093201
200500037593,2005-06-06,2005,juin,lundi,18:00,59,59266,0,0,2,1,1,1,1,3,2,00,-1,2,0,0,1,0,1,4,1,13,5,3,0,0,0,2,9,200500037593B02,7,1,1,200041960
200500037594,2005-06-10,2005,juin,vendredi,15:15,59,59266,0,0,2,1,1,1,1,3,2,02,1,1,0,60,1,0,1,4,1,12,2,1,4,0,2,1,19,200500037594A01,7,1,1,200041960
200500037602,2005-06-17,2005,juin,vendredi,16:30,59,59338,50.87,2.42,1,1,5,1,1,3,2,00,1,1,0,68,1,0,1,4,1,65,5,3,0,0,2,1,23,200500037602C03,7,19 / 1,2,200040954
200500037602,2005-06-17,2005,juin,vendredi,16:30,59,59338,50.87,2.42,1,1,5,1,1,3,2,00,1,1,0,68,1,0,1,4,2,64,5,3,0,0,2,1,23,200500037602D04,7,19 / 1,2,200040954
200500037619,2005-06-26,2005,juin,dimanche,09:15,59,59222,0,0,1,1,1,1,1,3,2,02,1,3,0,74,1,0,5,2,1,34,5,1,2,0,2,1,0,200500037619B02,7,19,1,200044618
200500037657,2005-06-02,2005,juin,jeudi,19:15,80,80024,0,0,1,1,1,1,1,3,2,00,1,1,0,57,1,0,1,3,1,18,5,3,0,0,2,4,13,200500037657A01,7,17,1,200071223
200500037688,2005-06-01,2005,juin,mercredi,15:30,80,80238,49.984,2.623,2,1,1,1,1,3,2,02,1,1,0,67,1,5,1,4,2,83,9,0,2,0,0,6,19,200500037688B02,7,1,1,248000747
200500037732,2005-06-27,2005,juin,lundi,16:45,60,60143,0,0,2,1,3,1,1,3,2,00,1,1,70,0,1,0,1,4,1,3,5,3,0,0,2,0,0,200500037732A01,18,0,1,246000707
200500037747,2005-06-02,2005,juin,jeudi,20:30,60,60368,0,0,2,1,3,1,1,2,2,04,1,1,12,146,1,5,1,3,2,12,5,3,0,0,2,7,19,200500037747A01,7,1,1,246000772
200500037766,2005-06-14,2005,juin,mardi,18:00,60,60346,49.158,2.448,2,1,3,1,1,4,2,02,1,1,0,32,1,0,1,4,1,12,5,3,0,0,2,3,9,200500037766B02,7,1,1,246000764
200500037790,2005-06-11,2005,juin,samedi,14:45,76,76436,49.45,0.85,1,1,2,1,1,3,2,02,1,1,0,91,1,0,1,4,1,38,5,3,0,1,0,1,2,200500037790B02,7,1,1,200023414
200500037794,2005-06-12,2005,juin,dimanche,11:45,76,76750,49.463,0.831,1,4,3,1,1,3,2,02,1,1,15,75,1,5,1,3,1,77,5,1,2,0,2,4,15,200500037794B02,7,19,1,200023414
200500037798,2005-06-30,2005,juin,jeudi,10:00,76,76741,49.662,0.245,1,6,3,1,2,3,2,02,1,1,0,56,2,5,1,3,2,22,1,3,0,0,2,7,9,200500037798B02,7,9,1,200084952
200500037800,2005-06-11,2005,juin,samedi,17:00,76,76477,0,0,1,1,5,1,1,4,2,00,1,4,0,57,1,1,1,2,1,68,5,3,0,0,2,1,1,200500037800C03,21 / 99,1,2,200084952
200500037812,2005-06-24,2005,juin,vendredi,11:30,76,76057,49.55,0.96,2,1,1,1,1,3,2,02,2,1,0,73,1,0,1,3,1,23,5,1,2,0,2,1,1,200500037812B02,7,15,1,247600646
200500037818,2005-06-01,2005,juin,mercredi,16:30,27,27118,0,0,2,1,2,1,1,3,2,02,1,1,0,58,1,0,1,3,2,14,5,3,0,0,2,8,13,200500037818A01,7,1,1,242700607
200500037825,2005-06-29,2005,juin,mercredi,19:30,27,27423,48.786,1.313,1,2,3,1,1,3,2,02,1,1,0,43,1,0,1,4,1,22,9,3,0,0,2,0,16,200500037825B02,7,1,1,200071454
200500037846,2005-06-13,2005,juin,lundi,17:15,27,27022,0,0,1,1,3,1,1,4,2,00,1,1,0,59,1,0,1,4,1,13,5,3,0,0,2,3,19,200500037846A01,7,1,1,200089456
200500037856,2005-06-24,2005,juin,vendredi,16:45,27,27485,0,0,2,1,3,1,2,3,2,00,1,1,0,70,2,0,1,3,1,15,5,3,0,0,0,8,1,200500037856A01,7,1,1,200065787
200500037857,2005-06-29,2005,juin,mercredi,20:30,27,27065,0,0,2,1,1,1,1,3,2,02,1,1,0,70,1,0,1,4,1,13,5,3,0,0,2,8,15,200500037857B02,5,1,1,200066827
200500037877,2005-06-07,2005,juin,mardi,18:15,35,35122,48.613,-1.9,1,3,3,1,1,3,2,00,1,2,0,208,1,5,1,3,1,14,5,3,0,0,2,1,16,200500037877B02,7,0,1,243500782
200500037883,2005-06-20,2005,juin,lundi,10:15,35,35246,48.539,-1.807,1,1,1,1,1,3,2,00,1,1,0,70,1,0,1,3,1,41,5,3,0,0,2,1,1,200500037883B02,7,19,1,200070670
200500037896,2005-06-18,2005,juin,samedi,10:30,22,22237,48.53,-2.259,1,1,1,1,1,3,2,00,1,1,60,0,1,0,1,3,1,57,5,2,2,0,2,1,1,200500037896B02,3,13,1,200068989
200500037917,2005-06-03,2005,juin,vendredi,18:45,29,29030,48.642,-4.131,1,1,1,1,1,4,2,01,1,1,0,50,1,0,1,3,1,11,5,3,0,0,2,1,15,200500037917B02,7,1,1,200067072
200500037953,2005-06-20,2005,juin,lundi,13:45,14,14092,49.126,-0.296,2,6,3,1,1,3,2,00,-1,-1,0,0,1,5,1,3,1,72,0,3,0,0,2,1,1,200500037953B02,7,1,1,200065597
200500037962,2005-06-07,2005,juin,mardi,15:30,14,14047,0,0,2,1,3,1,1,3,2,02,1,1,0,75,1,5,1,4,1,59,0,3,0,0,2,1,1,200500037962B02,7,15,1,241400555
200500037967,2005-06-29,2005,juin,mercredi,14:15,14,14386,0,0,1,2,3,1,1,3,2,02,1,1,35,76,1,5,1,3,1,7,5,1,2,0,0,8,1,200500037967A01,7,1,1,
200500038014,2005-06-26,2005,juin,dimanche,11:30,61,61507,0,0,1,1,5,1,3,2,2,02,1,1,0,80,2,0,1,4,2,47,5,3,0,0,2,4,1,200500038014B02,7,1,1,200036069
200500038014,2005-06-26,2005,juin,dimanche,11:30,61,61507,0,0,1,1,5,1,3,2,2,02,1,1,0,80,2,0,1,4,1,53,5,3,0,0,2,4,1,200500038014C03,7,1,1,200036069
200500038039,2005-06-01,2005,juin,mercredi,20:15,44,44138,47.533,-1.636,1,1,3,1,1,4,2,00,1,1,0,42,1,2,1,3,1,38,5,3,0,0,2,1,15,200500038039B02,9,1,1,244400537
200500038053,2005-06-13,2005,juin,lundi,23:45,44,44010,0,0,1,1,1,3,1,4,2,02,1,1,0,45,1,0,1,2,2,73,5,3,0,0,2,1,1,200500038053B02,7,1,1,244400610
200500038060,2005-06-07,2005,juin,mardi,08:30,44,44217,0,0,1,1,3,1,1,3,2,00,1,1,0,97,1,0,1,3,1,66,0,1,2,0,2,7,15,200500038060A01,7,1,1,244400503
200500038062,2005-06-21,2005,juin,mardi,19:00,44,44194,0,0,2,3,3,1,1,3,2,00,-1,1,0,75,1,0,1,3,1,50,5,3,0,0,2,1,1,200500038062B02,7,15,1,244400404
200500038076,2005-06-12,2005,juin,dimanche,12:45,49,49244,47.36,-0.857,2,1,1,1,1,3,2,02,-1,1,0,56,1,0,1,3,1,15,0,3,0,0,2,0,1,200500038076B02,7,1,1,200060010
200500038079,2005-06-04,2005,juin,samedi,19:00,49,49092,47.224,-0.727,2,1,2,1,1,2,2,02,-1,1,0,56,1,0,1,1,2,14,9,3,0,0,0,4,13,200500038079B02,5,17,1,200060010
200500038093,2005-06-11,2005,juin,samedi,18:30,49,49336,47.038,-0.61,2,1,6,1,1,5,-1,00,1,1,0,0,1,6,0,4,2,7,0,3,0,0,1,1,1,200500038093A01,,,,200071678
200500038093,2005-06-11,2005,juin,samedi,18:30,49,49336,47.038,-0.61,2,1,6,1,1,5,-1,00,1,1,0,0,1,6,0,3,2,73,5,3,0,0,1,1,1,200500038093A01,,,,200071678
200500038105,2005-06-08,2005,juin,mercredi,11:45,53,53065,48.151,-0.415,1,1,5,1,1,3,2,00,-1,1,0,72,1,0,1,3,2,19,5,3,0,0,2,1,1,200500038105C03,7,1 / 15,2,
200500038128,2005-06-24,2005,juin,vendredi,18:15,72,72289,0,0,2,1,1,1,1,4,2,02,-1,1,0,81,1,0,1,3,1,16,1,3,0,0,2,1,15,200500038128B02,7,1,1,200068963
200500038159,2005-06-23,2005,juin,jeudi,16:30,85,85276,46.742,-1.083,2,1,3,1,1,2,2,02,1,1,22,77,1,0,1,3,1,9,9,3,0,0,2,8,19,200500038159B02,14,1,1,248500340
200500038168,2005-06-04,2005,juin,samedi,17:00,85,85078,46.31,-0.73,2,7,7,1,1,9,-1,00,-1,-1,0,0,1,0,0,3,1,14,5,3,0,14,0,1,1,200500038168A01,,,,248500563
200500038170,2005-06-10,2005,juin,vendredi,17:15,85,85031,46.773,-0.93,1,2,2,1,1,3,2,02,2,4,0,72,1,0,1,2,2,20,5,3,0,0,2,5,15,200500038170B02,5,1,1,248500464
200500038172,2005-06-01,2005,juin,mercredi,08:00,85,85163,0,0,2,1,3,1,1,4,-1,00,1,1,0,52,1,0,1,3,1,14,2,3,0,0,2,8,2,200500038172B02,2,2,1,248500191
200500038193,2005-06-16,2005,juin,jeudi,18:15,33,33327,44.655,-0.358,2,1,1,1,1,9,2,02,1,-1,0,40,1,0,1,3,1,13,5,3,0,0,2,1,15,200500038193B02,7,1,1,200069581
200500038199,2005-06-18,2005,juin,samedi,10:30,33,33289,44.649,0.084,1,1,1,1,1,3,2,00,-1,1,0,55,1,0,1,4,1,70,5,1,2,0,0,4,1,200500038199A01,7,17,1,200044394