Num_Acc,date,an,mois,jour,hrmn,dep,com,lat,long,agg,int,col,lum,atm,catr,circ,nbv,prof,plan,lartpc,larrout,surf,infra,situ,grav,sexe,age,trajet,secuexist,equipement,obs,obsm,choc,manv,vehiculeid,typevehicules,manoeuvehicules,numVehicules,_infos_commune.code_epci
200500042461,2005-07-20,2005,juillet,mercredi,10:35,06,06157,0,0,2,1,3,1,1,3,2,02,2,1,0,78,1,0,1,3,1,54,5,3,0,0,0,1,1,200500042461B02,7,15,1,200030195
200500042487,2005-07-15,2005,juillet,vendredi,08:15,83,83116,0,0,1,1,1,1,1,3,2,02,-1,1,0,73,1,0,1,2,1,55,5,1,2,0,2,1,1,200500042487B02,7,17,1,200068104
200500042534,2005-07-29,2005,juillet,vendredi,13:45,84,84122,0,0,2,1,5,1,1,3,2,00,1,1,0,80,1,0,5,3,1,43,5,1,4,0,0,4,1,200500042534B02,7,1,1,248400053
200500042534,2005-07-29,2005,juillet,vendredi,13:45,84,84122,0,0,2,1,5,1,1,3,2,00,1,1,0,80,1,0,5,3,2,41,5,1,4,0,0,4,1,200500042534C03,7,1,1,248400053
200500042534,2005-07-29,2005,juillet,vendredi,13:45,84,84122,0,0,2,1,5,1,1,3,2,00,1,1,0,80,1,0,5,3,1,1,0,1,3,0,0,4,1,200500042534C03,7,1,1,248400053
200500042534,2005-07-29,2005,juillet,vendredi,13:45,84,84122,0,0,2,1,5,1,1,3,2,00,1,1,0,80,1,0,5,3,2,4,0,1,3,0,0,4,1,200500042534C03,7,1,1,248400053
200500042540,2005-07-25,2005,juillet,lundi,12:00,84,84017,0,0,1,1,1,1,1,3,2,02,2,2,0,51,1,0,1,3,1,14,5,1,2,0,2,1,16,200500042540A01,7,15,1,248400053
200500042544,2005-07-16,2005,juillet,samedi,09:15,84,84078,0,0,2,1,1,1,1,2,3,00,1,1,20,160,1,5,1,4,1,68,5,2,2,0,2,3,1,200500042544B02,7,15,1,200000628
200500042585,2005-07-10,2005,juillet,dimanche,10:30,34,34150,43.342,3.534,2,1,3,1,1,4,2,02,1,1,0,75,1,0,1,3,2,15,5,3,0,0,2,3,15,200500042585B02,7,17,1,200066355
200500042592,2005-07-14,2005,juillet,jeudi,11:10,34,34213,0,0,1,1,2,1,1,2,2,04,-1,1,0,0,1,0,1,3,1,70,5,0,2,0,0,4,2,200500042592B02,2,2,1,200066355
200500042607,2005-07-18,2005,juillet,lundi,20:15,11,11336,0,0,2,1,1,1,1,4,2,00,2,3,0,0,1,0,1,3,1,57,5,3,0,1,0,1,13,200500042607B02,7,1,1,200043776
200500042621,2005-07-04,2005,juillet,lundi,17:15,30,30133,0,0,1,1,5,1,1,3,2,00,-1,1,0,90,1,5,1,3,1,16,5,3,0,0,2,1,19,200500042621A01,7,1 / 15,2,243000650
200500042627,2005-07-27,2005,juillet,mercredi,09:15,30,30003,0,0,2,1,7,1,1,3,2,02,2,3,0,86,1,0,1,2,1,62,5,3,0,0,0,8,0,200500042627A01,,,,243000650
200500042686,2005-07-13,2005,juillet,mercredi,15:05,66,66008,0,0,2,1,1,1,1,4,2,02,1,1,0,82,1,0,1,2,1,74,5,3,0,0,2,8,19,200500042686B02,7,1,1,200043602
200500042701,2005-07-23,2005,juillet,samedi,08:15,2A,2A163,41.501,8.954,1,1,3,1,1,2,2,00,2,4,0,63,1,0,1,3,1,55,5,2,2,0,2,3,1,200500042701B02,7,13,1,200040764
200500042702,2005-07-08,2005,juillet,vendredi,18:45,2A,2A247,0,0,2,1,3,1,1,3,2,02,1,1,60,0,1,0,1,2,1,16,5,3,0,0,2,8,19,200500042702A01,7,1,1,200040764
200500042739,2005-07-13,2005,juillet,mercredi,14:15,78,78653,48.816,1.851,1,1,5,1,1,3,2,02,1,1,0,64,1,0,1,2,1,80,5,1,2,0,0,4,1,200500042739B02,7,1,1,247800618
200500042739,2005-07-13,2005,juillet,mercredi,14:15,78,78653,48.816,1.851,1,1,5,1,1,3,2,02,1,1,0,64,1,0,1,3,1,74,5,1,2,0,0,4,1,200500042739C03,7,1,1,247800618
200500042765,2005-07-20,2005,juillet,mercredi,18:15,95,95094,0,0,1,1,1,1,1,3,2,00,4,1,0,0,1,5,1,4,1,73,5,3,0,0,2,8,19,200500042765B02,7,15,1,200055655
200500042773,2005-07-31,2005,juillet,dimanche,20:00,77,77002,0,0,2,1,7,1,1,4,2,00,-1,-1,50,0,-1,0,0,4,1,43,5,2,2,0,5,0,0,200500042773A01,,,,200090504
200500042800,2005-07-27,2005,juillet,mercredi,15:00,45,45093,0,0,1,1,2,1,1,2,2,02,1,1,5,80,1,0,1,2,1,67,5,3,0,0,0,4,11,200500042800A01,7,1,1,200035764
200500042801,2005-07-01,2005,juillet,vendredi,15:00,45,45182,47.699,1.773,2,1,1,1,1,3,2,00,1,1,0,73,1,0,1,3,1,37,5,2,2,0,2,1,1,200500042801B02,7,19,1,200005932
200500042813,2005-07-28,2005,juillet,jeudi,16:00,45,45271,0,0,2,1,3,1,2,4,2,00,-1,-1,0,0,2,0,1,4,1,15,5,3,0,0,2,1,15,200500042813A01,7,1,1,244500211
200500042866,2005-07-01,2005,juillet,vendredi,15:45,36,36018,0,0,1,1,6,1,1,3,2,02,-1,1,0,0,2,0,1,2,1,75,5,3,0,0,2,7,14,200500042866B02,7,0,1,243600319
200500042879,2005-07-18,2005,juillet,lundi,11:15,37,37224,47.591,0.777,2,1,1,1,1,3,2,02,1,1,0,74,1,0,1,3,1,19,5,1,2,0,2,0,1,200500042879B02,14,20,1,243700499
200500042894,2005-07-18,2005,juillet,lundi,09:50,37,37108,0,0,1,1,3,1,1,3,2,02,1,1,0,67,1,0,1,2,1,78,5,1,2,0,2,3,15,200500042894A01,17,17,1,200071587
200500042922,2005-07-15,2005,juillet,vendredi,19:00,29,29293,0,0,2,2,1,1,1,4,2,02,1,1,0,80,1,0,1,3,2,6,5,3,0,0,2,3,19,200500042922B02,2,1,1,242900769
200500042935,2005-07-08,2005,juillet,vendredi,13:05,87,87203,45.624,1.433,1,1,2,1,1,3,2,00,-1,1,0,73,1,0,1,2,1,57,5,3,0,0,2,4,1,200500042935B02,7,2,1,200040814
200500042979,2005-07-14,2005,juillet,jeudi,10:15,60,60584,0,0,1,1,6,1,1,3,2,00,1,1,0,80,1,0,1,2,1,64,9,3,0,0,0,4,1,200500042979A01,,,,200068047
200500042984,2005-07-24,2005,juillet,dimanche,10:45,60,60686,0,0,1,1,1,1,2,3,2,02,1,-1,0,50,2,0,1,4,1,47,5,1,2,0,0,1,0,200500042984B02,7,23,1,200067973
200500042998,2005-07-07,2005,juillet,jeudi,08:05,68,68278,0,0,2,1,6,1,1,3,2,00,-1,-1,0,0,1,5,1,4,1,2005,5,0,2,0,2,1,15,200500042998A01,,,,200066009
200500043027,2005-07-24,2005,juillet,dimanche,10:45,13,13032,43.567,5.354,2,6,1,1,1,3,2,02,1,1,0,82,1,0,1,4,1,33,5,3,0,0,2,8,2,200500043027B02,7,14,1,200054807
200500043128,2005-07-26,2005,juillet,mardi,17:30,38,38229,0,0,2,9,1,1,1,9,2,01,4,2,0,0,1,1,5,1,1,24,4,1,2,0,0,8,1,200500043128A01,1,13,1,200040715
200500043128,2005-07-26,2005,juillet,mardi,17:30,38,38229,0,0,2,9,1,1,1,9,2,01,4,2,0,0,1,1,5,3,2,53,4,3,0,0,0,8,13,200500043128B02,1,1,1,200040715
200500043132,2005-07-04,2005,juillet,lundi,18:45,33,33122,44.742,-0.657,2,1,1,1,1,2,4,00,-1,-1,0,0,1,5,1,3,1,18,5,3,0,0,0,1,15,200500043132B02,5,17,1,243301165
200500043173,2005-07-18,2005,juillet,lundi,11:15,56,56214,47.505,-2.839,2,1,1,1,1,4,2,02,4,1,0,59,1,0,1,4,1,51,5,3,0,0,2,1,1,200500043173B02,7,15,1,200067932
200500043183,2005-07-02,2005,juillet,samedi,09:30,34,34337,0,0,1,1,2,1,1,3,2,02,1,1,0,66,1,0,1,4,1,73,5,1,2,0,2,4,1,200500043183B02,7,19,1,243400017
200500043190,2005-07-31,2005,juillet,dimanche,04:15,34,34159,0,0,1,1,2,3,1,2,2,02,3,1,45,135,1,0,1,4,1,60,9,3,0,0,2,4,1,200500043190A01,7,1,1,200066355
200500043200,2005-07-18,2005,juillet,lundi,07:30,67,67309,48.645,7.709,2,1,3,1,1,4,2,02,1,1,0,60,1,0,1,3,1,52,0,1,2,0,2,1,1,200500043200B02,7,20,1,246700488
200500043275,2005-07-04,2005,juillet,lundi,10:00,30,30047,0,0,2,2,3,1,1,4,1,01,1,1,0,50,1,0,1,3,2,66,5,1,2,0,2,1,1,200500043275B02,7,1,1,243000643
200500043297,2005-07-09,2005,juillet,samedi,13:30,25,25186,47.344,5.938,2,1,1,1,1,4,2,00,1,2,0,45,1,0,1,3,1,17,5,3,0,0,2,1,5,200500043297B02,7,1,1,242500361
200500043306,2005-07-03,2005,juillet,dimanche,00:45,01,01451,0,0,1,1,6,3,1,4,2,02,1,1,0,100,1,0,1,3,1,18,4,1,2,0,2,2,1,200500043306A01,,,,200071751
200500043307,2005-07-20,2005,juillet,mercredi,05:00,01,01289,0,0,2,1,6,5,1,2,2,02,1,1,0,0,1,0,1,4,1,43,1,3,4,0,2,8,1,200500043307B01,7,1,1,200071751
200500043357,2005-07-02,2005,juillet,samedi,12:40,05,05061,0,0,2,1,3,1,1,2,2,02,1,1,0,91,1,0,1,4,1,48,5,3,9,0,2,1,1,200500043357B01,7,15,1,200067825
200500043384,2005-07-05,2005,juillet,mardi,10:20,06,06027,0,0,2,1,6,1,1,4,2,02,1,1,0,0,1,0,1,4,1,64,0,3,2,0,0,0,1,200500043384B01,7,22,1,200030195
200500043419,2005-07-08,2005,juillet,vendredi,18:28,06,06030,0,0,2,1,3,1,1,3,2,04,1,1,0,128,1,0,1,4,2,80,5,1,9,0,2,4,17,200500043419A01,2,2,1,200039915
200500043444,2005-07-22,2005,juillet,vendredi,17:30,06,06029,0,0,2,1,3,1,1,4,3,02,1,1,0,64,1,0,1,4,1,60,5,3,9,0,2,8,11,200500043444B01,4,17,1,200039915
200500043448,2005-07-25,2005,juillet,lundi,22:10,06,06029,0,0,1,1,1,5,1,4,2,02,1,1,0,71,1,0,1,4,2,69,5,1,9,0,2,7,19,200500043448B01,2,1,1,200039915
200500043450,2005-07-27,2005,juillet,mercredi,12:50,06,06029,0,0,2,1,3,1,1,4,2,02,1,1,10,68,1,0,1,4,1,19,5,3,9,1,0,1,1,200500043450B01,7,22,1,200039915
200500043456,2005-07-29,2005,juillet,vendredi,09:50,06,06029,0,0,1,1,3,1,1,4,1,01,1,1,0,60,1,0,1,4,1,25,1,3,9,1,2,2,1,200500043456B01,7,22,1,200039915
200500043496,2005-07-02,2005,juillet,samedi,17:05,06,06088,0,0,2,2,3,1,1,4,1,01,1,1,0,63,1,0,1,4,2,35,5,2,2,0,2,8,0,200500043496B01,7,1,1,200030195
200500043499,2005-07-04,2005,juillet,lundi,18:35,06,06088,0,0,2,2,3,1,1,4,1,03,1,1,0,51,1,0,1,4,2,31,5,3,2,0,2,1,0,200500043499A01,2,1,1,200030195
200500043510,2005-07-06,2005,juillet,mercredi,17:30,06,06088,0,0,2,3,6,1,1,4,1,01,1,1,0,76,1,0,1,1,1,38,4,3,9,0,1,1,1,200500043510A01,,,,200030195
200500043517,2005-07-08,2005,juillet,vendredi,09:30,06,06088,0,0,2,2,6,1,1,4,1,01,1,1,0,100,1,0,1,1,1,25,9,3,9,0,1,1,0,200500043517A01,,,,200030195
200500043538,2005-07-11,2005,juillet,lundi,14:30,06,06088,0,0,2,1,3,1,1,4,1,01,1,2,0,120,1,0,1,4,2,14,5,2,2,1,0,1,1,200500043538B01,7,24,1,200030195
200500043553,2005-07-15,2005,juillet,vendredi,14:15,06,06088,0,0,2,1,6,1,1,2,-1,01,1,1,0,0,1,0,5,4,1,31,4,3,2,0,2,0,0,200500043553B01,2,0,1,200030195
200500043555,2005-07-15,2005,juillet,vendredi,18:25,06,06088,0,0,2,2,3,1,1,4,1,02,1,1,0,100,1,0,1,4,1,29,9,3,9,0,2,6,1,200500043555B01,2,1,1,200030195
200500043559,2005-07-16,2005,juillet,samedi,19:45,06,06088,0,0,2,2,3,1,1,4,-1,01,1,1,0,79,1,0,1,4,1,48,9,3,9,0,2,0,1,200500043559B01,7,15,1,200030195
200500043581,2005-07-21,2005,juillet,jeudi,22:50,06,06088,0,0,2,1,2,5,1,4,3,04,2,2,29,77,1,0,1,4,2,44,5,1,4,0,2,0,1,200500043581B01,7,1,1,200030195
200500043589,2005-07-23,2005,juillet,samedi,11:20,06,06088,0,0,1,1,6,1,1,4,1,00,1,1,0,0,1,0,0,1,2,23,9,3,2,0,1,1,1,200500043589A01,,,,200030195
200500043589,2005-07-23,2005,juillet,samedi,11:20,06,06088,0,0,1,1,6,1,1,4,1,00,1,1,0,0,1,0,0,4,1,75,5,3,0,0,1,1,1,200500043589A01,,,,200030195
200500043592,2005-07-25,2005,juillet,lundi,10:15,06,06088,0,0,2,1,6,1,1,4,2,02,1,1,0,50,1,0,1,1,1,32,5,3,2,0,1,1,1,200500043592A01,,,,200030195
200500043634,2005-07-10,2005,juillet,dimanche,17:45,08,08497,0,0,1,1,2,1,1,3,2,02,1,1,0,54,1,0,1,2,2,46,5,3,4,0,2,4,2,200500043634B01,7,2,1,200041630
200500043635,2005-07-14,2005,juillet,jeudi,21:30,08,08480,0,0,2,3,3,2,1,2,2,02,1,3,0,90,1,0,1,4,1,10,5,3,4,0,2,1,10,200500043635A01,5,1,1,200041630
200500043641,2005-07-28,2005,juillet,jeudi,18:35,08,08105,0,0,2,1,1,1,1,4,2,02,1,1,0,57,1,0,1,3,1,22,5,3,9,0,2,1,13,200500043641A01,7,1,1,200041630
200500043653,2005-07-05,2005,juillet,mardi,15:20,10,10297,0,0,2,1,1,1,1,4,2,02,1,1,0,80,1,0,1,3,1,15,5,3,9,0,2,1,13,200500043653A01,7,1,1,200069250
200500043671,2005-07-06,2005,juillet,mercredi,10:10,13,13001,0,0,2,1,1,1,1,3,1,02,1,2,0,72,1,2,1,4,1,46,5,1,2,0,2,1,1,200500043671B01,7,5,1,200054807
200500043819,2005-07-19,2005,juillet,mardi,18:10,13,13055,0,0,2,9,3,1,1,4,2,01,1,1,72,71,1,0,1,4,1,29,5,2,9,0,2,8,1,200500043819A01,7,1,1,200054807
200500043839,2005-07-19,2005,juillet,mardi,13:35,13,13055,0,0,2,1,3,1,1,4,2,00,2,1,0,80,1,0,1,4,1,39,5,3,9,0,2,2,2,200500043839A01,7,2,1,200054807
200500044024,2005-07-16,2005,juillet,samedi,17:50,14,14341,0,0,2,3,1,1,1,4,2,02,1,1,0,70,-1,0,5,3,1,64,5,2,2,0,2,1,1,200500044024B01,2,15,1,200065597
200500044037,2005-07-28,2005,juillet,jeudi,17:00,14,14327,0,0,2,1,3,1,1,4,2,02,1,1,0,59,1,0,1,4,1,11,5,2,2,0,2,1,1,200500044037A01,7,1,1,200065597
200500044037,2005-07-28,2005,juillet,jeudi,17:00,14,14327,0,0,2,1,3,1,1,4,2,02,1,1,0,59,1,0,1,3,2,8,0,2,2,0,2,1,1,200500044037A01,7,1,1,200065597
200500044051,2005-07-17,2005,juillet,dimanche,19:35,14,14366,0,0,2,2,3,1,1,4,1,01,1,1,0,70,1,0,1,3,2,33,5,2,2,0,0,8,1,200500044051B01,7,1,1,200069532
200500044073,2005-07-28,2005,juillet,jeudi,11:20,17,17299,0,0,2,2,3,1,1,3,2,02,1,1,0,73,1,0,1,3,1,45,5,3,9,0,2,2,19,200500044073A01,7,1,1,200041762
200500044082,2005-07-10,2005,juillet,dimanche,17:50,17,17300,0,0,2,1,3,1,1,4,1,02,1,1,0,120,1,0,1,3,1,15,5,2,2,0,2,3,1,200500044082B01,18,17,1,241700434
200500044083,2005-07-11,2005,juillet,lundi,17:50,17,17300,0,0,2,1,2,1,1,4,2,02,1,1,0,68,1,0,1,4,2,16,5,3,9,0,2,4,13,200500044083A01,7,1,1,241700434
200500044093,2005-07-21,2005,juillet,jeudi,17:55,17,17300,0,0,2,1,6,1,1,4,2,02,1,1,0,70,1,0,1,4,2,39,0,3,9,14,0,1,1,200500044093B01,7,22,1,241700434
200500044101,2005-07-28,2005,juillet,jeudi,19:20,17,17300,0,0,2,2,3,1,1,4,1,01,1,1,0,60,1,5,5,4,2,20,9,1,2,0,2,7,1,200500044101B01,7,1,1,241700434
200500044108,2005-07-14,2005,juillet,jeudi,01:00,17,17306,0,0,2,6,6,5,1,3,2,02,-1,2,0,0,1,0,1,4,2,18,9,2,9,0,2,0,0,200500044108B01,7,0,1,241700640
200500044134,2005-07-21,2005,juillet,jeudi,08:30,18,18205,0,0,1,1,6,1,1,2,2,02,3,3,0,0,1,0,1,3,2,26,5,3,9,0,2,0,2,200500044134B01,,,,241800507
200500044149,2005-07-12,2005,juillet,mardi,18:10,19,19031,0,0,2,3,3,1,1,4,2,02,1,1,0,0,1,0,1,4,1,20,1,2,2,0,2,1,1,200500044149B01,7,15,1,200043172
200500044203,2005-07-21,2005,juillet,jeudi,19:51,24,24322,0,0,2,1,6,1,1,3,2,02,-1,1,0,75,1,0,1,4,1,32,0,3,9,0,2,1,19,200500044203A01,7,1,1,200040392
200500044221,2005-07-26,2005,juillet,mardi,08:50,25,25056,0,0,1,1,3,1,1,4,1,01,1,1,0,30,1,0,1,4,2,26,0,3,9,1,0,1,1,200500044221B01,7,22,1,242500361
200500044226,2005-07-29,2005,juillet,vendredi,12:10,25,25056,0,0,2,1,2,1,1,4,2,02,2,1,0,80,1,0,1,3,1,58,5,1,9,0,2,4,1,200500044226B01,7,1,1,242500361
200500044229,2005-07-11,2005,juillet,lundi,15:20,25,25580,0,0,2,3,1,1,1,4,-1,02,1,1,0,0,1,0,1,4,1,8,5,2,2,0,2,1,1,200500044229B01,7,16,1,200065647
200500044230,2005-07-27,2005,juillet,mercredi,12:46,25,25388,0,0,2,1,3,1,1,9,-1,02,-1,1,0,60,-1,0,1,4,1,9,5,3,9,0,2,8,0,200500044230B01,7,1,1,200065647
200500044241,2005-07-27,2005,juillet,mercredi,19:30,26,26198,0,0,2,1,6,1,1,4,2,02,1,1,0,148,1,0,1,3,1,49,5,3,9,0,2,8,15,200500044241A01,7,1,1,200040459
200500044257,2005-07-25,2005,juillet,lundi,17:20,26,26362,0,0,2,1,3,1,1,4,2,02,1,1,0,100,1,0,4,3,1,19,1,3,9,0,2,1,1,200500044257A01,7,23,1,200068781
200500044315,2005-07-04,2005,juillet,lundi,07:29,29,29232,0,0,1,6,6,1,1,4,1,00,1,2,0,800,1,0,1,4,1,68,0,3,9,0,2,1,1,200500044315B01,7,9,1,200068120
200500044346,2005-07-07,2005,juillet,jeudi,17:05,30,30189,0,0,2,1,3,1,1,3,3,06,1,1,0,190,1,0,1,4,2,22,1,3,2,0,2,1,1,200500044346B01,7,16,1,243000643
200500044407,2005-07-09,2005,juillet,samedi,15:35,31,31555,0,0,2,1,7,1,1,4,1,02,1,1,0,28,1,0,1,4,1,52,5,3,2,0,0,1,1,200500044407A01,,,,243100518
200500044435,2005-07-20,2005,juillet,mercredi,11:45,31,31555,0,0,2,2,3,1,1,4,2,03,1,1,0,84,1,0,1,1,2,23,9,3,2,0,2,4,19,200500044435A01,2,1,1,243100518
200500044457,2005-07-29,2005,juillet,vendredi,13:05,31,31555,0,0,2,1,2,1,1,4,2,04,1,1,0,121,1,0,1,4,2,42,1,3,2,0,2,4,2,200500044457B01,7,2,1,243100518
200500044470,2005-07-28,2005,juillet,jeudi,10:45,33,33009,0,0,2,1,6,1,1,4,2,02,1,1,0,32,1,0,5,3,1,53,5,3,9,14,1,2,1,200500044470A01,,,,243300563
200500044472,2005-07-01,2005,juillet,vendredi,18:30,33,33063,0,0,2,1,6,1,1,4,2,03,1,1,0,120,1,0,1,3,1,34,0,3,9,0,1,1,1,200500044472A01,,,,243300316
200500044482,2005-07-06,2005,juillet,mercredi,16:30,33,33063,0,0,2,2,3,1,1,4,3,04,1,1,10,60,1,0,1,4,1,38,1,3,2,0,2,1,19,200500044482B01,7,1,1,243300316
200500044486,2005-07-07,2005,juillet,jeudi,22:30,33,33063,0,0,1,1,2,5,1,4,2,02,1,1,0,0,1,0,1,4,1,37,0,3,9,14,0,1,1,200500044486B01,7,23,1,243300316
200500044490,2005-07-10,2005,juillet,dimanche,00:02,33,33063,0,0,2,1,6,5,1,4,1,01,1,1,0,0,1,4,1,4,1,21,0,3,2,0,4,0,0,200500044490A01,19,0,1,243300316
200500044504,2005-07-06,2005,juillet,mercredi,17:50,33,33075,0,0,2,3,1,1,1,4,2,02,1,1,0,68,1,0,1,1,1,28,9,3,9,0,2,1,1,200500044504A01,1,1,1,243300316
200500044504,2005-07-06,2005,juillet,mercredi,17:50,33,33075,0,0,2,3,1,1,1,4,2,02,1,1,0,68,1,0,1,4,2,94,9,3,9,0,2,1,1,200500044504B01,1,1,1,243300316
200500044505,2005-07-08,2005,juillet,vendredi,15:45,33,33063,0,0,2,2,6,1,1,4,2,02,1,1,0,0,1,0,1,1,1,18,0,3,9,0,1,1,1,200500044505A01,,,,243300316
200500044518,2005-07-18,2005,juillet,lundi,08:10,33,33063,0,0,2,2,3,1,1,4,2,04,1,1,0,0,1,0,1,4,1,50,1,3,9,0,2,1,7,200500044518B01,7,16,1,243300316
200500044522,2005-07-12,2005,juillet,mardi,08:00,33,33522,0,0,2,1,3,1,1,4,2,02,1,1,0,69,1,0,1,4,1,22,0,3,2,0,2,2,16,200500044522A01,7,1,1,243300316
200500044528,2005-07-20,2005,juillet,mercredi,08:15,33,33318,0,0,2,2,1,1,1,4,2,02,1,1,0,82,1,0,1,4,2,40,1,1,2,0,2,1,15,200500044528B01,7,1,1,243300316
200500044534,2005-07-25,2005,juillet,lundi,20:15,33,33063,0,0,2,1,3,1,1,4,2,04,1,1,0,0,1,0,1,4,2,23,1,3,9,0,2,8,1,200500044534B01,10,1,1,243300316
200500044544,2005-07-28,2005,juillet,jeudi,13:30,33,33063,0,0,2,1,3,1,1,4,1,01,1,1,0,0,1,0,1,4,2,30,1,3,9,0,2,1,12,200500044544A01,7,1,1,243300316
200500044551,2005-07-26,2005,juillet,mardi,11:45,33,33039,0,0,2,2,3,1,1,4,3,04,1,1,15,60,1,0,1,3,1,35,0,3,2,0,2,1,1,200500044551B01,7,15,1,243300316
200500044561,2005-07-15,2005,juillet,vendredi,10:30,34,34003,0,0,2,1,3,1,1,5,-1,00,1,1,0,53,1,0,1,4,1,9,5,3,9,0,2,1,1,200500044561B01,7,1,1,243400819
200500044565,2005-07-22,2005,juillet,vendredi,15:50,34,34003,0,0,2,9,2,1,1,2,3,04,2,1,10,60,1,0,1,3,1,47,5,3,9,0,0,4,12,200500044565B01,7,1,1,243400819
200500044567,2005-07-22,2005,juillet,vendredi,10:42,34,34003,0,0,2,1,6,1,1,3,2,02,1,1,0,72,1,0,1,3,1,30,5,1,2,1,0,1,21,200500044567B01,7,22,1,243400819
200500044583,2005-07-13,2005,juillet,mercredi,10:40,34,34073,0,0,2,2,3,1,1,4,1,02,1,1,0,70,1,5,1,4,1,81,5,3,9,0,2,8,1,200500044583B01,7,1,1,243400769
200500044609,2005-07-03,2005,juillet,dimanche,12:00,34,34172,0,0,2,1,3,1,1,4,2,04,1,1,0,120,1,0,1,4,1,25,5,3,9,0,2,3,19,200500044609A01,7,1,1,243400017
200500044642,2005-07-26,2005,juillet,mardi,16:00,34,34172,0,0,2,2,3,1,1,4,1,01,1,1,0,50,1,0,1,3,1,7,5,2,9,0,2,1,5,200500044642A01,4,1,1,243400017
200500044646,2005-07-30,2005,juillet,samedi,20:00,34,34172,0,0,2,4,3,2,1,4,2,02,4,2,30,70,1,0,1,4,2,59,0,2,2,0,2,1,1,200500044646B01,7,1,1,243400017
200500044661,2005-07-05,2005,juillet,mardi,15:20,35,35238,0,0,1,1,3,1,3,4,2,02,4,3,0,60,2,5,1,4,1,64,0,3,2,0,2,4,1,200500044661B01,7,9,1,243500139
200500044664,2005-07-06,2005,juillet,mercredi,14:40,35,35238,0,0,2,1,3,1,1,4,2,02,1,1,0,60,1,6,1,4,1,55,1,3,0,0,2,0,1,200500044664B01,7,23,1,243500139
200500044673,2005-07-11,2005,juillet,lundi,23:04,35,35238,0,0,2,2,3,5,1,4,1,01,1,1,0,30,1,6,1,3,1,30,0,3,2,0,2,8,0,200500044673B01,7,13,1,243500139
200500044674,2005-07-13,2005,juillet,mercredi,14:55,35,35238,0,0,2,2,6,1,1,4,2,02,3,1,0,60,9,0,1,1,1,21,0,3,2,0,1,1,1,200500044674A01,,,,243500139
200500044680,2005-07-20,2005,juillet,mercredi,10:00,35,35238,0,0,2,2,3,1,1,4,1,03,2,1,0,0,1,0,1,3,1,71,5,3,2,0,2,0,1,200500044680A01,7,0,1,243500139
200500044687,2005-07-27,2005,juillet,mercredi,12:40,35,35238,0,0,2,6,3,1,3,4,2,01,2,1,0,0,2,0,1,4,1,50,1,3,9,0,2,7,0,200500044687B01,7,9,1,243500139
200500044713,2005-07-07,2005,juillet,jeudi,12:00,37,37261,0,0,2,3,3,1,1,4,2,02,1,1,0,64,1,0,1,1,1,41,0,3,9,0,0,0,0,200500044713A01,1,0,1,243700754
200500044713,2005-07-07,2005,juillet,jeudi,12:00,37,37261,0,0,2,3,3,1,1,4,2,02,1,1,0,64,1,0,1,3,2,68,0,3,9,0,0,0,0,200500044713B01,1,0,1,243700754
200500044730,2005-07-01,2005,juillet,vendredi,13:24,38,38185,0,0,2,1,3,1,1,4,1,01,1,1,0,57,1,0,1,4,2,53,5,2,4,0,2,3,1,200500044730B01,7,16,1,200040715
200500044735,2005-07-04,2005,juillet,lundi,18:45,38,38185,0,0,2,1,3,1,2,4,2,04,1,1,0,119,2,0,1,4,1,29,0,3,4,0,2,3,1,200500044735B01,7,15,1,200040715
200500044738,2005-07-05,2005,juillet,mardi,19:45,38,38185,0,0,2,1,3,1,1,4,1,02,1,1,0,67,1,0,1,1,1,18,5,3,4,0,2,1,19,200500044738A01,7,1,1,200040715
200500044738,2005-07-05,2005,juillet,mardi,19:45,38,38185,0,0,2,1,3,1,1,4,1,02,1,1,0,67,1,0,1,4,2,17,0,3,4,0,2,1,19,200500044738A01,7,1,1,200040715
200500044740,2005-07-08,2005,juillet,vendredi,13:30,38,38185,0,0,2,1,3,1,1,4,1,01,1,1,0,33,1,0,1,4,1,45,4,3,4,0,2,7,1,200500044740B01,7,15,1,200040715
200500044743,2005-07-11,2005,juillet,lundi,15:20,38,38185,0,0,2,1,3,1,1,4,2,04,1,3,0,120,1,0,5,4,2,53,5,3,4,0,2,1,1,200500044743B01,7,16,1,200040715
200500044748,2005-07-13,2005,juillet,mercredi,13:30,38,38516,0,0,2,2,3,1,1,4,2,02,1,1,0,70,1,0,1,4,1,18,5,3,4,0,2,2,1,200500044748A01,7,1,1,200040715
200500044756,2005-07-25,2005,juillet,lundi,18:30,38,38185,0,0,2,2,3,1,1,4,2,02,1,1,0,70,1,0,1,4,2,30,0,3,4,0,2,1,13,200500044756B01,7,15,1,200040715
200500044759,2005-07-28,2005,juillet,jeudi,19:15,38,38185,0,0,2,9,6,1,1,4,2,04,1,1,0,120,1,5,1,4,2,61,0,3,9,0,2,7,15,200500044759A01,7,1,1,200040715
200500044787,2005-07-08,2005,juillet,vendredi,15:25,41,41018,0,0,2,3,6,1,1,4,2,02,1,1,0,0,1,0,1,4,1,13,5,3,9,0,2,1,5,200500044787B01,7,1,1,200030385
200500044806,2005-07-22,2005,juillet,vendredi,17:15,42,42099,0,0,2,1,1,1,1,4,1,01,2,2,15,65,1,0,1,3,1,16,5,2,2,0,2,1,5,200500044806A01,7,1,1,244200770
200500044806,2005-07-22,2005,juillet,vendredi,17:15,42,42099,0,0,2,1,1,1,1,4,1,01,2,2,15,65,1,0,1,3,1,13,0,3,9,0,2,1,5,200500044806A01,7,1,1,244200770
200500044809,2005-07-28,2005,juillet,jeudi,14:30,42,42095,0,0,2,1,2,1,1,3,1,01,1,2,0,80,1,0,1,3,1,20,5,3,0,0,2,1,1,200500044809A01,7,1,1,244200770