Num_Acc,date,an,mois,jour,hrmn,dep,com,lat,long,agg,int,col,lum,atm,catr,circ,nbv,prof,plan,lartpc,larrout,surf,infra,situ,grav,sexe,age,trajet,secuexist,equipement,obs,obsm,choc,manv,vehiculeid,typevehicules,manoeuvehicules,numVehicules,_infos_commune.code_epci
200500044827,2005-07-25,2005,juillet,lundi,17:00,42,42127,0,0,2,1,6,1,1,9,2,02,1,2,0,65,1,0,1,4,1,80,5,3,9,14,0,1,1,200500044827A01,,,,200035731
200500044838,2005-07-04,2005,juillet,lundi,18:20,42,42305,0,0,2,2,3,1,1,4,2,03,1,1,0,89,1,5,1,3,1,21,1,2,2,0,2,1,0,200500044838B01,7,15,1,244200770
200500044840,2005-07-06,2005,juillet,mercredi,08:30,42,42218,0,0,1,1,6,1,1,4,1,00,1,1,0,60,1,0,1,4,1,71,5,1,2,1,0,1,1,200500044840B01,7,22,1,244200770
200500044843,2005-07-12,2005,juillet,mardi,14:39,42,42218,0,0,2,1,1,1,1,4,2,02,2,3,0,80,1,0,1,3,1,13,5,3,9,0,2,1,13,200500044843A01,7,1,1,244200770
200500044850,2005-07-21,2005,juillet,jeudi,20:24,42,42218,0,0,2,1,6,2,1,4,1,01,1,1,0,35,1,0,1,4,2,26,5,2,2,1,0,1,1,200500044850B01,7,22,1,244200770
200500044855,2005-07-27,2005,juillet,mercredi,20:02,42,42218,0,0,2,3,3,1,1,4,1,01,2,1,0,46,1,0,1,4,1,12,5,2,2,0,2,1,21,200500044855B01,7,9,1,244200770
200500044860,2005-07-08,2005,juillet,vendredi,22:30,44,44055,0,0,2,1,6,5,1,4,-1,00,1,1,0,0,1,0,4,1,1,30,5,3,9,0,1,1,0,200500044860A01,,,,244400610
200500044872,2005-07-04,2005,juillet,lundi,12:30,44,44109,0,0,2,1,6,2,1,4,-1,00,2,1,0,0,1,0,1,3,1,51,0,3,9,0,9,1,1,200500044872B01,7,15,1,244400404
200500044881,2005-07-08,2005,juillet,vendredi,19:05,44,44109,0,0,2,3,5,1,1,4,1,01,3,1,0,60,1,0,1,3,1,20,0,3,0,0,2,1,5,200500044881A01,7,1,2,244400404
200500044883,2005-07-06,2005,juillet,mercredi,16:30,44,44109,0,0,2,1,6,1,1,4,1,01,-1,1,0,0,1,0,3,3,1,30,2,3,9,0,2,1,1,200500044883B01,7,5,1,244400404
200500044887,2005-07-13,2005,juillet,mercredi,10:02,44,44109,0,0,2,1,3,1,1,4,2,00,1,1,0,0,1,0,1,4,1,26,0,3,2,0,2,0,2,200500044887B01,17,2,1,244400404
200500044889,2005-07-12,2005,juillet,mardi,07:30,44,44109,0,0,2,1,2,1,1,4,2,02,1,1,0,60,1,0,1,3,1,43,1,2,2,0,2,3,1,200500044889B01,7,2,1,244400404
200500044890,2005-07-11,2005,juillet,lundi,12:36,44,44215,0,0,2,1,6,1,1,4,2,02,1,3,0,0,1,0,1,4,2,48,9,3,9,1,0,1,1,200500044890B01,7,22,1,244400404
200500044891,2005-07-13,2005,juillet,mercredi,10:00,44,44109,0,0,2,1,2,1,1,4,2,02,1,1,300,350,1,0,5,3,1,26,0,3,9,0,0,0,2,200500044891B01,13,2,1,244400404
200500044892,2005-07-15,2005,juillet,vendredi,18:50,44,44109,0,0,2,3,6,1,1,4,2,02,1,3,0,60,1,0,1,4,1,15,5,3,9,0,2,1,1,200500044892A01,7,1,1,244400404
200500044902,2005-07-20,2005,juillet,mercredi,14:40,44,44109,0,0,2,1,3,1,1,4,2,02,1,1,0,100,1,0,1,4,1,16,0,3,9,0,2,2,1,200500044902B01,7,15,1,244400404
200500044921,2005-07-10,2005,juillet,dimanche,11:55,44,44184,0,0,2,1,6,1,1,4,-1,02,1,1,0,74,1,0,1,1,1,39,9,1,2,0,1,1,1,200500044921A01,,,,244400644
200500044925,2005-07-17,2005,juillet,dimanche,10:00,44,44184,0,0,2,1,3,1,1,4,2,02,1,3,0,40,9,0,1,4,1,67,5,2,2,0,2,3,2,200500044925A01,7,2,1,244400644
200500044937,2005-07-18,2005,juillet,lundi,10:50,45,45147,0,0,2,1,3,1,1,2,2,02,1,1,0,50,1,0,1,4,1,34,9,2,9,1,0,1,1,200500044937B01,7,22,1,244500468
200500044946,2005-07-22,2005,juillet,vendredi,11:40,45,45234,0,0,2,2,3,1,1,2,2,02,1,1,0,70,1,0,0,3,1,22,4,1,9,0,2,1,1,200500044946B01,7,9,1,244500468
200500044948,2005-07-22,2005,juillet,vendredi,19:55,45,45232,0,0,2,3,3,1,1,4,2,02,1,-1,0,50,1,0,0,4,1,66,0,1,9,0,2,0,0,200500044948B01,7,1,1,244500468
200500044952,2005-07-22,2005,juillet,vendredi,12:00,45,45232,0,0,2,1,6,1,1,4,2,02,1,1,0,57,1,0,0,4,1,53,5,2,2,1,2,4,1,200500044952B01,7,17,1,244500468
200500044966,2005-07-22,2005,juillet,vendredi,20:30,47,47157,0,0,2,2,3,1,1,9,2,02,1,1,0,700,1,5,1,4,1,20,5,3,9,0,0,1,19,200500044966B01,7,15,1,200030674
200500044973,2005-07-02,2005,juillet,samedi,15:18,49,49007,0,0,2,1,7,1,1,4,-1,01,-1,1,0,70,9,0,1,2,1,13,5,2,9,0,0,0,14,200500044973A01,,,,244900015
200500044975,2005-07-03,2005,juillet,dimanche,18:00,49,49246,0,0,2,1,6,1,1,4,2,02,1,1,0,91,1,0,1,4,1,48,5,3,9,1,0,1,1,200500044975A01,,,,244900015
200500044999,2005-07-17,2005,juillet,dimanche,09:00,49,49007,0,0,2,1,6,1,1,4,2,03,1,1,0,100,1,0,1,4,2,51,0,1,9,1,0,1,1,200500044999B01,7,22,1,244900015
200500045040,2005-07-14,2005,juillet,jeudi,21:45,50,50173,0,0,2,1,3,1,1,4,2,02,2,1,0,31,1,0,5,3,1,21,5,3,9,0,2,1,1,200500045040B01,7,10,1,
200500045044,2005-07-22,2005,juillet,vendredi,11:40,50,50602,0,0,2,1,3,1,1,3,2,02,1,1,0,60,1,0,1,4,2,31,1,3,9,0,2,4,15,200500045044B01,7,17,1,
200500045045,2005-07-23,2005,juillet,samedi,17:10,50,50173,0,0,2,1,3,1,8,4,2,02,2,3,0,87,1,0,1,3,1,19,5,2,2,0,2,1,13,200500045045A01,7,1,1,
200500045049,2005-07-28,2005,juillet,jeudi,16:10,50,50129,0,0,2,1,3,1,1,4,2,02,1,1,0,0,1,0,1,4,1,33,5,2,2,0,2,1,1,200500045049B01,7,1,1,200067205
200500045060,2005-07-01,2005,juillet,vendredi,16:55,51,51454,0,0,2,1,6,1,1,4,1,01,1,1,0,68,1,0,5,4,1,35,5,1,2,0,1,1,5,200500045060A01,,,,200067213
200500045060,2005-07-01,2005,juillet,vendredi,16:55,51,51454,0,0,2,1,6,1,1,4,1,01,1,1,0,68,1,0,5,1,2,15,5,3,0,0,1,1,5,200500045060A01,,,,200067213
200500045061,2005-07-01,2005,juillet,vendredi,16:50,51,51454,0,0,2,3,1,1,1,4,2,04,4,1,0,108,1,0,1,2,1,37,9,2,9,0,2,1,15,200500045061A01,18,1,1,200067213
200500045072,2005-07-27,2005,juillet,mercredi,07:40,51,51454,0,0,2,2,3,1,1,4,2,02,1,1,0,60,1,0,0,3,1,60,5,3,9,0,2,8,2,200500045072B01,7,1,1,200067213
200500045081,2005-07-16,2005,juillet,samedi,05:55,52,52121,0,0,1,1,6,2,1,3,2,02,2,3,0,70,1,0,1,4,1,24,1,2,9,0,2,8,1,200500045081A01,99,0,1,200068658
200500045083,2005-07-03,2005,juillet,dimanche,13:30,52,52534,0,0,2,9,6,1,1,6,1,01,1,1,0,0,1,0,1,3,1,6,5,3,9,0,2,3,9,200500045083B01,7,21,1,200068666
200500045094,2005-07-26,2005,juillet,mardi,13:05,53,53130,0,0,2,1,3,1,2,4,2,02,2,1,0,70,2,0,1,3,1,17,1,2,2,0,2,1,19,200500045094B01,7,1,1,200083392
200500045096,2005-07-10,2005,juillet,dimanche,13:55,54,54263,0,0,2,1,3,1,1,3,2,02,2,1,0,32,1,0,1,4,1,17,5,3,2,0,2,8,13,200500045096B01,7,17,1,200070845
200500045111,2005-07-12,2005,juillet,mardi,18:00,54,54395,0,0,2,1,6,1,1,4,1,01,1,1,0,47,1,0,1,4,1,63,5,1,2,0,1,1,1,200500045111A01,,,,245400676
200500045137,2005-07-03,2005,juillet,dimanche,21:10,56,56083,0,0,2,1,3,5,1,9,2,02,2,1,0,0,1,0,1,3,1,15,9,3,4,0,0,3,1,200500045137B01,7,1,1,200042174
200500045171,2005-07-28,2005,juillet,jeudi,19:20,56,56107,0,0,2,6,2,1,1,9,2,02,1,1,0,0,1,0,1,4,2,22,9,3,9,0,2,4,1,200500045171A01,7,1,1,200042174
200500045195,2005-07-01,2005,juillet,vendredi,16:30,57,57143,0,0,2,1,7,1,1,4,2,02,1,1,0,90,9,0,1,3,1,18,5,3,9,14,0,0,1,200500045195A01,,,,245701271
200500045200,2005-07-06,2005,juillet,mercredi,22:45,57,57253,0,0,2,1,6,1,1,3,2,02,1,1,0,0,1,0,1,4,2,58,5,3,9,1,0,1,1,200500045200B01,7,22,1,200068146
200500045207,2005-07-03,2005,juillet,dimanche,20:05,57,57412,0,0,2,1,6,1,1,4,2,02,1,1,0,75,1,0,1,4,1,27,9,1,9,1,0,1,1,200500045207B01,7,24,1,200039865
200500045208,2005-07-06,2005,juillet,mercredi,11:10,57,57463,0,0,2,1,6,1,1,4,1,01,1,2,0,92,1,0,1,4,1,71,0,3,9,0,2,1,1,200500045208B01,7,14,1,200039865
200500045213,2005-07-17,2005,juillet,dimanche,18:00,57,57487,0,0,1,1,1,1,1,4,2,02,2,4,0,40,1,0,1,3,1,16,9,1,9,0,2,1,1,200500045213A01,7,1,1,200039865
200500045215,2005-07-21,2005,juillet,jeudi,13:10,57,57463,0,0,2,1,6,1,1,4,2,02,1,1,0,6,1,0,1,4,2,15,9,1,9,0,2,0,19,200500045215B01,7,1,1,200039865
200500045217,2005-07-24,2005,juillet,dimanche,10:45,57,57616,0,0,2,1,6,1,1,3,2,02,2,1,0,100,1,0,1,4,1,31,5,1,9,0,2,0,2,200500045217A01,99,2,1,200039865
200500045220,2005-07-27,2005,juillet,mercredi,14:50,57,57463,0,0,2,1,2,1,1,4,2,02,1,1,0,75,1,0,1,4,1,14,5,1,9,0,0,4,1,200500045220B01,7,2,1,200039865
200500045236,2005-07-03,2005,juillet,dimanche,20:25,58,58194,0,0,2,1,7,1,1,4,3,02,1,1,0,51,1,0,1,4,1,45,5,3,9,0,0,0,1,200500045236A01,,,,245804406
200500045237,2005-07-03,2005,juillet,dimanche,11:30,58,58194,0,0,2,1,3,1,1,4,4,02,1,2,0,0,1,0,1,4,2,23,5,3,9,0,2,1,1,200500045237B01,7,9,1,245804406
200500045256,2005-07-05,2005,juillet,mardi,13:30,59,59156,0,0,2,1,6,1,1,4,2,02,1,1,0,55,-1,5,1,3,1,54,5,3,2,0,0,0,5,200500045256B01,20,0,1,200044618
200500045257,2005-07-05,2005,juillet,mardi,16:00,59,59178,0,0,2,6,2,1,1,4,1,00,1,-1,0,0,1,3,0,3,1,20,5,2,9,0,2,1,19,200500045257B01,14,16,1,200044618
200500045264,2005-07-09,2005,juillet,samedi,15:30,59,59183,0,0,2,9,3,1,1,4,2,02,1,1,0,48,1,0,1,4,2,26,5,2,9,0,2,8,1,200500045264B01,7,0,1,245900428
200500045264,2005-07-09,2005,juillet,samedi,15:30,59,59183,0,0,2,9,3,1,1,4,2,02,1,1,0,48,1,0,1,3,2,3,0,2,9,0,2,8,1,200500045264B01,7,0,1,245900428
200500045281,2005-07-28,2005,juillet,jeudi,15:55,59,59272,0,0,2,2,3,1,1,4,2,02,1,1,0,58,1,0,1,3,1,14,5,3,9,0,0,1,1,200500045281A01,7,1,1,245900428
200500045282,2005-07-10,2005,juillet,dimanche,16:30,59,59295,0,0,2,1,6,1,1,4,1,01,1,3,0,0,1,5,4,1,1,23,9,3,2,0,1,1,13,200500045282A01,,,,200040947
200500045288,2005-07-03,2005,juillet,dimanche,18:00,59,59350,0,0,2,3,6,1,1,4,2,02,1,1,0,39,1,0,1,4,1,9,9,2,9,0,2,1,0,200500045288B01,7,2,1,200093201
200500045289,2005-07-04,2005,juillet,lundi,14:10,59,59350,0,0,2,6,6,1,1,4,1,03,1,2,0,120,1,5,1,4,1,62,5,2,9,0,2,7,1,200500045289B01,7,9,1,200093201
200500045292,2005-07-06,2005,juillet,mercredi,07:45,59,59328,0,0,2,7,3,1,1,4,1,01,1,1,0,35,1,0,1,4,1,43,1,1,9,0,2,6,2,200500045292B01,7,15,1,200093201
200500045294,2005-07-07,2005,juillet,jeudi,17:40,59,59350,0,0,2,3,3,1,1,4,2,04,1,1,30,159,1,0,1,4,1,14,5,1,9,0,2,5,15,200500045294A01,7,1,1,200093201
200500045304,2005-07-13,2005,juillet,mercredi,16:05,59,59328,0,0,2,1,5,1,1,4,3,02,1,1,30,90,1,0,1,4,1,18,5,3,9,0,2,1,19,200500045304B01,7,10,1,200093201
200500045304,2005-07-13,2005,juillet,mercredi,16:05,59,59328,0,0,2,1,5,1,1,4,3,02,1,1,30,90,1,0,1,4,1,17,5,3,9,1,2,1,19,200500045304C01,7,10,1,200093201
200500045305,2005-07-04,2005,juillet,lundi,21:50,59,59286,0,0,2,1,2,2,1,4,2,02,1,1,0,59,1,0,1,4,2,21,9,3,4,0,2,4,0,200500045305B01,7,0,1,200093201
200500045308,2005-07-17,2005,juillet,dimanche,14:45,59,59009,0,0,2,2,6,1,1,4,2,03,1,1,0,180,1,0,1,4,1,30,9,3,9,0,2,1,16,200500045308B01,7,15,1,200093201
200500045311,2005-07-19,2005,juillet,mardi,07:35,59,59378,0,0,2,1,3,1,1,4,1,01,1,1,0,51,1,0,1,3,2,20,5,1,2,0,2,1,1,200500045311B01,7,14,1,200093201
200500045314,2005-07-21,2005,juillet,jeudi,00:01,59,59350,0,0,2,1,2,5,1,4,1,01,1,1,0,500,1,0,5,4,1,25,1,3,4,0,2,4,1,200500045314B01,7,0,1,200093201
200500045343,2005-07-10,2005,juillet,dimanche,19:00,59,59512,0,0,2,3,6,1,1,4,2,00,1,1,0,0,1,5,1,3,1,15,5,3,9,0,2,8,0,200500045343B01,7,1,1,200093201
200500045351,2005-07-19,2005,juillet,mardi,15:05,59,59650,0,0,2,2,3,1,1,4,2,02,1,1,0,0,1,0,1,3,1,85,5,3,9,0,2,3,1,200500045351B01,7,1,1,200093201
200500045360,2005-07-22,2005,juillet,vendredi,19:45,59,59299,0,0,2,1,2,1,1,4,4,02,1,1,0,0,1,0,1,3,2,9,0,1,2,0,2,1,1,200500045360B01,7,4,1,200093201
200500045362,2005-07-23,2005,juillet,samedi,10:50,59,59650,0,0,2,1,6,1,1,4,-1,00,1,1,0,0,1,0,1,4,1,16,4,2,2,0,1,0,1,200500045362A01,,,,200093201
200500045399,2005-07-21,2005,juillet,jeudi,18:55,62,62193,0,0,2,1,2,1,1,4,2,02,1,3,0,100,1,0,1,1,1,19,5,1,4,0,2,4,13,200500045399A01,5,2,1,200090751
200500045404,2005-07-04,2005,juillet,lundi,19:00,62,62907,0,0,2,3,3,1,1,4,3,02,1,1,0,100,1,5,1,4,2,73,5,1,9,0,2,1,1,200500045404B01,7,0,1,246200299
200500045410,2005-07-03,2005,juillet,dimanche,09:15,62,62624,0,0,2,9,2,1,1,2,2,02,1,1,0,62,1,0,1,4,2,48,5,3,9,0,2,1,15,200500045410A01,7,4,1,246200299
200500045421,2005-07-31,2005,juillet,dimanche,19:30,62,62498,0,0,2,1,6,1,1,4,2,02,1,1,0,60,1,0,1,3,1,6,5,3,9,0,0,0,19,200500045421A01,,,,246200364
200500045431,2005-07-18,2005,juillet,lundi,16:47,62,62225,0,0,2,9,6,1,1,3,2,01,1,1,0,55,1,0,0,3,1,31,5,3,9,0,0,4,1,200500045431B01,7,2,1,200069037
200500045446,2005-07-10,2005,juillet,dimanche,14:30,63,63113,0,0,2,1,6,1,1,4,2,02,1,1,0,0,1,0,1,4,1,10,5,2,9,0,2,1,15,200500045446A01,7,1,1,246300701
200500045488,2005-07-10,2005,juillet,dimanche,13:55,63,63164,0,0,1,5,3,1,1,3,-1,02,1,2,0,80,1,5,1,3,1,80,5,3,9,0,2,1,9,200500045488B01,7,0,1,246300701
200500045536,2005-07-01,2005,juillet,vendredi,15:15,64,64445,0,0,2,1,6,1,1,4,2,02,1,1,0,0,1,0,1,4,1,50,5,3,9,0,2,8,2,200500045536B01,18,2,1,200067254
200500045543,2005-07-18,2005,juillet,lundi,17:30,64,64445,0,0,2,1,3,1,1,2,2,02,1,1,0,0,1,0,1,3,1,17,9,3,9,0,2,1,19,200500045543A01,7,1,1,200067254
200500045572,2005-07-19,2005,juillet,mardi,05:50,64,64249,0,0,1,1,2,2,2,2,2,02,3,1,0,90,2,0,1,2,1,45,5,2,2,0,2,4,1,200500045572B01,7,2,1,200067106
200500045586,2005-07-01,2005,juillet,vendredi,07:45,65,65047,0,0,2,3,3,1,1,3,2,02,1,1,0,71,1,0,1,4,2,70,5,3,9,0,2,1,1,200500045586A01,7,16,1,200069300
200500045596,2005-07-17,2005,juillet,dimanche,11:05,65,65440,0,0,2,2,2,1,1,4,2,03,1,1,0,110,1,0,1,4,2,81,3,3,9,0,2,4,16,200500045596A01,7,2,1,200069300
200500045599,2005-07-25,2005,juillet,lundi,09:50,65,65440,0,0,2,6,3,1,1,3,1,02,1,2,0,68,1,0,1,4,2,21,1,3,4,0,0,8,1,200500045599B01,7,16,1,200069300
200500045600,2005-07-26,2005,juillet,mardi,08:05,65,65440,0,0,2,6,3,1,1,2,3,02,1,3,10,95,1,0,1,4,2,51,1,3,9,0,2,1,1,200500045600B01,7,16,1,200069300
200500045606,2005-07-09,2005,juillet,samedi,06:40,66,66136,0,0,1,1,3,1,1,4,1,02,1,2,160,80,1,5,0,4,2,68,5,1,4,0,2,5,1,200500045606B01,7,1,1,200027183
200500045617,2005-07-01,2005,juillet,vendredi,17:40,67,67482,0,0,2,1,3,1,1,4,2,04,1,1,0,132,1,0,4,4,1,12,5,1,9,0,2,1,1,200500045617A01,5,9,1,246700488
200500045619,2005-07-03,2005,juillet,dimanche,20:15,67,67482,0,0,2,1,3,1,1,4,2,02,1,1,0,86,1,0,1,4,1,18,5,3,9,0,2,8,19,200500045619B01,7,1,1,246700488
200500045621,2005-07-04,2005,juillet,lundi,09:25,67,67447,0,0,2,2,3,1,1,4,2,02,1,1,0,90,1,0,1,4,1,37,1,3,9,0,2,6,15,200500045621A01,10,17,1,246700488
200500045624,2005-07-05,2005,juillet,mardi,14:35,67,67482,0,0,2,6,1,1,1,4,1,02,1,2,0,70,1,5,1,4,2,25,1,3,9,0,2,6,19,200500045624B01,7,1,1,246700488
200500045632,2005-07-08,2005,juillet,vendredi,08:20,67,67482,0,0,2,3,3,1,1,4,2,02,1,2,0,157,1,5,1,4,1,14,5,1,4,0,2,7,1,200500045632B01,10,15,1,246700488
200500045634,2005-07-08,2005,juillet,vendredi,14:00,67,67482,0,0,2,1,3,1,1,4,2,02,1,1,0,70,1,0,5,4,1,22,5,1,2,1,0,1,1,200500045634B01,7,22,1,246700488
200500045640,2005-07-11,2005,juillet,lundi,11:55,67,67482,0,0,2,1,3,1,1,4,2,02,1,1,0,67,1,0,1,4,1,10,5,1,9,0,2,3,9,200500045640A01,7,1,1,246700488
200500045641,2005-07-11,2005,juillet,lundi,19:43,67,67482,0,0,2,4,6,2,1,4,1,00,1,3,0,50,1,5,4,4,1,15,5,3,9,1,0,1,16,200500045641A01,,,,246700488
200500045647,2005-07-12,2005,juillet,mardi,16:40,67,67482,0,0,2,2,3,1,1,4,2,04,1,1,0,153,1,0,1,4,1,17,5,3,9,0,2,1,19,200500045647A01,7,1,1,246700488
200500045653,2005-07-19,2005,juillet,mardi,08:45,67,67482,0,0,2,1,3,1,1,4,1,04,1,1,0,170,1,0,1,4,2,20,5,3,9,0,2,7,1,200500045653B01,7,13,1,246700488
200500045660,2005-07-27,2005,juillet,mercredi,12:30,67,67482,0,0,2,1,6,1,1,4,1,02,1,1,0,0,1,6,4,4,2,82,5,3,0,0,1,1,0,200500045660A01,,,,246700488
200500045664,2005-07-02,2005,juillet,samedi,10:05,68,68066,0,0,2,3,3,1,1,3,2,02,1,3,24,94,1,0,5,4,2,90,5,2,2,0,2,1,1,200500045664B01,7,16,1,246800726
200500045665,2005-07-05,2005,juillet,mardi,11:35,68,68066,0,0,2,2,3,1,1,4,2,02,1,1,0,63,1,0,1,4,1,16,5,3,0,0,2,1,1,200500045665A01,7,1,1,246800726
200500045667,2005-07-19,2005,juillet,mardi,10:06,68,68066,0,0,2,6,3,1,1,3,1,01,1,2,0,80,1,5,5,3,1,66,5,2,2,0,2,1,1,200500045667B01,10,16,1,246800726
200500045668,2005-07-20,2005,juillet,mercredi,09:45,68,68066,0,0,2,2,2,1,1,4,2,04,1,1,0,108,1,0,1,4,2,20,5,2,2,0,2,4,1,200500045668B01,7,1,1,246800726
200500045669,2005-07-26,2005,juillet,mardi,11:20,68,68066,0,0,2,4,3,1,1,4,1,01,1,3,0,138,1,0,5,1,1,18,3,1,2,0,2,3,15,200500045669A01,1,1,1,246800726
200500045669,2005-07-26,2005,juillet,mardi,11:20,68,68066,0,0,2,4,3,1,1,4,1,01,1,3,0,138,1,0,5,4,2,72,3,2,2,0,2,2,1,200500045669B01,1,15,1,246800726
200500045691,2005-07-25,2005,juillet,lundi,07:45,68,68224,0,0,2,1,3,1,1,3,1,02,1,1,0,74,1,0,4,4,1,36,1,2,2,0,2,1,1,200500045691A01,7,9,1,200066009
200500045693,2005-07-27,2005,juillet,mercredi,19:45,68,68149,0,0,1,6,3,1,1,3,1,01,1,2,0,100,1,5,1,4,1,33,3,3,9,0,2,1,1,200500045693B01,13,16,1,200066058
200500045695,2005-07-02,2005,juillet,samedi,22:30,69,69034,0,0,2,3,6,5,1,3,2,02,1,1,0,60,1,0,1,4,1,39,5,2,2,0,2,4,19,200500045695B01,7,1,1,200046977
200500045704,2005-07-13,2005,juillet,mercredi,08:45,69,69256,0,0,2,6,6,1,1,4,1,02,1,2,0,120,1,5,1,4,2,51,9,3,9,0,2,0,1,200500045704B01,7,16,1,200046977
200500045705,2005-07-04,2005,juillet,lundi,17:30,69,69259,0,0,2,1,6,1,1,6,2,02,1,1,0,85,1,0,1,3,1,49,5,3,9,0,1,0,1,200500045705A01,,,,200046977
200500045707,2005-07-08,2005,juillet,vendredi,07:45,69,69259,0,0,2,2,3,1,1,4,2,02,1,1,0,0,1,0,1,4,1,23,1,3,9,1,2,4,1,200500045707B01,7,1,1,200046977
200500045717,2005-07-15,2005,juillet,vendredi,00:45,69,69259,0,0,2,2,3,5,1,4,2,02,1,1,0,110,1,0,1,4,1,49,5,3,2,0,2,1,15,200500045717A01,7,2,1,200046977
200500045721,2005-07-28,2005,juillet,jeudi,17:05,69,69199,0,0,2,1,2,1,1,4,2,02,1,1,0,0,1,0,1,4,1,24,5,3,9,0,2,4,13,200500045721B01,5,1,1,200046977
200500045728,2005-07-11,2005,juillet,lundi,11:45,69,69266,0,0,2,3,6,1,1,4,1,04,2,2,15,115,1,0,1,4,1,22,1,3,9,0,2,1,1,200500045728A01,7,16,1,200046977
200500045730,2005-07-14,2005,juillet,jeudi,17:00,69,69266,0,0,2,2,3,1,1,4,1,02,1,1,0,130,1,0,1,4,1,33,0,3,2,0,2,1,1,200500045730B01,7,1,1,200046977
200500045739,2005-07-27,2005,juillet,mercredi,11:10,69,69266,0,0,2,3,3,1,1,4,2,01,1,1,0,120,1,0,1,4,1,8,5,1,9,0,2,0,1,200500045739B01,7,1,1,200046977
200500045740,2005-07-27,2005,juillet,mercredi,22:35,69,69275,0,0,2,3,3,5,1,3,2,02,2,1,0,60,1,0,5,4,1,23,5,2,9,0,2,1,1,200500045740B01,7,16,1,200046977
200500045751,2005-07-25,2005,juillet,lundi,15:48,69,69290,0,0,1,1,2,1,1,4,3,02,1,1,0,60,1,0,1,3,1,67,5,2,9,0,2,4,2,200500045751B01,7,2,1,200046977
200500045753,2005-07-07,2005,juillet,jeudi,17:40,70,70550,0,0,2,2,3,1,1,4,2,02,3,1,0,59,1,5,1,3,2,39,5,2,9,0,2,8,16,200500045753B01,17,16,1,247000011
200500045778,2005-07-03,2005,juillet,dimanche,11:00,72,72181,0,0,2,1,2,1,1,9,1,01,1,1,0,71,1,0,1,4,2,74,3,3,2,0,0,4,1,200500045778B01,7,21,1,247200132
200500045781,2005-07-05,2005,juillet,mardi,15:20,72,72181,0,0,2,1,6,1,1,9,2,04,1,1,0,120,1,0,1,4,1,56,3,3,2,1,0,4,1,200500045781B01,5,1,1,247200132
200500045802,2005-07-25,2005,juillet,lundi,16:50,72,72181,0,0,2,1,2,1,1,9,2,02,1,1,0,80,1,0,1,3,1,70,3,3,2,0,0,4,1,200500045802B01,7,1,1,247200132
200500045808,2005-07-19,2005,juillet,mardi,18:54,73,73008,0,0,2,1,3,1,1,4,1,02,1,-1,290,480,1,5,1,3,2,70,3,3,9,0,0,8,1,200500045808B01,7,16,1,200068674
200500045815,2005-07-04,2005,juillet,lundi,12:30,74,74010,0,0,2,3,6,1,1,4,3,03,1,1,0,105,1,0,1,4,2,25,5,3,9,0,0,4,7,200500045815B01,7,7,1,200066793
200500045825,2005-07-23,2005,juillet,samedi,15:23,74,74133,0,0,2,2,3,1,1,4,2,02,1,1,0,70,1,0,1,3,1,27,5,3,9,0,2,1,1,200500045825B01,7,15,1,200011773
200500045838,2005-07-02,2005,juillet,samedi,12:45,75,75020,0,0,2,1,7,1,1,4,2,02,2,1,0,60,1,0,1,3,1,29,1,3,0,0,0,0,1,200500045838A01,,,,
200500045841,2005-07-04,2005,juillet,lundi,17:40,75,75017,0,0,2,1,3,1,1,4,2,02,1,1,0,60,1,0,1,3,2,30,5,3,0,0,2,3,1,200500045841B01,7,5,1,
200500045858,2005-07-18,2005,juillet,lundi,14:05,75,75009,0,0,2,2,3,1,1,4,1,01,1,1,0,30,1,0,1,4,1,21,5,1,2,0,2,3,18,200500045858A01,14,16,1,
200500045864,2005-07-01,2005,juillet,vendredi,15:30,75,75006,0,0,2,1,3,1,1,4,2,02,1,1,0,60,1,0,1,4,1,65,5,3,0,0,2,1,1,200500045864B01,7,22,1,
200500045876,2005-07-02,2005,juillet,samedi,19:25,75,75006,0,0,2,3,3,1,1,4,1,03,1,1,0,90,1,0,1,4,1,25,1,3,0,0,2,3,19,200500045876A01,7,1,1,
200500045882,2005-07-02,2005,juillet,samedi,17:25,75,75012,0,0,2,3,6,1,1,4,1,06,1,1,0,180,1,0,1,1,1,22,5,3,0,0,1,1,1,200500045882A01,,,,
200500045903,2005-07-03,2005,juillet,dimanche,18:20,75,75018,0,0,2,1,6,1,1,4,3,02,1,1,10,60,1,0,1,4,2,55,5,3,0,0,2,3,1,200500045903B01,7,0,1,
200500045925,2005-07-05,2005,juillet,mardi,08:40,75,75018,0,0,2,2,3,1,1,4,3,02,1,1,10,60,1,0,1,4,1,48,5,3,0,0,2,1,7,200500045925A01,18,1,1,
200500045926,2005-07-05,2005,juillet,mardi,08:30,75,75018,0,0,2,1,3,1,1,4,2,02,1,1,0,60,1,0,1,4,2,54,1,3,0,0,2,1,1,200500045926B01,7,22,1,
200500045937,2005-07-08,2005,juillet,vendredi,08:00,75,75013,0,0,2,1,2,1,1,4,2,02,1,1,0,60,1,0,1,4,2,41,4,3,0,0,2,1,1,200500045937A01,7,1,1,
200500045940,2005-07-21,2005,juillet,jeudi,20:25,75,75017,0,0,2,2,3,1,1,4,2,04,1,1,0,120,1,0,1,2,2,39,1,3,0,0,2,8,19,200500045940B01,16,16,1,
200500045943,2005-07-22,2005,juillet,vendredi,15:35,75,75003,0,0,2,2,3,1,1,4,1,01,1,1,0,30,1,0,1,4,1,23,9,3,0,0,2,1,5,200500045943A01,7,1,1,