Num_Acc,date,an,mois,jour,hrmn,dep,com,lat,long,agg,int,col,lum,atm,catr,circ,nbv,prof,plan,lartpc,larrout,surf,infra,situ,grav,sexe,age,trajet,secuexist,equipement,obs,obsm,choc,manv,vehiculeid,typevehicules,manoeuvehicules,numVehicules,_infos_commune.code_epci
200500045949,2005-07-02,2005,juillet,samedi,11:20,75,75008,0,0,2,3,6,1,1,4,1,03,1,1,0,90,1,0,1,4,2,30,5,3,0,0,1,1,1,200500045949A01,,,,
200500045951,2005-07-03,2005,juillet,dimanche,12:11,75,75012,0,0,2,1,3,1,1,4,2,02,1,1,0,60,1,0,1,3,1,41,5,3,0,0,2,3,18,200500045951A01,7,1,1,
200500045961,2005-07-05,2005,juillet,mardi,18:00,75,75019,0,0,2,2,1,1,1,4,1,02,1,1,0,60,1,0,4,4,1,11,5,3,0,0,2,1,1,200500045961B01,2,0,1,
200500045985,2005-07-07,2005,juillet,jeudi,08:40,75,75017,0,0,2,1,6,1,1,4,2,04,1,1,0,120,1,0,1,1,1,33,5,3,0,0,1,1,1,200500045985A01,,,,
200500046017,2005-07-10,2005,juillet,dimanche,14:20,75,75004,0,0,2,2,6,1,1,4,1,02,1,1,0,60,1,0,1,1,1,30,5,3,0,0,1,1,1,200500046017A01,,,,
200500046022,2005-07-10,2005,juillet,dimanche,10:00,75,75011,0,0,2,1,6,1,1,4,1,02,1,1,0,60,1,0,4,1,2,7,5,3,0,0,1,1,1,200500046022A01,,,,
200500046024,2005-07-10,2005,juillet,dimanche,13:10,75,75013,0,0,2,1,2,1,1,4,2,03,1,1,0,90,1,0,1,4,1,37,5,3,0,0,2,1,1,200500046024B01,7,24,1,
200500046035,2005-07-11,2005,juillet,lundi,10:40,75,75010,0,0,2,4,3,1,1,4,2,04,1,1,0,120,1,0,1,4,1,33,5,3,0,0,2,1,5,200500046035A01,7,15,1,
200500046037,2005-07-11,2005,juillet,lundi,22:55,75,75011,0,0,2,3,1,5,1,4,1,01,1,1,0,30,1,0,1,4,1,15,5,3,0,0,2,1,16,200500046037A01,10,1,1,
200500046041,2005-07-11,2005,juillet,lundi,09:15,75,75015,0,0,2,1,3,1,1,4,2,02,1,1,0,60,1,0,4,4,2,49,9,3,0,0,2,2,1,200500046041A01,7,9,1,
200500046062,2005-07-12,2005,juillet,mardi,19:20,75,75012,0,0,2,2,3,1,1,4,2,02,1,1,0,60,1,0,1,4,2,36,5,3,0,0,2,3,1,200500046062A01,5,1,1,
200500046065,2005-07-12,2005,juillet,mardi,19:30,75,75015,0,0,2,3,3,1,1,4,1,02,1,1,0,60,1,0,1,4,1,46,5,3,0,0,2,3,1,200500046065B01,7,17,1,
200500046086,2005-07-13,2005,juillet,mercredi,09:30,75,75018,0,0,2,1,6,1,1,4,2,03,1,1,10,90,1,0,1,1,1,31,5,3,0,0,1,1,1,200500046086A01,,,,
200500046104,2005-07-15,2005,juillet,vendredi,16:15,75,75010,0,0,2,1,6,1,1,4,1,02,1,1,0,60,1,0,1,1,1,60,5,3,0,0,1,1,1,200500046104A01,,,,
200500046108,2005-07-15,2005,juillet,vendredi,12:41,75,75020,0,0,2,2,3,1,1,4,2,02,1,1,0,60,1,0,1,4,1,51,4,1,2,0,2,3,1,200500046108B01,5,0,1,
200500046111,2005-07-15,2005,juillet,vendredi,13:40,75,75012,0,0,2,1,6,1,1,4,2,02,1,1,0,60,1,0,1,3,2,62,5,3,0,0,1,1,1,200500046111A01,,,,
200500046117,2005-07-16,2005,juillet,samedi,15:30,75,75002,0,0,2,3,6,1,1,4,1,01,1,1,0,30,1,0,1,1,1,49,1,3,0,0,1,3,1,200500046117A01,,,,
200500046121,2005-07-16,2005,juillet,samedi,22:30,75,75013,0,0,2,1,6,5,1,4,2,04,1,1,0,120,1,0,1,4,1,32,5,3,0,1,0,2,1,200500046121A01,,,,
200500046144,2005-07-19,2005,juillet,mardi,03:15,75,75011,0,0,2,1,6,5,1,4,2,02,1,1,0,60,1,0,1,4,1,33,0,3,0,1,0,2,1,200500046144A01,,,,
200500046147,2005-07-20,2005,juillet,mercredi,12:25,75,75004,0,0,2,3,3,1,1,4,1,02,1,1,0,60,1,0,1,4,2,57,5,3,0,0,2,1,5,200500046147A01,4,15,1,
200500046154,2005-07-14,2005,juillet,jeudi,13:10,75,75018,0,0,2,1,3,1,1,4,2,02,1,1,0,60,1,0,1,4,1,24,5,3,0,0,2,1,1,200500046154A01,7,23,1,
200500046179,2005-07-19,2005,juillet,mardi,16:10,75,75015,0,0,2,2,3,1,1,4,2,04,1,1,0,120,1,0,1,4,2,59,5,3,0,0,2,2,1,200500046179B01,7,13,1,
200500046184,2005-07-20,2005,juillet,mercredi,13:50,75,75002,0,0,2,1,3,1,1,4,1,02,1,1,0,60,1,0,1,4,1,36,5,3,0,0,2,3,19,200500046184A01,7,1,1,
200500046199,2005-07-21,2005,juillet,jeudi,20:15,75,75013,0,0,2,5,1,1,1,4,2,02,1,1,0,60,1,0,1,4,1,9,5,3,0,0,2,1,5,200500046199A01,7,1,1,
200500046203,2005-07-21,2005,juillet,jeudi,07:15,75,75016,0,0,2,4,3,1,1,4,1,03,1,1,0,90,1,0,1,4,1,42,4,1,2,0,2,2,1,200500046203A01,14,1,1,
200500046221,2005-07-23,2005,juillet,samedi,11:15,75,75010,0,0,2,1,3,1,1,4,1,03,1,1,0,90,1,0,1,4,1,24,5,3,0,0,2,3,18,200500046221A01,7,1,1,
200500046229,2005-07-23,2005,juillet,samedi,00:45,75,75016,0,0,2,5,3,5,1,4,2,02,1,1,0,60,1,0,1,4,2,36,5,3,0,0,2,1,1,200500046229A01,7,1,1,
200500046268,2005-07-27,2005,juillet,mercredi,23:00,75,75012,0,0,2,1,6,5,1,4,2,04,1,1,0,120,1,0,1,4,2,31,5,3,0,1,0,1,1,200500046268A01,,,,
200500046280,2005-07-27,2005,juillet,mercredi,12:10,75,75020,0,0,2,1,6,1,1,4,1,01,1,1,0,30,1,0,1,1,1,34,5,3,0,0,1,1,5,200500046280A01,,,,
200500046283,2005-07-28,2005,juillet,jeudi,09:45,75,75008,0,0,2,3,1,1,1,4,2,02,1,1,0,60,1,0,1,4,1,35,5,1,2,0,2,1,5,200500046283A01,7,16,1,
200500046310,2005-07-29,2005,juillet,vendredi,11:35,75,75018,0,0,2,1,1,1,1,4,2,04,1,1,0,120,1,0,1,4,1,29,5,3,0,0,2,1,5,200500046310A01,1,7,1,
200500046310,2005-07-29,2005,juillet,vendredi,11:35,75,75018,0,0,2,1,1,1,1,4,2,04,1,1,0,120,1,0,1,4,1,34,4,3,0,0,2,1,7,200500046310B01,1,5,1,
200500046316,2005-07-30,2005,juillet,samedi,22:05,75,75007,0,0,2,2,3,2,1,4,2,04,1,1,0,120,1,0,1,4,2,25,5,3,0,0,2,3,1,200500046316B01,14,16,1,
200500046328,2005-07-30,2005,juillet,samedi,00:05,75,75018,0,0,2,1,6,5,1,4,3,02,1,1,10,60,1,0,1,1,1,29,9,3,0,14,2,2,1,200500046328B01,2,18,1,
200500046340,2005-07-29,2005,juillet,vendredi,11:55,75,75005,0,0,2,1,3,1,1,4,2,03,1,1,0,90,1,0,1,4,2,33,5,3,0,0,2,1,7,200500046340B01,10,22,1,
200500046346,2005-07-31,2005,juillet,dimanche,19:20,75,75016,0,0,2,1,3,1,1,4,2,02,1,1,0,60,1,0,1,4,1,29,5,3,0,0,2,2,1,200500046346B01,7,22,1,
200500046386,2005-07-03,2005,juillet,dimanche,16:15,76,76178,0,0,2,1,2,1,1,4,2,02,1,1,0,70,1,0,1,3,1,14,5,3,9,0,0,4,2,200500046386B01,7,17,1,200023414
200500046389,2005-07-18,2005,juillet,lundi,21:00,76,76561,0,0,2,2,1,1,1,3,2,02,1,1,0,60,1,0,1,3,1,48,5,3,9,0,2,1,1,200500046389B01,7,15,1,200023414
200500046394,2005-07-11,2005,juillet,lundi,12:00,76,76351,0,0,2,1,1,1,1,4,2,02,1,1,0,118,1,0,1,3,1,20,9,3,9,0,2,7,1,200500046394B01,14,16,1,200084952
200500046434,2005-07-22,2005,juillet,vendredi,17:10,77,77131,0,0,2,2,3,1,1,3,2,02,1,1,0,23,1,0,1,4,1,10,5,1,2,0,9,8,1,200500046434B01,7,1,1,200090504
200500046454,2005-07-22,2005,juillet,vendredi,17:30,77,77143,0,0,2,2,3,1,1,3,2,02,1,1,0,60,1,4,1,4,2,7,5,2,2,0,2,2,2,200500046454A01,7,2,1,200072130
200500046470,2005-07-07,2005,juillet,jeudi,19:15,77,77054,0,0,2,9,6,1,1,4,2,02,1,3,0,58,1,0,1,3,1,9,5,2,9,0,2,8,1,200500046470A01,7,1,1,247700107
200500046472,2005-07-08,2005,juillet,vendredi,12:30,77,77333,0,0,2,1,2,1,1,4,-1,02,1,-1,320,69,1,0,1,3,1,11,0,3,9,0,2,0,19,200500046472B01,7,4,1,200023240
200500046484,2005-07-03,2005,juillet,dimanche,16:20,77,77118,0,0,2,6,3,1,1,4,4,02,2,1,10,20,1,5,1,4,1,39,5,1,4,0,2,1,6,200500046484B01,7,2,1,200055655
200500046526,2005-07-06,2005,juillet,mercredi,14:15,78,78440,0,0,2,1,2,1,1,3,2,04,1,1,0,140,1,0,0,4,2,75,5,3,9,0,0,4,1,200500046526B01,99,0,1,200059889
200500046551,2005-07-27,2005,juillet,mercredi,10:10,78,78586,0,0,2,1,6,1,1,4,2,02,1,1,0,580,1,0,5,4,1,35,9,1,9,1,0,1,1,200500046551A01,,,,200058519
200500046591,2005-07-23,2005,juillet,samedi,18:30,80,80131,0,0,2,1,1,1,1,4,2,02,1,2,0,70,1,0,1,4,1,5,5,3,9,0,2,1,13,200500046591A01,2,1,1,248000531
200500046595,2005-07-27,2005,juillet,mercredi,17:20,80,80021,0,0,2,1,6,1,3,4,-1,01,1,1,0,60,2,6,4,1,1,21,5,3,9,0,1,1,1,200500046595A01,,,,248000531
200500046599,2005-07-29,2005,juillet,vendredi,11:35,80,80021,0,0,2,1,2,1,1,4,1,03,1,1,0,90,1,0,1,4,1,37,5,3,9,0,2,1,1,200500046599B01,7,4,1,248000531
200500046600,2005-07-29,2005,juillet,vendredi,17:25,80,80021,0,0,2,1,6,1,1,4,1,02,1,1,0,75,1,0,1,4,2,22,5,3,9,0,2,1,1,200500046600B01,7,24,1,248000531
200500046610,2005-07-08,2005,juillet,vendredi,13:55,81,81065,0,0,2,6,3,1,1,2,2,02,4,3,125,265,1,0,1,2,1,24,1,3,9,0,2,9,17,200500046610B01,14,16,1,248100430
200500046616,2005-07-22,2005,juillet,vendredi,19:15,81,81065,0,0,1,2,3,1,7,4,2,01,1,4,0,26,-1,0,1,2,1,16,5,3,9,0,2,1,1,200500046616B01,7,1,1,248100430
200500046617,2005-07-23,2005,juillet,samedi,14:00,81,81065,0,0,2,3,2,1,1,4,2,02,1,1,0,0,1,0,1,3,1,66,5,1,2,0,2,1,1,200500046617B01,7,19,1,248100430
200500046626,2005-07-21,2005,juillet,jeudi,14:15,82,82121,0,0,2,2,2,1,1,4,2,02,1,1,0,0,1,0,1,4,1,37,5,2,9,0,2,4,15,200500046626B01,99,0,1,248200099
200500046659,2005-07-14,2005,juillet,jeudi,19:10,83,83123,0,0,2,1,3,1,1,4,2,02,1,1,0,67,1,0,1,3,2,48,5,3,9,0,2,8,2,200500046659B01,7,17,1,248300394
200500046677,2005-07-29,2005,juillet,vendredi,12:05,83,83126,0,0,2,6,3,1,1,3,1,02,1,2,0,0,1,5,1,3,1,38,5,3,9,0,2,8,1,200500046677B01,7,2,1,248300543
200500046692,2005-07-10,2005,juillet,dimanche,16:30,83,83062,0,0,2,1,3,1,1,4,2,02,1,1,90,66,1,0,1,3,1,9,5,2,9,0,2,6,2,200500046692B01,4,2,1,248300543
200500046715,2005-07-08,2005,juillet,vendredi,17:15,84,84007,0,0,2,1,3,1,2,2,2,02,1,1,0,90,1,0,5,4,1,43,1,3,9,0,2,7,1,200500046715B01,2,17,1,248400251
200500046727,2005-07-21,2005,juillet,jeudi,18:00,84,84007,0,0,2,1,1,1,1,4,2,02,1,1,0,80,1,0,1,4,1,23,1,2,9,0,2,1,13,200500046727A01,7,1,1,248400251
200500046740,2005-07-18,2005,juillet,lundi,17:40,84,84035,0,0,2,1,3,1,1,4,2,02,-1,-1,0,72,1,0,1,4,1,22,0,1,9,0,2,0,1,200500046740B01,7,1,1,200040442
200500046752,2005-07-03,2005,juillet,dimanche,10:20,85,85191,0,0,2,1,6,1,1,4,2,02,2,1,0,92,1,0,1,1,1,50,5,3,9,0,1,1,2,200500046752A01,,,,248500589
200500046763,2005-07-27,2005,juillet,mercredi,19:55,85,85194,0,0,2,3,6,1,2,4,2,00,1,1,0,0,1,0,1,3,2,83,9,3,9,0,2,8,15,200500046763B01,2,1,1,200071165
200500046779,2005-07-26,2005,juillet,mardi,20:55,86,86194,0,0,2,1,1,1,1,4,2,00,1,1,0,0,1,0,0,4,1,33,9,3,9,0,2,1,1,200500046779B01,5,1,1,200069854
200500046797,2005-07-13,2005,juillet,mercredi,15:40,87,87065,0,0,1,1,7,1,1,4,2,02,2,1,0,70,1,0,3,4,1,36,5,1,2,16,0,8,1,200500046797A01,,,,248719312
200500046804,2005-07-19,2005,juillet,mardi,09:49,87,87085,0,0,2,1,7,1,1,4,2,02,2,4,0,80,1,0,1,4,1,15,5,3,2,16,0,8,1,200500046804A01,,,,248719312
200500046814,2005-07-26,2005,juillet,mardi,07:40,87,87065,0,0,1,1,2,1,1,3,2,02,4,2,0,69,1,0,1,4,1,44,1,2,2,0,2,6,1,200500046814B01,15,17,1,248719312
200500046827,2005-07-03,2005,juillet,dimanche,21:05,88,88424,0,0,2,1,6,1,1,5,-1,02,1,1,0,30,1,0,0,3,1,41,5,3,9,0,2,1,1,200500046827B01,7,1,1,200071066
200500046830,2005-07-28,2005,juillet,jeudi,13:45,88,88428,0,0,2,1,1,1,1,4,2,02,2,3,0,52,1,0,1,3,1,15,5,1,9,0,2,1,13,200500046830A01,7,1,1,200071066
200500046849,2005-07-14,2005,juillet,jeudi,15:30,91,91103,0,0,1,1,6,1,1,4,2,02,1,-1,0,48,1,0,1,3,1,15,5,3,9,0,2,1,13,200500046849B01,7,1,1,200057859
200500046868,2005-07-02,2005,juillet,samedi,15:20,91,91228,0,0,2,1,3,1,1,3,3,05,1,1,10,160,1,0,1,3,1,17,5,3,2,0,2,7,19,200500046868A01,7,1,1,200059228
200500046873,2005-07-12,2005,juillet,mardi,19:50,91,91228,0,0,2,1,3,1,1,4,2,02,1,1,0,70,1,0,1,4,2,9,5,3,2,0,2,1,19,200500046873B01,7,1,1,200059228
200500046878,2005-07-17,2005,juillet,dimanche,15:30,91,91286,0,0,2,1,1,1,1,2,3,02,1,1,60,64,1,0,1,2,1,69,5,2,2,0,2,8,11,200500046878B01,7,17,1,200059228
200500046879,2005-07-22,2005,juillet,vendredi,07:05,91,91326,0,0,2,1,3,1,1,4,3,02,1,1,0,0,1,0,1,4,1,36,0,1,2,0,0,7,0,200500046879B01,7,0,1,200054781
200500046899,2005-07-10,2005,juillet,dimanche,19:32,91,91064,0,0,2,1,3,1,1,3,2,02,2,1,0,60,1,0,1,3,1,57,5,1,2,0,2,1,1,200500046899B01,7,1,1,247800584
200500046911,2005-07-11,2005,juillet,lundi,11:30,92,92002,0,0,2,1,3,1,1,2,3,02,2,1,13,64,1,0,1,3,1,68,5,3,9,0,0,8,2,200500046911B01,14,2,1,200054781
200500046930,2005-07-14,2005,juillet,jeudi,18:50,92,92007,0,0,2,2,6,1,1,3,2,02,1,1,0,120,1,0,1,4,1,18,5,3,9,0,2,8,15,200500046930B01,7,17,1,200054781
200500046934,2005-07-04,2005,juillet,lundi,07:10,92,92012,0,0,2,1,3,1,3,3,2,02,1,1,41,98,2,0,1,4,2,24,1,3,9,0,2,1,2,200500046934B01,7,15,1,200054781
200500046943,2005-07-16,2005,juillet,samedi,15:45,92,92012,0,0,2,1,6,1,1,2,3,04,1,1,500,600,1,0,1,4,1,28,5,3,9,0,2,7,19,200500046943B01,20,2,1,200054781
200500046964,2005-07-11,2005,juillet,lundi,19:00,92,92024,0,0,2,2,2,1,1,4,2,02,1,1,0,0,1,5,1,4,2,37,1,2,2,0,0,4,15,200500046964B01,7,15,1,200054781
200500046979,2005-07-08,2005,juillet,vendredi,09:05,92,92026,0,0,2,1,3,1,1,3,2,04,1,1,0,150,1,0,1,4,2,31,4,3,9,0,2,1,1,200500046979B01,7,24,1,200054781
200500046999,2005-07-19,2005,juillet,mardi,18:05,92,92048,0,0,2,1,3,1,1,4,2,02,1,1,0,70,1,0,1,4,2,9,5,3,2,0,2,2,19,200500046999B01,7,1,1,200054781
200500047006,2005-07-06,2005,juillet,mercredi,16:25,92,92020,0,0,2,1,3,1,1,4,2,01,1,1,0,61,-1,0,1,4,1,18,5,3,9,0,2,7,19,200500047006A01,7,2,1,200054781
200500047041,2005-07-09,2005,juillet,samedi,17:55,92,92064,0,0,2,3,7,1,1,3,2,02,2,1,0,88,1,0,1,4,1,40,0,3,2,1,0,1,2,200500047041B01,7,2,1,200054781
200500047056,2005-07-29,2005,juillet,vendredi,10:15,92,92072,0,0,2,1,7,1,1,4,2,01,2,3,0,0,1,0,1,3,1,12,5,3,9,11,0,0,1,200500047056A01,,,,200054781
200500047062,2005-07-01,2005,juillet,vendredi,11:05,92,92075,0,0,2,9,3,1,1,3,2,02,1,3,0,0,1,0,1,4,2,59,1,3,9,15,2,3,15,200500047062B01,14,14,1,200054781
200500047072,2005-07-30,2005,juillet,samedi,22:15,92,92078,0,0,2,3,3,5,1,3,3,01,1,1,0,25,1,0,1,4,1,25,0,3,0,0,2,7,14,200500047072A01,7,2,1,200054781
200500047104,2005-07-03,2005,juillet,dimanche,15:35,93,93008,0,0,2,6,3,1,1,2,1,02,1,3,0,50,1,5,1,3,1,68,5,1,9,0,2,1,19,200500047104B01,7,9,1,200054781
200500047111,2005-07-08,2005,juillet,vendredi,19:15,93,93027,0,0,2,1,6,1,1,9,2,01,1,-1,0,0,1,0,1,3,1,11,0,3,9,0,0,0,0,200500047111B01,7,0,1,200054781
200500047140,2005-07-09,2005,juillet,samedi,14:25,93,93046,0,0,2,1,3,1,1,4,2,02,1,1,0,80,1,0,1,4,2,11,5,3,9,0,2,1,15,200500047140B01,7,1,1,200054781
200500047151,2005-07-15,2005,juillet,vendredi,17:15,93,93048,0,0,2,2,5,1,1,4,2,02,2,1,0,60,1,5,1,3,1,16,5,3,2,0,2,8,19,200500047151A01,18 / 7,19,2,200054781
200500047155,2005-07-23,2005,juillet,samedi,14:20,93,93048,0,0,2,2,3,1,8,4,2,02,1,1,100,100,1,5,1,3,1,23,0,3,0,0,2,1,1,200500047155A01,7,1,1,200054781
200500047174,2005-07-19,2005,juillet,mardi,14:35,93,93055,0,0,2,2,1,1,1,4,-1,02,2,-1,0,60,1,5,1,3,1,12,0,2,9,0,2,4,1,200500047174B01,7,1,1,200054781
200500047193,2005-07-21,2005,juillet,jeudi,08:35,93,93066,0,0,2,2,3,1,1,3,2,04,1,1,40,40,1,5,1,3,1,54,1,3,4,0,2,2,0,200500047193B01,7,0,1,200054781
200500047201,2005-07-30,2005,juillet,samedi,20:15,93,93066,0,0,2,3,1,1,1,4,1,02,2,1,0,50,1,0,1,3,1,56,0,3,9,0,2,3,9,200500047201B01,7,1,1,200054781
200500047202,2005-07-30,2005,juillet,samedi,22:40,93,93066,0,0,2,3,3,5,1,4,1,01,1,1,0,30,1,0,1,4,1,26,5,3,9,0,2,1,19,200500047202A01,7,9,1,200054781
200500047219,2005-07-01,2005,juillet,vendredi,18:25,93,93078,0,0,2,1,3,1,8,3,2,01,1,1,0,80,1,0,1,4,1,39,0,3,9,0,0,0,0,200500047219B01,7,2,1,200054781
200500047223,2005-07-12,2005,juillet,mardi,15:10,93,93073,0,0,2,1,3,1,1,4,2,01,-1,-1,0,90,1,0,1,4,1,15,5,3,9,0,2,7,19,200500047223A01,7,2,1,200054781
200500047228,2005-07-22,2005,juillet,vendredi,14:40,93,93078,0,0,2,1,3,1,1,4,2,02,-1,-1,0,60,1,0,1,4,1,71,0,2,9,0,2,0,1,200500047228B01,7,16,1,200054781
200500047275,2005-07-04,2005,juillet,lundi,19:30,94,94011,0,0,2,1,3,1,1,6,-1,01,-1,-1,0,30,1,0,1,4,1,19,0,3,2,0,0,7,1,200500047275B01,7,4,1,200054781
200500047280,2005-07-13,2005,juillet,mercredi,13:15,94,94028,0,0,2,1,3,1,1,2,3,04,1,1,0,120,1,0,1,4,1,14,0,1,2,0,2,1,0,200500047280A01,7,1,1,200054781
200500047282,2005-07-23,2005,juillet,samedi,23:05,94,94028,0,0,2,1,3,5,1,4,2,02,1,1,0,60,1,0,1,4,1,21,5,3,9,0,2,7,19,200500047282A01,7,2,1,200054781
200500047291,2005-07-30,2005,juillet,samedi,08:35,94,94028,0,0,2,1,3,1,2,4,1,02,-1,-1,20,60,-1,0,0,4,1,31,0,3,9,1,2,0,2,200500047291A01,7,2,1,200054781
200500047315,2005-07-27,2005,juillet,mercredi,19:40,94,94021,0,0,2,1,3,2,1,4,2,00,1,-1,0,0,1,0,1,3,1,64,0,3,9,0,2,0,1,200500047315B01,7,15,1,200054781
200500047327,2005-07-20,2005,juillet,mercredi,08:10,94,94046,0,0,2,1,3,1,1,4,2,02,1,1,0,66,1,0,1,4,1,39,1,3,9,0,2,1,19,200500047327A01,7,16,1,200054781
200500047370,2005-07-26,2005,juillet,mardi,20:00,95,95018,0,0,2,2,3,1,1,4,2,02,2,1,0,120,1,0,1,4,1,24,5,2,2,0,2,1,1,200500047370A01,7,1,1,200054781
200500047395,2005-07-28,2005,juillet,jeudi,15:55,95,95219,0,0,2,1,6,1,1,4,2,02,1,1,0,60,1,0,1,3,2,38,0,2,2,1,0,1,3,200500047395B01,7,22,1,200058485
200500047396,2005-07-01,2005,juillet,vendredi,01:18,95,95268,0,0,2,1,1,5,1,4,2,02,1,1,0,80,1,0,1,3,1,38,9,3,9,0,2,1,5,200500047396A01,7,1,1,200055655
200500047407,2005-07-02,2005,juillet,samedi,17:30,95,95313,0,0,2,1,3,1,1,4,-1,01,1,1,0,41,1,0,5,4,1,59,5,1,2,0,2,1,1,200500047407B01,7,1,1,249500455
200500047631,2005-07-10,2005,juillet,dimanche,12:46,2B,2B033,0,0,2,1,1,1,1,4,1,01,1,1,0,37,1,0,1,4,1,14,5,3,9,0,9,0,1,200500047631A01,2,1,1,242000354
200500047648,2005-07-21,2005,juillet,jeudi,13:00,69,69382,0,0,2,2,3,1,1,4,1,05,1,1,0,140,1,0,1,4,1,45,9,3,2,0,2,1,1,200500047648A01,7,1,1,200046977
200500047692,2005-07-18,2005,juillet,lundi,09:55,69,69383,0,0,2,2,1,1,1,4,2,04,1,1,0,0,1,0,1,4,1,19,1,3,2,0,2,1,8,200500047692B01,7,15,1,200046977
200500047699,2005-07-25,2005,juillet,lundi,19:40,69,69383,0,0,2,2,3,1,1,4,1,01,1,1,0,0,1,0,1,4,1,50,0,3,9,0,2,1,1,200500047699B01,7,1,1,200046977
200500047701,2005-07-28,2005,juillet,jeudi,18:40,69,69386,0,0,2,1,3,1,1,4,2,04,1,1,0,0,1,0,1,4,1,30,1,3,9,0,2,8,1,200500047701A01,7,15,1,200046977
200500047702,2005-07-29,2005,juillet,vendredi,18:00,69,69386,0,0,2,1,3,1,8,4,2,03,1,1,0,0,1,0,1,4,1,28,5,3,9,0,2,8,1,200500047702B01,7,1,1,200046977
200500047708,2005-07-22,2005,juillet,vendredi,19:10,69,69384,0,0,2,3,3,1,1,4,2,02,1,1,0,55,1,0,1,3,1,20,0,3,9,0,2,1,1,200500047708B01,7,15,1,200046977
200500047743,2005-07-01,2005,juillet,vendredi,13:50,69,69387,0,0,2,1,3,1,1,4,3,04,1,1,50,120,1,0,1,3,2,57,1,3,9,0,2,1,1,200500047743B01,14,15,1,200046977
200500047745,2005-07-05,2005,juillet,mardi,18:40,69,69387,0,0,2,1,3,1,1,4,1,03,1,1,0,70,1,0,4,1,1,16,5,2,2,0,2,1,19,200500047745A01,1,1,1,200046977
200500047745,2005-07-05,2005,juillet,mardi,18:40,69,69387,0,0,2,1,3,1,1,4,1,03,1,1,0,70,1,0,4,4,2,28,1,2,2,0,2,1,1,200500047745B01,1,19,1,200046977
200500047756,2005-07-22,2005,juillet,vendredi,23:55,69,69387,0,0,2,1,2,5,1,4,2,05,1,1,0,155,1,2,1,3,1,49,1,2,4,0,2,4,1,200500047756B01,7,1,1,200046977
200500047845,2005-07-21,2005,juillet,jeudi,13:00,13,13055,0,0,1,1,5,1,1,1,1,01,2,2,0,55,1,0,1,3,1,26,1,1,2,1,0,8,2,200500047845C01,7,1 / 2,3,200054807
200500047898,2005-08-11,2005,août,jeudi,09:15,62,62810,50.36,2.79,2,1,1,1,1,2,2,00,1,1,0,75,1,0,1,3,1,67,5,3,0,0,2,1,1,200500047898B02,7,15,1,200033579
200500047901,2005-08-01,2005,août,lundi,16:00,62,62025,50.815,1.61,2,1,1,1,1,3,-1,00,-1,1,0,41,1,0,1,3,2,59,5,3,0,0,2,1,0,200500047901B02,7,15,1,246200380
200500047912,2005-08-24,2005,août,mercredi,10:45,62,62014,0,0,2,1,1,1,1,3,2,02,1,3,0,100,1,5,1,3,2,66,5,3,0,0,0,3,1,200500047912B02,7,16,1,200069037
200500047924,2005-08-18,2005,août,jeudi,11:15,80,80612,0,0,2,1,3,1,1,3,2,02,1,1,0,63,1,0,1,3,1,10,5,3,0,0,2,8,13,200500047924A01,7,17,1,
200500047934,2005-08-17,2005,août,mercredi,17:15,80,80688,50.307,1.644,1,1,1,1,1,3,3,00,-1,1,55,73,1,0,1,4,2,46,5,1,4,0,2,8,1,200500047934B02,7,17,1,200070936
200500047947,2005-08-17,2005,août,mercredi,14:45,02,02058,0,0,2,9,1,1,1,4,2,02,2,1,0,50,1,0,1,3,1,7,5,3,0,0,2,8,19,200500047947B02,7,1,1,240200592
200500047948,2005-08-31,2005,août,mercredi,23:30,02,02555,0,0,1,1,2,3,1,3,2,00,2,1,0,0,1,0,0,3,1,26,5,0,2,0,0,4,1,200500047948B02,7,1,1,240200584
200500047968,2005-08-04,2005,août,jeudi,15:00,60,60616,49.364,1.768,2,1,3,1,1,4,2,00,1,1,0,62,1,0,1,3,2,16,5,3,0,0,2,1,15,200500047968B02,2,21,1,246000913
200500047979,2005-08-29,2005,août,lundi,07:30,60,60120,49.32,2.39,1,1,3,2,1,3,2,02,1,1,0,75,1,0,1,3,1,45,5,3,0,0,2,8,2,200500047979B02,7,2,1,246000376
200500047996,2005-08-03,2005,août,mercredi,10:30,60,60141,49.188,2.49,1,1,3,1,1,3,2,02,1,1,0,60,1,0,1,4,1,80,5,1,2,0,2,8,19,200500047996A01,7,1,1,246000764
200500048045,2005-08-19,2005,août,vendredi,16:00,27,27151,49.397,1.386,1,3,3,1,1,4,2,02,2,1,0,34,1,0,1,4,1,15,5,3,0,0,2,1,15,200500048045B02,7,1,1,200070142
200500048056,2005-08-22,2005,août,lundi,14:45,27,27184,49.212,1.084,2,1,5,1,1,3,2,02,1,3,0,56,1,0,1,3,1,48,5,3,0,0,2,1,5,200500048056B02,2,5,1,200089456
200500048056,2005-08-22,2005,août,lundi,14:45,27,27184,49.212,1.084,2,1,5,1,1,3,2,02,1,3,0,56,1,0,1,3,1,38,5,3,0,0,2,1,0,200500048056C03,2,5,1,200089456
200500048091,2005-08-28,2005,août,dimanche,10:45,35,35078,48.606,-1.711,1,1,3,1,1,3,2,02,1,1,0,60,1,0,1,3,1,69,5,1,2,0,2,1,1,200500048091B02,7,19,1,200070670
200500048101,2005-08-03,2005,août,mercredi,12:00,22,22222,0,0,1,2,3,1,1,3,2,02,2,1,0,53,1,0,1,3,1,28,5,3,0,0,2,8,19,200500048101A01,7,1,1,200069086
200500048103,2005-08-06,2005,août,samedi,15:15,22,22093,48.458,-2.513,1,1,3,1,1,3,2,00,1,1,0,72,1,0,1,3,1,63,5,3,0,0,2,8,1,200500048103B02,7,18,1,200069391
200500048131,2005-08-26,2005,août,vendredi,18:15,22,22264,0,0,2,1,3,1,1,4,2,00,1,1,0,49,1,0,1,4,1,12,5,3,0,0,2,1,15,200500048131B02,7,1,1,200065928