Num_Acc,date,an,mois,jour,hrmn,dep,com,lat,long,agg,int,col,lum,atm,catr,circ,nbv,prof,plan,lartpc,larrout,surf,infra,situ,grav,sexe,age,trajet,secuexist,equipement,obs,obsm,choc,manv,vehiculeid,typevehicules,manoeuvehicules,numVehicules,_infos_commune.code_epci
200500048133,2005-08-10,2005,août,mercredi,14:30,29,29159,47.932,-4.326,1,1,1,1,1,3,2,02,1,1,0,70,1,0,3,2,1,16,0,1,2,0,2,1,1,200500048133B02,7,13,1,242900710
200500048136,2005-08-25,2005,août,jeudi,16:15,29,29057,47.913,-3.977,2,1,2,1,1,9,-1,00,1,1,0,0,9,6,0,1,1,14,5,3,0,0,2,6,2,200500048136B02,4,1,1,242900660
200500048141,2005-08-18,2005,août,jeudi,10:45,29,29158,47.818,-4.348,1,9,1,1,1,3,2,01,1,1,0,65,1,0,1,3,2,79,3,3,0,0,2,1,13,200500048141A01,7,21,1,242900702
200500048143,2005-08-09,2005,août,mardi,11:00,29,29178,0,0,2,1,2,1,1,4,2,00,1,1,0,0,1,0,1,3,1,60,5,1,2,1,0,1,2,200500048143B02,7,22,1,242900074
200500048180,2005-08-04,2005,août,jeudi,17:00,14,14020,49.149,-0.146,1,1,2,1,1,3,2,02,1,1,0,51,1,0,1,4,1,20,5,3,0,0,2,4,15,200500048180B02,7,2,1,200065589
200500048184,2005-08-31,2005,août,mercredi,16:45,14,14076,49.239,-0.306,1,1,5,1,1,3,2,02,1,1,0,0,1,0,1,3,1,12,5,3,0,0,0,6,1,200500048184C03,7 / 2,1,2,200065597
200500048212,2005-08-08,2005,août,lundi,11:45,50,50312,48.718,-1.059,1,1,3,1,1,3,2,02,1,1,0,63,1,0,1,3,1,70,5,1,2,0,2,8,15,200500048212B02,7,1,1,200069425
200500048216,2005-08-29,2005,août,lundi,11:00,50,50149,49.557,-1.67,2,1,1,1,1,3,2,02,1,1,0,56,1,0,1,3,2,13,5,3,0,0,2,1,15,200500048216B02,7,1,1,200067205
200500048258,2005-08-18,2005,août,jeudi,11:30,44,44032,0,0,1,1,7,1,1,4,2,00,1,1,0,0,1,0,1,1,1,48,5,3,0,0,0,0,0,200500048258A01,,,,200067866
200500048258,2005-08-18,2005,août,jeudi,11:30,44,44032,0,0,1,1,7,1,1,4,2,00,1,1,0,0,1,0,1,2,2,44,0,3,0,0,0,0,0,200500048258A01,,,,200067866
200500048288,2005-08-09,2005,août,mardi,17:00,44,44010,0,0,2,1,5,1,1,3,2,00,-1,3,0,63,1,0,1,3,1,48,5,3,0,0,2,1,17,200500048288A01,7,1,1,244400610
200500048288,2005-08-09,2005,août,mardi,17:00,44,44010,0,0,2,1,5,1,1,3,2,00,-1,3,0,63,1,0,1,3,2,46,5,3,0,0,2,8,1,200500048288B02,7,1,1,244400610
200500048293,2005-08-05,2005,août,vendredi,07:00,44,44098,47.492,-2.151,1,1,2,1,1,3,2,02,1,1,0,61,1,0,1,2,1,56,1,3,0,0,2,6,2,200500048293B02,7,2,1,200000438
200500048301,2005-08-02,2005,août,mardi,18:45,49,49022,47.317,-0.586,2,2,3,1,1,4,2,02,1,1,0,38,1,0,1,4,1,16,5,3,0,0,2,1,1,200500048301B02,7,1,1,200071553
200500048372,2005-08-09,2005,août,mardi,18:45,72,72132,0,0,2,1,1,1,1,9,2,00,1,1,0,0,1,0,1,3,1,5,5,3,0,0,2,8,13,200500048372A01,7,17,1,247200686
200500048375,2005-08-13,2005,août,samedi,18:30,85,85039,0,0,1,1,1,1,1,4,2,02,-1,2,0,0,1,0,1,3,1,14,5,1,2,0,2,1,5,200500048375B02,7,1,1,200070233
200500048376,2005-08-30,2005,août,mardi,09:45,85,85119,0,0,1,1,3,1,1,3,2,02,1,1,0,60,1,0,1,3,1,71,5,3,0,0,2,0,1,200500048376B02,10,17,1,248500662
200500048387,2005-08-24,2005,août,mercredi,10:45,85,85042,0,0,1,1,1,1,1,2,2,02,1,3,0,70,1,0,1,3,1,56,5,3,0,0,2,1,19,200500048387A01,7,1,1,200073260
200500048390,2005-08-04,2005,août,jeudi,19:45,85,85047,46.848,-1.876,2,6,3,1,1,9,-1,00,-1,-1,0,71,1,5,1,3,2,56,9,3,0,0,2,7,0,200500048390B02,7,1,1,200071629
200500048395,2005-08-10,2005,août,mercredi,13:00,85,85152,0,0,2,1,3,1,1,2,2,02,1,1,25,60,1,0,1,3,1,10,5,3,0,0,2,8,2,200500048395A01,5,2,1,248500530
200500048409,2005-08-08,2005,août,lundi,16:00,85,85114,0,0,2,1,3,1,1,9,2,01,-1,1,0,0,1,0,1,3,1,79,5,0,2,0,0,7,15,200500048409B02,2,17,1,200071900
200500048480,2005-08-17,2005,août,mercredi,11:00,40,40266,0,0,1,1,2,1,1,3,2,00,1,1,0,50,1,0,1,3,2,51,1,3,0,0,2,4,0,200500048480B02,7,1,1,244000857
200500048490,2005-08-05,2005,août,vendredi,09:15,40,40046,0,0,2,1,1,1,1,4,2,02,1,-1,0,60,1,0,1,4,1,70,5,3,0,0,2,1,16,200500048490A01,7,15,1,244000873
200500048506,2005-08-14,2005,août,dimanche,09:45,47,47004,44.309,0.342,1,1,1,1,1,2,2,01,1,2,0,46,1,0,1,2,1,41,5,3,0,0,2,1,19,200500048506B02,8,1,1,200068922
200500048511,2005-08-02,2005,août,mardi,16:30,47,47233,44.529,0.097,1,1,1,1,1,4,2,00,1,-1,0,45,1,0,1,3,2,57,5,1,2,0,2,1,15,200500048511B02,7,1,1,200030674
200500048584,2005-08-07,2005,août,dimanche,12:15,17,17207,0,0,2,1,6,1,1,3,1,01,1,-1,0,0,1,0,1,1,1,16,0,3,0,0,2,0,5,200500048584A01,,,,241700459
200500048584,2005-08-07,2005,août,dimanche,12:15,17,17207,0,0,2,1,6,1,1,3,1,01,1,-1,0,0,1,0,1,3,2,79,0,3,0,0,2,0,5,200500048584A01,,,,241700459
200500048585,2005-08-28,2005,août,dimanche,15:50,17,17121,0,0,2,6,3,1,1,3,1,02,1,2,0,80,1,5,1,3,2,63,5,3,0,0,2,3,1,200500048585B02,7,16,1,241700459
200500048633,2005-08-28,2005,août,dimanche,11:20,79,79016,0,0,1,1,1,1,1,4,2,02,2,1,0,31,1,0,1,2,1,46,5,0,2,0,0,1,1,200500048633B02,7,13,1,200041416
200500048650,2005-08-30,2005,août,mardi,09:00,19,19123,45.174,1.563,2,1,3,1,1,2,3,02,1,1,30,47,1,0,1,3,1,88,5,3,0,0,2,0,0,200500048650B02,7,1,1,200043172
200500048654,2005-08-16,2005,août,mardi,08:00,23,23044,0,0,1,1,2,1,1,3,2,02,1,1,0,61,1,0,1,2,1,53,5,3,0,0,2,4,2,200500048654B02,7,1,1,242320109
200500048717,2005-08-11,2005,août,jeudi,18:45,32,32127,43.87,-0.102,2,4,3,1,1,3,2,02,3,1,0,71,1,0,0,4,1,15,5,3,0,0,2,8,19,200500048717A01,7,1,1,243200458
200500048760,2005-08-12,2005,août,vendredi,15:30,81,81052,0,0,1,1,3,1,1,3,2,02,2,2,0,110,1,0,1,2,2,19,1,3,0,0,2,8,15,200500048760A01,17,17,1,248100737
200500048797,2005-08-27,2005,août,samedi,11:45,69,69178,45.696,4.44,1,1,3,1,1,2,2,02,1,1,0,75,1,0,1,3,2,74,3,3,0,0,0,0,0,200500048797A01,7,17,1,200066587
200500048809,2005-08-23,2005,août,mardi,19:00,69,69209,46.237,4.488,1,1,2,1,1,3,2,00,1,1,0,51,1,0,1,4,2,62,5,3,0,0,0,4,2,200500048809B02,7,2,1,200067817
200500048832,2005-08-19,2005,août,vendredi,19:00,01,01015,0,0,1,1,7,1,1,3,2,02,2,2,0,48,1,0,3,3,2,15,5,2,2,16,0,1,1,200500048832A01,,,,200040350
200500048834,2005-08-05,2005,août,vendredi,17:30,01,01208,45.815,5.778,1,1,1,1,1,3,2,02,1,1,0,65,1,0,1,2,1,26,5,3,0,0,0,4,2,200500048834B02,7,2,1,200040350
200500048835,2005-08-09,2005,août,mardi,13:15,01,01010,0,0,1,1,6,1,1,3,2,02,2,1,0,60,1,0,1,1,1,15,4,3,0,0,1,1,1,200500048835A01,,,,200070852
200500048845,2005-08-30,2005,août,mardi,18:15,01,01354,0,0,2,1,1,1,1,3,2,02,1,1,0,120,1,0,1,4,1,30,1,3,0,12,2,7,1,200500048845A01,7,16,1,240100750
200500048855,2005-08-27,2005,août,samedi,08:45,07,07346,44.479,4.689,1,1,1,1,1,2,2,01,1,1,0,64,1,0,3,4,1,55,5,1,2,0,2,8,2,200500048855B02,7,2,1,240700864
200500048856,2005-08-09,2005,août,mardi,09:45,07,07348,44.554,4.411,1,1,3,1,1,3,2,02,2,1,0,107,1,0,1,3,1,41,5,1,2,0,2,1,1,200500048856B02,7,15,1,200039808
200500048868,2005-08-17,2005,août,mercredi,13:00,07,07334,44.409,4.13,1,1,6,1,1,3,2,02,2,4,0,71,9,0,3,3,1,44,5,3,0,6,0,1,15,200500048868A01,,,,200039832
200500048904,2005-08-30,2005,août,mardi,07:30,38,38317,0,0,2,6,1,1,1,9,2,02,1,-1,0,0,1,5,5,3,1,56,1,0,2,0,2,3,1,200500048904A01,7,14,1,200040715
200500048925,2005-08-13,2005,août,samedi,16:45,38,38554,45.725,5.241,2,1,3,1,1,4,2,01,1,1,0,0,1,0,1,3,1,64,5,3,0,0,2,1,1,200500048925B02,7,13,1,200068542
200500048933,2005-08-29,2005,août,lundi,15:45,38,38300,45.394,5.184,2,1,1,1,1,3,2,02,1,1,0,50,1,0,1,4,2,57,5,3,0,0,2,1,15,200500048933B02,7,1,1,200059392
200500048948,2005-08-13,2005,août,samedi,12:15,42,42005,0,0,2,1,3,1,1,2,3,00,1,1,0,60,1,0,1,3,1,74,5,3,0,0,0,8,1,200500048948A01,2,1,1,244200770
200500048955,2005-08-14,2005,août,dimanche,09:45,42,42312,45.419,4.072,1,1,1,1,1,3,2,00,2,2,0,68,1,0,1,3,1,46,5,3,0,0,2,1,1,200500048955B02,7,13,1,200065886
200500048967,2005-08-13,2005,août,samedi,17:40,42,42300,0,0,1,1,1,1,1,3,2,00,2,3,0,0,1,0,1,3,1,10,5,3,0,0,2,1,1,200500048967A01,3,1,1,200035202
200500048973,2005-08-18,2005,août,jeudi,17:50,42,42230,0,0,2,1,3,1,7,3,2,02,2,3,0,90,1,5,1,3,1,36,5,0,2,0,2,1,1,200500048973B02,7,15,1,244200614
200500048979,2005-08-13,2005,août,samedi,11:30,73,73106,45.654,6.171,2,1,3,1,1,3,2,00,1,1,0,50,1,0,1,4,2,7,5,1,2,0,2,1,13,200500048979B02,7,23,1,200069110
200500049002,2005-08-16,2005,août,mardi,10:30,74,74123,0,0,1,1,3,1,1,2,2,00,1,1,0,60,1,0,1,3,1,72,5,1,2,0,2,7,11,200500049002B02,7,18,1,247400773
200500049003,2005-08-26,2005,août,vendredi,12:30,74,74275,0,0,1,1,1,1,1,3,2,02,1,3,0,53,1,0,1,4,1,46,5,3,0,0,2,1,1,200500049003B02,5,13,1,200066793
200500049033,2005-08-16,2005,août,mardi,15:00,74,74249,0,0,1,2,3,1,1,3,2,02,-1,1,0,81,1,0,1,4,1,78,5,3,0,0,2,1,1,200500049033B02,2,1,1,200071967
200500049038,2005-08-25,2005,août,jeudi,19:13,63,63204,0,0,1,1,1,1,1,3,2,02,1,1,0,77,1,0,1,3,1,38,5,3,0,0,2,1,1,200500049038B02,7,13,1,200070753
200500049054,2005-08-19,2005,août,vendredi,09:40,63,63165,0,0,1,1,1,1,8,3,2,02,-1,2,0,65,1,0,1,1,1,38,5,3,0,0,2,4,2,200500049054B02,7,17,1,200071215
200500049054,2005-08-19,2005,août,vendredi,09:40,63,63165,0,0,1,1,1,1,8,3,2,02,-1,2,0,65,1,0,1,4,1,42,0,3,0,0,2,4,2,200500049054B02,7,17,1,200071215
200500049106,2005-08-12,2005,août,vendredi,19:00,43,43268,45.114,4.11,1,1,3,1,1,4,2,02,2,3,0,40,1,0,1,3,1,28,5,3,0,0,2,8,1,200500049106A01,7,1,1,244301016
200500049115,2005-08-04,2005,août,jeudi,11:00,57,57385,0,0,1,1,1,1,1,3,2,02,2,1,0,0,1,0,1,3,2,52,5,2,2,0,2,4,1,200500049115B02,7,17,1,200039865
200500049140,2005-08-10,2005,août,mercredi,17:30,54,54508,0,0,2,2,3,1,1,3,2,02,-1,-1,0,60,1,0,1,4,1,10,5,0,2,0,2,1,15,200500049140A01,7,1,1,200070589
200500049143,2005-08-22,2005,août,lundi,14:00,54,54150,0,0,2,6,3,1,1,3,2,02,1,1,0,114,1,5,1,3,1,74,0,3,0,0,2,7,1,200500049143B02,7,1,1,245400601
200500049144,2005-08-06,2005,août,samedi,16:00,54,54459,0,0,1,1,7,1,1,3,-1,00,-1,2,200,50,1,0,1,3,2,14,5,1,2,0,0,0,0,200500049144A01,,,,245400171
200500049154,2005-08-05,2005,août,vendredi,10:45,54,54449,0,0,2,1,1,1,1,4,2,00,-1,1,0,53,1,0,1,3,1,60,5,3,0,0,2,4,2,200500049154B02,3,17,1,200070324
200500049170,2005-08-23,2005,août,mardi,19:45,55,55549,49.253,5.068,2,1,1,1,1,4,2,02,2,2,0,76,1,0,1,3,1,14,0,0,2,0,2,1,13,200500049170B02,7,1,1,200066116
200500049207,2005-08-20,2005,août,samedi,11:45,67,67101,48.531,7.5,1,1,1,1,1,3,2,02,1,1,50,90,1,5,1,3,1,56,5,1,2,0,2,1,17,200500049207B02,7,13,1,246701064
200500049220,2005-08-09,2005,août,mardi,17:30,67,67539,0,0,2,1,3,1,1,4,2,00,-1,2,0,0,1,0,1,4,1,10,5,3,0,6,0,8,19,200500049220B02,5,1,1,246700959
200500049246,2005-08-12,2005,août,vendredi,13:30,68,68154,0,0,2,9,3,1,1,4,2,02,1,3,70,0,1,0,1,4,1,36,5,0,2,0,2,1,1,200500049246B02,7,1,1,200066009
200500049246,2005-08-12,2005,août,vendredi,13:30,68,68154,0,0,2,9,3,1,1,4,2,02,1,3,70,0,1,0,1,1,1,15,0,0,2,0,2,1,1,200500049246B02,7,1,1,200066009
200500049250,2005-08-18,2005,août,jeudi,13:00,68,68263,47.583,7.474,1,1,5,1,1,3,2,02,3,3,0,75,1,0,1,3,1,73,5,3,0,0,0,9,1,200500049250B02,7,1,1,200066058
200500049250,2005-08-18,2005,août,jeudi,13:00,68,68263,47.583,7.474,1,1,5,1,1,3,2,02,3,3,0,75,1,0,1,1,1,45,5,3,0,0,0,1,1,200500049250C03,7,1,1,200066058
200500049252,2005-08-10,2005,août,mercredi,12:15,68,68163,0,0,1,1,2,1,1,3,2,02,1,1,0,62,1,0,1,3,1,28,0,3,0,0,2,4,2,200500049252B02,7,2,1,200066058
200500049286,2005-08-09,2005,août,mardi,12:00,08,08115,49.594,4.87,1,1,1,1,1,3,2,02,3,1,0,0,1,0,1,2,2,20,5,3,0,0,0,3,2,200500049286A01,21,2,1,240800847
200500049294,2005-08-31,2005,août,mercredi,12:00,10,10185,0,0,2,1,1,1,1,3,-1,02,1,1,0,57,1,0,1,3,1,16,5,3,0,0,2,1,15,200500049294A01,7,1,1,200071041
200500049296,2005-08-28,2005,août,dimanche,12:00,10,10002,0,0,2,1,1,1,1,4,-1,00,2,-1,45,24,9,0,1,3,1,38,5,1,2,0,2,1,1,200500049296B02,7,15,1,241000405
200500049302,2005-08-09,2005,août,mardi,11:15,10,10233,48.515,3.889,2,1,1,1,1,3,-1,02,1,1,0,68,1,0,1,3,1,72,5,3,0,0,2,1,1,200500049302B02,7,15,1,200070126
200500049308,2005-08-30,2005,août,mardi,13:15,52,52353,0,0,2,2,1,1,1,4,2,02,1,1,0,70,1,0,1,3,1,51,1,3,0,0,2,7,1,200500049308A01,7,1,1,200068658
200500049327,2005-08-23,2005,août,mardi,14:30,21,21383,47.525,5.119,2,1,1,1,1,4,2,00,1,-1,0,0,1,5,1,3,1,13,5,3,0,0,2,1,19,200500049327B02,7,1,1,242100154
200500049358,2005-08-05,2005,août,vendredi,14:35,58,58053,0,0,1,1,3,1,1,3,2,02,-1,1,0,70,1,0,1,3,1,47,5,3,0,0,2,8,15,200500049358B02,7,17,1,200068088
200500049359,2005-08-16,2005,août,mardi,18:30,58,58209,0,0,1,1,2,1,7,3,2,02,2,1,0,55,1,0,1,2,2,8,5,3,0,0,0,4,1,200500049359B02,7,1,1,200067916
200500049372,2005-08-17,2005,août,mercredi,18:30,71,71225,0,0,1,2,3,1,1,4,2,02,1,1,0,20,1,0,1,4,1,51,5,1,2,0,2,5,1,200500049372B02,10,1,1,247104094
200500049428,2005-08-03,2005,août,mercredi,17:30,25,25014,0,0,2,1,7,1,1,4,2,02,2,1,0,50,1,0,1,3,1,27,5,3,0,14,0,1,1,200500049428A01,,,,242500361
200500049441,2005-08-23,2005,août,mardi,18:30,39,39019,46.95,5.78,1,1,3,1,1,2,2,03,1,1,0,90,1,5,1,2,1,14,5,3,0,0,2,6,19,200500049441B02,10,1,1,200071595
200500049452,2005-08-04,2005,août,jeudi,09:45,70,70451,47.704,6.628,2,1,3,1,1,2,2,00,1,1,0,104,1,0,1,3,2,82,3,3,0,0,0,3,9,200500049452B02,15,21,1,247000821
200500049477,2005-08-14,2005,août,dimanche,09:30,13,13096,0,0,2,6,1,1,1,3,2,02,1,2,0,0,1,5,1,3,1,62,5,2,2,0,0,0,2,200500049477A01,7,2,1,241300417
200500049478,2005-08-12,2005,août,vendredi,08:30,13,13097,43.641,4.795,1,1,1,1,1,2,2,01,1,1,0,70,1,0,3,3,1,74,5,1,4,0,2,8,1,200500049478B02,7,1,1,241300417
200500049493,2005-08-12,2005,août,vendredi,06:30,13,13067,0,0,1,1,3,2,1,2,2,02,-1,3,0,0,-1,0,1,4,1,25,1,3,0,0,2,7,14,200500049493B02,17,1,1,200035087
200500049512,2005-08-19,2005,août,vendredi,18:00,04,04192,43.915,5.715,2,1,7,1,1,4,2,00,2,1,0,30,1,0,1,3,1,58,5,1,2,14,0,9,1,200500049512A01,,,,200071025
200500049528,2005-08-01,2005,août,lundi,10:15,05,05006,0,0,1,1,1,1,1,2,2,02,1,1,70,0,1,0,1,4,1,55,5,1,2,0,2,8,0,200500049528B02,7,2,1,240500462
200500049550,2005-08-27,2005,août,samedi,07:45,06,06138,0,0,1,1,1,1,1,2,2,02,2,1,0,73,1,0,1,4,1,16,5,3,0,0,0,1,13,200500049550B02,7,0,1,200039915
200500049551,2005-08-05,2005,août,vendredi,18:10,06,06118,0,0,1,1,2,2,1,3,2,02,-1,1,0,70,1,0,1,3,1,51,5,1,2,0,0,4,2,200500049551B02,7,2,1,200039857
200500049552,2005-08-12,2005,août,vendredi,14:00,06,06033,0,0,2,1,1,1,1,3,2,02,1,2,0,88,1,0,1,3,1,40,5,2,2,0,2,1,1,200500049552B02,7,19,1,200030195
200500049556,2005-08-08,2005,août,lundi,12:15,06,06119,44.29,6.9,1,1,3,1,1,3,2,02,2,4,0,46,1,0,1,4,1,43,5,3,0,0,2,8,1,200500049556A01,7,1,1,200030195
200500049588,2005-08-20,2005,août,samedi,09:45,83,83107,0,0,1,1,1,1,1,3,2,02,2,3,0,62,1,0,1,2,1,49,5,2,2,0,2,3,13,200500049588A01,7,1,1,200035319
200500049593,2005-08-12,2005,août,vendredi,18:00,83,83063,0,0,1,1,1,1,1,4,2,01,2,3,0,30,1,0,1,3,1,56,5,0,2,0,2,1,13,200500049593A01,7,1,1,200036077
200500049617,2005-08-23,2005,août,mardi,09:20,83,83131,0,0,2,1,1,1,1,3,2,02,-1,1,65,0,1,0,1,3,1,39,5,0,2,0,2,1,1,200500049617A01,7,15,1,248300410
200500049627,2005-08-13,2005,août,samedi,18:15,84,84066,0,0,2,1,1,1,1,3,2,02,2,3,0,47,1,0,1,3,1,27,5,1,2,0,2,1,1,200500049627A01,7,1,1,200040624
200500049633,2005-08-13,2005,août,samedi,14:30,84,84029,0,0,1,6,1,1,1,3,2,00,1,1,0,0,1,5,1,3,1,71,5,3,0,0,2,1,1,200500049633B02,7,1,1,248400160
200500049649,2005-08-25,2005,août,jeudi,11:00,34,34145,0,0,1,6,1,1,1,2,1,00,1,2,0,80,-1,5,1,3,1,83,5,1,2,0,2,1,1,200500049649B02,7,16,1,243400520
200500049653,2005-08-24,2005,août,mercredi,14:30,34,34264,0,0,1,9,7,1,1,3,2,00,2,-1,0,70,1,0,1,3,1,70,5,1,2,0,0,0,0,200500049653A01,,,,200022986
200500049662,2005-08-01,2005,août,lundi,10:00,34,34324,0,0,2,1,3,1,1,4,2,02,-1,1,0,70,1,0,1,4,1,67,5,3,0,0,2,3,19,200500049662B02,7,1,1,243400769
200500049673,2005-08-12,2005,août,vendredi,15:15,34,34207,43.393,3.501,2,1,3,1,1,4,2,00,1,2,0,74,-1,0,1,3,1,30,5,3,0,0,2,8,1,200500049673B02,7,17,1,243400819
200500049696,2005-08-07,2005,août,dimanche,10:00,11,11091,0,0,2,1,1,1,1,4,2,00,2,-1,0,71,1,0,1,3,1,55,5,2,2,0,2,0,1,200500049696B02,7,15,1,200043776
200500049713,2005-08-20,2005,août,samedi,10:15,30,30133,43.538,4.139,2,1,3,1,1,4,2,02,1,1,0,60,1,0,1,4,1,71,0,3,0,0,2,7,19,200500049713B02,7,1,1,243000650
200500049715,2005-08-26,2005,août,vendredi,08:15,30,30133,43.524,4.142,2,6,3,1,1,3,1,02,1,2,0,60,1,0,1,3,2,64,5,3,0,0,2,8,16,200500049715B02,7,16,1,243000650
200500049736,2005-08-02,2005,août,mardi,15:15,30,30202,0,0,1,1,1,1,1,2,2,02,-1,1,0,65,1,0,1,2,1,85,5,2,2,0,2,2,15,200500049736A01,17,1,1,200034692
200500049752,2005-08-30,2005,août,mardi,14:15,48,48009,44.744,3.289,1,1,3,1,1,2,2,02,2,1,0,102,1,5,1,2,1,69,5,3,0,0,2,1,1,200500049752B02,7,15,1,200069144
200500049798,2005-08-04,2005,août,jeudi,09:45,2B,2B188,42.597,9.366,1,1,1,1,1,3,2,02,4,3,0,70,1,0,1,4,1,48,5,1,2,0,2,4,13,200500049798A01,7,1,1,200073120
200500049880,2005-08-29,2005,août,lundi,15:45,45,45155,0,0,2,1,1,1,1,4,1,00,2,2,0,35,1,0,1,4,2,13,0,3,0,0,2,1,5,200500049880B02,7,1,1,244500211
200500049892,2005-08-09,2005,août,mardi,08:45,18,18053,47.156,2.864,1,5,1,1,1,2,2,02,-1,1,0,70,1,5,1,2,1,31,5,1,2,0,2,8,19,200500049892A01,7,1,1,200032514
200500049895,2005-08-06,2005,août,samedi,18:45,18,18008,46.958,2.349,1,1,5,1,1,3,2,02,-1,1,0,61,1,0,1,3,1,56,5,3,0,0,2,0,0,200500049895B02,7 / 21,13 / 1,2,241800507
200500049899,2005-08-23,2005,août,mardi,20:15,18,18195,46.843,2.826,2,1,3,1,1,3,2,02,1,1,0,53,2,0,1,4,1,10,5,2,2,0,2,8,19,200500049899B02,7,1,1,241800432
200500049943,2005-08-08,2005,août,lundi,09:15,37,37151,0,0,2,3,3,1,7,3,2,00,2,1,0,0,1,0,1,3,1,49,0,3,0,0,2,0,1,200500049943B02,7,15,1,243700754
200500049974,2005-08-24,2005,août,mercredi,12:00,33,33214,45.009,-1.181,1,9,1,1,1,9,-1,01,1,1,0,21,1,1,5,3,1,65,9,3,0,0,0,1,17,200500049974A01,1,1,1,200070720
200500049974,2005-08-24,2005,août,mercredi,12:00,33,33214,45.009,-1.181,1,9,1,1,1,9,-1,01,1,1,0,21,1,1,5,1,1,11,5,3,0,0,0,1,1,200500049974B02,1,17,1,200070720
200500049990,2005-08-12,2005,août,vendredi,11:45,57,57226,0,0,1,6,1,1,1,3,1,00,-1,2,0,82,1,3,1,4,2,32,0,3,0,0,2,4,1,200500049990A01,7,1,1,245701362
200500050129,2005-08-10,2005,août,mercredi,19:15,22,22116,48.496,-3.039,1,1,5,1,7,3,2,02,2,1,40,48,1,0,1,3,1,15,5,1,2,0,2,1,1,200500050129B02,7,17,1,200069086
200500050129,2005-08-10,2005,août,mercredi,19:15,22,22116,48.496,-3.039,1,1,5,1,7,3,2,02,2,1,40,48,1,0,1,3,1,14,0,1,2,0,2,1,1,200500050129C03,7,17,1,200069086
200500050163,2005-08-28,2005,août,dimanche,12:00,56,56240,47.521,-2.726,1,3,1,1,1,3,2,02,-1,1,0,62,1,0,1,3,1,59,5,1,2,0,2,1,1,200500050163B02,10,1,1,200067932
200500050181,2005-08-11,2005,août,jeudi,07:30,67,67309,48.646,7.717,2,1,1,1,7,3,2,00,1,1,0,0,1,0,1,4,2,58,5,3,0,0,0,8,19,200500050181B02,7,1,1,246700488
200500050218,2005-08-17,2005,août,mercredi,12:00,72,72089,48.127,-0.024,2,1,6,1,1,3,2,02,2,-1,0,50,1,0,1,3,1,86,5,3,0,0,0,0,0,200500050218B02,9,1,1,200072718
200500050232,2005-08-18,2005,août,jeudi,21:15,95,95637,49.047,2.046,2,9,6,3,1,3,3,02,2,3,5,0,1,0,4,3,1,53,5,3,0,12,0,1,0,200500050232A01,,,,249500109
200500050264,2005-08-23,2005,août,mardi,17:40,03,03023,0,0,1,3,3,1,1,3,2,03,1,1,0,120,1,0,1,4,1,41,5,3,9,0,2,1,1,200500050264B01,7,15,1,200071363
200500050274,2005-08-01,2005,août,lundi,19:00,06,06155,0,0,2,1,3,1,1,4,-1,00,1,1,0,0,1,0,1,4,1,29,0,3,0,0,2,0,17,200500050274A01,7,15,1,240600585
200500050279,2005-08-11,2005,août,jeudi,14:10,06,06004,0,0,2,4,3,1,1,4,1,02,1,1,0,49,1,0,1,3,1,25,5,3,4,0,0,0,1,200500050279B01,7,1,1,240600585
200500050284,2005-08-19,2005,août,vendredi,12:15,06,06004,0,0,2,3,3,1,1,4,4,02,2,1,0,750,1,0,1,3,1,48,5,1,2,0,2,1,1,200500050284A01,7,15,1,240600585
200500050287,2005-08-22,2005,août,lundi,17:00,06,06004,0,0,2,1,3,1,1,2,-1,03,1,1,0,0,1,0,0,3,1,54,5,3,0,0,0,0,0,200500050287B01,7,0,1,240600585
200500050290,2005-08-26,2005,août,vendredi,12:15,06,06004,0,0,1,2,3,1,1,3,2,02,2,1,0,67,1,0,1,3,1,59,5,3,0,0,2,0,1,200500050290B01,7,16,1,240600585
200500050303,2005-08-12,2005,août,vendredi,18:35,06,06123,0,0,2,1,3,1,1,4,-1,00,1,1,0,0,1,0,0,4,1,11,5,2,2,1,2,1,0,200500050303A01,7,1,1,200030195
200500050307,2005-08-13,2005,août,samedi,20:00,06,06123,0,0,1,1,3,1,1,2,3,04,1,1,0,0,1,3,1,4,1,67,0,2,2,0,2,4,2,200500050307B01,7,2,1,200030195
200500050322,2005-08-03,2005,août,mercredi,10:50,06,06029,0,0,2,1,2,1,1,4,3,04,1,1,0,130,1,0,1,3,1,62,0,1,9,1,0,1,1,200500050322B01,7,23,1,200039915
200500050347,2005-08-15,2005,août,lundi,08:40,06,06029,0,0,2,3,3,1,1,2,2,02,1,1,0,88,1,0,1,4,1,56,5,3,9,0,2,1,1,200500050347B01,7,15,1,200039915
200500050422,2005-08-04,2005,août,jeudi,09:00,06,06088,0,0,2,3,3,1,1,4,3,04,1,1,0,0,1,0,1,4,2,41,1,3,2,0,2,7,1,200500050422B01,7,1,1,200030195
200500050441,2005-08-08,2005,août,lundi,07:40,06,06088,0,0,2,2,3,1,1,4,1,01,1,1,0,42,1,0,1,4,1,24,9,3,2,0,2,1,1,200500050441A01,7,1,1,200030195
200500050442,2005-08-08,2005,août,lundi,10:30,06,06088,0,0,2,7,3,1,1,4,2,02,1,1,0,0,1,0,1,4,2,76,0,3,2,0,2,3,1,200500050442B01,7,1,1,200030195
200500050463,2005-08-11,2005,août,jeudi,15:10,06,06088,0,0,2,1,2,1,1,2,2,06,1,1,0,0,1,0,1,3,1,24,5,3,2,1,0,1,1,200500050463B01,7,1,1,200030195
200500050469,2005-08-12,2005,août,vendredi,11:50,06,06088,0,0,2,1,3,1,1,4,1,02,1,1,0,60,1,0,1,4,1,13,5,3,2,0,2,0,19,200500050469A01,7,1,1,200030195