Num_Acc,date,an,mois,jour,hrmn,dep,com,lat,long,agg,int,col,lum,atm,catr,circ,nbv,prof,plan,lartpc,larrout,surf,infra,situ,grav,sexe,age,trajet,secuexist,equipement,obs,obsm,choc,manv,vehiculeid,typevehicules,manoeuvehicules,numVehicules,_infos_commune.code_epci
200500050470,2005-08-12,2005,août,vendredi,12:05,06,06088,0,0,2,1,6,1,1,2,3,10,1,1,0,270,1,0,1,2,1,83,5,3,2,0,2,1,0,200500050470B01,7,1,1,200030195
200500050471,2005-08-13,2005,août,samedi,01:20,06,06088,0,0,2,1,3,5,1,2,3,03,1,1,25,100,1,0,1,4,2,37,5,3,2,0,2,1,11,200500050471A01,7,1,1,200030195
200500050472,2005-08-13,2005,août,samedi,04:25,06,06088,0,0,2,1,3,5,1,4,2,04,1,1,0,100,1,0,1,3,1,15,5,3,2,0,2,1,11,200500050472A01,7,1,1,200030195
200500050547,2005-08-29,2005,août,lundi,16:20,06,06088,0,0,2,1,3,1,1,4,1,01,1,1,0,83,1,0,1,1,1,21,5,3,2,0,2,8,1,200500050547A01,5,1,1,200030195
200500050571,2005-08-02,2005,août,mardi,16:25,10,10343,0,0,2,6,3,1,1,4,1,02,1,2,0,80,1,0,5,4,2,13,5,3,4,0,0,0,1,200500050571B01,7,16,1,200069250
200500050576,2005-08-18,2005,août,jeudi,13:05,10,10387,0,0,2,2,3,1,1,2,3,04,1,1,9,128,1,0,1,3,1,23,1,2,2,0,2,7,2,200500050576B01,15,16,1,200069250
200500050582,2005-08-02,2005,août,mardi,17:40,11,11069,0,0,2,2,3,1,1,4,1,01,3,1,0,42,1,0,1,3,1,17,1,3,9,0,2,1,2,200500050582B01,7,1,1,200035715
200500050585,2005-08-17,2005,août,mercredi,07:37,11,11076,0,0,1,6,3,1,1,3,1,02,1,4,800,82,1,5,1,3,1,64,5,1,2,0,2,7,2,200500050585B01,7,2,1,200035855
200500050602,2005-08-10,2005,août,mercredi,15:15,13,13001,0,0,1,2,3,1,2,3,3,03,1,1,10,130,2,0,1,4,1,22,1,2,9,0,2,0,9,200500050602A01,7,19,1,200054807
200500050633,2005-08-13,2005,août,samedi,10:30,13,13054,0,0,2,1,2,1,1,4,2,02,1,1,0,47,1,0,1,4,1,22,5,3,9,0,2,0,1,200500050633A01,7,15,1,200054807
200500050636,2005-08-28,2005,août,dimanche,19:45,13,13054,0,0,2,1,3,1,1,6,2,00,1,-1,0,0,1,0,0,3,1,13,5,2,2,0,2,1,1,200500050636B01,7,9,1,200054807
200500050739,2005-08-08,2005,août,lundi,17:30,13,13055,0,0,2,4,6,1,1,4,2,02,1,-1,0,0,1,0,1,4,1,50,5,3,0,0,0,0,0,200500050739B01,7,0,1,200054807
200500050748,2005-08-30,2005,août,mardi,14:10,13,13055,0,0,2,1,6,1,1,4,2,02,1,1,0,45,1,0,1,1,1,46,5,3,0,0,1,1,1,200500050748A01,,,,200054807
200500050801,2005-08-24,2005,août,mercredi,17:10,13,13055,0,0,2,1,6,1,1,6,2,02,1,1,0,70,1,0,1,3,2,8,5,3,1,0,2,1,0,200500050801B01,7,0,1,200054807
200500050827,2005-08-06,2005,août,samedi,17:10,14,14167,0,0,2,2,3,1,1,4,2,02,1,1,0,60,1,0,1,4,1,11,5,2,2,0,0,1,0,200500050827B01,7,0,1,200065597
200500050828,2005-08-10,2005,août,mercredi,19:20,14,14118,0,0,2,1,3,1,1,4,2,03,1,1,0,60,1,0,1,4,2,45,0,2,9,0,2,1,1,200500050828B01,7,15,1,200065597
200500050837,2005-08-23,2005,août,mardi,08:30,14,14215,0,0,1,1,1,1,8,3,2,02,1,1,0,72,1,0,1,2,1,25,5,2,2,0,2,1,13,200500050837A01,17,1,1,200065597
200500050838,2005-08-22,2005,août,lundi,13:15,14,14118,0,0,2,2,3,1,8,4,-1,02,1,1,0,60,2,0,1,3,2,41,1,2,2,0,2,1,1,200500050838A01,7,1,1,200065597
200500050839,2005-08-18,2005,août,jeudi,15:25,14,14327,0,0,2,1,3,1,1,4,2,01,1,1,0,140,1,0,1,4,2,32,1,2,2,0,2,3,15,200500050839A01,18,1,1,200065597
200500050842,2005-08-29,2005,août,lundi,16:05,14,14341,0,0,2,1,3,1,1,4,2,02,1,1,0,70,1,0,1,4,1,15,5,3,9,0,2,1,19,200500050842A01,7,1,1,200065597
200500050855,2005-08-09,2005,août,mardi,14:00,14,14220,0,0,2,3,2,1,1,3,2,02,1,1,0,0,1,0,1,4,1,41,5,3,9,0,2,4,1,200500050855B01,7,1,1,241400415
200500050870,2005-08-11,2005,août,jeudi,08:20,17,17300,0,0,2,1,3,1,1,4,2,04,1,1,0,120,1,5,5,4,2,17,5,2,2,0,2,8,1,200500050870A01,7,15,1,241700434
200500050874,2005-08-15,2005,août,lundi,09:55,17,17300,0,0,2,1,3,1,1,4,2,02,1,1,0,60,1,0,1,4,1,65,9,1,9,0,2,1,1,200500050874B01,7,15,1,241700434
200500050875,2005-08-12,2005,août,vendredi,10:00,17,17300,0,0,2,1,3,1,1,4,2,00,1,1,0,0,1,5,1,4,2,38,5,2,2,0,2,8,1,200500050875B01,7,16,1,241700434
200500050879,2005-08-18,2005,août,jeudi,13:00,17,17300,0,0,2,1,3,1,1,4,2,02,1,1,0,70,1,0,1,4,1,33,1,3,9,0,2,1,1,200500050879B01,7,15,1,241700434
200500050882,2005-08-22,2005,août,lundi,12:20,17,17300,0,0,2,1,3,1,1,4,2,02,1,1,0,700,1,0,1,4,1,36,5,1,9,0,2,3,1,200500050882B01,7,14,1,241700434
200500050888,2005-08-29,2005,août,lundi,17:40,17,17300,0,0,2,1,6,1,1,4,2,00,1,1,0,90,1,0,1,3,1,80,5,1,2,1,0,1,1,200500050888B01,7,22,1,241700434
200500050894,2005-08-02,2005,août,mardi,18:05,17,17300,0,0,2,1,5,1,1,4,2,04,1,1,0,84,1,5,1,3,1,57,5,3,9,0,2,8,19,200500050894B01,5 / 7,1 / 23,2,241700434
200500050934,2005-08-26,2005,août,vendredi,19:15,19,19031,0,0,2,1,5,1,1,4,2,02,1,1,0,81,1,0,1,3,1,10,9,3,9,0,2,8,13,200500050934B01,7,2,2,200043172
200500050939,2005-08-10,2005,août,mercredi,16:35,21,21054,0,0,2,2,3,1,1,4,2,02,1,1,0,0,1,0,1,4,1,17,5,2,2,0,2,2,2,200500050939B01,10,9,1,200006682
200500050950,2005-08-17,2005,août,mercredi,11:39,21,21231,0,0,2,3,3,1,1,3,2,02,1,2,0,120,1,0,1,3,1,74,5,3,2,0,2,3,15,200500050950A01,5,1,1,242100410
200500051003,2005-08-26,2005,août,vendredi,15:40,25,25212,0,0,2,1,1,1,1,2,1,02,1,1,0,70,1,0,0,1,1,14,5,2,2,0,0,8,3,200500051003B01,7,2,1,242500361
200500051004,2005-08-25,2005,août,jeudi,22:25,25,25462,0,0,2,2,3,5,2,4,1,02,1,-1,0,87,2,5,1,3,1,14,5,2,9,0,2,1,1,200500051004A01,7,1,1,242500338
200500051014,2005-08-23,2005,août,mardi,13:10,26,26281,0,0,2,1,3,1,1,6,2,02,1,1,0,0,1,0,1,4,1,4,5,3,9,0,2,1,19,200500051014B01,7,1,1,200068781
200500051043,2005-08-02,2005,août,mardi,20:05,28,28085,0,0,2,7,3,1,1,4,2,02,1,1,0,75,1,0,1,4,2,18,1,3,4,0,2,2,1,200500051043A01,7,1,1,200033181
200500051089,2005-08-09,2005,août,mardi,13:57,30,30189,0,0,2,1,1,1,1,4,2,02,2,1,0,63,1,0,1,4,1,45,0,3,2,0,2,1,3,200500051089A01,7,1,1,243000643
200500051108,2005-08-25,2005,août,jeudi,12:55,30,30189,0,0,2,9,3,1,1,4,-1,01,1,1,0,36,1,0,1,1,1,13,0,3,2,0,2,1,1,200500051108A01,7,1,1,243000643
200500051108,2005-08-25,2005,août,jeudi,12:55,30,30189,0,0,2,9,3,1,1,4,-1,01,1,1,0,36,1,0,1,4,1,7,0,3,2,0,2,1,1,200500051108A01,7,1,1,243000643
200500051111,2005-08-30,2005,août,mardi,17:03,30,30189,0,0,2,1,3,1,1,3,2,04,-1,1,0,89,1,0,1,3,1,13,5,2,2,0,2,1,19,200500051111A01,7,1,1,243000643
200500051129,2005-08-04,2005,août,jeudi,19:25,31,31555,0,0,2,1,6,1,1,4,2,06,1,1,0,300,1,0,1,4,1,34,0,3,9,0,2,1,0,200500051129A01,7,0,1,243100518
200500051131,2005-08-05,2005,août,vendredi,12:20,31,31555,0,0,2,1,6,1,1,4,2,03,1,1,0,80,1,0,1,4,1,22,4,3,2,1,2,1,1,200500051131A01,10,0,1,243100518
200500051158,2005-08-19,2005,août,vendredi,19:00,31,31555,0,0,2,1,6,1,1,4,1,02,1,1,0,38,1,0,1,4,1,38,9,3,2,0,2,8,1,200500051158B01,,,,243100518
200500051167,2005-08-25,2005,août,jeudi,10:45,31,31555,0,0,2,2,6,1,1,4,1,02,1,1,0,55,1,0,1,1,1,14,5,3,9,0,1,1,1,200500051167A01,,,,243100518
200500051186,2005-08-31,2005,août,mercredi,10:10,31,31555,0,0,2,1,3,1,1,4,1,02,1,1,0,62,1,0,1,4,2,33,0,3,2,0,2,1,2,200500051186A01,7,2,1,243100518
200500051192,2005-08-12,2005,août,vendredi,16:25,32,32013,0,0,2,1,3,1,1,4,2,01,1,1,0,70,1,0,1,4,1,60,5,2,2,0,2,8,1,200500051192B01,7,17,1,200066926
200500051196,2005-08-28,2005,août,dimanche,09:30,33,33529,0,0,1,1,5,1,1,3,2,02,1,1,0,50,1,0,1,1,1,54,5,1,2,0,2,1,1,200500051196B01,7,1,1,243300563
200500051196,2005-08-28,2005,août,dimanche,09:30,33,33529,0,0,1,1,5,1,1,3,2,02,1,1,0,50,1,0,1,4,1,51,5,1,2,0,2,1,1,200500051196C01,7,1,1,243300563
200500051196,2005-08-28,2005,août,dimanche,09:30,33,33529,0,0,1,1,5,1,1,3,2,02,1,1,0,50,1,0,1,4,1,51,5,1,2,0,2,1,0,200500051196D01,7,1,1,243300563
200500051196,2005-08-28,2005,août,dimanche,09:30,33,33529,0,0,1,1,5,1,1,3,2,02,1,1,0,50,1,0,1,1,1,55,5,1,2,0,0,1,1,200500051196E01,7,1,1,243300563
200500051197,2005-08-02,2005,août,mardi,12:15,33,33009,0,0,2,1,1,1,1,4,2,03,1,1,0,100,1,0,5,4,2,38,5,3,9,0,2,8,19,200500051197B01,7,17,1,243300563
200500051203,2005-08-03,2005,août,mercredi,09:40,33,33318,0,0,2,3,3,1,1,4,2,02,1,1,0,60,1,0,5,4,1,71,0,3,9,0,2,7,1,200500051203B01,10,15,1,243300316
200500051215,2005-08-10,2005,août,mercredi,09:15,33,33281,0,0,2,2,3,1,1,4,1,01,1,1,0,134,1,0,1,4,2,35,0,3,9,0,2,1,1,200500051215A01,7,1,1,243300316
200500051218,2005-08-13,2005,août,samedi,07:00,33,33063,0,0,2,1,3,1,1,4,2,03,1,1,0,0,1,0,1,4,1,30,5,1,2,0,2,1,1,200500051218B01,7,22,1,243300316
200500051221,2005-08-16,2005,août,mardi,22:35,33,33063,0,0,2,2,3,5,1,4,2,04,1,1,0,130,1,0,1,4,1,19,0,2,4,0,2,8,1,200500051221B01,7,15,1,243300316
200500051226,2005-08-18,2005,août,jeudi,05:30,33,33063,0,0,2,2,3,5,1,4,1,01,1,1,0,0,1,6,1,4,1,25,0,3,9,0,2,0,1,200500051226A01,4,1,1,243300316
200500051242,2005-08-23,2005,août,mardi,08:40,33,33063,0,0,2,2,3,1,1,4,2,02,1,1,0,97,1,0,1,4,1,79,0,3,2,0,2,8,1,200500051242B01,7,15,1,243300316
200500051255,2005-08-30,2005,août,mardi,10:20,33,33063,0,0,2,2,3,1,1,4,3,04,1,1,0,56,1,0,1,4,2,48,5,3,2,0,2,0,1,200500051255B01,10,16,1,243300316
200500051257,2005-08-31,2005,août,mercredi,21:30,33,33063,0,0,2,1,3,5,1,4,1,04,1,3,0,0,1,0,1,4,1,52,5,3,2,0,2,8,1,200500051257B01,7,23,1,243300316
200500051259,2005-08-11,2005,août,jeudi,12:30,33,33318,0,0,2,6,3,1,1,4,3,02,1,2,0,67,1,0,1,4,2,22,0,3,9,0,2,1,1,200500051259B01,7,16,1,243300316
200500051260,2005-08-31,2005,août,mercredi,12:10,33,33063,0,0,2,2,3,1,1,3,2,02,1,1,0,69,1,0,1,4,2,75,0,3,2,0,2,1,1,200500051260A01,7,1,1,243300316
200500051291,2005-08-06,2005,août,samedi,17:33,34,34172,0,0,2,1,3,1,1,2,2,02,1,1,0,60,1,0,1,4,1,25,5,2,9,0,0,7,1,200500051291B01,10,1,1,243400017
200500051298,2005-08-09,2005,août,mardi,17:50,34,34172,0,0,2,6,3,1,1,4,2,04,4,3,110,70,1,0,1,3,2,31,9,2,2,0,2,8,19,200500051298A01,7,1,1,243400017
200500051360,2005-08-11,2005,août,jeudi,15:15,35,35288,0,0,2,1,3,1,1,4,2,00,1,1,0,0,1,6,1,3,2,20,1,2,2,0,2,7,19,200500051360A01,7,2,1,243500782
200500051369,2005-08-30,2005,août,mardi,12:12,35,35288,0,0,2,1,6,1,1,4,2,00,1,1,0,0,1,0,1,3,1,51,1,3,9,0,2,8,1,200500051369B01,7,15,1,243500782
200500051372,2005-08-05,2005,août,vendredi,04:40,36,36044,0,0,2,1,3,5,1,4,3,05,1,1,21,162,1,2,1,3,1,42,1,1,4,0,2,4,2,200500051372A01,15,17,1,243600327
200500051381,2005-08-04,2005,août,jeudi,18:15,37,37261,0,0,2,3,2,1,7,4,2,02,1,1,0,68,1,0,1,3,2,16,5,2,9,0,2,4,15,200500051381A01,7,1,1,243700754
200500051382,2005-08-01,2005,août,lundi,11:45,37,37261,0,0,2,1,3,1,1,2,2,02,1,1,0,86,1,0,5,4,1,34,5,2,9,1,0,0,2,200500051382B01,7,22,1,243700754
200500051390,2005-08-20,2005,août,samedi,19:35,37,37261,0,0,2,2,3,1,8,4,1,01,1,1,0,0,2,0,1,4,1,39,5,3,9,0,2,1,1,200500051390B01,7,1,1,243700754
200500051393,2005-08-25,2005,août,jeudi,18:15,37,37208,0,0,2,1,3,1,1,4,2,02,2,4,0,71,1,0,1,3,1,23,1,2,9,0,2,1,1,200500051393B01,18,1,1,243700754
200500051396,2005-08-31,2005,août,mercredi,18:40,37,37261,0,0,2,2,3,1,1,4,3,02,2,1,50,129,1,5,1,3,1,14,5,3,9,0,2,1,1,200500051396A01,7,1,1,243700754
200500051397,2005-08-13,2005,août,samedi,19:10,38,38053,0,0,2,1,6,1,1,3,2,02,1,1,0,90,1,0,0,4,1,57,5,2,9,0,9,8,2,200500051397B01,9,1,1,243800604
200500051401,2005-08-05,2005,août,vendredi,14:50,38,38185,0,0,2,1,6,1,1,4,1,03,1,1,0,110,1,0,1,4,1,53,5,3,9,0,2,8,1,200500051401B01,7,17,1,200040715
200500051407,2005-08-12,2005,août,vendredi,19:00,38,38185,0,0,2,1,6,1,1,4,1,01,1,1,0,30,1,0,1,1,1,19,9,3,9,0,1,1,1,200500051407A01,,,,200040715
200500051418,2005-08-31,2005,août,mercredi,16:25,38,38185,0,0,1,1,1,1,1,9,2,01,1,2,0,40,1,0,1,4,1,57,5,2,9,0,2,1,1,200500051418A01,1,1,1,200040715
200500051418,2005-08-31,2005,août,mercredi,16:25,38,38185,0,0,1,1,1,1,1,9,2,01,1,2,0,40,1,0,1,3,1,67,5,1,2,0,2,1,1,200500051418B01,1,1,1,200040715
200500051430,2005-08-16,2005,août,mardi,10:29,40,40088,0,0,2,6,3,1,1,4,2,02,1,1,0,70,1,0,1,3,2,62,9,3,2,0,2,1,1,200500051430B01,18,17,1,244000675
200500051433,2005-08-30,2005,août,mardi,14:25,40,40279,0,0,2,1,3,1,1,3,2,04,1,1,0,90,1,0,1,3,1,72,5,3,2,0,2,8,15,200500051433A01,10,1,1,244000675
200500051449,2005-08-24,2005,août,mercredi,10:12,41,41018,0,0,2,3,3,1,1,4,2,00,1,2,0,0,1,0,1,4,2,43,9,1,4,0,2,8,19,200500051449B01,7,1,1,200030385
200500051469,2005-08-04,2005,août,jeudi,11:50,42,42184,0,0,2,2,3,1,1,9,2,02,1,1,0,70,1,0,0,4,1,85,5,3,9,0,2,8,1,200500051469A01,7,1,1,200035731
200500051471,2005-08-05,2005,août,vendredi,20:20,42,42184,0,0,2,2,3,1,1,3,2,02,1,1,0,72,1,0,1,3,2,43,5,3,9,0,2,1,1,200500051471B01,7,15,1,200035731
200500051474,2005-08-08,2005,août,lundi,18:10,42,42184,0,0,2,2,3,1,1,3,2,02,1,1,0,68,1,0,1,3,1,65,9,3,9,0,2,0,1,200500051474B01,7,15,1,200035731
200500051481,2005-08-26,2005,août,vendredi,09:15,42,42071,0,0,2,3,3,1,1,9,-1,02,1,1,0,700,1,0,1,4,1,19,9,1,9,0,2,1,6,200500051481A01,7,16,1,200035731
200500051483,2005-08-30,2005,août,mardi,18:50,42,42170,0,0,2,1,1,1,1,6,2,02,1,1,0,86,-1,0,1,4,1,13,5,3,9,0,0,1,1,200500051483A01,7,1,1,200035731
200500051487,2005-08-05,2005,août,vendredi,13:52,42,42189,0,0,1,6,3,1,1,3,2,02,1,1,0,60,1,5,1,4,1,24,5,1,2,0,2,2,1,200500051487B01,7,9,1,244200770
200500051502,2005-08-03,2005,août,mercredi,10:10,44,44055,0,0,1,3,3,1,1,4,2,02,-1,3,0,63,9,0,1,3,1,15,5,3,9,0,2,4,15,200500051502B01,7,2,1,244400610
200500051506,2005-08-11,2005,août,jeudi,10:25,44,44135,0,0,2,1,2,1,1,4,2,02,3,1,0,0,1,2,1,4,2,23,5,2,9,0,2,4,1,200500051506B01,7,1,1,244400610
200500051509,2005-08-13,2005,août,samedi,17:10,44,44055,0,0,2,1,2,1,1,4,2,02,1,1,0,0,1,0,1,4,1,52,5,3,9,0,2,1,2,200500051509A01,7,16,1,244400610
200500051550,2005-08-06,2005,août,samedi,20:40,44,44184,0,0,2,2,3,1,1,4,2,02,1,1,0,65,1,0,1,4,2,22,5,1,2,0,2,1,2,200500051550B01,7,15,1,244400644
200500051562,2005-08-11,2005,août,jeudi,18:20,45,45234,0,0,2,1,6,1,1,4,-1,00,1,1,0,0,1,0,0,1,1,22,0,1,9,0,1,1,0,200500051562A01,,,,244500468
200500051568,2005-08-30,2005,août,mardi,08:10,45,45234,0,0,2,1,3,1,7,4,1,03,1,1,0,102,1,0,1,4,1,58,5,2,9,0,0,1,19,200500051568B01,7,1,1,244500468
200500051592,2005-08-20,2005,août,samedi,19:20,48,48095,0,0,2,1,6,1,1,3,2,02,2,1,0,66,1,0,1,3,1,61,5,2,9,0,0,8,2,200500051592B01,7,2,1,244800405
200500051601,2005-08-11,2005,août,jeudi,18:40,49,49007,0,0,2,2,3,1,1,4,2,02,1,1,0,80,1,0,1,4,1,34,1,3,9,0,2,1,1,200500051601B01,7,15,1,244900015
200500051602,2005-08-12,2005,août,vendredi,12:24,49,49353,0,0,2,3,3,1,1,4,2,01,1,1,0,53,1,0,1,4,2,11,5,3,9,0,2,1,1,200500051602A01,7,1,1,244900015
200500051615,2005-08-30,2005,août,mardi,14:14,49,49353,0,0,2,2,3,1,1,4,2,01,1,1,0,60,1,0,1,4,2,11,5,3,9,0,2,1,15,200500051615B01,7,1,1,244900015
200500051617,2005-08-30,2005,août,mardi,15:18,49,49007,0,0,2,1,7,1,1,4,2,01,1,1,0,80,1,0,1,4,2,34,5,3,9,0,0,0,1,200500051617A01,,,,244900015
200500051620,2005-08-31,2005,août,mercredi,20:06,49,49007,0,0,2,1,7,5,1,4,2,02,1,1,0,200,1,0,1,4,1,58,5,3,9,0,0,0,1,200500051620A01,,,,244900015
200500051621,2005-08-01,2005,août,lundi,12:30,49,49007,0,0,2,1,7,1,1,4,2,02,-1,-1,0,60,1,0,1,4,1,25,5,3,9,0,0,0,2,200500051621A01,,,,244900015
200500051634,2005-08-21,2005,août,dimanche,13:00,49,49328,0,0,1,1,6,1,1,5,2,01,1,1,0,0,1,0,1,3,2,9,5,3,9,0,2,2,1,200500051634B01,7,24,1,200071876
200500051641,2005-08-04,2005,août,jeudi,17:25,50,50129,0,0,2,1,3,1,1,2,3,02,1,1,0,0,1,0,4,3,1,63,5,3,2,0,2,1,1,200500051641A01,7,1,1,200067205
200500051643,2005-08-10,2005,août,mercredi,09:15,50,50602,0,0,2,1,2,1,1,2,3,04,2,1,0,140,1,3,1,3,1,37,5,3,2,0,2,4,1,200500051643B01,7,11,1,
200500051691,2005-08-26,2005,août,vendredi,17:30,53,53130,0,0,2,1,2,1,1,4,2,02,1,1,0,60,1,0,1,3,1,63,5,2,2,0,0,4,1,200500051691B01,7,14,1,200083392
200500051693,2005-08-29,2005,août,lundi,15:15,54,54273,0,0,2,1,3,1,1,5,-1,01,2,-1,0,0,1,0,0,3,1,12,5,2,4,0,2,1,0,200500051693A01,5,1,1,200070845
200500051702,2005-08-03,2005,août,mercredi,17:10,54,54498,0,0,2,3,3,1,1,4,2,02,1,1,0,71,1,0,1,3,1,14,9,3,9,0,2,1,1,200500051702B01,7,15,1,245400676
200500051704,2005-08-05,2005,août,vendredi,12:00,54,54328,0,0,2,1,1,1,1,4,2,02,4,3,0,50,1,0,0,3,1,8,5,1,2,0,2,1,1,200500051704B01,7,13,1,245400676
200500051715,2005-08-16,2005,août,mardi,11:15,54,54184,0,0,2,2,2,1,1,4,2,03,1,1,0,0,1,0,1,4,2,17,5,3,9,0,2,1,11,200500051715B01,7,11,1,245400676
200500051718,2005-08-18,2005,août,jeudi,01:50,54,54395,0,0,2,2,3,5,1,4,1,00,2,1,0,0,1,5,1,4,2,22,5,3,1,0,0,1,19,200500051718B01,7,1,1,245400676
200500051729,2005-08-26,2005,août,vendredi,17:30,54,54395,0,0,2,4,3,1,1,4,2,02,1,1,0,0,1,0,1,4,1,29,5,3,9,0,2,5,1,200500051729B01,7,9,1,245400676
200500051745,2005-08-17,2005,août,mercredi,14:20,54,54528,0,0,2,9,1,1,1,6,2,02,1,1,0,80,1,0,1,4,1,5,5,2,9,0,2,1,0,200500051745A01,7,0,1,200070563
200500051759,2005-08-01,2005,août,lundi,10:26,56,56098,0,0,2,1,6,1,1,4,2,02,1,1,0,0,1,0,1,4,1,80,0,2,9,0,2,8,1,200500051759B01,14,15,1,200042174
200500051779,2005-08-19,2005,août,vendredi,18:07,56,56121,0,0,2,1,2,1,1,9,2,02,1,1,0,0,1,0,1,4,2,19,0,3,9,0,0,4,1,200500051779B01,2,1,1,200042174
200500051783,2005-08-20,2005,août,samedi,19:21,56,56107,0,0,2,1,3,1,1,9,2,02,1,1,0,0,1,0,1,4,1,70,9,1,2,0,2,4,1,200500051783B01,7,1,1,200042174
200500051785,2005-08-02,2005,août,mardi,18:44,56,56121,0,0,2,1,7,1,1,9,2,02,1,1,0,0,1,0,1,4,1,13,0,3,9,0,0,0,1,200500051785A01,,,,200042174
200500051809,2005-08-02,2005,août,mardi,14:25,57,57463,0,0,2,1,6,1,1,4,1,01,1,2,0,30,1,0,1,3,1,15,9,3,9,0,2,1,5,200500051809A01,7,1,1,200039865
200500051820,2005-08-25,2005,août,jeudi,15:00,57,57463,0,0,2,1,6,1,2,4,1,01,2,1,0,52,2,0,1,3,1,38,9,3,9,6,0,0,0,200500051820A01,,,,200039865
200500051827,2005-08-01,2005,août,lundi,11:55,57,57672,0,0,1,1,6,1,1,3,3,04,2,1,50,190,1,0,1,2,1,48,5,1,2,0,0,7,1,200500051827B01,7,2,1,245701362
200500051845,2005-08-26,2005,août,vendredi,18:05,57,57221,0,0,2,1,2,1,1,2,2,02,1,1,0,100,1,0,1,4,1,26,5,3,9,1,0,1,1,200500051845A01,7,23,1,245701222
200500051847,2005-08-07,2005,août,dimanche,14:30,58,58194,0,0,2,1,7,1,1,4,1,01,1,2,0,0,1,5,1,4,1,44,5,3,9,0,0,0,0,200500051847A01,,,,245804406
200500051848,2005-08-01,2005,août,lundi,09:55,58,58194,0,0,2,1,3,1,1,4,1,01,1,2,0,53,1,5,1,3,1,35,5,3,2,0,2,8,1,200500051848B01,7,16,1,245804406
200500051850,2005-08-03,2005,août,mercredi,12:40,58,58194,0,0,2,3,3,1,1,4,2,02,1,1,0,71,1,0,1,4,2,41,5,1,2,0,2,1,1,200500051850B01,7,16,1,245804406
200500051851,2005-08-05,2005,août,vendredi,17:05,58,58194,0,0,2,1,3,1,1,4,1,01,2,1,0,74,1,0,1,4,1,58,0,3,9,14,0,1,18,200500051851A01,7,23,1,245804406
200500051854,2005-08-10,2005,août,mercredi,12:30,58,58194,0,0,2,2,3,1,1,4,1,01,2,1,0,43,1,0,1,4,1,16,5,3,2,0,2,1,1,200500051854A01,7,1,1,245804406
200500051862,2005-08-22,2005,août,lundi,19:15,59,59017,0,0,2,1,3,1,1,3,2,02,1,1,0,85,1,0,1,4,1,19,1,3,9,0,2,1,1,200500051862A01,99,0,1,200093201
200500051867,2005-08-20,2005,août,samedi,19:25,59,59043,0,0,2,1,3,1,2,4,2,02,1,1,0,72,2,0,1,3,1,39,5,1,4,0,2,2,13,200500051867A01,7,17,1,200040947
200500051872,2005-08-14,2005,août,dimanche,08:45,59,59153,0,0,1,1,6,1,1,3,2,02,2,1,0,75,1,0,1,3,1,12,5,3,9,0,0,0,1,200500051872B01,1,1,1,245901160
200500051872,2005-08-14,2005,août,dimanche,08:45,59,59153,0,0,1,1,6,1,1,3,2,02,2,1,0,75,1,0,1,3,1,51,5,3,9,0,0,4,1,200500051872A01,1,1,1,245901160
200500051906,2005-08-10,2005,août,mercredi,19:15,59,59350,0,0,2,1,6,1,1,5,2,04,1,1,0,150,1,0,5,4,1,18,4,2,9,0,2,1,1,200500051906B01,7,15,1,200093201
200500051915,2005-08-23,2005,août,mardi,12:30,59,59636,0,0,2,1,7,1,1,4,2,02,1,1,0,77,1,0,4,4,2,6,5,3,9,0,0,0,0,200500051915B01,2,1,1,200093201
200500051922,2005-08-28,2005,août,dimanche,13:00,59,59350,0,0,2,1,3,1,1,4,2,04,1,1,0,120,1,4,1,3,2,50,5,1,4,0,2,7,1,200500051922B01,7,17,1,200093201
200500051924,2005-08-29,2005,août,lundi,07:45,59,59360,0,0,2,1,6,1,1,4,1,02,1,1,0,50,1,1,1,4,2,30,1,2,9,0,2,1,1,200500051924B01,7,16,1,200093201
200500051942,2005-08-04,2005,août,jeudi,19:45,59,59512,0,0,2,3,3,1,1,4,2,02,1,1,0,0,1,0,1,3,1,15,5,1,2,0,2,4,15,200500051942A01,7,1,1,200093201
200500051951,2005-08-25,2005,août,jeudi,11:05,59,59650,0,0,2,2,3,1,1,4,2,02,1,1,0,0,1,0,1,2,2,75,5,3,0,0,2,1,1,200500051951B01,14,1,1,200093201
200500051961,2005-08-06,2005,août,samedi,16:50,59,59512,0,0,2,3,1,1,1,4,2,02,1,1,0,0,1,0,1,3,1,35,0,3,9,0,2,0,1,200500051961B01,7,15,1,200093201
200500051974,2005-08-11,2005,août,jeudi,09:20,59,59447,0,0,2,3,6,1,1,4,2,02,1,1,0,70,1,0,1,4,1,53,9,3,2,0,2,1,1,200500051974B01,7,1,1,245901160
200500051977,2005-08-13,2005,août,samedi,08:35,59,59491,0,0,2,6,6,1,5,3,2,02,1,1,0,110,1,0,1,3,2,68,0,3,2,0,2,1,1,200500051977B01,7,9,1,200042190
200500051984,2005-08-27,2005,août,samedi,19:00,59,59606,0,0,2,1,6,1,1,4,1,01,1,1,0,50,1,0,1,3,1,6,5,3,2,0,2,1,1,200500051984A01,7,1,1,245901160
200500051994,2005-08-20,2005,août,samedi,12:25,61,61001,0,0,2,3,3,1,1,4,2,02,1,1,0,120,1,5,1,3,2,75,3,2,9,0,2,3,1,200500051994B01,7,14,1,246100663
200500052002,2005-08-20,2005,août,samedi,11:50,62,62724,0,0,2,1,6,1,1,4,2,02,1,1,0,0,1,0,1,4,1,15,5,3,9,1,0,1,14,200500052002A01,,,,246200299
200500052003,2005-08-03,2005,août,mercredi,10:30,62,62065,0,0,2,2,3,1,1,4,2,02,1,1,35,114,1,5,1,4,1,13,5,3,9,0,0,8,19,200500052003A01,7,1,1,246200364