Num_Acc,date,an,mois,jour,hrmn,dep,com,lat,long,agg,int,col,lum,atm,catr,circ,nbv,prof,plan,lartpc,larrout,surf,infra,situ,grav,sexe,age,trajet,secuexist,equipement,obs,obsm,choc,manv,vehiculeid,typevehicules,manoeuvehicules,numVehicules,_infos_commune.code_epci
200500056346,2005-03-15,2005,mars,mardi,11:15,13,13055,0,0,2,1,2,1,1,4,1,02,2,2,50,40,1,5,1,4,1,10,5,3,0,0,2,1,9,200500056346B01,7,13,1,200054807
200500056389,2005-02-10,2005,février,jeudi,18:45,13,13055,0,0,2,1,7,2,1,4,-1,00,-1,1,0,0,-1,0,1,4,1,43,0,3,9,0,0,0,2,200500056389B01,7,0,1,200054807
200500056399,2005-06-01,2005,juin,mercredi,17:30,13,13055,0,0,1,1,6,1,1,4,3,02,1,1,0,0,1,0,1,4,1,39,5,3,9,0,2,4,2,200500056399A01,,,,200054807
200500056412,2005-05-01,2005,mai,dimanche,12:30,13,13055,0,0,2,3,3,1,1,4,2,02,1,-1,15,52,1,0,1,4,1,37,0,3,0,0,0,0,0,200500056412B01,7,0,1,200054807
200500056469,2005-07-01,2005,juillet,vendredi,20:30,13,13055,0,0,2,1,6,1,1,3,2,02,1,3,0,88,1,0,1,4,1,13,5,3,9,0,2,1,5,200500056469B01,7,1,1,200054807
200500056470,2005-07-09,2005,juillet,samedi,08:00,13,13055,0,0,2,1,6,1,1,4,3,00,1,1,0,112,-1,0,0,4,1,21,1,3,0,0,2,3,2,200500056470A01,,,,200054807
200500056484,2005-05-11,2005,mai,mercredi,18:02,13,13055,0,0,2,1,6,1,1,4,1,01,1,1,0,0,1,0,1,1,1,57,0,3,9,0,0,0,0,200500056484A01,,,,200054807
200500056534,2005-08-20,2005,août,samedi,19:45,13,13055,0,0,2,3,1,1,1,4,1,01,2,1,0,71,1,0,1,4,1,16,5,3,0,0,2,1,15,200500056534A01,7,1,1,200054807
200500056606,2005-08-30,2005,août,mardi,02:00,13,13055,0,0,2,1,3,5,1,4,2,02,1,1,0,0,1,0,1,4,1,23,5,3,2,0,2,8,0,200500056606B01,7,0,1,200054807
200500056619,2005-05-13,2005,mai,vendredi,16:10,13,13077,0,0,2,3,3,1,1,4,1,00,1,1,0,0,1,0,1,3,1,29,1,1,2,0,2,7,2,200500056619B01,7,19,1,200054807
200500056662,2005-08-25,2005,août,jeudi,13:10,69,69029,0,0,2,2,3,1,1,4,2,02,1,1,0,80,1,0,1,4,1,13,5,2,9,0,2,1,1,200500056662B01,5,1,1,200046977
200500056676,2005-08-24,2005,août,mercredi,09:20,69,69264,0,0,2,1,6,1,1,4,1,01,1,1,0,40,1,0,4,1,1,16,1,3,9,0,1,8,1,200500056676A01,,,,200040590
200500056682,2005-06-28,2005,juin,mardi,20:45,78,78358,0,0,2,3,3,1,8,4,2,02,1,-1,0,90,1,0,1,3,1,42,1,2,2,0,0,1,5,200500056682B01,7,15,1,200058519
200500056684,2005-08-27,2005,août,samedi,12:25,78,78551,0,0,2,1,6,1,1,4,1,01,1,1,0,35,1,0,1,1,1,26,5,3,2,0,1,1,5,200500056684A01,,,,200058519
200500056692,2005-06-01,2005,juin,mercredi,09:35,91,91286,0,0,2,1,3,1,1,4,2,02,1,1,0,0,1,0,1,4,1,65,5,2,2,0,2,1,1,200500056692A01,7,2,1,200059228
200500056710,2005-07-17,2005,juillet,dimanche,11:20,94,94068,0,0,2,2,3,1,1,4,2,02,1,1,0,60,1,0,1,4,1,75,5,2,9,0,2,1,16,200500056710B01,7,1,1,200054781
200500056727,2005-07-26,2005,juillet,mardi,11:40,94,94080,0,0,2,1,3,1,1,4,1,02,1,1,0,0,1,0,1,4,2,26,4,3,2,1,0,1,1,200500056727B01,7,22,1,200054781
200500056808,2005-09-17,2005,septembre,samedi,15:20,01,01053,0,0,2,3,2,1,1,3,2,02,1,1,0,80,1,0,1,3,2,66,5,3,9,0,2,7,1,200500056808A01,7,1,1,200071751
200500056821,2005-09-12,2005,septembre,lundi,12:10,02,02722,0,0,2,2,3,1,1,4,2,02,1,1,0,40,1,0,1,4,1,20,1,2,4,0,9,7,1,200500056821A01,5,1,1,240200477
200500056890,2005-09-12,2005,septembre,lundi,08:30,06,06027,0,0,2,4,1,1,1,4,3,02,-1,-1,0,0,1,0,1,3,1,22,5,3,9,0,0,1,5,200500056890A01,7,1,1,200030195
200500056908,2005-09-27,2005,septembre,mardi,16:40,06,06027,0,0,2,1,3,1,1,4,1,03,1,1,0,0,1,0,1,3,1,41,5,3,9,0,2,2,1,200500056908B01,7,9,1,200030195
200500056923,2005-09-10,2005,septembre,samedi,10:32,06,06029,0,0,2,1,6,1,1,3,3,04,1,1,0,130,1,0,1,4,1,44,0,3,9,1,2,3,1,200500056923B01,7,22,1,200039915
200500056924,2005-09-11,2005,septembre,dimanche,12:20,06,06029,0,0,2,1,3,1,1,2,2,04,2,1,0,138,1,0,1,4,1,67,5,1,9,0,2,1,1,200500056924B01,7,22,1,200039915
200500056936,2005-09-16,2005,septembre,vendredi,20:15,06,06029,0,0,2,1,5,5,1,4,2,02,1,1,0,50,1,6,1,4,2,8,5,1,9,0,2,1,1,200500056936B01,7,1,1,200039915
200500056936,2005-09-16,2005,septembre,vendredi,20:15,06,06029,0,0,2,1,5,5,1,4,2,02,1,1,0,50,1,6,1,4,1,8,5,1,9,0,2,1,2,200500056936C01,7,1,1,200039915
200500056977,2005-09-24,2005,septembre,samedi,07:40,06,06069,0,0,2,1,6,1,1,4,4,02,1,1,0,60,1,0,1,4,2,37,5,1,2,0,1,1,1,200500056977A01,,,,200039857
200500056984,2005-09-01,2005,septembre,jeudi,09:30,06,06088,0,0,2,2,3,1,1,4,2,00,1,1,0,600,1,0,1,3,1,38,9,3,9,0,2,7,1,200500056984B01,7,2,1,200030195
200500056986,2005-09-01,2005,septembre,jeudi,15:40,06,06088,0,0,2,1,5,1,1,4,2,04,1,1,0,100,1,0,1,3,1,60,5,3,9,0,2,7,14,200500056986B01,7,11 / 23,2,200030195
200500056986,2005-09-01,2005,septembre,jeudi,15:40,06,06088,0,0,2,1,5,1,1,4,2,04,1,1,0,100,1,0,1,3,2,58,5,3,9,0,2,8,21,200500056986C01,7,11 / 23,2,200030195
200500056991,2005-09-01,2005,septembre,jeudi,19:21,06,06088,0,0,2,1,6,1,1,4,2,03,1,-1,0,80,1,0,1,4,1,54,5,2,2,0,2,0,1,200500056991B01,7,14,1,200030195
200500057047,2005-09-13,2005,septembre,mardi,21:49,06,06088,0,0,2,1,3,5,1,4,2,03,2,1,0,127,1,0,1,4,1,46,9,3,4,0,2,0,1,200500057047B01,7,14,1,200030195
200500057076,2005-09-19,2005,septembre,lundi,12:00,06,06088,0,0,2,1,6,1,1,4,1,02,3,1,0,80,1,0,1,4,2,5,9,3,2,14,0,1,1,200500057076A01,,,,200030195
200500057100,2005-09-23,2005,septembre,vendredi,09:15,06,06088,0,0,2,1,2,1,1,2,2,04,1,1,0,120,1,2,1,4,1,83,5,1,2,0,2,4,1,200500057100B01,10,1,1,200030195
200500057126,2005-09-28,2005,septembre,mercredi,15:10,06,06088,0,0,2,1,6,1,1,4,2,02,1,1,0,155,1,0,1,4,1,13,5,3,2,0,2,1,1,200500057126A01,,,,200030195
200500057126,2005-09-28,2005,septembre,mercredi,15:10,06,06088,0,0,2,1,6,1,1,4,2,02,1,1,0,155,1,0,1,4,1,13,0,1,2,0,2,1,1,200500057126A01,,,,200030195
200500057148,2005-09-28,2005,septembre,mercredi,17:00,07,07102,0,0,2,3,3,1,1,4,2,02,1,1,10,80,1,0,1,4,1,16,5,1,4,0,2,1,19,200500057148A01,7,1,1,200041366
200500057151,2005-09-14,2005,septembre,mercredi,12:05,08,08105,0,0,2,2,3,1,1,4,1,01,1,1,0,70,1,0,1,3,1,16,5,1,4,0,2,1,1,200500057151B01,7,1,1,200041630
200500057152,2005-09-14,2005,septembre,mercredi,13:22,08,08105,0,0,2,1,3,1,1,4,2,02,4,1,0,80,1,0,1,4,1,36,1,1,4,0,2,1,14,200500057152B01,7,16,1,200041630
200500057163,2005-09-12,2005,septembre,lundi,17:10,09,09225,0,0,2,1,2,1,2,4,1,01,1,1,0,53,2,0,1,4,1,15,5,2,2,0,2,1,1,200500057163B01,7,4,1,200066231
200500057169,2005-09-09,2005,septembre,vendredi,10:50,10,10333,0,0,2,1,3,1,1,4,2,02,1,1,0,70,1,0,1,4,1,59,5,3,9,0,2,8,1,200500057169B01,7,17,1,200069250
200500057170,2005-09-07,2005,septembre,mercredi,17:00,10,10387,0,0,2,1,3,1,1,4,3,04,1,1,4,130,1,0,1,4,1,16,5,3,4,0,2,8,19,200500057170A01,7,1,1,200069250
200500057205,2005-09-18,2005,septembre,dimanche,16:25,13,13001,0,0,1,1,3,1,8,4,2,02,2,1,0,27,2,0,1,3,1,8,5,1,2,0,2,1,2,200500057205A01,7,1,1,200054807
200500057270,2005-09-13,2005,septembre,mardi,08:30,13,13055,0,0,2,1,6,1,1,4,1,01,1,3,0,47,1,0,1,4,1,16,5,3,9,1,0,1,16,200500057270A01,,,,200054807
200500057279,2005-09-05,2005,septembre,lundi,09:30,13,13055,0,0,2,3,3,1,1,4,2,02,2,1,0,90,1,0,1,4,1,44,5,3,9,0,2,1,1,200500057279B01,7,16,1,200054807
200500057289,2005-09-09,2005,septembre,vendredi,16:15,13,13055,0,0,2,1,6,1,1,4,1,02,1,1,0,500,1,0,0,1,1,23,5,3,0,0,1,1,1,200500057289A01,,,,200054807
200500057302,2005-09-13,2005,septembre,mardi,07:45,13,13055,0,0,2,1,3,2,1,4,2,02,1,2,0,60,1,0,1,4,1,56,1,3,9,0,2,7,1,200500057302B01,7,9,1,200054807
200500057311,2005-09-13,2005,septembre,mardi,12:30,13,13055,0,0,2,3,3,1,2,4,2,02,1,1,0,68,1,0,1,4,1,46,5,1,2,0,2,1,1,200500057311B01,7,1,1,200054807
200500057375,2005-09-14,2005,septembre,mercredi,13:50,13,13055,0,0,2,1,6,1,1,4,2,04,1,1,0,69,1,2,1,4,1,72,5,1,2,12,2,0,2,200500057375A01,14,1,1,200054807
200500057420,2005-09-29,2005,septembre,jeudi,14:50,13,13055,0,0,2,3,3,1,1,4,2,03,2,-1,0,130,1,5,1,3,1,58,5,2,2,0,2,1,1,200500057420A01,7,15,1,200054807
200500057451,2005-09-12,2005,septembre,lundi,12:15,13,13055,0,0,2,1,2,1,1,4,2,02,1,1,0,0,1,0,1,4,1,57,5,1,2,0,0,4,2,200500057451B01,7,2,1,200054807
200500057514,2005-09-21,2005,septembre,mercredi,18:15,13,13055,0,0,2,1,2,1,1,4,2,02,1,1,0,132,1,0,1,4,1,26,9,3,2,0,2,1,1,200500057514A01,7,23,1,200054807
200500057541,2005-09-14,2005,septembre,mercredi,15:30,13,13055,0,0,2,1,2,1,1,4,1,01,1,1,0,0,1,0,1,3,1,13,5,3,1,0,2,1,0,200500057541B01,7,1,1,200054807
200500057584,2005-09-22,2005,septembre,jeudi,09:20,13,13078,0,0,1,3,3,1,1,2,2,02,1,1,14,113,1,5,1,2,1,72,5,2,9,0,2,9,1,200500057584B01,14,16,1,200054807
200500057609,2005-09-06,2005,septembre,mardi,16:55,14,14118,0,0,2,1,6,1,1,4,3,04,1,1,40,72,1,0,1,4,1,75,5,1,2,0,1,1,1,200500057609A01,,,,200065597
200500057614,2005-09-14,2005,septembre,mercredi,18:00,14,14118,0,0,2,1,3,1,1,4,2,02,1,1,0,60,1,0,1,4,1,14,5,2,2,0,2,1,15,200500057614A01,7,1,1,200065597
200500057616,2005-09-17,2005,septembre,samedi,17:30,14,14118,0,0,2,1,7,1,1,4,2,01,1,-1,0,50,1,0,0,1,1,16,5,2,9,0,1,1,0,200500057616A01,,,,200065597
200500057619,2005-09-19,2005,septembre,lundi,18:52,14,14118,0,0,2,2,3,1,1,4,2,02,1,1,0,70,1,0,1,3,1,26,1,2,2,0,2,1,1,200500057619A01,2,1,1,200065597
200500057623,2005-09-27,2005,septembre,mardi,17:10,14,14118,0,0,2,3,6,1,1,4,2,02,1,1,0,65,1,0,1,3,2,56,1,2,2,0,0,3,23,200500057623B01,7,1,1,200065597
200500057636,2005-09-02,2005,septembre,vendredi,16:35,16,16341,0,0,2,1,6,1,1,3,1,02,1,2,23,76,1,0,1,4,1,30,5,3,4,0,2,1,1,200500057636B01,7,13,1,200071827
200500057642,2005-09-11,2005,septembre,dimanche,12:20,16,16154,0,0,2,1,6,1,1,4,2,02,1,1,0,58,1,0,1,4,1,15,5,2,2,1,0,1,1,200500057642A01,,,,200071827
200500057646,2005-09-28,2005,septembre,mercredi,06:45,16,16291,0,0,2,1,2,5,1,4,2,02,1,1,0,30,1,0,1,4,1,56,1,1,4,0,2,4,1,200500057646B01,7,0,1,200071827
200500057655,2005-09-05,2005,septembre,lundi,21:20,17,17300,0,0,2,1,2,5,1,4,2,02,1,1,0,700,1,0,1,4,2,18,9,2,9,0,2,4,1,200500057655B01,7,1,1,241700434
200500057657,2005-09-09,2005,septembre,vendredi,11:00,17,17300,0,0,2,1,3,1,1,4,1,02,1,-1,0,56,1,0,1,4,2,18,0,3,9,0,2,2,1,200500057657B01,7,1,1,241700434
200500057660,2005-09-13,2005,septembre,mardi,12:00,17,17300,0,0,2,1,3,1,1,4,2,02,1,1,0,600,1,0,1,1,1,40,5,1,9,0,2,2,13,200500057660A01,7,1,1,241700434
200500057662,2005-09-14,2005,septembre,mercredi,12:15,17,17300,0,0,2,1,6,1,1,4,2,02,1,1,0,70,1,0,1,1,1,14,5,1,9,0,1,1,1,200500057662A01,,,,241700434
200500057673,2005-09-23,2005,septembre,vendredi,18:50,17,17274,0,0,2,1,2,1,1,4,2,02,1,1,0,46,1,0,1,4,1,14,5,3,9,0,2,6,15,200500057673B01,18,1,1,241700434
200500057683,2005-09-14,2005,septembre,mercredi,11:10,17,17380,0,0,2,9,1,1,1,3,1,01,1,2,0,50,1,0,1,4,1,63,0,2,9,0,2,1,5,200500057683A01,7,1,1,241700640
200500057703,2005-09-23,2005,septembre,vendredi,08:30,18,18033,0,0,2,2,3,1,1,4,2,05,1,1,0,160,1,5,1,4,1,18,0,1,2,0,2,1,16,200500057703A01,7,15,1,241800507
200500057705,2005-09-22,2005,septembre,jeudi,17:35,18,18033,0,0,2,3,3,1,1,4,3,04,1,2,20,120,1,0,1,4,1,25,0,3,9,0,2,8,1,200500057705B01,5,16,1,241800507
200500057707,2005-09-03,2005,septembre,samedi,11:30,18,18279,0,0,2,1,2,1,1,2,2,02,1,1,0,0,-1,0,1,3,1,61,9,3,9,0,2,2,17,200500057707B01,7,21,1,200090561
200500057720,2005-09-18,2005,septembre,dimanche,18:40,19,19031,0,0,2,2,3,1,1,4,1,01,1,1,0,39,1,0,1,3,1,20,5,2,2,0,2,1,1,200500057720A01,7,1,1,200043172
200500057735,2005-09-13,2005,septembre,mardi,09:30,21,21054,0,0,2,3,3,1,1,4,2,02,1,1,0,0,1,0,1,4,2,61,5,2,2,0,2,1,15,200500057735B01,7,2,1,200006682
200500057741,2005-09-05,2005,septembre,lundi,19:40,21,21231,0,0,2,1,3,1,1,4,2,02,1,1,0,62,1,0,1,3,1,60,5,3,2,0,2,8,5,200500057741A01,7,1,1,242100410
200500057742,2005-09-06,2005,septembre,mardi,05:50,21,21231,0,0,2,4,3,5,2,2,2,03,1,2,0,160,2,2,1,4,1,25,1,3,2,0,2,1,15,200500057742A01,18,15,1,242100410
200500057744,2005-09-06,2005,septembre,mardi,13:05,21,21231,0,0,2,1,3,1,2,4,2,04,1,1,0,108,2,2,1,4,1,21,5,3,2,0,2,1,19,200500057744B01,7,1,1,242100410
200500057754,2005-09-09,2005,septembre,vendredi,12:30,21,21231,0,0,2,7,3,1,1,4,1,02,1,4,0,120,1,5,1,4,1,19,2,3,2,0,2,1,19,200500057754B01,7,16,1,242100410
200500057766,2005-09-22,2005,septembre,jeudi,11:21,21,21231,0,0,2,1,3,1,1,4,2,05,-1,1,0,150,1,2,1,4,2,71,5,3,2,0,2,3,2,200500057766B01,7,1,1,242100410
200500057784,2005-09-08,2005,septembre,jeudi,13:50,22,22278,0,0,2,2,3,1,1,4,2,02,1,1,0,80,1,0,1,4,1,85,5,3,9,0,2,1,1,200500057784B01,7,9,1,200069409
200500057792,2005-09-08,2005,septembre,jeudi,08:20,22,22278,0,0,2,1,3,1,1,4,2,02,1,1,0,0,1,0,1,4,2,47,1,3,9,0,2,4,1,200500057792B01,14,16,1,200069409
200500057802,2005-09-07,2005,septembre,mercredi,16:25,24,24053,0,0,2,1,1,1,1,4,2,02,-1,1,0,60,1,0,1,4,2,19,5,2,9,0,2,1,16,200500057802B01,13,1,1,200040392
200500057803,2005-09-07,2005,septembre,mercredi,19:50,24,24053,0,0,2,6,2,1,1,3,3,02,1,1,200,60,1,5,1,4,2,51,5,3,9,0,2,4,2,200500057803B01,7,9,1,200040392
200500057810,2005-09-24,2005,septembre,samedi,09:46,24,24322,0,0,2,3,6,1,1,3,-1,02,2,1,0,82,1,0,0,4,1,46,0,3,9,0,2,1,1,200500057810B01,7,15,1,200040392
200500057816,2005-09-04,2005,septembre,dimanche,21:00,25,25056,0,0,2,6,3,5,1,4,3,02,1,1,0,0,1,5,1,3,1,,5,2,4,0,2,0,15,200500057816B01,7,9,1,242500361
200500057828,2005-09-25,2005,septembre,dimanche,16:30,25,25056,0,0,2,1,6,1,1,4,4,00,1,1,0,40,1,0,1,1,1,11,5,1,2,0,1,1,1,200500057828A01,,,,242500361
200500057834,2005-09-30,2005,septembre,vendredi,13:57,25,25056,0,0,2,2,1,1,1,4,3,04,1,1,0,0,1,5,1,4,1,23,1,3,2,0,2,0,19,200500057834A01,7,1,1,242500361
200500057842,2005-09-24,2005,septembre,samedi,13:55,25,25462,0,0,2,1,1,1,1,9,2,01,1,-1,0,136,1,0,5,4,1,33,5,2,2,0,2,1,21,200500057842A01,1,21,1,242500338
200500057842,2005-09-24,2005,septembre,samedi,13:55,25,25462,0,0,2,1,1,1,1,9,2,01,1,-1,0,136,1,0,5,3,1,56,5,1,2,0,2,1,21,200500057842B01,1,21,1,242500338
200500057849,2005-09-01,2005,septembre,jeudi,17:07,26,26281,0,0,2,2,3,1,1,4,2,03,1,1,28,108,1,0,1,4,1,7,5,2,2,0,2,1,15,200500057849A01,7,1,1,200068781
200500057872,2005-09-26,2005,septembre,lundi,18:35,26,26362,0,0,2,6,3,1,1,4,3,04,1,1,10,140,1,0,1,3,1,60,5,3,9,0,2,2,1,200500057872B01,7,1,1,200068781
200500057885,2005-09-12,2005,septembre,lundi,20:45,27,27375,0,0,2,1,6,1,1,3,2,00,1,1,0,80,1,0,0,4,2,52,1,3,4,0,2,4,1,200500057885B01,2,1,1,200089456
200500057894,2005-09-02,2005,septembre,vendredi,14:05,27,27681,0,0,2,1,7,1,1,4,2,02,1,1,0,60,1,0,1,4,1,14,5,3,9,0,2,0,19,200500057894B01,7,1,1,200072312
200500057901,2005-09-23,2005,septembre,vendredi,18:00,27,27681,0,0,2,4,3,1,1,4,1,01,2,1,0,60,1,0,1,4,1,12,5,1,9,0,2,0,0,200500057901B01,7,0,1,200072312
200500057909,2005-09-26,2005,septembre,lundi,16:55,28,28218,0,0,2,3,3,1,1,4,2,00,1,1,0,30,1,0,1,4,1,13,0,3,9,0,2,3,0,200500057909B01,7,0,1,200033181
200500057933,2005-09-14,2005,septembre,mercredi,07:45,29,29019,0,0,2,2,7,5,1,9,-1,02,-1,-1,0,0,-1,0,1,4,1,28,1,3,2,0,2,0,1,200500057933A01,7,16,1,242900314
200500057978,2005-09-07,2005,septembre,mercredi,17:00,30,30189,0,0,2,1,3,1,1,4,2,00,1,1,0,60,1,0,1,4,1,10,5,2,2,0,2,8,9,200500057978B01,7,1,1,243000643
200500058006,2005-09-27,2005,septembre,mardi,16:17,30,30189,0,0,2,2,3,1,1,4,3,02,1,1,0,52,1,0,1,4,2,15,2,1,9,0,2,7,19,200500058006B01,7,16,1,243000643
200500058009,2005-09-29,2005,septembre,jeudi,07:44,30,30189,0,0,2,2,3,1,1,4,2,02,-1,1,0,65,1,0,1,4,1,21,2,2,9,0,2,1,1,200500058009B01,7,15,1,243000643
200500058030,2005-09-04,2005,septembre,dimanche,20:00,31,31555,0,0,2,1,6,1,1,4,1,02,1,1,0,60,1,0,1,1,1,13,0,3,2,0,1,0,1,200500058030A01,,,,243100518
200500058047,2005-09-07,2005,septembre,mercredi,18:10,31,31555,0,0,2,1,2,1,1,4,1,04,1,1,0,134,1,0,1,4,1,35,1,3,9,0,2,1,1,200500058047A01,7,1,1,243100518
200500058069,2005-09-15,2005,septembre,jeudi,08:00,31,31555,0,0,2,1,3,1,1,4,1,02,1,2,0,70,1,0,4,3,1,28,1,3,2,0,2,1,0,200500058069A01,7,15,1,243100518
200500058073,2005-09-16,2005,septembre,vendredi,10:15,31,31555,0,0,2,1,5,1,1,4,1,03,1,1,0,85,1,0,1,4,1,69,9,3,2,0,2,1,0,200500058073C01,2 / 7,1 / 15,2,243100518
200500058076,2005-09-16,2005,septembre,vendredi,18:10,31,31555,0,0,2,1,2,1,1,4,2,02,1,1,0,70,1,0,1,4,1,15,9,3,2,0,2,4,12,200500058076A01,7,1,1,243100518
200500058121,2005-09-29,2005,septembre,jeudi,08:50,31,31555,0,0,2,1,3,1,1,4,2,02,1,1,0,62,1,0,1,3,2,35,9,3,2,0,2,8,1,200500058121B01,18,16,1,243100518
200500058131,2005-09-30,2005,septembre,vendredi,20:35,31,31555,0,0,2,1,7,5,1,4,1,01,1,1,0,34,1,0,1,4,1,20,9,3,9,0,0,0,9,200500058131A01,5,1,1,243100518
200500058134,2005-09-16,2005,septembre,vendredi,08:10,31,31557,0,0,2,3,3,1,1,4,2,02,1,1,0,60,1,0,5,4,2,11,2,2,2,0,2,7,1,200500058134B01,7,15,1,243100518
200500058139,2005-09-27,2005,septembre,mardi,19:45,31,31557,0,0,2,3,5,4,1,4,2,02,1,1,32,83,1,5,1,3,1,55,5,1,2,0,2,1,1,200500058139B01,7,15 / 1,2,243100518
200500058145,2005-09-05,2005,septembre,lundi,11:40,33,33529,0,0,2,6,3,1,2,4,2,02,1,2,20,60,2,5,1,4,2,74,5,2,2,0,2,2,1,200500058145B01,7,1,1,243300563
200500058155,2005-09-05,2005,septembre,lundi,09:00,33,33063,0,0,2,2,1,1,1,4,2,04,1,1,0,142,1,0,1,4,2,35,0,3,2,0,2,3,1,200500058155A01,5,1,1,243300316
200500058178,2005-09-13,2005,septembre,mardi,19:00,33,33063,0,0,2,1,4,1,1,4,1,02,1,1,0,92,1,0,5,4,1,16,0,3,0,1,2,7,1,200500058178B01,7 / 18,22 / 1,2,243300316
200500058190,2005-09-16,2005,septembre,vendredi,16:25,33,33063,0,0,2,1,3,1,2,4,2,02,1,2,0,78,2,0,1,3,1,43,0,3,9,0,2,1,1,200500058190A01,7,23,1,243300316
200500058197,2005-09-15,2005,septembre,jeudi,07:15,33,33039,0,0,2,3,3,2,1,4,3,02,1,1,9,46,1,0,5,4,2,24,0,3,9,0,2,3,1,200500058197B01,18,1,1,243300316
200500058215,2005-09-21,2005,septembre,mercredi,15:20,33,33063,0,0,2,3,3,1,1,4,2,03,1,1,0,114,1,0,1,1,1,44,5,3,0,0,2,8,1,200500058215B01,7,15,1,243300316
200500058215,2005-09-21,2005,septembre,mercredi,15:20,33,33063,0,0,2,3,3,1,1,4,2,03,1,1,0,114,1,0,1,4,1,9,0,3,0,0,2,8,1,200500058215B01,7,15,1,243300316
200500058220,2005-09-13,2005,septembre,mardi,08:00,33,33522,0,0,2,1,1,1,1,4,3,02,1,1,66,28,1,4,1,3,2,16,0,3,9,0,2,1,1,200500058220B01,2,1,1,243300316
200500058226,2005-09-23,2005,septembre,vendredi,08:40,33,33063,0,0,2,2,1,1,1,4,1,01,1,1,0,50,1,0,1,3,2,33,1,3,9,0,2,1,1,200500058226B01,7,15,1,243300316
200500058239,2005-09-27,2005,septembre,mardi,06:40,33,33063,0,0,2,2,3,5,1,4,1,01,1,1,0,59,1,0,1,4,1,24,1,3,9,0,2,7,1,200500058239A01,10,1,1,243300316
200500058242,2005-09-27,2005,septembre,mardi,15:35,33,33063,0,0,2,3,2,1,1,4,3,06,1,1,0,0,1,0,1,4,1,39,0,3,9,0,2,4,1,200500058242B01,18,16,1,243300316
200500058252,2005-09-26,2005,septembre,lundi,11:00,33,33522,0,0,2,1,3,1,1,4,3,03,1,1,0,140,1,0,1,1,1,15,5,3,9,0,2,1,19,200500058252A01,5,1,1,243300316
200500058253,2005-09-29,2005,septembre,jeudi,08:55,33,33063,0,0,2,1,6,1,1,4,2,02,1,1,0,120,1,0,1,4,2,21,0,3,9,0,1,1,1,200500058253A01,,,,243300316
200500058256,2005-09-30,2005,septembre,vendredi,09:10,33,33522,0,0,2,2,2,1,1,4,2,05,1,1,0,200,1,0,5,4,1,80,0,3,9,0,2,1,1,200500058256B01,7,4,1,243300316
200500058263,2005-09-30,2005,septembre,vendredi,13:40,33,33522,0,0,2,3,3,1,1,4,2,02,1,1,68,63,1,3,1,4,2,46,0,3,9,0,2,1,1,200500058263B01,7,16,1,243300316
200500058283,2005-09-02,2005,septembre,vendredi,08:05,34,34172,0,0,2,1,7,1,1,4,2,02,2,2,0,85,1,5,3,3,1,32,1,3,9,12,0,1,1,200500058283A01,,,,243400017
200500058285,2005-09-02,2005,septembre,vendredi,16:20,34,34129,0,0,1,4,3,1,1,3,2,02,2,1,0,60,1,3,1,3,1,46,5,1,2,0,2,7,1,200500058285B01,7,9,1,243400017
200500058290,2005-09-09,2005,septembre,vendredi,19:30,34,34172,0,0,2,1,6,1,1,4,2,02,2,1,0,130,1,0,1,4,2,26,5,3,2,1,0,1,21,200500058290A01,,,,243400017
200500058296,2005-09-13,2005,septembre,mardi,15:00,34,34172,0,0,2,1,2,1,1,3,3,05,1,1,10,120,1,0,1,4,1,54,0,3,9,0,2,1,2,200500058296A01,7,1,1,243400017
200500058323,2005-09-02,2005,septembre,vendredi,16:50,35,35238,0,0,2,1,3,1,1,4,2,02,1,-1,0,60,1,0,1,4,2,56,1,3,2,0,2,0,15,200500058323B01,7,15,1,243500139
200500058335,2005-09-09,2005,septembre,vendredi,08:20,35,35238,0,0,2,1,3,1,1,4,2,02,1,1,0,60,1,0,1,4,1,44,0,3,2,0,2,1,1,200500058335A01,14,16,1,243500139
200500058337,2005-09-09,2005,septembre,vendredi,11:50,35,35238,0,0,2,2,3,1,1,4,3,02,1,1,0,0,1,0,4,4,1,37,5,3,9,0,2,1,0,200500058337B01,7,1,1,243500139
200500058342,2005-09-14,2005,septembre,mercredi,08:45,35,35238,0,0,2,1,3,1,1,4,2,02,-1,-1,0,60,1,0,1,4,1,36,1,3,2,0,2,5,1,200500058342B01,14,0,1,243500139
200500058343,2005-09-14,2005,septembre,mercredi,16:15,35,35238,0,0,2,2,3,1,1,4,1,01,2,-1,0,30,1,0,1,4,1,19,0,3,2,0,2,1,1,200500058343B01,7,23,1,243500139
200500058345,2005-09-15,2005,septembre,jeudi,16:15,35,35238,0,0,2,7,6,1,1,4,2,02,1,1,0,60,1,0,1,4,1,46,1,3,2,0,1,1,1,200500058345A01,,,,243500139
200500058348,2005-09-17,2005,septembre,samedi,14:00,35,35238,0,0,2,1,6,1,1,4,2,02,3,1,0,60,1,0,1,1,1,15,0,3,2,0,1,1,0,200500058348A01,,,,243500139
200500058348,2005-09-17,2005,septembre,samedi,14:00,35,35238,0,0,2,1,6,1,1,4,2,02,3,1,0,60,1,0,1,4,2,56,0,3,0,0,1,1,0,200500058348A01,,,,243500139
200500058351,2005-09-19,2005,septembre,lundi,08:10,35,35238,0,0,2,6,2,1,1,4,1,02,1,3,0,60,1,0,1,3,1,56,0,3,2,0,2,0,21,200500058351B01,7,16,1,243500139