Num_Acc,date,an,mois,jour,hrmn,dep,com,lat,long,agg,int,col,lum,atm,catr,circ,nbv,prof,plan,lartpc,larrout,surf,infra,situ,grav,sexe,age,trajet,secuexist,equipement,obs,obsm,choc,manv,vehiculeid,typevehicules,manoeuvehicules,numVehicules,_infos_commune.code_epci
200500058352,2005-09-19,2005,septembre,lundi,08:40,35,35238,0,0,2,1,3,1,1,4,2,02,1,1,0,60,1,0,1,4,1,41,0,3,2,0,2,1,0,200500058352B01,7,16,1,243500139
200500058353,2005-09-19,2005,septembre,lundi,17:55,35,35281,0,0,2,1,3,1,1,3,1,01,1,1,0,0,1,0,1,3,1,44,1,3,9,0,2,7,1,200500058353B01,7,17,1,243500139
200500058355,2005-09-20,2005,septembre,mardi,07:56,35,35238,0,0,2,1,6,1,1,4,2,02,1,1,0,60,1,0,1,4,1,53,0,3,2,0,0,0,0,200500058355A01,,,,243500139
200500058369,2005-09-24,2005,septembre,samedi,18:20,35,35238,0,0,2,1,6,1,1,4,-1,01,-1,1,0,30,1,0,0,3,2,4,5,3,0,0,0,0,0,200500058369A01,,,,243500139
200500058376,2005-09-30,2005,septembre,vendredi,11:30,35,35238,0,0,2,2,3,1,1,4,1,02,1,1,0,60,1,0,1,4,1,48,0,3,2,0,2,0,1,200500058376B01,7,16,1,243500139
200500058396,2005-09-29,2005,septembre,jeudi,13:50,36,36044,0,0,2,1,2,1,8,4,2,02,1,1,0,50,1,0,1,4,1,21,2,1,9,0,2,1,2,200500058396A01,7,2,1,243600327
200500058397,2005-09-11,2005,septembre,dimanche,18:30,37,37122,0,0,2,2,3,1,1,3,1,02,4,1,0,55,1,3,1,4,1,35,5,1,2,0,2,8,1,200500058397B01,7,1,1,243700754
200500058408,2005-09-21,2005,septembre,mercredi,14:00,37,37261,0,0,2,6,3,1,1,9,1,02,1,2,0,94,1,0,1,3,2,23,4,3,0,0,2,3,15,200500058408A01,17,16,1,243700754
200500058409,2005-09-19,2005,septembre,lundi,11:30,37,37261,0,0,2,2,3,1,1,4,2,02,1,1,0,140,1,5,1,3,2,35,1,3,9,0,2,1,1,200500058409B01,7,15,1,243700754
200500058414,2005-09-03,2005,septembre,samedi,12:35,38,38185,0,0,2,1,6,1,1,4,2,06,1,1,0,180,1,0,1,4,1,19,5,2,2,0,2,8,1,200500058414A01,7,1,1,200040715
200500058425,2005-09-11,2005,septembre,dimanche,03:00,38,38185,0,0,2,2,2,5,2,4,2,03,1,1,0,105,2,0,2,4,1,28,5,3,0,0,2,1,1,200500058425B01,7,15,1,200040715
200500058430,2005-09-13,2005,septembre,mardi,21:25,38,38185,0,0,2,2,4,5,1,4,2,02,1,1,0,70,1,0,1,4,1,21,5,3,4,0,0,1,0,200500058430A01,7,1,1,200040715
200500058430,2005-09-13,2005,septembre,mardi,21:25,38,38185,0,0,2,2,4,5,1,4,2,02,1,1,0,70,1,0,1,4,2,20,5,3,4,0,2,1,1,200500058430B01,7,1,1,200040715
200500058437,2005-09-15,2005,septembre,jeudi,18:00,38,38169,0,0,1,2,3,1,1,2,2,02,1,1,0,70,1,0,1,4,1,17,0,2,2,0,2,1,19,200500058437B01,7,1,1,200040715
200500058438,2005-09-15,2005,septembre,jeudi,18:30,38,38185,0,0,2,1,3,1,1,4,1,02,2,1,0,70,1,0,1,4,1,21,0,3,4,0,2,1,1,200500058438B01,7,15,1,200040715
200500058439,2005-09-16,2005,septembre,vendredi,13:00,38,38151,0,0,2,1,3,1,1,4,2,02,1,2,0,76,1,0,1,4,1,20,0,3,4,0,2,1,1,200500058439B01,7,20,1,200040715
200500058442,2005-09-17,2005,septembre,samedi,10:50,38,38185,0,0,2,2,3,1,1,4,2,02,1,1,0,70,1,0,1,4,2,33,0,3,4,0,2,1,19,200500058442B01,7,1,1,200040715
200500058452,2005-09-22,2005,septembre,jeudi,16:10,38,38179,0,0,2,2,3,1,1,4,2,02,1,1,0,72,1,0,1,3,1,61,5,3,2,0,2,1,1,200500058452A01,7,1,1,200040715
200500058453,2005-09-22,2005,septembre,jeudi,17:10,38,38185,0,0,2,1,6,1,1,4,2,02,1,1,0,75,1,0,1,4,1,18,9,3,9,0,2,1,15,200500058453A01,7,1,1,200040715
200500058456,2005-09-26,2005,septembre,lundi,08:45,38,38185,0,0,2,1,3,1,1,4,2,02,1,1,0,88,1,0,5,4,1,47,0,3,4,1,2,1,1,200500058456B01,7,22,1,200040715
200500058461,2005-09-27,2005,septembre,mardi,17:00,38,38185,0,0,2,1,3,1,1,4,2,02,1,1,0,81,1,0,1,4,1,53,5,3,4,0,0,1,1,200500058461B01,7,22,1,200040715
200500058464,2005-09-28,2005,septembre,mercredi,19:25,38,38185,0,0,2,1,4,1,1,4,2,02,1,1,0,80,1,0,1,4,1,55,5,2,4,0,2,1,17,200500058464A01,7,1,2,200040715
200500058492,2005-09-21,2005,septembre,mercredi,09:50,41,41018,0,0,2,1,6,1,1,4,2,02,3,3,0,0,1,0,1,3,1,43,9,1,4,0,1,1,1,200500058492A01,,,,200030385
200500058496,2005-09-14,2005,septembre,mercredi,18:20,41,41194,0,0,2,2,3,1,1,3,2,02,1,1,0,78,1,0,1,4,1,71,5,1,2,0,2,1,1,200500058496B01,7,15,1,200018406
200500058498,2005-09-20,2005,septembre,mardi,19:15,41,41269,0,0,2,2,2,1,7,3,2,02,1,1,0,990,1,5,1,4,1,43,1,2,9,0,0,4,1,200500058498B01,7,1,1,200072072
200500058512,2005-09-20,2005,septembre,mardi,11:05,42,42147,0,0,2,6,3,1,1,3,1,01,1,2,100,70,1,0,1,3,1,63,5,3,9,0,0,7,1,200500058512B01,7,0,1,200065886
200500058529,2005-09-23,2005,septembre,vendredi,17:59,42,42187,0,0,2,2,6,1,1,9,2,02,2,1,0,90,1,0,1,3,1,9,9,3,9,0,2,1,15,200500058529B01,7,1,1,200035731
200500058548,2005-09-12,2005,septembre,lundi,18:35,42,42218,0,0,2,1,6,1,1,4,-1,00,1,1,0,0,1,0,4,1,1,13,5,3,9,0,1,1,1,200500058548A01,,,,244200770
200500058557,2005-09-20,2005,septembre,mardi,12:10,42,42218,0,0,2,2,1,1,8,4,2,02,1,1,0,80,1,0,1,3,1,60,5,2,2,0,0,1,1,200500058557B01,7,15,1,244200770
200500058559,2005-09-21,2005,septembre,mercredi,15:54,42,42189,0,0,2,1,1,1,1,4,2,01,1,1,0,58,1,0,1,3,1,14,5,2,2,0,2,1,13,200500058559A01,7,23,1,244200770
200500058582,2005-09-05,2005,septembre,lundi,11:15,44,44109,0,0,2,2,6,1,1,4,2,02,1,1,10,96,1,2,1,3,1,52,5,2,2,0,2,1,1,200500058582B01,7,1,1,244400404
200500058589,2005-09-09,2005,septembre,vendredi,10:50,44,44109,0,0,2,1,3,1,1,4,2,02,1,1,0,64,1,0,1,4,2,19,9,3,9,0,2,3,1,200500058589B01,7,17,1,244400404
200500058590,2005-09-09,2005,septembre,vendredi,12:45,44,44109,0,0,2,1,3,1,1,4,1,00,1,1,0,0,1,0,1,4,2,26,9,3,2,0,2,1,1,200500058590B01,7,20,1,244400404
200500058592,2005-09-08,2005,septembre,jeudi,17:45,44,44109,0,0,2,3,6,1,1,4,2,02,1,-1,0,0,1,0,1,4,2,51,1,3,9,0,0,0,1,200500058592B01,7,0,1,244400404
200500058600,2005-09-09,2005,septembre,vendredi,08:00,44,44162,0,0,2,6,2,2,1,4,-1,01,-1,-1,0,0,-1,5,1,4,2,24,9,3,9,0,2,4,0,200500058600A01,2,0,1,244400404
200500058607,2005-09-17,2005,septembre,samedi,16:40,44,44109,0,0,2,6,3,1,1,4,3,02,1,3,0,29,1,0,1,4,1,14,9,3,9,0,2,7,1,200500058607B01,7,1,1,244400404
200500058609,2005-09-19,2005,septembre,lundi,10:55,44,44109,0,0,2,1,2,1,1,4,3,00,1,1,0,0,1,4,1,3,2,22,0,3,2,14,2,4,1,200500058609B01,7,1,1,244400404
200500058614,2005-09-21,2005,septembre,mercredi,16:05,44,44109,0,0,2,2,3,1,1,4,2,20,1,1,0,0,1,0,1,4,1,42,0,3,2,0,2,1,1,200500058614B01,7,15,1,244400404
200500058625,2005-09-27,2005,septembre,mardi,07:50,44,44109,0,0,2,5,6,1,1,4,2,02,1,2,0,64,1,0,1,3,2,19,2,3,0,0,2,1,1,200500058625B01,7,1,1,244400404
200500058655,2005-09-19,2005,septembre,lundi,08:45,45,45234,0,0,2,3,3,1,1,4,1,01,1,1,0,49,1,0,0,4,1,33,1,3,9,0,2,0,16,200500058655B01,7,0,1,244500468
200500058661,2005-09-27,2005,septembre,mardi,15:00,45,45234,0,0,2,1,2,1,1,4,2,02,1,1,0,80,1,0,0,3,1,45,0,3,9,0,2,4,0,200500058661B01,7,0,1,244500468
200500058670,2005-09-21,2005,septembre,mercredi,14:23,47,47001,0,0,2,1,3,1,1,3,2,02,1,1,0,85,1,0,1,3,1,83,5,2,9,0,2,3,11,200500058670A01,7,1,1,200096956
200500058684,2005-09-04,2005,septembre,dimanche,17:06,49,49246,0,0,2,1,7,1,1,4,2,01,1,1,0,30,1,0,1,4,2,44,5,3,9,0,0,0,1,200500058684A01,,,,244900015
200500058688,2005-09-07,2005,septembre,mercredi,12:33,49,49007,0,0,2,1,1,1,1,9,1,04,1,1,0,100,1,2,5,3,1,53,0,3,9,0,2,1,1,200500058688B01,1,1,1,244900015
200500058690,2005-09-08,2005,septembre,jeudi,08:02,49,49007,0,0,2,6,3,1,1,4,1,01,1,2,0,89,1,0,1,4,2,33,1,3,9,0,2,1,1,200500058690B01,7,16,1,244900015
200500058691,2005-09-09,2005,septembre,vendredi,16:05,49,49007,0,0,2,1,3,1,1,4,2,01,1,1,0,49,1,0,1,4,1,22,5,3,9,0,2,1,19,200500058691A01,7,1,1,244900015
200500058695,2005-09-11,2005,septembre,dimanche,19:06,49,49015,0,0,2,1,3,2,1,4,2,03,1,1,0,95,1,0,1,4,2,9,5,1,9,0,2,1,15,200500058695A01,7,11,1,244900015
200500058697,2005-09-13,2005,septembre,mardi,14:35,49,49007,0,0,2,3,3,1,1,4,2,02,1,1,0,70,1,0,1,4,1,19,5,3,9,0,2,1,1,200500058697A01,7,1,1,244900015
200500058703,2005-09-17,2005,septembre,samedi,16:46,49,49007,0,0,2,1,3,1,1,4,2,01,1,1,0,52,1,0,1,3,1,13,5,3,9,0,2,1,1,200500058703B01,7,1,1,244900015
200500058711,2005-09-20,2005,septembre,mardi,12:10,49,49007,0,0,2,1,3,1,1,4,3,04,1,1,0,119,1,0,1,4,2,32,1,3,9,0,2,0,18,200500058711A01,7,23,1,244900015
200500058737,2005-09-01,2005,septembre,jeudi,18:05,50,50173,0,0,2,1,3,1,1,3,2,02,1,1,0,80,1,0,1,4,1,15,5,2,2,0,2,1,1,200500058737B01,7,22,1,
200500058746,2005-09-11,2005,septembre,dimanche,09:30,50,50602,0,0,2,1,2,1,1,3,2,02,1,1,0,60,1,0,1,3,1,22,5,3,0,0,2,3,1,200500058746A01,7,17,1,
200500058749,2005-09-15,2005,septembre,jeudi,15:10,50,50129,0,0,2,1,3,1,6,3,2,04,1,1,0,140,1,0,4,4,1,25,5,2,2,0,2,1,1,200500058749A01,7,9,1,200067205
200500058755,2005-09-23,2005,septembre,vendredi,10:55,50,50129,0,0,2,3,3,1,1,2,3,04,1,1,30,120,1,5,0,3,1,60,5,2,2,0,2,8,19,200500058755A01,7,1,1,200067205
200500058766,2005-09-27,2005,septembre,mardi,17:40,50,50218,0,0,2,1,1,1,1,4,2,02,2,3,0,60,1,0,1,4,1,27,1,3,9,0,2,1,13,200500058766A01,7,1,1,200042604
200500058772,2005-09-05,2005,septembre,lundi,04:35,51,51454,0,0,2,1,3,5,1,4,2,02,1,1,0,0,1,0,1,4,1,23,1,2,9,0,2,1,1,200500058772B01,7,9,1,200067213
200500058786,2005-09-27,2005,septembre,mardi,12:30,51,51454,0,0,2,6,2,1,1,4,4,03,1,-1,25,115,1,5,1,4,2,41,0,3,9,0,2,4,18,200500058786B01,10,16,1,200067213
200500058788,2005-09-08,2005,septembre,jeudi,18:35,52,52121,0,0,2,1,6,1,1,4,1,03,1,1,15,63,1,0,1,1,1,25,5,3,9,0,1,7,1,200500058788A01,,,,200068658
200500058803,2005-09-11,2005,septembre,dimanche,14:50,53,53054,0,0,2,2,3,1,1,4,2,02,1,3,0,0,1,0,1,3,1,15,5,2,2,0,2,1,1,200500058803B01,7,16,1,200083392
200500058804,2005-09-21,2005,septembre,mercredi,18:04,53,53130,0,0,2,2,3,1,1,2,3,05,2,1,18,148,1,5,1,3,2,68,5,2,2,0,2,1,1,200500058804A01,7,1,1,200083392
200500058810,2005-09-01,2005,septembre,jeudi,07:55,54,54578,0,0,2,3,6,1,1,4,2,05,1,1,0,142,1,0,1,4,1,55,1,3,9,0,2,8,1,200500058810B01,7,14,1,245400676
200500058812,2005-09-01,2005,septembre,jeudi,18:00,54,54328,0,0,2,1,6,1,1,4,2,02,2,3,0,53,1,0,3,4,1,36,5,3,9,8,0,1,13,200500058812A01,,,,245400676
200500058814,2005-09-02,2005,septembre,vendredi,08:15,54,54395,0,0,2,2,3,1,1,4,2,00,1,1,0,0,1,5,1,4,2,30,1,2,9,0,1,3,15,200500058814B01,7,1,1,245400676
200500058828,2005-09-10,2005,septembre,samedi,21:40,54,54395,0,0,2,3,3,5,2,4,1,00,1,1,0,0,2,0,1,4,1,27,9,3,9,0,2,1,1,200500058828A01,1,1,1,245400676
200500058828,2005-09-10,2005,septembre,samedi,21:40,54,54395,0,0,2,3,3,5,2,4,1,00,1,1,0,0,2,0,1,1,1,17,9,3,9,0,0,1,1,200500058828B01,1,1,1,245400676
200500058848,2005-09-20,2005,septembre,mardi,18:15,54,54547,0,0,2,3,3,1,1,4,2,02,1,1,0,0,1,0,1,4,1,19,5,3,9,0,2,1,7,200500058848A01,7,16,1,245400676
200500058852,2005-09-25,2005,septembre,dimanche,13:40,54,54395,0,0,2,1,3,1,1,4,1,02,1,3,0,0,1,0,1,4,1,41,5,1,2,0,2,1,1,200500058852B01,7,20,1,245400676
200500058853,2005-09-26,2005,septembre,lundi,10:20,54,54439,0,0,2,1,3,1,8,4,2,02,1,1,0,0,1,0,4,4,1,12,2,3,9,0,2,1,0,200500058853B01,10,9,1,245400676
200500058861,2005-09-09,2005,septembre,vendredi,08:00,54,54079,0,0,2,1,3,1,2,2,4,02,1,1,0,70,2,0,1,3,1,67,5,2,2,0,2,8,13,200500058861A01,8,1,1,200041515
200500058862,2005-09-05,2005,septembre,lundi,18:15,54,54431,0,0,2,9,3,1,1,5,2,02,1,1,0,60,1,0,0,3,1,5,5,3,9,0,2,8,1,200500058862A01,10,1,1,200041515
200500058872,2005-09-14,2005,septembre,mercredi,11:40,55,55545,0,0,2,2,7,1,1,4,2,02,1,1,0,70,1,0,1,3,1,9,5,1,2,0,2,1,15,200500058872B01,7,1,1,200049187
200500058885,2005-09-17,2005,septembre,samedi,21:35,56,56098,0,0,2,1,6,5,1,9,2,02,1,1,0,0,1,0,1,3,1,46,9,3,4,1,0,1,1,200500058885A01,,,,200042174
200500058886,2005-09-19,2005,septembre,lundi,16:52,56,56107,0,0,2,1,7,1,1,9,2,02,1,1,0,0,1,0,1,4,1,10,0,3,4,0,0,0,1,200500058886A01,,,,200042174
200500058888,2005-09-19,2005,septembre,lundi,18:50,56,56121,0,0,2,1,7,1,1,9,2,02,1,1,0,0,1,0,1,4,2,24,9,3,4,0,0,3,1,200500058888A01,,,,200042174
200500058889,2005-09-21,2005,septembre,mercredi,12:21,56,56162,0,0,1,2,3,1,1,9,2,02,1,1,0,0,1,0,1,4,2,52,9,3,4,0,2,8,1,200500058889B01,7,1,1,200042174
200500058899,2005-09-25,2005,septembre,dimanche,17:40,56,56098,0,0,2,1,7,1,1,9,2,02,1,1,0,0,1,0,1,4,1,18,9,3,9,0,0,0,1,200500058899A01,,,,200042174
200500058911,2005-09-28,2005,septembre,mercredi,08:50,56,56260,0,0,2,1,6,1,1,4,2,01,1,1,0,40,1,0,5,4,1,22,5,3,2,1,0,1,17,200500058911B01,7,24,1,200067932
200500058939,2005-09-22,2005,septembre,jeudi,09:00,57,57412,0,0,2,1,3,1,1,3,2,02,1,1,0,70,1,0,1,3,2,22,5,3,9,0,2,1,1,200500058939B01,7,15,1,200039865
200500058982,2005-09-30,2005,septembre,vendredi,18:15,58,58194,0,0,2,1,3,1,1,4,1,01,1,1,0,48,1,0,1,4,1,11,0,3,9,0,2,1,9,200500058982A01,7,1,1,245804406
200500058986,2005-09-27,2005,septembre,mardi,12:05,59,59143,0,0,2,1,3,1,1,3,2,00,1,1,0,60,1,0,0,4,1,57,1,3,9,0,2,0,1,200500058986A01,7,17,1,200093201
200500058990,2005-09-27,2005,septembre,mardi,14:15,59,59253,0,0,1,1,7,1,2,3,2,02,1,1,0,75,2,0,1,3,1,25,1,3,9,0,2,3,15,200500058990A01,7,1,1,245901160
200500058998,2005-09-13,2005,septembre,mardi,18:00,59,59183,0,0,2,3,3,1,1,4,1,01,2,1,0,60,1,0,1,4,1,31,5,2,2,0,2,1,1,200500058998B01,7,15,1,245900428
200500059010,2005-09-26,2005,septembre,lundi,07:30,59,59183,0,0,2,1,5,2,1,4,2,02,1,1,0,120,1,0,1,3,1,15,2,3,4,0,2,4,1,200500059010C01,7,22 / 21,2,245900428
200500059013,2005-09-18,2005,septembre,dimanche,15:38,59,59271,0,0,2,1,3,1,1,4,2,02,1,1,0,86,1,0,1,3,1,12,5,1,9,0,2,1,19,200500059013A01,7,16,1,245900428
200500059015,2005-09-14,2005,septembre,mercredi,15:00,59,59272,0,0,2,3,3,1,1,4,-1,02,1,-1,0,85,1,0,1,4,1,15,5,3,9,0,2,0,1,200500059015B01,7,1,1,245900428
200500059018,2005-09-01,2005,septembre,jeudi,19:00,59,59368,0,0,2,5,3,1,1,4,1,04,1,1,18,167,1,0,1,3,1,64,5,3,9,0,2,1,15,200500059018A01,7,12,1,200093201
200500059025,2005-09-01,2005,septembre,jeudi,16:40,59,59286,0,0,2,1,6,1,1,4,1,01,1,1,0,57,1,0,4,1,1,11,5,3,9,0,1,1,1,200500059025A01,,,,200093201
200500059051,2005-09-17,2005,septembre,samedi,17:35,59,59009,0,0,2,2,3,1,1,4,2,04,1,1,0,97,1,0,1,3,2,54,5,1,2,0,2,1,1,200500059051B01,7,16,1,200093201
200500059057,2005-09-20,2005,septembre,mardi,17:25,59,59009,0,0,2,1,6,1,1,3,2,02,1,1,0,69,1,0,1,4,2,19,5,2,9,0,2,6,1,200500059057B01,5,1,1,200093201
200500059062,2005-09-22,2005,septembre,jeudi,17:15,59,59350,0,0,2,1,6,1,1,4,2,02,1,1,0,60,1,0,1,4,1,31,5,2,9,0,2,1,1,200500059062B01,,,,200093201
200500059064,2005-09-24,2005,septembre,samedi,12:00,59,59350,0,0,2,2,6,1,1,4,1,01,1,1,0,60,1,0,1,4,1,12,5,2,9,0,2,1,1,200500059064A01,7,1,1,200093201
200500059067,2005-09-24,2005,septembre,samedi,17:20,59,59378,0,0,2,9,2,1,1,4,-1,02,1,3,0,85,1,5,1,4,1,24,4,2,9,0,2,1,16,200500059067B01,7,16,1,200093201
200500059068,2005-09-24,2005,septembre,samedi,19:00,59,59386,0,0,2,2,6,1,1,4,2,02,1,1,0,109,1,0,1,4,2,47,5,3,9,0,2,8,1,200500059068B01,7,15,1,200093201
200500059075,2005-09-28,2005,septembre,mercredi,18:25,59,59009,0,0,2,3,6,1,1,4,2,02,1,1,0,63,1,0,1,2,1,9,5,2,9,12,2,0,13,200500059075A01,7,1,1,200093201
200500059077,2005-09-29,2005,septembre,jeudi,09:15,59,59350,0,0,1,1,6,1,1,4,2,02,1,1,10,67,1,0,1,4,2,54,1,2,9,0,2,8,13,200500059077A01,7,1,1,200093201
200500059078,2005-09-30,2005,septembre,vendredi,17:15,59,59350,0,0,2,1,6,1,2,4,1,01,1,1,0,60,2,0,1,4,1,13,5,3,9,0,2,8,13,200500059078A01,7,1,1,200093201
200500059093,2005-09-03,2005,septembre,samedi,19:40,59,59512,0,0,2,1,6,1,1,4,1,00,1,1,0,0,1,0,1,4,1,13,5,3,9,0,0,1,19,200500059093B01,7,1,1,200093201
200500059095,2005-09-16,2005,septembre,vendredi,13:45,59,59512,0,0,2,2,2,1,1,4,3,00,1,1,0,0,1,0,1,3,1,9,5,1,2,0,2,4,1,200500059095B01,7,1,1,200093201
200500059117,2005-09-26,2005,septembre,lundi,19:50,59,59299,0,0,1,1,6,5,1,4,2,02,1,1,0,0,1,0,4,3,2,39,5,3,9,0,2,7,23,200500059117B01,7,0,1,200093201
200500059118,2005-09-20,2005,septembre,mardi,17:15,59,59512,0,0,2,1,3,1,1,4,2,02,1,1,0,0,1,0,1,3,1,8,5,3,9,0,2,1,1,200500059118B01,7,1,1,200093201
200500059174,2005-09-07,2005,septembre,mercredi,17:50,62,62048,0,0,2,1,3,1,1,3,2,02,1,1,0,0,1,0,1,3,2,68,3,3,4,0,9,1,5,200500059174B01,2,2,1,200072460
200500059179,2005-09-08,2005,septembre,jeudi,15:25,62,62570,0,0,2,4,3,1,1,4,2,02,1,1,0,90,1,0,1,3,1,25,5,3,4,0,2,8,1,200500059179B01,7,12,1,246200364
200500059183,2005-09-19,2005,septembre,lundi,18:35,62,62724,0,0,2,6,2,1,7,3,2,02,1,1,0,60,1,0,1,4,1,47,5,3,9,0,2,4,2,200500059183B01,7,9,1,246200299
200500059196,2005-09-22,2005,septembre,jeudi,18:35,62,62160,0,0,2,4,3,1,1,4,2,02,2,3,0,70,1,0,1,3,1,25,5,3,9,0,2,1,16,200500059196B01,7,1,1,246200729
200500059209,2005-09-18,2005,septembre,dimanche,18:55,62,62250,0,0,2,3,3,1,2,4,2,00,1,1,0,80,1,0,1,4,1,11,5,3,0,0,2,8,19,200500059209A01,7,1,1,246200299
200500059213,2005-09-28,2005,septembre,mercredi,14:40,62,62637,0,0,2,1,6,1,1,4,2,02,1,1,0,87,1,6,4,1,2,17,5,3,9,0,1,1,1,200500059213A01,,,,246200299
200500059223,2005-09-05,2005,septembre,lundi,20:00,62,62186,0,0,2,1,1,2,1,4,2,02,1,2,0,102,1,0,1,4,1,11,5,3,9,0,2,1,10,200500059223B01,7,15,1,246200364
200500059226,2005-09-25,2005,septembre,dimanche,18:15,62,62563,0,0,2,1,5,1,1,4,2,02,1,3,0,60,1,0,1,3,1,33,5,2,9,0,2,3,1,200500059226B01,5 / 7,13 / 1,2,246200364
200500059233,2005-09-01,2005,septembre,jeudi,20:10,63,63113,0,0,2,1,2,2,1,4,2,03,1,1,0,100,1,0,1,4,1,53,9,3,4,0,2,1,1,200500059233A01,7,1,1,246300701
200500059245,2005-09-06,2005,septembre,mardi,17:40,63,63113,0,0,2,1,6,1,1,4,2,02,1,4,0,70,2,0,1,4,1,37,9,3,9,0,2,8,1,200500059245B01,18,1,1,246300701
200500059247,2005-09-07,2005,septembre,mercredi,08:00,63,63113,0,0,2,2,7,1,8,4,1,02,1,1,0,62,2,5,1,4,1,27,1,3,9,0,0,7,1,200500059247B01,7,1,1,246300701
200500059256,2005-09-13,2005,septembre,mardi,19:05,63,63113,0,0,2,2,6,1,1,4,2,02,1,1,0,70,1,0,1,4,1,11,9,3,2,0,2,1,1,200500059256A01,7,1,1,246300701
200500059264,2005-09-16,2005,septembre,vendredi,17:50,63,63113,0,0,2,1,3,1,1,4,1,02,1,-1,0,70,1,5,1,4,1,19,0,2,2,0,2,1,19,200500059264A01,7,1,1,246300701
200500059313,2005-09-26,2005,septembre,lundi,15:06,64,64024,0,0,2,1,3,1,1,4,2,02,2,1,0,55,1,0,1,4,2,54,5,2,2,1,0,3,1,200500059313B01,7,24,1,200067106
200500059342,2005-09-07,2005,septembre,mercredi,17:25,64,64445,0,0,2,6,3,1,1,2,1,03,1,2,0,75,1,0,5,4,2,51,1,3,9,0,2,0,5,200500059342A01,7,1,1,200067254
200500059349,2005-09-15,2005,septembre,jeudi,12:10,64,64445,0,0,2,1,6,1,1,2,2,02,1,1,0,62,1,0,1,4,2,31,5,1,2,0,2,8,1,200500059349B01,7,1,1,200067254
200500059353,2005-09-24,2005,septembre,samedi,17:40,64,64348,0,0,2,6,3,1,1,2,2,02,1,2,0,60,1,0,1,2,2,69,5,3,9,0,2,1,1,200500059353B01,7,12,1,200067254
200500059356,2005-09-29,2005,septembre,jeudi,12:15,64,64269,0,0,1,6,3,1,1,3,2,02,1,3,0,80,1,0,1,3,1,57,5,3,9,0,2,1,14,200500059356A01,7,16,1,200067254
200500059374,2005-09-27,2005,septembre,mardi,18:15,64,64260,0,0,2,1,3,1,1,3,2,02,4,1,0,90,1,0,1,4,1,41,5,1,2,0,2,1,1,200500059374B01,7,15,1,200067106
200500059393,2005-09-28,2005,septembre,mercredi,19:55,65,65440,0,0,2,6,3,5,1,2,1,02,1,2,0,70,1,0,1,4,1,16,5,3,9,0,2,1,1,200500059393B01,10,1,1,200069300
200500059394,2005-09-29,2005,septembre,jeudi,07:40,65,65440,0,0,2,6,3,5,1,2,1,02,1,2,0,70,1,0,1,4,2,42,1,3,9,0,0,4,1,200500059394B01,7,1,1,200069300
200500059409,2005-09-05,2005,septembre,lundi,19:00,67,67180,0,0,2,3,6,1,1,4,1,01,1,1,0,120,1,0,5,4,2,37,5,1,4,0,2,1,1,200500059409A01,,,,200067874
200500059416,2005-09-02,2005,septembre,vendredi,12:00,67,67482,0,0,2,1,6,1,1,4,1,01,1,1,0,74,1,0,1,4,1,43,4,3,4,0,2,1,21,200500059416A01,7 / 10,21 / 24,2,246700488
200500059420,2005-09-04,2005,septembre,dimanche,15:00,67,67267,0,0,2,3,1,1,1,4,1,01,1,1,0,92,1,0,1,4,2,16,5,1,9,0,2,1,5,200500059420B01,7,16,1,246700488
200500059426,2005-09-06,2005,septembre,mardi,19:10,67,67482,0,0,1,1,6,1,1,4,2,02,1,1,0,80,1,0,1,4,1,48,5,3,9,0,2,1,1,200500059426B01,7,16,1,246700488
200500059431,2005-09-08,2005,septembre,jeudi,08:40,67,67447,0,0,2,3,6,1,1,4,2,02,1,1,0,64,1,0,1,4,2,24,1,3,4,0,2,1,1,200500059431B01,10,16,1,246700488
200500059432,2005-09-08,2005,septembre,jeudi,20:15,67,67482,0,0,2,1,6,2,1,4,1,04,1,2,0,143,1,5,1,4,1,19,5,3,4,0,2,0,9,200500059432B01,7,21,1,246700488
200500059433,2005-09-09,2005,septembre,vendredi,18:01,67,67482,0,0,2,3,3,1,1,4,1,01,1,1,150,65,1,5,1,4,1,20,5,3,9,0,2,1,5,200500059433A01,7,1,1,246700488
200500059449,2005-09-19,2005,septembre,lundi,07:55,67,67482,0,0,1,3,3,1,1,4,1,01,-1,1,0,56,-1,0,1,4,2,35,1,3,9,0,2,1,1,200500059449A01,7,1,1,246700488
200500059458,2005-09-22,2005,septembre,jeudi,16:00,67,67482,0,0,2,1,6,1,1,4,1,01,1,1,0,16,1,0,5,1,1,17,5,1,9,0,1,1,5,200500059458A01,,,,246700488
200500059461,2005-09-23,2005,septembre,vendredi,16:30,67,67218,0,0,1,1,3,1,1,4,2,02,1,3,0,80,1,2,1,4,1,75,5,3,9,0,2,7,15,200500059461A01,5,1,1,246700488
200500059467,2005-09-26,2005,septembre,lundi,17:45,67,67482,0,0,2,1,6,1,1,4,1,02,1,1,0,80,1,0,1,4,1,17,5,3,9,0,2,1,1,200500059467B01,7,24,1,246700488
200500059468,2005-09-28,2005,septembre,mercredi,05:05,67,67043,0,0,2,1,3,5,8,4,2,02,1,1,0,68,1,0,1,3,2,45,1,2,9,0,2,1,1,200500059468B01,7,13,1,246700488