Num_Acc,date,an,mois,jour,hrmn,dep,com,lat,long,agg,int,col,lum,atm,catr,circ,nbv,prof,plan,lartpc,larrout,surf,infra,situ,grav,sexe,age,trajet,secuexist,equipement,obs,obsm,choc,manv,vehiculeid,typevehicules,manoeuvehicules,numVehicules,_infos_commune.code_epci
200500074203,2005-11-07,2005,novembre,lundi,18:00,57,57491,0,0,2,1,7,4,1,3,2,02,1,1,0,55,1,0,1,4,1,11,5,3,9,0,1,1,1,200500074203A01,,,,245701271
200500074219,2005-11-22,2005,novembre,mardi,11:30,57,57463,0,0,2,2,3,1,1,3,2,02,1,1,0,91,1,5,1,3,1,67,0,3,9,0,2,1,1,200500074219B01,7,15,1,200039865
200500074233,2005-11-23,2005,novembre,mercredi,16:38,57,57672,0,0,2,2,3,2,1,3,3,04,1,1,18,124,1,0,1,4,2,23,5,1,2,0,0,8,19,200500074233A01,7,1,1,245701362
200500074238,2005-11-19,2005,novembre,samedi,08:25,58,58194,0,0,2,1,7,1,1,4,2,02,1,1,0,0,1,0,1,4,1,43,0,3,9,0,0,0,0,200500074238A01,,,,245804406
200500074242,2005-11-14,2005,novembre,lundi,14:35,58,58194,0,0,2,1,7,1,1,4,1,02,1,1,0,0,1,0,1,4,1,15,9,3,9,0,0,0,1,200500074242A01,,,,245804406
200500074257,2005-11-09,2005,novembre,mercredi,16:25,59,59317,0,0,2,1,6,1,1,3,2,02,1,1,0,80,1,0,1,3,1,44,1,1,4,0,2,8,1,200500074257A01,,,,200093201
200500074261,2005-11-25,2005,novembre,vendredi,07:40,59,59122,0,0,2,3,3,2,9,2,3,05,1,3,40,150,2,0,1,4,1,27,1,2,9,0,2,2,9,200500074261B01,7,21,1,200068500
200500074272,2005-11-02,2005,novembre,mercredi,07:40,59,59183,0,0,2,1,2,5,2,4,2,02,1,1,0,100,2,0,1,4,1,23,1,3,0,0,2,4,1,200500074272A01,99,0,1,245900428
200500074279,2005-11-25,2005,novembre,vendredi,17:20,59,59271,0,0,2,1,3,5,3,2,3,02,1,1,0,74,2,0,1,3,1,17,5,3,9,0,2,7,19,200500074279B01,7,1,1,245900428
200500074293,2005-11-03,2005,novembre,jeudi,07:40,59,59328,0,0,2,1,3,1,1,4,2,02,1,1,0,69,1,0,1,3,1,11,2,3,2,0,2,1,11,200500074293A01,5,1,1,200093201
200500074304,2005-11-07,2005,novembre,lundi,11:20,59,59009,0,0,2,1,6,1,2,4,2,02,1,1,0,70,2,0,1,4,1,65,5,2,9,0,2,1,1,200500074304A01,7,1,1,200093201
200500074317,2005-11-12,2005,novembre,samedi,12:40,59,59350,0,0,2,2,6,1,1,4,3,04,1,1,15,120,1,0,1,4,1,31,9,3,9,0,2,1,2,200500074317B01,7,0,1,200093201
200500074323,2005-11-15,2005,novembre,mardi,19:45,59,59009,0,0,2,2,3,5,2,4,1,01,1,1,0,120,2,0,1,3,1,36,5,1,2,0,2,1,1,200500074323B01,7,1,1,200093201
200500074328,2005-11-17,2005,novembre,jeudi,11:25,59,59378,0,0,2,2,3,1,1,4,2,02,1,1,0,128,1,0,1,3,2,64,5,3,9,0,2,1,1,200500074328B01,7,1,1,200093201
200500074358,2005-11-30,2005,novembre,mercredi,17:45,59,59350,0,0,1,9,3,1,1,4,2,02,1,1,0,105,1,0,1,4,1,16,1,2,9,0,2,1,1,200500074358B01,7,15,1,200093201
200500074360,2005-11-18,2005,novembre,vendredi,10:30,59,59507,0,0,2,2,6,1,1,4,2,02,1,1,0,111,1,0,1,3,1,58,9,3,0,0,2,1,1,200500074360B01,7,1,1,200093201
200500074366,2005-11-02,2005,novembre,mercredi,17:25,59,59512,0,0,2,2,3,1,2,4,2,02,1,1,0,0,2,0,1,3,1,61,9,3,2,0,2,0,1,200500074366B01,7,16,1,200093201
200500074367,2005-11-02,2005,novembre,mercredi,07:50,59,59512,0,0,2,2,3,1,2,4,1,02,1,1,0,0,2,0,1,3,1,17,1,3,2,0,2,1,1,200500074367B01,7,15,1,200093201
200500074370,2005-11-08,2005,novembre,mardi,08:25,59,59650,0,0,2,2,3,1,8,4,2,02,1,1,0,0,2,0,1,3,1,11,2,3,2,0,2,0,1,200500074370B01,7,1,1,200093201
200500074374,2005-11-07,2005,novembre,lundi,20:00,59,59512,0,0,2,1,3,5,1,4,-1,00,1,1,0,0,1,0,1,3,1,34,0,3,9,0,2,0,0,200500074374B01,7,0,1,200093201
200500074382,2005-11-08,2005,novembre,mardi,12:10,59,59650,0,0,2,3,3,1,1,3,2,02,1,1,0,0,1,0,1,3,2,23,0,3,2,0,2,0,16,200500074382B01,15,16,1,200093201
200500074383,2005-11-14,2005,novembre,lundi,07:55,59,59512,0,0,2,3,3,4,5,4,2,02,1,1,0,0,1,0,1,3,1,36,4,3,2,0,2,1,1,200500074383B01,7,15,1,200093201
200500074385,2005-11-25,2005,novembre,vendredi,12:25,59,59512,0,0,2,1,2,1,1,4,1,02,1,1,0,0,1,0,1,3,1,47,4,3,2,0,2,4,1,200500074385B01,7,0,1,200093201
200500074396,2005-11-25,2005,novembre,vendredi,17:30,59,59650,0,0,2,2,1,1,1,4,2,02,1,1,0,0,1,0,1,3,1,15,1,3,9,0,2,1,15,200500074396B01,7,1,1,200093201
200500074400,2005-11-30,2005,novembre,mercredi,10:30,59,59646,0,0,1,1,6,1,1,6,-1,00,1,1,0,0,1,0,1,3,2,23,0,3,2,0,2,0,1,200500074400B01,7,1,1,200093201
200500074411,2005-11-10,2005,novembre,jeudi,16:45,59,59599,0,0,2,1,6,2,2,4,2,00,1,1,0,0,2,0,1,4,2,12,0,3,9,0,2,0,1,200500074411B01,7,1,1,200093201
200500074430,2005-11-29,2005,novembre,mardi,06:20,59,59491,0,0,2,1,6,5,1,3,2,02,1,1,0,82,1,0,1,4,2,51,9,3,9,1,0,1,1,200500074430B01,7,24,1,200042190
200500074451,2005-11-21,2005,novembre,lundi,17:15,62,62048,0,0,2,2,3,5,1,3,2,02,1,2,0,74,1,0,1,4,1,60,5,1,2,0,2,1,1,200500074451B01,7,15,1,200072460
200500074453,2005-11-18,2005,novembre,vendredi,12:25,62,62065,0,0,2,2,3,1,7,4,2,02,2,1,0,70,1,0,1,4,1,18,5,3,9,0,2,1,15,200500074453A01,7,1,1,246200364
200500074469,2005-11-03,2005,novembre,jeudi,19:15,62,62215,0,0,2,1,2,3,2,3,2,02,1,1,0,73,2,0,1,4,1,23,5,1,9,0,2,4,1,200500074469B01,2,1,1,246200299
200500074486,2005-11-30,2005,novembre,mercredi,17:50,62,62523,0,0,2,6,2,5,1,4,1,02,1,2,68,85,1,0,3,3,1,15,5,3,9,0,2,4,23,200500074486B01,7,15,1,246200364
200500074486,2005-11-30,2005,novembre,mercredi,17:50,62,62523,0,0,2,6,2,5,1,4,1,02,1,2,68,85,1,0,3,1,1,11,0,3,9,0,2,4,23,200500074486B01,7,15,1,246200364
200500074490,2005-11-01,2005,novembre,mardi,16:27,62,62498,0,0,2,3,6,1,1,3,2,02,1,1,0,98,1,0,1,3,1,22,5,3,9,0,2,1,16,200500074490A01,7,1,1,246200364
200500074504,2005-11-10,2005,novembre,jeudi,09:20,62,62617,0,0,2,3,3,1,1,3,2,02,1,1,0,91,1,0,1,3,2,75,5,2,9,0,2,8,19,200500074504B01,7,15,1,200072460
200500074521,2005-11-08,2005,novembre,mardi,15:35,63,63113,0,0,2,1,6,1,1,4,2,04,1,1,0,0,1,0,1,4,1,69,9,2,2,0,2,0,1,200500074521B01,7,1,1,246300701
200500074527,2005-11-10,2005,novembre,jeudi,16:05,63,63113,0,0,2,1,1,1,1,4,1,01,1,1,0,60,1,0,1,3,1,14,9,2,9,0,2,1,9,200500074527A01,7,1,1,246300701
200500074555,2005-11-25,2005,novembre,vendredi,16:20,63,63113,0,0,2,1,2,1,1,4,1,00,1,1,0,0,1,0,1,4,1,32,9,2,9,0,2,4,1,200500074555B01,7,1,1,246300701
200500074570,2005-11-05,2005,novembre,samedi,15:10,63,63124,0,0,2,6,3,1,1,4,2,02,1,1,0,0,1,5,1,4,1,10,5,2,2,0,2,1,1,200500074570B01,7,1,1,246300701
200500074572,2005-11-16,2005,novembre,mercredi,16:15,63,63124,0,0,2,2,3,1,1,3,2,02,1,1,0,0,1,5,1,4,1,16,0,3,2,0,2,4,9,200500074572A01,7,1,1,246300701
200500074588,2005-11-10,2005,novembre,jeudi,15:30,64,64102,0,0,2,6,6,1,1,4,1,02,2,3,0,60,1,5,1,3,1,68,5,3,9,0,2,1,19,200500074588B01,7,16,1,200067106
200500074590,2005-11-16,2005,novembre,mercredi,16:28,64,64024,0,0,2,6,3,1,2,3,1,03,1,2,0,120,2,0,1,4,2,44,9,2,9,0,2,4,1,200500074590B01,7,9,1,200067106
200500074619,2005-11-21,2005,novembre,lundi,17:00,64,64445,0,0,2,1,2,1,1,4,2,02,1,1,0,91,1,0,1,4,1,44,1,3,9,0,2,4,2,200500074619B01,7,1,1,200067254
200500074638,2005-11-07,2005,novembre,lundi,15:10,65,65251,0,0,2,1,3,1,1,3,2,02,1,1,0,71,1,0,1,4,1,42,5,3,9,0,2,1,13,200500074638A01,7,1,1,200069300
200500074651,2005-11-26,2005,novembre,samedi,12:10,65,65440,0,0,2,1,6,1,2,4,2,02,1,1,0,90,2,0,0,4,2,75,9,3,9,0,0,7,1,200500074651B01,7,22,1,200069300
200500074673,2005-11-04,2005,novembre,vendredi,13:19,67,67482,0,0,2,1,6,1,2,4,2,02,1,1,0,85,2,0,1,3,1,80,5,3,9,0,2,1,19,200500074673A01,7,1,1,246700488
200500074679,2005-11-10,2005,novembre,jeudi,07:40,67,67482,0,0,2,2,1,2,1,4,2,03,1,1,0,104,1,5,1,4,1,17,2,3,9,0,2,1,1,200500074679A01,7,15,1,246700488
200500074682,2005-11-12,2005,novembre,samedi,08:10,67,67482,0,0,2,2,3,2,1,4,2,05,1,1,0,192,1,5,1,4,1,16,2,1,4,0,2,7,19,200500074682B01,7,15,1,246700488
200500074684,2005-11-15,2005,novembre,mardi,18:50,67,67482,0,0,2,2,3,5,1,4,2,02,1,1,0,63,1,0,1,4,1,20,2,3,9,0,2,8,19,200500074684B01,7,1,1,246700488
200500074686,2005-11-17,2005,novembre,jeudi,10:40,67,67482,0,0,2,3,3,1,1,4,2,02,1,1,0,78,1,0,5,4,2,49,5,3,9,0,2,4,5,200500074686A01,7,16,1,246700488
200500074687,2005-11-17,2005,novembre,jeudi,18:20,67,67482,0,0,2,5,2,5,1,4,2,02,1,1,70,81,-1,0,1,4,1,25,5,3,9,0,1,1,2,200500074687B01,7,9,1,246700488
200500074693,2005-11-22,2005,novembre,mardi,09:00,67,67482,0,0,2,3,3,1,1,4,1,02,1,1,0,40,1,0,1,4,2,53,1,1,9,0,2,3,1,200500074693B01,7,15,1,246700488
200500074694,2005-11-22,2005,novembre,mardi,10:55,67,67482,0,0,2,2,3,1,1,4,2,02,1,1,0,59,1,0,0,4,1,59,5,1,9,0,2,5,1,200500074694B01,7,1,1,246700488
200500074696,2005-11-23,2005,novembre,mercredi,08:35,67,67043,0,0,2,3,6,1,1,4,2,02,1,1,0,70,2,0,1,4,1,16,2,3,9,0,2,1,1,200500074696B01,7,16,1,246700488
200500074699,2005-11-25,2005,novembre,vendredi,08:28,67,67482,0,0,2,2,6,1,8,4,2,02,1,1,0,0,2,0,1,4,2,24,0,3,9,0,2,7,0,200500074699B01,7,0,1,246700488
200500074700,2005-11-25,2005,novembre,vendredi,14:45,67,67447,0,0,2,2,3,1,1,4,2,03,1,1,0,130,1,0,1,4,1,40,5,3,9,0,2,1,1,200500074700B01,7,15,1,246700488
200500074702,2005-11-26,2005,novembre,samedi,14:10,67,67482,0,0,2,2,3,1,1,4,2,03,1,1,0,100,1,0,1,4,1,29,5,3,9,0,2,1,19,200500074702B01,7,16,1,246700488
200500074706,2005-11-28,2005,novembre,lundi,08:30,67,67482,0,0,2,2,3,1,2,4,1,02,1,1,0,61,2,0,0,4,2,25,1,1,9,0,2,1,1,200500074706B01,7,1,1,246700488
200500074710,2005-11-04,2005,novembre,vendredi,03:22,68,68066,0,0,2,1,2,5,1,3,2,02,1,1,0,120,1,0,1,4,2,50,4,1,4,0,2,4,1,200500074710B01,7,14,1,246800726
200500074715,2005-11-15,2005,novembre,mardi,19:05,68,68066,0,0,2,2,3,5,1,4,2,02,1,1,0,88,1,0,1,3,2,60,5,3,4,0,2,7,1,200500074715A01,7,1,1,246800726
200500074717,2005-11-16,2005,novembre,mercredi,12:00,68,68066,0,0,2,3,3,1,1,3,2,03,1,1,20,82,1,0,5,4,1,20,2,2,4,0,2,6,19,200500074717B01,7,15,1,246800726
200500074729,2005-11-10,2005,novembre,jeudi,17:50,68,68224,0,0,2,1,3,2,1,4,1,01,1,1,0,64,1,0,1,3,1,48,5,3,9,0,2,1,1,200500074729B01,7,9,1,200066009
200500074776,2005-11-29,2005,novembre,mardi,17:10,69,69290,0,0,2,1,1,5,2,4,1,01,2,2,0,68,2,0,0,4,1,21,5,2,9,0,2,1,0,200500074776A01,7,1,1,200046977
200500074804,2005-11-03,2005,novembre,jeudi,18:15,72,72181,0,0,2,1,6,5,1,9,2,04,1,1,14,135,1,0,1,1,1,16,9,3,2,0,1,1,1,200500074804A01,,,,247200132
200500074841,2005-11-18,2005,novembre,vendredi,11:00,73,73011,0,0,2,9,3,1,1,4,2,02,1,1,0,80,1,0,1,4,2,53,3,3,9,0,2,7,1,200500074841B01,7,15,1,200068997
200500074931,2005-11-12,2005,novembre,samedi,09:05,75,75006,0,0,2,3,3,1,8,4,1,04,1,1,0,120,2,0,1,3,1,25,1,3,0,0,2,8,11,200500074931A01,10,1,1,
200500074939,2005-11-17,2005,novembre,jeudi,18:25,75,75015,0,0,2,1,7,1,1,4,1,01,1,1,0,30,1,0,1,4,1,32,4,1,2,0,0,2,1,200500074939A01,,,,
200500074961,2005-11-16,2005,novembre,mercredi,19:25,75,75010,0,0,2,2,3,5,1,4,1,02,1,1,0,60,1,0,1,4,2,36,5,3,0,0,2,3,7,200500074961B01,14,16,1,
200500074991,2005-11-15,2005,novembre,mardi,18:35,75,75018,0,0,2,2,6,5,2,4,1,01,1,1,0,30,2,0,1,1,1,30,5,3,0,0,1,1,1,200500074991A01,,,,
200500075008,2005-11-12,2005,novembre,samedi,18:10,75,75002,0,0,2,1,3,5,1,4,2,02,1,1,0,60,2,0,1,4,1,36,5,3,0,0,2,1,1,200500075008B01,7,9,1,
200500075012,2005-11-14,2005,novembre,lundi,09:15,75,75016,0,0,2,3,6,1,1,4,2,02,1,1,0,60,1,0,4,4,1,22,4,3,0,8,0,1,1,200500075012A01,,,,
200500075014,2005-11-13,2005,novembre,dimanche,19:30,75,75008,0,0,2,2,2,5,1,4,2,02,1,1,0,60,1,0,1,4,1,37,5,3,0,0,2,1,1,200500075014A01,7,16,1,
200500075031,2005-11-01,2005,novembre,mardi,20:30,75,75015,0,0,2,3,7,5,1,4,2,02,1,1,0,60,1,0,1,4,1,35,5,3,0,12,0,1,1,200500075031A01,,,,
200500075049,2005-11-02,2005,novembre,mercredi,20:55,75,75014,0,0,2,1,6,5,2,4,2,02,1,1,0,60,2,0,1,4,2,42,4,1,2,1,2,4,1,200500075049B01,7,1 / 23,2,
200500075069,2005-11-03,2005,novembre,jeudi,10:45,75,75006,0,0,2,1,6,1,1,4,1,02,1,1,0,60,1,0,1,4,2,58,4,3,0,0,2,1,7,200500075069B01,99,22,1,
200500075077,2005-11-03,2005,novembre,jeudi,17:41,75,75013,0,0,2,1,3,5,1,4,2,04,1,1,0,120,1,0,1,4,1,39,5,3,0,0,2,1,7,200500075077B01,10,22,1,
200500075080,2005-11-03,2005,novembre,jeudi,15:05,75,75017,0,0,2,1,3,1,8,4,2,06,1,1,0,180,1,0,1,4,1,22,5,3,0,0,2,1,7,200500075080B01,7,22,1,
200500075103,2005-11-04,2005,novembre,vendredi,12:35,75,75017,0,0,2,3,3,1,2,4,1,01,1,1,0,30,2,0,1,4,1,32,5,3,0,0,2,1,1,200500075103B01,7,22,1,
200500075114,2005-11-06,2005,novembre,dimanche,09:55,75,75012,0,0,2,1,6,1,1,4,1,02,1,1,0,60,1,0,5,4,1,54,5,3,0,0,5,1,1,200500075114A01,,,,
200500075124,2005-11-05,2005,novembre,samedi,11:45,75,75014,0,0,2,1,3,1,2,4,1,02,1,1,0,60,2,0,1,4,2,25,5,3,0,0,2,3,1,200500075124B01,7,17,1,
200500075135,2005-11-07,2005,novembre,lundi,11:00,75,75003,0,0,2,1,6,1,2,4,1,02,1,1,0,60,2,0,1,4,2,38,4,3,0,1,2,3,18,200500075135B01,10,22,1,
200500075144,2005-11-07,2005,novembre,lundi,08:20,75,75012,0,0,2,2,2,1,2,4,2,02,1,1,0,60,2,0,1,4,2,49,4,3,0,0,2,4,23,200500075144B01,7,1,1,
200500075158,2005-11-07,2005,novembre,lundi,18:20,75,75020,0,0,2,3,3,2,1,4,2,02,1,1,0,60,1,0,1,4,1,17,5,1,2,0,2,1,1,200500075158B01,7,15,1,
200500075161,2005-11-08,2005,novembre,mardi,17:25,75,75006,0,0,2,2,3,2,1,4,2,04,1,1,0,120,1,0,1,4,1,35,4,3,0,0,2,2,19,200500075161A01,4,1,1,
200500075187,2005-11-10,2005,novembre,jeudi,09:40,75,75005,0,0,2,1,3,1,1,4,2,03,1,1,0,90,1,0,1,4,1,26,5,3,0,0,2,3,15,200500075187A01,5,6,1,
200500075189,2005-11-10,2005,novembre,jeudi,20:55,75,75006,0,0,2,2,3,5,1,4,3,04,1,1,0,120,1,0,1,4,1,26,5,3,0,0,2,1,1,200500075189B01,13,16,1,
200500075238,2005-11-11,2005,novembre,vendredi,19:20,75,75016,0,0,2,3,3,5,1,4,1,01,1,1,0,30,1,0,1,4,2,49,5,3,0,0,2,2,1,200500075238A01,7,1,1,
200500075278,2005-11-14,2005,novembre,lundi,09:15,75,75008,0,0,2,3,1,1,1,4,2,03,1,1,0,90,1,0,1,4,2,23,4,3,0,0,2,1,8,200500075278B01,7,15,1,
200500075280,2005-11-14,2005,novembre,lundi,22:10,75,75019,0,0,2,2,1,5,1,4,2,02,1,1,0,60,1,0,1,4,1,32,5,3,0,0,2,1,1,200500075280B01,7,0,1,
200500075287,2005-11-16,2005,novembre,mercredi,13:30,75,75012,0,0,2,1,6,1,1,4,1,02,1,1,0,60,1,0,1,1,1,23,4,3,0,0,1,1,1,200500075287A01,,,,
200500075302,2005-11-17,2005,novembre,jeudi,09:00,75,75007,0,0,2,2,3,1,1,4,2,04,1,1,0,120,1,0,1,4,2,28,5,3,0,0,2,3,1,200500075302B01,7,16,1,
200500075307,2005-11-17,2005,novembre,jeudi,17:50,75,75012,0,0,2,1,3,5,1,4,2,04,1,1,0,120,1,0,1,4,2,55,5,1,2,0,2,3,1,200500075307B01,7,16,1,
200500075315,2005-11-18,2005,novembre,vendredi,20:00,75,75005,0,0,2,4,6,5,1,4,1,02,1,1,0,60,1,0,1,4,1,20,5,3,0,0,1,1,16,200500075315A01,,,,
200500075346,2005-11-20,2005,novembre,dimanche,14:35,75,75012,0,0,2,1,6,1,1,4,2,02,1,1,0,60,1,0,5,4,1,35,5,3,0,0,5,1,1,200500075346A01,,,,
200500075367,2005-11-21,2005,novembre,lundi,08:45,75,75017,0,0,2,3,4,1,1,4,1,02,1,1,0,60,1,0,1,4,1,28,4,1,2,0,2,5,12,200500075367A01,1,1,2,
200500075367,2005-11-21,2005,novembre,lundi,08:45,75,75017,0,0,2,3,4,1,1,4,1,02,1,1,0,60,1,0,1,4,1,26,4,1,2,0,2,3,1,200500075367B01,1,12 / 1,2,
200500075367,2005-11-21,2005,novembre,lundi,08:45,75,75017,0,0,2,3,4,1,1,4,1,02,1,1,0,60,1,0,1,4,1,24,4,1,2,0,2,1,1,200500075367C01,1,12 / 1,2,
200500075370,2005-11-21,2005,novembre,lundi,17:50,75,75006,0,0,2,1,6,5,1,4,1,03,1,1,0,90,1,0,1,1,1,34,1,3,0,0,1,1,1,200500075370A01,,,,
200500075373,2005-11-21,2005,novembre,lundi,14:52,75,75008,0,0,2,4,6,1,1,4,1,01,1,1,0,30,1,0,1,4,1,47,4,3,0,1,0,1,13,200500075373A01,,,,
200500075388,2005-11-21,2005,novembre,lundi,18:30,75,75018,0,0,2,1,3,5,1,4,1,01,1,1,0,30,1,0,4,4,1,21,5,3,0,0,2,1,1,200500075388A01,7,9,1,
200500075405,2005-11-22,2005,novembre,mardi,13:00,75,75011,0,0,2,2,3,1,1,4,2,02,1,1,0,60,1,0,1,4,1,57,4,3,0,0,2,1,1,200500075405B01,7,1,1,
200500075414,2005-11-22,2005,novembre,mardi,12:15,75,75016,0,0,2,1,6,1,1,4,1,01,1,1,0,30,1,0,4,1,1,29,5,3,0,0,1,1,1,200500075414A01,,,,
200500075415,2005-11-22,2005,novembre,mardi,15:15,75,75016,0,0,2,1,3,1,1,4,1,05,1,1,0,150,1,0,1,4,1,38,5,3,0,0,2,5,14,200500075415A01,7,1,1,
200500075417,2005-11-22,2005,novembre,mardi,09:05,75,75018,0,0,2,1,3,1,1,4,2,06,1,1,0,180,1,0,1,4,2,30,4,3,0,0,2,6,1,200500075417B01,7,12,1,
200500075508,2005-11-27,2005,novembre,dimanche,23:25,75,75012,0,0,2,2,3,5,1,4,2,04,1,1,0,120,2,0,1,4,2,24,5,3,0,0,2,3,5,200500075508A01,7,1,1,
200500075517,2005-11-27,2005,novembre,dimanche,14:15,75,75016,0,0,2,1,5,1,1,4,2,02,1,1,0,60,2,0,1,4,2,53,5,3,0,0,2,6,19,200500075517B01,4 / 7,17 / 23,2,
200500075523,2005-11-28,2005,novembre,lundi,11:15,75,75002,0,0,2,2,3,1,1,4,2,02,1,1,0,60,2,0,1,4,1,39,9,3,0,0,2,1,16,200500075523B01,7,16,1,
200500075593,2005-11-30,2005,novembre,mercredi,10:00,75,75016,0,0,2,1,3,1,1,4,2,02,1,1,0,60,1,0,1,4,1,62,5,3,0,0,2,1,1,200500075593B01,7,10,1,
200500075598,2005-11-30,2005,novembre,mercredi,19:00,75,75019,0,0,2,1,6,5,1,4,1,01,1,1,0,30,1,0,1,1,1,38,5,3,0,0,1,1,5,200500075598A01,,,,
200500075637,2005-11-15,2005,novembre,mardi,17:45,76,76108,0,0,2,1,3,1,1,4,2,02,2,1,0,50,1,0,1,4,2,11,5,3,9,0,2,0,0,200500075637A01,7,1,1,200023414
200500075656,2005-11-14,2005,novembre,lundi,17:20,76,76498,0,0,2,1,3,2,1,4,2,04,2,1,0,80,1,0,1,3,1,13,5,3,0,0,2,7,19,200500075656A01,7,1,1,200023414
200500075673,2005-11-21,2005,novembre,lundi,08:25,76,76540,0,0,2,1,3,1,1,4,2,02,1,1,0,80,1,0,1,4,2,22,5,3,9,0,2,0,1,200500075673B01,7,15,1,200023414
200500075686,2005-11-23,2005,novembre,mercredi,15:23,77,77108,0,0,2,2,6,1,1,4,2,02,1,1,0,62,1,0,1,3,1,88,5,3,9,0,2,1,1,200500075686B01,7,1,1,200057958
200500075707,2005-11-17,2005,novembre,jeudi,17:55,77,77513,0,0,2,1,1,5,1,4,3,04,2,4,5,140,1,0,1,4,1,34,0,3,2,0,2,1,2,200500075707A01,7,2,1,200072130
200500075716,2005-11-02,2005,novembre,mercredi,21:20,77,77384,0,0,1,1,4,3,8,3,3,02,1,1,0,75,2,0,1,2,1,32,9,2,4,0,0,4,2,200500075716B01,99,2,1,200059228
200500075716,2005-11-02,2005,novembre,mercredi,21:20,77,77384,0,0,1,1,4,3,8,3,3,02,1,1,0,75,2,0,1,4,1,17,9,2,4,0,0,4,2,200500075716C01,99,2,1,200059228
200500075753,2005-11-21,2005,novembre,lundi,14:00,78,78172,0,0,2,3,1,1,1,4,2,02,1,1,0,55,1,0,1,4,1,14,0,3,2,0,2,1,13,200500075753B01,7,1,1,200059889
200500075760,2005-11-09,2005,novembre,mercredi,15:25,78,78208,0,0,2,1,3,1,1,4,2,02,1,1,5,70,1,0,1,4,2,9,5,1,2,0,2,1,19,200500075760A01,7,1,1,200058782
200500075761,2005-11-11,2005,novembre,vendredi,18:20,78,78397,0,0,1,1,3,3,1,3,2,02,1,1,0,60,1,0,1,4,1,44,5,1,4,0,2,8,1,200500075761B01,7,1,1,200033173
200500075763,2005-11-16,2005,novembre,mercredi,09:00,78,78397,0,0,2,1,3,1,8,3,2,02,1,1,0,60,2,0,1,4,1,15,9,2,9,0,2,3,15,200500075763A01,7,17,1,200033173
200500075772,2005-11-04,2005,novembre,vendredi,07:25,78,78124,0,0,2,2,3,2,2,3,2,02,1,1,0,72,2,0,1,3,2,23,1,2,2,0,2,1,2,200500075772B01,7,11,1,200058519
200500075794,2005-11-09,2005,novembre,mercredi,06:20,78,78123,0,0,2,2,3,5,2,3,2,04,1,1,0,140,2,5,1,4,1,42,0,1,9,0,2,3,15,200500075794B01,7,23,1,200059889
200500075795,2005-11-08,2005,novembre,mardi,18:30,78,78498,0,0,2,3,6,5,1,4,2,02,4,1,0,60,1,5,1,4,1,25,0,2,2,0,1,0,1,200500075795A01,,,,200059889
200500075812,2005-11-08,2005,novembre,mardi,08:50,78,78517,0,0,2,1,3,1,1,3,2,02,1,3,12,72,1,0,1,3,1,10,2,3,9,0,0,8,19,200500075812B01,7,1,1,200073344
200500075822,2005-11-23,2005,novembre,mercredi,17:00,78,78481,0,0,1,1,3,5,1,4,2,02,1,1,0,70,1,0,0,3,1,78,5,1,2,0,2,8,13,200500075822A01,5,17,1,200058519
200500075849,2005-11-09,2005,novembre,mercredi,13:45,78,78158,0,0,2,1,3,1,8,5,2,01,1,1,0,50,2,0,1,3,2,42,1,2,9,0,2,1,9,200500075849A01,7,1,1,247800584
200500075854,2005-11-22,2005,novembre,mardi,08:35,78,78646,0,0,2,3,3,1,1,4,2,03,1,1,0,110,1,0,1,4,1,48,5,1,2,0,2,8,15,200500075854B01,5,1,1,247800584
200500075882,2005-11-08,2005,novembre,mardi,16:55,80,80489,0,0,2,1,3,1,1,4,2,02,1,1,20,60,1,0,4,4,1,25,9,3,9,0,2,1,1,200500075882A01,7,1,1,248000531
200500075892,2005-11-25,2005,novembre,vendredi,07:15,80,80131,0,0,1,1,2,3,1,3,2,02,1,4,0,75,2,0,1,4,1,32,5,3,9,0,2,4,1,200500075892B01,7,1,1,248000531
200500075894,2005-11-25,2005,novembre,vendredi,11:55,80,80021,0,0,2,3,3,1,1,4,1,01,1,1,0,40,1,0,1,4,1,45,9,3,9,0,2,1,1,200500075894B01,7,15,1,248000531
200500075901,2005-11-15,2005,novembre,mardi,14:20,81,81144,0,0,1,6,3,1,1,2,1,02,1,2,0,0,1,5,1,3,1,69,5,3,9,0,2,1,0,200500075901B01,7,9,1,248100737
200500075912,2005-11-14,2005,novembre,lundi,16:45,82,82033,0,0,2,6,3,2,2,4,1,01,1,2,185,82,2,5,1,3,1,68,5,3,9,12,2,7,2,200500075912B01,7,9,1,200066322
200500075950,2005-11-21,2005,novembre,lundi,18:05,83,83126,0,0,2,1,6,2,1,3,3,04,1,1,0,0,1,0,1,1,1,24,1,1,2,0,1,1,1,200500075950A01,,,,248300543
200500075951,2005-11-02,2005,novembre,mercredi,07:15,83,83090,0,0,2,1,3,2,1,4,2,00,1,1,0,60,1,0,1,3,1,31,1,3,4,0,2,3,1,200500075951B01,7,1,1,248300543
200500075977,2005-11-11,2005,novembre,vendredi,19:55,83,83137,0,0,2,3,3,5,1,2,2,04,1,1,0,0,1,5,1,3,1,12,5,3,9,0,2,8,19,200500075977B01,7,1,1,248300543
200500076007,2005-11-21,2005,novembre,lundi,11:15,84,84007,0,0,2,2,3,1,6,2,3,05,1,1,30,170,1,0,1,4,1,24,5,3,9,0,2,7,19,200500076007A01,7,15,1,248400251
200500076010,2005-11-23,2005,novembre,mercredi,12:30,84,84007,0,0,2,6,3,1,1,3,1,02,1,3,15,70,1,5,1,3,2,61,1,3,9,0,2,1,1,200500076010B01,7,16,1,248400251
200500076031,2005-11-09,2005,novembre,mercredi,12:40,84,84087,0,0,2,6,3,1,8,4,1,00,1,2,0,0,2,5,1,4,1,38,1,2,2,0,2,8,1,200500076031B01,7,1,1,248400236