Num_Acc,date,an,mois,jour,hrmn,dep,com,lat,long,agg,int,col,lum,atm,catr,circ,nbv,prof,plan,lartpc,larrout,surf,infra,situ,grav,sexe,age,trajet,secuexist,equipement,obs,obsm,choc,manv,vehiculeid,typevehicules,manoeuvehicules,numVehicules,_infos_commune.code_epci
200500085617,2005-05-26,2005,mai,jeudi,20:06,973,97302,0,0,2,1,3,5,1,3,2,00,1,1,0,0,1,0,1,4,1,19,9,3,2,0,2,0,13,200500085617A01,7,7,1,249730045
200500085617,2005-05-26,2005,mai,jeudi,20:06,973,97302,0,0,2,1,3,5,1,3,2,00,1,1,0,0,1,0,1,4,1,23,0,3,2,0,2,0,13,200500085617A01,7,7,1,249730045
200500085622,2005-05-17,2005,mai,mardi,15:35,974,97407,0,0,2,1,6,1,1,4,1,01,1,1,0,40,1,0,1,4,1,15,5,3,9,1,0,1,2,200500085622A01,,,,249740101
200500085634,2005-05-11,2005,mai,mercredi,15:04,974,97411,0,0,2,1,1,1,1,4,2,02,1,1,0,60,1,0,1,4,1,5,5,2,2,0,2,1,1,200500085634B01,7,13,1,249740119
200500085646,2005-05-14,2005,mai,samedi,12:50,974,97411,0,0,2,1,3,1,1,4,2,02,2,1,0,60,1,0,1,4,1,14,5,2,2,0,2,3,15,200500085646A01,7,1,1,249740119
200500085648,2005-05-18,2005,mai,mercredi,17:00,974,97411,0,0,2,1,3,1,1,4,2,02,1,1,0,80,1,0,1,4,1,15,5,3,9,0,2,3,18,200500085648A01,7,14,1,249740119
200500085659,2005-05-27,2005,mai,vendredi,08:10,974,97416,0,0,2,1,3,1,1,4,2,02,1,1,0,60,1,0,1,4,1,13,5,3,9,0,2,2,17,200500085659B01,7,15,1,249740077
200500085680,2005-06-03,2005,juin,vendredi,19:15,971,97114,0,0,2,1,1,4,1,6,-1,00,1,-1,0,0,-1,0,1,4,1,12,5,3,0,0,0,7,19,200500085680A01,7,1,1,249710062
200500085773,2005-06-30,2005,juin,jeudi,17:15,973,97304,0,0,2,1,1,1,1,4,-1,00,1,1,0,50,1,0,1,3,1,6,0,3,0,0,2,7,15,200500085773B02,5,1,1,200027548
200500085776,2005-06-14,2005,juin,mardi,11:00,974,97416,0,0,1,9,1,1,1,3,2,00,2,4,0,50,1,0,1,2,2,48,5,1,2,0,2,8,2,200500085776B02,14,17,1,249740077
200500085784,2005-06-20,2005,juin,lundi,12:45,971,97107,0,0,2,1,1,1,1,2,2,02,1,1,0,56,1,0,1,3,1,15,5,3,9,0,2,8,19,200500085784B01,7,1,1,249710070
200500085805,2005-06-07,2005,juin,mardi,11:38,974,97407,0,0,2,2,3,1,1,4,2,02,1,1,0,75,1,5,1,4,1,14,5,2,9,0,2,1,2,200500085805A01,7,2,1,249740101
200500085808,2005-06-16,2005,juin,jeudi,13:55,974,97407,0,0,2,3,3,1,1,4,1,01,1,1,0,65,1,0,1,4,1,17,5,3,9,0,2,8,16,200500085808B01,7,2,1,249740101
200500085808,2005-06-16,2005,juin,jeudi,13:55,974,97407,0,0,2,3,3,1,1,4,1,01,1,1,0,65,1,0,1,4,2,16,0,3,9,0,2,8,16,200500085808B01,7,2,1,249740101
200500085826,2005-06-16,2005,juin,jeudi,16:15,974,97411,0,0,2,1,3,1,1,4,2,02,2,1,0,52,1,0,1,4,1,14,5,3,2,0,2,1,19,200500085826A01,7,1,1,249740119
200500085840,2005-06-05,2005,juin,dimanche,15:50,974,97416,0,0,2,1,3,1,1,4,2,02,1,1,0,80,1,0,1,4,1,71,0,3,9,0,2,1,1,200500085840B01,7,15,1,249740077
200500085960,2005-07-28,2005,juillet,jeudi,15:45,972,97214,0,0,1,1,1,1,1,3,2,02,2,3,0,65,1,0,1,3,1,18,5,3,0,0,2,1,13,200500085960B02,14,1,1,200041788
200500085968,2005-07-21,2005,juillet,jeudi,14:45,971,97107,0,0,2,3,3,1,1,2,2,02,1,1,0,62,1,0,1,3,1,17,5,3,0,0,2,3,19,200500085968A01,7,1,1,249710070
200500085970,2005-07-30,2005,juillet,samedi,07:00,971,97107,0,0,1,1,2,1,1,2,1,00,-1,2,0,47,1,0,1,2,1,40,5,3,0,0,0,0,0,200500085970B02,7,2,1,249710070
200500085990,2005-07-07,2005,juillet,jeudi,21:30,973,97311,0,0,2,1,2,5,3,3,2,02,-1,1,0,60,2,0,1,3,1,57,5,3,0,0,0,4,2,200500085990B02,7,2,1,249730037
200500085995,2005-07-28,2005,juillet,jeudi,18:30,974,97408,0,0,2,1,1,4,1,4,2,00,1,1,0,70,1,0,0,4,1,30,5,3,0,0,0,1,0,200500085995B02,7,15,1,249740101
200500086002,2005-07-07,2005,juillet,jeudi,16:30,974,97415,0,0,1,3,3,1,1,3,2,02,2,-1,0,70,1,5,1,3,1,25,5,3,0,0,2,1,16,200500086002B02,18,1,1,249740101
200500086069,2005-07-23,2005,juillet,samedi,18:30,974,97416,0,0,1,1,2,5,1,3,2,00,1,1,0,70,-1,0,0,3,1,20,5,2,9,0,2,4,1,200500086069A01,7,1,1,249740077
200500086077,2005-07-21,2005,juillet,jeudi,11:00,971,97107,0,0,2,1,6,1,1,4,2,01,1,1,0,40,1,0,1,1,1,15,5,3,9,0,1,1,2,200500086077A01,,,,249710070
200500086108,2005-07-20,2005,juillet,mercredi,10:47,974,97411,0,0,2,1,1,1,1,4,2,02,4,3,0,60,1,0,1,4,1,19,9,3,9,0,2,1,17,200500086108B01,7,1,1,249740119
200500086115,2005-07-24,2005,juillet,dimanche,13:04,974,97411,0,0,2,3,6,1,1,4,1,02,1,1,0,60,1,0,1,4,1,32,5,3,9,1,0,1,1,200500086115A01,,,,249740119
200500086155,2005-07-30,2005,juillet,samedi,02:35,972,97209,0,0,1,1,7,3,1,2,2,02,2,3,0,0,1,0,1,4,1,37,5,3,2,0,0,1,14,200500086155A01,,,,249720061
200500086166,2005-08-27,2005,août,samedi,23:45,972,97232,0,0,2,1,1,5,1,4,2,02,1,1,0,70,1,0,1,2,1,16,5,3,0,0,0,8,1,200500086166B02,5,5,1,249720053
200500086172,2005-08-26,2005,août,vendredi,07:45,972,97230,0,0,2,1,3,1,1,2,2,04,2,1,22,104,1,5,1,3,1,73,5,2,2,0,2,8,11,200500086172B02,7,11,1,200041788
200500086195,2005-08-10,2005,août,mercredi,12:30,971,97125,0,0,2,6,1,1,1,3,-1,02,1,-1,0,77,1,0,1,3,2,27,0,3,0,0,0,0,0,200500086195B02,7,9,1,200041507
200500086266,2005-08-30,2005,août,mardi,12:30,973,97304,0,0,2,1,3,1,1,4,2,02,1,1,0,60,1,0,1,4,2,40,1,3,0,0,2,8,19,200500086266B02,7,4,1,200027548
200500086286,2005-08-12,2005,août,vendredi,13:45,972,97209,0,0,1,1,7,1,1,4,2,02,1,1,0,40,1,0,1,4,1,10,5,3,2,0,0,1,0,200500086286A01,7,0,1,249720061
200500086294,2005-08-29,2005,août,lundi,17:26,972,97209,0,0,2,1,3,1,1,4,1,03,1,1,0,50,1,0,1,3,1,20,9,2,2,0,0,5,5,200500086294A01,7,0,1,249720061
200500086300,2005-08-15,2005,août,lundi,14:10,974,97407,0,0,2,1,3,1,1,4,2,02,1,1,0,69,1,0,1,3,1,15,5,3,9,0,2,1,19,200500086300A01,7,2,1,249740101
200500086306,2005-08-02,2005,août,mardi,13:30,974,97411,0,0,2,1,6,1,1,2,2,06,1,1,140,120,1,0,5,4,1,26,9,3,9,14,0,1,2,200500086306B01,7,2,1,249740119
200500086319,2005-08-22,2005,août,lundi,18:20,974,97411,0,0,2,1,1,2,1,4,2,02,2,1,0,70,1,0,1,4,1,35,1,3,2,0,2,1,13,200500086319A01,7,1,1,249740119
200500086320,2005-08-30,2005,août,mardi,15:55,974,97411,0,0,2,1,2,1,1,2,3,06,2,1,40,90,1,0,1,3,1,14,5,2,2,0,2,1,2,200500086320B01,7,1,1,249740119
200500086331,2005-08-18,2005,août,jeudi,16:00,974,97416,0,0,2,3,3,1,1,4,2,02,1,1,0,60,1,0,1,4,1,35,0,3,9,0,2,2,1,200500086331B01,7,15,1,249740077
200500086358,2005-09-18,2005,septembre,dimanche,07:30,971,97114,0,0,1,1,2,1,1,2,2,03,1,1,12,180,1,0,1,3,1,52,0,1,2,0,0,4,0,200500086358B02,7,0,1,249710062
200500086366,2005-09-04,2005,septembre,dimanche,06:45,971,97125,0,0,1,1,2,1,7,2,2,00,1,1,0,0,1,0,1,4,1,50,5,1,2,0,2,4,1,200500086366C03,7,1,1,200041507
200500086436,2005-09-28,2005,septembre,mercredi,15:30,973,97304,0,0,2,1,3,1,1,4,2,02,1,1,0,61,1,0,1,4,1,10,5,3,0,0,2,8,15,200500086436A01,7,17,1,200027548
200500086436,2005-09-28,2005,septembre,mercredi,15:30,973,97304,0,0,2,1,3,1,1,4,2,02,1,1,0,61,1,0,1,3,1,8,0,3,0,0,2,8,15,200500086436A01,7,17,1,200027548
200500086625,2005-09-02,2005,septembre,vendredi,18:05,971,97113,0,0,1,1,1,3,1,4,2,02,2,3,0,52,1,0,1,3,1,15,9,3,2,0,2,1,1,200500086625B01,7,13,1,200041507
200500086635,2005-09-17,2005,septembre,samedi,11:20,971,97120,0,0,2,1,6,1,1,4,1,01,1,1,0,65,1,0,1,4,1,80,5,3,0,0,2,1,0,200500086635B01,7,0,1,200018653
200500086672,2005-09-19,2005,septembre,lundi,11:10,974,97407,0,0,2,6,3,1,1,4,1,02,1,2,45,70,1,5,1,4,1,42,5,2,9,0,2,7,2,200500086672B01,7,2,1,249740101
200500086680,2005-09-03,2005,septembre,samedi,19:10,974,97411,0,0,2,1,3,5,2,4,2,02,1,1,0,60,-1,0,1,4,1,12,5,3,9,0,2,3,19,200500086680B01,7,21,1,249740119
200500086687,2005-09-12,2005,septembre,lundi,17:10,974,97411,0,0,2,2,3,1,1,4,2,04,1,1,0,100,1,0,1,4,1,42,5,3,9,0,2,8,1,200500086687A01,10,1,1,249740119
200500086691,2005-09-19,2005,septembre,lundi,20:01,974,97411,0,0,2,1,3,5,1,4,2,02,2,2,0,87,1,0,1,4,1,12,9,3,2,0,2,1,5,200500086691A01,7,1,1,249740119
200500086692,2005-09-20,2005,septembre,mardi,18:52,974,97411,0,0,2,1,3,5,1,4,2,02,2,1,0,72,1,0,1,4,1,17,5,3,2,0,2,1,1,200500086692B01,7,11,1,249740119
200500086767,2005-09-29,2005,septembre,jeudi,07:30,971,97107,0,0,2,2,3,1,1,4,2,02,1,1,0,58,1,0,1,3,1,15,9,3,9,0,2,1,19,200500086767A01,7,1,1,249710070
200500086775,2005-06-09,2005,juin,jeudi,18:38,973,97302,0,0,2,2,5,2,7,3,2,02,-1,-1,0,0,-1,0,1,4,1,19,9,3,2,0,2,0,1,200500086775B01,7,0 / 1,2,249730045
200500086785,2005-06-20,2005,juin,lundi,11:59,973,97302,0,0,2,1,2,1,9,4,2,00,1,1,0,69,1,0,1,3,1,14,9,3,9,0,2,1,2,200500086785A01,7,2,1,249730045
200500086788,2005-06-24,2005,juin,vendredi,12:21,973,97302,0,0,2,6,2,1,1,4,2,00,1,1,15,75,1,0,0,3,1,19,9,3,9,0,2,1,2,200500086788A01,7,2,1,249730045
200500086789,2005-06-26,2005,juin,dimanche,07:25,973,97302,0,0,2,6,2,1,1,4,2,00,-1,3,0,87,1,0,0,4,1,49,0,3,9,0,2,4,2,200500086789B01,7,2,1,249730045
200500086795,2005-06-24,2005,juin,vendredi,08:40,973,97302,0,0,2,1,3,1,1,4,-1,02,1,1,0,60,1,0,1,4,1,26,9,3,9,0,2,4,1,200500086795B01,7,9,1,249730045
200500086813,2005-10-04,2005,octobre,mardi,12:10,972,97209,0,0,1,1,2,1,1,4,2,02,1,1,0,500,1,0,1,4,1,15,9,2,2,0,0,1,0,200500086813A01,7,0,1,249720061
200500086845,2005-10-06,2005,octobre,jeudi,11:20,974,97407,0,0,2,1,7,1,1,4,2,02,1,1,0,65,1,0,1,4,1,40,5,2,9,0,0,0,2,200500086845A01,,,,249740101
200500086855,2005-10-29,2005,octobre,samedi,10:15,974,97407,0,0,2,1,2,1,1,4,1,01,-1,1,0,65,1,0,1,4,1,32,5,3,9,0,2,4,2,200500086855B01,7,2,1,249740101
200500086860,2005-10-07,2005,octobre,vendredi,15:00,974,97411,0,0,2,1,3,1,1,2,1,03,1,1,0,90,1,0,1,4,1,17,5,3,2,0,2,1,19,200500086860A01,7,1,1,249740119
200500086932,2005-10-28,2005,octobre,vendredi,10:50,972,97212,0,0,2,1,7,1,1,4,-1,00,4,-1,0,47,1,0,0,3,1,17,5,3,0,11,0,1,0,200500086932A01,,,,200041788
200500086934,2005-10-03,2005,octobre,lundi,19:00,972,97201,0,0,1,1,3,5,1,4,2,02,2,-1,0,50,1,0,1,3,1,8,5,3,0,0,2,8,19,200500086934B02,4,1,1,200041788
200500087024,2005-10-18,2005,octobre,mardi,12:15,973,97304,0,0,2,1,1,1,1,9,2,01,-1,1,0,0,1,0,1,3,1,48,1,3,0,0,2,8,15,200500087024B02,7,1,1,200027548
200500087028,2005-10-20,2005,octobre,jeudi,19:15,974,97451,0,0,2,1,1,3,1,3,2,02,1,1,0,62,1,0,1,2,1,21,5,3,0,0,2,1,1,200500087028B02,7,17,1,
200500087039,2005-07-19,2005,juillet,mardi,10:30,973,97302,0,0,2,6,1,1,1,4,1,01,1,2,0,55,1,5,1,4,1,26,0,3,9,0,2,1,5,200500087039A01,7,1,1,249730045
200500087059,2005-08-01,2005,août,lundi,19:50,973,97302,0,0,2,1,6,3,1,4,2,00,1,4,0,77,1,0,1,4,1,12,0,3,9,0,2,1,1,200500087059A01,7,17,1,249730045
200500087083,2005-08-17,2005,août,mercredi,15:30,973,97302,0,0,1,3,3,1,1,4,2,02,1,1,0,79,1,0,1,4,1,24,0,3,2,0,2,4,1,200500087083B01,15,9,1,249730045
200500087092,2005-09-01,2005,septembre,jeudi,13:15,973,97302,0,0,2,1,3,1,1,4,1,02,1,1,0,60,1,0,1,4,1,60,0,3,9,0,2,1,2,200500087092B01,7,2,1,249730045
200500087099,2005-09-08,2005,septembre,jeudi,15:47,973,97302,0,0,2,1,1,1,1,4,2,01,1,1,24,75,1,0,0,4,1,13,0,3,9,0,0,1,1,200500087099A01,2,1,1,249730045
200500087104,2005-09-13,2005,septembre,mardi,08:50,973,97302,0,0,2,3,2,1,1,2,1,02,1,2,0,95,1,0,1,4,1,22,0,3,9,0,2,0,1,200500087104B01,7,1,1,249730045
200500087118,2005-09-16,2005,septembre,vendredi,08:35,973,97302,0,0,2,1,2,1,1,4,2,01,1,-1,15,78,1,0,0,4,1,41,0,3,9,0,9,4,5,200500087118B01,2,5,1,249730045
200500087127,2005-09-20,2005,septembre,mardi,13:15,973,97302,0,0,2,1,1,1,1,4,2,01,3,-1,0,0,1,0,1,4,2,18,0,3,2,0,9,0,0,200500087127A01,2,0,1,249730045
200500087132,2005-09-28,2005,septembre,mercredi,07:45,973,97302,0,0,1,3,2,1,1,4,2,01,2,1,0,67,1,0,1,4,1,15,0,3,9,0,2,0,1,200500087132B01,7,0,1,249730045
200500087142,2005-09-25,2005,septembre,dimanche,19:20,973,97302,0,0,2,1,6,4,1,4,2,01,1,1,0,73,1,0,1,4,1,11,0,3,2,0,9,1,0,200500087142B01,2,0,1,249730045
200500087186,2005-11-11,2005,novembre,vendredi,16:00,974,97409,0,0,2,1,3,1,1,3,2,02,1,1,0,60,9,0,1,3,1,54,5,3,0,0,2,7,15,200500087186B02,7,1,1,249740093
200500087191,2005-11-21,2005,novembre,lundi,18:00,974,97415,0,0,2,1,2,1,1,9,2,00,1,1,0,0,1,0,1,3,1,66,5,2,2,0,2,4,2,200500087191B02,7,2,1,249740101
200500087262,2005-11-06,2005,novembre,dimanche,21:25,971,97107,0,0,2,1,1,5,1,4,2,01,2,-1,0,50,1,0,1,3,1,16,5,2,4,0,2,1,1,200500087262B01,7,13,1,249710070
200500087263,2005-11-24,2005,novembre,jeudi,10:45,971,97107,0,0,2,2,1,1,1,4,2,01,1,1,0,50,1,0,1,3,1,20,9,2,2,0,2,1,1,200500087263B01,7,1,1,249710070
200500087322,2005-11-30,2005,novembre,mercredi,12:30,972,97209,0,0,2,2,7,1,1,3,2,02,1,1,0,50,1,0,1,4,1,31,9,3,2,16,0,1,2,200500087322B01,7,21,1,249720061
200500087329,2005-11-15,2005,novembre,mardi,18:00,974,97407,0,0,2,1,2,1,1,4,1,01,1,1,0,65,1,0,1,4,1,76,5,3,9,0,2,4,2,200500087329B01,7,2,1,249740101
200500087335,2005-11-26,2005,novembre,samedi,17:45,974,97407,0,0,2,1,1,1,1,4,2,02,1,1,0,65,1,0,1,3,1,50,5,3,9,0,2,1,2,200500087335B01,2,13,1,249740101
200500087336,2005-11-03,2005,novembre,jeudi,16:10,974,97409,0,0,1,9,2,1,1,2,3,00,1,1,0,0,1,3,1,3,1,62,5,1,2,0,2,4,1,200500087336B01,7,9,1,249740093
200500087421,2005-12-18,2005,décembre,dimanche,08:15,972,97221,0,0,1,1,1,1,1,2,3,02,1,1,0,70,1,3,1,3,1,19,5,1,2,0,0,4,1,200500087421B02,7,14,1,249720053
200500087434,2005-12-15,2005,décembre,jeudi,07:45,971,97127,0,0,2,1,1,1,1,3,2,02,1,1,0,80,9,0,1,4,1,33,5,3,0,0,2,1,1,200500087434B02,7,15,1,
200500087448,2005-12-31,2005,décembre,samedi,23:45,971,97119,0,0,2,1,1,5,1,2,-1,02,1,1,0,65,1,0,1,3,1,15,5,3,0,0,2,7,19,200500087448B02,7,1,1,200044691
200500087465,2005-12-12,2005,décembre,lundi,18:45,974,97420,0,0,2,1,1,1,1,4,2,00,2,-1,0,0,1,0,1,3,1,23,5,3,0,0,2,1,1,200500087465B02,7,13,1,249740119
200500087467,2005-12-15,2005,décembre,jeudi,18:15,974,97410,0,0,1,1,1,2,1,3,2,02,1,4,0,45,1,2,1,3,1,50,5,3,0,0,2,1,1,200500087467B02,7,1,1,249740093
200500087480,2005-12-08,2005,décembre,jeudi,07:50,974,97449,0,0,2,1,1,1,1,2,2,02,-1,1,0,62,1,0,1,3,1,25,5,1,2,0,2,1,1,200500087480A01,7,15,1,
200500087480,2005-12-08,2005,décembre,jeudi,07:50,974,97449,0,0,2,1,1,1,1,2,2,02,-1,1,0,62,1,0,1,3,2,57,5,3,0,0,2,1,1,200500087480A01,7,15,1,
200500087532,2005-12-11,2005,décembre,dimanche,15:45,974,97415,0,0,1,1,3,1,1,3,2,01,2,3,0,50,1,0,1,3,1,18,5,3,0,0,2,1,13,200500087532A01,7,1,1,249740101
200500087556,2005-04-07,2005,avril,jeudi,16:45,972,97209,0,0,2,1,1,1,1,3,2,02,2,1,0,0,1,0,1,4,1,34,9,3,2,0,2,1,1,200500087556B01,7,15,1,249720061
200500087626,2005-05-29,2005,mai,dimanche,08:40,972,97209,0,0,2,1,1,1,1,2,3,06,1,2,0,0,1,0,1,4,1,35,9,3,4,0,2,1,1,200500087626B01,7,9,1,249720061
200500087638,2005-06-12,2005,juin,dimanche,10:25,972,97209,0,0,2,1,6,1,1,4,1,01,1,1,0,0,1,0,1,3,1,43,9,3,4,0,2,4,1,200500087638B01,7,15,1,249720061
200500087643,2005-06-19,2005,juin,dimanche,06:15,972,97209,0,0,1,1,6,1,1,2,2,02,2,1,0,120,1,0,1,3,1,37,5,1,2,0,2,1,1,200500087643B01,7,13,1,249720061
200500087670,2005-09-07,2005,septembre,mercredi,17:30,972,97213,0,0,2,3,3,1,1,4,2,02,1,1,0,80,1,0,1,3,1,13,5,2,2,0,2,8,15,200500087670B01,7,1,1,249720061
200500087719,2005-10-15,2005,octobre,samedi,09:00,973,97302,0,0,2,3,6,1,1,4,2,01,1,1,0,0,1,0,1,4,1,16,0,3,2,0,0,1,0,200500087719B01,7,0,1,249730045
200500087720,2005-10-08,2005,octobre,samedi,09:09,973,97302,0,0,2,1,2,1,1,4,2,01,1,1,0,0,1,0,1,4,1,29,0,3,2,0,9,4,0,200500087720B01,2,0,1,249730045
200500087722,2005-10-01,2005,octobre,samedi,07:50,973,97302,0,0,2,3,6,1,9,4,2,01,1,1,0,0,1,0,1,4,2,36,0,3,2,0,9,2,0,200500087722B01,7,0,1,249730045
200500087723,2005-10-04,2005,octobre,mardi,18:35,973,97302,0,0,2,3,3,5,1,4,2,01,1,-1,0,0,1,0,1,4,1,41,0,3,2,0,2,3,0,200500087723B01,7,0,1,249730045
200500087727,2005-10-12,2005,octobre,mercredi,20:20,973,97302,0,0,2,1,6,5,1,4,1,01,1,-1,0,70,1,0,1,4,1,14,0,2,2,0,9,0,0,200500087727B01,2,0,1,249730045
200500087732,2005-10-21,2005,octobre,vendredi,13:28,973,97302,0,0,1,1,6,1,1,4,2,01,1,1,0,70,1,0,1,4,1,33,0,3,2,0,0,1,0,200500087732A01,,,,249730045
200500087732,2005-10-21,2005,octobre,vendredi,13:28,973,97302,0,0,1,1,6,1,1,4,2,01,1,1,0,70,1,0,1,4,2,3,0,3,9,0,0,1,0,200500087732A01,,,,249730045
200500087740,2005-10-14,2005,octobre,vendredi,16:43,973,97302,0,0,2,1,4,1,1,4,2,01,1,1,23,12,1,0,1,4,1,9,0,3,9,0,2,1,0,200500087740A01,5 / 7,0,2,249730045
200500087749,2005-11-06,2005,novembre,dimanche,20:10,973,97302,0,0,2,3,3,5,1,4,3,01,1,1,0,90,1,0,1,4,1,14,0,3,2,0,2,1,0,200500087749A01,7,0,1,249730045
200500087750,2005-11-12,2005,novembre,samedi,18:15,973,97302,0,0,2,1,6,5,1,4,2,01,1,1,0,810,1,0,1,4,1,39,0,3,2,0,2,0,0,200500087750B01,7,0,1,249730045
200500087752,2005-11-09,2005,novembre,mercredi,07:02,973,97302,0,0,2,3,2,1,1,4,2,01,1,-1,0,0,1,0,1,4,1,16,0,3,2,0,2,4,0,200500087752B01,7,0,1,249730045
200500087755,2005-10-25,2005,octobre,mardi,16:40,973,97302,0,0,2,1,6,1,1,4,3,01,1,1,0,68,1,0,1,4,1,16,0,3,2,0,9,1,5,200500087755B01,,,,249730045
200500087761,2005-11-04,2005,novembre,vendredi,19:15,973,97302,0,0,2,1,6,5,1,4,1,01,1,1,0,82,1,0,1,4,1,17,0,3,2,0,2,1,0,200500087761B01,7,0,1,249730045
200500087766,2005-11-17,2005,novembre,jeudi,12:16,973,97302,0,0,2,1,1,1,1,4,3,01,1,1,11,29,1,0,1,4,2,12,0,3,2,0,2,1,0,200500087766A01,7,0,1,249730045
200500087777,2005-11-23,2005,novembre,mercredi,15:20,973,97302,0,0,2,1,1,1,1,4,-1,01,1,3,0,0,1,5,1,4,1,11,0,3,2,0,2,1,5,200500087777A01,7,0,1,249730045
200500087780,2005-11-18,2005,novembre,vendredi,07:30,973,97302,0,0,2,1,3,1,1,4,2,01,1,-1,0,70,1,0,1,4,1,7,0,3,2,0,2,4,0,200500087780B01,7,0,1,249730045
200500087836,2005-12-28,2005,décembre,mercredi,15:05,972,97209,0,0,2,1,7,1,1,4,2,02,2,3,0,80,1,0,1,4,1,28,5,1,2,0,0,1,14,200500087836A01,,,,249720061
200500087863,2005-12-09,2005,décembre,vendredi,16:50,972,97224,0,0,2,1,6,2,1,3,2,02,-1,-1,0,0,1,0,1,1,1,16,5,3,9,0,1,1,1,200500087863A01,,,,249720061
200500087863,2005-12-09,2005,décembre,vendredi,16:50,972,97224,0,0,2,1,6,2,1,3,2,02,-1,-1,0,0,1,0,1,4,2,22,9,3,0,0,1,1,1,200500087863A01,,,,249720061
200500087878,2005-12-26,2005,décembre,lundi,10:55,973,97302,0,0,2,3,2,1,1,4,2,01,1,1,0,119,1,0,1,4,1,7,0,3,2,0,2,1,0,200500087878B01,7,0,1,249730045
200500087885,2005-12-22,2005,décembre,jeudi,20:11,973,97302,0,0,2,2,3,5,1,4,2,01,1,-1,0,100,1,0,1,4,1,34,0,3,9,0,2,1,0,200500087885B01,7,0,1,249730045
200500087892,2005-12-25,2005,décembre,dimanche,16:45,973,97302,0,0,2,3,3,1,1,4,1,01,1,2,0,0,1,0,1,4,1,33,0,3,9,0,2,0,5,200500087892A01,7,0,1,249730045
200500087915,2005-12-16,2005,décembre,vendredi,18:55,974,97407,0,0,2,3,5,2,1,4,2,02,1,1,0,55,1,0,1,3,1,15,5,2,9,0,2,1,15,200500087915A01,7 / 13,2,2,249740101
200600000004,2006-01-10,2006,janvier,mardi,16:25,01,01053,0,0,2,1,3,2,8,4,2,02,1,1,0,80,2,0,1,4,1,13,2,2,9,0,2,6,19,200600000004B01,7,1,1,200071751
200600000023,2006-01-23,2006,janvier,lundi,14:10,03,03185,0,0,2,3,1,1,7,4,2,02,1,1,0,49,1,0,1,3,1,64,5,2,9,0,2,1,1,200600000023B01,7,15,1,200071082
200600000028,2006-01-24,2006,janvier,mardi,09:08,03,03321,0,0,2,3,7,1,1,4,2,02,1,2,0,59,1,0,1,3,1,70,5,3,9,0,0,0,21,200600000028B01,7,15,1,200071140
200600000059,2006-01-16,2006,janvier,lundi,14:15,06,06004,0,0,1,1,2,1,1,3,2,01,1,1,0,60,1,0,1,3,1,72,5,1,2,14,0,1,2,200600000059A01,18,24,1,240600585
200600000068,2006-01-10,2006,janvier,mardi,09:30,06,06123,0,0,2,1,2,1,1,4,1,04,1,1,0,118,1,0,1,4,1,68,5,3,9,0,2,4,1,200600000068B01,7,13,1,200030195
200600000280,2006-01-22,2006,janvier,dimanche,10:55,08,08409,0,0,2,3,1,1,1,3,2,03,1,1,0,128,1,0,1,3,1,63,5,3,4,0,2,1,1,200600000280B01,7,19,1,200041630
200600000286,2006-01-09,2006,janvier,lundi,22:05,10,10060,0,0,2,1,6,3,1,2,2,02,1,1,0,80,1,0,1,3,1,45,5,3,9,0,0,1,1,200600000286B01,7,1,1,200069250
200600000289,2006-01-16,2006,janvier,lundi,17:40,10,10333,0,0,2,1,3,5,1,4,2,02,1,1,0,68,-1,0,1,1,1,16,5,3,9,0,0,0,9,200600000289A01,2,17,1,200069250
200600000298,2006-01-20,2006,janvier,vendredi,15:50,12,12145,0,0,2,1,3,1,1,4,4,02,1,1,16,87,1,0,5,3,2,56,5,1,9,0,2,1,1,200600000298B01,7,1,1,241200567
200600000314,2006-01-25,2006,janvier,mercredi,10:40,13,13004,0,0,2,1,3,1,1,4,2,01,1,1,0,94,1,0,1,4,1,20,5,3,9,0,2,8,15,200600000314B01,7,17,1,241300417
200600000357,2006-01-09,2006,janvier,lundi,08:15,13,13055,0,0,2,1,2,1,1,4,2,02,-1,1,0,0,2,1,0,4,1,30,0,1,2,0,0,9,0,200600000357B01,7,0,1,200054807
200600000441,2006-01-23,2006,janvier,lundi,16:40,13,13055,0,0,2,1,3,1,1,4,2,00,1,1,0,100,1,0,1,1,1,12,5,3,9,1,2,3,15,200600000441A01,4,1,1,200054807
200600000483,2006-01-15,2006,janvier,dimanche,16:00,13,13055,0,0,2,1,6,1,1,4,1,01,1,1,0,75,1,0,1,3,2,40,0,3,9,0,2,0,0,200600000483B01,7,22,1,200054807
200600000509,2006-01-06,2006,janvier,vendredi,07:45,13,13055,0,0,2,1,7,2,8,4,2,01,2,1,0,25,2,0,1,4,1,16,2,3,0,0,0,0,1,200600000509A01,,,,200054807
200600000527,2006-01-09,2006,janvier,lundi,12:00,13,13055,0,0,2,3,3,1,1,4,2,00,1,-1,0,120,-1,0,1,4,1,44,0,3,2,0,2,1,0,200600000527B01,7,15,1,200054807
200600000565,2006-01-03,2006,janvier,mardi,16:40,13,13055,0,0,2,3,3,1,1,4,-1,01,1,-1,0,0,1,0,1,3,1,34,0,3,0,0,2,7,1,200600000565B01,7,9,1,200054807
200600000567,2006-01-24,2006,janvier,mardi,12:30,13,13055,0,0,2,1,3,1,1,4,2,02,1,1,0,0,1,0,1,3,1,63,5,2,2,0,0,1,18,200600000567B01,4,3,1,200054807
200600000575,2006-01-05,2006,janvier,jeudi,08:00,13,13039,0,0,1,1,4,1,4,2,2,02,1,1,0,60,1,0,2,4,1,37,5,1,2,0,0,4,2,200600000575C01,2,2,1,200054807