Num_Acc,date,an,mois,jour,hrmn,dep,com,lat,long,agg,int,col,lum,atm,catr,circ,nbv,prof,plan,lartpc,larrout,surf,infra,situ,grav,sexe,age,trajet,secuexist,equipement,obs,obsm,choc,manv,vehiculeid,typevehicules,manoeuvehicules,numVehicules,_infos_commune.code_epci
200600000575,2006-01-05,2006,janvier,jeudi,08:00,13,13039,0,0,1,1,4,1,4,2,2,02,1,1,0,60,1,0,2,4,1,62,0,1,2,0,0,4,2,200600000575B01,2,2,1,200054807
200600000618,2006-01-03,2006,janvier,mardi,14:00,14,14366,0,0,2,1,3,1,1,4,2,03,1,1,0,125,1,0,4,3,2,51,1,3,0,0,2,1,1,200600000618A01,7,23,1,200069532
200600000631,2006-01-27,2006,janvier,vendredi,12:10,17,17299,0,0,2,1,2,1,1,4,2,02,2,1,0,75,1,0,1,4,1,55,1,1,2,0,2,6,2,200600000631A01,7,23,1,200041762
200600000634,2006-01-06,2006,janvier,vendredi,07:50,17,17300,0,0,2,1,2,5,1,4,2,02,1,1,0,60,1,0,1,4,2,20,9,1,9,0,2,6,13,200600000634B01,7,1,1,241700434
200600000635,2006-01-06,2006,janvier,vendredi,07:55,17,17300,0,0,2,1,3,1,1,4,2,00,1,1,0,0,1,0,1,3,1,13,2,1,2,0,2,7,19,200600000635A01,7,1,1,241700434
200600000635,2006-01-06,2006,janvier,vendredi,07:55,17,17300,0,0,2,1,3,1,1,4,2,00,1,1,0,0,1,0,1,3,1,14,0,1,9,0,2,7,19,200600000635A01,7,1,1,241700434
200600000636,2006-01-06,2006,janvier,vendredi,09:30,17,17300,0,0,2,3,3,1,1,4,2,02,1,1,0,52,1,0,1,4,2,57,1,3,9,0,2,1,1,200600000636A01,7,0,1,241700434
200600000660,2006-01-05,2006,janvier,jeudi,13:30,17,17300,0,0,2,1,3,1,1,4,2,01,1,1,0,60,1,0,1,4,1,19,1,2,9,0,2,8,1,200600000660A01,7,0,1,241700434
200600000670,2006-01-13,2006,janvier,vendredi,07:50,18,18205,0,0,2,3,3,5,2,3,-1,00,1,1,0,50,2,0,1,4,1,16,2,3,9,0,2,0,23,200600000670B01,7,15,1,241800507
200600000686,2006-01-04,2006,janvier,mercredi,18:25,19,19031,0,0,2,3,3,5,1,4,2,02,1,1,0,59,1,0,1,4,2,85,5,2,2,0,2,1,1,200600000686B01,7,15,1,200043172
200600000700,2006-01-10,2006,janvier,mardi,16:05,19,19272,0,0,2,1,6,1,1,4,1,01,1,1,0,50,1,7,1,3,1,57,5,1,2,1,2,0,17,200600000700B01,7,17,1,241927201
200600000708,2006-01-04,2006,janvier,mercredi,09:36,21,21231,0,0,2,6,3,1,8,3,2,04,1,3,17,210,1,5,1,4,1,21,2,3,2,0,2,1,1,200600000708B01,7,1,1,242100410
200600000710,2006-01-10,2006,janvier,mardi,07:20,21,21231,0,0,2,6,3,5,1,4,2,04,1,1,0,120,1,5,1,3,1,41,1,3,2,0,2,1,15,200600000710B01,7,16,1,242100410
200600000718,2006-01-22,2006,janvier,dimanche,18:50,21,21231,0,0,2,1,3,5,1,2,2,03,1,1,0,102,1,0,1,3,2,57,5,3,2,0,2,1,0,200600000718A01,7,1,1,242100410
200600000725,2006-01-18,2006,janvier,mercredi,13:30,22,22360,0,0,2,3,6,1,1,4,2,02,1,3,0,68,1,0,1,3,1,14,5,3,9,0,2,1,13,200600000725A01,7,13,1,200069409
200600000726,2006-01-20,2006,janvier,vendredi,13:25,22,22360,0,0,2,2,6,1,2,4,2,20,1,1,0,70,2,5,1,3,1,33,1,3,9,0,2,1,9,200600000726B01,7,9,1,200069409
200600000912,2006-01-10,2006,janvier,mardi,18:30,31,31555,0,0,2,1,3,5,1,4,1,02,1,1,0,73,1,0,1,3,2,59,9,3,2,0,2,1,1,200600000912B01,7,24,1,243100518
200600000918,2006-01-13,2006,janvier,vendredi,07:00,31,31555,0,0,2,1,6,5,1,4,2,02,1,1,0,54,1,0,1,4,1,32,1,3,2,9,0,1,1,200600000918A01,,,,243100518
200600000921,2006-01-13,2006,janvier,vendredi,10:20,31,31555,0,0,2,1,3,1,1,4,2,01,1,1,0,112,1,0,1,4,2,24,0,3,2,0,2,1,1,200600000921B01,7,15,1,243100518
200600000939,2006-01-19,2006,janvier,jeudi,07:13,31,31555,0,0,2,1,3,5,1,4,1,02,1,1,0,72,1,0,1,3,2,73,5,3,2,0,2,1,1,200600000939B01,10,0,1,243100518
200600000944,2006-01-20,2006,janvier,vendredi,13:50,31,31555,0,0,2,1,6,1,1,4,1,02,1,1,0,72,1,0,1,4,1,26,0,3,2,0,2,1,0,200600000944B01,,,,243100518
200600000970,2006-01-31,2006,janvier,mardi,19:20,31,31555,0,0,2,3,3,5,1,4,2,02,2,1,0,68,1,0,1,4,1,28,4,3,2,0,2,8,1,200600000970B01,7,15,1,243100518
200600000984,2006-01-02,2006,janvier,lundi,15:25,33,33119,0,0,2,1,3,1,1,4,3,02,1,1,0,300,1,0,1,4,1,50,0,3,2,0,2,6,13,200600000984B01,18,1,1,243300316
200600000988,2006-01-06,2006,janvier,vendredi,16:40,33,33063,0,0,2,5,3,1,8,4,1,03,1,2,0,0,1,0,1,4,1,59,0,3,9,0,2,8,11,200600000988B01,7,1,1,243300316
200600000997,2006-01-09,2006,janvier,lundi,09:00,33,33063,0,0,2,3,3,1,2,4,1,02,1,1,0,80,2,0,1,3,2,36,1,3,9,0,2,1,5,200600000997A01,7,1,1,243300316
200600001025,2006-01-17,2006,janvier,mardi,17:05,33,33063,0,0,2,1,2,1,2,4,1,01,1,1,0,115,2,0,5,4,1,16,1,3,9,1,0,1,1,200600001025A01,7,24,1,243300316
200600001032,2006-01-20,2006,janvier,vendredi,17:00,33,33063,0,0,2,1,3,1,8,4,1,01,1,1,0,61,1,0,1,4,2,52,0,3,9,1,0,1,1,200600001032B01,7,22,1,243300316
200600001046,2006-01-23,2006,janvier,lundi,07:40,33,33063,0,0,2,7,3,1,1,4,2,02,1,1,0,0,1,0,1,4,2,23,1,3,4,0,2,8,15,200600001046A01,7,1,1,243300316
200600001057,2006-01-23,2006,janvier,lundi,07:10,33,33550,0,0,2,3,3,2,1,4,2,02,1,1,0,60,1,0,1,4,1,47,1,3,9,0,2,2,1,200600001057B01,7,15,1,243300316
200600001096,2006-01-21,2006,janvier,samedi,13:50,34,34032,0,0,2,1,7,1,1,4,2,03,1,1,0,90,1,0,1,4,1,17,0,2,4,0,2,1,1,200600001096B01,10,23,1,243400769
200600001125,2006-01-18,2006,janvier,mercredi,17:05,34,34172,0,0,2,1,3,1,1,4,2,02,2,1,0,60,1,0,1,4,1,11,5,2,4,0,2,8,10,200600001125A01,7,1,1,243400017
200600001150,2006-01-03,2006,janvier,mardi,08:00,35,35238,0,0,2,3,2,5,2,4,2,03,1,1,0,90,2,0,1,3,2,21,2,2,9,0,2,1,2,200600001150A01,7,2,1,243500139
200600001177,2006-01-18,2006,janvier,mercredi,12:40,35,35238,0,0,2,2,3,1,1,4,2,02,1,-1,0,60,2,0,1,4,1,50,0,3,9,0,2,1,0,200600001177B01,7,9,1,243500139
200600001183,2006-01-21,2006,janvier,samedi,18:10,35,35238,0,0,2,2,3,5,1,4,1,01,1,1,0,30,1,0,1,4,1,14,0,3,9,0,2,1,19,200600001183B01,7,15,1,243500139
200600001201,2006-01-11,2006,janvier,mercredi,08:25,36,36044,0,0,2,1,3,1,1,4,3,04,1,1,30,100,1,0,1,3,2,23,5,2,9,0,2,6,19,200600001201A01,7,1,1,243600327
200600001215,2006-01-04,2006,janvier,mercredi,12:25,37,37261,0,0,2,3,7,1,1,4,1,01,1,1,0,61,2,0,1,1,1,21,0,3,9,0,0,0,15,200600001215A01,5,0,1,243700754
200600001219,2006-01-14,2006,janvier,samedi,14:25,37,37261,0,0,2,1,7,1,1,2,2,02,1,1,0,82,1,0,1,3,1,51,5,3,0,0,0,0,1,200600001219A01,,,,243700754
200600001228,2006-01-06,2006,janvier,vendredi,10:25,38,38185,0,0,2,1,3,1,1,4,2,02,1,3,0,70,1,0,1,3,1,43,1,3,2,0,2,8,1,200600001228A01,18,1,1,200040715
200600001232,2006-01-09,2006,janvier,lundi,07:55,38,38185,0,0,2,1,6,1,1,4,2,04,1,1,0,86,1,0,5,1,1,23,0,3,4,0,1,1,1,200600001232A01,,,,200040715
200600001246,2006-01-24,2006,janvier,mardi,13:45,38,38151,0,0,2,6,3,1,1,4,2,03,1,2,0,100,1,0,1,3,1,70,5,3,4,0,2,4,1,200600001246B01,7,16,1,200040715
200600001252,2006-01-27,2006,janvier,vendredi,17:50,38,38185,0,0,2,1,2,5,4,4,2,02,1,1,0,60,2,0,1,4,1,21,4,2,2,0,2,1,1,200600001252B01,7,23,1,200040715
200600001266,2006-01-01,2006,janvier,dimanche,11:30,41,41018,0,0,2,1,3,1,7,4,2,00,1,1,0,0,1,0,1,4,1,37,9,3,0,0,2,1,1,200600001266B01,7,15,1,200030385
200600001300,2006-01-10,2006,janvier,mardi,07:56,42,42187,0,0,2,1,6,1,1,9,2,02,1,1,0,60,1,0,1,4,2,53,9,3,9,0,2,4,1,200600001300C01,7,1,1,200035731
200600001308,2006-01-19,2006,janvier,jeudi,11:20,42,42071,0,0,2,2,3,1,1,3,2,00,1,1,0,68,1,5,1,3,1,57,5,3,9,0,0,2,1,200600001308B01,14,15,1,200035731
200600001347,2006-01-09,2006,janvier,lundi,18:15,44,44055,0,0,2,1,6,5,1,4,2,02,1,1,14,40,1,0,5,1,1,40,5,3,9,0,1,1,0,200600001347A01,,,,244400610
200600001353,2006-01-03,2006,janvier,mardi,16:05,44,44109,0,0,2,3,3,1,1,4,2,02,1,1,0,73,1,0,1,3,1,25,5,3,9,0,2,1,15,200600001353B01,7,1,1,244400404
200600001371,2006-01-16,2006,janvier,lundi,16:50,44,44109,0,0,2,6,3,1,2,4,2,02,1,3,0,90,2,0,1,3,2,14,0,3,2,0,2,1,1,200600001371B01,7,1,1,244400404
200600001385,2006-01-21,2006,janvier,samedi,17:50,44,44109,0,0,2,1,3,1,1,4,2,02,3,1,0,190,1,0,1,4,1,14,5,3,9,0,2,8,13,200600001385B01,5,1,1,244400404
200600001401,2006-01-30,2006,janvier,lundi,06:45,44,44143,0,0,2,6,3,5,1,4,2,02,1,1,0,90,1,0,1,4,2,41,0,3,0,0,2,7,1,200600001401B01,7,1,1,244400404
200600001425,2006-01-11,2006,janvier,mercredi,17:35,45,45147,0,0,2,2,3,5,2,4,2,02,1,1,0,70,2,0,1,4,1,19,9,2,9,0,2,1,1,200600001425A01,7,1,1,244500468
200600001442,2006-01-31,2006,janvier,mardi,12:15,45,45234,0,0,2,1,1,1,1,4,3,02,1,1,44,0,1,0,5,4,1,23,4,1,2,0,2,3,9,200600001442B01,2,17,1,244500468
200600001482,2006-01-23,2006,janvier,lundi,06:51,49,49007,0,0,2,2,3,5,1,4,2,03,1,1,0,140,1,0,1,3,1,56,1,1,4,0,2,5,1,200600001482B01,14,16,1,244900015
200600001486,2006-01-21,2006,janvier,samedi,12:15,49,49015,0,0,2,1,7,1,1,4,2,02,1,1,0,60,1,0,5,4,1,55,0,3,9,0,0,1,1,200600001486A01,,,,244900015
200600001491,2006-01-26,2006,janvier,jeudi,09:00,49,49007,0,0,2,1,3,1,1,4,2,02,1,1,0,98,1,0,1,4,1,38,5,2,9,0,2,1,1,200600001491B01,7,16,1,244900015
200600001494,2006-01-27,2006,janvier,vendredi,20:13,49,49007,0,0,2,1,3,5,1,4,2,02,1,1,0,65,1,0,1,4,1,30,1,3,9,0,2,1,1,200600001494B01,7,20,1,244900015
200600001497,2006-01-27,2006,janvier,vendredi,18:18,49,49267,0,0,1,1,2,2,1,2,2,03,1,1,0,105,1,0,1,4,1,10,5,3,9,0,2,1,0,200600001497A01,7,2,1,244900015
200600001519,2006-01-17,2006,janvier,mardi,08:15,50,50602,0,0,2,1,6,5,2,3,2,02,1,1,0,61,2,0,1,4,1,53,1,3,4,0,2,8,1,200600001519B01,7,17,1,
200600001624,2006-01-10,2006,janvier,mardi,16:52,56,56098,0,0,2,2,3,1,1,9,2,02,1,1,0,0,1,0,1,3,1,46,9,3,2,0,2,1,1,200600001624B01,7,1,1,200042174
200600001651,2006-01-11,2006,janvier,mercredi,08:00,57,57463,0,0,2,1,6,2,5,4,3,02,1,1,0,118,1,0,1,4,2,16,2,1,9,1,0,1,1,200600001651B01,10,22,1,200039865
200600001687,2006-01-12,2006,janvier,jeudi,21:15,59,59033,0,0,2,1,2,5,1,3,2,02,1,1,0,55,1,2,1,3,1,53,5,3,9,0,2,4,2,200600001687B01,7,2,1,200043396
200600001693,2006-01-27,2006,janvier,vendredi,15:35,59,59153,0,0,1,1,3,1,1,4,3,02,1,1,17,93,1,0,4,4,1,19,5,3,9,0,2,1,1,200600001693A01,7,1,1,245901160
200600001714,2006-01-23,2006,janvier,lundi,17:30,59,59183,0,0,2,1,3,1,1,4,2,02,1,1,0,100,1,2,1,4,1,17,2,3,2,0,2,6,1,200600001714B01,7,0,1,245900428
200600001716,2006-01-06,2006,janvier,vendredi,08:30,59,59183,0,0,2,1,3,2,1,4,2,02,1,1,0,0,1,0,1,4,2,18,2,1,2,0,2,7,1,200600001716B01,7,0,1,245900428
200600001722,2006-01-15,2006,janvier,dimanche,10:40,59,59324,0,0,2,1,1,1,1,4,-1,01,1,1,25,25,1,0,1,3,1,29,5,1,2,0,2,0,0,200600001722B01,4,0,1,200043396
200600001724,2006-01-03,2006,janvier,mardi,18:05,59,59566,0,0,2,1,2,5,8,3,2,02,1,1,0,80,2,4,1,4,1,54,5,3,4,0,2,4,1,200600001724B01,7,1,1,200093201
200600001737,2006-01-09,2006,janvier,lundi,12:30,59,59350,0,0,2,1,6,1,1,4,2,03,1,1,0,60,1,0,1,3,2,16,2,2,2,0,2,8,11,200600001737A01,7,1,1,200093201
200600001760,2006-01-18,2006,janvier,mercredi,20:50,59,59386,0,0,2,3,6,5,1,4,2,02,1,1,0,70,1,0,1,4,1,62,9,1,2,0,2,1,2,200600001760B01,7,15,1,200093201
200600001786,2006-01-31,2006,janvier,mardi,23:40,59,59350,0,0,2,2,6,5,1,4,1,02,1,1,0,120,1,0,1,4,1,38,5,2,9,0,2,1,0,200600001786B01,7,0,1,200093201
200600001826,2006-01-31,2006,janvier,mardi,08:50,59,59512,0,0,2,2,3,1,1,4,-1,00,1,1,0,0,1,0,1,3,1,20,4,3,2,0,2,1,0,200600001826A01,7,1,1,200093201
200600001827,2006-01-27,2006,janvier,vendredi,13:20,59,59512,0,0,2,2,1,1,1,4,3,02,1,1,0,0,1,0,1,3,1,21,5,3,2,0,2,1,1,200600001827B01,7,15,1,200093201
200600001836,2006-01-11,2006,janvier,mercredi,16:25,59,59599,0,0,2,2,3,1,2,4,2,02,1,1,0,67,2,0,1,3,1,53,0,3,9,0,2,1,1,200600001836B01,7,9,1,200093201
200600001843,2006-01-07,2006,janvier,samedi,17:40,59,59544,0,0,1,1,6,3,1,3,2,02,1,1,0,132,1,0,1,4,1,39,0,2,2,0,2,6,1,200600001843A01,7,1,1,245901160
200600001848,2006-01-21,2006,janvier,samedi,11:27,59,59606,0,0,2,1,6,1,1,4,2,02,1,1,0,0,1,0,1,4,1,53,0,3,2,0,2,3,1,200600001848B01,7,1,1,245901160
200600001871,2006-01-04,2006,janvier,mercredi,07:30,62,62119,0,0,2,6,6,5,1,4,2,03,1,1,0,80,1,0,1,4,1,23,5,2,9,0,2,7,5,200600001871B01,7,1,1,200072460
200600001882,2006-01-04,2006,janvier,mercredi,17:25,62,62193,0,0,2,2,6,3,1,4,2,02,1,-1,0,0,1,4,0,2,1,15,5,2,4,0,4,7,1,200600001882A01,19,1,1,200090751
200600001884,2006-01-10,2006,janvier,mardi,12:20,62,62193,0,0,2,2,3,1,1,2,2,02,1,1,0,70,1,0,0,3,1,48,1,3,9,0,2,1,1,200600001884B01,7,15,1,200090751
200600001885,2006-01-16,2006,janvier,lundi,07:55,62,62193,0,0,2,3,3,5,1,4,2,02,1,1,0,60,1,0,1,3,1,16,2,3,9,0,2,1,9,200600001885A01,7,1,1,200090751
200600001890,2006-01-13,2006,janvier,vendredi,09:20,62,62250,0,0,2,1,3,1,1,4,2,02,1,1,0,70,1,0,1,4,2,17,4,3,9,0,2,4,15,200600001890B01,7,2,1,246200299
200600001896,2006-01-20,2006,janvier,vendredi,08:30,62,62133,0,0,2,6,3,1,1,4,1,02,1,1,0,0,1,0,1,3,1,58,5,2,4,0,2,4,16,200600001896B01,7,1,1,246200364
200600001923,2006-01-09,2006,janvier,lundi,17:10,63,63113,0,0,2,1,3,1,1,4,2,02,2,1,0,70,1,0,1,4,1,33,9,2,9,0,2,1,1,200600001923B01,7,15,1,246300701
200600002005,2006-01-16,2006,janvier,lundi,13:30,64,64445,0,0,2,6,3,1,1,2,1,02,1,2,0,38,1,0,5,4,1,76,5,3,9,0,0,1,1,200600002005B01,7,16,1,200067254
200600002011,2006-01-22,2006,janvier,dimanche,10:40,64,64445,0,0,2,6,3,1,1,2,1,02,1,2,0,96,1,0,1,4,2,17,5,3,9,0,2,1,1,200600002011B01,7,16,1,200067254
200600002023,2006-01-19,2006,janvier,jeudi,17:20,64,64483,0,0,2,1,5,1,1,3,2,02,1,2,0,70,1,0,0,4,1,56,5,3,2,0,2,4,2,200600002023B01,7,2,1,200067106
200600002023,2006-01-19,2006,janvier,jeudi,17:20,64,64483,0,0,2,1,5,1,1,3,2,02,1,2,0,70,1,0,0,4,1,49,5,3,2,0,2,4,2,200600002023C01,7,2,1,200067106
200600002023,2006-01-19,2006,janvier,jeudi,17:20,64,64483,0,0,2,1,5,1,1,3,2,02,1,2,0,70,1,0,0,4,1,65,5,3,2,0,2,4,2,200600002023D01,7,2,1,200067106
200600002036,2006-01-13,2006,janvier,vendredi,16:30,65,65440,0,0,2,6,2,1,1,2,3,02,1,1,10,82,1,0,1,4,1,60,9,3,9,0,2,1,2,200600002036A01,7,1,1,200069300
200600002059,2006-01-03,2006,janvier,mardi,12:15,67,67482,0,0,2,2,3,1,1,4,2,02,1,1,20,126,1,0,1,4,1,58,1,3,9,0,2,7,1,200600002059A01,7,16,1,246700488
200600002060,2006-01-03,2006,janvier,mardi,18:35,67,67365,0,0,2,1,7,5,1,4,2,02,1,1,0,72,1,0,1,4,1,25,4,1,9,0,0,0,1,200600002060B01,7,20,1,246700488
200600002061,2006-01-04,2006,janvier,mercredi,17:15,67,67482,0,0,2,2,3,5,1,4,2,02,1,1,0,70,1,0,5,4,1,40,1,1,2,0,2,1,5,200600002061A01,7,16,1,246700488
200600002062,2006-01-04,2006,janvier,mercredi,22:05,67,67482,0,0,2,1,3,5,1,4,1,01,1,1,66,28,1,0,5,4,1,39,5,1,4,1,0,1,1,200600002062B01,7,22,1,246700488
200600002063,2006-01-05,2006,janvier,jeudi,08:00,67,67482,0,0,2,2,3,2,1,4,3,06,1,1,50,233,2,0,1,3,2,33,9,3,9,0,2,0,1,200600002063A01,7,0,1,246700488
200600002064,2006-01-05,2006,janvier,jeudi,08:15,67,67482,0,0,2,3,2,1,1,4,2,03,1,1,0,75,2,0,1,4,1,46,1,3,2,0,2,4,1,200600002064B01,7,1,1,246700488
200600002075,2006-01-15,2006,janvier,dimanche,21:25,67,67482,0,0,2,2,3,5,1,4,2,05,1,1,0,150,1,0,1,4,2,18,5,3,9,0,2,7,19,200600002075B01,7,1,1,246700488
200600002076,2006-01-17,2006,janvier,mardi,08:20,67,67482,0,0,2,2,6,2,8,4,1,00,1,1,0,33,2,0,1,4,1,20,1,3,9,0,2,1,1,200600002076B01,7,15,1,246700488
200600002081,2006-01-20,2006,janvier,vendredi,16:15,67,67482,0,0,2,2,3,2,1,4,2,02,1,1,0,86,1,5,1,3,2,54,5,3,9,0,2,8,15,200600002081B01,7,1,1,246700488
200600002085,2006-01-23,2006,janvier,lundi,19:20,67,67482,0,0,2,1,3,5,1,4,2,02,1,1,0,60,1,0,1,4,1,11,5,3,9,0,2,7,19,200600002085A01,7,1,1,246700488
200600002087,2006-01-24,2006,janvier,mardi,11:54,67,67482,0,0,2,3,6,1,1,4,2,03,2,1,0,120,1,2,5,4,1,22,5,3,9,2,2,5,1,200600002087B01,7,12,1,246700488
200600002090,2006-01-28,2006,janvier,samedi,11:30,67,67482,0,0,2,3,3,1,1,4,1,03,1,1,0,142,1,1,1,4,1,51,5,3,9,0,2,1,1,200600002090B01,10,15,1,246700488
200600002093,2006-01-10,2006,janvier,mardi,17:15,68,68066,0,0,2,1,3,5,1,4,2,02,1,1,0,90,1,0,1,4,1,77,5,2,2,0,2,8,1,200600002093B01,99,17,1,246800726
200600002094,2006-01-16,2006,janvier,lundi,11:10,68,68066,0,0,2,4,2,1,1,3,2,01,2,1,6,30,1,2,1,4,1,72,5,2,4,0,2,7,19,200600002094B01,7,1,1,246800726
200600002102,2006-01-17,2006,janvier,mardi,17:30,68,68224,0,0,2,3,2,5,2,4,2,00,1,1,0,0,2,5,1,4,2,26,3,1,4,0,2,4,1,200600002102B01,7,16,1,200066009
200600002104,2006-01-28,2006,janvier,samedi,01:00,68,68224,0,0,2,9,2,5,1,4,2,00,1,-1,0,82,1,0,1,3,1,55,1,1,4,0,2,0,1,200600002104B01,7,1,1,200066009
200600002148,2006-01-23,2006,janvier,lundi,12:00,69,69275,0,0,2,1,3,1,1,3,2,02,1,1,0,75,1,0,1,4,2,24,4,3,9,0,2,1,19,200600002148B01,7,17,1,200046977
200600002178,2006-01-11,2006,janvier,mercredi,19:45,72,72181,0,0,2,1,1,5,1,9,2,02,1,1,0,80,1,0,1,3,1,16,9,3,2,0,0,1,1,200600002178B01,5,1,1,247200132
200600002197,2006-01-26,2006,janvier,jeudi,15:05,72,72181,0,0,2,1,3,1,1,9,2,02,2,1,0,60,1,0,1,3,1,13,2,3,9,0,2,4,11,200600002197A01,7,1,1,247200132
200600002198,2006-01-27,2006,janvier,vendredi,13:25,72,72181,0,0,2,1,3,1,2,9,2,02,1,1,0,80,1,0,1,4,1,50,9,3,2,0,0,1,1,200600002198B01,2,1,1,247200132
200600002211,2006-01-21,2006,janvier,samedi,16:35,73,73065,0,0,2,1,3,1,1,4,2,02,1,1,0,65,1,0,1,4,1,41,5,2,2,0,2,1,1,200600002211B01,7,15,1,200069110
200600002213,2006-01-09,2006,janvier,lundi,07:55,74,74010,0,0,2,3,6,2,1,4,2,02,1,1,0,0,1,0,1,4,2,43,9,3,9,0,0,1,1,200600002213B01,7,15,1,200066793
200600002219,2006-01-13,2006,janvier,vendredi,15:35,74,74305,0,0,2,1,1,1,1,4,2,02,1,1,0,60,1,5,1,4,2,27,1,2,2,0,2,1,1,200600002219B01,7,0,1,200011773
200600002245,2006-01-03,2006,janvier,mardi,14:00,75,75007,0,0,2,1,6,1,1,4,2,04,1,1,0,120,1,0,1,1,2,26,9,3,0,0,1,1,1,200600002245A01,,,,
200600002312,2006-01-13,2006,janvier,vendredi,18:15,75,75007,0,0,2,2,3,5,1,4,1,02,1,1,0,60,1,0,1,3,1,61,1,3,0,0,2,6,1,200600002312B01,7,9,1,
200600002337,2006-01-01,2006,janvier,dimanche,02:05,75,75020,0,0,2,3,2,5,1,4,2,04,1,1,0,120,1,0,1,4,1,55,4,3,0,0,2,4,1,200600002337B01,7,1,1,
200600002339,2006-01-05,2006,janvier,jeudi,12:20,75,75010,0,0,2,1,6,1,4,4,1,01,1,1,0,30,2,0,1,4,2,52,4,1,2,0,1,1,5,200600002339A01,,,,
200600002347,2006-01-08,2006,janvier,dimanche,10:45,75,75006,0,0,2,2,3,1,2,4,2,02,1,1,0,60,2,0,1,4,2,57,5,3,0,0,2,3,1,200600002347A01,7,1,1,
200600002353,2006-01-09,2006,janvier,lundi,19:05,75,75015,0,0,2,1,6,5,1,4,1,02,1,1,0,60,1,0,1,4,1,43,5,3,0,0,2,1,1,200600002353B01,4,0,1,
200600002358,2006-01-09,2006,janvier,lundi,16:15,75,75019,0,0,2,1,3,1,1,4,1,03,1,1,0,90,1,0,1,4,1,63,5,1,2,0,2,2,19,200600002358A01,4,1,1,
200600002365,2006-01-10,2006,janvier,mardi,18:50,75,75011,0,0,2,2,4,5,1,4,1,01,1,1,0,30,1,0,1,4,1,46,9,3,0,0,2,3,1,200600002365C01,7 / 4,22 / 1,2,
200600002379,2006-01-11,2006,janvier,mercredi,08:45,75,75008,0,0,2,1,3,1,1,4,2,02,1,1,0,60,1,0,1,4,1,34,5,3,0,0,2,3,9,200600002379A01,7,1,1,
200600002384,2006-01-11,2006,janvier,mercredi,19:40,75,75013,0,0,2,2,3,5,2,4,1,01,1,1,0,30,2,0,1,4,2,54,5,3,0,0,2,1,1,200600002384A01,7,15,1,
200600002393,2006-01-11,2006,janvier,mercredi,13:15,75,75019,0,0,2,1,6,1,1,4,2,04,1,1,0,120,1,0,1,1,2,31,4,3,0,0,1,1,7,200600002393A01,,,,
200600002421,2006-01-12,2006,janvier,jeudi,21:21,75,75006,0,0,2,1,7,5,1,4,2,04,1,1,0,120,1,0,1,4,1,37,5,3,0,0,0,0,1,200600002421A01,,,,
200600002431,2006-01-12,2006,janvier,jeudi,21:45,75,75012,0,0,2,1,6,5,1,4,1,01,1,1,0,30,1,0,1,3,2,27,5,3,0,0,2,4,1,200600002431B01,7,0,1,
200600002450,2006-01-14,2006,janvier,samedi,10:45,75,75017,0,0,2,3,2,1,1,4,2,02,1,1,0,60,1,0,1,4,1,57,5,3,0,0,2,4,1,200600002450B01,10,1,1,
200600002456,2006-01-16,2006,janvier,lundi,10:05,75,75011,0,0,2,1,3,1,8,4,2,02,1,1,0,60,1,0,1,4,1,41,4,3,0,0,0,1,1,200600002456B01,7,24,1,
200600002468,2006-01-13,2006,janvier,vendredi,13:20,75,75005,0,0,2,1,3,1,1,4,1,04,1,1,0,120,1,0,1,4,2,25,5,1,2,0,2,3,7,200600002468B01,7,16,1,
200600002470,2006-01-13,2006,janvier,vendredi,18:40,75,75008,0,0,2,3,7,5,1,4,2,08,2,1,0,240,1,0,1,4,2,43,5,3,0,0,0,0,21,200600002470A01,,,,
200600002489,2006-01-14,2006,janvier,samedi,08:20,75,75013,0,0,2,2,6,1,1,4,2,02,1,1,0,60,1,6,0,1,1,18,5,3,0,0,1,1,1,200600002489A01,,,,
200600002509,2006-01-16,2006,janvier,lundi,08:10,75,75020,0,0,2,3,3,1,1,4,2,04,1,1,0,120,1,0,1,4,2,18,5,3,0,0,2,1,1,200600002509B01,7,16,1,
200600002573,2006-01-20,2006,janvier,vendredi,17:50,75,75014,0,0,2,3,3,1,2,4,1,01,1,1,0,30,2,0,1,4,1,37,4,3,0,0,2,2,1,200600002573A01,7,1,1,
200600002574,2006-01-20,2006,janvier,vendredi,17:40,75,75014,0,0,2,1,1,5,2,4,2,02,1,1,0,60,2,0,1,4,2,26,5,3,0,0,2,1,1,200600002574B01,7,5,1,
200600002582,2006-01-21,2006,janvier,samedi,15:45,75,75003,0,0,2,4,3,1,1,4,1,01,1,1,0,30,1,0,1,4,1,21,5,3,0,0,2,6,2,200600002582B01,7,2,1,
200600002627,2006-01-13,2006,janvier,vendredi,06:45,75,75020,0,0,2,2,3,5,1,4,2,02,1,1,0,60,1,0,1,4,1,48,5,1,2,0,2,1,1,200600002627A01,7,1,1,
200600002653,2006-01-19,2006,janvier,jeudi,19:57,75,75016,0,0,2,1,2,5,1,4,2,04,1,1,0,120,1,0,1,4,1,26,5,1,2,0,2,4,23,200600002653B01,7,1,1,
200600002657,2006-01-20,2006,janvier,vendredi,06:20,75,75013,0,0,2,4,3,5,2,4,1,01,1,1,0,30,2,0,1,4,1,32,5,3,0,0,2,2,19,200600002657A01,7,1,1,
200600002667,2006-01-25,2006,janvier,mercredi,07:50,75,75018,0,0,2,2,3,5,1,4,1,02,1,1,0,60,1,0,1,4,1,39,4,3,0,0,2,2,15,200600002667B01,7,15,1,
200600002753,2006-01-31,2006,janvier,mardi,19:20,75,75014,0,0,2,1,3,5,1,4,2,04,1,1,0,120,1,0,1,4,1,23,5,3,0,0,2,2,1,200600002753B01,7,22,1,