Num_Acc,date,an,mois,jour,hrmn,dep,com,lat,long,agg,int,col,lum,atm,catr,circ,nbv,prof,plan,lartpc,larrout,surf,infra,situ,grav,sexe,age,trajet,secuexist,equipement,obs,obsm,choc,manv,vehiculeid,typevehicules,manoeuvehicules,numVehicules,_infos_commune.code_epci
200600002841,2006-01-16,2006,janvier,lundi,11:45,76,76540,0,0,2,1,3,1,1,4,1,02,1,1,0,60,1,0,1,4,1,36,1,3,9,0,2,1,1,200600002841B01,7,22,1,200023414
200600002851,2006-01-21,2006,janvier,samedi,08:20,76,76322,0,0,2,1,3,1,1,4,2,02,1,1,0,55,1,0,1,4,1,45,5,3,9,0,2,1,1,200600002851B01,7,15,1,200023414
200600002903,2006-01-14,2006,janvier,samedi,14:40,77,77067,0,0,1,1,6,1,1,3,2,02,2,1,0,60,1,0,1,3,1,34,5,2,2,0,6,0,0,200600002903A01,,,,200059228
200600002919,2006-01-31,2006,janvier,mardi,15:50,77,77241,0,0,2,1,6,1,1,3,2,01,1,-1,0,50,1,0,1,4,1,44,5,2,2,0,0,0,0,200600002919A01,,,,200055655
200600002925,2006-01-28,2006,janvier,samedi,17:20,77,77458,0,0,1,9,7,1,8,3,2,02,1,1,0,60,7,0,1,2,1,74,0,1,9,0,0,0,1,200600002925A01,,,,200023919
200600002933,2006-01-30,2006,janvier,lundi,14:00,77,77146,0,0,1,6,3,1,1,4,1,01,1,3,0,60,1,0,1,4,1,31,5,3,9,0,0,4,2,200600002933B01,7,2,1,200057958
200600002954,2006-01-22,2006,janvier,dimanche,12:40,78,78015,0,0,2,1,3,1,1,3,2,02,2,1,0,62,1,0,1,4,1,50,5,3,2,0,2,8,1,200600002954B01,7,17,1,200059889
200600003024,2006-01-17,2006,janvier,mardi,11:15,78,78646,0,0,2,1,3,1,2,4,2,02,1,1,0,100,2,0,1,4,2,14,2,2,2,0,2,2,1,200600003024B01,7,17,1,247800584
200600003032,2006-01-13,2006,janvier,vendredi,17:50,78,78146,0,0,2,3,3,1,1,3,1,01,2,1,0,46,1,0,1,4,1,30,5,2,4,0,0,6,19,200600003032B01,7,14,1,200058519
200600003055,2006-01-25,2006,janvier,mercredi,07:40,80,80021,0,0,2,1,3,5,1,4,2,03,1,1,0,90,1,0,1,4,2,50,1,3,9,0,2,7,1,200600003055B01,7,10,1,248000531
200600003060,2006-01-16,2006,janvier,lundi,10:45,81,81004,0,0,2,1,3,1,8,4,2,02,1,1,0,45,1,5,1,3,1,67,5,1,4,0,2,3,0,200600003060B01,7,9,1,248100737
200600003064,2006-01-01,2006,janvier,dimanche,10:40,81,81065,0,0,2,2,3,1,1,3,1,02,1,2,0,80,1,0,1,4,1,49,5,1,2,0,2,5,1,200600003064B01,7,9,1,248100430
200600003086,2006-01-25,2006,janvier,mercredi,10:00,82,82121,0,0,2,3,3,1,1,4,2,02,1,1,0,0,1,0,0,3,1,54,4,2,9,0,2,1,19,200600003086A01,7,1,1,248200099
200600003100,2006-01-24,2006,janvier,mardi,18:12,83,83061,0,0,1,1,3,3,1,3,2,01,1,1,0,60,1,0,1,3,1,52,5,2,9,0,2,8,13,200600003100B01,7,13,1,200035319
200600003107,2006-01-09,2006,janvier,lundi,11:20,83,83009,0,0,2,4,3,1,1,4,1,01,1,1,0,55,1,0,1,2,1,81,5,3,9,0,2,7,1,200600003107A01,7,1,1,248300394
200600003125,2006-01-31,2006,janvier,mardi,17:00,83,83126,0,0,2,1,3,1,1,3,3,04,2,1,0,0,1,0,1,4,1,36,5,3,9,0,2,8,1,200600003125B01,7,19,1,248300543
200600003151,2006-01-04,2006,janvier,mercredi,07:50,84,84007,0,0,2,1,3,1,1,4,2,02,1,1,0,60,1,0,1,4,2,51,4,2,2,0,2,8,19,200600003151B01,7,1,1,248400251
200600003157,2006-01-20,2006,janvier,vendredi,17:30,84,84007,0,0,2,2,3,5,6,2,2,02,1,1,0,110,1,5,1,4,2,53,5,2,9,0,2,1,1,200600003157B01,7,15,1,248400251
200600003163,2006-01-05,2006,janvier,jeudi,19:19,84,84035,0,0,2,1,1,2,1,4,2,02,1,1,0,70,1,0,1,3,1,22,0,3,9,0,2,3,16,200600003163A01,7,1,1,200040442
200600003175,2006-01-25,2006,janvier,mercredi,07:40,85,85191,0,0,2,1,6,5,1,4,2,02,1,1,0,140,1,0,1,3,1,38,1,2,2,0,0,8,2,200600003175B01,14,2,1,248500589
200600003179,2006-01-25,2006,janvier,mercredi,14:35,85,85194,0,0,2,9,6,1,1,9,1,01,2,1,0,38,1,0,4,1,1,15,5,3,9,0,1,1,1,200600003179A01,,,,200071165
200600003243,2006-01-30,2006,janvier,lundi,18:05,88,88160,0,0,2,1,2,3,8,4,2,02,2,1,0,56,7,0,1,4,1,23,5,2,2,0,2,4,1,200600003243A01,7,2,1,200068757
200600003247,2006-01-18,2006,janvier,mercredi,06:45,89,89024,0,0,2,2,3,5,2,2,2,02,1,1,0,91,2,5,1,4,1,53,1,2,9,0,2,1,1,200600003247B01,7,15,1,200067114
200600003310,2006-01-14,2006,janvier,samedi,16:00,91,91645,0,0,1,6,3,1,1,3,2,02,1,3,0,0,1,5,1,4,1,20,5,1,2,0,2,1,1,200600003310B01,7,1,1,200056232
200600003314,2006-01-21,2006,janvier,samedi,09:00,91,91645,0,0,2,1,3,1,1,4,1,01,1,1,0,0,1,0,1,4,2,22,5,1,2,1,0,1,1,200600003314B01,7,24,1,200056232
200600003320,2006-01-21,2006,janvier,samedi,19:55,91,91549,0,0,2,1,2,5,1,4,2,02,1,1,0,0,1,0,1,4,1,23,4,1,2,0,2,1,1,200600003320A01,7,13,1,200057859
200600003321,2006-01-24,2006,janvier,mardi,08:35,91,91549,0,0,2,1,7,2,1,4,2,02,1,1,0,60,1,0,1,4,1,25,9,3,9,0,2,1,1,200600003321B01,7,15,1,200057859
200600003333,2006-01-12,2006,janvier,jeudi,12:05,92,92004,0,0,2,9,3,1,1,3,2,02,-1,-1,0,60,1,0,1,4,1,26,0,3,9,0,2,2,19,200600003333B01,10,15,1,200054781
200600003388,2006-01-11,2006,janvier,mercredi,07:50,92,92025,0,0,2,3,6,5,1,4,2,02,1,1,0,70,1,0,1,3,2,59,4,3,9,0,2,1,1,200600003388A01,10,15,1,200054781
200600003434,2006-01-04,2006,janvier,mercredi,12:10,92,92049,0,0,2,6,2,1,1,3,2,02,1,1,0,82,-1,0,1,4,2,24,5,3,9,0,2,1,2,200600003434A01,7,23,1,200054781
200600003443,2006-01-25,2006,janvier,mercredi,14:20,92,92049,0,0,2,1,3,1,1,3,2,02,1,1,0,85,1,0,1,1,1,73,3,3,0,0,2,1,19,200600003443A01,7,2,1,200054781
200600003552,2006-01-24,2006,janvier,mardi,08:52,93,93007,0,0,2,1,6,1,1,4,1,01,1,1,0,70,1,0,1,4,1,13,2,3,9,1,0,7,1,200600003552B01,7,24,1,200054781
200600003582,2006-01-19,2006,janvier,jeudi,09:20,93,93029,0,0,2,1,6,1,1,3,2,02,1,1,0,200,1,0,1,3,2,29,5,3,9,0,2,0,1,200600003582B01,13,22,1,200054781
200600003614,2006-01-13,2006,janvier,vendredi,09:30,93,93063,0,0,2,1,6,1,8,2,2,02,1,-1,0,70,1,0,1,3,1,23,0,3,9,0,2,1,21,200600003614A01,13,2,1,200054781
200600003653,2006-01-31,2006,janvier,mardi,18:20,93,93053,0,0,2,1,7,3,1,3,2,01,2,3,0,70,1,0,4,3,1,46,0,3,0,12,2,8,2,200600003653B01,7,0,1,200054781
200600003749,2006-01-11,2006,janvier,mercredi,15:50,94,94044,0,0,2,1,6,1,2,4,2,02,1,1,0,66,2,0,1,2,1,84,5,3,9,0,2,2,16,200600003749A01,2,1,1,200054781
200600003754,2006-01-20,2006,janvier,vendredi,05:35,94,94017,0,0,2,3,3,5,2,3,1,01,1,1,0,0,2,0,1,4,1,21,1,2,2,0,2,1,19,200600003754B01,7,2,1,200054781
200600003778,2006-01-13,2006,janvier,vendredi,21:35,94,94028,48.78932,2.43892,2,1,2,2,1,2,-1,02,-1,-1,0,60,-1,0,1,4,1,30,5,3,4,0,2,4,2,200600003778B01,7,2,1,200054781
200600003826,2006-01-17,2006,janvier,mardi,09:15,94,94041,0,0,2,1,2,2,3,2,2,04,1,1,0,0,1,0,1,3,1,33,1,3,2,0,2,1,1,200600003826B01,7,4,1,200054781
200600003843,2006-01-30,2006,janvier,lundi,15:40,94,94058,0,0,2,1,2,1,1,4,2,01,1,1,0,67,1,0,1,4,1,12,0,3,9,0,2,4,13,200600003843A01,7,1,1,200054781
200600003847,2006-01-02,2006,janvier,lundi,18:40,94,94068,0,0,2,2,3,5,1,2,1,02,1,1,0,57,1,0,1,4,1,18,5,3,9,0,2,1,5,200600003847A01,7,15,1,200054781
200600003849,2006-01-10,2006,janvier,mardi,09:05,94,94068,0,0,2,2,3,1,1,4,1,01,2,1,0,57,1,0,1,4,1,17,2,3,9,0,2,4,1,200600003849A01,7,1,1,200054781
200600003851,2006-01-06,2006,janvier,vendredi,10:38,94,94068,0,0,2,1,6,1,1,3,2,03,1,1,0,0,1,0,1,3,2,26,4,3,9,0,2,1,19,200600003851B01,7,1,1,200054781
200600003918,2006-01-20,2006,janvier,vendredi,20:35,95,95476,0,0,2,1,2,4,1,3,3,04,1,1,20,148,2,0,1,3,2,45,1,2,2,0,0,4,1,200600003918A01,7,1,1,249500109
200600003942,2006-01-02,2006,janvier,lundi,08:35,95,95563,0,0,2,1,3,1,1,3,3,04,3,1,0,64,1,0,1,4,2,13,5,2,2,0,2,8,19,200600003942B01,7,1,1,200058485
200600004179,2006-01-16,2006,janvier,lundi,16:05,69,69382,0,0,2,1,2,1,1,4,2,02,1,1,0,0,1,0,1,4,1,24,0,3,9,0,2,0,2,200600004179B01,7,1,1,200046977
200600004239,2006-01-13,2006,janvier,vendredi,11:20,69,69383,0,0,2,1,2,1,1,4,2,03,1,1,0,0,1,0,1,4,1,23,9,1,9,0,2,1,2,200600004239A01,7,1,1,200046977
200600004243,2006-01-19,2006,janvier,jeudi,08:10,69,69383,0,0,2,1,2,1,1,4,2,03,1,1,0,0,1,0,1,4,2,28,1,3,9,0,2,1,2,200600004243A01,7,1,1,200046977
200600004245,2006-01-20,2006,janvier,vendredi,22:50,69,69386,0,0,2,1,2,5,2,4,1,03,1,1,0,0,2,0,1,4,1,31,5,3,9,0,2,1,1,200600004245A01,7,1,1,200046977
200600004253,2006-01-27,2006,janvier,vendredi,08:35,69,69386,0,0,2,2,3,1,4,4,2,04,1,1,0,0,2,0,1,4,2,21,2,2,2,0,2,1,19,200600004253B01,7,1,1,200046977
200600004256,2006-01-16,2006,janvier,lundi,12:25,69,69384,0,0,2,1,6,1,1,4,2,02,1,1,0,123,1,0,1,4,1,32,2,3,2,1,0,7,1,200600004256B01,7,22,1,200046977
200600004305,2006-01-04,2006,janvier,mercredi,20:20,69,69388,0,0,2,1,6,5,1,4,1,00,1,1,0,0,1,0,1,3,1,61,5,3,9,1,2,1,20,200600004305B01,5 / 7,1 / 24,2,200046977
200600004405,2006-01-17,2006,janvier,mardi,14:00,59,59303,50.577,2.862,1,2,3,1,8,3,2,02,1,2,0,109,2,0,1,3,1,77,5,3,0,0,0,8,15,200600004405B02,14,1,1,200093201
200600004417,2006-01-14,2006,janvier,samedi,10:45,59,59335,50.471,3.402,2,1,3,1,7,3,2,02,1,3,0,60,1,0,0,3,2,70,3,3,0,0,0,8,1,200600004417B02,7,15,1,200042190
200600004430,2006-01-23,2006,janvier,lundi,16:15,62,62770,0,0,1,1,3,1,1,3,2,02,1,2,0,72,1,0,1,3,1,15,2,3,0,0,2,1,13,200600004430A01,7,1,1,200072460
200600004461,2006-01-12,2006,janvier,jeudi,15:30,80,80826,0,0,2,1,1,1,7,4,2,00,-1,-1,0,0,-1,0,1,2,1,67,5,3,0,0,0,4,1,200600004461B02,7,2,1,247600588
200600004527,2006-01-07,2006,janvier,samedi,12:00,76,76215,49.944,1.185,1,1,2,1,1,3,2,00,1,1,0,110,1,0,1,2,1,44,5,3,0,0,2,4,1,200600004527B02,7,2,1,
200600004544,2006-01-15,2006,janvier,dimanche,12:30,76,76315,0,0,2,1,1,1,1,3,2,00,1,4,0,67,2,0,1,4,1,64,5,0,2,0,2,1,1,200600004544A01,7,13,1,200069839
200600004550,2006-01-12,2006,janvier,jeudi,13:15,27,27507,48.912,1.277,2,1,1,1,1,4,2,02,1,1,0,45,-1,5,1,3,2,11,2,1,2,0,0,1,19,200600004550A01,7,1,1,200071454
200600004569,2006-01-21,2006,janvier,samedi,16:45,27,27349,49.327,0.73,2,1,1,1,1,4,2,02,2,2,0,0,1,0,1,3,1,22,0,2,2,0,2,1,13,200600004569B02,7,1,1,200065787
200600004571,2006-01-06,2006,janvier,vendredi,14:30,35,35047,0,0,2,1,3,1,1,4,2,01,1,1,0,40,1,5,1,2,1,61,5,3,0,0,0,0,0,200600004571B02,21,16,1,243500139
200600004579,2006-01-24,2006,janvier,mardi,15:00,35,35013,0,0,1,1,3,1,1,3,2,02,1,1,0,58,1,0,1,3,1,81,5,3,0,0,2,8,17,200600004579B02,18,1,1,243500741
200600004626,2006-01-22,2006,janvier,dimanche,11:30,56,56176,0,0,1,1,2,1,1,3,2,00,-1,1,0,63,-1,0,0,2,1,46,5,1,2,0,2,1,1,200600004626B02,10,4,1,200043123
200600004660,2006-01-29,2006,janvier,dimanche,14:45,50,50001,0,0,1,3,3,1,7,3,2,02,1,1,0,70,1,5,1,3,1,64,5,3,0,0,2,6,1,200600004660B02,7,19,1,
200600004688,2006-01-19,2006,janvier,jeudi,14:15,44,44102,0,0,2,1,7,1,1,3,-1,00,-1,1,0,0,1,0,4,3,1,56,0,0,2,15,0,0,20,200600004688A01,,,,244400438
200600004695,2006-01-24,2006,janvier,mardi,07:30,44,44003,47.379,-1.179,2,6,5,5,1,4,1,01,1,3,110,80,1,5,1,2,1,12,2,3,0,0,0,7,1,200600004695B02,7,9 / 0,2,244400552
200600004761,2006-01-16,2006,janvier,lundi,17:30,85,85019,0,0,1,1,2,1,1,3,2,01,-1,1,0,72,1,0,1,3,1,82,5,3,0,0,0,4,0,200600004761B02,7,17,1,200072882
200600004850,2006-01-12,2006,janvier,jeudi,17:05,47,47310,0,0,2,2,3,1,1,3,2,02,1,1,0,61,1,0,1,3,1,13,3,0,2,0,2,8,19,200600004850B02,7,1,1,200030674
200600004861,2006-01-11,2006,janvier,mercredi,15:00,64,64495,43.36,-1.55,2,1,3,1,1,3,2,02,1,1,0,61,1,0,1,3,1,43,5,2,2,0,2,3,1,200600004861B02,7,20,1,200067106
200600004881,2006-01-25,2006,janvier,mercredi,18:00,16,16073,0,0,1,1,3,2,1,3,2,00,1,-1,0,53,1,0,0,3,2,88,5,3,0,0,0,7,0,200600004881B02,7,17,1,200070282
200600004902,2006-01-10,2006,janvier,mardi,07:45,17,17086,0,0,1,1,1,3,5,3,2,02,2,1,0,0,1,0,1,3,1,23,1,3,0,0,2,4,1,200600004902B02,7,17,1,200036473
200600004962,2006-01-12,2006,janvier,jeudi,16:45,31,31494,0,0,2,1,1,1,1,3,2,02,3,3,0,49,2,0,1,3,1,10,5,3,0,0,2,1,9,200600004962B02,18,1,1,200072643
200600005060,2006-01-16,2006,janvier,lundi,10:00,01,01004,0,0,2,6,3,1,1,4,2,00,1,-1,0,0,1,0,1,3,1,83,3,3,0,0,2,7,1,200600005060A01,7,9,1,240100883
200600005095,2006-01-19,2006,janvier,jeudi,16:30,26,26196,44.893,4.92,1,1,2,1,1,3,2,02,2,1,0,62,1,0,1,3,1,54,5,0,2,0,2,4,1,200600005095B02,18,1,1,200068781
200600005095,2006-01-19,2006,janvier,jeudi,16:30,26,26196,44.893,4.92,1,1,2,1,1,3,2,02,2,1,0,62,1,0,1,2,1,47,0,1,2,0,2,4,1,200600005095B02,18,1,1,200068781
200600005163,2006-01-23,2006,janvier,lundi,10:45,73,73241,45.603,6.296,1,1,2,1,1,3,2,00,1,1,0,64,1,0,1,2,1,80,5,1,2,1,0,1,1,200600005163B02,15,23,1,200068997
200600005179,2006-01-15,2006,janvier,dimanche,11:40,74,74256,0,0,2,1,1,1,1,4,2,02,-1,1,0,60,1,5,1,3,1,43,5,3,0,0,0,1,1,200600005179B02,7,15,1,200034882
200600005188,2006-01-27,2006,janvier,vendredi,08:00,74,74037,46.212,6.405,2,1,1,1,1,3,2,02,1,-1,0,90,1,0,1,3,1,75,5,3,0,0,0,1,15,200600005188A01,7,15,1,247400047
200600005196,2006-01-24,2006,janvier,mardi,07:30,63,63214,45.69,3.19,2,2,1,2,9,4,2,02,1,1,0,0,9,0,0,3,1,16,2,1,9,0,2,1,1,200600005196B02,7,15,1,200069177
200600005297,2006-01-03,2006,janvier,mardi,15:30,67,67101,48.529,7.496,2,1,1,1,1,6,-1,00,-1,1,0,0,1,0,1,3,1,62,3,3,0,0,2,1,1,200600005297B02,7,1,1,246701064
200600005437,2006-01-13,2006,janvier,vendredi,07:20,89,89304,0,0,1,1,1,3,5,3,2,02,1,1,0,69,1,0,1,4,1,18,1,3,0,0,2,8,1,200600005437B02,7,1,1,248900524
200600005503,2006-01-23,2006,janvier,lundi,13:55,04,04110,44.051,6.137,1,1,3,1,1,2,2,02,1,1,0,0,1,5,1,4,1,49,5,0,2,0,2,1,1,200600005503B02,7,15,1,200067437
200600005533,2006-01-08,2006,janvier,dimanche,06:45,83,83072,0,0,1,1,2,3,1,3,2,02,1,1,0,74,1,0,1,2,1,51,1,0,2,0,0,5,1,200600005533B02,7,1,1,248300493
200600005561,2006-01-15,2006,janvier,dimanche,10:55,84,84025,0,0,1,1,1,1,1,3,2,00,1,1,0,0,1,0,1,3,1,76,5,3,0,0,2,8,1,200600005561B02,7,17,1,200040442
200600005568,2006-01-22,2006,janvier,dimanche,18:30,84,84077,0,0,1,1,6,3,1,3,2,00,1,1,0,60,1,0,1,4,1,19,5,2,4,0,2,4,1,200600005568B02,7,0,1,248400053
200600005568,2006-01-22,2006,janvier,dimanche,18:30,84,84077,0,0,1,1,6,3,1,3,2,00,1,1,0,60,1,0,1,3,1,19,5,2,4,0,2,4,1,200600005568C03,7,0,1,248400053
200600005594,2006-01-19,2006,janvier,jeudi,07:40,11,11404,0,0,1,1,1,2,1,3,2,01,1,2,0,43,1,0,1,4,1,35,1,3,0,0,2,0,0,200600005594B02,7,1,1,200035715
200600005595,2006-01-11,2006,janvier,mercredi,15:00,11,11396,43.317,2.558,2,1,2,1,1,3,2,02,1,1,0,59,1,0,1,3,2,19,5,3,0,0,2,4,1,200600005595B02,7,17,1,200035715
200600005623,2006-01-02,2006,janvier,lundi,10:30,30,30248,0,0,1,1,7,1,1,3,2,02,1,1,0,45,7,0,1,3,1,51,5,1,2,0,0,8,1,200600005623A01,,,,200034379
200600005640,2006-01-19,2006,janvier,jeudi,09:15,66,66037,42.691,3.031,2,1,3,1,1,3,2,01,-1,1,96,0,1,5,1,3,1,65,5,1,2,0,2,1,1,200600005640B02,7,15,1,200027183
200600005674,2006-01-03,2006,janvier,mardi,14:00,78,78034,0,0,2,1,1,1,1,3,2,02,2,1,0,0,1,0,1,3,1,38,5,2,2,0,0,1,1,200600005674B02,7,19,1,247800618
200600005688,2006-01-21,2006,janvier,samedi,14:50,95,95658,0,0,2,1,5,1,1,3,2,02,1,1,0,0,1,0,1,3,1,59,5,1,2,1,0,1,22,200600005688B02,7,22,1,200035970
200600005688,2006-01-21,2006,janvier,samedi,14:50,95,95658,0,0,2,1,5,1,1,3,2,02,1,1,0,0,1,0,1,1,2,44,5,1,2,1,0,2,22,200600005688C03,7,22,1,200035970
200600005726,2006-01-21,2006,janvier,samedi,17:00,45,45139,48.193,2.33,1,1,1,1,1,3,2,00,1,-1,0,66,1,0,1,3,1,60,0,3,0,0,0,4,0,200600005726B02,2,1,1,200066280
200600005727,2006-01-14,2006,janvier,samedi,08:45,45,45176,0,0,1,1,2,1,1,3,2,00,1,1,0,70,1,0,1,4,1,72,0,3,0,0,2,4,2,200600005727B02,2,2,1,200071850
200600005729,2006-01-23,2006,janvier,lundi,07:45,18,18197,0,0,2,1,1,2,1,9,2,02,1,1,0,0,1,5,1,4,2,45,0,3,0,0,2,1,15,200600005729A01,7,1,1,200036135
200600005733,2006-01-23,2006,janvier,lundi,17:45,18,18047,0,0,2,1,1,2,1,3,2,02,1,1,0,60,1,0,1,2,1,83,5,3,0,0,2,0,1,200600005733A01,17,17,1,200000933
200600005745,2006-01-10,2006,janvier,mardi,16:00,28,28422,48.278,1.669,2,1,1,1,8,3,2,02,1,1,0,62,2,5,1,2,1,80,5,0,2,0,0,1,15,200600005745B02,14,1,1,200070159
200600005763,2006-01-08,2006,janvier,dimanche,19:00,36,36006,46.529,1.474,1,1,2,3,3,3,2,02,1,1,0,58,2,0,1,2,1,21,5,3,0,0,0,4,2,200600005763B02,7,2,1,200068872
200600005773,2006-01-18,2006,janvier,mercredi,20:00,37,37031,0,0,1,1,2,3,1,3,2,02,1,1,0,74,1,0,1,2,1,19,5,3,0,0,0,4,1,200600005773B02,7,1,1,200072981
200600005775,2006-01-22,2006,janvier,dimanche,11:00,37,37176,47.103,0.549,1,1,1,1,1,3,2,00,2,1,0,70,1,0,1,3,1,51,5,1,2,0,9,0,1,200600005775A01,1,2,1,200072668
200600005775,2006-01-22,2006,janvier,dimanche,11:00,37,37176,47.103,0.549,1,1,1,1,1,3,2,00,2,1,0,70,1,0,1,3,1,49,5,1,2,0,0,1,2,200600005775B02,1,1,1,200072668
200600005778,2006-01-25,2006,janvier,mercredi,08:15,37,37132,47.116,0.981,1,1,1,1,1,2,2,02,2,3,0,70,1,2,1,2,1,73,5,3,0,0,0,4,2,200600005778B02,7,2,1,200071587
200600005807,2006-01-30,2006,janvier,lundi,10:30,13,13040,43.468,5.613,1,1,1,1,1,3,2,00,-1,2,0,60,1,5,0,3,1,69,5,2,2,0,2,1,19,200600005807A01,7,1,1,200054807
200600005845,2006-01-04,2006,janvier,mercredi,16:00,31,31186,43.685,1.441,2,1,2,1,1,4,2,02,1,1,0,0,1,0,1,3,1,13,5,3,0,0,0,6,19,200600005845B02,7,13,1,243100518
200600005857,2006-01-10,2006,janvier,mardi,08:45,37,37273,47.396,0.77,2,6,5,2,1,3,-1,00,-1,-1,0,0,-1,0,0,4,1,63,3,3,0,0,0,0,1,200600005857B02,7,9,2,200073161
200600005857,2006-01-10,2006,janvier,mardi,08:45,37,37273,47.396,0.77,2,6,5,2,1,3,-1,00,-1,-1,0,0,-1,0,0,1,1,63,3,0,2,0,0,0,0,200600005857D04,7,9,2,200073161
200600005974,2006-01-14,2006,janvier,samedi,16:00,35,35206,0,0,1,2,3,1,1,3,2,02,1,1,0,0,1,0,1,4,1,22,5,1,2,0,2,8,1,200600005974A01,7,19,1,243500139
200600006020,2006-01-06,2006,janvier,vendredi,14:45,27,27229,0,0,2,1,2,1,1,4,2,02,1,1,0,0,1,0,1,4,1,20,5,3,9,0,2,1,1,200600006020A01,10,23,1,200071454
200600006029,2006-01-26,2006,janvier,jeudi,13:40,77,77350,0,0,2,9,3,1,1,4,2,02,1,1,0,80,1,0,1,4,2,12,2,1,4,0,2,1,15,200600006029B01,10,17,1,200023125
200600006092,2006-02-10,2006,février,vendredi,12:15,80,80627,49.82,2.222,2,1,2,1,1,3,2,02,2,3,0,50,1,0,1,3,1,62,5,1,2,1,0,1,1,200600006092B02,10,0,1,200071181
200600006117,2006-02-10,2006,février,vendredi,16:45,02,02810,49.259,3.065,1,3,3,1,1,3,2,02,3,3,0,75,1,0,1,3,1,49,5,3,0,0,2,7,19,200600006117B02,7,0,1,200071991
200600006162,2006-02-10,2006,février,vendredi,15:15,27,27148,48.976,0.454,1,1,1,1,1,3,2,02,-1,2,0,62,1,0,1,3,1,67,5,1,2,0,2,2,2,200600006162B02,13,2,1,200066413
200600006172,2006-02-17,2006,février,vendredi,17:00,27,27525,0,0,1,2,3,1,8,3,2,02,1,1,0,0,2,5,1,3,1,53,5,2,2,0,2,1,0,200600006172B02,7,19,1,200072312
200600006219,2006-02-19,2006,février,dimanche,17:00,56,56154,47.718,-2.19,1,1,2,1,8,3,3,01,1,1,0,66,1,0,1,4,1,73,5,3,0,0,2,4,2,200600006219B02,7,2,1,243500741
200600006238,2006-02-02,2006,février,jeudi,08:00,14,14614,0,0,2,9,2,3,1,3,2,02,-1,1,60,65,1,0,1,3,1,32,1,2,4,0,0,4,2,200600006238B02,7,2,1,200066801
200600006241,2006-02-06,2006,février,lundi,06:30,14,14308,49.209,-0.121,1,1,6,3,5,2,2,00,1,1,0,0,1,0,3,4,1,26,1,3,0,0,0,8,2,200600006241A01,,,,200065563
200600006293,2006-02-13,2006,février,lundi,14:15,44,44137,0,0,1,1,1,1,1,3,2,02,1,1,0,125,1,0,1,3,1,32,5,3,0,0,2,3,1,200600006293B02,7,15,1,200072734
200600006316,2006-02-08,2006,février,mercredi,11:45,49,49176,47.631,-0.713,2,1,6,1,1,4,-1,00,1,-1,0,82,1,0,0,4,2,65,3,3,0,0,0,5,1,200600006316A01,,,,200071868
200600006473,2006-02-22,2006,février,mercredi,07:30,79,79202,46.65,-0.248,2,6,6,5,2,4,1,00,2,2,70,32,2,5,1,4,1,50,1,3,0,0,0,0,0,200600006473A01,7,1,1,200041333
200600006499,2006-02-19,2006,février,dimanche,08:15,31,31407,0,0,1,1,4,1,1,3,2,02,1,1,0,60,1,0,1,1,1,51,5,1,2,0,0,4,1,200600006499B02,7,1,1,243100732
200600006499,2006-02-19,2006,février,dimanche,08:15,31,31407,0,0,1,1,4,1,1,3,2,02,1,1,0,60,1,0,1,3,1,66,0,1,2,0,0,4,1,200600006499C03,7,1,1,243100732
200600006499,2006-02-19,2006,février,dimanche,08:15,31,31407,0,0,1,1,4,1,1,3,2,02,1,1,0,60,1,0,1,3,1,57,0,1,2,0,0,4,1,200600006499D04,7,1,1,243100732
200600006499,2006-02-19,2006,février,dimanche,08:15,31,31407,0,0,1,1,4,1,1,3,2,02,1,1,0,60,1,0,1,3,1,54,0,1,2,0,0,4,1,200600006499E05,7,1,1,243100732
200600006499,2006-02-19,2006,février,dimanche,08:15,31,31407,0,0,1,1,4,1,1,3,2,02,1,1,0,60,1,0,1,2,1,72,0,1,2,0,0,4,1,200600006499F06,7,1,1,243100732
200600006499,2006-02-19,2006,février,dimanche,08:15,31,31407,0,0,1,1,4,1,1,3,2,02,1,1,0,60,1,0,1,3,1,50,0,1,2,0,0,4,1,200600006499G07,7,1,1,243100732
200600006499,2006-02-19,2006,février,dimanche,08:15,31,31407,0,0,1,1,4,1,1,3,2,02,1,1,0,60,1,0,1,3,1,69,0,1,2,0,0,4,1,200600006499H08,7,1,1,243100732
200600006525,2006-02-11,2006,février,samedi,15:15,09,09194,0,0,2,1,1,1,1,4,2,02,1,-1,0,0,1,0,1,4,1,14,5,3,0,0,2,1,1,200600006525A01,7,1,1,200044469
200600006619,2006-02-17,2006,février,vendredi,16:00,26,26235,0,0,1,1,3,1,1,4,-1,00,1,1,0,38,1,0,1,3,1,16,5,3,0,0,2,1,16,200600006619A01,7,1,1,200042901
200600006630,2006-02-17,2006,février,vendredi,06:00,38,38181,0,0,2,1,3,2,2,4,2,02,-1,1,71,0,2,0,1,3,1,21,2,1,2,0,2,7,19,200600006630B02,7,1,1,200018166
200600006643,2006-02-08,2006,février,mercredi,19:30,38,38012,45.593,5.611,1,1,2,3,2,3,2,02,1,1,0,0,2,0,1,4,2,41,1,1,4,0,2,4,2,200600006643B02,7,2,1,200068567
200600006651,2006-02-18,2006,février,samedi,15:45,38,38389,0,0,1,1,6,1,1,4,2,01,-1,1,0,40,1,0,1,3,1,2006,0,3,0,0,1,1,21,200600006651A01,,,,243801255
200600006720,2006-02-08,2006,février,mercredi,16:30,03,03126,46.082,3.442,1,1,1,1,2,3,2,02,-1,2,0,0,2,0,1,3,1,59,5,3,0,0,2,8,15,200600006720B02,7,1,1,200071363