Num_Acc,date,an,mois,jour,hrmn,dep,com,lat,long,agg,int,col,lum,atm,catr,circ,nbv,prof,plan,lartpc,larrout,surf,infra,situ,grav,sexe,age,trajet,secuexist,equipement,obs,obsm,choc,manv,vehiculeid,typevehicules,manoeuvehicules,numVehicules,_infos_commune.code_epci
200600012858,2006-03-02,2006,mars,jeudi,15:20,59,59295,0,0,2,1,1,1,7,4,2,02,1,1,0,70,1,0,1,3,1,68,5,3,9,0,2,1,1,200600012858A01,7,1,1,200040947
200600012860,2006-03-03,2006,mars,vendredi,07:30,59,59350,0,0,2,3,6,2,1,3,2,02,1,1,0,72,1,0,1,4,1,18,9,2,2,0,2,1,15,200600012860A01,7,2,1,200093201
200600012864,2006-03-06,2006,mars,lundi,17:50,59,59350,0,0,2,1,3,1,1,4,2,02,1,1,0,70,1,0,1,4,1,15,2,3,9,0,2,1,13,200600012864A01,5,1,1,200093201
200600012867,2006-03-07,2006,mars,mardi,11:35,59,59343,0,0,2,1,2,1,1,4,2,02,1,1,0,100,1,0,5,4,1,46,1,2,2,1,0,1,1,200600012867A01,12,23,1,200093201
200600012872,2006-03-08,2006,mars,mercredi,19:35,59,59360,0,0,2,1,6,1,1,4,2,02,1,1,0,87,1,0,1,4,2,53,9,2,9,0,2,1,1,200600012872A01,7,1,1,200093201
200600012876,2006-03-12,2006,mars,dimanche,14:05,59,59350,0,0,2,2,6,1,1,4,2,04,1,1,0,0,1,0,1,4,2,23,9,3,9,0,2,1,19,200600012876A01,7,1,1,200093201
200600012878,2006-03-08,2006,mars,mercredi,12:10,59,59328,0,0,2,2,1,1,2,4,2,02,1,1,0,88,2,0,1,4,1,12,2,3,9,0,2,1,15,200600012878A01,7,1,1,200093201
200600012913,2006-03-08,2006,mars,mercredi,06:10,59,59512,0,0,2,3,3,5,1,4,2,02,1,1,0,0,1,0,1,3,1,34,4,3,2,0,2,1,1,200600012913B01,7,15,1,200093201
200600012920,2006-03-17,2006,mars,vendredi,12:20,59,59512,0,0,2,3,1,1,8,4,-1,00,1,1,0,0,1,0,1,3,1,19,0,3,2,0,2,1,1,200600012920B01,7,1,1,200093201
200600012922,2006-03-17,2006,mars,vendredi,15:55,59,59512,0,0,2,1,3,1,1,4,2,02,1,1,0,0,1,0,1,3,2,12,2,3,2,0,2,1,19,200600012922B01,7,1,1,200093201
200600012925,2006-03-23,2006,mars,jeudi,16:45,59,59512,0,0,2,2,1,1,1,4,2,02,1,1,0,0,1,0,1,3,1,15,5,3,2,0,2,1,1,200600012925B01,7,13,1,200093201
200600012936,2006-03-23,2006,mars,jeudi,13:35,59,59526,0,0,2,1,3,1,1,4,2,02,-1,1,0,69,1,0,1,3,2,61,5,3,9,0,2,0,2,200600012936B01,7,17,1,200042190
200600012951,2006-03-24,2006,mars,vendredi,22:50,59,59603,0,0,1,1,2,3,2,3,2,02,1,1,0,70,2,0,1,4,1,66,0,3,2,0,2,4,1,200600012951B01,7,1,1,200042190
200600012988,2006-03-29,2006,mars,mercredi,11:00,62,62178,0,0,2,3,3,1,1,4,2,02,4,1,0,135,1,0,1,3,2,40,4,3,9,0,2,1,1,200600012988B01,7,15,1,200072460
200600012994,2006-03-06,2006,mars,lundi,09:55,62,62215,0,0,2,1,3,1,1,3,2,02,1,2,0,76,1,0,1,4,1,58,5,1,9,0,2,8,2,200600012994B01,7,17,1,246200299
200600013036,2006-03-21,2006,mars,mardi,12:30,63,63113,0,0,1,1,2,1,8,4,3,03,1,1,0,110,2,0,1,3,1,41,5,1,2,0,2,4,1,200600013036B01,5,9,1,246300701
200600013037,2006-03-22,2006,mars,mercredi,08:45,63,63113,0,0,2,1,6,1,1,4,2,02,1,1,0,0,1,0,1,4,1,40,9,1,2,0,1,1,1,200600013037A01,,,,246300701
200600013085,2006-03-18,2006,mars,samedi,14:15,64,64445,0,0,2,1,1,1,1,4,2,02,1,1,0,90,1,0,1,4,2,84,5,2,9,0,2,1,15,200600013085A01,7,1,1,200067254
200600013094,2006-03-08,2006,mars,mercredi,11:05,64,64545,0,0,1,1,6,1,1,2,2,02,2,1,0,70,1,0,1,4,1,53,5,1,2,16,0,0,21,200600013094A01,13,15,1,200067106
200600013096,2006-03-31,2006,mars,vendredi,09:05,64,64130,0,0,2,1,1,1,1,4,2,02,1,1,0,70,1,0,1,4,1,34,5,3,2,0,2,1,1,200600013096B01,7,15,1,200067106
200600013103,2006-03-29,2006,mars,mercredi,17:17,65,65286,0,0,2,1,3,1,1,4,-1,00,1,1,0,76,1,0,1,4,1,31,5,2,2,0,2,0,5,200600013103A01,7,1,1,200069300
200600013113,2006-03-14,2006,mars,mardi,16:50,65,65440,0,0,2,6,3,1,1,4,1,02,1,2,0,70,1,0,1,3,2,71,0,3,9,0,0,1,1,200600013113B01,7,1,1,200069300
200600013159,2006-03-15,2006,mars,mercredi,10:20,67,67482,0,0,2,3,1,1,1,4,2,03,1,1,0,126,1,5,1,3,1,25,2,1,4,0,2,1,19,200600013159B01,7,16,1,246700488
200600013164,2006-03-17,2006,mars,vendredi,23:40,67,67482,0,0,2,3,3,5,1,4,2,02,1,1,0,60,1,0,1,4,1,33,5,3,9,0,2,3,19,200600013164B01,7,15,1,246700488
200600013170,2006-03-23,2006,mars,jeudi,07:35,67,67043,0,0,2,2,3,1,1,4,1,01,2,1,0,30,2,5,1,4,1,13,5,1,9,0,2,1,19,200600013170B01,7,1,1,246700488
200600013174,2006-03-26,2006,mars,dimanche,21:05,67,67267,0,0,2,2,3,5,1,4,2,02,1,1,0,49,1,0,1,4,1,15,5,3,9,0,2,1,19,200600013174A01,7,1,1,246700488
200600013175,2006-03-27,2006,mars,lundi,17:00,67,67482,0,0,2,3,6,1,8,4,1,01,1,1,0,58,1,0,1,1,1,30,5,3,9,0,1,1,1,200600013175A01,,,,246700488
200600013179,2006-03-30,2006,mars,jeudi,16:05,67,67482,0,0,2,2,3,1,1,4,2,03,1,1,0,97,1,0,1,4,1,34,1,2,9,0,2,1,19,200600013179A01,7,15,1,246700488
200600013185,2006-03-16,2006,mars,jeudi,21:00,68,68066,0,0,2,1,3,2,1,4,2,02,1,1,0,70,1,0,1,4,1,71,5,3,4,1,0,1,17,200600013185B01,7,24,1,246800726
200600013209,2006-03-28,2006,mars,mardi,18:57,69,69259,0,0,2,2,3,1,1,4,3,05,1,1,32,190,1,0,1,4,1,17,5,3,9,0,2,1,1,200600013209A01,7,1,1,200046977
200600013215,2006-03-05,2006,mars,dimanche,17:10,69,69266,0,0,2,1,6,1,8,9,2,00,1,1,0,0,1,0,5,2,1,59,5,2,2,0,5,1,1,200600013215A01,,,,200046977
200600013221,2006-03-23,2006,mars,jeudi,13:30,69,69266,0,0,2,1,6,1,8,4,2,02,1,1,0,0,1,0,1,4,2,35,0,1,9,0,2,1,0,200600013221B01,7,0,1,200046977
200600013222,2006-03-26,2006,mars,dimanche,14:15,69,69266,0,0,2,1,3,1,1,4,1,02,1,1,0,75,1,0,1,4,2,29,5,1,2,0,2,8,1,200600013222B01,7,22,1,200046977
200600013236,2006-03-15,2006,mars,mercredi,17:30,71,71153,0,0,2,6,2,1,1,4,2,02,1,2,0,40,1,5,1,4,1,62,5,1,2,0,2,4,1,200600013236B01,7,1,1,247100290
200600013245,2006-03-28,2006,mars,mardi,20:15,71,71306,0,0,2,2,6,2,2,4,2,02,1,1,0,51,2,0,1,4,1,14,5,2,4,0,2,1,15,200600013245B01,7,1,1,247100290
200600013247,2006-03-26,2006,mars,dimanche,10:00,71,71040,0,0,2,1,6,1,1,3,2,02,1,1,0,66,1,0,1,3,1,48,9,2,2,1,2,4,1,200600013247B01,7,1,1,247100290
200600013262,2006-03-22,2006,mars,mercredi,07:45,72,72181,0,0,2,3,3,1,2,9,2,02,1,1,0,84,2,0,1,4,1,51,9,3,0,0,0,1,1,200600013262B01,7,1,1,247200132
200600013272,2006-03-28,2006,mars,mardi,18:15,72,72181,0,0,2,1,1,1,1,9,2,02,1,1,0,70,2,0,1,4,2,50,9,3,2,0,0,1,1,200600013272B01,7,16,1,247200132
200600013303,2006-03-04,2006,mars,samedi,14:30,75,75011,0,0,2,3,3,1,1,4,1,04,1,1,0,120,1,0,1,4,1,35,4,1,2,0,2,3,19,200600013303A01,7,1,1,
200600013324,2006-03-01,2006,mars,mercredi,09:45,75,75019,0,0,2,2,3,1,4,4,1,02,1,1,0,60,7,0,1,4,1,42,9,3,0,0,2,1,17,200600013324B01,14,22,1,
200600013341,2006-03-01,2006,mars,mercredi,12:55,75,75012,0,0,2,2,3,1,1,4,2,04,1,1,0,120,1,0,1,4,1,64,5,3,0,0,2,3,19,200600013341A01,7,1,1,
200600013347,2006-03-01,2006,mars,mercredi,15:45,75,75019,0,0,2,4,3,1,1,4,1,01,1,1,0,30,1,0,1,4,2,12,5,3,0,0,2,2,19,200600013347A01,5,1,1,
200600013350,2006-03-01,2006,mars,mercredi,19:25,75,75020,0,0,2,2,3,2,1,4,2,02,1,1,0,60,1,0,1,4,1,29,4,3,0,0,2,2,15,200600013350A01,7,16,1,
200600013361,2006-03-02,2006,mars,jeudi,10:00,75,75015,0,0,2,3,6,1,1,4,2,02,1,1,0,60,1,0,1,1,1,64,5,3,0,0,1,1,1,200600013361A01,,,,
200600013381,2006-03-03,2006,mars,vendredi,10:55,75,75015,0,0,2,1,6,1,2,4,2,04,1,1,0,120,2,0,1,1,2,24,5,3,0,0,1,1,1,200600013381A01,,,,
200600013391,2006-03-04,2006,mars,samedi,20:00,75,75018,0,0,2,2,6,5,1,4,2,04,1,1,0,120,1,0,1,1,1,27,5,3,0,0,1,1,16,200600013391A01,,,,
200600013407,2006-03-06,2006,mars,lundi,14:55,75,75010,0,0,2,2,6,1,1,4,2,04,1,1,0,120,1,0,4,1,1,34,9,3,0,0,1,1,1,200600013407A01,,,,
200600013412,2006-03-05,2006,mars,dimanche,18:15,75,75005,0,0,2,2,3,1,1,4,1,02,1,1,0,60,1,0,1,4,2,66,5,3,0,0,2,1,1,200600013412A01,7,1,1,
200600013413,2006-03-05,2006,mars,dimanche,15:35,75,75012,0,0,2,3,3,1,1,4,2,02,1,1,0,60,1,0,1,3,2,36,9,3,0,0,2,6,11,200600013413A01,7,1,1,
200600013422,2006-03-06,2006,mars,lundi,17:25,75,75020,0,0,2,1,3,1,1,4,2,02,1,1,0,60,1,0,1,4,2,30,4,3,0,0,2,3,1,200600013422B01,7,17,1,
200600013434,2006-03-07,2006,mars,mardi,13:20,75,75006,0,0,2,1,6,1,1,4,2,02,1,1,0,60,1,0,1,4,2,37,4,3,0,0,1,1,1,200600013434A01,,,,
200600013436,2006-03-07,2006,mars,mardi,20:15,75,75005,0,0,2,3,6,5,2,4,2,04,1,1,0,120,2,0,1,1,1,26,5,3,0,0,1,1,7,200600013436A01,,,,
200600013518,2006-03-12,2006,mars,dimanche,11:15,75,75012,0,0,2,2,2,1,1,4,2,04,1,1,0,120,1,0,1,3,1,43,5,3,0,0,2,1,21,200600013518A01,1,1,1,
200600013518,2006-03-12,2006,mars,dimanche,11:15,75,75012,0,0,2,2,2,1,1,4,2,04,1,1,0,120,1,0,1,4,1,56,5,3,0,0,2,4,1,200600013518B01,1,21,1,
200600013540,2006-03-13,2006,mars,lundi,08:50,75,75014,0,0,2,2,3,1,1,4,2,03,1,1,0,90,1,0,1,4,2,29,4,3,0,0,2,3,15,200600013540A01,5,1,1,
200600013551,2006-03-14,2006,mars,mardi,19:30,75,75010,0,0,2,1,7,5,1,4,1,04,1,1,0,120,1,0,1,4,1,36,5,3,0,0,0,0,21,200600013551A01,,,,
200600013552,2006-03-14,2006,mars,mardi,17:24,75,75010,0,0,2,1,3,1,1,4,1,02,1,1,0,60,1,0,1,4,1,34,4,3,0,0,2,3,1,200600013552B01,7,16,1,
200600013559,2006-03-14,2006,mars,mardi,13:00,75,75015,0,0,2,1,3,1,1,4,2,02,1,1,0,60,1,0,1,4,1,21,5,3,0,0,2,1,1,200600013559B01,7,22,1,
200600013634,2006-03-16,2006,mars,jeudi,17:15,75,75010,0,0,2,3,3,1,1,4,1,02,1,1,0,60,1,0,1,4,2,32,5,3,0,0,2,2,1,200600013634B01,7,22,1,
200600013664,2006-03-17,2006,mars,vendredi,09:15,75,75008,0,0,2,3,7,1,1,4,1,04,1,1,0,120,1,0,1,4,1,24,9,3,0,0,0,0,16,200600013664A01,,,,
200600013666,2006-03-17,2006,mars,vendredi,15:40,75,75010,0,0,2,1,6,1,1,4,1,02,1,1,0,60,1,0,1,4,1,19,5,3,0,0,2,4,1,200600013666B01,7,1,1,
200600013677,2006-03-18,2006,mars,samedi,12:20,75,75015,0,0,2,1,7,1,1,4,2,02,1,1,0,60,1,0,1,4,2,85,5,3,0,0,0,0,21,200600013677A01,,,,
200600013682,2006-03-17,2006,mars,vendredi,09:05,75,75015,0,0,2,1,3,1,1,4,2,04,1,1,0,120,1,0,1,4,1,37,4,3,0,0,2,3,1,200600013682B01,4,21,1,
200600013714,2006-03-20,2006,mars,lundi,09:45,75,75005,0,0,2,2,3,1,1,4,2,02,1,1,0,60,1,0,1,4,1,36,1,3,0,0,2,2,1,200600013714B01,7,22,1,
200600013715,2006-03-20,2006,mars,lundi,10:25,75,75007,0,0,2,3,6,1,1,4,1,01,1,1,0,30,1,0,1,1,2,52,1,3,0,0,1,1,1,200600013715A01,,,,
200600013725,2006-03-20,2006,mars,lundi,18:00,75,75015,0,0,2,2,3,1,2,4,2,02,1,1,0,60,2,0,1,4,1,14,5,3,0,0,2,1,1,200600013725B01,7,15,1,
200600013734,2006-03-27,2006,mars,lundi,14:50,75,75013,0,0,2,1,3,1,1,4,2,04,1,1,0,120,1,0,1,4,1,41,5,3,0,0,2,1,1,200600013734B01,7,22,1,
200600013739,2006-03-21,2006,mars,mardi,08:45,75,75004,0,0,2,2,6,1,2,4,1,01,1,1,0,30,2,0,1,1,2,42,1,3,0,0,1,1,1,200600013739A01,,,,
200600013740,2006-03-21,2006,mars,mardi,15:39,75,75006,0,0,2,2,3,1,1,4,2,02,1,1,0,60,1,0,1,4,1,32,5,3,0,0,2,3,1,200600013740B01,18,0,1,
200600013743,2006-03-21,2006,mars,mardi,13:05,75,75010,0,0,2,1,6,1,1,4,2,04,1,1,0,120,2,0,1,1,1,25,5,3,0,0,1,1,1,200600013743A01,,,,
200600013778,2006-03-22,2006,mars,mercredi,09:05,75,75019,0,0,2,4,3,1,2,4,2,02,2,1,0,60,2,0,1,3,1,48,5,3,0,0,2,2,17,200600013778A01,7,15,1,
200600013797,2006-03-25,2006,mars,samedi,11:02,75,75016,0,0,2,4,7,1,1,4,2,02,1,1,0,60,1,0,1,4,1,47,5,3,0,0,0,0,1,200600013797A01,,,,
200600013832,2006-03-30,2006,mars,jeudi,08:25,75,75011,0,0,2,4,1,1,2,4,2,04,1,1,0,120,2,0,1,4,1,42,4,2,2,0,2,1,5,200600013832A01,7,15,1,
200600013836,2006-03-30,2006,mars,jeudi,09:20,75,75019,0,0,2,3,2,1,2,4,1,04,1,3,0,120,2,0,1,4,1,37,1,3,0,0,2,4,1,200600013836B01,7,17,1,
200600013838,2006-03-29,2006,mars,mercredi,02:35,75,75001,0,0,2,3,6,5,2,4,2,04,1,1,0,120,2,0,1,4,1,30,5,3,0,0,2,1,1,200600013838B01,7,0,1,
200600013839,2006-03-29,2006,mars,mercredi,17:40,75,75013,0,0,2,1,3,1,1,4,1,03,1,1,0,90,1,0,1,4,2,62,5,3,0,0,2,3,19,200600013839A01,10,1,1,
200600013877,2006-03-23,2006,mars,jeudi,09:10,75,75020,0,0,2,1,6,1,1,4,2,04,1,1,0,120,1,0,1,4,1,32,1,3,0,0,2,3,1,200600013877B01,7,0,1,
200600013887,2006-03-24,2006,mars,vendredi,08:20,75,75020,0,0,2,1,3,1,2,4,2,02,1,1,0,60,2,0,1,4,1,46,4,3,0,0,2,1,1,200600013887B01,7,9,1,
200600013908,2006-03-31,2006,mars,vendredi,18:15,75,75016,0,0,2,1,3,1,1,4,2,04,1,1,0,120,1,0,1,4,2,24,4,3,0,0,2,3,18,200600013908B01,7,22,1,
200600013920,2006-03-28,2006,mars,mardi,08:50,75,75003,0,0,2,2,3,1,1,4,1,03,1,1,0,90,1,0,1,4,2,58,4,3,0,0,2,2,9,200600013920B01,4,15,1,
200600013925,2006-03-31,2006,mars,vendredi,19:00,75,75006,0,0,2,1,6,5,1,4,1,03,1,1,0,90,1,0,1,1,2,39,5,3,0,0,2,3,19,200600013925A01,18,7,1,
200600013958,2006-03-25,2006,mars,samedi,21:35,76,76217,0,0,2,1,2,5,8,4,1,01,1,1,0,48,2,0,1,4,1,26,5,3,0,0,2,3,0,200600013958B01,7,0,1,247600786
200600013976,2006-03-15,2006,mars,mercredi,15:25,76,76575,0,0,2,1,2,1,1,4,3,02,2,3,0,80,1,0,1,4,2,56,5,3,9,0,2,3,2,200600013976B01,7,16,1,200023414
200600013981,2006-03-18,2006,mars,samedi,14:20,76,76216,0,0,2,1,7,1,1,4,2,02,2,4,0,60,1,0,1,4,1,45,1,3,9,15,0,9,1,200600013981A01,,,,200023414
200600014008,2006-03-29,2006,mars,mercredi,10:25,77,77438,0,0,2,6,6,1,2,3,2,04,1,1,10,72,2,3,1,4,1,51,3,2,2,0,2,9,1,200600014008B01,14,1,1,247700594
200600014022,2006-03-22,2006,mars,mercredi,12:35,77,77284,0,0,2,1,2,1,1,2,3,04,1,1,10,120,1,0,1,4,1,38,3,1,2,0,2,1,2,200600014022A01,7,23,1,200072130
200600014037,2006-03-25,2006,mars,samedi,13:50,77,77390,0,0,2,1,3,1,1,4,3,02,1,1,0,0,1,0,1,3,2,15,2,2,2,0,2,8,0,200600014037B01,7,1,1,200057958
200600014039,2006-03-12,2006,mars,dimanche,18:30,77,77390,0,0,2,1,6,2,1,4,-1,02,1,1,0,0,1,0,1,4,1,44,1,2,2,1,0,1,2,200600014039B01,7,1,1,200057958
200600014056,2006-03-20,2006,mars,lundi,08:10,78,78208,0,0,2,6,3,1,1,4,2,02,1,-1,0,60,1,0,5,4,1,18,9,2,4,0,1,3,19,200600014056B01,7,16,1,200058782
200600014099,2006-03-05,2006,mars,dimanche,07:55,78,78586,0,0,2,2,3,1,1,4,2,02,1,1,0,80,1,0,1,4,1,74,5,3,9,0,2,1,1,200600014099B01,7,15,1,200058519
200600014101,2006-03-10,2006,mars,vendredi,07:55,78,78586,0,0,2,3,3,1,1,3,3,02,1,1,22,26,1,1,5,4,1,17,2,3,9,0,2,1,5,200600014101A01,7,16,1,200058519
200600014107,2006-03-01,2006,mars,mercredi,19:50,78,78621,0,0,2,1,3,5,4,4,2,02,1,1,0,700,2,0,4,4,2,9,5,3,9,0,2,1,0,200600014107A01,7,23,1,200058782
200600014130,2006-03-17,2006,mars,vendredi,16:00,78,78646,0,0,2,2,6,1,1,4,1,01,1,1,0,25,1,0,1,4,1,16,9,2,2,1,0,1,15,200600014130A01,,,,247800584
200600014190,2006-03-25,2006,mars,samedi,15:45,81,81065,0,0,2,1,3,1,1,4,2,02,1,1,0,0,1,0,1,3,2,79,5,2,9,0,2,8,1,200600014190B01,7,17,1,248100430
200600014226,2006-03-29,2006,mars,mercredi,11:00,83,83069,0,0,1,1,3,2,1,3,2,02,1,1,0,45,1,0,1,3,1,63,5,1,2,0,2,8,19,200600014226B01,7,16,1,248300543
200600014233,2006-03-20,2006,mars,lundi,07:30,83,83129,0,0,2,6,2,1,1,3,-1,00,1,2,170,86,1,5,1,4,1,43,1,1,2,0,2,4,2,200600014233B01,7,2,1,248300543
200600014274,2006-03-03,2006,mars,vendredi,17:20,84,84007,0,0,2,1,6,1,1,2,3,02,1,1,20,70,1,0,1,4,1,31,1,1,2,0,2,4,19,200600014274A01,7,1,1,248400251
200600014283,2006-03-23,2006,mars,jeudi,13:45,84,84007,0,0,2,3,3,1,1,2,2,00,1,1,0,160,1,0,5,3,1,72,5,2,2,0,2,8,1,200600014283B01,7,16,1,248400251
200600014291,2006-03-31,2006,mars,vendredi,16:45,84,84007,0,0,2,2,3,1,1,2,3,06,1,1,20,200,1,1,1,2,1,14,5,2,2,0,2,5,19,200600014291A01,10,1,1,248400251
200600014292,2006-03-29,2006,mars,mercredi,11:20,84,84031,0,0,2,1,2,1,1,4,2,02,1,1,0,68,1,0,1,3,1,8,5,3,9,0,2,1,19,200600014292B01,7,1,1,248400053
200600014293,2006-03-02,2006,mars,jeudi,08:00,84,84035,0,0,2,1,3,1,1,4,2,03,1,1,0,70,1,0,1,4,1,14,0,1,4,0,2,3,15,200600014293A01,7,1,1,200040442
200600014303,2006-03-05,2006,mars,dimanche,15:49,85,85191,0,0,2,2,3,1,1,4,-1,01,1,1,0,73,1,0,1,4,1,15,9,2,2,0,2,1,2,200600014303B01,7,19,1,248500589
200600014335,2006-03-01,2006,mars,mercredi,13:52,87,87085,0,0,2,2,3,1,1,2,2,02,2,1,0,80,1,5,1,4,1,57,5,3,2,0,2,1,1,200600014335B01,7,1,1,248719312
200600014373,2006-03-20,2006,mars,lundi,14:30,88,88424,0,0,2,1,6,1,1,4,2,02,1,-1,0,40,1,5,1,4,1,49,5,3,9,0,2,8,1,200600014373B01,17,1,1,200071066
200600014382,2006-03-16,2006,mars,jeudi,08:10,90,90010,0,0,2,1,2,1,1,4,2,02,1,1,0,0,1,0,1,3,1,16,0,3,9,0,2,1,2,200600014382B01,15,4,1,200069052
200600014384,2006-03-18,2006,mars,samedi,15:55,90,90099,0,0,2,3,3,1,1,4,-1,02,1,1,0,0,1,0,1,4,1,53,3,1,9,0,2,3,1,200600014384B01,7,1,1,200069052
200600014389,2006-03-19,2006,mars,dimanche,17:10,91,91114,0,0,2,3,3,1,1,4,2,02,1,1,20,50,1,0,1,3,1,27,5,2,2,0,2,2,1,200600014389B01,7,6,1,200058477
200600014422,2006-03-13,2006,mars,lundi,15:00,91,91326,0,0,2,1,6,1,1,4,2,02,1,1,0,67,1,0,1,1,1,23,5,3,9,0,1,1,1,200600014422B01,7,1,1,200054781
200600014482,2006-03-11,2006,mars,samedi,11:15,92,92071,0,0,2,4,3,1,1,3,3,02,1,1,20,95,1,0,1,3,1,19,2,3,9,0,2,1,16,200600014482B01,7,1,1,200054781
200600014505,2006-03-01,2006,mars,mercredi,17:00,92,92025,0,0,2,1,6,1,1,4,1,01,2,1,0,60,1,0,1,4,2,84,5,3,9,0,5,1,1,200600014505B01,,,,200054781
200600014534,2006-03-12,2006,mars,dimanche,09:45,92,92040,0,0,2,6,3,1,1,3,2,03,1,1,0,0,1,0,1,4,1,60,5,3,9,0,2,1,1,200600014534B01,7,9,1,200054781
200600014569,2006-03-28,2006,mars,mardi,12:45,92,92050,0,0,2,1,7,1,3,4,2,02,1,1,0,80,2,0,1,4,1,39,1,2,2,0,2,1,15,200600014569B01,14,1,1,200054781
200600014570,2006-03-28,2006,mars,mardi,15:20,92,92050,0,0,2,3,3,1,1,3,2,02,1,1,0,80,1,0,1,4,1,52,3,2,2,0,2,1,19,200600014570B01,7,16,1,200054781
200600014579,2006-03-22,2006,mars,mercredi,13:00,92,92051,0,0,2,1,3,1,2,4,3,00,1,1,0,0,2,0,1,4,2,50,5,3,9,0,2,1,2,200600014579B01,7,22,1,200054781
200600014613,2006-03-28,2006,mars,mardi,09:35,92,92046,0,0,2,3,3,1,1,3,3,04,1,1,0,63,1,5,1,4,2,30,1,3,9,0,2,8,1,200600014613B01,15,16,1,200054781
200600014641,2006-03-25,2006,mars,samedi,09:00,93,93008,0,0,2,6,3,1,8,2,3,02,-1,-1,0,0,-1,0,1,3,1,22,9,3,9,0,2,0,5,200600014641B01,7,9,1,200054781
200600014721,2006-03-07,2006,mars,mardi,11:25,93,93053,0,0,2,2,6,1,1,3,2,02,1,1,0,80,1,5,1,4,1,82,0,2,2,0,2,0,2,200600014721B01,20,2,1,200054781
200600014779,2006-03-19,2006,mars,dimanche,18:22,93,93073,0,0,2,3,1,1,1,3,-1,02,1,1,30,30,1,0,1,4,1,15,5,3,9,0,2,1,11,200600014779B01,7,2,1,200054781
200600014789,2006-03-03,2006,mars,vendredi,08:10,94,94002,0,0,2,2,3,2,3,4,2,01,1,1,0,50,2,0,1,4,2,53,1,2,2,0,2,1,1,200600014789A01,7,1,1,200054781
200600014854,2006-03-27,2006,mars,lundi,17:40,94,94028,48.781,0,2,1,1,1,1,3,2,03,-1,2,0,180,1,0,1,3,2,43,1,3,9,0,0,1,1,200600014854B01,7,15,1,200054781
200600014874,2006-03-30,2006,mars,jeudi,11:45,94,94041,0,0,2,1,3,1,1,4,1,02,-1,-1,0,0,-1,0,0,3,1,32,0,3,2,1,0,1,21,200600014874B01,7,22,1,200054781
200600014881,2006-03-06,2006,mars,lundi,13:20,94,94046,0,0,2,1,3,1,1,4,2,02,1,1,0,98,1,0,1,4,1,15,2,3,9,0,2,2,19,200600014881A01,7,21,1,200054781
200600014882,2006-03-09,2006,mars,jeudi,21:20,94,94046,0,0,2,3,3,5,1,2,2,04,1,1,0,90,1,0,1,4,1,27,0,3,2,0,2,9,1,200600014882A01,7,16,1,200054781
200600014898,2006-03-16,2006,mars,jeudi,09:15,94,94052,0,0,2,1,2,1,1,4,1,00,1,1,0,0,1,0,1,4,1,19,2,2,2,0,2,1,1,200600014898A01,7,20,1,200054781
200600014941,2006-03-10,2006,mars,vendredi,16:20,95,95018,0,0,2,1,3,1,1,2,3,05,1,1,63,182,1,0,1,4,1,48,1,3,9,0,2,1,1,200600014941A01,7,16,1,200054781
200600014954,2006-03-15,2006,mars,mercredi,17:10,95,95063,0,0,2,1,3,1,1,4,1,01,1,1,0,0,1,0,1,4,1,14,5,3,9,0,2,1,16,200600014954A01,7,1,1,200058519
200600014977,2006-03-16,2006,mars,jeudi,17:10,95,95563,0,0,2,3,3,1,1,3,2,02,1,1,0,50,1,0,1,4,1,13,9,2,2,0,2,1,1,200600014977B01,7,15,1,200058485
200600015259,2006-03-22,2006,mars,mercredi,08:15,69,69383,0,0,2,2,3,1,1,4,1,01,1,1,0,0,1,0,1,4,2,38,1,1,9,0,2,7,1,200600015259B01,7,4,1,200046977
200600015303,2006-03-03,2006,mars,vendredi,15:30,69,69388,0,0,2,1,2,1,1,4,1,00,1,1,0,80,1,0,1,4,1,19,1,2,9,0,2,1,1,200600015303A01,7,23,1,200046977
200600015306,2006-03-16,2006,mars,jeudi,09:10,69,69388,0,0,2,1,6,1,1,4,2,03,1,1,0,68,1,0,1,4,1,18,0,3,9,1,2,1,1,200600015306B01,7,22,1,200046977
200600015404,2006-03-15,2006,mars,mercredi,15:45,59,59080,0,0,2,1,3,1,7,3,2,02,4,-1,0,50,1,0,1,3,1,32,5,3,0,0,0,5,1,200600015404B02,7,16,1,200041960
200600015509,2006-03-05,2006,mars,dimanche,12:45,27,27031,0,0,1,1,1,1,7,4,2,00,1,1,0,49,1,0,1,3,1,20,0,3,0,1,0,1,0,200600015509B02,7,23,1,200071454
200600015539,2006-03-26,2006,mars,dimanche,17:45,35,35171,0,0,1,1,6,1,1,3,2,00,-1,1,0,0,1,0,1,3,1,8,5,1,2,0,0,3,2,200600015539A01,,,,200038990
200600015540,2006-03-31,2006,mars,vendredi,18:15,35,35184,0,0,1,1,3,1,1,2,2,00,3,1,0,0,1,0,1,3,1,17,5,1,2,0,0,8,19,200600015540A01,7,1,1,200038990
200600015673,2006-03-06,2006,mars,lundi,08:00,44,44018,0,0,1,1,3,1,1,3,2,02,-1,1,0,65,2,0,1,2,1,14,2,3,0,0,2,8,15,200600015673B02,5,17,1,244400404
200600015696,2006-03-10,2006,mars,vendredi,13:30,49,49078,47.331,-0.418,1,1,2,1,1,3,2,02,1,1,64,80,1,5,1,3,1,68,5,3,0,0,2,4,15,200600015696A01,7,1,1,
200600015722,2006-03-15,2006,mars,mercredi,17:00,49,49277,0,0,2,1,3,1,1,3,2,00,1,3,0,0,1,0,1,3,1,69,5,3,0,0,2,2,1,200600015722B02,7,15,1,
200600015729,2006-03-26,2006,mars,dimanche,18:45,53,53064,48.341,-0.743,2,2,3,1,1,3,2,02,4,3,0,51,1,0,1,2,2,10,5,2,2,0,2,8,19,200600015729B02,7,1,1,245300389
200600015752,2006-03-01,2006,mars,mercredi,13:30,85,85092,46.468,-0.792,2,6,1,1,1,4,-1,00,1,2,0,0,1,5,1,3,1,42,1,3,0,0,2,5,1,200600015752B02,7,19,1,200071934
200600015776,2006-03-28,2006,mars,mardi,17:40,33,33274,0,0,2,1,3,1,7,3,2,02,4,3,0,68,1,5,1,4,1,24,5,2,2,0,2,7,1,200600015776B02,7,15,1,243301264