Num_Acc,date,an,mois,jour,hrmn,dep,com,lat,long,agg,int,col,lum,atm,catr,circ,nbv,prof,plan,lartpc,larrout,surf,infra,situ,grav,sexe,age,trajet,secuexist,equipement,obs,obsm,choc,manv,vehiculeid,typevehicules,manoeuvehicules,numVehicules,_infos_commune.code_epci
200600018648,2006-04-26,2006,avril,mercredi,15:45,37,37002,47.451,0.475,1,1,1,1,1,3,2,02,2,1,0,57,1,0,1,3,1,11,5,2,4,0,2,0,13,200600018648B02,7,17,1,200072981
200600018690,2006-04-30,2006,avril,dimanche,17:30,21,21171,47.297,5.134,2,1,3,1,1,4,2,02,1,1,0,70,1,0,1,4,1,9,5,3,0,0,2,7,5,200600018690A01,7,1,1,242100410
200600018692,2006-04-24,2006,avril,lundi,12:30,13,13040,0,0,1,1,3,1,1,4,2,00,1,1,9,39,1,0,1,3,1,52,5,2,2,0,2,1,19,200600018692A01,7,1,1,200054807
200600018739,2006-04-23,2006,avril,dimanche,18:00,31,31116,43.72,1.433,1,1,3,1,1,3,2,02,1,1,0,64,1,0,1,3,1,2006,5,3,0,0,2,8,15,200600018739B02,7,17,1,243100518
200600018794,2006-04-03,2006,avril,lundi,16:45,66,66172,0,0,2,1,1,1,1,4,3,00,-1,1,0,85,1,6,1,4,1,12,2,3,0,0,0,7,0,200600018794B02,7,0,1,200027183
200600018839,2006-04-14,2006,avril,vendredi,19:15,56,56243,47.626,-2.733,2,6,3,1,1,4,2,02,1,3,8,42,1,5,1,3,1,14,5,3,0,0,2,7,5,200600018839B02,7,16,1,200067932
200600018857,2006-04-04,2006,avril,mardi,15:30,38,38193,0,0,2,1,1,1,1,4,2,02,-1,-1,0,0,1,0,1,3,1,11,5,2,2,0,2,4,15,200600018857A01,7,0,1,243800604
200600018949,2006-04-07,2006,avril,vendredi,17:30,05,05023,0,0,2,1,3,1,1,3,2,02,2,2,0,0,1,0,1,4,2,20,1,3,2,0,2,8,1,200600018949B01,10,17,1,240500439
200600018961,2006-04-08,2006,avril,samedi,09:45,06,06004,0,0,2,2,1,1,1,4,2,02,2,1,0,76,1,0,1,3,1,56,0,3,2,0,2,0,0,200600018961B01,38,15,1,240600585
200600018968,2006-04-22,2006,avril,samedi,08:12,06,06004,0,0,2,1,1,1,1,4,1,02,2,1,0,48,1,0,1,3,1,73,5,3,9,14,0,1,1,200600018968B01,7,0,1,240600585
200600018971,2006-04-24,2006,avril,lundi,09:10,06,06004,0,0,2,6,6,1,1,4,2,02,1,2,0,121,1,5,1,3,1,61,5,2,9,1,0,1,1,200600018971A01,,,,240600585
200600018972,2006-04-26,2006,avril,mercredi,13:00,06,06004,0,0,2,1,2,1,1,4,2,02,1,-1,0,0,1,0,1,3,1,48,5,1,2,0,2,4,0,200600018972B01,7,1,1,240600585
200600018992,2006-04-27,2006,avril,jeudi,19:00,06,06027,0,0,2,1,3,2,1,4,-1,02,1,-1,0,0,1,0,1,3,2,20,9,3,9,0,0,1,5,200600018992A01,7,9,1,200030195
200600019025,2006-04-15,2006,avril,samedi,10:20,06,06029,0,0,2,1,3,1,1,4,3,02,1,1,11,68,1,0,1,4,1,57,5,1,2,1,2,7,17,200600019025B01,7,22,1,200039915
200600019034,2006-04-21,2006,avril,vendredi,18:05,06,06029,0,0,2,1,3,1,1,4,-1,01,1,-1,0,80,-1,0,0,4,1,9,0,1,9,0,2,1,0,200600019034B01,7,0,1,200039915
200600019039,2006-04-26,2006,avril,mercredi,09:30,06,06029,0,0,2,1,3,1,1,4,1,01,1,1,0,75,1,0,1,4,1,35,5,1,2,0,2,3,2,200600019039B01,7,22,1,200039915
200600019073,2006-04-03,2006,avril,lundi,16:10,06,06088,0,0,2,3,3,1,1,4,2,02,1,1,0,80,1,0,1,4,1,15,0,3,4,0,2,3,5,200600019073A01,7,2,1,200030195
200600019109,2006-04-11,2006,avril,mardi,17:50,06,06088,0,0,2,3,3,1,1,4,2,02,1,1,0,74,1,0,1,1,1,39,1,3,0,0,2,1,2,200600019109B01,2,15,1,200030195
200600019144,2006-04-19,2006,avril,mercredi,18:00,06,06088,0,0,2,2,6,1,1,4,1,03,1,1,0,60,1,0,1,1,1,40,9,1,2,0,2,1,2,200600019144C01,33 / 7,2 / 9,2,200030195
200600019206,2006-04-07,2006,avril,vendredi,11:38,07,07186,0,0,1,1,1,1,1,4,1,00,2,1,0,70,1,0,1,4,1,15,2,2,9,0,2,2,5,200600019206A01,7,13,1,200071413
200600019206,2006-04-07,2006,avril,vendredi,11:38,07,07186,0,0,1,1,1,1,1,4,1,00,2,1,0,70,1,0,1,4,1,16,0,2,9,0,2,2,5,200600019206A01,7,13,1,200071413
200600019206,2006-04-07,2006,avril,vendredi,11:38,07,07186,0,0,1,1,1,1,1,4,1,00,2,1,0,70,1,0,1,3,1,13,0,2,9,0,2,2,5,200600019206A01,7,13,1,200071413
200600019209,2006-04-08,2006,avril,samedi,11:20,08,08409,0,0,2,2,3,1,1,4,2,02,1,1,0,60,1,5,1,3,2,63,5,1,9,0,2,1,15,200600019209B01,7,1,1,200041630
200600019215,2006-04-20,2006,avril,jeudi,14:00,10,10387,0,0,2,1,3,1,1,4,2,02,1,1,0,68,1,0,1,3,1,7,5,3,9,0,0,8,19,200600019215A01,10,1,1,200069250
200600019216,2006-04-26,2006,avril,mercredi,15:45,10,10362,0,0,2,3,3,1,1,2,2,02,1,1,0,95,1,0,0,1,1,12,5,3,9,0,2,1,1,200600019216A01,1,1,1,200069250
200600019216,2006-04-26,2006,avril,mercredi,15:45,10,10362,0,0,2,3,3,1,1,2,2,02,1,1,0,95,1,0,0,3,1,79,5,3,9,0,0,7,1,200600019216B01,1,1,1,200069250
200600019226,2006-04-03,2006,avril,lundi,17:50,12,12145,0,0,1,1,1,1,1,4,2,02,4,3,0,81,1,0,1,3,1,15,9,2,2,0,2,1,13,200600019226B01,7,1,1,241200567
200600019238,2006-04-21,2006,avril,vendredi,17:08,13,13001,0,0,2,1,3,1,1,4,2,01,1,1,0,62,1,6,1,1,1,21,5,3,9,0,2,8,19,200600019238B01,7,1,1,200054807
200600019244,2006-04-06,2006,avril,jeudi,08:30,13,13004,0,0,2,1,7,1,1,4,2,02,2,1,0,57,1,2,1,4,2,70,5,2,9,0,2,8,1,200600019244A01,10,17,1,241300417
200600019300,2006-04-02,2006,avril,dimanche,10:40,13,13002,0,0,2,1,6,1,1,3,2,02,-1,-1,0,60,1,0,5,4,1,58,5,3,0,0,1,0,1,200600019300A01,,,,200054807
200600019300,2006-04-02,2006,avril,dimanche,10:40,13,13002,0,0,2,1,6,1,1,3,2,02,-1,-1,0,60,1,0,5,4,2,52,0,3,0,0,1,0,1,200600019300A01,,,,200054807
200600019340,2006-04-04,2006,avril,mardi,08:30,13,13055,0,0,2,3,3,1,1,4,2,02,1,1,0,60,1,0,1,3,1,54,1,2,2,0,0,4,0,200600019340B01,7,2,1,200054807
200600019343,2006-04-08,2006,avril,samedi,11:35,13,13055,0,0,2,1,2,1,1,4,1,00,1,1,0,62,1,0,1,4,1,23,5,3,2,0,2,6,2,200600019343A01,7,2,1,200054807
200600019354,2006-04-08,2006,avril,samedi,08:30,13,13055,0,0,2,1,3,1,1,4,3,01,1,1,0,45,1,0,1,4,1,50,5,3,0,0,2,1,1,200600019354B01,7,9,1,200054807
200600019423,2006-04-22,2006,avril,samedi,01:45,13,13055,0,0,2,6,3,5,1,4,2,06,1,1,0,169,1,0,1,4,2,20,5,2,4,0,2,1,6,200600019423A01,7,6,1,200054807
200600019436,2006-04-27,2006,avril,jeudi,19:35,13,13055,0,0,2,1,6,1,1,4,2,02,2,1,0,0,1,0,1,3,1,18,5,3,0,0,0,1,2,200600019436B01,7,2,1,200054807
200600019519,2006-04-04,2006,avril,mardi,17:10,13,13117,0,0,2,1,3,1,1,4,-1,00,2,1,0,0,1,0,1,4,1,15,5,3,0,0,2,3,13,200600019519A01,7,1,1,200054807
200600019545,2006-04-06,2006,avril,jeudi,17:35,14,14366,0,0,2,1,3,1,1,3,2,02,2,1,0,60,1,0,1,3,1,10,5,2,2,0,2,8,19,200600019545A01,7,1,1,200069532
200600019565,2006-04-14,2006,avril,vendredi,16:50,17,17300,0,0,2,2,3,1,1,4,2,02,1,1,0,50,1,0,1,4,1,63,5,3,9,0,2,3,15,200600019565A01,7,1,1,241700434
200600019567,2006-04-15,2006,avril,samedi,15:15,17,17300,0,0,2,1,6,1,1,9,-1,01,1,1,0,20,1,6,0,1,1,19,5,1,4,0,1,1,1,200600019567A01,,,,241700434
200600019569,2006-04-17,2006,avril,lundi,11:00,17,17300,0,0,2,1,3,1,1,4,1,01,1,-1,0,50,1,0,5,4,1,45,0,3,9,0,2,3,1,200600019569B01,7,16,1,241700434
200600019574,2006-04-21,2006,avril,vendredi,18:40,17,17300,0,0,2,1,2,1,1,4,2,02,1,1,0,70,1,0,1,4,1,18,5,1,9,0,2,3,13,200600019574B01,7,1,1,241700434
200600019576,2006-04-25,2006,avril,mardi,10:50,17,17300,0,0,2,1,3,1,1,4,2,02,1,1,0,0,1,0,1,4,2,10,5,1,2,0,2,8,19,200600019576B01,7,1,1,241700434
200600019619,2006-04-21,2006,avril,vendredi,16:03,21,21054,0,0,2,6,6,1,1,3,2,02,1,1,0,0,1,5,1,4,1,60,5,2,2,0,2,1,16,200600019619A01,7,23,1,200006682
200600019627,2006-04-04,2006,avril,mardi,08:02,21,21355,0,0,2,1,6,1,1,4,2,02,1,1,0,60,1,0,1,1,1,46,1,1,2,0,1,1,1,200600019627A01,,,,242100410
200600019628,2006-04-04,2006,avril,mardi,09:23,21,21231,0,0,2,2,3,1,7,4,2,02,1,1,0,58,1,0,1,4,1,49,1,3,2,0,2,1,1,200600019628B01,7,1,1,242100410
200600019649,2006-04-12,2006,avril,mercredi,14:45,22,22106,0,0,2,3,1,1,1,4,2,02,1,3,0,0,1,0,1,4,1,9,5,2,2,0,2,8,19,200600019649B01,7,1,1,200069409
200600019655,2006-04-18,2006,avril,mardi,12:50,22,22215,0,0,2,2,3,1,1,4,2,02,1,1,0,70,1,0,1,3,1,75,5,3,9,0,2,1,15,200600019655A01,7,1,1,200069409
200600019660,2006-04-07,2006,avril,vendredi,14:00,23,23096,0,0,1,1,2,1,1,4,2,02,1,1,0,77,1,0,1,3,1,59,5,3,0,0,2,8,2,200600019660B01,7,2,1,200034825
200600019663,2006-04-05,2006,avril,mercredi,11:08,24,24037,0,0,2,2,2,1,1,2,2,01,1,1,0,80,1,0,1,2,1,57,5,3,9,0,2,4,1,200600019663B01,17,1,1,200070647
200600019679,2006-04-07,2006,avril,vendredi,12:00,25,25056,0,0,1,1,6,1,1,4,-1,01,1,1,0,40,1,0,0,3,1,42,5,1,2,0,1,1,1,200600019679A01,,,,242500361
200600019706,2006-04-04,2006,avril,mardi,12:50,26,26281,0,0,2,3,6,1,1,4,2,02,1,1,0,84,1,0,1,4,1,15,5,2,9,0,2,1,15,200600019706A01,7,1,1,200068781
200600019714,2006-04-24,2006,avril,lundi,11:55,26,26281,0,0,2,3,6,1,1,4,2,02,1,3,0,57,1,0,1,3,1,8,5,2,2,0,2,8,9,200600019714A01,7,1,1,200068781
200600019722,2006-04-18,2006,avril,mardi,17:00,26,26362,0,0,2,2,3,1,1,4,2,03,4,1,0,75,1,5,5,3,1,38,9,3,9,0,2,1,16,200600019722B01,7,1,1,200068781
200600019723,2006-04-22,2006,avril,samedi,18:05,26,26362,0,0,2,1,3,1,1,4,2,02,1,1,0,60,1,0,1,3,1,58,9,3,9,0,2,1,1,200600019723B01,7,15,1,200068781
200600019732,2006-04-28,2006,avril,vendredi,18:15,27,27375,0,0,2,1,3,1,1,3,2,02,1,1,0,0,1,0,1,3,1,12,5,2,4,0,2,1,13,200600019732B01,38,1,1,200089456
200600019746,2006-04-12,2006,avril,mercredi,12:00,28,28085,0,0,2,1,2,1,1,4,2,02,-1,-1,0,0,1,0,1,4,1,13,0,3,9,0,2,1,1,200600019746A01,7,1,1,200033181
200600019755,2006-04-02,2006,avril,dimanche,17:40,28,28134,0,0,2,3,1,1,1,4,1,02,1,1,0,0,1,0,1,4,1,19,5,2,9,0,2,1,5,200600019755A01,7,1,1,200040277
200600019763,2006-04-07,2006,avril,vendredi,12:30,29,29019,0,0,2,6,3,1,1,9,1,02,1,3,0,0,1,0,1,4,1,39,0,1,2,0,2,0,1,200600019763B01,7,9,1,242900314
200600019854,2006-04-12,2006,avril,mercredi,18:20,31,31069,0,0,2,2,3,1,1,4,2,02,1,1,0,58,1,0,1,3,1,66,0,2,9,0,2,0,1,200600019854A01,7,1,1,243100518
200600019857,2006-04-24,2006,avril,lundi,07:00,31,31149,0,0,2,6,3,2,1,4,2,01,1,-1,0,40,1,0,1,4,1,36,1,3,9,0,2,7,1,200600019857B01,7,1,1,243100518
200600019859,2006-04-01,2006,avril,samedi,03:45,31,31555,0,0,2,1,6,5,1,4,2,02,1,1,0,64,1,0,1,4,1,24,1,1,9,14,2,1,0,200600019859A01,10,0,1,243100518
200600019866,2006-04-02,2006,avril,dimanche,20:00,31,31555,0,0,2,1,3,1,1,4,1,04,1,1,0,140,1,0,1,4,1,24,0,3,9,0,2,1,19,200600019866B01,7,1,1,243100518
200600019875,2006-04-04,2006,avril,mardi,09:54,31,31555,0,0,2,1,4,1,1,4,2,02,1,1,0,111,1,0,1,4,1,62,5,3,2,0,2,1,1,200600019875B01,7 / 18,22 / 1,2,243100518
200600019882,2006-04-05,2006,avril,mercredi,12:45,31,31555,0,0,2,1,3,1,1,4,2,04,1,1,0,134,1,0,1,4,2,41,1,3,2,0,2,7,1,200600019882B01,2,16,1,243100518
200600019929,2006-04-20,2006,avril,jeudi,04:15,31,31555,0,0,2,1,6,5,1,4,1,02,1,1,0,65,1,0,1,4,1,34,5,2,2,0,2,0,1,200600019929A01,99,0,1,243100518
200600019945,2006-04-24,2006,avril,lundi,12:10,31,31555,0,0,2,2,6,1,1,4,2,02,1,1,0,70,1,0,1,3,1,23,0,2,2,0,2,1,1,200600019945A01,7,1,1,243100518
200600019948,2006-04-25,2006,avril,mardi,18:53,31,31555,0,0,2,2,3,1,1,4,2,01,1,1,0,70,1,0,1,4,2,28,0,3,9,0,2,1,1,200600019948B01,7,1,1,243100518
200600019960,2006-04-28,2006,avril,vendredi,20:13,31,31555,0,0,2,1,3,2,8,4,2,01,1,1,0,90,1,0,1,3,1,9,5,3,4,0,2,9,1,200600019960B01,7,0,1,243100518
200600019979,2006-04-23,2006,avril,dimanche,19:45,32,32013,0,0,2,6,3,1,1,4,2,02,1,1,30,90,1,0,1,4,2,81,3,2,2,0,2,1,1,200600019979B01,7,9,1,200066926
200600019986,2006-04-03,2006,avril,lundi,08:10,33,33063,0,0,2,1,5,1,1,4,3,03,1,1,0,74,1,0,1,4,1,12,2,3,9,1,0,2,1,200600019986B01,7,24 / 1,2,243300316
200600019988,2006-04-03,2006,avril,lundi,13:10,33,33318,0,0,2,2,5,1,1,4,2,02,1,1,0,54,1,0,1,3,1,61,0,3,9,0,2,1,1,200600019988B01,7 / 10,1 / 23,2,243300316
200600019991,2006-04-05,2006,avril,mercredi,12:25,33,33063,0,0,2,1,5,1,1,4,2,04,1,1,0,0,1,0,1,4,1,29,5,3,9,0,2,2,1,200600019991B01,10,1,2,243300316
200600020018,2006-04-11,2006,avril,mardi,14:10,33,33063,0,0,2,1,3,1,1,4,2,02,1,1,0,74,1,0,1,3,2,14,5,3,9,0,2,2,14,200600020018A01,37,1,1,243300316
200600020024,2006-04-13,2006,avril,jeudi,16:15,33,33063,0,0,2,2,3,1,1,4,1,01,1,1,0,0,1,0,1,4,2,57,0,3,9,0,2,1,1,200600020024B01,7,16,1,243300316
200600020030,2006-04-11,2006,avril,mardi,19:05,33,33167,0,0,2,1,3,1,7,4,2,02,1,1,0,67,1,0,1,3,1,12,0,3,9,0,2,1,16,200600020030B01,7,1,1,243300316
200600020032,2006-04-17,2006,avril,lundi,11:25,33,33063,0,0,2,2,3,1,1,4,1,01,1,1,0,30,9,0,1,3,2,42,0,3,9,0,2,1,1,200600020032B01,7,17,1,243300316
200600020044,2006-04-21,2006,avril,vendredi,21:20,33,33063,0,0,2,1,6,5,1,4,-1,01,1,1,0,94,1,0,1,4,1,53,0,3,0,1,0,1,1,200600020044B01,7,22,1,243300316
200600020053,2006-04-22,2006,avril,samedi,18:50,33,33318,0,0,2,1,2,1,1,4,1,02,1,1,0,68,1,0,0,3,1,32,0,3,9,0,2,4,1,200600020053B01,31,1,1,243300316
200600020057,2006-04-26,2006,avril,mercredi,12:30,33,33063,0,0,2,1,3,1,1,4,3,04,1,1,0,0,1,0,1,4,2,31,0,3,9,0,2,0,1,200600020057B01,7,22,1,243300316
200600020058,2006-04-26,2006,avril,mercredi,19:35,33,33063,0,0,2,6,3,1,1,4,1,20,1,1,0,100,1,0,1,4,2,19,0,2,9,0,2,4,1,200600020058B01,7,16,1,243300316
200600020060,2006-04-23,2006,avril,dimanche,11:20,33,33281,0,0,2,2,3,1,1,4,2,02,1,1,0,50,1,0,1,4,1,35,9,1,2,0,2,1,1,200600020060B01,7,1,1,243300316
200600020126,2006-04-10,2006,avril,lundi,16:16,34,34172,0,0,2,2,3,1,1,4,1,01,1,1,0,35,1,0,1,4,1,25,5,3,9,0,2,1,1,200600020126B01,7,1,1,243400017
200600020136,2006-04-15,2006,avril,samedi,18:10,34,34172,0,0,2,1,1,1,1,3,1,01,1,1,39,70,1,0,5,4,1,5,5,2,2,0,2,1,1,200600020136B01,30,1,1,243400017
200600020140,2006-04-19,2006,avril,mercredi,14:45,34,34172,0,0,2,1,3,1,1,4,2,04,1,1,0,120,1,0,1,4,1,50,0,3,9,0,2,1,3,200600020140B01,5,1,1,243400017
200600020162,2006-04-04,2006,avril,mardi,16:05,35,35238,0,0,2,1,6,1,1,4,3,02,1,1,0,60,1,0,1,4,2,60,5,3,9,0,2,1,1,200600020162B01,7,22,1,243500139
200600020170,2006-04-09,2006,avril,dimanche,14:20,35,35238,0,0,2,2,3,2,1,4,2,02,2,1,0,60,2,0,1,4,1,20,0,3,9,0,2,1,1,200600020170A01,7,1,1,243500139
200600020172,2006-04-13,2006,avril,jeudi,07:55,35,35238,0,0,2,6,3,1,2,4,1,01,1,2,0,30,2,0,1,3,1,54,1,3,2,0,2,0,0,200600020172B01,7,9,1,243500139
200600020182,2006-04-18,2006,avril,mardi,13:30,35,35238,0,0,2,2,3,1,1,4,2,02,1,-1,0,60,1,0,1,3,1,43,0,3,9,0,2,0,1,200600020182B01,7,16,1,243500139
200600020195,2006-04-14,2006,avril,vendredi,09:35,35,35288,0,0,2,6,3,1,1,3,3,04,1,1,0,0,1,0,0,3,1,38,1,2,2,0,2,0,1,200600020195B01,7,9,1,243500782
200600020213,2006-04-13,2006,avril,jeudi,15:20,37,37261,0,0,2,2,7,1,1,2,2,04,1,1,0,120,1,0,1,3,1,26,0,3,9,12,0,8,19,200600020213A01,,,,243700754
200600020224,2006-04-07,2006,avril,vendredi,11:05,38,38185,0,0,2,1,6,1,1,4,1,01,1,1,0,35,1,0,0,1,1,39,0,3,9,0,1,6,6,200600020224A01,,,,200040715
200600020228,2006-04-09,2006,avril,dimanche,11:45,38,38151,0,0,2,1,1,1,1,4,2,01,-1,-1,0,37,1,0,5,4,1,38,0,3,9,0,2,1,1,200600020228B01,30,1,1,200040715
200600020230,2006-04-11,2006,avril,mardi,08:00,38,38185,0,0,2,2,3,1,2,4,2,03,1,1,0,105,2,0,5,4,2,42,1,3,9,0,2,2,1,200600020230B01,7,1,1,200040715
200600020233,2006-04-17,2006,avril,lundi,17:10,38,38185,0,0,2,1,6,1,1,4,1,03,2,1,0,105,1,0,1,4,2,87,0,3,9,0,2,8,1,200600020233B01,7,17,1,200040715
200600020234,2006-04-20,2006,avril,jeudi,08:45,38,38185,0,0,2,1,1,1,1,4,1,01,1,1,0,30,1,0,1,4,2,36,0,2,2,0,2,1,5,200600020234A01,1,1,1,200040715
200600020234,2006-04-20,2006,avril,jeudi,08:45,38,38185,0,0,2,1,1,1,1,4,1,01,1,1,0,30,1,0,1,1,1,32,0,1,2,0,2,1,1,200600020234B01,1,5,1,200040715
200600020237,2006-04-21,2006,avril,vendredi,08:10,38,38421,0,0,2,1,3,1,1,4,2,02,2,1,0,70,1,0,1,4,2,49,0,3,4,0,2,3,13,200600020237B01,7,13,1,200040715
200600020240,2006-04-25,2006,avril,mardi,11:30,38,38185,0,0,2,2,3,1,1,4,2,02,1,2,0,80,1,0,1,4,2,22,0,2,2,0,2,1,1,200600020240A01,7,1,1,200040715
200600020245,2006-04-28,2006,avril,vendredi,07:50,38,38185,0,0,2,1,4,1,1,4,2,04,1,1,0,130,1,0,1,4,1,23,0,3,9,0,2,1,2,200600020245A01,7,2 / 19,2,200040715
200600020262,2006-04-01,2006,avril,samedi,18:15,41,41018,0,0,2,1,3,1,1,4,2,02,1,1,0,0,1,0,1,4,1,9,5,2,9,0,2,1,1,200600020262B01,7,1,1,200030385
200600020288,2006-04-07,2006,avril,vendredi,13:15,42,42187,0,0,2,1,6,1,1,3,2,02,2,1,17,38,1,0,1,4,1,23,5,1,9,0,2,1,5,200600020288B01,7,1,1,200035731
200600020289,2006-04-10,2006,avril,lundi,06:50,42,42071,0,0,2,1,3,1,1,4,2,02,1,1,0,62,1,0,1,4,2,36,1,3,9,0,2,8,1,200600020289B01,7,1,1,200035731
200600020292,2006-04-24,2006,avril,lundi,07:20,42,42187,0,0,2,6,3,1,1,4,2,02,1,1,0,72,1,0,1,4,1,28,1,3,9,0,2,7,1,200600020292B01,7,1,1,200035731
200600020297,2006-04-10,2006,avril,lundi,16:16,42,42218,0,0,2,1,6,1,2,4,2,02,1,1,0,110,2,0,1,3,1,8,5,3,3,0,2,7,0,200600020297A01,7,1,1,244200770
200600020320,2006-04-05,2006,avril,mercredi,18:00,44,44109,0,0,2,1,6,1,1,4,2,02,2,1,0,0,1,0,5,4,1,35,0,3,9,12,1,1,1,200600020320A01,,,,244400404
200600020320,2006-04-05,2006,avril,mercredi,18:00,44,44109,0,0,2,1,6,1,1,4,2,02,2,1,0,0,1,0,5,4,1,44,0,3,0,12,1,1,1,200600020320A01,,,,244400404
200600020340,2006-04-12,2006,avril,mercredi,17:40,44,44109,0,0,2,1,6,1,1,4,2,02,2,1,0,31,1,0,5,4,1,24,0,3,9,14,0,1,1,200600020340B01,7,23,1,244400404
200600020371,2006-04-26,2006,avril,mercredi,18:00,44,44162,0,0,2,2,3,1,1,4,2,02,1,1,0,61,1,0,1,4,1,9,5,3,9,0,2,1,1,200600020371A01,7,1,1,244400404
200600020372,2006-04-27,2006,avril,jeudi,21:55,44,44109,0,0,2,1,6,5,1,4,2,02,-1,-1,0,0,-1,0,1,4,1,17,5,3,2,0,2,9,1,200600020372B01,7,1,1,244400404
200600020383,2006-04-08,2006,avril,samedi,18:20,44,44184,0,0,2,1,3,1,1,2,2,02,1,1,0,72,1,0,5,3,1,27,1,3,4,0,2,8,1,200600020383B01,7,14,1,244400644
200600020389,2006-04-16,2006,avril,dimanche,15:44,45,45338,0,0,2,3,3,1,1,4,-1,02,1,1,0,56,1,0,1,3,1,12,5,1,4,0,2,1,16,200600020389B01,7,1,1,244500203
200600020401,2006-04-10,2006,avril,lundi,21:00,45,45302,0,0,1,1,2,2,1,3,2,02,1,1,0,60,1,0,1,3,1,44,1,2,2,0,0,4,1,200600020401B01,7,1,1,244500468
200600020411,2006-04-24,2006,avril,lundi,13:15,45,45234,0,0,2,1,3,1,1,4,2,02,1,1,0,70,1,0,1,4,1,18,9,3,0,0,2,1,1,200600020411B01,30,1,1,244500468
200600020437,2006-04-03,2006,avril,lundi,08:37,49,49007,0,0,2,1,3,1,1,4,1,02,1,1,0,68,1,0,4,4,2,32,1,3,9,1,2,1,1,200600020437B01,7,1,1,244900015
200600020440,2006-04-07,2006,avril,vendredi,18:25,49,49007,0,0,2,1,3,1,1,4,2,02,1,1,0,0,1,0,0,4,2,60,0,3,9,0,0,0,0,200600020440B01,7,0,1,244900015
200600020446,2006-04-13,2006,avril,jeudi,07:35,49,49007,0,0,2,2,3,1,1,4,2,00,1,1,0,0,1,0,1,4,1,45,0,3,9,0,2,1,16,200600020446B01,7,1,1,244900015
200600020452,2006-04-18,2006,avril,mardi,11:48,49,49007,0,0,2,1,3,1,1,4,2,02,1,1,0,70,1,0,1,4,1,23,5,3,9,0,2,1,15,200600020452A01,7,1,1,244900015
200600020454,2006-04-18,2006,avril,mardi,15:27,49,49007,0,0,2,3,3,1,1,4,2,02,1,1,0,70,1,0,1,4,1,37,5,3,9,0,2,1,1,200600020454B01,7,15,1,244900015
200600020483,2006-04-28,2006,avril,vendredi,09:40,49,49328,0,0,2,1,6,1,1,4,3,02,1,1,0,0,1,0,5,2,1,83,0,3,9,0,2,8,1,200600020483B01,17,1,1,200071876
200600020500,2006-04-14,2006,avril,vendredi,11:35,51,51108,0,0,2,1,3,1,1,4,2,02,1,1,0,78,1,0,1,3,2,23,1,3,9,0,2,3,22,200600020500B01,7,22,1,200066876
200600020501,2006-04-19,2006,avril,mercredi,17:05,51,51506,0,0,2,3,3,1,1,4,2,02,1,1,110,80,1,0,1,3,2,66,5,2,2,0,2,8,15,200600020501A01,7,1,1,200066876
200600020523,2006-04-20,2006,avril,jeudi,15:35,52,52121,0,0,1,1,2,1,1,3,2,02,1,1,0,79,1,0,1,3,1,39,5,2,9,0,2,4,1,200600020523B01,7,1,1,200068658
200600020538,2006-04-04,2006,avril,mardi,07:55,54,54547,0,0,2,2,6,1,1,4,2,03,2,1,0,100,1,0,1,4,1,21,2,1,2,0,1,1,1,200600020538A01,,,,245400676
200600020539,2006-04-05,2006,avril,mercredi,10:30,54,54395,0,0,2,1,3,1,1,4,1,02,2,1,0,70,1,0,1,4,1,23,5,3,9,0,2,1,19,200600020539B01,99,1,1,245400676
200600020540,2006-04-05,2006,avril,mercredi,20:05,54,54547,0,0,2,1,6,5,1,4,2,02,2,2,0,120,1,0,1,4,2,36,0,3,9,0,0,0,0,200600020540B01,7,0,1,245400676
200600020544,2006-04-06,2006,avril,jeudi,18:10,54,54395,0,0,2,1,1,1,1,4,2,04,1,1,10,120,1,2,1,1,1,21,5,3,9,0,2,1,1,200600020544A01,1,1,1,245400676
200600020544,2006-04-06,2006,avril,jeudi,18:10,54,54395,0,0,2,1,1,1,1,4,2,04,1,1,10,120,1,2,1,4,1,20,2,3,9,0,2,1,1,200600020544B01,1,1,1,245400676
200600020550,2006-04-08,2006,avril,samedi,16:15,54,54495,0,0,2,2,1,1,1,4,2,02,1,1,0,0,1,0,1,4,2,17,5,3,9,0,2,1,15,200600020550A01,7,23,1,245400676
200600020561,2006-04-19,2006,avril,mercredi,01:25,54,54395,0,0,2,1,6,5,1,4,2,03,1,1,0,0,1,0,1,4,1,21,9,1,2,0,2,4,1,200600020561B01,7,13,1,245400676
200600020565,2006-04-21,2006,avril,vendredi,14:25,54,54547,0,0,2,1,6,1,1,4,2,02,1,1,0,0,1,0,1,4,1,20,1,1,2,0,2,4,1,200600020565B01,7,1,1,245400676
200600020568,2006-04-23,2006,avril,dimanche,15:25,54,54395,0,0,2,1,2,1,1,4,1,01,1,2,0,0,1,0,1,4,2,19,5,3,9,0,2,4,23,200600020568B01,7,15,1,245400676
200600020570,2006-04-24,2006,avril,lundi,13:45,54,54395,0,0,2,3,6,1,1,4,2,02,1,1,0,0,1,0,0,4,2,29,5,3,9,0,2,7,1,200600020570B01,7,16,1,245400676
200600020577,2006-04-26,2006,avril,mercredi,20:10,54,54304,0,0,2,2,6,1,1,4,2,03,1,1,0,120,1,0,1,4,1,23,5,1,2,0,2,1,1,200600020577B01,7,15,1,245400676
200600020613,2006-04-28,2006,avril,vendredi,14:25,57,57660,0,0,2,6,6,1,1,2,2,02,1,-1,0,0,1,5,1,4,1,38,3,3,9,0,2,1,1,200600020613B01,7,16,1,245700372
200600020632,2006-04-25,2006,avril,mardi,17:30,57,57463,0,0,2,1,6,1,1,4,3,02,1,1,25,95,1,0,1,4,1,8,0,3,9,0,2,1,19,200600020632B01,7,1,1,200039865
200600020656,2006-04-19,2006,avril,mercredi,21:25,59,59017,0,0,2,1,6,5,1,4,1,02,1,1,0,64,1,0,1,4,1,20,0,2,4,1,0,3,0,200600020656A01,,,,200093201