Num_Acc,date,an,mois,jour,hrmn,dep,com,lat,long,agg,int,col,lum,atm,catr,circ,nbv,prof,plan,lartpc,larrout,surf,infra,situ,grav,sexe,age,trajet,secuexist,equipement,obs,obsm,choc,manv,vehiculeid,typevehicules,manoeuvehicules,numVehicules,_infos_commune.code_epci
200600020663,2006-04-05,2006,avril,mercredi,10:00,59,59183,0,0,2,1,3,1,1,2,1,02,1,1,0,71,1,0,5,4,1,61,5,2,9,0,2,6,19,200600020663B01,7,1,1,245900428
200600020684,2006-04-05,2006,avril,mercredi,18:10,59,59378,0,0,2,2,3,1,1,4,2,02,1,1,0,70,1,0,1,4,2,21,5,3,9,0,2,1,1,200600020684B01,10,1,1,200093201
200600020690,2006-04-10,2006,avril,lundi,14:30,59,59350,0,0,2,1,3,1,1,3,1,03,1,1,10,110,1,0,1,4,2,41,5,3,0,0,2,1,1,200600020690B01,7,16,1,200093201
200600020701,2006-04-22,2006,avril,samedi,11:35,59,59350,0,0,2,1,6,1,1,9,2,01,1,1,0,90,1,6,1,4,1,17,5,2,9,0,1,1,1,200600020701A01,,,,200093201
200600020701,2006-04-22,2006,avril,samedi,11:35,59,59350,0,0,2,1,6,1,1,9,2,01,1,1,0,90,1,6,1,4,1,31,4,3,0,0,1,1,1,200600020701A01,,,,200093201
200600020750,2006-04-02,2006,avril,dimanche,10:00,59,59152,0,0,2,2,3,1,1,4,2,02,1,1,0,53,1,0,1,4,1,81,5,3,9,0,0,1,1,200600020750B01,7,1,1,200093201
200600020768,2006-04-07,2006,avril,vendredi,16:20,61,61001,0,0,2,2,3,1,1,4,-1,02,1,1,10,110,1,0,5,3,2,71,5,3,9,0,2,1,1,200600020768B01,7,1,1,246100663
200600020781,2006-04-12,2006,avril,mercredi,07:40,62,62108,0,0,2,3,2,1,1,4,2,02,1,1,0,77,1,0,1,4,1,12,2,3,9,0,0,6,11,200600020781B01,7,1,1,200069029
200600020782,2006-04-22,2006,avril,samedi,17:50,62,62108,0,0,2,2,3,1,1,4,2,02,1,1,0,87,1,5,1,3,1,73,5,2,9,0,2,1,19,200600020782A01,7,1,1,200069029
200600020796,2006-04-24,2006,avril,lundi,15:50,62,62215,0,0,2,1,1,1,1,4,2,02,1,1,0,74,1,0,1,3,1,14,5,3,9,0,0,1,5,200600020796A01,7,1,1,246200299
200600020803,2006-04-05,2006,avril,mercredi,17:31,62,62573,0,0,2,1,3,1,1,3,2,02,1,1,0,70,1,0,1,3,1,54,5,3,9,0,2,8,1,200600020803B01,7,17,1,246200364
200600020811,2006-04-12,2006,avril,mercredi,17:55,62,62510,0,0,1,9,6,1,1,6,1,01,1,1,0,29,1,0,0,3,1,12,5,1,9,0,2,1,1,200600020811A01,10,1,1,246200364
200600020821,2006-04-24,2006,avril,lundi,12:00,62,62040,0,0,2,1,3,1,1,4,2,02,1,1,0,66,1,0,1,3,1,21,1,1,9,0,2,8,15,200600020821B01,7,1,1,200069037
200600020826,2006-04-03,2006,avril,lundi,14:00,63,63014,0,0,2,1,7,1,1,4,2,02,4,1,0,60,1,0,1,4,2,38,9,3,9,0,0,0,1,200600020826A01,,,,246300701
200600020854,2006-04-20,2006,avril,jeudi,17:45,63,63113,0,0,2,1,1,1,1,9,-1,00,1,1,0,62,1,6,1,4,1,4,5,3,9,0,2,1,1,200600020854B01,2,1,1,246300701
200600020862,2006-04-25,2006,avril,mardi,18:45,63,63113,0,0,2,1,1,1,1,4,2,02,2,2,0,70,1,0,1,3,1,39,9,3,9,0,2,1,1,200600020862B01,7,15,1,246300701
200600020882,2006-04-04,2006,avril,mardi,17:45,64,64102,0,0,2,1,5,1,1,4,2,02,2,1,0,0,1,0,1,4,1,52,5,2,2,0,2,4,1,200600020882B01,7,14,1,200067106
200600020882,2006-04-04,2006,avril,mardi,17:45,64,64102,0,0,2,1,5,1,1,4,2,02,2,1,0,0,1,0,1,4,1,64,5,1,2,0,2,4,1,200600020882C01,7,14,1,200067106
200600020922,2006-04-14,2006,avril,vendredi,08:05,64,64445,0,0,2,1,3,1,1,4,2,02,1,1,0,100,1,0,1,3,1,50,1,1,4,0,2,1,1,200600020922B01,7,15,1,200067254
200600020925,2006-04-25,2006,avril,mardi,21:10,64,64445,0,0,2,6,6,5,1,2,3,05,1,1,40,150,1,0,1,3,2,19,5,3,4,0,2,1,1,200600020925A01,,,,200067254
200600020926,2006-04-26,2006,avril,mercredi,13:05,64,64445,0,0,2,1,3,1,1,4,3,02,1,1,0,0,1,5,1,4,1,15,2,2,2,0,2,7,19,200600020926A01,7,1,1,200067254
200600020934,2006-04-23,2006,avril,dimanche,12:00,64,64260,0,0,2,1,3,1,1,3,2,02,1,1,0,80,1,0,1,4,1,48,9,1,2,0,2,1,1,200600020934A01,7,20,1,200067106
200600020955,2006-04-03,2006,avril,lundi,17:25,65,65440,0,0,2,1,3,1,1,4,2,02,1,1,0,77,1,0,1,4,1,13,2,3,9,0,2,7,19,200600020955A01,7,1,1,200069300
200600020959,2006-04-07,2006,avril,vendredi,08:00,65,65047,0,0,2,1,2,1,1,4,2,00,1,1,0,66,1,0,1,4,1,15,1,3,2,0,0,4,15,200600020959B01,7,1,1,200069300
200600020965,2006-04-16,2006,avril,dimanche,16:40,65,65100,0,0,2,1,3,1,1,4,2,02,1,1,0,80,1,2,1,4,1,33,9,2,2,0,2,6,13,200600020965B01,7,17,1,200069300
200600020979,2006-04-08,2006,avril,samedi,06:56,67,67462,0,0,2,1,2,1,1,2,2,02,3,1,0,54,1,2,5,4,2,50,1,2,2,0,2,4,1,200600020979B01,99,1,1,246700967
200600020986,2006-04-04,2006,avril,mardi,14:27,67,67482,0,0,2,1,3,1,1,4,3,04,1,1,35,70,1,0,1,3,1,64,5,3,9,0,2,1,1,200600020986B01,7,17,1,246700488
200600020987,2006-04-05,2006,avril,mercredi,18:50,67,67482,0,0,2,3,3,2,1,4,2,02,1,1,0,68,1,5,5,4,2,48,1,3,9,0,2,1,1,200600020987B01,7,1,1,246700488
200600020993,2006-04-08,2006,avril,samedi,14:30,67,67447,0,0,2,1,6,1,1,4,2,01,1,1,0,45,1,0,1,4,1,39,9,3,9,1,0,1,14,200600020993A01,,,,246700488
200600021008,2006-04-19,2006,avril,mercredi,12:05,67,67482,0,0,2,2,3,1,1,4,2,03,1,1,0,100,1,5,1,4,2,22,4,3,9,0,2,8,19,200600021008A01,7,1,1,246700488
200600021011,2006-04-21,2006,avril,vendredi,12:00,67,67482,0,0,2,1,3,1,1,4,3,04,1,1,75,244,1,5,1,3,2,29,1,3,9,0,2,8,13,200600021011A01,7,1,1,246700488
200600021014,2006-04-24,2006,avril,lundi,18:15,67,67482,0,0,2,1,6,1,1,4,2,02,1,1,0,125,1,0,5,4,1,63,5,3,9,0,1,1,1,200600021014A01,,,,246700488
200600021026,2006-04-03,2006,avril,lundi,18:00,68,68066,0,0,2,1,3,1,1,3,2,02,1,1,0,123,1,4,1,4,2,24,5,2,2,0,2,1,1,200600021026B01,7,22,1,246800726
200600021029,2006-04-23,2006,avril,dimanche,16:25,68,68066,0,0,2,1,2,1,1,4,2,02,1,1,0,49,1,0,1,4,2,13,5,2,2,0,2,6,1,200600021029B01,2,5,1,246800726
200600021067,2006-04-18,2006,avril,mardi,19:20,69,69266,0,0,2,1,3,1,1,4,2,04,1,1,0,116,1,0,1,4,1,14,5,3,9,0,2,8,5,200600021067B01,7,1,1,200046977
200600021103,2006-04-04,2006,avril,mardi,08:00,72,72181,0,0,2,1,1,1,1,9,2,03,1,-1,0,100,1,0,1,4,1,32,1,3,2,0,0,1,1,200600021103B01,7,3,1,247200132
200600021120,2006-04-11,2006,avril,mardi,17:55,72,72181,0,0,2,3,3,1,1,9,2,01,1,1,0,66,1,0,1,4,1,76,9,3,2,0,2,1,1,200600021120A01,7,15,1,247200132
200600021127,2006-04-20,2006,avril,jeudi,12:50,72,72181,0,0,1,1,3,1,1,9,2,01,1,-1,0,80,1,0,1,4,1,52,0,3,2,0,0,1,1,200600021127B01,2,1,1,247200132
200600021131,2006-04-21,2006,avril,vendredi,14:00,72,72181,0,0,2,1,6,1,1,9,2,02,1,1,0,80,1,0,1,1,1,35,9,3,2,0,1,1,1,200600021131A01,,,,247200132
200600021146,2006-04-17,2006,avril,lundi,13:45,73,73065,0,0,2,1,3,1,1,4,2,02,1,1,0,65,1,0,1,3,1,14,5,2,9,0,2,1,19,200600021146A01,7,1,1,200069110
200600021147,2006-04-04,2006,avril,mardi,15:15,74,74010,0,0,2,2,3,1,1,4,2,02,1,1,0,80,1,0,1,3,2,54,9,3,9,0,0,1,1,200600021147B01,7,1,1,200066793
200600021152,2006-04-21,2006,avril,vendredi,19:35,74,74010,0,0,2,1,6,1,1,4,2,02,1,1,0,60,1,0,1,4,2,48,9,3,9,0,0,1,7,200600021152B01,2,7,1,200066793
200600021159,2006-04-03,2006,avril,lundi,15:30,75,75011,0,0,2,3,3,1,1,4,1,01,1,1,0,30,1,0,1,3,1,30,9,3,0,0,2,3,5,200600021159A01,5,1,1,
200600021184,2006-04-10,2006,avril,lundi,11:40,75,75006,0,0,2,2,4,1,1,4,2,02,1,1,0,60,1,0,1,3,2,32,3,3,0,0,2,2,1,200600021184B01,18,10,1,
200600021184,2006-04-10,2006,avril,lundi,11:40,75,75006,0,0,2,2,4,1,1,4,2,02,1,1,0,60,1,0,1,3,2,11,3,3,0,0,2,2,1,200600021184C01,18,10,1,
200600021225,2006-04-01,2006,avril,samedi,12:15,75,75012,0,0,2,1,1,1,1,4,2,02,1,1,0,60,1,0,1,4,1,42,5,3,0,0,2,1,5,200600021225A01,4,1,1,
200600021234,2006-04-03,2006,avril,lundi,11:45,75,75004,0,0,2,1,6,1,1,4,1,02,1,1,0,60,1,0,1,1,1,28,5,3,0,0,1,1,5,200600021234A01,,,,
200600021251,2006-04-04,2006,avril,mardi,12:10,75,75009,0,0,2,3,6,1,1,4,1,02,1,1,0,60,1,0,1,1,2,51,5,3,0,0,1,1,1,200600021251A01,,,,
200600021252,2006-04-04,2006,avril,mardi,10:05,75,75012,0,0,2,2,3,1,1,4,2,02,1,1,0,60,1,0,1,3,1,65,5,3,0,0,2,3,1,200600021252B01,7,16,1,
200600021270,2006-04-04,2006,avril,mardi,20:25,75,75010,0,0,2,1,6,5,1,4,2,02,1,1,0,60,1,0,1,4,1,28,5,3,0,0,1,1,1,200600021270A01,,,,
200600021272,2006-04-05,2006,avril,mercredi,12:10,75,75003,0,0,2,1,7,1,1,4,1,02,1,1,0,60,1,0,1,4,1,47,5,3,0,0,0,0,21,200600021272A01,,,,
200600021276,2006-04-05,2006,avril,mercredi,16:40,75,75011,0,0,2,2,2,1,1,4,2,04,1,1,0,120,1,0,1,4,1,36,5,3,0,0,2,4,2,200600021276B01,7,2,1,
200600021278,2006-04-05,2006,avril,mercredi,08:30,75,75013,0,0,2,2,3,1,1,4,2,04,1,1,0,120,1,0,1,4,1,33,4,3,0,0,2,2,1,200600021278B01,7,1,1,
200600021285,2006-04-05,2006,avril,mercredi,16:05,75,75017,0,0,2,1,6,1,1,4,2,02,1,1,0,60,1,0,1,3,1,17,9,3,0,0,1,1,5,200600021285A01,,,,
200600021291,2006-04-06,2006,avril,jeudi,15:15,75,75011,0,0,2,3,6,1,1,4,3,02,1,1,10,60,1,0,1,4,1,47,4,3,0,0,1,1,1,200600021291A01,,,,
200600021299,2006-04-06,2006,avril,jeudi,09:08,75,75018,0,0,2,2,3,1,1,4,2,02,1,1,0,60,1,0,1,4,1,42,5,3,0,0,2,2,1,200600021299A01,18,1,1,
200600021311,2006-04-07,2006,avril,vendredi,18:55,75,75008,0,0,2,3,7,1,1,4,2,08,1,1,0,240,1,0,1,4,2,27,5,1,2,0,0,0,21,200600021311A01,,,,
200600021331,2006-04-08,2006,avril,samedi,08:55,75,75015,0,0,2,2,6,1,1,4,2,02,1,1,0,60,1,0,1,4,1,49,5,3,0,0,1,1,1,200600021331A01,,,,
200600021395,2006-04-13,2006,avril,jeudi,01:55,75,75011,0,0,2,1,3,5,1,4,2,04,1,1,0,120,1,0,1,4,2,39,5,3,0,0,2,2,1,200600021395B01,7,22,1,
200600021398,2006-04-13,2006,avril,jeudi,11:50,75,75014,0,0,2,3,7,1,1,4,2,04,1,1,0,120,1,0,1,4,1,36,5,3,0,0,0,0,1,200600021398A01,,,,
200600021422,2006-04-11,2006,avril,mardi,18:00,75,75004,0,0,2,1,3,1,1,4,1,01,1,1,0,30,1,0,1,1,2,42,5,3,0,0,2,6,11,200600021422A01,18,17,1,
200600021422,2006-04-11,2006,avril,mardi,18:00,75,75004,0,0,2,1,3,1,1,4,1,01,1,1,0,30,1,0,1,4,1,5,0,3,0,0,2,6,11,200600021422A01,18,17,1,
200600021431,2006-04-13,2006,avril,jeudi,14:25,75,75004,0,0,2,1,6,1,1,4,2,02,1,1,0,60,1,0,1,1,1,39,1,3,0,0,2,3,19,200600021431A01,10 / 2 / 7,1 / 23,3,
200600021433,2006-04-28,2006,avril,vendredi,15:35,75,75006,0,0,2,3,3,1,1,4,2,04,1,1,0,120,1,0,1,4,2,38,5,3,0,0,2,3,7,200600021433B01,18,7,1,
200600021460,2006-04-16,2006,avril,dimanche,14:35,75,75020,0,0,2,3,6,1,1,4,2,03,1,1,0,90,1,0,1,4,1,18,5,1,2,0,1,1,1,200600021460A01,,,,
200600021465,2006-04-16,2006,avril,dimanche,18:43,75,75011,0,0,2,3,6,1,1,4,1,02,1,1,0,60,1,0,1,4,1,27,5,3,0,0,2,2,1,200600021465B01,7,0,1,
200600021469,2006-04-16,2006,avril,dimanche,19:57,75,75005,0,0,2,2,3,5,8,4,1,01,1,1,0,30,1,0,1,4,1,32,5,3,0,0,2,6,15,200600021469A01,1,1,1,
200600021469,2006-04-16,2006,avril,dimanche,19:57,75,75005,0,0,2,2,3,5,8,4,1,01,1,1,0,30,1,0,1,3,1,65,5,3,0,0,2,2,1,200600021469B01,1,15,1,
200600021474,2006-04-17,2006,avril,lundi,12:28,75,75008,0,0,2,4,6,1,1,4,1,05,1,1,0,150,1,0,1,1,1,35,5,1,2,0,1,1,1,200600021474A01,,,,
200600021489,2006-04-18,2006,avril,mardi,08:10,75,75016,0,0,2,1,7,1,1,4,2,02,1,1,0,60,1,0,1,4,1,72,5,1,2,0,0,0,1,200600021489A01,,,,
200600021534,2006-04-21,2006,avril,vendredi,16:20,75,75008,0,0,2,1,3,1,1,4,1,06,1,1,0,180,1,0,1,4,1,34,5,3,0,0,2,3,1,200600021534B01,7,12,1,
200600021549,2006-04-21,2006,avril,vendredi,17:50,75,75019,0,0,2,1,3,1,1,4,2,03,1,1,0,90,1,0,5,4,1,38,5,1,2,0,2,1,1,200600021549B01,7,10,1,
200600021554,2006-04-21,2006,avril,vendredi,15:50,75,75013,0,0,2,1,6,1,1,4,2,03,1,1,0,90,1,0,1,4,1,39,5,3,0,15,0,1,1,200600021554A01,,,,
200600021569,2006-04-23,2006,avril,dimanche,10:15,75,75016,0,0,2,1,6,1,1,4,2,02,1,1,0,60,1,0,1,4,1,50,5,3,0,1,0,1,14,200600021569A01,,,,
200600021572,2006-04-22,2006,avril,samedi,19:20,75,75017,0,0,2,2,3,1,1,4,2,02,1,1,0,60,1,0,1,4,1,32,5,3,0,0,2,1,18,200600021572B01,7,22,1,
200600021577,2006-04-21,2006,avril,vendredi,10:45,75,75008,0,0,2,2,3,1,1,4,1,02,1,1,0,60,1,0,1,4,1,57,4,3,0,0,2,1,1,200600021577A01,7,1,1,
200600021582,2006-04-24,2006,avril,lundi,10:00,75,75004,0,0,2,1,3,1,1,4,1,03,1,1,0,90,1,0,1,4,2,27,9,3,0,0,2,2,7,200600021582B01,7,18,1,
200600021588,2006-04-24,2006,avril,lundi,12:25,75,75006,0,0,2,4,3,1,1,4,2,04,1,1,0,120,1,0,1,4,2,62,5,3,0,0,2,3,18,200600021588A01,18,7,1,
200600021590,2006-04-25,2006,avril,mardi,11:25,75,75011,0,0,2,2,3,1,1,4,1,02,1,1,0,60,1,0,1,4,1,25,5,3,0,0,2,3,1,200600021590B01,7,16,1,
200600021627,2006-04-25,2006,avril,mardi,11:50,75,75015,0,0,2,2,6,1,1,4,2,04,1,1,0,120,1,0,1,1,1,31,4,1,2,0,2,2,17,200600021627A01,,,,
200600021641,2006-04-26,2006,avril,mercredi,11:30,75,75017,0,0,2,4,3,1,1,4,2,04,1,1,0,120,1,0,1,4,1,43,5,3,0,0,2,3,19,200600021641A01,10,15,1,
200600021646,2006-04-27,2006,avril,jeudi,13:30,75,75001,0,0,2,1,3,1,1,4,1,03,1,1,0,90,1,0,1,4,1,74,5,3,0,0,2,3,11,200600021646A01,18,17,1,
200600021656,2006-04-27,2006,avril,jeudi,10:15,75,75007,0,0,2,2,3,1,1,4,2,02,1,1,0,60,1,0,1,4,1,32,4,1,2,0,2,5,1,200600021656B01,7,20,1,
200600021664,2006-04-27,2006,avril,jeudi,17:10,75,75011,0,0,2,1,3,1,1,4,2,02,1,1,0,60,1,0,1,4,2,42,5,3,0,0,2,3,1,200600021664B01,7,22,1,
200600021664,2006-04-27,2006,avril,jeudi,17:10,75,75011,0,0,2,1,3,1,1,4,2,02,1,1,0,60,1,0,1,4,1,5,0,1,9,0,2,3,1,200600021664B01,7,22,1,
200600021783,2006-04-11,2006,avril,mardi,01:40,76,76484,0,0,2,1,7,4,1,4,1,02,1,1,0,50,1,0,1,3,1,20,5,2,2,0,0,1,1,200600021783A01,,,,200023414
200600021807,2006-04-08,2006,avril,samedi,17:50,77,77131,0,0,2,2,3,1,1,2,2,02,1,1,0,75,1,5,1,3,1,12,5,2,9,0,2,5,19,200600021807B01,7,19,1,200090504
200600021863,2006-04-07,2006,avril,vendredi,08:55,78,78490,0,0,2,1,3,1,1,4,2,02,1,1,0,0,1,0,4,4,1,15,9,2,9,0,2,1,1,200600021863A01,10,15,1,200058782
200600021880,2006-04-27,2006,avril,jeudi,08:30,78,78674,0,0,1,6,3,1,1,3,2,01,1,1,0,84,1,5,1,3,1,42,1,2,9,0,2,7,1,200600021880B01,7,9,1,200058782
200600021887,2006-04-02,2006,avril,dimanche,17:20,78,78440,0,0,2,1,3,1,1,4,2,02,1,1,0,0,1,0,1,4,1,14,0,3,9,0,2,1,19,200600021887B01,7,1,1,200059889
200600021901,2006-04-25,2006,avril,mardi,17:55,78,78498,0,0,2,4,1,1,1,4,2,02,1,3,0,0,1,5,1,4,1,27,5,2,2,0,2,1,1,200600021901B01,7,15,1,200059889
200600021905,2006-04-03,2006,avril,lundi,19:25,78,78123,0,0,1,1,6,1,1,9,2,01,1,1,0,0,1,6,0,3,2,13,5,3,9,0,2,0,1,200600021905B01,5,1,1,200059889
200600021915,2006-04-15,2006,avril,samedi,14:20,78,78586,0,0,2,2,3,1,3,4,2,03,1,1,0,80,2,0,1,4,1,30,9,3,9,0,2,1,1,200600021915B01,7,15,1,200058519
200600021936,2006-04-07,2006,avril,vendredi,08:00,78,78146,0,0,2,1,3,1,1,4,2,02,2,1,0,75,1,0,1,4,2,55,1,3,9,0,2,1,1,200600021936A01,7,15,1,200058519
200600021941,2006-04-21,2006,avril,vendredi,17:34,79,79329,0,0,2,1,3,1,1,4,2,02,1,1,0,70,1,0,1,3,1,54,5,3,9,0,0,8,2,200600021941B01,30,2,1,247900798
200600021951,2006-04-06,2006,avril,jeudi,10:25,80,80021,0,0,2,1,6,1,1,4,2,02,1,1,0,60,1,0,1,1,1,28,0,3,9,0,1,1,1,200600021951A01,,,,248000531
200600021972,2006-04-30,2006,avril,dimanche,01:50,80,80021,0,0,2,1,7,5,1,4,2,02,1,1,0,95,1,0,1,3,1,40,0,3,9,0,0,1,1,200600021972A01,,,,248000531
200600021994,2006-04-13,2006,avril,jeudi,11:40,81,81021,0,0,2,1,6,1,1,4,2,01,1,1,0,0,1,0,1,2,2,54,5,3,9,0,2,1,0,200600021994B01,7,1,1,248100430
200600022036,2006-04-04,2006,avril,mardi,14:50,83,83137,0,0,2,2,3,1,1,4,2,02,1,1,10,70,1,0,1,4,2,25,5,1,2,0,2,0,1,200600022036A01,10,1,1,248300543
200600022040,2006-04-10,2006,avril,lundi,18:50,83,83137,0,0,2,1,1,1,1,4,2,01,1,1,0,55,1,0,1,3,2,14,5,2,2,0,2,1,0,200600022040A01,7,1,1,248300543
200600022050,2006-04-20,2006,avril,jeudi,08:45,83,83062,0,0,2,1,6,1,1,4,2,01,1,1,0,80,1,0,1,3,1,85,5,3,4,0,2,3,1,200600022050B01,7,17,1,248300543
200600022055,2006-04-19,2006,avril,mercredi,17:40,83,83090,0,0,2,1,3,1,1,4,2,02,1,1,0,60,1,0,1,4,1,26,1,3,9,0,2,1,1,200600022055B01,7,15,1,248300543
200600022083,2006-04-25,2006,avril,mardi,11:20,84,84007,0,0,2,1,2,1,1,4,2,02,1,1,0,80,1,0,1,4,2,47,5,2,2,0,2,6,1,200600022083B01,7,14,1,248400251
200600022083,2006-04-25,2006,avril,mardi,11:20,84,84007,0,0,2,1,2,1,1,4,2,02,1,1,0,80,1,0,1,3,2,5,0,2,2,0,2,6,1,200600022083B01,7,14,1,248400251
200600022102,2006-04-22,2006,avril,samedi,08:40,85,85191,0,0,2,3,3,1,1,4,1,01,1,1,0,71,1,0,5,3,2,39,5,1,2,0,0,7,1,200600022102B01,7,9,1,248500589
200600022104,2006-04-26,2006,avril,mercredi,11:35,85,85194,0,0,2,2,3,1,1,4,2,00,1,1,0,0,1,0,1,4,2,60,5,1,9,0,2,7,15,200600022104A01,2,1,1,200071165
200600022143,2006-04-12,2006,avril,mercredi,13:37,87,87085,0,0,2,1,3,1,1,4,2,03,2,1,0,110,1,0,1,4,1,49,5,3,9,0,2,1,1,200600022143B01,7,20,1,248719312
200600022173,2006-04-25,2006,avril,mardi,13:20,89,89024,0,0,2,2,2,1,1,4,2,02,1,1,0,95,1,5,1,4,1,28,1,1,2,0,2,1,2,200600022173B01,7,2,1,200067114
200600022186,2006-04-28,2006,avril,vendredi,15:00,90,90032,0,0,2,1,6,1,1,4,2,02,1,3,0,57,2,0,1,4,1,11,0,3,9,0,2,1,19,200600022186A01,10,0,1,200069052
200600022211,2006-04-08,2006,avril,samedi,12:30,91,91521,0,0,2,1,3,1,1,4,2,02,1,1,0,670,1,0,1,4,1,25,4,3,4,0,2,3,15,200600022211B01,7,17,1,200059228
200600022245,2006-04-18,2006,avril,mardi,12:50,91,91064,0,0,1,1,3,1,1,4,2,02,2,3,0,0,1,1,1,4,1,46,5,2,2,0,2,1,1,200600022245A01,7,15,1,247800584
200600022250,2006-04-11,2006,avril,mardi,06:00,91,91216,0,0,2,1,2,2,1,3,3,02,2,1,0,0,1,0,1,3,1,57,1,3,9,0,0,4,19,200600022250A01,7,1,1,200056232
200600022274,2006-04-27,2006,avril,jeudi,13:05,92,92004,0,0,1,1,6,1,1,4,1,01,-1,1,0,50,1,0,1,4,2,26,1,3,0,1,0,2,21,200600022274B01,7,22,1,200054781
200600022325,2006-04-07,2006,avril,vendredi,08:50,92,92025,0,0,2,1,6,1,1,4,2,02,1,1,0,70,1,0,1,4,1,11,2,3,9,0,2,8,21,200600022325B01,5,17,1,200054781
200600022387,2006-04-26,2006,avril,mercredi,13:40,92,92062,0,0,1,2,3,1,1,3,3,04,1,1,0,90,1,2,1,1,1,10,5,1,2,0,2,7,15,200600022387B01,18,1,1,200054781
200600022403,2006-04-27,2006,avril,jeudi,17:45,92,92064,0,0,2,1,6,1,1,3,3,02,1,1,0,31,1,0,1,4,1,47,0,3,9,0,1,1,1,200600022403A01,,,,200054781
200600022407,2006-04-14,2006,avril,vendredi,20:00,92,92072,0,0,2,1,3,1,1,3,1,01,2,1,0,0,1,0,1,4,1,11,0,2,2,1,0,1,1,200600022407B01,7,23,1,200054781
200600022407,2006-04-14,2006,avril,vendredi,20:00,92,92072,0,0,2,1,3,1,1,3,1,01,2,1,0,0,1,0,1,1,1,16,0,2,2,1,0,1,1,200600022407B01,7,23,1,200054781
200600022416,2006-04-21,2006,avril,vendredi,13:55,92,92073,0,0,2,3,3,1,1,3,2,04,3,1,0,0,1,0,0,4,1,49,0,2,2,0,2,1,14,200600022416B01,7,16,1,200054781
200600022456,2006-04-08,2006,avril,samedi,14:20,93,93008,0,0,2,1,3,1,1,4,1,01,1,1,8,30,1,0,1,3,1,47,5,2,2,0,2,8,6,200600022456B01,7,1,1,200054781
200600022471,2006-04-29,2006,avril,samedi,11:20,93,93057,0,0,2,1,6,1,1,4,1,01,1,1,0,0,1,0,1,4,1,18,5,3,9,0,0,1,21,200600022471B01,7,1,1,200054781
200600022474,2006-04-01,2006,avril,samedi,19:50,93,93029,0,0,2,1,6,1,1,4,2,02,1,1,0,100,1,0,1,4,1,60,5,3,9,0,2,1,1,200600022474A01,7,17,1,200054781
200600022501,2006-04-07,2006,avril,vendredi,08:40,93,93046,0,0,2,1,3,1,1,4,2,02,1,1,0,60,1,0,4,4,1,15,2,3,9,0,2,8,0,200600022501B01,7,9,1,200054781
200600022504,2006-04-17,2006,avril,lundi,10:25,93,93074,0,0,1,3,3,1,1,4,2,02,2,3,0,100,1,0,1,4,1,27,9,1,2,0,2,1,13,200600022504B01,7,15,1,200054781
200600022505,2006-04-18,2006,avril,mardi,09:00,93,93074,0,0,2,2,3,1,1,4,1,00,1,1,0,0,1,0,1,3,2,34,4,3,9,0,2,3,5,200600022505A01,10,1,1,200054781
200600022552,2006-04-04,2006,avril,mardi,14:08,93,93066,0,0,2,1,6,1,1,3,3,01,1,1,1,1,1,0,1,2,1,47,0,3,9,0,2,3,0,200600022552B01,7 / 18,0,2,200054781
200600022555,2006-04-06,2006,avril,jeudi,19:30,93,93066,0,0,2,1,3,1,1,4,1,00,1,1,0,0,1,0,1,4,1,20,1,3,9,0,0,3,2,200600022555A01,7,0,1,200054781
200600022559,2006-04-03,2006,avril,lundi,17:40,93,93039,0,0,2,3,5,1,1,4,2,03,2,1,0,610,1,2,1,3,1,37,1,2,9,0,2,0,0,200600022559C01,7,1,2,200054781
200600022563,2006-04-25,2006,avril,mardi,11:10,93,93066,0,0,2,1,6,1,1,4,2,01,1,1,0,50,1,0,4,3,1,24,1,3,9,0,0,6,9,200600022563B01,7,13,1,200054781
200600022565,2006-04-26,2006,avril,mercredi,08:00,93,93066,0,0,2,1,2,1,8,4,1,02,1,1,3,6,1,0,1,3,1,22,0,2,9,0,2,0,9,200600022565A01,7,9,1,200054781
200600022601,2006-04-06,2006,avril,jeudi,11:20,94,94017,0,0,2,3,3,1,1,3,3,04,1,1,21,173,1,0,1,3,1,21,4,3,9,0,0,2,1,200600022601A01,5,1,1,200054781
200600022604,2006-04-13,2006,avril,jeudi,11:15,94,94017,0,0,2,1,1,1,1,4,1,01,1,1,0,35,1,0,1,4,2,20,1,2,2,0,2,1,5,200600022604B01,7,9,1,200054781
200600022608,2006-04-08,2006,avril,samedi,17:25,94,94018,0,0,2,1,6,1,1,3,2,04,1,1,0,120,1,0,1,4,1,60,5,1,2,0,2,6,13,200600022608B01,7,17,1,200054781
200600022609,2006-04-20,2006,avril,jeudi,13:35,94,94018,0,0,2,1,3,1,1,3,2,03,1,1,0,80,1,0,4,4,1,8,5,3,9,0,2,1,0,200600022609B01,7,16,1,200054781
200600022636,2006-04-18,2006,avril,mardi,17:15,94,94028,48.7732,2.43516,2,1,3,1,1,9,-1,01,1,1,0,30,1,0,1,4,1,21,0,3,2,0,2,4,7,200600022636A01,18,2,1,200054781
200600022661,2006-04-06,2006,avril,jeudi,19:00,94,94065,0,0,2,1,6,1,1,9,2,00,1,1,0,0,1,0,1,4,1,18,9,1,2,0,9,0,1,200600022661A01,1,1,1,200054781
200600022661,2006-04-06,2006,avril,jeudi,19:00,94,94065,0,0,2,1,6,1,1,9,2,00,1,1,0,0,1,0,1,3,1,69,9,1,2,0,9,0,1,200600022661B01,1,1,1,200054781
200600022665,2006-04-11,2006,avril,mardi,10:40,94,94073,0,0,1,1,6,1,1,4,-1,00,-1,-1,0,0,-1,0,1,1,1,58,5,3,9,0,1,8,0,200600022665A01,,,,200054781
200600022665,2006-04-11,2006,avril,mardi,10:40,94,94073,0,0,1,1,6,1,1,4,-1,00,-1,-1,0,0,-1,0,1,4,2,48,5,3,0,0,1,8,0,200600022665A01,,,,200054781
200600022678,2006-04-14,2006,avril,vendredi,11:20,94,94046,0,0,2,1,3,1,1,2,2,04,1,1,0,0,1,0,1,1,1,16,1,3,9,0,2,1,19,200600022678B01,2,3,1,200054781