Num_Acc,date,an,mois,jour,hrmn,dep,com,lat,long,agg,int,col,lum,atm,catr,circ,nbv,prof,plan,lartpc,larrout,surf,infra,situ,grav,sexe,age,trajet,secuexist,equipement,obs,obsm,choc,manv,vehiculeid,typevehicules,manoeuvehicules,numVehicules,_infos_commune.code_epci
200600022697,2006-04-12,2006,avril,mercredi,14:15,94,94078,0,0,2,1,6,1,1,3,2,02,1,1,0,70,1,0,1,4,1,36,1,1,2,1,0,1,1,200600022697B01,7,22,1,200054781
200600022714,2006-04-16,2006,avril,dimanche,22:15,94,94080,0,0,2,1,3,5,1,3,1,01,1,1,0,0,1,0,1,4,2,51,5,3,9,0,0,0,1,200600022714B01,7,17,1,200054781
200600022724,2006-04-03,2006,avril,lundi,11:15,95,95018,0,0,2,1,3,1,1,4,2,02,1,1,0,53,1,0,1,4,1,2,5,3,3,0,2,1,0,200600022724B01,7,1,1,200054781
200600022729,2006-04-06,2006,avril,jeudi,23:50,95,95018,0,0,2,1,7,5,1,3,2,04,1,1,0,140,1,0,1,4,1,24,5,1,4,12,0,1,14,200600022729A01,,,,200054781
200600022759,2006-04-06,2006,avril,jeudi,21:05,95,95127,0,0,2,1,1,5,1,4,2,02,1,1,0,680,1,0,1,3,1,15,5,2,2,0,2,0,19,200600022759B01,7,1,1,249500109
200600022794,2006-04-14,2006,avril,vendredi,11:40,95,95051,0,0,2,1,3,1,1,4,2,02,1,1,0,80,1,0,1,4,1,83,5,2,2,0,2,0,15,200600022794B01,37,1,1,200058485
200600022795,2006-04-19,2006,avril,mercredi,19:40,95,95563,0,0,2,1,2,5,1,4,2,02,1,1,0,54,1,0,1,3,1,60,5,3,2,0,2,4,15,200600022795A01,7,1,1,200058485
200600022805,2006-04-20,2006,avril,jeudi,07:39,2A,2A004,0,0,2,4,3,1,1,4,2,02,2,1,0,78,1,0,1,4,1,48,5,1,2,0,2,8,1,200600022805B01,7,15,1,242010056
200600022813,2006-04-16,2006,avril,dimanche,21:30,69,69381,0,0,2,1,1,5,1,4,-1,02,1,1,0,0,1,0,0,4,1,28,0,2,9,0,0,1,0,200600022813B01,7,0,1,200046977
200600023047,2006-04-07,2006,avril,vendredi,12:00,69,69386,0,0,2,2,3,1,1,4,1,01,1,1,0,0,1,0,1,4,1,28,9,3,2,0,2,1,1,200600023047B01,7,1,1,200046977
200600023055,2006-04-20,2006,avril,jeudi,19:00,69,69386,0,0,2,2,3,1,1,4,2,04,1,1,0,0,1,0,1,4,1,25,5,2,2,0,0,0,1,200600023055B01,2,17,1,200046977
200600023061,2006-04-25,2006,avril,mardi,14:00,69,69383,0,0,2,1,3,1,1,4,2,02,1,1,0,0,1,0,1,4,1,38,1,1,2,0,2,2,1,200600023061B01,7,1,1,200046977
200600023098,2006-04-08,2006,avril,samedi,18:15,69,69387,0,0,2,1,6,1,1,4,2,02,1,1,0,154,1,0,5,3,1,26,5,2,2,1,0,1,1,200600023098B01,7,24,1,200046977
200600023103,2006-04-25,2006,avril,mardi,09:50,69,69387,0,0,2,2,3,1,1,4,1,01,1,1,0,40,1,0,1,4,2,69,5,2,2,0,2,1,1,200600023103A01,7,1,1,200046977
200600023106,2006-04-19,2006,avril,mercredi,07:45,69,69388,0,0,2,2,3,1,1,4,1,01,1,1,0,53,1,0,1,4,2,26,1,3,9,0,2,1,1,200600023106B01,7,1,1,200046977
200600023212,2006-04-27,2006,avril,jeudi,11:42,44,44055,0,0,2,3,3,1,1,4,1,01,-1,1,0,60,1,0,1,4,2,5,5,3,9,0,2,7,1,200600023212A01,7,1,1,244400610
200600023214,2006-01-13,2006,janvier,vendredi,08:00,44,44109,0,0,2,1,6,2,1,4,2,04,2,1,0,50,1,2,5,3,1,28,1,1,2,0,0,4,2,200600023214B01,2,2,1,244400404
200600023226,2006-03-22,2006,mars,mercredi,19:00,44,44109,0,0,2,1,6,2,1,4,4,00,1,1,0,0,1,0,1,1,1,25,0,3,0,0,1,0,2,200600023226A01,,,,244400404
200600023226,2006-03-22,2006,mars,mercredi,19:00,44,44109,0,0,2,1,6,2,1,4,4,00,1,1,0,0,1,0,1,3,2,30,0,3,0,0,1,0,2,200600023226A01,,,,244400404
200600023251,2006-04-21,2006,avril,vendredi,08:40,56,56260,0,0,2,1,6,1,1,4,1,01,1,1,0,60,1,0,1,4,1,13,2,1,2,1,0,1,14,200600023251A01,,,,200067932
200600023253,2006-03-09,2006,mars,jeudi,11:55,59,59328,0,0,2,2,6,1,1,4,2,02,1,1,0,56,1,0,1,3,2,49,1,1,9,0,2,1,1,200600023253B01,7,16,1,200093201
200600023266,2006-04-24,2006,avril,lundi,11:00,74,74012,0,0,2,2,3,1,1,4,1,01,1,1,0,80,1,0,1,4,1,92,5,2,2,0,2,1,1,200600023266B01,7,15,1,200011773
200600023285,2006-04-26,2006,avril,mercredi,19:20,94,94081,0,0,2,3,6,1,1,3,2,03,2,1,12,56,1,0,1,4,1,19,5,2,2,0,2,1,19,200600023285A01,7,16,1,200054781
200600023317,2006-05-18,2006,mai,jeudi,08:15,59,59320,0,0,2,3,5,1,1,4,2,02,-1,1,0,42,1,0,1,3,1,15,2,3,0,0,2,2,1,200600023317A01,7,15,2,200093201
200600023345,2006-05-13,2006,mai,samedi,14:15,62,62284,0,0,2,1,1,1,1,3,2,02,1,1,0,59,1,0,1,3,1,45,3,3,0,0,2,1,15,200600023345B02,7,1,1,200044048
200600023372,2006-05-06,2006,mai,samedi,13:30,80,80700,0,0,2,1,1,1,2,3,2,02,1,1,0,60,2,0,1,3,2,13,5,0,2,0,2,3,1,200600023372A01,3,1,1,200070993
200600023470,2006-05-11,2006,mai,jeudi,18:30,76,76147,0,0,2,3,3,1,1,3,2,02,2,1,0,50,1,6,1,3,1,12,5,3,0,0,2,1,16,200600023470B02,7,1,1,200070068
200600023477,2006-05-19,2006,mai,vendredi,18:00,76,76755,0,0,2,1,1,1,1,3,2,00,-1,1,0,60,1,0,4,3,1,11,5,3,0,0,2,1,9,200600023477B02,7,0,1,200069821
200600023510,2006-05-30,2006,mai,mardi,18:15,35,35223,47.991,-2.125,1,1,3,1,1,4,2,00,1,1,0,50,-1,0,1,3,1,7,9,1,2,0,2,8,1,200600023510B02,10,1,1,243500618
200600023529,2006-05-11,2006,mai,jeudi,14:45,22,22121,0,0,1,6,1,1,1,3,2,02,-1,1,0,0,1,5,1,3,1,54,5,0,2,0,0,0,0,200600023529B02,10,1,1,200069086
200600023536,2006-05-09,2006,mai,mardi,13:30,22,22136,48.176,-2.749,2,6,3,1,1,4,3,04,2,-1,15,70,1,0,1,2,1,43,1,3,0,0,2,0,1,200600023536B02,17,1,1,200067460
200600023543,2006-05-07,2006,mai,dimanche,11:40,22,22259,0,0,2,1,3,1,1,2,2,03,2,3,0,92,1,5,1,3,1,52,5,1,2,0,2,8,1,200600023543B02,7,15,1,200068989
200600023550,2006-05-07,2006,mai,dimanche,14:45,22,22254,0,0,1,1,2,1,1,3,2,02,1,1,0,55,1,0,1,3,2,72,5,3,0,0,2,4,2,200600023550B02,7,17,1,200065928
200600023556,2006-05-20,2006,mai,samedi,13:45,29,29037,47.889,-4.168,1,6,1,1,1,3,3,02,1,1,0,51,1,5,1,3,1,41,5,2,2,0,2,7,1,200600023556B02,14,1,1,242900702
200600023560,2006-05-20,2006,mai,samedi,08:30,29,29024,0,0,1,1,2,1,1,2,2,02,1,1,0,69,1,0,1,3,1,37,5,1,2,0,0,4,1,200600023560B02,7,1,1,242900744
200600023575,2006-05-09,2006,mai,mardi,18:30,56,56118,0,0,2,2,3,1,1,4,2,00,1,1,0,55,-1,0,0,3,1,9,5,3,0,0,2,1,1,200600023575B02,10,1,1,200042174
200600023584,2006-05-07,2006,mai,dimanche,11:30,14,14407,49.255,-0.383,1,6,2,1,1,3,-1,02,-1,2,0,87,1,5,1,3,1,65,3,3,0,0,2,0,0,200600023584B02,7,16,1,200065597
200600023596,2006-05-02,2006,mai,mardi,13:00,50,50512,0,0,1,2,3,1,1,3,2,02,1,1,60,0,1,0,1,2,1,12,5,2,2,0,2,0,15,200600023596B02,14,1,1,200066389
200600023606,2006-05-25,2006,mai,jeudi,11:30,50,50646,0,0,1,1,1,1,1,3,2,02,1,1,0,48,1,0,1,4,1,42,5,1,2,0,2,8,2,200600023606B02,7,17,1,
200600023617,2006-05-09,2006,mai,mardi,15:20,61,61293,0,0,2,1,3,1,1,3,2,02,1,-1,0,0,1,0,1,3,1,52,3,1,2,0,2,3,1,200600023617A01,14,11,1,200036069
200600023631,2006-05-09,2006,mai,mardi,19:15,44,44067,0,0,1,1,3,1,1,3,2,00,1,1,0,60,1,0,1,3,1,11,5,3,0,0,2,4,15,200600023631B02,7,13,1,243500741
200600023648,2006-05-20,2006,mai,samedi,23:15,49,49308,47.393,-0.511,1,1,2,3,1,4,2,02,1,1,0,50,-1,0,1,4,1,20,1,3,4,0,2,6,2,200600023648A01,7,1,1,200071553
200600023676,2006-05-02,2006,mai,mardi,18:00,72,72213,47.916,0.256,2,1,3,1,1,9,-1,00,1,1,0,41,1,0,1,3,2,8,5,3,0,0,2,2,19,200600023676B02,7,1,1,247200132
200600023688,2006-05-17,2006,mai,mercredi,19:00,85,85061,0,0,2,1,2,1,1,4,2,02,1,3,0,50,1,0,1,3,2,83,9,3,0,0,0,4,1,200600023688B02,7,1,1,200073260
200600023698,2006-05-03,2006,mai,mercredi,18:30,85,85181,46.507,-0.956,2,1,3,1,1,3,2,02,1,1,0,59,1,0,1,3,1,8,9,3,0,0,2,8,19,200600023698B02,7,19,1,200071934
200600023702,2006-05-23,2006,mai,mardi,10:30,85,85222,46.7,-1.938,2,1,3,1,1,3,3,02,1,1,10,70,1,5,1,3,1,76,5,2,2,0,2,1,1,200600023702B02,17,16,1,200023778
200600023765,2006-05-20,2006,mai,samedi,17:00,40,40192,43.91,-0.47,2,1,1,1,1,5,2,01,1,2,0,60,1,0,1,3,2,10,5,3,0,0,2,0,0,200600023765B02,7,1,1,244000808
200600023781,2006-05-17,2006,mai,mercredi,16:00,40,40046,0,0,2,1,1,1,1,9,2,00,-1,1,0,70,1,0,1,4,1,36,1,2,2,0,2,1,13,200600023781B02,14,1,1,244000873
200600023793,2006-05-05,2006,mai,vendredi,10:45,47,47057,44.651,0.61,1,1,1,1,1,3,2,02,3,2,0,70,1,0,1,2,2,59,5,3,0,0,2,1,1,200600023793B02,7,13,1,200036523
200600023804,2006-05-19,2006,mai,vendredi,16:30,64,64014,0,0,1,3,3,1,1,3,2,02,2,4,0,63,1,0,1,3,1,59,5,1,2,0,2,1,1,200600023804B02,7,19,1,200067106
200600023834,2006-05-18,2006,mai,jeudi,09:00,17,17360,0,0,2,1,1,1,1,6,-1,01,-1,-1,0,45,1,0,1,3,2,71,5,3,0,0,2,6,1,200600023834B02,7,4,1,241700459
200600023855,2006-05-04,2006,mai,jeudi,18:10,79,79189,46.416,-0.17,2,1,3,1,1,9,2,02,2,1,65,0,1,0,1,3,1,20,5,2,2,0,2,1,19,200600023855A01,7,1,1,200041994
200600023974,2006-05-01,2006,mai,lundi,10:45,81,81088,43.832,2.258,1,1,1,1,1,3,2,02,-1,-1,0,44,1,5,1,3,1,65,5,1,2,0,2,1,1,200600023974B02,7,23,1,200034049
200600023983,2006-05-23,2006,mai,mardi,12:15,81,81070,0,0,1,1,1,1,1,3,2,02,1,2,0,67,1,0,1,3,1,56,3,3,0,0,2,1,13,200600023983B02,7,17,1,200066124
200600024010,2006-05-06,2006,mai,samedi,14:10,69,69270,0,0,1,1,1,1,1,3,2,02,3,3,0,66,1,0,1,3,1,14,5,3,0,0,0,8,15,200600024010B02,7,21,1,246900765
200600024033,2006-05-27,2006,mai,samedi,10:00,01,01305,46.435,4.939,2,1,3,1,1,3,2,00,-1,1,0,100,1,0,1,3,2,71,5,3,0,0,0,8,2,200600024033B02,21,2,1,200071371
200600024035,2006-05-04,2006,mai,jeudi,14:15,01,01026,0,0,1,1,3,1,1,4,2,00,1,1,0,38,1,0,1,3,1,14,5,3,0,0,2,8,15,200600024035B02,7,1,1,200071371
200600024073,2006-05-10,2006,mai,mercredi,19:30,07,07301,45.108,4.667,1,1,2,1,8,3,2,00,1,1,0,63,2,0,1,3,1,38,5,2,2,0,2,1,2,200600024073A01,1,2,1,200073096
200600024073,2006-05-10,2006,mai,mercredi,19:30,07,07301,45.108,4.667,1,1,2,1,8,3,2,00,1,1,0,63,2,0,1,1,1,33,5,3,0,0,2,4,2,200600024073B02,1,2,1,200073096
200600024075,2006-05-26,2006,mai,vendredi,17:45,26,26108,44.736,5.015,1,6,6,1,1,3,-1,00,1,-1,0,0,1,0,1,3,2,27,5,1,9,0,2,1,6,200600024075A01,,,,200040509
200600024082,2006-05-27,2006,mai,samedi,15:30,26,26085,44.524,4.713,1,3,3,1,1,3,2,02,1,1,0,50,1,0,1,3,1,84,5,3,0,0,2,7,1,200600024082A01,10,19,1,200040459
200600024085,2006-05-03,2006,mai,mercredi,17:20,26,26324,0,0,1,3,3,1,1,3,2,02,4,2,0,80,1,0,1,4,1,38,5,0,2,0,2,3,19,200600024085B02,7,1,1,200042901
200600024099,2006-05-06,2006,mai,samedi,11:30,38,38418,0,0,1,1,1,1,1,3,2,02,-1,-1,0,70,1,0,1,4,1,56,5,3,0,0,2,2,13,200600024099A01,7,1,1,200018166
200600024151,2006-05-05,2006,mai,vendredi,09:45,42,42182,46.049,3.929,1,1,2,1,1,3,2,00,4,1,0,73,1,0,1,3,1,18,5,3,0,0,2,1,1,200600024151A01,17,1,1,200035731
200600024167,2006-05-06,2006,mai,samedi,10:00,74,74104,0,0,1,2,1,1,8,4,2,02,1,1,0,63,1,5,1,3,1,49,5,2,2,0,2,1,1,200600024167B02,7,1,1,247400773
200600024168,2006-05-02,2006,mai,mardi,18:45,74,74310,0,0,2,1,1,1,1,4,2,00,-1,-1,0,0,1,0,1,3,1,14,5,3,0,0,2,1,15,200600024168A01,7,1,1,200066793
200600024176,2006-05-30,2006,mai,mardi,08:15,74,74082,0,0,2,1,3,1,8,3,-1,02,-1,2,0,60,2,5,1,3,1,34,1,0,2,0,2,1,1,200600024176B02,7,15,1,247400690
200600024256,2006-05-30,2006,mai,mardi,09:30,57,57645,0,0,2,1,1,1,1,3,2,02,1,1,0,60,1,0,1,4,1,38,5,1,2,1,0,7,1,200600024256B02,10,22,1,200039949
200600024261,2006-05-24,2006,mai,mercredi,13:30,57,57193,0,0,1,1,1,1,1,3,1,02,1,1,0,75,1,0,1,3,1,44,1,1,2,0,2,8,1,200600024261B02,10,1,1,200039949
200600024277,2006-05-04,2006,mai,jeudi,14:15,54,54586,48.59,6.034,2,1,1,1,1,4,2,02,2,1,0,0,1,0,1,3,1,10,5,3,0,0,2,1,19,200600024277B02,7,1,1,245400171
200600024292,2006-05-26,2006,mai,vendredi,18:00,54,54080,0,0,2,3,5,1,1,3,2,02,1,1,0,72,1,5,1,4,1,14,9,3,0,0,2,8,23,200600024292C03,7,15 / 1,2,245400510
200600024319,2006-05-26,2006,mai,vendredi,19:30,88,88218,48.148,6.791,2,1,1,5,2,4,2,01,1,1,0,50,2,0,1,4,1,7,5,3,0,0,2,0,9,200600024319B02,10,1,1,200096642
200600024320,2006-05-15,2006,mai,lundi,18:45,88,88196,0,0,1,1,1,1,1,3,3,00,1,1,0,75,1,0,1,3,1,54,5,3,0,0,2,4,13,200600024320B02,7,17,1,200096642
200600024326,2006-05-04,2006,mai,jeudi,17:10,67,67313,48.541,7.454,2,1,1,1,1,4,2,00,1,1,0,0,1,0,1,3,2,77,0,3,0,0,2,2,2,200600024326B02,30,18,1,246701064
200600024329,2006-05-02,2006,mai,mardi,17:30,67,67528,48.866,7.181,1,3,3,1,1,3,2,02,1,1,0,76,1,0,1,3,1,73,5,3,0,0,2,1,1,200600024329B02,38,15,1,200067841
200600024385,2006-05-04,2006,mai,jeudi,17:45,51,51557,48.801,4.577,1,1,1,1,1,2,2,02,3,2,0,74,1,5,1,3,1,57,5,1,2,0,2,8,19,200600024385B02,7,1,1,200034718
200600024403,2006-05-02,2006,mai,mardi,19:15,10,10033,0,0,2,1,3,1,1,4,1,01,-1,1,0,0,1,0,1,3,1,9,5,3,0,0,2,1,1,200600024403B02,7,15,1,241000405
200600024412,2006-05-22,2006,mai,lundi,11:00,52,52269,0,0,2,9,5,1,8,2,2,02,1,1,0,105,2,0,1,3,1,53,1,3,0,0,2,3,1,200600024412A01,7 / 17,0 / 1,2,200072999
200600024491,2006-05-04,2006,mai,jeudi,08:30,25,25191,0,0,2,1,3,1,1,3,2,01,1,1,94,0,1,0,1,3,2,72,5,3,0,0,2,8,19,200600024491B02,17,1,1,200065647
200600024492,2006-05-13,2006,mai,samedi,17:30,25,25048,0,0,2,1,1,1,1,3,2,02,-1,1,58,0,1,0,1,3,2,53,5,1,2,0,0,4,11,200600024492B02,7,2,1,200065647
200600024506,2006-05-24,2006,mai,mercredi,15:45,39,39396,47.144,5.655,1,1,3,1,1,3,2,02,1,2,0,61,1,0,1,2,1,20,5,1,2,0,0,8,15,200600024506B02,7,17,1,243900560
200600024506,2006-05-24,2006,mai,mercredi,15:45,39,39396,47.144,5.655,1,1,3,1,1,3,2,02,1,2,0,61,1,0,1,4,1,19,0,1,2,0,0,8,15,200600024506B02,7,17,1,243900560
200600024506,2006-05-24,2006,mai,mercredi,15:45,39,39396,47.144,5.655,1,1,3,1,1,3,2,02,1,2,0,61,1,0,1,4,1,25,0,1,2,0,0,8,15,200600024506B02,7,17,1,243900560
200600024525,2006-05-31,2006,mai,mercredi,11:45,13,13106,43.41,5.372,2,1,3,1,1,2,2,00,2,1,0,0,1,0,1,4,1,16,0,1,2,0,2,2,0,200600024525B02,7,15,1,200054807
200600024550,2006-05-06,2006,mai,samedi,12:15,04,04198,0,0,1,1,3,1,1,3,2,00,4,-1,0,0,1,0,1,3,1,42,5,3,0,0,2,1,1,200600024550B02,7,15,1,
200600024553,2006-05-18,2006,mai,jeudi,16:00,04,04161,0,0,1,9,2,1,1,3,3,02,1,-1,0,0,1,0,1,4,1,49,5,1,2,0,2,8,1,200600024553B02,2,17,1,200072304
200600024562,2006-05-06,2006,mai,samedi,18:00,05,05070,44.324,5.818,2,1,1,1,1,4,2,02,2,3,0,76,1,0,1,3,1,8,5,3,0,0,2,1,13,200600024562B02,10,1,1,200068765
200600024568,2006-05-26,2006,mai,vendredi,16:25,05,05011,0,0,1,1,3,1,1,3,-1,00,-1,-1,0,0,-1,0,0,3,2,39,5,1,2,0,2,9,1,200600024568B02,7,9,1,200067320
200600024579,2006-05-19,2006,mai,vendredi,11:45,06,06138,0,0,1,9,1,1,1,3,2,02,1,1,0,75,1,0,1,3,1,58,5,1,2,0,2,3,1,200600024579B02,7,15,1,200039915
200600024597,2006-05-22,2006,mai,lundi,19:15,83,83007,0,0,1,1,1,1,1,4,2,00,-1,3,0,40,1,0,1,3,1,11,5,2,2,0,2,1,13,200600024597B02,14,1,1,200040210
200600024606,2006-05-17,2006,mai,mercredi,09:55,83,83140,0,0,1,2,5,1,1,3,2,02,-1,1,0,65,1,5,1,3,1,72,5,1,2,0,2,8,15,200600024606C03,7,19,2,200068104
200600024609,2006-05-17,2006,mai,mercredi,16:30,83,83120,0,0,1,1,1,1,1,3,-1,02,-1,-1,0,40,1,0,1,3,2,27,5,1,2,0,2,1,13,200600024609B02,7,1,1,200054807
200600024618,2006-05-10,2006,mai,mercredi,11:00,83,83068,0,0,1,1,7,1,1,3,2,00,-1,4,0,0,1,0,3,3,2,47,5,0,2,0,0,0,14,200600024618A01,,,,200036077
200600024628,2006-05-20,2006,mai,samedi,09:25,83,83127,0,0,1,1,3,1,1,3,2,01,1,1,0,75,1,0,1,2,2,49,5,3,0,0,2,1,1,200600024628B02,7,16,1,248300394
200600024637,2006-05-19,2006,mai,vendredi,14:30,83,83130,0,0,2,1,2,1,1,4,2,00,1,2,0,40,1,0,1,4,1,43,5,2,2,0,2,4,1,200600024637B02,7,1,1,248300410
200600024660,2006-05-22,2006,mai,lundi,15:00,84,84022,0,0,1,1,1,1,1,3,2,00,2,4,0,50,1,0,1,2,1,74,5,1,2,0,2,0,2,200600024660A01,10,2,1,248400335
200600024686,2006-05-11,2006,mai,jeudi,19:45,34,34197,43.573,3.403,1,1,6,1,1,3,2,00,1,1,0,43,1,0,1,3,1,15,5,3,0,0,0,4,2,200600024686A01,,,,243400355
200600024697,2006-05-24,2006,mai,mercredi,19:00,34,34143,0,0,1,2,1,1,1,3,2,02,1,1,0,40,1,0,1,3,1,14,5,3,0,0,2,3,19,200600024697A01,7,1,1,200066355
200600024700,2006-05-06,2006,mai,samedi,16:45,11,11396,43.31,2.55,2,4,3,1,8,3,2,02,1,1,0,60,1,0,1,3,2,11,5,3,0,0,2,1,15,200600024700A01,7,1,1,200035715
200600024707,2006-05-15,2006,mai,lundi,18:00,11,11353,0,0,1,1,1,1,1,3,2,02,2,1,70,0,1,0,1,3,1,71,5,3,0,0,2,1,15,200600024707B02,7,1,1,241100593
200600024711,2006-05-23,2006,mai,mardi,08:00,30,30156,43.835,4.453,1,1,2,1,1,3,3,00,1,1,0,0,1,0,3,3,1,39,1,3,0,1,0,1,2,200600024711A01,14,23,1,243000643
200600024749,2006-05-03,2006,mai,mercredi,16:30,66,66171,42.644,3.035,2,6,1,1,1,3,1,02,1,2,0,0,1,0,1,3,2,53,5,3,0,0,2,1,1,200600024749B02,7,16,1,246600282
200600024788,2006-05-01,2006,mai,lundi,00:01,78,78550,48.833,1.902,1,1,7,5,1,4,2,02,2,1,0,50,1,0,1,3,1,19,5,3,0,0,0,0,1,200600024788A01,,,,247800618
200600024810,2006-05-15,2006,mai,lundi,07:00,95,95370,0,0,1,1,5,1,1,3,4,03,3,3,0,0,1,0,1,3,1,57,1,1,2,0,2,6,1,200600024810D04,14 / 7,1 / 21,3,200035970
200600024829,2006-05-23,2006,mai,mardi,17:00,77,77393,48.721,2.849,1,1,5,1,6,2,3,00,-1,1,0,0,1,3,1,3,1,42,0,3,0,0,9,8,0,200600024829B02,17,1,1,200072874
200600024829,2006-05-23,2006,mai,mardi,17:00,77,77393,48.721,2.849,1,1,5,1,6,2,3,00,-1,1,0,0,1,3,1,1,1,42,5,0,2,0,2,0,13,200600024829C03,17,1,1,200072874
200600024925,2006-05-11,2006,mai,jeudi,18:30,41,41033,0,0,1,1,7,1,1,3,2,02,1,1,0,55,1,0,1,3,1,46,5,1,2,0,0,0,0,200600024925A01,,,,
200600024945,2006-05-13,2006,mai,samedi,21:00,29,29234,0,0,1,1,1,1,1,4,2,01,1,1,0,35,1,0,1,3,2,11,5,3,0,0,2,1,19,200600024945B02,7,1,1,242900694
200600024955,2006-05-04,2006,mai,jeudi,17:30,57,57041,49.423,5.947,2,1,1,1,1,4,2,02,2,3,0,47,1,0,1,3,2,8,5,2,2,0,2,8,19,200600024955B02,7,1,1,245701404
200600024965,2006-05-07,2006,mai,dimanche,10:15,69,69252,0,0,1,1,7,1,2,3,2,02,2,2,0,108,2,0,1,3,1,64,5,3,0,0,0,8,15,200600024965A01,,,,200077014
200600024966,2006-05-31,2006,mai,mercredi,15:45,69,69193,0,0,2,1,7,1,2,4,2,02,-1,3,0,0,2,0,1,3,1,43,5,3,0,0,0,0,1,200600024966A01,,,,200077014
200600025035,2006-05-31,2006,mai,mercredi,12:30,38,38485,0,0,2,2,1,1,1,4,2,00,-1,1,0,0,1,0,1,1,1,2006,9,3,0,0,0,7,1,200600025035C03,14,1,1,200040715
200600025083,2006-05-28,2006,mai,dimanche,12:45,69,69033,0,0,2,1,3,1,1,3,2,02,1,1,0,0,1,0,0,3,1,12,5,3,0,0,2,1,1,200600025083B02,7,1,1,200046977
200600025087,2006-05-28,2006,mai,dimanche,11:45,74,74011,45.909,6.131,2,1,1,1,1,9,2,02,1,1,14,90,1,0,1,3,2,67,0,2,2,0,0,8,1,200600025087B02,7,15,1,
200600025095,2006-05-06,2006,mai,samedi,09:15,56,56240,47.537,-2.755,1,1,2,1,1,3,2,02,-1,1,0,54,1,0,1,3,1,16,5,1,2,0,0,3,15,200600025095B02,10,17,1,200067932
200600025115,2006-05-24,2006,mai,mercredi,08:30,67,67343,0,0,2,1,1,1,8,9,-1,02,1,4,0,30,1,0,5,1,1,34,1,3,0,0,9,1,13,200600025115A01,1,1,1,246700488
200600025115,2006-05-24,2006,mai,mercredi,08:30,67,67343,0,0,2,1,1,1,8,9,-1,02,1,4,0,30,1,0,5,4,1,44,1,3,0,0,9,1,1,200600025115B02,1,13,1,246700488
200600025202,2006-05-17,2006,mai,mercredi,16:45,02,02340,0,0,2,2,3,1,1,4,2,02,1,1,0,61,1,5,1,4,2,11,5,1,2,0,2,1,1,200600025202B01,7,1,1,200071892
200600025203,2006-05-16,2006,mai,mardi,15:00,02,02691,0,0,2,3,3,1,1,4,2,02,1,1,0,0,1,0,1,3,1,20,5,2,2,0,2,8,15,200600025203A01,7,1,1,200071892
200600025214,2006-05-11,2006,mai,jeudi,17:59,03,03321,0,0,2,1,7,1,1,4,2,02,3,1,0,52,1,0,1,3,1,18,5,2,2,12,0,0,1,200600025214A01,2,1,1,200071140
200600025215,2006-05-03,2006,mai,mercredi,14:45,03,03023,0,0,2,1,3,1,1,4,2,02,1,1,0,90,1,0,1,4,1,23,5,3,9,0,2,3,19,200600025215A01,7,1,1,200071363
200600025222,2006-05-12,2006,mai,vendredi,11:20,03,03023,0,0,2,1,1,1,8,4,2,02,2,1,0,80,1,0,1,1,1,63,5,3,9,0,2,1,1,200600025222B01,7,13,1,200071363
200600025254,2006-05-11,2006,mai,jeudi,08:00,06,06004,0,0,2,3,5,1,1,4,2,02,1,1,0,74,1,0,1,3,1,57,5,1,2,0,2,0,1,200600025254C01,2 / 7,1 / 15,2,240600585
200600025254,2006-05-11,2006,mai,jeudi,08:00,06,06004,0,0,2,3,5,1,1,4,2,02,1,1,0,74,1,0,1,3,1,54,5,1,2,0,2,1,1,200600025254D01,2 / 7,1 / 15,2,240600585
200600025257,2006-05-12,2006,mai,vendredi,16:00,06,06004,0,0,2,1,3,1,1,2,2,02,1,1,0,70,1,0,1,3,2,77,5,3,2,0,2,8,5,200600025257B01,7,9,1,240600585
200600025260,2006-05-16,2006,mai,mardi,11:00,06,06004,0,0,2,1,2,1,1,3,3,03,1,1,0,35,1,0,1,3,1,64,5,3,2,0,2,4,1,200600025260B01,7,2,1,240600585
200600025282,2006-05-04,2006,mai,jeudi,13:00,06,06123,0,0,2,1,6,1,1,4,2,02,-1,-1,10,0,1,0,4,1,1,14,0,3,0,0,2,0,0,200600025282A01,,,,200030195
200600025301,2006-05-04,2006,mai,jeudi,08:57,06,06029,0,0,2,1,4,1,1,2,2,02,1,1,0,100,1,0,1,4,2,62,0,3,9,0,2,4,0,200600025301C01,7,1,2,200039915
200600025418,2006-05-06,2006,mai,samedi,13:35,06,06088,0,0,2,3,3,1,1,4,2,02,1,1,0,80,1,0,1,4,2,14,5,3,2,0,2,1,1,200600025418B01,7,15,1,200030195
200600025436,2006-05-11,2006,mai,jeudi,14:20,06,06088,0,0,2,1,3,1,1,4,3,04,1,1,75,145,1,0,1,4,1,58,0,2,4,0,2,0,2,200600025436A01,2,0,1,200030195
200600025466,2006-05-16,2006,mai,mardi,19:08,06,06088,0,0,2,3,3,1,1,4,1,01,-1,-1,0,0,1,0,1,4,1,16,5,3,9,0,2,1,1,200600025466A01,7,1,1,200030195
200600025467,2006-05-16,2006,mai,mardi,19:40,06,06088,0,0,2,1,3,1,1,4,2,02,1,1,0,44,1,0,1,4,1,15,0,2,4,0,2,1,2,200600025467A01,7,2,1,200030195
200600025503,2006-05-23,2006,mai,mardi,19:00,06,06088,0,0,2,1,3,1,1,4,1,02,1,1,0,90,1,0,0,4,1,40,0,3,2,0,2,0,1,200600025503B01,7,14,1,200030195
200600025518,2006-05-28,2006,mai,dimanche,10:30,06,06088,0,0,2,1,3,1,1,4,2,00,1,1,0,20,1,6,5,4,1,8,5,2,4,0,2,1,9,200600025518A01,1,2,1,200030195
200600025518,2006-05-28,2006,mai,dimanche,10:30,06,06088,0,0,2,1,3,1,1,4,2,00,1,1,0,20,1,6,5,1,2,60,5,2,4,0,2,0,2,200600025518B01,1,9,1,200030195
200600025525,2006-05-29,2006,mai,lundi,15:30,06,06088,0,0,1,1,3,1,1,3,2,03,1,1,0,100,1,2,1,4,1,57,5,1,4,0,2,4,11,200600025525A01,7,2,1,200030195