Num_Acc,date,an,mois,jour,hrmn,dep,com,lat,long,agg,int,col,lum,atm,catr,circ,nbv,prof,plan,lartpc,larrout,surf,infra,situ,grav,sexe,age,trajet,secuexist,equipement,obs,obsm,choc,manv,vehiculeid,typevehicules,manoeuvehicules,numVehicules,_infos_commune.code_epci
200600025553,2006-05-04,2006,mai,jeudi,12:00,10,10387,0,0,2,1,2,1,1,2,1,02,1,2,0,130,1,0,1,1,2,46,4,3,9,0,0,4,1,200600025553B01,31,1,1,200069250
200600025556,2006-05-14,2006,mai,dimanche,17:20,10,10387,0,0,2,1,3,1,1,4,2,02,1,1,0,70,1,0,1,4,1,18,5,3,9,0,2,1,1,200600025556A01,10,1,1,200069250
200600025562,2006-05-19,2006,mai,vendredi,08:55,11,11262,0,0,2,3,3,1,1,4,2,02,1,1,0,69,1,0,1,3,1,84,5,3,9,0,2,7,15,200600025562A01,7,1,1,241100593
200600025591,2006-05-03,2006,mai,mercredi,20:00,13,13047,0,0,1,6,3,1,1,3,4,02,1,3,0,0,1,0,1,3,1,33,5,3,2,0,2,1,1,200600025591B01,7,16,1,200054807
200600025599,2006-05-03,2006,mai,mercredi,09:45,13,13102,0,0,2,9,3,1,1,4,2,02,1,1,0,66,1,0,4,4,1,59,0,2,2,0,2,1,1,200600025599A01,7,1,1,200054807
200600025605,2006-05-16,2006,mai,mardi,07:00,13,13054,0,0,2,1,3,1,1,4,2,00,1,1,0,59,1,0,1,4,2,43,1,2,9,0,2,2,1,200600025605B01,5,9,1,200054807
200600025708,2006-05-17,2006,mai,mercredi,07:00,13,13055,0,0,2,3,3,1,1,3,3,04,1,1,16,70,1,5,1,4,1,50,5,3,0,0,2,1,1,200600025708B01,7,1,1,200054807
200600025733,2006-05-15,2006,mai,lundi,05:20,13,13055,0,0,2,4,3,2,1,4,3,03,1,1,18,78,1,4,1,4,1,43,0,3,0,0,2,1,1,200600025733A01,7,15,1,200054807
200600025746,2006-05-20,2006,mai,samedi,13:15,13,13055,0,0,2,1,3,1,1,4,2,06,1,-1,0,160,1,0,1,3,1,34,5,3,9,0,2,1,19,200600025746A01,7,15,1,200054807
200600025748,2006-05-16,2006,mai,mardi,17:15,13,13055,0,0,2,1,2,1,1,4,2,02,1,2,0,68,1,0,4,4,2,31,1,3,0,0,2,4,1,200600025748B01,5,1,1,200054807
200600025810,2006-05-20,2006,mai,samedi,17:45,13,13055,0,0,2,1,3,1,1,4,1,03,1,1,120,90,1,0,1,3,1,10,5,3,0,0,0,1,19,200600025810A01,7,2,1,200054807
200600025820,2006-05-08,2006,mai,lundi,10:10,13,13055,0,0,2,3,2,1,1,4,1,01,2,1,0,54,1,0,0,3,1,52,0,3,0,0,2,4,2,200600025820B01,7,2,1,200054807
200600025828,2006-05-28,2006,mai,dimanche,08:20,13,13055,0,0,2,3,1,1,1,2,2,02,1,1,0,90,1,0,1,3,1,66,5,3,0,0,2,1,0,200600025828B01,7,15,1,200054807
200600025895,2006-05-13,2006,mai,samedi,11:30,13,13055,0,0,2,1,3,1,1,4,2,02,2,2,0,40,1,0,1,3,1,11,5,2,2,0,0,7,10,200600025895A01,2,1,1,200054807
200600025931,2006-05-04,2006,mai,jeudi,17:20,13,13103,0,0,2,1,3,1,1,4,2,02,1,1,0,46,1,0,1,4,2,16,2,2,2,0,0,8,2,200600025931B01,7,2,1,200054807
200600025968,2006-05-03,2006,mai,mercredi,10:55,17,17299,0,0,2,6,3,1,1,4,2,02,1,1,0,90,1,5,1,4,1,65,3,3,9,0,2,7,1,200600025968B01,7,1,1,200041762
200600025971,2006-05-18,2006,mai,jeudi,15:55,17,17299,0,0,2,6,3,1,1,4,2,02,1,1,31,100,1,5,1,4,2,12,2,2,2,0,2,2,1,200600025971B01,7,1,1,200041762
200600025980,2006-05-07,2006,mai,dimanche,17:30,17,17300,0,0,2,1,3,1,1,4,2,02,1,1,0,61,1,0,1,4,1,9,0,3,9,0,2,4,19,200600025980B01,7,1,1,241700434
200600025995,2006-05-24,2006,mai,mercredi,21:20,17,17300,0,0,2,1,3,2,1,4,2,02,-1,-1,0,60,1,0,1,4,1,10,0,2,9,0,2,3,5,200600025995A01,7,1,1,241700434
200600025999,2006-05-27,2006,mai,samedi,17:45,17,17300,0,0,2,1,6,1,1,4,1,01,1,1,0,50,-1,0,1,4,1,8,5,1,9,0,2,2,1,200600025999B01,7,1,1,241700434
200600026004,2006-05-12,2006,mai,vendredi,23:00,17,17300,0,0,2,2,3,5,1,4,2,02,1,1,0,70,1,5,1,4,2,40,1,3,9,0,2,1,1,200600026004B01,7,1,1,241700434
200600026034,2006-05-11,2006,mai,jeudi,19:40,19,19031,0,0,2,1,6,1,1,4,1,01,1,1,0,0,1,0,1,3,1,63,5,2,2,0,2,1,1,200600026034B01,7,9,1,200043172
200600026068,2006-05-23,2006,mai,mardi,09:30,21,21231,0,0,2,1,2,1,1,4,1,01,1,1,0,58,1,0,1,3,1,49,4,3,2,0,2,1,1,200600026068B01,7,22,1,242100410
200600026071,2006-05-24,2006,mai,mercredi,11:38,21,21231,0,0,2,2,3,1,1,4,3,04,1,1,74,168,1,5,1,3,1,50,4,3,2,0,2,1,18,200600026071B01,7,16,1,242100410
200600026072,2006-05-24,2006,mai,mercredi,16:15,21,21231,0,0,2,1,2,1,1,4,1,02,1,1,0,70,1,0,1,4,1,57,0,1,2,0,2,4,2,200600026072B01,7,2,1,242100410
200600026073,2006-05-24,2006,mai,mercredi,22:30,21,21617,0,0,2,1,6,5,1,4,2,02,2,1,0,60,1,0,4,3,1,20,5,3,2,6,0,1,0,200600026073A01,,,,242100410
200600026076,2006-05-29,2006,mai,lundi,12:14,21,21231,0,0,2,2,4,1,2,4,2,03,1,1,0,88,2,5,1,4,1,19,2,2,2,0,2,6,15,200600026076A01,30 / 37,17 / 1,2,242100410
200600026078,2006-05-30,2006,mai,mardi,08:34,21,21231,0,0,2,1,3,1,1,4,3,02,2,1,0,130,1,0,4,4,1,28,5,2,2,0,2,1,1,200600026078A01,7,23,1,242100410
200600026086,2006-05-25,2006,mai,jeudi,11:10,22,22360,0,0,2,6,3,1,1,4,2,02,1,1,0,0,1,0,1,4,1,57,5,1,2,0,2,2,21,200600026086B01,7,9,1,200069409
200600026097,2006-05-06,2006,mai,samedi,11:35,24,24322,0,0,2,1,3,1,1,4,2,02,1,1,0,35,1,0,1,4,1,10,5,2,2,0,2,7,1,200600026097B01,7,9,1,200040392
200600026112,2006-05-04,2006,mai,jeudi,18:36,25,25056,0,0,2,1,3,1,1,4,1,01,1,1,0,35,1,0,1,4,1,56,9,2,2,1,0,1,1,200600026112B01,7,0,1,242500361
200600026118,2006-05-12,2006,mai,vendredi,08:08,25,25056,0,0,2,6,1,1,1,4,2,02,1,1,0,60,1,0,1,3,1,46,1,3,2,0,2,4,1,200600026118B01,7,1,1,242500361
200600026130,2006-05-26,2006,mai,vendredi,20:43,25,25056,0,0,2,9,3,1,1,3,3,02,1,1,0,0,1,0,1,4,1,11,5,2,2,0,2,7,19,200600026130B01,7,1,1,242500361
200600026139,2006-05-30,2006,mai,mardi,17:06,25,25580,0,0,2,1,3,1,1,4,1,02,1,1,0,70,1,0,1,4,1,12,0,3,2,0,2,8,19,200600026139B01,7,0,1,200065647
200600026146,2006-05-15,2006,mai,lundi,12:50,26,26281,0,0,2,6,6,1,1,4,2,02,1,1,0,65,1,0,0,4,1,44,1,1,9,0,0,1,1,200600026146B01,7,9,1,200068781
200600026150,2006-05-02,2006,mai,mardi,21:25,26,26058,0,0,1,1,3,3,1,2,3,04,1,1,20,140,1,0,1,3,1,26,5,1,9,0,2,4,1,200600026150B01,7,1,1,200068781
200600026174,2006-05-31,2006,mai,mercredi,15:00,27,27701,0,0,1,1,3,1,1,3,2,02,1,1,0,74,1,0,1,4,1,12,5,1,2,0,2,8,19,200600026174B01,7,1,1,200089456
200600026178,2006-05-31,2006,mai,mercredi,11:40,27,27681,0,0,2,9,6,1,7,4,2,02,1,1,0,80,1,0,1,1,2,59,5,3,9,0,1,1,1,200600026178A01,,,,200072312
200600026190,2006-05-10,2006,mai,mercredi,14:00,28,28404,0,0,2,1,3,1,1,4,2,02,1,1,0,0,1,0,3,3,1,14,5,2,9,0,2,1,1,200600026190B01,7,16,1,200040277
200600026192,2006-05-25,2006,mai,jeudi,21:30,28,28404,0,0,2,4,7,2,1,3,2,02,2,1,0,0,1,0,4,3,1,36,0,2,9,12,0,0,0,200600026192A01,,,,200040277
200600026213,2006-05-19,2006,mai,vendredi,12:35,29,29019,0,0,2,1,3,1,2,4,2,03,1,1,0,87,2,2,1,4,2,23,9,3,9,0,2,8,11,200600026213A01,7,1,1,242900314
200600026216,2006-05-22,2006,mai,lundi,18:20,29,29019,0,0,2,2,3,1,2,4,-1,02,1,-1,0,108,2,0,0,3,1,19,0,3,2,0,0,1,2,200600026216B01,7,0,1,242900314
200600026251,2006-05-02,2006,mai,mardi,06:43,30,30189,0,0,2,1,6,1,1,4,2,02,2,1,0,56,1,0,1,4,1,26,9,2,9,8,0,1,1,200600026251A01,,,,243000643
200600026253,2006-05-03,2006,mai,mercredi,09:33,30,30189,0,0,2,1,6,1,1,4,1,01,1,1,0,0,9,0,1,4,2,78,9,2,2,0,2,0,23,200600026253B01,7,4,1,243000643
200600026262,2006-05-06,2006,mai,samedi,15:45,30,30189,0,0,2,1,3,1,1,3,1,02,1,1,0,0,1,0,1,4,1,76,5,1,2,0,2,8,1,200600026262B01,7,1,1,243000643
200600026304,2006-05-10,2006,mai,mercredi,11:10,31,31069,0,0,2,1,6,1,1,4,1,01,1,1,0,70,1,0,1,4,2,21,5,1,9,1,0,1,0,200600026304B01,7,0,1,243100518
200600026310,2006-05-30,2006,mai,mardi,21:00,31,31149,0,0,2,6,3,1,1,2,-1,01,1,-1,0,40,-1,0,1,4,1,30,1,3,9,0,2,1,1,200600026310B01,7,9,1,243100518
200600026329,2006-05-04,2006,mai,jeudi,07:45,31,31555,0,0,2,1,6,1,1,4,1,02,1,1,0,65,1,0,1,4,1,21,9,3,2,8,0,1,1,200600026329A01,,,,243100518
200600026334,2006-05-05,2006,mai,vendredi,14:15,31,31555,0,0,2,1,3,1,1,4,2,02,1,1,0,99,1,0,4,4,1,20,5,3,0,0,2,4,0,200600026334B01,7,0,1,243100518
200600026335,2006-05-05,2006,mai,vendredi,18:28,31,31555,0,0,2,1,5,1,1,4,2,03,1,1,0,88,1,0,1,1,1,27,9,3,9,0,2,0,0,200600026335B01,18,7,1,243100518
200600026335,2006-05-05,2006,mai,vendredi,18:28,31,31555,0,0,2,1,5,1,1,4,2,03,1,1,0,88,1,0,1,4,1,23,1,1,2,0,2,9,5,200600026335A01,18,7,1,243100518
200600026351,2006-05-10,2006,mai,mercredi,17:45,31,31555,0,0,2,1,3,1,1,4,2,01,1,2,0,95,1,0,1,4,1,36,1,2,2,0,2,8,5,200600026351A01,7,16,1,243100518
200600026364,2006-05-15,2006,mai,lundi,05:39,31,31555,0,0,2,1,6,5,2,4,3,02,1,1,0,50,2,0,1,4,1,37,0,3,2,1,0,0,0,200600026364A01,,,,243100518
200600026366,2006-05-15,2006,mai,lundi,12:22,31,31555,0,0,2,1,3,1,1,4,2,00,1,1,0,60,1,0,1,3,2,24,5,2,2,0,2,1,1,200600026366B01,7,1,1,243100518
200600026367,2006-05-16,2006,mai,mardi,08:00,31,31555,0,0,2,1,6,1,1,4,2,04,1,1,0,134,9,0,1,1,1,54,0,3,2,0,1,0,1,200600026367A01,,,,243100518
200600026368,2006-05-16,2006,mai,mardi,08:14,31,31555,0,0,2,3,3,1,1,4,2,00,1,1,0,70,1,0,1,4,1,29,0,3,2,0,2,1,0,200600026368A01,7,0,1,243100518
200600026369,2006-05-16,2006,mai,mardi,09:05,31,31555,0,0,2,2,6,1,1,4,2,02,2,1,0,95,1,0,1,4,1,74,0,3,2,0,2,8,1,200600026369B01,,,,243100518
200600026386,2006-05-22,2006,mai,lundi,15:15,31,31555,0,0,2,3,3,1,1,4,2,03,1,1,0,93,1,0,1,4,2,21,5,2,2,0,2,4,15,200600026386B01,5,1,1,243100518
200600026389,2006-05-23,2006,mai,mardi,09:10,31,31555,0,0,2,2,1,1,1,4,2,02,2,1,0,66,1,0,1,4,2,38,1,3,2,0,2,1,0,200600026389A01,7,0,1,243100518
200600026390,2006-05-23,2006,mai,mardi,14:40,31,31555,0,0,2,1,3,1,1,4,2,03,1,1,0,100,1,0,1,1,1,35,1,3,2,0,2,1,0,200600026390B01,18,0,1,243100518
200600026394,2006-05-27,2006,mai,samedi,13:50,31,31555,0,0,2,1,3,1,1,4,4,03,1,1,0,97,1,0,1,4,2,44,0,3,2,0,9,5,0,200600026394A01,18,0,1,243100518
200600026402,2006-05-30,2006,mai,mardi,16:30,31,31555,0,0,1,2,3,1,1,4,2,02,1,1,0,20,1,0,1,4,2,36,1,3,9,0,2,1,1,200600026402B01,7,15,1,243100518
200600026417,2006-05-07,2006,mai,dimanche,12:30,33,33529,0,0,1,1,1,1,1,9,2,02,1,4,0,0,1,0,5,4,1,48,5,2,2,0,2,1,1,200600026417B01,2,1,1,243300563
200600026421,2006-05-18,2006,mai,jeudi,16:40,33,33009,0,0,2,1,3,1,1,2,2,02,1,1,0,69,1,0,1,4,2,32,0,2,2,0,2,1,1,200600026421B01,7,24,1,243300563
200600026428,2006-05-04,2006,mai,jeudi,10:20,33,33063,0,0,2,1,3,1,1,4,1,01,2,1,0,0,1,0,1,4,2,28,0,3,9,0,2,0,1,200600026428B01,10,20,1,243300316
200600026430,2006-05-01,2006,mai,lundi,18:47,33,33281,0,0,2,3,3,1,1,4,2,03,1,1,0,90,2,0,1,4,2,11,5,3,9,0,2,0,19,200600026430B01,7,1,1,243300316
200600026435,2006-05-08,2006,mai,lundi,11:50,33,33063,0,0,2,2,3,1,1,4,2,03,1,1,0,0,1,0,1,3,2,79,0,3,9,0,2,1,1,200600026435A01,7,15,1,243300316
200600026438,2006-05-09,2006,mai,mardi,10:05,33,33063,0,0,2,3,3,1,1,4,1,01,1,1,0,0,1,0,1,4,2,24,0,3,9,0,2,1,1,200600026438B01,10,1,1,243300316
200600026444,2006-05-11,2006,mai,jeudi,18:00,33,33063,0,0,2,2,3,1,1,4,1,01,1,1,0,39,1,0,1,4,1,13,0,3,9,0,2,7,1,200600026444A01,7,1,1,243300316
200600026451,2006-05-04,2006,mai,jeudi,16:39,33,33318,0,0,2,1,3,1,1,4,2,02,1,1,0,92,1,0,1,4,2,16,5,3,9,0,2,1,2,200600026451B01,37,1,1,243300316
200600026456,2006-05-13,2006,mai,samedi,18:55,33,33063,0,0,2,1,4,1,1,4,3,04,1,1,4,115,1,0,1,4,1,30,0,3,9,14,0,1,3,200600026456B01,7,23,2,243300316
200600026460,2006-05-15,2006,mai,lundi,08:26,33,33063,0,0,2,1,3,1,1,4,3,04,1,1,0,0,1,0,1,4,1,22,0,3,9,0,2,1,1,200600026460A01,7,20,1,243300316
200600026462,2006-05-10,2006,mai,mercredi,12:10,33,33281,0,0,2,1,2,1,1,4,2,02,2,1,0,0,1,0,1,4,2,25,1,3,9,0,2,4,15,200600026462B01,7,1,1,243300316
200600026478,2006-05-16,2006,mai,mardi,18:30,33,33522,0,0,2,2,3,1,1,4,2,02,1,1,0,78,1,0,1,4,1,18,1,3,9,0,2,6,1,200600026478B01,7,15,1,243300316
200600026480,2006-05-19,2006,mai,vendredi,14:00,33,33063,0,0,2,3,3,1,1,4,1,02,1,1,0,800,1,0,1,3,2,60,0,3,9,0,2,0,1,200600026480A01,7,15,1,243300316
200600026505,2006-05-23,2006,mai,mardi,08:24,33,33522,0,0,2,2,3,1,1,4,3,02,1,1,0,40,1,0,1,4,2,25,0,3,9,0,0,5,1,200600026505B01,7,1,1,243300316
200600026510,2006-05-28,2006,mai,dimanche,18:00,33,33522,0,0,2,2,3,1,1,4,2,02,1,1,0,72,1,0,1,4,1,20,5,3,9,0,2,1,1,200600026510A01,7,1,1,243300316
200600026511,2006-05-31,2006,mai,mercredi,18:23,33,33063,0,0,2,1,6,1,1,4,3,04,1,1,0,0,1,0,1,4,2,67,0,3,9,0,2,0,1,200600026511B01,17,1,1,243300316
200600026516,2006-05-30,2006,mai,mardi,16:50,33,33039,0,0,2,1,2,1,1,4,2,01,2,1,0,130,1,0,1,4,2,55,1,3,9,0,2,9,2,200600026516B01,10,1,1,243300316
200600026538,2006-05-24,2006,mai,mercredi,19:33,34,34032,0,0,2,2,3,1,1,4,1,01,2,1,0,35,1,0,1,4,1,16,5,3,9,0,2,1,16,200600026538B01,10,2,1,243400769
200600026546,2006-05-31,2006,mai,mercredi,18:07,34,34032,0,0,2,1,3,1,1,4,2,02,2,1,0,70,1,0,1,4,1,12,5,3,9,0,2,8,19,200600026546B01,7,1,1,243400769
200600026561,2006-05-11,2006,mai,jeudi,18:30,34,34129,0,0,1,1,3,1,1,4,2,02,1,1,0,55,1,0,1,3,2,22,5,3,9,0,2,1,19,200600026561A01,7,1,1,243400017
200600026565,2006-05-15,2006,mai,lundi,15:20,34,34172,0,0,2,1,6,1,1,4,-1,00,1,1,0,0,1,0,4,1,1,38,5,3,9,0,1,3,1,200600026565A01,,,,243400017
200600026601,2006-05-24,2006,mai,mercredi,09:45,34,34301,0,0,2,1,6,1,1,4,1,01,4,1,0,35,1,0,1,4,1,44,9,2,9,0,2,0,2,200600026601B01,7,1,1,200066355
200600026605,2006-05-03,2006,mai,mercredi,16:50,35,35238,0,0,2,1,7,1,1,4,2,02,-1,-1,0,60,1,0,1,3,1,52,0,3,9,0,0,0,0,200600026605A01,,,,243500139
200600026616,2006-05-11,2006,mai,jeudi,17:35,35,35238,0,0,2,3,2,1,1,4,2,02,1,1,0,60,1,0,1,4,2,21,2,3,9,0,2,0,1,200600026616B01,7,1,1,243500139
200600026617,2006-05-12,2006,mai,vendredi,08:45,35,35238,0,0,2,2,3,1,1,4,2,02,1,1,0,60,1,0,1,4,2,44,0,3,9,0,2,1,1,200600026617A01,7,16,1,243500139
200600026624,2006-05-19,2006,mai,vendredi,17:20,35,35238,0,0,2,6,6,1,9,4,1,01,-1,-1,0,0,-1,0,1,3,2,56,0,3,9,0,0,0,0,200600026624A01,,,,243500139
200600026629,2006-05-22,2006,mai,lundi,20:00,35,35238,0,0,2,1,3,1,1,4,2,01,2,1,0,30,1,0,1,4,2,26,0,3,9,0,2,1,1,200600026629B01,7,22,1,243500139
200600026634,2006-05-28,2006,mai,dimanche,16:45,35,35238,0,0,2,6,2,1,1,4,2,01,1,-1,0,60,1,0,1,3,1,81,0,3,9,0,2,0,0,200600026634B01,7,16,1,243500139
200600026636,2006-05-30,2006,mai,mardi,09:55,35,35238,0,0,2,1,3,1,1,4,1,01,1,-1,0,30,1,0,1,4,2,19,4,3,9,1,0,2,1,200600026636B01,7,22,1,243500139
200600026654,2006-05-10,2006,mai,mercredi,19:35,36,36044,0,0,2,1,2,1,1,4,2,02,1,1,0,0,1,0,1,4,1,40,5,2,2,0,2,4,1,200600026654B01,7,1,1,243600327
200600026659,2006-05-23,2006,mai,mardi,18:08,36,36044,0,0,2,1,3,1,1,3,2,00,-1,-1,0,0,1,0,1,4,1,6,5,3,0,0,2,1,0,200600026659B01,7,20,1,243600327
200600026661,2006-05-30,2006,mai,mardi,19:20,36,36044,0,0,2,1,3,1,1,6,1,00,1,1,0,0,1,0,1,4,1,7,5,2,2,0,2,1,9,200600026661A01,7,1,1,243600327
200600026663,2006-05-02,2006,mai,mardi,19:45,37,37261,0,0,1,1,1,1,1,4,2,02,1,1,0,37,1,0,1,3,1,25,5,3,0,0,2,1,1,200600026663A01,99,0,1,243700754
200600026677,2006-05-23,2006,mai,mardi,07:50,37,37261,0,0,2,9,7,1,1,4,2,02,1,3,0,66,1,0,1,1,2,16,2,3,9,0,0,0,15,200600026677B01,33,1,1,243700754
200600026680,2006-05-01,2006,mai,lundi,14:30,38,38179,0,0,2,2,3,1,1,4,2,02,1,2,0,70,1,0,1,4,1,68,5,1,2,0,2,1,1,200600026680A01,7,1,1,200040715
200600026683,2006-05-04,2006,mai,jeudi,10:30,38,38185,0,0,2,2,3,1,1,4,1,03,1,1,0,100,1,0,1,4,1,32,0,3,9,0,2,1,1,200600026683B01,7,1,1,200040715
200600026691,2006-05-05,2006,mai,vendredi,15:15,38,38169,0,0,2,1,3,1,1,4,2,03,1,1,0,100,1,0,0,4,1,8,5,2,2,0,2,8,1,200600026691A01,40,1,1,200040715
200600026699,2006-05-12,2006,mai,vendredi,17:40,38,38421,0,0,2,1,6,1,1,4,2,02,-1,2,0,34,1,0,5,1,1,22,0,3,9,0,2,1,5,200600026699A01,1,1,1,200040715
200600026699,2006-05-12,2006,mai,vendredi,17:40,38,38421,0,0,2,1,6,1,1,4,2,02,-1,2,0,34,1,0,5,4,1,63,0,3,9,0,2,1,1,200600026699B01,1,5,1,200040715
200600026704,2006-05-17,2006,mai,mercredi,13:40,38,38185,0,0,2,1,6,1,1,4,2,04,1,1,0,104,1,0,5,4,1,48,1,3,9,0,2,1,1,200600026704B01,7,16,1,200040715
200600026705,2006-05-18,2006,mai,jeudi,09:00,38,38185,0,0,2,1,6,1,1,4,1,01,-1,-1,0,35,1,0,1,4,2,31,0,3,9,1,2,2,1,200600026705B01,7,22,1,200040715
200600026706,2006-05-19,2006,mai,vendredi,14:50,38,38421,0,0,2,1,3,1,1,4,2,02,1,1,90,80,1,0,1,4,1,23,0,2,2,0,2,1,1,200600026706B01,7,1,1,200040715
200600026708,2006-05-21,2006,mai,dimanche,20:15,38,38151,0,0,2,1,3,1,1,4,2,02,1,1,0,65,1,0,1,4,2,58,5,2,2,0,2,1,1,200600026708B01,7,1,1,200040715
200600026710,2006-05-23,2006,mai,mardi,13:10,38,38151,0,0,2,1,3,1,1,4,2,02,1,1,0,44,1,0,1,3,1,37,0,2,2,0,2,1,19,200600026710B01,40,0,1,200040715
200600026715,2006-05-25,2006,mai,jeudi,14:00,38,38516,0,0,2,1,2,1,1,4,2,02,-1,1,0,70,1,0,1,4,1,33,0,3,4,0,2,1,2,200600026715A01,7,2,1,200040715
200600026716,2006-05-28,2006,mai,dimanche,18:45,38,38151,0,0,2,1,2,1,1,4,-1,03,1,2,0,105,1,0,5,4,1,38,5,2,2,0,0,4,2,200600026716B01,7,16,1,200040715
200600026728,2006-05-03,2006,mai,mercredi,08:00,39,39300,0,0,2,4,3,1,1,4,2,02,1,3,0,0,1,0,1,3,1,50,1,1,9,0,2,1,1,200600026728B01,7,15,1,200071116
200600026733,2006-05-14,2006,mai,dimanche,13:03,40,40088,0,0,2,1,1,1,1,4,2,02,1,3,0,40,1,0,1,3,1,9,5,3,2,0,2,1,0,200600026733B01,7,1,1,244000675
200600026756,2006-05-11,2006,mai,jeudi,13:20,42,42095,0,0,2,1,2,1,1,4,2,02,1,1,0,80,1,0,1,3,1,50,5,1,2,0,2,4,1,200600026756B01,7,4,1,244200770
200600026780,2006-05-12,2006,mai,vendredi,17:35,42,42218,0,0,2,2,6,1,2,4,1,01,1,1,0,33,2,0,1,3,1,58,5,3,0,0,2,7,1,200600026780B01,7,9,1,244200770
200600026788,2006-05-19,2006,mai,vendredi,13:27,42,42223,0,0,2,1,6,1,1,4,2,02,1,1,0,100,1,0,1,4,2,49,5,1,2,0,2,1,2,200600026788A01,7,23 / 1,2,244200770
200600026788,2006-05-19,2006,mai,vendredi,13:27,42,42223,0,0,2,1,6,1,1,4,2,02,1,1,0,100,1,0,1,4,1,49,0,1,2,0,2,1,2,200600026788A01,7,23 / 1,2,244200770
200600026810,2006-05-27,2006,mai,samedi,15:30,44,44055,0,0,2,2,3,1,1,4,2,02,3,1,0,85,1,0,1,4,1,13,5,3,9,0,2,1,0,200600026810A01,7,1,1,244400610
200600026813,2006-05-04,2006,mai,jeudi,07:45,44,44162,0,0,2,1,2,1,1,3,2,02,3,1,0,76,2,0,1,4,1,47,1,3,9,0,2,4,1,200600026813B01,30,1,1,244400404
200600026816,2006-05-05,2006,mai,vendredi,12:40,44,44109,0,0,2,1,6,1,1,4,-1,00,-1,-1,0,0,-1,0,1,4,1,46,5,1,2,0,2,0,0,200600026816B01,7,0,1,244400404
200600026834,2006-05-13,2006,mai,samedi,17:45,44,44162,0,0,1,1,3,1,1,4,2,02,1,1,0,57,1,0,1,4,1,14,9,3,9,0,2,8,9,200600026834B01,7,1,1,244400404
200600026843,2006-05-18,2006,mai,jeudi,19:15,44,44109,0,0,2,1,6,1,1,4,1,01,1,3,0,0,1,0,0,3,1,20,5,3,9,1,0,1,16,200600026843A01,,,,244400404
200600026849,2006-05-22,2006,mai,lundi,17:40,44,44143,0,0,2,2,6,1,6,4,2,02,1,1,0,57,1,5,1,4,1,24,2,2,9,0,2,2,19,200600026849A01,7,1,1,244400404
200600026855,2006-05-28,2006,mai,dimanche,11:00,44,44190,0,0,2,1,6,1,1,4,2,02,1,1,0,70,1,0,1,4,2,5,5,1,2,0,2,1,9,200600026855A01,37,21,1,244400404
200600026867,2006-05-11,2006,mai,jeudi,17:30,44,44184,0,0,2,2,3,1,1,4,2,02,1,-1,0,0,1,0,1,4,1,81,0,3,9,0,2,1,1,200600026867A01,7,1,1,244400644
200600026868,2006-05-12,2006,mai,vendredi,09:20,44,44184,0,0,2,6,3,1,1,4,1,02,1,1,0,0,1,0,1,4,1,35,0,3,9,0,2,7,1,200600026868B01,7,9,1,244400644
200600026869,2006-05-12,2006,mai,vendredi,16:40,44,44184,0,0,2,2,2,1,1,4,2,01,1,1,0,0,1,0,1,4,1,42,0,3,2,0,2,4,15,200600026869B01,7,1,1,244400644
200600026871,2006-05-15,2006,mai,lundi,09:35,44,44184,0,0,2,1,3,1,1,4,1,01,1,-1,0,0,1,0,1,4,1,60,0,3,9,0,2,1,1,200600026871B01,7,1,1,244400644
200600026878,2006-05-31,2006,mai,mercredi,07:40,44,44184,0,0,2,3,3,1,1,4,2,02,3,-1,0,0,1,0,1,3,1,19,0,3,9,0,2,5,1,200600026878B01,7,9,1,244400644
200600026885,2006-05-02,2006,mai,mardi,12:00,45,45234,0,0,2,1,2,1,1,4,3,04,1,1,0,120,1,0,1,4,1,18,2,2,2,14,0,1,2,200600026885A01,7,0,1,244500468
200600026891,2006-05-09,2006,mai,mardi,16:45,45,45298,0,0,1,1,2,1,1,4,2,02,1,3,0,38,1,0,1,3,2,11,0,3,9,0,0,1,1,200600026891B01,17,4,1,244500468
200600026913,2006-05-31,2006,mai,mercredi,07:45,45,45308,0,0,2,2,3,1,1,4,2,02,1,1,40,63,1,5,1,4,1,13,2,1,4,0,2,1,15,200600026913A01,33,1,1,244500468
200600026934,2006-05-02,2006,mai,mardi,14:00,49,49007,0,0,2,6,3,1,1,4,2,03,1,1,0,105,1,0,1,4,2,78,5,3,9,0,2,1,1,200600026934B01,7,1,1,244900015
200600026939,2006-05-07,2006,mai,dimanche,15:45,49,49007,0,0,2,1,3,1,1,4,2,04,2,1,0,135,1,0,1,4,2,46,0,3,9,0,2,8,9,200600026939A01,7,1,1,244900015
200600026940,2006-05-10,2006,mai,mercredi,13:01,49,49267,0,0,2,1,7,1,1,4,-1,00,1,-1,0,0,-1,0,0,3,1,55,0,3,9,0,0,1,0,200600026940A01,,,,244900015
200600026941,2006-05-10,2006,mai,mercredi,13:45,49,49007,0,0,2,1,3,1,1,4,2,03,1,1,0,92,1,0,1,4,1,38,1,3,0,0,2,0,1,200600026941B01,10,0,1,244900015
200600026953,2006-05-17,2006,mai,mercredi,11:01,49,49007,0,0,2,1,3,1,1,4,-1,01,1,1,0,50,1,0,0,4,1,22,1,3,9,0,2,1,19,200600026953A01,7,1,1,244900015
200600026963,2006-05-23,2006,mai,mardi,10:30,49,49007,0,0,2,1,3,1,1,4,3,00,1,1,0,0,-1,0,1,4,1,66,0,3,9,0,2,2,19,200600026963A01,7,1,1,244900015
200600026971,2006-05-24,2006,mai,mercredi,14:51,49,49007,0,0,2,3,1,1,1,4,-1,02,1,-1,0,76,-1,0,1,3,1,55,1,3,9,0,2,0,1,200600026971B01,10,0,1,244900015
200600026992,2006-05-03,2006,mai,mercredi,17:10,50,50129,0,0,2,2,6,1,1,4,2,03,1,1,0,90,1,5,1,3,1,6,5,2,2,0,2,3,15,200600026992A01,7,17,1,200067205
200600027005,2006-05-29,2006,mai,lundi,23:00,50,50129,0,0,2,1,3,5,1,4,2,02,1,1,0,80,1,0,1,4,2,31,5,3,9,0,2,8,1,200600027005A01,7,1,1,200067205