Num_Acc,date,an,mois,jour,hrmn,dep,com,lat,long,agg,int,col,lum,atm,catr,circ,nbv,prof,plan,lartpc,larrout,surf,infra,situ,grav,sexe,age,trajet,secuexist,equipement,obs,obsm,choc,manv,vehiculeid,typevehicules,manoeuvehicules,numVehicules,_infos_commune.code_epci
200600027022,2006-05-18,2006,mai,jeudi,18:40,51,51454,0,0,2,1,6,1,1,2,2,02,2,1,0,68,1,0,1,4,1,53,5,3,2,0,2,8,1,200600027022B01,7,21,1,200067213
200600027027,2006-05-29,2006,mai,lundi,16:50,51,51454,0,0,2,1,6,1,2,4,2,02,2,1,0,60,2,0,1,1,1,21,1,3,9,0,1,0,0,200600027027A01,,,,200067213
200600027044,2006-05-03,2006,mai,mercredi,14:20,54,54395,0,0,2,1,6,1,1,4,1,03,1,1,0,0,1,0,1,1,1,17,5,1,2,0,1,1,1,200600027044A01,,,,245400676
200600027052,2006-05-11,2006,mai,jeudi,16:45,54,54184,0,0,2,5,3,1,1,4,2,02,1,1,60,120,1,5,1,3,2,67,5,2,2,0,2,1,19,200600027052A01,7,1,1,245400676
200600027056,2006-05-15,2006,mai,lundi,08:15,54,54395,0,0,2,1,6,1,1,4,1,03,1,1,0,108,1,0,1,4,1,18,2,2,2,0,2,8,1,200600027056B01,7,1,1,245400676
200600027074,2006-05-25,2006,mai,jeudi,12:50,54,54547,0,0,2,1,3,1,2,4,-1,01,1,1,0,50,2,6,3,4,2,21,5,2,9,0,2,8,1,200600027074B01,30,0,1,245400676
200600027090,2006-05-10,2006,mai,mercredi,14:40,55,55545,0,0,2,4,7,1,1,2,2,02,1,1,0,100,1,0,0,4,1,69,5,3,2,0,2,8,1,200600027090B01,7,9,1,200049187
200600027091,2006-05-02,2006,mai,mardi,09:05,56,56121,0,0,2,6,3,1,1,9,1,02,1,2,0,0,1,0,1,3,2,49,0,1,2,0,2,7,1,200600027091B01,7,1,1,200042174
200600027098,2006-05-10,2006,mai,mercredi,10:40,56,56162,0,0,1,6,3,1,1,3,2,02,1,1,0,0,1,0,1,4,1,76,5,1,2,0,2,5,1,200600027098B01,7,1,1,200042174
200600027101,2006-05-14,2006,mai,dimanche,16:10,56,56098,0,0,2,1,7,1,1,9,2,04,1,1,0,0,1,2,1,4,2,12,0,3,9,12,0,2,1,200600027101A01,,,,200042174
200600027108,2006-05-23,2006,mai,mardi,08:47,56,56098,0,0,2,2,3,1,1,9,2,02,1,1,0,0,1,5,1,4,2,63,0,3,9,0,2,1,1,200600027108B01,7,15,1,200042174
200600027111,2006-05-26,2006,mai,vendredi,16:15,56,56121,0,0,2,3,3,1,1,9,2,02,1,1,0,0,1,0,1,4,2,22,0,3,9,0,2,7,15,200600027111A01,7,1,1,200042174
200600027114,2006-05-30,2006,mai,mardi,09:09,56,56098,0,0,2,1,6,1,1,9,2,02,1,1,0,0,1,0,1,4,1,31,1,3,9,1,0,1,1,200600027114B01,7,22,1,200042174
200600027136,2006-05-10,2006,mai,mercredi,13:15,57,57751,0,0,2,1,6,1,1,4,2,02,1,1,0,40,1,0,1,4,1,13,0,3,9,0,2,8,19,200600027136A01,7,1,1,200039865
200600027138,2006-05-13,2006,mai,samedi,12:50,57,57463,0,0,2,3,6,1,1,3,2,02,1,1,0,86,1,0,1,3,1,84,5,1,2,0,2,7,1,200600027138B01,7,0,1,200039865
200600027139,2006-05-15,2006,mai,lundi,11:10,57,57463,0,0,2,3,3,1,1,3,2,03,1,2,0,98,1,5,1,4,1,42,3,2,2,0,2,3,9,200600027139A01,37,0,1,200039865
200600027169,2006-05-30,2006,mai,mardi,02:50,58,58194,0,0,2,1,7,5,2,4,-1,01,-1,-1,0,0,2,0,1,4,1,22,0,3,9,0,0,0,0,200600027169A01,,,,245804406
200600027222,2006-05-13,2006,mai,samedi,11:25,59,59350,0,0,2,1,6,1,1,3,1,02,1,1,0,70,1,0,1,4,1,36,5,2,9,0,2,1,1,200600027222B01,7,20,1,200093201
200600027227,2006-05-16,2006,mai,mardi,17:20,59,59350,0,0,2,2,3,1,1,3,2,04,1,1,0,150,1,0,1,4,1,29,1,3,9,0,2,7,1,200600027227B01,7,16,1,200093201
200600027265,2006-05-10,2006,mai,mercredi,13:00,59,59650,0,0,2,1,6,1,1,4,2,02,1,1,0,0,1,0,1,3,2,23,0,3,2,1,0,1,1,200600027265B01,7,24 / 1,2,200093201
200600027283,2006-05-03,2006,mai,mercredi,08:05,59,59152,0,0,2,2,1,1,1,4,2,02,1,-1,0,0,1,0,1,3,2,57,1,2,2,0,2,1,13,200600027283B01,7,15,1,200093201
200600027300,2006-05-26,2006,mai,vendredi,05:10,59,59606,0,0,2,3,6,2,1,4,2,02,1,1,0,74,2,0,1,3,1,50,1,3,2,0,2,1,1,200600027300B01,7,0,1,245901160
200600027308,2006-05-26,2006,mai,vendredi,15:40,59,59606,0,0,2,3,2,1,6,4,2,02,1,1,0,60,1,0,1,4,1,16,0,3,2,0,2,1,1,200600027308A01,7,1,1,245901160
200600027318,2006-05-05,2006,mai,vendredi,19:05,60,60463,0,0,2,1,3,1,1,4,2,00,-1,1,0,700,9,0,1,3,1,11,5,3,9,0,2,1,0,200600027318A01,7,2,1,200068047
200600027363,2006-05-03,2006,mai,mercredi,17:55,62,62215,0,0,2,2,3,1,1,4,1,02,1,1,0,58,1,0,1,4,1,79,5,3,9,0,2,1,1,200600027363A01,7,1,1,246200299
200600027364,2006-05-03,2006,mai,mercredi,11:20,62,62250,0,0,2,1,6,1,1,4,1,01,1,1,0,37,1,0,1,3,1,79,5,3,9,0,2,0,1,200600027364B01,14,17,1,246200299
200600027368,2006-05-08,2006,mai,lundi,12:00,62,62427,0,0,2,3,3,1,1,4,2,02,1,1,0,71,1,0,1,3,2,64,5,2,4,0,2,7,1,200600027368A01,7,15,1,246200299
200600027372,2006-05-26,2006,mai,vendredi,19:10,62,62321,0,0,2,1,6,1,1,4,2,02,1,1,0,70,1,0,1,4,1,15,5,2,4,0,0,7,1,200600027372A01,2,1,1,246200299
200600027380,2006-05-23,2006,mai,mardi,18:07,62,62498,0,0,2,3,3,1,1,4,1,01,1,2,0,69,1,0,1,3,1,12,5,3,9,0,2,1,5,200600027380B01,7,15,1,246200364
200600027397,2006-05-10,2006,mai,mercredi,11:35,63,63113,0,0,2,1,6,1,1,4,2,02,1,1,0,0,1,0,1,4,1,20,2,1,9,0,2,7,19,200600027397A01,7,1,1,246300701
200600027412,2006-05-18,2006,mai,jeudi,17:30,63,63014,0,0,2,1,2,1,1,4,2,03,1,1,0,100,1,0,1,4,1,26,0,3,2,0,2,4,1,200600027412B01,2,1,1,246300701
200600027440,2006-05-24,2006,mai,mercredi,14:30,63,63069,0,0,2,2,3,1,1,4,2,02,1,1,0,0,1,0,1,4,1,23,0,2,2,0,0,1,0,200600027440A01,2,0,1,246300701
200600027466,2006-05-04,2006,mai,jeudi,18:10,64,64445,0,0,2,2,3,1,1,4,2,02,1,1,0,68,1,0,0,3,1,10,5,2,2,0,2,1,1,200600027466A01,7,1,1,200067254
200600027474,2006-05-13,2006,mai,samedi,05:05,64,64445,0,0,2,1,2,5,1,2,2,02,1,1,0,80,1,0,1,4,1,21,5,3,9,0,2,1,5,200600027474B01,7,1,1,200067254
200600027479,2006-05-31,2006,mai,mercredi,08:00,64,64445,0,0,2,3,3,1,1,2,2,05,1,1,0,154,1,0,5,4,1,54,1,3,4,0,2,1,1,200600027479B01,7,15,1,200067254
200600027483,2006-05-16,2006,mai,mardi,16:40,64,64545,0,0,2,1,2,1,1,2,2,02,1,1,0,90,1,0,1,4,1,46,5,3,2,0,1,1,1,200600027483A01,14,1,1,200067106
200600027491,2006-05-07,2006,mai,dimanche,08:35,64,64189,0,0,2,1,2,1,1,3,2,02,1,1,0,123,1,0,1,4,1,48,5,1,2,0,2,4,2,200600027491B01,10,2,1,200067106
200600027492,2006-05-10,2006,mai,mercredi,14:45,64,64260,0,0,2,1,3,1,1,2,2,02,1,1,0,45,1,0,1,3,1,31,5,2,2,0,2,1,1,200600027492B01,7,16,1,200067106
200600027496,2006-05-15,2006,mai,lundi,17:30,65,65286,0,0,2,1,6,1,1,4,2,02,1,1,0,58,1,0,1,3,2,20,5,2,2,1,0,1,1,200600027496B01,7,22,1,200069300
200600027501,2006-05-06,2006,mai,samedi,11:20,65,65440,0,0,2,3,6,1,1,4,1,01,1,1,0,100,1,0,2,1,1,33,3,2,2,0,1,1,15,200600027501A01,,,,200069300
200600027525,2006-05-18,2006,mai,jeudi,08:30,67,67180,0,0,2,1,3,1,2,4,2,02,1,4,0,52,1,0,1,3,1,82,3,3,0,0,2,1,1,200600027525B01,7,15,1,200067874
200600027534,2006-05-03,2006,mai,mercredi,15:00,67,67482,0,0,1,3,3,1,1,4,1,01,1,3,0,84,1,5,5,4,1,58,5,3,9,0,2,2,1,200600027534B01,7,1,1,246700488
200600027539,2006-05-05,2006,mai,vendredi,16:15,67,67482,0,0,2,1,3,1,1,6,2,01,1,1,0,50,1,0,1,4,1,33,1,3,9,0,2,7,1,200600027539A01,7,1,1,246700488
200600027545,2006-05-09,2006,mai,mardi,11:45,67,67482,0,0,2,1,3,1,2,4,2,02,1,1,0,120,2,0,1,4,2,57,0,3,9,0,2,1,19,200600027545B01,7,1,1,246700488
200600027548,2006-05-09,2006,mai,mardi,20:00,67,67482,0,0,2,1,3,2,1,4,2,05,1,1,0,156,1,0,1,4,2,17,5,3,9,0,2,1,5,200600027548A01,37,1,1,246700488
200600027553,2006-05-11,2006,mai,jeudi,11:55,67,67482,0,0,2,1,1,1,1,4,1,01,1,1,0,40,1,0,5,4,2,34,1,3,9,0,2,1,1,200600027553B01,1,5,1,246700488
200600027556,2006-05-15,2006,mai,lundi,18:10,67,67482,0,0,2,3,1,1,1,4,2,02,1,3,0,85,1,5,1,4,2,21,2,3,9,0,2,1,15,200600027556B01,7,1,1,246700488
200600027559,2006-05-17,2006,mai,mercredi,18:22,67,67482,0,0,2,4,3,1,1,4,1,02,4,2,0,60,1,0,1,4,1,25,9,1,9,0,2,1,19,200600027559A01,7,1,1,246700488
200600027565,2006-05-22,2006,mai,lundi,09:40,67,67482,0,0,2,3,3,1,1,4,2,02,1,1,0,72,1,0,5,3,1,54,1,3,9,0,2,3,1,200600027565B01,7,15,1,246700488
200600027566,2006-05-22,2006,mai,lundi,16:00,67,67482,0,0,2,1,3,1,2,4,2,02,1,1,0,85,2,0,1,4,1,23,5,3,9,0,2,1,19,200600027566B01,7,9,1,246700488
200600027567,2006-05-23,2006,mai,mardi,07:45,67,67482,0,0,2,2,3,1,1,4,1,01,1,1,0,62,1,0,4,4,2,23,1,3,9,0,2,0,1,200600027567A01,1,1,1,246700488
200600027567,2006-05-23,2006,mai,mardi,07:45,67,67482,0,0,2,2,3,1,1,4,1,01,1,1,0,62,1,0,4,4,1,16,2,3,9,0,2,0,1,200600027567B01,1,1,1,246700488
200600027568,2006-05-23,2006,mai,mardi,08:50,67,67482,0,0,2,1,3,1,1,4,2,03,1,1,0,90,1,0,1,4,2,25,5,1,2,0,2,8,1,200600027568B01,14,17,1,246700488
200600027576,2006-05-30,2006,mai,mardi,07:31,67,67482,0,0,2,2,3,1,2,4,2,02,1,1,0,120,2,5,1,4,1,44,4,3,9,0,2,3,1,200600027576B01,7,1,1,246700488
200600027578,2006-05-30,2006,mai,mardi,17:13,67,67365,0,0,2,3,3,1,1,4,2,02,1,1,0,68,1,0,1,4,1,12,2,2,2,0,2,1,19,200600027578A01,7,1,1,246700488
200600027594,2006-05-05,2006,mai,vendredi,16:25,68,68224,0,0,2,1,3,1,1,4,2,00,1,1,0,0,1,0,5,4,1,54,5,3,2,0,2,1,1,200600027594B01,7,9,1,200066009
200600027598,2006-05-27,2006,mai,samedi,18:40,68,68224,0,0,2,3,3,1,1,4,2,02,1,1,0,48,1,0,1,4,1,49,5,3,0,0,2,3,16,200600027598B01,7,16,1,200066009
200600027616,2006-05-24,2006,mai,mercredi,09:10,69,69029,0,0,1,1,6,1,1,4,2,01,1,3,0,134,1,0,5,4,1,73,5,1,2,0,1,0,0,200600027616A01,,,,200046977
200600027616,2006-05-24,2006,mai,mercredi,09:10,69,69029,0,0,1,1,6,1,1,4,2,01,1,3,0,134,1,0,5,1,2,19,9,3,0,0,1,0,0,200600027616A01,,,,200046977
200600027630,2006-05-11,2006,mai,jeudi,16:35,69,69266,0,0,2,1,6,1,1,4,2,00,1,1,0,0,1,0,4,1,1,18,5,3,9,0,9,0,1,200600027630A01,1,1,1,200046977
200600027630,2006-05-11,2006,mai,jeudi,16:35,69,69266,0,0,2,1,6,1,1,4,2,00,1,1,0,0,1,0,4,3,1,53,1,3,9,0,9,0,1,200600027630B01,1,1,1,200046977
200600027681,2006-05-19,2006,mai,vendredi,09:57,72,72181,0,0,2,1,6,1,1,9,2,02,1,1,0,80,1,0,1,1,2,26,1,3,9,0,1,1,1,200600027681A01,,,,247200132
200600027688,2006-05-23,2006,mai,mardi,10:05,72,72181,0,0,2,2,2,1,1,9,2,02,1,1,0,71,1,0,1,4,1,58,9,3,2,0,0,4,1,200600027688B01,7,1,1,247200132
200600027700,2006-05-07,2006,mai,dimanche,10:45,73,73008,0,0,2,1,2,1,1,4,1,00,1,2,140,70,1,5,1,3,1,32,5,1,4,0,2,1,1,200600027700A01,7,1,1,200068674
200600027706,2006-05-21,2006,mai,dimanche,18:00,74,74093,0,0,2,2,6,1,1,4,2,02,1,1,0,67,-1,0,1,3,1,54,9,3,9,0,0,1,16,200600027706B01,7,16,1,
200600027708,2006-05-27,2006,mai,samedi,12:15,74,74010,0,0,2,6,7,1,1,4,1,02,1,-1,0,90,-1,0,1,4,2,48,9,3,9,0,2,1,1,200600027708B01,7,16,1,200066793
200600027711,2006-05-09,2006,mai,mardi,15:50,74,74133,0,0,2,1,7,1,1,4,2,02,1,1,0,60,1,0,1,3,2,72,5,2,2,0,0,0,1,200600027711A01,,,,200011773
200600027765,2006-05-02,2006,mai,mardi,20:57,75,75013,0,0,2,3,3,5,1,4,2,06,1,1,0,120,1,0,1,4,2,37,1,3,0,0,2,1,1,200600027765B01,7,1,1,
200600027780,2006-05-03,2006,mai,mercredi,11:25,75,75007,0,0,2,2,3,1,1,4,2,02,1,1,0,60,1,0,1,4,2,35,1,3,0,0,2,3,1,200600027780B01,7,12,1,
200600027793,2006-05-03,2006,mai,mercredi,11:45,75,75017,0,0,2,1,6,1,1,4,1,01,1,1,0,30,1,0,1,4,2,44,5,3,0,0,1,1,1,200600027793A01,,,,
200600027798,2006-05-03,2006,mai,mercredi,19:40,75,75016,0,0,2,1,2,1,1,4,1,01,1,1,0,30,1,0,1,4,1,46,5,3,0,0,2,1,1,200600027798A01,7,23,1,
200600027813,2006-05-04,2006,mai,jeudi,18:10,75,75010,0,0,2,1,6,1,1,4,2,04,1,1,0,120,1,0,1,1,1,47,5,3,0,0,1,1,1,200600027813A01,,,,
200600027829,2006-05-05,2006,mai,vendredi,17:30,75,75015,0,0,2,1,3,1,1,4,2,04,1,1,0,120,1,0,1,4,1,45,5,3,0,0,2,1,1,200600027829B01,14,9,1,
200600027837,2006-05-05,2006,mai,vendredi,10:51,75,75017,0,0,2,2,3,1,1,4,2,02,1,1,0,60,1,0,1,4,2,27,5,3,0,0,2,3,1,200600027837B01,14,16,1,
200600027868,2006-05-07,2006,mai,dimanche,17:10,75,75018,0,0,2,1,3,1,1,4,2,02,1,1,0,60,1,0,1,4,1,61,5,3,0,0,2,6,7,200600027868B01,7,17,1,
200600027899,2006-05-09,2006,mai,mardi,17:15,75,75006,0,0,2,1,6,1,2,4,2,04,1,1,0,120,2,0,1,1,1,42,5,3,0,0,1,1,1,200600027899A01,,,,
200600027926,2006-05-10,2006,mai,mercredi,21:30,75,75014,0,0,2,2,3,5,1,4,2,02,1,1,0,60,1,0,1,4,1,24,5,3,0,0,2,1,1,200600027926B01,7,15,1,
200600027958,2006-05-05,2006,mai,vendredi,22:35,75,75017,0,0,2,2,3,5,1,4,2,02,1,1,0,60,1,0,1,4,1,28,5,1,2,0,2,2,15,200600027958A01,7,1,1,
200600027965,2006-05-10,2006,mai,mercredi,12:05,75,75005,0,0,2,2,3,1,1,4,2,02,1,1,0,60,1,0,1,4,1,33,5,3,0,0,2,1,1,200600027965B01,7,1,1,
200600027972,2006-05-11,2006,mai,jeudi,11:15,75,75020,0,0,2,1,2,1,1,4,2,02,1,1,0,60,1,0,1,4,1,41,5,3,0,0,2,1,2,200600027972A01,7,23,1,
200600027993,2006-05-13,2006,mai,samedi,10:00,75,75006,0,0,2,2,3,1,1,4,2,02,1,1,0,60,1,0,1,4,1,57,5,3,0,0,2,6,15,200600027993A01,2,1,1,
200600028014,2006-05-14,2006,mai,dimanche,02:00,75,75019,0,0,2,1,3,5,1,4,2,02,1,1,0,60,1,0,1,1,1,32,5,3,0,0,2,1,1,200600028014B01,7,22,1,
200600028014,2006-05-14,2006,mai,dimanche,02:00,75,75019,0,0,2,1,3,5,1,4,2,02,1,1,0,60,1,0,1,4,2,29,0,3,0,0,2,1,1,200600028014B01,7,22,1,
200600028028,2006-05-15,2006,mai,lundi,18:40,75,75017,0,0,2,1,2,1,1,4,2,02,1,1,0,60,1,0,1,4,2,47,5,3,0,0,2,4,2,200600028028B01,7,2,1,
200600028039,2006-05-16,2006,mai,mardi,18:20,75,75010,0,0,2,1,6,1,1,4,2,03,1,1,0,90,1,0,5,1,1,26,5,3,0,0,1,1,1,200600028039A01,,,,
200600028041,2006-05-16,2006,mai,mardi,12:20,75,75016,0,0,2,2,3,1,1,4,2,02,1,1,0,60,1,0,1,4,2,27,5,3,0,0,2,2,1,200600028041A01,7,1,1,
200600028052,2006-05-17,2006,mai,mercredi,16:10,75,75014,0,0,2,2,2,1,1,4,2,04,1,1,0,120,1,0,1,4,1,15,5,3,0,0,2,1,7,200600028052A01,7,23,1,
200600028061,2006-05-17,2006,mai,mercredi,16:30,75,75020,0,0,2,1,3,1,1,4,2,04,1,1,0,120,1,0,1,4,1,45,5,3,0,0,2,3,7,200600028061B01,7,16,1,
200600028074,2006-05-18,2006,mai,jeudi,18:45,75,75017,0,0,2,1,2,1,1,4,1,02,1,1,0,60,1,0,1,4,1,18,5,3,0,0,2,4,1,200600028074B01,5,1,1,
200600028085,2006-05-19,2006,mai,vendredi,23:35,75,75011,0,0,2,1,3,5,1,4,2,02,1,1,0,60,1,0,1,3,1,24,5,3,0,0,2,3,9,200600028085A01,5,1,1,
200600028089,2006-05-19,2006,mai,vendredi,17:05,75,75013,0,0,2,2,3,1,1,4,1,01,1,1,0,30,1,0,1,4,1,38,5,3,0,0,2,1,1,200600028089B01,7,15,1,
200600028124,2006-05-20,2006,mai,samedi,16:35,75,75010,0,0,2,1,7,1,2,4,2,02,1,1,0,60,2,0,4,4,1,22,5,3,0,0,0,0,21,200600028124A01,,,,
200600028135,2006-05-20,2006,mai,samedi,00:15,75,75017,0,0,2,1,7,5,1,4,1,02,1,3,0,60,1,0,1,4,1,26,5,3,0,0,0,0,1,200600028135A01,,,,
200600028142,2006-05-22,2006,mai,lundi,17:42,75,75005,0,0,2,1,6,1,1,4,1,01,1,1,0,30,1,0,1,4,1,16,9,3,0,1,0,1,14,200600028142A01,,,,
200600028179,2006-05-23,2006,mai,mardi,08:45,75,75001,0,0,2,2,3,1,1,4,2,03,1,1,0,90,1,0,1,4,1,54,5,3,0,0,2,6,1,200600028179B01,7,0,1,
200600028186,2006-05-23,2006,mai,mardi,15:45,75,75010,0,0,2,2,2,1,1,4,1,04,1,1,0,120,1,0,1,4,1,34,5,3,0,0,2,4,2,200600028186B01,2,1,1,
200600028190,2006-05-23,2006,mai,mardi,11:55,75,75013,0,0,2,1,3,1,1,4,2,04,1,1,0,120,1,0,1,4,1,45,5,3,0,0,2,2,1,200600028190B01,2,18,1,
200600028204,2006-05-24,2006,mai,mercredi,09:00,75,75002,0,0,2,2,3,1,1,4,1,02,1,1,0,60,1,0,1,4,2,28,9,3,0,0,2,3,19,200600028204A01,5,1,1,
200600028220,2006-05-24,2006,mai,mercredi,08:27,75,75017,0,0,2,1,3,1,1,4,2,08,1,1,0,240,1,0,1,4,2,43,5,3,0,0,2,2,19,200600028220A01,7,1,1,
200600028227,2006-05-25,2006,mai,jeudi,17:16,75,75010,0,0,2,1,4,1,1,4,1,01,1,1,0,30,1,0,1,4,1,26,4,3,0,0,2,2,1,200600028227B01,7,22 / 1,2,
200600028237,2006-05-26,2006,mai,vendredi,12:30,75,75011,0,0,2,2,3,1,1,4,2,02,1,1,0,60,1,0,1,4,1,25,4,3,0,0,2,2,16,200600028237B01,7,22,1,
200600028266,2006-05-28,2006,mai,dimanche,11:55,75,75012,0,0,2,2,3,1,1,4,2,02,1,1,0,60,1,0,1,4,1,15,5,3,0,0,2,6,15,200600028266A01,7,1,1,
200600028282,2006-05-28,2006,mai,dimanche,20:00,75,75017,0,0,2,3,6,1,1,4,1,02,1,1,0,60,1,0,1,1,1,52,5,3,0,0,1,1,1,200600028282A01,,,,
200600028288,2006-05-28,2006,mai,dimanche,19:05,75,75019,0,0,2,1,3,2,1,4,2,03,1,1,0,90,1,0,1,4,1,41,5,3,0,0,2,1,1,200600028288B01,7,16,1,
200600028290,2006-05-29,2006,mai,lundi,10:00,75,75018,0,0,2,3,3,1,1,4,2,02,1,1,0,60,1,0,1,4,2,31,4,3,0,0,2,2,1,200600028290B01,10,22,1,
200600028300,2006-05-29,2006,mai,lundi,15:50,75,75010,0,0,2,1,3,1,1,4,1,02,1,1,0,60,1,0,1,4,2,24,4,3,0,0,2,2,1,200600028300B01,7,22,1,
200600028337,2006-05-30,2006,mai,mardi,08:13,75,75011,0,0,2,2,3,1,8,4,1,02,1,1,0,60,1,0,1,4,1,13,5,3,0,0,2,2,5,200600028337A01,7,1,1,
200600028339,2006-05-30,2006,mai,mardi,18:00,75,75013,0,0,2,2,3,1,1,4,2,03,1,1,0,90,1,0,1,1,2,16,5,3,0,0,2,2,1,200600028339A01,5,1,1,
200600028350,2006-05-30,2006,mai,mardi,16:15,75,75020,0,0,2,1,3,1,1,4,2,04,1,1,0,120,1,0,1,4,1,28,5,3,0,0,2,3,1,200600028350B01,7,16,1,
200600028361,2006-05-31,2006,mai,mercredi,19:00,75,75006,0,0,2,1,6,1,1,4,1,01,1,1,0,30,1,0,1,1,1,40,5,3,0,0,1,1,1,200600028361A01,,,,
200600028428,2006-05-16,2006,mai,mardi,15:25,76,76484,0,0,2,1,3,1,1,4,2,02,1,1,0,60,1,0,1,4,1,66,1,3,9,0,0,0,15,200600028428B01,37,13,1,200023414
200600028436,2006-05-20,2006,mai,samedi,19:30,76,76322,0,0,2,1,7,1,1,4,3,02,1,1,0,60,1,0,1,3,1,10,5,3,9,12,0,7,1,200600028436A01,,,,200023414
200600028502,2006-05-24,2006,mai,mercredi,05:45,78,78092,0,0,2,1,1,2,1,2,3,04,1,2,10,60,1,0,1,2,1,34,9,3,9,0,2,1,14,200600028502B01,16,1,1,247800584
200600028507,2006-05-09,2006,mai,mardi,18:30,78,78172,0,0,2,1,3,1,2,2,1,01,1,1,0,62,2,0,1,4,1,12,5,3,2,0,2,1,5,200600028507B01,7,15,1,200059889
200600028510,2006-05-06,2006,mai,samedi,13:20,78,78005,0,0,2,1,3,1,1,4,2,00,1,1,0,59,1,0,1,4,2,54,0,3,9,0,2,1,1,200600028510A01,7,19,1,200059889
200600028514,2006-05-29,2006,mai,lundi,07:45,78,78644,0,0,2,3,3,1,2,4,3,03,1,1,0,0,2,0,1,4,2,32,1,2,4,0,2,1,1,200600028514A01,7,17,1,200058782
200600028530,2006-05-13,2006,mai,samedi,04:50,78,78238,0,0,2,1,3,3,1,3,1,02,1,1,0,0,1,0,1,4,1,65,9,3,9,0,2,6,2,200600028530B01,7,2,1,200059889
200600028545,2006-05-18,2006,mai,jeudi,17:35,78,78498,0,0,2,1,6,1,1,5,2,02,1,2,0,0,1,0,1,3,1,5,0,1,2,0,2,9,1,200600028545B01,7,0,1,200059889
200600028550,2006-05-04,2006,mai,jeudi,16:07,78,78517,0,0,2,1,6,1,1,4,-1,02,1,-1,0,0,1,0,1,4,1,47,1,3,9,0,2,1,1,200600028550B01,7,4,1,200073344
200600028552,2006-05-20,2006,mai,samedi,16:25,78,78517,0,0,2,3,3,1,1,4,2,02,1,1,0,0,1,0,1,4,2,17,5,3,9,0,2,3,15,200600028552B01,7,1,1,200073344
200600028555,2006-05-21,2006,mai,dimanche,12:00,78,78551,0,0,2,2,3,1,1,4,2,03,1,1,0,100,1,5,1,4,2,19,5,1,2,0,2,1,1,200600028555B01,7,15,1,200058519
200600028564,2006-05-26,2006,mai,vendredi,18:00,78,78586,0,0,2,1,6,1,1,6,-1,03,1,1,0,100,1,0,0,1,1,18,5,1,2,0,1,1,1,200600028564A01,,,,200058519
200600028564,2006-05-26,2006,mai,vendredi,18:00,78,78586,0,0,2,1,6,1,1,6,-1,03,1,1,0,100,1,0,0,4,2,4,5,3,0,0,1,1,1,200600028564A01,,,,200058519
200600028565,2006-05-28,2006,mai,dimanche,18:20,78,78586,0,0,2,9,3,1,1,9,2,01,1,1,0,50,1,0,1,4,1,10,5,3,9,0,2,1,1,200600028565A01,7,23,1,200058519
200600028578,2006-05-23,2006,mai,mardi,13:00,78,78640,0,0,2,6,3,1,8,1,3,04,1,1,0,0,1,3,1,4,1,68,5,1,2,0,2,8,12,200600028578A01,7,9,1,247800584
200600028588,2006-05-12,2006,mai,vendredi,16:50,78,78646,0,0,2,3,3,1,1,4,1,01,1,1,0,60,1,0,1,3,1,13,2,2,9,0,2,1,19,200600028588A01,18,16,1,247800584
200600028608,2006-05-04,2006,mai,jeudi,09:55,80,80256,0,0,2,1,3,1,1,4,2,02,4,1,0,53,1,0,1,4,1,36,5,3,9,0,1,1,17,200600028608B01,7,15,1,248000531
200600028612,2006-05-05,2006,mai,vendredi,17:30,80,80021,0,0,2,1,7,1,1,2,2,02,1,1,0,80,1,0,1,4,1,30,0,3,9,0,0,0,1,200600028612B01,38,1,1,248000531
200600028626,2006-05-29,2006,mai,lundi,15:15,80,80021,0,0,2,2,6,1,2,4,2,04,1,1,0,160,2,0,1,1,1,24,5,3,9,0,1,1,15,200600028626A01,,,,248000531
200600028648,2006-05-03,2006,mai,mercredi,09:10,82,82121,0,0,2,3,3,1,1,4,2,02,1,1,0,0,1,0,1,3,2,54,5,3,9,0,2,5,9,200600028648B01,33,1,1,248200099
200600028651,2006-05-05,2006,mai,vendredi,18:00,82,82121,0,0,2,1,6,1,1,2,2,02,1,1,0,0,1,0,1,1,1,59,1,1,2,0,2,1,19,200600028651A01,1,19,1,248200099
200600028651,2006-05-05,2006,mai,vendredi,18:00,82,82121,0,0,2,1,6,1,1,2,2,02,1,1,0,0,1,0,1,4,1,61,5,3,9,0,2,0,19,200600028651B01,1,19,1,248200099
200600028673,2006-05-30,2006,mai,mardi,19:20,83,83126,0,0,2,2,3,1,1,4,1,02,1,1,0,0,1,5,1,4,1,15,1,3,9,0,2,5,15,200600028673B01,7,1,1,248300543
200600028675,2006-05-02,2006,mai,mardi,13:45,83,83062,0,0,2,1,6,1,1,4,2,02,1,1,0,50,1,0,1,4,2,30,0,3,2,0,2,8,0,200600028675B01,7,1,1,248300543
200600028682,2006-05-12,2006,mai,vendredi,17:30,83,83144,0,0,2,3,3,1,1,9,1,01,1,1,0,25,1,0,4,4,1,12,5,1,2,0,2,8,1,200600028682B01,7,1,1,248300543
200600028690,2006-05-21,2006,mai,dimanche,08:30,83,83137,0,0,2,1,6,1,1,4,2,02,2,1,0,60,1,0,1,4,1,61,5,1,2,0,1,7,1,200600028690A01,,,,248300543
200600028709,2006-05-03,2006,mai,mercredi,07:50,84,84007,0,0,2,3,3,1,1,4,2,02,1,1,0,80,1,0,1,4,1,66,5,1,2,0,2,1,1,200600028709B01,7,15,1,248400251
200600028711,2006-05-08,2006,mai,lundi,13:41,84,84007,0,0,2,1,3,1,1,4,2,04,1,-1,0,30,1,0,4,4,2,30,0,2,2,0,2,1,1,200600028711B01,7,1,1,248400251
200600028746,2006-05-24,2006,mai,mercredi,18:11,84,84035,0,0,1,1,3,1,1,4,2,02,1,1,0,70,1,0,1,4,1,49,0,3,4,0,2,8,1,200600028746B01,15,17,1,200040442
200600028778,2006-05-19,2006,mai,vendredi,20:45,86,86194,0,0,2,1,3,2,1,4,2,02,1,1,0,80,1,0,1,3,1,39,9,2,2,0,2,8,13,200600028778A01,30,2,1,200069854
200600028784,2006-05-30,2006,mai,mardi,14:00,86,86194,0,0,2,1,2,1,1,3,2,02,2,1,0,63,1,0,1,4,1,18,9,1,2,0,2,1,2,200600028784A01,7,2,1,200069854
200600028792,2006-05-05,2006,mai,vendredi,08:05,87,87075,0,0,2,1,3,1,1,4,2,02,1,3,0,70,1,0,1,4,1,30,1,3,9,0,2,1,1,200600028792B01,7,16,1,248719312