Num_Acc,date,an,mois,jour,hrmn,dep,com,lat,long,agg,int,col,lum,atm,catr,circ,nbv,prof,plan,lartpc,larrout,surf,infra,situ,grav,sexe,age,trajet,secuexist,equipement,obs,obsm,choc,manv,vehiculeid,typevehicules,manoeuvehicules,numVehicules,_infos_commune.code_epci
200600028834,2006-05-04,2006,mai,jeudi,09:25,88,88413,0,0,2,2,3,1,1,4,2,02,1,1,0,91,1,0,0,3,1,80,5,3,9,0,2,8,1,200600028834B01,99,19,1,200071066
200600028847,2006-05-16,2006,mai,mardi,19:40,90,90010,0,0,2,2,3,1,8,4,2,03,2,1,0,90,2,0,1,4,1,34,5,3,9,0,2,1,1,200600028847A01,7,1,1,200069052
200600028854,2006-05-10,2006,mai,mercredi,14:05,91,91552,0,0,2,6,2,1,8,4,1,01,1,3,0,0,1,0,1,4,1,14,5,3,9,0,2,1,9,200600028854B01,7,16,1,200057859
200600028875,2006-05-30,2006,mai,mardi,19:35,91,91201,0,0,2,1,3,1,1,2,2,02,1,1,0,70,1,0,4,4,2,22,5,3,9,0,2,1,0,200600028875A01,7,1,1,200058477
200600028887,2006-05-29,2006,mai,lundi,18:55,91,91521,0,0,2,3,3,1,1,4,2,02,1,1,0,55,1,0,1,4,2,44,5,3,4,0,2,1,1,200600028887B01,7,17,1,200059228
200600028889,2006-05-16,2006,mai,mardi,10:00,91,91286,0,0,2,1,2,1,1,4,2,02,1,-1,0,0,1,0,1,3,2,38,0,3,9,0,0,4,2,200600028889B01,15,2,1,200059228
200600028900,2006-05-12,2006,mai,vendredi,16:40,91,91421,0,0,2,1,3,1,1,4,2,02,2,1,0,60,1,0,1,3,1,55,5,3,9,0,2,1,1,200600028900B01,7,16,1,200058477
200600028902,2006-05-15,2006,mai,lundi,20:00,91,91421,0,0,2,2,3,1,1,3,2,02,2,1,0,80,1,0,1,4,1,19,5,3,9,0,2,8,15,200600028902A01,33,17,1,200058477
200600028951,2006-05-17,2006,mai,mercredi,15:35,92,92071,0,0,2,2,3,1,1,3,3,02,2,1,12,85,1,0,1,4,1,13,9,2,9,0,0,7,19,200600028951B01,7,1,1,200054781
200600028963,2006-05-09,2006,mai,mardi,08:20,92,92024,0,0,2,1,2,1,1,4,1,03,1,-1,0,0,1,0,1,4,2,43,0,1,2,0,2,4,1,200600028963B01,13,2,1,200054781
200600028963,2006-05-09,2006,mai,mardi,08:20,92,92024,0,0,2,1,2,1,1,4,1,03,1,-1,0,0,1,0,1,4,2,7,0,1,2,0,2,4,1,200600028963B01,13,2,1,200054781
200600028964,2006-05-12,2006,mai,vendredi,16:10,92,92024,0,0,2,1,1,1,1,4,2,02,1,-1,0,0,1,0,1,4,1,34,0,1,2,0,2,1,1,200600028964B01,10,22,1,200054781
200600028974,2006-05-18,2006,mai,jeudi,08:00,92,92025,0,0,2,1,6,1,2,3,2,02,1,1,0,80,2,0,1,4,1,18,2,3,9,0,2,4,2,200600028974A01,32,17,1,200054781
200600028980,2006-05-29,2006,mai,lundi,17:15,92,92025,0,0,2,1,6,1,1,4,2,02,1,1,0,65,2,0,1,3,1,5,5,3,9,0,2,8,9,200600028980B01,7,1,1,200054781
200600028986,2006-05-09,2006,mai,mardi,18:15,92,92026,0,0,2,1,6,1,8,9,1,01,1,1,0,42,1,0,1,1,1,41,1,3,2,0,1,1,1,200600028986A01,,,,200054781
200600029004,2006-05-20,2006,mai,samedi,19:00,92,92036,0,0,2,1,6,1,1,4,1,01,1,1,0,40,1,0,1,4,1,9,5,2,2,0,2,1,5,200600029004B01,7,1,1,200054781
200600029036,2006-05-03,2006,mai,mercredi,16:10,92,92050,0,0,2,1,1,1,1,2,2,02,1,1,0,80,1,0,1,4,1,13,5,2,2,0,2,1,19,200600029036B01,37,1,1,200054781
200600029038,2006-05-19,2006,mai,vendredi,08:15,92,92050,0,0,2,1,3,1,1,4,1,03,1,1,0,100,1,0,4,4,1,31,1,2,2,0,2,1,1,200600029038B01,7,16,1,200054781
200600029055,2006-05-04,2006,mai,jeudi,16:10,92,92063,0,0,2,3,2,1,1,4,2,02,2,1,0,50,1,0,1,4,2,21,9,3,0,0,2,6,15,200600029055A01,2,17,1,200054781
200600029064,2006-05-06,2006,mai,samedi,08:30,92,92033,0,0,2,1,7,1,1,3,3,04,1,1,0,115,1,0,1,4,1,8,9,3,9,0,0,0,1,200600029064B01,33,1,1,200054781
200600029081,2006-05-04,2006,mai,jeudi,07:55,92,92073,0,0,2,1,6,1,1,3,3,06,2,1,0,0,1,5,1,4,1,42,1,3,9,1,0,1,7,200600029081B01,10,22,1,200054781
200600029107,2006-05-05,2006,mai,vendredi,17:00,93,93005,0,0,2,1,3,1,1,4,2,02,1,1,0,80,1,0,1,4,2,12,5,3,9,0,2,3,19,200600029107B01,7,1,1,200054781
200600029140,2006-05-18,2006,mai,jeudi,18:35,93,93010,0,0,2,1,3,1,1,2,-1,02,-1,1,0,0,-1,0,0,4,1,57,0,3,9,0,0,8,0,200600029140A01,15,0,1,200054781
200600029160,2006-05-21,2006,mai,dimanche,22:05,93,93031,0,0,2,1,3,3,2,9,2,02,1,1,0,60,2,0,1,4,1,42,9,2,2,0,2,7,9,200600029160A01,7,0,1,200054781
200600029167,2006-05-12,2006,mai,vendredi,07:10,93,93032,0,0,2,1,6,1,1,2,2,02,1,1,0,70,1,0,4,4,1,41,1,2,2,11,0,1,2,200600029167A01,7,0,1,200054781
200600029171,2006-05-18,2006,mai,jeudi,20:35,93,93032,0,0,2,1,3,2,1,4,3,00,1,1,0,0,1,0,1,4,1,6,5,3,9,0,2,1,19,200600029171B01,7,0,1,200054781
200600029180,2006-05-16,2006,mai,mardi,17:00,93,93006,0,0,2,1,3,1,1,4,2,02,2,1,0,0,1,0,1,4,1,40,2,2,9,0,0,2,17,200600029180B01,7,17,1,200054781
200600029187,2006-05-29,2006,mai,lundi,16:10,93,93006,0,0,2,1,1,1,8,4,2,01,1,1,0,0,-1,0,5,4,1,20,5,3,9,1,0,1,0,200600029187B01,13,24,1,200054781
200600029211,2006-05-30,2006,mai,mardi,07:50,93,93050,0,0,2,1,3,1,1,4,2,02,1,1,0,74,1,0,1,4,1,16,1,3,9,0,2,1,0,200600029211A01,7,2,1,200054781
200600029243,2006-05-12,2006,mai,vendredi,18:30,93,93077,0,0,2,3,3,1,1,4,2,01,1,1,0,0,1,0,1,4,1,17,0,3,9,0,2,1,15,200600029243B01,7,1,1,200054781
200600029278,2006-05-28,2006,mai,dimanche,11:15,93,93071,0,0,2,2,3,1,1,4,2,02,1,1,0,60,1,0,1,4,1,75,5,2,2,0,2,1,1,200600029278B01,7,1,1,200054781
200600029303,2006-05-24,2006,mai,mercredi,16:40,94,94002,0,0,2,1,2,1,1,4,1,01,1,1,0,0,1,0,1,4,1,18,5,2,2,1,0,1,1,200600029303B01,7,24,1,200054781
200600029329,2006-05-09,2006,mai,mardi,15:53,94,94059,0,0,2,2,7,1,2,4,1,02,1,1,0,60,2,0,0,4,1,11,0,3,0,0,2,1,0,200600029329A01,7,0,1,200054781
200600029349,2006-05-11,2006,mai,jeudi,09:30,94,94028,0,0,2,1,6,1,1,4,2,02,1,1,0,60,1,0,1,4,2,30,0,1,2,1,0,1,1,200600029349B01,7,24,1,200054781
200600029364,2006-05-30,2006,mai,mardi,08:25,94,94011,0,0,2,1,2,1,1,4,2,02,-1,-1,0,60,-1,0,0,4,1,12,0,3,0,0,2,1,2,200600029364B01,7,15,1,200054781
200600029380,2006-05-24,2006,mai,mercredi,09:30,94,94037,0,0,2,1,7,1,1,4,1,00,-1,1,0,0,-1,0,1,1,1,32,0,1,9,0,1,1,1,200600029380A01,,,,200054781
200600029382,2006-05-24,2006,mai,mercredi,19:20,94,94076,0,0,2,1,2,1,1,4,2,00,1,1,0,0,1,0,1,3,1,49,0,3,9,0,2,4,1,200600029382B01,7,1,1,200054781
200600029387,2006-05-31,2006,mai,mercredi,14:15,94,94003,0,0,2,1,3,1,1,4,2,00,1,1,0,0,1,0,1,4,1,14,0,3,0,0,2,0,0,200600029387B01,7,0,1,200054781
200600029393,2006-05-02,2006,mai,mardi,19:35,94,94065,0,0,2,1,5,1,1,9,1,04,1,3,0,0,1,0,1,4,1,18,5,3,9,0,9,0,1,200600029393A01,1,1,2,200054781
200600029393,2006-05-02,2006,mai,mardi,19:35,94,94065,0,0,2,1,5,1,1,9,1,04,1,3,0,0,1,0,1,3,1,45,5,3,9,0,9,0,1,200600029393B01,1,1,2,200054781
200600029393,2006-05-02,2006,mai,mardi,19:35,94,94065,0,0,2,1,5,1,1,9,1,04,1,3,0,0,1,0,1,4,1,17,5,3,9,0,9,0,1,200600029393C01,1,1,2,200054781
200600029447,2006-05-12,2006,mai,vendredi,13:25,94,94067,0,0,2,1,6,1,1,3,1,01,1,1,0,40,1,0,1,1,1,15,2,3,2,0,1,0,1,200600029447A01,,,,200054781
200600029447,2006-05-12,2006,mai,vendredi,13:25,94,94067,0,0,2,1,6,1,1,3,1,01,1,1,0,40,1,0,1,3,2,87,5,3,0,0,1,0,1,200600029447A01,,,,200054781
200600029449,2006-05-16,2006,mai,mardi,09:30,94,94080,0,0,2,2,3,1,1,4,2,02,1,1,0,73,1,0,1,4,2,53,5,3,2,0,2,1,1,200600029449A01,31,1,1,200054781
200600029455,2006-05-04,2006,mai,jeudi,18:00,94,94081,0,0,2,1,6,1,1,4,2,01,1,1,0,34,1,0,0,4,1,12,5,2,2,0,2,1,19,200600029455B01,7,1,1,200054781
200600029473,2006-05-07,2006,mai,dimanche,15:15,95,95018,0,0,2,1,6,1,1,4,2,02,2,1,0,50,1,0,1,4,1,11,5,2,2,1,0,1,1,200600029473A01,,,,200054781
200600029478,2006-05-13,2006,mai,samedi,19:15,95,95018,0,0,1,1,2,1,1,4,2,04,1,1,0,120,1,0,1,3,1,71,5,3,2,0,2,4,1,200600029478B01,7,14,1,200054781
200600029480,2006-05-16,2006,mai,mardi,07:45,95,95018,0,0,2,1,7,1,1,4,3,02,1,1,10,118,1,0,1,1,1,14,5,3,2,0,0,0,1,200600029480A01,,,,200054781
200600029480,2006-05-16,2006,mai,mardi,07:45,95,95018,0,0,2,1,7,1,1,4,3,02,1,1,10,118,1,0,1,4,1,14,0,3,2,0,0,0,1,200600029480A01,,,,200054781
200600029494,2006-05-31,2006,mai,mercredi,17:25,95,95176,0,0,2,1,6,1,1,4,2,02,1,1,0,55,1,0,1,4,1,8,5,1,2,1,0,1,1,200600029494A01,7,23,1,200058485
200600029519,2006-05-29,2006,mai,lundi,08:35,95,95252,0,0,2,1,6,1,2,4,2,02,1,2,0,40,2,0,1,4,1,17,5,3,2,0,2,7,2,200600029519B01,7,9,1,200058485
200600029524,2006-05-07,2006,mai,dimanche,17:40,95,95424,0,0,2,1,7,1,1,3,2,02,2,1,0,52,1,0,4,3,1,14,5,2,2,15,0,1,1,200600029524A01,,,,200058485
200600029790,2006-05-06,2006,mai,samedi,10:00,69,69384,0,0,2,1,3,1,1,4,2,02,3,1,0,107,1,0,1,4,1,39,0,1,2,0,2,1,1,200600029790B01,7,16,1,200046977
200600029792,2006-05-24,2006,mai,mercredi,16:50,69,69384,0,0,2,1,3,1,1,4,2,02,1,-1,0,0,1,0,1,4,2,47,0,3,9,0,0,5,0,200600029792B01,7,0,1,200046977
200600029830,2006-05-04,2006,mai,jeudi,17:50,69,69387,0,0,2,9,3,1,1,4,4,01,1,1,0,60,1,0,1,4,1,7,5,2,2,0,2,8,1,200600029830A01,7,4,1,200046977
200600029833,2006-05-09,2006,mai,mardi,15:00,69,69387,0,0,2,2,3,1,1,4,1,01,1,1,0,39,1,0,1,4,2,22,2,2,2,0,2,1,1,200600029833A01,7,1,1,200046977
200600029887,2006-05-28,2006,mai,dimanche,15:15,69,69389,0,0,2,1,6,1,1,4,1,01,1,1,97,68,1,0,1,4,1,41,5,3,0,1,2,2,17,200600029887B01,7,22,1,200046977
200600029950,2006-05-29,2006,mai,lundi,15:50,59,59350,0,0,2,1,6,1,1,4,2,02,1,1,0,72,1,0,1,1,1,28,9,3,9,0,1,1,0,200600029950A01,,,,200093201
200600029955,2006-03-21,2006,mars,mardi,13:15,76,76351,0,0,2,1,6,1,1,4,1,02,2,1,0,60,1,0,1,3,1,16,5,3,9,0,2,1,9,200600029955A01,7,1,1,200084952
200600029956,2006-03-21,2006,mars,mardi,17:50,76,76351,0,0,2,2,6,1,1,4,1,02,1,1,0,70,1,0,1,3,1,34,0,3,9,0,2,1,0,200600029956B01,7,4,1,200084952
200600029960,2006-05-05,2006,mai,vendredi,16:20,76,76351,0,0,2,1,3,1,1,4,2,02,1,1,0,79,1,0,1,3,1,22,5,2,2,0,2,8,17,200600029960B01,16,14,1,200084952
200600029971,2006-05-17,2006,mai,mercredi,14:00,92,92012,0,0,2,1,6,1,1,4,-1,00,1,-1,5,50,1,0,0,1,1,29,5,3,9,0,1,1,0,200600029971A01,,,,200054781
200600029992,2006-06-02,2006,juin,vendredi,09:15,59,59462,0,0,1,1,1,1,1,3,2,00,1,1,0,60,1,0,1,3,1,75,5,3,0,0,0,8,1,200600029992B02,7,17,1,200041960
200600030000,2006-06-13,2006,juin,mardi,17:15,59,59086,50.817,2.711,1,2,3,1,1,4,2,00,1,1,0,50,1,0,1,3,1,16,5,3,0,0,0,7,1,200600030000B02,7,1,1,200040947
200600030005,2006-06-17,2006,juin,samedi,11:45,59,59044,50.614,3.23,2,1,1,1,1,3,2,02,1,1,0,0,1,0,5,4,2,20,5,3,0,0,2,3,1,200600030005B02,7,9,1,200093201
200600030007,2006-06-03,2006,juin,samedi,12:30,59,59610,0,0,2,1,3,1,1,3,2,00,1,1,0,63,1,0,1,3,1,34,5,3,0,1,0,7,21,200600030007B02,7,22,1,245901160
200600030017,2006-06-04,2006,juin,dimanche,16:15,59,59551,0,0,2,1,2,1,1,4,2,02,1,1,0,45,1,0,1,4,1,13,5,3,0,0,2,4,1,200600030017B02,7,17,1,200041960
200600030056,2006-06-21,2006,juin,mercredi,11:45,80,80721,0,0,2,1,2,1,1,3,-1,02,1,1,0,0,1,0,1,3,1,68,5,3,0,0,2,6,2,200600030056B02,7,2,1,200070993
200600030057,2006-06-03,2006,juin,samedi,16:00,80,80253,50.16,2.34,2,3,5,1,1,2,2,02,4,1,0,104,1,0,1,3,1,16,5,3,0,0,2,1,16,200600030057C03,7,1 / 0,2,200070951
200600030071,2006-06-30,2006,juin,vendredi,20:15,80,80680,0,0,2,1,3,1,1,5,4,00,1,1,0,37,1,0,1,4,2,7,5,3,0,0,2,2,1,200600030071B02,2,1,1,200070928
200600030131,2006-06-03,2006,juin,samedi,17:00,60,60273,49.463,2.815,2,1,2,1,1,3,2,02,1,-1,0,0,1,0,1,3,1,43,5,3,0,0,2,1,2,200600030131A01,7,2,1,246000855
200600030150,2006-06-04,2006,juin,dimanche,15:45,76,76018,0,0,1,1,5,1,1,3,2,02,2,2,63,52,1,0,1,2,1,43,0,1,2,0,2,1,13,200600030150B02,7,1,1,200068534
200600030150,2006-06-04,2006,juin,dimanche,15:45,76,76018,0,0,1,1,5,1,1,3,2,02,2,2,63,52,1,0,1,3,1,43,0,1,2,0,2,1,13,200600030150C03,7,1,1,200068534
200600030150,2006-06-04,2006,juin,dimanche,15:45,76,76018,0,0,1,1,5,1,1,3,2,02,2,2,63,52,1,0,1,3,1,19,0,1,2,0,2,1,13,200600030150D04,7,1,1,200068534
200600030150,2006-06-04,2006,juin,dimanche,15:45,76,76018,0,0,1,1,5,1,1,3,2,02,2,2,63,52,1,0,1,3,1,30,0,1,2,0,2,1,13,200600030150E05,7,1,1,200068534
200600030164,2006-06-10,2006,juin,samedi,19:45,76,76101,49.92,1.63,2,1,1,1,1,4,2,01,-1,1,0,0,1,0,1,3,1,8,5,3,0,0,2,8,15,200600030164B02,7,1,1,200069722
200600030196,2006-06-09,2006,juin,vendredi,17:50,27,27676,0,0,2,1,1,1,1,9,2,01,2,-1,0,0,1,0,1,3,1,13,5,3,0,0,2,1,10,200600030196B02,7,1,1,200089456
200600030217,2006-06-28,2006,juin,mercredi,18:00,35,35137,0,0,1,1,1,1,1,4,2,02,1,-1,0,45,1,0,0,3,1,15,5,3,0,0,0,4,15,200600030217B02,7,17,1,200072452
200600030246,2006-06-16,2006,juin,vendredi,21:45,22,22315,0,0,1,1,7,2,1,4,2,02,2,1,0,29,1,0,1,3,1,14,5,2,2,0,0,1,1,200600030246A01,,,,200068989
200600030249,2006-06-04,2006,juin,dimanche,15:00,22,22282,48.637,-2.258,2,1,1,1,1,4,2,00,1,1,0,48,1,0,3,3,1,48,5,3,0,1,0,8,13,200600030249A01,7,0,1,200068989
200600030258,2006-06-15,2006,juin,jeudi,17:30,22,22195,48.838,-3.142,1,1,3,1,1,3,2,02,1,4,0,50,1,0,1,3,2,63,5,3,0,0,0,3,1,200600030258B02,7,17,1,200065928
200600030292,2006-06-24,2006,juin,samedi,14:30,56,56168,47.607,-3.105,1,1,1,1,1,3,2,00,1,1,0,70,1,0,1,4,1,66,5,3,0,0,2,8,1,200600030292B02,7,17,1,200043123
200600030296,2006-06-29,2006,juin,jeudi,13:55,56,56181,0,0,2,1,3,1,1,9,1,00,1,1,0,60,1,5,1,3,1,64,5,2,2,0,2,1,1,200600030296B02,7,19,1,200042174
200600030319,2006-06-10,2006,juin,samedi,23:15,14,14047,49.282,-0.703,2,1,3,5,1,9,1,00,1,1,0,45,1,5,1,4,1,25,1,3,0,0,0,8,1,200600030319A01,7,1,1,241400555
200600030327,2006-06-05,2006,juin,lundi,15:30,14,14648,49.114,0.149,1,1,2,1,1,3,2,02,1,1,0,58,1,0,1,2,1,53,9,3,0,0,2,4,1,200600030327B02,10,1,1,200069532
200600030339,2006-06-08,2006,juin,jeudi,08:45,50,50259,48.604,-1.348,2,2,3,1,7,3,2,03,1,1,0,90,1,5,1,2,1,76,5,3,0,0,2,1,1,200600030339A01,21,1,1,200069425
200600030344,2006-06-16,2006,juin,vendredi,17:15,50,50418,0,0,1,1,1,1,1,3,2,02,-1,1,0,60,1,0,1,3,1,44,5,3,0,0,2,1,1,200600030344A01,15,1,1,
200600030358,2006-06-09,2006,juin,vendredi,10:15,50,50481,49.244,-1.619,1,1,1,1,1,3,2,02,1,3,0,77,1,0,1,3,1,70,5,1,2,0,0,8,2,200600030358B02,7,17,1,200067031
200600030360,2006-06-09,2006,juin,vendredi,15:30,50,50462,48.58,-0.84,1,9,1,1,1,3,2,02,1,1,0,62,1,0,1,3,2,38,5,3,0,0,2,4,19,200600030360A01,7,1,1,200069425
200600030381,2006-06-26,2006,juin,lundi,16:45,44,44204,0,0,2,1,2,1,1,4,2,02,-1,1,0,0,1,0,1,3,1,11,2,3,0,0,2,1,2,200600030381A01,7,2,1,244400404
200600030389,2006-06-23,2006,juin,vendredi,08:15,44,44003,0,0,2,6,3,1,1,3,2,02,1,-1,0,56,1,5,1,3,1,70,0,2,2,0,2,1,1,200600030389B02,7,1,1,244400552
200600030395,2006-06-22,2006,juin,jeudi,14:15,44,44007,47.643,-1.988,1,1,3,1,1,3,2,02,3,1,0,59,1,0,1,2,1,77,5,3,0,0,2,7,19,200600030395A01,7,2,1,243500741
200600030403,2006-06-29,2006,juin,jeudi,17:00,44,44154,47.268,-2.164,2,6,1,1,1,3,2,00,1,1,0,0,1,5,1,4,2,54,5,3,0,0,2,1,1,200600030403B02,7,16,1,244400586
200600030415,2006-06-03,2006,juin,samedi,15:30,44,44189,0,0,1,1,3,1,1,3,2,02,1,2,0,0,1,0,1,2,1,10,5,3,0,0,2,8,9,200600030415B02,7,1,1,200000438
200600030417,2006-06-03,2006,juin,samedi,16:30,44,44217,0,0,2,1,6,1,1,3,2,00,4,3,0,55,1,0,1,3,1,20,5,3,0,6,0,1,1,200600030417A01,,,,244400503
200600030440,2006-06-12,2006,juin,lundi,08:00,49,49180,47.378,-0.137,1,1,2,1,7,3,2,02,1,1,0,60,1,0,1,3,2,45,5,2,2,0,0,4,2,200600030440B02,7,2,1,200071876
200600030442,2006-06-19,2006,juin,lundi,09:15,49,49374,47.257,-0.029,2,1,1,1,1,4,2,02,1,1,0,60,1,0,1,1,1,18,5,1,2,0,0,1,1,200600030442B02,2,1,1,200071876
200600030464,2006-06-20,2006,juin,mardi,17:45,53,53202,0,0,2,1,3,1,1,3,2,00,2,3,0,64,1,0,1,3,1,14,2,3,0,0,0,8,19,200600030464B02,7,1,1,245300389
200600030469,2006-06-08,2006,juin,jeudi,18:45,72,72260,0,0,1,1,6,1,1,3,2,00,1,1,0,0,2,0,1,4,1,32,5,3,0,0,0,8,1,200600030469A01,,,,247200132
200600030484,2006-06-07,2006,juin,mercredi,17:15,72,72154,47.73,-0.136,1,1,1,1,1,4,2,02,3,4,0,40,1,0,1,3,1,26,5,3,0,0,2,1,13,200600030484A01,7,1,1,247200348
200600030508,2006-06-20,2006,juin,mardi,17:30,85,85295,0,0,2,1,3,1,1,3,-1,00,-1,-1,0,0,-1,0,0,3,1,13,5,1,2,0,2,1,1,200600030508B02,7,1,1,200070233
200600030515,2006-06-28,2006,juin,mercredi,18:30,85,85167,46.486,-0.776,2,1,6,1,1,3,2,00,2,2,0,59,-1,0,3,3,1,15,5,3,0,13,0,1,1,200600030515A01,,,,200071934
200600030525,2006-06-07,2006,juin,mercredi,13:30,85,85130,46.759,-1.685,2,1,1,1,1,3,2,02,2,1,0,68,1,0,1,3,1,10,5,3,0,0,2,1,1,200600030525B02,7,13,1,200072882
200600030532,2006-06-12,2006,juin,lundi,18:45,85,85218,0,0,1,1,3,1,1,3,2,02,-1,1,0,56,1,0,1,3,1,8,5,3,0,0,2,1,1,200600030532B02,10,13,1,248500530
200600030547,2006-06-17,2006,juin,samedi,20:15,33,33339,45.026,-0.474,1,1,3,1,1,3,2,02,1,2,0,71,1,0,1,3,2,50,5,3,0,0,2,8,15,200600030547B02,7,17,1,243301223
200600030558,2006-06-27,2006,juin,mardi,08:20,33,33238,0,0,2,2,3,1,1,3,2,01,1,1,0,0,1,0,1,3,1,60,5,0,2,0,2,1,16,200600030558B02,7,15,1,243301264
200600030574,2006-06-09,2006,juin,vendredi,18:25,33,33514,0,0,2,1,1,1,1,3,2,02,1,1,0,0,1,0,1,3,1,16,5,3,0,0,2,6,15,200600030574B02,38,17,1,200070720
200600030580,2006-06-22,2006,juin,jeudi,17:15,33,33362,45.038,-0.184,1,1,1,1,1,3,2,02,-1,1,0,200,1,5,1,3,1,17,5,3,0,0,0,7,15,200600030580A01,33,1,1,200070092
200600030618,2006-06-17,2006,juin,samedi,11:15,24,24355,44.813,1.206,1,1,1,1,1,3,2,02,1,1,0,70,1,5,1,1,1,73,5,3,0,0,2,4,23,200600030618B02,7,1,1,200027217
200600030618,2006-06-17,2006,juin,samedi,11:15,24,24355,44.813,1.206,1,1,1,1,1,3,2,02,1,1,0,70,1,5,1,3,1,66,0,3,0,0,2,4,23,200600030618B02,7,1,1,200027217
200600030641,2006-06-17,2006,juin,samedi,15:00,40,40312,0,0,2,1,2,1,1,3,2,02,1,1,0,0,1,0,1,3,1,14,5,2,2,0,2,8,2,200600030641B02,10,1,1,244000659
200600030650,2006-06-10,2006,juin,samedi,14:00,47,47031,0,0,2,9,6,1,1,6,-1,00,-1,-1,0,0,1,0,5,3,1,58,5,1,2,0,0,0,0,200600030650A01,,,,200096956
200600030675,2006-06-13,2006,juin,mardi,11:15,64,64453,0,0,2,1,1,1,7,3,2,02,2,1,60,0,1,0,1,3,1,33,5,1,2,0,2,1,1,200600030675B02,7,15,1,200067296
200600030677,2006-06-01,2006,juin,jeudi,12:45,64,64540,43.505,-1.324,1,1,2,1,1,3,2,02,1,1,0,67,1,0,1,3,2,46,5,3,0,0,2,4,1,200600030677B02,10,1,1,200067106
200600030742,2006-06-11,2006,juin,dimanche,11:40,79,79249,0,0,2,2,1,1,1,3,2,02,-1,2,0,70,1,0,1,3,1,29,5,1,2,0,2,1,13,200600030742B02,7,15,1,200041317
200600030811,2006-06-08,2006,juin,jeudi,18:30,12,12297,44.332,2.787,1,1,2,1,1,3,2,00,2,1,0,65,1,0,1,3,1,56,5,1,2,0,2,4,2,200600030811B02,7,2,1,241200658
200600030840,2006-06-05,2006,juin,lundi,21:15,32,32027,43.7,-0.208,1,1,3,2,1,3,2,00,1,1,0,63,1,0,1,3,1,20,5,3,0,0,2,8,1,200600030840B02,7,17,1,200030435
200600030855,2006-06-04,2006,juin,dimanche,11:40,65,65123,0,0,1,1,1,1,1,3,2,02,2,2,70,0,1,0,1,3,1,67,5,1,2,0,2,1,13,200600030855A01,10,1,1,246500482
200600030868,2006-06-07,2006,juin,mercredi,17:45,69,69089,0,0,2,1,1,1,1,3,2,02,2,1,0,80,1,0,1,3,1,33,5,1,2,0,0,0,1,200600030868B02,7,15,1,200046977
200600030877,2006-06-23,2006,juin,vendredi,19:05,82,82136,0,0,1,2,1,1,1,4,2,02,1,1,0,55,1,0,1,3,1,17,5,3,0,0,2,8,1,200600030877B02,7,1,1,200066652
200600030906,2006-06-04,2006,juin,dimanche,10:45,69,69269,0,0,1,1,2,1,1,4,2,02,2,1,0,0,1,0,1,3,1,54,5,1,2,0,2,1,2,200600030906B02,33,23,1,246900724
200600030938,2006-06-17,2006,juin,samedi,08:45,01,01345,0,0,2,1,3,1,1,3,2,00,-1,3,0,65,1,0,1,3,1,56,5,1,2,0,2,1,1,200600030938B02,7,19,1,240100883
200600030944,2006-06-20,2006,juin,mardi,18:25,01,01104,0,0,2,1,1,1,1,3,3,02,-1,3,0,45,1,0,0,3,2,12,5,3,0,0,2,4,0,200600030944B02,7,1,1,240100750
200600030964,2006-06-09,2006,juin,vendredi,18:15,07,07349,44.817,4.793,2,1,1,1,1,9,-1,00,1,1,0,50,1,0,1,3,1,14,5,3,0,0,2,1,1,200600030964B02,7,1,1,200071413
200600030972,2006-06-21,2006,juin,mercredi,18:00,07,07205,45.193,4.639,2,1,3,1,1,3,-1,02,1,-1,0,0,-1,0,0,3,1,20,1,3,0,0,2,8,15,200600030972B02,7,1,1,240700716
200600030983,2006-06-07,2006,juin,mercredi,14:15,26,26093,0,0,1,1,5,1,1,3,2,02,1,4,0,30,1,0,1,3,2,43,5,1,2,0,2,1,1,200600030983B02,31,13,1,200042901
200600030983,2006-06-07,2006,juin,mercredi,14:15,26,26093,0,0,1,1,5,1,1,3,2,02,1,4,0,30,1,0,1,3,1,35,5,1,2,0,2,1,1,200600030983C03,31,13,1,200042901
200600030983,2006-06-07,2006,juin,mercredi,14:15,26,26093,0,0,1,1,5,1,1,3,2,02,1,4,0,30,1,0,1,3,1,46,5,1,2,0,0,0,1,200600030983D04,31,13,1,200042901
200600030993,2006-06-03,2006,juin,samedi,10:20,38,38150,0,0,2,1,7,1,1,3,2,02,2,1,0,66,1,0,1,3,1,44,5,1,2,0,0,7,1,200600030993A01,,,,200040715
200600030995,2006-06-13,2006,juin,mardi,17:45,38,38422,0,0,1,1,2,1,1,3,2,00,2,1,0,49,1,0,1,3,1,46,5,1,2,0,2,4,1,200600030995B02,7,17,1,200018166
200600031006,2006-06-21,2006,juin,mercredi,18:15,38,38095,45.144,5.275,1,1,1,1,1,3,2,00,1,1,0,59,1,5,1,3,1,55,5,3,0,0,2,1,1,200600031006B02,7,19,1,200070431
200600031020,2006-06-08,2006,juin,jeudi,09:15,38,38130,45.396,5.263,2,1,1,1,1,3,2,02,1,1,20,40,1,0,0,3,1,82,5,3,0,14,2,8,1,200600031020B02,7,1,1,200059392
200600031047,2006-06-22,2006,juin,jeudi,15:30,42,42264,0,0,1,1,1,1,1,3,2,02,2,3,0,50,1,0,1,3,1,13,5,1,2,0,2,0,13,200600031047B02,7,1,1,200065894
200600031062,2006-06-17,2006,juin,samedi,21:15,73,73105,0,0,2,1,1,1,1,4,2,01,1,1,0,75,1,0,1,3,2,9,5,3,0,0,2,1,14,200600031062B02,14,1,1,200040111
200600031063,2006-06-25,2006,juin,dimanche,10:30,73,73229,0,0,1,1,1,1,1,3,2,02,1,1,0,79,1,0,1,3,1,2006,5,3,0,0,2,2,1,200600031063B02,7,13,1,200040111
200600031136,2006-06-24,2006,juin,samedi,15:00,03,03055,0,0,1,1,5,1,1,3,2,02,1,3,0,37,1,0,1,3,1,36,5,1,2,0,2,1,1,200600031136B02,7,13,1,240300657