Num_Acc,date,an,mois,jour,hrmn,dep,com,lat,long,agg,int,col,lum,atm,catr,circ,nbv,prof,plan,lartpc,larrout,surf,infra,situ,grav,sexe,age,trajet,secuexist,equipement,obs,obsm,choc,manv,vehiculeid,typevehicules,manoeuvehicules,numVehicules,_infos_commune.code_epci
200600035923,2006-06-26,2006,juin,lundi,20:30,78,78490,0,0,2,1,3,1,1,4,2,01,1,1,0,45,1,0,1,3,1,4,0,3,9,0,0,8,19,200600035923B01,5,21,1,200058782
200600035924,2006-06-26,2006,juin,lundi,15:45,78,78490,0,0,2,1,1,1,1,4,2,01,1,2,0,51,1,0,1,4,1,7,0,2,2,0,2,1,15,200600035924B01,7,15,1,200058782
200600035930,2006-06-17,2006,juin,samedi,12:25,78,78498,0,0,1,4,3,1,1,4,2,02,2,2,26,64,1,0,1,3,1,49,0,3,2,0,2,0,15,200600035930A01,7,1,1,200059889
200600035931,2006-06-02,2006,juin,vendredi,13:10,78,78642,0,0,2,2,6,1,1,3,2,03,-1,1,0,0,1,0,4,4,2,45,4,3,9,0,2,0,1,200600035931B01,7,10,1,200059889
200600035949,2006-06-12,2006,juin,lundi,08:30,78,78517,0,0,1,3,1,1,1,4,-1,02,-1,-1,0,0,1,0,5,4,2,12,2,3,9,0,2,1,1,200600035949B01,7,1,1,200073344
200600035960,2006-06-17,2006,juin,samedi,11:50,78,78586,0,0,2,2,6,1,1,4,2,02,1,1,0,90,1,0,1,4,2,58,5,3,9,0,2,8,1,200600035960B01,7,16,1,200058519
200600035967,2006-06-15,2006,juin,jeudi,06:30,78,78621,0,0,2,3,6,2,2,3,-1,02,1,1,25,65,2,0,5,4,1,29,1,1,9,0,2,7,1,200600035967B01,7,0,1,200058782
200600035975,2006-06-24,2006,juin,samedi,10:57,78,78686,0,0,2,1,6,1,1,3,3,02,1,1,0,0,1,0,1,1,1,42,5,1,2,0,1,1,1,200600035975A01,,,,247800584
200600035981,2006-06-08,2006,juin,jeudi,20:05,78,78343,0,0,2,1,3,1,1,4,2,02,2,3,0,35,1,0,1,4,1,11,5,2,2,0,2,1,1,200600035981B01,7,0,1,247800584
200600035985,2006-06-19,2006,juin,lundi,16:35,78,78646,0,0,2,1,3,1,1,4,2,02,1,1,0,75,1,0,1,3,1,13,5,3,2,0,2,8,19,200600035985B01,7,1,1,247800584
200600036000,2006-06-28,2006,juin,mercredi,09:40,80,80001,0,0,2,1,6,1,1,4,1,01,1,1,0,0,1,0,1,3,2,55,9,2,9,1,0,7,17,200600036000B01,7,22,1,200070993
200600036010,2006-06-07,2006,juin,mercredi,16:45,80,80021,0,0,2,9,6,1,1,9,-1,01,2,1,0,0,1,0,0,1,1,20,5,3,9,0,1,1,1,200600036010A01,,,,248000531
200600036010,2006-06-07,2006,juin,mercredi,16:45,80,80021,0,0,2,9,6,1,1,9,-1,01,2,1,0,0,1,0,0,4,2,19,5,3,0,0,1,1,1,200600036010A01,,,,248000531
200600036017,2006-06-12,2006,juin,lundi,08:30,80,80021,0,0,2,1,2,1,1,4,1,01,1,1,0,50,1,0,1,4,2,32,5,3,9,0,2,4,1,200600036017B01,7,1,1,248000531
200600036017,2006-06-12,2006,juin,lundi,08:30,80,80021,0,0,2,1,2,1,1,4,1,01,1,1,0,50,1,0,1,4,2,,0,1,9,0,2,4,1,200600036017B01,7,1,1,248000531
200600036034,2006-06-24,2006,juin,samedi,15:55,80,80021,0,0,2,1,2,1,1,2,2,05,1,1,20,120,1,0,1,4,1,17,9,3,4,0,2,1,1,200600036034A01,7,1,1,248000531
200600036045,2006-06-02,2006,juin,vendredi,13:30,81,81065,0,0,2,1,6,1,1,4,2,02,1,1,0,0,1,0,1,4,1,59,5,3,2,1,0,1,1,200600036045A01,,,,248100430
200600036063,2006-06-02,2006,juin,vendredi,22:15,82,82121,0,0,1,1,3,5,1,3,2,02,1,1,0,0,1,0,1,2,1,17,5,2,9,0,2,4,19,200600036063B01,7,17,1,248200099
200600036069,2006-06-24,2006,juin,samedi,10:15,82,82121,0,0,2,3,1,1,1,4,2,02,2,1,0,0,1,0,1,3,1,21,5,2,9,0,2,1,0,200600036069B01,7,16,1,248200099
200600036081,2006-06-28,2006,juin,mercredi,18:20,83,83118,0,0,2,1,1,1,1,2,2,01,1,3,100,86,1,0,1,2,2,25,5,1,2,0,2,0,1,200600036081B01,7,13,1,200035319
200600036085,2006-06-29,2006,juin,jeudi,09:00,83,83069,0,0,1,1,3,1,1,4,2,02,1,1,40,90,1,0,1,3,1,71,5,3,2,0,2,1,1,200600036085B01,13,15,1,248300543
200600036100,2006-06-14,2006,juin,mercredi,12:30,83,83126,0,0,2,1,3,1,1,3,2,02,1,2,0,0,1,0,1,4,2,79,5,1,4,0,0,0,1,200600036100B01,7,9,1,248300543
200600036135,2006-06-23,2006,juin,vendredi,16:45,83,83137,0,0,2,1,1,1,1,4,2,01,1,1,0,60,1,0,1,4,1,22,0,3,0,0,2,1,5,200600036135B01,7,1,1,248300543
200600036143,2006-06-15,2006,juin,jeudi,16:25,84,84007,0,0,2,1,3,1,1,3,1,01,1,1,0,25,1,0,1,4,1,61,0,2,2,0,2,1,15,200600036143B01,7,1,1,248400251
200600036144,2006-06-15,2006,juin,jeudi,18:05,84,84007,0,0,2,1,6,1,1,4,2,02,1,1,0,70,1,0,0,4,2,28,1,3,9,0,2,8,15,200600036144B01,2,1,1,248400251
200600036150,2006-06-25,2006,juin,dimanche,20:45,84,84007,0,0,2,1,6,2,1,3,2,02,1,1,0,60,1,0,1,4,1,50,5,3,9,0,2,0,0,200600036150B01,7,0,1,248400251
200600036154,2006-06-06,2006,juin,mardi,08:07,84,84035,0,0,1,1,3,1,1,4,2,02,1,1,0,70,1,5,1,4,1,65,0,1,9,0,2,7,1,200600036154B01,7,9,1,200040442
200600036166,2006-06-03,2006,juin,samedi,10:00,85,85191,0,0,2,3,3,1,1,4,2,02,1,1,0,65,1,0,1,4,1,20,5,3,0,0,2,1,2,200600036166B01,7,15,1,248500589
200600036174,2006-06-15,2006,juin,jeudi,12:10,85,85194,0,0,2,2,3,1,1,4,2,00,1,1,0,0,1,0,1,4,1,50,9,3,9,0,2,4,1,200600036174B01,2,2,1,200071165
200600036176,2006-06-16,2006,juin,vendredi,19:35,85,85194,0,0,2,1,6,1,1,4,2,00,1,1,0,0,1,0,1,4,1,46,0,3,9,0,2,1,13,200600036176B01,7,1,1,200071165
200600036222,2006-06-12,2006,juin,lundi,23:16,87,87085,0,0,2,1,3,5,1,4,1,01,1,1,0,60,1,0,1,4,1,26,5,3,9,0,2,1,1,200600036222A01,33,1,1,248719312
200600036277,2006-06-25,2006,juin,dimanche,12:20,91,91514,0,0,2,1,5,1,3,4,2,02,1,1,40,40,2,0,1,4,1,26,5,1,2,0,2,7,1,200600036277C01,7,13 / 1,2,200058477
200600036300,2006-06-21,2006,juin,mercredi,15:15,91,91182,0,0,2,1,3,1,1,4,2,02,1,1,10,0,1,0,1,4,1,35,5,1,2,0,2,1,1,200600036300B01,7,1,1,
200600036306,2006-06-24,2006,juin,samedi,15:15,91,91687,0,0,2,1,3,1,1,4,2,02,1,1,0,0,-1,0,1,4,2,7,5,2,2,0,2,7,19,200600036306B01,7,16,1,200054781
200600036315,2006-06-17,2006,juin,samedi,21:00,91,91377,0,0,1,1,1,1,1,9,2,02,-1,-1,0,0,1,0,5,3,1,32,5,2,2,0,2,1,0,200600036315A01,1,0,1,200056232
200600036315,2006-06-17,2006,juin,samedi,21:00,91,91377,0,0,1,1,1,1,1,9,2,02,-1,-1,0,0,1,0,5,3,1,20,5,2,2,0,2,1,0,200600036315B01,1,0,1,200056232
200600036316,2006-06-02,2006,juin,vendredi,08:45,91,91421,0,0,2,3,3,1,1,3,2,02,2,1,0,70,1,0,1,4,1,47,1,3,9,0,0,2,17,200600036316B01,7,15,1,200058477
200600036320,2006-06-11,2006,juin,dimanche,14:45,91,91691,0,0,2,1,3,1,1,3,2,02,1,1,0,70,1,0,1,4,1,11,5,1,2,0,2,1,1,200600036320A01,7,23,1,200058477
200600036330,2006-06-29,2006,juin,jeudi,07:55,91,91191,0,0,2,1,3,1,1,4,1,01,2,1,0,50,1,0,1,4,1,17,2,3,9,0,2,1,1,200600036330B01,7,20,1,200058477
200600036356,2006-06-12,2006,juin,lundi,15:50,92,92004,0,0,2,7,6,1,1,4,1,02,1,1,0,0,1,0,1,3,1,54,1,3,9,0,2,1,16,200600036356B01,15,16,1,200054781
200600036378,2006-06-29,2006,juin,jeudi,07:50,92,92012,0,0,2,1,3,1,1,4,1,01,1,1,0,66,1,0,1,4,1,16,2,3,9,0,0,1,2,200600036378B01,7,22,1,200054781
200600036379,2006-06-02,2006,juin,vendredi,19:15,92,92032,0,0,2,9,3,1,1,4,1,01,1,3,0,40,1,0,1,4,1,32,1,3,9,0,2,1,1,200600036379A01,7,1,1,200054781
200600036380,2006-06-04,2006,juin,dimanche,15:00,92,92071,0,0,2,1,6,1,1,4,-1,01,1,1,0,70,1,6,1,1,1,16,5,2,2,0,0,1,1,200600036380A01,,,,200054781
200600036381,2006-06-05,2006,juin,lundi,18:45,92,92019,0,0,2,1,2,1,1,4,2,02,2,1,0,0,1,0,1,4,1,17,5,1,2,0,0,1,1,200600036381B01,7,1,1,200054781
200600036382,2006-06-06,2006,juin,mardi,09:15,92,92071,0,0,2,3,3,1,1,4,2,02,1,1,0,40,1,0,1,4,2,16,2,3,9,0,2,1,1,200600036382A01,7,15,1,200054781
200600036383,2006-06-09,2006,juin,vendredi,07:50,92,92032,0,0,2,1,3,2,1,2,2,03,2,1,28,90,1,0,1,4,2,22,2,2,2,0,0,8,1,200600036383B01,7,1,1,200054781
200600036395,2006-06-18,2006,juin,dimanche,12:00,92,92023,0,0,2,6,6,1,1,3,1,02,1,-1,0,0,1,0,1,4,1,64,5,3,9,0,2,1,1,200600036395B01,10,9,1,200054781
200600036403,2006-06-06,2006,juin,mardi,08:25,92,92024,0,0,2,1,3,1,1,4,2,02,1,-1,0,0,1,2,0,4,2,37,1,3,9,0,0,0,1,200600036403B01,13,1,1,200054781
200600036406,2006-06-19,2006,juin,lundi,08:20,92,92024,0,0,2,6,3,1,1,3,-1,02,1,-1,0,0,1,0,0,4,2,55,1,2,2,0,2,5,0,200600036406B01,7,2,1,200054781
200600036463,2006-06-19,2006,juin,lundi,08:50,92,92048,0,0,2,2,3,1,1,4,2,02,1,1,0,80,1,0,1,4,1,33,9,3,9,0,2,1,16,200600036463B01,7,15,1,200054781
200600036473,2006-06-20,2006,juin,mardi,20:50,92,92049,0,0,2,1,3,1,1,3,2,04,1,1,0,61,1,0,1,4,1,42,1,3,9,0,2,1,1,200600036473A01,7,23,1,200054781
200600036479,2006-06-04,2006,juin,dimanche,16:55,92,92050,0,0,2,2,3,1,1,4,1,02,1,1,0,60,1,5,1,4,1,27,5,2,2,0,2,1,1,200600036479B01,7,1,1,200054781
200600036526,2006-06-09,2006,juin,vendredi,12:10,92,92073,0,0,2,1,2,1,1,3,2,06,1,1,0,0,1,2,1,4,1,38,1,3,9,0,2,4,1,200600036526B01,7,12,1,200054781
200600036533,2006-06-01,2006,juin,jeudi,15:45,92,92075,0,0,2,6,2,1,2,3,2,03,1,1,0,123,2,0,1,1,1,18,5,3,9,0,2,4,2,200600036533B01,32,1,1,200054781
200600036535,2006-06-07,2006,juin,mercredi,15:25,92,92046,0,0,2,2,3,1,1,4,1,02,1,1,0,0,1,1,1,4,1,16,5,2,2,0,2,1,1,200600036535A01,10,2,1,200054781
200600036538,2006-06-26,2006,juin,lundi,14:05,92,92046,0,0,2,1,6,1,1,4,2,02,2,1,0,58,1,0,4,4,2,16,5,2,2,0,2,0,1,200600036538A01,10,9,1,200054781
200600036602,2006-06-19,2006,juin,lundi,09:20,93,93029,0,0,2,1,6,1,1,3,2,02,1,1,0,200,1,0,1,3,2,29,5,3,9,1,0,1,1,200600036602B01,13,22,1,200054781
200600036604,2006-06-06,2006,juin,mardi,16:45,93,93029,0,0,2,2,3,1,1,4,1,01,1,1,0,50,1,0,1,4,1,13,5,3,9,0,2,1,19,200600036604A01,7,1,1,200054781
200600036613,2006-06-26,2006,juin,lundi,17:52,93,93029,0,0,2,1,2,1,1,4,2,02,1,1,0,100,1,0,1,4,1,21,5,3,9,0,2,1,1,200600036613A01,7,20,1,200054781
200600036648,2006-06-29,2006,juin,jeudi,22:40,93,93063,0,0,2,3,3,5,1,3,2,03,1,1,0,25,1,5,1,3,1,42,0,3,2,0,2,3,9,200600036648B01,7,1,1,200054781
200600036650,2006-06-10,2006,juin,samedi,15:25,93,93046,0,0,2,1,3,1,7,4,2,01,1,1,0,80,1,0,1,3,1,13,9,3,9,0,2,8,15,200600036650A01,7,2,1,200054781
200600036654,2006-06-15,2006,juin,jeudi,08:00,93,93046,0,0,2,3,3,1,2,4,2,02,1,1,0,40,2,0,1,3,1,12,2,1,9,0,2,4,15,200600036654A01,7,0,1,200054781
200600036658,2006-06-21,2006,juin,mercredi,17:10,93,93074,0,0,2,1,3,1,1,4,1,01,1,1,0,70,1,0,1,3,1,68,0,3,9,0,2,3,15,200600036658A01,7,1,1,200054781
200600036659,2006-06-23,2006,juin,vendredi,18:00,93,93046,0,0,2,2,1,1,1,2,3,04,1,1,10,120,1,0,1,3,1,39,5,3,9,0,2,1,10,200600036659A01,7,1,1,200054781
200600036675,2006-06-20,2006,juin,mardi,17:30,93,93048,0,0,2,1,3,1,1,4,2,02,1,1,0,60,1,0,1,3,1,50,1,2,2,11,2,8,0,200600036675A01,7,12,1,200054781
200600036683,2006-06-18,2006,juin,dimanche,11:00,93,93050,0,0,2,3,3,1,1,2,3,03,1,1,10,91,1,0,1,4,1,40,5,3,0,0,2,1,2,200600036683A01,7,12,1,200054781
200600036686,2006-06-28,2006,juin,mercredi,10:50,93,93050,0,0,2,1,3,1,1,4,2,02,1,1,20,48,1,0,1,4,1,12,5,2,9,0,2,1,9,200600036686A01,7,2,1,200054781
200600036703,2006-06-29,2006,juin,jeudi,16:45,93,93053,0,0,2,1,2,1,1,3,2,02,1,1,0,60,1,0,1,3,1,52,0,2,9,0,2,4,2,200600036703B01,2,2,1,200054781
200600036715,2006-06-02,2006,juin,vendredi,16:50,93,93014,0,0,2,2,3,1,1,2,1,01,1,-1,50,30,1,0,1,3,2,57,0,3,9,0,0,2,2,200600036715B01,7,11,1,200054781
200600036729,2006-06-30,2006,juin,vendredi,20:15,93,93077,0,0,2,3,1,1,1,4,1,01,1,1,0,0,1,0,1,4,1,14,0,3,2,0,2,7,5,200600036729A01,7,1,1,200054781
200600036735,2006-06-07,2006,juin,mercredi,16:45,93,93066,0,0,2,1,3,1,7,4,1,02,2,-1,0,0,1,0,0,4,2,28,0,2,9,0,0,4,1,200600036735A01,7,2,1,200054781
200600036741,2006-06-14,2006,juin,mercredi,00:40,93,93066,0,0,2,3,1,5,1,4,2,02,1,1,100,100,1,0,1,3,1,27,0,3,9,0,2,1,9,200600036741A01,7,1,1,200054781
200600036759,2006-06-27,2006,juin,mardi,17:40,93,93070,0,0,2,1,3,1,1,9,1,00,2,1,0,60,1,0,1,4,1,27,0,3,9,0,0,0,0,200600036759A01,7,17,1,200054781
200600036763,2006-06-22,2006,juin,jeudi,17:00,93,93071,0,0,2,1,3,1,8,4,1,01,1,1,0,30,1,5,1,3,1,16,5,1,9,0,2,8,0,200600036763A01,7,0,1,200054781
200600036766,2006-06-10,2006,juin,samedi,17:50,93,93059,0,0,2,1,6,1,1,2,2,04,1,1,0,120,1,0,1,1,1,27,5,2,2,0,1,1,0,200600036766A01,,,,
200600036776,2006-06-15,2006,juin,jeudi,18:20,93,93078,0,0,2,1,7,1,7,4,1,01,1,1,0,40,1,0,0,3,2,78,5,2,9,0,0,0,0,200600036776A01,,,,200054781
200600036785,2006-06-16,2006,juin,vendredi,17:30,94,94002,0,0,2,3,3,1,1,4,2,02,1,1,0,60,1,0,1,4,1,14,0,2,2,0,2,0,1,200600036785B01,7,15,1,200054781
200600036792,2006-06-10,2006,juin,samedi,12:05,94,94071,0,0,2,1,3,1,1,4,2,02,1,1,0,129,1,0,1,4,1,48,5,1,2,1,0,8,2,200600036792B01,7,2,1,200054781
200600036809,2006-06-13,2006,juin,mardi,20:30,94,94017,0,0,2,3,3,1,1,2,3,03,1,1,0,115,1,0,1,4,1,13,5,3,9,0,2,1,2,200600036809A01,7,16,1,200054781
200600036834,2006-06-01,2006,juin,jeudi,17:15,94,94011,0,0,2,1,6,1,1,4,2,02,1,3,0,60,1,0,1,4,2,21,0,3,2,0,0,0,19,200600036834A01,7,1,1,200054781
200600036842,2006-06-13,2006,juin,mardi,17:10,94,94028,0,0,2,1,6,1,1,2,-1,02,1,1,30,60,1,0,1,1,1,31,0,1,9,0,1,1,0,200600036842A01,,,,200054781
200600036861,2006-06-28,2006,juin,mercredi,17:45,94,94011,0,0,2,1,6,1,1,6,-1,02,2,-1,0,60,-1,0,0,4,1,8,5,3,9,0,1,1,0,200600036861A01,,,,200054781
200600036861,2006-06-28,2006,juin,mercredi,17:45,94,94011,0,0,2,1,6,1,1,6,-1,02,2,-1,0,60,-1,0,0,4,1,7,5,3,0,0,1,1,0,200600036861A01,,,,200054781
200600036862,2006-06-29,2006,juin,jeudi,17:30,94,94028,0,0,2,2,3,1,1,2,2,04,1,-1,0,120,-1,0,1,4,1,12,5,3,9,0,2,1,1,200600036862B01,7,2,1,200054781
200600036862,2006-06-29,2006,juin,jeudi,17:30,94,94028,0,0,2,2,3,1,1,2,2,04,1,-1,0,120,-1,0,1,4,1,13,0,3,9,0,2,1,1,200600036862B01,7,2,1,200054781
200600036867,2006-06-29,2006,juin,jeudi,05:35,94,94033,0,0,2,2,3,2,1,4,2,02,1,-1,0,70,1,0,1,3,1,52,1,2,9,0,2,1,1,200600036867A01,10,1,1,200054781
200600036870,2006-06-02,2006,juin,vendredi,14:15,94,94016,0,0,2,1,6,1,1,4,1,00,1,1,0,0,1,0,1,4,1,7,0,1,9,1,0,1,14,200600036870A01,,,,200054781
200600036881,2006-06-16,2006,juin,vendredi,17:00,94,94016,0,0,2,1,3,1,2,4,2,00,1,1,0,0,1,0,1,4,1,13,0,3,9,0,2,2,19,200600036881B01,18,1,1,200054781
200600036940,2006-06-09,2006,juin,vendredi,19:14,94,94068,0,0,2,1,3,1,1,4,2,02,1,1,0,60,1,0,1,4,1,16,5,2,2,0,2,8,1,200600036940A01,7,1,1,200054781
200600036940,2006-06-09,2006,juin,vendredi,19:14,94,94068,0,0,2,1,3,1,1,4,2,02,1,1,0,60,1,0,1,4,1,16,0,2,2,0,2,8,1,200600036940A01,7,1,1,200054781
200600036943,2006-06-14,2006,juin,mercredi,10:45,94,94068,0,0,2,1,3,1,1,4,1,01,1,2,0,62,1,0,1,4,1,14,0,3,2,0,2,8,1,200600036943B01,7,1,1,200054781
200600036966,2006-06-06,2006,juin,mardi,19:10,94,94080,0,0,2,2,3,1,1,3,2,03,1,1,0,120,1,0,1,4,2,31,1,3,2,0,2,0,1,200600036966A01,7,1,1,200054781
200600036998,2006-06-18,2006,juin,dimanche,17:40,95,95018,0,0,2,1,3,1,1,4,3,02,1,1,20,84,1,0,1,4,1,17,5,3,2,0,2,7,19,200600036998B01,7,1,1,200054781
200600037020,2006-06-07,2006,juin,mercredi,13:05,95,95219,0,0,2,6,3,1,1,4,1,01,1,1,0,48,1,5,1,4,1,66,5,2,2,0,2,3,15,200600037020B01,7,1,1,200058485
200600037038,2006-06-04,2006,juin,dimanche,15:40,95,95306,0,0,2,1,6,1,1,4,2,00,1,1,0,60,1,0,1,1,2,,0,2,2,0,1,1,1,200600037038X01,,,,200058485
200600037079,2006-06-22,2006,juin,jeudi,00:01,69,69381,0,0,2,1,6,5,1,4,2,04,1,1,104,161,1,0,1,3,2,15,0,3,9,1,0,1,21,200600037079B01,7,22,1,200046977
200600037079,2006-06-22,2006,juin,jeudi,00:01,69,69381,0,0,2,1,6,5,1,4,2,04,1,1,104,161,1,0,1,1,1,17,0,1,9,1,0,1,21,200600037079B01,7,22,1,200046977
200600037254,2006-06-12,2006,juin,lundi,10:50,91,91377,0,0,1,1,2,1,1,2,3,04,1,1,15,140,1,0,1,3,1,38,5,3,9,0,0,0,2,200600037254A01,7,2,1,200056232
200600037373,2006-06-01,2006,juin,jeudi,01:25,69,69383,0,0,2,1,3,5,1,4,2,02,1,1,0,0,1,0,1,1,1,25,4,3,9,0,2,8,13,200600037373A01,5,1,1,200046977
200600037382,2006-06-13,2006,juin,mardi,22:35,69,69383,0,0,2,2,3,5,1,4,1,01,1,1,0,0,1,0,1,4,1,48,5,3,9,0,2,4,5,200600037382B01,7,1,1,200046977
200600037386,2006-06-10,2006,juin,samedi,09:25,69,69383,0,0,2,1,6,1,1,4,1,01,1,1,0,0,1,0,1,4,2,22,4,3,2,0,2,2,0,200600037386B01,7,22,1,200046977
200600037391,2006-06-19,2006,juin,lundi,09:20,69,69386,0,0,2,1,6,1,1,4,2,04,1,1,0,0,1,0,4,1,1,53,4,1,9,0,1,1,1,200600037391A01,,,,200046977
200600037403,2006-06-28,2006,juin,mercredi,16:20,69,69386,0,0,2,1,3,1,1,4,1,01,1,1,0,0,1,0,1,4,1,47,5,3,9,0,2,1,1,200600037403B01,7,22,1,200046977
200600037424,2006-06-13,2006,juin,mardi,14:10,69,69385,0,0,2,1,6,1,1,4,1,01,2,1,0,54,1,0,1,3,1,18,0,3,9,0,9,1,5,200600037424A01,99,2,1,200046977
200600037457,2006-06-11,2006,juin,dimanche,10:30,69,69388,0,0,2,1,6,1,7,4,1,01,1,1,0,66,1,0,1,4,1,27,1,3,9,1,0,1,1,200600037457B01,7,24,1,200046977
200600037518,2006-06-09,2006,juin,vendredi,10:00,69,69389,0,0,2,7,3,1,1,2,-1,02,1,1,0,0,1,0,2,4,2,24,5,2,9,0,2,1,1,200600037518B01,20,12,1,200046977
200600037575,2006-07-05,2006,juillet,mercredi,12:40,01,01053,0,0,2,6,3,1,1,3,2,02,1,2,0,148,1,0,1,4,2,38,9,3,9,0,2,3,1,200600037575B01,7,9,1,200071751
200600037578,2006-07-19,2006,juillet,mercredi,22:40,01,01053,0,0,2,1,3,5,1,4,1,01,1,1,0,60,1,0,1,3,1,28,0,2,9,0,2,1,19,200600037578B01,7,1,1,200071751
200600037580,2006-07-31,2006,juillet,lundi,17:55,01,01053,0,0,2,6,3,1,1,3,2,02,1,-1,0,0,1,0,1,3,1,29,5,3,2,0,2,7,1,200600037580B01,7,1,1,200071751
200600037595,2006-07-08,2006,juillet,samedi,13:50,03,03185,0,0,2,2,1,1,1,4,2,02,2,2,0,80,1,0,1,3,2,58,0,1,2,0,2,1,1,200600037595B01,7,15,1,200071082
200600037607,2006-07-08,2006,juillet,samedi,15:10,03,03310,0,0,2,3,2,1,1,4,2,02,1,1,0,100,1,0,1,1,1,42,1,2,2,0,2,8,15,200600037607B01,30,17,1,200071363
200600037644,2006-07-03,2006,juillet,lundi,20:30,06,06123,0,0,2,1,3,1,1,4,2,02,1,1,0,63,1,0,1,4,1,13,0,3,9,0,2,1,16,200600037644A01,7,15,1,200030195
200600037675,2006-07-10,2006,juillet,lundi,14:30,06,06029,0,0,2,1,3,1,1,3,2,04,2,1,0,136,1,0,1,4,1,11,5,1,2,0,2,8,1,200600037675B01,7,17,1,200039915
200600037675,2006-07-10,2006,juillet,lundi,14:30,06,06029,0,0,2,1,3,1,1,3,2,04,2,1,0,136,1,0,1,4,2,11,0,1,9,0,2,8,1,200600037675B01,7,17,1,200039915
200600037691,2006-07-23,2006,juillet,dimanche,08:57,06,06029,0,0,2,1,3,1,1,2,2,02,1,1,0,74,1,0,1,4,1,21,4,1,2,0,2,1,1,200600037691B01,7,14,1,200039915
200600037697,2006-07-26,2006,juillet,mercredi,10:50,06,06029,0,0,2,1,3,1,1,4,2,04,1,1,0,114,1,0,1,3,1,38,5,3,9,0,2,3,18,200600037697B01,7,22,1,200039915
200600037699,2006-07-27,2006,juillet,jeudi,17:45,06,06029,0,0,2,1,3,1,1,3,2,02,1,1,0,64,1,0,1,4,1,13,5,3,9,0,2,1,5,200600037699A01,7,16,1,200039915
200600037699,2006-07-27,2006,juillet,jeudi,17:45,06,06029,0,0,2,1,3,1,1,3,2,02,1,1,0,64,1,0,1,4,1,12,0,3,9,0,2,1,5,200600037699A01,7,16,1,200039915
200600037714,2006-07-09,2006,juillet,dimanche,08:55,06,06069,0,0,2,1,3,1,1,4,2,02,1,1,0,80,1,0,1,4,1,46,5,1,2,0,2,1,1,200600037714B01,7,22,1,200039857
200600037740,2006-07-02,2006,juillet,dimanche,12:40,06,06159,0,0,2,1,3,1,1,4,2,02,3,1,0,60,1,0,1,4,2,40,5,2,2,0,2,0,2,200600037740A01,1,2,1,200030195
200600037740,2006-07-02,2006,juillet,dimanche,12:40,06,06159,0,0,2,1,3,1,1,4,2,02,3,1,0,60,1,0,1,4,1,42,5,1,2,0,2,0,2,200600037740B01,1,2,1,200030195
200600037744,2006-07-03,2006,juillet,lundi,11:10,06,06088,0,0,2,1,2,1,1,4,1,02,1,1,0,53,1,0,1,3,1,51,5,3,9,0,2,0,2,200600037744A01,7,23,1,200030195
200600037749,2006-07-03,2006,juillet,lundi,17:00,06,06088,0,0,2,1,6,1,1,4,-1,00,1,1,0,0,1,0,4,1,1,19,0,3,9,0,1,0,0,200600037749A01,,,,200030195
200600037819,2006-07-23,2006,juillet,dimanche,08:35,06,06088,0,0,2,2,5,1,1,4,1,01,1,1,0,62,1,0,1,4,1,51,0,3,4,0,2,0,0,200600037819C01,7,2,2,200030195
200600037847,2006-07-03,2006,juillet,lundi,09:30,07,07281,0,0,2,6,6,1,1,4,1,02,1,2,50,71,1,5,1,4,2,54,5,3,9,0,2,1,1,200600037847B01,7,1,1,200041366
200600037848,2006-07-14,2006,juillet,vendredi,09:20,07,07070,0,0,1,1,4,1,1,2,2,02,1,1,0,65,1,0,1,1,1,52,5,1,2,0,2,4,1,200600037848D01,7,1,1,200041366
200600037848,2006-07-14,2006,juillet,vendredi,09:20,07,07070,0,0,1,1,4,1,1,2,2,02,1,1,0,65,1,0,1,4,2,51,5,1,2,0,2,1,2,200600037848C01,7,1,1,200041366
200600037848,2006-07-14,2006,juillet,vendredi,09:20,07,07070,0,0,1,1,4,1,1,2,2,02,1,1,0,65,1,0,1,3,1,56,5,1,2,0,2,4,1,200600037848B01,7,1,1,200041366
200600037865,2006-07-17,2006,juillet,lundi,08:00,10,10387,0,0,2,6,3,1,1,4,1,01,1,3,0,40,1,0,1,4,2,62,5,3,9,0,0,0,1,200600037865B01,7,16,1,200069250
200600037896,2006-07-25,2006,juillet,mardi,08:10,13,13004,0,0,1,3,3,1,1,3,2,02,1,1,0,62,1,0,5,3,1,52,5,3,9,0,2,8,1,200600037896B01,7,14,1,241300417
200600037937,2006-07-06,2006,juillet,jeudi,14:55,13,13055,0,0,2,1,6,1,1,4,1,01,1,1,0,0,1,0,1,4,1,65,0,3,2,0,2,4,0,200600037937A01,,,,200054807
200600037945,2006-07-05,2006,juillet,mercredi,07:40,13,13055,0,0,2,6,3,1,1,4,2,02,1,1,0,90,1,0,1,4,1,20,1,3,0,0,0,5,16,200600037945B01,7,9,1,200054807
200600037957,2006-07-08,2006,juillet,samedi,20:00,13,13002,0,0,2,1,3,1,1,4,2,02,2,1,0,115,1,0,1,1,1,17,5,3,9,0,2,3,1,200600037957B01,7,14,1,200054807
200600037957,2006-07-08,2006,juillet,samedi,20:00,13,13002,0,0,2,1,3,1,1,4,2,02,2,1,0,115,1,0,1,4,1,12,0,3,9,0,2,3,1,200600037957B01,7,14,1,200054807
200600038036,2006-07-26,2006,juillet,mercredi,06:25,13,13055,0,0,2,1,6,2,1,4,2,03,2,1,0,100,1,0,1,1,1,42,0,3,9,0,1,0,18,200600038036A01,,,,200054807
200600038044,2006-07-25,2006,juillet,mardi,14:15,13,13055,0,0,2,1,6,1,1,4,2,01,1,1,0,0,1,0,1,4,1,41,5,3,0,0,2,0,0,200600038044A01,,,,200054807
200600038094,2006-07-28,2006,juillet,vendredi,08:45,13,13055,0,0,2,1,3,1,1,2,3,04,-1,-1,0,120,1,0,1,4,1,20,0,1,9,0,2,8,19,200600038094B01,3,1,1,200054807