Num_Acc,date,an,mois,jour,hrmn,dep,com,lat,long,agg,int,col,lum,atm,catr,circ,nbv,prof,plan,lartpc,larrout,surf,infra,situ,grav,sexe,age,trajet,secuexist,equipement,obs,obsm,choc,manv,vehiculeid,typevehicules,manoeuvehicules,numVehicules,_infos_commune.code_epci
200600039344,2006-07-19,2006,juillet,mercredi,19:30,59,59183,0,0,2,2,3,1,1,4,2,50,1,1,0,95,1,0,1,3,1,27,5,3,9,0,2,1,0,200600039344A01,7,0,1,245900428
200600039347,2006-07-31,2006,juillet,lundi,08:10,59,59340,0,0,2,1,3,1,1,4,2,50,1,1,0,75,1,0,1,3,1,15,5,3,9,0,2,1,1,200600039347A01,7,1,1,245900428
200600039356,2006-07-03,2006,juillet,lundi,12:10,59,59378,0,0,2,1,3,1,1,4,3,00,1,1,86,305,1,0,1,4,2,22,4,2,9,0,2,8,0,200600039356B01,7,1,1,200093201
200600039375,2006-07-13,2006,juillet,jeudi,12:30,59,59350,0,0,2,1,3,1,1,3,2,02,1,1,0,40,1,0,1,4,1,42,9,2,9,0,2,1,17,200600039375B01,7,10,1,200093201
200600039379,2006-07-14,2006,juillet,vendredi,16:35,59,59507,0,0,2,2,3,1,1,4,1,01,1,1,0,25,1,0,1,4,1,12,5,2,9,0,2,1,1,200600039379A01,7,1,1,200093201
200600039382,2006-07-11,2006,juillet,mardi,11:00,59,59378,0,0,2,1,6,1,1,4,2,02,1,1,0,70,1,0,1,4,2,7,5,1,2,0,2,4,1,200600039382B01,7,1,1,200093201
200600039389,2006-07-19,2006,juillet,mercredi,10:05,59,59009,0,0,2,1,6,1,1,4,2,02,1,1,0,76,1,0,1,4,1,43,5,3,9,1,0,1,1,200600039389B01,7,24,1,200093201
200600039391,2006-07-18,2006,juillet,mardi,20:50,59,59328,0,0,2,3,3,1,1,4,2,02,1,1,0,130,1,0,1,4,1,14,5,2,9,0,2,1,16,200600039391A01,7,1,1,200093201
200600039392,2006-07-18,2006,juillet,mardi,17:45,59,59350,0,0,2,3,6,1,1,4,2,02,1,1,0,420,1,0,1,4,1,32,9,3,4,0,2,1,2,200600039392B01,3,15,1,200093201
200600039396,2006-07-21,2006,juillet,vendredi,16:10,59,59378,0,0,2,1,6,1,1,4,1,02,1,2,400,81,1,5,1,4,1,33,5,2,9,0,2,1,1,200600039396A01,7,1,1,200093201
200600039434,2006-07-27,2006,juillet,jeudi,09:50,59,59512,0,0,2,1,3,1,1,4,2,02,1,1,0,0,1,0,1,3,1,16,5,3,2,1,0,0,1,200600039434B01,7,24,1,200093201
200600039437,2006-07-28,2006,juillet,vendredi,22:00,59,59512,0,0,2,2,6,5,1,4,2,02,1,1,0,0,1,0,1,3,1,11,0,3,0,0,2,1,15,200600039437B01,33,1,1,200093201
200600039441,2006-07-28,2006,juillet,vendredi,13:20,59,59367,0,0,2,9,3,1,1,9,-1,00,1,-1,0,0,1,0,1,3,1,19,5,3,2,0,2,0,1,200600039441B01,7,9,1,200093201
200600039453,2006-07-20,2006,juillet,jeudi,19:40,59,59090,0,0,2,3,2,1,1,2,3,02,1,1,0,0,1,0,1,4,1,38,0,3,9,0,2,4,1,200600039453B01,7,1,1,200093201
200600039456,2006-07-26,2006,juillet,mercredi,19:35,59,59599,0,0,2,1,6,1,1,4,2,02,1,1,0,42,1,0,1,3,1,20,5,2,9,1,0,1,14,200600039456A01,30,2,1,200093201
200600039475,2006-07-05,2006,juillet,mercredi,10:30,59,59447,0,0,2,1,6,1,1,3,2,02,1,1,0,60,1,0,1,4,1,9,5,3,2,0,2,0,1,200600039475B01,7,1,1,245901160
200600039476,2006-07-19,2006,juillet,mercredi,12:00,59,59032,0,0,2,1,3,1,1,4,2,02,1,1,0,55,1,0,4,4,1,41,0,3,2,1,0,7,1,200600039476A01,7,23,1,245901160
200600039483,2006-07-14,2006,juillet,vendredi,22:35,60,60414,0,0,1,1,3,3,1,3,2,03,2,-1,0,0,1,0,1,4,1,15,5,2,4,0,2,0,19,200600039483B01,7,2,1,200068047
200600039511,2006-07-26,2006,juillet,mercredi,11:35,62,62570,0,0,2,3,3,1,1,4,2,02,2,1,0,60,1,0,1,3,2,45,5,3,9,0,2,1,21,200600039511B01,7,15,1,246200364
200600039520,2006-07-06,2006,juillet,jeudi,11:45,62,62893,0,0,2,1,7,1,1,4,1,01,1,1,0,52,1,0,1,3,1,87,5,3,0,0,1,0,0,200600039520A01,,,,246200729
200600039563,2006-07-23,2006,juillet,dimanche,10:00,62,62826,48.76459,3.45699,2,6,2,1,1,4,1,02,1,-1,80,390,1,0,0,4,1,57,5,1,2,0,2,4,21,200600039563B01,7,0,1,200069029
200600039565,2006-07-03,2006,juillet,lundi,06:10,63,63075,0,0,2,1,7,1,1,4,2,02,2,1,0,70,1,0,4,4,1,42,0,1,2,15,0,1,0,200600039565A01,,,,246300701
200600039567,2006-07-04,2006,juillet,mardi,07:15,63,63032,0,0,2,9,6,1,1,5,2,02,1,2,0,0,1,0,1,4,1,48,5,2,2,0,2,1,1,200600039567B01,7,15,1,246300701
200600039584,2006-07-14,2006,juillet,vendredi,16:30,63,63113,0,0,1,2,6,1,1,4,2,01,1,1,0,0,1,0,1,4,1,23,9,3,2,0,2,3,1,200600039584B01,2,1,1,246300701
200600039601,2006-07-26,2006,juillet,mercredi,18:45,63,63014,0,0,2,1,6,1,1,4,2,02,1,1,0,101,1,0,1,3,1,78,5,2,2,0,0,0,0,200600039601B01,7,17,1,246300701
200600039611,2006-07-21,2006,juillet,vendredi,18:05,63,63124,0,0,2,2,3,1,1,4,2,02,1,1,0,86,1,0,1,4,1,21,5,1,2,0,2,7,1,200600039611B01,7,9,1,246300701
200600039623,2006-07-06,2006,juillet,jeudi,11:10,64,64024,0,0,2,3,3,1,1,4,2,02,2,1,0,60,1,0,1,4,1,22,9,2,4,0,2,1,1,200600039623B01,1,19,1,200067106
200600039623,2006-07-06,2006,juillet,jeudi,11:10,64,64024,0,0,2,3,3,1,1,4,2,02,2,1,0,60,1,0,1,3,2,30,4,3,9,0,2,8,19,200600039623A01,1,1,1,200067106
200600039676,2006-07-28,2006,juillet,vendredi,15:50,64,64445,0,0,2,2,3,1,1,4,2,02,1,1,0,98,1,0,1,4,2,71,5,3,9,0,2,7,1,200600039676B01,7,16,1,200067254
200600039697,2006-07-25,2006,juillet,mardi,06:55,64,64483,0,0,2,1,2,2,1,2,3,03,2,2,0,60,1,0,1,4,1,57,0,1,9,0,2,4,1,200600039697B01,2,2,1,200067106
200600039704,2006-07-10,2006,juillet,lundi,12:10,64,64483,0,0,2,1,6,1,1,4,2,02,1,1,0,0,1,0,1,4,1,40,5,2,2,1,0,1,1,200600039704B01,7,22,1,200067106
200600039712,2006-07-01,2006,juillet,samedi,07:15,65,65226,0,0,1,2,3,1,1,2,2,02,1,1,0,77,1,0,1,4,1,52,9,3,2,0,2,4,1,200600039712B01,7,19,1,200069300
200600039718,2006-07-05,2006,juillet,mercredi,12:04,65,65440,0,0,2,2,3,1,2,4,1,01,1,1,0,50,2,0,1,4,2,69,0,3,9,0,2,1,1,200600039718A01,7,1,1,200069300
200600039724,2006-07-11,2006,juillet,mardi,08:20,65,65440,0,0,2,6,3,1,1,2,3,02,1,1,0,65,1,0,1,3,1,22,9,2,2,2,0,0,0,200600039724B01,17,1,1,200069300
200600039764,2006-07-02,2006,juillet,dimanche,18:25,67,67482,0,0,2,3,3,1,1,4,1,03,1,1,0,75,1,0,5,3,1,17,5,3,9,0,2,8,19,200600039764B01,7,1,1,246700488
200600039766,2006-07-03,2006,juillet,lundi,19:45,67,67482,0,0,2,3,6,1,1,4,3,02,1,1,50,50,1,0,1,4,2,17,5,3,4,0,2,8,19,200600039766B01,33,1,1,246700488
200600039771,2006-07-05,2006,juillet,mercredi,18:15,67,67267,0,0,2,1,3,1,1,4,3,02,1,1,21,66,1,0,1,4,2,62,3,3,9,0,2,1,5,200600039771A01,7,16,1,246700488
200600039788,2006-07-16,2006,juillet,dimanche,09:50,67,67482,0,0,2,3,3,1,1,4,2,04,1,1,0,245,1,0,1,3,1,44,5,3,2,0,2,1,19,200600039788B01,7,15,1,246700488
200600039789,2006-07-17,2006,juillet,lundi,08:15,67,67482,0,0,2,3,3,1,1,4,2,02,1,1,0,80,1,0,1,4,2,35,1,2,2,0,2,8,19,200600039789B01,7,15,1,246700488
200600039790,2006-07-17,2006,juillet,lundi,17:20,67,67482,0,0,2,1,1,1,1,4,1,01,1,2,0,57,1,0,1,4,1,38,5,3,9,0,2,1,16,200600039790B01,7,15,1,246700488
200600039792,2006-07-18,2006,juillet,mardi,19:35,67,67447,0,0,2,3,3,1,1,4,2,02,1,1,0,60,1,5,5,4,2,36,5,3,9,0,2,2,5,200600039792B01,7,16,1,246700488
200600039793,2006-07-19,2006,juillet,mercredi,09:00,67,67482,0,0,2,1,3,1,1,4,1,04,1,1,0,110,1,0,1,3,2,20,1,1,4,0,2,1,19,200600039793A01,7,1,1,246700488
200600039801,2006-07-24,2006,juillet,lundi,08:30,67,67482,0,0,2,1,6,1,1,4,3,06,1,1,0,90,1,0,5,3,2,36,5,3,4,1,0,1,1,200600039801B01,7,22,1,246700488
200600039812,2006-07-29,2006,juillet,samedi,08:20,68,68066,0,0,2,5,3,1,1,3,2,05,1,-1,20,177,1,0,0,4,2,17,1,3,4,0,2,1,1,200600039812A01,7,1,1,246800726
200600039818,2006-07-06,2006,juillet,jeudi,18:15,68,68224,0,0,2,1,3,1,1,4,1,01,1,1,0,40,1,0,4,3,1,21,5,3,0,1,0,1,2,200600039818B01,7,22,1,200066009
200600039821,2006-07-11,2006,juillet,mardi,16:35,68,68056,0,0,2,3,3,1,1,4,2,02,2,1,0,75,1,0,1,4,1,35,4,3,2,0,2,1,1,200600039821A01,7,15,1,200066009
200600039823,2006-07-17,2006,juillet,lundi,21:40,68,68224,0,0,2,2,3,5,1,4,2,01,1,1,0,71,1,0,1,4,2,14,5,3,9,0,2,1,2,200600039823A01,7,0,1,200066009
200600039831,2006-07-11,2006,juillet,mardi,07:00,68,68166,0,0,2,1,2,1,7,4,3,03,1,1,0,88,1,0,1,3,1,60,5,1,4,0,2,4,0,200600039831B01,7,1,1,200066009
200600039872,2006-07-04,2006,juillet,mardi,10:30,70,70550,0,0,2,6,6,1,1,3,2,01,4,4,280,85,1,5,1,2,1,58,5,1,2,0,2,2,17,200600039872B01,15,1,1,247000011
200600039877,2006-07-21,2006,juillet,vendredi,12:10,71,71076,0,0,2,2,3,1,1,4,2,04,1,1,0,120,1,0,1,3,2,18,1,3,9,0,2,1,19,200600039877A01,7,1,1,247100589
200600039891,2006-07-24,2006,juillet,lundi,13:50,71,71270,0,0,2,6,3,1,1,3,1,01,-1,2,0,100,1,0,1,4,2,22,5,3,9,0,0,5,1,200600039891A01,7,9,1,200070308
200600039892,2006-07-24,2006,juillet,lundi,17:55,71,71270,0,0,2,1,3,1,1,4,1,01,1,3,0,60,1,0,1,4,1,26,9,3,9,0,0,7,9,200600039892A01,7,1,1,200070308
200600039902,2006-07-04,2006,juillet,mardi,20:10,72,72181,0,0,2,1,6,1,1,9,2,01,1,1,0,70,1,0,1,3,1,14,9,3,2,16,0,7,1,200600039902A01,,,,247200132
200600039903,2006-07-05,2006,juillet,mercredi,10:45,72,72181,0,0,2,1,3,1,1,9,2,03,1,1,30,130,1,0,1,3,2,44,1,3,2,0,0,8,1,200600039903B01,13,16,1,247200132
200600039904,2006-07-05,2006,juillet,mercredi,16:40,72,72181,0,0,2,1,6,1,1,9,3,04,2,1,15,150,1,0,1,4,1,67,9,3,2,0,0,1,1,200600039904B01,7,0,1,247200132
200600039944,2006-07-18,2006,juillet,mardi,07:40,73,73008,0,0,2,6,3,1,1,4,2,02,1,1,180,112,1,5,1,3,2,31,1,1,4,0,0,2,1,200600039944B01,7,9,1,200068674
200600039945,2006-07-03,2006,juillet,lundi,10:55,73,73011,0,0,2,6,3,1,1,2,1,01,2,1,0,65,1,3,5,3,1,70,5,1,2,0,0,7,1,200600039945B01,10,9,1,200068997
200600039946,2006-07-20,2006,juillet,jeudi,15:08,73,73065,0,0,2,1,3,1,1,4,2,02,1,1,0,54,1,0,1,3,1,37,0,3,9,0,2,8,1,200600039946B01,20,0,1,200069110
200600039947,2006-07-01,2006,juillet,samedi,17:40,74,74010,0,0,2,1,3,1,1,4,2,03,1,1,0,110,1,0,1,4,1,17,5,3,9,0,2,4,19,200600039947A01,7,1,1,200066793
200600039956,2006-07-10,2006,juillet,lundi,08:25,74,74008,0,0,2,2,3,1,1,4,2,02,1,1,0,80,1,0,1,3,1,56,0,2,2,0,2,1,1,200600039956B01,7,9,1,200011773
200600039967,2006-07-14,2006,juillet,vendredi,16:50,74,74281,0,0,2,3,3,1,1,4,2,02,1,1,0,70,1,0,1,3,1,68,5,3,4,0,2,1,1,200600039967A01,7,15,1,200067551
200600039978,2006-07-02,2006,juillet,dimanche,17:25,75,75016,0,0,2,1,3,1,1,4,2,02,1,1,0,60,1,0,1,4,2,66,5,3,0,0,2,6,11,200600039978A01,7,1,1,
200600039980,2006-07-02,2006,juillet,dimanche,11:15,75,75016,0,0,2,1,7,1,1,4,2,03,1,1,0,90,1,0,1,4,1,34,5,3,0,0,0,0,1,200600039980A01,,,,
200600039990,2006-07-01,2006,juillet,samedi,14:30,75,75013,0,0,2,2,6,1,1,4,1,01,1,1,0,30,1,0,1,1,1,43,5,3,0,0,1,1,1,200600039990A01,,,,
200600039993,2006-07-01,2006,juillet,samedi,14:40,75,75020,0,0,2,1,3,1,1,4,2,02,1,1,0,60,1,0,1,4,2,41,5,3,0,0,2,2,1,200600039993B01,7,22,1,
200600040001,2006-07-02,2006,juillet,dimanche,19:05,75,75020,0,0,2,3,1,1,1,4,2,02,1,1,0,60,1,0,1,4,1,8,5,3,0,0,2,1,16,200600040001A01,7,1,1,
200600040002,2006-07-03,2006,juillet,lundi,12:00,75,75011,0,0,2,1,3,1,1,4,1,01,1,1,0,30,1,0,1,4,1,26,5,3,0,0,2,2,1,200600040002B01,7,22,1,
200600040010,2006-07-03,2006,juillet,lundi,14:50,75,75011,0,0,2,1,6,1,1,4,2,02,1,1,0,60,1,0,1,1,1,25,5,3,0,0,1,1,1,200600040010A01,,,,
200600040015,2006-07-03,2006,juillet,lundi,15:50,75,75013,0,0,2,1,7,1,1,4,2,04,1,1,0,120,1,0,1,4,1,57,5,3,0,0,0,1,1,200600040015A01,,,,
200600040041,2006-07-04,2006,juillet,mardi,18:11,75,75015,0,0,2,1,6,1,1,4,2,02,1,1,0,60,1,0,1,4,1,13,5,3,0,0,0,1,1,200600040041A01,,,,
200600040046,2006-07-06,2006,juillet,jeudi,03:25,75,75004,0,0,2,2,3,5,1,4,1,01,1,1,0,30,1,0,1,4,1,33,5,3,0,0,2,2,19,200600040046A01,7,16,1,
200600040049,2006-07-04,2006,juillet,mardi,13:55,75,75006,0,0,2,2,3,1,1,4,2,02,1,1,0,60,1,0,1,4,1,26,5,3,0,0,2,3,1,200600040049B01,7,0,1,
200600040050,2006-07-04,2006,juillet,mardi,19:00,75,75011,0,0,2,1,6,1,1,4,2,04,1,1,0,120,1,0,1,4,2,29,5,3,0,0,2,2,1,200600040050B01,10,22,1,
200600040052,2006-07-05,2006,juillet,mercredi,10:35,75,75011,0,0,2,1,3,1,1,4,1,01,1,1,0,30,1,0,1,3,2,26,4,3,0,0,2,2,1,200600040052B01,10,22,1,
200600040054,2006-07-05,2006,juillet,mercredi,10:15,75,75002,0,0,2,2,3,1,1,4,2,04,1,1,0,120,1,0,1,4,1,45,5,3,0,0,2,1,1,200600040054B01,10,1,1,
200600040106,2006-07-07,2006,juillet,vendredi,11:55,75,75019,0,0,2,2,2,1,1,4,2,02,1,1,0,60,1,0,1,4,2,34,5,3,0,0,2,4,1,200600040106B01,7,1,1,
200600040116,2006-07-08,2006,juillet,samedi,19:23,75,75016,0,0,2,1,6,1,1,4,1,02,1,1,0,60,1,0,1,4,1,54,5,3,0,0,2,2,1,200600040116B01,7,0,1,
200600040124,2006-07-10,2006,juillet,lundi,18:45,75,75007,0,0,2,2,3,1,1,4,2,02,1,1,0,60,1,0,1,4,1,19,5,3,0,0,2,2,1,200600040124A01,10,1,1,
200600040131,2006-07-11,2006,juillet,mardi,10:10,75,75011,0,0,2,2,3,1,1,4,2,02,1,1,0,60,1,0,1,4,1,32,4,3,0,0,2,3,19,200600040131A01,7,16,1,
200600040143,2006-07-08,2006,juillet,samedi,12:12,75,75014,0,0,2,1,7,1,8,4,2,03,1,1,0,90,2,0,1,4,2,31,5,3,0,0,0,0,21,200600040143A01,,,,
200600040152,2006-07-05,2006,juillet,mercredi,18:32,75,75017,0,0,2,2,7,1,1,4,2,02,1,1,0,60,8,0,1,4,1,45,5,3,0,0,0,0,1,200600040152A01,,,,
200600040173,2006-07-11,2006,juillet,mardi,16:55,75,75008,0,0,2,1,7,1,1,4,2,02,1,1,0,60,9,0,1,4,1,26,4,1,2,0,0,0,1,200600040173A01,,,,
200600040192,2006-07-05,2006,juillet,mercredi,09:25,75,75010,0,0,2,2,3,1,1,4,1,02,1,1,0,60,1,0,1,4,2,27,5,3,0,0,2,2,1,200600040192A01,2,1,1,
200600040200,2006-07-10,2006,juillet,lundi,19:00,75,75010,0,0,2,1,3,1,1,4,1,02,1,1,0,60,1,0,1,4,1,29,4,3,0,0,2,3,1,200600040200B01,7,22,1,
200600040219,2006-07-13,2006,juillet,jeudi,14:41,75,75017,0,0,2,2,3,1,1,4,2,04,1,1,0,120,1,0,1,4,1,68,5,3,0,0,2,6,1,200600040219B01,7,16,1,
200600040244,2006-07-12,2006,juillet,mercredi,09:55,75,75020,0,0,2,1,6,1,1,4,1,02,1,1,0,60,1,0,1,1,1,35,4,3,0,0,1,1,1,200600040244A01,,,,
200600040247,2006-07-13,2006,juillet,jeudi,18:30,75,75011,0,0,2,1,3,1,1,4,2,02,1,1,0,60,1,0,1,4,2,27,5,3,0,0,2,2,1,200600040247B01,7,22,1,
200600040252,2006-07-15,2006,juillet,samedi,13:30,75,75004,0,0,2,2,7,1,1,4,1,01,1,1,0,30,1,0,1,4,1,33,5,3,0,0,0,0,21,200600040252A01,,,,
200600040253,2006-07-15,2006,juillet,samedi,11:20,75,75004,0,0,2,1,3,1,1,4,1,02,1,1,0,60,1,0,1,4,1,55,5,3,0,0,2,2,1,200600040253B01,7,22,1,
200600040254,2006-07-15,2006,juillet,samedi,22:34,75,75011,0,0,2,1,2,5,1,4,2,04,1,1,0,120,1,0,1,4,1,30,5,3,0,0,2,1,1,200600040254A01,7,1,1,
200600040263,2006-07-16,2006,juillet,dimanche,14:45,75,75013,0,0,2,1,6,1,1,4,2,04,1,1,0,120,1,0,1,4,1,49,5,3,0,14,0,3,1,200600040263A01,,,,
200600040273,2006-07-17,2006,juillet,lundi,19:35,75,75011,0,0,2,2,3,1,1,4,2,04,1,1,0,120,1,0,1,4,1,45,5,3,0,0,2,2,1,200600040273A01,7,1,1,
200600040275,2006-07-20,2006,juillet,jeudi,08:55,75,75014,0,0,2,1,2,1,1,4,2,04,1,1,0,120,1,0,1,4,2,30,4,3,0,0,2,4,1,200600040275B01,2,7,1,
200600040293,2006-07-18,2006,juillet,mardi,14:00,75,75015,0,0,2,2,3,1,1,4,2,02,1,1,0,60,1,0,1,4,1,28,5,3,0,0,2,6,19,200600040293A01,14,16,1,
200600040317,2006-07-19,2006,juillet,mercredi,22:00,75,75019,0,0,2,2,2,5,1,4,2,02,1,1,0,60,1,0,1,4,1,33,5,3,0,0,2,4,15,200600040317B01,7,1,1,
200600040327,2006-07-20,2006,juillet,jeudi,10:30,75,75013,0,0,2,1,3,1,1,4,2,04,1,1,0,120,1,0,1,4,2,22,5,3,0,0,2,6,11,200600040327A01,18,7,1,
200600040334,2006-07-14,2006,juillet,vendredi,19:42,75,75010,0,0,2,2,3,1,1,4,1,01,1,1,0,30,1,0,1,4,2,37,5,3,0,0,2,2,15,200600040334B01,4,17,1,
200600040339,2006-07-17,2006,juillet,lundi,08:45,75,75012,0,0,2,2,4,1,1,4,2,02,1,1,0,60,1,0,1,4,2,26,4,3,0,0,2,3,19,200600040339A01,10 / 7,1,2,
200600040341,2006-07-18,2006,juillet,mardi,17:25,75,75012,0,0,2,1,3,1,1,4,2,03,1,1,0,90,1,0,5,4,1,33,5,3,0,0,2,6,1,200600040341B01,7,16,1,
200600040347,2006-07-20,2006,juillet,jeudi,18:50,75,75006,0,0,2,2,6,1,1,4,2,04,1,1,0,120,1,0,1,4,1,42,5,3,0,0,1,1,1,200600040347A01,,,,
200600040367,2006-07-24,2006,juillet,lundi,10:16,75,75003,0,0,2,1,3,1,1,4,2,03,1,1,0,90,1,0,1,4,2,35,5,3,0,0,2,1,7,200600040367B01,10,7,1,
200600040380,2006-07-13,2006,juillet,jeudi,20:50,75,75020,0,0,2,3,6,1,1,4,2,04,1,1,0,120,1,0,1,4,2,35,5,3,0,0,2,4,1,200600040380B01,7,0,1,
200600040395,2006-07-19,2006,juillet,mercredi,17:20,75,75015,0,0,2,2,3,1,1,4,2,04,1,1,0,120,1,0,1,4,1,35,4,3,0,0,2,3,21,200600040395A01,18,1,1,
200600040400,2006-07-19,2006,juillet,mercredi,12:10,75,75015,0,0,2,1,3,1,1,4,2,02,1,1,0,60,1,0,1,4,1,63,5,3,0,0,2,3,19,200600040400A01,7,1,1,
200600040412,2006-07-21,2006,juillet,vendredi,10:20,75,75019,0,0,2,1,6,1,1,4,1,01,1,1,0,30,1,0,1,4,1,56,5,3,0,0,2,1,1,200600040412B01,10,4,1,
200600040431,2006-07-21,2006,juillet,vendredi,09:55,75,75008,0,0,2,3,6,1,1,4,1,03,1,1,0,90,1,0,1,3,1,35,4,3,0,1,0,1,14,200600040431A01,,,,
200600040433,2006-07-21,2006,juillet,vendredi,14:30,75,75017,0,0,2,1,6,1,1,4,2,04,1,1,0,120,1,0,1,1,1,28,5,3,0,0,1,1,1,200600040433A01,,,,
200600040438,2006-07-24,2006,juillet,lundi,19:20,75,75004,0,0,2,2,3,1,1,4,2,04,1,1,0,120,1,0,1,4,1,33,5,2,2,0,2,3,1,200600040438A01,4,1,1,
200600040450,2006-07-25,2006,juillet,mardi,07:25,75,75009,0,0,2,2,3,1,1,4,2,02,1,1,0,60,1,0,1,4,1,32,5,3,0,0,2,4,1,200600040450B01,7,15,1,
200600040451,2006-07-25,2006,juillet,mardi,18:40,75,75013,0,0,2,1,3,1,1,4,2,02,1,1,0,60,1,0,1,4,1,39,4,3,0,0,2,2,1,200600040451B01,10,22,1,
200600040455,2006-07-26,2006,juillet,mercredi,13:00,75,75003,0,0,2,2,3,1,1,4,1,01,1,1,0,30,1,0,1,4,1,27,5,3,0,0,2,1,1,200600040455A01,2,1,1,
200600040458,2006-07-26,2006,juillet,mercredi,19:55,75,75011,0,0,2,2,6,1,1,4,2,02,1,1,0,60,1,0,1,1,2,22,5,3,0,0,1,1,1,200600040458A01,,,,
200600040462,2006-07-26,2006,juillet,mercredi,11:00,75,75017,0,0,2,1,6,1,1,4,2,02,1,1,0,60,1,0,1,4,1,37,5,3,0,1,2,1,18,200600040462A01,18,1,1,
200600040464,2006-07-26,2006,juillet,mercredi,00:50,75,75018,0,0,2,1,3,5,1,4,2,04,1,1,0,120,1,0,1,4,1,26,5,3,0,0,2,2,1,200600040464B01,7,22,1,
200600040469,2006-07-20,2006,juillet,jeudi,14:50,75,75012,0,0,2,2,3,1,1,4,1,01,1,1,0,30,1,0,1,4,2,25,5,1,2,0,2,6,19,200600040469A01,10,15,1,
200600040471,2006-07-22,2006,juillet,samedi,18:45,75,75012,0,0,2,1,3,1,1,4,2,04,1,1,0,120,1,0,1,4,1,41,5,3,0,0,2,3,1,200600040471B01,7,22,1,
200600040477,2006-07-26,2006,juillet,mercredi,18:00,75,75004,0,0,2,2,3,1,1,4,1,02,1,1,0,60,1,0,1,4,1,28,4,3,0,0,2,6,1,200600040477B01,10,16,1,
200600040496,2006-07-27,2006,juillet,jeudi,16:45,75,75001,0,0,2,2,3,1,1,4,1,05,1,1,0,150,1,0,1,4,2,38,5,3,0,0,2,2,1,200600040496B01,7,23,1,
200600040497,2006-07-27,2006,juillet,jeudi,09:50,75,75001,0,0,2,3,6,1,2,4,1,03,1,1,0,90,2,0,1,4,2,53,4,3,0,0,2,3,7,200600040497B01,14,0,1,
200600040508,2006-07-27,2006,juillet,jeudi,08:30,75,75020,0,0,2,2,7,1,1,4,2,04,1,1,0,120,1,0,1,4,1,27,4,3,0,0,0,0,1,200600040508A01,,,,
200600040540,2006-07-24,2006,juillet,lundi,18:20,75,75017,0,0,2,3,3,1,1,4,2,04,2,1,0,120,1,0,1,4,1,25,5,2,2,0,2,2,17,200600040540A01,7,15,1,
200600040546,2006-07-26,2006,juillet,mercredi,18:15,75,75014,0,0,2,2,3,1,1,4,2,04,1,1,0,120,1,0,1,4,1,38,5,3,0,0,2,1,1,200600040546B01,7,1,1,
200600040573,2006-07-31,2006,juillet,lundi,10:25,75,75011,0,0,2,1,3,1,1,4,2,04,1,1,0,120,1,0,1,4,2,30,5,3,0,0,2,1,11,200600040573A01,17,1,1,
200600040600,2006-07-27,2006,juillet,jeudi,13:50,75,75018,0,0,2,2,3,1,1,4,2,02,1,1,0,60,1,0,1,4,1,12,5,3,0,0,2,2,19,200600040600A01,7,1,1,
200600040605,2006-07-31,2006,juillet,lundi,06:55,75,75018,0,0,2,1,3,2,1,4,2,02,1,1,0,60,1,0,1,4,1,36,9,3,0,0,2,2,9,200600040605A01,18,1,1,
200600040626,2006-07-03,2006,juillet,lundi,19:10,76,76178,0,0,2,3,3,1,1,2,2,02,1,1,0,68,1,0,1,3,1,52,9,3,9,0,2,3,15,200600040626B01,7,13,1,200023414
200600040628,2006-07-26,2006,juillet,mercredi,16:55,76,76484,0,0,2,1,2,1,1,3,2,02,3,1,0,70,1,2,1,3,1,11,5,3,9,0,0,4,13,200600040628A01,7,21,1,200023414
200600040629,2006-07-07,2006,juillet,vendredi,15:45,76,76351,0,0,2,1,3,1,1,4,2,01,1,1,0,0,1,0,5,4,1,10,5,2,2,0,0,6,1,200600040629B01,30,0,1,200084952
200600040636,2006-07-05,2006,juillet,mercredi,16:30,76,76319,0,0,2,1,6,1,1,4,-1,01,1,-1,0,60,1,0,0,1,1,17,0,3,9,0,1,0,0,200600040636A01,,,,200023414
200600040636,2006-07-05,2006,juillet,mercredi,16:30,76,76319,0,0,2,1,6,1,1,4,-1,01,1,-1,0,60,1,0,0,4,2,19,0,3,0,0,1,0,0,200600040636A01,,,,200023414
200600040644,2006-07-07,2006,juillet,vendredi,10:05,76,76540,0,0,2,1,3,1,1,4,3,02,2,2,0,30,1,4,1,4,1,31,1,3,9,1,0,1,1,200600040644B01,7,22,1,200023414
200600040649,2006-07-13,2006,juillet,jeudi,12:10,76,76540,0,0,2,1,5,1,1,4,2,03,2,1,0,75,1,2,1,3,1,47,0,3,9,0,2,2,10,200600040649A01,30 / 7,0 / 1,2,200023414
200600040652,2006-07-12,2006,juillet,mercredi,18:45,76,76108,0,0,2,1,3,1,1,4,2,02,1,1,0,60,1,0,1,4,1,12,0,3,9,0,2,0,15,200600040652A01,7,1,1,200023414
200600040655,2006-07-18,2006,juillet,mardi,11:20,76,76681,0,0,2,1,3,1,1,4,2,03,1,3,0,60,1,0,1,3,1,35,0,3,9,0,2,8,0,200600040655B01,7,2,1,200023414
200600040656,2006-07-18,2006,juillet,mardi,14:47,76,76540,0,0,2,1,2,1,1,4,1,03,1,1,0,80,1,0,1,4,1,16,5,3,9,0,2,1,1,200600040656A01,7,1,1,200023414
200600040662,2006-07-24,2006,juillet,lundi,11:00,76,76410,0,0,2,1,2,1,1,2,2,04,3,1,0,0,1,0,1,4,1,50,5,2,2,0,2,4,2,200600040662A01,7,2,1,200023414
200600040663,2006-07-25,2006,juillet,mardi,22:15,76,76498,0,0,2,3,3,2,1,4,2,02,1,1,0,0,1,0,1,3,1,12,5,3,2,0,2,1,19,200600040663A01,7,1,1,200023414
200600040663,2006-07-25,2006,juillet,mardi,22:15,76,76498,0,0,2,3,3,2,1,4,2,02,1,1,0,0,1,0,1,4,1,12,0,3,2,0,2,1,19,200600040663A01,7,1,1,200023414