Num_Acc,date,an,mois,jour,hrmn,dep,com,lat,long,agg,int,col,lum,atm,catr,circ,nbv,prof,plan,lartpc,larrout,surf,infra,situ,grav,sexe,age,trajet,secuexist,equipement,obs,obsm,choc,manv,vehiculeid,typevehicules,manoeuvehicules,numVehicules,_infos_commune.code_epci
200600053164,2006-09-21,2006,septembre,jeudi,15:50,06,06004,0,0,2,1,3,1,1,4,-1,01,2,2,0,0,1,0,1,3,1,41,1,1,2,0,0,0,0,200600053164A01,10,0,1,240600585
200600053189,2006-09-27,2006,septembre,mercredi,08:45,06,06027,0,0,2,2,3,1,1,2,2,03,1,1,0,0,1,5,1,4,1,78,5,3,9,0,2,8,19,200600053189B01,2,1,1,200030195
200600053199,2006-09-06,2006,septembre,mercredi,14:10,06,06029,0,0,2,1,5,1,1,2,2,02,1,1,0,80,1,0,1,4,1,19,0,3,9,0,2,1,1,200600053199B01,7,22 / 1,2,200039915
200600053211,2006-09-12,2006,septembre,mardi,18:30,06,06029,0,0,2,1,3,1,1,4,2,04,1,1,10,130,1,0,1,4,1,78,0,1,9,0,2,8,1,200600053211B01,7,17,1,200039915
200600053226,2006-09-26,2006,septembre,mardi,12:45,06,06029,0,0,2,3,1,1,1,4,2,02,1,2,0,89,1,0,1,4,1,59,5,1,9,0,2,1,1,200600053226B01,7,15,1,200039915
200600053230,2006-09-28,2006,septembre,jeudi,18:18,06,06029,0,0,2,3,3,1,1,3,2,05,2,1,0,138,1,0,1,4,1,21,5,1,9,0,2,1,1,200600053230B01,7,15,1,200039915
200600053237,2006-09-07,2006,septembre,jeudi,07:55,06,06069,0,0,2,1,2,1,1,3,2,02,1,1,0,0,1,0,1,4,1,61,5,2,2,0,0,4,2,200600053237B01,30,2,1,200039857
200600053277,2006-09-07,2006,septembre,jeudi,06:55,06,06088,0,0,2,2,3,1,1,4,3,02,1,1,40,110,1,0,0,4,1,45,1,3,2,0,2,1,1,200600053277B01,18,1,1,200030195
200600053292,2006-09-10,2006,septembre,dimanche,10:30,06,06088,0,0,1,1,2,1,1,4,3,08,1,1,0,0,1,0,1,3,1,76,9,3,2,0,0,4,2,200600053292B01,7,2,1,200030195
200600053328,2006-09-17,2006,septembre,dimanche,07:45,06,06088,0,0,2,1,2,1,1,3,3,03,1,1,40,110,1,0,1,4,1,57,5,1,2,0,2,4,1,200600053328B01,33,1,1,200030195
200600053337,2006-09-19,2006,septembre,mardi,12:40,06,06088,0,0,2,6,3,1,1,4,2,02,1,2,0,0,1,5,1,4,1,22,4,3,2,0,2,3,1,200600053337A01,7,9,1,200030195
200600053367,2006-09-26,2006,septembre,mardi,17:15,06,06088,0,0,2,1,3,1,1,4,2,02,1,1,0,107,1,0,1,4,2,63,0,2,4,0,2,3,15,200600053367B01,7,17,1,200030195
200600053370,2006-09-27,2006,septembre,mercredi,07:40,06,06088,0,0,2,1,3,1,1,4,2,02,1,-1,20,98,1,0,1,1,1,25,5,2,2,0,0,4,19,200600053370A01,34,1,1,200030195
200600053386,2006-09-27,2006,septembre,mercredi,17:15,08,08409,0,0,2,2,3,1,1,2,2,02,1,1,0,120,1,0,1,4,1,17,5,2,9,0,2,1,1,200600053386B01,7,11,1,200041630
200600053388,2006-09-10,2006,septembre,dimanche,18:25,09,09122,0,0,1,6,3,1,1,3,1,01,1,2,90,90,1,0,1,3,1,26,5,2,2,0,0,3,1,200600053388B01,7,18,1,200067791
200600053390,2006-09-09,2006,septembre,samedi,12:55,10,10387,0,0,2,1,6,1,1,9,-1,01,2,-1,0,0,1,0,4,1,1,22,4,3,9,0,1,1,1,200600053390A01,,,,200069250
200600053394,2006-09-20,2006,septembre,mercredi,18:40,10,10387,0,0,2,1,3,1,1,4,2,04,1,1,0,120,1,0,1,4,2,14,3,3,9,0,2,1,19,200600053394A01,7,23,1,200069250
200600053413,2006-09-10,2006,septembre,dimanche,12:57,13,13001,0,0,1,1,1,1,1,9,2,01,3,2,0,0,1,0,1,3,1,32,5,1,2,0,2,8,2,200600053413B01,7,13,1,200054807
200600053421,2006-09-29,2006,septembre,vendredi,13:15,13,13001,0,0,2,1,6,1,1,4,2,02,2,1,0,65,1,0,1,1,1,41,1,3,9,0,1,0,0,200600053421A01,,,,200054807
200600053431,2006-09-25,2006,septembre,lundi,14:20,13,13004,0,0,2,5,3,1,1,4,-1,01,-1,-1,0,36,-1,0,1,4,2,72,5,3,9,0,2,8,1,200600053431B01,10,0,1,241300417
200600053446,2006-09-08,2006,septembre,vendredi,10:10,13,13047,0,0,2,6,3,1,1,4,1,02,1,3,0,0,1,0,5,4,2,64,3,1,2,0,2,7,1,200600053446B01,7,16,1,200054807
200600053471,2006-09-04,2006,septembre,lundi,18:30,13,13055,0,0,2,1,3,1,1,4,-1,01,1,1,0,30,1,0,1,3,1,35,5,3,9,0,2,1,16,200600053471A01,7,1,1,200054807
200600053478,2006-09-05,2006,septembre,mardi,16:15,13,13055,0,0,2,1,6,1,1,4,2,02,2,1,70,70,1,0,1,4,1,38,1,3,9,0,0,8,2,200600053478B01,2,0,1,200054807
200600053513,2006-09-09,2006,septembre,samedi,11:40,13,13055,0,0,2,1,3,1,1,4,2,02,-1,1,0,0,1,0,1,3,1,45,0,3,9,0,0,0,0,200600053513A01,7,0,1,200054807
200600053549,2006-09-11,2006,septembre,lundi,08:40,13,13055,0,0,2,1,3,1,1,4,2,02,1,1,0,60,1,0,4,4,2,44,1,3,2,0,2,8,1,200600053549B01,7,4,1,200054807
200600053570,2006-09-11,2006,septembre,lundi,16:41,13,13055,0,0,1,1,3,1,1,9,2,02,1,1,0,0,1,0,1,3,2,20,5,3,9,0,9,4,13,200600053570A01,30,1,1,200054807
200600053589,2006-09-26,2006,septembre,mardi,13:50,13,13055,0,0,2,1,2,1,1,4,3,04,-1,1,0,0,1,0,1,4,1,49,1,3,9,0,2,4,2,200600053589B01,99,17,1,200054807
200600053707,2006-09-27,2006,septembre,mercredi,09:35,13,13077,0,0,1,1,3,1,7,3,2,02,2,2,0,60,1,0,1,4,1,47,5,3,2,0,2,1,1,200600053707B01,7,15,1,200054807
200600053750,2006-09-06,2006,septembre,mercredi,16:40,17,17299,0,0,2,2,2,1,1,4,2,02,1,3,0,71,1,5,1,4,2,62,5,3,4,0,2,4,2,200600053750B01,30,2,1,200041762
200600053758,2006-09-05,2006,septembre,mardi,20:00,17,17300,0,0,2,1,1,1,1,4,2,03,2,1,0,90,1,0,1,4,2,29,0,1,9,0,2,1,1,200600053758B01,7,15,1,241700434
200600053760,2006-09-07,2006,septembre,jeudi,07:50,17,17200,0,0,2,1,1,1,1,4,2,00,1,1,0,0,1,0,5,4,1,17,9,2,2,0,2,1,13,200600053760A01,1,1,1,241700434
200600053760,2006-09-07,2006,septembre,jeudi,07:50,17,17200,0,0,2,1,1,1,1,4,2,00,1,1,0,0,1,0,5,4,2,58,1,2,2,0,2,1,1,200600053760B01,1,13,1,241700434
200600053763,2006-09-10,2006,septembre,dimanche,15:40,17,17300,0,0,2,1,2,1,1,4,2,04,1,1,20,120,1,0,1,4,1,18,2,3,9,0,2,1,1,200600053763A01,7,1,1,241700434
200600053767,2006-09-14,2006,septembre,jeudi,17:25,17,17300,0,0,2,3,3,1,1,4,2,02,1,1,0,46,1,0,1,4,1,15,4,1,4,0,2,1,1,200600053767B01,7,1,1,241700434
200600053769,2006-09-15,2006,septembre,vendredi,16:50,17,17300,0,0,2,1,7,1,2,4,1,03,1,-1,0,90,1,0,1,3,2,78,9,1,4,0,0,0,1,200600053769B01,7,1,1,241700434
200600053778,2006-09-27,2006,septembre,mercredi,08:00,17,17300,0,0,2,3,3,1,1,4,2,01,1,1,0,0,1,0,1,3,1,17,0,3,2,0,2,1,19,200600053778A01,7,15,1,241700434
200600053799,2006-09-27,2006,septembre,mercredi,16:15,17,17415,0,0,2,1,6,1,1,4,2,02,2,1,0,80,1,0,1,4,1,14,5,2,2,1,2,1,1,200600053799B01,7 / 10,24 / 1,2,200036473
200600053816,2006-09-12,2006,septembre,mardi,07:20,19,19031,0,0,2,2,3,2,1,4,2,03,1,1,0,0,1,0,1,3,1,29,1,1,2,0,2,1,1,200600053816B01,7,15,1,200043172
200600053836,2006-09-04,2006,septembre,lundi,07:20,21,21231,0,0,2,1,6,1,1,4,2,02,1,1,0,66,1,0,1,4,1,20,1,2,2,0,2,1,1,200600053836B01,7,24,1,242100410
200600053843,2006-09-11,2006,septembre,lundi,12:09,21,21278,0,0,2,6,3,1,1,4,2,02,1,2,0,90,1,5,1,3,2,14,2,2,2,0,2,1,1,200600053843B01,7,1,1,242100410
200600053859,2006-09-22,2006,septembre,vendredi,14:05,21,21231,0,0,2,1,6,1,1,4,1,01,1,1,0,84,1,0,5,3,1,76,5,1,2,0,1,1,1,200600053859A01,,,,242100410
200600053866,2006-09-26,2006,septembre,mardi,22:36,21,21231,0,0,2,1,2,5,1,4,1,02,1,1,0,68,1,0,1,4,1,19,5,2,2,0,2,1,2,200600053866A01,1,21,1,242100410
200600053866,2006-09-26,2006,septembre,mardi,22:36,21,21231,0,0,2,1,2,5,1,4,1,02,1,1,0,68,1,0,1,1,1,18,5,2,2,0,2,8,21,200600053866B01,1,2,1,242100410
200600053876,2006-09-20,2006,septembre,mercredi,15:15,22,22113,0,0,2,6,3,1,1,4,2,02,1,1,0,88,1,5,5,4,1,10,5,1,2,0,2,0,0,200600053876B01,7,0,1,200065928
200600053905,2006-09-04,2006,septembre,lundi,15:15,25,25056,0,0,2,4,3,1,1,4,2,02,1,2,0,0,1,0,1,4,1,26,5,2,9,0,2,1,9,200600053905A01,7,1,1,242500361
200600053922,2006-09-23,2006,septembre,samedi,16:50,25,25056,0,0,2,1,3,1,1,4,1,02,1,1,12,72,1,0,1,4,1,13,5,2,2,0,2,1,19,200600053922A01,18,7,1,242500361
200600053946,2006-09-30,2006,septembre,samedi,18:35,26,26281,0,0,2,3,6,2,2,2,3,02,1,1,120,120,2,0,1,4,1,36,3,1,9,0,0,1,1,200600053946B01,7,16,1,200068781
200600053948,2006-09-02,2006,septembre,samedi,12:20,26,26058,0,0,2,2,3,1,1,4,2,02,1,1,0,65,1,0,1,4,2,8,5,1,9,0,2,1,11,200600053948B01,7,2,1,200068781
200600053960,2006-09-18,2006,septembre,lundi,18:35,26,26362,0,0,2,1,3,1,1,4,2,02,1,2,7,51,1,0,1,4,2,16,5,3,9,0,2,1,1,200600053960B01,7,15,1,200068781
200600053968,2006-09-26,2006,septembre,mardi,07:15,26,26362,0,0,2,4,6,1,1,4,2,01,1,1,0,54,1,0,1,4,1,52,1,3,0,0,2,8,15,200600053968B01,7,1,1,200068781
200600053983,2006-09-26,2006,septembre,mardi,15:15,27,27701,0,0,2,3,3,1,1,4,2,02,1,1,0,80,1,0,1,4,2,63,5,3,9,0,2,1,1,200600053983B01,14,15,1,200089456
200600053984,2006-09-27,2006,septembre,mercredi,19:30,27,27701,0,0,2,1,3,1,1,4,2,00,1,1,0,0,1,0,1,4,1,55,5,3,9,0,2,5,1,200600053984B01,7,1,1,200089456
200600053985,2006-09-28,2006,septembre,jeudi,20:45,27,27681,0,0,2,1,6,5,1,4,1,02,1,1,0,42,1,0,1,4,1,18,5,2,2,0,0,0,1,200600053985A01,,,,200072312
200600053987,2006-09-10,2006,septembre,dimanche,04:50,27,27588,0,0,2,1,6,3,1,2,2,02,1,1,0,77,1,0,1,2,1,59,0,3,2,0,2,4,1,200600053987B01,7,1,1,
200600053995,2006-09-26,2006,septembre,mardi,14:00,28,28218,0,0,2,1,3,1,1,4,2,02,-1,-1,0,70,1,0,1,4,1,21,0,3,9,0,2,2,0,200600053995B01,7,11,1,200033181
200600054007,2006-09-08,2006,septembre,vendredi,19:59,29,29019,0,0,2,3,3,1,1,9,2,02,1,1,0,68,1,0,1,3,1,24,0,3,9,0,2,1,16,200600054007A01,7,15,1,242900314
200600054035,2006-09-03,2006,septembre,dimanche,18:15,30,30189,0,0,2,2,3,1,1,4,2,01,1,1,0,78,1,0,1,4,1,10,5,2,2,0,2,3,19,200600054035B01,7,1,1,243000643
200600054090,2006-09-21,2006,septembre,jeudi,12:05,31,31483,0,0,2,1,3,1,1,2,2,02,1,1,0,103,1,0,1,4,1,64,3,3,9,15,0,1,21,200600054090E01,7,22,1,200072643
200600054108,2006-09-04,2006,septembre,lundi,19:45,31,31555,0,0,2,3,1,1,1,4,2,02,1,1,0,72,1,0,1,1,1,14,5,3,2,0,9,1,0,200600054108A01,1,16,1,243100518
200600054108,2006-09-04,2006,septembre,lundi,19:45,31,31555,0,0,2,3,1,1,1,4,2,02,1,1,0,72,1,0,1,4,1,47,1,1,9,0,9,1,16,200600054108B01,1,0,1,243100518
200600054110,2006-09-05,2006,septembre,mardi,11:45,31,31555,0,0,2,1,6,1,1,4,1,02,1,1,0,73,1,0,1,4,1,29,9,3,2,1,0,1,1,200600054110B01,7,24,1,243100518
200600054111,2006-09-05,2006,septembre,mardi,15:55,31,31555,0,0,2,1,3,1,1,4,3,06,1,1,0,210,1,0,1,4,1,69,9,3,2,0,2,8,19,200600054111A01,7,1,1,243100518
200600054112,2006-09-06,2006,septembre,mercredi,08:19,31,31555,0,0,2,1,6,1,1,4,2,02,1,1,0,102,1,0,1,1,2,18,1,3,2,0,1,1,1,200600054112A01,,,,243100518
200600054114,2006-09-06,2006,septembre,mercredi,15:15,31,31555,0,0,2,6,3,1,1,4,1,02,1,2,0,90,1,0,1,3,2,37,1,3,2,0,2,3,1,200600054114B01,7,16,1,243100518
200600054130,2006-09-13,2006,septembre,mercredi,08:35,31,31555,0,0,2,1,3,1,1,4,1,02,1,1,0,70,1,0,1,4,1,39,4,3,2,1,0,1,2,200600054130B01,7,22,1,243100518
200600054160,2006-09-22,2006,septembre,vendredi,08:00,31,31555,0,0,2,1,4,2,2,4,2,00,1,1,0,25,1,0,5,1,2,36,0,3,0,0,0,0,0,200600054160A01,1,1,2,243100518
200600054160,2006-09-22,2006,septembre,vendredi,08:00,31,31555,0,0,2,1,4,2,2,4,2,00,1,1,0,25,1,0,5,4,2,24,9,3,4,0,2,1,1,200600054160B01,1,0 / 1,2,243100518
200600054160,2006-09-22,2006,septembre,vendredi,08:00,31,31555,0,0,2,1,4,2,2,4,2,00,1,1,0,25,1,0,5,1,1,22,9,3,4,0,2,1,1,200600054160C01,1,0 / 1,2,243100518
200600054171,2006-09-26,2006,septembre,mardi,11:50,31,31555,0,0,2,1,3,1,1,4,2,03,1,1,0,92,1,0,1,4,1,49,9,3,2,0,2,1,1,200600054171B01,7,1,1,243100518
200600054207,2006-09-04,2006,septembre,lundi,12:00,33,33063,0,0,2,1,3,1,1,4,2,02,1,1,0,110,1,0,1,4,2,19,0,3,9,0,2,0,1,200600054207B01,7,1,1,243300316
200600054209,2006-09-06,2006,septembre,mercredi,06:50,33,33063,0,0,2,3,3,1,1,4,1,01,1,1,0,0,1,0,1,4,1,25,1,3,2,0,2,1,1,200600054209B01,10,16,1,243300316
200600054219,2006-09-09,2006,septembre,samedi,02:20,33,33063,0,0,2,2,3,5,1,4,2,03,1,1,0,58,1,0,1,4,1,18,0,3,2,0,2,1,1,200600054219B01,7,15,1,243300316
200600054220,2006-09-08,2006,septembre,vendredi,18:05,33,33063,0,0,2,3,3,1,1,4,2,02,1,1,0,120,1,0,1,4,1,25,0,3,2,0,2,1,1,200600054220B01,7,15,1,243300316
200600054231,2006-09-12,2006,septembre,mardi,16:50,33,33063,0,0,2,2,3,1,1,4,3,04,1,1,0,70,1,0,1,3,2,35,1,3,2,0,2,1,15,200600054231A01,7,1,1,243300316
200600054249,2006-09-08,2006,septembre,vendredi,09:15,33,33039,0,0,2,1,7,1,1,4,2,02,1,1,0,56,1,0,1,4,1,58,0,3,9,0,0,0,1,200600054249B01,7,4,1,243300316
200600054261,2006-09-21,2006,septembre,jeudi,08:20,33,33063,0,0,2,2,3,1,1,4,1,01,1,1,0,56,1,0,1,3,1,47,0,3,2,0,2,8,5,200600054261B01,7,1,1,243300316
200600054262,2006-09-20,2006,septembre,mercredi,19:00,33,33063,0,0,2,2,2,1,1,4,3,04,1,1,36,62,1,0,1,4,1,37,9,3,2,0,2,1,1,200600054262A01,7,16,1,243300316
200600054264,2006-09-15,2006,septembre,vendredi,18:30,33,33039,0,0,2,2,3,1,1,4,2,02,1,1,0,0,1,0,1,3,1,16,9,3,2,0,2,1,1,200600054264B01,7,1,1,243300316
200600054267,2006-09-22,2006,septembre,vendredi,14:20,33,33063,0,0,2,1,3,1,1,4,1,01,1,1,0,29,1,4,1,4,1,37,0,3,2,0,2,6,15,200600054267A01,2,1,1,243300316
200600054284,2006-09-25,2006,septembre,lundi,17:30,33,33522,0,0,2,1,3,1,1,4,2,02,1,1,0,0,1,0,1,4,2,30,0,3,9,0,2,0,19,200600054284B01,7,1,1,243300316
200600054290,2006-09-29,2006,septembre,vendredi,16:30,33,33063,0,0,2,1,3,1,1,4,3,02,1,1,0,0,1,0,1,4,1,65,0,3,9,0,2,8,1,200600054290B01,10,16,1,243300316
200600054298,2006-09-27,2006,septembre,mercredi,09:35,33,33243,0,0,2,9,3,1,7,3,2,03,2,1,0,126,1,5,1,3,1,80,3,3,9,0,2,0,1,200600054298B01,7,11,1,200070092
200600054301,2006-09-26,2006,septembre,mardi,14:30,34,34003,0,0,2,1,2,1,6,4,1,03,2,1,0,108,1,0,1,3,1,70,5,3,9,0,2,4,1,200600054301B01,7,12,1,243400819
200600054310,2006-09-01,2006,septembre,vendredi,15:15,34,34336,0,0,1,1,6,1,1,3,3,02,1,-1,0,0,1,0,1,4,2,18,9,3,9,0,0,0,2,200600054310B01,7,17,1,243400769
200600054321,2006-09-19,2006,septembre,mardi,10:57,34,34032,0,0,2,3,3,1,1,4,2,02,1,1,0,60,1,0,1,4,1,61,5,1,2,0,2,7,1,200600054321B01,7,9,1,243400769
200600054372,2006-09-05,2006,septembre,mardi,10:00,35,35238,0,0,2,1,3,1,1,4,2,02,1,1,0,50,1,0,1,4,2,15,2,3,9,0,2,0,21,200600054372B01,7,20,1,243500139
200600054391,2006-09-20,2006,septembre,mercredi,14:00,35,35238,0,0,2,6,3,1,1,4,1,02,-1,-1,0,60,1,5,1,4,2,51,1,3,9,0,2,8,8,200600054391B01,7,9,1,243500139
200600054401,2006-09-25,2006,septembre,lundi,18:25,35,35238,0,0,2,3,3,1,1,4,3,02,1,1,0,0,1,0,1,4,1,13,0,3,9,0,2,1,5,200600054401A01,7,9,1,243500139
200600054404,2006-09-28,2006,septembre,jeudi,13:20,35,35238,0,0,2,2,3,1,1,4,2,04,1,1,0,110,1,0,1,4,2,18,2,2,9,0,2,4,19,200600054404B01,7,15,1,243500139
200600054417,2006-09-04,2006,septembre,lundi,17:10,36,36044,0,0,2,1,3,1,1,4,2,00,1,1,0,0,1,0,1,4,1,49,9,2,2,1,0,1,1,200600054417B01,7,22,1,243600327
200600054420,2006-09-08,2006,septembre,vendredi,20:45,36,36044,0,0,2,2,3,5,1,4,2,02,1,1,0,0,1,0,1,4,1,36,5,3,9,0,2,1,1,200600054420A01,7,1,1,243600327
200600054429,2006-09-21,2006,septembre,jeudi,17:45,36,36044,0,0,2,3,3,1,1,4,-1,02,1,-1,0,90,-1,0,1,4,1,48,0,3,9,0,2,6,15,200600054429A01,7,17,1,243600327
200600054431,2006-09-25,2006,septembre,lundi,17:10,36,36044,0,0,2,6,3,1,1,4,1,02,1,2,0,90,1,0,1,4,1,56,0,1,9,0,2,5,1,200600054431A01,7,9,1,243600327
200600054435,2006-09-08,2006,septembre,vendredi,17:05,37,37261,0,0,2,1,6,1,1,9,3,01,1,1,0,20,1,0,1,1,1,18,2,2,9,0,1,1,1,200600054435A01,,,,243700754
200600054441,2006-09-26,2006,septembre,mardi,17:00,37,37261,0,0,2,4,3,1,1,9,1,03,1,2,0,78,1,0,1,3,2,41,5,3,9,0,2,8,1,200600054441B01,7,12,1,243700754
200600054446,2006-09-30,2006,septembre,samedi,11:25,37,37261,0,0,2,1,5,1,1,4,1,01,2,2,0,48,1,0,5,3,1,17,0,3,9,0,2,1,5,200600054446A01,37,1,1,243700754
200600054446,2006-09-30,2006,septembre,samedi,11:25,37,37261,0,0,2,1,5,1,1,4,1,01,2,2,0,48,1,0,5,1,1,20,5,1,2,0,2,1,1,200600054446B01,37,1,1,243700754
200600054449,2006-09-27,2006,septembre,mercredi,15:15,37,37261,0,0,2,1,6,1,1,9,2,02,1,-1,0,65,1,0,1,4,1,14,5,3,9,0,2,2,15,200600054449A01,7,1,1,243700754
200600054451,2006-09-01,2006,septembre,vendredi,00:30,38,38185,0,0,2,1,6,5,1,4,-1,02,1,1,0,0,1,0,1,4,1,15,0,2,2,1,0,1,1,200600054451A01,,,,200040715
200600054452,2006-09-03,2006,septembre,dimanche,12:35,38,38151,0,0,2,9,6,1,1,4,1,02,1,3,0,83,1,5,1,4,1,64,9,3,9,0,2,1,19,200600054452A01,7,1,1,200040715
200600054461,2006-09-10,2006,septembre,dimanche,11:00,38,38185,0,0,2,2,3,1,1,3,2,00,1,1,0,95,1,0,1,4,1,6,0,3,9,0,2,1,1,200600054461B01,7,19,1,200040715
200600054468,2006-09-15,2006,septembre,vendredi,17:05,38,38185,0,0,2,1,6,1,1,4,2,02,1,1,0,58,1,0,1,4,2,42,0,3,9,0,2,1,23,200600054468B01,7,4,1,200040715
200600054469,2006-09-15,2006,septembre,vendredi,19:25,38,38185,0,0,2,1,6,1,1,4,2,04,1,1,0,140,1,3,1,4,2,19,0,3,9,0,2,8,19,200600054469B01,7,1,1,200040715
200600054471,2006-09-16,2006,septembre,samedi,18:15,38,38185,0,0,2,1,6,2,1,4,2,02,1,1,0,115,1,0,1,4,1,19,0,1,9,0,2,0,1,200600054471A01,37,1,1,200040715
200600054474,2006-09-18,2006,septembre,lundi,17:30,38,38185,0,0,2,2,3,1,1,4,2,02,1,1,0,75,1,0,1,4,1,55,1,3,9,0,2,3,1,200600054474B01,7,16,1,200040715
200600054476,2006-09-21,2006,septembre,jeudi,13:40,38,38185,0,0,2,2,3,1,1,2,2,06,1,1,0,160,1,0,1,4,1,27,0,3,9,0,2,8,1,200600054476A01,7,1,1,200040715
200600054479,2006-09-22,2006,septembre,vendredi,15:20,38,38421,0,0,2,3,3,1,1,4,2,02,1,1,0,60,-1,0,1,4,1,71,0,3,9,0,2,1,1,200600054479B01,7,16,1,200040715
200600054480,2006-09-23,2006,septembre,samedi,17:00,38,38185,0,0,2,2,3,1,1,3,2,04,1,1,0,120,-1,0,1,4,1,27,0,3,9,0,2,8,19,200600054480A01,7,1,1,200040715
200600054482,2006-09-25,2006,septembre,lundi,20:25,38,38421,0,0,2,1,3,1,1,4,2,04,1,1,0,58,2,0,1,3,1,18,0,3,9,0,2,8,19,200600054482A01,33,1,1,200040715
200600054483,2006-09-27,2006,septembre,mercredi,10:35,38,38185,0,0,2,1,6,1,1,4,2,02,1,1,0,70,1,0,1,3,2,3,0,3,9,0,2,8,19,200600054483B01,7,16,1,200040715
200600054491,2006-09-15,2006,septembre,vendredi,08:45,38,38544,0,0,2,1,3,1,2,4,2,02,1,1,0,88,2,0,1,4,1,24,1,3,9,0,2,1,1,200600054491B01,7,16,1,200077014
200600054497,2006-09-04,2006,septembre,lundi,17:15,39,39198,0,0,2,1,6,1,1,4,3,02,1,1,20,31,1,0,5,3,1,34,5,2,2,0,2,1,1,200600054497B01,7,16,1,200010650
200600054501,2006-09-13,2006,septembre,mercredi,19:50,40,40088,0,0,2,1,3,1,1,4,2,02,1,1,0,0,1,0,1,3,2,38,3,3,2,0,2,1,15,200600054501A01,7,1,1,244000675
200600054521,2006-09-29,2006,septembre,vendredi,12:44,41,41018,0,0,2,1,2,1,1,4,2,00,1,1,0,0,1,0,1,4,1,22,9,1,4,0,2,1,1,200600054521B01,7,2,1,200030385
200600054533,2006-09-30,2006,septembre,samedi,12:10,42,42316,0,0,2,1,2,1,1,4,2,02,1,1,0,40,1,0,1,3,1,12,5,3,4,0,2,4,1,200600054533B01,30,1,1,244200770
200600054543,2006-09-13,2006,septembre,mercredi,16:40,42,42184,0,0,2,6,3,1,1,4,2,02,1,1,0,84,1,5,1,4,1,17,2,1,2,0,2,7,1,200600054543B01,7,1,1,200035731
200600054559,2006-09-11,2006,septembre,lundi,16:55,42,42218,0,0,2,4,6,1,1,4,2,02,1,2,0,0,1,0,1,4,1,13,5,2,2,0,2,1,5,200600054559A01,7,1,1,244200770
200600054572,2006-09-22,2006,septembre,vendredi,08:00,42,42218,0,0,2,3,3,1,1,4,2,01,2,1,0,50,1,0,1,4,1,17,5,1,2,0,2,1,1,200600054572A01,7,16,1,244200770
200600054588,2006-09-02,2006,septembre,samedi,11:05,44,44055,0,0,2,1,6,1,1,4,2,02,1,1,0,0,1,0,1,4,1,14,5,3,4,0,2,8,11,200600054588A01,2,1,1,244400610
200600054590,2006-09-13,2006,septembre,mercredi,12:55,44,44135,0,0,2,1,6,1,1,4,1,01,1,1,0,0,1,0,1,4,1,32,5,3,4,0,2,1,1,200600054590A01,7,1,1,244400610
200600054595,2006-09-26,2006,septembre,mardi,10:55,44,44135,0,0,2,1,6,1,1,4,2,02,1,1,0,0,1,0,1,4,1,58,5,3,9,0,1,1,1,200600054595A01,,,,244400610
200600054599,2006-09-04,2006,septembre,lundi,17:45,44,44109,0,0,2,2,3,1,1,4,2,00,2,1,0,0,1,0,1,4,1,19,0,3,2,0,2,8,1,200600054599B01,7,16,1,244400404
200600054605,2006-09-10,2006,septembre,dimanche,15:10,44,44109,0,0,2,1,3,1,1,4,2,02,3,1,0,20,1,0,1,4,1,41,5,3,2,0,2,6,15,200600054605B01,2,1,1,244400404
200600054606,2006-09-10,2006,septembre,dimanche,17:55,44,44109,0,0,2,1,7,1,1,4,2,00,1,1,25,73,1,0,1,4,2,49,0,3,9,0,1,1,1,200600054606A01,,,,244400404
200600054606,2006-09-10,2006,septembre,dimanche,17:55,44,44109,0,0,2,1,7,1,1,4,2,00,1,1,25,73,1,0,1,4,1,16,5,3,0,0,1,1,1,200600054606A01,,,,244400404
200600054608,2006-09-11,2006,septembre,lundi,10:25,44,44109,0,0,2,6,3,1,1,4,-1,00,1,-1,0,0,1,0,1,4,1,19,1,3,9,0,2,1,5,200600054608A01,7,0,1,244400404
200600054609,2006-09-11,2006,septembre,lundi,15:35,44,44109,0,0,2,1,6,1,2,4,2,00,1,1,0,65,2,0,0,3,2,55,0,3,9,14,0,0,2,200600054609B01,7,22,1,244400404
200600054612,2006-09-12,2006,septembre,mardi,17:00,44,44109,0,0,2,2,3,1,1,4,3,04,1,1,20,160,1,0,1,3,2,38,0,3,2,0,2,1,1,200600054612B01,20,16,1,244400404
200600054643,2006-09-28,2006,septembre,jeudi,14:45,44,44109,0,0,1,3,6,1,1,4,2,02,1,1,0,0,1,0,4,3,1,17,5,3,9,0,2,1,13,200600054643A01,7,23,1,244400404
200600054650,2006-09-07,2006,septembre,jeudi,10:00,44,44184,0,0,2,1,3,1,1,3,1,03,1,2,0,0,1,0,1,4,1,23,0,3,9,0,2,0,1,200600054650B01,7,17,1,244400644
200600054699,2006-09-09,2006,septembre,samedi,18:10,47,47001,0,0,2,6,3,1,1,3,1,02,1,1,0,0,1,0,1,4,1,14,0,3,9,0,2,0,1,200600054699B01,7,15,1,200096956
200600054729,2006-09-11,2006,septembre,lundi,17:07,49,49007,0,0,2,3,3,1,1,4,2,02,1,1,0,110,1,5,1,4,1,52,0,3,9,0,2,3,1,200600054729B01,7,16,1,244900015
200600054732,2006-09-13,2006,septembre,mercredi,07:38,49,49007,0,0,2,2,3,1,1,4,2,02,1,1,0,60,1,5,0,4,1,19,0,3,9,0,2,1,1,200600054732B01,7,1,1,244900015