Num_Acc,date,an,mois,jour,hrmn,dep,com,lat,long,agg,int,col,lum,atm,catr,circ,nbv,prof,plan,lartpc,larrout,surf,infra,situ,grav,sexe,age,trajet,secuexist,equipement,obs,obsm,choc,manv,vehiculeid,typevehicules,manoeuvehicules,numVehicules,_infos_commune.code_epci
200600054737,2006-09-14,2006,septembre,jeudi,16:05,49,49007,0,0,2,6,7,1,1,4,2,02,1,1,0,0,1,5,1,4,1,43,1,3,9,0,0,0,16,200600054737A01,,,,244900015
200600054746,2006-09-20,2006,septembre,mercredi,08:17,49,49353,0,0,2,1,3,1,1,4,2,03,1,1,0,144,1,0,1,4,1,13,0,3,9,0,2,1,1,200600054746B01,10,16,1,244900015
200600054749,2006-09-20,2006,septembre,mercredi,17:25,49,49007,0,0,2,1,7,1,1,4,2,06,1,1,0,0,1,0,0,1,1,14,0,3,9,0,1,1,1,200600054749A01,,,,244900015
200600054752,2006-09-21,2006,septembre,jeudi,10:21,49,49007,0,0,2,1,7,1,1,4,-1,00,1,1,0,0,1,0,1,4,2,34,0,3,9,0,2,0,0,200600054752B01,7,0,1,244900015
200600054756,2006-09-22,2006,septembre,vendredi,19:49,49,49007,0,0,2,1,3,2,1,4,2,02,1,1,0,64,1,0,1,4,2,27,0,3,9,0,2,0,15,200600054756A01,10,1,1,244900015
200600054763,2006-09-25,2006,septembre,lundi,18:05,49,49007,0,0,2,1,7,1,1,4,-1,00,-1,-1,0,0,-1,0,0,4,1,19,0,3,9,0,1,0,0,200600054763A01,,,,244900015
200600054763,2006-09-25,2006,septembre,lundi,18:05,49,49007,0,0,2,1,7,1,1,4,-1,00,-1,-1,0,0,-1,0,0,4,2,83,0,3,0,0,1,0,0,200600054763A01,,,,244900015
200600054773,2006-09-30,2006,septembre,samedi,23:00,49,49007,0,0,2,1,6,5,2,4,2,04,1,1,0,120,2,5,1,4,2,41,0,3,9,0,2,0,19,200600054773A01,7,1,1,244900015
200600054775,2006-09-29,2006,septembre,vendredi,08:03,49,49007,0,0,2,3,3,1,1,4,2,02,1,1,0,73,1,0,1,3,1,18,2,3,9,0,2,1,15,200600054775B01,7,1,1,244900015
200600054788,2006-09-08,2006,septembre,vendredi,08:45,49,49328,0,0,2,1,6,1,1,5,-1,00,1,1,0,20,1,0,0,4,1,12,2,3,0,0,2,4,2,200600054788B01,7,0,1,200071876
200600054820,2006-09-24,2006,septembre,dimanche,19:20,51,51108,0,0,2,3,3,1,1,4,1,01,1,1,0,0,1,0,1,3,2,17,5,3,9,0,2,1,19,200600054820B01,7,0,1,200066876
200600054826,2006-09-04,2006,septembre,lundi,12:30,51,51454,0,0,2,1,6,1,1,4,-1,02,1,1,0,0,9,5,4,1,1,17,2,3,2,0,1,1,0,200600054826A01,,,,200067213
200600054830,2006-09-06,2006,septembre,mercredi,16:15,51,51454,0,0,2,1,3,1,1,6,1,01,1,1,0,35,1,0,1,3,2,57,5,3,9,0,2,3,19,200600054830B01,7,1,1,200067213
200600054854,2006-09-07,2006,septembre,jeudi,16:00,53,53130,0,0,2,3,3,1,1,4,1,01,1,2,0,25,1,5,1,4,1,25,3,2,2,0,2,1,1,200600054854B01,7,16,1,200083392
200600054864,2006-09-02,2006,septembre,samedi,11:40,54,54304,0,0,2,2,3,1,1,4,2,02,1,1,0,90,1,0,0,3,2,48,5,3,9,0,2,1,1,200600054864B01,7,15,1,245400676
200600054869,2006-09-05,2006,septembre,mardi,18:45,54,54184,0,0,2,2,3,1,1,4,2,04,1,1,0,0,1,0,1,4,1,24,5,3,2,0,2,1,19,200600054869A01,10,16,1,245400676
200600054880,2006-09-12,2006,septembre,mardi,19:15,54,54395,0,0,2,1,2,1,1,4,1,01,1,1,0,0,1,0,5,4,2,21,5,2,2,1,0,1,1,200600054880B01,7,22,1,245400676
200600054883,2006-09-13,2006,septembre,mercredi,17:40,54,54197,0,0,2,6,3,1,1,4,1,01,1,3,0,0,1,0,1,4,1,19,9,1,2,0,2,5,19,200600054883A01,7,16,1,245400676
200600054887,2006-09-15,2006,septembre,vendredi,12:15,54,54395,0,0,2,1,6,1,1,4,1,01,2,1,0,45,1,0,1,4,2,34,1,3,9,1,0,1,1,200600054887B01,7,24,1,245400676
200600054905,2006-09-26,2006,septembre,mardi,09:00,54,54395,0,0,2,1,2,1,1,4,2,02,2,1,0,30,2,0,1,4,1,36,1,1,2,1,0,1,1,200600054905B01,10,22,1,245400676
200600054915,2006-09-30,2006,septembre,samedi,21:00,54,54395,0,0,2,2,3,5,3,4,2,04,2,1,0,0,2,5,1,4,1,9,5,3,2,0,2,1,1,200600054915B01,7,15,1,245400676
200600054922,2006-09-13,2006,septembre,mercredi,14:00,55,55029,0,0,2,1,2,1,1,4,2,02,2,1,0,60,1,0,1,4,2,13,5,3,9,0,2,1,2,200600054922A01,7,2,1,200033025
200600054931,2006-09-04,2006,septembre,lundi,18:50,56,56098,0,0,2,6,3,1,1,9,1,01,1,2,0,0,1,0,1,4,1,37,9,3,9,0,2,0,1,200600054931B01,7,1,1,200042174
200600054945,2006-09-19,2006,septembre,mardi,07:55,56,56098,0,0,2,6,3,2,1,9,2,02,2,1,0,0,1,0,1,4,1,12,2,3,9,0,2,2,1,200600054945B01,7,1,1,200042174
200600054947,2006-09-21,2006,septembre,jeudi,14:31,56,56098,0,0,2,1,7,1,1,9,2,02,1,1,0,0,1,0,1,4,2,65,5,1,2,0,0,7,1,200600054947A01,,,,200042174
200600054965,2006-09-30,2006,septembre,samedi,08:30,56,56162,0,0,2,1,7,1,1,9,2,02,1,1,0,0,1,0,1,4,2,19,9,3,9,0,0,0,1,200600054965A01,,,,200042174
200600054968,2006-09-13,2006,septembre,mercredi,17:00,56,56260,0,0,2,3,6,1,3,4,2,02,1,1,0,0,2,0,1,4,1,15,0,3,9,0,2,0,1,200600054968B01,7,0,1,200067932
200600054969,2006-09-18,2006,septembre,lundi,17:50,56,56260,0,0,2,2,3,1,1,4,2,02,1,1,0,69,1,5,1,4,2,14,0,3,9,0,2,1,1,200600054969B01,7,15,1,200067932
200600054975,2006-09-07,2006,septembre,jeudi,07:10,56,56260,0,0,2,1,6,2,1,4,-1,02,1,1,0,0,1,0,1,4,1,23,1,3,0,1,0,1,1,200600054975B01,7,24,1,200067932
200600054977,2006-09-11,2006,septembre,lundi,12:15,56,56260,0,0,2,3,6,1,1,4,2,02,1,1,0,0,1,0,1,4,1,18,0,3,9,0,2,1,1,200600054977B01,7,15,1,200067932
200600054982,2006-09-27,2006,septembre,mercredi,19:10,57,57660,0,0,2,2,6,2,1,4,2,02,1,1,0,69,1,0,1,3,1,22,5,3,9,0,2,1,9,200600054982A01,7,1,1,245700372
200600054989,2006-09-06,2006,septembre,mercredi,07:30,57,57480,0,0,2,1,6,1,1,2,2,02,1,1,0,100,1,0,1,4,2,26,1,2,2,0,2,1,0,200600054989A01,,,,200039865
200600055020,2006-09-26,2006,septembre,mardi,10:10,57,57221,0,0,2,1,6,1,1,2,2,02,1,1,0,98,1,0,1,4,1,34,5,3,9,0,2,1,18,200600055020B01,7 / 10,15 / 23,2,245701222
200600055047,2006-09-01,2006,septembre,vendredi,17:45,59,59616,0,0,2,1,3,1,1,3,2,02,1,1,0,60,1,0,1,3,1,11,5,3,9,0,2,4,0,200600055047B01,7,1,1,245901160
200600055058,2006-09-07,2006,septembre,jeudi,09:30,59,59155,0,0,2,1,2,1,1,4,1,01,1,1,0,62,1,0,1,4,1,51,5,3,9,0,2,8,1,200600055058A01,2,1,1,245900428
200600055060,2006-09-21,2006,septembre,jeudi,09:30,59,59183,0,0,2,1,3,1,1,4,2,02,1,4,0,240,1,0,1,4,2,24,5,2,2,0,2,3,1,200600055060B01,7,2,1,245900428
200600055103,2006-09-08,2006,septembre,vendredi,21:10,59,59368,0,0,2,1,6,5,1,2,1,02,1,1,0,0,1,0,5,4,1,24,5,2,2,0,2,1,1,200600055103B01,2,9,1,200093201
200600055104,2006-09-13,2006,septembre,mercredi,13:50,59,59378,0,0,2,1,3,1,1,4,1,03,1,1,50,130,1,0,1,4,1,13,5,1,2,0,2,1,12,200600055104A01,7,1,1,200093201
200600055106,2006-09-14,2006,septembre,jeudi,19:00,59,59350,0,0,2,2,6,2,1,4,1,01,1,1,0,42,1,0,1,3,1,30,9,3,2,0,2,1,5,200600055106A01,7,19,1,200093201
200600055109,2006-09-14,2006,septembre,jeudi,17:00,59,59368,0,0,2,3,3,1,1,4,2,00,1,1,0,0,1,0,1,4,2,12,5,3,9,0,2,8,19,200600055109A01,7,1,1,200093201
200600055113,2006-09-18,2006,septembre,lundi,08:35,59,59350,0,0,2,3,6,1,1,4,1,02,1,1,0,0,1,0,1,4,2,45,1,3,9,0,2,4,1,200600055113B01,7,1 / 0,2,200093201
200600055119,2006-09-13,2006,septembre,mercredi,15:17,59,59128,0,0,2,1,2,1,1,2,2,02,1,1,0,70,1,0,5,4,1,29,9,1,2,1,0,1,1,200600055119B01,7,23,1,200093201
200600055133,2006-09-26,2006,septembre,mardi,09:00,59,59368,0,0,2,1,6,1,1,4,2,02,1,1,0,68,1,0,1,4,2,48,1,3,2,0,2,7,17,200600055133A01,13,1,1,200093201
200600055136,2006-09-28,2006,septembre,jeudi,18:45,59,59350,0,0,2,4,3,1,1,4,1,01,1,1,0,59,1,0,1,4,2,7,5,1,2,0,2,1,1,200600055136A01,7,1,1,200093201
200600055145,2006-09-04,2006,septembre,lundi,17:45,59,59512,0,0,2,2,6,1,1,4,2,02,1,1,0,0,1,0,1,3,1,12,2,3,2,0,2,1,19,200600055145A01,7,1,2,200093201
200600055165,2006-09-28,2006,septembre,jeudi,16:30,59,59512,0,0,2,3,3,1,1,4,2,02,1,1,0,0,1,0,1,3,1,31,5,3,2,0,2,1,1,200600055165B01,7,15,1,200093201
200600055170,2006-09-26,2006,septembre,mardi,13:10,59,59512,0,0,2,2,3,1,1,4,2,02,1,1,0,0,1,0,1,3,1,27,9,3,2,0,2,0,1,200600055170B01,7,15,1,200093201
200600055178,2006-09-15,2006,septembre,vendredi,14:20,59,59526,0,0,2,6,2,1,1,4,-1,02,1,2,0,70,1,5,1,3,2,43,9,3,9,0,9,4,2,200600055178A01,7,2,1,200042190
200600055184,2006-09-10,2006,septembre,dimanche,14:50,59,59090,0,0,1,3,3,1,1,2,2,03,2,1,0,130,1,0,1,3,2,30,5,3,9,0,2,8,11,200600055184B01,33,17,1,200093201
200600055186,2006-09-12,2006,septembre,mardi,08:22,59,59279,0,0,2,3,3,1,1,4,2,02,2,1,0,0,1,0,1,3,1,65,5,2,2,0,2,6,1,200600055186B01,7,15,1,200093201
200600055191,2006-09-21,2006,septembre,jeudi,18:10,59,59421,0,0,2,1,3,1,1,2,-1,04,1,-1,0,132,1,0,0,3,2,14,0,3,9,0,0,3,0,200600055191B01,7,0,1,200093201
200600055195,2006-09-27,2006,septembre,mercredi,18:05,59,59599,0,0,2,2,3,1,1,4,2,01,1,1,0,0,1,5,1,3,1,27,0,3,9,0,2,8,2,200600055195B01,13,16,1,200093201
200600055197,2006-09-10,2006,septembre,dimanche,18:20,59,59112,0,0,2,3,6,1,1,3,2,00,1,1,30,98,1,0,1,3,2,6,5,1,2,0,2,8,19,200600055197B01,7,1,1,245901160
200600055198,2006-09-06,2006,septembre,mercredi,16:30,59,59484,0,0,2,3,3,1,1,3,2,02,1,1,0,90,2,0,0,4,1,56,1,3,0,0,2,1,1,200600055198B01,7,16,1,245901160
200600055201,2006-09-14,2006,septembre,jeudi,23:50,59,59606,0,0,2,1,2,3,1,3,2,02,1,1,16,80,1,0,5,3,1,32,0,3,2,0,2,1,1,200600055201A01,1,1,1,245901160
200600055201,2006-09-14,2006,septembre,jeudi,23:50,59,59606,0,0,2,1,2,3,1,3,2,02,1,1,16,80,1,0,5,4,1,18,0,3,2,0,2,1,1,200600055201B01,1,1,1,245901160
200600055214,2006-09-26,2006,septembre,mardi,07:40,59,59447,0,0,2,2,6,1,1,4,2,02,1,1,0,64,1,0,0,3,2,13,0,3,2,0,2,3,1,200600055214A01,7,1,1,245901160
200600055238,2006-09-30,2006,septembre,samedi,17:10,62,62041,0,0,2,6,3,1,1,4,2,02,1,1,0,50,1,0,1,3,1,50,5,3,9,0,2,7,1,200600055238B01,7,9,1,200033579
200600055268,2006-09-11,2006,septembre,lundi,11:25,62,62907,0,0,2,1,3,1,1,4,1,01,1,1,370,85,1,0,1,4,1,61,5,3,9,0,2,8,1,200600055268B01,7,17,1,246200299
200600055276,2006-09-27,2006,septembre,mercredi,16:45,62,62497,0,0,2,6,3,1,1,4,2,00,1,1,0,0,1,0,0,4,2,64,5,3,4,0,2,0,1,200600055276B01,7,9,1,246200299
200600055295,2006-09-05,2006,septembre,mardi,14:30,63,63113,0,0,2,1,7,1,1,4,2,02,1,1,0,60,1,0,1,4,1,47,9,3,2,12,0,0,1,200600055295A01,,,,246300701
200600055303,2006-09-09,2006,septembre,samedi,12:20,63,63014,0,0,2,1,3,1,1,4,3,04,1,1,30,160,1,0,0,4,1,29,9,3,2,0,2,1,5,200600055303B01,7,16,1,246300701
200600055314,2006-09-13,2006,septembre,mercredi,18:10,63,63113,0,0,2,1,2,1,1,4,2,02,2,1,0,100,1,0,1,4,1,42,9,3,2,0,2,1,1,200600055314A01,37,23,1,246300701
200600055321,2006-09-16,2006,septembre,samedi,12:30,63,63113,0,0,2,1,3,1,1,4,2,03,1,1,0,90,1,0,4,4,1,24,0,1,2,0,2,1,0,200600055321A01,7,1,1,246300701
200600055337,2006-09-26,2006,septembre,mardi,10:55,63,63113,0,0,2,1,3,1,1,4,2,02,1,1,0,60,1,0,1,4,2,25,5,1,2,0,2,8,1,200600055337B01,7,16,1,246300701
200600055339,2006-09-28,2006,septembre,jeudi,07:50,63,63113,0,0,2,2,6,1,1,4,3,03,1,1,0,0,1,0,1,4,1,66,5,2,9,0,2,1,1,200600055339A01,7,1,1,246300701
200600055349,2006-09-27,2006,septembre,mercredi,14:15,63,63164,0,0,2,2,3,1,1,4,2,02,1,-1,0,103,1,0,1,4,1,45,5,3,9,0,2,1,1,200600055349B01,7,11,1,246300701
200600055373,2006-09-21,2006,septembre,jeudi,09:15,64,64122,0,0,2,6,3,1,1,4,1,02,1,2,0,60,1,5,1,4,1,75,5,1,2,0,2,1,1,200600055373B01,7,9,1,200067106
200600055380,2006-09-04,2006,septembre,lundi,11:30,64,64129,0,0,2,1,3,1,1,4,2,02,1,1,0,120,1,0,1,3,2,57,5,3,9,0,2,7,1,200600055380B01,7,16,1,200067254
200600055387,2006-09-15,2006,septembre,vendredi,16:00,64,64445,0,0,2,3,3,1,8,4,2,02,1,1,0,94,1,0,1,3,1,80,5,3,9,0,2,0,2,200600055387B01,15,14,1,200067254
200600055393,2006-09-20,2006,septembre,mercredi,20:45,64,64445,0,0,2,1,6,5,1,2,2,02,1,1,0,0,1,0,1,1,2,38,5,1,9,0,2,4,1,200600055393C01,7 / 30,1 / 3,2,200067254
200600055395,2006-09-21,2006,septembre,jeudi,18:10,64,64237,0,0,2,1,3,1,1,4,2,02,1,1,0,79,1,0,1,1,1,24,3,3,9,0,9,8,9,200600055395A01,30,1,1,200067254
200600055397,2006-09-25,2006,septembre,lundi,15:55,64,64129,0,0,2,1,5,1,1,2,2,00,1,1,0,0,1,0,1,4,1,45,5,2,9,1,2,1,1,200600055397B01,7,22 / 1,2,200067254
200600055398,2006-09-26,2006,septembre,mardi,18:30,64,64445,0,0,2,1,3,1,1,4,1,02,1,1,0,90,1,0,1,4,2,53,5,3,9,0,2,8,19,200600055398A01,7,1,1,200067254
200600055399,2006-09-25,2006,septembre,lundi,07:40,64,64445,0,0,2,9,3,2,2,4,-1,01,1,2,0,95,2,0,1,4,1,18,0,3,9,0,2,1,2,200600055399B01,7,2,1,200067254
200600055400,2006-09-27,2006,septembre,mercredi,17:25,64,64129,0,0,2,1,3,1,1,4,2,02,1,1,0,60,1,0,1,4,1,22,0,3,9,0,2,2,1,200600055400B01,13,17,1,200067254
200600055403,2006-09-29,2006,septembre,vendredi,18:30,64,64445,0,0,2,6,3,1,1,4,1,02,1,1,0,145,1,5,1,4,1,16,2,3,9,0,2,5,14,200600055403A01,7,1,1,200067254
200600055405,2006-09-05,2006,septembre,mardi,08:55,64,64189,0,0,2,1,3,1,1,3,2,02,1,1,0,0,1,0,1,4,2,33,2,1,2,0,2,6,15,200600055405B01,30,17,1,200067106
200600055406,2006-09-06,2006,septembre,mercredi,16:55,64,64483,0,0,2,1,3,1,1,4,2,02,1,-1,0,0,1,0,1,4,1,43,0,1,2,0,2,2,1,200600055406B01,30,16,1,200067106
200600055425,2006-09-11,2006,septembre,lundi,18:55,65,65440,0,0,2,1,2,1,1,4,2,02,1,1,0,97,1,0,1,4,1,12,0,3,2,0,0,4,1,200600055425B01,7,1,1,200069300
200600055427,2006-09-15,2006,septembre,vendredi,07:25,65,65100,0,0,2,1,1,1,1,4,2,02,1,1,0,59,1,0,1,3,2,49,0,3,2,0,2,1,1,200600055427B01,7,1,1,200069300
200600055428,2006-09-15,2006,septembre,vendredi,17:25,65,65047,0,0,2,1,6,1,1,4,2,02,1,1,0,80,1,0,1,4,2,12,2,1,2,0,0,0,2,200600055428B01,30,2,1,200069300
200600055429,2006-09-17,2006,septembre,dimanche,17:35,65,65100,0,0,2,1,7,1,1,4,2,02,1,1,0,46,1,0,1,3,1,43,5,3,2,0,0,0,1,200600055429B01,33,19,1,200069300
200600055429,2006-09-17,2006,septembre,dimanche,17:35,65,65100,0,0,2,1,7,1,1,4,2,02,1,1,0,46,1,0,1,4,1,3,0,3,2,0,0,0,1,200600055429B01,33,19,1,200069300
200600055429,2006-09-17,2006,septembre,dimanche,17:35,65,65100,0,0,2,1,7,1,1,4,2,02,1,1,0,46,1,0,1,3,2,40,5,3,2,0,0,1,1,200600055429C01,33,19,1,200069300
200600055435,2006-09-07,2006,septembre,jeudi,17:55,66,66136,0,0,2,1,6,1,1,4,2,02,1,1,0,70,1,0,1,3,1,39,1,2,9,0,2,8,21,200600055435B01,7 / 14,22 / 1,2,200027183
200600055439,2006-09-18,2006,septembre,lundi,16:00,66,66136,0,0,2,1,2,1,1,4,2,02,1,1,0,60,1,0,1,4,1,20,1,3,4,0,2,4,1,200600055439B01,7,1,1,200027183
200600055446,2006-09-01,2006,septembre,vendredi,07:50,67,67482,0,0,2,2,1,1,1,4,2,03,1,1,0,119,1,5,1,3,2,32,9,3,9,0,2,7,19,200600055446B01,10,16,1,246700488
200600055448,2006-09-01,2006,septembre,vendredi,15:06,67,67482,0,0,2,4,3,1,1,4,2,03,1,1,0,120,1,0,1,4,1,13,0,3,9,0,2,8,0,200600055448B01,7,1,1,246700488
200600055461,2006-09-08,2006,septembre,vendredi,17:55,67,67482,0,0,2,3,6,1,1,4,2,02,1,1,0,132,2,5,1,4,1,33,9,3,9,0,1,1,16,200600055461A01,,,,246700488
200600055468,2006-09-12,2006,septembre,mardi,22:00,67,67482,0,0,2,3,3,5,1,4,1,02,1,1,0,40,1,2,1,4,1,23,5,2,9,0,2,8,1,200600055468A01,7,1,1,246700488
200600055469,2006-09-13,2006,septembre,mercredi,16:50,67,67482,0,0,2,3,3,1,1,4,1,01,1,1,0,45,1,0,1,4,1,58,5,3,9,0,2,1,19,200600055469B01,7,16,1,246700488
200600055471,2006-09-14,2006,septembre,jeudi,16:50,67,67482,0,0,2,1,6,1,1,4,1,01,1,1,0,80,1,0,1,4,2,45,0,3,9,1,0,1,1,200600055471B01,7,22,1,246700488
200600055474,2006-09-15,2006,septembre,vendredi,15:00,67,67482,0,0,2,1,2,1,2,4,2,02,1,1,0,50,2,0,5,4,1,21,1,3,9,0,2,4,2,200600055474B01,30,2,1,246700488
200600055486,2006-09-22,2006,septembre,vendredi,15:00,67,67043,0,0,2,1,6,1,1,4,2,02,2,1,0,64,1,0,5,4,2,52,9,3,9,0,2,1,1,200600055486B01,7,22,1,246700488
200600055488,2006-09-23,2006,septembre,samedi,07:50,67,67204,0,0,2,6,3,1,1,4,2,02,1,1,15,64,1,0,1,4,2,17,2,3,9,0,2,1,1,200600055488B01,7,1,1,246700488
200600055490,2006-09-26,2006,septembre,mardi,09:00,67,67482,0,0,2,1,3,1,2,4,2,00,1,1,0,116,2,0,1,4,2,35,5,3,9,0,2,3,1,200600055490B01,14,1,1,246700488
200600055491,2006-09-26,2006,septembre,mardi,18:30,67,67482,0,0,2,3,3,1,1,4,1,01,1,1,0,70,1,5,1,4,2,22,1,3,9,0,2,1,1,200600055491A01,7,15,1,246700488
200600055494,2006-09-29,2006,septembre,vendredi,03:50,67,67482,0,0,2,1,1,5,1,4,2,02,1,4,0,100,1,0,1,4,1,25,5,1,4,0,2,1,13,200600055494A01,7,1,1,246700488
200600055495,2006-09-29,2006,septembre,vendredi,08:00,67,67482,0,0,2,3,5,1,1,4,2,02,1,1,20,60,1,0,4,1,1,15,0,1,4,0,2,1,15,200600055495A01,10,16,1,246700488
200600055495,2006-09-29,2006,septembre,vendredi,08:00,67,67482,0,0,2,3,5,1,1,4,2,02,1,1,20,60,1,0,4,3,1,15,0,1,4,0,2,1,1,200600055495B01,10,16,1,246700488
200600055500,2006-09-10,2006,septembre,dimanche,15:50,68,68066,0,0,2,9,3,1,1,3,1,03,1,1,0,130,1,5,1,4,2,21,5,3,4,0,2,8,1,200600055500B01,30,1,1,246800726
200600055504,2006-09-21,2006,septembre,jeudi,08:10,68,68066,0,0,2,3,3,1,1,4,2,02,1,1,0,80,1,0,1,4,2,40,1,3,9,0,2,1,1,200600055504B01,7,15,1,246800726
200600055507,2006-09-01,2006,septembre,vendredi,14:55,68,68224,0,0,2,3,3,1,1,4,2,02,1,1,90,90,1,0,5,4,1,32,5,2,9,0,2,8,1,200600055507B01,7,0,1,200066009
200600055510,2006-09-05,2006,septembre,mardi,15:00,68,68224,0,0,2,1,6,1,1,4,1,01,1,3,0,70,1,0,1,4,1,52,0,1,2,0,1,1,1,200600055510A01,,,,200066009
200600055513,2006-09-05,2006,septembre,mardi,12:40,68,68224,0,0,2,3,3,1,1,4,1,02,1,1,0,108,1,0,5,4,2,46,0,3,9,0,2,8,1,200600055513B01,7,0,1,200066009
200600055515,2006-09-08,2006,septembre,vendredi,17:50,68,68224,0,0,2,2,3,1,1,4,2,02,2,1,54,66,1,0,1,4,1,17,5,2,2,0,2,1,1,200600055515B01,7,16,1,200066009
200600055521,2006-09-15,2006,septembre,vendredi,11:51,68,68224,0,0,2,2,6,1,1,4,2,04,1,-1,28,135,1,0,1,4,1,22,0,3,0,0,2,8,2,200600055521B01,7,1,1,200066009
200600055523,2006-09-27,2006,septembre,mercredi,13:40,68,68224,0,0,2,1,3,1,1,4,2,03,1,1,0,110,1,0,5,3,1,60,1,1,2,0,1,1,1,200600055523B01,7,22,1,200066009
200600055531,2006-09-13,2006,septembre,mercredi,10:40,69,69029,0,0,2,1,3,1,1,4,-1,01,1,1,0,0,1,0,1,3,1,6,0,3,9,0,0,0,0,200600055531B01,7,0,1,200046977
200600055541,2006-09-18,2006,septembre,lundi,18:59,69,69142,0,0,2,1,3,1,1,3,2,02,1,1,95,68,1,0,1,3,2,64,0,3,9,0,2,1,2,200600055541B01,18,2,1,200046977
200600055544,2006-09-04,2006,septembre,lundi,08:10,69,69259,0,0,2,1,6,1,1,4,2,03,1,1,0,80,1,0,1,4,1,85,5,2,2,0,2,1,15,200600055544B01,7,15,1,200046977
200600055547,2006-09-14,2006,septembre,jeudi,14:30,69,69029,0,0,2,1,6,1,1,4,2,01,1,1,0,133,1,0,1,4,1,29,5,1,2,0,1,1,2,200600055547A01,,,,200046977
200600055547,2006-09-14,2006,septembre,jeudi,14:30,69,69029,0,0,2,1,6,1,1,4,2,01,1,1,0,133,1,0,1,4,2,59,5,3,0,0,1,1,2,200600055547A01,,,,200046977
200600055554,2006-09-22,2006,septembre,vendredi,16:45,69,69259,0,0,2,2,3,1,1,4,2,02,1,1,0,60,1,0,1,4,1,13,5,2,2,0,2,1,15,200600055554A01,7,0,1,200046977
200600055582,2006-09-01,2006,septembre,vendredi,12:00,71,71270,0,0,2,1,3,1,1,4,2,02,1,1,0,40,1,0,1,3,1,15,9,2,9,0,2,1,2,200600055582B01,2,2,1,200070308
200600055621,2006-09-20,2006,septembre,mercredi,16:30,72,72181,0,0,2,2,6,1,1,9,2,02,1,1,0,88,1,0,1,3,2,51,0,3,9,0,2,8,14,200600055621B01,37,16,1,247200132
200600055627,2006-09-22,2006,septembre,vendredi,18:30,72,72181,0,0,2,1,3,1,1,9,2,01,1,1,0,58,1,0,1,4,2,14,9,3,2,0,0,8,19,200600055627B01,7,1,1,247200132
200600055629,2006-09-25,2006,septembre,lundi,08:45,72,72181,0,0,2,1,6,1,1,9,2,02,2,1,0,68,1,0,1,4,2,22,9,3,2,14,0,1,1,200600055629A01,,,,247200132
200600055632,2006-09-27,2006,septembre,mercredi,17:15,72,72181,0,0,2,1,6,1,1,9,1,01,2,1,0,0,1,0,1,4,1,62,9,3,2,16,0,7,1,200600055632A01,,,,247200132
200600055636,2006-09-29,2006,septembre,vendredi,15:20,72,72181,0,0,2,1,6,1,1,9,2,02,2,1,0,80,1,0,1,4,2,43,9,3,2,16,0,1,1,200600055636A01,,,,247200132
200600055639,2006-09-29,2006,septembre,vendredi,23:15,72,72003,0,0,2,1,2,1,1,9,2,02,1,1,0,80,1,0,1,4,1,62,9,3,2,0,0,4,1,200600055639B01,7,1,1,247200132
200600055640,2006-09-10,2006,septembre,dimanche,10:25,73,73008,0,0,2,1,3,1,1,4,2,02,1,1,0,77,1,0,1,3,2,55,5,1,9,0,0,8,1,200600055640B01,30,16,1,200068674
200600055641,2006-09-23,2006,septembre,samedi,15:30,73,73008,0,0,2,1,3,1,1,4,1,02,1,1,270,90,1,5,1,4,1,62,5,3,9,0,2,1,1,200600055641B01,7,1,1,200068674
200600055642,2006-09-28,2006,septembre,jeudi,11:22,73,73008,0,0,2,1,3,1,1,4,1,02,1,1,225,75,1,5,1,4,2,76,5,3,9,0,2,1,2,200600055642B01,7,1,1,200068674
200600055645,2006-09-29,2006,septembre,vendredi,14:45,73,73011,0,0,2,2,3,1,1,4,2,04,1,1,0,85,1,5,1,3,1,76,5,1,2,0,2,3,18,200600055645B01,7,16,1,200068997
200600055646,2006-09-04,2006,septembre,lundi,13:15,73,73065,0,0,1,1,3,1,1,4,2,02,2,3,0,65,1,0,1,4,1,55,5,3,2,0,2,3,13,200600055646A01,7,1,1,200069110
200600055647,2006-09-07,2006,septembre,jeudi,09:35,73,73065,0,0,2,3,3,1,1,4,2,02,1,1,0,90,1,5,1,3,1,44,5,1,2,0,2,1,1,200600055647B01,7,15,1,200069110
200600055649,2006-09-21,2006,septembre,jeudi,07:33,73,73065,0,0,2,3,3,1,1,4,2,02,2,1,0,0,1,5,1,3,1,48,1,3,9,0,2,1,0,200600055649B01,7,13,1,200069110
200600055663,2006-09-07,2006,septembre,jeudi,19:45,74,74298,0,0,2,1,3,1,1,4,2,02,1,1,0,60,1,0,1,4,1,49,9,1,9,0,2,4,2,200600055663B01,7,2,1,200011773
200600055666,2006-09-20,2006,septembre,mercredi,13:25,74,74281,0,0,2,3,3,1,1,4,2,02,1,1,23,99,1,0,1,3,1,28,1,3,9,0,2,8,1,200600055666B01,7,16,1,200067551
200600055672,2006-09-04,2006,septembre,lundi,16:05,75,75001,0,0,2,3,3,1,1,4,1,01,1,1,0,30,1,0,1,4,1,25,4,1,2,0,2,6,1,200600055672B01,2,8,1,
200600055674,2006-09-05,2006,septembre,mardi,12:15,75,75008,0,0,2,2,2,1,1,4,1,02,1,1,0,60,1,0,1,4,2,43,4,1,2,0,2,4,23,200600055674B01,7,1,1,