Num_Acc,date,an,mois,jour,hrmn,dep,com,lat,long,agg,int,col,lum,atm,catr,circ,nbv,prof,plan,lartpc,larrout,surf,infra,situ,grav,sexe,age,trajet,secuexist,equipement,obs,obsm,choc,manv,vehiculeid,typevehicules,manoeuvehicules,numVehicules,_infos_commune.code_epci
200600061696,2006-10-12,2006,octobre,jeudi,16:45,35,35238,0,0,2,1,3,1,1,4,-1,00,-1,-1,0,0,1,0,5,4,1,34,0,3,9,0,2,0,1,200600061696A01,1,17,1,243500139
200600061696,2006-10-12,2006,octobre,jeudi,16:45,35,35238,0,0,2,1,3,1,1,4,-1,00,-1,-1,0,0,1,0,5,1,1,13,2,3,9,0,2,0,17,200600061696B01,1,1,1,243500139
200600061699,2006-10-13,2006,octobre,vendredi,19:30,35,35238,0,0,2,1,3,5,1,4,2,03,1,1,0,90,1,0,1,4,2,21,4,3,9,0,2,0,1,200600061699B01,7,16,1,243500139
200600061707,2006-10-18,2006,octobre,mercredi,11:55,35,35238,0,0,2,1,7,1,1,4,2,00,-1,-1,0,0,1,0,1,4,2,37,1,3,9,0,0,0,0,200600061707A01,,,,243500139
200600061718,2006-10-26,2006,octobre,jeudi,19:40,35,35238,0,0,2,2,7,5,1,4,-1,00,-1,-1,0,0,2,0,1,4,1,31,5,3,9,0,0,0,0,200600061718A01,,,,243500139
200600061721,2006-10-29,2006,octobre,dimanche,10:30,35,35238,0,0,2,1,7,1,2,4,-1,00,3,-1,0,0,2,0,1,4,1,30,5,1,2,0,0,0,1,200600061721A01,,,,243500139
200600061734,2006-10-06,2006,octobre,vendredi,16:00,36,36044,0,0,2,3,3,1,1,4,2,02,1,1,0,90,1,0,1,4,1,15,5,1,9,0,2,1,9,200600061734B01,7,1,1,243600327
200600061738,2006-10-10,2006,octobre,mardi,18:25,36,36044,0,0,2,1,2,1,1,4,2,02,1,1,0,0,1,0,1,4,1,15,9,2,2,0,2,4,1,200600061738B01,31,1,1,243600327
200600061749,2006-10-01,2006,octobre,dimanche,18:35,37,37261,0,0,1,1,3,1,1,9,1,01,1,1,0,53,1,0,0,3,1,13,5,2,2,0,2,1,0,200600061749A01,10,1,1,243700754
200600061757,2006-10-14,2006,octobre,samedi,11:50,37,37261,0,0,2,1,7,1,1,4,2,02,1,1,0,44,1,0,1,3,1,15,2,2,2,0,0,0,1,200600061757A01,,,,243700754
200600061758,2006-10-17,2006,octobre,mardi,17:50,37,37233,0,0,2,3,3,1,1,4,2,02,1,1,0,69,1,0,1,3,1,16,0,3,9,0,2,8,15,200600061758A01,7,1,1,243700754
200600061759,2006-10-26,2006,octobre,jeudi,18:00,37,37261,0,0,2,1,3,1,1,4,2,04,1,-1,12,124,1,0,4,3,1,26,1,3,0,0,2,2,5,200600061759A01,7,0,1,243700754
200600061767,2006-10-04,2006,octobre,mercredi,09:38,38,38421,0,0,2,1,6,1,1,4,2,02,1,1,0,64,1,0,5,3,1,80,0,3,9,0,4,1,1,200600061767B01,40,1,1,200040715
200600061773,2006-10-06,2006,octobre,vendredi,07:45,38,38185,0,0,2,2,6,1,1,4,2,03,1,1,0,90,1,0,1,4,1,33,1,3,9,0,2,1,15,200600061773A01,33,1,1,200040715
200600061774,2006-10-06,2006,octobre,vendredi,17:15,38,38421,0,0,2,2,6,1,1,4,2,02,1,1,0,63,-1,0,1,1,2,44,1,3,9,0,1,1,1,200600061774A01,,,,200040715
200600061779,2006-10-13,2006,octobre,vendredi,16:35,38,38185,0,0,2,1,3,1,1,4,2,02,1,1,0,107,1,0,1,4,1,59,0,3,9,0,2,1,19,200600061779A01,7,16,1,200040715
200600061780,2006-10-13,2006,octobre,vendredi,17:00,38,38185,0,0,2,1,3,1,1,4,1,01,1,1,0,30,1,0,1,4,1,16,0,3,9,1,2,1,19,200600061780B01,7,1,1,200040715
200600061784,2006-10-16,2006,octobre,lundi,13:15,38,38421,0,0,2,1,3,1,1,4,2,02,1,1,0,58,1,0,1,4,1,19,0,3,4,0,2,8,19,200600061784A01,31,17,1,200040715
200600061785,2006-10-16,2006,octobre,lundi,18:20,38,38421,0,0,2,2,3,1,1,4,2,02,1,1,0,70,1,0,1,4,1,17,0,3,9,0,2,6,1,200600061785B01,7,1,1,200040715
200600061786,2006-10-18,2006,octobre,mercredi,18:50,38,38421,0,0,2,2,3,5,1,4,2,02,1,1,0,102,1,0,1,4,1,27,0,3,9,0,2,1,1,200600061786B01,7,15,1,200040715
200600061787,2006-10-21,2006,octobre,samedi,15:08,38,38185,0,0,2,1,6,1,1,4,2,06,1,1,0,210,1,0,5,1,1,15,0,3,9,0,1,1,1,200600061787A01,,,,200040715
200600061793,2006-10-26,2006,octobre,jeudi,12:50,38,38185,0,0,2,1,6,1,1,4,1,01,1,1,0,30,-1,0,1,4,1,39,9,3,2,0,2,4,2,200600061793A01,7,0,1,200040715
200600061800,2006-10-25,2006,octobre,mercredi,08:05,38,38544,0,0,2,1,3,1,1,4,2,02,-1,1,0,73,1,0,1,3,1,33,1,1,2,0,2,7,17,200600061800A01,7,1,1,200077014
200600061809,2006-10-26,2006,octobre,jeudi,19:13,40,40088,0,0,2,1,5,2,1,3,2,02,1,2,0,70,1,0,1,3,1,34,5,1,2,0,2,4,2,200600061809B01,7,17,1,244000675
200600061809,2006-10-26,2006,octobre,jeudi,19:13,40,40088,0,0,2,1,5,2,1,3,2,02,1,2,0,70,1,0,1,3,1,10,5,1,2,0,2,4,2,200600061809C01,7,17,1,244000675
200600061809,2006-10-26,2006,octobre,jeudi,19:13,40,40088,0,0,2,1,5,2,1,3,2,02,1,2,0,70,1,0,1,3,1,7,5,1,2,0,2,4,2,200600061809D01,7,17,1,244000675
200600061814,2006-10-02,2006,octobre,lundi,15:10,41,41018,0,0,2,3,3,1,2,4,2,02,1,1,0,0,2,0,1,3,2,67,3,3,9,0,2,7,1,200600061814A01,7,0,1,200030385
200600061818,2006-10-03,2006,octobre,mardi,13:40,41,41018,0,0,2,3,3,1,2,4,1,00,1,1,0,0,2,0,1,4,1,21,5,1,4,0,2,7,1,200600061818A01,7,1,1,200030385
200600061827,2006-10-24,2006,octobre,mardi,07:55,41,41018,0,0,2,1,3,2,2,4,2,00,1,1,0,0,2,0,1,4,1,18,2,3,9,0,2,1,1,200600061827B01,7,15,1,200030385
200600061854,2006-10-05,2006,octobre,jeudi,07:45,42,42187,0,0,2,1,6,1,1,4,2,02,1,1,0,60,1,0,1,4,1,31,0,1,9,0,2,1,15,200600061854A01,7,15,1,200035731
200600061860,2006-10-10,2006,octobre,mardi,17:05,42,42127,0,0,2,3,6,1,1,3,2,02,1,1,0,79,1,0,1,3,1,12,2,3,9,0,2,7,15,200600061860B01,7,1,1,200035731
200600061868,2006-10-30,2006,octobre,lundi,19:30,42,42187,0,0,2,3,3,5,1,4,2,02,1,1,25,65,1,0,1,4,1,25,0,1,9,0,2,1,1,200600061868B01,7,15,1,200035731
200600061873,2006-10-02,2006,octobre,lundi,11:04,42,42218,0,0,2,1,6,1,1,4,2,02,1,3,0,60,1,0,1,4,1,22,2,1,2,0,1,1,1,200600061873A01,,,,244200770
200600061874,2006-10-02,2006,octobre,lundi,15:50,42,42305,0,0,2,6,3,1,8,4,2,02,1,2,30,70,1,5,1,4,1,57,5,1,4,0,2,4,1,200600061874B01,7,17,1,244200770
200600061881,2006-10-06,2006,octobre,vendredi,18:35,42,42218,0,0,2,1,6,1,1,4,1,01,1,1,0,32,1,0,1,4,2,21,5,2,2,0,2,1,1,200600061881B01,7,22,1,244200770
200600061907,2006-10-04,2006,octobre,mercredi,17:18,44,44132,0,0,2,1,6,1,1,4,2,02,1,1,0,0,1,0,1,4,1,7,4,3,0,0,2,3,11,200600061907B01,7,1,1,244400644
200600061908,2006-10-04,2006,octobre,mercredi,18:56,44,44132,0,0,2,1,3,1,1,4,2,02,1,1,0,0,1,0,1,4,1,39,5,1,9,0,2,3,1,200600061908B01,7,1,1,244400644
200600061919,2006-10-04,2006,octobre,mercredi,09:30,44,44109,0,0,2,6,6,1,1,4,2,02,1,2,0,0,1,0,1,3,2,28,1,2,2,0,2,4,15,200600061919B01,7,1,1,244400404
200600061936,2006-10-12,2006,octobre,jeudi,07:30,44,44109,0,0,2,1,6,5,1,4,2,02,1,1,0,60,1,0,1,4,1,17,2,1,9,0,2,1,18,200600061936B01,7,22,1,244400404
200600061943,2006-10-13,2006,octobre,vendredi,14:00,44,44190,0,0,2,1,6,1,1,4,2,02,1,1,0,134,1,0,1,4,1,65,0,3,9,1,0,1,1,200600061943B01,7,22,1,244400404
200600061957,2006-10-25,2006,octobre,mercredi,13:40,44,44143,0,0,2,5,6,1,1,4,2,03,2,1,0,0,1,0,1,3,1,61,5,1,2,0,2,8,0,200600061957B01,17,16,1,244400404
200600061968,2006-10-10,2006,octobre,mardi,16:05,44,44184,0,0,2,1,3,1,1,3,2,02,1,1,0,0,1,0,1,4,1,85,0,2,9,0,2,3,0,200600061968B01,7,0,1,244400644
200600061977,2006-10-26,2006,octobre,jeudi,08:10,44,44184,0,0,2,3,3,2,2,4,2,02,1,1,0,0,2,0,1,4,2,43,1,1,4,0,2,5,1,200600061977B01,10,16,1,244400644
200600061984,2006-10-03,2006,octobre,mardi,13:50,45,45234,0,0,2,3,3,1,2,4,4,02,1,1,0,33,2,0,1,4,2,55,1,3,9,0,2,8,1,200600061984A01,7,15,1,244500468
200600061994,2006-10-13,2006,octobre,vendredi,11:00,45,45234,0,0,2,1,6,1,1,4,2,01,1,1,0,70,1,0,4,1,1,19,5,3,9,0,1,1,0,200600061994A01,,,,244500468
200600061995,2006-10-16,2006,octobre,lundi,20:36,45,45147,0,0,2,1,6,5,1,4,2,02,1,1,0,62,1,5,1,1,1,24,9,1,4,0,1,1,1,200600061995A01,,,,244500468
200600061999,2006-10-20,2006,octobre,vendredi,09:00,45,45302,0,0,2,2,3,1,2,4,2,02,1,1,0,83,2,0,1,4,1,13,2,1,4,0,2,1,1,200600061999A01,3,16,1,244500468
200600062006,2006-10-26,2006,octobre,jeudi,16:00,45,45234,0,0,2,1,3,1,1,4,1,01,1,1,0,70,1,0,1,3,1,15,9,3,9,0,2,1,19,200600062006A01,7,1,1,244500468
200600062014,2006-10-10,2006,octobre,mardi,07:50,46,46042,0,0,2,1,6,2,1,9,2,01,1,1,0,95,1,0,5,1,1,40,1,3,9,0,9,2,1,200600062014B01,30,5,1,200023737
200600062023,2006-10-31,2006,octobre,mardi,09:00,47,47001,0,0,2,1,4,1,1,2,2,04,1,1,0,128,1,2,1,3,2,53,1,3,2,3,2,7,1,200600062023C01,7,1 / 15,2,200096956
200600062046,2006-10-12,2006,octobre,jeudi,18:40,49,49007,0,0,2,1,7,1,1,4,1,02,1,1,0,0,1,0,1,4,1,13,0,3,9,0,0,0,0,200600062046A01,,,,244900015
200600062051,2006-10-14,2006,octobre,samedi,19:14,49,49007,0,0,2,1,3,1,1,4,2,02,1,1,0,0,1,0,1,4,1,18,0,3,9,0,2,1,19,200600062051A01,7,1,1,244900015
200600062076,2006-10-30,2006,octobre,lundi,16:14,49,49007,0,0,2,1,7,1,1,4,2,02,1,1,0,0,1,0,1,4,1,14,0,3,9,0,0,0,1,200600062076A01,,,,244900015
200600062117,2006-10-11,2006,octobre,mercredi,11:00,51,51108,0,0,2,6,6,1,1,3,2,02,1,-1,0,0,-1,0,0,3,1,63,5,2,2,0,2,0,1,200600062117B01,7,0,1,200066876
200600062121,2006-10-29,2006,octobre,dimanche,15:10,51,51108,0,0,2,1,3,1,1,4,1,02,1,1,0,0,1,0,1,3,2,19,5,3,9,0,2,1,0,200600062121B01,7,0,1,200066876
200600062154,2006-10-24,2006,octobre,mardi,10:02,52,52448,0,0,2,5,6,1,8,4,1,02,1,2,0,0,2,5,1,4,2,72,5,3,9,0,2,2,1,200600062154B01,7,11,1,200068666
200600062167,2006-10-01,2006,octobre,dimanche,15:55,54,54395,0,0,2,2,3,1,1,4,1,03,1,1,0,0,1,0,1,4,1,9,5,3,2,0,2,1,1,200600062167B01,7,1,1,245400676
200600062170,2006-10-04,2006,octobre,mercredi,18:00,54,54395,0,0,2,6,2,1,1,4,2,01,2,3,0,85,1,0,1,4,1,43,1,2,2,0,2,1,15,200600062170B01,2,1,1,245400676
200600062194,2006-10-16,2006,octobre,lundi,16:00,54,54304,0,0,2,2,3,1,1,4,2,02,1,1,0,0,1,0,1,4,1,14,5,2,2,0,2,1,1,200600062194A01,7,23,1,245400676
200600062202,2006-10-19,2006,octobre,jeudi,13:55,54,54395,0,0,2,1,6,1,1,4,1,03,1,1,0,0,1,0,1,4,2,24,1,1,4,0,2,8,2,200600062202B01,7,2,1,245400676
200600062206,2006-10-20,2006,octobre,vendredi,13:15,54,54395,0,0,2,1,6,1,1,4,2,04,1,1,0,60,1,0,1,4,1,21,5,3,9,0,2,1,11,200600062206A01,40,1,1,245400676
200600062214,2006-10-26,2006,octobre,jeudi,17:30,54,54547,0,0,2,3,1,1,1,4,1,01,1,1,0,0,1,0,1,4,1,12,5,2,2,0,2,1,5,200600062214A01,7,12,1,245400676
200600062217,2006-10-28,2006,octobre,samedi,19:05,54,54395,0,0,2,1,1,5,1,4,1,03,1,1,0,0,1,0,1,3,1,16,5,2,2,0,2,1,5,200600062217A01,37,1,1,245400676
200600062222,2006-10-10,2006,octobre,mardi,07:45,54,54528,0,0,2,2,3,1,1,4,2,02,2,1,0,70,1,5,1,3,2,61,1,2,4,0,0,4,1,200600062222B01,7,1,1,200070563
200600062226,2006-10-08,2006,octobre,dimanche,12:25,54,54580,0,0,2,3,3,1,1,4,2,02,1,1,0,62,1,0,1,3,1,22,5,3,9,0,2,1,16,200600062226A01,7,1,1,245701404
200600062230,2006-10-15,2006,octobre,dimanche,10:45,55,55029,0,0,2,6,3,1,1,2,3,02,1,1,0,0,1,5,1,3,1,59,5,2,2,0,2,7,1,200600062230B01,10,9,1,200033025
200600062237,2006-10-07,2006,octobre,samedi,11:38,56,56121,0,0,2,1,1,1,1,9,2,02,2,1,0,0,1,0,1,3,1,19,9,3,9,0,2,1,1,200600062237A01,7,1,1,200042174
200600062238,2006-10-11,2006,octobre,mercredi,08:32,56,56098,0,0,2,3,3,1,1,9,2,02,1,1,0,0,1,0,1,4,1,23,4,3,9,0,2,7,1,200600062238B01,7,1,1,200042174
200600062239,2006-10-12,2006,octobre,jeudi,10:36,56,56121,0,0,2,1,6,1,1,9,2,02,1,1,0,0,1,0,1,4,2,50,0,3,9,0,2,1,1,200600062239B01,7,22,1,200042174
200600062254,2006-10-27,2006,octobre,vendredi,16:54,56,56162,0,0,2,4,3,1,1,9,2,02,1,3,0,0,1,0,1,4,1,35,0,3,2,0,2,1,1,200600062254B01,7,15,1,200042174
200600062284,2006-10-18,2006,octobre,mercredi,07:30,57,57751,0,0,1,1,3,2,1,3,2,02,1,1,0,210,1,0,1,3,1,19,1,3,9,0,2,4,1,200600062284B01,30,2,1,200039865
200600062286,2006-10-19,2006,octobre,jeudi,14:38,57,57463,0,0,2,1,3,1,1,4,1,04,1,1,0,120,1,0,1,4,1,26,0,3,9,0,2,1,19,200600062286A01,7,1,1,200039865
200600062294,2006-10-27,2006,octobre,vendredi,21:25,57,57463,0,0,2,1,6,5,1,3,1,01,1,1,14,36,1,0,1,4,2,18,0,3,2,0,2,4,19,200600062294B01,7,1,1,200039865
200600062311,2006-10-25,2006,octobre,mercredi,17:00,57,57508,0,0,2,1,1,1,1,4,2,02,1,1,0,68,1,0,1,4,1,14,5,3,9,0,2,1,1,200600062311B01,7,9,1,245701222
200600062341,2006-10-10,2006,octobre,mardi,18:45,59,59632,0,0,2,2,3,1,1,4,2,02,1,1,0,80,1,0,1,3,1,9,0,2,2,0,0,8,1,200600062341B01,7,0,1,200042190
200600062344,2006-10-27,2006,octobre,vendredi,16:30,59,59156,0,0,2,1,2,1,1,4,2,02,1,4,0,0,-1,0,0,3,1,60,5,1,2,0,0,4,1,200600062344B01,7,2,1,200044618
200600062365,2006-10-02,2006,octobre,lundi,05:45,59,59527,0,0,2,4,7,5,8,4,2,02,1,2,0,76,1,0,1,4,1,19,1,2,2,0,2,1,2,200600062365B01,,,,200093201
200600062374,2006-10-07,2006,octobre,samedi,15:45,59,59009,0,0,2,4,3,1,1,4,2,02,1,1,0,40,1,0,1,4,1,65,5,3,9,0,2,0,1,200600062374B01,7,16,1,200093201
200600062379,2006-10-09,2006,octobre,lundi,17:40,59,59648,0,0,2,1,3,1,1,3,2,05,1,1,31,60,1,0,1,4,2,50,1,3,9,0,2,8,11,200600062379A01,7,1,1,200093201
200600062380,2006-10-10,2006,octobre,mardi,08:20,59,59350,0,0,2,1,3,1,1,4,2,02,1,1,0,40,1,0,1,3,1,61,5,2,9,0,2,1,1,200600062380B01,7,1,1,200093201
200600062383,2006-10-11,2006,octobre,mercredi,13:15,59,59350,0,0,2,2,6,1,1,4,2,02,1,1,0,69,1,0,1,4,1,44,1,3,2,0,2,1,23,200600062383B01,7,15,1,200093201
200600062389,2006-10-13,2006,octobre,vendredi,10:35,59,59350,0,0,2,1,6,1,1,4,2,04,1,1,0,0,1,0,1,4,1,32,5,1,9,0,2,1,1,200600062389A01,37,1,1,200093201
200600062391,2006-10-13,2006,octobre,vendredi,17:54,59,59360,0,0,2,3,3,1,1,4,2,00,1,1,0,70,1,0,1,4,1,22,1,2,2,14,0,5,15,200600062391A01,7,15,1,200093201
200600062410,2006-10-24,2006,octobre,mardi,08:00,59,59350,0,0,2,1,6,1,1,4,2,02,1,-1,10,60,1,0,1,4,2,13,5,2,9,1,0,1,1,200600062410B01,7,23,1,200093201
200600062418,2006-10-27,2006,octobre,vendredi,10:50,59,59350,0,0,2,2,3,1,9,4,3,03,1,1,30,165,9,0,1,3,2,25,5,3,9,0,2,8,1,200600062418A01,14,16,1,200093201
200600062450,2006-10-17,2006,octobre,mardi,17:15,59,59598,0,0,2,1,3,1,1,4,1,02,1,1,0,0,1,0,1,3,1,28,9,3,2,0,2,0,19,200600062450B01,7,1,1,200093201
200600062459,2006-10-05,2006,octobre,jeudi,19:00,59,59332,0,0,2,1,2,1,1,4,2,02,1,1,0,0,1,0,1,4,2,14,0,3,2,0,2,1,1,200600062459B01,7,20,1,200093201
200600062462,2006-10-23,2006,octobre,lundi,08:55,59,59646,0,0,2,2,1,1,1,4,-1,00,1,1,0,0,2,0,1,3,1,39,1,3,2,0,2,1,1,200600062462B01,7,1,1,200093201
200600062463,2006-10-02,2006,octobre,lundi,07:40,59,59163,0,0,2,1,2,5,1,4,2,02,1,1,0,0,1,0,1,4,1,16,2,3,2,0,2,4,1,200600062463B01,7,0,1,200093201
200600062473,2006-10-26,2006,octobre,jeudi,17:35,59,59299,0,0,2,2,3,1,1,4,2,02,1,1,0,0,1,0,1,3,1,33,9,3,2,0,2,0,1,200600062473A01,7,1,1,200093201
200600062475,2006-10-27,2006,octobre,vendredi,16:35,59,59512,0,0,2,3,3,1,1,4,2,02,1,1,0,0,1,0,1,3,1,12,5,3,2,0,2,0,19,200600062475B01,7,1,1,200093201
200600062478,2006-10-13,2006,octobre,vendredi,15:00,59,59646,0,0,2,1,2,1,1,4,2,02,1,1,0,0,1,0,1,4,1,80,0,3,2,0,2,0,0,200600062478B01,7,0,1,200093201
200600062481,2006-10-26,2006,octobre,jeudi,18:25,59,59650,0,0,2,4,1,5,1,4,-1,00,1,1,0,0,1,0,1,3,1,13,9,3,2,0,2,9,19,200600062481A01,7,1,1,200093201
200600062492,2006-10-18,2006,octobre,mercredi,10:50,59,59599,0,0,2,1,3,1,2,6,-1,00,1,-1,0,0,2,0,0,4,1,6,5,3,9,0,2,3,1,200600062492A01,2,1,1,200093201
200600062498,2006-10-24,2006,octobre,mardi,15:00,59,59484,0,0,2,3,3,1,1,3,2,02,1,1,0,70,1,0,1,4,2,54,5,3,2,0,2,4,15,200600062498A01,2,1,1,245901160
200600062506,2006-10-10,2006,octobre,mardi,16:20,59,59484,0,0,2,1,6,1,1,4,2,02,1,1,0,60,1,0,1,3,1,11,5,3,2,0,2,1,19,200600062506A01,7,1,1,245901160
200600062509,2006-10-22,2006,octobre,dimanche,11:30,59,59515,0,0,2,3,6,1,1,4,2,02,1,1,0,58,1,0,1,3,1,7,5,3,2,0,2,1,19,200600062509B01,7,13,1,245901160
200600062592,2006-10-02,2006,octobre,lundi,19:35,63,63113,0,0,2,1,6,5,1,4,3,05,1,1,0,0,1,0,1,4,1,15,5,2,9,0,2,1,6,200600062592A01,7,0,1,246300701
200600062603,2006-10-06,2006,octobre,vendredi,15:30,63,63113,0,0,2,3,3,1,1,4,2,03,1,1,0,136,1,0,1,4,1,23,9,2,9,0,2,1,1,200600062603A01,7,1,1,246300701
200600062624,2006-10-14,2006,octobre,samedi,13:20,63,63113,0,0,2,1,3,1,1,4,1,01,1,1,0,50,1,0,1,4,1,24,1,3,2,0,2,1,18,200600062624B01,7,23,1,246300701
200600062627,2006-10-14,2006,octobre,samedi,20:10,63,63113,0,0,2,2,6,5,1,4,1,01,1,1,0,0,1,0,1,4,1,38,9,2,2,0,2,1,5,200600062627B01,7,16,1,246300701
200600062651,2006-10-24,2006,octobre,mardi,13:50,63,63075,0,0,2,1,6,1,1,4,2,02,2,1,0,0,1,0,1,4,1,23,2,2,2,1,0,1,1,200600062651B01,7,22,1,246300701
200600062653,2006-10-25,2006,octobre,mercredi,07:35,63,63113,0,0,2,6,6,3,1,4,1,02,1,1,0,0,1,0,1,4,1,23,1,3,9,0,2,0,1,200600062653A01,7,1,1,246300701
200600062657,2006-10-27,2006,octobre,vendredi,09:45,63,63113,0,0,1,2,6,1,1,4,2,02,1,1,0,0,1,5,1,3,1,25,5,2,2,0,2,1,15,200600062657B01,7,1,1,246300701
200600062702,2006-10-07,2006,octobre,samedi,15:30,64,64445,0,0,2,2,1,1,1,4,2,04,1,1,0,150,1,5,1,4,1,47,5,2,9,0,2,1,1,200600062702B01,7,15,1,200067254
200600062709,2006-10-13,2006,octobre,vendredi,17:22,64,64129,0,0,2,1,3,1,1,4,2,02,1,1,0,100,1,0,1,4,2,50,1,1,2,0,2,1,1,200600062709B01,7,15,1,200067254
200600062713,2006-10-18,2006,octobre,mercredi,09:25,64,64445,0,0,2,1,6,1,1,2,2,02,1,1,0,117,1,0,1,4,1,23,1,2,2,1,0,1,1,200600062713B01,7,22,1,200067254
200600062721,2006-10-23,2006,octobre,lundi,07:50,64,64445,0,0,2,6,3,5,3,4,1,03,1,2,0,100,2,0,1,4,2,24,2,3,4,0,2,8,1,200600062721B01,7,16,1,200067254
200600062722,2006-10-25,2006,octobre,mercredi,18:05,64,64335,0,0,2,2,1,1,1,4,2,02,1,1,0,65,1,0,1,4,2,53,1,3,9,0,2,1,23,200600062722B01,7,15,1,200067254
200600062736,2006-10-09,2006,octobre,lundi,11:15,64,64545,0,0,2,3,3,1,1,2,1,01,1,2,0,70,1,0,1,4,1,33,5,3,2,0,2,2,9,200600062736A01,7,1,1,200067106
200600062740,2006-10-13,2006,octobre,vendredi,11:05,64,64189,0,0,2,1,3,1,1,2,2,02,1,1,0,0,1,0,1,4,1,74,5,2,2,0,2,1,1,200600062740B01,7,16,1,200067106
200600062752,2006-10-03,2006,octobre,mardi,16:45,65,65286,0,0,2,1,3,1,1,9,2,00,1,1,0,0,1,0,1,4,2,56,5,3,0,0,0,0,9,200600062752B01,10,2,1,200069300
200600062757,2006-10-02,2006,octobre,lundi,10:48,65,65440,0,0,2,3,3,1,1,3,2,03,1,1,30,30,1,0,1,3,1,43,0,3,2,0,2,1,1,200600062757B01,7,15,1,200069300
200600062760,2006-10-05,2006,octobre,jeudi,09:35,65,65440,0,0,2,2,3,1,1,4,2,03,1,1,0,94,1,0,1,4,2,35,1,3,9,0,2,0,11,200600062760A01,7,1,1,200069300
200600062765,2006-10-13,2006,octobre,vendredi,08:50,65,65331,0,0,2,1,2,1,1,4,2,02,1,1,0,67,1,0,1,4,2,60,0,3,9,0,0,4,1,200600062765B01,7,1,1,200069300
200600062795,2006-10-02,2006,octobre,lundi,13:30,67,67043,0,0,2,2,3,1,1,4,2,02,2,1,0,50,1,0,1,4,2,9,2,3,9,0,2,1,16,200600062795A01,7,1,1,246700488
200600062795,2006-10-02,2006,octobre,lundi,13:30,67,67043,0,0,2,2,3,1,1,4,2,02,2,1,0,50,1,0,1,4,2,9,0,3,9,0,2,1,16,200600062795A01,7,1,1,246700488
200600062807,2006-10-05,2006,octobre,jeudi,11:45,67,67482,0,0,2,2,3,1,1,4,2,02,1,1,0,73,1,0,1,4,1,44,1,3,2,0,2,1,1,200600062807B01,7,15,1,246700488
200600062808,2006-10-05,2006,octobre,jeudi,14:20,67,67482,0,0,2,3,3,1,1,4,1,01,1,1,0,90,1,0,1,4,1,40,5,3,9,0,2,1,19,200600062808B01,7,15,1,246700488
200600062809,2006-10-05,2006,octobre,jeudi,18:55,67,67482,0,0,2,1,3,1,1,9,2,02,1,1,0,124,1,0,5,1,1,16,5,3,9,0,2,7,17,200600062809A01,1,1,1,246700488
200600062809,2006-10-05,2006,octobre,jeudi,18:55,67,67482,0,0,2,1,3,1,1,9,2,02,1,1,0,124,1,0,5,4,1,58,5,3,9,0,2,3,1,200600062809B01,1,17,1,246700488
200600062810,2006-10-06,2006,octobre,vendredi,08:25,67,67482,0,0,2,4,3,1,1,4,2,02,1,1,0,110,1,5,1,2,1,82,5,3,9,0,2,8,1,200600062810B01,20,14,1,246700488
200600062813,2006-10-09,2006,octobre,lundi,07:00,67,67482,0,0,2,3,6,2,1,4,2,02,1,1,0,70,1,0,1,3,1,31,4,3,9,0,2,1,1,200600062813B01,13,15,1,246700488
200600062815,2006-10-10,2006,octobre,mardi,13:40,67,67482,0,0,2,2,3,1,1,4,2,04,2,1,0,100,1,2,1,4,1,36,5,3,0,0,2,8,19,200600062815A01,7,1,1,246700488
200600062817,2006-10-12,2006,octobre,jeudi,11:50,67,67447,0,0,2,3,3,1,1,4,2,02,1,1,0,80,1,5,1,4,1,78,5,3,9,0,2,8,11,200600062817B01,7,17,1,246700488
200600062820,2006-10-13,2006,octobre,vendredi,08:15,67,67447,0,0,2,1,3,1,1,4,1,01,1,1,0,31,1,0,5,4,2,53,1,1,4,0,2,1,1,200600062820B01,7,15,1,246700488
200600062822,2006-10-13,2006,octobre,vendredi,14:15,67,67482,0,0,2,1,5,1,1,4,2,02,1,1,0,115,1,0,1,4,2,30,5,3,9,0,2,1,1,200600062822B01,33,17,1,246700488
200600062822,2006-10-13,2006,octobre,vendredi,14:15,67,67482,0,0,2,1,5,1,1,4,2,02,1,1,0,115,1,0,1,4,1,23,5,3,9,0,2,8,15,200600062822C01,33,17,1,246700488
200600062824,2006-10-15,2006,octobre,dimanche,16:00,67,67482,0,0,2,1,6,1,1,4,2,03,1,1,0,96,1,0,5,1,1,32,5,3,9,0,1,1,1,200600062824A01,,,,246700488
200600062824,2006-10-15,2006,octobre,dimanche,16:00,67,67482,0,0,2,1,6,1,1,4,2,03,1,1,0,96,1,0,5,4,1,84,5,3,0,0,1,1,1,200600062824A01,,,,246700488
200600062831,2006-10-23,2006,octobre,lundi,09:00,67,67482,0,0,2,3,3,1,2,4,2,02,1,1,0,80,2,0,5,4,2,42,1,3,9,0,2,1,1,200600062831A01,7,1,1,246700488
200600062839,2006-10-26,2006,octobre,jeudi,08:00,67,67482,0,0,2,2,6,1,1,4,2,02,1,1,0,71,1,5,1,4,2,18,2,1,9,0,4,1,1,200600062839B01,40,1,1,246700488
200600062840,2006-10-27,2006,octobre,vendredi,08:30,67,67482,0,0,2,3,3,1,1,4,2,02,1,1,0,83,1,0,1,4,2,33,1,2,9,0,2,8,15,200600062840B01,7,15,1,246700488
200600062842,2006-10-26,2006,octobre,jeudi,10:50,67,67482,0,0,2,1,5,1,1,4,2,02,1,1,0,64,1,0,5,3,1,24,1,3,9,1,2,1,1,200600062842B01,7,22 / 1,2,246700488
200600062844,2006-10-26,2006,octobre,jeudi,13:45,67,67447,0,0,2,3,3,1,1,4,2,02,1,1,0,50,1,0,1,4,1,28,5,3,9,0,2,0,0,200600062844B01,7,1,1,246700488