Num_Acc,date,an,mois,jour,hrmn,dep,com,lat,long,agg,int,col,lum,atm,catr,circ,nbv,prof,plan,lartpc,larrout,surf,infra,situ,grav,sexe,age,trajet,secuexist,equipement,obs,obsm,choc,manv,vehiculeid,typevehicules,manoeuvehicules,numVehicules,_infos_commune.code_epci
200600064474,2006-10-02,2006,octobre,lundi,20:07,92,92012,0,0,2,1,2,1,2,4,2,02,1,1,0,72,2,0,1,4,2,55,1,2,9,0,2,4,2,200600064474B01,4,1,1,200054781
200600064529,2006-10-10,2006,octobre,mardi,07:40,92,92025,0,0,2,1,3,2,1,3,2,02,1,1,0,80,2,0,1,4,1,17,2,2,2,1,0,7,2,200600064529B01,7,22,1,200054781
200600064560,2006-10-04,2006,octobre,mercredi,11:00,92,92040,0,0,2,6,1,1,1,3,2,02,1,1,0,100,1,0,1,4,1,25,9,2,2,0,2,1,5,200600064560B01,7,1,1,200054781
200600064571,2006-10-10,2006,octobre,mardi,05:35,92,92044,0,0,2,2,5,5,1,4,1,01,1,1,0,0,2,0,1,1,1,29,0,3,9,1,2,0,0,200600064571D01,10 / 30,0,3,200054781
200600064574,2006-10-25,2006,octobre,mercredi,12:35,92,92044,0,0,2,1,6,1,1,4,1,01,1,1,0,0,1,0,0,4,1,12,2,3,2,0,2,1,1,200600064574B01,7,0,1,200054781
200600064604,2006-10-03,2006,octobre,mardi,07:55,92,92051,0,0,2,1,1,1,3,4,2,02,1,1,0,140,2,0,1,3,1,44,1,2,9,0,2,1,3,200600064604A01,7,15,1,200054781
200600064617,2006-10-18,2006,octobre,mercredi,15:30,92,92063,0,0,2,3,3,1,1,3,2,02,2,1,0,0,1,0,0,4,1,11,5,3,9,0,2,1,19,200600064617A01,7,1,1,200054781
200600064628,2006-10-16,2006,octobre,lundi,13:40,92,92064,0,0,2,1,6,1,1,4,1,01,1,1,0,50,1,0,1,3,2,12,2,3,9,0,2,4,9,200600064628B01,7,1,1,200054781
200600064635,2006-10-07,2006,octobre,samedi,18:10,92,92022,0,0,2,1,2,1,1,3,2,02,2,1,15,90,1,0,1,3,1,50,5,2,2,0,2,1,1,200600064635A01,37,23,1,200054781
200600064710,2006-10-15,2006,octobre,dimanche,21:40,93,93008,0,0,2,6,6,5,1,4,1,02,1,1,100,100,1,0,1,4,1,37,0,3,9,0,2,2,2,200600064710V01,7,9,1,200054781
200600064732,2006-10-18,2006,octobre,mercredi,10:00,93,93029,0,0,2,1,3,2,1,3,2,02,1,1,0,200,1,0,1,4,1,26,5,3,9,0,2,1,1,200600064732B01,7,20,1,200054781
200600064750,2006-10-10,2006,octobre,mardi,14:00,93,93047,0,0,2,3,2,1,1,4,2,02,4,1,0,59,1,0,1,3,1,22,1,3,9,0,2,1,2,200600064750A01,7,1,1,200054781
200600064752,2006-10-18,2006,octobre,mercredi,08:00,93,93032,0,0,2,2,3,2,2,4,3,01,1,3,0,0,2,5,1,3,1,16,2,3,9,0,0,3,16,200600064752B01,7,15,1,200054781
200600064783,2006-10-20,2006,octobre,vendredi,12:25,93,93046,0,0,2,1,1,1,1,4,2,02,1,1,0,55,2,0,1,4,1,18,1,3,9,0,2,1,1,200600064783B01,7,13,1,200054781
200600064786,2006-10-23,2006,octobre,lundi,17:05,93,93046,0,0,2,1,7,1,2,2,3,04,1,1,10,120,2,0,1,4,1,17,0,2,2,12,0,1,0,200600064786A01,,,,200054781
200600064787,2006-10-23,2006,octobre,lundi,17:25,93,93046,0,0,2,1,3,1,2,2,2,04,1,1,10,120,2,0,1,4,1,12,2,3,9,0,2,2,19,200600064787A01,7,1,1,200054781
200600064800,2006-10-04,2006,octobre,mercredi,18:50,93,93050,0,0,2,1,1,1,2,4,2,01,1,1,0,230,2,0,1,3,1,11,5,3,9,0,2,3,19,200600064800A01,7,1,1,200054781
200600064803,2006-10-21,2006,octobre,samedi,08:25,93,93049,0,0,2,3,1,1,1,4,2,02,1,1,0,64,1,0,1,4,1,28,0,3,9,0,2,1,1,200600064803B01,7,0,1,200054781
200600064829,2006-10-09,2006,octobre,lundi,17:10,93,93062,0,0,2,9,3,1,8,4,2,02,2,1,15,100,1,0,0,4,2,13,0,2,9,0,2,1,19,200600064829A01,37,0,1,200054781
200600064861,2006-10-28,2006,octobre,samedi,16:20,93,93066,0,0,2,2,3,1,1,4,2,02,1,1,0,50,1,5,1,3,1,6,5,3,0,0,2,8,1,200600064861B01,7,1,1,200054781
200600064893,2006-10-12,2006,octobre,jeudi,08:10,93,93073,0,0,2,1,3,1,1,4,2,02,1,1,0,60,1,5,1,3,1,17,2,3,9,0,0,0,0,200600064893B01,7,0,1,200054781
200600064927,2006-10-20,2006,octobre,vendredi,16:20,94,94017,0,0,2,1,3,1,1,4,2,00,1,1,0,72,1,0,1,4,2,40,1,3,2,0,2,1,1,200600064927B01,7,15,1,200054781
200600064937,2006-10-04,2006,octobre,mercredi,14:10,94,94019,0,0,2,1,6,1,1,3,2,02,1,1,0,55,1,0,1,4,1,38,5,1,2,1,0,1,2,200600064937B01,7,24,1,200054781
200600064941,2006-10-14,2006,octobre,samedi,18:40,94,94055,0,0,2,3,3,1,1,4,2,02,1,1,0,60,1,0,1,4,2,12,9,3,9,0,0,1,1,200600064941B01,7,1,1,200054781
200600064953,2006-10-01,2006,octobre,dimanche,20:45,94,94028,0,0,2,2,3,2,1,3,2,02,1,1,0,60,-1,0,0,4,1,17,5,2,2,0,2,1,0,200600064953A01,7,0,1,200054781
200600064955,2006-10-02,2006,octobre,lundi,07:55,94,94028,0,0,2,1,6,1,1,4,3,04,1,1,10,120,1,0,1,4,1,50,5,1,2,0,2,1,16,200600064955A01,7,16,1,200054781
200600064963,2006-10-11,2006,octobre,mercredi,17:45,94,94011,0,0,2,1,3,1,1,3,3,02,-1,-1,0,60,-1,0,1,4,1,12,0,3,9,0,2,7,19,200600064963B01,33,2,1,200054781
200600064964,2006-10-12,2006,octobre,jeudi,08:15,94,94028,0,0,2,2,3,1,1,2,3,04,-1,-1,0,120,-1,0,1,4,1,13,0,3,9,0,2,1,19,200600064964B01,7,16,1,200054781
200600064971,2006-10-17,2006,octobre,mardi,09:15,94,94028,0,0,2,2,3,1,1,2,2,02,1,1,0,60,1,0,1,4,1,28,0,1,9,0,2,7,1,200600064971A01,7,2,1,200054781
200600064981,2006-10-28,2006,octobre,samedi,12:50,94,94028,0,0,2,2,3,1,1,4,2,04,-1,-1,60,120,-1,0,0,4,1,28,5,2,2,0,2,1,0,200600064981A01,7,0,1,200054781
200600065004,2006-10-06,2006,octobre,vendredi,09:00,94,94021,0,0,2,1,3,1,1,4,2,02,1,1,0,60,1,0,1,4,1,77,3,3,9,0,2,3,0,200600065004B01,7,2,1,200054781
200600065018,2006-10-19,2006,octobre,jeudi,09:20,94,94034,0,0,2,1,3,1,2,4,2,00,1,1,0,0,2,0,1,4,1,32,5,3,9,0,2,1,1,200600065018B01,7,20,1,200054781
200600065025,2006-10-16,2006,octobre,lundi,16:40,94,94041,0,0,2,1,3,1,1,4,-1,02,-1,-1,0,0,-1,0,1,4,1,66,0,2,2,0,2,8,0,200600065025B01,5,0,1,200054781
200600065031,2006-10-29,2006,octobre,dimanche,16:00,94,94041,0,0,2,1,3,1,1,2,-1,04,1,1,0,0,1,0,4,4,2,28,0,3,2,0,2,1,9,200600065031B01,7,1,1,200054781
200600065040,2006-10-10,2006,octobre,mardi,11:20,94,94046,0,0,2,1,6,1,2,4,2,01,1,1,0,725,2,0,1,4,1,15,2,3,9,0,2,1,0,200600065040B01,7,21,1,200054781
200600065050,2006-10-06,2006,octobre,vendredi,19:50,94,94052,0,0,2,1,1,5,3,4,2,00,2,1,0,121,2,0,1,3,1,21,5,1,2,0,2,3,9,200600065050B01,7,9,1,200054781
200600065053,2006-10-13,2006,octobre,vendredi,19:45,94,94015,0,0,2,1,2,5,1,4,2,00,2,2,0,62,1,0,1,4,1,50,9,1,2,0,2,1,1,200600065053B01,7,1,1,200054781
200600065103,2006-10-23,2006,octobre,lundi,18:05,94,94080,0,0,2,2,3,2,8,3,1,00,1,1,0,70,2,0,1,4,2,57,5,3,9,0,0,0,1,200600065103B01,7,16,1,200054781
200600065115,2006-10-09,2006,octobre,lundi,19:50,95,95018,0,0,2,1,3,5,2,3,2,04,1,1,0,150,2,2,1,3,1,27,1,3,9,0,2,4,12,200600065115B01,7,1,1,200054781
200600065129,2006-10-27,2006,octobre,vendredi,11:40,95,95582,0,0,2,1,7,1,1,4,2,02,1,1,0,50,1,0,1,3,1,17,5,2,2,0,0,0,1,200600065129A01,,,,200058485
200600065132,2006-10-25,2006,octobre,mercredi,08:45,95,95582,0,0,2,1,7,1,1,4,2,02,1,1,0,56,1,0,1,4,2,12,2,3,0,0,0,0,1,200600065132A01,,,,200058485
200600065139,2006-10-17,2006,octobre,mardi,21:45,95,95476,0,0,2,1,2,5,1,3,2,02,3,1,0,30,1,0,5,4,1,41,5,3,4,0,2,4,1,200600065139B01,7,2,1,249500109
200600065151,2006-10-06,2006,octobre,vendredi,12:15,95,95203,0,0,2,1,6,1,1,4,1,01,1,1,0,0,1,0,1,4,2,85,5,2,2,0,2,1,11,200600065151B01,7,2,1,200058485
200600065180,2006-10-20,2006,octobre,vendredi,13:35,95,95607,0,0,2,9,6,1,1,4,2,02,1,2,0,50,1,0,5,4,1,61,5,2,9,0,0,8,1,200600065180B01,7,1,1,200058485
200600065194,2006-10-25,2006,octobre,mercredi,12:40,69,69381,0,0,2,3,3,1,1,2,3,02,2,1,0,0,1,0,1,4,1,55,0,1,9,0,2,8,19,200600065194B01,33,1,1,200046977
200600065543,2006-10-04,2006,octobre,mercredi,12:55,69,69383,0,0,2,1,6,1,1,4,2,04,1,1,0,0,1,0,1,4,2,40,0,3,9,0,1,1,1,200600065543A01,,,,200046977
200600065544,2006-10-05,2006,octobre,jeudi,17:50,69,69383,0,0,2,1,6,1,1,4,2,06,1,1,0,0,1,0,4,1,1,13,5,3,9,0,1,1,1,200600065544A01,,,,200046977
200600065550,2006-10-10,2006,octobre,mardi,08:25,69,69383,0,0,2,1,6,1,1,4,1,01,1,1,0,0,1,0,1,4,1,40,1,2,2,0,1,1,1,200600065550A01,,,,200046977
200600065557,2006-10-04,2006,octobre,mercredi,16:20,69,69383,0,0,2,1,6,1,2,4,2,06,1,1,0,0,2,0,1,4,1,32,9,2,2,0,0,1,8,200600065557A01,,,,200046977
200600065571,2006-10-27,2006,octobre,vendredi,08:40,69,69383,0,0,2,1,3,1,1,4,1,01,1,1,0,0,1,0,1,4,2,32,1,3,9,0,2,1,1,200600065571B01,7,23,1,200046977
200600065579,2006-10-10,2006,octobre,mardi,07:20,69,69384,0,0,2,1,6,2,1,4,2,02,1,-1,0,40,1,0,4,1,1,30,0,3,2,0,1,1,14,200600065579A01,,,,200046977
200600065631,2006-10-27,2006,octobre,vendredi,12:40,69,69387,0,0,2,1,3,1,1,4,1,02,1,1,0,105,1,0,4,4,1,36,9,2,2,0,2,1,1,200600065631B01,7,1,1,200046977
200600065748,2006-10-16,2006,octobre,lundi,13:10,14,14220,0,0,2,6,3,1,1,3,-1,01,1,3,0,50,1,0,1,4,2,47,1,3,9,0,0,0,1,200600065748B01,7,12,1,241400415
200600065765,2006-11-18,2006,novembre,samedi,16:10,02,02691,0,0,2,1,7,1,1,4,2,02,1,1,0,75,1,0,1,4,1,15,5,3,9,0,0,1,1,200600065765B01,7,22,1,200071892
200600065780,2006-11-23,2006,novembre,jeudi,20:55,03,03185,0,0,2,2,3,5,2,4,2,02,1,-1,0,161,2,5,1,3,2,51,0,1,4,0,2,1,15,200600065780A01,7,1,1,200071082
200600065785,2006-11-03,2006,novembre,vendredi,14:00,03,03310,0,0,2,1,1,1,1,4,2,02,1,1,0,60,1,0,1,3,1,12,5,2,2,0,2,1,13,200600065785A01,7,1,1,200071363
200600065787,2006-11-12,2006,novembre,dimanche,16:10,03,03310,0,0,2,2,3,1,1,4,2,02,1,1,0,70,1,5,1,4,2,28,5,2,2,0,2,1,16,200600065787B01,7,15,1,200071363
200600065793,2006-11-27,2006,novembre,lundi,13:45,03,03023,0,0,2,1,3,1,1,2,2,02,1,1,0,107,1,0,1,3,1,71,5,2,9,0,2,1,1,200600065793B01,7,16,1,200071363
200600065835,2006-11-15,2006,novembre,mercredi,16:30,06,06027,0,0,2,3,3,1,1,4,1,01,1,1,0,0,1,0,1,4,1,11,5,3,9,0,2,1,1,200600065835B01,7,0,1,200030195
200600065867,2006-11-20,2006,novembre,lundi,08:10,06,06029,0,0,2,6,3,1,1,2,2,04,1,1,20,130,1,0,1,4,1,74,5,2,2,0,2,3,1,200600065867B01,7,16,1,200039915
200600065921,2006-11-06,2006,novembre,lundi,09:00,06,06088,0,0,2,1,3,1,1,4,2,02,1,2,0,152,1,0,1,4,2,66,5,3,2,0,2,0,16,200600065921B01,7,16,1,200030195
200600065933,2006-11-08,2006,novembre,mercredi,16:30,06,06088,0,0,2,1,3,1,1,4,3,06,1,1,0,0,1,0,1,4,1,68,5,3,2,0,2,4,11,200600065933A01,7,1,1,200030195
200600065952,2006-11-11,2006,novembre,samedi,05:30,06,06088,0,0,2,1,2,5,1,4,2,02,1,1,0,60,1,0,0,4,1,22,0,3,2,0,2,0,0,200600065952B01,7,0,1,200030195
200600065983,2006-11-17,2006,novembre,vendredi,18:05,06,06088,0,0,2,1,5,5,1,4,2,04,1,1,0,100,1,0,1,4,1,21,9,3,0,0,2,1,1,200600065983A01,2 / 37,1,2,200030195
200600065986,2006-11-18,2006,novembre,samedi,09:20,06,06088,0,0,2,1,6,1,1,4,1,00,1,1,0,0,1,2,1,4,1,72,5,3,2,0,2,4,1,200600065986B01,2,0,1,200030195
200600065986,2006-11-18,2006,novembre,samedi,09:20,06,06088,0,0,2,1,6,1,1,4,1,00,1,1,0,0,1,2,1,4,1,42,5,2,9,0,2,4,1,200600065986C01,2,0,1,200030195
200600066036,2006-11-27,2006,novembre,lundi,10:15,06,06088,0,0,2,2,3,1,1,2,2,03,1,1,0,100,1,0,1,4,1,64,5,2,2,0,2,1,1,200600066036A01,33,1,1,200030195
200600066043,2006-11-28,2006,novembre,mardi,14:45,06,06088,0,0,2,1,3,1,1,4,1,02,2,1,20,96,1,0,1,4,2,53,5,3,9,0,2,2,1,200600066043B01,7,9,1,200030195
200600066076,2006-11-07,2006,novembre,mardi,17:25,09,09225,0,0,2,1,3,1,1,4,2,02,1,1,0,68,1,0,1,3,1,12,2,1,2,0,2,0,2,200600066076B01,10,2,1,200066231
200600066087,2006-11-30,2006,novembre,jeudi,16:40,11,11262,0,0,2,2,3,1,1,4,2,02,1,2,0,69,1,0,1,4,1,58,1,3,0,0,2,1,1,200600066087B01,10,11,1,241100593
200600066101,2006-11-24,2006,novembre,vendredi,06:30,13,13001,0,0,2,3,1,2,1,4,1,01,2,3,0,50,1,0,1,3,1,37,1,3,2,0,2,1,5,200600066101A01,7,9,1,200054807
200600066106,2006-11-17,2006,novembre,vendredi,19:30,13,13004,0,0,2,2,3,5,3,4,2,02,1,-1,0,0,2,0,1,3,2,58,1,1,9,0,2,8,1,200600066106B01,7,15,1,241300417
200600066111,2006-11-30,2006,novembre,jeudi,18:50,13,13004,0,0,2,6,3,5,8,4,2,02,1,3,0,0,2,0,1,4,1,48,1,3,9,0,2,0,1,200600066111B01,7,0,1,241300417
200600066131,2006-11-11,2006,novembre,samedi,09:20,13,13043,0,0,2,3,3,1,1,4,2,02,1,1,42,129,1,0,1,4,1,60,5,1,2,0,2,6,1,200600066131A01,10,0,1,200054807
200600066148,2006-11-03,2006,novembre,vendredi,16:00,13,13055,0,0,2,1,1,1,1,4,2,02,1,1,0,88,1,0,1,3,1,10,0,3,0,0,2,0,5,200600066148A01,10,1,1,200054807
200600066156,2006-11-08,2006,novembre,mercredi,09:20,13,13055,0,0,2,1,3,1,1,4,2,02,1,1,0,87,-1,0,1,3,1,59,0,3,0,0,0,3,19,200600066156B01,33,17,1,200054807
200600066160,2006-11-03,2006,novembre,vendredi,06:25,13,13055,0,0,2,2,3,2,1,4,2,04,1,1,0,139,1,0,1,4,1,37,1,3,0,0,2,1,1,200600066160A01,7,1,1,200054807
200600066161,2006-11-04,2006,novembre,samedi,08:20,13,13055,0,0,2,6,3,1,1,4,1,01,1,-1,0,0,1,0,1,4,2,41,1,2,9,0,2,8,1,200600066161A01,34,1,1,200054807
200600066335,2006-11-23,2006,novembre,jeudi,16:35,13,13055,0,0,2,3,3,1,1,4,2,02,1,-1,0,25,1,0,0,4,1,51,0,1,9,0,2,1,9,200600066335A01,7,1,1,200054807
200600066394,2006-11-19,2006,novembre,dimanche,08:40,13,13071,0,0,1,1,3,1,1,4,1,00,1,2,0,0,1,5,1,4,1,39,0,2,2,0,2,0,1,200600066394B01,7,16,1,200054807
200600066408,2006-11-25,2006,novembre,samedi,13:35,14,14118,0,0,2,1,2,1,1,3,1,02,2,1,30,70,1,0,1,3,1,50,4,3,9,0,0,4,1,200600066408B01,7,1,1,200065597
200600066421,2006-11-06,2006,novembre,lundi,17:15,16,16015,0,0,2,2,6,1,1,4,2,02,2,1,0,80,1,0,1,4,1,19,5,1,4,0,2,1,1,200600066421B01,7,15,1,200071827
200600066430,2006-11-13,2006,novembre,lundi,12:10,17,17299,0,0,2,2,3,1,1,4,2,02,1,1,0,144,1,5,1,4,2,46,0,3,9,0,2,3,1,200600066430B01,7,1,1,200041762
200600066451,2006-11-17,2006,novembre,vendredi,16:35,17,17300,0,0,2,1,3,1,1,4,2,03,1,1,0,0,1,0,1,4,2,41,9,1,2,0,2,8,1,200600066451B01,7,15,1,241700434
200600066478,2006-11-08,2006,novembre,mercredi,07:50,17,17415,0,0,2,2,3,2,1,4,2,02,1,1,0,50,1,0,1,4,1,18,2,3,9,0,2,1,1,200600066478B01,7,15,1,200036473
200600066483,2006-11-22,2006,novembre,mercredi,07:35,17,17415,0,0,2,1,2,3,1,4,-1,02,2,1,0,60,2,0,1,4,1,20,0,3,4,0,0,4,2,200600066483B01,30,2,1,200036473
200600066518,2006-11-28,2006,novembre,mardi,17:50,21,21054,0,0,2,1,6,5,2,4,2,03,1,1,0,0,2,0,1,4,1,18,1,2,4,0,2,8,19,200600066518A01,7,1,1,200006682
200600066538,2006-11-24,2006,novembre,vendredi,11:04,21,21231,0,0,2,1,2,1,2,4,3,04,2,1,20,128,2,0,1,3,1,18,2,2,2,0,2,3,11,200600066538B01,7,1,1,242100410
200600066547,2006-11-14,2006,novembre,mardi,16:55,22,22113,0,0,2,5,2,1,1,3,-1,02,1,-1,0,0,1,5,1,3,1,85,5,3,4,0,2,4,2,200600066547B01,7,2,1,200065928
200600066583,2006-11-08,2006,novembre,mercredi,08:03,25,25056,0,0,2,6,3,1,1,4,2,02,1,1,0,0,1,3,1,4,1,19,2,2,2,0,2,1,1,200600066583B01,7,9,1,242500361
200600066602,2006-11-22,2006,novembre,mercredi,18:38,25,25056,0,0,1,1,3,5,1,4,2,02,1,1,0,88,1,0,1,4,1,15,5,2,9,0,2,8,13,200600066602B01,7,13,1,242500361
200600066612,2006-11-28,2006,novembre,mardi,11:29,25,25388,0,0,2,1,3,1,1,4,3,01,1,-1,0,25,1,0,1,4,1,62,5,2,2,0,2,9,2,200600066612B01,7,1,1,200065647
200600066669,2006-11-16,2006,novembre,jeudi,18:25,27,27681,0,0,2,9,6,2,1,4,2,02,1,1,0,52,1,0,1,4,1,18,5,3,2,0,2,1,1,200600066669B01,7,1,1,200072312
200600066673,2006-11-06,2006,novembre,lundi,08:25,27,27681,0,0,2,1,3,1,5,4,2,02,1,1,0,64,-1,0,1,3,1,15,2,2,2,0,2,7,19,200600066673B01,30,1,1,200072312
200600066674,2006-11-03,2006,novembre,vendredi,18:15,28,28085,0,0,2,1,3,1,1,4,-1,02,1,-1,0,78,1,0,0,4,1,54,0,1,4,0,2,0,0,200600066674B01,7,0,1,200033181
200600066755,2006-11-06,2006,novembre,lundi,11:40,30,30189,0,0,2,1,6,1,1,4,2,02,1,1,0,72,1,0,1,4,1,26,9,3,2,0,2,1,5,200600066755A01,7,1,1,243000643
200600066756,2006-11-06,2006,novembre,lundi,16:19,30,30189,0,0,2,2,3,1,1,4,-1,01,1,1,0,42,1,0,1,4,1,13,5,2,2,0,2,1,1,200600066756A01,32,1,1,243000643
200600066758,2006-11-07,2006,novembre,mardi,09:14,30,30189,0,0,2,6,3,1,1,3,2,02,1,1,0,70,1,0,1,4,1,69,9,3,2,0,2,7,1,200600066758B01,7,9,1,243000643
200600066815,2006-11-03,2006,novembre,vendredi,17:25,31,31555,0,0,2,1,6,1,1,4,2,04,1,1,0,136,1,0,1,1,1,38,5,3,9,0,1,1,1,200600066815A01,,,,243100518
200600066832,2006-11-09,2006,novembre,jeudi,17:25,31,31555,0,0,2,1,3,1,1,4,2,03,1,1,0,90,1,0,1,4,2,28,4,3,9,0,2,3,19,200600066832B01,7,1,1,243100518
200600066834,2006-11-09,2006,novembre,jeudi,08:40,31,31555,0,0,2,1,3,1,1,4,2,02,1,1,0,60,1,0,1,4,1,14,2,3,2,0,2,1,5,200600066834B01,10,9,1,243100518
200600066836,2006-11-10,2006,novembre,vendredi,07:21,31,31555,0,0,2,1,2,5,1,4,2,03,1,1,0,112,1,0,1,1,2,43,9,3,9,0,2,4,2,200600066836B01,32,2,1,243100518
200600066852,2006-11-14,2006,novembre,mardi,12:15,31,31555,0,0,2,1,6,1,1,4,2,04,1,1,0,135,1,0,1,1,1,18,9,3,9,0,1,0,11,200600066852A01,,,,243100518
200600066870,2006-11-17,2006,novembre,vendredi,15:38,31,31555,0,0,2,1,3,1,1,4,2,02,1,1,0,70,1,0,1,4,1,36,9,3,9,0,2,1,9,200600066870A01,37,7,1,243100518
200600066879,2006-11-20,2006,novembre,lundi,10:25,31,31555,0,0,2,1,3,1,1,4,2,02,1,1,0,100,1,0,1,4,1,18,9,3,2,0,2,2,17,200600066879B01,10,23,1,243100518
200600066919,2006-11-10,2006,novembre,vendredi,15:40,31,31557,0,0,2,6,3,1,1,4,2,02,1,1,72,149,1,5,1,3,1,61,5,2,2,0,2,7,19,200600066919A01,7,1,1,243100518
200600066920,2006-11-15,2006,novembre,mercredi,17:40,31,31557,0,0,2,1,3,5,1,3,3,02,1,1,18,78,1,0,5,3,1,12,5,2,4,12,2,7,19,200600066920B01,33,1,1,243100518
200600066926,2006-11-01,2006,novembre,mercredi,16:00,33,33529,0,0,1,1,1,1,1,4,3,02,1,1,0,49,1,0,1,4,2,24,5,3,9,0,2,1,19,200600066926B01,7,1,1,243300563
200600066931,2006-11-01,2006,novembre,mercredi,00:05,33,33318,0,0,2,3,3,5,1,4,2,01,1,1,0,40,1,0,5,4,2,21,5,3,2,0,2,1,1,200600066931B01,33,1,1,243300316
200600066938,2006-11-02,2006,novembre,jeudi,08:55,33,33318,0,0,2,3,3,1,1,4,2,03,1,1,0,90,1,0,1,4,1,57,5,3,2,0,2,0,1,200600066938B01,7,15,1,243300316
200600066946,2006-11-06,2006,novembre,lundi,14:00,33,33063,0,0,2,1,6,1,1,4,2,01,1,2,0,0,1,0,1,4,1,16,0,3,2,0,2,1,19,200600066946B01,7,1,1,243300316
200600066976,2006-11-15,2006,novembre,mercredi,19:15,33,33063,0,0,2,2,3,5,1,4,1,01,1,1,0,48,1,0,1,4,1,21,0,2,4,0,2,0,1,200600066976B01,7,15,1,243300316
200600066982,2006-11-14,2006,novembre,mardi,17:15,33,33281,0,0,2,6,3,2,1,4,2,02,1,1,15,145,1,0,1,3,2,24,0,3,2,1,2,7,19,200600066982B01,7,16,1,243300316
200600066988,2006-11-20,2006,novembre,lundi,07:40,33,33063,0,0,2,2,3,1,1,4,1,01,1,1,0,0,1,0,1,1,1,24,0,3,2,0,0,1,1,200600066988A01,2,1,1,243300316
200600066990,2006-11-16,2006,novembre,jeudi,08:05,33,33281,0,0,2,2,3,1,2,4,2,02,1,2,0,70,2,0,1,4,2,16,2,3,2,0,2,1,15,200600066990B01,10,17,1,243300316
200600066991,2006-11-15,2006,novembre,mercredi,18:25,33,33281,0,0,2,1,1,5,1,4,2,02,1,1,0,68,1,0,1,4,1,9,0,2,4,0,2,1,19,200600066991A01,7,1,1,243300316
200600066998,2006-11-17,2006,novembre,vendredi,18:00,33,33281,0,0,2,1,3,5,1,4,4,01,1,1,0,50,1,0,1,4,2,46,0,1,4,0,0,8,1,200600066998B01,7,14,1,243300316
200600067015,2006-11-27,2006,novembre,lundi,07:40,33,33063,0,0,2,1,3,2,1,4,2,03,1,1,0,100,1,0,1,4,2,10,2,3,2,0,2,4,13,200600067015A01,38,1,1,243300316
200600067017,2006-11-28,2006,novembre,mardi,10:45,33,33063,0,0,2,1,3,1,1,4,2,02,1,1,0,75,1,0,1,4,1,20,0,3,2,1,0,1,1,200600067017B01,7,22,1,243300316
200600067018,2006-11-27,2006,novembre,lundi,12:30,33,33063,0,0,2,1,3,1,1,4,2,02,1,1,0,0,1,0,1,4,2,32,0,3,2,14,0,1,1,200600067018B01,7,22,1,243300316
200600067020,2006-11-22,2006,novembre,mercredi,06:55,33,33281,0,0,2,2,3,5,2,4,2,02,1,1,0,0,2,0,1,3,1,43,1,3,2,0,2,1,16,200600067020B01,7,15,1,243300316
200600067024,2006-11-26,2006,novembre,dimanche,10:45,33,33281,0,0,2,1,3,1,1,4,2,02,2,1,0,62,1,0,1,4,1,68,9,3,2,0,0,3,1,200600067024B01,7,15,1,243300316
200600067029,2006-11-30,2006,novembre,jeudi,08:40,33,33063,0,0,2,2,3,1,1,4,1,01,1,1,0,51,1,0,1,4,2,14,9,3,2,0,2,1,1,200600067029A01,7,1,1,243300316
200600067036,2006-11-28,2006,novembre,mardi,19:30,33,33318,0,0,2,1,6,4,2,4,2,02,2,1,0,24,2,0,5,3,1,58,0,3,2,0,1,1,1,200600067036A01,,,,243300316
200600067087,2006-11-06,2006,novembre,lundi,16:16,34,34172,0,0,2,2,3,1,1,4,2,02,1,1,0,68,1,0,5,3,1,68,5,3,2,0,4,3,0,200600067087A01,19,0,1,243400017
200600067109,2006-11-20,2006,novembre,lundi,10:00,34,34172,0,0,2,2,3,1,1,4,2,02,2,3,30,60,1,0,1,4,1,17,2,3,9,0,2,2,15,200600067109A01,33,16,1,243400017
200600067119,2006-11-23,2006,novembre,jeudi,08:51,34,34172,0,0,2,2,3,1,1,4,1,01,1,1,0,60,2,0,1,4,1,45,4,3,4,0,2,8,1,200600067119B01,7,1,1,243400017
200600067151,2006-11-08,2006,novembre,mercredi,18:00,35,35238,0,0,2,6,3,2,1,4,1,02,1,3,0,0,1,5,1,4,1,59,5,3,9,0,0,0,0,200600067151B01,7,0,1,243500139
200600067164,2006-11-16,2006,novembre,jeudi,08:00,35,35238,0,0,2,1,3,2,1,4,-1,00,-1,-1,0,0,1,5,1,4,1,26,0,3,9,0,2,0,0,200600067164A01,7,0,1,243500139
200600067166,2006-11-16,2006,novembre,jeudi,12:25,35,35238,0,0,2,3,3,1,2,4,2,03,1,1,0,90,2,0,1,4,1,44,1,3,9,0,2,1,23,200600067166B01,7,15,1,243500139
200600067168,2006-11-17,2006,novembre,vendredi,01:15,35,35238,0,0,2,2,3,5,1,4,2,02,1,1,0,73,1,0,1,4,1,21,5,3,9,0,2,1,19,200600067168B01,7,18,1,243500139
200600067187,2006-11-21,2006,novembre,mardi,20:30,35,35238,0,0,2,1,6,5,1,4,2,02,1,1,0,0,2,0,1,1,1,31,1,3,9,0,1,1,1,200600067187A01,,,,243500139
200600067196,2006-11-27,2006,novembre,lundi,15:55,35,35238,0,0,2,6,3,1,1,4,2,02,2,-1,0,0,1,5,1,3,1,19,5,3,9,0,2,7,1,200600067196B01,7,9,1,243500139
200600067200,2006-11-29,2006,novembre,mercredi,13:20,35,35238,0,0,2,3,3,1,1,4,3,01,2,1,0,30,1,0,1,4,2,22,0,3,9,0,2,1,1,200600067200B01,7,16,1,243500139