Num_Acc,date,an,mois,jour,hrmn,dep,com,lat,long,agg,int,col,lum,atm,catr,circ,nbv,prof,plan,lartpc,larrout,surf,infra,situ,grav,sexe,age,trajet,secuexist,equipement,obs,obsm,choc,manv,vehiculeid,typevehicules,manoeuvehicules,numVehicules,_infos_commune.code_epci
200600067219,2006-11-30,2006,novembre,jeudi,18:05,36,36044,0,0,2,1,7,2,1,4,1,02,1,1,0,140,1,0,1,4,1,56,4,3,9,0,0,0,1,200600067219A01,,,,243600327
200600067246,2006-11-06,2006,novembre,lundi,14:40,38,38185,0,0,2,1,6,1,1,4,2,02,1,1,0,106,1,0,1,3,1,59,0,3,9,1,0,1,1,200600067246B01,7,22,1,200040715
200600067270,2006-11-21,2006,novembre,mardi,07:30,38,38185,0,0,2,1,6,2,2,4,2,03,1,1,0,140,2,0,1,4,1,58,0,3,9,0,2,3,19,200600067270A01,37,1,1,200040715
200600067275,2006-11-22,2006,novembre,mercredi,09:50,38,38185,0,0,2,2,1,1,1,3,1,03,1,1,0,90,-1,0,0,4,2,32,1,3,9,0,2,1,1,200600067275B01,31,5,1,200040715
200600067277,2006-11-23,2006,novembre,jeudi,14:10,38,38185,0,0,2,1,3,1,1,3,-1,00,1,1,0,0,1,0,0,2,1,50,0,3,9,0,4,1,16,200600067277B01,40,1,1,200040715
200600067280,2006-11-28,2006,novembre,mardi,08:30,38,38185,0,0,2,3,3,1,1,4,2,02,1,1,0,60,-1,0,1,4,2,31,0,3,9,0,2,1,1,200600067280B01,7,15,1,200040715
200600067282,2006-11-28,2006,novembre,mardi,10:00,38,38185,0,0,2,1,6,1,1,4,2,02,1,1,0,70,1,0,5,4,2,27,0,3,9,0,2,1,1,200600067282A01,7,15,1,200040715
200600067326,2006-11-19,2006,novembre,dimanche,09:20,42,42316,0,0,2,1,1,1,1,4,2,02,2,-1,0,77,1,0,1,4,1,50,5,1,2,0,2,1,1,200600067326B01,10,15,1,244200770
200600067330,2006-11-09,2006,novembre,jeudi,08:10,42,42187,0,0,2,1,2,1,1,4,2,02,-1,1,0,68,1,0,1,4,1,16,1,3,9,0,2,4,16,200600067330A01,7,1,1,200035731
200600067334,2006-11-22,2006,novembre,mercredi,15:25,42,42071,0,0,2,2,3,1,1,4,2,02,1,1,0,60,1,0,1,4,1,14,5,1,4,0,2,1,15,200600067334A01,7,1,1,200035731
200600067382,2006-11-03,2006,novembre,vendredi,12:20,44,44143,0,0,2,1,6,1,1,4,3,02,1,1,0,0,1,0,1,4,1,30,1,3,9,0,2,1,1,200600067382B01,7,14,1,244400404
200600067397,2006-11-08,2006,novembre,mercredi,13:45,44,44162,0,0,2,3,3,1,1,4,1,01,1,2,0,0,1,0,1,4,1,72,5,3,9,0,2,2,1,200600067397B01,7,9,1,244400404
200600067402,2006-11-15,2006,novembre,mercredi,19:10,44,44109,0,0,2,1,6,5,1,4,2,02,1,3,0,0,1,0,1,4,1,51,1,1,4,0,2,5,1,200600067402B01,7,1,1,244400404
200600067425,2006-11-27,2006,novembre,lundi,14:20,44,44109,0,0,2,6,3,1,1,4,3,04,1,3,40,130,1,0,1,4,1,56,1,3,2,0,2,0,1,200600067425B01,7,1,1,244400404
200600067457,2006-11-12,2006,novembre,dimanche,08:45,45,45234,0,0,2,1,2,1,1,4,2,02,1,3,0,60,1,0,1,4,1,56,5,1,2,0,0,1,1,200600067457B01,7,4,1,244500468
200600067458,2006-11-14,2006,novembre,mardi,08:00,45,45286,0,0,2,3,3,1,2,3,2,02,1,1,0,60,2,0,1,3,2,12,2,1,4,0,2,1,19,200600067458A01,33,1,1,244500468
200600067460,2006-11-17,2006,novembre,vendredi,08:35,45,45234,0,0,2,1,3,1,1,4,2,04,1,1,0,75,1,0,1,4,2,56,1,1,4,0,2,1,1,200600067460B01,7,1,1,244500468
200600067475,2006-11-27,2006,novembre,lundi,13:10,45,45284,0,0,2,1,2,1,1,4,2,02,1,1,0,68,1,0,1,4,1,16,0,1,4,1,0,1,16,200600067475B01,14,23,1,244500468
200600067478,2006-11-29,2006,novembre,mercredi,07:50,45,45285,0,0,2,1,3,1,1,4,2,02,1,1,0,69,1,0,1,4,1,15,2,1,4,0,2,8,15,200600067478B01,33,17,1,244500468
200600067479,2006-11-30,2006,novembre,jeudi,06:55,45,45234,0,0,2,2,3,5,9,4,2,02,1,1,0,60,1,0,1,4,1,55,9,1,4,0,2,8,1,200600067479B01,7,1,1,244500468
200600067481,2006-11-27,2006,novembre,lundi,07:50,45,45234,0,0,2,1,6,2,1,4,2,02,1,1,0,40,1,4,1,3,1,16,1,1,4,0,4,1,1,200600067481A01,40,1,1,244500468
200600067483,2006-11-08,2006,novembre,mercredi,10:23,47,47001,0,0,2,1,6,1,1,4,1,01,1,1,0,37,-1,0,1,1,1,18,5,3,2,0,1,0,5,200600067483A01,,,,200096956
200600067498,2006-11-01,2006,novembre,mercredi,11:40,49,49007,0,0,2,3,3,1,1,4,2,02,1,1,16,72,1,5,1,4,1,20,0,3,9,0,2,1,2,200600067498B01,7,16,1,244900015
200600067502,2006-11-03,2006,novembre,vendredi,17:15,49,49007,0,0,2,1,3,1,1,4,2,02,1,1,0,71,1,0,1,4,1,9,0,3,9,0,2,1,19,200600067502A01,7,1,1,244900015
200600067505,2006-11-06,2006,novembre,lundi,12:12,49,49007,0,0,2,1,6,1,1,4,2,02,1,1,0,80,1,0,1,4,1,25,0,3,9,1,0,1,1,200600067505B01,7,22,1,244900015
200600067512,2006-11-08,2006,novembre,mercredi,08:00,49,49353,0,0,2,6,6,1,1,4,1,02,1,2,0,60,1,5,1,4,1,52,0,3,9,0,2,0,2,200600067512B01,7,2,1,244900015
200600067513,2006-11-08,2006,novembre,mercredi,15:02,49,49007,0,0,2,1,3,1,1,4,2,02,1,1,0,90,1,0,1,4,2,42,0,3,9,0,2,0,13,200600067513A01,7,1,1,244900015
200600067515,2006-11-10,2006,novembre,vendredi,16:37,49,49007,0,0,2,1,3,1,1,4,2,04,1,1,0,90,1,5,1,4,1,37,4,1,2,0,2,3,1,200600067515B01,7,16,1,244900015
200600067533,2006-11-21,2006,novembre,mardi,17:16,49,49007,0,0,2,1,6,2,8,4,-1,01,1,1,0,60,2,0,1,4,2,19,0,3,9,1,0,1,1,200600067533B01,10,22,1,244900015
200600067546,2006-11-27,2006,novembre,lundi,16:14,49,49007,0,0,2,5,3,1,1,4,3,04,-1,1,0,160,1,5,1,4,2,34,1,3,9,0,2,1,1,200600067546B01,7,15,1,244900015
200600067547,2006-11-28,2006,novembre,mardi,06:55,49,49015,0,0,2,2,3,5,2,4,2,02,1,1,0,85,2,5,1,4,2,57,0,3,9,0,2,1,1,200600067547B01,7,15,1,244900015
200600067588,2006-11-08,2006,novembre,mercredi,08:45,51,51108,0,0,2,2,6,1,1,4,2,02,1,1,0,60,1,0,1,3,1,48,5,3,9,0,2,7,0,200600067588B01,10,1,1,200066876
200600067594,2006-11-01,2006,novembre,mercredi,09:00,51,51058,0,0,2,3,3,1,1,3,2,30,2,3,18,120,1,5,1,4,1,35,5,1,2,0,2,1,1,200600067594B01,7,15,1,200067213
200600067604,2006-11-14,2006,novembre,mardi,07:35,51,51454,0,0,2,3,3,1,2,4,1,02,1,1,0,70,2,0,1,3,1,15,1,1,9,0,2,1,5,200600067604A01,7,1,1,200067213
200600067628,2006-11-10,2006,novembre,vendredi,13:15,52,52121,0,0,2,1,6,1,1,4,2,02,1,1,0,45,1,0,1,4,1,11,5,2,2,0,2,7,19,200600067628B01,7,1,1,200068658
200600067629,2006-11-20,2006,novembre,lundi,18:00,52,52121,0,0,2,1,2,5,2,4,2,02,1,1,0,53,2,0,1,4,1,43,1,2,2,0,2,4,1,200600067629B01,30,1,1,200068658
200600067637,2006-11-08,2006,novembre,mercredi,16:30,52,52448,0,0,2,1,7,1,1,4,2,02,1,1,0,0,1,0,1,4,1,7,5,3,4,0,0,0,0,200600067637A01,,,,200068666
200600067638,2006-11-11,2006,novembre,samedi,16:50,52,52448,0,0,2,1,7,1,1,4,-1,02,1,1,0,0,1,0,1,4,1,13,5,2,9,0,0,0,1,200600067638A01,,,,200068666
200600067642,2006-11-22,2006,novembre,mercredi,14:10,52,52448,0,0,2,3,3,1,1,4,3,04,1,1,0,0,1,0,1,4,1,71,5,2,2,0,2,7,15,200600067642A01,7,1,1,200068666
200600067657,2006-11-02,2006,novembre,jeudi,13:00,54,54300,0,0,2,1,6,1,1,4,2,02,1,1,0,0,1,0,1,4,1,22,1,2,2,0,2,1,1,200600067657B01,7,12,1,245400676
200600067689,2006-11-24,2006,novembre,vendredi,10:05,54,54395,0,0,2,1,6,1,1,4,1,02,1,1,0,70,1,0,1,4,1,17,5,3,9,0,2,8,1,200600067689A01,7,1,1,245400676
200600067720,2006-11-08,2006,novembre,mercredi,17:56,56,56107,0,0,2,1,7,2,1,9,2,02,1,3,0,0,1,0,1,4,1,53,0,3,9,0,0,7,1,200600067720A01,,,,200042174
200600067725,2006-11-13,2006,novembre,lundi,14:00,56,56121,0,0,2,1,6,1,2,9,2,02,1,1,0,0,2,0,4,1,2,,4,3,9,0,1,1,1,200600067725A01,,,,200042174
200600067757,2006-11-18,2006,novembre,samedi,12:06,56,56260,0,0,2,6,3,1,8,4,2,02,1,1,0,0,1,0,1,4,2,23,0,3,9,0,2,0,9,200600067757B01,7,9,1,200067932
200600067761,2006-11-07,2006,novembre,mardi,07:50,57,57660,0,0,2,2,6,2,5,4,2,02,2,1,0,60,1,0,1,4,1,17,0,1,4,0,2,0,1,200600067761B01,7,15,1,245700372
200600067786,2006-11-15,2006,novembre,mercredi,13:45,57,57631,0,0,2,2,6,1,1,3,2,02,1,2,0,40,2,5,1,4,1,50,1,1,2,0,2,1,1,200600067786B01,7,1,1,200070746
200600067811,2006-11-14,2006,novembre,mardi,14:10,58,58194,0,0,2,1,3,1,1,4,2,02,1,1,0,90,1,0,1,3,1,37,3,3,9,0,9,1,17,200600067811B01,7,24,1,245804406
200600067819,2006-11-28,2006,novembre,mardi,18:20,58,58194,0,0,2,1,3,5,2,4,2,02,1,1,0,85,2,0,1,4,1,22,1,3,9,1,0,2,1,200600067819B01,7,22,1,245804406
200600067831,2006-11-14,2006,novembre,mardi,13:30,59,59361,0,0,2,3,3,1,1,4,2,02,1,1,0,60,1,0,1,1,1,18,4,3,0,0,2,8,16,200600067831A01,38,1,1,200042190
200600067836,2006-11-04,2006,novembre,samedi,18:50,59,59183,0,0,2,1,1,5,1,9,2,02,1,1,10,72,1,0,5,4,1,58,5,3,9,0,2,1,1,200600067836B01,2,1,1,245900428
200600067840,2006-11-13,2006,novembre,lundi,12:10,59,59183,0,0,2,3,3,1,1,4,1,01,1,1,0,61,1,0,1,4,2,12,2,1,9,0,2,2,15,200600067840B01,7,0,1,245900428
200600067842,2006-11-15,2006,novembre,mercredi,11:50,59,59540,0,0,2,1,6,1,1,4,2,03,1,1,0,125,1,0,1,3,2,68,5,1,2,0,2,3,1,200600067842B01,7,0,1,
200600067851,2006-11-28,2006,novembre,mardi,17:30,59,59271,0,0,2,1,3,4,2,4,2,02,1,1,0,86,2,0,1,4,1,24,1,3,9,0,2,4,0,200600067851B01,7,23,1,245900428
200600067899,2006-11-17,2006,novembre,vendredi,19:10,59,59328,0,0,2,1,3,5,1,4,2,03,1,1,0,150,1,2,1,4,2,45,9,3,2,0,2,7,19,200600067899A01,7,1,1,200093201
200600067907,2006-11-21,2006,novembre,mardi,12:26,59,59350,0,0,2,1,3,1,7,4,1,01,1,3,0,40,1,3,1,4,1,14,5,3,4,0,2,1,1,200600067907B01,7,1,1,200093201
200600067924,2006-11-25,2006,novembre,samedi,11:35,59,59360,0,0,2,2,3,1,1,4,2,02,1,-1,0,60,2,0,1,4,1,43,9,3,4,0,2,1,0,200600067924B01,7,0,1,200093201
200600067949,2006-11-17,2006,novembre,vendredi,08:10,59,59512,0,0,2,2,3,1,1,4,2,02,1,1,0,0,2,0,1,3,1,44,5,3,2,0,2,1,1,200600067949B01,7,1,1,200093201
200600067973,2006-11-29,2006,novembre,mercredi,18:10,59,59646,0,0,2,2,3,5,1,4,2,02,1,1,0,0,1,0,1,3,1,10,5,3,2,0,2,4,1,200600067973B01,7,1,1,200093201
200600067979,2006-11-03,2006,novembre,vendredi,19:15,59,59090,0,0,2,1,2,5,2,4,2,02,2,1,0,70,2,0,1,3,1,19,5,1,4,0,2,4,1,200600067979B01,7,1,1,200093201
200600067983,2006-11-08,2006,novembre,mercredi,19:20,59,59599,0,0,2,2,1,5,2,4,3,00,1,1,0,58,2,5,1,3,1,43,5,3,9,0,2,7,1,200600067983B01,7,1,1,200093201
200600067991,2006-11-23,2006,novembre,jeudi,17:45,59,59599,0,0,2,2,6,5,2,4,3,04,1,1,0,0,2,0,1,3,1,13,0,2,4,0,2,7,1,200600067991B01,7,1,1,200093201
200600068002,2006-11-06,2006,novembre,lundi,23:55,59,59606,0,0,2,2,6,5,1,4,2,02,1,1,0,60,1,0,1,3,2,19,1,1,2,0,2,8,1,200600068002A01,7,1,1,245901160
200600068013,2006-11-29,2006,novembre,mercredi,19:20,59,59459,0,0,2,2,3,5,1,4,2,02,1,2,0,720,2,0,1,3,1,20,0,3,2,0,2,1,1,200600068013B01,7,1,1,245901160
200600068022,2006-11-14,2006,novembre,mardi,01:00,60,60159,0,0,2,9,2,5,1,4,2,02,1,1,11,79,1,0,1,3,1,17,0,3,9,0,0,4,0,200600068022A01,99,0,1,200067965
200600068032,2006-11-21,2006,novembre,mardi,19:30,62,62037,0,0,2,6,3,5,8,3,2,02,1,1,0,50,2,0,1,3,1,55,1,1,9,0,2,7,1,200600068032B01,7,9,1,200033579
200600068062,2006-11-09,2006,novembre,jeudi,07:02,62,62249,0,0,2,1,3,1,1,4,2,02,1,1,0,0,1,0,1,4,1,47,1,1,4,0,2,0,0,200600068062B01,7,0,1,246200299
200600068065,2006-11-26,2006,novembre,dimanche,13:10,62,62587,0,0,2,3,3,1,1,4,2,02,1,1,0,76,1,0,1,4,1,14,5,2,4,0,2,1,19,200600068065A01,7,1,1,246200299
200600068145,2006-11-23,2006,novembre,jeudi,12:00,63,63113,0,0,2,3,3,1,1,4,2,02,1,1,0,60,1,0,1,4,1,18,5,3,9,0,2,8,1,200600068145A01,7,1,1,246300701
200600068149,2006-11-27,2006,novembre,lundi,11:10,63,63113,0,0,2,9,6,1,1,4,2,01,1,1,0,0,1,0,1,4,1,31,0,3,2,0,0,0,0,200600068149B01,7,15,1,246300701
200600068163,2006-11-06,2006,novembre,lundi,16:50,64,64024,0,0,2,6,3,1,1,4,1,01,1,2,0,60,1,5,1,4,1,59,5,2,2,0,2,4,1,200600068163B01,7,1,1,200067106
200600068164,2006-11-06,2006,novembre,lundi,17:15,64,64102,0,0,2,3,3,1,1,4,2,02,1,1,0,60,1,0,1,4,2,16,9,3,4,0,2,1,1,200600068164B01,7,9,1,200067106
200600068166,2006-11-07,2006,novembre,mardi,09:30,64,64024,0,0,2,1,3,1,1,3,2,02,1,1,0,60,1,0,1,4,2,40,0,3,9,0,2,1,18,200600068166A01,10,13,1,200067106
200600068171,2006-11-13,2006,novembre,lundi,13:50,64,64102,0,0,2,1,3,1,1,2,1,02,1,1,66,60,1,0,1,3,1,29,9,3,9,0,2,4,13,200600068171B01,7,1,1,200067106
200600068190,2006-11-05,2006,novembre,dimanche,17:10,64,64132,0,0,2,1,6,1,1,3,1,01,1,2,0,83,1,5,1,3,2,53,5,3,9,0,2,4,1,200600068190B01,7,1,1,200067254
200600068209,2006-11-17,2006,novembre,vendredi,13:40,64,64129,0,0,2,6,3,1,1,4,2,02,1,2,0,0,1,0,1,4,1,13,0,1,9,0,2,1,9,200600068209B01,7,9,1,200067254
200600068211,2006-11-23,2006,novembre,jeudi,07:55,64,64445,0,0,2,1,3,1,1,4,3,03,1,1,0,0,1,0,1,4,2,49,1,3,9,0,2,1,1,200600068211B01,10,19,1,200067254
200600068212,2006-11-23,2006,novembre,jeudi,16:30,64,64348,0,0,2,3,3,1,1,4,2,02,1,1,0,66,1,0,1,4,1,24,5,3,9,0,2,1,1,200600068212B01,7,15,1,200067254
200600068218,2006-11-29,2006,novembre,mercredi,09:15,64,64445,0,0,2,6,3,1,1,2,1,03,1,2,0,90,2,0,1,4,2,21,1,2,9,0,2,1,1,200600068218A01,7,1,1,200067254
200600068219,2006-11-28,2006,novembre,mardi,09:54,64,64237,0,0,1,1,1,1,1,4,2,02,2,2,0,36,1,0,1,4,1,20,2,2,2,0,2,1,1,200600068219A01,7,1,1,200067254
200600068221,2006-11-28,2006,novembre,mardi,13:30,64,64445,0,0,2,2,3,1,1,4,2,02,1,1,0,183,1,0,1,4,1,20,2,3,9,0,2,1,1,200600068221B01,7,16,1,200067254
200600068222,2006-11-29,2006,novembre,mercredi,09:10,64,64335,0,0,2,1,3,1,1,4,2,02,1,2,0,0,1,0,1,4,1,17,2,3,9,0,2,1,1,200600068222B01,7,15,1,200067254
200600068223,2006-11-29,2006,novembre,mercredi,18:17,64,64445,0,0,2,1,3,5,1,2,2,03,1,-1,0,132,1,0,1,3,1,56,0,3,9,0,2,1,1,200600068223B01,7,15,1,200067254
200600068224,2006-11-30,2006,novembre,jeudi,17:10,64,64445,0,0,2,3,3,5,1,4,2,02,1,1,0,56,1,0,1,4,2,21,1,3,0,0,2,7,1,200600068224B01,33,15,1,200067254
200600068247,2006-11-08,2006,novembre,mercredi,14:30,65,65440,0,0,2,1,3,1,1,4,1,01,1,1,0,78,1,0,1,4,2,51,0,3,2,1,0,1,1,200600068247B01,7,24,1,200069300
200600068249,2006-11-14,2006,novembre,mardi,08:05,65,65440,0,0,2,2,1,1,1,4,1,01,1,1,0,75,1,0,1,3,2,19,0,3,0,0,2,1,5,200600068249A01,7,1,1,200069300
200600068251,2006-11-15,2006,novembre,mercredi,11:05,65,65047,0,0,2,1,3,1,1,4,2,00,1,1,0,67,1,0,1,3,1,11,0,3,2,0,2,8,1,200600068251B01,7,1,1,200069300
200600068260,2006-11-27,2006,novembre,lundi,20:12,65,65440,0,0,2,1,3,5,1,4,2,02,1,1,0,85,1,0,1,4,1,18,0,3,4,1,0,1,1,200600068260A01,7,22,1,200069300
200600068280,2006-11-07,2006,novembre,mardi,08:21,67,67482,0,0,2,3,3,1,5,4,1,01,1,1,58,42,1,0,1,4,2,39,1,1,4,0,2,1,5,200600068280A01,7,15,1,246700488
200600068281,2006-11-07,2006,novembre,mardi,17:50,67,67447,0,0,2,2,3,5,1,4,2,02,1,1,0,55,1,0,1,4,1,16,0,1,4,0,2,1,9,200600068281B01,7,1,1,246700488
200600068283,2006-11-10,2006,novembre,vendredi,18:35,67,67482,0,0,2,1,3,5,1,4,2,02,1,1,0,150,1,0,1,4,1,18,0,3,2,0,2,7,19,200600068283A01,7,1,1,246700488
200600068296,2006-11-21,2006,novembre,mardi,07:00,67,67218,0,0,2,9,6,2,1,4,1,01,1,1,0,71,-1,0,0,4,1,31,1,3,9,0,2,0,1,200600068296B01,2,5,1,246700488
200600068297,2006-11-21,2006,novembre,mardi,11:25,67,67482,0,0,2,3,3,1,3,4,2,03,1,1,0,90,2,5,1,3,2,20,0,3,9,0,2,9,0,200600068297B01,14,16,1,246700488
200600068302,2006-11-25,2006,novembre,samedi,13:50,67,67482,0,0,2,1,2,1,1,4,2,02,1,1,0,124,1,0,1,4,1,28,5,1,9,0,2,1,1,200600068302A01,7,23,1,246700488
200600068303,2006-11-25,2006,novembre,samedi,14:24,67,67482,0,0,2,2,3,1,1,4,2,02,1,1,0,153,1,0,0,3,1,72,5,3,4,0,2,1,19,200600068303B01,38,16,1,246700488
200600068313,2006-11-15,2006,novembre,mercredi,11:45,68,68066,0,0,2,2,3,1,1,4,1,03,1,1,0,88,1,0,1,4,2,26,5,2,4,0,2,3,1,200600068313B01,7,4,1,246800726
200600068315,2006-11-28,2006,novembre,mardi,07:00,68,68066,0,0,2,1,6,5,5,3,3,02,1,1,0,80,1,0,1,1,1,22,1,3,4,0,1,1,1,200600068315A01,,,,246800726
200600068320,2006-11-06,2006,novembre,lundi,08:05,68,68224,0,0,2,3,3,1,1,4,2,02,2,1,26,120,1,0,1,4,1,24,0,2,2,0,2,7,1,200600068320B01,10,15,1,200066009
200600068332,2006-11-07,2006,novembre,mardi,13:45,69,69029,0,0,2,1,3,1,1,4,1,01,1,3,15,30,1,3,1,4,2,19,5,3,2,0,2,1,19,200600068332B01,7,1,1,200046977
200600068364,2006-11-13,2006,novembre,lundi,18:31,69,69266,0,0,2,3,3,5,2,4,2,04,1,1,0,100,2,0,1,3,1,15,5,2,2,0,2,1,5,200600068364B01,10,1,1,200046977
200600068366,2006-11-13,2006,novembre,lundi,12:00,69,69266,0,0,2,1,6,1,8,4,2,01,1,1,0,80,1,0,1,4,2,29,5,1,9,0,2,3,1,200600068366B01,7,1,1,200046977
200600068371,2006-11-29,2006,novembre,mercredi,15:55,69,69266,0,0,2,1,6,1,1,4,2,02,1,1,0,69,1,0,1,4,2,57,0,1,9,0,2,0,1,200600068371B01,7,14,1,200046977
200600068395,2006-11-27,2006,novembre,lundi,16:15,71,71105,0,0,1,1,3,1,1,4,2,02,1,1,0,60,1,0,1,3,1,82,5,3,9,0,0,3,1,200600068395B01,7,15,1,200070308
200600068442,2006-11-11,2006,novembre,samedi,17:00,74,74010,0,0,2,1,3,1,1,4,2,02,1,-1,0,0,1,0,1,4,1,8,9,3,9,0,0,3,1,200600068442B01,7,1,1,200066793
200600068443,2006-11-17,2006,novembre,vendredi,17:28,74,74010,0,0,2,3,3,5,2,4,2,04,1,1,0,0,2,0,1,4,1,15,9,3,9,0,2,1,15,200600068443A01,7,1,1,200066793
200600068454,2006-11-20,2006,novembre,lundi,07:15,74,74298,0,0,2,1,3,2,1,4,2,02,1,1,0,60,1,0,1,3,1,28,1,2,2,0,2,8,1,200600068454B01,7,17,1,200011773
200600068467,2006-11-01,2006,novembre,mercredi,11:45,75,75016,0,0,2,1,7,1,1,4,2,04,1,1,0,120,1,0,1,3,1,71,5,1,2,0,0,0,1,200600068467A01,,,,
200600068468,2006-11-02,2006,novembre,jeudi,09:25,75,75015,0,0,2,1,3,1,1,4,2,04,1,1,0,120,1,0,1,3,2,53,1,1,2,0,2,6,15,200600068468A01,7,1,1,
200600068473,2006-11-04,2006,novembre,samedi,00:45,75,75010,0,0,2,1,6,5,1,4,2,04,1,1,0,120,1,0,1,4,1,27,5,3,0,1,2,5,12,200600068473A01,7,1,1,
200600068479,2006-11-07,2006,novembre,mardi,18:00,75,75015,0,0,2,1,3,5,1,4,2,04,1,1,0,120,1,0,1,4,2,55,5,3,0,0,2,3,1,200600068479B01,10,22,1,
200600068480,2006-11-08,2006,novembre,mercredi,14:40,75,75013,0,0,2,3,6,1,1,4,1,01,1,1,0,30,1,0,1,1,1,18,5,3,0,0,1,1,1,200600068480A01,,,,
200600068489,2006-11-11,2006,novembre,samedi,16:40,75,75015,0,0,2,1,3,1,1,4,2,02,1,1,0,60,1,0,1,4,2,59,5,3,0,0,2,5,1,200600068489B01,7,22,1,
200600068502,2006-11-16,2006,novembre,jeudi,20:45,75,75008,0,0,2,2,3,5,2,4,1,01,1,1,0,30,2,0,1,4,2,24,4,1,2,0,2,2,1,200600068502A01,7,7,1,
200600068517,2006-11-02,2006,novembre,jeudi,02:20,75,75013,0,0,2,3,3,5,1,4,2,03,1,1,0,90,1,0,1,4,1,35,5,3,0,0,2,2,19,200600068517A01,7,1,1,
200600068530,2006-11-03,2006,novembre,vendredi,17:00,75,75011,0,0,2,3,3,1,1,4,2,02,1,1,0,60,1,0,1,4,2,24,5,3,0,0,2,2,1,200600068530B01,7,22,1,
200600068584,2006-11-06,2006,novembre,lundi,11:55,75,75004,0,0,2,1,3,1,1,4,1,02,1,1,0,60,1,0,1,4,1,27,4,3,0,0,2,2,9,200600068584A01,5,1,1,
200600068628,2006-11-08,2006,novembre,mercredi,04:50,75,75010,0,0,2,1,3,5,1,4,2,04,1,1,0,120,1,0,1,4,1,51,4,3,0,0,2,3,18,200600068628B01,7,22,1,
200600068647,2006-11-08,2006,novembre,mercredi,10:45,75,75019,0,0,2,1,3,1,1,4,1,02,1,1,0,60,1,0,1,1,1,24,5,3,0,0,2,2,1,200600068647B01,10,22,1,
200600068647,2006-11-08,2006,novembre,mercredi,10:45,75,75019,0,0,2,1,3,1,1,4,1,02,1,1,0,60,1,0,1,4,2,2,0,3,0,0,2,2,1,200600068647B01,10,22,1,
200600068662,2006-11-09,2006,novembre,jeudi,17:10,75,75014,0,0,2,2,3,1,1,4,2,04,1,1,0,120,1,0,1,4,2,53,5,3,0,0,2,3,19,200600068662A01,7,15,1,
200600068682,2006-11-10,2006,novembre,vendredi,07:35,75,75010,0,0,2,1,6,1,1,4,1,02,1,1,0,60,1,0,1,4,2,57,4,3,0,0,1,1,1,200600068682A01,,,,
200600068706,2006-11-11,2006,novembre,samedi,22:10,75,75013,0,0,2,1,7,5,8,4,2,03,1,1,0,90,2,0,1,4,1,36,5,3,0,0,0,0,1,200600068706A01,,,,
200600068715,2006-11-12,2006,novembre,dimanche,22:50,75,75011,0,0,2,2,3,5,2,4,2,04,1,1,0,120,2,0,1,4,1,37,5,3,0,0,2,2,1,200600068715A01,4,1,1,
200600068728,2006-11-13,2006,novembre,lundi,19:00,75,75006,0,0,2,1,7,5,2,4,2,04,1,1,0,120,2,0,1,4,2,24,1,3,0,0,0,0,1,200600068728A01,,,,
200600068749,2006-11-14,2006,novembre,mardi,10:45,75,75006,0,0,2,1,3,1,1,4,2,03,1,1,0,90,1,0,1,4,1,51,5,3,0,0,2,3,18,200600068749A01,7,1,1,
200600068751,2006-11-14,2006,novembre,mardi,09:15,75,75008,0,0,2,2,3,1,1,4,2,04,1,1,0,120,1,2,1,4,1,30,4,3,0,0,2,1,19,200600068751B01,7,16,1,
200600068764,2006-11-15,2006,novembre,mercredi,19:48,75,75008,0,0,2,1,3,1,1,4,2,02,1,1,0,60,1,0,1,4,1,38,4,3,0,0,2,2,1,200600068764B01,7,11,1,
200600068770,2006-11-29,2006,novembre,mercredi,12:45,75,75018,0,0,2,1,3,1,1,4,2,02,1,1,0,60,1,0,1,3,2,31,3,3,0,0,2,2,16,200600068770A01,7,1,1,
200600068779,2006-11-16,2006,novembre,jeudi,15:15,75,75001,0,0,2,1,6,1,2,4,2,04,1,1,0,120,2,0,1,1,1,31,5,3,0,0,1,1,1,200600068779A01,,,,
200600068795,2006-11-16,2006,novembre,jeudi,09:55,75,75015,0,0,2,2,7,1,2,4,2,02,1,1,0,60,2,0,1,4,2,64,5,3,0,0,0,0,21,200600068795A01,,,,
200600068824,2006-11-20,2006,novembre,lundi,12:05,75,75013,0,0,2,2,3,1,2,4,2,04,1,1,0,120,2,0,1,4,1,43,5,3,0,0,2,1,1,200600068824A01,7,1,1,
200600068836,2006-11-10,2006,novembre,vendredi,18:30,75,75012,0,0,2,3,3,5,1,4,2,04,1,1,0,120,1,0,1,4,1,22,5,3,0,0,2,2,1,200600068836A01,7,15,1,
200600068850,2006-11-14,2006,novembre,mardi,08:45,75,75010,0,0,2,1,3,1,1,4,1,03,1,1,0,90,2,0,1,4,1,40,5,3,0,0,2,3,7,200600068850B01,7,9,1,
200600068856,2006-11-16,2006,novembre,jeudi,08:50,75,75009,0,0,2,1,3,1,2,4,1,02,1,1,0,60,2,0,1,4,2,18,5,3,0,0,2,3,13,200600068856B01,14,7,1,
200600068888,2006-11-18,2006,novembre,samedi,12:20,75,75005,0,0,2,1,4,1,1,4,1,02,1,1,0,60,1,0,1,4,1,34,5,3,0,0,2,1,1,200600068888B01,7,22 / 1,2,
200600068900,2006-11-18,2006,novembre,samedi,12:50,75,75020,0,0,2,1,3,1,1,4,2,02,1,1,0,60,1,0,1,4,2,26,5,3,0,0,2,3,1,200600068900B01,18,17,1,
200600068914,2006-11-20,2006,novembre,lundi,17:10,75,75006,0,0,2,2,3,5,2,4,1,01,1,1,0,30,2,0,1,4,2,48,5,3,0,0,2,1,1,200600068914B01,7,10,1,