Num_Acc,date,an,mois,jour,hrmn,dep,com,lat,long,agg,int,col,lum,atm,catr,circ,nbv,prof,plan,lartpc,larrout,surf,infra,situ,grav,sexe,age,trajet,secuexist,equipement,obs,obsm,choc,manv,vehiculeid,typevehicules,manoeuvehicules,numVehicules,_infos_commune.code_epci
200600068923,2006-11-20,2006,novembre,lundi,14:50,75,75013,0,0,2,1,3,1,2,4,2,04,1,1,0,120,2,0,1,4,1,53,5,3,0,0,2,1,1,200600068923B01,7,9,1,
200600068943,2006-11-21,2006,novembre,mardi,08:50,75,75012,0,0,2,1,6,1,1,4,1,01,1,1,0,30,1,0,1,1,1,39,1,3,0,0,1,1,1,200600068943A01,,,,
200600068946,2006-11-21,2006,novembre,mardi,13:00,75,75015,0,0,2,1,3,1,1,4,2,02,1,1,0,120,1,0,1,4,2,31,1,3,0,0,2,1,1,200600068946B01,7,22,1,
200600068953,2006-11-21,2006,novembre,mardi,12:15,75,75017,0,0,2,1,3,1,1,4,2,02,1,1,0,60,1,0,1,4,2,46,1,1,2,0,2,1,1,200600068953B01,10,22,1,
200600068954,2006-11-21,2006,novembre,mardi,08:32,75,75018,0,0,2,1,3,1,1,4,2,02,1,1,0,60,2,0,1,4,1,35,4,3,0,0,2,1,1,200600068954B01,7,9,1,
200600068959,2006-11-22,2006,novembre,mercredi,18:55,75,75003,0,0,2,1,3,5,2,4,2,04,1,1,0,120,2,0,1,4,1,51,5,3,0,0,2,1,13,200600068959A01,7,1,1,
200600068967,2006-11-22,2006,novembre,mercredi,16:30,75,75011,0,0,2,1,3,1,1,4,1,01,1,1,0,30,1,0,1,4,1,34,5,3,0,0,2,3,9,200600068967A01,5,1,1,
200600068969,2006-11-22,2006,novembre,mercredi,14:50,75,75011,0,0,2,2,2,1,1,4,1,01,1,1,0,30,1,0,1,4,1,19,5,3,0,0,2,1,1,200600068969A01,7,23,1,
200600068970,2006-11-22,2006,novembre,mercredi,12:15,75,75011,0,0,2,1,3,1,1,4,3,02,1,1,0,60,1,0,1,4,2,29,5,3,0,0,2,1,1,200600068970B01,7,22,1,
200600068992,2006-11-23,2006,novembre,jeudi,20:10,75,75011,0,0,2,1,3,5,1,4,1,01,1,1,0,30,2,0,1,4,2,37,5,3,0,0,2,3,18,200600068992A01,5,1,1,
200600069000,2006-11-23,2006,novembre,jeudi,17:30,75,75015,0,0,2,1,1,2,2,4,2,03,1,1,0,90,2,0,1,4,2,58,5,3,0,0,2,3,17,200600069000A01,14,1,1,
200600069032,2006-11-24,2006,novembre,vendredi,17:25,75,75014,0,0,2,2,3,1,2,4,2,02,1,1,0,60,2,0,1,4,2,14,5,3,0,0,2,1,7,200600069032A01,1,15,1,
200600069032,2006-11-24,2006,novembre,vendredi,17:25,75,75014,0,0,2,2,3,1,2,4,2,02,1,1,0,60,2,0,1,1,1,49,4,3,0,0,2,5,15,200600069032B01,1,7,1,
200600069063,2006-11-19,2006,novembre,dimanche,19:50,75,75009,0,0,2,1,3,5,1,4,1,01,1,1,0,30,1,0,1,4,1,33,5,3,0,0,2,1,1,200600069063B01,7,22,1,
200600069076,2006-11-25,2006,novembre,samedi,08:20,75,75007,0,0,2,2,2,1,1,4,2,04,1,1,0,120,1,0,1,1,1,18,5,3,0,0,2,4,15,200600069076A01,4,1,1,
200600069079,2006-11-25,2006,novembre,samedi,17:05,75,75011,0,0,2,1,1,5,2,4,2,02,1,1,0,60,2,0,1,4,2,35,5,3,0,0,2,1,17,200600069079A01,5,1,1,
200600069085,2006-11-25,2006,novembre,samedi,13:45,75,75017,0,0,2,5,6,1,1,4,1,02,1,1,0,60,1,0,1,1,1,17,5,3,0,0,1,1,15,200600069085A01,,,,
200600069100,2006-11-26,2006,novembre,dimanche,11:00,75,75016,0,0,2,1,7,1,1,4,2,02,1,1,0,60,1,0,1,4,2,25,5,3,0,0,0,0,1,200600069100A01,,,,
200600069108,2006-11-27,2006,novembre,lundi,19:45,75,75009,0,0,2,1,3,5,1,4,1,02,1,1,0,60,1,0,1,4,2,33,1,3,0,0,2,2,14,200600069108B01,18,13,1,
200600069110,2006-11-27,2006,novembre,lundi,17:00,75,75011,0,0,2,2,3,5,1,4,1,02,1,1,0,60,1,0,1,4,2,37,9,3,0,0,2,3,1,200600069110B01,7,0,1,
200600069115,2006-11-27,2006,novembre,lundi,18:00,75,75013,0,0,2,1,3,5,1,4,2,04,1,1,0,120,1,0,1,4,1,34,5,3,0,0,2,2,12,200600069115A01,2,18,1,
200600069136,2006-11-28,2006,novembre,mardi,09:10,75,75009,0,0,2,2,3,1,1,4,1,02,1,1,0,60,1,0,1,4,2,34,4,3,0,0,2,2,1,200600069136B01,4,11,1,
200600069138,2006-11-28,2006,novembre,mardi,14:55,75,75010,0,0,2,3,3,1,2,4,2,04,1,1,0,120,2,0,1,4,1,28,5,3,0,0,2,3,16,200600069138A01,7,1,1,
200600069181,2006-11-30,2006,novembre,jeudi,09:10,75,75004,0,0,2,3,3,1,1,4,1,03,1,1,0,90,1,0,1,4,1,43,4,3,0,0,2,2,1,200600069181A01,13,1,1,
200600069187,2006-11-30,2006,novembre,jeudi,19:50,75,75012,0,0,2,3,3,5,1,4,1,03,1,1,0,90,1,0,1,4,1,26,5,3,0,0,2,1,1,200600069187B01,7,1,1,
200600069193,2006-11-30,2006,novembre,jeudi,19:05,75,75015,0,0,2,1,6,5,1,4,1,01,1,1,0,30,1,0,1,4,1,20,4,3,0,0,1,1,5,200600069193A01,,,,
200600069232,2006-11-02,2006,novembre,jeudi,11:15,76,76561,0,0,2,1,2,1,1,3,2,04,2,1,0,120,1,2,1,2,1,79,5,3,9,0,2,0,1,200600069232B01,7,17,1,200023414
200600069248,2006-11-16,2006,novembre,jeudi,08:20,76,76447,0,0,2,1,3,1,1,4,3,03,1,1,0,127,1,5,1,3,2,50,1,2,2,0,2,8,19,200600069248A01,7,1,1,200084952
200600069256,2006-11-04,2006,novembre,samedi,13:40,76,76322,0,0,2,1,6,1,1,4,2,04,2,1,0,100,1,0,1,4,1,18,5,3,9,0,2,2,19,200600069256B01,7,0,1,200023414
200600069324,2006-11-25,2006,novembre,samedi,12:35,77,77186,0,0,2,1,6,1,2,9,2,01,1,1,0,58,2,0,1,3,1,76,5,2,9,1,0,1,17,200600069324B01,7,22,1,200072346
200600069329,2006-11-08,2006,novembre,mercredi,20:45,77,77284,0,0,2,1,1,5,1,4,2,02,1,1,0,60,1,0,1,4,1,43,5,3,2,0,2,1,1,200600069329B01,7,13,1,200072130
200600069332,2006-11-16,2006,novembre,jeudi,13:10,77,77284,0,0,2,1,2,1,1,4,2,02,1,1,0,60,1,0,1,4,1,17,5,3,2,0,2,1,2,200600069332A01,7,23,1,200072130
200600069335,2006-11-18,2006,novembre,samedi,13:00,77,77284,0,0,2,1,3,1,1,4,3,04,1,1,10,120,1,0,1,4,1,33,5,3,9,0,2,1,1,200600069335B01,7,9,1,200072130
200600069348,2006-11-19,2006,novembre,dimanche,15:00,77,77288,0,0,2,3,2,1,1,4,2,03,1,1,0,106,1,5,1,3,1,19,5,2,9,0,2,1,2,200600069348B01,7,2,1,247700057
200600069365,2006-11-09,2006,novembre,jeudi,08:30,77,77048,0,0,2,3,3,1,1,3,2,02,1,3,0,62,1,0,1,3,1,62,5,3,4,0,2,3,1,200600069365B01,99,1,1,200072346
200600069417,2006-11-06,2006,novembre,lundi,07:20,78,78165,0,0,2,6,3,5,1,4,2,01,1,1,0,82,1,0,1,4,2,29,1,3,9,0,2,1,2,200600069417B01,7,2,1,200058782
200600069435,2006-11-29,2006,novembre,mercredi,14:55,78,78498,0,0,2,1,1,1,1,4,1,02,4,1,0,50,1,0,1,3,1,21,5,3,2,1,0,1,1,200600069435B01,7,24,1,200059889
200600069477,2006-11-01,2006,novembre,mercredi,14:15,78,78158,0,0,2,2,6,1,1,3,2,02,1,1,0,68,1,0,1,3,1,19,5,2,2,0,2,1,1,200600069477A01,7,19,1,247800584
200600069478,2006-11-06,2006,novembre,lundi,12:25,78,78646,0,0,2,6,3,1,1,2,2,02,1,1,0,80,1,0,1,4,2,16,2,2,2,0,2,6,1,200600069478B01,7,1,1,247800584
200600069487,2006-11-24,2006,novembre,vendredi,08:30,78,78646,0,0,2,1,6,1,8,4,2,02,3,3,0,80,1,0,1,4,1,73,4,2,2,0,2,2,1,200600069487B01,18,20,1,247800584
200600069504,2006-11-05,2006,novembre,dimanche,08:35,80,80021,0,0,2,1,1,1,1,4,1,02,1,1,0,60,1,0,1,4,1,28,5,1,2,0,2,1,1,200600069504A01,7,1,1,248000531
200600069509,2006-11-07,2006,novembre,mardi,07:45,80,80021,0,0,2,1,3,2,1,4,2,02,1,1,0,60,1,0,1,4,1,12,5,3,9,0,2,1,1,200600069509A01,7,9,1,248000531
200600069511,2006-11-09,2006,novembre,jeudi,16:35,80,80021,0,0,2,1,2,1,1,4,2,02,1,1,0,60,1,0,1,4,1,68,5,3,9,0,2,4,15,200600069511B01,7,1,1,248000531
200600069512,2006-11-09,2006,novembre,jeudi,07:30,80,80021,0,0,2,1,1,2,8,4,2,02,1,1,0,60,2,0,1,3,1,12,2,3,4,0,2,1,1,200600069512A01,7,1,1,248000531
200600069517,2006-11-10,2006,novembre,vendredi,07:50,80,80021,0,0,2,1,3,5,1,4,2,05,1,1,0,150,1,0,1,4,1,16,1,3,9,0,2,1,18,200600069517A01,7,1,1,248000531
200600069524,2006-11-13,2006,novembre,lundi,09:45,80,80021,0,0,2,1,3,1,1,4,1,01,1,1,0,50,1,0,1,4,1,11,5,3,9,1,0,1,1,200600069524B01,7,22,1,248000531
200600069529,2006-11-20,2006,novembre,lundi,13:00,80,80131,0,0,2,1,3,1,2,4,2,02,1,1,0,60,2,0,1,4,1,8,5,3,9,0,2,1,9,200600069529B01,7,1,1,248000531
200600069551,2006-11-15,2006,novembre,mercredi,11:30,81,81065,0,0,2,1,3,1,1,2,1,03,1,1,0,90,1,0,1,4,1,85,3,2,4,0,2,8,19,200600069551A01,7,1,1,248100430
200600069578,2006-11-28,2006,novembre,mardi,17:16,83,83061,0,0,2,1,2,5,1,4,2,02,1,1,0,75,1,0,1,3,2,56,5,1,9,0,0,4,2,200600069578B01,7,2,1,200035319
200600069591,2006-11-27,2006,novembre,lundi,18:20,83,83126,0,0,2,2,3,5,1,3,2,02,1,1,0,0,1,0,1,3,1,18,5,2,2,0,2,1,1,200600069591A01,7,1,1,248300543
200600069614,2006-11-07,2006,novembre,mardi,13:00,83,83137,0,0,2,1,2,1,1,4,1,02,1,1,20,80,1,0,1,3,1,25,5,2,2,0,2,6,2,200600069614A01,7,23,1,248300543
200600069629,2006-11-25,2006,novembre,samedi,13:20,83,83090,0,0,1,1,2,1,1,3,3,03,1,3,10,100,1,0,1,4,1,86,5,3,9,0,2,4,12,200600069629A01,7,1,1,248300543
200600069634,2006-11-02,2006,novembre,jeudi,11:15,84,84007,0,0,2,1,3,1,1,4,2,02,1,1,0,90,1,0,1,3,1,13,5,2,9,0,2,1,1,200600069634B01,7,13,1,248400251
200600069651,2006-11-16,2006,novembre,jeudi,09:05,84,84007,0,0,2,1,3,1,1,4,-1,03,1,-1,0,80,1,0,1,4,1,38,4,2,2,0,2,4,2,200600069651B01,34,2,1,248400251
200600069669,2006-11-28,2006,novembre,mardi,10:50,84,84007,0,0,2,6,3,1,1,3,2,02,1,3,0,100,1,5,1,4,2,61,5,2,9,0,2,1,1,200600069669B01,10,14,1,248400251
200600069683,2006-11-27,2006,novembre,lundi,13:05,84,84087,0,0,2,2,6,1,1,4,1,01,1,1,0,40,1,0,1,4,1,11,2,2,2,0,2,1,1,200600069683B01,7,1,1,248400236
200600069688,2006-11-24,2006,novembre,vendredi,12:00,85,85191,0,0,2,6,3,1,2,4,1,01,1,2,0,60,2,5,1,4,2,20,3,1,2,0,0,7,1,200600069688B01,7,9,1,248500589
200600069697,2006-11-02,2006,novembre,jeudi,13:40,86,86194,0,0,2,2,3,1,1,4,3,06,1,1,80,220,1,5,1,4,2,57,1,3,9,0,0,0,1,200600069697B01,10,16,1,200069854
200600069703,2006-11-12,2006,novembre,dimanche,15:35,86,86194,0,0,2,1,3,1,1,4,3,02,1,1,27,120,1,0,1,3,1,16,5,2,9,0,2,1,19,200600069703A01,7,1,1,200069854
200600069706,2006-11-20,2006,novembre,lundi,08:20,86,86194,0,0,2,3,3,1,8,4,1,01,2,2,0,410,1,0,0,4,1,17,2,3,9,0,2,1,1,200600069706B01,7,15,1,200069854
200600069746,2006-11-17,2006,novembre,vendredi,08:10,87,87085,0,0,2,1,6,1,2,4,2,02,-1,3,0,60,2,0,0,4,1,32,1,2,9,0,0,0,1,200600069746A01,,,,248719312
200600069775,2006-11-15,2006,novembre,mercredi,10:10,88,88209,0,0,2,3,3,1,7,3,2,02,2,1,0,76,1,0,1,2,2,75,5,2,2,0,2,1,1,200600069775B01,17,15,1,200068757
200600069797,2006-11-04,2006,novembre,samedi,15:15,90,90010,0,0,2,1,2,1,1,3,2,02,1,1,0,0,1,0,1,4,1,15,5,2,9,0,2,1,2,200600069797A01,7,2,1,200069052
200600069799,2006-11-16,2006,novembre,jeudi,11:35,90,90075,0,0,2,1,6,1,1,4,-1,02,1,1,0,0,1,0,4,4,1,19,0,2,9,0,1,1,0,200600069799A01,,,,200069052
200600069808,2006-11-23,2006,novembre,jeudi,08:30,90,90010,0,0,2,2,3,1,2,2,2,03,4,1,0,100,2,0,1,4,2,45,2,3,9,0,0,7,1,200600069808B01,10,11,1,200069052
200600069919,2006-11-30,2006,novembre,jeudi,18:30,91,91570,0,0,2,9,7,5,1,4,2,02,2,1,0,0,1,0,1,1,1,15,9,3,9,0,1,1,1,200600069919A01,,,,200057859
200600069920,2006-11-01,2006,novembre,mercredi,10:15,91,91589,0,0,2,5,3,1,1,2,2,02,1,1,0,98,1,0,1,4,2,39,5,1,4,0,2,1,1,200600069920A01,7,1,1,200054781
200600069932,2006-11-28,2006,novembre,mardi,10:30,92,92002,0,0,2,2,6,1,1,2,2,02,1,1,0,0,1,0,1,4,2,59,5,2,2,0,2,8,19,200600069932B01,7,1,1,200054781
200600069954,2006-11-08,2006,novembre,mercredi,13:20,92,92012,0,0,2,1,6,1,1,3,2,02,1,1,17,66,1,0,1,4,2,26,4,2,9,0,2,1,2,200600069954B01,7,2,1,200054781
200600069999,2006-11-24,2006,novembre,vendredi,19:25,92,92025,0,0,2,1,2,5,2,3,1,01,1,1,0,50,2,0,1,4,1,15,9,3,2,0,2,1,2,200600069999A01,7,4,1,200054781
200600070016,2006-11-06,2006,novembre,lundi,14:05,92,92036,0,0,2,1,2,1,1,3,1,02,1,1,0,60,1,0,1,4,1,35,5,2,2,0,0,4,12,200600070016B01,10,11,1,200054781
200600070033,2006-11-07,2006,novembre,mardi,14:10,92,92044,0,0,2,1,6,1,1,4,2,02,1,1,0,0,1,0,1,4,1,66,0,3,2,1,0,1,1,200600070033B01,7,22,1,200054781
200600070038,2006-11-27,2006,novembre,lundi,15:45,92,92044,0,0,2,3,3,1,1,4,1,00,1,1,0,0,1,0,0,4,2,40,1,3,9,0,2,1,1,200600070038B01,7,1,1,200054781
200600070082,2006-11-24,2006,novembre,vendredi,17:30,92,92062,0,0,2,2,3,5,2,4,2,02,1,1,0,80,2,0,1,4,1,48,0,2,9,0,2,3,0,200600070082A01,7,1,1,200054781
200600070103,2006-11-01,2006,novembre,mercredi,12:10,92,92022,0,0,2,4,3,1,1,3,3,05,1,1,0,180,1,0,1,4,1,56,5,2,2,0,2,1,1,200600070103A01,7,1,1,200054781
200600070105,2006-11-10,2006,novembre,vendredi,17:50,92,92072,0,0,2,1,6,5,1,4,1,01,2,1,0,52,1,0,4,4,1,13,5,2,2,0,1,1,1,200600070105A01,,,,200054781
200600070124,2006-11-22,2006,novembre,mercredi,08:00,92,92075,0,0,2,3,6,1,1,4,2,02,1,1,0,60,1,0,1,1,1,17,2,3,9,0,1,1,1,200600070124A01,,,,200054781
200600070136,2006-11-15,2006,novembre,mercredi,18:55,93,93001,0,0,2,1,3,5,1,4,2,04,1,1,0,100,1,0,1,4,2,27,5,2,4,0,0,8,2,200600070136B01,7,12,1,200054781
200600070169,2006-11-02,2006,novembre,jeudi,11:20,93,93027,0,0,2,1,3,1,1,2,1,02,1,1,120,120,1,0,1,3,1,14,0,2,9,14,0,0,0,200600070169A01,32,0,1,200054781
200600070172,2006-11-27,2006,novembre,lundi,22:45,93,93030,0,0,2,1,6,5,1,2,1,02,2,1,0,30,1,5,1,4,1,23,5,3,9,0,2,0,2,200600070172B01,7,2,1,200054781
200600070175,2006-11-06,2006,novembre,lundi,18:30,93,93029,0,0,2,2,2,5,1,3,2,02,1,-1,0,200,1,5,1,4,1,83,5,3,9,0,2,1,1,200600070175B01,7,16,1,200054781
200600070184,2006-11-23,2006,novembre,jeudi,18:15,93,93029,0,0,2,1,3,5,3,3,2,02,1,1,0,200,2,0,1,4,1,26,5,3,9,0,2,1,1,200600070184B01,7,22,1,200054781
200600070188,2006-11-05,2006,novembre,dimanche,12:30,93,93031,0,0,2,1,3,1,1,4,-1,00,1,-1,18,62,1,0,0,4,1,60,0,3,9,0,0,1,0,200600070188B01,7,0,1,200054781
200600070217,2006-11-16,2006,novembre,jeudi,09:55,93,93046,0,0,2,2,3,1,2,2,2,00,1,1,10,70,2,0,0,2,2,40,9,3,9,0,2,6,1,200600070217B01,14,16,1,200054781
200600070230,2006-11-15,2006,novembre,mercredi,18:30,93,93048,0,0,2,1,1,5,1,4,1,01,1,-1,0,30,1,0,4,4,1,16,5,3,9,0,2,7,5,200600070230A01,7,20,1,200054781
200600070234,2006-11-30,2006,novembre,jeudi,06:40,93,93048,0,0,2,2,3,5,1,3,2,02,1,1,0,100,1,0,1,4,2,22,0,2,2,0,0,1,1,200600070234B01,7,16,1,200054781
200600070258,2006-11-13,2006,novembre,lundi,05:00,93,93053,0,0,2,2,1,5,1,3,2,01,2,-1,0,80,-1,0,1,4,1,37,0,2,2,0,2,1,0,200600070258B01,7,1,1,200054781
200600070321,2006-11-02,2006,novembre,jeudi,09:10,93,93078,0,0,2,1,3,1,1,4,2,02,1,1,0,80,1,0,1,3,2,29,1,3,9,0,0,1,2,200600070321B01,7,15,1,200054781
200600070326,2006-11-21,2006,novembre,mardi,19:27,93,93078,0,0,2,1,3,5,2,3,2,02,1,1,0,70,2,0,1,3,1,23,0,1,9,0,2,1,1,200600070326A01,7,9,1,200054781
200600070372,2006-11-26,2006,novembre,dimanche,09:20,94,94018,0,0,2,1,7,1,1,4,2,02,1,1,0,65,1,0,1,3,1,69,5,1,2,1,2,1,13,200600070372B01,7,4,1,200054781
200600070387,2006-11-01,2006,novembre,mercredi,14:10,94,94028,0,0,2,1,3,1,1,3,2,02,-1,-1,0,60,-1,0,1,4,1,12,0,2,2,0,2,8,19,200600070387A01,7,1,1,200054781
200600070390,2006-11-04,2006,novembre,samedi,18:10,94,94011,0,0,2,1,6,3,1,9,1,01,-1,-1,0,30,-1,0,1,1,1,30,0,1,2,0,1,1,1,200600070390A01,,,,200054781
200600070400,2006-11-22,2006,novembre,mercredi,16:25,94,94028,0,0,2,1,6,1,1,4,-1,02,1,1,30,60,-1,0,1,4,1,56,0,2,9,0,2,2,9,200600070400A01,7,1,1,200054781
200600070454,2006-11-21,2006,novembre,mardi,18:20,94,94065,0,0,2,1,5,5,2,4,1,00,1,1,0,0,2,0,1,4,1,39,5,3,9,0,2,8,1,200600070454B01,99,1,1,200054781
200600070454,2006-11-21,2006,novembre,mardi,18:20,94,94065,0,0,2,1,5,5,2,4,1,00,1,1,0,0,2,0,1,4,1,59,5,3,9,0,2,9,1,200600070454C01,99,1,1,200054781
200600070456,2006-11-29,2006,novembre,mercredi,08:50,94,94021,0,0,2,9,2,1,1,2,-1,04,1,1,0,0,1,0,1,4,1,66,0,3,9,0,2,8,14,200600070456B01,13,13,1,200054781
200600070463,2006-11-01,2006,novembre,mercredi,14:30,94,94041,0,0,2,1,1,1,1,4,1,01,-1,-1,50,50,-1,0,1,4,1,34,0,3,2,0,2,1,5,200600070463A01,7,16,1,200054781
200600070473,2006-11-07,2006,novembre,mardi,10:55,94,94046,0,0,2,1,3,1,1,2,-1,00,1,1,0,53,1,0,4,4,1,67,0,2,9,0,2,2,20,200600070473B01,7,21,1,200054781
200600070484,2006-11-16,2006,novembre,jeudi,18:00,94,94058,0,0,2,1,3,5,2,3,2,02,1,1,0,74,2,0,1,4,1,61,5,3,9,0,2,1,9,200600070484B01,7,1,1,200054781
200600070485,2006-11-18,2006,novembre,samedi,18:35,94,94058,0,0,2,1,3,3,1,4,1,01,1,1,0,30,1,0,1,4,1,25,5,3,9,1,0,1,1,200600070485B01,7,22,1,200054781
200600070509,2006-11-11,2006,novembre,samedi,11:30,94,94074,0,0,2,2,6,1,2,4,-1,02,1,1,0,72,1,0,1,4,1,13,5,3,9,0,2,9,1,200600070509A01,7,1,1,200054781
200600070528,2006-11-29,2006,novembre,mercredi,14:40,94,94067,0,0,2,2,3,1,1,3,2,02,1,1,0,100,1,0,1,4,1,25,0,3,9,0,2,1,2,200600070528B01,7,15,1,200054781
200600070530,2006-11-09,2006,novembre,jeudi,18:55,94,94081,0,0,2,2,3,5,1,2,3,02,1,1,66,71,1,0,1,4,1,12,5,1,2,0,0,0,15,200600070530B01,30,1,1,200054781
200600070540,2006-11-28,2006,novembre,mardi,08:15,94,94081,0,0,2,1,6,1,1,2,2,20,1,1,0,66,1,0,1,4,1,15,5,2,2,0,2,1,13,200600070540A01,37,1,1,200054781
200600070550,2006-11-08,2006,novembre,mercredi,07:00,95,95018,0,0,2,1,3,2,1,4,3,04,1,1,22,164,1,0,1,4,2,26,1,1,2,0,2,8,1,200600070550B01,7,12,1,200054781
200600070577,2006-11-15,2006,novembre,mercredi,14:55,95,95203,0,0,2,1,6,1,1,3,2,02,1,1,0,62,1,0,1,4,1,9,9,3,2,0,2,7,19,200600070577B01,7,1,1,200058485
200600070592,2006-11-10,2006,novembre,vendredi,19:10,95,95487,0,0,1,6,2,3,1,4,1,01,1,2,100,70,1,5,1,3,1,26,5,2,9,0,2,4,1,200600070592B01,7,1,1,249500489
200600070594,2006-11-29,2006,novembre,mercredi,08:35,95,95504,0,0,2,2,3,1,1,4,2,02,2,1,0,60,1,0,1,3,1,70,5,1,2,0,2,0,1,200600070594B01,7,19,1,249500455
200600070961,2006-11-09,2006,novembre,jeudi,16:00,69,69386,0,0,2,2,3,1,1,4,1,01,1,1,0,0,1,0,1,4,1,43,0,1,9,0,2,3,1,200600070961B01,7,1,1,200046977
200600070967,2006-11-15,2006,novembre,mercredi,20:10,69,69383,0,0,2,1,3,5,1,4,2,02,1,1,0,0,1,0,1,4,2,33,1,3,9,0,2,3,1,200600070967B01,7,15,1,200046977
200600070981,2006-11-28,2006,novembre,mardi,17:20,69,69383,0,0,2,1,6,2,1,4,1,04,1,1,0,0,1,0,1,4,1,37,0,3,9,0,2,0,0,200600070981A01,,,,200046977
200600071167,2006-11-30,2006,novembre,jeudi,20:40,59,59229,0,0,1,1,2,3,1,3,2,00,1,1,0,70,1,0,1,4,1,13,5,2,4,0,2,4,2,200600071167A01,7,2,1,200043404
200600071207,2006-11-11,2006,novembre,samedi,13:30,80,80798,0,0,2,1,7,1,1,2,2,02,1,1,0,70,2,0,4,3,1,36,5,3,0,12,0,7,1,200600071207A01,,,,200070951
200600071218,2006-11-17,2006,novembre,vendredi,15:00,80,80199,0,0,2,1,3,1,7,3,-1,02,1,1,0,60,2,0,1,2,1,78,9,3,0,0,0,8,15,200600071218A01,7,17,1,200037059
200600071234,2006-11-01,2006,novembre,mercredi,18:15,02,02299,49.45,4.04,2,1,1,3,7,3,-1,02,1,1,0,62,1,0,1,4,1,14,5,3,0,0,2,1,16,200600071234B02,7,1,1,240200576
200600071298,2006-11-19,2006,novembre,dimanche,11:00,76,76614,0,0,1,1,1,1,1,3,2,02,2,1,0,0,2,0,1,3,2,15,5,3,0,0,2,1,13,200600071298B02,7,1,1,200023414
200600071303,2006-11-03,2006,novembre,vendredi,11:00,76,76659,0,0,1,1,1,1,1,3,2,00,-1,2,60,0,2,0,1,3,2,53,5,1,2,0,2,4,1,200600071303A01,7,0,1,
200600071322,2006-11-18,2006,novembre,samedi,15:30,27,27281,0,0,2,1,6,1,1,4,-1,00,-1,-1,0,0,-1,0,0,3,1,51,5,3,0,0,0,0,0,200600071322A01,,,,242700276
200600071363,2006-11-04,2006,novembre,samedi,17:30,35,35121,0,0,1,3,3,1,1,3,2,02,3,1,0,65,1,5,1,3,1,16,5,2,2,0,2,3,15,200600071363B02,7,1,1,243500774
200600071368,2006-11-26,2006,novembre,dimanche,11:20,35,35054,0,0,2,1,1,1,1,3,2,00,-1,1,0,58,-1,0,0,3,1,36,5,3,0,0,2,4,1,200600071368A01,7,15,1,200070662
200600071393,2006-11-03,2006,novembre,vendredi,17:30,22,22162,48.773,-3.075,2,1,3,2,1,3,2,02,-1,1,0,0,1,0,1,3,1,12,5,3,0,0,2,3,16,200600071393B02,7,1,1,200067981
200600071394,2006-11-03,2006,novembre,vendredi,20:15,22,22242,48.62,-2.42,1,1,2,3,1,3,3,00,1,1,21,65,1,0,1,2,2,32,1,1,4,0,2,4,1,200600071394B02,10,1,1,200069391
200600071399,2006-11-29,2006,novembre,mercredi,16:15,22,22077,0,0,1,1,2,1,7,3,2,00,-1,1,0,60,1,0,1,3,1,54,5,3,0,0,2,4,1,200600071399B02,7,1,1,200069391
200600071406,2006-11-02,2006,novembre,jeudi,12:00,22,22353,48.812,-3.502,1,2,5,1,1,3,2,00,1,1,0,65,1,5,1,4,2,9,5,1,2,0,2,3,19,200600071406C03,7,1,2,200065928
200600071412,2006-11-05,2006,novembre,dimanche,20:30,29,29220,47.871,-4.212,2,1,6,5,1,3,-1,02,1,1,0,0,1,0,1,3,1,56,5,2,2,6,0,0,0,200600071412A01,,,,242900702
200600071458,2006-11-01,2006,novembre,mercredi,09:30,14,14365,0,0,2,2,3,1,7,3,2,01,1,1,0,30,1,0,1,3,1,63,5,1,2,0,2,8,1,200600071458A01,7,1,1,200065597
200600071475,2006-11-08,2006,novembre,mercredi,19:00,50,50431,49.18,-1.251,1,1,1,3,2,3,2,00,1,1,0,64,2,0,1,2,1,25,1,0,9,0,2,1,19,200600071475A01,7,1,1,200066389
200600071525,2006-11-02,2006,novembre,jeudi,11:00,44,44054,0,0,2,1,1,1,1,4,2,00,-1,1,30,0,1,0,1,3,1,53,5,3,0,0,2,6,23,200600071525A01,7,15,1,200072726
200600071540,2006-11-15,2006,novembre,mercredi,08:40,44,44072,0,0,1,1,1,1,8,3,2,02,1,1,0,0,2,0,1,2,1,73,5,3,0,0,2,0,15,200600071540B02,7,2,1,244400610
200600071543,2006-11-29,2006,novembre,mercredi,16:45,44,44069,0,0,1,4,3,1,1,3,2,00,-1,-1,0,0,-1,0,0,3,1,67,5,3,0,0,2,8,1,200600071543B02,7,16,1,244400610
200600071546,2006-11-23,2006,novembre,jeudi,17:10,44,44129,0,0,2,1,3,1,1,3,2,02,-1,2,0,0,1,0,1,3,1,46,5,0,2,0,0,8,1,200600071546B02,7,16,1,200000438
200600071552,2006-11-29,2006,novembre,mercredi,13:45,49,49278,0,0,1,1,3,1,1,3,3,04,1,1,0,0,1,5,0,3,1,50,1,3,0,0,0,7,19,200600071552B02,7,1,1,244900015
200600071557,2006-11-26,2006,novembre,dimanche,01:45,49,49050,47.362,-0.443,1,1,2,3,2,3,2,02,-1,1,0,86,2,0,1,3,1,28,5,1,2,0,2,4,1,200600071557B02,7,0,1,200071553
200600071584,2006-11-08,2006,novembre,mercredi,18:30,53,53097,48.157,-0.406,2,1,3,2,1,3,-1,00,1,1,0,70,1,0,1,3,1,18,3,3,0,0,2,7,19,200600071584A01,7,1,1,200033298
200600071596,2006-11-07,2006,novembre,mardi,17:40,72,72231,0,0,1,1,1,1,1,3,2,02,2,1,0,60,1,5,1,3,1,19,5,2,2,0,2,1,15,200600071596A01,7,1,1,247200421