Num_Acc,date,an,mois,jour,hrmn,dep,com,lat,long,agg,int,col,lum,atm,catr,circ,nbv,prof,plan,lartpc,larrout,surf,infra,situ,grav,sexe,age,trajet,secuexist,equipement,obs,obsm,choc,manv,vehiculeid,typevehicules,manoeuvehicules,numVehicules,_infos_commune.code_epci
200600075465,2006-12-26,2006,décembre,mardi,19:30,13,13055,0,0,2,1,7,5,1,4,1,01,4,3,0,65,1,0,1,4,1,40,9,3,9,1,0,1,0,200600075465B01,7,0,1,200054807
200600075567,2006-12-12,2006,décembre,mardi,17:30,13,13055,0,0,2,1,6,2,1,4,2,02,1,-1,0,90,1,0,1,4,1,33,5,3,9,1,0,1,1,200600075567A01,10,24,1,200054807
200600075700,2006-12-15,2006,décembre,vendredi,18:15,14,14118,0,0,2,1,1,5,1,4,3,02,1,1,56,80,1,0,1,3,1,17,2,3,9,0,2,7,19,200600075700B01,7,1,1,200065597
200600075725,2006-12-01,2006,décembre,vendredi,15:05,17,17300,0,0,2,2,3,1,1,4,2,02,1,1,0,98,1,0,5,3,1,56,1,1,9,0,2,1,1,200600075725B01,7,1,1,241700434
200600075728,2006-12-05,2006,décembre,mardi,16:38,17,17300,0,0,2,3,6,1,2,4,2,02,1,1,0,48,2,0,5,4,2,17,2,1,9,0,2,1,1,200600075728B01,7,1,1,241700434
200600075740,2006-12-13,2006,décembre,mercredi,09:20,17,17300,0,0,2,1,2,1,1,4,1,01,1,-1,0,40,1,0,1,3,2,79,0,3,9,0,2,1,2,200600075740A01,7,23,1,241700434
200600075752,2006-12-24,2006,décembre,dimanche,12:05,17,17200,0,0,2,2,3,1,1,4,2,20,2,1,0,60,2,0,1,4,1,55,5,3,9,0,2,1,1,200600075752A01,7,1,1,241700434
200600075808,2006-12-15,2006,décembre,vendredi,13:15,21,21231,0,0,2,7,3,1,8,2,3,08,1,-1,0,0,1,5,1,4,2,52,1,2,2,0,2,1,1,200600075808B01,7,16,1,242100410
200600075815,2006-12-19,2006,décembre,mardi,09:45,21,21231,0,0,2,1,3,1,1,4,3,04,1,1,0,118,1,0,1,4,2,52,1,2,2,0,2,1,1,200600075815B01,14,16,1,242100410
200600075832,2006-12-31,2006,décembre,dimanche,10:35,22,22215,0,0,1,1,1,1,2,4,2,02,2,4,0,60,2,0,1,3,1,44,5,1,2,0,2,0,0,200600075832B01,7,13,1,200069409
200600075846,2006-12-11,2006,décembre,lundi,17:00,22,22278,0,0,2,1,3,2,2,4,2,04,1,1,0,150,2,0,1,4,1,43,1,3,9,0,2,7,1,200600075846B01,7,9,1,200069409
200600075848,2006-12-16,2006,décembre,samedi,17:00,22,22278,0,0,2,1,6,1,1,4,2,02,4,1,0,108,1,0,1,4,1,38,5,1,2,0,2,7,18,200600075848A01,7,23,1,200069409
200600075860,2006-12-04,2006,décembre,lundi,08:16,24,24322,0,0,2,2,3,2,3,4,2,02,1,1,0,90,2,0,1,4,1,12,2,2,9,0,2,7,17,200600075860A01,7,15,1,200040392
200600075866,2006-12-02,2006,décembre,samedi,17:30,25,25056,0,0,2,1,6,4,2,4,1,01,1,1,0,92,2,0,1,1,2,59,5,3,9,0,1,7,1,200600075866A01,,,,242500361
200600075874,2006-12-07,2006,décembre,jeudi,09:43,25,25056,0,0,2,3,3,1,1,4,2,02,1,1,0,0,1,0,1,4,1,18,0,1,9,0,2,1,1,200600075874B01,7,0,1,242500361
200600075878,2006-12-08,2006,décembre,vendredi,11:50,25,25056,0,0,2,1,3,1,1,3,2,02,1,1,0,0,2,0,5,4,2,23,0,2,9,0,0,3,1,200600075878B01,7,9,1,242500361
200600075880,2006-12-11,2006,décembre,lundi,15:30,25,25056,0,0,2,2,3,1,1,4,2,02,2,1,0,60,1,0,1,4,1,14,9,3,0,0,2,7,5,200600075880A01,31,1,1,242500361
200600075903,2006-12-16,2006,décembre,samedi,13:25,26,26281,0,0,2,1,6,1,1,4,2,02,1,1,0,64,1,0,1,1,1,12,5,2,9,0,0,0,13,200600075903A01,7,1,1,200068781
200600075903,2006-12-16,2006,décembre,samedi,13:25,26,26281,0,0,2,1,6,1,1,4,2,02,1,1,0,64,1,0,1,3,1,9,0,2,9,0,0,0,13,200600075903A01,7,1,1,200068781
200600075913,2006-12-16,2006,décembre,samedi,17:10,26,26362,0,0,2,1,7,2,2,4,2,02,1,1,0,63,2,0,1,4,1,10,5,3,2,0,2,8,19,200600075913A01,7,2,1,200068781
200600075944,2006-12-09,2006,décembre,samedi,08:25,27,27681,0,0,2,9,6,1,1,4,1,01,1,1,0,31,-1,0,1,4,1,12,5,2,2,0,2,1,1,200600075944A01,7,1,1,200072312
200600075948,2006-12-18,2006,décembre,lundi,08:20,27,27681,0,0,2,9,6,1,1,4,2,02,1,1,0,62,1,0,1,4,2,22,1,3,2,0,2,7,1,200600075948B01,7,1,1,200072312
200600075977,2006-12-04,2006,décembre,lundi,12:30,29,29019,0,0,1,1,3,1,2,9,3,03,1,1,0,0,2,0,1,4,1,19,9,3,9,0,2,1,1,200600075977B01,7,9,1,242900314
200600075978,2006-12-04,2006,décembre,lundi,13:25,29,29019,0,0,2,1,7,1,2,4,2,02,1,-1,0,80,2,4,2,4,1,22,1,3,2,0,0,0,1,200600075978A01,,,,242900314
200600075998,2006-12-20,2006,décembre,mercredi,15:45,29,29019,0,0,2,6,2,1,7,9,1,02,1,-1,0,0,1,0,1,4,1,11,0,2,4,0,2,4,1,200600075998B01,7,1,1,242900314
200600076034,2006-12-07,2006,décembre,jeudi,09:19,30,30189,0,0,2,2,3,1,1,4,2,02,1,1,0,50,1,0,1,3,1,92,9,3,9,0,2,1,1,200600076034B01,7,1,1,243000643
200600076084,2006-12-02,2006,décembre,samedi,07:30,31,31555,0,0,2,1,1,5,1,4,2,03,2,1,0,126,1,0,1,2,1,52,1,3,4,0,2,7,15,200600076084A01,33,1,1,243100518
200600076089,2006-12-01,2006,décembre,vendredi,15:25,31,31555,0,0,2,1,2,1,1,4,1,03,1,2,0,85,1,0,1,4,1,53,9,3,9,0,2,1,2,200600076089A01,7,2,1,243100518
200600076104,2006-12-06,2006,décembre,mercredi,15:25,31,31555,0,0,2,1,3,1,1,4,2,02,1,1,0,70,1,0,1,4,1,24,9,3,9,0,2,1,1,200600076104B01,7,1,1,243100518
200600076116,2006-12-08,2006,décembre,vendredi,17:05,31,31555,0,0,2,1,6,2,2,4,2,03,1,1,0,94,2,0,1,1,1,44,5,3,9,0,1,1,0,200600076116A01,,,,243100518
200600076119,2006-12-09,2006,décembre,samedi,18:50,31,31555,0,0,2,1,3,5,1,4,1,03,1,1,0,93,1,0,1,4,2,43,0,3,9,0,2,1,6,200600076119B01,7,16,1,243100518
200600076125,2006-12-11,2006,décembre,lundi,15:14,31,31555,0,0,2,1,2,1,1,4,3,04,1,1,0,65,1,0,1,4,1,55,0,3,9,0,2,1,1,200600076125A01,7,1,1,243100518
200600076131,2006-12-13,2006,décembre,mercredi,19:55,31,31555,0,0,2,1,2,5,1,4,2,04,1,1,0,120,1,0,1,4,1,33,0,3,2,0,2,1,2,200600076131B01,37,2,1,243100518
200600076134,2006-12-14,2006,décembre,jeudi,08:35,31,31555,0,0,2,1,6,2,5,4,2,02,1,2,0,70,1,0,1,4,1,23,4,3,2,0,2,0,0,200600076134B01,7,0,1,243100518
200600076139,2006-12-15,2006,décembre,vendredi,09:40,31,31555,0,0,2,1,6,1,1,4,2,03,1,1,0,90,1,0,1,1,1,22,4,3,2,0,1,1,1,200600076139A01,,,,243100518
200600076146,2006-12-18,2006,décembre,lundi,07:45,31,31555,0,0,2,1,3,5,1,4,2,04,1,1,0,152,1,0,1,4,1,27,4,3,2,0,2,0,1,200600076146B01,7,15,1,243100518
200600076150,2006-12-19,2006,décembre,mardi,09:40,31,31555,0,0,2,4,3,1,1,4,1,01,1,1,0,57,1,0,1,3,2,21,2,3,9,0,2,2,1,200600076150B01,7,9,1,243100518
200600076152,2006-12-19,2006,décembre,mardi,17:27,31,31555,0,0,2,1,6,1,1,4,2,02,1,1,0,110,1,0,1,4,2,81,9,3,2,0,1,0,1,200600076152A01,,,,243100518
200600076154,2006-12-20,2006,décembre,mercredi,17:20,31,31555,0,0,2,3,6,2,1,4,1,03,1,3,0,90,1,0,1,4,2,49,9,3,9,0,2,1,13,200600076154A01,7,1,1,243100518
200600076160,2006-12-21,2006,décembre,jeudi,18:50,31,31555,0,0,2,1,2,5,1,4,2,06,1,1,0,180,1,0,1,4,1,23,9,3,2,0,2,0,0,200600076160B01,37,0,1,243100518
200600076161,2006-12-19,2006,décembre,mardi,17:20,31,31555,0,0,2,1,3,2,1,4,1,02,1,1,0,60,1,0,1,4,2,45,1,2,2,0,2,8,19,200600076161B01,7,1,1,243100518
200600076184,2006-12-05,2006,décembre,mardi,13:50,33,33529,0,0,2,1,2,1,1,4,2,02,1,1,0,79,1,0,1,3,2,31,1,2,9,0,2,4,2,200600076184B01,7,2,1,243300563
200600076188,2006-12-29,2006,décembre,vendredi,17:30,33,33063,0,0,2,1,6,5,1,4,3,02,1,1,0,150,1,2,5,4,1,41,0,3,9,0,1,1,1,200600076188A01,,,,243300316
200600076195,2006-12-29,2006,décembre,vendredi,06:43,33,33522,0,0,2,1,5,5,5,4,3,02,1,1,0,60,7,0,1,4,1,31,1,3,9,1,2,0,1,200600076195B01,7,13 / 1,4,243300316
200600076205,2006-12-05,2006,décembre,mardi,08:10,33,33063,0,0,2,3,3,2,1,4,2,02,1,1,0,86,2,0,1,4,1,19,0,3,2,0,2,1,1,200600076205B01,7,15,1,243300316
200600076252,2006-12-13,2006,décembre,mercredi,17:54,33,33063,0,0,2,2,3,5,1,4,3,04,1,2,0,0,1,0,1,4,1,21,1,3,2,0,2,1,1,200600076252B01,7,1,1,243300316
200600076269,2006-12-15,2006,décembre,vendredi,13:35,33,33281,0,0,2,4,6,1,1,4,1,01,1,2,0,69,1,0,1,3,2,42,0,3,9,12,0,1,5,200600076269A01,,,,243300316
200600076271,2006-12-12,2006,décembre,mardi,16:40,33,33192,0,0,2,1,3,1,1,4,2,02,1,1,0,70,1,0,1,4,1,30,0,3,4,0,2,1,1,200600076271A01,7,1,1,243300316
200600076284,2006-12-14,2006,décembre,jeudi,11:15,33,33192,0,0,2,2,3,1,5,4,2,02,1,1,0,100,1,0,1,4,2,38,0,3,9,0,2,2,15,200600076284B01,7,1,1,243300316
200600076285,2006-12-20,2006,décembre,mercredi,08:05,33,33318,0,0,2,2,1,2,2,4,2,02,1,1,0,116,1,0,1,4,1,17,0,3,9,0,2,1,1,200600076285B01,7,15,1,243300316
200600076296,2006-12-24,2006,décembre,dimanche,10:00,33,33063,0,0,2,1,3,1,8,4,2,02,1,1,0,67,1,0,1,3,1,82,4,3,9,0,2,1,1,200600076296B01,7,22,1,243300316
200600076302,2006-12-20,2006,décembre,mercredi,07:55,33,33318,0,0,2,6,3,2,1,4,2,02,1,1,0,0,1,0,1,4,1,13,2,3,9,0,1,0,1,200600076302B01,7,1,1,243300316
200600076316,2006-12-11,2006,décembre,lundi,13:20,34,34003,0,0,2,1,7,1,1,4,1,01,1,1,0,30,1,0,1,3,2,61,5,3,9,0,0,0,0,200600076316A01,,,,243400819
200600076351,2006-12-04,2006,décembre,lundi,17:30,34,34172,0,0,2,3,3,5,1,4,2,02,2,1,10,28,1,0,1,4,1,74,5,2,2,0,2,1,1,200600076351A01,2,15,1,243400017
200600076358,2006-12-07,2006,décembre,jeudi,15:45,34,34198,0,0,2,3,3,1,1,4,2,02,2,1,0,60,1,0,1,4,1,67,5,2,9,0,2,8,15,200600076358A01,7,17,1,243400017
200600076359,2006-12-07,2006,décembre,jeudi,23:25,34,34172,0,0,2,1,2,5,1,4,2,04,2,1,0,123,1,0,1,3,2,19,5,3,4,0,2,4,1,200600076359B01,7,1,1,243400017
200600076363,2006-12-08,2006,décembre,vendredi,17:15,34,34172,0,0,2,1,6,5,2,4,2,02,4,2,0,60,2,0,1,1,1,20,5,3,9,0,1,1,1,200600076363A01,,,,243400017
200600076374,2006-12-13,2006,décembre,mercredi,16:18,34,34172,0,0,2,1,3,1,1,4,2,02,2,1,0,60,1,0,1,4,1,28,0,3,9,0,2,1,19,200600076374A01,7,1,1,243400017
200600076427,2006-12-08,2006,décembre,vendredi,19:25,35,35238,0,0,2,1,3,5,2,4,3,02,1,1,0,60,2,2,1,4,1,41,5,3,9,0,2,1,1,200600076427B01,7,16,1,243500139
200600076431,2006-12-09,2006,décembre,samedi,11:00,35,35238,0,0,2,2,3,1,2,4,2,02,1,1,0,60,2,0,1,4,2,54,4,3,9,0,2,1,1,200600076431B01,7,15,1,243500139
200600076451,2006-12-20,2006,décembre,mercredi,19:05,35,35238,0,0,2,3,3,5,1,4,2,02,1,-1,0,60,1,0,1,4,1,26,1,3,9,0,2,1,1,200600076451B01,7,15,1,243500139
200600076483,2006-12-27,2006,décembre,mercredi,09:02,36,36044,0,0,2,1,6,1,1,4,1,02,1,1,0,140,1,0,1,4,1,83,5,1,4,0,2,8,1,200600076483B01,2,17,1,243600327
200600076490,2006-12-07,2006,décembre,jeudi,13:30,37,37122,0,0,2,1,3,1,1,9,2,01,1,1,0,30,1,0,1,3,2,11,5,3,9,0,2,8,19,200600076490A01,7,1,1,243700754
200600076503,2006-12-16,2006,décembre,samedi,19:22,37,37261,0,0,2,1,6,5,2,9,1,01,1,1,0,30,2,0,1,3,2,19,1,2,9,0,0,0,1,200600076503A01,,,,243700754
200600076505,2006-12-01,2006,décembre,vendredi,17:20,38,38185,0,0,2,1,6,5,1,4,1,03,1,2,0,105,1,0,5,4,1,40,1,3,9,0,2,1,1,200600076505B01,32,16,1,200040715
200600076510,2006-12-06,2006,décembre,mercredi,21:05,38,38185,0,0,2,2,3,5,1,4,1,01,1,1,0,46,-1,0,1,4,1,23,0,3,9,0,2,1,1,200600076510A01,7,15,1,200040715
200600076512,2006-12-08,2006,décembre,vendredi,12:40,38,38185,0,0,2,1,3,1,1,4,2,03,1,1,0,90,-1,0,5,4,1,12,0,3,9,0,2,1,1,200600076512B01,7,16,1,200040715
200600076518,2006-12-15,2006,décembre,vendredi,10:30,38,38185,0,0,2,2,6,1,1,3,1,02,1,1,0,70,1,0,1,1,1,20,0,3,9,0,1,2,1,200600076518A01,,,,200040715
200600076519,2006-12-15,2006,décembre,vendredi,16:50,38,38185,0,0,2,3,1,2,1,3,2,02,1,1,0,100,-1,0,1,4,2,29,5,3,9,0,2,1,1,200600076519A01,99,1,1,200040715
200600076523,2006-12-18,2006,décembre,lundi,04:40,38,38421,0,0,2,2,3,5,1,4,2,07,1,1,0,277,1,0,1,4,2,34,1,3,9,0,2,1,1,200600076523A01,7,1,1,200040715
200600076524,2006-12-19,2006,décembre,mardi,10:15,38,38169,0,0,2,1,6,1,1,4,2,02,1,1,0,70,1,0,1,4,2,67,0,3,9,0,2,1,1,200600076524B01,7,22,1,200040715
200600076526,2006-12-20,2006,décembre,mercredi,07:30,38,38185,0,0,2,1,6,5,1,4,1,01,1,1,0,40,1,0,4,1,1,34,0,3,9,0,1,1,1,200600076526A01,,,,200040715
200600076537,2006-12-27,2006,décembre,mercredi,15:45,38,38185,0,0,2,3,3,1,1,4,2,02,1,1,0,60,-1,0,1,4,1,13,5,3,4,0,2,1,1,200600076537A01,7,1,1,200040715
200600076550,2006-12-09,2006,décembre,samedi,12:18,40,40279,0,0,1,1,3,1,3,3,2,04,1,1,0,120,2,0,1,3,1,15,5,3,2,0,2,7,19,200600076550B01,7,1,1,244000675
200600076598,2006-12-20,2006,décembre,mercredi,12:00,42,42187,0,0,2,2,3,1,1,3,2,02,1,1,0,72,1,0,1,4,2,13,2,3,9,0,2,1,1,200600076598A01,7,1,1,200035731
200600076632,2006-12-20,2006,décembre,mercredi,18:00,44,44132,0,0,2,1,3,4,1,4,2,02,1,1,0,0,1,0,1,4,1,10,5,2,9,0,2,0,19,200600076632A01,7,1,1,244400644
200600076643,2006-12-04,2006,décembre,lundi,13:45,44,44109,0,0,2,1,6,1,2,4,1,01,2,1,0,30,2,0,1,3,1,26,0,3,9,0,2,7,1,200600076643B01,7,13,1,244400404
200600076655,2006-12-07,2006,décembre,jeudi,18:26,44,44109,0,0,2,1,3,5,1,4,2,02,2,1,0,55,1,0,1,3,2,26,1,3,2,0,2,1,1,200600076655B01,7,15,1,244400404
200600076672,2006-12-14,2006,décembre,jeudi,13:15,44,44109,0,0,2,1,6,1,1,4,1,01,1,1,0,70,1,0,1,4,1,16,0,3,9,0,2,1,19,200600076672A01,1,1,1,244400404
200600076672,2006-12-14,2006,décembre,jeudi,13:15,44,44109,0,0,2,1,6,1,1,4,1,01,1,1,0,70,1,0,1,1,1,53,0,3,9,0,2,2,1,200600076672B01,1,19,1,244400404
200600076678,2006-12-14,2006,décembre,jeudi,13:35,44,44109,0,0,2,1,7,1,1,4,2,00,1,1,0,50,1,0,1,3,2,51,1,2,2,0,9,7,1,200600076678A01,,,,244400404
200600076679,2006-12-12,2006,décembre,mardi,17:00,44,44109,0,0,2,2,6,1,1,4,2,00,1,1,0,60,1,0,1,4,1,21,2,1,4,0,2,1,1,200600076679B01,7,15,1,244400404
200600076687,2006-12-14,2006,décembre,jeudi,17:30,44,44114,0,0,2,6,3,2,1,4,1,02,1,2,0,0,1,0,1,3,1,59,9,3,9,0,2,0,1,200600076687B01,7,9,1,244400404
200600076698,2006-12-20,2006,décembre,mercredi,16:50,44,44190,0,0,2,1,6,1,1,4,1,02,1,2,0,84,1,0,1,4,1,27,5,3,2,0,2,1,15,200600076698B01,7,1,1,244400404
200600076706,2006-12-26,2006,décembre,mardi,14:50,44,44109,0,0,2,1,3,1,1,4,2,02,1,1,0,65,1,0,1,4,1,11,0,3,2,0,2,1,19,200600076706A01,7,1,1,244400404
200600076707,2006-12-22,2006,décembre,vendredi,19:45,44,44109,0,0,2,9,6,5,1,4,2,00,1,1,0,60,1,0,1,3,1,20,5,1,4,0,2,6,1,200600076707B01,7,1,1,244400404
200600076736,2006-12-05,2006,décembre,mardi,08:35,45,45285,0,0,2,1,3,1,1,4,2,02,1,1,27,58,1,0,0,4,2,11,2,1,3,0,2,8,19,200600076736B01,2,1,1,244500468
200600076739,2006-12-05,2006,décembre,mardi,20:05,45,45234,0,0,2,1,3,5,2,4,2,02,1,1,0,60,2,0,1,4,2,23,9,3,9,0,0,1,1,200600076739B01,7,22,1,244500468
200600076740,2006-12-06,2006,décembre,mercredi,07:45,45,45234,0,0,2,4,3,2,1,4,2,02,1,1,0,70,1,0,1,4,1,35,1,2,9,0,2,1,15,200600076740A01,7,16,1,244500468
200600076742,2006-12-07,2006,décembre,jeudi,12:30,45,45286,0,0,2,2,3,1,3,4,2,02,1,1,0,55,2,0,1,4,2,15,2,3,9,0,2,1,1,200600076742B01,7,9,1,244500468
200600076748,2006-12-12,2006,décembre,mardi,12:05,45,45234,0,0,2,2,3,1,1,2,3,03,1,2,32,238,1,0,1,4,1,18,0,3,9,0,2,1,1,200600076748A01,7,1,1,244500468
200600076759,2006-12-20,2006,décembre,mercredi,13:40,45,45232,0,0,2,1,1,1,1,4,1,01,1,1,0,25,1,0,1,4,2,79,5,2,9,0,2,1,5,200600076759A01,13,1,1,244500468
200600076762,2006-12-20,2006,décembre,mercredi,18:05,45,45286,0,0,2,2,3,5,1,4,3,05,1,1,0,160,1,0,1,4,1,16,0,2,9,0,2,1,1,200600076762B01,7,15,1,244500468
200600076784,2006-12-12,2006,décembre,mardi,12:18,47,47201,0,0,2,3,3,1,1,2,2,02,1,1,0,80,1,0,5,4,2,49,1,3,9,0,2,1,1,200600076784A01,7,16,1,200096956
200600076787,2006-12-13,2006,décembre,mercredi,19:45,47,47001,0,0,2,1,1,5,1,4,1,01,1,1,0,50,1,0,1,4,1,25,5,1,9,11,2,1,5,200600076787A01,7,1,1,200096956
200600076788,2006-12-16,2006,décembre,samedi,07:10,47,47001,0,0,2,1,1,5,1,2,2,02,1,3,0,55,1,0,1,4,2,27,1,3,2,0,2,6,1,200600076788B01,7,13,1,200096956
200600076790,2006-12-15,2006,décembre,vendredi,17:31,47,47001,0,0,2,1,3,1,1,4,2,03,1,1,0,90,1,2,1,4,1,48,1,2,9,0,2,1,1,200600076790B01,7,15,1,200096956
200600076797,2006-12-16,2006,décembre,samedi,13:50,47,47323,0,0,1,1,4,1,1,3,2,02,2,2,0,54,1,0,1,3,1,15,5,3,9,0,2,4,2,200600076797C01,7,2,1,200023307
200600076797,2006-12-16,2006,décembre,samedi,13:50,47,47323,0,0,1,1,4,1,1,3,2,02,2,2,0,54,1,0,1,2,1,15,5,3,9,0,2,4,2,200600076797B01,7,2,1,200023307
200600076810,2006-12-06,2006,décembre,mercredi,15:34,49,49007,0,0,2,1,2,1,1,4,2,03,1,1,0,87,1,0,1,3,2,43,0,3,9,0,2,4,2,200600076810B01,7,2,1,244900015
200600076812,2006-12-07,2006,décembre,jeudi,07:50,49,49007,0,0,2,3,3,5,3,4,2,02,1,1,0,124,2,5,0,4,1,27,1,2,9,0,2,3,19,200600076812A01,15,16,1,244900015
200600076831,2006-12-15,2006,décembre,vendredi,09:17,49,49007,0,0,2,1,2,1,1,4,2,02,1,1,0,60,1,0,1,4,1,27,4,1,2,0,2,4,23,200600076831B01,7,1,1,244900015
200600076855,2006-12-20,2006,décembre,mercredi,10:24,49,49007,0,0,2,1,3,1,1,4,1,01,1,1,0,40,1,0,1,4,1,8,0,3,9,0,2,1,19,200600076855A01,7,1,1,244900015
200600076923,2006-12-25,2006,décembre,lundi,18:30,51,51454,0,0,2,1,1,5,5,4,1,00,1,1,0,79,2,0,1,3,1,17,5,2,4,0,2,1,5,200600076923B01,7,0,1,200067213
200600076927,2006-12-08,2006,décembre,vendredi,17:15,52,52121,0,0,2,4,6,5,1,4,1,02,1,3,0,87,1,0,1,4,1,50,1,3,9,0,2,8,13,200600076927A01,7,17,1,200068658
200600076933,2006-12-16,2006,décembre,samedi,14:10,53,53130,0,0,2,4,3,1,2,3,2,04,2,3,0,0,2,5,0,3,1,51,5,1,2,0,2,8,19,200600076933B01,7,16,1,200083392
200600076961,2006-12-11,2006,décembre,lundi,17:15,54,54395,0,0,2,2,3,5,1,4,2,02,1,1,0,0,1,2,1,3,1,16,5,2,2,0,2,6,19,200600076961A01,10,1,1,245400676
200600077008,2006-12-07,2006,décembre,jeudi,05:30,55,55029,0,0,1,1,3,3,1,2,2,02,1,1,0,60,1,0,1,4,1,16,1,3,9,0,2,8,1,200600077008B01,7,1,1,200033025
200600077013,2006-12-31,2006,décembre,dimanche,09:53,55,55545,0,0,2,1,3,1,8,4,2,02,1,1,0,78,2,0,1,2,2,79,5,2,9,0,2,1,1,200600077013B01,7,13,1,200049187
200600077021,2006-12-04,2006,décembre,lundi,11:51,56,56121,0,0,2,9,2,1,1,9,-1,01,-1,1,0,0,1,0,1,4,1,20,5,3,2,0,2,4,1,200600077021B01,7,1,1,200042174
200600077023,2006-12-06,2006,décembre,mercredi,08:18,56,56121,0,0,2,1,3,5,2,9,2,01,1,1,0,0,2,0,1,4,1,14,2,3,9,0,2,3,19,200600077023B01,7,0,1,200042174
200600077032,2006-12-12,2006,décembre,mardi,18:47,56,56121,0,0,2,3,3,5,1,9,2,02,2,1,0,0,1,0,1,4,2,21,9,3,9,0,2,1,1,200600077032B01,7,16,1,200042174
200600077034,2006-12-13,2006,décembre,mercredi,17:29,56,56121,0,0,2,4,2,5,1,9,2,02,1,1,0,0,1,2,1,4,1,52,9,3,9,0,2,4,1,200600077034B01,7,1,1,200042174
200600077037,2006-12-12,2006,décembre,mardi,09:55,56,56121,0,0,2,1,6,1,1,9,2,02,2,1,0,0,1,5,1,4,1,79,9,3,9,0,0,8,1,200600077037A01,,,,200042174
200600077049,2006-12-25,2006,décembre,lundi,12:05,56,56107,0,0,2,1,3,1,1,9,2,02,1,2,0,0,1,0,1,3,1,77,5,3,9,0,2,1,1,200600077049B01,7,15,1,200042174
200600077056,2006-12-06,2006,décembre,mercredi,07:45,56,56260,0,0,2,1,3,5,3,4,3,03,1,1,0,30,2,5,1,4,1,15,2,3,9,0,2,8,19,200600077056A01,7,1,1,200067932
200600077064,2006-12-08,2006,décembre,vendredi,08:00,56,56260,0,0,2,9,6,5,1,4,2,02,-1,-1,0,0,2,0,1,4,1,18,0,2,4,0,2,0,1,200600077064A01,7,9,1,200067932
200600077068,2006-12-13,2006,décembre,mercredi,16:15,56,56260,0,0,2,1,3,1,1,4,2,02,-1,-1,0,0,1,0,1,4,1,31,4,1,2,0,2,6,19,200600077068B01,7,1,1,200067932
200600077119,2006-12-30,2006,décembre,samedi,15:40,59,59431,0,0,1,1,5,1,2,4,2,02,1,1,0,50,2,0,0,3,1,16,5,1,2,0,2,1,1,200600077119B01,7,5,1,200040947
200600077119,2006-12-30,2006,décembre,samedi,15:40,59,59431,0,0,1,1,5,1,2,4,2,02,1,1,0,50,2,0,0,3,1,13,5,1,2,0,2,1,1,200600077119C01,7,5,1,200040947
200600077146,2006-12-21,2006,décembre,jeudi,17:15,59,59155,0,0,2,1,3,5,1,4,2,02,1,1,0,76,1,0,1,3,1,29,1,3,2,0,2,2,15,200600077146A01,7,1,1,245900428
200600077170,2006-12-08,2006,décembre,vendredi,20:50,59,59378,0,0,2,7,3,4,1,3,1,02,1,2,0,0,1,5,1,3,1,54,5,3,0,0,2,1,1,200600077170B01,7,1,1,200093201
200600077208,2006-12-28,2006,décembre,jeudi,18:55,59,59350,0,0,2,2,3,2,1,4,1,01,1,1,0,35,1,0,1,4,1,17,2,1,2,0,2,1,1,200600077208A01,7,1,1,200093201
200600077212,2006-12-04,2006,décembre,lundi,18:10,59,59514,0,0,2,1,3,2,2,4,2,02,1,1,0,0,2,0,1,3,1,14,5,2,4,0,0,2,19,200600077212B01,7,1,1,200043396
200600077224,2006-12-11,2006,décembre,lundi,17:14,59,59512,0,0,2,3,3,5,3,4,3,02,1,1,0,0,2,0,1,3,1,11,2,3,2,0,2,0,19,200600077224B01,7,16,1,200093201
200600077227,2006-12-13,2006,décembre,mercredi,19:15,59,59650,0,0,2,1,3,5,1,4,2,02,1,1,0,0,1,0,1,3,1,12,0,3,2,0,2,4,9,200600077227A01,7,2,1,200093201
200600077243,2006-12-29,2006,décembre,vendredi,16:40,59,59512,0,0,2,1,6,5,1,4,2,02,1,1,0,0,1,0,1,3,1,13,9,3,2,0,2,0,1,200600077243A01,,,,200093201
200600077251,2006-12-05,2006,décembre,mardi,08:25,59,59421,0,0,2,1,1,2,1,4,2,02,1,1,0,0,1,0,1,3,2,13,2,3,9,0,0,1,17,200600077251B01,7,0,1,200093201
200600077258,2006-12-12,2006,décembre,mardi,16:00,59,59599,0,0,2,1,6,1,1,4,2,02,1,1,0,0,1,0,1,4,2,40,5,2,9,1,2,8,2,200600077258B01,10,2,1,200093201
200600077279,2006-12-19,2006,décembre,mardi,10:15,60,60057,0,0,2,2,3,1,1,3,2,02,1,1,0,61,1,5,1,3,1,27,5,1,2,0,2,0,15,200600077279B01,7,9,1,200067999
200600077306,2006-12-29,2006,décembre,vendredi,16:45,62,62004,0,0,2,2,3,1,1,3,2,03,1,1,0,75,1,5,1,3,1,18,5,3,4,0,2,1,15,200600077306A01,7,1,1,200033579
200600077309,2006-12-11,2006,décembre,lundi,15:30,62,62570,0,0,2,1,2,1,2,4,2,02,1,1,0,60,2,0,1,3,1,59,5,1,2,0,0,4,2,200600077309B01,10,2,1,246200364
200600077314,2006-12-05,2006,décembre,mardi,07:20,62,62035,0,0,1,1,1,3,3,3,2,03,1,1,0,120,2,0,5,3,1,42,1,1,2,0,2,1,1,200600077314A01,30,1,1,200072460
200600077320,2006-12-22,2006,décembre,vendredi,07:40,62,62119,0,0,2,2,3,5,1,4,2,02,1,1,0,49,1,5,1,3,1,15,2,1,4,0,2,1,1,200600077320A01,7,1,1,200072460