Num_Acc,date,an,mois,jour,hrmn,dep,com,lat,long,agg,int,col,lum,atm,catr,circ,nbv,prof,plan,lartpc,larrout,surf,infra,situ,grav,sexe,age,trajet,secuexist,equipement,obs,obsm,choc,manv,vehiculeid,typevehicules,manoeuvehicules,numVehicules,_infos_commune.code_epci
200600080400,2006-01-05,2006,janvier,jeudi,07:43,971,97113,0,0,1,9,2,1,1,2,3,05,1,1,5,85,1,3,1,3,1,70,5,1,2,0,2,4,1,200600080400B01,7,9,1,200041507
200600080455,2006-01-08,2006,janvier,dimanche,17:15,973,97302,0,0,2,1,3,1,2,4,2,01,1,1,0,0,1,0,1,4,1,24,0,3,9,0,9,1,0,200600080455B01,2,0,1,249730045
200600080457,2006-01-07,2006,janvier,samedi,09:21,973,97302,0,0,1,1,3,1,1,3,2,01,1,1,0,0,1,0,1,4,1,16,0,3,9,0,2,1,0,200600080457B01,7,0,1,249730045
200600080458,2006-01-04,2006,janvier,mercredi,16:15,973,97302,0,0,2,1,3,1,1,4,2,01,1,-1,0,0,1,0,1,4,1,19,3,3,9,0,2,1,1,200600080458B01,7,0,1,249730045
200600080465,2006-01-17,2006,janvier,mardi,14:06,973,97302,0,0,2,1,3,1,2,4,2,01,1,1,0,74,1,0,1,4,2,44,0,3,9,0,2,0,5,200600080465A01,7,0,1,249730045
200600080470,2006-01-19,2006,janvier,jeudi,12:50,973,97302,0,0,2,1,1,1,1,4,1,01,1,3,0,0,1,0,1,4,1,13,0,3,9,0,2,1,5,200600080470A01,7,0,1,249730045
200600080471,2006-01-17,2006,janvier,mardi,18:17,973,97302,0,0,2,1,3,4,2,4,2,01,1,1,0,0,2,0,1,4,1,14,0,3,9,0,2,0,0,200600080471B01,7,0,1,249730045
200600080476,2006-01-31,2006,janvier,mardi,07:05,973,97302,0,0,2,1,3,1,1,4,2,01,1,1,0,0,1,0,1,4,2,16,0,3,9,0,2,1,5,200600080476B01,7,0,1,249730045
200600080488,2006-01-30,2006,janvier,lundi,17:20,973,97302,0,0,2,1,1,1,1,4,1,01,1,-1,0,91,1,0,2,4,1,20,0,3,2,0,2,1,0,200600080488A01,7,0,1,249730045
200600080489,2006-01-28,2006,janvier,samedi,18:00,973,97302,0,0,1,3,3,1,1,3,2,01,1,-1,0,0,1,0,1,4,1,8,0,3,9,0,2,0,0,200600080489A01,7,0,1,249730045
200600080490,2006-01-31,2006,janvier,mardi,07:37,973,97302,0,0,2,1,1,1,1,4,1,01,1,4,0,0,1,0,1,4,1,12,2,3,9,0,2,1,5,200600080490A01,7,0,1,249730045
200600080499,2006-01-10,2006,janvier,mardi,13:17,973,97302,0,0,2,1,6,1,1,4,2,00,1,1,0,60,1,0,1,4,1,18,0,3,9,0,9,0,0,200600080499A01,,,,249730045
200600080499,2006-01-10,2006,janvier,mardi,13:17,973,97302,0,0,2,1,6,1,1,4,2,00,1,1,0,60,1,0,1,4,1,6,0,3,9,0,9,0,0,200600080499A01,,,,249730045
200600080499,2006-01-10,2006,janvier,mardi,13:17,973,97302,0,0,2,1,6,1,1,4,2,00,1,1,0,60,1,0,1,4,2,8,0,3,9,0,9,0,0,200600080499A01,,,,249730045
200600080506,2006-01-22,2006,janvier,dimanche,18:30,974,97407,0,0,2,1,2,1,1,4,1,01,1,1,0,65,1,0,1,4,2,11,5,3,9,0,2,4,2,200600080506B01,7,2,1,249740101
200600080510,2006-01-23,2006,janvier,lundi,17:00,974,97410,0,0,2,1,6,1,1,4,2,00,1,1,0,66,1,0,1,3,1,45,5,2,9,0,2,1,1,200600080510B01,7,11,1,249740093
200600080512,2006-01-04,2006,janvier,mercredi,16:00,974,97411,0,0,2,1,1,1,1,4,2,02,2,1,0,57,1,0,1,3,1,20,4,3,9,0,2,3,21,200600080512B01,10,21,1,249740119
200600080512,2006-01-04,2006,janvier,mercredi,16:00,974,97411,0,0,2,1,1,1,1,4,2,02,2,1,0,57,1,0,1,4,2,21,0,3,9,0,2,3,21,200600080512B01,10,21,1,249740119
200600080517,2006-01-17,2006,janvier,mardi,17:15,974,97411,0,0,2,1,3,1,1,4,1,00,1,1,0,0,1,0,1,4,1,13,5,2,9,0,0,0,0,200600080517A01,7,0,1,249740119
200600080518,2006-01-24,2006,janvier,mardi,15:34,974,97411,0,0,2,1,3,1,1,4,-1,02,1,1,0,60,1,0,0,4,1,43,9,2,2,0,2,1,0,200600080518B01,7,0,1,249740119
200600080577,2006-02-17,2006,février,vendredi,13:45,971,97121,0,0,1,1,1,1,1,4,2,00,4,1,0,53,1,0,1,4,1,17,5,3,0,0,2,1,1,200600080577B02,7,13,1,249710062
200600080606,2006-02-10,2006,février,vendredi,15:30,974,97418,0,0,2,1,1,1,1,4,1,01,2,3,60,0,1,0,1,4,1,32,5,3,0,0,2,8,1,200600080606B02,7,1,1,249740119
200600080661,2006-02-25,2006,février,samedi,11:00,973,97304,0,0,2,1,2,1,1,4,2,02,1,1,0,70,1,0,1,3,1,30,5,2,2,0,2,1,1,200600080661B02,7,14,1,200027548
200600080668,2006-02-11,2006,février,samedi,18:30,974,97415,0,0,2,1,3,1,1,3,2,02,2,1,0,71,1,0,1,3,1,17,5,3,0,0,2,1,1,200600080668B02,7,15,1,249740101
200600080682,2006-02-17,2006,février,vendredi,18:30,971,97101,0,0,1,3,6,2,1,4,2,02,3,2,0,48,1,0,1,3,1,13,5,3,9,0,2,8,15,200600080682B01,7,1,1,200018653
200600080710,2006-02-18,2006,février,samedi,17:50,972,97209,0,0,2,1,3,1,1,3,2,02,1,1,0,50,1,0,1,4,1,19,9,3,0,14,0,7,17,200600080710A01,7,2,1,249720061
200600080748,2006-02-25,2006,février,samedi,09:36,973,97302,0,0,2,1,3,1,1,4,-1,01,-1,-1,0,0,1,0,1,4,2,28,9,3,9,0,2,1,0,200600080748A01,7,0,1,249730045
200600080753,2006-02-16,2006,février,jeudi,16:46,973,97302,0,0,2,1,4,1,1,4,2,01,-1,1,0,89,1,0,1,4,1,14,0,3,9,0,2,3,0,200600080753B01,7,0,2,249730045
200600080780,2006-02-06,2006,février,lundi,15:50,974,97411,0,0,2,1,6,1,2,3,2,02,1,1,0,70,1,0,1,1,1,52,5,3,9,0,1,8,0,200600080780A01,,,,249740119
200600080792,2006-02-25,2006,février,samedi,13:10,974,97411,0,0,2,1,1,1,1,4,2,02,1,1,0,71,1,0,1,4,1,23,5,1,9,0,2,1,1,200600080792B01,7,9,1,249740119
200600080796,2006-02-24,2006,février,vendredi,18:42,974,97411,0,0,2,2,3,2,1,4,1,01,1,1,0,71,1,0,1,4,2,18,5,1,4,0,2,1,1,200600080796A01,7,1,1,249740119
200600080838,2006-01-02,2006,janvier,lundi,07:45,973,97302,0,0,2,3,3,1,2,4,2,00,1,-1,0,43,2,0,1,4,1,39,0,3,2,0,2,0,0,200600080838B01,7,0,1,249730045
200600080854,2006-03-18,2006,mars,samedi,18:45,972,97216,0,0,1,1,1,5,1,2,2,00,1,1,0,62,1,0,1,3,1,14,3,3,0,0,2,4,2,200600080854B02,7,1,1,200041788
200600080866,2006-03-20,2006,mars,lundi,11:30,971,97125,0,0,2,1,2,1,1,4,2,02,-1,1,0,65,1,0,1,2,1,51,5,3,0,0,2,4,1,200600080866B02,7,1,1,200041507
200600080879,2006-03-18,2006,mars,samedi,16:15,974,97418,0,0,2,1,1,1,1,4,2,02,2,1,0,50,1,0,1,3,1,18,5,2,2,0,2,0,19,200600080879A01,7,1,1,249740119
200600080887,2006-03-26,2006,mars,dimanche,11:30,974,97419,0,0,2,1,3,1,1,2,2,02,4,3,0,63,1,0,1,3,1,47,5,3,0,0,2,1,13,200600080887A01,7,1,1,249740093
200600080900,2006-03-25,2006,mars,samedi,00:01,974,97412,0,0,2,1,1,5,1,2,1,01,4,1,0,35,1,5,1,3,1,22,5,3,0,0,2,1,5,200600080900B02,7,1,1,249740085
200600080996,2006-03-09,2006,mars,jeudi,07:10,973,97302,0,0,2,2,1,1,1,4,1,02,1,1,0,81,1,0,1,4,2,32,0,3,9,0,2,1,0,200600080996A01,7,0,1,249730045
200600081000,2006-03-07,2006,mars,mardi,08:28,973,97302,0,0,2,1,3,1,1,4,2,00,-1,-1,0,0,1,0,0,4,1,46,0,3,0,0,2,0,0,200600081000A01,7,0,1,249730045
200600081005,2006-03-10,2006,mars,vendredi,11:05,973,97302,0,0,2,1,3,1,1,4,2,01,-1,1,0,59,1,0,1,4,1,12,0,3,9,0,9,1,0,200600081005A01,2,0,1,249730045
200600081014,2006-03-20,2006,mars,lundi,09:42,973,97302,0,0,2,1,3,1,1,4,1,00,-1,-1,0,0,1,0,1,4,1,38,0,3,9,0,2,1,0,200600081014A01,7,0,1,249730045
200600081015,2006-03-12,2006,mars,dimanche,18:10,973,97302,0,0,2,2,3,1,1,4,1,00,2,2,0,129,1,0,1,4,1,21,0,3,9,0,2,1,0,200600081015A01,7,0,1,249730045
200600081023,2006-03-27,2006,mars,lundi,15:50,973,97302,0,0,2,1,6,1,1,4,2,00,1,1,0,45,1,0,1,4,1,14,0,3,9,0,9,0,0,200600081023A01,1,0,1,249730045
200600081023,2006-03-27,2006,mars,lundi,15:50,973,97302,0,0,2,1,6,1,1,4,2,00,1,1,0,45,1,0,1,4,2,57,0,3,9,0,9,0,0,200600081023B01,1,0,1,249730045
200600081024,2006-03-27,2006,mars,lundi,07:01,973,97302,0,0,2,2,6,1,1,4,2,00,1,1,0,0,1,0,1,4,1,19,0,3,9,0,9,1,0,200600081024A01,7,0,1,249730045
200600081028,2006-03-30,2006,mars,jeudi,12:05,973,97302,0,0,2,1,2,1,7,4,3,00,1,1,0,65,1,0,1,4,2,18,0,3,9,0,9,0,16,200600081028B01,7,4,1,249730045
200600081050,2006-03-13,2006,mars,lundi,15:55,974,97411,0,0,2,1,2,1,1,2,2,02,1,1,0,73,1,0,1,4,1,18,2,2,2,0,2,1,2,200600081050A01,10,2,1,249740119
200600081059,2006-03-13,2006,mars,lundi,08:05,974,97411,0,0,2,1,1,1,1,4,1,01,2,1,0,30,1,0,1,4,1,21,5,3,2,0,2,1,5,200600081059B01,7,1,1,249740119
200600081118,2006-04-01,2006,avril,samedi,13:00,972,97222,0,0,1,1,5,1,1,4,2,01,1,1,0,30,1,0,1,3,1,19,5,3,0,0,2,1,1,200600081118B02,7,1,1,200041788
200600081118,2006-04-01,2006,avril,samedi,13:00,972,97222,0,0,1,1,5,1,1,4,2,01,1,1,0,30,1,0,1,3,1,19,5,3,0,0,2,0,1,200600081118C03,7,1,1,200041788
200600081123,2006-04-18,2006,avril,mardi,07:45,971,97107,0,0,1,1,1,1,1,4,2,02,2,2,0,55,1,0,1,3,2,26,3,3,0,0,2,1,13,200600081123A01,7,1,1,249710070
200600081198,2006-04-17,2006,avril,lundi,00:01,974,97416,0,0,1,1,6,3,1,3,2,00,1,1,0,70,1,0,1,3,1,19,0,3,0,0,2,4,2,200600081198A01,,,,249740077
200600081198,2006-04-17,2006,avril,lundi,00:01,974,97416,0,0,1,1,6,3,1,3,2,00,1,1,0,70,1,0,1,3,1,27,5,3,0,0,2,4,2,200600081198A01,,,,249740077
200600081210,2006-02-26,2006,février,dimanche,08:30,972,97213,0,0,2,1,1,1,1,4,2,02,1,1,0,0,1,0,1,4,1,40,9,2,2,0,2,1,1,200600081210B01,7,1,1,249720061
200600081303,2006-04-10,2006,avril,lundi,10:44,973,97302,0,0,1,1,3,1,1,2,1,01,-1,-1,0,99,1,0,1,4,2,60,0,3,9,0,2,7,0,200600081303B01,7,0,1,249730045
200600081354,2006-04-09,2006,avril,dimanche,16:15,974,97411,0,0,1,1,1,1,1,4,2,02,2,3,0,60,9,0,1,4,1,17,5,3,9,0,2,1,1,200600081354A01,7,1,1,249740119
200600081363,2006-04-21,2006,avril,vendredi,18:15,974,97411,0,0,1,3,3,2,1,4,2,02,1,1,0,60,1,0,1,4,2,43,5,1,2,0,2,1,1,200600081363B01,7,1,1,249740119
200600081370,2006-04-06,2006,avril,jeudi,09:35,974,97411,0,0,1,1,2,1,1,4,2,02,2,3,0,70,1,3,4,4,1,50,5,1,2,0,9,1,1,200600081370A01,1,1,1,249740119
200600081370,2006-04-06,2006,avril,jeudi,09:35,974,97411,0,0,1,1,2,1,1,4,2,02,2,3,0,70,1,3,4,1,1,62,5,1,2,0,9,1,1,200600081370B01,1,1,1,249740119
200600081453,2006-05-21,2006,mai,dimanche,21:30,971,97129,0,0,1,1,2,3,1,2,2,02,3,1,0,70,1,0,1,3,1,36,5,3,0,0,2,4,1,200600081453B02,7,1,1,249710062
200600081465,2006-05-24,2006,mai,mercredi,16:00,973,97311,0,0,2,1,3,1,1,4,2,02,1,1,0,60,1,0,1,4,1,17,5,3,0,0,2,8,2,200600081465B02,2,17,1,249730037
200600081468,2006-05-26,2006,mai,vendredi,18:45,974,97418,0,0,1,1,3,3,1,3,2,02,2,2,0,40,1,0,1,3,1,19,5,2,4,0,2,1,1,200600081468A01,10,15,1,249740119
200600081518,2006-05-01,2006,mai,lundi,22:45,973,97304,0,0,2,1,3,5,3,4,2,02,-1,1,0,65,4,0,1,4,1,53,5,3,0,0,2,8,1,200600081518B02,7,20,1,200027548
200600081520,2006-05-20,2006,mai,samedi,16:45,974,97498,0,0,1,6,3,1,1,4,2,02,-1,1,0,135,1,3,1,3,1,40,5,0,2,0,2,7,19,200600081520B02,7,16,1,
200600081559,2006-05-17,2006,mai,mercredi,14:36,972,97209,0,0,2,1,7,1,1,3,1,03,1,-1,0,90,1,0,1,4,1,21,0,3,2,16,0,0,2,200600081559A01,,,,249720061
200600081567,2006-05-21,2006,mai,dimanche,20:15,972,97209,0,0,2,1,6,4,1,4,2,02,1,1,0,70,1,0,1,4,1,14,0,3,9,0,2,0,0,200600081567B01,7,0,1,249720061
200600081594,2006-05-11,2006,mai,jeudi,17:30,973,97302,0,0,2,1,2,1,1,4,2,00,1,1,0,86,1,0,1,4,1,18,0,3,2,0,2,1,0,200600081594B01,7,0,1,249730045
200600081598,2006-05-20,2006,mai,samedi,15:40,973,97302,0,0,2,1,2,1,1,4,2,00,1,1,0,40,1,0,1,4,2,47,0,3,2,0,2,0,0,200600081598B01,7,0,1,249730045
200600081599,2006-05-20,2006,mai,samedi,11:23,973,97302,0,0,2,1,6,1,1,2,1,00,1,-1,0,0,1,0,1,4,1,23,0,3,9,0,0,0,0,200600081599A01,,,,249730045
200600081603,2006-05-16,2006,mai,mardi,11:30,973,97302,0,0,2,1,3,1,2,4,1,00,1,-1,0,118,2,0,0,4,1,33,0,3,9,0,2,1,0,200600081603A01,7,0,1,249730045
200600081605,2006-05-22,2006,mai,lundi,09:31,973,97302,0,0,1,6,2,1,1,2,2,02,-1,-1,0,0,-1,0,0,4,2,33,9,3,2,0,2,1,2,200600081605B01,7,2,1,249730045
200600081623,2006-05-26,2006,mai,vendredi,14:35,973,97302,0,0,1,1,3,1,1,3,2,20,1,1,0,0,1,0,1,4,2,14,2,3,2,0,2,4,16,200600081623B01,7,1,1,249730045
200600081627,2006-05-04,2006,mai,jeudi,16:50,974,97407,0,0,2,1,3,1,1,2,2,02,1,1,0,90,1,0,1,4,1,41,5,3,9,0,2,7,19,200600081627B01,10,2,1,249740101
200600081635,2006-05-31,2006,mai,mercredi,15:30,974,97407,0,0,2,1,3,1,1,2,3,02,1,1,35,75,1,0,1,4,1,59,5,3,9,0,2,8,2,200600081635B01,7,2,1,249740101
200600081638,2006-05-02,2006,mai,mardi,19:25,974,97411,0,0,1,1,1,3,1,4,2,02,4,3,0,109,1,0,1,4,1,16,5,1,2,0,2,1,13,200600081638B01,7,23,1,249740119
200600081643,2006-05-17,2006,mai,mercredi,07:40,974,97411,0,0,2,1,6,1,1,3,2,00,1,1,0,0,1,0,0,4,1,14,2,2,2,0,2,3,1,200600081643B01,7,1,1,249740119
200600081696,2006-06-14,2006,juin,mercredi,08:00,971,97128,0,0,2,1,1,1,1,3,2,02,1,1,0,57,1,0,1,3,1,41,5,0,2,0,0,0,0,200600081696B02,7,0,1,200041507
200600081699,2006-06-11,2006,juin,dimanche,19:30,973,97307,0,0,1,1,1,3,1,2,2,02,-1,2,0,70,1,0,1,3,1,17,5,3,0,0,2,1,5,200600081699A01,7,1,1,249730045
200600081709,2006-06-24,2006,juin,samedi,16:15,974,97420,0,0,1,1,1,1,1,4,2,02,2,2,0,60,1,0,1,3,1,14,5,3,0,0,2,1,13,200600081709B02,7,1,1,249740119
200600081748,2006-06-23,2006,juin,vendredi,10:30,973,97309,0,0,2,6,6,1,1,3,2,01,1,-1,0,50,1,5,1,3,1,16,5,3,0,0,2,1,19,200600081748B02,7,1,1,249730045
200600081770,2006-05-12,2006,mai,vendredi,22:05,972,97213,0,0,1,3,3,5,1,3,2,02,1,2,0,0,1,5,1,3,1,20,5,2,2,0,2,1,19,200600081770B01,7,1,1,249720061
200600081775,2006-04-04,2006,avril,mardi,18:30,972,97213,0,0,1,1,3,2,1,4,-1,00,2,-1,0,0,1,0,1,4,1,18,0,3,0,0,2,1,1,200600081775B01,7,1,1,249720061
200600081781,2006-04-15,2006,avril,samedi,15:47,972,97213,0,0,2,3,3,1,1,4,2,02,1,-1,0,0,1,0,1,4,1,8,5,2,2,0,2,1,1,200600081781B01,7,1,1,249720061
200600081788,2006-05-01,2006,mai,lundi,14:10,972,97213,0,0,1,6,3,1,1,3,1,02,1,3,0,0,1,0,1,4,1,28,0,2,2,0,2,0,1,200600081788A01,7,1,1,249720061
200600081926,2006-06-06,2006,juin,mardi,12:14,973,97302,0,0,1,1,3,1,1,4,1,01,1,1,0,0,1,0,1,4,1,16,9,3,9,0,2,1,0,200600081926B01,7,0,1,249730045
200600081928,2006-06-06,2006,juin,mardi,11:35,973,97302,0,0,2,1,6,1,1,4,1,00,1,1,0,0,1,0,1,4,1,25,0,3,9,0,2,0,0,200600081928B01,7,0,2,249730045
200600081950,2006-06-05,2006,juin,lundi,08:30,974,97407,0,0,2,1,6,1,1,2,2,02,1,1,0,75,1,0,1,3,1,19,1,3,9,0,0,0,2,200600081950A01,,,,249740101
200600081951,2006-06-07,2006,juin,mercredi,14:00,974,97407,0,0,2,1,3,1,1,4,1,01,1,1,45,75,1,0,1,4,1,42,5,2,9,0,2,1,2,200600081951B01,7,4,1,249740101
200600081953,2006-06-11,2006,juin,dimanche,09:00,974,97407,0,0,2,1,3,1,1,4,1,01,1,1,45,79,1,0,1,4,1,7,5,3,9,0,2,1,19,200600081953A01,7,2,1,249740101
200600081965,2006-06-03,2006,juin,samedi,23:15,974,97411,0,0,2,1,6,5,1,4,2,02,2,1,0,60,1,0,1,3,1,24,5,2,2,0,2,1,1,200600081965B01,7,15,1,249740119
200600081973,2006-06-05,2006,juin,lundi,14:25,974,97411,0,0,2,2,3,1,1,4,2,02,2,1,0,60,1,0,1,4,1,18,5,3,9,0,2,1,1,200600081973A01,7,1,1,249740119
200600081975,2006-06-11,2006,juin,dimanche,13:50,974,97411,0,0,2,1,6,1,1,4,2,02,2,2,0,70,1,0,1,4,2,7,5,3,9,0,2,1,13,200600081975A01,7,1,1,249740119
200600081977,2006-06-17,2006,juin,samedi,05:45,974,97411,0,0,2,1,6,5,8,4,1,02,2,1,0,70,1,0,1,4,1,39,1,2,2,0,1,1,1,200600081977A01,,,,249740119
200600081983,2006-06-23,2006,juin,vendredi,18:40,974,97411,0,0,1,1,1,3,1,4,2,00,2,3,0,60,1,0,1,4,1,10,5,3,9,0,2,1,5,200600081983A01,7,1,1,249740119
200600081984,2006-06-28,2006,juin,mercredi,17:30,974,97411,0,0,2,1,3,1,1,4,2,20,2,1,0,71,1,0,1,4,1,17,5,2,2,1,2,1,13,200600081984A01,7,1,1,249740119
200600081992,2006-06-01,2006,juin,jeudi,19:40,974,97411,0,0,2,1,6,2,1,4,2,02,2,1,0,70,1,0,1,1,1,19,9,3,9,0,1,1,1,200600081992A01,,,,249740119
200600081992,2006-06-01,2006,juin,jeudi,19:40,974,97411,0,0,2,1,6,2,1,4,2,02,2,1,0,70,1,0,1,4,2,65,9,3,0,0,1,1,1,200600081992A01,,,,249740119
200600081999,2006-06-24,2006,juin,samedi,11:10,974,97416,0,0,2,1,3,1,1,4,1,01,1,1,0,71,1,0,1,4,1,35,5,2,9,0,2,7,17,200600081999B01,18,1,1,249740077
200600082000,2006-06-26,2006,juin,lundi,15:00,974,97414,0,0,2,3,3,1,1,4,2,02,1,1,0,50,1,0,1,4,1,14,5,3,9,0,2,1,1,200600082000A01,7,1,1,249740077
200600082055,2006-07-30,2006,juillet,dimanche,19:15,971,97127,0,0,2,1,2,5,1,3,2,02,1,1,0,54,1,0,1,2,1,30,9,3,0,0,9,4,1,200600082055B02,10,1,1,
200600082077,2006-07-08,2006,juillet,samedi,17:45,974,97421,0,0,2,3,3,1,1,3,2,02,2,1,0,51,1,5,1,4,1,18,5,1,2,0,2,7,1,200600082077A01,10,15,1,249740093
200600082137,2006-07-09,2006,juillet,dimanche,07:40,972,97227,0,0,1,1,6,2,1,3,3,02,-1,1,0,0,1,0,1,3,1,53,5,3,0,0,0,0,0,200600082137B02,7,0,1,249720053
200600082137,2006-07-09,2006,juillet,dimanche,07:40,972,97227,0,0,1,1,6,2,1,3,3,02,-1,1,0,0,1,0,1,4,1,39,5,1,2,0,0,0,0,200600082137C03,7,0,1,249720053
200600082151,2006-07-01,2006,juillet,samedi,19:45,971,97101,0,0,2,1,6,4,1,4,2,02,1,1,0,60,1,0,1,4,2,18,5,3,4,0,2,8,1,200600082151B01,14,1,1,200018653
200600082157,2006-07-11,2006,juillet,mardi,07:20,971,97101,0,0,2,1,2,1,1,2,2,02,2,1,0,0,1,0,1,3,1,18,4,3,2,0,2,1,1,200600082157A01,7,1,1,200018653
200600082227,2006-07-05,2006,juillet,mercredi,14:45,973,97302,0,0,2,3,3,1,1,4,1,00,-1,1,0,0,1,0,1,4,1,18,0,3,9,0,9,1,0,200600082227A01,2,0,1,249730045
200600082234,2006-07-12,2006,juillet,mercredi,17:15,973,97302,0,0,1,1,3,1,1,3,1,00,1,2,0,0,1,0,1,4,2,15,0,3,9,0,2,7,0,200600082234B01,7,0,1,249730045
200600082248,2006-07-06,2006,juillet,jeudi,12:15,974,97407,0,0,2,1,3,1,1,4,2,02,1,1,0,75,1,0,1,3,1,19,1,2,9,0,2,1,15,200600082248A01,10,2,1,249740101
200600082271,2006-07-26,2006,juillet,mercredi,13:55,974,97411,0,0,2,1,3,1,1,4,1,03,1,1,0,0,1,0,1,4,1,16,9,3,9,0,2,1,21,200600082271B01,7,22,1,249740119
200600082333,2006-08-20,2006,août,dimanche,08:10,972,97217,0,0,1,1,5,1,1,4,2,00,1,1,0,31,1,0,1,4,1,19,5,3,0,0,2,1,16,200600082333A01,7,1,2,249720053
200600082360,2006-08-11,2006,août,vendredi,11:00,971,97128,0,0,2,1,7,1,1,4,2,00,1,1,0,0,1,0,1,3,1,15,5,3,0,0,0,0,1,200600082360A01,,,,200041507
200600082361,2006-08-03,2006,août,jeudi,11:30,971,97116,0,0,2,1,6,1,1,3,2,02,1,1,0,0,1,5,1,2,1,29,5,3,0,0,0,0,0,200600082361B02,7,1,1,200044691
200600082365,2006-08-02,2006,août,mercredi,17:50,973,97305,0,0,1,2,5,1,1,2,2,00,-1,1,0,80,1,0,1,2,1,22,9,3,0,0,2,4,2,200600082365B02,10,2,1,249730045
200600082365,2006-08-02,2006,août,mercredi,17:50,973,97305,0,0,1,2,5,1,1,2,2,00,-1,1,0,80,1,0,1,2,1,20,9,3,0,0,2,4,2,200600082365C03,10,2,1,249730045
200600082366,2006-08-11,2006,août,vendredi,08:30,973,97311,0,0,1,1,1,1,1,3,2,02,1,2,0,54,1,0,1,2,1,33,5,3,0,0,2,1,1,200600082366B02,7,13,1,249730037
200600082415,2006-08-31,2006,août,jeudi,13:00,973,97304,0,0,2,1,1,1,1,9,2,02,-1,1,70,0,1,0,1,2,1,42,5,3,0,0,2,4,2,200600082415A01,10,2,1,200027548
200600082429,2006-08-12,2006,août,samedi,14:35,971,97101,0,0,2,1,3,1,1,3,2,02,3,3,0,60,1,0,1,3,1,36,5,3,9,0,2,1,19,200600082429B01,7,1,1,200018653
200600082431,2006-08-05,2006,août,samedi,16:00,971,97101,0,0,1,3,3,1,1,3,2,02,1,1,0,0,1,0,1,1,2,26,5,3,0,0,2,1,1,200600082431A01,7,1,1,200018653
200600082472,2006-08-30,2006,août,mercredi,12:30,972,97213,0,0,1,1,1,1,1,3,2,02,2,3,0,0,1,0,1,4,1,17,5,2,2,0,2,1,13,200600082472A01,7,1,1,249720061
200600082494,2006-08-09,2006,août,mercredi,16:46,973,97302,0,0,2,1,3,1,1,4,1,00,1,-1,0,91,1,0,1,4,1,52,0,3,9,0,9,1,0,200600082494A01,7,0,1,249730045
200600082512,2006-08-18,2006,août,vendredi,13:29,973,97302,0,0,2,2,2,1,1,4,1,00,1,-1,0,0,1,0,1,4,1,21,0,3,9,0,2,1,1,200600082512A01,7,1,1,249730045
200600082516,2006-08-26,2006,août,samedi,11:42,973,97302,0,0,2,3,2,1,1,4,2,00,1,1,0,72,1,0,1,4,2,53,0,3,9,0,2,1,0,200600082516B01,7,0,1,249730045
200600082529,2006-08-04,2006,août,vendredi,21:00,974,97409,0,0,1,1,3,3,1,4,2,00,1,1,0,0,1,0,0,3,1,38,0,2,4,0,2,8,1,200600082529B01,7,2,1,249740093
200600082530,2006-08-01,2006,août,mardi,17:55,974,97411,0,0,2,1,3,2,1,4,2,02,2,1,0,70,1,0,1,4,1,18,9,3,9,0,2,1,17,200600082530B01,7,15,1,249740119
200600082537,2006-08-16,2006,août,mercredi,16:08,974,97411,0,0,2,2,1,1,1,4,2,02,1,1,0,71,1,0,1,4,1,26,9,3,2,0,2,1,1,200600082537B01,7,15,1,249740119
200600082553,2006-08-21,2006,août,lundi,08:45,974,97414,0,0,2,1,6,1,1,4,1,01,1,1,0,70,1,0,1,4,1,18,5,3,9,0,2,7,1,200600082553B01,7,20,1,249740077
200600082590,2006-09-19,2006,septembre,mardi,14:30,972,97224,0,0,2,1,1,1,1,3,2,02,-1,2,40,40,1,0,1,3,1,13,5,3,0,0,2,1,13,200600082590B02,7,1,1,249720061
200600082597,2006-09-08,2006,septembre,vendredi,10:15,972,97212,0,0,1,1,2,1,1,3,2,00,4,1,0,50,1,0,1,3,1,24,0,3,0,0,0,4,13,200600082597A01,10,17,1,200041788
200600082620,2006-09-27,2006,septembre,mercredi,19:45,971,97116,0,0,1,1,3,5,1,2,2,02,-1,1,0,87,1,0,1,3,1,60,5,3,0,0,0,6,0,200600082620B02,7,19,1,200044691
200600082633,2006-09-16,2006,septembre,samedi,19:15,973,97306,0,0,1,1,3,3,1,2,2,02,1,1,0,60,1,0,1,3,1,44,5,3,0,0,2,8,2,200600082633B02,7,2,1,249730037
200600082695,2006-09-22,2006,septembre,vendredi,17:07,971,97107,0,0,2,2,3,1,1,4,-1,01,1,-1,0,70,1,0,1,4,1,15,5,3,9,0,0,4,0,200600082695A01,7,1,1,249710070
200600082695,2006-09-22,2006,septembre,vendredi,17:07,971,97107,0,0,2,2,3,1,1,4,-1,01,1,-1,0,70,1,0,1,4,1,14,0,3,9,0,0,4,0,200600082695A01,7,1,1,249710070
200600082730,2006-09-02,2006,septembre,samedi,15:21,973,97302,0,0,2,1,2,1,1,4,2,02,1,1,0,112,1,0,1,4,1,54,0,3,9,0,9,4,0,200600082730A01,33,0,1,249730045
200600082738,2006-09-13,2006,septembre,mercredi,10:45,973,97302,0,0,2,1,3,1,1,4,3,00,1,1,0,106,1,0,1,4,1,14,0,3,9,0,2,1,19,200600082738B01,7,1,1,249730045
200600082742,2006-09-11,2006,septembre,lundi,15:45,973,97302,0,0,2,1,1,1,1,4,2,01,1,1,0,90,1,0,1,4,1,25,9,3,9,0,2,1,5,200600082742A01,7,1,1,249730045
200600082743,2006-09-08,2006,septembre,vendredi,18:52,973,97302,0,0,2,1,3,5,1,4,2,01,-1,4,0,65,1,0,1,4,1,13,5,3,9,0,2,1,0,200600082743B01,7,1,1,249730045