Num_Acc,date,an,mois,jour,hrmn,dep,com,lat,long,agg,int,col,lum,atm,catr,circ,nbv,prof,plan,lartpc,larrout,surf,infra,situ,grav,sexe,age,trajet,secuexist,equipement,obs,obsm,choc,manv,vehiculeid,typevehicules,manoeuvehicules,numVehicules,_infos_commune.code_epci
200600082744,2006-09-14,2006,septembre,jeudi,17:25,973,97302,0,0,2,3,2,1,1,4,2,00,1,1,0,76,1,0,1,4,1,36,5,3,9,0,2,4,0,200600082744B01,7,0,1,249730045
200600082749,2006-09-18,2006,septembre,lundi,17:45,973,97302,0,0,1,2,3,1,1,1,2,00,1,-1,0,75,1,0,1,4,1,14,9,3,9,0,9,1,13,200600082749A01,2,1,1,249730045
200600082754,2006-09-22,2006,septembre,vendredi,12:50,973,97302,0,0,2,1,6,1,1,4,1,00,1,1,0,0,1,0,1,3,1,11,0,3,9,0,2,0,1,200600082754A01,7,24,1,249730045
200600082774,2006-09-09,2006,septembre,samedi,19:00,974,97407,0,0,2,1,3,5,1,2,2,02,1,1,0,75,1,0,1,3,1,17,5,2,9,0,2,8,1,200600082774A01,7,1,1,249740101
200600082779,2006-09-26,2006,septembre,mardi,08:33,974,97407,0,0,2,1,3,1,1,4,2,02,1,1,0,75,1,0,1,4,2,60,5,1,9,0,2,8,1,200600082779B01,10,1,1,249740101
200600082801,2006-09-29,2006,septembre,vendredi,18:50,974,97411,0,0,2,6,6,5,1,4,2,02,1,3,0,0,1,0,1,4,1,13,5,3,0,0,2,3,16,200600082801A01,,,,249740119
200600082858,2006-10-10,2006,octobre,mardi,18:30,972,97230,0,0,2,1,1,5,1,9,2,02,2,1,0,65,1,0,1,4,1,14,5,3,0,0,2,1,13,200600082858B02,7,1,1,200041788
200600082875,2006-10-15,2006,octobre,dimanche,10:15,971,97119,0,0,1,1,5,1,1,3,2,02,-1,4,0,54,1,0,0,3,1,34,5,1,2,0,2,1,1,200600082875B02,7,13,1,200044691
200600082875,2006-10-15,2006,octobre,dimanche,10:15,971,97119,0,0,1,1,5,1,1,3,2,02,-1,4,0,54,1,0,0,3,1,37,5,1,2,0,2,1,1,200600082875C03,7,13,1,200044691
200600082883,2006-10-23,2006,octobre,lundi,19:15,973,97307,0,0,2,1,1,3,1,3,2,02,1,1,0,0,1,5,1,4,1,11,5,2,4,0,2,1,19,200600082883B02,7,13,1,249730045
200600082885,2006-10-01,2006,octobre,dimanche,20:00,973,97305,0,0,1,1,1,3,1,2,2,02,1,1,0,76,1,0,1,3,1,34,9,3,0,0,2,0,23,200600082885B02,7,1,1,249730045
200600082891,2006-10-28,2006,octobre,samedi,20:00,973,97312,0,0,2,1,2,5,1,4,2,02,-1,-1,0,41,-1,0,0,4,1,20,0,3,0,0,2,4,1,200600082891B02,7,1,1,200027548
200600082897,2006-10-07,2006,octobre,samedi,19:15,974,97418,0,0,2,1,3,5,1,4,2,02,2,1,0,0,1,0,1,3,1,16,5,3,0,0,2,0,0,200600082897B02,7,1,1,249740119
200600082907,2006-10-30,2006,octobre,lundi,17:30,974,97415,0,0,2,1,7,1,1,3,2,00,2,3,0,53,1,0,1,3,1,14,5,3,0,6,0,8,13,200600082907A01,,,,249740101
200600082907,2006-10-30,2006,octobre,lundi,17:30,974,97415,0,0,2,1,7,1,1,3,2,00,2,3,0,53,1,0,1,2,1,26,0,3,0,6,0,8,13,200600082907A01,,,,249740101
200600082951,2006-10-19,2006,octobre,jeudi,08:45,971,97103,0,0,1,1,2,1,1,2,2,00,1,1,0,123,1,0,5,3,1,38,1,3,0,1,0,1,1,200600082951A01,10,24,1,200018653
200600082967,2006-10-26,2006,octobre,jeudi,17:00,974,97456,0,0,2,1,3,1,1,4,2,02,2,3,0,49,1,0,1,3,1,18,5,3,0,0,2,8,19,200600082967A01,7,1,1,
200600082984,2006-09-14,2006,septembre,jeudi,07:20,972,97209,0,0,2,1,6,1,1,3,2,02,1,3,0,0,1,0,1,4,1,19,9,3,2,0,2,1,15,200600082984B01,7,1,1,249720061
200600082984,2006-09-14,2006,septembre,jeudi,07:20,972,97209,0,0,2,1,6,1,1,3,2,02,1,3,0,0,1,0,1,4,2,11,0,3,2,0,2,1,15,200600082984B01,7,1,1,249720061
200600083060,2006-10-12,2006,octobre,jeudi,16:30,973,97302,0,0,2,1,6,1,1,4,2,00,1,1,0,70,1,0,1,4,2,17,0,3,9,0,1,0,0,200600083060A01,,,,249730045
200600083074,2006-10-18,2006,octobre,mercredi,19:06,973,97302,0,0,1,1,3,2,1,2,1,00,1,3,0,0,1,0,1,4,1,32,0,3,9,0,2,0,1,200600083074B01,7,9,1,249730045
200600083078,2006-10-21,2006,octobre,samedi,17:15,973,97302,0,0,1,1,6,1,1,3,2,00,1,-1,0,81,1,0,1,4,1,39,5,3,9,0,9,1,1,200600083078C01,1,1,1,249730045
200600083078,2006-10-21,2006,octobre,samedi,17:15,973,97302,0,0,1,1,6,1,1,3,2,00,1,-1,0,81,1,0,1,4,1,36,0,3,9,0,9,1,1,200600083078B01,1,1,1,249730045
200600083085,2006-10-24,2006,octobre,mardi,13:25,973,97302,0,0,1,1,6,1,1,4,2,00,1,1,0,70,1,0,1,4,2,21,0,3,0,0,1,0,0,200600083085A01,,,,249730045
200600083128,2006-10-20,2006,octobre,vendredi,18:26,974,97411,0,0,2,1,6,2,1,4,1,01,1,1,0,35,1,0,1,4,1,7,5,3,9,0,0,1,1,200600083128B01,7,20,1,249740119
200600083203,2006-11-15,2006,novembre,mercredi,17:00,971,97117,0,0,1,1,1,1,1,3,2,02,2,1,0,50,1,0,1,3,2,13,5,3,0,0,2,4,2,200600083203B02,7,2,1,200044691
200600083234,2006-11-26,2006,novembre,dimanche,10:30,974,97412,0,0,1,1,1,1,1,4,2,00,2,2,0,40,1,0,1,3,1,8,5,3,0,0,2,1,11,200600083234B02,7,1,1,249740085
200600083272,2006-11-01,2006,novembre,mercredi,16:45,974,97440,0,0,2,1,1,1,1,4,2,01,2,3,0,40,1,0,1,3,1,17,5,3,0,0,2,1,13,200600083272A01,7,1,1,
200600083297,2006-11-04,2006,novembre,samedi,18:15,972,97213,0,0,1,2,1,2,1,3,2,02,4,1,0,0,-1,0,1,3,2,38,0,3,2,0,2,9,15,200600083297B01,7,17,1,249720061
200600083319,2006-11-11,2006,novembre,samedi,19:07,973,97302,0,0,2,1,3,3,1,4,2,00,1,1,0,57,1,0,1,4,2,9,5,3,9,0,9,1,1,200600083319B01,2,1,1,249730045
200600083319,2006-11-11,2006,novembre,samedi,19:07,973,97302,0,0,2,1,3,3,1,4,2,00,1,1,0,57,1,0,1,3,1,6,0,3,9,0,9,1,1,200600083319B01,2,1,1,249730045
200600083331,2006-11-18,2006,novembre,samedi,18:16,973,97302,0,0,2,1,6,2,1,4,2,00,1,4,0,70,1,0,1,1,1,16,0,3,9,0,1,1,1,200600083331A01,,,,249730045
200600083331,2006-11-18,2006,novembre,samedi,18:16,973,97302,0,0,2,1,6,2,1,4,2,00,1,4,0,70,1,0,1,4,2,15,0,3,0,0,1,1,1,200600083331A01,,,,249730045
200600083332,2006-11-18,2006,novembre,samedi,16:09,973,97302,0,0,2,1,3,1,1,4,2,00,1,1,0,0,1,0,1,4,1,13,0,3,9,0,2,0,13,200600083332A01,7,1,1,249730045
200600083337,2006-11-18,2006,novembre,samedi,10:54,973,97302,0,0,1,6,7,1,1,2,3,02,1,-1,0,0,1,0,4,4,1,17,0,3,2,0,0,0,0,200600083337A01,,,,249730045
200600083340,2006-11-25,2006,novembre,samedi,05:20,973,97302,0,0,2,1,3,5,1,3,2,00,1,1,0,113,2,0,1,4,1,50,0,3,9,0,2,1,1,200600083340B01,7,1,1,249730045
200600083342,2006-11-28,2006,novembre,mardi,07:41,973,97302,0,0,2,1,3,1,1,3,1,00,1,3,0,90,1,0,1,4,1,44,0,3,9,0,2,4,1,200600083342B01,7,9,1,249730045
200600083346,2006-11-12,2006,novembre,dimanche,10:35,974,97407,0,0,2,1,6,1,1,4,1,01,2,1,0,65,1,0,1,1,1,10,5,2,9,0,1,1,15,200600083346A01,,,,249740101
200600083359,2006-11-05,2006,novembre,dimanche,20:15,974,97411,0,0,2,1,2,3,1,4,1,01,1,1,0,35,-1,0,3,4,1,15,9,3,9,0,2,2,1,200600083359A01,7,20,1,249740119
200600083361,2006-11-07,2006,novembre,mardi,07:50,974,97411,0,0,2,1,2,1,1,2,3,04,2,1,15,120,1,0,1,4,1,50,5,1,2,0,2,2,2,200600083361A01,7,23,1,249740119
200600083442,2006-12-13,2006,décembre,mercredi,05:00,972,97210,0,0,1,1,1,1,1,4,2,00,2,1,0,40,1,0,1,4,1,15,5,3,0,0,2,1,5,200600083442A01,7,1,1,249720053
200600083452,2006-12-19,2006,décembre,mardi,17:15,971,97111,0,0,1,1,1,1,1,3,2,02,1,3,0,63,1,0,1,3,1,13,5,3,0,0,2,1,9,200600083452A01,7,1,1,249710062
200600083453,2006-12-23,2006,décembre,samedi,18:00,971,97109,0,0,2,1,3,3,2,4,2,02,2,1,0,0,2,0,1,3,1,12,5,3,0,0,0,1,0,200600083453B02,7,1,1,249710070
200600083459,2006-12-20,2006,décembre,mercredi,06:30,971,97117,0,0,2,1,2,1,1,3,2,02,1,1,0,0,1,0,1,3,1,12,2,0,2,0,2,1,2,200600083459A01,14,23,1,200044691
200600083484,2006-12-17,2006,décembre,dimanche,10:15,974,97421,0,0,1,1,7,1,1,3,2,02,2,2,0,56,1,2,1,3,1,17,5,3,0,6,0,1,1,200600083484A01,,,,249740093
200600083486,2006-12-12,2006,décembre,mardi,20:30,974,97415,0,0,2,1,1,5,1,4,2,02,1,2,0,55,1,0,1,3,1,19,5,3,0,0,2,1,1,200600083486B02,32,13,1,249740101
200600083525,2006-12-05,2006,décembre,mardi,11:45,971,97103,0,0,1,1,2,1,2,2,2,00,2,1,0,0,2,0,1,3,1,27,5,2,2,0,2,4,13,200600083525B02,7,1,1,200018653
200600083542,2006-12-24,2006,décembre,dimanche,16:30,974,97451,0,0,2,1,1,1,1,4,2,02,2,1,0,40,1,0,1,3,1,16,5,3,0,0,2,1,13,200600083542A01,33,1,1,
200600083651,2006-12-08,2006,décembre,vendredi,19:50,973,97302,0,0,2,2,3,4,1,4,2,02,-1,-1,0,62,1,0,1,4,1,35,0,3,9,0,2,0,15,200600083651B01,7,16,1,249730045
200600083670,2006-12-21,2006,décembre,jeudi,07:15,973,97302,0,0,2,1,3,1,1,3,2,02,1,1,0,86,1,0,1,4,1,32,3,2,9,0,2,1,15,200600083670A01,7,0,1,249730045
200600083678,2006-12-01,2006,décembre,vendredi,13:25,974,97407,0,0,2,1,3,1,1,4,2,02,1,-1,0,68,1,0,1,4,1,14,5,3,9,0,2,1,9,200600083678A01,10,1,1,249740101
200600083683,2006-12-06,2006,décembre,mercredi,11:15,974,97407,0,0,2,3,3,1,1,4,1,02,1,1,0,65,1,0,1,4,1,25,5,2,9,0,2,1,15,200600083683A01,7,1,1,249740101
200600083715,2006-12-16,2006,décembre,samedi,15:35,974,97411,0,0,2,1,7,1,1,4,2,02,1,1,0,92,1,0,1,4,1,39,9,3,9,0,0,0,1,200600083715B01,7,9,1,249740119
200600083778,2006-10-02,2006,octobre,lundi,14:40,972,97209,0,0,2,1,2,1,1,4,1,01,1,1,0,40,1,0,1,4,1,22,0,3,2,0,2,4,2,200600083778B01,7,2,1,249720061
200600083802,2006-10-25,2006,octobre,mercredi,20:10,972,97209,0,0,2,1,6,5,1,2,2,02,1,1,0,120,1,0,1,4,1,14,0,3,2,0,2,3,10,200600083802B01,7,1,1,249720061
200700000029,2007-01-08,2007,janvier,lundi,16:00,62,62318,50.52,1.646,2,1,6,1,2,4,2,02,-1,1,0,70,2,0,1,3,1,35,5,3,0,0,2,1,19,200700000029A01,7,1,1,200069029
200700000032,2007-01-29,2007,janvier,lundi,08:00,62,62038,50.859,1.977,2,1,1,1,1,4,1,01,-1,1,0,50,-1,0,0,3,1,14,0,3,0,0,2,1,1,200700000032B02,2,5,1,200072478
200700000136,2007-01-11,2007,janvier,jeudi,18:15,76,76312,0,0,2,1,3,5,2,3,2,00,-1,1,0,73,2,0,1,3,2,56,1,3,0,0,2,1,1,200700000136A01,7,15,1,200069730
200700000211,2007-01-16,2007,janvier,mardi,17:30,22,22207,48.605,-3.489,1,1,2,1,1,3,2,02,2,2,0,70,1,0,1,3,1,67,5,1,2,0,0,4,0,200700000211B02,38,2,1,200065928
200700000243,2007-01-12,2007,janvier,vendredi,07:45,14,14554,0,0,1,1,1,3,9,3,2,02,1,3,0,70,2,0,1,3,1,58,1,3,0,0,2,7,15,200700000243B02,10,1,1,200065597
200700000263,2007-01-25,2007,janvier,jeudi,14:45,50,50025,48.686,-1.355,2,6,3,1,9,3,4,00,1,1,0,127,2,0,1,2,1,55,5,0,2,0,2,8,11,200700000263B02,14,11,1,200069425
200700000290,2007-01-01,2007,janvier,lundi,18:30,61,61050,0,0,1,1,2,3,2,3,2,02,1,3,0,0,2,0,3,3,1,71,0,3,0,0,0,4,1,200700000290B02,7,2,1,200068435
200700000316,2007-01-10,2007,janvier,mercredi,10:45,44,44211,0,0,2,6,3,1,8,3,-1,01,1,2,0,0,2,5,1,3,1,64,5,3,0,0,2,7,1,200700000316B02,7,1,1,244400610
200700000319,2007-01-12,2007,janvier,vendredi,19:00,44,44139,0,0,1,1,5,3,1,3,2,00,1,1,0,55,1,0,1,1,1,49,5,2,9,0,0,0,1,200700000319C03,7 / 10,1 / 17,2,200072734
200700000322,2007-01-28,2007,janvier,dimanche,09:15,44,44158,47.282,-1.78,2,1,1,1,1,9,2,00,1,1,0,0,1,0,1,4,1,24,5,3,0,0,2,1,1,200700000322B02,7,15,1,200072734
200700000334,2007-01-18,2007,janvier,jeudi,08:15,49,49220,0,0,1,1,2,2,6,3,2,02,1,1,0,60,2,0,1,2,1,38,1,3,0,0,0,4,23,200700000334B02,7,1,1,200068955
200700000356,2007-01-17,2007,janvier,mercredi,16:00,53,53096,48.3,-0.922,2,1,3,1,3,2,2,02,1,1,0,81,2,0,1,3,1,36,5,3,0,0,2,1,1,200700000356B02,7,15,1,245300355
200700000360,2007-01-31,2007,janvier,mercredi,17:00,72,72047,0,0,1,1,2,1,1,3,2,02,3,1,0,60,-1,2,1,4,2,16,5,3,0,0,0,4,1,200700000360B02,7,17,1,247200421
200700000362,2007-01-11,2007,janvier,jeudi,16:45,72,72373,0,0,2,3,3,1,2,3,2,02,1,1,0,63,2,5,1,4,1,11,2,2,2,0,2,8,13,200700000362A01,7,1,1,200072692
200700000370,2007-01-03,2007,janvier,mercredi,15:30,72,72039,48.179,0.428,2,2,3,1,1,3,2,02,1,2,0,42,1,5,1,3,2,57,5,3,0,0,2,4,1,200700000370A01,7,19,1,200072676
200700000404,2007-01-19,2007,janvier,vendredi,09:00,33,33011,44.768,-1.142,2,1,3,1,8,9,-1,00,1,1,0,0,2,0,1,2,1,70,3,3,0,0,2,0,1,200700000404B02,7,0,1,243301504
200700000415,2007-01-10,2007,janvier,mercredi,15:45,33,33030,44.6,-0.3,1,1,3,1,1,3,2,02,-1,1,0,103,1,0,1,2,1,78,5,3,0,0,2,1,0,200700000415B02,7,1,1,200069581
200700000429,2007-01-24,2007,janvier,mercredi,18:15,24,24010,45.188,0.609,1,1,2,3,1,3,2,02,1,1,0,63,1,0,1,3,1,16,5,3,0,1,2,5,15,200700000429B02,7,17,1,200040392
200700000460,2007-01-02,2007,janvier,mardi,10:15,47,47110,0,0,2,2,1,1,1,3,2,02,1,1,0,60,2,5,1,3,1,88,5,3,0,0,2,1,19,200700000460A01,7,21,1,200030674
200700000461,2007-01-10,2007,janvier,mercredi,10:40,47,47046,0,0,1,1,1,1,1,3,2,02,-1,1,0,57,1,0,1,2,2,85,5,3,0,0,2,5,15,200700000461A01,10,1,1,200030674
200700000477,2007-01-16,2007,janvier,mardi,18:15,86,86039,0,0,2,1,3,5,8,3,2,02,1,1,0,46,2,5,1,3,1,9,5,3,0,0,0,7,19,200700000477B02,7,1,1,200070035
200700000554,2007-01-22,2007,janvier,lundi,17:00,31,31091,43.741,1.402,1,1,6,1,2,3,2,02,2,2,0,58,1,0,1,4,1,29,1,3,0,0,2,6,2,200700000554A01,,,,243100518
200700000641,2007-01-29,2007,janvier,lundi,17:15,69,69297,0,0,2,1,3,1,1,4,2,00,1,1,0,55,1,0,1,3,1,13,5,3,0,0,2,3,15,200700000641B02,31,13,1,246900765
200700000667,2007-01-11,2007,janvier,jeudi,21:30,01,01281,0,0,1,1,2,3,1,3,2,01,1,1,77,0,1,0,0,4,2,30,1,0,2,0,0,4,1,200700000667B02,10,2,1,240100750
200700000688,2007-01-16,2007,janvier,mardi,14:30,07,07324,45.068,4.84,2,3,3,1,1,4,1,01,1,1,0,60,1,5,1,4,2,70,5,3,0,0,2,7,1,200700000688B02,10,19,1,200073096
200700000732,2007-01-10,2007,janvier,mercredi,16:30,38,38157,45.516,4.963,1,1,1,1,1,3,2,00,1,1,0,0,1,0,0,4,1,41,5,3,0,0,0,4,2,200700000732B02,7,2,1,200077014
200700000742,2007-01-22,2007,janvier,lundi,06:30,38,38449,45.654,5.125,2,1,2,2,1,2,3,00,1,1,5,0,1,0,1,3,1,43,1,1,4,0,0,4,1,200700000742A01,17,2,1,243800604
200700000748,2007-01-16,2007,janvier,mardi,15:00,42,42041,0,0,1,1,1,1,1,3,2,02,1,1,0,70,1,0,1,3,1,71,5,1,2,0,0,8,15,200700000748B02,7,1,1,200065894
200700000749,2007-01-13,2007,janvier,samedi,14:15,42,42222,45.626,4.308,1,1,5,1,1,3,2,02,1,1,0,64,1,0,1,4,2,42,5,1,2,0,2,0,1,200700000749C03,7,17,2,244200770
200700000749,2007-01-13,2007,janvier,samedi,14:15,42,42222,45.626,4.308,1,1,5,1,1,3,2,02,1,1,0,64,1,0,1,4,2,48,5,1,2,0,2,0,1,200700000749D04,7,17,2,244200770
200700000777,2007-01-30,2007,janvier,mardi,16:15,74,74123,0,0,2,1,3,1,1,3,2,02,1,1,0,120,1,0,1,3,1,56,1,3,0,0,2,1,1,200700000777B02,7,15,1,247400773
200700000792,2007-01-15,2007,janvier,lundi,11:30,74,74256,0,0,2,1,6,1,1,4,2,00,-1,3,0,0,1,0,1,3,2,39,0,3,0,0,5,5,0,200700000792A01,,,,200034882
200700000837,2007-01-14,2007,janvier,dimanche,11:45,43,43084,44.98,3.87,1,1,3,1,1,3,2,02,1,1,0,60,1,0,1,1,1,46,5,2,2,0,2,8,13,200700000837A01,1,1,1,200073419
200700000837,2007-01-14,2007,janvier,dimanche,11:45,43,43084,44.98,3.87,1,1,3,1,1,3,2,02,1,1,0,60,1,0,1,3,1,61,5,2,2,0,2,7,1,200700000837B02,1,13,1,200073419
200700000905,2007-01-08,2007,janvier,lundi,17:20,67,67067,0,0,2,1,3,5,8,3,2,02,1,3,0,69,1,0,1,3,1,16,2,3,0,0,2,7,19,200700000905B02,7,1,1,200067874
200700000940,2007-01-08,2007,janvier,lundi,18:00,51,51388,49.128,4.363,1,1,1,5,2,3,2,02,1,1,0,74,2,0,1,3,2,25,1,1,4,0,0,8,15,200700000940A01,7,1,1,200066876
200700001081,2007-01-30,2007,janvier,mardi,16:40,13,13082,0,0,1,2,1,1,1,3,2,02,1,1,0,80,1,0,1,3,1,56,5,3,0,0,2,1,1,200700001081B02,7,19,1,200054807
200700001112,2007-01-06,2007,janvier,samedi,15:45,06,06161,0,0,1,1,2,1,1,3,2,02,1,1,0,0,1,0,5,4,1,55,5,3,0,0,0,4,1,200700001112B02,30,9,1,240600585
200700001120,2007-01-06,2007,janvier,samedi,16:45,06,06059,0,0,1,9,3,1,1,3,2,02,1,2,0,70,1,0,1,3,1,52,5,3,0,0,2,1,1,200700001120A01,7,15,1,200030195
200700001129,2007-01-31,2007,janvier,mercredi,06:45,83,83100,0,0,2,2,3,2,1,3,2,02,1,-1,0,50,1,5,0,4,1,19,2,2,4,0,2,4,19,200700001129B02,7,1,1,248300550
200700001141,2007-01-28,2007,janvier,dimanche,10:00,83,83068,0,0,2,1,3,1,1,3,2,02,2,1,0,60,-1,0,1,3,2,48,0,1,2,0,2,1,1,200700001141B02,7,19,1,200036077
200700001155,2007-01-15,2007,janvier,lundi,07:15,84,84034,0,0,2,1,3,2,1,3,-1,02,1,1,0,62,1,0,1,3,1,58,1,3,0,0,0,7,1,200700001155B02,7,0,1,248400251
200700001170,2007-01-23,2007,janvier,mardi,07:45,84,84039,0,0,1,1,2,2,1,3,2,02,-1,1,0,150,1,0,1,3,1,2007,1,3,0,0,2,4,2,200700001170B02,7,2,1,248400236
200700001210,2007-01-09,2007,janvier,mardi,16:30,30,30075,0,0,2,1,3,1,1,4,2,01,1,1,0,0,1,0,1,3,1,74,5,3,0,0,2,3,1,200700001210B02,7,15,1,243000643
200700001213,2007-01-13,2007,janvier,samedi,16:00,30,30156,0,0,1,6,1,1,1,2,1,02,1,2,0,0,1,5,1,3,2,54,5,3,0,0,0,6,1,200700001213B02,7,12,1,243000643
200700001281,2007-01-30,2007,janvier,mardi,20:45,91,91332,0,0,1,1,1,3,1,3,2,02,1,2,0,62,1,0,1,2,2,27,5,3,0,0,2,4,2,200700001281B02,7,2,1,249100546
200700001323,2007-01-29,2007,janvier,lundi,16:15,45,45145,48.098,2.796,2,1,1,1,1,4,2,02,2,1,0,36,1,0,1,2,2,77,3,3,0,0,2,8,1,200700001323B02,14,1,1,244500419
200700001354,2007-01-07,2007,janvier,dimanche,18:45,37,37153,0,0,1,1,6,2,2,3,2,02,1,1,0,52,2,0,1,2,2,6,5,3,0,0,0,1,1,200700001354B02,7,1,1,200073161
200700001366,2007-01-06,2007,janvier,samedi,16:15,41,41069,47.652,1.424,2,1,3,1,2,4,2,02,-1,1,0,30,2,0,1,3,1,18,5,3,0,0,2,7,19,200700001366B02,7,1,1,200055481
200700001437,2007-01-12,2007,janvier,vendredi,07:30,37,37027,0,0,2,3,3,5,1,3,2,02,1,1,0,62,1,5,1,3,1,58,1,3,0,0,2,7,1,200700001437B02,7,15,1,243700820
200700001530,2007-01-19,2007,janvier,vendredi,17:10,34,34333,0,0,1,1,3,1,7,3,3,02,3,1,15,60,1,0,1,3,2,64,1,0,2,0,2,8,2,200700001530B02,10,2,1,200066355
200700001543,2007-01-20,2007,janvier,samedi,14:45,13,13113,0,0,1,1,3,1,1,3,3,04,-1,-1,20,20,1,5,1,3,1,53,5,2,2,0,2,1,1,200700001543A01,7,1,1,200054807
200700001570,2007-01-20,2007,janvier,samedi,16:15,67,67174,0,0,1,1,6,1,2,3,2,00,1,1,0,60,2,0,1,3,1,23,5,3,0,0,9,1,2,200700001570A01,,,,246701098
200700001599,2007-01-09,2007,janvier,mardi,09:25,01,01053,0,0,2,1,3,1,1,4,2,02,2,-1,0,80,1,0,1,3,2,28,1,3,9,0,2,1,1,200700001599B01,7,22,1,200071751
200700001619,2007-01-09,2007,janvier,mardi,10:25,03,03185,0,0,2,2,3,1,1,4,2,04,1,1,25,168,1,0,1,3,1,75,0,1,9,0,2,1,1,200700001619B01,7,15,1,200071082
200700001742,2007-01-02,2007,janvier,mardi,13:40,06,06088,0,0,2,3,3,1,1,4,2,04,2,1,0,0,1,5,1,4,2,30,0,3,2,0,2,1,1,200700001742A01,7,1,1,200030195
200700001779,2007-01-11,2007,janvier,jeudi,12:20,06,06088,0,0,2,1,3,1,1,4,2,02,1,1,0,145,1,0,1,4,1,63,0,1,2,0,2,1,1,200700001779B01,7,1,1,200030195
200700001818,2007-01-21,2007,janvier,dimanche,11:05,06,06088,0,0,2,1,5,1,1,2,2,03,1,1,0,86,1,0,1,4,1,43,5,2,2,0,2,4,11,200700001818B01,33 / 7,1 / 0,2,200030195
200700001830,2007-01-23,2007,janvier,mardi,19:55,06,06088,0,0,2,1,3,5,1,4,2,02,2,1,0,88,1,0,1,4,1,37,1,1,4,0,2,1,1,200700001830B01,7,15,1,200030195
200700001855,2007-01-28,2007,janvier,dimanche,12:00,06,06088,0,0,2,1,6,1,1,4,2,02,2,1,0,0,1,0,1,4,1,60,5,2,2,0,2,1,1,200700001855A01,7,1,1,200030195
200700001884,2007-01-18,2007,janvier,jeudi,07:50,10,10081,0,0,2,6,3,5,2,2,2,02,2,1,0,100,2,0,1,3,1,39,1,3,9,0,2,8,1,200700001884B01,7,9,1,200069250
200700001885,2007-01-15,2007,janvier,lundi,19:00,10,10343,0,0,2,2,3,5,1,4,2,02,1,1,0,80,1,0,1,3,2,13,5,2,2,0,2,8,1,200700001885A01,7,1,1,200069250
200700001889,2007-01-28,2007,janvier,dimanche,11:35,10,10387,0,0,2,1,6,2,1,4,2,01,1,1,0,60,1,0,1,3,1,86,5,3,9,0,0,4,15,200700001889B01,7,1,1,200069250
200700001903,2007-01-09,2007,janvier,mardi,17:43,12,12145,0,0,2,4,1,2,1,4,2,02,1,2,0,63,1,5,1,3,1,74,5,2,9,0,2,1,1,200700001903B01,7,15,1,241200567
200700001904,2007-01-02,2007,janvier,mardi,14:00,12,12202,0,0,2,1,6,1,2,4,2,50,2,1,0,0,2,0,1,4,1,19,5,1,2,0,1,2,1,200700001904A01,,,,241200187
200700001927,2007-01-09,2007,janvier,mardi,15:00,13,13054,0,0,2,2,3,1,1,4,2,02,1,1,0,60,1,0,1,3,1,58,5,1,2,0,2,1,1,200700001927B01,7,1,1,200054807
200700001993,2007-01-09,2007,janvier,mardi,08:20,13,13055,0,0,2,3,3,1,1,4,2,02,2,3,0,119,1,0,1,4,1,72,5,3,9,0,2,2,2,200700001993B01,7,15,1,200054807
200700002000,2007-01-14,2007,janvier,dimanche,06:30,13,13055,0,0,2,3,3,5,9,4,2,02,1,1,0,168,9,0,1,4,1,60,1,1,2,0,0,0,0,200700002000B01,7,15,1,200054807
200700002071,2007-01-18,2007,janvier,jeudi,08:45,13,13055,0,0,2,3,3,1,1,4,2,02,1,1,0,92,1,5,1,4,1,28,1,3,9,0,2,1,1,200700002071B01,7,15,1,200054807
200700002084,2007-01-13,2007,janvier,samedi,17:00,13,13055,0,0,2,2,3,1,1,4,1,01,1,1,0,63,1,0,1,4,1,12,5,2,2,0,2,1,1,200700002084A01,7,1,1,200054807
200700002241,2007-01-13,2007,janvier,samedi,10:00,13,13117,0,0,2,1,3,1,1,4,1,00,1,2,0,0,1,0,1,4,1,61,0,2,2,0,2,1,0,200700002241B01,7,16,1,200054807
200700002274,2007-01-03,2007,janvier,mercredi,16:40,17,17299,0,0,1,1,3,1,1,3,3,04,2,2,5,144,1,2,1,3,1,73,5,1,2,14,0,4,1,200700002274B01,17,2,1,200041762
200700002278,2007-01-22,2007,janvier,lundi,13:15,17,17299,0,0,2,3,7,1,1,4,2,02,1,1,0,80,1,5,1,4,1,30,5,3,9,0,0,0,1,200700002278A01,,,,200041762
200700002281,2007-01-03,2007,janvier,mercredi,17:45,17,17300,0,0,2,1,2,1,1,4,2,02,1,1,0,70,1,0,1,1,2,49,0,1,9,0,2,1,1,200700002281A01,2,13,1,241700434
200700002285,2007-01-09,2007,janvier,mardi,17:00,17,17291,0,0,2,1,2,1,1,4,2,02,1,1,0,46,1,0,1,4,1,51,5,1,9,0,2,6,13,200700002285A01,7,17,1,241700434
200700002288,2007-01-13,2007,janvier,samedi,15:25,17,17300,0,0,2,1,6,1,2,4,2,01,1,1,0,46,2,0,1,3,2,45,0,1,9,0,2,8,15,200700002288B01,33,1,1,241700434
200700002302,2007-01-09,2007,janvier,mardi,14:15,17,17300,0,0,2,1,6,1,1,4,2,02,1,1,0,60,1,0,1,3,2,46,4,3,9,0,0,0,13,200700002302B01,10 / 7,22 / 1,2,241700434
200700002317,2007-01-31,2007,janvier,mercredi,13:45,18,18205,0,0,2,1,3,1,1,4,2,02,1,1,0,100,1,5,1,4,1,17,2,2,2,0,2,8,13,200700002317B01,7,13,1,241800507