Num_Acc,date,an,mois,jour,hrmn,dep,com,lat,long,agg,int,col,lum,atm,catr,circ,nbv,prof,plan,lartpc,larrout,surf,infra,situ,grav,sexe,age,trajet,secuexist,equipement,obs,obsm,choc,manv,vehiculeid,typevehicules,manoeuvehicules,numVehicules,_infos_commune.code_epci
200700004115,2007-01-09,2007,janvier,mardi,09:00,75,75006,0,0,2,2,3,1,2,4,1,02,1,1,0,60,2,0,1,4,1,34,1,3,0,0,2,2,1,200700004115A01,5,1,1,
200700004136,2007-01-09,2007,janvier,mardi,18:55,75,75014,0,0,2,2,6,5,1,4,1,02,1,1,0,60,1,0,1,4,1,41,4,1,2,0,1,1,1,200700004136A01,,,,
200700004151,2007-01-12,2007,janvier,vendredi,12:50,75,75010,0,0,2,2,3,1,1,4,1,01,1,1,0,30,1,0,1,4,2,22,5,3,0,0,2,3,1,200700004151A01,10,15,1,
200700004154,2007-01-12,2007,janvier,vendredi,04:35,75,75013,0,0,2,3,7,5,1,4,1,01,1,1,0,30,1,0,1,4,1,60,4,3,0,0,0,0,1,200700004154A01,,,,
200700004159,2007-01-12,2007,janvier,vendredi,15:10,75,75016,0,0,2,5,6,1,8,4,2,02,1,1,0,60,1,0,1,4,1,72,5,3,0,0,5,1,1,200700004159A01,,,,
200700004173,2007-01-13,2007,janvier,samedi,14:15,75,75008,0,0,2,2,3,1,1,4,1,01,1,1,0,30,1,0,1,4,1,61,5,1,2,0,2,3,1,200700004173B01,7,16,1,
200700004201,2007-01-11,2007,janvier,jeudi,18:15,75,75005,0,0,2,2,6,5,1,4,1,01,1,1,0,30,1,0,1,4,1,32,5,3,0,0,1,1,1,200700004201A01,,,,
200700004217,2007-01-11,2007,janvier,jeudi,16:50,75,75018,0,0,2,1,6,1,1,4,3,03,1,1,10,90,2,0,1,4,2,48,5,3,0,0,2,2,1,200700004217B01,7,22,1,
200700004228,2007-01-16,2007,janvier,mardi,15:40,75,75006,0,0,2,2,2,1,1,4,2,04,1,1,0,120,1,0,1,4,1,52,4,3,0,0,2,1,1,200700004228A01,10,23,1,
200700004270,2007-01-17,2007,janvier,mercredi,17:05,75,75009,0,0,2,2,6,5,2,4,1,02,1,1,0,60,2,0,1,4,1,36,4,3,0,0,1,1,1,200700004270A01,,,,
200700004299,2007-01-18,2007,janvier,jeudi,15:20,75,75020,0,0,2,5,3,5,2,4,1,01,1,1,0,30,2,0,1,4,1,50,5,3,0,0,2,1,1,200700004299B01,7,15,1,
200700004322,2007-01-19,2007,janvier,vendredi,17:00,75,75015,0,0,2,2,6,5,1,4,2,04,1,1,0,120,1,0,1,4,1,44,5,3,0,0,1,1,7,200700004322A01,,,,
200700004366,2007-01-22,2007,janvier,lundi,12:20,75,75014,0,0,2,2,7,1,8,4,1,01,1,1,0,30,1,0,1,4,1,48,5,3,0,0,0,0,21,200700004366A01,,,,
200700004374,2007-01-23,2007,janvier,mardi,08:00,75,75019,0,0,2,1,3,1,1,4,1,02,1,1,0,60,1,0,1,4,1,25,9,3,0,0,2,3,18,200700004374B01,7,22,1,
200700004422,2007-01-26,2007,janvier,vendredi,17:20,75,75017,0,0,2,1,6,5,1,4,2,02,1,1,0,60,1,0,1,1,1,35,5,3,0,0,1,1,1,200700004422A01,,,,
200700004426,2007-01-26,2007,janvier,vendredi,18:15,75,75014,0,0,2,3,3,5,1,4,1,01,1,1,0,30,1,0,1,4,2,48,1,3,0,0,2,1,15,200700004426A01,7,1,1,
200700004449,2007-01-30,2007,janvier,mardi,12:20,75,75011,0,0,2,1,3,1,1,4,2,02,1,1,0,60,1,0,1,4,1,23,5,3,0,0,2,2,1,200700004449B01,7,22,1,
200700004464,2007-01-30,2007,janvier,mardi,20:40,75,75013,0,0,2,1,6,5,1,4,2,02,1,1,0,60,1,0,1,4,1,62,5,3,0,9,0,1,21,200700004464A01,,,,
200700004486,2007-01-29,2007,janvier,lundi,16:21,75,75010,0,0,2,1,7,1,1,4,1,02,1,1,0,30,1,0,1,4,1,51,4,3,0,0,0,0,21,200700004486A01,,,,
200700004491,2007-01-31,2007,janvier,mercredi,13:13,75,75013,0,0,2,2,3,1,1,4,2,02,1,1,0,60,1,0,1,4,2,48,4,3,0,0,2,1,1,200700004491B01,7,10,1,
200700004503,2007-01-31,2007,janvier,mercredi,15:00,75,75009,0,0,2,2,3,1,1,4,1,01,1,1,0,30,1,0,1,4,2,55,5,3,0,0,2,2,1,200700004503B01,7,22,1,
200700004572,2007-01-05,2007,janvier,vendredi,14:35,76,76165,0,0,2,1,2,1,1,4,2,02,1,1,0,40,1,0,1,4,1,16,5,3,4,0,2,4,2,200700004572B01,33,2,1,200023414
200700004577,2007-01-09,2007,janvier,mardi,07:50,76,76351,0,0,1,1,3,2,1,4,2,04,1,1,0,120,1,0,1,3,1,42,1,3,9,0,2,3,1,200700004577B01,14,16,1,200084952
200700004668,2007-01-29,2007,janvier,lundi,15:15,77,77333,0,0,2,2,3,1,1,4,2,01,1,1,0,71,1,0,1,3,2,50,1,3,9,0,2,8,19,200700004668B01,17,1,1,200023240
200700004674,2007-01-28,2007,janvier,dimanche,08:55,77,77083,0,0,2,9,1,1,1,9,-1,01,1,1,0,50,2,0,1,4,1,60,0,1,2,0,0,8,1,200700004674B01,7,15,1,200057958
200700004676,2007-01-07,2007,janvier,dimanche,12:00,77,77249,0,0,2,1,2,1,1,4,2,02,1,1,0,60,1,0,1,3,1,56,5,2,2,0,2,4,1,200700004676B01,33,2,1,200023125
200700004684,2007-01-11,2007,janvier,jeudi,08:20,78,78005,0,0,2,1,3,2,1,4,2,02,1,1,0,0,1,0,1,4,1,15,2,2,9,0,2,7,19,200700004684A01,10,1,1,200059889
200700004691,2007-01-05,2007,janvier,vendredi,08:25,78,78208,0,0,2,6,3,1,1,3,-1,02,1,-1,0,80,1,3,1,4,1,35,1,1,2,0,2,2,16,200700004691B01,7,18,1,200058782
200700004749,2007-01-14,2007,janvier,dimanche,10:45,78,78686,0,0,2,4,2,1,1,3,2,02,1,1,0,0,1,0,1,4,1,77,5,3,9,0,0,4,1,200700004749B01,7,12,1,247800584
200700004785,2007-01-31,2007,janvier,mercredi,18:42,81,81004,0,0,2,6,3,5,1,3,1,01,1,1,0,30,1,0,1,3,1,55,5,2,9,0,2,2,1,200700004785B01,7,9,1,248100737
200700004796,2007-01-26,2007,janvier,vendredi,11:20,81,81065,0,0,2,3,3,1,1,4,2,02,1,1,0,0,1,0,1,4,1,59,9,3,9,0,2,1,19,200700004796B01,7,1,1,248100430
200700004801,2007-01-17,2007,janvier,mercredi,16:55,82,82121,0,0,2,1,6,1,1,4,2,02,2,1,0,0,1,0,1,4,2,47,5,2,9,0,0,8,1,200700004801B01,7,17,1,248200099
200700004810,2007-01-31,2007,janvier,mercredi,16:29,82,82121,0,0,2,1,6,1,1,4,2,02,1,1,0,0,1,0,4,1,1,28,0,3,9,0,1,1,0,200700004810A01,,,,248200099
200700004810,2007-01-31,2007,janvier,mercredi,16:29,82,82121,0,0,2,1,6,1,1,4,2,02,1,1,0,0,1,0,4,3,2,51,1,3,0,0,1,1,0,200700004810A01,,,,248200099
200700004819,2007-01-19,2007,janvier,vendredi,12:10,83,83118,0,0,1,1,1,1,1,4,2,01,2,3,0,35,1,0,1,3,1,75,5,2,9,0,2,1,1,200700004819B01,7,1,1,200035319
200700004878,2007-01-01,2007,janvier,lundi,15:30,84,84007,0,0,2,1,2,1,1,2,2,04,1,1,120,0,1,0,1,4,2,81,9,3,2,0,2,4,11,200700004878B01,7,1,1,248400251
200700004880,2007-01-08,2007,janvier,lundi,10:05,84,84007,0,0,2,2,6,1,1,4,2,00,1,1,0,0,2,5,1,4,1,68,0,3,4,0,0,8,1,200700004880B01,7,1,1,248400251
200700004958,2007-01-10,2007,janvier,mercredi,12:16,87,87085,0,0,2,1,6,1,1,4,1,01,2,1,0,31,1,0,1,4,1,22,1,3,2,0,1,1,1,200700004958A01,,,,248719312
200700004988,2007-01-23,2007,janvier,mardi,07:30,88,88160,0,0,2,1,3,2,4,3,2,03,1,1,0,65,2,0,1,4,2,15,2,2,2,0,2,1,19,200700004988A01,7,1,1,200068757
200700005003,2007-01-05,2007,janvier,vendredi,10:25,89,89387,0,0,2,1,3,1,1,4,2,02,1,1,0,94,1,0,1,3,1,86,5,2,2,0,0,6,0,200700005003B01,7,1,1,248900334
200700005052,2007-01-08,2007,janvier,lundi,08:00,91,91286,0,0,2,1,6,2,2,4,2,00,1,-1,0,0,2,0,1,4,1,39,1,1,2,0,2,5,19,200700005052B01,7,16,1,200059228
200700005079,2007-01-05,2007,janvier,vendredi,06:55,91,91589,0,0,2,6,1,5,1,4,2,02,1,1,0,0,1,0,1,4,1,46,5,1,4,0,2,4,1,200700005079B01,10,13,1,200054781
200700005174,2007-01-12,2007,janvier,vendredi,09:00,92,92044,0,0,2,1,6,1,2,4,2,04,1,1,0,0,2,0,1,4,2,22,1,3,2,0,2,4,11,200700005174B01,7,1,1,200054781
200700005185,2007-01-27,2007,janvier,samedi,17:00,92,92048,0,0,1,1,7,1,1,3,1,01,1,2,0,30,1,0,1,4,1,64,5,1,2,0,0,1,0,200700005185A01,,,,200054781
200700005186,2007-01-15,2007,janvier,lundi,09:10,92,92048,0,0,2,2,1,1,1,4,1,01,2,2,0,50,1,0,1,4,1,32,4,2,2,0,2,1,1,200700005186A01,7,15,1,200054781
200700005211,2007-01-13,2007,janvier,samedi,20:05,92,92051,0,0,1,1,3,5,2,3,2,00,1,1,0,0,2,0,1,4,2,27,5,1,2,0,2,1,19,200700005211B01,30,0,1,200054781
200700005309,2007-01-30,2007,janvier,mardi,08:45,93,93031,0,0,2,1,6,1,1,9,2,02,1,1,0,40,-1,0,1,3,1,36,0,1,2,0,2,1,1,200700005309B01,7,15,1,200054781
200700005334,2007-01-04,2007,janvier,jeudi,08:25,93,93074,0,0,2,4,3,1,2,4,2,02,1,1,0,80,2,0,1,4,1,53,5,1,2,0,2,4,10,200700005334A01,7,1,1,200054781
200700005360,2007-01-26,2007,janvier,vendredi,09:30,93,93051,0,0,2,4,1,1,1,4,2,02,1,-1,0,0,1,0,1,4,2,71,0,3,9,0,0,1,0,200700005360B01,7,11,1,200054781
200700005374,2007-01-18,2007,janvier,jeudi,10:20,93,93062,0,0,2,1,6,1,6,4,2,02,1,1,0,110,2,0,1,4,1,13,0,3,9,1,0,1,2,200700005374A01,,,,200054781
200700005378,2007-01-27,2007,janvier,samedi,15:10,93,93014,0,0,2,1,1,1,1,5,2,00,1,-1,0,50,1,0,0,3,1,9,0,3,9,0,0,1,1,200700005378B01,7,1,1,200054781
200700005420,2007-01-18,2007,janvier,jeudi,08:40,93,93073,0,0,2,1,3,1,2,4,1,01,1,1,0,60,2,0,1,3,1,14,0,3,9,0,2,6,1,200700005420B01,7,1,1,200054781
200700005433,2007-01-04,2007,janvier,jeudi,14:20,94,94017,0,0,2,1,3,1,1,2,-1,01,-1,1,0,37,-1,0,4,4,2,18,5,2,2,0,2,1,0,200700005433A01,7,9,1,200054781
200700005486,2007-01-14,2007,janvier,dimanche,12:10,94,94076,0,0,2,1,7,1,1,4,-1,00,1,1,0,0,1,0,1,1,1,43,0,3,9,0,1,7,0,200700005486A01,,,,200054781
200700005565,2007-01-18,2007,janvier,jeudi,12:20,94,94081,0,0,1,2,3,1,1,2,2,02,1,1,74,200,1,0,1,3,1,18,5,3,9,0,2,1,19,200700005565A01,10,2,1,200054781
200700005572,2007-01-10,2007,janvier,mercredi,08:00,95,95176,0,0,2,3,6,1,1,4,-1,02,1,1,0,55,1,0,0,4,1,17,2,1,4,0,2,7,15,200700005572B01,7,16,1,200058485
200700005602,2007-01-17,2007,janvier,mercredi,15:20,95,95306,0,0,2,1,7,1,2,4,2,00,1,1,0,70,2,0,1,4,1,18,5,3,9,0,0,0,1,200700005602A01,,,,200058485
200700005604,2007-01-20,2007,janvier,samedi,19:55,95,95306,0,0,2,1,6,5,1,4,2,00,1,1,0,70,1,0,1,4,1,37,0,3,9,0,2,1,1,200700005604B01,7,1,1,200058485
200700005628,2007-01-14,2007,janvier,dimanche,13:10,69,69381,0,0,2,2,6,1,1,4,1,02,1,1,0,58,1,2,1,3,1,12,5,1,9,0,2,1,19,200700005628B01,7,1,1,200046977
200700005849,2007-01-05,2007,janvier,vendredi,13:18,2B,2B033,0,0,2,2,1,1,1,4,1,01,1,1,0,38,1,0,1,4,1,45,1,3,9,0,2,0,0,200700005849B01,7,1,1,242000354
200700005929,2007-01-25,2007,janvier,jeudi,07:50,69,69386,0,0,2,2,3,2,1,4,2,04,1,1,0,0,1,0,1,4,2,43,1,3,9,0,2,1,1,200700005929A01,20,16,1,200046977
200700005931,2007-01-22,2007,janvier,lundi,08:45,69,69383,0,0,2,2,1,1,1,4,1,01,1,1,0,0,1,0,1,4,2,43,1,1,2,0,2,1,1,200700005931B01,7,1,1,200046977
200700005976,2007-01-03,2007,janvier,mercredi,11:00,69,69387,0,0,2,7,3,1,1,4,1,04,1,1,0,123,1,0,2,4,2,62,5,3,2,0,2,8,19,200700005976A01,7,1,1,200046977
200700005985,2007-01-29,2007,janvier,lundi,18:35,69,69387,0,0,2,1,6,5,1,4,2,02,1,1,0,104,1,0,1,4,2,13,5,3,4,0,2,8,19,200700005985B01,7,20,1,200046977
200700006031,2007-01-30,2007,janvier,mardi,11:23,69,69389,0,0,2,1,7,1,1,4,1,00,1,1,0,31,1,0,1,1,1,32,5,2,2,0,1,1,19,200700006031A01,,,,200046977
200700006101,2007-01-26,2007,janvier,vendredi,07:00,06,06090,0,0,2,1,3,5,2,3,2,00,2,1,0,0,2,5,1,3,1,24,1,3,0,0,2,8,15,200700006101B02,7,15,1,200039857
200700006111,2007-02-04,2007,février,dimanche,19:00,59,59377,0,0,1,1,2,3,1,3,2,02,1,1,0,63,1,0,1,3,1,51,5,2,9,0,2,0,1,200700006111B02,7,2,1,200068500
200700006126,2007-02-27,2007,février,mardi,09:00,62,62601,50.543,2.364,1,1,3,1,2,3,2,02,1,1,0,40,2,0,1,4,1,56,5,3,0,0,2,8,1,200700006126B02,7,17,1,200069672
200700006164,2007-02-03,2007,février,samedi,13:45,02,02135,49.972,3.856,1,1,2,1,1,3,2,02,1,1,0,71,1,0,1,3,1,17,5,0,2,0,2,4,2,200700006164B02,7,2,1,240200444
200700006180,2007-02-12,2007,février,lundi,16:00,60,60120,49.328,2.422,1,1,1,1,6,3,2,02,2,1,0,0,1,0,1,3,1,44,1,3,0,0,2,1,1,200700006180B02,7,13,1,246000376
200700006188,2007-02-28,2007,février,mercredi,17:30,60,60156,49.444,2.855,2,1,1,1,2,3,2,02,1,1,0,80,2,0,5,3,1,46,1,3,0,0,2,1,1,200700006188A01,2,1,1,200067965
200700006224,2007-02-01,2007,février,jeudi,07:55,27,27598,0,0,1,2,1,3,8,3,2,02,3,3,163,50,1,5,1,3,1,36,1,1,4,0,2,7,1,200700006224B02,7,15,1,200089456
200700006225,2007-02-22,2007,février,jeudi,15:00,27,27005,49.168,1.221,1,1,1,1,1,4,2,02,1,-1,0,61,1,0,0,3,2,15,5,3,0,0,2,1,1,200700006225B02,7,13,1,200089456
200700006258,2007-02-28,2007,février,mercredi,18:25,35,35359,0,0,1,1,1,1,1,3,2,02,1,1,0,62,2,0,1,3,1,13,5,3,0,0,2,8,19,200700006258A01,7,0,1,200039022
200700006268,2007-02-03,2007,février,samedi,15:50,22,22339,0,0,2,3,1,1,1,4,2,00,-1,1,0,81,1,0,1,3,2,47,5,3,0,0,2,8,15,200700006268B02,7,1,1,200068989
200700006273,2007-02-10,2007,février,samedi,07:15,22,22311,48.538,-2.225,1,1,1,2,8,3,2,02,-1,1,0,65,2,0,1,2,2,63,5,3,0,0,2,0,0,200700006273A01,99,0,1,200068989
200700006276,2007-02-06,2007,février,mardi,18:00,22,22900,48.626,-3.327,2,1,6,2,8,3,2,01,4,1,0,60,1,0,1,3,1,48,5,1,2,0,1,1,1,200700006276A01,,,,
200700006294,2007-02-01,2007,février,jeudi,19:30,29,29192,48.603,-4.051,1,1,2,3,8,3,2,00,2,1,0,75,2,0,1,3,1,64,5,3,0,0,2,4,2,200700006294B02,7,2,1,200067072
200700006326,2007-02-06,2007,février,mardi,10:30,50,50489,0,0,1,1,1,1,8,3,2,00,1,3,0,57,2,0,1,2,2,76,3,3,0,0,0,1,1,200700006326B02,7,19,1,200069425
200700006346,2007-02-26,2007,février,lundi,09:45,61,61145,0,0,1,1,3,1,1,3,2,02,1,1,0,60,1,0,3,3,1,69,5,3,0,0,2,8,15,200700006346B02,10,17,1,200071520
200700006359,2007-02-15,2007,février,jeudi,10:45,44,44153,47.71,-1.42,1,1,1,1,1,3,2,00,-1,1,0,50,1,0,1,4,1,73,5,2,2,0,0,0,1,200700006359B02,7,1,1,200072726
200700006439,2007-02-07,2007,février,mercredi,12:15,33,33003,44.954,-0.502,1,1,1,1,1,4,2,02,1,1,0,41,2,0,1,3,1,16,0,3,0,0,2,4,2,200700006439B02,7,2,1,243300316
200700006440,2007-02-17,2007,février,samedi,15:45,33,33433,44.92,-0.41,2,1,3,1,1,4,2,02,1,1,0,71,1,0,1,3,1,54,5,3,0,0,2,5,1,200700006440B02,14,16,1,243301249
200700006446,2007-02-08,2007,février,jeudi,15:15,33,33366,44.99,-0.43,2,6,1,1,1,3,-1,01,-1,2,0,40,1,5,1,3,1,38,5,1,2,0,2,7,1,200700006446B02,10,9,1,243301223
200700006482,2007-02-01,2007,février,jeudi,16:00,40,40269,43.617,-1.125,2,1,1,1,1,3,2,02,2,3,0,68,1,0,1,3,1,50,5,3,0,0,2,1,1,200700006482B02,14,16,1,200069417
200700006490,2007-02-20,2007,février,mardi,14:15,40,40312,0,0,1,1,5,1,1,2,1,01,2,1,10,100,-1,0,2,3,1,64,5,1,2,0,2,1,1,200700006490B02,2,5,1,244000659
200700006490,2007-02-20,2007,février,mardi,14:15,40,40312,0,0,1,1,5,1,1,2,1,01,2,1,10,100,-1,0,2,3,1,65,0,1,2,0,2,1,1,200700006490C03,2,5,1,244000659
200700006514,2007-02-22,2007,février,jeudi,14:30,64,64014,0,0,1,1,2,1,7,3,2,02,4,1,0,58,1,0,1,3,2,38,5,1,2,0,0,4,1,200700006514B02,7,1,1,200067106
200700006523,2007-02-27,2007,février,mardi,07:50,86,86272,0,0,1,1,2,1,8,3,2,02,1,1,0,87,1,0,1,3,2,62,5,3,0,0,2,4,2,200700006523B02,2,2,1,248600413
200700006569,2007-02-08,2007,février,jeudi,18:00,19,19278,45.186,1.459,1,1,3,2,1,4,2,00,2,1,0,45,1,0,1,4,1,13,0,3,0,0,2,1,16,200700006569B02,10,1,1,200043172
200700006580,2007-02-04,2007,février,dimanche,13:45,31,31044,0,0,2,9,1,1,1,3,1,00,1,1,0,0,1,0,1,3,1,13,5,3,0,0,0,8,0,200700006580B02,7,0,1,243100518
200700006601,2007-02-26,2007,février,lundi,13:15,09,09268,43.003,1.135,1,1,5,1,1,3,2,02,1,1,0,68,1,0,1,2,1,45,9,3,0,0,2,6,15,200700006601A01,7,1,2,200067940
200700006622,2007-02-17,2007,février,samedi,15:15,32,32245,43.623,-0.103,1,1,6,1,1,4,2,02,1,1,0,43,1,0,1,3,1,57,5,1,2,0,5,1,1,200700006622A01,,,,200035632
200700006673,2007-02-11,2007,février,dimanche,16:00,69,69015,0,0,1,1,2,1,1,3,2,00,2,1,0,0,1,0,1,3,1,73,5,3,0,0,0,4,2,200700006673B02,7,2,1,
200700006697,2007-02-08,2007,février,jeudi,18:30,01,01194,0,0,2,6,1,4,2,3,2,00,1,1,0,0,2,5,1,4,1,15,5,0,2,0,0,4,1,200700006697B02,7,1,1,200040590
200700006717,2007-02-20,2007,février,mardi,15:00,26,26357,0,0,1,1,3,1,1,3,2,00,1,1,0,0,1,3,1,4,1,59,5,3,0,0,0,3,15,200700006717B02,7,15,1,200042901
200700006754,2007-02-18,2007,février,dimanche,19:30,42,42285,0,0,1,1,2,3,1,3,4,01,2,1,12,130,1,0,1,2,1,2007,5,3,0,0,0,4,1,200700006754B02,7,1,1,200065886
200700006762,2007-02-04,2007,février,dimanche,15:00,42,42155,45.806,4.149,2,2,3,1,7,3,2,02,1,3,0,61,1,0,1,3,1,83,5,1,2,0,2,8,15,200700006762B02,7,1,1,200065894
200700006783,2007-02-20,2007,février,mardi,14:15,73,73068,0,0,1,3,3,1,1,3,2,00,1,-1,0,30,1,2,1,3,1,81,0,3,0,0,0,0,0,200700006783B02,7,1,1,200041010
200700006794,2007-02-22,2007,février,jeudi,11:45,74,74242,0,0,2,2,3,1,1,4,2,00,1,1,0,43,1,0,1,3,1,48,5,1,2,0,2,1,19,200700006794B02,7,1,1,200066793
200700006806,2007-02-24,2007,février,samedi,14:00,74,74243,0,0,2,1,3,1,1,4,2,02,-1,1,0,120,1,0,1,3,1,26,5,3,0,0,2,4,0,200700006806B02,32,0,1,247400690
200700006824,2007-02-20,2007,février,mardi,15:00,63,63211,0,0,1,1,2,1,1,3,2,02,1,1,0,68,1,0,1,3,1,54,5,1,2,0,2,8,2,200700006824B02,7,2,1,200070761
200700006874,2007-02-12,2007,février,lundi,07:00,57,57269,0,0,1,1,1,2,3,3,2,00,1,1,0,65,-1,0,1,3,1,43,1,3,0,0,2,4,1,200700006874B02,16,1,1,245701354
200700006885,2007-02-25,2007,février,dimanche,15:45,54,54550,0,0,1,1,1,1,1,3,3,02,1,1,0,72,1,0,1,3,1,16,5,2,2,0,2,3,13,200700006885B02,7,17,1,200070324
200700006904,2007-02-16,2007,février,vendredi,13:30,88,88358,0,0,2,2,1,1,1,9,2,02,2,1,0,35,1,0,1,3,1,13,5,0,2,0,2,1,13,200700006904B02,7,1,1,200068757
200700006939,2007-02-09,2007,février,vendredi,18:30,68,68076,48.091,7.521,1,1,2,3,1,3,2,00,1,1,0,0,1,0,1,3,1,68,5,3,0,0,0,4,2,200700006939A01,7,2,1,200066025
200700006951,2007-02-18,2007,février,dimanche,11:15,68,68011,0,0,2,3,1,1,1,3,2,02,1,1,10,95,1,5,1,4,1,54,5,2,2,0,2,6,15,200700006951A01,7,15,1,200036465
200700006974,2007-02-16,2007,février,vendredi,13:45,10,10384,48.305,4.586,2,1,1,1,1,3,1,01,1,1,71,71,1,5,1,3,1,12,5,3,0,0,2,1,1,200700006974B02,7,1,1,200066892
200700006978,2007-02-03,2007,février,samedi,17:30,10,10323,48.51,3.756,2,9,3,2,1,3,2,02,1,1,0,65,1,0,1,3,2,14,5,1,3,0,2,7,19,200700006978B02,7,1,1,200000545
200700006990,2007-02-21,2007,février,mercredi,21:15,21,21292,47.239,5.229,2,6,2,5,2,3,-1,02,1,-1,0,0,2,5,1,3,2,50,1,3,0,0,2,4,15,200700006990B02,7,9,1,200000925
200700007010,2007-02-02,2007,février,vendredi,17:15,58,58079,0,0,2,1,7,1,1,4,2,02,-1,1,0,53,2,6,1,3,2,22,5,3,0,0,0,0,1,200700007010A01,,,,200067429
200700007018,2007-02-16,2007,février,vendredi,18:00,71,71391,46.817,4.602,2,1,1,2,1,3,2,02,1,1,0,35,1,0,1,3,1,15,5,3,0,0,2,1,19,200700007018A01,7,1,1,247100589
200700007019,2007-02-14,2007,février,mercredi,10:00,71,71420,0,0,2,2,1,1,3,3,2,02,2,1,0,80,2,0,1,3,1,46,5,3,0,0,2,1,1,200700007019A01,7,1,1,200071538
200700007063,2007-02-12,2007,février,lundi,06:30,90,90051,0,0,2,1,3,1,1,3,-1,00,1,1,0,60,1,0,1,4,1,56,5,3,0,0,2,7,15,200700007063B02,21,10,1,249000241
200700007133,2007-02-02,2007,février,vendredi,21:30,83,83042,0,0,1,1,6,3,1,3,2,02,1,1,0,62,1,0,1,4,1,33,5,3,0,0,2,6,2,200700007133A01,,,,200036077
200700007165,2007-02-07,2007,février,mercredi,11:30,34,34324,43.252,3.294,2,1,2,1,1,4,2,02,1,1,0,0,1,0,1,3,1,69,5,3,0,0,2,4,0,200700007165B02,7,17,1,243400769
200700007183,2007-02-13,2007,février,mardi,14:15,30,30276,0,0,2,1,1,1,1,3,2,00,1,1,0,67,1,0,1,3,1,28,5,1,2,1,0,1,1,200700007183B02,99,0,1,243000650
200700007229,2007-02-27,2007,février,mardi,13:45,2B,2B251,0,0,2,6,3,1,1,2,2,02,-1,-1,0,0,1,5,1,4,1,72,5,3,0,0,2,7,1,200700007229B02,7,1,1,200033827
200700007285,2007-02-07,2007,février,mercredi,19:40,45,45104,0,0,1,1,2,3,1,3,2,01,-1,1,0,40,1,0,1,3,1,32,5,3,0,0,0,4,2,200700007285B02,7,2,1,244500203
200700007295,2007-02-26,2007,février,lundi,16:00,18,18110,47.25,2.919,1,1,1,1,1,3,2,00,1,1,52,0,1,0,1,3,1,46,5,3,0,0,2,1,1,200700007295B02,10,13,1,200032514
200700007320,2007-02-20,2007,février,mardi,14:30,28,28280,0,0,2,1,6,1,1,4,2,00,2,1,0,0,1,0,1,1,1,16,5,0,2,0,1,1,1,200700007320A01,,,,200006971
200700007320,2007-02-20,2007,février,mardi,14:30,28,28280,0,0,2,1,6,1,1,4,2,00,2,1,0,0,1,0,1,3,2,85,0,3,0,0,1,1,1,200700007320A01,,,,200006971
200700007357,2007-02-03,2007,février,samedi,16:45,57,57529,49.424,6.01,1,1,1,1,7,3,2,02,3,1,0,67,1,0,1,3,1,30,5,1,2,0,0,4,1,200700007357B02,7,2,1,245701404
200700007452,2007-02-20,2007,février,mardi,10:00,38,38229,0,0,2,6,3,1,1,3,4,00,1,-1,0,0,1,0,5,3,1,25,1,3,0,0,2,7,1,200700007452B02,7,12,1,200040715
200700007461,2007-02-13,2007,février,mardi,16:30,42,42279,45.507,4.215,1,1,3,1,1,4,2,02,1,3,0,33,1,0,1,3,1,80,5,1,2,0,2,8,1,200700007461B02,10,1,1,200065886
200700007477,2007-02-07,2007,février,mercredi,11:00,35,35131,0,0,2,6,2,1,1,4,1,01,1,2,0,0,1,5,1,4,1,67,5,3,0,0,0,4,6,200700007477B02,7,2,1,243500139
200700007544,2007-02-16,2007,février,vendredi,17:20,01,01289,0,0,1,1,2,1,1,3,2,02,1,1,0,57,1,0,1,3,1,57,9,1,2,0,2,4,1,200700007544B01,7,1,1,200071751
200700007553,2007-02-19,2007,février,lundi,07:15,02,02064,0,0,2,1,6,5,1,4,2,01,1,1,0,30,1,0,1,3,1,17,1,1,2,0,2,1,1,200700007553A01,,,,240200477
200700007564,2007-02-13,2007,février,mardi,08:50,03,03310,0,0,2,1,3,1,1,2,1,01,1,1,0,30,1,0,1,4,1,75,5,2,2,14,2,1,1,200700007564B01,7,22,1,200071363
200700007567,2007-02-26,2007,février,lundi,17:10,03,03095,0,0,2,1,1,1,1,3,2,02,1,1,0,80,2,0,1,3,1,25,5,2,2,14,2,1,13,200700007567A01,7,23,1,200071363
200700007583,2007-02-17,2007,février,samedi,09:50,06,06004,0,0,2,1,3,1,1,2,3,05,1,1,5,60,1,0,1,4,1,63,5,2,2,0,2,1,1,200700007583B01,7,9,1,240600585
200700007617,2007-02-26,2007,février,lundi,08:15,06,06123,0,0,2,1,2,1,1,2,1,03,1,1,0,0,-1,0,1,3,1,66,5,3,9,0,2,4,2,200700007617B01,7,2,1,200030195
200700007618,2007-02-26,2007,février,lundi,18:30,06,06123,0,0,2,1,6,5,1,4,2,02,1,1,0,0,1,0,4,4,1,18,5,3,9,0,1,1,1,200700007618A01,,,,200030195
200700007625,2007-02-06,2007,février,mardi,11:20,06,06029,0,0,2,1,7,1,1,2,2,02,1,1,0,78,1,0,1,4,2,71,5,1,9,0,5,1,1,200700007625A01,,,,200039915
200700007660,2007-02-14,2007,février,mercredi,19:25,06,06069,0,0,2,1,2,5,1,3,2,02,2,2,0,0,1,0,1,4,1,76,5,3,9,0,2,1,1,200700007660A01,2,15,1,200039857