Num_Acc,date,an,mois,jour,hrmn,dep,com,lat,long,agg,int,col,lum,atm,catr,circ,nbv,prof,plan,lartpc,larrout,surf,infra,situ,grav,sexe,age,trajet,secuexist,equipement,obs,obsm,choc,manv,vehiculeid,typevehicules,manoeuvehicules,numVehicules,_infos_commune.code_epci
200700007676,2007-02-01,2007,février,jeudi,12:45,06,06088,0,0,2,1,3,1,1,4,1,05,1,1,35,120,1,0,1,1,1,20,5,3,9,0,2,8,11,200700007676A01,32,1,1,200030195
200700007742,2007-02-15,2007,février,jeudi,12:01,06,06088,0,0,2,1,2,1,1,3,2,01,1,1,0,0,1,0,4,3,1,63,5,1,2,0,2,1,1,200700007742A01,1,1,1,200030195
200700007742,2007-02-15,2007,février,jeudi,12:01,06,06088,0,0,2,1,2,1,1,3,2,01,1,1,0,0,1,0,4,1,1,62,0,3,2,0,2,4,1,200700007742B01,1,1,1,200030195
200700007753,2007-02-17,2007,février,samedi,02:00,06,06088,0,0,2,1,6,5,1,3,1,50,1,1,0,0,1,0,0,4,1,41,5,1,2,0,2,0,19,200700007753A01,7,1,1,200030195
200700007804,2007-02-12,2007,février,lundi,18:35,07,07102,0,0,2,1,3,5,2,4,2,02,1,1,0,60,2,0,1,3,1,74,5,2,9,0,2,2,1,200700007804B01,7,9,1,200041366
200700007818,2007-02-03,2007,février,samedi,10:45,10,10387,0,0,2,3,3,1,1,4,2,02,1,1,0,70,1,0,1,3,2,91,9,3,9,0,2,1,1,200700007818B01,7,16,1,200069250
200700007846,2007-02-08,2007,février,jeudi,16:00,13,13004,0,0,2,2,3,1,1,4,1,01,1,1,0,45,1,0,1,4,1,25,5,1,2,0,2,2,1,200700007846A01,10,1,1,241300417
200700007849,2007-02-21,2007,février,mercredi,12:45,13,13004,0,0,2,1,3,1,1,4,2,02,1,1,0,82,1,0,1,4,2,18,1,1,2,0,2,3,2,200700007849A01,37,2,1,241300417
200700007861,2007-02-05,2007,février,lundi,14:40,13,13047,0,0,1,1,2,1,1,3,2,02,1,1,0,0,1,0,1,2,1,69,5,2,4,0,0,6,1,200700007861B01,7,12,1,200054807
200700007887,2007-02-02,2007,février,vendredi,07:50,13,13055,0,0,2,1,3,1,1,4,2,06,1,1,0,0,1,0,1,4,2,48,0,3,2,0,2,7,7,200700007887B01,7,9,1,200054807
200700007958,2007-02-02,2007,février,vendredi,13:35,13,13055,0,0,2,1,3,1,1,4,1,01,1,3,0,50,1,5,1,4,1,33,0,3,2,1,0,0,0,200700007958B01,7,24,1,200054807
200700008028,2007-02-22,2007,février,jeudi,10:30,13,13055,0,0,2,1,1,1,1,4,2,02,1,1,0,0,1,0,1,4,1,12,2,3,0,0,2,0,11,200700008028B01,33,1,1,200054807
200700008051,2007-02-28,2007,février,mercredi,16:30,13,13055,0,0,2,1,3,1,1,6,2,00,1,-1,0,0,1,0,0,4,1,14,5,3,0,0,2,0,0,200700008051B01,7,15,1,200054807
200700008129,2007-02-10,2007,février,samedi,15:00,13,13103,0,0,2,3,3,1,1,3,2,02,2,1,0,0,1,0,0,3,1,11,5,3,9,0,2,2,1,200700008129B01,7,1,1,200054807
200700008163,2007-02-15,2007,février,jeudi,08:10,14,14383,0,0,2,9,6,1,1,3,1,02,1,-1,500,86,1,0,1,4,1,32,1,3,9,0,0,4,1,200700008163B01,7,1,1,200065597
200700008164,2007-02-20,2007,février,mardi,18:45,14,14118,0,0,2,1,6,5,1,4,1,01,1,1,0,42,1,0,1,4,1,35,5,3,9,0,2,1,18,200700008164A01,7,16,1,200065597
200700008165,2007-02-22,2007,février,jeudi,17:45,14,14341,0,0,1,1,6,1,1,2,2,02,1,2,0,64,1,0,1,2,1,52,5,3,9,0,2,1,1,200700008165B01,7,1,1,200065597
200700008193,2007-02-14,2007,février,mercredi,11:15,17,17299,0,0,2,3,3,1,2,4,2,02,1,1,0,71,2,5,1,4,2,38,5,3,9,0,2,1,1,200700008193A01,7,1,1,200041762
200700008212,2007-02-22,2007,février,jeudi,10:50,17,17300,0,0,2,1,3,1,1,4,2,00,1,1,0,0,1,0,1,4,1,58,5,1,2,0,2,7,1,200700008212B01,7,15,1,241700434
200700008264,2007-02-04,2007,février,dimanche,16:05,21,21231,0,0,2,2,5,1,1,4,3,04,2,1,14,162,1,5,1,3,1,23,0,3,9,0,2,4,2,200700008264C01,37 / 7,2 / 1,2,242100410
200700008278,2007-02-16,2007,février,vendredi,13:20,21,21231,0,0,2,3,3,1,1,4,1,02,1,1,0,75,1,5,1,4,1,60,5,1,2,0,2,1,1,200700008278B01,7,16,1,242100410
200700008279,2007-02-18,2007,février,dimanche,16:50,21,21231,0,0,2,1,3,1,1,2,2,04,1,1,0,140,1,0,1,4,1,60,5,2,2,0,2,1,1,200700008279B01,7,15,1,242100410
200700008294,2007-02-12,2007,février,lundi,08:30,22,22360,0,0,2,2,3,1,1,4,2,02,1,1,0,70,1,5,1,3,1,12,0,2,2,14,0,1,19,200700008294A01,7,23,1,200069409
200700008336,2007-02-06,2007,février,mardi,05:55,26,26281,0,0,2,6,6,5,2,3,2,02,1,1,0,0,2,0,0,4,2,41,1,3,9,0,2,1,1,200700008336B01,7,9,1,200068781
200700008339,2007-02-27,2007,février,mardi,20:10,26,26281,0,0,2,1,6,5,8,3,2,02,1,1,0,70,1,0,1,3,2,28,1,2,9,0,2,1,1,200700008339B01,7,13,1,200068781
200700008340,2007-02-28,2007,février,mercredi,14:05,26,26281,0,0,2,1,6,1,1,2,2,02,1,1,0,80,1,0,1,4,1,26,1,2,9,0,2,8,15,200700008340B01,7,17,1,200068781
200700008342,2007-02-08,2007,février,jeudi,13:50,26,26058,0,0,2,6,3,1,2,4,2,02,1,2,0,0,2,0,1,4,2,52,1,2,2,0,2,7,1,200700008342B01,7,9,1,200068781
200700008358,2007-02-22,2007,février,jeudi,20:30,27,27375,0,0,2,2,3,5,1,4,2,02,1,1,0,0,1,0,1,4,1,49,3,3,9,0,2,3,1,200700008358A01,7,1,1,200089456
200700008365,2007-02-06,2007,février,mardi,09:00,28,28085,0,0,2,1,6,1,1,4,2,02,2,3,0,70,1,0,1,4,1,62,0,3,9,0,1,1,1,200700008365B01,,,,200033181
200700008406,2007-02-07,2007,février,mercredi,19:25,29,29232,0,0,1,1,2,3,3,4,3,04,1,1,0,180,2,0,1,2,1,28,5,1,2,0,2,4,1,200700008406B01,7,1,1,200068120
200700008423,2007-02-09,2007,février,vendredi,11:55,30,30189,0,0,2,2,3,1,1,4,-1,01,1,1,0,33,1,0,1,4,1,79,3,3,2,0,2,1,19,200700008423B01,7,1,1,243000643
200700008437,2007-02-19,2007,février,lundi,07:55,30,30189,43.83052,3.45699,2,2,6,1,1,4,1,01,1,1,0,36,1,0,1,4,1,42,9,3,2,0,2,1,1,200700008437A01,7,1,1,243000643
200700008448,2007-02-01,2007,février,jeudi,08:15,31,31069,0,0,2,6,3,1,1,3,1,01,2,-1,0,0,1,0,0,4,1,27,0,3,2,0,2,0,1,200700008448B01,7,16,1,243100518
200700008462,2007-02-05,2007,février,lundi,07:45,31,31555,0,0,2,1,3,1,8,4,1,03,1,1,0,75,1,0,1,4,2,20,9,3,9,0,2,8,19,200700008462B01,32,1,1,243100518
200700008479,2007-02-10,2007,février,samedi,14:15,31,31555,0,0,2,1,3,1,2,4,1,01,1,1,0,10,1,0,1,4,1,24,0,3,9,0,2,1,19,200700008479A01,7,1,1,243100518
200700008496,2007-02-15,2007,février,jeudi,15:30,31,31555,0,0,2,1,3,1,1,4,2,04,1,1,0,107,1,0,1,4,1,18,5,3,2,0,2,1,1,200700008496B01,7,15,1,243100518
200700008503,2007-02-18,2007,février,dimanche,19:10,31,31555,0,0,2,1,3,5,2,4,1,02,1,2,0,60,2,0,1,4,1,24,9,3,9,0,2,0,0,200700008503B01,7,15,1,243100518
200700008519,2007-02-26,2007,février,lundi,19:02,31,31555,0,0,2,1,1,2,1,4,2,02,2,1,0,60,1,0,5,4,1,49,9,3,9,0,9,1,1,200700008519A01,1,1,1,243100518
200700008519,2007-02-26,2007,février,lundi,19:02,31,31555,0,0,2,1,1,2,1,4,2,02,2,1,0,60,1,0,5,1,1,57,9,3,9,0,9,1,1,200700008519B01,1,1,1,243100518
200700008528,2007-02-07,2007,février,mercredi,16:15,32,32013,0,0,2,3,3,1,1,4,1,02,1,1,0,87,1,5,1,4,1,14,5,3,9,0,2,1,5,200700008528A01,7,2,1,200066926
200700008566,2007-02-12,2007,février,lundi,07:45,33,33063,0,0,2,2,3,2,2,4,2,04,1,1,0,0,1,0,1,4,1,17,0,3,2,0,2,1,1,200700008566A01,7,15,1,243300316
200700008573,2007-02-13,2007,février,mardi,11:40,33,33063,0,0,2,1,3,1,1,4,3,02,1,1,24,34,1,0,1,4,1,69,0,3,9,0,0,6,15,200700008573A01,7,1,1,243300316
200700008594,2007-02-21,2007,février,mercredi,11:15,33,33063,0,0,2,1,3,1,1,4,2,02,2,1,0,80,2,2,1,3,1,84,0,3,2,1,0,1,1,200700008594B01,7,22,1,243300316
200700008595,2007-02-21,2007,février,mercredi,20:45,33,33063,0,0,2,2,6,5,1,4,1,01,1,1,0,42,1,0,1,4,2,57,0,3,2,0,2,1,1,200700008595A01,7,5,2,243300316
200700008599,2007-02-20,2007,février,mardi,19:40,33,33318,0,0,2,6,1,5,1,4,1,02,1,1,0,67,1,0,1,4,1,29,0,3,2,0,2,2,1,200700008599B01,7,1,1,243300316
200700008621,2007-02-27,2007,février,mardi,08:55,33,33063,0,0,2,1,3,1,2,4,2,02,1,1,0,70,2,0,1,4,1,22,1,3,2,1,0,1,1,200700008621B01,7,22,1,243300316
200700008640,2007-02-02,2007,février,vendredi,14:45,34,34172,0,0,2,2,3,1,1,4,2,04,1,1,20,120,1,0,1,4,1,22,5,2,2,0,4,8,19,200700008640A01,38,1,1,243400017
200700008643,2007-02-01,2007,février,jeudi,08:53,34,34172,0,0,2,3,3,1,1,4,2,02,2,1,0,80,1,5,1,4,1,48,1,3,9,0,2,1,1,200700008643B01,7,15,1,243400017
200700008648,2007-02-05,2007,février,lundi,19:00,34,34172,43.63773,3.85956,2,3,1,5,8,4,2,02,2,3,0,66,1,0,1,4,1,22,0,3,9,0,2,1,1,200700008648B01,7,15,1,243400017
200700008663,2007-02-10,2007,février,samedi,16:17,34,34172,0,0,2,2,3,1,1,4,2,02,1,3,0,0,1,0,1,4,1,76,3,2,9,0,2,7,15,200700008663A01,7,1,1,243400017
200700008673,2007-02-19,2007,février,lundi,17:15,34,34172,0,0,2,1,3,1,1,4,2,02,2,1,0,60,1,0,4,4,1,7,2,3,9,0,2,1,1,200700008673B01,7,9,1,243400017
200700008682,2007-02-28,2007,février,mercredi,13:00,34,34172,0,0,2,1,7,1,1,4,1,02,1,1,0,70,1,0,1,4,2,34,0,3,2,0,0,0,1,200700008682A01,,,,243400017
200700008687,2007-02-01,2007,février,jeudi,11:30,35,35238,0,0,2,1,7,1,2,4,2,00,1,1,0,0,1,0,1,4,1,44,0,1,9,0,0,0,0,200700008687A01,,,,243500139
200700008688,2007-02-01,2007,février,jeudi,17:45,35,35055,0,0,1,6,3,2,2,3,3,04,1,-1,0,0,2,5,1,3,1,52,5,1,9,0,2,5,1,200700008688B01,7,9,1,243500139
200700008691,2007-02-03,2007,février,samedi,01:30,35,35238,0,0,2,1,6,5,1,4,1,00,1,1,0,0,1,0,1,3,1,23,0,3,9,1,0,1,1,200700008691A01,,,,243500139
200700008692,2007-02-03,2007,février,samedi,10:45,35,35238,0,0,2,6,3,1,1,4,-1,01,1,-1,0,0,1,0,1,4,1,56,5,3,9,0,2,1,1,200700008692B01,7,16,1,243500139
200700008711,2007-02-22,2007,février,jeudi,08:55,35,35238,0,0,2,6,3,1,1,4,2,00,1,2,0,0,2,0,1,4,1,37,0,3,2,0,2,1,2,200700008711B01,7,15,1,243500139
200700008714,2007-02-22,2007,février,jeudi,16:15,35,35238,0,0,2,8,3,1,1,4,2,02,1,1,0,0,1,5,1,4,2,31,4,3,2,0,2,1,18,200700008714B01,7,16,1,243500139
200700008718,2007-02-26,2007,février,lundi,14:50,35,35238,0,0,2,1,3,1,1,4,2,02,1,1,0,0,1,0,1,4,2,24,5,1,2,0,2,2,19,200700008718A01,7,1,1,243500139
200700008722,2007-02-28,2007,février,mercredi,14:20,35,35238,0,0,2,1,1,1,2,4,2,01,2,2,0,51,2,0,1,3,1,16,0,3,2,0,2,1,13,200700008722B01,7,2,1,243500139
200700008730,2007-02-05,2007,février,lundi,17:55,36,36044,0,0,2,3,3,1,1,4,3,05,1,1,0,0,1,0,1,4,1,37,9,3,9,0,2,1,1,200700008730B01,7,15,1,243600327
200700008803,2007-02-21,2007,février,mercredi,21:25,41,41018,0,0,2,1,3,5,1,4,1,02,1,1,0,0,1,0,1,4,1,41,5,3,9,0,2,1,1,200700008803A01,7,15,1,200030385
200700008821,2007-02-07,2007,février,mercredi,08:10,42,42071,0,0,2,2,3,1,1,3,2,02,1,1,0,140,1,0,1,4,2,53,1,3,9,0,2,1,1,200700008821B01,7,15,1,200035731
200700008823,2007-02-09,2007,février,vendredi,18:45,42,42071,0,0,2,5,3,5,1,3,2,02,1,1,0,68,1,0,1,4,1,37,5,3,9,0,2,7,12,200700008823A01,2,1,1,200035731
200700008849,2007-02-14,2007,février,mercredi,15:23,42,42218,0,0,2,1,2,1,1,4,2,04,1,1,0,120,1,0,1,4,1,16,5,1,2,0,2,1,1,200700008849A01,7,23,1,244200770
200700008867,2007-02-03,2007,février,samedi,12:30,44,44109,0,0,2,1,6,1,1,4,-1,00,-1,-1,0,0,-1,0,1,4,1,19,0,3,9,0,0,0,1,200700008867B01,31,0,1,244400404
200700008880,2007-02-16,2007,février,vendredi,13:50,44,44109,0,0,2,1,6,1,1,4,-1,00,1,1,0,0,1,0,1,3,2,35,0,3,9,0,1,1,1,200700008880A01,,,,244400404
200700008880,2007-02-16,2007,février,vendredi,13:50,44,44109,0,0,2,1,6,1,1,4,-1,00,1,1,0,0,1,0,1,3,2,23,0,3,0,0,1,1,1,200700008880A01,,,,244400404
200700008890,2007-02-26,2007,février,lundi,16:30,44,44109,0,0,2,1,6,1,1,4,3,02,2,3,0,0,1,0,5,4,1,52,1,3,9,0,2,0,1,200700008890B01,7,16,1,244400404
200700008906,2007-02-06,2007,février,mardi,17:55,45,45147,0,0,2,1,3,2,1,4,2,02,1,1,0,62,1,0,5,3,1,53,5,2,2,0,2,8,1,200700008906B01,7,9,1,244500468
200700008909,2007-02-09,2007,février,vendredi,08:40,45,45169,0,0,2,3,3,1,1,4,2,02,1,1,0,73,1,0,5,4,1,38,4,2,2,0,2,7,1,200700008909B01,7,15,1,244500468
200700008934,2007-02-01,2007,février,jeudi,13:15,49,49007,0,0,2,1,3,1,1,4,2,03,1,1,0,87,1,0,1,4,1,55,0,3,9,0,2,0,13,200700008934A01,2,17,1,244900015
200700008937,2007-02-02,2007,février,vendredi,07:58,49,49007,0,0,2,3,5,2,1,4,2,02,1,1,23,58,1,5,1,3,2,19,2,1,9,0,2,0,1,200700008937D01,7,15 / 1,4,244900015
200700008940,2007-02-03,2007,février,samedi,17:45,49,49267,0,0,2,2,3,2,1,4,2,02,1,1,0,60,1,5,1,4,2,20,0,3,9,0,2,8,1,200700008940B01,7,9,1,244900015
200700008948,2007-02-18,2007,février,dimanche,13:56,49,49007,0,0,2,1,3,1,1,4,2,06,1,1,0,126,1,0,1,3,2,21,0,3,9,0,2,0,11,200700008948A01,7,1,1,244900015
200700008953,2007-02-21,2007,février,mercredi,13:28,49,49007,0,0,2,2,6,1,1,4,2,04,1,1,0,138,1,5,1,4,1,62,0,3,9,0,1,1,15,200700008953B01,,,,244900015
200700008954,2007-02-22,2007,février,jeudi,09:53,49,49007,0,0,2,3,3,1,8,4,2,03,1,1,0,95,2,5,1,4,2,25,0,3,9,0,2,8,1,200700008954B01,7,16,1,244900015
200700008957,2007-02-26,2007,février,lundi,16:56,49,49007,0,0,2,1,7,1,1,4,2,04,1,3,0,120,1,0,1,4,2,30,5,3,9,0,0,0,0,200700008957A01,,,,244900015
200700009025,2007-02-06,2007,février,mardi,13:15,54,54395,0,0,2,1,3,1,1,4,2,04,1,1,0,0,1,0,4,4,1,45,1,1,9,0,2,3,1,200700009025A01,7,9,1,245400676
200700009033,2007-02-14,2007,février,mercredi,18:20,54,54395,0,0,2,2,3,5,1,4,1,02,1,1,0,0,2,0,1,4,1,22,0,1,9,0,2,1,1,200700009033B01,7,1,1,245400676
200700009043,2007-02-21,2007,février,mercredi,19:00,54,54304,0,0,2,1,3,5,1,4,1,02,2,1,0,0,1,0,1,4,1,52,3,2,2,0,2,2,21,200700009043B01,7,10,1,245400676
200700009059,2007-02-01,2007,février,jeudi,08:12,56,56121,0,0,2,6,3,5,2,9,2,02,1,1,0,0,2,0,1,4,1,20,9,3,9,0,2,1,1,200700009059B01,7,1,1,200042174
200700009062,2007-02-06,2007,février,mardi,06:49,56,56083,0,0,2,6,3,5,1,9,1,02,1,2,0,0,1,0,1,4,1,47,4,1,2,0,2,6,1,200700009062B01,7,1,1,200042174
200700009114,2007-02-02,2007,février,vendredi,09:30,57,57757,0,0,2,1,6,1,1,4,2,02,1,1,0,0,1,0,1,4,2,79,5,2,9,0,2,8,1,200700009114A01,7,1,1,245701362
200700009139,2007-02-06,2007,février,mardi,08:45,58,58194,0,0,2,3,1,1,2,4,2,02,2,3,0,75,2,0,1,4,2,62,1,3,9,0,2,1,23,200700009139B01,7,15,1,245804406
200700009145,2007-02-16,2007,février,vendredi,16:50,59,59017,0,0,2,7,3,1,8,4,1,02,1,1,0,0,1,0,1,4,1,6,5,3,9,0,2,7,2,200700009145A01,7,2,1,200093201
200700009163,2007-02-21,2007,février,mercredi,17:10,59,59588,0,0,2,1,3,1,1,4,2,02,1,1,0,120,1,5,1,3,1,12,5,1,9,0,1,7,15,200700009163A01,7,1,1,245900428
200700009167,2007-02-01,2007,février,jeudi,23:30,59,59350,0,0,2,3,3,5,1,4,2,02,1,1,0,120,1,0,1,4,1,26,1,1,4,0,2,1,1,200700009167B01,7,19,1,200093201
200700009168,2007-02-02,2007,février,vendredi,17:00,59,59350,0,0,2,2,3,1,1,4,2,02,1,1,0,80,1,0,1,4,1,45,1,3,4,0,2,1,17,200700009168A01,7,15,1,200093201
200700009171,2007-02-03,2007,février,samedi,16:25,59,59009,0,0,2,1,3,1,7,4,2,02,1,1,0,57,1,0,1,4,1,18,5,3,2,0,2,1,19,200700009171A01,7,1,1,200093201
200700009218,2007-02-20,2007,février,mardi,17:30,59,59392,0,0,2,1,3,1,1,3,1,01,1,2,0,54,1,0,1,3,1,77,5,3,2,0,2,8,13,200700009218B01,7,17,1,200043396
200700009224,2007-02-09,2007,février,vendredi,21:50,59,59512,0,0,2,3,3,5,1,4,2,01,1,1,0,0,1,0,1,3,1,21,9,3,2,0,2,1,1,200700009224B01,7,15,1,200093201
200700009252,2007-02-27,2007,février,mardi,21:10,59,59152,0,0,1,1,2,5,3,4,2,02,1,3,0,60,2,0,1,3,2,60,0,1,4,0,2,0,1,200700009252A01,7,0,1,200093201
200700009268,2007-02-02,2007,février,vendredi,09:55,60,60463,0,0,2,1,3,1,1,4,2,02,1,1,0,60,1,0,1,4,2,14,2,3,0,0,2,1,0,200700009268A01,7,0,1,200068047
200700009270,2007-02-22,2007,février,jeudi,16:40,60,60414,0,0,2,3,7,1,2,4,2,02,1,1,0,90,2,0,1,3,1,39,5,3,9,0,2,1,0,200700009270B01,7,16,1,200068047
200700009297,2007-02-25,2007,février,dimanche,19:15,62,62244,0,0,2,9,6,5,1,4,2,02,1,1,0,100,1,0,1,4,1,17,5,3,9,0,2,1,1,200700009297C01,7 / 30,15 / 1,2,200090751
200700009326,2007-02-05,2007,février,lundi,11:10,63,63113,0,0,2,6,6,1,1,4,2,02,1,1,0,0,1,0,1,4,1,27,9,2,2,0,2,1,0,200700009326B01,7,0,1,246300701
200700009373,2007-02-16,2007,février,vendredi,20:36,64,64024,0,0,2,1,6,4,1,5,-1,02,1,1,0,70,1,0,4,1,1,20,5,3,9,0,1,1,0,200700009373A01,,,,200067106
200700009395,2007-02-09,2007,février,vendredi,20:00,64,64445,0,0,2,3,3,5,2,4,2,02,1,1,0,96,2,0,1,4,2,58,9,1,9,0,2,1,1,200700009395A01,7,15,1,200067254
200700009422,2007-02-02,2007,février,vendredi,16:05,65,65047,0,0,2,3,3,1,1,4,2,02,1,1,0,67,1,0,1,4,1,69,9,3,2,0,0,5,1,200700009422B01,7,1,1,200069300
200700009424,2007-02-05,2007,février,lundi,19:45,65,65440,0,0,2,2,3,5,2,4,1,01,1,1,0,60,2,0,1,4,1,20,9,3,4,0,0,7,1,200700009424A01,7,1,1,200069300
200700009427,2007-02-09,2007,février,vendredi,07:50,65,65440,0,0,2,3,3,1,3,4,2,03,1,2,0,136,2,0,1,3,1,26,9,3,4,0,2,1,1,200700009427B01,7,15,1,200069300
200700009428,2007-02-09,2007,février,vendredi,17:35,65,65440,0,0,2,2,3,1,1,4,2,02,1,1,0,150,1,0,1,3,2,43,9,3,2,0,2,1,15,200700009428A01,7,1,1,200069300
200700009443,2007-02-16,2007,février,vendredi,13:50,66,66136,0,0,2,6,2,1,1,4,1,01,1,2,0,80,1,0,1,3,1,65,5,3,9,0,2,6,15,200700009443B01,7,17,1,200027183
200700009456,2007-02-08,2007,février,jeudi,07:45,67,67482,0,0,2,1,3,1,8,4,3,04,1,1,135,200,2,5,1,4,2,23,5,3,9,0,2,1,19,200700009456A01,7,1,1,246700488
200700009471,2007-02-16,2007,février,vendredi,10:15,67,67482,0,0,2,1,3,1,1,4,2,02,1,1,0,120,1,0,1,3,1,56,1,3,2,0,2,1,1,200700009471B01,7,22,1,246700488
200700009473,2007-02-18,2007,février,dimanche,00:25,67,67482,0,0,2,1,6,5,1,4,3,02,1,1,0,120,1,0,5,1,1,21,5,3,9,0,9,0,13,200700009473A01,1,17,1,246700488
200700009473,2007-02-18,2007,février,dimanche,00:25,67,67482,0,0,2,1,6,5,1,4,3,02,1,1,0,120,1,0,5,4,1,36,5,3,9,0,9,1,17,200700009473B01,1,13,1,246700488
200700009475,2007-02-21,2007,février,mercredi,13:55,67,67482,0,0,2,3,3,1,1,4,3,02,1,1,50,160,1,0,1,3,2,32,5,1,9,0,2,3,1,200700009475B01,7,15,1,246700488
200700009483,2007-02-02,2007,février,vendredi,11:50,68,68066,0,0,2,2,3,2,1,4,2,02,1,1,0,108,1,0,1,3,1,34,1,2,2,0,2,0,5,200700009483B01,7,16,1,246800726
200700009485,2007-02-07,2007,février,mercredi,08:50,68,68066,0,0,2,2,3,1,1,4,1,01,1,1,0,60,1,0,1,3,1,74,5,3,9,0,2,2,1,200700009485B01,7,1,1,246800726
200700009488,2007-02-22,2007,février,jeudi,16:00,68,68066,0,0,2,1,6,1,1,4,2,02,1,1,0,72,1,0,5,3,2,64,5,2,2,0,1,1,1,200700009488A01,,,,246800726
200700009509,2007-02-16,2007,février,vendredi,10:55,68,68166,0,0,2,2,3,1,1,3,3,02,1,1,0,0,1,0,1,3,1,26,1,1,4,0,2,7,1,200700009509B01,7,1,1,200066009
200700009510,2007-02-12,2007,février,lundi,07:10,69,69029,0,0,2,1,3,5,8,4,4,04,1,1,0,70,1,0,1,4,1,51,1,1,4,0,2,1,1,200700009510B01,7,9,1,200046977
200700009537,2007-02-08,2007,février,jeudi,13:05,69,69290,0,0,2,6,3,1,1,4,2,02,1,-1,0,0,2,5,1,4,1,60,5,1,2,0,2,2,1,200700009537B01,7,1,1,200046977
200700009538,2007-02-09,2007,février,vendredi,18:10,69,69290,0,0,2,1,3,5,1,4,3,02,2,1,0,34,1,0,4,4,1,12,5,3,9,0,2,1,1,200700009538A01,7,1,1,200046977
200700009564,2007-02-02,2007,février,vendredi,14:05,72,72181,0,0,2,2,2,1,1,9,2,02,1,1,0,48,1,0,1,4,1,43,9,3,2,0,0,1,1,200700009564B01,7,1,1,247200132
200700009592,2007-02-14,2007,février,mercredi,22:15,73,73008,0,0,2,1,7,5,3,4,2,02,1,1,0,80,2,0,1,3,1,29,5,2,2,0,0,1,1,200700009592A01,,,,200068674
200700009625,2007-02-03,2007,février,samedi,15:30,75,75016,0,0,2,3,6,1,1,4,2,03,1,1,0,90,1,0,1,4,1,62,5,1,2,0,2,2,1,200700009625B01,7,0,1,
200700009648,2007-02-04,2007,février,dimanche,13:35,75,75004,0,0,2,1,6,1,1,4,1,02,1,1,0,60,1,6,1,1,2,23,5,3,0,0,1,1,1,200700009648A01,,,,
200700009656,2007-02-01,2007,février,jeudi,16:35,75,75019,0,0,2,1,7,1,1,4,2,02,1,1,0,60,1,0,1,4,1,28,5,3,0,0,0,0,21,200700009656A01,,,,
200700009669,2007-02-05,2007,février,lundi,16:45,75,75011,0,0,2,1,3,1,8,4,1,01,1,1,0,30,1,0,1,4,2,24,5,3,0,0,2,3,18,200700009669B01,7,22,1,
200700009675,2007-02-02,2007,février,vendredi,09:30,75,75015,0,0,2,2,3,1,1,4,2,02,1,1,0,60,1,0,1,4,1,13,9,3,0,0,2,3,18,200700009675A01,14,1,1,
200700009684,2007-02-06,2007,février,mardi,12:45,75,75016,0,0,2,1,3,1,1,4,2,02,1,1,0,60,1,0,1,4,1,58,4,3,0,0,2,2,1,200700009684B01,7,22,1,
200700009692,2007-02-05,2007,février,lundi,17:30,75,75017,0,0,2,1,6,5,1,4,1,02,1,1,0,60,1,0,1,1,1,29,5,3,0,0,1,1,7,200700009692A01,,,,
200700009706,2007-02-07,2007,février,mercredi,08:55,75,75003,0,0,2,1,3,1,4,4,1,01,1,1,0,30,5,0,1,4,1,39,4,3,0,0,2,2,1,200700009706B01,7,22,1,
200700009798,2007-02-05,2007,février,lundi,18:50,75,75017,0,0,2,2,6,5,1,4,2,04,1,1,0,120,1,0,1,1,1,44,5,3,0,0,1,1,1,200700009798A01,,,,
200700009799,2007-02-04,2007,février,dimanche,16:10,75,75012,0,0,2,1,6,1,1,4,1,04,1,1,0,120,1,0,1,4,1,61,5,3,0,14,0,2,21,200700009799A01,,,,
200700009820,2007-02-11,2007,février,dimanche,18:30,75,75011,0,0,2,1,3,5,2,4,2,04,1,1,0,120,2,0,1,4,2,37,5,3,0,0,2,1,1,200700009820B01,7,22,1,
200700009823,2007-02-12,2007,février,lundi,17:45,75,75001,0,0,2,3,3,1,2,4,1,01,1,1,0,30,2,0,1,1,2,35,5,3,0,0,2,6,15,200700009823B01,2,5,1,
200700009839,2007-02-17,2007,février,samedi,17:50,75,75011,0,0,2,1,3,5,1,4,2,04,1,1,0,120,1,0,1,4,1,51,5,3,0,0,2,1,1,200700009839B01,7,10,1,
200700009846,2007-02-05,2007,février,lundi,17:45,75,75010,0,0,2,1,3,2,1,4,1,02,1,1,0,60,1,0,1,4,2,30,5,3,0,0,2,2,1,200700009846B01,4,9,1,
200700009852,2007-02-09,2007,février,vendredi,14:10,75,75010,0,0,2,3,3,1,1,4,1,02,1,3,0,60,1,0,1,4,2,32,5,3,0,0,2,3,1,200700009852B01,7,12,1,
200700009854,2007-02-09,2007,février,vendredi,19:10,75,75020,0,0,2,1,6,5,2,4,2,02,1,2,0,60,2,0,1,1,1,26,5,3,0,0,1,1,1,200700009854A01,,,,
200700009865,2007-02-12,2007,février,lundi,09:30,75,75017,0,0,2,3,3,1,2,4,2,04,1,1,0,120,2,0,1,4,2,28,4,3,0,0,2,3,15,200700009865B01,14,1,1,
200700009867,2007-02-12,2007,février,lundi,16:30,75,75004,0,0,2,2,6,1,2,4,1,04,1,1,0,120,2,0,1,1,1,21,9,3,0,0,1,1,1,200700009867A01,,,,