Num_Acc,date,an,mois,jour,hrmn,dep,com,lat,long,agg,int,col,lum,atm,catr,circ,nbv,prof,plan,lartpc,larrout,surf,infra,situ,grav,sexe,age,trajet,secuexist,equipement,obs,obsm,choc,manv,vehiculeid,typevehicules,manoeuvehicules,numVehicules,_infos_commune.code_epci
200700009927,2007-02-16,2007,février,vendredi,16:05,75,75005,0,0,2,2,6,1,1,4,1,01,1,1,0,30,1,0,1,4,1,19,5,3,0,1,0,1,21,200700009927A01,,,,
200700009937,2007-02-20,2007,février,mardi,11:10,75,75016,0,0,2,2,3,1,1,4,2,04,1,1,0,120,1,0,1,4,1,39,4,3,0,0,2,4,1,200700009937B01,7,1,1,
200700009951,2007-02-19,2007,février,lundi,20:30,75,75016,0,0,2,1,7,5,1,4,1,01,1,1,0,30,1,0,1,4,1,38,5,3,0,0,0,0,1,200700009951A01,,,,
200700009955,2007-02-16,2007,février,vendredi,00:01,75,75010,0,0,2,2,3,5,1,4,1,01,1,1,0,30,1,0,1,4,2,26,5,1,2,0,2,1,5,200700009955A01,7,1,1,
200700009960,2007-02-21,2007,février,mercredi,09:00,75,75013,0,0,2,2,3,1,2,4,2,06,1,1,0,180,2,0,1,4,1,40,4,3,0,0,2,6,15,200700009960A01,7,1,1,
200700009961,2007-02-01,2007,février,jeudi,13:32,75,75012,0,0,2,2,3,1,1,4,2,04,1,1,0,120,1,0,1,4,1,29,5,3,0,0,2,1,1,200700009961B01,7,15,1,
200700009977,2007-02-17,2007,février,samedi,12:00,75,75012,0,0,2,1,6,1,1,4,1,02,1,1,0,60,1,0,1,1,1,45,5,3,0,0,2,1,1,200700009977A01,1,1,1,
200700009977,2007-02-17,2007,février,samedi,12:00,75,75012,0,0,2,1,6,1,1,4,1,02,1,1,0,60,1,0,1,1,1,36,5,3,0,0,2,4,1,200700009977B01,1,1,1,
200700010005,2007-02-21,2007,février,mercredi,20:50,75,75009,0,0,2,1,6,5,1,4,1,02,1,1,0,60,1,0,1,1,1,27,5,3,0,0,1,1,1,200700010005A01,,,,
200700010016,2007-02-22,2007,février,jeudi,07:55,75,75014,0,0,2,1,3,1,1,4,2,04,1,1,0,120,1,0,1,4,1,32,1,3,0,0,2,6,1,200700010016B01,7,12,1,
200700010036,2007-02-13,2007,février,mardi,22:50,75,75017,0,0,2,2,3,5,1,4,1,01,1,1,0,30,1,0,1,4,1,38,5,3,0,0,2,2,1,200700010036A01,5,1,1,
200700010095,2007-02-27,2007,février,mardi,20:00,75,75010,0,0,2,1,6,5,2,4,1,02,1,1,0,60,2,0,1,1,1,35,4,3,0,0,1,1,1,200700010095A01,,,,
200700010123,2007-02-28,2007,février,mercredi,18:55,75,75004,0,0,2,1,2,5,2,4,1,03,1,1,0,90,2,0,1,4,1,54,5,3,0,0,2,4,1,200700010123B01,5,1,1,
200700010129,2007-02-28,2007,février,mercredi,08:35,75,75015,0,0,2,2,4,1,1,4,1,02,1,1,0,60,1,0,1,4,1,49,5,3,0,0,2,3,1,200700010129C01,7 / 5,15 / 1,2,
200700010181,2007-02-01,2007,février,jeudi,09:35,75,75003,0,0,2,3,3,1,1,4,2,04,1,1,0,120,2,0,1,3,2,26,1,3,0,0,2,3,7,200700010181B01,14,16,1,
200700010246,2007-02-19,2007,février,lundi,16:35,76,76351,0,0,2,1,7,1,1,4,2,02,1,1,0,0,2,0,1,4,1,14,5,3,9,12,0,1,1,200700010246A01,,,,200084952
200700010294,2007-02-01,2007,février,jeudi,09:55,77,77284,0,0,1,1,3,1,1,3,2,03,1,1,0,90,1,0,1,4,1,39,5,1,2,0,2,8,11,200700010294A01,14,17,1,200072130
200700010320,2007-02-04,2007,février,dimanche,14:00,77,77390,0,0,2,7,6,1,1,4,-1,01,1,-1,0,40,1,0,1,3,1,52,5,1,2,0,1,1,16,200700010320A01,,,,200057958
200700010322,2007-02-15,2007,février,jeudi,16:15,77,77374,0,0,1,6,3,1,1,3,1,02,1,-1,250,93,1,0,1,3,2,73,5,1,2,0,2,4,2,200700010322B01,7,2,1,247700594
200700010325,2007-02-21,2007,février,mercredi,17:05,77,77373,0,0,2,1,3,1,1,4,2,02,1,1,0,0,1,0,4,3,1,22,1,2,2,0,2,1,1,200700010325B01,7,15,1,200057958
200700010327,2007-02-22,2007,février,jeudi,13:35,77,77373,0,0,2,1,2,1,1,4,1,02,1,2,0,0,-1,0,1,4,1,26,1,2,2,0,2,4,1,200700010327B01,7,15,1,200057958
200700010341,2007-02-21,2007,février,mercredi,07:10,78,78383,0,0,2,6,3,2,2,4,3,04,1,1,100,70,2,5,0,4,1,19,2,2,4,0,2,7,1,200700010341B01,7,1,1,200058782
200700010365,2007-02-18,2007,février,dimanche,13:05,78,78440,0,0,2,3,6,1,1,4,1,01,1,1,0,0,1,0,1,4,1,47,5,3,0,0,0,6,0,200700010365B01,7,0,1,200059889
200700010424,2007-02-16,2007,février,vendredi,07:35,80,80001,0,0,2,6,3,5,1,2,1,02,1,-1,0,95,1,0,1,3,1,38,1,1,4,0,0,5,16,200700010424B01,7,9,1,200070993
200700010450,2007-02-22,2007,février,jeudi,12:50,80,80021,0,0,2,1,3,1,1,4,1,01,1,1,0,32,1,0,1,4,1,20,5,3,9,1,0,1,1,200700010450B01,7,24,1,248000531
200700010451,2007-02-23,2007,février,vendredi,18:25,80,80021,0,0,2,1,7,2,1,4,1,01,1,1,0,30,1,0,3,4,1,27,1,3,9,16,0,1,16,200700010451A01,,,,248000531
200700010452,2007-02-24,2007,février,samedi,10:10,80,80131,0,0,1,1,2,1,3,3,2,02,1,1,0,80,2,0,1,4,1,49,5,3,9,0,2,4,1,200700010452B01,7,1,1,248000531
200700010454,2007-02-23,2007,février,vendredi,19:00,80,80021,0,0,2,1,6,2,1,4,1,01,1,1,0,30,1,0,3,4,1,56,5,3,9,16,0,1,1,200700010454A01,,,,248000531
200700010460,2007-02-09,2007,février,vendredi,17:30,81,81065,0,0,2,3,3,1,1,4,2,00,1,1,0,0,1,0,1,4,1,17,9,3,9,0,2,1,1,200700010460A01,7,1,1,248100430
200700010471,2007-02-01,2007,février,jeudi,09:50,81,81021,0,0,2,2,3,1,2,3,2,02,1,1,0,80,2,0,1,4,1,46,5,3,2,0,2,8,15,200700010471B01,7,15,1,248100430
200700010523,2007-02-15,2007,février,jeudi,08:30,83,83090,0,0,1,1,3,1,1,4,2,01,2,4,0,45,9,0,1,4,1,31,5,2,2,0,2,2,1,200700010523A01,10,23,1,248300543
200700010548,2007-02-14,2007,février,mercredi,06:45,84,84007,0,0,1,1,6,2,1,4,2,02,1,1,0,60,-1,0,1,4,1,39,1,3,9,0,2,3,1,200700010548B01,7,1,1,248400251
200700010557,2007-02-22,2007,février,jeudi,17:45,84,84007,0,0,2,1,3,2,1,3,2,02,1,1,0,80,1,0,1,4,1,29,1,2,9,0,2,1,1,200700010557B01,7,15,1,248400251
200700010568,2007-02-26,2007,février,lundi,19:15,84,84087,0,0,1,1,6,3,1,4,2,02,1,1,0,60,1,0,1,2,1,30,5,2,9,0,2,4,23,200700010568B01,10,1,1,248400236
200700010574,2007-02-11,2007,février,dimanche,14:30,85,85191,0,0,1,1,2,1,1,3,2,02,1,1,0,63,1,0,1,3,1,62,5,1,2,0,2,4,2,200700010574A01,7,0,1,248500589
200700010590,2007-02-04,2007,février,dimanche,16:30,86,86194,0,0,2,2,1,1,1,4,2,02,1,3,0,52,1,0,1,4,1,29,9,2,2,0,2,1,1,200700010590B01,7,15,1,200069854
200700010597,2007-02-15,2007,février,jeudi,17:15,86,86214,0,0,1,1,2,1,1,3,2,02,3,1,0,67,1,0,1,4,1,53,5,1,2,0,2,4,2,200700010597B01,7,1,1,200069854
200700010606,2007-02-03,2007,février,samedi,15:15,87,87085,0,0,2,1,6,1,1,2,2,02,1,1,0,60,1,0,1,4,1,46,5,1,2,0,0,0,0,200700010606A01,,,,248719312
200700010628,2007-02-19,2007,février,lundi,13:58,87,87075,0,0,1,2,3,1,1,4,2,02,-1,1,0,47,1,0,1,4,1,60,5,1,2,0,2,1,1,200700010628B01,7,9,1,248719312
200700010663,2007-02-27,2007,février,mardi,19:05,89,89387,0,0,2,6,3,5,2,3,1,01,1,2,0,0,1,5,1,4,2,49,5,3,4,0,2,8,1,200700010663B01,7,16,1,248900334
200700010688,2007-02-15,2007,février,jeudi,10:30,91,91657,0,0,2,2,3,1,1,4,-1,00,1,1,0,0,1,0,1,4,1,81,5,3,9,0,2,0,0,200700010688B01,7,0,1,200058477
200700010713,2007-02-04,2007,février,dimanche,12:10,91,91645,0,0,2,1,3,1,1,3,2,02,1,1,0,96,1,0,1,2,1,59,5,3,9,0,1,8,19,200700010713B01,7,1,1,200056232
200700010720,2007-02-02,2007,février,vendredi,18:08,91,91570,0,0,2,1,6,5,1,4,2,02,1,1,0,0,1,0,1,4,1,32,9,3,9,0,0,8,19,200700010720B01,37,1,1,200057859
200700010723,2007-02-03,2007,février,samedi,15:20,92,92002,0,0,2,2,6,1,1,4,3,02,1,1,0,121,1,0,1,4,2,42,0,3,2,0,2,7,19,200700010723B01,7,1,1,200054781
200700010732,2007-02-18,2007,février,dimanche,00:35,92,92014,0,0,2,1,6,5,1,3,2,04,1,1,0,160,1,0,1,4,1,18,5,2,4,0,0,0,0,200700010732B01,7,17,1,200054781
200700010751,2007-02-20,2007,février,mardi,08:15,92,92007,0,0,2,2,3,1,1,3,2,02,1,1,0,120,1,0,1,4,1,33,1,3,9,0,2,1,1,200700010751B01,7,15,1,200054781
200700010789,2007-02-13,2007,février,mardi,16:00,92,92026,0,0,2,2,3,1,1,3,3,04,1,1,0,138,1,0,1,4,1,15,2,3,9,0,2,3,1,200700010789A01,7,1,1,200054781
200700010790,2007-02-14,2007,février,mercredi,18:50,92,92026,0,0,2,1,2,5,2,3,3,04,1,1,0,0,2,0,1,4,1,41,5,3,9,0,2,4,2,200700010790B01,7,2,1,200054781
200700010794,2007-02-21,2007,février,mercredi,13:45,92,92035,0,0,2,9,3,1,1,3,2,02,1,1,0,0,1,0,1,3,1,62,5,3,9,0,2,3,1,200700010794B01,20,16,1,200054781
200700010799,2007-02-11,2007,février,dimanche,10:05,92,92036,0,0,2,1,3,1,1,3,1,01,1,1,0,60,1,0,1,4,1,26,5,3,9,1,0,7,1,200700010799B01,7,22,1,200054781
200700010810,2007-02-06,2007,février,mardi,14:20,92,92044,0,0,2,2,6,1,1,4,1,01,1,1,0,0,1,0,1,4,2,34,9,3,9,0,2,4,1,200700010810B01,99,16,1,200054781
200700010840,2007-02-21,2007,février,mercredi,18:25,92,92050,0,0,2,2,3,5,1,2,2,02,2,1,0,60,1,0,1,4,1,26,1,2,2,0,2,1,1,200700010840B01,7,15,1,200054781
200700010876,2007-02-08,2007,février,jeudi,16:45,92,92075,0,0,2,2,3,1,3,3,2,00,1,2,0,74,2,0,1,4,1,71,5,3,9,0,2,1,1,200700010876B01,7,15,1,200054781
200700010878,2007-02-15,2007,février,jeudi,08:25,92,92046,0,0,2,2,3,1,1,4,2,02,1,1,0,0,1,0,1,4,1,13,2,3,9,0,2,1,1,200700010878B01,7,1,1,200054781
200700010896,2007-02-20,2007,février,mardi,14:55,93,93005,0,0,2,1,3,1,1,4,2,02,1,1,0,80,1,0,1,3,1,78,0,3,9,0,0,1,0,200700010896B01,7,0,1,200054781
200700010911,2007-02-18,2007,février,dimanche,18:10,93,93008,0,0,2,3,3,1,1,4,1,01,1,3,0,50,1,0,1,4,1,18,5,2,2,0,0,1,0,200700010911B01,7,16,1,200054781
200700010984,2007-02-28,2007,février,mercredi,17:40,93,93048,0,0,2,1,6,1,1,3,2,02,2,1,0,50,2,0,1,4,1,48,9,2,2,1,0,0,0,200700010984B01,7,24,1,200054781
200700011013,2007-02-20,2007,février,mardi,07:25,93,93055,0,0,2,3,3,2,1,2,2,02,1,-1,0,150,1,5,1,4,1,49,1,2,9,0,0,0,0,200700011013A01,7,15,1,200054781
200700011029,2007-02-12,2007,février,lundi,18:10,93,93066,0,0,2,2,3,5,2,9,1,02,1,-1,60,60,2,0,1,4,1,38,1,2,9,0,0,8,0,200700011029B01,7,0,1,200054781
200700011036,2007-02-21,2007,février,mercredi,16:15,93,93066,0,0,2,9,2,1,1,4,1,04,2,1,0,120,1,0,1,4,1,27,5,1,2,0,2,1,2,200700011036B01,7,2,1,200054781
200700011075,2007-02-05,2007,février,lundi,10:00,94,94075,0,0,2,1,2,1,2,4,2,02,2,1,0,50,2,0,1,4,1,18,1,3,9,0,2,1,2,200700011075A01,7,2,1,200054781
200700011084,2007-02-11,2007,février,dimanche,16:00,94,94017,0,0,2,1,3,1,1,3,2,02,1,2,0,0,1,0,1,4,2,9,5,3,2,0,0,3,1,200700011084B01,7,0,1,200054781
200700011094,2007-02-06,2007,février,mardi,12:05,94,94069,0,0,2,2,3,1,1,4,1,01,1,1,0,54,1,0,1,4,1,68,5,1,2,0,2,1,1,200700011094B01,7,2,1,200054781
200700011165,2007-02-02,2007,février,vendredi,19:50,94,94041,0,0,2,1,2,3,1,2,2,02,4,1,74,74,2,0,1,3,1,33,0,2,2,0,2,4,3,200700011165B01,7,1,1,200054781
200700011182,2007-02-04,2007,février,dimanche,11:20,94,94042,0,0,2,1,2,1,1,4,2,00,2,1,0,38,1,0,1,4,1,43,5,3,9,0,2,4,1,200700011182B01,7,1,1,200054781
200700011216,2007-02-15,2007,février,jeudi,08:00,94,94080,0,0,2,3,2,1,1,2,2,04,-1,-1,0,0,1,0,1,4,2,48,1,3,9,0,2,4,0,200700011216B01,7,0,1,200054781
200700011252,2007-02-03,2007,février,samedi,14:00,95,95252,0,0,2,1,2,1,1,4,2,02,1,1,0,55,1,0,1,4,2,75,5,3,2,0,2,1,1,200700011252B01,7,4,1,200058485
200700011259,2007-02-25,2007,février,dimanche,10:30,95,95491,0,0,2,1,6,1,1,4,2,02,2,1,0,50,1,0,0,3,1,40,4,3,2,0,1,1,1,200700011259A01,,,,200058485
200700011259,2007-02-25,2007,février,dimanche,10:30,95,95491,0,0,2,1,6,1,1,4,2,02,2,1,0,50,1,0,0,4,2,36,5,3,0,0,1,1,1,200700011259A01,,,,200058485
200700011271,2007-02-21,2007,février,mercredi,17:40,95,95487,0,0,2,1,3,1,1,4,2,02,1,1,0,31,1,0,1,4,1,7,5,3,9,0,2,3,1,200700011271B01,7,1,1,249500489
200700011396,2007-02-17,2007,février,samedi,03:45,95,95527,0,0,1,1,2,3,1,1,1,03,1,1,15,105,1,0,1,2,1,29,9,2,9,0,0,4,2,200700011396B01,15,2,1,200055655
200700011593,2007-02-05,2007,février,lundi,12:20,69,69386,0,0,2,1,6,1,7,4,2,05,1,1,0,0,1,0,4,1,1,24,5,3,9,0,1,1,1,200700011593A01,,,,200046977
200700011600,2007-02-15,2007,février,jeudi,09:30,69,69383,0,0,2,1,3,1,1,4,1,04,1,1,0,0,1,0,1,4,2,24,1,3,9,0,2,1,1,200700011600B01,10,16,1,200046977
200700011601,2007-02-15,2007,février,jeudi,12:30,69,69386,0,0,2,2,3,1,1,4,3,00,1,1,0,0,1,0,1,4,1,49,1,3,9,0,2,7,19,200700011601A01,7,1,1,200046977
200700011606,2007-02-20,2007,février,mardi,16:05,69,69383,0,0,2,2,1,1,1,4,2,02,1,1,0,0,1,0,1,4,2,31,9,3,9,0,2,1,1,200700011606B01,7,1,1,200046977
200700011650,2007-02-28,2007,février,mercredi,15:45,69,69385,0,0,2,1,7,1,1,3,3,04,2,2,0,0,8,0,1,3,1,35,0,3,4,0,0,7,1,200700011650A01,,,,200046977
200700011674,2007-02-15,2007,février,jeudi,16:00,69,69388,0,0,2,1,3,1,1,4,2,01,1,1,0,0,1,0,4,4,2,42,0,1,2,0,2,7,0,200700011674B01,7,1,1,200046977
200700011700,2007-02-01,2007,février,jeudi,07:48,69,69389,0,0,2,1,3,2,1,4,2,02,1,1,0,46,1,0,1,3,1,37,4,2,2,0,2,0,0,200700011700B01,30,0,1,200046977
200700011705,2007-02-10,2007,février,samedi,01:00,69,69389,0,0,2,2,3,5,1,4,2,02,1,1,0,0,1,0,1,1,1,19,2,2,2,0,2,3,1,200700011705A01,33,2,1,200046977
200700011765,2007-02-07,2007,février,mercredi,11:55,18,18033,0,0,2,2,3,1,1,2,2,02,1,1,0,50,1,0,1,4,1,53,3,3,9,0,2,8,1,200700011765B01,14,1,1,241800507
200700011768,2007-02-12,2007,février,lundi,11:20,18,18033,0,0,2,2,3,1,1,4,1,01,2,1,0,70,2,0,1,4,1,40,0,1,9,0,2,1,2,200700011768A01,7,1,1,241800507
200700011799,2007-01-12,2007,janvier,vendredi,09:15,92,92012,0,0,2,1,1,1,1,3,2,02,1,1,0,100,1,0,1,4,2,38,1,3,9,0,2,7,1,200700011799B01,7,9,1,200054781
200700011891,2007-03-25,2007,mars,dimanche,11:15,80,80826,50.122,1.483,1,1,1,1,6,3,1,02,2,1,0,75,1,0,3,3,1,53,5,1,2,0,0,4,13,200700011891B02,7,17,1,247600588
200700011941,2007-03-24,2007,mars,samedi,15:00,60,60026,0,0,2,2,3,1,2,4,2,02,1,1,0,61,2,0,1,2,1,76,5,3,0,0,2,1,1,200700011941A01,21,1,1,200067999
200700011946,2007-03-27,2007,mars,mardi,17:00,60,60374,49.552,2.48,1,1,3,1,1,3,2,02,1,1,0,70,1,0,1,3,1,56,5,1,2,0,2,3,1,200700011946B02,10,17,1,246000566
200700011952,2007-03-09,2007,mars,vendredi,19:30,60,60398,0,0,2,1,2,5,1,3,2,00,1,1,0,60,1,0,1,3,1,19,1,3,0,0,0,4,1,200700011952B02,7,1,1,200067973
200700011961,2007-03-02,2007,mars,vendredi,08:15,76,76513,0,0,2,1,2,1,1,3,2,02,1,3,0,48,1,0,1,3,2,75,5,1,2,0,0,4,1,200700011961A01,10,17,1,200023414
200700011967,2007-03-08,2007,mars,jeudi,09:30,76,76693,0,0,2,2,3,1,1,4,2,02,4,1,0,62,1,0,1,3,1,72,3,3,0,0,2,1,1,200700011967A01,10,1,1,200084952
200700011972,2007-03-02,2007,mars,vendredi,13:00,76,76303,49.557,0.351,1,2,1,1,1,3,2,00,-1,1,0,66,1,0,1,4,1,42,5,3,0,0,0,8,19,200700011972B02,7,19,1,200084952
200700011997,2007-03-12,2007,mars,lundi,12:30,27,27365,0,0,2,1,1,1,1,4,2,00,1,1,0,0,1,0,1,4,2,2007,2,3,0,0,0,0,0,200700011997A01,15,2,1,200089456
200700012009,2007-03-15,2007,mars,jeudi,17:30,35,35363,0,0,1,1,1,1,1,3,-1,00,-1,-1,0,0,1,0,1,3,1,65,5,3,0,0,2,1,1,200700012009B02,7,15,1,243500139
200700012035,2007-03-15,2007,mars,jeudi,18:15,22,22162,48.768,-3.075,1,2,3,1,7,3,2,02,1,2,0,75,1,5,1,3,1,48,5,1,2,0,2,1,1,200700012035A01,7,19,1,200067981
200700012046,2007-03-05,2007,mars,lundi,19:00,22,22110,0,0,1,1,1,1,1,3,2,00,4,2,0,0,1,2,1,3,1,51,5,3,0,0,2,1,1,200700012046B02,7,1,1,200065928
200700012062,2007-03-10,2007,mars,samedi,18:00,29,29210,48.581,-3.993,1,2,3,1,7,3,2,02,2,1,0,76,1,5,1,3,1,49,5,1,2,0,2,1,1,200700012062A01,7,19,1,242900751
200700012065,2007-03-22,2007,mars,jeudi,12:45,56,56206,0,0,1,1,2,1,1,3,2,00,-1,1,0,71,1,0,5,3,1,50,1,3,0,0,2,6,1,200700012065B02,7,14,1,200067932
200700012079,2007-03-03,2007,mars,samedi,17:30,56,56190,0,0,1,1,3,1,1,3,2,02,2,1,0,64,1,0,1,3,1,65,5,1,2,0,2,1,1,200700012079B02,7,15,1,245614433
200700012142,2007-03-12,2007,mars,lundi,17:45,44,44150,47.128,-1.621,2,1,3,1,1,3,2,02,1,1,0,61,1,0,1,3,2,15,3,3,0,0,2,8,0,200700012142B02,33,19,1,244400404
200700012151,2007-03-27,2007,mars,mardi,15:15,44,44103,0,0,1,1,2,1,1,3,2,03,2,1,0,105,1,2,1,2,2,62,5,3,0,0,2,4,2,200700012151B02,17,2,1,244400644
200700012159,2007-03-27,2007,mars,mardi,08:45,49,49223,47.408,-0.529,2,1,3,1,1,4,2,00,-1,1,0,55,1,5,1,4,1,10,2,3,0,0,2,3,16,200700012159A01,7,1,1,244900015
200700012240,2007-03-03,2007,mars,samedi,20:15,33,33402,0,0,2,1,2,5,2,3,2,02,-1,1,0,79,2,0,1,3,1,26,5,2,2,0,0,4,23,200700012240B02,7,1,1,243301371
200700012343,2007-03-18,2007,mars,dimanche,09:45,17,17003,0,0,1,2,5,1,1,3,2,02,1,1,0,60,1,5,1,4,1,48,3,3,0,0,2,1,1,200700012343B02,14,1,1,200041614
200700012343,2007-03-18,2007,mars,dimanche,09:45,17,17003,0,0,1,2,5,1,1,3,2,02,1,1,0,60,1,5,1,4,2,54,4,3,0,0,2,1,1,200700012343C03,14,1,1,200041614
200700012343,2007-03-18,2007,mars,dimanche,09:45,17,17003,0,0,1,2,5,1,1,3,2,02,1,1,0,60,1,5,1,4,1,56,4,3,0,0,2,1,1,200700012343D04,14,1,1,200041614
200700012356,2007-03-07,2007,mars,mercredi,10:30,79,79134,0,0,1,1,2,1,3,3,2,00,1,1,0,0,2,0,1,3,1,71,5,3,0,0,0,0,1,200700012356B02,7,1,1,247900798
200700012375,2007-03-21,2007,mars,mercredi,16:30,19,19261,45.672,2.193,2,1,1,1,4,3,-1,00,-1,1,25,0,2,0,1,3,1,19,3,1,4,0,0,1,0,200700012375B02,7,1,1,200066744
200700012395,2007-03-12,2007,mars,lundi,17:45,31,31145,43.31,1.523,1,1,3,1,1,3,2,00,1,2,0,50,1,0,1,3,2,80,5,3,0,0,0,8,1,200700012395A01,7,15,1,200068807
200700012409,2007-03-09,2007,mars,vendredi,17:00,31,31451,0,0,2,1,3,1,1,3,2,03,1,1,0,95,1,0,5,3,1,44,1,3,0,0,2,1,1,200700012409B02,7,15,1,243100567
200700012500,2007-03-27,2007,mars,mardi,19:45,01,01369,0,0,1,1,1,1,1,3,2,02,1,1,0,80,1,0,1,4,1,50,1,3,0,0,2,4,1,200700012500B02,7,17,1,200071751
200700012508,2007-03-02,2007,mars,vendredi,14:40,01,01098,0,0,1,1,3,1,1,3,-1,02,-1,3,0,72,1,0,1,3,1,73,5,2,2,0,2,8,1,200700012508B02,7,14,1,200040350
200700012596,2007-03-17,2007,mars,samedi,16:15,42,42021,45.517,4.105,2,1,3,1,1,3,2,02,2,1,0,56,1,0,1,3,1,50,5,1,2,0,2,8,1,200700012596A01,21,16,1,200065886
200700012643,2007-03-10,2007,mars,samedi,15:20,74,74220,0,0,1,1,3,1,1,3,2,02,1,1,0,70,1,0,1,1,1,13,5,3,0,0,2,8,13,200700012643A01,2,2,1,247400583
200700012643,2007-03-10,2007,mars,samedi,15:20,74,74220,0,0,1,1,3,1,1,3,2,02,1,1,0,70,1,0,1,1,1,15,5,3,0,0,2,8,13,200700012643A01,2,2,1,247400583
200700012648,2007-03-06,2007,mars,mardi,19:00,74,74314,0,0,1,1,3,3,1,2,2,02,1,1,0,76,1,0,1,3,1,26,5,3,0,0,2,8,1,200700012648B02,10,21,1,247400690
200700012653,2007-03-14,2007,mars,mercredi,16:00,74,74199,46.361,6.307,1,1,1,1,7,3,2,02,1,1,0,55,1,0,1,3,2,53,5,1,2,0,2,6,15,200700012653B02,7,17,1,200067551
200700012745,2007-03-25,2007,mars,dimanche,17:45,54,54402,49.285,5.813,2,9,3,1,1,9,-1,00,-1,1,0,59,1,0,1,3,2,8,0,2,2,0,2,8,19,200700012745B02,7,1,1,200070845
200700012746,2007-03-17,2007,mars,samedi,15:15,54,54359,48.52,6.401,1,2,3,1,1,3,2,00,1,-1,0,78,1,0,1,3,1,47,5,1,2,0,2,1,1,200700012746A01,7,19,1,200067643
200700012760,2007-03-04,2007,mars,dimanche,11:15,55,55317,49.119,5.585,1,1,3,1,1,3,2,02,-1,1,0,68,1,0,1,3,1,11,5,3,0,0,2,8,1,200700012760B02,7,14,1,245501176
200700012788,2007-03-08,2007,mars,jeudi,14:15,67,67554,48.572,7.5,2,1,3,1,1,3,2,01,2,1,0,70,1,0,1,1,1,46,5,3,0,0,2,1,1,200700012788A01,1,1,1,246701064
200700012788,2007-03-08,2007,mars,jeudi,14:15,67,67554,48.572,7.5,2,1,3,1,1,3,2,01,2,1,0,70,1,0,1,3,1,60,5,3,0,0,2,2,1,200700012788B02,1,1,1,246701064
200700012803,2007-03-28,2007,mars,mercredi,15:30,67,67181,48.606,7.575,1,1,3,1,1,3,2,02,-1,1,0,51,1,0,1,3,1,65,0,2,2,0,2,1,1,200700012803B02,21,19,1,200034635
200700012814,2007-03-16,2007,mars,vendredi,09:45,68,68338,0,0,2,1,3,1,1,3,2,00,1,1,0,0,1,0,1,4,1,24,4,1,2,0,2,1,1,200700012814B02,7,15,1,246800726
200700012824,2007-03-10,2007,mars,samedi,13:30,68,68135,47.575,7.513,2,3,3,1,1,3,2,02,1,2,0,60,1,0,1,3,1,51,0,1,2,0,2,1,19,200700012824A01,7,1,1,200066058
200700012834,2007-03-07,2007,mars,mercredi,18:00,51,51511,48.622,3.745,2,1,1,1,1,3,2,01,1,2,0,0,1,0,1,3,1,8,5,3,0,0,2,1,1,200700012834B02,7,1,1,200066835
200700012844,2007-03-04,2007,mars,dimanche,18:45,51,51065,48.723,4.553,1,1,1,2,1,3,2,02,2,1,0,66,1,0,1,3,1,79,0,2,4,0,2,8,2,200700012844B02,7,2,1,200034718
200700012878,2007-03-08,2007,mars,jeudi,18:20,21,21060,0,0,2,1,3,1,1,3,2,02,-1,1,0,60,1,0,1,3,1,16,0,3,0,0,2,1,16,200700012878B02,7,1,1,200072825
200700012878,2007-03-08,2007,mars,jeudi,18:20,21,21060,0,0,2,1,3,1,1,3,2,02,-1,1,0,60,1,0,1,3,1,42,5,3,0,0,2,1,16,200700012878B02,7,1,1,200072825
200700012899,2007-03-13,2007,mars,mardi,17:45,71,71221,0,0,2,3,1,1,1,3,2,02,1,1,0,60,1,0,1,3,1,27,5,3,0,0,2,1,19,200700012899B02,10,1,1,247100589
200700012913,2007-03-29,2007,mars,jeudi,13:00,71,71263,0,0,2,4,3,1,1,2,2,02,1,2,0,80,1,0,1,3,1,53,5,3,0,0,2,7,1,200700012913B02,7,0,1,200071579
200700012951,2007-03-28,2007,mars,mercredi,12:15,70,70240,0,0,1,1,2,1,1,3,2,02,1,1,0,31,1,0,1,3,1,84,3,3,0,0,0,4,2,200700012951B02,2,2,1,200041721
200700012969,2007-03-28,2007,mars,mercredi,15:45,13,13016,0,0,1,1,1,1,1,3,2,02,2,3,0,45,1,0,1,3,1,39,5,0,2,0,2,1,17,200700012969B02,14,21,1,200054807
200700013003,2007-03-16,2007,mars,vendredi,17:15,83,83138,0,0,1,3,3,1,1,3,2,02,1,1,0,58,1,0,1,2,2,15,5,3,0,0,2,7,19,200700013003B02,7,1,1,200004802
200700013029,2007-03-31,2007,mars,samedi,18:45,83,83035,0,0,1,1,3,2,1,4,2,00,2,3,0,45,1,0,1,3,1,17,5,1,2,0,2,8,19,200700013029B02,7,1,1,248300394
200700013073,2007-03-16,2007,mars,vendredi,10:00,34,34119,43.598,3.111,2,1,3,1,1,3,2,00,-1,1,0,63,1,0,1,3,1,57,5,1,2,0,2,8,1,200700013073B02,7,15,1,200042646
200700013121,2007-03-24,2007,mars,samedi,14:30,30,30179,43.881,4.593,2,1,1,1,1,4,2,01,-1,1,0,26,1,0,1,3,1,15,5,3,0,0,2,8,15,200700013121B02,7,1,1,243000684
200700013150,2007-03-21,2007,mars,mercredi,07:30,2B,2B303,42.28,9.543,1,1,1,1,1,4,2,02,1,1,0,45,1,0,1,3,1,36,1,1,2,0,2,7,1,200700013150B02,7,17,1,200034205