Num_Acc,date,an,mois,jour,hrmn,dep,com,lat,long,agg,int,col,lum,atm,catr,circ,nbv,prof,plan,lartpc,larrout,surf,infra,situ,grav,sexe,age,trajet,secuexist,equipement,obs,obsm,choc,manv,vehiculeid,typevehicules,manoeuvehicules,numVehicules,_infos_commune.code_epci
200700017570,2007-03-08,2007,mars,jeudi,18:15,94,94017,0,0,2,1,3,1,1,3,1,01,1,1,0,0,1,0,1,4,2,10,9,2,2,0,0,0,0,200700017570B01,7,0,1,200054781
200700017576,2007-03-17,2007,mars,samedi,10:35,94,94018,0,0,2,2,3,1,1,3,1,04,1,1,0,104,1,0,1,4,1,51,5,1,2,0,2,1,1,200700017576B01,7,15,1,200054781
200700017582,2007-03-21,2007,mars,mercredi,07:50,94,94055,0,0,2,3,3,2,1,3,2,02,1,1,0,92,1,0,1,4,1,38,9,3,9,0,2,1,15,200700017582B01,7,1,1,200054781
200700017644,2007-03-20,2007,mars,mardi,16:40,94,94065,0,0,2,2,3,1,2,4,-1,00,-1,-1,0,0,2,0,1,4,1,45,0,3,9,0,2,7,0,200700017644B01,7,1,1,200054781
200700017664,2007-03-05,2007,mars,lundi,07:50,94,94046,0,0,2,1,6,1,1,2,2,00,1,1,0,120,1,0,1,3,1,39,1,1,2,0,2,2,17,200700017664C01,7,23,2,200054781
200700017666,2007-03-09,2007,mars,vendredi,19:15,94,94046,0,0,2,2,3,5,1,2,2,04,1,1,0,0,1,0,1,4,1,15,9,3,9,0,2,1,1,200700017666B01,7,0,1,200054781
200700017687,2007-03-31,2007,mars,samedi,21:45,94,94068,0,0,2,2,6,5,1,3,2,02,1,1,0,60,1,0,1,4,1,26,5,3,9,0,2,1,15,200700017687A01,,,,200054781
200700017730,2007-03-26,2007,mars,lundi,15:35,95,95018,0,0,2,1,6,1,1,4,2,02,1,1,0,56,1,0,1,4,1,32,5,3,2,0,2,1,19,200700017730B01,33,1,1,200054781
200700017740,2007-03-14,2007,mars,mercredi,09:45,95,95063,0,0,2,5,3,1,1,2,3,02,1,3,7,66,1,0,1,2,1,86,0,2,2,0,2,8,19,200700017740B01,15,16,1,200058519
200700017741,2007-03-28,2007,mars,mercredi,15:10,95,95063,0,0,2,1,6,1,1,4,2,02,1,1,0,60,1,0,1,4,1,78,5,1,9,0,2,0,15,200700017741A01,7 / 31,16 / 1,3,200058519
200700017743,2007-03-22,2007,mars,jeudi,16:15,95,95572,0,0,2,1,1,1,1,4,2,02,1,-1,0,35,1,0,1,4,1,15,5,3,9,0,2,7,15,200700017743B01,7,1,1,249500109
200700017743,2007-03-22,2007,mars,jeudi,16:15,95,95572,0,0,2,1,1,1,1,4,2,02,1,-1,0,35,1,0,1,4,1,14,0,2,2,0,2,7,15,200700017743B01,7,1,1,249500109
200700017747,2007-03-19,2007,mars,lundi,13:20,95,95555,0,0,2,1,6,1,1,4,2,02,1,-1,0,0,-1,0,1,4,1,14,2,3,9,0,9,1,2,200700017747B01,1,17,1,200056380
200700017747,2007-03-19,2007,mars,lundi,13:20,95,95555,0,0,2,1,6,1,1,4,2,02,1,-1,0,0,-1,0,1,1,1,15,2,3,9,0,9,4,17,200700017747A01,1,2,1,200056380
200700017750,2007-03-07,2007,mars,mercredi,16:15,95,95426,0,0,2,1,6,1,1,3,1,02,1,1,0,0,1,0,1,4,1,22,5,3,2,0,2,8,2,200700017750B01,10,2,1,200056380
200700017761,2007-03-07,2007,mars,mercredi,14:30,95,95306,0,0,2,1,1,1,1,4,1,00,1,1,0,75,1,0,1,4,1,25,0,3,9,0,2,1,5,200700017761A01,7,1,1,200058485
200700017768,2007-03-30,2007,mars,vendredi,11:05,95,95306,0,0,2,3,3,1,1,4,1,00,1,1,0,0,1,0,1,3,2,81,0,2,2,0,2,5,1,200700017768B01,7,1,1,200058485
200700017778,2007-03-28,2007,mars,mercredi,17:10,95,95607,0,0,2,1,6,1,1,4,1,01,1,1,0,60,1,0,1,3,1,19,5,2,2,6,0,1,1,200700017778A01,,,,200058485
200700017778,2007-03-28,2007,mars,mercredi,17:10,95,95607,0,0,2,1,6,1,1,4,1,01,1,1,0,60,1,0,1,3,2,19,0,2,2,6,0,1,1,200700017778A01,,,,200058485
200700017780,2007-03-30,2007,mars,vendredi,15:00,95,95563,0,0,2,2,2,1,1,4,-1,01,-1,-1,0,50,1,0,1,3,1,19,0,3,9,0,2,1,1,200700017780A01,7,1,1,200058485
200700018133,2007-03-04,2007,mars,dimanche,11:00,69,69383,0,0,2,2,1,1,1,4,1,01,1,1,0,0,1,0,1,4,1,59,0,1,2,0,2,1,1,200700018133B01,7,1,1,200046977
200700018141,2007-03-14,2007,mars,mercredi,13:10,69,69383,0,0,2,1,1,1,1,4,2,04,1,1,0,0,1,0,1,3,1,31,0,3,9,0,2,1,1,200700018141A01,7,0,1,200046977
200700018147,2007-03-16,2007,mars,vendredi,18:20,69,69383,0,0,2,1,3,2,1,4,1,02,1,1,0,0,1,0,4,4,1,43,5,3,9,0,2,8,1,200700018147B01,7,9,1,200046977
200700018149,2007-03-31,2007,mars,samedi,14:00,69,69383,0,0,2,1,3,1,1,4,1,01,1,-1,0,0,1,0,1,4,1,42,5,3,9,0,2,1,1,200700018149B01,7,24,1,200046977
200700018184,2007-03-08,2007,mars,jeudi,10:45,69,69385,0,0,2,1,3,1,1,3,1,01,1,1,0,0,1,0,5,4,1,47,1,3,2,0,2,3,1,200700018184B01,7,14,1,200046977
200700018201,2007-03-13,2007,mars,mardi,18:30,69,69387,0,0,2,2,6,2,1,4,1,01,1,1,0,38,1,0,1,4,2,26,1,3,9,1,0,1,1,200700018201B01,7,24,1,200046977
200700018320,2007-03-09,2007,mars,vendredi,16:02,44,44190,0,0,2,2,3,1,1,4,2,02,1,1,0,73,1,0,1,4,1,12,2,3,9,0,2,8,15,200700018320A01,2,1,1,244400404
200700018326,2007-03-14,2007,mars,mercredi,18:05,44,44143,0,0,2,1,6,1,1,4,1,01,1,1,0,61,1,0,1,4,2,16,5,3,9,0,2,4,1,200700018326B01,10 / 7,1,3,244400404
200700018334,2007-02-10,2007,février,samedi,22:45,51,51573,0,0,2,1,2,5,1,3,2,04,1,1,0,100,1,0,1,4,2,47,5,3,2,0,2,4,2,200700018334B01,7,2,1,200067213
200700018360,2007-03-11,2007,mars,dimanche,17:20,78,78358,0,0,2,2,3,1,1,4,1,01,1,1,0,51,1,0,1,4,1,17,5,1,2,0,0,0,0,200700018360B01,7,0,1,200058519
200700018383,2007-04-17,2007,avril,mardi,15:00,59,59221,50.301,3.517,1,1,1,1,1,3,2,00,2,1,0,58,1,0,1,3,1,12,5,3,0,0,0,8,15,200700018383B02,7,1,1,245901160
200700018430,2007-04-28,2007,avril,samedi,16:00,80,80716,0,0,2,1,2,1,1,4,2,00,2,1,0,33,1,0,1,3,1,17,5,1,2,1,0,1,2,200700018430A01,7,23,1,200070936
200700018433,2007-04-30,2007,avril,lundi,16:00,80,80834,0,0,2,9,3,1,1,4,2,02,1,1,0,75,1,0,1,3,1,15,5,3,0,0,2,1,15,200700018433B02,7,1,1,200070944
200700018444,2007-04-13,2007,avril,vendredi,13:30,80,80685,49.698,2.791,2,4,1,1,1,3,2,02,1,1,0,50,1,0,1,3,1,19,5,2,2,0,2,1,1,200700018444B02,10,1,1,200070977
200700018513,2007-04-15,2007,avril,dimanche,12:00,60,60338,0,0,2,1,1,1,1,3,2,00,-1,-1,0,0,-1,0,0,3,1,10,5,3,0,0,9,2,13,200700018513B02,33,1,1,200067965
200700018529,2007-04-10,2007,avril,mardi,10:00,76,76401,49.481,0.765,2,1,1,1,5,9,-1,00,-1,1,0,60,1,0,1,3,2,77,3,3,0,0,2,0,2,200700018529B02,7,2,1,200010700
200700018561,2007-04-13,2007,avril,vendredi,19:00,27,27117,48.998,0.524,1,1,2,1,1,3,2,02,1,1,0,0,1,0,1,4,1,43,5,2,2,0,2,4,19,200700018561B02,7,17,1,200066413
200700018572,2007-04-09,2007,avril,lundi,13:30,27,27150,49.1,1.38,2,9,1,1,1,4,2,02,1,1,0,50,1,0,1,3,1,9,5,3,0,0,2,1,15,200700018572A01,7,1,1,
200700018585,2007-04-18,2007,avril,mercredi,16:30,35,35290,48.08,-2.106,1,2,3,1,1,3,2,02,2,1,0,0,1,0,1,3,1,81,5,3,0,0,2,1,19,200700018585B02,10,1,1,200038990
200700018597,2007-04-21,2007,avril,samedi,19:30,35,35337,0,0,2,1,3,1,1,2,2,02,1,-1,0,90,1,5,1,3,1,78,5,1,2,0,2,8,1,200700018597B02,7,15,1,243500733
200700018640,2007-04-23,2007,avril,lundi,19:30,29,29102,48.231,-3.733,2,1,3,1,1,4,2,02,1,1,0,40,1,0,1,3,1,6,5,3,0,0,2,8,1,200700018640B02,7,1,1,242900561
200700018647,2007-04-22,2007,avril,dimanche,10:45,56,56008,47.6,-2.89,1,1,3,1,1,3,2,02,3,1,0,61,1,0,1,4,1,63,5,1,2,0,0,6,1,200700018647B02,7,17,1,200067932
200700018663,2007-04-21,2007,avril,samedi,15:00,56,56222,47.849,-2.714,2,1,3,1,1,3,2,00,1,2,0,70,1,0,1,3,1,55,5,3,0,0,2,1,1,200700018663B02,10,13,1,200096683
200700018673,2007-04-23,2007,avril,lundi,07:30,14,14738,0,0,1,1,2,1,7,3,2,02,1,3,77,77,1,0,1,4,2,37,1,1,2,0,0,3,1,200700018673B02,7,1,1,200065597
200700018706,2007-04-21,2007,avril,samedi,11:30,50,50280,49.148,-1.261,2,3,1,1,1,4,2,02,4,-1,0,0,9,0,1,3,1,15,5,3,0,0,2,1,15,200700018706A01,7,1,1,
200700018706,2007-04-21,2007,avril,samedi,11:30,50,50280,49.148,-1.261,2,3,1,1,1,4,2,02,4,-1,0,0,9,0,1,1,1,20,0,3,0,0,2,1,15,200700018706A01,7,1,1,
200700018724,2007-04-04,2007,avril,mercredi,18:15,50,50615,0,0,2,1,3,1,1,9,2,03,2,1,90,0,1,5,1,3,1,12,5,3,0,0,2,4,19,200700018724A01,7,1,1,200067205
200700018740,2007-04-19,2007,avril,jeudi,17:15,61,61486,48.781,-0.769,1,1,2,1,1,3,4,00,2,1,0,89,1,0,3,3,1,62,5,1,2,0,2,4,1,200700018740B02,7,1,1,200071520
200700018747,2007-04-26,2007,avril,jeudi,08:30,44,44172,0,0,2,1,2,1,2,3,2,00,1,1,0,90,2,0,1,3,1,54,1,1,4,0,2,0,2,200700018747B02,14,2,1,244400404
200700018754,2007-04-17,2007,avril,mardi,11:00,44,44110,47.43,-1.483,1,1,2,1,1,3,2,02,1,1,0,60,1,0,1,3,1,62,5,1,2,0,2,4,1,200700018754B02,7,17,1,244400503
200700018772,2007-04-07,2007,avril,samedi,14:45,49,49020,47.479,-0.633,2,1,3,1,1,9,2,02,1,1,0,0,1,0,1,3,1,19,5,3,0,0,2,1,1,200700018772B02,7,19,1,244900015
200700018832,2007-04-17,2007,avril,mardi,09:45,85,85019,0,0,1,1,1,1,1,3,2,00,1,1,0,0,1,0,1,3,1,15,2,3,0,0,2,6,15,200700018832A01,7,1,1,200072882
200700018843,2007-04-22,2007,avril,dimanche,10:45,85,85236,46.63,-1.68,1,1,3,1,1,3,2,02,3,1,0,63,1,0,1,3,1,60,5,1,2,0,2,3,2,200700018843B02,10,2,1,248500530
200700018845,2007-04-18,2007,avril,mercredi,22:45,85,85222,0,0,2,1,7,5,1,9,1,00,1,1,0,35,1,0,4,3,1,26,5,3,0,12,0,0,13,200700018845A01,,,,200023778
200700018856,2007-04-14,2007,avril,samedi,17:45,33,33067,45.044,-0.549,1,1,1,1,1,3,2,00,2,1,0,60,1,0,1,2,1,62,5,1,2,0,2,1,13,200700018856B02,7,1,1,243301223
200700018874,2007-04-10,2007,avril,mardi,14:15,33,33394,44.912,-0.177,1,1,5,1,1,3,2,02,1,1,0,0,1,0,1,3,1,73,5,1,2,0,2,6,1,200700018874B02,7,17,1,200035533
200700018874,2007-04-10,2007,avril,mardi,14:15,33,33394,44.912,-0.177,1,1,5,1,1,3,2,02,1,1,0,0,1,0,1,3,1,73,5,1,2,0,2,8,1,200700018874C03,7,17,1,200035533
200700018877,2007-04-16,2007,avril,lundi,09:15,33,33393,44.978,-0.199,1,4,1,1,1,3,2,02,4,1,0,66,2,0,1,2,1,20,0,3,0,0,2,1,19,200700018877B02,7,1,1,200070092
200700018878,2007-04-03,2007,avril,mardi,13:45,33,33402,0,0,2,1,1,1,1,4,1,01,1,1,0,30,1,0,1,3,1,14,2,1,2,0,2,2,1,200700018878B02,7,1,1,243301371
200700018958,2007-04-22,2007,avril,dimanche,16:15,16,16347,0,0,1,1,1,1,1,3,2,02,2,1,0,70,1,0,1,3,2,77,5,3,0,0,2,7,19,200700018958B02,33,1,1,200070282
200700018975,2007-04-11,2007,avril,mercredi,17:00,17,17051,0,0,1,1,3,1,1,3,2,00,1,1,0,72,1,0,1,3,1,56,5,3,0,0,2,8,19,200700018975A01,7,1,1,241700459
200700018987,2007-04-23,2007,avril,lundi,19:00,17,17337,45.981,-1.369,1,1,3,1,1,4,2,00,1,2,0,40,1,0,3,4,1,71,5,3,0,0,2,1,23,200700018987B02,7,1,1,241700624
200700019000,2007-04-12,2007,avril,jeudi,13:30,17,17228,0,0,1,1,3,1,1,2,2,02,2,1,70,0,1,0,1,3,2,49,1,2,2,0,0,4,2,200700019000B02,10,2,1,241700640
200700019045,2007-04-20,2007,avril,vendredi,14:00,31,31107,43.301,1.202,2,3,3,1,1,3,2,00,-1,3,0,82,1,5,1,3,2,48,5,3,0,0,2,7,1,200700019045A01,15,15,1,200066819
200700019085,2007-04-09,2007,avril,lundi,15:30,46,46075,0,0,1,1,1,1,1,3,2,02,1,1,0,79,1,0,1,2,1,80,5,2,2,0,2,4,1,200700019085B02,7,1,1,200067361
200700019104,2007-04-24,2007,avril,mardi,07:30,82,82126,44.169,1.552,1,6,2,1,1,3,2,00,1,2,0,77,1,5,1,3,2,54,1,3,0,0,0,4,15,200700019104B02,7,15,1,248200057
200700019125,2007-04-18,2007,avril,mercredi,15:30,69,69094,45.745,4.694,2,6,2,1,1,3,2,00,1,-1,0,0,1,0,0,1,1,61,9,1,2,0,2,4,23,200700019125A01,7,16,1,246900724
200700019129,2007-04-11,2007,avril,mercredi,17:55,69,69228,0,0,2,6,3,1,1,3,2,00,-1,-1,0,0,1,5,1,4,1,28,5,1,2,0,2,1,15,200700019129B02,7,1,1,246900740
200700019135,2007-04-02,2007,avril,lundi,13:45,69,69019,46.11,4.75,2,6,2,1,1,3,1,02,1,3,0,0,1,5,5,4,2,20,1,3,0,0,2,8,1,200700019135B02,7,16,1,200067817
200700019138,2007-04-07,2007,avril,samedi,14:00,69,69243,0,0,2,1,6,1,1,4,2,02,2,1,0,68,1,0,4,3,1,15,5,3,0,8,0,1,1,200700019138A01,,,,200040566
200700019150,2007-04-25,2007,avril,mercredi,18:15,01,01345,45.953,5.321,1,1,1,1,1,3,2,05,3,1,0,0,1,0,1,2,1,32,1,1,2,0,2,6,1,200700019150A01,7,12,1,240100883
200700019152,2007-04-26,2007,avril,jeudi,11:00,01,01265,0,0,2,1,2,1,1,3,2,02,1,1,0,103,1,0,1,3,2,80,3,3,0,0,2,1,2,200700019152B02,15,4,1,200042935
200700019175,2007-04-20,2007,avril,vendredi,16:45,07,07295,44.821,4.57,1,1,1,1,1,3,2,02,2,3,0,60,1,5,1,2,1,46,5,2,2,0,2,1,1,200700019175B02,7,15,1,200071413
200700019176,2007-04-10,2007,avril,mardi,18:30,07,07319,44.574,4.693,1,1,1,1,1,3,2,00,1,1,0,74,1,0,1,3,1,47,5,3,0,0,2,1,1,200700019176A01,2,19,1,200071405
200700019179,2007-04-18,2007,avril,mercredi,16:30,07,07319,0,0,2,1,3,1,1,3,2,02,1,1,0,0,1,0,1,3,1,6,5,2,2,0,9,7,19,200700019179B02,2,1,1,200071405
200700019189,2007-04-18,2007,avril,mercredi,15:45,07,07338,44.914,4.653,1,1,3,1,1,3,2,00,1,1,70,0,1,0,1,3,2,50,5,3,0,0,2,1,1,200700019189B02,7,15,1,200071413
200700019195,2007-04-06,2007,avril,vendredi,17:00,26,26064,0,0,1,1,6,1,1,3,2,02,1,1,0,70,1,0,1,3,1,71,5,3,0,0,5,6,1,200700019195A01,,,,200068781
200700019200,2007-04-06,2007,avril,vendredi,15:15,26,26037,44.87,4.96,2,3,1,1,1,3,2,01,1,1,0,54,1,0,1,2,1,14,5,3,0,0,2,3,9,200700019200B02,7,1,1,200068781
200700019208,2007-04-28,2007,avril,samedi,16:45,26,26347,0,0,1,1,2,1,1,3,2,02,-1,1,0,56,1,2,1,2,1,22,3,3,0,0,0,4,1,200700019208B02,7,17,1,200073096
200700019218,2007-04-07,2007,avril,samedi,14:15,38,38565,0,0,1,1,3,1,1,3,2,04,1,-1,0,0,1,5,1,3,2,52,0,3,0,0,2,1,19,200700019218B02,7,1,1,243800984
200700019221,2007-04-20,2007,avril,vendredi,07:30,38,38269,0,0,2,1,3,1,1,4,2,02,2,1,0,60,1,0,1,3,1,15,0,3,0,0,2,1,1,200700019221A01,38,1,1,200040657
200700019233,2007-04-28,2007,avril,samedi,09:30,38,38345,0,0,1,1,1,1,1,3,2,02,2,1,0,80,1,0,1,2,1,74,5,3,0,0,2,4,21,200700019233B02,15,2,1,200070431
200700019249,2007-04-30,2007,avril,lundi,12:15,44,44201,0,0,2,6,3,1,1,3,2,01,1,1,0,58,1,5,1,3,1,66,5,2,2,0,2,1,1,200700019249B02,7,1,1,244400503
200700019251,2007-04-15,2007,avril,dimanche,17:30,38,38087,45.587,4.803,2,1,1,1,1,4,3,00,-1,-1,0,0,1,0,1,3,1,5,5,3,0,0,2,1,19,200700019251B02,7,1,1,200077014
200700019267,2007-04-26,2007,avril,jeudi,17:30,42,42121,45.604,3.958,1,4,3,1,1,3,2,00,2,3,50,0,1,0,1,4,1,61,5,1,2,0,2,8,1,200700019267B02,10,15,1,200065886
200700019275,2007-04-28,2007,avril,samedi,17:15,42,42296,45.738,4.289,1,1,3,1,1,3,2,02,2,1,0,52,1,0,1,4,1,39,5,1,2,0,0,6,1,200700019275A01,33,17,1,200065894
200700019278,2007-04-06,2007,avril,vendredi,11:00,42,42149,45.652,4.229,2,1,6,1,1,4,2,00,1,2,60,0,1,0,0,3,1,15,5,1,9,0,0,0,0,200700019278A01,7,1,1,200065894
200700019279,2007-04-25,2007,avril,mercredi,09:30,42,42149,45.627,4.25,1,1,3,1,1,3,2,00,1,1,0,120,1,0,1,4,1,83,5,3,0,0,2,8,15,200700019279A01,14,1,1,200065894
200700019340,2007-04-25,2007,avril,mercredi,14:30,63,63457,45.647,3.252,2,1,3,1,7,3,2,00,1,1,0,0,1,0,1,4,1,10,5,2,2,0,2,8,19,200700019340B02,7,1,1,200069177
200700019342,2007-04-30,2007,avril,lundi,19:45,63,63003,0,0,2,2,3,1,1,6,-1,00,-1,-1,0,0,1,0,1,3,1,12,5,3,0,0,2,1,1,200700019342B02,7,1,1,200070761
200700019355,2007-04-30,2007,avril,lundi,17:00,63,63195,0,0,2,1,1,1,1,4,2,02,-1,1,0,40,1,0,1,3,1,32,2,3,0,0,2,0,1,200700019355A01,7,17,1,246301097
200700019355,2007-04-30,2007,avril,lundi,17:00,63,63195,0,0,2,1,1,1,1,4,2,02,-1,1,0,40,1,0,1,4,1,8,0,3,0,0,2,0,1,200700019355A01,7,17,1,246301097
200700019377,2007-04-01,2007,avril,dimanche,11:30,43,43267,45.188,3.91,2,1,3,1,1,3,2,00,-1,2,0,60,1,0,1,4,1,57,5,3,0,0,2,1,1,200700019377B02,7,15,1,200073419
200700019419,2007-04-13,2007,avril,vendredi,18:30,57,57232,48.965,6.798,2,3,3,1,1,3,-1,02,1,1,0,68,1,5,1,3,1,38,5,3,0,0,2,1,15,200700019419B02,10,1,1,245701206
200700019420,2007-04-11,2007,avril,mercredi,16:15,57,57428,49.099,6.777,2,1,1,1,1,9,2,02,3,3,0,35,1,0,1,3,1,12,5,3,0,0,2,1,5,200700019420B02,7,1,1,200067502
200700019432,2007-04-21,2007,avril,samedi,19:30,54,54186,0,0,2,1,3,1,1,4,-1,00,4,1,0,0,1,0,1,4,1,29,0,1,2,0,2,1,0,200700019432B02,7,1,1,200070589
200700019455,2007-04-21,2007,avril,samedi,09:30,88,88237,0,0,1,1,1,1,1,3,2,00,1,2,80,60,1,5,1,3,1,71,5,1,2,0,2,1,0,200700019455A01,7,1,1,200068369
200700019491,2007-04-03,2007,avril,mardi,12:45,67,67520,48.649,7.452,2,6,1,1,1,3,1,01,1,2,0,40,1,5,1,4,1,50,1,3,0,0,2,3,1,200700019491B02,7,16,1,200068864
200700019507,2007-04-09,2007,avril,lundi,11:45,67,67544,49.036,7.957,1,1,1,1,1,3,2,02,1,1,10,65,1,0,1,3,1,51,5,1,2,0,0,7,11,200700019507B02,7,1,1,246700926
200700019522,2007-04-26,2007,avril,jeudi,09:45,68,68026,0,0,1,3,3,1,1,3,2,00,1,1,0,74,1,0,1,3,1,58,5,1,2,0,2,7,1,200700019522B02,7,19,1,246800577
200700019523,2007-04-26,2007,avril,jeudi,17:15,68,68269,48.13,7.29,2,2,1,1,1,4,2,02,1,1,0,56,1,0,1,3,2,10,5,3,0,0,2,7,1,200700019523A01,7,1,1,246800577
200700019528,2007-04-17,2007,avril,mardi,17:45,68,68365,48.065,7.291,1,1,1,1,7,4,2,00,2,4,0,50,1,0,1,3,1,15,5,2,2,14,0,8,13,200700019528B02,7,23,1,246800726
200700019529,2007-04-17,2007,avril,mardi,15:00,68,68374,48.08,7.277,1,1,3,1,1,3,2,00,1,1,0,60,1,0,1,4,1,16,5,2,2,0,2,8,19,200700019529B02,33,1,1,246800726
200700019530,2007-04-28,2007,avril,samedi,12:00,68,68350,0,0,1,1,1,1,1,3,2,02,2,1,0,0,1,0,1,3,1,18,9,2,2,0,0,4,16,200700019530B02,7,1,1,246800494
200700019537,2007-04-06,2007,avril,vendredi,15:15,68,68251,48,7.221,1,1,2,1,1,3,2,00,2,1,0,0,1,0,1,3,1,34,5,3,0,0,2,4,2,200700019537B02,33,17,1,246800494
200700019566,2007-04-08,2007,avril,dimanche,20:00,51,51225,49.2,3.976,1,1,2,1,7,4,2,00,2,1,0,50,1,0,1,3,2,58,5,3,0,0,2,4,1,200700019566B02,10,1,1,200067213
200700019568,2007-04-13,2007,avril,vendredi,17:15,51,51649,48.733,4.592,2,1,1,1,1,3,2,01,1,1,0,0,1,6,1,4,2,16,2,3,0,0,2,8,19,200700019568A01,7,1,1,200034718
200700019581,2007-04-19,2007,avril,jeudi,11:45,08,08067,0,0,2,1,1,1,1,3,2,00,1,1,0,65,1,0,1,3,2,37,1,0,9,0,0,4,15,200700019581B02,7,0,1,240800847
200700019592,2007-04-14,2007,avril,samedi,10:30,10,10051,48.203,3.996,2,2,3,1,1,4,2,02,1,1,0,53,1,5,1,3,1,12,5,3,0,0,2,1,0,200700019592B02,7,1,1,200069250
200700019613,2007-04-27,2007,avril,vendredi,13:15,52,52544,0,0,2,4,1,1,1,3,-1,00,2,-1,0,0,1,0,1,3,1,9,5,3,0,0,2,1,15,200700019613A01,7,1,1,200070332
200700019658,2007-04-27,2007,avril,vendredi,13:30,71,71056,0,0,1,1,2,1,1,3,2,02,3,1,0,38,1,0,1,3,1,35,1,3,0,0,0,4,15,200700019658B02,7,1,1,200071579
200700019662,2007-04-13,2007,avril,vendredi,17:00,89,89337,47.747,3.639,1,1,4,1,1,3,2,02,3,1,0,80,1,0,1,3,2,22,0,3,0,0,2,4,1,200700019662B02,7,2,1,200067114
200700019662,2007-04-13,2007,avril,vendredi,17:00,89,89337,47.747,3.639,1,1,4,1,1,3,2,02,3,1,0,80,1,0,1,1,2,21,0,3,0,0,2,4,1,200700019662C03,7,2,1,200067114
200700019698,2007-04-11,2007,avril,mercredi,17:45,25,25254,46.842,6.398,2,3,1,1,1,3,-1,02,1,2,0,50,1,0,1,3,2,67,5,1,2,0,2,7,1,200700019698B02,7,19,1,200069565
200700019702,2007-04-13,2007,avril,vendredi,14:30,39,39009,0,0,1,3,1,1,1,3,2,02,1,2,0,60,1,0,1,3,2,74,0,1,2,0,2,1,1,200700019702A01,7,15,1,200069623
200700019711,2007-04-29,2007,avril,dimanche,14:30,39,39478,0,0,1,1,1,1,2,3,2,02,2,4,0,59,2,0,1,3,1,29,5,3,0,0,0,8,1,200700019711B02,7,1,1,200026573
200700019716,2007-04-19,2007,avril,jeudi,16:00,70,70267,47.8,5.93,2,1,1,1,1,3,2,00,1,-1,0,65,1,0,1,3,1,10,0,2,9,0,2,8,19,200700019716A01,7,1,1,200036150
200700019725,2007-04-18,2007,avril,mercredi,18:45,90,90068,47.6,6.88,1,1,3,1,7,3,2,02,4,2,0,0,1,0,1,3,1,24,5,1,2,0,2,1,1,200700019725B02,7,15,1,200069052
200700019815,2007-04-23,2007,avril,lundi,14:30,83,83042,0,0,2,1,3,1,1,3,-1,00,-1,4,0,0,1,0,1,3,1,34,5,1,9,0,2,1,13,200700019815B02,14,1,1,200036077
200700019817,2007-04-28,2007,avril,samedi,10:45,83,83094,0,0,1,1,2,1,1,3,-1,00,2,-1,0,50,1,0,1,2,1,58,5,2,2,0,2,2,1,200700019817B02,14,23,1,200036077
200700019832,2007-04-22,2007,avril,dimanche,05:45,83,83112,0,0,1,1,1,2,1,3,2,02,1,3,0,62,1,0,1,3,1,27,1,3,0,0,2,1,1,200700019832B02,7,13,1,248300394
200700019839,2007-04-30,2007,avril,lundi,16:00,84,84038,0,0,1,1,3,1,1,4,2,00,1,1,0,30,1,0,1,3,1,36,0,1,2,0,9,7,1,200700019839B02,30,18,1,200040442
200700019846,2007-04-17,2007,avril,mardi,19:15,84,84088,44.009,5.057,2,1,3,1,1,4,2,02,1,1,0,70,1,0,1,3,1,42,5,3,0,0,2,1,1,200700019846B02,7,17,1,248400293
200700019851,2007-04-08,2007,avril,dimanche,12:00,34,34327,0,0,2,2,3,1,1,3,2,00,1,1,15,140,1,5,1,3,1,42,5,1,2,0,2,1,1,200700019851B02,7,1,1,243400017
200700019877,2007-04-25,2007,avril,mercredi,08:15,11,11315,43.28,2.58,2,2,3,1,1,3,2,02,1,1,0,60,1,4,1,3,1,78,3,3,0,0,2,1,1,200700019877B02,10,15,1,200035715
200700019908,2007-04-02,2007,avril,lundi,16:15,30,30202,0,0,2,1,2,1,1,4,2,00,1,1,0,48,1,0,1,3,1,63,5,2,2,0,2,4,15,200700019908B02,7,1,1,200034692
200700019936,2007-04-03,2007,avril,mardi,13:30,66,66066,0,0,1,1,2,1,1,2,2,02,1,1,0,70,1,0,1,4,1,14,5,3,0,0,0,4,13,200700019936B02,7,17,1,246600399
200700019942,2007-04-04,2007,avril,mercredi,16:15,2A,2A085,0,0,1,6,3,1,1,2,1,02,1,2,0,0,1,0,1,3,1,43,1,3,0,0,2,8,1,200700019942B02,7,16,1,200038958
200700019945,2007-04-07,2007,avril,samedi,11:50,2A,2A288,0,0,1,1,1,1,1,3,2,00,1,1,0,60,1,0,1,4,1,66,5,1,2,0,0,4,1,200700019945B02,7,2,1,200040764
200700020003,2007-04-09,2007,avril,lundi,15:15,77,77331,48.985,3.22,2,1,7,1,1,4,2,01,2,2,0,44,1,0,1,3,1,16,5,3,0,12,0,1,1,200700020003A01,,,,200090504
200700020006,2007-04-15,2007,avril,dimanche,12:00,77,77339,0,0,1,9,1,1,1,3,2,00,1,1,0,22,1,5,1,3,1,51,5,1,2,0,2,1,1,200700020006A01,7,15,1,200072346
200700020044,2007-04-24,2007,avril,mardi,11:45,18,18137,0,0,1,1,2,1,7,3,2,02,-1,1,0,51,1,0,1,3,2,12,5,3,0,0,0,4,15,200700020044B02,7,1,1,241800457
200700020057,2007-04-12,2007,avril,jeudi,06:45,28,28088,48.068,1.343,1,1,2,2,1,3,2,02,1,1,60,0,1,0,1,2,1,19,1,2,4,0,0,4,1,200700020057B02,7,2,1,200069961
200700020079,2007-04-08,2007,avril,dimanche,10:30,36,36164,0,0,1,1,3,1,1,3,2,02,2,1,0,98,1,0,1,3,1,48,5,1,2,0,2,4,1,200700020079B02,7,1,1,243600350