Num_Acc,date,an,mois,jour,hrmn,dep,com,lat,long,agg,int,col,lum,atm,catr,circ,nbv,prof,plan,lartpc,larrout,surf,infra,situ,grav,sexe,age,trajet,secuexist,equipement,obs,obsm,choc,manv,vehiculeid,typevehicules,manoeuvehicules,numVehicules,_infos_commune.code_epci
200700031090,2007-05-12,2007,mai,samedi,15:30,93,93064,0,0,2,2,3,1,1,3,2,02,1,1,0,80,1,0,1,4,1,21,5,3,9,0,2,1,1,200700031090B01,7,1,1,200054781
200700031101,2007-05-02,2007,mai,mercredi,16:35,93,93066,0,0,2,1,3,1,1,4,2,02,1,-1,0,50,1,0,1,4,1,8,0,3,9,0,0,1,0,200700031101B01,10,0,1,200054781
200700031125,2007-05-11,2007,mai,vendredi,19:30,93,93070,0,0,2,1,1,1,2,4,1,01,1,2,0,0,2,0,1,3,2,20,0,2,2,0,2,0,5,200700031125A01,7,1,1,200054781
200700031143,2007-05-01,2007,mai,mardi,14:30,93,93078,0,0,2,1,1,1,1,4,2,02,1,1,0,40,1,0,1,4,2,11,5,2,2,0,2,1,19,200700031143A01,7,1,1,200054781
200700031143,2007-05-01,2007,mai,mardi,14:30,93,93078,0,0,2,1,1,1,1,4,2,02,1,1,0,40,1,0,1,4,2,12,0,2,2,0,2,1,19,200700031143A01,7,1,1,200054781
200700031144,2007-05-01,2007,mai,mardi,14:40,93,93078,0,0,2,1,3,1,1,4,2,01,1,1,0,0,1,0,1,3,1,83,5,2,9,0,0,1,2,200700031144B01,7,15,1,200054781
200700031146,2007-05-01,2007,mai,mardi,12:55,93,93078,0,0,2,2,2,1,1,4,2,02,1,1,70,70,1,0,1,3,1,41,5,1,2,0,0,1,3,200700031146A01,7,2,1,200054781
200700031150,2007-05-06,2007,mai,dimanche,17:55,93,93078,0,0,1,1,6,1,1,3,-1,02,2,1,0,50,1,0,0,3,1,21,0,2,9,0,0,1,1,200700031150A01,,,,200054781
200700031151,2007-05-28,2007,mai,lundi,11:45,93,93078,0,0,2,9,3,1,2,4,2,02,1,1,0,95,2,0,1,3,1,10,5,3,9,0,2,0,19,200700031151A01,7,2,1,200054781
200700031154,2007-05-06,2007,mai,dimanche,13:30,94,94002,0,0,2,3,7,1,1,4,1,01,1,1,0,53,1,0,1,4,1,7,5,2,2,0,2,8,19,200700031154B01,7,1,1,200054781
200700031164,2007-05-09,2007,mai,mercredi,08:35,94,94071,0,0,2,6,3,1,1,4,1,01,1,-1,0,30,1,0,1,4,2,34,1,1,2,0,2,7,1,200700031164B01,10,9,1,200054781
200700031170,2007-05-23,2007,mai,mercredi,13:50,94,94048,0,0,2,3,3,1,1,3,2,02,1,1,0,0,1,0,1,4,1,9,5,3,9,0,2,8,0,200700031170B01,7,1,1,200054781
200700031223,2007-05-29,2007,mai,mardi,10:20,94,94011,0,0,1,1,1,1,1,3,2,02,1,-1,0,60,1,0,1,4,1,28,1,2,2,0,2,1,0,200700031223B01,7,1,1,200054781
200700031292,2007-05-03,2007,mai,jeudi,18:25,94,94052,0,0,2,1,3,1,1,4,2,00,2,1,0,120,1,0,1,3,1,50,1,2,2,0,2,0,14,200700031292A01,7,16,1,200054781
200700031302,2007-05-21,2007,mai,lundi,18:20,94,94068,0,0,2,1,6,1,1,4,2,02,2,1,0,75,1,0,1,4,1,53,5,3,9,0,2,0,1,200700031302B01,7,16,1,200054781
200700031306,2007-05-25,2007,mai,vendredi,17:00,94,94068,0,0,2,1,3,1,1,4,1,01,1,1,0,50,1,0,1,4,2,23,5,2,9,1,0,0,1,200700031306B01,7,22,1,200054781
200700031313,2007-05-13,2007,mai,dimanche,08:00,94,94074,0,0,2,9,3,2,2,3,2,02,4,-1,0,150,2,0,1,4,1,23,5,1,2,0,2,8,19,200700031313B01,7,1,1,200054781
200700031334,2007-05-04,2007,mai,vendredi,08:00,94,94080,0,0,2,2,5,1,1,3,2,01,1,1,0,0,1,0,1,3,1,42,4,2,9,0,2,3,1,200700031334A01,7,23 / 9,2,200054781
200700031347,2007-05-31,2007,mai,jeudi,16:55,94,94080,0,0,2,3,2,1,1,2,2,04,1,1,0,0,1,0,1,4,1,42,0,3,2,0,2,1,13,200700031347A01,7,1,1,200054781
200700031353,2007-05-30,2007,mai,mercredi,08:20,94,94081,0,0,2,1,6,1,1,4,-1,02,1,1,0,60,1,0,1,3,1,37,5,2,2,12,2,0,9,200700031353A01,14,1,1,200054781
200700031359,2007-05-10,2007,mai,jeudi,11:43,95,95018,0,0,2,1,7,1,1,4,1,01,1,1,0,50,1,0,1,4,1,20,5,2,2,0,2,4,1,200700031359B01,7,1,1,200054781
200700031370,2007-05-30,2007,mai,mercredi,14:55,95,95018,0,0,2,1,3,1,1,4,3,04,1,1,20,120,1,1,1,4,1,8,5,2,2,0,2,4,9,200700031370B01,7,1,1,200054781
200700031430,2007-05-19,2007,mai,samedi,19:23,2A,2A004,0,0,2,1,3,1,1,2,1,02,2,2,0,90,1,0,1,4,1,57,5,3,2,0,2,7,1,200700031430B01,7,12,1,242010056
200700031665,2007-05-24,2007,mai,jeudi,17:47,2B,2B037,0,0,2,1,2,1,1,2,1,02,1,1,0,40,1,0,1,4,1,49,0,3,9,0,2,0,13,200700031665B01,33,13,1,200036499
200700031671,2007-05-06,2007,mai,dimanche,14:10,69,69382,0,0,2,3,3,1,1,4,1,02,1,1,18,100,1,0,1,4,1,17,5,3,9,0,2,1,1,200700031671B01,7,1,1,200046977
200700031728,2007-05-04,2007,mai,vendredi,09:30,69,69386,0,0,2,3,3,1,1,4,1,01,1,1,0,0,1,0,1,4,1,21,4,3,9,0,2,2,1,200700031728A01,7,15,1,200046977
200700031732,2007-05-12,2007,mai,samedi,13:30,69,69383,0,0,2,2,3,1,1,4,1,03,1,1,0,0,1,0,1,4,2,25,5,1,9,0,2,1,1,200700031732A01,7,16,1,200046977
200700031744,2007-05-27,2007,mai,dimanche,04:25,69,69383,0,0,2,1,6,5,3,4,1,02,2,1,0,0,2,0,1,3,2,20,5,3,9,0,0,7,14,200700031744B01,,,,200046977
200700031785,2007-05-04,2007,mai,vendredi,23:45,69,69385,0,0,2,1,2,5,3,4,2,04,1,1,0,136,2,2,1,4,1,27,1,1,9,0,0,4,2,200700031785B01,7,2,1,200046977
200700031800,2007-05-12,2007,mai,samedi,01:10,69,69387,0,0,2,5,3,5,1,4,3,05,-1,1,10,150,2,0,1,4,1,22,5,3,9,0,2,1,1,200700031800A01,7,15,1,200046977
200700031800,2007-05-12,2007,mai,samedi,01:10,69,69387,0,0,2,5,3,5,1,4,3,05,-1,1,10,150,2,0,1,3,1,22,0,3,9,0,2,1,1,200700031800A01,7,15,1,200046977
200700031813,2007-05-12,2007,mai,samedi,15:15,69,69388,0,0,2,1,3,1,1,4,-1,20,1,1,0,100,1,0,1,4,1,22,0,1,2,0,2,4,0,200700031813B01,7,0,1,200046977
200700031816,2007-05-25,2007,mai,vendredi,16:25,69,69388,0,0,2,1,6,1,1,4,-1,02,1,1,14,50,1,0,1,4,1,49,0,1,2,0,1,1,1,200700031816A01,,,,200046977
200700031847,2007-05-19,2007,mai,samedi,12:00,38,38544,0,0,1,3,3,1,1,2,3,04,1,1,0,140,1,5,1,4,1,54,5,2,2,0,2,8,1,200700031847A01,7,1,1,200077014
200700031870,2007-05-31,2007,mai,jeudi,15:10,69,69389,0,0,2,1,3,1,2,4,2,02,1,1,0,0,2,0,5,4,1,23,0,3,9,0,2,0,1,200700031870B01,7,24,1,200046977
200700031967,2007-06-15,2007,juin,vendredi,08:15,59,59201,0,0,1,1,1,1,1,3,2,00,-1,-1,0,0,1,0,5,3,1,64,1,2,2,0,2,1,5,200700031967B02,2,1,1,200093201
200700031977,2007-06-03,2007,juin,dimanche,12:15,59,59173,50.741,2.958,1,6,1,1,1,3,2,02,1,-1,0,0,1,0,1,3,1,55,5,3,0,0,2,8,1,200700031977B02,7,16,1,200093201
200700031980,2007-06-19,2007,juin,mardi,13:30,59,59472,50.168,3.66,2,1,1,1,7,3,2,00,1,1,0,60,1,0,1,3,2,37,5,3,0,0,0,8,13,200700031980A01,10,1,1,200043321
200700031997,2007-06-06,2007,juin,mercredi,17:30,62,62251,0,0,2,1,3,1,1,4,2,02,1,1,0,34,1,0,1,3,1,9,5,3,0,0,2,1,0,200700031997A01,7,1,1,200018083
200700032009,2007-06-22,2007,juin,vendredi,09:00,62,62340,0,0,2,1,2,1,1,3,-1,00,1,1,0,72,1,0,1,4,2,60,5,3,0,0,0,8,1,200700032009B02,7,1,1,200069672
200700032038,2007-06-27,2007,juin,mercredi,13:15,02,02719,0,0,2,1,1,1,1,3,2,00,1,3,0,78,1,0,1,3,1,20,1,3,0,0,2,8,19,200700032038B02,7,1,1,200071785
200700032090,2007-06-09,2007,juin,samedi,15:45,60,60533,0,0,2,1,6,1,1,3,2,02,1,1,0,70,1,0,1,3,1,53,5,1,2,0,2,8,1,200700032090A01,,,,246000855
200700032092,2007-06-16,2007,juin,samedi,11:45,60,60223,0,0,2,1,3,1,1,3,2,02,1,1,0,65,1,0,1,3,1,13,3,3,0,0,2,8,1,200700032092B02,7,1,1,246000897
200700032104,2007-06-06,2007,juin,mercredi,14:30,60,60238,49.262,2.568,1,4,1,1,1,3,2,02,-1,2,0,70,1,0,1,4,1,41,5,3,0,0,2,1,19,200700032104B02,7,1,1,200066975
200700032126,2007-06-03,2007,juin,dimanche,11:00,27,27568,0,0,1,1,1,1,1,3,2,02,2,2,0,65,1,0,1,3,1,60,5,3,0,0,2,4,1,200700032126B02,7,17,1,242700276
200700032171,2007-06-02,2007,juin,samedi,10:30,35,35139,47.966,-1.706,1,1,3,1,1,4,2,00,2,1,0,41,1,0,1,2,1,64,5,3,0,0,2,8,13,200700032171A01,7,17,1,243500139
200700032176,2007-06-28,2007,juin,jeudi,11:00,35,35016,47.99,-1.9,1,1,3,1,1,3,3,02,1,1,0,70,1,0,1,3,1,75,5,1,2,0,2,1,1,200700032176B02,7,17,1,200043990
200700032187,2007-06-20,2007,juin,mercredi,08:00,22,22098,0,0,1,1,1,1,1,4,2,02,2,2,0,25,1,0,1,2,1,61,5,1,9,0,2,1,13,200700032187B02,7,9,1,200069391
200700032206,2007-06-09,2007,juin,samedi,18:45,29,29209,0,0,2,3,3,1,1,4,2,02,1,1,0,30,1,5,1,3,1,5,5,2,9,0,2,1,5,200700032206B02,10,1,1,242900553
200700032225,2007-06-03,2007,juin,dimanche,19:45,56,56043,48.065,-2.218,1,3,3,1,1,4,2,02,2,1,0,43,1,0,1,3,1,9,5,1,2,0,2,1,1,200700032225B02,7,1,1,200066777
200700032225,2007-06-03,2007,juin,dimanche,19:45,56,56043,48.065,-2.218,1,3,3,1,1,4,2,02,2,1,0,43,1,0,1,1,1,36,0,3,0,0,2,1,1,200700032225B02,7,1,1,200066777
200700032232,2007-06-09,2007,juin,samedi,15:15,56,56070,47.96,-2.569,1,1,1,1,1,3,2,00,1,1,0,75,1,0,1,3,1,68,5,3,0,0,2,7,1,200700032232B02,7,16,1,200066777
200700032296,2007-06-02,2007,juin,samedi,07:45,44,44156,46.954,-1.615,1,1,1,1,1,3,2,02,1,1,54,0,1,0,1,3,2,13,1,3,0,0,2,6,13,200700032296A01,7,17,1,200071546
200700032296,2007-06-02,2007,juin,samedi,07:45,44,44156,46.954,-1.615,1,1,1,1,1,3,2,02,1,1,54,0,1,0,1,3,1,4,0,3,0,0,2,6,13,200700032296A01,7,17,1,200071546
200700032301,2007-06-28,2007,juin,jeudi,08:30,44,44003,47.365,-1.176,2,1,1,1,1,3,2,02,1,1,0,60,1,0,1,3,2,74,3,3,0,0,2,4,2,200700032301B02,30,2,1,244400552
200700032320,2007-06-07,2007,juin,jeudi,10:30,44,44049,0,0,2,1,6,1,1,3,2,00,1,1,0,60,1,0,1,3,2,71,3,3,0,0,0,4,1,200700032320A01,,,,244400610
200700032331,2007-06-05,2007,juin,mardi,19:00,49,49222,0,0,1,1,3,1,1,3,2,02,1,1,0,115,1,0,1,4,2,5,5,3,0,0,2,4,19,200700032331B02,7,21,1,200071553
200700032335,2007-06-06,2007,juin,mercredi,21:00,49,49212,47.376,-0.859,1,1,2,1,1,3,2,02,2,1,0,60,1,0,1,3,1,45,1,1,2,0,2,8,1,200700032335B02,7,17,1,
200700032372,2007-06-11,2007,juin,lundi,07:45,72,72260,0,0,1,1,2,1,1,3,2,00,1,1,0,48,1,0,1,4,1,39,1,3,0,0,2,4,1,200700032372B02,7,1,1,247200132
200700032375,2007-06-24,2007,juin,dimanche,11:00,72,72187,47.779,0.346,1,6,2,1,1,3,2,02,1,1,0,0,1,5,0,3,1,54,5,3,0,0,2,4,1,200700032375B02,7,9,1,247200447
200700032379,2007-06-10,2007,juin,dimanche,09:30,72,72335,48.116,0.341,1,3,1,1,1,3,2,02,1,1,60,0,1,5,1,3,1,71,9,3,0,0,2,8,15,200700032379A01,7,0,1,200072684
200700032409,2007-06-06,2007,juin,mercredi,12:30,85,85047,46.854,-1.887,2,6,3,1,1,3,-1,01,1,2,0,50,1,5,1,3,2,48,3,3,0,0,2,3,9,200700032409A01,7,9,1,200071629
200700032414,2007-06-07,2007,juin,jeudi,09:30,85,85127,46.443,-1.511,1,1,1,1,1,3,-1,02,1,-1,0,60,1,0,0,4,1,79,5,3,0,0,0,0,2,200700032414A01,21,2,1,200071900
200700032432,2007-06-22,2007,juin,vendredi,13:30,33,33435,44.564,-0.247,1,1,2,1,1,3,3,02,3,1,30,81,1,0,1,3,1,66,5,3,0,0,2,6,13,200700032432A01,10,21,1,200043974
200700032467,2007-06-23,2007,juin,samedi,17:15,24,24115,0,0,1,1,7,1,1,4,-1,02,2,2,0,42,1,0,3,3,1,15,5,3,0,8,0,1,1,200700032467A01,,,,200040392
200700032506,2007-06-29,2007,juin,vendredi,17:30,40,40287,0,0,2,1,7,1,1,4,2,00,1,1,0,55,1,0,1,3,1,59,5,3,0,0,0,0,1,200700032506A01,,,,244000873
200700032531,2007-06-11,2007,juin,lundi,17:15,47,47306,0,0,1,1,2,1,1,3,2,00,1,1,0,0,1,0,0,4,1,16,5,2,2,0,2,4,6,200700032531B02,7,2,1,244701405
200700032560,2007-06-02,2007,juin,samedi,16:30,86,86237,0,0,1,1,1,1,1,3,2,00,1,1,0,55,1,0,1,4,1,44,5,1,2,0,0,8,10,200700032560B02,33,2,1,200070035
200700032569,2007-06-21,2007,juin,jeudi,18:30,17,17264,46.214,-1.163,2,1,1,1,1,4,2,00,1,2,0,80,1,5,1,3,2,18,5,2,2,12,0,0,15,200700032569B02,7,21,1,241700434
200700032620,2007-06-03,2007,juin,dimanche,16:45,19,19255,0,0,2,1,1,1,1,3,2,02,1,1,0,57,1,0,1,3,1,58,9,1,2,0,2,1,1,200700032620A01,7,1,1,241927201
200700032630,2007-06-29,2007,juin,vendredi,19:00,23,23193,46.144,1.921,2,1,1,1,1,3,2,02,1,3,0,53,1,0,1,4,1,13,5,1,2,0,2,1,13,200700032630B02,7,1,1,200034825
200700032633,2007-06-06,2007,juin,mercredi,13:30,31,31025,0,0,1,6,1,1,1,3,2,02,1,1,0,55,1,5,1,3,1,37,5,3,0,0,2,1,1,200700032633B02,7,19,1,243100633
200700032659,2007-06-14,2007,juin,jeudi,15:00,31,31454,0,0,1,1,6,1,1,3,2,00,-1,1,0,53,-1,0,3,2,1,16,9,2,2,0,0,0,0,200700032659A01,,,,200068815
200700032721,2007-06-05,2007,juin,mardi,11:45,65,65059,0,0,2,1,6,1,1,3,2,02,2,-1,0,0,-1,0,0,3,1,53,5,1,2,6,0,7,2,200700032721A01,,,,246500482
200700032760,2007-06-26,2007,juin,mardi,20:15,69,69010,0,0,2,1,6,1,1,9,-1,01,-1,-1,0,0,-1,0,0,3,1,7,5,3,0,6,0,1,0,200700032760A01,,,,246900625
200700032761,2007-06-28,2007,juin,jeudi,15:30,69,69208,0,0,1,2,3,1,1,4,2,01,2,1,0,0,1,0,1,3,1,64,5,1,2,0,2,1,1,200700032761B02,7,1,1,246900625
200700032767,2007-06-23,2007,juin,samedi,19:00,69,69255,0,0,1,1,1,1,1,3,2,02,-1,3,0,0,1,0,1,3,1,54,5,3,0,0,2,1,17,200700032767A01,7,15,1,246900724
200700032770,2007-06-06,2007,juin,mercredi,17:15,69,69176,45.672,4.697,1,1,1,1,2,3,2,02,2,-1,0,60,1,0,1,3,2,44,5,3,0,0,2,7,1,200700032770A01,10,21,1,246900740
200700032779,2007-06-28,2007,juin,jeudi,13:30,69,69019,46.1,4.73,2,1,3,1,1,3,2,02,1,1,0,90,1,0,1,3,1,13,2,3,0,0,2,8,15,200700032779B02,10,1,1,200067817
200700032789,2007-06-29,2007,juin,vendredi,09:30,01,01199,0,0,1,1,5,1,1,3,2,02,1,1,0,70,1,0,1,2,1,72,5,2,2,0,0,0,0,200700032789B02,7,21 / 17,2,200029999
200700032798,2007-06-21,2007,juin,jeudi,11:00,01,01240,0,0,1,1,3,1,1,3,2,02,-1,2,0,60,1,0,1,3,1,26,5,1,2,0,2,1,1,200700032798B02,7,15,1,200042935
200700032807,2007-06-29,2007,juin,vendredi,21:30,01,01457,0,0,1,3,3,1,1,3,2,02,-1,1,0,60,1,0,1,3,1,16,5,3,0,0,2,1,19,200700032807B02,7,1,1,200070555
200700032808,2007-06-12,2007,juin,mardi,23:15,01,01290,0,0,1,1,3,3,1,3,2,00,1,1,0,70,1,0,1,4,1,25,5,3,9,0,2,8,2,200700032808B02,7,2,1,240100883
200700032818,2007-06-20,2007,juin,mercredi,18:30,01,01030,0,0,1,1,3,1,1,3,-1,00,2,3,0,63,1,0,1,3,1,17,1,3,0,0,2,1,13,200700032818A01,7,1,1,200042497
200700032820,2007-06-22,2007,juin,vendredi,13:30,07,07011,44.736,4.35,1,1,6,1,1,3,2,00,2,4,0,75,1,0,1,2,1,56,5,1,2,10,0,1,1,200700032820A01,,,,200073245
200700032824,2007-06-01,2007,juin,vendredi,10:15,07,07348,0,0,1,1,3,1,1,3,2,02,2,1,0,103,1,0,1,3,1,68,5,1,2,0,0,8,1,200700032824B02,7,17,1,200039808
200700032853,2007-06-06,2007,juin,mercredi,11:00,38,38466,0,0,2,1,3,1,8,3,2,02,1,2,0,64,1,0,1,3,1,14,5,3,0,0,2,8,13,200700032853B02,2,17,1,200018166
200700032868,2007-06-28,2007,juin,jeudi,12:00,38,38383,45.39,5.634,2,1,1,1,1,3,2,02,2,1,0,73,1,0,1,3,1,58,5,1,2,0,2,1,1,200700032868B02,10,15,1,243800984
200700032891,2007-06-04,2007,juin,lundi,16:00,38,38479,45.436,5.212,2,6,3,1,1,3,3,00,2,3,200,53,1,5,1,3,1,53,0,3,0,0,0,7,1,200700032891B02,10,1,1,200059392
200700032915,2007-06-29,2007,juin,vendredi,16:15,42,42331,0,0,2,3,1,1,1,3,2,00,2,4,0,56,1,0,1,3,1,67,5,1,2,0,0,1,1,200700032915A01,7,15,1,200035731
200700032946,2007-06-23,2007,juin,samedi,11:15,74,74236,0,0,2,1,1,1,1,4,2,00,2,3,0,60,1,0,3,1,1,16,5,3,0,0,2,0,13,200700032946B02,7,1,1,200034882
200700032960,2007-06-02,2007,juin,samedi,17:45,74,74156,46.288,6.419,2,1,1,1,1,4,2,02,1,1,0,0,1,0,1,3,1,6,5,3,0,0,2,8,19,200700032960B02,7,1,1,200067551
200700033020,2007-06-30,2007,juin,samedi,14:30,43,43005,44.925,3.708,1,1,6,1,1,3,2,01,-1,3,0,60,1,0,1,3,1,22,5,3,0,0,0,0,0,200700033020A01,,,,244301123
200700033023,2007-06-04,2007,juin,lundi,14:15,43,43112,0,0,2,1,1,1,1,4,2,00,-1,1,0,82,1,0,1,3,1,91,5,3,0,0,2,8,19,200700033023B02,7,1,1,200073393
200700033032,2007-06-18,2007,juin,lundi,18:45,43,43205,45.353,4.296,2,1,3,1,1,4,2,02,2,1,0,60,1,0,1,3,1,14,5,3,0,0,0,8,19,200700033032B02,10,1,1,244301131
200700033060,2007-06-09,2007,juin,samedi,17:00,57,57518,48.797,7.037,2,1,1,1,1,4,2,01,1,1,0,60,1,0,1,3,1,12,5,3,0,0,2,1,1,200700033060B02,7,1,1,200068146
200700033076,2007-06-29,2007,juin,vendredi,11:00,54,54571,0,0,1,1,5,1,1,3,2,02,1,1,0,0,1,0,1,3,1,60,5,1,2,1,0,1,21,200700033076B02,7,19 / 23,2,245400189
200700033084,2007-06-02,2007,juin,samedi,08:15,54,54135,0,0,2,1,3,1,1,4,2,02,1,1,0,60,1,0,1,3,1,7,2,3,0,0,2,7,19,200700033084B02,7,1,1,245400510
200700033088,2007-06-19,2007,juin,mardi,18:15,54,54490,0,0,2,1,3,1,1,4,2,00,2,1,0,48,1,0,1,3,1,15,5,3,0,0,2,8,16,200700033088A01,7,1,1,245400601
200700033101,2007-06-19,2007,juin,mardi,19:15,55,55544,49.51,5.46,2,1,1,1,1,3,2,00,1,2,0,60,1,0,1,3,1,49,0,3,0,0,2,1,1,200700033101B02,7,15,1,245501259
200700033102,2007-06-22,2007,juin,vendredi,17:00,55,55552,49.505,5.327,1,1,5,1,1,3,2,02,2,3,0,50,2,0,1,4,1,50,5,3,0,0,0,3,0,200700033102C03,7,1,2,245501259
200700033127,2007-06-19,2007,juin,mardi,16:00,88,88181,0,0,2,1,1,1,1,4,2,00,-1,1,0,100,1,6,1,4,1,14,2,1,2,0,2,8,19,200700033127B02,7,1,1,200071066
200700033129,2007-06-13,2007,juin,mercredi,17:00,67,67028,0,0,2,1,1,1,1,3,2,00,-1,1,0,66,1,0,1,3,2,49,0,3,0,0,0,2,15,200700033129B02,7,1,1,200067924
200700033131,2007-06-11,2007,juin,lundi,07:45,67,67131,48.492,7.712,2,1,3,1,1,3,2,02,-1,1,0,60,1,0,1,4,1,12,2,1,9,0,2,1,19,200700033131A01,7,1,1,246700488
200700033150,2007-06-19,2007,juin,mardi,19:00,67,67544,49.041,7.951,2,3,5,1,1,9,2,02,1,1,0,55,1,0,1,3,2,9,5,2,2,0,2,1,1,200700033150B02,7,1,1,246700926
200700033150,2007-06-19,2007,juin,mardi,19:00,67,67544,49.041,7.951,2,3,5,1,1,9,2,02,1,1,0,55,1,0,1,1,1,7,5,2,2,0,2,1,1,200700033150C03,7,1,1,246700926
200700033167,2007-06-13,2007,juin,mercredi,07:15,68,68300,0,0,2,1,1,1,1,3,3,04,1,1,0,0,1,3,1,3,1,53,1,2,2,0,2,8,13,200700033167B02,7,1,1,200066009
200700033171,2007-06-09,2007,juin,samedi,15:45,68,68349,47.617,7.572,2,3,1,1,1,4,2,00,-1,1,0,80,1,0,1,4,1,43,5,1,2,0,2,1,1,200700033171A01,7,16,1,200066058
200700033172,2007-06-16,2007,juin,samedi,15:30,68,68372,0,0,2,1,1,1,1,4,2,01,2,1,0,0,1,0,1,3,1,43,5,1,2,0,2,1,19,200700033172B02,7,1,1,200036465
200700033174,2007-06-06,2007,juin,mercredi,13:45,51,51559,49.13,4.53,2,1,3,1,1,3,2,02,1,1,0,68,1,0,1,4,2,9,5,3,0,0,2,1,19,200700033174B02,2,1,1,200042620
200700033179,2007-06-19,2007,juin,mardi,11:00,51,51237,48.738,3.558,2,1,1,1,1,4,2,01,1,1,0,73,1,0,1,3,2,52,4,3,0,0,0,0,0,200700033179B02,7,13,1,200066835
200700033205,2007-06-16,2007,juin,samedi,18:45,10,10033,0,0,2,1,3,1,1,3,2,00,1,1,30,130,1,5,1,4,2,71,5,3,0,0,0,4,13,200700033205B02,7,1,1,241000405
200700033207,2007-06-27,2007,juin,mercredi,10:30,10,10064,48.397,4.53,2,1,1,1,1,3,2,00,4,2,0,0,1,0,1,3,2,86,0,3,0,0,0,4,9,200700033207B02,15,1,1,200040137
200700033208,2007-06-19,2007,juin,mardi,18:45,10,10009,48.054,4.276,1,1,3,1,1,3,2,02,1,1,0,60,1,0,1,4,1,15,5,3,0,0,2,8,15,200700033208A01,33,17,1,200069003
200700033215,2007-06-10,2007,juin,dimanche,14:00,52,52208,47.945,5.837,2,1,6,1,1,3,2,02,1,1,0,63,1,0,1,3,1,47,5,3,0,0,1,1,1,200700033215A01,,,,200070332
200700033227,2007-06-27,2007,juin,mercredi,07:45,21,21663,47.549,4.459,2,1,1,1,1,3,2,02,-1,1,0,89,1,6,1,3,2,12,2,3,0,0,2,8,19,200700033227B02,7,1,1,242101459
200700033232,2007-06-17,2007,juin,dimanche,14:45,58,58225,46.903,3.102,1,4,1,1,2,3,-1,02,1,2,0,0,2,0,1,3,1,59,5,3,0,0,2,1,15,200700033232A01,7,16,1,245804406
200700033286,2007-06-07,2007,juin,jeudi,19:00,25,25112,47.27,6.072,1,9,2,1,1,3,3,00,1,1,5,80,-1,3,1,3,1,54,5,2,2,0,2,4,2,200700033286A01,7,9,1,242500361
200700033355,2007-06-08,2007,juin,vendredi,22:45,13,13096,0,0,1,1,6,3,1,3,2,00,1,2,0,65,-1,0,1,3,1,25,1,3,0,0,0,0,0,200700033355A01,7,1,1,241300417
200700033356,2007-06-17,2007,juin,dimanche,11:00,13,13096,0,0,1,1,2,1,1,3,2,02,1,1,0,95,1,0,5,3,1,33,5,1,2,1,0,1,1,200700033356B02,7,24,1,241300417
200700033365,2007-06-17,2007,juin,dimanche,08:20,13,13073,0,0,1,1,3,1,1,3,2,02,2,3,0,0,1,5,1,3,1,71,5,3,0,0,2,3,1,200700033365B02,7,19,1,200054807
200700033390,2007-06-23,2007,juin,samedi,08:45,06,06043,0,0,1,1,7,1,1,3,2,01,2,1,0,50,9,0,1,3,1,53,5,1,2,0,0,8,1,200700033390A01,,,,240600593
200700033391,2007-06-26,2007,juin,mardi,09:30,06,06048,0,0,1,1,1,1,1,3,2,02,-1,3,0,60,1,0,1,4,1,40,0,3,0,0,2,1,1,200700033391B02,7,19,1,240600593
200700033408,2007-06-27,2007,juin,mercredi,16:30,06,06122,43.751,7.143,2,1,3,1,1,4,2,00,2,2,0,0,1,0,1,3,1,14,5,3,0,0,0,7,15,200700033408B02,10,1,1,200030195
200700033428,2007-06-05,2007,juin,mardi,11:30,83,83107,43.467,6.634,1,1,2,1,1,3,-1,00,2,1,0,0,1,0,1,3,1,69,5,1,2,0,0,4,2,200700033428B02,7,2,1,200035319
200700033452,2007-06-15,2007,juin,vendredi,11:00,84,84074,43.763,5.196,1,1,1,1,1,4,2,00,2,1,0,31,2,0,1,3,1,33,5,1,2,0,2,8,1,200700033452B02,7,1,1,200040442
200700033462,2007-06-14,2007,juin,jeudi,17:15,84,84019,0,0,2,1,6,1,1,4,1,01,2,1,0,0,1,0,1,1,1,28,3,3,0,0,1,1,5,200700033462A01,,,,200000628
200700033498,2007-06-15,2007,juin,vendredi,18:30,34,34056,0,0,1,1,7,1,1,3,2,00,1,1,0,50,1,2,3,3,1,61,5,1,2,4,0,0,1,200700033498A01,,,,243400819
200700033512,2007-06-26,2007,juin,mardi,11:00,11,11184,43.155,1.881,1,1,7,1,1,3,2,02,2,2,0,0,1,0,3,2,1,74,5,1,2,13,0,2,1,200700033512A01,,,,200035707
200700033542,2007-06-10,2007,juin,dimanche,17:00,30,30107,43.959,4.652,1,1,1,1,1,3,2,02,1,1,0,185,1,0,1,3,1,77,5,1,2,0,2,4,15,200700033542B02,7,2,1,243000684
200700033543,2007-06-27,2007,juin,mercredi,08:15,30,30012,43.905,4.7,1,6,1,1,1,3,-1,00,1,2,0,0,1,0,1,3,1,49,5,1,2,0,2,1,1,200700033543A01,7,1,1,243000684
200700033560,2007-06-07,2007,juin,jeudi,17:30,48,48156,0,0,2,1,6,1,1,3,-1,00,2,2,60,0,1,0,1,3,1,16,5,3,0,0,0,0,13,200700033560B02,7,0,1,200069268
200700033565,2007-06-24,2007,juin,dimanche,14:15,66,66056,42.663,2.684,2,1,3,1,1,3,2,00,-1,1,0,60,1,0,1,4,2,11,5,2,2,0,2,8,1,200700033565B02,7,1,1,246600415
200700033573,2007-06-29,2007,juin,vendredi,11:30,66,66099,42.552,2.748,1,1,1,1,1,3,2,02,-1,3,0,45,1,0,1,4,1,59,5,3,0,0,2,1,13,200700033573B02,7,1,1,246600449
200700033580,2007-06-16,2007,juin,samedi,16:00,66,66149,0,0,2,1,1,1,1,4,1,01,1,1,0,40,1,0,1,3,1,75,5,3,0,0,2,7,1,200700033580B02,7,24,1,200049211