Num_Acc,date,an,mois,jour,hrmn,dep,com,lat,long,agg,int,col,lum,atm,catr,circ,nbv,prof,plan,lartpc,larrout,surf,infra,situ,grav,sexe,age,trajet,secuexist,equipement,obs,obsm,choc,manv,vehiculeid,typevehicules,manoeuvehicules,numVehicules,_infos_commune.code_epci
200700037107,2007-06-06,2007,juin,mercredi,09:25,85,85191,0,0,2,1,6,1,1,4,2,02,1,1,0,70,1,0,1,3,2,73,5,2,2,0,0,1,1,200700037107B01,7,9,1,248500589
200700037109,2007-06-18,2007,juin,lundi,12:25,85,85191,0,0,1,1,6,1,1,4,2,01,1,1,0,30,1,0,1,3,1,77,5,1,2,0,2,5,2,200700037109B01,7,17,1,248500589
200700037222,2007-06-21,2007,juin,jeudi,14:15,90,90010,0,0,2,2,3,1,1,4,3,02,1,1,0,0,1,0,1,3,1,18,5,3,9,0,2,8,19,200700037222A01,7,1,1,200069052
200700037225,2007-06-24,2007,juin,dimanche,15:04,90,90008,0,0,1,2,3,1,1,3,3,02,2,1,0,0,1,0,1,4,1,17,9,3,9,0,2,8,0,200700037225B01,7,0,1,200069052
200700037235,2007-06-14,2007,juin,jeudi,20:55,91,91097,0,0,2,1,6,2,1,4,2,02,1,1,20,20,1,0,1,1,2,38,0,3,9,0,1,1,1,200700037235A01,,,,200058477
200700037257,2007-06-06,2007,juin,mercredi,10:45,91,91433,0,0,1,1,7,1,1,2,2,02,2,3,0,0,1,0,1,2,1,51,5,2,2,0,0,1,1,200700037257A01,,,,200017846
200700037260,2007-06-11,2007,juin,lundi,08:30,91,91223,0,0,2,1,2,1,1,4,1,01,1,1,0,40,1,0,1,4,1,24,0,2,2,0,2,4,2,200700037260B01,7,2,1,200017846
200700037303,2007-06-15,2007,juin,vendredi,16:10,92,92002,0,0,2,3,6,1,1,4,1,02,1,1,0,66,1,0,1,3,2,62,9,2,2,0,2,0,0,200700037303B01,7,1,1,200054781
200700037304,2007-06-15,2007,juin,vendredi,17:30,92,92002,0,0,2,3,6,1,1,4,2,00,1,1,0,66,1,0,1,4,1,9,5,1,2,0,2,4,19,200700037304B01,7,1,1,200054781
200700037323,2007-06-27,2007,juin,mercredi,13:10,92,92004,0,0,2,2,3,1,1,4,1,01,1,-1,0,30,1,0,0,4,2,23,1,3,9,0,2,8,1,200700037323B01,7,1,1,200054781
200700037332,2007-06-02,2007,juin,samedi,19:45,92,92012,0,0,2,1,6,1,1,3,2,02,1,1,0,120,1,0,1,4,2,20,5,2,2,0,0,8,19,200700037332B01,7,2,1,200054781
200700037350,2007-06-13,2007,juin,mercredi,10:00,92,92032,0,0,2,1,3,1,1,4,2,02,1,1,0,35,1,0,1,3,1,7,5,3,2,0,2,8,19,200700037350B01,7,1,1,200054781
200700037367,2007-06-20,2007,juin,mercredi,12:25,92,92024,0,0,2,3,6,1,1,4,2,02,1,1,0,0,1,0,1,4,1,48,5,3,4,0,2,8,1,200700037367B01,7,1,1,200054781
200700037390,2007-06-06,2007,juin,mercredi,12:25,92,92035,0,0,2,1,6,1,1,3,2,02,1,1,0,0,1,0,1,4,1,60,0,2,2,1,0,1,1,200700037390B01,10,22,1,200054781
200700037404,2007-06-20,2007,juin,mercredi,13:25,92,92036,0,0,2,1,3,1,1,3,2,02,1,1,0,110,1,0,1,4,2,46,5,3,9,1,0,1,1,200700037404B01,7,22,1,200054781
200700037408,2007-06-29,2007,juin,vendredi,12:55,92,92036,0,0,2,1,3,1,1,3,2,02,1,2,0,70,1,0,1,4,1,22,5,3,9,0,2,1,19,200700037408A01,37,1,1,200054781
200700037433,2007-06-16,2007,juin,samedi,14:30,92,92020,0,0,2,2,3,1,1,3,2,02,1,1,0,0,1,0,1,4,1,29,5,3,9,0,0,0,1,200700037433B01,7,15,1,200054781
200700037447,2007-06-01,2007,juin,vendredi,11:52,92,92051,0,0,2,2,6,1,1,4,2,02,1,1,0,0,1,0,1,1,1,15,0,1,2,0,2,3,19,200700037447B01,7,15,1,200054781
200700037451,2007-06-10,2007,juin,dimanche,12:10,92,92051,0,0,2,1,6,1,1,4,2,02,1,1,0,100,1,0,1,1,1,61,0,1,2,0,1,1,1,200700037451A01,,,,200054781
200700037469,2007-06-01,2007,juin,vendredi,19:55,92,92063,0,0,2,1,2,2,1,3,2,01,1,1,0,0,2,0,0,4,2,51,5,3,9,0,2,4,2,200700037469B01,7,2,1,200054781
200700037482,2007-06-14,2007,juin,jeudi,14:15,92,92064,0,0,2,1,6,1,2,3,2,02,1,1,18,57,2,0,1,4,2,35,1,3,9,0,2,1,1,200700037482B01,7,10,1,200054781
200700037487,2007-06-20,2007,juin,mercredi,12:30,92,92033,0,0,2,9,7,1,1,4,2,02,2,1,0,0,1,0,4,4,1,15,2,3,2,0,0,0,1,200700037487A01,,,,200054781
200700037502,2007-06-20,2007,juin,mercredi,08:45,92,92073,0,0,2,1,7,1,1,3,2,02,2,1,0,0,1,0,1,4,2,23,0,3,9,0,0,0,1,200700037502B01,7,9,1,200054781
200700037509,2007-06-25,2007,juin,lundi,19:20,92,92046,0,0,2,2,3,1,3,4,2,02,2,1,0,0,2,0,1,4,2,35,0,3,9,0,2,1,1,200700037509B01,7,15,1,200054781
200700037529,2007-06-23,2007,juin,samedi,19:40,93,93001,0,0,2,1,6,1,1,4,2,02,1,1,0,80,1,0,1,1,1,19,0,3,9,0,1,1,0,200700037529A01,,,,200054781
200700037529,2007-06-23,2007,juin,samedi,19:40,93,93001,0,0,2,1,6,1,1,4,2,02,1,1,0,80,1,0,1,4,2,54,0,3,0,0,1,1,0,200700037529A01,,,,200054781
200700037551,2007-06-19,2007,juin,mardi,09:40,93,93007,0,0,2,3,3,1,1,4,2,02,-1,-1,0,0,1,0,1,3,1,79,5,1,9,0,2,8,15,200700037551B01,7,15,1,200054781
200700037551,2007-06-19,2007,juin,mardi,09:40,93,93007,0,0,2,3,3,1,1,4,2,02,-1,-1,0,0,1,0,1,3,1,11,0,1,9,0,2,8,15,200700037551B01,7,15,1,200054781
200700037565,2007-06-12,2007,juin,mardi,09:25,93,93010,0,0,2,1,6,1,1,2,2,01,2,1,0,60,1,2,1,4,2,31,0,3,9,0,2,1,2,200700037565B01,7,4,1,200054781
200700037627,2007-06-25,2007,juin,lundi,16:35,93,93048,0,0,2,3,3,1,1,4,1,02,1,1,0,0,1,0,0,4,1,11,2,2,9,0,2,1,0,200700037627B01,7,0,1,200054781
200700037640,2007-06-24,2007,juin,dimanche,11:18,93,93051,0,0,2,3,3,1,1,2,3,01,1,1,10,120,1,0,1,3,1,41,5,2,9,0,0,1,1,200700037640B01,7,1,1,200054781
200700037645,2007-06-25,2007,juin,lundi,11:25,93,93053,0,0,2,2,3,1,1,3,2,00,1,1,0,100,1,0,1,4,1,14,0,3,2,0,2,8,18,200700037645A01,15,16,1,200054781
200700037707,2007-06-19,2007,juin,mardi,18:30,93,93072,0,0,2,1,2,1,1,4,1,00,1,1,0,0,1,0,1,4,1,10,5,3,9,0,2,4,2,200700037707B01,7,2,1,200054781
200700037711,2007-06-06,2007,juin,mercredi,19:00,93,93078,0,0,2,1,3,1,1,4,2,02,-1,-1,0,60,1,6,1,4,1,8,0,3,9,0,2,8,1,200700037711B01,7,1,1,200054781
200700037719,2007-06-21,2007,juin,jeudi,13:55,93,93078,0,0,2,1,3,1,1,4,1,01,1,1,0,70,1,0,0,4,1,19,5,3,9,0,2,7,18,200700037719B01,7,22,1,200054781
200700037752,2007-06-05,2007,juin,mardi,13:50,94,94018,0,0,2,2,3,1,1,4,1,01,1,1,0,71,1,5,1,4,2,61,5,2,9,0,2,8,1,200700037752B01,7,1,1,200054781
200700037821,2007-06-15,2007,juin,vendredi,19:00,94,94038,0,0,2,1,2,1,1,4,1,01,1,1,0,35,1,0,1,4,1,17,2,3,9,1,0,1,1,200700037821A01,7,24,1,200054781
200700037824,2007-06-17,2007,juin,dimanche,18:30,94,94034,0,0,2,9,2,1,2,4,-1,01,-1,-1,0,30,2,0,1,4,1,18,0,3,9,1,0,1,2,200700037824A01,7,2,1,200054781
200700037836,2007-06-13,2007,juin,mercredi,16:00,94,94041,0,0,2,1,7,1,2,4,1,01,1,-1,0,0,2,0,1,4,1,17,0,2,2,0,2,4,1,200700037836B01,7,1,1,200054781
200700037848,2007-06-27,2007,juin,mercredi,08:25,94,94046,0,0,2,1,4,1,1,2,3,00,1,1,20,135,1,0,1,4,2,49,0,3,9,0,0,4,1,200700037848B01,7 / 99,21 / 9,2,200054781
200700037851,2007-06-28,2007,juin,jeudi,15:10,94,94046,0,0,2,3,3,1,1,4,1,01,1,1,0,60,1,0,1,4,1,61,0,3,2,0,2,1,1,200700037851A01,7,1,1,200054781
200700037882,2007-06-16,2007,juin,samedi,09:00,94,94067,0,0,2,2,6,1,1,3,2,02,2,1,0,0,-1,0,1,1,1,59,1,3,2,0,1,1,13,200700037882A01,,,,200054781
200700037883,2007-06-17,2007,juin,dimanche,15:55,94,94080,0,0,2,3,6,1,2,2,2,04,1,1,0,0,2,0,1,1,1,34,5,1,2,0,2,7,16,200700037883B01,7,24,1,200054781
200700037883,2007-06-17,2007,juin,dimanche,15:55,94,94080,0,0,2,3,6,1,2,2,2,04,1,1,0,0,2,0,1,4,1,1,0,1,2,0,2,7,16,200700037883B01,7,24,1,200054781
200700037884,2007-06-29,2007,juin,vendredi,20:35,94,94080,0,0,2,2,3,1,8,4,2,02,1,1,0,0,2,0,1,4,2,31,5,3,9,0,2,1,1,200700037884B01,7,15,1,200054781
200700037889,2007-06-06,2007,juin,mercredi,16:10,94,94081,0,0,2,2,6,1,1,9,3,01,2,1,0,0,1,0,1,4,1,15,5,2,2,0,2,1,5,200700037889A01,7,1,1,200054781
200700037900,2007-06-01,2007,juin,vendredi,19:20,95,95018,0,0,2,3,3,1,1,4,1,01,1,1,0,400,1,0,1,4,1,11,5,3,2,0,2,1,19,200700037900B01,7,1,1,200054781
200700037903,2007-06-07,2007,juin,jeudi,18:35,95,95018,0,0,2,1,3,1,1,4,1,01,1,1,0,60,1,0,1,4,1,9,5,1,2,0,2,4,19,200700037903B01,7,4,1,200054781
200700037907,2007-06-12,2007,juin,mardi,09:35,95,95582,0,0,2,1,7,1,1,4,3,02,1,1,10,60,1,0,1,4,1,51,2,2,2,16,0,1,1,200700037907A01,10,23,1,200058485
200700037920,2007-06-11,2007,juin,lundi,17:45,95,95197,0,0,2,2,6,1,1,4,2,02,1,1,10,59,1,0,1,4,2,49,1,3,9,0,0,1,1,200700037920B01,7,14,1,200056380
200700037924,2007-06-14,2007,juin,jeudi,11:45,95,95219,0,0,2,6,3,1,1,4,2,02,1,1,0,71,1,5,1,4,2,50,9,3,2,0,2,1,6,200700037924B01,10,14,1,200058485
200700037929,2007-06-25,2007,juin,lundi,08:58,95,95203,0,0,2,4,3,1,2,4,2,02,1,1,0,70,2,0,1,4,2,51,1,2,2,0,2,5,15,200700037929B01,7,2,1,200058485
200700038273,2007-06-29,2007,juin,vendredi,15:06,2B,2B033,0,0,2,1,3,1,1,4,3,04,1,1,50,60,1,0,1,4,1,48,0,1,2,0,0,1,1,200700038273B01,16,12,1,242000354
200700038351,2007-06-13,2007,juin,mercredi,09:00,69,69386,0,0,2,2,1,1,1,4,1,02,1,1,0,0,1,0,1,4,2,28,1,2,2,0,2,1,1,200700038351B01,10,1,1,200046977
200700038359,2007-06-23,2007,juin,samedi,20:30,69,69383,0,0,2,2,3,1,1,4,2,02,1,1,0,0,1,0,1,4,1,13,0,2,2,0,2,1,1,200700038359A01,7,1,1,200046977
200700038366,2007-06-20,2007,juin,mercredi,09:45,69,69386,0,0,2,2,3,1,1,4,1,01,1,1,0,0,1,0,1,4,2,34,1,3,9,0,0,7,1,200700038366B01,10,1,1,200046977
200700038415,2007-06-08,2007,juin,vendredi,08:50,69,69387,0,0,2,1,6,1,1,4,2,02,1,1,0,100,1,0,5,4,1,58,1,3,2,0,1,1,1,200700038415A01,,,,200046977
200700038530,2007-06-23,2007,juin,samedi,11:30,75,75101,0,0,2,2,3,1,8,4,2,03,1,-1,0,0,1,0,1,4,2,29,5,3,9,0,2,1,16,200700038530A01,13,16,1,200054781
200700038546,2007-06-29,2007,juin,vendredi,23:30,75,75104,0,0,2,7,3,5,3,4,1,03,1,-1,0,0,2,0,1,4,1,21,5,1,4,0,2,1,0,200700038546B01,33,2,1,200054781
200700038564,2007-06-27,2007,juin,mercredi,15:15,75,75103,0,0,2,1,3,1,1,4,1,01,1,1,0,74,1,0,1,4,1,28,5,2,9,0,0,8,11,200700038564A01,30,2,1,200054781
200700038568,2007-06-29,2007,juin,vendredi,20:30,75,75103,0,0,2,1,3,1,2,4,1,03,1,1,0,106,2,0,1,4,1,52,1,1,4,0,2,3,1,200700038568B01,7,12,1,200054781
200700038573,2007-06-12,2007,juin,mardi,08:10,75,75104,0,0,2,1,6,1,8,4,1,03,1,1,2,109,1,0,1,4,1,44,1,3,9,0,2,7,7,200700038573B01,33,2,1,200054781
200700038584,2007-06-19,2007,juin,mardi,08:30,75,75104,0,0,2,2,2,1,1,4,1,03,1,1,0,0,1,0,1,4,1,65,1,1,2,0,2,5,1,200700038584B01,7,1,1,200054781
200700038586,2007-06-20,2007,juin,mercredi,06:50,75,75104,0,0,2,2,3,1,1,4,1,02,1,1,0,0,1,0,1,4,1,38,1,2,2,0,2,0,2,200700038586B01,14,16,1,200054781
200700038601,2007-06-16,2007,juin,samedi,13:30,75,75105,0,0,2,4,3,1,1,4,2,06,1,3,0,180,1,5,1,4,2,32,5,3,9,1,2,1,1,200700038601B01,7,16,1,200054781
200700038602,2007-06-16,2007,juin,samedi,18:05,75,75105,0,0,2,1,7,1,2,4,2,04,1,3,0,64,2,0,1,4,1,15,5,3,9,0,2,8,19,200700038602B01,37,2,1,200054781
200700038606,2007-06-19,2007,juin,mardi,17:25,75,75105,0,0,2,2,3,1,1,9,2,03,1,1,0,0,1,0,1,4,1,34,5,3,9,0,0,4,18,200700038606B01,7,2,1,200054781
200700038617,2007-06-30,2007,juin,samedi,18:55,75,75105,0,0,2,1,6,1,8,4,1,01,1,1,0,79,1,0,1,3,2,55,5,2,9,1,0,1,2,200700038617A01,,,,200054781
200700038624,2007-06-18,2007,juin,lundi,17:00,75,75105,0,0,2,1,6,1,1,4,2,03,2,1,0,140,1,0,1,4,2,27,4,3,9,0,2,1,2,200700038624B01,7,7,1,200054781
200700038630,2007-06-23,2007,juin,samedi,19:00,75,75106,0,0,2,1,2,1,1,4,1,01,1,1,0,51,1,0,1,4,2,42,5,3,4,14,0,4,2,200700038630A01,7,0,1,200054781
200700038642,2007-06-10,2007,juin,dimanche,11:45,75,75107,0,0,2,1,6,1,1,4,3,02,1,1,0,100,1,0,1,4,2,54,5,3,9,1,0,8,22,200700038642B01,7,24,1,200054781
200700038644,2007-06-14,2007,juin,jeudi,15:30,75,75107,0,0,2,2,3,1,1,4,2,02,1,1,0,84,-1,5,1,4,1,28,9,3,9,0,0,8,1,200700038644A01,99,15,1,200054781
200700038648,2007-06-19,2007,juin,mardi,14:40,75,75107,0,0,2,2,3,1,1,4,1,04,1,1,0,137,1,0,1,4,2,55,1,3,9,0,2,8,19,200700038648A01,30,1,1,200054781
200700038672,2007-06-08,2007,juin,vendredi,09:30,75,75108,0,0,2,1,3,1,8,4,2,02,1,1,0,131,1,0,1,4,1,29,1,3,9,0,2,1,2,200700038672B01,7,15,1,200054781
200700038700,2007-06-22,2007,juin,vendredi,09:10,75,75108,0,0,2,1,2,1,1,4,1,03,1,1,0,120,1,0,1,4,2,47,0,3,9,0,0,2,17,200700038700A01,37,23,1,200054781
200700038701,2007-06-22,2007,juin,vendredi,11:30,75,75108,0,0,2,5,3,1,1,4,2,02,1,1,0,0,1,5,1,4,1,37,5,3,9,0,2,3,0,200700038701B01,7,0,1,200054781
200700038718,2007-06-19,2007,juin,mardi,09:45,75,75109,0,0,2,1,6,1,8,4,1,02,2,1,0,70,1,0,1,4,2,25,1,1,4,0,0,0,2,200700038718B01,7,2,1,200054781
200700038739,2007-06-25,2007,juin,lundi,02:20,75,75110,0,0,2,2,3,5,1,4,2,01,1,1,0,50,1,0,1,4,1,35,5,1,9,0,2,3,5,200700038739A01,32,0,1,200054781
200700038746,2007-06-28,2007,juin,jeudi,17:50,75,75110,0,0,2,1,3,1,1,4,1,02,2,1,6,55,1,0,5,4,1,37,1,1,2,1,0,1,0,200700038746B01,7,0,1,200054781
200700038749,2007-06-01,2007,juin,vendredi,09:50,75,75111,0,0,2,1,3,1,1,4,1,01,1,-1,0,54,1,0,1,4,1,43,0,3,9,1,0,1,1,200700038749B01,7,22,1,200054781
200700038756,2007-06-07,2007,juin,jeudi,12:00,75,75111,0,0,2,3,2,1,1,4,1,01,1,1,0,55,1,0,1,4,1,41,1,3,9,0,0,1,1,200700038756B01,1,1,1,200054781
200700038756,2007-06-07,2007,juin,jeudi,12:00,75,75111,0,0,2,3,2,1,1,4,1,01,1,1,0,55,1,0,1,1,1,33,5,2,9,0,2,4,1,200700038756A01,1,1,1,200054781
200700038759,2007-06-09,2007,juin,samedi,16:20,75,75111,0,0,2,2,3,1,1,4,1,01,2,1,0,77,1,0,1,1,2,35,5,3,9,0,2,1,1,200700038759A01,32,1,1,200054781
200700038761,2007-06-12,2007,juin,mardi,19:59,75,75111,0,0,2,3,2,1,1,4,1,01,1,1,0,53,1,0,2,4,2,42,1,3,4,1,0,1,1,200700038761B01,7,23,1,200054781
200700038783,2007-06-29,2007,juin,vendredi,14:45,75,75111,0,0,2,3,3,1,2,4,1,02,1,3,0,80,2,0,1,4,1,34,1,3,9,0,0,8,1,200700038783A01,7,16,1,200054781
200700038785,2007-06-29,2007,juin,vendredi,20:56,75,75111,0,0,2,3,3,1,2,4,2,01,1,1,300,100,2,0,5,4,2,54,9,2,9,0,2,7,0,200700038785B01,2,0,1,200054781
200700038787,2007-06-30,2007,juin,samedi,20:15,75,75111,0,0,2,1,3,1,8,4,1,01,1,1,0,39,1,0,1,4,2,50,5,3,9,1,9,1,18,200700038787B01,7,22,1,200054781
200700038791,2007-06-09,2007,juin,samedi,09:35,75,75112,0,0,2,6,3,1,1,4,2,02,1,1,0,96,1,0,1,4,1,43,5,1,2,0,2,2,1,200700038791B01,7,19,1,200054781
200700038792,2007-06-09,2007,juin,samedi,21:25,75,75112,0,0,2,1,3,2,1,9,2,02,1,1,10,10,1,1,5,4,1,37,5,3,9,0,2,8,1,200700038792B01,33,1,1,200054781
200700038796,2007-06-12,2007,juin,mardi,11:50,75,75112,0,0,2,2,7,1,1,2,1,03,1,3,0,0,1,0,0,4,1,30,4,3,9,0,0,0,0,200700038796A01,,,,200054781
200700038797,2007-06-13,2007,juin,mercredi,09:30,75,75112,0,0,2,5,3,1,1,4,1,01,1,3,0,49,1,0,1,4,2,44,1,3,9,0,2,8,2,200700038797B01,10,0,1,200054781
200700038808,2007-06-21,2007,juin,jeudi,08:32,75,75112,0,0,2,4,2,1,8,4,2,02,1,1,0,72,1,5,1,4,1,31,1,1,2,0,2,4,2,200700038808B01,10,2,1,200054781
200700038819,2007-06-25,2007,juin,lundi,12:10,75,75112,0,0,2,2,3,1,1,4,2,07,1,1,0,108,1,5,1,4,1,27,5,3,9,0,0,0,0,200700038819B01,30,2,1,200054781
200700038861,2007-06-28,2007,juin,jeudi,16:15,75,75113,0,0,2,2,3,1,1,4,2,02,1,1,0,127,1,0,1,4,2,58,5,3,9,0,2,3,1,200700038861B01,7,1,1,200054781
200700038868,2007-06-05,2007,juin,mardi,08:35,75,75114,0,0,2,1,6,1,1,4,2,05,1,1,0,0,1,0,1,4,1,46,1,3,9,1,0,2,17,200700038868B01,7,22,1,200054781
200700038871,2007-06-07,2007,juin,jeudi,08:35,75,75114,0,0,2,1,6,1,1,4,2,02,1,1,0,80,1,0,5,4,2,56,1,1,2,0,1,3,1,200700038871A01,,,,200054781
200700038871,2007-06-07,2007,juin,jeudi,08:35,75,75114,0,0,2,1,6,1,1,4,2,02,1,1,0,80,1,0,5,1,1,15,9,3,0,0,1,3,1,200700038871A01,,,,200054781
200700038879,2007-06-14,2007,juin,jeudi,09:10,75,75114,0,0,2,1,6,1,1,9,1,01,1,1,16,55,1,0,5,1,1,24,1,2,9,0,1,1,1,200700038879A01,,,,200054781
200700038887,2007-06-25,2007,juin,lundi,11:30,75,75114,0,0,2,3,3,1,1,4,2,05,1,1,0,168,1,0,1,4,1,12,5,3,9,0,2,8,16,200700038887B01,7,16,1,200054781
200700038889,2007-06-26,2007,juin,mardi,20:05,75,75114,0,0,2,3,6,1,1,4,2,02,1,1,0,85,1,0,1,1,1,44,1,2,9,0,1,7,1,200700038889A01,,,,200054781
200700038890,2007-06-28,2007,juin,jeudi,12:35,75,75114,0,0,2,3,2,1,1,4,1,01,1,1,0,72,1,0,1,1,2,49,1,2,9,0,0,4,13,200700038890B01,33,2,1,200054781
200700038899,2007-06-12,2007,juin,mardi,17:50,75,75115,0,0,2,4,2,1,1,9,4,01,1,1,0,102,1,0,1,4,2,34,1,2,9,0,2,8,2,200700038899A01,10,2,1,200054781
200700038901,2007-06-13,2007,juin,mercredi,08:50,75,75115,0,0,2,1,6,1,1,4,3,01,1,1,0,100,1,6,4,4,2,29,1,2,9,0,1,0,9,200700038901A01,,,,200054781
200700038913,2007-06-21,2007,juin,jeudi,02:50,75,75115,0,0,2,1,7,5,2,4,1,01,1,1,0,79,2,0,1,3,2,25,5,3,9,0,0,0,0,200700038913A01,,,,200054781
200700038914,2007-06-21,2007,juin,jeudi,18:30,75,75115,0,0,2,1,3,1,1,9,1,01,-1,1,0,60,1,0,4,4,2,56,1,3,9,0,0,1,5,200700038914B01,7,1,1,200054781
200700038917,2007-06-22,2007,juin,vendredi,13:42,75,75115,0,0,2,1,2,1,3,4,2,02,1,1,0,100,2,0,1,4,2,24,1,3,9,0,0,4,0,200700038917A01,30,0,1,200054781
200700038923,2007-06-01,2007,juin,vendredi,16:45,75,75116,0,0,2,7,3,1,8,4,-1,02,-1,2,0,0,1,0,1,4,1,33,0,1,4,0,0,7,2,200700038923B01,7,2,1,200054781
200700038930,2007-06-09,2007,juin,samedi,13:45,75,75116,0,0,2,2,2,1,1,4,2,01,1,1,0,155,1,0,1,4,1,71,5,1,2,0,2,4,2,200700038930B01,7,2,1,200054781
200700038938,2007-06-12,2007,juin,mardi,18:50,75,75116,0,0,2,1,6,1,1,4,3,02,1,1,0,133,1,0,5,4,1,28,5,1,2,0,0,3,0,200700038938B01,1,0,1,200054781
200700038938,2007-06-12,2007,juin,mardi,18:50,75,75116,0,0,2,1,6,1,1,4,3,02,1,1,0,133,1,0,5,1,2,36,5,3,9,0,0,7,0,200700038938A01,1,0,1,200054781
200700038954,2007-06-18,2007,juin,lundi,19:20,75,75116,0,0,2,1,7,1,1,4,1,01,1,1,0,0,1,0,1,4,2,47,1,2,9,12,0,0,0,200700038954A01,,,,200054781
200700039027,2007-06-29,2007,juin,vendredi,17:50,75,75117,0,0,2,1,6,1,1,4,1,01,1,1,0,50,2,0,1,3,2,43,5,3,9,1,0,1,1,200700039027B01,7,24,1,200054781
200700039031,2007-06-02,2007,juin,samedi,10:30,75,75118,0,0,2,1,6,1,1,4,2,02,1,1,0,50,1,0,1,4,2,46,0,3,9,0,2,1,2,200700039031B01,7,2,1,200054781
200700039067,2007-06-02,2007,juin,samedi,17:20,75,75119,0,0,2,1,6,1,1,4,1,02,1,1,170,0,1,0,4,1,1,9,5,2,9,0,0,0,0,200700039067A01,,,,200054781
200700039085,2007-06-21,2007,juin,jeudi,09:40,75,75119,0,0,2,1,3,1,1,4,1,01,2,1,0,75,1,0,1,4,2,29,1,2,9,1,0,1,1,200700039085A01,7,24,1,200054781
200700039090,2007-06-25,2007,juin,lundi,07:35,75,75119,0,0,2,2,3,1,1,4,2,02,2,-1,0,100,1,0,1,4,1,30,1,2,9,0,0,2,1,200700039090B01,7,0,1,200054781
200700039094,2007-06-25,2007,juin,lundi,14:10,75,75119,0,0,2,1,7,1,1,4,2,02,1,1,0,0,1,0,1,4,2,48,5,2,9,0,0,0,1,200700039094A01,,,,200054781
200700039096,2007-06-27,2007,juin,mercredi,08:45,75,75119,0,0,2,1,7,1,1,4,2,02,1,1,0,70,1,0,4,4,2,35,1,2,2,12,0,0,0,200700039096A01,,,,200054781
200700039098,2007-06-27,2007,juin,mercredi,19:10,75,75119,0,0,2,1,3,1,1,4,2,03,2,1,0,70,1,0,1,1,1,14,5,3,2,0,2,0,15,200700039098B01,7,1,1,200054781
200700039098,2007-06-27,2007,juin,mercredi,19:10,75,75119,0,0,2,1,3,1,1,4,2,03,2,1,0,70,1,0,1,4,1,11,0,3,2,0,2,0,15,200700039098B01,7,1,1,200054781
200700039107,2007-06-04,2007,juin,lundi,09:55,75,75120,0,0,2,9,6,1,2,4,3,04,1,1,0,112,2,0,5,4,1,43,1,2,9,0,1,1,1,200700039107A01,,,,200054781
200700039112,2007-06-09,2007,juin,samedi,19:30,75,75120,0,0,2,3,3,1,1,4,-1,02,2,1,82,93,1,5,1,4,2,20,1,3,2,0,2,1,1,200700039112B01,3,1,1,200054781
200700039126,2007-06-14,2007,juin,jeudi,10:25,75,75120,0,0,2,1,3,1,1,4,2,02,2,1,0,72,1,0,1,4,2,34,1,3,9,1,0,1,1,200700039126B01,10,24,1,200054781
200700039128,2007-06-14,2007,juin,jeudi,18:45,75,75120,0,0,2,1,5,1,1,4,2,02,1,1,0,60,1,0,5,4,1,43,1,3,9,1,0,8,1,200700039128B01,7,22 / 24,2,200054781
200700039133,2007-06-16,2007,juin,samedi,23:14,75,75120,0,0,2,3,6,5,1,4,-1,01,1,1,0,0,1,0,5,4,2,30,5,3,9,1,0,3,21,200700039133C01,7,23,1,200054781
200700039136,2007-06-19,2007,juin,mardi,17:15,75,75120,0,0,2,1,3,1,1,4,2,01,1,1,0,108,1,0,1,4,1,14,9,1,2,0,2,6,0,200700039136B01,7,1,1,200054781
200700039139,2007-06-21,2007,juin,jeudi,12:40,75,75120,0,0,2,2,3,1,1,4,2,02,1,1,0,110,1,5,1,4,1,74,5,3,9,0,2,0,2,200700039139B01,7,0,1,200054781
200700039155,2007-06-29,2007,juin,vendredi,09:20,75,75120,0,0,2,1,6,1,1,4,2,02,2,1,0,82,1,0,1,4,1,34,0,3,0,0,2,7,17,200700039155A01,7,17,1,200054781
200700039195,2007-06-25,2007,juin,lundi,04:10,75,75120,0,0,2,3,1,5,1,4,1,01,2,1,0,77,1,0,1,4,2,19,5,3,4,0,2,1,5,200700039195A01,7,15,1,200054781
200700039195,2007-06-25,2007,juin,lundi,04:10,75,75120,0,0,2,3,1,5,1,4,1,01,2,1,0,77,1,0,1,4,2,19,0,3,4,0,2,1,5,200700039195A01,7,15,1,200054781
200700039197,2007-06-26,2007,juin,mardi,10:40,75,75108,0,0,2,1,3,1,8,4,1,01,1,1,0,68,1,0,1,4,1,56,0,2,9,1,0,2,1,200700039197B01,7,0,1,200054781
200700039271,2007-06-02,2007,juin,samedi,12:20,35,35288,0,0,2,3,6,1,1,4,2,00,1,3,0,0,1,0,1,3,1,10,5,2,2,0,2,0,9,200700039271B01,37,1,1,243500782
200700039274,2007-06-20,2007,juin,mercredi,19:25,35,35288,0,0,2,6,3,1,1,4,-1,00,1,-1,0,0,1,0,1,4,2,62,0,1,2,0,2,5,2,200700039274B01,7,9,1,243500782
200700039283,2007-04-07,2007,avril,samedi,16:30,78,78335,0,0,2,0,3,1,1,4,2,00,1,1,0,0,1,0,1,3,1,15,5,3,2,0,2,0,1,200700039283B01,7,1,1,200059889
200700039287,2007-01-16,2007,janvier,mardi,08:25,78,78646,0,0,2,3,3,2,1,4,2,02,1,1,0,80,1,0,5,3,1,16,2,2,9,0,2,0,1,200700039287B01,7,15,1,247800584
200700039290,2007-01-31,2007,janvier,mercredi,15:55,78,78646,0,0,2,1,6,1,1,4,2,02,1,1,0,120,1,0,1,4,1,16,5,2,2,1,0,7,1,200700039290B01,7,24,1,247800584
200700039312,2007-06-26,2007,juin,mardi,11:45,78,78646,0,0,2,1,6,1,1,4,1,01,1,1,0,60,1,0,1,4,2,34,5,2,2,1,0,1,1,200700039312B01,7,22,1,247800584
200700039315,2007-07-12,2007,juillet,jeudi,10:10,59,59466,50.525,3.114,2,1,6,1,1,3,2,00,1,1,0,52,1,0,1,3,2,51,3,3,0,0,0,0,0,200700039315B02,7,1,1,200041960