Num_Acc,date,an,mois,jour,hrmn,dep,com,lat,long,agg,int,col,lum,atm,catr,circ,nbv,prof,plan,lartpc,larrout,surf,infra,situ,grav,sexe,age,trajet,secuexist,equipement,obs,obsm,choc,manv,vehiculeid,typevehicules,manoeuvehicules,numVehicules,_infos_commune.code_epci
200700039328,2007-07-12,2007,juillet,jeudi,18:30,59,59085,0,0,2,1,3,1,1,3,2,00,1,1,0,56,1,0,1,3,1,11,5,3,0,0,2,1,1,200700039328B02,7,1,1,200068500
200700039365,2007-07-27,2007,juillet,vendredi,18:45,80,80531,0,0,1,1,7,1,1,4,-1,00,4,2,0,45,1,0,3,3,1,67,5,2,2,16,0,1,1,200700039365A01,,,,200071181
200700039366,2007-07-18,2007,juillet,mercredi,10:00,80,80211,0,0,1,1,6,1,1,3,2,02,1,1,0,61,1,0,1,1,1,62,5,1,2,0,2,2,1,200700039366A01,1,1,1,200071181
200700039366,2007-07-18,2007,juillet,mercredi,10:00,80,80211,0,0,1,1,6,1,1,3,2,02,1,1,0,61,1,0,1,3,1,78,5,1,2,0,2,2,1,200700039366B02,1,1,1,200071181
200700039377,2007-07-19,2007,juillet,jeudi,22:15,80,80793,0,0,1,1,2,3,1,3,2,00,3,1,0,60,1,0,1,2,1,21,5,3,0,0,0,3,15,200700039377A01,33,1,1,200071223
200700039389,2007-07-22,2007,juillet,dimanche,11:30,02,02510,0,0,1,1,1,1,1,3,2,02,3,2,0,50,1,0,1,2,1,40,5,1,2,0,2,1,13,200700039389B02,10,1,1,200072031
200700039411,2007-07-21,2007,juillet,samedi,17:00,60,60065,0,0,2,1,5,1,1,4,2,02,-1,2,0,0,1,5,1,3,1,6,5,3,0,0,2,1,5,200700039411A01,7,1,1,200067973
200700039411,2007-07-21,2007,juillet,samedi,17:00,60,60065,0,0,2,1,5,1,1,4,2,02,-1,2,0,0,1,5,1,4,1,6,5,3,0,0,2,1,5,200700039411B02,7,1,1,200067973
200700039424,2007-07-17,2007,juillet,mardi,19:15,60,60147,49.5,2.85,1,1,2,2,1,3,2,02,2,1,0,60,1,0,1,4,2,58,5,3,0,0,0,4,1,200700039424B02,7,2,1,246000772
200700039491,2007-07-02,2007,juillet,lundi,17:45,27,27356,0,0,2,1,1,1,1,3,2,00,1,1,0,32,1,0,1,3,2,13,9,2,2,0,0,8,19,200700039491B02,7,1,1,
200700039501,2007-07-01,2007,juillet,dimanche,14:15,35,35110,48.336,-1.647,2,1,1,1,1,3,2,02,1,1,0,0,1,5,1,3,1,8,5,3,0,0,2,1,15,200700039501A01,7,1,1,243500667
200700039520,2007-07-13,2007,juillet,vendredi,18:45,35,35299,0,0,1,5,3,1,1,3,2,00,1,1,0,60,1,5,1,3,1,31,5,3,0,0,2,1,1,200700039520A01,7,19,1,243500782
200700039561,2007-07-22,2007,juillet,dimanche,15:15,29,29175,0,0,2,9,1,1,2,3,2,02,1,1,103,0,2,0,1,3,1,13,5,3,0,0,2,8,19,200700039561B02,7,1,1,242900561
200700039565,2007-07-24,2007,juillet,mardi,19:00,29,29105,0,0,2,1,3,1,1,9,2,00,4,2,0,35,1,0,1,3,1,7,5,2,2,0,2,1,1,200700039565B02,7,13,1,242900751
200700039572,2007-07-24,2007,juillet,mardi,18:00,56,56154,47.721,-2.186,1,1,3,1,1,4,2,02,1,1,0,46,1,0,1,3,1,12,5,3,0,0,2,8,16,200700039572B02,7,1,1,243500741
200700039577,2007-07-06,2007,juillet,vendredi,11:15,56,56233,47.592,-3.017,1,3,3,1,1,3,2,00,2,2,0,70,1,0,1,3,1,52,5,1,2,0,2,1,1,200700039577A01,13,15,1,200043123
200700039579,2007-07-26,2007,juillet,jeudi,18:30,56,56234,0,0,1,1,3,1,1,3,2,00,1,1,0,70,1,0,1,3,2,19,5,3,0,0,2,8,1,200700039579B02,14,1,1,200043123
200700039583,2007-07-07,2007,juillet,samedi,18:30,56,56161,47.655,-3.092,1,1,3,1,1,4,2,02,3,3,0,42,1,0,1,3,1,14,5,2,2,0,2,3,15,200700039583A01,7,1,1,200043123
200700039601,2007-07-11,2007,juillet,mercredi,08:15,14,14754,49.326,0.009,2,1,2,1,1,4,2,02,-1,-1,0,0,1,0,1,3,1,13,5,2,2,0,2,4,1,200700039601B02,7,17,1,241400415
200700039607,2007-07-23,2007,juillet,lundi,14:00,50,50099,49.31,-1.251,2,1,1,1,2,3,2,02,1,1,0,0,1,0,1,3,1,32,5,3,0,0,2,1,9,200700039607B02,7,15,1,200042729
200700039627,2007-07-12,2007,juillet,jeudi,09:00,61,61102,0,0,1,1,2,1,1,3,2,02,2,1,0,75,1,0,1,3,1,60,5,1,2,0,0,4,1,200700039627B02,7,1,1,200035814
200700039644,2007-07-04,2007,juillet,mercredi,11:45,44,44099,47.62,-1.38,1,1,1,1,1,3,2,02,1,1,0,56,1,0,1,3,1,61,5,3,0,0,2,6,13,200700039644B02,7,17,1,200072726
200700039662,2007-07-18,2007,juillet,mercredi,19:00,44,44154,0,0,2,3,1,1,1,4,2,02,1,1,0,60,1,0,1,3,1,16,3,3,0,0,2,1,15,200700039662A01,7,1,1,244400586
200700039674,2007-07-04,2007,juillet,mercredi,11:15,44,44194,47.264,-1.654,2,6,3,1,1,9,2,02,1,-1,0,40,1,5,1,3,1,62,5,1,2,0,2,7,15,200700039674B02,7,9,1,244400404
200700039708,2007-07-19,2007,juillet,jeudi,16:00,53,53236,0,0,1,1,3,1,1,3,3,02,2,3,0,66,1,0,1,2,2,17,5,2,9,0,2,4,0,200700039708B02,7,0,1,200042182
200700039722,2007-07-17,2007,juillet,mardi,09:15,72,72154,0,0,2,3,1,1,1,3,2,02,-1,-1,0,90,1,0,1,3,2,78,3,3,0,0,2,2,15,200700039722B02,7,1,1,247200348
200700039732,2007-07-19,2007,juillet,jeudi,11:00,72,72264,47.845,-0.33,2,1,1,1,1,9,2,02,1,3,0,60,1,0,1,4,2,82,5,3,0,0,2,3,2,200700039732B02,7,2,1,247200090
200700039809,2007-07-07,2007,juillet,samedi,17:30,24,24108,45.222,0.598,1,1,7,1,1,3,2,00,1,1,0,71,9,0,1,3,1,44,5,2,2,0,6,1,0,200700039809A01,,,,200040392
200700039840,2007-07-29,2007,juillet,dimanche,08:00,40,40277,43.667,-1.039,1,1,2,1,8,3,2,02,1,1,0,63,1,0,1,3,1,54,5,1,2,0,0,4,1,200700039840B02,7,1,1,244000675
200700039872,2007-07-17,2007,juillet,mardi,10:45,47,47225,44.181,0.563,2,1,2,1,1,3,2,02,1,1,30,55,1,0,1,3,1,73,5,3,0,0,2,3,1,200700039872B02,17,17,1,200096956
200700039892,2007-07-17,2007,juillet,mardi,15:30,64,64370,0,0,2,3,3,1,1,3,2,02,-1,1,0,60,1,5,1,3,1,12,5,3,0,0,2,8,19,200700039892B02,7,1,1,200067296
200700039893,2007-07-17,2007,juillet,mardi,16:00,64,64518,43.312,-0.274,1,9,3,1,1,3,2,02,1,1,0,70,1,0,1,3,1,14,5,3,0,0,2,4,15,200700039893B02,7,1,1,200067254
200700039893,2007-07-17,2007,juillet,mardi,16:00,64,64518,43.312,-0.274,1,9,3,1,1,3,2,02,1,1,0,70,1,0,1,3,1,8,0,3,0,0,2,4,15,200700039893B02,7,1,1,200067254
200700039900,2007-07-22,2007,juillet,dimanche,12:30,64,64204,42.968,-0.35,1,1,1,1,1,3,2,02,1,4,0,54,1,0,1,3,1,45,5,1,2,0,0,1,2,200700039900B02,33,2,1,246400337
200700039903,2007-07-05,2007,juillet,jeudi,09:45,64,64499,0,0,1,2,3,1,1,3,2,02,1,1,0,72,1,0,1,3,1,71,5,3,0,0,2,1,0,200700039903B02,7,19,1,200067288
200700039922,2007-07-17,2007,juillet,mardi,08:15,16,16192,0,0,2,3,1,1,1,3,2,02,1,3,0,0,1,0,1,3,2,85,9,3,0,0,2,2,15,200700039922A01,7,1,1,200072049
200700039937,2007-07-08,2007,juillet,dimanche,21:00,17,17466,46.18,-0.92,1,1,2,1,1,3,2,00,1,4,0,50,1,0,1,3,1,61,5,3,0,0,2,4,2,200700039937A01,7,2,1,241700434
200700039947,2007-07-10,2007,juillet,mardi,13:45,17,17337,45.994,-1.343,1,9,3,1,1,3,2,02,-1,1,0,35,1,0,1,4,1,9,5,2,3,0,0,8,15,200700039947B02,7,1,1,241700624
200700039948,2007-07-16,2007,juillet,lundi,17:00,17,17323,0,0,1,9,5,1,1,3,2,02,1,1,0,40,1,0,5,2,2,63,5,3,0,0,0,1,23,200700039948C03,10,2 / 1,2,241700624
200700039958,2007-07-25,2007,juillet,mercredi,17:15,17,17164,0,0,1,1,1,1,1,3,2,00,1,1,0,49,1,0,1,3,1,13,5,3,0,0,2,8,19,200700039958B02,7,1,1,200036473
200700039961,2007-07-16,2007,juillet,lundi,15:30,17,17230,0,0,2,1,3,1,1,3,2,02,1,1,0,60,1,0,1,3,1,18,5,3,0,0,2,8,19,200700039961B02,7,11,1,241700640
200700039963,2007-07-28,2007,juillet,samedi,09:30,17,17437,0,0,1,1,3,1,1,3,2,02,1,1,0,56,1,0,1,3,2,13,5,2,2,0,2,8,15,200700039963A01,10,1,1,241700640
200700039996,2007-07-15,2007,juillet,dimanche,21:45,19,19073,0,0,2,9,7,2,1,3,3,02,2,1,0,0,1,0,1,3,1,26,5,3,0,0,0,0,0,200700039996A01,,,,241900133
200700040040,2007-07-30,2007,juillet,lundi,15:30,31,31188,0,0,1,1,1,1,1,3,-1,00,1,1,0,0,1,0,1,3,1,64,5,3,0,0,2,0,9,200700040040B02,7,1,1,243100781
200700040094,2007-07-31,2007,juillet,mardi,19:15,46,46177,44.881,1.828,1,1,1,1,7,3,2,02,1,1,0,70,1,5,1,3,2,53,0,3,0,0,0,3,1,200700040094B02,7,15,1,200066371
200700040111,2007-07-05,2007,juillet,jeudi,12:00,65,65127,43.108,0.34,1,1,3,1,1,3,2,02,1,1,0,66,1,0,1,3,1,74,5,3,0,0,0,4,2,200700040111B02,7,17,1,200070787
200700040126,2007-07-31,2007,juillet,mardi,09:00,81,81120,43.541,2.263,2,1,1,1,1,3,2,02,1,1,0,53,1,0,1,3,1,30,5,1,2,0,2,1,1,200700040126B02,14,16,1,248100430
200700040134,2007-07-25,2007,juillet,mercredi,12:45,82,82155,44.157,1.752,2,1,7,1,1,3,2,02,2,1,0,60,1,0,4,3,2,63,5,1,2,12,0,1,18,200700040134A01,,,,248200107
200700040157,2007-07-25,2007,juillet,mercredi,12:30,69,69074,0,0,1,1,3,1,1,3,2,00,2,1,0,65,1,0,1,3,1,58,5,1,2,0,2,8,13,200700040157B02,7,17,1,200040590
200700040201,2007-07-04,2007,juillet,mercredi,13:30,07,07090,0,0,2,1,6,1,1,3,2,02,1,1,77,0,1,0,1,3,2,46,5,3,0,0,1,1,1,200700040201A01,,,,200071413
200700040203,2007-07-24,2007,juillet,mardi,16:30,07,07261,0,0,1,1,7,1,1,4,2,00,-1,-1,0,0,-1,0,0,2,2,16,5,3,0,0,0,3,0,200700040203A01,,,,200071413
200700040204,2007-07-21,2007,juillet,samedi,10:45,07,07199,0,0,1,1,3,1,1,3,2,02,1,3,0,54,1,0,1,3,1,19,5,1,2,0,2,8,1,200700040204B02,7,14,1,240700302
200700040257,2007-07-23,2007,juillet,lundi,14:15,38,38562,0,0,1,1,1,1,1,4,2,02,1,1,0,30,1,0,1,4,1,12,5,3,0,0,2,1,1,200700040257A01,2,1,1,200040715
200700040268,2007-07-17,2007,juillet,mardi,10:45,38,38517,0,0,2,1,2,1,1,3,2,02,1,1,0,65,1,0,1,2,1,38,5,1,2,0,2,1,1,200700040268B02,7,16,1,243800984
200700040297,2007-07-27,2007,juillet,vendredi,19:15,42,42009,0,0,2,2,3,1,1,3,2,02,1,1,0,56,1,0,1,3,2,14,5,3,0,0,2,1,1,200700040297A01,7,1,1,200065886
200700040318,2007-07-31,2007,juillet,mardi,15:45,73,73218,45.853,5.806,1,1,2,1,1,3,2,02,1,1,0,70,1,0,1,3,1,55,5,3,0,0,2,4,1,200700040318B02,7,1,1,200068674
200700040326,2007-07-14,2007,juillet,samedi,08:30,73,73034,45.737,6.549,1,1,1,1,7,3,2,02,2,4,0,66,1,0,1,2,1,52,5,2,2,0,2,4,2,200700040326B02,7,2,1,200068997
200700040327,2007-07-30,2007,juillet,lundi,18:00,73,73054,0,0,1,1,1,1,1,3,2,02,1,3,0,58,1,0,1,3,1,37,5,2,2,0,0,8,11,200700040327A01,7,11,1,247300254
200700040333,2007-07-16,2007,juillet,lundi,11:30,73,73306,0,0,1,1,1,1,1,3,2,02,2,1,0,70,1,0,1,4,1,49,5,1,2,0,2,1,1,200700040333B02,7,19,1,247300452
200700040338,2007-07-29,2007,juillet,dimanche,11:30,74,74242,0,0,1,1,1,1,1,9,2,02,1,1,0,30,1,0,5,4,2,46,5,1,2,0,2,1,1,200700040338A01,1,13,1,200066793
200700040338,2007-07-29,2007,juillet,dimanche,11:30,74,74242,0,0,1,1,1,1,1,9,2,02,1,1,0,30,1,0,5,3,1,56,5,1,2,0,2,1,13,200700040338B02,1,1,1,200066793
200700040342,2007-07-13,2007,juillet,vendredi,11:00,74,74302,45.924,6.39,1,1,1,1,1,3,2,02,2,3,0,0,1,0,1,3,1,61,5,3,0,0,0,7,1,200700040342B02,7,17,1,247400617
200700040343,2007-07-16,2007,juillet,lundi,08:45,74,74302,0,0,1,1,6,1,1,3,2,02,2,1,0,60,1,0,1,3,1,49,5,3,0,0,5,1,1,200700040343A01,,,,247400617
200700040346,2007-07-20,2007,juillet,vendredi,08:30,74,74920,0,0,1,1,5,1,1,3,2,02,2,4,0,62,1,0,1,4,1,43,5,1,2,0,2,1,1,200700040346B02,7,17,1,
200700040346,2007-07-20,2007,juillet,vendredi,08:30,74,74920,0,0,1,1,5,1,1,3,2,02,2,4,0,62,1,0,1,3,1,32,5,1,2,0,2,1,1,200700040346C03,7,17,1,
200700040465,2007-07-01,2007,juillet,dimanche,06:30,57,57392,49.041,6.368,2,1,3,2,1,3,2,00,2,1,0,59,1,0,1,3,1,51,1,1,2,0,2,1,0,200700040465B02,10,0,1,200039907
200700040534,2007-07-18,2007,juillet,mercredi,16:45,88,88158,48.099,6.614,2,1,1,1,1,3,2,02,2,2,0,30,1,0,1,3,1,23,5,1,2,0,0,1,1,200700040534B02,15,1,1,200068377
200700040535,2007-07-07,2007,juillet,samedi,11:30,88,88075,0,0,2,1,1,1,1,3,2,02,2,1,0,80,1,0,1,3,1,34,5,2,2,0,2,1,17,200700040535B02,7,15,1,200096634
200700040557,2007-07-15,2007,juillet,dimanche,11:15,67,67067,48.718,7.684,1,1,1,1,1,3,2,01,4,1,0,60,1,5,1,3,1,51,5,3,0,0,2,6,15,200700040557B02,33,17,1,200067874
200700040562,2007-07-25,2007,juillet,mercredi,07:00,67,67001,0,0,1,1,2,1,1,9,1,00,1,1,0,0,1,0,5,3,2,77,1,1,2,0,0,4,1,200700040562A01,1,1,1,246700488
200700040562,2007-07-25,2007,juillet,mercredi,07:00,67,67001,0,0,1,1,2,1,1,9,1,00,1,1,0,0,1,0,5,1,1,42,5,1,2,0,2,1,1,200700040562B02,1,1,1,246700488
200700040566,2007-07-30,2007,juillet,lundi,16:45,67,67073,0,0,2,1,3,1,1,3,2,00,1,1,0,0,1,0,1,4,1,62,5,3,0,1,0,0,1,200700040566A01,7,22,1,246700967
200700040599,2007-07-07,2007,juillet,samedi,17:15,68,68040,47.837,7.079,2,1,1,1,1,2,3,00,1,1,18,42,1,0,5,4,1,29,5,2,2,0,2,2,1,200700040599B02,7,23,1,200036465
200700040624,2007-07-16,2007,juillet,lundi,08:30,51,51649,0,0,2,1,3,1,1,9,1,00,-1,1,0,0,1,0,1,3,2,46,9,3,0,0,2,1,19,200700040624B02,7,1,1,200034718
200700040626,2007-07-25,2007,juillet,mercredi,15:00,51,51016,48.624,4.72,1,1,2,1,1,3,2,02,1,1,50,58,1,0,1,3,2,55,5,3,0,0,2,4,2,200700040626B02,10,2,1,200042992
200700040629,2007-07-10,2007,juillet,mardi,15:15,08,08037,0,0,1,1,2,1,1,3,-1,00,2,1,0,69,1,0,1,3,1,55,5,3,0,0,2,4,1,200700040629B02,7,1,1,200041622
200700040636,2007-07-23,2007,juillet,lundi,08:30,10,10006,48.54,4.149,2,1,3,1,2,3,2,00,1,1,0,68,2,0,5,3,1,68,5,3,0,0,2,1,1,200700040636B02,7,15,1,200071777
200700040678,2007-07-13,2007,juillet,vendredi,14:30,21,21360,47.087,4.671,1,1,3,1,1,3,2,00,2,2,0,51,1,0,1,3,1,16,5,3,0,0,2,8,19,200700040678A01,33,1,1,200071207
200700040685,2007-07-02,2007,juillet,lundi,17:30,21,21577,0,0,1,1,1,1,1,3,2,02,-1,1,0,72,1,5,1,3,1,77,5,3,0,0,2,3,15,200700040685A01,7,1,1,242101509
200700040688,2007-07-13,2007,juillet,vendredi,15:30,21,21259,47.604,4.409,1,1,2,1,1,3,2,02,1,1,0,73,1,0,1,3,1,80,5,3,0,1,0,1,2,200700040688A01,14,24,1,242101491
200700040693,2007-07-22,2007,juillet,dimanche,09:45,21,21505,47.41,4.333,1,1,1,1,1,3,2,00,1,1,0,67,1,0,1,3,1,49,5,1,2,0,2,7,19,200700040693B02,7,0,1,200071017
200700040702,2007-07-03,2007,juillet,mardi,10:00,58,58079,0,0,2,7,1,1,1,9,1,00,1,-1,0,50,1,0,4,3,1,87,0,3,0,0,0,8,0,200700040702B02,7,5,1,200067429
200700040722,2007-07-18,2007,juillet,mercredi,18:45,71,71442,0,0,1,3,3,1,1,3,2,02,1,1,0,42,1,0,1,4,1,15,5,3,0,0,2,1,19,200700040722B02,7,1,1,247100589
200700040738,2007-07-26,2007,juillet,jeudi,15:45,71,71213,0,0,2,1,3,1,1,4,2,02,1,1,0,50,1,0,1,3,1,19,5,3,0,0,2,8,19,200700040738A01,7,1,1,200071538
200700040758,2007-07-19,2007,juillet,jeudi,07:15,89,89434,0,0,2,1,2,1,1,3,2,02,-1,3,0,0,1,0,1,3,1,40,3,3,0,0,2,5,16,200700040758B02,33,1,1,248900664
200700040763,2007-07-19,2007,juillet,jeudi,10:15,89,89370,48.183,3.095,2,1,1,1,1,4,2,02,1,1,0,50,1,0,1,4,1,68,5,3,0,0,2,7,14,200700040763A01,7,1,1,248900748
200700040800,2007-07-25,2007,juillet,mercredi,11:30,70,70516,0,0,1,1,3,1,1,3,2,02,2,1,0,76,1,0,1,2,1,41,5,2,2,0,2,7,19,200700040800A01,17,1,1,200041861
200700040866,2007-07-27,2007,juillet,vendredi,11:00,04,04019,44.395,6.674,1,1,3,1,1,3,2,02,1,1,0,63,1,5,1,4,2,45,5,2,2,0,2,8,1,200700040866B02,7,15,1,200072304
200700040867,2007-07-22,2007,juillet,dimanche,12:15,04,04096,44.412,6.755,1,1,2,1,1,4,2,02,2,1,0,72,1,0,1,3,1,49,5,1,2,0,2,0,1,200700040867B02,10,23,1,200072304
200700040875,2007-07-14,2007,juillet,samedi,12:00,04,04229,0,0,1,1,1,1,1,3,2,02,2,2,47,0,1,0,1,4,1,23,5,1,2,0,0,1,13,200700040875B02,7,1,1,200071033
200700040914,2007-07-31,2007,juillet,mardi,12:30,06,06047,43.848,7.047,2,1,6,1,1,4,2,02,2,1,0,61,1,0,1,2,2,18,5,3,0,6,0,1,1,200700040914A01,,,,240600585
200700040917,2007-07-24,2007,juillet,mardi,10:30,06,06120,44.239,6.94,1,1,6,1,1,3,2,00,2,3,60,0,1,0,3,3,1,41,0,3,0,0,0,0,0,200700040917A01,,,,200030195
200700040961,2007-07-06,2007,juillet,vendredi,10:00,84,84054,43.921,5.047,2,9,1,1,1,3,2,02,1,1,0,0,1,0,1,3,2,60,5,3,0,0,0,8,1,200700040961B02,7,10,1,248400319
200700040965,2007-07-08,2007,juillet,dimanche,17:30,84,84118,43.928,5.316,1,3,3,1,1,4,2,02,1,1,0,50,1,0,1,3,2,12,0,1,2,0,2,1,15,200700040965B02,7,1,1,200040624
200700040975,2007-07-08,2007,juillet,dimanche,10:15,84,84088,44.01,5.037,2,9,5,1,1,4,2,00,1,1,0,54,1,0,1,2,2,58,5,2,2,0,2,1,15,200700040975B02,7,1,1,248400293
200700040975,2007-07-08,2007,juillet,dimanche,10:15,84,84088,44.01,5.037,2,9,5,1,1,4,2,00,1,1,0,54,1,0,1,1,1,64,5,2,2,0,2,1,15,200700040975C03,7,1,1,248400293
200700040994,2007-07-28,2007,juillet,samedi,10:30,34,34145,0,0,2,4,3,1,1,9,1,00,-1,1,0,60,1,0,1,4,1,51,9,3,0,0,2,7,19,200700040994B02,7,1,1,243400520
200700041001,2007-07-21,2007,juillet,samedi,13:45,34,34144,0,0,1,1,6,1,1,3,2,00,2,3,0,65,1,0,1,3,2,23,5,1,2,0,0,0,0,200700041001B02,7,1,1,200042646
200700041018,2007-07-11,2007,juillet,mercredi,18:45,34,34114,43.657,3.554,2,6,1,1,1,3,2,02,1,-1,0,0,1,5,1,4,1,56,5,3,0,0,0,8,1,200700041018B02,10,15,1,243400694
200700041025,2007-07-10,2007,juillet,mardi,19:00,34,34039,43.453,3.656,2,1,3,1,1,4,2,02,1,1,61,0,1,5,1,3,1,10,5,3,0,0,2,1,6,200700041025B02,7,1,1,200066355
200700041038,2007-07-22,2007,juillet,dimanche,16:45,11,11038,42.779,2.135,1,1,1,1,1,3,2,02,2,2,0,0,1,0,1,3,1,36,5,1,2,0,2,1,17,200700041038A01,33,1,1,200043776
200700041089,2007-07-07,2007,juillet,samedi,21:00,48,48040,44.546,3.837,1,1,1,1,1,4,2,02,2,2,0,32,1,0,1,3,1,15,0,3,0,0,2,1,13,200700041089B02,7,1,1,
200700041090,2007-07-02,2007,juillet,lundi,16:45,48,48198,44.43,3.94,1,1,7,1,1,3,2,00,2,3,0,0,1,0,1,3,1,14,5,1,2,13,0,7,0,200700041090A01,,,,200069128
200700041091,2007-07-14,2007,juillet,samedi,10:30,48,48119,44.505,3.918,1,1,6,1,1,3,2,00,2,2,0,65,1,0,3,4,1,71,5,1,2,3,0,1,1,200700041091A01,,,,200069128
200700041103,2007-07-25,2007,juillet,mercredi,19:00,66,66180,0,0,2,1,2,1,1,4,2,02,1,1,0,60,1,0,1,4,1,30,5,3,0,0,2,4,1,200700041103B02,30,1,1,200027183
200700041113,2007-07-04,2007,juillet,mercredi,21:30,66,66166,42.535,2.363,2,1,1,2,1,3,2,02,2,3,0,70,1,0,1,3,1,15,5,3,0,0,2,1,5,200700041113A01,31,0,1,200049211
200700041119,2007-07-23,2007,juillet,lundi,11:00,66,66124,0,0,1,1,3,1,1,3,2,00,2,4,0,0,1,0,1,4,1,29,5,3,0,0,2,3,2,200700041119A01,7,19,1,246600464
200700041161,2007-07-21,2007,juillet,samedi,19:15,78,78290,0,0,2,1,3,1,1,4,2,02,1,-1,0,0,1,0,1,3,1,12,5,3,0,0,2,1,16,200700041161B02,7,1,1,200059889
200700041166,2007-07-15,2007,juillet,dimanche,11:00,78,78160,0,0,2,1,1,1,1,3,2,02,-1,1,0,0,1,0,1,4,1,35,5,3,0,0,0,4,2,200700041166B02,7,1,1,200033173
200700041187,2007-07-11,2007,juillet,mercredi,20:15,91,91635,48.737,2.201,2,3,1,2,1,4,2,02,2,1,0,67,1,5,1,3,1,40,5,2,2,0,0,8,15,200700041187B02,7,1,1,200056232
200700041198,2007-07-27,2007,juillet,vendredi,14:30,95,95351,49.053,2.496,2,1,1,1,1,9,-1,00,2,-1,0,0,1,0,4,2,2,6,5,3,0,0,2,1,1,200700041198B02,14,0,1,200055655
200700041204,2007-07-19,2007,juillet,jeudi,17:40,77,77534,0,0,1,1,2,1,1,3,2,00,-1,-1,0,0,-1,0,0,4,1,76,5,3,0,0,0,4,1,200700041204A01,7,2,1,200070779
200700041214,2007-07-31,2007,juillet,mardi,14:30,77,77261,48.244,2.903,2,1,3,1,1,3,2,02,-1,1,0,60,1,0,1,3,1,33,5,3,0,0,0,8,0,200700041214A01,10,0,1,200023919
200700041240,2007-07-11,2007,juillet,mercredi,09:00,45,45164,0,0,1,1,2,1,1,3,2,00,1,1,0,60,1,0,3,4,1,59,5,1,2,0,0,5,2,200700041240A01,2,2,1,200070100
200700041251,2007-07-19,2007,juillet,jeudi,11:00,18,18197,46.729,2.507,2,1,6,1,1,9,2,00,1,1,0,110,1,5,1,3,1,71,5,3,0,0,2,1,15,200700041251A01,,,,200036135
200700041253,2007-07-29,2007,juillet,dimanche,19:00,18,18057,0,0,2,2,1,1,1,4,2,00,-1,1,0,53,1,0,1,4,1,12,5,3,0,0,2,8,15,200700041253B02,7,1,1,200049484
200700041262,2007-07-07,2007,juillet,samedi,15:30,28,28035,0,0,1,2,3,1,1,2,2,02,1,1,0,70,1,0,1,2,1,81,5,3,0,0,2,1,19,200700041262A01,7,1,1,200033181
200700041269,2007-07-19,2007,juillet,jeudi,18:45,28,28198,48.078,1.374,2,1,3,1,1,4,2,02,1,1,0,54,1,0,1,3,1,13,5,3,0,0,2,3,19,200700041269A01,7,1,1,200069961
200700041329,2007-07-29,2007,juillet,dimanche,11:15,34,34202,43.582,3.757,1,1,1,1,1,4,-1,01,-1,1,0,0,-1,0,1,4,1,77,5,3,0,0,2,1,1,200700041329B02,10,1,1,243400017
200700041397,2007-07-12,2007,juillet,jeudi,12:30,73,73304,45.423,7.03,1,1,7,1,1,3,2,02,1,1,0,0,1,0,1,3,1,22,4,2,2,0,2,7,17,200700041397A01,,,,247300254
200700041480,2007-07-27,2007,juillet,vendredi,10:45,06,06152,43.648,7.014,1,1,3,1,1,3,2,00,1,-1,0,100,1,5,1,3,1,56,5,1,2,0,2,7,23,200700041480B02,14,15,1,240600585
200700041560,2007-07-14,2007,juillet,samedi,08:45,78,78143,0,0,2,1,1,1,1,3,2,02,4,4,0,67,1,0,1,2,1,36,5,1,2,0,0,1,13,200700041560B02,37,1,1,247800584
200700041577,2007-07-30,2007,juillet,lundi,17:15,76,76496,0,0,1,1,1,1,1,3,2,02,1,2,0,0,1,5,1,3,1,86,0,3,0,0,2,2,1,200700041577B02,7,15,1,
200700041588,2007-07-11,2007,juillet,mercredi,16:50,34,34169,0,0,1,6,3,1,1,3,1,00,1,2,0,71,1,0,1,3,1,45,5,3,0,0,2,1,1,200700041588B02,7,9,1,243400017
200700041610,2007-07-14,2007,juillet,samedi,12:45,01,01053,0,0,2,1,6,1,1,4,2,02,2,1,0,0,1,0,1,3,2,37,5,2,2,0,2,8,2,200700041610B01,7,17,1,200071751
200700041622,2007-07-14,2007,juillet,samedi,14:10,02,02258,0,0,2,1,3,1,1,4,-1,01,1,1,0,70,1,0,1,3,1,15,5,3,9,0,0,8,13,200700041622A01,30,2,1,200071991
200700041635,2007-07-20,2007,juillet,vendredi,18:40,03,03023,0,0,2,6,3,1,1,2,1,01,1,2,0,40,1,5,0,4,2,35,5,2,9,0,2,7,19,200700041635B01,7,1,1,200071363
200700041642,2007-07-20,2007,juillet,vendredi,19:10,05,05023,0,0,1,1,1,1,1,3,2,02,2,4,0,30,1,0,1,4,1,14,5,1,2,0,2,1,13,200700041642A01,10,1,1,240500439
200700041650,2007-07-04,2007,juillet,mercredi,14:25,06,06004,0,0,2,3,3,1,1,3,3,04,1,1,26,120,1,5,1,3,1,70,5,1,2,0,2,1,1,200700041650A01,7,1,1,240600585
200700041671,2007-07-17,2007,juillet,mardi,11:40,06,06123,0,0,2,1,2,1,1,2,3,07,1,1,0,0,1,0,1,4,1,63,0,3,2,0,2,4,2,200700041671B01,33,2,1,200030195
200700041696,2007-07-13,2007,juillet,vendredi,00:32,06,06029,0,0,1,1,5,5,1,2,2,02,1,1,10,88,1,0,1,4,1,55,5,3,9,0,2,4,1,200700041696B01,36,18 / 2,2,200039915
200700041745,2007-07-07,2007,juillet,samedi,13:45,06,06069,0,0,2,1,7,1,1,3,2,02,-1,-1,0,0,-1,0,1,4,1,51,0,3,9,0,0,0,0,200700041745A01,,,,200039857