Num_Acc,date,an,mois,jour,hrmn,dep,com,lat,long,agg,int,col,lum,atm,catr,circ,nbv,prof,plan,lartpc,larrout,surf,infra,situ,grav,sexe,age,trajet,secuexist,equipement,obs,obsm,choc,manv,vehiculeid,typevehicules,manoeuvehicules,numVehicules,_infos_commune.code_epci
200700043224,2007-07-14,2007,juillet,samedi,11:45,45,45232,0,0,2,1,3,1,1,4,3,05,1,1,14,164,1,0,1,3,1,48,0,2,2,0,2,0,19,200700043224A01,7,1,1,244500468
200700043256,2007-07-04,2007,juillet,mercredi,16:11,49,49007,0,0,2,1,7,1,1,6,2,01,1,1,0,60,1,0,1,4,1,70,5,3,9,12,0,0,1,200700043256A01,,,,244900015
200700043271,2007-07-17,2007,juillet,mardi,17:20,49,49007,0,0,2,1,6,1,1,4,1,01,1,1,0,29,1,0,1,4,1,35,0,3,9,15,0,1,15,200700043271A01,,,,244900015
200700043277,2007-07-22,2007,juillet,dimanche,08:59,49,49007,0,0,2,1,7,1,1,4,-1,02,1,1,0,20,1,0,0,4,2,46,5,3,9,0,0,0,1,200700043277A01,,,,244900015
200700043282,2007-07-26,2007,juillet,jeudi,15:58,49,49007,0,0,2,2,6,1,1,4,1,01,1,1,0,35,1,0,1,3,1,29,5,3,9,0,2,1,1,200700043282A01,7,1,1,244900015
200700043287,2007-07-29,2007,juillet,dimanche,19:45,49,49007,0,0,2,1,6,1,1,4,-1,02,-1,-1,0,70,-1,0,1,4,2,7,0,3,9,0,2,0,19,200700043287A01,7,1,1,244900015
200700043298,2007-07-12,2007,juillet,jeudi,17:50,49,49328,0,0,1,1,3,1,1,4,2,02,1,-1,0,35,1,0,1,3,1,15,5,2,9,0,2,8,0,200700043298B01,7,17,1,200071876
200700043307,2007-07-16,2007,juillet,lundi,17:10,50,50129,0,0,2,2,3,1,1,3,2,02,1,1,0,60,1,5,1,4,2,54,5,2,2,0,2,8,15,200700043307A01,7,1,1,200067205
200700043326,2007-07-14,2007,juillet,samedi,19:50,51,51454,0,0,2,1,3,1,1,4,2,04,2,1,0,160,1,0,1,3,1,49,5,3,2,0,2,1,1,200700043326B01,7,9,1,200067213
200700043363,2007-07-16,2007,juillet,lundi,10:40,54,54197,0,0,1,1,2,1,1,4,2,01,1,-1,0,20,1,0,0,4,1,56,5,3,9,0,2,1,2,200700043363A01,10,23,1,245400676
200700043369,2007-07-25,2007,juillet,mercredi,08:25,54,54304,0,0,2,1,3,1,1,4,2,02,4,1,0,0,1,0,5,4,2,54,1,1,2,0,2,1,1,200700043369B01,7,9,1,245400676
200700043398,2007-07-04,2007,juillet,mercredi,18:15,56,56121,0,0,2,1,7,1,1,9,2,02,1,1,0,0,1,0,1,4,1,82,0,3,9,1,0,1,1,200700043398B01,7,22,1,200042174
200700043407,2007-07-06,2007,juillet,vendredi,14:54,56,56162,0,0,1,1,7,1,1,4,-1,00,-1,-1,0,0,-1,0,0,4,1,15,0,1,2,0,0,0,0,200700043407A01,,,,200042174
200700043410,2007-07-13,2007,juillet,vendredi,18:08,56,56162,0,0,2,1,7,1,1,9,2,02,1,1,0,0,1,0,1,4,1,15,0,3,9,0,0,0,1,200700043410A01,,,,200042174
200700043412,2007-07-15,2007,juillet,dimanche,15:56,56,56162,0,0,2,1,7,1,1,9,2,02,1,1,0,0,1,0,4,4,1,16,5,3,9,9,0,1,1,200700043412A01,,,,200042174
200700043421,2007-07-10,2007,juillet,mardi,18:45,56,56260,0,0,2,1,1,1,1,4,2,02,1,1,0,68,1,0,1,4,1,31,5,2,9,0,2,8,13,200700043421A01,7,1,1,200067932
200700043429,2007-07-30,2007,juillet,lundi,05:42,57,57227,0,0,1,1,2,3,1,3,2,02,1,1,0,68,2,0,1,4,1,29,1,2,2,0,2,4,2,200700043429B01,7,2,1,245700372
200700043435,2007-07-01,2007,juillet,dimanche,13:10,57,57463,0,0,2,1,3,1,1,4,2,02,1,1,0,43,1,0,1,4,1,7,0,2,2,0,2,1,19,200700043435A01,7,1,1,200039865
200700043444,2007-07-13,2007,juillet,vendredi,22:30,57,57480,0,0,2,1,6,5,1,4,2,02,1,1,0,95,1,0,1,4,1,53,5,3,2,0,2,1,1,200700043444B01,7,5,1,200039865
200700043457,2007-07-02,2007,juillet,lundi,15:15,57,57221,0,0,2,1,3,1,1,4,2,02,1,1,0,70,1,0,1,4,1,32,5,3,9,0,2,1,1,200700043457B01,7,15,1,245701222
200700043469,2007-07-18,2007,juillet,mercredi,15:10,57,57012,0,0,2,2,6,1,1,4,2,02,2,1,0,46,1,0,1,4,1,16,5,3,9,0,2,1,1,200700043469B01,7,16,1,245701222
200700043493,2007-07-12,2007,juillet,jeudi,16:10,59,59017,0,0,2,1,6,1,1,9,2,02,1,1,0,60,1,0,1,3,2,51,5,3,9,1,0,8,1,200700043493B01,7,22,1,200093201
200700043502,2007-07-16,2007,juillet,lundi,17:45,59,59616,0,0,2,2,3,1,3,4,2,00,1,1,0,62,2,0,1,4,2,24,5,2,9,0,2,1,1,200700043502A01,7,1,1,245901160
200700043511,2007-07-09,2007,juillet,lundi,00:01,59,59183,0,0,2,1,2,5,1,4,2,03,1,1,0,109,1,0,1,4,1,20,1,3,2,0,2,4,1,200700043511B01,7,1,1,245900428
200700043513,2007-07-16,2007,juillet,lundi,17:45,59,59271,0,0,2,1,2,1,3,4,2,02,1,2,0,57,2,0,1,3,1,9,5,3,2,0,2,0,19,200700043513B01,7,1,1,245900428
200700043520,2007-07-10,2007,juillet,mardi,17:10,59,59249,0,0,1,1,2,1,1,3,2,02,1,1,0,70,1,0,1,4,1,16,5,3,4,0,2,4,1,200700043520A01,7,2,1,200043404
200700043527,2007-07-03,2007,juillet,mardi,20:00,59,59350,0,0,2,3,6,1,1,4,2,02,1,1,0,0,1,0,1,4,1,35,0,3,2,0,2,1,15,200700043527B01,7,2,1,200093201
200700043530,2007-07-04,2007,juillet,mercredi,16:45,59,59360,0,0,2,1,3,1,1,4,2,02,1,1,30,60,1,0,1,4,1,13,5,1,9,0,2,1,19,200700043530A01,7,1,1,200093201
200700043532,2007-07-05,2007,juillet,jeudi,09:50,59,59350,0,0,2,2,3,1,1,4,2,02,1,1,0,109,1,5,1,4,1,18,9,3,2,0,9,1,1,200700043532B01,15,16,1,200093201
200700043540,2007-07-08,2007,juillet,dimanche,12:58,59,59350,0,0,2,1,6,1,1,4,2,02,1,1,0,70,1,0,1,3,1,8,0,1,9,0,2,1,19,200700043540B01,33,0,1,200093201
200700043552,2007-07-17,2007,juillet,mardi,07:40,59,59328,0,0,2,1,6,1,1,4,2,02,1,1,0,70,1,0,1,4,2,50,1,3,2,0,2,1,1,200700043552B01,7,24,1,200093201
200700043579,2007-07-11,2007,juillet,mercredi,08:20,59,59512,0,0,1,2,3,1,1,4,2,02,1,1,0,0,1,0,1,3,2,53,9,3,2,0,2,0,2,200700043579B01,7,16,1,200093201
200700043583,2007-07-04,2007,juillet,mercredi,14:45,59,59512,0,0,2,1,6,1,1,4,2,02,1,1,0,0,1,0,1,3,1,19,9,3,4,0,2,0,17,200700043583A01,,,,200093201
200700043609,2007-07-03,2007,juillet,mardi,18:00,59,59599,0,0,2,2,3,1,8,4,2,02,1,1,0,80,1,0,1,1,1,17,0,2,9,0,2,2,1,200700043609B01,30,1,1,200093201
200700043610,2007-07-07,2007,juillet,samedi,05:00,59,59352,0,0,2,1,6,3,1,4,-1,00,1,1,0,70,1,0,1,3,1,25,1,3,0,0,0,4,2,200700043610A01,,,,200093201
200700043654,2007-07-05,2007,juillet,jeudi,18:13,62,62065,0,0,2,1,6,1,1,4,3,01,2,1,40,60,1,2,1,3,1,12,5,2,9,0,2,8,19,200700043654B01,7,1,1,246200364
200700043671,2007-07-13,2007,juillet,vendredi,20:00,62,62193,0,0,2,6,6,1,1,4,1,02,1,2,0,75,1,0,1,4,1,29,9,3,9,0,2,8,2,200700043671B01,10,2,1,200090751
200700043678,2007-07-14,2007,juillet,samedi,16:00,62,62250,0,0,2,1,3,1,1,4,2,02,1,-1,0,51,1,0,1,4,1,14,5,3,9,0,2,1,19,200700043678A01,7,1,1,246200299
200700043700,2007-07-29,2007,juillet,dimanche,19:45,62,62563,0,0,2,9,3,2,1,4,1,02,1,1,0,70,2,0,0,3,1,37,5,3,9,0,2,8,19,200700043700B01,7,1,1,246200364
200700043715,2007-07-09,2007,juillet,lundi,13:10,63,63113,0,0,2,1,3,1,1,4,2,02,1,1,0,80,1,5,1,4,1,46,1,2,2,0,0,8,19,200700043715A01,7,1,1,246300701
200700043731,2007-07-24,2007,juillet,mardi,11:45,63,63113,0,0,2,1,6,5,1,4,2,02,1,1,0,0,1,0,1,4,1,65,5,3,2,0,2,7,1,200700043731B01,7,1,1,246300701
200700043743,2007-07-31,2007,juillet,mardi,07:30,63,63113,0,0,2,1,6,1,1,4,2,02,1,1,0,0,1,0,1,4,1,20,1,3,9,0,2,1,15,200700043743B01,7,17,1,246300701
200700043745,2007-07-12,2007,juillet,jeudi,13:40,63,63124,0,0,2,1,1,1,1,5,2,00,1,4,0,0,1,0,1,4,1,13,5,3,9,0,0,1,1,200700043745B01,7,13,1,246300701
200700043750,2007-07-31,2007,juillet,mardi,07:15,63,63164,0,0,2,1,3,1,1,4,2,02,2,1,0,68,1,0,1,4,1,18,1,3,9,0,2,1,9,200700043750A01,7,1,1,246300701
200700043765,2007-07-27,2007,juillet,vendredi,14:00,64,64102,0,0,2,4,3,1,1,4,2,02,1,1,0,71,1,5,1,4,1,42,1,3,9,0,2,1,13,200700043765B01,15,1,1,200067106
200700043771,2007-07-04,2007,juillet,mercredi,20:55,64,64335,0,0,2,6,1,5,1,2,1,02,1,2,0,70,1,0,1,4,1,26,1,3,9,0,2,1,1,200700043771B01,7,9,1,200067254
200700043777,2007-07-10,2007,juillet,mardi,13:45,64,64348,0,0,2,6,3,1,1,2,2,02,1,3,0,55,1,0,1,3,2,29,1,3,9,0,2,8,1,200700043777B01,7,16,1,200067254
200700043802,2007-07-15,2007,juillet,dimanche,11:15,64,64260,0,0,2,1,3,1,1,3,2,02,1,1,0,70,1,0,1,4,1,42,5,3,2,0,2,1,17,200700043802A01,7,16,1,200067106
200700043803,2007-07-22,2007,juillet,dimanche,09:25,64,64260,0,0,1,1,3,1,1,3,2,02,1,3,0,70,1,0,1,4,1,67,5,3,2,0,2,8,1,200700043803B01,7,14,1,200067106
200700043824,2007-07-11,2007,juillet,mercredi,14:35,64,64545,0,0,1,1,3,1,1,2,3,02,1,1,0,70,1,0,1,4,1,39,5,3,2,0,2,1,1,200700043824A01,7,16,1,200067106
200700043834,2007-07-26,2007,juillet,jeudi,09:25,65,65286,0,0,2,1,3,1,1,3,2,02,1,1,0,65,1,0,1,3,1,38,5,3,2,0,0,2,2,200700043834B01,17,17,1,200069300
200700043846,2007-07-09,2007,juillet,lundi,11:55,65,65440,0,0,2,1,6,1,1,4,1,02,1,1,0,75,1,0,3,4,1,77,9,2,2,0,2,1,1,200700043846D01,7,14,1,200069300
200700043849,2007-07-18,2007,juillet,mercredi,15:50,65,65440,0,0,2,6,3,1,1,2,1,02,1,3,100,86,1,0,1,4,1,75,3,3,2,0,0,8,1,200700043849B01,7,16,1,200069300
200700043875,2007-07-05,2007,juillet,jeudi,08:10,67,67482,0,0,2,3,6,1,1,4,2,02,1,1,0,100,1,0,1,4,2,25,5,3,9,0,2,7,1,200700043875B01,7,1,1,246700488
200700043877,2007-07-07,2007,juillet,samedi,11:00,67,67482,0,0,2,1,3,1,1,4,2,02,1,1,0,80,1,0,5,4,1,59,5,2,2,1,0,1,1,200700043877B01,7,22,1,246700488
200700043879,2007-07-07,2007,juillet,samedi,15:30,67,67482,0,0,2,1,1,1,1,4,1,01,1,1,0,13,1,0,0,4,1,34,1,3,9,0,2,1,1,200700043879A01,1,1,1,246700488
200700043879,2007-07-07,2007,juillet,samedi,15:30,67,67482,0,0,2,1,1,1,1,4,1,01,1,1,0,13,1,0,0,1,1,30,5,1,9,0,2,1,1,200700043879B01,1,1,1,246700488
200700043883,2007-07-09,2007,juillet,lundi,17:50,67,67482,0,0,2,3,3,1,1,4,2,02,1,1,0,90,1,0,1,4,2,50,5,3,9,0,2,8,1,200700043883A01,1,1,1,246700488
200700043883,2007-07-09,2007,juillet,lundi,17:50,67,67482,0,0,2,3,3,1,1,4,2,02,1,1,0,90,1,0,1,1,1,29,5,3,9,0,2,1,1,200700043883B01,1,1,1,246700488
200700043884,2007-07-10,2007,juillet,mardi,01:10,67,67482,0,0,2,2,2,5,2,4,3,02,1,1,97,129,2,4,1,4,1,34,5,3,9,0,2,4,1,200700043884B01,7,1,1,246700488
200700043888,2007-07-13,2007,juillet,vendredi,13:55,67,67482,0,0,2,2,3,1,1,4,2,02,1,1,0,130,1,0,1,4,2,43,4,3,0,0,2,8,15,200700043888A01,7,1,1,246700488
200700043899,2007-07-24,2007,juillet,mardi,20:35,67,67482,0,0,2,3,3,2,1,4,-1,06,1,1,0,120,1,0,1,4,2,22,5,3,9,0,2,8,15,200700043899A01,40,1,1,246700488
200700043901,2007-07-25,2007,juillet,mercredi,10:00,67,67482,0,0,1,1,1,1,1,9,2,02,1,1,0,30,1,0,5,4,2,61,5,3,9,0,2,1,1,200700043901B01,30,13,1,246700488
200700043903,2007-07-27,2007,juillet,vendredi,18:30,67,67482,0,0,2,1,3,1,1,4,2,02,1,1,0,86,1,0,1,4,1,11,5,3,9,0,2,1,19,200700043903A01,7,1,1,246700488
200700043905,2007-07-30,2007,juillet,lundi,20:30,67,67482,0,0,2,1,3,1,1,4,-1,04,1,1,0,130,1,0,1,4,2,16,5,3,9,0,2,7,15,200700043905A01,7,1,1,246700488
200700043912,2007-07-28,2007,juillet,samedi,18:00,68,68066,0,0,2,3,3,1,1,4,2,02,1,1,0,80,1,0,1,4,1,16,5,2,2,0,2,1,1,200700043912B01,7,15,1,246800726
200700043919,2007-07-09,2007,juillet,lundi,18:20,68,68224,0,0,2,3,3,1,1,4,2,00,1,1,10,160,1,0,1,4,2,38,0,3,9,0,2,2,1,200700043919B01,7,15,1,200066009
200700043925,2007-07-21,2007,juillet,samedi,16:50,68,68224,0,0,2,1,3,1,1,4,1,02,1,1,0,62,1,0,1,4,1,5,5,1,2,0,2,1,19,200700043925B01,7,1,1,200066009
200700043927,2007-07-05,2007,juillet,jeudi,18:55,68,68224,0,0,2,1,3,1,1,4,1,01,1,1,0,0,1,0,1,3,1,15,5,3,2,0,2,1,1,200700043927A01,7,1,1,200066009
200700043929,2007-07-27,2007,juillet,vendredi,14:00,68,68224,0,0,2,3,3,1,1,4,2,01,1,1,0,70,1,0,1,3,1,29,1,1,2,0,2,1,15,200700043929B01,7,19,1,200066009
200700043930,2007-07-29,2007,juillet,dimanche,05:40,68,68224,0,0,2,1,7,2,1,4,2,02,2,-1,0,0,1,0,1,3,1,17,9,3,9,6,0,1,0,200700043930A01,,,,200066009
200700043941,2007-07-17,2007,juillet,mardi,16:50,69,69034,0,0,2,1,6,1,1,4,2,02,1,2,0,70,1,0,1,3,1,12,2,2,9,0,2,8,19,200700043941B01,7,1,1,200046977
200700043948,2007-07-05,2007,juillet,jeudi,16:10,69,69256,0,0,2,3,3,1,1,4,2,01,1,1,0,0,1,0,1,4,1,51,0,3,9,0,2,1,15,200700043948B01,7,1,1,200046977
200700043954,2007-07-30,2007,juillet,lundi,19:00,69,69199,0,0,2,2,3,1,1,4,2,02,1,1,0,40,1,0,1,4,1,18,0,3,4,0,2,8,15,200700043954B01,7,0,1,200046977
200700043955,2007-07-14,2007,juillet,samedi,14:45,69,69013,0,0,1,2,3,1,1,4,2,02,1,1,0,0,1,5,1,3,1,72,5,3,0,0,2,1,1,200700043955B01,7,12,1,200040590
200700043958,2007-07-04,2007,juillet,mercredi,17:00,69,69264,0,0,2,1,1,1,1,4,2,01,1,1,0,77,1,0,1,3,1,15,5,3,9,0,0,0,0,200700043958A01,7,0,1,200040590
200700043966,2007-07-10,2007,juillet,mardi,08:10,69,69266,0,0,2,3,3,1,2,4,1,02,1,1,0,66,2,0,1,4,1,25,1,3,9,0,2,7,1,200700043966B01,7,15,1,200046977
200700043972,2007-07-19,2007,juillet,jeudi,19:00,69,69266,0,0,2,1,6,1,1,4,2,03,1,1,0,56,1,0,1,4,1,39,0,2,9,1,9,0,1,200700043972B01,10,22,1,200046977
200700043986,2007-07-23,2007,juillet,lundi,16:40,70,70550,0,0,2,1,3,1,3,4,2,02,1,1,0,54,2,0,1,3,1,39,5,3,9,0,2,4,15,200700043986A01,7,2,1,247000011
200700044030,2007-07-06,2007,juillet,vendredi,12:10,72,72181,0,0,2,1,2,1,1,9,1,01,1,1,0,0,1,0,1,4,1,54,9,3,2,0,0,4,1,200700044030B01,7,1,1,247200132
200700044038,2007-07-14,2007,juillet,samedi,20:00,72,72181,0,0,2,1,3,1,1,9,2,01,1,1,0,68,1,0,1,1,1,13,9,3,2,0,0,0,19,200700044038B01,7,1,1,247200132
200700044038,2007-07-14,2007,juillet,samedi,20:00,72,72181,0,0,2,1,3,1,1,9,2,01,1,1,0,68,1,0,1,4,1,13,0,3,2,0,0,0,19,200700044038B01,7,1,1,247200132
200700044040,2007-07-18,2007,juillet,mercredi,15:40,72,72181,0,0,2,1,6,1,1,9,1,03,2,1,0,88,1,0,1,4,1,76,0,2,2,14,0,1,1,200700044040A01,,,,247200132
200700044046,2007-07-24,2007,juillet,mardi,07:10,72,72181,0,0,2,1,3,1,1,9,2,05,1,1,0,0,1,0,1,4,1,51,1,3,2,0,0,8,11,200700044046B01,7,1,1,247200132
200700044049,2007-07-27,2007,juillet,vendredi,19:00,72,72181,0,0,2,1,6,1,1,9,2,02,1,1,0,0,1,0,1,4,2,19,9,2,2,16,0,0,1,200700044049A01,,,,247200132
200700044054,2007-07-31,2007,juillet,mardi,15:30,72,72181,0,0,2,1,6,1,1,9,2,02,1,1,0,0,1,0,1,4,1,44,9,2,2,16,0,0,1,200700044054A01,,,,247200132
200700044062,2007-07-24,2007,juillet,mardi,17:45,74,74010,0,0,2,1,6,1,1,4,2,00,1,1,0,0,1,0,1,4,1,50,5,3,2,0,0,1,17,200700044062B01,10,17,1,200066793
200700044063,2007-07-25,2007,juillet,mercredi,11:14,74,74010,0,0,2,2,6,1,1,4,1,02,1,1,0,0,1,0,2,4,2,35,5,3,2,0,0,1,1,200700044063B01,10,1,1,200066793
200700044116,2007-07-18,2007,juillet,mercredi,17:50,76,76410,0,0,2,1,3,1,1,4,2,01,1,4,0,60,1,0,1,3,1,8,5,3,9,0,2,8,1,200700044116B01,7,1,1,200023414
200700044119,2007-07-20,2007,juillet,vendredi,18:10,76,76497,0,0,2,1,2,1,1,4,2,01,2,1,0,70,1,5,1,4,1,51,5,1,2,0,2,1,2,200700044119B01,7,4,1,200023414
200700044154,2007-07-08,2007,juillet,dimanche,11:45,77,77294,0,0,1,1,6,1,1,3,2,02,1,1,0,40,1,0,1,3,1,32,5,2,2,0,0,0,1,200700044154B01,7,1,1,200055655
200700044189,2007-07-23,2007,juillet,lundi,19:20,78,78423,0,0,2,1,3,1,1,4,-1,01,-1,-1,0,0,-1,0,1,4,1,9,0,3,4,0,2,1,19,200700044189B01,13,2,1,200058782
200700044203,2007-07-30,2007,juillet,lundi,12:40,78,78440,0,0,2,1,3,1,1,4,3,04,1,1,0,0,1,0,1,4,2,18,5,2,2,0,2,8,0,200700044203B01,7,1,1,200059889
200700044212,2007-07-22,2007,juillet,dimanche,10:05,78,78165,0,0,2,1,5,1,1,4,2,01,1,1,0,69,1,0,1,4,1,35,5,1,2,0,2,3,5,200700044212A01,7,0 / 1,2,200058782
200700044219,2007-07-11,2007,juillet,mercredi,08:30,78,78123,0,0,2,2,3,1,1,3,2,06,1,1,0,180,1,5,1,3,1,67,5,2,2,0,2,1,1,200700044219B01,10,0,1,200059889
200700044244,2007-07-19,2007,juillet,jeudi,09:00,78,78640,0,0,2,1,3,1,1,3,1,02,1,1,0,50,1,0,1,4,1,27,1,2,9,0,2,1,5,200700044244A01,14,9,1,247800584
200700044250,2007-07-17,2007,juillet,mardi,19:20,78,78646,0,0,2,1,6,1,1,4,2,02,1,1,0,80,1,0,5,4,1,9,5,2,2,0,2,7,1,200700044250A01,7,24,1,247800584
200700044255,2007-07-01,2007,juillet,dimanche,12:20,78,78418,0,0,1,1,2,1,1,4,2,02,2,3,0,63,1,0,1,4,1,69,5,3,9,1,0,1,1,200700044255B01,7,23,1,200058519
200700044276,2007-07-17,2007,juillet,mardi,13:10,80,80021,0,0,2,2,3,1,1,3,2,02,1,1,0,0,1,0,1,4,1,19,1,3,9,0,2,1,1,200700044276A01,7,1,1,248000531
200700044277,2007-07-18,2007,juillet,mercredi,09:25,80,80674,0,0,2,1,3,1,1,4,2,02,1,1,0,0,1,0,1,4,2,22,0,3,9,0,2,1,1,200700044277B01,10,16,1,248000531
200700044294,2007-07-06,2007,juillet,vendredi,14:25,81,81065,0,0,2,1,2,1,1,3,2,02,1,1,0,0,1,0,1,3,1,21,0,3,4,0,2,1,1,200700044294A01,7,1,1,248100430
200700044361,2007-07-12,2007,juillet,jeudi,06:25,83,83137,0,0,2,1,6,1,1,3,2,02,2,1,0,0,1,0,0,4,1,34,1,3,9,0,1,1,1,200700044361A01,,,,248300543
200700044368,2007-07-16,2007,juillet,lundi,09:15,83,83090,0,0,2,1,2,1,1,3,2,03,1,3,3,117,1,0,1,3,1,41,1,1,2,1,0,1,1,200700044368B01,13,0,1,248300543
200700044384,2007-07-13,2007,juillet,vendredi,10:55,83,83090,0,0,1,1,1,1,1,5,-1,01,1,2,0,0,1,0,0,4,1,10,5,3,9,0,2,1,5,200700044384B01,7,1,1,248300543
200700044392,2007-07-05,2007,juillet,jeudi,12:30,84,84007,0,0,2,1,3,1,1,4,3,02,1,1,0,0,1,0,4,4,1,35,1,3,9,0,2,2,5,200700044392A01,7,0,1,248400251
200700044403,2007-07-22,2007,juillet,dimanche,09:30,84,84007,0,0,2,3,3,1,1,4,2,02,1,1,0,80,1,0,1,4,1,83,5,3,9,0,2,7,15,200700044403B01,7,9,1,248400251
200700044421,2007-07-06,2007,juillet,vendredi,19:15,85,85194,0,0,2,6,1,1,1,4,1,00,1,-1,0,0,-1,0,1,4,1,49,0,3,9,0,2,1,5,200700044421A01,7,0,1,200071165
200700044442,2007-07-19,2007,juillet,jeudi,08:30,86,86194,0,0,2,1,6,1,1,4,2,02,1,1,30,120,1,0,1,4,1,33,1,3,9,1,0,0,1,200700044442B01,7,22,1,200069854
200700044451,2007-07-02,2007,juillet,lundi,17:47,87,87085,0,0,2,1,7,1,1,4,2,02,-1,1,0,60,1,0,1,4,1,51,1,2,2,0,0,0,1,200700044451A01,,,,248719312
200700044460,2007-07-04,2007,juillet,mercredi,12:08,87,87085,0,0,2,3,6,1,1,3,2,02,1,1,0,60,2,0,1,4,1,61,5,1,2,14,0,1,19,200700044460A01,,,,248719312
200700044487,2007-07-17,2007,juillet,mardi,09:20,87,87085,0,0,2,1,6,1,1,4,2,02,2,1,0,80,1,0,1,4,1,16,5,2,9,0,0,0,1,200700044487A01,,,,248719312
200700044492,2007-07-21,2007,juillet,samedi,17:52,87,87065,0,0,2,1,7,1,1,3,1,02,-1,2,0,60,1,0,1,4,1,33,5,2,2,0,0,0,1,200700044492A01,,,,248719312
200700044499,2007-07-27,2007,juillet,vendredi,17:50,87,87085,0,0,2,2,1,1,1,4,3,06,-1,1,10,180,1,0,1,4,1,30,5,2,2,0,2,1,1,200700044499B01,7,15,1,248719312
200700044506,2007-07-31,2007,juillet,mardi,17:45,87,87085,0,0,2,2,3,1,1,4,2,02,-1,1,0,60,1,0,1,4,1,18,5,2,2,0,2,7,1,200700044506B01,7,9,1,248719312
200700044509,2007-07-17,2007,juillet,mardi,10:50,88,88087,0,0,2,4,3,1,1,3,2,02,2,1,0,70,1,0,1,3,1,43,5,2,2,0,2,1,1,200700044509B01,7,9,1,200068757
200700044566,2007-07-08,2007,juillet,dimanche,18:25,91,91326,0,0,2,3,6,1,3,2,2,02,-1,-1,0,0,-1,0,1,3,1,18,5,3,9,0,2,1,2,200700044566A01,7,0,1,200054781
200700044572,2007-07-06,2007,juillet,vendredi,08:40,91,91421,0,0,2,1,1,1,1,4,1,01,1,4,0,70,1,0,1,4,1,17,5,3,9,0,2,1,5,200700044572A01,7,1,1,200058477
200700044592,2007-07-09,2007,juillet,lundi,01:05,92,92004,0,0,2,1,6,5,2,9,1,01,1,1,10,30,1,0,1,4,1,35,5,3,9,0,2,7,8,200700044592A01,37,1,1,200054781
200700044600,2007-07-26,2007,juillet,jeudi,10:10,92,92004,0,0,2,1,6,1,1,3,1,02,1,1,0,65,1,0,1,4,1,20,0,3,9,0,2,8,1,200700044600B01,7,17,1,200054781
200700044610,2007-07-06,2007,juillet,vendredi,11:19,92,92012,0,0,1,1,6,1,1,3,2,02,1,1,0,100,1,0,1,4,1,33,1,3,9,0,2,8,18,200700044610B01,7,2,1,200054781
200700044623,2007-07-13,2007,juillet,vendredi,19:45,92,92032,0,0,2,1,3,1,1,3,2,02,1,3,20,80,1,0,5,4,2,30,1,2,2,0,2,3,1,200700044623B01,37,14,1,200054781
200700044674,2007-07-13,2007,juillet,vendredi,16:30,92,92036,0,0,2,1,1,1,1,4,1,01,1,1,0,50,1,0,1,4,1,18,5,3,9,0,2,1,19,200700044674A01,10,1,1,200054781
200700044675,2007-07-15,2007,juillet,dimanche,18:15,92,92036,0,0,2,2,1,1,1,3,2,02,1,1,0,80,1,0,1,3,1,22,5,3,9,0,2,3,23,200700044675B01,32,13,1,200054781
200700044729,2007-07-28,2007,juillet,samedi,11:40,92,92051,0,0,2,1,3,1,1,4,2,02,1,1,0,100,1,0,1,4,1,58,0,1,2,1,0,1,1,200700044729B01,7,22,1,200054781
200700044748,2007-07-27,2007,juillet,vendredi,12:50,92,92072,0,0,2,1,3,1,1,9,2,02,1,1,0,0,1,0,1,4,1,75,5,1,4,0,2,8,0,200700044748B01,7,2,1,200054781
200700044758,2007-07-02,2007,juillet,lundi,15:35,92,92075,0,0,2,3,2,1,1,3,2,02,4,1,0,80,1,0,1,4,1,41,1,3,9,0,2,1,2,200700044758A01,7,16,1,200054781
200700044834,2007-07-20,2007,juillet,vendredi,22:30,93,93029,0,0,2,1,1,5,1,3,2,02,1,1,0,200,1,0,1,3,1,13,5,3,9,0,2,1,1,200700044834B01,7,1,1,200054781
200700044842,2007-07-19,2007,juillet,jeudi,18:25,93,93031,0,0,2,1,5,1,1,4,2,02,1,1,1,60,1,0,1,4,1,31,0,3,9,0,0,1,0,200700044842B01,32 / 7,17 / 0,2,200054781
200700044844,2007-07-31,2007,juillet,mardi,21:05,93,93031,0,0,2,3,2,2,1,4,2,02,2,1,0,50,1,5,1,4,1,43,1,1,2,0,0,4,0,200700044844B01,33,0,1,200054781
200700044892,2007-07-14,2007,juillet,samedi,12:15,93,93053,0,0,2,3,3,1,1,4,3,04,1,-1,0,100,1,0,1,3,1,41,5,3,0,0,0,0,0,200700044892B01,7,0,1,200054781
200700044915,2007-07-08,2007,juillet,dimanche,13:10,93,93014,0,0,2,1,7,1,1,4,1,01,1,1,0,60,1,0,4,3,1,57,5,1,2,12,0,1,0,200700044915A01,,,,200054781
200700044936,2007-07-12,2007,juillet,jeudi,18:50,93,93070,0,0,2,5,1,1,2,4,3,02,-1,-1,0,0,-1,0,0,3,2,22,0,3,9,0,2,0,19,200700044936B01,7,2,1,200054781
200700044940,2007-07-20,2007,juillet,vendredi,19:45,93,93071,0,0,2,1,5,1,1,4,2,02,1,1,0,50,1,0,1,3,1,18,0,2,9,0,2,8,0,200700044940C01,7,1 / 17,2,200054781
200700044942,2007-07-30,2007,juillet,lundi,08:55,93,93071,0,0,2,3,2,1,1,4,2,02,1,1,0,80,1,0,1,4,1,92,0,3,9,0,0,4,2,200700044942B01,32,2,1,200054781
200700044946,2007-07-02,2007,juillet,lundi,13:30,93,93072,0,0,2,1,3,1,1,3,3,02,1,1,15,65,1,0,1,4,1,13,0,2,9,0,2,3,11,200700044946B01,7,1,1,200054781