Num_Acc,date,an,mois,jour,hrmn,dep,com,lat,long,agg,int,col,lum,atm,catr,circ,nbv,prof,plan,lartpc,larrout,surf,infra,situ,grav,sexe,age,trajet,secuexist,equipement,obs,obsm,choc,manv,vehiculeid,typevehicules,manoeuvehicules,numVehicules,_infos_commune.code_epci
200700049801,2007-08-03,2007,août,vendredi,13:23,36,36044,0,0,2,1,7,1,1,4,2,02,1,1,0,70,1,0,1,4,1,49,1,3,9,0,0,0,1,200700049801A01,,,,243600327
200700049804,2007-08-22,2007,août,mercredi,15:50,36,36044,0,0,2,1,3,1,2,4,1,02,1,1,0,110,2,0,1,4,1,16,5,1,4,1,1,1,3,200700049804B01,7,22,1,243600327
200700049806,2007-08-28,2007,août,mardi,16:45,36,36044,0,0,2,2,3,1,1,4,2,02,1,1,0,50,1,0,1,4,1,12,5,1,4,0,2,7,9,200700049806A01,7,1,1,243600327
200700049813,2007-08-03,2007,août,vendredi,19:05,37,37261,0,0,2,1,3,1,1,4,2,02,1,1,0,0,1,0,1,3,1,26,5,2,9,0,2,1,1,200700049813B01,7,22,1,243700754
200700049827,2007-08-10,2007,août,vendredi,16:15,38,38151,0,0,1,1,3,1,1,5,2,01,1,-1,0,35,-1,0,5,3,2,49,0,3,9,0,2,1,15,200700049827B01,32,1,1,200040715
200700049828,2007-08-11,2007,août,samedi,15:05,38,38151,0,0,2,1,6,1,1,3,2,02,1,1,0,53,-1,0,1,4,1,51,0,3,9,0,2,4,17,200700049828B01,7,1,1,200040715
200700049838,2007-08-31,2007,août,vendredi,16:50,38,38151,0,0,2,1,6,1,1,4,2,02,1,1,0,60,1,0,1,4,1,55,0,3,9,1,0,1,1,200700049838B01,7,22,1,200040715
200700049838,2007-08-31,2007,août,vendredi,16:50,38,38151,0,0,2,1,6,1,1,4,2,02,1,1,0,60,1,0,1,4,1,61,0,3,9,14,0,1,1,200700049838C01,7,22,1,200040715
200700049838,2007-08-31,2007,août,vendredi,16:50,38,38151,0,0,2,1,6,1,1,4,2,02,1,1,0,60,1,0,1,4,1,58,0,3,9,14,0,1,1,200700049838D01,7,22,1,200040715
200700049857,2007-08-18,2007,août,samedi,17:10,41,41018,0,0,2,3,3,1,1,4,2,02,1,1,0,0,1,0,1,4,1,9,5,3,9,0,2,1,15,200700049857B01,7,1,1,200030385
200700049887,2007-08-14,2007,août,mardi,17:30,42,42187,0,0,2,2,3,1,1,9,2,02,1,1,0,75,1,0,1,1,1,26,5,3,9,0,2,1,1,200700049887A01,2,15,1,200035731
200700049890,2007-08-20,2007,août,lundi,11:15,42,42187,0,0,2,6,3,1,1,4,2,02,1,1,0,0,1,0,1,4,1,20,5,3,9,0,2,5,1,200700049890B01,7,11,1,200035731
200700049904,2007-08-23,2007,août,jeudi,11:45,42,42218,0,0,2,1,3,1,1,4,1,01,1,1,0,75,1,0,1,4,1,44,5,1,2,0,2,1,1,200700049904B01,7,24,1,244200770
200700049913,2007-08-04,2007,août,samedi,15:30,44,44055,0,0,2,3,3,1,1,4,3,02,1,1,0,0,1,0,1,3,1,33,5,2,9,0,2,6,11,200700049913B01,32,1,1,244400610
200700049922,2007-08-13,2007,août,lundi,16:55,44,44055,0,0,2,1,3,1,1,4,2,02,2,1,0,0,1,0,1,4,2,22,5,3,9,0,2,1,1,200700049922A01,7,0,1,244400610
200700049923,2007-08-14,2007,août,mardi,13:15,44,44055,0,0,2,1,3,1,1,4,1,02,1,1,0,0,1,0,1,4,2,24,5,1,9,0,2,1,1,200700049923A01,7,1,1,244400610
200700049924,2007-08-14,2007,août,mardi,13:45,44,44055,0,0,2,1,2,1,1,4,2,02,1,1,0,0,1,0,1,4,2,19,0,1,9,0,2,1,0,200700049924A01,7,1,1,244400610
200700049925,2007-08-16,2007,août,jeudi,03:45,44,44132,0,0,2,1,7,4,1,4,2,02,1,1,0,0,1,0,1,4,2,24,5,1,4,0,2,3,0,200700049925B01,30,1,1,244400644
200700049929,2007-08-10,2007,août,vendredi,14:20,44,44055,0,0,2,9,2,1,1,4,3,00,1,1,0,126,1,0,5,4,1,37,9,1,2,0,0,4,2,200700049929B01,2,23,1,244400610
200700049931,2007-08-03,2007,août,vendredi,13:00,44,44109,0,0,1,9,6,1,1,4,1,02,3,1,0,20,1,3,1,3,1,6,0,3,2,0,2,8,19,200700049931A01,7,1,1,244400404
200700049940,2007-08-07,2007,août,mardi,21:00,44,44162,0,0,2,1,2,5,9,3,2,02,1,2,0,0,-1,5,1,4,1,34,1,3,9,0,2,7,1,200700049940B01,7,9,1,244400404
200700049954,2007-08-28,2007,août,mardi,14:05,44,44162,0,0,2,3,3,1,1,4,2,02,3,1,0,70,1,0,1,3,2,11,5,2,9,0,2,5,1,200700049954A01,7,1,1,244400404
200700049957,2007-08-02,2007,août,jeudi,09:00,44,44184,0,0,2,2,3,1,1,4,2,90,1,1,0,0,1,0,1,4,2,17,1,1,9,0,2,0,19,200700049957A01,7,21,1,244400644
200700049958,2007-08-07,2007,août,mardi,17:10,44,44184,0,0,2,1,3,1,1,2,3,02,1,2,0,80,1,0,1,4,1,63,5,1,2,0,2,3,1,200700049958B01,7,1,1,244400644
200700049960,2007-08-16,2007,août,jeudi,12:30,44,44184,0,0,2,1,3,1,1,4,1,01,1,1,0,0,1,0,1,4,1,8,5,1,9,0,2,1,19,200700049960A01,7,1,1,244400644
200700049966,2007-08-02,2007,août,jeudi,16:10,45,45169,0,0,2,2,6,1,1,4,3,05,1,1,20,70,1,0,1,4,2,16,5,3,9,0,2,8,19,200700049966A01,7,1,1,244500468
200700049970,2007-08-07,2007,août,mardi,16:55,45,45075,0,0,2,1,3,1,1,2,-1,02,1,1,70,37,1,0,4,4,1,25,0,1,4,0,2,8,1,200700049970B01,7,1,1,244500468
200700049980,2007-08-28,2007,août,mardi,13:30,45,45147,0,0,2,6,3,1,1,2,3,04,1,-1,0,75,1,5,1,4,1,19,0,3,2,0,2,0,1,200700049980B01,7,16,1,244500468
200700049996,2007-08-28,2007,août,mardi,12:40,47,47323,0,0,2,1,3,1,1,4,2,02,1,1,0,72,1,0,1,3,1,71,5,3,9,0,0,4,13,200700049996B01,33,2,1,200023307
200700049999,2007-08-02,2007,août,jeudi,17:59,49,49246,0,0,2,1,3,1,1,9,-1,01,1,1,0,70,1,0,1,3,1,47,0,3,9,0,2,6,0,200700049999A01,33,1,1,244900015
200700050005,2007-08-08,2007,août,mercredi,17:40,49,49007,0,0,2,1,3,1,1,4,3,04,1,1,0,120,1,0,1,4,2,32,0,2,2,0,2,8,1,200700050005B01,7,16,1,244900015
200700050007,2007-08-10,2007,août,vendredi,22:35,49,49007,0,0,2,1,7,5,1,4,1,01,1,1,0,30,1,0,1,4,1,57,5,2,2,0,0,0,1,200700050007A01,,,,244900015
200700050011,2007-08-10,2007,août,vendredi,13:26,49,49007,0,0,2,1,6,1,1,4,3,04,1,1,0,180,1,0,1,4,2,52,1,3,9,0,2,0,0,200700050011B01,7,0,1,244900015
200700050026,2007-08-21,2007,août,mardi,13:30,49,49099,0,0,2,7,3,1,8,4,2,02,2,1,0,90,2,0,5,4,2,16,5,3,9,0,2,8,1,200700050026B01,7,16,1,200071678
200700050046,2007-08-13,2007,août,lundi,18:25,51,51108,0,0,2,3,3,1,1,4,1,02,1,1,0,66,1,5,1,3,2,30,0,2,9,0,2,7,5,200700050046A01,7,15,1,200066876
200700050056,2007-08-03,2007,août,vendredi,15:00,52,52121,0,0,1,1,6,1,1,3,2,02,1,1,0,72,1,0,1,3,2,67,5,3,9,0,2,8,1,200700050056B01,10,17,1,200068658
200700050068,2007-08-02,2007,août,jeudi,12:25,54,54526,0,0,2,9,1,1,1,4,1,01,1,2,0,0,1,0,1,4,1,5,5,3,2,0,2,1,1,200700050068B01,7,5,1,245400676
200700050070,2007-08-04,2007,août,samedi,10:45,54,54357,0,0,2,1,2,1,1,4,2,03,1,1,0,100,1,0,1,4,1,60,5,3,9,0,2,4,1,200700050070B01,7,17,1,245400676
200700050072,2007-08-09,2007,août,jeudi,22:00,54,54395,0,0,2,5,3,5,2,4,1,02,1,1,0,0,2,0,1,4,1,15,5,2,2,0,2,1,1,200700050072A01,7,1,1,245400676
200700050074,2007-08-11,2007,août,samedi,19:20,54,54526,0,0,2,1,6,1,1,4,2,01,1,1,0,30,1,0,5,4,1,11,5,2,9,0,0,0,0,200700050074B01,7,0,1,245400676
200700050084,2007-08-18,2007,août,samedi,17:20,54,54395,0,0,2,1,3,1,1,4,1,02,1,1,0,0,1,0,1,1,1,26,5,2,2,0,2,0,1,200700050084B01,33,1,1,245400676
200700050100,2007-08-31,2007,août,vendredi,11:10,54,54439,0,0,2,1,6,1,1,4,2,02,1,1,0,0,1,0,1,3,1,7,5,1,2,0,2,1,19,200700050100B01,10,1,1,245400676
200700050101,2007-08-31,2007,août,vendredi,14:25,54,54395,0,0,2,1,6,1,1,4,2,02,1,1,0,0,1,0,4,4,2,43,5,2,2,0,2,1,1,200700050101A01,33,23,1,245400676
200700050111,2007-08-04,2007,août,samedi,09:45,56,56162,0,0,2,1,7,1,1,9,2,02,1,1,0,0,1,0,1,4,2,71,5,3,9,0,0,7,1,200700050111A01,,,,200042174
200700050122,2007-08-11,2007,août,samedi,18:05,56,56098,0,0,2,2,3,1,1,4,2,02,1,1,0,0,1,0,1,4,1,12,0,2,2,0,2,1,15,200700050122B01,7,1,1,200042174
200700050137,2007-08-02,2007,août,jeudi,10:55,56,56260,0,0,1,6,6,1,1,4,1,02,1,2,0,85,1,5,1,4,1,58,5,3,9,0,2,8,3,200700050137B01,7,9,1,200067932
200700050152,2007-08-27,2007,août,lundi,19:10,57,57537,0,0,2,1,4,1,1,3,2,01,1,1,0,76,1,0,1,4,1,32,5,1,2,0,2,8,1,200700050152B01,7,9,1,245700372
200700050152,2007-08-27,2007,août,lundi,19:10,57,57537,0,0,2,1,4,1,1,3,2,01,1,1,0,76,1,0,1,4,2,29,5,1,2,0,2,8,1,200700050152C01,7,9,1,245700372
200700050156,2007-08-01,2007,août,mercredi,07:40,57,57480,0,0,2,1,3,1,1,4,2,02,1,1,0,60,1,0,1,4,1,48,1,2,2,0,2,8,1,200700050156B01,7,17,1,200039865
200700050168,2007-08-29,2007,août,mercredi,18:20,57,57447,0,0,2,3,3,1,1,4,2,02,1,1,0,70,1,0,1,4,1,12,5,2,2,0,2,1,9,200700050168A01,7,1,1,200039865
200700050200,2007-08-25,2007,août,samedi,19:55,58,58194,0,0,2,1,7,1,1,4,2,02,2,1,0,50,1,0,1,3,1,45,0,3,9,1,0,2,0,200700050200A01,,,,245804406
200700050201,2007-08-31,2007,août,vendredi,14:35,58,58194,0,0,2,1,2,1,1,4,2,02,1,2,0,65,1,0,1,4,2,46,1,3,9,0,2,3,15,200700050201B01,7,1,1,245804406
200700050213,2007-08-27,2007,août,lundi,12:45,59,59178,0,0,2,1,3,1,7,4,2,02,2,1,0,70,1,2,1,4,2,19,0,2,9,0,2,7,19,200700050213A01,33,1,1,200044618
200700050215,2007-08-03,2007,août,vendredi,08:15,59,59183,0,0,2,1,2,1,1,4,2,02,1,1,0,0,1,0,1,4,2,24,1,2,2,0,2,4,1,200700050215B01,7,1,1,245900428
200700050225,2007-08-01,2007,août,mercredi,11:00,59,59385,0,0,2,1,6,1,1,3,2,02,2,2,0,0,1,0,4,3,1,10,5,3,4,1,0,1,1,200700050225B01,,,,200043396
200700050227,2007-08-01,2007,août,mercredi,16:53,59,59350,0,0,2,1,3,1,1,4,2,02,1,1,0,60,1,0,1,4,1,9,5,3,4,0,2,1,1,200700050227B01,7,1,1,200093201
200700050229,2007-08-03,2007,août,vendredi,17:00,59,59350,0,0,2,1,3,1,1,4,2,02,1,1,0,114,1,0,1,3,1,37,0,3,2,0,2,0,1,200700050229B01,7,0,1,200093201
200700050232,2007-08-04,2007,août,samedi,19:20,59,59009,0,0,2,1,6,1,1,4,2,02,1,1,0,50,1,0,1,4,2,51,5,2,4,0,2,5,23,200700050232B01,7,1,1,200093201
200700050233,2007-08-04,2007,août,samedi,22:35,59,59360,0,0,2,2,3,5,1,4,1,01,1,1,0,400,1,0,1,3,1,35,9,2,2,0,2,1,5,200700050233A01,7,1,1,200093201
200700050234,2007-08-05,2007,août,dimanche,17:40,59,59350,0,0,2,1,2,1,1,4,1,01,1,1,0,0,1,0,1,4,1,24,5,3,2,0,2,1,1,200700050234A01,7,16,1,200093201
200700050238,2007-08-07,2007,août,mardi,18:55,59,59350,0,0,2,1,6,1,1,6,4,00,1,1,0,0,1,0,1,4,1,7,5,1,9,0,2,1,0,200700050238A01,,,,200093201
200700050251,2007-08-20,2007,août,lundi,17:10,59,59350,0,0,1,9,3,1,1,4,2,00,1,1,0,135,1,0,4,4,1,56,5,2,9,0,2,1,1,200700050251B01,7,23,1,200093201
200700050259,2007-08-29,2007,août,mercredi,19:20,59,59328,0,0,2,2,3,1,1,3,2,04,1,1,33,80,1,0,1,4,1,19,5,3,4,0,2,1,15,200700050259A01,7,1,1,200093201
200700050260,2007-08-30,2007,août,jeudi,14:50,59,59009,0,0,2,1,6,1,1,4,1,03,1,1,0,68,1,0,1,4,1,,0,3,9,0,2,1,2,200700050260B01,7,16,1,200093201
200700050261,2007-08-30,2007,août,jeudi,15:30,59,59350,0,0,2,2,3,1,1,4,2,04,1,1,0,110,1,0,1,4,1,19,5,1,9,0,2,1,1,200700050261A01,7,1,1,200093201
200700050265,2007-08-31,2007,août,vendredi,16:10,59,59457,0,0,2,1,6,1,1,4,2,02,1,1,0,70,1,0,1,3,1,27,0,2,2,0,0,0,0,200700050265A01,,,,200093201
200700050268,2007-08-01,2007,août,mercredi,17:15,59,59392,0,0,2,3,3,1,1,4,2,02,1,1,0,70,1,0,1,3,2,45,5,3,9,0,2,0,1,200700050268B01,7,0,1,200043396
200700050295,2007-08-31,2007,août,vendredi,13:35,59,59512,0,0,2,1,6,1,1,6,2,00,1,1,0,0,1,0,1,3,1,5,5,3,2,0,2,0,1,200700050295B01,7,1,1,200093201
200700050304,2007-08-07,2007,août,mardi,18:15,59,59606,0,0,2,3,5,1,1,4,2,02,1,1,0,88,1,0,1,4,1,20,0,3,9,0,2,1,1,200700050304B01,33 / 7,15 / 0,2,245901160
200700050305,2007-08-07,2007,août,mardi,22:20,59,59459,0,0,2,1,6,3,1,3,2,02,1,1,0,72,1,0,5,1,1,20,0,2,4,0,1,1,1,200700050305A01,,,,245901160
200700050316,2007-08-23,2007,août,jeudi,19:10,61,61006,0,0,2,6,3,1,2,4,1,01,1,2,44,79,1,5,1,3,1,85,5,3,4,0,0,0,0,200700050316B01,7,1,1,200068450
200700050348,2007-08-30,2007,août,jeudi,00:01,62,62193,0,0,2,1,6,5,1,4,2,02,1,1,0,0,1,0,1,3,2,24,5,3,9,0,2,0,2,200700050348B01,7,2,1,200090751
200700050350,2007-08-08,2007,août,mercredi,08:10,62,62907,0,0,2,1,3,1,8,4,2,02,1,1,0,50,2,0,1,3,2,56,4,1,9,0,2,8,13,200700050350B01,7,17,1,246200299
200700050388,2007-08-05,2007,août,dimanche,18:15,63,63113,0,0,2,9,3,1,1,4,2,02,2,3,0,70,1,0,1,3,1,39,5,1,2,0,2,1,1,200700050388B01,7,15,1,246300701
200700050396,2007-08-16,2007,août,jeudi,17:50,63,63113,0,0,2,1,6,1,1,4,2,02,1,1,0,0,1,0,1,4,1,40,0,1,2,1,0,1,14,200700050396A01,,,,246300701
200700050410,2007-08-25,2007,août,samedi,20:30,63,63113,0,0,2,1,3,1,1,4,2,02,2,1,0,84,1,0,1,4,1,55,0,3,2,0,2,2,17,200700050410B01,7,15,1,246300701
200700050444,2007-08-07,2007,août,mardi,11:10,64,64237,0,0,2,3,3,1,1,4,2,02,1,1,0,87,1,0,1,3,2,74,5,3,9,0,2,1,15,200700050444B01,10,15,1,200067254
200700050451,2007-08-15,2007,août,mercredi,17:25,64,64445,0,0,2,3,1,1,1,3,1,02,1,1,0,108,1,0,1,4,1,86,5,3,9,0,2,4,16,200700050451A01,7,1,1,200067254
200700050456,2007-08-20,2007,août,lundi,20:30,64,64445,0,0,2,3,3,1,1,4,2,02,1,1,0,70,1,0,1,3,1,18,5,3,9,0,2,1,15,200700050456A01,7,1,1,200067254
200700050465,2007-08-02,2007,août,jeudi,09:35,64,64545,0,0,2,1,6,1,1,2,-1,02,1,-1,0,0,-1,0,1,4,1,76,5,3,9,0,2,8,2,200700050465B01,7,2,1,200067106
200700050466,2007-08-08,2007,août,mercredi,15:40,64,64483,0,0,2,1,6,1,1,4,1,01,1,-1,0,0,1,0,1,1,1,10,5,3,9,0,1,1,1,200700050466A01,,,,200067106
200700050483,2007-08-27,2007,août,lundi,11:03,64,64260,0,0,2,6,3,1,1,3,2,02,2,1,160,110,1,0,1,4,1,14,5,2,2,0,2,1,9,200700050483A01,20,15,1,200067106
200700050487,2007-08-05,2007,août,dimanche,20:08,65,65440,0,0,2,2,2,1,1,4,2,02,1,1,0,0,1,0,1,4,1,24,0,3,9,0,2,1,1,200700050487A01,7,23,1,200069300
200700050495,2007-08-23,2007,août,jeudi,15:15,65,65440,0,0,2,1,3,1,1,4,2,02,1,1,0,100,1,0,1,4,2,78,3,3,9,1,0,1,1,200700050495B01,7,24,1,200069300
200700050511,2007-08-01,2007,août,mercredi,08:15,67,67482,0,0,2,3,6,1,1,5,1,01,1,1,0,12,1,0,1,4,1,53,4,3,9,0,2,1,15,200700050511A01,7,1,1,246700488
200700050514,2007-08-03,2007,août,vendredi,10:35,67,67482,0,0,2,1,3,1,2,4,2,03,1,1,0,152,1,0,1,4,1,57,0,3,9,0,2,1,1,200700050514B01,7,9,1,246700488
200700050518,2007-08-06,2007,août,lundi,14:55,67,67482,0,0,2,1,7,1,1,4,2,02,1,1,0,60,1,0,1,1,1,29,0,3,9,0,0,0,10,200700050518C01,34 / 7,1,2,246700488
200700050519,2007-08-07,2007,août,mardi,14:30,67,67482,0,0,2,3,3,1,2,4,2,02,1,1,124,93,2,0,5,3,2,22,5,3,9,0,2,8,19,200700050519B01,7,1,1,246700488
200700050520,2007-08-07,2007,août,mardi,20:10,67,67482,0,0,2,2,3,1,1,4,4,05,1,1,0,150,1,0,1,4,2,23,5,3,9,0,2,7,19,200700050520A01,7,1,1,246700488
200700050522,2007-08-10,2007,août,vendredi,08:45,67,67482,0,0,2,2,6,1,1,4,2,02,1,1,0,60,1,0,1,4,2,26,0,3,0,0,2,1,1,200700050522B01,7,1,1,246700488
200700050538,2007-08-24,2007,août,vendredi,10:15,67,67204,0,0,2,3,3,1,1,4,1,01,-1,-1,0,0,-1,0,1,3,1,79,9,3,2,0,2,8,19,200700050538A01,7,1,1,246700488
200700050546,2007-08-27,2007,août,lundi,15:15,67,67482,0,0,2,3,6,1,1,4,2,02,1,1,0,110,1,0,1,4,2,24,1,3,9,0,2,1,19,200700050546B01,7,1,1,246700488
200700050549,2007-08-29,2007,août,mercredi,11:40,67,67218,0,0,2,2,3,1,1,4,2,05,1,1,0,160,1,0,1,4,2,73,5,3,9,0,2,4,19,200700050549A01,13,1,1,246700488
200700050554,2007-08-15,2007,août,mercredi,17:00,68,68066,0,0,2,1,3,1,1,3,2,02,1,1,0,150,1,0,5,4,1,37,5,2,2,0,2,1,1,200700050554B01,1,19,1,246800726
200700050554,2007-08-15,2007,août,mercredi,17:00,68,68066,0,0,2,1,3,1,1,3,2,02,1,1,0,150,1,0,5,1,1,12,5,2,2,0,2,0,19,200700050554A01,1,1,1,246800726
200700050557,2007-08-24,2007,août,vendredi,11:35,68,68066,0,0,2,4,3,1,1,4,1,02,1,1,0,80,1,0,1,3,2,31,5,2,2,0,2,3,1,200700050557B01,7,1,1,246800726
200700050577,2007-08-06,2007,août,lundi,14:00,69,69256,0,0,2,2,3,1,1,4,2,02,1,1,0,0,1,0,1,3,1,10,9,2,9,0,2,1,19,200700050577A01,7,1,1,200046977
200700050584,2007-08-28,2007,août,mardi,16:30,69,69013,0,0,2,1,1,1,1,3,2,02,1,1,63,31,1,0,1,3,1,19,5,3,9,0,2,1,11,200700050584B01,7,1,1,200040590
200700050593,2007-08-28,2007,août,mardi,20:25,69,69266,0,0,2,2,6,2,1,4,2,02,-1,1,0,62,1,0,1,4,1,16,5,2,9,0,2,2,1,200700050593B01,7,1,1,200046977
200700050595,2007-08-25,2007,août,samedi,16:25,69,69266,0,0,2,1,6,1,1,4,2,02,1,1,0,59,1,0,1,4,1,24,5,1,9,0,2,7,1,200700050595B01,10,1,1,200046977
200700050620,2007-08-25,2007,août,samedi,14:35,71,71497,0,0,1,9,3,1,1,2,2,02,1,1,0,100,1,0,1,3,1,78,5,3,9,0,0,7,14,200700050620A01,7,1,1,200070308
200700050635,2007-08-14,2007,août,mardi,13:00,72,72181,0,0,2,1,3,1,1,9,3,02,2,1,0,210,1,0,1,3,1,51,9,3,2,0,0,1,19,200700050635A01,7,1,1,247200132
200700050646,2007-08-27,2007,août,lundi,07:50,72,72181,0,0,2,1,3,1,1,9,2,01,1,1,0,78,1,0,1,4,1,56,9,3,2,0,0,0,1,200700050646B01,7,22,1,247200132
200700050650,2007-08-31,2007,août,vendredi,12:00,72,72181,0,0,2,1,7,1,1,3,1,01,1,1,0,30,1,0,1,4,1,58,9,2,9,0,0,1,1,200700050650A01,,,,247200132
200700050660,2007-08-23,2007,août,jeudi,10:45,74,74010,0,0,2,3,6,1,1,4,1,00,1,1,0,0,1,0,1,3,2,63,5,3,9,0,0,1,15,200700050660B01,7,15,1,200066793
200700050710,2007-08-14,2007,août,mardi,15:45,77,77400,0,0,2,1,7,1,1,3,2,02,1,1,0,35,1,0,1,4,1,15,5,1,2,0,0,1,0,200700050710A01,,,,200090504
200700050714,2007-08-24,2007,août,vendredi,17:10,77,77400,0,0,2,1,6,1,1,4,2,01,4,-1,0,0,1,0,3,3,1,16,5,3,9,1,0,5,1,200700050714A01,,,,200090504
200700050715,2007-08-27,2007,août,lundi,11:25,77,77131,0,0,2,1,6,1,1,4,2,02,1,1,0,0,1,0,1,1,1,34,5,2,9,0,1,8,0,200700050715A01,,,,200090504
200700050728,2007-08-01,2007,août,mercredi,19:35,77,77294,0,0,2,2,3,1,1,4,-1,02,1,1,0,0,1,0,1,3,2,69,0,1,9,0,0,0,0,200700050728B01,7,0,1,200055655
200700050731,2007-08-01,2007,août,mercredi,19:45,77,77294,0,0,2,3,3,1,1,4,2,00,-1,1,0,0,1,0,1,4,2,69,0,3,9,0,2,1,1,200700050731B01,7,0,1,200055655
200700050754,2007-08-28,2007,août,mardi,17:30,78,78297,0,0,2,9,3,1,1,4,2,02,1,1,0,60,1,0,5,4,1,21,1,3,9,0,0,2,1,200700050754B01,7,1,1,200058782
200700050755,2007-08-29,2007,août,mercredi,21:40,78,78297,0,0,2,1,3,2,1,4,2,00,1,1,0,0,1,0,1,3,1,14,5,2,9,0,2,8,19,200700050755A01,7,1,1,200058782
200700050768,2007-08-16,2007,août,jeudi,10:50,78,78029,0,0,2,1,6,1,1,3,3,04,1,1,0,0,1,0,1,3,1,59,5,1,2,0,2,8,1,200700050768B01,7,16,1,200059889
200700050772,2007-08-15,2007,août,mercredi,11:45,78,78165,0,0,2,3,3,1,1,4,2,01,1,1,0,32,2,0,1,4,2,75,5,1,4,0,2,7,1,200700050772B01,7,15,1,200058782
200700050808,2007-08-05,2007,août,dimanche,18:00,80,80021,0,0,2,3,3,1,1,4,1,01,1,1,0,30,1,0,1,4,2,23,5,3,9,0,2,1,19,200700050808A01,7,16,1,248000531
200700050813,2007-08-06,2007,août,lundi,18:40,80,80021,0,0,2,3,3,1,1,4,2,04,1,1,20,120,1,0,1,4,1,16,5,3,9,0,2,1,1,200700050813B01,7,15,1,248000531
200700050836,2007-08-20,2007,août,lundi,17:15,81,81065,0,0,2,6,3,1,1,4,1,01,1,2,0,0,1,5,1,4,1,31,5,3,4,0,2,2,1,200700050836B01,7,18,1,248100430
200700050844,2007-08-08,2007,août,mercredi,17:15,82,82121,0,0,2,6,6,1,1,4,-1,01,1,2,0,0,1,0,1,4,2,40,5,3,9,0,2,4,9,200700050844B01,7,9,1,248200099
200700050851,2007-08-28,2007,août,mardi,08:05,83,83118,0,0,2,4,1,1,7,4,-1,02,1,2,0,0,1,5,1,3,1,57,5,3,9,0,2,1,1,200700050851B01,7,11,1,200035319
200700050852,2007-08-27,2007,août,lundi,07:56,83,83118,0,0,2,1,1,1,1,4,2,02,2,3,0,84,1,0,1,3,1,44,1,3,9,0,2,1,0,200700050852B01,10,0,1,200035319
200700050858,2007-08-04,2007,août,samedi,10:20,83,83129,0,0,2,3,6,1,1,3,2,02,1,1,17,71,1,0,5,4,1,62,5,2,2,0,2,8,1,200700050858B01,7,9,1,248300543
200700050870,2007-08-10,2007,août,vendredi,20:00,83,83126,0,0,2,1,6,2,1,3,2,02,1,1,0,0,1,0,1,4,1,26,5,3,9,0,2,1,1,200700050870B01,10,15,1,248300543
200700050901,2007-08-06,2007,août,lundi,11:55,84,84007,0,0,1,1,1,1,1,4,2,02,1,1,0,60,1,0,1,4,1,50,1,1,2,0,2,1,0,200700050901B01,7,0,1,248400251
200700050915,2007-08-29,2007,août,mercredi,20:45,84,84007,0,0,2,1,6,5,1,4,1,01,1,1,0,80,1,6,4,1,1,15,5,2,2,0,1,1,5,200700050915A01,,,,248400251
200700050931,2007-08-27,2007,août,lundi,17:30,85,85194,0,0,2,1,2,1,1,4,3,02,1,1,0,0,1,0,5,4,1,14,9,3,9,0,2,1,2,200700050931B01,7,20,1,200071165
200700050946,2007-08-31,2007,août,vendredi,12:00,86,86194,0,0,2,3,3,1,1,4,2,02,2,1,0,76,1,0,1,4,1,23,9,3,9,0,2,1,1,200700050946B01,7,15,1,200069854
200700050966,2007-08-17,2007,août,vendredi,12:10,87,87085,0,0,2,1,6,1,1,3,2,02,1,1,0,60,1,0,1,4,1,20,5,1,2,16,0,1,2,200700050966A01,,,,248719312
200700050973,2007-08-20,2007,août,lundi,09:16,87,87085,0,0,2,1,6,1,1,3,2,02,1,1,0,50,1,0,1,4,1,59,5,1,2,0,0,1,2,200700050973A01,,,,248719312
200700051012,2007-08-29,2007,août,mercredi,13:00,89,89387,0,0,2,6,3,1,1,4,1,02,1,2,0,0,1,0,1,4,1,68,5,3,9,0,2,4,1,200700051012B01,7,0,1,248900334
200700051023,2007-08-05,2007,août,dimanche,10:15,91,91103,0,0,1,6,3,1,1,3,2,02,1,1,0,74,1,5,1,3,1,46,5,3,2,0,2,4,1,200700051023B01,7,16,1,200057859
200700051025,2007-08-16,2007,août,jeudi,16:35,91,91114,0,0,2,1,3,1,1,2,3,04,1,1,20,20,1,0,1,3,1,57,0,3,9,0,2,8,19,200700051025B01,32,1,1,200058477
200700051026,2007-08-18,2007,août,samedi,09:45,91,91114,0,0,2,6,2,1,1,3,4,02,1,2,20,20,1,5,1,4,1,45,0,3,9,0,2,1,1,200700051026B01,7,15,1,200058477
200700051043,2007-08-05,2007,août,dimanche,20:00,91,91228,0,0,2,1,1,1,1,4,1,01,1,2,0,45,1,0,1,4,1,66,5,2,2,0,2,1,5,200700051043A01,7,1,1,200059228
200700051057,2007-08-27,2007,août,lundi,08:45,91,91471,0,0,2,2,3,1,1,4,2,02,1,1,0,0,1,0,1,4,1,33,0,1,2,0,2,1,19,200700051057B01,7,15,1,200056232
200700051063,2007-08-03,2007,août,vendredi,15:50,92,92002,0,0,2,1,6,1,1,4,-1,00,-1,-1,0,68,1,0,4,1,1,23,5,2,2,0,1,1,0,200700051063A01,,,,200054781
200700051121,2007-08-25,2007,août,samedi,15:40,92,92026,0,0,2,1,3,1,1,3,3,04,1,1,0,168,1,0,1,4,2,46,9,3,9,0,2,8,11,200700051121B01,33,1,1,200054781
200700051128,2007-08-02,2007,août,jeudi,19:20,92,92036,0,0,2,1,1,1,1,3,2,02,1,1,0,60,1,0,1,3,1,21,3,3,9,0,2,1,17,200700051128B01,7,0,1,200054781
200700051148,2007-08-23,2007,août,jeudi,15:50,92,92049,0,0,2,1,3,1,1,3,3,08,1,1,0,0,2,0,1,4,2,24,9,1,9,0,0,0,19,200700051148B01,7,1,1,200054781