Num_Acc,date,an,mois,jour,hrmn,dep,com,lat,long,agg,int,col,lum,atm,catr,circ,nbv,prof,plan,lartpc,larrout,surf,infra,situ,grav,sexe,age,trajet,secuexist,equipement,obs,obsm,choc,manv,vehiculeid,typevehicules,manoeuvehicules,numVehicules,_infos_commune.code_epci
200700051183,2007-08-23,2007,août,jeudi,09:25,92,92046,0,0,2,2,6,1,2,4,2,00,1,1,0,0,2,0,1,4,1,43,1,3,2,0,2,1,1,200700051183B01,10,16,1,200054781
200700051195,2007-08-13,2007,août,lundi,19:35,93,93001,0,0,2,1,3,1,1,4,1,01,1,1,0,0,1,0,1,4,1,10,5,3,9,0,2,6,0,200700051195B01,7,2,1,200054781
200700051213,2007-08-09,2007,août,jeudi,12:15,93,93008,0,0,1,1,1,1,1,4,2,01,2,2,0,0,1,0,1,4,1,12,5,2,2,0,2,1,0,200700051213B01,7,0,1,200054781
200700051215,2007-08-27,2007,août,lundi,13:40,93,93008,0,0,2,1,6,1,1,4,-1,00,1,1,0,0,1,0,4,4,2,64,5,2,2,0,0,1,2,200700051215A01,,,,200054781
200700051232,2007-08-04,2007,août,samedi,20:35,93,93027,0,0,2,2,3,1,1,2,1,02,1,1,0,60,1,0,1,3,1,36,0,2,9,0,2,1,5,200700051232B01,7,1,1,200054781
200700051238,2007-08-31,2007,août,vendredi,12:35,93,93029,0,0,2,2,3,1,1,4,2,02,1,1,0,80,1,5,1,4,2,68,4,3,9,0,2,1,1,200700051238B01,7,16,1,200054781
200700051240,2007-08-04,2007,août,samedi,16:55,93,93079,0,0,2,3,3,1,7,4,2,02,1,1,70,70,1,0,1,4,1,9,5,3,9,0,2,1,2,200700051240A01,7,16,1,200054781
200700051269,2007-08-17,2007,août,vendredi,12:00,93,93048,0,0,2,1,2,1,1,2,2,01,1,1,0,80,1,0,1,4,1,53,5,3,9,0,2,4,1,200700051269B01,32,2,1,200054781
200700051280,2007-08-09,2007,août,jeudi,14:55,93,93051,0,0,2,6,3,1,1,4,1,04,1,1,60,60,1,0,1,4,1,21,0,3,9,1,0,3,18,200700051280B01,7,23,1,200054781
200700051316,2007-08-10,2007,août,vendredi,07:44,93,93070,0,0,2,1,2,1,2,3,2,02,1,1,0,120,2,0,0,3,1,38,0,3,2,0,2,2,1,200700051316B01,10,4,1,200054781
200700051318,2007-08-01,2007,août,mercredi,19:30,93,93071,0,0,2,1,1,1,7,4,2,02,1,1,0,70,-1,0,1,3,2,28,5,3,9,0,2,3,1,200700051318B01,7,15,1,200054781
200700051337,2007-08-23,2007,août,jeudi,13:41,94,94002,0,0,2,2,3,1,2,2,1,01,1,1,0,0,2,0,1,4,1,30,1,2,2,0,2,0,0,200700051337A01,7,1,1,200054781
200700051368,2007-08-30,2007,août,jeudi,18:42,94,94028,0,0,2,1,3,5,1,4,-1,02,1,1,0,100,1,0,1,4,1,11,0,1,4,0,0,0,0,200700051368B01,7,0,1,200054781
200700051372,2007-08-07,2007,août,mardi,09:00,94,94003,0,0,2,1,7,1,1,4,2,00,1,1,0,0,1,0,1,4,1,50,0,1,9,1,0,1,1,200700051372A01,,,,200054781
200700051379,2007-08-27,2007,août,lundi,09:20,94,94003,0,0,2,3,3,1,1,4,2,00,-1,1,0,0,1,0,1,4,1,30,0,2,9,0,2,1,1,200700051379B01,7,15,1,200054781
200700051396,2007-08-12,2007,août,dimanche,20:05,94,94041,0,0,2,1,7,5,2,2,2,04,1,1,0,0,2,0,1,4,1,31,5,2,2,0,0,0,0,200700051396A01,,,,200054781
200700051413,2007-08-02,2007,août,jeudi,07:45,94,94078,0,0,2,9,6,1,1,3,2,02,1,1,0,60,1,0,1,4,1,43,0,1,2,0,2,1,17,200700051413B01,7,13,1,200054781
200700051419,2007-08-28,2007,août,mardi,08:45,94,94078,0,0,2,2,7,1,1,2,-1,04,1,1,0,0,1,0,1,4,2,51,4,3,9,0,0,7,2,200700051419A01,32,2,1,200054781
200700051422,2007-08-02,2007,août,jeudi,16:35,94,94067,0,0,2,1,6,1,7,3,2,02,1,1,0,0,1,0,1,4,1,62,5,2,2,0,0,0,2,200700051422B01,7,22,1,200054781
200700051427,2007-08-17,2007,août,vendredi,12:40,94,94080,0,0,2,2,3,1,1,4,1,01,-1,-1,0,0,1,0,1,4,1,42,5,3,9,0,2,1,2,200700051427B01,10,14,1,200054781
200700051430,2007-08-26,2007,août,dimanche,18:50,94,94080,0,0,2,1,3,1,1,3,2,02,1,1,0,0,1,0,4,4,2,5,5,3,9,15,0,1,1,200700051430A01,7,23,1,200054781
200700051455,2007-08-06,2007,août,lundi,20:20,95,95598,0,0,2,1,6,1,1,3,2,02,1,1,20,64,1,0,1,3,1,20,0,2,2,0,2,1,2,200700051455A01,7,2,1,200056380
200700051456,2007-08-14,2007,août,mardi,11:50,95,95598,0,0,2,9,3,1,1,6,-1,00,1,1,0,50,1,0,0,3,1,11,5,3,2,0,2,1,1,200700051456B01,7,1,1,200056380
200700051456,2007-08-14,2007,août,mardi,11:50,95,95598,0,0,2,9,3,1,1,6,-1,00,1,1,0,50,1,0,0,3,1,5,0,3,2,0,2,1,1,200700051456B01,7,1,1,200056380
200700051460,2007-08-14,2007,août,mardi,18:05,95,95203,0,0,2,6,1,1,1,4,3,02,4,2,0,0,1,5,1,4,1,17,5,3,2,0,2,1,5,200700051460A01,7,1,1,200058485
200700051474,2007-08-29,2007,août,mercredi,18:30,95,95607,0,0,2,2,7,1,1,4,1,01,1,-1,0,50,1,0,1,4,2,8,5,2,2,0,2,1,5,200700051474A01,10,1,1,200058485
200700051771,2007-08-01,2007,août,mercredi,18:40,69,69383,0,0,2,2,3,1,1,4,1,01,1,-1,0,0,1,0,1,4,1,35,5,3,9,0,2,3,1,200700051771A01,37,1,1,200046977
200700051782,2007-08-25,2007,août,samedi,14:15,69,69386,0,0,2,1,2,1,1,4,1,05,1,1,0,0,1,0,1,4,1,22,5,1,2,0,2,1,2,200700051782A01,7,2,1,200046977
200700051783,2007-08-30,2007,août,jeudi,19:40,69,69386,0,0,2,1,3,1,1,4,1,05,1,1,0,0,1,0,1,3,1,28,5,2,2,0,2,1,7,200700051783B01,7,16,1,200046977
200700051836,2007-08-27,2007,août,lundi,20:45,69,69388,0,0,2,2,3,2,1,4,2,02,1,1,0,0,1,0,1,4,2,12,5,3,9,0,2,4,15,200700051836A01,7,1,1,200046977
200700051920,2007-08-08,2007,août,mercredi,09:30,75,75101,0,0,2,1,3,1,3,4,2,04,1,1,0,154,2,0,1,4,1,44,1,3,9,0,2,7,1,200700051920B01,10,9,1,200054781
200700051921,2007-08-11,2007,août,samedi,00:20,75,75101,0,0,2,1,6,5,1,4,1,02,1,1,0,85,1,0,1,4,1,22,5,1,2,1,0,1,1,200700051921B01,10,24,1,200054781
200700051931,2007-08-03,2007,août,vendredi,12:36,75,75103,0,0,2,1,3,1,1,4,1,02,1,1,10,50,1,0,1,4,1,34,5,3,9,0,0,3,7,200700051931B01,7,7,1,200054781
200700051936,2007-08-26,2007,août,dimanche,15:48,75,75103,0,0,2,1,3,1,1,4,1,28,1,1,0,80,1,0,1,3,1,18,5,3,9,0,0,6,11,200700051936A01,32,1,1,200054781
200700051940,2007-08-10,2007,août,vendredi,22:00,75,75104,0,0,2,1,2,5,1,9,1,01,1,1,0,80,1,6,4,1,1,25,5,3,9,0,2,3,1,200700051940A01,1,2,1,200054781
200700051940,2007-08-10,2007,août,vendredi,22:00,75,75104,0,0,2,1,2,5,1,9,1,01,1,1,0,80,1,6,4,4,2,21,5,3,9,0,0,5,2,200700051940B01,1,1,1,200054781
200700051942,2007-08-16,2007,août,jeudi,11:30,75,75104,0,0,2,1,2,1,1,4,2,03,1,1,0,101,1,0,5,4,2,26,5,3,4,0,2,1,2,200700051942A01,1,2,1,200054781
200700051942,2007-08-16,2007,août,jeudi,11:30,75,75104,0,0,2,1,2,1,1,4,2,03,1,1,0,101,1,0,5,1,1,56,5,2,4,0,0,4,2,200700051942B01,1,2,1,200054781
200700051944,2007-08-20,2007,août,lundi,16:20,75,75104,0,0,2,1,7,1,8,4,2,04,1,1,0,197,1,0,1,4,1,75,5,3,9,0,0,0,2,200700051944A01,7,14,1,200054781
200700051946,2007-08-22,2007,août,mercredi,17:50,75,75104,0,0,2,1,2,1,2,4,1,03,1,-1,0,148,2,0,1,4,1,48,4,1,4,0,2,1,2,200700051946A01,7,2,1,200054781
200700051947,2007-08-23,2007,août,jeudi,19:19,75,75104,0,0,2,1,6,1,2,4,1,03,1,1,0,115,2,0,1,4,2,44,5,2,4,0,1,1,1,200700051947A01,,,,200054781
200700051948,2007-08-24,2007,août,vendredi,20:47,75,75104,0,0,2,1,3,5,1,4,1,03,1,1,0,126,1,0,1,4,2,30,5,3,9,0,0,0,7,200700051948B01,37,7,1,200054781
200700051958,2007-08-24,2007,août,vendredi,19:13,75,75105,0,0,2,3,3,1,8,4,1,03,1,1,0,131,1,0,5,4,2,37,1,3,9,0,2,3,7,200700051958B01,37,2,1,200054781
200700051971,2007-08-22,2007,août,mercredi,12:23,75,75106,0,0,2,1,2,1,8,4,1,05,1,1,0,153,2,0,1,4,1,49,1,3,2,0,0,5,1,200700051971B01,7,11,1,200054781
200700051986,2007-08-26,2007,août,dimanche,10:40,75,75107,0,0,2,1,6,1,1,4,2,02,1,1,0,139,1,0,1,4,1,31,5,3,9,1,0,1,1,200700051986B01,7,22,1,200054781
200700051987,2007-08-27,2007,août,lundi,09:20,75,75107,0,0,2,9,4,1,1,4,3,04,1,3,10,300,1,2,1,4,1,38,0,3,9,0,0,7,19,200700051987C01,7,2,2,200054781
200700052029,2007-08-10,2007,août,vendredi,01:40,75,75109,0,0,2,1,7,5,1,9,1,01,2,1,0,50,1,0,1,4,1,28,5,3,9,0,0,1,2,200700052029A01,,,,200054781
200700052045,2007-08-13,2007,août,lundi,11:20,75,75110,0,0,2,2,1,1,1,4,2,02,1,1,0,65,1,5,1,4,1,26,1,3,9,0,2,1,0,200700052045B01,37,0,1,200054781
200700052049,2007-08-18,2007,août,samedi,18:20,75,75110,0,0,2,2,2,1,1,4,1,03,1,1,0,98,1,0,1,4,1,23,5,3,9,0,2,1,1,200700052049A01,7,16,1,200054781
200700052052,2007-08-24,2007,août,vendredi,15:10,75,75110,0,0,2,1,7,1,1,4,1,01,1,1,0,55,1,0,5,4,1,42,5,1,4,0,0,0,1,200700052052A01,,,,200054781
200700052055,2007-08-26,2007,août,dimanche,03:15,75,75110,0,0,2,1,3,5,1,4,2,04,1,1,0,125,1,0,1,4,2,44,5,1,9,0,2,8,7,200700052055B01,7,7,1,200054781
200700052057,2007-08-30,2007,août,jeudi,09:05,75,75110,0,0,2,1,5,1,1,4,1,03,1,1,0,102,2,0,1,4,1,35,1,3,4,0,2,4,7,200700052057B01,7,7 / 1,2,200054781
200700052060,2007-08-03,2007,août,vendredi,09:45,75,75111,0,0,2,2,3,1,1,4,2,02,1,-1,0,154,1,0,1,4,1,27,1,1,9,0,0,0,0,200700052060B01,7,1,1,200054781
200700052064,2007-08-06,2007,août,lundi,18:48,75,75111,0,0,2,3,2,1,1,4,1,01,1,1,0,124,1,0,1,4,1,68,0,3,9,0,0,4,2,200700052064B01,7,2,1,200054781
200700052084,2007-08-30,2007,août,jeudi,14:00,75,75111,0,0,2,1,3,1,1,4,2,01,1,1,0,70,1,0,1,4,1,19,5,3,9,0,2,1,5,200700052084A01,31,1,1,200054781
200700052095,2007-08-06,2007,août,lundi,08:55,75,75112,0,0,2,2,3,1,3,4,2,03,1,1,0,200,2,0,1,4,1,53,1,1,2,0,2,8,19,200700052095B01,7,1,1,200054781
200700052096,2007-08-09,2007,août,jeudi,11:45,75,75112,0,0,2,1,7,1,8,4,-1,01,1,3,0,30,1,0,5,3,1,59,5,1,2,0,0,0,0,200700052096A01,,,,200054781
200700052097,2007-08-09,2007,août,jeudi,13:15,75,75112,0,0,2,1,7,1,8,4,2,03,1,1,0,90,1,0,1,4,2,38,5,2,9,0,0,0,0,200700052097A01,,,,200054781
200700052098,2007-08-09,2007,août,jeudi,15:40,75,75112,0,0,2,1,6,1,8,4,2,00,1,1,0,90,1,0,4,4,2,66,5,3,9,6,0,3,1,200700052098A01,7,1,1,200054781
200700052101,2007-08-13,2007,août,lundi,20:00,75,75112,0,0,2,6,2,1,1,4,1,00,1,2,0,260,1,0,1,4,2,56,5,3,9,0,0,4,2,200700052101B01,7,2,1,200054781
200700052111,2007-08-25,2007,août,samedi,12:20,75,75112,0,0,2,1,7,1,1,9,1,01,2,1,0,60,1,0,5,4,1,60,5,3,2,16,0,7,2,200700052111A01,,,,200054781
200700052126,2007-08-03,2007,août,vendredi,20:05,75,75113,0,0,2,1,6,1,1,4,1,02,2,1,0,58,1,0,1,4,1,75,3,3,9,0,2,6,11,200700052126B01,7,0,1,200054781
200700052129,2007-08-05,2007,août,dimanche,12:30,75,75113,0,0,2,1,3,1,1,9,2,02,1,1,0,96,1,0,1,4,1,16,5,3,9,0,9,1,22,200700052129B01,7,22,1,200054781
200700052145,2007-08-29,2007,août,mercredi,14:40,75,75113,0,0,2,1,3,1,1,4,2,02,1,1,0,100,1,0,1,4,2,20,1,3,9,0,0,3,10,200700052145A01,32,2,1,200054781
200700052157,2007-08-01,2007,août,mercredi,15:45,75,75114,0,0,2,7,6,1,1,4,1,04,1,1,0,140,1,0,1,4,2,24,0,3,9,1,0,1,3,200700052157B01,7 / 37,0 / 1,2,200054781
200700052166,2007-08-24,2007,août,vendredi,08:35,75,75114,0,0,2,3,3,1,2,4,1,01,1,1,0,120,2,0,1,1,1,40,5,3,2,0,2,1,2,200700052166A01,2,2,1,200054781
200700052170,2007-08-30,2007,août,jeudi,18:50,75,75114,0,0,2,1,3,1,1,9,2,04,1,-1,0,178,1,0,1,4,2,59,5,3,9,0,0,0,2,200700052170A01,7,2,1,200054781
200700052180,2007-08-05,2007,août,dimanche,21:30,75,75115,0,0,2,1,6,5,1,4,3,02,1,1,0,4,1,0,1,4,1,15,0,2,9,0,0,0,11,200700052180A01,7,1,1,200054781
200700052212,2007-08-05,2007,août,dimanche,16:50,75,75116,0,0,2,1,7,1,1,4,-1,01,1,3,0,80,1,0,1,4,1,39,5,3,9,0,0,1,0,200700052212A01,,,,200054781
200700052221,2007-08-11,2007,août,samedi,11:10,75,75116,0,0,2,1,5,1,1,4,1,01,1,1,0,0,1,0,5,4,1,58,5,1,9,0,2,1,2,200700052221A01,1,2 / 1,3,200054781
200700052221,2007-08-11,2007,août,samedi,11:10,75,75116,0,0,2,1,5,1,1,4,1,01,1,1,0,0,1,0,5,4,1,32,5,3,9,0,2,0,2,200700052221B01,1,2 / 1,3,200054781
200700052221,2007-08-11,2007,août,samedi,11:10,75,75116,0,0,2,1,5,1,1,4,1,01,1,1,0,0,1,0,5,4,1,45,5,3,9,0,2,0,1,200700052221C01,1,2,3,200054781
200700052221,2007-08-11,2007,août,samedi,11:10,75,75116,0,0,2,1,5,1,1,4,1,01,1,1,0,0,1,0,5,4,1,38,5,3,2,0,2,0,2,200700052221D01,1,2 / 1,3,200054781
200700052235,2007-08-26,2007,août,dimanche,18:45,75,75116,0,0,2,1,3,1,1,4,2,02,1,1,0,50,1,0,1,4,1,46,5,2,2,1,0,7,0,200700052235B01,7,22,1,200054781
200700052238,2007-08-28,2007,août,mardi,20:00,75,75116,0,0,2,1,6,2,1,9,2,01,2,1,0,0,1,0,5,3,2,28,5,3,0,0,1,1,1,200700052238A01,,,,200054781
200700052238,2007-08-28,2007,août,mardi,20:00,75,75116,0,0,2,1,6,2,1,9,2,01,2,1,0,0,1,0,5,4,1,28,5,3,9,0,1,1,1,200700052238A01,,,,200054781
200700052274,2007-08-13,2007,août,lundi,08:15,75,75118,0,0,2,1,3,1,1,4,1,01,1,1,0,50,1,0,5,4,1,22,1,3,9,0,2,1,2,200700052274B01,7,16,1,200054781
200700052295,2007-08-26,2007,août,dimanche,13:02,75,75118,0,0,2,1,7,1,1,4,2,02,1,1,30,60,1,0,1,4,2,11,5,3,9,0,0,0,0,200700052295A01,,,,200054781
200700052301,2007-08-01,2007,août,mercredi,11:20,75,75119,0,0,2,1,3,1,1,4,-1,00,1,1,0,0,1,0,4,4,1,61,0,2,2,0,2,1,1,200700052301B01,7,1,1,200054781
200700052325,2007-08-27,2007,août,lundi,21:45,75,75119,0,0,2,1,1,5,1,4,2,02,1,1,0,100,1,0,5,4,1,29,5,2,9,0,2,8,1,200700052325B01,7,16,1,200054781
200700052329,2007-08-31,2007,août,vendredi,09:25,75,75119,0,0,2,1,6,1,1,9,1,01,2,1,0,0,1,0,5,4,1,29,1,3,9,0,0,1,1,200700052329A01,,,,200054781
200700052337,2007-08-14,2007,août,mardi,16:50,75,75120,0,0,2,6,2,1,8,4,1,04,1,3,0,210,1,5,1,3,2,50,0,2,9,0,0,4,2,200700052337B01,7,2,1,200054781
200700052347,2007-08-25,2007,août,samedi,01:50,75,75120,0,0,2,1,7,5,1,4,2,02,1,1,0,100,1,0,1,4,1,23,5,2,9,0,0,0,2,200700052347A01,,,,200054781
200700052356,2007-08-30,2007,août,jeudi,08:12,75,75120,0,0,2,2,3,1,1,4,1,02,1,1,0,70,1,5,1,4,2,43,1,2,9,0,2,8,1,200700052356B01,13,16,1,200054781
200700052357,2007-08-30,2007,août,jeudi,09:30,75,75120,0,0,2,3,6,1,1,4,1,01,1,1,150,70,1,0,1,4,2,23,1,3,9,0,2,0,0,200700052357B01,14,16,1,200054781
200700052358,2007-08-30,2007,août,jeudi,14:30,75,75120,0,0,2,1,7,1,1,4,2,02,2,1,0,119,1,0,1,4,1,10,0,3,9,0,0,0,0,200700052358A01,,,,200054781
200700052366,2007-08-08,2007,août,mercredi,05:55,75,75110,0,0,2,5,3,5,3,4,2,04,1,1,40,176,2,5,1,3,2,35,4,2,9,0,2,1,19,200700052366B01,14,16,1,200054781
200700052368,2007-08-09,2007,août,jeudi,17:50,75,75112,0,0,2,1,6,1,1,4,1,02,2,1,0,99,1,0,1,2,1,50,5,2,2,0,9,4,2,200700052368A01,,,,200054781
200700052373,2007-08-13,2007,août,lundi,19:20,75,75111,0,0,2,1,2,1,1,4,3,04,1,1,0,122,1,0,1,4,1,34,4,1,2,0,2,1,2,200700052373A01,7,2,1,200054781
200700052496,2007-08-11,2007,août,samedi,10:20,14,14225,0,0,2,6,2,1,1,4,2,01,1,3,0,0,1,5,1,3,2,12,5,3,9,0,2,1,2,200700052496A01,7,2,1,200065563
200700052497,2007-07-20,2007,juillet,vendredi,12:55,18,18205,0,0,2,1,3,1,8,4,2,01,1,-1,0,25,2,2,1,4,1,55,1,3,9,0,2,1,1,200700052497B01,7,1,1,241800507
200700052500,2007-03-02,2007,mars,vendredi,18:10,31,31149,0,0,2,1,3,1,1,4,2,02,1,-1,0,0,1,0,1,4,1,54,1,3,0,0,2,8,1,200700052500B01,7,16,1,243100518
200700052513,2007-08-14,2007,août,mardi,08:25,31,31555,0,0,2,3,6,1,1,4,1,03,1,1,0,90,1,0,1,3,2,47,1,3,2,0,0,1,19,200700052513A01,7,16,1,243100518
200700052516,2007-07-10,2007,juillet,mardi,09:15,59,59606,0,0,2,2,6,1,1,4,2,02,1,1,0,45,2,0,1,4,2,22,4,1,9,0,2,8,19,200700052516B01,7,16,1,245901160
200700052519,2007-06-04,2007,juin,lundi,17:15,83,83126,0,0,2,5,3,1,1,3,4,05,1,1,0,0,1,5,1,4,1,13,2,3,9,0,2,0,1,200700052519B01,7,1,1,248300543
200700052524,2007-06-12,2007,juin,mardi,19:40,83,83153,0,0,2,1,3,1,1,4,2,02,2,4,0,56,1,0,1,3,1,49,5,3,9,0,2,0,0,200700052524B01,7,1,1,248300543
200700052533,2007-08-19,2007,août,dimanche,07:15,93,93070,0,0,2,1,6,1,2,4,2,05,1,1,0,0,2,0,1,3,1,52,0,2,2,0,0,0,0,200700052533B01,,,,200054781
200700052616,2007-09-16,2007,septembre,dimanche,10:45,59,59466,50.526,3.114,2,1,1,1,8,3,2,02,1,1,0,90,1,0,1,3,1,61,5,3,0,1,0,1,1,200700052616B02,7,24,1,200041960
200700052640,2007-09-02,2007,septembre,dimanche,12:00,59,59157,50.25,4.153,2,1,3,1,1,3,2,00,-1,1,0,40,1,0,1,3,1,13,0,3,0,0,0,0,0,200700052640B02,7,1,1,200043396
200700052641,2007-09-22,2007,septembre,samedi,14:30,62,62121,50.133,2.876,2,1,1,1,1,4,2,02,1,1,0,55,1,0,1,3,1,3,5,3,0,0,2,6,15,200700052641B02,7,1,1,200035442
200700052679,2007-09-08,2007,septembre,samedi,10:30,80,80096,0,0,2,1,1,1,1,3,-1,02,-1,1,0,0,1,0,1,3,1,48,5,1,9,0,0,0,0,200700052679B02,7,15,1,200070944
200700052680,2007-09-22,2007,septembre,samedi,17:30,80,80373,0,0,2,1,1,1,1,3,2,00,-1,1,0,70,1,0,1,3,2,43,1,3,0,0,2,8,15,200700052680B02,7,17,1,247600588
200700052681,2007-09-20,2007,septembre,jeudi,17:30,80,80149,0,0,1,1,2,1,1,3,2,00,1,1,0,90,1,0,1,4,1,15,5,1,2,0,0,4,11,200700052681B02,10,1,1,200070936
200700052754,2007-09-16,2007,septembre,dimanche,11:15,60,60139,0,0,1,1,1,1,1,3,2,00,4,1,0,0,1,0,1,3,1,68,5,3,0,0,0,1,1,200700052754B02,7,13,1,200067973
200700052785,2007-09-08,2007,septembre,samedi,10:30,76,76065,0,0,1,2,3,1,1,3,2,02,1,1,0,48,-1,5,1,3,1,55,5,3,0,0,2,1,1,200700052785B02,7,19,1,200069730
200700052822,2007-09-22,2007,septembre,samedi,15:00,35,35066,0,0,1,1,2,1,1,3,2,02,1,1,0,0,1,3,1,3,1,65,5,1,2,0,0,4,1,200700052822B02,14,3,1,243500139
200700052837,2007-09-11,2007,septembre,mardi,15:00,35,35360,0,0,2,6,3,2,1,3,-1,02,1,1,0,64,1,5,5,3,2,57,1,2,2,0,2,7,1,200700052837B02,38,9,1,200039022
200700052847,2007-09-19,2007,septembre,mercredi,16:15,22,22222,0,0,1,1,3,1,1,3,2,00,1,1,71,0,1,0,1,2,1,79,4,3,0,0,0,0,2,200700052847B02,15,2,1,200069086
200700052897,2007-09-22,2007,septembre,samedi,11:00,56,56113,48.059,-3.213,1,1,3,1,1,3,2,02,2,1,0,74,1,0,1,3,1,71,3,3,0,0,2,8,15,200700052897A01,7,1,1,245614417
200700052922,2007-09-29,2007,septembre,samedi,16:00,50,50639,48.84,-1.23,2,1,1,1,1,4,2,00,2,1,0,50,-1,5,1,3,1,11,5,3,0,0,2,8,15,200700052922A01,7,1,1,200043354
200700052937,2007-09-03,2007,septembre,lundi,19:00,50,50582,48.73,-0.901,1,1,1,2,7,3,2,00,2,1,0,45,1,0,1,3,1,45,5,3,0,0,0,1,1,200700052937B02,7,15,1,200069425
200700052941,2007-09-22,2007,septembre,samedi,16:15,61,61415,0,0,1,3,3,1,1,3,2,02,1,3,0,47,1,0,1,3,2,15,5,3,0,0,2,7,15,200700052941B02,10,1,1,200035103
200700052979,2007-09-23,2007,septembre,dimanche,08:30,44,44208,0,0,1,9,1,1,1,3,2,01,1,3,0,51,1,0,1,3,1,9,5,3,0,0,2,6,19,200700052979A01,7,1,1,244400537
200700053038,2007-09-07,2007,septembre,vendredi,16:00,72,72132,48.191,0.658,2,1,1,1,1,3,2,00,2,1,0,0,1,5,1,3,1,84,5,3,0,0,0,0,16,200700053038B02,2,16,1,247200686
200700053095,2007-09-24,2007,septembre,lundi,18:00,33,33146,45.119,-0.734,2,1,1,1,1,4,2,02,1,1,0,45,1,0,1,3,1,4,0,3,0,0,2,6,19,200700053095B02,7,1,1,243301447
200700053098,2007-09-07,2007,septembre,vendredi,10:00,33,33243,0,0,2,1,5,1,8,3,2,02,1,1,0,31,1,0,1,3,1,33,5,1,2,0,2,4,2,200700053098B02,7,2,1,200070092
200700053098,2007-09-07,2007,septembre,vendredi,10:00,33,33243,0,0,2,1,5,1,8,3,2,02,1,1,0,31,1,0,1,3,1,37,5,1,2,0,2,4,2,200700053098C03,7,2,1,200070092
200700053121,2007-09-14,2007,septembre,vendredi,07:15,40,40283,43.759,-0.981,2,1,1,2,9,4,2,00,2,1,0,84,1,0,1,2,1,70,3,2,4,0,2,1,1,200700053121B02,37,15,1,244000675
200700053122,2007-09-04,2007,septembre,mardi,10:30,40,40075,43.887,-1.148,2,1,5,1,1,3,2,02,1,1,0,76,1,5,1,2,1,68,5,3,0,0,2,2,1,200700053122B02,7 / 15,15 / 1,2,244000857
200700053189,2007-09-20,2007,septembre,jeudi,18:15,17,17403,0,0,1,1,2,1,1,3,2,01,-1,1,0,65,1,0,1,3,1,20,0,3,0,0,2,4,1,200700053189B02,7,2,1,200041523
200700053193,2007-09-11,2007,septembre,mardi,11:45,17,17299,45.934,-0.965,2,6,1,1,1,9,1,02,1,2,0,0,1,5,1,4,1,76,5,0,2,0,0,0,1,200700053193B02,7,16,1,200041762
200700053202,2007-09-02,2007,septembre,dimanche,08:45,17,17292,0,0,1,1,2,1,7,3,2,02,1,1,0,69,1,0,1,3,1,56,5,3,0,0,0,6,1,200700053202B02,7,1,1,200041689
200700053217,2007-09-04,2007,septembre,mardi,18:45,79,79075,46.663,-0.6,1,1,1,1,1,4,2,02,2,1,0,34,1,0,1,3,1,11,5,3,0,0,2,1,13,200700053217A01,7,1,1,
200700053272,2007-09-15,2007,septembre,samedi,16:15,09,09225,0,0,1,1,1,1,1,3,2,02,1,1,0,70,1,0,1,3,1,18,1,3,0,0,0,1,19,200700053272B02,7,17,1,200066231
200700053331,2007-09-16,2007,septembre,dimanche,20:45,81,81289,0,0,1,1,1,3,1,3,2,02,1,1,0,0,1,0,1,3,1,72,9,3,0,0,2,2,15,200700053331B02,7,2,1,248100158
200700053336,2007-09-20,2007,septembre,jeudi,10:15,82,82087,44.129,1.308,1,1,6,1,1,4,2,02,1,1,0,41,1,0,3,3,1,71,5,3,0,13,5,1,1,200700053336A01,,,,200067122
200700053369,2007-09-13,2007,septembre,jeudi,12:00,69,69249,0,0,1,1,7,1,1,3,2,00,-1,-1,0,0,1,0,1,2,1,73,5,3,0,0,0,1,0,200700053369A01,,,,246900724
200700053371,2007-09-13,2007,septembre,jeudi,19:00,69,69028,0,0,1,1,6,1,1,3,2,02,1,1,0,0,1,0,1,3,2,59,5,3,0,0,5,2,0,200700053371A01,,,,246900724
200700053380,2007-09-15,2007,septembre,samedi,10:45,69,69105,0,0,2,1,2,1,1,3,2,00,-1,1,0,60,1,0,1,4,1,13,5,3,0,0,2,1,1,200700053380A01,7,23,1,200040590
200700053431,2007-09-06,2007,septembre,jeudi,17:00,07,07042,0,0,2,1,7,1,1,9,2,02,2,1,0,60,1,0,1,3,1,16,9,3,0,12,0,1,0,200700053431A01,,,,240700864
200700053439,2007-09-03,2007,septembre,lundi,06:45,26,26144,44.751,4.888,1,1,2,2,1,3,2,02,1,2,0,72,1,0,3,3,1,45,1,1,4,0,2,4,2,200700053439B02,7,14,1,242600252
200700053454,2007-09-25,2007,septembre,mardi,21:00,38,38422,0,0,1,1,1,5,2,3,2,02,2,1,0,60,2,0,1,3,1,29,1,3,0,0,2,1,1,200700053454B02,7,13,1,200018166
200700053456,2007-09-22,2007,septembre,samedi,14:00,38,38158,0,0,2,1,3,1,1,3,2,02,-1,1,0,0,1,0,5,3,1,30,5,1,2,0,2,7,1,200700053456B02,7,16,1,200040715
200700053465,2007-09-28,2007,septembre,vendredi,12:30,38,38565,45.296,5.631,2,1,2,1,2,4,2,00,4,1,0,55,2,0,1,3,1,48,1,3,0,1,0,1,1,200700053465A01,14,24,1,243800984
200700053496,2007-09-28,2007,septembre,vendredi,19:30,38,38537,0,0,2,1,1,2,1,3,2,02,1,1,0,0,1,5,1,3,1,11,5,3,0,0,1,2,1,200700053496A01,7,0,1,243800604