Num_Acc,date,an,mois,jour,hrmn,dep,com,lat,long,agg,int,col,lum,atm,catr,circ,nbv,prof,plan,lartpc,larrout,surf,infra,situ,grav,sexe,age,trajet,secuexist,equipement,obs,obsm,choc,manv,vehiculeid,typevehicules,manoeuvehicules,numVehicules,_infos_commune.code_epci
200700057838,2007-09-20,2007,septembre,jeudi,11:35,84,84087,0,0,2,1,3,1,1,4,2,03,1,1,9,113,1,0,1,4,1,68,5,2,2,0,2,1,1,200700057838B01,7,15,1,248400236
200700057846,2007-09-07,2007,septembre,vendredi,07:50,85,85194,0,0,2,6,7,1,1,4,2,02,1,3,0,0,1,0,0,1,1,15,2,3,9,0,0,0,2,200700057846A01,4,2,1,200071165
200700057852,2007-09-21,2007,septembre,vendredi,16:10,85,85194,0,0,2,1,3,1,1,4,2,02,1,1,0,0,1,0,1,4,1,13,2,3,9,0,2,4,15,200700057852B01,2,17,1,200071165
200700057853,2007-09-21,2007,septembre,vendredi,16:45,85,85194,0,0,2,1,1,1,1,4,2,02,1,4,0,60,1,0,5,3,1,63,5,3,9,0,2,1,2,200700057853A01,1,19,1,200071165
200700057853,2007-09-21,2007,septembre,vendredi,16:45,85,85194,0,0,2,1,1,1,1,4,2,02,1,4,0,60,1,0,5,4,1,47,5,3,9,0,2,1,19,200700057853B01,1,2,1,200071165
200700057855,2007-09-28,2007,septembre,vendredi,17:00,85,85194,0,0,2,1,3,1,1,3,2,02,1,1,0,64,1,0,1,4,1,37,2,3,9,0,2,1,2,200700057855B01,7,22,1,200071165
200700057866,2007-09-13,2007,septembre,jeudi,14:50,86,86194,0,0,2,2,3,1,1,4,2,02,1,1,0,70,1,0,1,4,2,18,9,3,9,0,2,5,1,200700057866B01,7,1,1,200069854
200700057891,2007-09-11,2007,septembre,mardi,18:51,87,87085,0,0,2,1,3,1,1,4,2,02,1,1,0,60,1,0,5,4,1,33,9,1,2,1,0,1,2,200700057891B01,7,22,1,248719312
200700057895,2007-09-13,2007,septembre,jeudi,12:01,87,87085,0,0,2,1,7,1,1,4,3,04,-1,1,10,120,1,0,1,3,1,57,1,2,2,0,0,0,1,200700057895A01,,,,248719312
200700057922,2007-09-25,2007,septembre,mardi,17:25,87,87085,0,0,2,1,6,1,1,4,2,03,-1,1,0,90,1,0,1,1,1,38,1,2,2,0,1,1,1,200700057922A01,,,,248719312
200700057929,2007-09-28,2007,septembre,vendredi,19:01,87,87085,0,0,2,2,1,1,1,4,1,01,1,1,0,30,1,0,1,3,1,32,9,3,0,0,2,1,2,200700057929A01,7,2,1,248719312
200700057940,2007-09-13,2007,septembre,jeudi,15:05,88,88160,0,0,1,1,2,1,1,3,2,02,1,1,0,65,1,0,1,3,1,65,5,2,2,0,2,4,1,200700057940B01,7,2,1,200068757
200700057956,2007-09-01,2007,septembre,samedi,15:30,90,90001,0,0,2,1,1,1,1,6,2,02,1,3,0,29,1,2,5,4,1,18,5,3,2,0,2,1,1,200700057956A01,1,1,1,200069052
200700057956,2007-09-01,2007,septembre,samedi,15:30,90,90001,0,0,2,1,1,1,1,6,2,02,1,3,0,29,1,2,5,4,1,46,5,2,2,0,2,1,1,200700057956B01,1,1,1,200069052
200700057971,2007-09-14,2007,septembre,vendredi,09:40,91,91114,0,0,2,1,3,1,1,4,2,04,1,1,56,64,1,0,1,3,1,17,2,2,9,0,2,8,1,200700057971B01,7,1,1,200058477
200700057977,2007-09-03,2007,septembre,lundi,13:00,91,91201,0,0,2,1,6,1,1,4,2,00,1,1,0,0,1,0,1,4,2,1,9,3,9,0,2,1,1,200700057977A01,7,1,1,200058477
200700057978,2007-09-05,2007,septembre,mercredi,08:20,91,91201,0,0,2,1,6,1,1,4,2,00,1,1,0,0,1,0,1,4,1,16,9,3,9,0,2,1,1,200700057978B01,7,1,1,200058477
200700057993,2007-09-14,2007,septembre,vendredi,20:55,91,91228,0,0,2,2,3,5,1,4,3,02,1,1,0,0,1,0,1,4,1,44,9,2,2,0,2,1,1,200700057993B01,7,15,1,200059228
200700058019,2007-09-04,2007,septembre,mardi,16:45,91,91692,0,0,2,1,2,1,1,4,2,02,1,1,0,104,1,0,1,4,1,19,3,2,2,0,2,1,2,200700058019B01,7,23,1,200056232
200700058029,2007-09-17,2007,septembre,lundi,07:50,92,92004,0,0,2,2,2,1,1,4,1,01,-1,-1,0,0,1,0,1,4,1,30,1,1,2,0,2,4,0,200700058029B01,7,0,1,200054781
200700058030,2007-09-17,2007,septembre,lundi,13:30,92,92009,0,0,2,1,6,1,1,4,2,02,1,1,0,50,1,0,1,4,2,16,0,3,9,0,1,1,21,200700058030A01,,,,200054781
200700058035,2007-09-27,2007,septembre,jeudi,08:25,92,92009,0,0,2,3,6,1,1,4,1,01,1,1,0,25,1,0,1,4,1,10,9,3,9,0,2,8,19,200700058035B01,10,1,1,200054781
200700058042,2007-09-12,2007,septembre,mercredi,14:24,92,92012,0,0,2,6,2,1,1,3,1,00,-1,3,0,125,1,0,1,3,1,54,1,1,2,0,2,1,21,200700058042A01,1,2,1,200054781
200700058042,2007-09-12,2007,septembre,mercredi,14:24,92,92012,0,0,2,6,2,1,1,3,1,00,-1,3,0,125,1,0,1,1,1,10,5,1,2,0,0,4,2,200700058042B01,1,21,1,200054781
200700058066,2007-09-25,2007,septembre,mardi,17:17,92,92071,0,0,2,1,6,1,1,3,2,02,1,1,0,40,1,0,3,4,1,24,2,2,2,0,2,2,1,200700058066B01,7,22,1,200054781
200700058077,2007-09-18,2007,septembre,mardi,11:20,92,92024,0,0,2,1,2,1,1,4,1,03,1,1,0,0,1,0,1,4,1,26,0,3,9,0,2,4,12,200700058077B01,33,1,1,200054781
200700058110,2007-09-17,2007,septembre,lundi,00:05,92,92036,0,0,2,1,2,5,1,3,1,02,1,1,0,40,1,0,1,3,1,61,5,2,2,0,0,4,1,200700058110B01,7,9,1,200054781
200700058116,2007-09-25,2007,septembre,mardi,09:20,92,92036,0,0,2,2,6,1,1,3,1,03,1,1,0,100,1,0,1,1,1,28,1,3,9,0,1,1,1,200700058116A01,,,,200054781
200700058144,2007-09-06,2007,septembre,jeudi,07:30,92,92050,0,0,2,1,2,2,1,3,3,04,4,1,0,160,1,0,1,4,1,33,1,3,9,0,2,3,1,200700058144B01,7,16,1,200054781
200700058216,2007-09-11,2007,septembre,mardi,12:20,93,93001,0,0,2,1,1,1,1,4,1,01,1,-1,0,80,1,0,1,3,1,17,2,3,9,0,9,1,0,200700058216B01,2,5,1,200054781
200700058219,2007-09-15,2007,septembre,samedi,16:25,93,93001,0,0,2,1,3,1,1,3,2,04,1,1,0,120,1,0,1,3,1,9,0,2,2,0,2,1,19,200700058219A01,30,1,1,200054781
200700058220,2007-09-18,2007,septembre,mardi,20:00,93,93001,0,0,2,1,6,1,1,4,-1,00,1,-1,0,0,1,6,4,1,1,19,0,3,9,0,1,0,0,200700058220A01,,,,200054781
200700058224,2007-09-01,2007,septembre,samedi,18:00,93,93005,0,0,2,2,3,1,1,2,3,02,1,1,0,0,1,5,1,3,1,47,5,2,9,0,0,3,1,200700058224B01,7,12,1,200054781
200700058294,2007-09-01,2007,septembre,samedi,22:30,93,93045,0,0,2,2,3,5,1,3,3,02,1,1,0,0,1,0,1,3,1,13,0,3,9,0,0,0,19,200700058294B01,7,15,1,200054781
200700058317,2007-09-04,2007,septembre,mardi,08:50,93,93046,0,0,2,1,3,1,1,2,1,02,1,1,0,0,1,0,4,4,1,22,0,1,9,0,0,0,0,200700058317A01,7,0,1,200054781
200700058321,2007-09-16,2007,septembre,dimanche,11:30,93,93046,0,0,2,3,3,1,1,4,2,02,1,1,0,45,1,0,1,4,2,78,3,3,9,0,2,8,1,200700058321B01,7,10,1,200054781
200700058329,2007-09-04,2007,septembre,mardi,13:10,93,93048,0,0,2,1,2,1,1,4,1,01,1,1,0,0,1,0,1,4,2,41,1,3,9,0,2,1,2,200700058329B01,10,4,1,200054781
200700058345,2007-09-15,2007,septembre,samedi,20:35,93,93033,0,0,2,1,1,3,1,6,2,02,1,-1,0,15,1,0,5,4,1,44,5,1,2,0,2,1,1,200700058345A01,1,5,1,200054781
200700058345,2007-09-15,2007,septembre,samedi,20:35,93,93033,0,0,2,1,1,3,1,6,2,02,1,-1,0,15,1,0,5,3,1,44,0,1,2,0,2,1,5,200700058345B01,1,1,1,200054781
200700058362,2007-09-16,2007,septembre,dimanche,17:46,93,93014,0,0,2,1,6,1,1,4,-1,04,2,1,10,50,1,0,1,3,1,10,5,3,9,0,2,1,19,200700058362B01,7,1,1,200054781
200700058404,2007-09-25,2007,septembre,mardi,17:45,93,93070,0,0,2,3,6,1,1,9,1,01,1,1,0,50,2,0,1,4,1,24,5,3,9,0,0,0,0,200700058404C01,7,2 / 16,2,200054781
200700058407,2007-09-14,2007,septembre,vendredi,14:55,93,93071,0,0,2,3,2,1,1,4,2,02,1,1,0,60,1,5,1,3,2,37,4,2,9,0,2,4,2,200700058407A01,2,2,1,200054781
200700058409,2007-09-19,2007,septembre,mercredi,19:20,93,93071,0,0,2,1,3,2,1,4,2,02,1,2,0,0,1,0,1,3,1,9,5,3,4,0,2,8,19,200700058409B01,7,1,1,200054781
200700058410,2007-09-20,2007,septembre,jeudi,18:20,93,93072,0,0,2,3,6,1,1,4,2,02,1,1,0,109,1,0,1,3,1,19,4,2,2,0,9,4,0,200700058410B01,34,2,1,200054781
200700058449,2007-09-30,2007,septembre,dimanche,13:40,94,94017,0,0,2,3,1,1,1,2,2,02,1,1,0,70,1,0,1,4,1,17,5,2,2,0,2,1,9,200700058449B01,10,1,1,200054781
200700058452,2007-09-10,2007,septembre,lundi,11:55,94,94069,0,0,2,1,2,1,1,4,2,01,2,1,0,149,1,0,1,4,1,66,5,1,2,0,0,1,2,200700058452A01,7,0,1,200054781
200700058454,2007-09-29,2007,septembre,samedi,19:15,94,94018,0,0,2,1,7,1,1,3,2,02,1,1,0,86,1,0,1,3,1,37,5,3,9,0,0,0,1,200700058454B01,30,1,1,200054781
200700058458,2007-09-09,2007,septembre,dimanche,18:45,94,94055,0,0,2,2,7,1,1,4,1,02,1,1,0,590,1,0,1,3,1,10,0,3,0,0,0,0,19,200700058458B01,7,0,1,200054781
200700058467,2007-09-25,2007,septembre,mardi,08:00,94,94022,0,0,2,3,6,1,1,4,2,02,1,-1,1,60,1,0,1,4,2,83,5,3,0,0,2,4,1,200700058467B01,7,15,1,200054781
200700058481,2007-09-13,2007,septembre,jeudi,19:40,94,94028,0,0,2,1,3,1,1,4,-1,02,1,1,0,60,-1,0,1,4,1,38,5,3,9,0,2,1,0,200700058481B01,7,15,1,200054781
200700058493,2007-09-01,2007,septembre,samedi,16:30,94,94033,0,0,2,2,3,1,1,4,2,02,1,1,0,50,1,0,1,4,1,10,9,3,9,0,2,0,1,200700058493B01,7,1,1,200054781
200700058508,2007-09-17,2007,septembre,lundi,09:50,94,94003,0,0,2,1,3,1,1,4,2,00,1,1,0,0,1,0,1,4,1,47,0,3,0,0,1,1,1,200700058508B01,7,14,1,200054781
200700058539,2007-09-20,2007,septembre,jeudi,22:00,94,94041,0,0,2,1,3,5,1,3,2,02,1,1,0,0,-1,0,1,4,1,26,0,2,9,0,2,3,2,200700058539A01,37,17,1,200054781
200700058555,2007-09-25,2007,septembre,mardi,11:20,94,94042,0,0,2,1,3,1,1,3,3,02,1,1,0,70,1,0,1,4,2,61,5,2,2,0,2,1,11,200700058555A01,10,2,1,200054781
200700058590,2007-09-04,2007,septembre,mardi,17:55,95,95018,0,0,2,2,6,1,1,4,2,02,1,1,0,80,1,0,1,1,1,47,5,3,2,0,1,1,17,200700058590A01,,,,200054781
200700058617,2007-09-25,2007,septembre,mardi,08:50,95,95063,0,0,1,1,3,1,1,4,-1,02,1,1,0,0,1,0,1,4,2,39,1,3,9,0,2,1,1,200700058617B01,7,1,1,200058519
200700058626,2007-09-30,2007,septembre,dimanche,23:40,95,95598,0,0,2,2,3,5,1,3,2,00,1,1,0,52,1,0,1,4,1,64,1,3,9,0,2,1,1,200700058626B01,7,15,1,200056380
200700058628,2007-09-09,2007,septembre,dimanche,09:00,95,95426,0,0,2,1,6,1,1,3,1,01,1,1,0,40,1,0,1,3,1,44,5,3,2,0,2,1,1,200700058628B01,7,4,1,200056380
200700058633,2007-09-19,2007,septembre,mercredi,08:20,95,95252,0,0,2,1,6,1,1,4,3,02,1,1,0,0,1,0,1,4,1,16,2,3,2,0,2,7,15,200700058633A01,31,15,1,200058485
200700058642,2007-09-12,2007,septembre,mercredi,08:20,95,95306,0,0,2,1,2,1,1,3,3,04,1,1,16,208,1,0,1,3,1,55,0,3,9,0,0,4,0,200700058642A01,7,9,1,200058485
200700058857,2007-09-19,2007,septembre,mercredi,17:11,91,91549,0,0,1,1,3,1,1,2,1,01,2,1,0,35,1,0,5,4,2,29,5,3,0,0,2,8,19,200700058857B01,7,1,1,200057859
200700058909,2007-09-17,2007,septembre,lundi,08:25,69,69382,0,0,2,2,3,1,1,4,-1,01,1,1,0,126,1,6,1,4,2,24,1,2,2,0,2,7,1,200700058909A01,7,1,1,200046977
200700058952,2007-09-08,2007,septembre,samedi,21:10,69,69383,0,0,2,1,3,5,1,4,1,02,1,1,0,0,1,0,1,4,2,35,5,3,2,0,2,8,1,200700058952B01,7,12,1,200046977
200700058953,2007-09-09,2007,septembre,dimanche,01:40,69,69383,0,0,2,1,6,5,1,4,1,06,1,1,0,0,1,2,5,4,2,23,5,2,9,0,2,1,1,200700058953A01,1,1,1,200046977
200700058953,2007-09-09,2007,septembre,dimanche,01:40,69,69383,0,0,2,1,6,5,1,4,1,06,1,1,0,0,1,2,5,1,2,23,5,2,9,0,2,1,1,200700058953B01,1,1,1,200046977
200700058962,2007-09-14,2007,septembre,vendredi,08:05,69,69383,0,0,2,1,6,1,1,4,3,04,1,1,0,0,1,0,1,4,1,41,1,2,9,1,0,1,1,200700058962B01,10,22,1,200046977
200700058971,2007-09-18,2007,septembre,mardi,08:15,69,69383,0,0,2,1,3,1,2,4,2,02,1,1,0,0,2,0,1,4,1,53,4,1,2,0,2,1,1,200700058971B01,7,9,1,200046977
200700058980,2007-09-21,2007,septembre,vendredi,08:20,69,69384,0,0,2,1,6,1,1,4,2,03,1,1,0,84,1,0,1,4,1,50,0,1,2,0,2,1,3,200700058980B01,7,22,1,200046977
200700059003,2007-09-07,2007,septembre,vendredi,08:10,69,69385,0,0,2,1,3,1,1,4,2,02,1,1,0,0,1,0,1,3,1,13,2,2,2,0,2,7,19,200700059003B01,7,1,1,200046977
200700059023,2007-09-15,2007,septembre,samedi,19:00,69,69387,0,0,2,1,6,2,1,4,1,02,1,1,0,80,1,0,1,4,2,25,1,3,9,0,2,3,15,200700059023A01,33,1,1,200046977
200700059024,2007-09-16,2007,septembre,dimanche,14:05,69,69387,0,0,2,1,6,1,1,4,1,02,1,1,0,60,1,4,4,1,2,39,5,3,9,0,1,1,1,200700059024A01,,,,200046977
200700059030,2007-09-28,2007,septembre,vendredi,07:30,69,69387,0,0,2,2,3,1,3,4,1,01,1,1,0,60,2,0,5,4,1,35,1,3,9,0,2,1,1,200700059030A01,7,1,1,200046977
200700059082,2007-09-14,2007,septembre,vendredi,10:25,69,69389,0,0,2,1,3,1,1,4,2,01,1,1,0,141,1,0,5,4,1,39,0,3,9,0,2,1,1,200700059082B01,7,15,1,200046977
200700059143,2007-09-01,2007,septembre,samedi,20:05,75,75101,0,0,2,2,3,2,1,4,2,00,1,1,0,90,1,0,1,4,2,26,5,2,9,0,2,7,15,200700059143A01,33,1,1,200054781
200700059145,2007-09-03,2007,septembre,lundi,08:55,75,75101,0,0,2,2,3,1,2,4,2,04,1,1,0,194,2,0,1,4,2,26,1,2,9,0,2,5,9,200700059145A01,33,1,1,200054781
200700059146,2007-09-02,2007,septembre,dimanche,22:02,75,75101,0,0,2,2,3,5,1,4,2,04,1,1,0,149,1,0,1,4,1,33,5,2,4,0,0,1,1,200700059146B01,32,11,1,200054781
200700059153,2007-09-13,2007,septembre,jeudi,22:14,75,75101,0,0,2,1,2,5,1,4,4,06,2,1,0,208,1,2,1,4,1,32,5,2,4,0,0,6,11,200700059153A01,33,1,1,200054781
200700059161,2007-09-27,2007,septembre,jeudi,08:45,75,75101,0,0,2,1,6,1,8,4,1,03,1,1,0,120,1,0,1,1,1,47,0,3,9,0,1,0,1,200700059161A01,,,,200054781
200700059165,2007-09-05,2007,septembre,mercredi,23:00,75,75102,0,0,2,2,3,5,1,4,1,04,1,1,0,0,1,0,1,4,2,26,0,3,9,0,0,8,11,200700059165A01,7,1,1,200054781
200700059182,2007-09-11,2007,septembre,mardi,13:05,75,75103,0,0,2,1,6,1,1,4,1,00,1,1,0,115,1,0,1,4,2,32,5,2,9,1,0,7,1,200700059182B01,7,22 / 0,2,200054781
200700059184,2007-09-12,2007,septembre,mercredi,08:00,75,75103,0,0,2,1,3,1,1,4,1,01,1,1,5,130,1,0,1,4,1,54,4,3,9,0,2,1,1,200700059184B01,10,0,1,200054781
200700059188,2007-09-23,2007,septembre,dimanche,13:00,75,75103,0,0,2,1,6,1,1,4,1,02,1,1,4,104,1,0,1,1,1,35,9,2,9,0,1,7,1,200700059188A01,,,,200054781
200700059190,2007-09-29,2007,septembre,samedi,17:35,75,75103,0,0,2,1,6,1,1,4,1,01,1,1,0,37,1,0,1,1,2,25,9,2,9,0,1,0,5,200700059190A01,,,,200054781
200700059206,2007-09-20,2007,septembre,jeudi,16:30,75,75104,0,0,2,1,3,1,1,4,1,02,1,1,0,0,1,0,1,4,1,67,5,3,9,0,0,0,2,200700059206B01,7,20,1,200054781
200700059215,2007-09-30,2007,septembre,dimanche,11:00,75,75104,0,0,2,1,6,1,1,4,1,04,1,1,7,138,1,0,1,4,2,23,5,3,9,0,1,1,7,200700059215A01,,,,200054781
200700059216,2007-09-02,2007,septembre,dimanche,23:55,75,75105,0,0,2,1,6,5,1,4,-1,01,1,1,0,0,1,0,1,1,1,45,5,2,9,0,1,7,1,200700059216A01,,,,200054781
200700059218,2007-09-06,2007,septembre,jeudi,17:45,75,75105,0,0,2,1,3,1,2,4,2,04,1,1,0,148,2,0,1,3,2,61,9,2,4,1,0,7,7,200700059218B01,7,22,1,200054781
200700059219,2007-09-06,2007,septembre,jeudi,18:45,75,75105,0,0,2,1,6,1,2,4,1,03,1,1,0,142,2,0,1,4,1,54,5,2,9,8,0,1,5,200700059219A01,,,,200054781
200700059222,2007-09-10,2007,septembre,lundi,16:25,75,75105,0,0,2,2,3,1,1,4,-1,03,-1,-1,0,135,1,0,1,4,1,51,4,3,9,0,2,8,19,200700059222B01,7,19,1,200054781
200700059224,2007-09-13,2007,septembre,jeudi,10:17,75,75105,0,0,2,1,3,1,1,4,2,02,2,1,0,116,1,0,1,4,2,35,1,3,0,0,2,7,19,200700059224A01,33,2,1,200054781
200700059230,2007-09-18,2007,septembre,mardi,07:45,75,75105,0,0,2,1,3,1,1,4,2,02,1,1,11,176,1,0,1,1,1,36,1,3,9,0,1,7,19,200700059230A01,33,19,1,200054781
200700059241,2007-09-29,2007,septembre,samedi,15:32,75,75105,0,0,2,1,7,1,1,4,1,03,1,1,100,110,1,0,5,4,2,31,5,3,9,0,0,1,1,200700059241A01,,,,200054781
200700059242,2007-09-01,2007,septembre,samedi,16:55,75,75106,0,0,2,1,3,1,1,2,1,02,1,-1,0,136,1,0,1,3,2,27,5,3,9,0,2,3,2,200700059242A01,38,17,1,200054781
200700059256,2007-09-24,2007,septembre,lundi,16:05,75,75106,0,0,2,1,3,1,1,4,2,02,1,1,0,86,1,0,1,4,2,58,5,3,9,1,0,1,2,200700059256B01,7,2,1,200054781
200700059267,2007-09-05,2007,septembre,mercredi,10:20,75,75107,0,0,2,1,3,1,1,4,1,01,1,1,21,57,1,0,1,4,1,49,5,1,9,0,2,1,2,200700059267B01,10,23,1,200054781
200700059270,2007-09-07,2007,septembre,vendredi,08:00,75,75107,0,0,2,1,3,1,1,4,1,01,1,1,0,70,1,0,1,4,1,15,2,2,9,0,0,1,2,200700059270B01,37,2,1,200054781
200700059282,2007-09-22,2007,septembre,samedi,15:25,75,75107,0,0,2,1,2,1,1,4,2,03,1,1,0,200,1,0,1,4,1,15,0,3,9,0,0,1,2,200700059282A01,7,23,1,200054781
200700059295,2007-09-08,2007,septembre,samedi,15:45,75,75108,0,0,2,1,6,1,1,4,1,01,1,1,0,56,1,0,1,4,1,36,0,2,4,0,1,1,0,200700059295A01,,,,200054781
200700059310,2007-09-19,2007,septembre,mercredi,16:50,75,75108,0,0,2,2,3,1,1,4,1,01,2,1,0,83,1,0,1,4,1,42,1,2,9,0,2,1,1,200700059310A01,7,1,1,200054781
200700059316,2007-09-24,2007,septembre,lundi,09:25,75,75108,0,0,2,1,3,1,1,4,2,02,2,1,0,126,1,0,1,4,2,31,1,1,2,1,0,1,1,200700059316B01,7,0,1,200054781
200700059317,2007-09-25,2007,septembre,mardi,14:50,75,75108,0,0,2,1,7,1,1,4,1,02,1,1,0,70,1,0,1,4,2,52,5,3,9,0,0,0,0,200700059317A01,,,,200054781
200700059348,2007-09-24,2007,septembre,lundi,20:25,75,75109,0,0,2,1,6,5,1,4,2,04,2,1,5,90,1,0,1,1,2,26,5,3,9,0,1,1,2,200700059348A01,,,,200054781
200700059361,2007-09-08,2007,septembre,samedi,14:50,75,75110,0,0,2,3,3,1,1,4,1,02,3,3,0,55,1,0,1,4,1,32,5,1,4,0,0,4,1,200700059361B01,7,16,1,200054781
200700059365,2007-09-11,2007,septembre,mardi,00:20,75,75110,0,0,2,1,3,5,1,4,1,00,2,1,0,0,1,0,1,4,1,57,5,1,4,0,2,2,1,200700059365B01,7,11,1,200054781
200700059377,2007-09-18,2007,septembre,mardi,09:20,75,75110,0,0,2,2,3,1,1,4,2,02,2,1,0,150,1,5,1,4,1,41,1,3,4,0,2,1,1,200700059377B01,7,15,1,200054781
200700059390,2007-09-27,2007,septembre,jeudi,17:00,75,75110,0,0,2,1,3,1,1,4,1,01,1,1,0,25,1,0,1,4,2,32,5,3,9,1,0,2,2,200700059390B01,7,0,1,200054781
200700059392,2007-09-29,2007,septembre,samedi,18:10,75,75110,0,0,2,1,3,1,1,4,1,01,1,1,7,94,1,0,5,4,1,6,5,1,2,0,9,4,2,200700059392A01,1,2,1,200054781
200700059392,2007-09-29,2007,septembre,samedi,18:10,75,75110,0,0,2,1,3,1,1,4,1,01,1,1,7,94,1,0,5,1,2,30,5,2,9,0,9,1,2,200700059392B01,1,2,1,200054781
200700059402,2007-09-05,2007,septembre,mercredi,17:20,75,75111,0,0,2,2,3,1,1,4,2,00,1,1,0,64,1,0,1,1,1,34,5,3,9,0,0,5,1,200700059402B01,2,1,1,200054781
200700059406,2007-09-07,2007,septembre,vendredi,20:50,75,75111,0,0,2,5,7,5,1,4,1,02,1,1,0,120,1,0,1,4,1,46,5,3,4,0,0,2,1,200700059406A01,,,,200054781
200700059416,2007-09-18,2007,septembre,mardi,08:55,75,75111,0,0,2,1,7,1,1,4,1,01,1,1,0,57,1,0,1,4,2,55,1,3,9,0,0,0,0,200700059416A01,,,,200054781
200700059420,2007-09-19,2007,septembre,mercredi,19:00,75,75111,0,0,2,1,3,1,1,4,1,01,1,1,40,25,1,0,1,4,2,57,5,2,9,1,2,7,2,200700059420B01,7,2,1,200054781
200700059421,2007-09-20,2007,septembre,jeudi,10:46,75,75111,0,0,2,1,3,1,1,4,1,01,1,1,0,80,1,0,1,4,2,71,1,3,9,1,9,3,21,200700059421B01,10,22,1,200054781
200700059433,2007-09-26,2007,septembre,mercredi,15:20,75,75111,0,0,2,1,6,1,2,4,2,01,1,1,0,150,2,0,4,1,1,16,5,3,9,0,1,1,0,200700059433A01,,,,200054781
200700059438,2007-09-02,2007,septembre,dimanche,14:15,75,75112,0,0,2,3,3,1,1,9,-1,01,1,-1,50,38,1,6,0,4,2,62,5,2,9,0,2,1,1,200700059438A01,1,1,1,200054781
200700059438,2007-09-02,2007,septembre,dimanche,14:15,75,75112,0,0,2,3,3,1,1,9,-1,01,1,-1,50,38,1,6,0,1,1,8,5,3,9,0,2,1,1,200700059438B01,1,1,1,200054781
200700059439,2007-09-03,2007,septembre,lundi,12:45,75,75112,0,0,2,1,6,1,1,4,2,02,1,1,0,140,1,0,1,4,2,44,5,3,9,0,0,5,1,200700059439B01,2,18,1,200054781
200700059441,2007-09-03,2007,septembre,lundi,19:20,75,75112,0,0,2,1,7,1,1,4,1,01,1,4,0,50,1,0,5,4,1,18,5,3,9,0,0,7,0,200700059441A01,,,,200054781
200700059443,2007-09-04,2007,septembre,mardi,11:30,75,75112,0,0,2,1,7,1,1,4,1,01,1,1,0,66,8,0,1,4,2,55,0,1,4,0,0,0,5,200700059443A01,,,,200054781
200700059445,2007-09-04,2007,septembre,mardi,17:00,75,75112,0,0,2,1,7,1,1,4,1,04,2,1,0,120,1,2,1,3,1,38,1,3,9,0,0,0,11,200700059445A01,,,,200054781
200700059447,2007-09-05,2007,septembre,mercredi,18:50,75,75112,0,0,2,1,6,1,1,4,2,02,1,1,0,116,1,0,1,4,2,27,1,3,2,0,1,1,1,200700059447A01,,,,200054781
200700059450,2007-09-08,2007,septembre,samedi,14:35,75,75112,0,0,2,1,3,1,1,4,2,02,1,1,0,81,1,0,1,4,1,60,0,3,9,0,2,2,1,200700059450B01,7,1,1,200054781
200700059461,2007-09-15,2007,septembre,samedi,13:20,75,75112,0,0,2,3,1,1,1,4,2,02,1,1,0,200,1,0,1,4,1,33,5,3,9,0,2,1,1,200700059461B01,7,15,1,200054781
200700059465,2007-09-16,2007,septembre,dimanche,12:00,75,75112,0,0,1,1,6,1,1,4,1,01,1,3,56,56,1,0,5,4,1,43,5,1,2,0,0,4,0,200700059465A01,1,2,1,200054781
200700059466,2007-09-17,2007,septembre,lundi,19:55,75,75112,0,0,2,1,3,5,2,4,2,02,1,1,0,70,2,0,1,4,1,26,4,1,9,0,2,1,1,200700059466B01,7,10,1,200054781
200700059468,2007-09-18,2007,septembre,mardi,11:50,75,75112,0,0,2,1,6,1,1,4,2,02,2,1,0,77,1,0,1,4,1,43,5,3,2,0,0,3,0,200700059468A01,,,,200054781
200700059472,2007-09-23,2007,septembre,dimanche,14:00,75,75112,0,0,2,1,3,1,1,4,1,01,1,-1,0,38,1,0,1,1,1,48,5,3,9,0,1,1,0,200700059472A01,1,0,1,200054781
200700059472,2007-09-23,2007,septembre,dimanche,14:00,75,75112,0,0,2,1,3,1,1,4,1,01,1,-1,0,38,1,0,1,4,2,51,5,1,9,0,0,0,0,200700059472B01,1,0,1,200054781
200700059473,2007-09-23,2007,septembre,dimanche,16:25,75,75112,0,0,2,2,2,1,1,4,2,02,1,1,0,70,1,0,1,4,1,39,5,3,9,0,0,4,1,200700059473B01,7,1,1,200054781
200700059474,2007-09-23,2007,septembre,dimanche,17:20,75,75112,0,0,2,1,2,1,1,4,-1,01,1,1,0,0,1,0,5,3,1,29,5,3,2,0,2,1,0,200700059474A01,1,0,1,200054781
200700059474,2007-09-23,2007,septembre,dimanche,17:20,75,75112,0,0,2,1,2,1,1,4,-1,01,1,1,0,0,1,0,5,4,1,42,5,1,2,0,2,4,0,200700059474B01,1,0,1,200054781
200700059481,2007-09-30,2007,septembre,dimanche,10:00,75,75112,0,0,2,1,3,1,1,4,3,06,1,-1,1,190,1,2,1,4,1,42,5,3,9,0,0,4,2,200700059481B01,7,12,1,200054781
200700059482,2007-09-02,2007,septembre,dimanche,04:15,75,75113,0,0,2,1,6,5,1,9,-1,00,-1,-1,0,0,1,6,4,4,1,21,5,2,9,9,0,0,0,200700059482A01,,,,200054781
200700059485,2007-09-03,2007,septembre,lundi,18:00,75,75113,0,0,2,3,3,1,1,4,2,02,1,1,0,119,1,2,1,4,1,13,0,3,4,0,2,7,19,200700059485A01,33,2,1,200054781