Num_Acc,date,an,mois,jour,hrmn,dep,com,lat,long,agg,int,col,lum,atm,catr,circ,nbv,prof,plan,lartpc,larrout,surf,infra,situ,grav,sexe,age,trajet,secuexist,equipement,obs,obsm,choc,manv,vehiculeid,typevehicules,manoeuvehicules,numVehicules,_infos_commune.code_epci
200700082083,2007-03-22,2007,mars,jeudi,16:35,974,97407,0,0,2,6,2,1,1,4,1,01,1,2,60,55,1,0,1,4,1,50,5,2,9,0,2,4,1,200700082083B01,7,9,1,249740101
200700082085,2007-03-02,2007,mars,vendredi,21:38,974,97411,0,0,2,1,5,4,1,4,2,02,2,2,0,0,1,0,1,2,1,19,5,2,2,0,2,1,1,200700082085B01,7,1,1,249740119
200700082085,2007-03-02,2007,mars,vendredi,21:38,974,97411,0,0,2,1,5,4,1,4,2,02,2,2,0,0,1,0,1,4,1,18,5,2,2,0,2,1,1,200700082085C01,7,1,1,249740119
200700082094,2007-03-25,2007,mars,dimanche,12:20,974,97411,0,0,2,1,1,1,1,4,2,02,3,3,0,0,1,0,1,4,1,17,5,2,2,0,2,1,5,200700082094A01,7,1,1,249740119
200700082161,2007-04-10,2007,avril,mardi,19:30,971,97104,0,0,2,1,6,5,1,4,2,00,2,1,0,0,1,0,1,1,1,17,5,3,0,0,1,1,1,200700082161A01,,,,249710070
200700082161,2007-04-10,2007,avril,mardi,19:30,971,97104,0,0,2,1,6,5,1,4,2,00,2,1,0,0,1,0,1,3,1,19,0,0,2,0,1,1,1,200700082161A01,,,,249710070
200700082186,2007-04-14,2007,avril,samedi,05:45,971,97128,0,0,1,1,6,1,1,2,-1,00,-1,1,0,62,1,0,1,4,1,49,5,3,0,0,2,4,1,200700082186A01,,,,200041507
200700082195,2007-04-05,2007,avril,jeudi,18:45,974,97420,0,0,2,1,3,3,1,4,-1,00,-1,-1,0,0,-1,0,0,3,1,16,5,2,9,0,2,1,1,200700082195A01,10,15,1,249740119
200700082200,2007-04-25,2007,avril,mercredi,12:30,974,97415,0,0,2,1,2,1,1,9,2,01,1,1,0,56,1,0,1,3,2,16,2,3,0,0,0,4,2,200700082200B02,30,2,1,249740101
200700082249,2007-04-20,2007,avril,vendredi,13:30,974,97498,0,0,1,1,3,1,1,2,2,04,1,1,25,81,1,5,1,3,2,19,5,3,0,0,2,1,1,200700082249A01,14,1,1,
200700082294,2007-04-21,2007,avril,samedi,15:10,972,97209,0,0,2,1,6,1,1,3,2,02,1,1,0,80,1,0,1,3,1,17,9,3,9,0,0,0,0,200700082294A01,,,,249720061
200700082304,2007-04-28,2007,avril,samedi,20:15,972,97209,0,0,2,1,3,5,1,4,2,02,1,1,0,80,1,0,1,3,1,24,9,3,9,0,2,0,0,200700082304B01,7,1,1,249720061
200700082317,2007-04-20,2007,avril,vendredi,16:50,972,97213,0,0,1,1,7,1,1,4,2,02,2,3,0,0,-1,0,1,4,1,15,0,3,2,0,0,9,1,200700082317A01,,,,249720061
200700082322,2007-04-25,2007,avril,mercredi,21:45,972,97213,0,0,1,2,3,5,1,3,2,02,3,1,0,0,-1,5,1,4,1,49,1,3,0,0,2,1,1,200700082322A01,7,1,1,249720061
200700082330,2007-04-07,2007,avril,samedi,19:54,973,97302,0,0,2,1,3,3,1,4,1,01,1,-1,0,0,1,0,0,4,1,31,0,3,9,0,2,0,0,200700082330B01,7,22,1,249730045
200700082334,2007-04-11,2007,avril,mercredi,16:54,973,97302,0,0,1,1,7,1,1,3,1,02,1,3,0,0,1,0,0,4,1,20,5,3,9,0,2,0,0,200700082334B01,7,9,1,249730045
200700082344,2007-04-22,2007,avril,dimanche,10:34,973,97302,0,0,2,1,3,1,1,3,2,02,1,1,0,105,2,0,1,4,1,46,5,1,2,0,2,2,1,200700082344B01,7,15,1,249730045
200700082348,2007-04-24,2007,avril,mardi,20:10,973,97302,0,0,2,1,3,5,1,4,2,02,-1,1,0,58,2,0,1,4,1,17,3,1,4,0,2,0,1,200700082348B01,7,15,1,249730045
200700082368,2007-04-12,2007,avril,jeudi,15:30,974,97411,0,0,2,1,5,1,1,4,2,02,2,1,0,70,1,0,1,4,1,107,5,1,2,0,0,0,1,200700082368C01,7 / 2,15 / 17,2,249740119
200700082380,2007-04-26,2007,avril,jeudi,06:54,974,97411,0,0,2,3,3,1,1,4,1,01,1,1,0,30,1,0,1,4,1,15,9,2,2,0,2,1,1,200700082380A01,7,1,1,249740119
200700082383,2007-04-28,2007,avril,samedi,13:56,974,97411,0,0,2,1,6,1,1,4,2,03,1,1,0,90,1,0,1,4,1,20,5,2,2,0,2,1,1,200700082383B01,7,22,1,249740119
200700082387,2007-04-02,2007,avril,lundi,09:25,974,97411,0,0,2,1,5,1,1,3,4,04,1,1,0,150,1,0,1,4,1,43,5,1,2,0,2,1,8,200700082387C01,7 / 2,10 / 7,2,249740119
200700082451,2007-05-25,2007,mai,vendredi,20:45,972,97210,0,0,1,1,6,4,1,2,2,00,-1,3,0,60,1,0,1,3,1,16,5,3,0,0,2,0,19,200700082451A01,,,,249720053
200700082457,2007-05-08,2007,mai,mardi,15:30,972,97228,0,0,1,1,1,1,1,3,2,02,2,3,0,73,1,0,1,2,1,2007,5,3,0,0,2,1,13,200700082457B02,33,16,1,200041788
200700082467,2007-05-12,2007,mai,samedi,16:00,971,97118,0,0,1,1,1,1,1,3,2,02,-1,1,0,0,-1,0,0,4,2,14,5,1,2,0,2,1,1,200700082467B02,7,9,1,249710062
200700082496,2007-05-23,2007,mai,mercredi,18:15,974,97422,0,0,2,1,6,5,1,4,2,02,-1,2,0,56,1,0,3,3,1,26,1,1,4,12,0,2,1,200700082496A01,,,,249740085
200700082544,2007-05-27,2007,mai,dimanche,13:00,971,97120,0,0,2,1,3,1,1,3,1,02,1,-1,0,45,1,0,1,3,1,8,0,3,9,0,2,1,0,200700082544A01,7,0,1,200018653
200700082608,2007-05-03,2007,mai,jeudi,06:15,973,97302,0,0,2,2,2,1,2,3,2,02,1,1,0,205,2,0,1,4,1,39,1,3,9,0,2,1,1,200700082608B01,7,0,1,249730045
200700082609,2007-05-02,2007,mai,mercredi,18:01,973,97302,0,0,1,1,3,1,1,4,2,02,1,1,0,45,1,0,1,4,1,19,0,3,9,0,9,1,0,200700082609B01,2,1,1,249730045
200700082625,2007-05-18,2007,mai,vendredi,08:10,973,97302,0,0,1,1,3,1,8,3,3,01,1,3,0,0,2,0,1,4,2,25,1,3,9,0,2,1,1,200700082625B01,7,14,1,249730045
200700082651,2007-05-16,2007,mai,mercredi,15:00,974,97407,0,0,2,1,2,1,1,4,1,01,1,1,0,60,1,0,1,4,1,18,5,2,9,0,2,1,1,200700082651A01,7,1,1,249740101
200700082652,2007-05-20,2007,mai,dimanche,12:10,974,97407,0,0,2,2,3,1,1,4,1,01,1,1,0,65,1,0,1,4,1,10,5,2,9,0,2,1,1,200700082652A01,7,1,1,249740101
200700082659,2007-05-23,2007,mai,mercredi,16:00,974,97411,0,0,2,1,3,1,1,4,2,02,1,1,0,60,1,0,1,4,1,51,5,3,9,0,2,6,18,200700082659A01,7,1,1,249740119
200700082664,2007-05-29,2007,mai,mardi,15:00,974,97411,0,0,2,1,1,1,1,2,1,03,1,1,0,80,1,0,1,4,1,40,5,2,2,0,2,2,0,200700082664A01,7,1,1,249740119
200700082669,2007-05-05,2007,mai,samedi,17:45,974,97411,0,0,2,1,7,1,1,4,2,02,1,1,0,60,1,0,1,1,1,15,9,2,2,0,0,0,15,200700082669A01,33,21,1,249740119
200700082672,2007-05-27,2007,mai,dimanche,18:40,974,97411,0,0,2,1,1,2,1,4,2,04,2,1,0,90,1,0,1,4,1,17,5,3,4,0,2,1,8,200700082672A01,30,8,1,249740119
200700082678,2007-05-07,2007,mai,lundi,16:35,974,97416,0,0,2,6,3,1,7,4,1,02,1,2,0,80,1,5,1,4,1,46,1,3,9,0,2,8,1,200700082678B01,7,9,1,249740077
200700082680,2007-05-22,2007,mai,mardi,20:50,974,97414,0,0,2,3,3,5,1,4,2,02,1,1,0,67,1,0,1,3,1,19,5,3,9,0,2,8,19,200700082680B01,7,1,1,249740077
200700082733,2007-06-28,2007,juin,jeudi,13:00,972,97206,0,0,2,1,1,1,1,4,-1,02,-1,2,54,0,1,0,1,4,1,16,5,3,0,0,2,1,0,200700082733B02,7,0,1,249720053
200700082733,2007-06-28,2007,juin,jeudi,13:00,972,97206,0,0,2,1,1,1,1,4,-1,02,-1,2,54,0,1,0,1,4,1,9,0,3,0,0,2,1,0,200700082733B02,7,0,1,249720053
200700082763,2007-06-01,2007,juin,vendredi,13:30,973,97305,0,0,1,1,3,1,1,2,2,02,-1,1,0,0,1,0,1,4,1,19,5,3,0,0,2,3,2,200700082763B02,10,13,1,249730045
200700082833,2007-06-20,2007,juin,mercredi,14:35,971,97113,0,0,1,1,1,1,1,3,2,02,1,1,0,50,1,0,1,3,1,19,0,3,2,0,2,1,0,200700082833B01,7,0,1,200041507
200700082868,2007-06-20,2007,juin,mercredi,11:18,972,97209,0,0,2,1,7,1,1,4,2,02,1,1,0,60,1,0,1,4,1,41,0,3,2,0,0,7,15,200700082868A01,,,,249720061
200700082873,2007-06-23,2007,juin,samedi,11:40,972,97209,0,0,1,1,6,1,1,4,2,02,1,1,0,50,1,0,1,4,1,16,0,3,2,0,2,8,0,200700082873B01,7,0,1,249720061
200700082885,2007-06-01,2007,juin,vendredi,20:05,972,97213,0,0,2,1,3,5,1,3,2,02,1,1,0,0,1,0,4,4,1,17,0,3,2,0,2,1,0,200700082885B01,7,15,1,249720061
200700082897,2007-06-28,2007,juin,jeudi,19:00,972,97213,0,0,2,1,6,5,1,3,2,02,-1,-1,0,0,-1,0,1,4,1,14,0,2,2,0,2,1,13,200700082897A01,7,1,1,249720061
200700082912,2007-06-10,2007,juin,dimanche,13:17,973,97302,0,0,1,1,3,1,1,3,2,02,1,1,0,73,1,0,1,4,1,21,0,2,9,0,2,0,0,200700082912A01,7,0,1,249730045
200700082921,2007-06-15,2007,juin,vendredi,19:40,973,97302,0,0,2,6,3,5,1,3,2,02,1,2,0,0,1,0,1,4,1,18,0,1,2,0,2,4,1,200700082921A01,7,1,1,249730045
200700082935,2007-06-20,2007,juin,mercredi,11:00,973,97302,0,0,2,1,3,1,1,4,2,02,1,-1,0,63,1,0,1,4,1,16,0,1,2,0,2,0,0,200700082935A01,7,1,1,249730045
200700082950,2007-06-14,2007,juin,jeudi,14:15,974,97407,0,0,2,1,3,1,1,2,2,02,1,1,0,75,1,0,1,3,1,36,5,2,9,0,2,8,19,200700082950B01,10,1,1,249740101
200700082962,2007-06-08,2007,juin,vendredi,23:10,974,97411,0,0,1,1,6,3,1,2,4,04,1,1,0,57,1,0,1,2,1,42,0,3,0,0,0,4,1,200700082962B01,7,1,1,249740119
200700082965,2007-06-11,2007,juin,lundi,15:49,974,97411,0,0,2,1,6,1,1,4,2,04,1,1,0,0,1,0,1,4,1,18,5,2,2,0,2,1,1,200700082965A01,7,0,1,249740119
200700083027,2007-07-26,2007,juillet,jeudi,12:30,972,97224,0,0,2,1,1,1,1,3,2,02,4,3,0,56,1,0,1,3,1,18,5,3,0,0,2,1,13,200700083027A01,7,1,1,249720061
200700083045,2007-07-22,2007,juillet,dimanche,11:30,971,97132,0,0,2,1,1,1,2,3,2,00,2,3,0,0,2,0,1,3,1,15,0,1,2,0,2,1,13,200700083045B02,7,13,1,249710070
200700083061,2007-07-24,2007,juillet,mardi,08:30,971,97128,0,0,1,1,1,1,1,3,2,02,2,1,0,0,1,0,1,3,1,22,5,1,2,0,2,1,13,200700083061B02,7,1,1,200041507
200700083066,2007-07-02,2007,juillet,lundi,18:30,973,97307,0,0,2,1,2,5,1,2,2,02,2,3,0,75,1,0,1,4,1,17,5,3,0,0,2,8,15,200700083066B02,7,17,1,249730045
200700083066,2007-07-02,2007,juillet,lundi,18:30,973,97307,0,0,2,1,2,5,1,2,2,02,2,3,0,75,1,0,1,4,1,15,0,3,0,0,2,8,15,200700083066B02,7,17,1,249730045
200700083070,2007-07-18,2007,juillet,mercredi,19:15,973,97305,0,0,1,1,2,4,2,2,2,02,1,1,0,76,1,0,1,3,2,65,5,3,0,0,0,8,2,200700083070B02,7,2,1,249730045
200700083078,2007-07-08,2007,juillet,dimanche,14:45,974,97415,0,0,2,1,3,1,1,2,2,00,1,1,0,50,1,0,1,3,1,18,5,3,0,0,2,1,17,200700083078A01,7,15,1,249740101
200700083195,2007-07-03,2007,juillet,mardi,18:41,973,97302,0,0,2,1,6,1,1,4,2,02,1,1,0,0,1,0,0,4,1,31,0,1,2,0,0,0,0,200700083195A01,7,0,1,249730045
200700083204,2007-07-27,2007,juillet,vendredi,19:30,973,97302,0,0,2,1,3,5,1,3,2,02,1,1,0,0,1,0,1,4,2,19,0,1,2,0,2,1,0,200700083204B01,7,1,1,249730045
200700083206,2007-07-29,2007,juillet,dimanche,00:26,973,97302,0,0,2,1,3,4,1,3,2,02,1,1,0,68,1,0,1,4,1,21,0,1,2,0,2,0,0,200700083206B01,7,0,1,249730045
200700083210,2007-07-26,2007,juillet,jeudi,16:36,973,97302,0,0,2,1,2,1,1,3,2,02,1,1,0,0,1,0,0,4,2,31,0,1,2,0,2,0,0,200700083210B01,7,0,1,249730045
200700083216,2007-07-06,2007,juillet,vendredi,15:50,974,97407,0,0,2,2,3,1,1,4,1,01,1,1,0,65,1,0,1,4,1,14,5,3,9,0,2,1,1,200700083216A01,7,1,1,249740101
200700083219,2007-07-14,2007,juillet,samedi,19:40,974,97407,0,0,2,2,3,5,1,4,2,02,1,1,0,65,1,0,1,4,1,18,5,2,9,0,2,7,19,200700083219B01,7,1,1,249740101
200700083228,2007-07-04,2007,juillet,mercredi,10:05,974,97411,0,0,2,1,5,1,1,4,2,02,2,1,0,100,1,0,1,4,1,16,5,3,9,0,2,3,1,200700083228D01,33 / 7,15 / 9 / 1,3,249740119
200700083298,2007-08-08,2007,août,mercredi,18:30,972,97221,0,0,2,3,3,2,8,2,2,01,1,1,0,0,1,0,1,4,1,11,3,3,0,0,2,7,19,200700083298B02,7,1,1,249720053
200700083314,2007-08-03,2007,août,vendredi,17:20,971,97115,0,0,2,1,3,1,1,3,2,02,1,1,0,0,1,0,1,3,1,16,9,3,0,0,0,8,15,200700083314B02,33,17,1,249710062
200700083316,2007-08-05,2007,août,dimanche,13:30,971,97122,0,0,2,1,3,1,1,4,2,02,1,1,0,0,1,0,1,3,2,18,5,3,0,0,0,5,5,200700083316B02,33,1,1,200044691
200700083331,2007-08-11,2007,août,samedi,19:00,974,97410,0,0,2,1,3,5,2,3,2,00,-1,1,0,60,2,0,1,2,1,71,5,3,0,0,2,4,13,200700083331A01,7,17,1,249740093
200700083335,2007-08-06,2007,août,lundi,18:45,974,97415,0,0,2,1,3,5,1,9,2,00,1,1,0,54,1,0,1,4,1,47,9,3,0,0,2,2,15,200700083335A01,2,1,1,249740101
200700083337,2007-08-10,2007,août,vendredi,17:15,974,97415,0,0,1,1,1,1,1,4,1,01,1,2,0,41,1,0,5,4,1,55,5,3,0,0,2,1,1,200700083337B02,2,5,1,249740101
200700083342,2007-08-03,2007,août,vendredi,17:15,974,97415,0,0,1,1,3,1,1,3,-1,02,1,1,0,0,1,0,1,3,1,14,0,1,2,0,2,8,0,200700083342B02,7,0,1,249740101
200700083343,2007-08-12,2007,août,dimanche,16:00,974,97414,0,0,1,1,1,1,1,2,3,02,1,1,0,0,1,3,1,3,2,37,5,3,0,0,0,8,1,200700083343B02,7,12,1,249740077
200700083368,2007-08-11,2007,août,samedi,17:45,973,97309,0,0,2,9,2,1,1,3,2,02,1,1,0,0,1,0,1,3,1,16,5,3,0,0,2,6,13,200700083368B02,14,1,1,249730045
200700083393,2007-08-20,2007,août,lundi,04:00,971,97101,0,0,1,1,6,5,1,2,1,02,1,2,0,50,1,0,1,4,1,47,0,3,2,0,2,4,0,200700083393B01,30,0,1,200018653
200700083421,2007-08-08,2007,août,mercredi,07:30,972,97213,0,0,2,1,3,1,1,3,3,01,1,3,0,0,1,5,1,3,1,21,0,2,2,0,2,0,5,200700083421A01,7,1,1,249720061
200700083446,2007-08-17,2007,août,vendredi,08:00,973,97302,0,0,2,1,3,1,1,3,2,02,1,1,0,71,1,0,1,3,2,44,5,2,2,0,2,1,15,200700083446A01,7,1,1,249730045
200700083448,2007-08-20,2007,août,lundi,20:50,973,97302,0,0,2,6,3,5,1,4,4,02,1,1,0,100,1,0,1,4,1,25,5,3,9,0,2,1,15,200700083448B01,7,9,1,249730045
200700083452,2007-08-22,2007,août,mercredi,16:45,973,97302,0,0,2,1,2,1,1,3,3,02,1,1,0,0,1,0,1,3,2,42,3,3,0,0,2,4,1,200700083452B01,2,1,1,249730045
200700083463,2007-08-13,2007,août,lundi,15:50,974,97407,0,0,2,1,3,1,1,4,1,01,1,1,0,65,1,0,1,4,1,10,5,2,9,0,2,1,1,200700083463A01,7,1,1,249740101
200700083464,2007-08-15,2007,août,mercredi,11:25,974,97407,0,0,2,2,3,1,1,4,1,01,1,1,0,60,1,0,1,4,1,28,5,2,9,0,2,1,1,200700083464B01,7,1,1,249740101
200700083466,2007-08-18,2007,août,samedi,17:15,974,97407,0,0,2,2,3,1,1,4,1,01,1,1,0,65,1,0,1,4,1,17,5,2,9,1,2,1,1,200700083466A01,7,1,1,249740101
200700083544,2007-09-17,2007,septembre,lundi,19:15,972,97229,0,0,2,1,1,4,1,4,2,02,2,4,0,63,1,0,1,2,1,15,5,3,0,0,2,1,13,200700083544A01,37,0,1,249720061
200700083546,2007-09-28,2007,septembre,vendredi,18:45,972,97218,0,0,2,1,1,5,1,2,2,02,2,3,0,73,1,0,1,3,1,18,0,3,0,0,2,1,1,200700083546B02,30,13,1,200041788
200700083555,2007-09-03,2007,septembre,lundi,20:15,972,97212,0,0,2,1,1,5,1,4,2,02,2,1,0,60,1,0,1,3,1,15,5,3,0,0,2,3,19,200700083555B02,7,21,1,200041788
200700083571,2007-09-11,2007,septembre,mardi,17:30,971,97115,0,0,1,1,1,1,1,2,2,02,3,1,0,25,1,0,5,3,1,45,5,1,2,0,0,1,1,200700083571A01,2,5,1,249710062
200700083578,2007-09-29,2007,septembre,samedi,18:30,971,97116,0,0,2,1,3,5,1,2,2,02,1,1,0,70,1,0,1,3,1,14,5,3,0,0,2,1,15,200700083578A01,7,1,1,200044691
200700083584,2007-09-25,2007,septembre,mardi,01:00,973,97311,0,0,1,1,5,3,1,3,2,02,1,1,0,58,1,0,1,3,2,32,5,3,0,0,0,4,1,200700083584B02,10,1,1,249730037
200700083584,2007-09-25,2007,septembre,mardi,01:00,973,97311,0,0,1,1,5,3,1,3,2,02,1,1,0,58,1,0,1,4,2,17,5,3,0,0,0,0,1,200700083584C03,10,1,1,249730037
200700083585,2007-09-16,2007,septembre,dimanche,16:45,974,97420,0,0,2,1,1,1,1,4,2,02,1,1,0,36,1,0,1,4,1,46,5,3,0,0,2,1,1,200700083585B02,31,1,1,249740119
200700083597,2007-09-02,2007,septembre,dimanche,11:30,974,97449,0,0,2,1,5,1,1,4,2,02,2,2,0,35,1,0,1,3,1,17,5,3,0,0,2,1,13,200700083597B02,7,15 / 23,3,
200700083639,2007-09-02,2007,septembre,dimanche,18:15,974,97498,0,0,1,1,3,1,1,4,2,02,1,1,0,61,1,0,1,4,1,50,5,2,2,0,2,8,15,200700083639B02,2,17,1,
200700083649,2007-09-11,2007,septembre,mardi,15:45,971,97120,0,0,2,1,3,4,1,4,2,00,1,1,0,42,1,0,1,4,1,38,0,1,2,12,0,0,0,200700083649A01,33,0,1,200018653
200700083653,2007-09-27,2007,septembre,jeudi,12:40,971,97101,0,0,2,3,3,1,1,3,2,02,2,1,0,40,1,0,1,4,1,12,0,3,2,0,2,0,0,200700083653B01,7,0,1,200018653
200700083703,2007-09-14,2007,septembre,vendredi,06:46,973,97302,0,0,2,3,3,1,1,3,2,02,1,1,40,120,1,0,1,4,1,47,5,2,2,0,2,1,1,200700083703B01,7,16,1,249730045
200700083716,2007-09-25,2007,septembre,mardi,18:34,973,97302,0,0,2,3,3,2,1,4,1,01,1,1,0,49,1,0,1,3,1,5,5,3,4,0,2,6,1,200700083716A01,7,1,1,249730045
200700083718,2007-09-26,2007,septembre,mercredi,08:23,973,97302,0,0,1,6,3,1,1,3,4,02,1,2,0,86,1,0,1,4,1,28,5,2,2,0,2,1,3,200700083718B01,7,9,1,249730045
200700083723,2007-09-27,2007,septembre,jeudi,10:56,973,97302,0,0,1,3,1,1,1,3,2,00,1,1,0,61,1,0,1,4,1,15,5,2,2,0,2,1,17,200700083723A01,7,1,1,249730045
200700083730,2007-09-11,2007,septembre,mardi,14:10,974,97407,0,0,2,1,3,1,1,4,2,02,1,1,0,65,1,0,1,4,1,57,9,2,9,0,2,8,19,200700083730B01,7,1,1,249740101
200700083806,2007-01-05,2007,janvier,vendredi,13:10,973,97302,0,0,2,1,2,1,1,4,2,02,1,1,0,118,1,0,1,4,1,17,3,3,9,0,2,4,19,200700083806B01,7,1,1,249730045
200700083811,2007-02-14,2007,février,mercredi,08:50,973,97302,0,0,2,1,1,1,1,3,2,02,1,1,0,113,1,0,5,4,1,51,0,3,9,0,2,1,1,200700083811B01,7,9,1,249730045
200700083822,2007-10-19,2007,octobre,vendredi,06:45,972,97207,0,0,1,9,2,1,8,2,3,02,1,1,5,77,2,0,3,2,1,60,5,1,2,0,0,4,1,200700083822B02,7,1,1,249720053
200700083826,2007-10-23,2007,octobre,mardi,07:30,972,97221,0,0,2,1,2,1,1,2,1,02,1,1,0,73,1,3,1,3,1,34,5,1,2,0,0,4,1,200700083826B02,7,9,1,249720053
200700083845,2007-10-18,2007,octobre,jeudi,13:45,971,97125,0,0,2,1,3,1,7,2,2,02,1,1,0,100,1,0,3,3,1,15,2,3,0,0,2,4,19,200700083845A01,7,1,1,200041507
200700083865,2007-10-14,2007,octobre,dimanche,07:00,974,97409,0,0,2,1,1,1,1,3,2,02,-1,1,0,70,1,0,1,3,1,56,5,1,2,0,2,1,1,200700083865B02,7,15,1,249740093
200700083866,2007-10-06,2007,octobre,samedi,21:45,974,97402,0,0,1,1,6,3,1,3,2,02,1,1,0,61,1,0,1,2,1,52,5,3,0,0,0,4,1,200700083866A01,,,,249740093
200700083902,2007-10-10,2007,octobre,mercredi,21:00,971,97103,0,0,1,1,1,5,1,3,2,02,2,2,0,50,1,0,1,3,1,17,5,2,4,0,2,1,5,200700083902A01,7,1,1,200018653
200700083915,2007-10-11,2007,octobre,jeudi,13:00,973,97304,0,0,2,1,3,1,1,4,-1,00,1,1,0,76,1,0,1,4,2,18,3,3,0,0,0,7,15,200700083915A01,10,1,1,200027548
200700083979,2007-10-02,2007,octobre,mardi,14:14,973,97302,0,0,2,3,2,1,1,4,2,02,1,1,0,520,1,0,1,4,2,37,5,3,4,0,2,1,1,200700083979A01,15,1,1,249730045
200700083985,2007-10-04,2007,octobre,jeudi,18:10,973,97302,0,0,1,1,3,2,1,3,2,00,1,-1,0,64,1,0,1,3,2,15,2,2,2,0,2,0,15,200700083985B01,7,2,1,249730045
200700083991,2007-10-05,2007,octobre,vendredi,07:30,973,97302,0,0,2,1,1,1,1,4,2,00,1,1,0,60,1,0,1,4,1,13,1,1,9,0,2,8,13,200700083991A01,2,1,1,249730045
200700084003,2007-10-11,2007,octobre,jeudi,14:20,973,97302,0,0,2,3,1,1,1,4,2,02,1,1,0,790,1,0,1,4,1,17,2,1,4,0,2,1,18,200700084003B01,7,15,1,249730045
200700084004,2007-10-09,2007,octobre,mardi,12:30,973,97302,0,0,2,3,3,1,1,4,2,02,1,1,0,60,1,0,1,4,1,18,5,1,4,0,2,1,1,200700084004B01,7,15,1,249730045
200700084005,2007-10-22,2007,octobre,lundi,18:49,973,97302,0,0,2,1,2,5,1,3,2,02,1,1,0,83,1,0,1,4,1,15,0,3,9,0,9,4,15,200700084005B01,31,1,1,249730045
200700084008,2007-10-31,2007,octobre,mercredi,11:25,973,97302,0,0,2,1,2,1,1,4,2,00,1,-1,0,61,1,0,1,4,1,16,0,3,9,0,2,1,16,200700084008A01,7,16,1,249730045
200700084020,2007-10-02,2007,octobre,mardi,16:55,974,97407,0,0,2,1,2,1,1,4,2,02,1,1,0,101,1,0,1,3,1,13,5,2,9,0,2,4,1,200700084020B01,31,1,1,249740101
200700084021,2007-10-03,2007,octobre,mercredi,06:50,974,97407,0,0,1,6,3,1,1,2,1,02,1,2,0,80,1,2,1,3,1,19,5,2,9,0,2,8,1,200700084021B01,10,16,1,249740101
200700084038,2007-10-16,2007,octobre,mardi,16:10,974,97411,0,0,2,1,3,1,1,2,1,03,1,1,0,100,1,0,1,4,1,12,5,3,9,0,0,8,19,200700084038B01,7,1,1,249740119
200700084044,2007-10-16,2007,octobre,mardi,12:00,974,97411,0,0,2,1,6,1,1,4,2,02,1,1,0,110,1,0,1,4,1,14,2,3,9,1,0,1,1,200700084044B01,7,24,1,249740119
200700084049,2007-10-01,2007,octobre,lundi,07:35,974,97411,0,0,2,1,6,1,1,4,2,02,1,1,0,0,-1,0,1,1,1,45,9,1,2,0,1,1,1,200700084049A01,,,,249740119
200700084049,2007-10-01,2007,octobre,lundi,07:35,974,97411,0,0,2,1,6,1,1,4,2,02,1,1,0,0,-1,0,1,4,2,11,0,3,0,0,1,1,1,200700084049A01,,,,249740119
200700084060,2007-10-24,2007,octobre,mercredi,17:00,974,97411,0,0,2,1,3,1,1,3,2,02,2,1,0,60,1,0,1,4,1,43,5,1,2,0,2,8,15,200700084060B01,7,17,1,249740119
200700084065,2007-10-02,2007,octobre,mardi,07:20,974,97416,0,0,2,3,3,1,1,4,1,01,2,1,0,51,1,0,1,3,1,17,2,3,9,0,2,1,1,200700084065A01,7,1,1,249740077
200700084116,2007-11-20,2007,novembre,mardi,07:15,972,97225,0,0,1,1,6,1,1,3,3,02,1,1,0,72,1,0,1,3,1,23,2,3,0,0,2,1,19,200700084116B02,32,1,1,200041788
200700084127,2007-11-27,2007,novembre,mardi,17:30,971,97111,0,0,2,1,1,2,1,3,2,02,2,3,0,56,1,0,1,3,1,9,9,3,0,0,2,1,13,200700084127B02,7,1,1,249710062
200700084136,2007-11-18,2007,novembre,dimanche,12:15,971,97118,0,0,1,1,5,1,1,2,3,02,1,1,0,75,1,2,1,2,1,23,5,3,0,0,2,7,19,200700084136C03,7,1,2,249710062
200700084142,2007-11-17,2007,novembre,samedi,10:15,971,97108,15.901,-61.226,1,1,5,1,1,2,2,02,1,1,0,55,1,0,1,1,1,58,5,3,0,0,0,0,1,200700084142C03,10 / 2,17 / 1,2,249710047
200700084153,2007-11-01,2007,novembre,jeudi,20:30,973,97307,0,0,2,1,2,3,1,4,-1,00,1,1,0,50,1,0,1,3,1,12,0,3,0,0,0,4,0,200700084153B02,32,1,1,249730045
200700084153,2007-11-01,2007,novembre,jeudi,20:30,973,97307,0,0,2,1,2,3,1,4,-1,00,1,1,0,50,1,0,1,3,1,15,0,3,0,0,0,4,0,200700084153B02,32,1,1,249730045
200700084154,2007-11-13,2007,novembre,mardi,17:00,973,97307,0,0,1,1,1,1,1,2,2,00,1,1,0,70,1,0,5,1,1,50,1,1,4,0,0,8,19,200700084154B02,30,1,1,249730045
200700084156,2007-11-03,2007,novembre,samedi,16:45,973,97305,0,0,1,1,3,1,1,2,-1,00,1,1,70,0,-1,0,1,3,1,28,5,3,0,0,0,0,1,200700084156B02,10,17,1,249730045
200700084157,2007-11-09,2007,novembre,vendredi,14:15,973,97308,0,0,2,1,1,1,3,2,2,02,1,1,0,0,3,0,1,4,2,11,2,3,0,0,2,0,13,200700084157B02,7,14,1,249730052
200700084163,2007-11-11,2007,novembre,dimanche,10:00,974,97420,0,0,2,1,1,1,1,4,-1,02,1,1,0,63,1,0,1,3,1,12,5,3,0,0,0,1,1,200700084163B02,10,1,1,249740119
200700084166,2007-11-23,2007,novembre,vendredi,17:10,974,97406,0,0,2,1,3,1,1,2,2,02,1,1,0,75,1,0,1,3,1,10,5,3,0,0,0,8,15,200700084166B02,7,17,1,249740093