Num_Acc,date,an,mois,jour,hrmn,dep,com,lat,long,agg,int,col,lum,atm,catr,circ,nbv,prof,plan,lartpc,larrout,surf,infra,situ,grav,sexe,age,trajet,secuexist,equipement,obs,obsm,choc,manv,vehiculeid,typevehicules,manoeuvehicules,numVehicules,_infos_commune.code_epci
200700084177,2007-11-19,2007,novembre,lundi,23:00,974,97412,0,0,1,1,1,3,1,3,2,00,2,2,0,60,1,0,1,4,1,28,5,3,0,0,2,1,1,200700084177B02,2,13,1,249740085
200700084178,2007-11-08,2007,novembre,jeudi,18:30,974,97422,0,0,2,1,1,2,1,4,2,02,2,-1,0,37,1,0,1,3,1,12,5,3,0,0,2,1,1,200700084178A01,7,1,1,249740085
200700084224,2007-11-24,2007,novembre,samedi,11:30,973,97304,0,0,2,1,5,5,1,4,2,00,1,1,0,69,1,0,1,3,1,26,1,3,0,0,2,7,19,200700084224B02,33 / 7,17 / 1,2,200027548
200700084226,2007-11-26,2007,novembre,lundi,19:45,974,97420,0,0,2,1,2,4,1,4,2,02,1,1,40,0,1,0,1,3,1,17,3,3,0,0,0,5,0,200700084226B02,7,1,1,249740119
200700084228,2007-11-07,2007,novembre,mercredi,19:30,974,97451,0,0,2,1,3,5,1,3,2,02,-1,1,0,60,1,0,1,3,1,19,5,2,4,0,2,9,19,200700084228A01,7,1,1,
200700084228,2007-11-07,2007,novembre,mercredi,19:30,974,97451,0,0,2,1,3,5,1,3,2,02,-1,1,0,60,1,0,1,3,1,17,0,3,0,0,2,9,19,200700084228A01,7,1,1,
200700084267,2007-11-25,2007,novembre,dimanche,08:28,972,97209,0,0,1,1,6,1,1,3,2,02,1,1,0,60,1,0,1,4,1,18,0,2,2,0,2,7,0,200700084267B01,7,9,1,249720061
200700084269,2007-11-27,2007,novembre,mardi,05:50,972,97209,0,0,2,1,2,2,2,3,2,02,1,2,0,60,2,0,1,3,1,27,0,3,2,0,9,4,1,200700084269B01,37,15,1,249720061
200700084284,2007-11-25,2007,novembre,dimanche,14:00,972,97213,0,0,1,1,2,1,1,3,2,02,4,3,0,0,-1,0,1,4,1,47,0,3,2,0,2,1,2,200700084284A01,7,2,1,249720061
200700084294,2007-11-05,2007,novembre,lundi,15:55,973,97302,0,0,1,1,1,1,1,5,-1,02,1,1,0,68,1,0,1,4,1,17,5,2,9,0,2,1,1,200700084294A01,7,1,1,249730045
200700084302,2007-11-10,2007,novembre,samedi,15:47,973,97302,0,0,1,1,2,1,1,3,-1,02,1,-1,0,67,1,0,1,4,1,39,0,1,9,0,9,0,2,200700084302B01,2,2,1,249730045
200700084304,2007-11-16,2007,novembre,vendredi,12:20,973,97302,0,0,2,1,2,1,1,4,2,02,1,-1,0,70,1,0,1,4,1,16,2,1,4,0,2,1,2,200700084304A01,7,23,1,249730045
200700084307,2007-11-19,2007,novembre,lundi,17:28,973,97302,0,0,2,1,6,1,1,4,2,00,1,1,0,57,1,0,1,1,1,37,0,3,9,0,9,4,2,200700084307C01,2 / 7,2 / 0,2,249730045
200700084308,2007-11-19,2007,novembre,lundi,16:40,973,97302,0,0,1,1,1,1,1,3,2,02,1,1,0,35,1,0,5,1,1,25,2,3,9,0,9,1,1,200700084308B01,1,5,1,249730045
200700084308,2007-11-19,2007,novembre,lundi,16:40,973,97302,0,0,1,1,1,1,1,3,2,02,1,1,0,35,1,0,5,4,2,13,2,3,9,0,9,1,5,200700084308A01,1,1,1,249730045
200700084309,2007-11-20,2007,novembre,mardi,19:15,973,97302,0,0,2,2,3,5,1,4,2,00,1,-1,0,68,-1,0,1,4,1,14,0,3,9,0,2,1,19,200700084309A01,7,1,1,249730045
200700084309,2007-11-20,2007,novembre,mardi,19:15,973,97302,0,0,2,2,3,5,1,4,2,00,1,-1,0,68,-1,0,1,4,1,13,0,3,9,0,2,1,19,200700084309A01,7,1,1,249730045
200700084311,2007-11-20,2007,novembre,mardi,12:05,973,97302,0,0,1,3,1,1,1,3,2,02,1,1,0,83,1,0,1,4,1,17,5,3,9,0,2,1,16,200700084311A01,7,1,1,249730045
200700084311,2007-11-20,2007,novembre,mardi,12:05,973,97302,0,0,1,3,1,1,1,3,2,02,1,1,0,83,1,0,1,3,1,16,0,3,9,0,2,1,16,200700084311A01,7,1,1,249730045
200700084315,2007-11-23,2007,novembre,vendredi,14:24,973,97302,0,0,1,2,3,1,1,4,2,02,1,1,0,68,1,0,1,4,1,17,1,3,9,0,2,1,9,200700084315A01,7,1,1,249730045
200700084323,2007-11-29,2007,novembre,jeudi,20:30,973,97302,0,0,2,6,2,5,1,3,2,02,1,-1,0,77,1,0,1,4,2,20,2,1,2,0,2,1,16,200700084323B01,7,9,1,249730045
200700084335,2007-11-22,2007,novembre,jeudi,07:40,974,97407,0,0,2,3,3,1,1,4,2,02,1,1,0,60,1,0,1,3,1,17,2,2,9,0,2,1,1,200700084335A01,7,1,1,249740101
200700084357,2007-11-17,2007,novembre,samedi,19:45,974,97411,0,0,2,1,6,3,1,4,2,02,2,3,0,60,1,0,1,3,1,17,5,3,9,0,2,8,1,200700084357B01,7,13,1,249740119
200700084442,2007-12-26,2007,décembre,mercredi,18:00,971,97111,0,0,1,1,1,3,1,2,-1,00,-1,1,0,0,1,0,1,2,1,48,0,3,0,0,2,1,5,200700084442A01,7,1,1,249710062
200700084462,2007-12-02,2007,décembre,dimanche,06:45,971,97116,0,0,1,1,2,1,1,2,2,02,1,1,0,0,1,0,1,3,1,47,5,1,2,0,2,6,2,200700084462B02,7,2,1,200044691
200700084465,2007-12-12,2007,décembre,mercredi,12:30,971,97116,0,0,2,1,2,1,1,2,3,02,1,1,0,80,1,0,5,3,1,60,5,3,0,1,0,1,1,200700084465B02,37,24,1,200044691
200700084467,2007-12-12,2007,décembre,mercredi,16:15,973,97307,0,0,2,1,1,1,1,2,2,00,2,3,0,70,1,0,1,4,1,48,5,3,0,0,2,1,1,200700084467B02,7,18,1,249730045
200700084564,2007-12-03,2007,décembre,lundi,17:12,971,97107,0,0,2,4,3,1,1,3,2,02,-1,2,0,70,1,0,1,4,1,46,5,3,9,0,2,3,1,200700084564B01,7,11,1,249710070
200700084602,2007-12-29,2007,décembre,samedi,19:08,972,97209,0,0,1,1,6,4,1,3,2,02,1,1,0,60,1,0,1,3,1,12,0,3,2,0,2,0,0,200700084602B01,7,0,1,249720061
200700084604,2007-12-31,2007,décembre,lundi,14:13,972,97209,0,0,2,1,6,1,1,4,2,02,1,1,0,55,-1,0,1,3,1,16,0,3,2,0,2,0,0,200700084604B01,7,1,1,249720061
200700084636,2007-12-12,2007,décembre,mercredi,18:00,973,97302,0,0,2,1,6,1,1,3,1,01,1,2,0,44,1,0,1,4,1,12,5,3,4,0,2,0,1,200700084636B01,7,4,1,249730045
200700084647,2007-12-06,2007,décembre,jeudi,19:16,973,97302,0,0,1,3,1,5,1,3,2,02,1,1,0,0,1,0,0,4,1,18,5,1,2,0,2,1,5,200700084647B01,7,1,1,249730045
200700084658,2007-12-24,2007,décembre,lundi,17:27,973,97302,0,0,1,1,6,1,1,4,2,02,1,1,0,46,1,0,1,4,1,14,5,3,9,0,1,1,1,200700084658A01,,,,249730045
200700084658,2007-12-24,2007,décembre,lundi,17:27,973,97302,0,0,1,1,6,1,1,4,2,02,1,1,0,46,1,0,1,4,1,17,5,3,0,0,1,1,1,200700084658A01,,,,249730045
200700084674,2007-12-06,2007,décembre,jeudi,19:50,974,97407,0,0,2,3,3,5,1,4,2,02,1,1,0,65,1,0,1,4,1,10,5,2,4,0,9,8,15,200700084674B01,30,17,1,249740101
200700084678,2007-12-14,2007,décembre,vendredi,06:30,974,97407,0,0,2,3,3,1,1,4,1,01,1,1,45,70,1,0,1,3,1,81,5,2,9,0,2,7,1,200700084678B01,7,16,1,249740101
200700084687,2007-12-30,2007,décembre,dimanche,17:05,974,97407,0,0,2,2,3,1,1,4,3,01,1,1,45,70,1,0,1,4,2,47,5,2,9,0,2,1,1,200700084687B01,7,1,1,249740101
200700084698,2007-12-17,2007,décembre,lundi,16:00,974,97411,0,0,2,3,3,1,2,4,2,02,1,1,20,65,2,0,1,4,1,23,5,3,9,0,2,1,0,200700084698A01,37,0,1,249740119
200800000004,2008-01-20,2008,janvier,dimanche,11:00,33,33394,44.914,-0.199,1,1,2,1,1,3,2,02,1,3,0,67,1,0,1,3,1,77,5,1,2,0,0,4,1,200800000004A01,1,1,1,200035533
200800000004,2008-01-20,2008,janvier,dimanche,11:00,33,33394,44.914,-0.199,1,1,2,1,1,3,2,02,1,3,0,67,1,0,1,3,2,52,5,1,2,0,0,0,1,200800000004B02,1,1,1,200035533
200800000009,2008-01-14,2008,janvier,lundi,16:00,24,24372,0,0,2,1,7,1,3,3,-1,02,1,3,20,160,2,5,1,3,1,67,9,1,2,0,0,0,2,200800000009A01,,,,200040095
200800000064,2008-01-29,2008,janvier,mardi,17:15,47,47306,44.4,0.495,1,1,3,1,1,3,2,00,1,1,0,55,1,2,1,2,1,79,5,3,0,0,0,8,13,200800000064B02,7,17,1,244701405
200800000095,2008-01-09,2008,janvier,mercredi,09:45,17,17094,0,0,2,6,3,2,2,3,2,00,1,-1,0,62,2,5,1,3,1,77,3,3,0,0,2,1,15,200800000095B02,7,9,1,241700434
200800000140,2008-01-01,2008,janvier,mardi,14:00,19,19230,45.46,1.458,1,1,5,1,1,3,2,00,1,1,0,65,1,0,1,3,1,49,5,3,0,0,2,4,1,200800000140B02,7,17,1,
200800000140,2008-01-01,2008,janvier,mardi,14:00,19,19230,45.46,1.458,1,1,5,1,1,3,2,00,1,1,0,65,1,0,1,1,1,46,5,3,0,0,0,4,1,200800000140C03,7,17,1,
200800000140,2008-01-01,2008,janvier,mardi,14:00,19,19230,45.46,1.458,1,1,5,1,1,3,2,00,1,1,0,65,1,0,1,4,1,39,5,3,0,0,0,8,1,200800000140D04,7,17,1,
200800000140,2008-01-01,2008,janvier,mardi,14:00,19,19230,45.46,1.458,1,1,5,1,1,3,2,00,1,1,0,65,1,0,1,1,1,27,5,3,0,0,0,8,1,200800000140E05,7,17,1,
200800000157,2008-01-30,2008,janvier,mercredi,08:30,31,31291,43.607,1.234,2,2,3,1,1,3,2,00,3,1,0,65,1,5,1,3,1,14,2,3,0,0,2,4,19,200800000157A01,7,1,1,243100781
200800000169,2008-01-07,2008,janvier,lundi,07:30,31,31589,0,0,1,1,6,3,1,3,-1,00,-1,1,0,75,1,0,3,3,1,34,1,3,0,0,1,2,1,200800000169A01,,,,200071298
200800000169,2008-01-07,2008,janvier,lundi,07:30,31,31589,0,0,1,1,6,3,1,3,-1,00,-1,1,0,75,1,0,3,1,1,63,5,3,0,0,1,2,1,200800000169A01,,,,200071298
200800000274,2008-01-13,2008,janvier,dimanche,16:45,01,01322,0,0,1,1,5,1,1,3,2,00,2,1,0,60,1,0,1,3,1,17,5,1,2,0,2,4,1,200800000274B02,10,14,1,200042497
200800000274,2008-01-13,2008,janvier,dimanche,16:45,01,01322,0,0,1,1,5,1,1,3,2,00,2,1,0,60,1,0,1,4,1,17,5,1,2,0,2,4,1,200800000274C03,10,14,1,200042497
200800000283,2008-01-16,2008,janvier,mercredi,14:00,01,01263,0,0,2,1,3,5,1,9,2,02,2,1,0,56,1,0,1,4,1,25,1,3,0,0,0,8,1,200800000283B02,7,15,1,200070118
200800000291,2008-01-08,2008,janvier,mardi,14:30,07,07197,0,0,1,1,2,1,7,3,2,02,2,1,0,64,1,0,1,3,1,33,5,1,2,0,2,4,2,200800000291B02,10,2,1,200072015
200800000314,2008-01-17,2008,janvier,jeudi,18:45,38,38528,45.106,5.798,1,1,1,3,1,3,3,00,1,1,4,75,1,0,3,3,1,49,5,1,4,0,0,4,2,200800000314B02,7,1,1,200040715
200800000316,2008-01-11,2008,janvier,vendredi,17:45,38,38416,45.158,5.315,2,1,1,2,1,4,1,01,1,1,0,55,1,0,1,3,1,15,5,2,2,0,2,1,1,200800000316B02,7,1,1,200070431
200800000329,2008-01-21,2008,janvier,lundi,18:15,38,38261,45.676,5.489,1,1,1,3,2,3,2,02,1,1,0,70,2,0,3,2,1,63,5,2,4,0,2,4,2,200800000329B02,7,2,1,200068542
200800000359,2008-01-10,2008,janvier,jeudi,16:15,42,42222,0,0,1,1,3,1,1,3,2,02,1,1,0,53,1,0,1,3,1,65,5,1,2,0,2,3,1,200800000359B02,7,1,1,244200770
200800000362,2008-01-04,2008,janvier,vendredi,16:15,42,42212,45.977,4.109,1,1,2,2,1,3,2,02,2,2,0,69,-1,0,1,3,1,22,5,2,2,0,2,4,2,200800000362B02,7,2,1,244200630
200800000412,2008-01-26,2008,janvier,samedi,14:30,67,67222,0,0,2,1,1,1,1,3,2,00,2,2,0,85,1,0,1,3,1,40,5,1,2,0,2,2,1,200800000412B02,7,15,1,200067783
200800000425,2008-01-19,2008,janvier,samedi,07:45,67,67351,48.995,7.983,1,1,1,3,1,3,2,02,1,1,0,65,1,0,1,3,1,59,5,3,0,0,0,4,2,200800000425B02,7,2,1,246700926
200800000426,2008-01-24,2008,janvier,jeudi,08:00,67,67451,48.995,8.04,2,1,1,2,1,3,2,02,1,1,0,67,1,0,1,3,1,81,3,3,0,0,2,1,1,200800000426B02,7,15,1,246700926
200800000463,2008-01-27,2008,janvier,dimanche,12:15,08,08294,49.691,4.989,2,2,3,1,1,3,2,00,1,1,0,80,1,0,1,3,1,35,5,1,2,0,2,1,1,200800000463B02,7,1,1,
200800000465,2008-01-03,2008,janvier,jeudi,07:45,08,08142,49.741,4.892,1,1,2,3,1,3,2,02,1,1,0,61,1,0,1,3,1,55,1,1,4,0,0,4,2,200800000465B02,7,1,1,200041630
200800000491,2008-01-04,2008,janvier,vendredi,14:45,03,03269,46.449,2.817,1,1,2,1,1,3,2,02,1,1,0,60,1,0,1,3,1,77,5,3,0,0,2,8,15,200800000491B02,7,17,1,200071512
200800000556,2008-01-02,2008,janvier,mercredi,15:00,69,69204,0,0,1,1,1,1,1,3,2,00,2,1,0,0,1,0,1,3,1,66,5,1,2,0,2,0,1,200800000556B02,7,15,1,200046977
200800000562,2008-01-06,2008,janvier,dimanche,11:00,59,59452,0,0,2,6,1,1,7,3,4,02,1,2,0,75,9,3,1,3,1,55,5,3,0,0,2,7,1,200800000562B02,7,9,1,200041960
200800000563,2008-01-21,2008,janvier,lundi,13:00,59,59647,50.822,2.216,2,1,3,1,1,3,2,02,1,1,0,65,1,0,1,3,1,15,2,3,0,0,2,8,19,200800000563B02,7,1,1,200040954
200800000587,2008-01-03,2008,janvier,jeudi,17:30,62,62706,50.597,2.762,1,1,2,5,2,3,2,00,-1,1,0,56,2,0,1,2,1,17,5,3,0,0,0,4,1,200800000587B02,7,1,1,200072460
200800000605,2008-01-15,2008,janvier,mardi,18:00,80,80761,0,0,1,1,3,3,6,3,2,02,1,1,0,63,2,0,1,3,1,25,1,2,4,0,2,1,1,200800000605B02,10,15,1,
200800000611,2008-01-08,2008,janvier,mardi,14:00,80,80253,50.16,2.34,2,1,6,1,1,4,2,00,1,1,0,0,1,0,4,3,2,64,5,3,0,15,0,1,1,200800000611A01,,,,200070951
200800000676,2008-01-31,2008,janvier,jeudi,19:15,76,76400,0,0,1,1,1,3,3,3,2,02,1,-1,0,61,2,0,1,3,1,50,5,3,0,0,0,0,0,200800000676A01,7,0,1,200068534
200800000694,2008-01-20,2008,janvier,dimanche,11:00,76,76686,49.782,0.541,1,1,1,1,1,3,2,02,1,2,0,0,2,0,1,3,1,49,0,3,0,0,2,1,5,200800000694B02,7,1,1,200069821
200800000699,2008-01-11,2008,janvier,vendredi,10:15,27,27112,0,0,2,3,3,1,1,9,2,02,1,1,0,37,1,0,0,3,1,55,5,3,0,0,2,7,16,200800000699B02,7,1,1,200066462
200800000733,2008-01-24,2008,janvier,jeudi,19:00,22,22117,48.605,-2.871,1,1,3,5,1,4,-1,00,-1,1,0,0,1,0,1,3,1,16,5,3,0,0,2,6,19,200800000733A01,7,1,1,200069409
200800000735,2008-01-27,2008,janvier,dimanche,12:15,22,22093,0,0,2,1,2,1,1,9,2,00,1,1,0,0,1,0,1,3,1,17,5,2,2,0,2,1,2,200800000735B02,7,2,1,200069391
200800000750,2008-01-20,2008,janvier,dimanche,10:00,29,29032,47.908,-4.07,1,1,7,1,1,3,2,00,2,1,0,0,1,0,1,2,1,57,5,3,0,0,0,0,1,200800000750A01,,,,242900660
200800000786,2008-01-04,2008,janvier,vendredi,13:00,14,14488,0,0,2,1,1,1,1,4,1,01,1,1,0,60,1,0,1,3,2,17,1,3,0,0,0,6,1,200800000786B02,33,13,1,200065597
200800000791,2008-01-31,2008,janvier,jeudi,09:45,14,14422,0,0,1,1,2,1,1,3,2,00,1,1,0,0,1,0,1,1,1,69,9,3,0,0,2,4,2,200800000791B02,2,2,1,
200800000824,2008-01-26,2008,janvier,samedi,13:15,44,44026,0,0,2,2,3,1,1,4,2,02,1,1,0,51,1,0,1,4,1,8,0,2,2,0,2,7,19,200800000824B02,7,1,1,244400404
200800000912,2008-01-12,2008,janvier,samedi,15:00,33,33452,0,0,1,1,1,1,1,3,2,02,1,1,0,52,1,0,1,2,1,71,5,1,2,0,2,0,13,200800000912B02,7,13,1,200069581
200800001082,2008-01-08,2008,janvier,mardi,10:15,83,83046,0,0,2,1,3,1,1,3,2,02,2,1,0,45,1,0,1,3,1,22,5,2,2,0,2,8,1,200800001082B02,7,15,1,200068104
200800001120,2008-01-13,2008,janvier,dimanche,14:00,34,34307,43.717,4.005,2,1,7,1,1,3,3,00,1,1,0,60,1,0,1,3,1,15,5,3,0,0,0,0,1,200800001120A01,,,,243400017
200800001216,2008-01-24,2008,janvier,jeudi,17:30,77,77206,48.858,3.043,1,1,3,2,1,3,2,02,-1,1,0,0,-1,0,0,3,2,14,0,2,4,0,2,0,13,200800001216B02,10,17,1,200090504
200800001236,2008-01-07,2008,janvier,lundi,10:15,45,45028,47.784,1.629,2,1,3,1,1,4,2,02,2,1,0,21,2,0,1,3,1,39,1,3,0,0,2,1,15,200800001236B02,7,1,1,200070183
200800001288,2008-01-27,2008,janvier,dimanche,12:15,37,37228,0,0,2,1,3,1,1,3,2,02,1,-1,0,95,1,5,1,3,1,85,5,3,0,0,2,1,0,200800001288B02,7,19,1,200072981
200800001300,2008-01-31,2008,janvier,jeudi,08:00,33,33199,44.646,-1.061,2,1,1,2,1,4,2,00,1,1,0,44,1,0,1,3,1,28,1,3,0,0,2,7,1,200800001300B02,30,1,1,243300563
200800001337,2008-01-13,2008,janvier,dimanche,11:45,37,37124,0,0,1,1,7,1,1,4,2,02,-1,1,0,71,1,0,1,3,1,49,5,1,2,0,0,0,1,200800001337A01,,,,200073161
200800001404,2008-01-11,2008,janvier,vendredi,07:45,78,78043,48.846,2.087,1,1,1,3,1,3,2,02,-1,1,0,0,1,0,1,3,1,49,1,1,2,0,2,4,19,200800001404B02,7,1,1,247800584
200800001408,2008-01-14,2008,janvier,lundi,17:00,56,56243,47.626,-2.733,2,6,3,1,8,4,1,02,1,2,0,0,2,0,1,4,1,72,5,3,0,0,2,8,1,200800001408A01,7,16,1,200067932
200800001458,2008-01-23,2008,janvier,mercredi,07:15,69,69260,45.65,4.817,1,1,2,2,1,3,2,02,1,1,0,55,1,2,1,4,1,44,1,1,4,0,2,4,2,200800001458B02,10,2,1,200046977
200800001472,2008-01-11,2008,janvier,vendredi,04:00,57,57160,0,0,2,1,3,5,1,4,2,00,2,1,0,59,1,0,1,3,1,17,1,3,0,0,2,1,0,200800001472A01,7,1,1,245701164
200800001486,2008-01-20,2008,janvier,dimanche,15:05,01,01289,0,0,1,2,3,1,1,3,2,02,1,1,0,90,-1,0,1,3,2,80,9,2,9,0,2,8,19,200800001486A01,7,1,1,200071751
200800001515,2008-01-22,2008,janvier,mardi,08:00,03,03310,0,0,2,2,3,5,2,4,1,02,1,1,0,68,2,0,1,4,1,21,5,2,9,0,2,1,1,200800001515A01,10,1,1,200071363
200800001516,2008-01-23,2008,janvier,mercredi,15:30,03,03095,0,0,2,2,3,1,1,4,2,02,1,1,0,80,1,5,0,4,1,70,5,1,9,0,2,7,1,200800001516B01,7,15,1,200071363
200800001537,2008-01-09,2008,janvier,mercredi,09:20,06,06004,0,0,2,1,3,1,1,2,2,02,1,1,0,80,1,0,1,4,1,33,5,3,2,0,2,1,2,200800001537B01,7,15,1,240600585
200800001680,2008-01-23,2008,janvier,mercredi,14:00,13,13055,0,0,2,6,1,1,1,4,3,01,1,2,0,40,1,5,0,4,1,70,5,3,9,0,2,1,1,200800001680B01,7,5,1,200054807
200800001685,2008-01-24,2008,janvier,jeudi,11:30,13,13002,0,0,2,6,3,1,1,4,2,02,1,1,50,150,1,0,1,4,1,66,5,3,9,0,2,7,1,200800001685B01,7,15,1,200054807
200800001725,2008-01-15,2008,janvier,mardi,11:40,13,13055,0,0,2,1,2,1,9,4,2,02,2,1,0,78,1,0,1,3,1,58,5,1,2,0,2,4,1,200800001725B01,7,16,1,200054807
200800001765,2008-01-21,2008,janvier,lundi,11:50,13,13055,0,0,2,1,3,1,1,4,3,04,1,1,15,122,1,0,1,4,1,21,2,3,9,0,2,8,19,200800001765B01,33,1,1,200054807
200800001767,2008-01-29,2008,janvier,mardi,17:40,13,13055,0,0,2,1,3,2,1,4,-1,02,1,-1,0,0,1,0,1,3,1,28,0,2,2,0,2,1,1,200800001767A01,7,1,1,200054807
200800001797,2008-01-28,2008,janvier,lundi,07:45,13,13108,0,0,2,1,3,1,1,3,2,01,1,1,0,30,1,0,1,4,1,58,1,3,4,0,2,3,15,200800001797A01,7,2,1,241300417
200800001814,2008-01-30,2008,janvier,mercredi,16:10,14,14118,0,0,2,2,3,1,1,4,2,04,2,1,10,140,1,0,1,3,1,37,5,2,2,0,2,1,7,200800001814A01,99,1,1,200065597
200800001855,2008-01-26,2008,janvier,samedi,16:00,17,17300,0,0,2,1,3,1,1,4,2,04,1,1,0,0,1,0,1,1,1,48,9,2,2,0,2,7,19,200800001855A01,33,1,1,241700434
200800001883,2008-01-23,2008,janvier,mercredi,16:45,18,18255,0,0,2,1,3,1,1,4,2,02,1,1,0,70,1,0,1,3,1,17,5,1,2,0,2,8,2,200800001883B01,13,2,1,241800507
200800001893,2008-01-05,2008,janvier,samedi,13:40,19,19031,45.14819,4.48957,2,6,3,1,2,4,1,02,1,1,0,0,2,0,1,4,1,60,9,2,2,0,2,0,0,200800001893B01,7,0,1,200043172
200800001896,2008-01-10,2008,janvier,jeudi,17:00,19,19031,45.15963,4.53621,2,2,6,1,1,4,1,01,1,1,0,29,1,0,1,3,2,73,0,2,2,0,2,1,1,200800001896A01,7,1,1,200043172
200800001906,2008-01-23,2008,janvier,mercredi,15:40,19,19031,0,0,2,1,6,1,1,4,2,00,1,1,0,0,1,0,1,4,1,16,0,2,2,0,2,0,0,200800001906B01,7,0,1,200043172
200800001908,2008-01-26,2008,janvier,samedi,13:40,19,19031,0,0,2,7,3,1,1,4,1,01,1,1,0,0,1,0,1,4,1,51,9,2,2,0,2,1,9,200800001908A01,7,1,1,200043172
200800001922,2008-01-17,2008,janvier,jeudi,08:05,21,21231,0,0,2,6,6,2,2,4,3,04,1,1,0,0,2,5,1,4,1,51,1,1,2,0,2,1,1,200800001922B01,7,9,1,242100410
200800001926,2008-01-21,2008,janvier,lundi,09:00,21,21231,0,0,2,2,3,1,1,4,3,05,1,1,0,0,1,5,0,4,2,26,2,2,2,0,2,1,15,200800001926B01,7,1,1,242100410
200800001928,2008-01-22,2008,janvier,mardi,09:21,21,21231,0,0,2,1,2,1,2,4,3,04,1,1,76,160,2,0,5,4,2,22,1,2,2,0,2,4,1,200800001928B01,7,14,1,242100410
200800001930,2008-01-24,2008,janvier,jeudi,17:24,21,21231,0,0,2,1,1,2,1,4,2,02,1,1,0,50,1,0,5,4,1,35,1,2,2,0,2,1,1,200800001930A01,1,1,1,242100410
200800001930,2008-01-24,2008,janvier,jeudi,17:24,21,21231,0,0,2,1,1,2,1,4,2,02,1,1,0,50,1,0,5,4,2,33,5,2,2,0,2,1,1,200800001930B01,1,1,1,242100410
200800001950,2008-01-30,2008,janvier,mercredi,09:25,06,06027,0,0,2,1,3,1,1,4,2,04,1,1,0,0,1,0,1,4,1,64,5,2,2,0,2,1,17,200800001950A01,99,1,1,200030195
200800001958,2008-01-08,2008,janvier,mardi,07:50,06,06029,0,0,2,1,3,2,1,4,-1,02,-1,-1,0,100,1,5,1,4,1,73,5,1,4,0,2,4,1,200800001958B01,7,0,1,200039915
200800002063,2008-01-20,2008,janvier,dimanche,08:30,06,06088,0,0,2,1,3,1,1,4,2,02,1,1,0,110,1,0,1,4,1,40,5,1,2,0,2,0,1,200800002063B01,7,13,1,200030195
200800002079,2008-01-24,2008,janvier,jeudi,18:45,06,06088,0,0,2,1,3,4,1,4,3,06,1,1,0,160,1,0,1,4,1,45,9,3,4,0,2,0,1,200800002079A01,7,19,1,200030195
200800002103,2008-01-29,2008,janvier,mardi,15:40,06,06088,0,0,2,2,3,1,1,4,1,02,1,1,0,65,1,0,1,4,1,26,0,1,9,0,2,1,1,200800002103B01,7,1,1,200030195
200800002111,2008-01-31,2008,janvier,jeudi,10:00,06,06088,0,0,2,1,3,1,1,4,2,04,1,1,0,100,1,0,1,4,2,26,2,3,4,0,2,0,2,200800002111B01,7,17,1,200030195
200800002112,2008-01-31,2008,janvier,jeudi,13:35,06,06088,0,0,2,1,7,1,1,4,2,03,1,1,0,110,1,0,1,4,2,70,5,3,9,0,0,0,1,200800002112B01,7,16,1,200030195
200800002125,2008-01-09,2008,janvier,mercredi,13:12,09,09225,0,0,2,2,3,1,8,4,2,01,1,1,0,89,1,0,0,3,1,82,5,3,9,0,2,8,2,200800002125A01,14,2,1,200066231
200800002178,2008-01-18,2008,janvier,vendredi,06:38,49,49353,0,0,2,1,2,5,1,4,2,02,1,1,0,60,2,0,1,4,1,21,5,3,9,0,2,4,2,200800002178B01,7,0,1,244900015
200800002181,2008-01-23,2008,janvier,mercredi,14:27,49,49007,0,0,2,1,7,1,1,4,2,02,1,1,0,70,1,0,1,4,1,22,0,1,2,0,0,0,1,200800002181A01,,,,244900015
200800002182,2008-01-23,2008,janvier,mercredi,09:48,49,49246,0,0,2,6,6,1,1,4,2,02,1,1,0,90,1,0,1,4,2,43,1,3,9,0,2,0,16,200800002182A01,7,1,1,244900015
200800002194,2008-01-29,2008,janvier,mardi,16:43,49,49007,0,0,2,3,7,1,1,4,2,02,1,1,0,60,1,0,1,4,1,17,2,3,9,0,0,1,1,200800002194A01,,,,244900015
200800002201,2008-01-22,2008,janvier,mardi,19:00,49,49099,0,0,2,2,3,5,1,4,2,02,2,1,0,76,1,0,1,3,1,45,1,3,4,0,2,1,1,200800002201B01,7,17,1,200071678
200800002215,2008-01-05,2008,janvier,samedi,19:30,50,50129,0,0,2,1,3,5,2,3,2,02,1,1,0,0,2,0,1,4,2,40,5,3,2,0,2,1,1,200800002215B01,7,24,1,200067205
200800002245,2008-01-27,2008,janvier,dimanche,11:20,52,52448,0,0,2,1,6,1,1,4,2,02,1,1,0,0,1,0,4,1,1,17,5,2,2,0,1,8,1,200800002245A01,,,,200068666
200800002254,2008-01-17,2008,janvier,jeudi,08:50,54,54273,0,0,2,3,3,1,2,3,2,02,1,-1,0,0,2,0,1,3,1,14,2,3,9,0,0,3,19,200800002254A01,7,9,1,200070845
200800002255,2008-01-31,2008,janvier,jeudi,12:08,54,54159,0,0,2,1,7,1,8,3,2,02,1,1,0,72,1,0,0,3,2,45,1,3,9,0,2,1,21,200800002255B01,7,22,1,245400189
200800002281,2008-01-18,2008,janvier,vendredi,18:00,54,54395,0,0,1,1,6,5,2,4,2,03,1,1,0,0,2,0,5,4,1,43,5,1,2,0,2,1,5,200800002281B01,2,5,1,245400676
200800002295,2008-01-24,2008,janvier,jeudi,12:05,54,54395,0,0,2,3,6,1,1,4,2,02,1,1,0,0,1,0,1,3,2,21,2,2,2,0,1,1,1,200800002295A01,,,,245400676