Num_Acc,date,an,mois,jour,hrmn,dep,com,lat,long,agg,int,col,lum,atm,catr,circ,nbv,prof,plan,lartpc,larrout,surf,infra,situ,grav,sexe,age,trajet,secuexist,equipement,obs,obsm,choc,manv,vehiculeid,typevehicules,manoeuvehicules,numVehicules,_infos_commune.code_epci
200800004503,2008-01-19,2008,janvier,samedi,09:35,91,91692,0,0,1,6,3,1,1,2,2,02,1,1,0,0,1,5,1,4,1,43,4,2,2,0,0,0,1,200800004503B01,7,9,1,200056232
200800004516,2008-01-13,2008,janvier,dimanche,11:10,92,92014,0,0,2,1,6,1,1,4,2,02,1,1,0,59,1,0,1,4,1,46,3,3,9,1,0,1,1,200800004516B01,10,22,1,200054781
200800004517,2008-01-18,2008,janvier,vendredi,07:55,92,92014,0,0,2,2,3,5,1,4,2,02,1,1,0,54,1,0,1,4,1,19,1,3,9,0,2,7,1,200800004517A01,10,1,1,200054781
200800004542,2008-01-18,2008,janvier,vendredi,17:10,75,75108,0,0,2,5,3,2,1,4,2,04,1,1,0,0,2,0,1,4,2,46,5,3,9,0,2,2,1,200800004542B01,7,1,1,200054781
200800004572,2008-01-20,2008,janvier,dimanche,20:50,75,75113,0,0,2,2,3,5,1,4,1,02,1,1,0,123,1,0,0,4,2,28,5,2,9,0,2,8,1,200800004572B01,7,15,1,200054781
200800004589,2008-01-21,2008,janvier,lundi,11:00,75,75110,0,0,2,2,3,1,1,4,1,04,1,1,0,100,1,0,1,4,2,41,1,3,9,0,2,6,16,200800004589B01,10,16,1,200054781
200800004591,2008-01-21,2008,janvier,lundi,20:30,75,75113,0,0,2,1,3,5,2,4,2,04,1,1,0,65,2,0,0,4,1,34,5,3,9,0,0,0,0,200800004591B01,7,1,1,200054781
200800004592,2008-01-21,2008,janvier,lundi,18:50,75,75114,0,0,2,1,3,3,1,4,1,01,1,1,0,50,1,0,1,4,1,58,0,3,9,0,2,0,1,200800004592B01,7,14,1,200054781
200800004601,2008-01-21,2008,janvier,lundi,20:00,75,75120,0,0,2,1,3,5,2,4,2,01,1,1,0,100,2,0,1,4,2,22,5,2,9,0,2,1,19,200800004601B01,7,1,1,200054781
200800004646,2008-01-23,2008,janvier,mercredi,14:50,75,75119,0,0,2,1,2,1,1,4,2,02,1,1,0,53,1,0,1,4,1,42,1,3,9,1,0,1,2,200800004646A01,10,23,1,200054781
200800004670,2008-01-24,2008,janvier,jeudi,08:20,75,75115,0,0,2,1,6,2,1,4,1,01,1,1,0,40,1,0,1,4,1,44,1,1,2,0,1,1,0,200800004670A01,,,,200054781
200800004689,2008-01-25,2008,janvier,vendredi,19:45,75,75103,0,0,2,1,6,5,1,4,1,00,1,1,0,76,1,0,5,4,2,26,5,3,9,0,0,1,2,200800004689A01,1,2,1,200054781
200800004689,2008-01-25,2008,janvier,vendredi,19:45,75,75103,0,0,2,1,6,5,1,4,1,00,1,1,0,76,1,0,5,1,1,51,1,3,4,0,0,8,2,200800004689B01,1,2,1,200054781
200800004692,2008-01-25,2008,janvier,vendredi,16:45,75,75107,0,0,2,1,3,1,1,4,2,00,1,1,0,0,1,0,1,4,2,44,0,1,4,0,2,1,17,200800004692A01,32,17,1,200054781
200800004738,2008-01-27,2008,janvier,dimanche,00:50,75,75113,0,0,2,1,3,5,1,4,2,02,1,1,200,200,1,0,1,4,1,20,0,2,4,0,2,8,1,200800004738A01,7,2,1,200054781
200800004756,2008-01-28,2008,janvier,lundi,19:10,75,75118,0,0,2,1,3,5,1,4,2,04,1,1,0,90,1,0,1,4,1,43,5,2,9,0,2,1,1,200800004756B01,7,19,1,200054781
200800004761,2008-01-29,2008,janvier,mardi,09:40,75,75107,0,0,2,1,6,1,1,4,1,01,1,-1,0,60,1,0,1,4,1,22,1,1,9,0,0,1,2,200800004761B01,7,24,1,200054781
200800004763,2008-01-29,2008,janvier,mardi,18:15,75,75108,0,0,2,1,2,5,8,4,2,04,1,1,0,135,1,0,1,4,2,40,4,2,9,0,2,4,2,200800004763B01,7,2,1,200054781
200800004764,2008-01-29,2008,janvier,mardi,13:20,75,75109,0,0,2,3,7,1,1,4,1,02,1,-1,0,100,1,0,1,4,1,27,0,3,9,0,0,0,2,200800004764A01,,,,200054781
200800004781,2008-01-30,2008,janvier,mercredi,16:45,75,75105,0,0,2,3,3,1,2,4,1,01,1,1,0,47,2,0,1,4,1,66,9,3,9,0,0,4,1,200800004781B01,30,1,1,200054781
200800004789,2008-01-30,2008,janvier,mercredi,22:15,75,75110,0,0,2,5,3,5,1,4,1,04,1,1,0,50,1,5,1,4,2,50,5,3,9,0,0,5,15,200800004789B01,7,13,1,200054781
200800004798,2008-01-31,2008,janvier,jeudi,11:40,75,75113,0,0,2,1,2,1,1,4,1,01,1,1,0,38,1,0,1,4,2,27,1,1,9,0,2,4,2,200800004798A01,10,2,1,200054781
200800004800,2008-01-31,2008,janvier,jeudi,19:45,75,75113,0,0,2,3,3,5,1,4,1,04,1,1,0,101,1,0,1,4,1,30,5,2,9,0,2,8,1,200800004800B01,7,15,1,200054781
200800004943,2008-01-11,2008,janvier,vendredi,07:35,94,94079,0,0,1,1,7,5,1,3,2,02,1,1,0,50,1,0,1,4,1,35,0,2,2,0,2,0,15,200800004943B01,7,0,1,200054781
200800004987,2008-01-31,2008,janvier,jeudi,11:30,94,94028,0,0,2,1,6,1,1,3,2,03,1,1,0,90,1,0,1,4,1,14,2,3,9,0,2,0,0,200800004987B01,7,1,1,200054781
200800004992,2008-01-04,2008,janvier,vendredi,20:10,94,94076,0,0,2,1,2,5,2,4,2,02,1,1,0,50,2,0,1,4,1,15,5,3,2,0,2,4,1,200800004992B01,7,1,1,200054781
200800005000,2008-01-23,2008,janvier,mercredi,10:00,94,94076,0,0,2,1,2,1,1,4,2,02,2,1,0,50,1,0,1,3,1,15,1,2,2,0,2,2,14,200800005000B01,7,1,1,200054781
200800005050,2008-01-24,2008,janvier,jeudi,11:55,94,94046,0,0,2,1,6,1,1,4,2,02,1,1,0,68,1,0,0,3,1,71,0,3,9,1,0,1,1,200800005050B01,7,22,1,200054781
200800005080,2008-01-25,2008,janvier,vendredi,15:20,94,94080,0,0,2,1,3,1,1,3,2,02,1,1,0,0,1,0,1,3,2,51,5,3,9,1,0,1,0,200800005080B01,7,22,1,200054781
200800005134,2008-01-02,2008,janvier,mercredi,12:50,95,95424,0,0,2,2,3,1,1,4,2,02,1,1,0,0,1,0,1,4,2,33,4,3,9,0,2,5,0,200800005134B01,7,0,1,200058485
200800005137,2008-01-07,2008,janvier,lundi,08:25,95,95306,0,0,2,3,3,1,1,4,2,01,1,1,0,0,1,0,1,4,1,15,2,3,9,0,2,0,0,200800005137A01,7,1,1,200058485
200800005194,2008-01-08,2008,janvier,mardi,11:45,69,69382,0,0,2,9,1,1,1,9,-1,00,1,-1,0,0,1,0,0,4,1,23,1,3,9,0,2,8,1,200800005194B01,7,13,1,200046977
200800005201,2008-01-07,2008,janvier,lundi,18:50,69,69383,0,0,2,1,6,3,1,4,2,02,1,1,0,0,1,0,5,1,1,37,9,3,2,0,1,1,1,200800005201A01,,,,200046977
200800005203,2008-01-11,2008,janvier,vendredi,17:40,69,69383,0,0,2,1,6,5,1,4,2,03,1,1,0,0,1,0,1,3,1,48,1,1,2,1,0,1,1,200800005203B01,7,22,1,200046977
200800005204,2008-01-04,2008,janvier,vendredi,17:50,69,69383,0,0,2,2,3,5,1,4,1,03,1,1,0,0,1,0,1,4,1,22,0,3,9,0,2,7,19,200800005204A01,7,1,1,200046977
200800005211,2008-01-24,2008,janvier,jeudi,15:15,69,69383,0,0,2,1,3,1,1,4,2,03,1,1,0,0,1,0,5,4,2,20,2,2,2,0,2,1,1,200800005211B01,10,9,1,200046977
200800005212,2008-01-28,2008,janvier,lundi,11:05,69,69383,0,0,2,1,3,1,1,4,2,03,1,1,0,0,1,6,1,4,2,27,0,3,9,0,2,7,1,200800005212B01,7,1,1,200046977
200800005214,2008-01-29,2008,janvier,mardi,07:00,69,69383,0,0,2,5,1,1,1,4,1,01,1,1,0,0,1,0,1,4,1,36,0,3,9,0,2,7,19,200800005214B01,7,1,1,200046977
200800005216,2008-01-30,2008,janvier,mercredi,21:00,69,69386,0,0,2,5,1,5,2,4,1,04,1,-1,0,0,2,6,1,4,2,29,0,3,9,0,2,7,19,200800005216A01,7,1,1,200046977
200800005222,2008-01-14,2008,janvier,lundi,16:00,69,69387,0,0,2,1,3,1,3,4,3,04,1,1,25,120,2,0,4,4,1,53,0,3,9,0,2,1,1,200800005222B01,7,0,1,200046977
200800005264,2008-01-02,2008,janvier,mercredi,14:20,75,75118,0,0,2,1,3,1,1,4,1,02,1,1,0,0,1,0,1,1,1,14,5,2,9,0,0,3,11,200800005264A01,30,1,1,200054781
200800005284,2008-01-04,2008,janvier,vendredi,10:25,75,75104,0,0,2,2,3,1,8,4,2,01,1,1,0,40,2,6,0,4,1,20,9,1,4,0,2,8,7,200800005284B01,10,16,1,200054781
200800005297,2008-01-04,2008,janvier,vendredi,18:06,75,75112,0,0,2,1,3,5,1,4,2,03,1,1,7,142,1,0,1,4,1,34,5,2,4,1,0,1,18,200800005297B01,38,22,1,200054781
200800005303,2008-01-05,2008,janvier,samedi,19:52,75,75101,0,0,2,1,6,5,2,4,1,03,1,1,10,143,2,0,1,4,2,45,5,3,9,12,2,0,2,200800005303A01,37,17,1,200054781
200800005328,2008-01-06,2008,janvier,dimanche,21:25,75,75118,0,0,2,1,6,5,1,4,3,02,1,1,0,80,2,6,1,1,1,20,5,2,9,0,1,1,2,200800005328A01,,,,200054781
200800005338,2008-01-07,2008,janvier,lundi,07:40,75,75112,0,0,2,4,2,5,1,4,2,02,1,3,0,150,-1,0,0,4,1,42,1,3,9,0,0,4,2,200800005338B01,7,2,1,200054781
200800005345,2008-01-07,2008,janvier,lundi,13:10,75,75120,0,0,2,2,3,1,1,4,1,02,1,-1,0,60,1,0,0,4,2,36,1,2,4,0,2,1,1,200800005345B01,7,15,1,200054781
200800005356,2008-01-08,2008,janvier,mardi,19:45,75,75113,0,0,2,1,3,5,1,4,2,01,1,1,0,140,1,0,5,4,2,27,2,3,9,0,2,1,1,200800005356B01,7,22,1,200054781
200800005361,2008-01-08,2008,janvier,mardi,08:45,75,75119,0,0,2,1,3,1,1,4,1,01,1,1,0,71,1,0,5,1,1,46,1,3,9,0,0,7,17,200800005361A01,1,1,1,200054781
200800005361,2008-01-08,2008,janvier,mardi,08:45,75,75119,0,0,2,1,3,1,1,4,1,01,1,1,0,71,1,0,5,4,1,56,1,3,9,0,0,8,1,200800005361B01,1,17,1,200054781
200800005367,2008-01-09,2008,janvier,mercredi,19:15,75,75106,0,0,2,1,6,5,1,5,2,04,1,1,10,192,1,0,1,4,1,41,1,3,9,1,1,1,1,200800005367A01,,,,200054781
200800005373,2008-01-09,2008,janvier,mercredi,20:40,75,75110,0,0,2,1,6,5,1,4,1,01,1,1,0,40,1,0,4,4,1,22,5,3,9,0,0,1,7,200800005373A01,,,,200054781
200800005377,2008-01-09,2008,janvier,mercredi,14:10,75,75115,0,0,2,2,3,1,1,4,2,02,1,1,0,50,1,5,1,4,1,31,1,2,4,0,2,1,15,200800005377A01,32,1,1,200054781
200800005389,2008-01-11,2008,janvier,vendredi,21:30,75,75106,0,0,2,1,6,5,1,4,2,04,1,1,0,130,1,0,1,3,1,63,0,1,4,0,1,1,1,200800005389A01,,,,200054781
200800005390,2008-01-10,2008,janvier,jeudi,08:45,75,75107,0,0,2,1,3,1,1,4,1,01,1,1,0,61,1,0,1,4,2,42,1,3,9,1,2,2,1,200800005390B01,10,22,1,200054781
200800005407,2008-01-11,2008,janvier,vendredi,14:00,75,75112,0,0,2,1,3,1,2,4,2,02,1,1,0,60,2,0,1,4,2,30,5,3,9,1,2,3,9,200800005407A01,7,1,1,200054781
200800005441,2008-01-12,2008,janvier,samedi,14:20,75,75104,0,0,2,1,3,1,1,4,2,02,1,1,0,129,1,0,1,4,2,31,5,1,9,1,0,7,17,200800005441B01,7,22,1,200054781
200800005453,2008-01-12,2008,janvier,samedi,10:45,75,75118,0,0,2,1,3,1,1,4,2,02,1,1,0,80,1,0,1,4,1,60,9,3,9,1,0,1,17,200800005453B01,10,22,1,200054781
200800005499,2008-01-15,2008,janvier,mardi,09:20,75,75113,0,0,2,1,6,1,2,4,2,02,2,1,0,70,2,0,1,4,2,46,1,2,9,0,2,8,17,200800005499B01,30,13,1,200054781
200800005512,2008-01-15,2008,janvier,mardi,08:55,75,75105,0,0,2,1,6,1,2,4,2,01,2,1,0,0,2,0,1,4,2,47,1,2,4,14,0,1,1,200800005512A01,,,,200054781
200800005518,2008-01-16,2008,janvier,mercredi,20:50,75,75104,0,0,2,1,2,5,1,4,1,04,1,-1,0,126,2,0,1,4,1,43,0,2,4,0,0,4,12,200800005518B01,7,1,1,200054781
200800005525,2008-01-16,2008,janvier,mercredi,08:10,75,75111,0,0,2,2,6,1,1,4,2,02,2,1,0,100,1,0,1,4,1,32,0,1,9,12,2,3,1,200800005525B01,7,1,1,200054781
200800005534,2008-01-16,2008,janvier,mercredi,10:45,75,75115,0,0,2,2,6,1,2,4,1,02,1,1,0,80,2,0,1,1,1,57,1,1,9,0,1,1,1,200800005534A01,,,,200054781
200800005542,2008-01-16,2008,janvier,mercredi,13:15,75,75120,0,0,2,1,3,1,2,4,-1,01,3,1,0,89,2,0,5,4,1,35,1,1,2,0,2,1,1,200800005542B01,7,9,1,200054781
200800005849,2008-02-21,2008,février,jeudi,09:45,59,59301,50.499,3.551,2,1,1,1,1,4,2,02,1,1,0,0,1,0,1,3,2,74,5,3,0,0,2,5,19,200800005849A01,7,21,1,245901160
200800005851,2008-02-08,2008,février,vendredi,16:45,59,59214,50.305,3.069,2,1,5,1,1,3,-1,02,2,2,0,55,1,0,1,3,1,59,5,3,0,0,2,1,1,200800005851B02,7,13,1,200044618
200800005851,2008-02-08,2008,février,vendredi,16:45,59,59214,50.305,3.069,2,1,5,1,1,3,-1,02,2,2,0,55,1,0,1,4,1,58,5,3,0,0,2,1,1,200800005851C03,7,13,1,200044618
200800005851,2008-02-08,2008,février,vendredi,16:45,59,59214,50.305,3.069,2,1,5,1,1,3,-1,02,2,2,0,55,1,0,1,4,1,17,5,3,0,0,2,1,1,200800005851D04,7,13,1,200044618
200800005851,2008-02-08,2008,février,vendredi,16:45,59,59214,50.305,3.069,2,1,5,1,1,3,-1,02,2,2,0,55,1,0,1,4,1,63,5,3,0,0,2,1,1,200800005851E05,7,13,1,200044618
200800005856,2008-02-02,2008,février,samedi,16:00,62,62358,50.374,2.888,1,1,1,1,1,3,2,02,1,1,0,86,1,0,1,3,1,62,5,1,2,0,2,1,1,200800005856B02,7,15,1,200044048
200800005869,2008-02-21,2008,février,jeudi,10:00,62,62038,0,0,1,1,1,1,1,3,-1,00,-1,1,0,0,1,0,1,3,1,17,0,3,0,0,2,4,2,200800005869B02,7,2,1,200072478
200800005891,2008-02-14,2008,février,jeudi,15:30,80,80010,49.761,2.365,2,1,7,1,9,3,2,02,1,1,0,58,7,0,1,3,1,57,5,1,2,0,0,2,16,200800005891A01,,,,200070969
200800005956,2008-02-07,2008,février,jeudi,16:15,60,60166,0,0,1,1,1,1,1,3,2,02,1,1,0,0,1,0,1,3,1,64,5,1,2,0,0,0,1,200800005956B02,7,2,1,246000855
200800005967,2008-02-18,2008,février,lundi,09:30,76,76222,49.527,0.714,1,1,2,1,1,3,2,02,1,1,0,70,1,0,1,3,1,34,0,3,0,0,0,4,1,200800005967B02,10,1,1,200023414
200800006007,2008-02-23,2008,février,samedi,06:30,35,35149,0,0,1,1,1,1,1,3,2,02,-1,2,0,70,1,0,3,3,1,50,5,1,2,0,0,4,1,200800006007B02,7,1,1,200043990
200800006013,2008-02-06,2008,février,mercredi,16:45,35,35095,48.553,-1.755,1,1,3,1,7,3,2,00,1,1,0,60,1,0,1,4,1,67,5,1,2,0,2,8,1,200800006013B02,7,15,1,200070670
200800006019,2008-02-27,2008,février,mercredi,11:00,22,22121,0,0,2,1,2,1,2,3,2,00,-1,1,0,58,2,0,1,3,1,84,5,3,0,0,2,1,1,200800006019B02,7,1,1,200069086
200800006024,2008-02-13,2008,février,mercredi,16:00,22,22200,48.488,-2.335,1,1,3,1,7,3,2,02,1,2,0,0,1,0,1,3,1,49,5,3,0,0,0,8,1,200800006024B02,7,19,1,
200800006030,2008-02-07,2008,février,jeudi,17:45,22,22248,0,0,1,1,1,1,7,3,2,02,1,1,0,50,1,0,1,3,2,78,5,3,0,0,0,6,1,200800006030C03,7,17,1,200069086
200800006055,2008-02-19,2008,février,mardi,17:45,56,56206,47.69,-2.749,1,1,2,1,2,3,2,00,1,1,0,53,2,0,3,3,1,17,5,2,2,1,0,1,1,200800006055A01,15,24,1,200067932
200800006091,2008-02-09,2008,février,samedi,13:45,50,50130,48.789,-1.192,1,1,2,1,1,3,2,00,2,1,0,62,1,0,1,2,1,71,5,1,2,0,2,4,1,200800006091B02,7,1,1,200043354
200800006168,2008-02-04,2008,février,lundi,18:30,72,72124,0,0,1,1,2,3,8,3,2,02,1,3,0,60,2,0,1,3,2,57,1,3,0,0,2,4,23,200800006168B02,7,1,1,247200447
200800006211,2008-02-14,2008,février,jeudi,16:00,33,33501,0,0,1,1,4,1,1,4,2,02,1,3,0,42,1,0,1,1,1,71,5,1,2,0,0,1,1,200800006211A01,1,1 / 0,5,243301264
200800006211,2008-02-14,2008,février,jeudi,16:00,33,33501,0,0,1,1,4,1,1,4,2,02,1,3,0,42,1,0,1,3,1,63,5,1,2,0,0,1,1,200800006211B02,1,1 / 0,5,243301264
200800006211,2008-02-14,2008,février,jeudi,16:00,33,33501,0,0,1,1,4,1,1,4,2,02,1,3,0,42,1,0,1,3,1,68,5,1,2,0,0,1,1,200800006211C03,1,1 / 0,5,243301264
200800006211,2008-02-14,2008,février,jeudi,16:00,33,33501,0,0,1,1,4,1,1,4,2,02,1,3,0,42,1,0,1,1,1,65,5,1,2,0,0,1,1,200800006211D04,1,1 / 0,5,243301264
200800006211,2008-02-14,2008,février,jeudi,16:00,33,33501,0,0,1,1,4,1,1,4,2,02,1,3,0,42,1,0,1,3,1,57,5,1,2,0,0,1,0,200800006211E05,1,1,5,243301264
200800006211,2008-02-14,2008,février,jeudi,16:00,33,33501,0,0,1,1,4,1,1,4,2,02,1,3,0,42,1,0,1,1,2,44,5,1,2,0,0,1,1,200800006211F06,1,1 / 0,5,243301264
200800006229,2008-02-03,2008,février,dimanche,14:30,24,24350,0,0,1,9,6,1,1,4,2,02,1,1,0,46,1,5,1,3,1,28,5,2,2,0,2,8,15,200800006229A01,,,,200040392
200800006252,2008-02-21,2008,février,jeudi,08:30,47,47157,0,0,2,2,3,1,1,9,2,00,1,1,0,67,1,0,1,3,1,17,2,3,0,0,2,1,1,200800006252A01,7,1,1,200030674
200800006299,2008-02-12,2008,février,mardi,10:45,16,16027,0,0,1,2,5,1,1,3,-1,00,1,1,0,0,1,5,1,4,1,54,5,1,2,0,2,2,1,200800006299A01,7,6,1,200072023
200800006299,2008-02-12,2008,février,mardi,10:45,16,16027,0,0,1,2,5,1,1,3,-1,00,1,1,0,0,1,5,1,4,1,61,5,2,2,0,2,1,1,200800006299B02,7,6,1,200072023
200800006308,2008-02-10,2008,février,dimanche,17:30,17,17155,0,0,2,1,3,1,1,3,2,02,-1,1,0,0,1,5,1,3,1,7,5,3,0,0,2,8,1,200800006308A01,7,1,1,241700640
200800006311,2008-02-18,2008,février,lundi,09:15,17,17003,46.11,-0.92,2,1,3,1,7,3,2,02,1,1,0,60,1,0,1,3,2,53,5,3,0,0,2,1,1,200800006311B02,7,15,1,200041614
200800006329,2008-02-27,2008,février,mercredi,15:30,19,19082,45.276,1.665,1,1,2,1,1,3,2,02,1,1,0,75,1,0,1,2,1,65,0,0,2,0,2,4,0,200800006329B02,7,2,1,241927201
200800006353,2008-02-11,2008,février,lundi,09:30,31,31417,43.62,1.293,2,1,3,1,7,3,2,02,1,1,0,52,-1,0,1,3,1,38,5,3,0,0,2,1,1,200800006353B02,7,15,1,243100518
200800006355,2008-02-10,2008,février,dimanche,10:45,31,31460,43.5,1.374,2,1,1,1,1,4,2,00,1,1,0,0,1,0,1,4,1,65,5,3,0,0,2,1,1,200800006355B02,7,19,1,200068641
200800006357,2008-02-27,2008,février,mercredi,18:15,31,31490,43.744,1.355,1,1,1,1,1,4,2,02,1,-1,0,0,1,0,1,4,1,12,5,3,0,0,0,8,0,200800006357B02,7,2,1,243100518
200800006394,2008-02-21,2008,février,jeudi,14:30,32,32242,43.433,0.579,2,1,2,1,1,4,-1,02,1,1,0,60,1,0,1,3,2,82,5,3,0,0,2,1,23,200800006394B02,14,4,1,200072320
200800006395,2008-02-07,2008,février,jeudi,15:00,46,46137,44.392,1.368,1,3,3,1,1,4,4,00,2,1,0,30,6,0,1,4,1,12,5,3,0,0,0,1,15,200800006395B02,10,1,1,200023737
200800006396,2008-02-13,2008,février,mercredi,17:15,46,46137,0,0,1,1,3,1,1,3,2,02,2,2,0,77,1,0,1,3,1,61,5,3,0,0,2,1,1,200800006396B02,7,15,1,200023737
200800006418,2008-02-11,2008,février,lundi,18:00,65,65258,0,0,2,1,1,1,1,9,2,02,2,1,0,0,1,0,1,3,1,44,5,1,2,0,2,1,1,200800006418B02,7,15,1,200070787
200800006423,2008-02-13,2008,février,mercredi,17:15,69,69069,45.739,4.713,2,1,5,1,1,3,2,02,1,1,0,64,1,0,1,3,1,19,5,1,2,0,2,1,5,200800006423C03,7,19 / 1,2,200046977
200800006423,2008-02-13,2008,février,mercredi,17:15,69,69069,45.739,4.713,2,1,5,1,1,3,2,02,1,1,0,64,1,0,1,3,1,16,5,1,2,0,2,1,5,200800006423D04,7,19 / 1,2,200046977
200800006449,2008-02-07,2008,février,jeudi,17:15,69,69242,0,0,1,1,3,1,1,3,2,02,1,1,0,70,1,0,1,3,1,41,1,3,0,0,2,1,1,200800006449B02,7,19,1,200067817
200800006476,2008-02-07,2008,février,jeudi,11:45,26,26165,0,0,2,1,1,1,1,4,2,02,1,1,0,70,1,0,1,3,2,31,5,3,0,0,2,1,1,200800006476B02,10,17,1,242600252
200800006505,2008-02-12,2008,février,mardi,16:30,44,44066,47.37,-1.605,2,2,3,2,7,3,2,02,1,1,0,60,1,0,1,3,2,59,1,3,0,0,2,1,1,200800006505A01,7,1,1,244400503
200800006545,2008-02-08,2008,février,vendredi,06:45,74,74165,45.839,5.967,1,1,1,2,1,3,2,02,-1,1,0,0,1,0,1,3,1,20,2,1,4,0,2,8,1,200800006545B02,7,15,1,247400740
200800006610,2008-02-24,2008,février,dimanche,16:30,57,57669,49.123,6.893,2,1,1,1,1,3,2,02,1,3,0,65,1,0,4,3,1,24,5,3,0,0,2,1,1,200800006610B02,7,14,1,245700372
200800006649,2008-02-13,2008,février,mercredi,15:30,88,88423,0,0,1,1,1,1,1,3,2,02,2,1,0,60,1,0,1,3,2,63,5,1,2,0,2,4,2,200800006649B02,7,17,1,200071066
200800006660,2008-02-23,2008,février,samedi,14:45,67,67411,48.501,7.476,2,1,1,1,7,3,2,02,1,-1,0,0,1,5,1,3,1,34,5,3,0,0,2,1,1,200800006660B02,7,15,1,246700744
200800006662,2008-02-24,2008,février,dimanche,12:45,67,67276,48.521,7.285,2,1,1,1,1,3,-1,02,2,3,69,0,1,0,1,2,1,22,5,1,2,0,2,1,13,200800006662B02,7,1,1,246700306
200800006718,2008-02-08,2008,février,vendredi,16:30,08,08362,0,0,2,1,3,1,1,4,2,02,1,1,0,67,1,2,1,2,1,7,2,3,0,0,2,9,14,200800006718B02,15,1,1,200043156
200800006719,2008-02-12,2008,février,mardi,13:30,08,08008,0,0,2,1,1,1,1,3,2,02,1,1,0,58,1,0,1,4,2,13,5,3,0,0,2,8,13,200800006719B02,7,17,1,200043156
200800006738,2008-02-27,2008,février,mercredi,13:30,52,52164,0,0,2,1,3,1,1,3,2,00,1,1,0,0,1,0,1,3,1,11,5,3,0,0,2,1,19,200800006738B02,7,1,1,200070332
200800006745,2008-02-02,2008,février,samedi,12:15,21,21682,47.437,5.218,1,1,5,1,1,3,2,02,1,1,0,64,1,0,1,3,1,38,5,3,0,0,2,4,2,200800006745B02,7,2,1,200072825
200800006745,2008-02-02,2008,février,samedi,12:15,21,21682,47.437,5.218,1,1,5,1,1,3,2,02,1,1,0,64,1,0,1,4,1,48,5,3,0,0,2,8,2,200800006745C03,7,2,1,200072825
200800006766,2008-02-27,2008,février,mercredi,13:30,71,71170,0,0,1,1,1,1,1,4,2,01,1,1,0,28,1,0,1,3,1,39,5,1,2,0,2,1,1,200800006766B02,7,1,1,247100589
200800006774,2008-02-05,2008,février,mardi,10:00,71,71581,0,0,1,2,3,1,1,4,2,00,1,1,0,31,1,0,1,2,1,60,5,3,0,0,0,7,1,200800006774B02,7,1,1,247100639
200800006814,2008-02-17,2008,février,dimanche,14:15,39,39331,0,0,1,2,3,1,1,3,2,02,1,1,0,53,1,5,1,2,1,66,5,3,0,0,2,8,1,200800006814B02,7,19,1,200069623
200800006910,2008-02-25,2008,février,lundi,15:15,84,84019,0,0,2,1,1,1,1,4,1,01,1,1,0,0,1,0,1,3,2,12,5,2,2,0,2,1,1,200800006910B02,7,1,1,200000628
200800006994,2008-02-16,2008,février,samedi,17:00,91,91200,48.528,2.013,1,1,6,1,1,4,2,01,2,-1,0,29,1,0,1,3,2,19,5,1,2,0,2,0,14,200800006994A01,,,,249100595
200800006994,2008-02-16,2008,février,samedi,17:00,91,91200,48.528,2.013,1,1,6,1,1,4,2,01,2,-1,0,29,1,0,1,1,1,25,0,1,2,0,2,0,14,200800006994A01,,,,249100595
200800007009,2008-02-10,2008,février,dimanche,18:00,77,77011,48.19,2.592,1,1,5,2,1,3,2,02,1,1,0,58,1,0,1,3,1,60,5,1,2,0,2,1,1,200800007009B02,10,1,1,200023919
200800007009,2008-02-10,2008,février,dimanche,18:00,77,77011,48.19,2.592,1,1,5,2,1,3,2,02,1,1,0,58,1,0,1,4,2,51,5,1,2,0,2,1,1,200800007009C03,10,1,1,200023919
200800007060,2008-02-06,2008,février,mercredi,15:15,37,37132,47.141,0.974,1,1,1,1,1,3,2,00,2,4,0,0,1,0,1,3,2,72,3,3,0,0,0,4,2,200800007060B02,2,2,1,200071587
200800007127,2008-02-12,2008,février,mardi,16:15,95,95604,0,0,1,1,1,1,1,3,2,00,1,1,0,65,1,0,1,3,1,63,5,3,0,0,2,0,2,200800007127B02,7,17,1,200055655
200800007138,2008-02-06,2008,février,mercredi,12:45,13,13011,43.754,4.834,1,1,6,1,1,3,2,02,2,4,0,75,1,0,3,2,1,81,5,2,2,13,0,2,1,200800007138A01,,,,241300375
200800007167,2008-02-19,2008,février,mardi,17:15,33,33122,0,0,1,1,1,1,1,3,2,02,1,1,0,74,1,0,1,4,1,62,5,3,0,1,0,1,1,200800007167B02,14,22,1,243301165
200800007185,2008-02-14,2008,février,jeudi,07:45,74,74011,0,0,2,3,3,1,1,4,2,02,1,1,0,0,1,5,1,3,2,58,1,3,0,0,2,2,1,200800007185B02,7,15,1,
200800007188,2008-02-23,2008,février,samedi,13:00,74,74299,45.888,6.178,2,1,2,1,1,3,2,02,-1,1,0,72,1,0,1,3,1,55,5,1,2,0,2,4,9,200800007188B02,7,9,1,200066793
200800007192,2008-02-06,2008,février,mercredi,15:45,35,35210,48.153,-1.756,2,6,3,1,1,3,2,00,1,3,0,140,1,5,1,2,1,76,5,1,2,0,2,9,16,200800007192B02,14,16,1,243500139
200800007223,2008-02-12,2008,février,mardi,10:00,34,34114,0,0,1,1,1,1,1,2,2,02,1,1,0,80,1,2,1,2,1,73,5,3,0,0,0,8,19,200800007223B02,7,1,1,243400694