Num_Acc,date,an,mois,jour,hrmn,dep,com,lat,long,agg,int,col,lum,atm,catr,circ,nbv,prof,plan,lartpc,larrout,surf,infra,situ,grav,sexe,age,trajet,secuexist,equipement,obs,obsm,choc,manv,vehiculeid,typevehicules,manoeuvehicules,numVehicules,_infos_commune.code_epci
200800007259,2008-02-01,2008,février,vendredi,17:10,01,01053,0,0,2,2,3,1,2,4,2,02,1,1,0,0,2,0,1,4,1,35,1,3,2,0,2,1,1,200800007259B01,7,15,1,200071751
200800007261,2008-02-07,2008,février,jeudi,16:25,01,01451,0,0,2,1,1,1,1,4,2,02,2,2,0,56,1,0,1,3,1,82,5,2,9,0,2,1,1,200800007261A01,7,1,1,200071751
200800007264,2008-02-14,2008,février,jeudi,21:00,01,01053,0,0,2,3,3,3,1,2,2,02,1,1,0,50,1,0,1,4,1,41,1,2,9,0,2,8,1,200800007264B01,7,0,1,200071751
200800007276,2008-02-21,2008,février,jeudi,15:45,02,02691,0,0,2,1,3,1,1,4,2,02,1,1,0,73,1,0,1,3,1,78,5,3,9,0,2,6,1,200800007276B01,37,17,1,200071892
200800007300,2008-02-02,2008,février,samedi,13:30,04,04112,0,0,2,9,1,1,1,4,2,02,1,1,0,70,1,0,1,3,1,36,5,2,9,0,2,1,5,200800007300A01,7,1,1,200034700
200800007303,2008-02-18,2008,février,lundi,14:40,05,05061,0,0,2,1,3,1,1,2,2,02,1,1,0,82,1,0,1,4,1,17,5,3,2,0,2,8,19,200800007303A01,10,1,1,200067825
200800007332,2008-02-14,2008,février,jeudi,09:45,06,06123,0,0,2,1,3,1,1,4,3,05,1,1,0,0,1,0,1,3,1,44,5,2,2,0,2,7,1,200800007332B01,7,1,1,200030195
200800007411,2008-02-05,2008,février,mardi,18:15,06,06088,0,0,2,3,3,5,1,4,3,02,1,1,0,107,1,0,1,4,2,72,5,1,4,0,2,0,2,200800007411A01,7,9,1,200030195
200800007448,2008-02-15,2008,février,vendredi,14:45,06,06088,0,0,2,1,2,1,1,4,3,03,1,1,0,0,1,0,1,4,1,11,0,3,9,0,2,1,19,200800007448B01,7,1,1,200030195
200800007450,2008-02-15,2008,février,vendredi,16:40,06,06088,0,0,1,1,3,1,1,3,3,04,1,1,30,66,1,0,5,4,1,37,5,2,2,0,0,8,1,200800007450B01,15,14,1,200030195
200800007502,2008-02-23,2008,février,samedi,14:15,07,07281,0,0,1,1,3,1,1,3,2,02,2,1,0,62,1,0,1,4,2,56,5,1,2,0,2,8,2,200800007502B01,7,2,1,200041366
200800007514,2008-02-06,2008,février,mercredi,17:40,10,10387,0,0,2,9,6,2,1,4,2,04,1,1,0,115,1,0,1,1,1,21,0,3,9,0,1,1,1,200800007514A01,,,,200069250
200800007526,2008-02-22,2008,février,vendredi,09:05,11,11262,0,0,1,1,3,1,1,3,2,03,1,3,0,35,1,0,1,3,1,54,5,1,2,0,2,1,2,200800007526B01,10,2,1,241100593
200800007545,2008-02-09,2008,février,samedi,17:00,13,13004,0,0,2,1,6,1,1,4,1,01,1,1,0,78,1,0,1,3,1,39,1,3,9,0,0,0,1,200800007545B01,7,17,1,241300417
200800007551,2008-02-27,2008,février,mercredi,13:20,13,13005,0,0,2,3,3,1,1,4,1,00,-1,-1,0,70,1,0,4,3,1,16,5,2,2,0,2,1,5,200800007551B01,7,16,1,200054807
200800007681,2008-02-28,2008,février,jeudi,00:40,13,13055,0,0,2,2,6,5,1,4,1,01,1,1,0,60,-1,0,1,4,1,34,5,3,9,0,2,3,19,200800007681B01,7,19,1,200054807
200800007684,2008-02-07,2008,février,jeudi,08:01,13,13055,0,0,2,1,6,1,1,4,2,02,1,1,0,80,1,0,1,1,1,27,2,2,2,0,1,1,2,200800007684A01,,,,200054807
200800007732,2008-02-20,2008,février,mercredi,16:15,13,13055,0,0,2,1,6,1,1,4,1,04,1,1,0,80,1,0,1,4,1,23,1,2,9,0,2,1,0,200800007732B01,7,11,1,200054807
200800007735,2008-02-29,2008,février,vendredi,09:20,13,13055,0,0,2,1,3,1,1,4,2,03,1,1,0,90,1,0,1,4,2,25,9,3,9,0,2,0,2,200800007735B01,7,17,1,200054807
200800007750,2008-02-01,2008,février,vendredi,14:10,13,13055,0,0,2,1,6,1,1,4,1,02,2,1,0,0,1,0,1,1,2,55,0,3,9,0,1,1,5,200800007750A01,,,,200054807
200800007758,2008-02-26,2008,février,mardi,08:50,13,13055,0,0,2,1,3,1,1,4,2,04,1,1,0,0,1,0,1,3,2,16,1,3,0,0,2,3,15,200800007758B01,33,1,1,200054807
200800007800,2008-02-18,2008,février,lundi,12:45,13,13071,0,0,2,1,3,1,1,4,2,02,1,1,0,0,1,0,1,3,1,56,1,2,9,0,0,1,1,200800007800B01,10,0,1,200054807
200800007810,2008-02-12,2008,février,mardi,18:30,14,14118,0,0,2,1,2,1,1,4,2,02,1,1,0,0,1,0,1,4,1,25,5,3,0,0,0,4,2,200800007810B01,7,1,1,200065597
200800007842,2008-02-08,2008,février,vendredi,11:40,17,17300,0,0,2,1,3,1,1,4,2,04,1,1,0,0,1,0,5,3,1,77,5,3,4,0,2,5,1,200800007842B01,7,1,1,241700434
200800007848,2008-02-14,2008,février,jeudi,08:35,17,17300,0,0,2,1,3,1,1,4,2,00,1,1,0,0,1,0,1,4,1,22,9,2,2,0,2,7,1,200800007848B01,7,1,1,241700434
200800007885,2008-02-05,2008,février,mardi,09:15,18,18205,0,0,2,3,3,1,1,2,1,01,2,1,0,50,1,0,1,4,1,37,1,2,2,0,2,3,5,200800007885B01,7,16,1,241800507
200800007898,2008-02-04,2008,février,lundi,10:30,19,19031,0,0,2,1,3,1,2,4,1,01,1,2,0,81,2,0,1,4,1,74,5,2,2,0,2,8,1,200800007898B01,7,1,1,200043172
200800007909,2008-02-21,2008,février,jeudi,11:05,21,21054,0,0,2,2,3,1,1,4,2,02,1,1,0,0,1,5,1,4,2,20,1,3,9,0,2,1,1,200800007909B01,10,1,1,200006682
200800007910,2008-02-12,2008,février,mardi,17:55,21,21054,0,0,2,1,6,5,1,3,2,02,1,1,0,0,1,0,4,4,1,14,5,3,2,0,2,8,1,200800007910B01,,,,200006682
200800007916,2008-02-05,2008,février,mardi,18:29,21,21231,0,0,2,2,3,5,1,4,1,01,1,1,0,33,1,5,0,4,1,58,5,2,2,0,2,1,1,200800007916B01,1,1,1,242100410
200800007917,2008-02-05,2008,février,mardi,18:16,21,21231,0,0,2,1,3,5,1,4,2,02,1,1,0,124,1,0,5,4,2,16,2,2,2,0,2,2,15,200800007917B01,31,1,1,242100410
200800007959,2008-02-20,2008,février,mercredi,17:58,22,22278,0,0,2,1,3,1,1,4,3,04,1,1,0,0,1,5,1,3,1,17,0,3,0,0,2,4,19,200800007959A01,10,1,1,200069409
200800007959,2008-02-20,2008,février,mercredi,17:58,22,22278,0,0,2,1,3,1,1,4,3,04,1,1,0,0,1,5,1,1,1,18,0,3,0,0,2,4,19,200800007959A01,10,1,1,200069409
200800007985,2008-02-22,2008,février,vendredi,19:05,25,25056,0,0,2,2,3,5,1,4,2,20,2,1,0,0,2,0,1,4,2,10,5,1,9,0,2,2,0,200800007985B01,7,1,1,242500361
200800007989,2008-02-27,2008,février,mercredi,15:10,25,25388,0,0,2,1,3,1,1,9,2,04,1,1,0,120,1,2,1,3,2,22,9,3,9,0,2,8,11,200800007989A01,37,1,1,200065647
200800007999,2008-02-11,2008,février,lundi,09:40,26,26362,0,0,2,3,3,1,1,4,2,02,1,2,0,70,1,0,1,4,1,21,5,3,9,0,2,1,15,200800007999A01,7,0,1,200068781
200800008023,2008-02-07,2008,février,jeudi,17:50,28,28085,0,0,2,3,6,1,1,4,2,00,1,1,0,0,-1,0,1,4,1,31,0,3,9,0,2,1,1,200800008023B01,7,15,1,200033181
200800008026,2008-02-23,2008,février,samedi,14:30,28,28229,0,0,2,1,3,1,1,4,-1,00,1,1,0,0,-1,0,1,4,1,17,0,3,0,0,2,1,18,200800008026B01,7,20,1,200033181
200800008028,2008-02-29,2008,février,vendredi,14:15,28,28085,0,0,2,1,3,1,2,4,2,02,1,1,0,0,2,0,4,4,1,79,1,3,0,0,2,0,1,200800008028B01,7,9,1,200033181
200800008033,2008-02-01,2008,février,vendredi,07:30,29,29019,0,0,2,3,3,4,2,9,2,02,2,1,0,0,2,0,1,4,1,27,0,3,9,0,2,1,1,200800008033B01,7,15,1,242900314
200800008035,2008-02-05,2008,février,mardi,07:55,29,29019,0,0,2,1,3,2,1,9,2,00,2,1,0,0,2,0,1,4,1,29,1,1,2,0,2,0,1,200800008035B01,7,24,1,242900314
200800008062,2008-02-02,2008,février,samedi,08:50,30,30007,0,0,2,1,3,1,1,4,2,00,1,-1,0,0,2,0,1,4,1,60,5,3,0,0,2,3,1,200800008062B01,7,0,1,200066918
200800008108,2008-02-11,2008,février,lundi,09:25,31,31069,0,0,2,6,3,1,1,4,1,02,1,2,275,78,1,0,1,4,1,43,1,2,4,0,2,3,2,200800008108B01,7,9,1,243100518
200800008138,2008-02-07,2008,février,jeudi,19:10,31,31555,0,0,2,1,3,4,1,4,2,03,1,1,0,34,1,0,1,4,1,29,5,3,2,0,0,5,1,200800008138B01,7,9,1,243100518
200800008142,2008-02-08,2008,février,vendredi,14:15,31,31555,0,0,2,3,3,1,1,4,1,01,1,1,0,30,1,0,1,4,2,20,0,3,9,0,2,1,1,200800008142A01,7,1,1,243100518
200800008146,2008-02-09,2008,février,samedi,18:50,31,31555,0,0,2,1,6,5,1,4,2,03,1,1,0,75,1,0,1,3,1,31,5,1,2,5,0,1,1,200800008146A01,,,,243100518
200800008155,2008-02-12,2008,février,mardi,08:30,31,31555,0,0,2,6,3,1,1,4,2,02,1,1,0,55,1,0,1,4,2,25,2,3,2,0,2,3,9,200800008155A01,7,1,1,243100518
200800008162,2008-02-13,2008,février,mercredi,17:00,31,31555,0,0,2,1,3,1,1,4,2,03,1,1,0,90,1,0,1,4,1,30,0,3,2,0,2,3,1,200800008162A01,7,15,1,243100518
200800008175,2008-02-18,2008,février,lundi,14:10,31,31555,0,0,2,1,6,1,1,4,1,01,1,1,0,30,1,0,1,1,2,34,1,3,9,0,1,1,1,200800008175A01,,,,243100518
200800008175,2008-02-18,2008,février,lundi,14:10,31,31555,0,0,2,1,6,1,1,4,1,01,1,1,0,30,1,0,1,4,1,70,5,3,0,0,1,1,1,200800008175A01,,,,243100518
200800008178,2008-02-18,2008,février,lundi,17:50,31,31555,0,0,2,1,3,1,1,4,2,04,1,1,0,120,1,0,1,3,2,28,0,3,9,0,2,2,15,200800008178A01,7,1,1,243100518
200800008194,2008-02-24,2008,février,dimanche,12:30,31,31555,0,0,2,1,3,1,1,4,2,02,1,1,0,60,1,0,1,4,1,5,5,2,2,0,2,1,15,200800008194A01,7,1,1,243100518
200800008197,2008-02-25,2008,février,lundi,16:30,31,31555,0,0,2,1,6,1,1,4,2,02,1,1,0,64,1,0,1,1,1,44,5,3,2,0,1,1,1,200800008197B01,,,,243100518
200800008200,2008-02-26,2008,février,mardi,19:20,31,31555,0,0,2,3,3,5,1,4,1,01,1,1,0,60,1,0,1,4,1,26,9,2,9,0,2,1,1,200800008200A01,7,16,1,243100518
200800008202,2008-02-27,2008,février,mercredi,00:01,31,31555,0,0,2,1,3,5,1,4,2,02,1,1,0,85,1,0,1,4,1,20,0,3,2,0,2,3,1,200800008202B01,7,15,1,243100518
200800008213,2008-02-01,2008,février,vendredi,12:45,32,32013,0,0,1,1,3,1,1,3,2,02,2,1,0,60,1,0,1,4,1,35,5,2,2,0,2,4,1,200800008213B01,7,17,1,200066926
200800008230,2008-02-05,2008,février,mardi,07:30,33,33063,0,0,2,1,3,1,1,4,3,02,2,1,0,0,1,0,1,4,1,21,0,3,0,0,2,1,18,200800008230A01,7,23,1,243300316
200800008237,2008-02-07,2008,février,jeudi,16:30,33,33063,0,0,2,1,3,1,1,4,2,02,1,1,0,60,1,0,1,4,1,17,2,3,0,0,0,0,1,200800008237A01,30,0,1,243300316
200800008246,2008-02-02,2008,février,samedi,20:45,33,33522,0,0,2,3,3,5,1,4,1,01,1,1,0,30,1,0,1,4,1,27,9,3,2,0,2,1,1,200800008246A01,7,1,1,243300316
200800008248,2008-02-08,2008,février,vendredi,12:15,33,33063,0,0,2,3,3,1,1,4,1,01,1,1,0,0,1,0,1,4,2,35,5,2,2,0,2,1,5,200800008248A01,7,16,1,243300316
200800008252,2008-02-11,2008,février,lundi,14:05,33,33063,0,0,2,2,3,1,1,4,1,01,1,1,0,40,1,0,1,4,2,60,5,3,2,0,2,0,1,200800008252B01,7,16,1,243300316
200800008271,2008-02-13,2008,février,mercredi,10:35,33,33039,0,0,2,2,3,1,1,2,2,05,1,1,10,150,1,0,1,3,1,32,0,3,9,0,2,4,16,200800008271B01,16,16,1,243300316
200800008273,2008-02-14,2008,février,jeudi,13:40,33,33318,0,0,2,3,3,1,1,4,2,03,-1,-1,0,105,1,0,1,4,1,17,0,1,4,0,0,5,1,200800008273B01,7,19,1,243300316
200800008278,2008-02-14,2008,février,jeudi,07:45,33,33069,0,0,2,1,3,1,1,4,2,02,1,1,0,0,1,1,1,4,2,49,1,3,2,14,0,1,18,200800008278B01,7,22,1,243300316
200800008286,2008-02-12,2008,février,mardi,23:30,33,33522,0,0,2,1,3,5,1,4,3,02,1,1,0,0,1,4,1,4,1,29,0,3,2,0,4,1,1,200800008286A01,40,1,1,243300316
200800008289,2008-02-21,2008,février,jeudi,11:45,33,33063,0,0,2,4,3,1,1,4,2,02,1,1,0,58,1,0,1,4,2,27,0,3,9,0,0,0,15,200800008289B01,37,13,1,243300316
200800008293,2008-02-24,2008,février,dimanche,11:45,33,33063,0,0,2,1,6,1,1,4,-1,00,1,1,0,0,1,0,4,1,1,31,0,3,2,0,1,1,1,200800008293A01,,,,243300316
200800008294,2008-02-25,2008,février,lundi,16:30,33,33063,0,0,2,7,3,1,1,4,1,02,1,-1,0,73,1,0,1,3,1,24,0,3,9,0,2,1,1,200800008294B01,7,15,1,243300316
200800008297,2008-02-25,2008,février,lundi,17:30,33,33063,0,0,2,1,3,1,1,4,2,02,1,1,0,71,1,0,1,4,2,28,0,3,2,0,2,3,1,200800008297B01,7,1,1,243300316
200800008302,2008-02-27,2008,février,mercredi,19:10,33,33063,0,0,2,5,3,5,2,4,1,00,1,1,0,0,1,0,1,4,1,22,0,3,4,0,0,8,19,200800008302A01,7,19,1,243300316
200800008306,2008-02-22,2008,février,vendredi,13:40,33,33075,0,0,2,3,3,1,1,4,2,02,1,1,0,55,1,0,1,4,2,20,0,3,9,0,2,1,15,200800008306A01,7,1,1,243300316
200800008314,2008-02-22,2008,février,vendredi,16:29,33,33522,0,0,2,3,3,1,1,4,1,01,1,1,0,0,1,0,1,4,2,68,0,3,2,0,2,1,0,200800008314B01,7,15,1,243300316
200800008317,2008-02-01,2008,février,vendredi,14:00,34,34032,0,0,1,1,7,1,6,4,2,02,1,1,0,70,1,0,1,3,1,57,5,3,9,13,0,0,14,200800008317A01,,,,243400769
200800008340,2008-02-28,2008,février,jeudi,19:00,34,34336,0,0,2,1,7,5,1,4,2,02,1,1,0,80,1,0,1,4,1,13,0,1,2,0,2,1,2,200800008340A01,,,,243400769
200800008357,2008-02-12,2008,février,mardi,12:40,34,34172,0,0,2,1,6,1,1,4,2,02,1,1,0,60,1,0,4,1,2,45,0,3,9,0,1,1,1,200800008357A01,,,,243400017
200800008368,2008-02-14,2008,février,jeudi,12:35,34,34172,0,0,2,1,3,1,1,4,1,04,1,1,0,120,1,0,1,4,1,23,2,1,9,0,2,8,6,200800008368A01,32,1,1,243400017
200800008397,2008-02-08,2008,février,vendredi,10:15,35,35238,0,0,2,1,2,1,1,4,-1,02,1,-1,0,0,1,0,1,4,1,33,5,3,9,0,2,1,1,200800008397A01,37,23,1,243500139
200800008399,2008-02-08,2008,février,vendredi,17:45,35,35238,0,0,2,2,3,1,1,4,-1,00,-1,-1,0,0,-1,0,0,4,2,79,3,2,2,0,0,0,0,200800008399B01,7,16,1,243500139
200800008421,2008-02-07,2008,février,jeudi,17:40,35,35288,0,0,2,2,3,1,7,4,2,00,1,1,0,0,1,0,1,4,2,52,3,2,2,0,2,1,1,200800008421B01,7,15,1,243500782
200800008433,2008-02-26,2008,février,mardi,11:45,35,35288,0,0,2,3,3,1,1,4,1,01,1,1,0,0,1,0,1,4,2,19,5,3,0,0,2,1,1,200800008433B01,7,15,1,243500782
200800008435,2008-02-27,2008,février,mercredi,18:50,36,36044,0,0,2,1,3,2,8,4,2,02,1,4,0,58,2,0,3,3,2,44,5,3,9,0,2,0,23,200800008435B01,7,1,1,243600327
200800008441,2008-02-11,2008,février,lundi,07:19,36,36044,0,0,2,1,3,2,1,4,2,02,1,1,0,120,1,0,1,4,1,53,1,1,4,1,2,1,2,200800008441B01,7,22,1,243600327
200800008461,2008-02-01,2008,février,vendredi,13:40,38,38185,0,0,2,1,3,1,1,4,2,03,1,1,0,77,1,0,1,4,2,51,1,3,9,0,2,3,1,200800008461B01,7,16,1,200040715
200800008462,2008-02-01,2008,février,vendredi,16:20,38,38185,0,0,2,1,1,1,1,4,2,02,1,1,0,24,1,1,5,4,2,30,0,3,9,0,2,1,16,200800008462A01,1,1,1,200040715
200800008462,2008-02-01,2008,février,vendredi,16:20,38,38185,0,0,2,1,1,1,1,4,2,02,1,1,0,24,1,1,5,1,1,36,0,3,9,0,2,1,1,200800008462B01,1,16,1,200040715
200800008483,2008-02-28,2008,février,jeudi,13:35,38,38185,0,0,2,1,3,1,1,4,2,04,1,1,0,157,1,0,5,4,1,54,1,3,9,0,2,1,1,200800008483B01,7,9,1,200040715
200800008545,2008-02-23,2008,février,samedi,09:42,42,42305,45.28466,4.26535,2,3,3,1,1,4,2,02,1,1,0,60,1,0,1,4,1,62,5,1,2,0,2,1,1,200800008545B01,7,9,1,244200770
200800008561,2008-02-12,2008,février,mardi,12:10,44,44109,0,0,2,1,6,1,1,4,2,00,1,-1,0,0,1,0,1,3,1,32,0,3,0,0,2,8,21,200800008561A01,15,1,1,244400404
200800008565,2008-02-12,2008,février,mardi,20:30,44,44109,0,0,2,2,3,5,1,4,2,04,1,1,20,200,1,0,0,3,2,42,1,3,2,0,2,1,1,200800008565B01,17,16,1,244400404
200800008573,2008-02-19,2008,février,mardi,15:45,44,44109,0,0,2,2,6,1,1,4,1,01,1,1,0,0,1,6,1,1,1,21,0,3,9,0,1,1,1,200800008573A01,,,,244400404
200800008573,2008-02-19,2008,février,mardi,15:45,44,44109,0,0,2,2,6,1,1,4,1,01,1,1,0,0,1,6,1,4,1,73,5,3,0,0,1,1,1,200800008573A01,,,,244400404
200800008593,2008-02-04,2008,février,lundi,10:50,45,45147,0,0,2,6,6,1,2,4,1,02,1,2,0,60,2,5,1,4,2,55,0,3,2,0,2,8,1,200800008593B01,7,16,1,244500468
200800008628,2008-02-04,2008,février,lundi,08:05,49,49007,0,0,2,6,6,5,2,4,2,02,1,1,0,64,2,5,1,3,1,51,1,1,9,0,2,1,1,200800008628B01,7,0,1,244900015
200800008633,2008-02-11,2008,février,lundi,15:18,49,49007,0,0,2,1,6,1,1,4,2,04,1,1,0,99,1,0,1,4,1,43,1,2,9,0,2,3,1,200800008633B01,7,23,1,244900015
200800008642,2008-02-19,2008,février,mardi,15:02,49,49007,0,0,2,2,3,1,1,4,2,00,1,1,0,0,1,0,0,4,1,16,0,3,9,0,2,1,15,200800008642A01,7,1,1,244900015
200800008644,2008-02-21,2008,février,jeudi,19:05,49,49007,0,0,2,1,3,5,1,4,-1,00,1,1,0,0,1,0,1,3,1,9,0,3,9,0,2,7,19,200800008644A01,7,1,1,244900015
200800008666,2008-02-28,2008,février,jeudi,07:24,49,49099,0,0,2,3,3,1,1,4,2,02,1,1,0,0,1,0,1,4,1,37,0,3,9,0,0,7,1,200800008666B01,7,15,1,200071678
200800008676,2008-02-13,2008,février,mercredi,15:35,50,50129,0,0,2,1,3,1,1,4,1,01,1,1,0,35,1,0,1,3,1,86,9,2,2,0,2,7,1,200800008676B01,7,22,1,200067205
200800008711,2008-02-29,2008,février,vendredi,08:00,52,52121,0,0,2,1,6,1,1,4,2,02,1,1,0,60,1,0,1,4,1,12,2,3,9,0,2,1,1,200800008711A01,7,1,1,200068658
200800008716,2008-02-25,2008,février,lundi,20:20,52,52448,0,0,2,1,6,5,2,4,1,01,-1,-1,0,0,2,0,1,1,1,21,5,2,4,0,1,1,2,200800008716A01,,,,200068666
200800008764,2008-02-02,2008,février,samedi,14:35,56,56121,0,0,2,6,3,1,1,4,1,01,1,1,0,0,1,0,1,4,1,18,0,3,9,0,2,1,1,200800008764B01,7,1,1,200042174
200800008785,2008-02-25,2008,février,lundi,18:25,56,56121,0,0,2,6,3,2,1,9,2,02,2,1,0,0,1,0,0,4,1,43,0,3,9,0,2,7,1,200800008785B01,7,1,1,200042174
200800008809,2008-02-01,2008,février,vendredi,20:25,57,57463,0,0,2,1,6,5,4,4,2,02,1,1,0,70,2,0,1,4,1,20,5,3,9,0,2,4,1,200800008809B01,7,0,1,200039865
200800008835,2008-02-09,2008,février,samedi,15:45,57,57368,0,0,2,1,3,1,1,3,2,03,1,1,0,100,1,0,1,4,1,11,5,3,0,0,2,8,0,200800008835B01,37,1,1,245701222
200800008836,2008-02-15,2008,février,vendredi,21:10,57,57306,0,0,1,1,3,3,1,3,2,02,2,1,0,85,1,0,1,4,1,18,5,2,4,0,2,8,1,200800008836B01,7,1,1,245701222
200800008876,2008-02-02,2008,février,samedi,16:55,59,59378,0,0,2,2,6,1,1,3,1,01,1,1,0,0,1,0,1,4,2,16,0,3,4,0,2,1,19,200800008876A01,7,1,1,200093201
200800008878,2008-02-04,2008,février,lundi,08:20,59,59009,0,0,2,2,6,1,2,4,2,02,1,1,0,0,2,0,1,4,1,25,0,3,4,0,2,0,0,200800008878B01,7,2,1,200093201
200800008883,2008-02-06,2008,février,mercredi,06:45,59,59360,0,0,2,3,3,5,1,4,2,02,1,1,0,78,1,0,1,4,1,39,0,1,2,0,2,1,1,200800008883B01,7,1,1,200093201
200800008914,2008-02-21,2008,février,jeudi,13:55,59,59350,0,0,2,2,6,1,8,4,2,02,1,1,0,0,-1,0,0,1,1,27,4,3,2,0,1,1,2,200800008914A01,,,,200093201
200800008920,2008-02-26,2008,février,mardi,07:10,59,59009,0,0,2,1,2,2,2,4,2,00,1,1,0,0,2,0,5,4,1,41,9,3,2,0,9,4,1,200800008920B01,30,1,1,200093201
200800008932,2008-02-29,2008,février,vendredi,17:35,59,59378,0,0,2,1,6,1,1,4,1,00,1,1,0,61,1,0,1,4,2,75,5,3,0,1,0,1,1,200800008932B01,7,22,1,200093201
200800008933,2008-02-15,2008,février,vendredi,08:30,59,59648,0,0,2,2,3,2,1,4,2,02,1,1,0,60,-1,0,1,4,1,22,5,1,2,0,2,1,1,200800008933B01,7,15,1,200093201
200800008982,2008-02-01,2008,février,vendredi,15:55,59,59447,0,0,1,1,2,1,1,3,-1,02,1,1,0,80,1,0,1,3,1,24,0,3,9,0,2,4,1,200800008982B01,7,9,1,245901160
200800008994,2008-02-01,2008,février,vendredi,09:00,61,61001,0,0,1,3,3,1,1,4,2,02,1,1,0,60,2,0,1,4,2,16,2,3,9,0,2,1,1,200800008994B01,7,15,1,246100663
200800009003,2008-02-07,2008,février,jeudi,16:00,62,62570,0,0,2,1,7,1,1,4,2,02,1,1,0,93,1,0,1,3,2,38,3,3,0,0,0,0,0,200800009003A01,,,,246200364
200800009007,2008-02-12,2008,février,mardi,09:40,62,62688,0,0,2,1,3,1,1,4,2,02,1,1,0,0,1,0,1,4,2,85,5,3,0,0,2,7,1,200800009007B01,7,1,1,200069029
200800009017,2008-02-26,2008,février,mardi,16:30,62,62193,0,0,2,1,6,1,1,4,-1,02,1,1,0,50,1,0,1,4,1,15,2,3,9,0,0,0,19,200800009017B01,7,1,1,200090751
200800009032,2008-02-28,2008,février,jeudi,17:25,62,62218,0,0,2,1,6,1,1,4,2,02,1,1,0,53,1,0,1,3,2,40,9,3,9,0,2,8,21,200800009032B01,7,13,1,200072460
200800009036,2008-02-04,2008,février,lundi,10:20,63,63113,0,0,2,1,6,1,1,4,2,02,1,1,0,0,1,0,1,4,1,22,9,3,9,0,2,1,15,200800009036B01,7,15,1,246300701
200800009052,2008-02-16,2008,février,samedi,13:00,63,63113,0,0,2,1,3,1,1,4,2,04,1,-1,0,70,1,0,1,4,2,26,0,3,2,0,2,1,19,200800009052B01,7,1,1,246300701
200800009080,2008-02-23,2008,février,samedi,13:51,64,64102,0,0,2,6,3,1,1,4,2,02,1,-1,0,70,1,0,1,4,1,69,5,1,2,0,2,8,1,200800009080A01,7,16,1,200067106
200800009111,2008-02-23,2008,février,samedi,10:40,64,64445,0,0,2,2,3,1,1,4,1,01,1,1,0,94,1,0,1,3,2,70,0,3,9,0,2,1,1,200800009111B01,7,15,1,200067254
200800009115,2008-02-25,2008,février,lundi,14:00,64,64445,0,0,2,4,2,1,8,4,2,02,1,1,0,0,1,0,1,4,1,17,0,3,9,0,0,4,2,200800009115A01,7,14,1,200067254
200800009116,2008-02-27,2008,février,mercredi,16:45,64,64445,0,0,2,9,6,1,1,4,1,02,1,1,0,0,1,0,1,4,2,39,0,3,9,0,2,7,1,200800009116B01,7,16,1,200067254
200800009156,2008-02-06,2008,février,mercredi,19:38,67,67482,0,0,2,1,3,5,1,4,2,02,1,1,0,30,1,0,1,4,2,65,5,3,9,0,2,7,19,200800009156A01,7,1,1,246700488
200800009157,2008-02-08,2008,février,vendredi,12:15,67,67482,0,0,2,4,3,1,1,4,1,01,1,-1,0,0,-1,0,1,4,1,25,1,3,9,0,2,1,5,200800009157A01,7,1,1,246700488
200800009160,2008-02-08,2008,février,vendredi,17:40,67,67482,0,0,2,1,3,1,1,4,1,01,1,1,0,46,1,0,1,4,1,25,5,3,9,0,2,4,19,200800009160A01,33,1,1,246700488
200800009164,2008-02-11,2008,février,lundi,08:45,67,67482,0,0,2,1,6,1,1,4,2,02,1,1,0,30,1,0,1,4,1,36,5,3,9,1,0,1,16,200800009164B01,7,24,1,246700488
200800009173,2008-02-19,2008,février,mardi,14:20,67,67482,0,0,2,1,3,1,1,4,2,04,1,1,0,160,1,0,1,3,2,29,1,3,9,0,2,1,1,200800009173B01,7,15,1,246700488
200800009177,2008-02-21,2008,février,jeudi,13:40,67,67482,0,0,2,2,3,1,1,4,2,03,1,1,0,90,1,0,1,4,1,20,0,2,2,0,2,1,19,200800009177A01,7,1,1,246700488
200800009191,2008-02-27,2008,février,mercredi,12:15,68,68066,0,0,1,2,3,1,1,3,2,02,1,1,0,60,1,0,1,3,1,72,5,2,2,0,2,2,1,200800009191B01,7,1,1,246800726
200800009211,2008-02-10,2008,février,dimanche,12:00,69,69256,0,0,2,1,2,1,1,4,3,02,1,1,0,69,1,0,1,4,2,26,0,3,9,1,0,1,2,200800009211B01,7,2,1,200046977
200800009214,2008-02-08,2008,février,vendredi,10:50,69,69259,0,0,2,1,2,1,1,4,2,02,1,1,0,80,1,0,1,4,1,43,0,3,9,0,2,4,1,200800009214B01,7,1,1,200046977
200800009216,2008-02-13,2008,février,mercredi,07:30,69,69259,0,0,2,1,3,2,5,4,3,02,1,1,30,55,1,0,1,4,1,22,1,3,4,0,2,7,19,200800009216A01,7,1,1,200046977
200800009238,2008-02-28,2008,février,jeudi,10:15,69,69266,0,0,2,1,2,1,1,4,1,01,1,1,0,60,1,0,1,4,2,57,5,2,2,0,2,1,0,200800009238B01,7,0,1,200046977