Num_Acc,date,an,mois,jour,hrmn,dep,com,lat,long,agg,int,col,lum,atm,catr,circ,nbv,prof,plan,lartpc,larrout,surf,infra,situ,grav,sexe,age,trajet,secuexist,equipement,obs,obsm,choc,manv,vehiculeid,typevehicules,manoeuvehicules,numVehicules,_infos_commune.code_epci
200800013704,2008-03-29,2008,mars,samedi,18:30,83,83137,0,0,2,2,3,5,1,4,2,02,2,1,0,0,1,0,1,4,1,11,5,3,2,0,2,1,1,200800013704A01,7,1,1,248300543
200800013726,2008-03-17,2008,mars,lundi,19:35,84,84087,0,0,2,3,3,3,1,2,2,02,2,2,0,100,1,2,1,3,2,52,1,1,4,0,2,1,1,200800013726B01,7,9,1,248400236
200800013738,2008-03-01,2008,mars,samedi,17:30,86,86194,0,0,2,1,2,1,1,3,3,06,1,1,0,0,1,0,1,4,1,17,5,3,9,0,2,1,2,200800013738A01,37,2,1,200069854
200800013739,2008-03-02,2008,mars,dimanche,00:10,86,86194,0,0,2,1,7,5,1,4,2,02,2,1,0,55,1,0,1,4,2,26,9,2,2,0,0,7,1,200800013739A01,,,,200069854
200800013739,2008-03-02,2008,mars,dimanche,00:10,86,86194,0,0,2,1,7,5,1,4,2,02,2,1,0,55,1,0,1,3,2,24,0,2,2,0,0,7,1,200800013739A01,,,,200069854
200800013826,2008-03-01,2008,mars,samedi,13:45,91,91425,0,0,2,2,3,1,1,3,1,01,2,1,0,0,1,0,1,3,1,47,5,1,2,0,2,2,1,200800013826B01,10,1,1,200056232
200800013843,2008-03-25,2008,mars,mardi,18:40,91,91114,0,0,2,1,2,2,1,4,2,02,1,1,10,40,1,0,1,4,1,34,1,2,2,0,2,4,1,200800013843B01,7,1,1,200058477
200800013850,2008-03-15,2008,mars,samedi,15:15,91,91657,0,0,2,2,3,1,1,4,2,02,1,1,0,0,1,0,1,4,2,22,5,3,9,0,2,1,19,200800013850B01,7,2,1,200058477
200800013874,2008-03-29,2008,mars,samedi,17:45,91,91421,0,0,2,1,7,1,1,3,2,02,1,1,0,70,1,0,4,1,1,17,5,3,9,0,1,1,1,200800013874A01,,,,200058477
200800013925,2008-03-13,2008,mars,jeudi,11:55,92,92060,0,0,2,3,1,1,1,3,2,02,1,1,0,0,-1,0,1,4,1,28,5,3,9,0,2,1,1,200800013925B01,10,16,1,200054781
200800013933,2008-03-02,2008,mars,dimanche,19:10,92,92025,0,0,2,2,3,5,1,3,2,02,1,1,0,80,1,0,1,4,1,28,9,2,2,0,2,2,2,200800013933B01,7,15,1,200054781
200800013991,2008-03-12,2008,mars,mercredi,19:25,92,92062,0,0,2,1,6,1,1,4,1,01,1,1,0,90,1,0,4,1,1,15,5,1,2,0,1,1,1,200800013991A01,,,,200054781
200800014001,2008-03-17,2008,mars,lundi,13:40,92,92063,0,0,2,1,3,1,1,4,2,02,1,1,0,0,1,0,5,4,1,15,2,3,9,0,2,1,5,200800014001A01,7,19,1,200054781
200800014011,2008-03-06,2008,mars,jeudi,08:35,92,92022,0,0,2,1,5,1,1,3,2,02,1,1,15,120,1,0,1,4,1,67,5,1,2,0,9,1,1,200800014011B01,14,1,1,200054781
200800014011,2008-03-06,2008,mars,jeudi,08:35,92,92022,0,0,2,1,5,1,1,3,2,02,1,1,15,120,1,0,1,4,1,59,5,1,2,0,9,1,1,200800014011C01,14,1,1,200054781
200800014044,2008-03-31,2008,mars,lundi,17:30,93,93001,0,0,2,1,6,1,1,3,2,02,1,1,0,80,1,0,1,3,1,38,1,3,0,0,1,1,1,200800014044A01,,,,200054781
200800014044,2008-03-31,2008,mars,lundi,17:30,93,93001,0,0,2,1,6,1,1,3,2,02,1,1,0,80,1,0,1,1,1,13,1,3,9,0,1,1,1,200800014044A01,,,,200054781
200800014051,2008-03-05,2008,mars,mercredi,13:45,93,93008,0,0,2,8,1,1,1,4,3,03,1,1,10,40,1,0,1,3,1,51,0,3,4,0,2,8,19,200800014051B01,7,2,1,200054781
200800014081,2008-03-07,2008,mars,vendredi,20:15,93,93032,0,0,2,1,5,5,2,4,2,01,1,1,0,35,2,0,1,3,1,40,3,3,9,0,2,1,1,200800014081C01,7,20 / 2,2,200054781
200800014083,2008-03-13,2008,mars,jeudi,08:30,93,93032,0,0,2,1,6,1,1,3,2,00,1,1,0,0,1,0,0,3,1,60,5,1,2,0,2,1,1,200800014083B01,13,1,1,200054781
200800014086,2008-03-31,2008,mars,lundi,06:35,93,93047,0,0,2,1,6,1,8,4,3,00,1,1,0,0,2,5,1,3,1,24,1,2,2,0,0,0,2,200800014086B01,7,2,1,200054781
200800014153,2008-03-16,2008,mars,dimanche,22:00,93,93066,0,0,2,1,3,3,2,4,-1,02,1,1,0,0,2,0,1,4,1,43,0,2,4,0,2,2,0,200800014153B01,10,17,1,200054781
200800014172,2008-03-18,2008,mars,mardi,12:10,93,93073,0,0,2,1,7,1,1,3,2,02,3,1,0,30,1,2,1,4,1,47,5,1,2,0,0,7,0,200800014172A01,,,,200054781
200800014178,2008-03-29,2008,mars,samedi,10:00,93,93073,0,0,2,3,3,1,1,9,2,02,-1,-1,0,0,1,0,1,4,1,69,5,3,0,0,0,0,1,200800014178B01,7,9,1,200054781
200800014260,2008-03-12,2008,mars,mercredi,13:50,94,94038,0,0,2,1,2,1,1,3,2,02,1,1,0,0,1,2,1,4,1,16,2,1,2,0,2,1,2,200800014260A01,7,23,1,200054781
200800014264,2008-03-15,2008,mars,samedi,18:05,94,94073,0,0,2,3,3,1,8,3,2,00,1,1,0,70,1,0,1,3,1,44,5,3,9,0,0,1,1,200800014264B01,7,15,1,200054781
200800014325,2008-03-07,2008,mars,vendredi,07:50,94,94080,0,0,2,1,6,1,1,3,2,02,1,1,0,0,1,0,1,1,1,19,2,3,9,0,1,1,1,200800014325A01,,,,200054781
200800014370,2008-03-28,2008,mars,vendredi,08:15,95,95203,0,0,2,6,3,1,1,4,2,02,1,1,0,40,1,0,1,4,1,18,5,2,2,0,2,1,1,200800014370B01,7,9,1,200058485
200800014380,2008-03-20,2008,mars,jeudi,09:00,95,95306,0,0,2,1,2,1,1,4,2,02,1,1,0,72,1,0,1,2,2,78,5,2,2,0,2,6,1,200800014380B01,7,1,1,200058485
200800014388,2008-03-25,2008,mars,mardi,08:45,95,95052,0,0,2,3,3,1,1,4,2,02,1,1,0,80,1,0,0,4,1,24,2,3,9,0,2,0,1,200800014388A01,7,9,1,249500489
200800014637,2008-03-14,2008,mars,vendredi,16:20,69,69383,0,0,2,1,3,1,1,4,1,01,1,1,0,0,1,0,1,3,1,29,1,2,2,1,0,1,1,200800014637B01,7,22,1,200046977
200800014718,2008-03-21,2008,mars,vendredi,17:50,69,69388,0,0,2,3,6,1,2,4,2,02,1,1,0,0,2,0,1,4,2,30,9,1,9,0,2,1,0,200800014718A01,7,15,1,200046977
200800014798,2008-03-01,2008,mars,samedi,02:25,75,75103,0,0,2,1,6,5,2,4,2,02,1,1,0,30,2,0,0,4,1,29,0,3,9,0,0,8,7,200800014798B01,7,7,1,200054781
200800014809,2008-03-02,2008,mars,dimanche,16:10,75,75102,0,0,2,1,3,1,1,4,1,03,2,1,0,100,2,0,1,4,2,30,5,2,9,0,2,4,15,200800014809B01,34,1,1,200054781
200800014830,2008-03-17,2008,mars,lundi,08:50,75,75103,0,0,2,5,3,1,1,4,2,02,1,1,0,30,1,0,1,4,1,35,1,3,9,0,2,1,1,200800014830A01,1,1,1,200054781
200800014830,2008-03-17,2008,mars,lundi,08:50,75,75103,0,0,2,5,3,1,1,4,2,02,1,1,0,30,1,0,1,1,1,40,4,3,9,0,2,2,1,200800014830B01,1,1,1,200054781
200800014835,2008-03-08,2008,mars,samedi,20:20,75,75104,0,0,2,4,3,5,1,4,1,01,1,1,0,89,1,0,1,4,2,29,5,3,4,0,2,8,15,200800014835A01,7,1,1,200054781
200800014840,2008-03-15,2008,mars,samedi,16:01,75,75104,0,0,2,2,7,1,2,4,1,04,1,1,0,96,2,5,1,4,1,42,5,3,9,0,0,0,1,200800014840A01,,,,200054781
200800014841,2008-03-20,2008,mars,jeudi,19:45,75,75104,0,0,2,1,6,5,2,4,1,03,1,1,3,119,2,0,1,1,1,35,1,3,9,0,1,3,0,200800014841A01,,,,200054781
200800014844,2008-03-29,2008,mars,samedi,20:30,75,75104,0,0,2,2,6,5,1,4,1,01,1,-1,0,25,1,0,1,4,2,42,5,3,9,0,1,1,2,200800014844A01,,,,200054781
200800014854,2008-03-11,2008,mars,mardi,19:45,75,75105,0,0,2,2,3,5,8,4,2,02,1,1,0,120,2,0,1,4,1,33,0,1,9,0,0,3,18,200800014854A01,7,16,1,200054781
200800014861,2008-03-19,2008,mars,mercredi,19:00,75,75105,0,0,2,1,3,5,2,4,2,02,1,1,0,135,2,0,1,3,2,60,9,1,9,1,0,1,7,200800014861B01,7,22,1,200054781
200800014865,2008-03-31,2008,mars,lundi,15:10,75,75105,0,0,2,2,7,1,2,4,1,02,1,1,0,143,2,0,1,4,2,30,5,3,9,0,2,0,21,200800014865A01,,,,200054781
200800014867,2008-03-15,2008,mars,samedi,14:15,75,75106,0,0,2,2,3,1,1,4,2,02,2,1,0,0,1,0,0,3,2,24,0,3,9,0,2,8,21,200800014867A01,37,7,1,200054781
200800014882,2008-03-19,2008,mars,mercredi,19:00,75,75106,0,0,2,1,3,5,2,4,1,01,1,1,0,33,2,0,1,4,1,37,1,3,9,1,0,0,1,200800014882B01,7,22,1,200054781
200800014883,2008-03-19,2008,mars,mercredi,22:50,75,75106,0,0,2,1,3,5,1,4,1,01,1,1,0,0,1,0,1,4,1,32,0,3,9,0,2,0,13,200800014883A01,37,17,1,200054781
200800014884,2008-03-20,2008,mars,jeudi,08:00,75,75106,0,0,2,1,6,1,1,4,-1,00,1,1,0,0,1,0,5,1,2,47,1,2,9,0,1,1,1,200800014884A01,,,,200054781
200800014937,2008-03-19,2008,mars,mercredi,13:30,75,75108,0,0,2,1,2,1,1,4,2,01,1,1,0,80,1,0,1,4,1,47,4,2,9,0,2,1,21,200800014937A01,7,2,1,200054781
200800014944,2008-03-21,2008,mars,vendredi,17:10,75,75108,0,0,2,1,3,1,1,4,-1,03,2,1,0,120,1,0,1,4,1,34,1,3,9,0,2,1,0,200800014944B01,7,0,1,200054781
200800014972,2008-03-27,2008,mars,jeudi,13:20,75,75109,0,0,2,4,2,1,1,4,1,02,2,1,0,80,1,0,1,4,1,43,5,2,9,0,0,5,2,200800014972B01,7,2,1,200054781
200800014999,2008-03-30,2008,mars,dimanche,11:25,75,75110,0,0,2,2,3,1,2,4,1,02,1,1,0,50,2,0,1,4,2,60,5,2,2,0,2,1,1,200800014999B01,7,1,1,200054781
200800015048,2008-03-12,2008,mars,mercredi,01:45,75,75112,0,0,2,1,6,5,2,4,3,00,1,1,0,150,2,0,4,4,1,37,5,3,9,2,0,0,1,200800015048A01,,,,200054781
200800015072,2008-03-01,2008,mars,samedi,15:35,75,75113,0,0,2,1,2,1,1,4,2,01,1,1,0,0,1,0,1,4,1,58,1,3,9,0,2,4,15,200800015072B01,37,7,1,200054781
200800015078,2008-03-09,2008,mars,dimanche,12:30,75,75113,0,0,2,2,3,1,2,4,1,01,2,-1,0,105,2,0,1,4,1,24,5,3,9,0,0,0,7,200800015078B01,7,1,1,200054781
200800015094,2008-03-17,2008,mars,lundi,19:10,75,75113,0,0,2,3,3,5,1,9,2,04,1,1,0,230,1,0,1,4,2,31,9,3,9,0,2,1,1,200800015094A01,30,16,1,200054781
200800015100,2008-03-22,2008,mars,samedi,20:35,75,75113,0,0,2,5,1,5,2,4,1,01,1,1,0,45,2,0,1,4,2,29,0,2,9,0,2,1,2,200800015100B01,32,5,1,200054781
200800015107,2008-03-05,2008,mars,mercredi,13:10,75,75114,0,0,2,2,3,1,1,4,-1,02,1,1,0,80,1,0,1,4,1,50,5,3,9,0,2,3,1,200800015107B01,7,16,1,200054781
200800015121,2008-03-18,2008,mars,mardi,20:15,75,75114,0,0,2,1,2,5,1,4,3,05,1,1,0,172,1,0,1,4,1,45,1,1,2,0,0,4,23,200800015121B01,37,2,1,200054781
200800015141,2008-03-07,2008,mars,vendredi,18:50,75,75115,0,0,2,1,6,5,2,5,1,01,1,1,0,0,2,0,5,3,2,82,0,3,0,11,0,7,1,200800015141A01,,,,200054781
200800015188,2008-03-10,2008,mars,lundi,08:10,75,75116,0,0,2,1,1,1,6,4,1,01,1,1,0,0,2,0,1,4,1,17,9,3,4,0,2,8,9,200800015188A01,7,1,1,200054781
200800015204,2008-03-18,2008,mars,mardi,14:00,75,75116,0,0,2,1,3,1,1,4,2,02,1,1,0,0,1,0,1,4,2,41,5,3,9,1,0,3,1,200800015204A01,7,22,1,200054781
200800015205,2008-03-18,2008,mars,mardi,16:20,75,75116,0,0,2,1,6,1,8,5,1,01,2,3,0,20,1,0,5,4,1,78,5,1,2,0,2,1,2,200800015205B01,1,2 / 13,2,200054781
200800015205,2008-03-18,2008,mars,mardi,16:20,75,75116,0,0,2,1,6,1,8,5,1,01,2,3,0,20,1,0,5,3,1,62,5,1,2,0,2,4,2,200800015205A01,1,2 / 13,2,200054781
200800015220,2008-03-22,2008,mars,samedi,14:10,75,75116,0,0,2,1,6,1,2,4,1,01,1,1,0,0,2,0,1,4,1,9,5,3,9,0,2,1,19,200800015220B01,7,0,1,200054781
200800015227,2008-03-25,2008,mars,mardi,12:30,75,75116,0,0,2,1,7,1,1,4,2,02,1,3,0,0,9,0,5,4,1,51,5,3,2,0,2,0,2,200800015227B01,10,15,1,200054781
200800015228,2008-03-26,2008,mars,mercredi,09:05,75,75116,0,0,2,1,2,1,1,4,-1,00,1,-1,0,0,1,0,1,3,1,61,1,1,2,0,2,4,12,200800015228B01,7,1,1,200054781
200800015235,2008-03-29,2008,mars,samedi,13:00,75,75116,0,0,2,1,4,1,1,4,1,02,1,1,0,0,1,0,1,1,1,19,5,1,2,0,2,8,2,200800015235B01,7,0,1,200054781
200800015235,2008-03-29,2008,mars,samedi,13:00,75,75116,0,0,2,1,4,1,1,4,1,02,1,1,0,0,1,0,1,4,1,68,5,2,2,0,9,4,0,200800015235C01,7,0,1,200054781
200800015269,2008-03-25,2008,mars,mardi,08:30,75,75117,0,0,2,4,3,1,1,4,2,03,1,1,0,0,1,0,1,4,1,35,5,2,9,0,2,8,2,200800015269B01,7,16,1,200054781
200800015292,2008-03-11,2008,mars,mardi,19:20,75,75118,0,0,2,1,1,5,2,4,2,03,1,1,0,80,2,0,1,4,1,27,0,1,4,0,2,1,13,200800015292A01,30,17,1,200054781
200800015293,2008-03-12,2008,mars,mercredi,13:40,75,75118,0,0,2,1,6,1,1,4,1,00,2,-1,50,100,2,0,1,4,1,38,5,3,9,0,2,4,23,200800015293A01,7,2,1,200054781
200800015297,2008-03-16,2008,mars,dimanche,19:25,75,75118,0,0,2,1,6,5,2,3,2,02,2,1,0,60,2,0,1,1,1,28,5,1,9,0,1,1,1,200800015297A01,,,,200054781
200800015345,2008-03-19,2008,mars,mercredi,00:15,75,75119,0,0,2,5,3,5,1,4,2,02,-1,-1,0,60,1,0,0,4,1,37,9,1,4,0,0,2,1,200800015345B01,10,1,1,200054781
200800015361,2008-03-31,2008,mars,lundi,23:40,75,75119,0,0,2,1,3,5,1,4,-1,02,1,1,0,0,1,0,1,4,1,45,0,3,9,0,0,3,18,200800015361B01,7,22,1,200054781
200800015429,2008-03-25,2008,mars,mardi,12:05,75,75119,0,0,2,1,6,1,1,4,1,02,1,1,110,220,1,0,1,4,1,37,0,3,9,0,0,0,1,200800015429B01,10,17,1,200054781
200800015518,2008-02-11,2008,février,lundi,08:55,76,76681,0,0,2,3,3,1,1,4,2,02,1,1,0,69,1,0,1,4,1,82,5,3,9,0,2,0,1,200800015518B01,10,15,1,200023414
200800015521,2008-02-13,2008,février,mercredi,10:00,76,76575,0,0,2,1,6,1,1,3,2,00,1,1,0,65,1,0,1,4,2,58,0,2,2,0,2,4,1,200800015521B01,7,13,1,200023414
200800015533,2008-02-20,2008,février,mercredi,11:00,76,76216,0,0,2,1,2,1,8,3,2,02,1,1,0,80,2,0,1,4,1,35,1,2,2,0,2,1,1,200800015533B01,7,4,1,200023414
200800015668,2008-03-26,2008,mars,mercredi,06:00,76,76471,0,0,1,1,2,2,1,3,2,02,1,1,0,50,1,0,1,3,1,57,1,1,4,0,2,6,2,200800015668B02,7,1,1,200010700
200800015675,2008-03-04,2008,mars,mardi,19:30,27,27615,0,0,1,1,3,3,1,4,2,02,-1,-1,0,0,1,0,1,3,1,37,5,1,2,0,2,8,23,200800015675B02,7,15,1,200071454
200800015697,2008-03-29,2008,mars,samedi,11:15,27,27348,49.317,1.159,2,1,5,1,1,3,2,00,1,1,0,72,1,0,1,3,1,43,5,1,2,0,2,1,1,200800015697C03,7,23,2,200089456
200800015705,2008-03-16,2008,mars,dimanche,11:30,35,35196,0,0,1,1,5,1,1,3,2,02,1,1,0,0,1,0,1,4,1,58,5,1,2,0,2,1,1,200800015705B02,7,19,1,243500139
200800015705,2008-03-16,2008,mars,dimanche,11:30,35,35196,0,0,1,1,5,1,1,3,2,02,1,1,0,0,1,0,1,1,1,62,5,1,2,0,2,1,1,200800015705C03,7,19,1,243500139
200800015705,2008-03-16,2008,mars,dimanche,11:30,35,35196,0,0,1,1,5,1,1,3,2,02,1,1,0,0,1,0,1,4,1,58,5,1,2,0,2,1,1,200800015705D04,7,19,1,243500139
200800015736,2008-03-19,2008,mars,mercredi,11:30,22,22091,48.626,-3.183,1,1,1,1,1,3,2,02,1,1,0,0,1,5,1,3,1,57,5,1,2,0,2,0,1,200800015736B02,7,19,1,200067981
200800015755,2008-03-05,2008,mars,mercredi,16:30,29,29103,48.456,-4.248,2,1,2,1,1,3,2,02,1,1,0,83,1,0,1,3,1,33,5,3,0,0,2,1,1,200800015755B02,7,1,1,242900801
200800015761,2008-03-21,2008,mars,vendredi,18:00,29,29302,0,0,2,1,2,1,1,4,2,00,-1,1,0,72,1,0,1,3,2,15,5,3,0,0,0,0,1,200800015761B02,7,14,1,200066868
200800015788,2008-03-07,2008,mars,vendredi,18:00,14,14092,0,0,1,1,3,1,7,3,2,02,1,3,0,85,1,0,1,3,1,65,5,3,0,0,2,1,1,200800015788B02,7,15,1,200065597
200800015791,2008-03-29,2008,mars,samedi,15:45,14,14283,48.866,-0.091,1,2,3,1,1,3,2,00,1,1,0,65,1,0,1,3,1,22,5,1,2,0,2,1,1,200800015791A01,7,19,1,241400514
200800015802,2008-03-30,2008,mars,dimanche,18:45,50,50220,0,0,1,1,1,1,1,3,2,00,2,1,70,0,1,0,1,3,1,34,0,2,2,0,2,1,17,200800015802B02,10,15,1,
200800015865,2008-03-21,2008,mars,vendredi,09:00,53,53188,47.8,-1.055,2,1,2,1,1,9,2,00,1,1,0,0,1,0,1,3,2,83,3,3,0,0,0,4,1,200800015865B02,7,1,1,200048551
200800015867,2008-03-01,2008,mars,samedi,14:45,53,53096,48.268,-0.985,1,2,3,1,1,3,2,02,2,1,0,67,1,0,1,3,1,72,5,3,0,0,2,8,2,200800015867B02,7,17,1,245300355
200800015870,2008-03-20,2008,mars,jeudi,15:15,72,72008,47.948,0.195,2,1,3,1,1,3,-1,00,1,1,12,60,1,5,1,3,2,17,1,3,0,0,2,8,1,200800015870B02,15,16,1,247200132
200800015906,2008-03-05,2008,mars,mercredi,16:30,33,33530,45.102,-0.543,1,2,3,1,1,3,2,02,2,1,0,52,1,0,1,2,1,13,5,3,0,0,2,8,9,200800015906B02,33,1,1,243301223
200800016017,2008-03-30,2008,mars,dimanche,09:00,17,17093,45.889,-1.227,1,1,2,1,8,3,2,02,1,1,0,60,2,5,1,2,1,76,5,3,0,0,0,4,15,200800016017B02,7,1,1,241700624
200800016066,2008-03-29,2008,mars,samedi,10:15,31,31320,43.321,1.241,2,1,5,1,1,3,2,02,1,1,0,58,1,0,1,1,1,9,5,3,0,0,0,0,9,200800016066A01,1,1,2,200066819
200800016066,2008-03-29,2008,mars,samedi,10:15,31,31320,43.321,1.241,2,1,5,1,1,3,2,02,1,1,0,58,1,0,1,3,2,47,5,3,0,0,2,1,1,200800016066B02,1,9 / 1,2,200066819
200800016066,2008-03-29,2008,mars,samedi,10:15,31,31320,43.321,1.241,2,1,5,1,1,3,2,02,1,1,0,58,1,0,1,4,1,67,5,3,0,0,2,7,1,200800016066C03,1,9 / 1,2,200066819
200800016073,2008-03-30,2008,mars,dimanche,15:45,31,31366,43.455,1.531,1,1,1,1,1,3,2,02,1,1,0,55,1,0,1,3,1,51,5,2,2,0,0,1,1,200800016073B02,7,5,1,243100633
200800016146,2008-03-15,2008,mars,samedi,14:30,69,69222,0,0,1,1,1,1,1,3,2,02,2,4,0,70,1,0,1,4,1,38,5,1,2,0,2,1,1,200800016146A01,7,1,1,
200800016158,2008-03-19,2008,mars,mercredi,18:15,01,01004,0,0,2,1,1,1,1,4,2,02,1,1,0,82,1,0,1,3,1,18,9,1,2,1,0,1,1,200800016158A01,15,0,1,240100883
200800016177,2008-03-23,2008,mars,dimanche,19:00,07,07143,0,0,1,1,2,2,1,3,2,02,1,1,0,70,1,0,1,3,1,50,0,3,0,0,0,4,13,200800016177B02,7,1,1,200072015
200800016182,2008-03-23,2008,mars,dimanche,06:30,26,26085,0,0,1,1,5,2,1,2,2,01,1,1,0,87,1,0,1,3,1,62,5,2,2,0,0,4,2,200800016182B02,7,1,1,200040459
200800016182,2008-03-23,2008,mars,dimanche,06:30,26,26085,0,0,1,1,5,2,1,2,2,01,1,1,0,87,1,0,1,3,1,57,0,1,2,0,0,4,2,200800016182B02,7,1,1,200040459
200800016182,2008-03-23,2008,mars,dimanche,06:30,26,26085,0,0,1,1,5,2,1,2,2,01,1,1,0,87,1,0,1,3,1,58,5,1,2,0,0,4,2,200800016182C03,7,1,1,200040459
200800016182,2008-03-23,2008,mars,dimanche,06:30,26,26085,0,0,1,1,5,2,1,2,2,01,1,1,0,87,1,0,1,3,2,38,5,2,2,0,0,4,2,200800016182D04,7,1,1,200040459
200800016226,2008-03-15,2008,mars,samedi,08:15,38,38349,45.343,4.785,1,9,3,1,1,3,2,03,2,2,0,60,1,5,1,4,1,64,5,1,9,0,2,1,1,200800016226B02,7,17,1,200085751
200800016247,2008-03-16,2008,mars,dimanche,03:15,73,73028,45.663,5.701,1,1,1,3,3,3,2,02,1,4,0,76,2,0,1,3,1,67,3,2,2,0,2,1,13,200800016247B02,7,21,1,247300262
200800016267,2008-03-14,2008,mars,vendredi,08:45,74,74250,0,0,2,3,3,1,1,3,2,02,1,1,0,60,1,5,1,4,1,40,1,3,0,0,2,4,15,200800016267B02,7,15,1,247400724
200800016304,2008-03-22,2008,mars,samedi,14:45,03,03036,0,0,2,1,1,1,1,3,2,02,2,-1,0,0,1,5,1,3,1,72,5,1,2,0,2,0,1,200800016304B02,7,19,1,200071496
200800016376,2008-03-05,2008,mars,mercredi,09:00,67,67028,48.374,7.59,2,1,3,1,1,4,2,02,1,1,0,54,1,0,1,3,2,80,0,3,0,0,2,8,9,200800016376B02,7,1,1,200067924
200800016440,2008-03-29,2008,mars,samedi,16:30,08,08125,0,0,2,1,5,1,1,3,2,02,2,1,0,51,1,0,1,3,1,9,5,3,0,0,2,1,15,200800016440B02,7,17 / 0,2,200041630
200800016498,2008-03-30,2008,mars,dimanche,18:15,71,71491,46.413,4.034,1,1,2,1,2,3,2,00,1,1,0,65,2,0,1,3,1,16,5,2,2,0,0,4,2,200800016498B02,7,2,1,200071884
200800016504,2008-03-01,2008,mars,samedi,16:30,89,89365,47.691,2.979,1,1,1,1,1,3,2,00,1,-1,0,69,1,0,0,4,1,57,5,3,0,13,0,3,21,200800016504B02,7,17,1,200067130
200800016524,2008-03-21,2008,mars,vendredi,18:30,25,25057,0,0,1,1,2,3,3,3,2,00,1,1,0,85,2,0,1,3,1,48,1,2,2,0,2,4,2,200800016524B02,7,2,1,200065647
200800016561,2008-03-14,2008,mars,vendredi,18:00,13,13015,0,0,2,1,3,1,1,2,3,02,1,-1,25,0,-1,0,0,3,1,59,5,3,0,0,0,1,1,200800016561B02,10,9,1,200054807
200800016580,2008-03-19,2008,mars,mercredi,08:45,13,13086,0,0,1,1,3,1,1,3,2,00,1,4,0,0,1,0,1,3,1,50,5,1,2,0,2,3,13,200800016580B02,7,1,1,200054807
200800016617,2008-03-12,2008,mars,mercredi,15:45,83,83106,0,0,2,1,6,1,1,4,2,01,2,1,0,40,1,0,1,3,1,12,5,2,2,0,2,1,9,200800016617B02,7,1,1,200068104
200800016629,2008-03-04,2008,mars,mardi,09:30,83,83035,0,0,2,2,3,1,6,3,3,02,1,1,50,60,1,5,1,3,1,44,5,3,0,0,2,7,1,200800016629A01,7,19,1,248300394
200800016646,2008-03-15,2008,mars,samedi,13:45,84,84017,0,0,1,1,6,1,1,3,2,02,2,3,0,45,1,0,1,3,1,16,5,1,2,12,0,1,1,200800016646A01,,,,248400053
200800016716,2008-03-27,2008,mars,jeudi,13:15,30,30274,44.186,4.105,2,1,1,1,1,3,2,02,1,1,0,50,1,0,1,3,2,57,5,3,0,0,2,6,19,200800016716B02,7,1,1,200066918
200800016719,2008-03-05,2008,mars,mercredi,11:00,30,30037,0,0,2,9,1,1,1,3,2,02,1,1,0,55,1,0,1,3,1,54,5,3,0,0,2,1,15,200800016719B02,7,15,1,200035129
200800016728,2008-03-14,2008,mars,vendredi,16:30,30,30180,0,0,1,1,1,1,1,3,2,02,1,1,0,53,1,0,1,4,1,14,2,3,0,0,2,7,19,200800016728A01,7,1,1,243000643
200800016733,2008-03-06,2008,mars,jeudi,17:45,48,48092,0,0,2,3,3,1,1,4,2,00,2,1,0,21,1,6,0,4,1,11,5,2,2,0,2,1,1,200800016733B02,7,1,1,244800470
200800016734,2008-03-28,2008,mars,vendredi,08:15,66,66026,42.566,2.906,1,1,2,1,8,3,2,02,1,1,0,64,1,0,1,2,1,81,5,1,4,0,2,4,2,200800016734B02,7,2,1,246600449
200800016776,2008-03-26,2008,mars,mercredi,11:30,91,91630,48.569,2.061,2,1,1,1,1,3,2,00,-1,-1,0,0,-1,0,0,3,1,65,5,3,0,14,9,1,1,200800016776A01,33,1,1,249100595
200800016811,2008-03-15,2008,mars,samedi,04:15,45,45155,0,0,1,1,2,3,1,3,2,02,1,1,0,65,1,0,1,3,1,29,1,1,9,0,0,4,2,200800016811B02,7,2,1,244500211
200800017088,2008-04-01,2008,avril,mardi,09:00,33,33422,44.811,-0.794,1,6,3,1,1,3,2,00,1,1,20,90,1,6,1,3,1,16,2,3,0,0,2,7,19,200800017088B02,7,1,1,243301165
200800017145,2008-04-16,2008,avril,mercredi,11:15,13,13080,0,0,1,1,1,1,1,3,2,02,1,1,0,66,1,0,1,3,1,65,5,3,0,0,0,0,0,200800017145B02,14,1,1,200054807
200800017170,2008-04-13,2008,avril,dimanche,16:45,34,34082,0,0,1,1,6,1,1,3,2,00,2,1,0,48,1,0,3,3,1,66,5,1,2,2,0,1,1,200800017170A01,,,,200022986
200800017173,2008-04-23,2008,avril,mercredi,17:30,06,06152,0,0,2,1,1,1,1,3,2,02,3,1,0,70,1,0,1,3,1,42,0,3,0,0,2,1,18,200800017173B02,7,15,1,240600585
200800017276,2008-04-02,2008,avril,mercredi,09:30,33,33070,45.052,-0.949,1,3,1,1,1,3,2,02,1,1,0,61,1,0,0,1,1,57,5,3,0,0,0,0,16,200800017276B02,10,17,1,243301389
200800017291,2008-04-04,2008,avril,vendredi,18:30,37,37109,47.404,0.598,2,1,1,1,1,3,2,00,2,1,0,0,1,0,1,3,1,13,5,3,0,0,2,1,1,200800017291B02,7,20,1,243700754
200800017356,2008-04-25,2008,avril,vendredi,11:15,91,91635,48.729,2.19,1,1,1,1,1,3,2,00,1,1,0,80,1,0,1,3,1,78,5,1,2,0,2,1,13,200800017356B02,10,1,1,200056232
200800017363,2008-04-16,2008,avril,mercredi,20:00,91,91156,48.456,2.365,1,1,3,1,1,4,2,02,2,4,0,66,1,0,1,3,2,11,5,3,0,0,2,8,1,200800017363B02,7,1,1,200057859
200800017372,2008-04-18,2008,avril,vendredi,17:45,78,78576,0,0,1,1,7,1,1,3,2,02,1,1,0,54,1,0,1,4,1,28,1,3,0,0,0,0,2,200800017372A01,,,,247800618