Num_Acc,date,an,mois,jour,hrmn,dep,com,lat,long,agg,int,col,lum,atm,catr,circ,nbv,prof,plan,lartpc,larrout,surf,infra,situ,grav,sexe,age,trajet,secuexist,equipement,obs,obsm,choc,manv,vehiculeid,typevehicules,manoeuvehicules,numVehicules,_infos_commune.code_epci
200800017384,2008-04-07,2008,avril,lundi,18:30,2B,2B135,41.992,9.295,2,1,1,1,1,3,2,02,1,1,0,44,1,0,1,4,1,17,5,3,0,0,2,2,13,200800017384A01,7,1,1,200033827
200800017403,2008-04-06,2008,avril,dimanche,08:15,66,66148,0,0,1,1,1,1,1,2,2,02,2,3,0,74,1,0,1,3,2,56,5,1,2,0,2,1,13,200800017403A01,7,1,1,200043602
200800017420,2008-04-02,2008,avril,mercredi,15:30,30,30122,0,0,1,1,1,1,1,3,-1,02,-1,1,0,60,1,0,1,3,1,16,5,1,2,0,0,4,1,200800017420B02,7,1,1,243000643
200800017443,2008-04-19,2008,avril,samedi,09:30,30,30133,0,0,2,1,3,1,1,9,2,00,1,1,0,70,1,0,1,3,1,9,5,2,2,0,2,1,16,200800017443B02,7,1,1,243000650
200800017447,2008-04-26,2008,avril,samedi,18:00,11,11170,0,0,2,1,3,1,1,4,2,02,1,1,0,0,1,0,1,4,2,14,5,3,0,0,2,1,15,200800017447B02,7,1,1,241100593
200800017450,2008-04-12,2008,avril,samedi,16:30,11,11024,0,0,2,9,1,1,1,3,2,02,-1,1,0,65,1,0,1,2,1,9,5,3,0,0,2,3,19,200800017450A01,7,1,1,241100593
200800017478,2008-04-13,2008,avril,dimanche,14:15,34,34017,43.469,3.462,2,1,1,1,1,4,2,00,2,1,0,40,1,0,1,3,1,14,5,3,0,0,2,1,1,200800017478A01,10,1,1,243400819
200800017489,2008-04-16,2008,avril,mercredi,11:15,84,84069,0,0,1,1,1,1,1,3,2,02,4,3,0,57,1,0,1,3,1,41,5,1,2,0,2,1,1,200800017489B02,33,1,1,248400053
200800017511,2008-04-24,2008,avril,jeudi,15:00,83,83085,0,0,1,1,3,1,1,3,2,02,1,1,50,60,1,5,1,3,1,61,5,1,2,0,2,7,1,200800017511A01,10,19,1,248300493
200800017515,2008-04-28,2008,avril,lundi,14:45,83,83068,0,0,1,1,6,1,1,9,-1,00,-1,1,0,0,1,0,5,3,1,63,5,1,2,8,0,1,1,200800017515A01,,,,200036077
200800017548,2008-04-28,2008,avril,lundi,19:30,06,06161,0,0,1,1,7,1,2,3,2,02,-1,1,0,0,1,0,5,3,1,58,5,3,0,0,0,0,0,200800017548A01,,,,240600585
200800017552,2008-04-23,2008,avril,mercredi,17:15,06,06091,0,0,2,3,3,1,1,3,2,00,1,3,0,70,1,0,1,4,1,10,5,3,0,0,2,1,19,200800017552A01,7,1,1,240600593
200800017607,2008-04-27,2008,avril,dimanche,16:30,39,39581,0,0,2,3,3,1,1,3,2,00,1,1,0,70,1,0,1,3,1,13,5,3,0,0,2,1,0,200800017607A01,7,16,1,243900560
200800017640,2008-04-01,2008,avril,mardi,17:15,25,25631,47.163,5.93,2,1,2,1,1,3,2,02,2,2,0,61,1,0,1,4,1,12,5,3,0,0,2,4,1,200800017640B02,7,2,1,242500361
200800017697,2008-04-17,2008,avril,jeudi,18:00,51,51630,48.946,3.924,1,1,1,1,1,3,2,02,3,1,0,58,1,0,1,2,1,53,5,3,0,0,0,4,1,200800017697B02,7,0,1,200067684
200800017702,2008-04-28,2008,avril,lundi,13:15,68,68063,47.808,7.177,2,1,1,1,1,3,2,02,1,1,0,135,1,0,1,3,1,11,2,3,0,0,2,2,19,200800017702B02,7,1,1,200036465
200800017707,2008-04-11,2008,avril,vendredi,15:45,68,68349,0,0,2,2,3,1,2,3,2,00,1,1,0,112,2,0,1,3,1,81,5,3,0,0,2,7,19,200800017707B02,10,1,1,200066058
200800017822,2008-04-24,2008,avril,jeudi,12:00,74,74044,0,0,1,2,3,1,1,3,2,02,1,1,0,120,1,0,1,3,1,71,5,3,0,0,2,1,1,200800017822B02,7,1,1,247400690
200800017875,2008-04-17,2008,avril,jeudi,16:15,38,38562,0,0,2,1,1,1,1,4,2,00,2,3,0,30,1,0,1,3,1,10,5,3,0,0,2,1,1,200800017875A01,2,1,1,200040715
200800017888,2008-04-19,2008,avril,samedi,13:15,26,26325,45.3,4.813,2,1,1,1,1,2,2,00,3,1,0,60,1,0,1,4,1,22,5,1,2,0,2,1,1,200800017888B02,7,17,1,200040491
200800017901,2008-04-06,2008,avril,dimanche,15:45,26,26368,44.708,5.256,1,1,1,1,1,4,2,02,3,2,0,23,9,0,1,3,1,42,5,3,0,0,2,1,14,200800017901A01,2,21,1,200040509
200800017903,2008-04-19,2008,avril,samedi,17:15,26,26011,0,0,2,6,3,1,1,3,4,01,1,-1,0,0,1,5,1,3,1,7,0,1,2,0,2,3,0,200800017903B02,10,1,1,200040509
200800017977,2008-04-12,2008,avril,samedi,10:45,82,82037,44.163,1.543,2,1,1,1,1,3,2,00,1,1,0,74,1,0,1,3,1,27,5,3,0,0,2,1,1,200800017977B02,7,15,1,248200057
200800017985,2008-04-29,2008,avril,mardi,15:15,81,81174,43.791,2.094,1,1,7,1,1,3,2,02,2,3,0,50,1,0,1,3,2,45,5,3,0,0,0,0,1,200800017985A01,,,,200034056
200800017988,2008-04-27,2008,avril,dimanche,11:30,81,81097,43.887,2.226,2,1,3,1,1,3,2,02,1,1,0,57,1,0,1,2,2,19,5,2,2,0,0,8,15,200800017988B02,7,17,1,248100737
200800017996,2008-04-03,2008,avril,jeudi,17:30,46,46257,0,0,1,1,1,1,1,3,2,02,-1,1,0,70,1,0,1,3,1,60,5,1,2,0,0,0,1,200800017996B02,38,17,1,244600482
200800018034,2008-04-19,2008,avril,samedi,18:45,31,31573,43.663,1.664,2,1,1,1,7,3,2,00,-1,1,50,0,1,0,1,3,1,10,5,3,0,0,2,8,19,200800018034B02,7,1,1,243100732
200800018047,2008-04-04,2008,avril,vendredi,17:00,31,31120,0,0,1,1,1,1,7,3,2,02,1,-1,0,45,1,0,0,4,1,54,5,3,0,0,2,1,15,200800018047B02,7,15,1,200071314
200800018143,2008-04-25,2008,avril,vendredi,09:30,47,47274,0,0,1,1,2,1,1,3,2,00,1,2,0,45,1,0,1,1,2,9,5,3,0,0,2,4,1,200800018143A01,33,1,1,200096956
200800018152,2008-04-03,2008,avril,jeudi,09:15,40,40155,43.91,-1.225,1,1,3,1,1,3,2,02,1,1,0,60,1,0,1,3,1,81,3,3,0,0,2,8,15,200800018152A01,17,17,1,244000857
200800018161,2008-04-08,2008,avril,mardi,15:45,24,24352,0,0,2,1,6,1,1,4,2,02,-1,-1,0,70,1,0,1,3,1,22,5,3,0,0,0,0,1,200800018161A01,7,15,1,200040400
200800018166,2008-04-24,2008,avril,jeudi,16:30,24,24177,44.791,0.645,2,1,3,1,1,3,2,02,1,1,0,50,1,0,1,3,2,13,5,3,9,0,2,7,19,200800018166A01,10,1,1,200040889
200800018195,2008-04-05,2008,avril,samedi,16:15,33,33213,44.687,-0.527,2,1,1,1,1,9,2,02,2,1,0,59,1,0,1,3,1,62,0,2,2,0,2,1,1,200800018195B02,7,15,1,243301264
200800018196,2008-04-16,2008,avril,mercredi,10:15,33,33397,0,0,1,1,3,1,1,3,2,02,1,2,0,0,1,0,1,3,1,63,3,3,0,0,2,8,1,200800018196B02,17,17,1,243301249
200800018202,2008-04-02,2008,avril,mercredi,19:00,33,33539,0,0,1,6,2,2,1,3,2,00,1,-1,0,0,1,5,1,3,1,40,0,1,2,0,2,4,9,200800018202A01,7,9,1,200070092
200800018217,2008-04-20,2008,avril,dimanche,11:15,85,85162,46.438,-0.684,2,1,6,1,1,3,2,01,1,4,0,53,1,0,1,4,1,44,5,3,0,0,1,1,1,200800018217A01,,,,248500563
200800018221,2008-04-25,2008,avril,vendredi,17:30,85,85155,46.708,-1.503,1,1,1,1,1,3,3,02,1,1,0,76,1,0,1,2,1,40,5,3,0,0,2,4,2,200800018221B02,14,1,1,248500589
200800018223,2008-04-26,2008,avril,samedi,10:45,33,33236,0,0,2,1,6,1,1,3,2,02,1,1,0,72,1,0,1,1,1,55,5,3,0,0,1,1,1,200800018223A01,,,,243301504
200800018226,2008-04-04,2008,avril,vendredi,12:45,85,85084,0,0,2,1,3,1,1,4,2,02,1,1,0,45,1,0,1,3,1,13,2,1,9,0,2,8,13,200800018226A01,7,1,1,200071918
200800018240,2008-04-21,2008,avril,lundi,17:00,53,53208,48.441,-0.209,1,1,3,1,1,3,2,02,3,1,0,59,1,0,1,3,1,58,5,1,2,0,2,8,1,200800018240A01,7,1,1,200042182
200800018282,2008-04-30,2008,avril,mercredi,18:15,44,44199,47.742,-1.303,2,1,1,1,1,3,2,02,1,1,0,53,1,0,1,3,1,15,5,3,0,0,2,8,19,200800018282B02,7,1,1,200072726
200800018301,2008-04-25,2008,avril,vendredi,18:15,61,61326,0,0,2,7,3,1,1,9,-1,00,-1,1,0,0,1,6,0,3,1,9,0,3,0,0,2,1,1,200800018301B02,7,20,1,200068443
200800018325,2008-04-24,2008,avril,jeudi,17:45,14,14654,49.035,-0.025,1,1,2,1,1,3,2,02,1,1,13,104,1,5,1,4,1,50,5,1,4,0,2,4,2,200800018325B02,10,2,1,200069532
200800018346,2008-04-17,2008,avril,jeudi,09:45,29,29266,48.526,-3.946,2,1,1,1,1,3,2,00,1,1,0,60,1,0,1,3,1,21,5,1,2,0,2,1,1,200800018346B02,7,10,1,242900835
200800018354,2008-04-25,2008,avril,vendredi,10:00,29,29235,48.401,-4.393,2,1,1,1,1,3,-1,02,2,1,0,0,1,0,1,3,1,74,5,2,2,0,0,0,2,200800018354B02,15,17,1,242900314
200800018375,2008-04-05,2008,avril,samedi,19:00,22,22275,48.148,-2.699,1,1,3,1,1,3,2,00,1,1,0,70,1,0,1,3,1,61,5,0,2,0,2,8,1,200800018375B02,7,1,1,200067460
200800018421,2008-04-07,2008,avril,lundi,15:30,76,76387,49.715,0.888,1,2,3,1,1,3,2,02,1,1,0,48,1,0,1,3,1,79,5,3,0,0,2,1,1,200800018421A01,7,1,1,200069847
200800018430,2008-04-25,2008,avril,vendredi,13:30,76,76285,49.416,1.3,1,1,6,1,1,3,2,02,1,2,0,55,1,0,1,3,1,55,0,1,2,0,0,6,1,200800018430A01,,,,200070449
200800018530,2008-04-03,2008,avril,jeudi,10:45,59,59092,50.286,3.319,2,1,3,1,1,4,2,02,2,1,0,70,1,0,1,3,1,34,5,3,0,0,2,1,2,200800018530B02,7,15,1,200042190
200800018531,2008-04-30,2008,avril,mercredi,09:45,59,59580,50.812,2.583,2,1,2,1,1,3,2,02,1,-1,119,59,1,5,1,3,2,62,9,3,0,0,2,4,2,200800018531B02,7,2,1,200040947
200800018532,2008-04-04,2008,avril,vendredi,18:15,59,59400,0,0,2,1,1,1,1,3,2,02,1,1,0,0,1,0,1,3,2,54,3,3,0,0,2,1,1,200800018532B02,7,13,1,245900758
200800018543,2008-04-30,2008,avril,mercredi,18:45,59,59278,0,0,2,1,1,1,1,4,2,00,-1,-1,41,0,-1,0,0,3,1,15,9,3,0,0,2,0,1,200800018543B02,7,1,1,200093201
200800018546,2008-04-05,2008,avril,samedi,16:15,59,59524,50.563,2.903,2,1,1,1,1,3,2,02,2,3,0,70,1,0,1,3,1,86,5,3,0,1,0,7,1,200800018546A01,10,24,1,200093201
200800018569,2008-04-27,2008,avril,dimanche,11:20,92,92004,0,0,2,2,3,1,1,4,-1,02,1,1,0,67,1,0,0,4,1,36,5,3,9,0,2,1,5,200800018569A01,7,1,1,200054781
200800018588,2008-04-22,2008,avril,mardi,18:55,47,47001,0,0,2,1,3,1,1,4,1,01,1,1,0,0,1,0,1,3,1,9,5,2,2,0,2,1,1,200800018588B01,7,5,1,200096956
200800018614,2008-04-19,2008,avril,samedi,14:00,76,76497,0,0,2,1,6,1,1,2,1,02,1,2,0,100,1,0,1,3,1,39,5,3,2,0,2,2,16,200800018614B01,7,2,1,200023414
200800018616,2008-04-24,2008,avril,jeudi,14:20,76,76540,0,0,2,3,6,1,1,3,1,01,1,1,0,0,1,3,1,4,1,57,0,3,9,0,2,0,0,200800018616B01,7,0,1,200023414
200800018634,2008-04-04,2008,avril,vendredi,14:10,93,93013,0,0,2,2,3,1,1,2,2,02,1,-1,0,0,1,5,1,4,1,77,5,3,9,0,2,7,2,200800018634B01,15,13,1,200054781
200800018635,2008-04-06,2008,avril,dimanche,15:50,93,93027,0,0,2,1,2,1,8,4,1,03,-1,-1,0,0,-1,0,1,3,1,28,0,2,2,0,0,4,1,200800018635B01,7,1,1,200054781
200800018638,2008-04-20,2008,avril,dimanche,18:21,93,93030,0,0,2,1,3,1,8,9,1,01,-1,-1,0,0,-1,0,0,3,1,7,0,3,9,0,2,1,0,200800018638B01,7,4,1,200054781
200800018652,2008-04-02,2008,avril,mercredi,16:31,42,42127,0,0,2,2,3,1,1,4,2,02,1,1,0,50,1,0,1,4,1,17,5,3,9,0,2,2,0,200800018652B01,7,1,1,200035731
200800018653,2008-04-10,2008,avril,jeudi,06:50,42,42187,0,0,2,6,3,2,2,4,3,02,1,1,22,100,2,0,1,4,2,55,1,3,9,0,2,0,1,200800018653B01,7,1,1,200035731
200800018654,2008-04-12,2008,avril,samedi,11:35,42,42187,0,0,2,2,3,1,1,4,2,02,1,1,0,72,1,0,1,4,1,62,0,1,9,0,2,3,0,200800018654B01,7,16,1,200035731
200800018679,2008-04-02,2008,avril,mercredi,11:00,02,02691,0,0,2,3,6,1,1,4,2,02,1,1,0,0,1,0,1,4,1,13,5,3,9,0,2,1,19,200800018679B01,7,1,1,200071892
200800018684,2008-04-23,2008,avril,mercredi,17:10,02,02691,0,0,2,3,3,1,1,4,2,02,2,1,0,81,2,0,0,3,1,42,5,2,9,0,2,6,1,200800018684B01,7,9,1,200071892
200800018702,2008-04-01,2008,avril,mardi,14:10,05,05023,0,0,2,3,3,1,1,2,2,02,2,2,0,100,1,0,1,4,1,68,5,3,2,0,2,7,1,200800018702B01,7,9,1,240500439
200800018718,2008-04-29,2008,avril,mardi,17:50,06,06004,0,0,2,1,2,1,1,3,2,02,1,1,0,84,1,0,0,4,2,17,2,3,9,0,2,0,0,200800018718B01,2,0,1,240600585
200800018753,2008-04-07,2008,avril,lundi,13:30,06,06029,0,0,2,1,3,1,1,2,2,02,1,1,11,78,1,0,1,3,1,13,5,3,9,0,2,1,13,200800018753A01,7,1,1,200039915
200800018826,2008-04-19,2008,avril,samedi,17:40,06,06083,0,0,2,1,1,1,1,3,3,02,1,1,0,33,1,0,1,3,2,9,5,3,2,0,0,9,1,200800018826B01,7,1,1,240600551
200800018832,2008-04-01,2008,avril,mardi,18:30,06,06088,0,0,2,2,3,1,1,4,1,02,1,1,0,50,1,0,1,4,2,53,0,3,2,0,2,0,1,200800018832B01,7,9,1,200030195
200800018835,2008-04-02,2008,avril,mercredi,07:45,06,06088,0,0,2,1,2,1,1,4,2,02,1,1,0,80,1,0,1,4,2,61,0,3,2,0,2,4,1,200800018835B01,7,1,1,200030195
200800018848,2008-04-04,2008,avril,vendredi,14:40,06,06088,0,0,2,1,3,1,1,4,3,03,1,1,0,80,1,0,1,4,1,8,0,3,4,0,2,8,0,200800018848A01,33,2,1,200030195
200800018851,2008-04-05,2008,avril,samedi,13:10,06,06088,0,0,2,1,3,1,1,4,1,03,1,1,50,110,1,0,1,4,2,50,5,3,9,0,2,1,19,200800018851A01,7,1,1,200030195
200800018878,2008-04-12,2008,avril,samedi,19:30,06,06088,0,0,2,1,6,1,1,3,2,02,2,2,0,60,1,0,1,3,1,24,1,2,9,6,0,0,1,200800018878A01,,,,200030195
200800018889,2008-04-16,2008,avril,mercredi,10:00,06,06088,0,0,2,1,6,1,1,4,-1,01,1,1,0,0,1,0,4,1,1,6,5,1,2,0,1,1,1,200800018889A01,,,,200030195
200800018938,2008-04-30,2008,avril,mercredi,11:10,06,06088,0,0,2,1,3,1,1,4,2,04,1,1,0,100,1,0,1,4,1,40,5,3,4,0,2,3,2,200800018938B01,7,16,1,200030195
200800018966,2008-04-24,2008,avril,jeudi,11:35,11,11262,0,0,2,1,7,1,1,4,2,00,1,1,0,0,1,0,1,3,1,75,0,3,2,0,0,0,0,200800018966A01,,,,241100593
200800018971,2008-04-29,2008,avril,mardi,19:15,12,12145,0,0,2,1,2,1,1,4,2,02,4,1,0,55,1,0,1,3,2,36,1,3,9,0,2,4,1,200800018971B01,7,2,1,241200567
200800018974,2008-04-02,2008,avril,mercredi,08:00,13,13001,0,0,2,1,2,1,1,4,2,00,1,-1,0,0,1,0,1,4,1,37,1,3,9,0,0,0,0,200800018974B01,7,0,1,200054807
200800018982,2008-04-13,2008,avril,dimanche,17:45,13,13004,0,0,2,4,3,1,1,4,1,01,1,1,0,40,1,0,0,3,2,69,0,3,9,0,2,1,1,200800018982B01,7,16,1,241300417
200800018986,2008-04-24,2008,avril,jeudi,06:40,13,13004,0,0,2,1,3,2,1,4,2,02,2,1,0,86,1,0,1,4,1,17,5,3,9,0,2,7,1,200800018986A01,7,1,1,241300417
200800018997,2008-04-16,2008,avril,mercredi,15:10,13,13047,0,0,1,1,3,1,1,2,2,02,1,1,0,71,1,2,1,4,1,74,5,1,2,0,2,8,2,200800018997B01,7,2,1,200054807
200800019208,2008-04-06,2008,avril,dimanche,17:55,13,13026,0,0,2,3,3,1,1,4,2,02,1,1,0,60,1,0,1,4,1,15,5,3,9,0,2,8,9,200800019208A01,10,1,1,200054807
200800019215,2008-04-27,2008,avril,dimanche,09:15,13,13056,0,0,2,3,3,1,1,4,2,02,2,1,0,60,1,0,1,4,1,56,5,1,2,0,2,1,2,200800019215B01,10,9,1,200054807
200800019236,2008-04-09,2008,avril,mercredi,18:55,17,17299,0,0,2,1,6,1,1,4,2,02,1,1,0,81,1,0,1,4,1,15,5,3,9,0,2,1,1,200800019236B01,7,22,1,200041762
200800019238,2008-04-15,2008,avril,mardi,09:40,17,17299,0,0,2,1,7,1,1,4,2,02,1,1,0,85,1,0,5,4,2,61,5,2,2,12,0,0,1,200800019238A01,,,,200041762
200800019239,2008-04-15,2008,avril,mardi,12:30,17,17299,0,0,2,6,3,1,1,4,1,02,1,2,0,72,1,5,5,3,2,48,1,3,9,0,2,1,1,200800019239B01,7,1,1,200041762
200800019243,2008-04-25,2008,avril,vendredi,18:25,17,17449,0,0,2,3,3,1,1,4,2,02,1,1,0,34,1,5,1,4,1,11,5,3,9,0,2,1,1,200800019243A01,7,1,1,200041762
200800019243,2008-04-25,2008,avril,vendredi,18:25,17,17449,0,0,2,3,3,1,1,4,2,02,1,1,0,34,1,5,1,4,2,17,0,3,9,0,2,1,1,200800019243A01,7,1,1,200041762
200800019269,2008-04-28,2008,avril,lundi,18:00,17,17300,0,0,2,1,3,1,1,4,2,02,1,1,0,0,1,0,1,4,2,15,5,3,2,0,2,1,15,200800019269A01,7,1,1,241700434
200800019277,2008-04-30,2008,avril,mercredi,16:26,17,17333,0,0,2,1,6,1,1,4,2,02,1,1,0,0,1,0,1,4,2,16,5,3,9,0,0,1,1,200800019277A01,,,,241700640
200800019289,2008-04-11,2008,avril,vendredi,18:10,18,18205,0,0,2,2,3,1,1,4,2,02,1,1,0,100,1,0,1,4,1,22,5,1,2,0,2,1,2,200800019289A01,7,2,1,241800507
200800019295,2008-04-24,2008,avril,jeudi,08:45,18,18033,0,0,2,2,3,1,1,4,2,02,1,1,0,60,1,0,1,3,2,35,1,3,9,0,2,1,1,200800019295B01,7,15,1,241800507
200800019297,2008-04-29,2008,avril,mardi,17:35,18,18033,0,0,2,6,3,1,2,4,2,02,1,1,0,150,2,0,1,4,1,34,1,3,9,0,2,7,2,200800019297B01,7,2,1,241800507
200800019304,2008-04-16,2008,avril,mercredi,09:50,19,19031,45.15937,4.53057,2,1,2,1,1,4,1,01,1,1,0,0,1,0,1,3,2,76,3,2,2,0,2,4,2,200800019304B01,7,2,1,200043172
200800019318,2008-04-15,2008,avril,mardi,07:50,21,21231,0,0,2,2,1,1,1,4,2,02,1,1,0,50,1,0,1,4,1,37,1,3,9,0,2,1,13,200800019318A01,7,15,1,242100410
200800019339,2008-04-06,2008,avril,dimanche,12:05,22,22360,0,0,2,1,2,1,1,4,1,00,1,2,0,0,1,0,1,4,1,39,0,3,9,0,2,4,2,200800019339B01,7,2,1,200069409
200800019365,2008-04-09,2008,avril,mercredi,16:49,25,25056,0,0,2,1,1,1,3,4,-1,00,-1,-1,0,0,2,0,0,4,1,25,3,1,9,0,2,1,0,200800019365B01,7,1,1,242500361
200800019391,2008-04-30,2008,avril,mercredi,11:20,26,26362,0,0,2,1,6,1,1,4,1,02,1,1,0,80,1,0,1,4,2,57,0,3,2,0,2,1,1,200800019391B01,7,1,1,200068781
200800019409,2008-04-27,2008,avril,dimanche,12:30,27,27681,0,0,2,1,6,1,1,4,2,01,1,1,0,45,1,0,1,4,1,13,5,3,2,1,0,1,1,200800019409A01,,,,200072312
200800019410,2008-04-10,2008,avril,jeudi,14:40,27,27681,0,0,2,7,6,1,1,6,-1,00,1,-1,0,0,1,0,0,3,1,19,5,2,2,0,2,1,1,200800019410A01,7,1,1,200072312
200800019425,2008-04-03,2008,avril,jeudi,14:45,29,29019,0,0,2,1,6,1,1,9,2,02,2,1,0,0,1,0,1,4,1,21,0,3,2,0,2,3,0,200800019425A01,7,17 / 1,2,242900314
200800019432,2008-04-07,2008,avril,lundi,06:30,29,29019,0,0,2,6,6,2,1,9,-1,02,-1,-1,0,0,-1,0,0,4,1,24,0,3,9,0,2,7,1,200800019432A01,7,1,1,242900314
200800019448,2008-04-20,2008,avril,dimanche,17:20,29,29039,0,0,2,1,2,1,1,4,2,01,4,1,10,63,1,0,1,4,1,17,1,3,9,0,2,6,1,200800019448B01,7,1,1,242900769
200800019489,2008-04-01,2008,avril,mardi,08:50,31,31555,0,0,2,1,4,1,1,4,1,02,1,1,0,67,1,0,1,1,2,36,1,3,2,0,2,4,1,200800019489C01,7 / 33,9 / 1,2,243100518
200800019525,2008-04-15,2008,avril,mardi,17:20,31,31555,0,0,2,1,2,1,1,4,2,02,1,1,0,60,1,0,1,4,1,4,5,2,9,0,2,1,19,200800019525A01,7,1,1,243100518
200800019528,2008-04-15,2008,avril,mardi,06:40,31,31555,0,0,2,3,4,2,1,4,2,02,1,1,0,40,1,0,1,3,2,24,0,3,9,0,2,1,1,200800019528C01,7,1,2,243100518
200800019530,2008-04-16,2008,avril,mercredi,11:05,31,31555,0,0,2,1,6,1,1,4,2,02,1,1,0,90,1,0,1,4,1,62,5,3,9,0,2,1,1,200800019530B01,10,22,1,243100518
200800019531,2008-04-16,2008,avril,mercredi,16:20,31,31555,0,0,2,1,3,1,1,4,2,02,1,1,0,54,1,0,1,1,1,19,5,3,9,0,2,1,13,200800019531A01,30,1,1,243100518
200800019536,2008-04-18,2008,avril,vendredi,17:15,31,31555,0,0,2,1,3,1,8,4,2,01,1,1,0,57,2,0,1,4,1,12,0,3,2,0,2,1,0,200800019536A01,7,20,1,243100518
200800019545,2008-04-23,2008,avril,mercredi,10:45,31,31555,0,0,2,1,3,1,1,4,1,01,1,1,0,34,1,0,4,4,2,46,1,3,2,0,2,1,0,200800019545B01,7,0,1,243100518
200800019577,2008-04-04,2008,avril,vendredi,16:25,33,33063,0,0,2,2,3,1,1,4,1,01,1,1,0,51,1,0,1,3,2,25,0,3,4,0,2,1,15,200800019577A01,7,1,1,243300316
200800019594,2008-04-11,2008,avril,vendredi,17:10,33,33063,0,0,2,2,3,1,1,4,1,02,1,1,0,95,1,0,1,4,2,31,0,3,4,0,2,1,1,200800019594B01,7,1,1,243300316
200800019619,2008-04-18,2008,avril,vendredi,18:30,33,33063,0,0,2,3,3,1,1,4,1,01,1,1,0,51,2,0,1,4,2,54,5,2,4,0,2,0,5,200800019619A01,10,15,1,243300316
200800019625,2008-04-15,2008,avril,mardi,17:50,33,33069,0,0,2,3,3,1,9,4,-1,02,-1,-1,0,0,-1,0,0,4,2,30,0,3,4,0,2,1,0,200800019625B01,7,16,1,243300316
200800019627,2008-04-15,2008,avril,mardi,17:40,33,33075,0,0,2,3,3,1,1,4,2,02,1,1,0,70,1,0,1,4,2,27,1,3,9,0,0,4,15,200800019627B01,2,17,1,243300316
200800019631,2008-04-15,2008,avril,mardi,19:56,33,33318,0,0,2,5,3,1,1,4,2,02,1,-1,0,70,1,0,1,4,2,22,0,3,4,0,0,0,1,200800019631B01,7,0,1,243300316
200800019641,2008-04-19,2008,avril,samedi,11:35,33,33550,0,0,2,3,3,1,1,4,2,02,1,1,0,56,1,0,1,4,1,44,5,3,9,0,2,1,1,200800019641B01,7,1,1,243300316
200800019643,2008-04-24,2008,avril,jeudi,23:00,33,33063,0,0,2,3,3,5,1,4,-1,02,1,1,0,70,1,0,1,3,1,44,0,3,4,0,0,1,15,200800019643B01,33,17,1,243300316
200800019648,2008-04-28,2008,avril,lundi,08:18,33,33063,0,0,2,1,3,1,1,4,3,05,1,1,0,0,-1,4,1,4,2,36,0,3,9,0,0,7,19,200800019648B01,40,1,1,243300316
200800019651,2008-04-30,2008,avril,mercredi,12:40,33,33063,0,0,2,1,6,1,1,4,1,02,1,1,0,54,1,0,5,3,2,21,0,3,4,0,2,1,1,200800019651B01,7,22,1,243300316
200800019686,2008-04-02,2008,avril,mercredi,15:45,34,34172,0,0,2,1,5,1,1,4,2,04,1,1,15,120,1,0,1,4,1,10,5,2,2,0,2,8,19,200800019686B01,7,1,2,243400017
200800019689,2008-04-04,2008,avril,vendredi,14:40,34,34172,0,0,2,1,2,1,1,4,2,03,1,1,0,105,1,0,1,2,2,54,5,3,9,0,0,4,1,200800019689B01,14,1,1,243400017
200800019699,2008-04-10,2008,avril,jeudi,22:16,34,34172,0,0,2,1,7,5,1,4,1,02,1,1,0,60,2,0,0,4,1,23,4,1,2,0,0,0,0,200800019699A01,,,,243400017
200800019711,2008-04-19,2008,avril,samedi,18:03,34,34172,43.60339,3.88295,2,3,3,1,1,4,1,01,1,1,0,30,1,0,1,4,1,66,5,1,4,0,2,6,0,200800019711B01,7,1,1,243400017
200800019715,2008-04-26,2008,avril,samedi,19:00,34,34172,0,0,2,2,7,1,1,4,2,03,1,1,0,90,1,5,1,4,1,31,0,3,4,0,0,0,1,200800019715A01,,,,243400017
200800019727,2008-04-08,2008,avril,mardi,07:00,34,34301,0,0,1,1,2,5,2,3,2,04,1,1,0,105,2,0,1,3,1,31,1,3,9,0,2,4,0,200800019727B01,10,1,1,200066355
200800019730,2008-04-01,2008,avril,mardi,09:15,35,35238,0,0,2,3,3,1,2,4,3,00,-1,-1,24,104,2,0,1,4,2,26,0,3,2,0,2,0,1,200800019730B01,7,16,1,243500139
200800019737,2008-04-07,2008,avril,lundi,08:20,35,35238,0,0,2,2,3,1,1,4,-1,00,-1,-1,0,0,-1,0,0,4,1,15,2,2,9,0,2,0,19,200800019737A01,7,1,1,243500139
200800019740,2008-04-08,2008,avril,mardi,20:10,35,35238,0,0,2,3,3,1,1,4,-1,02,2,1,0,0,1,0,1,4,1,22,0,3,2,0,2,0,0,200800019740A01,7,15,1,243500139
200800019746,2008-04-12,2008,avril,samedi,01:52,35,35238,0,0,2,1,2,5,1,4,1,00,3,3,0,90,1,2,1,4,1,24,5,2,2,0,2,4,0,200800019746B01,7,0,1,243500139
200800019773,2008-04-30,2008,avril,mercredi,18:20,35,35238,0,0,2,3,3,1,2,4,2,02,1,1,0,0,1,0,1,4,1,55,4,3,9,0,2,1,1,200800019773B01,7,15,1,243500139
200800019779,2008-04-02,2008,avril,mercredi,17:45,36,36159,0,0,1,3,3,1,1,3,2,02,1,1,0,0,1,0,1,3,1,54,1,1,2,0,2,1,1,200800019779A01,7,1,1,243600327
200800019780,2008-04-03,2008,avril,jeudi,15:00,36,36044,0,0,2,2,3,1,1,4,2,02,1,1,0,0,1,0,1,3,2,62,5,1,2,0,0,4,16,200800019780A01,7,1,1,243600327
200800019785,2008-04-13,2008,avril,dimanche,11:55,36,36202,0,0,2,1,2,1,3,4,2,02,1,1,0,0,2,0,1,3,1,66,5,1,2,0,0,4,1,200800019785B01,7,1,1,243600327