Num_Acc,date,an,mois,jour,hrmn,dep,com,lat,long,agg,int,col,lum,atm,catr,circ,nbv,prof,plan,lartpc,larrout,surf,infra,situ,grav,sexe,age,trajet,secuexist,equipement,obs,obsm,choc,manv,vehiculeid,typevehicules,manoeuvehicules,numVehicules,_infos_commune.code_epci
200800021651,2008-04-01,2008,avril,mardi,18:25,75,75118,0,0,2,1,6,1,1,4,1,01,1,-1,0,105,1,0,5,4,1,35,1,3,2,0,1,0,1,200800021651A01,,,,200054781
200800021662,2008-04-02,2008,avril,mercredi,09:50,75,75107,0,0,2,5,6,1,1,4,2,02,1,3,0,64,1,5,1,4,2,35,1,3,2,12,2,3,21,200800021662A01,,,,200054781
200800021667,2008-04-02,2008,avril,mercredi,15:00,75,75109,0,0,2,1,6,1,8,4,1,01,1,1,0,10,1,0,5,4,1,31,1,1,2,0,1,8,1,200800021667A01,,,,200054781
200800021672,2008-04-02,2008,avril,mercredi,09:40,75,75113,0,0,2,1,4,1,1,4,2,04,1,1,0,145,1,0,1,4,2,65,5,3,2,0,0,1,1,200800021672C01,7 / 32,9 / 1,2,200054781
200800021701,2008-04-03,2008,avril,jeudi,09:10,75,75107,0,0,2,5,7,1,1,4,2,02,1,1,0,0,8,0,1,4,2,30,1,1,2,0,0,7,15,200800021701A01,,,,200054781
200800021705,2008-04-03,2008,avril,jeudi,15:40,75,75109,0,0,2,1,6,1,1,4,1,01,1,1,13,46,1,0,1,4,1,31,5,3,2,0,0,8,7,200800021705A01,10,17,1,200054781
200800021728,2008-04-04,2008,avril,vendredi,15:15,75,75105,0,0,2,1,6,1,7,4,-1,03,2,1,0,60,1,0,5,4,1,26,5,3,2,0,0,8,7,200800021728A01,33,17,1,200054781
200800021743,2008-04-04,2008,avril,vendredi,15:20,75,75120,0,0,2,1,6,1,1,4,2,04,2,1,0,0,1,0,1,1,1,30,5,3,2,0,1,1,1,200800021743A01,,,,200054781
200800021768,2008-04-05,2008,avril,samedi,23:00,75,75119,0,0,2,1,6,5,1,4,1,01,1,1,0,30,1,0,1,4,1,44,0,3,2,0,0,7,2,200800021768B01,7,2,1,200054781
200800021780,2008-04-06,2008,avril,dimanche,10:45,75,75111,0,0,2,2,3,1,1,4,1,01,1,1,0,36,1,0,0,4,1,38,5,3,2,1,2,8,18,200800021780B01,7,22,1,200054781
200800021800,2008-04-07,2008,avril,lundi,11:40,75,75112,0,0,2,2,3,1,1,4,2,02,1,1,0,133,2,0,1,4,1,28,4,3,2,0,2,6,1,200800021800B01,7,1,1,200054781
200800021801,2008-04-07,2008,avril,lundi,13:50,75,75112,0,0,2,3,3,1,1,4,2,00,1,1,0,180,1,0,1,4,2,47,1,3,2,0,2,6,1,200800021801B01,7,16,1,200054781
200800021811,2008-04-07,2008,avril,lundi,14:50,75,75116,0,0,2,1,3,1,1,4,2,01,1,1,0,0,1,0,1,4,1,69,0,3,2,0,2,1,1,200800021811B01,7,22,1,200054781
200800021819,2008-04-07,2008,avril,lundi,17:30,75,75107,0,0,2,1,3,1,8,9,2,04,1,1,0,160,1,0,1,4,1,38,0,3,2,0,2,7,1,200800021819A01,33,1,1,200054781
200800021852,2008-04-12,2008,avril,samedi,14:30,75,75115,0,0,2,2,7,1,2,4,-1,04,2,-1,20,60,2,0,1,4,1,32,9,3,2,0,0,0,0,200800021852A01,,,,200054781
200800021857,2008-04-12,2008,avril,samedi,11:10,75,75118,0,0,2,1,2,1,1,3,-1,01,-1,-1,0,0,1,0,1,4,1,40,0,3,2,0,0,6,0,200800021857B01,32,17,1,200054781
200800021860,2008-04-12,2008,avril,samedi,20:05,75,75111,0,0,2,1,6,1,1,4,1,01,1,1,0,54,1,0,1,4,1,43,5,3,2,1,2,7,2,200800021860A01,13,2,1,200054781
200800021862,2008-04-08,2008,avril,mardi,18:50,75,75103,0,0,2,1,3,1,1,4,2,00,1,1,0,76,1,0,1,4,2,32,1,3,2,1,0,3,1,200800021862B01,7,22,1,200054781
200800021885,2008-04-10,2008,avril,jeudi,11:32,75,75104,0,0,2,1,3,1,1,4,2,02,1,1,0,148,1,0,1,4,2,45,1,3,2,1,0,1,17,200800021885B01,7,22,1,200054781
200800021887,2008-04-10,2008,avril,jeudi,19:49,75,75106,0,0,2,1,6,1,1,9,1,00,1,-1,0,30,1,0,1,4,2,65,5,3,2,0,1,3,8,200800021887A01,,,,200054781
200800021888,2008-04-10,2008,avril,jeudi,11:40,75,75107,0,0,2,1,3,1,1,4,-1,00,1,-1,0,90,1,0,1,4,2,65,0,3,2,0,0,5,14,200800021888A01,7,1,1,200054781
200800021895,2008-04-10,2008,avril,jeudi,09:50,75,75107,0,0,2,1,3,1,8,4,2,02,1,1,0,100,1,0,1,4,1,32,1,3,2,1,0,0,17,200800021895B01,7,22,1,200054781
200800021899,2008-04-10,2008,avril,jeudi,13:30,75,75117,0,0,2,1,3,1,1,4,2,00,1,-1,0,0,1,0,1,4,2,17,2,3,2,0,2,8,18,200800021899B01,14,14,1,200054781
200800021910,2008-04-13,2008,avril,dimanche,18:15,75,75104,0,0,2,1,3,1,2,4,2,04,1,1,0,135,2,0,5,4,2,23,5,3,2,1,0,1,7,200800021910B01,7,22,1,200054781
200800021932,2008-04-14,2008,avril,lundi,10:55,75,75104,0,0,2,1,6,1,1,4,-1,03,1,1,200,85,1,0,1,4,2,26,0,3,2,1,0,8,18,200800021932B01,7,22,1,200054781
200800021964,2008-04-16,2008,avril,mercredi,16:40,75,75108,0,0,2,1,2,1,1,4,1,05,1,1,0,100,9,0,1,4,1,41,1,3,2,0,2,4,2,200800021964B01,7,1,1,200054781
200800021966,2008-04-16,2008,avril,mercredi,17:35,75,75111,0,0,2,1,3,1,1,4,2,02,2,1,0,97,1,0,1,4,2,24,5,3,2,0,2,3,2,200800021966B01,32,2,1,200054781
200800021968,2008-04-16,2008,avril,mercredi,15:15,75,75112,0,0,2,1,6,1,1,4,1,01,1,1,0,70,1,0,1,4,2,47,4,3,2,1,0,1,22,200800021968B01,7,24,1,200054781
200800022004,2008-04-17,2008,avril,jeudi,07:45,75,75118,0,0,2,2,3,1,1,4,1,03,1,2,0,100,1,0,1,4,1,47,1,1,2,0,2,8,2,200800022004B01,7,15,1,200054781
200800022024,2008-04-09,2008,avril,mercredi,18:10,75,75113,0,0,2,3,3,1,1,9,1,01,1,1,0,0,1,0,1,4,2,30,1,3,2,0,0,8,1,200800022024B01,7,10,1,200054781
200800022029,2008-04-09,2008,avril,mercredi,08:00,75,75120,0,0,2,3,3,1,1,4,1,01,1,1,0,71,1,0,1,4,2,36,1,3,2,0,2,1,1,200800022029B01,7,9,1,200054781
200800022051,2008-04-15,2008,avril,mardi,18:50,75,75113,0,0,2,1,7,1,1,4,2,02,1,1,0,30,1,0,5,3,1,43,5,3,2,0,1,1,21,200800022051A01,,,,200054781
200800022053,2008-04-15,2008,avril,mardi,12:45,75,75115,0,0,2,1,6,1,8,4,1,01,2,1,0,80,1,0,1,1,1,35,1,3,2,0,1,1,1,200800022053A01,,,,200054781
200800022071,2008-04-18,2008,avril,vendredi,15:05,75,75107,0,0,2,1,2,1,1,4,1,01,1,1,0,80,1,0,1,4,1,26,9,3,9,0,2,4,2,200800022071B01,7,20,1,200054781
200800022081,2008-04-18,2008,avril,vendredi,09:00,75,75115,0,0,2,1,3,1,1,4,2,02,1,1,0,70,1,0,1,4,1,37,9,3,9,0,2,8,18,200800022081A01,7,22,1,200054781
200800022082,2008-04-18,2008,avril,vendredi,08:29,75,75115,0,0,2,2,6,1,1,4,2,00,1,1,0,56,1,0,1,1,1,25,1,3,2,0,1,3,16,200800022082A01,,,,200054781
200800022120,2008-04-20,2008,avril,dimanche,16:10,75,75114,0,0,2,1,3,1,1,4,2,04,1,1,0,172,1,0,1,4,2,11,5,3,9,0,2,1,19,200800022120B01,7,1,1,200054781
200800022121,2008-04-20,2008,avril,dimanche,16:20,75,75114,0,0,2,1,6,1,1,4,2,03,1,1,0,85,9,0,1,1,1,28,5,3,2,14,0,0,14,200800022121A01,,,,200054781
200800022124,2008-04-20,2008,avril,dimanche,00:55,75,75106,0,0,2,2,5,5,1,4,1,00,1,1,0,0,1,2,1,4,1,33,0,3,2,0,2,8,1,200800022124C01,7,16 / 7,2,200054781
200800022128,2008-04-21,2008,avril,lundi,08:45,75,75104,0,0,2,4,7,1,8,4,1,03,1,1,0,70,1,0,0,3,1,28,1,3,2,0,0,0,1,200800022128A01,,,,200054781
200800022146,2008-04-22,2008,avril,mardi,22:40,75,75112,0,0,2,1,4,1,1,4,2,01,1,-1,0,59,1,0,1,4,1,34,0,3,2,1,0,1,1,200800022146C01,7 / 38,22 / 1,2,200054781
200800022184,2008-04-24,2008,avril,jeudi,15:32,75,75108,0,0,2,1,3,1,1,4,-1,08,-1,-1,0,0,1,0,0,4,2,47,1,3,2,0,2,4,16,200800022184B01,7,1,1,200054781
200800022204,2008-04-24,2008,avril,jeudi,16:55,75,75119,0,0,2,1,4,1,1,3,3,02,1,1,0,0,1,0,1,4,1,14,5,3,2,0,0,9,17,200800022204B01,10 / 7,22 / 1,2,200054781
200800022211,2008-04-27,2008,avril,dimanche,18:00,75,75112,0,0,2,1,6,1,1,4,2,02,1,1,0,25,1,0,5,4,1,38,5,2,9,0,1,1,0,200800022211A01,,,,200054781
200800022212,2008-04-27,2008,avril,dimanche,00:10,75,75113,0,0,2,1,6,5,1,9,2,02,-1,-1,0,0,1,0,1,4,2,27,5,3,9,1,0,1,2,200800022212B01,7,0,1,200054781
200800022222,2008-04-25,2008,avril,vendredi,15:50,75,75103,0,0,2,2,3,1,1,4,1,01,1,1,0,33,1,0,1,4,1,37,0,3,2,0,2,1,1,200800022222B01,7,1,1,200054781
200800022230,2008-04-25,2008,avril,vendredi,21:30,75,75115,0,0,2,1,3,5,1,4,1,00,2,1,20,86,1,0,1,4,1,29,5,3,2,0,2,2,7,200800022230B01,7,17,1,200054781
200800022238,2008-04-19,2008,avril,samedi,13:25,75,75114,0,0,2,1,6,1,1,9,-1,02,1,-1,0,0,1,0,5,4,2,73,5,3,2,0,1,1,1,200800022238A01,,,,200054781
200800022241,2008-04-26,2008,avril,samedi,15:00,75,75106,0,0,2,2,3,1,1,4,1,01,1,1,0,57,1,0,1,4,1,44,5,3,2,0,0,0,1,200800022241A01,37,17,1,200054781
200800022246,2008-04-26,2008,avril,samedi,02:27,75,75110,0,0,2,1,7,5,1,4,1,02,1,1,0,0,1,0,1,4,2,34,5,3,2,14,0,0,1,200800022246A01,,,,200054781
200800022248,2008-04-26,2008,avril,samedi,01:25,75,75111,0,0,2,1,6,5,1,9,-1,01,1,1,0,0,1,0,1,4,1,35,5,3,2,0,0,0,2,200800022248B01,7,2,1,200054781
200800022250,2008-04-26,2008,avril,samedi,20:00,75,75113,0,0,2,2,6,1,1,4,1,01,1,-1,0,50,1,0,1,4,2,26,0,3,2,12,0,0,21,200800022250A01,,,,200054781
200800022253,2008-04-26,2008,avril,samedi,12:30,75,75117,0,0,2,1,3,1,1,4,3,02,1,1,0,120,1,0,1,4,1,30,5,3,2,1,0,1,1,200800022253A01,7,22,1,200054781
200800022270,2008-04-28,2008,avril,lundi,18:25,75,75111,0,0,2,1,3,1,2,4,2,02,2,1,0,107,2,0,1,4,2,33,5,3,2,1,0,2,1,200800022270B01,7,22,1,200054781
200800022316,2008-04-30,2008,avril,mercredi,18:30,75,75105,0,0,2,1,3,1,1,4,1,03,1,1,0,177,1,2,1,4,1,29,1,3,2,0,2,8,7,200800022316B01,37,17,1,200054781
200800022322,2008-04-30,2008,avril,mercredi,15:45,75,75114,0,0,2,3,3,1,2,4,1,01,1,1,0,40,2,0,1,4,1,9,5,3,2,0,0,1,19,200800022322A01,7,1,1,200054781
200800022654,2008-03-01,2008,mars,samedi,09:45,93,93005,0,0,2,1,3,1,1,3,2,03,1,1,0,90,1,0,1,3,2,68,5,2,2,0,0,7,1,200800022654B01,14,19,1,200054781
200800022665,2008-03-10,2008,mars,lundi,17:05,92,92012,0,0,2,1,6,1,1,4,2,02,1,1,0,150,1,0,1,1,1,50,0,3,0,1,0,1,1,200800022665A01,7,24,1,200054781
200800022690,2008-02-13,2008,février,mercredi,13:25,92,92012,0,0,2,1,6,1,1,3,-1,02,1,1,0,94,1,0,1,4,2,54,1,3,9,0,0,0,0,200800022690B01,7,0,1,200054781
200800022828,2008-04-17,2008,avril,jeudi,19:16,24,24256,0,0,2,6,3,1,1,4,-1,00,1,2,0,98,2,0,1,3,1,61,5,2,2,0,2,7,1,200800022828B01,7,1,1,200040392
200800022841,2008-04-26,2008,avril,samedi,18:40,51,51454,0,0,2,1,6,1,1,4,2,03,1,1,0,0,1,0,1,3,1,21,0,3,9,1,0,1,1,200800022841A01,7,24,1,200067213
200800022867,2008-04-02,2008,avril,mercredi,16:20,62,62617,0,0,2,1,3,1,1,3,2,02,1,1,0,97,1,0,1,4,1,45,5,1,2,0,2,3,18,200800022867A01,7,20,1,200072460
200800022943,2008-03-04,2008,mars,mardi,15:10,91,91174,0,0,2,1,3,1,2,2,-1,01,1,-1,15,60,1,6,0,4,1,12,0,2,9,0,0,0,0,200800022943A01,7,0,1,200059228
200800023027,2008-01-08,2008,janvier,mardi,10:15,93,93029,0,0,2,3,3,1,1,4,2,02,1,1,0,50,1,0,1,4,1,88,5,3,9,0,0,3,15,200800023027A01,7,1,1,200054781
200800023122,2008-05-02,2008,mai,vendredi,18:25,02,02691,0,0,2,1,6,1,1,4,2,02,1,1,0,70,1,0,1,3,1,12,5,3,9,12,0,1,1,200800023122A01,,,,200071892
200800023126,2008-05-02,2008,mai,vendredi,12:15,02,02722,0,0,2,6,3,1,1,4,2,02,1,1,0,40,1,5,1,4,2,17,2,1,2,0,2,1,1,200800023126B01,7,1,1,240200477
200800023133,2008-05-01,2008,mai,jeudi,19:20,03,03310,0,0,2,1,6,1,1,5,-1,00,1,1,0,120,1,6,1,1,1,6,5,3,2,0,1,1,1,200800023133A01,,,,200071363
200800023139,2008-05-14,2008,mai,mercredi,12:00,03,03023,0,0,2,1,7,1,1,5,2,02,1,1,0,40,1,0,1,4,2,73,5,2,2,0,2,8,13,200800023139A01,7,17,1,200071363
200800023140,2008-05-19,2008,mai,lundi,13:30,03,03023,0,0,2,2,3,1,1,2,2,03,1,1,0,100,1,5,1,4,1,16,5,2,2,0,2,1,1,200800023140A01,7,1,1,200071363
200800023150,2008-05-06,2008,mai,mardi,17:44,06,06004,0,0,2,1,3,1,1,4,2,02,2,-1,0,0,1,0,1,3,1,43,5,2,2,0,2,1,1,200800023150B01,7,15,1,240600585
200800023189,2008-05-04,2008,mai,dimanche,17:30,06,06029,0,0,1,1,3,1,1,4,2,02,2,1,0,80,1,0,1,4,1,13,0,1,9,0,2,1,0,200800023189B01,33,1,1,200039915
200800023191,2008-05-06,2008,mai,mardi,18:05,06,06029,0,0,2,2,3,1,1,4,1,01,1,1,0,70,-1,0,1,4,2,23,0,1,9,0,2,1,1,200800023191B01,7,1,1,200039915
200800023218,2008-05-31,2008,mai,samedi,17:30,06,06029,0,0,2,1,3,1,1,4,2,02,2,1,0,100,1,0,1,4,1,46,0,1,2,0,2,4,1,200800023218B01,7,0,1,200039915
200800023243,2008-05-20,2008,mai,mardi,13:45,06,06104,0,0,2,1,1,1,1,3,2,02,2,3,0,65,1,0,1,3,1,46,5,1,2,0,0,1,17,200800023243A01,7,1,1,240600551
200800023248,2008-05-02,2008,mai,vendredi,11:50,06,06088,0,0,2,1,3,1,1,4,1,01,1,1,0,0,1,0,1,4,1,48,5,3,4,0,2,0,2,200800023248B01,7,24,1,200030195
200800023291,2008-05-15,2008,mai,jeudi,16:05,06,06088,0,0,2,1,6,1,1,4,1,02,1,1,0,0,1,0,4,1,1,15,5,3,9,0,1,1,1,200800023291A01,,,,200030195
200800023361,2008-05-30,2008,mai,vendredi,16:05,10,10387,0,0,2,2,6,1,1,4,1,02,1,1,0,70,1,0,1,3,1,58,0,2,9,0,2,0,15,200800023361A01,7,1,1,200069250
200800023390,2008-05-05,2008,mai,lundi,13:30,13,13001,0,0,2,1,6,1,1,4,-1,01,-1,-1,0,0,-1,0,0,1,1,13,5,3,9,0,1,0,0,200800023390A01,,,,200054807
200800023412,2008-05-03,2008,mai,samedi,10:25,13,13054,0,0,2,6,4,1,1,3,1,00,1,1,10,30,1,0,1,4,1,58,5,1,2,0,0,4,2,200800023412B01,7,2,2,200054807
200800023439,2008-05-04,2008,mai,dimanche,21:30,13,13055,0,0,1,1,4,5,1,4,1,02,1,1,5,140,1,0,1,4,1,15,5,3,2,0,2,1,5,200800023439B01,7,1,1,200054807
200800023439,2008-05-04,2008,mai,dimanche,21:30,13,13055,0,0,1,1,4,5,1,4,1,02,1,1,5,140,1,0,1,3,1,22,5,2,2,0,2,1,5,200800023439C01,7,1,1,200054807
200800023477,2008-05-22,2008,mai,jeudi,18:00,13,13055,0,0,2,1,3,1,1,4,3,03,1,1,0,96,1,0,0,3,1,87,0,2,9,0,2,8,0,200800023477A01,7,1,1,200054807
200800023516,2008-05-23,2008,mai,vendredi,11:10,13,13055,0,0,2,3,7,1,1,4,2,01,2,1,0,80,1,0,1,4,1,51,5,2,2,0,0,0,2,200800023516B01,7,9,1,200054807
200800023519,2008-05-21,2008,mai,mercredi,13:45,13,13055,0,0,2,1,3,1,1,4,1,01,1,1,0,0,1,0,5,4,1,69,5,1,2,0,0,0,0,200800023519B01,7,16,1,200054807
200800023531,2008-05-22,2008,mai,jeudi,19:20,13,13055,0,0,2,4,3,1,1,4,2,00,2,1,0,80,1,0,1,4,1,32,1,3,2,0,2,1,1,200800023531B01,7,16,1,200054807
200800023536,2008-05-07,2008,mai,mercredi,14:40,13,13055,0,0,2,1,3,1,1,4,3,05,1,1,17,152,1,0,1,4,1,52,5,1,9,0,2,3,7,200800023536B01,7,14,1,200054807
200800023561,2008-05-24,2008,mai,samedi,15:00,13,13055,0,0,2,1,6,1,1,4,1,01,2,1,0,70,1,0,1,4,1,15,5,3,9,1,0,1,1,200800023561B01,,,,200054807
200800023641,2008-05-04,2008,mai,dimanche,11:00,14,14118,0,0,2,1,2,1,1,4,3,04,2,2,20,120,1,0,1,3,1,51,5,1,2,0,0,1,1,200800023641B01,7,4,1,200065597
200800023646,2008-05-21,2008,mai,mercredi,18:15,14,14118,0,0,2,1,3,1,1,4,3,06,1,1,20,180,1,0,1,2,1,17,5,2,2,0,2,1,11,200800023646A01,10,1,1,200065597
200800023649,2008-05-27,2008,mai,mardi,13:40,14,14118,0,0,2,3,3,1,1,4,1,03,1,1,0,105,1,0,4,4,1,16,5,3,9,0,2,1,1,200800023649B01,2,1,1,200065597
200800023652,2008-05-24,2008,mai,samedi,15:30,14,14225,0,0,2,6,3,1,1,4,2,01,1,1,0,40,1,0,0,4,1,16,5,3,9,0,0,0,1,200800023652A01,7,0,1,200065563
200800023653,2008-05-16,2008,mai,vendredi,07:53,14,14333,0,0,2,6,3,1,1,4,2,00,1,1,0,32,1,0,1,3,1,82,5,2,4,0,2,3,1,200800023653B01,30,1,1,200066827
200800023662,2008-05-20,2008,mai,mardi,17:00,15,15014,0,0,2,1,6,1,1,4,2,04,1,-1,0,0,1,0,4,1,1,17,2,3,9,0,1,1,0,200800023662A01,,,,241500230
200800023664,2008-05-06,2008,mai,mardi,18:50,17,17299,0,0,2,2,3,1,1,4,2,02,1,1,0,70,1,5,1,4,1,59,5,3,9,0,2,8,1,200800023664B01,7,19,1,200041762
200800023665,2008-05-07,2008,mai,mercredi,18:20,17,17299,0,0,2,1,7,1,1,4,2,02,1,1,0,70,1,0,1,4,1,13,5,3,9,0,0,0,1,200800023665A01,,,,200041762
200800023666,2008-05-09,2008,mai,vendredi,14:45,17,17299,0,0,2,1,7,1,1,4,2,02,1,1,0,100,1,0,4,4,2,46,5,3,9,0,0,0,1,200800023666A01,,,,200041762
200800023674,2008-05-27,2008,mai,mardi,17:10,17,17299,0,0,2,1,6,1,2,4,2,02,1,1,0,100,2,0,1,4,1,36,1,1,4,1,0,1,1,200800023674B01,7,22,1,200041762
200800023678,2008-05-06,2008,mai,mardi,12:55,17,17300,0,0,2,9,3,1,1,4,1,02,1,1,0,0,1,0,5,4,1,16,5,1,2,0,2,1,1,200800023678B01,7,16,1,241700434
200800023687,2008-05-13,2008,mai,mardi,08:45,17,17274,0,0,2,1,6,1,1,4,2,02,1,1,0,70,-1,0,1,4,1,9,2,1,2,0,2,3,13,200800023687B01,7,1,1,241700434
200800023688,2008-05-13,2008,mai,mardi,08:25,17,17028,0,0,2,7,3,1,1,4,-1,02,1,1,0,0,1,0,1,4,1,12,2,1,2,0,2,1,19,200800023688B01,7,23,1,241700434
200800023689,2008-05-13,2008,mai,mardi,09:25,17,17300,0,0,2,1,6,1,1,4,2,02,1,1,0,60,1,0,1,4,1,86,5,3,9,1,0,1,1,200800023689B01,7,22,1,241700434
200800023690,2008-05-13,2008,mai,mardi,14:15,17,17300,0,0,2,1,2,1,1,4,2,02,1,1,0,0,1,0,1,4,1,13,2,3,9,0,2,8,1,200800023690B01,7,0,1,241700434
200800023694,2008-05-15,2008,mai,jeudi,12:50,17,17300,0,0,2,1,3,1,1,4,2,00,1,1,0,0,1,0,1,4,2,16,5,1,2,0,2,1,19,200800023694A01,7,1,1,241700434
200800023698,2008-05-20,2008,mai,mardi,10:00,17,17300,0,0,2,1,2,1,1,4,1,01,1,1,0,0,2,0,1,4,1,54,9,1,9,0,2,1,17,200800023698A01,7,13,1,241700434
200800023707,2008-05-01,2008,mai,jeudi,12:10,17,17380,0,0,2,1,6,1,1,4,2,02,1,1,0,0,1,0,1,3,1,49,5,3,2,0,2,4,10,200800023707A01,33,17,1,241700640
200800023710,2008-05-06,2008,mai,mardi,15:05,17,17333,0,0,2,1,3,2,1,3,2,02,1,-1,0,0,1,0,1,4,1,73,0,3,2,0,2,5,0,200800023710B01,7,0,1,241700640
200800023727,2008-05-15,2008,mai,jeudi,20:40,17,17415,0,0,1,6,3,2,1,4,2,02,1,1,0,0,1,5,1,4,1,66,0,3,2,0,2,1,1,200800023727B01,7,1,1,200036473
200800023751,2008-05-14,2008,mai,mercredi,09:40,18,18279,0,0,2,2,3,1,1,3,2,03,1,-1,0,150,1,0,1,3,1,15,0,3,4,0,2,8,16,200800023751B01,14,16,1,200090561
200800023757,2008-05-06,2008,mai,mardi,09:50,19,19031,0,0,2,1,6,1,1,4,2,02,1,1,0,0,1,0,1,3,1,23,1,2,2,1,2,1,1,200800023757B01,7,13,1,200043172
200800023779,2008-05-03,2008,mai,samedi,21:45,21,21231,0,0,2,1,3,5,1,4,2,02,1,1,0,60,1,0,1,4,1,21,0,3,9,0,2,1,1,200800023779B01,7,1,1,242100410
200800023787,2008-05-07,2008,mai,mercredi,12:25,21,21231,0,0,2,1,1,1,1,4,2,02,1,1,0,74,1,0,1,4,1,18,2,3,9,0,2,1,17,200800023787B01,7,1,1,242100410
200800023798,2008-05-16,2008,mai,vendredi,14:19,21,21231,0,0,2,1,2,1,1,2,3,04,1,1,10,140,1,0,1,4,2,58,9,1,2,1,0,1,1,200800023798B01,7,22,1,242100410
200800023806,2008-05-29,2008,mai,jeudi,17:52,21,21231,0,0,2,3,1,1,8,4,2,02,1,1,0,84,1,5,0,4,1,26,5,1,2,0,2,1,1,200800023806B01,7,15,1,242100410
200800023823,2008-05-17,2008,mai,samedi,15:30,22,22360,0,0,2,1,7,1,2,4,2,00,-1,1,0,0,2,0,5,4,2,11,5,1,2,0,2,1,1,200800023823A01,1,1,1,200069409
200800023823,2008-05-17,2008,mai,samedi,15:30,22,22360,0,0,2,1,7,1,2,4,2,00,-1,1,0,0,2,0,5,4,1,11,5,1,2,0,0,0,1,200800023823B01,1,1,1,200069409
200800023836,2008-05-02,2008,mai,vendredi,05:20,24,24322,0,0,2,1,2,5,1,3,2,02,1,1,0,70,1,0,1,2,1,27,1,2,2,0,2,4,2,200800023836B01,7,1,1,200040392
200800023844,2008-05-30,2008,mai,vendredi,18:27,24,24322,0,0,2,4,3,1,1,4,2,02,2,1,0,60,1,0,1,4,1,20,5,2,2,0,2,1,1,200800023844A01,7,2,1,200040392
200800023859,2008-05-05,2008,mai,lundi,09:50,25,25230,0,0,2,3,3,1,1,4,2,02,1,1,0,65,1,0,1,3,2,76,3,3,9,0,2,1,1,200800023859B01,7,9,1,200065647
200800023860,2008-05-31,2008,mai,samedi,10:08,25,25462,0,0,2,3,3,1,2,4,-1,01,1,-1,0,50,2,0,1,3,2,58,5,1,2,0,2,3,1,200800023860B01,7,19,1,242500338
200800023869,2008-05-12,2008,mai,lundi,09:37,26,26362,0,0,2,6,3,1,1,4,2,02,1,2,0,0,1,0,1,4,1,48,5,2,2,0,2,1,1,200800023869B01,7,9,1,200068781
200800023870,2008-05-25,2008,mai,dimanche,11:35,26,26362,0,0,2,3,3,1,2,4,2,02,1,1,0,60,2,0,1,4,2,28,0,3,2,0,2,1,0,200800023870A01,7,16,1,200068781
200800023884,2008-05-09,2008,mai,vendredi,18:00,27,27375,0,0,2,1,1,1,1,4,2,02,2,1,0,64,1,0,1,3,1,52,5,1,2,0,2,1,13,200800023884B01,7,20,1,200089456
200800023958,2008-05-05,2008,mai,lundi,18:45,30,30189,0,0,2,2,3,1,1,4,-1,00,-1,1,0,38,1,0,1,4,1,35,0,3,2,0,2,1,1,200800023958B01,7,1,1,243000643
200800023971,2008-05-18,2008,mai,dimanche,21:43,30,30189,43.84082,4.36297,2,3,1,5,1,4,1,01,1,1,0,59,1,0,0,3,2,19,0,3,9,0,2,1,5,200800023971A01,7,15,1,243000643
200800023972,2008-05-19,2008,mai,lundi,14:15,30,30189,0,0,2,2,3,1,1,4,1,02,-1,1,0,60,1,5,1,4,1,44,0,3,2,0,2,1,1,200800023972B01,7,1,1,243000643
200800023975,2008-05-21,2008,mai,mercredi,18:27,30,30189,43.8343,4.3591,2,1,6,1,1,3,1,01,-1,2,0,300,1,0,0,4,2,38,0,3,9,14,2,0,5,200800023975A01,37,1,1,243000643
200800023983,2008-05-13,2008,mai,mardi,18:35,31,31069,0,0,2,1,3,1,1,4,2,01,1,1,0,76,1,0,1,4,2,65,1,2,4,0,2,1,5,200800023983A01,7,16,1,243100518
200800023987,2008-05-30,2008,mai,vendredi,11:20,31,31149,0,0,2,3,3,1,1,4,-1,02,1,1,0,0,1,0,1,3,1,83,5,2,2,0,2,1,1,200800023987B01,7,18,1,243100518
200800024046,2008-05-22,2008,mai,jeudi,10:00,31,31555,0,0,2,1,6,1,1,4,1,02,1,1,0,50,1,0,5,4,2,40,0,3,9,0,2,0,1,200800024046A01,,,,243100518
200800024054,2008-05-23,2008,mai,vendredi,17:50,31,31555,0,0,2,1,3,1,1,4,2,06,1,1,0,180,1,0,1,4,2,62,0,3,9,0,2,4,0,200800024054A01,33,0,1,243100518
200800024075,2008-05-28,2008,mai,mercredi,10:15,31,31555,0,0,2,1,1,1,1,4,2,04,1,1,0,140,1,0,1,4,1,59,0,3,9,0,2,4,19,200800024075B01,7,0,1,243100518
200800024088,2008-05-05,2008,mai,lundi,10:50,33,33009,0,0,2,2,3,1,2,4,2,02,-1,3,0,100,2,0,1,2,1,80,5,2,2,0,2,8,16,200800024088A01,14,1,1,243300563
200800024089,2008-05-02,2008,mai,vendredi,16:55,33,33009,0,0,2,1,2,1,1,4,2,02,1,1,0,50,1,0,1,4,2,55,5,1,2,0,0,1,1,200800024089B01,7,4,1,243300563
200800024113,2008-05-14,2008,mai,mercredi,03:05,33,33063,0,0,2,2,3,5,1,4,1,01,1,1,0,0,1,0,1,3,1,21,0,3,4,0,2,1,1,200800024113A01,7,1,1,243300316
200800024137,2008-05-19,2008,mai,lundi,08:50,33,33063,0,0,2,1,3,1,1,4,2,02,4,1,30,120,1,0,5,4,2,71,0,3,4,0,2,1,1,200800024137B01,7,16,1,243300316
200800024145,2008-05-15,2008,mai,jeudi,10:00,33,33318,0,0,2,2,3,1,1,4,3,02,1,1,0,71,1,0,1,4,1,57,0,3,4,0,0,7,14,200800024145A01,7,15,1,243300316
200800024149,2008-05-21,2008,mai,mercredi,21:20,33,33063,0,0,2,1,6,1,1,4,1,01,1,1,0,62,1,0,1,4,1,26,0,3,4,1,0,0,1,200800024149A01,,,,243300316
200800024152,2008-05-21,2008,mai,mercredi,08:20,33,33063,0,0,2,3,3,1,1,4,1,01,1,1,0,0,1,0,0,1,1,14,2,3,9,0,2,1,1,200800024152A01,7,16,1,243300316