Num_Acc,date,an,mois,jour,hrmn,dep,com,lat,long,agg,int,col,lum,atm,catr,circ,nbv,prof,plan,lartpc,larrout,surf,infra,situ,grav,sexe,age,trajet,secuexist,equipement,obs,obsm,choc,manv,vehiculeid,typevehicules,manoeuvehicules,numVehicules,_infos_commune.code_epci
200800024152,2008-05-21,2008,mai,mercredi,08:20,33,33063,0,0,2,3,3,1,1,4,1,01,1,1,0,0,1,0,0,3,1,14,0,3,9,0,2,1,1,200800024152A01,7,16,1,243300316
200800024152,2008-05-21,2008,mai,mercredi,08:20,33,33063,0,0,2,3,3,1,1,4,1,01,1,1,0,0,1,0,0,1,1,14,0,3,9,0,2,1,1,200800024152A01,7,16,1,243300316
200800024159,2008-05-24,2008,mai,samedi,11:30,33,33063,0,0,2,3,3,1,2,4,1,01,1,1,0,28,2,0,1,3,1,13,5,3,4,0,2,1,19,200800024159B01,7,15,1,243300316
200800024175,2008-05-23,2008,mai,vendredi,16:55,33,33318,0,0,2,3,1,1,2,4,2,02,1,1,0,48,2,0,5,4,1,25,0,3,4,0,2,1,1,200800024175B01,7,15,1,243300316
200800024177,2008-05-28,2008,mai,mercredi,10:15,33,33063,0,0,2,2,3,1,1,4,1,02,1,1,0,59,1,0,5,4,2,19,0,3,4,0,2,1,1,200800024177B01,33,21,1,243300316
200800024184,2008-05-29,2008,mai,jeudi,12:00,33,33063,0,0,2,5,3,1,1,4,1,01,1,1,0,0,1,0,1,3,2,81,5,3,9,0,2,1,16,200800024184B01,7,1,1,243300316
200800024186,2008-05-29,2008,mai,jeudi,17:40,33,33063,0,0,2,7,3,1,1,4,1,03,1,1,0,72,1,5,5,4,2,36,5,3,4,0,0,8,1,200800024186B01,7,16,1,243300316
200800024189,2008-05-31,2008,mai,samedi,12:30,33,33063,0,0,2,3,1,1,1,4,1,01,1,1,0,97,1,0,5,4,1,12,5,3,4,0,2,1,5,200800024189B01,7,16,1,243300316
200800024191,2008-05-30,2008,mai,vendredi,14:50,33,33063,0,0,2,1,2,1,1,4,3,02,1,1,100,121,1,0,1,3,1,21,0,3,9,0,2,1,1,200800024191B01,7,23,1,243300316
200800024201,2008-05-29,2008,mai,jeudi,13:45,33,33119,0,0,2,3,3,1,1,4,2,02,2,1,0,68,1,0,1,4,1,29,0,3,4,0,2,1,15,200800024201A01,7,15,1,243300316
200800024206,2008-05-09,2008,mai,vendredi,20:25,33,33243,0,0,2,1,3,2,8,4,-1,02,1,1,0,90,1,0,1,4,2,19,5,3,9,0,0,1,21,200800024206B01,7,22,1,200070092
200800024207,2008-05-13,2008,mai,mardi,13:45,34,34003,0,0,2,1,2,1,1,4,3,04,1,1,0,73,1,0,1,3,1,62,5,1,2,0,2,4,1,200800024207B01,7,11,1,243400819
200800024209,2008-05-30,2008,mai,vendredi,12:25,34,34003,0,0,2,1,2,1,1,4,1,01,1,2,0,89,1,0,1,3,1,32,1,3,9,0,2,4,0,200800024209B01,10,9,1,243400819
200800024244,2008-05-05,2008,mai,lundi,07:50,34,34172,0,0,2,1,6,1,1,4,2,02,2,1,0,90,1,0,1,3,1,17,2,2,4,1,2,1,1,200800024244B01,7,22,1,243400017
200800024245,2008-05-07,2008,mai,mercredi,14:05,34,34172,0,0,2,1,3,1,1,4,1,01,1,-1,0,30,1,4,1,4,1,48,0,3,9,0,2,1,1,200800024245A01,7,1,1,243400017
200800024247,2008-05-08,2008,mai,jeudi,00:29,34,34172,0,0,2,1,7,5,1,4,2,02,1,1,0,0,1,0,1,3,1,18,0,3,9,12,0,0,2,200800024247A01,,,,243400017
200800024252,2008-05-13,2008,mai,mardi,14:01,34,34172,0,0,2,1,1,1,1,4,-1,00,1,1,0,0,1,0,0,4,1,74,5,3,9,0,4,7,19,200800024252A01,40,1,1,243400017
200800024255,2008-05-15,2008,mai,jeudi,21:16,34,34172,0,0,2,2,1,5,8,4,1,02,1,1,0,60,1,5,1,4,1,15,5,3,9,0,2,5,0,200800024255A01,7,0,1,243400017
200800024261,2008-05-23,2008,mai,vendredi,09:05,34,34129,43.58575,3.91995,2,4,3,1,1,4,2,05,1,1,10,150,1,0,5,3,1,28,1,2,9,0,2,1,19,200800024261B01,7,1,1,243400017
200800024262,2008-05-24,2008,mai,samedi,00:55,34,34172,0,0,2,1,3,5,1,4,2,04,1,1,25,150,1,5,1,3,1,24,1,3,9,0,2,5,1,200800024262B01,7,1,1,243400017
200800024283,2008-05-27,2008,mai,mardi,10:00,34,34108,0,0,2,6,3,1,2,4,1,02,1,2,0,0,1,0,1,4,2,47,9,3,9,0,2,4,0,200800024283B01,7,0,1,200066355
200800024285,2008-05-02,2008,mai,vendredi,01:05,35,35238,0,0,2,2,3,5,1,4,3,02,1,1,0,0,1,5,1,4,1,42,5,3,2,0,2,0,1,200800024285B01,7,0,1,243500139
200800024288,2008-05-05,2008,mai,lundi,09:15,35,35238,0,0,2,9,7,1,2,4,-1,00,-1,-1,0,0,2,3,1,4,2,35,1,2,2,0,0,0,1,200800024288A01,,,,243500139
200800024290,2008-05-05,2008,mai,lundi,13:40,35,35238,0,0,2,3,3,1,8,2,3,04,1,1,0,0,1,0,1,4,2,50,1,3,9,0,2,0,16,200800024290B01,7,15,1,243500139
200800024291,2008-05-07,2008,mai,mercredi,07:45,35,35278,0,0,2,2,1,1,1,4,2,02,2,1,0,0,1,0,1,4,1,44,1,3,9,0,2,6,1,200800024291B01,7,19,1,243500139
200800024292,2008-05-08,2008,mai,jeudi,02:24,35,35238,0,0,2,2,3,5,1,4,2,02,2,1,0,0,1,0,0,1,1,31,5,3,2,0,2,1,16,200800024292A01,1,1,1,243500139
200800024292,2008-05-08,2008,mai,jeudi,02:24,35,35238,0,0,2,2,3,5,1,4,2,02,2,1,0,0,1,0,0,2,1,39,5,3,2,0,2,2,1,200800024292B01,1,16,1,243500139
200800024295,2008-05-12,2008,mai,lundi,20:00,35,35238,0,0,2,3,3,1,1,4,1,01,1,1,0,0,1,0,1,3,2,59,5,3,9,0,0,0,0,200800024295B01,7,1,1,243500139
200800024305,2008-05-20,2008,mai,mardi,08:30,35,35238,0,0,2,1,6,1,1,4,-1,00,-1,-1,0,0,-1,6,1,3,1,38,2,3,2,14,0,1,0,200800024305A01,,,,243500139
200800024310,2008-05-21,2008,mai,mercredi,14:10,35,35238,0,0,2,3,6,1,1,3,2,03,1,1,0,90,1,0,0,4,1,55,5,3,2,1,0,1,16,200800024310A01,,,,243500139
200800024312,2008-05-23,2008,mai,vendredi,08:45,35,35238,0,0,2,6,3,1,1,4,2,02,2,-1,0,0,1,0,1,4,1,33,1,1,2,0,2,1,1,200800024312B01,7,1,1,243500139
200800024317,2008-05-24,2008,mai,samedi,10:30,35,35238,0,0,2,1,3,1,3,4,2,02,1,1,0,0,2,0,1,4,1,14,5,3,2,0,2,1,1,200800024317A01,7,1,1,243500139
200800024322,2008-05-28,2008,mai,mercredi,16:45,35,35238,0,0,2,7,3,1,1,4,4,00,1,1,0,0,1,0,1,4,1,14,5,2,2,0,2,4,19,200800024322A01,7,16,1,243500139
200800024323,2008-05-28,2008,mai,mercredi,16:10,35,35238,0,0,2,6,3,1,1,4,2,00,1,-1,0,0,1,0,1,4,2,63,5,3,9,0,2,0,1,200800024323B01,7,12,1,243500139
200800024335,2008-05-06,2008,mai,mardi,08:05,36,36044,0,0,2,3,3,1,1,4,2,02,1,1,0,51,1,0,1,3,1,12,2,2,2,0,0,1,1,200800024335A01,7,1,1,243600327
200800024344,2008-05-24,2008,mai,samedi,16:35,36,36044,0,0,2,1,3,1,1,3,2,01,1,2,0,0,1,5,1,3,2,47,5,1,2,0,2,1,1,200800024344A01,7,16,1,243600327
200800024361,2008-05-14,2008,mai,mercredi,08:10,38,38185,0,0,2,1,3,1,1,4,2,02,1,1,0,90,1,0,1,4,1,51,1,3,9,0,2,3,1,200800024361B01,37,14,1,200040715
200800024366,2008-05-17,2008,mai,samedi,11:25,38,38185,0,0,2,1,6,1,2,4,2,02,1,1,0,70,2,0,5,1,1,43,0,3,9,0,1,1,1,200800024366A01,,,,200040715
200800024367,2008-05-17,2008,mai,samedi,12:15,38,38185,0,0,2,2,3,1,2,4,1,01,1,1,0,47,2,0,1,4,1,20,0,3,9,0,2,1,1,200800024367B01,7,1,1,200040715
200800024369,2008-05-19,2008,mai,lundi,22:27,38,38185,0,0,2,1,6,5,1,4,1,01,1,2,0,40,1,0,1,4,2,42,0,3,9,0,2,1,1,200800024369B01,7,22,1,200040715
200800024370,2008-05-20,2008,mai,mardi,12:15,38,38185,0,0,2,2,3,1,1,4,2,02,1,1,0,100,1,0,5,4,1,29,0,3,9,0,2,1,1,200800024370B01,7,1,1,200040715
200800024375,2008-05-23,2008,mai,vendredi,19:05,38,38421,0,0,2,1,3,1,1,4,2,02,1,-1,0,66,1,0,1,4,1,31,9,3,9,0,2,6,0,200800024375B01,31,1,1,200040715
200800024378,2008-05-27,2008,mai,mardi,08:00,38,38185,0,0,2,1,6,1,2,4,2,02,1,1,0,138,2,0,1,3,2,29,1,3,9,0,1,7,1,200800024378A01,,,,200040715
200800024393,2008-05-06,2008,mai,mardi,15:40,40,40281,0,0,1,1,2,1,1,2,2,01,1,1,0,74,1,0,1,3,1,52,5,2,2,0,2,4,1,200800024393B01,14,17,1,244000808
200800024404,2008-05-20,2008,mai,mardi,08:20,41,41018,0,0,1,1,3,1,1,4,-1,00,1,1,0,0,1,0,4,4,2,39,9,3,9,0,2,1,1,200800024404B01,7,1,1,200030385
200800024410,2008-05-07,2008,mai,mercredi,14:55,42,42031,45.24579,4.14201,1,1,2,1,1,3,2,02,2,1,0,60,1,0,1,4,1,76,5,1,2,0,2,4,2,200800024410B01,7,2,1,244200770
200800024412,2008-05-14,2008,mai,mercredi,17:10,42,42044,45.23671,4.179,2,1,3,1,1,4,2,02,1,1,0,45,1,0,1,4,1,10,5,2,2,0,2,1,0,200800024412A01,7,0,1,244200770
200800024419,2008-05-23,2008,mai,vendredi,21:45,42,42187,0,0,2,1,5,5,1,4,1,01,1,1,0,68,1,0,1,3,1,28,5,1,2,0,2,1,1,200800024419B01,30,1,1,200035731
200800024419,2008-05-23,2008,mai,vendredi,21:45,42,42187,0,0,2,1,5,5,1,4,1,01,1,1,0,68,1,0,1,3,1,31,5,1,2,0,2,1,1,200800024419C01,30,1,1,200035731
200800024426,2008-05-06,2008,mai,mardi,17:42,42,42218,45.26389,4.24137,2,1,3,1,1,4,1,01,1,1,0,0,1,0,4,4,1,66,5,2,2,15,2,1,1,200800024426A01,7,1,1,244200770
200800024445,2008-05-08,2008,mai,jeudi,10:50,44,44135,0,0,2,4,1,1,2,4,1,01,1,1,0,40,2,0,1,4,1,42,5,1,2,0,2,1,1,200800024445A01,7,15,1,244400610
200800024446,2008-05-11,2008,mai,dimanche,11:20,44,44055,0,0,2,1,3,1,1,4,1,00,1,1,0,47,1,0,1,4,2,75,5,2,2,1,0,1,1,200800024446B01,7,24,1,244400610
200800024459,2008-05-13,2008,mai,mardi,07:05,44,44109,0,0,2,2,3,1,1,4,2,02,1,1,0,0,1,5,1,3,1,38,1,3,9,0,2,0,1,200800024459B01,7,16,1,244400404
200800024520,2008-05-08,2008,mai,jeudi,13:00,45,45234,0,0,2,1,6,1,1,4,-1,00,1,1,0,71,1,0,1,4,1,61,0,3,2,0,0,7,0,200800024520B01,7,22,1,244500468
200800024530,2008-05-23,2008,mai,vendredi,14:40,45,45285,0,0,2,1,3,1,1,4,2,02,1,1,0,50,1,0,1,4,1,10,5,2,2,0,2,1,19,200800024530A01,7,1,1,244500468
200800024530,2008-05-23,2008,mai,vendredi,14:40,45,45285,0,0,2,1,3,1,1,4,2,02,1,1,0,50,1,0,1,4,2,7,0,2,2,0,2,1,19,200800024530A01,7,1,1,244500468
200800024540,2008-05-30,2008,mai,vendredi,13:30,45,45285,0,0,2,3,3,1,1,3,2,02,1,1,0,60,1,0,1,4,1,54,5,3,2,0,2,1,1,200800024540A01,7,15,1,244500468
200800024542,2008-05-30,2008,mai,vendredi,13:05,45,45285,0,0,2,3,3,1,1,4,2,02,1,1,0,0,1,0,1,4,1,54,0,3,2,0,2,0,0,200800024542A01,7,0,1,244500468
200800024554,2008-05-03,2008,mai,samedi,11:40,49,49007,0,0,2,1,7,1,1,4,2,02,1,1,0,120,1,0,1,4,1,5,0,2,2,0,2,1,19,200800024554B01,7,0,1,244900015
200800024555,2008-05-03,2008,mai,samedi,16:05,49,49007,0,0,2,1,1,1,1,4,1,01,1,1,0,35,1,0,1,4,1,14,0,2,2,0,2,3,0,200800024555A01,7,0,1,244900015
200800024557,2008-05-07,2008,mai,mercredi,15:21,49,49007,0,0,2,6,3,1,1,4,1,01,1,1,0,60,1,5,1,4,2,29,5,3,2,0,2,7,0,200800024557B01,7,9,1,244900015
200800024558,2008-05-07,2008,mai,mercredi,19:46,49,49007,0,0,2,1,7,1,1,4,2,02,1,1,0,120,1,0,5,4,2,21,5,3,2,0,0,0,1,200800024558A01,,,,244900015
200800024561,2008-05-08,2008,mai,jeudi,23:13,49,49007,0,0,2,1,7,5,2,4,-1,02,1,1,0,0,-1,0,0,4,1,17,5,2,2,0,0,0,0,200800024561A01,,,,244900015
200800024562,2008-05-09,2008,mai,vendredi,10:44,49,49246,0,0,2,1,7,1,1,4,-1,01,1,1,0,0,1,0,1,4,2,42,5,2,2,0,0,0,0,200800024562A01,,,,244900015
200800024570,2008-05-13,2008,mai,mardi,17:10,49,49007,0,0,2,1,7,1,1,4,2,02,1,1,0,0,1,0,1,4,1,13,5,2,2,0,2,1,0,200800024570B01,13,2,1,244900015
200800024576,2008-05-17,2008,mai,samedi,18:56,49,49007,0,0,2,1,3,1,1,4,2,02,1,1,0,60,1,0,1,4,1,12,5,3,4,0,2,1,19,200800024576A01,7,1,1,244900015
200800024582,2008-05-21,2008,mai,mercredi,09:45,49,49007,0,0,2,6,5,1,1,4,2,05,1,1,10,152,1,5,1,3,2,23,1,2,2,0,2,1,2,200800024582C01,14 / 7,2,2,244900015
200800024587,2008-05-22,2008,mai,jeudi,18:09,49,49007,0,0,2,1,7,1,1,4,1,01,1,2,0,40,1,0,1,4,2,35,5,3,2,0,0,0,1,200800024587A01,,,,244900015
200800024589,2008-05-23,2008,mai,vendredi,12:49,49,49267,0,0,2,1,7,1,1,4,2,02,1,1,0,60,1,0,1,4,2,52,1,3,2,0,0,2,1,200800024589A01,,,,244900015
200800024592,2008-05-26,2008,mai,lundi,08:18,49,49007,0,0,2,1,7,1,2,4,2,02,1,1,0,62,2,0,1,4,2,15,1,3,9,0,0,0,1,200800024592A01,,,,244900015
200800024601,2008-05-29,2008,mai,jeudi,08:46,49,49007,0,0,2,1,7,1,1,4,2,02,1,1,0,55,1,0,1,4,1,21,1,3,2,0,0,0,1,200800024601A01,,,,244900015
200800024605,2008-05-19,2008,mai,lundi,19:20,49,49099,0,0,1,3,3,1,1,4,2,02,1,1,0,0,1,0,1,4,1,15,5,3,2,0,2,1,15,200800024605A01,7,1,1,200071678
200800024608,2008-05-26,2008,mai,lundi,17:10,49,49099,0,0,2,1,3,1,1,3,3,02,1,1,0,0,1,0,0,4,1,13,0,3,2,0,2,8,19,200800024608A01,7,1,1,200071678
200800024611,2008-05-01,2008,mai,jeudi,11:00,49,49328,0,0,2,6,2,1,1,4,2,02,1,1,20,160,1,0,1,4,1,53,5,3,9,0,2,1,2,200800024611A01,7,1,1,200071876
200800024616,2008-05-03,2008,mai,samedi,22:55,50,50129,0,0,2,1,2,5,1,3,2,03,1,1,0,90,1,0,1,4,2,19,5,3,2,0,2,4,1,200800024616A01,7,17,1,200067205
200800024640,2008-05-13,2008,mai,mardi,09:10,51,51454,0,0,2,1,3,1,1,4,1,03,1,1,0,0,1,5,1,3,1,51,1,3,9,0,2,8,13,200800024640B01,10,17,1,200067213
200800024661,2008-05-09,2008,mai,vendredi,10:05,54,54357,0,0,2,3,3,1,1,4,2,01,2,1,0,0,1,0,0,4,2,24,5,3,2,0,2,1,9,200800024661A01,7,1,1,245400676
200800024669,2008-05-14,2008,mai,mercredi,18:13,54,54395,0,0,2,1,5,1,8,4,2,02,1,1,0,0,1,0,0,4,2,22,5,2,2,0,2,1,1,200800024669A01,40,1,1,245400676
200800024669,2008-05-14,2008,mai,mercredi,18:13,54,54395,0,0,2,1,5,1,8,4,2,02,1,1,0,0,1,0,0,4,1,20,5,1,2,0,2,1,1,200800024669B01,40,1,1,245400676
200800024677,2008-05-27,2008,mai,mardi,13:50,54,54395,0,0,2,1,1,1,1,4,2,01,2,1,0,0,1,0,1,4,1,42,5,1,2,0,2,1,5,200800024677A01,7,1,1,245400676
200800024679,2008-05-30,2008,mai,vendredi,01:00,54,54395,0,0,2,1,6,5,3,4,-1,01,1,1,0,0,2,0,1,1,1,31,5,2,2,0,1,1,1,200800024679A01,,,,245400676
200800024680,2008-05-31,2008,mai,samedi,18:28,54,54395,0,0,2,2,6,1,1,4,2,02,2,1,0,0,1,0,1,4,1,15,5,3,9,0,1,1,1,200800024680A01,,,,245400676
200800024696,2008-05-06,2008,mai,mardi,09:00,56,56121,0,0,2,6,3,1,1,9,2,02,2,1,0,0,1,0,0,4,2,56,0,3,9,0,2,1,1,200800024696B01,7,1,1,200042174
200800024723,2008-05-30,2008,mai,vendredi,15:15,56,56107,0,0,1,1,3,1,1,3,2,00,1,1,0,0,1,3,1,3,1,24,5,3,9,0,2,1,1,200800024723A01,7,9,1,200042174
200800024725,2008-05-01,2008,mai,jeudi,19:20,56,56260,0,0,2,1,3,1,1,4,2,02,1,1,0,57,1,0,1,4,1,7,5,2,2,0,2,1,19,200800024725A01,7,1,1,200067932
200800024747,2008-05-16,2008,mai,vendredi,11:25,57,57447,0,0,2,3,6,1,1,3,2,03,1,1,0,0,1,0,1,4,1,46,5,1,2,0,2,9,1,200800024747B01,7,15,1,200039865
200800024775,2008-05-10,2008,mai,samedi,14:40,58,58194,0,0,2,1,2,1,1,4,2,02,1,1,0,0,1,0,1,4,1,49,0,1,2,0,2,1,2,200800024775A01,7,23,1,245804406
200800024784,2008-05-01,2008,mai,jeudi,22:45,59,59122,0,0,2,1,2,3,2,4,2,01,1,1,0,64,2,0,1,3,1,16,0,2,9,0,0,4,2,200800024784B01,7,2,1,200068500
200800024787,2008-05-14,2008,mai,mercredi,14:20,59,59205,0,0,2,9,1,1,1,4,2,02,1,1,0,70,1,0,1,3,1,9,0,3,9,0,0,1,1,200800024787A01,7,1,1,200042190
200800024813,2008-05-02,2008,mai,vendredi,18:35,59,59378,0,0,2,3,3,1,1,4,1,01,1,1,0,30,1,0,1,4,1,64,5,1,2,0,2,1,1,200800024813B01,7,15,1,200093201
200800024832,2008-05-11,2008,mai,dimanche,12:10,59,59368,0,0,1,1,3,1,1,4,2,02,1,1,0,59,1,0,1,4,1,8,5,2,4,0,2,1,1,200800024832A01,7,1,1,200093201
200800024838,2008-05-14,2008,mai,mercredi,14:30,59,59368,0,0,2,1,3,1,1,4,2,02,1,1,0,94,1,0,1,4,1,15,9,3,2,1,0,1,1,200800024838B01,7,24,1,200093201
200800024840,2008-05-15,2008,mai,jeudi,15:00,59,59350,0,0,2,2,3,1,1,4,1,01,1,1,0,30,1,0,0,4,1,27,2,2,2,0,2,1,1,200800024840A01,10,1,1,200093201
200800024845,2008-05-17,2008,mai,samedi,17:00,59,59648,0,0,2,1,3,1,1,4,3,02,1,1,20,60,1,0,1,4,2,37,0,1,2,0,2,0,1,200800024845A01,7,13,1,200093201
200800024850,2008-05-20,2008,mai,mardi,13:15,59,59410,0,0,2,1,3,1,1,4,1,01,1,1,0,35,1,0,1,4,1,16,2,1,4,0,2,8,1,200800024850B01,10,1,1,200093201
200800024856,2008-05-22,2008,mai,jeudi,17:30,59,59378,0,0,2,2,3,1,1,2,3,06,1,1,0,200,2,0,1,4,1,15,2,1,2,0,2,1,1,200800024856A01,7,1,1,200093201
200800024858,2008-05-22,2008,mai,jeudi,18:20,59,59410,0,0,2,1,3,1,1,4,2,02,1,1,0,108,2,0,1,4,1,43,1,3,4,0,2,1,1,200800024858B01,7,15,1,200093201
200800024868,2008-05-26,2008,mai,lundi,17:00,59,59350,0,0,2,1,6,1,1,4,3,04,1,1,0,0,1,0,5,4,1,32,0,2,2,0,2,3,1,200800024868B01,7,15,1,200093201
200800024878,2008-05-30,2008,mai,vendredi,17:30,59,59350,0,0,2,1,6,1,1,4,2,02,1,1,0,0,1,0,1,4,2,23,5,1,9,0,2,1,1,200800024878B01,7,19,1,200093201
200800024884,2008-05-12,2008,mai,lundi,08:30,59,59512,0,0,1,1,3,1,1,4,3,02,1,1,0,0,1,0,1,3,1,30,4,3,2,0,2,9,1,200800024884B01,30,10,1,200093201
200800024887,2008-05-06,2008,mai,mardi,08:45,59,59512,0,0,1,7,3,1,1,4,2,02,1,2,0,0,1,0,1,3,2,17,2,3,9,0,2,0,16,200800024887B01,7,15,1,200093201
200800024893,2008-05-07,2008,mai,mercredi,15:00,59,59512,0,0,1,1,3,1,1,4,2,02,1,1,0,0,1,0,1,3,2,13,5,3,2,0,2,4,19,200800024893B01,7,1,1,200093201
200800024896,2008-05-10,2008,mai,samedi,16:30,59,59163,0,0,1,3,3,1,1,4,2,02,1,1,0,0,1,0,1,3,1,34,9,3,2,14,2,4,15,200800024896A01,33,1,1,200093201
200800024900,2008-05-01,2008,mai,jeudi,15:35,59,59512,0,0,1,2,3,1,2,4,2,02,1,1,0,0,2,0,1,3,1,16,9,3,2,0,2,1,1,200800024900A01,7,16,1,200093201
200800024905,2008-05-13,2008,mai,mardi,19:10,59,59512,0,0,1,1,3,1,1,4,2,02,1,1,0,0,1,0,1,3,1,15,5,3,2,0,2,9,19,200800024905B01,7,1,1,200093201
200800024923,2008-05-02,2008,mai,vendredi,08:00,59,59599,0,0,2,3,3,1,1,4,2,02,1,1,0,0,1,0,1,3,2,59,1,3,9,0,2,1,2,200800024923B01,7,15,1,200093201
200800024928,2008-05-13,2008,mai,mardi,16:00,59,59599,0,0,2,3,6,1,1,4,1,00,-1,-1,0,0,-1,0,0,1,1,24,9,2,9,0,0,1,16,200800024928A01,,,,200093201
200800024937,2008-05-07,2008,mai,mercredi,18:30,59,59369,0,0,1,2,3,1,1,3,2,02,1,1,0,113,1,0,1,3,1,34,5,3,9,0,2,7,6,200800024937A01,31,1,1,245901160
200800024961,2008-05-06,2008,mai,mardi,12:00,61,61006,0,0,2,1,6,1,1,2,-1,00,1,-1,0,0,1,0,4,3,1,61,3,3,9,0,9,8,2,200800024961A01,,,,200068450
200800024969,2008-05-04,2008,mai,dimanche,12:15,62,62570,0,0,2,3,3,1,7,2,1,01,1,1,0,0,1,0,1,4,1,51,5,2,2,0,2,0,1,200800024969B01,7,15,1,246200364
200800024997,2008-05-16,2008,mai,vendredi,15:05,62,62413,0,0,2,9,3,1,1,4,2,02,1,1,0,79,1,0,1,3,2,12,5,3,9,0,2,8,19,200800024997B01,30,17,1,246200364
200800025003,2008-05-15,2008,mai,jeudi,17:20,62,62351,0,0,2,3,3,1,3,3,2,03,1,1,0,32,1,0,1,4,2,17,5,2,4,0,1,1,15,200800025003A01,7,1,1,246200364
200800025063,2008-05-20,2008,mai,mardi,14:50,63,63113,0,0,2,1,1,1,1,4,3,05,1,1,30,170,1,0,1,4,2,21,0,3,2,0,2,1,5,200800025063A01,7,16,1,246300701
200800025084,2008-05-08,2008,mai,jeudi,11:08,64,64140,0,0,2,3,3,1,1,4,2,02,1,1,0,60,1,0,1,4,1,55,5,1,2,0,2,1,1,200800025084B01,2,9,1,200067106
200800025086,2008-05-11,2008,mai,dimanche,00:45,64,64102,0,0,2,1,3,5,1,4,3,04,3,1,0,60,1,0,1,1,1,16,5,3,9,0,2,1,5,200800025086B01,7,0,1,200067106
200800025086,2008-05-11,2008,mai,dimanche,00:45,64,64102,0,0,2,1,3,5,1,4,3,04,3,1,0,60,1,0,1,4,1,17,0,3,9,0,2,1,5,200800025086B01,7,0,1,200067106
200800025090,2008-05-21,2008,mai,mercredi,13:35,64,64102,0,0,2,1,7,1,1,5,-1,01,1,-1,0,100,1,0,0,4,1,9,5,2,2,0,2,1,9,200800025090B01,10,4,1,200067106
200800025091,2008-05-22,2008,mai,jeudi,10:40,64,64102,0,0,2,3,7,1,1,4,2,02,1,1,0,60,1,0,0,3,2,56,5,3,9,0,0,1,1,200800025091A01,,,,200067106
200800025103,2008-05-01,2008,mai,jeudi,09:10,64,64445,0,0,2,3,3,1,1,4,2,02,1,1,10,65,1,0,0,3,1,61,0,2,2,0,2,1,0,200800025103B01,7,15,1,200067254
200800025107,2008-05-05,2008,mai,lundi,16:00,64,64445,0,0,2,1,3,1,1,4,2,02,1,1,0,82,1,0,1,3,2,38,0,3,2,0,2,4,1,200800025107B01,7,14,1,200067254
200800025118,2008-05-16,2008,mai,vendredi,14:25,64,64445,0,0,2,1,3,1,2,4,1,01,1,2,0,88,2,0,1,4,1,30,9,2,2,0,2,1,1,200800025118B01,7,16,1,200067254
200800025176,2008-05-03,2008,mai,samedi,09:55,67,67482,0,0,2,3,1,1,1,4,2,02,1,1,0,51,1,0,0,4,1,51,0,3,9,0,2,1,1,200800025176B01,7,1,1,246700488
200800025178,2008-05-03,2008,mai,samedi,17:15,67,67482,0,0,2,1,1,1,1,4,1,01,1,1,0,45,1,0,1,1,1,19,0,3,9,0,2,1,1,200800025178B01,30,13,1,246700488
200800025181,2008-05-05,2008,mai,lundi,16:10,67,67043,0,0,2,2,3,1,1,4,1,01,1,1,0,75,1,0,1,4,1,43,1,3,9,0,2,8,15,200800025181B01,7,17,1,246700488
200800025183,2008-05-06,2008,mai,mardi,09:00,67,67482,0,0,2,1,3,1,1,4,1,30,1,1,30,150,1,0,1,4,1,30,5,3,9,0,2,7,19,200800025183B01,7,1,1,246700488
200800025185,2008-05-06,2008,mai,mardi,18:00,67,67482,0,0,2,1,3,1,1,4,3,04,1,1,80,60,1,0,1,4,2,21,1,1,9,1,0,1,1,200800025185B01,7,22,1,246700488
200800025186,2008-05-07,2008,mai,mercredi,15:00,67,67482,0,0,2,3,3,1,1,4,1,02,1,1,0,60,1,0,5,4,1,36,5,2,9,0,2,8,1,200800025186B01,7,1,1,246700488
200800025196,2008-05-13,2008,mai,mardi,16:05,67,67447,0,0,2,1,2,1,1,4,2,02,1,1,0,100,1,0,1,4,2,60,5,2,2,0,2,4,1,200800025196B01,7,1,1,246700488
200800025197,2008-05-13,2008,mai,mardi,19:25,67,67043,0,0,2,3,3,1,1,4,1,01,1,1,0,50,1,0,0,4,2,46,1,1,2,0,2,7,1,200800025197B01,7,16,1,246700488
200800025201,2008-05-15,2008,mai,jeudi,12:15,67,67482,0,0,2,1,1,1,8,4,2,01,1,1,0,250,1,6,1,4,2,25,0,3,9,0,2,1,1,200800025201B01,1,0,1,246700488
200800025202,2008-05-15,2008,mai,jeudi,17:10,67,67482,0,0,2,1,6,1,1,4,2,04,1,1,20,63,1,0,5,1,1,19,5,3,9,0,1,1,1,200800025202A01,,,,246700488
200800025205,2008-05-15,2008,mai,jeudi,18:55,67,67482,0,0,2,4,3,1,3,4,2,02,1,1,0,66,2,0,1,4,2,30,1,3,9,0,2,1,1,200800025205A01,7,16,1,246700488
200800025206,2008-05-16,2008,mai,vendredi,06:40,67,67043,0,0,2,3,3,1,1,4,1,02,1,1,0,50,1,0,5,4,1,33,1,3,9,0,2,8,1,200800025206B01,7,16,1,246700488
200800025207,2008-05-16,2008,mai,vendredi,12:10,67,67218,0,0,2,3,3,1,1,4,3,02,1,1,0,60,1,0,1,4,2,68,0,3,9,0,2,1,1,200800025207B01,10,16,1,246700488
200800025208,2008-05-16,2008,mai,vendredi,17:20,67,67447,0,0,2,2,3,1,8,4,1,01,1,1,0,53,1,0,1,4,1,11,0,3,9,0,2,1,1,200800025208B01,7,16,1,246700488
200800025209,2008-05-16,2008,mai,vendredi,22:15,67,67482,0,0,2,1,6,5,1,4,2,04,1,1,0,138,1,0,1,4,2,33,0,3,9,1,0,1,1,200800025209A01,,,,246700488
200800025211,2008-05-18,2008,mai,dimanche,13:30,67,67482,0,0,2,2,3,1,2,4,2,04,2,1,0,120,2,0,1,4,2,64,5,3,9,0,2,1,1,200800025211B01,20,24,1,246700488
200800025212,2008-05-18,2008,mai,dimanche,17:40,67,67482,0,0,2,1,3,1,2,4,2,02,1,1,0,80,2,0,1,4,1,62,5,3,9,0,2,8,1,200800025212B01,7,1,1,246700488