Num_Acc,date,an,mois,jour,hrmn,dep,com,lat,long,agg,int,col,lum,atm,catr,circ,nbv,prof,plan,lartpc,larrout,surf,infra,situ,grav,sexe,age,trajet,secuexist,equipement,obs,obsm,choc,manv,vehiculeid,typevehicules,manoeuvehicules,numVehicules,_infos_commune.code_epci
200800025215,2008-05-20,2008,mai,mardi,12:15,67,67482,0,0,2,2,3,1,1,4,3,04,1,1,20,180,1,0,1,4,1,34,0,1,2,0,2,1,1,200800025215A01,7,1,1,246700488
200800025217,2008-05-21,2008,mai,mercredi,17:55,67,67482,0,0,1,3,3,1,1,4,2,04,1,1,0,159,1,0,1,4,1,45,5,3,9,0,2,7,19,200800025217A01,40,1,1,246700488
200800025220,2008-05-22,2008,mai,jeudi,14:25,67,67482,0,0,2,1,3,1,1,4,1,02,1,1,10,139,1,0,4,4,1,32,3,3,9,0,2,1,1,200800025220A01,7,1,1,246700488
200800025222,2008-05-23,2008,mai,vendredi,14:50,67,67447,0,0,2,2,3,1,1,4,2,02,1,1,0,80,1,0,1,4,1,18,5,3,9,0,4,5,0,200800025222B01,40,1,1,246700488
200800025232,2008-05-27,2008,mai,mardi,18:35,67,67482,0,0,2,1,3,1,1,4,2,04,1,1,80,80,1,0,1,4,2,20,5,3,9,0,2,1,19,200800025232B01,7,15,1,246700488
200800025235,2008-05-30,2008,mai,vendredi,09:30,67,67482,0,0,2,1,2,1,1,4,1,01,1,1,10,27,1,0,1,4,1,78,0,3,9,0,2,1,1,200800025235B01,10,4,1,246700488
200800025237,2008-05-31,2008,mai,samedi,11:35,67,67482,0,0,2,3,6,1,1,4,1,01,1,1,0,150,1,0,1,1,1,62,0,3,9,0,1,1,1,200800025237A01,,,,246700488
200800025240,2008-05-31,2008,mai,samedi,18:45,67,67482,0,0,2,1,3,1,1,4,2,03,1,1,0,110,1,0,1,4,2,48,9,3,2,0,2,2,19,200800025240B01,7,1,1,246700488
200800025241,2008-05-02,2008,mai,vendredi,16:42,68,68066,0,0,2,3,3,1,1,4,2,02,1,1,0,62,1,0,0,3,1,37,5,2,2,0,2,7,1,200800025241B01,7,1,1,246800726
200800025243,2008-05-09,2008,mai,vendredi,21:00,68,68066,0,0,2,1,3,1,1,4,2,01,1,1,0,60,1,0,1,4,1,9,5,2,2,0,0,1,5,200800025243B01,7,16,1,246800726
200800025246,2008-05-20,2008,mai,mardi,13:15,68,68066,0,0,2,1,3,1,1,4,2,02,1,1,0,120,1,4,4,4,2,24,5,2,2,0,2,1,1,200800025246B01,7,1,1,246800726
200800025249,2008-05-30,2008,mai,vendredi,12:12,68,68066,0,0,2,2,3,1,1,4,2,04,1,1,0,112,1,0,0,4,1,21,1,2,2,0,2,1,19,200800025249B01,7,16,1,246800726
200800025265,2008-05-23,2008,mai,vendredi,10:30,68,68224,0,0,2,9,3,1,1,3,2,02,1,1,0,86,1,0,5,4,1,14,0,2,9,0,2,1,0,200800025265A01,7,9,1,200066009
200800025315,2008-05-26,2008,mai,lundi,17:55,69,69266,0,0,2,1,3,1,2,4,1,01,1,-1,0,0,2,0,1,4,2,52,1,3,9,0,2,1,1,200800025315B01,7,9,1,200046977
200800025323,2008-05-21,2008,mai,mercredi,13:40,69,69290,0,0,2,1,2,1,1,4,2,02,2,1,0,68,1,0,1,4,1,54,0,3,9,0,2,1,21,200800025323A01,7,23,1,200046977
200800025325,2008-05-22,2008,mai,jeudi,07:35,69,69290,0,0,2,2,3,1,1,4,2,03,1,1,0,119,1,0,1,4,1,52,1,1,9,0,2,1,1,200800025325A01,7,1,1,200046977
200800025326,2008-05-23,2008,mai,vendredi,07:50,69,69290,0,0,2,1,5,1,1,4,3,01,2,1,15,65,1,0,1,4,1,40,0,3,4,0,2,1,1,200800025326B01,7,16 / 23,2,200046977
200800025331,2008-05-28,2008,mai,mercredi,14:00,71,71076,0,0,2,1,1,1,1,4,2,02,1,2,0,0,1,0,1,3,1,18,0,2,9,1,0,3,19,200800025331A01,7,1,1,247100589
200800025364,2008-05-30,2008,mai,vendredi,12:40,73,73065,0,0,2,6,2,1,1,4,-1,02,1,1,0,0,1,0,1,4,1,19,0,3,9,0,2,1,2,200800025364B01,7,4,1,200069110
200800025367,2008-05-14,2008,mai,mercredi,14:10,74,74010,0,0,2,6,6,1,1,4,2,02,4,1,0,70,1,0,0,3,1,58,9,3,2,0,2,1,1,200800025367A01,7,23,1,200066793
200800025374,2008-05-29,2008,mai,jeudi,19:10,74,74010,0,0,2,3,6,1,1,4,2,02,1,1,0,0,1,0,0,4,1,52,5,3,2,0,0,4,1,200800025374B01,7,15,1,200066793
200800025380,2008-05-13,2008,mai,mardi,20:00,74,74281,0,0,2,1,6,1,1,3,2,04,1,1,0,100,1,0,5,4,1,28,5,2,2,0,2,1,1,200800025380B01,,,,200067551
200800025381,2008-05-18,2008,mai,dimanche,11:00,74,74281,0,0,2,1,7,1,1,4,2,02,4,-1,0,0,1,0,1,3,2,61,5,3,2,0,0,0,1,200800025381A01,,,,200067551
200800025382,2008-05-12,2008,mai,lundi,11:55,74,74281,0,0,2,6,2,1,1,4,1,01,1,1,0,40,1,0,1,4,2,41,5,2,2,0,2,4,16,200800025382B01,7,1,1,200067551
200800025388,2008-05-04,2008,mai,dimanche,17:50,76,76391,0,0,1,1,7,1,1,4,2,01,1,3,0,30,1,0,0,3,1,61,5,3,2,14,0,1,1,200800025388A01,,,,200023414
200800025413,2008-05-07,2008,mai,mercredi,17:40,76,76319,0,0,2,6,6,1,1,2,-1,02,-1,-1,0,0,-1,0,0,4,1,52,5,1,2,0,2,1,2,200800025413B01,7,16,1,200023414
200800025415,2008-05-09,2008,mai,vendredi,12:10,76,76681,0,0,2,2,3,1,1,4,2,02,1,1,0,60,1,5,1,4,1,13,2,3,2,0,2,1,1,200800025415A01,7,1,1,200023414
200800025450,2008-05-30,2008,mai,vendredi,19:15,76,76322,0,0,2,1,3,1,1,4,2,00,1,1,0,60,1,4,1,4,1,28,4,3,2,0,4,1,19,200800025450A01,40,1,1,200023414
200800025472,2008-05-12,2008,mai,lundi,15:20,77,77186,0,0,1,1,6,1,1,3,2,02,1,1,0,73,1,0,1,3,1,27,5,1,2,0,2,7,19,200800025472A01,7,1,1,200072346
200800025484,2008-05-06,2008,mai,mardi,18:25,77,77294,0,0,2,3,1,1,1,4,2,02,2,1,700,50,1,0,1,3,1,10,5,1,9,0,0,0,0,200800025484B01,7,9,1,200055655
200800025501,2008-05-06,2008,mai,mardi,08:55,78,78172,0,0,1,2,3,1,1,4,2,01,1,1,0,30,1,0,1,4,1,59,5,3,9,0,2,1,1,200800025501B01,7,1,1,200059889
200800025502,2008-05-02,2008,mai,vendredi,09:25,78,78208,0,0,2,1,3,1,1,4,3,04,1,1,0,140,1,0,1,4,1,66,5,2,2,0,2,3,19,200800025502A01,7,1,1,200058782
200800025509,2008-05-04,2008,mai,dimanche,19:20,78,78688,0,0,2,1,5,1,1,4,2,02,1,1,0,49,1,0,1,3,1,7,5,2,2,0,2,1,1,200800025509B01,7,13,1,200058782
200800025509,2008-05-04,2008,mai,dimanche,19:20,78,78688,0,0,2,1,5,1,1,4,2,02,1,1,0,49,1,0,1,3,1,5,5,2,2,0,2,1,1,200800025509C01,7,13,1,200058782
200800025510,2008-05-05,2008,mai,lundi,19:05,78,78297,0,0,2,1,7,1,1,4,-1,00,1,1,0,0,1,0,5,4,2,27,1,2,2,0,1,0,0,200800025510A01,,,,200058782
200800025516,2008-05-10,2008,mai,samedi,12:50,78,78311,0,0,2,1,6,1,1,3,2,02,1,1,0,70,1,0,1,4,1,62,5,2,2,0,2,1,1,200800025516A01,13,1,1,200058519
200800025530,2008-05-21,2008,mai,mercredi,14:40,78,78361,0,0,2,1,6,1,1,2,2,02,1,1,0,0,1,0,1,4,1,59,0,3,9,0,0,4,13,200800025530C01,10 / 7,2 / 1,2,200059889
200800025537,2008-05-11,2008,mai,dimanche,17:00,78,78502,0,0,2,1,3,1,1,2,1,04,1,3,20,120,1,0,1,3,2,14,5,3,9,0,2,8,19,200800025537A01,7,1,1,200058519
200800025537,2008-05-11,2008,mai,dimanche,17:00,78,78502,0,0,2,1,3,1,1,2,1,04,1,3,20,120,1,0,1,3,1,14,0,3,9,0,2,8,19,200800025537A01,7,1,1,200058519
200800025551,2008-05-13,2008,mai,mardi,18:10,78,78642,0,0,2,6,3,1,1,3,2,00,1,2,0,0,1,5,1,3,1,54,0,1,2,0,2,1,1,200800025551B01,7,2,1,200059889
200800025571,2008-05-29,2008,mai,jeudi,09:20,78,78586,0,0,2,2,3,1,1,4,2,02,1,1,0,55,1,0,1,4,1,17,2,3,9,0,2,1,1,200800025571A01,10,1,1,200058519
200800025577,2008-05-21,2008,mai,mercredi,09:55,78,78322,0,0,2,1,6,1,1,4,2,02,1,1,0,0,1,0,1,4,1,13,5,2,2,0,2,7,19,200800025577B01,7,1,1,247800584
200800025581,2008-05-27,2008,mai,mardi,09:30,78,78686,0,0,2,1,3,1,2,3,2,02,1,1,0,60,2,0,1,4,1,80,5,2,2,1,0,1,2,200800025581B01,7,22,1,247800584
200800025605,2008-05-27,2008,mai,mardi,00:01,78,78650,0,0,2,1,1,5,1,4,2,02,1,1,0,77,2,0,1,4,1,21,5,2,2,0,2,1,5,200800025605A01,7,1,1,200058519
200800025607,2008-05-16,2008,mai,vendredi,13:15,79,79191,0,0,2,6,3,1,3,3,2,02,1,1,0,72,2,5,1,3,2,59,5,2,4,0,2,1,1,200800025607B01,7,1,1,200041317
200800025611,2008-05-20,2008,mai,mardi,12:10,80,80001,0,0,2,6,3,1,1,4,-1,00,1,2,0,0,1,0,1,3,1,23,5,3,9,0,2,1,1,200800025611A01,7,15,1,200070993
200800025620,2008-05-06,2008,mai,mardi,07:00,80,80021,0,0,2,2,3,2,1,4,2,02,1,1,0,60,1,0,1,3,2,57,0,1,9,0,2,1,1,200800025620B01,7,15,1,248000531
200800025621,2008-05-12,2008,mai,lundi,18:15,80,80021,0,0,2,1,3,1,1,4,2,05,1,1,0,150,1,0,1,2,1,25,5,3,9,0,2,8,19,200800025621B01,7,1,1,248000531
200800025642,2008-05-31,2008,mai,samedi,11:20,80,80021,0,0,2,1,7,1,1,4,2,02,2,1,0,60,1,0,1,4,2,61,5,2,9,0,2,1,1,200800025642B01,7,22,1,248000531
200800025665,2008-05-26,2008,mai,lundi,17:25,83,83061,0,0,2,1,3,1,1,4,2,02,2,1,0,60,1,0,1,3,1,16,5,3,9,0,2,3,15,200800025665A01,7,1,1,200035319
200800025667,2008-05-01,2008,mai,jeudi,10:15,83,83034,0,0,2,1,6,1,1,3,2,02,1,1,0,81,1,0,1,3,1,73,5,1,2,0,2,7,19,200800025667B01,7 / 33,1,2,248300543
200800025689,2008-05-10,2008,mai,samedi,13:05,83,83137,0,0,2,1,2,1,1,2,1,03,1,1,0,0,1,0,1,4,1,50,5,3,9,0,2,4,1,200800025689B01,7,1,1,248300543
200800025711,2008-05-17,2008,mai,samedi,09:30,83,83137,0,0,2,1,3,1,2,4,2,02,2,1,0,80,2,0,1,4,2,17,5,2,2,1,0,1,1,200800025711B01,7,22,1,248300543
200800025723,2008-05-07,2008,mai,mercredi,12:55,84,84007,0,0,1,1,3,1,1,4,2,01,1,1,0,52,1,0,5,4,1,58,1,2,9,0,2,1,15,200800025723B01,2,1,1,248400251
200800025737,2008-05-21,2008,mai,mercredi,13:30,84,84089,0,0,2,1,3,1,1,3,2,02,1,1,0,39,1,0,1,3,1,16,5,3,9,0,2,1,2,200800025737B01,7,2,1,200054807
200800025746,2008-05-02,2008,mai,vendredi,15:55,85,85194,0,0,2,6,3,1,1,4,2,02,1,1,0,50,1,0,1,4,2,61,5,3,9,0,2,1,2,200800025746B01,7,16,1,200071165
200800025748,2008-05-05,2008,mai,lundi,09:30,85,85194,0,0,2,6,6,1,1,4,-1,02,1,1,0,0,1,0,0,3,2,62,5,2,9,0,0,4,2,200800025748B01,7,2,1,200071165
200800025749,2008-05-06,2008,mai,mardi,17:10,85,85194,0,0,2,1,2,1,1,4,2,02,1,1,0,0,1,0,1,4,2,43,2,2,9,0,0,4,2,200800025749B01,7,2,1,200071165
200800025757,2008-05-07,2008,mai,mercredi,17:30,86,86194,0,0,2,1,6,1,1,9,2,01,2,1,0,0,1,2,5,3,1,42,1,3,9,0,1,1,1,200800025757A01,,,,200069854
200800025798,2008-05-05,2008,mai,lundi,13:15,88,88160,48.14879,6.45925,2,3,3,1,1,3,2,02,2,1,0,82,1,0,1,4,1,26,5,3,9,0,2,1,0,200800025798B01,7,19,1,200068757
200800025817,2008-05-25,2008,mai,dimanche,16:26,90,90099,0,0,2,1,6,1,1,4,-1,01,1,-1,0,25,1,0,5,1,2,13,5,3,9,0,1,1,0,200800025817A01,,,,200069052
200800025887,2008-05-21,2008,mai,mercredi,10:30,91,91477,0,0,1,1,6,1,1,3,1,02,1,1,0,0,1,3,1,2,1,82,5,2,2,0,2,4,12,200800025887B01,7,1,1,200056232
200800025895,2008-05-23,2008,mai,vendredi,15:12,91,91549,0,0,2,1,6,1,1,4,2,02,1,1,0,0,1,0,1,4,1,12,2,3,9,0,2,1,19,200800025895B01,33,1,1,200057859
200800025958,2008-05-21,2008,mai,mercredi,19:45,92,92024,0,0,2,1,3,1,1,3,1,03,1,1,0,0,1,0,1,4,2,28,1,3,9,1,0,1,21,200800025958B01,7,24,1,200054781
200800025973,2008-05-29,2008,mai,jeudi,13:00,92,92025,0,0,2,1,6,1,1,4,1,01,1,1,0,70,1,0,1,3,1,62,9,3,9,0,2,0,0,200800025973B01,7,2,1,200054781
200800025981,2008-05-13,2008,mai,mardi,19:35,92,92035,0,0,2,2,7,1,1,3,4,04,1,1,0,0,1,5,3,3,1,47,5,2,2,0,0,0,0,200800025981A01,,,,200054781
200800025982,2008-05-05,2008,mai,lundi,15:40,92,92035,0,0,2,1,6,1,1,3,2,02,1,1,0,0,1,0,1,4,1,49,0,2,2,0,1,1,1,200800025982A01,,,,200054781
200800025991,2008-05-05,2008,mai,lundi,17:50,92,92040,0,0,2,1,6,1,1,3,2,02,1,1,120,60,1,0,1,4,1,14,5,2,9,0,2,5,0,200800025991B01,32,17,1,200054781
200800026014,2008-05-06,2008,mai,mardi,09:45,92,92049,0,0,2,1,3,1,1,3,-1,02,-1,-1,0,0,-1,0,1,4,1,38,1,2,2,0,2,1,1,200800026014B01,34,1,1,200054781
200800026020,2008-05-24,2008,mai,samedi,20:25,92,92049,0,0,2,1,6,2,1,3,1,02,1,1,0,0,1,0,1,1,1,35,0,3,9,0,1,0,0,200800026020A01,,,,200054781
200800026020,2008-05-24,2008,mai,samedi,20:25,92,92049,0,0,2,1,6,2,1,3,1,02,1,1,0,0,1,0,1,4,1,37,5,3,0,0,1,0,0,200800026020A01,,,,200054781
200800026042,2008-05-13,2008,mai,mardi,11:20,92,92051,0,0,2,1,3,1,1,4,2,00,1,-1,0,0,1,0,1,4,2,25,4,1,9,0,0,2,0,200800026042B01,7,16,1,200054781
200800026046,2008-05-19,2008,mai,lundi,18:10,92,92062,0,0,2,3,6,1,1,4,2,02,1,1,0,90,1,0,1,4,1,12,5,1,2,1,0,1,15,200800026046A01,,,,200054781
200800026104,2008-05-22,2008,mai,jeudi,12:15,93,93005,0,0,2,1,3,1,1,3,3,04,1,1,0,0,1,0,5,3,1,40,0,3,9,0,2,7,21,200800026104B01,10,16,1,200054781
200800026149,2008-05-12,2008,mai,lundi,14:40,93,93079,0,0,2,1,3,1,1,4,2,02,1,1,0,0,1,0,1,4,1,76,0,1,9,0,2,6,2,200800026149B01,7,1,1,200054781
200800026160,2008-05-08,2008,mai,jeudi,19:00,93,93045,0,0,2,1,3,1,1,4,-1,00,1,1,0,0,1,0,1,4,1,41,5,2,9,0,2,8,2,200800026160B01,7,2,1,200054781
200800026164,2008-05-20,2008,mai,mardi,18:00,93,93045,0,0,2,1,2,1,1,4,2,02,1,1,0,50,1,0,1,4,1,12,5,3,2,0,2,1,2,200800026164A01,7,2,1,200054781
200800026167,2008-05-06,2008,mai,mardi,14:15,93,93074,0,0,2,5,3,1,1,2,1,01,2,1,0,0,1,3,1,4,1,47,0,3,9,0,0,3,19,200800026167B01,7,15,1,200054781
200800026188,2008-05-05,2008,mai,lundi,18:50,93,93049,0,0,2,1,4,1,1,4,2,02,1,1,0,60,1,0,1,3,1,35,0,1,9,1,0,1,1,200800026188B01,7,0 / 1,2,200054781
200800026189,2008-05-11,2008,mai,dimanche,12:10,93,93050,0,0,2,1,3,1,1,4,2,01,1,1,0,0,1,0,1,4,1,6,0,2,9,0,2,1,12,200800026189A01,7,1,1,200054781
200800026195,2008-05-24,2008,mai,samedi,13:50,93,93049,0,0,2,3,3,1,1,4,2,02,1,3,0,50,1,0,0,3,1,52,0,1,2,0,2,3,0,200800026195B01,7,0,1,200054781
200800026202,2008-05-10,2008,mai,samedi,11:28,93,93051,0,0,2,1,6,1,1,9,2,02,1,1,0,0,1,0,5,3,2,64,5,2,9,0,9,1,11,200800026202A01,,,,200054781
200800026202,2008-05-10,2008,mai,samedi,11:28,93,93051,0,0,2,1,6,1,1,9,2,02,1,1,0,0,1,0,5,3,2,87,5,3,0,0,9,1,11,200800026202A01,,,,200054781
200800026206,2008-05-21,2008,mai,mercredi,15:00,93,93051,0,0,2,3,3,1,1,4,2,02,2,1,0,50,1,0,1,3,1,18,2,1,9,0,2,1,1,200800026206A01,7,1,1,200054781
200800026217,2008-05-14,2008,mai,mercredi,07:25,93,93053,0,0,2,1,1,1,1,9,2,01,1,3,0,22,1,2,1,2,1,65,1,2,2,0,9,1,1,200800026217A01,1,1,1,200054781
200800026217,2008-05-14,2008,mai,mercredi,07:25,93,93053,0,0,2,1,1,1,1,9,2,01,1,3,0,22,1,2,1,4,1,44,1,3,2,0,9,1,1,200800026217B01,1,1,1,200054781
200800026251,2008-05-19,2008,mai,lundi,10:45,93,93066,0,0,2,1,2,1,1,2,1,03,1,1,0,60,1,2,1,3,1,39,0,2,2,0,2,4,2,200800026251B01,7,2,1,200054781
200800026252,2008-05-20,2008,mai,mardi,08:10,93,93066,0,0,2,1,3,1,1,9,-1,03,1,-1,0,0,1,0,0,4,1,48,1,3,9,0,0,1,11,200800026252B01,7,0,1,200054781
200800026263,2008-05-10,2008,mai,samedi,09:15,93,93066,0,0,2,1,3,1,1,3,1,01,1,1,0,0,-1,0,1,3,2,26,0,3,9,0,0,6,1,200800026263B01,7,0,1,200054781
200800026267,2008-05-12,2008,mai,lundi,19:35,93,93066,0,0,2,1,6,1,1,9,1,02,1,-1,0,60,1,0,1,4,2,10,5,3,9,0,2,3,19,200800026267B01,34,1,1,200054781
200800026316,2008-05-24,2008,mai,samedi,13:15,94,94071,0,0,1,1,3,1,1,3,2,02,1,1,0,0,1,0,1,4,1,25,1,1,2,0,2,5,15,200800026316A01,10,1,1,200054781
200800026324,2008-05-09,2008,mai,vendredi,19:35,94,94017,0,0,2,1,6,1,1,4,1,02,1,1,0,0,1,0,1,3,1,10,9,3,9,0,2,1,19,200800026324B01,7,1,1,200054781
200800026338,2008-05-31,2008,mai,samedi,11:57,94,94018,0,0,2,3,3,1,1,3,2,02,2,1,0,90,1,0,1,3,1,76,5,2,2,0,0,7,1,200800026338B01,10,15,1,200054781
200800026357,2008-05-03,2008,mai,samedi,18:15,94,94011,0,0,2,1,3,1,1,4,2,02,-1,-1,0,60,-1,0,1,4,2,61,5,3,9,0,0,8,0,200800026357B01,33,0,1,200054781
200800026370,2008-05-27,2008,mai,mardi,23:05,94,94028,0,0,2,1,3,1,1,2,-1,02,1,-1,0,60,1,0,1,4,1,68,5,3,9,0,0,0,0,200800026370B01,7,1,1,200054781
200800026375,2008-05-29,2008,mai,jeudi,22:00,94,94028,0,0,2,1,6,5,1,2,-1,02,1,1,0,60,1,0,1,4,1,45,1,1,2,0,2,0,13,200800026375A01,37,1,1,200054781
200800026377,2008-05-10,2008,mai,samedi,18:55,94,94033,0,0,2,1,6,1,1,4,2,02,-1,-1,0,50,1,0,0,1,1,14,5,1,2,0,1,0,0,200800026377A01,,,,200054781
200800026377,2008-05-10,2008,mai,samedi,18:55,94,94033,0,0,2,1,6,1,1,4,2,02,-1,-1,0,50,1,0,0,4,2,27,9,3,0,0,1,0,0,200800026377A01,,,,200054781
200800026390,2008-05-09,2008,mai,vendredi,20:00,94,94043,0,0,2,1,2,1,1,3,1,00,2,1,0,60,1,0,1,4,1,23,5,3,4,0,2,1,1,200800026390A01,7,16,1,200054781
200800026401,2008-05-17,2008,mai,samedi,18:20,94,94076,0,0,2,1,3,1,1,4,-1,00,2,1,0,0,1,0,1,4,1,36,0,3,9,9,0,0,0,200800026401B01,7,9,1,200054781
200800026403,2008-05-19,2008,mai,lundi,18:00,94,94003,0,0,1,1,6,1,1,9,3,00,-1,-1,0,0,-1,0,0,4,2,12,0,3,0,0,1,0,0,200800026403A01,,,,200054781
200800026403,2008-05-19,2008,mai,lundi,18:00,94,94003,0,0,1,1,6,1,1,9,3,00,-1,-1,0,0,-1,0,0,1,1,47,1,3,4,0,1,0,0,200800026403A01,,,,200054781
200800026413,2008-05-03,2008,mai,samedi,08:00,94,94065,0,0,2,1,3,1,1,4,1,03,1,1,0,0,1,0,1,4,1,58,4,3,9,0,2,1,9,200800026413B01,17,1,1,200054781
200800026427,2008-05-28,2008,mai,mercredi,15:35,94,94021,0,0,2,1,3,1,1,2,3,03,1,1,0,85,1,0,1,3,1,76,0,2,9,0,2,0,13,200800026427A01,36,0,1,200054781
200800026438,2008-05-03,2008,mai,samedi,16:45,94,94046,0,0,2,3,3,1,1,4,2,02,1,1,0,86,1,0,1,4,1,18,0,3,9,0,2,1,19,200800026438B01,7,21,1,200054781
200800026464,2008-05-16,2008,mai,vendredi,16:00,94,94068,0,0,2,1,6,1,1,4,1,02,1,2,0,83,1,0,1,4,2,65,5,2,9,0,2,8,1,200800026464B01,7,4,1,200054781
200800026495,2008-05-12,2008,mai,lundi,15:30,94,94081,0,0,2,1,3,1,1,4,2,02,2,1,0,0,1,0,1,3,2,14,5,3,2,0,0,8,19,200800026495B01,7,1,1,200054781
200800026497,2008-05-15,2008,mai,jeudi,08:55,94,94081,0,0,2,3,6,1,1,3,2,02,1,3,0,95,1,0,1,4,2,23,1,1,2,0,2,1,1,200800026497B01,10,15,1,200054781
200800026502,2008-05-21,2008,mai,mercredi,18:10,94,94081,0,0,2,1,6,1,1,4,2,00,1,1,0,0,1,0,1,4,1,12,0,3,9,0,0,4,2,200800026502B01,33,2,1,200054781
200800026518,2008-05-11,2008,mai,dimanche,12:50,95,95582,0,0,2,3,3,1,1,4,2,02,1,1,0,55,1,0,1,4,1,13,5,1,2,0,2,7,1,200800026518B01,7,15,1,200058485
200800026530,2008-05-29,2008,mai,jeudi,07:55,95,95176,0,0,2,1,1,1,1,4,2,02,1,1,1,42,1,0,5,1,1,12,9,2,2,0,2,1,1,200800026530A01,1,1,1,200058485
200800026530,2008-05-29,2008,mai,jeudi,07:55,95,95176,0,0,2,1,1,1,1,4,2,02,1,1,1,42,1,0,5,4,1,19,1,3,2,0,2,0,1,200800026530B01,1,1,1,200058485
200800026538,2008-05-02,2008,mai,vendredi,19:10,95,95203,0,0,2,3,6,1,1,3,2,02,1,1,0,0,1,0,1,4,1,16,0,3,2,0,2,5,13,200800026538A01,33,1,1,200058485
200800026540,2008-05-07,2008,mai,mercredi,12:20,95,95252,0,0,2,2,3,1,1,4,2,02,1,1,0,60,1,0,1,4,1,13,5,2,2,0,2,7,1,200800026540A01,7,1,1,200058485
200800026546,2008-05-16,2008,mai,vendredi,18:45,95,95203,0,0,2,2,3,1,1,4,2,02,1,1,0,0,1,0,1,4,2,52,0,3,2,0,2,1,1,200800026546B01,7,1,1,200058485
200800026553,2008-05-28,2008,mai,mercredi,17:30,95,95252,0,0,2,2,3,1,1,4,2,02,1,1,0,55,1,0,1,4,1,13,5,2,2,0,2,8,1,200800026553B01,7,1,1,200058485
200800026570,2008-05-27,2008,mai,mardi,13:00,95,95051,0,0,2,6,6,1,3,4,-1,01,1,-1,0,0,2,0,1,4,1,44,1,3,9,0,2,1,1,200800026570A01,7,0,1,200058485
200800026583,2008-05-03,2008,mai,samedi,01:50,69,69381,0,0,2,1,6,5,1,4,1,03,1,1,0,92,1,0,1,3,1,27,5,3,4,0,2,1,5,200800026583C01,10,13,1,200046977
200800026583,2008-05-03,2008,mai,samedi,01:50,69,69381,0,0,2,1,6,5,1,4,1,03,1,1,0,92,1,0,1,3,1,24,5,3,4,0,2,1,5,200800026583E01,10,13,1,200046977
200800026583,2008-05-03,2008,mai,samedi,01:50,69,69381,0,0,2,1,6,5,1,4,1,03,1,1,0,92,1,0,1,3,1,23,5,3,4,0,2,1,5,200800026583F01,10,13,1,200046977
200800026583,2008-05-03,2008,mai,samedi,01:50,69,69381,0,0,2,1,6,5,1,4,1,03,1,1,0,92,1,0,1,3,1,23,5,3,4,0,2,1,5,200800026583G01,10,13,1,200046977
200800026741,2008-05-07,2008,mai,mercredi,18:30,69,69382,0,0,2,2,3,1,1,4,1,01,1,1,0,0,1,0,1,3,1,11,5,3,2,0,2,1,11,200800026741B01,7,1,1,200046977
200800026742,2008-05-08,2008,mai,jeudi,01:20,69,69382,0,0,2,1,2,5,1,4,1,03,1,1,0,190,1,0,1,3,2,17,5,3,2,0,2,4,2,200800026742B01,7,2,1,200046977
200800026801,2008-05-16,2008,mai,vendredi,10:10,69,69383,0,0,2,1,3,1,1,4,2,02,1,1,0,0,1,0,1,4,1,33,1,2,2,0,2,1,1,200800026801B01,7,15,1,200046977
200800026803,2008-05-23,2008,mai,vendredi,12:15,69,69383,0,0,2,2,3,1,1,4,1,01,1,1,0,0,1,0,1,4,2,28,0,3,2,0,2,0,1,200800026803B01,7,15,1,200046977
200800026807,2008-05-28,2008,mai,mercredi,09:00,69,69383,0,0,2,2,6,1,1,4,1,00,1,1,0,0,1,0,1,4,1,66,0,1,9,0,0,0,0,200800026807B01,32,1,1,200046977
200800026834,2008-05-09,2008,mai,vendredi,10:20,69,69387,0,0,2,3,6,1,1,4,1,01,1,1,0,80,1,0,1,4,1,23,1,3,9,0,2,1,5,200800026834A01,7,15,1,200046977
200800026877,2008-05-06,2008,mai,mardi,12:35,69,69389,0,0,2,1,6,1,1,4,2,02,1,1,0,69,1,0,1,4,1,50,1,1,2,1,0,1,21,200800026877B01,7,24,1,200046977
200800026878,2008-05-12,2008,mai,lundi,12:55,69,69389,0,0,2,1,3,1,1,9,2,02,1,-1,0,70,1,0,1,4,2,28,5,2,2,0,2,0,3,200800026878B01,7,2,1,200046977
200800026881,2008-05-22,2008,mai,jeudi,18:10,69,69389,0,0,2,1,3,1,1,4,1,02,1,1,0,69,1,0,1,3,1,28,1,1,2,1,0,1,18,200800026881B01,7,22,1,200046977
200800026928,2008-05-11,2008,mai,dimanche,01:50,75,75102,0,0,2,2,6,5,1,4,1,01,1,1,0,110,1,0,1,4,1,56,0,3,2,0,0,1,2,200800026928A01,,,,200054781
200800026929,2008-05-12,2008,mai,lundi,05:30,75,75101,0,0,2,2,3,5,1,4,1,04,1,1,0,157,1,0,1,4,1,22,1,3,2,0,0,0,2,200800026929B01,7,2,1,200054781
200800026932,2008-05-17,2008,mai,samedi,18:10,75,75101,0,0,2,1,7,1,1,4,-1,00,2,1,0,90,1,1,1,4,1,27,5,3,2,0,0,1,1,200800026932A01,,,,200054781
200800026935,2008-05-21,2008,mai,mercredi,23:10,75,75101,0,0,2,1,6,5,1,4,1,03,1,1,0,190,1,0,4,4,2,32,5,1,2,14,0,0,1,200800026935A01,,,,200054781
200800026937,2008-05-28,2008,mai,mercredi,14:20,75,75101,0,0,2,4,2,1,1,4,1,01,1,-1,0,0,1,0,0,4,1,59,0,3,2,0,0,1,2,200800026937A01,33,2,1,200054781
200800026940,2008-05-31,2008,mai,samedi,03:50,75,75101,0,0,2,1,1,5,1,9,1,01,1,1,0,155,1,0,1,4,1,27,0,3,2,0,2,1,5,200800026940A01,7,7,1,200054781
200800026951,2008-05-07,2008,mai,mercredi,19:00,75,75103,0,0,2,1,3,1,1,4,1,01,1,-1,0,33,1,0,1,4,1,52,5,3,2,1,2,0,11,200800026951B01,33,1,1,200054781
200800026957,2008-05-22,2008,mai,jeudi,13:36,75,75103,0,0,2,1,7,1,1,4,1,01,1,1,0,40,1,0,1,4,1,53,9,2,9,0,0,7,0,200800026957A01,,,,200054781
200800026961,2008-05-23,2008,mai,vendredi,17:40,75,75103,0,0,2,2,3,1,1,4,1,03,1,1,0,90,1,0,1,4,1,35,1,3,2,0,0,3,0,200800026961B01,7,0,1,200054781