Num_Acc,date,an,mois,jour,hrmn,dep,com,lat,long,agg,int,col,lum,atm,catr,circ,nbv,prof,plan,lartpc,larrout,surf,infra,situ,grav,sexe,age,trajet,secuexist,equipement,obs,obsm,choc,manv,vehiculeid,typevehicules,manoeuvehicules,numVehicules,_infos_commune.code_epci
200800030403,2008-06-20,2008,juin,vendredi,15:30,88,88498,47.982,6.637,2,9,2,1,1,3,2,02,1,3,0,55,1,0,1,3,1,60,5,3,0,0,2,8,19,200800030403A01,33,17,1,200068377
200800030405,2008-06-11,2008,juin,mercredi,17:45,88,88408,47.958,6.629,1,2,3,1,1,4,2,02,1,1,0,54,1,0,1,3,1,9,5,1,2,0,2,7,1,200800030405B02,7,1,1,200033868
200800030430,2008-06-10,2008,juin,mardi,15:00,67,67544,49.033,7.923,1,1,3,1,1,3,2,02,2,1,0,58,1,0,1,4,1,20,5,3,0,0,2,1,17,200800030430B02,21,15,1,246700926
200800030432,2008-06-18,2008,juin,mercredi,16:00,67,67544,49.037,7.946,2,1,3,1,1,4,2,00,1,1,0,0,1,0,4,3,1,24,0,3,0,0,2,1,1,200800030432B02,7,1,1,246700926
200800030447,2008-06-19,2008,juin,jeudi,06:45,68,68154,0,0,2,1,3,1,1,4,2,02,1,1,0,40,1,0,1,3,1,48,1,3,0,0,2,1,1,200800030447A01,7,9,1,200066009
200800030453,2008-06-22,2008,juin,dimanche,17:30,68,68171,47.947,6.963,1,1,7,1,1,3,2,02,1,-1,0,65,1,0,1,3,2,49,5,3,0,0,0,8,1,200800030453A01,,,,246800205
200800030480,2008-06-11,2008,juin,mercredi,14:15,10,10096,0,0,2,1,3,1,1,3,2,02,1,1,0,46,1,0,1,3,1,7,5,3,0,0,2,1,15,200800030480A01,7,1,1,241000447
200800030486,2008-06-26,2008,juin,jeudi,12:15,10,10296,0,0,1,1,3,1,1,3,2,02,3,1,0,61,1,0,1,3,1,17,1,2,2,0,2,1,15,200800030486A01,7,1,1,200069003
200800030493,2008-06-20,2008,juin,vendredi,16:30,52,52205,0,0,2,3,1,1,1,3,2,02,1,1,0,65,1,0,1,3,1,56,5,1,2,0,2,1,16,200800030493B02,15,13,1,200068658
200800030496,2008-06-01,2008,juin,dimanche,11:15,52,52058,0,0,2,3,3,1,1,3,2,00,1,1,0,50,1,0,1,3,2,11,5,2,2,0,2,1,19,200800030496B02,10,1,1,200068658
200800030501,2008-06-11,2008,juin,mercredi,07:00,52,52331,0,0,1,1,2,1,1,3,2,02,1,1,0,42,1,0,1,3,1,58,1,3,0,0,2,8,13,200800030501B02,7,2,1,200068666
200800030524,2008-06-20,2008,juin,vendredi,23:00,58,58261,47.408,2.951,2,1,2,3,1,3,2,02,1,1,0,60,1,0,1,2,1,19,5,3,0,0,2,4,1,200800030524A01,7,1,1,200067916
200800030558,2008-06-14,2008,juin,samedi,18:15,89,89206,47.983,3.424,2,9,3,1,1,3,2,02,3,3,0,68,1,0,1,2,1,15,5,3,0,0,0,1,1,200800030558B02,7,1,1,248900938
200800030558,2008-06-14,2008,juin,samedi,18:15,89,89206,47.983,3.424,2,9,3,1,1,3,2,02,3,3,0,68,1,0,1,3,1,9,0,3,0,0,0,1,1,200800030558B02,7,1,1,248900938
200800030575,2008-06-13,2008,juin,vendredi,14:00,25,25190,0,0,2,1,6,1,1,3,2,02,2,1,0,62,1,0,1,1,1,41,5,1,2,0,1,1,1,200800030575A01,,,,200065647
200800030582,2008-06-14,2008,juin,samedi,09:15,25,25382,47.367,6.121,2,1,1,1,1,3,2,02,1,3,0,100,1,5,1,3,1,52,5,3,0,0,2,1,1,200800030582B02,7,17,1,242504447
200800030591,2008-06-27,2008,juin,vendredi,17:00,25,25514,0,0,1,6,3,1,1,3,1,01,1,2,0,84,1,5,1,3,2,58,5,2,2,0,2,7,2,200800030591B02,7,1,1,200069565
200800030618,2008-06-13,2008,juin,vendredi,08:30,13,13060,43.482,5.506,2,1,3,1,1,4,2,02,-1,3,0,80,1,0,1,3,1,32,1,1,2,0,2,1,1,200800030618B02,7,15,1,200054807
200800030643,2008-06-13,2008,juin,vendredi,14:00,04,04045,43.861,5.563,1,1,1,1,1,3,2,02,1,1,0,64,1,0,1,4,1,67,5,2,2,0,2,0,21,200800030643B02,7,17,1,200040624
200800030647,2008-06-11,2008,juin,mercredi,15:45,04,04209,44.215,5.965,1,1,1,1,1,3,2,00,-1,2,0,55,-1,0,0,4,1,42,5,2,2,0,2,1,1,200800030647B02,30,1,1,200068765
200800030749,2008-06-27,2008,juin,vendredi,17:30,34,34327,0,0,1,1,1,1,1,3,2,02,1,1,160,15,1,0,1,4,2,53,1,3,0,0,2,7,19,200800030749B02,7,1,1,243400017
200800030760,2008-06-08,2008,juin,dimanche,11:45,34,34069,43.398,3.102,2,1,3,1,1,3,2,00,1,1,0,54,1,0,1,3,1,52,5,3,0,0,2,1,1,200800030760B02,7,15,1,243400488
200800030764,2008-06-23,2008,juin,lundi,09:45,34,34299,43.297,3.293,1,1,2,1,1,3,2,02,1,1,0,107,1,0,1,3,1,62,5,1,2,0,2,4,1,200800030764B02,7,14,1,243400769
200800030779,2008-06-18,2008,juin,mercredi,15:45,11,11185,43.09,2.62,2,1,1,1,1,3,2,00,-1,3,0,80,1,0,1,4,2,34,9,3,0,0,0,4,1,200800030779B02,7,2,1,200035863
200800030779,2008-06-18,2008,juin,mercredi,15:45,11,11185,43.09,2.62,2,1,1,1,1,3,2,00,-1,3,0,80,1,0,1,4,1,5,0,3,0,0,0,4,1,200800030779B02,7,2,1,200035863
200800030779,2008-06-18,2008,juin,mercredi,15:45,11,11185,43.09,2.62,2,1,1,1,1,3,2,00,-1,3,0,80,1,0,1,1,1,3,0,3,0,0,0,4,1,200800030779B02,7,2,1,200035863
200800030811,2008-06-27,2008,juin,vendredi,08:45,30,30167,44.276,4.18,1,1,1,1,1,3,2,02,2,3,0,71,1,0,1,2,2,27,1,3,0,0,2,3,15,200800030811B02,14,17,1,200035129
200800030822,2008-06-26,2008,juin,jeudi,19:30,48,48042,44.559,3.504,1,1,1,1,1,3,2,00,2,2,0,63,1,0,1,3,1,57,0,1,2,0,2,5,17,200800030822A01,7,1,1,200069102
200800030826,2008-06-02,2008,juin,lundi,10:45,66,66171,0,0,1,1,7,1,1,3,2,02,1,1,0,74,1,0,3,2,1,88,5,1,2,0,9,0,1,200800030826A01,,,,246600282
200800030830,2008-06-23,2008,juin,lundi,16:45,66,66008,0,0,2,1,1,1,1,4,2,02,1,1,0,0,1,0,1,3,1,78,5,3,0,0,2,8,19,200800030830B02,7,1,1,200043602
200800030869,2008-06-04,2008,juin,mercredi,16:00,78,78516,0,0,2,1,3,1,1,4,2,00,1,1,0,35,1,0,1,3,1,7,5,2,2,0,2,1,19,200800030869A01,7,1,1,200073344
200800030892,2008-06-25,2008,juin,mercredi,00:15,91,91272,0,0,2,1,7,5,1,9,-1,00,2,-1,0,0,1,0,1,2,1,40,1,2,2,0,0,1,0,200800030892A01,,,,200056232
200800030895,2008-06-01,2008,juin,dimanche,12:45,95,95308,0,0,1,6,3,1,1,3,-1,00,-1,-1,0,77,9,5,1,3,1,50,5,1,9,0,0,7,1,200800030895B02,7,16,1,249500430
200800030904,2008-06-25,2008,juin,mercredi,12:45,77,77238,48.93,3.124,2,1,5,1,1,4,2,02,1,3,0,32,1,0,1,4,2,10,5,3,0,0,0,1,19,200800030904B02,14,1,1,200090504
200800030904,2008-06-25,2008,juin,mercredi,12:45,77,77238,48.93,3.124,2,1,5,1,1,4,2,02,1,3,0,32,1,0,1,4,1,4,5,3,0,0,0,1,19,200800030904C03,14,1,1,200090504
200800030906,2008-06-12,2008,juin,jeudi,17:30,77,77192,48.708,2.869,2,1,1,1,1,9,2,02,1,1,10,40,1,0,1,3,1,13,2,3,0,0,2,7,19,200800030906B02,7,1,1,200072874
200800030913,2008-06-22,2008,juin,dimanche,11:00,77,77308,49.03,2.768,1,1,3,1,1,3,2,02,1,2,0,65,1,5,1,4,1,53,5,1,2,0,2,1,16,200800030913B02,7,15,1,200033090
200800030929,2008-06-19,2008,juin,jeudi,14:00,45,45053,0,0,2,1,1,1,1,3,2,00,1,1,0,0,1,0,1,4,1,22,1,3,0,0,2,1,19,200800030929B02,7,15,1,200068278
200800030949,2008-06-01,2008,juin,dimanche,11:00,28,28298,48.596,1.551,1,4,1,1,1,3,2,00,2,1,0,55,1,0,1,4,2,31,5,1,2,0,2,1,15,200800030949B02,7,1,1,200069953
200800030963,2008-06-29,2008,juin,dimanche,20:00,36,36060,46.482,1.94,1,1,3,1,1,3,2,02,1,1,0,50,1,5,1,3,2,14,5,3,0,0,2,1,15,200800030963B02,7,1,1,200007052
200800030983,2008-06-23,2008,juin,lundi,20:30,41,41257,0,0,1,1,1,1,1,4,2,00,-1,1,0,27,1,0,1,3,1,8,5,3,0,0,2,1,9,200800030983B02,10,1,1,
200800031084,2008-06-01,2008,juin,dimanche,12:15,78,78010,48.92,1.933,1,1,3,1,1,3,2,00,1,-1,0,0,1,0,1,3,2,61,5,1,2,0,2,4,1,200800031084B02,13,2,1,200059889
200800031139,2008-06-01,2008,juin,dimanche,17:45,74,74278,46.089,6.534,2,1,3,1,1,4,2,02,2,1,0,47,1,0,1,3,2,8,5,1,2,0,2,6,19,200800031139B02,7,1,1,200033116
200800031143,2008-06-30,2008,juin,lundi,17:30,74,74164,46.116,6.503,1,1,6,1,1,3,2,02,-1,1,0,72,1,0,1,1,1,54,1,1,2,0,2,1,1,200800031143A01,,,,200000172
200800031143,2008-06-30,2008,juin,lundi,17:30,74,74164,46.116,6.503,1,1,6,1,1,3,2,02,-1,1,0,72,1,0,1,3,1,40,0,1,2,0,2,1,1,200800031143A01,,,,200000172
200800031181,2008-06-25,2008,juin,mercredi,10:30,83,83091,0,0,2,1,3,1,1,3,2,02,2,1,0,75,1,5,1,4,1,59,5,1,2,0,2,8,15,200800031181B02,7,19,1,200027100
200800031209,2008-06-19,2008,juin,jeudi,18:55,01,01053,0,0,2,1,6,1,1,4,2,02,1,1,0,0,1,0,1,4,1,8,5,2,2,0,2,1,19,200800031209B01,7,1,1,200071751
200800031211,2008-06-28,2008,juin,samedi,12:15,01,01053,0,0,2,3,3,1,1,2,2,02,1,1,0,0,1,0,1,4,1,12,5,2,2,0,2,1,5,200800031211A01,7,0,1,200071751
200800031212,2008-06-21,2008,juin,samedi,20:35,01,01283,0,0,2,1,3,1,1,4,2,02,1,1,0,50,1,0,1,4,1,9,5,3,9,0,2,1,19,200800031212B01,7,0,1,200042935
200800031231,2008-06-04,2008,juin,mercredi,12:05,03,03095,0,0,2,3,3,1,1,4,2,02,1,1,0,90,1,5,1,4,1,34,4,2,2,0,2,1,1,200800031231B01,10,9,1,200071363
200800031236,2008-06-19,2008,juin,jeudi,17:10,03,03095,0,0,2,6,3,1,1,4,2,02,1,1,0,80,1,5,1,4,2,39,5,2,9,0,2,1,5,200800031236A01,7,9,1,200071363
200800031243,2008-06-30,2008,juin,lundi,11:40,04,04112,0,0,2,3,3,1,1,3,2,00,2,1,0,60,1,0,1,3,1,59,0,1,2,0,2,2,1,200800031243B01,7,15,1,200034700
200800031252,2008-06-12,2008,juin,jeudi,08:50,06,06004,0,0,2,1,3,1,1,3,3,03,1,4,17,110,1,0,1,3,1,60,5,1,2,0,2,0,1,200800031252B01,7,17,1,240600585
200800031257,2008-06-26,2008,juin,jeudi,12:45,06,06004,0,0,2,1,6,1,1,4,-1,01,1,-1,0,78,1,0,1,4,1,66,5,2,2,0,2,1,0,200800031257A01,7,0,1,240600585
200800031266,2008-06-10,2008,juin,mardi,14:10,06,06027,0,0,2,1,6,1,1,4,2,02,1,1,0,0,1,0,1,4,2,33,5,1,2,0,2,1,1,200800031266B01,10,22,1,200030195
200800031269,2008-06-13,2008,juin,vendredi,10:15,06,06123,0,0,2,1,2,1,1,4,1,02,1,1,0,0,1,0,1,1,1,27,5,1,2,0,2,4,18,200800031269A01,1,1,1,200030195
200800031269,2008-06-13,2008,juin,vendredi,10:15,06,06123,0,0,2,1,2,1,1,4,1,02,1,1,0,0,1,0,1,3,2,74,5,2,2,0,2,1,1,200800031269B01,1,18,1,200030195
200800031273,2008-06-27,2008,juin,vendredi,07:30,06,06027,0,0,2,1,3,1,1,4,3,02,1,1,0,0,1,0,5,4,1,29,1,1,2,0,2,1,1,200800031273B01,10,16,1,200030195
200800031379,2008-06-10,2008,juin,mardi,13:55,06,06088,0,0,2,1,6,1,1,4,2,02,2,3,0,50,1,0,1,1,1,32,5,3,9,0,1,1,21,200800031379A01,,,,200030195
200800031384,2008-06-12,2008,juin,jeudi,09:50,06,06088,0,0,2,1,3,1,1,4,1,02,1,1,0,50,1,0,1,4,1,19,0,3,2,0,2,1,1,200800031384B01,7,12,1,200030195
200800031428,2008-06-21,2008,juin,samedi,09:30,06,06088,0,0,2,1,3,1,1,4,-1,02,1,1,0,0,1,0,1,4,2,75,5,1,9,0,2,9,1,200800031428B01,7,16,1,200030195
200800031432,2008-06-21,2008,juin,samedi,20:25,06,06088,0,0,2,3,3,1,1,4,2,02,2,1,0,0,1,0,1,4,1,16,5,3,9,0,2,0,5,200800031432A01,7,1,1,200030195
200800031441,2008-06-24,2008,juin,mardi,08:00,06,06088,0,0,2,1,3,1,1,4,1,02,1,1,0,66,1,0,1,3,2,37,1,3,9,0,2,3,1,200800031441B01,14,12,1,200030195
200800031458,2008-06-28,2008,juin,samedi,09:55,06,06088,0,0,2,1,5,1,1,4,3,06,1,1,0,0,1,0,1,4,2,75,0,3,4,0,2,0,21,200800031458B01,7,22 / 2,2,200030195
200800031474,2008-06-07,2008,juin,samedi,15:55,10,10387,0,0,2,1,6,1,1,4,2,02,1,1,0,100,1,0,1,3,2,43,0,3,2,1,0,1,1,200800031474B01,7,22,1,200069250
200800031475,2008-06-10,2008,juin,mardi,12:10,10,10343,0,0,2,6,2,1,1,4,3,02,2,1,5,80,1,0,0,4,2,42,1,3,9,0,2,4,16,200800031475B01,7,16,1,200069250
200800031476,2008-06-10,2008,juin,mardi,12:15,10,10387,0,0,2,1,3,1,1,4,2,02,1,1,0,80,1,0,1,4,2,55,0,3,9,0,2,3,1,200800031476A01,7,17,1,200069250
200800031487,2008-06-14,2008,juin,samedi,16:40,11,11262,0,0,2,1,3,1,2,4,2,01,1,1,0,0,1,0,1,4,1,8,5,2,2,0,0,0,1,200800031487B01,7,1,1,241100593
200800031499,2008-06-02,2008,juin,lundi,18:05,12,12145,0,0,2,9,3,1,1,4,3,01,1,2,36,60,1,5,1,4,1,14,2,1,9,0,2,2,14,200800031499B01,7,13,1,241200567
200800031503,2008-06-27,2008,juin,vendredi,17:20,12,12145,0,0,2,1,1,1,1,4,2,02,2,1,0,66,1,0,1,4,1,67,5,3,9,0,2,2,17,200800031503A01,30,1,1,241200567
200800031515,2008-06-12,2008,juin,jeudi,10:40,13,13004,0,0,2,3,3,1,1,4,4,02,1,1,0,38,1,0,1,4,1,76,5,3,9,0,2,1,1,200800031515B01,7,15,1,241300417
200800031517,2008-06-22,2008,juin,dimanche,10:30,13,13004,0,0,1,1,5,1,1,4,2,02,1,1,0,60,1,2,1,3,1,63,5,1,2,0,2,1,1,200800031517B01,36,1,1,241300417
200800031517,2008-06-22,2008,juin,dimanche,10:30,13,13004,0,0,1,1,5,1,1,4,2,02,1,1,0,60,1,2,1,1,1,57,5,1,2,0,2,1,1,200800031517C01,36,1,1,241300417
200800031519,2008-06-30,2008,juin,lundi,10:15,13,13004,0,0,2,6,3,1,1,3,2,02,2,1,0,35,1,0,1,4,1,60,5,1,9,0,2,8,1,200800031519B01,7,12,1,241300417
200800031522,2008-06-02,2008,juin,lundi,10:00,13,13028,0,0,2,1,6,1,1,3,3,01,1,3,0,0,1,3,1,4,1,60,5,1,2,0,0,8,2,200800031522B01,7,17,1,200054807
200800031530,2008-06-17,2008,juin,mardi,10:30,13,13047,0,0,2,6,3,1,2,4,1,02,1,1,0,57,2,0,1,4,1,63,5,2,2,0,0,7,1,200800031530B01,13,1,1,200054807
200800031612,2008-06-05,2008,juin,jeudi,08:45,13,13055,0,0,2,3,3,1,1,4,2,01,2,1,0,70,1,0,1,4,1,41,0,3,0,0,2,1,1,200800031612B01,7,15,1,200054807
200800031655,2008-06-05,2008,juin,jeudi,11:35,13,13055,0,0,2,1,3,1,1,4,2,02,1,1,0,72,1,0,1,4,1,79,5,3,0,0,2,1,17,200800031655B01,7,17,1,200054807
200800031669,2008-06-23,2008,juin,lundi,19:30,13,13055,0,0,2,3,3,1,1,4,3,04,1,1,0,0,1,0,0,4,1,25,4,3,2,0,0,0,19,200800031669B01,7,1,1,200054807
200800031672,2008-06-19,2008,juin,jeudi,10:45,13,13055,0,0,2,1,3,1,1,4,1,01,1,1,0,35,1,0,1,4,1,19,5,3,4,0,2,8,15,200800031672A01,30,1,1,200054807
200800031683,2008-06-14,2008,juin,samedi,19:30,13,13055,0,0,2,3,6,1,1,4,1,01,1,1,0,40,1,0,1,3,1,36,0,2,9,0,2,3,16,200800031683B01,7,16,1,200054807
200800031739,2008-06-11,2008,juin,mercredi,05:00,13,13055,0,0,2,1,3,2,1,4,1,01,1,-1,0,0,1,0,1,4,1,24,1,3,9,0,2,1,5,200800031739A01,7,2,1,200054807
200800031802,2008-06-26,2008,juin,jeudi,17:30,13,13055,0,0,2,2,7,1,1,4,2,03,1,1,0,200,1,0,0,3,1,51,5,1,2,0,0,0,0,200800031802B01,7,0,1,200054807
200800031839,2008-06-30,2008,juin,lundi,08:40,13,13071,0,0,1,3,3,1,1,3,2,02,1,1,0,60,1,0,1,3,1,61,0,2,2,0,0,0,0,200800031839B01,7,15,1,200054807
200800031842,2008-06-05,2008,juin,jeudi,16:00,14,14327,0,0,2,1,2,1,1,4,2,02,1,-1,0,85,1,0,3,3,1,83,0,2,2,0,2,4,11,200800031842B01,7,0,1,200065597
200800031849,2008-06-13,2008,juin,vendredi,08:55,14,14118,0,0,2,1,6,1,1,4,2,02,2,2,0,70,1,0,1,1,1,43,1,3,2,0,1,1,1,200800031849A01,,,,200065597
200800031857,2008-06-11,2008,juin,mercredi,18:30,14,14117,0,0,2,2,3,1,1,4,1,02,1,1,0,70,1,0,0,4,2,53,5,1,2,0,2,1,1,200800031857B01,7,19,1,200065563
200800031864,2008-06-27,2008,juin,vendredi,18:50,15,15014,0,0,2,1,6,1,1,2,3,04,2,1,0,0,1,0,1,3,1,65,1,3,9,0,2,1,19,200800031864B01,7,1,1,241500230
200800031870,2008-06-08,2008,juin,dimanche,16:10,17,17299,0,0,2,6,7,1,1,4,2,02,1,1,0,70,1,5,1,4,1,55,5,3,2,0,0,0,1,200800031870A01,,,,200041762
200800031874,2008-06-15,2008,juin,dimanche,12:10,17,17299,0,0,2,6,3,1,1,4,2,02,1,1,0,60,1,5,1,4,1,78,5,1,4,0,2,1,1,200800031874A01,7,15,1,200041762
200800031881,2008-06-03,2008,juin,mardi,16:47,17,17300,0,0,2,1,7,1,1,4,3,02,1,1,100,60,1,0,1,4,1,36,0,3,9,0,0,0,0,200800031881A01,,,,241700434
200800031883,2008-06-04,2008,juin,mercredi,15:30,17,17300,0,0,2,9,6,1,1,5,2,01,2,2,0,0,1,0,1,2,2,3,5,1,9,0,2,8,1,200800031883B01,7,15,1,241700434
200800031892,2008-06-11,2008,juin,mercredi,12:35,17,17300,0,0,2,1,6,1,1,4,1,00,1,1,0,0,1,0,1,1,1,34,1,1,2,0,1,1,15,200800031892A01,,,,241700434
200800031893,2008-06-13,2008,juin,vendredi,08:50,17,17300,0,0,2,1,6,1,1,4,2,02,1,1,0,0,1,0,1,4,2,23,9,1,2,1,0,1,1,200800031893B01,7,22,1,241700434
200800031896,2008-06-17,2008,juin,mardi,12:15,17,17200,0,0,2,1,2,1,1,4,2,02,1,1,0,70,1,0,1,4,1,39,9,1,2,0,2,1,1,200800031896B01,7,16,1,241700434
200800031902,2008-06-23,2008,juin,lundi,08:40,17,17300,0,0,2,6,3,1,1,4,-1,02,-1,-1,0,50,-1,0,0,4,2,26,1,3,9,0,2,0,1,200800031902B01,7,0,1,241700434
200800031915,2008-06-22,2008,juin,dimanche,01:15,17,17306,0,0,2,1,6,3,1,3,-1,00,-1,-1,0,0,-1,0,1,1,1,43,0,3,9,0,2,0,1,200800031915C01,7,1,2,241700640
200800031916,2008-06-22,2008,juin,dimanche,11:40,17,17306,0,0,2,1,2,1,1,3,-1,00,-1,-1,0,0,-1,0,1,4,1,81,0,3,9,1,0,1,1,200800031916B01,7,23,1,241700640
200800031924,2008-06-13,2008,juin,vendredi,13:20,17,17415,0,0,2,1,2,1,1,4,4,04,2,1,0,0,1,2,1,4,1,16,5,3,9,0,2,1,1,200800031924B01,7,23,1,200036473
200800031934,2008-06-09,2008,juin,lundi,17:53,18,18033,0,0,2,1,6,1,1,4,2,02,-1,1,0,50,-1,0,1,4,1,8,5,3,9,0,0,7,19,200800031934B01,7,1,1,241800507
200800031942,2008-06-27,2008,juin,vendredi,07:00,18,18205,0,0,2,3,3,1,7,3,2,02,1,2,20,90,1,5,1,4,1,34,1,3,2,0,2,7,15,200800031942B01,7,9,1,241800507
200800031956,2008-06-20,2008,juin,vendredi,12:25,19,19031,45.15083,4.49945,2,1,7,1,1,4,2,02,1,1,0,0,1,0,1,4,1,45,1,2,2,0,0,0,1,200800031956B01,7,16,1,200043172
200800031977,2008-06-12,2008,juin,jeudi,17:48,21,21278,0,0,2,6,3,1,3,4,3,02,1,1,114,90,2,5,0,4,1,31,9,3,2,0,2,1,1,200800031977B01,7,1,1,242100410
200800031984,2008-06-19,2008,juin,jeudi,12:33,21,21231,0,0,2,2,3,1,1,4,1,01,1,1,0,55,1,5,0,4,1,24,5,3,2,0,2,2,1,200800031984B01,7,1,1,242100410
200800031990,2008-06-25,2008,juin,mercredi,12:15,21,21231,0,0,2,2,3,1,1,4,3,04,1,1,0,160,1,0,1,4,2,19,5,3,9,0,2,1,1,200800031990B01,7,16,1,242100410
200800031993,2008-06-27,2008,juin,vendredi,09:30,21,21231,0,0,2,1,2,1,1,4,2,02,1,1,0,76,1,0,1,4,1,25,1,1,2,1,0,2,1,200800031993B01,7,24,1,242100410
200800031999,2008-06-30,2008,juin,lundi,13:25,21,21231,0,0,2,3,2,1,1,4,2,02,1,1,0,0,1,0,0,4,1,56,1,2,2,1,2,4,1,200800031999B01,10,13,1,242100410
200800032006,2008-06-08,2008,juin,dimanche,00:34,22,22278,0,0,2,2,3,5,1,4,-1,00,-1,-1,0,0,-1,0,0,4,1,57,0,2,9,0,2,0,5,200800032006A01,7,1,1,200069409
200800032009,2008-06-20,2008,juin,vendredi,17:25,22,22278,0,0,2,1,3,1,1,4,2,00,-1,1,0,69,1,0,1,3,1,13,5,3,2,0,2,1,19,200800032009A01,7,1,1,200069409
200800032023,2008-06-02,2008,juin,lundi,08:53,25,25056,0,0,2,9,3,1,1,4,-1,02,1,-1,0,70,1,0,1,4,1,52,5,3,9,0,2,7,19,200800032023B01,7,9,1,242500361
200800032032,2008-06-16,2008,juin,lundi,16:04,25,25056,0,0,2,1,3,1,2,4,4,02,1,1,0,0,1,0,4,4,1,28,5,2,2,0,2,1,1,200800032032B01,7,9,1,242500361
200800032034,2008-06-17,2008,juin,mardi,17:33,25,25056,0,0,2,1,3,1,1,4,-1,02,1,1,0,0,1,0,1,4,1,57,5,2,2,0,2,7,1,200800032034B01,7,9,1,242500361
200800032044,2008-06-18,2008,juin,mercredi,06:48,26,26198,0,0,1,1,2,2,1,3,2,02,1,1,0,74,1,0,1,3,1,23,1,3,4,0,0,4,1,200800032044B01,7,0,1,200040459
200800032052,2008-06-26,2008,juin,jeudi,08:50,26,26281,0,0,2,1,6,1,1,4,2,02,1,1,0,60,1,0,1,3,2,47,5,2,2,0,2,1,1,200800032052A01,7,22,1,200068781
200800032059,2008-06-16,2008,juin,lundi,07:42,26,26362,0,0,2,3,3,1,1,3,2,03,1,1,0,91,1,0,1,3,2,22,1,3,2,0,2,0,1,200800032059B01,7,16,1,200068781
200800032069,2008-06-07,2008,juin,samedi,16:20,27,27229,0,0,2,1,2,1,1,4,2,02,1,1,0,0,1,0,1,4,1,9,5,3,2,0,2,6,11,200800032069A01,7,1,1,200071454
200800032082,2008-06-12,2008,juin,jeudi,16:40,27,27681,0,0,2,1,6,1,1,4,2,02,1,1,0,58,1,0,1,4,2,16,5,2,2,0,2,1,19,200800032082B01,7,1,1,200072312
200800032084,2008-06-17,2008,juin,mardi,12:40,27,27681,0,0,2,3,6,1,1,2,-1,01,1,1,0,15,1,0,1,4,1,14,5,3,2,0,2,1,19,200800032084A01,7,23,1,200072312
200800032128,2008-06-25,2008,juin,mercredi,18:55,29,29019,0,0,2,1,3,1,1,9,2,02,1,1,0,0,1,0,1,4,2,22,0,2,9,0,2,3,0,200800032128B01,7,17,1,242900314
200800032172,2008-06-13,2008,juin,vendredi,15:40,30,30189,43.84583,3.45699,2,6,6,1,1,4,2,01,1,1,0,44,1,0,1,4,1,20,1,2,2,0,2,1,9,200800032172A01,14,1,1,243000643
200800032185,2008-06-26,2008,juin,jeudi,08:55,30,30189,43.81795,4.34795,2,6,6,1,1,4,1,02,1,1,0,85,1,0,1,4,1,50,0,3,2,0,2,1,0,200800032185A01,7,0,1,243000643
200800032208,2008-06-05,2008,juin,jeudi,07:00,31,31555,0,0,2,1,2,1,1,4,2,02,1,1,0,60,1,0,1,4,2,75,5,3,9,0,2,1,0,200800032208B01,10,4,1,243100518
200800032210,2008-06-05,2008,juin,jeudi,16:15,31,31555,0,0,2,1,3,1,1,4,2,02,1,1,0,60,1,0,1,4,1,17,2,2,2,0,2,7,19,200800032210A01,7,1,1,243100518
200800032241,2008-06-18,2008,juin,mercredi,07:45,31,31555,0,0,2,1,3,1,1,4,2,02,2,1,0,70,1,0,1,4,2,43,1,1,2,0,2,1,0,200800032241B01,7,0,1,243100518
200800032246,2008-06-18,2008,juin,mercredi,16:50,31,31555,0,0,2,1,1,1,1,4,2,02,2,1,0,70,-1,0,1,4,2,51,0,3,9,0,2,4,0,200800032246A01,7,0,1,243100518
200800032248,2008-06-19,2008,juin,jeudi,17:40,31,31555,0,0,2,1,3,1,1,4,1,02,1,3,0,0,1,0,1,4,2,41,0,3,9,0,2,8,0,200800032248A01,33,0,1,243100518
200800032269,2008-06-27,2008,juin,vendredi,16:30,31,31555,0,0,2,1,1,1,1,4,2,04,1,1,0,0,1,0,1,4,1,65,5,3,9,0,2,1,0,200800032269B01,7,0,1,243100518
200800032280,2008-06-20,2008,juin,vendredi,09:55,32,32013,0,0,2,6,3,1,2,2,2,02,1,3,0,100,2,0,1,3,1,49,5,3,2,0,2,1,1,200800032280B01,7,16,1,200066926
200800032287,2008-06-22,2008,juin,dimanche,13:35,33,33529,0,0,2,1,6,5,2,4,2,02,1,1,0,64,2,0,1,4,1,45,5,3,9,0,2,8,1,200800032287B01,7,1,1,243300563
200800032294,2008-06-04,2008,juin,mercredi,09:50,33,33063,0,0,2,1,2,1,1,4,2,02,1,1,0,0,1,0,1,4,2,32,0,3,4,1,2,1,1,200800032294B01,14,1,1,243300316
200800032317,2008-06-12,2008,juin,jeudi,09:30,33,33063,0,0,2,1,2,1,1,4,2,02,1,1,0,60,1,0,1,4,2,58,4,3,4,1,2,8,1,200800032317B01,7,17,1,243300316
200800032318,2008-06-12,2008,juin,jeudi,08:15,33,33063,0,0,2,3,3,1,1,4,1,01,1,1,0,87,1,0,1,4,2,28,4,3,4,0,2,1,1,200800032318A01,7,16,1,243300316
200800032326,2008-06-14,2008,juin,samedi,15:50,33,33063,0,0,2,1,3,1,1,4,3,30,1,1,0,0,1,0,1,4,2,21,0,3,4,0,2,2,19,200800032326B01,7,1,1,243300316
200800032336,2008-06-14,2008,juin,samedi,10:00,33,33119,0,0,2,6,2,1,1,4,3,02,1,2,0,92,1,5,1,4,1,24,0,3,4,0,0,4,0,200800032336B01,7,2,1,243300316
200800032347,2008-06-20,2008,juin,vendredi,07:40,33,33063,0,0,2,2,3,1,1,4,1,01,1,1,0,31,1,0,1,3,1,33,1,3,4,0,0,7,1,200800032347A01,7,1,1,243300316
200800032349,2008-06-20,2008,juin,vendredi,09:15,33,33063,0,0,2,2,3,1,1,4,1,01,1,1,0,50,1,0,1,4,1,20,0,3,4,12,2,1,1,200800032349A01,7,1,1,243300316