Num_Acc,date,an,mois,jour,hrmn,dep,com,lat,long,agg,int,col,lum,atm,catr,circ,nbv,prof,plan,lartpc,larrout,surf,infra,situ,grav,sexe,age,trajet,secuexist,equipement,obs,obsm,choc,manv,vehiculeid,typevehicules,manoeuvehicules,numVehicules,_infos_commune.code_epci
200800035219,2008-06-17,2008,juin,mardi,09:10,75,75105,0,0,2,2,3,1,1,4,1,01,1,1,0,120,1,0,1,4,1,22,1,3,9,0,0,0,1,200800035219B01,2,2,1,200054781
200800035229,2008-06-26,2008,juin,jeudi,17:05,75,75105,0,0,2,1,3,1,1,4,3,03,1,1,10,198,1,0,1,4,1,38,5,3,9,15,0,0,7,200800035229B01,7,7,1,200054781
200800035236,2008-06-05,2008,juin,jeudi,20:20,75,75106,0,0,2,2,3,1,1,4,1,01,1,1,0,68,1,0,0,4,1,8,5,3,2,0,0,0,19,200800035236B01,7,1,1,200054781
200800035240,2008-06-11,2008,juin,mercredi,08:00,75,75106,0,0,2,1,3,1,1,4,2,00,2,1,0,0,1,0,1,4,1,35,5,3,2,0,0,8,13,200800035240A01,7,1,1,200054781
200800035261,2008-06-10,2008,juin,mardi,17:50,75,75107,0,0,2,4,3,1,1,4,1,01,1,1,0,37,1,0,1,4,1,58,1,3,2,0,2,1,7,200800035261B01,7,16,1,200054781
200800035264,2008-06-12,2008,juin,jeudi,17:50,75,75107,0,0,2,1,2,1,1,3,2,01,1,1,0,58,1,0,1,4,1,49,1,3,9,1,0,1,2,200800035264A01,10,2,1,200054781
200800035291,2008-06-10,2008,juin,mardi,20:45,75,75108,0,0,2,1,1,2,1,4,2,02,2,2,0,30,1,0,5,4,1,35,0,3,2,1,0,1,1,200800035291A01,1,13,1,200054781
200800035291,2008-06-10,2008,juin,mardi,20:45,75,75108,0,0,2,1,1,2,1,4,2,02,2,2,0,30,1,0,5,4,1,35,1,3,2,1,0,1,13,200800035291B01,1,1,1,200054781
200800035302,2008-06-21,2008,juin,samedi,12:45,75,75108,0,0,2,3,3,1,1,4,1,02,1,1,0,130,1,0,1,4,2,27,5,2,9,0,2,8,2,200800035302B01,7,2,1,200054781
200800035320,2008-06-05,2008,juin,jeudi,17:00,75,75109,0,0,2,1,7,1,1,4,1,01,1,1,0,40,1,0,1,4,2,52,5,3,2,0,0,0,21,200800035320A01,,,,200054781
200800035329,2008-06-18,2008,juin,mercredi,19:45,75,75109,0,0,2,1,2,1,1,4,1,04,1,1,0,200,1,0,1,4,1,49,4,2,9,0,0,4,1,200800035329B01,7,1,1,200054781
200800035330,2008-06-22,2008,juin,dimanche,19:35,75,75109,0,0,2,2,3,1,1,4,1,01,1,1,0,0,1,0,1,4,1,11,0,2,9,0,0,8,2,200800035330B01,7,2,1,200054781
200800035331,2008-06-24,2008,juin,mardi,00:05,75,75109,0,0,2,1,6,5,1,4,2,03,1,1,0,70,1,0,1,4,2,41,5,2,9,1,0,1,2,200800035331B01,7,24,1,200054781
200800035335,2008-06-25,2008,juin,mercredi,12:20,75,75109,0,0,2,2,6,1,1,4,1,03,1,1,0,120,1,0,1,4,2,31,1,2,9,1,0,1,2,200800035335B01,7,22,1,200054781
200800035346,2008-06-01,2008,juin,dimanche,17:45,75,75110,0,0,2,1,1,1,1,4,1,02,2,1,20,60,1,6,1,1,1,22,0,3,9,0,0,1,0,200800035346A01,1,0,1,200054781
200800035346,2008-06-01,2008,juin,dimanche,17:45,75,75110,0,0,2,1,1,1,1,4,1,02,2,1,20,60,1,6,1,4,2,10,0,3,2,0,0,0,0,200800035346B01,1,0,1,200054781
200800035366,2008-06-16,2008,juin,lundi,17:55,75,75110,0,0,2,2,6,1,1,4,1,02,1,1,0,80,1,2,1,4,1,43,1,3,9,0,2,3,1,200800035366B01,30,0,1,200054781
200800035369,2008-06-20,2008,juin,vendredi,08:00,75,75110,0,0,2,1,7,1,1,4,1,01,1,1,0,60,1,0,1,4,1,49,0,2,9,0,0,0,0,200800035369A01,,,,200054781
200800035370,2008-06-20,2008,juin,vendredi,16:20,75,75110,0,0,2,1,3,1,1,4,-1,00,1,1,0,0,1,0,5,4,1,51,5,2,2,1,0,1,2,200800035370B01,7,22,1,200054781
200800035374,2008-06-24,2008,juin,mardi,16:00,75,75110,0,0,2,1,1,1,1,4,1,01,1,1,0,70,1,0,5,4,1,54,1,2,9,0,2,1,5,200800035374B01,31,0,1,200054781
200800035388,2008-06-09,2008,juin,lundi,19:30,75,75111,0,0,2,1,3,1,1,4,2,01,1,1,0,100,1,0,1,4,2,49,5,2,9,0,2,3,11,200800035388A01,7,1,1,200054781
200800035392,2008-06-10,2008,juin,mardi,22:45,75,75111,0,0,2,1,2,5,1,4,2,06,1,1,0,150,1,0,1,4,2,50,5,3,2,0,2,4,2,200800035392B01,7,2,1,200054781
200800035398,2008-06-18,2008,juin,mercredi,08:55,75,75111,0,0,2,1,2,1,1,4,2,02,2,1,0,140,1,0,1,4,2,48,1,3,9,0,0,1,2,200800035398B01,10,24,1,200054781
200800035402,2008-06-19,2008,juin,jeudi,21:45,75,75111,0,0,2,1,6,2,1,4,1,01,1,1,0,60,1,0,3,4,1,14,5,3,9,15,0,0,0,200800035402A01,,,,200054781
200800035414,2008-06-01,2008,juin,dimanche,12:20,75,75112,0,0,2,1,7,1,1,9,-1,01,-1,-1,0,40,-1,0,5,4,1,45,0,3,9,0,0,0,0,200800035414A01,,,,200054781
200800035415,2008-06-02,2008,juin,lundi,12:12,75,75112,0,0,2,1,3,1,1,4,2,02,1,1,0,80,1,0,1,4,2,51,1,3,2,1,0,2,1,200800035415B01,7,22,1,200054781
200800035435,2008-06-13,2008,juin,vendredi,01:20,75,75112,0,0,2,3,1,5,1,4,1,01,1,2,0,40,1,2,5,4,1,38,5,3,9,0,0,4,23,200800035435A01,37,15,1,200054781
200800035448,2008-06-21,2008,juin,samedi,09:05,75,75112,0,0,2,1,6,1,1,4,1,01,1,1,0,50,1,0,1,4,1,40,4,2,9,0,0,0,1,200800035448A01,,,,200054781
200800035449,2008-06-21,2008,juin,samedi,18:00,75,75112,0,0,2,3,6,1,1,4,1,01,1,1,0,36,1,0,1,1,1,15,5,2,2,0,1,1,1,200800035449A01,,,,200054781
200800035455,2008-06-25,2008,juin,mercredi,03:15,75,75112,0,0,2,1,6,5,1,2,2,02,1,1,0,30,1,0,1,4,1,54,1,3,9,15,0,1,0,200800035455A01,,,,200054781
200800035463,2008-06-26,2008,juin,jeudi,15:20,75,75112,0,0,2,1,6,1,1,4,2,04,1,1,0,60,1,0,5,1,1,32,1,3,9,0,1,1,1,200800035463A01,,,,200054781
200800035478,2008-06-03,2008,juin,mardi,19:42,75,75113,0,0,2,1,6,1,8,9,2,04,1,1,0,40,1,0,1,1,1,28,1,3,2,0,1,1,7,200800035478A01,,,,200054781
200800035480,2008-06-05,2008,juin,jeudi,17:15,75,75113,0,0,2,1,3,1,1,9,2,03,1,1,0,0,1,0,5,4,1,20,5,3,2,0,0,8,1,200800035480B01,7,16,1,200054781
200800035483,2008-06-09,2008,juin,lundi,09:25,75,75113,0,0,2,1,7,1,1,4,2,02,2,1,0,70,1,0,1,4,1,28,1,2,9,0,0,0,7,200800035483A01,,,,200054781
200800035492,2008-06-17,2008,juin,mardi,23:40,75,75113,0,0,2,2,6,5,1,4,-1,01,-1,-1,0,100,1,0,1,4,1,52,5,2,9,0,2,8,1,200800035492A01,7,16,1,200054781
200800035493,2008-06-19,2008,juin,jeudi,19:15,75,75113,0,0,2,2,3,1,1,4,-1,01,1,1,0,70,1,0,1,4,1,33,5,3,9,0,2,3,0,200800035493B01,7,0,1,200054781
200800035497,2008-06-24,2008,juin,mardi,16:15,75,75113,0,0,2,1,2,1,1,4,2,02,2,1,0,70,1,0,1,1,2,46,5,3,9,0,2,4,1,200800035497B01,7,14,1,200054781
200800035502,2008-06-27,2008,juin,vendredi,16:50,75,75113,0,0,2,1,6,1,1,4,2,04,-1,-1,0,120,1,0,1,4,1,24,1,3,9,0,0,0,12,200800035502B01,7,0,1,200054781
200800035511,2008-06-12,2008,juin,jeudi,17:20,75,75114,0,0,2,2,3,1,1,4,1,03,1,1,18,103,1,0,1,4,2,26,5,3,9,0,0,0,0,200800035511A01,32,0,1,200054781
200800035526,2008-06-23,2008,juin,lundi,13:25,75,75114,0,0,2,2,3,1,1,4,2,04,1,1,0,60,1,0,1,4,1,36,4,1,4,0,2,8,1,200800035526B01,37,16,1,200054781
200800035545,2008-06-03,2008,juin,mardi,09:00,75,75115,0,0,2,1,6,1,1,4,2,02,1,1,0,50,1,0,1,4,2,26,1,3,2,1,0,0,12,200800035545A01,,,,200054781
200800035547,2008-06-04,2008,juin,mercredi,16:40,75,75115,0,0,2,2,7,1,1,9,1,01,1,1,0,90,1,0,5,4,1,27,0,3,2,14,0,0,2,200800035547A01,,,,200054781
200800035553,2008-06-11,2008,juin,mercredi,20:50,75,75115,0,0,2,2,3,1,1,4,2,02,1,1,0,100,1,0,1,4,1,27,1,3,2,0,2,1,1,200800035553B01,7,15,1,200054781
200800035562,2008-06-17,2008,juin,mardi,18:55,75,75115,0,0,2,1,5,1,1,4,1,02,2,1,0,0,1,0,1,4,1,60,1,2,4,1,2,7,7,200800035562A01,10 / 7,0 / 1,2,200054781
200800035570,2008-06-23,2008,juin,lundi,12:15,75,75115,0,0,2,2,3,1,1,9,1,02,-1,1,0,0,1,0,1,4,1,42,5,3,9,0,0,1,19,200800035570B01,7,15,1,200054781
200800035575,2008-06-25,2008,juin,mercredi,13:25,75,75115,0,0,2,3,2,1,1,4,2,01,1,1,0,80,1,0,1,4,1,56,5,3,4,0,2,1,0,200800035575A01,7,16,1,200054781
200800035584,2008-06-30,2008,juin,lundi,19:55,75,75115,0,0,2,2,3,1,1,4,1,01,1,1,0,50,1,0,1,4,1,47,5,3,9,0,2,8,0,200800035584B01,10,2,1,200054781
200800035595,2008-06-05,2008,juin,jeudi,20:45,75,75116,0,0,2,1,7,2,1,4,1,01,1,3,0,40,1,0,1,3,1,15,5,1,2,0,2,0,21,200800035595A01,,,,200054781
200800035600,2008-06-08,2008,juin,dimanche,11:17,75,75116,0,0,2,1,2,1,1,9,3,01,1,1,0,0,1,0,5,4,1,48,5,3,2,0,2,1,2,200800035600A01,1,13,1,200054781
200800035600,2008-06-08,2008,juin,dimanche,11:17,75,75116,0,0,2,1,2,1,1,9,3,01,1,1,0,0,1,0,5,4,1,78,0,3,2,0,0,6,13,200800035600B01,1,2,1,200054781
200800035612,2008-06-13,2008,juin,vendredi,16:50,75,75116,0,0,2,1,7,1,1,4,2,00,1,1,0,0,1,0,1,4,1,80,5,2,9,0,0,0,0,200800035612A01,,,,200054781
200800035616,2008-06-16,2008,juin,lundi,11:25,75,75116,0,0,2,1,2,1,1,4,1,00,1,1,0,0,1,0,5,3,1,54,5,3,9,0,0,4,2,200800035616A01,1,2,1,200054781
200800035616,2008-06-16,2008,juin,lundi,11:25,75,75116,0,0,2,1,2,1,1,4,1,00,1,1,0,0,1,0,5,4,1,63,5,1,2,0,0,4,2,200800035616B01,1,2,1,200054781
200800035672,2008-06-19,2008,juin,jeudi,18:35,75,75117,0,0,2,1,2,1,8,4,1,03,2,1,0,200,1,0,1,4,2,32,1,3,4,0,2,1,21,200800035672B01,7,9,1,200054781
200800035681,2008-06-27,2008,juin,vendredi,19:30,75,75117,0,0,2,2,3,1,1,4,2,03,2,1,0,0,1,0,1,4,2,51,5,2,9,0,0,3,2,200800035681A01,38,16,1,200054781
200800035682,2008-06-28,2008,juin,samedi,13:20,75,75117,0,0,2,1,6,1,1,4,2,02,1,1,0,98,1,0,1,4,2,52,0,2,9,1,0,3,2,200800035682A01,7,22,1,200054781
200800035686,2008-06-30,2008,juin,lundi,09:00,75,75117,0,0,2,1,6,1,1,4,2,02,1,1,10,300,1,0,3,4,2,50,1,3,9,1,0,1,24,200800035686A01,,,,200054781
200800035694,2008-06-06,2008,juin,vendredi,01:00,75,75118,0,0,2,1,6,5,1,4,2,05,1,1,0,35,1,0,1,4,1,29,0,3,2,0,2,2,1,200800035694A01,7,10,1,200054781
200800035702,2008-06-13,2008,juin,vendredi,13:40,75,75118,0,0,2,1,6,1,1,4,1,01,2,1,0,40,1,0,1,1,1,29,1,1,9,0,1,1,0,200800035702A01,,,,200054781
200800035721,2008-06-30,2008,juin,lundi,18:00,75,75118,0,0,2,3,3,1,1,4,1,02,1,1,0,100,1,0,1,4,1,54,5,3,9,0,2,1,1,200800035721B01,7,16,1,200054781
200800035728,2008-06-10,2008,juin,mardi,13:20,75,75119,0,0,2,5,3,1,1,4,1,02,1,-1,0,100,1,0,0,1,1,59,5,3,2,0,2,1,1,200800035728B01,33,1,1,200054781
200800035732,2008-06-16,2008,juin,lundi,16:20,75,75119,0,0,2,3,3,1,8,4,2,02,1,1,0,140,1,0,1,4,1,33,9,3,9,0,2,1,1,200800035732A01,7,15,1,200054781
200800035736,2008-06-18,2008,juin,mercredi,18:00,75,75119,0,0,2,2,3,1,1,4,2,02,1,1,10,120,-1,0,1,4,1,30,1,2,9,0,9,1,1,200800035736B01,3,15,1,200054781
200800035740,2008-06-23,2008,juin,lundi,14:15,75,75119,0,0,2,1,3,1,1,4,2,02,1,-1,0,140,1,0,1,4,1,16,5,1,9,0,0,1,2,200800035740B01,10,2,1,200054781
200800035741,2008-06-24,2008,juin,mardi,01:40,75,75119,0,0,2,3,3,5,1,4,2,04,1,1,0,120,1,0,1,4,1,24,5,3,9,0,2,8,1,200800035741B01,10,0,1,200054781
200800035742,2008-06-25,2008,juin,mercredi,23:40,75,75119,0,0,2,1,3,5,1,4,2,06,1,1,0,150,1,0,1,4,1,56,0,3,9,0,2,0,0,200800035742A01,7,0,1,200054781
200800035744,2008-06-27,2008,juin,vendredi,08:05,75,75119,0,0,2,2,2,1,1,4,1,02,1,1,30,60,1,0,1,4,2,25,1,3,9,1,2,5,19,200800035744B01,7,2,1,200054781
200800035758,2008-06-06,2008,juin,vendredi,06:30,75,75120,0,0,2,3,3,1,2,4,1,01,2,1,7,64,2,0,5,4,1,46,1,3,2,0,2,1,1,200800035758B01,7,15,1,200054781
200800035773,2008-06-16,2008,juin,lundi,11:10,75,75120,0,0,2,1,2,1,1,4,1,00,1,1,94,87,1,0,5,4,2,41,5,2,2,1,0,0,0,200800035773B01,7,0,1,200054781
200800035779,2008-06-18,2008,juin,mercredi,17:19,75,75120,0,0,2,1,3,1,1,4,2,00,1,-1,0,0,1,0,0,4,1,17,5,3,9,0,0,0,0,200800035779A01,7,0,1,200054781
200800035780,2008-06-18,2008,juin,mercredi,18:55,75,75120,0,0,2,3,6,1,1,4,2,02,1,1,1,1,1,0,1,4,1,27,5,3,9,0,0,0,0,200800035780B01,7,0,1,200054781
200800035787,2008-06-26,2008,juin,jeudi,10:35,75,75120,0,0,2,1,2,1,1,4,2,00,2,1,0,98,1,0,0,4,1,30,0,3,9,0,2,3,2,200800035787B01,10,2,1,200054781
200800035808,2008-06-09,2008,juin,lundi,15:20,75,75116,0,0,2,1,7,1,1,4,2,02,1,1,0,96,1,0,1,4,2,23,4,1,2,0,0,0,0,200800035808A01,,,,200054781
200800035814,2008-06-13,2008,juin,vendredi,12:10,75,75114,0,0,2,1,3,1,1,4,2,03,1,1,0,83,1,0,1,4,1,37,5,3,4,0,2,8,15,200800035814A01,33,2,1,200054781
200800035829,2008-06-23,2008,juin,lundi,10:45,75,75105,0,0,2,2,3,1,7,4,1,03,1,1,0,136,1,0,1,2,2,42,1,3,9,0,2,0,0,200800035829B01,14,0,1,200054781
200800035959,2008-03-09,2008,mars,dimanche,11:24,62,62186,0,0,2,1,3,1,1,4,1,02,1,-1,0,80,1,0,0,4,1,46,5,2,2,0,2,1,1,200800035959B01,7,9,1,246200364
200800035962,2008-05-23,2008,mai,vendredi,17:45,62,62083,0,0,2,3,3,1,1,4,2,02,-1,-1,0,0,1,0,0,4,1,12,5,3,9,0,2,8,19,200800035962A01,7,1,1,200072460
200800035988,2008-06-25,2008,juin,mercredi,15:40,76,76681,0,0,2,1,6,1,7,4,2,02,3,1,0,80,1,0,1,3,1,12,5,3,2,0,2,0,19,200800035988A01,7,0,1,200023414
200800035989,2008-06-22,2008,juin,dimanche,17:50,76,76540,0,0,2,1,7,1,1,9,4,02,2,1,0,40,9,0,1,3,1,4,5,3,2,12,0,1,13,200800035989A01,,,,200023414
200800035990,2008-06-23,2008,juin,lundi,15:55,76,76681,0,0,2,6,6,1,1,4,2,02,1,-1,0,60,1,5,1,4,1,26,0,3,2,0,2,0,0,200800035990A01,7,0,1,200023414
200800035998,2008-06-30,2008,juin,lundi,19:10,76,76540,0,0,2,2,3,1,9,4,2,02,2,1,0,70,1,0,1,3,1,18,1,3,2,0,2,6,19,200800035998A01,30,1,1,200023414
200800035999,2008-06-02,2008,juin,lundi,09:30,77,77251,0,0,2,1,3,1,8,3,2,02,1,1,0,0,2,5,1,3,1,23,1,2,4,0,2,7,19,200800035999A01,37,1,1,200059228
200800036012,2008-06-27,2008,juin,vendredi,19:25,94,94067,0,0,2,1,6,1,1,2,2,06,1,1,0,0,1,0,1,4,1,38,0,3,9,0,2,1,18,200800036012B01,7,23,1,200054781
200800036014,2008-06-28,2008,juin,samedi,14:00,94,94067,0,0,2,1,3,1,1,3,2,01,1,-1,0,0,1,0,1,4,2,35,5,2,2,0,2,1,0,200800036014B01,7,0,1,200054781
200800036019,2008-05-30,2008,mai,vendredi,11:30,69,69383,0,0,2,1,6,1,1,4,1,01,1,1,0,0,1,0,5,4,2,52,0,3,9,1,0,1,1,200800036019B01,7,22,1,200046977
200800036050,2008-07-25,2008,juillet,vendredi,16:00,62,62447,50.37,2.04,2,1,3,1,1,3,2,03,1,2,8,70,1,5,1,3,2,46,3,3,0,0,2,7,1,200800036050B02,34,1,1,200044030
200800036066,2008-07-28,2008,juillet,lundi,15:15,80,80721,50.19,1.636,2,1,2,1,1,9,1,01,1,1,0,30,1,0,1,4,1,45,5,3,0,0,2,1,23,200800036066B02,7,4,1,200070993
200800036123,2008-07-20,2008,juillet,dimanche,09:15,60,60254,0,0,2,1,1,1,1,3,3,00,1,1,0,70,1,0,1,3,1,30,0,1,2,0,2,1,1,200800036123A01,7,0,1,246000897
200800036124,2008-07-04,2008,juillet,vendredi,20:30,60,60488,0,0,1,1,3,1,1,3,2,04,1,1,0,140,1,5,1,3,1,45,1,3,0,0,2,8,15,200800036124B02,7,2,1,246000756
200800036127,2008-07-17,2008,juillet,jeudi,17:45,60,60139,0,0,1,1,2,1,1,3,-1,00,1,1,70,0,1,0,1,3,1,11,5,3,0,0,2,6,15,200800036127B02,7,2,1,200067973
200800036129,2008-07-12,2008,juillet,samedi,16:30,60,60282,49.189,2.414,2,1,7,1,1,3,2,02,2,1,0,60,1,0,1,2,1,63,3,3,0,0,9,1,0,200800036129A01,,,,246000764
200800036148,2008-07-17,2008,juillet,jeudi,12:15,76,76021,49.682,0.433,2,6,3,1,1,3,2,02,1,1,0,59,1,5,1,3,1,45,5,1,2,0,2,1,1,200800036148B02,7,1,1,247600505
200800036186,2008-07-22,2008,juillet,mardi,10:30,35,35047,0,0,2,1,1,1,1,4,2,02,1,1,0,60,1,0,1,3,1,23,9,1,9,0,2,1,1,200800036186B02,7,19,1,243500139
200800036207,2008-07-07,2008,juillet,lundi,11:45,35,35228,0,0,1,1,2,1,1,3,3,02,1,1,20,70,1,0,1,2,2,55,5,3,0,0,2,4,1,200800036207B02,10,2,1,243500725
200800036210,2008-07-06,2008,juillet,dimanche,18:30,35,35327,0,0,2,1,3,1,1,4,2,00,1,1,0,0,1,0,1,3,1,9,5,1,2,0,2,1,1,200800036210B02,7,1,1,243500659
200800036212,2008-07-11,2008,juillet,vendredi,16:30,35,35333,0,0,1,1,2,1,1,3,2,02,-1,1,0,60,1,0,1,3,1,14,5,3,0,0,0,4,13,200800036212B02,7,17,1,243500634
200800036231,2008-07-20,2008,juillet,dimanche,09:45,22,22269,48.701,-3.217,2,1,1,1,1,3,2,00,1,1,0,90,1,0,1,3,2,63,5,1,2,0,2,1,1,200800036231B02,7,19,1,200067981
200800036232,2008-07-23,2008,juillet,mercredi,13:15,22,22212,48.672,-3.204,1,1,1,1,1,3,2,00,1,1,0,65,1,0,1,4,1,64,5,3,0,0,2,7,1,200800036232B02,7,19,1,200067981
200800036240,2008-07-22,2008,juillet,mardi,12:15,29,29220,0,0,2,6,1,1,1,9,1,00,1,2,0,0,1,0,1,4,2,49,5,3,0,0,2,4,1,200800036240A01,7,1,1,242900702
200800036260,2008-07-09,2008,juillet,mercredi,17:45,56,56183,0,0,2,3,3,1,1,4,2,02,1,1,0,50,1,0,1,3,1,10,5,3,0,0,2,8,16,200800036260A01,7,1,1,
200800036267,2008-07-26,2008,juillet,samedi,20:45,56,56258,0,0,2,1,3,1,1,4,2,02,1,1,0,56,1,0,1,3,1,13,5,3,0,0,2,1,19,200800036267A01,7,1,1,200043123
200800036285,2008-07-02,2008,juillet,mercredi,19:15,14,14738,0,0,2,1,3,1,1,4,2,00,2,4,0,35,1,0,1,3,1,14,5,3,0,0,2,1,19,200800036285B02,7,1,1,200065597
200800036340,2008-07-20,2008,juillet,dimanche,08:45,61,61337,0,0,1,2,1,1,1,3,2,01,2,1,0,48,1,0,1,3,1,61,5,3,0,0,2,3,1,200800036340B02,30,1,1,
200800036354,2008-07-30,2008,juillet,mercredi,15:15,44,44212,0,0,1,1,3,1,1,3,2,02,1,1,0,67,1,0,1,2,1,62,5,1,2,0,2,8,19,200800036354B02,7,1,1,200067866
200800036368,2008-07-05,2008,juillet,samedi,15:45,44,44069,0,0,2,9,1,1,1,3,3,04,1,1,0,0,1,0,1,3,2,47,3,2,2,0,2,3,1,200800036368B02,7,1,1,244400610
200800036369,2008-07-04,2008,juillet,vendredi,12:45,44,44069,0,0,1,6,1,1,1,3,-1,00,1,-1,0,0,1,5,1,3,2,58,5,3,0,0,2,8,13,200800036369B02,10,2,1,244400610
200800036370,2008-07-13,2008,juillet,dimanche,08:30,44,44175,0,0,1,1,2,1,1,3,2,02,3,1,0,63,1,0,1,2,1,62,5,3,0,0,2,6,1,200800036370A01,33,2,1,244400610
200800036388,2008-07-31,2008,juillet,jeudi,16:00,49,49308,47.383,-0.497,2,1,1,1,2,3,2,00,4,1,0,50,2,0,1,4,1,15,5,3,0,0,0,0,1,200800036388B02,2,1,1,200071553
200800036393,2008-07-01,2008,juillet,mardi,10:30,49,49092,0,0,2,1,3,1,1,3,2,02,1,1,0,79,1,0,1,3,1,62,0,3,0,0,2,1,1,200800036393B02,7,15,1,200060010
200800036399,2008-07-09,2008,juillet,mercredi,16:45,49,49069,47.338,-1.263,2,6,3,1,1,3,2,00,1,2,0,50,1,5,1,3,1,36,5,1,2,0,2,7,1,200800036399B02,7,1,1,
200800036400,2008-07-29,2008,juillet,mardi,18:15,49,49296,47.291,-1.19,2,1,1,1,1,9,-1,00,1,2,0,45,1,0,1,3,2,3,5,3,0,0,2,1,13,200800036400B02,7,1,1,
200800036431,2008-07-13,2008,juillet,dimanche,12:15,72,72098,47.695,0.201,2,1,3,1,1,3,2,00,2,3,0,0,1,0,1,3,1,41,5,3,0,0,2,1,16,200800036431B02,7,15,1,200073112
200800036447,2008-07-19,2008,juillet,samedi,12:00,85,85005,46.627,-0.777,1,1,2,1,1,3,3,02,2,1,49,70,1,5,1,3,1,88,0,3,0,0,2,4,13,200800036447B02,7,1,1,248500415
200800036471,2008-07-19,2008,juillet,samedi,12:00,33,33013,44.871,-0.498,2,1,1,1,1,9,2,02,-1,1,0,60,1,0,1,4,1,53,5,1,2,0,2,0,1,200800036471B02,7,15,1,243300316
200800036472,2008-07-29,2008,juillet,mardi,11:00,33,33061,0,0,1,1,7,1,1,3,2,02,1,1,0,95,1,0,1,3,1,56,5,3,0,0,0,1,1,200800036472A01,,,,243301355
200800036480,2008-07-01,2008,juillet,mardi,08:00,33,33476,45.304,-0.789,1,1,2,1,1,3,2,02,1,1,0,57,1,0,1,3,1,56,1,3,0,0,0,3,1,200800036480B02,2,1,1,200069995
200800036489,2008-07-13,2008,juillet,dimanche,18:00,33,33394,0,0,2,1,5,1,1,3,2,02,2,1,0,0,1,0,1,3,1,51,9,1,2,0,2,1,2,200800036489B02,7,15,1,200035533
200800036489,2008-07-13,2008,juillet,dimanche,18:00,33,33394,0,0,2,1,5,1,1,3,2,02,2,1,0,0,1,0,1,4,1,40,9,1,2,0,2,1,2,200800036489C03,7,15,1,200035533
200800036518,2008-07-24,2008,juillet,jeudi,14:45,40,40115,0,0,1,2,3,1,1,3,2,02,1,1,0,60,1,0,1,3,1,73,5,2,2,0,2,1,19,200800036518B02,7,1,1,200069631
200800036519,2008-07-25,2008,juillet,vendredi,16:00,40,40266,0,0,1,1,2,1,1,3,2,02,1,1,0,59,1,0,1,3,2,58,5,3,0,0,2,4,2,200800036519B02,7,2,1,244000857
200800036545,2008-07-17,2008,juillet,jeudi,17:30,40,40137,43.966,-0.314,1,9,3,1,1,3,2,02,1,1,0,178,1,3,1,3,1,55,9,3,0,0,2,8,15,200800036545B02,15,1,1,244000774
200800036563,2008-07-17,2008,juillet,jeudi,18:00,47,47175,44.54,0.759,2,1,2,1,1,3,2,01,2,1,0,48,1,0,1,3,2,14,5,3,0,0,2,8,15,200800036563B02,7,1,1,200036523
200800036574,2008-07-03,2008,juillet,jeudi,10:45,86,86297,0,0,2,1,3,1,1,3,2,02,1,1,0,56,1,0,4,4,1,15,5,3,0,0,2,1,19,200800036574B02,7,1,1,200069854
200800036589,2008-07-18,2008,juillet,vendredi,13:45,86,86140,46.404,0.725,2,1,1,1,1,3,2,02,1,3,0,68,1,5,1,3,1,15,5,2,2,0,2,7,19,200800036589B02,7,1,1,200070043
200800036591,2008-07-30,2008,juillet,mercredi,20:45,16,16287,0,0,2,1,3,2,1,3,2,02,1,-1,0,70,1,0,1,3,1,18,5,3,0,0,2,7,19,200800036591B02,7,1,1,200071827
200800036603,2008-07-14,2008,juillet,lundi,11:15,17,17194,46.139,-1.008,2,6,3,1,1,3,2,02,-1,1,0,0,1,5,1,4,1,53,5,1,2,0,2,7,15,200800036603B02,7,1,1,241700434
200800036608,2008-07-24,2008,juillet,jeudi,16:30,17,17360,0,0,1,1,3,1,1,3,-1,00,1,1,0,114,1,5,1,3,1,37,5,3,0,0,2,1,19,200800036608B02,7,1,1,241700459
200800036638,2008-07-03,2008,juillet,jeudi,21:30,79,79056,0,0,1,1,2,2,7,3,2,01,1,1,0,70,9,0,1,3,1,35,5,2,2,0,2,4,1,200800036638A01,7,17,1,247900798
200800036655,2008-07-12,2008,juillet,samedi,13:30,19,19076,0,0,1,1,1,1,1,3,2,02,1,1,0,72,1,0,1,2,1,57,5,1,2,0,0,4,2,200800036655B02,7,2,1,241927243
200800036668,2008-07-04,2008,juillet,vendredi,11:15,31,31079,0,0,1,1,1,1,1,3,2,02,4,3,0,70,1,0,1,3,1,11,5,3,0,0,2,1,19,200800036668B02,7,1,1,200034957
200800036685,2008-07-28,2008,juillet,lundi,10:45,31,31500,0,0,1,1,1,1,1,3,2,02,2,1,0,60,1,0,1,3,1,45,5,3,0,0,2,4,2,200800036685B02,10,2,1,200072635
200800036685,2008-07-28,2008,juillet,lundi,10:45,31,31500,0,0,1,1,1,1,1,3,2,02,2,1,0,60,1,0,1,3,1,36,0,3,0,0,2,4,2,200800036685B02,10,2,1,200072635
200800036696,2008-07-18,2008,juillet,vendredi,10:45,09,09261,42.981,1.157,2,1,3,1,7,3,2,00,1,1,0,0,1,0,1,3,1,41,5,1,2,0,2,1,1,200800036696B02,7,15,1,200067940
200800036711,2008-07-19,2008,juillet,samedi,21:00,32,32033,43.672,0.323,2,1,3,2,1,3,2,02,2,1,0,60,1,0,1,3,1,9,5,3,0,0,2,1,1,200800036711B02,7,1,1,243200607
200800036742,2008-07-10,2008,juillet,jeudi,10:45,81,81128,0,0,1,1,1,1,1,3,4,00,1,1,0,60,1,0,1,4,2,43,5,3,0,0,9,4,1,200800036742A01,1,1,1,200066561