Num_Acc,date,an,mois,jour,hrmn,dep,com,lat,long,agg,int,col,lum,atm,catr,circ,nbv,prof,plan,lartpc,larrout,surf,infra,situ,grav,sexe,age,trajet,secuexist,equipement,obs,obsm,choc,manv,vehiculeid,typevehicules,manoeuvehicules,numVehicules,_infos_commune.code_epci
200800040028,2008-07-25,2008,juillet,vendredi,16:40,59,59383,0,0,2,3,3,1,1,4,2,02,1,1,0,80,1,0,1,4,1,66,5,3,9,0,2,1,1,200800040028B01,7,15,1,245901160
200800040033,2008-07-01,2008,juillet,mardi,08:10,60,60057,0,0,2,1,6,1,1,4,2,02,1,1,0,58,1,0,1,3,1,58,4,2,2,0,2,0,19,200800040033B01,7,1,1,200067999
200800040038,2008-07-01,2008,juillet,mardi,20:40,60,60159,0,0,2,1,6,1,1,4,2,02,1,1,0,105,1,0,1,4,2,20,5,1,4,0,9,6,2,200800040038B01,7,17,1,200067965
200800040038,2008-07-01,2008,juillet,mardi,20:40,60,60159,0,0,2,1,6,1,1,4,2,02,1,1,0,105,1,0,1,1,1,16,5,3,9,0,0,4,2,200800040038C01,7,17,1,200067965
200800040041,2008-07-25,2008,juillet,vendredi,15:00,60,60414,0,0,1,1,1,1,1,3,1,01,1,1,0,74,1,5,1,3,1,42,1,2,4,0,2,1,5,200800040041B01,7,9,1,200068047
200800040043,2008-07-11,2008,juillet,vendredi,14:25,61,61397,0,0,2,1,7,1,1,4,2,02,1,4,0,86,1,0,1,3,1,17,5,2,2,0,0,0,17,200800040043B01,7,17,1,246100663
200800040046,2008-07-01,2008,juillet,mardi,19:50,62,62753,0,0,2,3,3,1,1,4,2,02,2,1,0,0,1,0,0,3,1,35,5,3,0,0,2,6,19,200800040046B01,7,1,1,200033579
200800040055,2008-07-27,2008,juillet,dimanche,11:30,62,62688,0,0,2,2,3,1,1,3,2,02,1,1,0,68,1,5,1,3,2,55,5,3,9,0,2,8,19,200800040055A01,33,17,1,200069029
200800040064,2008-07-13,2008,juillet,dimanche,14:55,62,62193,0,0,2,1,3,1,1,4,1,01,1,1,0,120,1,0,5,3,1,16,5,3,2,0,2,1,1,200800040064B01,7,9,1,200090751
200800040073,2008-07-28,2008,juillet,lundi,09:50,62,62413,0,0,2,1,6,1,1,4,2,02,1,1,0,75,1,0,1,4,1,13,5,3,0,0,2,0,2,200800040073A01,7,17,1,246200364
200800040074,2008-07-31,2008,juillet,jeudi,14:30,62,62215,0,0,2,2,6,1,1,4,2,03,1,1,0,90,1,5,0,4,2,72,5,3,9,0,2,1,2,200800040074B01,7,2,1,246200299
200800040081,2008-07-17,2008,juillet,jeudi,17:55,62,62427,0,0,2,1,6,1,2,4,2,02,1,1,0,68,2,0,1,4,1,14,5,2,4,0,2,1,1,200800040081B01,7,1,1,246200299
200800040094,2008-07-28,2008,juillet,lundi,20:23,62,62019,0,0,2,6,3,2,3,4,1,02,1,1,0,0,4,0,1,3,2,53,5,2,4,0,2,7,0,200800040094B01,7,9,1,246200364
200800040096,2008-07-22,2008,juillet,mardi,19:00,62,62737,0,0,2,2,3,1,1,4,-1,00,-1,-1,0,0,-1,0,0,4,1,18,5,3,9,0,2,7,0,200800040096B01,2,0,1,246200364
200800040105,2008-07-04,2008,juillet,vendredi,23:45,63,63113,0,0,2,2,6,5,1,4,1,02,1,1,0,0,1,0,1,3,1,18,9,3,9,0,2,1,1,200800040105A01,7,1,1,246300701
200800040125,2008-07-21,2008,juillet,lundi,16:30,63,63113,0,0,2,1,3,1,1,4,2,02,1,1,0,70,1,0,5,4,1,59,5,3,9,0,2,1,1,200800040125B01,10,4,1,246300701
200800040135,2008-07-27,2008,juillet,dimanche,16:10,63,63113,0,0,2,1,6,1,1,3,2,02,1,1,0,73,1,0,1,4,1,43,9,2,2,0,0,0,0,200800040135A01,,,,246300701
200800040178,2008-07-24,2008,juillet,jeudi,10:35,64,64445,0,0,2,1,2,1,1,4,2,02,1,1,0,0,1,0,1,4,2,74,5,2,9,0,2,3,1,200800040178B01,7,14,1,200067254
200800040185,2008-07-29,2008,juillet,mardi,17:35,64,64445,0,0,2,3,3,1,1,2,2,02,1,1,0,110,1,0,1,4,1,54,9,1,2,0,9,2,3,200800040185B01,7,15,1,200067254
200800040204,2008-07-31,2008,juillet,jeudi,09:25,64,64483,0,0,2,1,5,1,1,3,2,03,2,1,0,0,1,0,1,4,1,63,5,1,2,0,2,1,1,200800040204B01,7,14,1,200067106
200800040204,2008-07-31,2008,juillet,jeudi,09:25,64,64483,0,0,2,1,5,1,1,3,2,03,2,1,0,0,1,0,1,4,1,46,5,3,2,0,2,1,1,200800040204C01,7,14,1,200067106
200800040207,2008-07-14,2008,juillet,lundi,11:10,65,65286,0,0,2,1,3,1,1,3,2,02,1,1,0,58,1,0,1,3,1,10,5,3,2,0,2,8,9,200800040207B01,7,1,1,200069300
200800040213,2008-07-08,2008,juillet,mardi,18:25,65,65440,0,0,2,1,6,1,1,4,2,02,1,1,0,40,1,0,1,3,1,60,9,3,2,0,2,8,0,200800040213A01,7,17,1,200069300
200800040215,2008-07-10,2008,juillet,jeudi,10:15,65,65251,0,0,2,2,6,1,1,4,1,01,1,1,0,84,1,0,0,4,1,11,9,3,2,0,2,8,15,200800040215B01,7,17,1,200069300
200800040232,2008-07-01,2008,juillet,mardi,07:50,67,67218,0,0,2,1,3,1,1,4,2,02,1,1,0,60,-1,0,5,4,2,46,0,3,9,0,2,1,1,200800040232B01,10,22,1,246700488
200800040236,2008-07-02,2008,juillet,mercredi,10:15,67,67482,0,0,2,4,3,1,1,4,1,01,1,3,0,40,1,0,5,4,2,23,1,2,9,0,2,1,5,200800040236A01,7,1,1,246700488
200800040237,2008-07-02,2008,juillet,mercredi,11:45,67,67482,0,0,2,2,3,1,1,4,2,02,1,1,0,70,1,0,1,4,2,11,0,3,9,0,2,1,19,200800040237B01,7,1,1,246700488
200800040249,2008-07-09,2008,juillet,mercredi,09:30,67,67482,0,0,2,1,6,1,1,4,2,02,1,1,0,65,1,0,1,1,1,22,5,3,9,0,1,1,1,200800040249B01,,,,246700488
200800040251,2008-07-10,2008,juillet,jeudi,11:30,67,67482,0,0,2,1,3,1,1,4,2,05,1,1,0,145,1,0,1,4,2,11,5,3,9,0,2,8,0,200800040251B01,14,18,1,246700488
200800040259,2008-07-15,2008,juillet,mardi,16:20,67,67482,0,0,2,1,3,1,1,4,2,02,1,1,0,64,1,0,1,4,2,65,0,1,9,0,2,8,15,200800040259A01,37,1,1,246700488
200800040261,2008-07-18,2008,juillet,vendredi,09:48,67,67482,0,0,2,3,3,1,1,4,2,03,1,1,0,90,1,0,5,4,1,33,1,2,2,0,2,1,1,200800040261B01,7,1,1,246700488
200800040264,2008-07-19,2008,juillet,samedi,11:17,67,67482,0,0,2,1,3,1,1,4,2,02,1,1,0,100,1,0,1,4,1,40,9,3,2,0,2,8,11,200800040264B01,37,1,1,246700488
200800040265,2008-07-20,2008,juillet,dimanche,11:45,67,67204,0,0,2,2,2,1,1,4,2,02,2,3,0,0,1,0,0,4,1,64,0,3,2,0,2,1,1,200800040265A01,7,0,1,246700488
200800040274,2008-07-02,2008,juillet,mercredi,18:40,68,68066,0,0,2,1,3,1,1,4,2,02,1,1,0,60,1,0,1,4,1,34,5,2,2,0,2,1,15,200800040274B01,7,1,1,246800726
200800040277,2008-07-16,2008,juillet,mercredi,13:37,68,68066,0,0,1,1,3,1,1,3,2,02,1,1,0,120,1,0,1,3,1,52,5,2,2,0,2,8,15,200800040277B01,33,2,1,246800726
200800040278,2008-07-18,2008,juillet,vendredi,09:30,68,68066,0,0,2,2,7,1,1,4,2,02,1,1,0,72,1,0,0,4,2,20,5,2,2,0,2,0,1,200800040278B01,7,17,1,246800726
200800040279,2008-07-24,2008,juillet,jeudi,09:56,68,68066,0,0,2,2,2,1,1,4,1,02,1,1,0,76,1,0,0,4,2,70,5,2,2,0,2,4,23,200800040279B01,7,2,1,246800726
200800040292,2008-07-25,2008,juillet,vendredi,08:05,68,68256,0,0,2,1,6,1,1,3,3,02,1,-1,0,0,1,0,5,3,1,35,5,3,9,0,2,0,1,200800040292B01,7,9,1,200066009
200800040295,2008-07-23,2008,juillet,mercredi,17:20,68,68224,0,0,2,3,3,1,1,4,2,03,1,1,0,116,1,0,5,4,1,37,1,3,4,0,2,1,1,200800040295B01,7,19,1,200066009
200800040296,2008-07-30,2008,juillet,mercredi,14:45,68,68224,0,0,2,3,3,1,1,4,2,02,1,1,0,90,1,0,1,3,1,11,0,3,0,0,2,1,19,200800040296A01,7,1,1,200066009
200800040300,2008-07-19,2008,juillet,samedi,11:37,68,68224,0,0,2,3,3,1,1,9,1,02,1,-1,0,92,1,0,5,4,1,34,0,3,9,0,0,2,1,200800040300B01,7,0,1,200066009
200800040301,2008-07-05,2008,juillet,samedi,22:09,68,68297,0,0,1,1,3,3,1,4,2,01,1,1,0,58,1,0,1,3,2,8,5,3,9,0,2,1,9,200800040301B01,7,1,1,200066058
200800040309,2008-07-27,2008,juillet,dimanche,17:40,69,69034,0,0,2,1,3,1,1,4,1,01,1,1,0,36,1,0,4,4,1,17,1,2,9,0,2,1,1,200800040309A01,7,20,1,200046977
200800040317,2008-07-01,2008,juillet,mardi,08:00,69,69259,0,0,2,1,3,1,1,4,2,02,1,1,0,200,1,0,5,3,1,45,1,1,2,0,2,8,1,200800040317B01,14,16,1,200046977
200800040321,2008-07-16,2008,juillet,mercredi,16:20,69,69259,0,0,2,1,1,1,1,4,2,02,1,1,0,50,1,0,1,4,1,45,0,1,2,0,2,1,0,200800040321B01,7,2,1,200046977
200800040323,2008-07-25,2008,juillet,vendredi,12:00,69,69259,0,0,2,1,3,1,1,4,2,04,2,1,0,163,1,0,5,4,1,51,0,3,4,0,2,8,1,200800040323B01,7,14,1,200046977
200800040346,2008-07-31,2008,juillet,jeudi,09:55,70,70550,0,0,2,1,2,1,1,4,2,02,1,1,0,101,1,0,1,4,2,69,3,2,2,0,2,4,1,200800040346B01,7,1,1,247000011
200800040373,2008-07-01,2008,juillet,mardi,08:23,72,72181,0,0,2,1,3,1,1,9,2,01,1,1,0,62,1,0,1,4,1,62,9,3,2,0,2,1,1,200800040373B01,7,13,1,247200132
200800040379,2008-07-08,2008,juillet,mardi,15:10,72,72181,0,0,2,1,1,1,1,9,2,02,1,1,0,76,1,0,5,3,1,81,9,3,2,0,2,1,1,200800040379B01,7,9,1,247200132
200800040388,2008-07-18,2008,juillet,vendredi,19:00,72,72181,0,0,2,1,6,1,1,9,2,01,1,1,0,0,1,0,1,4,1,29,9,3,2,12,0,7,1,200800040388A01,,,,247200132
200800040391,2008-07-21,2008,juillet,lundi,17:20,72,72181,0,0,2,1,3,1,1,9,1,01,1,1,0,0,1,0,1,4,1,43,9,3,2,0,0,4,1,200800040391B01,7,1,1,247200132
200800040394,2008-07-29,2008,juillet,mardi,17:45,72,72181,0,0,2,1,1,1,1,9,2,02,1,1,0,0,1,0,1,1,1,20,9,3,2,0,2,1,17,200800040394A01,1,1,1,247200132
200800040394,2008-07-29,2008,juillet,mardi,17:45,72,72181,0,0,2,1,1,1,1,9,2,02,1,1,0,0,1,0,1,3,1,54,1,1,2,0,0,1,1,200800040394B01,1,17,1,247200132
200800040396,2008-07-25,2008,juillet,vendredi,13:50,73,73065,0,0,1,6,3,1,1,4,2,02,2,1,0,0,1,5,1,4,1,48,0,3,9,12,2,1,0,200800040396B01,7,9,1,200069110
200800040412,2008-07-31,2008,juillet,jeudi,19:00,74,74119,0,0,2,1,1,1,1,4,2,02,2,-1,0,0,1,0,1,3,1,16,5,1,2,0,2,1,13,200800040412A01,7,1,1,200071967
200800040413,2008-07-22,2008,juillet,mardi,08:40,74,74119,0,0,2,2,7,1,1,3,2,02,1,1,0,0,1,0,1,3,1,63,5,3,2,0,0,0,16,200800040413A01,,,,200071967
200800040421,2008-07-14,2008,juillet,lundi,10:21,76,76217,0,0,2,1,3,1,1,9,2,02,1,1,0,54,1,0,1,3,2,55,5,3,9,0,2,0,0,200800040421A01,7,1,1,247600786
200800040440,2008-07-08,2008,juillet,mardi,16:00,76,76351,0,0,2,1,6,1,1,6,-1,00,1,-1,0,0,1,0,0,4,1,46,5,2,2,0,1,1,1,200800040440A01,,,,200084952
200800040440,2008-07-08,2008,juillet,mardi,16:00,76,76351,0,0,2,1,6,1,1,6,-1,00,1,-1,0,0,1,0,0,4,1,2,5,3,0,0,1,1,1,200800040440A01,,,,200084952
200800040444,2008-07-16,2008,juillet,mercredi,07:10,76,76481,0,0,1,2,3,1,1,4,2,02,1,1,0,35,1,0,1,3,1,69,9,3,9,0,2,1,1,200800040444A01,7,1,1,200084952
200800040445,2008-07-16,2008,juillet,mercredi,15:40,76,76351,0,0,2,6,6,1,1,4,2,02,1,1,0,0,1,0,0,3,2,14,5,3,9,0,2,7,19,200800040445B01,7,1,1,200084952
200800040468,2008-07-11,2008,juillet,vendredi,18:55,76,76540,0,0,2,1,7,1,1,4,1,02,1,1,0,60,2,0,1,3,1,34,5,2,2,14,0,0,1,200800040468A01,,,,200023414
200800040469,2008-07-11,2008,juillet,vendredi,09:55,76,76484,0,0,2,3,3,1,1,4,2,02,1,1,0,85,1,0,1,3,1,55,5,1,2,0,2,7,1,200800040469B01,7,15,1,200023414
200800040509,2008-07-16,2008,juillet,mercredi,21:50,77,77152,0,0,2,1,2,5,1,4,2,04,1,1,0,106,1,0,1,3,1,40,0,3,9,0,0,4,2,200800040509B01,7,2,1,247700057
200800040524,2008-07-07,2008,juillet,lundi,07:25,77,77288,0,0,2,2,3,1,1,4,2,03,1,1,0,89,1,0,1,3,1,36,0,1,2,0,2,2,0,200800040524B01,10,15,1,247700057
200800040525,2008-07-23,2008,juillet,mercredi,09:50,77,77306,0,0,1,1,6,1,7,3,2,02,1,2,0,72,1,0,1,3,1,58,5,1,2,0,2,4,2,200800040525B01,38,2,1,247700057
200800040543,2008-07-11,2008,juillet,vendredi,12:35,77,77258,0,0,2,1,3,1,1,4,-1,02,1,1,0,50,1,0,5,3,1,39,9,2,2,0,2,3,1,200800040543B01,7,1,1,200057958
200800040544,2008-07-26,2008,juillet,samedi,01:00,77,77337,0,0,2,3,6,5,8,4,2,02,1,1,0,0,1,0,0,4,1,34,0,3,0,0,0,4,1,200800040544B01,30,1,1,200057958
200800040546,2008-07-25,2008,juillet,vendredi,19:30,77,77390,0,0,1,1,2,1,1,3,2,02,1,2,0,0,1,0,3,3,2,40,0,2,2,0,0,4,2,200800040546B01,7,2,1,200057958
200800040558,2008-07-14,2008,juillet,lundi,16:45,78,78297,0,0,2,2,3,1,1,4,2,01,-1,1,0,60,1,0,1,4,1,19,0,3,9,0,2,1,1,200800040558B01,30,1,1,200058782
200800040560,2008-07-18,2008,juillet,vendredi,08:50,78,78297,0,0,2,2,2,1,1,4,2,02,1,1,0,0,1,5,0,4,2,30,1,2,2,0,0,4,11,200800040560B01,7,2,1,200058782
200800040577,2008-07-01,2008,juillet,mardi,18:00,78,78490,0,0,2,3,3,1,1,4,1,01,1,1,0,50,1,0,1,4,1,11,5,2,2,0,2,7,19,200800040577B01,7,1,1,200058782
200800040584,2008-07-22,2008,juillet,mardi,15:15,78,78490,0,0,2,4,7,1,1,4,1,01,1,1,0,50,1,0,1,4,1,7,5,2,2,0,2,1,19,200800040584B01,7,1,1,200058782
200800040601,2008-07-31,2008,juillet,jeudi,08:15,78,78517,0,0,2,2,3,1,1,4,2,02,1,1,0,60,1,0,1,1,1,32,0,2,2,0,0,7,16,200800040601B01,30,1,1,200073344
200800040626,2008-07-14,2008,juillet,lundi,18:28,78,78117,0,0,2,1,1,1,1,4,1,01,1,3,0,0,1,0,1,4,1,8,0,3,0,0,2,1,5,200800040626A01,7,1,1,247800584
200800040630,2008-07-22,2008,juillet,mardi,19:30,78,78646,0,0,2,2,6,1,1,4,2,02,1,1,0,50,1,0,1,4,2,9,5,2,2,0,2,8,19,200800040630B01,7,15,1,247800584
200800040646,2008-07-16,2008,juillet,mercredi,16:28,79,79329,0,0,2,1,6,1,1,4,2,02,1,1,0,66,1,0,4,3,1,40,5,3,0,1,0,1,14,200800040646A01,,,,247900798
200800040651,2008-07-03,2008,juillet,jeudi,09:50,80,80021,0,0,2,1,3,1,1,3,3,04,1,1,20,140,1,0,4,4,1,26,5,2,9,0,2,1,1,200800040651A01,7,16,1,248000531
200800040675,2008-07-29,2008,juillet,mardi,15:15,80,80021,0,0,2,3,3,1,1,4,-1,02,1,1,0,60,1,0,1,4,1,19,1,2,9,0,2,6,15,200800040675B01,7,16,1,248000531
200800040684,2008-07-03,2008,juillet,jeudi,19:00,82,82121,0,0,2,6,6,1,1,4,2,02,2,1,0,0,1,0,0,2,1,17,5,3,9,0,2,1,0,200800040684B01,14,16,1,248200099
200800040694,2008-07-21,2008,juillet,lundi,18:20,83,83050,0,0,2,1,7,1,1,4,2,01,1,1,0,0,1,0,1,4,1,9,5,3,9,13,0,4,19,200800040694A01,30,1,1,248300493
200800040704,2008-07-11,2008,juillet,vendredi,14:35,83,83069,0,0,2,3,3,1,1,4,-1,01,1,1,0,34,1,0,1,3,1,63,5,3,2,0,2,1,19,200800040704B01,7,0,1,248300543
200800040713,2008-07-03,2008,juillet,jeudi,21:25,83,83123,0,0,2,1,6,2,1,4,1,01,1,3,0,38,1,5,1,3,2,60,5,2,9,0,2,8,1,200800040713B01,7,17,1,248300394
200800040731,2008-07-18,2008,juillet,vendredi,09:10,83,83126,0,0,2,1,6,1,1,3,2,02,-1,-1,0,0,1,0,1,3,1,53,5,3,9,1,0,0,1,200800040731A01,,,,248300543
200800040744,2008-07-04,2008,juillet,vendredi,16:25,83,83098,0,0,2,1,3,1,1,3,2,02,2,3,0,62,1,0,1,3,1,13,5,3,9,0,2,8,1,200800040744B01,14,13,1,248300543
200800040759,2008-07-22,2008,juillet,mardi,16:45,83,83137,0,0,2,1,1,1,1,4,2,00,1,3,0,0,1,0,1,4,1,46,1,3,2,0,2,1,21,200800040759B01,7,13,1,248300543
200800040770,2008-07-22,2008,juillet,mardi,10:35,83,83137,0,0,2,1,3,1,1,4,2,01,2,3,0,0,1,0,1,4,1,27,5,1,2,0,2,1,1,200800040770B01,7,19,1,248300543
200800040803,2008-07-03,2008,juillet,jeudi,15:25,86,86066,0,0,2,1,2,1,1,3,3,03,1,1,0,95,1,0,3,4,1,61,5,3,9,1,0,1,1,200800040803A01,15,23,1,248600413
200800040808,2008-07-05,2008,juillet,samedi,20:20,86,86194,0,0,2,2,5,1,1,4,1,01,1,1,0,46,1,0,1,4,2,23,9,2,2,0,2,1,1,200800040808C01,7,1,2,200069854
200800040820,2008-07-01,2008,juillet,mardi,18:39,87,87085,0,0,2,1,2,1,1,4,2,02,1,1,0,60,1,0,1,4,1,23,5,2,2,0,2,1,2,200800040820A01,7,2,1,248719312
200800040832,2008-07-08,2008,juillet,mardi,19:04,87,87085,0,0,2,1,6,1,1,4,2,02,1,1,0,80,1,0,1,4,2,10,4,3,9,0,2,1,1,200800040832A01,,,,248719312
200800040864,2008-07-30,2008,juillet,mercredi,17:47,87,87085,0,0,1,1,3,1,1,4,2,02,1,1,0,60,1,0,1,3,1,24,5,2,2,0,2,8,19,200800040864A01,7,2,1,248719312
200800040867,2008-07-31,2008,juillet,jeudi,13:03,87,87065,0,0,1,1,6,1,1,3,-1,02,1,1,0,60,1,0,1,4,1,8,5,2,2,0,2,8,19,200800040867A01,7,2,1,248719312
200800040873,2008-07-31,2008,juillet,jeudi,17:15,88,88415,0,0,2,2,6,1,1,4,1,01,2,-1,0,62,1,0,1,3,1,13,5,3,9,0,2,8,15,200800040873A01,7,1,1,200068377
200800040883,2008-07-05,2008,juillet,samedi,13:34,90,90010,0,0,2,1,1,1,1,9,-1,02,1,1,0,20,1,0,5,1,1,17,5,3,9,0,9,1,0,200800040883A01,1,0,1,200069052
200800040883,2008-07-05,2008,juillet,samedi,13:34,90,90010,0,0,2,1,1,1,1,9,-1,02,1,1,0,20,1,0,5,4,1,51,5,3,9,0,9,1,0,200800040883B01,1,0,1,200069052
200800040892,2008-07-21,2008,juillet,lundi,09:20,90,90010,0,0,2,1,6,1,1,4,2,02,1,1,0,60,1,0,1,1,1,25,1,3,2,0,0,1,1,200800040892A01,,,,200069052
200800040895,2008-07-29,2008,juillet,mardi,12:15,90,90099,0,0,2,6,3,1,1,3,2,00,1,2,0,0,1,0,1,4,1,42,5,2,2,0,2,8,16,200800040895B01,7,16,1,200069052
200800040904,2008-07-09,2008,juillet,mercredi,19:35,91,91114,0,0,2,1,6,1,1,4,2,00,1,1,30,30,1,0,1,2,1,64,0,1,2,0,2,1,1,200800040904B01,10,0,1,200058477
200800040926,2008-07-09,2008,juillet,mercredi,16:20,91,91228,0,0,2,1,1,1,1,4,1,01,3,2,0,61,1,0,1,4,1,6,0,3,9,0,2,1,5,200800040926A01,7,1,1,200059228
200800040935,2008-07-25,2008,juillet,vendredi,17:15,91,91161,0,0,2,2,3,1,1,2,2,06,1,-1,0,0,1,0,1,4,1,21,1,3,2,0,2,1,1,200800040935B01,7,1,1,200056232
200800040938,2008-07-02,2008,juillet,mercredi,19:30,91,91691,0,0,2,1,3,1,1,3,2,02,4,1,0,70,1,0,5,4,1,16,5,3,9,0,2,1,1,200800040938B01,7,15,1,200058477
200800040942,2008-07-06,2008,juillet,dimanche,18:10,91,91691,0,0,2,1,2,1,1,3,2,02,1,1,0,70,1,0,5,3,1,64,5,3,9,0,2,4,1,200800040942B01,7,14,1,200058477
200800040946,2008-07-27,2008,juillet,dimanche,17:10,91,91421,0,0,2,1,2,1,1,4,2,02,2,-1,0,30,1,0,5,4,1,37,0,1,2,0,2,2,0,200800040946B01,10,0,1,200058477
200800040973,2008-07-30,2008,juillet,mercredi,08:30,92,92002,0,0,2,3,6,1,1,3,2,02,1,1,0,100,1,0,0,4,1,24,1,2,2,0,2,1,0,200800040973B01,7,1,1,200054781
200800041010,2008-07-10,2008,juillet,jeudi,17:00,92,92019,0,0,2,3,6,1,1,4,2,02,2,1,0,71,1,0,0,4,1,46,1,3,9,0,1,1,1,200800041010A01,,,,200054781
200800041013,2008-07-05,2008,juillet,samedi,19:20,92,92024,0,0,2,2,3,1,1,3,1,03,1,1,0,0,1,0,1,3,1,17,5,3,2,0,2,2,19,200800041013B01,7,1,1,200054781
200800041028,2008-07-09,2008,juillet,mercredi,13:45,92,92025,0,0,2,1,3,1,1,4,2,02,1,1,0,100,1,0,1,2,1,84,0,2,9,0,2,0,13,200800041028B01,7,17,1,200054781
200800041057,2008-07-30,2008,juillet,mercredi,19:00,92,92044,0,0,2,2,3,1,1,4,2,03,-1,-1,0,0,1,0,1,4,1,32,5,2,9,0,2,1,0,200800041057B01,7,16,1,200054781
200800041085,2008-07-01,2008,juillet,mardi,20:35,92,92062,0,0,2,1,6,1,1,5,2,01,1,1,0,60,1,0,1,1,1,53,4,1,4,0,1,1,1,200800041085A01,,,,200054781
200800041105,2008-07-04,2008,juillet,vendredi,14:30,92,92072,0,0,2,1,6,1,1,3,2,02,1,1,20,66,1,0,1,4,2,38,9,1,2,1,0,7,1,200800041105B01,7,22,1,200054781
200800041134,2008-07-11,2008,juillet,vendredi,10:40,92,92062,0,0,2,3,3,1,1,3,1,03,2,1,0,0,1,0,1,4,1,19,0,3,2,0,2,7,2,200800041134A01,7,2,1,200054781
200800041171,2008-07-10,2008,juillet,jeudi,22:05,93,93007,0,0,2,2,1,2,2,4,1,01,1,1,0,0,1,0,1,3,1,17,5,3,9,0,2,1,9,200800041171B01,7,1,1,200054781
200800041179,2008-07-09,2008,juillet,mercredi,09:20,93,93008,0,0,2,6,3,1,1,3,3,02,1,1,0,100,1,0,0,3,1,28,0,3,9,0,2,0,2,200800041179B01,15,2,1,200054781
200800041188,2008-07-11,2008,juillet,vendredi,14:25,93,93010,0,0,2,1,3,1,8,4,-1,01,1,-1,0,110,1,0,1,3,1,15,0,3,0,0,2,3,0,200800041188B01,7,0,1,200054781
200800041192,2008-07-16,2008,juillet,mercredi,23:45,93,93027,0,0,1,1,6,3,1,3,1,01,2,2,0,30,1,2,1,3,1,18,5,3,9,0,2,8,9,200800041192A01,7,1,1,200054781
200800041195,2008-07-07,2008,juillet,lundi,13:30,93,93027,0,0,2,1,6,1,1,4,2,02,1,1,0,0,1,0,4,4,2,12,5,2,9,0,2,8,1,200800041195B01,37,1,1,200054781
200800041258,2008-07-27,2008,juillet,dimanche,08:20,93,93048,0,0,2,1,3,1,1,4,2,01,1,1,0,0,1,5,1,4,1,40,5,3,4,12,2,2,1,200800041258B01,37,1,1,200054781
200800041282,2008-07-15,2008,juillet,mardi,17:00,93,93053,0,0,2,1,3,1,1,3,2,02,2,1,0,0,1,0,1,3,1,60,0,3,9,0,2,8,0,200800041282B01,7,0,1,200054781
200800041331,2008-07-17,2008,juillet,jeudi,22:30,93,93066,0,0,2,1,2,5,1,4,1,01,1,-1,15,30,1,0,1,3,1,37,9,2,2,0,2,1,2,200800041331B01,7,1,1,200054781
200800041378,2008-07-24,2008,juillet,jeudi,15:45,94,94004,0,0,2,3,3,1,1,4,1,01,1,1,0,0,1,0,1,4,1,15,5,2,2,0,2,8,19,200800041378A01,7,1,1,200054781
200800041383,2008-07-05,2008,juillet,samedi,20:00,94,94017,0,0,2,1,1,1,1,4,2,02,1,1,0,70,1,0,1,4,2,8,5,3,2,0,2,8,19,200800041383B01,7,1,1,200054781
200800041386,2008-07-15,2008,juillet,mardi,23:00,94,94017,0,0,2,1,3,5,1,4,2,02,1,1,0,0,1,0,1,4,1,33,9,1,2,0,2,4,17,200800041386A01,7,1,1,200054781
200800041391,2008-07-21,2008,juillet,lundi,09:15,94,94017,0,0,2,1,6,1,1,3,2,02,1,1,0,0,1,0,1,4,2,42,9,1,2,0,2,1,1,200800041391B01,7,0,1,200054781
200800041415,2008-07-13,2008,juillet,dimanche,11:40,94,94028,0,0,2,1,6,1,1,4,3,04,1,1,10,120,1,0,1,4,1,56,4,1,2,0,2,1,2,200800041415B01,7,2,1,200054781
200800041418,2008-07-16,2008,juillet,mercredi,18:45,94,94028,0,0,2,1,3,1,1,2,-1,02,-1,2,0,20,1,5,1,4,1,37,1,1,2,0,2,0,3,200800041418B01,7,2,1,200054781
200800041426,2008-07-24,2008,juillet,jeudi,11:10,94,94033,0,0,2,2,6,1,1,4,2,02,1,1,0,80,1,0,1,3,1,77,5,2,2,0,2,1,19,200800041426A01,7,15,1,200054781
200800041464,2008-07-13,2008,juillet,dimanche,14:40,94,94038,0,0,2,1,6,1,1,4,-1,01,1,-1,0,0,1,0,4,1,1,18,5,3,9,0,1,2,0,200800041464A01,,,,200054781
200800041470,2008-07-25,2008,juillet,vendredi,15:40,94,94034,0,0,2,3,3,1,1,9,2,02,1,1,0,70,1,0,0,3,1,80,5,3,9,12,0,6,2,200800041470B01,7,2,1,200054781
200800041482,2008-07-24,2008,juillet,jeudi,17:30,94,94041,0,0,2,2,3,1,1,3,2,01,1,2,0,70,1,0,1,4,1,34,1,3,2,0,2,3,1,200800041482B01,7,15,1,200054781
200800041537,2008-07-17,2008,juillet,jeudi,17:00,94,94080,0,0,2,2,3,1,1,3,1,01,-1,-1,0,0,-1,0,0,4,1,13,0,3,9,1,0,1,1,200800041537B01,7,22,1,200054781
200800041544,2008-07-09,2008,juillet,mercredi,12:20,94,94081,0,0,2,1,3,1,1,9,1,01,1,1,0,0,1,0,1,4,1,15,5,3,9,0,2,9,0,200800041544A01,7,0,1,200054781
200800041563,2008-07-27,2008,juillet,dimanche,15:40,95,95582,0,0,2,2,3,1,1,4,2,02,1,1,0,58,1,0,1,1,1,33,9,2,2,0,9,2,0,200800041563B01,1,0,1,200058485
200800041563,2008-07-27,2008,juillet,dimanche,15:40,95,95582,0,0,2,2,3,1,1,4,2,02,1,1,0,58,1,0,1,4,1,14,9,2,2,0,9,1,0,200800041563A01,1,0,1,200058485
200800041576,2008-07-27,2008,juillet,dimanche,18:30,95,95210,0,0,2,1,3,1,1,9,1,01,-1,1,0,0,-1,0,0,4,2,17,5,3,9,0,2,0,0,200800041576B01,7,0,1,200056380