Num_Acc,date,an,mois,jour,hrmn,dep,com,lat,long,agg,int,col,lum,atm,catr,circ,nbv,prof,plan,lartpc,larrout,surf,infra,situ,grav,sexe,age,trajet,secuexist,equipement,obs,obsm,choc,manv,vehiculeid,typevehicules,manoeuvehicules,numVehicules,_infos_commune.code_epci
200800041584,2008-07-05,2008,juillet,samedi,14:30,95,95280,0,0,1,3,3,1,1,4,-1,02,1,1,0,70,1,0,1,4,1,6,0,2,2,0,2,7,15,200800041584B01,7,1,1,200055655
200800041585,2008-07-05,2008,juillet,samedi,22:15,95,95280,0,0,2,1,1,5,1,4,-1,02,1,1,0,70,1,0,1,1,1,8,0,3,9,0,2,4,5,200800041585A01,33,1,1,200055655
200800041592,2008-07-27,2008,juillet,dimanche,00:25,95,95313,0,0,2,1,2,3,1,3,-1,02,1,1,0,70,1,0,1,4,1,39,9,3,2,0,0,0,1,200800041592B01,7,17,1,249500455
200800041600,2008-07-09,2008,juillet,mercredi,19:00,95,95607,0,0,2,1,2,1,1,4,2,01,1,1,0,0,1,0,1,4,1,38,0,1,9,0,2,1,1,200800041600A01,7,1,1,200058485
200800041611,2008-07-18,2008,juillet,vendredi,19:53,2A,2A004,0,0,2,1,3,1,1,4,2,02,1,1,22,36,1,0,1,4,1,16,5,2,9,0,2,2,19,200800041611A01,7,1,1,242010056
200800041812,2008-07-01,2008,juillet,mardi,09:00,69,69383,0,0,2,2,6,1,1,4,2,04,1,1,0,0,1,0,1,4,2,34,1,3,9,0,1,1,19,200800041812A01,,,,200046977
200800041818,2008-07-04,2008,juillet,vendredi,20:45,69,69383,0,0,2,2,6,2,1,4,1,01,1,1,0,0,1,0,1,4,1,30,0,3,9,0,9,0,0,200800041818B01,7,1,1,200046977
200800041819,2008-07-08,2008,juillet,mardi,19:00,69,69386,0,0,2,1,6,1,1,4,1,01,1,1,0,0,1,6,1,1,1,31,5,3,9,0,1,1,1,200800041819A01,,,,200046977
200800041822,2008-07-09,2008,juillet,mercredi,19:40,69,69383,0,0,2,1,2,1,1,4,2,03,1,1,0,0,1,0,1,4,1,20,0,3,9,0,9,0,1,200800041822B01,7,0,1,200046977
200800041836,2008-07-28,2008,juillet,lundi,12:50,69,69383,0,0,2,2,3,1,1,4,1,01,1,1,0,0,1,0,1,4,1,30,0,3,9,0,2,1,1,200800041836B01,7,0,1,200046977
200800041839,2008-07-08,2008,juillet,mardi,14:00,69,69384,0,0,2,1,6,1,1,4,2,02,1,1,0,80,1,0,1,4,2,28,1,3,9,1,0,1,0,200800041839B01,7,22,1,200046977
200800041887,2008-07-08,2008,juillet,mardi,16:35,69,69388,0,0,2,1,6,1,1,4,2,00,1,1,0,0,1,0,1,4,2,24,4,3,4,0,2,4,13,200800041887A01,37,1,1,200046977
200800041892,2008-07-24,2008,juillet,jeudi,18:55,69,69388,0,0,2,1,2,1,1,4,2,02,1,1,0,0,1,0,1,4,1,28,9,1,4,0,2,6,11,200800041892B01,7,1,1,200046977
200800042001,2008-07-09,2008,juillet,mercredi,17:40,75,75101,0,0,2,3,3,1,1,4,1,04,1,-1,0,200,1,5,1,4,1,22,0,3,9,0,2,1,1,200800042001A01,7,0,1,200054781
200800042018,2008-07-08,2008,juillet,mardi,18:50,75,75102,0,0,2,2,3,1,2,4,1,02,1,1,0,118,2,0,1,4,2,44,5,3,2,0,2,8,15,200800042018B01,30,7,1,200054781
200800042019,2008-07-08,2008,juillet,mardi,19:20,75,75102,0,0,2,2,3,1,1,4,1,03,1,1,0,100,1,6,1,1,1,25,5,3,2,0,0,2,19,200800042019A01,32,1,1,200054781
200800042040,2008-07-01,2008,juillet,mardi,10:35,75,75104,0,0,2,1,7,1,1,4,2,03,1,1,0,122,1,0,1,4,1,34,1,2,2,0,9,1,7,200800042040A01,,,,200054781
200800042046,2008-07-10,2008,juillet,jeudi,16:55,75,75104,0,0,2,1,3,1,1,4,1,03,1,1,5,44,1,0,1,4,1,52,0,3,2,0,2,8,7,200800042046B01,7,17,1,200054781
200800042056,2008-07-30,2008,juillet,mercredi,22:33,75,75104,0,0,2,2,7,5,1,4,1,03,-1,-1,0,0,1,0,1,4,1,29,0,3,2,0,0,0,1,200800042056A01,,,,200054781
200800042063,2008-07-11,2008,juillet,vendredi,18:00,75,75105,0,0,2,1,3,1,1,4,2,02,1,1,0,80,1,0,1,4,2,29,5,3,2,0,2,3,15,200800042063A01,33,1,1,200054781
200800042067,2008-07-21,2008,juillet,lundi,06:40,75,75105,0,0,2,2,3,1,1,4,1,01,1,1,10,130,1,0,1,4,1,50,1,3,2,0,0,0,7,200800042067A01,2,16,1,200054781
200800042080,2008-07-18,2008,juillet,vendredi,02:00,75,75106,0,0,2,1,6,5,1,3,1,01,1,1,0,0,1,0,1,4,1,44,0,3,2,0,1,1,1,200800042080A01,,,,200054781
200800042083,2008-07-31,2008,juillet,jeudi,17:05,75,75106,0,0,2,1,3,1,1,4,1,00,1,-1,0,82,1,0,1,4,1,41,5,3,2,0,2,8,11,200800042083B01,32,13,1,200054781
200800042084,2008-07-01,2008,juillet,mardi,10:40,75,75107,0,0,2,1,7,1,1,4,1,04,1,1,160,120,9,0,5,4,1,64,5,2,9,14,0,0,7,200800042084A01,,,,200054781
200800042101,2008-07-23,2008,juillet,mercredi,09:50,75,75107,0,0,2,5,3,1,1,4,-1,00,1,1,0,0,1,0,0,4,2,43,1,3,2,0,0,6,7,200800042101B01,7,14,1,200054781
200800042107,2008-07-06,2008,juillet,dimanche,19:50,75,75108,0,0,2,3,3,1,1,4,1,01,1,1,0,90,1,0,1,4,2,30,0,3,2,0,2,8,7,200800042107B01,30,1,1,200054781
200800042114,2008-07-02,2008,juillet,mercredi,09:25,75,75108,0,0,2,1,2,1,1,4,1,01,1,1,0,30,1,0,1,4,2,35,1,2,2,0,2,1,0,200800042114A01,7,23,1,200054781
200800042133,2008-07-17,2008,juillet,jeudi,10:40,75,75108,0,0,2,4,3,1,1,4,1,03,1,1,5,120,1,0,1,4,2,41,0,3,2,0,2,1,7,200800042133B01,7,16,1,200054781
200800042153,2008-07-04,2008,juillet,vendredi,13:20,75,75109,0,0,2,1,3,1,1,4,1,01,1,1,0,50,1,0,1,4,2,26,5,3,2,1,0,7,1,200800042153B01,7,22,1,200054781
200800042162,2008-07-13,2008,juillet,dimanche,20:25,75,75109,0,0,2,1,3,1,1,4,1,03,1,1,0,0,1,0,1,4,1,22,5,3,2,0,0,3,11,200800042162A01,7,1,1,200054781
200800042167,2008-07-22,2008,juillet,mardi,08:35,75,75109,0,0,2,1,3,1,1,4,1,01,1,1,0,0,1,0,1,4,1,58,1,3,2,0,0,7,1,200800042167B01,10,22,1,200054781
200800042173,2008-07-01,2008,juillet,mardi,07:35,75,75110,0,0,2,1,7,1,1,4,1,02,1,1,0,60,1,0,1,4,2,50,1,2,9,0,0,0,0,200800042173A01,,,,200054781
200800042191,2008-07-12,2008,juillet,samedi,21:15,75,75110,0,0,2,3,2,1,1,4,1,01,2,1,0,70,1,0,5,4,1,28,1,3,2,0,2,4,2,200800042191A01,1,2,1,200054781
200800042191,2008-07-12,2008,juillet,samedi,21:15,75,75110,0,0,2,3,2,1,1,4,1,01,2,1,0,70,1,0,5,1,1,20,5,3,2,0,9,1,2,200800042191B01,1,2,1,200054781
200800042198,2008-07-25,2008,juillet,vendredi,22:05,75,75110,0,0,2,1,3,5,1,4,1,01,1,1,0,60,1,0,5,4,1,17,5,3,2,1,2,8,1,200800042198B01,7,22,1,200054781
200800042202,2008-07-30,2008,juillet,mercredi,11:10,75,75110,0,0,2,1,2,1,1,4,-1,02,1,1,0,25,1,0,0,4,1,42,5,3,2,0,2,1,2,200800042202A01,7,2,1,200054781
200800042204,2008-07-02,2008,juillet,mercredi,17:15,75,75111,0,0,2,2,7,1,2,4,1,01,1,-1,120,60,2,0,1,4,2,45,5,1,9,0,0,0,0,200800042204A01,,,,200054781
200800042209,2008-07-08,2008,juillet,mardi,19:30,75,75111,0,0,2,1,6,1,1,4,1,02,1,1,200,70,2,0,1,4,2,61,1,3,2,8,0,3,1,200800042209A01,,,,200054781
200800042213,2008-07-09,2008,juillet,mercredi,21:02,75,75111,0,0,2,2,6,1,1,4,3,01,1,-1,0,0,1,0,5,1,1,32,5,2,9,0,1,3,0,200800042213A01,,,,200054781
200800042215,2008-07-10,2008,juillet,jeudi,16:28,75,75111,0,0,2,2,5,1,1,4,1,01,1,1,100,60,1,0,5,4,1,34,5,3,2,0,2,4,23,200800042215B01,7 / 37,9 / 1,2,200054781
200800042226,2008-07-23,2008,juillet,mercredi,19:00,75,75111,0,0,2,1,6,1,1,4,1,01,2,1,0,61,1,0,1,4,1,33,5,3,2,1,1,2,5,200800042226A01,,,,200054781
200800042229,2008-07-24,2008,juillet,jeudi,19:58,75,75111,0,0,2,1,3,1,1,4,2,02,1,1,0,160,1,0,1,4,2,32,5,3,2,0,2,4,15,200800042229B01,33,17,1,200054781
200800042234,2008-07-28,2008,juillet,lundi,10:55,75,75111,0,0,2,2,6,1,1,4,3,00,1,1,29,60,1,0,1,1,1,25,1,3,2,0,1,1,1,200800042234A01,,,,200054781
200800042236,2008-07-30,2008,juillet,mercredi,11:00,75,75111,0,0,2,3,3,1,1,4,1,00,1,1,0,60,1,0,1,3,1,65,5,1,2,0,2,8,16,200800042236A01,33,1,1,200054781
200800042238,2008-07-02,2008,juillet,mercredi,09:00,75,75112,0,0,2,1,3,1,1,4,2,02,2,1,0,110,1,0,1,4,2,33,1,3,0,0,2,1,1,200800042238B01,10,16,1,200054781
200800042240,2008-07-04,2008,juillet,vendredi,16:50,75,75112,0,0,2,1,3,1,1,4,2,02,1,1,0,71,1,0,1,4,1,47,5,3,2,0,2,8,13,200800042240A01,7,1,1,200054781
200800042249,2008-07-11,2008,juillet,vendredi,22:10,75,75112,0,0,2,2,3,5,1,4,1,03,1,1,0,110,1,0,1,4,2,51,5,3,2,0,2,1,1,200800042249B01,7,15,1,200054781
200800042252,2008-07-14,2008,juillet,lundi,12:30,75,75112,0,0,2,2,6,1,1,4,2,02,-1,1,0,0,1,0,5,4,1,15,5,1,2,0,5,7,1,200800042252A01,,,,200054781
200800042255,2008-07-16,2008,juillet,mercredi,20:10,75,75112,0,0,2,5,3,1,1,4,2,04,1,1,0,80,1,0,1,4,1,76,5,3,2,0,9,8,1,200800042255B01,38,16,1,200054781
200800042256,2008-07-17,2008,juillet,jeudi,11:00,75,75112,0,0,2,2,3,1,1,4,2,02,2,1,0,60,1,0,1,4,1,51,5,1,2,0,2,1,1,200800042256B01,7,15,1,200054781
200800042257,2008-07-17,2008,juillet,jeudi,15:05,75,75112,0,0,2,1,6,1,1,4,3,02,1,1,0,90,1,0,1,4,2,42,5,3,2,1,0,1,1,200800042257B01,10,22,1,200054781
200800042258,2008-07-18,2008,juillet,vendredi,12:25,75,75112,0,0,2,5,3,1,1,4,2,04,2,1,0,160,1,3,1,4,1,46,5,3,2,0,2,5,1,200800042258B01,7,10,1,200054781
200800042261,2008-07-20,2008,juillet,dimanche,11:05,75,75112,0,0,2,1,3,1,1,4,1,01,-1,-1,0,110,1,0,5,4,1,70,5,3,2,0,2,1,1,200800042261A01,1,14,1,200054781
200800042261,2008-07-20,2008,juillet,dimanche,11:05,75,75112,0,0,2,1,3,1,1,4,1,01,-1,-1,0,110,1,0,5,4,1,50,5,3,2,0,2,1,14,200800042261B01,1,1,1,200054781
200800042266,2008-07-26,2008,juillet,samedi,02:35,75,75112,0,0,2,1,3,5,2,4,2,03,2,1,0,140,2,0,1,4,2,21,5,3,2,0,2,1,1,200800042266A01,7,10,1,200054781
200800042270,2008-07-28,2008,juillet,lundi,12:20,75,75112,0,0,2,2,2,1,7,4,2,02,1,1,0,100,1,0,0,4,2,22,1,3,2,0,2,4,15,200800042270B01,10,15,1,200054781
200800042279,2008-07-03,2008,juillet,jeudi,06:50,75,75113,0,0,2,2,6,1,8,4,3,01,1,1,0,60,1,0,1,4,1,31,0,3,2,0,0,0,1,200800042279A01,7,10,1,200054781
200800042281,2008-07-05,2008,juillet,samedi,17:45,75,75113,0,0,2,1,7,1,1,4,2,02,-1,-1,0,40,9,0,5,4,1,34,1,3,2,15,0,0,1,200800042281A01,,,,200054781
200800042287,2008-07-10,2008,juillet,jeudi,09:00,75,75113,0,0,2,1,3,1,1,4,2,01,1,1,0,100,1,0,1,4,1,52,1,3,2,0,0,0,0,200800042287B01,7,1,1,200054781
200800042288,2008-07-10,2008,juillet,jeudi,11:15,75,75113,0,0,2,1,6,1,1,4,1,01,1,1,0,0,1,0,5,1,1,20,5,3,2,0,1,1,2,200800042288A01,1,2,1,200054781
200800042288,2008-07-10,2008,juillet,jeudi,11:15,75,75113,0,0,2,1,6,1,1,4,1,01,1,1,0,0,1,0,5,1,1,21,5,3,2,0,1,1,2,200800042288B01,1,2,1,200054781
200800042289,2008-07-11,2008,juillet,vendredi,00:45,75,75113,0,0,2,1,3,3,1,4,2,01,1,1,0,0,1,0,5,3,2,41,5,3,2,0,2,8,13,200800042289A01,7,7,1,200054781
200800042295,2008-07-17,2008,juillet,jeudi,09:30,75,75113,0,0,2,1,2,1,1,9,-1,01,1,1,0,10,1,0,5,1,1,29,1,3,2,0,2,1,2,200800042295A01,1,15,1,200054781
200800042295,2008-07-17,2008,juillet,jeudi,09:30,75,75113,0,0,2,1,2,1,1,9,-1,01,1,1,0,10,1,0,5,4,2,30,1,3,2,0,0,8,15,200800042295B01,1,2,1,200054781
200800042304,2008-07-27,2008,juillet,dimanche,15:25,75,75113,0,0,2,1,3,1,1,4,2,04,1,1,0,130,1,0,1,4,1,27,5,3,2,0,2,2,19,200800042304B01,32,1,1,200054781
200800042306,2008-07-31,2008,juillet,jeudi,11:40,75,75113,0,0,2,1,6,1,1,4,2,01,1,1,0,39,1,0,4,1,1,36,1,3,2,0,1,1,1,200800042306A01,,,,200054781
200800042309,2008-07-01,2008,juillet,mardi,11:00,75,75114,0,0,2,1,7,1,1,9,2,06,1,1,0,100,1,0,1,4,2,60,5,1,2,0,0,0,13,200800042309A01,14,24,1,200054781
200800042320,2008-07-05,2008,juillet,samedi,15:15,75,75114,0,0,2,1,3,1,1,4,2,05,1,1,0,199,1,0,1,4,2,27,9,3,2,1,2,1,1,200800042320B01,7,22,1,200054781
200800042329,2008-07-10,2008,juillet,jeudi,08:35,75,75114,0,0,2,5,3,1,1,4,1,01,1,1,0,0,1,0,1,4,2,27,1,3,2,0,2,8,1,200800042329A01,7,1,1,200054781
200800042345,2008-07-29,2008,juillet,mardi,18:30,75,75114,0,0,2,1,3,1,1,4,2,02,1,1,0,262,1,0,1,4,2,6,5,3,2,0,2,8,19,200800042345B01,7,1,1,200054781
200800042352,2008-07-04,2008,juillet,vendredi,08:30,75,75115,0,0,2,3,3,1,1,4,2,02,2,1,0,105,1,0,1,4,2,45,9,3,2,0,2,1,19,200800042352B01,7,1,1,200054781
200800042366,2008-07-15,2008,juillet,mardi,19:21,75,75115,0,0,2,5,3,1,1,4,1,01,1,1,0,50,1,0,1,4,2,30,5,3,2,1,0,7,1,200800042366B01,7,22,1,200054781
200800042370,2008-07-23,2008,juillet,mercredi,21:50,75,75115,0,0,2,5,3,2,1,4,1,01,1,2,0,60,1,5,1,4,1,22,5,3,2,0,2,7,1,200800042370B01,7,9,1,200054781
200800042386,2008-07-03,2008,juillet,jeudi,17:30,75,75116,0,0,2,1,6,1,1,4,2,02,1,1,0,0,1,0,1,1,1,37,1,1,2,0,2,1,1,200800042386A01,7,23,1,200054781
200800042427,2008-07-27,2008,juillet,dimanche,17:50,75,75116,0,0,2,5,3,1,1,4,1,02,1,2,0,0,1,5,1,4,2,10,5,1,2,0,2,7,1,200800042427B01,7,1,1,200054781
200800042430,2008-07-30,2008,juillet,mercredi,11:00,75,75116,0,0,2,2,3,1,1,4,2,02,1,1,0,0,1,0,1,4,1,31,1,3,2,0,2,1,1,200800042430A01,7,15,1,200054781
200800042436,2008-07-01,2008,juillet,mardi,07:35,75,75117,0,0,2,2,6,1,1,4,1,01,1,1,0,0,1,5,1,4,2,25,1,3,9,0,2,0,21,200800042436B01,7,16,1,200054781
200800042450,2008-07-08,2008,juillet,mardi,22:11,75,75117,0,0,2,1,3,5,2,4,-1,02,-1,-1,0,0,2,1,1,4,1,45,4,3,2,0,2,4,12,200800042450B01,7,1,1,200054781
200800042457,2008-07-11,2008,juillet,vendredi,17:10,75,75117,0,0,2,4,3,1,1,4,2,04,1,1,0,0,1,0,1,1,2,25,0,3,2,0,2,3,10,200800042457A01,34,1,1,200054781
200800042469,2008-07-20,2008,juillet,dimanche,19:15,75,75117,0,0,2,2,3,1,1,4,2,02,1,1,0,0,1,0,1,4,1,7,5,3,2,0,2,7,19,200800042469B01,7,1,1,200054781
200800042476,2008-07-26,2008,juillet,samedi,11:45,75,75117,0,0,2,1,3,1,1,4,1,01,1,1,0,60,1,0,1,4,1,27,5,3,2,0,2,1,1,200800042476B01,7,9,1,200054781
200800042482,2008-07-30,2008,juillet,mercredi,12:15,75,75117,0,0,2,1,6,1,1,4,-1,03,-1,-1,0,0,1,0,1,4,2,28,0,3,2,0,1,1,7,200800042482A01,,,,200054781
200800042523,2008-07-22,2008,juillet,mardi,09:25,75,75118,0,0,2,2,3,1,1,4,2,04,1,1,0,0,1,0,1,4,1,35,5,3,2,0,2,3,1,200800042523B01,7,16,1,200054781
200800042538,2008-07-03,2008,juillet,jeudi,21:45,75,75119,0,0,2,3,3,5,1,4,1,01,1,1,0,50,1,0,1,4,1,15,5,3,2,0,2,1,1,200800042538A01,7,1,1,200054781
200800042559,2008-07-24,2008,juillet,jeudi,16:00,75,75119,0,0,2,2,6,1,1,4,1,00,1,1,0,0,2,5,1,4,1,54,1,1,2,8,0,6,7,200800042559A01,7,1,1,200054781
200800042560,2008-07-24,2008,juillet,jeudi,23:35,75,75119,0,0,2,2,3,5,1,4,1,01,1,1,0,0,1,5,1,4,2,26,0,3,2,0,2,8,1,200800042560A01,32,1,1,200054781
200800042580,2008-07-19,2008,juillet,samedi,10:07,75,75120,0,0,2,1,3,1,1,4,2,02,1,1,0,0,1,0,1,3,1,61,0,3,2,0,2,0,18,200800042580B01,7,22,1,200054781
200800042588,2008-07-23,2008,juillet,mercredi,16:30,75,75120,0,0,2,1,6,1,1,4,1,01,1,1,0,98,1,0,1,4,1,17,5,3,2,0,2,2,1,200800042588A01,7,0,1,200054781
200800042607,2008-07-15,2008,juillet,mardi,14:20,75,75117,0,0,2,1,6,1,1,4,2,02,1,1,0,87,1,0,1,3,2,25,0,3,2,1,2,0,1,200800042607B01,14,17,1,200054781
200800042729,2008-05-04,2008,mai,dimanche,19:25,77,77186,0,0,1,1,6,1,1,2,2,02,1,1,0,75,1,0,1,3,1,66,5,2,2,0,0,4,1,200800042729B01,7,1,1,200072346
200800042735,2008-05-28,2008,mai,mercredi,16:45,81,81065,0,0,2,1,7,1,1,2,2,03,1,1,0,100,1,0,5,2,1,52,1,3,4,0,0,8,16,200800042735B01,15,16,1,248100430
200800042738,2008-08-03,2008,août,dimanche,03:55,69,69387,0,0,2,3,3,5,1,4,1,01,1,1,0,0,1,0,1,4,1,28,5,2,9,0,9,1,1,200800042738A01,2,1,1,200046977
200800042741,2008-08-07,2008,août,jeudi,08:15,69,69387,0,0,2,2,3,1,2,4,1,01,1,1,0,42,2,0,1,4,2,43,4,3,9,0,2,1,1,200800042741A01,10,1,1,200046977
200800042759,2008-08-25,2008,août,lundi,17:30,69,69389,0,0,2,3,3,1,1,4,2,01,4,1,0,30,1,0,1,4,1,15,5,1,2,0,2,1,9,200800042759B01,7,1,1,200046977
200800042818,2008-08-02,2008,août,samedi,16:20,75,75112,0,0,2,1,3,1,1,4,2,02,1,1,0,85,1,0,5,4,1,35,5,3,2,0,2,1,1,200800042818B01,7,10,1,200054781
200800042839,2008-08-06,2008,août,mercredi,22:20,75,75109,0,0,2,2,3,4,1,4,2,02,1,2,40,40,1,5,1,4,1,28,5,3,9,0,2,3,9,200800042839A01,32,1,1,200054781
200800042855,2008-08-05,2008,août,mardi,08:40,75,75115,0,0,2,2,3,1,1,4,1,01,1,1,0,67,1,0,1,4,2,40,1,3,2,0,2,3,1,200800042855A01,7,1,1,200054781
200800042867,2008-08-07,2008,août,jeudi,22:30,75,75110,0,0,2,2,2,5,1,4,1,02,1,1,0,25,2,0,5,4,2,33,1,2,9,0,2,1,1,200800042867A01,7,0,1,200054781
200800042885,2008-08-09,2008,août,samedi,16:30,75,75111,0,0,2,7,2,1,1,4,2,01,1,1,0,150,1,0,0,4,1,31,5,1,2,0,0,4,2,200800042885B01,7,2,1,200054781
200800042913,2008-08-13,2008,août,mercredi,15:15,75,75115,0,0,2,3,3,1,1,4,1,01,1,1,89,89,1,0,1,4,1,36,5,3,2,0,2,2,1,200800042913A01,32,1,1,200054781
200800042926,2008-08-14,2008,août,jeudi,08:50,75,75119,0,0,2,1,2,1,1,9,1,02,1,1,80,60,1,0,1,4,1,23,9,3,2,0,2,1,2,200800042926B01,7,23,1,200054781
200800042945,2008-08-16,2008,août,samedi,16:00,75,75107,0,0,2,1,6,1,1,2,2,01,1,1,50,100,1,2,1,4,2,23,5,3,2,12,2,4,1,200800042945B01,7,14,1,200054781
200800042946,2008-08-16,2008,août,samedi,17:10,75,75116,0,0,2,1,7,1,1,4,2,00,1,1,0,0,1,0,1,4,1,61,5,3,2,0,0,0,1,200800042946A01,,,,200054781
200800042953,2008-08-17,2008,août,dimanche,17:20,75,75107,0,0,2,1,3,1,1,4,2,00,1,1,0,0,1,0,1,4,2,44,5,1,2,1,2,1,1,200800042953B01,10,22,1,200054781
200800042994,2008-08-26,2008,août,mardi,18:30,75,75105,0,0,2,4,3,1,1,4,2,02,1,1,0,119,1,0,1,4,1,31,5,3,2,0,2,2,17,200800042994B01,7,15,1,200054781
200800043008,2008-08-27,2008,août,mercredi,15:50,75,75104,0,0,2,2,6,1,1,4,1,02,1,1,5,121,1,0,1,1,2,26,5,3,2,0,1,1,7,200800043008A01,,,,200054781
200800043016,2008-08-27,2008,août,mercredi,19:15,75,75116,0,0,2,3,3,1,1,4,2,02,2,1,0,0,1,0,1,4,1,27,5,3,2,0,2,1,1,200800043016B01,3,15,1,200054781
200800043023,2008-08-28,2008,août,jeudi,19:25,75,75106,0,0,2,5,3,2,1,4,-1,01,1,1,0,37,1,0,1,4,1,28,4,3,2,0,2,1,7,200800043023B01,7,16,1,200054781
200800043034,2008-08-18,2008,août,lundi,12:45,75,75118,0,0,2,1,6,1,1,4,1,01,1,1,120,40,1,0,5,4,1,24,0,3,2,0,1,1,5,200800043034A01,,,,200054781
200800043042,2008-08-19,2008,août,mardi,00:30,75,75110,0,0,2,1,3,5,1,4,1,00,1,1,0,15,1,0,5,4,1,49,1,3,2,0,2,1,1,200800043042B01,7,22,1,200054781
200800043050,2008-08-19,2008,août,mardi,12:50,75,75116,0,0,2,1,3,1,1,4,2,00,1,1,0,0,2,0,1,4,2,27,1,3,2,1,2,0,1,200800043050B01,7,22,1,200054781
200800043051,2008-08-19,2008,août,mardi,20:40,75,75118,0,0,2,1,3,2,2,4,1,01,1,1,0,40,2,0,1,4,1,40,5,3,2,0,2,6,1,200800043051B01,7,17,1,200054781
200800043071,2008-08-28,2008,août,jeudi,19:25,75,75116,0,0,2,5,6,2,1,4,1,02,1,-1,0,100,1,0,0,4,1,22,1,3,2,0,2,4,1,200800043071A01,7,1,1,200054781
200800043072,2008-08-28,2008,août,jeudi,08:45,75,75117,0,0,2,3,6,1,1,4,1,00,1,1,0,0,1,0,1,4,2,47,1,3,2,14,0,1,21,200800043072A01,,,,200054781
200800043073,2008-08-28,2008,août,jeudi,15:35,75,75117,0,0,2,2,2,1,1,4,1,01,1,1,0,0,1,0,1,3,2,17,5,3,2,0,2,6,15,200800043073B01,7,2,1,200054781
200800043080,2008-08-29,2008,août,vendredi,11:00,75,75101,0,0,2,5,3,1,1,4,2,02,1,1,0,300,1,0,1,4,1,58,5,3,2,14,2,8,7,200800043080A01,37,17,1,200054781
200800043087,2008-08-29,2008,août,vendredi,21:10,75,75112,0,0,2,1,2,5,1,4,2,02,1,1,0,0,1,0,1,4,2,64,5,3,2,0,2,1,2,200800043087B01,10,4,1,200054781
200800043099,2008-08-30,2008,août,samedi,16:25,75,75101,0,0,2,1,2,1,1,4,1,01,1,1,0,27,1,0,1,4,2,31,0,1,2,0,2,4,2,200800043099B01,7,2,1,200054781
200800043101,2008-08-30,2008,août,samedi,16:00,75,75107,0,0,2,1,3,1,1,4,3,04,1,1,0,0,1,0,1,4,1,63,0,3,2,0,2,0,13,200800043101B01,7,1,1,200054781
200800043104,2008-08-30,2008,août,samedi,08:40,75,75110,0,0,2,4,3,1,1,4,1,01,1,1,20,40,1,0,1,4,2,29,5,3,2,0,2,4,15,200800043104B01,14,17,1,200054781
200800043173,2008-08-22,2008,août,vendredi,16:05,75,75120,0,0,2,4,3,1,2,4,1,00,2,1,0,74,2,0,1,4,2,30,5,3,2,0,2,3,1,200800043173A01,7,22,1,200054781
200800043191,2008-08-23,2008,août,samedi,15:15,75,75105,0,0,2,2,7,1,1,4,1,02,1,1,0,110,1,0,1,4,2,31,9,3,2,0,0,0,1,200800043191A01,,,,200054781
200800043216,2008-08-25,2008,août,lundi,19:20,75,75103,0,0,2,2,3,2,1,4,1,01,1,1,0,28,1,0,1,4,1,45,1,3,2,0,2,1,1,200800043216B01,7,1,1,200054781
200800043249,2008-08-02,2008,août,samedi,17:20,92,92049,0,0,2,1,6,1,1,3,1,02,1,1,0,0,1,0,1,4,1,71,5,3,2,0,0,0,1,200800043249A01,,,,200054781
200800043249,2008-08-02,2008,août,samedi,17:20,92,92049,0,0,2,1,6,1,1,3,1,02,1,1,0,0,1,0,1,1,2,15,5,3,0,0,0,0,1,200800043249A01,,,,200054781
200800043253,2008-08-25,2008,août,lundi,16:30,92,92049,0,0,2,1,6,1,1,3,3,08,1,1,0,0,1,0,1,4,1,19,0,3,9,0,0,0,1,200800043253B01,10,24,1,200054781
200800043288,2008-08-05,2008,août,mardi,21:18,93,93001,0,0,2,1,3,2,1,4,1,01,1,1,0,60,1,0,1,3,1,8,0,3,9,0,2,0,0,200800043288B01,7,0,1,200054781
200800043322,2008-08-12,2008,août,mardi,13:05,93,93057,0,0,2,2,3,1,1,4,4,02,1,1,0,80,1,0,1,3,1,12,0,3,9,0,2,1,1,200800043322A01,7,2,1,200054781
200800043340,2008-08-05,2008,août,mardi,14:25,93,93032,0,0,2,1,2,1,1,4,1,02,1,1,0,70,1,0,1,4,1,17,5,2,2,0,2,4,2,200800043340B01,33,1,1,200054781
200800043394,2008-08-26,2008,août,mardi,14:57,93,93055,0,0,2,3,3,1,1,4,-1,01,1,3,0,30,1,0,1,3,1,47,9,3,9,0,2,0,1,200800043394B01,7,2,1,200054781
200800043401,2008-08-20,2008,août,mercredi,04:58,93,93014,0,0,2,2,1,5,1,4,2,02,1,2,0,40,1,0,0,3,1,33,1,3,4,0,2,1,1,200800043401B01,7,13,1,200054781
200800043409,2008-08-27,2008,août,mercredi,11:25,93,93064,0,0,2,1,3,1,1,2,1,01,1,1,0,0,1,0,4,4,1,39,0,3,9,0,2,1,1,200800043409A01,7,23,1,200054781
200800043433,2008-08-06,2008,août,mercredi,00:45,93,93078,0,0,2,1,1,5,1,4,4,01,1,3,0,0,1,0,1,1,1,40,0,3,9,0,9,4,0,200800043433B01,1,0,1,200054781
200800043433,2008-08-06,2008,août,mercredi,00:45,93,93078,0,0,2,1,1,5,1,4,4,01,1,3,0,0,1,0,1,3,1,41,9,3,9,1,0,4,0,200800043433A01,1,0,1,200054781
200800043437,2008-08-11,2008,août,lundi,12:00,94,94002,0,0,2,1,6,1,7,4,2,02,1,1,0,66,-1,0,1,3,1,40,5,1,9,1,0,1,1,200800043437A01,,,,200054781
200800043493,2008-08-30,2008,août,samedi,15:45,94,94073,0,0,2,1,3,1,1,4,3,02,1,1,0,0,1,0,1,4,1,30,5,3,0,12,2,8,2,200800043493B01,7,2,1,200054781