Num_Acc,date,an,mois,jour,hrmn,dep,com,lat,long,agg,int,col,lum,atm,catr,circ,nbv,prof,plan,lartpc,larrout,surf,infra,situ,grav,sexe,age,trajet,secuexist,equipement,obs,obsm,choc,manv,vehiculeid,typevehicules,manoeuvehicules,numVehicules,_infos_commune.code_epci
200800044840,2008-08-07,2008,août,jeudi,13:25,64,64445,0,0,2,1,1,1,1,4,1,03,1,1,0,18,1,0,4,4,2,45,5,3,9,0,2,2,1,200800044840B01,1,5,1,200067254
200800044852,2008-08-21,2008,août,jeudi,19:40,64,64445,0,0,2,1,6,1,1,4,3,01,1,1,0,85,1,0,1,4,2,34,5,3,9,0,2,0,2,200800044852A01,,,,200067254
200800044859,2008-08-31,2008,août,dimanche,17:40,64,64269,0,0,2,6,2,1,1,2,2,02,1,3,0,45,1,0,1,4,2,39,5,2,2,0,2,4,1,200800044859A01,7,1,1,200067254
200800044868,2008-08-27,2008,août,mercredi,07:00,64,64545,0,0,2,1,3,1,1,3,2,02,1,-1,0,0,1,0,1,4,1,44,0,3,9,0,2,1,1,200800044868B01,7,15,1,200067106
200800044870,2008-08-31,2008,août,dimanche,17:15,64,64260,0,0,2,1,3,1,1,4,2,02,1,1,0,0,1,0,1,4,1,9,5,3,9,0,2,0,16,200800044870B01,2,1,1,200067106
200800044875,2008-08-01,2008,août,vendredi,14:00,65,65440,0,0,2,6,3,1,1,3,2,02,1,1,0,0,1,0,1,1,1,51,0,3,9,0,2,0,0,200800044875B01,30,0,1,200069300
200800044880,2008-08-21,2008,août,jeudi,21:40,65,65440,0,0,2,1,6,5,1,5,-1,01,1,1,0,0,1,0,1,4,1,10,5,3,2,0,2,0,1,200800044880B01,7,0,1,200069300
200800044906,2008-08-02,2008,août,samedi,12:20,67,67482,0,0,2,1,6,1,1,4,2,02,1,1,0,80,1,0,1,4,2,45,0,3,9,1,0,1,1,200800044906B01,7,24,1,246700488
200800044909,2008-08-05,2008,août,mardi,09:30,67,67447,0,0,2,1,6,1,1,4,2,01,1,1,10,77,1,0,0,4,2,37,0,3,0,0,1,1,0,200800044909A01,,,,246700488
200800044910,2008-08-06,2008,août,mercredi,12:45,67,67482,0,0,2,2,3,1,1,4,2,02,1,1,0,60,1,0,1,4,1,18,0,3,9,0,2,1,1,200800044910A01,7,1,1,246700488
200800044914,2008-08-09,2008,août,samedi,10:35,67,67218,0,0,2,1,2,1,2,4,2,02,1,1,0,60,2,0,1,4,1,20,0,1,2,0,2,1,1,200800044914A01,7,23,1,246700488
200800044915,2008-08-09,2008,août,samedi,14:25,67,67482,0,0,2,1,3,1,1,4,1,01,1,1,0,30,1,0,1,4,1,7,0,3,2,0,2,6,19,200800044915A01,7,1,1,246700488
200800044922,2008-08-24,2008,août,dimanche,11:40,67,67482,0,0,2,2,6,1,1,4,2,02,1,1,0,80,1,0,1,4,1,35,5,3,9,0,2,8,1,200800044922A01,7,15,1,246700488
200800044932,2008-08-29,2008,août,vendredi,12:00,67,67482,0,0,2,1,2,1,1,4,2,02,1,1,0,95,1,0,1,4,1,65,5,3,9,0,2,4,1,200800044932B01,32,1,1,246700488
200800044933,2008-08-30,2008,août,samedi,17:00,67,67218,0,0,2,1,6,1,1,4,2,02,1,1,0,60,1,0,5,4,1,31,0,3,9,1,0,0,1,200800044933B01,7,24,1,246700488
200800044935,2008-08-30,2008,août,samedi,17:20,67,67218,0,0,2,2,3,1,1,4,2,02,1,1,0,80,1,0,1,4,1,13,5,3,2,0,2,1,1,200800044935B01,7,1,1,246700488
200800044947,2008-08-14,2008,août,jeudi,17:40,68,68224,0,0,2,1,6,1,1,3,-1,02,1,1,0,92,1,0,1,4,1,10,3,3,9,0,2,4,1,200800044947B01,7,4,1,200066009
200800044953,2008-08-28,2008,août,jeudi,14:35,68,68224,0,0,2,1,3,1,1,4,2,04,1,1,0,120,1,0,5,4,1,34,1,1,2,0,2,1,1,200800044953B01,7,15,1,200066009
200800044958,2008-08-01,2008,août,vendredi,16:20,69,69152,0,0,2,1,3,1,3,2,3,02,1,1,0,0,2,0,5,3,1,35,1,1,2,0,2,1,1,200800044958B01,7,9,1,
200800045006,2008-08-12,2008,août,mardi,17:40,92,92002,0,0,2,1,3,1,1,3,2,02,1,1,0,93,1,0,1,4,1,72,5,1,2,0,2,1,1,200800045006B01,10,15,1,200054781
200800045057,2008-08-14,2008,août,jeudi,17:40,22,22278,0,0,2,1,3,1,2,4,2,02,1,1,0,73,2,0,1,4,1,11,5,2,2,0,2,7,19,200800045057A01,7,1,1,200069409
200800045074,2008-08-20,2008,août,mercredi,13:35,24,24053,0,0,2,9,2,1,1,3,2,03,3,2,0,0,1,0,1,3,1,65,5,1,2,0,2,4,1,200800045074B01,7,11,1,200040392
200800045076,2008-08-01,2008,août,vendredi,18:01,25,25056,0,0,2,1,3,1,1,4,2,01,1,1,0,0,1,0,1,3,2,23,5,2,2,0,2,8,13,200800045076A01,1,17,1,242500361
200800045076,2008-08-01,2008,août,vendredi,18:01,25,25056,0,0,2,1,3,1,1,4,2,01,1,1,0,0,1,0,1,4,2,34,5,2,2,0,2,7,17,200800045076B01,1,13,1,242500361
200800045078,2008-08-02,2008,août,samedi,11:35,25,25056,0,0,2,2,3,1,1,4,1,02,1,1,0,0,1,0,1,3,1,46,5,1,2,0,2,0,1,200800045078B01,7,1,1,242500361
200800045103,2008-08-18,2008,août,lundi,11:45,26,26281,0,0,2,6,6,1,1,3,2,02,1,1,20,80,1,0,1,3,1,73,5,2,2,0,2,8,1,200800045103B01,7,16,1,200068781
200800045106,2008-08-24,2008,août,dimanche,12:15,26,26281,0,0,2,6,6,1,1,3,2,02,1,1,0,60,1,0,1,4,2,60,5,2,2,0,2,2,1,200800045106B01,7,9,1,200068781
200800045115,2008-08-15,2008,août,vendredi,05:15,26,26362,0,0,1,1,6,5,1,4,2,02,1,1,25,30,1,0,1,4,1,45,1,3,2,0,2,7,1,200800045115A01,33,0,1,200068781
200800045118,2008-08-18,2008,août,lundi,15:20,26,26362,0,0,2,1,6,2,1,4,2,02,4,2,0,45,1,0,1,3,1,66,4,1,2,0,0,0,1,200800045118A01,,,,200068781
200800045124,2008-08-29,2008,août,vendredi,16:20,27,27229,0,0,2,1,3,1,1,4,2,02,1,1,0,0,1,0,1,4,1,32,5,2,2,0,2,1,1,200800045124B01,7,15,1,200071454
200800045130,2008-08-01,2008,août,vendredi,16:30,28,28085,0,0,2,1,6,1,1,4,1,01,1,1,0,0,1,0,1,4,1,14,0,1,2,0,2,7,1,200800045130B01,7,9,1,200033181
200800045147,2008-08-14,2008,août,jeudi,17:10,29,29019,0,0,2,1,3,1,8,4,2,04,1,1,0,108,1,0,1,4,1,38,5,3,9,0,2,2,17,200800045147B01,7,11,1,242900314
200800045153,2008-08-27,2008,août,mercredi,20:10,29,29019,0,0,2,2,6,2,1,9,-1,00,-1,-1,0,0,-1,0,0,4,1,28,0,3,9,0,0,1,9,200800045153A01,7,0,1,242900314
200800045179,2008-08-03,2008,août,dimanche,12:05,30,30189,43.8562,4.38571,2,1,7,1,1,4,1,01,2,3,0,35,1,0,1,4,2,14,5,1,4,8,0,1,1,200800045179A01,,,,243000643
200800045203,2008-08-26,2008,août,mardi,17:52,30,30189,0,0,2,2,3,1,1,4,2,02,1,1,0,78,1,0,1,4,2,26,9,1,4,0,2,2,1,200800045203B01,7,1,1,243000643
200800045233,2008-08-06,2008,août,mercredi,12:35,31,31555,0,0,2,1,2,1,1,4,2,02,1,1,0,60,1,0,1,4,2,36,1,3,2,0,2,4,0,200800045233B01,7,0,1,243100518
200800045236,2008-08-07,2008,août,jeudi,01:20,31,31555,0,0,2,1,2,5,2,4,2,05,1,1,0,0,2,0,1,3,1,25,0,1,9,0,2,0,0,200800045236B01,7,2,1,243100518
200800045254,2008-08-17,2008,août,dimanche,20:10,31,31555,0,0,2,1,3,1,1,4,2,02,1,1,0,70,2,0,1,1,1,50,0,3,2,0,2,1,0,200800045254B01,2,0,1,243100518
200800045266,2008-08-25,2008,août,lundi,10:20,31,31555,0,0,2,1,2,1,1,4,3,03,1,1,0,90,1,0,1,4,1,47,0,3,2,0,2,0,0,200800045266A01,10,0,1,243100518
200800045268,2008-08-26,2008,août,mardi,08:40,31,31555,0,0,2,1,1,1,1,4,2,04,2,1,0,120,1,0,1,4,1,35,1,2,2,0,2,1,0,200800045268B01,7,0,1,243100518
200800045274,2008-08-29,2008,août,vendredi,10:50,31,31555,0,0,2,1,3,1,1,4,2,02,1,1,0,95,1,0,1,4,1,81,5,3,9,0,2,0,19,200800045274B01,7,1,1,243100518
200800045280,2008-08-12,2008,août,mardi,17:25,33,33009,0,0,2,1,1,1,1,4,1,01,2,2,0,37,1,0,1,3,2,7,5,2,2,0,2,1,14,200800045280A01,33,1,1,243300563
200800045304,2008-08-12,2008,août,mardi,17:05,33,33063,0,0,2,2,3,1,1,4,2,02,1,1,0,72,1,0,1,4,1,48,0,3,4,0,2,0,1,200800045304B01,7,1,1,243300316
200800045305,2008-08-13,2008,août,mercredi,12:08,33,33063,0,0,2,1,3,1,1,4,1,02,2,1,0,85,2,0,1,4,2,25,0,3,4,0,2,1,1,200800045305A01,7,1,1,243300316
200800045309,2008-08-08,2008,août,vendredi,14:50,33,33192,0,0,2,6,3,1,1,4,2,02,-1,1,0,50,1,5,1,4,1,63,0,3,4,0,2,1,16,200800045309B01,7,16,1,243300316
200800045314,2008-08-19,2008,août,mardi,07:55,33,33063,0,0,2,3,3,1,3,4,3,02,1,1,0,0,2,0,1,4,2,21,1,3,4,0,2,1,15,200800045314B01,7,1,1,243300316
200800045317,2008-08-20,2008,août,mercredi,17:00,33,33249,0,0,2,3,3,1,1,4,2,02,1,1,0,50,1,0,1,4,1,23,0,3,4,0,2,1,5,200800045317A01,7,1,1,243300316
200800045319,2008-08-21,2008,août,jeudi,18:45,33,33063,0,0,2,3,3,1,1,4,2,02,1,1,0,96,1,0,1,4,2,48,4,3,4,0,0,3,15,200800045319B01,31,1,1,243300316
200800045324,2008-08-24,2008,août,dimanche,20:25,33,33063,0,0,2,5,3,1,1,4,1,01,1,1,0,33,1,0,1,4,1,21,5,3,4,0,2,2,9,200800045324A01,7,15,1,243300316
200800045329,2008-08-21,2008,août,jeudi,18:30,33,33281,0,0,2,6,3,1,1,4,1,02,1,2,0,0,1,5,1,3,1,32,5,3,4,0,2,8,15,200800045329B01,14,15,1,243300316
200800045336,2008-08-22,2008,août,vendredi,18:40,33,33281,0,0,2,3,3,1,1,4,2,02,1,1,0,102,1,0,1,3,2,8,0,3,4,0,2,0,1,200800045336B01,7,16,1,243300316
200800045342,2008-08-24,2008,août,dimanche,10:55,33,33522,0,0,2,3,3,1,1,4,-1,01,1,1,0,0,1,0,1,3,1,76,0,3,4,0,0,0,1,200800045342B01,7,15,1,243300316
200800045348,2008-08-30,2008,août,samedi,23:40,33,33063,0,0,2,3,3,5,2,4,1,01,1,1,0,30,2,0,1,3,1,24,5,3,4,0,2,0,1,200800045348A01,2,1,1,243300316
200800045360,2008-08-01,2008,août,vendredi,18:45,34,34003,0,0,2,1,3,1,1,4,1,02,1,1,0,70,1,0,1,4,1,72,5,3,9,0,0,8,19,200800045360B01,7,1,1,243400819
200800045362,2008-08-04,2008,août,lundi,17:45,34,34003,0,0,2,2,3,1,1,4,2,02,1,1,0,84,1,0,1,4,1,71,5,3,9,0,2,8,1,200800045362B01,10,1,1,243400819
200800045372,2008-08-05,2008,août,mardi,17:45,34,34032,0,0,2,1,1,1,1,3,2,02,1,1,0,80,1,0,1,3,1,11,0,2,9,0,2,4,10,200800045372B01,7,1,1,243400769
200800045395,2008-08-08,2008,août,vendredi,16:30,34,34172,43.63078,3.82258,2,1,2,1,1,4,2,03,2,1,0,90,1,0,1,3,1,41,9,3,9,0,2,1,1,200800045395A01,7,23,1,243400017
200800045414,2008-08-19,2008,août,mardi,12:28,34,34172,43.6046,3.86513,2,4,7,1,1,4,1,01,1,3,0,40,1,0,1,4,1,32,0,1,2,0,0,0,21,200800045414B01,7,16,1,243400017
200800045421,2008-08-22,2008,août,vendredi,16:30,34,34172,0,0,2,6,1,1,1,4,2,02,1,4,80,70,1,5,1,4,1,40,1,2,2,0,2,1,5,200800045421A01,7,1,1,243400017
200800045437,2008-08-19,2008,août,mardi,11:10,01,01053,0,0,2,1,2,1,1,4,2,02,1,1,0,34,1,0,5,3,1,58,5,3,9,0,2,1,1,200800045437B01,10,4,1,200071751
200800045442,2008-08-04,2008,août,lundi,12:15,76,76319,0,0,2,1,6,1,1,4,1,01,2,2,0,40,1,0,1,3,1,12,0,3,9,15,0,0,0,200800045442A01,,,,200023414
200800045454,2008-08-19,2008,août,mardi,16:00,76,76681,0,0,2,1,3,1,1,4,2,02,1,1,0,30,1,0,1,3,1,10,5,2,2,0,2,8,19,200800045454B01,7,0,1,200023414
200800045466,2008-08-25,2008,août,lundi,16:55,93,93013,0,0,2,1,3,1,1,4,2,02,1,1,0,0,1,0,1,3,1,20,5,3,0,0,0,1,0,200800045466A01,7,1,1,200054781
200800045489,2008-08-30,2008,août,samedi,14:20,93,93071,0,0,2,2,6,1,1,3,2,01,1,1,0,0,1,5,1,4,1,30,5,3,9,0,2,8,0,200800045489A01,7,1,1,200054781
200800045502,2008-08-05,2008,août,mardi,19:05,06,06029,0,0,2,1,7,1,1,4,2,02,-1,1,0,70,1,0,1,1,1,24,0,3,9,0,1,5,1,200800045502A01,,,,200039915
200800045549,2008-08-20,2008,août,mercredi,10:15,06,06004,0,0,2,3,3,1,1,4,-1,02,1,1,0,48,1,0,1,3,1,41,5,1,2,0,2,1,1,200800045549B01,7,15,1,240600585
200800045551,2008-08-23,2008,août,samedi,09:50,06,06004,0,0,2,1,2,1,1,4,2,02,1,1,0,60,1,0,1,4,1,37,5,3,2,0,2,1,1,200800045551A01,7,20,1,240600585
200800045571,2008-08-22,2008,août,vendredi,13:15,06,06123,0,0,2,6,3,1,1,4,1,02,-1,1,0,0,1,0,1,4,1,63,5,1,2,0,2,1,1,200800045571B01,30,16,1,200030195
200800045614,2008-08-26,2008,août,mardi,09:45,06,06083,0,0,2,6,3,1,1,3,2,02,1,1,0,0,1,5,1,4,1,77,5,3,2,0,0,1,1,200800045614B01,7,1,1,240600551
200800045638,2008-08-08,2008,août,vendredi,06:15,06,06088,0,0,2,2,3,2,1,4,2,02,1,1,0,0,1,0,1,4,1,46,1,3,4,0,2,1,2,200800045638A01,7,2,1,200030195
200800045658,2008-08-13,2008,août,mercredi,08:00,06,06088,0,0,2,2,6,1,1,4,2,03,1,1,0,90,1,0,1,4,1,16,0,3,9,0,0,0,0,200800045658A01,7,0,1,200030195
200800045673,2008-08-19,2008,août,mardi,14:30,06,06088,0,0,2,1,6,1,1,9,-1,01,1,1,0,0,1,6,4,1,1,31,1,3,4,0,1,1,2,200800045673A01,,,,200030195
200800045718,2008-08-02,2008,août,samedi,05:45,10,10387,0,0,2,2,1,5,1,4,2,04,1,1,9,128,1,0,1,4,1,55,0,3,9,0,2,1,1,200800045718B01,7,15,1,200069250
200800045724,2008-08-28,2008,août,jeudi,14:35,10,10343,0,0,2,3,6,1,1,4,2,02,1,1,0,70,1,0,0,3,2,46,0,2,9,0,2,8,15,200800045724A01,7,17,1,200069250
200800045771,2008-08-01,2008,août,vendredi,18:10,13,13047,0,0,2,6,3,1,1,4,3,04,1,1,7,100,1,0,0,3,1,69,5,2,2,0,2,2,16,200800045771B01,7,9,1,200054807
200800045772,2008-08-07,2008,août,jeudi,08:00,13,13047,0,0,2,1,2,1,1,4,1,00,1,1,72,77,1,0,1,3,1,49,1,3,2,0,9,4,1,200800045772B01,33,9,1,200054807
200800045777,2008-08-16,2008,août,samedi,16:25,13,13102,0,0,2,1,2,1,1,4,2,01,1,1,0,32,1,0,1,4,1,4,5,3,9,0,2,5,2,200800045777B01,2,18,1,200054807
200800045786,2008-08-04,2008,août,lundi,19:15,13,13055,0,0,2,1,2,1,1,4,2,01,1,1,0,62,1,0,1,3,2,48,5,3,9,0,2,4,2,200800045786B01,7,2,1,200054807
200800045820,2008-08-02,2008,août,samedi,10:00,13,13055,0,0,2,1,7,1,1,4,2,00,1,1,0,0,8,0,1,3,1,39,5,3,2,0,0,0,0,200800045820B01,,,,200054807
200800045823,2008-08-08,2008,août,vendredi,17:35,13,13055,0,0,2,1,1,1,1,4,-1,01,2,1,0,80,1,0,1,3,1,41,5,2,9,0,2,1,0,200800045823B01,7,15,1,200054807
200800045884,2008-08-16,2008,août,samedi,15:50,13,13055,0,0,2,4,3,1,1,4,2,02,1,2,68,160,1,0,1,4,1,31,5,3,9,0,2,8,15,200800045884B01,7,17,1,200054807
200800045911,2008-08-03,2008,août,dimanche,08:00,13,13055,0,0,2,1,3,1,1,4,1,01,1,-1,0,30,1,0,1,4,1,63,5,2,2,0,2,1,19,200800045911B01,7,2,1,200054807
200800045917,2008-08-25,2008,août,lundi,19:20,13,13055,0,0,2,3,3,1,1,3,2,02,2,1,0,0,1,0,1,3,1,10,5,3,9,0,2,1,16,200800045917A01,7,1,1,200054807
200800045990,2008-08-20,2008,août,mercredi,12:15,14,14327,0,0,2,6,3,1,1,4,2,02,2,1,0,0,1,0,0,3,1,39,1,2,2,0,2,7,1,200800045990B01,7,9,1,200065597
200800045994,2008-08-22,2008,août,vendredi,12:55,14,14225,0,0,2,1,3,1,1,4,2,03,1,1,0,90,1,0,1,4,1,16,5,2,2,0,2,2,15,200800045994A01,7,1,1,200065563
200800045999,2008-08-25,2008,août,lundi,21:00,14,14366,0,0,2,1,3,2,1,4,2,02,1,1,0,0,1,0,1,3,1,57,1,1,2,0,2,8,1,200800045999B01,31,17,1,200069532
200800046012,2008-08-04,2008,août,lundi,12:05,17,17299,0,0,2,1,2,1,1,4,2,02,1,1,0,70,1,0,1,3,1,35,5,3,9,0,2,4,1,200800046012B01,7,1,1,200041762
200800046016,2008-08-28,2008,août,jeudi,16:55,17,17299,0,0,2,6,2,1,1,4,2,02,1,1,0,105,1,5,1,3,2,49,1,1,9,0,2,1,1,200800046016B01,7,16,1,200041762
200800046019,2008-08-03,2008,août,dimanche,01:25,17,17300,0,0,2,1,3,5,1,4,2,02,1,1,0,0,1,0,5,3,1,21,5,1,2,0,2,4,1,200800046019B01,10,16,1,241700434
200800046021,2008-08-05,2008,août,mardi,20:29,17,17300,0,0,2,6,3,1,1,4,-1,01,1,1,0,40,1,0,0,1,1,33,0,3,9,0,2,1,1,200800046021B01,7,16,1,241700434
200800046033,2008-08-25,2008,août,lundi,19:20,17,17300,0,0,2,6,3,1,1,4,3,02,1,1,6,30,1,5,1,4,1,79,5,2,9,0,2,1,1,200800046033B01,7,16,1,241700434
200800046035,2008-08-26,2008,août,mardi,09:04,17,17300,0,0,2,1,3,1,1,4,2,02,1,-1,0,0,-1,1,1,3,1,62,0,3,2,0,2,1,1,200800046035B01,7,1,1,241700434
200800046038,2008-08-27,2008,août,mercredi,19:50,17,17300,0,0,2,9,3,1,1,4,2,02,1,1,0,0,1,0,5,4,2,53,5,3,2,0,2,7,1,200800046038B01,7,1,1,241700434
200800046045,2008-08-07,2008,août,jeudi,18:05,17,17380,0,0,2,1,3,1,1,4,-1,00,1,1,0,0,1,0,1,4,2,26,5,3,0,0,2,1,1,200800046045B01,7,9,1,241700640
200800046072,2008-08-26,2008,août,mardi,19:55,17,17415,0,0,2,1,6,1,1,4,2,02,1,1,0,0,1,0,1,4,1,21,1,3,4,0,2,8,1,200800046072B01,7,17,1,200036473
200800046078,2008-08-03,2008,août,dimanche,09:10,18,18279,0,0,2,1,5,1,8,4,2,01,1,2,0,0,2,0,1,3,2,62,5,3,9,0,2,1,1,200800046078C01,7,0 / 1,2,200090561
200800046078,2008-08-03,2008,août,dimanche,09:10,18,18279,0,0,2,1,5,1,8,4,2,01,1,2,0,0,2,0,1,3,2,52,5,1,2,0,2,1,1,200800046078D01,7,0 / 1,2,200090561
200800046099,2008-08-05,2008,août,mardi,20:28,21,21231,0,0,2,2,3,1,1,4,2,02,1,1,0,58,1,5,0,4,1,31,5,2,2,0,2,1,19,200800046099B01,7,1,1,242100410
200800046121,2008-08-29,2008,août,vendredi,17:30,81,81285,0,0,1,2,1,1,1,3,2,00,1,1,0,46,1,0,1,3,1,10,5,3,0,0,2,3,19,200800046121B02,7,1,1,248100497
200800046136,2008-08-27,2008,août,mercredi,17:45,81,81016,0,0,1,1,7,1,1,4,2,02,2,1,0,35,9,0,1,4,2,67,5,1,2,14,0,8,1,200800046136A01,,,,243100567
200800046153,2008-08-02,2008,août,samedi,09:15,69,69227,0,0,1,1,1,1,1,4,-1,02,1,1,0,30,1,0,1,3,2,78,5,3,0,0,2,0,1,200800046153B02,21,15,1,200066587
200800046190,2008-08-08,2008,août,vendredi,17:30,01,01325,0,0,1,2,3,1,1,3,2,02,1,1,0,65,1,5,1,2,1,78,9,3,0,0,2,1,19,200800046190B02,7,1,1,240100883
200800046199,2008-08-20,2008,août,mercredi,17:15,26,26235,0,0,1,1,1,1,1,2,3,02,1,1,0,0,1,0,1,3,1,56,0,1,2,0,2,8,13,200800046199A01,7,1,1,200042901
200800046207,2008-08-23,2008,août,samedi,17:15,26,26162,0,0,2,1,3,1,1,3,2,00,1,2,0,0,1,5,1,4,1,12,5,3,0,0,2,7,19,200800046207B02,7,1,1,200040491
200800046209,2008-08-30,2008,août,samedi,01:00,26,26119,45.129,4.819,1,1,1,3,1,2,2,00,2,1,0,70,1,0,1,2,1,20,5,2,4,0,2,1,1,200800046209A01,10,1,1,200073096
200800046212,2008-08-20,2008,août,mercredi,18:15,38,38153,0,0,1,1,3,1,1,3,2,02,2,1,60,0,1,0,1,4,1,65,5,1,2,0,2,8,1,200800046212B02,7,17,1,243801024
200800046213,2008-08-09,2008,août,samedi,12:15,38,38503,0,0,1,1,4,1,1,3,2,02,1,1,0,69,1,0,1,4,1,55,5,1,2,1,0,1,1,200800046213A01,7 / 33,1 / 24,4,200018166
200800046218,2008-08-10,2008,août,dimanche,09:30,38,38416,0,0,1,1,3,1,1,3,2,02,1,1,0,53,1,0,1,3,1,14,5,2,2,0,2,7,10,200800046218A01,7,1,1,200070431
200800046226,2008-08-02,2008,août,samedi,12:45,38,38138,45.729,5.255,2,1,1,1,1,3,2,00,1,2,0,0,1,0,0,4,1,56,0,1,2,0,0,7,1,200800046226A01,7,16,1,200068542
200800046236,2008-08-21,2008,août,jeudi,08:45,38,38406,45.442,5.093,1,1,1,1,1,3,2,02,1,1,0,52,1,0,1,4,1,71,5,1,2,0,2,4,1,200800046236B02,10,13,1,200085751
200800046255,2008-08-30,2008,août,samedi,08:45,07,07167,0,0,2,1,6,1,7,3,2,02,2,3,0,65,1,0,1,3,1,60,5,2,2,0,1,1,1,200800046255A01,,,,200071413
200800046264,2008-08-27,2008,août,mercredi,12:45,07,07291,0,0,1,1,7,1,1,3,-1,02,-1,1,0,658,-1,0,1,3,1,39,5,1,2,0,0,0,1,200800046264A01,,,,200039808
200800046274,2008-08-08,2008,août,vendredi,14:45,26,26113,44.76,5.369,2,1,1,1,1,3,-1,00,1,1,0,0,1,0,1,3,2,27,5,1,2,0,0,1,1,200800046274A01,10,13,1,242600534
200800046290,2008-08-02,2008,août,samedi,20:00,74,74309,0,0,2,1,3,1,1,4,2,00,3,-1,0,60,1,0,1,3,1,13,5,3,0,0,2,1,19,200800046290B02,10,1,1,247400690
200800046302,2008-08-11,2008,août,lundi,09:45,74,74261,46.245,6.397,1,1,1,1,1,3,2,02,2,1,0,61,1,0,1,3,1,70,5,3,0,0,2,1,1,200800046302B02,7,15,1,247400047
200800046318,2008-08-28,2008,août,jeudi,13:45,63,63054,45.498,3.254,1,1,2,1,1,3,2,02,2,1,0,78,1,0,1,2,1,73,5,3,0,0,2,4,2,200800046318B02,7,2,1,200070407
200800046330,2008-08-03,2008,août,dimanche,21:45,73,73042,45.718,5.802,2,1,1,5,1,3,2,02,2,4,0,65,1,0,1,3,1,15,5,2,2,0,2,1,5,200800046330B02,7,1,1,247300262
200800046338,2008-08-27,2008,août,mercredi,14:15,73,73201,45.737,6.142,1,1,1,1,1,3,3,02,-1,2,0,60,1,0,1,3,1,30,9,3,0,0,2,1,5,200800046338B02,7,1,1,200040798
200800046339,2008-08-13,2008,août,mercredi,13:00,73,73187,45.543,6.469,2,1,3,1,1,3,2,02,1,1,0,70,1,0,1,3,1,5,0,3,0,0,0,4,0,200800046339B02,7,1,1,247300015
200800046348,2008-08-02,2008,août,samedi,13:30,74,74173,0,0,2,1,1,1,1,4,2,02,1,1,0,54,1,0,1,3,1,18,5,3,0,0,2,8,15,200800046348B02,7,1,1,200034882
200800046357,2008-08-28,2008,août,jeudi,15:00,63,63148,45.9,3.22,2,1,1,1,1,4,2,01,1,1,0,0,1,0,1,3,2,7,5,2,2,0,2,8,0,200800046357B02,7,1,1,200070753
200800046367,2008-08-09,2008,août,samedi,14:00,03,03253,0,0,1,1,3,1,1,3,2,02,-1,1,0,52,1,0,1,3,1,38,5,3,0,0,2,8,1,200800046367B02,7,2,1,200071470
200800046370,2008-08-05,2008,août,mardi,17:00,03,03246,0,0,1,2,3,1,1,3,2,02,1,1,0,58,1,0,1,3,1,9,5,3,0,0,2,1,15,200800046370B02,7,1,1,240300657
200800046378,2008-08-09,2008,août,samedi,17:45,03,03008,0,0,1,1,7,1,1,3,2,02,2,1,0,65,1,0,1,3,1,45,5,3,0,0,0,0,1,200800046378A01,,,,200071363
200800046382,2008-08-04,2008,août,lundi,16:00,15,15184,44.738,2.233,1,1,1,1,1,3,2,02,1,2,0,0,1,2,1,3,2,26,5,3,0,0,0,0,1,200800046382B02,7,1,1,200066678
200800046386,2008-08-06,2008,août,mercredi,11:15,15,15066,45.124,2.647,1,1,7,1,1,3,2,02,2,1,0,50,1,0,1,3,1,53,5,2,2,5,0,1,1,200800046386A01,,,,241501139
200800046387,2008-08-05,2008,août,mardi,14:30,15,15202,0,0,1,1,1,1,1,3,2,02,2,3,0,47,1,0,1,3,1,12,0,2,2,0,2,0,13,200800046387B02,10,18,1,241501139
200800046388,2008-08-16,2008,août,samedi,12:15,15,15066,45.162,2.569,1,1,5,1,1,3,2,00,2,3,0,41,1,0,1,3,1,68,5,1,2,0,9,1,13,200800046388A01,7,1,2,241501139
200800046403,2008-08-19,2008,août,mardi,19:00,43,43226,45.367,3.536,1,1,6,1,2,3,2,02,2,3,0,0,2,0,1,3,1,28,5,2,2,0,0,0,1,200800046403A01,,,,244301099
200800046416,2008-08-06,2008,août,mercredi,07:45,57,57701,49.103,6.087,2,1,1,1,1,3,2,02,1,1,0,55,1,0,1,3,2,55,5,3,0,0,0,8,1,200800046416B02,7,19,1,200039865
200800046430,2008-08-14,2008,août,jeudi,11:45,57,57483,48.914,6.743,1,1,3,1,7,3,2,02,1,1,0,65,1,0,1,4,1,40,5,1,2,0,2,2,21,200800046430B02,7,15,1,200067502
200800046457,2008-08-12,2008,août,mardi,08:45,55,55366,48.816,5.109,1,3,3,1,3,3,2,02,2,1,0,70,2,5,1,3,1,58,5,3,0,0,2,7,1,200800046457B02,7,15,1,200033025
200800046462,2008-08-03,2008,août,dimanche,23:30,55,55215,48.468,5.434,1,1,6,3,1,3,2,00,1,1,0,60,1,0,1,3,1,17,9,3,0,0,0,0,1,200800046462A01,,,,200066108
200800046472,2008-08-27,2008,août,mercredi,12:30,88,88204,48.268,6.439,2,1,3,1,7,3,2,02,4,1,0,0,1,0,1,3,1,8,5,3,0,0,2,1,15,200800046472B02,7,1,1,
200800046486,2008-08-21,2008,août,jeudi,14:00,88,88165,48.364,6.845,2,1,1,1,1,3,2,02,1,1,0,0,1,0,3,3,1,70,9,3,0,0,0,4,1,200800046486B02,7,1,1,200071066
200800046493,2008-08-03,2008,août,dimanche,15:30,67,67520,48.642,7.446,2,1,3,1,1,4,2,02,1,1,0,60,1,0,1,3,1,6,5,3,0,0,2,8,19,200800046493B02,7,1,1,200068864