Num_Acc,date,an,mois,jour,hrmn,dep,com,lat,long,agg,int,col,lum,atm,catr,circ,nbv,prof,plan,lartpc,larrout,surf,infra,situ,grav,sexe,age,trajet,secuexist,equipement,obs,obsm,choc,manv,vehiculeid,typevehicules,manoeuvehicules,numVehicules,_infos_commune.code_epci
200800053364,2008-09-26,2008,septembre,vendredi,21:40,75,75115,0,0,2,2,3,5,1,4,1,02,1,1,0,30,1,0,1,4,1,41,1,3,9,0,2,1,1,200800053364B01,37,16,1,200054781
200800053384,2008-09-27,2008,septembre,samedi,11:15,75,75113,0,0,2,1,6,1,1,4,1,01,1,1,0,45,1,0,1,4,1,52,5,3,2,0,1,2,1,200800053384A01,,,,200054781
200800053407,2008-09-28,2008,septembre,dimanche,01:47,75,75119,0,0,2,3,3,5,1,4,1,01,2,1,0,30,1,5,1,4,1,27,0,3,2,0,2,7,15,200800053407B01,32,1,1,200054781
200800053421,2008-09-26,2008,septembre,vendredi,13:30,75,75105,0,0,2,2,3,1,1,4,2,02,2,1,0,120,1,0,1,4,2,27,2,3,9,0,2,1,1,200800053421B01,7,16,1,200054781
200800053445,2008-09-30,2008,septembre,mardi,11:10,75,75110,0,0,2,1,6,1,2,4,2,04,2,1,0,0,2,0,5,4,2,36,0,3,2,0,2,1,1,200800053445B01,7,20,1,200054781
200800053745,2008-09-05,2008,septembre,vendredi,09:45,75,75109,0,0,2,2,3,1,2,4,1,01,1,1,0,80,2,0,1,4,2,25,1,3,2,0,2,8,13,200800053745A01,7,1,1,200054781
200800053779,2008-09-16,2008,septembre,mardi,14:45,75,75104,0,0,2,3,5,1,1,4,1,01,1,1,0,57,1,0,0,4,1,30,5,3,2,0,2,1,1,200800053779A01,7,1 / 16,2,200054781
200800053787,2008-09-16,2008,septembre,mardi,11:00,75,75112,0,0,2,1,3,1,1,4,2,02,2,1,0,90,1,0,1,4,2,51,1,3,2,0,2,7,2,200800053787B01,10,24,1,200054781
200800053788,2008-09-16,2008,septembre,mardi,15:15,75,75112,0,0,2,1,2,1,1,4,1,02,1,-1,5,60,1,0,1,4,2,20,9,3,9,0,2,0,0,200800053788B01,2,0,1,200054781
200800053802,2008-09-16,2008,septembre,mardi,12:00,75,75111,0,0,2,1,3,1,1,4,2,02,1,1,0,150,1,0,1,4,1,14,2,3,2,0,2,8,1,200800053802B01,10,14,1,200054781
200800053813,2008-09-06,2008,septembre,samedi,17:10,75,75105,0,0,2,5,2,1,1,4,1,02,1,-1,7,134,1,0,1,4,1,43,0,3,2,0,2,0,2,200800053813A01,10,16,1,200054781
200800053852,2008-09-17,2008,septembre,mercredi,08:50,75,75111,0,0,2,2,2,1,1,4,1,01,3,1,0,90,1,0,0,4,2,41,5,3,2,0,2,8,14,200800053852B01,14,14,1,200054781
200800053854,2008-09-17,2008,septembre,mercredi,11:20,75,75104,0,0,2,6,3,1,1,4,-1,02,1,1,0,90,1,5,1,4,2,33,2,3,2,0,2,6,15,200800053854B01,7,15,1,200054781
200800053880,2008-09-08,2008,septembre,lundi,11:20,75,75115,0,0,2,4,6,1,1,4,2,03,-1,-1,20,61,1,0,1,4,1,33,1,3,2,15,1,1,1,200800053880A01,,,,200054781
200800053892,2008-09-08,2008,septembre,lundi,17:25,75,75120,0,0,2,3,3,1,1,4,2,02,2,1,0,71,1,5,1,4,1,45,5,3,2,0,2,7,17,200800053892A01,10,15,1,200054781
200800053894,2008-09-08,2008,septembre,lundi,09:10,75,75112,0,0,2,2,6,1,1,4,3,02,2,1,0,249,-1,0,5,1,1,64,5,1,2,1,2,0,14,200800053894A01,1,1,1,200054781
200800053894,2008-09-08,2008,septembre,lundi,09:10,75,75112,0,0,2,2,6,1,1,4,3,02,2,1,0,249,-1,0,5,3,1,84,5,1,2,0,2,1,1,200800053894B01,1,14,1,200054781
200800053901,2008-09-09,2008,septembre,mardi,11:50,75,75106,0,0,2,3,3,1,1,4,1,01,1,-1,0,56,1,0,1,1,2,32,5,3,2,0,2,1,1,200800053901B01,31,1,1,200054781
200800053905,2008-09-09,2008,septembre,mardi,17:45,75,75110,0,0,2,3,3,1,1,4,1,01,1,1,0,70,1,0,1,4,2,52,4,3,2,1,2,1,1,200800053905B01,7,22,1,200054781
200800053911,2008-09-09,2008,septembre,mardi,17:55,75,75120,0,0,2,1,3,1,1,4,2,02,1,1,0,100,1,0,1,4,1,50,5,3,2,0,2,0,18,200800053911A01,10,22,1,200054781
200800053915,2008-09-09,2008,septembre,mardi,18:07,75,75120,0,0,2,1,3,1,1,4,2,03,2,1,0,77,1,0,1,3,2,61,5,3,2,0,2,3,13,200800053915B01,10,17,1,200054781
200800053943,2008-09-10,2008,septembre,mercredi,09:00,75,75110,0,0,2,2,2,1,1,4,1,01,1,-1,0,40,1,0,1,4,2,55,1,3,2,0,2,1,1,200800053943B01,7,4,1,200054781
200800053968,2008-09-11,2008,septembre,jeudi,16:00,75,75105,0,0,2,3,3,1,1,4,1,01,1,2,0,30,1,0,1,4,2,23,2,3,2,0,2,0,7,200800053968B01,7,16,1,200054781
200800053980,2008-09-11,2008,septembre,jeudi,19:30,75,75112,0,0,2,2,3,1,2,4,2,03,1,1,0,80,2,0,1,1,1,38,1,1,2,0,2,6,19,200800053980A01,33,1,1,200054781
200800053984,2008-09-11,2008,septembre,jeudi,19:05,75,75113,0,0,2,1,2,2,1,4,2,02,1,1,0,60,1,0,1,3,1,23,0,1,2,0,2,1,2,200800053984B01,7,20,1,200054781
200800053990,2008-09-11,2008,septembre,jeudi,23:55,75,75116,0,0,2,2,6,5,2,4,1,01,2,1,0,0,2,0,1,4,1,45,5,3,2,0,2,2,1,200800053990B01,7,15,1,200054781
200800053993,2008-09-11,2008,septembre,jeudi,17:31,75,75117,0,0,2,1,3,1,1,4,1,02,1,1,0,0,1,0,1,4,2,41,9,3,2,0,2,6,1,200800053993B01,14,16,1,200054781
200800053997,2008-09-11,2008,septembre,jeudi,09:39,75,75119,0,0,2,2,6,1,1,4,2,02,1,1,0,100,1,5,5,4,1,47,1,3,2,0,2,7,17,200800053997A01,1,1,1,200054781
200800053997,2008-09-11,2008,septembre,jeudi,09:39,75,75119,0,0,2,2,6,1,1,4,2,02,1,1,0,100,1,5,5,1,2,29,1,3,2,0,2,8,1,200800053997B01,1,17,1,200054781
200800054008,2008-09-19,2008,septembre,vendredi,04:30,75,75105,0,0,2,1,7,5,1,4,1,01,2,1,0,63,-1,0,1,4,1,23,5,3,2,0,0,0,1,200800054008A01,,,,200054781
200800054011,2008-09-19,2008,septembre,vendredi,15:00,75,75107,0,0,2,2,6,1,1,4,-1,01,1,1,0,0,1,0,1,4,1,24,1,3,2,0,0,0,0,200800054011B01,10,0,1,200054781
200800054016,2008-09-19,2008,septembre,vendredi,09:20,75,75110,0,0,2,1,6,1,1,4,1,01,1,1,0,76,1,0,1,4,1,27,4,3,2,1,0,1,1,200800054016B01,7,22,1,200054781
200800054017,2008-09-19,2008,septembre,vendredi,12:45,75,75110,0,0,2,1,6,1,1,4,2,04,1,1,0,60,1,0,5,1,1,45,4,3,2,0,0,2,0,200800054017B01,34,0,1,200054781
200800054043,2008-09-20,2008,septembre,samedi,13:55,75,75101,0,0,2,1,7,1,1,4,-1,01,1,1,0,100,1,6,4,4,2,35,1,2,9,0,1,1,1,200800054043A01,,,,200054781
200800054083,2008-09-21,2008,septembre,dimanche,10:15,75,75116,0,0,2,1,1,1,1,9,1,01,1,1,30,30,1,0,1,4,1,75,5,2,2,0,2,1,5,200800054083A01,1,1,1,200054781
200800054083,2008-09-21,2008,septembre,dimanche,10:15,75,75116,0,0,2,1,1,1,1,9,1,01,1,1,30,30,1,0,1,1,2,22,5,2,2,0,2,1,1,200800054083B01,1,5,1,200054781
200800054106,2008-09-12,2008,septembre,vendredi,08:55,75,75111,0,0,2,2,3,1,1,4,2,04,-1,-1,0,119,1,0,1,4,1,33,4,3,2,0,2,3,13,200800054106A01,7,1,1,200054781
200800054110,2008-09-12,2008,septembre,vendredi,09:20,75,75113,0,0,2,2,3,1,1,4,2,04,4,1,25,140,1,0,0,4,1,60,5,3,2,0,2,3,1,200800054110B01,10,16,1,200054781
200800054111,2008-09-12,2008,septembre,vendredi,14:10,75,75114,0,0,2,1,4,1,1,4,1,00,2,1,0,117,1,0,1,4,1,23,2,3,2,0,2,8,1,200800054111B01,38 / 7,24 / 14,2,200054781
200800054116,2008-09-12,2008,septembre,vendredi,18:40,75,75117,0,0,2,1,3,1,1,4,2,03,1,-1,0,0,1,0,1,4,1,39,0,3,2,0,2,1,18,200800054116A01,7,15,1,200054781
200800054130,2008-09-19,2008,septembre,vendredi,12:35,93,93048,0,0,2,1,3,1,1,3,2,01,-1,1,0,0,1,0,1,4,1,13,2,3,9,0,0,8,19,200800054130A01,33,21,1,200054781
200800054133,2008-09-26,2008,septembre,vendredi,18:15,93,93048,0,0,2,2,3,1,1,9,1,01,1,1,0,40,-1,0,1,4,1,38,1,2,9,0,0,0,2,200800054133B01,7,1,1,200054781
200800054151,2008-09-21,2008,septembre,dimanche,16:45,93,93051,0,0,2,1,6,1,1,4,2,01,1,1,0,0,1,0,0,1,2,6,5,1,2,0,1,1,0,200800054151A01,,,,200054781
200800054151,2008-09-21,2008,septembre,dimanche,16:45,93,93051,0,0,2,1,6,1,1,4,2,01,1,1,0,0,1,0,0,3,2,91,5,3,0,0,1,1,0,200800054151A01,,,,200054781
200800054154,2008-09-30,2008,septembre,mardi,18:30,93,93051,0,0,2,3,3,1,2,4,2,02,1,2,0,100,2,5,0,4,1,30,1,3,9,0,0,0,0,200800054154A01,7,0,1,200054781
200800054207,2008-09-19,2008,septembre,vendredi,07:55,93,93070,0,0,2,1,2,2,1,2,1,01,1,1,0,0,1,0,1,3,1,33,0,1,9,0,0,4,0,200800054207B01,34,2,1,200054781
200800054208,2008-09-20,2008,septembre,samedi,12:30,93,93070,0,0,2,1,1,1,1,2,2,02,1,1,0,0,1,5,1,3,1,10,0,2,9,0,2,1,9,200800054208B01,7,1,1,200054781
200800054291,2008-09-12,2008,septembre,vendredi,18:45,94,94028,0,0,2,1,3,1,1,4,2,02,1,1,0,60,1,0,1,4,1,10,5,3,9,0,0,1,2,200800054291B01,7,2,1,200054781
200800054297,2008-09-19,2008,septembre,vendredi,15:40,94,94028,0,0,2,1,3,2,1,2,2,02,1,-1,0,60,1,0,1,4,1,15,1,3,9,0,2,6,19,200800054297A01,37,9,1,200054781
200800054329,2008-09-28,2008,septembre,dimanche,20:00,94,94037,0,0,2,1,2,5,1,4,1,00,1,1,0,0,1,0,1,4,1,15,9,3,9,0,2,1,19,200800054329B01,7,20,1,200054781
200800054352,2008-09-16,2008,septembre,mardi,16:50,94,94046,0,0,2,2,3,1,1,4,1,01,1,1,0,50,1,0,0,4,1,16,2,2,2,0,2,1,1,200800054352B01,33,15,1,200054781
200800054410,2008-09-23,2008,septembre,mardi,13:00,94,94081,0,0,2,1,6,1,1,4,1,01,1,2,0,0,9,0,1,4,1,4,5,3,0,0,2,1,0,200800054410B01,7,1,1,200054781
200800054422,2008-09-17,2008,septembre,mercredi,09:45,95,95018,0,0,2,3,6,1,1,3,3,04,1,1,10,100,1,5,1,4,1,87,5,1,2,16,0,1,16,200800054422A01,,,,200054781
200800054426,2008-09-22,2008,septembre,lundi,13:30,95,95176,0,0,2,1,6,1,1,4,1,01,2,1,0,50,1,0,4,4,2,13,2,3,2,16,0,1,1,200800054426A01,,,,200058485
200800054428,2008-09-23,2008,septembre,mardi,08:05,95,95018,0,0,2,2,6,1,1,3,3,04,4,3,0,300,1,5,1,4,1,24,1,3,2,0,1,1,16,200800054428A01,,,,200054781
200800054451,2008-09-10,2008,septembre,mercredi,19:40,95,95252,0,0,2,1,6,1,1,4,2,02,1,1,0,70,1,0,1,4,1,56,0,3,9,0,0,0,1,200800054451B01,7,16,1,200058485
200800054458,2008-09-11,2008,septembre,jeudi,19:00,95,95280,0,0,2,1,6,1,1,4,-1,00,1,1,0,65,1,0,1,3,1,6,0,2,2,0,2,2,5,200800054458C01,7,15,1,200055655
200800054469,2008-09-03,2008,septembre,mercredi,18:05,95,95585,0,0,2,2,3,1,1,4,2,02,1,1,0,70,1,0,1,4,1,17,5,3,2,0,2,1,1,200800054469B01,30,1,1,200055655
200800054518,2008-09-02,2008,septembre,mardi,17:25,69,69386,0,0,2,2,3,1,1,4,2,02,1,1,0,0,1,0,1,4,2,18,0,3,2,0,2,1,1,200800054518A01,7,1,1,200046977
200800054520,2008-09-04,2008,septembre,jeudi,08:10,69,69383,0,0,2,3,3,1,2,4,1,01,1,1,0,0,1,0,1,4,2,53,0,3,2,0,2,1,1,200800054520B01,7,15,1,200046977
200800054554,2008-09-22,2008,septembre,lundi,19:55,69,69387,0,0,2,1,3,2,1,4,3,02,1,1,36,60,1,0,1,4,2,52,0,3,9,0,2,8,1,200800054554B01,7,1,1,200046977
200800054569,2008-09-22,2008,septembre,lundi,07:55,69,69388,0,0,2,9,3,1,1,2,1,04,1,1,0,154,1,0,5,4,1,37,1,3,9,0,2,1,1,200800054569B01,7,20,1,200046977
200800054571,2008-09-27,2008,septembre,samedi,17:10,69,69388,0,0,2,2,3,1,1,4,1,01,1,1,0,81,1,0,1,4,1,10,5,3,9,0,2,1,0,200800054571B01,7,1,1,200046977
200800054584,2008-09-01,2008,septembre,lundi,09:35,75,75106,0,0,2,4,6,1,2,4,2,01,1,-1,10,200,2,0,1,4,2,27,5,3,2,1,2,0,1,200800054584B01,37,14,1,200054781
200800054588,2008-09-01,2008,septembre,lundi,20:45,75,75107,0,0,2,3,3,5,1,4,2,02,1,1,0,120,1,0,1,4,1,40,1,3,2,0,2,2,17,200800054588B01,37,9,1,200054781
200800054592,2008-09-01,2008,septembre,lundi,20:25,75,75109,0,0,2,1,6,2,1,4,1,01,2,1,0,0,1,0,1,4,2,32,5,3,2,1,0,1,13,200800054592A01,,,,200054781
200800054601,2008-09-01,2008,septembre,lundi,18:35,75,75116,0,0,2,1,7,1,1,4,2,00,1,2,0,50,1,0,5,4,2,42,5,1,2,0,0,0,1,200800054601A01,,,,200054781
200800054623,2008-09-02,2008,septembre,mardi,16:10,75,75116,0,0,2,1,7,1,1,4,1,01,2,1,0,0,1,0,5,4,2,33,5,3,2,0,0,0,2,200800054623A01,,,,200054781
200800054626,2008-09-02,2008,septembre,mardi,14:35,75,75117,0,0,2,1,3,1,1,4,1,00,1,1,0,73,1,0,1,4,1,35,5,3,2,0,2,6,13,200800054626B01,32,1,1,200054781
200800054643,2008-09-03,2008,septembre,mercredi,15:50,75,75109,0,0,2,1,3,1,8,4,1,02,1,1,0,80,1,0,1,4,2,31,9,3,2,0,2,1,1,200800054643B01,7,22,1,200054781
200800054682,2008-09-04,2008,septembre,jeudi,03:30,75,75111,0,0,2,1,1,5,1,4,1,01,1,1,0,55,1,0,1,3,1,28,0,3,2,0,2,1,5,200800054682A01,34,1,1,200054781
200800054691,2008-01-15,2008,janvier,mardi,10:00,05,05084,44.56,6.237,1,1,2,1,7,3,2,02,1,1,0,70,2,0,1,3,1,55,5,3,0,0,2,4,2,200800054691B02,7,2,1,200067320
200800054713,2008-07-01,2008,juillet,mardi,17:55,59,59295,0,0,2,2,3,1,1,4,2,02,-1,1,0,93,1,0,1,4,1,72,5,3,9,0,2,1,15,200800054713A01,7,1,1,200040947
200800054715,2008-03-29,2008,mars,samedi,13:20,62,62516,0,0,2,1,3,1,1,4,2,02,1,1,0,730,1,0,1,3,1,16,5,3,0,1,2,8,15,200800054715A01,33,17,1,200072460
200800054720,2008-09-20,2008,septembre,samedi,18:00,68,68112,0,0,2,4,1,1,1,4,3,02,2,3,0,92,1,5,0,4,1,18,5,2,2,0,2,1,1,200800054720B01,7,15,1,246800569
200800054728,2008-08-06,2008,août,mercredi,12:35,78,78638,0,0,2,1,3,1,1,3,2,02,1,1,0,70,1,0,0,3,1,36,5,1,2,0,0,0,2,200800054728B01,7,2,1,200059889
200800054734,2008-09-01,2008,septembre,lundi,18:40,78,78440,0,0,2,2,3,1,1,4,-1,01,1,1,0,30,1,0,0,4,1,7,5,3,2,0,2,1,1,200800054734A01,7,1,1,200059889
200800054749,2008-09-21,2008,septembre,dimanche,15:00,92,92007,0,0,2,1,3,1,1,3,3,02,1,1,47,43,1,0,1,4,1,38,5,2,4,0,2,6,1,200800054749B01,7,2,1,200054781
200800054754,2008-07-18,2008,juillet,vendredi,17:50,92,92023,0,0,2,1,2,1,1,4,2,02,1,1,0,53,1,0,1,4,1,18,5,3,9,0,2,1,2,200800054754A01,37,23,1,200054781
200800054773,2008-09-01,2008,septembre,lundi,09:10,92,92035,0,0,2,3,3,1,1,4,2,02,1,1,0,0,1,0,1,3,1,61,0,2,2,0,2,1,1,200800054773B01,7,15,1,200054781
200800054799,2008-07-18,2008,juillet,vendredi,09:45,92,92051,0,0,2,2,2,1,1,4,-1,00,1,1,0,0,1,0,0,4,1,36,0,3,9,0,2,1,1,200800054799A01,7,23,1,200054781
200800054809,2008-06-26,2008,juin,jeudi,17:10,94,94059,0,0,2,1,7,1,1,4,2,02,1,1,0,0,1,0,1,4,1,16,0,3,9,0,0,0,0,200800054809B01,7,1,1,200054781
200800054929,2008-10-19,2008,octobre,dimanche,11:30,59,59411,0,0,2,1,1,1,1,3,2,00,2,1,0,0,1,0,1,3,1,70,5,2,2,0,0,4,2,200800054929B02,7,2,1,200041960
200800054935,2008-10-14,2008,octobre,mardi,20:00,59,59587,50.802,2.568,1,1,1,3,1,3,2,00,1,1,0,60,1,0,1,4,1,52,9,3,0,0,0,4,1,200800054935B02,7,2,1,200040947
200800054949,2008-10-03,2008,octobre,vendredi,05:30,62,62817,50.279,2.835,1,1,5,3,2,3,3,04,1,1,10,146,2,0,1,2,1,35,1,3,0,0,2,4,2,200800054949C03,17 / 15,2,2,200033579
200800054963,2008-10-10,2008,octobre,vendredi,18:00,62,62746,50.669,1.598,2,1,1,1,7,4,2,02,3,1,0,0,1,0,1,4,1,22,1,3,0,0,2,1,1,200800054963B02,7,15,1,246200729
200800054971,2008-10-10,2008,octobre,vendredi,15:30,62,62261,50.501,1.627,2,1,6,1,1,3,2,00,1,-1,0,62,1,0,1,3,2,63,5,3,0,0,0,3,1,200800054971A01,,,,200069029
200800054975,2008-10-06,2008,octobre,lundi,13:30,80,80651,0,0,2,1,1,1,1,3,2,02,-1,3,0,60,1,0,4,4,1,24,5,3,0,0,0,0,1,200800054975B02,7,13,1,200071181
200800055011,2008-10-18,2008,octobre,samedi,18:05,02,02430,0,0,1,1,1,2,1,3,2,02,1,1,0,60,1,0,1,3,1,66,5,3,0,0,2,4,2,200800055011B02,7,2,1,240200576
200800055011,2008-10-18,2008,octobre,samedi,18:05,02,02430,0,0,1,1,1,2,1,3,2,02,1,1,0,60,1,0,1,3,2,62,0,3,0,0,2,4,2,200800055011B02,7,2,1,240200576
200800055152,2008-10-25,2008,octobre,samedi,09:45,22,22051,48.387,-2.33,2,1,3,1,1,3,2,02,1,1,0,52,1,0,1,3,1,15,5,1,2,0,2,6,19,200800055152B02,10,1,1,
200800055166,2008-10-10,2008,octobre,vendredi,10:45,29,29046,48.09,-4.33,2,1,1,1,7,3,2,02,2,1,0,100,1,5,1,3,1,40,5,2,2,0,2,1,1,200800055166B02,7,15,1,242900645
200800055170,2008-10-22,2008,octobre,mercredi,15:45,29,29235,48.401,-4.424,2,1,1,1,1,3,2,00,1,1,0,0,1,0,5,3,1,22,5,2,2,0,2,1,1,200800055170B02,7,16,1,242900314
200800055185,2008-10-17,2008,octobre,vendredi,16:30,56,56232,47.677,-2.117,1,1,6,1,1,3,2,03,2,1,0,131,1,5,1,3,1,60,5,3,0,0,0,4,2,200800055185B02,7,1,1,243500741
200800055195,2008-10-19,2008,octobre,dimanche,15:30,56,56185,47.797,-3.417,2,1,3,1,1,4,2,02,-1,-1,0,60,1,0,1,3,2,10,5,3,0,0,2,5,19,200800055195B02,7,1,1,200042174
200800055202,2008-10-29,2008,octobre,mercredi,11:15,56,56041,0,0,1,1,6,1,1,3,2,02,1,1,0,60,1,0,1,3,1,61,5,3,0,0,9,1,1,200800055202A01,,,,245614433
200800055276,2008-10-28,2008,octobre,mardi,10:45,44,44210,0,0,2,1,1,1,1,9,3,00,1,-1,0,50,1,6,0,3,2,19,3,3,0,0,2,3,13,200800055276B02,7,13,1,244400644
200800055299,2008-10-21,2008,octobre,mardi,15:30,53,53186,47.936,-0.836,1,1,2,1,1,3,2,02,1,1,0,60,1,0,1,2,1,60,5,1,2,0,0,4,1,200800055299B02,7,2,1,200048551
200800055320,2008-10-19,2008,octobre,dimanche,09:15,85,85021,0,0,1,1,3,1,1,3,2,00,1,1,0,62,1,0,1,2,1,47,5,1,2,0,2,1,13,200800055320A01,7,1,1,
200800055328,2008-10-23,2008,octobre,jeudi,08:30,85,85178,0,0,2,1,3,2,1,3,-1,02,-1,1,0,61,1,0,1,3,1,12,2,1,9,0,2,8,19,200800055328A01,13,1,1,200072882
200800055332,2008-10-09,2008,octobre,jeudi,18:15,85,85042,46.378,-1.002,1,1,1,1,1,3,2,02,1,1,65,0,1,0,1,3,1,42,5,3,0,0,2,7,15,200800055332B02,7,17,1,200073260
200800055369,2008-10-06,2008,octobre,lundi,07:45,33,33108,0,0,2,1,1,2,1,3,2,01,-1,1,0,0,1,5,1,4,2,60,1,1,4,0,2,8,1,200800055369A01,7,15,1,243301454
200800055373,2008-10-18,2008,octobre,samedi,14:30,33,33509,0,0,2,1,6,1,1,3,2,02,3,2,0,80,1,0,1,3,2,49,5,3,0,0,2,1,2,200800055373A01,,,,200070092
200800055401,2008-10-11,2008,octobre,samedi,15:00,40,40245,0,0,2,1,1,1,1,4,2,00,1,1,0,51,1,0,1,3,2,13,5,3,0,1,0,1,13,200800055401A01,7,23,1,200035541
200800055410,2008-10-08,2008,octobre,mercredi,10:00,40,40119,43.663,-0.588,2,1,1,1,1,4,2,02,4,2,0,0,1,0,1,3,2,77,5,1,2,0,2,1,1,200800055410B02,7,15,1,200069649
200800055437,2008-10-15,2008,octobre,mercredi,12:00,64,64527,43.344,-1.471,2,1,1,1,1,3,2,02,1,-1,0,60,1,0,1,3,1,61,5,1,2,0,0,7,1,200800055437B02,17,22,1,200067106
200800055448,2008-10-26,2008,octobre,dimanche,19:45,86,86174,0,0,1,1,2,3,1,3,2,02,1,1,74,37,1,0,1,2,2,30,9,2,4,0,2,4,2,200800055448B02,10,2,1,248600413
200800055463,2008-10-04,2008,octobre,samedi,09:45,16,16244,0,0,1,1,3,1,1,3,2,02,-1,1,0,60,1,0,1,3,1,15,5,3,0,0,2,8,19,200800055463B02,7,1,1,200071827
200800055485,2008-10-05,2008,octobre,dimanche,10:00,79,79294,46.208,-0.345,2,1,5,1,1,3,2,02,-1,1,55,0,1,0,1,4,1,62,5,1,9,0,5,1,1,200800055485A01,1,1,2,200041317
200800055485,2008-10-05,2008,octobre,dimanche,10:00,79,79294,46.208,-0.345,2,1,5,1,1,3,2,02,-1,1,55,0,1,0,1,4,1,52,5,1,9,0,5,1,1,200800055485B02,1,1,2,200041317
200800055485,2008-10-05,2008,octobre,dimanche,10:00,79,79294,46.208,-0.345,2,1,5,1,1,3,2,02,-1,1,55,0,1,0,1,4,1,71,5,1,9,0,5,1,1,200800055485C03,1,1,2,200041317
200800055495,2008-10-05,2008,octobre,dimanche,10:00,79,79322,0,0,2,1,3,1,1,3,2,02,1,1,0,70,1,0,1,3,2,26,5,3,0,0,2,3,15,200800055495B02,33,1,1,200041333
200800055543,2008-10-17,2008,octobre,vendredi,17:00,31,31117,0,0,2,1,3,1,1,4,2,00,1,1,0,58,1,0,1,4,1,10,5,3,0,0,2,7,15,200800055543B02,7,1,1,243100815
200800055548,2008-10-29,2008,octobre,mercredi,15:00,31,31406,43.205,1.062,2,1,2,1,1,3,2,00,1,1,0,55,1,0,1,3,1,32,5,2,2,0,2,1,1,200800055548B02,2,15,1,200068815
200800055595,2008-10-10,2008,octobre,vendredi,19:00,46,46102,44.613,2.038,2,6,6,2,1,9,1,00,4,2,0,110,1,5,3,3,2,21,9,2,2,6,0,1,15,200800055595A01,,,,200067361
200800055604,2008-10-04,2008,octobre,samedi,15:15,65,65036,0,0,1,1,6,1,1,3,2,00,2,1,61,0,1,0,3,3,2,25,5,1,2,16,0,7,0,200800055604A01,,,,200070811
200800055620,2008-10-19,2008,octobre,dimanche,15:00,81,81262,44.084,1.993,1,1,3,1,1,3,2,02,1,1,60,0,1,0,1,4,1,58,5,3,0,0,0,6,2,200800055620B02,33,2,1,200034064
200800055637,2008-10-30,2008,octobre,jeudi,19:00,69,69286,0,0,2,1,1,1,2,9,3,02,1,1,20,50,2,0,1,3,1,12,5,3,0,0,2,8,19,200800055637B02,7,1,1,200046977
200800055669,2008-10-24,2008,octobre,vendredi,16:30,01,01320,0,0,2,1,1,1,1,4,2,00,1,1,0,100,1,0,1,3,1,42,0,3,0,0,2,1,1,200800055669B02,7,15,1,200071371
200800055705,2008-10-25,2008,octobre,samedi,11:45,07,07033,0,0,1,1,1,1,1,3,2,02,2,3,0,54,1,0,1,3,1,39,5,1,2,0,2,1,1,200800055705A01,10,1,1,200039808
200800055730,2008-10-06,2008,octobre,lundi,18:30,26,26072,0,0,1,1,4,1,1,3,2,02,1,3,0,65,1,0,1,3,1,45,5,0,9,0,0,1,1,200800055730C03,7,13 / 1,2,200073096
200800055745,2008-10-12,2008,octobre,dimanche,17:30,38,38457,45.329,5.268,2,1,1,1,1,3,2,00,1,1,0,0,1,0,1,3,1,21,5,1,2,0,2,8,1,200800055745B02,7,15,1,200059392
200800055746,2008-10-25,2008,octobre,samedi,14:30,38,38505,45.301,5.14,1,1,1,1,1,3,2,02,2,1,0,0,1,0,0,3,1,57,5,1,2,0,0,0,1,200800055746B02,7,1,1,200059392
200800055751,2008-10-15,2008,octobre,mercredi,09:30,38,38380,45.47,5.352,2,1,3,1,1,4,2,02,1,1,0,0,1,0,1,3,1,11,5,2,2,0,2,1,5,200800055751B02,10,1,1,243801073
200800055854,2008-10-10,2008,octobre,vendredi,14:15,43,43061,45.096,3.913,1,1,1,1,1,3,2,02,-1,2,60,0,1,0,1,3,1,65,5,1,2,1,0,1,2,200800055854A01,7,2,1,200073419
200800055882,2008-10-07,2008,octobre,mardi,17:00,57,57160,49.202,6.708,2,1,6,1,1,4,2,02,-1,2,0,0,1,0,1,3,1,36,5,3,0,0,1,1,1,200800055882A01,,,,245701164
200800055906,2008-10-20,2008,octobre,lundi,11:15,54,54322,0,0,2,1,1,1,1,3,2,00,2,1,0,0,1,5,1,3,1,73,5,1,9,0,2,8,1,200800055906B02,7,15,1,200043693
200800055924,2008-10-20,2008,octobre,lundi,16:00,88,88455,48.059,5.84,2,1,1,1,7,3,2,02,2,2,0,55,1,0,1,3,1,60,5,1,2,0,2,8,1,200800055924B02,21,15,1,200068773
200800055962,2008-10-07,2008,octobre,mardi,15:45,67,67073,48.28,7.401,2,6,3,1,1,2,2,02,1,1,0,0,1,5,1,3,1,40,5,2,2,0,2,1,15,200800055962B02,7,9,1,246700967
200800055991,2008-10-28,2008,octobre,mardi,18:00,68,68163,0,0,2,1,3,5,3,3,2,02,1,3,0,0,2,0,1,4,1,48,1,1,4,0,2,8,5,200800055991B02,7,15,1,200066058
200800056056,2008-10-07,2008,octobre,mardi,15:30,21,21611,47.316,4.71,2,1,1,1,1,3,2,02,2,1,0,55,1,0,1,2,1,37,5,1,2,0,2,1,13,200800056056A01,7,1,1,200039055
200800056080,2008-10-29,2008,octobre,mercredi,15:30,71,71159,0,0,1,1,5,1,8,3,2,02,1,2,0,55,2,0,1,1,1,20,5,3,0,0,0,4,1,200800056080C03,7,1,2,247104094
200800056081,2008-10-01,2008,octobre,mercredi,10:00,71,71336,0,0,2,1,3,1,1,4,2,00,-1,1,0,55,1,0,1,3,2,75,0,3,0,0,2,7,1,200800056081B02,7,4,1,200071538