Num_Acc,date,an,mois,jour,hrmn,dep,com,lat,long,agg,int,col,lum,atm,catr,circ,nbv,prof,plan,lartpc,larrout,surf,infra,situ,grav,sexe,age,trajet,secuexist,equipement,obs,obsm,choc,manv,vehiculeid,typevehicules,manoeuvehicules,numVehicules,_infos_commune.code_epci
200800056106,2008-10-25,2008,octobre,samedi,17:30,89,89206,0,0,2,1,6,2,1,9,-1,02,2,3,0,0,1,0,1,3,1,57,0,3,0,0,2,1,13,200800056106A01,,,,248900938
200800056137,2008-10-12,2008,octobre,dimanche,09:45,39,39434,46.827,5.694,1,1,1,1,1,3,2,02,-1,1,0,50,1,0,1,3,1,52,5,1,9,0,2,1,19,200800056137A01,7,1,1,200071595
200800056167,2008-10-12,2008,octobre,dimanche,09:45,13,13019,43.483,5.356,1,6,6,1,1,3,1,00,1,2,83,80,1,3,1,4,1,58,0,1,2,0,2,6,1,200800056167B02,7,0,1,200054807
200800056168,2008-10-15,2008,octobre,mercredi,11:00,13,13019,43.468,5.354,2,6,1,1,1,3,2,02,-1,-1,0,0,1,5,1,3,1,61,5,1,2,0,2,0,1,200800056168B02,7,9,1,200054807
200800056180,2008-10-10,2008,octobre,vendredi,15:45,13,13022,43.23,5.586,1,3,3,1,1,1,1,01,1,1,0,57,1,3,1,3,1,52,5,1,2,0,2,1,1,200800056180A01,7,19,1,200054807
200800056195,2008-10-11,2008,octobre,samedi,14:30,04,04166,43.755,6.1,1,1,1,1,1,3,2,02,2,1,0,48,1,0,1,3,1,64,5,1,2,0,2,1,5,200800056195B02,33,1,1,200034700
200800056254,2008-10-10,2008,octobre,vendredi,07:45,83,83042,0,0,1,1,1,2,1,4,1,02,1,3,0,0,1,0,1,4,1,15,1,3,0,0,2,1,17,200800056254A01,7,1,1,200036077
200800056283,2008-10-04,2008,octobre,samedi,16:00,84,84050,0,0,1,1,1,1,1,3,2,02,-1,1,0,56,1,0,1,3,1,36,5,1,2,0,2,1,5,200800056283B02,7,1,1,200040442
200800056291,2008-10-15,2008,octobre,mercredi,14:15,84,84088,44.001,5.063,2,6,2,1,1,4,2,02,1,2,0,133,1,5,1,4,2,15,5,3,0,0,2,3,15,200800056291A01,7,17,1,248400293
200800056311,2008-10-20,2008,octobre,lundi,17:30,34,34052,43.314,3.162,1,1,1,1,1,3,-1,01,1,2,0,64,1,0,1,3,1,42,5,3,0,0,0,0,1,200800056311B02,14,1,1,200042653
200800056347,2008-10-03,2008,octobre,vendredi,17:30,30,30227,44.233,4.169,2,1,1,1,1,4,2,02,-1,1,0,48,1,0,1,3,1,11,5,2,2,0,0,1,1,200800056347B02,7,1,1,200035129
200800056351,2008-10-01,2008,octobre,mercredi,08:45,30,30346,43.962,4.522,2,1,3,1,1,9,2,02,1,1,0,60,1,0,5,3,1,65,5,3,0,0,2,1,1,200800056351B02,7,1,1,243000684
200800056360,2008-10-18,2008,octobre,samedi,16:00,30,30325,43.997,3.712,1,1,3,1,1,3,2,02,2,2,0,42,1,0,1,4,1,17,5,1,2,0,2,7,17,200800056360A01,7,1,1,243400736
200800056375,2008-10-04,2008,octobre,samedi,15:45,66,66207,0,0,2,1,1,1,1,3,2,00,2,3,0,58,1,0,1,3,1,8,5,3,0,0,2,3,15,200800056375B02,7,1,1,246600449
200800056387,2008-10-03,2008,octobre,vendredi,09:00,2A,2A284,41.725,8.839,1,1,3,1,1,3,2,02,1,1,0,60,1,5,1,3,1,33,5,3,0,0,2,7,1,200800056387B02,7,1,1,242010130
200800056399,2008-10-01,2008,octobre,mercredi,18:30,78,78615,0,0,1,1,2,1,1,3,2,02,2,1,0,0,1,3,1,4,1,29,1,1,4,0,0,4,1,200800056399B02,31,17,1,247800618
200800056404,2008-10-10,2008,octobre,vendredi,16:15,91,91226,0,0,2,2,1,1,1,4,-1,00,1,1,0,61,1,0,1,4,1,11,2,3,0,0,2,2,15,200800056404A01,7,1,1,249100553
200800056416,2008-10-01,2008,octobre,mercredi,11:45,95,95199,0,0,1,1,2,1,3,3,1,00,2,3,0,0,2,3,1,2,1,80,5,3,0,0,2,6,2,200800056416B02,7,2,1,200056380
200800056430,2008-10-19,2008,octobre,dimanche,09:30,77,77336,48.789,2.824,1,1,1,1,1,3,2,02,1,1,0,55,1,0,1,3,1,51,5,1,2,0,2,1,1,200800056430A01,1,1,1,200072874
200800056430,2008-10-19,2008,octobre,dimanche,09:30,77,77336,48.789,2.824,1,1,1,1,1,3,2,02,1,1,0,55,1,0,1,3,1,61,5,1,2,0,2,1,1,200800056430B02,1,1,1,200072874
200800056434,2008-10-19,2008,octobre,dimanche,16:30,77,77001,0,0,1,1,1,1,1,3,2,00,2,3,0,0,1,0,1,4,1,50,5,1,2,0,2,1,1,200800056434B02,30,1,1,200072346
200800056443,2008-10-18,2008,octobre,samedi,12:00,45,45072,47.972,1.93,1,1,1,1,1,3,2,01,1,1,0,35,1,0,1,3,1,78,9,1,2,0,2,8,10,200800056443A01,7,2,1,244500468
200800056463,2008-10-12,2008,octobre,dimanche,10:30,18,18015,47.499,2.443,2,1,6,1,1,4,2,02,1,1,0,0,1,0,1,3,2,86,3,3,0,0,1,1,1,200800056463A01,,,,200000933
200800056633,2008-10-18,2008,octobre,samedi,11:45,91,91649,0,0,2,9,7,1,1,4,2,02,3,1,6,70,1,0,1,4,2,46,3,3,0,14,0,0,15,200800056633A01,,,,249100546
200800056635,2008-10-09,2008,octobre,jeudi,09:00,31,31157,43.544,1.34,2,1,3,1,1,4,2,02,1,3,70,70,1,0,1,3,2,14,2,3,0,0,2,8,19,200800056635B02,7,16,1,243100518
200800056654,2008-10-25,2008,octobre,samedi,12:15,06,06090,0,0,1,1,1,1,1,3,2,02,3,3,80,0,1,0,0,3,1,37,5,0,2,0,0,1,0,200800056654B02,7,11,1,200039857
200800056701,2008-10-20,2008,octobre,lundi,14:00,25,25542,47.249,5.946,1,1,2,1,1,3,2,02,1,1,0,72,1,0,1,2,1,70,5,1,2,0,2,4,1,200800056701B02,10,14,1,242500361
200800056735,2008-10-08,2008,octobre,mercredi,11:00,83,83019,0,0,2,1,3,1,1,3,2,02,1,1,0,62,1,0,1,3,1,64,5,2,2,0,2,8,13,200800056735B02,32,2,1,200027100
200800056757,2008-10-09,2008,octobre,jeudi,09:40,01,01283,0,0,2,1,6,1,1,4,1,01,1,1,0,0,1,0,1,1,1,29,9,3,9,0,1,7,0,200800056757A01,,,,200042935
200800056779,2008-10-30,2008,octobre,jeudi,15:10,03,03310,0,0,2,4,6,1,2,4,2,02,1,1,0,90,2,5,1,4,1,15,5,3,9,1,0,1,14,200800056779A01,7,16,1,200071363
200800056788,2008-10-02,2008,octobre,jeudi,12:10,06,06004,0,0,2,2,3,1,1,4,1,01,1,1,0,0,1,0,0,4,1,15,5,3,9,0,2,7,19,200800056788A01,7,1,1,240600585
200800056807,2008-10-13,2008,octobre,lundi,14:15,06,06027,0,0,2,1,3,1,1,3,2,03,-1,1,0,0,1,0,1,4,1,54,5,3,2,0,2,8,11,200800056807B01,7,12,1,200030195
200800056818,2008-10-26,2008,octobre,dimanche,10:45,06,06027,0,0,2,1,2,1,1,4,2,04,1,1,0,0,1,0,1,4,1,63,5,3,2,0,2,1,2,200800056818A01,7,2,1,200030195
200800056842,2008-10-01,2008,octobre,mercredi,11:55,06,06069,0,0,2,3,2,1,1,3,2,02,2,1,0,0,1,0,1,4,1,37,5,2,2,0,2,1,1,200800056842A01,7,15,1,200039857
200800056853,2008-10-08,2008,octobre,mercredi,15:15,06,06069,0,0,2,6,3,1,1,3,1,02,1,-1,0,0,1,0,1,4,1,62,0,3,9,0,2,6,2,200800056853B01,7,1,1,200039857
200800056945,2008-10-15,2008,octobre,mercredi,19:30,06,06088,0,0,2,1,2,5,1,4,1,03,1,1,0,0,1,0,1,4,1,41,0,1,2,0,2,0,0,200800056945B01,7,1,1,200030195
200800057065,2008-10-18,2008,octobre,samedi,19:25,13,13004,0,0,2,1,2,5,1,4,2,02,2,1,0,78,1,2,1,4,1,12,5,1,9,0,2,4,1,200800057065B01,7,1,1,241300417
200800057067,2008-10-21,2008,octobre,mardi,14:15,13,13004,0,0,2,6,2,1,1,4,2,02,1,1,0,0,1,0,1,4,2,42,0,1,9,0,2,1,9,200800057067B01,7,1,1,241300417
200800057085,2008-10-18,2008,octobre,samedi,14:45,13,13043,0,0,2,3,3,1,1,4,2,01,1,1,0,30,1,0,1,3,2,46,0,2,2,0,2,1,2,200800057085B01,7,15,1,200054807
200800057086,2008-10-23,2008,octobre,jeudi,11:30,13,13043,0,0,1,1,6,1,1,4,2,02,1,1,0,40,1,0,1,4,1,12,2,3,9,0,0,6,15,200800057086B01,30,2,1,200054807
200800057095,2008-10-08,2008,octobre,mercredi,19:30,13,13055,0,0,2,1,6,5,1,9,-1,02,-1,-1,0,0,-1,0,0,4,1,25,0,3,0,0,0,0,0,200800057095A01,,,,200054807
200800057097,2008-10-12,2008,octobre,dimanche,09:15,13,13002,0,0,2,1,1,1,1,4,2,01,2,1,0,26,1,0,1,3,1,42,5,1,2,0,2,1,1,200800057097A01,7,1,1,200054807
200800057117,2008-10-01,2008,octobre,mercredi,19:10,13,13055,0,0,2,1,2,2,1,4,2,00,1,1,0,60,1,0,1,3,1,21,5,3,9,0,2,4,15,200800057117A01,30,1,1,200054807
200800057205,2008-10-03,2008,octobre,vendredi,14:52,13,13055,0,0,2,1,3,1,1,4,2,06,1,1,0,120,1,0,1,4,1,36,5,3,9,0,2,3,0,200800057205B01,7,15,1,200054807
200800057221,2008-10-10,2008,octobre,vendredi,22:35,13,13055,0,0,2,2,3,5,1,4,1,02,1,1,0,0,1,0,0,4,1,37,5,2,2,0,2,1,1,200800057221A01,7,15,1,200054807
200800057277,2008-10-20,2008,octobre,lundi,16:45,13,13055,0,0,2,1,3,1,1,4,1,02,1,1,0,25,1,0,1,4,1,27,0,2,2,1,0,0,17,200800057277B01,7,15,1,200054807
200800057296,2008-10-03,2008,octobre,vendredi,14:15,13,13055,0,0,2,3,3,1,1,4,1,00,1,1,0,0,1,0,0,3,2,23,0,3,2,1,0,1,0,200800057296B01,7,0,1,200054807
200800057320,2008-10-06,2008,octobre,lundi,12:35,13,13103,0,0,2,1,6,1,1,4,2,01,2,1,0,46,1,0,1,4,1,13,5,3,9,1,0,1,2,200800057320A01,7,2,1,200054807
200800057322,2008-10-09,2008,octobre,jeudi,16:35,13,13108,0,0,2,2,3,1,1,4,-1,00,1,1,0,0,1,0,1,4,2,18,0,2,2,0,2,8,15,200800057322B01,7,2,1,241300417
200800057332,2008-10-19,2008,octobre,dimanche,11:30,13,13117,0,0,2,1,6,1,1,4,2,02,1,1,0,60,1,0,1,3,1,11,5,2,9,0,2,1,19,200800057332B01,7,1,1,200054807
200800057353,2008-10-15,2008,octobre,mercredi,08:00,14,14118,0,0,2,1,1,1,1,4,1,02,1,1,0,74,1,0,1,4,2,55,1,3,9,0,0,6,1,200800057353B01,7,1,1,200065597
200800057354,2008-10-17,2008,octobre,vendredi,08:20,14,14118,0,0,2,1,2,1,1,4,2,02,1,1,0,60,1,0,1,4,1,13,2,3,9,0,2,4,2,200800057354B01,7,2,1,200065597
200800057357,2008-10-23,2008,octobre,jeudi,12:15,14,14118,0,0,2,1,6,1,1,4,1,01,1,1,0,29,1,0,4,1,2,22,5,3,9,0,1,1,1,200800057357A01,,,,200065597
200800057362,2008-10-26,2008,octobre,dimanche,19:10,14,14118,0,0,2,1,6,3,3,5,-1,00,1,-1,0,20,2,3,0,4,2,63,0,3,0,0,1,1,1,200800057362A01,,,,200065597
200800057375,2008-10-02,2008,octobre,jeudi,16:35,17,17299,0,0,2,6,3,1,1,4,2,02,1,1,0,70,1,5,1,4,2,13,2,3,9,0,2,8,1,200800057375B01,7,2,1,200041762
200800057377,2008-10-10,2008,octobre,vendredi,12:45,17,17299,0,0,2,3,3,1,1,4,2,02,1,1,0,117,1,5,1,4,1,18,1,2,2,0,2,1,1,200800057377B01,7,19,1,200041762
200800057378,2008-10-10,2008,octobre,vendredi,17:10,17,17299,0,0,2,6,3,1,1,4,2,02,1,1,0,80,1,5,1,4,2,65,5,2,2,0,2,1,1,200800057378B01,7,16,1,200041762
200800057386,2008-10-01,2008,octobre,mercredi,08:53,17,17300,0,0,2,1,3,1,1,9,2,01,1,-1,0,0,1,0,5,4,2,19,0,2,2,0,2,8,1,200800057386A01,7,16,1,241700434
200800057400,2008-10-08,2008,octobre,mercredi,14:05,17,17300,0,0,2,1,1,1,1,4,2,02,1,1,0,0,1,0,1,4,1,20,9,2,2,0,2,3,21,200800057400B01,34,17,1,241700434
200800057409,2008-10-17,2008,octobre,vendredi,16:25,17,17300,0,0,2,2,3,1,1,4,2,02,1,1,0,0,1,0,1,4,1,14,2,3,2,0,2,7,1,200800057409A01,7,1,1,241700434
200800057413,2008-10-06,2008,octobre,lundi,10:24,17,17461,0,0,2,1,6,1,1,4,2,02,1,1,0,0,1,0,1,4,1,27,5,3,2,0,2,1,1,200800057413B01,7,15,1,241700640
200800057416,2008-10-15,2008,octobre,mercredi,15:15,17,17306,0,0,2,3,3,1,1,4,2,02,2,1,0,0,1,0,1,4,1,13,5,3,2,0,1,1,1,200800057416A01,7,1,1,241700640
200800057427,2008-10-12,2008,octobre,dimanche,19:16,17,17415,0,0,1,2,3,1,1,4,2,02,1,1,0,0,1,0,1,4,1,14,0,3,4,0,2,1,15,200800057427B01,7,1,1,200036473
200800057462,2008-10-27,2008,octobre,lundi,17:38,18,18279,0,0,2,3,3,2,2,4,2,01,1,1,0,0,9,0,1,2,2,52,3,3,0,14,2,9,9,200800057462B01,7,1,1,200090561
200800057467,2008-10-10,2008,octobre,vendredi,18:30,19,19031,45.17039,4.5125,2,1,6,1,1,4,2,00,1,3,0,0,1,0,1,3,1,5,5,2,2,0,2,0,0,200800057467B01,7,1,1,200043172
200800057488,2008-10-26,2008,octobre,dimanche,18:00,21,21054,0,0,2,1,3,5,1,4,2,02,1,1,0,0,1,0,5,1,1,21,0,3,9,0,2,0,0,200800057488A01,1,1,1,200006682
200800057488,2008-10-26,2008,octobre,dimanche,18:00,21,21054,0,0,2,1,3,5,1,4,2,02,1,1,0,0,1,0,5,3,2,39,0,3,9,0,2,0,1,200800057488B01,1,0,1,200006682
200800057490,2008-10-02,2008,octobre,jeudi,18:15,21,21617,0,0,2,1,3,1,1,4,2,02,1,1,0,120,1,0,1,4,1,13,2,3,9,0,2,5,15,200800057490B01,7,1,1,242100410
200800057499,2008-10-10,2008,octobre,vendredi,17:15,21,21231,0,0,2,2,3,1,1,4,2,04,1,1,0,128,1,0,1,4,2,20,5,3,9,0,2,1,0,200800057499A01,7,1,1,242100410
200800057500,2008-10-13,2008,octobre,lundi,13:52,21,21231,0,0,2,3,3,1,1,4,2,02,2,1,0,57,1,0,0,3,1,16,2,2,9,0,2,1,15,200800057500B01,7,1,1,242100410
200800057515,2008-10-29,2008,octobre,mercredi,13:15,21,21231,0,0,2,1,2,1,1,4,2,02,1,1,0,80,1,0,1,4,2,48,1,3,9,0,2,4,2,200800057515B01,2,2,1,242100410
200800057521,2008-10-19,2008,octobre,dimanche,10:30,22,22050,0,0,2,1,1,1,7,4,2,02,1,1,0,84,1,5,1,3,1,76,5,1,2,0,2,8,1,200800057521B01,7,1,1,200068989
200800057525,2008-10-04,2008,octobre,samedi,15:45,22,22360,0,0,1,1,7,1,6,4,2,00,2,1,0,45,1,0,1,1,1,8,5,1,2,0,2,1,1,200800057525A01,1,1,1,200069409
200800057525,2008-10-04,2008,octobre,samedi,15:45,22,22360,0,0,1,1,7,1,6,4,2,00,2,1,0,45,1,0,1,4,1,8,5,1,2,0,2,0,1,200800057525B01,1,1,1,200069409
200800057531,2008-10-13,2008,octobre,lundi,18:10,22,22278,0,0,1,1,7,1,1,6,2,00,1,1,0,0,1,0,1,3,1,23,5,3,9,0,0,0,1,200800057531A01,,,,200069409
200800057553,2008-10-09,2008,octobre,jeudi,07:36,24,24053,0,0,2,1,3,2,1,4,2,01,1,1,0,59,1,0,1,3,1,29,1,3,0,0,2,1,1,200800057553B01,7,15,1,200040392
200800057569,2008-10-08,2008,octobre,mercredi,12:37,25,25056,0,0,2,1,3,1,2,4,1,02,1,1,0,0,2,0,1,4,2,47,1,2,9,0,2,8,1,200800057569B01,15,12,1,242500361
200800057594,2008-10-19,2008,octobre,dimanche,09:30,25,25388,0,0,2,4,1,1,1,4,1,01,4,3,0,100,1,0,1,3,1,45,5,2,2,6,2,1,5,200800057594A01,10,15,1,200065647
200800057603,2008-10-20,2008,octobre,lundi,17:45,26,26281,0,0,2,2,3,1,1,4,2,02,2,1,0,50,1,0,1,3,2,16,2,2,2,0,2,1,9,200800057603A01,7,1,1,200068781
200800057614,2008-10-27,2008,octobre,lundi,12:16,26,26362,0,0,2,1,2,1,1,4,2,02,2,1,0,71,1,0,1,4,1,15,5,2,2,0,2,4,1,200800057614A01,7,0,1,200068781
200800057636,2008-10-14,2008,octobre,mardi,10:45,27,27681,0,0,2,1,6,1,1,4,2,06,1,1,0,177,1,0,5,3,2,78,5,2,2,0,2,1,1,200800057636A01,7,9,1,200072312
200800057651,2008-10-23,2008,octobre,jeudi,07:20,28,28085,0,0,2,3,3,5,1,4,2,02,2,1,0,70,1,0,1,4,1,14,0,3,9,0,2,0,0,200800057651A01,7,0,1,200033181
200800057686,2008-10-09,2008,octobre,jeudi,12:30,29,29254,0,0,2,1,3,1,7,4,1,02,1,1,10,85,1,2,1,4,1,34,5,1,2,0,2,4,1,200800057686B01,10,1,1,242900835
200800057693,2008-10-06,2008,octobre,lundi,17:16,30,30007,0,0,2,1,6,1,1,4,2,02,1,3,0,76,1,0,1,4,1,54,0,3,9,0,2,0,1,200800057693B01,7,9,1,200066918
200800057766,2008-10-01,2008,octobre,mercredi,14:30,31,31555,0,0,2,1,2,1,1,4,2,01,2,2,0,40,1,2,1,3,1,74,5,1,2,0,2,4,0,200800057766B01,7,0,1,243100518
200800057808,2008-10-16,2008,octobre,jeudi,08:15,31,31555,0,0,2,1,3,1,1,4,2,03,4,1,0,90,1,0,1,4,2,20,2,2,2,0,2,2,19,200800057808A01,2,1,1,243100518
200800057811,2008-10-17,2008,octobre,vendredi,20:15,31,31555,0,0,2,1,3,5,1,4,2,02,1,1,0,92,1,0,1,3,2,39,5,2,2,0,2,0,1,200800057811B01,7,22,1,243100518
200800057815,2008-10-18,2008,octobre,samedi,18:36,31,31555,0,0,2,1,3,2,1,4,2,02,1,1,0,60,1,0,1,4,1,31,5,2,2,0,2,1,0,200800057815B01,7,0,1,243100518
200800057829,2008-10-19,2008,octobre,dimanche,19:10,31,31555,0,0,2,2,3,5,1,4,1,01,3,1,0,45,1,0,1,4,2,21,2,3,2,0,2,1,15,200800057829B01,7,1,1,243100518
200800057840,2008-10-27,2008,octobre,lundi,16:57,31,31555,0,0,2,1,1,1,2,4,2,00,1,1,0,0,2,0,5,4,1,52,1,3,9,0,2,1,0,200800057840B01,2,0,1,243100518
200800057851,2008-10-31,2008,octobre,vendredi,07:54,31,31555,0,0,2,1,2,1,1,4,2,02,1,1,0,60,1,0,1,4,1,25,0,3,4,1,0,1,2,200800057851B01,7,2,1,243100518
200800057854,2008-10-31,2008,octobre,vendredi,17:45,31,31555,0,0,2,1,1,5,1,4,1,01,1,1,0,40,1,0,1,4,1,50,4,1,2,0,2,1,0,200800057854B01,7,0,1,243100518
200800057857,2008-10-05,2008,octobre,dimanche,08:30,31,31557,0,0,2,6,2,1,1,4,2,01,1,2,140,60,1,0,1,4,1,65,5,1,2,0,2,4,1,200800057857B01,7,1,1,243100518
200800057870,2008-10-04,2008,octobre,samedi,21:30,33,33063,0,0,2,2,3,5,1,4,3,02,1,1,15,85,1,4,1,3,1,51,0,3,4,0,0,0,1,200800057870A01,40,1,1,243300316
200800057881,2008-10-09,2008,octobre,jeudi,05:45,33,33063,0,0,2,2,3,5,1,4,2,02,1,1,0,139,1,0,1,2,2,25,1,3,4,0,2,1,0,200800057881B01,14,16,1,243300316
200800057884,2008-10-03,2008,octobre,vendredi,13:35,33,33039,0,0,2,1,2,1,1,4,2,02,2,1,0,76,2,0,1,4,1,13,0,3,9,0,0,4,13,200800057884B01,30,17,1,243300316
200800057909,2008-10-15,2008,octobre,mercredi,17:30,33,33063,0,0,2,1,3,1,1,4,3,02,1,1,0,95,1,2,1,4,1,74,0,3,4,0,1,1,2,200800057909B01,7,17,1,243300316
200800057922,2008-10-17,2008,octobre,vendredi,16:30,33,33063,0,0,2,1,3,1,1,4,3,03,-1,1,0,0,-1,0,1,4,1,50,0,3,4,0,2,1,17,200800057922B01,7,23,1,243300316
200800057931,2008-10-21,2008,octobre,mardi,17:10,33,33063,0,0,2,3,3,1,2,4,3,04,1,1,0,0,2,4,1,4,2,40,1,3,4,0,0,7,1,200800057931B01,7,16,1,243300316
200800057945,2008-10-25,2008,octobre,samedi,17:20,33,33063,0,0,2,1,3,1,1,4,3,02,1,1,0,0,1,0,1,4,2,30,0,3,4,0,2,0,1,200800057945B01,7,14,1,243300316
200800057946,2008-10-23,2008,octobre,jeudi,07:45,33,33119,0,0,2,6,3,5,1,4,1,02,1,2,0,0,1,0,1,4,1,44,0,1,4,0,0,5,1,200800057946B01,7,1,1,243300316
200800057949,2008-10-21,2008,octobre,mardi,07:40,33,33249,0,0,2,1,6,5,1,4,3,03,2,1,13,234,1,0,1,3,1,43,0,1,4,0,1,1,1,200800057949A01,,,,243300316
200800057950,2008-10-17,2008,octobre,vendredi,13:10,33,33192,0,0,2,1,3,1,1,4,2,02,1,1,0,70,1,0,1,4,2,23,2,2,4,0,2,1,15,200800057950A01,7,1,1,243300316
200800057956,2008-10-23,2008,octobre,jeudi,11:25,33,33550,0,0,2,6,3,1,1,3,3,02,1,1,20,104,1,5,1,4,2,33,0,3,9,0,2,2,1,200800057956B01,10,9,1,243300316
200800057960,2008-10-23,2008,octobre,jeudi,12:20,33,33069,0,0,2,1,6,1,1,4,2,02,1,1,0,155,1,0,1,4,1,49,0,3,9,1,0,1,1,200800057960B01,7,22,1,243300316
200800058020,2008-10-03,2008,octobre,vendredi,12:30,34,34172,0,0,2,1,3,1,1,4,1,01,1,1,0,30,1,0,1,4,1,11,2,2,9,0,2,8,5,200800058020B01,7,1,1,243400017
200800058038,2008-10-15,2008,octobre,mercredi,15:40,34,34172,43.61864,3.89353,2,2,3,1,1,4,2,02,1,1,0,60,1,0,1,4,1,51,1,1,9,0,2,3,1,200800058038A01,33,1,1,243400017
200800058047,2008-10-19,2008,octobre,dimanche,08:20,34,34172,0,0,2,1,2,1,1,4,2,02,2,1,0,60,1,0,1,4,1,71,5,1,2,0,2,1,1,200800058047A01,7,1,1,243400017
200800058052,2008-10-21,2008,octobre,mardi,17:25,34,34172,0,0,2,1,2,1,8,4,2,03,1,1,10,90,1,0,1,4,2,19,5,1,9,0,0,4,1,200800058052B01,7,1,1,243400017
200800058082,2008-10-01,2008,octobre,mercredi,12:55,35,35238,0,0,2,2,2,1,8,4,-1,00,-1,-1,0,0,1,5,0,4,2,60,1,3,9,0,2,4,1,200800058082B01,7,15,1,243500139
200800058099,2008-10-08,2008,octobre,mercredi,07:40,35,35238,0,0,1,1,7,3,1,3,2,02,2,1,0,60,9,0,5,4,1,48,1,1,4,0,0,0,1,200800058099A01,,,,243500139
200800058100,2008-10-08,2008,octobre,mercredi,12:15,35,35238,0,0,2,1,3,1,1,4,1,01,1,1,0,0,1,0,1,4,2,41,5,2,9,1,0,1,1,200800058100B01,7,22,1,243500139
200800058101,2008-10-09,2008,octobre,jeudi,15:20,35,35238,0,0,2,1,2,1,1,4,2,02,1,1,0,60,1,0,5,3,1,45,1,3,2,0,2,1,1,200800058101B01,7,14,1,243500139
200800058113,2008-10-14,2008,octobre,mardi,13:50,35,35238,0,0,2,1,6,1,8,4,-1,01,1,1,0,0,1,0,5,4,1,25,0,3,2,0,1,0,17,200800058113A01,,,,243500139
200800058113,2008-10-14,2008,octobre,mardi,13:50,35,35238,0,0,2,1,6,1,8,4,-1,01,1,1,0,0,1,0,5,4,1,68,0,3,0,0,1,0,17,200800058113A01,,,,243500139
200800058117,2008-10-16,2008,octobre,jeudi,12:50,35,35238,0,0,2,6,6,1,1,4,-1,00,-1,-1,0,0,-1,0,0,4,1,22,0,3,9,0,2,0,0,200800058117A01,,,,243500139
200800058130,2008-10-24,2008,octobre,vendredi,12:25,35,35055,0,0,2,6,3,1,2,4,2,02,4,-1,0,0,2,5,1,3,2,43,1,3,2,0,2,1,1,200800058130B01,10,9,1,243500139
200800058139,2008-10-29,2008,octobre,mercredi,18:55,35,35238,0,0,2,5,6,5,1,4,-1,00,1,-1,0,0,1,5,0,1,2,26,5,3,2,0,2,1,1,200800058139B01,2,1,1,243500139
200800058142,2008-10-08,2008,octobre,mercredi,17:20,35,35288,0,0,2,1,3,1,1,4,2,02,1,1,0,0,1,0,1,4,1,52,5,1,2,0,2,1,1,200800058142B01,7,15,1,243500782
200800058166,2008-10-11,2008,octobre,samedi,15:25,37,37261,0,0,2,1,3,1,1,4,2,02,1,1,0,90,1,0,0,3,1,26,0,1,9,0,2,8,1,200800058166B01,37,1,1,243700754
200800058169,2008-10-09,2008,octobre,jeudi,17:45,37,37261,0,0,2,1,7,1,1,4,1,01,1,1,0,0,1,0,4,1,1,56,5,3,9,0,0,0,1,200800058169A01,,,,243700754
200800058172,2008-10-01,2008,octobre,mercredi,17:35,38,38185,0,0,2,1,3,1,1,4,2,02,1,1,0,70,1,0,1,4,1,29,0,3,2,0,2,1,1,200800058172B01,7,15,1,200040715
200800058180,2008-10-11,2008,octobre,samedi,15:10,38,38169,0,0,2,1,1,1,1,4,1,01,1,1,0,36,1,0,1,4,1,14,0,3,9,0,2,1,1,200800058180B01,30,5,1,200040715
200800058181,2008-10-13,2008,octobre,lundi,09:10,38,38185,0,0,2,1,3,1,8,4,2,02,1,1,0,80,2,0,5,4,2,24,0,3,9,0,2,7,1,200800058181B01,7,15,1,200040715
200800058203,2008-10-08,2008,octobre,mercredi,10:00,40,40088,0,0,2,1,2,1,2,4,2,02,1,1,0,80,1,0,1,4,2,34,5,2,9,0,2,1,1,200800058203B01,7,22,1,244000675
200800058222,2008-10-08,2008,octobre,mercredi,17:45,41,41269,0,0,2,1,2,1,1,4,2,02,1,2,13,65,1,0,1,4,1,49,1,2,2,0,2,4,23,200800058222B01,7,1,1,200072072
200800058234,2008-10-03,2008,octobre,vendredi,12:20,42,42187,0,0,2,1,3,1,1,3,1,01,1,1,0,58,1,0,1,4,1,34,4,3,9,1,0,2,1,200800058234B01,7,22,1,200035731
200800058240,2008-10-09,2008,octobre,jeudi,15:15,42,42187,0,0,2,3,3,1,1,4,2,02,1,1,0,64,1,0,1,4,1,81,5,3,9,0,2,3,15,200800058240B01,7,1,1,200035731
200800058242,2008-10-17,2008,octobre,vendredi,12:17,42,42127,0,0,2,3,2,1,1,3,2,02,1,1,0,32,1,0,1,2,1,14,1,3,9,0,2,8,15,200800058242B01,34,17,1,200035731
200800058270,2008-10-12,2008,octobre,dimanche,16:27,42,42218,0,0,2,1,2,1,1,4,2,02,2,1,0,60,1,0,1,4,2,35,5,3,2,0,0,8,1,200800058270B01,7,17,1,244200770
200800058273,2008-10-14,2008,octobre,mardi,17:00,42,42218,0,0,2,2,2,1,1,4,1,01,1,1,0,30,1,1,1,4,2,23,2,1,2,0,2,1,15,200800058273B01,7,4,1,244200770
200800058284,2008-10-26,2008,octobre,dimanche,10:40,42,42218,0,0,2,2,3,1,1,4,2,02,1,1,0,85,1,5,1,4,1,73,5,1,2,0,2,1,21,200800058284B01,7,15,1,244200770
200800058297,2008-10-28,2008,octobre,mardi,17:40,44,44135,0,0,2,1,3,1,1,4,2,02,1,1,0,60,1,0,1,4,2,87,0,2,2,0,2,8,2,200800058297B01,7,2,1,244400610