Num_Acc,date,an,mois,jour,hrmn,dep,com,lat,long,agg,int,col,lum,atm,catr,circ,nbv,prof,plan,lartpc,larrout,surf,infra,situ,grav,sexe,age,trajet,secuexist,equipement,obs,obsm,choc,manv,vehiculeid,typevehicules,manoeuvehicules,numVehicules,_infos_commune.code_epci
200800059785,2008-10-30,2008,octobre,jeudi,11:35,83,83050,0,0,2,1,2,1,1,4,3,04,1,3,0,65,1,0,1,3,1,17,5,1,2,1,0,1,13,200800059785A01,7,23,1,248300493
200800059788,2008-10-20,2008,octobre,lundi,08:50,83,83061,0,0,2,1,3,1,1,4,3,02,1,-1,0,70,1,0,5,3,2,62,1,3,9,0,2,5,19,200800059788A01,7,1,1,200035319
200800059796,2008-10-21,2008,octobre,mardi,14:00,83,83129,0,0,1,3,3,1,1,4,2,02,2,1,0,67,1,0,1,4,1,15,2,3,9,0,2,1,19,200800059796A01,7,1,1,248300543
200800059825,2008-10-10,2008,octobre,vendredi,20:10,83,83137,0,0,2,1,2,5,1,4,2,04,1,1,0,38,1,0,1,4,1,37,0,1,9,0,2,1,2,200800059825B01,7,1,1,248300543
200800059865,2008-10-12,2008,octobre,dimanche,17:10,84,84035,0,0,2,1,3,1,1,4,-1,01,1,1,0,50,1,6,4,3,1,9,5,1,4,0,2,8,1,200800059865B01,31,1,1,200040442
200800059878,2008-10-13,2008,octobre,lundi,07:45,85,85194,0,0,2,6,3,4,5,3,2,02,1,1,0,0,1,5,1,3,1,12,2,2,9,0,2,7,19,200800059878B01,7,9,1,200071165
200800059883,2008-10-18,2008,octobre,samedi,16:00,86,86066,0,0,2,3,6,1,1,4,1,01,1,1,0,55,9,0,4,3,1,8,5,1,2,1,0,1,14,200800059883A01,,,,248600413
200800059904,2008-10-29,2008,octobre,mercredi,16:10,86,86194,0,0,2,1,6,1,1,4,3,02,1,1,0,0,-1,0,1,4,1,66,5,2,9,0,2,1,1,200800059904B01,7,22,1,200069854
200800059927,2008-10-08,2008,octobre,mercredi,18:19,87,87085,0,0,2,2,3,1,1,4,2,02,-1,1,0,60,1,0,1,3,1,16,5,2,2,0,2,1,1,200800059927A01,7,1,1,248719312
200800059927,2008-10-08,2008,octobre,mercredi,18:19,87,87085,0,0,2,2,3,1,1,4,2,02,-1,1,0,60,1,0,1,4,1,13,0,2,2,0,2,1,1,200800059927A01,7,1,1,248719312
200800059929,2008-10-09,2008,octobre,jeudi,05:50,87,87085,0,0,2,1,6,5,1,4,1,01,-1,1,0,30,1,0,1,4,1,40,1,2,2,0,0,0,1,200800059929A01,,,,248719312
200800059977,2008-10-23,2008,octobre,jeudi,12:15,88,88160,48.20364,6.45824,2,6,5,1,1,4,2,02,2,4,0,85,1,5,1,3,2,42,5,2,9,0,2,1,1,200800059977B01,7,9,1,200068757
200800059977,2008-10-23,2008,octobre,jeudi,12:15,88,88160,48.20364,6.45824,2,6,5,1,1,4,2,02,2,4,0,85,1,5,1,3,1,35,5,2,9,0,2,1,1,200800059977C01,7,9,1,200068757
200800059990,2008-10-07,2008,octobre,mardi,10:21,90,90010,0,0,2,1,7,1,1,4,2,02,2,1,0,60,2,0,1,4,1,77,5,3,9,0,0,0,1,200800059990A01,,,,200069052
200800059991,2008-10-08,2008,octobre,mercredi,11:45,90,90010,0,0,2,3,3,1,1,4,2,02,-1,1,0,0,1,0,1,4,1,18,1,2,2,0,2,1,1,200800059991A01,7,0,1,200069052
200800059993,2008-10-09,2008,octobre,jeudi,08:10,90,90010,0,0,2,1,2,1,2,4,1,01,1,1,0,0,2,0,1,4,2,22,1,1,2,0,0,4,0,200800059993B01,7,0,1,200069052
200800059995,2008-10-11,2008,octobre,samedi,16:25,90,90010,0,0,2,1,7,1,1,2,2,01,1,-1,0,41,1,0,1,4,2,25,0,2,9,0,0,0,1,200800059995A01,,,,200069052
200800060041,2008-10-03,2008,octobre,vendredi,16:00,91,91657,0,0,2,2,3,1,1,4,2,01,1,1,0,0,1,0,1,4,1,94,5,3,9,0,2,1,1,200800060041A01,7,1,1,200058477
200800060062,2008-10-20,2008,octobre,lundi,07:45,91,91687,0,0,2,3,3,5,1,3,2,02,1,1,0,60,1,0,1,2,1,83,0,2,9,0,2,8,15,200800060062A01,2,1,1,200054781
200800060070,2008-10-12,2008,octobre,dimanche,19:30,91,91691,0,0,2,1,3,1,1,3,2,02,2,1,0,50,1,0,1,4,1,9,5,3,2,0,2,1,19,200800060070B01,7,0,1,200058477
200800060072,2008-10-15,2008,octobre,mercredi,13:35,91,91691,0,0,2,1,6,1,1,3,-1,01,1,1,0,70,1,0,1,4,1,15,0,3,2,0,2,7,1,200800060072B01,7,1,1,200058477
200800060080,2008-10-04,2008,octobre,samedi,14:50,91,91645,0,0,2,1,3,1,1,4,2,02,2,1,0,0,1,0,1,4,1,45,0,3,2,0,2,8,2,200800060080B01,7,13,1,200056232
200800060093,2008-10-30,2008,octobre,jeudi,20:00,91,91471,0,0,1,6,3,3,1,2,2,02,2,1,0,0,1,0,1,4,1,24,5,1,2,0,2,1,1,200800060093B01,7,1,1,200056232
200800060095,2008-10-02,2008,octobre,jeudi,11:15,91,91570,0,0,2,7,1,1,1,4,2,02,2,2,0,70,1,5,0,4,2,33,4,1,4,0,2,1,1,200800060095B01,7,15,1,200057859
200800060113,2008-10-25,2008,octobre,samedi,10:00,92,92014,0,0,2,1,6,1,1,2,1,02,2,1,0,0,1,0,1,4,2,74,3,1,4,14,0,3,1,200800060113B01,7,1,1,200054781
200800060117,2008-10-13,2008,octobre,lundi,10:23,92,92009,0,0,2,1,3,1,1,3,2,02,1,1,0,40,1,4,1,2,1,22,2,3,9,0,2,1,0,200800060117B01,15,16,1,200054781
200800060118,2008-10-13,2008,octobre,lundi,19:15,92,92009,0,0,2,1,6,5,1,4,2,02,-1,-1,0,0,1,0,1,1,2,16,5,3,4,0,2,0,9,200800060118A01,32,21,1,200054781
200800060121,2008-10-16,2008,octobre,jeudi,18:15,92,92004,0,0,2,2,3,1,1,2,1,01,1,1,0,40,1,0,0,4,1,12,0,3,9,0,2,1,1,200800060121B01,7,15,1,200054781
200800060146,2008-10-16,2008,octobre,jeudi,19:45,92,92032,0,0,2,9,3,5,1,3,2,01,2,1,0,0,1,0,1,4,1,24,9,2,4,0,0,1,2,200800060146B01,7,15,1,200054781
200800060210,2008-10-26,2008,octobre,dimanche,22:00,92,92035,0,0,2,2,3,5,1,3,2,02,1,1,0,0,1,0,1,3,2,52,5,2,2,0,2,8,1,200800060210B01,31,1,1,200054781
200800060216,2008-10-03,2008,octobre,vendredi,08:10,92,92036,0,0,2,1,3,1,1,3,3,02,1,1,30,150,2,0,1,4,1,19,1,3,9,0,2,8,21,200800060216A01,7,1,1,200054781
200800060229,2008-10-15,2008,octobre,mercredi,16:20,92,92040,0,0,2,1,2,1,2,4,1,01,1,1,100,60,2,0,1,3,1,20,0,3,9,0,2,1,1,200800060229B01,10,16,1,200054781
200800060242,2008-10-28,2008,octobre,mardi,11:15,92,92044,0,0,2,7,2,1,1,4,1,01,1,1,0,0,1,0,1,4,2,36,4,3,9,0,2,1,1,200800060242B01,7,4,1,200054781
200800060261,2008-10-17,2008,octobre,vendredi,09:25,92,92020,0,0,2,2,5,1,1,3,2,02,-1,-1,0,0,1,0,1,4,1,52,5,3,9,0,0,0,16,200800060261C01,7,1 / 15,2,200054781
200800060279,2008-10-11,2008,octobre,samedi,15:10,92,92050,0,0,2,1,3,1,1,4,2,01,1,1,0,99,1,0,1,1,1,15,5,2,9,0,9,7,0,200800060279A01,1,0,1,200054781
200800060279,2008-10-11,2008,octobre,samedi,15:10,92,92050,0,0,2,1,3,1,1,4,2,01,1,1,0,99,1,0,1,3,1,13,5,2,9,0,9,7,0,200800060279B01,1,0,1,200054781
200800060283,2008-10-20,2008,octobre,lundi,08:40,92,92050,0,0,2,1,3,1,1,2,1,03,2,1,0,90,1,0,1,3,2,26,1,3,9,0,2,3,1,200800060283B01,31,16,1,200054781
200800060286,2008-10-24,2008,octobre,vendredi,08:30,92,92050,0,0,2,1,1,1,1,4,2,01,2,3,0,60,1,0,1,3,1,36,4,3,9,1,0,1,1,200800060286B01,7,24,1,200054781
200800060302,2008-10-23,2008,octobre,jeudi,07:05,92,92063,0,0,2,2,3,5,1,3,2,02,2,1,0,0,2,0,1,4,1,34,4,3,4,0,2,8,1,200800060302B01,7,1,1,200054781
200800060321,2008-10-04,2008,octobre,samedi,18:20,92,92077,0,0,2,1,7,1,1,4,2,02,1,1,0,27,1,0,1,4,1,51,5,1,2,0,0,0,1,200800060321A01,,,,200054781
200800060368,2008-10-23,2008,octobre,jeudi,15:50,93,93001,0,0,2,1,2,1,1,4,2,02,-1,-1,0,0,1,0,0,4,1,47,5,2,9,0,2,1,1,200800060368B01,7,20,1,200054781
200800060378,2008-10-16,2008,octobre,jeudi,16:30,93,93005,0,0,2,1,3,1,8,2,2,00,1,1,20,40,1,0,4,4,1,23,1,2,2,2,2,1,1,200800060378B01,10,0,1,200054781
200800060397,2008-10-21,2008,octobre,mardi,07:30,93,93008,0,0,2,6,6,5,2,2,1,02,1,2,0,25,2,5,1,3,1,46,1,2,2,0,2,0,1,200800060397A01,7,9,1,200054781
200800060399,2008-10-23,2008,octobre,jeudi,16:30,93,93008,0,0,2,2,6,1,1,4,1,02,1,-1,0,153,1,5,1,2,2,35,1,2,2,0,2,0,2,200800060399B01,14,16,1,200054781
200800060402,2008-10-31,2008,octobre,vendredi,13:05,93,93008,0,0,2,1,2,1,2,4,3,04,1,1,0,0,2,0,1,4,2,59,0,3,9,0,0,4,0,200800060402B01,30,2,1,200054781
200800060424,2008-10-05,2008,octobre,dimanche,21:00,93,93029,0,0,2,2,3,5,1,3,2,02,1,-1,0,150,1,0,1,4,1,33,5,3,9,0,2,1,17,200800060424B01,7,13,1,200054781
200800060434,2008-10-08,2008,octobre,mercredi,18:00,93,93079,0,0,2,1,3,1,1,2,-1,01,1,-1,0,18,1,0,1,4,1,72,9,3,9,0,2,1,0,200800060434A01,13,0,1,200054781
200800060474,2008-10-02,2008,octobre,jeudi,19:00,93,93048,0,0,2,1,2,2,2,4,1,01,2,1,0,40,2,0,1,4,2,57,1,3,2,0,2,0,17,200800060474B01,7,4,1,200054781
200800060478,2008-10-07,2008,octobre,mardi,12:50,93,93048,0,0,2,1,6,1,1,4,1,00,2,1,0,0,1,0,0,1,1,14,2,3,9,0,1,1,0,200800060478A01,,,,200054781
200800060481,2008-10-14,2008,octobre,mardi,14:50,93,93048,0,0,2,9,3,1,1,4,2,02,2,1,0,0,1,0,5,4,1,47,1,2,2,0,0,1,1,200800060481B01,7,16,1,200054781
200800060500,2008-10-27,2008,octobre,lundi,07:10,93,93051,0,0,2,2,1,2,3,3,2,01,1,-1,10,96,2,5,1,3,1,46,0,3,9,0,0,1,1,200800060500B01,7,15,1,200054781
200800060532,2008-10-21,2008,octobre,mardi,18:05,93,93064,0,0,2,2,3,1,1,3,2,02,2,1,0,0,1,0,1,4,2,14,0,3,2,0,2,1,1,200800060532A01,10,1,1,200054781
200800060589,2008-10-31,2008,octobre,vendredi,09:07,93,93073,0,0,2,1,6,1,2,4,1,01,1,1,0,30,2,0,4,4,1,27,1,2,9,0,0,1,0,200800060589A01,,,,200054781
200800060597,2008-10-17,2008,octobre,vendredi,11:20,94,94004,0,0,2,2,3,1,1,2,2,02,2,1,0,0,1,0,1,4,1,27,4,1,4,0,2,4,2,200800060597B01,7,2,1,200054781
200800060630,2008-10-23,2008,octobre,jeudi,12:10,94,94069,0,0,1,1,3,1,1,2,3,02,2,1,0,104,1,0,1,4,1,70,9,3,9,0,2,8,2,200800060630B01,7,2,1,200054781
200800060633,2008-10-31,2008,octobre,vendredi,13:30,94,94018,0,0,2,1,3,1,1,4,-1,00,1,1,0,0,2,0,1,3,1,27,5,3,9,0,0,0,17,200800060633B01,99,2,1,200054781
200800060636,2008-10-11,2008,octobre,samedi,11:25,94,94019,0,0,2,2,3,1,1,4,-1,02,1,1,0,40,1,0,1,4,1,45,0,1,9,0,9,1,19,200800060636B01,32,0,1,200054781
200800060643,2008-10-23,2008,octobre,jeudi,17:20,94,94079,0,0,2,1,3,1,1,4,-1,00,1,1,0,0,1,0,4,1,1,62,0,1,2,0,2,1,1,200800060643A01,7,15,1,200054781
200800060646,2008-10-29,2008,octobre,mercredi,03:05,94,94019,0,0,2,3,3,4,1,4,2,02,1,1,0,0,-1,0,1,4,1,22,0,2,4,0,2,1,1,200800060646A01,7,15,1,200054781
200800060699,2008-10-20,2008,octobre,lundi,18:00,94,94076,0,0,2,1,3,1,1,4,2,02,1,-1,0,0,1,0,1,4,1,29,1,1,2,0,9,8,2,200800060699B01,15,17,1,200054781
200800060702,2008-10-23,2008,octobre,jeudi,11:20,94,94076,0,0,2,1,3,1,1,2,3,03,1,1,0,0,1,0,1,4,1,22,1,3,0,0,2,8,5,200800060702B01,10,1,1,200054781
200800060712,2008-10-11,2008,octobre,samedi,18:20,94,94073,0,0,2,1,2,1,1,3,2,02,1,1,0,0,1,0,1,4,1,17,5,3,9,0,0,4,0,200800060712B01,7,1,1,200054781
200800060719,2008-10-20,2008,octobre,lundi,10:30,94,94038,0,0,2,6,6,1,1,3,4,02,1,2,0,40,1,5,1,4,2,42,4,3,9,0,2,8,0,200800060719B01,7,16,1,200054781
200800060730,2008-10-04,2008,octobre,samedi,08:05,94,94041,0,0,2,1,3,1,1,2,3,03,1,1,0,0,1,0,1,4,1,33,1,3,4,0,2,1,1,200800060730B01,7,22,1,200054781
200800060741,2008-10-27,2008,octobre,lundi,08:35,94,94041,0,0,2,1,7,1,2,2,2,00,1,1,0,0,2,0,1,4,1,26,1,3,4,0,2,1,13,200800060741B01,7,21,1,200054781
200800060750,2008-10-17,2008,octobre,vendredi,08:25,94,94046,0,0,2,1,6,1,1,2,2,05,1,1,0,92,1,5,1,2,2,21,2,3,9,0,2,7,16,200800060750B01,14,1,1,200054781
200800060769,2008-10-10,2008,octobre,vendredi,15:30,94,94068,0,0,2,2,3,1,1,4,1,01,1,1,0,50,1,0,1,4,1,84,5,2,4,0,2,3,1,200800060769B01,7,1,1,200054781
200800060777,2008-10-21,2008,octobre,mardi,17:55,94,94068,0,0,2,1,7,1,2,3,2,02,1,1,0,70,2,0,1,4,2,15,5,3,9,16,0,1,16,200800060777A01,,,,200054781
200800060790,2008-10-14,2008,octobre,mardi,12:15,94,94078,0,0,2,3,3,1,1,2,2,05,1,1,0,0,1,0,1,3,1,16,5,3,9,0,2,8,19,200800060790A01,7,1,1,200054781
200800060860,2008-10-09,2008,octobre,jeudi,18:45,95,95491,0,0,2,1,6,2,1,4,2,02,1,1,0,65,1,0,1,4,1,31,0,2,9,0,0,0,0,200800060860B01,31,1,1,200058485
200800060877,2008-10-16,2008,octobre,jeudi,08:01,95,95424,0,0,2,3,3,5,2,3,2,04,1,1,0,0,2,0,1,4,1,18,1,2,2,0,2,1,1,200800060877B01,7,15,1,200058485
200800060886,2008-10-09,2008,octobre,jeudi,13:20,95,95585,0,0,2,1,7,1,1,4,2,00,1,1,0,120,1,0,1,3,1,11,2,3,2,0,2,1,12,200800060886A01,10,1,1,200055655
200800061068,2008-10-17,2008,octobre,vendredi,17:20,91,91136,0,0,1,1,2,1,1,2,1,01,2,3,0,35,1,0,1,3,1,26,5,3,9,0,0,4,2,200800061068B01,7,1,1,200056232
200800061128,2008-10-06,2008,octobre,lundi,09:00,69,69382,0,0,2,2,3,1,8,4,1,00,1,1,0,0,1,0,1,4,1,58,1,3,4,0,2,7,1,200800061128B01,7,0,1,200046977
200800061132,2008-10-19,2008,octobre,dimanche,00:15,69,69382,0,0,2,1,6,5,1,4,1,02,1,1,0,75,1,0,5,4,1,23,5,2,4,0,1,1,1,200800061132A01,,,,200046977
200800061201,2008-10-04,2008,octobre,samedi,13:30,69,69383,0,0,2,1,2,1,1,4,1,01,1,1,0,0,1,0,1,4,1,24,0,3,2,1,0,1,1,200800061201B01,7,23,1,200046977
200800061202,2008-10-09,2008,octobre,jeudi,18:25,69,69383,0,0,2,1,6,1,1,4,2,03,1,1,0,0,1,0,1,1,1,20,0,3,2,0,1,0,1,200800061202A01,,,,200046977
200800061204,2008-10-18,2008,octobre,samedi,13:20,69,69383,0,0,2,1,6,1,1,4,1,01,1,1,0,0,1,0,1,4,1,47,5,1,2,1,0,1,1,200800061204B01,7,22,1,200046977
200800061249,2008-10-09,2008,octobre,jeudi,17:30,69,69385,0,0,2,1,1,2,1,9,-1,00,1,1,0,0,1,0,5,1,1,32,1,2,9,0,9,1,0,200800061249B01,1,0,1,200046977
200800061249,2008-10-09,2008,octobre,jeudi,17:30,69,69385,0,0,2,1,1,2,1,9,-1,00,1,1,0,0,1,0,5,3,2,59,1,2,9,0,9,1,0,200800061249A01,1,0,1,200046977
200800061262,2008-10-01,2008,octobre,mercredi,13:45,69,69387,0,0,2,1,3,1,1,4,1,01,1,1,0,49,1,0,1,4,2,21,1,1,9,0,2,7,12,200800061262B01,7,2,1,200046977
200800061443,2008-10-11,2008,octobre,samedi,21:30,75,75103,0,0,2,2,2,5,1,4,1,02,1,1,0,124,1,0,1,4,1,28,5,3,2,0,2,1,2,200800061443A01,7,20,1,200054781
200800061446,2008-10-17,2008,octobre,vendredi,09:35,75,75103,0,0,2,2,7,1,1,4,1,01,1,1,0,30,1,0,1,4,1,14,0,3,2,0,1,1,21,200800061446A01,,,,200054781
200800061449,2008-10-20,2008,octobre,lundi,17:45,75,75103,0,0,2,1,6,1,1,4,1,01,1,1,0,50,1,0,1,4,1,31,1,3,2,0,1,7,1,200800061449A01,,,,200054781
200800061450,2008-10-24,2008,octobre,vendredi,13:05,75,75103,0,0,2,2,6,1,1,4,1,01,1,1,0,35,1,0,1,4,1,48,4,3,2,0,2,1,1,200800061450A01,13,1,1,200054781
200800061453,2008-10-12,2008,octobre,dimanche,17:00,75,75104,0,0,2,1,6,1,1,4,2,02,-1,-1,0,35,1,2,4,4,1,40,5,3,2,0,1,8,1,200800061453A01,,,,200054781
200800061455,2008-10-02,2008,octobre,jeudi,08:25,75,75104,0,0,2,3,3,1,1,4,1,01,1,1,0,87,1,0,1,4,1,14,0,3,2,0,2,0,19,200800061455B01,30,1,1,200054781
200800061465,2008-10-15,2008,octobre,mercredi,18:40,75,75104,0,0,2,6,3,2,2,4,1,02,1,-1,0,0,2,0,1,4,2,36,0,3,2,0,0,8,0,200800061465B01,7,0,1,200054781
200800061471,2008-10-23,2008,octobre,jeudi,15:05,75,75104,0,0,2,3,1,1,1,4,1,01,1,1,0,44,1,0,1,1,1,29,5,3,2,0,2,1,1,200800061471A01,1,15,1,200054781
200800061471,2008-10-23,2008,octobre,jeudi,15:05,75,75104,0,0,2,3,1,1,1,4,1,01,1,1,0,44,1,0,1,4,1,45,1,1,2,0,2,1,15,200800061471B01,1,1,1,200054781
200800061483,2008-10-20,2008,octobre,lundi,16:00,75,75105,0,0,2,5,3,1,1,4,2,03,1,1,0,101,1,0,1,4,2,51,5,3,2,0,2,7,1,200800061483A01,33,1,1,200054781
200800061496,2008-10-06,2008,octobre,lundi,13:00,75,75106,0,0,2,3,3,1,1,4,1,01,1,1,0,30,1,0,0,4,2,33,4,3,2,0,2,0,1,200800061496B01,7,22,1,200054781
200800061502,2008-10-17,2008,octobre,vendredi,10:40,75,75106,0,0,2,3,6,1,1,4,1,01,1,1,0,0,1,0,1,4,2,18,3,3,2,0,2,3,1,200800061502B01,7,1,2,200054781
200800061504,2008-10-24,2008,octobre,vendredi,14:25,75,75106,0,0,2,2,5,1,1,4,2,01,1,1,0,0,1,0,1,4,2,26,5,3,2,0,2,1,1,200800061504C01,10 / 7,4 / 1,2,200054781
200800061530,2008-10-23,2008,octobre,jeudi,16:55,75,75107,0,0,2,1,6,1,1,4,1,01,1,1,5,77,1,0,5,4,2,54,1,3,2,0,1,1,1,200800061530A01,,,,200054781
200800061544,2008-10-04,2008,octobre,samedi,16:35,75,75108,0,0,2,5,3,1,1,4,2,03,1,1,0,180,1,0,1,4,2,26,5,3,2,0,2,8,13,200800061544B01,38,17,1,200054781
200800061566,2008-10-18,2008,octobre,samedi,13:00,75,75108,0,0,2,2,3,1,1,4,1,01,1,1,0,60,1,0,1,4,2,37,5,1,2,0,2,1,3,200800061566A01,7,1,1,200054781
200800061590,2008-10-06,2008,octobre,lundi,09:30,75,75109,0,0,2,1,6,1,1,4,1,01,2,1,0,50,1,0,1,4,1,36,1,3,2,0,1,0,1,200800061590A01,,,,200054781
200800061611,2008-10-03,2008,octobre,vendredi,19:30,75,75110,0,0,2,1,7,5,2,4,-1,00,1,1,0,0,9,0,5,4,1,36,5,3,2,0,0,0,1,200800061611A01,,,,200054781
200800061625,2008-10-13,2008,octobre,lundi,14:15,75,75110,0,0,2,1,6,1,1,4,1,01,1,1,0,30,1,0,1,4,2,44,5,2,2,0,0,6,1,200800061625A01,30,17,1,200054781
200800061637,2008-10-25,2008,octobre,samedi,22:30,75,75110,0,0,2,2,3,5,1,4,2,02,1,1,0,100,1,5,1,4,2,24,5,3,2,0,2,1,1,200800061637A01,7,1,1,200054781
200800061638,2008-10-28,2008,octobre,mardi,23:15,75,75110,0,0,2,4,6,5,1,4,4,00,1,1,0,0,1,0,4,4,1,27,0,3,2,12,0,1,14,200800061638A01,,,,200054781
200800061639,2008-10-29,2008,octobre,mercredi,09:50,75,75110,0,0,2,1,3,1,1,4,1,01,1,1,0,25,1,0,1,4,1,52,1,3,2,0,2,1,17,200800061639A01,7,15,1,200054781
200800061649,2008-10-10,2008,octobre,vendredi,17:10,75,75111,0,0,2,5,2,1,1,4,1,02,1,1,0,230,1,0,1,4,2,43,0,3,2,0,2,4,1,200800061649B01,31,1,1,200054781
200800061653,2008-10-13,2008,octobre,lundi,15:10,75,75111,0,0,2,3,3,1,1,4,2,02,1,1,0,140,1,0,1,4,1,16,5,3,2,0,2,7,1,200800061653B01,7,1,1,200054781
200800061658,2008-10-17,2008,octobre,vendredi,21:10,75,75111,0,0,2,1,6,3,1,4,1,01,1,1,0,85,1,0,1,3,1,46,1,3,2,1,0,2,1,200800061658B01,7,1,1,200054781
200800061659,2008-10-18,2008,octobre,samedi,15:40,75,75111,0,0,2,2,3,1,1,4,1,02,3,1,0,50,1,0,1,4,1,31,5,3,2,0,2,1,1,200800061659B01,7,1,1,200054781
200800061708,2008-10-14,2008,octobre,mardi,16:30,75,75112,0,0,2,1,5,1,1,4,1,01,1,1,0,70,1,0,5,4,1,73,5,1,2,0,9,1,3,200800061708B01,1,0 / 2,2,200054781
200800061708,2008-10-14,2008,octobre,mardi,16:30,75,75112,0,0,2,1,5,1,1,4,1,01,1,1,0,70,1,0,5,4,1,52,5,1,2,0,0,9,0,200800061708A01,1,3 / 2,2,200054781
200800061708,2008-10-14,2008,octobre,mardi,16:30,75,75112,0,0,2,1,5,1,1,4,1,01,1,1,0,70,1,0,5,4,1,69,5,1,2,0,9,1,2,200800061708C01,1,3 / 0,2,200054781
200800061712,2008-10-15,2008,octobre,mercredi,21:50,75,75112,0,0,2,1,6,5,1,4,1,02,1,1,0,58,2,0,1,4,2,31,1,3,2,0,2,8,11,200800061712A01,33,21,1,200054781
200800061715,2008-10-16,2008,octobre,jeudi,19:55,75,75112,0,0,2,1,7,3,1,4,-1,00,1,1,0,0,-1,0,5,4,1,46,5,1,2,0,0,0,0,200800061715A01,,,,200054781
200800061722,2008-10-21,2008,octobre,mardi,00:40,75,75112,0,0,2,1,3,5,1,4,2,02,1,-1,0,110,1,0,2,4,2,33,5,3,2,0,2,4,15,200800061722A01,32,17,1,200054781
200800061753,2008-10-07,2008,octobre,mardi,21:20,75,75113,0,0,2,4,6,5,3,4,2,04,1,1,0,120,2,0,1,1,1,37,5,3,2,0,1,2,7,200800061753A01,,,,200054781
200800061758,2008-10-14,2008,octobre,mardi,20:15,75,75113,0,0,2,2,7,5,1,4,-1,00,1,1,10,70,1,0,0,3,1,60,0,3,2,0,0,0,0,200800061758A01,,,,200054781
200800061764,2008-10-19,2008,octobre,dimanche,14:50,75,75113,0,0,2,2,6,1,1,4,-1,00,2,1,0,60,1,0,5,1,1,23,5,3,2,0,1,4,0,200800061764A01,,,,200054781
200800061768,2008-10-20,2008,octobre,lundi,11:35,75,75113,0,0,2,3,3,1,1,4,2,02,-1,1,0,70,1,0,1,4,1,50,0,3,2,0,2,1,7,200800061768B01,7,1,1,200054781
200800061772,2008-10-21,2008,octobre,mardi,09:10,75,75113,0,0,2,1,3,1,2,4,2,01,4,1,0,112,2,0,1,4,1,49,5,3,2,0,2,1,1,200800061772B01,7,22,1,200054781
200800061784,2008-10-29,2008,octobre,mercredi,10:45,75,75113,0,0,2,1,3,1,8,4,2,02,1,1,0,68,1,0,1,4,1,19,0,3,2,0,2,1,13,200800061784B01,7,7,1,200054781
200800061796,2008-10-07,2008,octobre,mardi,06:45,75,75114,0,0,2,3,3,2,1,4,1,02,1,1,0,150,2,5,1,4,1,43,1,1,2,0,2,3,1,200800061796B01,14,15,1,200054781
200800061797,2008-10-07,2008,octobre,mardi,18:30,75,75114,0,0,2,1,4,5,2,4,1,01,1,-1,0,34,2,0,1,4,1,50,1,3,2,0,2,1,1,200800061797B01,10,22 / 1,2,200054781
200800061814,2008-10-20,2008,octobre,lundi,11:25,75,75114,0,0,2,3,3,1,1,4,1,01,1,1,0,80,1,0,1,4,2,57,5,3,2,0,2,1,1,200800061814A01,10,15,1,200054781
200800061846,2008-10-08,2008,octobre,mercredi,15:08,75,75115,0,0,2,2,3,1,1,4,1,02,1,1,0,80,1,0,1,4,2,33,1,3,2,0,2,1,1,200800061846B01,10,16,1,200054781
200800061847,2008-10-09,2008,octobre,jeudi,08:45,75,75115,0,0,2,1,3,1,8,4,3,02,1,1,0,78,1,0,5,4,1,54,0,3,2,0,2,7,1,200800061847B01,7,22,1,200054781
200800061855,2008-10-17,2008,octobre,vendredi,18:45,75,75115,0,0,2,2,6,2,1,4,1,01,1,1,0,100,1,0,1,1,1,17,5,3,2,0,1,7,1,200800061855A01,,,,200054781
200800061873,2008-10-02,2008,octobre,jeudi,07:25,75,75116,0,0,2,1,6,2,1,4,2,02,1,1,0,90,1,0,1,4,1,79,5,1,2,15,2,8,1,200800061873B01,7,14,1,200054781
200800061889,2008-10-09,2008,octobre,jeudi,15:45,75,75116,0,0,2,1,6,1,1,4,1,01,1,1,0,0,1,0,5,4,1,48,0,3,2,0,1,2,1,200800061889A01,,,,200054781
200800061904,2008-10-15,2008,octobre,mercredi,20:45,75,75116,0,0,2,2,3,5,2,4,1,01,1,1,0,30,2,0,1,4,1,26,4,3,2,0,2,1,0,200800061904A01,7,1,1,200054781
200800061930,2008-10-28,2008,octobre,mardi,11:50,75,75116,0,0,2,5,6,1,1,4,-1,01,-1,-1,0,100,-1,0,0,4,1,43,0,3,2,0,2,0,1,200800061930A01,13,14,1,200054781
200800061992,2008-10-11,2008,octobre,samedi,04:25,75,75118,0,0,2,5,6,5,1,4,1,01,1,-1,0,40,1,0,1,3,1,27,0,3,2,1,0,0,15,200800061992A01,,,,200054781
200800061992,2008-10-11,2008,octobre,samedi,04:25,75,75118,0,0,2,5,6,5,1,4,1,01,1,-1,0,40,1,0,1,4,2,28,0,3,2,1,0,0,15,200800061992A01,,,,200054781
200800062011,2008-10-01,2008,octobre,mercredi,15:55,75,75119,0,0,2,1,3,1,2,4,3,03,1,1,47,91,2,0,1,4,1,12,5,3,2,0,2,8,19,200800062011B01,7,1,1,200054781
200800062024,2008-10-11,2008,octobre,samedi,23:30,75,75119,0,0,2,3,6,5,1,4,-1,02,1,-1,0,8,1,0,5,4,2,28,5,3,2,14,0,1,0,200800062024A01,,,,200054781
200800062055,2008-10-07,2008,octobre,mardi,01:50,75,75120,0,0,2,1,6,5,2,4,2,02,1,-1,0,110,2,0,4,1,1,32,0,3,2,0,1,1,1,200800062055A01,,,,200054781
200800062058,2008-10-10,2008,octobre,vendredi,08:15,75,75120,0,0,2,1,3,1,1,4,3,03,1,3,110,0,1,3,5,4,1,53,1,1,2,0,2,3,19,200800062058B01,7,1,1,200054781