Num_Acc,date,an,mois,jour,hrmn,dep,com,lat,long,agg,int,col,lum,atm,catr,circ,nbv,prof,plan,lartpc,larrout,surf,infra,situ,grav,sexe,age,trajet,secuexist,equipement,obs,obsm,choc,manv,vehiculeid,typevehicules,manoeuvehicules,numVehicules,_infos_commune.code_epci
200800066818,2008-11-08,2008,novembre,samedi,07:20,13,13005,0,0,1,6,2,1,1,3,1,01,1,2,0,50,1,0,1,3,1,78,5,1,2,0,2,1,13,200800066818B01,7,2,1,200054807
200800066848,2008-11-25,2008,novembre,mardi,09:00,13,13055,0,0,2,1,6,1,1,4,3,02,1,1,0,0,1,0,1,3,1,30,1,3,9,1,0,1,1,200800066848B01,7,22,1,200054807
200800066881,2008-11-07,2008,novembre,vendredi,10:40,13,13055,0,0,2,1,2,1,1,4,2,02,1,1,0,0,1,0,1,1,1,44,5,3,0,0,2,4,23,200800066881B01,30,1,1,200054807
200800066909,2008-11-01,2008,novembre,samedi,17:50,13,13055,0,0,2,1,3,5,1,4,3,06,2,3,0,0,1,0,1,4,2,41,5,1,2,0,2,8,1,200800066909A01,7,17,1,200054807
200800066939,2008-11-20,2008,novembre,jeudi,13:10,13,13055,0,0,2,1,3,1,1,4,2,02,1,1,0,73,1,0,1,4,1,12,0,3,9,0,2,4,15,200800066939B01,7,17,1,200054807
200800066990,2008-11-19,2008,novembre,mercredi,19:50,13,13055,0,0,2,2,3,5,1,4,1,01,-1,-1,0,0,-1,0,0,4,1,25,0,3,9,0,2,0,9,200800066990B01,7,1,1,200054807
200800067004,2008-11-21,2008,novembre,vendredi,16:45,13,13055,0,0,2,1,7,1,1,4,1,01,1,1,0,60,-1,0,1,4,2,47,1,3,2,0,0,0,1,200800067004B01,7,4,1,200054807
200800067064,2008-11-13,2008,novembre,jeudi,08:20,14,14118,0,0,2,1,2,1,1,4,2,02,1,-1,0,60,1,0,1,3,1,20,0,2,2,0,0,4,23,200800067064B01,7,1,1,200065597
200800067086,2008-11-08,2008,novembre,samedi,17:23,16,16015,0,0,2,1,2,2,1,4,1,01,1,1,0,35,1,0,1,3,2,76,5,3,4,0,2,4,1,200800067086B01,7,1,1,200071827
200800067090,2008-11-13,2008,novembre,jeudi,09:00,33,33063,0,0,2,1,3,1,1,4,1,03,1,1,0,80,1,0,1,4,2,27,0,3,9,0,0,1,14,200800067090B01,32,1,1,243300316
200800067107,2008-11-11,2008,novembre,mardi,05:50,33,33039,0,0,2,4,3,5,1,4,3,02,1,3,0,90,1,0,1,4,2,37,1,3,4,0,2,1,15,200800067107B01,10,15,1,243300316
200800067112,2008-11-20,2008,novembre,jeudi,12:50,33,33063,0,0,2,2,3,1,1,4,1,01,1,1,0,0,1,0,1,3,1,45,0,3,4,0,2,3,1,200800067112B01,10,16,1,243300316
200800067113,2008-11-20,2008,novembre,jeudi,17:50,33,33063,0,0,2,1,6,5,1,4,2,02,1,1,0,110,1,4,1,3,2,55,0,3,9,0,1,1,1,200800067113A01,,,,243300316
200800067117,2008-11-15,2008,novembre,samedi,20:28,33,33522,0,0,2,1,1,5,1,4,3,04,1,1,0,0,1,0,5,4,1,21,0,3,4,0,2,1,1,200800067117A01,1,15,1,243300316
200800067117,2008-11-15,2008,novembre,samedi,20:28,33,33522,0,0,2,1,1,5,1,4,3,04,1,1,0,0,1,0,5,3,1,21,0,1,9,0,2,1,15,200800067117B01,1,1,1,243300316
200800067123,2008-11-22,2008,novembre,samedi,07:50,33,33063,0,0,2,6,3,2,1,4,2,02,1,1,0,0,1,0,1,4,1,18,0,3,9,0,0,0,2,200800067123B01,7,2,1,243300316
200800067124,2008-11-21,2008,novembre,vendredi,07:30,33,33063,0,0,2,1,1,3,1,4,2,02,2,1,0,0,2,0,5,3,1,20,0,3,9,0,9,1,1,200800067124A01,1,1,1,243300316
200800067124,2008-11-21,2008,novembre,vendredi,07:30,33,33063,0,0,2,1,1,3,1,4,2,02,2,1,0,0,2,0,5,1,1,35,0,1,9,0,9,1,1,200800067124B01,1,1,1,243300316
200800067139,2008-11-26,2008,novembre,mercredi,11:50,33,33063,0,0,2,3,3,1,1,3,1,01,1,1,0,0,1,0,1,3,2,22,0,3,9,0,2,1,19,200800067139A01,7,1,1,243300316
200800067157,2008-11-27,2008,novembre,jeudi,10:00,33,33063,0,0,2,2,3,1,1,4,2,02,2,1,0,56,1,0,1,4,2,15,2,3,2,0,2,1,1,200800067157B01,7,1,1,243300316
200800067166,2008-11-27,2008,novembre,jeudi,08:30,33,33039,0,0,2,2,3,5,5,4,3,02,1,1,8,71,1,0,1,4,1,10,2,3,4,0,2,1,1,200800067166A01,7,15,1,243300316
200800067184,2008-11-20,2008,novembre,jeudi,15:30,95,95306,0,0,2,1,6,1,1,4,2,02,1,1,12,50,1,0,1,4,1,86,0,1,9,0,2,8,2,200800067184B01,7,2,1,200058485
200800067191,2008-11-13,2008,novembre,jeudi,08:50,95,95051,0,0,2,1,2,1,1,4,2,01,1,1,0,0,1,0,1,4,1,12,0,1,9,0,2,4,1,200800067191B01,7,1,1,200058485
200800067317,2008-11-29,2008,novembre,samedi,02:30,75,75120,0,0,2,1,6,5,1,4,2,02,3,1,0,100,1,0,5,4,1,26,5,3,2,0,2,4,2,200800067317A01,7,2,1,200054781
200800067332,2008-11-15,2008,novembre,samedi,23:35,75,75116,0,0,2,2,3,5,8,4,1,01,2,1,0,60,2,0,1,4,2,28,5,3,2,0,2,1,1,200800067332A01,7,1,1,200054781
200800067346,2008-11-27,2008,novembre,jeudi,19:15,75,75108,0,0,2,1,6,5,1,4,2,02,1,1,0,250,1,0,1,4,2,23,1,2,4,1,0,1,21,200800067346B01,7,22,1,200054781
200800067352,2008-11-27,2008,novembre,jeudi,10:00,75,75114,0,0,2,2,2,1,1,4,1,03,1,1,0,170,1,0,1,4,2,32,1,3,9,0,2,2,16,200800067352B01,37,1,1,200054781
200800067353,2008-11-27,2008,novembre,jeudi,10:01,75,75114,0,0,2,2,3,1,1,4,1,01,1,-1,0,99,1,0,1,1,1,23,4,3,9,0,2,2,15,200800067353B01,2,1,1,200054781
200800067361,2008-11-27,2008,novembre,jeudi,15:15,75,75119,0,0,2,2,6,1,1,4,2,02,1,3,0,0,1,0,1,4,1,18,2,3,9,0,1,1,1,200800067361A01,,,,200054781
200800067370,2008-11-29,2008,novembre,samedi,10:20,75,75101,0,0,2,3,7,1,1,4,1,04,1,1,0,144,1,0,1,4,2,37,5,3,2,0,2,9,17,200800067370B01,14,23,1,200054781
200800067383,2008-11-29,2008,novembre,samedi,15:15,75,75110,0,0,2,3,6,1,8,4,1,01,1,-1,20,30,2,0,1,4,1,41,5,3,2,1,0,1,13,200800067383A01,,,,200054781
200800067384,2008-11-29,2008,novembre,samedi,17:45,75,75110,0,0,2,1,3,5,1,4,1,02,2,1,0,60,1,0,1,4,1,31,1,3,2,0,2,1,1,200800067384B01,7,22,1,200054781
200800067725,2008-11-06,2008,novembre,jeudi,17:30,69,69383,0,0,2,2,3,5,2,4,-1,02,2,1,0,0,2,0,1,4,1,33,1,1,2,0,2,0,1,200800067725B01,7,1,1,200046977
200800067735,2008-11-19,2008,novembre,mercredi,09:15,69,69383,0,0,2,2,2,1,1,4,2,03,1,1,0,0,1,0,1,3,1,36,5,2,2,0,4,4,15,200800067735A01,40,1,1,200046977
200800067751,2008-11-10,2008,novembre,lundi,18:50,69,69387,0,0,2,3,3,5,1,4,2,02,1,1,0,0,1,0,1,4,1,33,5,2,4,0,2,1,1,200800067751B01,7,1,1,200046977
200800067758,2008-11-17,2008,novembre,lundi,14:35,69,69389,0,0,2,2,3,1,1,4,2,02,2,1,0,0,1,0,0,4,2,28,0,1,9,0,2,0,1,200800067758A01,7,11,1,200046977
200800067784,2008-11-03,2008,novembre,lundi,16:00,75,75113,0,0,2,1,3,1,1,4,2,04,1,1,0,176,1,0,5,4,1,13,5,1,2,0,2,6,13,200800067784B01,7,17,1,200054781
200800067792,2008-11-03,2008,novembre,lundi,09:30,75,75119,0,0,2,5,3,1,1,4,1,01,1,1,100,60,1,0,1,4,1,66,0,3,2,0,2,8,21,200800067792B01,10,1,1,200054781
200800067804,2008-11-04,2008,novembre,mardi,18:20,75,75108,0,0,2,1,3,5,1,4,1,01,1,3,200,400,1,0,1,4,1,46,1,3,2,0,2,3,1,200800067804B01,7,12,1,200054781
200800067820,2008-11-04,2008,novembre,mardi,14:05,75,75117,0,0,2,1,3,1,1,4,2,01,1,1,0,0,1,0,1,4,1,52,5,3,2,0,2,1,1,200800067820B01,7,22,1,200054781
200800067828,2008-11-05,2008,novembre,mercredi,14:45,75,75103,0,0,2,2,6,1,8,4,2,03,1,1,27,141,1,5,0,1,1,38,5,3,2,0,1,1,16,200800067828A01,,,,200054781
200800067846,2008-11-10,2008,novembre,lundi,10:40,75,75112,0,0,2,1,6,1,1,4,-1,02,1,1,0,120,1,0,4,4,1,33,1,3,2,8,2,8,1,200800067846A01,10,9,1,200054781
200800067849,2008-11-10,2008,novembre,lundi,18:42,75,75115,0,0,2,1,6,5,1,4,2,02,2,1,0,80,1,0,1,4,2,26,5,3,2,14,0,7,1,200800067849A01,,,,200054781
200800067856,2008-11-10,2008,novembre,lundi,10:55,75,75119,0,0,2,1,3,1,6,4,2,07,2,3,0,217,1,0,1,4,1,30,4,1,2,12,2,1,1,200800067856B01,7,22,1,200054781
200800067917,2008-11-10,2008,novembre,lundi,12:50,75,75110,0,0,2,1,2,1,1,4,1,01,1,1,10,60,1,0,1,4,1,16,0,3,2,0,2,1,2,200800067917A01,7,23,1,200054781
200800067942,2008-11-08,2008,novembre,samedi,05:04,75,75106,0,0,2,5,6,5,1,4,1,04,1,1,0,60,1,0,0,4,2,22,5,3,2,0,2,8,19,200800067942B01,31,1,1,200054781
200800067945,2008-11-08,2008,novembre,samedi,13:05,75,75109,0,0,2,2,7,1,1,4,1,01,1,1,0,40,1,0,1,4,1,25,0,3,2,0,0,0,1,200800067945A01,,,,200054781
200800067947,2008-11-08,2008,novembre,samedi,11:25,75,75112,0,0,2,1,6,1,1,4,2,01,1,1,0,130,2,0,5,1,1,75,5,3,2,0,1,7,17,200800067947A01,,,,200054781
200800067970,2008-11-07,2008,novembre,vendredi,09:05,75,75110,0,0,2,2,3,1,2,4,1,02,1,1,0,63,1,0,5,4,1,34,5,3,2,0,2,1,1,200800067970B01,7,15,1,200054781
200800067996,2008-11-12,2008,novembre,mercredi,15:50,75,75105,0,0,2,5,6,1,1,4,2,01,2,1,0,0,1,0,0,1,1,24,5,3,2,0,1,1,1,200800067996A01,,,,200054781
200800067997,2008-11-12,2008,novembre,mercredi,16:20,75,75106,0,0,2,1,2,1,1,4,1,02,1,1,0,71,1,0,1,4,1,48,1,3,2,0,2,1,2,200800067997B01,7,2,1,200054781
200800068052,2008-11-14,2008,novembre,vendredi,16:40,75,75112,0,0,2,1,3,2,2,4,2,02,1,1,0,0,2,0,1,4,2,28,5,3,2,0,2,2,1,200800068052B01,7,22,1,200054781
200800068078,2008-11-17,2008,novembre,lundi,12:48,75,75107,0,0,2,1,3,1,1,4,1,01,1,1,0,74,1,0,1,4,2,43,0,3,2,0,2,1,1,200800068078B01,7,22,1,200054781
200800068083,2008-11-17,2008,novembre,lundi,19:45,75,75111,0,0,2,1,6,5,8,4,1,01,1,1,60,30,1,0,5,4,2,31,1,1,2,0,2,8,1,200800068083A01,30,12,1,200054781
200800068091,2008-11-17,2008,novembre,lundi,11:05,75,75113,0,0,2,3,3,1,1,4,1,02,1,1,0,0,1,0,1,2,1,65,5,3,2,0,2,4,16,200800068091B01,14,18,1,200054781
200800068130,2008-11-21,2008,novembre,vendredi,08:15,75,75101,0,0,2,2,3,1,2,4,2,03,1,1,0,140,2,0,1,4,1,33,0,3,9,0,2,1,2,200800068130B01,7,2,1,200054781
200800068134,2008-11-21,2008,novembre,vendredi,07:58,75,75106,0,0,2,1,3,2,2,4,1,04,1,1,0,160,2,0,5,4,1,59,1,1,2,0,2,4,1,200800068134B01,7,16,1,200054781
200800068155,2008-11-21,2008,novembre,vendredi,15:40,75,75116,0,0,2,2,3,1,1,4,2,02,1,1,50,100,1,0,1,4,2,48,5,2,9,0,0,3,1,200800068155A01,3,1,1,200054781
200800068164,2008-11-23,2008,novembre,dimanche,13:20,75,75101,0,0,2,3,3,1,2,4,2,03,1,1,0,160,2,0,0,4,2,74,4,2,2,0,0,4,19,200800068164B01,34,0,1,200054781
200800068182,2008-11-22,2008,novembre,samedi,20:50,75,75110,0,0,2,2,1,5,1,4,1,04,1,1,7,150,1,0,1,4,1,50,9,2,4,0,2,1,13,200800068182A01,7,1,1,200054781
200800068195,2008-11-22,2008,novembre,samedi,18:45,75,75120,0,0,2,1,7,5,2,4,1,01,2,1,0,37,1,0,1,4,1,57,5,3,2,0,0,0,2,200800068195A01,,,,200054781
200800068230,2008-11-21,2008,novembre,vendredi,13:20,75,75115,0,0,2,1,3,1,1,4,1,01,1,1,0,0,1,0,1,3,1,32,0,2,2,0,2,8,13,200800068230B01,7,1,1,200054781
200800068240,2008-11-25,2008,novembre,mardi,09:00,75,75108,0,0,2,1,6,1,1,4,-1,00,1,2,0,200,1,0,1,4,2,19,2,3,9,0,2,4,15,200800068240B01,7,13,1,200054781
200800068247,2008-11-25,2008,novembre,mardi,15:50,75,75110,0,0,2,1,6,1,1,4,1,04,1,1,0,152,1,0,1,4,1,31,4,2,9,1,0,1,2,200800068247B01,10,22,1,200054781
200800068250,2008-11-25,2008,novembre,mardi,20:25,75,75112,0,0,2,2,3,5,1,4,2,02,1,1,0,0,1,0,1,4,1,7,5,3,9,0,2,0,19,200800068250B01,7,16,1,200054781
200800068272,2008-11-26,2008,novembre,mercredi,18:20,75,75111,0,0,2,1,3,5,1,4,1,00,1,1,0,45,1,0,1,4,1,40,5,2,9,0,0,7,18,200800068272B01,7,22,1,200054781
200800068274,2008-11-26,2008,novembre,mercredi,08:28,75,75114,0,0,2,1,3,1,1,4,1,01,-1,-1,0,60,1,0,1,4,2,54,4,2,9,1,0,2,1,200800068274B01,10,24,1,200054781
200800068307,2008-11-19,2008,novembre,mercredi,07:35,75,75120,0,0,2,2,3,1,1,4,2,02,1,1,0,110,1,0,1,4,1,16,1,3,2,0,2,1,1,200800068307B01,10,22,1,200054781
200800068358,2008-11-28,2008,novembre,vendredi,09:00,75,75115,0,0,2,3,6,1,1,4,2,02,1,1,0,109,1,0,1,4,1,36,1,1,9,0,0,1,2,200800068358B01,7,22,1,200054781
200800068505,2008-12-30,2008,décembre,mardi,22:45,59,59611,50.679,3.018,1,1,2,5,1,3,2,02,1,1,0,64,1,0,1,4,1,21,5,2,4,0,0,4,1,200800068505B02,7,2,1,200093201
200800068535,2008-12-20,2008,décembre,samedi,11:15,62,62174,50.86,1.97,2,2,1,1,1,4,1,01,1,1,0,51,1,0,1,3,1,18,5,3,0,0,2,7,5,200800068535A01,7,1,1,200072478
200800068564,2008-12-05,2008,décembre,vendredi,14:00,80,80016,50.006,2.647,2,1,3,1,3,9,2,00,2,-1,0,62,2,0,1,3,1,16,5,3,0,0,2,6,15,200800068564A01,7,1,1,248000747
200800068569,2008-12-02,2008,décembre,mardi,11:15,80,80579,0,0,2,1,3,1,1,3,2,02,1,1,0,96,1,0,1,3,2,74,3,3,0,0,2,4,1,200800068569B02,7,15,1,200070985
200800068597,2008-12-05,2008,décembre,vendredi,18:00,60,60573,0,0,1,1,2,3,1,3,2,02,1,1,75,0,1,0,1,3,1,37,0,1,2,0,2,4,1,200800068597B02,7,1,1,200068005
200800068691,2008-12-24,2008,décembre,mercredi,16:00,22,22213,48.511,-1.998,1,1,1,1,1,3,2,00,1,1,0,54,1,0,1,3,1,76,5,3,0,0,2,3,2,200800068691B02,7,2,1,200068989
200800068699,2008-12-03,2008,décembre,mercredi,17:30,22,22119,48.607,-3.539,1,1,2,2,8,3,2,02,1,1,0,50,2,0,1,3,2,47,5,2,4,0,0,4,2,200800068699B02,7,2,1,200065928
200800068733,2008-12-07,2008,décembre,dimanche,12:30,14,14592,49.083,-0.495,2,1,3,1,7,3,2,02,-1,1,0,60,1,0,1,3,2,57,5,3,0,0,2,8,1,200800068733B02,7,15,1,200066728
200800068758,2008-12-06,2008,décembre,samedi,19:15,50,50622,0,0,1,1,1,3,1,3,2,02,1,1,0,67,1,0,1,4,2,41,5,2,4,0,2,4,15,200800068758B02,7,2,1,
200800068850,2008-12-30,2008,décembre,mardi,11:45,72,72051,47.819,0.072,1,1,3,1,1,4,2,00,1,2,0,50,1,0,1,3,1,56,5,3,0,0,2,8,19,200800068850B02,7,1,1,247200629
200800068886,2008-12-18,2008,décembre,jeudi,17:45,33,33013,0,0,2,1,3,5,1,3,2,02,-1,1,150,0,1,0,1,4,2,17,5,1,2,0,2,1,13,200800068886A01,7,1,1,243300316
200800068931,2008-12-01,2008,décembre,lundi,17:45,47,47310,44.397,0.306,2,1,1,3,1,4,2,00,1,3,0,0,2,5,1,3,2,53,1,2,4,0,2,1,1,200800068931B02,7,15,1,200030674
200800068939,2008-12-30,2008,décembre,mardi,16:15,64,64230,43.22,-0.38,2,1,1,1,1,3,2,00,-1,1,0,0,1,5,1,3,2,17,5,3,0,0,2,1,19,200800068939B02,7,1,1,200067254
200800068947,2008-12-27,2008,décembre,samedi,16:00,64,64422,43.195,-0.618,1,6,1,1,1,3,2,00,1,-1,0,0,1,0,5,3,2,76,3,2,2,0,0,7,1,200800068947B02,7,15,1,200067262
200800068972,2008-12-10,2008,décembre,mercredi,09:30,17,17121,46.195,-1.413,1,1,1,1,1,3,2,02,1,1,0,63,2,0,1,3,1,80,5,3,0,0,2,8,15,200800068972B02,10,17,1,241700459
200800068985,2008-12-04,2008,décembre,jeudi,07:15,17,17003,0,0,1,1,3,4,2,3,2,02,1,3,0,60,2,0,1,3,1,35,1,2,4,0,2,7,1,200800068985A01,7,15,1,200041614
200800069017,2008-12-21,2008,décembre,dimanche,14:30,19,19104,45.552,1.582,1,1,6,1,1,3,2,00,-1,1,0,57,1,0,1,3,1,61,5,1,2,0,0,0,0,200800069017A01,,,,241927243
200800069041,2008-12-30,2008,décembre,mardi,15:15,31,31170,0,0,1,1,2,1,7,3,2,02,1,1,0,60,1,5,1,3,1,58,5,3,0,0,2,4,2,200800069041B02,7,2,1,200072643
200800069118,2008-12-15,2008,décembre,lundi,16:00,69,69291,0,0,2,3,3,1,1,3,-1,02,2,3,31,195,1,0,1,4,1,40,1,1,2,0,2,1,1,200800069118A01,7,15,1,246900765
200800069166,2008-12-26,2008,décembre,vendredi,15:00,26,26347,45.082,4.832,1,1,6,1,1,2,2,02,1,1,0,0,1,0,1,2,2,15,3,3,0,0,0,0,13,200800069166B02,7,21,1,200073096
200800069170,2008-12-06,2008,décembre,samedi,09:00,38,38158,45.159,5.75,2,1,1,1,2,4,1,01,1,1,0,0,2,0,5,3,2,68,5,3,0,0,2,7,1,200800069170B02,7,23,1,200040715
200800069171,2008-12-02,2008,décembre,mardi,13:30,38,38317,0,0,2,1,1,1,1,2,3,02,1,1,0,0,1,0,1,4,1,12,2,3,0,0,2,8,1,200800069171B02,7,1,1,200040715
200800069200,2008-12-27,2008,décembre,samedi,11:15,38,38097,45.771,5.197,2,6,3,1,1,3,2,02,1,2,0,0,1,0,1,3,1,48,5,1,2,0,0,0,1,200800069200B02,7,16,1,243800935
200800069242,2008-12-02,2008,décembre,mardi,15:30,63,63042,0,0,2,1,1,1,7,3,2,02,1,1,0,70,1,0,1,4,1,25,5,1,2,0,2,1,1,200800069242B02,10,15,1,246300701
200800069249,2008-12-01,2008,décembre,lundi,10:45,63,63201,45.955,3.396,1,1,7,1,2,3,2,01,1,1,0,0,2,0,1,4,1,64,5,3,0,13,0,0,1,200800069249A01,,,,200071199
200800069301,2008-12-18,2008,décembre,jeudi,18:45,55,55122,48.762,5.61,2,1,5,3,2,3,2,02,1,1,0,75,2,0,1,4,1,35,3,1,4,0,0,4,1,200800069301B02,7,1,1,200066157
200800069301,2008-12-18,2008,décembre,jeudi,18:45,55,55122,48.762,5.61,2,1,5,3,2,3,2,02,1,1,0,75,2,0,1,3,1,13,3,2,4,0,0,4,1,200800069301C03,7,1,1,200066157
200800069370,2008-12-21,2008,décembre,dimanche,14:30,51,51046,0,0,1,1,2,1,1,4,2,02,3,1,0,50,2,0,1,4,2,43,5,3,0,0,0,4,2,200800069370B02,7,2,1,200067213
200800069392,2008-12-19,2008,décembre,vendredi,18:30,10,10262,48.04,4.421,1,1,2,3,5,3,2,02,1,1,0,0,2,0,1,3,1,56,5,3,0,0,0,4,1,200800069392B02,31,1,1,200069003
200800069462,2008-12-08,2008,décembre,lundi,14:00,25,25439,0,0,1,1,7,1,8,3,2,00,1,1,0,40,7,0,1,3,1,70,5,1,2,0,0,0,1,200800069462A01,,,,242504447
200800069503,2008-12-06,2008,décembre,samedi,19:45,13,13100,0,0,2,1,6,3,1,3,2,02,1,1,0,68,1,0,3,3,1,43,5,3,0,2,0,1,1,200800069503A01,,,,241300375
200800069555,2008-12-08,2008,décembre,lundi,15:30,83,83107,0,0,1,6,3,1,7,3,4,02,1,-1,0,80,1,0,1,2,1,86,9,3,0,0,2,2,1,200800069555B02,7,9,1,200035319
200800069564,2008-12-13,2008,décembre,samedi,12:45,83,83112,0,0,2,1,1,1,1,4,1,01,1,-1,0,0,1,0,0,4,1,45,5,0,9,0,2,1,19,200800069564A01,7,1,1,248300394
200800069615,2008-12-07,2008,décembre,dimanche,10:45,34,34039,43.458,3.655,1,1,2,1,1,3,2,00,-1,3,0,72,1,0,0,2,1,47,5,1,4,0,0,4,1,200800069615B02,7,1,1,200066355
200800069750,2008-12-17,2008,décembre,mercredi,16:15,29,29233,0,0,2,6,3,1,1,3,1,01,1,2,0,65,1,5,1,3,2,15,5,1,9,0,2,8,2,200800069750B02,7,16,1,242900694
200800069840,2008-12-09,2008,décembre,mardi,20:15,38,38397,0,0,2,1,1,4,1,3,2,02,-1,1,0,0,1,5,1,3,1,59,1,1,2,0,0,1,1,200800069840B02,7,15,1,200018166
200800069857,2008-12-18,2008,décembre,jeudi,07:45,06,06018,0,0,1,1,7,1,1,4,2,02,2,2,0,40,1,0,1,3,1,29,1,3,0,6,0,1,1,200800069857A01,,,,240600585
200800069937,2008-12-11,2008,décembre,jeudi,19:15,83,83054,0,0,1,6,1,3,1,3,1,02,1,-1,0,0,1,5,1,3,1,45,1,1,4,0,2,1,1,200800069937B02,7,5,1,248300410
200800070001,2008-12-22,2008,décembre,lundi,13:20,76,76410,0,0,1,1,3,1,2,3,2,02,3,1,0,93,2,0,0,3,1,70,5,3,2,0,2,1,10,200800070001B01,7,10,1,200023414
200800070043,2008-12-23,2008,décembre,mardi,18:25,92,92051,0,0,2,1,6,5,1,2,-1,00,1,1,0,0,1,0,0,3,2,59,0,3,9,0,2,8,1,200800070043B01,14,2,1,200054781
200800070068,2008-12-04,2008,décembre,jeudi,07:30,31,31555,0,0,2,3,3,2,2,4,2,02,3,1,0,60,2,0,1,3,1,60,1,3,4,0,2,5,1,200800070068A01,7,15,1,243100518
200800070075,2008-12-05,2008,décembre,vendredi,17:45,31,31555,0,0,2,1,6,5,2,4,1,02,1,1,0,60,2,0,1,1,1,18,0,3,4,0,1,1,2,200800070075A01,,,,243100518
200800070078,2008-12-06,2008,décembre,samedi,14:05,31,31555,0,0,2,1,1,1,1,4,2,02,1,1,0,60,1,0,1,4,1,48,0,3,9,0,2,1,5,200800070078A01,7,16,1,243100518
200800070083,2008-12-04,2008,décembre,jeudi,08:30,31,31555,0,0,2,3,3,1,8,4,2,02,1,1,0,0,2,0,1,4,1,71,5,2,2,0,2,0,0,200800070083B01,7,15,1,243100518
200800070111,2008-12-17,2008,décembre,mercredi,07:30,31,31555,0,0,2,6,2,2,1,4,2,02,1,1,0,0,1,0,1,3,1,11,2,1,9,0,2,4,1,200800070111B01,99,16,1,243100518
200800070114,2008-12-18,2008,décembre,jeudi,11:40,31,31555,0,0,2,1,3,1,1,4,1,02,1,1,0,75,1,0,5,4,1,17,2,3,2,0,2,7,1,200800070114B01,7,9,1,243100518
200800070116,2008-12-19,2008,décembre,vendredi,20:55,31,31555,0,0,2,1,1,5,2,4,2,04,1,1,0,120,2,0,1,4,2,52,1,3,2,0,0,0,0,200800070116B01,7,0,1,243100518
200800070120,2008-12-21,2008,décembre,dimanche,11:30,31,31555,0,0,2,3,3,1,1,4,1,02,1,1,0,125,1,0,1,4,2,30,5,3,2,0,2,2,1,200800070120B01,7,15,1,243100518
200800070121,2008-12-21,2008,décembre,dimanche,12:25,31,31555,0,0,2,1,6,1,1,4,2,03,1,1,0,90,1,0,0,3,1,60,0,3,2,1,0,1,0,200800070121A01,,,,243100518
200800070133,2008-12-29,2008,décembre,lundi,23:50,31,31555,0,0,2,1,3,5,2,4,2,02,1,1,0,60,2,0,1,4,1,19,5,2,4,0,2,8,15,200800070133A01,7,17,1,243100518
200800070138,2008-12-12,2008,décembre,vendredi,13:35,35,35288,0,0,2,2,2,1,1,4,2,02,1,1,0,0,1,0,1,4,1,12,2,2,2,0,2,4,15,200800070138B01,2,17,1,243500782
200800070151,2008-12-19,2008,décembre,vendredi,08:10,59,59526,0,0,2,3,6,5,1,3,2,02,1,1,49,82,2,5,1,3,1,67,5,2,4,0,2,6,9,200800070151B01,7,2,1,200042190
200800070161,2008-12-24,2008,décembre,mercredi,15:15,90,90010,0,0,2,1,3,1,1,4,2,04,1,1,0,109,1,2,1,4,2,18,0,2,2,0,2,1,1,200800070161B01,7,12,1,200069052
200800070210,2008-12-07,2008,décembre,dimanche,13:55,03,03321,0,0,2,6,2,1,1,3,2,02,1,1,0,700,1,5,0,3,2,21,5,1,2,0,0,4,1,200800070210B01,7,9,1,200071140
200800070228,2008-12-12,2008,décembre,vendredi,13:20,06,06004,0,0,2,1,6,1,1,4,2,02,1,1,0,92,1,0,1,4,1,34,5,3,0,0,1,2,1,200800070228A01,,,,240600585
200800070231,2008-12-21,2008,décembre,dimanche,12:44,06,06004,0,0,2,1,5,1,1,3,2,02,1,1,0,50,1,0,5,4,1,61,5,1,2,0,2,3,1,200800070231B01,7,15,1,240600585
200800070231,2008-12-21,2008,décembre,dimanche,12:44,06,06004,0,0,2,1,5,1,1,3,2,02,1,1,0,50,1,0,5,4,1,53,5,1,2,0,2,3,1,200800070231C01,7,15,1,240600585
200800070327,2008-12-04,2008,décembre,jeudi,07:40,06,06088,0,0,2,1,3,1,1,4,2,03,3,1,0,0,1,0,1,4,1,42,1,3,4,0,2,1,2,200800070327B01,7,22,1,200030195
200800070408,2008-12-29,2008,décembre,lundi,09:45,10,10387,0,0,2,1,7,1,1,4,2,02,1,1,0,65,1,0,1,4,2,33,0,3,2,0,2,3,1,200800070408B01,7,17,1,200069250
200800070421,2008-12-06,2008,décembre,samedi,09:40,11,11262,0,0,2,1,6,1,1,4,2,02,1,1,0,0,1,0,0,4,1,14,0,1,2,0,0,0,0,200800070421B01,7,0,1,241100593
200800070424,2008-12-15,2008,décembre,lundi,06:45,11,11262,0,0,2,1,6,3,1,4,-1,02,1,-1,0,0,1,0,0,4,1,33,0,3,9,0,2,4,0,200800070424B01,7,0,1,241100593
200800070458,2008-12-09,2008,décembre,mardi,17:15,13,13004,0,0,2,1,3,5,1,4,2,02,1,1,0,76,2,0,1,3,1,44,1,3,0,0,2,1,1,200800070458B01,10,15,1,241300417
200800070490,2008-12-10,2008,décembre,mercredi,16:30,13,13055,0,0,2,2,3,3,2,4,1,01,2,1,70,25,2,0,1,4,1,28,0,1,4,0,2,1,0,200800070490A01,7,0,1,200054807
200800070573,2008-12-10,2008,décembre,mercredi,12:10,13,13055,0,0,2,3,3,1,3,4,1,02,2,1,0,110,2,0,1,4,1,15,5,3,2,0,2,8,15,200800070573A01,7,1,1,200054807