Num_Acc,date,an,mois,jour,hrmn,dep,com,lat,long,agg,int,col,lum,atm,catr,circ,nbv,prof,plan,lartpc,larrout,surf,infra,situ,grav,sexe,age,trajet,secuexist,equipement,obs,obsm,choc,manv,vehiculeid,typevehicules,manoeuvehicules,numVehicules,_infos_commune.code_epci
200800073065,2008-12-03,2008,décembre,mercredi,08:30,93,93048,0,0,2,2,1,1,2,4,2,02,1,1,0,0,1,5,1,3,1,24,1,3,9,0,2,1,13,200800073065A01,37,5,1,200054781
200800073069,2008-12-15,2008,décembre,lundi,11:45,93,93048,0,0,2,2,3,1,1,4,1,01,1,1,0,0,1,5,1,3,1,87,5,3,2,0,0,3,1,200800073069B01,7,2,1,200054781
200800073097,2008-12-27,2008,décembre,samedi,20:15,93,93055,0,0,2,1,5,3,1,9,2,00,1,4,0,30,1,0,5,3,1,30,0,3,9,0,2,1,1,200800073097B01,30,1,1,200054781
200800073097,2008-12-27,2008,décembre,samedi,20:15,93,93055,0,0,2,1,5,3,1,9,2,00,1,4,0,30,1,0,5,3,2,36,9,3,9,0,2,1,1,200800073097C01,30,1,1,200054781
200800073153,2008-12-26,2008,décembre,vendredi,10:45,93,93073,0,0,2,1,1,1,1,4,2,02,-1,-1,0,50,-1,0,1,4,1,59,0,1,2,0,2,1,1,200800073153B01,7,15,1,200054781
200800073164,2008-12-07,2008,décembre,dimanche,12:15,94,94071,0,0,2,1,2,1,1,3,1,01,1,-1,0,0,1,0,1,4,1,41,5,1,2,0,2,0,21,200800073164B01,10,0,1,200054781
200800073177,2008-12-02,2008,décembre,mardi,14:50,94,94044,0,0,2,3,3,1,1,4,2,02,-1,-1,0,0,-1,0,1,2,1,80,5,2,2,0,2,1,1,200800073177A01,7,15,1,200054781
200800073204,2008-12-21,2008,décembre,dimanche,17:20,94,94011,0,0,2,2,3,2,1,2,-1,02,1,1,0,30,1,0,5,4,2,38,0,3,2,0,0,1,2,200800073204B01,7,2,1,200054781
200800073233,2008-12-19,2008,décembre,vendredi,17:00,94,94021,0,0,2,3,3,5,1,3,2,02,-1,-1,0,0,-1,0,1,3,1,16,5,2,2,0,0,0,0,200800073233B01,10,0,1,200054781
200800073235,2008-12-23,2008,décembre,mardi,10:40,94,94021,0,0,2,2,3,1,8,4,2,02,1,1,0,0,2,0,1,4,1,54,0,1,2,0,2,0,1,200800073235B01,7,16,1,200054781
200800073252,2008-12-04,2008,décembre,jeudi,19:45,94,94052,0,0,2,3,1,5,2,4,2,02,1,1,0,60,2,0,1,4,1,31,5,1,2,0,2,1,14,200800073252B01,32,21,1,200054781
200800073268,2008-12-18,2008,décembre,jeudi,11:30,94,94068,0,0,2,1,3,1,2,4,1,01,1,1,0,60,2,0,1,4,1,63,5,3,9,0,2,8,1,200800073268B01,37,17,1,200054781
200800073321,2008-12-08,2008,décembre,lundi,20:05,95,95252,0,0,2,1,6,5,1,3,-1,02,1,-1,0,0,1,0,1,4,1,52,0,3,9,14,0,1,0,200800073321A01,,,,200058485
200800073323,2008-12-09,2008,décembre,mardi,17:40,95,95203,0,0,2,6,7,1,8,3,2,02,1,1,0,0,2,0,1,4,1,17,0,3,9,0,2,1,2,200800073323B01,7,2,1,200058485
200800073400,2008-12-01,2008,décembre,lundi,20:15,69,69383,0,0,2,1,6,5,8,4,2,03,1,1,0,0,2,0,1,4,1,31,5,2,2,0,2,1,1,200800073400B01,7,22,1,200046977
200800073410,2008-12-12,2008,décembre,vendredi,09:20,69,69386,0,0,2,1,3,1,1,4,1,01,1,1,0,0,1,0,5,4,2,43,1,1,9,1,2,1,1,200800073410B01,13,22,1,200046977
200800073435,2008-12-03,2008,décembre,mercredi,10:20,94,94017,0,0,2,1,6,1,2,4,-1,02,1,1,0,0,2,0,1,4,1,16,0,1,2,0,2,4,19,200800073435B01,7,1,1,200054781
200800073455,2008-12-01,2008,décembre,lundi,08:45,75,75110,0,0,2,3,3,1,8,4,2,05,1,1,0,50,2,0,1,4,1,20,5,3,2,0,2,1,7,200800073455B01,7,15,1,200054781
200800073459,2008-12-01,2008,décembre,lundi,13:15,75,75111,0,0,2,1,3,1,9,4,2,02,1,1,0,0,1,0,1,1,1,25,5,3,2,0,2,8,1,200800073459A01,30,1,1,200054781
200800073483,2008-12-07,2008,décembre,dimanche,07:20,75,75105,0,0,2,2,3,5,1,4,2,04,2,1,0,182,1,0,1,1,1,22,5,3,2,0,2,4,14,200800073483A01,1,7,1,200054781
200800073483,2008-12-07,2008,décembre,dimanche,07:20,75,75105,0,0,2,2,3,5,1,4,2,04,2,1,0,182,1,0,1,1,1,19,5,3,2,0,2,1,7,200800073483B01,1,14,1,200054781
200800073483,2008-12-07,2008,décembre,dimanche,07:20,75,75105,0,0,2,2,3,5,1,4,2,04,2,1,0,182,1,0,1,4,1,20,0,3,2,0,2,1,7,200800073483B01,1,14,1,200054781
200800073498,2008-12-02,2008,décembre,mardi,18:30,75,75103,0,0,2,3,3,5,2,4,1,01,1,1,0,35,2,0,0,4,2,61,5,3,2,0,2,1,17,200800073498B01,14,22,1,200054781
200800073500,2008-12-02,2008,décembre,mardi,17:50,75,75106,0,0,2,2,6,5,1,4,2,02,1,1,0,30,1,0,1,4,2,40,1,3,2,0,2,1,1,200800073500A01,30,1,1,200054781
200800073502,2008-12-02,2008,décembre,mardi,12:55,75,75108,0,0,2,1,3,1,1,4,1,00,1,-1,0,100,1,0,1,4,1,29,4,3,2,0,2,1,1,200800073502B01,7,22,1,200054781
200800073509,2008-12-02,2008,décembre,mardi,13:15,75,75112,0,0,2,2,6,2,1,4,2,00,1,1,0,0,1,0,1,4,1,46,1,3,2,14,0,1,1,200800073509A01,,,,200054781
200800073526,2008-12-08,2008,décembre,lundi,14:15,75,75104,0,0,2,2,3,1,1,4,1,03,1,1,0,123,1,0,1,4,1,17,0,3,2,0,2,7,17,200800073526B01,7,22,1,200054781
200800073527,2008-12-08,2008,décembre,lundi,11:35,75,75110,0,0,2,1,6,1,1,4,1,03,1,1,0,152,1,0,1,3,2,57,1,3,2,0,2,8,1,200800073527B01,13,14,1,200054781
200800073540,2008-12-08,2008,décembre,lundi,19:47,75,75119,0,0,2,1,6,5,1,4,3,01,1,1,0,120,1,0,5,4,1,25,9,3,2,8,1,3,1,200800073540A01,,,,200054781
200800073553,2008-12-06,2008,décembre,samedi,12:20,75,75114,0,0,2,3,3,1,1,4,1,02,1,-1,0,98,-1,0,1,4,2,31,5,3,2,0,2,2,7,200800073553A01,7,16,1,200054781
200800073554,2008-12-06,2008,décembre,samedi,11:30,75,75115,0,0,2,1,2,1,1,4,1,03,1,1,0,0,1,0,1,4,1,31,4,1,2,0,2,1,2,200800073554A01,1,2,1,200054781
200800073554,2008-12-06,2008,décembre,samedi,11:30,75,75115,0,0,2,1,2,1,1,4,1,03,1,1,0,0,1,0,1,1,1,32,4,1,2,0,2,4,2,200800073554B01,1,2,1,200054781
200800073577,2008-12-09,2008,décembre,mardi,22:55,75,75112,0,0,2,2,3,5,1,4,1,04,1,1,0,120,1,5,1,4,1,42,9,3,2,0,2,1,5,200800073577A01,7,1,1,200054781
200800073595,2008-12-09,2008,décembre,mardi,07:50,75,75117,0,0,2,1,3,2,1,4,2,00,1,1,0,98,1,0,1,3,1,48,1,3,2,0,2,1,1,200800073595B01,7,22,1,200054781
200800073604,2008-12-10,2008,décembre,mercredi,22:45,75,75109,0,0,2,2,3,5,1,4,1,01,1,1,20,50,1,0,1,4,1,28,5,3,2,0,2,7,1,200800073604A01,7,1,1,200054781
200800073605,2008-12-10,2008,décembre,mercredi,21:20,75,75110,0,0,2,2,3,5,1,4,1,01,2,1,0,50,1,2,1,1,2,40,0,1,2,0,2,0,1,200800073605B01,30,1,1,200054781
200800073607,2008-12-10,2008,décembre,mercredi,14:20,75,75111,0,0,2,1,6,1,1,4,2,03,1,1,0,150,1,0,5,4,2,24,1,3,2,0,2,2,7,200800073607B01,2,18,1,200054781
200800073608,2008-12-10,2008,décembre,mercredi,23:30,75,75111,0,0,2,2,3,5,1,4,2,02,2,-1,0,80,1,0,1,3,1,61,5,3,2,0,2,8,1,200800073608B01,7,1,1,200054781
200800073622,2008-12-10,2008,décembre,mercredi,00:05,75,75119,0,0,2,1,7,5,9,4,-1,01,1,2,0,100,7,0,4,4,1,34,1,3,2,0,0,0,1,200800073622A01,,,,200054781
200800073628,2008-12-11,2008,décembre,jeudi,16:20,75,75101,0,0,2,1,6,1,1,4,1,01,1,1,0,0,-1,0,1,4,1,29,0,3,2,1,2,4,11,200800073628B01,32,1,1,200054781
200800073666,2008-12-12,2008,décembre,vendredi,12:32,75,75120,0,0,2,3,2,1,1,4,2,03,2,1,0,72,1,0,1,1,2,37,5,3,2,0,2,8,1,200800073666B01,31,17,1,200054781
200800073705,2008-12-14,2008,décembre,dimanche,10:30,75,75119,0,0,2,1,3,1,2,4,1,01,1,1,10,150,2,0,1,4,1,85,3,3,2,0,2,1,19,200800073705B01,10,1,1,200054781
200800073719,2008-12-15,2008,décembre,lundi,15:00,75,75112,0,0,2,1,7,1,8,4,-1,01,1,1,0,100,1,0,5,4,2,44,5,3,2,0,0,0,1,200800073719A01,,,,200054781
200800073724,2008-12-15,2008,décembre,lundi,12:25,75,75114,0,0,2,1,3,1,1,4,1,01,-1,-1,0,35,1,0,0,4,1,88,9,3,2,0,2,1,18,200800073724A01,7,22,1,200054781
200800073729,2008-12-15,2008,décembre,lundi,21:55,75,75117,0,0,2,2,3,5,2,4,1,00,1,3,0,0,1,0,1,4,1,48,9,3,2,0,2,4,14,200800073729A01,7,1,1,200054781
200800073754,2008-12-03,2008,décembre,mercredi,18:15,75,75112,0,0,2,2,2,5,2,4,2,02,1,1,0,20,2,0,1,4,1,16,5,3,2,0,2,1,2,200800073754A01,7,23,1,200054781
200800073770,2008-12-16,2008,décembre,mardi,14:55,75,75102,0,0,2,4,3,1,1,4,1,03,1,1,0,40,1,0,1,4,2,56,1,3,2,0,2,1,7,200800073770A01,10,22,1,200054781
200800073787,2008-12-04,2008,décembre,jeudi,17:25,75,75102,0,0,2,1,3,2,2,4,1,03,1,-1,0,124,1,0,5,4,1,42,0,3,2,0,2,7,7,200800073787B01,10,12,1,200054781
200800073795,2008-12-04,2008,décembre,jeudi,09:00,75,75111,0,0,2,5,6,1,2,4,1,01,1,1,0,127,2,0,0,4,2,40,1,3,2,0,2,4,1,200800073795B01,7,22,1,200054781
200800073799,2008-12-04,2008,décembre,jeudi,08:38,75,75112,0,0,2,1,6,1,2,4,2,02,2,1,0,100,2,0,5,4,2,27,2,3,2,8,2,1,1,200800073799B01,7,22,1,200054781
200800073826,2008-12-05,2008,décembre,vendredi,19:40,75,75108,0,0,2,1,6,5,1,4,2,01,1,1,0,0,2,0,1,4,2,41,5,3,2,14,2,1,1,200800073826B01,7,22,1,200054781
200800073833,2008-12-05,2008,décembre,vendredi,16:00,75,75112,0,0,2,3,7,1,2,4,1,01,1,1,0,80,2,0,0,4,2,38,5,3,2,0,0,0,21,200800073833A01,,,,200054781
200800073883,2008-12-20,2008,décembre,samedi,18:20,75,75105,0,0,2,5,6,2,8,4,-1,01,1,-1,0,139,-1,2,5,4,2,38,5,3,2,14,1,8,1,200800073883A01,,,,200054781
200800073892,2008-12-20,2008,décembre,samedi,05:30,75,75118,0,0,2,1,6,3,1,4,1,01,1,1,0,150,1,0,1,4,1,17,5,3,2,1,0,1,13,200800073892A01,,,,200054781
200800073896,2008-12-21,2008,décembre,dimanche,14:25,75,75105,0,0,2,4,3,1,1,4,1,01,1,1,0,48,1,0,1,4,2,21,5,3,2,0,2,1,1,200800073896B01,7,16,1,200054781
200800073901,2008-12-21,2008,décembre,dimanche,09:25,75,75110,0,0,2,1,3,1,1,4,1,01,1,-1,0,80,1,0,1,4,1,11,3,3,2,0,2,1,1,200800073901B01,7,16,1,200054781
200800073915,2008-12-22,2008,décembre,lundi,09:45,75,75108,0,0,2,1,6,1,1,4,1,02,2,1,0,90,-1,0,1,4,1,89,4,3,2,0,1,7,1,200800073915A01,,,,200054781
200800073917,2008-12-22,2008,décembre,lundi,11:50,75,75109,0,0,2,1,6,1,1,4,1,01,1,1,0,0,1,0,4,1,2,29,4,3,2,0,1,6,1,200800073917A01,,,,200054781
200800073938,2008-12-19,2008,décembre,vendredi,15:20,75,75106,0,0,2,2,6,1,1,4,1,01,1,1,0,74,1,0,1,1,1,20,1,3,2,0,1,1,1,200800073938A01,,,,200054781
200800073941,2008-12-19,2008,décembre,vendredi,12:10,75,75108,0,0,2,5,3,1,1,4,1,02,1,1,0,160,1,0,1,4,2,63,5,3,2,0,2,2,1,200800073941A01,10,1,1,200054781
200800073943,2008-12-19,2008,décembre,vendredi,12:00,75,75109,0,0,2,1,3,1,8,4,1,03,1,1,0,100,2,0,1,4,1,42,5,3,2,0,2,7,1,200800073943B01,30,18,1,200054781
200800073948,2008-12-19,2008,décembre,vendredi,15:50,75,75111,0,0,2,3,3,1,1,4,2,02,2,1,120,100,1,0,1,4,2,49,5,3,2,0,2,8,1,200800073948B01,7,17,1,200054781
200800073964,2008-12-23,2008,décembre,mardi,02:40,75,75113,0,0,2,5,7,5,8,4,-1,01,1,2,0,250,2,0,1,4,2,27,5,3,2,0,0,0,1,200800073964A01,,,,200054781
200800073985,2008-12-24,2008,décembre,mercredi,08:40,75,75111,0,0,2,1,6,1,1,4,2,01,1,1,0,100,1,0,1,1,1,49,1,1,2,0,1,0,7,200800073985A01,,,,200054781
200800074010,2008-12-26,2008,décembre,vendredi,17:28,75,75101,0,0,2,2,3,5,1,4,1,04,1,1,4,121,1,0,1,4,1,64,5,3,2,0,2,8,19,200800074010B01,7,1,1,200054781
200800074053,2008-12-28,2008,décembre,dimanche,15:00,75,75119,0,0,2,1,3,1,1,4,2,02,1,1,63,50,1,0,1,4,1,2,0,3,2,0,2,5,19,200800074053B01,7,4,1,200054781
200800074053,2008-12-28,2008,décembre,dimanche,15:00,75,75119,0,0,2,1,3,1,1,4,2,02,1,1,63,50,1,0,1,1,2,29,5,3,2,0,2,5,19,200800074053B01,7,4,1,200054781
200800074073,2008-12-17,2008,décembre,mercredi,16:30,75,75104,0,0,2,5,3,1,2,4,1,01,1,1,0,150,2,0,0,4,1,16,2,3,2,0,2,1,7,200800074073B01,7,1,1,200054781
200800074090,2008-12-17,2008,décembre,mercredi,14:10,75,75112,0,0,2,1,3,1,2,4,2,02,1,1,0,90,2,0,1,4,2,37,5,3,2,0,2,1,1,200800074090B01,7,22,1,200054781
200800074091,2008-12-17,2008,décembre,mercredi,14:35,75,75112,0,0,2,1,2,1,2,4,2,03,1,1,0,100,2,0,1,4,2,65,5,3,2,0,2,4,15,200800074091B01,10,17,1,200054781
200800074141,2008-12-31,2008,décembre,mercredi,14:50,75,75113,0,0,2,2,3,1,8,4,2,02,1,1,0,87,1,0,1,4,2,57,5,3,2,0,2,1,19,200800074141A01,32,1,1,200054781
200800074496,2008-01-16,2008,janvier,mercredi,12:45,972,97217,0,0,1,1,3,1,1,3,2,02,1,1,0,67,1,0,1,2,1,19,5,3,0,0,0,8,19,200800074496B02,7,1,1,249720053
200800074503,2008-01-17,2008,janvier,jeudi,17:30,972,97201,0,0,1,1,7,2,1,4,2,00,-1,3,0,60,2,0,1,3,1,49,1,3,0,13,0,1,1,200800074503A01,,,,200041788
200800074509,2008-01-18,2008,janvier,vendredi,17:00,971,97131,0,0,1,1,1,1,1,4,2,02,-1,2,0,38,9,0,1,4,2,24,5,3,0,0,2,1,1,200800074509B02,7,13,1,249710070
200800074511,2008-01-10,2008,janvier,jeudi,09:00,971,97115,0,0,1,1,3,1,1,4,2,00,-1,1,0,0,1,0,1,3,1,58,5,3,0,0,2,8,15,200800074511B02,10,1,1,249710062
200800074513,2008-01-06,2008,janvier,dimanche,07:30,971,97129,0,0,2,1,1,1,1,2,2,02,2,4,70,0,1,0,1,2,1,50,5,1,2,0,2,1,1,200800074513B02,7,1,1,249710062
200800074523,2008-01-01,2008,janvier,mardi,16:30,973,97305,0,0,1,1,2,1,8,2,2,02,1,1,0,70,2,0,1,4,1,53,5,3,0,0,2,4,13,200800074523A01,7,17,1,249730045
200800074524,2008-01-06,2008,janvier,dimanche,09:45,973,97305,0,0,1,1,5,1,8,2,2,00,1,1,0,70,2,0,1,3,1,31,5,1,2,0,2,4,2,200800074524B02,7,2,1,249730045
200800074524,2008-01-06,2008,janvier,dimanche,09:45,973,97305,0,0,1,1,5,1,8,2,2,00,1,1,0,70,2,0,1,4,1,30,5,1,2,0,2,4,2,200800074524C03,7,2,1,249730045
200800074526,2008-01-12,2008,janvier,samedi,15:00,973,97306,0,0,1,1,3,1,1,2,2,02,1,1,0,68,1,0,1,4,1,59,5,3,0,0,2,3,15,200800074526B02,7,13,1,249730037
200800074530,2008-01-05,2008,janvier,samedi,19:15,974,97410,0,0,1,1,1,2,1,3,2,02,2,4,0,0,1,0,1,3,1,16,5,2,4,0,2,1,13,200800074530B02,7,1,1,249740093
200800074536,2008-01-23,2008,janvier,mercredi,13:45,974,97422,0,0,2,1,1,1,1,4,2,01,2,1,0,70,1,0,1,3,1,7,5,3,0,0,2,7,19,200800074536B02,7,4,1,249740085
200800074590,2008-01-12,2008,janvier,samedi,20:35,972,97209,0,0,1,1,1,4,1,4,2,02,1,1,0,55,1,0,1,4,1,22,0,3,2,0,2,1,1,200800074590A01,30,1,1,249720061
200800074602,2008-01-26,2008,janvier,samedi,19:15,972,97209,0,0,2,1,6,5,1,4,1,01,1,1,0,40,1,0,1,4,1,13,0,3,2,0,9,1,1,200800074602B01,30,1,1,249720061
200800074607,2008-01-30,2008,janvier,mercredi,10:13,972,97209,0,0,1,1,6,1,1,3,2,02,1,1,0,60,1,0,1,3,1,18,0,3,2,0,2,1,5,200800074607B01,7,1,1,249720061
200800074616,2008-01-13,2008,janvier,dimanche,17:40,972,97213,0,0,1,1,3,1,1,2,1,02,1,1,0,0,1,0,1,4,1,39,0,3,2,0,2,4,1,200800074616B01,7,0,1,249720061
200800074622,2008-01-25,2008,janvier,vendredi,17:15,972,97213,0,0,2,1,1,1,1,4,2,02,-1,-1,0,0,-1,0,1,4,1,15,0,2,2,0,2,1,1,200800074622B01,7,1,1,249720061
200800074624,2008-01-29,2008,janvier,mardi,07:15,972,97213,0,0,2,1,1,1,1,3,2,02,2,1,0,0,1,0,1,4,1,13,0,2,2,0,2,1,13,200800074624B01,7,1,1,249720061
200800074627,2008-01-01,2008,janvier,mardi,16:05,973,97302,0,0,2,1,1,1,1,3,2,02,1,1,0,113,1,0,1,4,1,17,0,3,9,0,9,1,0,200800074627A01,2,0,1,249730045
200800074628,2008-01-05,2008,janvier,samedi,18:40,973,97302,0,0,2,1,6,2,1,3,2,02,1,1,0,60,1,0,1,4,1,10,0,3,4,0,2,0,19,200800074628A01,7,1,1,249730045
200800074632,2008-01-10,2008,janvier,jeudi,08:22,973,97302,0,0,1,1,3,1,2,4,2,02,1,3,0,117,2,0,1,4,2,40,9,3,9,0,2,8,1,200800074632B01,7,1,1,249730045
200800074646,2008-01-23,2008,janvier,mercredi,10:10,973,97302,0,0,2,2,3,1,1,3,2,02,1,1,0,0,1,0,1,4,1,18,0,3,9,0,2,1,0,200800074646B01,7,0,1,249730045
200800074654,2008-01-28,2008,janvier,lundi,17:51,973,97302,0,0,2,3,6,1,1,3,2,02,1,-1,0,0,1,0,1,4,1,35,0,3,9,0,2,1,1,200800074654B01,7,15,1,249730045
200800074655,2008-01-29,2008,janvier,mardi,17:35,973,97302,0,0,2,1,2,1,1,4,1,01,1,1,0,73,1,0,1,4,1,16,3,3,9,0,2,4,5,200800074655A01,7,1,1,249730045
200800074655,2008-01-29,2008,janvier,mardi,17:35,973,97302,0,0,2,1,2,1,1,4,1,01,1,1,0,73,1,0,1,1,1,17,0,3,9,0,2,4,5,200800074655A01,7,1,1,249730045
200800074656,2008-01-29,2008,janvier,mardi,15:20,973,97302,0,0,2,1,3,1,1,3,2,02,1,1,0,80,1,0,1,4,1,38,0,3,9,0,2,0,1,200800074656B01,7,0,1,249730045
200800074661,2008-01-31,2008,janvier,jeudi,15:50,973,97302,0,0,2,1,3,1,1,4,2,02,1,1,0,0,1,0,1,4,1,17,0,3,9,0,2,1,0,200800074661B01,7,0,1,249730045
200800074663,2008-01-03,2008,janvier,jeudi,12:30,974,97407,0,0,2,3,3,1,1,4,1,01,1,1,0,30,1,0,0,4,1,5,5,2,9,0,2,1,1,200800074663A01,7,1,1,249740101
200800074670,2008-01-24,2008,janvier,jeudi,09:55,974,97407,0,0,2,6,3,1,1,4,2,02,1,1,0,75,1,0,0,4,1,12,5,3,9,0,2,1,9,200800074670A01,7,1,1,249740101
200800074673,2008-01-31,2008,janvier,jeudi,18:15,974,97407,0,0,2,1,3,2,2,4,2,02,1,1,0,65,2,0,4,4,1,9,3,3,9,0,9,1,1,200800074673A01,1,1,1,249740101
200800074680,2008-01-06,2008,janvier,dimanche,15:40,974,97411,0,0,2,3,3,1,1,4,2,04,1,1,0,124,1,0,1,2,1,14,0,2,2,0,2,1,16,200800074680A01,2,1,1,249740119
200800074697,2008-01-13,2008,janvier,dimanche,08:15,974,97411,0,0,1,1,3,1,1,3,2,02,2,2,0,60,1,0,1,4,1,46,5,3,9,0,2,8,10,200800074697A01,33,1,1,249740119
200800074702,2008-01-19,2008,janvier,samedi,10:35,974,97416,0,0,2,6,7,1,1,4,1,01,1,1,0,71,1,0,1,4,1,70,5,3,9,0,2,1,1,200800074702B01,37,1,1,249740077
200800074806,2008-02-10,2008,février,dimanche,10:30,971,97103,0,0,1,1,2,1,1,2,3,02,1,1,0,75,1,0,2,3,1,20,9,1,2,1,0,1,1,200800074806B02,7,23,1,200018653
200800074811,2008-02-05,2008,février,mardi,19:45,973,97304,0,0,2,1,3,5,2,4,2,02,1,1,0,55,2,0,1,3,2,8,5,3,0,0,2,7,1,200800074811B02,7,1,1,200027548
200800074826,2008-02-29,2008,février,vendredi,09:00,974,97404,0,0,1,1,1,1,1,2,3,02,1,1,0,68,1,0,1,2,1,63,5,3,0,0,2,0,15,200800074826B02,7,1,1,249740077
200800074884,2008-02-23,2008,février,samedi,19:40,972,97213,0,0,1,1,1,3,1,3,2,02,1,1,0,90,1,0,1,4,1,29,5,3,9,0,2,1,5,200800074884A01,7,1,1,249720061
200800074890,2008-02-01,2008,février,vendredi,16:15,973,97302,0,0,2,1,6,1,1,3,2,02,1,1,0,120,1,0,1,4,1,27,0,3,2,0,2,1,1,200800074890B01,7,24,1,249730045
200800074896,2008-02-16,2008,février,samedi,20:54,973,97302,0,0,1,1,3,5,1,3,2,02,1,1,0,72,1,0,1,4,1,42,0,3,2,1,2,0,1,200800074896B01,7,1,1,249730045
200800074902,2008-02-26,2008,février,mardi,07:35,973,97302,0,0,2,1,6,1,1,3,2,02,1,1,0,0,1,0,1,4,1,29,0,3,2,0,2,0,0,200800074902B01,7,0,1,249730045
200800074903,2008-02-27,2008,février,mercredi,07:08,973,97302,0,0,2,3,6,1,1,3,2,02,1,1,0,74,1,0,1,4,1,33,0,3,2,0,2,1,1,200800074903B01,7,15,1,249730045
200800074909,2008-02-28,2008,février,jeudi,13:30,973,97302,0,0,1,1,3,1,1,3,2,02,1,1,0,70,1,0,5,1,1,19,5,3,9,0,9,4,1,200800074909B01,2,1,1,249730045
200800074936,2008-02-27,2008,février,mercredi,17:35,974,97411,0,0,2,1,2,1,2,4,2,02,2,1,0,60,2,0,1,3,1,33,9,2,9,1,2,1,1,200800074936B01,14,24,1,249740119
200800075025,2008-03-05,2008,mars,mercredi,13:00,973,97302,0,0,2,1,6,1,1,3,2,02,1,1,0,0,1,0,1,4,1,38,0,3,2,0,9,1,0,200800075025A01,2,0,1,249730045
200800075028,2008-03-14,2008,mars,vendredi,14:20,973,97302,0,0,1,1,6,1,1,3,2,02,1,1,0,90,1,0,3,4,1,26,5,3,9,0,2,0,1,200800075028B01,7,1,1,249730045
200800075032,2008-03-12,2008,mars,mercredi,19:20,973,97302,0,0,1,1,6,4,1,4,2,00,1,1,0,57,1,0,1,4,1,16,0,3,2,0,2,0,1,200800075032B01,,,,249730045
200800075037,2008-03-14,2008,mars,vendredi,12:43,973,97302,0,0,2,1,3,1,1,3,-1,02,1,1,0,60,1,0,1,4,1,35,0,3,2,0,2,8,0,200800075037A01,7,0,1,249730045
200800075038,2008-03-22,2008,mars,samedi,16:50,973,97302,0,0,2,1,6,1,1,4,1,01,1,1,0,60,1,0,1,4,1,11,0,3,9,0,2,0,0,200800075038A01,7,0,1,249730045
200800075042,2008-03-30,2008,mars,dimanche,18:15,973,97302,0,0,2,3,2,1,1,4,1,01,1,1,0,45,1,0,1,4,1,19,0,3,2,0,0,0,0,200800075042A01,7,16,1,249730045
200800075043,2008-03-08,2008,mars,samedi,08:45,974,97407,0,0,2,1,2,1,1,4,2,02,1,1,0,55,1,0,1,4,1,27,5,2,9,0,2,1,1,200800075043A01,7,1,1,249740101
200800075046,2008-03-18,2008,mars,mardi,17:00,974,97407,0,0,2,6,3,1,1,3,3,01,1,1,35,58,1,0,0,4,1,27,1,2,9,0,2,1,1,200800075046B01,7,16,1,249740101
200800075117,2008-03-16,2008,mars,dimanche,09:15,971,97118,0,0,2,1,6,1,1,4,2,00,1,1,0,60,1,0,1,4,1,24,3,3,0,0,1,1,1,200800075117A01,,,,249710062
200800075131,2008-03-30,2008,mars,dimanche,19:45,973,97306,0,0,1,1,2,3,1,3,2,02,1,1,0,44,9,0,3,3,1,40,5,3,0,0,2,4,1,200800075131B02,7,14,1,249730037
200800075195,2008-03-23,2008,mars,dimanche,16:30,974,97416,0,0,2,1,1,1,1,4,-1,01,2,1,0,0,1,0,1,3,1,12,5,3,0,0,2,1,0,200800075195B02,7,15,1,249740077
200800075265,2008-04-16,2008,avril,mercredi,14:15,974,97410,0,0,1,1,1,1,1,3,2,02,2,3,0,50,1,0,1,4,1,23,5,3,0,0,2,1,13,200800075265A01,10,1,1,249740093
200800075267,2008-04-14,2008,avril,lundi,12:45,974,97420,0,0,1,1,1,1,1,2,3,04,-1,1,50,82,1,0,3,3,1,33,1,3,0,1,0,1,2,200800075267A01,14,24,1,249740119
200800075294,2008-04-28,2008,avril,lundi,16:30,971,97114,0,0,1,1,1,1,1,4,2,00,2,2,0,40,1,0,1,3,1,14,5,3,0,0,2,1,13,200800075294B02,7,0,1,249710062
200800075295,2008-04-29,2008,avril,mardi,19:15,971,97107,0,0,1,1,1,5,1,4,2,00,2,1,0,38,1,0,1,4,1,18,5,3,0,0,2,1,1,200800075295B02,7,15,1,249710070
200800075296,2008-04-25,2008,avril,vendredi,18:00,971,97107,0,0,1,1,1,1,1,2,2,02,1,1,0,76,1,0,1,3,1,33,5,3,0,0,2,8,9,200800075296A01,10,1,1,249710070
200800075298,2008-04-06,2008,avril,dimanche,10:15,971,97109,0,0,2,1,1,1,1,4,2,02,2,2,0,58,1,0,1,3,1,48,5,1,2,0,2,1,5,200800075298A01,7,1,1,249710070
200800075300,2008-04-30,2008,avril,mercredi,14:45,971,97132,0,0,2,1,1,1,1,4,2,02,2,4,0,46,1,0,1,3,2,13,5,2,2,1,0,1,5,200800075300B02,7,1,1,249710070
200800075312,2008-04-23,2008,avril,mercredi,19:00,972,97229,0,0,1,1,1,5,1,6,-1,00,2,1,0,0,1,0,1,3,1,14,5,3,0,0,2,1,17,200800075312B02,7,13,1,249720061
200800075336,2008-04-23,2008,avril,mercredi,06:45,974,97411,0,0,2,8,6,2,1,4,2,02,2,1,67,0,1,0,1,4,1,28,1,1,9,0,2,1,1,200800075336B01,7,11,1,249740119
200800075344,2008-04-20,2008,avril,dimanche,16:30,974,97411,0,0,1,1,1,1,1,4,2,02,2,2,0,0,1,0,1,4,1,20,5,1,2,0,2,1,1,200800075344A01,7,1,1,249740119