Num_Acc,date,an,mois,jour,hrmn,dep,com,lat,long,agg,int,col,lum,atm,catr,circ,nbv,prof,plan,lartpc,larrout,surf,infra,situ,grav,sexe,age,trajet,secuexist,equipement,obs,obsm,choc,manv,vehiculeid,typevehicules,manoeuvehicules,numVehicules,_infos_commune.code_epci
200800075350,2008-04-04,2008,avril,vendredi,05:10,971,97113,0,0,1,1,3,5,2,2,2,02,-1,-1,0,84,2,0,1,2,1,40,0,2,4,0,2,8,1,200800075350B01,7,1,1,200041507
200800075384,2008-04-30,2008,avril,mercredi,08:20,972,97209,0,0,2,1,6,1,1,4,2,02,1,1,0,60,1,0,1,1,1,42,5,3,2,0,1,1,2,200800075384A01,,,,249720061
200800075405,2008-04-11,2008,avril,vendredi,19:00,973,97302,0,0,1,1,1,5,1,4,2,02,1,1,0,60,1,0,1,3,1,12,5,3,9,0,2,1,5,200800075405A01,2,1,1,249730045
200800075423,2008-04-16,2008,avril,mercredi,14:25,974,97407,0,0,2,1,3,1,1,4,2,02,1,1,0,58,1,0,1,4,1,57,5,2,9,0,2,1,1,200800075423B01,7,4,1,249740101
200800075484,2008-03-08,2008,mars,samedi,14:10,974,97411,0,0,2,1,2,1,1,4,2,02,1,1,0,0,1,0,1,3,1,16,5,2,2,0,2,1,17,200800075484B01,7,10,1,249740119
200800075493,2008-03-12,2008,mars,mercredi,15:15,974,97411,0,0,2,3,3,1,1,4,2,02,1,1,0,0,1,0,0,4,1,16,5,3,9,0,2,1,1,200800075493B01,7,1,1,249740119
200800075503,2008-03-30,2008,mars,dimanche,15:20,974,97411,0,0,2,1,1,1,1,4,2,02,1,1,0,0,1,0,1,4,1,17,5,2,2,0,2,1,13,200800075503B01,7,1,1,249740119
200800075505,2008-03-27,2008,mars,jeudi,12:40,974,97411,0,0,2,1,6,1,1,4,2,02,1,1,0,0,1,0,1,1,1,18,9,2,2,0,1,1,1,200800075505A01,,,,249740119
200800075519,2008-05-25,2008,mai,dimanche,08:45,972,97231,0,0,2,1,1,1,1,3,2,02,2,2,0,0,1,0,1,4,1,46,5,1,2,0,0,1,0,200800075519B02,31,0,1,249720053
200800075537,2008-05-13,2008,mai,mardi,16:30,971,97112,0,0,1,1,1,1,1,4,2,01,2,2,0,0,1,0,1,3,1,14,5,3,0,0,2,1,13,200800075537A01,10,1,1,249710047
200800075541,2008-05-10,2008,mai,samedi,20:30,973,97312,0,0,2,1,1,5,1,9,2,00,-1,-1,0,70,1,0,1,3,1,13,5,3,0,0,2,3,16,200800075541B02,10,16,1,200027548
200800075553,2008-05-18,2008,mai,dimanche,14:30,974,97405,0,0,1,1,1,1,1,3,2,00,2,3,0,40,2,0,1,3,1,26,5,3,0,0,2,1,1,200800075553A01,7,1,1,249740077
200800075617,2008-05-19,2008,mai,lundi,15:35,971,97101,0,0,1,1,3,1,1,4,-1,00,1,-1,0,0,1,0,1,3,1,37,0,3,9,0,2,0,0,200800075617B01,7,0,1,200018653
200800075630,2008-05-05,2008,mai,lundi,22:45,972,97209,0,0,2,1,6,5,1,2,2,04,1,1,0,150,1,0,1,1,1,49,0,3,2,0,9,0,0,200800075630A01,31,0,1,249720061
200800075657,2008-05-22,2008,mai,jeudi,20:37,972,97213,0,0,1,1,6,3,1,3,2,02,1,1,0,90,1,0,1,4,1,45,5,3,4,0,9,8,1,200800075657B01,7,17,1,249720061
200800075666,2008-05-05,2008,mai,lundi,06:54,973,97302,0,0,2,2,2,2,1,3,2,02,1,1,0,112,1,0,1,4,1,34,0,3,9,0,2,1,1,200800075666B01,10,9,1,249730045
200800075699,2008-05-06,2008,mai,mardi,13:00,974,97411,0,0,2,1,6,1,1,4,2,02,1,1,0,57,1,0,1,4,1,16,5,2,2,0,0,8,1,200800075699B01,13,17,1,249740119
200800075763,2008-06-05,2008,juin,jeudi,20:30,971,97106,0,0,1,2,1,3,1,2,2,00,1,3,0,60,1,0,1,3,1,21,5,3,0,0,2,0,1,200800075763B02,2,13,1,249710070
200800075768,2008-06-27,2008,juin,vendredi,11:00,971,97114,0,0,1,1,1,1,1,4,2,00,-1,1,0,56,1,0,1,3,1,11,5,3,0,0,2,3,19,200800075768B02,7,1,1,249710062
200800075793,2008-06-21,2008,juin,samedi,10:15,974,97418,0,0,2,1,1,1,1,3,2,00,1,3,0,0,1,0,5,3,1,59,5,1,2,0,2,1,1,200800075793B02,7,15,1,249740119
200800075802,2008-06-03,2008,juin,mardi,16:45,974,97422,0,0,1,1,1,1,1,3,2,02,2,2,0,78,8,0,1,3,1,72,5,3,0,0,2,0,1,200800075802B02,7,17,1,249740085
200800075842,2008-06-03,2008,juin,mardi,15:45,973,97304,0,0,2,1,5,1,1,4,2,02,1,1,0,60,1,0,1,3,1,23,5,3,0,0,0,4,1,200800075842C03,7 / 30,2 / 1,2,200027548
200800075902,2008-06-20,2008,juin,vendredi,19:20,972,97213,0,0,1,1,6,3,1,2,2,02,-1,-1,0,0,-1,0,1,4,1,17,0,3,0,0,2,0,10,200800075902B01,33,1,1,249720061
200800075906,2008-06-02,2008,juin,lundi,16:50,973,97302,0,0,2,1,3,1,1,4,2,02,1,1,0,87,1,0,1,4,1,58,0,3,9,0,9,1,19,200800075906B01,2,1,1,249730045
200800075909,2008-06-09,2008,juin,lundi,08:00,973,97302,0,0,2,2,3,1,1,4,2,02,1,1,0,66,1,0,1,4,2,13,9,3,9,0,2,0,15,200800075909B01,3,19,1,249730045
200800075913,2008-06-12,2008,juin,jeudi,18:16,973,97302,0,0,2,2,6,1,1,4,2,00,1,1,0,71,1,0,1,4,2,33,9,3,2,0,2,1,1,200800075913C01,7,16 / 15,2,249730045
200800075916,2008-06-17,2008,juin,mardi,18:13,973,97302,0,0,2,1,6,2,1,3,2,00,1,1,0,71,1,0,1,4,1,14,9,3,9,0,2,8,1,200800075916B01,7,15,1,249730045
200800075921,2008-06-27,2008,juin,vendredi,17:10,973,97302,0,0,1,3,3,1,1,3,2,02,1,1,0,79,1,0,1,4,1,65,9,3,9,0,2,0,0,200800075921A01,2,1,1,249730045
200800076042,2008-07-16,2008,juillet,mercredi,18:30,972,97222,0,0,1,1,1,5,1,3,-1,02,2,3,0,61,1,0,1,4,1,16,5,3,0,0,2,1,13,200800076042B02,7,1,1,200041788
200800076046,2008-07-08,2008,juillet,mardi,14:30,971,97107,0,0,1,1,1,1,1,3,2,00,2,3,0,42,1,0,1,3,1,24,5,3,0,0,2,1,13,200800076046A01,7,1,1,249710070
200800076047,2008-07-06,2008,juillet,dimanche,10:00,971,97107,0,0,1,1,1,1,1,4,2,02,2,2,0,32,1,0,1,4,1,20,5,3,0,13,2,1,21,200800076047B02,7,1,1,249710070
200800076062,2008-07-12,2008,juillet,samedi,06:30,971,97117,0,0,1,1,5,1,7,2,2,02,1,1,0,70,1,5,1,3,1,34,5,1,2,0,2,8,1,200800076062B02,7,15,1,200044691
200800076062,2008-07-12,2008,juillet,samedi,06:30,971,97117,0,0,1,1,5,1,7,2,2,02,1,1,0,70,1,5,1,4,1,25,5,1,2,0,2,1,1,200800076062C03,7,15,1,200044691
200800076076,2008-07-13,2008,juillet,dimanche,10:15,973,97303,0,0,1,1,1,1,1,2,2,02,1,3,0,60,1,0,1,4,1,70,3,3,0,0,0,8,15,200800076076B02,7,1,1,200027548
200800076087,2008-07-31,2008,juillet,jeudi,16:30,974,97403,0,0,2,1,1,1,1,3,2,02,2,1,0,65,1,5,1,3,1,20,5,3,0,0,2,1,1,200800076087B02,10,15,1,249740085
200800076090,2008-07-09,2008,juillet,mercredi,15:45,974,97422,0,0,2,1,1,1,1,4,2,00,2,2,0,60,1,0,1,3,1,19,5,3,0,0,2,1,5,200800076090A01,10,1,1,249740085
200800076157,2008-07-18,2008,juillet,vendredi,18:30,971,97101,0,0,1,1,6,1,1,4,-1,00,1,1,0,0,1,0,1,3,1,6,0,1,2,0,2,0,0,200800076157B01,10,0,1,200018653
200800076185,2008-07-13,2008,juillet,dimanche,16:45,972,97213,0,0,1,1,6,1,1,2,2,02,2,3,0,90,1,0,1,4,1,20,9,1,2,0,2,1,1,200800076185B01,30,5,1,249720061
200800076200,2008-07-06,2008,juillet,dimanche,01:15,973,97302,0,0,2,1,3,5,1,3,2,02,1,-1,0,55,1,0,1,2,1,16,5,2,9,1,2,8,15,200800076200A01,7,1,1,249730045
200800076243,2008-07-10,2008,juillet,jeudi,13:00,974,97411,0,0,2,1,4,1,1,4,2,02,1,1,0,60,1,0,1,4,1,16,5,3,9,0,2,1,1,200800076243B01,7,15,1,249740119
200800076243,2008-07-10,2008,juillet,jeudi,13:00,974,97411,0,0,2,1,4,1,1,4,2,02,1,1,0,60,1,0,1,4,1,15,5,3,9,0,2,1,1,200800076243C01,7,15,1,249740119
200800076245,2008-07-19,2008,juillet,samedi,06:30,974,97411,0,0,2,3,2,1,1,4,2,02,1,1,0,60,1,0,1,4,2,60,5,3,9,0,9,4,2,200800076245B01,33,2,1,249740119
200800076249,2008-07-24,2008,juillet,jeudi,19:01,974,97411,0,0,2,3,3,5,1,4,2,02,2,-1,0,60,1,0,1,3,1,15,0,3,4,1,2,1,5,200800076249B01,7,2,1,249740119
200800076253,2008-07-30,2008,juillet,mercredi,16:00,974,97411,0,0,2,1,1,1,1,4,2,02,2,3,0,60,1,0,1,4,1,23,5,3,9,0,2,3,5,200800076253A01,7,1,1,249740119
200800076255,2008-07-31,2008,juillet,jeudi,12:20,974,97411,0,0,2,1,2,1,1,4,2,04,4,1,0,120,-1,0,1,4,1,24,5,3,9,1,2,1,2,200800076255B01,7,23,1,249740119
200800076268,2008-07-25,2008,juillet,vendredi,13:30,974,97416,0,0,2,1,2,1,1,4,1,02,1,1,0,60,1,0,1,3,1,31,0,3,9,0,2,1,1,200800076268B01,7,1,1,249740077
200800076318,2008-08-18,2008,août,lundi,05:45,972,97231,0,0,1,1,6,2,1,3,2,02,2,1,0,58,1,0,1,4,1,59,1,2,2,0,1,1,1,200800076318A01,,,,249720053
200800076351,2008-08-19,2008,août,mardi,19:30,973,97311,0,0,2,1,6,5,1,9,2,00,1,1,0,74,1,0,1,3,1,43,5,1,4,0,2,5,15,200800076351B02,2,1,1,249730037
200800076426,2008-08-25,2008,août,lundi,17:25,974,97407,0,0,2,1,3,1,1,4,1,01,1,1,0,70,1,0,1,4,2,15,5,2,9,0,2,8,1,200800076426B01,7,1,1,249740101
200800076449,2008-08-30,2008,août,samedi,17:50,974,97411,0,0,2,1,1,2,1,4,2,02,-1,-1,0,60,1,0,1,4,1,17,5,1,9,0,9,0,1,200800076449B01,30,1,1,249740119
200800076450,2008-08-01,2008,août,vendredi,16:30,974,97414,0,0,2,3,1,1,1,4,-1,02,1,1,0,80,1,0,0,3,1,18,5,3,9,0,2,1,11,200800076450A01,37,1,1,249740077
200800076450,2008-08-01,2008,août,vendredi,16:30,974,97414,0,0,2,3,1,1,1,4,-1,02,1,1,0,80,1,0,0,2,2,19,0,3,9,0,2,1,11,200800076450A01,37,1,1,249740077
200800076459,2008-08-30,2008,août,samedi,17:30,974,97414,0,0,2,1,6,1,1,4,1,01,1,1,0,60,1,0,1,4,1,30,5,3,2,0,2,1,1,200800076459B01,7,22,1,249740077
200800076488,2008-08-11,2008,août,lundi,18:45,971,97113,0,0,2,1,6,5,1,4,2,01,2,1,0,49,1,0,1,3,1,11,0,3,2,0,2,0,5,200800076488B01,2,5,1,200041507
200800076499,2008-08-30,2008,août,samedi,23:26,971,97101,0,0,2,1,3,5,1,4,2,02,1,1,0,0,1,0,1,3,1,17,0,2,4,1,2,7,1,200800076499A01,7,0,1,200018653
200800076513,2008-08-27,2008,août,mercredi,11:36,972,97209,0,0,2,1,7,1,1,4,1,01,1,1,0,30,1,0,1,3,1,13,0,3,2,0,0,0,0,200800076513A01,,,,249720061
200800076556,2008-08-25,2008,août,lundi,11:51,973,97302,0,0,2,3,3,1,1,4,2,02,1,1,0,59,1,0,1,4,1,8,9,3,2,0,2,1,15,200800076556A01,7,1,1,249730045
200800076578,2008-09-19,2008,septembre,vendredi,14:45,971,97128,0,0,1,1,3,1,1,3,2,00,1,1,0,45,1,0,1,3,1,37,5,3,0,0,2,1,1,200800076578A01,7,1,1,200041507
200800076595,2008-09-01,2008,septembre,lundi,17:15,974,97405,0,0,1,1,1,1,1,3,2,00,-1,1,0,69,1,0,1,2,1,23,5,1,2,0,2,1,13,200800076595A01,7,1,1,249740077
200800076641,2008-09-19,2008,septembre,vendredi,12:30,971,97105,0,0,2,1,3,1,2,3,2,02,1,1,0,82,2,0,1,4,1,19,5,3,9,0,2,8,13,200800076641B01,7,17,1,249710070
200800076690,2008-09-02,2008,septembre,mardi,16:55,973,97302,0,0,2,3,3,1,1,3,2,02,1,1,0,110,1,0,1,4,1,16,0,3,9,0,2,1,5,200800076690A01,10,23,1,249730045
200800076703,2008-09-17,2008,septembre,mercredi,06:00,973,97302,0,0,1,6,3,2,1,2,3,04,1,1,0,69,1,0,0,4,1,26,0,3,2,0,2,1,1,200800076703B01,7,9,1,249730045
200800076704,2008-09-20,2008,septembre,samedi,12:47,973,97302,0,0,2,1,2,1,1,4,2,02,1,1,0,90,1,0,1,4,1,23,9,3,4,0,2,4,1,200800076704B01,2,1,1,249730045
200800076705,2008-09-22,2008,septembre,lundi,20:15,973,97302,0,0,2,3,3,5,1,4,2,02,1,1,0,91,1,0,1,4,1,27,9,3,4,0,2,1,1,200800076705B01,7,15,1,249730045
200800076707,2008-09-20,2008,septembre,samedi,09:56,973,97302,0,0,2,1,3,1,1,3,2,02,1,1,0,120,1,0,1,4,1,40,0,3,9,0,2,1,1,200800076707B01,10,9,1,249730045
200800076710,2008-09-25,2008,septembre,jeudi,17:20,973,97302,0,0,2,3,3,1,1,3,2,00,1,1,0,95,1,0,1,1,1,17,9,3,9,0,2,1,15,200800076710A01,7,1,1,249730045
200800076713,2008-09-05,2008,septembre,vendredi,17:50,974,97407,0,0,2,3,3,1,1,4,1,01,1,1,0,40,1,0,0,4,2,10,4,2,9,0,2,1,9,200800076713A01,7,1,1,249740101
200800076714,2008-09-09,2008,septembre,mardi,21:30,974,97407,0,0,2,1,7,3,1,4,2,02,1,1,0,60,1,0,1,4,1,14,5,2,9,0,0,0,1,200800076714A01,,,,249740101
200800076723,2008-09-06,2008,septembre,samedi,12:10,974,97409,0,0,2,3,3,1,1,4,2,02,3,1,0,80,1,0,0,4,1,12,9,3,9,0,2,0,19,200800076723B01,7,1,1,249740093
200800076738,2008-09-15,2008,septembre,lundi,19:15,974,97411,0,0,2,1,3,5,1,4,1,02,2,1,0,60,1,0,1,3,1,20,5,2,4,0,2,7,19,200800076738B01,7,1,1,249740119
200800076798,2008-10-05,2008,octobre,dimanche,08:30,972,97205,0,0,2,1,1,3,1,2,2,00,2,3,0,104,1,0,1,3,1,15,5,3,0,0,2,5,5,200800076798B02,10,5,1,200041788
200800076802,2008-10-01,2008,octobre,mercredi,17:45,972,97232,0,0,1,1,1,2,1,4,2,02,2,2,0,45,1,0,1,3,1,15,5,3,0,0,2,1,13,200800076802A01,7,1,1,249720053
200800076885,2008-10-16,2008,octobre,jeudi,13:00,973,97309,0,0,1,2,3,1,1,2,2,02,1,1,0,70,1,0,1,2,1,11,9,3,0,0,2,8,1,200800076885B02,7,1,1,249730045
200800076896,2008-10-29,2008,octobre,mercredi,16:30,974,97498,0,0,1,1,3,1,1,4,2,00,1,1,0,60,1,5,1,3,1,53,5,1,2,0,2,1,15,200800076896A01,7,0,1,
200800076908,2008-10-10,2008,octobre,vendredi,07:50,971,97105,0,0,2,1,1,1,1,3,2,02,2,1,0,67,1,0,1,4,1,19,0,3,9,0,2,1,21,200800076908A01,7,1,1,249710070
200800076910,2008-10-04,2008,octobre,samedi,13:21,971,97107,0,0,2,7,1,1,1,4,2,00,1,1,0,0,-1,0,1,4,1,15,5,3,9,0,2,1,0,200800076910B01,7,0,1,249710070
200800076975,2008-10-10,2008,octobre,vendredi,07:05,973,97302,0,0,2,3,3,1,1,4,1,02,1,1,0,80,1,0,1,4,2,29,9,3,4,0,2,1,19,200800076975A01,7,1,1,249730045
200800076977,2008-10-14,2008,octobre,mardi,14:39,973,97302,0,0,1,6,3,1,1,2,3,04,1,1,0,80,1,0,1,4,1,18,0,3,9,0,2,1,5,200800076977A01,7,16,1,249730045
200800076980,2008-10-16,2008,octobre,jeudi,07:15,973,97302,0,0,2,1,3,1,1,3,2,02,1,1,0,80,1,0,1,4,2,17,2,3,4,0,2,0,15,200800076980B01,7,1,1,249730045
200800076987,2008-10-30,2008,octobre,jeudi,12:45,973,97302,0,0,2,1,3,1,1,3,2,02,1,1,0,70,1,0,1,4,2,13,9,3,4,0,2,1,15,200800076987A01,7,1,1,249730045
200800076994,2008-10-22,2008,octobre,mercredi,16:50,974,97407,0,0,2,6,3,1,1,4,2,01,1,1,0,71,1,5,1,4,1,51,0,3,9,0,2,1,1,200800076994B01,7,9,1,249740101
200800077027,2008-10-21,2008,octobre,mardi,20:00,974,97416,0,0,2,2,1,5,1,4,2,03,2,1,0,90,1,0,1,3,1,17,0,3,9,0,2,3,1,200800077027B01,2,15,1,249740077
200800077076,2008-11-08,2008,novembre,samedi,12:15,972,97225,0,0,2,1,6,1,1,2,1,01,1,1,0,0,1,0,1,1,1,33,5,3,0,0,1,1,1,200800077076A01,,,,200041788
200800077092,2008-11-11,2008,novembre,mardi,08:45,971,97125,0,0,1,1,5,1,1,3,2,02,1,1,0,62,1,0,1,3,1,59,5,1,2,0,0,4,0,200800077092B02,7,9,1,200041507
200800077092,2008-11-11,2008,novembre,mardi,08:45,971,97125,0,0,1,1,5,1,1,3,2,02,1,1,0,62,1,0,1,4,1,44,0,1,2,0,0,4,0,200800077092C03,7,9,1,200041507
200800077093,2008-11-11,2008,novembre,mardi,18:15,971,97125,0,0,1,1,6,3,1,3,2,00,-1,1,0,50,1,0,1,3,1,36,3,2,4,0,0,4,1,200800077093A01,7,0,1,200041507
200800077105,2008-11-24,2008,novembre,lundi,19:45,974,97418,0,0,2,1,2,3,1,4,2,02,3,3,0,65,1,3,1,2,1,32,5,3,0,0,2,4,2,200800077105B02,7,1,1,249740119
200800077155,2008-11-17,2008,novembre,lundi,08:00,973,97309,0,0,2,1,3,1,1,3,2,02,1,1,0,60,1,0,1,4,2,14,3,3,0,0,2,8,19,200800077155B02,7,1,1,249730045
200800077170,2008-11-05,2008,novembre,mercredi,17:45,971,97107,0,0,2,1,3,5,1,4,1,01,1,1,39,82,1,0,1,4,1,50,5,2,4,0,2,8,1,200800077170B01,33,1,1,249710070
200800077177,2008-11-10,2008,novembre,lundi,22:35,971,97101,0,0,2,1,3,3,1,3,-1,00,-1,-1,0,0,-1,0,1,3,1,18,0,3,9,0,2,7,9,200800077177B01,7,1,1,200018653
200800077223,2008-11-05,2008,novembre,mercredi,06:43,973,97302,0,0,2,4,3,1,1,3,3,02,1,1,0,44,1,0,1,3,1,13,2,3,9,0,2,1,15,200800077223A01,7,1,1,249730045
200800077225,2008-11-09,2008,novembre,dimanche,17:43,973,97302,0,0,2,3,3,1,1,4,1,02,1,1,0,58,1,0,1,4,2,16,9,3,2,0,2,5,15,200800077225A01,2,17,1,249730045
200800077231,2008-11-07,2008,novembre,vendredi,20:31,973,97302,0,0,1,1,3,5,1,3,2,02,1,1,0,70,1,0,1,4,1,51,0,3,2,0,2,1,15,200800077231A01,7,15,1,249730045
200800077250,2008-11-08,2008,novembre,samedi,13:45,974,97409,0,0,2,1,3,1,1,4,2,02,1,1,0,60,1,0,1,4,1,13,5,3,4,0,2,1,10,200800077250B01,7,2,1,249740093
200800077256,2008-11-09,2008,novembre,dimanche,07:00,974,97411,0,0,2,1,6,1,1,4,2,04,1,1,0,0,1,0,1,4,1,53,0,1,2,0,2,8,1,200800077256B01,7,1,1,249740119
200800077263,2008-11-21,2008,novembre,vendredi,13:40,974,97411,0,0,2,1,2,1,1,4,2,02,1,1,0,0,1,0,1,4,1,22,0,3,2,0,2,1,1,200800077263A01,7,1,1,249740119
200800077272,2008-11-25,2008,novembre,mardi,00:45,974,97416,0,0,2,1,6,5,1,4,1,02,2,1,0,60,1,0,1,4,1,20,9,3,9,0,2,1,19,200800077272A01,,,,249740077
200800077276,2008-11-25,2008,novembre,mardi,17:15,974,97407,0,0,2,1,7,1,1,4,2,02,1,1,0,72,1,0,1,4,1,9,5,2,9,0,0,0,1,200800077276A01,,,,249740101
200800077338,2008-12-21,2008,décembre,dimanche,09:30,973,97307,0,0,1,1,5,1,1,2,2,02,1,1,0,0,1,0,1,3,1,40,5,3,0,0,2,4,1,200800077338B02,7,1,1,249730045
200800077338,2008-12-21,2008,décembre,dimanche,09:30,973,97307,0,0,1,1,5,1,1,2,2,02,1,1,0,0,1,0,1,3,1,59,5,3,0,0,2,4,1,200800077338C03,7,1,1,249730045
200800077350,2008-12-14,2008,décembre,dimanche,10:30,974,97420,0,0,1,1,1,1,1,2,3,04,1,-1,0,70,1,0,2,3,1,49,5,3,0,0,0,4,1,200800077350B02,30,1,1,249740119
200800077352,2008-12-03,2008,décembre,mercredi,16:30,974,97410,0,0,1,1,1,1,1,4,2,02,2,3,0,34,1,0,1,2,1,18,5,3,0,0,2,1,1,200800077352A01,20,1,1,249740093
200800077363,2008-12-14,2008,décembre,dimanche,08:00,974,97468,0,0,1,1,3,1,1,2,2,00,1,1,0,0,1,0,5,3,2,44,5,3,0,0,2,7,1,200800077363B02,7,16,1,
200800077418,2008-12-03,2008,décembre,mercredi,21:00,974,97415,0,0,2,1,1,5,1,3,2,02,4,1,0,66,1,0,1,3,1,20,5,3,0,0,2,1,1,200800077418B02,7,17,1,249740101
200800077418,2008-12-03,2008,décembre,mercredi,21:00,974,97415,0,0,2,1,1,5,1,3,2,02,4,1,0,66,1,0,1,3,1,17,0,3,0,0,2,1,1,200800077418B02,7,17,1,249740101
200800077421,2008-12-21,2008,décembre,dimanche,14:55,971,97107,0,0,2,1,1,1,1,4,2,01,1,3,0,47,1,0,1,4,1,23,5,3,9,0,2,1,0,200800077421B01,3,13,1,249710070
200800077440,2008-12-29,2008,décembre,lundi,10:30,971,97120,0,0,1,1,3,1,1,2,3,02,1,1,0,0,1,0,1,3,1,41,0,3,2,0,0,0,0,200800077440B01,7,0,1,200018653
200800077497,2008-12-27,2008,décembre,samedi,23:30,973,97302,0,0,2,1,1,5,3,4,2,02,1,1,0,76,2,0,1,4,1,21,9,3,4,0,2,1,16,200800077497B01,7,15,1,249730045
200800077502,2008-12-24,2008,décembre,mercredi,18:26,973,97302,0,0,2,3,3,1,3,4,2,02,1,-1,0,0,2,0,1,4,1,13,0,3,9,0,2,1,9,200800077502A01,10,15,1,249730045
200800077510,2008-12-09,2008,décembre,mardi,17:34,973,97302,0,0,1,3,6,1,1,4,2,02,2,1,0,100,1,0,1,1,1,24,9,3,4,0,1,1,1,200800077510A01,,,,249730045
200800077510,2008-12-09,2008,décembre,mardi,17:34,973,97302,0,0,1,3,6,1,1,4,2,02,2,1,0,100,1,0,1,4,1,54,9,3,0,0,1,1,1,200800077510A01,,,,249730045
200800077520,2008-12-15,2008,décembre,lundi,08:26,973,97302,0,0,1,3,3,1,1,3,2,02,1,1,0,105,1,0,1,4,2,15,0,3,9,0,2,8,1,200800077520B01,10,16,1,249730045
200800077528,2008-12-02,2008,décembre,mardi,18:35,974,97407,0,0,2,1,6,5,1,4,2,02,1,1,0,75,1,0,1,1,1,19,5,2,4,0,1,1,1,200800077528A01,,,,249740101
200800077541,2008-12-23,2008,décembre,mardi,15:50,974,97409,0,0,1,1,2,1,2,2,3,04,1,1,30,160,2,0,1,4,1,16,1,3,4,0,2,4,2,200800077541B01,7,12,1,249740093
200800077558,2008-12-19,2008,décembre,vendredi,17:45,974,97411,0,0,2,1,1,1,1,4,2,02,1,2,0,0,1,0,1,4,1,20,0,1,4,0,2,1,0,200800077558B01,2,0,1,249740119
200900000011,2009-01-23,2009,janvier,vendredi,14:00,44,44154,0.00004,NaN,2,6,1,1,1,4,1,00,2,2,0,0,1,0,1,4,1,37,0,3,1,12,2,8,1,200900000011B02,14,12,1,244400586
200900000039,2009-01-26,2009,janvier,lundi,14:20,75,75107,0,0,2,1,3,1,1,4,1,01,1,1,0,75,1,0,1,4,1,64,4,3,2,0,2,1,1,200900000039B01,10,22,1,200054781
200900000040,2009-01-11,2009,janvier,dimanche,15:30,75,75101,0,0,2,3,3,1,1,4,1,03,1,1,0,200,1,0,1,4,1,26,0,3,2,0,2,4,16,200900000040A01,33,1,1,200054781
200900000054,2009-01-31,2009,janvier,samedi,12:15,75,75113,0,0,2,3,7,1,1,4,1,03,1,-1,0,106,1,0,1,4,1,35,0,3,2,0,0,0,21,200900000054A01,,,,200054781
200900000123,2009-01-21,2009,janvier,mercredi,09:10,75,75106,0,0,2,1,7,1,1,4,1,04,1,1,32,0,1,0,1,4,2,55,1,3,9,12,0,0,0,200900000123A01,,,,200054781
200900000125,2009-01-28,2009,janvier,mercredi,07:15,75,75108,0,0,2,5,3,2,1,4,1,02,1,1,0,0,1,0,1,4,1,39,1,3,2,0,2,4,1,200900000125A01,7,1,1,200054781
200900000160,2009-01-04,2009,janvier,dimanche,12:40,75,75105,0,0,2,2,6,1,1,4,2,04,1,1,0,109,1,0,5,1,2,24,5,3,2,0,1,1,7,200900000160A01,,,,200054781
200900000167,2009-01-23,2009,janvier,vendredi,17:45,75,75119,0,0,2,1,3,5,8,4,1,02,1,1,0,0,1,0,1,4,1,29,4,1,2,0,2,1,17,200900000167B01,7,22,1,200054781
200900000169,2009-01-21,2009,janvier,mercredi,12:35,75,75111,0,0,2,1,3,1,1,4,1,01,1,1,0,80,1,0,1,4,2,39,1,1,2,1,0,7,1,200900000169B01,7,22,1,200054781
200900000171,2009-01-30,2009,janvier,vendredi,09:50,75,75112,0,0,2,1,7,1,1,4,1,01,1,1,0,30,7,0,1,4,1,35,1,3,2,0,0,0,1,200900000171A01,,,,200054781
200900000182,2009-01-07,2009,janvier,mercredi,09:00,75,75114,0,0,2,1,3,1,9,4,1,02,-1,-1,0,140,9,0,1,3,2,47,0,3,2,0,2,3,11,200900000182B01,31,1,1,200054781
200900000200,2009-01-29,2009,janvier,jeudi,19:43,75,75106,0,0,2,1,3,5,1,4,2,02,1,1,0,64,1,0,1,4,2,29,4,3,2,0,2,1,1,200900000200B01,7,22,1,200054781
200900000202,2009-01-22,2009,janvier,jeudi,01:00,75,75110,0,0,2,2,3,5,1,4,1,04,1,1,110,100,1,0,1,4,1,31,5,3,2,0,2,2,15,200900000202B01,30,1,1,200054781
200900000205,2009-01-14,2009,janvier,mercredi,09:50,75,75112,0,0,2,1,3,1,2,4,-1,00,1,1,0,0,2,0,4,4,2,35,1,3,2,0,2,1,1,200900000205A01,7,9,1,200054781
200900000217,2009-01-12,2009,janvier,lundi,17:05,75,75112,0,0,2,2,3,4,2,4,1,02,1,1,20,121,1,0,1,4,1,33,5,3,2,0,2,8,1,200900000217A01,37,10,1,200054781
200900000227,2009-01-16,2009,janvier,vendredi,11:15,75,75116,0,0,2,1,3,1,1,4,2,02,2,1,0,60,6,0,1,4,1,33,1,3,2,0,2,3,15,200900000227B01,32,17,1,200054781
200900000228,2009-01-12,2009,janvier,lundi,17:40,75,75112,0,0,2,4,1,2,1,4,2,02,1,1,0,0,2,0,1,4,1,67,3,3,2,0,2,7,1,200900000228B01,33,5,1,200054781
200900000233,2009-01-29,2009,janvier,jeudi,16:45,75,75118,0,0,2,1,6,1,1,4,2,02,2,1,0,80,1,0,1,4,2,44,0,1,2,0,2,7,1,200900000233B01,7,22,1,200054781
200900000255,2009-01-16,2009,janvier,vendredi,07:40,75,75109,0,0,2,2,3,1,1,4,1,02,2,1,0,0,-1,0,1,3,1,56,1,3,2,0,2,2,1,200900000255A01,7,1,1,200054781
200900000268,2009-01-13,2009,janvier,mardi,17:00,75,75115,0,0,2,3,7,5,2,4,-1,01,1,3,0,40,2,0,5,4,1,33,9,1,2,0,0,0,16,200900000268A01,,,,200054781