Num_Acc,date,an,mois,jour,hrmn,dep,com,lat,long,agg,int,col,lum,atm,catr,circ,nbv,prof,plan,lartpc,larrout,surf,infra,situ,grav,sexe,age,trajet,secuexist,equipement,obs,obsm,choc,manv,vehiculeid,typevehicules,manoeuvehicules,numVehicules,_infos_commune.code_epci
200900002627,2009-04-04,2009,avril,samedi,07:30,75,75111,0,0,2,2,3,1,1,4,2,01,1,1,0,140,1,0,1,4,1,32,5,3,2,0,2,0,15,200900002627A01,7,17,1,200054781
200900002639,2009-04-04,2009,avril,samedi,23:25,75,75114,0,0,2,1,3,5,1,4,1,02,1,1,0,75,1,0,1,4,1,17,0,3,2,0,2,5,13,200900002639B01,37,17,1,200054781
200900002645,2009-04-03,2009,avril,vendredi,13:30,75,75115,0,0,2,1,7,1,1,4,3,01,2,1,0,10,1,0,5,4,2,53,0,3,2,0,0,0,1,200900002645A01,,,,200054781
200900002654,2009-04-03,2009,avril,vendredi,17:10,75,75119,0,0,2,1,3,1,1,4,2,02,1,1,0,0,1,0,1,4,2,14,0,3,2,0,2,7,19,200900002654B01,10,1,1,200054781
200900002662,2009-04-03,2009,avril,vendredi,07:50,75,75120,0,0,2,1,6,1,1,4,1,01,1,1,0,95,1,0,5,4,2,49,1,1,2,0,2,2,1,200900002662A01,30,9,1,200054781
200900002679,2009-04-02,2009,avril,jeudi,14:10,75,75118,0,0,2,2,6,1,1,4,1,02,1,1,0,30,1,0,1,1,1,54,0,3,2,0,1,1,1,200900002679A01,,,,200054781
200900002682,2009-04-02,2009,avril,jeudi,14:49,75,75106,0,0,2,2,3,1,1,4,2,02,1,1,160,160,1,0,1,1,2,27,0,3,2,0,2,1,15,200900002682A01,32,1,1,200054781
200900002695,2009-04-02,2009,avril,jeudi,21:43,75,75111,0,0,2,1,6,5,1,4,1,01,1,1,0,35,1,0,1,4,2,38,5,3,2,0,2,6,15,200900002695A01,32,17,1,200054781
200900002702,2009-04-01,2009,avril,mercredi,08:55,75,75112,0,0,2,2,3,1,1,4,-1,01,1,-1,0,95,1,0,0,4,1,49,1,3,2,0,2,5,1,200900002702A01,7,1,1,200054781
200900002740,2009-04-07,2009,avril,mardi,00:45,75,75111,0,0,2,5,3,5,2,4,1,01,1,-1,120,60,2,0,1,4,2,31,5,3,2,0,2,2,1,200900002740A01,32,1,1,200054781
200900002748,2009-04-07,2009,avril,mardi,09:40,75,75112,0,0,2,1,6,1,2,4,2,02,1,2,0,90,2,0,1,1,1,46,5,3,2,0,1,1,1,200900002748A01,,,,200054781
200900002766,2009-04-07,2009,avril,mardi,18:00,75,75109,0,0,2,2,3,1,1,4,1,01,2,1,0,90,1,0,1,4,1,19,0,3,2,0,2,1,5,200900002766A01,10,15,1,200054781
200900002769,2009-04-07,2009,avril,mardi,19:30,75,75103,0,0,2,5,2,1,1,4,1,02,1,1,0,70,1,0,1,4,1,39,0,3,2,0,2,2,21,200900002769A01,14,23,1,200054781
200900002787,2009-04-08,2009,avril,mercredi,10:55,75,75118,0,0,2,2,3,1,2,4,2,04,1,1,0,100,2,0,1,4,1,60,5,3,2,0,2,5,19,200900002787B01,32,1,1,200054781
200900002794,2009-04-08,2009,avril,mercredi,13:12,75,75101,0,0,2,1,2,1,1,4,1,01,1,1,0,60,1,0,1,4,2,32,4,3,2,0,2,1,2,200900002794A01,7,23,1,200054781
200900002800,2009-04-08,2009,avril,mercredi,16:40,75,75108,0,0,2,3,3,1,1,4,2,02,2,1,0,120,1,0,1,4,1,15,5,3,2,0,2,1,1,200900002800B01,10,10,1,200054781
200900002808,2009-04-09,2009,avril,jeudi,07:20,75,75112,0,0,2,3,3,1,1,4,1,01,1,1,10,70,1,0,1,4,1,53,1,3,2,0,2,1,1,200900002808A01,10,15,1,200054781
200900002811,2009-04-09,2009,avril,jeudi,09:00,75,75112,0,0,2,1,3,1,1,4,1,01,1,1,0,120,1,0,5,4,1,52,1,1,2,0,2,1,1,200900002811B01,7,16,1,200054781
200900002833,2009-04-09,2009,avril,jeudi,23:15,75,75101,0,0,2,1,6,5,1,4,2,05,1,1,0,196,1,2,1,3,2,30,0,3,2,0,2,5,7,200900002833B01,33,7,1,200054781
200900002834,2009-04-09,2009,avril,jeudi,23:55,75,75119,0,0,2,1,3,5,1,4,1,02,1,1,0,0,1,0,5,4,2,28,0,3,2,0,2,0,5,200900002834B01,7,20,1,200054781
200900002837,2009-04-11,2009,avril,samedi,10:00,75,75119,0,0,2,4,3,1,1,4,1,01,1,1,0,0,1,0,5,4,1,39,5,3,2,0,2,1,1,200900002837B01,7,1,1,200054781
200900002849,2009-04-11,2009,avril,samedi,17:15,75,75116,0,0,2,2,3,1,1,4,2,01,1,2,0,60,1,0,1,4,2,23,5,3,2,0,2,1,1,200900002849B01,7,1,1,200054781
200900002861,2009-04-12,2009,avril,dimanche,13:30,75,75116,0,0,2,5,7,1,1,4,1,01,2,1,150,150,1,0,1,4,1,41,5,1,2,0,0,0,1,200900002861A01,,,,200054781
200900002862,2009-04-12,2009,avril,dimanche,15:20,75,75111,0,0,2,1,3,1,1,4,2,01,2,1,0,0,1,0,1,3,1,34,0,3,2,0,2,7,10,200900002862B01,33,1,1,200054781
200900002865,2009-04-12,2009,avril,dimanche,22:47,75,75101,0,0,2,1,6,5,1,4,1,04,1,1,0,200,1,0,1,4,2,31,0,3,2,14,0,0,13,200900002865A01,,,,200054781
200900002866,2009-04-12,2009,avril,dimanche,13:30,75,75117,0,0,2,3,7,1,1,4,2,03,2,1,0,100,1,0,1,4,2,38,5,3,2,0,0,1,1,200900002866A01,,,,200054781
200900002868,2009-04-14,2009,avril,mardi,09:00,75,75112,0,0,2,2,6,1,1,4,2,02,1,1,0,0,1,0,1,4,2,18,2,3,2,12,2,0,1,200900002868A01,7,17,1,200054781
200900002870,2009-04-14,2009,avril,mardi,11:06,75,75114,0,0,2,4,3,1,1,4,1,02,-1,-1,0,130,1,0,1,4,1,62,5,1,2,0,2,1,15,200900002870B01,7,17,1,200054781
200900002872,2009-04-14,2009,avril,mardi,13:15,75,75119,0,0,2,1,3,1,1,4,2,02,2,1,0,98,1,0,1,4,2,34,0,3,2,1,2,1,1,200900002872B01,7,22,1,200054781
200900002874,2009-04-14,2009,avril,mardi,15:15,75,75112,0,0,2,1,3,1,8,4,2,03,1,1,7,100,1,0,5,4,2,54,5,3,2,0,2,1,1,200900002874B01,7,15,1,200054781
200900002896,2009-04-13,2009,avril,lundi,19:25,75,75104,0,0,2,3,6,1,1,4,-1,02,1,1,40,152,1,0,1,4,2,67,5,3,9,0,2,8,2,200900002896B01,7,0,1,200054781
200900002922,2009-04-21,2009,avril,mardi,15:20,75,75111,0,0,2,2,3,1,1,4,1,00,1,-1,0,0,1,5,1,4,1,62,0,2,4,0,2,8,2,200900002922B01,10,2,1,200054781
200900002962,2009-04-10,2009,avril,vendredi,10:20,75,75111,0,0,2,1,7,1,1,4,2,01,1,1,0,50,1,0,1,4,2,45,1,3,2,0,0,7,1,200900002962A01,,,,200054781
200900002969,2009-04-10,2009,avril,vendredi,15:40,75,75103,0,0,2,5,3,1,1,4,2,04,-1,1,28,174,1,0,1,4,1,25,4,1,2,0,2,5,10,200900002969B01,7,1,1,200054781
200900002972,2009-04-10,2009,avril,vendredi,16:20,75,75101,0,0,2,1,7,1,1,4,-1,01,1,-1,0,20,1,0,5,4,1,61,5,3,2,0,0,0,1,200900002972A01,,,,200054781
200900002990,2009-04-19,2009,avril,dimanche,17:50,75,75118,0,0,2,1,3,1,1,4,1,01,1,1,0,35,1,0,1,4,1,34,0,3,9,1,0,1,1,200900002990B01,7,22,1,200054781
200900003003,2009-04-18,2009,avril,samedi,17:55,75,75113,0,0,2,3,3,1,2,4,3,00,1,1,0,0,2,0,1,4,2,33,4,3,2,0,2,3,1,200900003003B01,7,15,1,200054781
200900003009,2009-04-18,2009,avril,samedi,19:56,75,75115,0,0,2,1,3,5,2,4,2,04,1,1,0,140,1,0,1,4,1,31,5,3,2,0,2,2,1,200900003009B01,7,22,1,200054781
200900003018,2009-04-17,2009,avril,vendredi,15:25,75,75111,0,0,2,2,3,1,8,4,1,01,1,1,0,40,1,0,5,4,2,27,5,2,9,0,0,7,1,200900003018A01,33,1,1,200054781
200900003028,2009-04-17,2009,avril,vendredi,08:40,75,75113,0,0,2,1,7,1,1,4,1,03,1,1,1,86,1,0,1,4,1,42,1,1,2,0,0,0,1,200900003028A01,,,,200054781
200900003048,2009-04-25,2009,avril,samedi,18:10,75,75106,0,0,2,1,3,1,1,4,2,00,2,1,0,0,1,0,1,4,1,29,0,2,9,0,2,1,1,200900003048B01,7,22,1,200054781
200900003061,2009-04-22,2009,avril,mercredi,11:55,75,75105,0,0,2,1,7,1,1,4,1,02,1,1,14,154,1,0,5,4,1,35,1,3,9,0,0,3,21,200900003061A01,,,,200054781
200900003065,2009-04-22,2009,avril,mercredi,14:30,75,75110,0,0,2,1,3,1,1,4,1,01,1,1,0,30,1,0,1,4,1,29,4,1,4,1,0,1,1,200900003065A01,7,22,1,200054781
200900003073,2009-04-22,2009,avril,mercredi,19:00,75,75108,0,0,2,1,2,1,1,4,2,00,1,1,0,0,1,0,1,4,1,38,0,3,9,0,2,1,2,200900003073A01,7,2,1,200054781
200900003075,2009-04-22,2009,avril,mercredi,19:55,75,75111,0,0,2,1,2,2,1,4,1,00,1,1,0,62,1,0,1,4,2,37,5,3,9,0,0,8,0,200900003075B01,7,17,1,200054781
200900003076,2009-04-22,2009,avril,mercredi,20:20,75,75116,0,0,2,2,3,1,1,4,2,04,1,1,0,0,1,0,1,4,2,56,0,2,9,0,0,6,0,200900003076B01,10,1,1,200054781
200900003090,2009-04-20,2009,avril,lundi,17:20,75,75109,0,0,2,1,3,1,1,4,1,01,1,1,0,50,1,0,1,3,2,30,4,3,2,0,2,1,18,200900003090B01,7,22,1,200054781
200900003097,2009-04-20,2009,avril,lundi,20:30,75,75113,0,0,2,1,6,2,1,4,1,02,2,1,0,0,1,0,5,4,1,27,5,1,2,0,5,1,1,200900003097A01,,,,200054781
200900003114,2009-04-23,2009,avril,jeudi,16:45,75,75116,0,0,2,2,6,1,1,4,2,02,1,1,0,50,1,0,1,4,1,48,0,3,2,0,2,1,9,200900003114A01,7,1,1,200054781
200900003119,2009-04-23,2009,avril,jeudi,18:25,75,75115,0,0,2,4,3,1,1,4,1,00,1,-1,0,145,1,0,0,4,2,37,9,3,2,0,2,1,1,200900003119B01,7,16,1,200054781
200900003138,2009-04-24,2009,avril,vendredi,12:00,75,75105,0,0,2,1,3,1,1,4,2,01,1,1,20,84,1,0,1,3,2,64,5,1,2,0,2,3,19,200900003138B01,32,1,1,200054781
200900003149,2009-04-24,2009,avril,vendredi,15:55,75,75115,0,0,2,1,6,1,1,4,2,02,1,1,20,60,2,0,1,1,1,38,4,1,2,0,1,1,1,200900003149A01,,,,200054781
200900003151,2009-04-24,2009,avril,vendredi,16:35,75,75108,0,0,2,1,6,1,1,4,1,00,1,1,0,140,1,0,1,1,1,29,4,1,2,0,1,1,1,200900003151A01,,,,200054781
200900003156,2009-04-24,2009,avril,vendredi,18:35,75,75103,0,0,2,3,3,1,1,4,2,02,1,1,0,130,1,0,1,4,1,44,1,3,2,0,2,3,7,200900003156B01,7,16,1,200054781
200900003175,2009-04-26,2009,avril,dimanche,16:00,75,75110,0,0,2,2,3,1,1,4,1,01,1,-1,0,0,1,0,1,4,1,55,5,3,9,0,0,2,1,200900003175A01,7,2,1,200054781
200900003176,2009-04-26,2009,avril,dimanche,16:35,75,75120,0,0,2,1,2,1,1,4,2,02,1,1,0,90,1,0,1,4,1,18,0,2,2,1,0,1,11,200900003176A01,37,1,1,200054781
200900003188,2009-04-27,2009,avril,lundi,16:15,75,75115,0,0,2,2,3,1,1,4,2,02,1,1,0,60,1,0,1,4,1,30,9,3,2,0,2,0,7,200900003188B01,7,15,1,200054781
200900003189,2009-04-27,2009,avril,lundi,16:20,75,75112,0,0,2,5,3,1,1,4,2,02,1,1,20,100,1,0,1,4,2,47,1,3,2,0,2,3,1,200900003189B01,7,1,1,200054781
200900003193,2009-04-27,2009,avril,lundi,19:25,75,75114,0,0,2,4,7,1,2,4,3,02,1,1,0,120,2,0,1,4,2,61,1,3,2,0,0,0,21,200900003193A01,,,,200054781
200900003206,2009-04-28,2009,avril,mardi,21:14,75,75112,0,0,2,2,3,5,2,4,2,02,1,1,80,80,2,0,5,4,2,25,5,3,9,1,0,1,1,200900003206B01,7,1,1,200054781
200900003209,2009-04-28,2009,avril,mardi,11:40,75,75103,0,0,2,3,3,1,1,4,3,02,-1,1,26,85,1,0,1,4,1,24,0,1,4,0,2,2,16,200900003209B01,7,1,1,200054781
200900003216,2009-04-28,2009,avril,mardi,15:45,75,75105,0,0,2,1,6,1,2,4,2,02,1,1,0,120,2,0,1,1,1,47,5,3,9,0,1,1,1,200900003216A01,,,,200054781
200900003257,2009-04-30,2009,avril,jeudi,11:50,75,75113,0,0,2,1,6,1,1,4,2,02,1,1,0,22,1,0,5,4,2,22,2,3,9,0,1,0,2,200900003257A01,,,,200054781
200900003257,2009-04-30,2009,avril,jeudi,11:50,75,75113,0,0,2,1,6,1,1,4,2,02,1,1,0,22,1,0,5,1,1,27,1,3,9,0,1,0,2,200900003257A01,,,,200054781
200900003259,2009-04-30,2009,avril,jeudi,12:20,75,75119,0,0,2,2,6,1,1,4,1,01,1,1,0,73,1,0,1,4,1,57,1,2,9,0,2,0,1,200900003259A01,30,1,1,200054781
200900003263,2009-04-30,2009,avril,jeudi,13:00,75,75115,0,0,2,1,7,1,1,4,1,01,1,2,0,12,1,0,5,3,1,47,5,3,9,0,0,0,0,200900003263A01,,,,200054781
200900003268,2009-04-30,2009,avril,jeudi,16:20,75,75114,0,0,2,1,2,1,1,4,1,01,1,1,0,57,1,0,1,3,2,63,5,3,9,1,0,1,1,200900003268B01,7,22,1,200054781
200900003269,2009-04-30,2009,avril,jeudi,17:00,75,75101,0,0,2,1,6,1,1,4,2,,1,1,0,110,1,0,1,4,2,32,1,2,2,0,2,2,1,200900003269A01,7,2,1,200054781
200900003273,2009-04-30,2009,avril,jeudi,18:10,75,75114,0,0,2,1,3,1,1,4,1,03,-1,-1,0,57,1,5,1,4,1,59,0,3,9,0,2,3,1,200900003273B01,7,16,1,200054781
200900003284,2009-01-26,2009,janvier,lundi,18:15,30,30007,0,0,2,1,3,5,1,4,2,02,1,1,0,0,1,0,1,4,1,22,2,3,9,0,2,3,1,200900003284B01,7,15,1,200066918
200900003287,2009-01-22,2009,janvier,jeudi,10:15,30,30155,0.00004,0,1,1,1,1,1,3,2,02,1,1,0,37,1,0,1,3,1,74,5,1,2,0,2,1,1,200900003287A01,7,24,1,243000643
200900003300,2009-01-16,2009,janvier,vendredi,14:00,30,30020,0.00004,0,2,1,3,1,1,4,2,02,1,1,0,55,1,0,1,3,2,9,2,2,2,0,2,8,19,200900003300B02,7,1,1,243000593
200900003318,2009-01-11,2009,janvier,dimanche,09:05,30,30189,0.00004,0,2,6,3,1,1,2,1,02,1,3,0,87,1,0,1,4,1,75,5,2,2,0,2,4,1,200900003318B01,7,9,1,243000643
200900003349,2009-01-11,2009,janvier,dimanche,15:30,30,30012,0.00004,0,1,1,2,1,1,3,2,02,1,1,0,74,1,0,1,3,1,62,5,2,2,0,2,4,2,200900003349B02,10,2,1,243000684
200900003360,2009-01-21,2009,janvier,mercredi,16:50,30,30189,0.00004,0,2,6,3,1,1,3,2,00,1,1,0,77,1,0,0,3,1,25,5,3,9,0,0,6,0,200900003360A01,7,0,1,243000643
200900003398,2009-02-13,2009,février,vendredi,14:15,30,30178,0.00004,0,2,1,1,1,1,3,2,00,1,3,0,0,1,0,1,3,2,14,5,2,2,0,2,1,1,200900003398B02,7,1,1,200034692
200900003413,2009-02-06,2009,février,vendredi,14:50,30,30189,0.00004,0,2,1,6,1,3,3,1,03,1,1,0,707,2,0,1,3,1,32,5,3,9,0,2,9,19,200900003413B01,7,1,1,243000643
200900003492,2009-01-24,2009,janvier,samedi,13:02,83,83141,0,0,1,1,7,1,2,9,-1,01,2,1,0,25,6,0,1,2,1,62,0,3,9,0,0,0,0,200900003492A01,,,,248300493
200900003509,2009-01-29,2009,janvier,jeudi,08:45,83,83107,0,0,1,1,2,2,9,2,2,03,4,1,0,0,1,0,1,3,1,68,5,1,9,0,0,4,2,200900003509B02,7,2,1,200035319
200900003573,2009-02-19,2009,février,jeudi,06:40,83,83062,0,0,2,6,3,2,1,4,2,02,1,1,0,0,1,0,1,4,1,48,1,1,2,0,2,1,1,200900003573B01,3,15,1,248300543
200900003621,2009-01-13,2009,janvier,mardi,11:40,17,17300,0,0,2,1,1,1,1,4,2,02,1,1,0,0,1,0,1,4,2,22,0,1,9,0,2,6,1,200900003621B01,7,17,1,241700434
200900003639,2009-01-23,2009,janvier,vendredi,21:00,17,17300,0,0,2,1,2,5,2,4,2,02,1,1,0,0,2,0,5,2,2,49,1,2,2,0,2,4,1,200900003639B01,7,1,1,241700434
200900003643,2009-01-21,2009,janvier,mercredi,12:10,17,17300,0,0,2,1,2,1,2,4,2,02,1,1,0,0,2,0,1,4,2,48,0,2,2,0,2,5,1,200900003643B01,31,17,1,241700434
200900003776,2009-01-26,2009,janvier,lundi,17:50,24,24037,0,0,2,3,3,2,1,3,2,02,1,1,0,55,2,0,1,2,2,58,0,3,9,0,2,8,1,200900003776B01,38,17,1,200070647
200900003820,2009-02-04,2009,février,mercredi,08:57,68,68066,0,0,2,2,3,1,2,4,2,02,1,1,0,31,2,0,1,3,1,41,5,2,2,0,2,7,1,200900003820B01,7,1,1,246800726
200900003852,2009-01-06,2009,janvier,mardi,18:25,54,54395,0,0,2,1,6,5,1,4,2,02,3,1,89,68,1,0,1,3,1,40,5,2,2,0,2,0,0,200900003852A01,7,15,1,245400676
200900003869,2009-01-16,2009,janvier,vendredi,12:35,54,54483,0.00004,0,2,3,3,1,1,3,2,02,1,1,0,75,1,0,1,3,1,59,1,2,2,0,2,7,1,200900003869B01,7,9,1,245400189
200900003909,2009-02-11,2009,février,mercredi,17:15,54,54395,0,0,2,1,6,1,1,4,2,02,2,1,0,0,1,0,1,4,1,17,0,1,2,0,2,1,1,200900003909B01,7,9,1,245400676
200900003922,2009-02-27,2009,février,vendredi,17:10,54,54578,0,0,2,1,3,1,1,4,1,02,1,1,0,0,1,0,1,4,1,33,1,2,2,0,2,1,5,200900003922A01,7,1,1,245400676
200900003924,2009-02-19,2009,février,jeudi,07:55,54,54395,0,0,2,2,6,1,1,4,1,02,1,1,0,0,1,0,1,1,1,43,5,1,2,0,1,1,15,200900003924A01,,,,245400676
200900003950,2009-02-01,2009,février,dimanche,15:30,43,43032,0.00004,0,2,1,6,1,1,3,2,02,2,1,0,60,1,0,1,3,1,58,5,2,2,0,0,1,1,200900003950A01,,,,200073419
200900003991,2009-02-22,2009,février,dimanche,12:51,87,87085,0,0,2,1,6,1,1,4,2,04,1,1,0,120,1,0,1,4,1,20,5,2,4,16,0,8,2,200900003991A01,,,,248719312
200900004006,2009-02-28,2009,février,samedi,14:00,27,27467,0.00004,0,2,1,1,1,1,9,2,00,4,3,0,69,1,0,1,3,1,75,5,3,2,0,2,0,5,200900004006A01,7,13,1,200065787
200900004055,2009-02-09,2009,février,lundi,08:00,17,17300,0,0,2,2,5,5,2,4,2,02,1,1,0,0,2,0,1,2,1,26,1,2,2,0,2,1,1,200900004055B01,7,1 / 15,2,241700434
200900004064,2009-02-07,2009,février,samedi,16:25,17,17299,0,0,2,1,3,1,2,4,2,02,1,3,0,83,2,0,1,4,1,12,2,1,4,0,2,8,15,200900004064A01,7,1,1,200041762
200900004066,2009-02-06,2009,février,vendredi,08:58,17,17300,0,0,2,6,6,1,1,4,2,02,-1,-1,0,60,-1,5,5,4,2,63,0,3,9,0,2,1,1,200900004066B01,7,16,1,241700434
200900004090,2009-02-27,2009,février,vendredi,12:30,17,17300,0,0,2,1,6,1,1,4,2,02,1,1,0,0,1,0,5,4,1,55,9,2,2,0,2,8,1,200900004090B01,7,20,1,241700434
200900004111,2009-01-05,2009,janvier,lundi,17:45,74,74010,0,0,2,2,6,5,1,4,2,02,1,1,0,56,1,0,1,4,2,25,9,3,2,0,0,1,1,200900004111A01,7,15,1,200066793
200900004132,2009-01-31,2009,janvier,samedi,08:30,74,74011,0,0,2,6,3,1,8,4,1,01,-1,2,0,0,1,5,1,3,2,59,1,3,1,0,2,1,1,200900004132B02,7,23,1,
200900004161,2009-01-06,2009,janvier,mardi,19:15,90,90039,0,0,2,1,3,5,8,4,2,02,2,1,0,78,7,0,1,4,1,21,5,3,4,0,2,1,2,200900004161B01,7,15,1,200069052
200900004168,2009-01-30,2009,janvier,vendredi,11:00,90,90010,0,0,2,1,3,1,1,4,2,02,1,1,0,90,1,0,4,4,1,30,0,2,9,0,2,8,0,200900004168B01,7,0,1,200069052
200900004184,2009-02-20,2009,février,vendredi,15:15,90,90041,0.00004,0,2,1,1,1,1,3,2,02,1,1,0,48,1,0,1,3,1,75,3,2,1,0,2,1,1,200900004184A01,10,19,1,200069060
200900004200,2009-03-28,2009,mars,samedi,09:30,86,86030,0.00004,0,1,1,1,1,1,3,2,02,1,1,0,62,1,0,1,3,1,54,5,3,1,0,9,1,1,200900004200B02,7,1,1,
200900004260,2009-01-22,2009,janvier,jeudi,18:40,52,52448,0.00004,0,2,2,2,5,1,4,2,02,1,-1,0,0,1,0,1,4,1,35,9,1,2,0,2,4,2,200900004260B01,7,2,1,200068666
200900004269,2009-01-13,2009,janvier,mardi,19:35,52,52448,0.00004,0,1,1,2,3,1,2,3,02,1,1,0,0,1,0,1,1,1,30,4,1,1,0,2,4,0,200900004269A01,7,2,1,200068666
200900004304,2009-02-23,2009,février,lundi,17:10,74,74281,0,0,2,1,6,1,1,4,2,02,1,1,0,0,1,0,5,4,1,14,0,1,2,0,2,1,2,200900004304B01,7,15,1,200067551
200900004339,2009-03-03,2009,mars,mardi,18:00,81,81048,0.00004,0,2,1,6,2,1,4,-1,00,1,1,0,50,9,0,1,3,1,55,5,3,1,6,0,1,0,200900004339A01,,,,200040905
200900004388,2009-02-09,2009,février,lundi,15:00,79,79329,0,0,2,1,3,1,8,4,2,02,1,1,0,60,1,0,1,4,1,44,0,2,9,0,2,8,15,200900004388B01,7,17,1,247900798
200900004420,2009-03-17,2009,mars,mardi,10:45,27,27510,0.00004,0,1,1,2,1,1,2,3,05,2,2,100,75,1,0,1,3,1,48,5,1,2,0,2,6,2,200900004420B02,7,17,1,
200900004421,2009-01-04,2009,janvier,dimanche,12:10,21,21231,0,0,2,4,3,1,1,4,2,02,1,1,0,80,1,5,0,4,1,25,5,1,2,0,2,7,1,200900004421B01,7,15,1,242100410
200900004426,2009-01-08,2009,janvier,jeudi,08:07,21,21231,0,0,2,4,2,2,1,4,2,03,1,1,0,90,1,5,1,4,1,30,1,1,2,0,2,0,0,200900004426B01,7,0,1,242100410
200900004465,2009-01-06,2009,janvier,mardi,18:00,95,95306,0.00004,0,2,3,3,3,4,4,1,01,1,1,0,60,5,0,1,4,1,28,0,2,4,0,2,7,1,200900004465B01,7,19,1,200058485
200900004523,2009-01-01,2009,janvier,jeudi,18:20,34,34032,0.00004,0,1,2,2,3,1,3,2,02,1,-1,0,75,-1,0,1,3,1,50,5,3,2,0,2,4,15,200900004523A01,7,17,1,243400769
200900004558,2009-01-11,2009,janvier,dimanche,09:00,34,34032,0.00004,0,1,1,4,1,1,3,2,02,-1,-1,0,80,1,0,1,4,1,60,0,3,9,0,2,6,2,200900004558B01,7,1,1,243400769
200900004558,2009-01-11,2009,janvier,dimanche,09:00,34,34032,0.00004,0,1,1,4,1,1,3,2,02,-1,-1,0,80,1,0,1,1,1,48,0,3,9,0,2,4,1,200900004558C01,7,1,1,243400769
200900004563,2009-01-13,2009,janvier,mardi,09:20,34,34172,0.00004,0,2,3,3,1,1,4,1,01,1,3,0,30,1,0,1,4,2,54,5,1,9,0,0,7,1,200900004563B01,7,16,1,243400017
200900004569,2009-01-14,2009,janvier,mercredi,13:15,34,34270,0.00004,0,1,6,3,1,1,3,1,02,1,2,0,70,1,0,1,4,1,37,0,2,9,0,2,5,1,200900004569B01,7,9,1,243400017
200900004575,2009-01-19,2009,janvier,lundi,18:45,34,34145,0.00004,0,2,1,3,5,2,3,2,02,1,1,0,94,2,0,1,3,1,64,3,1,9,0,0,6,13,200900004575B02,2,1,1,243400520
200900004592,2009-01-20,2009,janvier,mardi,12:35,34,34172,0.00004,0,2,1,6,1,1,4,2,02,1,1,0,60,1,0,5,4,1,62,1,3,9,0,2,1,1,200900004592B01,7,22,1,243400017
200900004594,2009-01-20,2009,janvier,mardi,11:26,34,34172,0.00004,0,2,1,7,1,1,4,1,01,1,1,0,30,1,0,1,1,1,23,5,3,9,0,1,1,1,200900004594A01,,,,243400017
200900004624,2009-01-27,2009,janvier,mardi,08:15,34,34057,0.00004,0,2,1,1,1,1,4,2,00,2,1,0,77,1,0,5,3,1,14,2,2,2,0,2,1,5,200900004624B02,14,16,1,243400017
200900004629,2009-02-09,2009,février,lundi,07:50,52,52121,0.00004,0,2,6,3,1,2,3,1,01,1,2,0,80,2,5,1,4,1,16,2,1,2,0,2,7,1,200900004629B01,7,9,1,200068658
200900004674,2009-01-27,2009,janvier,mardi,08:05,31,31557,0.00004,0,2,4,3,1,1,4,-1,01,1,3,0,51,1,0,0,4,1,38,1,2,4,0,2,8,1,200900004674B01,7,15,1,243100518
200900004690,2009-01-05,2009,janvier,lundi,18:25,31,31555,0,0,2,6,3,5,1,4,4,02,1,2,0,60,1,0,1,4,2,28,1,1,4,0,2,7,1,200900004690B01,7,9,1,243100518
200900004732,2009-01-19,2009,janvier,lundi,08:31,56,56121,0.00004,NaN,2,3,3,5,2,9,2,02,1,1,0,0,2,0,1,4,1,52,1,3,9,0,2,7,1,200900004732B01,7,15,1,200042174
200900004742,2009-01-21,2009,janvier,mercredi,11:04,56,56162,0,0,2,1,2,1,7,9,2,02,1,1,0,0,1,0,1,4,2,71,5,3,9,0,2,4,1,200900004742B01,7,1,1,200042174
200900004749,2009-01-17,2009,janvier,samedi,18:24,56,56121,0.00004,NaN,2,6,3,5,1,4,1,01,1,2,0,0,1,0,1,4,1,63,5,3,9,0,2,0,1,200900004749B01,7,1,1,200042174
200900004762,2009-01-08,2009,janvier,jeudi,16:00,56,56240,0,0,1,1,2,1,7,3,2,04,1,1,0,140,1,0,1,3,2,67,5,1,2,0,2,8,1,200900004762B02,7,1,1,200067932
200900004797,2009-02-17,2009,février,mardi,15:00,44,44015,0,0,2,6,6,1,1,2,2,02,1,-1,0,0,1,0,5,4,2,17,0,3,8,0,2,0,1,200900004797B01,10,1,1,244400453
200900004810,2009-02-12,2009,février,jeudi,07:30,44,44184,0,0,2,2,3,2,1,4,2,02,1,1,0,0,1,0,1,4,2,23,1,3,9,0,2,9,9,200900004810B01,7,9,1,244400644
200900004811,2009-02-28,2009,février,samedi,15:45,44,44184,0,0,2,6,3,1,1,3,2,00,1,1,0,0,1,0,1,1,1,21,5,1,2,0,2,1,1,200900004811B01,7,1,1,244400644
200900004816,2009-02-11,2009,février,mercredi,18:05,44,44162,0,0,2,1,6,1,1,3,2,02,2,1,0,0,1,2,1,4,2,21,0,3,9,0,2,0,2,200900004816B01,7,2,1,244400404
200900004832,2009-02-06,2009,février,vendredi,18:40,44,44190,0,0,2,6,6,5,1,4,2,02,1,1,0,0,1,5,1,4,2,16,0,3,9,0,2,2,1,200900004832B01,7,1,1,244400404
200900004868,2009-02-20,2009,février,vendredi,16:15,56,56192,0,0,2,1,1,1,1,3,2,01,1,1,0,41,1,0,3,3,1,78,5,1,9,0,2,4,23,200900004868B02,7,14,1,
200900004871,2009-02-20,2009,février,vendredi,13:30,56,56010,0.00004,NaN,2,3,1,1,1,4,2,02,2,1,0,49,1,0,1,3,1,8,5,3,1,0,2,1,15,200900004871B02,7,1,1,200096675