Num_Acc,date,an,mois,jour,hrmn,dep,com,lat,long,agg,int,col,lum,atm,catr,circ,nbv,prof,plan,lartpc,larrout,surf,infra,situ,grav,sexe,age,trajet,secuexist,equipement,obs,obsm,choc,manv,vehiculeid,typevehicules,manoeuvehicules,numVehicules,_infos_commune.code_epci
200900008544,2009-03-21,2009,mars,samedi,11:30,74,74242,0,0,2,3,1,1,1,4,,,,,,,,,1,3,2,71,3,1,9,0,2,8,9,200900008544A01,7,21,1,200066793
200900008591,2009-03-14,2009,mars,samedi,17:00,38,38198,0,0,2,2,1,1,1,4,2,02,1,1,0,63,1,0,1,3,2,63,5,3,1,0,2,2,1,200900008591B02,10,1,1,200085751
200900008599,2009-03-20,2009,mars,vendredi,17:45,38,38454,0,0,1,8,1,1,1,9,2,02,-1,1,0,0,9,4,1,2,1,12,3,2,2,0,4,7,1,200900008599B02,39,1,1,200070431
200900008611,2009-03-15,2009,mars,dimanche,10:30,38,38176,0,0,2,1,1,1,1,3,2,02,1,1,0,70,1,0,1,3,2,37,5,1,2,0,2,1,13,200900008611A01,7,1,1,200068542
200900008670,2009-04-24,2009,avril,vendredi,15:01,25,25056,0,0,2,1,6,1,1,4,2,01,1,1,0,0,1,0,1,1,1,47,5,2,2,0,1,1,1,200900008670A01,,,,242500361
200900008673,2009-04-08,2009,avril,mercredi,10:20,25,25580,0,0,2,1,6,1,1,4,-1,01,1,1,0,45,1,1,1,3,2,71,3,3,9,0,2,8,0,200900008673B01,,,,200065647
200900008677,2009-04-11,2009,avril,samedi,15:30,25,25031,0,0,2,1,3,1,1,4,2,02,1,1,0,42,1,0,1,4,1,12,5,2,9,0,2,5,9,200900008677A01,33,1,1,200065647
200900008678,2009-04-02,2009,avril,jeudi,20:13,25,25056,0,0,2,1,6,2,1,4,1,01,1,1,0,38,1,0,1,4,1,25,5,1,2,0,2,1,18,200900008678B01,7,22,1,242500361
200900008687,2009-04-09,2009,avril,jeudi,18:30,25,25244,0.00004,0,1,1,7,1,1,3,2,02,1,3,0,59,1,0,3,3,1,54,5,3,1,0,0,0,1,200900008687A01,,,,200023075
200900008691,2009-04-25,2009,avril,samedi,13:00,25,25393,0.00004,0,2,1,1,1,1,3,2,02,2,-1,0,45,1,0,1,3,1,13,5,3,1,0,2,1,13,200900008691A01,7,1,1,200023075
200900008710,2009-06-01,2009,juin,lundi,13:55,75,75110,0,0,2,1,6,1,1,4,-1,01,1,1,0,0,1,0,5,1,1,30,0,3,2,0,1,1,1,200900008710A01,,,,200054781
200900008712,2009-06-01,2009,juin,lundi,15:15,75,75107,0,0,2,2,3,1,1,4,1,03,1,1,0,80,1,0,1,4,1,28,1,3,2,0,2,8,16,200900008712B01,7,16,1,200054781
200900008713,2009-06-01,2009,juin,lundi,15:15,75,75111,0,0,2,1,6,1,1,4,1,00,1,1,0,50,1,0,4,1,1,8,5,3,2,0,1,2,2,200900008713A01,,,,200054781
200900008732,2009-06-02,2009,juin,mardi,11:50,75,75109,0,0,2,1,6,1,1,4,1,00,1,1,0,40,1,0,1,1,1,29,1,1,2,0,1,1,1,200900008732A01,,,,200054781
200900008757,2009-06-03,2009,juin,mercredi,09:20,75,75119,0,0,2,2,3,1,1,4,1,01,1,1,0,71,1,0,1,4,2,55,1,3,2,0,2,1,1,200900008757B01,7,15,1,200054781
200900008759,2009-06-03,2009,juin,mercredi,10:55,75,75102,0,0,2,1,7,1,1,4,1,01,2,1,0,55,1,0,1,4,2,29,4,1,2,0,0,0,1,200900008759A01,,,,200054781
200900008764,2009-06-03,2009,juin,mercredi,12:15,75,75119,0,0,2,1,3,1,1,4,1,02,1,1,0,0,1,0,5,4,1,31,1,3,2,0,2,1,1,200900008764A01,7,16,1,200054781
200900008777,2009-06-03,2009,juin,mercredi,17:45,75,75111,0,0,2,5,2,1,1,4,2,02,2,1,0,70,1,0,1,3,1,42,5,3,2,0,2,8,15,200900008777B01,7,1,1,200054781
200900008783,2009-06-03,2009,juin,mercredi,20:30,75,75110,0,0,2,1,6,1,1,4,2,,1,1,0,150,1,0,1,1,1,18,5,3,2,0,2,1,19,200900008783B01,2,7,1,200054781
200900008790,2009-06-04,2009,juin,jeudi,08:55,75,75109,0,0,2,1,3,1,1,4,1,05,1,1,0,100,1,0,1,4,1,45,1,3,2,0,2,4,11,200900008790B01,32,1,1,200054781
200900008792,2009-06-04,2009,juin,jeudi,09:35,75,75110,0,0,2,1,3,2,1,4,1,01,1,1,0,60,1,0,1,4,2,37,1,3,2,0,2,1,1,200900008792B01,7,22,1,200054781
200900008814,2009-06-04,2009,juin,jeudi,18:57,75,75113,0,0,2,2,3,1,1,4,3,00,1,1,0,100,1,0,1,4,1,30,5,3,2,0,2,1,1,200900008814B01,7,15,1,200054781
200900008821,2009-06-06,2009,juin,samedi,00:01,75,75119,0,0,2,1,6,5,1,4,1,00,1,1,40,70,1,0,1,3,1,18,0,3,2,1,2,7,1,200900008821A01,7,13,1,200054781
200900008835,2009-06-06,2009,juin,samedi,19:10,75,75112,0,0,2,2,3,1,1,4,1,02,1,1,0,60,1,0,1,4,1,20,5,3,2,0,2,7,1,200900008835A01,32,1,1,200054781
200900008861,2009-06-05,2009,juin,vendredi,03:05,75,75113,0,0,2,1,6,5,1,4,3,,2,1,0,0,1,0,1,4,1,41,5,3,2,14,0,1,12,200900008861A01,,,,200054781
200900008866,2009-06-05,2009,juin,vendredi,09:55,75,75110,0,0,2,3,3,1,1,4,1,01,-1,-1,0,25,1,0,1,4,1,26,5,3,2,0,2,1,1,200900008866A01,7,16,1,200054781
200900008871,2009-06-05,2009,juin,vendredi,11:50,75,75114,0,0,2,1,3,1,1,4,1,02,-1,1,0,20,-1,0,1,4,2,23,5,3,2,0,2,1,1,200900008871B01,7,22,1,200054781
200900008872,2009-06-05,2009,juin,vendredi,13:00,75,75107,0,0,2,2,3,1,1,4,2,00,1,1,0,0,1,5,1,4,1,49,0,3,2,0,2,7,1,200900008872B01,7,1,1,200054781
200900008880,2009-06-05,2009,juin,vendredi,15:50,75,75113,0,0,2,2,3,1,1,4,-1,01,1,1,0,144,1,0,1,4,1,24,5,3,2,0,2,1,1,200900008880B01,7,15,1,200054781
200900008881,2009-06-05,2009,juin,vendredi,16:30,75,75101,0,0,2,1,3,1,1,4,1,00,1,-1,0,136,1,0,5,4,2,27,5,1,2,0,2,0,1,200900008881B01,7,22,1,200054781
200900008887,2009-06-05,2009,juin,vendredi,18:30,75,75115,0,0,2,5,3,1,1,4,1,02,1,1,0,0,1,0,1,4,1,30,5,3,2,0,2,8,19,200900008887B01,7,1,1,200054781
200900008918,2009-06-09,2009,juin,mardi,09:00,75,75109,0,0,2,1,7,1,1,4,1,02,1,1,0,0,1,0,1,4,1,54,1,3,2,0,0,3,21,200900008918A01,,,,200054781
200900008920,2009-06-09,2009,juin,mardi,09:30,75,75117,0,0,2,1,4,1,1,4,2,02,2,1,0,0,1,0,1,4,1,38,1,3,2,0,2,2,1,200900008920B01,7 / 13,1 / 22,2,200054781
200900008922,2009-06-09,2009,juin,mardi,10:55,75,75111,0,0,2,1,3,1,1,4,1,01,1,1,0,50,2,0,1,4,1,47,5,3,2,0,2,1,14,200900008922B01,7,24,1,200054781
200900008944,2009-06-10,2009,juin,mercredi,01:20,75,75118,0,0,2,1,2,5,1,4,2,02,2,2,0,100,1,0,1,4,1,31,0,3,2,0,2,1,2,200900008944A01,7,23,1,200054781
200900008949,2009-06-10,2009,juin,mercredi,08:50,75,75117,0,0,2,1,3,1,1,4,1,01,1,1,0,37,1,0,1,4,2,30,1,3,2,0,2,1,1,200900008949B01,7,22,1,200054781
200900008967,2009-06-10,2009,juin,mercredi,18:50,75,75112,0,0,2,1,7,1,3,4,1,02,1,1,0,60,2,0,5,4,2,56,5,3,9,0,0,0,0,200900008967A01,,,,200054781
200900008972,2009-06-11,2009,juin,jeudi,08:10,75,75114,0,0,2,2,3,1,1,4,1,03,1,1,0,155,1,0,1,4,2,51,1,1,4,0,0,1,19,200900008972B01,7,12,1,200054781
200900008977,2009-06-11,2009,juin,jeudi,13:15,75,75107,0,0,2,2,3,2,1,4,3,01,1,1,0,80,1,5,1,4,1,87,5,1,4,0,2,8,1,200900008977B01,7,1,1,200054781
200900008978,2009-06-11,2009,juin,jeudi,13:29,75,75112,0,0,2,1,3,1,1,4,2,02,1,1,0,80,1,0,1,4,2,28,5,3,9,0,2,8,0,200900008978A01,7,2,1,200054781
200900008983,2009-06-11,2009,juin,jeudi,15:30,75,75102,0,0,2,2,3,1,1,4,1,03,1,1,0,0,1,5,1,4,1,19,0,2,2,0,0,3,15,200900008983A01,7,2,1,200054781
200900009008,2009-06-12,2009,juin,vendredi,10:20,75,75102,0,0,2,2,6,1,1,4,1,01,1,1,0,55,1,0,1,4,1,41,1,2,9,0,2,4,2,200900009008B01,7,2,1,200054781
200900009012,2009-06-12,2009,juin,vendredi,12:35,75,75114,0,0,2,1,6,1,1,4,1,01,1,1,0,0,1,0,0,1,1,25,0,3,9,0,1,1,1,200900009012A01,,,,200054781
200900009022,2009-06-12,2009,juin,vendredi,20:15,75,75107,0,0,2,1,3,1,1,4,2,03,1,1,0,120,1,0,1,4,1,29,1,3,9,0,0,0,3,200900009022B01,7,0,1,200054781
200900009025,2009-06-13,2009,juin,samedi,04:20,75,75102,0,0,2,2,3,5,1,4,1,01,2,-1,0,0,1,0,1,4,1,23,0,3,9,0,2,1,0,200900009025B01,7,0,1,200054781
200900009027,2009-06-13,2009,juin,samedi,07:55,75,75116,0,0,2,2,3,1,1,4,2,02,1,1,0,0,-1,0,1,4,1,32,4,3,9,0,2,7,1,200900009027A01,7,1,1,200054781
200900009029,2009-06-13,2009,juin,samedi,11:45,75,75116,0,0,2,1,2,1,1,4,-1,00,1,3,0,0,1,0,1,4,1,29,0,1,2,0,0,0,0,200900009029A01,1,2,1,200054781
200900009029,2009-06-13,2009,juin,samedi,11:45,75,75116,0,0,2,1,2,1,1,4,-1,00,1,3,0,0,1,0,1,4,1,64,5,1,2,0,0,1,2,200900009029B01,1,0,1,200054781
200900009035,2009-06-13,2009,juin,samedi,15:45,75,75120,0,0,2,1,3,1,1,4,1,01,1,1,0,0,1,0,1,4,1,69,5,2,9,0,2,2,1,200900009035B01,7,1,1,200054781
200900009061,2009-06-14,2009,juin,dimanche,14:30,75,75116,0,0,2,1,6,1,1,4,2,02,2,1,0,80,1,0,5,1,1,50,5,1,2,0,1,1,1,200900009061A01,,,,200054781
200900009089,2009-06-15,2009,juin,lundi,15:30,75,75116,0,0,2,2,3,1,2,4,2,02,1,1,0,0,2,0,1,4,1,27,1,1,2,0,2,1,19,200900009089A01,7,1,1,200054781
200900009100,2009-06-16,2009,juin,mardi,09:45,75,75105,0,0,2,2,2,1,1,4,2,00,2,1,0,140,1,0,1,4,2,22,2,2,9,0,2,1,19,200900009100A01,7,0,1,200054781
200900009105,2009-06-16,2009,juin,mardi,13:40,75,75111,0,0,2,1,2,1,1,4,1,01,2,1,0,40,1,0,1,4,1,47,1,1,2,1,2,9,2,200900009105A01,7,22,1,200054781
200900009111,2009-06-16,2009,juin,mardi,17:50,75,75110,0,0,2,1,6,1,1,4,1,01,1,1,0,25,1,0,1,4,1,22,1,2,9,0,1,1,0,200900009111A01,,,,200054781
200900009113,2009-06-16,2009,juin,mardi,18:25,75,75111,0,0,2,1,2,1,1,4,2,02,1,1,0,170,1,0,1,4,1,50,4,1,4,0,0,4,15,200900009113B01,32,21,1,200054781
200900009126,2009-06-17,2009,juin,mercredi,10:10,75,75115,0,0,2,1,6,1,1,4,1,00,1,1,0,53,1,0,4,1,1,39,5,2,4,0,1,0,1,200900009126A01,,,,200054781
200900009137,2009-06-17,2009,juin,mercredi,17:45,75,75120,0,0,2,1,6,1,1,4,1,01,1,1,0,73,1,0,1,1,1,22,4,1,2,0,1,1,5,200900009137A01,,,,200054781
200900009140,2009-06-17,2009,juin,mercredi,19:35,75,75111,0,0,2,1,3,1,1,4,2,01,1,1,0,100,1,0,1,4,1,34,5,2,9,0,0,8,2,200900009140B01,7,2,1,200054781
200900009160,2009-06-18,2009,juin,jeudi,16:40,75,75104,0,0,2,2,2,1,1,4,1,03,1,1,0,130,1,0,1,4,1,54,5,3,2,0,2,1,2,200900009160A01,7,23,1,200054781
200900009166,2009-06-18,2009,juin,jeudi,19:25,75,75105,0,0,2,2,3,1,1,4,-1,01,2,1,0,0,1,0,0,4,1,31,0,3,9,0,0,0,0,200900009166B01,1,0,1,200054781
200900009166,2009-06-18,2009,juin,jeudi,19:25,75,75105,0,0,2,2,3,1,1,4,-1,01,2,1,0,0,1,0,0,4,1,51,9,3,9,0,0,0,0,200900009166A01,1,0,1,200054781
200900009181,2009-06-19,2009,juin,vendredi,20:00,75,75114,0,0,2,2,3,1,1,4,2,04,-1,-1,0,120,1,5,1,4,2,43,5,3,9,0,2,1,1,200900009181B01,10,15,1,200054781
200900009195,2009-06-20,2009,juin,samedi,09:15,75,75115,0,0,2,1,6,1,1,4,1,00,2,1,0,0,1,0,4,1,1,30,0,2,9,0,1,1,0,200900009195A01,,,,200054781
200900009198,2009-06-20,2009,juin,samedi,11:15,75,75113,0,0,2,1,6,1,1,4,1,01,2,1,0,77,1,0,1,1,1,39,3,3,4,0,1,2,5,200900009198A01,,,,200054781
200900009199,2009-06-20,2009,juin,samedi,12:40,75,75114,0,0,2,2,3,1,1,4,2,03,1,1,0,92,1,0,1,1,1,29,5,3,9,0,2,4,19,200900009199A01,2,1,1,200054781
200900009201,2009-06-20,2009,juin,samedi,13:30,75,75102,0,0,2,2,6,1,1,4,1,01,1,1,0,0,3,6,1,4,2,36,5,2,2,0,0,0,0,200900009201A01,,,,200054781
200900009207,2009-06-20,2009,juin,samedi,19:00,75,75112,0,0,2,3,3,1,1,4,2,04,1,1,0,200,1,0,1,4,1,40,5,2,9,0,2,1,1,200900009207B01,10,16,1,200054781
200900009209,2009-06-20,2009,juin,samedi,19:45,75,75115,0,0,2,1,3,1,1,4,-1,04,1,1,0,120,1,0,1,4,2,20,0,2,9,0,2,8,11,200900009209B01,30,2,1,200054781
200900009224,2009-06-21,2009,juin,dimanche,20:35,75,75105,0,0,2,2,6,1,1,4,1,03,1,1,0,120,1,0,1,4,1,21,5,3,9,0,1,1,1,200900009224A01,,,,200054781
200900009226,2009-06-21,2009,juin,dimanche,23:15,75,75111,0,0,2,2,6,5,1,4,2,02,-1,1,0,100,1,0,1,4,1,21,5,1,4,1,0,2,0,200900009226A01,,,,200054781
200900009237,2009-06-22,2009,juin,lundi,11:10,75,75112,0,0,2,1,3,1,1,4,2,02,1,1,0,80,1,0,4,4,2,64,5,3,9,0,2,1,1,200900009237B01,10,16,1,200054781
200900009241,2009-06-22,2009,juin,lundi,12:45,75,75116,0,0,2,2,7,1,1,4,2,02,2,1,0,0,1,0,0,3,1,17,2,2,9,0,0,0,0,200900009241A01,,,,200054781
200900009242,2009-06-22,2009,juin,lundi,13:35,75,75105,0,0,2,1,6,1,1,4,1,01,1,1,0,30,1,0,1,4,1,21,5,3,9,0,1,0,2,200900009242A01,,,,200054781
200900009243,2009-06-22,2009,juin,lundi,14:07,75,75114,0,0,2,2,3,1,1,4,1,02,-1,-1,0,86,-1,5,1,4,2,25,5,3,9,0,2,8,9,200900009243A01,15,16,1,200054781
200900009283,2009-06-23,2009,juin,mardi,22:00,75,75103,0,0,2,2,3,2,1,4,1,04,1,1,3,120,1,5,1,4,1,25,5,2,9,0,2,1,7,200900009283A01,2,0,1,200054781
200900009286,2009-06-24,2009,juin,mercredi,03:00,75,75116,0,0,2,1,7,5,1,4,2,00,1,1,0,0,1,0,1,4,1,23,0,1,9,0,0,0,1,200900009286A01,,,,200054781
200900009289,2009-06-24,2009,juin,mercredi,08:20,75,75109,0,0,2,2,6,1,1,4,1,02,1,1,0,0,1,0,1,4,1,42,1,2,9,0,0,0,0,200900009289A01,7,0,1,200054781
200900009310,2009-06-24,2009,juin,mercredi,18:45,75,75114,0,0,2,1,6,1,1,4,1,01,-1,-1,0,58,-1,0,1,1,1,37,9,3,9,0,1,1,1,200900009310A01,,,,200054781
200900009316,2009-06-24,2009,juin,mercredi,19:55,75,75115,0,0,2,2,3,1,1,4,1,01,2,1,0,110,1,0,1,4,2,20,5,1,9,0,0,7,1,200900009316A01,7,1,1,200054781
200900009321,2009-06-25,2009,juin,jeudi,09:15,75,75112,0,0,2,3,1,1,1,4,2,02,1,1,0,140,1,0,0,4,1,37,1,1,2,0,2,7,1,200900009321B01,10,16,1,200054781
200900009331,2009-06-25,2009,juin,jeudi,10:55,75,75111,0,0,2,2,6,1,1,4,2,04,1,1,0,120,1,0,1,4,1,29,5,3,9,0,0,8,2,200900009331B01,2 / 7,2 / 1,2,200054781
200900009336,2009-06-25,2009,juin,jeudi,14:55,75,75110,0,0,2,1,1,1,1,4,2,00,2,1,0,80,1,0,1,4,2,66,5,1,2,0,2,1,1,200900009336B01,34,1,1,200054781
200900009338,2009-06-25,2009,juin,jeudi,16:15,75,75103,0,0,2,2,3,1,1,4,2,02,1,1,0,98,1,0,1,4,1,59,0,2,9,0,2,7,1,200900009338A01,32,1,1,200054781
200900009341,2009-06-25,2009,juin,jeudi,17:30,75,75108,0,0,2,1,6,1,1,4,1,01,2,1,0,90,1,0,1,4,1,13,0,1,2,1,0,1,14,200900009341A01,,,,200054781
200900009342,2009-06-25,2009,juin,jeudi,18:00,75,75112,0,0,2,4,2,1,1,4,1,01,1,-1,0,0,1,0,1,1,1,44,2,3,9,0,2,3,1,200900009342B01,32,0,1,200054781
200900009344,2009-06-25,2009,juin,jeudi,18:40,75,75108,0,0,2,4,3,1,1,4,3,04,1,1,0,240,1,0,1,4,2,26,0,3,9,0,2,1,9,200900009344A01,7,2,1,200054781
200900009361,2009-06-26,2009,juin,vendredi,12:20,75,75117,0,0,2,2,6,1,1,4,1,01,1,-1,0,35,1,0,0,1,1,46,5,3,9,0,0,0,0,200900009361A01,,,,200054781
200900009381,2009-06-27,2009,juin,samedi,08:17,75,75101,0,0,2,2,6,1,1,4,1,03,1,1,7,127,1,0,1,4,2,38,5,3,9,0,0,3,11,200900009381B01,2,1,1,200054781
200900009384,2009-06-27,2009,juin,samedi,12:20,75,75105,0,0,2,1,7,1,1,4,1,03,1,1,0,94,1,0,1,4,1,35,5,3,9,14,0,0,2,200900009384A01,,,,200054781
200900009411,2009-06-28,2009,juin,dimanche,09:10,75,75112,0,0,2,3,1,1,1,4,2,03,2,1,0,80,1,0,5,4,1,28,5,1,2,0,2,1,1,200900009411B01,7,15,1,200054781
200900009416,2009-06-28,2009,juin,dimanche,17:25,75,75119,0,0,2,2,6,1,1,4,1,01,1,1,0,40,1,0,5,1,1,48,5,3,9,0,1,0,0,200900009416A01,,,,200054781
200900009421,2009-06-28,2009,juin,dimanche,20:20,75,75109,0,0,2,1,3,1,1,4,2,04,1,1,0,200,1,0,1,4,1,35,0,3,9,0,2,2,1,200900009421B01,33,13,1,200054781
200900009425,2009-06-29,2009,juin,lundi,11:50,75,75116,0,0,2,1,2,1,1,4,1,01,1,3,0,100,1,0,1,4,1,73,5,1,2,1,0,1,0,200900009425B01,7,0,1,200054781
200900009454,2009-06-29,2009,juin,lundi,18:00,75,75115,0,0,2,1,6,1,1,4,2,02,1,1,0,0,1,0,1,4,1,22,0,3,9,0,2,8,2,200900009454A01,30,17,1,200054781
200900009455,2009-06-29,2009,juin,lundi,18:08,75,75118,0,0,2,1,3,1,1,4,1,01,1,1,0,36,1,0,1,3,1,14,5,2,9,0,2,2,19,200900009455B01,7,1,1,200054781
200900009501,2009-03-22,2009,mars,dimanche,11:55,03,03185,0,0,2,1,6,1,1,4,3,04,4,1,0,0,1,0,1,1,1,39,5,3,2,0,1,1,1,200900009501A01,,,,200071082
200900009530,2009-03-25,2009,mars,mercredi,17:15,37,37100,0,0,2,1,7,1,1,4,2,02,2,2,0,50,1,0,1,3,1,11,5,3,2,0,0,1,1,200900009530A01,,,,243700820
200900009538,2009-04-11,2009,avril,samedi,11:40,41,41212,0,0,2,1,3,1,1,4,2,02,1,1,0,0,1,0,1,4,1,83,9,3,9,0,2,1,21,200900009538B01,7,22,1,200030385
200900009595,2009-03-19,2009,mars,jeudi,18:00,24,24445,0,0,2,1,7,1,1,4,2,02,2,1,0,40,1,0,1,3,1,12,5,3,1,0,0,1,1,200900009595A01,,,,200034833
200900009633,2009-04-09,2009,avril,jeudi,16:10,24,24312,0,0,2,3,3,1,1,4,2,02,1,1,0,80,1,0,1,4,1,33,1,1,2,0,2,2,1,200900009633B01,7,19,1,200040392
200900009665,2009-03-24,2009,mars,mardi,11:30,45,45239,0,0,1,1,3,1,1,3,2,02,1,1,0,55,1,0,1,3,2,23,5,1,9,0,2,6,15,200900009665A01,7,17,1,200067676
200900009674,2009-03-21,2009,mars,samedi,11:00,45,45234,0.00004,0,2,1,3,1,1,2,2,02,1,1,0,77,1,0,1,4,1,41,0,3,9,0,2,1,17,200900009674B01,7,15,1,244500468
200900009675,2009-03-30,2009,mars,lundi,18:00,45,45208,0.00004,0,2,1,3,1,1,3,2,02,1,1,0,80,1,0,1,4,2,41,0,3,9,1,0,1,0,200900009675B01,7,22,1,244500203
200900009685,2009-03-11,2009,mars,mercredi,17:00,18,18205,0,0,2,3,1,1,2,4,2,02,1,3,0,60,1,0,1,3,1,7,5,2,2,0,2,2,1,200900009685B01,7,15,1,241800507
200900009695,2009-03-14,2009,mars,samedi,10:40,18,18033,0,0,2,2,3,1,1,3,2,03,2,1,0,100,1,0,1,4,1,56,1,3,9,0,2,8,1,200900009695B01,7,17,1,241800507
200900009749,2009-03-12,2009,mars,jeudi,06:55,40,40088,0,0,2,6,3,2,1,3,1,01,1,2,0,50,1,5,1,3,1,52,1,1,2,0,2,1,1,200900009749B01,7,19,1,244000675
200900009758,2009-03-20,2009,mars,vendredi,07:30,40,40122,0,0,2,2,3,2,1,3,2,02,1,1,0,60,1,0,1,3,2,65,5,1,2,0,2,1,1,200900009758B02,10,19,1,200069649
200900009786,2009-04-10,2009,avril,vendredi,00:10,37,37261,0,0,2,2,3,5,1,9,1,01,1,1,0,30,1,0,1,3,1,19,0,3,4,0,2,1,1,200900009786B01,7,1,1,243700754
200900009812,2009-05-13,2009,mai,mercredi,16:45,86,86194,0,0,2,1,3,1,1,4,2,02,2,1,0,86,1,0,1,4,1,59,9,1,2,0,2,1,1,200900009812B01,10,15,1,200069854
200900009827,2009-05-28,2009,mai,jeudi,14:15,86,86113,0,0,1,1,1,1,1,3,2,00,-1,3,0,55,1,0,1,2,1,58,5,1,2,0,2,1,1,200900009827B02,7,13,1,200043628
200900009829,2009-05-29,2009,mai,vendredi,15:45,86,86115,0,0,2,1,7,1,1,4,2,02,2,1,0,45,1,0,1,3,1,60,5,1,2,0,0,0,1,200900009829A01,,,,200069854
200900009841,2009-05-08,2009,mai,vendredi,21:30,04,04045,0,0,2,1,1,3,1,4,2,02,-1,2,0,40,-1,0,1,3,1,12,5,3,1,0,2,1,1,200900009841B02,2,1,1,200040624
200900009842,2009-05-24,2009,mai,dimanche,09:00,04,04039,0.00004,0,2,1,1,1,1,3,2,02,1,1,65,0,1,0,1,4,2,79,0,3,1,0,2,8,1,200900009842B02,7,17,1,200068625
200900009855,2009-04-22,2009,avril,mercredi,19:20,83,83137,0,0,2,1,1,1,1,4,2,02,1,1,0,60,1,0,1,4,1,15,5,3,9,0,2,1,1,200900009855A01,7,13,1,248300543
200900009864,2009-04-19,2009,avril,dimanche,15:30,83,83069,0,0,1,1,6,1,1,4,-1,01,1,-1,0,145,1,0,1,4,1,11,5,1,2,0,2,0,19,200900009864B01,7,0,1,248300543
200900009875,2009-04-17,2009,avril,vendredi,16:40,83,83137,0,0,2,1,3,1,1,4,2,02,2,-1,0,32,1,0,1,4,1,31,0,3,9,0,2,1,0,200900009875A01,7,1,1,248300543
200900009880,2009-04-25,2009,avril,samedi,16:55,83,83137,0,0,2,1,3,1,1,4,1,01,1,1,0,30,1,0,1,4,1,12,9,3,9,0,2,1,1,200900009880B01,99,22,1,248300543
200900009884,2009-04-14,2009,avril,mardi,19:10,83,83137,0,0,2,1,3,1,1,3,2,02,2,4,0,0,1,0,1,4,1,32,5,3,2,0,2,2,1,200900009884B01,7,17,1,248300543
200900009920,2009-04-10,2009,avril,vendredi,13:00,83,83133,0,0,1,1,2,1,1,3,2,02,-1,1,0,25,1,0,1,3,1,65,5,3,1,0,2,1,1,200900009920A01,10,1,1,200004802
200900009938,2009-05-18,2009,mai,lundi,18:15,64,64393,0.00004,NaN,2,1,1,1,1,3,2,02,1,1,0,0,1,0,1,3,1,18,5,1,2,0,2,1,15,200900009938B02,7,1,1,200039204
200900009956,2009-05-10,2009,mai,dimanche,16:25,64,64483,0.00004,NaN,2,1,3,1,1,4,2,02,1,-1,0,0,1,0,1,4,1,44,5,1,9,1,0,1,1,200900009956B01,7,22,1,200067106
200900009991,2009-05-26,2009,mai,mardi,08:40,64,64445,0.00004,NaN,2,1,3,1,1,4,2,02,1,1,37,90,1,0,1,4,1,22,1,3,9,0,2,1,1,200900009991B01,7,20,1,200067254
200900010003,2009-05-06,2009,mai,mercredi,10:50,64,64445,0.00004,NaN,2,1,6,1,1,4,1,01,1,1,0,0,1,0,1,4,1,67,5,3,2,0,2,1,1,200900010003B01,10,22,1,200067254
200900010010,2009-05-12,2009,mai,mardi,16:30,64,64527,0.00004,NaN,2,6,1,1,1,3,2,02,1,1,20,66,1,5,1,4,1,51,5,1,2,0,0,0,1,200900010010B02,7,17,1,200067106
200900010023,2009-05-27,2009,mai,mercredi,14:35,83,83126,0,0,2,1,6,1,1,4,2,02,1,1,0,70,1,0,1,3,1,8,5,3,9,0,2,7,8,200900010023A01,7,1,1,248300543
200900010033,2009-05-20,2009,mai,mercredi,08:40,83,83137,0,0,2,9,6,1,1,4,1,02,1,1,0,63,1,0,1,2,1,27,0,3,9,0,2,0,0,200900010033B01,14,1,1,248300543
200900010079,2009-05-16,2009,mai,samedi,11:15,83,83043,0,0,1,1,1,1,1,3,-1,02,2,3,0,0,1,0,1,3,1,40,0,1,2,13,0,1,2,200900010079B02,1,2,1,200027100
200900010079,2009-05-16,2009,mai,samedi,11:15,83,83043,0,0,1,1,1,1,1,3,-1,02,2,3,0,0,1,0,1,3,1,48,0,1,2,13,0,1,2,200900010079A01,1,2,1,200027100
200900010092,2009-05-27,2009,mai,mercredi,11:30,83,83094,0,0,1,1,1,1,1,3,2,02,2,4,0,50,-1,0,1,3,1,68,5,1,2,0,2,1,13,200900010092B02,7,13,1,200036077
200900010094,2009-05-17,2009,mai,dimanche,11:00,83,83101,0,0,1,6,1,1,1,3,2,00,2,-1,0,74,1,0,1,4,1,65,5,1,2,0,2,3,13,200900010094B02,7,1,1,200036077
200900010112,2009-05-12,2009,mai,mardi,08:30,83,83047,0,0,2,6,3,1,1,3,-1,02,1,2,0,63,1,0,1,3,1,62,5,1,2,0,2,1,1,200900010112B02,7,13,1,248300543
200900010119,2009-01-10,2009,janvier,samedi,15:25,57,57757,0,0,2,1,2,1,1,4,2,02,2,1,0,0,1,0,1,4,1,35,5,3,9,0,2,4,1,200900010119B01,7,1,1,245701362
200900010121,2009-01-08,2009,janvier,jeudi,18:00,57,57463,0,0,2,2,6,5,1,4,2,02,1,1,0,0,1,0,1,3,1,10,5,3,4,0,2,2,19,200900010121A01,7,1,1,200039865
200900010137,2009-01-17,2009,janvier,samedi,21:15,57,57253,0,0,2,3,6,5,1,4,2,02,1,1,0,100,1,0,1,3,1,89,5,3,9,0,2,1,1,200900010137B01,7,15,1,200068146
200900010172,2009-01-30,2009,janvier,vendredi,14:55,57,57143,0,0,2,3,6,1,1,4,2,02,1,1,0,0,1,0,1,4,1,25,0,3,4,0,2,1,1,200900010172B01,7,15,1,245701271
200900010228,2009-05-20,2009,mai,mercredi,14:30,12,12221,0.00004,0,1,1,1,1,1,3,2,02,2,3,0,72,1,5,1,3,1,48,5,1,2,0,2,1,1,200900010228B02,7,15,1,241200641
200900010231,2009-02-26,2009,février,jeudi,14:30,21,21268,0.00004,0,2,1,2,1,1,3,2,00,2,1,0,0,1,0,1,3,1,62,5,1,2,0,2,2,0,200900010231B02,7,4,1,200070902