Num_Acc,date,an,mois,jour,hrmn,dep,com,lat,long,agg,int,col,lum,atm,catr,circ,nbv,prof,plan,lartpc,larrout,surf,infra,situ,grav,sexe,age,trajet,secuexist,equipement,obs,obsm,choc,manv,vehiculeid,typevehicules,manoeuvehicules,numVehicules,_infos_commune.code_epci
200900016061,2009-08-08,2009,août,samedi,04:45,75,75119,0,0,2,4,6,5,1,4,-1,00,1,1,0,0,1,0,0,4,2,28,5,3,2,0,2,0,2,200900016061A01,7,2,1,200054781
200900016063,2009-08-08,2009,août,samedi,07:55,75,75112,0,0,2,1,7,1,1,4,2,03,1,1,0,90,9,0,1,4,2,45,5,3,2,0,0,0,7,200900016063A01,,,,200054781
200900016064,2009-08-08,2009,août,samedi,11:45,75,75115,0,0,2,3,6,1,2,4,2,03,1,-1,0,108,1,0,1,1,1,28,0,3,2,0,1,1,1,200900016064A01,,,,200054781
200900016070,2009-08-09,2009,août,dimanche,01:20,75,75101,0,0,2,3,3,5,1,4,1,01,1,1,0,30,1,0,5,1,1,25,5,3,2,0,2,3,1,200900016070B01,32,16,1,200054781
200900016073,2009-08-09,2009,août,dimanche,11:00,75,75112,0,0,2,1,7,1,1,4,1,01,1,1,0,30,1,0,1,4,1,48,5,3,2,0,0,0,1,200900016073A01,,,,200054781
200900016077,2009-08-09,2009,août,dimanche,22:25,75,75105,0,0,2,1,7,5,1,4,1,01,2,1,0,52,1,0,1,4,1,33,5,3,2,0,0,1,5,200900016077A01,,,,200054781
200900016082,2009-08-10,2009,août,lundi,09:20,75,75120,0,0,2,1,3,1,1,4,2,02,1,1,0,100,1,0,1,4,2,38,1,3,2,0,2,1,1,200900016082B01,7,22,1,200054781
200900016083,2009-08-10,2009,août,lundi,09:20,75,75117,0,0,2,5,7,1,1,4,1,01,1,1,0,0,1,0,5,4,2,28,1,3,2,0,2,1,1,200900016083A01,7,22,1,200054781
200900016086,2009-08-10,2009,août,lundi,14:30,75,75101,0,0,2,2,3,1,1,4,2,04,1,1,0,155,1,0,1,4,2,28,5,3,2,0,2,6,1,200900016086A01,30,1,1,200054781
200900016088,2009-08-10,2009,août,lundi,19:40,75,75102,0,0,2,5,3,1,1,4,2,04,1,1,0,0,1,0,1,4,2,39,0,3,2,0,2,3,15,200900016088A01,32,1,1,200054781
200900016089,2009-08-10,2009,août,lundi,19:40,75,75111,0,0,2,1,6,1,1,4,2,02,1,1,0,47,1,0,1,4,1,27,4,1,2,1,0,1,14,200900016089A01,,,,200054781
200900016094,2009-08-11,2009,août,mardi,09:30,75,75113,0,0,2,1,3,1,1,4,2,02,1,1,0,142,1,0,1,3,2,30,1,3,2,0,2,0,1,200900016094B01,7,1,1,200054781
200900016100,2009-08-11,2009,août,mardi,22:00,75,75113,0,0,2,2,3,5,1,4,2,02,1,1,0,70,1,0,1,4,1,52,5,3,2,0,2,1,1,200900016100B01,7,1,1,200054781
200900016106,2009-08-16,2009,août,dimanche,21:30,75,75105,0,0,2,2,2,5,1,4,2,00,1,1,0,0,1,0,1,4,1,58,5,3,2,0,2,4,2,200900016106B01,7,2,1,200054781
200900016113,2009-08-17,2009,août,lundi,12:30,75,75107,0,0,2,1,3,1,1,4,1,02,1,-1,0,70,1,0,1,4,1,69,0,3,2,0,2,6,13,200900016113A01,34,1,1,200054781
200900016144,2009-08-19,2009,août,mercredi,16:09,75,75120,0,0,2,5,3,1,1,4,1,02,1,2,0,100,1,0,1,4,1,35,1,3,2,0,2,3,1,200900016144B01,7,1,1,200054781
200900016146,2009-08-19,2009,août,mercredi,18:35,75,75114,0,0,2,2,3,1,1,4,1,03,1,1,0,90,1,5,1,4,2,25,0,3,2,0,2,8,15,200900016146A01,32,1,1,200054781
200900016151,2009-08-20,2009,août,jeudi,11:40,75,75105,0,0,2,1,7,1,1,4,1,03,1,-1,0,210,1,0,1,4,1,26,4,3,2,0,0,0,7,200900016151A01,,,,200054781
200900016152,2009-08-20,2009,août,jeudi,12:25,75,75103,0,0,2,4,4,1,1,4,1,01,1,-1,0,60,8,0,1,4,1,47,0,3,2,0,2,8,2,200900016152A01,32 / 30,2,2,200054781
200900016152,2009-08-20,2009,août,jeudi,12:25,75,75103,0,0,2,4,4,1,1,4,1,01,1,-1,0,60,8,0,1,4,2,78,0,3,2,0,2,8,2,200900016152B01,32 / 30,2,2,200054781
200900016164,2009-08-21,2009,août,vendredi,10:28,75,75118,0,0,2,1,3,1,1,4,2,03,2,-1,0,80,1,0,5,4,1,55,1,3,2,0,2,0,1,200900016164B01,7,9,1,200054781
200900016166,2009-08-21,2009,août,vendredi,12:30,75,75113,0,0,2,2,6,1,1,4,2,03,1,1,0,100,1,0,1,1,1,22,5,3,2,0,1,0,7,200900016166A01,,,,200054781
200900016183,2009-08-21,2009,août,vendredi,17:30,75,75118,0,0,2,2,3,1,7,4,1,01,1,1,0,70,1,0,1,4,1,25,1,3,2,0,2,1,1,200900016183B01,7,1,1,200054781
200900016188,2009-08-21,2009,août,vendredi,20:50,75,75105,0,0,2,5,3,2,1,4,2,03,1,1,0,80,1,0,1,4,1,31,0,3,2,0,2,8,7,200900016188B01,7,16,1,200054781
200900016189,2009-08-21,2009,août,vendredi,21:10,75,75106,0,0,2,1,3,5,1,4,2,04,1,1,0,110,1,0,1,1,1,29,5,3,2,0,2,0,19,200900016189A01,33,1,1,200054781
200900016201,2009-08-22,2009,août,samedi,13:50,75,75107,0,0,2,1,7,1,1,4,1,01,1,1,0,243,1,0,1,4,2,31,5,3,2,0,0,1,1,200900016201A01,,,,200054781
200900016205,2009-08-23,2009,août,dimanche,02:25,75,75120,0,0,2,5,3,5,1,4,2,02,1,1,0,120,1,0,1,4,1,32,5,3,2,0,2,1,1,200900016205A01,7,1,1,200054781
200900016210,2009-08-24,2009,août,lundi,00:25,75,75103,0,0,2,2,3,5,1,4,1,03,1,1,0,90,1,0,1,4,1,47,0,3,2,0,0,0,7,200900016210A01,2,1,1,200054781
200900016212,2009-08-24,2009,août,lundi,07:30,75,75118,0,0,2,2,3,1,1,4,2,06,1,1,130,100,1,0,1,4,1,45,0,3,2,0,0,8,7,200900016212B01,7,16,1,200054781
200900016217,2009-08-24,2009,août,lundi,13:30,75,75110,0,0,2,2,3,1,1,4,2,02,2,1,0,60,-1,0,1,4,2,14,5,3,2,0,2,3,1,200900016217B01,7,16,1,200054781
200900016219,2009-08-24,2009,août,lundi,17:05,75,75112,0,0,2,1,3,1,2,4,2,02,1,1,0,0,2,0,1,4,1,53,1,3,2,0,2,1,1,200900016219B01,10,9,1,200054781
200900016256,2009-08-26,2009,août,mercredi,09:30,75,75112,0,0,2,2,7,1,1,4,-1,01,1,1,0,0,1,0,1,4,1,52,5,1,2,0,0,0,0,200900016256A01,,,,200054781
200900016272,2009-08-28,2009,août,vendredi,08:40,75,75112,0,0,2,1,2,1,8,4,1,01,2,1,0,60,1,0,5,4,1,53,1,2,2,0,0,1,1,200900016272B01,7,22,1,200054781
200900016277,2009-08-28,2009,août,vendredi,14:35,75,75109,0,0,2,1,6,1,1,4,1,00,1,1,50,50,1,0,1,1,2,25,1,3,2,0,1,1,1,200900016277A01,,,,200054781
200900016294,2009-08-29,2009,août,samedi,16:35,75,75119,0,0,2,1,3,1,1,4,2,02,2,1,0,0,1,0,1,4,1,63,9,3,2,1,0,3,1,200900016294B01,37,17,1,200054781
200900016305,2009-08-30,2009,août,dimanche,12:00,75,75112,0,0,2,1,7,1,1,4,3,00,1,1,0,70,1,0,5,4,1,54,0,3,2,0,0,0,1,200900016305A01,,,,200054781
200900016361,2009-05-29,2009,mai,vendredi,08:30,82,82079,0.00004,0,1,1,5,1,7,3,2,00,1,1,0,59,1,0,1,3,2,40,2,2,4,0,2,4,23,200900016361B02,7,1,1,200066652
200900016361,2009-05-29,2009,mai,vendredi,08:30,82,82079,0.00004,0,1,1,5,1,7,3,2,00,1,1,0,59,1,0,1,3,1,11,2,2,4,0,2,4,1,200900016361C03,7,1,1,200066652
200900016391,2009-06-16,2009,juin,mardi,10:55,12,12100,0,0,1,1,3,1,1,3,2,02,1,1,0,72,1,0,1,3,2,73,5,3,9,0,2,8,2,200900016391B01,7,2,1,200067064
200900016392,2009-06-19,2009,juin,vendredi,14:55,12,12202,0,0,2,1,1,1,1,3,2,01,4,3,0,81,1,0,1,3,1,72,5,3,9,0,2,8,1,200900016392B01,7,1,1,241200187
200900016401,2009-05-27,2009,mai,mercredi,13:45,25,25056,0,0,2,1,3,1,1,4,1,01,1,1,0,0,1,0,1,3,1,53,1,3,9,0,2,2,1,200900016401B01,7,22,1,242500361
200900016408,2009-05-12,2009,mai,mardi,07:42,25,25056,0,0,2,3,3,1,1,4,2,02,2,1,0,0,1,0,1,4,1,47,0,3,9,0,2,7,1,200900016408B01,7,15,1,242500361
200900016447,2009-06-14,2009,juin,dimanche,08:45,25,25009,0.00004,0,1,1,3,1,1,3,2,00,1,1,0,50,1,0,1,3,1,86,5,3,1,0,2,1,1,200900016447A01,7,1,1,242504447
200900016460,2009-06-08,2009,juin,lundi,17:41,25,25056,0,0,2,6,3,1,2,4,2,02,1,1,0,0,2,0,1,4,2,52,1,2,2,0,2,7,1,200900016460B01,7,9,1,242500361
200900016462,2009-06-03,2009,juin,mercredi,16:06,25,25056,0,0,2,1,6,1,1,4,2,02,2,1,0,0,1,0,1,3,1,11,5,3,9,0,2,7,19,200900016462B01,7,1,1,242500361
200900016471,2009-06-19,2009,juin,vendredi,22:35,25,25056,0,0,2,3,3,5,1,4,2,02,2,1,0,70,1,0,1,4,1,16,5,2,2,0,2,1,1,200900016471A01,7,1,1,242500361
200900016487,2009-03-17,2009,mars,mardi,16:35,18,18033,0,0,2,1,3,1,1,4,-1,01,1,1,0,40,1,0,1,4,1,67,5,3,4,0,2,1,1,200900016487B01,2,1,1,241800507
200900016497,2009-05-30,2009,mai,samedi,12:30,30,30032,0.00004,0,2,3,3,1,1,4,1,01,1,1,0,52,1,0,1,4,2,9,5,2,2,0,2,1,19,200900016497A01,3,1,1,243000585
200900016502,2009-03-15,2009,mars,dimanche,10:45,44,44055,0,0,2,2,3,1,1,4,2,02,1,1,0,0,1,0,1,4,1,51,5,3,2,0,2,8,1,200900016502B01,7,19,1,244400610
200900016506,2009-03-20,2009,mars,vendredi,08:10,44,44109,0,0,2,2,1,1,1,4,1,02,1,-1,0,0,1,0,1,4,1,18,0,3,9,0,2,1,5,200900016506A01,7,15,1,244400404
200900016514,2009-03-18,2009,mars,mercredi,08:25,44,44184,0,0,2,2,3,1,1,4,2,02,1,1,0,0,1,0,1,3,1,55,1,2,9,0,2,1,1,200900016514B01,7,15,1,244400644
200900016515,2009-03-19,2009,mars,jeudi,08:00,44,44184,0,0,2,6,2,1,1,4,2,02,1,2,0,0,1,0,1,4,1,56,0,3,9,0,2,0,1,200900016515B01,7,9,1,244400644
200900016517,2009-03-19,2009,mars,jeudi,16:05,44,44109,0,0,2,1,3,1,7,4,2,02,1,1,0,0,1,0,0,4,1,13,0,2,2,0,2,2,19,200900016517A01,7,1,1,244400404
200900016521,2009-03-06,2009,mars,vendredi,16:15,44,44184,0,0,2,1,2,1,1,4,1,02,1,1,0,0,1,0,1,4,2,84,0,1,4,0,0,0,1,200900016521B01,7,1,1,244400644
200900016527,2009-03-19,2009,mars,jeudi,16:00,44,44184,0,0,2,3,3,1,1,4,2,02,1,1,0,0,1,0,1,4,2,60,0,3,9,0,2,0,1,200900016527A01,7,1,1,244400644
200900016529,2009-03-03,2009,mars,mardi,06:15,44,44109,0,0,2,3,3,5,5,4,1,02,1,1,0,0,1,0,1,3,1,19,1,3,2,0,2,7,1,200900016529B01,10,9,1,244400404
200900016535,2009-03-03,2009,mars,mardi,10:05,44,44109,0,0,2,3,3,1,1,4,2,00,4,1,0,0,1,0,1,3,1,62,0,3,8,0,2,1,1,200900016535B01,7,1,1,244400404
200900016536,2009-03-24,2009,mars,mardi,19:00,44,44143,0,0,2,1,6,5,1,4,2,02,-1,-1,0,0,-1,0,1,4,1,25,1,1,4,0,2,6,1,200900016536A01,,,,244400404
200900016541,2009-03-21,2009,mars,samedi,18:20,44,44109,0,0,2,1,6,1,1,4,2,02,1,1,0,0,1,0,5,3,1,26,0,3,9,1,0,1,1,200900016541B01,7,22,1,244400404
200900016542,2009-03-09,2009,mars,lundi,11:25,44,44109,0,0,2,1,3,1,1,4,2,02,1,1,0,0,1,0,1,4,2,26,0,3,2,1,0,7,1,200900016542B01,7,24,1,244400404
200900016545,2009-03-13,2009,mars,vendredi,12:10,44,44109,0,0,2,1,2,1,1,4,1,00,2,1,0,0,1,0,0,3,1,25,5,3,9,0,2,1,0,200900016545A01,99,0,1,244400404
200900016673,2009-04-29,2009,avril,mercredi,15:30,57,57672,0,0,2,6,2,1,1,2,3,04,1,1,86,218,1,0,1,4,1,60,5,1,2,0,2,4,2,200900016673B01,7,2,1,245701362
200900016686,2009-04-10,2009,avril,vendredi,17:45,57,57221,0,0,2,1,3,1,1,3,2,02,1,2,0,90,1,0,1,4,1,17,5,3,9,0,2,7,15,200900016686A01,30,1,1,245701222
200900016714,2009-05-30,2009,mai,samedi,22:20,57,57630,0,0,2,2,3,5,1,4,2,02,1,1,0,0,1,0,1,3,1,18,0,2,9,0,2,1,9,200900016714B01,7,1,1,200068146
200900016758,2009-05-18,2009,mai,lundi,09:20,57,57672,0,0,1,1,3,1,1,3,2,02,1,1,0,0,1,5,1,3,1,61,5,1,9,0,2,8,1,200900016758B01,7,15,1,245701362
200900016770,2009-05-11,2009,mai,lundi,13:30,57,57552,0,0,2,1,3,1,1,3,2,00,1,1,55,0,1,0,1,3,2,11,2,1,2,0,2,1,2,200900016770B02,7,1,1,200039865
200900016837,2009-05-04,2009,mai,lundi,09:15,40,40046,0,0,2,1,3,1,1,4,2,01,1,1,0,60,1,0,1,3,2,13,2,1,2,0,2,1,1,200900016837A01,7,1,1,244000873
200900016851,2009-05-30,2009,mai,samedi,17:45,40,40157,0.00004,NaN,2,3,5,1,1,3,2,02,1,1,0,62,1,5,1,3,1,24,5,1,2,0,2,1,1,200900016851A01,7,9,1,244000857
200900016851,2009-05-30,2009,mai,samedi,17:45,40,40157,0.00004,NaN,2,3,5,1,1,3,2,02,1,1,0,62,1,5,1,3,1,22,5,1,2,0,2,1,1,200900016851B02,7,9,1,244000857
200900016860,2009-06-04,2009,juin,jeudi,12:40,52,52448,0.00004,0,2,1,3,1,1,4,1,01,1,1,0,0,1,0,1,4,2,51,0,2,9,1,0,2,0,200900016860B01,7,1,1,200068666
200900016869,2009-06-09,2009,juin,mardi,14:28,52,52448,0.00004,0,2,1,3,1,1,4,2,02,1,1,0,0,1,0,1,4,1,15,0,2,2,0,2,1,0,200900016869B01,7,1,1,200068666
200900016874,2009-06-19,2009,juin,vendredi,21:30,52,52050,0.00004,0,1,1,2,1,1,3,2,00,1,1,0,60,1,0,1,3,2,55,0,1,4,0,2,6,2,200900016874B02,10,21,1,200068658
200900016874,2009-06-19,2009,juin,vendredi,21:30,52,52050,0.00004,0,1,1,2,1,1,3,2,00,1,1,0,60,1,0,1,3,1,55,5,1,4,0,2,6,2,200900016874B02,10,21,1,200068658
200900016922,2009-05-27,2009,mai,mercredi,18:30,74,74010,0,0,2,1,6,1,1,3,2,00,2,4,0,0,1,0,1,4,1,17,5,3,2,0,2,1,1,200900016922A01,7,1,1,200066793
200900016934,2009-05-06,2009,mai,mercredi,18:50,19,19031,0.00004,0,2,2,3,1,1,3,2,03,1,1,0,0,1,0,1,4,1,49,1,2,2,0,2,0,1,200900016934B01,7,15,1,200043172
200900016940,2009-05-07,2009,mai,jeudi,18:00,19,19230,0.00004,0,1,3,3,1,1,3,2,00,3,1,0,46,1,0,1,3,1,82,5,1,2,0,2,1,15,200900016940A01,10,21,1,
200900016962,2009-05-29,2009,mai,vendredi,17:20,19,19031,0.00004,0,2,3,3,1,1,3,2,03,1,1,0,0,1,0,1,3,1,18,5,3,2,0,2,1,15,200900016962A01,7,1,1,200043172
200900016971,2009-07-20,2009,juillet,lundi,13:30,16,16415,0.00005,0,1,1,3,1,1,3,2,02,1,1,0,43,1,0,1,3,1,13,5,1,2,0,2,1,19,200900016971B02,7,1,1,200071827
200900017004,2009-01-21,2009,janvier,mercredi,15:45,13,13112,0.00004,0,1,1,2,1,1,3,2,02,1,1,0,70,1,0,5,3,1,66,5,3,1,1,0,1,1,200900017004B02,10,23,1,200054807
200900017010,2009-01-13,2009,janvier,mardi,13:40,13,13001,0,0,2,1,3,1,1,4,1,01,1,1,0,90,1,0,1,4,1,19,5,2,9,0,2,1,1,200900017010A01,7,1,1,200054807
200900017018,2009-01-17,2009,janvier,samedi,23:30,13,13004,0,0,2,3,2,5,1,4,1,01,1,1,0,60,1,0,1,3,1,25,5,2,4,0,2,4,15,200900017018B01,7,1,1,241300417
200900017094,2009-01-30,2009,janvier,vendredi,07:45,13,13206,0,0,2,1,6,1,1,4,1,02,1,1,10,60,1,0,1,1,1,19,0,3,8,0,1,1,0,200900017094A01,,,,200054807
200900017094,2009-01-30,2009,janvier,vendredi,07:45,13,13206,0,0,2,1,6,1,1,4,1,02,1,1,10,60,1,0,1,4,2,61,0,3,8,0,1,1,0,200900017094A01,,,,200054807
200900017141,2009-01-16,2009,janvier,vendredi,18:55,13,13201,0,0,2,2,6,5,1,4,2,00,1,-1,0,0,-1,0,0,4,1,57,0,3,8,0,0,0,0,200900017141B01,7,0,1,200054807
200900017210,2009-06-09,2009,juin,mardi,16:45,64,64260,0,0,2,1,3,1,1,4,2,02,1,1,0,90,1,0,1,4,1,55,5,1,2,0,2,1,1,200900017210B01,7,15,1,200067106
200900017221,2009-06-15,2009,juin,lundi,09:05,64,64445,0.00004,NaN,2,1,6,1,1,4,1,01,1,1,0,0,1,0,1,4,2,61,5,3,2,0,2,1,1,200900017221B01,7,9,1,200067254
200900017229,2009-06-10,2009,juin,mercredi,16:45,64,64362,0,0,1,1,1,1,1,4,2,02,2,3,0,32,1,0,1,3,1,12,5,3,1,0,2,1,1,200900017229A01,21,1,1,200067106
200900017247,2009-06-20,2009,juin,samedi,16:30,64,64445,0.00004,NaN,2,1,6,1,1,4,2,02,1,1,0,0,1,0,1,4,1,46,5,3,9,0,2,4,1,200900017247B01,7,21,1,200067254
200900017252,2009-06-29,2009,juin,lundi,09:15,64,64495,0.00004,NaN,1,1,1,1,1,3,2,02,-1,3,0,70,1,0,1,3,1,69,5,1,2,0,2,0,1,200900017252B02,10,15,1,200067106
200900017257,2009-06-23,2009,juin,mardi,08:15,64,64335,0.00004,NaN,2,1,3,1,1,3,1,02,1,3,0,0,1,0,1,4,1,78,5,1,2,0,2,1,1,200900017257B01,7,1,1,200067254
200900017259,2009-06-23,2009,juin,mardi,17:00,64,64518,0.00004,NaN,1,1,6,1,1,4,2,01,1,1,0,0,1,0,1,3,1,77,5,1,2,0,0,0,1,200900017259A01,,,,200067254
200900017277,2009-06-29,2009,juin,lundi,14:10,64,64445,0.00004,NaN,2,1,6,1,1,4,1,01,1,1,0,100,1,0,0,3,2,21,5,3,9,0,2,1,19,200900017277A01,7,1,1,200067254
200900017282,2009-06-30,2009,juin,mardi,12:15,64,64398,0,0,1,1,1,1,1,3,-1,02,2,2,37,0,1,0,1,3,1,13,9,3,1,0,2,1,5,200900017282A01,7,1,1,200072106
200900017318,2009-07-10,2009,juillet,vendredi,18:30,64,64120,0.00004,NaN,1,1,3,1,1,3,2,02,1,1,0,52,1,0,1,3,1,10,5,1,2,0,2,1,13,200900017318B02,7,1,1,200067106
200900017328,2009-07-13,2009,juillet,lundi,11:15,64,64219,0.00004,NaN,1,1,5,1,1,3,2,02,2,3,0,59,1,0,1,4,2,46,5,1,2,0,2,8,1,200900017328C03,10,17 / 1,2,200067262
200900017369,2009-03-23,2009,mars,lundi,19:30,80,80253,0,0,2,1,1,5,2,3,2,00,1,1,10,62,2,0,1,3,1,35,5,1,4,0,2,4,1,200900017369B02,7,1,1,200070951
200900017380,2009-03-01,2009,mars,dimanche,14:35,80,80021,0,0,2,2,3,1,1,4,2,02,1,1,0,0,1,0,1,1,1,29,5,2,9,0,2,1,1,200900017380A01,7,1,1,248000531
200900017380,2009-03-01,2009,mars,dimanche,14:35,80,80021,0,0,2,2,3,1,1,4,2,02,1,1,0,0,1,0,1,4,2,21,5,2,9,0,2,1,1,200900017380A01,7,1,1,248000531
200900017415,2009-07-26,2009,juillet,dimanche,09:30,73,73256,0.00004,0,1,1,2,1,1,3,2,02,2,1,0,60,1,0,1,3,1,72,5,1,2,0,2,1,1,200900017415B02,10,1,1,247300452
200900017424,2009-06-14,2009,juin,dimanche,10:15,83,83118,0,0,2,6,3,1,1,4,2,02,1,2,0,0,1,0,1,3,1,70,5,3,2,0,2,1,1,200900017424B01,7,9,1,200035319
200900017459,2009-06-03,2009,juin,mercredi,17:30,83,83023,0,0,2,1,3,1,1,3,2,00,1,1,0,70,1,0,1,3,2,12,5,3,2,0,0,8,19,200900017459A01,7,1,1,200068104
200900017527,2009-06-29,2009,juin,lundi,20:45,83,83061,0,0,1,1,3,2,2,3,2,02,1,2,0,55,2,0,1,3,1,26,0,3,9,0,2,3,15,200900017527B01,7,1,1,200035319
200900017548,2009-02-24,2009,février,mardi,19:30,80,80688,0,0,1,1,1,3,1,3,3,04,1,1,50,132,1,0,1,2,1,36,5,2,4,0,2,4,13,200900017548A01,7,1,1,200070936
200900017560,2009-02-16,2009,février,lundi,15:45,80,80001,0,0,2,9,3,1,1,4,-1,01,2,2,85,90,1,0,1,3,1,67,5,1,2,0,2,1,15,200900017560B01,10,11,1,200070993
200900017574,2009-02-10,2009,février,mardi,16:50,80,80021,0,0,2,1,6,1,2,4,1,01,1,1,0,35,2,0,1,1,1,27,5,2,4,0,1,1,1,200900017574A01,,,,248000531
200900017588,2009-07-11,2009,juillet,samedi,10:30,02,02238,0,0,1,1,1,1,1,3,4,02,1,1,0,60,1,0,1,3,1,38,5,3,1,0,2,0,1,200900017588B02,10,19,1,200043495
200900017595,2009-07-14,2009,juillet,mardi,18:15,02,02596,0.00004,0,2,1,1,1,1,4,1,01,1,1,0,60,1,0,5,3,2,48,5,3,1,0,2,1,0,200900017595B02,30,0,1,240200584
200900017601,2009-07-23,2009,juillet,jeudi,14:00,02,02680,0,0,1,1,1,1,1,3,2,02,1,3,0,52,1,0,1,3,1,56,5,1,2,0,2,1,1,200900017601B02,33,1,1,200071785
200900017615,2009-05-19,2009,mai,mardi,19:25,88,88160,0.00004,0,2,2,3,1,1,4,2,02,2,1,0,69,1,0,1,4,1,13,5,3,9,0,2,8,19,200900017615A01,7,1,1,200068757
200900017624,2009-05-04,2009,mai,lundi,17:15,88,88225,0.00004,0,2,3,1,1,1,3,2,02,1,3,0,80,1,0,1,3,1,36,5,1,2,0,2,3,1,200900017624B02,7,15,1,200068757
200900017640,2009-06-14,2009,juin,dimanche,11:00,88,88075,0.00004,0,1,6,1,1,1,3,2,02,1,-1,0,70,1,5,1,3,1,55,5,1,2,0,2,1,0,200900017640B02,7,9,1,200096634
200900017647,2009-06-13,2009,juin,samedi,16:30,88,88486,0.00004,0,1,1,2,1,1,3,2,02,1,1,0,70,1,0,1,3,1,79,5,3,1,0,2,4,1,200900017647B02,33,1,1,200096634
200900017667,2009-06-03,2009,juin,mercredi,19:08,49,49007,0,0,2,1,7,1,1,4,2,01,1,1,0,0,1,0,1,4,1,22,0,3,9,0,0,0,1,200900017667A01,,,,244900015
200900017670,2009-06-05,2009,juin,vendredi,07:35,49,49007,0,0,2,2,3,1,1,4,2,02,-1,-1,0,0,1,5,1,4,1,48,0,1,9,0,2,4,0,200900017670B01,7,0,1,244900015
200900017676,2009-06-14,2009,juin,dimanche,16:33,49,49267,0,0,2,1,7,1,1,4,2,01,1,1,0,0,1,0,1,4,2,26,5,3,9,0,0,0,1,200900017676A01,,,,244900015
200900017677,2009-06-15,2009,juin,lundi,08:18,49,49007,0,0,2,1,7,1,2,4,2,02,1,1,0,60,2,0,4,4,2,48,1,3,9,0,0,0,0,200900017677A01,,,,244900015
200900017685,2009-06-04,2009,juin,jeudi,18:32,49,49246,0,0,2,2,3,1,1,4,2,02,1,1,0,64,-1,0,1,4,1,54,5,3,9,0,0,2,0,200900017685B01,1,1,1,244900015
200900017685,2009-06-04,2009,juin,jeudi,18:32,49,49246,0,0,2,2,3,1,1,4,2,02,1,1,0,64,-1,0,1,4,1,30,5,3,9,0,0,1,1,200900017685A01,1,0,1,244900015
200900017690,2009-06-02,2009,juin,mardi,17:00,49,49048,0.00004,NaN,1,3,6,1,1,4,2,00,1,3,0,43,1,0,1,3,1,11,5,3,8,0,2,1,0,200900017690B02,7,1,1,244900015
200900017695,2009-06-04,2009,juin,jeudi,09:00,49,49307,0,0,1,1,2,1,1,3,2,00,1,1,0,57,1,5,1,4,1,51,5,3,1,0,2,4,2,200900017695B02,7,2,1,244900015
200900017699,2009-06-22,2009,juin,lundi,20:15,49,49219,0.00004,0,1,1,5,1,1,3,2,02,1,1,0,0,1,0,1,4,1,33,5,3,1,0,0,4,1,200900017699B02,2,17,1,200071876
200900017699,2009-06-22,2009,juin,lundi,20:15,49,49219,0.00004,0,1,1,5,1,1,3,2,02,1,1,0,0,1,0,1,4,1,37,5,3,1,0,0,4,1,200900017699C03,2,17,1,200071876
200900017712,2009-06-23,2009,juin,mardi,14:10,49,49267,0,0,2,1,7,1,1,4,2,02,1,1,0,70,1,0,1,4,1,14,5,3,9,0,0,0,1,200900017712A01,,,,244900015
200900017714,2009-06-20,2009,juin,samedi,15:19,49,49007,0,0,2,1,7,1,1,4,2,02,1,1,0,0,1,0,1,4,1,34,9,3,9,15,0,0,0,200900017714A01,,,,244900015
200900017717,2009-06-27,2009,juin,samedi,11:35,49,49246,0,0,2,1,3,1,1,4,2,02,1,1,0,0,1,0,1,4,2,71,5,3,9,1,0,1,1,200900017717B01,7,24,1,244900015
200900017731,2009-06-17,2009,juin,mercredi,17:30,49,49007,0,0,2,1,3,1,1,4,2,02,1,1,0,50,1,0,1,4,2,33,0,3,9,0,0,0,15,200900017731B01,7,17,1,244900015
200900017756,2009-06-05,2009,juin,vendredi,17:45,27,27309,0.00004,0,2,1,3,1,1,3,2,02,2,1,0,0,1,0,1,3,1,14,0,3,8,0,2,1,0,200900017756B02,14,0,1,200071454
200900017764,2009-06-25,2009,juin,jeudi,16:45,27,27279,0.00004,0,2,4,5,1,1,3,2,02,1,1,19,60,1,0,1,3,1,64,5,3,1,0,0,1,0,200900017764C03,10,11,1,200072312
200900017764,2009-06-25,2009,juin,jeudi,16:45,27,27279,0.00004,0,2,4,5,1,1,3,2,02,1,1,19,60,1,0,1,2,1,58,5,3,1,0,0,0,0,200900017764B02,10,11,1,200072312
200900017765,2009-06-17,2009,juin,mercredi,21:00,27,27602,0.00004,0,1,1,2,1,1,3,2,02,1,1,0,0,1,0,1,4,1,17,5,1,4,0,0,4,0,200900017765B02,33,1,1,200071454
200900017766,2009-06-17,2009,juin,mercredi,17:15,27,27645,0.00004,0,1,3,3,1,1,3,2,02,1,1,53,0,1,0,1,3,2,15,5,2,2,0,2,2,19,200900017766A01,7,1,1,200066405
200900017813,2009-07-14,2009,juillet,mardi,09:15,60,60155,0,0,1,2,3,1,1,3,2,02,1,1,45,65,1,5,1,2,1,64,5,1,2,0,2,8,1,200900017813B02,7,19,1,200067973
200900017884,2009-02-09,2009,février,lundi,13:00,13,13001,0,0,2,3,6,1,1,9,2,02,1,1,0,0,1,0,1,4,1,69,0,3,9,0,2,1,1,200900017884B01,32,15,1,200054807
200900017940,2009-02-16,2009,février,lundi,17:00,13,13117,0,0,1,1,3,1,1,3,3,02,2,1,10,90,1,0,1,4,2,52,5,1,2,0,2,2,1,200900017940B01,33,9,1,200054807
200900017960,2009-02-26,2009,février,jeudi,14:25,13,13005,0,0,1,1,2,1,1,4,2,02,2,1,0,50,1,0,1,3,2,45,5,2,9,0,2,4,15,200900017960B01,10,1,1,200054807
200900018074,2009-02-20,2009,février,vendredi,12:35,13,13209,0,0,2,1,2,1,1,4,1,04,1,1,0,113,1,0,1,3,1,57,0,3,9,0,0,0,0,200900018074A01,7,2,1,200054807