Num_Acc,date,an,mois,jour,hrmn,dep,com,lat,long,agg,int,col,lum,atm,catr,circ,nbv,prof,plan,lartpc,larrout,surf,infra,situ,grav,sexe,age,trajet,secuexist,equipement,obs,obsm,choc,manv,vehiculeid,typevehicules,manoeuvehicules,numVehicules,_infos_commune.code_epci
200900018132,2009-02-26,2009,février,jeudi,23:35,13,13206,0,0,2,1,3,5,1,4,-1,00,1,1,0,0,1,0,1,4,2,22,0,3,9,1,0,0,0,200900018132B01,7,0,1,200054807
200900018170,2009-06-05,2009,juin,vendredi,19:15,01,01037,0.00004,0,1,1,7,1,1,3,2,00,2,3,0,60,1,0,1,3,1,52,5,1,2,13,0,1,14,200900018170A01,,,,240100883
200900018171,2009-06-02,2009,juin,mardi,18:55,01,01053,0.00004,0,2,2,3,1,1,2,2,04,1,1,0,120,1,0,1,4,1,32,1,3,8,0,2,1,1,200900018171B01,7,15,1,200071751
200900018185,2009-06-13,2009,juin,samedi,10:30,01,01447,0.00004,0,1,3,3,1,1,3,2,02,1,1,0,54,1,0,1,3,1,67,5,1,2,0,2,8,15,200900018185B02,7,1,1,200071751
200900018186,2009-06-14,2009,juin,dimanche,14:45,01,01297,0,0,1,1,1,1,1,4,2,02,1,1,0,30,1,0,1,3,1,10,5,3,8,0,2,8,13,200900018186B02,7,1,1,240100610
200900018188,2009-06-19,2009,juin,vendredi,09:15,01,01354,0.00004,0,1,6,3,1,1,3,2,02,1,1,0,0,1,5,1,3,1,69,5,2,9,0,2,8,5,200900018188B02,7,9,1,240100750
200900018201,2009-06-27,2009,juin,samedi,10:30,01,01290,0,0,2,1,6,1,1,4,1,01,4,1,0,32,1,0,1,1,1,19,9,1,2,0,1,1,21,200900018201A01,,,,240100883
200900018219,2009-07-20,2009,juillet,lundi,19:00,01,01240,0.00004,0,1,3,1,1,1,3,2,02,1,1,0,0,1,5,1,3,1,44,5,1,2,0,2,1,1,200900018219B02,7,15,1,200042935
200900018233,2009-07-23,2009,juillet,jeudi,21:15,01,01343,0,0,1,1,1,2,1,4,2,02,2,2,0,35,1,0,1,3,1,19,5,3,1,0,0,1,13,200900018233A01,7,1,1,200070555
200900018239,2009-07-03,2009,juillet,vendredi,14:15,01,01034,0,0,1,1,1,1,1,4,2,02,2,3,0,63,1,0,1,2,1,52,5,1,2,0,2,1,1,200900018239B02,10,13,1,200040350
200900018249,2009-06-02,2009,juin,mardi,16:45,68,68204,0.00004,0,1,1,7,1,1,4,-1,00,2,4,0,0,9,0,1,3,1,17,5,2,2,0,0,1,1,200900018249A01,,,,246800585
200900018256,2009-06-09,2009,juin,mardi,18:00,68,68224,0,0,2,8,3,1,1,4,1,01,1,1,0,55,1,5,1,4,1,78,5,2,2,0,2,3,9,200900018256B01,7,0,1,200066009
200900018257,2009-06-04,2009,juin,jeudi,18:00,68,68066,0,0,2,3,3,1,1,3,2,02,1,1,0,0,1,5,5,4,2,26,1,2,2,0,2,8,1,200900018257B01,7,15,1,246800726
200900018273,2009-06-12,2009,juin,vendredi,10:15,68,68297,0,0,2,7,3,1,1,4,2,02,1,1,0,70,1,0,1,4,2,19,1,3,2,0,2,7,1,200900018273B01,7,1,1,200066058
200900018276,2009-06-13,2009,juin,samedi,10:47,68,68224,0,0,2,2,3,1,1,4,1,01,1,1,0,80,1,5,1,3,1,81,3,2,9,0,2,1,19,200900018276B02,7,1,1,200066009
200900018290,2009-06-24,2009,juin,mercredi,20:00,68,68302,0.00004,0,1,1,2,1,1,3,2,02,1,1,0,62,1,0,1,3,1,48,5,1,9,0,0,4,2,200900018290B02,7,21,1,200036465
200900018292,2009-06-16,2009,juin,mardi,13:30,68,68066,0,0,2,1,3,1,1,4,2,02,1,1,0,80,1,0,1,3,1,10,2,2,2,0,2,6,19,200900018292B01,7,1,1,246800726
200900018296,2009-06-19,2009,juin,vendredi,11:00,68,68066,0,0,2,2,3,1,1,4,2,03,1,1,0,80,1,0,1,3,1,51,1,2,2,0,2,1,0,200900018296B01,7,1,1,246800726
200900018301,2009-06-24,2009,juin,mercredi,18:45,68,68224,0,0,2,2,3,1,1,4,2,02,1,1,0,58,1,0,0,3,2,41,5,2,2,0,2,1,19,200900018301B01,7,16,1,200066009
200900018304,2009-06-26,2009,juin,vendredi,17:15,68,68224,0,0,2,1,3,1,1,4,2,02,2,2,0,67,1,5,1,4,1,14,5,3,9,0,2,7,16,200900018304B01,7,0,1,200066009
200900018305,2009-07-29,2009,juillet,mercredi,14:00,88,88160,0.00004,0,2,2,3,1,1,3,2,02,1,1,0,63,1,0,5,4,2,16,5,3,8,0,2,1,1,200900018305B01,7,15,1,200068757
200900018312,2009-07-29,2009,juillet,mercredi,18:00,88,88196,0.00004,0,1,1,3,1,1,3,2,02,1,3,0,0,1,0,1,3,1,18,5,1,2,0,2,8,13,200900018312A01,7,1,1,200096642
200900018313,2009-07-24,2009,juillet,vendredi,13:30,88,88196,0.00004,0,2,1,6,1,1,3,1,02,1,1,0,40,1,0,1,4,1,62,5,1,2,0,1,1,1,200900018313A01,,,,200096642
200900018326,2009-07-31,2009,juillet,vendredi,18:10,88,88087,0.00004,0,2,2,3,1,1,3,2,02,2,1,0,63,1,0,1,3,1,50,5,3,8,0,2,2,1,200900018326B02,7,19,1,200068757
200900018336,2009-06-12,2009,juin,vendredi,11:15,32,32096,0.00004,NaN,1,1,3,1,1,2,2,02,2,1,0,65,1,0,1,3,1,81,5,1,2,0,2,8,0,200900018336B02,10,17,1,243200458
200900018370,2009-01-03,2009,janvier,samedi,16:20,94,94068,0.00004,0,2,1,2,2,1,4,1,01,1,1,0,0,1,0,1,4,2,77,5,2,9,0,2,1,1,200900018370B01,7,20,1,200054781
200900018382,2009-01-09,2009,janvier,vendredi,06:35,94,94001,0.00004,0,2,1,3,5,1,3,2,02,1,1,0,40,1,0,1,4,1,32,5,2,9,0,0,4,2,200900018382B01,7,17,1,200054781
200900018404,2009-01-12,2009,janvier,lundi,16:15,94,94058,0.00004,0,2,4,3,1,8,3,2,02,1,1,0,65,1,0,1,4,2,14,5,3,9,0,2,8,19,200900018404B01,7,17,1,200054781
200900018429,2009-01-19,2009,janvier,lundi,08:02,94,94052,0.00004,0,2,1,3,3,2,2,3,02,1,1,25,60,2,0,1,3,2,25,1,2,2,0,2,6,19,200900018429B01,7,1,1,200054781
200900018467,2009-01-24,2009,janvier,samedi,12:10,94,94042,0.00004,0,2,1,3,1,1,2,1,02,1,1,0,0,1,0,4,4,1,28,1,3,9,0,2,1,5,200900018467A01,33,9,1,200054781
200900018498,2009-02-01,2009,février,dimanche,12:10,94,94017,0.00004,0,2,1,4,1,1,2,1,00,2,2,0,0,1,0,1,4,1,59,5,1,2,0,2,4,2,200900018498C01,7,1,1,200054781
200900018498,2009-02-01,2009,février,dimanche,12:10,94,94017,0.00004,0,2,1,4,1,1,2,1,00,2,2,0,0,1,0,1,4,1,61,5,1,2,0,2,4,2,200900018498B01,7,1,1,200054781
200900018501,2009-02-25,2009,février,mercredi,19:50,94,94067,0.00004,0,2,2,1,5,1,2,2,05,1,1,0,0,1,0,1,4,1,58,5,3,9,0,2,1,1,200900018501B01,3,15,1,200054781
200900018551,2009-02-10,2009,février,mardi,12:50,94,94068,0.00004,0,2,2,6,1,2,3,2,01,1,1,0,75,2,0,1,4,2,56,1,3,9,0,2,8,19,200900018551B01,7,1,1,200054781
200900018594,2009-02-18,2009,février,mercredi,14:55,94,94077,0.00004,0,2,2,3,1,1,4,2,01,2,1,25,25,1,1,1,4,2,70,5,2,2,1,2,1,1,200900018594A01,7,1,1,200054781
200900018612,2009-02-22,2009,février,dimanche,15:55,94,94041,0.00004,0,2,1,3,1,1,2,2,04,1,1,0,0,1,0,1,4,1,52,5,3,2,0,2,1,1,200900018612B01,7,9,1,200054781
200900018619,2009-02-25,2009,février,mercredi,14:15,94,94073,0.00004,0,2,1,3,1,1,4,-1,02,1,1,0,0,1,0,0,4,1,57,5,3,9,0,0,6,2,200900018619B01,14,2,1,200054781
200900018623,2009-02-25,2009,février,mercredi,23:45,94,94033,0.00004,0,2,2,3,5,1,3,1,01,1,1,0,0,1,0,1,4,1,17,9,2,4,0,2,1,1,200900018623B01,10,1,1,200054781
200900018655,2009-03-07,2009,mars,samedi,15:40,56,56121,0.00004,NaN,2,1,3,1,1,4,2,02,1,1,0,0,1,0,1,4,1,26,0,3,2,0,2,1,1,200900018655B01,7,15,1,200042174
200900018664,2009-03-21,2009,mars,samedi,15:46,56,56098,0,0,2,1,7,1,1,9,2,02,1,1,0,0,1,0,1,4,1,15,5,3,9,0,0,0,1,200900018664A01,,,,200042174
200900018679,2009-03-26,2009,mars,jeudi,13:50,56,56260,0.00004,NaN,2,1,6,1,1,4,2,02,1,1,0,0,1,0,1,3,1,71,5,2,9,0,0,0,21,200900018679B01,7,22,1,200067932
200900018680,2009-03-19,2009,mars,jeudi,13:20,56,56260,0.00004,NaN,2,6,3,1,1,4,1,02,1,1,0,0,1,0,1,4,1,65,5,2,2,0,2,1,19,200900018680B01,7,1,1,200067932
200900018691,2009-03-05,2009,mars,jeudi,19:25,56,56260,0.00004,NaN,2,6,3,2,1,4,2,02,1,1,0,0,1,0,1,4,2,14,5,3,2,0,2,1,19,200900018691A01,7,1,1,200067932
200900018698,2009-03-23,2009,mars,lundi,08:57,56,56121,0.00004,NaN,2,6,3,1,1,3,1,01,2,3,0,0,1,0,1,4,2,26,5,3,9,0,2,7,1,200900018698B01,7,1,1,200042174
200900018703,2009-04-30,2009,avril,jeudi,16:00,56,56121,0.00004,NaN,2,1,7,1,1,9,2,02,1,1,0,0,1,0,4,4,1,69,5,3,9,12,0,7,1,200900018703A01,,,,200042174
200900018721,2009-04-28,2009,avril,mardi,18:25,56,56121,0.00004,NaN,2,1,6,1,1,9,2,02,2,2,0,0,1,0,1,1,1,32,5,3,9,0,1,1,1,200900018721A01,,,,200042174
200900018783,2009-03-08,2009,mars,dimanche,10:05,72,72181,0,0,2,1,3,1,2,4,2,04,1,1,0,0,2,0,0,4,1,62,5,1,2,0,0,8,1,200900018783B01,7,1,1,247200132
200900018786,2009-03-16,2009,mars,lundi,16:35,72,72181,0,0,2,1,6,1,1,4,1,02,1,1,0,65,1,0,1,4,1,49,1,1,2,0,0,7,1,200900018786B01,,,,247200132
200900018820,2009-05-10,2009,mai,dimanche,08:30,66,66074,0.00004,0,1,1,6,1,1,3,2,02,1,1,0,60,1,0,1,3,1,48,5,1,2,0,2,4,1,200900018820B02,,,,200049211
200900018830,2009-05-30,2009,mai,samedi,16:10,66,66136,0.00004,0,2,1,3,1,1,4,-1,00,1,1,0,0,1,0,1,4,1,19,5,2,2,0,2,7,19,200900018830B01,7,16,1,200027183
200900018885,2009-03-05,2009,mars,jeudi,17:00,94,94068,0.00004,0,2,2,3,1,1,4,2,02,3,1,0,0,1,0,1,4,1,12,2,3,9,0,2,1,1,200900018885A01,7,1,1,200054781
200900018922,2009-03-13,2009,mars,vendredi,15:40,94,94073,0.00004,0,2,1,6,1,1,4,2,02,1,1,0,0,1,0,1,4,1,41,5,2,2,1,0,2,1,200900018922A01,,,,200054781
200900018959,2009-03-19,2009,mars,jeudi,07:40,94,94052,0.00004,0,2,1,3,1,1,2,2,04,1,1,0,120,1,0,1,4,1,25,1,3,2,0,2,2,10,200900018959B01,7,1,1,200054781
200900018998,2009-03-24,2009,mars,mardi,10:10,94,94052,0.00004,0,2,1,3,1,1,4,1,01,2,1,0,50,1,0,1,4,1,19,2,3,9,0,2,1,19,200900018998B01,7,20,1,200054781
200900019002,2009-03-25,2009,mars,mercredi,10:25,94,94028,0.00004,0,2,1,6,1,2,4,2,02,1,1,0,60,1,0,1,4,1,30,9,1,9,1,0,1,1,200900019002A01,10,22,1,200054781
200900019007,2009-03-25,2009,mars,mercredi,13:50,94,94078,0.00004,0,2,1,2,1,1,4,2,02,1,1,0,60,1,0,1,4,1,13,1,3,9,1,0,1,0,200900019007A01,7,24,1,200054781
200900019035,2009-03-30,2009,mars,lundi,10:05,94,94067,0.00004,0,2,1,3,1,1,4,2,04,1,1,0,0,1,0,1,3,2,45,1,3,9,0,2,8,15,200900019035B01,17,11,1,200054781
200900019076,2009-04-02,2009,avril,jeudi,08:35,94,94028,0.00004,0,2,1,3,1,1,2,2,02,1,-1,0,60,1,0,1,4,2,36,1,3,9,0,2,8,1,200900019076B01,7,9,1,200054781
200900019077,2009-04-02,2009,avril,jeudi,18:10,94,94076,0.00004,0,2,3,6,1,1,3,1,02,1,1,0,0,1,0,1,1,1,39,9,3,9,0,0,1,0,200900019077A01,,,,200054781
200900019090,2009-04-07,2009,avril,mardi,19:45,94,94018,0.00004,0,2,3,3,1,1,4,2,02,1,1,0,0,1,5,1,3,1,30,5,3,9,0,2,1,5,200900019090B01,7,1,1,200054781
200900019094,2009-04-03,2009,avril,vendredi,17:30,94,94076,0.00004,0,2,2,6,1,1,4,2,02,2,1,0,0,1,0,1,4,2,28,1,3,2,0,0,7,1,200900019094A01,7,1,1,200054781
200900019106,2009-04-05,2009,avril,dimanche,18:40,94,94076,0.00004,0,2,1,3,1,1,4,2,00,1,1,0,50,1,0,1,3,2,16,5,3,9,0,0,1,19,200900019106B01,30,1,1,200054781
200900019112,2009-04-06,2009,avril,lundi,14:15,94,94068,0.00004,0,2,2,3,1,1,4,2,01,1,1,0,55,1,0,1,4,1,66,5,3,9,0,2,3,1,200900019112B01,7,14,1,200054781
200900019124,2009-04-08,2009,avril,mercredi,19:10,94,94038,0.00004,0,2,2,3,1,8,3,3,04,1,1,0,0,1,0,1,4,1,28,5,2,2,0,2,1,1,200900019124B01,7,15,1,200054781
200900019130,2009-04-09,2009,avril,jeudi,17:00,94,94041,0.00004,0,2,1,3,1,1,3,2,02,1,1,0,70,1,0,1,1,1,24,1,1,9,0,2,1,19,200900019130B01,7,2,1,200054781
200900019150,2009-04-11,2009,avril,samedi,13:20,94,94022,0.00004,0,2,1,5,1,1,3,-1,02,1,1,0,80,1,0,1,4,1,30,1,3,9,0,2,1,1,200900019150B01,7,15 / 21,2,200054781
200900019170,2009-04-16,2009,avril,jeudi,14:05,94,94043,0.00004,0,2,1,6,1,1,3,2,01,2,1,0,20,1,0,4,1,2,16,5,3,9,0,1,1,1,200900019170A01,,,,200054781
200900019170,2009-04-16,2009,avril,jeudi,14:05,94,94043,0.00004,0,2,1,6,1,1,3,2,01,2,1,0,20,1,0,4,1,2,16,5,3,9,0,1,1,1,200900019170A01,,,,200054781
200900019210,2009-04-24,2009,avril,vendredi,16:30,94,94068,0.00004,0,2,1,6,1,1,3,2,01,1,1,0,60,1,0,1,4,2,49,5,2,9,1,0,1,1,200900019210B01,7,22,1,200054781
200900019213,2009-04-24,2009,avril,vendredi,18:50,94,94033,0.00004,0,2,1,2,1,1,3,2,02,1,1,0,0,1,0,1,4,1,17,9,2,2,0,0,1,2,200900019213A01,7,2,1,200054781
200900019234,2009-04-29,2009,avril,mercredi,12:40,94,94056,0.00004,0,2,3,3,1,8,3,2,02,1,1,0,60,2,0,1,3,1,58,5,1,2,0,2,2,1,200900019234B01,7,15,1,200054781
200900019279,2009-04-12,2009,avril,dimanche,19:40,95,95018,0.00004,0,2,3,6,1,1,4,-1,01,1,1,0,130,1,6,0,4,2,15,5,3,2,0,2,4,2,200900019279B01,32,1,1,200054781
200900019311,2009-04-05,2009,avril,dimanche,13:35,95,95539,0.00004,0,2,2,3,1,1,4,2,02,1,1,,,1,0,1,4,1,45,5,1,2,0,2,0,15,200900019311B01,7,16,1,200056380
200900019328,2009-04-26,2009,avril,dimanche,12:15,95,95426,0.00004,0,2,1,7,1,1,3,2,02,2,1,0,70,1,0,1,4,1,59,0,3,9,0,0,9,1,200900019328A01,,,,200056380
200900019330,2009-04-29,2009,avril,mercredi,18:40,95,95203,0.00004,0,2,1,6,1,1,3,2,02,1,1,0,0,1,0,1,4,1,55,0,3,9,0,2,1,1,200900019330A01,7,9,1,200058485
200900019335,2009-04-09,2009,avril,jeudi,07:55,67,67043,0,0,2,2,3,1,1,4,2,02,1,1,0,60,1,0,1,4,2,54,0,3,2,0,2,8,1,200900019335B01,7,15,1,246700488
200900019339,2009-04-15,2009,avril,mercredi,10:45,67,67447,0,0,2,1,3,1,1,4,2,02,1,3,0,50,1,0,1,4,1,53,0,3,9,0,2,1,1,200900019339A01,7,16,1,246700488
200900019347,2009-04-01,2009,avril,mercredi,08:00,67,67482,0,0,2,1,3,1,1,4,2,02,1,1,0,50,1,0,1,4,1,16,2,3,9,0,2,1,1,200900019347B01,7,4,1,246700488
200900019356,2009-04-06,2009,avril,lundi,09:10,67,67482,0,0,2,3,3,1,1,4,1,01,1,1,0,50,1,0,1,4,2,29,5,3,9,0,2,7,1,200900019356B01,7,16,1,246700488
200900019358,2009-04-11,2009,avril,samedi,11:45,67,67482,0,0,2,3,6,1,1,4,2,02,1,1,0,60,1,0,1,4,1,8,5,3,2,0,2,1,19,200900019358B01,7,1,1,246700488
200900019360,2009-04-12,2009,avril,dimanche,10:30,67,67482,0,0,2,1,6,1,1,4,2,04,1,1,0,120,1,0,5,1,2,27,0,3,2,0,1,0,1,200900019360A01,,,,246700488
200900019373,2009-04-09,2009,avril,jeudi,17:45,67,67368,0.00004,0,2,1,3,1,1,3,2,02,2,3,0,0,1,5,1,4,1,46,5,1,2,0,2,1,1,200900019373B02,7,15,1,246700744
200900019389,2009-04-19,2009,avril,dimanche,18:20,67,67482,0,0,2,3,3,1,1,4,2,01,1,2,0,100,1,0,1,4,2,56,5,2,2,0,2,1,0,200900019389B01,7,0,1,246700488
200900019411,2009-04-12,2009,avril,dimanche,17:00,67,67482,0,0,2,1,3,1,1,4,1,01,1,1,0,60,1,0,1,4,1,21,0,3,2,0,2,3,19,200900019411A01,7,1,1,246700488
200900019412,2009-04-25,2009,avril,samedi,14:10,67,67482,0,0,2,2,3,1,1,4,3,01,1,1,0,70,1,0,4,4,1,58,5,3,9,0,2,1,16,200900019412B01,7,20,1,246700488
200900019452,2009-05-15,2009,mai,vendredi,15:35,95,95582,0.00004,0,2,3,3,1,1,3,2,02,1,1,0,72,1,0,1,4,1,13,2,2,2,0,2,1,15,200900019452A01,7,1,1,200058485
200900019454,2009-05-18,2009,mai,lundi,07:50,95,95176,0.00004,0,2,6,3,1,1,3,2,02,1,3,0,70,1,5,1,4,1,16,1,3,2,0,2,1,19,200900019454B01,7,16,1,200058485
200900019462,2009-05-27,2009,mai,mercredi,10:30,95,95219,0.00004,0,2,3,3,1,1,4,2,02,1,1,0,0,1,0,1,4,1,17,0,3,9,0,2,1,1,200900019462A01,7,9,1,200058485
200900019468,2009-05-06,2009,mai,mercredi,14:50,95,95051,0,0,2,9,2,1,1,4,2,02,1,1,0,60,1,0,1,4,1,56,5,2,2,0,2,2,1,200900019468B01,10,1,1,200058485
200900019473,2009-05-26,2009,mai,mardi,10:30,95,95252,0,0,2,1,1,1,8,4,2,01,1,1,0,0,1,0,1,4,1,22,9,3,9,0,2,3,0,200900019473B01,7,0,1,200058485
200900019481,2009-05-01,2009,mai,vendredi,01:45,95,95219,0.00004,0,2,3,3,5,1,3,2,04,1,1,29,76,1,0,1,3,1,20,1,3,9,0,2,1,1,200900019481A01,7,1,1,200058485
200900019485,2009-05-13,2009,mai,mercredi,09:30,95,95219,0.00004,0,2,3,3,1,1,3,2,02,1,1,0,62,1,0,1,4,1,45,4,3,9,0,0,1,16,200900019485B01,7,16,1,200058485
200900019491,2009-05-30,2009,mai,samedi,14:25,95,95018,0.00004,0,2,9,3,1,1,4,-1,00,1,1,0,310,1,6,0,4,1,8,5,3,2,0,2,1,1,200900019491B01,30,1,1,200054781
200900019499,2009-05-24,2009,mai,dimanche,13:45,95,95426,0,0,2,1,6,1,1,4,-1,01,2,1,0,60,1,0,1,4,1,18,5,2,2,0,1,1,1,200900019499A01,,,,200056380
200900019510,2009-07-12,2009,juillet,dimanche,10:15,83,83073,0.00004,0,1,1,1,1,1,3,2,02,1,1,0,41,1,0,1,3,1,43,5,1,2,0,2,1,5,200900019510B02,10,1,1,248300550
200900019518,2009-07-20,2009,juillet,lundi,20:00,83,83030,0,0,1,1,7,1,1,3,2,01,1,1,0,63,1,0,1,3,1,50,5,3,1,6,0,0,1,200900019518A01,,,,200068104
200900019519,2009-07-02,2009,juillet,jeudi,11:00,83,83106,0,0,2,1,3,1,1,3,2,02,2,-1,0,60,1,0,1,3,2,16,5,3,2,0,2,1,21,200900019519B02,7,15,1,200068104
200900019533,2009-07-05,2009,juillet,dimanche,07:30,83,83068,0.00004,0,1,1,5,1,1,3,4,03,1,2,0,120,1,5,1,2,1,85,5,1,2,0,2,8,19,200900019533A01,7,1 / 23,2,200036077
200900019539,2009-07-01,2009,juillet,mercredi,19:40,83,83098,0,0,2,1,5,1,3,4,2,02,1,3,0,69,2,0,1,4,2,62,5,3,2,0,2,8,1,200900019539B01,7,13,1,248300543
200900019539,2009-07-01,2009,juillet,mercredi,19:40,83,83098,0,0,2,1,5,1,3,4,2,02,1,3,0,69,2,0,1,3,1,68,5,1,2,0,2,8,1,200900019539C01,7,13,1,248300543
200900019561,2009-07-10,2009,juillet,vendredi,08:15,83,83098,0,0,1,1,2,1,1,3,2,02,1,1,0,60,1,0,1,4,1,59,5,1,2,0,2,4,1,200900019561B01,7,2,1,248300543
200900019563,2009-07-13,2009,juillet,lundi,07:00,83,83129,0,0,2,1,1,1,1,3,1,02,1,1,11,64,1,0,1,3,1,35,3,1,9,0,2,1,5,200900019563A01,7,5,1,248300543
200900019592,2009-07-30,2009,juillet,jeudi,17:45,83,83129,0,0,2,1,3,1,1,4,1,01,1,3,0,0,1,0,1,3,1,29,5,1,2,0,2,1,0,200900019592A01,7,1,1,248300543
200900019608,2009-07-18,2009,juillet,samedi,04:20,83,83137,0,0,2,1,6,5,6,4,2,04,1,1,0,120,1,0,4,2,1,33,5,3,2,9,0,1,1,200900019608A01,,,,248300543
200900019630,2009-06-18,2009,juin,jeudi,16:15,05,05162,0,0,2,4,3,1,1,4,2,02,2,1,0,115,1,,,3,1,14,5,2,2,0,0,8,19,200900019630B02,10,1,1,200067825
200900019634,2009-06-22,2009,juin,lundi,13:25,05,05061,0,0,2,1,3,1,1,4,1,01,1,1,0,63,1,0,1,3,1,13,2,3,2,0,0,3,13,200900019634A01,14,1,1,200067825
200900019635,2009-06-23,2009,juin,mardi,08:30,05,05061,0,0,2,6,3,1,1,3,2,02,1,2,38,94,1,5,1,4,2,12,2,1,2,0,,1,1,200900019635A01,10,1,1,200067825
200900019660,2009-07-20,2009,juillet,lundi,14:25,86,86041,0,0,2,6,3,1,1,4,1,01,1,4,0,0,1,0,1,4,1,32,5,3,9,0,2,1,1,200900019660B01,7,9,1,200069854
200900019674,2009-06-24,2009,juin,mercredi,14:30,10,10156,0,0,2,1,1,1,1,3,2,02,1,1,0,60,1,0,1,3,1,14,5,3,1,0,2,1,15,200900019674A01,10,1,1,200069250
200900019676,2009-06-26,2009,juin,vendredi,08:00,10,10384,0.00004,0,1,1,2,1,1,3,2,02,1,1,0,65,1,0,1,4,1,50,1,3,1,0,0,4,1,200900019676B02,2,1,1,200066892
200900019687,2009-06-23,2009,juin,mardi,12:15,10,10387,0,0,2,3,3,1,1,4,2,02,1,1,0,140,1,0,1,4,1,51,0,3,2,0,2,1,1,200900019687B01,7,16,1,200069250
200900019692,2009-06-04,2009,juin,jeudi,11:50,10,10081,0,0,2,6,3,1,1,4,2,02,1,1,20,70,1,5,1,3,2,65,0,3,9,0,2,1,0,200900019692B01,7,16,1,200069250
200900019696,2009-05-18,2009,mai,lundi,08:45,67,67482,0,0,2,3,3,1,1,4,2,02,1,1,0,80,1,0,1,4,2,24,5,3,9,0,2,1,15,200900019696A01,7,1,1,246700488
200900019698,2009-05-22,2009,mai,vendredi,21:15,67,67482,0,0,2,1,3,1,1,4,3,04,1,1,18,76,1,0,1,4,1,30,5,2,2,0,2,8,19,200900019698B01,7,15,1,246700488
200900019716,2009-05-20,2009,mai,mercredi,00:01,67,67482,0,0,2,2,6,5,1,4,1,01,1,1,0,45,1,0,1,4,2,19,0,3,2,0,2,0,19,200900019716B01,7,0,1,246700488
200900019727,2009-05-24,2009,mai,dimanche,23:05,67,67482,0,0,2,1,1,5,1,4,1,02,1,1,0,81,1,0,4,4,2,25,5,2,9,0,2,1,1,200900019727B01,30,1,1,246700488
200900019728,2009-05-27,2009,mai,mercredi,12:30,67,67482,0,0,2,3,3,1,1,4,2,02,1,1,0,100,1,0,1,4,2,18,2,3,9,0,2,1,1,200900019728B01,7,16,1,246700488
200900019729,2009-05-27,2009,mai,mercredi,22:30,67,67482,0,0,2,3,3,5,1,4,2,02,1,1,0,108,1,0,1,4,2,29,9,3,9,0,2,8,1,200900019729B01,7,15,1,246700488
200900019731,2009-05-11,2009,mai,lundi,19:15,67,67482,0,0,2,2,3,1,1,4,2,04,1,1,0,50,1,0,1,4,2,24,1,3,9,0,2,0,1,200900019731B01,7,14,1,246700488
200900019733,2009-05-12,2009,mai,mardi,12:00,67,67447,0,0,2,2,3,1,2,4,2,02,1,1,0,39,2,0,1,4,1,14,2,3,2,0,2,1,1,200900019733A01,7,1,1,246700488
200900019737,2009-05-15,2009,mai,vendredi,19:30,67,67482,0,0,2,2,3,1,2,4,2,03,1,1,15,110,2,0,1,4,1,26,4,2,2,0,2,1,1,200900019737B01,7,15,1,246700488
200900019739,2009-05-05,2009,mai,mardi,13:50,67,67482,0,0,2,1,4,1,1,4,1,01,1,1,0,35,1,0,1,4,1,23,9,3,9,0,2,3,13,200900019739A01,7,24 / 1,2,246700488
200900019740,2009-05-14,2009,mai,jeudi,18:55,67,67482,0,0,2,2,3,1,1,4,2,02,1,1,0,60,1,0,1,4,1,17,5,3,9,0,2,1,1,200900019740A01,2,1,1,246700488
200900019745,2009-05-15,2009,mai,vendredi,18:20,67,67447,0,0,2,1,6,1,2,4,1,02,1,1,0,100,2,0,5,1,1,20,2,2,9,0,1,1,1,200900019745A01,,,,246700488
200900019746,2009-05-06,2009,mai,mercredi,09:45,67,67482,0,0,2,1,3,1,1,4,2,02,1,1,0,60,1,0,1,4,1,38,1,3,9,1,0,1,1,200900019746B01,7,24,1,246700488
200900019763,2009-05-29,2009,mai,vendredi,17:15,67,67416,0.00004,0,1,1,6,1,1,3,2,02,4,1,0,60,1,0,1,3,1,51,5,3,1,0,0,0,1,200900019763A01,,,,246700926
200900019770,2009-05-16,2009,mai,samedi,17:15,67,67154,0,0,2,1,3,1,1,4,2,02,1,1,0,0,1,0,1,4,1,15,5,2,2,0,2,1,16,200900019770B02,7,1,1,200067924
200900019772,2009-05-22,2009,mai,vendredi,15:45,67,67152,0.00004,0,2,3,3,1,1,3,2,02,1,1,0,27,1,5,5,3,1,53,5,2,2,0,2,1,1,200900019772A01,1,15,1,246700488
200900019772,2009-05-22,2009,mai,vendredi,15:45,67,67152,0.00004,0,2,3,3,1,1,3,2,02,1,1,0,27,1,5,5,1,1,8,5,1,2,0,2,1,15,200900019772B02,1,1,1,246700488
200900019773,2009-05-08,2009,mai,vendredi,10:00,67,67392,0,0,1,1,3,1,2,4,2,02,2,2,0,38,2,0,1,3,1,57,5,1,2,0,2,1,1,200900019773A01,7,1,1,200067783
200900019776,2009-05-20,2009,mai,mercredi,08:45,67,67538,0,0,2,1,3,1,1,4,2,02,1,1,0,62,1,0,1,3,1,77,5,2,2,0,2,0,1,200900019776B02,7,1,1,200067783
200900019788,2009-05-18,2009,mai,lundi,17:00,67,67462,0.00004,0,2,1,3,1,1,3,2,01,1,1,27,30,1,0,1,3,1,84,3,3,9,12,2,7,19,200900019788B01,37,1,1,246700967
200900019812,2009-07-28,2009,juillet,mardi,15:00,27,27055,0.00004,0,2,1,1,1,1,4,2,00,1,2,0,0,1,0,1,3,1,12,5,3,1,0,2,1,5,200900019812B02,7,1,1,242700607
200900019819,2009-07-02,2009,juillet,jeudi,19:30,27,27681,0.00004,0,2,3,6,1,1,3,2,02,1,1,0,60,1,0,1,3,1,19,5,2,2,0,2,1,17,200900019819B01,7,15,1,200072312