Num_Acc,date,an,mois,jour,hrmn,dep,com,lat,long,agg,int,col,lum,atm,catr,circ,nbv,prof,plan,lartpc,larrout,surf,infra,situ,grav,sexe,age,trajet,secuexist,equipement,obs,obsm,choc,manv,vehiculeid,typevehicules,manoeuvehicules,numVehicules,_infos_commune.code_epci
200900031349,2009-05-25,2009,mai,lundi,01:50,69,69387,0,0,2,1,2,5,1,4,1,03,1,1,0,83,1,0,1,4,1,18,5,2,9,0,9,0,1,200900031349B01,7,1,1,200046977
200900031362,2009-05-14,2009,mai,jeudi,07:55,35,35055,0,0,1,1,2,1,1,4,2,02,2,1,0,60,1,0,1,4,1,52,1,1,2,0,2,1,2,200900031362A01,1,2,1,243500139
200900031362,2009-05-14,2009,mai,jeudi,07:55,35,35055,0,0,1,1,2,1,1,4,2,02,2,1,0,60,1,0,1,4,1,71,5,2,9,0,2,4,2,200900031362B01,1,2,1,243500139
200900031364,2009-05-08,2009,mai,vendredi,16:10,35,35288,0,0,2,3,3,1,1,4,2,02,1,1,0,0,1,0,1,4,1,15,5,2,2,0,2,0,15,200900031364B01,7,1,1,243500782
200900031392,2009-05-26,2009,mai,mardi,08:30,35,35047,0,0,2,1,6,1,2,9,2,00,1,1,0,0,2,0,1,4,1,17,2,3,1,0,1,1,1,200900031392A01,,,,243500139
200900031402,2009-05-05,2009,mai,mardi,16:55,35,35238,0,0,2,3,3,1,1,4,2,02,-1,-1,0,60,1,0,1,4,2,20,5,3,8,0,2,1,1,200900031402B01,7,16,1,243500139
200900031407,2009-05-08,2009,mai,vendredi,17:40,35,35238,0,0,2,2,3,1,1,4,2,02,1,1,0,64,1,0,1,3,1,10,5,3,8,0,2,1,19,200900031407A01,7,1,1,243500139
200900031411,2009-05-09,2009,mai,samedi,16:40,35,35238,0,0,2,1,7,1,1,4,2,02,1,1,0,60,1,0,1,4,1,14,5,3,8,0,2,1,2,200900031411B01,1,2,1,243500139
200900031411,2009-05-09,2009,mai,samedi,16:40,35,35238,0,0,2,1,7,1,1,4,2,02,1,1,0,60,1,0,1,4,1,14,5,3,8,0,2,1,2,200900031411A01,1,2,1,243500139
200900031415,2009-05-12,2009,mai,mardi,08:50,35,35238,0,0,2,2,3,1,8,4,2,02,1,1,0,60,1,0,1,3,1,60,5,1,2,0,2,1,1,200900031415B01,7,15,1,243500139
200900031424,2009-05-22,2009,mai,vendredi,10:40,35,35238,0,0,2,1,7,1,1,4,2,02,1,1,0,0,1,0,1,3,2,81,5,3,8,0,0,1,1,200900031424A01,,,,243500139
200900031436,2009-01-12,2009,janvier,lundi,10:20,35,35288,0,0,2,6,3,1,1,3,1,02,-1,3,0,0,1,5,1,3,1,74,0,2,2,0,2,0,1,200900031436B01,7,1,1,243500782
200900031439,2009-08-04,2009,août,mardi,07:45,37,37240,0.00004,0,1,1,1,1,1,2,3,01,1,-1,26,124,1,0,1,2,1,78,5,1,4,0,2,8,13,200900031439B02,7,17,1,243700499
200900031440,2009-08-04,2009,août,mardi,18:30,37,37132,0,0,2,1,1,1,1,3,2,00,-1,3,0,50,1,0,1,3,1,40,5,3,1,0,2,1,13,200900031440A01,7,1,1,200071587
200900031448,2009-08-21,2009,août,vendredi,12:15,37,37269,0,0,1,1,2,1,1,3,2,00,1,1,0,0,1,5,1,3,2,46,5,2,2,0,0,4,13,200900031448A01,7,17,1,200071587
200900031453,2009-08-27,2009,août,jeudi,11:45,37,37062,0.00004,0,2,1,1,1,1,3,2,00,1,1,0,50,1,0,1,3,1,68,3,3,2,1,0,1,1,200900031453B02,7,22,1,200072981
200900031456,2009-08-18,2009,août,mardi,19:30,37,37261,0,0,2,3,3,1,1,4,3,04,1,1,40,140,1,0,1,4,1,12,5,3,9,0,2,8,15,200900031456A01,7,1,1,243700754
200900031465,2009-08-31,2009,août,lundi,07:55,37,37195,0,0,2,6,3,1,1,3,2,00,1,1,0,0,1,0,1,4,1,56,5,3,9,0,2,7,1,200900031465B01,7,1,1,243700754
200900031481,2009-08-16,2009,août,dimanche,22:29,37,37261,0,0,2,1,7,5,1,4,2,04,1,1,0,210,1,2,4,4,2,79,5,3,4,10,0,0,1,200900031481A01,,,,243700754
200900031482,2009-08-19,2009,août,mercredi,10:40,37,37122,0,0,1,2,3,1,1,3,3,02,1,1,10,130,1,0,1,4,1,9,5,1,2,0,2,7,1,200900031482B01,7,15,1,243700754
200900031494,2009-08-07,2009,août,vendredi,16:52,37,37261,0,0,2,1,7,1,1,4,2,04,-1,-1,0,170,1,0,1,4,2,27,9,3,9,0,0,0,0,200900031494A01,7,0,1,243700754
200900031502,2009-05-27,2009,mai,mercredi,14:00,31,31490,0.00004,0,2,1,6,1,1,3,2,02,1,1,0,65,1,0,1,4,1,58,5,3,8,0,0,0,1,200900031502B01,7,17,1,243100518
200900031504,2009-08-18,2009,août,mardi,09:19,47,47001,0.00004,0,2,3,2,1,1,3,2,04,1,1,0,125,1,0,1,3,1,81,5,2,2,0,2,4,17,200900031504B01,7,15,1,200096956
200900031506,2009-09-26,2009,septembre,samedi,12:19,49,49007,0,0,2,1,7,1,1,4,2,02,1,1,0,78,1,0,4,4,1,24,9,3,2,0,0,0,1,200900031506A01,,,,244900015
200900031508,2009-09-07,2009,septembre,lundi,11:52,49,49007,0,0,2,1,7,1,1,6,-1,00,1,1,0,0,1,0,1,4,1,18,5,3,2,0,0,0,0,200900031508A01,,,,244900015
200900031534,2009-09-14,2009,septembre,lundi,19:02,49,49007,0,0,2,1,7,1,1,4,2,02,1,1,0,60,1,0,4,4,1,12,9,2,2,0,0,0,0,200900031534A01,,,,244900015
200900031538,2009-09-11,2009,septembre,vendredi,12:55,49,49007,0,0,2,1,3,1,1,4,-1,02,1,1,0,78,-1,0,1,4,2,43,0,3,2,0,2,0,0,200900031538B01,7,16,1,244900015
200900031540,2009-09-15,2009,septembre,mardi,11:02,49,49007,0,0,2,1,7,1,2,4,1,03,1,1,0,77,1,0,1,4,2,62,5,3,2,0,0,0,1,200900031540A01,,,,244900015
200900031542,2009-09-02,2009,septembre,mercredi,08:52,49,49007,0,0,2,1,3,1,1,4,1,01,1,1,0,42,1,0,1,4,1,53,0,3,9,0,2,1,1,200900031542A01,7,15,1,244900015
200900031546,2009-09-07,2009,septembre,lundi,08:18,49,49007,0,0,2,1,3,1,1,4,2,02,1,1,0,73,1,0,1,4,2,35,1,3,9,0,2,4,1,200900031546B01,7,15,1,244900015
200900031576,2009-09-25,2009,septembre,vendredi,12:10,49,49328,0,0,2,1,2,1,1,4,2,02,1,-1,0,0,1,0,1,4,1,15,5,3,9,0,2,1,2,200900031576A01,7,2,1,200071876
200900031583,2009-08-18,2009,août,mardi,07:45,30,30032,0.00004,0,1,6,3,1,1,3,-1,02,1,1,0,0,1,5,1,4,1,67,5,1,2,0,2,0,0,200900031583B01,7,9,1,243000585
200900031603,2009-08-10,2009,août,lundi,12:15,30,30293,0.00004,0,1,1,7,1,1,3,2,02,2,1,0,56,1,0,1,3,2,49,5,3,1,0,0,0,1,200900031603A01,,,,200035129
200900031605,2009-08-10,2009,août,lundi,07:15,30,30341,0.00004,0,2,1,1,1,1,3,2,00,-1,1,0,0,1,0,1,3,2,64,5,2,2,0,2,8,19,200900031605B02,7,4,1,243000593
200900031616,2009-08-14,2009,août,vendredi,09:30,30,30089,0.00004,0,1,1,1,1,7,3,2,02,-1,1,0,42,1,5,1,3,1,46,5,1,2,0,2,3,1,200900031616B02,7,15,1,243000684
200900031643,2009-08-27,2009,août,jeudi,08:00,30,30028,0.00004,0,2,3,6,1,1,4,1,01,3,1,0,30,1,6,0,3,2,51,1,3,2,0,9,1,5,200900031643A01,1,5,1,200034692
200900031643,2009-08-27,2009,août,jeudi,08:00,30,30028,0.00004,0,2,3,6,1,1,4,1,01,3,1,0,30,1,6,0,1,2,52,1,3,2,0,0,0,5,200900031643B01,1,5,1,200034692
200900031644,2009-08-27,2009,août,jeudi,11:00,30,30283,0.00004,0,1,1,1,1,1,3,2,00,2,2,39,49,9,0,1,4,1,42,5,1,2,0,2,1,1,200900031644B02,7,1,1,243400736
200900031652,2009-08-31,2009,août,lundi,16:15,30,30169,0,0,2,2,3,1,1,4,2,00,1,1,0,32,1,0,1,3,1,15,5,3,1,0,2,1,19,200900031652A01,7,1,1,243000643
200900031683,2009-08-19,2009,août,mercredi,11:00,05,05179,0,0,1,1,3,1,1,3,3,02,1,1,18,71,1,5,1,3,1,59,5,1,2,0,,1,1,200900031683A01,10,17,1,200067445
200900031685,2009-08-01,2009,août,samedi,11:00,05,05023,0,0,2,3,3,1,1,3,2,02,2,1,0,80,1,0,1,3,1,55,5,1,2,0,,1,1,200900031685B01,7,15,1,240500439
200900031689,2009-08-08,2009,août,samedi,12:45,05,05023,0,0,2,4,3,1,1,2,2,02,2,2,0,82,1,0,1,4,1,40,5,1,2,0,2,1,17,200900031689A01,7,15,1,240500439
200900031728,2009-06-28,2009,juin,dimanche,10:45,35,35128,0.00004,NaN,1,1,5,1,1,3,2,02,1,1,0,58,1,0,1,2,1,61,5,1,2,0,2,3,13,200900031728B02,7,1,1,243500667
200900031728,2009-06-28,2009,juin,dimanche,10:45,35,35128,0.00004,NaN,1,1,5,1,1,3,2,02,1,1,0,58,1,0,1,1,1,56,5,1,2,0,9,5,17,200900031728C03,7,1,1,243500667
200900031731,2009-06-27,2009,juin,samedi,05:00,35,35238,0,0,2,3,6,5,1,4,2,02,1,1,0,60,1,0,1,4,1,34,5,3,8,11,0,0,15,200900031731A01,,,,243500139
200900031738,2009-06-25,2009,juin,jeudi,08:55,35,35238,0,0,2,2,3,1,7,4,1,01,2,1,0,45,1,5,1,4,1,26,1,3,8,0,2,6,1,200900031738B01,7,15,1,243500139
200900031746,2009-06-19,2009,juin,vendredi,14:45,35,35238,0,0,2,1,3,1,1,4,1,01,1,1,0,30,1,0,1,4,1,82,5,2,2,0,2,1,1,200900031746B01,7,22,1,243500139
200900031747,2009-06-26,2009,juin,vendredi,17:20,35,35238,0,0,2,1,7,1,1,4,2,02,1,1,0,60,1,0,1,4,1,27,1,3,8,0,2,1,1,200900031747B01,7,15,1,243500139
200900031748,2009-06-10,2009,juin,mercredi,10:00,35,35115,0,0,2,1,3,1,1,9,-1,00,2,-1,0,0,1,0,1,4,2,23,1,3,9,0,2,1,6,200900031748B01,7,6,1,200072452
200900031755,2009-06-13,2009,juin,samedi,15:40,35,35352,0,0,2,3,3,1,1,4,2,02,3,1,0,0,1,0,1,4,2,19,1,2,2,0,2,1,19,200900031755B01,7,1,1,243500139
200900031775,2009-06-05,2009,juin,vendredi,10:00,35,35278,0,0,2,1,2,1,7,3,3,02,1,1,0,60,1,0,1,4,1,96,5,2,2,0,2,4,1,200900031775B01,7,2,1,243500139
200900031780,2009-06-04,2009,juin,jeudi,16:50,35,35238,0,0,2,2,3,1,1,4,2,02,-1,-1,0,60,1,5,1,4,2,43,5,2,2,0,2,0,1,200900031780B01,10,15,1,243500139
200900031794,2009-06-03,2009,juin,mercredi,18:30,69,69259,0,0,2,1,3,1,1,4,1,03,1,1,0,93,1,0,1,4,1,17,0,3,9,0,2,7,0,200900031794A01,7,0,1,200046977
200900031799,2009-06-05,2009,juin,vendredi,07:45,69,69034,0,0,2,1,3,1,1,4,2,02,1,1,0,70,1,0,1,4,1,17,2,3,9,0,2,0,19,200900031799B01,7,1,1,200046977
200900031804,2009-06-08,2009,juin,lundi,08:45,69,69259,0,0,2,3,1,1,1,4,1,01,2,1,0,30,1,0,1,4,1,22,1,2,2,0,2,1,5,200900031804A01,7,16,1,200046977
200900031814,2009-06-09,2009,juin,mardi,20:35,69,69383,0,0,2,2,3,1,1,4,2,03,1,1,0,0,1,0,1,4,1,15,0,3,9,0,2,1,1,200900031814A01,7,1,1,200046977
200900031822,2009-06-12,2009,juin,vendredi,18:40,69,69266,0,0,2,3,6,1,1,4,2,02,1,1,0,60,1,0,1,2,1,53,1,2,2,0,2,7,1,200900031822B01,7,1,1,200046977
200900031823,2009-06-12,2009,juin,vendredi,11:25,69,69096,0,0,2,1,3,1,1,4,2,02,1,1,0,0,1,0,1,3,1,62,5,2,9,0,2,7,1,200900031823B01,7,9,1,200046977
200900031830,2009-06-15,2009,juin,lundi,10:05,69,69383,0,0,2,1,3,1,1,4,1,01,1,1,0,0,1,0,1,4,1,37,0,3,9,0,0,1,1,200900031830B01,7,1,1,200046977
200900031835,2009-06-17,2009,juin,mercredi,13:15,69,69383,0,0,2,1,6,1,1,4,1,01,1,1,0,0,1,0,1,1,1,9,0,3,9,0,1,1,1,200900031835A01,,,,200046977
200900031835,2009-06-17,2009,juin,mercredi,13:15,69,69383,0,0,2,1,6,1,1,4,1,01,1,1,0,0,1,0,1,4,1,54,1,3,9,0,1,1,1,200900031835A01,,,,200046977
200900031848,2009-06-24,2009,juin,mercredi,10:00,69,69383,0,0,2,2,6,1,1,4,1,01,1,1,0,0,1,0,1,3,2,81,0,3,9,0,2,0,1,200900031848B01,7,1,1,200046977
200900031849,2009-06-29,2009,juin,lundi,09:40,69,69091,0,0,2,1,6,1,1,3,2,02,1,1,19,35,1,0,1,4,1,60,5,2,2,0,2,8,2,200900031849B01,15,1,1,200046977
200900031859,2009-06-29,2009,juin,lundi,19:00,69,69256,0,0,1,1,3,1,1,6,-1,00,1,1,0,0,1,0,0,4,2,30,4,2,2,0,2,3,1,200900031859B01,7,1,1,200046977
200900031961,2009-05-09,2009,mai,samedi,15:50,85,85166,0.00004,NaN,1,1,6,1,8,4,2,02,1,-1,0,0,1,0,1,3,1,61,5,3,9,0,2,4,1,200900031961B01,7,17,1,
200900031967,2009-07-01,2009,juillet,mercredi,19:25,85,85166,0,0,1,1,5,1,1,3,3,02,1,2,0,0,1,0,5,4,2,69,5,3,9,0,2,4,1,200900031967C01,2,14,1,
200900031967,2009-07-01,2009,juillet,mercredi,19:25,85,85166,0,0,1,1,5,1,1,3,3,02,1,2,0,0,1,0,5,4,1,76,5,3,9,0,2,4,6,200900031967B01,2,14,1,
200900031969,2009-08-04,2009,août,mardi,08:25,85,85166,0.00004,NaN,2,1,2,1,1,4,-1,02,-1,-1,0,0,1,0,1,3,1,17,5,2,9,1,0,1,2,200900031969A01,99,23,1,
200900031970,2009-08-08,2009,août,samedi,15:00,85,85060,0.00004,NaN,2,2,3,1,1,4,2,02,1,1,0,0,1,0,1,4,1,45,1,3,9,0,2,1,1,200900031970B01,7,19,1,
200900031982,2009-09-30,2009,septembre,mercredi,15:30,70,70310,0,0,2,6,2,1,1,3,1,01,1,2,0,0,1,0,1,3,2,74,5,3,1,0,0,4,13,200900031982A01,7,1,1,247000664
200900031990,2009-06-30,2009,juin,mardi,20:05,88,88413,0.00004,0,2,3,3,1,1,3,2,02,1,1,15,105,1,0,1,4,1,12,5,3,9,0,2,8,19,200900031990A01,7,1,1,200071066
200900031991,2009-08-27,2009,août,jeudi,19:35,88,88424,0.00004,0,2,3,3,1,1,4,2,02,4,1,0,105,1,0,1,3,1,13,5,2,9,0,2,8,0,200900031991A01,7,1,1,200071066
200900032002,2009-10-12,2009,octobre,lundi,15:15,85,85222,0,0,2,6,1,1,1,3,1,01,1,2,0,0,1,0,1,3,2,57,5,3,3,0,2,1,1,200900032002B02,7,16,1,200023778
200900032036,2009-09-29,2009,septembre,mardi,17:15,47,47205,0.00004,0,1,1,2,1,1,3,-1,02,1,1,0,80,1,0,1,3,1,60,5,3,1,0,0,4,1,200900032036B02,7,17,1,244701355
200900032067,2009-08-13,2009,août,jeudi,16:36,68,68297,0,0,2,6,3,1,1,3,1,02,1,2,0,0,1,5,1,3,1,70,5,2,2,0,2,1,1,200900032067B01,7,16,1,200066058
200900032070,2009-08-22,2009,août,samedi,11:00,68,68224,0,0,2,2,3,1,1,4,2,02,1,1,0,90,1,0,1,4,2,15,5,2,4,0,2,5,1,200900032070A01,7,1,1,200066009
200900032071,2009-08-24,2009,août,lundi,11:14,68,68224,0,0,2,3,3,1,1,3,2,03,1,1,0,120,1,0,1,4,1,79,5,2,9,0,2,1,19,200900032071A01,7,15,1,200066009
200900032078,2009-08-30,2009,août,dimanche,12:00,68,68040,0,0,2,1,1,1,1,3,2,02,4,3,0,46,1,0,1,3,1,69,5,1,2,0,2,1,17,200900032078A01,7,17,1,200036465
200900032105,2009-08-22,2009,août,samedi,11:12,68,68066,0,0,2,2,3,1,1,3,2,03,1,1,0,108,1,5,1,4,1,72,5,1,2,0,2,1,1,200900032105B01,7,15,1,246800726
200900032107,2009-06-27,2009,juin,samedi,12:10,38,38053,0,0,2,2,3,1,1,4,1,00,1,1,0,30,-1,0,5,4,1,16,0,2,9,0,2,1,5,200900032107A01,7,19,1,243800604
200900032162,2009-08-04,2009,août,mardi,12:20,40,40192,0,0,2,1,6,1,1,3,1,01,2,1,0,40,1,0,1,4,2,42,5,2,2,1,0,1,1,200900032162B01,7,22,1,244000808
200900032173,2009-09-23,2009,septembre,mercredi,15:10,27,27229,0.00004,0,2,1,3,1,1,4,2,02,1,1,0,80,1,0,1,4,1,10,5,1,2,0,2,7,19,200900032173B01,7,1,1,200071454
200900032179,2009-09-04,2009,septembre,vendredi,16:00,27,27229,0.00004,0,2,3,3,1,1,3,2,02,1,1,0,157,1,0,1,4,1,18,5,2,4,0,2,1,1,200900032179A01,7,16,1,200071454
200900032183,2009-09-10,2009,septembre,jeudi,19:15,27,27458,0.00004,0,2,1,2,1,7,3,2,02,1,1,0,0,1,0,1,3,1,61,9,3,1,0,2,4,2,200900032183B02,7,2,1,200089456
200900032259,2009-10-05,2009,octobre,lundi,08:45,51,51454,0,0,2,1,4,1,2,4,-1,02,1,1,0,80,2,0,1,3,1,34,0,2,9,0,2,0,0,200900032259A01,7,0,2,200067213
200900032284,2009-11-17,2009,novembre,mardi,09:20,75,75118,0,0,2,1,6,1,2,4,1,02,1,1,0,60,2,0,1,1,1,24,0,3,2,0,1,1,1,200900032284A01,,,,200054781
200900032298,2009-11-13,2009,novembre,vendredi,18:30,75,75101,0,0,2,3,6,5,1,4,-1,01,1,1,0,43,1,0,1,4,2,51,5,3,2,0,5,1,1,200900032298A01,,,,200054781
200900032303,2009-11-13,2009,novembre,vendredi,22:30,75,75105,0,0,2,5,6,5,1,4,2,02,1,1,0,191,1,5,1,4,1,38,0,3,2,0,2,6,1,200900032303A01,7,1,1,200054781
200900032313,2009-11-17,2009,novembre,mardi,17:00,75,75112,0,0,2,1,3,2,1,4,2,02,1,1,10,100,1,0,5,4,1,52,5,3,2,0,2,2,1,200900032313A01,10,23,1,200054781
200900032323,2009-11-16,2009,novembre,lundi,09:05,75,75112,0,0,2,1,2,1,2,4,1,04,1,1,0,132,2,0,1,4,1,54,1,3,2,0,2,6,23,200900032323B01,2,7,1,200054781
200900032341,2009-11-16,2009,novembre,lundi,18:22,75,75113,0,0,2,5,3,5,2,4,2,02,1,1,0,143,2,0,1,4,2,28,1,3,2,0,2,8,1,200900032341A01,7,15,1,200054781
200900032354,2009-11-18,2009,novembre,mercredi,12:40,75,75101,0,0,2,2,6,1,1,4,2,03,1,1,0,40,1,0,1,1,1,52,0,3,2,0,1,1,7,200900032354A01,,,,200054781
200900032357,2009-11-18,2009,novembre,mercredi,14:50,75,75104,0,0,2,2,3,1,1,4,2,04,1,1,0,210,1,2,1,4,1,77,5,3,2,0,2,3,7,200900032357B01,7,21,1,200054781
200900032365,2009-11-18,2009,novembre,mercredi,18:55,75,75111,0,0,2,2,3,5,1,4,-1,01,1,1,0,70,1,0,1,4,2,25,9,3,2,0,2,1,1,200900032365B01,10,1,1,200054781
200900032370,2009-11-19,2009,novembre,jeudi,08:15,75,75117,0,0,2,5,3,1,1,4,1,01,1,1,120,80,1,0,1,4,2,46,0,1,2,0,2,2,1,200900032370B01,7,13,1,200054781
200900032375,2009-11-19,2009,novembre,jeudi,09:20,75,75108,0,0,2,1,6,1,1,4,1,04,1,1,0,200,1,0,1,1,2,44,1,1,2,0,2,0,1,200900032375A01,10 / 7,14 / 1,2,200054781
200900032382,2009-11-19,2009,novembre,jeudi,13:38,75,75105,0,0,2,2,6,1,1,4,1,04,2,1,0,100,1,0,1,4,2,25,2,3,2,0,2,1,1,200900032382A01,7,1,1,200054781
200900032392,2009-11-19,2009,novembre,jeudi,17:35,75,75106,0,0,2,1,1,5,1,4,3,06,1,1,0,212,1,0,1,3,1,65,5,3,2,0,2,1,7,200900032392B01,7,5,1,200054781
200900032397,2009-11-19,2009,novembre,jeudi,19:09,75,75109,0,0,2,3,6,5,1,4,2,02,1,1,0,0,1,0,1,1,1,30,1,3,2,0,1,1,7,200900032397A01,,,,200054781
200900032400,2009-11-19,2009,novembre,jeudi,21:40,75,75114,0,0,2,3,5,5,1,4,2,04,1,1,0,120,1,0,1,4,1,50,5,3,2,0,2,1,17,200900032400A01,7 / 2,23 / 1,2,200054781
200900032439,2009-11-23,2009,novembre,lundi,20:00,75,75114,0,0,2,1,3,2,1,4,1,01,1,1,0,65,1,0,1,4,2,46,0,3,2,0,2,0,1,200900032439B01,7,22,1,200054781
200900032442,2009-11-23,2009,novembre,lundi,22:25,75,75116,0,0,2,2,7,5,1,4,2,04,1,1,0,0,2,0,0,4,2,54,5,3,2,0,0,8,1,200900032442A01,,,,200054781
200900032469,2009-11-20,2009,novembre,vendredi,18:15,75,75101,0,0,2,2,3,5,1,4,1,01,1,1,0,85,1,5,1,4,2,63,0,3,2,0,2,1,17,200900032469A01,34,23,1,200054781
200900032483,2009-11-25,2009,novembre,mercredi,03:40,75,75109,0,0,2,5,7,5,1,4,1,01,2,3,0,60,1,0,1,4,1,25,5,3,2,0,0,0,1,200900032483A01,,,,200054781
200900032520,2009-11-22,2009,novembre,dimanche,12:35,75,75116,0,0,2,1,2,1,1,4,2,02,1,1,0,0,1,0,5,1,1,36,5,1,2,0,2,4,2,200900032520A01,1,2,1,200054781
200900032520,2009-11-22,2009,novembre,dimanche,12:35,75,75116,0,0,2,1,2,1,1,4,2,02,1,1,0,0,1,0,5,4,2,55,5,3,2,0,2,1,2,200900032520B01,1,2,1,200054781
200900032528,2009-11-22,2009,novembre,dimanche,19:45,75,75103,0,0,2,3,7,5,2,4,1,01,1,1,0,45,2,0,1,4,1,30,5,3,2,0,0,0,7,200900032528A01,,,,200054781
200900032536,2009-11-26,2009,novembre,jeudi,09:20,75,75120,0,0,2,3,6,1,1,4,2,01,2,1,0,80,1,0,1,1,2,25,1,3,2,0,1,1,1,200900032536A01,,,,200054781
200900032539,2009-11-26,2009,novembre,jeudi,10:15,75,75110,0,0,2,5,3,1,1,4,1,04,1,2,0,120,1,0,1,4,2,35,1,3,2,0,2,6,1,200900032539B01,7,12,1,200054781
200900032592,2009-11-28,2009,novembre,samedi,06:28,75,75112,0,0,2,5,3,5,2,4,2,06,1,1,0,320,2,0,0,4,1,55,1,3,2,0,2,1,1,200900032592B01,7,1,1,200054781
200900032656,2009-11-30,2009,novembre,lundi,18:00,75,75118,0,0,2,1,6,5,3,4,1,04,1,1,0,0,2,0,5,4,2,73,5,3,8,0,1,1,1,200900032656Z01,,,,200054781
200900032657,2009-11-30,2009,novembre,lundi,18:05,75,75112,0,0,2,1,3,5,3,4,1,00,1,1,0,90,2,2,1,4,1,43,4,1,2,0,2,4,12,200900032657B01,10,1,1,200054781
200900032667,2009-11-02,2009,novembre,lundi,06:45,75,75112,0,0,2,5,2,5,2,4,1,01,1,2,0,300,2,0,1,4,1,35,1,3,2,0,2,4,2,200900032667B01,7,2,1,200054781
200900032671,2009-11-02,2009,novembre,lundi,08:40,75,75112,0,0,2,5,3,1,1,4,2,02,1,-1,0,70,2,0,1,4,1,39,1,3,2,0,2,8,1,200900032671B01,14,16,1,200054781
200900032702,2009-11-04,2009,novembre,mercredi,14:00,75,75115,0,0,2,4,3,1,1,4,-1,00,4,-1,0,0,2,0,1,4,2,25,1,1,2,0,2,3,1,200900032702B01,7,10,1,200054781
200900032712,2009-11-04,2009,novembre,mercredi,21:15,75,75111,0,0,2,5,6,5,1,4,4,00,2,1,0,70,1,0,1,4,2,48,1,3,2,0,2,4,23,200900032712A01,7,2,1,200054781
200900032751,2009-11-08,2009,novembre,dimanche,17:00,75,75112,0,0,2,1,6,1,1,4,1,01,1,1,0,50,1,0,1,1,2,59,0,3,2,0,1,1,1,200900032751A01,,,,200054781
200900032772,2009-11-01,2009,novembre,dimanche,16:30,75,75111,0,0,2,2,3,2,3,4,1,01,1,1,0,70,2,5,0,4,1,22,5,3,2,0,2,1,1,200900032772B01,7,10,1,200054781
200900032786,2009-11-07,2009,novembre,samedi,10:55,75,75102,0,0,2,2,3,1,1,4,1,01,1,1,0,100,1,0,1,4,1,39,5,3,2,0,2,1,1,200900032786A01,7,16,1,200054781
200900032839,2009-11-09,2009,novembre,lundi,12:30,75,75111,0,0,2,3,3,1,1,4,2,02,1,1,0,128,1,0,1,4,2,52,4,3,2,0,2,4,1,200900032839B01,7,22,1,200054781
200900032844,2009-11-09,2009,novembre,lundi,16:50,75,75104,0,0,2,1,6,2,8,4,1,04,1,1,0,97,1,2,5,1,1,42,1,1,2,0,1,1,1,200900032844A01,,,,200054781
200900032865,2009-11-05,2009,novembre,jeudi,10:45,75,75103,0,0,2,1,3,1,1,4,1,01,1,1,0,35,1,0,2,4,2,32,5,3,2,0,2,7,1,200900032865B01,7,13,1,200054781
200900032868,2009-11-05,2009,novembre,jeudi,11:55,75,75119,0,0,2,5,3,1,1,4,1,00,1,1,0,0,1,0,1,4,1,67,0,3,2,0,2,1,1,200900032868B01,7,1,1,200054781
200900032870,2009-11-05,2009,novembre,jeudi,12:30,75,75115,0,0,2,2,7,1,1,4,2,02,-1,1,0,68,1,0,1,4,1,47,9,3,2,0,0,0,21,200900032870A01,,,,200054781
200900032879,2009-11-05,2009,novembre,jeudi,17:35,75,75114,0,0,2,1,3,1,1,4,1,03,1,1,0,90,1,0,1,4,1,44,0,3,2,0,2,1,18,200900032879B01,7,22,1,200054781
200900032887,2009-11-05,2009,novembre,jeudi,22:30,75,75108,0,0,2,2,3,5,1,4,2,02,2,1,0,100,1,0,1,4,2,29,0,3,2,0,2,1,1,200900032887B01,7,1,1,200054781
200900032891,2009-11-10,2009,novembre,mardi,09:25,75,75114,0,0,2,1,3,1,1,4,1,01,1,1,0,50,1,0,1,4,2,32,1,3,2,0,2,1,1,200900032891B01,7,22,1,200054781
200900032925,2009-11-12,2009,novembre,jeudi,03:35,75,75101,0,0,2,1,6,5,2,4,1,03,1,1,0,80,2,0,1,4,1,32,0,3,2,0,2,8,7,200900032925A01,7,14,1,200054781
200900032937,2009-11-12,2009,novembre,jeudi,15:50,75,75110,0,0,2,1,6,1,1,4,1,01,1,1,0,30,1,0,1,1,1,50,4,3,2,0,1,1,5,200900032937A01,,,,200054781
200900032987,2009-09-04,2009,septembre,vendredi,10:15,71,71076,0,0,2,9,3,1,3,4,2,02,1,1,0,69,2,0,1,3,1,73,5,2,2,0,2,1,1,200900032987B01,10,15,1,247100589
200900032996,2009-09-23,2009,septembre,mercredi,13:15,71,71076,0,0,2,6,3,1,1,4,1,01,1,2,0,74,1,0,5,4,1,39,1,1,2,0,2,1,1,200900032996B01,7,16,1,247100589
200900033020,2009-09-18,2009,septembre,vendredi,17:30,71,71014,0.00004,0,1,1,7,1,1,9,2,01,1,-1,0,70,1,0,1,3,2,22,5,1,2,0,0,0,2,200900033020A01,,,,200070530
200900033087,2009-09-07,2009,septembre,lundi,18:35,51,51454,0,0,2,6,3,1,1,4,1,02,1,3,70,95,1,5,0,3,1,46,5,3,9,0,2,7,1,200900033087B01,7,16,1,200067213
200900033113,2009-06-23,2009,juin,mardi,07:55,11,11069,0,0,1,1,3,1,1,3,2,02,1,-1,50,30,1,0,1,4,1,16,5,1,2,0,2,1,15,200900033113A01,7,0,1,200035715
200900033122,2009-06-15,2009,juin,lundi,14:02,11,11069,0,0,2,1,3,1,1,4,2,02,1,-1,40,20,1,0,0,4,2,15,5,1,2,0,2,7,1,200900033122B01,7,1,1,200035715