Num_Acc,date,an,mois,jour,hrmn,dep,com,lat,long,agg,int,col,lum,atm,catr,circ,nbv,prof,plan,lartpc,larrout,surf,infra,situ,grav,sexe,age,trajet,secuexist,equipement,obs,obsm,choc,manv,vehiculeid,typevehicules,manoeuvehicules,numVehicules,_infos_commune.code_epci
200900041102,2009-12-26,2009,décembre,samedi,09:45,75,75110,0,0,2,3,3,1,1,4,1,00,1,1,0,30,1,0,0,4,1,34,1,3,2,0,2,1,1,200900041102B01,7,10,1,200054781
200900041108,2009-12-23,2009,décembre,mercredi,16:50,75,75118,0,0,2,1,3,1,1,4,3,04,1,2,0,0,1,0,3,4,1,36,0,3,2,0,2,1,1,200900041108B01,7,15,1,200054781
200900041114,2009-12-23,2009,décembre,mercredi,11:40,75,75112,0,0,2,1,3,1,1,4,1,02,1,1,0,80,1,0,4,4,1,29,4,3,2,0,2,2,1,200900041114A01,7,9,1,200054781
200900041158,2009-12-28,2009,décembre,lundi,17:05,75,75117,0,0,2,2,3,2,1,4,1,02,1,1,120,60,1,0,1,4,1,30,0,3,2,0,2,1,1,200900041158A01,7,1,1,200054781
200900041190,2009-12-30,2009,décembre,mercredi,18:00,75,75119,0,0,2,2,3,5,2,4,1,02,1,1,0,0,2,0,1,4,1,45,0,3,2,0,2,8,11,200900041190A01,32,1,1,200054781
200900041199,2009-12-31,2009,décembre,jeudi,13:30,75,75101,0,0,2,1,3,1,1,4,1,03,1,1,0,120,1,0,1,4,1,42,5,3,2,0,2,1,18,200900041199B01,7,22,1,200054781
200900041209,2009-12-11,2009,décembre,vendredi,15:10,75,75112,0,0,2,1,7,1,1,4,1,02,1,1,0,100,1,0,1,2,1,62,5,2,2,0,0,7,1,200900041209A01,,,,200054781
200900041215,2009-08-05,2009,août,mercredi,14:00,26,26362,0,0,2,3,3,1,1,4,-1,02,1,1,0,63,1,0,1,3,1,16,4,3,2,0,2,1,1,200900041215A01,7,1,1,200068781
200900041224,2009-08-09,2009,août,dimanche,11:15,26,26289,0.00004,0,1,1,3,1,1,3,-1,02,1,2,20,0,1,0,1,3,1,57,5,3,1,0,2,0,13,200900041224B02,7,1,1,200040509
200900041309,2009-04-04,2009,avril,samedi,18:00,13,13001,0,0,2,1,3,1,1,4,2,02,2,2,0,55,1,0,1,3,1,21,5,1,2,0,2,8,2,200900041309B01,7,2,1,200054807
200900041310,2009-04-10,2009,avril,vendredi,16:40,13,13028,0.00004,0,2,1,2,1,1,3,1,02,1,2,0,81,1,5,1,4,1,32,5,3,2,0,2,4,1,200900041310B01,7,1,1,200054807
200900041448,2009-04-17,2009,avril,vendredi,06:30,13,13211,0,0,2,3,1,2,1,4,1,01,1,1,0,43,1,0,0,3,1,29,1,1,4,0,2,7,1,200900041448B01,7,9,1,200054807
200900041457,2009-04-18,2009,avril,samedi,10:30,13,13211,0,0,2,3,3,1,1,4,2,02,1,1,0,37,1,0,1,1,1,76,5,1,2,0,2,4,2,200900041457B01,7,21,1,200054807
200900041566,2009-04-28,2009,avril,mardi,15:40,13,13055,0,0,2,9,6,1,1,4,2,04,2,1,0,0,1,0,5,4,1,10,5,2,2,0,2,4,19,200900041566B01,7,1,1,200054807
200900041616,2009-04-08,2009,avril,mercredi,20:00,13,13208,0,0,2,2,3,1,1,4,1,02,1,1,0,60,1,0,1,4,1,49,5,3,8,0,2,1,1,200900041616A01,7,1,1,200054807
200900041626,2009-04-26,2009,avril,dimanche,08:47,13,13209,0,0,2,3,3,1,3,4,2,02,1,1,0,80,2,0,0,3,1,65,5,1,2,0,2,1,1,200900041626B01,10,15,1,200054807
200900041687,2009-11-06,2009,novembre,vendredi,12:05,80,80021,0,0,2,2,3,1,1,4,2,02,1,1,0,60,1,0,1,4,1,52,5,2,9,0,2,0,1,200900041687B01,10,15,1,248000531
200900041700,2009-11-20,2009,novembre,vendredi,20:10,80,80021,0,0,2,1,6,5,1,4,2,02,2,1,0,0,1,0,1,4,1,29,9,2,2,0,2,1,19,200900041700B01,7,1,1,248000531
200900041701,2009-11-23,2009,novembre,lundi,17:00,80,80021,0,0,2,1,6,5,1,4,2,02,1,1,0,0,2,0,1,1,1,16,5,3,4,0,1,0,1,200900041701A01,,,,248000531
200900041704,2009-11-23,2009,novembre,lundi,12:10,80,80021,0,0,2,3,3,1,2,4,2,02,1,1,0,0,2,0,1,3,1,12,4,3,2,0,2,0,1,200900041704B01,7,14,1,248000531
200900041711,2009-11-07,2009,novembre,samedi,19:20,80,80021,0,0,2,2,6,5,1,4,2,02,1,1,0,0,1,0,1,4,2,29,0,3,2,0,2,1,1,200900041711A01,7,15,1,248000531
200900041715,2009-11-21,2009,novembre,samedi,17:50,63,63113,0,0,2,9,6,5,1,6,2,02,1,1,0,0,1,0,1,4,1,12,0,3,9,0,2,3,1,200900041715B01,7,0,1,246300701
200900041725,2009-11-26,2009,novembre,jeudi,12:00,02,02810,0,0,2,2,1,1,1,3,2,00,1,1,0,62,1,0,1,3,1,14,2,2,2,0,2,1,19,200900041725A01,7,1,1,200071991
200900041745,2009-11-30,2009,novembre,lundi,18:10,02,02691,0,0,2,1,6,5,2,4,2,02,1,1,0,0,2,0,5,3,1,28,1,1,4,1,0,1,1,200900041745B01,7,22,1,200071892
200900041751,2009-09-09,2009,septembre,mercredi,08:45,30,30032,0.00004,0,2,6,3,1,1,3,2,02,1,1,0,0,1,5,1,4,2,14,2,2,2,0,2,7,1,200900041751B01,7,9,1,243000585
200900041776,2009-09-22,2009,septembre,mardi,16:20,19,19031,0.00004,0,2,1,2,1,1,4,1,02,1,1,0,0,1,0,1,4,1,15,5,2,2,0,2,1,2,200900041776A01,7,23,1,200043172
200900041784,2009-09-30,2009,septembre,mercredi,18:25,19,19031,0.00004,0,2,1,3,1,1,4,2,00,1,1,0,0,1,6,1,4,1,12,5,3,9,0,2,0,0,200900041784A01,7,1,1,200043172
200900041790,2009-04-03,2009,avril,vendredi,17:15,91,91122,0,0,2,1,7,1,1,4,2,02,2,1,0,0,1,0,1,4,1,14,0,2,2,0,0,1,15,200900041790A01,,,,200056232
200900041833,2009-07-31,2009,juillet,vendredi,10:15,69,69197,0.00004,0,1,1,3,1,1,3,2,02,1,1,0,60,1,0,1,3,2,42,5,1,2,0,2,8,1,200900041833B02,10,15,1,200040590
200900041841,2009-07-30,2009,juillet,jeudi,17:15,69,69006,0,0,2,1,1,1,1,9,2,00,-1,3,0,0,1,1,1,3,1,14,5,1,2,0,2,3,13,200900041841A01,7,0,1,200040566
200900041842,2009-07-27,2009,juillet,lundi,17:15,69,69089,0,0,2,1,2,1,1,4,2,02,1,1,0,0,1,0,1,1,1,15,5,1,2,0,2,4,13,200900041842B02,30,17,1,200046977
200900041859,2009-07-08,2009,juillet,mercredi,16:45,69,69269,0,0,1,1,3,1,1,3,2,00,2,4,0,50,1,0,1,3,1,44,5,1,2,0,9,8,1,200900041859B02,1,1,1,246900724
200900041859,2009-07-08,2009,juillet,mercredi,16:45,69,69269,0,0,1,1,3,1,1,3,2,00,2,4,0,50,1,0,1,1,1,55,5,1,2,0,9,7,1,200900041859A01,1,1,1,246900724
200900041887,2009-07-23,2009,juillet,jeudi,17:35,69,69385,0,0,2,1,7,1,1,4,-1,02,2,1,0,0,1,0,1,3,1,50,5,1,2,0,0,8,1,200900041887A01,,,,200046977
200900041903,2009-07-14,2009,juillet,mardi,16:50,69,69034,0,0,2,1,6,1,1,4,2,00,1,1,0,72,1,0,1,4,1,13,5,3,9,0,2,1,9,200900041903A01,7,1,1,200046977
200900041905,2009-07-03,2009,juillet,vendredi,17:15,69,69387,0,0,2,1,6,1,1,4,-1,00,1,1,0,0,1,0,1,4,1,10,5,3,9,0,2,0,0,200900041905B01,7,4,1,200046977
200900041928,2009-07-09,2009,juillet,jeudi,15:50,69,69202,0,0,2,1,2,1,1,4,2,02,2,1,0,109,1,0,1,4,1,56,1,2,2,1,0,1,2,200900041928A01,7,24,1,200046977
200900041946,2009-07-21,2009,juillet,mardi,12:20,69,69256,0,0,2,3,3,1,1,4,2,02,1,1,0,65,1,0,1,3,1,21,4,3,2,0,2,3,16,200900041946B01,7,1,1,200046977
200900041950,2009-07-23,2009,juillet,jeudi,19:20,69,69152,0,0,2,1,3,1,1,4,3,02,1,1,33,72,1,0,1,4,1,60,5,1,9,0,2,1,1,200900041950B01,7,15,1,
200900041959,2009-07-28,2009,juillet,mardi,14:40,69,69385,0,0,2,1,6,1,1,4,1,01,1,1,0,58,1,0,1,3,2,57,3,1,2,1,0,2,1,200900041959B01,7,22,1,200046977
200900041971,2009-07-02,2009,juillet,jeudi,12:10,69,69382,0,0,2,2,3,1,1,4,1,01,1,1,0,61,1,0,1,4,1,17,1,2,9,0,0,1,0,200900041971A01,7,1,1,200046977
200900041981,2009-08-27,2009,août,jeudi,20:50,69,69383,0,0,2,2,3,2,1,4,2,03,2,1,0,0,1,0,1,4,1,19,5,3,2,0,2,1,1,200900041981A01,7,1,1,200046977
200900041985,2009-08-17,2009,août,lundi,11:30,69,69238,0,0,2,1,1,1,1,3,2,02,-1,2,0,60,1,0,1,3,1,47,5,1,2,0,2,1,1,200900041985B02,7,19,1,200066587
200900041994,2009-08-22,2009,août,samedi,19:00,69,69286,0,0,2,1,1,1,1,3,-1,02,1,1,52,0,1,0,1,4,1,17,5,2,2,0,0,8,0,200900041994B02,7,1,1,200046977
200900042007,2009-08-29,2009,août,samedi,09:30,69,69389,0,0,2,9,3,1,1,4,3,02,2,3,44,54,1,0,1,4,1,69,5,2,2,0,2,2,1,200900042007B01,7,5,1,200046977
200900042008,2009-08-24,2009,août,lundi,21:15,69,69387,0,0,2,2,3,5,1,4,1,04,1,1,0,0,1,0,1,4,1,20,5,2,9,0,2,1,1,200900042008B01,7,1,1,200046977
200900042009,2009-08-27,2009,août,jeudi,17:30,69,69034,0,0,2,1,6,1,1,4,1,01,1,1,44,78,1,0,1,4,1,10,5,2,2,0,2,1,19,200900042009A01,7,1,1,200046977
200900042039,2009-08-03,2009,août,lundi,15:20,69,69386,0,0,2,1,3,1,1,4,2,04,1,1,0,0,1,0,1,4,2,28,5,3,9,0,2,1,1,200900042039A01,7,9,1,200046977
200900042040,2009-08-03,2009,août,lundi,17:45,69,69383,0,0,2,1,6,1,1,4,1,01,1,1,0,0,1,0,1,4,1,15,0,3,9,0,2,5,1,200900042040A01,7,1,1,200046977
200900042048,2009-08-06,2009,août,jeudi,16:09,69,69142,0,0,2,9,1,1,1,4,1,01,2,3,0,53,1,0,1,3,1,12,5,3,9,0,2,1,5,200900042048A01,7,1,1,200046977
200900042071,2009-08-15,2009,août,samedi,13:20,69,69385,0,0,2,1,7,1,1,4,3,02,2,2,30,71,1,0,1,4,2,22,5,3,9,0,0,0,0,200900042071A01,,,,200046977
200900042081,2009-08-19,2009,août,mercredi,18:15,69,69091,0,0,2,6,3,1,1,4,-1,00,1,-1,0,0,1,0,1,3,1,14,5,2,2,0,2,4,19,200900042081B01,7,1,1,200046977
200900042091,2009-09-07,2009,septembre,lundi,11:10,69,69386,0,0,2,1,6,1,1,4,1,01,1,1,0,0,1,0,1,4,2,22,1,2,2,1,0,1,1,200900042091B01,7,22,1,200046977
200900042093,2009-09-08,2009,septembre,mardi,07:40,69,69381,0,0,2,1,6,1,1,4,2,01,2,1,0,0,1,0,1,4,1,46,1,2,2,0,1,1,1,200900042093A01,,,,200046977
200900042095,2009-09-10,2009,septembre,jeudi,12:00,69,69389,0,0,2,1,3,1,1,4,2,02,1,1,0,101,1,0,1,4,1,26,5,2,2,0,2,7,17,200900042095B01,7,15,1,200046977
200900042098,2009-09-09,2009,septembre,mercredi,18:20,69,69386,0,0,2,3,6,1,1,4,1,03,1,1,0,0,1,0,1,4,2,54,1,3,9,0,2,4,1,200900042098B01,7,15,1,200046977
200900042123,2009-09-28,2009,septembre,lundi,17:20,69,69290,0,0,2,1,3,1,1,4,2,02,1,1,0,64,1,0,1,4,1,65,5,3,4,0,2,3,17,200900042123A01,7,1,1,200046977
200900042125,2009-09-29,2009,septembre,mardi,07:40,69,69387,0,0,2,2,3,1,1,4,2,05,1,1,0,0,1,0,1,4,1,18,2,2,2,0,0,8,0,200900042125B01,34,8,1,200046977
200900042140,2009-09-10,2009,septembre,jeudi,19:00,69,69074,0,0,1,1,1,1,1,3,2,00,1,1,0,0,1,5,5,3,1,70,5,1,2,0,2,1,1,200900042140B02,7,17,1,200040590
200900042182,2009-09-30,2009,septembre,mercredi,07:20,69,69386,0,0,2,1,6,1,1,4,1,01,1,1,0,0,1,0,0,4,2,23,5,3,9,0,2,1,17,200900042182B01,7,22,1,200046977
200900042191,2009-09-27,2009,septembre,dimanche,12:00,69,69389,0,0,2,1,3,1,1,4,2,03,1,1,0,80,1,0,1,4,1,38,5,1,2,0,2,8,2,200900042191B01,7,17,1,200046977
200900042199,2009-09-19,2009,septembre,samedi,18:50,69,69259,0,0,2,1,1,1,1,4,1,01,2,1,0,0,1,0,1,3,1,15,5,3,4,0,2,1,5,200900042199A01,7,1,1,200046977
200900042210,2009-04-07,2009,avril,mardi,07:20,91,91471,0,0,2,3,3,1,2,4,2,02,2,1,0,0,2,0,1,4,1,34,1,2,2,0,2,1,1,200900042210B01,7,15,1,200056232
200900042212,2009-04-11,2009,avril,samedi,14:15,91,91312,0,0,2,2,3,1,1,4,1,01,1,1,0,0,1,0,1,4,1,14,0,3,2,0,2,1,1,200900042212B01,7,1,1,200056232
200900042228,2009-05-09,2009,mai,samedi,16:12,42,42147,0,0,1,6,7,1,1,3,1,02,-1,3,0,40,8,0,1,3,1,54,5,1,2,0,0,0,1,200900042228A01,,,,200065886
200900042234,2009-08-31,2009,août,lundi,17:25,80,80021,0,0,2,1,3,1,1,4,2,02,1,1,28,140,1,0,1,4,1,62,5,1,9,0,2,4,1,200900042234B01,7,1,1,248000531
200900042235,2009-08-26,2009,août,mercredi,17:50,80,80261,0,0,1,1,4,1,1,4,2,02,2,2,0,600,1,0,1,4,1,16,5,3,9,0,2,6,1,200900042235C01,3,17,1,248000531
200900042235,2009-08-26,2009,août,mercredi,17:50,80,80261,0,0,1,1,4,1,1,4,2,02,2,2,0,600,1,0,1,4,1,15,0,3,9,0,2,3,1,200900042235B01,3,17,1,248000531
200900042241,2009-08-05,2009,août,mercredi,17:00,80,80021,0,0,2,1,3,1,1,4,2,05,2,1,0,0,1,0,1,4,2,22,5,3,8,1,2,1,1,200900042241B01,7,16,1,248000531
200900042252,2009-08-24,2009,août,lundi,12:30,80,80021,0,0,2,1,3,1,1,4,2,02,1,1,0,60,1,0,1,3,1,15,5,2,9,0,2,1,19,200900042252A01,7,1,1,248000531
200900042297,2009-10-01,2009,octobre,jeudi,18:45,30,30147,0.00004,0,2,2,1,2,1,3,2,02,1,1,0,60,1,0,1,3,1,55,5,1,2,0,2,1,0,200900042297B02,7,15,1,200066918
200900042343,2009-10-23,2009,octobre,vendredi,16:30,30,30167,0.00004,0,2,1,1,1,1,4,2,02,-1,2,0,55,1,0,1,4,1,20,5,3,1,0,2,1,1,200900042343B02,7,1,1,200035129
200900042402,2009-10-01,2009,octobre,jeudi,19:37,30,30189,0.00004,0,2,2,7,3,1,4,3,02,1,1,0,0,1,0,4,4,1,37,0,3,9,0,0,0,0,200900042402A01,,,,243000643
200900042405,2009-05-17,2009,mai,dimanche,11:15,42,42162,0.00004,0,2,1,1,1,1,3,2,02,1,3,0,66,1,0,1,3,1,31,5,3,8,0,2,1,1,200900042405B02,7,0,1,200035731
200900042413,2009-11-30,2009,novembre,lundi,17:54,63,63113,0,0,2,1,6,5,1,4,1,01,1,1,0,70,1,0,1,4,1,12,0,3,2,0,2,2,19,200900042413B01,7,16,1,246300701
200900042414,2009-11-29,2009,novembre,dimanche,20:45,63,63113,0,0,2,2,6,5,1,4,2,01,1,1,0,0,1,0,1,4,1,21,4,1,2,0,2,8,1,200900042414A01,7,1,1,246300701
200900042431,2009-05-15,2009,mai,vendredi,17:30,94,94068,0.00004,0,2,1,3,1,1,3,2,02,1,1,0,75,1,0,4,4,2,78,9,3,9,0,2,1,1,200900042431A01,10,9,1,200054781
200900042438,2009-05-04,2009,mai,lundi,17:35,94,94042,0.00004,0,2,2,2,1,1,3,2,01,1,1,0,119,1,0,1,3,1,24,1,1,2,0,2,1,1,200900042438B01,7,13,1,200054781
200900042442,2009-05-08,2009,mai,vendredi,18:40,94,94016,0.00004,0,2,1,7,1,1,4,2,01,2,1,0,0,1,0,1,4,2,37,5,2,9,14,0,0,1,200900042442A01,,,,200054781
200900042448,2009-05-06,2009,mai,mercredi,10:55,94,94068,0.00004,0,2,1,3,1,1,3,-1,00,1,-1,0,35,1,6,4,4,2,77,5,3,9,0,2,1,1,200900042448A01,7,21,1,200054781
200900042477,2009-05-14,2009,mai,jeudi,16:15,94,94028,0.00004,0,2,1,6,1,1,4,1,01,1,1,0,40,2,0,0,1,1,16,5,1,4,0,1,4,21,200900042477A01,,,,200054781
200900042484,2009-05-18,2009,mai,lundi,21:55,94,94081,0.00004,0,2,6,3,5,2,2,2,02,1,1,0,55,2,5,1,3,1,29,5,2,2,0,2,1,1,200900042484A01,37,1,1,200054781
200900042490,2009-05-15,2009,mai,vendredi,07:55,94,94080,0.00004,0,2,3,6,1,1,3,2,02,1,1,0,0,-1,0,1,1,1,38,4,3,9,0,1,1,1,200900042490A01,,,,200054781
200900042503,2009-05-20,2009,mai,mercredi,09:40,94,94080,0.00004,0,2,2,3,1,1,3,2,02,1,1,0,0,1,0,0,4,2,46,5,3,9,0,2,1,19,200900042503A01,7,1,1,200054781
200900042504,2009-05-25,2009,mai,lundi,21:00,94,94079,0.00004,0,2,1,3,1,1,3,2,02,1,1,0,66,1,0,1,4,1,50,1,2,9,0,2,8,1,200900042504B01,7,10,1,200054781
200900042517,2009-05-12,2009,mai,mardi,19:35,94,94081,0.00004,0,2,1,7,1,1,3,2,02,2,3,0,0,1,0,1,4,1,44,5,3,9,0,0,0,0,200900042517A01,7,0,1,200054781
200900042520,2009-05-11,2009,mai,lundi,09:05,94,94080,0.00004,0,2,2,1,1,2,3,2,02,1,1,0,0,2,0,1,4,2,54,4,1,2,0,2,1,1,200900042520B01,37,15,1,200054781
200900042521,2009-05-16,2009,mai,samedi,17:00,94,94021,0.00004,0,2,1,1,1,3,4,2,02,1,1,0,0,2,0,1,4,1,56,5,3,9,0,2,2,1,200900042521B01,7,9,1,200054781
200900042531,2009-05-26,2009,mai,mardi,16:40,94,94081,0.00004,0,2,2,3,1,1,4,2,02,1,1,0,70,1,5,1,4,2,37,1,3,2,0,2,2,1,200900042531A01,7,1,1,200054781
200900042564,2009-05-04,2009,mai,lundi,11:20,94,94046,0.00004,0,2,1,2,1,1,3,2,04,1,1,0,142,1,0,1,4,1,52,1,3,9,0,9,1,2,200900042564B01,14,2,1,200054781
200900042565,2009-05-13,2009,mai,mercredi,17:00,94,94019,0.00004,0,2,1,2,1,1,4,2,02,2,1,0,51,1,0,1,4,1,37,5,1,2,0,2,4,1,200900042565B01,7,1,1,200054781
200900042593,2009-05-27,2009,mai,mercredi,11:40,94,94022,0.00004,0,2,3,3,1,1,4,2,02,-1,-1,10,50,1,0,1,4,2,7,5,3,9,0,2,1,1,200900042593B01,7,1,1,200054781
200900042601,2009-05-28,2009,mai,jeudi,17:00,94,94022,0.00004,0,2,3,6,1,8,4,2,02,1,1,0,71,1,0,1,4,1,25,9,3,9,0,2,2,15,200900042601B01,7,1,1,200054781
200900042622,2009-05-07,2009,mai,jeudi,17:50,94,94075,0.00004,0,2,1,1,1,1,4,2,02,2,4,0,0,1,0,1,3,1,13,5,2,2,0,2,4,13,200900042622B01,7,17,1,200054781
200900042627,2009-05-24,2009,mai,dimanche,18:55,94,94028,0.00004,0,2,1,3,1,1,4,2,02,1,1,0,60,1,0,1,4,1,10,5,3,9,0,2,7,19,200900042627B01,7,1,1,200054781
200900042662,2009-05-19,2009,mai,mardi,18:40,42,42095,0.00004,0,2,1,3,1,1,4,1,01,2,-1,0,36,1,0,1,3,1,13,5,2,2,0,2,0,0,200900042662A01,7,1,1,244200770
200900042663,2009-05-05,2009,mai,mardi,18:55,42,42095,0,0,2,1,3,1,1,3,2,02,1,1,0,0,1,0,1,4,1,56,5,2,9,0,2,1,1,200900042663B01,7,0,1,244200770
200900042685,2009-05-20,2009,mai,mercredi,15:30,42,42279,0.00004,0,2,6,1,1,1,3,2,00,1,-1,0,0,1,0,0,4,1,75,5,1,2,0,2,1,15,200900042685B02,10,9,1,200065886
200900042686,2009-05-31,2009,mai,dimanche,14:30,42,42075,0.00004,0,1,1,3,1,1,4,2,01,1,1,0,38,1,0,1,3,2,63,5,1,1,0,2,8,1,200900042686A01,7,17,1,200065886
200900042724,2009-09-12,2009,septembre,samedi,08:43,37,37195,0,0,2,1,6,1,1,4,2,02,1,1,0,60,1,0,1,4,2,29,0,2,2,1,0,1,1,200900042724A01,,,,243700754
200900042730,2009-09-01,2009,septembre,mardi,08:00,37,37261,0,0,2,5,3,1,1,4,1,01,1,1,0,0,-1,0,1,4,1,52,1,1,2,0,0,3,1,200900042730B01,3,15,1,243700754
200900042748,2009-09-14,2009,septembre,lundi,17:30,37,37261,0,0,2,1,1,1,1,4,2,02,1,1,0,70,1,0,1,4,1,13,2,3,9,1,0,1,17,200900042748A01,7,24,1,243700754
200900042756,2009-09-16,2009,septembre,mercredi,08:45,37,37195,0,0,2,6,3,1,2,4,1,01,1,-1,0,50,2,5,1,4,1,33,1,1,2,0,2,0,1,200900042756B01,7,14,1,243700754
200900042765,2009-09-23,2009,septembre,mercredi,17:34,37,37261,0,0,1,1,7,1,1,4,2,02,2,1,0,60,1,0,1,4,1,15,0,3,9,0,0,0,1,200900042765A01,,,,243700754
200900042776,2009-09-29,2009,septembre,mardi,07:55,37,37214,0,0,2,6,6,2,1,4,-1,00,-1,-1,0,0,-1,0,1,3,1,32,0,3,9,0,0,0,0,200900042776B01,7,0,1,243700754
200900042778,2009-09-29,2009,septembre,mardi,13:34,37,37261,0,0,2,5,7,1,1,4,2,00,1,1,0,0,1,5,1,4,2,21,5,3,9,0,0,2,1,200900042778A01,,,,243700754
200900042781,2009-09-30,2009,septembre,mercredi,17:48,37,37261,0,0,2,1,6,1,1,4,2,01,2,1,0,0,1,0,1,4,2,19,0,3,9,12,0,1,15,200900042781A01,,,,243700754
200900042794,2009-09-30,2009,septembre,mercredi,16:15,37,37003,0,0,2,1,3,1,1,4,2,02,1,1,0,60,1,5,1,3,1,10,5,2,2,0,2,3,15,200900042794B02,7,17,1,200043065
200900042821,2009-05-20,2009,mai,mercredi,11:50,78,78361,0.00004,0,2,7,2,1,1,4,1,02,4,1,0,100,1,0,1,4,1,25,0,2,2,0,2,1,1,200900042821A01,10,1,1,200059889
200900042838,2009-05-08,2009,mai,vendredi,08:20,78,78168,0.00004,0,2,1,3,1,1,4,2,02,1,1,0,68,1,0,1,4,1,48,1,1,2,0,2,1,1,200900042838B01,7,15,1,200058782
200900042897,2009-05-10,2009,mai,dimanche,10:04,78,78640,0.00004,0,2,1,6,1,1,3,3,02,1,1,0,70,1,0,1,3,1,58,9,1,2,8,0,1,21,200900042897A01,,,,247800584
200900042933,2009-06-06,2009,juin,samedi,19:45,94,94028,0.00004,0,2,2,7,1,1,4,2,02,1,1,0,60,1,0,1,3,1,80,5,1,9,16,0,1,0,200900042933A01,,,,200054781
200900042937,2009-06-08,2009,juin,lundi,13:35,94,94078,0.00004,0,2,1,3,1,2,4,2,02,1,1,0,60,2,0,1,4,2,56,1,3,4,0,2,8,15,200900042937B01,7,1,1,200054781
200900042972,2009-06-23,2009,juin,mardi,13:10,94,94052,0.00004,0,2,1,6,1,1,2,2,04,2,1,0,119,1,0,1,4,1,46,5,1,2,0,1,1,2,200900042972A01,,,,200054781
200900042992,2009-06-29,2009,juin,lundi,16:55,94,94055,0.00004,0,2,1,3,1,1,3,2,02,2,1,0,73,1,0,1,4,1,13,5,2,2,0,2,7,19,200900042992A01,7,1,1,200054781
200900043000,2009-06-22,2009,juin,lundi,14:45,94,94059,0.00004,0,2,1,3,1,1,3,2,02,1,1,0,68,1,0,1,4,2,12,1,2,9,0,2,3,15,200900043000A01,7,17,1,200054781
200900043008,2009-06-20,2009,juin,samedi,20:30,94,94011,0.00004,0,2,4,3,1,1,4,-1,00,-1,-1,0,30,-1,0,1,4,1,9,5,3,9,14,0,2,15,200900043008A01,7,19,1,200054781
200900043013,2009-06-01,2009,juin,lundi,12:30,94,94042,0.00004,0,2,4,3,1,1,3,1,02,2,3,0,70,1,5,1,4,1,52,5,1,2,0,2,2,1,200900043013B01,7,15,1,200054781
200900043037,2009-06-23,2009,juin,mardi,09:05,94,94067,0.00004,0,2,1,3,1,1,4,2,04,1,1,0,0,1,0,1,4,1,60,5,3,9,0,2,1,1,200900043037B01,7,15,1,200054781
200900043047,2009-06-04,2009,juin,jeudi,19:10,94,94067,0.00004,0,2,3,6,1,1,4,1,01,1,1,0,0,1,0,1,4,1,14,5,3,9,1,0,1,1,200900043047B01,7,22,1,200054781
200900043048,2009-06-19,2009,juin,vendredi,20:55,94,94080,0.00004,0,2,2,2,1,1,3,2,02,1,1,0,0,1,0,1,4,1,34,5,3,9,0,2,1,1,200900043048B01,7,14,1,200054781
200900043054,2009-06-14,2009,juin,dimanche,17:50,94,94080,0.00004,0,2,1,6,1,1,3,2,02,1,1,0,0,1,0,1,4,2,19,5,3,9,1,0,1,1,200900043054B01,7,22,1,200054781
200900043060,2009-06-27,2009,juin,samedi,19:00,94,94016,0.00004,0,2,1,2,1,1,6,-1,00,2,-1,0,0,1,0,4,4,1,8,5,3,9,0,2,1,2,200900043060B01,7,4,1,200054781
200900043062,2009-06-20,2009,juin,samedi,00:55,94,94003,0.00004,0,2,1,7,5,1,3,1,00,2,3,0,80,1,0,1,4,1,34,1,2,2,0,0,1,16,200900043062A01,,,,200054781
200900043063,2009-06-20,2009,juin,samedi,12:50,94,94016,0.00004,0,2,3,1,1,1,3,2,02,1,1,0,70,1,0,1,4,1,32,1,3,9,0,0,1,5,200900043063A01,7,2,1,200054781
200900043068,2009-06-28,2009,juin,dimanche,17:35,94,94080,0.00004,0,2,1,3,1,1,3,2,02,1,1,0,0,1,0,1,4,1,10,5,2,9,0,2,1,1,200900043068B01,7,22,1,200054781
200900043087,2009-06-03,2009,juin,mercredi,16:20,94,94081,0.00004,0,2,1,6,1,1,3,2,02,1,1,0,25,1,0,1,4,1,53,5,2,2,14,0,1,1,200900043087A01,7,23,1,200054781
200900043112,2009-06-17,2009,juin,mercredi,14:00,94,94042,0.00004,0,2,1,2,1,1,3,2,02,2,1,0,75,1,0,1,4,1,21,5,3,9,0,0,4,15,200900043112B01,33,13,1,200054781
200900043144,2009-06-29,2009,juin,lundi,15:10,94,94022,0.00004,0,2,1,3,1,1,2,2,02,1,1,0,66,1,0,1,3,1,22,5,2,2,0,2,3,6,200900043144A01,37,2,1,200054781
200900043154,2009-06-11,2009,juin,jeudi,17:25,94,94065,0.00004,0,2,3,7,1,1,4,2,02,1,1,0,0,1,0,1,4,1,48,5,1,2,0,0,7,0,200900043154A01,,,,200054781
200900043159,2009-06-02,2009,juin,mardi,13:25,94,94034,0.00004,0,2,1,3,1,1,3,3,04,1,1,0,0,1,0,1,3,1,26,4,3,9,0,0,8,19,200900043159B01,7,1,1,200054781
200900043214,2009-07-15,2009,juillet,mercredi,17:30,94,94077,0.00004,0,2,6,6,1,1,4,1,02,1,1,0,55,1,0,1,3,1,13,9,2,2,0,2,1,1,200900043214A01,7,1,1,200054781
200900043214,2009-07-15,2009,juillet,mercredi,17:30,94,94077,0.00004,0,2,6,6,1,1,4,1,02,1,1,0,55,1,0,1,3,1,14,9,2,2,0,2,1,1,200900043214A01,7,1,1,200054781
200900043289,2009-07-30,2009,juillet,jeudi,09:50,94,94068,0.00004,0,2,1,6,1,1,3,2,02,1,1,0,109,1,0,1,4,2,40,4,3,9,0,2,8,19,200900043289A01,2,1,1,200054781