Num_Acc,date,an,mois,jour,hrmn,dep,com,lat,long,agg,int,col,lum,atm,catr,circ,nbv,prof,plan,lartpc,larrout,surf,infra,situ,grav,sexe,age,trajet,secuexist,equipement,obs,obsm,choc,manv,vehiculeid,typevehicules,manoeuvehicules,numVehicules,_infos_commune.code_epci
200900043316,2009-07-16,2009,juillet,jeudi,18:35,94,94077,0.00004,0,2,1,3,1,1,4,3,02,1,1,0,0,1,0,1,4,2,25,5,3,9,0,2,6,15,200900043316B01,7,17,1,200054781
200900043351,2009-07-27,2009,juillet,lundi,09:30,94,94074,0.00004,0,2,1,3,1,1,3,-1,00,1,1,0,25,1,0,1,4,1,78,9,2,9,0,2,3,19,200900043351B01,7,1,1,200054781
200900043397,2009-04-07,2009,avril,mardi,18:30,92,92026,0,0,2,1,3,1,1,4,2,02,-1,1,0,0,1,0,5,4,1,39,5,3,2,0,2,3,1,200900043397B01,33,18,1,200054781
200900043444,2009-04-14,2009,avril,mardi,09:15,92,92046,0,0,2,2,6,1,1,3,2,02,1,1,0,0,1,5,1,4,1,32,1,1,2,0,1,1,1,200900043444A01,,,,200054781
200900043515,2009-04-30,2009,avril,jeudi,08:55,92,92064,0,0,2,1,6,1,1,3,2,02,2,1,0,80,1,0,1,4,1,29,1,2,2,0,1,1,17,200900043515A01,,,,200054781
200900043563,2009-10-31,2009,octobre,samedi,10:15,80,80063,0,0,1,6,1,1,1,3,2,02,1,-1,0,60,1,5,1,3,1,43,5,1,2,0,2,1,1,200900043563B02,7,19,1,247600588
200900043564,2009-10-04,2009,octobre,dimanche,14:15,80,80484,0,0,2,1,3,1,3,3,2,00,2,2,0,120,2,0,1,3,1,13,5,3,1,0,2,1,1,200900043564A01,7,19,1,200071181
200900043570,2009-10-28,2009,octobre,mercredi,15:45,80,80410,0.00004,0,2,6,1,1,1,3,-1,00,2,-1,0,0,1,5,1,3,1,74,5,1,2,0,2,7,0,200900043570B02,7,5,1,200070985
200900043601,2009-10-23,2009,octobre,vendredi,08:25,80,80632,0,0,2,1,3,1,1,4,1,01,1,3,0,100,1,0,1,4,2,25,1,2,9,0,2,0,1,200900043601B01,7,9,1,248000531
200900043602,2009-10-06,2009,octobre,mardi,16:30,80,80021,0,0,2,1,7,1,3,4,1,02,4,3,0,70,2,0,1,4,1,49,1,2,9,0,2,0,1,200900043602B01,7,1,1,248000531
200900043603,2009-10-22,2009,octobre,jeudi,13:15,80,80021,0,0,2,3,3,1,1,4,1,01,1,1,0,0,1,0,1,4,1,17,5,3,9,0,2,1,1,200900043603A01,7,16,1,248000531
200900043604,2009-10-23,2009,octobre,vendredi,14:55,80,80021,0,0,2,2,3,1,1,4,1,01,3,1,0,60,1,0,1,4,1,25,1,2,9,0,2,1,1,200900043604A01,7,1,1,248000531
200900043624,2009-10-20,2009,octobre,mardi,13:35,80,80021,0,0,2,1,3,1,1,4,2,02,1,1,0,0,1,0,1,4,2,34,0,2,9,0,2,0,1,200900043624A01,7,16,1,248000531
200900043664,2009-07-04,2009,juillet,samedi,16:15,22,22389,0,0,2,1,3,1,1,4,2,02,1,1,0,65,1,0,1,3,1,8,5,3,9,0,2,5,19,200900043664B02,7,1,1,200069409
200900043668,2009-07-14,2009,juillet,mardi,10:15,22,22203,0.00004,NaN,1,1,1,1,1,3,2,02,2,1,0,53,1,0,1,4,1,58,5,1,2,0,2,1,1,200900043668B02,10,15,1,200069409
200900043668,2009-07-14,2009,juillet,mardi,10:15,22,22203,0.00004,NaN,1,1,1,1,1,3,2,02,2,1,0,53,1,0,1,4,2,61,5,1,2,0,2,1,1,200900043668B02,10,15,1,200069409
200900043668,2009-07-14,2009,juillet,mardi,10:15,22,22203,0.00004,NaN,1,1,1,1,1,3,2,02,2,1,0,53,1,0,1,3,1,65,5,1,2,0,2,1,1,200900043668B02,10,15,1,200069409
200900043668,2009-07-14,2009,juillet,mardi,10:15,22,22203,0.00004,NaN,1,1,1,1,1,3,2,02,2,1,0,53,1,0,1,4,2,59,5,1,2,0,2,1,1,200900043668B02,10,15,1,200069409
200900043668,2009-07-14,2009,juillet,mardi,10:15,22,22203,0.00004,NaN,1,1,1,1,1,3,2,02,2,1,0,53,1,0,1,3,1,51,5,1,2,0,2,1,1,200900043668B02,10,15,1,200069409
200900043668,2009-07-14,2009,juillet,mardi,10:15,22,22203,0.00004,NaN,1,1,1,1,1,3,2,02,2,1,0,53,1,0,1,3,1,58,5,1,2,0,2,1,1,200900043668B02,10,15,1,200069409
200900043680,2009-07-06,2009,juillet,lundi,13:00,22,22278,0,0,2,1,7,1,1,4,2,02,1,1,0,0,1,0,1,4,1,53,1,1,4,3,0,2,14,200900043680A01,,,,200069409
200900043722,2009-05-17,2009,mai,dimanche,10:45,91,91312,0,0,2,1,7,1,2,3,2,02,1,1,0,0,2,0,1,4,1,14,5,1,2,0,0,0,1,200900043722A01,,,,200056232
200900043725,2009-05-26,2009,mai,mardi,18:15,91,91471,0,0,2,1,3,1,1,4,2,02,1,2,0,60,1,0,1,3,1,13,5,2,2,0,2,1,1,200900043725A01,7,16,1,200056232
200900043737,2009-05-01,2009,mai,vendredi,15:45,91,91174,0,0,2,1,3,1,1,4,1,02,-1,-1,25,60,-1,0,1,4,2,34,5,2,9,0,0,0,0,200900043737B01,7,0,1,200059228
200900043812,2009-06-12,2009,juin,vendredi,16:10,91,91097,0,0,2,1,6,1,1,4,-1,02,2,1,0,0,1,1,5,3,1,65,5,2,9,0,9,0,1,200900043812A01,7,1,1,200058477
200900043818,2009-06-05,2009,juin,vendredi,10:40,91,91223,0,0,2,1,7,1,1,4,2,02,1,1,0,60,1,0,1,4,1,52,5,2,2,0,0,0,0,200900043818A01,,,,200017846
200900043827,2009-06-14,2009,juin,dimanche,19:40,91,91223,0,0,2,1,6,1,1,4,2,02,1,1,0,70,1,0,4,4,1,28,5,2,2,4,0,0,0,200900043827A01,,,,200017846
200900043827,2009-06-14,2009,juin,dimanche,19:40,91,91223,0,0,2,1,6,1,1,4,2,02,1,1,0,70,1,0,4,4,1,5,5,2,2,4,0,0,0,200900043827A01,,,,200017846
200900043830,2009-06-07,2009,juin,dimanche,11:35,91,91692,0,0,2,6,3,1,1,3,3,04,1,1,0,0,1,0,1,4,1,48,5,1,2,0,2,0,1,200900043830B01,7,1,1,200056232
200900043831,2009-06-03,2009,juin,mercredi,20:30,91,91691,0,0,2,3,3,1,1,4,2,02,1,1,0,70,1,0,1,4,1,11,5,3,9,0,0,7,19,200900043831A02,7,1,1,200058477
200900043831,2009-06-03,2009,juin,mercredi,20:30,91,91691,0,0,2,3,3,1,1,4,2,02,1,1,0,70,1,0,1,4,1,15,5,3,9,0,0,7,19,200900043831A02,7,1,1,200058477
200900043852,2009-06-19,2009,juin,vendredi,16:45,91,91573,0.00004,0,2,2,3,1,1,4,2,02,1,1,,,1,0,0,3,1,10,2,1,2,0,2,1,19,200900043852B02,7,1,1,200059228
200900043871,2009-06-30,2009,juin,mardi,20:15,91,91097,0,0,2,1,2,1,1,4,2,02,2,1,0,0,1,0,1,4,1,42,5,2,2,0,2,1,1,200900043871B01,37,9,1,200058477
200900043872,2009-06-24,2009,juin,mercredi,10:40,91,91477,0,0,2,1,6,1,1,4,2,02,1,1,0,0,1,0,1,1,1,14,2,2,2,0,1,1,1,200900043872A01,,,,200056232
200900043877,2009-06-19,2009,juin,vendredi,20:30,91,91570,0,0,2,2,3,2,1,4,2,02,2,1,0,0,1,0,1,4,1,47,0,3,9,0,2,1,1,200900043877B01,7,0,1,200057859
200900043881,2009-06-17,2009,juin,mercredi,17:35,91,91549,0,0,2,2,3,1,1,4,1,01,1,1,0,0,1,0,1,4,1,15,0,3,9,0,2,8,1,200900043881A01,7,1,1,200057859
200900043937,2009-06-25,2009,juin,jeudi,16:40,91,91223,0,0,2,1,7,1,1,4,2,02,2,1,0,50,1,0,1,4,1,11,5,3,9,0,0,1,0,200900043937A01,,,,200017846
200900043940,2009-06-03,2009,juin,mercredi,17:55,91,91347,0,0,2,3,3,1,1,3,2,02,2,1,0,52,1,0,1,3,1,14,5,2,2,1,2,1,1,200900043940A01,7,16,1,200057859
200900043948,2009-06-28,2009,juin,dimanche,18:30,91,91521,0,0,2,1,3,1,1,4,2,02,1,1,0,80,1,0,1,4,2,6,5,2,2,0,2,1,1,200900043948A01,7,1,1,200059228
200900043955,2009-09-09,2009,septembre,mercredi,18:15,40,40065,0,0,2,3,3,1,1,4,2,02,1,1,0,50,1,0,1,3,1,11,5,2,2,0,2,8,15,200900043955B02,7,17,1,244000865
200900043972,2009-09-23,2009,septembre,mercredi,17:00,40,40046,0,0,1,1,2,1,1,5,2,02,1,1,,61,1,0,1,4,1,57,1,1,2,0,2,4,14,200900043972A01,7,1,1,244000873
200900043976,2009-09-30,2009,septembre,mercredi,17:40,40,40036,0,0,2,1,3,1,1,4,2,02,1,1,0,58,1,0,1,3,1,5,5,2,2,0,2,1,19,200900043976A01,10,1,1,244000865
200900043982,2009-09-13,2009,septembre,dimanche,18:00,40,40002,0,0,1,1,1,1,1,3,2,02,1,2,0,59,1,5,1,3,2,68,5,1,2,0,2,8,19,200900043982A01,7,1,1,244000881
200900043990,2009-10-15,2009,octobre,jeudi,19:10,82,82121,0,0,2,5,3,1,1,4,2,01,1,1,0,0,1,5,1,4,1,18,5,3,9,0,2,1,1,200900043990B01,10,1,1,248200099
200900043997,2009-10-13,2009,octobre,mardi,17:10,82,82121,0,0,2,1,5,1,1,4,2,02,1,1,0,0,1,0,1,4,1,48,5,2,9,0,2,1,14,200900043997A01,7 / 10,2,2,248200099
200900044021,2009-05-26,2009,mai,mardi,10:30,39,39415,0.00004,0,2,3,3,1,1,3,2,00,1,1,0,56,1,0,4,2,2,78,3,2,2,0,2,1,19,200900044021A01,21,16,1,243901089
200900044023,2009-05-22,2009,mai,vendredi,18:00,39,39128,0.00004,0,1,1,3,1,1,3,2,00,1,3,0,64,1,0,1,3,2,70,3,1,2,0,0,8,1,200900044023B02,7,17,1,243901089
200900044036,2009-09-01,2009,septembre,mardi,17:00,74,74220,0.00004,0,2,1,5,1,1,3,2,00,1,1,0,0,1,0,1,4,1,37,1,1,2,1,0,7,1,200900044036C03,7,22 / 1,2,247400583
200900044047,2009-09-08,2009,septembre,mardi,19:15,74,74213,0.00004,0,2,1,3,1,1,3,2,02,2,3,0,90,1,5,1,4,2,26,5,1,2,0,2,8,1,200900044047B02,7,15,1,200066793
200900044051,2009-09-11,2009,septembre,vendredi,12:10,74,74010,0,0,2,1,6,1,1,4,2,02,1,1,25,85,1,0,1,4,1,44,9,2,9,0,2,1,15,200900044051A01,10,1,1,200066793
200900044059,2009-09-13,2009,septembre,dimanche,11:00,74,74056,0,0,1,1,1,1,1,4,2,02,1,1,0,67,1,0,1,4,1,33,5,1,2,0,2,1,1,200900044059B02,7,15,1,200023372
200900044061,2009-09-14,2009,septembre,lundi,06:25,74,74010,0,0,2,3,6,1,1,3,2,04,1,1,0,116,1,0,1,3,1,34,0,3,2,0,0,0,1,200900044061B01,7,15,1,200066793
200900044067,2009-09-20,2009,septembre,dimanche,11:45,74,74272,0,0,2,3,1,1,1,4,2,02,,,,60,,,,3,1,41,5,1,2,0,2,3,1,200900044067B02,7,15,1,247400567
200900044078,2009-09-30,2009,septembre,mercredi,13:40,74,74305,0,0,2,9,3,1,1,3,1,01,1,3,0,0,1,0,1,3,2,76,5,3,9,0,2,1,5,200900044078B01,7,1,1,200011773
200900044112,2009-10-21,2009,octobre,mercredi,18:25,64,64445,0.00004,NaN,2,3,6,1,1,4,1,01,1,1,0,0,1,0,1,4,1,18,5,3,9,0,2,8,19,200900044112B01,7,0,1,200067254
200900044114,2009-07-08,2009,juillet,mercredi,09:40,69,69383,0,0,2,1,2,1,1,4,2,03,1,1,0,0,1,0,1,4,1,46,1,3,9,0,2,1,1,200900044114B01,7,1,1,200046977
200900044128,2009-10-26,2009,octobre,lundi,16:45,64,64335,0.00004,NaN,2,1,2,1,1,3,1,02,1,2,0,0,1,0,1,1,1,45,5,3,9,0,2,1,2,200900044128A01,1,2,1,200067254
200900044128,2009-10-26,2009,octobre,lundi,16:45,64,64335,0.00004,NaN,2,1,2,1,1,3,1,02,1,2,0,0,1,0,1,4,2,14,5,1,9,0,2,4,2,200900044128B01,1,2,1,200067254
200900044132,2009-10-30,2009,octobre,vendredi,17:45,64,64445,0.00004,NaN,2,1,6,1,1,4,2,02,1,1,0,70,1,0,1,4,1,15,5,2,9,0,2,7,19,200900044132B01,30,1,1,200067254
200900044142,2009-10-07,2009,octobre,mercredi,10:30,2B,2B217,0,0,1,1,1,1,1,3,2,02,2,3,0,32,-1,0,1,3,1,14,5,2,2,0,2,1,1,200900044142A01,7,1,1,200073252
200900044142,2009-10-07,2009,octobre,mercredi,10:30,2B,2B217,0,0,1,1,1,1,1,3,2,02,2,3,0,32,-1,0,1,3,1,16,0,2,2,0,2,1,1,200900044142A01,7,1,1,200073252
200900044165,2009-09-06,2009,septembre,dimanche,14:05,87,87085,0,0,2,1,6,1,1,6,-1,00,-1,1,0,50,1,0,1,4,1,15,5,2,2,0,0,0,0,200900044165A01,,,,248719312
200900044170,2009-09-09,2009,septembre,mercredi,08:11,87,87085,0,0,2,3,3,1,1,4,2,02,1,1,0,60,1,0,1,4,1,21,2,1,4,0,2,7,2,200900044170B01,7,15,1,248719312
200900044174,2009-09-24,2009,septembre,jeudi,17:56,87,87050,0,0,2,1,6,1,1,4,-1,01,-1,1,0,60,-1,0,0,4,1,55,5,1,2,0,0,0,0,200900044174A01,,,,248719312
200900044193,2009-09-24,2009,septembre,jeudi,19:10,87,87085,0,0,2,1,3,1,1,4,2,02,1,1,0,58,1,0,1,4,1,10,5,3,2,0,2,1,2,200900044193B01,1,2,1,248719312
200900044193,2009-09-24,2009,septembre,jeudi,19:10,87,87085,0,0,2,1,3,1,1,4,2,02,1,1,0,58,1,0,1,4,1,13,5,3,2,0,2,1,2,200900044193A01,1,2,1,248719312
200900044282,2009-11-05,2009,novembre,jeudi,15:00,30,30069,0.00004,0,1,1,1,1,7,3,2,02,1,1,0,0,1,0,1,3,1,60,5,3,1,0,2,1,1,200900044282B02,10,15,1,200034411
200900044286,2009-11-10,2009,novembre,mardi,15:30,30,30133,0.00004,0,1,1,2,1,1,3,3,02,1,1,58,130,1,0,1,2,1,70,3,3,1,0,0,4,2,200900044286B02,7,2,1,243000650
200900044305,2009-11-27,2009,novembre,vendredi,07:15,30,30107,0.00004,0,1,1,2,2,1,2,2,00,1,1,0,73,1,0,1,3,2,33,5,3,1,0,0,4,2,200900044305B02,10,2,1,243000684
200900044319,2009-11-03,2009,novembre,mardi,08:00,30,30007,0,0,2,1,3,1,1,4,2,02,1,1,0,0,1,0,1,4,1,19,1,3,9,0,2,4,15,200900044319A01,7,1,1,200066918
200900044404,2009-11-18,2009,novembre,mercredi,14:40,64,64445,0.00004,NaN,2,3,3,1,1,4,2,03,1,1,0,87,1,0,1,4,2,58,5,1,2,0,2,1,1,200900044404A01,7,16,1,200067254
200900044419,2009-11-24,2009,novembre,mardi,12:15,64,64445,0.00004,NaN,2,3,3,1,1,4,2,02,1,1,0,120,1,0,1,3,2,34,1,3,9,0,2,8,1,200900044419B01,7,15,1,200067254
200900044427,2009-11-28,2009,novembre,samedi,00:20,64,64024,0.00004,NaN,2,1,6,5,1,3,2,04,1,1,0,144,1,2,1,4,1,35,5,1,2,0,2,0,0,200900044427A01,33,0,1,200067106
200900044427,2009-11-28,2009,novembre,samedi,00:20,64,64024,0.00004,NaN,2,1,6,5,1,3,2,04,1,1,0,144,1,2,1,4,2,21,5,1,2,0,2,0,0,200900044427A01,33,0,1,200067106
200900044462,2009-05-02,2009,mai,samedi,13:10,13,13001,0,0,2,4,2,1,1,4,2,02,1,1,0,0,1,0,0,4,1,76,5,1,2,0,2,4,0,200900044462B01,2,0,1,200054807
200900044508,2009-05-07,2009,mai,jeudi,12:35,13,13117,0,0,1,6,3,1,1,3,1,02,1,2,0,60,1,0,1,4,1,62,5,2,2,0,2,6,0,200900044508A01,7,0,1,200054807
200900044525,2009-05-19,2009,mai,mardi,11:25,13,13028,0.00004,0,2,1,1,1,1,3,2,02,2,4,0,64,1,0,1,4,1,32,5,2,2,0,2,1,1,200900044525B01,7,15,1,200054807
200900044546,2009-05-24,2009,mai,dimanche,10:00,13,13074,0.00004,0,1,1,3,1,1,2,2,00,1,1,0,104,1,0,1,3,1,62,5,1,2,0,2,1,1,200900044546B02,7,6,1,200054807
200900044573,2009-05-12,2009,mai,mardi,08:15,13,13047,0.00004,0,2,1,3,1,1,3,2,02,1,1,0,60,1,0,1,3,1,14,5,2,2,0,2,8,15,200900044573B01,7,17,1,200054807
200900044575,2009-05-16,2009,mai,samedi,17:55,13,13047,0.00004,0,1,1,6,1,1,3,2,02,1,1,0,74,1,0,2,3,1,56,5,1,2,0,2,1,1,200900044575B01,7,1,1,200054807
200900044587,2009-05-29,2009,mai,vendredi,13:00,13,13055,0,0,2,3,3,1,1,4,-1,00,1,1,0,123,1,0,1,1,1,40,5,1,2,0,2,0,0,200900044587A01,7,0,1,200054807
200900044651,2009-05-11,2009,mai,lundi,07:00,13,13210,0,0,2,1,3,1,1,4,2,02,1,-1,0,80,1,0,1,4,1,42,1,3,9,0,2,8,1,200900044651B01,7,1,1,200054807
200900044720,2009-05-26,2009,mai,mardi,15:30,13,13055,0,0,2,1,3,1,1,4,1,01,2,2,0,90,1,0,1,3,1,62,5,2,9,0,2,0,0,200900044720B01,7,1,1,200054807
200900044852,2009-11-17,2009,novembre,mardi,16:00,27,27137,0.00004,0,1,2,3,2,2,3,2,02,1,1,0,0,2,0,1,3,1,65,5,2,2,0,2,1,1,200900044852B02,7,19,1,200066462
200900044856,2009-06-05,2009,juin,vendredi,18:15,42,42218,0.00004,0,2,2,2,1,1,4,2,04,4,1,0,0,1,5,1,4,2,14,5,2,2,,2,1,2,200900044856A01,7,23,1,244200770
200900044856,2009-06-05,2009,juin,vendredi,18:15,42,42218,0.00004,0,2,2,2,1,1,4,2,04,4,1,0,0,1,5,1,3,2,17,5,2,2,,2,1,2,200900044856A01,7,23,1,244200770
200900044861,2009-06-09,2009,juin,mardi,16:10,42,42044,0.00004,0,2,9,3,1,1,3,1,01,1,2,0,87,1,5,1,4,1,37,1,1,2,0,2,3,1,200900044861B01,7,16,1,244200770
200900044899,2009-11-23,2009,novembre,lundi,07:45,49,49007,0,0,2,2,3,5,1,4,2,02,1,1,0,0,2,1,5,4,1,15,2,1,2,0,2,1,1,200900044899B01,7,15,1,244900015
200900044903,2009-11-26,2009,novembre,jeudi,17:45,49,49099,0,0,2,1,2,5,2,4,2,02,1,1,0,0,2,0,1,4,1,65,5,1,4,0,2,4,13,200900044903A01,7,1,1,200071678
200900044906,2009-11-20,2009,novembre,vendredi,08:00,49,49007,0,0,2,2,2,5,1,4,2,02,1,1,0,0,2,0,1,4,2,14,2,3,9,0,2,4,1,200900044906A01,7,15,1,244900015
200900044909,2009-11-19,2009,novembre,jeudi,12:15,49,49007,0,0,2,1,3,1,1,4,2,02,1,1,0,60,-1,0,1,4,1,12,0,1,2,0,2,1,15,200900044909B01,7,1,1,244900015
200900044915,2009-11-27,2009,novembre,vendredi,15:50,49,49353,0,0,2,1,2,1,1,4,2,02,1,1,0,75,2,0,1,2,2,71,3,1,4,0,2,0,1,200900044915B01,7,2,1,244900015
200900044916,2009-11-18,2009,novembre,mercredi,12:15,49,49099,0,0,2,3,3,1,1,4,3,04,1,1,0,0,1,0,1,3,1,87,5,3,9,0,2,1,1,200900044916B01,7,16,1,200071678
200900044918,2009-11-27,2009,novembre,vendredi,16:05,49,49007,0,0,2,2,3,1,1,4,2,02,1,1,0,57,2,0,1,4,1,18,9,1,2,0,2,1,1,200900044918B01,7,1,1,244900015
200900044919,2009-11-28,2009,novembre,samedi,09:00,49,49015,0,0,2,1,1,1,2,4,2,02,1,3,0,63,2,0,1,2,1,68,5,3,9,0,2,1,1,200900044919B01,7,15,1,244900015
200900044942,2009-11-12,2009,novembre,jeudi,18:11,49,49007,0,0,2,3,3,5,1,4,2,02,1,1,0,72,1,0,1,3,2,88,5,1,2,0,2,8,15,200900044942B01,7,1,1,244900015
200900044962,2009-05-06,2009,mai,mercredi,16:04,92,92040,0,0,2,2,6,1,1,3,2,02,1,1,0,96,1,0,1,4,1,62,5,3,9,0,2,4,15,200900044962B01,7,1,1,200054781
200900044969,2009-05-17,2009,mai,dimanche,17:00,92,92022,0,0,2,1,3,1,1,3,2,02,2,1,0,120,1,0,1,4,2,36,9,1,2,0,2,1,1,200900044969B01,7,22,1,200054781
200900044971,2009-05-17,2009,mai,dimanche,10:40,92,92047,0,0,2,9,6,1,2,4,-1,00,1,2,0,70,2,0,1,4,2,74,5,3,9,0,1,1,15,200900044971A01,,,,200054781
200900044971,2009-05-17,2009,mai,dimanche,10:40,92,92047,0,0,2,9,6,1,2,4,-1,00,1,2,0,70,2,0,1,1,1,43,5,1,2,0,1,1,15,200900044971A01,,,,200054781
200900044974,2009-05-30,2009,mai,samedi,18:20,92,92026,0,0,2,1,7,1,1,9,-1,00,1,-1,0,0,1,6,0,4,1,4,5,3,9,0,1,1,1,200900044974A01,,,,200054781
200900044974,2009-05-30,2009,mai,samedi,18:20,92,92026,0,0,2,1,7,1,1,9,-1,00,1,-1,0,0,1,6,0,1,1,58,5,1,2,0,1,1,1,200900044974A01,,,,200054781
200900044979,2009-05-13,2009,mai,mercredi,09:37,92,92051,0,0,2,1,6,1,1,4,-1,02,1,1,0,0,1,0,1,1,2,28,4,3,9,0,1,1,0,200900044979A01,,,,200054781
200900044988,2009-05-22,2009,mai,vendredi,08:35,92,92063,0,0,2,3,6,1,1,4,2,02,2,1,0,0,1,0,1,4,1,16,1,3,9,1,0,1,16,200900044988A01,,,,200054781
200900045007,2009-05-29,2009,mai,vendredi,09:50,92,92026,0,0,2,2,2,1,1,3,3,03,1,1,0,260,1,0,1,4,1,37,0,3,2,0,2,1,1,200900045007A01,10,15,1,200054781
200900045015,2009-05-24,2009,mai,dimanche,15:55,92,92064,0,0,1,1,3,1,1,9,2,01,2,1,0,45,1,0,0,3,1,30,5,3,9,0,2,1,1,200900045015B01,1,10,1,200054781
200900045015,2009-05-24,2009,mai,dimanche,15:55,92,92064,0,0,1,1,3,1,1,9,2,01,2,1,0,45,1,0,0,4,1,16,5,3,9,0,9,2,10,200900045015A01,1,1,1,200054781
200900045021,2009-05-16,2009,mai,samedi,17:35,92,92026,0,0,2,2,7,1,2,3,1,03,-1,-1,0,0,-1,0,0,4,1,30,5,2,2,0,0,0,0,200900045021A01,,,,200054781
200900045027,2009-05-30,2009,mai,samedi,09:40,92,92036,0,0,2,1,3,1,1,3,2,03,1,1,0,120,1,0,1,4,1,47,5,3,9,1,0,7,1,200900045027B01,7,22,1,200054781
200900045033,2009-05-15,2009,mai,vendredi,17:45,92,92020,0,0,2,1,3,1,1,4,2,02,1,1,0,0,1,0,1,4,1,18,0,3,2,0,0,0,0,200900045033A01,10,0,1,200054781
200900045056,2009-05-05,2009,mai,mardi,19:10,92,92049,0,0,2,1,6,1,1,3,2,02,1,1,0,0,1,0,1,4,1,15,5,3,9,0,0,0,0,200900045056B01,7,1,1,200054781
200900045057,2009-05-11,2009,mai,lundi,18:00,92,92063,0,0,2,1,3,1,1,4,2,02,1,1,0,54,1,0,1,4,1,19,0,3,9,0,0,0,19,200900045057B01,7,1,1,200054781
200900045064,2009-05-11,2009,mai,lundi,18:30,92,92050,0,0,2,1,1,1,1,3,2,01,2,1,0,15,1,0,5,1,2,20,5,3,9,0,9,1,1,200900045064B01,99,1,1,200054781
200900045111,2009-05-15,2009,mai,vendredi,20:25,92,92004,0,0,2,1,6,4,1,4,2,02,-1,-1,0,0,1,0,4,1,2,19,5,3,4,0,1,1,0,200900045111A01,,,,200054781
200900045113,2009-05-23,2009,mai,samedi,19:45,92,92004,0,0,2,3,7,1,1,4,2,02,-1,-1,0,0,1,0,1,3,1,42,0,3,4,14,0,0,16,200900045113A01,,,,200054781
200900045123,2009-10-05,2009,octobre,lundi,07:30,87,87017,0.00004,0,1,6,6,3,1,2,2,02,1,-1,0,96,1,0,0,2,1,19,1,3,8,0,0,8,0,200900045123A01,,,,200071942
200900045158,2009-10-13,2009,octobre,mardi,16:19,87,87085,0.00004,0,2,2,3,1,1,2,2,05,1,1,0,150,1,0,0,4,1,24,5,3,2,0,2,1,2,200900045158A01,7,2,1,248719312
200900045181,2009-09-01,2009,septembre,mardi,17:00,31,31149,0,0,2,1,1,1,1,4,2,02,1,3,0,60,1,0,1,4,2,44,1,1,2,0,2,1,1,200900045181B01,17,1,1,243100518
200900045185,2009-10-12,2009,octobre,lundi,17:20,31,31555,0,0,2,1,3,1,1,4,2,02,1,1,0,75,1,0,1,4,1,11,2,3,2,0,2,0,19,200900045185A01,7,1,1,243100518
200900045247,2009-10-30,2009,octobre,vendredi,02:00,31,31555,0,0,2,1,1,5,1,4,1,02,1,1,0,85,1,0,1,4,1,25,5,2,2,0,2,1,5,200900045247A01,30,1,1,243100518
200900045263,2009-10-30,2009,octobre,vendredi,14:00,31,31555,0,0,2,1,3,1,1,4,2,03,1,1,0,84,1,0,1,4,1,72,5,3,2,0,2,1,1,200900045263B01,7,14,1,243100518
200900045267,2009-10-02,2009,octobre,vendredi,11:50,31,31555,0,0,2,2,3,1,1,4,-1,00,-1,-1,0,0,-1,0,0,4,1,63,5,1,2,0,2,8,1,200900045267B01,7,15,1,243100518
200900045283,2009-10-09,2009,octobre,vendredi,17:30,31,31557,0.00004,0,2,6,3,1,1,3,2,02,1,1,0,89,1,0,1,4,2,11,2,3,8,0,2,8,19,200900045283B01,7,1,1,243100518
200900045294,2009-10-19,2009,octobre,lundi,07:25,31,31149,0,0,2,6,3,1,1,4,2,02,1,1,0,80,1,0,1,3,1,64,5,2,2,0,2,1,1,200900045294B01,7,1,1,243100518
200900045304,2009-06-12,2009,juin,vendredi,19:05,42,42218,0.00004,0,2,1,2,1,1,4,1,02,1,1,0,0,1,0,1,3,1,29,5,1,4,0,2,4,1,200900045304B01,7,1,1,244200770
200900045313,2009-01-14,2009,janvier,mercredi,06:30,92,92044,0,0,2,2,3,5,1,4,1,01,1,1,0,0,1,0,1,4,1,40,1,3,9,0,2,4,1,200900045313B01,7,1,1,200054781
200900045333,2009-04-04,2009,avril,samedi,05:15,92,92044,0,0,2,9,6,5,1,3,1,00,1,-1,0,0,1,6,1,4,1,19,9,2,9,0,0,1,2,200900045333A01,,,,200054781
200900045358,2009-10-16,2009,octobre,vendredi,15:16,66,66136,0.00004,0,2,1,6,1,1,4,2,04,1,1,0,0,1,0,1,4,2,42,1,3,9,0,2,0,19,200900045358C01,7,1,2,200027183
200900045360,2009-10-26,2009,octobre,lundi,16:35,66,66136,0,0,1,1,2,1,1,3,1,04,1,1,18,167,1,0,1,3,1,44,5,2,2,0,2,4,1,200900045360B01,14,1,1,200027183
200900045373,2009-11-10,2009,novembre,mardi,17:30,87,87050,0,0,2,1,6,1,1,4,2,02,1,1,0,60,1,0,1,4,1,21,5,3,4,16,0,1,2,200900045373A01,,,,248719312
200900045403,2009-11-30,2009,novembre,lundi,17:10,87,87085,0,0,2,1,6,5,1,4,2,02,-1,1,0,60,2,0,1,3,1,85,5,2,2,0,5,0,1,200900045403A01,,,,248719312
200900045415,2009-11-17,2009,novembre,mardi,17:47,87,87085,0,0,2,1,6,5,1,4,2,02,-1,1,0,60,1,0,1,4,1,14,2,2,2,0,2,0,19,200900045415B01,7,1,1,248719312
200900045422,2009-11-24,2009,novembre,mardi,16:14,87,87085,0.00004,0,2,1,3,1,1,2,2,02,-1,1,0,60,1,0,1,4,1,60,5,1,2,0,2,1,1,200900045422B01,7,15,1,248719312
200900045427,2009-06-18,2009,juin,jeudi,17:30,42,42330,0.00004,0,2,4,1,1,1,4,1,01,2,2,0,30,1,0,1,4,1,50,5,2,2,0,2,1,1,200900045427B01,7,16,1,244200770