Num_Acc,date,an,mois,jour,hrmn,dep,com,lat,long,agg,int,col,lum,atm,catr,circ,nbv,prof,plan,lartpc,larrout,surf,infra,situ,grav,sexe,age,trajet,secuexist,equipement,obs,obsm,choc,manv,vehiculeid,typevehicules,manoeuvehicules,numVehicules,_infos_commune.code_epci
200900045428,2009-06-22,2009,juin,lundi,11:43,42,42218,0.00004,0,2,1,3,1,1,4,2,02,2,1,0,71,1,0,1,4,1,38,5,1,2,0,2,1,1,200900045428B01,30,11,1,244200770
200900045433,2009-07-07,2009,juillet,mardi,14:30,91,91549,0,0,2,6,3,1,1,4,1,02,1,2,0,0,1,5,1,4,2,20,5,3,9,0,2,1,1,200900045433B01,7,9,1,200057859
200900045447,2009-07-26,2009,juillet,dimanche,10:45,91,91577,0.00004,0,2,1,1,1,1,4,2,02,1,2,0,72,1,0,1,3,1,75,0,1,2,0,2,1,5,200900045447B02,7,1,1,200059228
200900045455,2009-07-02,2009,juillet,jeudi,07:45,91,91191,0,0,2,1,6,1,1,4,1,01,-1,-1,0,0,-1,0,1,4,2,42,0,1,9,0,2,8,2,200900045455B01,7,1,1,200058477
200900045472,2009-07-21,2009,juillet,mardi,14:30,91,91421,0,0,2,1,3,1,1,4,2,02,1,1,0,40,1,0,1,4,1,13,5,3,9,0,2,1,13,200900045472B01,7,1,1,200058477
200900045485,2009-07-08,2009,juillet,mercredi,16:15,91,91223,0,0,2,1,7,1,2,4,2,02,1,1,0,60,2,0,1,3,2,51,0,2,2,0,0,0,0,200900045485A01,,,,200017846
200900045495,2009-07-06,2009,juillet,lundi,15:10,91,91589,0,0,2,1,6,1,1,3,3,01,1,1,0,0,1,0,0,3,1,22,1,1,2,0,0,8,1,200900045495B01,7,17,1,200054781
200900045537,2009-06-29,2009,juin,lundi,16:00,42,42187,0.00004,0,2,2,3,1,1,3,2,02,1,1,0,70,1,0,1,4,1,60,5,3,8,0,2,8,15,200900045537B01,7,1,1,200035731
200900045545,2009-06-03,2009,juin,mercredi,19:15,42,42249,0.00004,0,1,1,3,1,1,3,2,02,2,2,0,0,1,0,3,4,1,40,5,3,8,0,2,1,1,200900045545B02,7,15,1,244200630
200900045553,2009-06-21,2009,juin,dimanche,06:30,42,42026,0.00004,0,1,1,1,1,1,3,2,02,1,1,0,60,1,0,1,3,1,63,5,3,8,0,0,1,1,200900045553B02,7,13,1,200035202
200900045573,2009-06-29,2009,juin,lundi,19:15,42,42184,0,0,2,1,2,1,1,4,2,02,1,1,0,48,1,0,0,3,1,17,5,3,2,0,2,4,15,200900045573B01,7,1,1,200035731
200900045575,2009-06-30,2009,juin,mardi,09:20,42,42187,0,0,2,2,3,1,1,4,2,02,1,1,0,75,1,0,1,4,1,79,3,1,9,0,2,8,17,200900045575B01,7,0,1,200035731
200900045576,2009-06-30,2009,juin,mardi,09:15,42,42071,0,0,2,1,6,1,1,4,2,02,1,-1,0,40,1,0,1,4,2,54,5,1,9,0,2,0,1,200900045576B01,7,1,1,200035731
200900045601,2009-08-14,2009,août,vendredi,10:45,86,86194,0,0,2,1,3,1,1,3,3,07,1,1,40,250,1,0,1,4,1,54,5,2,2,0,2,4,1,200900045601B01,7,12,1,200069854
200900045621,2009-09-20,2009,septembre,dimanche,07:45,86,86048,0,0,1,1,3,1,1,3,2,02,-1,1,0,60,1,0,1,3,1,52,5,1,2,0,2,4,1,200900045621B02,7,1,1,200069763
200900045625,2009-09-09,2009,septembre,mercredi,16:45,86,86226,0,0,1,3,3,1,1,3,2,02,1,1,0,80,1,0,1,3,1,47,5,3,1,0,2,8,19,200900045625B02,7,1,1,200069854
200900045646,2009-10-06,2009,octobre,mardi,18:15,86,86142,0,0,2,1,1,1,1,3,2,00,1,3,0,42,1,0,1,3,2,9,5,3,2,0,2,1,1,200900045646B02,7,1,1,200069763
200900045658,2009-10-19,2009,octobre,lundi,19:10,86,86194,0,0,2,1,3,2,1,4,2,02,1,1,0,70,1,0,1,4,1,20,9,2,9,0,2,7,19,200900045658A01,7,1,1,200069854
200900045664,2009-10-15,2009,octobre,jeudi,09:05,86,86194,0,0,2,3,3,1,1,4,2,02,1,1,0,65,1,0,1,4,2,38,1,3,9,0,2,1,1,200900045664B01,7,15,1,200069854
200900045702,2009-10-06,2009,octobre,mardi,07:45,67,67544,0.00004,0,2,1,1,1,8,3,2,02,1,1,68,68,1,0,1,3,1,15,2,3,1,0,2,8,1,200900045702A01,10,1,1,246700926
200900045713,2009-10-23,2009,octobre,vendredi,11:00,67,67482,0,0,2,2,6,1,2,4,3,02,1,1,0,60,2,0,1,4,1,22,0,3,9,0,2,1,1,200900045713A01,7,1,1,246700488
200900045718,2009-10-20,2009,octobre,mardi,16:30,67,67482,0,0,2,1,3,1,1,4,2,02,1,1,0,60,1,0,1,4,1,21,9,3,9,0,2,1,19,200900045718B01,10,1,1,246700488
200900045720,2009-10-20,2009,octobre,mardi,19:10,67,67482,0,0,2,1,3,5,1,4,2,02,1,1,20,90,1,0,1,4,2,27,2,3,9,0,2,7,19,200900045720B01,7,1,1,246700488
200900045725,2009-10-21,2009,octobre,mercredi,17:15,67,67482,0,0,2,2,3,1,1,4,2,02,1,1,0,50,1,0,1,4,1,19,5,3,9,0,2,1,19,200900045725A01,7,15,1,246700488
200900045727,2009-10-17,2009,octobre,samedi,03:50,67,67482,0,0,2,2,3,5,2,4,2,02,1,1,0,64,2,2,1,4,1,23,0,3,9,0,2,4,1,200900045727B01,7,1,1,246700488
200900045730,2009-10-13,2009,octobre,mardi,09:30,67,67378,0,0,2,1,3,1,1,4,3,02,-1,1,30,50,1,5,1,3,1,77,5,2,2,0,2,8,1,200900045730B02,7,15,1,246700488
200900045731,2009-10-22,2009,octobre,jeudi,17:40,67,67482,0,0,2,3,3,1,1,4,2,02,1,1,0,100,1,0,1,4,2,55,1,1,4,0,2,1,1,200900045731B01,7,16,1,246700488
200900045736,2009-10-19,2009,octobre,lundi,13:10,67,67218,0,0,2,9,6,1,1,4,2,02,1,1,19,90,1,0,1,4,1,55,1,2,2,0,2,0,0,200900045736B01,7,0,1,246700488
200900045749,2009-10-01,2009,octobre,jeudi,18:05,67,67482,0,0,2,1,6,1,1,4,2,02,1,1,0,80,1,0,1,4,1,23,2,1,4,1,0,1,1,200900045749B01,7,22,1,246700488
200900045750,2009-10-03,2009,octobre,samedi,16:50,67,67218,0,0,2,3,6,1,1,6,-1,00,1,1,0,70,1,0,5,4,1,46,5,2,2,0,2,1,1,200900045750B01,7,19,1,246700488
200900045752,2009-10-03,2009,octobre,samedi,11:00,67,67447,0,0,2,1,3,1,1,4,2,02,1,1,0,70,1,0,1,4,2,33,5,2,2,0,2,1,1,200900045752B01,7,16,1,246700488
200900045757,2009-10-11,2009,octobre,dimanche,00:22,67,67482,0,0,2,2,3,5,1,4,1,01,1,1,0,50,1,0,1,4,1,57,9,3,9,0,2,1,1,200900045757A01,7,1,1,246700488
200900045759,2009-10-12,2009,octobre,lundi,07:16,67,67482,0,0,2,2,3,1,1,4,1,02,1,1,0,60,2,0,1,4,1,21,0,2,4,0,2,1,19,200900045759A01,7,1,1,246700488
200900045770,2009-10-13,2009,octobre,mardi,18:30,67,67482,0,0,2,1,3,1,1,4,2,02,1,1,0,70,1,0,1,4,1,14,5,1,9,0,2,8,9,200900045770B01,7,5,1,246700488
200900045772,2009-10-10,2009,octobre,samedi,13:45,67,67482,0,0,2,2,3,1,3,4,4,00,1,1,0,75,2,0,1,4,1,20,0,2,4,0,2,1,19,200900045772B01,7,1,1,246700488
200900045778,2009-10-12,2009,octobre,lundi,18:00,67,67482,0,0,2,2,6,1,1,4,-1,02,1,1,0,70,1,0,1,4,1,26,9,3,9,0,2,7,19,200900045778B01,7,1,1,246700488
200900045788,2009-11-16,2009,novembre,lundi,10:30,66,66186,0.00004,0,2,1,3,1,1,3,2,02,1,1,0,59,1,0,1,3,2,74,5,1,2,0,2,3,2,200900045788B02,10,2,1,200027183
200900045823,2009-08-06,2009,août,jeudi,08:45,17,17300,0,0,2,9,3,1,1,4,1,02,1,-1,0,60,1,0,1,3,1,73,5,2,9,0,2,7,19,200900045823B01,7,1,1,241700434
200900045824,2009-08-07,2009,août,vendredi,17:15,17,17291,0,0,2,1,3,1,1,4,2,02,1,1,0,0,1,0,1,4,1,21,5,1,2,0,2,8,15,200900045824A01,7,17,1,241700434
200900045832,2009-08-13,2009,août,jeudi,16:23,17,17300,0,0,2,9,6,1,1,4,2,02,1,1,0,0,1,0,1,4,1,20,5,1,2,0,2,1,1,200900045832B01,7,15,1,241700434
200900045837,2009-08-02,2009,août,dimanche,10:05,17,17300,0,0,2,1,7,1,1,4,2,02,2,1,0,0,1,0,1,4,1,50,5,1,2,0,0,0,1,200900045837A01,,,,241700434
200900045850,2009-08-18,2009,août,mardi,13:15,17,17323,0,0,1,1,3,1,1,3,2,00,1,1,0,60,1,0,1,3,2,19,4,3,1,0,2,8,19,200900045850A01,7,1,1,241700624
200900045862,2009-08-08,2009,août,samedi,12:15,17,17094,0.00004,NaN,2,1,3,1,1,3,1,01,1,1,0,39,1,0,1,4,2,67,0,3,1,0,2,8,1,200900045862B02,7,17,1,241700434
200900045877,2009-08-28,2009,août,vendredi,17:30,17,17200,0,0,2,1,7,1,1,9,2,02,-1,1,0,0,1,0,5,3,1,76,5,2,2,0,0,0,14,200900045877A01,,,,241700434
200900045878,2009-08-20,2009,août,jeudi,17:30,17,17300,0,0,2,1,6,1,1,4,2,02,1,1,0,0,1,0,1,4,2,41,3,1,2,0,2,0,15,200900045878B01,2,17,1,241700434
200900045882,2009-08-27,2009,août,jeudi,03:20,17,17300,0,0,2,1,6,5,1,4,3,02,1,1,0,0,1,0,1,4,2,23,0,2,2,0,2,8,1,200900045882B01,7,17,1,241700434
200900045894,2009-08-26,2009,août,mercredi,20:20,17,17300,0,0,2,1,6,1,1,6,-1,01,-1,-1,0,40,-1,0,0,4,1,20,0,3,9,0,2,0,0,200900045894B01,7,0,1,241700434
200900045896,2009-08-22,2009,août,samedi,20:30,17,17299,0,0,2,1,7,1,1,4,2,02,1,1,0,0,1,2,1,3,1,39,5,3,9,0,0,1,1,200900045896A01,,,,200041762
200900045897,2009-08-27,2009,août,jeudi,14:40,17,17028,0,0,2,9,6,1,1,4,2,02,1,1,0,0,1,0,1,4,2,38,5,3,9,0,2,1,15,200900045897B01,7,16,1,241700434
200900045910,2009-08-18,2009,août,mardi,14:50,17,17415,0,0,2,1,6,1,1,4,2,02,1,1,0,0,1,0,4,1,1,25,0,3,9,0,1,4,0,200900045910A01,,,,200036473
200900045914,2009-08-24,2009,août,lundi,11:00,17,17300,0,0,2,1,6,1,1,4,2,02,1,1,0,0,1,0,1,4,2,43,5,2,4,0,2,7,1,200900045914B01,7,17,1,241700434
200900045915,2009-08-23,2009,août,dimanche,19:10,17,17200,0,0,2,2,3,1,1,4,2,02,1,1,0,0,1,0,1,4,2,13,5,1,2,0,2,8,1,200900045915B01,7,15,1,241700434
200900045917,2009-08-08,2009,août,samedi,12:00,17,17380,0,0,1,1,6,1,1,4,1,02,1,1,0,0,1,0,1,3,2,59,0,3,9,0,2,1,11,200900045917A01,31,2,1,241700640
200900045930,2009-08-30,2009,août,dimanche,10:45,17,17380,0,0,2,1,6,1,1,4,2,02,1,-1,0,0,1,0,1,4,2,72,5,3,4,0,2,1,1,200900045930B01,7,22,1,241700640
200900045938,2009-08-14,2009,août,vendredi,16:45,17,17306,0,0,2,3,3,1,1,4,1,01,1,1,0,0,1,0,1,4,1,70,5,3,2,0,2,1,1,200900045938B01,7,15,1,241700640
200900045945,2009-05-28,2009,mai,jeudi,09:40,03,03310,0,0,2,1,7,1,8,3,2,02,1,1,0,50,1,0,1,3,1,70,0,3,9,12,0,1,14,200900045945A01,,,,200071363
200900045956,2009-05-02,2009,mai,samedi,10:15,03,03301,0,0,2,1,2,1,1,3,-1,02,2,1,0,0,1,0,1,4,2,28,5,3,1,0,0,0,21,200900045956B02,7,4,1,240300566
200900045966,2009-05-21,2009,mai,jeudi,10:45,03,03006,0,0,1,1,1,1,1,3,2,00,1,2,0,47,2,0,3,4,1,23,5,1,2,0,2,1,13,200900045966A01,7,1,1,200071363
200900045987,2009-06-17,2009,juin,mercredi,17:30,03,03095,0,0,2,2,3,1,1,4,2,02,1,2,0,80,1,5,1,4,2,15,4,2,9,0,2,1,9,200900045987A01,7,1,1,200071363
200900046020,2009-10-20,2009,octobre,mardi,17:50,28,28218,0.00004,0,2,1,3,2,2,4,2,02,1,1,0,80,2,0,1,4,1,39,0,3,2,0,2,2,1,200900046020B01,7,21,1,200033181
200900046040,2009-10-03,2009,octobre,samedi,13:25,28,28110,0.00004,0,2,1,1,1,1,3,2,02,1,1,0,60,1,0,1,4,2,12,0,3,2,0,2,1,1,200900046040B01,7,1,1,200033181
200900046069,2009-08-05,2009,août,mercredi,19:15,24,24082,0,0,1,1,3,1,1,9,2,02,1,1,0,0,1,5,1,3,1,30,5,2,2,0,2,7,19,200900046069A01,30,1,1,200040830
200900046078,2009-09-13,2009,septembre,dimanche,11:44,24,24053,0,0,2,1,5,1,1,4,2,02,2,1,0,61,1,0,1,4,1,40,5,1,2,0,2,1,2,200900046078C01,1,1 / 2,2,200040392
200900046078,2009-09-13,2009,septembre,dimanche,11:44,24,24053,0,0,2,1,5,1,1,4,2,02,2,1,0,61,1,0,1,4,1,54,5,1,2,0,2,1,1,200900046078A01,1,2,2,200040392
200900046078,2009-09-13,2009,septembre,dimanche,11:44,24,24053,0,0,2,1,5,1,1,4,2,02,2,1,0,61,1,0,1,3,1,63,5,1,2,0,2,1,2,200900046078B01,1,2 / 1,2,200040392
200900046140,2009-09-07,2009,septembre,lundi,08:35,17,17299,0,0,2,6,3,1,1,4,2,02,1,2,0,88,1,5,1,4,2,42,5,3,9,0,2,7,15,200900046140B01,7,1,1,200041762
200900046141,2009-09-02,2009,septembre,mercredi,16:00,17,17300,0,0,2,1,3,1,1,4,2,02,1,1,0,0,1,0,1,4,2,52,5,1,2,0,2,7,1,200900046141B01,7,1,1,241700434
200900046143,2009-09-14,2009,septembre,lundi,08:50,17,17300,0,0,2,1,3,1,1,4,2,02,1,1,0,60,-1,6,1,4,1,57,0,2,9,0,2,7,19,200900046143B01,7,1,1,241700434
200900046148,2009-09-29,2009,septembre,mardi,07:15,17,17299,0,0,2,1,7,5,1,4,2,02,1,1,0,100,1,0,1,4,1,15,2,1,4,0,0,0,1,200900046148A01,,,,200041762
200900046152,2009-09-17,2009,septembre,jeudi,01:05,17,17300,0,0,2,1,6,5,1,4,2,02,1,1,0,0,1,0,1,4,2,20,0,3,2,0,0,0,1,200900046152A01,,,,241700434
200900046155,2009-09-03,2009,septembre,jeudi,09:10,17,17300,0,0,2,1,2,1,1,4,1,02,1,1,0,50,-1,0,0,3,2,23,9,1,9,0,2,3,1,200900046155B01,7,0,1,241700434
200900046159,2009-09-14,2009,septembre,lundi,16:45,17,17200,0,0,2,1,6,1,1,4,2,02,1,1,0,0,-1,0,5,1,2,15,5,3,9,0,1,1,1,200900046159A01,,,,241700434
200900046160,2009-09-23,2009,septembre,mercredi,18:45,17,17449,0,0,2,1,7,1,1,4,3,02,2,1,25,93,1,0,5,4,2,81,5,3,9,0,1,1,1,200900046160A01,,,,200041762
200900046160,2009-09-23,2009,septembre,mercredi,18:45,17,17449,0,0,2,1,7,1,1,4,3,02,2,1,25,93,1,0,5,1,1,61,1,1,2,0,1,1,1,200900046160A01,,,,200041762
200900046165,2009-09-02,2009,septembre,mercredi,07:50,17,17299,0,0,2,6,3,1,1,4,2,02,1,1,0,71,1,5,1,4,1,29,1,3,9,0,2,7,1,200900046165B01,7,1,1,200041762
200900046167,2009-09-28,2009,septembre,lundi,15:50,17,17300,0,0,2,1,6,1,1,4,2,02,1,1,0,0,1,0,1,4,1,26,0,3,2,0,2,8,13,200900046167B01,2,17,1,241700434
200900046168,2009-09-24,2009,septembre,jeudi,12:05,17,17449,0,0,2,1,3,1,1,4,2,02,1,1,0,60,1,0,4,4,1,22,2,1,9,0,2,1,1,200900046168A01,7,9,1,200041762
200900046174,2009-09-08,2009,septembre,mardi,07:56,17,17300,0,0,2,6,2,1,1,4,-1,02,1,-1,0,0,1,5,0,4,2,19,2,2,2,0,2,6,1,200900046174B01,7,16,1,241700434
200900046180,2009-09-27,2009,septembre,dimanche,16:45,17,17258,0,0,1,1,2,1,1,3,2,02,-1,1,0,56,1,5,1,3,1,78,5,3,1,0,2,8,15,200900046180A01,7,17,1,200041523
200900046206,2009-09-07,2009,septembre,lundi,08:40,17,17306,0,0,2,1,6,1,1,4,2,02,2,1,0,0,1,0,1,3,2,65,4,3,9,0,2,0,0,200900046206B01,7,17,1,241700640
200900046210,2009-09-29,2009,septembre,mardi,11:31,17,17333,0,0,2,3,3,1,1,4,2,02,1,1,0,0,1,0,0,4,2,68,0,3,9,0,2,1,1,200900046210B01,7,1,1,241700640
200900046212,2009-09-11,2009,septembre,vendredi,16:00,17,17306,0,0,2,1,6,1,1,4,2,02,1,1,0,0,1,0,1,4,2,12,2,1,4,0,2,7,1,200900046212B01,7,17,1,241700640
200900046256,2009-12-05,2009,décembre,samedi,12:25,64,64348,0.00004,NaN,2,6,3,1,1,4,1,01,1,3,0,0,1,0,1,4,1,21,5,2,9,0,2,7,1,200900046256B01,7,1,1,200067254
200900046269,2009-12-11,2009,décembre,vendredi,08:25,64,64445,0.00004,NaN,2,6,3,1,1,4,2,01,1,1,0,0,1,0,1,4,2,54,5,3,2,0,2,1,2,200900046269B01,7,9,1,200067254
200900046342,2009-01-08,2009,janvier,jeudi,09:25,93,93031,0.00004,0,2,1,3,1,1,2,3,01,1,1,0,60,1,0,1,3,1,22,0,3,9,0,2,6,0,200900046342A01,37,17,1,200054781
200900046345,2009-01-04,2009,janvier,dimanche,12:30,93,93008,0.00004,0,2,9,1,1,1,3,2,00,1,-1,0,0,1,0,5,4,1,56,5,3,2,0,9,1,0,200900046345B01,1,0,1,200054781
200900046345,2009-01-04,2009,janvier,dimanche,12:30,93,93008,0.00004,0,2,9,1,1,1,3,2,00,1,-1,0,0,1,0,5,4,1,55,5,3,2,0,9,1,0,200900046345A01,1,0,1,200054781
200900046430,2009-08-17,2009,août,lundi,16:40,33,33009,0,0,2,1,2,1,1,4,2,02,1,1,0,0,1,0,5,3,1,65,5,3,9,0,0,1,1,200900046430B01,1,1,1,243300563
200900046430,2009-08-17,2009,août,lundi,16:40,33,33009,0,0,2,1,2,1,1,4,2,02,1,1,0,0,1,0,5,1,2,43,5,3,9,0,2,1,1,200900046430A01,1,1,1,243300563
200900046431,2009-08-19,2009,août,mercredi,11:30,33,33009,0,0,2,2,3,1,1,4,1,01,2,1,0,40,1,0,1,3,1,34,5,2,9,0,2,8,1,200900046431B01,7,1,1,243300563
200900046435,2009-08-23,2009,août,dimanche,10:25,33,33529,0,0,1,1,1,1,1,3,2,02,1,1,0,56,1,0,1,3,2,50,5,2,2,0,2,1,1,200900046435B01,7,13,1,243300563
200900046441,2009-09-29,2009,septembre,mardi,17:45,33,33003,0,0,2,6,3,1,1,4,2,01,1,3,0,70,1,0,1,3,1,55,5,1,2,0,2,8,2,200900046441B02,7,2,1,243300316
200900046445,2009-10-27,2009,octobre,mardi,11:16,90,90005,0,0,2,1,3,1,1,3,2,02,1,1,0,64,1,0,0,2,1,14,5,1,4,0,2,8,1,200900046445A01,17,17,1,200069060
200900046457,2009-10-06,2009,octobre,mardi,12:00,90,90029,0,0,2,1,1,1,1,4,-1,01,1,1,0,0,1,0,1,4,1,71,5,3,9,0,2,1,1,200900046457B01,7,9,1,200069052
200900046509,2009-09-04,2009,septembre,vendredi,15:30,90,90032,0,0,2,1,3,1,1,4,-1,00,1,-1,0,0,1,0,5,4,1,19,0,3,2,0,2,7,0,200900046509B01,7,0,1,200069052
200900046510,2009-09-16,2009,septembre,mercredi,11:45,90,90010,0,0,2,1,3,1,1,4,-1,02,1,-1,0,63,1,0,1,4,1,44,5,3,9,0,2,1,1,200900046510A01,7,1,1,200069052
200900046511,2009-09-08,2009,septembre,mardi,19:00,90,90032,0,0,2,1,3,1,1,4,-1,00,1,1,0,78,1,0,1,4,1,13,5,2,2,0,2,3,9,200900046511B01,7,9,1,200069052
200900046543,2009-08-13,2009,août,jeudi,10:30,22,22074,0.00004,NaN,2,1,6,1,1,3,2,02,2,1,0,68,1,0,1,3,1,70,5,1,2,0,2,8,1,200900046543B02,,,,200067460
200900046544,2009-08-30,2009,août,dimanche,11:30,22,22133,0.00004,NaN,1,1,2,1,1,3,2,00,4,1,0,75,1,0,1,3,1,41,5,1,2,0,2,1,1,200900046544B02,17,4,1,200067460
200900046565,2009-08-26,2009,août,mercredi,16:25,22,22278,0,0,2,1,6,1,1,4,2,02,2,1,0,0,1,0,4,4,1,22,5,3,9,0,1,2,1,200900046565A01,,,,200069409
200900046566,2009-08-17,2009,août,lundi,18:30,22,22278,0,0,2,6,3,1,1,4,2,02,1,1,0,44,1,5,5,4,2,31,1,3,4,0,2,1,1,200900046566B01,7,16,1,200069409
200900046572,2009-10-17,2009,octobre,samedi,12:30,01,01289,0,0,1,2,5,1,1,3,2,02,1,1,0,74,1,0,1,3,1,82,5,2,9,0,0,8,1,200900046572B01,7,23 / 19,2,200071751
200900046575,2009-10-17,2009,octobre,samedi,22:00,01,01344,0,0,2,1,2,5,1,4,2,02,1,1,0,0,2,0,1,3,1,42,5,3,2,0,2,6,1,200900046575B01,7,0,1,200071751
200900046578,2009-10-25,2009,octobre,dimanche,11:30,01,01344,0,0,2,1,3,1,1,4,2,02,1,4,0,0,1,0,1,3,2,66,5,1,2,0,0,7,19,200900046578B01,7,1,1,200071751
200900046595,2009-10-15,2009,octobre,jeudi,18:45,01,01139,0,0,2,9,1,1,1,3,-1,02,1,1,0,69,1,0,1,4,1,15,0,1,2,6,0,1,0,200900046595B02,7,1,1,200071751
200900046606,2009-10-13,2009,octobre,mardi,16:00,01,01007,0,0,1,1,2,1,6,3,2,02,1,1,0,63,1,0,1,2,1,56,5,1,2,0,2,4,1,200900046606B02,7,17,1,240100883
200900046614,2009-10-27,2009,octobre,mardi,14:15,01,01283,0,0,2,9,3,1,1,4,1,01,1,-1,0,0,1,0,1,1,1,12,5,2,9,15,2,7,5,200900046614B01,7,1,1,200042935
200900046624,2009-11-13,2009,novembre,vendredi,06:50,01,01344,0,0,2,1,6,3,8,3,2,02,1,1,0,0,2,0,1,4,1,19,1,1,4,0,0,8,1,200900046624B01,7,1,1,200071751
200900046687,2009-09-08,2009,septembre,mardi,16:25,22,22278,0,0,2,1,3,1,1,3,2,02,1,1,0,0,1,0,1,4,1,12,2,2,4,0,2,8,19,200900046687B01,7,1,1,200069409
200900046703,2009-09-02,2009,septembre,mercredi,15:20,22,22278,0,0,2,1,7,1,1,4,-1,01,1,1,0,0,2,0,1,4,1,18,5,3,4,0,0,0,1,200900046703A01,,,,200069409
200900046736,2009-10-30,2009,octobre,vendredi,14:30,55,55569,0.00004,0,2,3,3,1,1,3,2,00,1,1,0,70,1,0,1,3,1,8,5,3,1,0,2,1,1,200900046736B02,7,1,1,200066140
200900046754,2009-12-03,2009,décembre,jeudi,17:30,33,33069,0,0,2,1,3,5,2,4,2,02,1,1,0,0,1,0,1,3,1,15,0,3,9,0,2,1,15,200900046754A01,7,1,1,243300316
200900046765,2009-12-04,2009,décembre,vendredi,08:00,33,33281,0,0,2,6,3,1,2,4,2,02,1,1,0,94,1,0,1,4,1,25,0,3,9,0,2,8,2,200900046765B01,7,16,1,243300316
200900046769,2009-12-03,2009,décembre,jeudi,08:20,33,33318,0,0,2,6,3,1,2,4,2,02,1,1,0,105,2,0,1,4,2,57,0,3,9,0,2,1,2,200900046769B01,7,9,1,243300316
200900046771,2009-12-10,2009,décembre,jeudi,22:20,33,33063,0,0,2,2,3,5,1,4,2,04,1,1,0,0,1,4,1,4,2,23,5,3,9,0,2,1,1,200900046771A01,33,0,1,243300316
200900046787,2009-12-04,2009,décembre,vendredi,17:00,33,33063,0,0,2,2,3,1,1,4,2,01,1,1,0,0,1,0,1,4,1,21,0,3,9,0,2,7,1,200900046787A01,7,1,1,243300316
200900046860,2009-12-15,2009,décembre,mardi,12:35,49,49007,0,0,2,1,6,1,1,6,3,02,1,1,0,51,1,1,0,4,2,53,1,3,9,1,0,1,1,200900046860B01,7,24,1,244900015
200900046865,2009-12-03,2009,décembre,jeudi,10:22,49,49007,0,0,2,1,7,1,1,4,3,04,1,1,0,70,1,0,1,4,2,17,0,3,9,1,0,1,1,200900046865A01,,,,244900015
200900046871,2009-12-05,2009,décembre,samedi,21:05,49,49007,0,0,2,1,6,5,1,4,1,00,1,1,0,32,1,0,1,4,1,37,0,3,9,1,0,1,1,200900046871A01,,,,244900015
200900046872,2009-12-02,2009,décembre,mercredi,16:00,49,49007,0,0,2,2,1,1,1,4,2,02,1,1,0,77,2,0,1,4,2,46,1,3,9,0,2,1,1,200900046872B01,7,15,1,244900015
200900046875,2009-12-02,2009,décembre,mercredi,18:00,49,49007,0,0,2,1,7,5,1,4,-1,00,2,1,0,0,2,0,1,4,1,49,1,3,9,0,0,0,1,200900046875A01,,,,244900015
200900046918,2009-12-16,2009,décembre,mercredi,14:40,49,49099,0,0,2,3,3,1,1,4,2,02,1,1,0,0,1,0,1,3,1,66,0,2,9,0,2,1,1,200900046918A01,7,16,1,200071678
200900046922,2009-12-17,2009,décembre,jeudi,20:00,49,49007,0,0,2,1,7,5,8,4,-1,00,1,1,0,0,7,0,1,4,1,57,1,3,9,0,0,0,1,200900046922A01,,,,244900015
200900046935,2009-10-21,2009,octobre,mercredi,16:45,74,74310,0,0,1,1,1,1,2,4,2,00,2,1,0,39,1,0,1,1,1,13,5,2,2,0,0,1,0,200900046935B02,1,0,1,200066793
200900046935,2009-10-21,2009,octobre,mercredi,16:45,74,74310,0,0,1,1,1,1,2,4,2,00,2,1,0,39,1,0,1,3,1,13,5,2,2,0,9,1,0,200900046935A01,1,0,1,200066793
200900047019,2009-10-19,2009,octobre,lundi,08:30,17,17047,0,0,1,1,4,1,1,3,2,02,1,1,0,67,1,0,1,4,1,59,5,1,2,0,0,8,1,200900047019C03,10,17,1,200041523
200900047019,2009-10-19,2009,octobre,lundi,08:30,17,17047,0,0,1,1,4,1,1,3,2,02,1,1,0,67,1,0,1,2,1,61,5,1,2,0,2,4,1,200900047019B02,10,17,1,200041523
200900047023,2009-10-14,2009,octobre,mercredi,14:15,17,17016,0,0,2,1,3,1,1,3,2,01,1,1,78,0,1,0,1,3,1,5,5,3,1,0,2,9,19,200900047023B02,7,1,1,200041523
200900047025,2009-10-08,2009,octobre,jeudi,18:45,17,17447,0,0,2,1,1,1,1,4,2,02,-1,1,0,55,1,0,1,4,2,25,5,2,2,0,2,1,15,200900047025A01,7,1,1,200041614
200900047049,2009-10-16,2009,octobre,vendredi,17:05,17,17300,0,0,2,1,6,1,1,4,2,02,1,1,0,50,1,0,1,4,1,11,0,1,9,0,2,3,13,200900047049B01,7,1,1,241700434
200900047055,2009-10-29,2009,octobre,jeudi,11:50,17,17300,0,0,2,1,6,1,1,4,2,02,1,1,0,0,1,0,5,4,1,26,0,3,2,0,2,7,1,200900047055B01,7,20,1,241700434
200900047059,2009-10-29,2009,octobre,jeudi,18:37,17,17300,0,0,2,9,2,5,1,4,2,02,1,1,0,0,1,0,1,1,2,17,5,3,9,0,2,4,13,200900047059B01,33,1,1,241700434
200900047063,2009-10-27,2009,octobre,mardi,09:15,17,17300,0,0,2,1,2,1,1,4,2,02,-1,1,0,0,1,0,1,4,2,51,0,1,2,0,2,4,1,200900047063B01,7,4,1,241700434
200900047081,2009-10-30,2009,octobre,vendredi,05:05,17,17299,0,0,2,3,3,5,1,4,2,02,2,1,0,102,1,5,1,3,1,19,5,3,9,0,2,8,15,200900047081A01,7,1,1,200041762
200900047085,2009-10-25,2009,octobre,dimanche,15:05,17,17299,0,0,2,6,3,1,1,4,1,02,1,2,0,75,1,5,1,4,1,35,5,1,2,0,2,1,1,200900047085B01,7,16,1,200041762