Num_Acc,date,an,mois,jour,hrmn,dep,com,lat,long,agg,int,col,lum,atm,catr,circ,nbv,prof,plan,lartpc,larrout,surf,infra,situ,grav,sexe,age,trajet,secuexist,equipement,obs,obsm,choc,manv,vehiculeid,typevehicules,manoeuvehicules,numVehicules,_infos_commune.code_epci
200900047091,2009-10-12,2009,octobre,lundi,18:36,17,17291,0,0,2,9,3,1,1,4,1,02,1,1,0,0,1,0,1,3,1,6,5,2,9,0,2,1,1,200900047091B01,7,1,1,241700434
200900047092,2009-10-06,2009,octobre,mardi,09:35,17,17300,0,0,2,1,2,1,1,4,2,02,-1,-1,0,0,-1,0,1,4,2,12,5,1,2,0,0,4,2,200900047092A01,7,2,1,241700434
200900047093,2009-10-02,2009,octobre,vendredi,18:15,17,17300,0,0,2,1,6,1,1,4,2,02,1,1,0,0,1,0,5,3,1,41,0,2,2,0,2,8,1,200900047093B01,7,22,1,241700434
200900047102,2009-10-03,2009,octobre,samedi,18:40,17,17300,0,0,2,1,2,1,1,4,2,02,1,1,0,0,1,0,1,4,1,13,0,1,9,0,2,4,1,200900047102B01,7,1,1,241700434
200900047111,2009-10-08,2009,octobre,jeudi,15:10,17,17300,0,0,2,1,1,1,1,4,1,01,1,1,0,0,1,0,1,4,1,12,0,1,9,0,2,1,0,200900047111B01,7,1,1,241700434
200900047113,2009-10-06,2009,octobre,mardi,17:12,17,17300,0,0,2,3,5,1,1,4,1,01,1,1,0,0,1,0,1,4,2,18,0,2,2,0,2,2,15,200900047113A01,7,1,2,241700434
200900047120,2009-10-05,2009,octobre,lundi,08:05,17,17300,0,0,2,3,3,2,1,4,2,02,1,1,0,60,2,5,1,4,1,46,0,3,9,0,2,0,1,200900047120B01,7,9,1,241700434
200900047136,2009-02-11,2009,février,mercredi,13:55,93,93053,0.00004,0,2,3,2,1,1,3,2,02,1,1,0,0,1,0,1,1,1,16,5,3,9,0,0,4,15,200900047136A01,33,2,1,200054781
200900047177,2009-02-17,2009,février,mardi,18:10,93,93008,0.00004,0,2,1,6,2,2,4,2,02,-1,-1,0,0,-1,0,1,3,1,15,5,3,2,0,2,8,13,200900047177A01,7,17,1,200054781
200900047233,2009-02-16,2009,février,lundi,17:15,93,93029,0.00004,0,2,1,3,1,1,3,2,02,1,-1,0,180,1,0,1,3,1,67,0,3,9,0,0,0,17,200900047233B01,7,22,1,200054781
200900047245,2009-02-06,2009,février,vendredi,07:40,93,93005,0.00004,0,2,6,3,2,1,4,2,02,1,1,0,0,1,5,1,3,1,39,1,1,4,0,2,1,1,200900047245B01,7,9,1,200054781
200900047257,2009-02-11,2009,février,mercredi,11:45,93,93005,0.00004,0,2,1,3,1,1,4,2,02,-1,-1,0,0,2,0,1,4,1,14,0,3,9,0,1,0,0,200900047257B01,33,0,1,200054781
200900047274,2009-02-11,2009,février,mercredi,16:30,93,93066,0.00004,0,2,1,3,1,1,4,2,02,1,1,0,60,1,6,1,1,1,54,5,2,2,0,2,8,1,200900047274B01,30,1,1,200054781
200900047292,2009-12-05,2009,décembre,samedi,18:00,01,01160,0,0,2,4,3,3,1,3,-1,00,-1,-1,0,0,-1,0,0,3,2,18,5,2,2,0,2,8,13,200900047292B02,7,1,1,240100750
200900047298,2009-12-31,2009,décembre,jeudi,16:30,01,01450,0,0,2,3,1,1,7,9,-1,00,2,1,0,41,1,0,0,4,2,69,9,3,1,0,2,1,1,200900047298A01,7,9,1,240100883
200900047309,2009-12-11,2009,décembre,vendredi,16:30,01,01378,0,0,2,1,2,1,7,3,2,02,1,1,0,60,1,0,1,4,1,62,5,3,1,0,2,4,2,200900047309A01,7,2,1,240100883
200900047316,2009-06-02,2009,juin,mardi,20:35,92,92050,0,0,2,1,3,1,1,4,2,02,1,1,0,80,1,0,1,4,1,6,5,3,9,0,2,1,1,200900047316B01,7,16,1,200054781
200900047421,2009-06-27,2009,juin,samedi,06:35,92,92026,0,0,2,3,3,1,1,3,2,02,1,1,0,0,1,5,1,4,1,63,5,3,9,0,2,1,19,200900047421A01,7,15,1,200054781
200900047422,2009-06-16,2009,juin,mardi,09:45,92,92075,0,0,2,2,6,1,1,3,2,02,1,1,0,0,1,5,1,4,1,33,1,1,2,0,1,1,1,200900047422A01,,,,200054781
200900047433,2009-06-22,2009,juin,lundi,17:55,92,92025,0,0,2,1,3,1,1,4,2,02,1,1,0,80,1,0,1,4,2,39,0,3,9,0,2,1,18,200900047433B01,7,22,1,200054781
200900047434,2009-06-22,2009,juin,lundi,18:50,92,92063,0,0,2,1,6,1,1,4,1,01,1,1,0,0,1,0,1,4,1,33,1,3,9,1,0,1,1,200900047434A01,7,24,1,200054781
200900047469,2009-06-19,2009,juin,vendredi,18:30,92,92048,0,0,1,2,3,1,1,4,2,02,1,3,0,50,1,0,1,4,1,48,9,3,2,0,2,2,1,200900047469A01,7,15,1,200054781
200900047471,2009-06-26,2009,juin,vendredi,19:00,92,92050,0,0,2,1,2,1,1,3,2,02,2,1,0,70,1,0,1,3,1,47,9,3,9,0,2,6,2,200900047471B01,7,2,1,200054781
200900047479,2009-06-11,2009,juin,jeudi,18:15,92,92048,0,0,2,2,3,1,1,4,2,02,1,1,0,49,1,0,1,4,1,13,5,3,9,0,2,8,1,200900047479B01,7,1,1,200054781
200900047483,2009-06-08,2009,juin,lundi,08:30,92,92048,0,0,2,1,3,1,1,4,2,02,2,3,0,45,1,0,1,4,1,42,1,1,2,0,2,1,17,200900047483B01,7,9,1,200054781
200900047486,2009-06-19,2009,juin,vendredi,17:50,92,92036,0,0,2,1,3,1,1,3,1,01,1,1,0,50,1,0,1,3,1,18,5,3,9,0,2,3,19,200900047486A01,7,1,1,200054781
200900047518,2009-06-22,2009,juin,lundi,08:30,92,92009,0,0,2,1,3,1,1,4,2,02,1,1,0,0,1,0,1,4,2,19,0,3,9,0,2,3,17,200900047518A01,7,17,1,200054781
200900047539,2009-06-04,2009,juin,jeudi,08:25,92,92024,0,0,2,1,6,1,1,3,2,02,1,1,0,0,1,0,1,4,1,38,0,3,2,0,1,1,17,200900047539A01,,,,200054781
200900047541,2009-06-17,2009,juin,mercredi,09:25,92,92024,0,0,2,2,3,1,1,3,2,02,1,1,0,0,1,0,1,2,2,36,1,2,2,0,2,9,0,200900047541B01,14,16,1,200054781
200900047569,2009-03-21,2009,mars,samedi,08:45,93,93005,0.00004,0,2,1,3,1,1,4,2,02,1,1,0,50,1,0,1,3,1,17,0,3,9,1,0,0,1,200900047569B01,7,24,1,200054781
200900047626,2009-03-08,2009,mars,dimanche,10:15,93,93046,0.00004,0,2,3,3,1,2,4,1,00,-1,-1,0,0,2,0,1,4,2,48,5,3,2,0,2,7,1,200900047626B01,7,1,1,200054781
200900047630,2009-03-17,2009,mars,mardi,17:30,93,93014,0.00004,0,2,2,3,1,1,2,2,02,2,1,0,0,1,0,1,3,1,40,5,1,2,0,2,1,2,200900047630B01,7,10,1,200054781
200900047653,2009-03-28,2009,mars,samedi,19:25,93,93066,0.00004,0,2,1,3,5,2,4,2,01,1,1,0,0,2,0,1,3,1,16,0,2,9,0,2,8,11,200900047653B01,7,1,1,200054781
200900047671,2009-03-05,2009,mars,jeudi,08:40,93,93066,0.00004,0,2,1,3,1,1,4,-1,01,1,1,0,0,1,0,1,4,2,22,2,3,9,0,0,1,1,200900047671B01,7,15,1,200054781
200900047697,2009-03-27,2009,mars,vendredi,16:52,93,93066,0.00004,0,2,1,3,1,1,2,1,02,1,-1,0,0,1,0,1,3,1,18,2,3,2,1,0,7,2,200900047697B01,7,2,1,200054781
200900047708,2009-03-19,2009,mars,jeudi,15:00,93,93051,0.00004,0,2,2,3,1,7,2,2,02,1,1,0,75,1,0,1,4,1,79,5,2,2,0,0,8,2,200900047708B01,7,1,1,200054781
200900047741,2009-11-09,2009,novembre,lundi,09:00,17,17224,0.00004,NaN,2,1,3,1,7,4,2,02,1,-1,0,0,1,5,1,3,2,77,3,3,1,0,0,1,1,200900047741B02,7,15,1,200041689
200900047752,2009-11-05,2009,novembre,jeudi,21:10,17,17299,0,0,2,1,3,5,2,4,1,01,1,1,0,55,2,0,1,3,2,57,5,3,9,0,2,8,19,200900047752A01,1,1,1,200041762
200900047754,2009-11-30,2009,novembre,lundi,10:00,17,17300,0,0,2,1,6,1,1,4,2,04,1,1,0,0,1,0,1,4,1,56,5,3,9,0,2,6,1,200900047754B01,7,1,1,241700434
200900047770,2009-11-25,2009,novembre,mercredi,08:25,17,17306,0,0,2,1,2,2,1,4,-1,00,-1,-1,0,0,-1,0,0,4,2,13,0,3,9,0,2,1,0,200900047770B01,7,4,1,241700640
200900047786,2009-11-04,2009,novembre,mercredi,12:25,17,17300,0,0,2,1,6,1,3,3,-1,02,1,1,0,0,1,0,0,4,2,43,0,3,9,0,1,1,1,200900047786A01,,,,241700434
200900047786,2009-11-04,2009,novembre,mercredi,12:25,17,17300,0,0,2,1,6,1,3,3,-1,02,1,1,0,0,1,0,0,4,2,,9,1,9,0,1,1,1,200900047786A01,,,,241700434
200900047826,2009-12-11,2009,décembre,vendredi,19:00,86,86157,0,0,1,3,3,3,1,3,2,02,1,1,0,0,1,0,1,4,1,18,9,1,2,0,2,1,1,200900047826B01,7,15,1,200069854
200900047847,2009-12-20,2009,décembre,dimanche,10:45,86,86194,0,0,2,1,6,1,1,4,2,02,1,1,0,70,5,0,1,1,1,9,5,3,9,0,1,1,1,200900047847A01,,,,200069854
200900047851,2009-12-21,2009,décembre,lundi,14:35,86,86194,0,0,2,1,3,1,3,4,2,02,1,1,0,80,2,0,1,4,1,22,1,3,9,0,2,1,18,200900047851B01,7,16,1,200069854
200900047858,2009-12-01,2009,décembre,mardi,15:25,17,17299,0,0,1,1,2,1,1,3,2,02,1,2,0,70,1,0,1,3,1,57,5,3,9,0,2,4,1,200900047858B01,10,1,1,200041762
200900047864,2009-12-01,2009,décembre,mardi,09:40,17,17461,0,0,1,1,3,1,1,3,-1,00,-1,-1,0,0,-1,0,0,4,1,60,0,3,4,0,2,8,0,200900047864B01,7,0,1,241700640
200900047891,2009-12-10,2009,décembre,jeudi,07:30,17,17193,0,0,1,1,2,3,1,3,2,01,1,1,0,67,1,0,1,2,2,44,5,2,4,0,0,4,2,200900047891B02,7,2,1,241700434
200900047900,2009-12-18,2009,décembre,vendredi,08:20,17,17300,0,0,2,6,3,2,1,4,2,02,1,2,0,0,-1,0,5,4,1,42,0,3,2,0,2,7,1,200900047900A01,7,9,1,241700434
200900047912,2009-12-18,2009,décembre,vendredi,15:05,17,17300,0,0,2,1,3,1,1,4,2,02,1,1,0,0,1,0,4,3,2,59,0,3,9,0,2,1,1,200900047912B01,7,9,1,241700434
200900047919,2009-12-21,2009,décembre,lundi,09:40,17,17300,0,0,2,2,3,1,1,4,1,01,1,1,0,0,1,0,1,4,1,70,0,3,2,0,2,1,1,200900047919B01,7,1,1,241700434
200900047935,2009-04-23,2009,avril,jeudi,12:20,17,17299,0,0,2,1,2,1,1,4,2,02,1,1,0,82,1,0,1,4,2,64,4,1,2,0,2,1,1,200900047935A01,7,1,1,200041762
200900047942,2009-12-16,2009,décembre,mercredi,15:35,12,12202,0,0,2,1,7,1,1,4,2,03,1,1,0,0,1,0,1,3,2,52,3,2,9,0,0,0,11,200900047942A01,,,,241200187
200900047953,2009-11-24,2009,novembre,mardi,15:45,07,07301,0.00004,0,1,1,7,1,1,9,2,01,-1,2,0,33,1,0,1,2,1,68,5,2,2,0,0,0,1,200900047953A01,,,,200073096
200900047988,2009-04-29,2009,avril,mercredi,17:00,44,44143,0,0,2,1,6,1,1,4,2,02,2,1,0,0,-1,0,1,4,1,52,1,3,4,0,2,1,1,200900047988B01,7,24,1,244400404
200900047989,2009-04-30,2009,avril,jeudi,17:50,44,44109,0,0,2,1,6,1,1,4,2,02,1,1,0,0,2,0,5,4,1,16,0,3,9,0,2,1,1,200900047989B01,7,23,1,244400404
200900048009,2009-04-16,2009,avril,jeudi,10:15,44,44109,0,0,2,1,6,1,1,4,1,02,1,2,0,0,1,5,1,4,2,18,4,3,4,0,2,1,1,200900048009B01,7,14,1,244400404
200900048026,2009-04-06,2009,avril,lundi,19:15,44,44109,0,0,2,6,3,1,2,4,2,02,1,2,0,80,2,5,1,3,1,54,0,3,4,0,2,1,1,200900048026B01,7,16,1,244400404
200900048043,2009-04-14,2009,avril,mardi,15:45,44,44098,0,0,1,1,3,1,1,4,2,02,2,1,0,74,1,0,1,3,1,13,5,2,2,0,2,1,19,200900048043A01,7,1,1,200000438
200900048064,2009-04-25,2009,avril,samedi,14:45,44,44114,0,0,2,1,7,1,1,4,2,02,2,1,0,69,1,0,1,3,1,15,5,3,9,0,0,0,1,200900048064A01,,,,244400404
200900048075,2009-04-21,2009,avril,mardi,16:55,44,44055,0,0,2,1,6,1,1,4,3,01,1,1,0,30,1,0,1,1,2,18,0,2,2,0,1,1,1,200900048075A01,,,,244400610
200900048088,2009-05-24,2009,mai,dimanche,12:05,44,44055,0,0,2,1,1,1,1,4,2,02,1,1,0,80,1,0,1,4,1,11,5,3,2,0,2,1,15,200900048088A01,7,1,1,244400610
200900048092,2009-05-21,2009,mai,jeudi,18:31,44,44055,0,0,2,1,2,1,1,4,1,01,1,1,0,80,1,0,1,4,2,17,0,3,2,0,2,4,15,200900048092B01,33,2,1,244400610
200900048098,2009-05-04,2009,mai,lundi,16:40,44,44184,0,0,2,1,3,1,1,4,2,02,1,1,0,79,1,0,1,4,1,17,9,3,9,0,2,0,9,200900048098A01,7,1,1,244400644
200900048110,2009-05-30,2009,mai,samedi,15:10,44,44162,0,0,2,1,3,1,1,4,2,02,1,1,0,30,1,0,1,4,1,12,0,3,9,0,2,8,19,200900048110B01,7,1,1,244400404
200900048122,2009-05-27,2009,mai,mercredi,08:25,44,44132,0,0,2,2,3,1,1,4,2,02,1,1,0,80,-1,0,1,4,2,56,1,2,2,0,2,8,1,200900048122A01,7,0,1,244400644
200900048159,2009-05-12,2009,mai,mardi,19:25,44,44109,0,0,2,6,3,1,2,4,2,02,1,1,0,0,2,0,1,3,1,51,5,1,9,0,2,1,1,200900048159B01,7,19,1,244400404
200900048168,2009-05-25,2009,mai,lundi,19:00,44,44109,0,0,2,6,3,1,3,4,2,02,1,1,0,0,2,0,1,4,1,31,0,3,2,0,2,0,5,200900048168B01,7,1,1,244400404
200900048186,2009-06-24,2009,juin,mercredi,09:00,44,44109,0,0,2,1,3,1,1,4,1,01,1,1,0,32,1,0,1,4,1,43,0,1,9,0,2,1,0,200900048186B01,7,15,1,244400404
200900048188,2009-06-18,2009,juin,jeudi,16:55,44,44109,0,0,2,2,3,1,8,4,2,02,1,1,0,0,1,0,1,3,1,10,2,1,2,0,2,3,19,200900048188B01,7,15,1,244400404
200900048194,2009-06-24,2009,juin,mercredi,13:40,44,44162,0,0,2,6,3,1,1,3,1,02,1,2,0,0,1,0,1,4,1,23,9,3,9,0,2,7,1,200900048194B01,10,9,1,244400404
200900048204,2009-06-30,2009,juin,mardi,12:25,44,44109,0,0,2,1,3,1,1,4,2,02,1,1,0,30,1,0,1,4,2,46,0,3,2,1,0,0,1,200900048204B01,10,22,1,244400404
200900048222,2009-06-06,2009,juin,samedi,19:15,44,44117,0,0,2,1,3,1,1,4,2,02,1,1,0,43,1,0,1,3,2,8,5,2,2,0,2,7,16,200900048222A01,7,1,1,200067866
200900048223,2009-06-03,2009,juin,mercredi,15:30,44,44175,0,0,1,2,3,1,1,3,2,00,1,1,0,64,1,5,1,3,1,12,5,3,1,0,2,8,19,200900048223A01,7,1,1,244400610
200900048233,2009-06-23,2009,juin,mardi,18:15,44,44096,0,0,1,1,3,1,1,3,2,00,-1,1,0,60,1,0,1,3,1,72,0,3,1,0,2,1,1,200900048233B02,21,15,1,244400552
200900048239,2009-06-13,2009,juin,samedi,19:00,44,44122,0,0,1,1,1,1,1,3,2,02,1,1,0,60,1,0,1,3,1,14,5,3,1,0,2,8,19,200900048239B02,7,1,1,244400503
200900048248,2009-06-05,2009,juin,vendredi,20:40,44,44109,0,0,2,1,6,1,1,4,2,02,2,1,0,600,1,0,1,4,2,11,0,3,9,0,2,1,14,200900048248B01,2,17,1,244400404
200900048268,2009-06-19,2009,juin,vendredi,23:05,44,44184,0,0,1,1,3,4,1,4,2,02,4,1,0,0,1,0,1,4,2,45,0,3,9,0,2,1,1,200900048268B01,7,15,1,244400644
200900048279,2009-07-21,2009,juillet,mardi,11:30,44,44198,0,0,2,1,3,1,1,9,3,02,1,1,0,0,1,0,1,2,2,62,5,3,1,0,2,8,19,200900048279B02,7,1,1,244400404
200900048280,2009-07-25,2009,juillet,samedi,15:15,44,44052,0,0,2,1,1,1,1,4,2,02,1,1,0,60,1,0,1,3,1,83,5,3,1,0,2,8,15,200900048280A01,7,0,1,244400644
200900048288,2009-07-08,2009,juillet,mercredi,10:15,44,44087,0,0,1,1,3,1,1,3,2,02,1,1,0,67,1,0,1,3,1,88,3,3,1,0,2,8,13,200900048288B02,7,17,1,200071546
200900048307,2009-07-30,2009,juillet,jeudi,16:44,44,44109,0,0,2,2,3,1,9,4,-1,00,-1,-1,0,0,-1,0,1,4,2,23,5,1,9,0,2,3,1,200900048307B01,7,16,1,244400404
200900048314,2009-07-28,2009,juillet,mardi,17:45,44,44135,0,0,2,1,2,1,1,4,2,02,1,1,0,0,1,0,1,2,2,60,9,2,2,0,2,8,2,200900048314B01,14,1,1,244400610
200900048320,2009-07-15,2009,juillet,mercredi,15:55,44,44109,0,0,2,1,6,1,1,4,1,01,1,3,0,0,1,5,1,3,1,70,0,3,4,0,2,1,1,200900048320B01,7,9,1,244400404
200900048324,2009-07-28,2009,juillet,mardi,12:10,44,44109,0,0,2,3,3,1,1,4,2,02,1,1,0,64,1,0,1,3,1,41,0,3,2,0,2,1,1,200900048324A01,7,1,1,244400404
200900048325,2009-07-22,2009,juillet,mercredi,12:01,44,44055,0,0,2,2,3,1,1,4,-1,02,1,1,0,60,1,0,1,3,2,34,0,3,9,0,2,0,15,200900048325B01,7,1,1,244400610
200900048333,2009-07-10,2009,juillet,vendredi,17:45,44,44190,0,0,2,1,6,1,1,4,2,02,1,1,0,0,1,0,1,4,1,26,0,3,4,0,2,7,19,200900048333A01,7,1,1,244400404
200900048340,2009-07-19,2009,juillet,dimanche,15:01,44,44184,0,0,2,1,3,1,1,4,2,02,1,1,0,0,1,0,1,3,1,10,5,1,2,0,2,0,9,200900048340A01,7,1,1,244400644
200900048346,2009-07-26,2009,juillet,dimanche,09:45,44,44184,0,0,2,2,3,1,1,4,2,02,1,1,0,0,1,0,1,3,1,57,0,1,2,0,2,0,1,200900048346B01,7,1,1,244400644
200900048369,2009-08-19,2009,août,mercredi,19:05,44,44184,0,0,2,3,3,1,1,4,2,02,2,1,0,0,1,0,1,3,1,34,5,1,2,0,2,1,1,200900048369B01,7,15,1,244400644
200900048378,2009-08-04,2009,août,mardi,13:15,44,44052,0,0,2,9,1,1,1,4,-1,00,-1,-1,0,47,1,0,0,3,1,16,5,3,1,0,2,1,13,200900048378B02,7,1,1,244400644
200900048383,2009-08-10,2009,août,lundi,10:00,44,44010,0,0,2,1,1,1,1,4,2,02,1,1,0,0,-1,0,1,2,1,84,5,2,2,0,2,3,1,200900048383B02,7,1,1,244400610
200900048410,2009-08-03,2009,août,lundi,03:10,44,44135,0,0,2,1,6,4,1,4,-1,02,1,1,0,60,-1,0,1,4,1,25,0,3,2,1,0,1,1,200900048410A01,,,,244400610
200900048424,2009-08-29,2009,août,samedi,22:45,44,44109,0,0,2,2,6,5,1,4,2,02,1,3,0,69,1,0,1,3,2,15,0,2,9,0,2,0,1,200900048424A01,7,1,1,244400404
200900048430,2009-08-16,2009,août,dimanche,12:20,44,44135,0,0,2,1,6,1,1,4,1,01,1,1,0,20,1,0,5,3,2,74,5,2,2,0,1,7,1,200900048430A01,,,,244400610
200900048433,2009-08-15,2009,août,samedi,18:15,44,44132,0,0,2,6,3,1,1,4,-1,02,1,1,0,0,1,5,1,4,2,14,0,3,2,0,2,7,18,200900048433A01,7,1,1,244400644
200900048436,2009-08-10,2009,août,lundi,12:40,44,44109,0,0,2,9,6,1,1,4,2,00,-1,-1,0,0,-1,0,5,3,1,37,0,3,9,7,0,0,1,200900048436B01,10,1,1,244400404
200900048440,2009-08-29,2009,août,samedi,07:45,44,44109,0,0,2,1,6,1,1,4,2,02,1,1,0,33,1,0,1,3,2,31,1,3,9,1,0,1,21,200900048440B01,7,23,1,244400404
200900048457,2009-09-30,2009,septembre,mercredi,14:35,44,44184,0,0,2,1,6,1,1,4,2,02,1,1,0,0,1,0,4,1,1,16,2,3,8,0,0,0,0,200900048457A01,,,,244400644
200900048460,2009-09-29,2009,septembre,mardi,19:45,44,44135,0,0,2,6,3,1,1,4,2,02,1,1,0,60,1,5,1,4,2,30,5,2,2,0,2,2,1,200900048460B01,7,1,1,244400610
200900048469,2009-09-26,2009,septembre,samedi,19:50,44,44109,0,0,2,3,3,2,1,4,2,02,3,1,0,51,1,0,1,4,1,8,5,3,2,0,2,1,1,200900048469A01,7,1,1,244400404
200900048471,2009-09-28,2009,septembre,lundi,13:20,44,44109,0,0,2,6,3,1,1,4,2,04,3,1,20,110,1,0,1,3,1,72,5,3,2,0,2,5,15,200900048471B01,7,1,1,244400404
200900048476,2009-09-23,2009,septembre,mercredi,17:15,44,44109,0,0,2,1,3,1,1,4,2,02,2,1,0,133,1,0,0,3,1,63,0,1,9,0,0,2,1,200900048476B01,7,20,1,244400404
200900048480,2009-09-21,2009,septembre,lundi,16:10,44,44109,0,0,2,1,6,1,1,4,2,02,1,1,15,105,1,0,1,3,1,46,0,3,4,1,0,1,1,200900048480B01,7,22,1,244400404
200900048481,2009-09-18,2009,septembre,vendredi,17:10,44,44109,0,0,2,6,6,1,1,4,2,02,1,1,0,0,1,0,1,3,1,29,0,3,9,0,2,1,0,200900048481B01,10,1,1,244400404
200900048483,2009-09-15,2009,septembre,mardi,17:50,44,44109,0,0,2,1,6,1,1,4,1,01,1,1,0,70,1,6,1,1,1,20,0,3,9,0,1,1,1,200900048483A01,,,,244400404
200900048494,2009-09-07,2009,septembre,lundi,10:15,44,44109,0,0,2,1,6,1,1,4,2,02,2,1,0,0,1,0,1,4,2,57,0,3,2,0,0,0,1,200900048494B01,7,16,1,244400404
200900048498,2009-09-12,2009,septembre,samedi,21:10,44,44143,0,0,2,1,6,5,1,4,2,02,1,1,0,0,1,0,1,4,2,29,0,2,4,0,2,1,1,200900048498A01,7,15,1,244400404
200900048501,2009-09-08,2009,septembre,mardi,08:50,44,44143,0,0,2,1,6,1,1,5,-1,00,-1,2,0,0,-1,0,0,1,1,40,0,3,9,0,2,1,1,200900048501A01,1,1,1,244400404
200900048501,2009-09-08,2009,septembre,mardi,08:50,44,44143,0,0,2,1,6,1,1,5,-1,00,-1,2,0,0,-1,0,0,4,1,12,2,3,9,0,2,1,1,200900048501B01,1,1,1,244400404
200900048507,2009-09-29,2009,septembre,mardi,12:05,44,44109,0,0,2,6,3,1,1,4,2,02,1,1,0,0,1,0,1,4,2,19,1,3,2,0,2,8,19,200900048507B01,7,1,1,244400404
200900048514,2009-09-07,2009,septembre,lundi,15:15,44,44209,0,0,1,1,2,1,1,3,4,00,1,1,0,80,1,0,1,3,1,85,5,1,2,0,2,4,15,200900048514B02,7,2,1,244400503
200900048517,2009-09-04,2009,septembre,vendredi,19:15,44,44110,0,0,1,1,1,1,7,4,2,02,1,2,0,36,1,0,1,3,1,11,5,3,1,0,2,1,5,200900048517A01,7,1,1,244400503
200900048519,2009-09-12,2009,septembre,samedi,11:30,44,44068,0,0,1,1,6,1,1,4,2,02,1,1,0,56,1,0,1,3,1,32,3,3,1,0,0,0,1,200900048519A01,7,21,1,200000438
200900048534,2009-10-02,2009,octobre,vendredi,15:00,44,44109,0,0,1,1,3,1,1,4,2,00,1,1,0,90,1,0,1,4,1,24,0,3,2,0,2,0,5,200900048534A01,2,0,1,244400404
200900048535,2009-10-15,2009,octobre,jeudi,18:40,44,44109,0,0,2,1,2,2,1,4,3,02,2,1,0,65,1,4,1,4,1,32,0,3,2,1,0,1,1,200900048535B01,7,23,1,244400404
200900048545,2009-10-08,2009,octobre,jeudi,13:50,44,44109,0,0,2,1,3,1,1,4,2,02,1,1,0,0,1,0,1,4,2,16,2,3,2,0,2,0,13,200900048545A01,37,17,1,244400404
200900048571,2009-10-01,2009,octobre,jeudi,17:30,44,44109,0,0,2,2,6,1,1,4,2,02,1,1,0,0,1,5,1,3,1,76,5,3,2,0,2,9,0,200900048571B01,14,16,1,244400404
200900048577,2009-10-27,2009,octobre,mardi,19:00,44,44109,0,0,2,2,1,5,1,4,2,02,1,1,0,70,1,5,1,4,1,12,5,3,2,0,2,1,15,200900048577A01,7,15,1,244400404
200900048578,2009-10-08,2009,octobre,jeudi,15:00,44,44143,0,0,2,2,6,1,2,4,2,02,1,1,0,86,2,5,1,4,2,11,0,3,9,0,2,1,1,200900048578B01,7,1,1,244400404
200900048589,2009-10-26,2009,octobre,lundi,09:00,44,44010,0,0,1,6,3,1,9,3,1,01,-1,2,0,90,2,5,1,3,1,52,5,3,1,0,2,2,1,200900048589B02,10,16,1,244400610
200900048597,2009-10-07,2009,octobre,mercredi,07:45,44,44026,0,0,1,1,2,2,1,4,2,00,2,1,0,50,1,0,5,3,1,21,2,2,4,0,0,4,1,200900048597B02,31,1,1,244400404
200900048598,2009-10-26,2009,octobre,lundi,20:30,44,44193,0,0,1,1,3,3,1,3,2,02,2,1,0,0,1,0,1,3,1,48,5,1,4,0,2,2,19,200900048598A01,7,1,1,200072726
200900048611,2009-10-06,2009,octobre,mardi,11:35,44,44184,0,0,2,4,3,1,2,4,3,01,1,2,0,0,2,0,1,4,2,20,0,3,9,0,2,2,1,200900048611A01,7,1,1,244400644
200900048619,2009-10-17,2009,octobre,samedi,18:52,44,44184,0,0,2,4,3,1,1,4,2,02,3,1,0,0,1,0,1,4,1,12,0,3,9,0,2,1,15,200900048619B01,7,1,1,244400644
200900048620,2009-10-27,2009,octobre,mardi,17:15,44,44184,0,0,2,6,3,1,1,4,2,02,1,-1,0,0,1,0,1,4,1,9,0,3,9,0,2,0,1,200900048620B01,7,1,1,244400644
200900048635,2009-09-12,2009,septembre,samedi,14:25,56,56260,0,0,2,1,3,1,1,4,2,02,1,1,0,0,1,0,1,4,1,16,5,3,2,0,2,7,19,200900048635A01,7,1,1,200067932
200900048644,2009-09-26,2009,septembre,samedi,15:15,56,56120,0,0,1,1,1,1,7,3,2,02,2,1,0,72,1,0,1,3,1,23,0,1,2,0,0,3,1,200900048644B02,7,17,1,200067932
200900048678,2009-09-12,2009,septembre,samedi,15:00,56,56089,0.00004,NaN,1,1,1,1,1,4,2,02,-1,1,0,58,1,0,1,3,2,6,5,1,2,0,2,1,9,200900048678B02,7,1,1,200042174
200900048703,2009-11-11,2009,novembre,mercredi,16:00,55,55398,0.00004,0,2,1,2,1,7,3,2,02,1,1,0,59,1,0,1,2,1,88,5,2,2,0,2,4,23,200900048703B02,7,1,1,200066157
200900048716,2009-07-21,2009,juillet,mardi,07:45,56,56263,0,0,2,1,1,1,1,4,2,00,1,1,0,58,1,0,1,3,1,67,5,3,1,0,2,1,1,200900048716B02,7,1,1,200043123
200900048722,2009-07-28,2009,juillet,mardi,13:15,56,56094,0.00004,NaN,1,6,7,1,1,3,1,02,1,2,0,70,8,0,1,3,1,39,1,1,2,0,0,1,1,200900048722A01,,,,245600440
200900048740,2009-07-21,2009,juillet,mardi,15:00,56,56177,0.00004,NaN,1,1,1,1,8,9,2,00,1,1,45,0,1,0,1,2,1,15,5,2,2,0,2,1,15,200900048740B02,7,1,1,200043123
200900048741,2009-07-22,2009,juillet,mercredi,17:30,56,56034,0.00004,NaN,2,1,3,1,1,4,2,02,1,3,0,50,1,0,1,3,1,20,5,3,1,0,2,1,1,200900048741B02,7,1,1,200043123
200900048753,2009-07-07,2009,juillet,mardi,12:33,56,56098,0.00004,NaN,2,6,3,1,1,4,2,02,1,1,0,0,1,0,1,4,1,43,0,3,2,0,2,7,1,200900048753B01,7,9,1,200042174
200900048756,2009-07-29,2009,juillet,mercredi,10:05,56,56260,0.00004,NaN,2,6,3,1,1,4,3,04,1,1,42,67,1,0,1,3,2,61,5,1,2,0,2,8,19,200900048756A01,31,1,1,200067932