Num_Acc,date,an,mois,jour,hrmn,dep,com,lat,long,agg,int,col,lum,atm,catr,circ,nbv,prof,plan,lartpc,larrout,surf,infra,situ,grav,sexe,age,trajet,secuexist,equipement,obs,obsm,choc,manv,vehiculeid,typevehicules,manoeuvehicules,numVehicules,_infos_commune.code_epci
200900062955,2009-10-27,2009,octobre,mardi,06:40,78,78621,0.00004,0,2,4,3,2,1,3,-1,02,-1,-1,0,70,1,0,1,4,1,36,1,1,2,0,2,2,1,200900062955B01,7,9,1,200058782
200900062957,2009-10-29,2009,octobre,jeudi,19:40,78,78621,0.00004,0,2,2,3,3,1,3,2,02,1,1,0,35,1,0,5,4,1,57,1,1,2,0,2,5,19,200900062957B01,33,17,1,200058782
200900062968,2009-10-13,2009,octobre,mardi,18:40,78,78498,0.00004,0,2,1,3,1,1,3,2,02,1,1,0,108,1,0,4,4,2,28,1,2,2,0,2,1,1,200900062968B01,7,9,1,200059889
200900062992,2009-11-26,2009,novembre,jeudi,13:30,78,78674,0.00004,0,1,6,2,1,7,3,2,00,1,1,0,0,-1,0,0,3,1,35,4,1,2,0,2,4,1,200900062992B02,7,9,1,200058782
200900063002,2009-11-18,2009,novembre,mercredi,15:50,78,78490,0,0,2,1,3,1,1,4,2,00,1,2,0,0,1,5,1,4,1,19,0,2,2,0,2,0,1,200900063002B01,7,1,1,200058782
200900063012,2009-11-30,2009,novembre,lundi,13:20,78,78490,0,0,2,1,3,1,1,4,2,02,1,2,0,54,1,0,0,3,2,31,1,2,2,0,2,3,1,200900063012B01,15,17,1,200058782
200900063056,2009-11-28,2009,novembre,samedi,15:35,78,78621,0,0,2,3,1,1,2,4,1,02,1,1,45,68,2,0,1,4,1,45,5,1,2,0,2,1,1,200900063056B01,7,1,1,200058782
200900063068,2009-11-26,2009,novembre,jeudi,16:15,78,78005,0,0,2,1,7,1,1,4,2,01,1,1,0,60,1,0,1,1,1,42,9,3,9,0,1,1,1,200900063068A01,,,,200059889
200900063174,2009-05-29,2009,mai,vendredi,14:20,92,92012,0,0,2,1,3,1,1,3,2,00,1,1,0,0,1,0,1,1,1,36,0,3,1,0,0,8,1,200900063174A01,7,0,1,200054781
200900063177,2009-06-14,2009,juin,dimanche,09:25,78,78358,0.00004,0,2,1,3,1,1,3,1,01,1,1,0,52,1,0,1,3,1,50,5,1,2,1,0,7,21,200900063177B01,7,22,1,200058519
200900063183,2009-12-26,2009,décembre,samedi,12:00,78,78358,0,0,2,3,3,1,7,4,1,01,1,1,0,62,1,0,1,3,1,19,4,3,9,0,2,8,1,200900063183B01,7,15,1,200058519
200900063208,2009-11-24,2009,novembre,mardi,20:30,92,92049,0,0,2,2,3,5,1,4,1,01,1,1,0,0,1,0,1,4,1,51,0,3,9,0,0,1,1,200900063208B01,10,1,1,200054781
200900063228,2009-11-20,2009,novembre,vendredi,12:40,92,92040,0,0,2,1,1,1,1,4,1,01,1,1,0,35,1,0,5,4,2,56,1,3,9,0,1,3,0,200900063228A01,99,5,1,200054781
200900063257,2009-11-30,2009,novembre,lundi,16:30,92,92022,0,0,2,1,3,1,1,3,2,02,1,1,0,122,1,0,5,4,2,37,5,2,2,0,2,1,1,200900063257B01,7,15,1,200054781
200900063265,2009-11-22,2009,novembre,dimanche,12:00,92,92002,0,0,2,6,2,1,8,3,2,02,1,1,0,60,2,0,0,4,1,54,5,1,2,0,0,1,0,200900063265A01,10,23,1,200054781
200900063272,2009-11-06,2009,novembre,vendredi,09:40,92,92002,0,0,2,2,3,1,1,3,1,01,1,3,0,101,1,0,0,4,1,15,1,1,9,0,2,0,19,200900063272B01,33,1,1,200054781
200900063315,2009-11-23,2009,novembre,lundi,17:50,92,92050,0,0,2,1,2,5,2,3,2,02,1,1,0,50,2,0,1,3,1,38,0,3,9,0,2,4,2,200900063315B01,7,2,1,200054781
200900063405,2009-11-10,2009,novembre,mardi,16:45,92,92012,0,0,2,1,6,1,9,3,-1,02,1,1,0,0,9,0,0,4,1,52,0,1,9,0,2,1,1,200900063405B01,7,22,1,200054781
200900063449,2009-12-10,2009,décembre,jeudi,17:35,92,92049,0,0,2,1,3,5,1,4,2,02,1,1,0,0,1,0,4,3,1,27,1,3,9,0,0,0,1,200900063449B01,7,4,1,200054781
200900063456,2009-12-09,2009,décembre,mercredi,21:10,92,92062,0,0,2,1,2,5,1,3,3,03,1,1,20,90,2,0,1,3,2,27,4,2,4,0,2,4,1,200900063456B01,7,1,1,200054781
200900063467,2009-12-11,2009,décembre,vendredi,19:30,92,92046,0,0,2,3,6,5,1,3,2,02,2,1,0,0,1,0,1,4,1,31,1,3,9,0,2,0,17,200900063467A01,37,9,1,200054781
200900063483,2009-12-14,2009,décembre,lundi,16:17,92,92014,0,0,2,5,6,1,1,3,3,05,1,1,0,0,1,0,1,3,2,50,0,1,2,0,2,1,1,200900063483B01,7,15,1,200054781
200900063534,2009-12-15,2009,décembre,mardi,07:30,92,92048,0,0,2,1,6,2,1,4,2,02,2,2,0,46,1,0,1,4,1,26,1,2,9,1,0,1,1,200900063534A01,,,,200054781
200900063567,2009-12-23,2009,décembre,mercredi,12:05,92,92004,0,0,2,3,6,1,1,4,1,01,1,1,0,50,1,0,1,4,1,13,5,3,9,0,2,1,1,200900063567B01,7,22,1,200054781
200900063574,2009-12-22,2009,décembre,mardi,17:20,92,92063,0,0,2,3,3,5,1,4,1,01,1,1,0,0,1,0,1,4,1,43,1,3,9,0,2,1,1,200900063574B01,7,1,1,200054781
200900063582,2009-12-08,2009,décembre,mardi,10:15,92,92051,0,0,2,1,3,1,1,3,1,01,1,1,0,0,1,0,1,3,1,43,1,3,9,0,2,8,1,200900063582B01,7,16,1,200054781
200900063583,2009-12-04,2009,décembre,vendredi,15:00,92,92051,0,0,2,1,2,1,1,4,2,00,1,1,0,0,1,0,1,4,1,55,5,3,9,0,2,0,1,200900063583B01,10,1,1,200054781
200900063638,2009-08-19,2009,août,mercredi,09:50,92,92051,0,0,2,1,3,1,1,4,2,00,1,1,0,0,1,0,1,4,2,26,5,1,2,0,2,9,1,200900063638B01,7,1,1,200054781
200900063668,2009-11-25,2009,novembre,mercredi,08:23,62,62108,0,0,2,2,3,2,3,4,2,02,1,1,0,82,2,5,1,3,1,19,1,3,8,0,2,7,15,200900063668A01,7,1,1,200069029
200900063691,2009-11-01,2009,novembre,dimanche,10:40,62,62108,0,0,2,6,3,1,3,4,2,04,1,3,136,70,2,0,1,4,1,77,5,2,9,0,2,2,1,200900063691B01,7,9,1,200069029
200900063708,2009-11-12,2009,novembre,jeudi,17:10,62,62525,0,0,2,3,6,1,8,4,2,02,1,1,0,75,1,0,1,4,2,20,2,3,9,0,2,1,1,200900063708B01,10,5,1,200069037
200900063710,2009-11-10,2009,novembre,mardi,17:45,62,62765,0,0,2,3,1,5,2,4,2,01,2,2,0,0,2,0,1,3,1,13,2,2,9,0,2,1,21,200900063710B01,7,15,1,200069037
200900063715,2009-11-19,2009,novembre,jeudi,08:15,62,62178,0,0,2,1,7,2,1,4,2,02,2,1,0,53,1,0,1,4,1,24,1,2,9,0,0,0,1,200900063715A01,,,,200072460
200900063716,2009-11-12,2009,novembre,jeudi,14:40,62,62525,0,0,2,4,3,1,1,4,2,02,1,2,0,69,1,0,1,3,2,30,1,3,9,0,2,1,1,200900063716B01,7,17,1,200069037
200900063762,2009-12-14,2009,décembre,lundi,10:00,62,62261,0.00005,0,2,1,1,1,7,3,-1,02,-1,1,0,90,1,0,1,3,1,67,5,3,1,0,2,0,0,200900063762B02,14,16,1,200069029
200900063768,2009-12-23,2009,décembre,mercredi,13:40,62,62215,0,0,2,1,3,1,8,4,2,02,1,1,0,80,1,0,1,3,1,15,5,3,4,0,2,1,13,200900063768A01,7,17,1,246200299
200900063774,2009-12-16,2009,décembre,mercredi,07:30,62,62510,0,0,2,1,3,2,9,4,-1,02,1,2,0,0,7,0,1,4,1,28,1,2,4,0,0,0,0,200900063774B01,7,0,1,246200364
200900063790,2009-10-15,2009,octobre,jeudi,17:00,62,62549,0.00005,0,2,6,1,1,1,3,2,02,1,1,0,93,1,5,1,3,1,62,5,1,2,0,2,7,15,200900063790B02,7,16,1,
200900063793,2009-10-06,2009,octobre,mardi,18:45,62,62060,0,0,2,1,3,1,8,3,2,02,1,1,0,77,1,0,1,3,1,52,9,3,1,0,2,1,13,200900063793B02,7,1,1,200069672
200900063797,2009-10-22,2009,octobre,jeudi,16:15,62,62338,0,0,1,4,1,1,1,3,2,02,1,2,0,55,1,0,1,3,2,63,5,1,2,0,2,1,1,200900063797B02,7,13,1,245900758
200900063816,2009-10-22,2009,octobre,jeudi,15:30,62,62193,0,0,2,2,6,1,1,4,2,03,1,1,0,100,1,0,1,1,1,13,2,3,9,0,1,1,1,200900063816A01,,,,200090751
200900063816,2009-10-22,2009,octobre,jeudi,15:30,62,62193,0,0,2,2,6,1,1,4,2,03,1,1,0,100,1,0,1,1,1,13,2,3,9,0,1,1,1,200900063816A01,,,,200090751
200900063817,2009-10-16,2009,octobre,vendredi,18:30,62,62119,0,0,2,2,3,1,1,4,2,02,1,1,0,0,1,0,1,4,1,27,0,3,2,0,2,1,1,200900063817B01,10,1,1,200072460
200900063833,2009-10-12,2009,octobre,lundi,22:45,62,62034,0,0,2,1,6,5,1,4,2,02,1,1,0,61,1,0,4,2,1,39,1,3,9,1,0,1,1,200900063833A01,,,,200072460
200900063834,2009-10-18,2009,octobre,dimanche,19:00,62,62032,0,0,2,1,7,1,1,4,2,02,1,1,0,79,1,0,1,3,1,53,0,2,9,0,0,0,0,200900063834B01,7,0,1,246200364
200900063838,2009-10-27,2009,octobre,mardi,17:55,62,62516,0,0,1,2,5,1,1,3,2,03,1,1,40,130,1,0,1,2,2,86,3,3,9,0,2,8,23,200900063838D01,7,1 / 23,3,200072460
200900063847,2009-10-02,2009,octobre,vendredi,12:55,62,62193,0,0,2,2,3,1,1,4,2,03,1,1,0,0,1,0,1,3,1,21,0,2,2,0,2,1,1,200900063847A01,7,1,1,200090751
200900063849,2009-10-05,2009,octobre,lundi,12:00,62,62498,0,0,2,3,3,1,1,4,1,01,1,1,0,47,2,0,0,4,1,13,5,3,9,0,2,7,1,200900063849B01,7,15,1,246200364
200900063850,2009-10-07,2009,octobre,mercredi,19:30,62,62351,0,0,2,1,1,2,2,4,2,02,1,3,0,0,2,0,1,3,2,31,4,2,4,0,2,1,1,200900063850B01,7,13,1,246200364
200900063862,2009-10-02,2009,octobre,vendredi,17:30,62,62570,0,0,2,1,6,1,1,4,2,02,1,1,0,60,1,0,1,3,1,8,5,2,4,0,2,7,19,200900063862B01,7,2,1,246200364
200900063919,2009-06-03,2009,juin,mercredi,19:00,93,93063,0.00004,0,2,1,3,1,1,4,1,01,1,1,0,0,1,0,1,3,2,66,5,3,9,0,2,1,2,200900063919B01,7,0,1,200054781
200900063951,2009-11-09,2009,novembre,lundi,11:30,14,14366,0,0,2,1,3,1,1,4,2,02,1,1,0,70,1,0,1,3,1,81,5,1,4,0,2,8,19,200900063951B01,7,1,1,200069532
200900063954,2009-07-23,2009,juillet,jeudi,10:45,42,42120,0.00004,0,1,1,1,1,8,3,2,00,2,2,0,0,2,0,1,3,1,69,5,1,2,0,0,0,0,200900063954B02,7,1,1,200035731
200900063969,2009-11-18,2009,novembre,mercredi,17:45,11,11198,0,0,1,1,2,3,1,3,2,02,1,1,0,51,1,0,1,4,1,35,5,2,4,0,2,4,1,200900063969A01,33,1,1,200035715
200900064018,2009-12-02,2009,décembre,mercredi,14:15,11,11076,0,0,2,2,3,1,1,4,2,02,2,1,0,25,1,0,1,4,1,14,5,3,9,0,2,1,1,200900064018B01,7,1,1,200035855
200900064024,2009-07-27,2009,juillet,lundi,13:39,42,42218,0.00004,0,2,3,3,1,1,4,2,02,1,2,0,0,1,0,1,4,1,22,1,1,2,0,2,1,1,200900064024A01,13,15,1,244200770
200900064029,2009-07-25,2009,juillet,samedi,18:00,42,42187,0,0,2,4,3,1,1,3,3,04,1,1,20,128,1,0,1,4,1,63,5,3,9,0,2,1,15,200900064029A01,7,15,1,200035731
200900064031,2009-07-16,2009,juillet,jeudi,06:50,42,42184,0,0,2,6,3,1,1,3,2,02,1,1,0,64,1,5,1,3,2,65,5,3,9,0,2,7,1,200900064031B01,7,1,1,200035731
200900064036,2009-07-01,2009,juillet,mercredi,18:00,42,42187,0,0,2,1,2,1,1,3,1,01,2,2,0,40,1,0,1,4,2,55,0,1,2,0,2,4,1,200900064036A01,7,0,1,200035731
200900064056,2009-07-29,2009,juillet,mercredi,10:30,42,42294,0.00004,0,1,1,3,1,1,3,2,02,2,1,58,0,1,0,1,2,1,62,5,1,2,0,0,8,15,200900064056B02,7,1,1,200035731
200900064057,2009-07-15,2009,juillet,mercredi,13:45,42,42058,0.00004,0,2,1,3,1,1,3,2,02,1,3,0,39,1,0,1,3,1,9,5,3,3,0,2,1,13,200900064057B02,3,1,1,200065886
200900064088,2009-08-08,2009,août,samedi,09:15,42,42218,0.00004,0,2,1,1,1,8,4,2,02,1,1,0,105,1,0,1,4,1,78,5,1,2,0,2,1,1,200900064088B01,7,5,1,244200770
200900064089,2009-08-03,2009,août,lundi,12:00,42,42218,0.00004,0,2,1,2,1,1,4,3,04,1,1,0,120,1,0,1,4,1,62,5,2,2,0,0,4,1,200900064089B01,7,17,1,244200770
200900064093,2009-08-25,2009,août,mardi,19:30,42,42218,0,0,2,3,3,1,3,4,1,01,4,1,0,78,2,4,1,4,1,,5,2,2,0,2,1,5,200900064093A01,7,1,1,244200770
200900064098,2009-08-26,2009,août,mercredi,18:02,42,42218,0,0,2,3,1,1,2,4,2,02,1,1,0,78,2,5,1,4,1,44,5,2,2,0,2,1,1,200900064098B01,7,15,1,244200770
200900064101,2009-08-31,2009,août,lundi,13:10,42,42237,0,0,1,1,3,1,1,4,2,02,1,-1,0,68,1,0,1,3,1,13,5,2,2,0,2,8,11,200900064101B01,7,1,1,244200770
200900064112,2009-08-11,2009,août,mardi,17:30,42,42187,0,0,2,1,2,1,1,4,1,02,1,1,0,100,1,0,1,4,1,55,1,1,2,0,2,1,2,200900064112A01,7,2,1,200035731
200900064117,2009-08-10,2009,août,lundi,11:05,42,42207,0,0,2,1,3,1,1,9,2,00,1,1,0,66,1,0,1,3,2,13,5,3,9,0,2,1,19,200900064117A01,7,1,1,244200770
200900064132,2009-08-30,2009,août,dimanche,18:00,42,42147,0.00004,0,2,4,3,1,1,4,2,02,1,1,0,78,1,0,1,3,1,60,5,2,2,0,2,1,1,200900064132B01,7,15,1,200065886
200900064152,2009-11-07,2009,novembre,samedi,12:20,26,26362,0.00004,0,2,1,1,1,1,4,2,02,1,1,0,70,1,0,0,3,1,43,5,1,2,1,0,1,1,200900064152B01,7,24,1,200068781
200900064162,2009-11-01,2009,novembre,dimanche,12:00,69,69227,0,0,2,6,1,1,1,9,2,00,3,1,79,64,1,1,1,3,1,48,5,2,2,0,0,0,0,200900064162B02,7,15,1,200066587
200900064180,2009-11-18,2009,novembre,mercredi,09:15,69,69094,0.00004,0,2,6,3,1,1,3,2,02,1,3,0,0,1,0,5,3,1,57,5,1,2,0,2,3,16,200900064180A01,7,16,1,246900724
200900064196,2009-11-19,2009,novembre,jeudi,18:30,69,69149,0,0,2,1,3,5,1,4,2,03,2,1,0,0,1,0,1,3,1,22,5,2,2,0,2,1,1,200900064196A01,7,15,1,200046977
200900064197,2009-11-20,2009,novembre,vendredi,10:00,69,69383,0,0,2,3,6,1,1,4,1,02,1,1,0,0,1,0,1,4,1,26,0,3,2,0,2,1,1,200900064197B01,7,16,1,200046977
200900064303,2009-11-24,2009,novembre,mardi,08:10,69,69388,0,0,2,1,3,1,1,4,2,00,1,1,30,60,1,0,5,4,1,35,1,3,2,0,2,1,1,200900064303B01,7,16,1,200046977
200900064321,2009-11-21,2009,novembre,samedi,18:40,69,69388,0,0,2,2,3,5,1,4,2,03,1,1,30,60,1,0,1,4,2,9,5,3,2,0,2,1,0,200900064321B01,7,16,1,200046977
200900064322,2009-11-16,2009,novembre,lundi,09:25,69,69387,0,0,2,1,3,1,1,4,2,02,1,1,0,40,1,0,1,4,2,23,5,2,9,0,2,8,1,200900064322B01,7,17,1,200046977
200900064372,2009-08-06,2009,août,jeudi,14:15,76,76035,0.00004,0,2,1,2,1,1,3,2,00,1,1,0,0,1,5,1,2,1,45,0,1,9,0,2,4,19,200900064372B02,17,19,1,200069722
200900064386,2009-08-14,2009,août,vendredi,17:12,76,76681,0,0,2,3,3,1,1,4,2,02,1,1,0,30,1,0,1,4,1,9,5,3,2,6,0,8,1,200900064386B01,7,1,1,200023414
200900064406,2009-08-04,2009,août,mardi,08:20,76,76540,0,0,2,2,3,1,1,4,2,01,1,1,0,80,1,0,1,4,2,23,0,3,2,0,2,1,5,200900064406A01,7,1,1,200023414
200900064418,2009-08-23,2009,août,dimanche,16:00,76,76540,0,0,2,1,3,1,1,4,1,01,1,1,0,90,1,0,1,3,1,29,5,1,2,0,2,1,1,200900064418A01,7,15,1,200023414
200900064423,2009-09-30,2009,septembre,mercredi,13:20,76,76351,0,0,2,1,6,1,1,4,2,00,1,1,0,0,1,0,1,4,2,45,4,3,9,0,2,1,0,200900064423A01,7,0,1,200084952
200900064432,2009-09-30,2009,septembre,mercredi,12:20,76,76351,0,0,2,1,7,1,2,4,2,04,1,1,0,100,1,0,1,3,1,77,5,2,2,0,0,7,1,200900064432A01,,,,200084952
200900064445,2009-09-15,2009,septembre,mardi,09:40,76,76540,0,0,2,1,6,1,9,4,1,01,1,1,0,100,2,5,1,2,2,39,0,3,9,0,2,0,0,200900064445B01,14,0,1,200023414
200900064447,2009-09-18,2009,septembre,vendredi,23:45,76,76540,0,0,2,3,3,5,1,4,2,05,1,1,0,180,1,0,1,3,1,17,5,3,2,0,2,1,1,200900064447B01,7,1,1,200023414
200900064447,2009-09-18,2009,septembre,vendredi,23:45,76,76540,0,0,2,3,3,5,1,4,2,05,1,1,0,180,1,0,1,3,1,17,5,2,2,0,2,1,1,200900064447B01,7,1,1,200023414
200900064463,2009-09-09,2009,septembre,mercredi,16:00,76,76540,0,0,2,2,3,1,9,4,1,01,1,1,0,30,1,0,1,4,2,55,1,3,2,0,2,7,1,200900064463B01,7,0,1,200023414
200900064536,2009-01-15,2009,janvier,jeudi,15:00,30,30028,0.00004,0,2,1,6,1,1,4,2,02,1,1,0,85,1,0,4,4,1,21,5,2,9,0,2,1,1,200900064536B01,7,1,1,200034692
200900064541,2009-08-08,2009,août,samedi,20:35,35,35288,0,0,2,4,3,1,7,4,2,02,1,1,0,0,1,0,1,3,2,45,5,2,2,0,2,1,15,200900064541B01,7,16,1,243500782
200900064559,2009-08-26,2009,août,mercredi,08:15,35,35049,0,0,1,1,5,1,1,3,2,02,1,1,0,70,1,0,1,3,1,75,5,3,2,0,2,6,2,200900064559B02,7,17,1,243500782
200900064559,2009-08-26,2009,août,mercredi,08:15,35,35049,0,0,1,1,5,1,1,3,2,02,1,1,0,70,1,0,1,3,2,72,0,3,1,0,2,4,2,200900064559C03,7,17,1,243500782
200900064573,2009-08-27,2009,août,jeudi,19:15,35,35288,0,0,2,6,3,1,1,4,2,02,1,1,0,0,1,0,1,4,2,23,1,2,2,0,2,1,1,200900064573B01,7,1,1,243500782
200900064576,2009-08-22,2009,août,samedi,16:45,35,35115,0,0,2,1,6,1,1,3,2,03,2,1,0,0,1,0,1,3,1,59,5,3,9,0,1,0,0,200900064576A01,,,,200072452
200900064582,2009-08-30,2009,août,dimanche,18:35,35,35238,0.00004,NaN,2,1,3,1,1,4,2,02,2,1,0,60,1,0,1,4,1,8,5,3,8,0,2,8,9,200900064582A01,7,1,1,243500139
200900064586,2009-08-25,2009,août,mardi,11:20,35,35238,0.00004,NaN,2,3,3,1,1,4,2,02,2,1,0,60,1,0,1,4,2,57,5,3,8,0,2,1,1,200900064586B01,7,16,1,243500139
200900064594,2009-08-24,2009,août,lundi,10:30,35,35238,0.00004,NaN,2,3,3,1,1,4,2,02,1,1,0,60,2,0,1,3,2,62,5,3,8,0,2,1,1,200900064594B01,15,15,1,243500139
200900064595,2009-08-31,2009,août,lundi,08:05,35,35238,0.00004,NaN,2,2,3,1,7,4,2,02,1,1,0,60,1,0,1,4,1,43,1,3,8,0,2,1,1,200900064595B01,33,15,1,243500139
200900064598,2009-07-07,2009,juillet,mardi,17:15,50,50484,0.00004,NaN,1,1,3,1,1,3,2,02,-1,1,0,0,1,0,1,3,1,64,5,3,8,0,2,3,0,200900064598A01,7,17,1,200069425
200900064622,2009-10-14,2009,octobre,mercredi,12:00,57,57433,0.00004,0,2,1,1,1,1,3,2,02,-1,1,50,50,1,0,1,3,1,61,5,3,1,0,2,8,2,200900064622B02,13,2,1,200039949
200900064623,2009-10-10,2009,octobre,samedi,17:30,57,57134,0.00004,0,1,1,5,1,1,3,2,02,1,1,0,76,2,0,1,4,2,80,5,1,2,0,2,1,1,200900064623D04,10 / 7,1,2,200039865
200900064623,2009-10-10,2009,octobre,samedi,17:30,57,57134,0.00004,0,1,1,5,1,1,3,2,02,1,1,0,76,2,0,1,3,2,83,5,1,2,0,0,0,0,200900064623C03,10 / 7,1,2,200039865
200900064636,2009-10-06,2009,octobre,mardi,12:21,57,57227,0,0,2,1,7,1,1,4,2,01,2,1,0,0,1,0,1,4,1,64,0,1,2,0,2,0,1,200900064636A01,7,16,1,245700372
200900064661,2009-10-24,2009,octobre,samedi,14:35,57,57463,0,0,2,1,7,1,2,3,2,02,1,1,0,60,2,0,1,4,1,38,5,1,9,0,2,7,2,200900064661B01,7,17,1,200039865
200900064662,2009-10-31,2009,octobre,samedi,16:50,57,57642,0,0,2,1,3,1,1,9,2,03,1,1,0,82,1,0,1,4,1,47,5,1,9,0,2,8,2,200900064662B01,7,2,1,200039865
200900064705,2009-11-20,2009,novembre,vendredi,15:35,57,57672,0,0,1,1,3,1,1,3,1,02,1,3,0,71,1,0,1,4,1,26,5,1,9,0,2,0,19,200900064705B01,7,1,1,245701362
200900064711,2009-11-22,2009,novembre,dimanche,13:25,57,57253,0,0,2,6,3,1,1,4,1,02,2,2,0,45,1,5,1,4,1,58,5,1,2,0,2,7,1,200900064711B01,7,1,1,200068146
200900064738,2009-11-03,2009,novembre,mardi,18:45,57,57463,0,0,2,3,5,5,2,4,2,02,1,1,0,140,2,0,1,3,2,25,4,1,4,0,2,4,15,200900064738B01,7,0 / 5,2,200039865
200900064751,2009-12-04,2009,décembre,vendredi,10:20,57,57757,0,0,2,1,3,1,1,3,2,02,1,1,0,65,1,0,1,4,1,28,5,3,9,1,0,1,1,200900064751B01,7,24,1,245701362
200900064804,2009-09-02,2009,septembre,mercredi,18:35,35,35238,0.00004,NaN,2,3,3,1,2,4,2,02,1,1,0,60,2,0,4,4,2,28,1,3,8,0,2,6,5,200900064804A01,7,9,1,243500139
200900064805,2009-09-17,2009,septembre,jeudi,09:40,35,35238,0.00004,NaN,2,1,2,1,8,4,2,02,1,1,0,60,1,0,1,4,2,41,5,3,8,0,2,1,13,200900064805A01,7,1,1,243500139
200900064818,2009-09-09,2009,septembre,mercredi,07:50,35,35238,0.00004,NaN,2,2,3,1,1,4,2,02,3,1,0,60,1,0,1,4,1,58,1,3,2,0,2,1,1,200900064818B01,7,9,1,243500139
200900064830,2009-09-01,2009,septembre,mardi,19:00,35,35238,0.00004,NaN,2,2,3,1,1,4,2,02,1,1,0,60,1,0,1,4,2,33,5,3,8,0,2,1,1,200900064830B01,10,1,1,243500139
200900064836,2009-09-01,2009,septembre,mardi,12:10,35,35238,0.00004,NaN,2,1,3,1,1,4,3,02,1,1,40,60,1,0,1,4,2,46,1,3,8,0,0,1,5,200900064836A01,10,16,1,243500139
200900064837,2009-09-04,2009,septembre,vendredi,11:15,35,35238,0,0,2,1,6,1,1,4,-1,02,1,-1,0,0,1,0,1,4,2,65,5,3,9,0,2,1,1,200900064837B01,7,22,1,243500139
200900064845,2009-09-02,2009,septembre,mercredi,15:45,35,35223,0,0,1,1,1,1,1,3,2,02,-1,1,0,60,1,0,1,3,1,81,5,1,9,0,2,8,1,200900064845B02,7,1,1,243500618
200900064850,2009-09-30,2009,septembre,mercredi,18:15,35,35059,0,0,2,3,1,1,1,4,2,02,1,1,0,56,1,0,1,3,1,6,5,3,1,0,2,1,19,200900064850B02,7,1,1,243500139
200900064863,2009-09-28,2009,septembre,lundi,16:15,35,35239,0,0,2,1,2,1,1,3,2,02,1,1,0,65,1,5,1,4,2,12,2,3,8,0,0,4,15,200900064863B02,7,1,1,243500634
200900064864,2009-09-16,2009,septembre,mercredi,09:30,35,35318,0,0,1,1,7,1,1,3,2,00,2,1,0,0,1,0,1,2,2,84,5,2,2,0,9,1,1,200900064864A01,,,,243500733
200900064888,2009-05-04,2009,mai,lundi,15:55,11,11262,0,0,2,1,7,1,1,4,2,02,1,1,0,0,1,0,1,4,1,80,5,3,8,0,2,0,1,200900064888A01,31,1,1,241100593
200900064900,2009-10-22,2009,octobre,jeudi,13:00,35,35238,0.00004,NaN,2,3,3,1,2,4,2,02,1,1,0,60,2,0,1,4,2,24,5,3,8,0,2,1,19,200900064900A01,7,1,1,243500139
200900064906,2009-10-31,2009,octobre,samedi,19:00,35,35238,0.00004,NaN,2,1,7,5,1,4,3,02,1,1,0,60,1,0,1,4,1,18,5,3,8,0,0,1,1,200900064906A01,,,,243500139
200900064926,2009-10-15,2009,octobre,jeudi,14:45,35,35051,0,0,2,6,1,1,7,4,2,02,1,-1,0,0,1,0,1,3,1,69,5,1,2,0,0,7,1,200900064926B02,10,1,1,243500139
200900064934,2009-10-08,2009,octobre,jeudi,18:00,35,35360,0,0,2,6,3,1,1,9,3,02,1,1,61,26,1,0,1,3,2,48,1,3,1,0,2,6,19,200900064934B02,31,16,1,200039022
200900064942,2009-10-30,2009,octobre,vendredi,14:30,35,35115,0,0,2,4,7,1,1,4,2,00,2,2,0,0,1,0,1,4,1,84,5,3,9,14,0,0,2,200900064942A01,,,,200072452
200900064946,2009-10-27,2009,octobre,mardi,13:00,35,35288,0,0,2,1,5,1,1,4,2,02,1,1,0,0,1,0,1,3,1,46,1,2,2,1,0,1,1,200900064946B01,7 / 38,24 / 17,2,243500782
200900064955,2009-10-12,2009,octobre,lundi,10:15,35,35238,0.00004,NaN,2,6,3,1,1,4,2,02,1,1,0,60,1,5,1,4,1,22,2,3,8,0,2,1,1,200900064955B01,7,1,1,243500139
200900064965,2009-10-01,2009,octobre,jeudi,16:00,35,35055,0,0,2,2,3,1,1,3,-1,00,-1,-1,0,0,-1,0,0,4,1,49,5,3,4,0,2,1,19,200900064965A01,13,1,1,243500139
200900064967,2009-10-06,2009,octobre,mardi,18:05,35,35238,0.00004,NaN,2,4,3,1,1,4,2,02,1,1,0,60,1,0,1,4,1,32,5,3,8,0,2,7,1,200900064967A01,7,14,1,243500139
200900064969,2009-10-03,2009,octobre,samedi,09:00,35,35281,0,0,2,6,3,1,1,4,-1,02,4,3,0,0,1,0,1,4,2,54,3,3,4,0,2,1,19,200900064969B01,7,1,1,243500139
200900064975,2009-06-09,2009,juin,mardi,14:00,11,11262,0,0,2,1,6,1,1,4,2,02,1,1,0,70,1,0,1,3,1,65,5,3,9,0,2,1,1,200900064975B01,7,9,1,241100593
200900065007,2009-11-24,2009,novembre,mardi,11:50,35,35281,0,0,2,2,6,1,8,4,-1,00,-1,-1,0,0,2,0,0,4,1,18,0,3,4,0,2,1,1,200900065007B01,1,1,1,243500139
200900065007,2009-11-24,2009,novembre,mardi,11:50,35,35281,0,0,2,2,6,1,8,4,-1,00,-1,-1,0,0,2,0,0,4,1,44,1,3,4,0,2,1,1,200900065007A01,1,1,1,243500139
200900065013,2009-11-09,2009,novembre,lundi,12:30,35,35238,0.00004,NaN,2,2,3,1,1,4,1,01,1,1,0,40,1,5,1,4,1,22,2,3,8,0,2,1,1,200900065013B01,7,23,1,243500139