Num_Acc,date,an,mois,jour,hrmn,dep,com,lat,long,agg,int,col,lum,atm,catr,circ,nbv,prof,plan,lartpc,larrout,surf,infra,situ,grav,sexe,age,trajet,secuexist,equipement,obs,obsm,choc,manv,vehiculeid,typevehicules,manoeuvehicules,numVehicules,_infos_commune.code_epci
201000012720,2010-12-10,2010,décembre,vendredi,12:15,84,84008,44.146,5.096,2,1,3,1,1,3,2,00,2,1,75,0,1,0,1,3,1,57,5,3,1,0,2,1,1,201000012720B02,7,10,1,248400053
201000012734,2010-11-05,2010,novembre,vendredi,11:00,84,84127,0,0,1,6,1,1,1,3,2,02,1,1,74,47,1,0,1,3,1,71,5,1,2,0,2,1,2,201000012734A01,7,23,1,248400160
201000012738,2010-04-26,2010,avril,lundi,07:45,84,84019,44.283,4.783,2,3,3,1,7,3,2,00,4,1,0,0,1,0,1,3,1,14,1,3,1,0,2,7,5,201000012738A01,10,16,1,200000628
201000012747,2010-10-28,2010,octobre,jeudi,14:00,84,84019,0,0,1,1,3,1,1,4,2,01,1,1,0,0,1,0,1,3,1,14,5,3,1,0,2,1,0,201000012747B02,7,1,1,200000628
201000012756,2010-05-18,2010,mai,mardi,17:30,84,84137,0,0,1,1,2,1,1,3,2,02,1,1,0,41,1,0,1,3,1,13,2,3,1,0,2,4,15,201000012756A01,7,1,1,248400335
201000012771,2010-08-17,2010,août,mardi,17:45,84,84138,44.408,4.99,1,1,5,1,1,3,2,02,1,1,0,50,1,0,1,3,1,69,5,1,2,0,2,4,2,201000012771B02,33,5 / 21,2,200040681
201000012799,2010-09-21,2010,septembre,mardi,22:15,34,34244,43.66764,4.04559,1,1,2,3,1,2,2,00,1,1,0,100,1,0,1,2,1,20,5,2,4,0,2,4,2,201000012799B02,7,2,1,243400017
201000012803,2010-11-04,2010,novembre,jeudi,18:15,34,34058,0,0,1,1,3,2,1,3,2,00,1,1,0,70,1,0,1,3,1,24,5,2,4,0,2,1,1,201000012803A01,7,15,1,243400017
201000012822,2010-03-17,2010,mars,mercredi,16:15,34,34145,43.68017,4.14506,2,1,1,1,1,2,2,00,1,1,0,0,1,0,1,3,1,52,5,1,2,0,2,1,1,201000012822B02,7,15,1,243400520
201000012826,2010-04-08,2010,avril,jeudi,06:15,34,34145,43.68297,4.15064,2,6,1,5,8,2,-1,00,1,2,0,0,2,5,1,3,2,36,1,2,4,0,2,7,1,201000012826B02,7,9,1,243400520
201000012827,2010-05-21,2010,mai,vendredi,08:45,34,34145,43.68951,4.13599,2,1,3,1,1,4,2,02,1,1,49,19,1,0,1,3,1,16,2,3,8,0,2,5,19,201000012827B02,7,1,1,243400520
201000012856,2010-03-14,2010,mars,dimanche,10:00,34,34318,43.80443,3.95403,1,1,1,1,1,3,2,02,2,4,0,43,1,2,1,3,1,69,5,1,2,0,2,8,1,201000012856B02,7,1,1,200022986
201000012860,2010-08-05,2010,août,jeudi,20:00,34,34322,43.78806,3.834,1,1,1,2,7,3,2,02,1,1,0,54,1,0,1,2,1,52,5,1,2,0,2,1,1,201000012860B02,33,1,1,200022986
201000012861,2010-09-16,2010,septembre,jeudi,08:30,34,34322,43.79097,3.85021,1,1,3,1,1,3,2,02,1,1,0,50,1,0,1,3,1,36,5,2,2,0,2,8,1,201000012861B02,7,17,1,200022986
201000012863,2010-12-04,2010,décembre,samedi,10:30,34,34276,43.774,3.869,2,6,3,1,1,3,2,02,1,1,0,56,1,5,1,4,1,21,5,1,2,0,2,7,1,201000012863A01,7,1,1,200022986
201000012865,2010-01-06,2010,janvier,mercredi,14:45,34,34211,43.575,2.989,1,1,7,1,1,3,2,02,-1,3,0,64,1,0,0,3,1,76,5,3,1,0,0,0,1,201000012865A01,,,,200042646
201000012870,2010-03-14,2010,mars,dimanche,11:30,34,34096,43.56317,3.17843,1,1,1,1,1,3,2,00,-1,1,0,130,1,0,1,3,1,74,5,1,2,0,2,4,1,201000012870B02,7,1,1,200071058
201000012872,2010-04-05,2010,avril,lundi,18:00,34,34235,43.00853,4.3667,2,9,1,1,1,3,-1,01,1,1,0,59,1,0,1,3,1,13,5,3,2,0,2,3,19,201000012872B02,7,1,1,200066553
201000012890,2010-08-28,2010,août,samedi,14:15,34,34052,43.33576,3.04061,1,1,6,1,1,3,2,00,4,1,0,0,1,0,1,2,1,64,5,1,2,0,9,5,2,201000012890A01,,,,200042653
201000012895,2010-03-23,2010,mars,mardi,15:30,34,34069,43.37947,3.10929,1,1,5,1,1,3,2,02,-1,1,0,60,1,0,1,1,2,57,5,2,2,0,2,4,1,201000012895C03,7,1,1,243400488
201000012895,2010-03-23,2010,mars,mardi,15:30,34,34069,43.37947,3.10929,1,1,5,1,1,3,2,02,-1,1,0,60,1,0,1,2,1,62,5,2,2,0,2,4,1,201000012895B02,7,1,1,243400488
201000012906,2010-10-01,2010,octobre,vendredi,16:00,34,34092,43.3841,2.93652,1,1,1,1,1,3,2,01,2,2,0,52,1,0,1,2,1,47,1,1,2,0,2,0,1,201000012906B02,14,1,1,200042653
201000012931,2010-09-22,2010,septembre,mercredi,11:00,34,34056,43.42345,3.43091,1,1,1,1,1,3,2,02,1,4,0,124,1,0,1,3,1,62,0,3,9,0,2,4,1,201000012931B02,7,1,1,243400819
201000012983,2010-07-07,2010,juillet,mercredi,17:30,34,34209,43.31423,3.36268,1,1,3,1,1,3,3,02,1,1,0,0,1,5,1,3,1,13,5,3,1,0,2,7,19,201000012983B02,7,1,1,243400819
201000012997,2010-06-25,2010,juin,vendredi,08:15,34,34142,43.73323,3.31207,2,3,1,1,1,3,2,00,2,1,0,60,1,0,1,3,1,14,2,3,1,0,2,7,15,201000012997B02,7,0,1,200017341
201000013016,2010-07-02,2010,juillet,vendredi,10:15,34,34016,43.56,3.606,1,1,7,1,1,3,2,01,2,1,0,31,9,0,1,3,1,58,5,1,2,0,9,0,1,201000013016A01,,,,243400694
201000013068,2010-09-10,2010,septembre,vendredi,08:15,11,11429,0,0,1,6,3,1,7,3,1,00,1,2,0,0,1,0,1,3,1,71,5,1,2,0,2,1,1,201000013068B02,10,9,1,200035715
201000013077,2010-11-18,2010,novembre,jeudi,13:30,11,11315,43.285,2.593,2,4,3,1,1,3,2,02,-1,1,0,60,1,5,1,3,1,9,5,3,1,0,2,1,14,201000013077A01,17,16,1,200035715
201000013080,2010-05-20,2010,mai,jeudi,12:15,11,11430,0,0,2,2,3,1,1,3,2,02,1,-1,,77,1,0,1,3,1,8,5,2,2,0,2,1,10,201000013080B02,7,1,1,200035855
201000013118,2010-08-31,2010,août,mardi,13:45,11,11147,0,0,1,1,3,1,1,3,2,01,2,2,0,32,1,0,1,3,1,72,5,1,2,0,2,1,1,201000013118B02,10,1,1,200043776
201000013132,2010-10-06,2010,octobre,mercredi,19:00,11,11063,0,0,1,2,3,1,1,3,2,02,1,1,0,53,1,0,1,3,1,13,5,2,2,0,2,1,19,201000013132A01,7,1,1,200043776
201000013140,2010-09-26,2010,septembre,dimanche,16:00,11,11262,0,0,1,1,2,1,6,3,2,02,1,1,0,75,1,0,1,2,1,79,5,2,2,0,2,4,2,201000013140A01,7,1,1,241100593
201000013149,2010-05-23,2010,mai,dimanche,02:30,11,11170,43.143,3.139,1,1,5,3,1,3,2,02,1,1,0,70,1,0,1,3,1,18,5,2,4,0,0,4,1,201000013149C03,7,1,1,241100593
201000013149,2010-05-23,2010,mai,dimanche,02:30,11,11170,43.143,3.139,1,1,5,3,1,3,2,02,1,1,0,70,1,0,1,2,2,16,0,2,4,0,0,4,1,201000013149C03,7,1,1,241100593
201000013149,2010-05-23,2010,mai,dimanche,02:30,11,11170,43.143,3.139,1,1,5,3,1,3,2,02,1,1,0,70,1,0,1,2,1,19,5,2,4,0,0,4,1,201000013149B02,7,1,1,241100593
201000013160,2010-02-22,2010,février,lundi,19:30,11,11041,43.306,2.87,1,1,2,3,1,3,2,02,1,1,0,60,1,0,1,3,1,23,5,3,1,0,2,4,2,201000013160B02,2,2,1,241100593
201000013174,2010-09-07,2010,septembre,mardi,18:15,11,11203,43.202,2.777,2,1,3,1,1,4,2,00,-1,1,0,50,1,0,1,3,1,15,5,3,1,0,2,6,15,201000013174A01,7,1,1,200035863
201000013188,2010-10-20,2010,octobre,mercredi,09:30,30,30133,0,0,2,1,1,1,1,3,1,00,1,1,0,0,1,0,1,3,1,66,0,3,1,0,2,1,5,201000013188B02,7,15,1,243000650
201000013198,2010-06-26,2010,juin,samedi,20:30,30,30321,43.7821,4.08053,2,1,3,1,1,4,2,02,1,1,0,58,1,0,1,3,1,13,5,3,1,0,2,1,5,201000013198B02,7,1,1,243000296
201000013211,2010-07-15,2010,juillet,jeudi,18:45,30,30156,43.87484,4.44331,1,1,6,1,1,3,2,02,2,1,0,0,1,0,3,3,1,65,5,1,2,1,0,1,1,201000013211B02,,,,243000643
201000013245,2010-09-04,2010,septembre,samedi,20:30,30,30333,43.75222,4.27153,1,1,1,2,8,4,2,02,1,1,0,0,1,0,1,4,1,6,5,3,8,0,2,1,19,201000013245A01,30,1,1,243000569
201000013247,2010-10-02,2010,octobre,samedi,10:00,30,30033,0,0,2,1,3,1,1,4,2,02,2,2,0,0,1,0,1,3,1,57,5,1,2,0,2,8,1,201000013247B02,7,15,1,243000593
201000013294,2010-12-08,2010,décembre,mercredi,14:15,30,30305,44.16717,4.16716,1,1,1,1,1,3,2,02,3,1,0,0,2,0,1,3,1,14,5,1,2,0,2,1,19,201000013294B02,7,1,1,200066918
201000013313,2010-08-27,2010,août,vendredi,08:45,30,30002,43.96954,4.10102,1,1,3,1,1,3,2,02,1,1,0,60,1,5,1,3,1,71,5,1,2,0,2,3,15,201000013313B02,7,17,1,200034411
201000013320,2010-04-24,2010,avril,samedi,18:00,30,30152,44.22596,4.39389,2,1,3,1,1,4,1,01,2,1,0,31,1,0,0,3,1,14,5,3,1,0,2,1,19,201000013320A01,7,1,1,200066918
201000013325,2010-07-12,2010,juillet,lundi,13:45,30,30227,44.23057,4.22105,1,1,2,1,1,3,2,02,-1,1,0,61,1,0,1,3,2,18,1,2,2,0,2,1,1,201000013325B02,7,15,1,200035129
201000013350,2010-07-02,2010,juillet,vendredi,15:15,30,30299,44.02089,4.44592,1,1,1,1,1,3,2,02,-1,1,0,67,1,0,1,3,1,52,5,2,2,0,2,4,1,201000013350B02,7,17,1,200034379
201000013352,2010-09-09,2010,septembre,jeudi,15:00,30,30001,44.05195,4.34916,1,1,3,1,1,3,2,02,-1,1,0,0,1,0,1,4,1,62,5,1,2,0,2,1,1,201000013352A01,7,19,1,200034379
201000013372,2010-09-22,2010,septembre,mercredi,18:00,30,30202,44.2514,4.65592,1,1,1,1,1,4,2,00,1,1,0,33,1,0,1,3,1,7,5,3,1,0,2,0,23,201000013372C03,99,1,1,200034692
201000013379,2010-04-21,2010,avril,mercredi,17:00,30,30107,43.94416,4.62387,1,1,3,1,1,2,2,03,3,3,0,94,1,0,1,3,1,61,5,1,2,0,2,8,2,201000013379B02,7,2,1,243000684
201000013406,2010-08-05,2010,août,jeudi,18:30,30,30221,44.05331,4.77607,2,1,1,1,7,3,2,02,1,1,80,0,1,0,1,3,2,27,5,1,2,0,0,1,1,201000013406B02,7,15,1,248400251
201000013406,2010-08-05,2010,août,jeudi,18:30,30,30221,44.05331,4.77607,2,1,1,1,7,3,2,02,1,1,80,0,1,0,1,3,1,44,0,2,2,0,0,1,1,201000013406B02,7,15,1,248400251
201000013430,2010-09-15,2010,septembre,mercredi,10:00,30,30122,43.88746,4.24759,1,1,7,1,1,3,2,02,-1,-1,46,0,1,0,1,3,1,73,5,1,2,0,0,1,1,201000013430A01,,,,243000643
201000013467,2010-01-02,2010,janvier,samedi,09:30,48,48016,44.488,3.457,2,1,1,1,7,2,2,03,2,2,0,73,1,5,1,4,1,26,5,1,2,0,2,7,1,201000013467B02,7,19,1,244800405
201000013482,2010-06-26,2010,juin,samedi,18:30,48,48080,0,0,2,1,1,1,1,3,2,02,2,1,0,64,1,0,1,4,1,51,5,3,2,0,2,1,1,201000013482B02,7,15,1,200006930
201000013547,2010-08-21,2010,août,samedi,10:15,66,66037,0,0,1,1,1,1,1,3,2,00,1,1,0,75,1,5,5,3,1,49,5,3,1,0,2,1,1,201000013547B02,7,19,1,200027183
201000013553,2010-08-04,2010,août,mercredi,09:00,66,66011,42.60495,2.89477,2,1,3,1,1,4,2,01,-1,1,0,0,1,0,1,3,2,54,5,1,9,0,2,3,1,201000013553B02,31,15,1,200043602
201000013565,2010-07-19,2010,juillet,lundi,18:30,66,66187,42.80985,2.4974,2,1,3,1,1,4,2,00,1,1,0,55,1,0,1,3,1,5,5,1,2,0,2,1,1,201000013565B02,7,1,1,246600423
201000013571,2010-08-04,2010,août,mercredi,16:15,66,66174,0,0,2,1,1,1,1,3,2,00,1,1,0,0,1,0,1,4,1,21,5,1,2,0,2,1,1,201000013571B02,7,15,1,200027183
201000013590,2010-08-23,2010,août,lundi,10:30,66,66180,0,0,1,9,2,1,1,3,2,00,3,1,0,0,1,0,2,3,1,77,5,1,2,0,0,4,1,201000013590B02,10,1,1,200027183
201000013617,2010-05-19,2010,mai,mercredi,09:15,66,66008,42.54576,3.02227,2,6,3,1,1,3,1,00,1,2,0,0,1,0,1,4,1,39,4,1,2,0,2,3,19,201000013617B02,7,16,1,200043602
201000013629,2010-02-20,2010,février,samedi,15:15,66,66233,0,0,1,1,1,1,1,3,-1,00,-1,2,0,0,1,0,0,4,1,17,9,3,1,0,2,1,13,201000013629B02,7,1,1,246600373
201000013663,2010-09-24,2010,septembre,vendredi,20:30,66,66125,0,0,1,1,1,3,1,2,2,02,2,2,0,0,1,0,1,3,1,48,5,1,4,0,2,1,1,201000013663B02,7,17,1,200049211
201000013789,2010-04-11,2010,avril,dimanche,15:00,2B,2B239,0,0,1,1,1,1,2,3,2,02,2,3,0,47,2,0,1,3,1,33,9,1,2,0,2,1,13,201000013789B02,7,1,1,200073120
201000013822,2010-04-19,2010,avril,lundi,12:15,2B,2B354,0,0,1,1,1,1,1,2,2,02,2,2,0,58,1,0,1,3,1,24,5,1,2,0,2,8,1,201000013822B02,7,1,1,242020071
201000013844,2010-04-21,2010,avril,mercredi,18:30,2B,2B251,0,0,2,1,3,1,1,4,2,02,1,1,0,0,1,0,1,1,1,11,5,3,2,0,9,1,1,201000013844B02,2,5,1,200033827
201000013844,2010-04-21,2010,avril,mercredi,18:30,2B,2B251,0,0,2,1,3,1,1,4,2,02,1,1,0,0,1,0,1,4,1,11,5,3,2,0,9,1,1,201000013844B02,2,5,1,200033827
201000013904,2010-10-02,2010,octobre,samedi,13:50,05,05061,0,0,2,2,3,1,1,4,2,02,1,1,0,30,1,0,1,4,1,23,1,3,2,0,0,4,1,201000013904B02,7,1,1,200067825
201000013906,2010-11-13,2010,novembre,samedi,13:00,05,05061,0,0,2,6,3,1,1,3,2,02,1,2,50,44,1,0,1,3,1,41,5,1,2,0,0,7,15,201000013906B01,7,15,1,200067825
201000013925,2010-10-10,2010,octobre,dimanche,10:30,78,78057,49.041,1.573,2,1,3,1,1,3,2,02,-1,1,0,60,1,0,1,2,1,55,5,1,2,0,2,8,1,201000013925B02,10,17,1,200071074
201000013938,2010-03-13,2010,mars,samedi,08:45,78,78090,48.9529,1.90891,2,3,3,1,1,3,2,03,-1,1,0,90,1,5,1,3,2,17,5,1,9,0,2,3,9,201000013938B02,7,21,1,200059889
201000013948,2010-04-11,2010,avril,dimanche,10:30,78,78451,48.9433,1.83694,2,3,5,1,1,3,2,02,1,1,0,63,1,0,1,1,1,42,5,1,2,0,2,1,1,201000013948C03,7,15,1,200059889
201000013948,2010-04-11,2010,avril,dimanche,10:30,78,78451,48.9433,1.83694,2,3,5,1,1,3,2,02,1,1,0,63,1,0,1,3,1,45,5,1,2,0,2,1,1,201000013948B02,7,15,1,200059889
201000013962,2010-07-20,2010,juillet,mardi,16:00,78,78618,48.8843,1.57569,2,3,3,1,1,3,2,02,1,1,0,0,1,0,1,3,1,70,5,3,1,0,2,1,15,201000013962B02,7,1,1,247800550
201000014007,2010-02-26,2010,février,vendredi,19:15,78,78321,48.7948,1.89961,1,1,6,3,1,3,2,01,2,1,0,62,1,0,1,3,1,47,1,1,4,0,2,4,1,201000014007A01,,,,247800618
201000014116,2010-04-13,2010,avril,mardi,19:45,91,91272,0,0,2,6,1,2,2,9,3,02,4,2,0,0,2,5,1,3,1,47,1,2,2,0,2,4,0,201000014116B02,7,9,1,200056232
201000014124,2010-09-11,2010,septembre,samedi,16:15,91,91679,0,0,1,1,1,1,1,3,2,02,1,1,0,0,1,0,3,4,1,59,5,1,2,1,0,1,2,201000014124A01,7,24,1,200056232
201000014155,2010-06-02,2010,juin,mercredi,18:00,95,95120,49.0843,2.2005,2,1,3,1,1,4,1,01,1,1,0,31,1,0,1,2,1,8,5,1,2,0,0,8,19,201000014155B02,7,1,1,249500430
201000014163,2010-10-03,2010,octobre,dimanche,11:20,95,95592,49.0256,1.8714,2,1,7,1,1,3,2,02,2,1,10,70,1,0,1,3,1,51,5,1,2,12,0,7,2,201000014163A01,7,17,1,200035970
201000014203,2010-09-03,2010,septembre,vendredi,08:30,77,77222,0,0,2,1,1,1,1,9,2,00,1,1,0,0,1,0,1,3,1,32,2,3,1,1,0,1,1,201000014203B02,15,24,1,200070779
201000014223,2010-06-25,2010,juin,vendredi,12:45,77,77142,48.868,2.883,1,1,3,1,1,3,3,02,1,1,10,120,1,5,1,3,1,41,5,1,2,12,2,8,18,201000014223A01,7,1,1,200090504
201000014224,2010-07-04,2010,juillet,dimanche,07:45,77,77529,48.86,2.923,1,1,1,1,1,3,2,02,1,-1,0,60,1,0,1,4,1,37,5,3,1,0,2,1,0,201000014224B02,7,0,1,200090504
201000014234,2010-03-10,2010,mars,mercredi,17:30,77,77429,0,0,2,1,3,1,1,3,2,02,1,1,0,70,1,0,1,3,1,12,5,2,2,0,2,8,9,201000014234B02,7,1,1,200072544
201000014240,2010-04-18,2010,avril,dimanche,11:45,77,77512,48.877,3.329,1,1,1,1,1,4,2,02,2,2,0,45,1,0,1,3,1,50,5,1,2,0,2,8,1,201000014240B02,7,13,1,200072544
201000014246,2010-10-09,2010,octobre,samedi,21:00,77,77182,48.287,3,1,1,2,3,1,3,2,02,2,1,0,74,1,0,1,2,1,42,5,2,4,0,2,4,1,201000014246B02,7,1,1,200072544
201000014264,2010-03-01,2010,mars,lundi,14:00,77,77508,0,0,1,1,3,1,1,3,2,02,1,1,0,0,1,0,1,3,1,26,5,1,2,0,0,6,2,201000014264B02,10,2,1,247700339
201000014271,2010-09-22,2010,septembre,mercredi,14:15,77,77091,48.745,2.838,2,1,2,1,1,4,2,02,1,1,0,50,1,0,1,3,1,11,5,3,1,0,2,4,15,201000014271A01,13,1,1,200072874
201000014292,2010-03-18,2010,mars,jeudi,11:15,77,77099,0,0,1,1,2,1,1,3,2,02,1,1,0,60,1,0,1,3,1,70,5,1,2,0,0,4,2,201000014292B02,7,2,1,200023919
201000014356,2010-01-18,2010,janvier,lundi,09:30,77,77347,0,0,2,1,2,1,5,4,2,02,2,2,0,0,2,0,1,4,2,76,3,3,9,0,2,1,13,201000014356B02,14,4,1,200040251
201000014410,2010-05-08,2010,mai,samedi,12:00,45,45006,0,0,2,1,6,1,1,3,2,02,1,1,0,61,9,0,1,3,1,59,5,2,2,14,0,1,1,201000014410A01,,,,200005932
201000014427,2010-07-11,2010,juillet,dimanche,10:15,45,45134,0,0,1,1,2,1,1,3,2,02,1,1,0,57,1,0,1,3,1,45,5,2,2,0,0,4,1,201000014427B02,7,2,1,200070183
201000014430,2010-09-08,2010,septembre,mercredi,07:00,45,45179,47.77535,1.67018,1,2,2,2,3,3,2,02,1,1,0,68,2,0,1,3,2,63,5,1,9,0,0,4,15,201000014430B02,7,1,1,200070183
201000014513,2010-01-02,2010,janvier,samedi,19:00,45,45145,0,0,1,1,2,3,1,3,2,00,1,1,0,58,1,0,1,2,1,24,5,2,4,0,0,4,1,201000014513B02,7,2,1,244500419
201000014517,2010-02-10,2010,février,mercredi,06:40,45,45343,0,0,1,1,2,3,1,3,2,02,1,1,0,60,1,0,1,4,1,42,1,1,4,0,2,6,1,201000014517A01,7,2,1,244500419
201000014610,2010-04-12,2010,avril,lundi,21:00,18,18242,46.836,2.926,2,1,1,2,1,4,2,02,1,1,0,44,1,0,1,3,2,37,5,3,1,0,2,4,1,201000014610B02,7,1,1,241800432
201000014610,2010-04-12,2010,avril,lundi,21:00,18,18242,46.836,2.926,2,1,1,2,1,4,2,02,1,1,0,44,1,0,1,3,2,15,0,3,1,0,2,4,1,201000014610B02,7,1,1,241800432
201000014655,2010-07-04,2010,juillet,dimanche,11:45,18,18229,47.2448,2.37477,1,1,1,1,1,3,2,02,1,1,0,60,1,0,1,3,1,59,5,3,1,0,2,4,1,201000014655B02,7,2,1,200066330
201000014658,2010-07-30,2010,juillet,vendredi,11:30,18,18271,47.162,2.38955,1,1,6,1,1,3,2,02,1,1,0,55,1,0,1,3,1,68,5,3,1,0,0,7,1,201000014658A01,,,,200066330
201000014696,2010-05-31,2010,mai,lundi,09:00,28,28140,48.5952,1.6776,1,1,1,1,1,3,2,02,1,1,0,70,1,0,1,2,1,87,5,3,1,0,2,2,19,201000014696A01,7,1,1,200069953
201000014723,2010-08-24,2010,août,mardi,16:30,28,28313,48.3408,1.75162,2,1,2,1,1,3,2,02,1,1,0,61,1,0,1,2,1,72,5,3,1,0,0,6,1,201000014723B01,7,1,1,200070159
201000014742,2010-10-27,2010,octobre,mercredi,16:45,28,28353,48.1555,1.41159,1,1,1,1,1,3,2,02,4,2,0,0,1,5,1,3,1,73,5,1,2,0,0,7,16,201000014742B01,21,1,1,242852465
201000014747,2010-04-20,2010,avril,mardi,14:15,28,28012,48.1043,1.14926,1,1,3,1,1,3,2,00,2,1,0,48,1,0,1,2,1,94,5,3,1,0,0,6,13,201000014747B02,7,17,1,200069961
201000014752,2010-09-12,2010,septembre,dimanche,18:30,28,28133,48.0471,1.28487,2,1,2,1,1,3,3,02,1,1,0,54,1,0,1,2,1,58,5,3,1,0,2,4,2,201000014752B01,33,2,1,
201000014773,2010-09-22,2010,septembre,mercredi,11:45,28,28371,48.8611,1.42308,2,6,1,1,1,3,1,01,1,2,0,0,1,0,1,3,1,75,5,3,1,0,0,1,1,201000014773B01,7,9,1,200040277
201000014774,2010-09-22,2010,septembre,mercredi,12:00,28,28064,48.797,1.49505,2,1,6,1,1,3,1,00,1,1,0,0,1,0,1,1,1,42,5,1,2,0,0,0,1,201000014774A01,,,,200040277
201000014809,2010-09-11,2010,septembre,samedi,15:15,28,28033,48.5065,1.05786,2,1,3,1,1,3,1,00,1,1,43,0,1,0,1,3,2,17,3,3,1,0,2,1,19,201000014809A01,7,1,1,200070167
201000014861,2010-05-10,2010,mai,lundi,17:30,36,36034,47.2561,1.66664,2,3,3,1,3,3,2,02,1,1,0,65,2,5,1,3,1,11,5,3,8,0,2,8,15,201000014861B02,7,1,1,243600202
201000014862,2010-07-01,2010,juillet,jeudi,08:30,36,36034,47.2547,1.6523,2,1,3,1,1,4,2,02,1,1,0,0,1,0,1,4,2,15,2,3,8,0,2,3,1,201000014862B02,7,21,1,243600202
201000014882,2010-07-24,2010,juillet,samedi,10:30,36,36106,46.5435,1.39228,2,1,6,1,1,3,2,02,1,1,0,60,1,0,1,4,1,16,5,2,2,0,2,1,1,201000014882C03,7,17,1,243600319
201000014882,2010-07-24,2010,juillet,samedi,10:30,36,36106,46.5435,1.39228,2,1,6,1,1,3,2,02,1,1,0,60,1,0,1,4,1,47,5,2,2,0,2,8,1,201000014882B02,7,17,1,243600319
201000014897,2010-08-16,2010,août,lundi,11:00,36,36073,46.5208,2.09466,1,1,3,1,1,3,2,02,1,2,0,40,9,0,1,3,1,44,5,3,8,0,2,1,1,201000014897B02,21,1,1,243600350
201000014913,2010-10-17,2010,octobre,dimanche,08:00,36,36089,46.6917,1.80687,1,2,3,2,1,3,2,02,1,1,0,55,1,5,1,3,1,64,5,1,2,0,2,1,1,201000014913B02,10,19,1,243600327
201000014918,2010-04-09,2010,avril,vendredi,17:15,36,36037,46.919,1.77152,1,1,2,1,1,3,2,02,1,1,0,35,1,0,1,3,1,67,5,1,2,0,2,1,2,201000014918A01,1,2,1,200068880
201000014918,2010-04-09,2010,avril,vendredi,17:15,36,36037,46.919,1.77152,1,1,2,1,1,3,2,02,1,1,0,35,1,0,1,1,1,63,5,1,2,0,2,4,2,201000014918B02,1,2,1,200068880
201000014921,2010-07-22,2010,juillet,jeudi,13:30,36,36140,46.9048,1.88789,1,1,2,1,1,2,2,02,1,1,0,75,1,0,1,3,1,37,5,3,8,0,2,4,1,201000014921B02,14,1,1,200068880
201000014936,2010-07-04,2010,juillet,dimanche,03:00,37,37138,0,0,1,1,2,3,1,3,2,02,-1,1,0,80,1,0,1,3,1,20,9,3,1,0,0,4,2,201000014936B02,7,2,1,200043065
201000014987,2010-07-16,2010,juillet,vendredi,14:45,37,37052,47.4511,0.87277,2,1,7,1,1,3,2,02,2,2,0,75,1,0,1,3,1,68,5,3,1,0,0,0,1,201000014987A01,,,,200073161
201000014988,2010-07-17,2010,juillet,samedi,19:15,37,37203,47.4194,0.75971,2,1,7,1,1,4,2,00,2,1,0,42,1,0,1,3,1,52,5,3,1,0,0,0,1,201000014988A01,,,,243700754
201000014993,2010-09-02,2010,septembre,jeudi,17:45,37,37224,0,0,1,3,6,1,1,3,2,02,1,1,0,48,1,0,1,4,1,17,5,1,2,0,0,0,0,201000014993A01,7,15,1,243700499
201000015039,2010-11-15,2010,novembre,lundi,17:30,37,37192,0,0,1,1,3,1,1,3,2,02,-1,1,0,71,1,0,1,3,1,59,5,3,1,0,2,8,15,201000015039B02,33,0,1,200071587
201000015048,2010-04-30,2010,avril,vendredi,14:30,37,37045,47.0216,0.60937,2,2,1,1,1,3,2,02,1,1,0,70,1,0,1,3,2,78,9,3,1,0,0,7,19,201000015048B02,14,1,1,200071587
201000015054,2010-03-24,2010,mars,mercredi,12:30,37,37159,0,0,2,1,7,1,1,9,2,00,2,1,35,70,1,0,5,3,1,15,2,2,2,0,0,1,2,201000015054A01,,,,200072650
201000015074,2010-07-24,2010,juillet,samedi,11:45,41,41029,47.4997,1.26825,1,3,3,1,1,3,2,02,1,1,0,63,1,0,1,3,1,82,5,3,1,0,2,1,19,201000015074B02,33,1,1,200030385
201000015139,2010-04-20,2010,avril,mardi,18:30,41,41265,47.776,0.76825,1,1,2,1,7,3,2,02,1,1,0,63,1,0,1,2,2,57,1,3,1,0,0,4,1,201000015139B02,7,2,1,200072072
201000015158,2010-04-10,2010,avril,samedi,18:45,41,41012,0,0,1,9,1,1,1,4,2,02,1,1,0,55,1,0,1,3,1,7,5,2,2,0,2,8,19,201000015158B02,7,1,1,244100293
201000015168,2010-05-20,2010,mai,jeudi,20:00,33,33214,45.006,-1.136,2,1,3,2,1,3,2,02,1,1,0,60,1,0,1,4,1,15,0,1,2,0,2,3,19,201000015168B02,7,1,1,200070720
201000015172,2010-08-03,2010,août,mardi,22:30,29,29136,47.92172,-3.5026,1,1,2,3,2,4,3,02,2,1,0,0,1,0,1,4,1,41,5,2,4,0,0,4,0,201000015172C03,7,1,1,242900694
201000015183,2010-08-05,2010,août,jeudi,15:45,29,29236,47.84472,-3.6902,2,1,3,1,1,3,3,02,1,3,0,100,1,0,1,3,1,51,5,1,2,0,2,1,1,201000015183B02,7,15,1,242900694
201000015191,2010-09-09,2010,septembre,jeudi,18:00,29,29274,48.02916,-3.70739,2,1,3,1,1,9,2,02,1,1,0,52,1,0,1,3,2,12,5,3,1,0,2,1,15,201000015191B02,7,1,1,242900694