Num_Acc,date,an,mois,jour,hrmn,dep,com,lat,long,agg,int,col,lum,atm,catr,circ,nbv,prof,plan,lartpc,larrout,surf,infra,situ,grav,sexe,age,trajet,secuexist,equipement,obs,obsm,choc,manv,vehiculeid,typevehicules,manoeuvehicules,numVehicules,_infos_commune.code_epci
201000015208,2010-05-21,2010,mai,vendredi,09:00,13,13104,0,0,1,1,3,1,1,3,2,02,2,2,0,0,1,0,5,3,1,68,5,1,2,0,2,1,1,201000015208B02,7,16,1,200054807
201000015231,2010-07-19,2010,juillet,lundi,08:15,33,33199,44.64,-1.115,2,1,1,1,1,3,-1,00,1,1,0,0,1,5,1,3,1,78,5,1,2,0,2,3,15,201000015231B02,3,1,1,243300563
201000015249,2010-01-27,2010,janvier,mercredi,11:45,06,06004,0,0,2,2,3,1,1,4,2,02,2,1,0,80,1,0,1,3,1,76,5,3,2,0,2,1,1,201000015249A01,7,15,1,240600585
201000015283,2010-05-13,2010,mai,jeudi,09:05,06,06155,0,0,2,1,3,1,1,6,1,01,1,1,0,0,1,0,3,3,1,20,4,3,2,0,2,4,9,201000015283A01,32,1,1,240600585
201000015363,2010-01-15,2010,janvier,vendredi,12:40,06,06123,0,0,2,1,2,1,1,4,3,05,1,1,0,0,1,0,1,4,1,37,5,3,2,0,2,1,2,201000015363A01,37,23,1,200030195
201000015383,2010-03-11,2010,mars,jeudi,08:00,06,06123,0,0,2,4,3,1,1,4,2,02,-1,1,0,0,1,0,1,4,2,30,1,3,2,0,2,1,15,201000015383B01,7,15,1,200030195
201000015384,2010-03-12,2010,mars,vendredi,14:45,06,06123,0,0,2,1,3,1,1,4,3,06,1,1,0,0,1,0,1,4,1,71,5,3,9,0,2,1,1,201000015384B01,7,16,1,200030195
201000015437,2010-05-23,2010,mai,dimanche,17:00,06,06027,0,0,2,1,6,1,1,4,2,00,1,1,0,0,1,0,5,4,1,79,5,3,2,0,1,1,1,201000015437A01,,,,200030195
201000015456,2010-06-25,2010,juin,vendredi,15:00,06,06027,0,0,2,1,3,1,1,4,2,03,1,1,0,0,1,0,1,4,1,63,5,1,9,0,2,8,13,201000015456A01,7,14,1,200030195
201000015464,2010-07-09,2010,juillet,vendredi,14:00,06,06123,0,0,2,1,3,1,1,4,2,02,-1,4,0,0,1,0,1,4,1,16,5,2,2,0,2,1,1,201000015464B01,10,9,1,200030195
201000015468,2010-07-17,2010,juillet,samedi,20:15,06,06027,0,0,2,1,1,1,1,4,2,02,-1,2,0,0,1,0,1,4,1,13,5,2,2,0,2,1,5,201000015468A01,7,1,1,200030195
201000015481,2010-08-02,2010,août,lundi,07:50,06,06027,0,0,2,1,3,1,1,4,3,04,1,1,0,0,1,0,1,3,1,18,1,2,2,0,2,1,1,201000015481A01,7,1,1,200030195
201000015487,2010-08-09,2010,août,lundi,15:00,06,06123,0,0,2,1,3,1,1,4,1,02,1,1,0,0,1,0,1,4,1,17,5,3,2,0,2,1,1,201000015487A01,7,1,1,200030195
201000015557,2010-11-07,2010,novembre,dimanche,09:30,06,06123,0,0,2,1,1,1,1,4,1,01,1,1,0,0,1,0,1,3,1,52,5,3,2,0,2,1,5,201000015557A01,7,15,1,200030195
201000015559,2010-11-09,2010,novembre,mardi,11:30,06,06027,0,0,2,1,3,1,1,4,3,04,1,1,0,0,1,0,1,3,1,63,5,1,2,0,2,1,19,201000015559A01,7,1,1,200030195
201000015564,2010-11-15,2010,novembre,lundi,15:40,06,06027,0,0,2,1,3,1,2,4,2,02,1,1,0,0,2,0,1,4,1,52,5,3,9,0,2,1,1,201000015564A01,7,16,1,200030195
201000015605,2010-01-23,2010,janvier,samedi,12:55,06,06029,0,0,2,1,2,1,1,4,2,02,1,-1,0,80,1,0,1,4,1,49,0,1,2,0,2,1,1,201000015605B01,10,0,1,200039915
201000015613,2010-02-07,2010,février,dimanche,13:25,06,06029,0,0,2,1,7,1,1,4,2,02,3,1,0,50,1,0,1,4,1,88,5,2,9,0,2,8,1,201000015613B01,37,1,1,200039915
201000015625,2010-02-28,2010,février,dimanche,13:35,06,06029,0,0,2,1,6,1,1,4,2,04,1,1,0,120,1,0,1,4,1,62,0,1,2,0,2,1,0,201000015625B01,30,0,1,200039915
201000015652,2010-04-27,2010,avril,mardi,13:15,06,06029,0,0,2,1,3,1,1,4,-1,02,1,-1,0,100,1,0,1,4,1,49,0,1,2,0,2,1,1,201000015652B01,7,5,1,200039915
201000015654,2010-04-29,2010,avril,jeudi,15:25,06,06029,0,0,2,1,3,1,1,4,2,04,1,1,0,80,-1,0,0,4,1,15,0,3,9,0,2,1,0,201000015654B01,7,1,1,200039915
201000015710,2010-07-22,2010,juillet,jeudi,08:00,06,06029,0,0,2,1,3,1,7,4,2,02,1,1,0,60,1,0,1,3,1,79,0,3,2,0,2,1,1,201000015710B01,7,15,1,200039915
201000015717,2010-08-08,2010,août,dimanche,07:45,06,06029,0,0,2,1,6,1,1,4,2,02,1,-1,0,100,1,0,1,4,1,55,0,1,2,0,2,1,0,201000015717B01,7,0,1,200039915
201000015720,2010-08-12,2010,août,jeudi,09:30,06,06029,0,0,2,1,3,1,7,4,4,02,1,-1,0,50,1,0,1,4,1,70,0,3,2,0,2,1,1,201000015720B01,7,9,1,200039915
201000015754,2010-09-20,2010,septembre,lundi,14:35,06,06029,0,0,2,1,3,1,1,4,2,02,4,-1,0,60,1,0,0,3,1,59,0,3,2,0,2,1,1,201000015754B01,7,15,1,200039915
201000015766,2010-10-11,2010,octobre,lundi,12:00,06,06029,0,0,2,1,6,1,1,4,2,02,2,3,0,50,1,0,1,4,1,15,0,3,9,0,2,1,1,201000015766B01,7,10,1,200039915
201000015767,2010-10-12,2010,octobre,mardi,08:15,06,06030,0,0,2,1,3,1,1,4,-1,02,1,1,0,80,-1,0,1,3,2,52,0,1,2,0,2,1,0,201000015767B01,7,1,1,200039915
201000015777,2010-10-26,2010,octobre,mardi,09:30,06,06029,0,0,2,1,2,1,1,4,2,02,1,1,0,60,1,0,1,3,1,64,0,3,2,0,2,1,9,201000015777A01,7,1,1,200039915
201000015779,2010-10-27,2010,octobre,mercredi,18:00,06,06029,0,0,2,1,3,2,1,4,2,02,1,1,0,60,1,0,1,4,2,67,0,2,2,0,2,8,1,201000015779B01,7,16,1,200039915
201000015798,2010-11-29,2010,novembre,lundi,10:40,06,06030,0,0,2,1,3,1,1,4,1,01,2,1,0,70,1,0,0,4,1,61,0,1,2,0,2,1,0,201000015798B01,7,0,1,200039915
201000015813,2010-12-15,2010,décembre,mercredi,14:20,06,06029,0,0,2,1,6,1,1,4,1,01,1,2,0,70,1,0,1,1,1,20,0,1,9,0,2,1,1,201000015813A01,,,,200039915
201000015917,2010-06-14,2010,juin,lundi,16:25,06,06069,0,0,2,1,3,1,1,3,2,02,2,1,0,0,1,0,1,4,1,67,0,3,2,0,2,0,1,201000015917B01,7,9,1,200039857
201000015949,2010-07-18,2010,juillet,dimanche,19:00,06,06069,0,0,2,1,7,1,1,3,2,02,-1,-1,0,0,1,0,1,4,2,42,0,3,9,0,0,0,0,201000015949A01,,,,200039857
201000015957,2010-07-24,2010,juillet,samedi,11:30,06,06069,0,0,2,1,6,1,1,4,2,02,-1,-1,0,0,1,0,1,4,1,64,0,3,2,0,1,0,1,201000015957A01,,,,200039857
201000015965,2010-08-04,2010,août,mercredi,16:45,06,06069,0,0,2,1,3,1,1,3,1,01,2,2,0,0,1,0,1,4,1,25,0,3,9,0,0,7,1,201000015965B01,7,0,1,200039857
201000016009,2010-09-26,2010,septembre,dimanche,12:15,06,06069,0,0,1,1,2,1,1,4,2,02,1,1,0,0,1,0,1,4,1,36,5,3,9,0,2,1,21,201000016009A01,7,15,1,200039857
201000016014,2010-10-04,2010,octobre,lundi,07:50,06,06069,0,0,2,1,3,1,2,3,2,02,2,1,0,0,2,0,1,4,1,24,0,3,9,0,2,1,1,201000016014A01,7,15,1,200039857
201000016119,2010-04-02,2010,avril,vendredi,17:10,06,06083,0,0,2,3,3,1,1,3,1,02,1,1,20,120,1,0,1,4,1,30,3,3,2,0,0,8,16,201000016119A01,32,1,1,240600551
201000016125,2010-04-15,2010,avril,jeudi,19:40,06,06083,0,0,2,1,6,1,1,9,-1,02,1,1,0,70,1,0,4,1,2,22,0,3,4,0,1,1,1,201000016125A01,,,,240600551
201000016134,2010-05-02,2010,mai,dimanche,08:40,06,06104,0,0,2,1,1,1,8,3,2,02,3,1,0,60,2,0,1,3,1,35,9,1,2,0,0,1,1,201000016134A01,7,13,1,240600551
201000016178,2010-09-13,2010,septembre,lundi,08:30,06,06083,0,0,2,3,3,1,1,4,2,02,1,1,0,141,1,0,1,3,2,84,5,3,2,0,2,1,1,201000016178B01,7,16,1,240600551
201000016225,2010-01-05,2010,janvier,mardi,17:30,06,06088,0,0,1,1,3,1,1,4,1,01,1,1,0,64,1,0,1,4,1,44,1,3,9,0,2,1,0,201000016225A01,7,1,1,200030195
201000016229,2010-01-06,2010,janvier,mercredi,18:25,06,06088,0,0,2,1,6,5,1,4,1,03,1,1,0,0,1,0,1,4,1,44,0,3,9,0,2,0,11,201000016229A01,7,1,1,200030195
201000016264,2010-01-18,2010,janvier,lundi,10:30,06,06088,0,0,2,1,6,1,1,4,1,03,1,1,0,100,1,0,1,4,2,44,9,3,9,0,2,8,1,201000016264B01,,,,200030195
201000016267,2010-01-18,2010,janvier,lundi,16:55,06,06088,0,0,2,1,6,1,1,4,1,02,1,1,0,0,1,0,1,2,2,37,5,3,4,0,0,0,0,201000016267B01,14,0,1,200030195
201000016317,2010-02-02,2010,février,mardi,19:00,06,06088,0,0,2,1,1,5,1,4,2,01,1,1,0,0,1,0,5,4,1,30,5,1,2,0,2,1,1,201000016317B01,1,1,1,200030195
201000016317,2010-02-02,2010,février,mardi,19:00,06,06088,0,0,2,1,1,5,1,4,2,01,1,1,0,0,1,0,5,4,1,19,5,3,9,0,9,1,1,201000016317A01,1,1,1,200030195
201000016344,2010-02-10,2010,février,mercredi,15:40,06,06088,0,0,2,1,3,1,1,4,2,03,1,1,0,87,1,0,1,4,1,62,0,1,9,0,2,6,1,201000016344A01,2,1,1,200030195
201000016380,2010-02-24,2010,février,mercredi,08:40,06,06088,0,0,2,1,3,1,1,4,1,01,1,1,0,0,1,0,1,4,1,20,0,3,9,0,2,1,1,201000016380A01,7,16,1,200030195
201000016469,2010-03-24,2010,mars,mercredi,15:15,06,06088,0,0,2,2,3,1,1,4,2,02,1,1,0,60,1,0,1,4,1,49,5,2,4,0,2,0,21,201000016469A01,7,2,1,200030195
201000016472,2010-03-25,2010,mars,jeudi,16:30,06,06088,0,0,2,3,3,1,1,4,1,02,2,1,3,95,1,0,1,4,2,15,5,3,9,0,2,2,15,201000016472A01,7,1,1,200030195
201000016481,2010-03-29,2010,mars,lundi,16:45,06,06088,0,0,2,1,3,1,1,4,1,01,1,1,0,0,1,0,1,4,1,38,1,2,4,0,2,0,2,201000016481B01,7,20,1,200030195
201000016496,2010-04-02,2010,avril,vendredi,08:25,06,06088,0,0,2,1,5,1,1,4,2,03,2,1,0,0,1,0,1,4,1,19,1,2,2,14,0,3,3,201000016496B01,7,23 / 22,2,200030195
201000016516,2010-04-09,2010,avril,vendredi,02:30,06,06088,0,0,2,1,6,5,1,4,2,05,1,1,0,0,1,0,1,4,1,22,5,2,2,0,2,2,12,201000016516A01,7,1,1,200030195
201000016517,2010-04-09,2010,avril,vendredi,15:15,06,06088,0,0,2,1,3,1,1,4,1,02,1,1,0,50,1,0,1,4,1,51,0,3,9,0,2,3,11,201000016517B01,7,1,1,200030195
201000016528,2010-04-13,2010,avril,mardi,10:45,06,06088,0,0,2,3,6,1,1,4,1,02,1,1,0,0,1,0,1,1,1,43,5,1,4,0,1,1,0,201000016528A01,,,,200030195
201000016529,2010-04-13,2010,avril,mardi,17:25,06,06088,0,0,2,3,6,1,1,4,2,02,2,1,0,0,1,0,1,4,1,13,0,3,9,0,2,0,0,201000016529A01,7,0,1,200030195
201000016577,2010-04-26,2010,avril,lundi,08:15,06,06088,0,0,2,1,3,1,1,4,2,02,1,1,0,0,1,0,1,4,2,44,1,3,4,0,2,7,2,201000016577B01,7,20,1,200030195
201000016596,2010-04-30,2010,avril,vendredi,14:45,06,06088,0,0,2,1,6,1,1,4,2,02,1,1,0,0,1,0,1,1,1,52,5,3,9,0,1,1,1,201000016596A01,,,,200030195
201000016619,2010-05-07,2010,mai,vendredi,08:10,06,06088,0,0,2,1,6,1,1,4,2,04,1,1,0,0,1,0,1,1,1,20,0,2,9,0,1,1,1,201000016619A01,,,,200030195
201000016619,2010-05-07,2010,mai,vendredi,08:10,06,06088,0,0,2,1,6,1,1,4,2,04,1,1,0,0,1,0,1,4,2,49,1,3,9,0,1,1,1,201000016619A01,,,,200030195
201000016647,2010-05-18,2010,mai,mardi,10:20,06,06088,0,0,2,1,6,1,1,4,1,01,1,1,0,35,1,0,1,4,1,57,5,1,9,0,2,1,1,201000016647B01,7,22,1,200030195
201000016656,2010-05-21,2010,mai,vendredi,12:51,06,06088,0,0,2,1,6,1,1,4,1,02,1,1,0,95,1,0,1,1,1,39,5,2,2,0,1,1,1,201000016656A01,,,,200030195
201000016657,2010-05-21,2010,mai,vendredi,13:15,06,06088,0,0,2,2,6,1,1,4,2,02,1,1,0,0,1,4,1,4,1,26,0,3,9,0,2,9,1,201000016657C01,99 / 7,1,2,200030195
201000016673,2010-05-28,2010,mai,vendredi,18:35,06,06088,0,0,2,1,6,1,1,4,1,03,1,1,0,0,1,0,1,4,1,53,1,1,2,0,2,1,2,201000016673A01,99,16,1,200030195
201000016673,2010-05-28,2010,mai,vendredi,18:35,06,06088,0,0,2,1,6,1,1,4,1,03,1,1,0,0,1,0,1,1,1,23,1,3,9,0,0,0,13,201000016673C01,99,16,1,200030195
201000016677,2010-05-29,2010,mai,samedi,19:00,06,06088,0,0,2,1,6,1,1,4,1,02,1,1,0,0,1,0,1,4,2,43,0,3,9,0,2,1,1,201000016677B01,7,24,1,200030195
201000016719,2010-06-14,2010,juin,lundi,07:00,06,06088,0,0,2,1,6,1,1,4,2,04,2,1,0,0,1,0,1,1,1,37,4,1,2,0,1,1,1,201000016719A01,,,,200030195
201000016732,2010-06-17,2010,juin,jeudi,17:00,06,06088,0,0,2,1,6,1,1,4,2,05,1,1,0,0,1,0,1,4,2,28,5,1,2,0,2,7,15,201000016732A01,7,8,1,200030195
201000016733,2010-06-18,2010,juin,vendredi,17:55,06,06088,0,0,2,1,6,2,1,4,2,02,1,1,10,60,1,0,1,2,1,47,0,3,9,0,9,1,1,201000016733A01,,,,200030195
201000016757,2010-06-24,2010,juin,jeudi,10:25,06,06088,0,0,2,1,4,1,1,4,1,03,1,1,0,0,1,0,1,4,1,25,5,1,2,0,2,4,1,201000016757B01,7,16 / 14,2,200030195
201000016763,2010-06-26,2010,juin,samedi,18:45,06,06088,0,0,2,1,1,1,1,4,1,01,2,4,0,0,1,0,1,1,1,20,0,1,2,0,2,1,5,201000016763A01,32,1,1,200030195
201000016854,2010-07-21,2010,juillet,mercredi,16:20,06,06088,0,0,2,1,6,1,1,4,2,02,1,1,0,0,1,0,4,1,1,22,0,3,9,0,1,1,1,201000016854A01,,,,200030195
201000016856,2010-07-22,2010,juillet,jeudi,15:00,06,06088,0,0,2,1,3,1,1,4,1,03,1,1,17,112,1,0,1,4,1,39,5,3,9,0,2,8,0,201000016856A01,7,1,1,200030195
201000016876,2010-07-28,2010,juillet,mercredi,03:35,06,06088,0,0,2,1,1,5,1,4,1,01,2,1,0,0,1,0,1,3,1,15,5,3,9,0,2,1,5,201000016876A01,7,1,1,200030195
201000016891,2010-08-01,2010,août,dimanche,09:20,06,06088,0,0,2,1,1,1,1,9,2,02,1,2,0,0,1,0,1,4,2,79,0,1,9,0,2,1,1,201000016891A01,1,1,1,200030195
201000016891,2010-08-01,2010,août,dimanche,09:20,06,06088,0,0,2,1,1,1,1,9,2,02,1,2,0,0,1,0,1,4,2,34,5,1,9,0,2,1,1,201000016891B01,1,1,1,200030195
201000016895,2010-08-02,2010,août,lundi,10:00,06,06088,0,0,2,1,3,1,1,4,1,04,1,1,0,0,1,0,1,4,1,46,5,1,9,0,2,1,1,201000016895B01,14,15,1,200030195
201000016900,2010-08-03,2010,août,mardi,08:30,06,06088,0,0,2,1,3,1,1,4,2,02,1,1,0,90,1,0,0,3,1,70,5,3,2,0,2,0,1,201000016900B01,7,9,1,200030195
201000016934,2010-08-14,2010,août,samedi,01:45,06,06088,0,0,2,1,2,5,1,4,2,04,1,1,0,0,1,0,1,4,2,26,5,3,4,0,0,0,0,201000016934A01,7,23,1,200030195
201000016954,2010-08-25,2010,août,mercredi,16:30,06,06088,0,0,2,2,3,1,1,4,2,02,1,1,0,0,1,0,1,4,1,39,1,3,9,0,2,8,0,201000016954A01,7,1,1,200030195
201000017012,2010-09-14,2010,septembre,mardi,15:30,06,06088,0,0,2,2,3,1,1,4,1,01,1,1,0,78,1,0,1,4,2,32,0,1,9,0,2,8,1,201000017012B01,7,1,1,200030195
201000017023,2010-09-16,2010,septembre,jeudi,17:15,06,06088,0,0,2,1,3,1,1,4,3,03,1,1,0,72,1,0,1,4,1,14,2,1,9,0,1,0,5,201000017023A01,7,15,1,200030195
201000017046,2010-09-22,2010,septembre,mercredi,16:40,06,06088,0,0,1,1,3,1,1,4,1,02,1,1,0,0,1,0,1,3,2,62,5,3,9,0,2,3,1,201000017046B01,7,20,1,200030195
201000017048,2010-09-23,2010,septembre,jeudi,10:00,06,06088,0,0,2,3,3,1,1,4,1,01,3,1,0,0,1,0,1,4,1,17,5,3,9,0,2,1,16,201000017048A01,7,1,1,200030195
201000017052,2010-09-25,2010,septembre,samedi,17:40,06,06088,0,0,2,1,3,1,1,3,3,04,1,1,25,120,1,0,1,4,1,56,0,2,2,0,2,3,13,201000017052A01,7,1,1,200030195
201000017098,2010-10-05,2010,octobre,mardi,12:30,06,06088,0,0,2,1,3,1,1,4,2,06,1,1,0,0,1,0,1,4,1,51,1,1,9,0,2,7,1,201000017098B01,7,15,1,200030195
201000017117,2010-10-10,2010,octobre,dimanche,06:50,06,06088,0,0,2,2,3,5,1,4,1,01,1,1,0,0,1,0,1,4,1,26,5,3,9,0,2,9,1,201000017117B01,7,0,1,200030195
201000017137,2010-10-18,2010,octobre,lundi,15:10,06,06088,0,0,2,1,3,1,1,4,2,02,1,1,0,0,1,0,5,4,2,60,5,1,9,0,2,7,1,201000017137B01,31,9,1,200030195
201000017181,2010-11-04,2010,novembre,jeudi,11:50,06,06088,0,0,2,1,3,1,1,4,2,02,1,1,0,0,1,0,1,4,1,46,5,2,9,0,2,1,1,201000017181B01,7,15,1,200030195
201000017195,2010-11-11,2010,novembre,jeudi,14:20,06,06088,0,0,2,2,3,1,1,4,1,01,1,1,0,0,1,0,1,3,1,57,5,1,2,0,2,2,1,201000017195A01,7,1,1,200030195
201000017199,2010-11-12,2010,novembre,vendredi,18:00,06,06088,0,0,1,1,3,5,1,4,2,02,-1,1,0,0,1,0,1,3,1,25,0,3,9,0,2,1,1,201000017199A01,7,1,1,200030195
201000017260,2010-12-07,2010,décembre,mardi,16:30,06,06088,0,0,1,1,3,1,1,4,2,02,1,1,0,100,1,0,1,3,1,77,5,3,9,0,2,8,9,201000017260B01,33,1,1,200030195
201000017282,2010-12-13,2010,décembre,lundi,08:30,06,06088,0,0,2,3,3,1,1,4,1,01,1,1,0,55,1,0,1,4,1,72,0,1,9,0,2,1,1,201000017282B01,7,15,1,200030195
201000017305,2010-12-20,2010,décembre,lundi,10:30,06,06088,0,0,2,1,6,1,1,3,2,02,2,3,0,64,1,0,1,1,1,44,1,1,2,0,1,0,1,201000017305A01,,,,200030195
201000017306,2010-12-20,2010,décembre,lundi,12:00,06,06088,0,0,2,1,6,1,1,4,2,02,1,1,0,79,1,0,1,1,1,36,0,1,2,0,1,1,1,201000017306A01,,,,200030195
201000017342,2010-06-24,2010,juin,jeudi,18:30,58,58207,47.097,3.165,1,1,1,1,1,3,2,02,1,1,0,61,1,0,1,3,1,41,5,3,1,0,0,4,2,201000017342B02,7,2,1,245804406
201000017354,2010-04-16,2010,avril,vendredi,09:00,13,13025,43.4896,5.54566,1,1,2,1,7,3,2,00,-1,1,0,70,1,0,1,2,1,62,5,1,2,0,2,4,1,201000017354B02,7,1,1,200054807
201000017386,2010-07-05,2010,juillet,lundi,11:45,07,07010,0,0,2,1,1,1,1,4,2,02,2,1,0,68,1,0,1,3,1,67,5,1,2,0,2,1,1,201000017386B01,7,13,1,200072015
201000017410,2010-07-05,2010,juillet,lundi,18:00,07,07102,0,0,2,2,3,1,1,4,2,03,1,1,6,95,1,0,1,3,2,52,9,2,2,0,2,1,1,201000017410B01,7,16,1,200041366
201000017416,2010-07-24,2010,juillet,samedi,08:30,11,11202,42.854,3.045,2,1,1,1,6,9,2,00,1,1,0,0,1,0,1,4,1,69,5,3,1,0,0,4,1,201000017416B02,14,17,1,241100593
201000017444,2010-02-25,2010,février,jeudi,21:45,34,34123,43.61416,3.81558,2,1,3,5,1,3,2,02,2,1,0,59,1,5,1,3,1,38,0,3,8,0,2,1,15,201000017444B02,7,1,1,243400017
201000017448,2010-04-05,2010,avril,lundi,13:45,34,34202,43.57809,3.7604,1,1,2,1,1,3,2,00,1,1,0,0,1,0,5,4,1,55,5,3,8,0,0,4,1,201000017448B01,31,2,1,243400017
201000017456,2010-11-22,2010,novembre,lundi,08:30,34,34202,43.586,3.757,2,1,3,1,1,4,2,00,1,3,0,50,1,0,1,3,2,11,2,2,2,0,2,1,1,201000017456B02,7,19,1,243400017
201000017462,2010-06-21,2010,juin,lundi,17:45,35,35051,48.119,-1.633,2,6,3,1,1,4,3,00,1,-1,34,82,1,0,1,3,2,28,1,3,1,0,2,1,1,201000017462B02,7,16,1,243500139
201000017479,2010-09-18,2010,septembre,samedi,12:00,23,23257,45.936,2.052,1,1,1,1,1,4,2,01,2,4,0,24,1,0,1,3,1,6,5,1,2,0,2,1,13,201000017479B02,21,23,1,200044014
201000017522,2010-02-01,2010,février,lundi,16:30,69,69064,0,0,2,1,3,1,1,3,2,01,1,1,0,66,1,0,1,3,1,14,2,1,1,0,2,2,1,201000017522A01,38,2,1,200077014
201000017526,2010-08-22,2010,août,dimanche,06:10,69,69064,0,0,2,1,6,2,1,4,1,01,1,1,0,0,1,0,3,1,1,21,5,3,2,0,1,1,5,201000017526A01,,,,200077014
201000017526,2010-08-22,2010,août,dimanche,06:10,69,69064,0,0,2,1,6,2,1,4,1,01,1,1,0,0,1,0,3,3,1,69,0,3,8,0,1,1,5,201000017526A01,,,,200077014
201000017544,2010-09-16,2010,septembre,jeudi,09:15,37,37243,47.3456,0.53041,1,1,2,1,1,3,2,02,1,1,0,55,1,0,1,3,1,54,1,1,2,0,2,4,2,201000017544B02,7,2,1,243700754
201000017545,2010-10-12,2010,octobre,mardi,18:30,37,37050,0,0,2,3,6,1,1,4,1,00,1,1,0,0,1,6,1,3,2,10,5,3,1,0,2,8,15,201000017545B02,,,,243700754
201000017725,2010-05-16,2010,mai,dimanche,13:00,60,60173,0,0,1,1,5,1,1,3,2,00,2,3,0,51,1,0,3,4,2,31,5,1,2,0,2,8,24,201000017725C03,7,1,1,200068047
201000017725,2010-05-16,2010,mai,dimanche,13:00,60,60173,0,0,1,1,5,1,1,3,2,00,2,3,0,51,1,0,3,4,1,31,5,1,2,0,2,8,24,201000017725B02,7,1,1,200068047
201000017725,2010-05-16,2010,mai,dimanche,13:00,60,60173,0,0,1,1,5,1,1,3,2,00,2,3,0,51,1,0,3,3,2,3,5,1,2,0,2,8,24,201000017725B02,7,1,1,200068047
201000017725,2010-05-16,2010,mai,dimanche,13:00,60,60173,0,0,1,1,5,1,1,3,2,00,2,3,0,51,1,0,3,1,2,6,5,1,2,0,2,3,24,201000017725D04,7,1,1,200068047
201000017728,2010-06-23,2010,juin,mercredi,15:45,60,60074,0,0,2,3,3,1,1,3,-1,02,1,1,0,64,1,0,1,3,1,12,5,3,1,0,2,8,1,201000017728B02,14,1,1,200067973
201000017798,2010-04-28,2010,avril,mercredi,17:30,21,21408,47.3899,5.02658,1,1,2,1,1,3,2,02,1,3,0,80,1,0,1,3,1,46,5,1,2,0,0,4,17,201000017798B02,7,1,1,200039063
201000017803,2010-09-19,2010,septembre,dimanche,09:15,21,21003,47.3577,5.03382,1,6,3,1,1,3,1,01,1,2,0,0,1,5,1,3,1,47,5,3,1,0,2,4,1,201000017803B02,3,9,1,242100410
201000017805,2010-10-06,2010,octobre,mercredi,18:30,21,21408,47.4076,5.00378,1,1,1,1,1,3,2,02,1,-1,0,53,1,0,1,3,1,57,5,1,2,0,0,1,15,201000017805B02,7,15,1,200039063
201000017839,2010-10-29,2010,octobre,vendredi,15:30,68,68278,47.76748,7.39245,2,2,1,1,1,3,2,02,1,1,0,89,1,5,1,3,1,74,0,1,2,0,2,1,1,201000017839B02,7,15,1,200066009
201000017852,2010-08-29,2010,août,dimanche,18:00,53,53226,48.232,-0.944,1,1,7,1,1,3,2,02,2,3,0,50,1,0,1,3,1,83,5,1,2,0,9,0,1,201000017852A01,,,,245300355
201000017969,2010-06-26,2010,juin,samedi,10:30,37,37027,0,0,2,1,3,1,1,4,2,02,1,1,0,66,1,0,1,3,1,11,5,3,1,0,2,1,1,201000017969B02,7,15,1,243700820
201000017970,2010-07-07,2010,juillet,mercredi,19:00,37,37267,0,0,1,1,7,1,1,4,2,01,1,1,0,53,1,0,1,3,1,47,5,2,2,0,0,0,1,201000017970B02,,,,200073161
201000018065,2010-04-14,2010,avril,mercredi,16:57,08,08105,0,0,2,1,3,1,1,3,2,02,1,1,0,65,1,0,1,3,1,40,1,1,4,0,2,7,17,201000018065A01,7,13,1,200041630
201000018068,2010-03-24,2010,mars,mercredi,06:50,08,08105,0,0,2,1,3,2,1,4,2,04,1,1,0,128,1,0,1,3,1,53,1,1,2,0,2,1,15,201000018068A01,7,1,1,200041630
201000018097,2010-06-13,2010,juin,dimanche,09:45,13,13068,43.7176,4.78791,2,2,3,1,1,3,2,02,1,1,0,53,1,5,1,3,1,63,5,1,2,0,2,7,1,201000018097A01,7,1,1,241300375
201000018226,2010-04-27,2010,avril,mardi,12:45,38,38485,0,0,2,1,3,1,1,4,2,01,1,-1,0,0,1,5,1,4,1,55,5,3,1,0,2,1,19,201000018226A01,7,1,1,200040715
201000018379,2010-04-11,2010,avril,dimanche,10:45,66,66012,0,0,1,6,3,1,7,3,1,01,-1,2,0,0,1,5,1,3,1,63,5,2,2,0,0,7,0,201000018379B02,7,1,1,200027183
201000018389,2010-11-15,2010,novembre,lundi,18:00,74,74081,0,0,2,1,3,3,2,4,2,00,1,1,0,70,2,0,5,4,1,24,0,1,4,0,0,1,1,201000018389B02,7,16,1,200033116
201000018390,2010-10-28,2010,octobre,jeudi,19:00,74,74169,0,0,2,1,6,2,1,4,2,00,-1,2,0,0,1,0,4,4,1,60,5,1,2,0,2,1,0,201000018390B02,99,0,1,200033116
201000018432,2010-07-16,2010,juillet,vendredi,20:00,09,09122,0,0,2,1,1,1,1,4,2,02,1,2,0,55,1,0,1,4,1,9,5,3,9,0,2,1,13,201000018432A01,7,1,1,200067791
201000018448,2010-08-22,2010,août,dimanche,17:30,38,38253,45.041,6.13299,1,1,6,1,1,3,2,02,2,2,0,105,1,0,3,3,1,42,5,1,2,4,0,1,1,201000018448A01,,,,243800745
201000018488,2010-08-08,2010,août,dimanche,10:30,46,46227,44.3837,1.8318,1,1,3,1,1,3,2,02,-1,-1,0,0,1,0,1,3,1,35,5,1,2,0,2,0,0,201000018488B01,7,17,1,200069383
201000018526,2010-08-09,2010,août,lundi,18:15,38,38431,45.2606,5.84443,2,1,1,1,7,3,2,00,2,1,0,60,1,0,1,2,1,56,5,1,2,0,2,1,0,201000018526B02,7,13,1,200018166
201000018532,2010-11-30,2010,novembre,mardi,13:45,38,38397,0,0,2,1,3,1,1,2,2,02,1,1,24,64,1,0,1,3,1,17,3,2,4,0,2,8,19,201000018532B02,7,1,1,200018166