Num_Acc,date,an,mois,jour,hrmn,dep,com,lat,long,agg,int,col,lum,atm,catr,circ,nbv,prof,plan,lartpc,larrout,surf,infra,situ,grav,sexe,age,trajet,secuexist,equipement,obs,obsm,choc,manv,vehiculeid,typevehicules,manoeuvehicules,numVehicules,_infos_commune.code_epci
201000022573,2010-11-22,2010,novembre,lundi,21:00,13,13055,0,0,2,3,3,5,1,4,2,02,1,1,0,50,1,0,1,4,1,38,1,3,4,0,2,1,1,201000022573A01,7,15,1,200054807
201000022688,2010-11-29,2010,novembre,lundi,19:45,13,13055,0,0,2,1,6,5,1,4,2,02,2,1,0,60,1,0,1,4,1,14,0,2,4,0,2,1,1,201000022688B01,7,12,1,200054807
201000022745,2010-12-07,2010,décembre,mardi,07:20,13,13055,0,0,2,3,3,1,1,3,1,01,1,1,0,0,1,0,1,4,1,41,1,1,2,0,2,1,13,201000022745A01,7,15,1,200054807
201000022788,2010-01-07,2010,janvier,jeudi,08:15,13,13055,43.2722,5.39133,2,1,6,1,1,3,2,06,1,1,0,164,1,0,1,3,2,45,1,3,9,0,2,7,19,201000022788A01,7,1 / 23,2,200054807
201000022803,2010-01-18,2010,janvier,lundi,12:25,13,13211,0,0,2,6,2,1,1,4,2,02,1,1,40,159,1,0,0,4,1,63,5,2,9,0,2,4,1,201000022803B01,7,1,1,200054807
201000022843,2010-01-02,2010,janvier,samedi,10:20,13,13002,43.3415,5.47312,2,1,7,1,1,4,2,02,1,1,0,35,1,0,1,3,1,69,5,1,2,0,0,1,0,201000022843A01,,,,200054807
201000022865,2010-01-15,2010,janvier,vendredi,07:45,13,13039,0,0,2,2,3,2,1,4,-1,01,-1,-1,0,90,1,5,1,4,1,46,1,1,9,0,2,5,1,201000022865B01,7,0,1,200054807
201000022915,2010-06-06,2010,juin,dimanche,11:40,13,13026,0,0,2,1,3,1,1,4,1,02,1,1,0,0,1,0,1,4,1,30,9,3,9,1,0,1,14,201000022915A01,7,24,1,200054807
201000022918,2010-07-27,2010,juillet,mardi,07:20,13,13039,0,0,1,1,3,2,1,4,-1,01,1,2,0,0,1,5,1,3,1,76,3,3,9,0,2,0,9,201000022918A01,33,1,1,200054807
201000022952,2010-09-23,2010,septembre,jeudi,11:03,13,13056,0,0,2,1,3,1,1,4,3,02,2,1,0,0,1,0,1,4,1,69,5,1,2,0,2,8,1,201000022952B01,7,14,1,200054807
201000023020,2010-10-14,2010,octobre,jeudi,16:50,13,13103,43.6848,5.09389,2,1,3,1,1,3,3,02,1,-1,0,0,1,0,1,4,1,43,2,2,2,0,2,8,1,201000023020B01,7,1,1,200054807
201000023025,2010-01-05,2010,janvier,mardi,17:20,13,13108,43.7796,4.68126,1,2,3,3,2,3,2,02,1,1,0,40,2,0,0,2,1,49,1,1,4,0,2,8,15,201000023025B01,10,2,1,241300417
201000023041,2010-06-19,2010,juin,samedi,14:00,13,13108,0,0,1,1,3,1,1,3,2,02,1,3,0,63,1,0,1,4,1,71,5,3,9,0,2,8,15,201000023041B01,7,2,1,241300417
201000023129,2010-05-29,2010,mai,samedi,21:30,13,13117,0,0,2,1,2,5,1,4,1,01,1,1,0,0,1,0,1,1,1,13,5,1,9,0,2,4,13,201000023129B01,7,2,1,200054807
201000023277,2010-03-28,2010,mars,dimanche,10:15,78,78561,48.7286,2.00212,2,3,7,1,2,4,1,01,1,1,0,0,2,0,1,3,2,56,5,1,2,0,0,1,1,201000023277A01,,,,200033173
201000023327,2010-01-16,2010,janvier,samedi,17:40,14,14327,49.2049,-0.33471,2,3,3,2,8,4,2,02,1,1,0,70,2,0,1,4,1,39,5,1,1,0,2,1,15,201000023327A01,7,1,1,200065597
201000023372,2010-06-18,2010,juin,vendredi,15:45,14,14341,0,0,2,2,3,1,1,4,,,,,,,,,1,3,1,58,4,2,2,0,2,1,1,201000023372B01,7,1,1,200065597
201000023382,2010-07-23,2010,juillet,vendredi,18:45,14,14327,0,0,2,1,6,1,7,9,2,01,1,1,0,30,9,0,5,2,1,43,5,3,9,14,0,0,1,201000023382A01,,,,200065597
201000023385,2010-07-31,2010,juillet,samedi,10:10,14,14383,0,0,2,6,3,1,1,3,2,02,1,1,0,0,1,5,1,3,2,60,5,1,2,0,2,2,1,201000023385B01,7,9,1,200065597
201000023386,2010-08-18,2010,août,mercredi,14:40,14,14327,0,0,2,1,6,1,1,9,2,01,1,1,0,20,1,0,5,3,1,22,5,2,2,0,1,1,1,201000023386A01,,,,200065597
201000023396,2010-09-22,2010,septembre,mercredi,18:50,14,14118,0,0,2,6,3,1,1,4,-1,02,1,1,0,0,1,0,0,4,2,37,1,2,9,0,2,7,1,201000023396B01,7,1,1,200065597
201000023400,2010-10-11,2010,octobre,lundi,08:55,14,14118,0,0,2,3,3,1,1,4,2,05,2,1,0,0,1,5,1,3,1,16,2,2,2,0,2,1,1,201000023400B01,7,15,1,200065597
201000023403,2010-10-22,2010,octobre,vendredi,04:00,14,14118,0,0,2,1,6,5,1,4,2,02,2,1,0,0,1,0,1,4,1,21,1,1,4,0,2,8,1,201000023403A01,99,1,1,200065597
201000023419,2010-12-23,2010,décembre,jeudi,19:10,14,14118,0,0,2,1,3,5,1,4,1,02,1,3,0,70,1,0,1,4,1,48,1,3,9,0,2,1,1,201000023419B01,7,9,1,200065597
201000023443,2010-10-11,2010,octobre,lundi,18:00,30,30034,43.78143,4.55321,1,1,1,1,1,3,2,00,-1,1,0,80,1,0,1,4,1,31,3,3,1,0,2,8,1,201000023443B02,7,17,1,243000585
201000023448,2010-11-04,2010,novembre,jeudi,14:30,30,30356,44.01576,4.42498,1,1,2,1,1,3,2,02,1,2,0,71,1,0,3,2,2,84,5,2,2,0,2,4,23,201000023448B02,7,2,1,243000643
201000023536,2010-07-28,2010,juillet,mercredi,16:35,14,14220,0,0,2,2,6,1,1,9,1,01,1,1,0,0,1,0,4,1,1,13,5,3,9,0,1,0,15,201000023536A01,,,,241400415
201000023536,2010-07-28,2010,juillet,mercredi,16:35,14,14220,0,0,2,2,6,1,1,9,1,01,1,1,0,0,1,0,4,1,1,15,5,3,9,0,1,0,15,201000023536A01,,,,241400415
201000023536,2010-07-28,2010,juillet,mercredi,16:35,14,14220,0,0,2,2,6,1,1,9,1,01,1,1,0,0,1,0,4,1,1,15,5,3,9,0,1,0,15,201000023536A01,,,,241400415
201000023536,2010-07-28,2010,juillet,mercredi,16:35,14,14220,0,0,2,2,6,1,1,9,1,01,1,1,0,0,1,0,4,1,1,13,5,3,9,0,1,0,15,201000023536A01,,,,241400415
201000023536,2010-07-28,2010,juillet,mercredi,16:35,14,14220,0,0,2,2,6,1,1,9,1,01,1,1,0,0,1,0,4,1,1,15,5,3,9,0,1,0,15,201000023536A01,,,,241400415
201000023544,2010-10-10,2010,octobre,dimanche,15:25,14,14715,0,0,2,1,7,1,1,9,2,02,1,1,0,0,1,0,1,4,2,76,5,2,2,0,0,0,21,201000023544B01,7,24,1,241400415
201000023559,2010-06-29,2010,juin,mardi,17:45,14,14715,0,0,1,1,6,1,1,3,2,02,1,1,0,0,1,0,1,4,1,59,5,1,2,0,2,1,10,201000023559A01,7,1,1,241400415
201000023572,2010-12-06,2010,décembre,lundi,19:00,14,14220,0,0,2,1,2,5,1,9,2,02,1,1,0,0,1,0,1,4,1,20,5,1,2,0,2,1,1,201000023572B01,7,1,1,241400415
201000023579,2010-01-30,2010,janvier,samedi,10:00,13,13010,43.9026,4.75169,2,1,3,1,1,3,2,02,1,2,0,78,1,0,1,4,1,43,5,3,1,0,2,1,1,201000023579B02,7,15,1,200035087
201000023581,2010-02-24,2010,février,mercredi,16:15,13,13045,0,0,1,1,1,1,1,3,2,03,1,1,0,90,1,5,1,4,1,59,5,1,2,0,2,1,1,201000023581B02,7,15,1,200035087
201000023656,2010-04-14,2010,avril,mercredi,19:00,31,31341,43.705,1.319,1,1,2,1,1,3,2,02,1,1,0,0,1,0,1,3,2,35,5,2,4,0,0,0,15,201000023656A01,7,17,1,200071314
201000023666,2010-11-16,2010,novembre,mardi,15:30,31,31032,0,0,1,1,2,1,1,4,2,02,1,1,0,63,1,0,1,3,1,66,5,3,1,0,2,4,1,201000023666B02,7,1,1,243100518
201000023671,2010-09-22,2010,septembre,mercredi,16:30,25,25265,47.329,5.972,2,1,3,1,1,4,2,00,1,2,0,62,1,0,1,3,1,50,5,1,2,0,2,8,1,201000023671B02,7,17,1,242500361
201000023680,2010-07-04,2010,juillet,dimanche,20:00,95,95637,49.0308,2.0146,2,6,3,1,1,4,2,00,1,1,0,0,1,5,1,3,2,50,5,3,1,14,0,7,15,201000023680B02,7,1,1,249500109
201000023693,2010-09-13,2010,septembre,lundi,11:30,95,95134,49.1379,2.248,2,3,1,1,1,3,2,02,1,1,0,90,1,0,5,3,1,70,5,1,4,0,2,3,19,201000023693B02,10,16,1,249500489
201000023724,2010-05-04,2010,mai,mardi,17:30,35,35024,48.185,-1.638,2,6,1,1,1,4,1,00,1,-1,0,0,1,0,1,3,2,49,3,3,1,0,2,3,19,201000023724B02,7,12,1,243500139
201000023801,2010-10-07,2010,octobre,jeudi,16:20,16,16015,45.643,0.136,2,6,6,1,1,3,1,01,1,2,14,75,1,5,1,4,1,58,5,3,9,0,2,2,16,201000023801B01,10,1,1,200071827
201000023827,2010-11-24,2010,novembre,mercredi,13:35,16,16015,45.6515,0.1776,2,2,6,1,1,4,1,01,2,1,0,50,-1,0,1,3,1,55,2,1,2,0,9,1,16,201000023827B01,7,22,1,200071827
201000023870,2010-04-24,2010,avril,samedi,00:01,16,16102,45.6931,-0.3254,2,6,6,5,1,4,2,02,1,1,0,55,1,0,1,1,1,41,5,3,9,0,1,1,1,201000023870A01,,,,200070514
201000023873,2010-06-15,2010,juin,mardi,09:15,16,16102,45.6849,-0.3289,2,6,3,1,1,3,1,01,1,-1,100,80,1,5,1,4,2,22,1,3,9,0,2,1,1,201000023873B01,7,12,1,200070514
201000023878,2010-08-28,2010,août,samedi,18:30,16,16089,45.6819,-0.2928,2,6,4,1,1,3,1,02,1,3,400,80,1,5,1,3,1,59,5,3,2,0,2,4,16,201000023878A01,7,2 / 12,2,200070514
201000023889,2010-04-12,2010,avril,lundi,12:45,69,69100,0,0,1,6,6,1,1,3,2,02,1,3,0,0,1,5,1,1,1,24,5,1,2,0,2,5,1,201000023889B02,,,,200046977
201000023889,2010-04-12,2010,avril,lundi,12:45,69,69100,0,0,1,6,6,1,1,3,2,02,1,3,0,0,1,5,1,3,1,52,5,2,2,0,2,5,1,201000023889B02,,,,200046977
201000023902,2010-01-15,2010,janvier,vendredi,07:55,17,17299,0,0,2,1,2,5,1,4,2,02,2,1,0,59,1,0,1,3,2,51,1,1,4,0,2,4,1,201000023902B01,2,1,1,200041762
201000023905,2010-01-20,2010,janvier,mercredi,11:25,17,17449,0,0,1,6,3,1,1,3,2,02,1,1,0,90,2,5,1,3,2,60,5,3,9,0,2,1,1,201000023905B01,7,1,1,200041762
201000023912,2010-02-03,2010,février,mercredi,12:00,17,17299,0,0,2,1,2,1,1,4,2,02,1,1,0,70,1,0,1,4,1,50,4,1,4,0,2,4,1,201000023912B01,7,1,1,200041762
201000023915,2010-02-20,2010,février,samedi,09:55,17,17299,0,0,2,1,3,1,1,4,2,02,1,1,0,80,1,0,1,4,1,50,5,1,4,0,2,3,15,201000023915A01,33,17,1,200041762
201000023922,2010-03-07,2010,mars,dimanche,17:55,17,17449,0,0,2,3,3,1,1,4,2,02,1,1,0,50,1,5,1,4,1,15,5,1,4,0,2,1,1,201000023922A01,7,1,1,200041762
201000023937,2010-05-20,2010,mai,jeudi,10:30,17,17299,0,0,2,1,6,1,1,4,2,02,1,1,0,75,1,0,1,4,1,86,5,1,4,0,2,8,1,201000023937B01,7,14,1,200041762
201000023943,2010-06-06,2010,juin,dimanche,19:40,17,17299,0,0,2,1,6,1,1,4,2,02,2,1,0,90,1,0,1,4,2,37,0,3,9,1,0,1,1,201000023943A01,,,,200041762
201000023950,2010-06-29,2010,juin,mardi,11:40,17,17299,0,0,1,6,7,1,1,4,1,02,1,2,0,100,8,5,1,3,1,62,5,1,2,0,0,8,1,201000023950A01,,,,200041762
201000023953,2010-07-07,2010,juillet,mercredi,10:20,17,17299,0,0,2,3,3,1,1,4,2,02,1,1,0,105,1,5,1,4,2,59,5,1,2,0,2,1,1,201000023953B01,7,15,1,200041762
201000023961,2010-07-20,2010,juillet,mardi,19:35,17,17299,0,0,2,3,3,1,1,4,2,02,1,1,0,50,1,5,1,4,1,9,5,1,4,0,2,1,1,201000023961A01,7,1,1,200041762
201000023962,2010-07-20,2010,juillet,mardi,22:45,17,17299,0,0,2,6,3,5,1,4,1,01,1,2,0,68,1,5,1,4,2,17,5,2,4,0,2,1,1,201000023962A01,7,1,1,200041762
201000023971,2010-08-23,2010,août,lundi,11:20,17,17299,0,0,2,6,3,1,1,4,1,01,1,2,0,50,1,5,1,4,2,73,5,2,2,0,2,1,15,201000023971B01,7,17,1,200041762
201000023982,2010-09-21,2010,septembre,mardi,19:30,17,17299,0,0,2,6,3,1,1,4,2,02,1,1,0,80,1,5,1,4,1,30,5,3,9,0,2,5,1,201000023982B01,7,1,1,200041762
201000023987,2010-10-05,2010,octobre,mardi,11:15,17,17299,0,0,2,3,3,1,2,3,2,00,2,1,0,0,2,0,1,3,2,78,5,3,9,0,2,7,1,201000023987B01,7,22,1,200041762
201000024006,2010-11-30,2010,novembre,mardi,18:00,17,17299,0,0,2,1,3,5,1,4,2,02,1,1,0,43,1,0,1,4,2,16,5,2,2,1,0,1,0,201000024006A01,7,22,1,200041762
201000024044,2010-02-12,2010,février,vendredi,18:25,17,17300,0,0,2,1,6,5,1,4,-1,02,-1,-1,0,0,-1,0,1,4,1,34,0,3,2,0,2,0,0,201000024044A01,7,0,1,241700434
201000024046,2010-02-16,2010,février,mardi,07:27,17,17300,0,0,2,1,2,3,1,9,1,01,1,1,0,0,2,0,1,4,1,17,9,1,9,0,2,8,1,201000024046B01,7,17,1,241700434
201000024049,2010-02-18,2010,février,jeudi,06:45,17,17300,0,0,2,9,6,5,1,4,2,02,1,1,0,0,1,0,1,4,1,43,1,2,9,0,2,1,1,201000024049B01,7,1,1,241700434
201000024063,2010-03-11,2010,mars,jeudi,08:00,17,17300,0,0,2,1,6,1,1,4,1,01,1,1,0,0,1,0,5,4,2,14,0,2,9,0,1,0,1,201000024063A01,,,,241700434
201000024064,2010-03-11,2010,mars,jeudi,10:20,17,17274,0,0,2,1,6,1,1,4,2,02,-1,-1,0,0,-1,0,1,4,1,62,0,1,2,1,0,1,1,201000024064B01,7,24,1,241700434
201000024070,2010-03-19,2010,mars,vendredi,11:19,17,17300,0,0,2,1,6,1,1,4,1,02,1,1,0,0,1,0,1,3,2,24,5,1,9,0,2,1,1,201000024070B01,7,1,1,241700434
201000024071,2010-03-20,2010,mars,samedi,11:00,17,17300,0,0,2,6,6,1,1,4,2,02,-1,-1,0,0,-1,0,0,4,1,77,0,3,2,0,2,5,1,201000024071B01,7,9,1,241700434
201000024073,2010-03-22,2010,mars,lundi,18:11,17,17300,0,0,2,1,1,1,1,4,-1,02,1,1,0,0,1,0,5,4,1,13,0,3,9,0,2,1,1,201000024073A01,1,1,1,241700434
201000024073,2010-03-22,2010,mars,lundi,18:11,17,17300,0,0,2,1,1,1,1,4,-1,02,1,1,0,0,1,0,5,1,1,57,0,3,9,0,2,1,1,201000024073B01,1,1,1,241700434
201000024086,2010-04-09,2010,avril,vendredi,12:10,17,17300,0,0,2,1,6,1,1,4,1,01,-1,1,0,0,1,0,1,4,2,39,4,1,9,0,2,1,1,201000024086B01,7,22,1,241700434
201000024099,2010-04-23,2010,avril,vendredi,08:45,17,17300,0,0,2,1,7,1,1,4,-1,02,-1,-1,0,0,-1,0,0,4,2,14,2,3,2,16,0,0,0,201000024099A01,,,,241700434
201000024127,2010-05-16,2010,mai,dimanche,14:05,17,17300,0,0,2,1,7,1,1,4,2,02,-1,-1,0,0,-1,0,0,3,1,35,0,2,2,14,0,0,1,201000024127A01,,,,241700434
201000024128,2010-05-17,2010,mai,lundi,18:35,17,17300,0,0,2,1,6,1,1,4,2,02,1,1,0,0,-1,0,1,4,1,19,9,1,9,0,0,0,0,201000024128A01,,,,241700434
201000024138,2010-05-26,2010,mai,mercredi,18:25,17,17300,0,0,2,2,3,1,8,4,2,02,1,1,0,0,2,0,1,3,2,21,2,1,9,0,2,8,15,201000024138B01,7,1,1,241700434
201000024139,2010-05-26,2010,mai,mercredi,20:05,17,17300,0,0,2,1,7,1,1,4,2,02,-1,-1,0,0,-1,0,1,4,2,61,5,1,2,1,0,1,21,201000024139B01,7,22,1,241700434
201000024143,2010-06-01,2010,juin,mardi,13:45,17,17300,0,0,2,1,3,1,1,4,2,02,-1,-1,0,0,-1,0,1,4,1,18,0,2,2,0,2,1,1,201000024143B01,7,1,1,241700434
201000024151,2010-06-06,2010,juin,dimanche,20:10,17,17300,0,0,2,1,7,1,1,4,2,02,1,1,0,0,1,0,1,3,1,40,0,2,9,0,0,0,0,201000024151A01,,,,241700434
201000024152,2010-06-08,2010,juin,mardi,18:30,17,17300,0,0,2,2,3,1,1,4,2,02,-1,-1,0,0,-1,0,1,4,1,23,0,3,2,0,2,0,0,201000024152B01,7,0,1,241700434
201000024161,2010-06-16,2010,juin,mercredi,10:15,17,17028,0,0,2,1,6,1,1,4,2,02,1,1,0,0,1,0,1,3,2,56,9,1,9,0,4,3,1,201000024161B01,7,17,1,241700434
201000024162,2010-06-18,2010,juin,vendredi,17:20,17,17291,0,0,2,2,3,1,8,4,-1,02,-1,-1,0,0,2,0,1,4,1,29,0,3,2,0,2,0,13,201000024162B01,7,15,1,241700434
201000024166,2010-06-22,2010,juin,mardi,03:50,17,17028,0,0,2,1,2,5,1,4,2,02,1,1,0,0,1,0,1,3,1,25,1,1,2,0,2,4,1,201000024166B01,7,1,1,241700434
201000024167,2010-06-22,2010,juin,mardi,03:50,17,17028,0,0,2,1,2,5,1,4,2,02,-1,-1,0,0,-1,0,1,3,1,20,5,1,2,0,2,1,1,201000024167B01,7,1,1,241700434
201000024170,2010-06-26,2010,juin,samedi,04:50,17,17300,0,0,2,1,7,5,1,4,1,01,1,1,0,0,1,0,1,4,1,25,0,1,9,16,0,7,0,201000024170A01,,,,241700434
201000024173,2010-06-30,2010,juin,mercredi,11:40,17,17300,0,0,2,1,2,1,1,4,2,02,1,1,0,0,1,0,1,4,1,15,9,1,9,0,2,1,1,201000024173A01,7,1,1,241700434
201000024178,2010-07-07,2010,juillet,mercredi,10:30,17,17300,0,0,2,1,6,1,1,4,2,02,1,1,0,0,2,0,1,4,1,31,0,1,9,0,0,9,0,201000024178A01,,,,241700434
201000024182,2010-07-10,2010,juillet,samedi,19:45,17,17300,0,0,2,1,6,1,1,4,2,02,1,1,0,0,1,0,1,4,1,15,0,1,9,14,0,1,1,201000024182A01,,,,241700434
201000024185,2010-07-13,2010,juillet,mardi,08:15,17,17300,0,0,2,1,6,1,1,4,2,02,-1,-1,0,0,-1,0,1,4,2,17,0,3,2,0,2,0,0,201000024185B01,7,0,1,241700434
201000024190,2010-07-20,2010,juillet,mardi,20:16,17,17300,0,0,2,1,6,1,1,4,2,02,1,1,0,0,1,0,1,4,2,10,0,1,9,0,2,1,1,201000024190B01,7,17,1,241700434
201000024206,2010-08-04,2010,août,mercredi,15:50,17,17300,0,0,2,9,6,1,1,4,2,02,1,1,0,0,1,0,1,4,2,16,5,1,2,0,2,0,1,201000024206A01,33,1,1,241700434
201000024208,2010-08-05,2010,août,jeudi,17:15,17,17300,0,0,2,1,6,1,1,4,2,02,1,1,0,0,-1,0,1,1,1,74,0,1,9,0,2,8,1,201000024208A01,1,17,1,241700434
201000024208,2010-08-05,2010,août,jeudi,17:15,17,17300,0,0,2,1,6,1,1,4,2,02,1,1,0,0,-1,0,1,4,1,49,9,1,9,0,2,5,17,201000024208B01,1,1,1,241700434
201000024211,2010-08-06,2010,août,vendredi,10:24,17,17300,0,0,2,1,2,1,1,4,2,02,1,1,0,0,1,0,1,4,2,31,0,1,9,0,2,2,0,201000024211B01,7,17,1,241700434
201000024222,2010-08-20,2010,août,vendredi,14:18,17,17300,0,0,2,1,2,1,1,4,1,02,-1,-1,0,0,-1,0,1,4,2,48,0,2,2,0,2,1,1,201000024222B01,7,1,1,241700434
201000024235,2010-08-31,2010,août,mardi,16:22,17,17300,0,0,2,1,6,1,1,4,2,02,1,1,0,0,1,0,1,4,1,16,5,2,2,0,2,8,13,201000024235A01,7,1,1,241700434
201000024241,2010-09-13,2010,septembre,lundi,10:35,17,17300,0,0,2,1,1,1,2,4,2,00,-1,1,0,0,-1,0,0,4,2,21,2,3,9,0,2,1,1,201000024241B01,7,21,1,241700434
201000024242,2010-09-08,2010,septembre,mercredi,09:20,17,17300,0,0,2,1,2,1,1,4,2,02,1,1,0,0,1,0,1,4,2,69,9,1,9,0,2,1,1,201000024242B01,7,15,1,241700434
201000024245,2010-09-11,2010,septembre,samedi,12:30,17,17200,0,0,2,1,2,1,1,4,2,02,1,1,0,0,2,0,1,4,1,51,0,1,9,0,2,8,1,201000024245B01,7,17,1,241700434
201000024249,2010-09-14,2010,septembre,mardi,18:55,17,17300,0,0,2,2,6,1,1,4,-1,01,1,-1,0,0,1,0,1,1,2,18,5,3,9,0,1,1,1,201000024249A01,,,,241700434
201000024250,2010-09-15,2010,septembre,mercredi,16:40,17,17300,0,0,2,1,1,1,1,4,1,01,1,1,0,0,1,0,1,3,1,12,5,2,9,0,2,1,5,201000024250A01,7,1,1,241700434
201000024252,2010-09-16,2010,septembre,jeudi,10:58,17,17300,0,0,2,9,3,1,1,4,2,02,4,1,0,0,1,0,5,3,2,62,1,2,2,0,2,0,1,201000024252B01,7,9,1,241700434
201000024255,2010-09-21,2010,septembre,mardi,13:50,17,17300,0,0,2,1,3,1,1,4,-1,01,1,1,0,0,1,0,1,4,1,14,0,2,9,0,2,1,9,201000024255B01,7,1,1,241700434
201000024261,2010-09-27,2010,septembre,lundi,09:35,17,17300,0,0,2,6,6,1,1,4,2,02,-1,-1,0,0,-1,0,0,4,2,41,0,3,9,0,2,7,1,201000024261B01,7,9,1,241700434
201000024265,2010-10-02,2010,octobre,samedi,14:32,17,17274,0,0,2,6,3,1,1,3,2,02,-1,-1,0,0,-1,0,1,3,1,72,0,3,2,0,2,1,1,201000024265B01,7,9,1,241700434
201000024274,2010-10-13,2010,octobre,mercredi,07:45,17,17300,0,0,2,1,6,5,1,4,2,02,1,1,0,0,1,0,1,4,2,14,5,1,9,0,2,7,15,201000024274A01,7,1,1,241700434
201000024277,2010-10-16,2010,octobre,samedi,10:20,17,17291,0,0,2,1,2,1,1,4,2,02,1,1,0,0,1,0,1,4,2,75,9,1,9,0,2,4,1,201000024277A01,2,1,1,241700434
201000024278,2010-10-19,2010,octobre,mardi,09:40,17,17300,0,0,2,1,7,1,1,4,-1,01,1,1,0,0,1,0,1,4,2,43,4,3,9,0,0,0,0,201000024278A01,,,,241700434
201000024286,2010-10-26,2010,octobre,mardi,15:45,17,17200,0,0,2,1,2,1,1,4,1,02,-1,-1,0,0,-1,0,0,4,1,81,0,3,2,0,2,4,1,201000024286B01,7,9,1,241700434
201000024291,2010-11-03,2010,novembre,mercredi,07:30,17,17300,0,0,2,1,7,2,2,4,2,02,-1,-1,0,0,-1,0,0,3,1,78,5,3,2,0,0,0,0,201000024291A01,,,,241700434
201000024304,2010-11-15,2010,novembre,lundi,16:25,17,17300,0,0,2,6,1,1,1,4,-1,00,1,-1,0,0,1,0,1,4,1,53,1,1,9,0,2,0,0,201000024304B01,7,0,1,241700434
201000024306,2010-11-15,2010,novembre,lundi,20:15,17,17300,0,0,2,1,6,3,1,4,2,02,1,1,0,0,1,0,1,4,1,21,0,2,4,0,0,0,1,201000024306B01,7,15,1,241700434
201000024307,2010-11-18,2010,novembre,jeudi,10:05,17,17300,0,0,2,1,2,1,1,4,2,02,1,1,0,0,1,0,1,4,1,22,0,1,9,0,2,1,1,201000024307B01,7,23,1,241700434
201000024311,2010-11-19,2010,novembre,vendredi,17:00,17,17300,0,0,2,2,3,2,1,4,1,01,1,1,0,0,1,5,1,4,2,16,0,3,4,0,2,0,1,201000024311B01,7,1,1,241700434
201000024323,2010-11-30,2010,novembre,mardi,16:12,17,17300,0,0,2,1,3,1,1,4,-1,02,-1,-1,0,0,-1,0,1,4,2,19,0,3,4,0,2,3,11,201000024323B01,7,1,1,241700434
201000024328,2010-12-09,2010,décembre,jeudi,10:09,17,17300,0,0,2,6,3,1,1,4,2,02,1,-1,0,0,1,0,5,4,1,54,0,2,9,0,2,8,1,201000024328B01,7,16,1,241700434
201000024351,2010-02-16,2010,février,mardi,17:35,17,17306,0,0,2,1,6,1,1,4,2,02,3,1,0,0,1,0,1,4,1,20,5,1,2,0,2,1,1,201000024351C01,7,1,1,241700640
201000024351,2010-02-16,2010,février,mardi,17:35,17,17306,0,0,2,1,6,1,1,4,2,02,3,1,0,0,1,0,1,4,1,33,5,1,2,0,2,1,1,201000024351B01,7,1,1,241700640
201000024371,2010-04-16,2010,avril,vendredi,15:55,17,17306,0,0,2,2,3,1,1,4,2,02,1,1,0,0,1,0,1,4,1,39,5,3,2,0,2,1,1,201000024371B01,7,0,1,241700640
201000024392,2010-06-20,2010,juin,dimanche,17:15,17,17333,0,0,2,1,2,1,1,4,2,02,1,1,0,0,1,0,1,4,2,22,5,3,9,0,2,4,16,201000024392A01,33,1,1,241700640
201000024406,2010-07-14,2010,juillet,mercredi,19:25,17,17461,0,0,2,1,3,1,1,4,-1,02,-1,-1,0,0,-1,0,1,4,1,16,0,3,2,0,2,8,0,201000024406B01,7,0,1,241700640
201000024409,2010-07-17,2010,juillet,samedi,12:15,17,17306,0,0,2,1,2,1,1,4,-1,02,-1,-1,0,0,-1,0,0,4,1,57,9,3,9,0,2,4,0,201000024409B01,7,0,1,241700640
201000024422,2010-07-29,2010,juillet,jeudi,10:56,17,17333,0,0,2,1,2,1,1,4,2,02,1,1,0,0,1,0,1,4,1,64,0,3,2,0,2,4,1,201000024422A01,1,1,1,241700640
201000024422,2010-07-29,2010,juillet,jeudi,10:56,17,17333,0,0,2,1,2,1,1,4,2,02,1,1,0,0,1,0,1,4,1,12,5,3,2,0,2,1,1,201000024422B01,1,1,1,241700640
201000024430,2010-08-10,2010,août,mardi,12:34,17,17306,0,0,2,1,7,1,1,4,2,02,1,3,0,0,1,0,1,3,1,76,5,1,2,0,0,0,1,201000024430A01,,,,241700640
201000024433,2010-08-13,2010,août,vendredi,11:10,17,17306,0,0,2,1,2,1,1,4,2,02,1,1,0,0,1,0,1,4,1,16,5,3,2,0,2,1,1,201000024433B01,7,22,1,241700640
201000024455,2010-10-04,2010,octobre,lundi,09:39,17,17306,0,0,2,1,7,2,3,4,2,02,2,1,0,0,1,0,1,3,2,16,2,2,2,0,0,1,1,201000024455A01,,,,241700640
201000024457,2010-10-12,2010,octobre,mardi,19:50,17,17306,0,0,2,1,3,2,1,4,-1,02,-1,-1,0,0,-1,0,1,4,2,45,9,3,2,0,2,1,0,201000024457B01,7,0,1,241700640
201000024471,2010-12-30,2010,décembre,jeudi,15:00,17,17306,0,0,2,6,6,1,1,4,-1,02,1,-1,0,0,1,0,1,3,1,58,9,3,2,0,2,1,0,201000024471A01,7,1,1,241700640
201000024506,2010-04-27,2010,avril,mardi,07:25,17,17415,0,0,1,1,6,1,1,4,1,02,-1,-1,0,50,1,0,1,4,1,59,0,3,9,0,0,7,0,201000024506B01,7,0,1,200036473
201000024532,2010-07-10,2010,juillet,samedi,11:40,17,17415,0,0,1,1,6,1,1,4,2,02,-1,-1,0,40,1,0,1,4,1,70,0,1,4,0,2,2,2,201000024532B01,3,2,1,200036473
201000024534,2010-08-01,2010,août,dimanche,19:00,17,17415,0,0,2,1,2,1,1,4,2,02,-1,-1,0,60,1,0,1,4,1,71,0,3,9,0,2,1,2,201000024534A01,7,2,1,200036473
201000024535,2010-08-10,2010,août,mardi,11:40,17,17415,0,0,2,1,6,1,1,4,2,02,-1,-1,0,60,1,0,1,4,2,62,5,1,4,0,0,8,1,201000024535B01,7,14,1,200036473