Num_Acc,date,an,mois,jour,hrmn,dep,com,lat,long,agg,int,col,lum,atm,catr,circ,nbv,prof,plan,lartpc,larrout,surf,infra,situ,grav,sexe,age,trajet,secuexist,equipement,obs,obsm,choc,manv,vehiculeid,typevehicules,manoeuvehicules,numVehicules,_infos_commune.code_epci
201000024537,2010-08-15,2010,août,dimanche,13:00,17,17415,0,0,2,1,2,1,1,4,2,02,1,1,0,50,1,0,1,4,1,57,9,3,9,0,2,1,2,201000024537A01,7,2,1,200036473
201000024548,2010-10-06,2010,octobre,mercredi,07:55,17,17415,0,0,2,1,6,1,1,4,-1,02,-1,-1,0,40,1,0,1,4,1,18,2,1,4,0,2,1,0,201000024548B01,7,0,1,200036473
201000024604,2010-09-01,2010,septembre,mercredi,15:15,30,30302,44.06269,4.64231,2,1,3,1,1,4,2,00,1,1,0,62,1,0,1,2,1,11,5,2,2,0,2,1,19,201000024604B02,7,1,1,200034692
201000024608,2010-11-03,2010,novembre,mercredi,16:45,30,30081,44.14824,4.68987,1,1,3,1,1,3,-1,02,2,1,0,0,1,0,1,3,1,51,1,1,2,0,2,6,15,201000024608B02,33,17,1,200034692
201000024635,2010-09-15,2010,septembre,mercredi,08:30,83,83132,0,0,2,1,3,1,1,3,2,02,1,1,0,120,1,0,1,3,1,65,5,1,2,0,2,8,15,201000024635A01,7,2,1,248300410
201000024715,2010-07-02,2010,juillet,vendredi,21:10,18,18267,47.0256,2.3903,1,1,2,1,1,3,2,02,2,1,0,79,1,0,1,2,1,38,5,1,2,7,2,4,1,201000024715B01,15,1,1,241800507
201000024740,2010-08-12,2010,août,jeudi,17:50,18,18205,47.1061,2.35681,2,1,3,1,1,3,2,02,2,1,0,60,1,0,1,4,2,26,5,2,2,0,2,1,1,201000024740B01,10,20,1,241800507
201000024748,2010-08-31,2010,août,mardi,07:45,18,18255,47.033,2.31415,1,1,3,1,1,4,-1,02,1,1,0,60,1,0,3,4,1,37,1,1,2,0,2,8,2,201000024748B01,7,2,1,241800507
201000024768,2010-10-01,2010,octobre,vendredi,12:05,18,18033,47.0952,2.4234,2,3,2,1,1,4,1,02,2,3,0,70,1,2,1,4,2,76,5,3,9,0,2,4,12,201000024768B01,7,1,1,241800507
201000024788,2010-11-03,2010,novembre,mercredi,17:10,18,18033,47.0713,2.38837,2,2,3,1,1,4,2,00,1,1,0,0,1,0,0,4,1,12,0,3,9,0,2,8,11,201000024788A01,7,11,1,241800507
201000024813,2010-12-30,2010,décembre,jeudi,13:30,18,18033,47.0791,2.39862,2,1,3,1,1,6,-1,00,1,-1,0,0,1,0,1,4,1,80,5,2,2,0,2,1,1,201000024813A01,7,1,1,241800507
201000024825,2010-09-20,2010,septembre,lundi,12:30,83,83091,0,0,2,1,1,1,1,4,2,00,-1,-1,0,0,1,0,1,3,1,43,5,1,9,0,2,1,1,201000024825B02,10,16,1,200027100
201000024948,2010-01-13,2010,janvier,mercredi,18:25,18,18279,47.2276,2.07611,2,1,1,5,1,4,2,02,2,1,0,60,1,0,1,4,1,33,9,3,9,0,2,1,1,201000024948B01,7,15,1,200090561
201000024956,2010-04-02,2010,avril,vendredi,13:45,18,18279,47.2214,2.06772,2,3,3,1,2,4,2,02,1,1,0,60,2,0,1,3,2,54,0,3,9,0,0,8,15,201000024956B01,2,17,1,200090561
201000024999,2010-10-08,2010,octobre,vendredi,15:30,18,18279,47.2213,2.06507,2,1,6,1,1,4,2,02,2,1,0,56,1,0,1,4,1,20,5,2,2,0,2,1,1,201000024999B01,7,15,1,200090561
201000025017,2010-05-17,2010,mai,lundi,19:15,72,72008,0,0,2,1,1,1,1,9,2,00,1,1,0,0,1,0,1,3,1,45,9,1,9,0,2,8,11,201000025017B02,7,1,1,247200132
201000025039,2010-05-11,2010,mai,mardi,11:45,83,83019,0,0,1,6,1,1,1,3,2,02,1,-1,0,0,1,5,0,3,2,56,5,1,2,0,2,7,1,201000025039B02,15,17,1,200027100
201000025043,2010-06-19,2010,juin,samedi,08:15,83,83019,0,0,2,1,3,1,1,4,2,00,1,1,0,0,1,0,0,4,1,55,0,1,2,0,2,0,2,201000025043B02,7,16,1,200027100
201000025053,2010-09-13,2010,septembre,lundi,08:45,83,83019,0,0,2,1,1,2,7,3,-1,02,2,1,0,0,1,0,1,3,1,36,1,3,8,0,2,9,1,201000025053B02,7,15,1,200027100
201000025064,2010-01-08,2010,janvier,vendredi,07:55,19,19031,45.14676,1.48262,2,6,2,2,1,3,2,03,1,1,0,0,1,0,1,3,1,50,1,2,2,0,2,4,1,201000025064B01,7,9,1,200043172
201000025069,2010-01-20,2010,janvier,mercredi,20:15,19,19031,45.16068,1.52317,2,2,3,5,2,4,2,03,1,1,0,0,2,0,1,4,1,15,5,2,4,0,2,1,1,201000025069A01,7,1,1,200043172
201000025077,2010-01-29,2010,janvier,vendredi,17:35,19,19031,45.16464,1.49768,2,3,3,2,2,3,2,02,1,1,0,0,2,0,1,4,1,35,0,1,4,0,2,1,1,201000025077B01,7,9,1,200043172
201000025115,2010-04-08,2010,avril,jeudi,11:20,19,19031,45.15929,1.53061,2,2,6,1,1,4,2,02,1,1,0,62,1,5,1,4,1,79,5,3,2,0,2,1,1,201000025115A01,7,16,1,200043172
201000025116,2010-04-21,2010,avril,mercredi,19:10,19,19031,45.1603,1.53187,2,1,2,1,1,4,1,03,1,1,0,0,1,0,1,3,2,63,0,2,2,0,2,7,1,201000025116B01,7,4,1,200043172
201000025121,2010-04-28,2010,avril,mercredi,19:10,19,19031,45.15797,1.55525,2,1,2,1,1,4,2,02,1,1,0,0,1,0,1,4,1,13,5,3,2,0,2,1,2,201000025121A01,7,23,1,200043172
201000025160,2010-08-14,2010,août,samedi,12:45,19,19031,45.15892,1.51133,2,6,3,1,1,4,2,02,1,2,0,0,1,0,1,4,2,25,5,3,2,0,2,1,1,201000025160B01,7,17,1,200043172
201000025185,2010-10-14,2010,octobre,jeudi,07:35,19,19031,45.1607,1.52269,2,3,3,2,1,4,2,00,1,1,0,0,1,0,1,4,2,42,1,1,2,0,2,0,1,201000025185B01,7,12,1,200043172
201000025205,2010-11-22,2010,novembre,lundi,07:40,19,19031,45.15044,1.53703,2,3,3,2,2,4,2,02,1,1,0,0,2,0,1,4,2,16,0,3,9,0,2,1,9,201000025205B01,7,1,1,200043172
201000025234,2010-05-25,2010,mai,mardi,13:00,19,19275,45.54202,2.30779,2,1,1,1,1,4,2,02,2,1,0,74,1,0,1,4,1,12,5,3,9,0,2,4,0,201000025234A01,7,1,1,200066744
201000025246,2010-07-02,2010,juillet,vendredi,07:45,68,68300,47.77975,7.36491,2,6,3,1,1,3,2,02,1,1,63,77,1,5,5,3,2,53,1,1,9,0,2,1,1,201000025246A01,7,9,1,200066009
201000025253,2010-01-14,2010,janvier,jeudi,12:20,21,21054,47.0242,4.82904,2,1,3,1,8,3,2,02,1,1,0,0,1,0,1,3,1,15,2,2,2,0,2,1,9,201000025253A01,7,2,1,200006682
201000025266,2010-06-27,2010,juin,dimanche,11:25,21,21054,47.0221,4.83004,2,3,3,1,1,4,2,02,1,1,0,0,1,5,1,4,1,83,5,2,2,0,2,7,1,201000025266A01,7,16,1,200006682
201000025270,2010-09-07,2010,septembre,mardi,18:24,21,21054,47.0209,4.84595,2,3,1,1,1,4,1,01,1,1,0,0,1,0,0,4,1,37,5,3,9,0,2,1,5,201000025270A01,7,16,1,200006682
201000025271,2010-09-10,2010,septembre,vendredi,08:53,21,21054,0,0,2,1,2,1,1,3,2,02,1,1,0,0,1,0,1,4,1,22,0,3,9,0,2,1,1,201000025271A01,7,16,1,200006682
201000025283,2010-01-08,2010,janvier,vendredi,12:24,21,21231,47.3157,5.02787,2,1,2,1,8,3,3,03,1,1,20,85,1,0,1,4,2,33,2,1,2,0,2,1,1,201000025283B01,10,22,1,242100410
201000025284,2010-01-08,2010,janvier,vendredi,12:37,21,21231,47.3169,5.03944,2,5,2,1,8,4,1,02,1,1,0,84,1,5,1,4,1,33,1,2,2,0,2,3,1,201000025284A01,7,16,1,242100410
201000025287,2010-01-14,2010,janvier,jeudi,08:00,21,21231,47.302,5.01858,2,1,1,1,5,4,2,02,1,1,0,70,2,0,1,4,1,47,1,2,2,0,2,3,1,201000025287B01,7,15,1,242100410
201000025320,2010-02-19,2010,février,vendredi,09:43,21,21166,47.2924,5.00932,2,1,2,1,1,4,2,02,1,1,0,90,1,0,1,4,1,16,5,2,2,0,2,1,1,201000025320B01,7,2,1,242100410
201000025341,2010-03-13,2010,mars,samedi,12:19,21,21231,47.3245,5.04231,2,1,2,1,1,4,2,02,1,1,0,94,1,0,1,3,1,27,1,2,2,0,2,1,2,201000025341A01,10,23,1,242100410
201000025360,2010-03-30,2010,mars,mardi,14:16,21,21231,47.3203,5.0337,2,1,6,1,2,4,1,01,1,1,0,48,2,0,1,1,1,21,5,2,2,0,1,1,1,201000025360A01,,,,242100410
201000025363,2010-04-01,2010,avril,jeudi,10:01,21,21231,47.3133,5.05331,2,2,3,1,1,4,2,02,1,1,0,60,1,0,0,4,2,61,3,2,2,0,2,3,23,201000025363B01,10,15,1,242100410
201000025369,2010-04-06,2010,avril,mardi,15:31,21,21231,47.3218,5.03955,2,1,6,1,1,4,1,01,1,1,0,60,1,0,1,1,1,31,5,2,2,0,1,1,1,201000025369A01,,,,242100410
201000025371,2010-04-15,2010,avril,jeudi,17:06,21,21278,47.3557,5.03476,2,6,2,1,1,4,1,00,1,2,0,0,1,5,1,1,2,28,5,1,2,0,2,3,1,201000025371A01,2,16,1,242100410
201000025372,2010-04-15,2010,avril,jeudi,22:15,21,21231,47.342,5.04466,2,3,3,5,1,3,2,02,1,-1,0,100,1,5,1,1,1,9,5,2,2,0,2,1,16,201000025372A01,7,1,1,242100410
201000025372,2010-04-15,2010,avril,jeudi,22:15,21,21231,47.342,5.04466,2,3,3,5,1,3,2,02,1,-1,0,100,1,5,1,4,1,16,5,2,2,0,2,1,16,201000025372A01,7,1,1,242100410
201000025373,2010-04-16,2010,avril,vendredi,14:15,21,21231,47.3059,5.0467,2,3,1,1,1,4,-1,00,1,1,0,0,1,0,0,4,1,16,5,2,2,0,2,2,0,201000025373A01,7,1,1,242100410
201000025376,2010-04-27,2010,avril,mardi,07:49,21,21231,47.3089,5.03773,2,2,2,1,1,4,2,05,1,1,0,162,1,5,1,4,1,15,2,2,2,0,2,2,1,201000025376B01,15,16,1,242100410
201000025377,2010-04-27,2010,avril,mardi,08:06,21,21231,47.3187,5.05154,2,2,2,1,1,4,3,05,1,1,20,160,1,5,5,4,1,56,1,1,2,0,2,3,18,201000025377A01,7,16,1,242100410
201000025414,2010-05-29,2010,mai,samedi,12:09,21,21231,47.3439,5.0487,2,3,3,1,1,4,2,01,1,2,0,50,1,5,5,4,1,46,4,3,9,0,2,4,1,201000025414B01,7,15,1,242100410
201000025420,2010-06-05,2010,juin,samedi,13:53,21,21231,0,0,2,1,6,1,1,4,2,02,1,1,0,0,1,0,1,3,1,13,5,3,9,0,2,1,19,201000025420B01,7,1,1,242100410
201000025440,2010-06-29,2010,juin,mardi,15:31,21,21231,47.3265,5.03806,2,7,3,1,1,4,-1,00,-1,-1,0,0,-1,0,0,4,1,14,5,2,2,0,2,1,19,201000025440B01,7,1,1,242100410
201000025464,2010-07-30,2010,juillet,vendredi,13:45,21,21231,47.3089,5.03773,2,2,3,1,1,4,2,03,1,1,0,104,1,5,1,4,2,38,5,2,2,0,2,3,1,201000025464B01,7,16,1,242100410
201000025475,2010-08-30,2010,août,lundi,17:29,21,21231,47.3219,5.04354,2,2,3,1,1,4,1,01,1,1,0,42,1,0,1,4,1,51,5,2,2,0,2,2,1,201000025475A01,7,1,1,242100410
201000025483,2010-09-06,2010,septembre,lundi,16:22,21,21231,47.3216,5.05447,2,3,3,1,1,4,2,02,1,1,0,82,1,0,1,4,1,53,1,2,2,0,2,1,1,201000025483B01,7,15,1,242100410
201000025486,2010-09-10,2010,septembre,vendredi,12:23,21,21231,47.336,5.04922,2,6,3,1,1,4,2,02,1,1,0,80,1,0,1,3,1,42,1,2,2,0,2,2,15,201000025486B01,7,16,1,242100410
201000025493,2010-09-20,2010,septembre,lundi,19:12,21,21231,47.3134,5.05451,2,3,6,2,1,4,2,02,2,1,0,86,1,0,4,1,1,20,5,3,2,0,1,2,1,201000025493A01,,,,242100410
201000025506,2010-10-07,2010,octobre,jeudi,14:25,21,21231,47.3368,5.05613,2,7,3,1,1,4,2,02,1,1,0,0,1,0,0,4,2,19,2,2,2,0,2,6,0,201000025506B01,31,1,1,242100410
201000025518,2010-10-20,2010,octobre,mercredi,13:17,21,21231,47.3375,5.04021,2,3,3,1,1,3,2,02,1,1,0,80,2,5,5,4,1,50,1,1,2,0,2,1,1,201000025518B01,7,15,1,242100410
201000025522,2010-10-22,2010,octobre,vendredi,22:10,21,21231,47.3187,5.04046,2,7,3,5,1,4,1,01,1,1,0,0,1,5,0,3,2,27,5,2,2,0,2,3,1,201000025522B01,7,1,1,242100410
201000025526,2010-10-27,2010,octobre,mercredi,17:05,21,21231,47.3019,5.01855,2,1,3,1,1,3,2,02,1,-1,0,108,1,0,1,4,1,33,5,2,2,1,0,1,1,201000025526B01,7,20,1,242100410
201000025527,2010-10-26,2010,octobre,mardi,18:27,21,21231,47.3232,5.06196,2,3,3,2,1,4,2,02,2,1,0,0,1,5,0,4,1,68,5,2,2,0,2,1,1,201000025527B01,7,16,1,242100410
201000025548,2010-03-29,2010,mars,lundi,09:15,42,42271,45.48381,4.56169,2,1,1,1,1,4,2,00,2,4,0,48,1,0,1,4,1,60,0,1,2,0,0,1,1,201000025548B02,7,13,1,244200770
201000025551,2010-05-28,2010,mai,vendredi,16:15,42,42085,45.42903,4.58005,1,1,1,1,1,3,2,00,2,2,0,0,-1,0,1,3,1,59,0,1,2,0,2,1,5,201000025551A01,10,1,1,244200770
201000025552,2010-05-31,2010,mai,lundi,16:45,42,42308,45.44727,4.58365,2,1,3,1,1,3,-1,00,-1,1,0,100,1,0,1,3,2,56,5,1,2,0,2,3,1,201000025552B02,7,15,1,244200770
201000025559,2010-05-01,2010,mai,samedi,17:00,22,22050,48.45071,-2.04407,2,1,2,1,1,3,2,02,1,1,0,0,1,0,1,4,1,13,5,1,2,0,2,1,2,201000025559B01,7,2,1,200068989
201000025612,2010-01-18,2010,janvier,lundi,08:20,22,22215,48.5014,-2.7808,2,1,7,2,9,4,2,02,1,1,0,60,7,0,4,3,2,50,1,1,4,12,0,2,0,201000025612A01,,,,200069409
201000025623,2010-02-03,2010,février,mercredi,08:55,22,22278,48.52279,-2.75351,1,1,7,1,1,4,2,02,1,1,0,0,2,0,1,4,2,59,5,1,4,0,0,0,1,201000025623A01,,,,200069409
201000025631,2010-02-12,2010,février,vendredi,10:35,22,22360,48.488,-2.74013,2,6,3,1,1,4,2,02,1,1,,,1,0,1,4,2,58,5,1,4,0,2,4,1,201000025631B01,7,9,1,200069409
201000025657,2010-03-31,2010,mars,mercredi,12:20,22,22215,48.50108,-2.77953,2,6,3,1,1,3,1,02,1,1,0,0,1,0,1,4,1,56,1,1,4,0,2,8,1,201000025657B01,7,16,1,200069409
201000025666,2010-04-15,2010,avril,jeudi,16:20,22,22215,48.50112,-2.78026,2,6,3,1,1,3,2,02,1,2,0,60,1,5,1,4,2,63,5,3,9,0,2,1,9,201000025666A01,10,1,1,200069409
201000025670,2010-05-02,2010,mai,dimanche,12:05,22,22215,48.48273,-2.79344,1,6,3,1,1,3,1,02,1,2,0,0,1,5,1,4,1,55,5,1,2,0,2,7,1,201000025670B01,7,13,1,200069409
201000025671,2010-05-03,2010,mai,lundi,16:25,22,22278,48.51239,-2.76223,2,1,2,1,1,4,2,02,4,1,0,0,1,0,1,4,1,13,2,1,4,0,2,1,2,201000025671A01,7,1,1,200069409
201000025700,2010-06-09,2010,juin,mercredi,08:55,22,22278,48.51388,-2.7401,2,1,3,1,1,4,2,02,1,1,0,0,1,0,1,4,1,16,5,1,4,0,2,4,19,201000025700B01,7,1,1,200069409
201000025710,2010-07-03,2010,juillet,samedi,17:35,22,22278,48.51949,-2.74722,2,1,7,1,1,4,2,02,2,1,0,0,1,0,1,4,2,49,5,3,9,0,0,0,1,201000025710A01,,,,200069409
201000025712,2010-07-02,2010,juillet,vendredi,12:15,22,22215,48.50181,-2.78105,2,1,7,1,1,4,2,02,1,1,0,0,1,0,1,4,1,13,5,3,2,0,0,1,1,201000025712A01,,,,200069409
201000025747,2010-09-27,2010,septembre,lundi,16:55,22,22278,48.4985,-2.75267,2,3,3,1,1,4,2,02,1,1,,,1,0,4,4,2,27,4,2,2,0,2,3,5,201000025747B01,7,9,1,200069409
201000025756,2010-10-25,2010,octobre,lundi,09:55,22,22278,48.50807,-2.76557,2,1,3,1,1,4,2,02,1,1,0,0,1,5,1,4,1,58,5,2,2,0,2,8,19,201000025756B01,7,1,1,200069409
201000025766,2010-11-15,2010,novembre,lundi,13:50,22,22278,48.51104,-2.75915,2,6,3,1,1,4,2,02,3,3,0,0,1,5,1,4,2,19,1,3,9,0,2,5,1,201000025766B01,7,9,1,200069409
201000025778,2010-12-07,2010,décembre,mardi,12:30,22,22278,48.51926,-2.79154,2,6,3,1,1,4,1,01,1,2,0,0,1,0,1,4,2,77,3,3,9,0,2,1,9,201000025778B01,7,1,1,200069409
201000025793,2010-12-28,2010,décembre,mardi,00:15,22,22278,48.51225,-2.75175,2,4,3,5,3,4,1,01,1,1,0,0,2,0,1,3,1,29,1,2,4,0,2,8,1,201000025793B01,7,15,1,200069409
201000025795,2010-12-30,2010,décembre,jeudi,16:40,22,22278,48.5058,-2.76138,2,1,3,1,1,4,2,03,1,1,0,0,1,0,5,4,2,50,5,1,2,1,0,1,1,201000025795B01,7,22,1,200069409
201000025801,2010-05-19,2010,mai,mercredi,17:50,23,23096,0,0,2,1,3,1,1,4,1,01,2,1,0,63,1,0,1,4,2,12,0,3,9,0,2,8,1,201000025801B01,7,1,1,200034825
201000025844,2010-06-12,2010,juin,samedi,10:45,82,82073,0,0,1,1,2,1,1,3,2,00,-1,1,0,74,1,5,1,3,1,59,5,1,1,0,2,1,1,201000025844B02,7,15,1,248200016
201000025864,2010-05-06,2010,mai,jeudi,08:00,37,37011,0,0,1,1,1,1,1,4,2,00,1,1,0,59,1,0,1,3,2,42,1,3,1,0,2,3,15,201000025864A01,7,2,1,200043081
201000025890,2010-07-21,2010,juillet,mercredi,12:15,01,01366,0,0,2,1,3,1,1,3,3,02,1,3,0,0,1,0,1,3,1,61,5,1,2,0,2,7,1,201000025890B02,7,16,1,240100883
201000025913,2010-11-11,2010,novembre,jeudi,16:00,38,38022,0,0,2,1,3,1,1,3,2,02,1,1,0,73,1,0,1,2,1,13,5,3,1,0,2,8,0,201000025913B02,7,1,1,200068542
201000025924,2010-05-10,2010,mai,lundi,15:30,24,24037,0,0,1,1,6,1,1,3,2,02,1,1,0,60,1,0,1,4,1,52,5,2,4,0,2,0,2,201000025924B01,7,17,1,200070647
201000025928,2010-07-16,2010,juillet,vendredi,06:45,24,24037,0,0,2,6,3,1,7,2,2,02,1,-1,0,0,1,0,1,3,1,27,1,3,4,1,2,4,0,201000025928B01,7,9,1,200070647
201000025930,2010-08-14,2010,août,samedi,18:45,24,24037,0,0,2,1,2,1,1,4,2,02,1,1,0,96,1,0,1,3,1,18,5,2,4,0,0,0,2,201000025930B01,7,2,1,200070647
201000026004,2010-04-20,2010,avril,mardi,07:41,25,25056,0,0,2,1,3,1,1,4,3,02,2,1,0,0,1,0,5,4,1,47,1,1,2,0,2,7,2,201000026004B01,7,9,1,242500361
201000026028,2010-07-21,2010,juillet,mercredi,08:26,25,25056,0,0,2,1,3,1,1,4,1,01,2,1,0,0,1,0,1,4,2,26,0,3,9,0,2,1,1,201000026028B01,7,9,1,242500361
201000026038,2010-09-10,2010,septembre,vendredi,17:33,25,25056,0,0,2,1,2,1,1,3,1,02,2,1,0,0,1,0,1,3,1,72,1,3,9,0,2,1,1,201000026038B01,7,2,1,242500361
201000026049,2010-11-29,2010,novembre,lundi,17:13,25,25056,0,0,2,1,6,2,1,4,-1,00,-1,-1,0,0,-1,0,4,1,1,40,0,3,9,0,1,0,0,201000026049A01,,,,242500361
201000026065,2010-04-13,2010,avril,mardi,17:45,25,25230,0,0,2,1,1,1,1,3,2,01,1,1,0,60,1,0,1,4,1,2,0,3,9,0,2,8,1,201000026065B01,7,1,1,200065647
201000026066,2010-04-19,2010,avril,lundi,12:30,25,25388,0,0,2,1,3,1,1,3,1,01,1,1,0,25,1,0,5,3,1,59,1,2,2,1,0,1,1,201000026066B01,10,0,1,200065647
201000026067,2010-04-21,2010,avril,mercredi,08:20,25,25388,0,0,2,3,1,1,1,4,2,03,2,2,14,44,1,5,1,3,1,74,5,2,2,0,2,1,1,201000026067B01,14,15,1,200065647
201000026080,2010-07-15,2010,juillet,jeudi,16:20,25,25031,0,0,2,3,3,1,1,3,2,02,1,1,0,0,1,0,1,3,2,63,0,3,9,0,2,1,0,201000026080B01,7,1,1,200065647
201000026085,2010-09-25,2010,septembre,samedi,14:25,25,25031,0,0,1,1,3,1,1,4,2,02,1,1,0,65,1,0,1,3,1,66,5,2,2,0,2,8,1,201000026085B01,7,17,1,200065647
201000026094,2010-12-09,2010,décembre,jeudi,06:21,25,25388,0,0,2,6,3,5,1,3,-1,02,-1,2,0,0,1,0,0,4,1,17,0,2,4,0,0,0,0,201000026094B01,7,0,1,200065647
201000026101,2010-04-26,2010,avril,lundi,14:45,25,25204,0,0,1,6,3,1,1,2,1,02,1,2,0,112,1,5,1,4,1,64,5,1,2,0,2,7,1,201000026101B01,7,9,1,242500338
201000026125,2010-04-26,2010,avril,lundi,11:15,59,59319,50.977,2.441,2,6,3,1,1,3,-1,02,1,-1,0,70,1,0,1,3,1,40,5,1,2,0,2,5,1,201000026125B02,7,9,1,200040954
201000026152,2010-10-28,2010,octobre,jeudi,12:00,59,59553,50.59,2.972,2,1,1,1,1,4,2,02,1,1,0,60,1,0,1,3,2,53,1,1,9,1,0,1,2,201000026152B02,7,2,1,200093201
201000026165,2010-09-11,2010,septembre,samedi,16:00,74,74182,0,0,2,7,6,1,1,9,-1,00,-1,-1,0,0,1,0,0,1,1,13,5,3,1,0,1,1,1,201000026165A01,,,,
201000026223,2010-02-05,2010,février,vendredi,10:50,26,26281,45.0567,5.0888,2,1,7,1,3,4,2,02,1,1,0,70,2,0,1,2,1,76,5,2,2,14,0,1,1,201000026223A01,,,,200068781
201000026226,2010-03-04,2010,mars,jeudi,07:30,26,26057,45.0398,5.0458,2,2,1,2,2,4,2,02,1,4,0,70,2,0,1,4,1,33,1,2,2,0,0,4,1,201000026226B01,7,9,1,200068781
201000026227,2010-03-04,2010,mars,jeudi,07:40,26,26281,0,0,2,6,3,2,2,3,2,02,1,1,10,60,2,0,1,4,1,58,1,2,2,0,0,7,1,201000026227B01,7,9,1,200068781
201000026258,2010-06-21,2010,juin,lundi,12:15,26,26281,45.0493,5.0342,2,1,3,1,1,4,2,02,1,1,0,80,1,0,1,4,1,9,5,3,2,0,0,6,9,201000026258A01,7,1,1,200068781
201000026259,2010-06-22,2010,juin,mardi,18:35,26,26057,45.0409,5.0468,2,1,6,1,1,4,2,02,1,1,0,64,1,0,1,4,1,10,5,3,9,0,2,1,19,201000026259A01,7,1,1,200068781
201000026279,2010-09-04,2010,septembre,samedi,16:55,26,26057,0,0,2,1,3,1,1,3,2,02,2,3,0,75,1,0,1,4,1,44,5,1,2,0,2,1,1,201000026279B01,37,13,1,200068781
201000026287,2010-09-26,2010,septembre,dimanche,16:00,26,26281,45.0441,5.0532,2,1,1,1,1,4,1,01,2,1,0,80,1,0,1,4,1,15,5,1,2,0,2,1,5,201000026287A01,7,1,1,200068781
201000026295,2010-10-15,2010,octobre,vendredi,16:10,26,26281,45.0568,5.0577,2,6,3,1,1,4,1,01,1,2,0,80,1,0,1,4,2,59,3,1,4,0,0,7,1,201000026295B01,7,9,1,200068781
201000026317,2010-02-17,2010,février,mercredi,13:45,26,26362,44.9208,4.9083,2,3,3,1,1,4,2,01,1,1,0,30,2,0,1,4,1,60,1,3,2,0,2,1,1,201000026317B01,7,15,1,200068781
201000026345,2010-04-14,2010,avril,mercredi,15:50,26,26362,44.9293,4.894,2,1,6,1,1,4,2,02,1,1,0,60,1,0,1,1,1,21,0,3,9,0,1,0,1,201000026345A01,,,,200068781
201000026352,2010-05-10,2010,mai,lundi,16:45,26,26362,44.9387,4.914,2,1,6,1,1,4,2,02,1,1,0,0,1,0,0,4,2,20,0,2,2,0,2,0,0,201000026352B01,7,0,1,200068781
201000026380,2010-07-24,2010,juillet,samedi,10:05,26,26058,44.5655,4.5328,2,3,3,1,1,4,2,02,1,1,0,0,1,0,1,4,1,71,0,1,2,0,2,0,1,201000026380B01,7,0,1,200068781
201000026385,2010-08-09,2010,août,lundi,14:35,26,26058,44.9429,4.8928,2,1,2,1,1,4,2,02,1,1,0,50,1,0,1,4,1,20,0,1,2,0,2,4,0,201000026385B01,7,0,1,200068781
201000026386,2010-08-14,2010,août,samedi,08:00,26,26362,44.9222,4.891,2,6,3,1,1,4,2,02,1,1,0,70,1,0,1,4,2,50,1,3,9,0,2,7,0,201000026386B01,10,9,1,200068781
201000026390,2010-08-23,2010,août,lundi,17:40,26,26362,44.9302,4.8943,2,2,3,1,1,4,2,02,1,1,0,0,1,0,0,4,1,75,0,3,9,0,2,8,0,201000026390B01,7,0,1,200068781
201000026402,2010-09-10,2010,septembre,vendredi,08:30,26,26058,0,0,1,2,3,1,1,3,2,02,1,1,0,70,1,5,0,3,1,55,5,1,2,0,2,1,19,201000026402B01,7,15,1,200068781
201000026404,2010-09-17,2010,septembre,vendredi,19:25,26,26362,0,0,1,1,3,1,1,3,3,02,1,1,0,39,1,0,1,3,2,19,5,2,2,0,2,0,15,201000026404B01,7,1,1,200068781
201000026538,2010-04-22,2010,avril,jeudi,15:45,27,27701,49.2838,1.22316,1,3,6,1,1,9,2,02,1,1,0,160,1,0,1,4,1,55,5,1,2,0,2,7,1,201000026538B01,7,15,1,200089456
201000026587,2010-09-20,2010,septembre,lundi,17:55,27,27554,49.1111,1.45227,2,1,6,1,1,4,2,02,1,2,0,49,1,0,1,4,1,6,5,2,2,0,2,1,1,201000026587A01,,,,200072312
201000026592,2010-03-29,2010,mars,lundi,19:00,17,17407,0,0,2,1,1,1,1,4,2,02,2,4,0,53,1,0,1,3,1,11,5,3,2,0,2,1,13,201000026592B02,7,1,1,241700434
201000026619,2010-01-25,2010,janvier,lundi,08:00,28,28085,48.4515,1.48602,2,1,2,1,1,4,-1,01,-1,-1,0,70,-1,0,1,4,1,13,0,1,2,0,2,0,19,201000026619B01,7,2,1,200033181
201000026620,2010-01-26,2010,janvier,mardi,16:35,28,28229,48.4603,1.4614,1,1,2,1,1,3,2,02,1,1,0,70,1,0,1,4,1,17,0,1,2,0,2,1,1,201000026620B01,7,23,1,200033181
201000026663,2010-04-14,2010,avril,mercredi,18:05,28,28085,48.4435,1.5108,2,2,3,1,1,3,-1,02,-1,-1,0,70,1,0,1,4,2,25,0,1,2,0,2,1,1,201000026663B01,7,15,1,200033181
201000026686,2010-05-17,2010,mai,lundi,14:50,28,28085,48.4446,1.48032,2,1,3,1,1,3,-1,02,1,1,0,70,1,0,1,4,2,47,0,1,9,0,2,1,5,201000026686B01,7,15,1,200033181
201000026710,2010-06-14,2010,juin,lundi,16:55,28,28085,48.4228,1.48431,2,1,2,2,1,4,2,02,-1,-1,0,70,1,0,1,4,1,22,0,1,2,0,2,4,1,201000026710B01,7,1,1,200033181
201000026717,2010-07-01,2010,juillet,jeudi,13:30,28,28218,48.4358,1.44696,2,1,3,1,1,4,-1,02,1,1,0,70,1,0,1,4,1,19,0,1,2,0,2,7,19,201000026717B01,7,1,1,200033181