Num_Acc,date,an,mois,jour,hrmn,dep,com,lat,long,agg,int,col,lum,atm,catr,circ,nbv,prof,plan,lartpc,larrout,surf,infra,situ,grav,sexe,age,trajet,secuexist,equipement,obs,obsm,choc,manv,vehiculeid,typevehicules,manoeuvehicules,numVehicules,_infos_commune.code_epci
201000026729,2010-08-03,2010,août,mardi,08:55,28,28085,48.4351,1.48062,2,1,6,1,1,4,2,02,1,1,0,70,1,0,1,4,2,35,1,3,9,0,2,1,1,201000026729B01,7,24,1,200033181
201000026738,2010-08-23,2010,août,lundi,11:30,28,28085,48.4421,1.49347,2,3,7,1,3,4,2,02,2,1,0,70,2,0,1,4,2,24,1,1,2,0,0,0,16,201000026738A01,,,,200033181
201000026749,2010-09-07,2010,septembre,mardi,20:10,28,28085,48.4376,1.49611,2,1,2,1,1,4,-1,02,-1,-1,0,70,-1,0,1,4,2,66,0,3,9,0,2,1,1,201000026749B01,7,20,1,200033181
201000026758,2010-10-05,2010,octobre,mardi,18:50,28,28085,48.4407,1.50676,2,2,3,1,1,3,2,02,3,1,0,70,2,0,1,3,2,37,1,3,9,0,2,2,15,201000026758A01,7,15,1,200033181
201000026760,2010-10-08,2010,octobre,vendredi,05:57,28,28085,48.4505,1.48484,2,1,2,5,1,4,2,01,1,1,0,70,1,0,1,4,1,29,4,3,9,0,2,4,1,201000026760B01,7,1,1,200033181
201000026770,2010-10-18,2010,octobre,lundi,11:47,28,28209,48.4695,1.46996,1,1,1,1,1,3,1,01,1,1,0,70,1,0,5,3,1,70,0,3,9,0,2,1,1,201000026770B01,2,1,1,200033181
201000026775,2010-10-25,2010,octobre,lundi,12:30,28,28085,48.4419,1.49177,2,1,3,1,1,4,1,02,1,1,0,70,1,5,1,4,1,28,0,2,2,0,2,1,19,201000026775A01,7,1,1,200033181
201000026779,2010-10-26,2010,octobre,mardi,18:45,28,28085,48.4453,1.48351,2,4,3,5,1,4,1,01,1,1,0,30,1,0,1,3,1,62,5,3,4,0,2,1,1,201000026779B01,7,15,1,200033181
201000026848,2010-05-08,2010,mai,samedi,17:35,28,28404,48.7166,1.33728,2,1,6,1,1,4,2,02,1,1,0,0,1,0,1,1,1,15,5,1,4,0,1,7,2,201000026848A01,,,,200040277
201000026848,2010-05-08,2010,mai,samedi,17:35,28,28404,48.7166,1.33728,2,1,6,1,1,4,2,02,1,1,0,0,1,0,1,4,2,16,5,3,9,0,1,7,2,201000026848A01,,,,200040277
201000026865,2010-06-30,2010,juin,mercredi,17:15,28,28134,48.7454,1.39171,1,6,3,1,1,2,1,02,1,4,0,0,1,0,1,3,2,56,1,2,9,0,2,8,2,201000026865B01,7,16,1,200040277
201000026887,2010-09-27,2010,septembre,lundi,14:10,28,28134,48.7302,1.38022,2,1,3,1,1,3,2,02,1,1,0,70,1,0,1,3,1,33,1,2,2,0,2,1,19,201000026887A01,7,2,1,200040277
201000026913,2010-08-09,2010,août,lundi,20:45,01,01354,0,0,1,9,3,1,1,3,2,02,1,1,0,73,1,5,1,3,1,23,1,3,1,0,2,8,19,201000026913B02,33,1,1,240100750
201000026964,2010-02-18,2010,février,jeudi,12:05,29,29019,48.38324,-4.53128,2,1,3,1,1,9,-1,00,-1,1,0,0,1,0,1,4,1,5,5,3,2,0,2,7,19,201000026964B01,7,1,1,242900314
201000026966,2010-02-26,2010,février,vendredi,12:25,29,29019,48.39654,-4.47525,2,5,3,1,1,9,2,00,-1,-1,0,0,1,0,1,4,2,57,9,3,9,0,2,7,0,201000026966A01,7,0,1,242900314
201000026992,2010-04-28,2010,avril,mercredi,16:00,29,29019,48.39322,-4.51976,2,6,3,1,1,4,1,00,2,4,0,0,1,5,1,4,1,46,0,1,2,0,2,7,1,201000026992B01,7,9,1,242900314
201000027004,2010-05-23,2010,mai,dimanche,14:30,29,29019,48.40528,-4.47805,2,6,3,1,1,9,2,02,1,-1,0,0,1,0,1,4,1,40,5,1,2,0,2,7,1,201000027004B01,7,6,1,242900314
201000027045,2010-09-08,2010,septembre,mercredi,19:20,29,29019,48.378,-4.52626,2,1,3,1,1,9,1,01,-1,-1,0,0,1,0,1,4,1,5,0,3,9,0,2,1,9,201000027045B01,7,2,1,242900314
201000027059,2010-10-02,2010,octobre,samedi,09:15,29,29019,48.41342,-4.48668,2,2,3,1,1,9,2,02,1,1,0,0,1,0,1,4,1,54,5,1,2,0,2,1,1,201000027059B01,7,15,1,242900314
201000027069,2010-10-06,2010,octobre,mercredi,18:20,29,29019,48.37266,-4.52873,2,3,2,1,1,9,2,01,-1,-1,0,0,1,0,1,4,1,43,5,1,9,0,2,1,1,201000027069B01,7,4,1,242900314
201000027078,2010-10-18,2010,octobre,lundi,07:45,29,29019,48.38368,-4.4999,2,3,6,3,1,9,2,02,-1,1,0,0,1,0,1,4,1,21,0,2,4,0,2,1,1,201000027078B01,7,15,1,242900314
201000027081,2010-10-28,2010,octobre,jeudi,13:00,29,29019,48.41752,-4.48453,2,1,6,1,1,9,2,00,1,1,0,0,1,0,1,4,1,6,0,1,2,0,2,8,19,201000027081B01,7,1,1,242900314
201000027092,2010-11-23,2010,novembre,mardi,13:55,29,29019,48.3943,-4.51942,2,3,3,1,1,4,2,02,-1,-1,0,60,2,0,1,3,1,24,4,3,9,0,2,1,1,201000027092B01,7,15,1,242900314
201000027097,2010-11-27,2010,novembre,samedi,17:25,29,29019,48.39755,-4.48272,2,1,6,1,1,4,2,02,1,1,0,0,2,0,1,3,1,47,0,3,9,0,2,1,1,201000027097B01,7,15,1,242900314
201000027109,2010-12-15,2010,décembre,mercredi,07:30,29,29019,48.3934,-4.44529,2,6,3,5,2,3,2,02,1,1,0,0,2,0,1,4,1,45,0,3,9,0,2,1,1,201000027109B01,7,9,1,242900314
201000027127,2010-04-08,2010,avril,jeudi,19:10,29,29039,47.87027,-3.90687,1,3,2,1,1,3,-1,02,1,1,0,75,1,0,1,1,1,21,5,3,9,0,2,4,15,201000027127B01,31,17,1,242900769
201000027128,2010-04-15,2010,avril,jeudi,19:05,29,29039,47.87011,-3.92198,2,1,1,1,1,4,2,02,1,-1,0,0,1,0,1,4,2,14,5,3,9,0,2,1,15,201000027128A01,7,1,1,242900769
201000027132,2010-05-19,2010,mai,mercredi,01:05,29,29039,47.87101,-3.91809,2,1,1,5,1,4,2,02,1,1,0,0,1,0,1,3,2,44,5,2,9,1,0,0,13,201000027132A01,7,24,1,242900769
201000027134,2010-05-25,2010,mai,mardi,16:27,29,29039,47.87708,-3.90936,2,6,3,1,1,4,1,01,1,-1,240,100,1,0,1,4,2,31,5,3,9,0,2,6,11,201000027134A01,7,16,1,242900769
201000027141,2010-06-30,2010,juin,mercredi,16:15,29,29039,47.88254,-3.9238,2,6,7,1,1,4,-1,01,1,2,0,60,1,0,0,3,1,49,5,2,9,0,0,0,0,201000027141A01,,,,242900769
201000027142,2010-07-03,2010,juillet,samedi,18:20,29,29039,47.87676,-3.93026,2,1,3,1,1,4,2,02,1,1,0,60,1,0,1,4,1,24,5,2,9,0,2,0,19,201000027142A01,7,1,1,242900769
201000027198,2010-06-03,2010,juin,jeudi,15:07,29,29151,48.58788,-3.81788,2,1,3,1,1,9,-1,01,1,1,0,0,1,6,1,4,1,13,5,3,9,0,0,0,2,201000027198B01,1,2,1,242900835
201000027198,2010-06-03,2010,juin,jeudi,15:07,29,29151,48.58788,-3.81788,2,1,3,1,1,9,-1,01,1,1,0,0,1,6,1,4,1,14,5,3,9,0,9,0,2,201000027198A01,1,2,1,242900835
201000027214,2010-11-09,2010,novembre,mardi,07:30,29,29151,48.58003,-3.81048,2,1,3,5,3,4,2,02,1,1,0,0,2,0,1,3,1,43,1,1,2,0,2,7,1,201000027214B01,10,0,1,242900835
201000027242,2010-04-20,2010,avril,mardi,19:35,29,29232,47.97556,-4.1324,2,2,3,1,1,4,2,02,2,1,0,0,1,0,1,3,1,8,5,3,3,0,2,0,19,201000027242A01,2,1,1,200068120
201000027285,2010-07-17,2010,juillet,samedi,12:30,29,29232,48.02483,-4.08627,1,1,2,1,1,9,1,01,2,1,0,0,1,0,0,4,2,72,5,3,9,0,2,1,1,201000027285B01,7,4,1,200068120
201000027295,2010-08-05,2010,août,jeudi,13:15,29,29232,48.00913,-4.09619,2,1,6,1,1,4,2,02,3,1,0,0,1,0,1,4,2,53,1,1,4,1,0,1,1,201000027295B01,7,22,1,200068120
201000027301,2010-08-25,2010,août,mercredi,07:50,29,29232,47.99513,-4.07249,2,6,3,1,1,3,3,04,1,-1,0,0,1,0,0,4,1,21,0,2,4,0,2,7,0,201000027301B01,7,9,1,200068120
201000027323,2010-10-12,2010,octobre,mardi,18:20,29,29232,47.97186,-4.08362,2,3,3,1,1,4,2,02,1,-1,0,0,1,0,1,3,2,7,0,2,2,0,2,7,9,201000027323B01,7,1,1,200068120
201000027341,2010-11-15,2010,novembre,lundi,16:30,29,29232,47.9786,-4.12167,2,3,3,1,1,3,-1,03,2,1,0,0,1,0,0,4,1,57,5,1,2,0,2,1,1,201000027341B01,7,15,1,200068120
201000027359,2010-12-20,2010,décembre,lundi,18:25,29,29232,47.978,-4.12289,2,3,7,2,8,3,2,03,2,3,0,0,2,0,1,4,1,27,0,2,2,0,0,0,1,201000027359B01,7,15,1,200068120
201000027395,2010-04-08,2010,avril,jeudi,15:21,30,30007,44.11996,4.1067,2,2,3,1,1,4,-1,00,-1,1,0,0,1,0,1,4,2,10,5,2,2,0,2,1,1,201000027395A01,7,1,1,200066918
201000027398,2010-04-25,2010,avril,dimanche,10:15,30,30007,0,0,2,1,3,1,1,4,1,02,1,2,0,0,1,0,1,4,1,66,5,2,2,0,2,1,5,201000027398B01,7,1,1,200066918
201000027417,2010-05-25,2010,mai,mardi,10:35,30,30007,0,0,2,1,3,1,1,4,1,02,1,2,0,0,1,0,1,4,1,38,0,3,9,0,2,8,1,201000027417B01,7,16,1,200066918
201000027418,2010-05-26,2010,mai,mercredi,12:08,30,30007,44.11294,4.10644,2,1,3,1,1,3,1,02,1,2,0,0,1,0,1,4,2,66,5,3,9,0,2,0,1,201000027418B01,7,9,1,200066918
201000027429,2010-06-18,2010,juin,vendredi,18:35,30,30007,0,0,2,3,1,1,8,4,2,00,1,1,0,0,1,0,1,4,1,16,5,2,2,0,2,7,19,201000027429A01,7,1,1,200066918
201000027430,2010-06-22,2010,juin,mardi,11:45,30,30007,0,0,2,1,2,1,1,4,2,02,2,1,0,0,1,0,1,4,2,58,5,1,2,0,2,1,2,201000027430A01,7,2,1,200066918
201000027435,2010-06-28,2010,juin,lundi,19:42,30,30007,44.14595,4.101,2,2,3,1,1,3,3,03,1,1,50,47,1,0,1,4,1,28,0,3,9,0,2,1,1,201000027435B01,7,15,1,200066918
201000027489,2010-10-05,2010,octobre,mardi,19:05,30,30007,0,0,2,1,3,1,1,2,2,02,1,1,0,0,1,0,1,3,1,61,5,1,2,0,2,1,15,201000027489B01,7,1,1,200066918
201000027513,2010-12-08,2010,décembre,mercredi,14:15,30,30007,44.14567,4.08831,2,1,3,1,8,4,2,03,1,1,0,0,2,0,1,3,2,43,5,1,2,0,2,4,1,201000027513B01,7,15,1,200066918
201000027573,2010-07-25,2010,juillet,dimanche,12:10,30,30032,0,0,1,1,3,1,1,3,2,02,1,1,0,0,1,0,1,4,1,31,0,3,2,0,0,0,15,201000027573B01,7,13,1,243000585
201000027614,2010-02-03,2010,février,mercredi,08:20,30,30189,43.83285,4.38567,2,3,3,1,1,4,1,01,1,1,0,31,1,0,1,4,1,52,1,2,4,0,2,1,1,201000027614B01,7,16,1,243000643
201000027661,2010-03-15,2010,mars,lundi,15:25,30,30189,43.83422,4.37182,2,1,1,1,1,4,1,01,1,1,0,40,1,0,1,4,1,49,1,3,9,0,2,1,1,201000027661B01,30,5,1,243000643
201000027672,2010-04-05,2010,avril,lundi,16:13,30,30189,43.82687,4.3531,2,2,6,1,1,4,2,02,1,1,0,0,1,0,1,3,1,16,5,3,9,0,2,1,1,201000027672B01,7,1,1,243000643
201000027687,2010-04-30,2010,avril,vendredi,18:25,30,30189,43.84082,4.36293,2,1,1,1,1,4,1,01,1,1,0,58,1,0,1,4,2,22,2,3,9,0,2,1,5,201000027687A01,7,15,1,243000643
201000027711,2010-06-12,2010,juin,samedi,09:56,30,30189,43.84468,4.38335,2,1,6,1,1,4,2,02,1,1,0,66,1,0,1,3,1,38,0,3,9,0,2,4,2,201000027711A01,37,2,1,243000643
201000027734,2010-07-15,2010,juillet,jeudi,16:25,30,30189,43.84102,4.37099,2,1,3,1,1,4,-1,01,1,1,0,0,1,0,1,4,1,48,0,1,2,0,0,0,0,201000027734B01,7,0,1,243000643
201000027745,2010-07-29,2010,juillet,jeudi,19:14,30,30189,43.81654,4.32264,1,1,6,1,1,4,-1,02,1,1,0,68,1,0,1,3,1,3,0,3,3,0,2,1,1,201000027745A01,7,1,1,243000643
201000027764,2010-08-19,2010,août,jeudi,07:18,30,30189,43.8075,4.37163,2,1,6,1,1,3,-1,02,1,1,0,0,-1,0,0,4,1,37,0,1,2,0,2,8,0,201000027764B01,7,0,1,243000643
201000027776,2010-09-07,2010,septembre,mardi,18:05,30,30189,43.84072,4.35539,2,2,3,1,1,4,-1,01,-1,1,0,52,1,0,0,4,1,15,0,3,9,0,2,1,0,201000027776B01,7,0,1,243000643
201000027777,2010-09-08,2010,septembre,mercredi,18:15,30,30189,43.83675,4.33415,1,1,6,2,1,3,2,02,-1,1,0,79,1,0,1,3,1,45,0,1,2,0,2,1,1,201000027777A01,7,0,1,243000643
201000027788,2010-09-19,2010,septembre,dimanche,15:25,30,30189,43.83976,4.35299,2,2,3,1,1,4,-1,01,-1,1,0,42,1,0,1,4,1,25,0,3,2,0,2,0,0,201000027788B01,7,0,1,243000643
201000027809,2010-10-28,2010,octobre,jeudi,18:20,30,30189,43.83939,4.36266,2,1,6,1,1,4,1,01,1,1,0,35,1,0,1,1,1,19,0,3,4,0,1,1,5,201000027809A01,,,,243000643
201000027826,2010-11-21,2010,novembre,dimanche,12:05,30,30189,43.83651,4.33703,2,2,2,1,1,3,2,02,1,1,0,62,-1,0,1,4,1,39,0,3,9,0,2,1,1,201000027826B01,7,15,1,243000643
201000027834,2010-11-26,2010,novembre,vendredi,15:25,30,30189,43.81651,4.39284,2,6,3,1,1,3,1,02,1,3,0,90,1,5,1,4,1,82,0,3,4,0,2,0,0,201000027834B01,7,0,1,243000643
201000027836,2010-11-27,2010,novembre,samedi,09:05,30,30189,43.82729,4.36429,2,1,3,1,1,4,2,02,1,1,0,58,1,0,1,4,1,63,0,3,4,0,2,0,1,201000027836B01,7,19,1,243000643
201000027856,2010-12-21,2010,décembre,mardi,09:15,30,30189,43.83938,4.36267,2,2,6,1,8,4,1,01,1,1,0,28,2,0,1,4,2,39,0,3,4,1,2,7,1,201000027856B01,7,0,1,243000643
201000027877,2010-02-02,2010,février,mardi,08:10,31,31069,0,0,2,1,2,1,1,4,2,02,1,1,0,64,1,0,1,2,2,91,3,2,2,0,2,6,1,201000027877B01,7,1,1,243100518
201000027878,2010-02-14,2010,février,dimanche,10:50,31,31069,0,0,2,6,3,1,4,4,1,02,1,3,0,0,2,0,1,4,1,51,5,1,2,0,2,5,1,201000027878B01,7,9,1,243100518
201000027890,2010-10-13,2010,octobre,mercredi,08:03,31,31069,0,0,2,6,6,2,1,4,3,04,1,1,12,76,1,2,1,4,1,28,1,2,4,0,2,5,1,201000027890B01,7,0,1,243100518
201000027921,2010-08-13,2010,août,vendredi,08:10,31,31483,0,0,2,2,3,1,1,3,-1,04,1,1,66,66,1,5,1,4,2,18,1,2,9,0,0,0,1,201000027921B01,7,1,1,200072643
201000027942,2010-01-04,2010,janvier,lundi,16:10,31,31555,43.6059,1.42816,2,2,3,1,1,4,-1,00,-1,-1,0,0,-1,0,0,4,1,51,1,3,2,0,2,1,1,201000027942B01,7,15,1,243100518
201000027945,2010-01-06,2010,janvier,mercredi,14:10,31,31555,43.6047,1.44174,2,3,2,1,1,4,-1,00,-1,-1,0,0,-1,0,0,1,2,28,5,3,2,0,2,2,16,201000027945B01,2,1,1,243100518
201000027947,2010-01-07,2010,janvier,jeudi,07:55,31,31555,43.5844,1.41557,2,2,3,2,1,4,2,02,1,1,0,95,1,0,1,3,1,22,2,2,4,0,2,1,1,201000027947B01,7,1,1,243100518
201000027955,2010-01-14,2010,janvier,jeudi,07:25,31,31555,43.5903,1.3795,2,1,2,5,1,4,2,00,1,1,0,0,1,0,1,4,1,37,1,1,2,0,2,1,0,201000027955B01,10,0,1,243100518
201000027963,2010-01-15,2010,janvier,vendredi,07:05,31,31555,43.6132,1.45985,2,1,2,5,1,4,2,00,2,1,0,0,1,0,0,4,1,40,1,3,9,0,2,1,0,201000027963B01,10,20,1,243100518
201000027992,2010-02-08,2010,février,lundi,11:10,31,31555,0,0,2,1,6,1,1,4,-1,02,1,1,0,85,1,0,1,4,1,11,2,3,2,0,2,7,6,201000027992B01,7,1,1,243100518
201000028028,2010-03-05,2010,mars,vendredi,10:45,31,31555,0,0,2,1,5,1,1,4,2,02,1,1,0,64,1,0,1,4,1,37,4,2,2,0,2,7,15,201000028028A01,7,1,2,243100518
201000028031,2010-03-06,2010,mars,samedi,20:10,31,31555,0,0,2,1,6,3,1,4,2,02,1,1,0,70,1,0,1,4,1,22,0,3,4,0,2,0,0,201000028031B01,31,0,1,243100518
201000028043,2010-03-11,2010,mars,jeudi,08:20,31,31555,0,0,2,1,2,1,8,4,2,02,1,1,0,0,1,0,1,4,1,30,4,3,9,0,2,1,0,201000028043A01,7,0,1,243100518
201000028071,2010-03-28,2010,mars,dimanche,14:40,31,31555,0,0,2,1,6,1,1,4,1,02,1,1,0,47,1,0,1,4,1,24,0,3,2,0,2,0,0,201000028071A01,7,0,1,243100518
201000028077,2010-03-31,2010,mars,mercredi,13:45,31,31555,0,0,2,1,3,1,1,4,2,03,1,1,0,0,1,0,1,4,2,19,1,3,2,0,2,0,0,201000028077A01,7,0,1,243100518
201000028090,2010-04-06,2010,avril,mardi,17:00,31,31555,0,0,2,1,2,1,1,4,1,01,1,1,0,85,1,0,1,4,2,53,4,3,2,0,2,4,0,201000028090B01,7,0,1,243100518
201000028097,2010-04-12,2010,avril,lundi,19:35,31,31555,0,0,2,3,3,1,1,4,2,02,1,1,0,85,1,0,1,3,2,19,0,3,2,0,2,4,1,201000028097B01,7,1,1,243100518
201000028100,2010-04-13,2010,avril,mardi,18:48,31,31555,0,0,2,1,6,1,1,4,2,00,1,1,0,0,1,0,1,3,1,47,1,1,2,0,1,1,0,201000028100A01,,,,243100518
201000028100,2010-04-13,2010,avril,mardi,18:48,31,31555,0,0,2,1,6,1,1,4,2,00,1,1,0,0,1,0,1,4,1,79,0,3,9,0,1,1,0,201000028100A01,,,,243100518
201000028109,2010-04-16,2010,avril,vendredi,10:30,31,31555,0,0,2,1,7,1,1,4,2,06,1,1,0,125,1,0,1,4,2,59,3,2,2,0,0,0,1,201000028109B01,7,14,1,243100518
201000028129,2010-04-27,2010,avril,mardi,07:00,31,31555,0,0,2,3,3,1,1,4,2,02,1,1,0,67,1,0,1,4,2,39,0,3,4,0,2,1,1,201000028129B01,10,15,1,243100518
201000028130,2010-04-27,2010,avril,mardi,09:06,31,31555,0,0,2,1,6,1,1,4,1,01,1,1,0,94,1,0,1,4,2,39,1,2,2,0,2,1,1,201000028130B01,7,22,1,243100518
201000028133,2010-04-28,2010,avril,mercredi,08:37,31,31555,0,0,2,3,3,1,1,4,2,02,1,1,0,75,1,0,1,4,1,30,1,1,2,0,2,1,1,201000028133B01,7,15,1,243100518
201000028139,2010-05-01,2010,mai,samedi,11:56,31,31555,0,0,2,1,6,1,1,4,1,02,1,1,0,0,-1,0,1,1,1,31,0,3,2,0,2,1,0,201000028139A01,,,,243100518
201000028139,2010-05-01,2010,mai,samedi,11:56,31,31555,0,0,2,1,6,1,1,4,1,02,1,1,0,0,-1,0,1,4,2,51,0,3,9,0,2,1,0,201000028139A01,,,,243100518
201000028159,2010-05-12,2010,mai,mercredi,16:47,31,31555,0,0,2,1,6,1,1,4,2,00,1,1,0,0,1,0,1,4,2,42,0,3,9,0,2,1,0,201000028159B01,10,0,1,243100518
201000028165,2010-05-14,2010,mai,vendredi,15:10,31,31555,0,0,2,1,2,1,1,4,2,00,1,1,0,0,1,0,1,4,1,45,0,1,2,0,2,1,0,201000028165B01,7,0,1,243100518
201000028173,2010-05-20,2010,mai,jeudi,22:30,31,31555,0,0,2,1,6,5,1,4,2,02,1,1,0,85,1,0,1,4,1,31,5,2,2,0,2,0,1,201000028173C01,14,17,1,243100518
201000028173,2010-05-20,2010,mai,jeudi,22:30,31,31555,0,0,2,1,6,5,1,4,2,02,1,1,0,85,1,0,1,4,2,30,0,3,2,0,2,0,1,201000028173B01,14,17,1,243100518
201000028179,2010-05-21,2010,mai,vendredi,20:15,31,31555,0,0,2,1,6,1,1,4,2,02,3,1,0,70,1,0,1,4,1,26,1,3,9,1,0,1,1,201000028179A01,7,22,1,243100518
201000028181,2010-05-27,2010,mai,jeudi,17:30,31,31555,0,0,2,1,5,1,1,4,2,02,1,1,0,85,1,0,1,1,1,49,5,3,2,0,0,0,0,201000028181C01,7 / 33,0,2,243100518
201000028186,2010-05-31,2010,mai,lundi,18:45,31,31555,0,0,2,1,3,1,1,4,2,02,1,1,0,85,1,0,1,4,1,5,0,3,2,0,2,1,1,201000028186A01,7,1,1,243100518
201000028203,2010-06-08,2010,juin,mardi,14:50,31,31555,0,0,2,1,3,1,1,6,2,02,1,1,0,70,1,0,1,4,2,41,0,3,9,0,2,1,1,201000028203B01,7,0,1,243100518
201000028224,2010-06-23,2010,juin,mercredi,16:00,31,31555,0,0,2,1,3,1,1,4,2,05,1,1,0,175,1,0,1,4,1,28,1,2,9,0,2,4,1,201000028224A01,34,0,1,243100518
201000028240,2010-07-06,2010,juillet,mardi,20:02,31,31555,0,0,2,1,3,1,1,4,2,00,1,1,0,0,1,0,1,4,1,30,0,3,2,0,0,1,0,201000028240B01,7,0,1,243100518
201000028250,2010-07-09,2010,juillet,vendredi,05:45,31,31555,0,0,2,1,2,5,1,4,3,02,2,1,0,0,1,1,1,3,1,30,1,1,2,0,2,1,1,201000028250B01,10,0,1,243100518
201000028257,2010-07-15,2010,juillet,jeudi,11:25,31,31555,0,0,2,1,1,1,1,4,2,00,1,1,0,0,1,0,1,4,2,27,5,3,9,0,2,1,1,201000028257B01,7,15,1,243100518
201000028259,2010-07-15,2010,juillet,jeudi,19:00,31,31555,0,0,2,1,3,1,1,4,2,01,1,3,0,55,1,0,5,4,2,50,5,3,9,0,2,1,1,201000028259B01,31,1,1,243100518
201000028267,2010-07-21,2010,juillet,mercredi,04:50,31,31555,0,0,2,1,3,5,1,4,2,02,1,1,0,85,1,0,1,4,1,59,4,3,9,0,2,0,1,201000028267B01,7,0,1,243100518
201000028274,2010-07-23,2010,juillet,vendredi,11:30,31,31555,0,0,2,1,2,1,1,4,2,02,1,1,0,145,1,0,1,4,1,18,1,1,9,0,2,1,2,201000028274A01,7,23,1,243100518
201000028279,2010-07-28,2010,juillet,mercredi,10:35,31,31555,0,0,2,1,6,1,1,4,1,02,1,1,0,105,1,0,1,1,2,24,0,3,2,0,1,1,1,201000028279A01,,,,243100518
201000028288,2010-08-07,2010,août,samedi,08:30,31,31555,0,0,2,3,5,1,1,4,2,03,1,1,0,70,1,0,1,4,2,44,5,1,2,0,2,4,23,201000028288B01,7,13 / 23,2,243100518
201000028289,2010-06-18,2010,juin,vendredi,14:00,31,31555,0,0,2,3,2,1,1,4,2,02,1,1,0,70,1,0,5,4,2,55,0,3,4,0,2,0,1,201000028289B01,7,15,1,243100518
201000028291,2010-08-11,2010,août,mercredi,11:45,31,31555,0,0,2,1,6,1,1,4,2,02,1,1,0,70,1,0,1,3,1,75,0,2,2,1,0,1,1,201000028291B01,7,22,1,243100518
201000028310,2010-09-02,2010,septembre,jeudi,17:25,31,31555,0,0,2,1,3,1,1,4,2,00,1,1,0,0,1,0,1,4,1,56,0,3,9,1,0,1,0,201000028310B01,7,0,1,243100518
201000028314,2010-09-05,2010,septembre,dimanche,16:25,31,31555,0,0,2,1,3,1,1,4,2,02,1,1,0,85,1,0,1,4,2,18,5,2,4,0,2,1,0,201000028314B01,30,0,1,243100518
201000028320,2010-09-08,2010,septembre,mercredi,10:02,31,31555,0,0,2,3,3,1,1,4,2,02,1,1,0,85,1,0,1,4,2,48,5,3,9,0,2,8,1,201000028320B01,7,15,1,243100518
201000028326,2010-09-10,2010,septembre,vendredi,08:55,31,31555,0,0,2,1,2,1,1,4,2,02,1,1,0,60,1,0,1,4,2,36,5,2,2,0,2,4,2,201000028326B01,7,1,1,243100518
201000028334,2010-09-16,2010,septembre,jeudi,17:20,31,31555,0,0,2,2,3,1,1,4,2,05,1,1,0,157,2,0,1,4,1,22,1,3,2,0,2,1,1,201000028334B01,7,15,1,243100518
201000028341,2010-09-20,2010,septembre,lundi,09:00,31,31555,0,0,2,1,3,1,1,4,2,03,1,1,0,110,1,0,1,4,1,35,1,2,2,0,2,1,1,201000028341B01,7,16,1,243100518
201000028343,2010-09-21,2010,septembre,mardi,18:04,31,31555,0,0,2,1,1,1,1,4,2,00,1,1,0,0,1,0,1,4,1,43,1,3,9,0,2,3,1,201000028343B01,7,13,1,243100518
201000028345,2010-09-22,2010,septembre,mercredi,11:50,31,31555,0,0,2,1,3,1,1,4,1,01,1,1,0,75,1,0,1,4,2,55,0,3,2,0,2,8,0,201000028345A01,7,0,1,243100518
201000028351,2010-09-28,2010,septembre,mardi,07:30,31,31555,0,0,2,1,3,5,1,4,2,00,1,1,0,66,1,0,1,4,1,55,0,3,9,0,2,1,0,201000028351B01,7,0,1,243100518
201000028362,2010-10-06,2010,octobre,mercredi,17:12,31,31555,0,0,2,1,3,1,1,4,1,00,1,1,0,0,1,0,1,4,1,27,0,3,9,0,2,1,0,201000028362B01,7,0,1,243100518
201000028366,2010-10-06,2010,octobre,mercredi,17:50,31,31555,0,0,2,1,6,1,1,4,-1,02,-1,-1,0,75,-1,0,1,1,1,7,0,1,2,0,1,0,0,201000028366A01,,,,243100518
201000028375,2010-10-07,2010,octobre,jeudi,08:45,31,31555,0,0,2,1,3,1,1,4,2,02,1,1,0,25,1,0,1,4,1,11,0,3,2,0,2,0,0,201000028375B01,1,0,1,243100518
201000028375,2010-10-07,2010,octobre,jeudi,08:45,31,31555,0,0,2,1,3,1,1,4,2,02,1,1,0,25,1,0,1,1,2,51,0,1,2,0,2,0,0,201000028375A01,1,0,1,243100518
201000028379,2010-10-13,2010,octobre,mercredi,18:10,31,31555,0,0,2,1,3,5,1,4,2,02,1,1,0,85,1,0,1,4,1,24,1,3,2,0,2,7,0,201000028379A01,30,0,1,243100518
201000028389,2010-10-18,2010,octobre,lundi,17:00,31,31555,0,0,2,1,2,1,1,4,2,00,1,1,0,0,1,0,1,4,1,56,0,3,4,0,2,1,0,201000028389B01,7,0,1,243100518
201000028417,2010-10-30,2010,octobre,samedi,14:15,31,31555,0,0,2,1,2,1,1,4,2,04,1,1,0,150,1,0,1,4,1,36,5,1,2,0,2,4,1,201000028417B01,7,1,1,243100518
201000028430,2010-11-04,2010,novembre,jeudi,20:45,31,31555,0,0,2,1,3,5,1,4,1,02,1,1,0,85,1,0,1,4,1,43,1,1,4,0,2,7,1,201000028430B01,31,0,1,243100518
201000028440,2010-11-12,2010,novembre,vendredi,09:00,31,31555,0,0,2,1,3,1,1,4,2,02,1,1,0,85,1,0,1,3,1,42,1,1,2,0,2,0,1,201000028440B01,7,17,1,243100518
201000028451,2010-11-18,2010,novembre,jeudi,16:20,31,31555,0,0,2,1,6,1,1,4,2,02,1,1,0,74,1,0,1,4,1,31,5,2,2,1,0,1,1,201000028451B01,7,22,1,243100518