Num_Acc,date,an,mois,jour,hrmn,dep,com,lat,long,agg,int,col,lum,atm,catr,circ,nbv,prof,plan,lartpc,larrout,surf,infra,situ,grav,sexe,age,trajet,secuexist,equipement,obs,obsm,choc,manv,vehiculeid,typevehicules,manoeuvehicules,numVehicules,_infos_commune.code_epci
201000033608,2010-11-25,2010,novembre,jeudi,18:20,44,44109,0,0,2,1,6,5,1,4,2,02,1,1,0,0,1,0,1,3,1,33,0,3,4,1,2,1,18,201000033608B01,7,1,1,244400404
201000033626,2010-12-09,2010,décembre,jeudi,08:10,44,44109,0,0,2,6,3,1,1,4,-1,00,-1,-1,0,0,-1,0,1,3,1,52,1,3,9,0,2,7,1,201000033626B01,10,1,1,244400404
201000033628,2010-12-09,2010,décembre,jeudi,15:25,44,44162,0,0,2,1,3,1,1,4,1,01,1,2,0,0,1,0,1,4,1,73,0,3,9,0,2,7,1,201000033628B01,7,9,1,244400404
201000033639,2010-12-17,2010,décembre,vendredi,07:00,44,44109,0,0,2,1,2,5,1,4,1,01,1,1,0,40,2,0,1,4,1,29,1,3,2,0,2,4,0,201000033639B01,33,1,1,244400404
201000033670,2010-03-23,2010,mars,mardi,17:30,44,44184,0,0,2,3,3,1,1,4,2,02,1,1,0,0,1,0,1,4,1,33,9,3,4,0,2,1,9,201000033670A01,7,15,1,244400644
201000033674,2010-04-19,2010,avril,lundi,16:45,44,44184,0,0,2,1,3,1,1,4,2,02,1,1,0,0,1,0,1,4,1,8,4,2,9,0,2,1,9,201000033674B01,7,1,1,244400644
201000033684,2010-05-14,2010,mai,vendredi,14:30,44,44184,0,0,2,1,3,1,1,4,2,02,-1,-1,0,0,1,0,1,4,1,15,0,3,9,0,2,0,0,201000033684A01,7,1,1,244400644
201000033688,2010-05-26,2010,mai,mercredi,12:30,44,44184,0,0,2,1,6,1,1,4,2,02,1,1,0,0,1,0,4,1,1,26,0,3,9,0,1,0,1,201000033688A01,,,,244400644
201000033701,2010-07-16,2010,juillet,vendredi,16:55,44,44184,0,0,2,3,3,1,1,3,2,02,1,1,0,0,1,0,1,3,1,41,1,1,9,0,2,1,1,201000033701B01,7,1,1,244400644
201000033707,2010-08-16,2010,août,lundi,18:40,44,44184,0,0,2,6,3,1,1,4,3,02,1,1,0,360,1,0,5,4,1,4,5,1,2,0,2,8,19,201000033707B01,10,1,1,244400644
201000033708,2010-09-02,2010,septembre,jeudi,09:40,44,44184,0,0,2,6,2,1,7,4,1,01,1,3,0,0,1,0,1,4,1,66,5,1,2,0,2,4,1,201000033708B01,7,1,1,244400644
201000033709,2010-09-02,2010,septembre,jeudi,17:20,44,44184,0,0,2,3,3,1,1,4,2,02,1,1,0,0,1,0,1,4,1,13,5,2,2,0,2,1,19,201000033709A01,31,1,1,244400644
201000033717,2010-09-18,2010,septembre,samedi,17:50,44,44184,0,0,2,1,6,1,1,4,2,02,1,1,0,0,1,0,1,4,2,60,5,3,9,0,9,0,1,201000033717B01,10,1,1,244400644
201000033717,2010-09-18,2010,septembre,samedi,17:50,44,44184,0,0,2,1,6,1,1,4,2,02,1,1,0,0,1,0,1,4,2,63,5,3,9,0,9,0,1,201000033717C01,10,1,1,244400644
201000033723,2010-09-29,2010,septembre,mercredi,10:25,44,44184,0,0,2,6,3,1,1,4,1,01,1,3,0,0,1,0,1,4,1,18,1,2,9,0,2,1,1,201000033723B01,7,16,1,244400644
201000033725,2010-09-30,2010,septembre,jeudi,18:10,44,44184,0,0,2,1,3,1,8,6,2,02,1,1,0,0,-1,0,1,4,1,14,5,3,9,0,2,0,0,201000033725B01,7,1,1,244400644
201000033728,2010-10-14,2010,octobre,jeudi,19:40,44,44184,0,0,2,1,3,2,1,4,2,02,1,1,0,68,1,0,1,4,1,47,0,3,9,0,2,1,18,201000033728A01,7,16,1,244400644
201000033731,2010-10-26,2010,octobre,mardi,15:55,44,44184,0,0,2,1,6,1,1,4,1,02,1,1,0,0,1,0,1,4,2,56,5,3,9,0,1,0,1,201000033731A01,,,,244400644
201000033739,2010-11-22,2010,novembre,lundi,10:25,44,44184,0,0,2,1,6,1,1,4,2,02,1,1,0,0,1,0,1,3,1,77,5,3,9,0,2,1,11,201000033739B01,7,1,1,244400644
201000033742,2010-11-24,2010,novembre,mercredi,18:30,44,44184,0,0,2,1,3,5,1,4,2,02,1,-1,0,0,1,0,1,4,1,11,5,3,9,0,2,8,19,201000033742B01,7,1,1,244400644
201000033751,2010-12-29,2010,décembre,mercredi,10:15,44,44184,0,0,2,3,3,1,2,4,2,02,2,1,0,0,2,0,1,4,1,35,5,3,9,0,2,1,1,201000033751B01,7,15,1,244400644
201000033764,2010-03-16,2010,mars,mardi,09:10,45,45338,47.97388,2.71897,2,1,3,1,1,4,2,02,1,1,0,50,1,0,1,3,2,77,5,3,9,0,2,7,1,201000033764B01,10,9,1,244500203
201000033779,2010-04-26,2010,avril,lundi,12:05,45,45004,47.97391,2.73339,2,6,3,1,1,3,2,02,1,2,0,55,1,5,1,4,2,37,5,3,9,0,2,1,1,201000033779B01,7,9,1,244500203
201000033791,2010-05-31,2010,mai,lundi,17:50,45,45208,48.00031,2.73925,2,1,3,1,1,4,1,01,1,1,0,35,1,0,1,4,2,6,5,2,9,0,2,1,19,201000033791B01,7,1,1,244500203
201000033813,2010-09-10,2010,septembre,vendredi,16:30,45,45208,47.99535,2.73066,2,2,1,1,1,4,1,01,1,-1,0,45,1,5,1,4,1,13,0,3,9,0,2,1,15,201000033813A01,7,1,1,244500203
201000033826,2010-10-13,2010,octobre,mercredi,07:50,45,45338,47.98229,2.70596,2,2,3,5,1,4,2,02,1,1,0,50,1,5,1,4,1,18,2,2,9,0,2,1,1,201000033826A01,7,16,1,244500203
201000033853,2010-01-21,2010,janvier,jeudi,07:05,45,45285,47.89952,1.87293,2,1,3,3,5,4,3,04,1,1,10,87,1,0,1,4,2,33,1,1,4,8,2,1,5,201000033853A01,7,1,1,244500468
201000033854,2010-01-21,2010,janvier,jeudi,12:27,45,45234,47.90148,1.90552,2,1,3,1,1,4,2,02,1,1,0,47,1,0,1,4,1,19,9,3,2,0,2,8,1,201000033854B01,7,1,1,244500468
201000033891,2010-03-29,2010,mars,lundi,18:25,45,45234,0,0,2,1,3,1,1,4,2,02,1,1,0,60,1,0,1,4,1,12,0,2,2,0,2,8,9,201000033891A01,7,1,1,244500468
201000033912,2010-05-10,2010,mai,lundi,11:15,45,45234,47.8993,1.90412,2,1,3,1,1,4,3,04,1,1,0,28,1,4,1,4,1,19,0,2,9,0,2,8,19,201000033912A01,7,1,1,244500468
201000033918,2010-05-25,2010,mai,mardi,14:00,45,45234,47.91432,1.92973,2,1,3,1,1,4,2,02,1,1,0,46,1,0,1,4,1,60,0,2,9,0,2,1,1,201000033918B01,10,22,1,244500468
201000033922,2010-06-02,2010,juin,mercredi,20:15,45,45075,47.89212,1.83403,2,6,3,1,1,4,2,02,1,1,0,45,1,0,1,4,2,31,9,3,9,0,2,1,1,201000033922B01,7,9,1,244500468
201000033937,2010-06-28,2010,juin,lundi,08:32,45,45234,47.90895,1.8994,2,1,3,1,1,4,1,01,1,1,0,30,1,0,1,4,2,33,9,3,9,0,2,1,2,201000033937B01,7,22,1,244500468
201000033938,2010-06-28,2010,juin,lundi,18:20,45,45286,47.88759,1.92629,2,1,3,1,1,3,2,02,1,1,0,55,1,0,1,3,2,45,9,3,9,0,2,3,9,201000033938A01,7,1,1,244500468
201000033943,2010-07-05,2010,juillet,lundi,12:25,45,45234,47.90221,1.88934,2,2,3,1,1,4,2,02,1,1,0,71,1,0,1,4,2,48,9,3,9,0,2,8,15,201000033943A01,7,1,1,244500468
201000033946,2010-07-08,2010,juillet,jeudi,22:55,45,45234,47.89789,1.90616,2,1,1,1,1,3,2,02,1,1,0,60,1,0,1,4,1,15,9,3,9,0,2,1,13,201000033946A01,7,1,1,244500468
201000033965,2010-08-24,2010,août,mardi,20:00,45,45234,47.92247,1.89378,2,2,3,2,1,4,2,02,1,1,0,60,1,0,1,4,2,33,9,3,9,0,2,1,15,201000033965A01,7,15,1,244500468
201000033967,2010-08-27,2010,août,vendredi,09:00,45,45147,47.92119,1.9056,2,3,3,1,1,4,2,02,1,1,0,80,1,0,1,3,1,71,9,2,9,0,2,1,1,201000033967B01,7,16,1,244500468
201000033979,2010-09-11,2010,septembre,samedi,15:40,45,45234,47.91849,1.89347,2,1,3,1,1,4,2,02,1,1,0,67,1,0,1,4,1,8,0,1,9,0,2,1,1,201000033979B01,7,22,1,244500468
201000033984,2010-09-16,2010,septembre,jeudi,18:00,45,45285,0,0,2,1,3,1,1,3,3,02,1,1,36,83,1,0,1,4,1,69,9,3,9,0,2,3,13,201000033984A01,33,1,1,244500468
201000033989,2010-09-24,2010,septembre,vendredi,15:00,45,45147,47.93431,1.89625,2,1,3,1,1,3,2,04,1,1,15,142,1,0,1,3,2,29,9,3,9,0,2,3,1,201000033989B01,7,0,1,244500468
201000034003,2010-10-08,2010,octobre,vendredi,16:25,45,45285,47.91245,1.86498,2,1,3,1,1,4,2,02,1,1,0,69,1,0,1,3,1,13,9,3,9,0,2,6,19,201000034003A01,7,1,1,244500468
201000034006,2010-10-11,2010,octobre,lundi,19:50,45,45147,47.93192,1.90999,2,1,6,1,1,4,2,02,1,1,0,71,1,0,1,3,1,52,9,1,9,0,0,1,1,201000034006A01,,,,244500468
201000034015,2010-10-25,2010,octobre,lundi,17:55,45,45284,47.91417,1.96425,2,2,3,2,1,3,2,02,1,1,0,55,1,0,1,3,2,40,9,3,9,0,2,1,1,201000034015A01,7,16,1,244500468
201000034016,2010-10-26,2010,octobre,mardi,07:52,45,45234,47.92085,1.89662,2,2,3,1,1,4,2,02,1,1,0,49,1,0,1,4,1,58,9,2,9,0,2,7,1,201000034016A01,7,1,1,244500468
201000034017,2010-10-26,2010,octobre,mardi,09:13,45,45234,47.91603,1.93097,2,3,3,1,1,4,2,02,1,1,0,58,1,0,1,4,1,76,9,3,9,0,2,1,1,201000034017A01,7,15,1,244500468
201000034031,2010-11-17,2010,novembre,mercredi,12:20,45,45075,47.89282,1.82579,2,1,2,1,1,4,2,02,1,1,0,55,1,0,1,3,2,11,2,3,9,0,2,1,2,201000034031A01,7,1,1,244500468
201000034035,2010-11-25,2010,novembre,jeudi,15:51,45,45234,47.8849,1.90449,2,2,3,1,2,3,2,02,1,1,0,81,2,0,1,3,1,12,2,3,4,0,2,1,1,201000034035A01,7,1,1,244500468
201000034035,2010-11-25,2010,novembre,jeudi,15:51,45,45234,47.8849,1.90449,2,2,3,1,2,3,2,02,1,1,0,81,2,0,1,1,1,12,0,3,9,0,2,1,1,201000034035A01,7,1,1,244500468
201000034099,2010-07-16,2010,juillet,vendredi,13:05,47,47032,0,0,2,1,3,1,1,4,1,01,1,1,0,0,1,0,1,3,1,15,5,3,9,0,2,1,1,201000034099A01,20,1,1,200096956
201000034106,2010-08-24,2010,août,mardi,20:10,47,47001,44.1975,0.62038,2,3,3,1,1,3,2,02,1,1,0,86,1,0,5,4,1,53,1,3,9,0,2,1,1,201000034106B01,7,16,1,200096956
201000034109,2010-09-01,2010,septembre,mercredi,16:20,47,47201,44.1983,0.59578,2,1,3,1,1,4,2,02,1,1,0,62,1,0,1,3,2,81,5,3,9,0,2,8,9,201000034109B01,14,1,1,200096956
201000034119,2010-11-24,2010,novembre,mercredi,17:35,47,47031,0,0,2,3,3,1,1,4,2,02,1,1,0,80,1,0,1,4,1,14,5,3,9,0,2,1,1,201000034119A01,7,1,1,200096956
201000034137,2010-06-17,2010,juin,jeudi,08:20,47,47323,0,0,2,1,3,1,1,4,1,01,1,1,0,0,1,0,0,4,1,20,0,3,9,0,0,3,11,201000034137B01,7,2,1,200023307
201000034154,2010-12-19,2010,décembre,dimanche,21:00,47,47323,0,0,2,2,3,4,1,4,1,01,1,1,0,50,1,0,1,4,1,24,5,3,9,0,0,0,1,201000034154B01,7,1,1,200023307
201000034161,2010-09-13,2010,septembre,lundi,16:10,48,48095,44.52132,3.51525,2,1,7,1,1,4,2,01,-1,1,0,48,1,0,1,3,1,14,5,3,9,0,0,0,1,201000034161B01,7,1,1,244800405
201000034164,2010-01-04,2010,janvier,lundi,13:00,49,49007,47.459,-0.54716,2,2,3,1,1,4,2,02,1,1,0,61,1,0,1,4,1,66,5,3,9,0,2,1,1,201000034164B01,7,15,1,244900015
201000034168,2010-01-09,2010,janvier,samedi,15:50,49,49007,47.4541,-0.57724,2,1,7,1,1,4,-1,01,1,1,0,0,1,0,0,4,1,22,0,3,9,1,0,0,0,201000034168A01,,,,244900015
201000034178,2010-01-13,2010,janvier,mercredi,19:20,49,49007,47.4745,-0.5468,2,2,1,5,1,4,2,02,1,1,0,0,2,0,1,4,2,21,5,3,9,0,2,1,16,201000034178B01,7,1,1,244900015
201000034183,2010-01-21,2010,janvier,jeudi,13:40,49,49267,47.4769,-0.5071,2,6,3,1,1,4,2,02,1,1,0,0,1,0,1,4,1,30,1,3,9,0,2,4,1,201000034183B01,7,9,1,244900015
201000034193,2010-02-03,2010,février,mercredi,19:21,49,49007,47.4738,-0.5757,2,1,7,5,1,4,1,00,-1,-1,0,60,-1,0,1,3,1,18,0,3,9,0,0,0,1,201000034193A01,,,,244900015
201000034199,2010-02-09,2010,février,mardi,10:48,49,49007,47.4657,-0.55608,2,1,7,1,1,4,1,01,1,1,0,0,1,0,1,4,1,37,5,2,2,14,0,1,1,201000034199A01,,,,244900015
201000034227,2010-03-12,2010,mars,vendredi,18:04,49,49007,47.466,-0.54359,2,4,2,1,1,4,2,02,1,1,0,75,1,0,1,1,1,23,1,2,2,1,2,4,15,201000034227B01,31,17,1,244900015
201000034228,2010-03-13,2010,mars,samedi,01:24,49,49007,47.4746,-0.5469,2,2,6,4,1,4,3,04,1,1,0,0,1,0,1,4,1,31,0,3,2,1,2,0,1,201000034228A01,7,1,1,244900015
201000034230,2010-03-15,2010,mars,lundi,07:37,49,49007,47.4633,-0.53208,2,1,7,1,1,4,3,01,1,1,0,60,1,0,5,4,2,23,1,3,2,0,0,0,1,201000034230A01,,,,244900015
201000034234,2010-03-18,2010,mars,jeudi,07:53,49,49246,47.4348,-0.52476,2,1,7,1,1,4,3,02,2,1,0,41,1,0,1,4,1,13,9,3,2,0,0,0,1,201000034234A01,,,,244900015
201000034246,2010-03-23,2010,mars,mardi,10:40,49,49246,47.4322,-0.5289,2,1,7,1,1,3,2,02,1,1,0,70,1,0,1,4,1,60,0,3,2,0,1,1,1,201000034246A01,,,,244900015
201000034246,2010-03-23,2010,mars,mardi,10:40,49,49246,47.4322,-0.5289,2,1,7,1,1,3,2,02,1,1,0,70,1,0,1,1,1,40,0,3,9,0,1,1,1,201000034246A01,,,,244900015
201000034252,2010-03-26,2010,mars,vendredi,16:45,49,49007,47.4647,-0.54099,2,1,2,1,1,4,2,02,1,1,0,52,1,0,1,4,1,50,5,2,2,1,2,1,2,201000034252A01,7,2,1,244900015
201000034275,2010-04-20,2010,avril,mardi,19:22,49,49246,47.4445,-0.51666,2,1,7,1,1,4,2,02,1,1,0,94,1,0,1,4,1,48,5,3,9,0,0,0,1,201000034275A01,,,,244900015
201000034277,2010-04-21,2010,avril,mercredi,16:55,49,49246,47.4308,-0.53868,2,1,7,1,1,3,2,02,1,1,0,35,1,0,1,4,1,16,5,3,9,0,0,0,1,201000034277A01,,,,244900015
201000034282,2010-04-26,2010,avril,lundi,15:15,49,49007,47.4793,-0.56092,2,1,7,1,1,4,2,03,1,1,0,0,1,0,5,4,1,52,1,3,9,0,2,0,1,201000034282B01,7,20,1,244900015
201000034283,2010-04-28,2010,avril,mercredi,09:30,49,49007,47.4517,-0.53581,2,2,1,1,1,4,2,02,1,1,0,54,1,0,1,4,2,51,5,3,9,0,2,1,16,201000034283B01,7,15,1,244900015
201000034287,2010-04-28,2010,avril,mercredi,17:54,49,49007,47.4724,-0.55454,2,1,1,1,1,4,2,02,1,1,0,39,1,0,1,1,1,16,5,2,2,0,2,0,9,201000034287A01,1,1,1,244900015
201000034287,2010-04-28,2010,avril,mercredi,17:54,49,49007,47.4724,-0.55454,2,1,1,1,1,4,2,02,1,1,0,39,1,0,1,1,1,13,5,2,2,0,2,0,9,201000034287A01,1,1,1,244900015
201000034287,2010-04-28,2010,avril,mercredi,17:54,49,49007,47.4724,-0.55454,2,1,1,1,1,4,2,02,1,1,0,39,1,0,1,4,2,52,1,2,2,0,2,1,1,201000034287B01,1,9,1,244900015
201000034298,2010-05-06,2010,mai,jeudi,18:44,49,49007,47.4534,-0.5259,2,6,3,2,1,4,2,02,1,1,0,0,1,0,1,4,2,58,1,2,2,0,2,1,0,201000034298B01,7,16,1,244900015
201000034305,2010-05-15,2010,mai,samedi,12:15,49,49007,47.4603,-0.61081,2,1,7,1,1,4,-1,01,1,1,0,0,1,0,1,4,2,9,5,3,2,0,0,0,1,201000034305A01,,,,244900015
201000034310,2010-05-20,2010,mai,jeudi,16:00,49,49007,47.4705,-0.56352,2,1,7,1,1,4,1,01,1,1,0,30,1,0,4,3,2,54,1,1,2,0,1,0,1,201000034310A01,,,,244900015
201000034312,2010-05-22,2010,mai,samedi,14:47,49,49007,47.4893,-0.5198,2,1,7,1,1,4,1,01,1,1,0,15,1,0,5,4,1,61,0,3,2,0,0,0,1,201000034312A01,,,,244900015
201000034314,2010-05-21,2010,mai,vendredi,08:00,49,49007,47.4705,-0.55557,2,7,2,1,1,4,2,02,1,1,0,60,1,0,1,4,1,16,1,3,2,0,2,1,2,201000034314A01,7,20,1,244900015
201000034315,2010-05-21,2010,mai,vendredi,15:00,49,49007,47.4549,-0.55243,2,1,7,1,1,4,2,02,1,1,0,61,1,0,1,4,2,58,5,3,9,0,0,1,1,201000034315A01,,,,244900015
201000034332,2010-06-10,2010,juin,jeudi,18:23,49,49007,47.4719,-0.56701,2,2,3,1,1,4,2,04,1,1,0,60,1,0,1,4,1,24,0,3,9,0,2,1,1,201000034332B01,7,1,1,244900015
201000034337,2010-06-11,2010,juin,vendredi,16:20,49,49007,47.4723,-0.54625,2,3,3,1,1,4,3,02,1,1,0,90,1,0,1,4,2,61,9,1,2,0,2,7,1,201000034337B01,7,15,1,244900015
201000034339,2010-06-14,2010,juin,lundi,14:50,49,49267,47.4726,-0.49337,2,6,3,1,2,4,2,02,1,1,0,60,1,0,1,4,1,31,5,3,9,0,2,1,1,201000034339B01,7,16,1,244900015
201000034340,2010-06-14,2010,juin,lundi,17:50,49,49007,47.4733,-0.5955,2,1,7,1,1,4,2,02,1,1,0,60,1,0,1,4,2,19,0,3,2,12,0,0,1,201000034340A01,,,,244900015
201000034349,2010-06-21,2010,juin,lundi,14:00,49,49007,47.4698,-0.56626,2,1,7,1,1,4,2,02,1,1,0,60,1,0,4,4,1,19,9,3,2,9,0,2,1,201000034349A01,,,,244900015
201000034352,2010-06-22,2010,juin,mardi,17:54,49,49007,47.4582,-0.54476,2,6,3,1,1,4,2,02,1,-1,0,60,1,0,1,3,2,77,0,3,2,0,2,2,1,201000034352B01,7,9,1,244900015
201000034356,2010-06-25,2010,juin,vendredi,08:22,49,49007,47.4517,-0.53581,2,3,1,1,1,4,2,02,1,1,0,60,1,0,1,4,1,10,0,2,2,0,2,0,0,201000034356B01,7,0,1,244900015
201000034357,2010-06-29,2010,juin,mardi,14:00,49,49007,47.4536,-0.57233,2,1,7,1,1,4,2,02,1,1,0,60,1,0,1,4,1,14,9,2,2,1,0,8,1,201000034357A01,,,,244900015
201000034359,2010-06-29,2010,juin,mardi,15:25,49,49007,47.4572,-0.53247,2,1,3,1,1,4,2,02,1,1,0,76,1,0,1,4,2,70,0,3,2,0,2,3,9,201000034359A01,37,1,1,244900015
201000034368,2010-07-05,2010,juillet,lundi,19:27,49,49007,47.4637,-0.53817,2,3,7,1,1,4,1,02,1,1,0,60,1,0,1,4,2,31,0,2,9,0,0,1,1,201000034368A01,,,,244900015
201000034384,2010-07-19,2010,juillet,lundi,15:55,49,49007,47.4815,-0.57486,2,1,7,1,1,4,2,02,1,1,0,60,1,0,1,4,1,31,9,3,9,0,0,0,1,201000034384A01,,,,244900015
201000034393,2010-07-30,2010,juillet,vendredi,15:30,49,49015,47.4999,-0.62168,2,2,3,1,1,3,2,02,1,1,0,90,1,1,1,4,1,15,5,1,2,0,2,1,1,201000034393B01,7,15,1,244900015
201000034395,2010-08-02,2010,août,lundi,19:54,49,49353,47.4437,-0.49832,2,2,3,1,1,4,2,02,1,1,0,52,1,0,1,4,1,58,5,3,9,0,2,1,1,201000034395A01,7,1,1,244900015
201000034401,2010-08-09,2010,août,lundi,18:29,49,49007,47.4579,-0.52274,2,1,3,1,1,4,-1,02,1,1,0,52,1,0,1,4,1,41,5,3,9,0,2,3,0,201000034401B01,7,0,1,244900015
201000034402,2010-08-10,2010,août,mardi,14:00,49,49007,47.448,-0.56699,2,1,3,1,8,4,-1,02,1,1,0,54,1,0,1,4,1,10,9,3,9,0,2,0,0,201000034402B01,7,1,1,244900015
201000034402,2010-08-10,2010,août,mardi,14:00,49,49007,47.448,-0.56699,2,1,3,1,8,4,-1,02,1,1,0,54,1,0,1,4,1,10,0,3,9,0,2,0,0,201000034402B01,7,1,1,244900015
201000034404,2010-08-13,2010,août,vendredi,19:07,49,49007,47.4768,-0.5408,2,1,6,2,1,4,2,02,2,1,0,600,1,0,1,3,2,26,1,3,9,1,0,0,1,201000034404A01,,,,244900015
201000034407,2010-08-20,2010,août,vendredi,08:35,49,49246,47.4412,-0.54112,2,6,2,1,1,4,2,02,1,1,0,50,1,0,1,4,1,60,0,3,2,0,2,4,9,201000034407A01,7,15,1,244900015
201000034411,2010-08-29,2010,août,dimanche,09:23,49,49007,47.4878,-0.57378,2,1,6,1,1,4,-1,02,1,1,0,33,1,0,1,4,1,31,0,2,9,1,0,1,0,201000034411B01,7,0,1,244900015
201000034415,2010-08-30,2010,août,lundi,14:40,49,49007,47.4731,-0.59981,2,2,3,1,1,4,2,02,1,1,0,65,1,0,1,4,2,18,1,3,9,2,2,1,1,201000034415A01,7,1,1,244900015
201000034420,2010-09-02,2010,septembre,jeudi,09:10,49,49007,47.4517,-0.53581,2,2,3,1,1,4,2,02,1,1,0,81,1,0,1,4,2,70,9,2,2,0,2,2,1,201000034420B01,7,15,1,244900015
201000034421,2010-09-02,2010,septembre,jeudi,16:43,49,49007,47.4619,-0.54844,2,2,3,1,1,4,2,02,1,1,0,75,1,0,1,4,2,50,1,2,2,0,2,1,1,201000034421B01,7,15,1,244900015
201000034424,2010-08-28,2010,août,samedi,13:17,49,49007,47.475,-0.53418,2,1,7,1,1,4,1,01,1,1,0,20,1,0,1,4,2,26,5,3,9,0,0,1,1,201000034424A01,,,,244900015
201000034428,2010-08-30,2010,août,lundi,07:50,49,49007,47.453,-0.53872,2,2,3,1,1,4,2,02,1,1,0,70,1,0,1,1,1,18,1,2,2,0,2,8,9,201000034428A01,33,1,1,244900015
201000034432,2010-09-07,2010,septembre,mardi,16:44,49,49007,47.4678,-0.55655,2,1,7,1,1,4,2,04,1,1,0,140,2,0,5,4,2,73,9,2,2,0,2,1,5,201000034432A01,99,19,1,244900015
201000034438,2010-09-10,2010,septembre,vendredi,16:00,49,49007,47.4812,-0.54303,2,2,1,1,1,4,2,02,1,1,0,74,1,0,1,4,1,15,5,3,2,0,2,1,1,201000034438B01,7,16,1,244900015
201000034441,2010-09-11,2010,septembre,samedi,08:56,49,49007,47.4547,-0.53322,2,2,1,1,1,4,2,02,1,1,0,63,1,0,1,4,2,46,5,3,9,0,2,1,1,201000034441B01,7,15,1,244900015
201000034450,2010-09-16,2010,septembre,jeudi,17:30,49,49007,47.4649,-0.54905,2,6,3,1,1,4,2,02,1,1,0,80,1,0,1,4,2,20,1,3,2,0,2,1,1,201000034450B01,7,1,1,244900015
201000034452,2010-09-19,2010,septembre,dimanche,18:00,49,49007,47.4745,-0.5468,2,2,3,1,1,4,2,02,1,1,0,62,1,0,1,3,2,23,5,2,9,0,2,1,1,201000034452B01,7,16,1,244900015
201000034455,2010-09-18,2010,septembre,samedi,12:40,49,49007,47.4743,-0.54636,2,1,7,1,1,4,2,03,1,1,0,80,1,0,1,4,1,55,0,3,2,0,0,1,1,201000034455A01,,,,244900015
201000034462,2010-09-20,2010,septembre,lundi,08:11,49,49007,47.4639,-0.53059,2,3,1,1,1,4,2,02,1,1,0,90,1,0,1,4,1,15,2,3,2,0,0,1,13,201000034462B01,7,1,1,244900015
201000034467,2010-09-24,2010,septembre,vendredi,10:00,49,49007,47.4729,-0.58347,2,1,7,1,1,4,2,02,1,1,0,75,2,0,1,4,1,17,4,3,2,0,0,0,1,201000034467A01,,,,244900015
201000034469,2010-09-24,2010,septembre,vendredi,17:00,49,49007,47.4454,-0.54608,2,1,1,1,1,4,2,02,1,1,0,0,2,0,0,4,1,83,0,3,9,0,2,0,0,201000034469B01,3,0,1,244900015
201000034474,2010-09-27,2010,septembre,lundi,11:03,49,49353,47.4427,-0.48166,2,1,5,1,1,3,2,02,1,2,0,70,1,0,4,4,1,62,5,3,9,0,2,1,1,201000034474A01,7,1,1,244900015
201000034474,2010-09-27,2010,septembre,lundi,11:03,49,49353,47.4427,-0.48166,2,1,5,1,1,3,2,02,1,2,0,70,1,0,4,1,2,43,4,3,2,0,2,1,1,201000034474B01,7,1,1,244900015
201000034477,2010-09-29,2010,septembre,mercredi,09:03,49,49007,47.4703,-0.53143,2,1,6,1,1,4,2,02,-1,-1,0,50,1,0,0,4,1,22,0,3,9,15,0,1,1,201000034477A01,,,,244900015
201000034483,2010-10-01,2010,octobre,vendredi,09:30,49,49007,47.4582,-0.54476,2,6,3,1,1,4,2,02,1,1,0,65,1,0,1,4,2,20,1,2,2,0,2,7,1,201000034483B01,7,9,1,244900015
201000034487,2010-10-03,2010,octobre,dimanche,00:53,49,49007,47.4717,-0.55397,2,1,7,5,1,4,1,01,2,1,0,40,-1,0,4,4,1,16,0,3,9,0,0,1,1,201000034487A01,,,,244900015
201000034493,2010-10-04,2010,octobre,lundi,15:45,49,49246,47.4197,-0.52353,2,1,7,1,8,4,2,02,1,1,0,55,2,0,1,4,2,70,5,3,2,12,0,1,1,201000034493A01,,,,244900015
201000034494,2010-10-05,2010,octobre,mardi,07:15,49,49246,47.434,-0.52269,2,1,7,5,2,4,2,02,1,1,0,60,2,0,0,4,1,52,0,3,4,0,0,7,1,201000034494A01,,,,244900015
201000034499,2010-10-05,2010,octobre,mardi,17:45,49,49007,47.4767,-0.59793,2,3,3,1,2,4,2,02,1,1,0,60,2,0,0,4,1,18,0,2,9,0,2,1,9,201000034499A01,7,1,1,244900015
201000034511,2010-10-09,2010,octobre,samedi,12:00,49,49007,47.4762,-0.54508,2,2,3,1,1,4,2,02,1,1,0,65,1,0,1,4,1,19,1,3,2,0,2,1,1,201000034511B01,7,9,1,244900015
201000034512,2010-10-10,2010,octobre,dimanche,17:20,49,49007,47.4613,-0.53103,2,1,7,1,1,4,2,02,1,1,0,60,1,0,1,4,2,19,4,3,2,12,0,7,1,201000034512A01,,,,244900015
201000034513,2010-10-11,2010,octobre,lundi,15:20,49,49007,47.4767,-0.55038,2,1,7,1,1,4,2,02,1,1,0,60,1,0,1,4,2,28,4,3,2,1,0,0,1,201000034513B01,7,24,1,244900015
201000034514,2010-10-11,2010,octobre,lundi,17:20,49,49007,47.4763,-0.56645,2,2,3,1,1,4,2,03,1,1,0,85,1,0,1,4,1,44,5,2,2,0,2,0,1,201000034514B01,7,16,1,244900015
201000034515,2010-10-11,2010,octobre,lundi,17:05,49,49007,47.4734,-0.59018,2,1,7,1,1,4,2,02,1,1,0,85,2,0,1,4,1,37,0,3,2,16,0,1,1,201000034515A01,,,,244900015