Num_Acc,date,an,mois,jour,hrmn,dep,com,lat,long,agg,int,col,lum,atm,catr,circ,nbv,prof,plan,lartpc,larrout,surf,infra,situ,grav,sexe,age,trajet,secuexist,equipement,obs,obsm,choc,manv,vehiculeid,typevehicules,manoeuvehicules,numVehicules,_infos_commune.code_epci
201000034517,2010-10-12,2010,octobre,mardi,18:21,49,49007,47.472,-0.57488,2,1,5,1,1,4,2,06,1,1,25,75,1,0,1,4,1,18,0,3,9,0,2,7,19,201000034517A01,7,1,2,244900015
201000034527,2010-10-20,2010,octobre,mercredi,07:45,49,49007,47.4551,-0.53407,2,4,3,2,1,4,4,03,1,1,0,120,1,0,1,4,2,16,2,3,9,0,2,3,19,201000034527B01,7,1,1,244900015
201000034529,2010-10-21,2010,octobre,jeudi,08:03,49,49007,47.4527,-0.55955,2,1,3,2,1,4,2,02,1,2,0,70,1,0,1,4,1,45,1,3,2,1,0,1,1,201000034529B01,7,24,1,244900015
201000034538,2010-10-28,2010,octobre,jeudi,16:11,49,49007,47.4604,-0.59826,2,1,7,1,1,4,-1,00,-1,-1,0,0,-1,0,0,4,1,15,0,3,9,0,0,1,1,201000034538A01,,,,244900015
201000034542,2010-11-01,2010,novembre,lundi,15:33,49,49007,47.4886,-0.53369,2,3,3,1,1,4,2,02,1,1,0,60,1,0,1,4,1,10,5,2,2,0,2,1,1,201000034542B01,7,15,1,244900015
201000034544,2010-11-04,2010,novembre,jeudi,08:05,49,49007,47.4751,-0.58723,2,3,3,2,2,4,2,02,1,1,0,50,2,0,1,4,2,56,1,2,2,0,2,5,15,201000034544B01,7,17,1,244900015
201000034547,2010-11-05,2010,novembre,vendredi,19:15,49,49007,47.4773,-0.52064,2,1,3,5,1,4,3,04,1,1,0,120,1,0,1,4,1,26,4,2,2,0,2,1,1,201000034547B01,7,9,1,244900015
201000034559,2010-11-09,2010,novembre,mardi,07:57,49,49007,47.473,-0.55001,2,2,1,2,1,4,-1,01,1,1,0,80,2,6,1,4,1,18,2,3,2,0,2,1,1,201000034559B01,7,19,1,244900015
201000034575,2010-11-18,2010,novembre,jeudi,21:30,49,49007,47.4714,-0.54697,2,4,3,5,1,4,3,05,1,1,0,151,1,0,1,4,1,19,9,3,2,0,2,8,1,201000034575B01,7,15,1,244900015
201000034576,2010-11-18,2010,novembre,jeudi,17:22,49,49007,47.4649,-0.54875,2,7,7,1,1,4,2,02,1,1,0,60,2,0,1,4,2,5,2,1,2,16,0,0,1,201000034576A01,,,,244900015
201000034584,2010-11-25,2010,novembre,jeudi,08:41,49,49007,47.4576,-0.55411,2,1,7,1,8,4,2,02,1,1,0,66,2,0,1,4,1,38,1,3,2,14,0,1,1,201000034584A01,,,,244900015
201000034599,2010-12-03,2010,décembre,vendredi,07:58,49,49007,47.4668,-0.54278,2,2,3,2,1,4,1,01,1,1,0,55,1,0,1,4,2,38,1,3,9,0,2,4,5,201000034599A01,7,15,1,244900015
201000034606,2010-12-07,2010,décembre,mardi,17:20,49,49007,47.4676,-0.5561,2,1,7,5,3,4,2,04,1,-1,0,120,2,0,1,4,2,61,5,2,2,14,0,1,1,201000034606A01,,,,244900015
201000034614,2010-12-09,2010,décembre,jeudi,08:50,49,49007,47.4705,-0.56631,2,1,7,1,1,4,2,02,1,1,0,65,7,0,1,4,1,46,9,3,9,16,0,0,1,201000034614A01,,,,244900015
201000034625,2010-12-17,2010,décembre,vendredi,09:50,49,49007,47.4692,-0.52543,2,1,7,1,1,4,2,02,1,1,0,60,7,0,1,4,2,19,1,2,2,16,0,1,1,201000034625A01,,,,244900015
201000034633,2010-12-29,2010,décembre,mercredi,18:09,49,49267,47.4703,-0.51581,2,6,7,5,2,4,2,02,1,1,0,0,2,5,0,4,1,28,0,3,9,0,0,0,1,201000034633A01,,,,244900015
201000034658,2010-05-05,2010,mai,mercredi,16:14,49,49099,47.0441,-0.88939,2,1,3,1,1,3,3,04,1,1,0,0,1,0,1,4,1,88,5,3,9,0,2,1,13,201000034658A01,7,1,1,200071678
201000034669,2010-06-28,2010,juin,lundi,08:25,49,49099,47.0484,-0.88109,2,3,3,1,2,4,2,02,1,1,0,0,1,0,1,3,1,57,1,1,9,0,2,1,1,201000034669B01,7,9,1,200071678
201000034672,2010-07-14,2010,juillet,mercredi,20:09,49,49099,47.0509,-0.85097,2,6,3,1,1,3,4,02,1,1,0,0,2,0,1,4,1,52,5,1,9,0,2,1,1,201000034672B01,7,9,1,200071678
201000034720,2010-03-13,2010,mars,samedi,11:40,49,49328,47.2638,-0.08104,2,3,3,1,1,4,2,02,1,-1,0,0,1,0,1,4,1,8,0,3,9,0,0,5,1,201000034720B01,7,1,1,200071876
201000034734,2010-05-14,2010,mai,vendredi,17:25,49,49328,47.2586,-0.07887,2,1,7,1,1,4,1,01,1,1,0,48,1,0,1,4,1,12,5,3,9,0,1,0,1,201000034734A01,,,,200071876
201000034738,2010-05-19,2010,mai,mercredi,16:30,49,49328,47.263,-0.07958,2,2,3,1,1,4,1,01,1,1,0,51,1,5,5,4,2,30,5,3,9,0,0,8,1,201000034738B01,7,1,1,200071876
201000034741,2010-06-03,2010,juin,jeudi,18:00,49,49328,47.2774,-0.06272,2,1,3,1,1,4,2,02,1,1,0,0,1,0,1,3,1,51,5,1,9,0,2,1,1,201000034741B01,7,15,1,200071876
201000034745,2010-06-17,2010,juin,jeudi,07:50,49,49328,47.2431,-0.09433,2,4,3,1,2,4,2,01,1,1,0,106,2,0,1,3,2,16,2,3,9,0,0,1,15,201000034745B01,7,1,1,200071876
201000034746,2010-06-20,2010,juin,dimanche,16:20,49,49328,47.2564,-0.07761,2,1,7,1,1,4,-1,01,1,1,0,64,1,0,1,4,2,16,0,3,9,0,0,0,0,201000034746A01,,,,200071876
201000034752,2010-07-06,2010,juillet,mardi,23:50,49,49328,47.274,-0.07069,2,1,7,3,1,4,2,02,1,1,0,0,1,0,5,4,1,19,5,3,9,0,0,0,1,201000034752A01,,,,200071876
201000034759,2010-07-22,2010,juillet,jeudi,20:05,49,49328,47.2834,-0.1417,2,1,7,1,1,4,2,02,2,1,0,0,1,0,1,4,1,12,0,3,9,0,0,0,0,201000034759A01,,,,200071876
201000034763,2010-08-30,2010,août,lundi,13:55,49,49328,47.2626,-0.07897,2,9,7,1,1,4,2,01,2,1,0,25,1,0,5,4,1,,0,2,9,0,0,0,2,201000034763A01,,,,200071876
201000034769,2010-09-17,2010,septembre,vendredi,07:35,49,49328,47.2603,-0.08901,2,6,2,2,1,4,2,01,1,1,0,80,1,0,1,4,2,16,2,1,9,0,0,4,2,201000034769B01,10,2,1,200071876
201000034771,2010-09-21,2010,septembre,mardi,11:20,49,49328,47.2469,-0.07715,2,6,2,1,1,4,2,01,1,1,0,0,1,5,1,3,1,61,5,1,9,0,2,4,1,201000034771B01,10,0,1,200071876
201000034772,2010-09-21,2010,septembre,mardi,17:00,49,49328,47.2881,-0.10278,1,1,3,1,1,3,3,01,1,1,0,0,1,4,5,4,1,80,0,3,9,0,2,0,1,201000034772A01,2,0,1,200071876
201000034773,2010-09-21,2010,septembre,mardi,18:00,49,49328,47.2567,-0.08491,2,1,7,1,1,4,2,01,1,1,0,67,1,0,1,4,2,12,5,3,9,2,0,1,0,201000034773A01,,,,200071876
201000034785,2010-11-22,2010,novembre,lundi,11:30,49,49328,47.2586,-0.07878,2,1,6,1,1,4,1,01,1,1,0,0,1,0,1,4,2,48,1,1,2,0,0,1,1,201000034785B01,7,0,1,200071876
201000034791,2010-12-09,2010,décembre,jeudi,08:45,49,49328,47.2614,-0.08964,2,1,7,2,9,4,1,01,1,1,0,0,7,0,1,4,2,28,1,3,9,0,0,0,1,201000034791A01,,,,200071876
201000034833,2010-03-18,2010,mars,jeudi,19:50,50,50129,49.6371,-1.61969,2,1,2,2,1,4,1,03,-1,-1,0,0,-1,0,1,3,1,20,5,3,2,0,2,4,11,201000034833A01,37,1,1,200067205
201000034841,2010-04-03,2010,avril,samedi,01:20,50,50129,49.6347,-1.62583,2,1,3,3,1,3,3,04,2,1,0,60,1,0,1,4,2,22,1,2,2,0,2,3,1,201000034841B01,7,17,1,200067205
201000034856,2010-05-12,2010,mai,mercredi,19:26,50,50129,49.645,-1.63556,2,2,3,1,1,4,3,04,1,1,0,0,1,5,5,4,1,20,5,3,2,0,2,7,9,201000034856A01,7,1,1,200067205
201000034864,2010-05-27,2010,mai,jeudi,14:00,50,50602,49.6392,-1.60551,2,2,3,1,1,4,2,02,1,1,0,0,1,5,1,3,1,38,5,2,2,0,2,1,0,201000034864A01,7,16,1,
201000034892,2010-06-28,2010,juin,lundi,07:45,50,50129,49.6393,-1.60542,2,2,1,1,7,4,2,02,1,1,0,59,1,5,1,4,1,50,1,3,2,0,2,7,1,201000034892B01,7,15,1,200067205
201000034893,2010-06-30,2010,juin,mercredi,13:15,50,50602,49.6507,-1.55362,1,1,7,1,1,3,2,02,2,4,0,46,1,0,1,3,1,64,5,3,2,16,0,0,1,201000034893A01,,,,
201000034908,2010-07-29,2010,juillet,jeudi,05:15,50,50129,49.6331,-1.61358,2,1,7,3,1,9,-1,00,1,1,0,0,1,0,1,3,1,42,5,3,2,0,0,0,1,201000034908A01,,,,200067205
201000034953,2010-10-15,2010,octobre,vendredi,09:50,50,50602,49.6501,-1.58567,2,1,6,1,1,4,2,02,1,4,0,30,1,0,5,3,1,63,5,2,2,14,0,2,1,201000034953A01,,,,
201000034985,2010-12-12,2010,décembre,dimanche,11:45,50,50129,49.6392,-1.60548,2,2,1,1,1,4,2,02,1,1,0,58,1,5,1,3,1,47,5,1,2,0,2,3,1,201000034985B01,7,15,1,200067205
201000034999,2010-07-28,2010,juillet,mercredi,13:50,50,50147,49.0575,-1.43045,2,3,3,1,1,3,2,02,3,1,0,80,1,0,1,4,1,55,1,3,9,0,2,7,1,201000034999B01,7,15,1,200067023
201000035023,2010-08-18,2010,août,mercredi,14:40,50,50165,48.8522,-1.56211,2,1,7,1,1,3,2,02,2,2,0,65,1,0,3,3,1,15,5,1,2,0,0,0,14,201000035023A01,,,,200042604
201000035043,2010-06-30,2010,juin,mercredi,13:20,50,50502,49.1119,-1.06982,2,6,3,1,1,4,2,02,4,1,0,83,1,5,1,4,1,63,5,2,2,0,2,4,1,201000035043B01,7,1,1,200066389
201000035060,2010-11-17,2010,novembre,mercredi,15:25,50,50502,49.1155,-1.08308,2,2,3,1,1,2,1,02,1,-1,78,97,1,0,1,4,2,54,1,3,2,0,2,1,1,201000035060B01,7,9,1,200066389
201000035078,2010-08-20,2010,août,vendredi,13:45,51,51108,0,0,2,3,3,1,1,4,2,02,1,1,0,50,1,0,1,4,2,22,1,3,4,0,2,2,19,201000035078B01,7,1,1,200066876
201000035121,2010-02-25,2010,février,jeudi,08:35,51,51172,49.2164,4.05112,2,6,3,1,2,3,3,04,1,1,20,120,2,5,0,4,1,46,1,3,2,0,2,7,15,201000035121B01,7,16,1,200067213
201000035125,2010-03-09,2010,mars,mardi,18:15,51,51454,0,0,2,1,3,2,1,4,2,03,1,1,0,96,1,0,1,3,1,27,1,1,2,0,2,1,1,201000035125B01,7,13,1,200067213
201000035129,2010-03-19,2010,mars,vendredi,07:55,51,51573,0,0,2,6,3,1,1,4,1,02,1,-1,,86,1,0,1,4,1,23,1,3,9,0,2,7,15,201000035129B01,7,9,1,200067213
201000035143,2010-05-16,2010,mai,dimanche,18:30,51,51454,0,0,2,1,6,1,1,4,-1,00,1,1,0,0,1,6,0,1,1,18,5,3,9,0,1,1,0,201000035143A01,,,,200067213
201000035143,2010-05-16,2010,mai,dimanche,18:30,51,51454,0,0,2,1,6,1,1,4,-1,00,1,1,0,0,1,6,0,4,1,4,5,3,9,0,1,1,0,201000035143A01,,,,200067213
201000035194,2010-09-30,2010,septembre,jeudi,16:20,51,51454,0,0,2,6,3,1,1,3,1,01,1,2,0,86,1,5,1,3,1,32,0,2,2,0,2,8,2,201000035194B01,14,2,1,200067213
201000035201,2010-10-10,2010,octobre,dimanche,00:02,51,51172,0,0,2,1,3,5,1,4,2,02,1,1,0,72,1,0,1,4,1,31,1,1,4,0,0,8,1,201000035201B01,7,2,1,200067213
201000035202,2010-10-15,2010,octobre,vendredi,07:30,51,51454,0,0,2,1,3,5,1,4,2,04,1,2,0,112,1,0,1,4,1,25,0,3,2,0,2,7,1,201000035202B01,7,1,1,200067213
201000035209,2010-10-25,2010,octobre,lundi,07:50,51,51454,0,0,2,1,1,2,1,4,2,02,1,1,0,58,1,0,1,3,1,40,1,3,9,0,0,0,0,201000035209B01,7,0,1,200067213
201000035218,2010-11-22,2010,novembre,lundi,18:00,51,51055,0,0,1,1,2,3,2,4,2,02,2,1,0,65,2,2,1,3,1,41,5,3,9,0,2,4,2,201000035218B01,7,2,1,200067213
201000035234,2010-04-22,2010,avril,jeudi,15:30,52,52121,48.1028,5.13478,2,2,2,1,1,4,2,03,1,1,0,78,1,0,1,4,2,60,5,3,9,0,2,4,23,201000035234B01,10,0,1,200068658
201000035262,2010-06-05,2010,juin,samedi,08:25,52,52448,48.6366,4.9557,2,6,3,1,1,4,1,01,2,1,0,66,1,0,1,3,1,52,5,1,9,0,2,3,1,201000035262A01,7,9,1,200068666
201000035265,2010-06-09,2010,juin,mercredi,10:35,52,52448,48.6387,4.9598,2,1,6,1,1,4,3,02,1,1,0,0,1,0,1,1,1,19,0,2,2,0,1,0,1,201000035265A01,,,,200068666
201000035291,2010-04-13,2010,avril,mardi,18:00,53,53130,0,0,2,1,2,1,1,4,2,02,2,1,0,78,-1,0,1,3,1,90,5,2,2,14,0,1,1,201000035291A01,7,23,1,200083392
201000035292,2010-05-10,2010,mai,lundi,08:40,53,53130,0,0,2,3,6,1,2,4,2,03,1,1,0,90,2,5,1,1,1,38,5,2,2,0,0,8,23,201000035292C01,7,1 / 15,2,200083392
201000035300,2010-10-08,2010,octobre,vendredi,18:50,53,53130,0,0,2,1,3,1,1,4,2,02,2,1,0,0,1,0,1,3,1,20,2,2,2,0,2,1,18,201000035300B01,7,14,1,200083392
201000035324,2010-04-28,2010,avril,mercredi,21:00,54,54159,0,0,2,3,3,1,1,9,2,02,1,1,0,55,1,0,1,4,1,15,5,3,9,0,2,1,9,201000035324A01,7,1,1,245400189
201000035334,2010-07-22,2010,juillet,jeudi,20:45,54,54323,0,0,2,1,3,2,1,4,2,02,1,1,0,0,1,0,1,3,1,38,5,1,2,0,2,1,1,201000035334B01,7,15,1,245400262
201000035342,2010-01-28,2010,janvier,jeudi,17:00,54,54329,0,0,2,3,3,2,1,3,2,03,1,1,0,100,1,0,5,4,1,39,0,3,9,0,2,1,1,201000035342B01,10,15,1,200070324
201000035358,2010-01-05,2010,janvier,mardi,08:30,54,54395,0,0,2,3,3,1,1,4,2,00,1,1,0,0,1,0,1,4,1,30,2,1,2,0,2,1,1,201000035358B01,7,9,1,245400676
201000035358,2010-01-05,2010,janvier,mardi,08:30,54,54395,0,0,2,3,3,1,1,4,2,00,1,1,0,0,1,0,1,4,1,9,2,1,2,0,2,1,1,201000035358B01,7,9,1,245400676
201000035379,2010-01-28,2010,janvier,jeudi,21:30,54,54395,0,0,2,1,3,5,2,4,1,01,2,1,0,90,2,0,1,4,2,56,1,1,4,0,2,8,1,201000035379A01,7,2,1,245400676
201000035470,2010-04-09,2010,avril,vendredi,07:59,54,54395,0,0,2,1,6,1,1,4,2,02,1,1,20,90,-1,0,1,4,1,57,1,2,2,0,1,1,0,201000035470A01,,,,245400676
201000035482,2010-04-22,2010,avril,jeudi,16:00,54,54304,0,0,2,1,3,1,1,4,2,02,2,1,0,0,1,0,1,4,2,74,3,2,2,0,2,1,1,201000035482B01,10,16,1,245400676
201000035485,2010-04-23,2010,avril,vendredi,18:30,54,54578,0,0,2,4,6,1,1,4,2,00,1,1,0,0,1,0,1,4,1,8,0,1,2,0,0,0,0,201000035485A01,7,1,1,245400676
201000035492,2010-04-28,2010,avril,mercredi,16:40,54,54395,0,0,2,1,6,1,1,4,2,02,1,1,0,0,1,0,1,4,1,61,1,3,9,0,2,8,1,201000035492B01,7,1,1,245400676
201000035493,2010-04-29,2010,avril,jeudi,10:00,54,54547,0,0,1,1,6,1,1,4,2,02,2,-1,0,0,1,0,1,4,1,71,5,1,2,0,2,3,15,201000035493A01,7,17,1,245400676
201000035494,2010-04-29,2010,avril,jeudi,16:40,54,54547,0,0,2,1,6,1,1,4,1,04,1,1,30,71,1,0,1,4,2,80,5,3,9,0,2,0,0,201000035494B01,14,0,1,245400676
201000035515,2010-05-18,2010,mai,mardi,13:15,54,54304,0,0,2,1,3,1,1,4,3,04,1,1,0,0,1,0,1,4,1,38,1,2,2,0,2,8,1,201000035515B01,7,1,1,245400676
201000035516,2010-05-18,2010,mai,mardi,19:15,54,54547,0,0,2,3,3,1,1,4,1,02,1,1,0,0,1,0,1,3,1,64,9,3,9,0,2,1,1,201000035516A01,7,16,1,245400676
201000035527,2010-05-28,2010,mai,vendredi,18:15,54,54395,0,0,2,1,2,1,1,4,2,01,1,1,0,0,1,0,1,4,2,52,1,2,2,0,2,1,1,201000035527B01,7,4,1,245400676
201000035531,2010-06-01,2010,juin,mardi,06:05,54,54395,0,0,2,1,3,1,1,4,2,04,1,1,20,164,1,0,4,4,1,38,9,3,9,0,2,1,1,201000035531A01,7,0,1,245400676
201000035535,2010-06-06,2010,juin,dimanche,18:20,54,54395,0,0,2,2,6,1,1,4,1,02,3,1,0,45,1,0,1,4,1,25,0,2,2,0,2,1,1,201000035535A01,7,1,1,245400676
201000035542,2010-06-13,2010,juin,dimanche,12:55,54,54395,0,0,2,1,2,1,1,4,1,03,1,3,0,0,1,0,1,4,1,66,5,1,2,0,2,1,1,201000035542B01,7,4,1,245400676
201000035557,2010-06-24,2010,juin,jeudi,13:00,54,54482,0,0,2,3,6,1,1,4,2,02,3,1,10,70,1,0,0,4,1,19,1,1,2,0,2,3,15,201000035557A01,7,1,1,245400676
201000035564,2010-07-03,2010,juillet,samedi,15:56,54,54547,48.66972,6.1699,2,3,6,1,1,3,2,02,1,1,0,0,1,4,1,3,1,15,0,3,9,0,2,1,1,201000035564A01,7,15,1,245400676
201000035582,2010-07-24,2010,juillet,samedi,16:20,54,54578,0,0,2,1,1,1,1,4,2,02,4,3,0,0,1,0,1,4,1,14,5,2,2,0,2,7,5,201000035582A01,7,1,1,245400676
201000035594,2010-08-05,2010,août,jeudi,09:45,54,54395,0,0,2,1,6,1,1,4,2,02,2,1,0,63,1,0,4,1,1,25,1,1,2,0,1,1,1,201000035594A01,,,,245400676
201000035601,2010-08-12,2010,août,jeudi,08:25,54,54395,0,0,2,1,6,1,1,4,1,02,1,1,0,0,2,0,1,4,1,29,5,2,2,0,2,7,1,201000035601B01,7,22,1,245400676
201000035608,2010-08-20,2010,août,vendredi,15:50,54,54395,0,0,2,1,2,1,1,4,2,01,3,2,0,0,1,0,5,4,1,40,5,2,2,0,2,7,1,201000035608B01,2,1,1,245400676
201000035642,2010-09-09,2010,septembre,jeudi,06:25,54,54395,0,0,2,7,3,5,1,4,1,02,1,2,0,0,1,0,0,3,1,33,1,2,2,0,2,7,19,201000035642A01,7,16,1,245400676
201000035653,2010-09-16,2010,septembre,jeudi,07:50,54,54395,0,0,2,2,3,1,1,4,1,00,1,1,0,0,1,0,1,4,1,36,4,1,2,0,2,1,1,201000035653A01,7,1,1,245400676
201000035655,2010-09-18,2010,septembre,samedi,13:10,54,54395,0,0,2,1,6,1,1,4,1,01,2,1,0,0,1,0,1,4,1,19,5,2,2,1,0,1,21,201000035655A01,,,,245400676
201000035659,2010-09-20,2010,septembre,lundi,07:50,54,54395,0,0,2,2,6,1,1,4,1,01,1,1,0,90,1,0,0,4,2,19,0,1,2,0,2,6,0,201000035659A01,7,0,1,245400676
201000035681,2010-10-04,2010,octobre,lundi,18:45,54,54547,0,0,2,1,3,1,1,4,3,04,1,1,0,0,1,0,1,4,1,9,5,2,2,0,2,1,9,201000035681B01,7,1,1,245400676
201000035692,2010-10-10,2010,octobre,dimanche,16:20,54,54265,0,0,2,2,3,1,7,4,2,02,2,2,0,70,-1,0,1,4,1,56,0,1,2,0,2,1,1,201000035692B01,7,15,1,245400676
201000035717,2010-10-19,2010,octobre,mardi,07:45,54,54395,0,0,2,1,3,2,2,4,1,02,2,1,0,90,2,0,1,4,2,24,1,3,2,0,2,1,1,201000035717B01,7,9,1,245400676
201000035726,2010-10-28,2010,octobre,jeudi,11:29,54,54395,0,0,2,1,3,1,9,4,1,01,1,1,0,0,1,0,1,3,1,64,1,2,2,1,0,1,1,201000035726B01,7,22,1,245400676
201000035771,2010-12-06,2010,décembre,lundi,07:50,54,54395,0,0,2,2,3,1,4,4,1,02,1,1,0,61,2,0,1,4,1,19,2,3,9,0,2,1,1,201000035771A01,7,1,1,245400676
201000035791,2010-07-11,2010,juillet,dimanche,19:00,54,54332,0,0,2,3,3,1,1,4,2,01,2,1,0,60,1,0,1,3,2,42,5,2,2,0,2,6,15,201000035791A01,7,1,1,200041515
201000035794,2010-12-08,2010,décembre,mercredi,07:45,54,54431,0,0,1,1,3,3,3,3,3,02,1,1,0,0,2,0,1,3,1,44,5,2,4,0,2,4,1,201000035794B01,7,1,1,200041515
201000035806,2010-04-24,2010,avril,samedi,14:00,54,54528,48.6497,5.87004,1,1,6,1,1,3,2,02,1,1,0,105,1,0,1,2,1,17,9,3,9,0,2,8,15,201000035806B01,7,1,1,200070563
201000035809,2010-06-11,2010,juin,vendredi,21:00,54,54528,0,0,2,2,3,1,1,4,1,01,1,1,0,43,1,0,1,4,1,13,9,2,9,0,2,1,15,201000035809B01,7,1,1,200070563
201000035815,2010-09-23,2010,septembre,jeudi,17:40,54,54174,48.6697,5.86588,2,1,3,1,1,3,2,02,1,1,0,65,1,0,1,4,1,21,1,3,9,0,2,1,15,201000035815A01,33,1,1,200070563
201000035816,2010-09-26,2010,septembre,dimanche,15:15,54,54528,0,0,2,3,3,1,2,4,2,02,1,1,0,84,2,0,1,4,1,82,9,1,2,0,0,8,15,201000035816B01,7,15,1,200070563
201000035818,2010-10-21,2010,octobre,jeudi,11:30,54,54528,0,0,2,4,3,1,1,4,2,02,1,1,0,75,1,0,1,4,1,33,5,3,9,0,2,7,1,201000035818B01,7,15,1,200070563
201000035830,2010-10-18,2010,octobre,lundi,06:15,54,54580,0,0,2,1,3,5,1,4,2,02,1,1,0,78,1,0,1,3,1,53,1,1,4,0,2,3,1,201000035830B01,7,20,1,245701404
201000035850,2010-05-28,2010,mai,vendredi,11:05,55,55029,48.77178,5.17056,2,1,3,1,1,3,2,02,1,4,0,91,1,0,1,3,1,70,5,2,2,0,2,1,1,201000035850B01,10,1,1,200033025
201000035857,2010-10-03,2010,octobre,dimanche,10:45,55,55029,48.76049,5.14287,1,3,3,1,1,3,2,02,2,1,0,0,1,5,0,3,1,58,5,1,2,0,2,1,1,201000035857B01,7,9,1,200033025
201000035863,2010-10-14,2010,octobre,jeudi,17:45,55,55186,48.79789,5.12278,2,1,3,1,1,3,2,02,1,1,0,0,1,0,1,4,2,21,5,1,2,0,2,8,1,201000035863B01,7,17,1,200033025
201000035875,2010-07-06,2010,juillet,mardi,12:05,55,55545,49.15799,5.39548,2,6,3,1,1,3,3,01,1,1,0,0,1,0,1,4,1,17,0,3,9,0,2,1,9,201000035875A01,7,1,1,200049187
201000035882,2010-11-09,2010,novembre,mardi,08:20,55,55545,0,0,2,6,3,2,2,4,2,02,1,-1,0,62,2,0,1,4,2,50,1,1,9,0,0,0,0,201000035882B01,7,0,1,200049187
201000035912,2010-02-06,2010,février,samedi,16:35,56,56083,47.80442,-3.2733,2,1,7,1,1,4,2,02,1,1,0,0,1,0,1,4,1,48,0,3,9,12,0,1,14,201000035912A01,,,,200042174
201000035926,2010-03-03,2010,mars,mercredi,13:10,56,56162,47.70984,-3.43761,2,1,7,1,1,3,2,02,1,1,0,0,1,0,1,3,1,47,0,3,2,0,2,0,1,201000035926B01,7,0,1,200042174
201000035930,2010-03-07,2010,mars,dimanche,13:30,56,56098,47.76225,-3.34504,2,1,7,1,1,4,2,02,1,1,0,0,1,0,1,3,1,21,5,3,9,0,2,0,19,201000035930B01,7,1,1,200042174
201000035936,2010-03-17,2010,mars,mercredi,08:25,56,56121,47.75265,-3.39123,2,1,3,1,1,4,2,02,1,1,0,0,1,0,1,4,1,43,9,3,9,0,2,0,1,201000035936B01,7,16,1,200042174
201000035953,2010-04-06,2010,avril,mardi,07:58,56,56121,47.74128,-3.3729,2,6,3,1,1,4,3,02,1,1,0,0,1,0,1,4,2,18,0,3,9,0,2,0,1,201000035953B01,7,9,1,200042174
201000035967,2010-05-06,2010,mai,jeudi,12:10,56,56098,47.76468,-3.35117,2,3,3,1,1,4,2,02,1,1,0,0,1,0,1,4,1,14,2,3,9,0,2,6,1,201000035967B01,7,16,1,200042174
201000035969,2010-05-07,2010,mai,vendredi,08:46,56,56098,47.76778,-3.3544,2,1,6,1,1,4,2,02,1,1,0,0,1,0,1,4,1,24,1,3,9,0,2,0,1,201000035969B01,7,1,1,200042174
201000035979,2010-05-28,2010,mai,vendredi,12:50,56,56121,47.75801,-3.38985,2,7,3,1,1,4,2,02,1,1,0,0,1,0,1,4,1,42,5,3,9,0,2,1,1,201000035979B01,7,9,1,200042174
201000035981,2010-05-30,2010,mai,dimanche,11:13,56,56162,0,0,1,2,3,1,1,3,2,02,1,1,0,0,1,0,1,4,1,56,5,3,9,0,2,1,1,201000035981B01,7,15,1,200042174
201000035990,2010-06-04,2010,juin,vendredi,11:53,56,56098,47.76526,-3.34845,2,1,7,1,1,4,2,02,1,2,0,0,1,0,1,4,1,14,0,3,9,0,0,0,1,201000035990A01,,,,200042174
201000036018,2010-07-18,2010,juillet,dimanche,08:45,56,56121,47.76388,-3.39455,2,1,7,1,1,9,2,02,2,1,0,0,1,0,1,4,1,29,0,3,4,11,0,1,1,201000036018A01,,,,200042174
201000036019,2010-07-18,2010,juillet,dimanche,12:12,56,56107,0,0,2,1,3,1,1,3,2,02,1,1,0,0,1,0,1,4,2,19,1,3,4,0,0,1,1,201000036019B01,7,17,1,200042174
201000036026,2010-07-27,2010,juillet,mardi,18:52,56,56162,47.73384,-3.43666,2,1,7,1,1,4,2,02,1,1,0,0,1,0,1,4,1,21,0,3,9,0,0,0,1,201000036026A01,,,,200042174
201000036032,2010-08-09,2010,août,lundi,06:20,56,56098,47.76601,-3.32902,2,6,3,5,1,3,2,02,1,1,0,0,1,0,0,3,2,38,0,2,2,0,2,0,1,201000036032B01,7,1,1,200042174
201000036043,2010-08-26,2010,août,jeudi,17:52,56,56107,0,0,1,4,3,1,2,3,2,02,1,1,0,0,2,3,1,4,1,17,5,1,2,0,2,5,12,201000036043A01,7,1,1,200042174
201000036047,2010-08-31,2010,août,mardi,15:24,56,56121,47.77171,-3.40381,2,1,7,1,1,4,2,02,1,1,0,0,1,0,5,4,1,71,0,3,9,0,9,0,1,201000036047A01,,,,200042174
201000036049,2010-09-01,2010,septembre,mercredi,11:20,56,56121,47.75079,-3.376,2,2,3,1,1,4,2,02,1,1,0,0,1,0,1,4,1,71,0,3,9,0,2,7,15,201000036049A01,33,1,1,200042174
201000036054,2010-09-03,2010,septembre,vendredi,08:16,56,56121,47.75583,-3.39142,2,1,7,1,1,4,2,02,1,1,0,0,1,0,1,4,1,53,1,3,9,0,2,1,1,201000036054B01,7,22,1,200042174
201000036064,2010-09-10,2010,septembre,vendredi,18:09,56,56121,47.73588,-3.3805,2,1,7,1,1,4,2,02,1,1,0,0,1,1,1,4,1,5,5,3,9,0,2,0,1,201000036064B01,7,1,1,200042174
201000036094,2010-10-10,2010,octobre,dimanche,11:02,56,56098,47.76808,-3.34284,2,1,6,1,1,4,2,02,1,1,0,0,1,0,1,4,1,16,0,1,2,1,0,1,1,201000036094B01,7,24,1,200042174
201000036098,2010-10-12,2010,octobre,mardi,13:55,56,56121,47.7457,-3.38068,2,1,6,1,1,9,2,02,2,2,0,0,1,0,4,4,1,18,2,1,9,7,0,1,1,201000036098A01,,,,200042174