Num_Acc,date,an,mois,jour,hrmn,dep,com,lat,long,agg,int,col,lum,atm,catr,circ,nbv,prof,plan,lartpc,larrout,surf,infra,situ,grav,sexe,age,trajet,secuexist,equipement,obs,obsm,choc,manv,vehiculeid,typevehicules,manoeuvehicules,numVehicules,_infos_commune.code_epci
201000037521,2010-11-27,2010,novembre,samedi,00:10,59,59350,0,0,2,2,6,5,8,4,1,02,1,1,0,0,1,0,1,4,1,28,0,3,4,0,2,1,1,201000037521B01,7,1,1,200093201
201000037549,2010-12-22,2010,décembre,mercredi,15:30,59,59350,0,0,2,2,6,1,5,4,3,04,1,1,0,0,1,0,5,2,2,12,0,3,4,0,2,8,1,201000037549B01,14,16,1,200093201
201000037561,2010-02-06,2010,février,samedi,20:10,59,59392,0,0,1,1,6,3,1,9,1,01,-1,1,0,0,1,2,5,1,1,19,5,1,4,0,1,1,1,201000037561A01,,,,200043396
201000037561,2010-02-06,2010,février,samedi,20:10,59,59392,0,0,1,1,6,3,1,9,1,01,-1,1,0,0,1,2,5,3,1,42,5,3,9,0,1,1,1,201000037561A01,,,,200043396
201000037564,2010-04-14,2010,avril,mercredi,16:10,59,59543,0,0,2,3,3,1,1,3,2,01,2,1,0,92,1,0,1,3,1,75,5,2,4,0,2,3,9,201000037564B01,7,1,1,200043396
201000037566,2010-05-28,2010,mai,vendredi,08:20,59,59291,0,0,2,1,3,1,1,3,1,01,2,-1,0,45,1,0,1,3,1,34,1,2,2,0,2,7,19,201000037566B01,7,1,1,200043396
201000037571,2010-08-24,2010,août,mardi,07:35,59,59225,0,0,2,1,1,1,1,4,2,02,1,4,0,35,-1,0,1,2,1,81,5,1,2,0,2,0,1,201000037571B01,7,1,1,200043396
201000037637,2010-03-04,2010,mars,jeudi,13:40,59,59512,0,0,1,3,1,1,1,4,2,02,1,3,0,0,1,0,1,4,1,12,0,3,2,0,2,1,1,201000037637A01,7,16,1,200093201
201000037648,2010-03-10,2010,mars,mercredi,16:30,59,59332,0,0,1,3,6,1,1,4,1,02,-1,-1,0,0,1,0,1,4,1,65,0,3,2,0,2,7,1,201000037648B01,7,18,1,200093201
201000037651,2010-03-22,2010,mars,lundi,08:10,59,59512,0,0,1,1,3,1,1,4,1,02,1,1,0,0,1,0,1,4,1,38,9,3,2,0,2,8,18,201000037651B01,7,23,1,200093201
201000037654,2010-04-05,2010,avril,lundi,16:30,59,59512,0,0,1,2,3,1,1,4,2,02,1,1,0,0,1,0,1,4,1,41,4,3,2,0,2,8,15,201000037654B01,7,15,1,200093201
201000037656,2010-03-31,2010,mars,mercredi,12:30,59,59339,0,0,1,1,6,1,1,4,-1,02,-1,-1,0,0,-1,0,1,4,1,15,0,3,2,0,2,7,19,201000037656B01,7,1,1,200093201
201000037660,2010-04-06,2010,avril,mardi,17:00,59,59646,0,0,1,6,3,1,1,4,1,02,1,1,0,0,1,0,1,4,2,50,9,3,2,0,2,8,1,201000037660B01,7,1,1,200093201
201000037668,2010-04-20,2010,avril,mardi,17:55,59,59512,0,0,1,3,3,1,1,4,2,02,1,1,0,0,1,5,1,4,1,68,9,3,2,0,2,6,1,201000037668B01,7,1,1,200093201
201000037671,2010-04-21,2010,avril,mercredi,11:45,59,59512,0,0,2,1,6,1,1,4,2,02,-1,-1,0,0,-1,0,5,4,1,15,2,3,2,0,2,7,1,201000037671B01,7,0,1,200093201
201000037673,2010-05-03,2010,mai,lundi,13:55,59,59512,0,0,2,3,6,1,2,4,2,02,1,1,0,0,2,0,1,4,1,17,9,3,2,0,2,8,16,201000037673B01,7,1,1,200093201
201000037676,2010-05-04,2010,mai,mardi,20:05,59,59646,0,0,2,1,2,4,1,4,2,02,1,1,0,0,1,0,1,4,1,29,0,3,2,0,2,1,1,201000037676A01,7,1,1,200093201
201000037703,2010-05-17,2010,mai,lundi,15:30,59,59650,0,0,2,2,3,1,1,4,2,02,1,1,0,0,1,5,1,4,1,71,9,3,2,0,2,8,16,201000037703B01,15,16,1,200093201
201000037716,2010-05-29,2010,mai,samedi,10:25,59,59163,0,0,2,1,2,1,1,4,2,00,1,1,0,0,1,5,1,4,1,21,4,3,2,0,2,7,1,201000037716B01,7,20,1,200093201
201000037729,2010-05-23,2010,mai,dimanche,19:50,59,59512,0,0,1,1,3,1,1,4,3,02,1,1,0,0,1,0,1,4,1,14,9,3,2,0,2,8,1,201000037729B01,7,1,1,200093201
201000037736,2010-06-09,2010,juin,mercredi,13:50,59,59646,0,0,2,1,3,1,1,4,3,02,1,1,0,0,1,0,5,4,1,14,9,3,2,0,2,8,1,201000037736A01,14,24,1,200093201
201000037750,2010-06-22,2010,juin,mardi,17:55,59,59646,0,0,2,3,3,1,1,4,2,02,1,1,0,0,1,5,1,4,2,22,9,3,2,0,2,1,16,201000037750A01,7,16,1,200093201
201000037754,2010-06-26,2010,juin,samedi,14:00,59,59299,0,0,2,1,3,1,1,4,2,02,1,1,0,0,1,5,1,4,1,13,5,3,2,0,2,1,9,201000037754B01,7,1,1,200093201
201000037757,2010-06-28,2010,juin,lundi,12:30,59,59512,0,0,2,3,3,1,1,4,2,02,1,1,0,0,1,5,1,4,1,43,9,3,2,0,2,8,15,201000037757A01,7,1,1,200093201
201000037760,2010-06-26,2010,juin,samedi,18:20,59,59512,0,0,2,1,1,1,1,4,2,02,1,1,0,0,1,5,1,4,1,10,9,3,2,0,2,1,1,201000037760B01,7,15,1,200093201
201000037773,2010-05-22,2010,mai,samedi,15:20,59,59512,0,0,2,3,3,1,1,4,2,02,1,2,0,0,1,5,4,4,1,11,9,3,2,0,2,1,1,201000037773B01,7,1,1,200093201
201000037776,2010-06-16,2010,juin,mercredi,11:55,59,59339,0,0,2,3,6,1,1,4,2,02,1,1,0,0,1,5,1,4,2,12,9,3,2,0,2,8,15,201000037776B01,7,1,1,200093201
201000037781,2010-07-15,2010,juillet,jeudi,13:55,59,59512,0,0,2,2,3,1,1,4,2,02,1,1,0,0,1,5,1,4,1,36,9,3,2,0,2,7,1,201000037781A01,7,1,1,200093201
201000037783,2010-07-19,2010,juillet,lundi,19:15,59,59163,0,0,2,1,6,1,1,4,2,02,-1,-1,0,0,-1,0,1,4,1,16,9,3,2,0,2,8,1,201000037783B01,7,1,1,200093201
201000037791,2010-06-02,2010,juin,mercredi,17:00,59,59650,0,0,2,1,2,1,1,4,-1,00,1,1,0,0,1,5,1,4,1,20,0,3,2,0,2,4,23,201000037791B01,99,0,1,200093201
201000037792,2010-08-13,2010,août,vendredi,01:15,59,59646,0,0,2,1,2,5,2,4,2,02,1,1,0,62,1,0,1,2,1,18,9,3,2,0,2,1,5,201000037792B01,7,1,1,200093201
201000037797,2010-08-10,2010,août,mardi,17:20,59,59512,0,0,2,2,1,1,2,4,2,02,1,1,0,0,2,5,1,4,1,41,0,3,2,0,2,1,1,201000037797B01,7,15,1,200093201
201000037822,2010-09-10,2010,septembre,vendredi,13:20,59,59512,0,0,2,2,1,1,1,4,2,02,1,1,0,0,1,5,1,4,2,12,9,3,2,0,2,1,1,201000037822A01,7,1,1,200093201
201000037843,2010-09-28,2010,septembre,mardi,17:45,59,59650,0,0,2,2,1,1,2,4,2,02,1,1,0,0,2,5,1,4,1,17,2,3,2,0,2,1,1,201000037843B01,7,1,1,200093201
201000037852,2010-10-10,2010,octobre,dimanche,20:15,59,59512,0,0,2,1,3,5,1,4,2,02,1,1,0,0,1,0,1,4,1,13,9,3,9,0,2,8,19,201000037852B01,7,1,1,200093201
201000037859,2010-09-20,2010,septembre,lundi,12:45,59,59650,0,0,2,3,3,1,1,4,2,02,1,1,0,0,2,5,1,4,1,30,9,3,2,0,2,8,1,201000037859B01,7,1,1,200093201
201000037861,2010-10-14,2010,octobre,jeudi,16:00,59,59512,0,0,2,2,3,1,1,4,2,02,1,1,0,0,1,5,1,4,1,11,9,3,2,0,2,7,19,201000037861B01,7,16,1,200093201
201000037865,2010-10-17,2010,octobre,dimanche,09:55,59,59512,0,0,2,3,3,1,1,4,2,02,1,1,0,0,1,5,1,4,1,43,9,3,2,0,2,7,1,201000037865B01,7,1,1,200093201
201000037866,2010-10-15,2010,octobre,vendredi,13:55,59,59512,0,0,2,3,6,1,2,4,2,02,1,1,0,0,2,5,1,4,1,15,2,3,2,0,4,0,1,201000037866A01,40,1,1,200093201
201000037935,2010-02-21,2010,février,dimanche,17:45,59,59352,0,0,2,6,3,1,1,4,-1,02,1,-1,10,30,1,0,1,4,1,34,5,3,9,0,0,7,9,201000037935B01,7,9,1,200093201
201000037976,2010-07-06,2010,juillet,mardi,14:40,59,59421,0,0,2,4,1,1,1,4,2,02,1,-1,0,75,1,0,1,3,1,36,1,2,2,0,0,0,0,201000037976B01,7,15,1,200093201
201000037982,2010-07-24,2010,juillet,samedi,12:00,59,59599,0,0,2,1,3,1,1,3,3,00,1,1,0,0,1,0,1,4,2,71,0,3,9,0,0,0,0,201000037982B01,7,0,1,200093201
201000037990,2010-08-20,2010,août,vendredi,11:35,59,59421,0,0,2,3,3,1,1,4,2,02,1,1,0,0,1,0,1,4,1,26,0,3,9,1,0,0,0,201000037990B01,7,0,1,200093201
201000037998,2010-09-09,2010,septembre,jeudi,17:40,59,59599,0,0,2,1,3,1,1,4,1,01,2,1,0,0,1,0,4,3,1,41,0,3,9,0,2,1,1,201000037998A01,7,1,1,200093201
201000038022,2010-11-09,2010,novembre,mardi,17:00,59,59090,0,0,1,6,3,5,2,4,1,01,1,2,0,75,2,0,1,3,1,34,0,3,9,0,0,0,2,201000038022B01,7,9,1,200093201
201000038038,2010-07-07,2010,juillet,mercredi,18:20,59,59544,0,0,2,2,6,1,1,3,2,02,1,1,0,0,1,0,1,3,1,60,1,2,9,0,2,8,0,201000038038B01,7,0,1,245901160
201000038050,2010-02-20,2010,février,samedi,05:30,59,59112,0,0,2,1,2,4,1,4,2,02,1,1,0,60,1,0,1,3,1,21,1,3,9,0,2,4,1,201000038050B01,7,0,1,245901160
201000038070,2010-04-21,2010,avril,mercredi,13:30,59,59606,0,0,2,2,3,1,1,4,2,02,1,1,0,80,1,5,1,3,2,27,5,1,9,0,2,6,1,201000038070B01,7,16,1,245901160
201000038074,2010-04-23,2010,avril,vendredi,17:00,59,59606,0,0,2,1,3,1,1,4,3,02,1,1,60,60,1,4,0,3,1,17,9,2,9,0,4,3,6,201000038074A01,38,1,1,245901160
201000038075,2010-04-29,2010,avril,jeudi,17:00,59,59606,0,0,2,1,2,1,1,4,2,03,1,1,0,105,1,0,1,3,1,15,2,2,9,0,2,1,1,201000038075A01,7,23,1,245901160
201000038100,2010-04-01,2010,avril,jeudi,06:50,59,59383,0,0,2,2,3,2,3,3,2,03,1,1,10,115,2,5,1,3,1,23,1,2,4,0,2,7,1,201000038100B01,7,1,1,245901160
201000038109,2010-06-11,2010,juin,vendredi,17:45,59,59383,0,0,2,1,6,1,1,4,2,02,1,1,0,0,1,0,1,4,1,7,0,3,9,0,2,0,0,201000038109B01,7,1,1,245901160
201000038122,2010-08-06,2010,août,vendredi,16:00,59,59447,0,0,1,1,6,1,1,3,2,02,1,1,0,0,1,0,1,2,1,22,5,2,2,1,0,1,1,201000038122B01,7,0,1,245901160
201000038128,2010-09-09,2010,septembre,jeudi,19:57,59,59484,0,0,2,1,1,2,1,3,2,02,1,1,0,161,1,0,1,2,1,15,5,2,9,0,2,1,11,201000038128B01,7,17,1,245901160
201000038128,2010-09-09,2010,septembre,jeudi,19:57,59,59484,0,0,2,1,1,2,1,3,2,02,1,1,0,161,1,0,1,3,1,15,5,2,9,0,2,1,11,201000038128B01,7,17,1,245901160
201000038141,2010-09-30,2010,septembre,jeudi,12:25,59,59606,0,0,2,1,3,1,1,4,2,02,1,1,0,0,1,0,1,4,1,13,0,3,4,0,2,8,19,201000038141B01,7,1,1,245901160
201000038142,2010-09-30,2010,septembre,jeudi,18:25,59,59606,0,0,2,1,3,1,1,4,2,02,1,1,0,60,1,0,1,4,1,17,0,3,9,0,2,2,19,201000038142B01,7,1,1,245901160
201000038167,2010-01-29,2010,janvier,vendredi,08:20,60,60057,0,0,2,2,3,2,2,4,2,02,1,1,0,0,2,0,1,3,1,19,9,2,2,0,2,1,1,201000038167B01,7,1,1,200067999
201000038173,2010-07-29,2010,juillet,jeudi,11:20,60,60057,0,0,2,1,6,1,1,4,1,02,1,1,0,0,1,0,1,3,1,73,5,3,9,0,2,0,1,201000038173B01,7,0,1,200067999
201000038177,2010-10-05,2010,octobre,mardi,12:10,60,60057,0,0,2,1,3,1,1,4,1,03,1,1,0,128,1,0,1,3,1,58,0,2,2,0,2,4,11,201000038177B01,7,1,1,200067999
201000038184,2010-01-26,2010,janvier,mardi,10:30,60,60159,0,0,2,2,2,1,1,4,4,03,1,1,0,0,1,0,1,4,1,85,5,3,9,0,2,8,1,201000038184B01,7,1,1,200067965
201000038186,2010-02-22,2010,février,lundi,17:40,60,60159,0,0,2,6,3,1,1,4,4,02,1,2,0,80,1,0,1,3,1,44,1,1,9,0,2,7,1,201000038186B01,7,1,1,200067965
201000038205,2010-05-20,2010,mai,jeudi,15:00,60,60159,0,0,1,6,2,1,1,4,4,02,1,2,0,63,1,5,1,4,1,41,5,3,9,0,0,4,1,201000038205B01,7,9,1,200067965
201000038208,2010-06-22,2010,juin,mardi,09:10,60,60382,0,0,2,1,6,1,1,4,2,02,1,1,0,0,1,0,1,3,2,42,0,3,9,0,2,1,17,201000038208A01,10,1,1,200067965
201000038214,2010-09-01,2010,septembre,mercredi,13:50,60,60159,0,0,2,6,3,1,1,4,4,02,1,2,0,120,1,5,1,4,1,18,5,1,2,0,2,7,1,201000038214B01,7,1,1,200067965
201000038262,2010-10-02,2010,octobre,samedi,15:00,60,60175,0,0,2,1,6,1,2,4,1,01,2,1,0,90,2,0,1,4,1,10,3,2,4,1,0,1,2,201000038262A01,,,,200068047
201000038263,2010-10-30,2010,octobre,samedi,01:05,60,60463,0,0,1,1,2,3,2,3,4,04,1,-1,0,120,2,0,1,3,1,30,0,2,4,0,2,4,2,201000038263B01,7,2,1,200068047
201000038269,2010-03-08,2010,mars,lundi,11:25,61,61001,0,0,2,2,3,1,1,4,1,01,1,1,0,60,1,0,1,4,1,36,4,2,2,0,2,1,1,201000038269A01,7,19,1,246100663
201000038276,2010-05-31,2010,mai,lundi,08:30,61,61117,48.4303,0.05333,2,1,3,1,1,3,-1,02,1,1,0,60,1,0,1,4,1,35,1,3,9,0,2,8,1,201000038276A01,7,17,1,246100663
201000038283,2010-08-25,2010,août,mercredi,14:50,61,61001,48.4232,0.08961,2,6,3,1,1,3,2,02,1,1,0,48,1,5,1,2,1,35,5,2,9,0,2,0,13,201000038283B01,15,1,1,246100663
201000038303,2010-06-16,2010,juin,mercredi,17:10,61,61006,0,0,2,3,3,1,1,4,2,02,1,1,0,45,1,0,1,3,2,13,5,1,2,0,2,3,15,201000038303A01,7,1,1,200068450
201000038305,2010-08-06,2010,août,vendredi,14:45,61,61006,48.7471,-0.03123,2,6,2,1,1,3,1,02,1,3,0,92,1,0,1,4,1,16,5,3,9,0,0,4,16,201000038305B01,7,1,1,200068450
201000038307,2010-09-09,2010,septembre,jeudi,14:00,61,61006,0,0,2,3,3,1,1,4,2,02,1,1,0,82,1,0,1,4,1,45,1,2,9,0,2,1,1,201000038307B01,7,15,1,200068450
201000038325,2010-05-22,2010,mai,samedi,18:40,62,62041,0,0,1,2,3,1,1,3,2,02,1,2,0,61,1,0,1,4,1,24,5,1,2,0,2,6,15,201000038325B01,7,1,1,200033579
201000038337,2010-09-08,2010,septembre,mercredi,13:05,62,62041,0,0,2,1,3,1,3,4,3,04,1,2,0,0,2,0,1,3,1,62,5,3,9,0,2,0,19,201000038337A01,7,1,1,200033579
201000038366,2010-01-17,2010,janvier,dimanche,11:50,62,62065,0,0,2,4,3,1,1,4,2,01,1,1,0,63,2,0,1,4,1,62,5,1,2,0,2,9,15,201000038366B01,7,1,1,246200364
201000038375,2010-04-16,2010,avril,vendredi,18:20,62,62570,0,0,2,1,7,1,1,4,2,01,1,1,0,0,1,0,1,3,1,17,5,2,2,0,0,7,16,201000038375A01,,,,246200364
201000038395,2010-01-04,2010,janvier,lundi,15:35,62,62108,0,0,2,1,6,1,1,4,2,02,1,1,0,80,1,0,1,4,2,18,5,2,2,1,0,1,1,201000038395B01,7,22,1,200069029
201000038397,2010-02-11,2010,février,jeudi,17:25,62,62108,0,0,2,2,3,1,1,4,2,02,1,1,0,100,1,0,1,3,1,55,1,3,9,0,2,4,11,201000038397B01,7,1,1,200069029
201000038401,2010-04-28,2010,avril,mercredi,13:00,62,62688,0,0,1,1,7,1,1,4,4,01,1,3,0,33,1,0,1,2,1,5,5,1,2,0,2,8,2,201000038401B01,7,2,1,200069029
201000038408,2010-08-21,2010,août,samedi,11:45,62,62108,0,0,2,1,2,1,1,4,2,02,1,1,0,78,1,0,1,4,1,65,5,2,2,0,9,0,2,201000038408B01,7,17,1,200069029
201000038409,2010-10-06,2010,octobre,mercredi,00:30,62,62108,0,0,2,1,2,4,3,4,1,01,1,3,0,33,2,0,1,3,1,23,5,3,9,0,2,4,1,201000038409A01,7,2,1,200069029
201000038417,2010-04-24,2010,avril,samedi,22:50,62,62735,0,0,1,1,6,5,1,4,2,02,1,1,0,70,1,0,1,4,2,28,1,1,4,0,0,8,2,201000038417A01,10,2,1,200072460
201000038475,2010-03-15,2010,mars,lundi,22:25,62,62193,0,0,2,1,6,5,1,4,3,02,1,1,15,180,1,0,1,3,1,37,5,3,9,0,2,7,1,201000038475A01,7,0,1,200090751
201000038477,2010-03-23,2010,mars,mardi,17:20,62,62193,0,0,2,1,6,1,1,4,3,02,1,1,10,180,1,0,1,3,2,11,5,3,9,0,2,3,15,201000038477A01,7,1,1,200090751
201000038490,2010-07-05,2010,juillet,lundi,17:50,62,62193,0,0,2,1,6,1,1,4,3,02,1,1,10,130,1,0,1,3,2,18,0,2,9,1,0,1,1,201000038490A01,7,23,1,200090751
201000038501,2010-08-24,2010,août,mardi,17:00,62,62193,0,0,2,3,3,1,1,4,2,02,1,1,0,49,1,0,1,3,1,10,5,3,9,0,2,1,19,201000038501A01,7,1,1,200090751
201000038521,2010-12-17,2010,décembre,vendredi,11:30,62,62193,0,0,2,3,1,1,1,4,2,02,1,1,0,70,1,0,1,4,2,38,4,1,4,0,2,1,1,201000038521B01,7,1,1,200090751
201000038534,2010-02-22,2010,février,lundi,16:50,62,62250,0,0,2,1,3,1,2,4,2,02,1,1,0,83,2,0,1,4,1,18,5,3,9,0,2,1,9,201000038534A01,7,1,1,246200299
201000038543,2010-04-24,2010,avril,samedi,16:35,62,62413,0,0,2,2,3,1,1,4,2,02,1,1,0,54,1,0,1,4,1,10,5,3,9,0,2,7,1,201000038543B01,7,1,1,246200364
201000038545,2010-04-21,2010,avril,mercredi,18:45,62,62250,0,0,2,1,6,1,1,3,1,01,1,-1,0,84,1,0,1,4,2,28,1,3,9,0,0,1,1,201000038545B01,7 / 10,0,2,246200299
201000038549,2010-05-18,2010,mai,mardi,16:40,62,62215,0,0,2,2,3,1,1,4,2,02,1,1,0,0,1,0,1,4,2,11,5,3,9,0,2,0,19,201000038549B01,7,1,1,246200299
201000038552,2010-05-27,2010,mai,jeudi,07:00,62,62215,0,0,1,1,2,1,1,3,2,02,1,1,0,74,1,0,1,4,1,35,9,3,4,0,2,4,0,201000038552B01,7,2,1,246200299
201000038555,2010-06-15,2010,juin,mardi,17:20,62,62413,0,0,2,1,3,1,1,4,2,02,1,1,0,80,1,0,1,3,1,12,5,3,9,0,2,8,19,201000038555B01,7,1,1,246200364
201000038563,2010-07-01,2010,juillet,jeudi,06:45,62,62215,0,0,2,2,3,1,1,4,2,02,1,1,0,60,1,0,1,4,1,48,1,1,9,0,2,7,1,201000038563B01,14,15,1,246200299
201000038571,2010-07-09,2010,juillet,vendredi,18:15,62,62250,0,0,2,1,3,1,1,4,2,02,1,1,0,65,1,0,1,3,1,13,5,3,9,0,2,8,19,201000038571B01,7,1,1,246200299
201000038572,2010-07-16,2010,juillet,vendredi,23:15,62,62907,0,0,2,1,6,5,1,4,2,02,1,1,0,77,1,0,1,4,1,39,5,3,4,0,0,1,15,201000038572A01,,,,246200299
201000038585,2010-09-07,2010,septembre,mardi,12:15,62,62215,0,0,2,1,3,1,1,4,2,02,1,1,0,64,1,0,1,3,1,16,0,3,9,0,2,1,9,201000038585A01,7,1,1,246200299
201000038586,2010-09-13,2010,septembre,lundi,22:15,62,62666,0,0,2,3,3,5,1,4,2,02,1,1,0,50,1,5,1,4,1,14,5,3,9,0,2,3,9,201000038586A01,7,1,1,246200364
201000038592,2010-09-28,2010,septembre,mardi,06:50,62,62215,0,0,2,1,6,1,1,4,2,02,1,1,0,58,1,0,1,4,1,72,5,3,9,1,0,5,1,201000038592B01,7,22,1,246200299
201000038594,2010-10-21,2010,octobre,jeudi,17:15,62,62413,0,0,2,2,3,1,1,4,2,02,2,1,0,60,1,5,1,4,2,17,5,3,9,0,2,1,0,201000038594A01,7,1,1,246200364
201000038594,2010-10-21,2010,octobre,jeudi,17:15,62,62413,0,0,2,2,3,1,1,4,2,02,2,1,0,60,1,5,1,4,2,12,5,3,9,0,2,1,0,201000038594A01,7,1,1,246200364
201000038597,2010-11-10,2010,novembre,mercredi,08:45,62,62215,0,0,2,3,3,1,2,4,2,02,1,3,0,70,2,0,1,4,2,55,5,1,9,0,2,7,15,201000038597A01,7,15,1,246200299
201000038598,2010-11-12,2010,novembre,vendredi,09:30,62,62215,0,0,2,1,1,1,1,4,2,02,1,1,0,35,1,0,1,3,2,44,4,3,9,0,2,8,1,201000038598B01,7,13,1,246200299
201000038612,2010-12-31,2010,décembre,vendredi,20:05,62,62427,0,0,2,1,3,2,8,4,2,02,1,1,0,0,1,0,1,4,2,12,5,2,4,0,2,8,19,201000038612B01,7,1,1,246200299
201000038627,2010-04-09,2010,avril,vendredi,22:10,62,62497,0,0,1,9,2,5,1,4,2,02,1,2,0,0,1,0,1,3,1,54,5,3,4,0,2,8,1,201000038627B01,7,16,1,246200299
201000038630,2010-04-15,2010,avril,jeudi,20:20,62,62249,0,0,2,9,1,1,1,4,2,02,1,1,0,0,1,0,1,3,1,7,5,2,4,0,2,8,9,201000038630B01,7,9,1,246200299
201000038637,2010-05-23,2010,mai,dimanche,14:55,62,62497,0,0,2,3,3,1,1,4,2,02,1,1,0,0,1,0,1,3,1,13,5,2,4,3,2,1,15,201000038637A01,7,1,1,246200299
201000038638,2010-06-01,2010,juin,mardi,15:55,62,62249,0,0,2,1,6,1,1,4,2,02,1,1,0,0,1,0,1,3,2,53,5,2,4,0,0,0,0,201000038638A01,7,1,1,246200299
201000038664,2010-01-27,2010,janvier,mercredi,21:10,62,62498,0,0,2,1,6,5,2,4,1,02,1,2,0,100,2,0,1,4,1,18,5,2,4,0,2,1,1,201000038664B01,7,9,1,246200364
201000038672,2010-03-19,2010,mars,vendredi,19:35,62,62842,0,0,1,1,6,4,2,3,2,02,1,1,0,74,2,5,1,4,1,16,5,1,2,0,2,7,19,201000038672B01,7,1,1,246200364
201000038685,2010-05-27,2010,mai,jeudi,08:45,62,62498,0,0,2,1,6,1,1,6,-1,00,1,-1,0,0,1,0,1,4,1,30,1,3,9,0,2,0,0,201000038685A01,7,0,1,246200364
201000038686,2010-06-04,2010,juin,vendredi,12:15,62,62498,0,0,2,1,6,1,1,6,-1,00,1,1,0,0,1,0,0,1,1,18,9,3,9,0,1,1,1,201000038686A01,,,,246200364
201000038686,2010-06-04,2010,juin,vendredi,12:15,62,62498,0,0,2,1,6,1,1,6,-1,00,1,1,0,0,1,0,0,3,2,4,5,3,9,0,1,1,1,201000038686A01,,,,246200364
201000038699,2010-07-22,2010,juillet,jeudi,15:05,62,62842,0,0,2,3,3,1,1,4,2,01,1,1,0,67,1,0,1,4,1,6,5,3,9,0,2,8,19,201000038699A01,7,1,1,246200364
201000038735,2010-03-31,2010,mars,mercredi,13:50,62,62510,0,0,2,1,3,1,1,4,2,02,1,1,0,155,1,0,1,4,1,13,5,3,2,0,2,5,2,201000038735B01,3,0,1,246200364
201000038737,2010-04-24,2010,avril,samedi,10:45,62,62186,0,0,2,1,3,1,1,4,2,02,1,1,0,0,1,0,1,3,2,46,1,3,9,0,2,8,2,201000038737B01,7,0,1,246200364
201000038756,2010-07-17,2010,juillet,samedi,14:25,62,62186,0,0,2,1,3,1,1,4,2,02,1,1,0,125,1,0,1,3,2,12,5,2,2,0,2,0,0,201000038756B01,7,0,1,246200364
201000038764,2010-08-19,2010,août,jeudi,14:10,62,62510,0,0,2,1,6,1,1,4,2,02,1,1,0,0,1,0,0,4,1,14,5,3,4,0,2,0,2,201000038764B01,30,2,1,246200364
201000038807,2010-04-09,2010,avril,vendredi,14:03,62,62040,0,0,2,1,3,1,1,3,2,00,1,1,0,0,1,0,1,3,1,7,5,2,9,0,2,7,19,201000038807A01,7,0,1,200069037
201000038839,2010-01-19,2010,janvier,mardi,15:35,63,63113,0,0,2,1,3,1,1,4,2,02,1,1,0,90,1,0,1,4,1,35,1,3,2,0,2,1,1,201000038839B01,7,15,1,246300701
201000038885,2010-03-05,2010,mars,vendredi,12:00,63,63113,0,0,2,1,6,1,1,4,1,01,1,1,0,70,1,0,1,1,1,21,0,1,2,0,1,1,1,201000038885A01,,,,246300701
201000038885,2010-03-05,2010,mars,vendredi,12:00,63,63113,0,0,2,1,6,1,1,4,1,01,1,1,0,70,1,0,1,4,2,67,0,3,9,0,1,1,1,201000038885A01,,,,246300701
201000038890,2010-03-09,2010,mars,mardi,06:43,63,63113,0,0,2,1,6,5,1,4,2,02,-1,-1,0,0,1,0,1,4,1,26,1,3,4,0,0,0,0,201000038890B01,7,0,1,246300701
201000038925,2010-04-03,2010,avril,samedi,13:50,63,63113,0,0,2,1,3,1,1,4,2,02,1,3,0,70,1,0,1,4,1,13,0,1,2,0,2,2,1,201000038925B01,7,16,1,246300701
201000038928,2010-04-07,2010,avril,mercredi,15:15,63,63113,0,0,2,6,3,1,1,3,3,04,1,3,0,130,1,5,1,4,1,80,0,3,2,0,2,2,1,201000038928B01,7,9,1,246300701
201000038937,2010-04-16,2010,avril,vendredi,16:50,63,63113,0,0,2,1,6,1,1,3,2,04,1,1,0,0,1,0,1,4,2,20,5,1,2,0,2,8,1,201000038937B01,7,17,1,246300701
201000038946,2010-04-21,2010,avril,mercredi,09:50,63,63113,0,0,2,2,3,1,1,4,2,02,1,1,0,70,1,5,1,4,2,35,0,3,2,0,2,8,1,201000038946A01,7,1,1,246300701
201000038958,2010-04-28,2010,avril,mercredi,09:20,63,63113,0,0,2,1,2,1,1,3,1,01,1,3,0,0,1,3,1,3,1,22,1,3,9,0,2,1,2,201000038958A01,7,2,1,246300701
201000038977,2010-05-17,2010,mai,lundi,07:20,63,63113,0,0,2,1,6,1,1,4,2,01,-1,-1,0,0,1,0,5,1,1,52,0,3,9,0,2,0,0,201000038977A01,7,0,1,246300701
201000038979,2010-05-18,2010,mai,mardi,11:10,63,63113,0,0,2,1,6,1,1,4,2,02,1,1,0,0,1,0,1,4,1,77,5,1,2,0,2,0,19,201000038979A01,7,0,1,246300701
201000038994,2010-05-27,2010,mai,jeudi,14:44,63,63113,0,0,2,1,6,1,1,4,2,03,2,1,0,100,1,0,4,3,1,17,5,3,2,0,2,1,0,201000038994A01,7,15,1,246300701
201000039000,2010-05-28,2010,mai,vendredi,19:25,63,63113,0,0,2,1,6,1,1,4,2,00,1,1,0,0,1,0,1,4,1,12,5,3,9,0,2,1,0,201000039000A01,7,0,1,246300701
201000039004,2010-05-31,2010,mai,lundi,21:00,63,63113,0,0,2,1,6,2,1,4,2,02,1,1,0,0,1,0,1,4,1,12,5,3,9,0,2,5,19,201000039004A01,7,1,1,246300701
201000039009,2010-06-02,2010,juin,mercredi,15:10,63,63113,0,0,2,2,6,1,1,4,1,01,1,1,0,0,1,0,1,4,1,11,5,2,2,0,2,1,0,201000039009A01,,,,246300701
201000039010,2010-06-03,2010,juin,jeudi,17:20,63,63113,0,0,2,1,6,1,1,4,2,02,2,1,0,0,1,0,1,4,1,22,5,1,2,0,0,1,0,201000039010A01,,,,246300701
201000039032,2010-06-24,2010,juin,jeudi,12:25,63,63113,0,0,2,1,3,1,1,4,2,03,1,-1,0,100,1,0,1,4,1,78,0,3,2,0,2,0,19,201000039032B01,7,15,1,246300701