Num_Acc,date,an,mois,jour,hrmn,dep,com,lat,long,agg,int,col,lum,atm,catr,circ,nbv,prof,plan,lartpc,larrout,surf,infra,situ,grav,sexe,age,trajet,secuexist,equipement,obs,obsm,choc,manv,vehiculeid,typevehicules,manoeuvehicules,numVehicules,_infos_commune.code_epci
201000044639,2010-05-27,2010,mai,jeudi,12:10,80,80021,0,0,2,2,3,1,1,4,1,01,1,2,0,0,1,0,1,4,1,16,2,3,9,0,2,1,1,201000044639A01,7,1,1,248000531
201000044651,2010-06-06,2010,juin,dimanche,15:55,80,80021,0,0,2,1,3,1,1,4,2,03,1,1,0,0,1,0,1,4,1,15,2,3,9,0,2,1,19,201000044651A01,7,1,1,248000531
201000044651,2010-06-06,2010,juin,dimanche,15:55,80,80021,0,0,2,1,3,1,1,4,2,03,1,1,0,0,1,0,1,1,1,16,2,3,9,0,2,1,19,201000044651A01,7,1,1,248000531
201000044656,2010-06-11,2010,juin,vendredi,13:20,80,80021,0,0,2,1,3,1,1,4,2,02,1,1,0,0,1,0,5,4,1,49,1,3,9,0,2,7,1,201000044656B01,7,1,1,248000531
201000044674,2010-06-25,2010,juin,vendredi,14:00,80,80021,0,0,2,1,3,1,1,4,2,04,1,1,0,0,1,0,1,4,1,16,9,3,9,0,2,0,1,201000044674B01,7,16,1,248000531
201000044683,2010-06-29,2010,juin,mardi,16:35,80,80021,0,0,2,1,3,1,1,4,2,02,1,1,0,0,1,0,1,4,1,44,1,3,9,0,2,1,1,201000044683B01,17,15,1,248000531
201000044684,2010-07-07,2010,juillet,mercredi,17:48,80,80021,0,0,2,1,6,1,1,4,2,02,1,1,0,0,1,0,1,3,2,11,5,2,9,0,2,8,19,201000044684B01,7,1,1,248000531
201000044684,2010-07-07,2010,juillet,mercredi,17:48,80,80021,0,0,2,1,6,1,1,4,2,02,1,1,0,0,1,0,1,4,2,9,5,2,9,0,2,8,19,201000044684B01,7,1,1,248000531
201000044686,2010-07-02,2010,juillet,vendredi,16:10,80,80021,0,0,2,1,3,1,2,4,3,02,1,1,0,0,2,0,1,4,1,17,1,3,9,0,2,3,19,201000044686A01,33,1,1,248000531
201000044697,2010-07-18,2010,juillet,dimanche,20:10,80,80021,0,0,2,1,1,1,1,4,2,02,1,1,0,0,1,0,1,4,1,12,5,3,9,0,2,1,1,201000044697B01,2,1,1,248000531
201000044700,2010-07-20,2010,juillet,mardi,20:40,80,80489,0,0,1,6,3,1,1,4,2,02,1,1,0,0,1,0,1,4,1,35,0,2,2,0,2,0,0,201000044700B01,1,0,1,248000531
201000044709,2010-08-06,2010,août,vendredi,16:53,80,80021,0,0,2,3,3,1,1,4,2,02,1,1,0,0,1,0,1,4,1,20,5,2,2,0,2,1,1,201000044709A01,7,1,1,248000531
201000044713,2010-08-11,2010,août,mercredi,09:50,80,80021,0,0,2,6,3,1,2,4,2,04,1,1,0,0,2,5,1,4,1,29,4,3,9,0,2,3,1,201000044713B01,7,1,1,248000531
201000044719,2010-08-21,2010,août,samedi,11:50,80,80021,0,0,2,1,6,1,1,9,-1,01,1,1,0,200,1,6,1,1,1,15,5,3,9,0,1,1,1,201000044719A01,,,,248000531
201000044726,2010-09-01,2010,septembre,mercredi,17:35,80,80489,0,0,2,3,1,1,1,4,2,02,1,1,0,60,1,0,1,3,1,15,5,3,9,0,2,1,15,201000044726A01,7,16,1,248000531
201000044728,2010-09-02,2010,septembre,jeudi,16:00,80,80724,0,0,2,1,3,1,1,4,2,02,1,1,20,60,1,0,1,4,1,65,5,1,9,0,2,0,1,201000044728B01,7,15,1,248000531
201000044736,2010-09-08,2010,septembre,mercredi,06:50,80,80021,0,0,2,6,3,2,3,4,2,02,1,1,0,0,2,0,1,4,1,20,0,3,9,0,2,4,1,201000044736B01,7,9,1,248000531
201000044737,2010-09-10,2010,septembre,vendredi,12:00,80,80021,0,0,2,2,3,1,1,4,2,02,1,1,0,0,1,0,1,4,2,40,5,3,9,0,2,1,1,201000044737A01,7,1,1,248000531
201000044746,2010-09-15,2010,septembre,mercredi,18:10,80,80021,0,0,2,1,6,1,1,4,1,01,1,1,0,0,1,0,1,4,1,3,5,3,2,0,2,1,1,201000044746B01,7,1,1,248000531
201000044765,2010-10-11,2010,octobre,lundi,15:15,80,80021,0,0,1,1,3,1,1,4,2,02,1,2,0,0,1,0,1,4,1,49,0,3,4,0,2,4,1,201000044765B01,7,1,1,248000531
201000044798,2010-11-09,2010,novembre,mardi,17:55,80,80021,0,0,2,1,2,5,2,4,2,02,1,1,0,0,2,0,1,4,2,35,0,1,2,0,2,4,1,201000044798B01,7,1,1,248000531
201000044812,2010-11-26,2010,novembre,vendredi,17:20,80,80021,0,0,2,2,3,5,1,4,2,04,1,1,0,0,1,0,1,4,2,47,0,1,9,0,2,1,1,201000044812A01,7,11,1,248000531
201000044831,2010-12-13,2010,décembre,lundi,11:00,80,80021,0,0,2,2,6,1,1,4,2,02,1,2,0,0,1,0,1,4,1,18,0,3,2,0,2,1,1,201000044831A01,7,1,1,248000531
201000044847,2010-05-12,2010,mai,mercredi,08:20,81,81004,0,0,2,3,3,1,2,4,2,02,1,1,0,70,2,0,1,3,1,81,5,2,2,0,2,1,1,201000044847B01,7,15,1,248100737
201000044869,2010-09-15,2010,septembre,mercredi,09:15,81,81105,43.7662,1.97209,1,3,2,1,1,3,-1,02,1,1,0,0,1,0,1,2,1,82,5,3,9,0,0,4,15,201000044869B01,7,17,1,200066124
201000044907,2010-01-13,2010,janvier,mercredi,18:05,82,82121,0,0,2,3,3,3,1,4,2,01,2,1,0,0,-1,0,0,4,1,15,0,3,9,0,2,1,1,201000044907A01,7,15,1,248200099
201000044927,2010-03-24,2010,mars,mercredi,17:10,82,82121,0,0,2,1,3,1,1,4,1,02,1,1,0,0,1,0,5,4,1,74,5,2,9,0,2,1,5,201000044927B01,7,0,1,248200099
201000044929,2010-04-08,2010,avril,jeudi,18:06,82,82121,0,0,1,3,3,1,1,3,2,02,1,1,0,0,1,0,1,3,1,20,5,2,2,0,2,8,19,201000044929A01,7,1,1,248200099
201000044941,2010-06-24,2010,juin,jeudi,18:05,82,82121,0,0,2,1,6,1,1,4,2,02,-1,-1,0,0,1,0,1,3,2,22,5,2,9,0,2,8,13,201000044941B01,2,17,1,248200099
201000044980,2010-12-02,2010,décembre,jeudi,09:25,82,82121,0,0,2,6,6,1,1,4,2,02,1,1,0,0,1,0,1,4,2,51,0,3,9,0,2,1,1,201000044980B01,7,9,1,248200099
201000044993,2010-02-09,2010,février,mardi,12:55,83,83050,0,0,2,6,3,1,1,4,1,02,1,1,0,76,1,0,1,3,2,44,1,1,4,0,2,1,1,201000044993B01,7,1,1,248300493
201000045018,2010-10-11,2010,octobre,lundi,12:45,83,83050,0,0,2,6,3,1,3,4,-1,01,1,2,0,45,2,0,1,3,2,15,2,3,9,0,2,7,0,201000045018B01,7,16,1,248300493
201000045024,2010-12-11,2010,décembre,samedi,11:37,83,83118,0,0,1,1,3,1,1,4,2,02,2,4,0,121,1,0,1,3,1,55,5,2,9,0,2,1,1,201000045024B01,7,11,1,200035319
201000045041,2010-03-04,2010,mars,jeudi,16:10,83,83061,0,0,2,1,3,1,1,4,2,02,1,1,0,92,1,0,1,3,1,63,5,3,9,0,0,5,19,201000045041B01,7,1,1,200035319
201000045051,2010-06-04,2010,juin,vendredi,14:51,83,83061,0,0,2,1,3,1,1,3,-1,00,1,1,0,0,1,0,1,3,1,60,0,2,9,0,0,3,2,201000045051B01,7,2,1,200035319
201000045068,2010-08-04,2010,août,mercredi,06:40,83,83118,0,0,1,1,1,2,1,3,2,02,2,4,0,74,1,0,0,4,1,52,0,1,2,0,2,1,1,201000045068B01,1,5,1,200035319
201000045068,2010-08-04,2010,août,mercredi,06:40,83,83118,0,0,1,1,1,2,1,3,2,02,2,4,0,74,1,0,0,4,2,38,0,2,2,0,2,1,5,201000045068A01,1,1,1,200035319
201000045104,2010-04-13,2010,avril,mardi,22:40,83,83069,0,0,2,1,6,5,1,4,2,02,2,1,0,86,1,0,1,3,1,35,5,2,9,1,0,0,0,201000045104A01,,,,248300543
201000045112,2010-05-15,2010,mai,samedi,11:00,83,83069,0,0,2,2,3,1,1,4,1,01,1,1,0,60,1,5,1,4,1,64,0,3,9,0,0,0,0,201000045112Y01,7,1,1,248300543
201000045147,2010-05-12,2010,mai,mercredi,08:40,83,83129,0,0,2,6,3,1,1,4,-1,01,1,-1,0,50,1,5,1,3,2,83,5,2,9,0,2,7,16,201000045147B01,7,9,1,248300543
201000045148,2010-05-20,2010,mai,jeudi,08:35,83,83129,0,0,2,3,3,1,1,4,2,03,1,1,6,95,1,0,1,3,2,62,5,2,2,0,2,1,9,201000045148A01,7,1,1,248300543
201000045155,2010-06-08,2010,juin,mardi,18:40,83,83129,0,0,2,1,6,1,1,4,1,01,1,-1,0,80,1,0,1,3,2,22,5,1,2,0,0,8,1,201000045155B01,3,16,1,248300543
201000045172,2010-08-21,2010,août,samedi,09:15,83,83123,0,0,2,1,6,1,1,4,1,01,1,1,0,40,1,0,1,3,1,67,5,1,2,0,2,8,0,201000045172B01,7,0,1,248300394
201000045176,2010-09-10,2010,septembre,vendredi,18:15,83,83129,0,0,2,3,3,1,1,4,2,02,1,1,0,30,1,0,1,4,2,46,5,3,9,0,2,5,1,201000045176B01,7,16,1,248300543
201000045190,2010-11-05,2010,novembre,vendredi,18:00,83,83123,0,0,2,3,3,5,1,4,2,02,1,1,0,60,1,0,1,3,1,31,0,1,2,0,2,1,1,201000045190B01,10,15,1,248300394
201000045198,2010-12-10,2010,décembre,vendredi,16:00,83,83129,0,0,2,1,6,1,1,3,4,02,1,2,0,0,1,5,1,4,2,71,5,3,9,0,2,3,2,201000045198B01,7,2,1,248300543
201000045263,2010-06-29,2010,juin,mardi,09:05,83,83126,0,0,2,1,2,1,1,4,2,03,1,1,0,67,1,5,1,3,1,20,9,3,4,0,2,1,2,201000045263A01,7,2,1,248300543
201000045285,2010-10-15,2010,octobre,vendredi,09:22,83,83126,0,0,2,6,7,1,9,4,1,01,1,2,0,0,2,0,1,3,1,35,1,1,2,0,0,0,2,201000045285A01,,,,248300543
201000045318,2010-01-21,2010,janvier,jeudi,16:10,83,83062,0,0,2,3,3,1,1,3,2,00,1,1,0,0,1,5,1,4,1,49,1,2,2,0,2,1,2,201000045318B01,7,0,1,248300543
201000045341,2010-03-10,2010,mars,mercredi,07:45,83,83062,0,0,2,3,3,1,8,4,2,02,-1,-1,0,0,-1,0,1,4,1,47,1,1,2,0,2,1,1,201000045341B01,7,15,1,248300543
201000045355,2010-03-12,2010,mars,vendredi,07:55,83,83137,0,0,2,1,2,1,1,4,3,01,1,1,27,105,1,0,1,4,2,19,1,1,2,0,2,0,0,201000045355A01,7,0,1,248300543
201000045360,2010-03-24,2010,mars,mercredi,10:40,83,83137,0,0,2,1,6,1,1,4,2,02,2,1,0,0,1,0,1,4,1,14,2,2,2,1,0,1,14,201000045360A01,,,,248300543
201000045377,2010-04-09,2010,avril,vendredi,20:10,83,83062,0,0,2,1,3,2,1,4,2,01,1,1,0,0,1,0,1,3,1,15,9,2,9,0,2,0,0,201000045377B01,7,2,1,248300543
201000045409,2010-05-15,2010,mai,samedi,11:30,83,83090,0,0,1,1,7,1,1,3,2,01,2,1,0,35,1,0,1,3,1,33,5,1,2,13,0,1,1,201000045409A01,,,,248300543
201000045424,2010-05-25,2010,mai,mardi,18:35,83,83137,0,0,2,2,3,1,1,4,2,02,1,1,0,60,1,0,1,4,1,11,0,3,9,0,2,8,1,201000045424B01,2,1,1,248300543
201000045435,2010-05-28,2010,mai,vendredi,19:50,83,83137,0,0,2,1,3,1,1,4,2,02,1,1,25,62,1,0,4,4,1,16,5,2,2,0,2,1,5,201000045435A01,7,9,1,248300543
201000045447,2010-06-21,2010,juin,lundi,17:10,83,83137,0,0,2,1,1,1,1,9,1,02,1,1,34,61,1,3,1,4,1,10,5,3,9,0,2,1,19,201000045447B01,7,1,1,248300543
201000045449,2010-06-27,2010,juin,dimanche,20:00,83,83137,0,0,2,1,5,1,1,4,2,06,1,1,20,180,1,0,1,4,1,20,0,3,9,0,2,4,2,201000045449B01,7 / 10,2 / 24,2,248300543
201000045476,2010-07-14,2010,juillet,mercredi,13:40,83,83137,0,0,2,2,3,1,1,4,-1,02,-1,-1,0,0,-1,0,0,4,1,18,5,2,2,0,2,2,1,201000045476A01,7,1,1,248300543
201000045491,2010-07-30,2010,juillet,vendredi,09:20,83,83137,0,0,2,1,2,1,1,4,2,02,1,1,0,0,1,0,1,4,1,14,5,3,9,0,2,4,1,201000045491B01,1,0,1,248300543
201000045501,2010-08-08,2010,août,dimanche,09:30,83,83137,0,0,2,3,3,1,1,4,2,02,1,1,0,0,1,0,0,4,1,46,5,3,9,0,2,1,0,201000045501B01,7,15,1,248300543
201000045503,2010-08-12,2010,août,jeudi,13:45,83,83090,0,0,2,1,1,1,1,4,2,02,1,3,0,50,1,0,1,4,1,16,5,3,9,0,2,1,1,201000045503B01,7,5,1,248300543
201000045506,2010-08-18,2010,août,mercredi,10:55,83,83137,0,0,2,1,3,1,1,4,2,02,1,3,0,86,1,0,1,3,1,51,0,2,2,0,2,1,1,201000045506A01,14,12,1,248300543
201000045535,2010-09-15,2010,septembre,mercredi,07:40,83,83137,0,0,2,1,3,1,1,4,2,02,1,1,0,50,1,0,1,3,1,47,1,1,2,0,2,7,1,201000045535B01,7,16,1,248300543
201000045556,2010-09-27,2010,septembre,lundi,07:45,83,83137,0,0,2,3,3,1,1,4,2,03,1,1,0,93,1,5,5,1,1,33,1,1,2,0,0,3,1,201000045556B01,34,17,1,248300543
201000045559,2010-09-26,2010,septembre,dimanche,11:52,83,83090,0,0,1,1,5,1,1,3,2,01,2,3,0,40,1,0,1,4,1,46,5,1,2,0,2,1,1,201000045559A01,7,1,1,248300543
201000045559,2010-09-26,2010,septembre,dimanche,11:52,83,83090,0,0,1,1,5,1,1,3,2,01,2,3,0,40,1,0,1,4,1,52,5,1,2,0,2,1,1,201000045559B01,7,1,1,248300543
201000045572,2010-10-15,2010,octobre,vendredi,18:45,83,83144,0,0,2,1,3,3,1,4,-1,00,1,1,0,0,1,0,1,3,1,10,5,3,9,0,2,8,19,201000045572A01,7,1,1,248300543
201000045576,2010-10-26,2010,octobre,mardi,12:20,83,83137,0,0,2,6,3,1,1,3,3,02,1,-1,0,60,1,0,1,3,2,44,0,1,2,0,2,1,0,201000045576B01,7,0,1,248300543
201000045580,2010-10-28,2010,octobre,jeudi,11:50,83,83137,0,0,2,6,3,1,1,4,1,03,1,2,0,120,1,0,1,3,1,59,0,1,2,0,2,7,1,201000045580B01,7,9,1,248300543
201000045725,2010-09-04,2010,septembre,samedi,08:10,84,84007,0,0,2,1,7,1,1,9,-1,00,1,1,0,0,1,0,4,2,1,67,5,1,2,15,0,1,1,201000045725A01,,,,248400251
201000045742,2010-03-19,2010,mars,vendredi,13:25,84,84031,0,0,2,1,6,1,1,3,2,02,3,1,0,60,1,0,1,3,1,71,5,3,9,0,2,0,9,201000045742B01,15,1,1,248400053
201000045757,2010-06-15,2010,juin,mardi,07:55,84,84035,0,0,2,1,3,1,3,4,1,02,1,1,0,50,2,0,1,4,2,16,2,1,4,0,2,8,9,201000045757A01,7,17,1,200040442
201000045773,2010-03-22,2010,mars,lundi,19:45,84,84087,0,0,1,3,6,1,1,3,2,02,1,1,0,40,1,0,1,3,1,22,1,2,2,0,2,1,16,201000045773A01,7,1,1,248400236
201000045777,2010-04-02,2010,avril,vendredi,06:00,84,84087,0,0,2,1,6,5,1,4,1,01,2,-1,0,55,1,0,3,2,2,37,9,2,2,6,0,1,0,201000045777A01,,,,248400236
201000045784,2010-12-16,2010,décembre,jeudi,09:45,84,84087,0,0,1,1,6,1,1,4,2,02,1,1,0,61,1,0,1,4,2,57,4,3,9,0,2,1,1,201000045784B01,13,9,1,248400236
201000045787,2010-03-15,2010,mars,lundi,16:15,84,84089,0,0,2,1,2,1,1,3,-1,01,1,1,0,30,1,0,1,4,1,33,4,3,9,0,0,4,2,201000045787B01,7,2,1,200054807
201000045808,2010-06-30,2010,juin,mercredi,17:20,85,85191,0,0,1,1,6,1,1,3,2,02,2,1,0,60,1,0,1,3,1,17,5,1,2,0,0,7,19,201000045808B01,10,1,1,248500589
201000045809,2010-07-15,2010,juillet,jeudi,00:01,85,85191,0,0,2,4,3,5,8,3,2,02,2,1,0,110,2,0,1,4,1,17,5,2,9,0,2,2,1,201000045809A01,7,23,1,248500589
201000045811,2010-07-13,2010,juillet,mardi,12:20,85,85191,0,0,2,6,3,1,1,3,2,02,1,1,0,45,1,5,1,3,1,25,0,1,2,0,2,7,1,201000045811B01,7,1,1,248500589
201000045818,2010-09-16,2010,septembre,jeudi,07:30,85,85191,46.67145,-1.42312,2,1,2,1,1,4,2,02,2,1,0,100,1,0,1,4,2,13,2,2,2,0,0,4,13,201000045818A01,7,21,1,248500589
201000045837,2010-03-26,2010,mars,vendredi,14:30,85,85194,0,0,2,6,7,1,1,3,2,00,1,3,0,0,1,0,1,4,2,59,5,3,9,0,0,0,1,201000045837B01,7,1,1,200071165
201000045848,2010-06-30,2010,juin,mercredi,09:20,85,85060,46.49332,-1.74914,2,1,3,1,1,6,-1,00,1,1,0,0,1,0,1,4,2,70,3,3,9,0,2,2,1,201000045848B01,7,9,1,
201000045851,2010-07-13,2010,juillet,mardi,18:00,85,85194,46.50302,-1.78728,2,1,3,1,1,4,3,02,1,1,15,36,1,0,1,3,2,23,5,2,2,0,2,3,13,201000045851A01,7,1,1,200071165
201000045855,2010-08-25,2010,août,mercredi,04:37,85,85194,46.50266,-1.7948,2,1,6,5,1,4,1,00,1,1,0,0,1,6,0,2,1,21,5,3,9,9,0,2,3,201000045855A01,,,,200071165
201000045857,2010-08-31,2010,août,mardi,08:55,85,85194,0,0,2,1,2,1,1,4,1,00,1,1,0,25,1,0,5,4,2,46,1,3,2,0,2,1,1,201000045857B01,14,20,1,200071165
201000045859,2010-09-13,2010,septembre,lundi,14:05,85,85166,0,0,2,6,3,1,1,3,1,01,1,1,0,154,1,5,1,3,2,63,5,2,2,0,2,8,11,201000045859B01,7,9,1,
201000045861,2010-10-11,2010,octobre,lundi,14:45,85,85166,0,0,2,1,7,1,1,3,-1,02,1,1,0,0,1,0,1,3,2,70,5,2,9,12,0,0,3,201000045861A01,,,,
201000045887,2010-10-01,2010,octobre,vendredi,12:00,86,86066,0,0,2,6,3,1,1,4,2,00,1,-1,0,0,1,5,1,3,2,80,5,2,2,0,2,3,2,201000045887A01,7,2,1,248600413
201000045901,2010-01-27,2010,janvier,mercredi,17:20,86,86194,0,0,2,3,3,1,1,4,2,02,4,1,0,80,1,5,1,3,2,27,1,2,2,0,2,1,1,201000045901B01,20,15,1,200069854
201000045902,2010-02-01,2010,février,lundi,08:30,86,86194,0,0,2,6,6,2,1,4,2,02,1,2,0,120,1,0,1,4,2,31,1,3,9,0,2,4,1,201000045902A01,7,1,1,200069854
201000045906,2010-02-09,2010,février,mardi,09:15,86,86194,0,0,2,1,6,1,4,4,2,02,2,1,0,60,2,0,1,1,1,25,9,3,9,0,1,1,1,201000045906A01,,,,200069854
201000045951,2010-05-04,2010,mai,mardi,18:35,86,86194,0,0,2,1,3,1,1,4,2,02,2,1,0,60,1,0,1,4,1,36,1,2,2,0,2,1,17,201000045951B01,7,17,1,200069854
201000045969,2010-06-03,2010,juin,jeudi,16:05,86,86157,0,0,2,3,1,1,1,4,2,02,1,1,0,70,1,0,1,4,1,8,9,3,9,0,2,1,13,201000045969A01,7,1,1,200069854
201000045976,2010-06-16,2010,juin,mercredi,14:30,86,86194,0,0,2,1,3,1,1,4,2,02,1,1,0,70,1,0,1,4,1,11,5,3,9,0,2,8,1,201000045976A01,7,1,1,200069854
201000045984,2010-07-06,2010,juillet,mardi,20:25,86,86194,0,0,2,3,3,1,2,4,1,01,2,1,0,0,1,5,1,4,2,16,5,2,2,0,2,1,9,201000045984A01,10,1,1,200069854
201000046007,2010-09-06,2010,septembre,lundi,18:10,86,86194,0,0,2,2,3,1,1,3,3,04,1,1,80,220,1,5,1,3,1,78,5,3,9,0,2,1,1,201000046007A01,7,15,1,200069854
201000046041,2010-11-05,2010,novembre,vendredi,17:20,86,86194,0,0,2,4,2,2,1,3,3,06,1,1,40,220,1,3,1,4,1,59,1,1,2,0,2,4,1,201000046041B01,7,9,1,200069854
201000046046,2010-11-10,2010,novembre,mercredi,08:50,86,86194,0,0,2,3,3,1,1,4,1,01,2,-1,0,0,1,0,1,3,1,43,0,3,9,0,2,1,5,201000046046A01,10,15,1,200069854
201000046063,2010-12-13,2010,décembre,lundi,09:05,86,86194,0,0,2,3,3,1,1,4,1,01,1,1,0,50,1,6,1,4,1,35,0,3,2,0,2,1,1,201000046063A01,7,9,1,200069854
201000046077,2010-01-11,2010,janvier,lundi,16:11,87,87085,0,0,2,1,6,1,1,4,2,02,1,1,0,60,9,0,1,4,1,42,5,3,2,16,0,1,2,201000046077A01,,,,248719312
201000046078,2010-01-11,2010,janvier,lundi,14:44,87,87085,0,0,2,1,6,1,1,4,2,02,1,1,0,60,5,0,0,4,2,62,5,2,2,16,0,1,2,201000046078A01,,,,248719312
201000046084,2010-01-14,2010,janvier,jeudi,07:22,87,87085,45.8255,1.27884,2,3,3,5,2,3,2,03,1,1,0,0,2,0,1,4,1,25,1,2,2,0,2,1,19,201000046084A01,7,15,1,248719312
201000046089,2010-01-22,2010,janvier,vendredi,14:35,87,87085,0,0,2,1,6,1,1,4,2,02,1,1,0,60,1,0,1,4,1,58,5,2,4,16,0,7,2,201000046089A01,,,,248719312
201000046128,2010-02-25,2010,février,jeudi,18:40,87,87065,45.794,1.29533,2,2,3,5,3,3,2,02,1,1,0,60,2,0,1,4,1,20,5,3,9,0,2,1,2,201000046128B01,7,2,1,248719312
201000046133,2010-03-01,2010,mars,lundi,11:21,87,87085,0,0,2,4,3,1,1,4,2,03,-1,2,0,90,1,0,1,4,1,24,5,2,2,0,0,0,1,201000046133B01,7,15,1,248719312
201000046171,2010-03-29,2010,mars,lundi,19:02,87,87085,0,0,2,9,3,1,1,4,2,02,1,1,0,60,1,0,1,4,2,21,2,1,2,1,0,1,2,201000046171B01,7,24,1,248719312
201000046200,2010-04-26,2010,avril,lundi,16:55,87,87085,0,0,2,1,6,1,1,4,2,03,-1,1,0,90,1,0,1,4,1,23,5,2,2,0,2,1,1,201000046200B01,7,22,1,248719312
201000046208,2010-04-29,2010,avril,jeudi,20:18,87,87085,0,0,2,1,1,1,1,4,2,02,-1,3,0,60,2,0,1,4,1,16,5,2,2,0,2,1,13,201000046208A01,7,1,1,248719312
201000046230,2010-05-26,2010,mai,mercredi,17:00,87,87085,0,0,2,3,3,1,1,4,2,02,1,1,0,60,1,0,1,4,1,13,5,3,2,0,2,1,2,201000046230A01,7,2,1,248719312
201000046231,2010-05-26,2010,mai,mercredi,17:30,87,87085,0,0,2,1,3,1,1,4,2,02,1,1,0,60,1,0,1,4,1,60,5,1,2,1,0,1,2,201000046231B01,7,24,1,248719312
201000046246,2010-06-05,2010,juin,samedi,07:47,87,87085,0,0,2,1,7,1,1,4,2,02,-1,1,0,60,1,0,1,3,1,56,5,3,2,0,0,0,0,201000046246A01,,,,248719312
201000046286,2010-07-05,2010,juillet,lundi,07:48,87,87085,0,0,2,1,6,1,1,4,2,02,-1,1,0,60,1,0,1,4,1,76,5,3,2,0,0,0,0,201000046286A01,,,,248719312
201000046294,2010-07-10,2010,juillet,samedi,09:16,87,87075,45.7854,1.20807,1,1,6,1,1,3,2,02,2,1,0,60,1,0,1,4,1,55,5,1,2,0,0,0,0,201000046294A01,,,,248719312
201000046324,2010-08-03,2010,août,mardi,16:20,87,87085,45.9028,1.29652,2,2,3,1,1,3,2,02,1,1,0,60,1,0,1,4,1,64,5,1,4,0,2,1,1,201000046324B01,7,19,1,248719312
201000046325,2010-08-07,2010,août,samedi,20:10,87,87085,0,0,2,1,3,1,1,6,-1,00,1,1,0,60,1,0,1,4,1,9,5,1,9,0,2,8,2,201000046325A01,7,2,1,248719312
201000046332,2010-08-17,2010,août,mardi,17:42,87,87085,0,0,2,1,6,1,1,4,2,02,1,1,0,60,1,0,1,4,1,48,5,1,9,16,0,8,2,201000046332A01,,,,248719312
201000046395,2010-09-26,2010,septembre,dimanche,13:25,87,87075,45.8094,1.16306,1,1,1,1,1,3,2,02,-1,1,0,60,1,0,1,4,1,18,5,3,4,0,2,3,1,201000046395B01,7,17,1,248719312
201000046465,2010-11-12,2010,novembre,vendredi,18:34,87,87085,0,0,2,2,3,5,1,4,2,02,-1,1,0,60,2,0,1,3,1,21,1,2,2,0,2,1,1,201000046465B01,7,1,1,248719312
201000046541,2010-04-08,2010,avril,jeudi,09:20,88,88160,48.1749,6.45244,2,3,3,1,2,4,1,01,1,1,0,106,2,0,0,3,1,61,5,2,2,0,2,1,1,201000046541B01,7,15,1,200068757
201000046546,2010-05-17,2010,mai,lundi,10:30,88,88160,48.1902,6.44849,2,1,6,1,1,3,2,02,2,2,0,80,1,0,1,3,1,56,5,3,9,0,0,0,2,201000046546B01,10,17,1,200068757
201000046549,2010-06-23,2010,juin,mercredi,13:20,88,88209,48.1841,6.42646,2,1,6,1,1,4,2,02,1,3,0,50,1,0,1,3,1,6,5,3,9,0,2,0,0,201000046549B01,10,1,1,200068757
201000046601,2010-08-08,2010,août,dimanche,18:20,88,88413,48.2905,6.93985,2,1,3,1,1,4,2,02,1,1,0,57,1,0,1,3,1,9,5,3,9,0,2,2,19,201000046601A01,7,1,1,200071066
201000046609,2010-11-09,2010,novembre,mardi,11:35,88,88413,48.287,6.94857,2,2,1,1,1,4,2,02,1,1,0,60,1,0,0,3,1,77,3,2,4,0,2,8,1,201000046609B01,7,15,1,200071066
201000046634,2010-05-23,2010,mai,dimanche,11:20,89,89024,0,0,2,1,6,1,1,4,2,02,1,2,0,70,1,0,1,3,2,59,5,1,2,0,2,8,1,201000046634B01,7,17,1,200067114
201000046644,2010-03-01,2010,mars,lundi,17:00,89,89387,0,0,2,1,2,1,1,4,2,02,1,1,0,50,1,0,1,3,1,16,2,2,9,0,2,6,2,201000046644B01,7,1,1,248900334
201000046659,2010-09-07,2010,septembre,mardi,09:40,89,89387,0,0,2,1,2,1,1,4,2,02,1,1,0,60,1,0,1,3,2,37,4,1,2,0,2,4,0,201000046659B01,7,1,1,248900334
201000046682,2010-02-01,2010,février,lundi,09:10,90,90010,0,0,2,3,3,1,1,3,1,02,1,1,0,0,5,0,1,4,1,20,5,3,9,0,2,1,1,201000046682A01,7,1,1,200069052
201000046693,2010-03-15,2010,mars,lundi,09:05,90,90010,0,0,2,1,6,1,1,3,1,02,-1,-1,0,71,2,0,1,4,2,57,1,2,9,0,0,7,2,201000046693B01,13,2,1,200069052
201000046708,2010-04-12,2010,avril,lundi,12:05,90,90010,0,0,2,1,3,1,1,3,2,02,1,1,0,80,1,0,4,4,1,62,0,3,9,0,2,1,1,201000046708B01,7,16,1,200069052
201000046713,2010-04-29,2010,avril,jeudi,21:49,90,90010,0,0,2,1,7,5,1,3,1,02,-1,-1,0,60,1,0,1,4,1,31,0,3,9,1,0,0,0,201000046713A01,,,,200069052
201000046721,2010-05-25,2010,mai,mardi,18:00,90,90010,0,0,2,1,3,1,1,4,-1,01,1,2,0,0,1,0,5,4,1,44,1,1,2,0,2,1,0,201000046721B01,7,0,1,200069052
201000046726,2010-06-01,2010,juin,mardi,11:00,90,90099,0,0,2,1,3,1,1,4,-1,01,1,1,0,61,1,0,1,4,2,56,5,3,9,0,2,2,0,201000046726B01,7,0,1,200069052
201000046727,2010-06-01,2010,juin,mardi,11:30,90,90010,0,0,2,1,6,1,1,4,-1,01,2,1,0,0,1,0,1,4,1,33,5,2,9,0,2,0,2,201000046727B01,7,2,1,200069052
201000046730,2010-06-09,2010,juin,mercredi,09:38,90,90032,0,0,2,1,2,1,1,3,3,02,1,1,0,80,1,0,1,4,1,82,5,3,2,0,2,4,2,201000046730B01,7,2,1,200069052