Num_Acc,date,an,mois,jour,hrmn,dep,com,lat,long,agg,int,col,lum,atm,catr,circ,nbv,prof,plan,lartpc,larrout,surf,infra,situ,grav,sexe,age,trajet,secuexist,equipement,obs,obsm,choc,manv,vehiculeid,typevehicules,manoeuvehicules,numVehicules,_infos_commune.code_epci
201000054003,2010-09-23,2010,septembre,jeudi,17:55,94,94067,48.8436,2.41761,2,2,6,1,1,3,2,03,1,1,0,0,1,0,1,1,1,39,9,3,9,0,1,1,1,201000054003A01,,,,200054781
201000054005,2010-10-08,2010,octobre,vendredi,19:40,94,94080,0,0,2,3,3,5,1,3,2,02,1,1,0,0,1,0,1,3,2,44,1,2,9,0,2,7,1,201000054005B01,7,17,1,200054781
201000054036,2010-01-22,2010,janvier,vendredi,11:45,94,94081,48.7928,2.39282,2,2,3,1,1,3,3,04,2,1,0,0,1,0,1,4,1,21,5,2,2,0,2,1,1,201000054036A01,7,16,1,200054781
201000054057,2010-04-09,2010,avril,vendredi,12:05,94,94081,48.7947,2.41863,2,2,3,1,1,3,2,02,1,1,0,0,1,0,1,3,1,25,1,2,2,0,2,1,18,201000054057A01,14,16,1,200054781
201000054073,2010-06-03,2010,juin,jeudi,12:00,94,94081,48.7914,2.39466,2,1,6,1,1,3,3,04,1,1,0,0,1,0,1,1,2,33,4,2,2,0,1,1,5,201000054073A01,,,,200054781
201000054095,2010-07-18,2010,juillet,dimanche,18:20,94,94081,48.8027,2.41051,2,1,2,1,1,3,2,02,1,1,0,0,1,0,1,4,1,19,9,3,2,0,2,3,1,201000054095A01,7,1,1,200054781
201000054153,2010-01-30,2010,janvier,samedi,10:10,95,95018,48.9422,2.2333,2,1,7,1,4,4,2,02,1,1,0,58,7,0,1,4,2,47,5,3,2,0,0,0,1,201000054153A01,,,,200054781
201000054162,2010-02-11,2010,février,jeudi,12:10,95,95018,48.9426,2.2431,2,2,3,1,8,3,3,05,1,1,0,199,1,5,1,4,1,20,5,3,2,0,2,9,1,201000054162B01,7,15,1,200054781
201000054192,2010-04-11,2010,avril,dimanche,15:10,95,95176,48.9437,2.2513,2,1,6,1,1,3,2,04,1,1,0,120,1,0,1,1,1,12,5,3,2,0,1,1,1,201000054192A01,,,,200058485
201000054198,2010-04-19,2010,avril,lundi,16:05,95,95018,48.9474,2.2566,2,1,6,1,1,4,2,02,1,1,0,66,1,0,1,1,1,40,5,3,9,0,1,1,1,201000054198A01,,,,200054781
201000054217,2010-05-06,2010,mai,jeudi,18:35,95,95018,48.9535,2.263,2,3,6,1,1,4,1,01,4,1,0,40,1,0,0,3,2,11,5,2,2,6,0,1,15,201000054217A01,,,,200054781
201000054220,2010-05-10,2010,mai,lundi,07:35,95,95018,48.9452,2.2465,2,1,6,1,1,4,2,02,1,1,0,78,1,0,1,3,1,54,1,2,2,1,0,1,14,201000054220A01,,,,200054781
201000054227,2010-05-23,2010,mai,dimanche,18:10,95,95018,48.9523,2.2227,2,1,6,2,1,4,2,02,1,1,0,80,1,0,1,4,2,11,5,3,2,0,2,1,19,201000054227A01,7,1,1,200054781
201000054261,2010-07-08,2010,juillet,jeudi,15:45,95,95018,48.9462,2.248,2,2,3,1,1,3,2,04,1,1,0,107,1,5,1,4,1,76,5,3,2,0,2,8,13,201000054261A01,37,1,1,200054781
201000054269,2010-07-15,2010,juillet,jeudi,18:10,95,95176,48.9644,2.2045,2,5,3,1,1,4,2,02,1,1,0,56,1,0,1,4,1,10,5,2,2,0,2,8,13,201000054269A01,7,1,1,200058485
201000054275,2010-07-22,2010,juillet,jeudi,19:00,95,95582,48.9724,2.2556,2,1,6,1,1,3,2,02,1,1,0,62,1,0,1,4,1,27,5,3,2,0,2,1,1,201000054275B01,7,22,1,200058485
201000054276,2010-07-26,2010,juillet,lundi,16:55,95,95582,48.9825,2.2405,2,1,1,1,1,4,1,01,1,1,0,24,1,0,1,4,1,11,5,3,9,0,2,1,1,201000054276A01,7,1,1,200058485
201000054281,2010-07-30,2010,juillet,vendredi,18:40,95,95018,48.9342,2.2348,2,3,3,1,1,4,2,02,1,1,0,90,1,0,1,4,1,23,9,3,9,0,2,1,1,201000054281B01,7,9,1,200054781
201000054347,2010-11-10,2010,novembre,mercredi,07:05,95,95176,48.9707,2.1988,2,6,2,2,2,3,2,02,1,1,0,90,2,5,1,4,1,37,1,1,2,0,2,0,1,201000054347B01,7,1,1,200058485
201000054368,2010-12-06,2010,décembre,lundi,08:05,95,95018,48.9569,2.2799,2,1,3,2,8,3,1,02,1,1,13,50,1,0,1,1,1,52,1,2,9,0,2,4,11,201000054368B01,33,3,1,200054781
201000054418,2010-05-16,2010,mai,dimanche,18:45,95,95500,49.0486,2.1016,2,7,3,1,1,3,2,01,1,1,0,0,1,5,1,4,1,12,5,1,2,0,2,1,19,201000054418B01,7,1,1,249500109
201000054422,2010-05-25,2010,mai,mardi,18:40,95,95572,49.0409,2.1129,2,1,1,1,1,4,1,01,1,1,0,35,1,0,1,4,1,11,5,1,2,0,0,0,0,201000054422B01,7,1,1,249500109
201000054427,2010-06-26,2010,juin,samedi,20:30,95,95500,49.0612,2.09039,2,1,3,1,1,3,3,02,1,1,0,0,1,0,1,3,1,10,5,3,9,0,2,1,1,201000054427B01,7,1,1,249500109
201000054431,2010-08-21,2010,août,samedi,19:10,95,95572,49.0529,2.1176,2,4,3,1,1,3,2,02,2,1,0,60,1,0,1,3,1,35,5,1,2,0,2,3,2,201000054431A01,7,16,1,249500109
201000054445,2010-11-19,2010,novembre,vendredi,17:35,95,95127,49.0449,2.02619,2,2,3,5,8,4,2,02,1,1,0,70,1,0,1,3,1,33,5,1,2,0,2,1,1,201000054445B01,7,15,1,249500109
201000054452,2010-05-20,2010,mai,jeudi,06:50,95,95127,49.0359,2.0812,2,1,3,1,1,4,3,04,1,1,15,100,1,0,1,4,1,60,1,1,4,0,2,8,19,201000054452A01,33,1,1,249500109
201000054454,2010-10-20,2010,octobre,mercredi,13:30,95,95127,49.0496,2.0131,2,3,3,1,1,4,2,02,3,1,0,35,1,5,1,4,2,29,5,1,3,0,2,7,19,201000054454B01,31,1,1,249500109
201000054477,2010-09-06,2010,septembre,lundi,11:25,95,95427,48.9766,2.3541,2,1,3,1,1,3,-1,02,-1,1,0,80,1,0,4,4,1,14,5,3,9,0,2,1,1,201000054477B01,7,9,1,200056380
201000054504,2010-01-12,2010,janvier,mardi,15:55,95,95219,48.9857,2.2563,2,1,6,1,1,4,2,02,1,1,0,0,1,0,1,4,1,17,9,3,9,0,2,4,19,201000054504A01,7,1,1,200058485
201000054519,2010-03-22,2010,mars,lundi,18:09,95,95219,48.9889,2.2585,2,1,3,1,1,4,2,02,1,1,0,0,1,0,1,4,1,14,5,3,9,0,2,0,1,201000054519B01,7,1,1,200058485
201000054520,2010-03-23,2010,mars,mardi,12:40,95,95203,48.9951,2.2754,2,2,3,1,1,3,2,02,1,1,0,0,1,0,1,4,1,60,0,3,9,0,2,1,1,201000054520B01,7,1,1,200058485
201000054525,2010-03-31,2010,mars,mercredi,12:30,95,95252,48.9877,2.2322,2,2,3,1,1,4,2,02,1,1,0,0,1,0,1,4,2,21,1,1,4,0,2,1,16,201000054525B01,33,1,1,200058485
201000054529,2010-04-18,2010,avril,dimanche,15:10,95,95252,48.9929,2.2222,2,1,3,1,1,4,2,02,1,1,0,0,1,0,1,4,2,56,0,1,2,0,2,8,0,201000054529B01,7,13,1,200058485
201000054531,2010-04-20,2010,avril,mardi,18:10,95,95491,48.9992,2.2353,2,1,2,1,1,4,2,02,1,1,0,0,1,0,1,4,2,73,0,1,2,0,2,1,1,201000054531B01,7,4,1,200058485
201000054534,2010-05-12,2010,mai,mercredi,08:20,95,95203,48.9935,2.2746,2,6,3,1,1,4,1,01,1,2,0,0,1,5,1,4,1,19,0,1,4,0,2,7,1,201000054534B01,7,16,1,200058485
201000054541,2010-06-09,2010,juin,mercredi,11:25,95,95252,48.9859,2.2285,2,1,1,1,1,3,2,02,1,1,0,0,1,0,1,4,1,38,0,3,4,0,2,7,1,201000054541B01,7,22,1,200058485
201000054546,2010-06-26,2010,juin,samedi,11:15,95,95219,48.9965,2.2487,2,1,3,1,1,4,2,01,1,1,0,0,1,0,1,4,1,10,0,3,9,0,2,8,13,201000054546B01,7,1,1,200058485
201000054549,2010-07-18,2010,juillet,dimanche,18:25,95,95203,48.9955,2.2714,2,6,3,1,1,4,1,00,1,2,0,0,1,0,1,4,1,58,0,3,9,0,2,1,15,201000054549B01,7,9,1,200058485
201000054550,2010-07-29,2010,juillet,jeudi,12:50,95,95219,48.9947,2.2549,2,1,1,1,1,4,1,01,1,1,0,0,1,0,1,4,1,9,5,3,9,0,2,1,1,201000054550B01,7,1,1,200058485
201000054555,2010-08-16,2010,août,lundi,14:50,95,95203,48.9934,2.2749,2,6,3,1,1,3,2,02,1,1,,,1,0,1,4,2,19,0,3,9,0,2,0,15,201000054555B01,7,9,1,200058485
201000054557,2010-08-23,2010,août,lundi,08:00,95,95203,48.9911,2.2787,2,3,6,1,1,4,2,02,1,1,,,1,0,1,4,1,30,1,1,2,12,0,1,19,201000054557A01,,,,200058485
201000054559,2010-09-06,2010,septembre,lundi,10:35,95,95203,48.9926,2.2768,2,3,3,1,1,4,1,01,1,1,0,0,1,0,1,4,1,58,5,1,2,0,2,1,1,201000054559B01,7,1,1,200058485
201000054566,2010-10-01,2010,octobre,vendredi,20:10,95,95219,48.988,2.247,2,1,3,1,1,6,-1,00,1,1,0,0,1,0,1,4,1,65,0,3,9,0,2,1,1,201000054566B01,7,1,1,200058485
201000054577,2010-11-17,2010,novembre,mercredi,09:00,95,95252,48.9874,2.2139,2,3,2,1,1,3,2,02,1,1,,,1,0,4,4,1,61,0,1,2,0,2,1,1,201000054577B01,7,4,1,200058485
201000054589,2010-08-02,2010,août,lundi,11:35,95,95252,48.9919,2.2161,2,1,1,1,1,9,2,02,1,1,,,1,0,1,4,1,56,3,3,9,0,2,1,1,201000054589A01,1,1,1,200058485
201000054589,2010-08-02,2010,août,lundi,11:35,95,95252,48.9919,2.2161,2,1,1,1,1,9,2,02,1,1,,,1,0,1,1,1,23,3,3,9,0,2,1,1,201000054589B01,1,1,1,200058485
201000054664,2010-04-24,2010,avril,samedi,19:20,95,95306,48.9903,2.1659,2,1,3,1,1,4,2,02,1,1,0,0,-1,0,1,4,1,81,0,1,9,0,2,0,0,201000054664B01,30,0,1,200058485
201000054680,2010-09-05,2010,septembre,dimanche,18:30,95,95424,48.987,2.1792,2,1,1,1,1,4,1,01,1,3,0,31,1,0,1,4,1,6,5,1,2,0,2,1,5,201000054680A01,7,1,1,200058485
201000054685,2010-09-18,2010,septembre,samedi,15:05,95,95306,48.9904,2.1662,2,2,1,1,1,4,1,01,2,1,0,0,1,0,1,4,1,8,5,2,2,0,2,7,0,201000054685B01,7,0,1,200058485
201000054691,2010-10-22,2010,octobre,vendredi,17:00,95,95424,48.9917,2.1929,2,2,3,1,1,4,2,02,1,1,0,0,1,0,1,4,1,49,9,3,9,0,2,2,17,201000054691B01,7,15,1,200058485
201000054699,2010-02-12,2010,février,vendredi,08:20,95,95052,49.1389,2.2914,2,1,6,1,1,4,2,02,1,1,0,60,1,0,1,3,1,13,2,3,9,0,2,1,15,201000054699B02,7,1,1,249500489
201000054707,2010-07-21,2010,juillet,mercredi,13:00,95,95313,49.1137,2.2139,2,3,6,1,1,4,2,02,1,1,0,70,1,0,1,3,1,48,5,2,2,0,2,1,5,201000054707B02,7,1,1,249500455
201000054709,2010-09-04,2010,septembre,samedi,16:05,95,95313,49.1103,2.2255,2,1,2,1,1,3,2,02,4,1,0,76,1,0,1,4,1,48,5,1,2,0,2,1,17,201000054709B01,7,15,1,249500455
201000054774,2010-01-08,2010,janvier,vendredi,16:45,95,95607,49.0206,2.2216,2,9,3,1,8,3,3,01,1,1,0,80,2,0,5,4,1,48,0,3,9,0,2,7,1,201000054774B01,7,0,1,200058485
201000054785,2010-04-09,2010,avril,vendredi,18:45,95,95051,49.0199,2.2026,2,1,1,1,1,4,2,02,1,1,0,60,1,0,1,4,2,62,5,2,2,0,2,1,1,201000054785B01,7,15,1,200058485
201000054794,2010-06-23,2010,juin,mercredi,19:55,95,95563,49.0179,2.2451,2,3,3,1,1,3,1,01,1,1,0,0,1,0,1,4,1,31,0,3,9,0,2,2,1,201000054794A01,7,16,1,200058485
201000054808,2010-09-20,2010,septembre,lundi,18:05,95,95607,49.0112,2.2144,2,1,3,1,1,3,2,02,1,1,0,100,1,0,1,4,1,16,0,1,9,0,2,1,19,201000054808B01,7,1,1,200058485
201000054973,2010-01-23,2010,janvier,samedi,21:15,69,69381,0,0,2,3,3,5,1,4,1,01,1,1,0,0,1,0,1,4,1,26,5,2,2,0,2,1,1,201000054973A01,7,15,1,200046977
201000054976,2010-04-04,2010,avril,dimanche,15:40,69,69381,0,0,2,1,1,1,1,4,2,01,2,1,0,0,1,0,0,4,2,26,5,3,9,0,2,1,0,201000054976B01,7,23,1,200046977
201000054980,2010-04-23,2010,avril,vendredi,23:40,69,69381,0,0,2,3,1,5,1,4,1,03,1,1,0,85,1,0,0,4,1,25,5,2,2,0,2,1,5,201000054980A01,7,1,1,200046977
201000057765,2010-07-24,2010,juillet,samedi,11:17,2B,2B120,0,0,1,1,6,1,1,4,2,02,1,1,0,70,1,0,1,4,1,39,5,1,2,0,2,0,2,201000057765B01,14,1,1,242000354
201000057862,2010-01-30,2010,janvier,samedi,05:00,69,69382,0,0,2,1,2,3,1,4,2,02,1,1,0,70,1,0,1,4,1,20,5,3,9,0,2,5,2,201000057862B01,7,2,1,200046977
201000057868,2010-02-20,2010,février,samedi,17:40,69,69382,0,0,2,5,3,2,1,4,1,03,1,1,0,86,1,0,1,4,1,55,5,1,2,0,2,4,2,201000057868B01,7,1,1,200046977
201000057885,2010-03-28,2010,mars,dimanche,00:40,69,69382,0,0,2,1,6,5,1,4,2,04,1,1,0,0,1,2,1,3,1,32,5,2,2,0,2,8,19,201000057885B01,7,1,1,200046977
201000057904,2010-07-06,2010,juillet,mardi,20:00,69,69382,0,0,2,5,3,1,1,4,3,03,1,1,65,125,1,0,1,3,2,27,0,2,2,0,2,8,19,201000057904B01,7,1,1,200046977
201000057917,2010-09-04,2010,septembre,samedi,13:00,69,69382,0,0,2,3,1,1,1,4,1,03,1,1,1,64,1,0,1,3,1,20,2,3,9,0,4,1,1,201000057917A01,40,2,1,200046977
201000057922,2010-10-06,2010,octobre,mercredi,13:35,69,69382,0,0,2,1,2,1,1,4,2,05,1,1,0,140,1,2,1,4,1,33,4,1,2,0,2,4,2,201000057922B01,10,2,1,200046977
201000057928,2010-10-08,2010,octobre,vendredi,16:40,69,69382,0,0,2,3,6,1,1,4,1,01,1,1,10,67,1,5,1,1,1,16,5,3,9,0,1,1,1,201000057928A01,,,,200046977
201000058095,2010-01-10,2010,janvier,dimanche,17:20,69,69383,0,0,2,2,3,4,8,4,1,02,1,1,0,0,2,0,1,4,1,45,0,3,9,0,0,1,1,201000058095B01,7,1,1,200046977
201000058098,2010-01-06,2010,janvier,mercredi,17:15,69,69383,0,0,2,3,3,5,8,4,2,02,1,1,0,0,2,0,1,3,2,24,1,1,4,0,2,7,7,201000058098B01,7,15,1,200046977
201000058103,2010-01-22,2010,janvier,vendredi,10:20,69,69386,0,0,2,2,3,1,8,4,1,03,1,1,0,0,1,0,1,3,1,45,5,2,2,0,2,7,1,201000058103B01,7,1,1,200046977
201000058107,2010-02-01,2010,février,lundi,08:40,69,69383,0,0,2,2,3,1,1,4,1,00,1,1,0,0,1,0,1,3,2,43,9,3,2,0,2,0,2,201000058107B01,7,17,1,200046977
201000058138,2010-03-22,2010,mars,lundi,20:30,69,69383,0,0,2,1,3,5,1,4,1,02,1,1,0,0,1,0,5,4,1,41,5,2,2,0,2,8,1,201000058138B01,7,16,1,200046977
201000058147,2010-04-01,2010,avril,jeudi,08:30,69,69386,0,0,2,2,3,1,2,4,1,02,1,1,0,67,2,0,1,1,1,25,1,1,9,0,2,2,1,201000058147A01,33,1,1,200046977
201000058149,2010-04-08,2010,avril,jeudi,07:20,69,69383,0,0,2,2,6,2,2,4,1,01,1,1,0,0,2,0,1,3,1,42,1,1,4,0,2,7,1,201000058149B01,7,1,1,200046977
201000058156,2010-04-15,2010,avril,jeudi,17:30,69,69386,0,0,2,1,6,1,1,4,1,03,1,1,0,0,1,0,1,4,1,26,0,2,2,1,0,1,1,201000058156B01,7,22,1,200046977
201000058158,2010-04-16,2010,avril,vendredi,19:20,69,69383,0,0,2,3,5,1,1,4,1,00,1,1,0,90,1,0,1,1,2,42,1,3,9,0,2,0,19,201000058158B01,7 / 10,1 / 15,2,200046977
201000058166,2010-04-17,2010,avril,samedi,07:30,69,69383,0,0,2,2,3,1,1,4,1,01,1,1,0,0,1,0,1,4,2,27,0,3,9,0,2,7,5,201000058166A01,10,1,1,200046977
201000058167,2010-04-23,2010,avril,vendredi,06:25,69,69383,0,0,2,1,3,2,1,4,2,03,1,1,0,0,1,0,1,4,1,21,1,1,3,0,2,6,19,201000058167A01,10,1,1,200046977
201000058168,2010-04-26,2010,avril,lundi,11:20,69,69386,0,0,2,1,6,1,1,4,1,01,1,1,0,0,1,0,1,3,2,24,5,1,2,1,0,1,1,201000058168B01,7,24,1,200046977
201000058169,2010-04-26,2010,avril,lundi,19:30,69,69386,0,0,2,1,6,1,1,4,1,02,1,1,0,0,1,0,1,4,2,32,0,3,2,1,0,1,1,201000058169B01,7,24,1,200046977
201000058172,2010-04-30,2010,avril,vendredi,08:25,69,69386,0,0,2,1,3,1,1,4,-1,01,1,1,0,0,1,0,1,4,2,21,0,3,9,0,2,7,2,201000058172B01,30,21,1,200046977
201000058177,2010-05-11,2010,mai,mardi,07:35,69,69386,0,0,2,2,3,1,3,4,1,01,1,1,0,0,2,0,1,4,2,24,1,3,9,0,2,2,1,201000058177A01,10,1,1,200046977
201000058180,2010-05-23,2010,mai,dimanche,18:30,69,69383,0,0,2,1,6,1,1,4,2,04,1,1,0,118,1,0,1,4,1,24,5,2,9,0,1,1,2,201000058180A01,,,,200046977
201000058188,2010-05-24,2010,mai,lundi,16:40,69,69386,0,0,2,2,3,1,1,4,3,05,1,3,0,0,1,0,1,4,2,13,5,2,2,0,2,8,1,201000058188B01,7,1,1,200046977
201000058189,2010-05-25,2010,mai,mardi,18:30,69,69383,0,0,2,1,6,1,1,4,2,02,1,1,0,0,1,0,1,3,1,34,1,3,2,0,2,1,19,201000058189B01,7,1,1,200046977
201000058191,2010-05-28,2010,mai,vendredi,22:40,69,69383,0,0,2,1,2,4,1,4,3,02,2,1,0,90,1,0,1,4,1,38,0,3,9,0,2,4,2,201000058191B01,30,2,1,200046977
201000058194,2010-05-31,2010,mai,lundi,12:30,69,69383,0,0,2,2,3,1,1,4,1,01,1,1,0,0,1,0,1,3,2,59,5,1,2,0,2,1,1,201000058194B01,7,21,1,200046977
201000058197,2010-06-01,2010,juin,mardi,07:20,69,69383,0,0,2,3,6,1,1,4,1,01,1,1,0,0,1,0,1,3,1,25,0,2,9,1,2,2,1,201000058197A01,7,1,1,200046977
201000058198,2010-06-01,2010,juin,mardi,08:35,69,69386,0,0,2,3,3,1,1,4,1,01,1,1,0,0,1,0,5,4,2,26,1,3,2,0,2,2,1,201000058198A01,7,15,1,200046977
201000058201,2010-06-07,2010,juin,lundi,16:10,69,69386,0,0,2,2,3,1,1,4,1,02,1,1,0,0,1,0,1,4,2,20,0,3,9,0,2,8,2,201000058201B01,7,16,1,200046977
201000058204,2010-06-03,2010,juin,jeudi,17:40,69,69383,0,0,2,1,6,1,1,4,2,03,1,1,0,0,1,6,5,1,2,43,9,3,2,0,1,0,1,201000058204A01,,,,200046977
201000058205,2010-05-19,2010,mai,mercredi,18:00,69,69383,0,0,2,1,3,1,1,4,3,02,1,1,0,0,1,0,5,4,1,39,1,3,9,0,0,0,0,201000058205B01,7,23,1,200046977
201000058209,2010-06-16,2010,juin,mercredi,07:50,69,69386,0,0,2,3,3,1,2,4,1,01,1,1,0,0,2,0,1,4,1,25,1,3,4,0,2,1,5,201000058209A01,7,1,1,200046977
201000058211,2010-06-23,2010,juin,mercredi,14:42,69,69383,0,0,2,1,3,1,1,4,1,01,1,1,0,0,1,0,1,4,1,29,1,1,2,1,0,2,2,201000058211B01,7,22,1,200046977
201000058212,2010-06-23,2010,juin,mercredi,20:50,69,69383,0,0,2,1,3,1,1,4,1,03,1,1,0,0,1,0,1,3,2,24,0,3,9,0,2,1,1,201000058212A01,7,1,1,200046977
201000058229,2010-07-10,2010,juillet,samedi,12:00,69,69383,0,0,2,2,3,1,1,4,2,02,1,1,0,0,1,0,1,4,1,32,5,2,2,0,2,1,1,201000058229B01,7,15,1,200046977
201000058235,2010-07-21,2010,juillet,mercredi,12:15,69,69383,0,0,2,1,3,1,1,4,2,04,1,1,0,0,1,0,1,4,1,44,1,2,2,0,2,8,9,201000058235A01,7,1,1,200046977
201000058240,2010-08-06,2010,août,vendredi,18:00,69,69383,0,0,2,3,3,1,1,4,1,02,1,1,0,0,1,0,1,4,2,60,1,3,9,0,2,8,1,201000058240B01,7,16,1,200046977
201000058249,2010-08-27,2010,août,vendredi,04:05,69,69383,0,0,2,2,6,5,1,4,1,01,1,1,0,0,1,0,1,3,1,25,5,3,9,1,2,0,0,201000058249A01,7,0,1,200046977
201000058255,2010-08-26,2010,août,jeudi,09:05,69,69383,0,0,2,1,6,1,7,4,1,01,1,1,0,40,1,0,1,4,2,52,1,2,9,1,0,2,1,201000058255B01,7,22,1,200046977
201000058258,2010-09-09,2010,septembre,jeudi,21:00,69,69386,0,0,2,2,3,2,1,4,2,04,1,1,0,0,1,0,1,4,1,29,0,2,2,0,2,1,8,201000058258A01,7,15,1,200046977
201000058262,2010-09-12,2010,septembre,dimanche,13:00,69,69383,0,0,2,2,3,1,1,4,1,01,1,1,0,0,1,0,5,4,1,46,5,1,9,0,2,7,1,201000058262B01,7,1,1,200046977
201000058264,2010-09-15,2010,septembre,mercredi,09:00,69,69386,0,0,2,1,6,1,1,4,1,02,1,1,0,0,1,0,1,4,2,41,1,1,2,1,0,1,1,201000058264B01,3,22,1,200046977
201000058266,2010-09-21,2010,septembre,mardi,08:45,69,69383,0,0,2,2,6,1,1,4,2,06,1,1,0,0,1,2,1,4,1,44,0,2,2,0,2,1,1,201000058266A01,7,22,1,200046977
201000058272,2010-09-25,2010,septembre,samedi,05:30,69,69383,0,0,2,2,3,4,2,4,1,01,4,1,0,0,2,0,1,3,1,24,5,1,4,0,2,1,5,201000058272A01,7,2,1,200046977
201000058275,2010-09-28,2010,septembre,mardi,08:20,69,69383,0,0,2,1,3,1,8,4,1,01,1,1,0,25,1,0,1,4,1,56,1,3,9,1,0,1,1,201000058275B01,7,24,1,200046977
201000058285,2010-10-06,2010,octobre,mercredi,08:45,69,69383,0,0,2,1,3,1,1,4,1,01,1,1,0,0,1,0,1,4,2,25,1,3,9,1,0,1,1,201000058285B01,7,22,1,200046977
201000058287,2010-10-08,2010,octobre,vendredi,08:10,69,69383,0,0,2,2,3,1,1,4,1,04,-1,1,0,0,1,0,1,4,2,25,4,2,2,0,2,8,13,201000058287A01,7,2,1,200046977
201000058289,2010-10-09,2010,octobre,samedi,17:16,69,69386,0,0,2,1,6,1,1,4,1,01,1,1,0,0,1,0,1,1,1,20,0,1,2,0,1,1,1,201000058289A01,,,,200046977
201000058292,2010-10-07,2010,octobre,jeudi,17:25,69,69383,0,0,2,2,2,1,1,4,1,03,2,1,0,0,1,0,1,4,2,38,0,1,4,0,2,8,0,201000058292B01,7,4,1,200046977
201000058295,2010-10-14,2010,octobre,jeudi,19:30,69,69383,0,0,2,1,6,5,1,4,1,01,1,1,0,0,1,0,5,4,1,39,1,2,2,1,0,1,1,201000058295B01,7,22,1,200046977
201000058302,2010-10-21,2010,octobre,jeudi,14:15,69,69383,0,0,2,1,6,1,1,4,1,02,1,1,0,0,1,0,1,4,2,59,1,3,2,1,0,7,2,201000058302B01,7,22,1,200046977
201000058305,2010-10-24,2010,octobre,dimanche,03:30,69,69383,0,0,2,2,3,5,2,4,2,03,1,1,0,0,2,0,1,4,1,20,0,3,2,0,2,7,1,201000058305A01,7,1,1,200046977
201000058305,2010-10-24,2010,octobre,dimanche,03:30,69,69383,0,0,2,2,3,5,2,4,2,03,1,1,0,0,2,0,1,3,1,19,0,3,2,0,2,7,1,201000058305A01,7,1,1,200046977
201000058307,2010-10-25,2010,octobre,lundi,14:10,69,69383,0,0,2,1,3,1,1,4,1,00,-1,1,0,0,1,0,4,4,2,25,0,3,9,0,2,0,1,201000058307A01,7,23,1,200046977
201000058310,2010-10-28,2010,octobre,jeudi,08:50,69,69383,0,0,2,1,6,1,1,4,1,01,1,1,0,0,1,0,1,4,2,36,1,3,9,0,1,1,1,201000058310A01,,,,200046977
201000058329,2010-11-20,2010,novembre,samedi,17:50,69,69386,45.7647,4.84151,2,3,6,5,2,4,1,01,1,1,0,0,2,0,1,1,1,28,0,3,9,0,1,1,1,201000058329A01,,,,200046977
201000058337,2010-11-29,2010,novembre,lundi,16:15,69,69383,45.7563,4.84649,2,2,6,2,1,4,2,03,1,1,0,0,1,0,1,1,1,16,2,1,4,0,1,1,21,201000058337A01,,,,200046977
201000058341,2010-12-08,2010,décembre,mercredi,11:20,69,69383,0,0,2,2,3,1,1,4,1,01,1,1,0,0,1,0,1,4,1,34,0,3,9,0,2,2,1,201000058341B01,7,15,1,200046977
201000058353,2010-12-29,2010,décembre,mercredi,14:30,69,69383,0,0,2,2,3,1,1,4,2,05,1,1,0,0,1,0,1,4,2,39,5,3,2,0,2,7,1,201000058353B01,7,16,1,200046977
201000058356,2010-02-20,2010,février,samedi,15:40,69,69384,0,0,2,1,6,1,1,4,2,03,1,1,0,96,1,0,1,3,1,33,5,2,9,0,2,7,19,201000058356B01,7,1,1,200046977
201000058358,2010-03-06,2010,mars,samedi,12:00,69,69384,0,0,2,1,6,1,1,4,2,02,2,1,0,0,1,0,1,4,2,46,5,3,9,0,2,0,1,201000058358B01,7,22,1,200046977
201000058361,2010-04-09,2010,avril,vendredi,10:35,69,69384,0,0,2,5,6,1,1,4,2,02,1,-1,0,124,1,0,1,4,1,65,5,2,2,0,2,7,1,201000058361B01,7,16,1,200046977
201000058368,2010-05-27,2010,mai,jeudi,19:10,69,69384,0,0,2,3,1,1,1,4,2,02,-1,-1,0,0,-1,0,0,4,1,36,4,1,2,0,2,0,19,201000058368A01,7,15,1,200046977
201000058382,2010-09-14,2010,septembre,mardi,16:45,69,69384,0,0,2,9,3,1,1,4,1,01,2,-1,0,0,1,0,0,4,1,30,5,2,2,0,2,3,2,201000058382B01,7,2,1,200046977
201000058384,2010-10-12,2010,octobre,mardi,13:00,69,69384,0,0,2,1,1,1,1,4,2,02,2,3,0,60,1,0,1,4,2,28,5,3,2,0,2,0,0,201000058384A01,7,0,1,200046977
201000058565,2010-10-16,2010,octobre,samedi,20:45,33,33249,0,0,1,2,3,5,1,2,1,01,1,3,0,35,1,3,1,3,1,23,5,3,9,0,2,1,19,201000058565A01,7,1,1,243300316
201000058620,2010-02-24,2010,février,mercredi,14:40,69,69385,0,0,2,1,3,1,1,4,2,02,2,1,0,102,1,0,4,3,2,40,9,3,9,0,2,7,1,201000058620A01,7,16,1,200046977
201000058622,2010-03-05,2010,mars,vendredi,08:50,69,69385,0,0,2,1,2,1,7,4,2,04,3,1,216,136,1,2,1,4,1,53,1,2,9,0,0,4,2,201000058622B01,7,1,1,200046977
201000058636,2010-06-04,2010,juin,vendredi,21:55,69,69385,0,0,2,1,6,5,1,4,2,02,2,1,0,57,1,0,1,4,1,21,5,2,9,1,0,1,1,201000058636A01,,,,200046977
201000058647,2010-10-02,2010,octobre,samedi,21:30,69,69385,0,0,2,1,2,5,1,4,2,02,1,1,0,0,1,0,1,4,1,19,5,2,2,0,2,1,2,201000058647A01,7,4,1,200046977