Num_Acc,date,an,mois,jour,hrmn,dep,com,lat,long,agg,int,col,lum,atm,catr,circ,nbv,prof,plan,lartpc,larrout,surf,infra,situ,grav,sexe,age,trajet,secuexist,equipement,obs,obsm,choc,manv,vehiculeid,typevehicules,manoeuvehicules,numVehicules,_infos_commune.code_epci
201000060836,2010-11-24,2010,novembre,mercredi,14:25,75,75105,0,0,2,1,3,1,1,4,2,04,2,1,4,174,1,0,1,4,2,3,5,1,3,0,2,2,1,201000060836B01,7,20,1,200054781
201000060839,2010-11-30,2010,novembre,mardi,10:45,75,75105,0,0,2,5,2,1,1,4,2,02,2,1,0,120,1,0,1,4,2,69,5,3,2,0,2,1,1,201000060839B01,14,24,1,200054781
201000060862,2010-01-26,2010,janvier,mardi,20:00,75,75106,0,0,2,1,3,5,1,4,2,02,1,1,0,100,1,0,1,4,2,56,0,3,2,0,2,7,17,201000060862B01,7,22,1,200054781
201000060864,2010-01-29,2010,janvier,vendredi,08:25,75,75106,0,0,2,3,3,1,2,4,1,01,1,1,0,60,2,0,0,4,2,59,0,3,2,0,2,1,17,201000060864B01,7,22,1,200054781
201000060869,2010-02-04,2010,février,jeudi,18:20,75,75106,0,0,2,2,6,5,1,4,1,01,1,3,0,0,1,0,1,4,1,31,1,3,2,0,2,1,17,201000060869A01,7,13,1,200054781
201000060874,2010-02-21,2010,février,dimanche,16:20,75,75106,0,0,2,1,3,1,1,4,1,01,1,1,0,45,1,0,1,4,1,59,5,3,2,0,2,8,13,201000060874B01,7,17,1,200054781
201000060886,2010-03-22,2010,mars,lundi,10:05,75,75106,0,0,2,1,7,1,1,4,2,02,1,1,160,84,1,0,1,4,1,40,4,3,2,0,0,0,21,201000060886A01,,,,200054781
201000060917,2010-05-20,2010,mai,jeudi,06:50,75,75106,0,0,2,2,3,2,1,4,1,04,1,1,8,136,1,0,1,4,1,51,1,3,2,0,2,1,7,201000060917B01,14,16,1,200054781
201000060922,2010-05-29,2010,mai,samedi,16:45,75,75106,0,0,2,1,3,1,1,4,1,01,1,1,0,60,1,0,1,4,2,32,0,3,2,0,2,1,1,201000060922B01,7,22,1,200054781
201000060926,2010-06-03,2010,juin,jeudi,14:45,75,75106,0,0,2,4,2,1,1,4,2,04,1,1,0,0,1,0,0,4,1,49,1,3,2,0,2,1,2,201000060926A01,7,2,1,200054781
201000060930,2010-06-08,2010,juin,mardi,19:50,75,75106,0,0,2,5,3,2,1,4,2,02,2,1,0,121,1,0,1,3,1,59,0,3,2,0,2,3,18,201000060930A01,7,23,1,200054781
201000060939,2010-06-23,2010,juin,mercredi,16:25,75,75106,0,0,2,1,6,1,1,4,4,02,3,1,0,136,1,0,1,1,1,33,4,1,2,0,1,1,8,201000060939A01,,,,200054781
201000060940,2010-06-25,2010,juin,vendredi,18:30,75,75106,0,0,2,1,1,1,1,4,2,03,1,1,0,60,1,0,1,4,1,26,1,1,2,0,0,1,1,201000060940B01,7,10,1,200054781
201000060944,2010-06-30,2010,juin,mercredi,13:15,75,75106,0,0,2,1,2,1,1,4,2,02,1,1,0,121,1,0,1,4,1,38,1,3,2,1,0,1,1,201000060944B01,10,23,1,200054781
201000060946,2010-06-30,2010,juin,mercredi,18:35,75,75106,0,0,2,1,3,1,1,4,1,02,1,1,10,76,1,0,0,4,1,35,1,3,2,1,0,1,1,201000060946A01,7,22,1,200054781
201000060948,2010-07-05,2010,juillet,lundi,20:45,75,75106,0,0,2,4,3,1,1,4,2,00,1,1,0,66,1,0,1,4,1,28,1,3,2,0,2,3,7,201000060948B01,7,17,1,200054781
201000060950,2010-07-12,2010,juillet,lundi,15:15,75,75106,0,0,2,2,7,1,1,4,2,04,1,1,0,150,1,0,0,4,1,40,5,3,2,0,1,1,7,201000060950A01,,,,200054781
201000060960,2010-08-03,2010,août,mardi,12:55,75,75106,0,0,2,2,6,1,1,4,1,00,1,1,8,148,1,0,1,1,1,26,5,3,2,0,1,1,7,201000060960A01,,,,200054781
201000060974,2010-09-17,2010,septembre,vendredi,15:20,75,75106,0,0,2,1,6,1,1,4,2,02,1,1,0,66,1,0,1,4,2,39,0,3,2,0,1,1,1,201000060974A01,,,,200054781
201000060976,2010-09-21,2010,septembre,mardi,07:25,75,75106,0,0,2,1,3,1,1,4,2,03,1,1,0,99,1,0,1,4,1,39,1,3,2,1,0,1,2,201000060976B01,10,22,1,200054781
201000060977,2010-12-08,2010,décembre,mercredi,11:50,75,75106,0,0,2,2,3,1,4,4,3,02,2,1,0,0,2,0,1,4,1,54,0,3,2,0,2,8,1,201000060977B01,7,15,1,200054781
201000060990,2010-10-11,2010,octobre,lundi,08:45,75,75106,0,0,2,1,6,1,1,4,1,02,1,1,0,0,1,0,1,4,2,53,1,3,2,0,9,1,1,201000060990A01,,,,200054781
201000061000,2010-10-26,2010,octobre,mardi,09:50,75,75106,0,0,2,5,7,1,1,4,3,02,3,3,13,112,1,0,1,4,1,57,0,3,2,0,0,7,15,201000061000A01,,,,200054781
201000061003,2010-11-03,2010,novembre,mercredi,09:05,75,75106,0,0,2,1,3,1,1,4,2,02,1,1,0,108,1,0,1,4,1,42,1,3,2,0,2,7,1,201000061003B01,7,22,1,200054781
201000061022,2010-11-27,2010,novembre,samedi,21:10,75,75106,0,0,2,5,6,5,1,4,2,04,1,1,0,118,1,0,1,1,1,22,5,3,2,0,1,1,7,201000061022A01,,,,200054781
201000061024,2010-11-30,2010,novembre,mardi,11:15,75,75106,0,0,2,5,3,1,1,4,1,01,1,3,25,60,1,0,0,4,1,15,2,3,2,0,2,1,1,201000061024A01,7,16,1,200054781
201000061029,2010-12-04,2010,décembre,samedi,20:10,75,75106,0,0,2,5,6,5,9,4,2,00,1,1,0,0,2,0,1,4,2,32,0,3,2,0,1,1,7,201000061029A01,,,,200054781
201000061052,2010-01-20,2010,janvier,mercredi,14:40,75,75107,0,0,2,2,7,1,3,4,1,01,1,1,0,76,2,0,4,4,2,39,9,3,2,0,0,0,5,201000061052A01,,,,200054781
201000061060,2010-02-22,2010,février,lundi,07:40,75,75107,0,0,2,3,6,1,1,4,1,02,1,1,0,90,2,0,1,1,1,21,1,3,2,0,1,1,16,201000061060A01,,,,200054781
201000061063,2010-02-23,2010,février,mardi,09:35,75,75107,0,0,2,2,3,1,3,4,1,01,1,-1,0,50,2,0,1,4,2,42,0,3,2,0,2,7,1,201000061063A01,7,1,1,200054781
201000061087,2010-04-09,2010,avril,vendredi,08:45,75,75107,0,0,2,5,3,1,1,4,-1,00,1,2,0,150,1,0,1,4,2,53,9,3,2,0,2,8,19,201000061087A01,7,1,1,200054781
201000061088,2010-04-09,2010,avril,vendredi,14:40,75,75107,0,0,2,1,3,1,1,4,1,01,1,-1,0,50,1,0,1,4,2,22,2,3,2,0,2,1,1,201000061088B01,10,22,1,200054781
201000061090,2010-04-11,2010,avril,dimanche,14:40,75,75107,0,0,2,1,6,1,1,4,1,01,1,1,0,35,1,0,1,4,1,61,5,1,2,14,0,1,13,201000061090A01,,,,200054781
201000061102,2010-04-29,2010,avril,jeudi,18:58,75,75107,0,0,2,5,7,1,1,4,1,01,1,1,0,70,1,0,1,4,2,55,0,3,2,0,0,7,1,201000061102A01,,,,200054781
201000061103,2010-05-01,2010,mai,samedi,05:35,75,75107,0,0,2,1,7,5,8,4,1,01,1,1,0,130,1,0,1,4,1,60,0,3,2,0,0,0,1,201000061103A01,,,,200054781
201000061106,2010-05-08,2010,mai,samedi,01:10,75,75107,0,0,2,2,3,5,1,4,2,01,1,1,0,67,1,5,1,4,1,20,0,3,2,0,2,7,1,201000061106A01,34,1,1,200054781
201000061114,2010-05-18,2010,mai,mardi,15:50,75,75107,0,0,2,1,3,1,1,4,1,01,1,-1,0,120,1,0,1,4,1,60,9,3,2,0,2,0,1,201000061114B01,7,9,1,200054781
201000061122,2010-06-04,2010,juin,vendredi,15:15,75,75107,0,0,2,5,3,1,1,4,3,02,1,1,0,0,1,0,1,4,2,58,0,3,2,0,2,1,17,201000061122B01,10,22,1,200054781
201000061126,2010-06-09,2010,juin,mercredi,13:20,75,75107,0,0,2,1,3,1,3,4,2,02,1,1,0,0,3,0,1,4,1,14,0,3,2,1,0,1,1,201000061126B01,10,22,1,200054781
201000061134,2010-06-22,2010,juin,mardi,12:30,75,75107,0,0,2,1,6,2,1,4,1,01,1,1,0,0,1,0,1,4,1,45,4,3,2,0,1,1,5,201000061134A01,,,,200054781
201000061147,2010-07-05,2010,juillet,lundi,13:15,75,75107,0,0,2,1,1,1,1,4,1,01,1,1,0,30,1,0,1,4,2,37,5,3,2,0,2,0,5,201000061147B01,7,1,1,200054781
201000061149,2010-07-08,2010,juillet,jeudi,09:28,75,75107,0,0,2,3,6,1,1,4,1,01,1,-1,0,330,1,0,1,4,1,49,1,3,2,1,2,0,17,201000061149A01,10,1,1,200054781
201000061158,2010-07-29,2010,juillet,jeudi,15:45,75,75107,0,0,2,1,6,1,1,4,1,01,1,1,0,70,1,0,1,1,2,17,2,3,2,0,1,2,1,201000061158A01,,,,200054781
201000061179,2010-08-28,2010,août,samedi,14:25,75,75107,0,0,2,1,3,1,1,4,1,01,1,1,0,80,1,0,1,4,2,50,5,3,2,0,2,3,18,201000061179B01,7,22,1,200054781
201000061181,2010-09-03,2010,septembre,vendredi,17:10,75,75107,0,0,2,3,3,1,1,4,1,03,1,1,0,135,1,0,1,4,1,17,2,3,2,0,2,2,1,201000061181B01,37,15,1,200054781
201000061190,2010-09-15,2010,septembre,mercredi,18:20,75,75107,0,0,2,2,3,1,1,4,2,02,1,1,0,89,1,0,1,4,2,50,4,3,2,0,2,8,16,201000061190A01,10,1,1,200054781
201000061193,2010-09-23,2010,septembre,jeudi,18:20,75,75107,0,0,2,2,3,1,1,4,1,00,1,1,0,120,1,0,1,1,2,27,4,3,2,0,2,3,15,201000061193A01,7,17,1,200054781
201000061193,2010-09-23,2010,septembre,jeudi,18:20,75,75107,0,0,2,2,3,1,1,4,1,00,1,1,0,120,1,0,1,4,2,42,5,3,2,0,2,3,15,201000061193A01,7,17,1,200054781
201000061195,2010-09-27,2010,septembre,lundi,08:20,75,75107,0,0,2,5,3,1,1,4,1,01,1,-1,0,60,1,0,1,4,2,53,1,3,2,1,9,7,1,201000061195B01,7,22,1,200054781
201000061203,2010-10-07,2010,octobre,jeudi,07:15,75,75107,0,0,2,1,3,2,1,4,1,03,1,1,0,0,2,0,1,4,2,52,4,3,2,0,2,4,12,201000061203B01,30,18,1,200054781
201000061205,2010-10-08,2010,octobre,vendredi,14:00,75,75107,0,0,2,1,3,1,1,4,1,01,1,1,0,50,1,0,1,4,2,57,0,3,2,0,2,4,13,201000061205B01,34,1,1,200054781
201000061209,2010-10-12,2010,octobre,mardi,16:15,75,75107,0,0,2,2,2,1,1,4,1,02,1,1,0,70,1,0,1,4,2,67,0,3,2,0,2,4,23,201000061209B01,7,2,1,200054781
201000061227,2010-11-09,2010,novembre,mardi,09:04,75,75107,0,0,2,3,3,1,2,4,1,00,1,1,0,290,2,0,1,4,1,56,1,3,2,0,2,1,1,201000061227B01,7,16,1,200054781
201000061230,2010-11-17,2010,novembre,mercredi,13:00,75,75107,0,0,2,2,3,1,1,4,2,02,1,1,0,70,1,0,1,4,2,44,5,3,2,0,2,3,15,201000061230B01,34,5,1,200054781
201000061230,2010-11-17,2010,novembre,mercredi,13:00,75,75107,0,0,2,2,3,1,1,4,2,02,1,1,0,70,1,0,1,4,2,6,0,3,2,0,2,3,15,201000061230B01,34,5,1,200054781
201000061364,2010-04-13,2010,avril,mardi,18:00,75,75108,0,0,2,1,4,1,1,4,2,03,2,1,0,0,1,0,1,4,1,67,5,3,2,0,2,1,1,201000061364C01,7,1 / 22,2,200054781
201000061367,2010-04-15,2010,avril,jeudi,10:46,75,75108,0,0,2,1,6,1,1,4,1,03,2,-1,0,60,1,0,1,4,1,80,5,3,2,12,2,8,1,201000061367B01,30,17,1,200054781
201000061371,2010-04-16,2010,avril,vendredi,07:00,75,75108,0,0,2,1,7,1,1,4,2,02,2,1,0,0,1,0,1,4,1,57,1,3,2,0,0,8,21,201000061371A01,,,,200054781
201000061374,2010-04-17,2010,avril,samedi,20:40,75,75108,0,0,2,5,6,5,1,4,1,02,1,1,0,80,1,0,1,4,1,30,5,3,2,11,2,0,1,201000061374A01,32,1,1,200054781
201000061378,2010-04-21,2010,avril,mercredi,15:30,75,75108,0,0,2,2,3,1,1,4,1,01,1,1,0,90,1,0,1,4,1,56,1,3,2,0,2,1,1,201000061378B01,7,1,1,200054781
201000061424,2010-05-25,2010,mai,mardi,10:15,75,75108,0,0,2,2,3,1,1,4,2,02,1,1,0,0,1,0,1,4,1,25,0,3,2,0,2,1,1,201000061424B01,10,22,1,200054781
201000061462,2010-06-15,2010,juin,mardi,18:15,75,75108,0,0,2,1,3,1,1,4,2,02,1,1,0,60,1,0,1,4,2,23,1,3,2,0,2,2,1,201000061462B01,7,9,1,200054781
201000061471,2010-06-24,2010,juin,jeudi,08:30,75,75108,0,0,2,5,1,1,1,4,2,02,1,1,0,20,1,0,1,4,2,56,0,3,2,0,2,1,13,201000061471A01,1,1,1,200054781
201000061471,2010-06-24,2010,juin,jeudi,08:30,75,75108,0,0,2,5,1,1,1,4,2,02,1,1,0,20,1,0,1,1,1,33,0,3,2,0,2,1,1,201000061471B01,1,13,1,200054781
201000061473,2010-06-24,2010,juin,jeudi,14:45,75,75108,0,0,2,2,3,1,1,4,1,01,1,1,0,0,1,0,1,4,1,29,1,3,2,0,0,8,19,201000061473A01,34,1,1,200054781
201000061478,2010-06-28,2010,juin,lundi,05:45,75,75108,0,0,2,2,1,2,1,4,2,04,1,1,0,0,1,0,1,4,1,34,0,1,2,0,2,1,1,201000061478B01,10,15,1,200054781
201000061486,2010-07-05,2010,juillet,lundi,09:50,75,75108,0,0,2,1,3,1,1,4,2,00,1,1,0,120,1,0,5,4,2,47,1,3,2,0,2,1,1,201000061486B01,13,22,1,200054781
201000061491,2010-07-07,2010,juillet,mercredi,15:15,75,75108,0,0,2,2,3,1,1,4,1,01,1,1,0,30,1,0,1,4,1,16,5,3,2,0,2,8,19,201000061491B01,7,15,1,200054781
201000061500,2010-07-09,2010,juillet,vendredi,20:30,75,75108,0,0,2,1,3,1,1,4,1,01,1,1,0,100,1,0,1,4,2,27,5,3,2,0,2,8,1,201000061500B01,7,16,1,200054781
201000061517,2010-07-19,2010,juillet,lundi,18:45,75,75108,0,0,2,2,3,1,1,4,1,03,1,1,0,90,1,0,1,4,1,23,0,3,2,0,2,3,13,201000061517A01,7,1,1,200054781
201000061520,2010-07-22,2010,juillet,jeudi,08:24,75,75108,0,0,2,1,7,1,1,4,2,04,1,1,0,0,1,0,1,4,1,58,1,3,2,0,0,0,21,201000061520A01,,,,200054781
201000061540,2010-08-25,2010,août,mercredi,17:45,75,75108,0,0,2,1,7,1,1,4,2,03,2,1,0,40,1,0,1,4,1,16,5,3,2,0,0,8,2,201000061540A01,,,,200054781
201000061565,2010-09-20,2010,septembre,lundi,07:45,75,75108,0,0,2,5,3,1,1,4,2,02,1,1,0,0,1,0,1,4,1,39,1,3,2,0,2,1,1,201000061565A01,7,1,1,200054781
201000061586,2010-10-05,2010,octobre,mardi,09:10,75,75108,0,0,2,1,3,1,2,4,2,06,1,1,0,200,2,0,1,3,1,41,0,3,2,1,0,2,7,201000061586B01,10,22,1,200054781
201000061593,2010-10-10,2010,octobre,dimanche,16:55,75,75108,0,0,2,5,3,1,1,4,2,01,1,1,0,0,1,0,1,4,1,90,5,3,2,0,2,1,1,201000061593B01,7,16,1,200054781
201000061597,2010-10-12,2010,octobre,mardi,18:10,75,75108,0,0,2,1,3,1,1,4,1,03,1,1,0,110,1,0,1,3,2,57,1,3,2,0,2,8,19,201000061597A01,33,1,1,200054781
201000061605,2010-10-18,2010,octobre,lundi,16:30,75,75108,0,0,2,3,2,1,1,4,1,01,4,1,0,50,1,0,1,4,2,70,5,3,2,0,2,7,17,201000061605B01,7,22,1,200054781
201000061608,2010-10-20,2010,octobre,mercredi,09:00,75,75108,0,0,2,5,3,1,1,4,1,04,1,-1,0,280,1,0,5,4,2,34,1,3,2,0,2,1,1,201000061608B01,32,16,1,200054781
201000061665,2010-11-17,2010,novembre,mercredi,22:58,75,75108,0,0,2,5,3,5,3,4,1,01,1,1,0,200,2,0,0,4,2,19,0,3,2,0,2,8,19,201000061665B01,7,1,1,200054781
201000061708,2010-01-11,2010,janvier,lundi,08:20,75,75109,0,0,2,5,3,1,1,4,1,00,1,1,0,0,1,5,1,4,2,53,1,3,2,0,2,8,1,201000061708B01,13,16,1,200054781
201000061736,2010-03-02,2010,mars,mardi,17:45,75,75109,0,0,2,1,3,1,1,4,1,01,2,1,0,0,1,0,1,4,2,27,1,3,2,0,2,7,1,201000061736B01,30,17,1,200054781
201000061741,2010-03-12,2010,mars,vendredi,14:25,75,75109,0,0,2,5,6,1,8,4,1,01,1,1,0,200,1,0,1,1,1,45,1,3,2,0,1,1,1,201000061741A01,,,,200054781
201000061743,2010-03-16,2010,mars,mardi,08:50,75,75109,0,0,2,2,6,1,1,4,2,02,2,1,0,100,1,0,1,4,2,54,1,3,2,0,1,8,1,201000061743A01,,,,200054781
201000061745,2010-03-24,2010,mars,mercredi,13:50,75,75109,0,0,2,3,3,1,1,4,1,00,1,-1,0,0,1,0,1,4,1,47,5,3,2,0,2,1,18,201000061745B01,10,16,1,200054781
201000061752,2010-04-08,2010,avril,jeudi,16:49,75,75109,0,0,2,5,3,1,1,4,1,04,1,1,0,100,1,0,1,4,2,48,0,3,2,0,2,4,1,201000061752B01,7,15,1,200054781
201000061759,2010-04-16,2010,avril,vendredi,08:50,75,75109,0,0,2,1,6,1,1,4,1,01,1,1,0,0,1,0,5,4,1,40,1,1,2,0,1,7,1,201000061759A01,,,,200054781
201000061761,2010-04-23,2010,avril,vendredi,16:55,75,75109,0,0,2,1,3,1,1,4,1,01,1,1,0,0,1,0,1,4,2,50,1,3,2,0,2,1,1,201000061761B01,7,22,1,200054781
201000061764,2010-04-29,2010,avril,jeudi,18:35,75,75109,0,0,2,1,3,1,1,4,1,01,1,1,0,0,1,0,1,4,2,45,0,3,2,0,2,0,13,201000061764B01,2,17,1,200054781
201000061790,2010-06-09,2010,juin,mercredi,10:18,75,75109,0,0,2,3,3,1,2,4,1,01,1,1,0,0,2,0,0,4,1,79,0,3,2,0,0,8,7,201000061790B01,7,16,1,200054781
201000061805,2010-06-26,2010,juin,samedi,04:00,75,75109,0,0,2,2,3,5,1,4,1,01,2,1,0,30,1,0,1,4,1,48,0,3,2,0,2,0,15,201000061805B01,7,1,1,200054781
201000061812,2010-07-03,2010,juillet,samedi,05:45,75,75109,0,0,2,5,3,1,1,4,-1,01,1,1,0,0,1,0,1,1,1,32,5,3,2,0,2,0,19,201000061812A01,2,1,1,200054781
201000061827,2010-07-23,2010,juillet,vendredi,14:20,75,75109,0,0,2,2,6,1,1,4,2,02,1,1,0,0,1,0,5,4,1,39,1,3,2,14,0,1,14,201000061827A01,,,,200054781
201000061834,2010-08-05,2010,août,jeudi,10:15,75,75109,0,0,2,1,3,1,1,4,1,01,1,1,0,40,1,0,1,4,2,37,1,3,2,0,2,8,1,201000061834B01,30,16,1,200054781
201000061851,2010-09-03,2010,septembre,vendredi,21:10,75,75109,0,0,2,1,7,5,1,4,1,03,1,-1,0,0,1,0,1,1,1,41,5,1,2,0,0,0,7,201000061851A01,,,,200054781
201000061851,2010-09-03,2010,septembre,vendredi,21:10,75,75109,0,0,2,1,7,5,1,4,1,03,1,-1,0,0,1,0,1,4,2,9,5,1,2,0,0,0,7,201000061851A01,,,,200054781
201000061861,2010-09-22,2010,septembre,mercredi,10:25,75,75109,0,0,2,2,3,1,1,4,2,01,1,1,0,0,1,0,1,4,1,48,1,3,2,0,2,1,16,201000061861A01,7,1,1,200054781
201000061866,2010-09-29,2010,septembre,mercredi,09:40,75,75109,0,0,2,2,2,1,8,4,1,01,1,1,0,0,1,0,1,4,1,28,4,3,2,0,2,1,7,201000061866B01,7,16,1,200054781
201000061880,2010-10-18,2010,octobre,lundi,20:10,75,75109,0,0,2,2,2,5,1,4,1,01,1,1,0,150,1,0,1,4,1,37,0,1,2,1,2,1,16,201000061880A01,7,16,1,200054781
201000061881,2010-10-18,2010,octobre,lundi,20:15,75,75109,0,0,2,2,3,5,1,4,1,01,1,1,0,60,1,0,1,4,2,23,0,3,2,0,2,1,1,201000061881B01,7,1,1,200054781
201000061882,2010-10-19,2010,octobre,mardi,18:20,75,75109,0,0,2,5,3,1,2,4,-1,00,2,1,0,0,2,0,1,4,1,26,4,1,2,0,2,1,7,201000061882B01,7,16,1,200054781
201000061887,2010-10-21,2010,octobre,jeudi,18:25,75,75109,0,0,2,5,6,2,1,4,-1,03,1,1,0,100,1,0,1,1,1,47,1,1,2,0,1,1,1,201000061887A01,,,,200054781
201000061894,2010-10-31,2010,octobre,dimanche,03:30,75,75109,0,0,2,5,3,5,1,4,1,01,2,1,0,70,1,0,1,4,1,23,0,3,2,0,2,8,5,201000061894A01,30,1,1,200054781
201000061910,2010-11-27,2010,novembre,samedi,14:40,75,75109,0,0,2,3,7,1,1,4,-1,01,1,1,0,50,7,0,1,4,2,52,5,3,2,0,0,0,1,201000061910A01,,,,200054781
201000061920,2010-12-11,2010,décembre,samedi,01:15,75,75109,0,0,2,1,2,5,1,4,1,01,1,1,0,60,1,0,1,4,1,25,0,3,2,0,2,0,2,201000061920B01,7,2,1,200054781
201000061935,2010-01-21,2010,janvier,jeudi,00:40,75,75110,0,0,2,2,7,5,2,4,1,00,1,1,0,0,2,0,1,4,1,32,5,3,2,0,0,0,1,201000061935A01,,,,200054781
201000061942,2010-01-25,2010,janvier,lundi,17:30,75,75110,0,0,2,5,3,1,1,4,-1,02,1,3,0,60,1,0,1,4,1,44,5,3,2,0,2,3,1,201000061942B01,7,16,1,200054781
201000061964,2010-02-15,2010,février,lundi,11:55,75,75110,0,0,2,3,3,1,1,4,1,01,1,1,0,40,1,0,1,4,2,39,5,3,2,0,2,1,1,201000061964A01,10,15,1,200054781
201000061970,2010-02-25,2010,février,jeudi,14:50,75,75110,0,0,2,3,3,1,2,4,2,02,1,1,0,35,2,0,1,1,2,52,4,3,2,0,2,0,1,201000061970A01,32,15,1,200054781
201000061979,2010-03-12,2010,mars,vendredi,23:00,75,75110,0,0,2,1,3,5,1,4,1,02,1,1,0,40,1,0,1,4,2,30,5,3,2,0,2,7,1,201000061979B01,7,22,1,200054781
201000061984,2010-03-18,2010,mars,jeudi,22:00,75,75110,0,0,2,3,3,5,1,4,1,00,1,-1,0,0,1,0,1,4,1,39,0,3,2,0,2,1,18,201000061984A01,7,22,1,200054781
201000061991,2010-03-25,2010,mars,jeudi,08:10,75,75110,0,0,2,1,3,1,1,4,1,00,1,1,0,0,1,0,1,4,2,40,1,3,2,0,2,1,1,201000061991B01,10,22,1,200054781
201000061996,2010-04-02,2010,avril,vendredi,09:35,75,75110,0,0,2,1,7,1,2,4,2,04,1,1,5,120,2,0,5,4,2,33,1,3,2,0,0,0,1,201000061996A01,,,,200054781
201000062008,2010-04-12,2010,avril,lundi,10:30,75,75110,0,0,2,1,3,1,1,4,1,01,1,1,0,60,1,0,5,4,2,48,1,3,2,0,2,1,1,201000062008B01,7,22,1,200054781
201000062010,2010-04-14,2010,avril,mercredi,10:45,75,75110,0,0,2,1,3,1,1,4,1,01,1,1,0,0,1,0,1,4,1,36,0,3,2,0,2,1,1,201000062010B01,7,22,1,200054781
201000062022,2010-04-29,2010,avril,jeudi,18:15,75,75110,0,0,2,1,6,1,1,4,1,03,1,1,0,50,1,0,5,4,1,51,5,3,2,0,1,1,1,201000062022A01,,,,200054781
201000062027,2010-05-03,2010,mai,lundi,10:00,75,75110,0,0,2,1,3,1,1,4,1,01,1,1,0,50,1,0,1,4,2,44,1,1,2,0,2,7,1,201000062027B01,7,22,1,200054781
201000062029,2010-05-04,2010,mai,mardi,20:38,75,75110,0,0,2,2,6,2,1,4,2,02,1,1,0,100,1,0,1,4,2,38,0,3,2,0,2,2,1,201000062029A01,2,2,1,200054781
201000062041,2010-05-12,2010,mai,mercredi,14:30,75,75110,0,0,2,1,1,1,1,4,1,01,1,1,0,50,1,0,5,4,2,27,2,3,2,0,2,3,1,201000062041B01,7,13,1,200054781
201000062043,2010-05-13,2010,mai,jeudi,12:30,75,75110,0,0,2,2,3,1,1,4,2,04,1,1,0,80,2,0,1,4,2,19,5,3,2,0,2,0,1,201000062043B01,7,15,1,200054781
201000062045,2010-05-19,2010,mai,mercredi,12:05,75,75110,0,0,2,3,3,1,1,4,1,02,2,2,0,60,1,2,1,4,1,45,0,3,2,0,2,0,13,201000062045B01,7,15,1,200054781
201000062055,2010-05-31,2010,mai,lundi,10:15,75,75110,0,0,2,5,7,1,1,4,1,02,2,2,0,70,1,0,1,4,1,27,0,3,2,0,0,0,1,201000062055A01,,,,200054781
201000062058,2010-06-04,2010,juin,vendredi,09:45,75,75110,0,0,2,1,2,1,1,4,1,04,1,1,0,140,1,0,1,3,1,23,1,3,2,0,2,1,2,201000062058A01,7,2,1,200054781
201000062061,2010-06-09,2010,juin,mercredi,08:00,75,75110,0,0,2,2,1,1,2,4,2,04,1,-1,0,50,2,5,1,1,1,39,1,1,2,0,2,2,1,201000062061B01,30,15,1,200054781
201000062065,2010-06-14,2010,juin,lundi,10:05,75,75110,0,0,2,3,3,1,1,4,2,02,2,1,0,60,1,0,1,4,1,43,1,3,2,0,0,5,1,201000062065B01,33,13,1,200054781
201000062072,2010-06-20,2010,juin,dimanche,01:15,75,75110,0,0,2,5,6,5,1,4,1,01,1,1,0,40,1,0,1,4,1,33,0,3,2,0,2,1,23,201000062072A01,7,4,1,200054781
201000062078,2010-06-29,2010,juin,mardi,10:35,75,75110,0,0,2,1,7,1,1,4,1,01,1,1,0,30,1,0,5,4,1,39,0,3,2,0,0,0,1,201000062078A01,,,,200054781
201000062082,2010-07-01,2010,juillet,jeudi,00:29,75,75110,0,0,2,1,6,5,1,4,1,01,1,1,5,30,1,0,5,1,1,46,5,3,2,0,1,3,1,201000062082A01,,,,200054781
201000062089,2010-07-05,2010,juillet,lundi,19:30,75,75110,0,0,2,1,2,1,1,4,1,01,1,1,0,60,1,0,1,4,1,16,1,3,2,0,2,1,2,201000062089A01,7,23,1,200054781
201000062111,2010-07-28,2010,juillet,mercredi,20:00,75,75110,0,0,2,1,3,1,1,4,1,01,1,1,0,30,1,0,1,4,2,25,0,3,2,0,2,0,1,201000062111B01,7,22,1,200054781
201000062122,2010-08-25,2010,août,mercredi,19:20,75,75110,0,0,2,1,6,1,1,4,1,02,1,1,150,40,1,0,1,3,2,36,1,3,2,14,0,1,12,201000062122A01,,,,200054781
201000062129,2010-09-02,2010,septembre,jeudi,18:30,75,75110,0,0,2,2,2,1,1,4,1,04,1,1,5,150,1,5,1,4,1,30,1,3,2,0,2,4,7,201000062129B01,7,13,1,200054781
201000062131,2010-09-07,2010,septembre,mardi,18:45,75,75110,0,0,2,1,7,1,1,4,1,01,2,1,0,40,1,0,5,4,1,57,5,3,2,0,0,1,21,201000062131A01,,,,200054781
201000062139,2010-09-16,2010,septembre,jeudi,18:00,75,75110,0,0,2,1,6,1,1,4,1,00,1,1,0,40,1,0,1,1,1,18,5,3,2,0,1,1,1,201000062139A01,,,,200054781
201000062142,2010-09-19,2010,septembre,dimanche,17:05,75,75110,0,0,2,1,2,1,1,4,1,02,2,1,10,60,1,0,4,4,1,29,5,3,2,0,0,0,2,201000062142B01,30,2,1,200054781
201000062149,2010-09-24,2010,septembre,vendredi,01:40,75,75110,0,0,2,2,1,3,3,4,1,02,1,1,0,60,2,0,1,4,1,34,0,3,2,0,2,1,5,201000062149B01,7,1,1,200054781
201000062156,2010-09-28,2010,septembre,mardi,19:30,75,75110,0,0,2,1,3,5,1,4,1,01,1,-1,0,40,1,0,1,4,1,35,5,1,2,0,2,3,13,201000062156A01,30,1,1,200054781