Num_Acc,date,an,mois,jour,hrmn,dep,com,lat,long,agg,int,col,lum,atm,catr,circ,nbv,prof,plan,lartpc,larrout,surf,infra,situ,grav,sexe,age,trajet,secuexist,equipement,obs,obsm,choc,manv,vehiculeid,typevehicules,manoeuvehicules,numVehicules,_infos_commune.code_epci
201000062165,2010-10-10,2010,octobre,dimanche,17:50,75,75110,0,0,2,5,3,1,1,4,-1,02,1,1,0,30,1,0,1,4,1,37,5,3,2,0,2,6,1,201000062165B01,7,1,1,200054781
201000062168,2010-10-12,2010,octobre,mardi,14:35,75,75110,0,0,2,2,3,1,1,4,2,02,1,3,0,105,1,0,1,4,1,32,5,3,2,0,2,0,1,201000062168B01,13,15,1,200054781
201000062183,2010-10-29,2010,octobre,vendredi,19:30,75,75110,0,0,2,1,3,5,1,4,1,03,1,1,0,60,1,0,1,4,2,31,5,1,4,1,2,2,17,201000062183B01,7,22,1,200054781
201000062237,2010-01-02,2010,janvier,samedi,20:50,75,75111,0,0,2,3,4,5,1,4,1,01,2,1,0,30,1,0,1,4,2,38,5,3,2,0,2,7,2,201000062237B01,7,22,1,200054781
201000062237,2010-01-02,2010,janvier,samedi,20:50,75,75111,0,0,2,3,4,5,1,4,1,01,2,1,0,30,1,0,1,4,1,44,5,3,2,0,2,1,2,201000062237C01,7,22,1,200054781
201000062238,2010-01-04,2010,janvier,lundi,11:40,75,75111,0,0,2,1,6,1,1,4,2,02,1,1,0,100,1,0,1,4,2,50,9,3,2,1,2,4,2,201000062238B01,7,2,1,200054781
201000062242,2010-01-11,2010,janvier,lundi,20:15,75,75111,0,0,2,5,3,5,1,4,1,04,1,2,50,350,1,0,1,3,2,32,5,3,2,0,2,2,1,201000062242B01,37,13,1,200054781
201000062258,2010-01-25,2010,janvier,lundi,10:23,75,75111,0,0,2,2,6,1,1,4,1,01,1,1,0,80,1,0,5,1,1,24,2,3,2,0,1,1,1,201000062258A01,,,,200054781
201000062269,2010-02-06,2010,février,samedi,21:35,75,75111,0,0,2,1,2,5,1,4,2,01,1,1,0,150,2,0,1,4,2,37,3,3,2,0,2,4,14,201000062269B01,7,7,1,200054781
201000062302,2010-03-16,2010,mars,mardi,19:35,75,75111,0,0,2,1,2,5,1,4,2,00,1,-1,0,0,1,0,1,4,1,39,1,3,2,0,2,4,23,201000062302B01,7,2,1,200054781
201000062304,2010-03-17,2010,mars,mercredi,20:00,75,75111,0,0,2,1,6,5,1,4,2,04,1,1,34,155,1,0,1,3,2,34,0,3,2,0,0,1,21,201000062304A01,,,,200054781
201000062305,2010-03-18,2010,mars,jeudi,14:20,75,75111,0,0,2,1,2,1,1,4,1,01,1,1,70,50,1,0,1,4,1,58,5,3,2,0,2,4,2,201000062305A01,7,2,1,200054781
201000062320,2010-03-29,2010,mars,lundi,08:15,75,75111,0,0,2,2,3,1,1,4,2,02,1,1,0,68,1,0,1,4,2,41,1,3,2,0,2,8,1,201000062320A01,7,1,1,200054781
201000062323,2010-04-01,2010,avril,jeudi,13:55,75,75111,0,0,2,5,2,1,1,4,2,01,1,1,0,60,1,0,1,4,2,42,5,3,2,0,2,4,1,201000062323B01,2,17,1,200054781
201000062335,2010-04-15,2010,avril,jeudi,09:20,75,75111,0,0,2,1,3,1,1,4,2,01,1,1,0,160,1,0,1,4,2,25,1,3,2,0,2,1,1,201000062335B01,7,22,1,200054781
201000062338,2010-04-18,2010,avril,dimanche,17:30,75,75111,0,0,2,1,2,1,1,4,2,00,1,1,0,50,1,0,1,4,1,16,5,3,2,0,2,1,2,201000062338A01,7,23,1,200054781
201000062339,2010-04-19,2010,avril,lundi,08:55,75,75111,0,0,2,2,3,1,1,4,1,01,1,1,0,70,1,0,1,4,1,53,1,3,2,0,2,1,1,201000062339B01,7,15,1,200054781
201000062340,2010-04-19,2010,avril,lundi,10:55,75,75111,0,0,2,1,3,1,1,4,1,01,2,1,0,102,1,0,1,4,1,54,5,3,2,0,2,1,1,201000062340B01,7,22,1,200054781
201000062362,2010-05-04,2010,mai,mardi,08:40,75,75111,0,0,2,1,7,1,1,4,1,01,1,1,0,50,1,0,1,4,1,16,2,3,2,0,0,0,1,201000062362A01,,,,200054781
201000062363,2010-05-04,2010,mai,mardi,17:42,75,75111,0,0,2,5,3,1,1,4,2,02,4,1,0,240,1,0,1,4,2,35,5,3,2,0,2,4,1,201000062363B01,7,1,1,200054781
201000062375,2010-05-18,2010,mai,mardi,10:50,75,75111,0,0,2,5,3,1,1,4,2,02,1,1,0,120,1,0,1,4,1,36,1,3,2,0,2,1,1,201000062375A01,7,1,1,200054781
201000062379,2010-05-21,2010,mai,vendredi,17:45,75,75111,0,0,2,1,3,1,1,4,2,00,1,1,0,110,1,0,1,4,1,13,5,3,2,0,2,8,10,201000062379B01,32,17,1,200054781
201000062382,2010-05-23,2010,mai,dimanche,16:35,75,75111,0,0,2,5,6,1,1,4,1,00,1,1,0,60,1,0,0,1,1,29,5,3,2,0,1,1,1,201000062382A01,,,,200054781
201000062383,2010-05-26,2010,mai,mercredi,14:25,75,75111,0,0,2,1,6,1,8,4,1,02,1,1,380,0,1,0,5,4,1,23,2,3,9,0,1,1,1,201000062383A01,,,,200054781
201000062386,2010-05-29,2010,mai,samedi,12:35,75,75111,0,0,2,1,6,1,1,4,1,02,1,1,0,50,1,0,5,1,1,32,0,3,2,0,1,1,11,201000062386A01,,,,200054781
201000062389,2010-06-02,2010,juin,mercredi,09:40,75,75111,0,0,2,1,6,1,1,4,1,01,1,1,0,40,1,0,1,4,2,32,1,3,2,0,1,1,1,201000062389A01,,,,200054781
201000062418,2010-06-23,2010,juin,mercredi,01:25,75,75111,0,0,2,2,6,5,1,4,1,01,1,1,0,40,1,0,1,4,1,29,0,3,2,0,2,8,1,201000062418A01,7,9,1,200054781
201000062423,2010-06-26,2010,juin,samedi,18:50,75,75111,0,0,2,3,6,1,1,4,1,01,2,1,0,75,1,0,1,1,1,19,5,3,2,0,1,1,1,201000062423A01,,,,200054781
201000062434,2010-07-02,2010,juillet,vendredi,09:15,75,75111,0,0,2,1,3,1,1,4,2,01,1,1,0,100,1,0,1,4,1,25,0,3,2,0,2,1,1,201000062434B01,7,22,1,200054781
201000062440,2010-07-07,2010,juillet,mercredi,02:35,75,75111,0,0,2,1,3,5,1,4,2,00,1,1,0,150,1,0,1,4,2,48,5,3,2,0,2,3,1,201000062440B01,10,17,1,200054781
201000062447,2010-07-17,2010,juillet,samedi,16:35,75,75111,0,0,2,1,3,1,1,4,2,01,1,1,0,74,1,0,1,4,1,28,5,1,2,0,2,2,1,201000062447B01,10,9,1,200054781
201000062453,2010-07-25,2010,juillet,dimanche,14:25,75,75111,0,0,2,1,3,1,1,4,2,01,1,1,0,120,1,0,1,4,2,47,5,3,2,0,2,1,1,201000062453B01,7,22,1,200054781
201000062455,2010-07-25,2010,juillet,dimanche,23:00,75,75111,0,0,2,1,3,5,1,4,2,02,2,1,0,100,1,0,1,4,2,41,5,3,2,0,2,1,1,201000062455B01,7,22,1,200054781
201000062463,2010-08-09,2010,août,lundi,21:00,75,75111,0,0,2,1,7,2,1,4,2,02,2,1,0,80,1,0,1,3,1,40,5,3,2,0,0,0,1,201000062463A01,,,,200054781
201000062464,2010-08-11,2010,août,mercredi,15:20,75,75111,0,0,2,1,6,1,1,4,2,02,1,1,20,140,1,0,1,4,1,26,5,3,2,0,1,1,1,201000062464A01,,,,200054781
201000062481,2010-08-31,2010,août,mardi,09:00,75,75111,0,0,2,1,3,1,1,4,2,02,2,1,0,80,1,0,1,4,2,32,1,3,2,0,2,1,1,201000062481B01,7,9,1,200054781
201000062499,2010-09-16,2010,septembre,jeudi,09:40,75,75111,0,0,2,5,3,1,1,4,1,02,1,1,0,60,1,0,5,4,1,22,1,3,2,0,2,1,5,201000062499A01,10,15,1,200054781
201000062512,2010-09-30,2010,septembre,jeudi,07:57,75,75111,0,0,2,1,3,1,3,4,2,02,2,1,0,117,2,0,1,4,2,31,1,3,2,1,0,1,1,201000062512B01,7,22,1,200054781
201000062525,2010-10-05,2010,octobre,mardi,16:20,75,75111,0,0,2,1,6,1,1,4,1,01,1,1,70,30,1,0,1,4,1,20,5,2,2,0,1,1,1,201000062525A01,,,,200054781
201000062527,2010-10-07,2010,octobre,jeudi,14:00,75,75111,0,0,2,5,2,1,1,4,1,04,1,-1,10,84,1,5,1,4,2,21,5,3,2,0,2,4,2,201000062527B01,7,2,1,200054781
201000062537,2010-10-17,2010,octobre,dimanche,21:40,75,75111,0,0,2,5,2,5,1,4,2,00,1,1,0,90,1,1,1,4,1,37,0,3,2,0,2,4,2,201000062537B01,34,2,1,200054781
201000062550,2010-10-25,2010,octobre,lundi,21:20,75,75111,0,0,2,1,3,5,1,4,1,01,1,1,0,50,1,0,1,4,2,29,5,3,2,0,2,1,19,201000062550A01,2,1,1,200054781
201000062554,2010-10-29,2010,octobre,vendredi,14:55,75,75111,0,0,2,1,2,1,1,4,2,01,1,1,0,90,1,0,1,4,2,34,0,3,2,0,2,1,1,201000062554B01,7,4,1,200054781
201000062555,2010-10-30,2010,octobre,samedi,00:45,75,75111,0,0,2,1,6,5,8,4,1,01,1,1,0,0,1,0,4,4,2,38,0,3,2,8,0,1,13,201000062555A01,,,,200054781
201000062560,2010-11-04,2010,novembre,jeudi,08:10,75,75111,0,0,2,1,7,2,1,4,2,02,1,1,0,120,1,0,1,4,1,16,2,3,2,0,0,0,21,201000062560A01,,,,200054781
201000062565,2010-11-05,2010,novembre,vendredi,15:35,75,75111,0,0,2,2,6,1,1,4,1,02,1,1,40,40,1,0,1,4,2,37,5,3,2,0,2,8,1,201000062565A01,2,1,1,200054781
201000062579,2010-11-11,2010,novembre,jeudi,20:25,75,75111,0,0,2,2,3,5,2,4,1,00,1,1,0,50,2,0,1,4,1,32,1,2,2,0,2,1,9,201000062579B01,7,15,1,200054781
201000062584,2010-11-15,2010,novembre,lundi,13:50,75,75111,0,0,2,1,3,1,1,4,2,00,1,1,0,165,1,6,1,4,1,27,5,3,2,0,2,8,19,201000062584B01,10,1,1,200054781
201000062585,2010-11-16,2010,novembre,mardi,09:15,75,75111,0,0,2,2,3,1,1,4,1,01,1,2,0,100,1,0,1,4,1,20,9,3,2,0,2,3,11,201000062585A01,32,17,1,200054781
201000062588,2010-11-18,2010,novembre,jeudi,22:55,75,75111,0,0,2,7,2,5,2,4,2,02,1,1,0,70,2,0,1,4,2,31,5,3,2,0,2,4,1,201000062588B01,7,13,1,200054781
201000062612,2010-12-09,2010,décembre,jeudi,11:50,75,75111,0,0,2,1,6,1,1,4,2,02,1,1,0,100,2,0,1,3,1,68,5,3,2,0,2,4,2,201000062612B01,7 / 3 / 10,2 / 24,3,200054781
201000062616,2010-12-18,2010,décembre,samedi,05:15,75,75111,0,0,2,5,6,5,9,4,2,00,1,2,0,100,2,0,1,4,2,22,5,3,2,0,2,4,23,201000062616A01,7,2,1,200054781
201000062624,2010-01-04,2010,janvier,lundi,12:50,75,75112,0,0,2,2,2,1,1,4,2,02,1,1,0,140,1,0,1,4,1,29,5,3,2,0,2,4,15,201000062624B01,7,17,1,200054781
201000062637,2010-01-21,2010,janvier,jeudi,12:00,75,75112,0,0,2,1,7,1,8,4,2,02,1,1,0,60,2,0,1,4,1,70,5,3,2,0,0,0,1,201000062637A01,,,,200054781
201000062661,2010-02-05,2010,février,vendredi,16:10,75,75112,0,0,2,1,2,1,1,4,1,04,1,3,0,160,1,0,1,4,2,33,0,3,2,0,2,4,23,201000062661B01,7,2,1,200054781
201000062674,2010-02-18,2010,février,jeudi,12:20,75,75112,0,0,2,4,3,1,1,4,2,02,1,-1,0,200,1,0,1,4,1,33,0,3,2,0,2,2,1,201000062674A01,10,15,1,200054781
201000062707,2010-03-14,2010,mars,dimanche,17:20,75,75112,0,0,2,1,6,1,1,4,1,01,1,1,0,30,1,0,1,1,1,16,5,3,2,0,1,1,1,201000062707A01,,,,200054781
201000062754,2010-04-20,2010,avril,mardi,09:20,75,75112,0,0,2,3,3,1,1,4,1,01,1,1,0,60,1,0,1,4,1,70,5,3,2,0,2,1,1,201000062754A01,7,15,1,200054781
201000062756,2010-04-22,2010,avril,jeudi,18:15,75,75112,0,0,2,1,7,1,1,4,1,00,1,1,0,60,1,0,4,4,1,17,5,3,2,0,0,8,5,201000062756A01,,,,200054781
201000062758,2010-04-24,2010,avril,samedi,11:45,75,75112,0,0,2,1,6,1,1,4,1,01,1,1,0,70,1,0,1,3,2,48,5,3,2,2,0,1,14,201000062758A01,,,,200054781
201000062759,2010-04-24,2010,avril,samedi,14:30,75,75112,0,0,2,1,3,1,1,4,2,02,2,1,0,150,1,0,1,4,1,79,5,1,2,0,2,1,1,201000062759B01,7,22,1,200054781
201000062762,2010-04-27,2010,avril,mardi,10:30,75,75112,0,0,2,1,2,1,1,4,1,01,1,1,0,40,1,0,1,4,2,31,5,3,2,0,2,8,19,201000062762B01,7,4,1,200054781
201000062771,2010-05-01,2010,mai,samedi,15:00,75,75112,0,0,2,3,3,1,1,4,2,04,1,1,0,0,1,0,1,4,2,36,5,3,2,0,2,5,1,201000062771B01,7,15,1,200054781
201000062784,2010-05-20,2010,mai,jeudi,12:55,75,75112,0,0,2,3,2,1,1,4,1,01,2,1,0,50,1,0,1,4,2,42,5,3,2,0,2,1,2,201000062784A01,7,16,1,200054781
201000062785,2010-05-22,2010,mai,samedi,20:25,75,75112,0,0,2,1,3,1,1,4,-1,02,1,1,0,100,1,0,1,4,1,30,5,3,2,0,2,3,18,201000062785A01,7,23,1,200054781
201000062786,2010-05-24,2010,mai,lundi,12:25,75,75112,0,0,2,3,3,1,1,4,2,03,1,1,0,90,1,0,1,4,2,33,5,2,2,0,2,8,15,201000062786B01,2,17,1,200054781
201000062787,2010-05-24,2010,mai,lundi,20:20,75,75112,0,0,2,2,3,1,1,4,1,01,1,1,0,90,1,0,1,4,1,41,5,3,2,0,2,7,1,201000062787B01,7,15,1,200054781
201000062788,2010-05-25,2010,mai,mardi,19:10,75,75112,0,0,2,1,3,1,1,4,3,02,2,1,0,0,1,0,1,4,1,39,5,3,2,0,2,1,1,201000062788B01,7,22,1,200054781
201000062806,2010-05-30,2010,mai,dimanche,12:20,75,75112,0,0,2,2,3,1,8,4,1,02,1,1,0,80,1,0,1,4,2,25,5,3,2,0,2,2,7,201000062806B01,7,16,1,200054781
201000062813,2010-06-02,2010,juin,mercredi,10:08,75,75112,0,0,2,1,3,1,1,4,1,02,1,1,0,90,1,0,1,4,2,27,9,3,2,0,2,1,1,201000062813B01,7,22,1,200054781
201000062815,2010-06-02,2010,juin,mercredi,16:35,75,75112,0,0,2,5,3,1,1,4,1,07,1,2,0,200,1,5,1,4,1,45,1,3,2,0,2,8,1,201000062815B01,7,14,1,200054781
201000062816,2010-06-02,2010,juin,mercredi,17:00,75,75112,0,0,2,1,7,1,1,4,2,02,1,1,0,80,1,0,1,4,1,74,5,3,2,0,0,3,21,201000062816A01,,,,200054781
201000062828,2010-06-07,2010,juin,lundi,22:20,75,75112,0,0,2,3,3,5,1,4,2,02,1,1,0,80,1,0,1,4,1,32,1,3,2,0,2,8,15,201000062828B01,7,17,1,200054781
201000062838,2010-06-14,2010,juin,lundi,08:55,75,75112,0,0,2,1,1,1,1,4,2,03,2,1,0,90,1,0,5,4,2,45,1,3,2,0,2,1,1,201000062838B01,7,15,1,200054781
201000062844,2010-06-17,2010,juin,jeudi,10:15,75,75112,0,0,2,3,3,1,1,4,2,04,2,1,0,90,1,0,5,4,2,37,1,3,2,0,2,1,1,201000062844B01,7,16,1,200054781
201000062856,2010-06-27,2010,juin,dimanche,19:15,75,75112,0,0,2,1,7,1,1,4,1,01,1,1,0,40,9,0,1,4,1,65,5,2,2,0,0,0,0,201000062856A01,,,,200054781
201000062860,2010-06-30,2010,juin,mercredi,03:00,75,75112,0,0,2,2,3,5,1,4,1,01,1,-1,0,150,1,0,0,4,2,47,0,3,2,0,2,7,15,201000062860B01,7,1,1,200054781
201000062861,2010-06-30,2010,juin,mercredi,13:00,75,75112,0,0,2,2,3,1,1,4,1,01,1,1,0,30,1,0,1,4,2,47,1,2,2,0,2,7,19,201000062861B01,7,16,1,200054781
201000062871,2010-07-02,2010,juillet,vendredi,20:50,75,75112,0,0,2,1,3,1,1,4,1,01,1,1,0,30,1,0,5,4,1,46,1,3,2,0,2,1,1,201000062871B01,7,16,1,200054781
201000062886,2010-07-23,2010,juillet,vendredi,10:20,75,75112,0,0,2,1,7,1,1,4,1,01,1,1,0,150,1,0,1,4,1,74,5,1,2,0,0,1,1,201000062886A01,,,,200054781
201000062889,2010-07-26,2010,juillet,lundi,12:35,75,75112,0,0,2,1,3,1,1,4,2,04,1,1,0,110,1,0,1,4,1,31,4,3,2,0,2,1,1,201000062889B01,10,17,1,200054781
201000062893,2010-07-30,2010,juillet,vendredi,16:15,75,75112,0,0,2,1,3,1,1,4,1,01,1,1,0,20,1,0,1,4,1,23,5,3,2,0,2,1,1,201000062893B01,7,22,1,200054781
201000062896,2010-08-01,2010,août,dimanche,00:30,75,75112,0,0,2,1,6,5,1,4,2,02,1,1,0,50,1,0,1,4,1,55,0,3,2,0,2,8,1,201000062896A01,7,14,1,200054781
201000062898,2010-08-02,2010,août,lundi,16:40,75,75112,0,0,2,1,3,1,2,4,2,02,1,1,0,0,2,1,1,4,1,38,1,3,2,0,2,0,1,201000062898B01,7,22,1,200054781
201000062900,2010-08-03,2010,août,mardi,19:28,75,75112,0,0,2,1,3,1,1,4,2,04,1,1,0,120,1,0,5,4,1,47,0,3,2,0,2,0,1,201000062900B01,7,16,1,200054781
201000062916,2010-09-01,2010,septembre,mercredi,20:33,75,75112,0,0,2,3,3,5,1,4,2,01,1,1,0,100,1,0,1,4,1,37,5,3,2,0,2,1,18,201000062916B01,7,16,1,200054781
201000062939,2010-09-17,2010,septembre,vendredi,20:35,75,75112,0,0,2,2,6,5,1,4,2,03,1,1,0,120,1,0,1,4,1,38,1,3,2,0,2,2,1,201000062939A01,32,15,1,200054781
201000062941,2010-09-18,2010,septembre,samedi,23:50,75,75112,0,0,2,1,2,5,1,4,1,00,1,1,0,80,1,0,1,4,2,20,0,3,2,0,2,4,1,201000062941A01,7,20,1,200054781
201000062944,2010-09-22,2010,septembre,mercredi,17:20,75,75112,0,0,2,1,1,1,1,4,-1,00,1,-1,0,0,1,0,5,4,1,22,5,1,2,0,2,1,1,201000062944A01,1,1,1,200054781
201000062944,2010-09-22,2010,septembre,mercredi,17:20,75,75112,0,0,2,1,1,1,1,4,-1,00,1,-1,0,0,1,0,5,1,1,62,5,1,2,0,2,1,1,201000062944B01,1,1,1,200054781
201000062945,2010-09-23,2010,septembre,jeudi,13:10,75,75112,0,0,2,1,7,1,1,4,2,02,1,1,0,50,1,0,1,1,1,60,5,3,2,0,0,0,1,201000062945A01,,,,200054781
201000062945,2010-09-23,2010,septembre,jeudi,13:10,75,75112,0,0,2,1,7,1,1,4,2,02,1,1,0,50,1,0,1,4,2,3,5,1,3,0,0,0,1,201000062945A01,,,,200054781
201000062951,2010-09-27,2010,septembre,lundi,17:10,75,75112,0,0,2,1,6,1,1,4,2,04,1,1,0,150,1,0,5,4,1,40,1,3,2,8,0,1,1,201000062951A01,,,,200054781
201000062954,2010-09-28,2010,septembre,mardi,17:20,75,75112,0,0,2,2,3,1,1,4,2,02,3,1,0,120,1,0,1,4,2,35,1,3,2,0,2,1,1,201000062954B01,7,14,1,200054781
201000062960,2010-10-01,2010,octobre,vendredi,17:00,75,75112,0,0,2,2,3,1,2,4,2,04,1,1,0,0,2,0,1,4,1,23,1,3,2,0,2,8,1,201000062960A01,32,1,1,200054781
201000062963,2010-10-02,2010,octobre,samedi,14:10,75,75112,0,0,2,1,7,1,8,4,2,04,2,1,0,0,1,0,5,4,1,33,0,3,2,12,0,0,21,201000062963A01,,,,200054781
201000062965,2010-10-02,2010,octobre,samedi,17:30,75,75112,0,0,2,2,3,1,1,4,2,03,1,1,0,100,1,0,4,3,2,62,5,3,2,1,0,1,9,201000062965A01,32,24,1,200054781
201000062967,2010-10-03,2010,octobre,dimanche,16:00,75,75112,0,0,2,1,4,1,1,4,3,00,2,1,0,0,1,0,5,4,1,34,5,3,2,0,9,0,1,201000062967B01,1,1,2,200054781
201000062967,2010-10-03,2010,octobre,dimanche,16:00,75,75112,0,0,2,1,4,1,1,4,3,00,2,1,0,0,1,0,5,4,1,23,5,3,2,0,9,0,1,201000062967A01,1,1,2,200054781
201000062967,2010-10-03,2010,octobre,dimanche,16:00,75,75112,0,0,2,1,4,1,1,4,3,00,2,1,0,0,1,0,5,4,1,48,5,3,2,0,0,0,1,201000062967C01,1,1,2,200054781
201000062968,2010-10-03,2010,octobre,dimanche,18:45,75,75112,48.83464,2.43893,2,1,3,1,1,4,1,00,1,1,0,50,1,0,5,1,1,32,5,3,2,0,0,5,17,201000062968A01,1,1,1,200054781
201000062968,2010-10-03,2010,octobre,dimanche,18:45,75,75112,48.83464,2.43893,2,1,3,1,1,4,1,00,1,1,0,50,1,0,5,4,1,8,5,1,2,0,0,3,1,201000062968B01,1,17,1,200054781
201000062977,2010-10-11,2010,octobre,lundi,08:15,75,75112,0,0,2,3,3,1,1,4,1,02,1,1,0,70,1,0,1,4,1,23,2,3,2,0,2,6,19,201000062977A01,10,1,1,200054781
201000062979,2010-10-12,2010,octobre,mardi,09:15,75,75112,0,0,2,1,2,1,1,4,3,05,1,1,10,180,1,0,1,3,1,59,5,1,2,0,2,4,13,201000062979B01,7,1,1,200054781
201000062999,2010-10-24,2010,octobre,dimanche,19:05,75,75112,0,0,2,5,6,5,1,4,1,07,1,1,0,0,1,0,1,4,1,65,5,1,2,0,2,1,1,201000062999A01,7,16,1,200054781
201000063000,2010-10-25,2010,octobre,lundi,09:05,75,75112,0,0,2,1,3,1,1,4,2,02,1,1,0,120,1,0,1,4,1,27,1,3,2,1,2,1,18,201000063000A01,7,1,1,200054781
201000063003,2010-10-26,2010,octobre,mardi,08:40,75,75112,0,0,2,5,3,1,1,4,1,01,1,1,0,50,1,1,1,4,1,37,1,3,2,0,2,4,1,201000063003B01,7,16,1,200054781
201000063012,2010-11-02,2010,novembre,mardi,18:00,75,75112,0,0,2,1,7,5,8,4,2,00,1,1,0,73,2,0,4,4,2,54,1,3,2,0,0,1,1,201000063012A01,,,,200054781
201000063014,2010-11-03,2010,novembre,mercredi,07:30,75,75112,0,0,2,5,3,2,1,4,1,03,-1,-1,0,100,1,0,1,4,2,38,1,3,2,0,2,1,1,201000063014B01,10,16,1,200054781
201000063015,2010-11-03,2010,novembre,mercredi,10:10,75,75112,0,0,2,1,7,1,1,4,1,01,-1,-1,0,80,9,0,5,4,1,69,5,1,2,0,0,0,1,201000063015A01,,,,200054781
201000063016,2010-11-04,2010,novembre,jeudi,17:20,75,75112,0,0,2,2,6,1,1,4,2,02,1,1,0,0,1,0,1,4,2,51,5,3,2,0,2,8,19,201000063016A01,10,1,1,200054781
201000063021,2010-11-13,2010,novembre,samedi,17:35,75,75112,0,0,2,1,6,5,2,4,2,02,1,1,0,130,2,0,1,4,1,27,5,3,2,1,2,6,11,201000063021B01,7,1,1,200054781
201000063051,2010-12-07,2010,décembre,mardi,22:04,75,75112,0,0,2,5,3,5,2,4,1,07,1,2,0,0,2,2,1,4,1,47,5,3,2,0,2,2,1,201000063051A01,7,1,1,200054781
201000063076,2010-01-14,2010,janvier,jeudi,18:20,75,75113,0,0,2,1,7,3,1,4,2,08,2,1,0,240,1,0,1,4,1,45,1,3,2,0,0,0,21,201000063076A01,,,,200054781
201000063091,2010-01-31,2010,janvier,dimanche,21:45,75,75113,0,0,2,1,3,5,1,4,2,04,3,1,0,200,1,0,1,4,2,24,5,3,2,0,2,2,1,201000063091B01,7,9,1,200054781
201000063102,2010-02-22,2010,février,lundi,08:30,75,75113,0,0,2,1,7,1,1,4,1,04,1,1,0,90,8,0,4,4,2,47,1,3,2,0,0,0,1,201000063102A01,,,,200054781
201000063112,2010-03-08,2010,mars,lundi,09:10,75,75114,0,0,2,1,6,1,1,4,-1,02,-1,-1,0,0,-1,0,1,4,1,39,1,3,2,0,1,1,1,201000063112A01,,,,200054781
201000063118,2010-03-11,2010,mars,jeudi,20:00,75,75113,0,0,2,1,6,5,1,4,-1,00,2,1,0,0,1,0,4,1,1,40,5,3,2,0,1,1,1,201000063118A01,,,,200054781
201000063125,2010-03-19,2010,mars,vendredi,18:20,75,75113,0,0,2,1,6,1,8,4,2,00,1,1,0,100,1,6,1,4,1,29,5,3,2,0,1,7,1,201000063125A01,,,,200054781
201000063128,2010-03-23,2010,mars,mardi,15:25,75,75113,0,0,2,2,1,1,1,4,1,02,1,1,0,100,1,0,1,4,1,24,1,3,2,0,2,1,1,201000063128B01,7,17,1,200054781
201000063135,2010-03-27,2010,mars,samedi,18:30,75,75113,0,0,2,1,3,1,1,4,3,03,1,1,0,0,1,0,4,4,1,33,0,3,2,0,2,7,1,201000063135B01,7,9,1,200054781
201000063148,2010-04-08,2010,avril,jeudi,18:00,75,75113,0,0,2,2,3,1,1,4,3,03,1,1,0,70,1,5,1,4,1,36,5,3,2,0,2,2,17,201000063148A01,7,16,1,200054781
201000063162,2010-04-21,2010,avril,mercredi,22:40,75,75113,0,0,2,1,6,5,1,4,1,01,1,1,0,0,1,0,5,4,1,37,5,3,2,0,1,1,1,201000063162A01,,,,200054781
201000063167,2010-04-27,2010,avril,mardi,17:10,75,75113,0,0,2,2,6,1,1,4,-1,00,1,1,0,63,-1,0,1,4,1,36,1,3,2,0,1,1,1,201000063167A01,,,,200054781
201000063173,2010-05-02,2010,mai,dimanche,14:25,75,75113,0,0,2,3,6,1,2,4,1,01,1,1,0,109,2,0,1,4,2,63,5,3,2,0,2,1,23,201000063173B01,7,21,1,200054781
201000063173,2010-05-02,2010,mai,dimanche,14:25,75,75113,0,0,2,3,6,1,2,4,1,01,1,1,0,109,2,0,1,4,1,65,5,3,2,0,2,1,23,201000063173C01,7,21,1,200054781
201000063190,2010-05-13,2010,mai,jeudi,10:45,75,75113,0,0,2,5,7,1,1,4,2,02,1,1,0,105,1,0,1,4,1,53,5,1,2,0,0,0,21,201000063190A01,,,,200054781
201000063200,2010-05-24,2010,mai,lundi,01:00,75,75113,0,0,2,2,6,5,1,4,3,02,2,1,0,0,1,0,1,4,1,34,1,3,2,0,0,6,1,201000063200A01,7,15,1,200054781
201000063204,2010-06-01,2010,juin,mardi,18:45,75,75113,0,0,2,2,3,1,2,4,2,02,2,1,0,0,2,0,1,4,1,13,5,3,2,0,2,1,9,201000063204A01,7,15,1,200054781
201000063215,2010-06-16,2010,juin,mercredi,09:10,75,75113,0,0,2,1,3,1,1,4,1,01,1,1,0,30,1,0,4,4,2,57,1,2,2,0,9,1,1,201000063215A01,7,9,1,200054781
201000063216,2010-06-16,2010,juin,mercredi,20:00,75,75113,0,0,2,6,3,1,1,4,1,01,1,2,0,0,1,0,1,4,2,28,5,3,2,0,2,2,16,201000063216B01,7,16,1,200054781
201000063224,2010-06-21,2010,juin,lundi,15:30,75,75113,0,0,2,1,3,1,1,4,2,02,1,1,0,60,1,0,1,4,2,54,5,3,2,0,2,6,1,201000063224B01,37,17,1,200054781
201000063227,2010-06-22,2010,juin,mardi,14:45,75,75113,0,0,2,2,1,1,1,4,2,01,1,1,0,210,1,0,1,4,1,29,1,3,2,0,2,1,1,201000063227B01,7,16,1,200054781
201000063236,2010-07-05,2010,juillet,lundi,19:30,75,75113,0,0,2,1,3,1,1,4,1,02,2,2,0,88,1,0,1,4,2,46,1,3,2,0,2,1,1,201000063236B01,7,9,1,200054781
201000063240,2010-07-08,2010,juillet,jeudi,09:15,75,75113,0,0,2,1,3,1,1,4,2,02,1,1,0,60,1,0,1,4,2,59,0,3,2,0,2,8,13,201000063240B01,7,17,1,200054781
201000063251,2010-07-15,2010,juillet,jeudi,11:10,75,75113,0,0,2,5,3,1,1,4,1,00,1,-1,0,150,1,2,1,4,1,60,5,1,2,0,2,2,1,201000063251B01,7,1,1,200054781