Num_Acc,date,an,mois,jour,hrmn,dep,com,lat,long,agg,int,col,lum,atm,catr,circ,nbv,prof,plan,lartpc,larrout,surf,infra,situ,grav,sexe,age,trajet,secuexist,equipement,obs,obsm,choc,manv,vehiculeid,typevehicules,manoeuvehicules,numVehicules,_infos_commune.code_epci
201000063261,2010-08-03,2010,août,mardi,18:35,75,75113,0,0,2,3,2,1,1,4,-1,02,2,1,0,52,1,0,1,3,1,40,1,3,2,0,2,0,1,201000063261B01,10,4,1,200054781
201000063266,2010-08-11,2010,août,mercredi,15:25,75,75113,0,0,2,2,3,1,1,4,-1,02,-1,-1,0,0,1,0,1,4,1,40,1,3,2,0,2,3,1,201000063266B01,7,14,1,200054781
201000063274,2010-08-23,2010,août,lundi,19:50,75,75113,0,0,2,5,3,1,1,4,2,01,1,1,0,96,1,0,1,4,1,51,1,3,2,0,2,8,13,201000063274B01,7,1,1,200054781
201000063285,2010-09-02,2010,septembre,jeudi,18:10,75,75113,0,0,2,1,6,1,1,4,1,01,1,1,0,20,1,0,5,1,1,37,5,3,2,0,1,0,1,201000063285A01,,,,200054781
201000063292,2010-09-11,2010,septembre,samedi,08:00,75,75113,0,0,2,1,7,1,1,4,1,01,1,1,0,30,1,0,1,4,2,17,2,3,2,0,0,7,1,201000063292A01,,,,200054781
201000063300,2010-09-17,2010,septembre,vendredi,14:25,75,75113,0,0,2,1,6,1,1,4,1,01,1,1,0,35,1,0,1,1,1,62,5,2,2,0,1,1,7,201000063300A01,,,,200054781
201000063305,2010-09-21,2010,septembre,mardi,07:45,75,75113,0,0,2,1,3,1,1,4,2,01,1,1,0,100,1,0,1,4,1,36,1,3,2,0,2,1,1,201000063305B01,7,22,1,200054781
201000063312,2010-09-27,2010,septembre,lundi,10:00,75,75113,0,0,2,2,3,1,1,4,3,03,1,1,10,223,1,0,1,4,1,53,1,3,2,0,2,8,15,201000063312A01,32,1,1,200054781
201000063347,2010-10-17,2010,octobre,dimanche,12:20,75,75113,0,0,2,3,3,1,1,4,1,02,2,1,0,65,1,0,1,4,1,49,5,3,2,0,2,2,19,201000063347B01,10,1,1,200054781
201000063364,2010-11-05,2010,novembre,vendredi,14:35,75,75113,0,0,2,1,3,1,1,4,2,06,1,1,0,0,1,0,5,4,1,32,5,3,2,0,2,8,1,201000063364B01,7,22,1,200054781
201000063366,2010-11-08,2010,novembre,lundi,08:55,75,75113,0,0,2,5,3,1,1,4,2,02,1,1,0,130,1,0,1,4,2,24,1,3,2,0,2,1,1,201000063366B01,7,15,1,200054781
201000063386,2010-11-23,2010,novembre,mardi,09:40,75,75113,0,0,2,1,6,1,1,4,1,01,1,1,0,80,1,0,5,1,1,31,1,2,2,0,1,1,1,201000063386A01,,,,200054781
201000063409,2010-12-10,2010,décembre,vendredi,23:20,75,75113,0,0,2,4,3,5,1,4,1,02,2,1,0,50,1,3,1,4,2,35,0,3,2,0,2,8,7,201000063409B01,7,1,1,200054781
201000063434,2010-01-12,2010,janvier,mardi,19:40,75,75114,0,0,2,3,3,5,1,4,1,01,1,1,0,60,1,0,1,4,2,26,1,3,2,0,2,1,1,201000063434B01,7,22,1,200054781
201000063466,2010-03-03,2010,mars,mercredi,17:10,75,75114,0,0,2,5,6,1,1,4,2,02,1,1,0,115,1,0,1,4,1,29,5,3,2,0,1,1,1,201000063466A01,,,,200054781
201000063496,2010-04-12,2010,avril,lundi,18:30,75,75114,0,0,2,5,3,1,1,4,2,04,1,1,0,115,1,0,1,4,1,58,4,3,2,0,2,3,1,201000063496B01,7,16,1,200054781
201000063498,2010-04-13,2010,avril,mardi,19:00,75,75114,0,0,2,1,3,2,2,4,1,01,1,-1,0,46,2,0,1,4,2,27,2,3,2,0,2,7,1,201000063498B01,7,22,1,200054781
201000063523,2010-05-06,2010,mai,jeudi,19:20,75,75114,0,0,2,1,3,1,1,4,1,03,1,1,0,90,1,0,4,4,1,41,1,3,2,0,2,1,5,201000063523A01,7,9,1,200054781
201000063525,2010-05-11,2010,mai,mardi,09:00,75,75114,0,0,2,1,3,1,2,4,2,01,1,1,0,80,2,0,1,4,1,42,1,3,2,0,2,6,19,201000063525B01,32,1,1,200054781
201000063534,2010-05-23,2010,mai,dimanche,04:20,75,75114,0,0,2,4,3,5,1,4,3,05,1,1,0,150,1,0,1,4,2,24,0,3,2,0,2,4,19,201000063534A01,7,1,1,200054781
201000063539,2010-05-31,2010,mai,lundi,16:40,75,75114,0,0,2,3,6,1,1,4,1,02,1,1,0,150,1,0,1,4,1,49,0,3,2,0,2,3,15,201000063539A01,10,1,1,200054781
201000063544,2010-06-02,2010,juin,mercredi,20:15,75,75114,0,0,2,2,3,1,1,4,2,02,1,1,0,85,1,0,1,4,2,8,5,1,2,0,2,1,19,201000063544B01,7,1,1,200054781
201000063559,2010-06-24,2010,juin,jeudi,19:05,75,75114,0,0,2,2,1,1,1,4,2,02,1,1,0,150,1,0,1,4,1,49,1,1,2,0,2,1,1,201000063559B01,7,15,1,200054781
201000063563,2010-07-01,2010,juillet,jeudi,17:00,75,75114,0,0,2,5,6,1,1,4,1,01,1,1,0,30,1,0,1,4,1,41,1,3,2,12,2,0,18,201000063563A01,7,1,1,200054781
201000063569,2010-07-08,2010,juillet,jeudi,13:15,75,75114,0,0,2,1,6,1,1,4,2,02,1,1,0,24,1,0,5,4,2,39,0,3,2,0,1,4,1,201000063569A01,,,,200054781
201000063573,2010-07-12,2010,juillet,lundi,12:45,75,75114,0,0,2,1,2,1,8,4,2,00,1,1,0,72,2,0,1,4,1,41,4,3,2,0,2,4,2,201000063573B01,31,2,1,200054781
201000063581,2010-07-19,2010,juillet,lundi,17:30,75,75114,0,0,2,1,6,1,1,4,2,02,1,-1,0,130,1,0,1,1,1,21,0,3,2,0,1,3,1,201000063581A01,,,,200054781
201000063592,2010-08-01,2010,août,dimanche,02:25,75,75114,0,0,2,1,2,5,1,4,2,03,1,1,0,100,1,0,1,4,1,33,0,3,2,0,2,1,2,201000063592A01,7,23,1,200054781
201000063600,2010-08-05,2010,août,jeudi,19:37,75,75114,0,0,2,3,6,1,1,4,2,02,1,1,60,40,1,0,1,4,1,31,5,3,2,8,0,0,21,201000063600A01,,,,200054781
201000063608,2010-08-17,2010,août,mardi,00:05,75,75114,0,0,2,2,3,5,1,4,1,02,1,1,0,0,1,0,1,4,1,17,0,3,2,0,2,3,19,201000063608A01,7,1,1,200054781
201000063614,2010-08-31,2010,août,mardi,06:40,75,75114,0,0,2,5,3,2,1,4,2,01,1,1,0,106,1,0,1,4,1,59,1,3,2,0,2,0,1,201000063614B01,7,10,1,200054781
201000063615,2010-08-31,2010,août,mardi,08:05,75,75114,0,0,2,1,2,1,1,4,1,04,1,1,0,100,1,0,1,4,1,65,1,3,2,0,2,1,2,201000063615A01,7,2,1,200054781
201000063635,2010-09-17,2010,septembre,vendredi,12:40,75,75114,0,0,2,2,3,1,1,4,2,04,1,1,49,101,1,0,1,4,1,13,2,3,2,0,2,1,19,201000063635A01,7,1,1,200054781
201000063640,2010-09-22,2010,septembre,mercredi,19:35,75,75114,0,0,2,1,3,2,1,4,-1,00,2,1,0,0,1,0,4,4,1,11,5,3,2,0,2,1,1,201000063640B01,7,9,1,200054781
201000063645,2010-09-25,2010,septembre,samedi,12:19,75,75114,0,0,2,5,3,1,1,4,-1,02,1,-1,0,0,1,5,1,4,1,34,1,3,2,0,2,5,16,201000063645B01,7,1,1,200054781
201000063650,2010-09-28,2010,septembre,mardi,23:20,75,75114,0,0,2,2,3,5,1,4,1,02,1,1,0,66,1,0,1,4,2,21,0,3,2,0,0,8,1,201000063650B01,7,16,1,200054781
201000063653,2010-10-01,2010,octobre,vendredi,07:15,75,75114,0,0,2,1,4,2,1,4,2,02,1,1,50,50,1,0,1,4,1,30,1,3,2,0,2,2,17,201000063653A01,37 / 7,1 / 22,2,200054781
201000063657,2010-10-04,2010,octobre,lundi,11:20,75,75114,0,0,2,5,7,1,1,4,2,05,1,1,400,250,1,6,1,4,1,75,3,3,2,0,0,0,1,201000063657A01,,,,200054781
201000063662,2010-10-08,2010,octobre,vendredi,12:35,75,75114,0,0,2,1,2,1,1,4,1,01,1,1,0,40,1,0,1,4,1,39,5,3,2,1,0,1,1,201000063662A01,7,23,1,200054781
201000063666,2010-10-12,2010,octobre,mardi,19:40,75,75114,0,0,2,4,3,5,1,4,1,02,-1,-1,0,60,1,0,1,4,1,23,0,3,2,0,2,7,19,201000063666A01,7,16,1,200054781
201000063684,2010-11-16,2010,novembre,mardi,11:00,75,75114,0,0,2,3,3,1,1,4,1,01,1,1,0,67,1,0,1,4,1,36,2,3,2,1,0,7,1,201000063684B01,10,22,1,200054781
201000063690,2010-11-19,2010,novembre,vendredi,19:25,75,75114,0,0,2,3,1,5,2,4,2,00,-1,-1,0,80,2,0,1,4,1,46,5,3,2,0,2,1,1,201000063690B01,7,15,1,200054781
201000063703,2010-12-07,2010,décembre,mardi,10:40,75,75114,0,0,2,1,4,1,1,4,1,00,1,1,0,30,1,0,1,4,1,25,9,3,2,1,2,7,18,201000063703A01,10 / 7,1 / 22,2,200054781
201000063704,2010-12-07,2010,décembre,mardi,14:00,75,75114,0,0,2,1,3,1,4,4,3,01,-1,1,0,35,2,0,1,4,1,23,5,3,2,0,2,1,1,201000063704B01,7,9,1,200054781
201000063705,2010-12-07,2010,décembre,mardi,19:05,75,75114,0,0,2,2,3,5,2,4,2,04,1,1,0,110,2,0,1,4,2,43,1,1,2,0,2,3,15,201000063705B01,32,1,1,200054781
201000063712,2010-12-17,2010,décembre,vendredi,12:10,75,75114,0,0,2,1,3,1,1,4,2,03,1,1,0,0,1,0,1,4,2,65,5,3,2,0,2,3,1,201000063712B01,7,22,1,200054781
201000063721,2010-01-08,2010,janvier,vendredi,16:30,75,75115,0,0,2,1,3,2,8,4,1,02,2,1,80,54,2,0,1,4,1,32,4,3,2,0,2,1,1,201000063721A01,7,16,1,200054781
201000063749,2010-02-03,2010,février,mercredi,18:40,75,75115,0,0,2,2,6,5,1,4,1,01,-1,1,0,0,1,0,1,1,1,48,0,3,2,0,1,8,1,201000063749A01,,,,200054781
201000063768,2010-02-19,2010,février,vendredi,15:10,75,75115,0,0,2,1,3,1,1,4,2,02,1,1,0,0,1,0,1,4,2,21,0,3,2,0,2,8,13,201000063768B01,7,1,1,200054781
201000063797,2010-03-11,2010,mars,jeudi,10:35,75,75115,0,0,2,1,3,1,1,4,1,01,1,1,0,40,1,0,1,4,1,26,1,3,2,0,2,1,1,201000063797B01,7,22,1,200054781
201000063813,2010-03-23,2010,mars,mardi,19:40,75,75115,0,0,2,5,6,5,1,4,2,03,1,1,0,140,1,0,1,1,1,38,1,3,2,11,1,8,17,201000063813A01,,,,200054781
201000063817,2010-03-25,2010,mars,jeudi,20:00,75,75115,0,0,2,3,2,2,1,4,2,02,1,1,0,0,1,0,1,4,2,22,0,3,2,0,2,1,2,201000063817A01,7,23,1,200054781
201000063818,2010-03-26,2010,mars,vendredi,12:15,75,75115,0,0,2,5,3,1,2,4,3,02,2,1,100,60,2,5,1,4,2,58,1,3,2,0,2,1,7,201000063818B01,7,15,1,200054781
201000063822,2010-03-31,2010,mars,mercredi,11:10,75,75115,0,0,2,1,2,1,1,4,1,02,1,1,0,165,1,0,1,4,2,43,4,3,2,0,2,4,2,201000063822B01,7,2,1,200054781
201000063833,2010-04-08,2010,avril,jeudi,14:40,75,75115,0,0,2,1,2,1,1,4,1,02,1,1,0,0,1,0,1,1,2,51,9,3,2,0,2,4,2,201000063833B01,32,2,1,200054781
201000063839,2010-04-12,2010,avril,lundi,12:05,75,75115,0,0,2,2,3,1,1,4,2,02,2,1,0,80,1,0,1,4,1,34,1,3,2,0,2,1,1,201000063839B01,7,15,1,200054781
201000063857,2010-04-30,2010,avril,vendredi,02:35,75,75115,0,0,2,1,6,5,1,4,1,01,1,1,0,0,1,0,1,4,1,33,5,3,2,1,0,1,13,201000063857A01,,,,200054781
201000063858,2010-04-30,2010,avril,vendredi,22:45,75,75115,0,0,2,5,5,5,1,4,1,02,1,1,0,60,2,0,1,1,1,22,5,3,2,0,2,3,1,201000063858C01,7 / 34,2,2,200054781
201000063867,2010-05-05,2010,mai,mercredi,18:30,75,75115,0,0,2,1,6,1,1,4,2,02,1,1,0,60,1,0,1,4,2,32,1,3,2,1,1,1,1,201000063867A01,,,,200054781
201000063876,2010-05-10,2010,mai,lundi,18:05,75,75115,0,0,2,1,3,1,2,4,2,02,1,-1,0,56,1,0,5,4,1,27,0,3,2,0,2,8,1,201000063876B01,38,16,1,200054781
201000063893,2010-05-25,2010,mai,mardi,13:35,75,75115,0,0,2,1,3,1,1,4,1,02,1,1,0,90,1,0,1,4,1,59,1,3,2,0,2,1,1,201000063893B01,7,22,1,200054781
201000063906,2010-06-01,2010,juin,mardi,19:20,75,75115,0,0,2,1,3,1,2,4,1,01,1,-1,0,0,2,0,1,4,1,46,1,3,2,0,2,2,1,201000063906B01,7,22,1,200054781
201000063909,2010-06-02,2010,juin,mercredi,09:20,75,75115,0,0,2,1,7,1,1,4,3,04,1,1,0,0,2,0,5,4,1,46,1,3,2,0,0,0,12,201000063909A01,,,,200054781
201000063910,2010-06-02,2010,juin,mercredi,12:20,75,75115,0,0,2,5,3,1,1,4,2,06,1,1,0,0,1,5,0,4,2,27,4,3,2,0,2,2,15,201000063910A01,30,1,1,200054781
201000063911,2010-06-03,2010,juin,jeudi,09:00,75,75115,0,0,2,1,7,1,1,4,-1,00,1,1,0,0,1,0,1,4,1,62,1,3,2,0,0,8,21,201000063911A01,,,,200054781
201000063920,2010-06-07,2010,juin,lundi,17:30,75,75115,0,0,2,3,3,1,1,4,2,00,1,1,0,0,1,0,1,4,1,18,5,3,2,1,0,1,1,201000063920B01,7,22,1,200054781
201000063927,2010-06-10,2010,juin,jeudi,14:50,75,75115,0,0,2,2,6,1,8,4,2,02,1,1,0,150,1,2,1,4,1,18,5,2,2,0,0,0,1,201000063927B01,7,1,1,200054781
201000063939,2010-06-23,2010,juin,mercredi,08:00,75,75115,0,0,2,1,3,1,1,4,1,02,1,1,0,0,1,0,1,4,2,4,1,3,2,0,2,1,1,201000063939B01,7,16,1,200054781
201000063941,2010-06-24,2010,juin,jeudi,18:35,75,75115,0,0,2,2,2,1,1,4,2,02,1,1,0,60,1,0,1,4,1,17,5,3,2,0,2,1,1,201000063941B01,7,23,1,200054781
201000063949,2010-06-29,2010,juin,mardi,12:00,75,75115,0,0,2,1,6,1,1,4,2,00,1,1,0,0,1,0,1,4,1,52,0,3,2,0,1,1,21,201000063949A01,,,,200054781
201000063953,2010-07-02,2010,juillet,vendredi,09:30,75,75115,0,0,2,1,3,1,1,4,1,03,1,1,0,0,1,0,1,4,1,35,0,3,2,0,2,8,2,201000063953B01,32,2,1,200054781
201000063966,2010-07-13,2010,juillet,mardi,18:00,75,75115,0,0,2,2,3,1,1,4,1,01,1,1,0,0,1,0,1,4,2,32,5,3,2,0,2,7,1,201000063966A01,7,1,1,200054781
201000063974,2010-07-28,2010,juillet,mercredi,09:25,75,75115,0,0,2,2,3,1,1,4,2,04,1,1,0,0,1,0,1,4,2,35,1,3,2,0,2,7,1,201000063974B01,7,22,1,200054781
201000063982,2010-08-12,2010,août,jeudi,14:20,75,75115,0,0,2,1,3,1,1,4,2,02,1,1,0,0,1,0,1,4,1,29,0,3,2,0,2,1,2,201000063982B01,7,22,1,200054781
201000064006,2010-09-07,2010,septembre,mardi,17:05,75,75115,0,0,2,1,6,1,1,4,-1,01,1,1,0,91,1,0,5,1,1,32,5,3,2,0,1,1,1,201000064006A01,,,,200054781
201000064020,2010-09-17,2010,septembre,vendredi,18:00,75,75115,0,0,2,2,3,1,2,4,2,02,1,-1,0,30,2,0,0,1,1,11,0,3,2,0,0,3,19,201000064020B01,30,1,1,200054781
201000064031,2010-10-01,2010,octobre,vendredi,17:15,75,75115,0,0,2,1,2,1,2,4,2,02,1,1,0,0,2,0,1,4,1,22,9,3,2,0,2,1,2,201000064031A01,7,2,1,200054781
201000064037,2010-10-07,2010,octobre,jeudi,15:35,75,75115,0,0,2,1,3,1,1,4,2,04,1,1,0,80,1,0,1,4,1,49,5,3,2,0,2,8,19,201000064037B01,30,1,1,200054781
201000064039,2010-10-08,2010,octobre,vendredi,18:48,75,75115,0,0,2,1,6,5,1,4,2,02,1,-1,0,0,1,0,4,1,1,26,5,2,2,0,1,8,1,201000064039A01,,,,200054781
201000064041,2010-10-10,2010,octobre,dimanche,10:00,75,75115,0,0,2,1,3,1,1,4,1,01,1,1,58,14,1,0,5,4,2,43,5,3,2,0,2,6,12,201000064041B01,34,1,1,200054781
201000064047,2010-10-13,2010,octobre,mercredi,13:35,75,75115,0,0,2,1,3,1,1,4,2,00,1,1,0,0,1,0,1,4,2,36,0,3,2,0,2,8,15,201000064047B01,33,17,1,200054781
201000064062,2010-10-29,2010,octobre,vendredi,06:55,75,75115,0,0,2,1,7,5,1,4,1,02,4,1,0,150,1,1,1,4,1,34,5,2,2,0,0,1,1,201000064062A01,,,,200054781
201000064074,2010-11-05,2010,novembre,vendredi,19:15,75,75115,0,0,2,2,3,5,1,4,3,01,1,1,10,30,-1,0,1,4,1,24,0,3,2,0,2,3,1,201000064074B01,7,15,1,200054781
201000064087,2010-11-16,2010,novembre,mardi,08:35,75,75115,0,0,2,1,6,1,1,4,1,01,1,1,0,0,1,0,5,1,1,27,1,3,2,0,1,1,1,201000064087A01,,,,200054781
201000064098,2010-11-22,2010,novembre,lundi,17:55,75,75115,0,0,2,2,5,5,1,4,3,02,1,1,0,60,1,0,1,4,1,43,4,2,2,0,2,3,1,201000064098A01,7 / 10,15,2,200054781
201000064099,2010-11-22,2010,novembre,lundi,19:20,75,75115,0,0,2,2,3,5,1,4,2,01,1,1,0,46,1,0,1,4,2,52,5,3,2,0,0,3,16,201000064099B01,7,1,1,200054781
201000064122,2010-12-20,2010,décembre,lundi,10:45,75,75115,0,0,2,2,6,1,4,4,1,01,1,1,0,0,5,0,1,1,1,25,4,3,2,0,1,3,1,201000064122A01,,,,200054781
201000064123,2010-12-21,2010,décembre,mardi,11:08,75,75115,0,0,2,2,6,1,8,4,1,01,1,1,0,32,1,0,1,4,2,42,1,3,2,0,2,8,1,201000064123A01,10,17,1,200054781
201000064174,2010-02-05,2010,février,vendredi,13:15,75,75116,0,0,2,5,3,1,1,4,2,02,1,2,0,0,1,0,1,4,2,68,9,3,2,0,2,1,1,201000064174A01,7,16,1,200054781
201000064257,2010-04-06,2010,avril,mardi,19:30,75,75116,0,0,2,1,4,2,1,4,2,00,1,1,0,0,1,0,5,4,1,57,0,1,2,0,2,1,2,201000064257C01,1,2,2,200054781
201000064257,2010-04-06,2010,avril,mardi,19:30,75,75116,0,0,2,1,4,2,1,4,2,00,1,1,0,0,1,0,5,4,1,19,5,1,2,0,2,1,2,201000064257A01,1,2,2,200054781
201000064257,2010-04-06,2010,avril,mardi,19:30,75,75116,0,0,2,1,4,2,1,4,2,00,1,1,0,0,1,0,5,4,1,34,0,1,2,0,2,1,2,201000064257B01,1,2,2,200054781
201000064274,2010-04-16,2010,avril,vendredi,10:40,75,75116,0,0,2,1,3,1,1,4,1,03,1,1,0,90,1,0,5,4,2,66,0,3,2,0,2,1,1,201000064274B01,7,22,1,200054781
201000064281,2010-04-19,2010,avril,lundi,17:22,75,75116,0,0,2,1,3,1,1,4,2,02,1,1,0,100,1,0,1,4,1,35,0,3,2,0,2,1,1,201000064281B01,7,22,1,200054781
201000064289,2010-04-25,2010,avril,dimanche,12:20,75,75116,0,0,2,1,2,1,1,4,2,02,-1,-1,0,0,1,0,1,4,1,64,5,1,2,0,2,0,2,201000064289B01,1,2,1,200054781
201000064289,2010-04-25,2010,avril,dimanche,12:20,75,75116,0,0,2,1,2,1,1,4,2,02,-1,-1,0,0,1,0,1,4,1,63,5,1,2,0,2,0,2,201000064289A01,1,2,1,200054781
201000064310,2010-05-05,2010,mai,mercredi,17:30,75,75116,0,0,2,1,3,1,1,4,3,02,2,1,0,50,1,0,4,4,2,3,5,3,2,0,2,3,1,201000064310B01,7,9,1,200054781
201000064313,2010-05-09,2010,mai,dimanche,13:15,75,75116,0,0,2,4,2,1,1,4,1,00,1,1,0,0,1,0,1,4,1,50,5,1,2,0,2,5,2,201000064313A01,7,23,1,200054781
201000064314,2010-05-09,2010,mai,dimanche,14:50,75,75116,0,0,2,1,6,1,1,4,1,02,1,3,0,0,1,0,1,4,1,77,5,1,2,0,1,0,2,201000064314A01,,,,200054781
201000064343,2010-05-23,2010,mai,dimanche,11:45,75,75116,0,0,1,1,3,1,1,4,-1,02,1,-1,0,0,1,0,0,4,1,45,0,1,2,0,2,7,1,201000064343B01,7,16,1,200054781
201000064347,2010-05-23,2010,mai,dimanche,23:20,75,75116,0,0,2,5,3,5,1,4,2,02,1,-1,200,200,1,2,1,4,1,22,5,3,2,0,2,2,18,201000064347A01,38,16,1,200054781
201000064348,2010-05-24,2010,mai,lundi,17:10,75,75116,0,0,2,1,6,1,1,4,2,00,1,1,0,0,1,0,1,4,1,12,5,1,2,0,2,4,1,201000064348A01,7,1,1,200054781
201000064354,2010-05-27,2010,mai,jeudi,22:00,75,75116,0,0,2,1,3,5,2,4,3,02,1,1,250,100,2,0,1,4,2,27,2,3,2,0,2,1,1,201000064354B01,7,22,1,200054781
201000064363,2010-06-02,2010,juin,mercredi,07:15,75,75116,0,0,2,5,1,1,1,4,2,02,1,2,0,0,1,0,1,4,1,48,5,3,2,0,2,1,5,201000064363A01,7,16,1,200054781
201000064369,2010-06-03,2010,juin,jeudi,18:30,75,75116,0,0,2,5,3,1,1,4,1,00,-1,-1,0,0,1,5,1,4,1,64,5,1,2,0,2,2,1,201000064369A01,7,1,1,200054781
201000064374,2010-06-04,2010,juin,vendredi,17:50,75,75116,0,0,2,3,6,1,1,4,-1,02,-1,-1,0,0,1,0,1,1,1,60,5,3,2,0,1,3,1,201000064374A01,,,,200054781
201000064378,2010-06-05,2010,juin,samedi,20:20,75,75116,0,0,2,1,3,1,1,4,2,02,1,1,0,0,1,0,4,4,2,29,5,3,2,0,2,7,1,201000064378A01,7,9,1,200054781
201000064380,2010-06-06,2010,juin,dimanche,01:40,75,75116,0,0,2,2,3,5,1,4,2,02,2,1,0,0,1,0,1,4,2,42,9,3,2,0,2,0,19,201000064380A01,7,1,1,200054781
201000064405,2010-06-21,2010,juin,lundi,16:30,75,75116,0,0,2,1,7,1,1,4,-1,01,2,1,0,0,1,0,5,4,1,33,5,2,2,0,0,1,1,201000064405A01,,,,200054781
201000064405,2010-06-21,2010,juin,lundi,16:30,75,75116,0,0,2,1,7,1,1,4,-1,01,2,1,0,0,1,0,5,4,1,7,5,2,2,0,0,1,1,201000064405A01,,,,200054781
201000064409,2010-06-22,2010,juin,mardi,08:25,75,75116,0,0,2,2,3,1,1,4,1,01,1,1,0,25,1,0,1,4,1,41,4,3,2,0,2,1,1,201000064409B01,7,1,1,200054781
201000064429,2010-07-01,2010,juillet,jeudi,11:15,75,75116,0,0,2,1,3,1,1,4,-1,00,2,1,0,0,1,0,1,4,1,43,4,1,2,0,2,1,1,201000064429B01,7,22,1,200054781
201000064451,2010-07-13,2010,juillet,mardi,18:40,75,75116,0,0,2,5,3,1,1,4,1,00,1,1,0,0,1,0,0,4,1,68,5,3,2,0,2,1,1,201000064451B01,7,22,1,200054781
201000064452,2010-07-13,2010,juillet,mardi,16:30,75,75116,0,0,2,1,2,1,1,4,1,01,1,-1,0,0,1,0,1,4,1,58,5,3,2,0,2,6,2,201000064452B01,7,2,1,200054781
201000064484,2010-08-07,2010,août,samedi,11:10,75,75116,0,0,2,3,3,1,1,4,-1,00,1,1,0,0,1,0,1,4,1,64,5,1,2,0,2,4,1,201000064484B01,7,15,1,200054781
201000064485,2010-08-08,2010,août,dimanche,15:00,75,75116,0,0,2,1,3,1,1,4,2,02,1,1,0,0,1,0,1,4,2,46,5,3,2,0,2,2,1,201000064485A01,7,22,1,200054781
201000064490,2010-08-18,2010,août,mercredi,08:15,75,75116,0,0,2,2,7,1,2,4,-1,01,1,1,0,0,2,0,1,4,1,46,1,3,2,0,0,0,1,201000064490A01,,,,200054781
201000064499,2010-08-30,2010,août,lundi,15:35,75,75116,0,0,2,1,7,1,1,4,2,02,1,1,0,150,1,0,5,4,1,72,5,3,2,0,0,0,1,201000064499A01,,,,200054781
201000064501,2010-09-01,2010,septembre,mercredi,17:45,75,75116,0,0,2,1,6,1,1,4,-1,01,1,1,0,0,1,0,1,4,1,61,5,3,2,0,5,1,1,201000064501A01,,,,200054781
201000064512,2010-09-08,2010,septembre,mercredi,04:35,75,75116,0,0,2,1,6,5,3,4,2,00,1,1,0,200,2,0,1,4,1,33,0,3,2,0,2,0,1,201000064512B01,7,14,1,200054781
201000064587,2010-10-17,2010,octobre,dimanche,11:50,75,75116,0,0,2,1,6,1,1,4,1,03,1,1,0,0,1,0,1,1,1,45,5,3,2,0,1,1,1,201000064587A01,,,,200054781
201000064588,2010-10-19,2010,octobre,mardi,09:50,75,75116,0,0,2,5,7,1,2,4,2,00,2,1,0,0,9,0,1,4,1,39,0,1,2,0,0,0,1,201000064588A01,,,,200054781
201000064593,2010-10-21,2010,octobre,jeudi,20:50,75,75116,0,0,2,2,3,5,1,4,1,02,4,1,0,75,1,0,1,1,1,26,5,3,2,0,2,7,1,201000064593B01,30,1,1,200054781
201000064599,2010-10-25,2010,octobre,lundi,19:40,75,75116,0,0,2,2,6,5,1,4,1,01,1,2,0,0,1,0,1,4,1,28,4,3,2,1,0,2,15,201000064599A01,,,,200054781
201000064603,2010-10-29,2010,octobre,vendredi,13:45,75,75116,0,0,2,1,3,1,1,4,2,01,1,1,0,0,1,0,0,4,2,80,0,3,2,0,0,3,11,201000064603B01,7,1,1,200054781
201000064616,2010-11-05,2010,novembre,vendredi,18:00,75,75116,0,0,2,1,3,5,1,4,1,01,1,3,0,0,1,0,1,4,1,52,5,3,2,0,2,3,13,201000064616A01,7,1,1,200054781
201000064621,2010-11-07,2010,novembre,dimanche,11:30,75,75116,0,0,2,1,7,1,3,4,3,02,1,1,0,100,2,0,1,4,1,85,3,2,2,0,0,0,1,201000064621A01,,,,200054781
201000064656,2010-11-20,2010,novembre,samedi,10:10,75,75116,0,0,2,2,7,1,1,4,1,02,1,3,0,0,1,0,5,4,1,31,5,1,2,0,0,0,21,201000064656A01,,,,200054781
201000064694,2010-12-16,2010,décembre,jeudi,23:50,75,75116,0,0,2,1,6,5,2,4,2,02,1,1,0,0,2,2,1,4,1,18,5,3,2,0,2,4,2,201000064694A01,7,2,1,200054781
201000064694,2010-12-16,2010,décembre,jeudi,23:50,75,75116,0,0,2,1,6,5,2,4,2,02,1,1,0,0,2,2,1,4,1,18,5,3,2,0,2,4,2,201000064694A01,7,2,1,200054781
201000064718,2010-01-06,2010,janvier,mercredi,10:45,75,75117,0,0,2,5,2,1,4,4,2,01,1,1,0,0,5,0,1,4,2,56,5,3,2,0,2,1,1,201000064718B01,7,4,1,200054781
201000064746,2010-02-02,2010,février,mardi,19:35,75,75117,0,0,2,2,6,5,1,4,1,01,1,2,0,40,2,0,1,4,1,52,1,3,2,0,2,7,19,201000064746A01,7,16,1,200054781
201000064801,2010-03-18,2010,mars,jeudi,09:20,75,75117,0,0,2,3,3,1,1,4,2,04,1,1,0,0,-1,0,5,4,1,35,4,1,2,0,2,7,7,201000064801B01,10,15,1,200054781
201000064826,2010-04-15,2010,avril,jeudi,06:25,75,75117,0,0,2,4,6,3,1,4,1,03,1,1,0,0,1,0,1,3,1,45,1,1,2,0,2,2,1,201000064826A01,7,1,1,200054781
201000064829,2010-04-16,2010,avril,vendredi,17:40,75,75117,0,0,2,5,3,1,1,4,2,02,1,1,0,0,1,0,0,4,1,50,1,3,2,0,2,8,1,201000064829B01,33,15,1,200054781
201000064834,2010-04-19,2010,avril,lundi,18:15,75,75117,0,0,2,4,6,1,1,4,1,01,1,1,0,0,-1,0,1,1,1,35,1,1,2,0,1,1,1,201000064834A01,,,,200054781
201000064859,2010-05-18,2010,mai,mardi,19:40,75,75117,0,0,2,1,3,1,1,4,1,02,1,1,0,0,1,0,1,4,1,41,1,3,2,0,2,4,13,201000064859B01,7,1,1,200054781