Num_Acc,date,an,mois,jour,hrmn,dep,com,lat,long,agg,int,col,lum,atm,catr,circ,nbv,prof,plan,lartpc,larrout,surf,infra,situ,grav,sexe,age,trajet,secuexist,equipement,obs,obsm,choc,manv,vehiculeid,typevehicules,manoeuvehicules,numVehicules,_infos_commune.code_epci
201000064868,2010-05-26,2010,mai,mercredi,15:24,75,75117,0,0,2,1,3,1,2,4,1,01,1,1,0,0,2,0,1,4,1,48,5,3,2,0,0,1,1,201000064868B01,7,22,1,200054781
201000064875,2010-06-03,2010,juin,jeudi,16:55,75,75117,0,0,2,1,3,1,1,4,1,01,1,1,0,60,1,0,1,4,1,33,4,1,2,0,2,1,1,201000064875B01,7,22,1,200054781
201000064881,2010-06-08,2010,juin,mardi,20:20,75,75117,0,0,2,2,3,1,1,4,2,00,1,1,0,0,1,0,1,4,1,25,0,2,2,0,2,1,1,201000064881A01,32,1,1,200054781
201000064882,2010-06-09,2010,juin,mercredi,07:50,75,75117,0,0,2,2,6,1,2,4,2,02,2,1,0,0,2,0,5,1,1,23,1,3,2,0,1,3,1,201000064882A01,,,,200054781
201000064886,2010-06-14,2010,juin,lundi,09:25,75,75117,0,0,2,1,2,1,1,4,-1,02,1,1,0,0,1,0,1,4,1,28,0,3,2,0,2,4,1,201000064886B01,7,1,1,200054781
201000064888,2010-06-16,2010,juin,mercredi,09:00,75,75117,0,0,2,1,3,1,1,4,2,02,1,-1,0,0,1,0,1,4,1,35,5,1,2,0,2,1,7,201000064888A01,7,16,1,200054781
201000064896,2010-06-18,2010,juin,vendredi,21:40,75,75117,0,0,2,2,3,1,1,4,1,01,1,1,0,0,1,0,1,4,1,12,5,2,2,0,2,1,19,201000064896A01,7,1,1,200054781
201000064914,2010-07-02,2010,juillet,vendredi,14:00,75,75117,0,0,2,1,3,1,1,4,2,02,1,1,0,0,2,0,1,4,1,31,1,3,2,0,2,1,1,201000064914B01,7,22,1,200054781
201000064929,2010-07-15,2010,juillet,jeudi,18:00,75,75117,0,0,2,5,6,1,1,4,1,02,1,1,0,100,1,0,5,1,1,32,1,3,2,0,1,1,1,201000064929A01,,,,200054781
201000064949,2010-08-10,2010,août,mardi,13:20,75,75117,0,0,2,1,6,1,1,4,2,03,1,1,0,0,1,0,5,4,2,20,5,3,2,0,2,7,12,201000064949A01,7,7,1,200054781
201000064967,2010-09-06,2010,septembre,lundi,18:00,75,75117,0,0,2,1,3,1,1,4,2,02,1,1,0,0,1,0,1,4,1,32,1,3,2,0,2,3,1,201000064967B01,7,15,1,200054781
201000064972,2010-09-10,2010,septembre,vendredi,16:02,75,75117,0,0,2,1,6,1,1,4,2,00,1,1,0,0,1,0,1,1,1,17,2,3,2,0,1,1,1,201000064972A01,,,,200054781
201000064974,2010-09-11,2010,septembre,samedi,00:55,75,75117,0,0,2,1,3,5,1,4,2,03,2,-1,0,0,1,0,1,3,2,33,0,3,2,12,2,0,1,201000064974B01,37,17,1,200054781
201000064977,2010-09-13,2010,septembre,lundi,11:40,75,75117,0,0,2,2,3,1,1,4,2,02,1,1,0,0,1,0,1,4,2,58,5,3,2,0,2,1,15,201000064977B01,7,1,1,200054781
201000064999,2010-09-23,2010,septembre,jeudi,20:50,75,75117,0,0,2,2,3,5,1,4,-1,00,1,-1,0,0,1,0,1,3,2,32,1,3,2,0,2,1,7,201000064999B01,7,16,1,200054781
201000065042,2010-10-17,2010,octobre,dimanche,00:10,75,75117,0,0,2,1,3,5,1,4,2,02,1,1,0,0,1,0,1,4,2,29,5,1,2,0,2,8,1,201000065042B01,30,17,1,200054781
201000065044,2010-10-19,2010,octobre,mardi,22:40,75,75117,0,0,2,1,3,5,1,4,2,02,1,1,0,0,1,0,1,4,1,46,5,3,2,0,2,1,7,201000065044B01,10,22,1,200054781
201000065057,2010-10-28,2010,octobre,jeudi,13:05,75,75117,0,0,2,5,6,1,1,4,2,04,2,1,0,0,1,0,1,4,1,39,1,3,2,0,2,4,1,201000065057A01,7,1,1,200054781
201000065094,2010-11-26,2010,novembre,vendredi,17:20,75,75117,0,0,2,1,3,5,2,4,1,01,1,1,0,0,2,0,1,4,1,19,1,3,2,0,2,8,13,201000065094B01,31,17,1,200054781
201000065143,2010-01-20,2010,janvier,mercredi,12:15,75,75118,0,0,2,1,6,1,2,4,2,04,1,1,0,0,2,0,1,4,2,25,0,3,2,0,2,4,7,201000065143A01,7,17,1,200054781
201000065192,2010-03-20,2010,mars,samedi,14:40,75,75118,0,0,2,4,6,1,1,4,2,03,1,1,0,150,1,0,1,4,1,35,5,3,2,0,2,8,7,201000065192A01,7,15,1,200054781
201000065195,2010-03-23,2010,mars,mardi,19:00,75,75118,0,0,2,1,6,1,1,4,1,01,2,1,100,130,1,0,1,4,2,28,5,3,2,1,0,4,13,201000065195A01,,,,200054781
201000065204,2010-04-02,2010,avril,vendredi,02:50,75,75118,0,0,2,1,6,5,1,4,2,02,1,1,120,120,1,0,1,4,2,30,0,1,2,0,2,4,1,201000065204A01,7,14,1,200054781
201000065238,2010-04-30,2010,avril,vendredi,01:00,75,75118,0,0,2,1,1,5,1,4,2,04,1,-1,0,0,1,0,1,4,1,25,0,2,2,0,2,3,13,201000065238A01,10,1,1,200054781
201000065266,2010-05-26,2010,mai,mercredi,14:45,75,75118,0,0,2,1,6,1,8,4,2,03,1,1,0,50,1,0,1,4,1,47,3,3,2,0,2,0,1,201000065266B01,30,1,1,200054781
201000065268,2010-05-27,2010,mai,jeudi,08:45,75,75118,0,0,2,5,3,1,8,4,1,02,2,1,0,150,1,0,1,4,1,36,1,3,2,0,2,3,1,201000065268B01,10,15,1,200054781
201000065273,2010-05-29,2010,mai,samedi,09:20,75,75118,0,0,2,5,6,1,1,4,1,01,1,1,0,50,1,0,1,4,1,54,0,3,2,0,2,3,1,201000065273A01,7,1,1,200054781
201000065322,2010-07-07,2010,juillet,mercredi,20:40,75,75118,0,0,2,2,3,1,1,4,1,02,1,1,0,40,1,0,1,4,2,30,1,3,2,0,2,5,1,201000065322B01,7,1,1,200054781
201000065340,2010-07-20,2010,juillet,mardi,15:15,75,75118,0,0,2,2,2,1,1,4,2,02,1,1,0,40,1,0,1,1,1,20,0,3,2,0,2,4,23,201000065340B01,2,2,1,200054781
201000065351,2010-07-29,2010,juillet,jeudi,12:15,75,75118,0,0,2,5,6,1,1,4,2,02,2,1,0,0,1,0,1,1,1,28,5,3,2,0,1,1,1,201000065351A01,,,,200054781
201000065354,2010-08-03,2010,août,mardi,13:35,75,75118,0,0,2,1,4,1,1,4,2,03,1,1,0,90,1,0,1,4,1,32,0,3,2,0,2,1,17,201000065354C01,10 / 7,22 / 1,2,200054781
201000065357,2010-08-06,2010,août,vendredi,18:20,75,75118,0,0,2,1,3,1,1,4,3,02,1,1,0,60,1,0,4,4,1,20,5,3,2,0,2,8,7,201000065357B01,10,17,1,200054781
201000065363,2010-08-17,2010,août,mardi,14:20,75,75118,0,0,2,3,3,1,1,4,2,02,1,2,170,80,1,0,4,4,1,32,1,3,2,0,2,3,19,201000065363B01,10,15,1,200054781
201000065370,2010-08-24,2010,août,mardi,17:50,75,75118,0,0,2,5,3,1,1,4,1,01,1,1,0,60,1,0,1,4,1,62,0,3,2,0,2,8,1,201000065370B01,7,4,1,200054781
201000065376,2010-09-01,2010,septembre,mercredi,09:40,75,75118,0,0,2,1,3,1,1,4,1,00,2,1,0,35,1,0,1,4,1,39,1,1,2,0,2,1,1,201000065376B01,10,22,1,200054781
201000065406,2010-09-24,2010,septembre,vendredi,17:25,75,75118,0,0,2,2,3,1,2,4,1,02,1,1,0,60,2,0,1,4,2,20,2,3,2,0,2,7,1,201000065406A01,7,1,1,200054781
201000065417,2010-10-05,2010,octobre,mardi,10:50,75,75118,0,0,2,3,3,1,2,4,1,02,1,1,5,60,2,0,1,4,1,39,0,3,2,0,2,0,16,201000065417B01,14,16,1,200054781
201000065430,2010-10-21,2010,octobre,jeudi,20:15,75,75118,0,0,2,5,3,5,1,4,3,05,1,1,30,150,1,0,1,4,1,73,5,3,2,0,2,8,15,201000065430A01,34,1,1,200054781
201000065447,2010-11-08,2010,novembre,lundi,19:40,75,75118,0,0,2,1,7,2,2,4,1,01,1,1,0,30,2,6,1,3,2,60,5,3,2,0,0,0,1,201000065447A01,,,,200054781
201000065467,2010-11-29,2010,novembre,lundi,06:20,75,75118,0,0,2,2,3,5,4,4,1,01,1,1,0,45,2,0,1,4,1,38,5,3,2,0,2,1,1,201000065467A01,10,1,1,200054781
201000065486,2010-12-21,2010,décembre,mardi,18:45,75,75118,0,0,2,1,3,5,1,4,2,04,1,1,0,100,1,0,1,4,1,31,1,3,2,0,2,8,7,201000065486B01,7,10,1,200054781
201000065508,2010-01-23,2010,janvier,samedi,01:15,75,75119,0,0,2,1,6,5,1,4,2,02,2,1,0,60,1,0,3,4,1,43,5,3,2,1,0,1,13,201000065508A01,,,,200054781
201000065522,2010-02-17,2010,février,mercredi,22:40,75,75119,0,0,2,1,3,5,8,4,1,02,1,1,0,40,2,0,1,3,2,34,1,3,2,0,2,1,1,201000065522B01,37,12,1,200054781
201000065545,2010-03-27,2010,mars,samedi,18:00,75,75119,0,0,2,2,3,1,1,4,1,01,1,1,0,30,1,0,1,4,1,23,0,3,2,0,2,3,1,201000065545B01,7,15,1,200054781
201000065549,2010-04-06,2010,avril,mardi,14:20,75,75119,0,0,2,1,7,1,1,4,2,02,1,1,0,130,1,0,1,3,1,47,5,3,2,0,0,0,1,201000065549A01,,,,200054781
201000065559,2010-04-12,2010,avril,lundi,22:10,75,75119,0,0,2,5,3,5,1,4,2,02,1,1,0,0,1,0,1,4,2,26,5,3,2,0,2,3,15,201000065559A01,7,1,1,200054781
201000065565,2010-04-15,2010,avril,jeudi,07:25,75,75119,0,0,2,1,3,1,1,4,1,01,2,1,0,40,1,0,1,4,1,43,1,3,2,0,2,1,17,201000065565B01,10,22,1,200054781
201000065594,2010-05-06,2010,mai,jeudi,08:00,75,75119,0,0,2,1,6,1,1,4,1,01,3,1,0,90,-1,0,1,1,1,48,1,3,2,0,1,2,5,201000065594A01,,,,200054781
201000065599,2010-05-09,2010,mai,dimanche,10:30,75,75119,0,0,2,3,3,1,1,4,1,01,1,1,0,0,1,0,1,4,2,29,0,3,2,0,2,1,17,201000065599B01,7,15,1,200054781
201000065650,2010-06-27,2010,juin,dimanche,18:30,75,75119,0,0,2,1,1,1,1,4,2,03,4,3,64,32,1,0,1,4,1,15,5,3,2,0,2,1,13,201000065650A01,7,1,1,200054781
201000065656,2010-07-02,2010,juillet,vendredi,09:07,75,75119,0,0,2,1,3,1,1,4,2,02,1,1,120,73,1,0,1,4,2,30,0,3,2,0,2,1,1,201000065656B01,3,22,1,200054781
201000065665,2010-07-07,2010,juillet,mercredi,21:40,75,75119,0,0,2,1,3,2,1,4,1,02,1,-1,0,70,1,0,1,4,1,61,5,3,2,0,2,1,1,201000065665B01,7,22,1,200054781
201000065668,2010-07-10,2010,juillet,samedi,06:45,75,75119,0,0,2,3,6,1,1,4,1,02,1,1,0,0,1,0,1,3,1,31,0,3,2,0,2,1,16,201000065668A01,7,7,1,200054781
201000065676,2010-07-18,2010,juillet,dimanche,13:45,75,75119,0,0,2,1,2,1,1,4,4,01,1,-1,0,0,1,0,1,4,1,31,5,3,2,0,2,8,11,201000065676B01,7,17,1,200054781
201000065680,2010-07-22,2010,juillet,jeudi,22:25,75,75119,0,0,2,3,6,5,1,4,1,01,1,1,0,30,1,0,1,4,2,28,5,3,2,0,2,1,5,201000065680A01,7,15,1,200054781
201000065680,2010-07-22,2010,juillet,jeudi,22:25,75,75119,0,0,2,3,6,5,1,4,1,01,1,1,0,30,1,0,1,4,2,23,5,3,2,0,2,1,5,201000065680A01,7,15,1,200054781
201000065744,2010-10-18,2010,octobre,lundi,14:30,75,75119,0,0,2,1,6,1,1,4,1,01,1,-1,0,0,1,0,5,4,2,62,3,3,2,0,1,1,1,201000065744A01,,,,200054781
201000065745,2010-10-20,2010,octobre,mercredi,09:30,75,75119,0,0,2,4,3,1,1,4,2,02,2,1,0,0,1,0,5,4,1,34,0,3,2,0,2,1,18,201000065745B01,7,16,1,200054781
201000065747,2010-10-21,2010,octobre,jeudi,00:01,75,75119,0,0,2,2,3,5,1,4,2,02,1,1,0,80,1,0,1,4,1,38,0,3,2,0,2,0,1,201000065747A01,7,1,1,200054781
201000065810,2010-12-11,2010,décembre,samedi,23:05,75,75119,0,0,2,3,6,5,1,4,2,02,1,1,0,0,1,0,1,4,1,42,1,3,2,0,2,7,19,201000065810A01,7,15,1,200054781
201000065821,2010-08-20,2010,août,vendredi,22:50,75,75119,0,0,2,4,3,3,1,4,3,01,2,1,20,100,1,0,1,4,1,55,0,3,2,0,2,1,1,201000065821B01,7,15,1,200054781
201000065868,2010-03-04,2010,mars,jeudi,16:40,75,75120,0,0,2,2,6,1,1,4,1,02,3,1,0,250,1,0,1,4,1,72,0,3,2,0,2,8,19,201000065868A01,10,1,1,200054781
201000065873,2010-03-07,2010,mars,dimanche,19:40,75,75120,0,0,2,1,7,5,1,4,1,01,2,2,0,40,1,0,1,4,1,31,5,3,2,0,0,1,1,201000065873A01,,,,200054781
201000065875,2010-03-12,2010,mars,vendredi,08:30,75,75120,0,0,2,1,6,1,1,4,1,01,2,1,6,78,1,0,1,4,2,47,0,1,2,0,1,1,1,201000065875A01,,,,200054781
201000065893,2010-03-27,2010,mars,samedi,16:40,75,75120,0,0,2,5,7,1,1,4,1,01,2,2,10,100,1,0,1,4,1,38,5,3,2,0,0,0,1,201000065893A01,,,,200054781
201000065909,2010-04-12,2010,avril,lundi,08:35,75,75120,0,0,2,1,6,1,1,4,1,01,1,1,0,0,1,0,1,4,2,22,4,1,2,0,1,1,1,201000065909A01,,,,200054781
201000065926,2010-04-29,2010,avril,jeudi,09:50,75,75120,0,0,2,1,6,1,1,4,1,02,1,-1,0,89,1,6,4,4,1,15,5,3,2,15,0,0,13,201000065926A01,,,,200054781
201000065931,2010-05-05,2010,mai,mercredi,15:25,75,75120,0,0,2,2,6,1,1,4,1,02,2,1,0,100,-1,0,1,4,1,10,5,3,2,0,2,6,19,201000065931A01,7,1,1,200054781
201000065940,2010-05-15,2010,mai,samedi,16:45,75,75120,0,0,2,1,7,1,1,4,2,02,2,1,0,80,1,0,1,4,1,34,0,3,2,0,0,0,1,201000065940A01,,,,200054781
201000065957,2010-06-07,2010,juin,lundi,16:05,75,75119,0,0,2,1,3,1,1,4,2,04,1,1,0,100,1,0,1,4,1,55,5,2,2,0,2,1,9,201000065957A01,7,1,1,200054781
201000065961,2010-06-08,2010,juin,mardi,09:00,75,75120,0,0,2,2,3,1,1,4,2,01,1,1,0,70,1,0,1,3,2,30,0,2,2,0,0,1,13,201000065961B01,10,17,1,200054781
201000065970,2010-06-13,2010,juin,dimanche,12:10,75,75120,0,0,2,1,3,1,1,4,2,02,2,1,0,80,1,0,1,4,1,65,0,2,2,0,0,7,17,201000065970B01,7,15,1,200054781
201000065976,2010-06-18,2010,juin,vendredi,19:40,75,75120,0,0,2,1,7,1,1,4,2,00,1,1,0,0,1,0,5,4,1,16,5,3,2,0,0,0,1,201000065976A01,,,,200054781
201000065983,2010-06-22,2010,juin,mardi,09:25,75,75120,0,0,2,1,6,1,1,4,2,02,2,1,0,60,1,6,1,1,2,33,5,1,2,0,1,8,1,201000065983A01,,,,200054781
201000065990,2010-06-26,2010,juin,samedi,18:20,75,75120,0,0,2,2,6,1,1,4,2,02,2,1,0,0,1,0,5,4,1,40,5,1,2,0,2,1,1,201000065990A01,2,5,1,200054781
201000066013,2010-07-28,2010,juillet,mercredi,18:40,75,75120,0,0,2,1,7,1,1,4,1,01,1,1,0,72,1,0,1,4,2,27,9,3,2,0,0,0,1,201000066013A01,,,,200054781
201000066018,2010-08-13,2010,août,vendredi,00:02,75,75120,0,0,2,1,6,5,1,4,1,01,1,3,0,0,1,0,5,4,1,71,0,3,2,14,0,1,13,201000066018A01,,,,200054781
201000066030,2010-08-30,2010,août,lundi,09:10,75,75120,0,0,2,2,6,1,1,4,2,02,1,-1,0,50,1,0,1,4,1,25,1,3,2,0,1,1,1,201000066030A01,,,,200054781
201000066034,2010-09-01,2010,septembre,mercredi,11:00,75,75120,0,0,2,4,6,1,1,4,2,02,2,1,0,0,1,0,1,1,1,76,5,1,2,0,0,7,1,201000066034A01,,,,200054781
201000066035,2010-09-01,2010,septembre,mercredi,18:50,75,75120,0,0,2,2,3,1,1,4,1,01,2,1,0,0,1,0,1,4,1,50,0,3,2,0,2,1,1,201000066035B01,7,15,1,200054781
201000066036,2010-09-01,2010,septembre,mercredi,23:20,75,75120,0,0,2,2,3,5,1,4,1,01,1,1,0,30,1,0,1,4,1,32,5,3,2,0,2,8,1,201000066036B01,32,1,1,200054781
201000066050,2010-09-14,2010,septembre,mardi,12:10,75,75120,0,0,2,2,3,1,1,4,1,01,1,1,0,70,1,0,1,4,1,36,9,1,2,0,2,6,1,201000066050B01,10,15,1,200054781
201000066056,2010-09-21,2010,septembre,mardi,13:55,75,75120,0,0,2,1,6,1,1,4,1,01,1,1,0,25,1,0,1,4,1,62,5,2,2,0,1,0,1,201000066056A01,,,,200054781
201000066147,2010-12-14,2010,décembre,mardi,08:06,75,75120,0,0,2,5,3,2,8,4,1,01,1,1,80,80,2,5,1,4,2,60,1,3,2,0,2,3,1,201000066147B01,7,14,1,200054781
201000066149,2010-12-15,2010,décembre,mercredi,17:30,75,75120,0,0,2,5,3,5,1,4,2,02,1,1,20,40,1,0,1,4,1,38,0,3,2,0,2,3,1,201000066149B01,7,16,1,200054781
201000066189,2010-02-04,2010,février,jeudi,12:00,75,75110,0,0,2,1,3,1,1,4,1,02,1,1,0,0,-1,0,1,4,1,28,4,1,2,0,2,2,23,201000066189B01,7,4,1,200054781
201000066196,2010-02-08,2010,février,lundi,15:00,75,75115,0,0,2,5,3,1,8,4,2,04,1,1,70,100,2,0,5,3,1,16,0,3,2,0,2,1,1,201000066196B01,10,1,1,200054781
201000066217,2010-03-03,2010,mars,mercredi,14:30,75,75118,0,0,2,1,3,1,1,4,1,02,2,2,0,53,1,0,1,4,1,35,4,1,2,0,2,1,1,201000066217B01,7,22,1,200054781
201000066248,2010-03-21,2010,mars,dimanche,11:19,75,75112,0,0,1,1,6,1,1,4,1,01,1,1,0,0,1,0,1,1,1,41,5,1,2,0,1,3,1,201000066248A01,,,,200054781
201000066276,2010-04-19,2010,avril,lundi,09:20,75,75116,0,0,2,1,6,1,1,4,2,04,1,1,0,120,1,0,1,4,2,46,1,3,2,0,2,7,14,201000066276B01,33,18,1,200054781
201000066312,2010-05-19,2010,mai,mercredi,19:24,75,75110,0,0,2,3,6,1,1,4,2,04,2,1,0,172,1,5,1,3,1,45,0,3,2,0,0,8,21,201000066312A01,,,,200054781
201000066315,2010-05-22,2010,mai,samedi,07:30,75,75105,0,0,2,2,6,1,1,4,2,02,2,1,0,0,1,5,1,4,2,25,1,3,2,12,0,5,15,201000066315A01,,,,200054781
201000066321,2010-05-23,2010,mai,dimanche,17:30,75,75117,0,0,2,5,3,1,1,4,1,05,1,-1,0,215,1,0,1,4,1,63,5,3,2,0,2,1,1,201000066321B01,38,16,1,200054781
201000066325,2010-05-24,2010,mai,lundi,19:55,75,75114,0,0,2,1,6,1,1,4,2,02,1,-1,0,55,1,0,5,3,1,53,5,2,2,12,0,1,12,201000066325A01,,,,200054781
201000066340,2010-06-05,2010,juin,samedi,11:15,75,75112,0,0,2,1,6,1,1,4,1,02,1,1,0,100,1,0,5,4,1,45,5,2,2,12,2,7,2,201000066340A01,1,2,5,200054781
201000066340,2010-06-05,2010,juin,samedi,11:15,75,75112,0,0,2,1,6,1,1,4,1,02,1,1,0,100,1,0,5,4,1,50,5,1,2,0,2,0,2,201000066340B01,1,2,5,200054781
201000066340,2010-06-05,2010,juin,samedi,11:15,75,75112,0,0,2,1,6,1,1,4,1,02,1,1,0,100,1,0,5,4,1,38,5,1,2,0,2,8,2,201000066340E01,1,2,5,200054781
201000066340,2010-06-05,2010,juin,samedi,11:15,75,75112,0,0,2,1,6,1,1,4,1,02,1,1,0,100,1,0,5,4,1,50,5,2,2,0,2,1,2,201000066340D01,1,2,5,200054781
201000066340,2010-06-05,2010,juin,samedi,11:15,75,75112,0,0,2,1,6,1,1,4,1,02,1,1,0,100,1,0,5,4,1,40,5,1,2,0,2,0,2,201000066340C01,1,2,5,200054781
201000066340,2010-06-05,2010,juin,samedi,11:15,75,75112,0,0,2,1,6,1,1,4,1,02,1,1,0,100,1,0,5,4,1,33,5,3,2,0,2,8,2,201000066340F01,1,2,5,200054781
201000066370,2010-06-27,2010,juin,dimanche,16:25,75,75101,0,0,2,1,7,1,1,4,1,02,1,1,0,0,1,1,1,4,2,35,5,3,2,0,0,0,1,201000066370A01,,,,200054781
201000066374,2010-06-29,2010,juin,mardi,09:00,75,75111,0,0,2,1,3,1,1,4,2,02,2,1,0,0,1,0,1,4,2,29,1,3,2,1,0,1,1,201000066374B01,7,22,1,200054781
201000066411,2010-07-29,2010,juillet,jeudi,00:43,75,75110,0,0,2,2,3,5,1,4,1,01,1,1,0,63,1,0,1,4,1,32,5,3,2,0,2,1,5,201000066411B01,7,1,1,200054781
201000066417,2010-08-03,2010,août,mardi,10:02,75,75101,0,0,2,2,6,1,1,4,2,03,1,1,0,90,1,0,1,3,1,27,1,3,2,0,2,2,15,201000066417A01,34,1,1,200054781
201000066479,2010-09-22,2010,septembre,mercredi,00:50,75,75117,0,0,2,2,6,5,1,4,2,04,1,1,0,0,1,5,1,4,1,32,0,3,2,0,2,2,5,201000066479A01,10,1,1,200054781
201000066504,2010-10-11,2010,octobre,lundi,09:25,75,75108,0,0,2,1,3,1,7,4,2,08,1,1,0,280,1,0,1,2,1,66,5,1,4,0,2,8,1,201000066504B01,38,14,1,200054781
201000066511,2010-10-14,2010,octobre,jeudi,13:45,75,75106,0,0,2,2,3,1,1,4,2,06,1,1,0,150,1,5,1,3,2,30,0,3,2,0,2,9,1,201000066511B01,14,16,1,200054781
201000066537,2010-11-03,2010,novembre,mercredi,16:20,75,75116,0,0,2,1,3,1,1,4,2,02,1,3,0,120,1,0,1,4,1,67,9,1,2,0,2,1,2,201000066537B01,1,2,1,200054781
201000066537,2010-11-03,2010,novembre,mercredi,16:20,75,75116,0,0,2,1,3,1,1,4,2,02,1,3,0,120,1,0,1,4,1,79,9,3,2,0,2,4,2,201000066537A01,1,2,1,200054781
201000066544,2010-11-06,2010,novembre,samedi,19:30,75,75117,0,0,2,2,5,5,3,4,1,01,1,1,0,51,2,0,0,4,1,24,4,1,2,0,2,8,1,201000066544B01,7,15 / 1,2,200054781
201000066588,2010-12-16,2010,décembre,jeudi,08:20,75,75116,0,0,2,5,3,2,2,4,1,03,1,2,0,260,2,0,1,2,1,71,0,3,2,0,2,8,0,201000066588B01,7,1,1,200054781
201000066594,2010-12-18,2010,décembre,samedi,03:45,75,75110,0,0,2,2,3,5,8,4,2,04,1,1,0,140,2,5,1,3,2,16,5,3,2,0,2,7,1,201000066594B01,7,1,1,200054781
201000067309,2010-12-05,2010,décembre,dimanche,10:00,972,97205,0,0,2,1,1,1,1,2,2,02,1,1,0,70,1,5,1,3,1,58,5,3,2,0,2,8,1,201000067309B02,10,19,1,200041788
201000067333,2010-02-27,2010,février,samedi,16:00,972,97207,0,0,1,1,5,1,1,3,2,02,2,4,0,54,1,0,1,4,1,23,9,1,2,0,2,1,13,201000067333C03,7,1,1,249720053
201000067333,2010-02-27,2010,février,samedi,16:00,972,97207,0,0,1,1,5,1,1,3,2,02,2,4,0,54,1,0,1,3,1,30,9,1,2,0,2,1,13,201000067333B02,7,1,1,249720053
201000067344,2010-04-30,2010,avril,vendredi,13:45,972,97223,0,0,2,1,3,1,1,4,2,00,1,1,0,0,1,0,1,4,1,23,5,1,2,0,2,1,18,201000067344A01,14,16,1,249720053
201000067419,2010-02-18,2010,février,jeudi,11:45,972,97214,0,0,2,1,1,1,1,2,2,00,-1,4,0,60,1,0,1,3,1,18,5,3,1,0,2,1,17,201000067419A01,10,1,1,200041788
201000067477,2010-06-21,2010,juin,lundi,07:45,971,97132,0,0,1,1,1,1,1,2,2,02,2,3,0,95,2,0,1,3,1,48,5,2,2,0,0,4,2,201000067477B02,7,2,1,249710070
201000067482,2010-11-20,2010,novembre,samedi,18:45,971,97132,0,0,2,1,1,3,1,3,2,02,4,1,0,39,1,0,1,3,1,21,5,2,2,0,2,1,1,201000067482B02,7,1,1,249710070
201000067499,2010-02-27,2010,février,samedi,17:30,971,97115,0,0,2,2,3,1,1,4,2,02,2,1,0,49,1,0,0,3,1,18,0,3,1,0,2,3,16,201000067499A01,7,1,1,249710062
201000067519,2010-10-03,2010,octobre,dimanche,15:30,971,97118,0,0,1,1,2,1,1,2,3,04,1,3,26,140,1,0,1,3,1,24,5,3,1,0,2,4,1,201000067519B02,7,21,1,249710062
201000067522,2010-01-24,2010,janvier,dimanche,07:00,971,97129,0,0,2,1,1,1,1,3,2,02,-1,1,0,0,1,0,1,3,1,59,0,3,1,0,2,1,1,201000067522B02,7,1,1,249710062
201000067534,2010-01-19,2010,janvier,mardi,17:15,971,97112,0,0,1,1,2,2,7,2,2,02,1,1,0,67,1,0,1,3,1,39,5,3,1,0,2,4,2,201000067534B02,7,1,1,249710047
201000067535,2010-03-09,2010,mars,mardi,19:00,971,97108,0,0,1,1,2,3,1,3,2,00,1,1,0,58,1,0,1,3,1,48,0,3,1,0,2,4,2,201000067535A01,7,2,1,249710047
201000067543,2010-12-19,2010,décembre,dimanche,17:15,971,97112,0,0,1,1,3,2,1,2,2,02,1,1,70,0,1,0,1,3,1,51,5,3,1,0,2,1,1,201000067543B02,7,15,1,249710047
201000067559,2010-08-27,2010,août,vendredi,16:00,971,97117,0,0,1,1,3,1,1,3,2,00,-1,1,0,0,1,0,1,4,1,15,5,1,2,0,2,8,1,201000067559B02,10,17,1,200044691
201000067564,2010-04-04,2010,avril,dimanche,13:45,971,97122,0,0,1,1,2,1,1,2,2,01,3,1,0,54,1,0,1,2,1,16,5,3,1,0,0,4,1,201000067564B02,7,2,1,200044691
201000067565,2010-05-25,2010,mai,mardi,06:45,971,97122,0,0,2,1,3,1,1,3,2,00,1,-1,0,0,1,0,1,4,1,59,5,3,1,0,2,8,0,201000067565B02,7,1,1,200044691
201000067590,2010-10-24,2010,octobre,dimanche,05:30,971,97125,0,0,1,1,1,3,1,4,2,01,2,2,0,35,2,0,1,3,1,56,5,2,4,0,2,1,1,201000067590B02,30,1,1,200041507
201000067613,2010-10-30,2010,octobre,samedi,15:45,971,97128,0,0,2,1,3,1,1,3,2,02,2,1,0,55,1,0,1,3,1,18,5,3,1,0,2,1,1,201000067613B02,7,15,1,200041507
201000067623,2010-09-09,2010,septembre,jeudi,17:30,971,97116,0,0,1,1,1,1,1,3,2,02,-1,1,0,60,1,0,1,3,1,72,0,3,1,0,2,4,1,201000067623B02,7,2,1,200044691
201000067634,2010-04-14,2010,avril,mercredi,16:15,973,97305,0,0,1,1,3,1,1,2,2,00,-1,1,0,60,1,0,1,3,1,56,0,3,1,0,2,2,0,201000067634A01,7,0,1,249730045
201000067644,2010-09-10,2010,septembre,vendredi,20:30,973,97305,0,0,1,1,1,3,1,2,2,02,1,1,0,75,1,0,1,4,1,20,5,2,4,0,2,4,2,201000067644B02,7,2,1,249730045
201000067646,2010-09-18,2010,septembre,samedi,07:00,973,97305,0,0,1,1,2,1,1,2,2,02,1,1,0,0,1,0,1,2,1,57,1,3,1,0,2,4,2,201000067646B02,7,2,1,249730045
201000067647,2010-11-13,2010,novembre,samedi,18:45,973,97305,0,0,1,1,2,3,1,2,2,02,1,1,74,0,1,0,1,3,1,40,5,2,4,0,2,4,2,201000067647B02,7,2,1,249730045