Num_Acc,date,an,mois,jour,hrmn,dep,com,lat,long,agg,int,col,lum,atm,catr,circ,nbv,prof,plan,lartpc,larrout,surf,infra,situ,grav,sexe,age,trajet,secuexist,equipement,obs,obsm,choc,manv,vehiculeid,typevehicules,manoeuvehicules,numVehicules,_infos_commune.code_epci
201100000022,2011-09-01,2011,septembre,jeudi,19:45,59,59256,50.55448,3.1266,2,1,1,2,1,5,2,02,1,1,0,60,1,0,1,3,1,16,5,3,1,0,2,3,1,201100000022B02,7,1,1,200093201
201100000035,2011-04-23,2011,avril,samedi,11:15,59,59159,50.96744,2.23993,1,1,2,1,1,3,2,02,1,1,0,52,1,0,1,3,1,46,4,3,1,0,2,1,2,201100000035A01,17,2,1,245900428
201100000037,2011-07-08,2011,juillet,vendredi,16:15,59,59094,50.95868,2.18583,1,1,1,1,1,3,2,03,1,1,0,0,1,0,1,3,1,57,5,1,2,0,2,4,13,201100000037B02,7,17,1,245900428
201100000044,2011-08-15,2011,août,lundi,13:30,59,59200,50.89535,2.3468,2,1,3,1,1,4,2,00,1,1,0,45,1,0,1,3,1,5,0,3,1,0,0,0,0,201100000044B02,7,2,1,200040954
201100000060,2011-05-11,2011,mai,mercredi,14:00,59,59073,50.78713,2.67061,1,1,3,1,1,4,2,02,4,1,0,52,1,0,1,3,1,55,5,3,1,0,2,8,1,201100000060B02,7,1,1,200040947
201100000098,2011-01-22,2011,janvier,samedi,11:45,59,59482,50.72196,3.02526,1,1,1,1,1,3,2,00,1,2,0,51,1,0,1,3,1,46,5,1,2,0,0,3,1,201100000098B02,7,13,1,200093201
201100000099,2011-05-31,2011,mai,mardi,13:00,59,59611,50.68509,2.97949,2,1,1,1,1,4,2,01,1,4,0,34,1,0,1,3,1,41,5,1,2,0,2,8,1,201100000099B02,21,1,1,200093201
201100000155,2011-08-28,2011,août,dimanche,17:00,59,59055,50.09182,3.5889,2,1,1,1,1,3,2,00,2,2,0,0,1,0,4,3,2,10,9,1,9,0,0,1,0,201100000155B02,10,1,1,200030633
201100000170,2011-08-26,2011,août,vendredi,15:00,59,59545,50.05597,3.53921,2,1,3,1,1,3,2,02,2,1,0,0,1,0,1,2,1,13,5,3,1,0,2,7,1,201100000170A01,14,1,1,200030633
201100000188,2011-09-07,2011,septembre,mercredi,19:00,59,59449,50.4773,3.24602,2,1,1,1,1,4,2,00,-1,1,0,80,1,0,1,4,1,24,1,3,1,0,2,3,9,201100000188B02,7,1,1,200041960
201100000195,2011-11-23,2011,novembre,mercredi,07:15,59,59617,50.25049,3.85199,1,1,1,3,5,3,2,02,2,2,0,0,2,0,1,3,1,35,1,3,1,0,2,1,13,201100000195A01,7,1,1,200043396
201100000202,2011-10-01,2011,octobre,samedi,18:45,59,59619,50.25797,3.65474,2,1,1,1,7,3,2,00,3,2,0,70,1,0,1,3,1,41,5,3,1,0,2,1,17,201100000202A01,7,1,1,200043321
201100000217,2011-08-29,2011,août,lundi,08:30,62,62080,0,0,2,1,2,1,1,3,2,02,1,1,0,66,1,0,1,2,2,73,9,2,4,0,2,4,0,201100000217B02,7,1,1,200035442
201100000239,2011-08-14,2011,août,dimanche,10:45,62,62609,50.371,2.727,1,1,1,1,1,4,2,01,1,3,0,0,2,0,1,3,1,56,5,2,2,0,2,1,1,201100000239B02,7,13,1,200033579
201100000251,2011-08-29,2011,août,lundi,17:30,62,62042,0,0,2,3,1,1,1,3,2,00,2,1,0,64,1,0,1,3,1,16,5,3,1,0,2,1,1,201100000251A01,7,1,1,200033579
201100000275,2011-03-06,2011,mars,dimanche,08:30,62,62706,0,0,2,1,3,1,7,3,2,00,-1,2,0,76,1,0,1,3,1,64,5,1,2,0,2,8,1,201100000275B02,7,13,1,200072460
201100000283,2011-07-12,2011,juillet,mardi,10:45,62,62338,50.648,2.853,1,1,2,1,8,3,2,02,1,1,0,64,1,0,1,3,1,79,5,3,1,0,0,4,1,201100000283B02,7,1,1,245900758
201100000292,2011-03-26,2011,mars,samedi,17:00,62,62773,0,0,2,1,1,1,1,3,2,00,-1,1,0,0,1,0,1,3,1,13,5,2,2,0,2,1,9,201100000292B02,7,1,1,200018083
201100000313,2011-04-02,2011,avril,samedi,18:30,62,62207,0,0,1,6,1,1,1,3,-1,00,1,2,0,40,1,5,1,3,1,41,5,1,2,0,2,4,2,201100000313B02,7,2,1,200069029
201100000322,2011-10-11,2011,octobre,mardi,11:30,62,62670,0,0,2,1,2,1,2,3,-1,02,2,-1,0,0,2,0,1,2,1,73,5,3,1,0,0,4,2,201100000322B02,7,2,1,200069235
201100000331,2011-05-15,2011,mai,dimanche,10:00,62,62318,50.541,1.625,2,1,3,1,1,3,2,01,1,1,0,0,1,0,5,3,1,65,5,1,2,0,2,1,1,201100000331A01,7,15,1,200069029
201100000332,2011-10-10,2011,octobre,lundi,18:45,62,62318,0,0,2,6,1,1,1,3,2,02,1,-1,0,0,1,0,1,3,1,30,0,1,2,0,2,7,1,201100000332B02,7,9,1,200069029
201100000347,2011-06-30,2011,juin,jeudi,17:30,62,62431,0,0,2,1,1,1,1,3,2,02,-1,2,0,58,1,0,1,3,1,10,5,3,1,0,2,1,1,201100000347B02,7,1,1,
201100000348,2011-08-02,2011,août,mardi,10:00,62,62684,50.696,2.362,2,1,1,1,7,3,2,02,1,1,0,80,1,0,1,3,2,47,9,3,1,0,0,6,2,201100000348B02,7,2,1,200069037
201100000351,2011-12-11,2011,décembre,dimanche,08:00,62,62811,0,0,1,1,2,2,1,3,2,02,1,1,0,72,2,0,1,3,1,42,5,3,1,0,0,4,2,201100000351B02,7,2,1,200069037
201100000359,2011-08-12,2011,août,vendredi,16:00,62,62645,0,0,1,1,2,1,1,3,2,00,-1,1,0,120,1,0,1,4,1,26,5,3,1,0,2,4,2,201100000359A01,7,1,1,246200844
201100000372,2011-01-27,2011,janvier,jeudi,17:30,62,62837,50.667,2.031,1,2,3,1,1,3,2,00,4,1,0,0,1,0,0,3,1,28,1,2,4,0,2,1,1,201100000372B02,7,1,1,246201016
201100000387,2011-04-24,2011,avril,dimanche,15:45,62,62258,50.36,2.268,2,1,1,1,1,3,2,00,-1,1,0,65,1,0,1,3,1,5,0,3,1,0,2,0,13,201100000387B02,7,1,1,200069672
201100000397,2011-09-27,2011,septembre,mardi,21:00,62,62416,0,0,1,1,1,3,1,3,2,02,1,1,0,77,1,0,1,3,1,17,5,3,1,0,2,1,0,201100000397B02,7,0,1,200069672
201100000424,2011-05-13,2011,mai,vendredi,18:45,80,80530,0,0,1,1,3,1,1,3,2,01,1,1,0,65,1,5,1,4,1,62,5,1,2,0,2,1,1,201100000424B02,7,15,1,248000499
201100000432,2011-11-22,2011,novembre,mardi,13:45,80,80212,0,0,2,6,3,1,7,3,1,01,1,2,0,80,1,5,1,4,1,19,9,1,2,0,2,1,1,201100000432A01,7,1,1,248000499
201100000446,2011-01-23,2011,janvier,dimanche,10:45,80,80791,0,0,1,2,3,1,1,3,2,02,2,1,0,64,1,0,1,3,1,61,5,1,2,0,2,1,1,201100000446A01,7,19,1,248000531
201100000474,2011-12-07,2011,décembre,mercredi,18:45,80,80011,0,0,2,1,1,4,1,3,3,00,1,1,0,0,1,0,1,3,1,18,5,2,9,0,0,3,15,201100000474B02,33,1,1,200071223
201100000502,2011-08-24,2011,août,mercredi,16:45,80,80721,0,0,2,1,1,1,1,4,1,01,1,1,0,31,1,0,1,3,2,70,5,1,2,0,2,1,1,201100000502A01,7,4,1,200070993
201100000515,2011-06-01,2011,juin,mercredi,11:45,80,80228,0,0,2,1,3,1,1,4,2,02,2,1,0,41,1,0,0,3,1,78,5,1,2,0,2,8,1,201100000515B02,7,1,1,200070936
201100000561,2011-04-03,2011,avril,dimanche,15:30,80,80685,0,0,2,1,3,1,1,4,1,00,-1,1,0,73,1,0,1,4,2,16,5,1,4,0,2,8,15,201100000561A01,33,17,1,200070977
201100000565,2011-10-13,2011,octobre,jeudi,14:15,80,80685,0,0,2,6,2,1,1,4,2,02,1,2,0,0,1,5,1,3,2,51,0,2,2,0,2,1,2,201100000565B02,7,2,1,200070977
201100000599,2011-12-13,2011,décembre,mardi,08:15,80,80016,0,0,2,1,1,3,2,4,2,02,1,1,0,0,2,0,1,3,1,10,2,1,4,1,0,7,0,201100000599B02,7,22,1,248000747
201100000633,2011-12-02,2011,décembre,vendredi,18:30,02,02237,0,0,1,1,1,3,1,3,2,00,1,1,0,57,1,0,1,3,1,34,1,1,4,0,0,4,1,201100000633B02,7,1,1,240200469
201100000663,2011-11-11,2011,novembre,vendredi,13:50,02,02550,0,0,2,3,3,1,1,3,2,02,1,1,0,51,1,0,1,3,1,4,5,1,2,0,2,8,19,201100000663B02,7,1,1,240200592
201100000672,2011-04-10,2011,avril,dimanche,15:30,02,02346,0,0,2,1,6,1,1,3,2,02,1,1,0,0,1,0,1,4,1,14,5,1,2,0,2,8,1,201100000672A01,7,17,1,240200576
201100000691,2011-05-15,2011,mai,dimanche,09:15,02,02555,0,0,1,1,2,1,1,3,2,02,-1,1,0,62,1,0,1,3,1,58,5,1,2,0,0,4,2,201100000691B02,7,2,1,240200584
201100000713,2011-03-22,2011,mars,mardi,21:10,02,02359,0,0,1,1,2,3,1,3,2,02,1,1,0,0,1,0,1,2,1,19,1,2,4,0,0,4,2,201100000713B02,7,2,1,200071892
201100000717,2011-06-05,2011,juin,dimanche,14:15,02,02420,0,0,1,1,1,1,1,3,2,02,2,1,0,75,-1,0,1,3,1,63,5,3,2,0,0,0,2,201100000717A01,1,2,1,200071892
201100000717,2011-06-05,2011,juin,dimanche,14:15,02,02420,0,0,1,1,1,1,1,3,2,02,2,1,0,75,-1,0,1,3,2,64,5,3,2,0,9,1,2,201100000717B02,1,2,1,200071892
201100000719,2011-08-18,2011,août,jeudi,14:00,02,02355,0,0,2,9,3,1,1,3,2,02,1,1,0,70,1,0,1,4,1,14,5,1,2,0,2,1,19,201100000719B02,7,1,1,240200493
201100000724,2011-07-08,2011,juillet,vendredi,23:00,02,02095,0,0,1,1,6,3,1,3,2,01,-1,2,0,0,1,0,1,3,2,55,5,1,4,0,0,8,2,201100000724B02,7,13,1,240200493
201100000727,2011-07-28,2011,juillet,jeudi,15:30,02,02334,0,0,2,1,1,1,1,4,2,02,2,-1,0,70,1,0,4,3,1,12,5,3,2,,2,1,1,201100000727A02,7,9,1,240200493
201100000766,2011-08-04,2011,août,jeudi,10:00,02,02687,49.309,3.214,1,1,1,1,1,3,2,00,1,1,0,52,1,0,1,4,1,55,0,2,9,0,2,2,13,201100000766B02,7,18,1,200071991
201100000774,2011-12-05,2011,décembre,lundi,17:35,02,02810,49.24686,3.08732,2,4,1,5,3,4,2,02,1,-1,0,70,2,0,1,3,1,55,1,1,2,0,2,1,15,201100000774B02,7,9,1,200071991
201100000795,2011-04-08,2011,avril,vendredi,16:55,02,02830,0,0,1,9,3,1,1,3,2,00,1,1,0,60,1,0,1,3,1,10,5,1,2,0,0,3,19,201100000795B02,10,1,1,200071983
201100000807,2011-06-14,2011,juin,mardi,14:00,02,02381,0,0,2,9,6,1,1,4,2,02,4,1,0,60,1,0,1,2,1,20,0,1,2,0,2,8,19,201100000807B02,7,21,1,240200600
201100000927,2011-08-14,2011,août,dimanche,09:45,60,60104,0,0,2,6,1,1,2,3,2,02,4,-1,0,0,2,0,1,3,1,73,5,1,2,0,2,8,1,201100000927B02,7,1,1,200068005
201100000956,2011-12-02,2011,décembre,vendredi,16:45,60,60456,0,0,2,2,1,2,1,3,2,02,1,1,0,0,1,5,1,3,2,70,5,2,2,0,2,7,1,201100000956A01,7,1,1,246000566
201100000980,2011-12-24,2011,décembre,samedi,11:30,60,60151,0,0,2,6,3,1,1,3,4,00,1,2,0,0,1,5,1,4,1,38,5,1,2,0,2,0,1,201100000980B02,7,9,1,200067965
201100000989,2011-03-28,2011,mars,lundi,15:15,60,60125,0,0,1,1,1,1,1,3,2,02,1,1,0,70,1,0,1,4,1,61,5,2,2,0,2,1,1,201100000989A01,1,2,1,246000897
201100000989,2011-03-28,2011,mars,lundi,15:15,60,60125,0,0,1,1,1,1,1,3,2,02,1,1,0,70,1,0,1,1,1,74,5,2,2,0,2,1,2,201100000989B02,1,1,1,246000897
201100001008,2011-02-22,2011,février,mardi,16:00,60,60603,0,0,2,3,1,1,1,4,2,02,2,1,56,0,1,0,1,4,1,12,5,2,2,0,2,8,16,201100001008B02,7,1,1,246000756
201100001033,2011-04-25,2011,avril,lundi,10:15,60,60212,0,0,1,1,3,1,7,3,2,02,2,1,0,50,1,0,1,4,1,61,5,1,2,0,2,8,1,201100001033B02,10,17,1,200067973
201100001051,2011-02-28,2011,février,lundi,21:00,60,60589,0,0,1,6,1,5,1,4,-1,02,-1,3,0,0,1,0,1,4,1,28,1,1,4,12,2,3,1,201100001051B02,7,16,1,200068047
201100001091,2011-05-08,2011,mai,dimanche,11:00,60,60509,0,0,2,1,3,1,7,3,3,00,-1,1,0,0,1,5,1,4,1,76,5,2,2,0,2,1,11,201100001091B02,7,1,1,246000921
201100001094,2011-08-18,2011,août,jeudi,08:15,60,60509,49.311,2.579,2,1,1,1,1,4,2,00,1,1,0,0,1,0,1,3,1,83,3,2,2,0,0,4,2,201100001094B02,7,2,1,246000921
201100001123,2011-09-16,2011,septembre,vendredi,16:15,76,76624,49.87928,1.21897,2,1,6,1,1,4,1,01,-1,1,0,47,1,0,1,1,1,43,5,1,9,0,1,0,1,201100001123A01,,,,247600729
201100001148,2011-04-05,2011,avril,mardi,17:45,76,76750,49.4577,0.82032,1,1,1,1,1,3,2,02,-1,2,0,52,1,0,1,3,1,49,5,1,2,0,2,4,1,201100001148B02,7,1,1,200023414
201100001219,2011-04-12,2011,avril,mardi,09:30,76,76067,49.491,1.613,1,1,2,1,1,3,2,02,1,2,0,60,1,0,1,2,2,58,4,1,4,0,2,4,1,201100001219B02,7,2,1,200069730
201100001287,2011-11-12,2011,novembre,samedi,00:01,27,27306,48.9749,1.15867,2,1,2,3,1,3,-1,02,1,1,0,0,1,0,1,2,1,18,9,3,1,0,2,1,5,201100001287B02,7,1,1,200071454
201100001378,2011-12-23,2011,décembre,vendredi,20:15,27,27226,49.3146,1.60332,1,1,5,3,3,3,2,02,1,1,0,68,2,0,1,2,1,49,5,1,4,0,2,4,2,201100001378B02,7,1,1,200071843
201100001378,2011-12-23,2011,décembre,vendredi,20:15,27,27226,49.3146,1.60332,1,1,5,3,3,3,2,02,1,1,0,68,2,0,1,4,2,55,5,1,4,0,0,8,2,201100001378C03,7,1,1,200071843
201100001439,2011-04-25,2011,avril,lundi,15:30,27,27322,49.2322,1.07332,2,1,1,1,1,4,2,02,1,3,0,50,1,0,1,3,1,37,5,1,2,0,2,1,1,201100001439B02,10,13,1,200089456
201100001452,2011-04-13,2011,avril,mercredi,10:15,27,27428,49.1438,0.90254,2,3,3,1,1,3,2,02,1,1,0,60,1,5,1,3,1,17,1,3,1,14,0,1,1,201100001452B02,10,23,1,242700607
201100001469,2011-06-13,2011,juin,lundi,08:00,27,27263,49.3783,0.56077,1,1,2,2,1,3,2,02,1,1,0,67,1,0,1,3,1,60,5,1,2,0,0,6,1,201100001469B02,7,2,1,200065787
201100001477,2011-03-30,2011,mars,mercredi,17:45,27,27228,49.3586,0.68874,1,1,2,1,2,3,2,02,1,1,0,60,2,0,1,2,1,17,5,3,1,0,2,4,1,201100001477B02,7,14,1,200066405
201100001497,2011-05-24,2011,mai,mardi,19:45,35,35047,48.02107,-1.72154,1,3,3,2,1,3,2,02,2,1,0,62,1,0,1,2,1,16,5,2,2,0,2,8,19,201100001497B01,7,1,1,243500139
201100001503,2011-02-28,2011,février,lundi,17:45,35,35193,48.23972,-1.71215,1,2,3,1,1,3,,,,,,,,5,1,3,1,26,5,1,2,0,2,6,1,201100001503A01,7,1,1,243500667
201100001514,2011-04-10,2011,avril,dimanche,16:00,35,35143,48.249,-2.003,1,2,1,1,1,3,2,02,2,1,0,64,1,0,1,3,1,7,5,1,2,0,2,4,13,201100001514C03,15,1,1,200038990
201100001519,2011-08-01,2011,août,lundi,17:15,35,35297,48.214,-2.174,1,1,3,1,1,3,2,00,2,1,70,0,1,0,1,3,1,20,0,1,2,0,2,1,13,201100001519B02,17,1,1,200038990
201100001521,2011-08-22,2011,août,lundi,19:30,35,35171,48.279,-2.03399,1,1,3,1,2,3,2,00,2,1,0,60,2,0,1,2,1,58,5,1,2,0,2,8,13,201100001521B02,14,17,1,200038990
201100001523,2011-10-01,2011,octobre,samedi,19:30,35,35234,0,0,1,1,1,1,1,4,-1,02,1,-1,29,0,1,0,1,3,1,64,5,3,1,0,2,0,15,201100001523B02,30,1,1,200038990
201100001529,2011-12-11,2011,décembre,dimanche,12:30,35,35117,48.152,-2.235,1,1,3,1,8,3,2,00,1,2,0,46,1,0,1,3,1,51,5,1,2,0,0,8,2,201100001529B02,99,17,1,200038990
201100001543,2011-10-01,2011,octobre,samedi,16:30,35,35240,48.083,-1.77,1,1,2,1,1,3,2,02,1,1,0,0,1,0,1,3,1,61,5,1,2,0,2,4,1,201100001543A01,1,1,1,243500139
201100001543,2011-10-01,2011,octobre,samedi,16:30,35,35240,48.083,-1.77,1,1,2,1,1,3,2,02,1,1,0,0,1,0,1,1,1,60,5,1,2,0,2,1,1,201100001543B02,1,1,1,243500139
201100001549,2011-12-20,2011,décembre,mardi,09:00,35,35240,0,0,1,6,1,1,8,3,2,02,1,3,66,129,1,0,1,3,1,66,5,2,2,0,2,7,1,201100001549B02,7,9,1,243500139
201100001667,2011-11-19,2011,novembre,samedi,09:30,35,35222,48.548,-1.56,1,1,3,1,1,3,2,00,-1,1,0,60,1,0,1,1,2,16,5,3,8,0,9,7,14,201100001667A01,1,1,1,200070670
201100001667,2011-11-19,2011,novembre,samedi,09:30,35,35222,48.548,-1.56,1,1,3,1,1,3,2,00,-1,1,0,60,1,0,1,3,2,17,5,3,8,0,9,8,1,201100001667B02,1,14,1,200070670
201100001676,2011-07-04,2011,juillet,lundi,08:45,35,35360,0,0,1,1,6,1,1,3,2,00,1,1,0,40,1,0,1,2,1,61,5,1,2,14,0,1,1,201100001676A01,,,,200039022
201100001678,2011-07-03,2011,juillet,dimanche,09:15,35,35360,0,0,2,6,3,1,1,4,2,02,1,2,0,0,1,5,1,3,1,74,5,3,1,0,2,1,1,201100001678A01,7,9,1,200039022
201100001682,2011-09-26,2011,septembre,lundi,11:00,35,35360,48.126,-1.21,2,1,3,1,1,4,2,00,2,1,0,0,1,0,1,3,1,74,5,2,2,1,0,1,1,201100001682A01,7,22,1,200039022
201100001689,2011-01-18,2011,janvier,mardi,09:00,35,35254,0,0,1,1,2,1,1,3,2,02,-1,1,0,72,1,0,1,3,1,37,5,1,9,0,0,4,13,201100001689B02,7,21,1,
201100001713,2011-08-02,2011,août,mardi,18:45,35,35088,47.983,-1.571,1,3,2,1,1,3,2,02,1,3,0,67,1,0,1,3,1,17,5,3,1,0,0,5,15,201100001713A01,7,1,1,243500139
201100001726,2011-04-18,2011,avril,lundi,13:30,22,22007,48.6022,-2.83922,1,4,3,1,1,3,2,02,1,1,0,0,1,0,1,3,1,44,4,2,2,0,2,3,11,201100001726B02,7,1,1,
201100001742,2011-03-22,2011,mars,mardi,15:45,22,22151,48.45312,-2.59705,1,3,3,1,1,4,2,02,1,1,,,1,0,1,3,1,71,5,3,9,0,2,8,15,201100001742B02,7,1,1,
201100001743,2011-04-15,2011,avril,vendredi,18:45,22,22098,48.43268,-2.53772,2,3,3,1,1,4,2,02,1,1,0,75,1,0,1,3,1,8,5,2,2,0,2,1,19,201100001743B02,7,1,1,200069391
201100001755,2011-03-17,2011,mars,jeudi,18:45,22,22203,48.34331,-2.77522,1,3,1,1,1,3,2,02,1,1,0,64,1,0,1,3,1,66,5,1,2,0,2,1,1,201100001755B02,7,15,1,200069409
201100001766,2011-08-04,2011,août,jeudi,18:00,22,22275,48.141,-2.699,2,1,1,1,1,4,2,02,1,2,0,58,1,0,1,3,1,15,5,3,1,0,2,1,13,201100001766A01,7,13,1,200067460
201100001774,2011-12-12,2011,décembre,lundi,11:00,22,22136,48.175,-2.753,2,6,3,1,7,4,-1,00,1,2,0,85,2,0,1,2,1,84,5,1,2,0,2,2,1,201100001774B02,7,12,1,200067460
201100001785,2011-08-30,2011,août,mardi,12:15,22,22162,48.76899,-3.05178,2,3,3,1,1,4,2,02,1,1,,,1,0,1,3,1,30,1,3,9,0,2,1,19,201100001785B01,7,1,1,200067981
201100001792,2011-07-03,2011,juillet,dimanche,09:00,22,22081,48.48167,-2.64573,1,6,2,1,1,3,1,02,1,2,0,0,1,0,1,2,1,79,5,1,2,0,2,4,1,201100001792B02,7,1,1,200069409
201100001814,2011-06-19,2011,juin,dimanche,12:30,22,22180,48.44235,-2.23109,1,2,3,1,1,3,2,02,1,1,0,59,1,0,1,3,1,47,5,1,2,0,2,7,1,201100001814A01,7,1,1,200068989
201100001818,2011-07-22,2011,juillet,vendredi,16:00,22,22118,48.453,-2.007,1,1,1,1,1,3,2,02,4,1,0,69,1,0,1,4,1,62,5,1,2,0,2,6,2,201100001818B02,7,2,1,200068989
201100001818,2011-07-22,2011,juillet,vendredi,16:00,22,22118,48.453,-2.007,1,1,1,1,1,3,2,02,4,1,0,69,1,0,1,3,2,58,0,2,2,0,2,6,2,201100001818B02,7,2,1,200068989
201100001839,2011-02-09,2011,février,mercredi,15:30,22,22172,48.52259,-2.23256,2,1,2,1,1,3,2,02,1,1,0,0,1,0,1,3,1,15,5,3,9,0,2,4,1,201100001839B01,7,1,1,200068989
201100001841,2011-02-12,2011,février,samedi,13:45,22,22190,48.53243,-2.05619,1,1,2,1,1,3,2,02,1,1,0,37,1,0,1,4,1,26,4,1,2,0,2,4,1,201100001841A01,10,17,1,200068989
201100001843,2011-03-25,2011,mars,vendredi,09:15,22,22209,48.58,-2.14,1,1,1,1,1,3,2,02,2,2,0,79,1,5,1,3,2,82,5,3,8,0,2,2,19,201100001843B02,7,21,1,200068989
201100001845,2011-04-10,2011,avril,dimanche,08:45,22,22143,0,0,2,1,6,1,1,3,2,02,2,1,0,0,1,0,0,2,1,69,5,1,2,0,2,4,1,201100001845A01,,,,200068989
201100001854,2011-08-15,2011,août,lundi,18:30,22,22179,48.64,-2.409,2,1,1,1,1,3,2,02,1,1,0,62,1,0,1,3,1,58,5,3,1,0,2,2,17,201100001854A01,7,15,1,200068989
201100001866,2011-07-10,2011,juillet,dimanche,12:45,22,22183,48.17882,-2.57895,2,3,7,1,1,4,2,02,1,1,,,1,0,4,3,1,50,1,2,2,12,0,8,16,201100001866A01,,,,200067460
201100001877,2011-10-14,2011,octobre,vendredi,17:00,22,22070,48.567,-3.149,2,1,1,1,1,4,2,00,3,-1,0,0,1,0,1,4,1,64,5,3,1,0,2,4,2,201100001877B02,7,2,1,200067981
201100001898,2011-06-29,2011,juin,mercredi,11:15,22,22207,0,0,1,1,2,1,1,3,2,00,1,1,0,0,1,0,1,3,2,64,5,1,2,16,0,6,2,201100001898A01,1,0,1,200065928
201100001898,2011-06-29,2011,juin,mercredi,11:15,22,22207,0,0,1,1,2,1,1,3,2,00,1,1,0,0,1,0,1,3,2,59,0,1,2,0,0,2,0,201100001898B02,1,2,1,200065928
201100001920,2011-08-20,2011,août,samedi,11:45,22,22152,48.7572,-3.27886,1,2,3,1,1,3,2,02,3,1,0,80,1,5,1,3,1,24,5,2,2,0,2,8,15,201100001920B02,7,17,1,200065928
201100001921,2011-08-24,2011,août,mercredi,15:30,22,22196,48.75744,-3.15311,1,4,2,1,1,3,2,02,1,1,,,1,0,1,2,2,49,5,1,2,0,2,1,2,201100001921A01,1,21,1,200065928
201100001921,2011-08-24,2011,août,mercredi,15:30,22,22196,48.75744,-3.15311,1,4,2,1,1,3,2,02,1,1,,,1,0,1,1,1,33,5,1,2,0,2,4,21,201100001921B02,1,2,1,200065928
201100001927,2011-11-27,2011,novembre,dimanche,12:15,22,22199,48.785,-3.183,1,1,1,1,1,3,2,00,1,1,0,73,2,0,1,2,1,45,5,3,1,0,0,8,1,201100001927B02,7,19,1,200065928
201100001938,2011-06-07,2011,juin,mardi,18:00,29,29008,48.06605,-4.55759,1,1,1,1,1,3,2,00,2,1,0,0,1,0,1,3,1,38,5,3,1,0,2,1,1,201100001938B02,7,13,1,242900629
201100001951,2011-05-01,2011,mai,dimanche,16:45,29,29046,48.08407,-4.31361,2,1,3,1,1,4,2,00,2,1,0,60,1,0,1,3,1,11,5,3,1,0,2,8,11,201100001951B02,7,17,1,242900645
201100001954,2011-10-27,2011,octobre,jeudi,16:30,29,29046,48.09394,-4.34129,2,1,3,1,8,6,1,01,1,1,0,30,2,0,1,3,1,40,1,3,1,0,2,1,1,201100001954B02,7,1,1,242900645
201100001959,2011-02-22,2011,février,mardi,07:30,29,29058,47.89961,-4.02043,2,9,1,5,2,9,2,00,1,1,0,0,2,0,1,4,1,21,1,2,4,0,2,1,1,201100001959B02,7,15,1,242900660
201100001966,2011-08-07,2011,août,dimanche,11:30,29,29058,47.89867,-4.01399,1,1,1,1,1,4,2,02,4,1,0,0,1,0,5,3,1,66,5,1,2,0,2,1,1,201100001966A01,7,23,1,242900660
201100001974,2011-12-09,2011,décembre,vendredi,17:45,29,29058,47.8842,-4.00635,1,1,3,3,1,3,2,00,1,1,0,60,2,0,1,3,1,81,5,2,2,0,2,1,15,201100001974B02,7,1,1,242900660
201100001980,2011-05-04,2011,mai,mercredi,14:45,29,29284,47.82141,-4.2587,1,1,3,1,1,3,2,02,1,-1,0,65,1,0,1,3,1,48,5,3,1,0,2,1,1,201100001980B02,7,15,1,242900702
201100002014,2011-05-04,2011,mai,mercredi,14:30,29,29195,48.61612,-4.5133,1,3,3,1,1,4,2,02,1,1,0,40,1,0,1,3,1,19,5,2,2,0,0,1,5,201100002014B02,10,1,1,242900553
201100002023,2011-03-13,2011,mars,dimanche,07:30,29,29149,48.46026,-4.5809,1,1,6,2,1,3,2,02,1,1,0,0,1,5,1,3,1,46,5,1,2,0,2,1,1,201100002023A01,,,,
201100002027,2011-11-05,2011,novembre,samedi,13:15,29,29178,48.54114,-4.65654,2,6,3,1,1,3,2,00,1,1,0,0,1,5,1,3,1,18,5,2,2,0,2,1,1,201100002027B02,7,15,1,242900074
201100002034,2011-09-23,2011,septembre,vendredi,18:15,29,29302,48.25884,-4.08122,2,1,3,1,1,3,2,02,2,1,0,65,1,0,1,3,1,13,5,3,1,0,2,8,19,201100002034B02,33,1,1,200066868
201100002035,2011-09-29,2011,septembre,jeudi,07:15,29,29026,48.19676,-4.09345,2,6,1,2,1,3,2,02,1,1,0,0,1,5,1,3,1,56,1,3,1,0,2,7,1,201100002035B02,7,9,1,200067247
201100002037,2011-10-29,2011,octobre,samedi,09:30,29,29044,48.19161,-4.17268,1,1,3,1,1,3,2,00,1,-1,0,64,1,0,1,3,1,55,5,3,1,0,2,8,1,201100002037B02,7,17,1,200067247
201100002081,2011-03-29,2011,mars,mardi,17:45,29,29265,48.5583,-3.87984,2,9,1,1,1,4,2,00,1,1,0,62,-1,0,1,3,1,11,0,2,2,0,2,3,9,201100002081B02,14,1,1,242900835
201100002082,2011-04-29,2011,avril,vendredi,22:15,29,29163,48.53434,-3.87301,1,1,6,3,1,3,2,02,-1,3,0,73,1,0,1,3,1,56,5,2,9,0,2,4,1,201100002082A01,,,,242900835
201100002087,2011-04-17,2011,avril,dimanche,18:00,29,29259,48.68211,-3.97044,2,1,1,1,1,3,2,00,1,1,0,46,1,0,1,3,1,44,5,1,2,0,2,3,1,201100002087B02,7,13,1,200067072
201100002089,2011-04-27,2011,avril,mercredi,11:30,29,29271,48.60516,-4.12341,2,6,1,1,1,3,1,01,-1,2,0,0,1,0,1,3,1,62,5,1,2,0,2,1,1,201100002089B02,7,9,1,242900751