Num_Acc,date,an,mois,jour,hrmn,dep,com,lat,long,agg,int,col,lum,atm,catr,circ,nbv,prof,plan,lartpc,larrout,surf,infra,situ,grav,sexe,age,trajet,secuexist,equipement,obs,obsm,choc,manv,vehiculeid,typevehicules,manoeuvehicules,numVehicules,_infos_commune.code_epci
201100002090,2011-07-14,2011,juillet,jeudi,15:15,29,29210,48.57349,-4.01127,1,1,1,1,1,4,2,02,1,2,52,0,1,0,1,3,2,8,5,3,1,0,2,1,5,201100002090A01,10,1,1,242900751
201100002107,2011-09-10,2011,septembre,samedi,09:30,56,56164,47.65607,-2.86714,2,1,5,1,1,4,2,02,-1,4,0,65,1,5,1,4,1,33,5,1,2,0,2,1,1,201100002107B02,7,15,1,200067932
201100002107,2011-09-10,2011,septembre,samedi,09:30,56,56164,47.65607,-2.86714,2,1,5,1,1,4,2,02,-1,4,0,65,1,5,1,4,1,30,5,1,2,0,2,1,1,201100002107C03,7,15,1,200067932
201100002113,2011-10-28,2011,octobre,vendredi,14:15,56,56132,0,0,1,1,1,1,1,3,2,02,-1,2,0,0,1,0,1,2,1,77,5,1,2,0,2,4,14,201100002113A01,14,1,1,200067932
201100002114,2011-11-12,2011,novembre,samedi,18:00,56,56164,47.6584,-2.85076,2,1,3,5,1,4,2,02,1,-1,0,50,1,0,1,3,1,10,5,2,4,0,2,1,0,201100002114B02,7,0,1,200067932
201100002122,2011-07-23,2011,juillet,samedi,19:00,56,56223,47.63555,-2.1208,2,1,1,1,1,9,2,00,4,1,0,70,1,0,1,3,1,41,5,1,2,0,2,1,13,201100002122A01,7,1,1,243500741
201100002160,2011-01-10,2011,janvier,lundi,11:45,56,56007,47.67551,-2.99407,2,6,3,1,1,4,2,00,1,1,0,0,1,5,1,3,1,72,5,3,8,0,2,6,1,201100002160B02,3,16,1,200043123
201100002167,2011-04-30,2011,avril,samedi,17:45,56,56167,47.63464,-2.91487,1,1,5,1,1,4,2,02,1,1,0,49,1,0,1,4,1,21,5,1,2,0,2,1,2,201100002167C03,10,9,1,200067932
201100002167,2011-04-30,2011,avril,samedi,17:45,56,56167,47.63464,-2.91487,1,1,5,1,1,4,2,02,1,1,0,49,1,0,1,4,1,20,5,1,2,0,2,1,2,201100002167B02,10,9,1,200067932
201100002189,2011-04-29,2011,avril,vendredi,12:00,56,56034,47.57205,-3.0716,2,1,3,1,1,4,1,00,1,1,0,0,1,0,0,4,2,56,5,1,9,0,2,7,1,201100002189B02,7,15,1,200043123
201100002191,2011-05-13,2011,mai,vendredi,11:00,56,56186,47.48479,-3.11892,2,1,2,1,1,4,1,01,1,1,0,0,1,0,1,3,2,59,3,1,2,0,0,4,1,201100002191B02,7,1,1,200043123
201100002195,2011-07-22,2011,juillet,vendredi,20:30,56,56186,47.48102,-3.11831,2,1,1,1,1,4,3,02,4,-1,0,75,1,5,5,4,2,30,1,1,9,0,0,7,0,201100002195B02,10,9,1,200043123
201100002205,2011-01-19,2011,janvier,mercredi,18:30,56,56166,47.933,-3.3443,1,1,1,3,1,4,2,01,1,1,0,50,1,0,1,3,1,20,5,1,9,0,2,1,21,201100002205B02,3,0,1,200042174
201100002214,2011-05-18,2011,mai,mercredi,08:00,56,56036,47.78298,-3.33852,2,6,3,1,1,4,1,01,1,3,0,0,1,0,1,3,1,49,1,1,4,0,2,4,1,201100002214B02,7,9,1,200042174
201100002218,2011-07-17,2011,juillet,dimanche,10:15,56,56040,47.83977,-3.35746,1,1,3,1,8,4,2,00,1,4,0,0,2,0,1,3,1,52,5,1,9,0,2,1,1,201100002218B02,7,19,1,200042174
201100002237,2011-07-05,2011,juillet,mardi,17:45,56,56013,0,0,1,1,3,1,8,3,2,00,1,1,0,60,1,5,1,3,1,87,5,1,2,0,2,7,1,201100002237B02,7,19,1,200043123
201100002238,2011-08-18,2011,août,jeudi,05:15,56,56119,0,0,1,1,1,3,5,3,2,02,2,1,0,63,1,0,1,3,1,19,1,1,9,0,2,3,1,201100002238A01,7,17,1,200043123
201100002255,2011-06-23,2011,juin,jeudi,17:30,56,56227,0,0,1,1,2,1,1,3,2,02,3,1,0,62,1,0,1,2,1,66,5,1,2,0,0,4,2,201100002255B02,7,1,1,200066777
201100002260,2011-07-18,2011,juillet,lundi,19:30,56,56165,0,0,1,6,2,1,1,3,4,02,1,-1,0,0,1,0,1,4,1,40,5,1,2,0,0,4,1,201100002260B02,7,9,1,200066777
201100002279,2011-07-26,2011,juillet,mardi,11:00,56,56020,47.78936,-2.4624,1,1,3,1,1,4,2,01,2,1,0,30,1,5,1,3,1,63,5,1,2,0,2,1,1,201100002279A01,7,15,1,200066785
201100002299,2011-07-23,2011,juillet,samedi,12:00,56,56017,0,0,1,1,3,1,1,3,2,00,1,1,0,71,1,0,1,3,1,41,5,1,9,0,2,3,15,201100002299A01,7,1,1,200096683
201100002307,2011-11-25,2011,novembre,vendredi,18:15,56,56017,0,0,1,1,6,3,1,3,2,02,1,1,0,60,1,0,1,4,1,46,3,2,4,0,2,8,1,201100002307B02,,,,200096683
201100002324,2011-08-01,2011,août,lundi,18:45,56,56076,48.03108,-3.08969,1,1,1,1,1,4,2,00,1,1,0,42,1,0,1,3,1,9,5,1,9,0,2,8,9,201100002324B02,7,1,1,245614433
201100002345,2011-08-29,2011,août,lundi,18:45,56,56174,0,0,1,9,3,1,1,3,2,02,1,3,0,72,1,0,1,3,1,14,5,1,2,0,2,8,15,201100002345A01,7,1,1,200096683
201100002347,2011-11-13,2011,novembre,dimanche,01:00,56,56074,0,0,1,1,3,3,1,3,3,04,-1,1,10,70,1,0,1,2,1,19,5,1,9,0,2,7,14,201100002347A01,7,1,1,200096675
201100002369,2011-06-12,2011,juin,dimanche,08:30,14,14384,49.3033,-0.35659,1,3,3,1,1,3,2,02,2,1,0,43,1,0,1,3,1,79,5,2,2,0,2,8,15,201100002369A02,7,21,1,241400860
201100002386,2011-03-23,2011,mars,mercredi,14:00,14,14074,49.0868,-0.19118,1,3,1,1,1,4,2,02,2,3,0,26,1,0,3,3,1,12,5,3,8,0,2,1,1,201100002386B02,10,1,1,
201100002387,2011-03-28,2011,mars,lundi,10:30,14,14486,48.9808,-0.21362,1,1,7,1,1,3,2,02,2,1,0,27,1,0,1,3,1,52,5,2,2,0,0,0,1,201100002387A01,,,,241400514
201100002399,2011-03-28,2011,mars,lundi,15:00,14,14488,49.2872,-0.24968,2,1,3,1,1,4,2,02,1,2,0,0,9,0,5,3,1,63,5,3,8,0,2,1,1,201100002399B01,17,16,1,200065597
201100002402,2011-05-03,2011,mai,mardi,09:00,14,14166,49.2729,-0.30093,2,2,3,1,1,3,2,02,-1,1,0,0,1,0,1,3,1,59,5,3,8,0,2,1,15,201100002402B01,7,1,1,200065597
201100002409,2011-03-22,2011,mars,mardi,15:00,14,14724,49.271,-0.159,1,1,1,1,1,4,2,02,1,1,0,43,1,0,1,3,2,42,5,3,1,0,2,8,13,201100002409B02,7,21,1,200065563
201100002430,2011-04-17,2011,avril,dimanche,12:00,14,14468,0,0,1,1,1,1,1,3,2,02,2,2,0,50,1,0,1,3,1,51,5,1,2,0,2,1,13,201100002430A01,7,1,1,200066801
201100002459,2011-04-20,2011,avril,mercredi,15:05,14,14099,49.0292,-0.02636,1,1,1,1,1,3,2,02,1,1,0,70,1,0,1,3,1,59,5,2,9,0,2,8,2,201100002459B02,7,1,1,
201100002466,2011-08-19,2011,août,vendredi,09:45,14,14431,49.077,-0.07,2,6,3,1,1,3,2,02,1,1,0,60,1,5,1,3,1,65,5,1,2,0,2,1,1,201100002466A01,7,9,1,200069532
201100002497,2011-04-26,2011,avril,mardi,15:00,14,14231,0,0,1,3,3,1,1,3,2,02,-1,1,46,0,1,0,1,3,2,14,5,3,1,0,2,9,9,201100002497B02,7,1,1,200065563
201100002499,2011-05-29,2011,mai,dimanche,11:15,14,14198,49.2333,0.02531,1,3,3,1,1,3,2,02,1,2,0,0,1,0,1,3,1,45,5,1,2,0,2,1,16,201100002499A01,7,1,1,200065563
201100002522,2011-10-31,2011,octobre,lundi,15:15,14,14347,0,0,1,1,1,1,1,4,2,00,-1,-1,0,0,-1,0,1,3,1,7,0,1,2,0,2,1,5,201100002522B02,7,0,1,200069524
201100002540,2011-06-16,2011,juin,jeudi,18:30,50,50356,0,0,2,1,1,1,1,9,2,02,2,-1,0,52,1,0,1,3,1,8,5,3,1,0,2,8,15,201100002540B02,7,2,1,200066389
201100002546,2011-10-26,2011,octobre,mercredi,19:00,50,50292,0,0,2,1,1,5,1,4,1,01,-1,2,0,63,1,0,1,3,1,82,5,2,4,0,2,1,5,201100002546A01,7,1,1,200066389
201100002573,2011-04-16,2011,avril,samedi,15:50,94,94054,48.7392,2.36359,1,4,3,1,1,1,1,01,2,1,0,50,1,3,1,4,2,68,5,3,9,0,2,7,12,201100002573A01,7,1,1,200054781
201100002579,2011-09-15,2011,septembre,jeudi,09:15,50,50202,0,0,1,1,3,1,1,3,2,02,2,1,0,0,1,5,1,3,2,15,2,3,1,0,2,1,1,201100002579B02,7,15,1,
201100002593,2011-07-13,2011,juillet,mercredi,17:00,50,50025,0,0,2,1,3,1,1,3,2,00,1,1,0,0,1,0,1,3,2,12,5,3,1,0,2,8,19,201100002593B02,7,1,1,200069425
201100002604,2011-07-03,2011,juillet,dimanche,11:45,50,50066,0,0,2,1,1,1,1,3,2,02,2,2,0,0,1,0,1,3,1,13,5,2,2,0,2,1,13,201100002604A01,10,0,1,200042604
201100002607,2011-09-05,2011,septembre,lundi,15:15,50,50027,48.725,-1.424,1,1,1,1,1,3,2,02,1,2,0,57,1,0,1,2,1,58,5,3,1,0,0,1,0,201100002607B02,10,0,1,200069425
201100002610,2011-01-21,2011,janvier,vendredi,11:00,50,50331,0,0,1,1,1,1,1,3,2,01,1,1,0,33,1,0,1,3,1,72,5,1,2,0,2,3,15,201100002610B02,7,1,1,
201100002621,2011-09-13,2011,septembre,mardi,16:15,50,50065,48.557,-1.49,1,1,2,1,1,3,2,02,1,1,0,62,1,0,1,3,1,58,5,1,2,14,0,1,2,201100002621B02,7,2,1,
201100002654,2011-03-23,2011,mars,mercredi,16:00,50,50178,0,0,2,1,1,1,1,3,2,02,2,1,0,0,1,0,1,3,1,65,5,1,2,0,0,6,1,201100002654B02,7,17,1,200067205
201100002661,2011-06-13,2011,juin,lundi,18:00,50,50618,0,0,1,1,1,1,1,3,2,02,-1,1,0,60,1,0,1,3,2,82,5,3,1,0,2,8,19,201100002661A01,7,1,1,200067205
201100002664,2011-08-02,2011,août,mardi,17:30,50,50342,0,0,1,1,1,1,1,3,2,00,1,1,0,64,1,0,1,3,1,30,5,2,2,0,2,1,1,201100002664B02,7,15,1,200067205
201100002676,2011-12-09,2011,décembre,vendredi,12:30,50,50058,0,0,1,1,2,1,1,3,2,02,1,2,25,84,1,5,1,3,1,64,3,3,8,0,0,4,1,201100002676B02,7,1,1,200067023
201100002689,2011-10-20,2011,octobre,jeudi,09:15,50,50626,0,0,1,1,2,1,1,3,2,02,2,1,0,50,1,0,1,3,1,70,5,3,1,0,2,4,1,201100002689B02,7,1,1,200067023
201100002695,2011-05-12,2011,mai,jeudi,19:30,50,50403,49.194,-1.572,1,1,3,1,1,3,2,02,1,3,0,50,-1,0,1,3,1,12,5,3,1,0,2,0,19,201100002695B02,7,1,1,200067031
201100002702,2011-10-22,2011,octobre,samedi,11:15,50,50510,49.183,-1.37,1,1,2,1,1,3,2,02,1,1,0,70,1,0,1,3,1,60,5,1,2,0,0,4,1,201100002702B02,7,1,1,200067031
201100002707,2011-11-27,2011,novembre,dimanche,17:45,50,50510,0,0,1,1,3,2,1,3,2,02,1,1,0,72,1,0,1,3,1,51,5,2,2,0,2,8,2,201100002707B02,7,2,1,200067031
201100002720,2011-06-24,2011,juin,vendredi,18:45,50,50484,0,0,2,1,1,1,1,3,2,00,1,1,0,60,1,0,1,4,1,42,5,1,2,0,2,1,1,201100002720B02,7,15,1,200069425
201100002733,2011-01-24,2011,janvier,lundi,06:50,01,01053,0,0,2,3,6,5,1,3,2,02,1,1,0,0,1,0,1,4,1,48,1,2,4,0,2,8,15,201100002733A01,7,1,1,200071751
201100002750,2011-03-10,2011,mars,jeudi,15:40,01,01053,0,0,2,1,7,1,1,3,2,04,1,1,0,0,1,0,4,3,1,59,0,2,9,0,0,0,0,201100002750A01,,,,200071751
201100002758,2011-03-24,2011,mars,jeudi,20:00,01,01053,0,0,2,3,6,5,1,4,2,02,1,1,0,0,1,0,0,3,1,51,9,2,4,0,2,4,15,201100002758A01,7,1,1,200071751
201100002786,2011-06-17,2011,juin,vendredi,21:30,01,01053,0,0,2,2,3,5,2,4,-1,02,1,1,0,0,2,0,1,3,1,15,5,3,9,0,2,1,15,201100002786A01,7,1,1,200071751
201100002797,2011-07-12,2011,juillet,mardi,12:25,01,01053,0,0,2,1,6,1,1,4,-1,01,1,1,0,0,1,0,4,4,2,41,4,3,9,15,0,1,1,201100002797A01,10,23,1,200071751
201100002801,2011-08-05,2011,août,vendredi,10:05,01,01053,0,0,2,3,3,1,1,4,2,02,1,1,0,78,9,0,1,4,2,51,1,1,4,0,2,1,0,201100002801A01,7,0,1,200071751
201100002831,2011-10-31,2011,octobre,lundi,15:45,01,01053,0,0,2,1,3,1,1,4,2,02,1,1,0,70,1,0,1,4,1,70,5,1,2,0,2,1,1,201100002831B01,7,15,1,200071751
201100002835,2011-11-08,2011,novembre,mardi,07:40,01,01053,0,0,2,1,7,1,1,4,1,02,2,1,0,90,1,0,1,4,1,47,1,2,2,1,0,1,1,201100002835B01,7,24,1,200071751
201100002836,2011-11-08,2011,novembre,mardi,16:55,01,01053,0,0,2,1,6,5,1,4,2,02,1,1,0,0,2,0,1,4,1,11,2,3,2,0,2,8,19,201100002836B01,30,1,1,200071751
201100002838,2011-11-12,2011,novembre,samedi,16:10,01,01053,0,0,2,6,3,1,1,3,-1,00,1,-1,0,0,-1,0,1,4,1,21,0,2,9,0,0,5,0,201100002838B01,7,0,1,200071751
201100002841,2011-11-14,2011,novembre,lundi,06:50,01,01451,0,0,1,1,2,3,1,3,2,02,1,1,0,37,1,0,1,3,1,58,1,3,4,0,2,4,2,201100002841B01,2,2,1,200071751
201100002876,2011-05-23,2011,mai,lundi,18:00,61,61352,0,0,2,1,3,1,1,3,2,02,1,1,0,55,1,0,1,3,2,10,5,1,9,0,2,1,1,201100002876A01,7,1,1,200068450
201100002877,2011-07-06,2011,juillet,mercredi,19:30,61,61494,0,0,2,3,5,1,1,4,2,02,1,3,0,34,1,0,1,3,1,8,5,2,2,0,2,3,15,201100002877B02,7,1,1,200068450
201100002877,2011-07-06,2011,juillet,mercredi,19:30,61,61494,0,0,2,3,5,1,1,4,2,02,1,3,0,34,1,0,1,3,1,7,5,2,2,0,2,3,15,201100002877C03,7,1,1,200068450
201100002893,2011-05-06,2011,mai,vendredi,17:15,61,61091,0,0,1,2,3,1,1,3,2,02,1,2,0,64,1,5,1,3,1,53,5,1,2,0,2,1,1,201100002893B02,7,19,1,200071520
201100002897,2011-08-01,2011,août,lundi,12:30,61,61091,0,0,1,2,3,1,7,3,2,02,1,1,,55,2,,1,3,1,74,5,1,2,0,2,1,19,201100002897A01,7,1,1,200071520
201100002984,2011-12-09,2011,décembre,vendredi,11:30,44,44172,47.262,-1.479,2,1,3,1,2,4,2,02,1,1,70,0,2,0,1,3,1,11,2,3,8,0,2,1,19,201100002984A01,7,1,1,244400404
201100003002,2011-04-08,2011,avril,vendredi,17:15,44,44223,47.071,-1.524,2,2,3,1,1,4,2,00,1,1,35,0,1,0,1,3,1,15,5,2,2,0,2,3,1,201100003002B02,10,1,1,244400438
201100003021,2011-06-01,2011,juin,mercredi,14:00,44,44215,0,0,2,1,1,1,1,4,-1,00,2,-1,0,35,1,0,1,3,1,14,5,1,2,0,2,8,1,201100003021B02,7,1,1,244400404
201100003024,2011-01-09,2011,janvier,dimanche,11:30,44,44003,0,0,1,1,1,1,2,3,2,00,1,1,0,0,2,0,1,3,1,66,5,1,2,0,2,4,1,201100003024B02,7,1,1,244400552
201100003029,2011-08-29,2011,août,lundi,11:45,44,44191,0,0,1,2,3,1,1,3,2,02,3,1,0,67,1,5,1,2,1,53,5,1,2,0,2,7,19,201100003029B02,7,1,1,
201100003031,2011-09-27,2011,septembre,mardi,15:00,44,44163,0,0,1,4,1,1,1,3,2,02,1,2,0,66,1,0,1,2,1,73,5,1,2,0,2,8,15,201100003031B02,7,1,1,244400552
201100003035,2011-12-26,2011,décembre,lundi,13:30,44,44213,0,0,1,1,7,1,1,4,2,00,4,1,0,0,1,0,1,3,1,68,5,1,2,0,0,0,1,201100003035A01,,,,244400552
201100003081,2011-08-31,2011,août,mercredi,09:15,44,44023,47.425,-1.881,1,1,2,1,1,3,2,02,3,1,0,60,1,0,1,3,1,62,5,1,2,0,2,4,1,201100003081B02,7,1,1,244400453
201100003097,2011-11-30,2011,novembre,mercredi,12:45,44,44015,47.48,-1.722,2,3,3,1,1,4,2,02,1,1,0,50,1,0,1,3,1,72,5,2,2,0,2,7,13,201100003097B02,7,16,1,244400453
201100003109,2011-02-24,2011,février,jeudi,15:00,44,44086,47.686,-1.611,1,1,3,1,1,3,2,01,1,1,0,53,1,0,1,3,1,64,5,1,2,0,2,1,1,201100003109B02,21,15,1,200072726
201100003110,2011-03-12,2011,mars,samedi,17:00,44,44086,47.668,-1.604,1,2,3,1,1,3,2,02,2,1,0,67,1,0,1,3,1,71,5,2,2,0,2,1,1,201100003110A01,7,1,1,200072726
201100003115,2011-10-06,2011,octobre,jeudi,18:15,44,44193,47.659,-1.501,2,1,1,1,1,3,2,02,1,1,0,0,1,0,1,3,1,17,5,1,2,0,2,8,15,201100003115A01,7,1,1,200072726
201100003142,2011-12-12,2011,décembre,lundi,15:45,44,44131,0,0,2,1,1,1,6,4,1,01,2,4,0,0,1,0,1,4,1,67,5,3,1,0,2,1,0,201100003142B02,7,0,1,200067346
201100003161,2011-02-09,2011,février,mercredi,10:15,44,44087,0,0,2,1,1,1,1,6,2,00,-1,1,0,43,1,0,1,3,2,63,0,1,2,0,2,7,1,201100003161B02,7,16,1,200071546
201100003172,2011-12-10,2011,décembre,samedi,12:00,44,44157,0,0,2,1,3,1,1,3,2,02,1,2,0,77,1,5,1,2,1,70,5,3,1,0,2,8,1,201100003172B02,7,15,1,200071546
201100003176,2011-03-01,2011,mars,mardi,15:30,44,44047,47.226,-1.688,2,6,3,1,1,9,2,00,1,-1,0,70,1,5,1,3,2,42,9,1,2,0,2,8,18,201100003176A01,17,15,1,244400404
201100003185,2011-09-12,2011,septembre,lundi,14:30,44,44047,0,0,2,6,1,1,2,9,-1,01,1,-1,0,40,2,5,1,3,1,48,5,1,2,0,2,7,1,201100003185B02,7,9,1,244400404
201100003197,2011-04-20,2011,avril,mercredi,12:45,44,44151,47.339,-2.312,1,2,1,1,1,4,2,00,4,1,0,36,1,0,1,3,1,53,5,3,8,0,2,8,1,201100003197B02,38,1,1,244400644
201100003206,2011-07-15,2011,juillet,vendredi,15:00,44,44097,47.402,-2.481,2,1,3,1,2,3,2,00,1,1,0,0,2,0,1,3,1,54,5,2,2,1,0,1,1,201100003206B02,10,22,1,244400610
201100003208,2011-08-16,2011,août,mardi,10:00,44,44049,47.287,-2.505,2,6,3,1,1,4,2,02,1,1,0,0,1,5,1,3,1,35,5,1,2,0,2,1,9,201100003208B02,7,9,1,244400610
201100003209,2011-08-20,2011,août,samedi,08:45,44,44183,47.374,-2.409,1,1,2,1,1,3,2,02,1,3,0,60,1,0,1,3,2,69,5,2,2,0,2,4,15,201100003209B02,7,2,1,244400610
201100003230,2011-11-20,2011,novembre,dimanche,10:15,44,44168,47.374,-2.196,1,2,3,1,1,3,2,02,1,1,0,60,1,0,1,3,1,61,5,1,2,0,2,3,15,201100003230A01,7,1,1,244400644
201100003236,2011-04-04,2011,avril,lundi,16:45,44,44129,47.435,-2.11,2,1,1,1,1,4,2,02,-1,-1,0,32,1,0,1,3,1,15,2,1,2,0,0,1,19,201100003236A01,10,1,1,200000438
201100003286,2011-03-27,2011,mars,dimanche,07:15,49,49222,47.37731,-0.55345,1,1,2,2,2,3,2,03,2,1,0,0,2,0,3,3,1,35,5,2,2,0,0,4,1,201100003286B02,7,2,1,200071553
201100003292,2011-07-15,2011,juillet,vendredi,18:00,49,49345,47.27306,-0.52246,1,3,3,1,1,3,2,00,1,1,0,48,1,0,0,3,1,19,9,2,2,0,2,1,9,201100003292B01,7,1,1,200071553
201100003321,2011-12-10,2011,décembre,samedi,11:15,49,49323,47.52033,-0.47398,2,1,1,1,1,9,2,01,1,1,0,50,1,5,1,3,1,47,5,1,2,0,2,1,5,201100003321A01,10,1,1,244900015
201100003332,2011-11-13,2011,novembre,dimanche,21:00,49,49244,47.35772,-0.86057,2,1,6,5,1,3,2,02,1,1,0,61,1,0,1,3,1,36,5,1,2,0,2,0,0,201100003332A01,,,,200060010
201100003363,2011-06-15,2011,juin,mercredi,08:00,49,49192,47.01532,-0.74425,1,1,3,1,1,3,2,02,-1,1,0,60,1,5,1,3,1,62,5,1,2,0,2,8,1,201100003363B02,7,19,1,200071678
201100003367,2011-09-22,2011,septembre,jeudi,15:30,49,49285,47.10995,-1.12308,1,1,1,1,1,3,2,02,4,1,0,70,1,0,1,2,2,71,5,1,2,0,0,1,1,201100003367A01,3,2,1,
201100003369,2011-10-11,2011,octobre,mardi,17:30,49,49260,47.07052,-1.02409,1,1,3,1,1,3,2,02,2,1,0,60,1,0,1,3,1,64,5,1,2,0,2,1,1,201100003369B02,7,15,1,200071678
201100003382,2011-10-14,2011,octobre,vendredi,14:15,49,49276,47.36522,-0.96448,1,1,1,1,1,3,2,02,1,1,0,64,1,0,1,3,1,73,5,1,2,0,2,3,1,201100003382B02,7,17,1,
201100003385,2011-11-19,2011,novembre,samedi,15:30,49,49204,47.36679,-0.9333,2,3,3,1,7,3,2,00,1,1,0,0,1,0,1,4,1,37,5,1,2,0,2,7,1,201100003385B02,7,9,1,
201100003397,2011-06-11,2011,juin,samedi,13:30,49,49373,47.13525,-0.57798,1,1,1,1,1,3,2,00,3,1,0,45,1,0,1,3,2,59,5,2,2,0,2,0,13,201100003397B02,7,1,1,200071678
201100003422,2011-08-21,2011,août,dimanche,10:00,49,49149,47.30711,-0.28889,1,1,1,1,1,3,2,00,-1,1,56,0,1,0,1,3,1,42,5,1,2,0,2,1,2,201100003422A01,1,2,1,
201100003422,2011-08-21,2011,août,dimanche,10:00,49,49149,47.30711,-0.28889,1,1,1,1,1,3,2,00,-1,1,56,0,1,0,1,1,1,37,5,1,2,0,2,4,2,201100003422B02,1,2,1,
201100003435,2011-04-13,2011,avril,mercredi,15:45,49,49253,47.15348,-0.24974,1,1,1,1,1,3,2,02,1,1,0,57,1,0,3,3,1,19,5,1,2,0,2,1,1,201100003435B02,7,13,1,200071876
201100003438,2011-04-28,2011,avril,jeudi,19:00,49,49060,47.214,-0.06876,2,1,6,1,1,4,2,00,1,1,0,45,1,0,1,3,1,16,0,1,2,1,0,1,1,201100003438A01,,,,200071876
201100003463,2011-02-19,2011,février,samedi,18:00,49,49367,47.58012,-0.85457,1,1,5,1,1,3,2,02,-1,1,0,57,2,0,1,3,1,50,5,2,2,0,2,1,0,201100003463B02,10,1,1,200071868
201100003463,2011-02-19,2011,février,samedi,18:00,49,49367,47.58012,-0.85457,1,1,5,1,1,3,2,02,-1,1,0,57,2,0,1,2,2,23,5,2,2,0,2,1,1,201100003463C03,10,1,1,200071868
201100003481,2011-08-16,2011,août,mardi,13:45,49,49347,47.60165,-0.45827,1,3,3,1,1,3,2,02,1,1,0,56,1,0,3,3,1,17,1,2,2,0,2,8,15,201100003481B02,7,1,1,200068955
201100003508,2011-09-22,2011,septembre,jeudi,07:15,53,53097,48.15568,-0.3505,1,1,2,3,5,3,2,02,4,1,0,63,1,0,1,3,1,25,1,1,4,0,2,4,2,201100003508B02,10,2,1,200033298
201100003536,2011-09-23,2011,septembre,vendredi,18:30,53,53084,47.85222,-0.94462,1,1,2,1,7,3,2,02,-1,1,0,54,1,0,1,3,2,84,9,3,2,0,0,4,2,201100003536B02,7,2,1,200048551
201100003563,2011-08-25,2011,août,jeudi,11:15,53,53132,48.41874,-0.8993,1,1,2,1,1,3,2,02,1,1,0,65,1,0,1,2,1,86,5,3,1,0,0,4,0,201100003563B02,7,14,1,245300389
201100003566,2011-11-19,2011,novembre,samedi,15:15,53,53181,48.42385,-1.06354,1,1,2,1,7,3,2,02,1,1,0,60,1,0,1,3,1,56,5,1,2,0,0,8,1,201100003566B02,7,1,1,245300389
201100003572,2011-05-03,2011,mai,mardi,13:00,53,53160,48.37834,-0.53175,1,1,6,1,1,3,2,03,2,1,0,99,1,0,1,3,1,21,4,3,2,0,2,1,5,201100003572A01,7,17,1,200055887
201100003591,2011-06-07,2011,juin,mardi,11:15,53,53185,48.481,-0.155,1,1,1,1,1,2,2,02,1,1,0,75,1,0,1,4,1,54,5,1,2,0,2,1,1,201100003591B02,7,15,1,200042182
201100003604,2011-06-11,2011,juin,samedi,18:50,01,01283,0,0,2,1,1,1,1,4,2,02,1,2,0,60,-1,0,1,3,1,8,0,3,9,0,2,1,0,201100003604B01,7,0,1,200042935
201100003605,2011-07-03,2011,juillet,dimanche,08:00,01,01283,0,0,2,1,3,1,7,9,2,01,1,-1,0,0,1,0,1,3,1,31,5,1,2,0,0,7,2,201100003605B01,10,2,1,200042935
201100003622,2011-07-13,2011,juillet,mercredi,18:45,72,72042,47.98,0.561,2,1,1,1,1,3,2,00,1,1,55,0,1,0,1,4,1,18,5,1,9,0,2,0,9,201100003622B02,10,1,1,200072684
201100003627,2011-03-25,2011,mars,vendredi,11:00,72,72386,0,0,1,2,1,1,1,3,2,00,2,1,0,0,1,0,1,4,1,36,5,1,2,0,0,1,1,201100003627B02,7,1,1,247200132
201100003680,2011-12-05,2011,décembre,lundi,17:15,72,72075,47.932,-0.028,1,1,5,3,1,3,2,01,1,1,0,57,1,0,1,3,1,44,0,1,2,0,0,4,1,201100003680C03,37 / 7,1 / 17,2,247200629
201100003747,2011-08-24,2011,août,mercredi,09:30,72,72170,0,0,1,1,6,1,1,3,2,02,-1,1,0,70,1,0,1,3,1,48,5,1,2,0,2,0,1,201100003747B02,17,17,1,200072676
201100003759,2011-05-09,2011,mai,lundi,14:45,72,72383,0,0,2,1,7,1,1,3,2,02,2,1,0,54,1,0,3,3,2,54,5,1,4,0,0,0,2,201100003759A01,,,,247200686
201100003760,2011-05-18,2011,mai,mercredi,19:15,72,72081,0,0,2,6,1,1,1,3,2,02,1,1,0,56,1,5,1,3,2,24,1,3,1,0,2,2,1,201100003760B02,7,9,1,
201100003769,2011-12-08,2011,décembre,jeudi,04:15,72,72080,0,0,1,1,5,3,2,3,2,02,2,2,0,0,2,0,1,3,1,58,1,1,9,0,2,8,2,201100003769A01,13 / 7,1 / 21,2,247200686
201100003796,2011-04-14,2011,avril,jeudi,11:15,85,85051,46.67491,-1.04709,2,3,3,1,1,4,2,02,1,1,0,40,1,0,1,3,1,62,5,1,2,0,2,1,16,201100003796A01,7,1,1,248500340
201100003817,2011-04-17,2011,avril,dimanche,18:15,85,85109,46.86866,-0.9884,2,1,7,1,1,4,2,02,2,1,0,0,1,0,1,3,2,16,5,1,9,0,0,0,0,201100003817A01,,,,248500621
201100003824,2011-08-11,2011,août,jeudi,11:30,85,85301,0,0,1,1,1,1,1,3,2,02,1,1,0,72,1,0,3,3,2,61,5,1,2,0,2,8,1,201100003824B02,15,21,1,248500621
201100003827,2011-08-30,2011,août,mardi,08:30,85,85215,0,0,2,1,3,2,7,3,2,02,1,1,0,64,1,0,1,3,1,42,5,1,2,0,0,8,1,201100003827B02,7,15,1,200071918
201100003832,2011-11-10,2011,novembre,jeudi,13:30,85,85109,0,0,2,6,3,1,1,3,-1,00,1,-1,0,0,1,0,1,3,2,57,1,1,9,0,2,1,1,201100003832B02,7,16,1,248500621