Num_Acc,date,an,mois,jour,hrmn,dep,com,lat,long,agg,int,col,lum,atm,catr,circ,nbv,prof,plan,lartpc,larrout,surf,infra,situ,grav,sexe,age,trajet,secuexist,equipement,obs,obsm,choc,manv,vehiculeid,typevehicules,manoeuvehicules,numVehicules,_infos_commune.code_epci
201100003848,2011-12-05,2011,décembre,lundi,07:45,85,85107,0,0,1,1,2,2,8,3,2,02,1,1,0,0,2,0,1,3,1,31,1,1,9,0,0,4,15,201100003848B02,7,17,1,
201100003864,2011-05-27,2011,mai,vendredi,16:30,85,85178,0,0,1,6,3,1,1,3,1,00,1,2,0,0,1,5,1,3,1,21,5,2,2,0,2,4,1,201100003864B02,7,1,1,200072882
201100003868,2011-09-20,2011,septembre,mardi,07:00,85,85003,0,0,1,1,3,2,1,3,2,02,1,1,0,0,1,0,1,2,2,15,2,1,4,0,2,7,19,201100003868A01,7,1,1,200072882
201100003893,2011-11-06,2011,novembre,dimanche,18:15,85,85227,0,0,2,1,3,3,2,3,2,02,4,2,65,0,2,0,1,3,1,51,5,1,9,0,2,1,1,201100003893B02,7,15,1,248500563
201100003928,2011-06-24,2011,juin,vendredi,16:15,85,85113,46.71608,-2.32321,1,2,5,1,1,4,2,01,1,1,0,37,1,0,1,2,2,18,5,1,9,0,2,8,19,201100003928B02,7,13,1,
201100003928,2011-06-24,2011,juin,vendredi,16:15,85,85113,46.71608,-2.32321,1,2,5,1,1,4,2,01,1,1,0,37,1,0,1,1,1,18,5,1,9,0,2,8,19,201100003928C03,7,13,1,
201100003936,2011-08-07,2011,août,dimanche,10:45,85,85161,0,0,1,3,5,1,2,3,2,02,1,3,0,50,2,5,1,3,1,59,5,1,2,0,2,3,1,201100003936B02,7,15,1,248500530
201100003936,2011-08-07,2011,août,dimanche,10:45,85,85161,0,0,1,3,5,1,2,3,2,02,1,3,0,50,2,5,1,3,1,59,5,1,2,0,2,3,1,201100003936C03,7,15,1,248500530
201100003965,2011-08-02,2011,août,mardi,16:45,85,85234,0,0,2,2,4,1,3,3,2,02,1,1,0,72,2,5,5,3,1,58,5,1,2,0,0,8,1,201100003965A01,7,19 / 23,2,248500258
201100003973,2011-11-29,2011,novembre,mardi,08:45,85,85234,0,0,2,1,3,1,1,4,2,02,1,1,0,60,1,0,1,3,2,59,1,1,9,0,2,1,1,201100003973B02,7,15,1,248500258
201100004022,2011-10-15,2011,octobre,samedi,16:00,33,33236,0,0,2,1,3,1,1,3,2,00,1,1,0,77,1,0,5,3,2,50,5,3,1,0,2,6,1,201100004022B02,7,1,1,243301504
201100004029,2011-01-21,2011,janvier,vendredi,23:30,33,33449,0,0,2,6,2,5,1,3,-1,01,-1,2,0,88,1,5,1,3,1,20,1,1,2,0,2,4,1,201100004029A01,7,1,1,243300316
201100004050,2011-10-27,2011,octobre,jeudi,16:00,33,33449,0,0,2,1,6,1,1,4,2,02,-1,1,0,0,1,0,1,3,1,13,5,3,8,0,2,3,13,201100004050A01,14,1,1,243300316
201100004082,2011-05-06,2011,mai,vendredi,16:15,33,33438,44.577,-0.249,1,1,6,1,1,3,2,02,1,1,0,68,1,0,1,1,1,47,0,1,2,0,2,8,1,201100004082B02,,,,200043974
201100004082,2011-05-06,2011,mai,vendredi,16:15,33,33438,44.577,-0.249,1,1,6,1,1,3,2,02,1,1,0,68,1,0,1,3,2,65,0,1,2,0,2,8,1,201100004082B02,,,,200043974
201100004097,2011-05-11,2011,mai,mercredi,15:30,33,33084,0,0,1,1,4,1,1,3,2,00,1,1,0,66,1,0,1,3,1,77,5,1,2,0,2,4,2,201100004097C03,7,2,2,243301439
201100004103,2011-12-12,2011,décembre,lundi,06:30,33,33363,0,0,1,1,1,3,3,3,2,02,1,1,0,60,2,0,1,2,1,41,1,2,4,0,2,1,1,201100004103B02,7,17,1,243301215
201100004123,2011-07-03,2011,juillet,dimanche,09:15,33,33452,44.62,-0.411,1,1,1,1,1,3,2,02,1,1,0,56,1,0,1,3,1,57,5,1,9,0,9,8,15,201100004123B02,1,17,1,200069581
201100004123,2011-07-03,2011,juillet,dimanche,09:15,33,33452,44.62,-0.411,1,1,1,1,1,3,2,02,1,1,0,56,1,0,1,4,1,39,5,1,9,0,9,7,17,201100004123A01,1,15,1,200069581
201100004141,2011-04-08,2011,avril,vendredi,06:45,33,33227,0,0,2,6,1,5,1,2,-1,00,1,-1,0,0,1,5,1,3,1,40,1,2,4,0,2,1,0,201100004141A01,7,9,1,200043974
201100004147,2011-04-03,2011,avril,dimanche,13:30,33,33195,44.395,-0.038,2,1,1,1,1,4,2,02,1,1,0,120,1,0,1,3,1,9,5,2,2,0,2,8,19,201100004147B02,7,1,1,200043982
201100004213,2011-10-14,2011,octobre,vendredi,15:00,33,33538,0,0,1,1,1,1,1,3,2,02,1,1,0,43,1,0,1,3,1,25,5,2,2,0,0,1,0,201100004213B02,14,1,1,200070720
201100004250,2011-08-01,2011,août,lundi,18:15,33,33154,0,0,1,1,2,1,1,3,2,00,1,1,0,0,1,0,1,3,1,80,5,3,1,0,2,8,15,201100004250B02,7,1,1,200070092
201100004262,2011-03-05,2011,mars,samedi,15:30,33,33402,0,0,2,1,1,1,1,9,1,00,1,-1,0,41,1,0,1,3,2,79,3,1,2,1,0,7,1,201100004262B02,7,22,1,243301371
201100004303,2011-07-02,2011,juillet,samedi,15:30,24,24561,45.533,0.056,1,1,1,1,1,3,-1,02,1,1,0,60,1,0,1,4,2,59,5,3,1,0,2,1,2,201100004303A01,1,2,1,
201100004303,2011-07-02,2011,juillet,samedi,15:30,24,24561,45.533,0.056,1,1,1,1,1,3,-1,02,1,1,0,60,1,0,1,1,1,61,5,3,1,0,2,0,2,201100004303B02,1,2,1,
201100004351,2011-05-29,2011,mai,dimanche,10:30,24,24223,44.83,0.7,2,1,3,1,1,3,2,02,1,1,0,69,1,0,1,3,1,48,5,2,2,0,2,1,17,201100004351B02,7,15,1,200034833
201100004366,2011-08-25,2011,août,jeudi,17:30,24,24335,44.416,0.374,1,1,1,1,1,3,2,02,1,1,0,65,1,0,1,3,1,61,5,1,2,0,2,8,13,201100004366A01,7,1,1,243301371
201100004444,2011-09-06,2011,septembre,mardi,16:30,24,24091,44.804,1.204,2,1,1,1,1,3,2,00,4,1,0,0,1,0,1,3,1,62,5,1,2,0,2,1,1,201100004444B02,7,15,1,200041440
201100004457,2011-08-04,2011,août,jeudi,10:15,24,24396,0,0,2,9,6,1,1,4,1,01,1,1,0,0,1,0,1,1,1,40,5,1,2,0,1,1,1,201100004457A01,,,,200041051
201100004519,2011-10-25,2011,octobre,mardi,11:25,40,40150,0,0,1,2,3,1,2,5,2,02,1,3,0,60,2,0,1,4,1,44,5,1,9,0,2,1,19,201100004519B02,7,1,1,244000857
201100004534,2011-02-13,2011,février,dimanche,15:15,40,40233,0,0,1,1,3,1,1,3,2,02,1,1,0,62,1,0,1,3,2,80,5,2,4,0,2,8,19,201100004534A01,7,1,1,200069417
201100004538,2011-04-21,2011,avril,jeudi,17:00,40,40233,0,0,1,1,1,1,1,3,2,02,2,2,0,65,1,0,1,2,1,37,5,1,2,0,2,1,1,201100004538B02,7,13,1,200069417
201100004577,2011-08-07,2011,août,dimanche,11:20,40,40181,0,0,1,1,5,1,1,3,2,02,1,1,0,65,1,0,1,1,1,38,5,2,2,0,0,4,2,201100004577C03,7,2 / 1,2,244000865
201100004577,2011-08-07,2011,août,dimanche,11:20,40,40181,0,0,1,1,5,1,1,3,2,02,1,1,0,65,1,0,1,4,2,36,5,2,2,0,0,4,2,201100004577D04,7,2 / 1,2,244000865
201100004588,2011-08-25,2011,août,jeudi,10:10,40,40312,0,0,2,1,2,1,1,3,2,02,1,1,0,72,1,0,2,3,1,70,5,1,2,1,0,1,1,201100004588A01,7,24,1,244000659
201100004592,2011-09-09,2011,septembre,vendredi,02:05,40,40209,0,0,1,1,2,3,1,3,3,02,1,1,0,105,1,0,1,3,1,45,0,2,4,0,2,4,1,201100004592B02,7,2,1,244000659
201100004597,2011-04-06,2011,avril,mercredi,09:00,40,40046,0,0,2,2,3,1,1,4,2,02,1,1,0,0,1,0,1,3,1,61,5,1,2,0,2,3,1,201100004597B02,7,19,1,244000873
201100004642,2011-08-02,2011,août,mardi,10:40,40,40185,0,0,1,1,3,1,1,3,2,02,1,1,0,51,1,0,1,3,1,10,5,1,4,0,2,7,9,201100004642A01,7,1,1,200069649
201100004665,2011-04-12,2011,avril,mardi,16:45,47,47091,44.1854,0.58053,2,1,3,1,1,4,2,02,1,1,0,43,1,0,1,3,1,11,5,1,2,0,2,1,19,201100004665A01,7,1,1,200096956
201100004676,2011-09-06,2011,septembre,mardi,08:45,47,47100,44.2546,0.63947,1,1,3,1,1,3,2,02,2,1,0,71,1,0,1,3,1,57,5,1,2,0,0,8,2,201100004676B02,7,2,1,200096956
201100004677,2011-09-12,2011,septembre,lundi,17:15,47,47100,44.2506,0.651,1,1,1,1,1,2,2,02,1,1,0,71,1,0,1,3,1,35,5,3,1,0,0,4,2,201100004677B02,10,2,1,200096956
201100004679,2011-09-18,2011,septembre,dimanche,23:00,47,47145,44.1468,0.65942,1,1,1,3,1,3,2,02,1,1,0,67,1,0,1,3,1,20,5,2,4,0,2,3,2,201100004679B02,15,2,1,200096956
201100004694,2011-09-04,2011,septembre,dimanche,10:15,47,47125,44.33,0.45255,1,1,1,1,1,3,2,02,2,1,0,54,1,0,1,3,1,70,5,3,1,0,2,8,1,201100004694A01,7,17,1,200068922
201100004706,2011-06-24,2011,juin,vendredi,10:30,47,47157,44.5025,0.17177,2,3,6,1,1,4,2,02,1,1,0,0,1,0,1,4,2,86,3,1,2,0,2,2,1,201100004706B01,7,16,1,200030674
201100004747,2011-11-06,2011,novembre,dimanche,12:00,47,47310,44.39,0.30995,2,2,3,1,2,3,2,02,1,1,,,1,0,1,3,2,21,5,2,2,0,2,5,19,201100004747B02,7,1,1,200030674
201100004757,2011-11-11,2011,novembre,vendredi,15:30,47,47078,44.2866,0.28022,2,1,6,1,1,4,2,02,1,1,0,46,1,0,1,4,1,13,5,1,2,0,1,2,1,201100004757A01,,,,200068922
201100004764,2011-07-19,2011,juillet,mardi,20:00,47,47280,44.3981,0.79761,2,1,6,1,2,3,2,02,1,1,0,74,2,0,1,3,1,21,1,1,9,0,0,8,15,201100004764A01,7,17,1,200068930
201100004805,2011-10-11,2011,octobre,mardi,17:00,47,47306,44.3861,0.49639,1,1,1,1,1,3,2,00,1,1,0,59,1,0,1,2,1,13,2,2,2,0,2,1,15,201100004805A01,10,1,1,244701405
201100004811,2011-03-27,2011,mars,dimanche,16:30,64,64230,43.2297,-0.38869,2,1,1,1,1,2,2,02,-1,1,0,75,1,0,1,3,2,53,5,1,4,0,2,1,18,201100004811A01,7,16,1,200067254
201100004817,2011-10-24,2011,octobre,lundi,08:30,64,64315,0,0,2,6,3,1,1,3,2,01,1,2,0,70,1,5,1,4,1,68,5,1,2,0,2,1,1,201100004817B02,7,1,1,200067254
201100004865,2011-05-01,2011,mai,dimanche,14:30,64,64495,0,0,1,6,3,1,1,3,1,01,1,2,0,80,1,0,1,4,1,25,5,1,2,0,2,7,17,201100004865B02,7,13,1,200067106
201100004872,2011-06-25,2011,juin,samedi,11:15,64,64495,43.356,-1.5677,2,1,7,1,1,3,2,02,1,1,0,55,1,0,1,3,1,45,5,2,2,14,0,9,1,201100004872A01,,,,200067106
201100004876,2011-08-23,2011,août,mardi,16:45,64,64495,43.3807,-1.60877,1,1,3,1,1,3,2,02,1,1,0,58,1,0,1,4,2,43,5,1,2,0,2,8,1,201100004876B02,21,0,1,200067106
201100004877,2011-09-02,2011,septembre,vendredi,17:15,64,64504,43.3148,-1.56126,1,1,7,1,2,3,2,02,2,3,0,64,2,0,1,3,1,60,5,1,2,0,0,7,1,201100004877A01,,,,200067106
201100004895,2011-08-13,2011,août,samedi,11:45,64,64279,0,0,1,1,2,1,1,3,2,00,2,2,0,73,1,0,3,2,1,59,5,1,2,0,2,4,1,201100004895B02,7,14,1,200067106
201100004899,2011-10-13,2011,octobre,jeudi,18:00,64,64213,43.3353,-1.45922,1,1,3,1,1,3,2,00,1,2,0,0,1,0,1,3,1,54,5,1,2,0,2,1,1,201100004899B02,7,15,1,200067106
201100004907,2011-08-04,2011,août,jeudi,13:45,64,64485,43.052,-1.057,1,1,1,1,1,3,2,02,1,4,0,60,1,0,1,3,1,68,5,1,2,0,2,3,1,201100004907B02,7,17,1,200067106
201100004908,2011-08-09,2011,août,mardi,10:00,64,64303,43.105,-0.835,1,1,5,1,1,3,2,02,1,1,0,65,1,0,1,4,1,56,5,1,2,0,0,6,1,201100004908B02,7,1,1,200067106
201100004908,2011-08-09,2011,août,mardi,10:00,64,64303,43.105,-0.835,1,1,5,1,1,3,2,02,1,1,0,65,1,0,1,3,2,55,5,1,2,0,0,6,1,201100004908C03,7,1,1,200067106
201100004947,2011-04-16,2011,avril,samedi,11:45,64,64466,0,0,1,1,2,1,1,3,2,02,1,1,0,105,1,0,1,3,2,78,0,1,2,0,0,4,2,201100004947B02,7,2,1,200067288
201100004950,2011-09-23,2011,septembre,vendredi,15:00,64,64420,43.335,-0.712,1,1,5,1,1,3,2,02,4,1,0,0,1,0,1,1,1,26,5,1,4,0,0,0,21,201100004950C03,7,13 / 1,2,200067288
201100004978,2011-07-12,2011,juillet,mardi,19:30,86,86039,46.226,0.206,1,9,1,1,1,4,2,01,1,1,0,28,1,0,1,3,2,10,5,3,8,0,2,7,9,201100004978B02,7,1,1,200070035
201100005002,2011-10-17,2011,octobre,lundi,07:45,86,86294,0,0,2,1,1,2,1,3,2,02,1,1,0,0,1,0,1,3,2,12,2,3,1,0,0,0,2,201100005002A01,7,17,1,200069763
201100005015,2011-09-16,2011,septembre,vendredi,17:45,86,86178,46.488,0.454,2,1,1,1,1,4,-1,00,-1,-1,50,0,1,0,1,3,1,12,5,1,2,0,2,1,19,201100005015B02,7,1,1,200043628
201100005019,2011-02-28,2011,février,lundi,12:30,86,86174,0,0,1,1,3,1,1,3,3,00,3,1,52,148,1,0,1,2,2,83,5,1,2,0,2,3,2,201100005019B02,17,17,1,248600413
201100005028,2011-09-03,2011,septembre,samedi,15:30,86,86258,46.82,0.414,2,1,1,1,1,4,2,02,-1,1,0,45,1,0,1,3,1,14,5,3,1,0,2,1,1,201100005028B02,7,1,1,248600413
201100005054,2011-10-08,2011,octobre,samedi,16:00,86,86154,46.809,0.089,1,1,6,1,1,3,2,00,2,1,0,53,1,1,1,3,1,67,5,1,2,0,5,1,2,201100005054A01,,,,248600447
201100005054,2011-10-08,2011,octobre,samedi,16:00,86,86154,46.809,0.089,1,1,6,1,1,3,2,00,2,1,0,53,1,1,1,1,2,53,9,3,8,0,5,1,2,201100005054A01,,,,248600447
201100005122,2011-11-19,2011,novembre,samedi,10:45,16,16090,45.6135,-0.0409,1,1,1,1,1,9,2,02,1,1,0,37,1,0,1,3,1,52,5,2,2,1,0,1,1,201100005122B02,10,24,1,200070514
201100005127,2011-04-14,2011,avril,jeudi,12:15,16,16363,45.9451,0.786,1,1,2,1,1,3,2,02,2,1,0,47,1,0,1,2,1,79,5,1,4,1,0,1,2,201100005127A01,14,24,1,200072049
201100005146,2011-04-13,2011,avril,mercredi,18:30,16,16370,45.6298,0.0186,1,2,3,1,1,3,2,02,1,1,0,40,1,0,1,3,1,7,5,2,2,0,2,1,19,201100005146B02,7,1,1,200071827
201100005212,2011-08-12,2011,août,vendredi,01:00,17,17051,0,0,2,1,1,5,1,4,1,01,1,1,0,53,1,0,1,3,2,19,5,2,4,0,2,1,5,201100005212A01,7,1,1,241700459
201100005216,2011-09-08,2011,septembre,jeudi,11:30,17,17019,0,0,2,1,1,1,1,4,2,00,1,3,0,105,1,0,1,3,1,75,5,2,2,0,2,1,19,201100005216A01,7,13,1,241700459
201100005219,2011-10-14,2011,octobre,vendredi,14:45,17,17121,46.211,-1.446,1,1,1,1,1,9,2,00,1,1,0,46,1,0,1,3,2,63,5,3,1,0,2,3,1,201100005219B02,17,1,1,241700459
201100005225,2011-08-03,2011,août,mercredi,09:45,17,17106,0,0,2,1,3,1,1,3,2,02,1,1,0,65,1,0,1,3,2,38,5,3,1,0,2,8,1,201100005225B02,10,1,1,200041523
201100005232,2011-03-09,2011,mars,mercredi,14:45,17,17052,0,0,1,1,3,1,1,3,2,02,3,1,0,0,1,0,1,3,1,62,5,1,2,0,2,1,13,201100005232A01,10,1,1,200041523
201100005261,2011-02-16,2011,février,mercredi,12:00,17,17484,0,0,2,1,1,1,1,9,2,00,-1,1,0,54,1,0,1,3,1,77,0,1,2,0,2,7,15,201100005261A01,7,1,1,200041762
201100005277,2011-08-24,2011,août,mercredi,20:45,17,17093,0,0,2,1,1,5,1,4,2,02,1,1,0,30,1,0,1,3,1,87,5,3,1,0,2,1,1,201100005277B02,30,1,1,241700624
201100005280,2011-10-03,2011,octobre,lundi,10:30,17,17337,45.976,-1.347,2,7,1,1,1,6,2,00,1,1,0,0,1,0,1,3,2,63,5,2,2,0,2,1,1,201100005280B02,36,1,1,241700624
201100005307,2011-05-18,2011,mai,mercredi,17:00,17,17447,46.1,-0.94,1,2,3,1,1,3,2,00,1,1,0,0,1,5,1,3,1,18,3,3,1,0,2,7,19,201100005307B02,7,1,1,200041614
201100005380,2011-06-05,2011,juin,dimanche,11:00,17,17277,0,0,1,1,2,1,1,3,2,02,1,1,0,65,1,0,1,3,2,53,5,1,2,0,2,4,20,201100005380B02,7,17,1,200041689
201100005399,2011-04-06,2011,avril,mercredi,15:30,17,17024,0,0,2,1,3,1,1,3,2,00,2,1,0,50,1,0,1,3,1,16,5,1,2,0,2,6,11,201100005399A01,33,2,1,200041689
201100005400,2011-05-24,2011,mai,mardi,09:30,17,17257,0,0,1,1,6,1,1,3,2,02,1,1,0,46,1,0,1,1,2,33,2,1,2,0,0,6,2,201100005400B02,,,,200041689
201100005400,2011-05-24,2011,mai,mardi,09:30,17,17257,0,0,1,1,6,1,1,3,2,02,1,1,0,46,1,0,1,3,1,80,5,3,1,0,0,6,2,201100005400B02,,,,200041689
201100005437,2011-08-23,2011,août,mardi,19:00,79,79170,0,0,2,3,1,1,1,3,2,02,1,4,0,62,1,0,1,3,1,12,5,1,2,0,2,1,13,201100005437A01,7,1,1,200041317
201100005443,2011-10-26,2011,octobre,mercredi,10:00,79,79078,0,0,1,1,1,1,1,3,2,02,1,1,0,70,1,0,1,3,1,70,5,1,9,0,0,8,1,201100005443B02,7,1,1,200041317
201100005444,2011-11-09,2011,novembre,mercredi,17:45,79,79058,0,0,1,1,2,2,8,3,2,02,1,1,0,72,1,0,1,3,1,15,5,1,9,0,0,4,1,201100005444B02,7,1,1,200041317
201100005449,2011-03-25,2011,mars,vendredi,10:30,79,79201,0,0,1,1,1,1,1,3,2,02,1,1,0,62,1,0,1,3,1,64,5,1,4,0,0,0,10,201100005449B02,7,1,1,200041994
201100005450,2011-05-08,2011,mai,dimanche,09:00,79,79319,0,0,1,1,2,1,1,3,2,02,1,1,0,57,1,0,1,2,1,70,5,1,9,0,2,4,1,201100005450B02,7,17,1,200041994
201100005468,2011-05-26,2011,mai,jeudi,17:30,79,79210,0,0,2,2,3,1,1,3,2,00,1,1,0,45,1,5,1,3,1,8,5,1,9,0,2,8,19,201100005468A01,7,1,1,200040244
201100005477,2011-01-23,2011,janvier,dimanche,10:30,79,79013,0,0,1,2,3,1,1,3,2,02,3,1,0,73,1,5,1,3,1,54,5,1,4,0,2,7,1,201100005477B02,7,1,1,200040244
201100005487,2011-08-24,2011,août,mercredi,21:30,79,79299,0,0,1,1,6,5,1,3,2,02,4,1,0,45,1,2,3,3,1,40,1,1,2,3,0,7,1,201100005487A01,,,,247900798
201100005502,2011-09-13,2011,septembre,mardi,13:30,79,79061,0,0,2,2,1,1,2,4,2,02,1,1,0,68,2,0,1,3,2,35,9,1,9,0,2,8,19,201100005502B02,7,1,1,200069755
201100005518,2011-06-08,2011,juin,mercredi,18:15,79,79029,0,0,1,2,3,1,1,3,2,02,1,1,0,53,1,0,1,3,1,18,5,1,2,0,2,1,1,201100005518A01,7,19,1,200069748
201100005520,2011-06-23,2011,juin,jeudi,11:30,79,79202,0,0,2,1,3,1,1,3,-1,02,1,1,0,75,1,5,1,2,1,42,9,1,2,0,2,8,0,201100005520B02,7,17,1,200041333
201100005536,2011-04-09,2011,avril,samedi,15:30,79,79326,0,0,1,1,1,1,1,3,2,02,1,1,0,48,1,0,1,4,2,63,5,1,2,0,0,0,1,201100005536B02,7,1,1,200041333
201100005541,2011-10-19,2011,octobre,mercredi,12:45,79,79135,0,0,1,1,5,1,1,3,2,02,1,1,0,52,2,0,1,3,1,64,5,1,2,0,2,8,1,201100005541C03,7,21 / 1,2,200041333
201100005604,2011-11-19,2011,novembre,samedi,09:00,87,87018,0,0,1,1,3,1,1,3,2,02,2,1,0,65,1,0,1,2,1,41,4,1,2,0,2,8,1,201100005604B02,14,1,1,200071942
201100005623,2011-04-08,2011,avril,vendredi,18:00,87,87126,45.8376,0.84163,1,6,3,1,1,3,2,02,-1,-1,0,60,1,5,0,3,1,54,1,2,2,0,2,1,1,201100005623B01,7,1,1,200059400
201100005642,2011-02-23,2011,février,mercredi,18:15,19,19010,45.0937,1.93101,2,3,1,1,2,3,3,02,1,1,24,136,1,5,1,4,2,52,1,3,1,0,2,1,19,201100005642B02,7,1,1,200066751
201100005677,2011-10-05,2011,octobre,mercredi,15:15,19,19066,45.1441,1.32547,1,1,2,1,1,3,2,02,1,1,0,66,1,0,1,2,1,53,1,2,2,0,2,4,2,201100005677B01,7,2,1,200043172
201100005693,2011-05-05,2011,mai,jeudi,16:15,19,19278,45.1917,1.45607,1,6,1,1,1,3,2,02,1,2,65,0,1,0,1,3,1,51,5,3,1,0,0,0,1,201100005693B02,7,1,1,200043172
201100005736,2011-09-01,2011,septembre,jeudi,16:45,23,23207,46.289,1.565,1,1,1,1,1,3,2,00,-1,3,0,36,1,0,1,3,1,16,5,1,2,0,2,1,13,201100005736A01,7,1,1,242300135
201100005766,2011-07-02,2011,juillet,samedi,11:15,31,31501,43.66339,1.6072,1,2,5,1,1,3,2,02,1,1,0,61,1,5,1,3,1,56,5,1,2,14,0,1,0,201100005766B02,7,19,1,243100732
201100005766,2011-07-02,2011,juillet,samedi,11:15,31,31501,43.66339,1.6072,1,2,5,1,1,3,2,02,1,1,0,61,1,5,1,3,2,53,0,2,2,0,0,0,0,201100005766C03,7,19,1,243100732
201100005789,2011-04-20,2011,avril,mercredi,12:45,31,31584,43.863,1.49563,2,2,3,1,1,4,,,,,,,,,,3,1,16,5,2,2,0,2,1,1,201100005789B02,10,1,1,243100773
201100005800,2011-02-05,2011,février,samedi,15:30,31,31356,0,0,2,1,1,1,1,3,2,02,1,1,0,53,1,2,1,3,1,15,5,2,2,0,2,1,11,201100005800B02,7,1,1,200071314
201100005850,2011-05-23,2011,mai,lundi,18:15,31,31182,0,0,1,6,1,1,1,3,,,,,,,1,0,1,3,2,34,1,3,1,0,2,0,1,201100005850B02,7,9,1,243100518
201100005873,2011-11-18,2011,novembre,vendredi,16:00,31,31395,43.4705,1.25418,1,1,2,1,1,3,2,02,-1,1,0,60,1,0,1,3,1,70,5,1,2,0,0,4,1,201100005873B02,7,1,1,200068641
201100005877,2011-04-12,2011,avril,mardi,06:15,31,31033,0,0,2,4,3,4,1,3,2,02,2,2,0,67,1,5,1,3,1,18,2,1,2,0,2,6,19,201100005877B02,7,1,1,200068807
201100005894,2011-10-14,2011,octobre,vendredi,11:45,31,31375,43.20639,1.22831,2,1,3,1,1,3,2,00,1,3,0,60,1,0,1,3,2,74,5,3,1,0,2,1,1,201100005894B02,7,15,1,200066819
201100005920,2011-07-01,2011,juillet,vendredi,16:00,31,31308,43.0071,0.62289,1,1,1,1,1,2,2,02,1,3,0,61,1,0,1,3,1,33,5,2,2,1,0,1,0,201100005920B02,7,1,1,200072635
201100005921,2011-07-23,2011,juillet,samedi,16:30,31,31430,0,0,1,1,3,1,8,3,2,02,1,2,0,48,1,0,1,3,2,62,5,1,2,0,2,1,1,201100005921B02,7,15,1,200072643
201100005924,2011-09-01,2011,septembre,jeudi,13:45,31,31427,0,0,1,1,6,1,1,3,2,02,2,-1,0,50,1,0,1,3,1,16,5,1,2,0,0,4,1,201100005924A01,,,,200072643
201100005930,2011-12-23,2011,décembre,vendredi,16:00,31,31246,43.1,0.82,2,1,1,1,1,3,2,02,1,1,0,0,1,0,1,3,1,73,5,1,2,0,2,1,1,201100005930B02,10,13,1,200072643
201100005932,2011-05-20,2011,mai,vendredi,17:30,31,31042,42.79509,0.59436,2,6,1,1,3,3,2,00,1,3,0,0,2,5,1,2,1,61,5,3,8,0,0,7,2,201100005932B02,7,16,1,200072635
201100005933,2011-07-01,2011,juillet,vendredi,18:15,31,31524,0,0,1,1,2,1,1,3,2,02,3,1,0,60,1,0,1,3,1,68,5,3,1,0,2,4,15,201100005933B02,7,2,1,200072635
201100005965,2011-07-31,2011,juillet,dimanche,18:00,09,09079,43.16395,1.40051,1,1,7,1,1,3,2,00,4,1,0,48,1,0,1,2,1,57,5,2,2,0,0,1,1,201100005965A01,,,,200066223
201100005969,2011-05-29,2011,mai,dimanche,10:15,09,09336,42.91567,1.80761,1,2,3,1,7,3,2,02,1,1,0,104,1,5,1,4,1,75,5,1,2,0,2,3,1,201100005969A01,7,19,1,240900464
201100005990,2011-06-26,2011,juin,dimanche,09:00,09,09265,43.08115,1.62406,2,2,3,1,1,3,2,02,2,1,0,60,1,5,1,3,1,65,5,1,2,0,2,1,1,201100005990A01,7,19,1,200066231
201100006099,2011-09-02,2011,septembre,vendredi,14:00,12,12233,43.933,2.664,1,1,6,1,1,4,2,01,2,-1,0,0,1,0,3,4,1,11,5,2,2,6,0,1,1,201100006099A01,,,,200067155
201100006127,2011-06-23,2011,juin,jeudi,12:15,32,32312,0,0,2,1,6,1,8,4,2,02,4,2,0,48,1,0,3,3,1,64,5,1,2,15,0,7,1,201100006127A01,,,,200066926
201100006130,2011-07-28,2011,juillet,jeudi,13:30,32,32060,0,0,1,1,3,1,1,4,2,01,1,1,0,42,1,2,1,3,1,85,5,2,2,0,2,3,1,201100006130B02,21,1,1,200072320
201100006137,2011-11-08,2011,novembre,mardi,16:45,32,32249,43.735,0.872,2,1,3,1,1,3,2,02,1,3,0,60,1,0,1,4,1,69,5,3,8,0,0,8,1,201100006137B02,10,15,1,200034726
201100006150,2011-05-30,2011,mai,lundi,16:30,32,32418,43.454,0.873,1,1,1,1,1,3,2,01,1,1,0,56,1,0,1,2,2,51,5,3,1,0,2,4,2,201100006150B02,10,2,1,243200599
201100006157,2011-10-03,2011,octobre,lundi,13:45,32,32076,43.598,0.731,1,1,5,1,1,3,2,02,2,3,0,70,1,0,1,1,2,71,5,1,2,0,0,0,1,201100006157A01,1,1 / 21,4,200066926
201100006157,2011-10-03,2011,octobre,lundi,13:45,32,32076,43.598,0.731,1,1,5,1,1,3,2,02,2,3,0,70,1,0,1,3,1,74,5,1,2,14,0,1,1,201100006157B02,1,1 / 21,4,200066926
201100006157,2011-10-03,2011,octobre,lundi,13:45,32,32076,43.598,0.731,1,1,5,1,1,3,2,02,2,3,0,70,1,0,1,4,1,71,5,1,2,14,0,0,21,201100006157C03,1,1 / 21,4,200066926
201100006157,2011-10-03,2011,octobre,lundi,13:45,32,32076,43.598,0.731,1,1,5,1,1,3,2,02,2,3,0,70,1,0,1,4,1,66,5,1,2,14,0,0,21,201100006157D04,1,1 / 21,4,200066926
201100006157,2011-10-03,2011,octobre,lundi,13:45,32,32076,43.598,0.731,1,1,5,1,1,3,2,02,2,3,0,70,1,0,1,4,1,60,0,1,2,14,0,0,21,201100006157E05,1,1 / 21,4,200066926