Num_Acc,date,an,mois,jour,hrmn,dep,com,lat,long,agg,int,col,lum,atm,catr,circ,nbv,prof,plan,lartpc,larrout,surf,infra,situ,grav,sexe,age,trajet,secuexist,equipement,obs,obsm,choc,manv,vehiculeid,typevehicules,manoeuvehicules,numVehicules,_infos_commune.code_epci
201100006175,2011-04-04,2011,avril,lundi,16:15,32,32107,43.965,0.367,2,1,7,1,1,4,1,01,1,2,60,0,1,0,4,3,1,84,5,2,2,12,0,1,1,201100006175A01,,,,243200417
201100006188,2011-10-12,2011,octobre,mercredi,13:00,32,32107,43.963,0.371,2,3,3,1,1,4,1,01,2,1,0,45,1,0,1,4,1,7,5,2,2,0,2,1,19,201100006188B02,7,1,1,243200417
201100006199,2011-04-19,2011,avril,mardi,18:45,32,32189,43.906,-0.197,1,1,1,1,1,3,2,02,2,2,0,56,1,0,1,4,1,10,5,1,2,0,2,1,13,201100006199A01,7,1,1,243200458
201100006208,2011-06-15,2011,juin,mercredi,18:15,32,32096,43.957,-0.034,2,1,7,1,1,2,2,01,2,1,0,65,1,0,1,4,1,24,5,1,2,12,0,7,1,201100006208A01,,,,243200458
201100006260,2011-09-30,2011,septembre,vendredi,10:30,32,32426,43.496,0.593,2,1,4,1,1,3,2,02,1,1,0,71,1,0,1,3,1,77,5,1,2,0,2,8,1,201100006260B02,7,15 / 23,2,200072320
201100006273,2011-05-18,2011,mai,mercredi,11:15,32,32355,43.399,0.347,1,1,1,1,1,4,2,00,-1,1,0,60,1,0,1,3,2,9,5,3,8,0,2,1,19,201100006273B02,7,1,1,200035756
201100006285,2011-09-11,2011,septembre,dimanche,10:30,32,32319,0,0,2,1,1,1,1,4,2,02,1,1,0,59,1,5,1,4,2,73,0,2,2,0,2,0,15,201100006285A01,7,1,1,243200508
201100006308,2011-08-12,2011,août,vendredi,10:00,46,46199,44.549,1.068,1,1,3,1,1,3,2,00,2,4,0,45,1,0,1,3,1,80,5,1,2,0,2,8,1,201100006308A01,7,1,1,244600433
201100006314,2011-05-25,2011,mai,mercredi,10:45,46,46057,44.69,2.001,1,1,7,1,1,3,2,00,-1,1,0,0,1,0,0,2,1,63,5,1,2,13,0,0,13,201100006314A01,,,,200067361
201100006343,2011-07-28,2011,juillet,jeudi,18:45,46,46215,44.826,1.476,1,1,2,1,1,3,3,03,2,1,0,120,1,0,1,3,1,61,5,1,2,0,2,4,2,201100006343B02,7,2,1,200066371
201100006363,2011-08-01,2011,août,lundi,18:30,46,46330,44.947,1.677,1,1,3,1,1,3,2,02,1,1,0,64,1,0,3,3,1,37,5,1,2,0,2,8,1,201100006363B02,7,1,1,200066371
201100006398,2011-04-13,2011,avril,mercredi,16:15,65,65176,0,0,1,1,7,1,1,3,2,02,-1,3,0,56,1,0,3,3,1,45,5,3,8,13,0,9,14,201100006398A01,,,,246401756
201100006401,2011-06-19,2011,juin,dimanche,16:45,65,65025,42.993,-0.107,1,1,7,1,1,3,-1,00,-1,4,0,0,1,0,1,3,1,33,5,1,2,0,0,0,1,201100006401A01,,,,200070811
201100006402,2011-07-15,2011,juillet,vendredi,12:15,65,65032,0,0,1,1,1,1,1,3,2,02,2,2,0,51,1,0,1,1,1,38,5,1,2,0,9,1,1,201100006402A01,1,1,1,200070811
201100006402,2011-07-15,2011,juillet,vendredi,12:15,65,65032,0,0,1,1,1,1,1,3,2,02,2,2,0,51,1,0,1,3,1,40,5,1,2,0,0,1,1,201100006402B02,1,1,1,200070811
201100006403,2011-08-12,2011,août,vendredi,11:00,65,65036,42.977,-0.026,1,1,3,1,1,3,2,02,2,3,0,62,1,0,1,3,1,72,5,1,2,0,2,1,0,201100006403B02,14,15,1,200070811
201100006412,2011-08-15,2011,août,lundi,18:00,65,65481,0,0,1,1,1,1,5,3,2,00,2,1,0,55,1,0,1,3,1,57,5,1,2,0,0,1,13,201100006412B02,33,1,1,200070811
201100006422,2011-09-23,2011,septembre,vendredi,14:00,65,65287,43.031,0.602,2,1,1,1,1,3,2,00,1,1,0,0,-1,0,0,3,1,64,5,3,8,1,0,1,1,201100006422B02,7,22,1,200070829
201100006433,2011-03-08,2011,mars,mardi,15:15,81,81147,43.818,2.1693,1,1,1,1,1,3,2,02,1,1,68,0,1,0,1,3,1,51,5,3,1,0,2,8,1,201100006433A01,7,1,1,200034049
201100006449,2011-07-11,2011,juillet,lundi,22:45,81,81139,43.705,2.13602,2,1,6,3,1,4,2,00,2,2,0,35,1,0,1,3,1,17,5,3,1,0,2,1,1,201100006449B02,7,0,1,200034056
201100006451,2011-09-13,2011,septembre,mardi,18:30,81,81105,43.76,1.96834,2,3,1,1,7,3,-1,00,-1,-1,0,0,-1,0,0,2,1,51,5,1,2,0,2,1,1,201100006451B02,7,15,1,200066124
201100006453,2011-04-08,2011,avril,vendredi,18:30,81,81124,43.7144,2.73555,2,1,4,1,1,3,2,02,4,1,0,64,1,0,1,3,1,50,5,3,1,0,2,4,1,201100006453C03,7,2,2,200066553
201100006481,2011-08-03,2011,août,mercredi,22:15,81,81225,43.9197,1.98178,1,1,2,3,1,3,2,02,1,1,0,0,1,0,1,3,1,53,5,2,4,0,2,6,2,201100006481B02,7,21,1,200066124
201100006498,2011-06-14,2011,juin,mardi,18:45,02,02408,0,0,2,3,3,1,1,4,2,01,2,1,0,70,1,0,1,4,1,34,0,1,2,0,2,7,11,201100006498B01,7,15,1,200043495
201100006500,2011-07-01,2011,juillet,vendredi,11:00,02,02028,0,0,2,1,7,1,1,4,-1,02,1,1,0,50,1,0,1,3,1,75,5,3,9,0,0,8,21,201100006500B01,7,24,1,200043495
201100006509,2011-08-20,2011,août,samedi,10:15,81,81217,43.9913,1.71448,1,1,1,1,1,4,2,00,2,4,0,38,1,0,1,2,1,53,5,1,2,0,2,2,13,201100006509A01,7,1,1,200066124
201100006552,2011-03-14,2011,mars,lundi,20:30,82,82149,0,0,1,1,1,3,6,4,2,02,-1,2,0,45,1,0,1,3,1,50,1,1,2,0,2,1,1,201100006552B02,2,13,1,248200057
201100006557,2011-06-24,2011,juin,vendredi,18:45,82,82090,0,0,1,1,3,1,1,4,2,00,2,1,0,0,1,0,1,3,1,41,5,3,8,0,0,1,1,201100006557B02,7,1,1,248200099
201100006581,2011-09-11,2011,septembre,dimanche,10:30,82,82134,44.076,1.537,2,6,2,1,1,3,2,02,1,1,0,76,-1,5,1,3,1,46,5,1,2,0,2,4,1,201100006581B02,7,1,1,200066884
201100006609,2011-04-29,2011,avril,vendredi,11:30,82,82117,0,0,1,3,3,1,7,3,2,02,1,1,0,60,1,5,1,3,1,61,5,1,2,0,0,7,1,201100006609A01,7,16,1,200040418
201100006637,2011-04-13,2011,avril,mercredi,18:00,82,82050,44.1,0.768,2,1,1,1,1,3,2,02,3,3,0,0,1,0,1,3,1,11,5,1,2,0,2,7,19,201100006637A01,7,1,1,248200016
201100006665,2011-10-10,2011,octobre,lundi,07:00,69,69049,0,0,1,1,2,3,2,3,2,02,1,3,0,60,2,0,1,3,1,62,5,3,1,0,2,4,2,201100006665B02,15,21,1,200040574
201100006707,2011-06-10,2011,juin,vendredi,04:00,69,69288,45.68,5.076,1,1,1,2,1,3,2,03,1,1,0,0,1,0,3,4,1,43,1,1,4,0,0,6,2,201100006707B02,10,2,1,246900575
201100006732,2011-04-12,2011,avril,mardi,14:15,69,69171,0,0,2,1,1,1,1,3,2,02,1,1,0,0,1,0,1,3,1,75,5,1,2,0,2,1,1,201100006732B02,7,15,1,246900625
201100006752,2011-06-07,2011,juin,mardi,16:30,69,69110,0,0,1,1,1,1,1,4,2,01,2,4,0,30,1,0,1,3,1,49,5,1,2,0,2,1,1,201100006752A01,21,1,1,200066587
201100006777,2011-10-04,2011,octobre,mardi,07:30,69,69272,0,0,1,1,3,2,1,3,2,02,1,1,0,0,1,0,1,3,2,21,1,2,4,0,2,1,9,201100006777B02,7,1,1,246900765
201100006803,2011-12-05,2011,décembre,lundi,14:15,69,69136,0,0,1,1,5,1,1,3,2,02,1,1,0,60,1,0,1,3,1,72,5,1,2,0,2,1,21,201100006803B02,7,17 / 1,2,246900757
201100006829,2011-06-08,2011,juin,mercredi,13:00,69,69196,46.151,4.539,2,1,1,1,1,3,2,01,2,3,0,34,2,0,1,4,1,13,2,2,2,0,2,1,13,201100006829B02,7,13,1,200067817
201100006851,2011-04-09,2011,avril,samedi,16:30,69,69017,0,0,1,1,3,1,1,3,2,00,-1,1,0,0,1,0,5,3,2,57,5,1,2,0,9,8,1,201100006851B02,10,0,1,200040574
201100006853,2011-06-26,2011,juin,dimanche,08:30,69,69246,0,0,1,1,6,1,1,4,2,00,2,2,0,0,1,0,3,3,1,18,5,2,2,6,0,1,0,201100006853A01,,,,200040574
201100006916,2011-03-15,2011,mars,mardi,10:45,01,01196,0,0,2,1,2,1,1,4,2,02,1,1,0,64,1,0,1,3,2,66,5,3,1,0,2,4,1,201100006916B02,7,1,1,200071751
201100006917,2011-03-21,2011,mars,lundi,16:30,01,01305,0,0,1,1,2,1,7,3,2,02,1,1,0,63,1,0,1,2,1,74,5,3,1,1,0,1,2,201100006917B02,10,23,1,200071371
201100006920,2011-05-21,2011,mai,samedi,18:15,01,01364,0,0,1,3,1,1,1,3,2,02,-1,1,0,55,1,5,1,3,1,10,5,2,2,0,2,1,9,201100006920A01,7,1,1,200071751
201100006930,2011-08-19,2011,août,vendredi,13:30,01,01229,46.342,5.136,1,1,2,1,1,3,2,00,1,1,0,59,1,0,1,4,2,60,5,1,2,0,0,4,1,201100006930B02,7,16,1,200071751
201100006938,2011-05-01,2011,mai,dimanche,11:30,01,01374,0,0,2,1,1,1,1,3,2,02,2,3,0,74,1,0,1,3,1,64,5,1,2,0,2,1,1,201100006938B02,7,15,1,200071751
201100006940,2011-07-16,2011,juillet,samedi,18:15,01,01363,0,0,2,1,3,1,1,4,2,00,-1,1,60,0,1,0,1,3,1,18,5,1,2,0,2,1,1,201100006940B02,7,15,1,200029999
201100006955,2011-06-15,2011,juin,mercredi,07:45,01,01134,0,0,2,1,1,1,1,3,2,02,1,1,0,67,1,0,1,3,1,17,1,3,1,0,2,4,18,201100006955A01,13,16,1,200070555
201100006956,2011-06-14,2011,juin,mardi,17:00,01,01026,0,0,2,2,1,1,1,3,2,02,1,1,0,59,1,0,1,3,1,65,0,1,2,0,2,7,1,201100006956B02,7,1,1,200071371
201100006992,2011-02-26,2011,février,samedi,15:45,01,01173,0,0,1,3,3,1,8,3,2,00,1,1,0,87,1,0,1,3,1,39,0,1,2,0,2,3,1,201100006992B02,7,15,1,240100750
201100007024,2011-07-15,2011,juillet,vendredi,10:45,01,01381,46.063,5.157,1,1,1,1,1,3,2,02,1,1,0,52,1,0,1,2,1,47,5,1,2,0,2,1,13,201100007024B02,7,1,1,200069193
201100007025,2011-07-23,2011,juillet,samedi,13:15,01,01383,46.104,5.137,2,1,1,1,1,9,2,02,2,1,0,53,1,0,1,3,1,12,5,2,2,0,2,1,0,201100007025B02,7,1,1,200069193
201100007032,2011-03-04,2011,mars,vendredi,14:45,01,01001,0,0,1,1,3,1,1,3,2,02,2,1,0,60,1,0,1,2,1,77,5,1,2,0,2,1,15,201100007032A01,7,1,1,200069193
201100007045,2011-08-17,2011,août,mercredi,09:45,01,01156,0,0,1,1,3,1,1,3,2,02,1,1,0,60,1,0,1,2,1,77,5,2,2,0,2,8,19,201100007045B02,7,1,1,240100883
201100007046,2011-02-05,2011,février,samedi,16:45,01,01376,45.833,4.977,2,1,1,1,1,3,3,02,1,1,32,131,1,0,1,3,1,62,5,1,2,1,0,1,1,201100007046B02,7,24,1,240100800
201100007061,2011-05-25,2011,mai,mercredi,11:30,01,01398,45.987,4.871,2,1,3,1,1,4,2,01,1,1,0,38,1,0,1,3,2,7,5,2,2,0,2,2,19,201100007061B02,7,1,1,200042497
201100007076,2011-07-10,2011,juillet,dimanche,11:15,07,07158,0,0,1,1,7,1,8,3,2,02,2,1,0,0,1,0,1,2,1,65,5,1,2,14,0,2,1,201100007076A01,,,,200073245
201100007087,2011-07-16,2011,juillet,samedi,16:00,07,07295,0,0,1,1,1,1,1,3,2,02,-1,2,0,73,1,0,3,3,2,10,5,1,2,10,0,1,1,201100007087A01,1,1,1,200071413
201100007087,2011-07-16,2011,juillet,samedi,16:00,07,07295,0,0,1,1,1,1,1,3,2,02,-1,2,0,73,1,0,3,1,2,10,5,1,2,0,2,1,1,201100007087B02,1,1,1,200071413
201100007094,2011-09-16,2011,septembre,vendredi,17:30,07,07319,0,0,2,1,3,1,1,4,2,01,2,2,0,50,1,0,1,3,1,5,5,3,1,0,0,1,15,201100007094A01,7,1,1,200071405
201100007110,2011-06-25,2011,juin,samedi,19:30,07,07181,0,0,2,7,6,1,1,6,-1,00,1,-1,0,0,1,0,4,1,1,16,5,3,1,0,1,1,1,201100007110A01,,,,200071413
201100007112,2011-07-12,2011,juillet,mardi,10:30,07,07261,0,0,1,1,2,1,1,4,2,02,1,1,0,60,1,0,1,3,1,75,5,1,2,1,0,1,1,201100007112B02,15,23,1,200071413
201100007124,2011-07-26,2011,juillet,mardi,16:00,07,07117,0,0,1,1,2,1,1,3,2,00,1,1,0,66,1,0,1,1,1,56,5,3,1,0,9,4,1,201100007124B02,1,1,1,240700302
201100007124,2011-07-26,2011,juillet,mardi,16:00,07,07117,0,0,1,1,2,1,1,3,2,00,1,1,0,66,1,0,1,2,2,57,5,3,1,0,9,1,1,201100007124A01,1,1,1,240700302
201100007144,2011-02-05,2011,février,samedi,14:30,07,07207,0,0,1,1,1,1,1,3,2,00,1,1,0,43,1,0,1,3,2,65,5,1,2,0,2,8,1,201100007144B02,7,17,1,200039808
201100007147,2011-06-21,2011,juin,mardi,09:30,07,07328,0,0,2,1,1,1,1,3,2,00,-1,1,0,0,1,0,1,3,1,58,5,3,1,0,2,1,0,201100007147B02,7,15,1,200039808
201100007182,2011-10-10,2011,octobre,lundi,14:00,07,07078,0,0,1,1,1,1,1,3,3,02,1,1,8,108,1,0,1,3,1,63,5,1,2,0,2,4,19,201100007182B02,7,13,1,200072015
201100007233,2011-09-01,2011,septembre,jeudi,10:00,26,26208,0,0,1,1,5,1,1,3,3,02,-1,1,0,0,1,0,1,3,1,73,5,1,2,0,9,1,1,201100007233A01,7,16,1,242600252
201100007233,2011-09-01,2011,septembre,jeudi,10:00,26,26208,0,0,1,1,5,1,1,3,3,02,-1,1,0,0,1,0,1,4,1,42,5,1,2,0,9,4,1,201100007233B02,7,16,1,242600252
201100007234,2011-09-02,2011,septembre,vendredi,09:00,26,26144,0,0,1,1,1,1,2,3,3,00,-1,1,0,0,1,0,1,3,1,74,5,1,2,0,2,0,0,201100007234A01,7,0,1,242600252
201100007239,2011-06-18,2011,juin,samedi,15:00,26,26113,44.753,5.382,2,6,3,1,1,3,1,00,-1,2,0,90,1,0,1,3,2,64,5,2,2,0,2,0,1,201100007239B02,7,16,1,242600534
201100007308,2011-03-05,2011,mars,samedi,14:45,02,02525,49.86467,3.31072,1,1,1,1,1,5,2,01,1,1,0,0,1,0,0,3,1,76,5,3,4,0,2,1,5,201100007308B01,30,13,1,200071892
201100007320,2011-04-13,2011,avril,mercredi,06:30,02,02371,0,0,1,1,1,2,1,4,2,02,1,1,0,80,1,0,1,4,1,38,1,1,4,0,2,1,1,201100007320B01,7,17,1,200071892
201100007324,2011-04-21,2011,avril,jeudi,08:25,02,02691,0,0,2,3,6,1,1,4,2,02,1,1,0,109,1,0,1,4,1,64,5,1,2,0,2,1,1,201100007324B01,7,15,1,200071892
201100007337,2011-08-07,2011,août,dimanche,10:50,02,02549,0,0,2,3,3,1,1,3,2,02,1,1,0,60,1,0,1,3,1,67,5,3,9,0,2,3,1,201100007337B01,7,15,1,200071892
201100007369,2011-08-07,2011,août,dimanche,11:00,26,26079,0,0,1,1,5,1,1,3,2,00,1,3,0,57,1,0,1,3,1,24,0,1,2,0,2,1,13,201100007369C03,7,1,1,200068781
201100007369,2011-08-07,2011,août,dimanche,11:00,26,26079,0,0,1,1,5,1,1,3,2,00,1,3,0,57,1,0,1,3,1,19,9,1,2,0,2,1,13,201100007369B02,7,1,1,200068781
201100007389,2011-01-19,2011,janvier,mercredi,09:45,26,26347,45.077,4.835,2,3,1,1,1,2,2,02,1,3,0,81,1,0,1,2,1,77,5,1,4,0,2,8,16,201100007389B02,17,1,1,200073096
201100007394,2011-06-24,2011,juin,vendredi,13:30,26,26347,0,0,2,1,1,1,1,2,3,02,1,1,0,0,1,0,1,2,1,16,5,3,1,0,0,4,17,201100007394B02,17,2,1,200073096
201100007394,2011-06-24,2011,juin,vendredi,13:30,26,26347,0,0,2,1,1,1,1,2,3,02,1,1,0,0,1,0,1,2,2,15,0,3,1,0,0,4,17,201100007394B02,17,2,1,200073096
201100007413,2011-05-28,2011,mai,samedi,14:06,02,02722,0,0,1,1,6,1,1,4,2,02,2,1,0,70,1,0,1,4,1,15,5,3,9,1,0,1,21,201100007413A01,,,,240200477
201100007423,2011-07-01,2011,juillet,vendredi,14:35,02,02722,0,0,2,6,6,1,1,4,1,02,1,2,0,70,1,0,1,4,1,69,0,3,2,0,2,5,1,201100007423B01,7,9,1,240200477
201100007427,2011-07-05,2011,juillet,mardi,08:53,02,02722,0,0,2,1,6,1,1,4,1,01,1,1,0,40,1,0,1,4,2,36,1,2,2,0,2,1,1,201100007427B01,7,22,1,240200477
201100007429,2011-07-15,2011,juillet,vendredi,18:05,02,02722,0,0,2,1,3,1,1,4,2,01,1,1,0,35,1,0,1,4,2,46,1,2,2,0,2,8,1,201100007429B01,15,17,1,240200477
201100007437,2011-09-05,2011,septembre,lundi,14:50,02,02722,0,0,1,6,3,1,1,2,4,02,1,-1,0,70,1,0,1,4,2,23,0,3,9,0,2,7,1,201100007437B01,7,9,1,240200477
201100007441,2011-09-22,2011,septembre,jeudi,12:10,02,02722,0,0,2,1,6,1,1,4,2,01,1,1,0,59,1,0,1,4,1,82,3,3,9,0,2,0,19,201100007441A01,1,1,1,240200477
201100007441,2011-09-22,2011,septembre,jeudi,12:10,02,02722,0,0,2,1,6,1,1,4,2,01,1,1,0,59,1,0,1,1,1,18,0,3,9,0,2,0,1,201100007441B01,1,19,1,240200477
201100007451,2011-11-25,2011,novembre,vendredi,09:15,02,02722,49.36491,3.33867,2,6,6,1,1,4,4,02,-1,-1,0,59,-1,5,1,4,2,34,0,3,9,0,2,0,1,201100007451B01,7,1,1,240200477
201100007465,2011-01-29,2011,janvier,samedi,14:30,38,38150,45.2051,5.82536,2,6,6,1,1,4,-1,02,1,-1,0,0,-1,0,0,3,2,55,5,3,1,0,2,6,1,201100007465B02,7,0,1,200040715
201100007474,2011-06-15,2011,juin,mercredi,16:00,38,38158,0,0,2,1,2,1,1,3,2,00,2,1,0,0,1,0,1,4,1,12,5,1,2,0,0,1,1,201100007474A01,7,1,1,200040715
201100007475,2011-10-29,2011,octobre,samedi,21:00,38,38158,0,0,2,1,2,5,1,3,2,00,1,1,0,0,1,0,1,3,1,25,0,2,4,0,0,4,2,201100007475B02,34,1,1,200040715
201100007497,2011-07-08,2011,juillet,vendredi,17:00,38,38281,0,0,1,6,3,1,1,3,2,02,1,-1,0,0,1,5,1,3,1,67,5,2,2,0,2,8,2,201100007497B02,14,16,1,200040715
201100007510,2011-09-26,2011,septembre,lundi,19:00,38,38187,45.0483,5.66842,2,1,3,1,1,3,2,02,3,-1,0,0,1,0,1,3,1,16,5,3,1,0,2,3,1,201100007510A01,7,1,1,200040715
201100007511,2011-11-25,2011,novembre,vendredi,17:00,38,38524,0,0,2,6,3,1,1,3,1,02,1,2,0,0,1,5,1,3,1,55,5,1,2,0,2,1,1,201100007511B02,10,12,1,200040715
201100007513,2011-09-02,2011,septembre,vendredi,14:45,38,38205,45.142,5.588,1,4,3,1,7,3,2,02,-1,1,0,112,1,0,1,3,1,60,5,1,2,0,2,1,1,201100007513A01,7,19,1,243801024
201100007530,2011-08-11,2011,août,jeudi,13:59,02,02738,0,0,2,3,3,1,1,4,2,02,1,1,0,70,1,5,1,3,2,81,5,3,9,0,2,7,2,201100007530B01,7,2,1,200071785
201100007533,2011-08-29,2011,août,lundi,09:45,38,38565,0,0,1,1,1,1,1,4,2,00,1,1,0,0,1,0,5,3,1,81,5,1,2,0,2,1,1,201100007533B02,7,1,1,243800984
201100007556,2011-02-14,2011,février,lundi,08:15,38,38068,45.1027,5.71411,1,6,2,1,1,2,2,02,1,2,0,0,1,0,1,4,2,49,1,3,1,0,2,5,0,201100007556B02,7,14,1,200040715
201100007571,2011-08-10,2011,août,mercredi,16:15,38,38360,45.1247,5.28021,1,2,1,1,1,3,2,02,2,2,0,60,1,0,1,3,1,47,5,1,2,0,2,1,13,201100007571A01,7,1,1,200070431
201100007593,2011-11-09,2011,novembre,mercredi,10:15,38,38559,0,0,2,1,2,1,1,3,2,02,1,1,0,71,1,0,1,3,1,39,5,1,2,0,2,1,1,201100007593B02,7,13,1,200070431
201100007594,2011-11-20,2011,novembre,dimanche,15:30,38,38278,45.244,5.403,1,1,1,1,1,3,2,02,1,1,0,50,1,0,1,3,2,67,5,2,2,0,2,3,1,201100007594B02,7,13,1,200070431
201100007606,2011-04-10,2011,avril,dimanche,11:30,38,38451,45.7285,5.23176,1,1,5,1,1,3,2,00,1,3,0,0,1,0,1,3,2,44,5,1,2,0,2,7,19,201100007606B02,7,1 / 24,2,200068542
201100007606,2011-04-10,2011,avril,dimanche,11:30,38,38451,45.7285,5.23176,1,1,5,1,1,3,2,00,1,3,0,0,1,0,1,3,1,55,0,3,8,0,2,7,19,201100007606B02,7,1 / 24,2,200068542
201100007612,2011-09-30,2011,septembre,vendredi,08:45,38,38451,0,0,1,1,3,1,1,3,2,00,1,1,0,0,1,0,1,2,2,60,5,1,2,0,9,8,2,201100007612B02,14,17,1,200068542
201100007623,2011-09-21,2011,septembre,mercredi,08:00,38,38063,45.43,5.442,1,1,3,1,1,3,2,02,2,3,0,0,1,0,1,3,1,74,5,3,1,0,2,7,9,201100007623B02,7,1,1,243801073
201100007650,2011-09-09,2011,septembre,vendredi,17:30,38,38261,0,0,2,1,1,1,1,4,2,02,1,2,0,69,1,0,1,2,1,13,5,2,2,0,2,0,1,201100007650A01,7,1,1,200068542
201100007667,2011-08-25,2011,août,jeudi,08:30,38,38343,45.4283,5.56372,1,1,1,1,1,3,2,02,1,1,0,0,1,0,1,3,1,70,5,3,1,0,0,7,1,201100007667B02,10,19,1,200068567
201100007729,2011-11-18,2011,novembre,vendredi,06:45,38,38161,45.402,5.142,1,1,1,3,5,3,2,01,1,1,0,61,1,0,1,3,1,48,5,3,1,0,0,4,1,201100007729B02,7,1,1,200059392
201100007779,2011-10-26,2011,octobre,mercredi,17:15,38,38349,45.323,4.776,2,1,1,1,1,3,2,00,1,1,0,66,1,2,1,4,1,12,5,3,1,0,2,8,0,201100007779B02,7,1,1,200085751
201100007793,2011-01-12,2011,janvier,mercredi,22:45,42,42224,45.34021,4.42016,2,1,1,5,1,3,2,02,2,1,0,0,1,5,1,4,1,28,1,2,2,0,2,8,1,201100007793B02,7,19,1,244200622
201100007802,2011-02-17,2011,février,jeudi,17:00,42,42097,45.50638,4.30063,1,1,1,1,1,3,2,02,1,1,0,60,1,0,1,4,1,60,5,1,2,0,2,3,1,201100007802B02,7,0,1,244200770
201100007808,2011-06-24,2011,juin,vendredi,14:15,42,42208,45.52779,4.4642,1,1,5,1,1,3,2,00,2,2,0,0,1,0,1,3,2,64,5,1,2,0,2,4,1,201100007808B02,7,17,1,244200770
201100007808,2011-06-24,2011,juin,vendredi,14:15,42,42208,45.52779,4.4642,1,1,5,1,1,3,2,00,2,2,0,0,1,0,1,4,2,64,5,2,2,0,2,4,1,201100007808D04,7,17,1,244200770
201100007808,2011-06-24,2011,juin,vendredi,14:15,42,42208,45.52779,4.4642,1,1,5,1,1,3,2,00,2,2,0,0,1,0,1,4,2,63,5,2,2,0,2,4,1,201100007808C03,7,17,1,244200770
201100007822,2011-01-15,2011,janvier,samedi,15:30,42,42005,45.52884,4.25979,2,1,7,1,1,9,2,00,2,1,0,76,1,0,1,3,1,47,5,3,1,0,0,1,0,201100007822A01,,,,244200770
201100007826,2011-09-29,2011,septembre,jeudi,10:15,42,42304,45.53758,4.18802,2,6,1,1,1,3,1,00,-1,-1,0,0,1,0,1,3,1,60,5,3,1,0,2,4,1,201100007826B02,7,1,1,200065886
201100007839,2011-04-17,2011,avril,dimanche,18:00,42,42094,45.73657,4.2251,2,1,3,1,1,4,2,03,1,1,0,105,1,0,1,3,2,9,0,3,1,0,0,7,19,201100007839B02,7,1,1,200065894
201100007852,2011-01-08,2011,janvier,samedi,10:30,42,42206,45.53896,4.32085,2,6,7,1,1,3,-1,00,1,2,0,0,-1,5,0,3,1,75,5,1,2,0,0,0,15,201100007852A01,,,,244200770
201100007862,2011-04-30,2011,avril,samedi,15:15,42,42323,45.5625,4.31058,1,6,3,1,1,3,4,00,1,-1,0,0,1,5,1,3,1,52,5,1,2,0,2,7,1,201100007862B02,7,9,1,200065894
201100007863,2011-05-01,2011,mai,dimanche,08:45,42,42038,45.64576,4.18832,1,1,5,1,1,3,2,00,-1,1,60,0,1,2,1,4,1,57,5,3,1,0,2,6,1,201100007863C03,7,13 / 1,2,200065886
201100007864,2011-05-07,2011,mai,samedi,10:15,42,42206,45.54936,4.32731,2,1,3,1,1,3,2,02,2,1,48,0,1,0,1,4,1,48,5,1,2,0,2,8,1,201100007864A01,10,15,1,244200770
201100007872,2011-08-18,2011,août,jeudi,15:15,42,42206,45.54284,4.33203,2,1,3,1,1,3,2,00,2,1,0,53,1,0,1,3,1,15,5,3,1,0,2,1,1,201100007872B02,7,1,1,244200770
201100007872,2011-08-18,2011,août,jeudi,15:15,42,42206,45.54284,4.33203,2,1,3,1,1,3,2,00,2,1,0,53,1,0,1,3,1,13,0,3,1,0,2,1,1,201100007872B02,7,1,1,244200770
201100007895,2011-10-02,2011,octobre,dimanche,11:00,42,42201,45.33218,4.64061,1,1,1,1,1,3,2,00,1,1,0,0,1,0,1,3,1,14,5,1,2,0,0,3,10,201100007895B02,7,13,1,244200895
201100007904,2011-06-05,2011,juin,dimanche,12:00,42,42120,45.9927,3.98414,1,1,1,1,1,3,-1,01,1,1,0,0,1,5,1,4,1,49,5,1,2,0,2,0,1,201100007904B02,7,19,1,200035731
201100007906,2011-07-08,2011,juillet,vendredi,17:45,42,42294,46.0171,4.10658,1,1,3,1,1,3,2,02,1,1,0,0,1,0,1,3,1,56,5,1,2,0,2,1,17,201100007906B02,30,15,1,200035731
201100007908,2011-10-04,2011,octobre,mardi,16:45,42,42166,45.99308,4.10609,1,3,3,1,1,3,2,02,1,1,6,65,1,5,1,4,2,54,1,1,2,0,2,4,15,201100007908A01,7,15,1,200035731
201100007944,2011-04-10,2011,avril,dimanche,17:00,73,73300,45.68112,5.894,1,1,7,1,1,3,2,02,-1,1,0,70,9,0,3,3,2,46,5,1,2,0,0,1,0,201100007944A01,,,,200068674
201100007964,2011-05-24,2011,mai,mardi,13:30,73,73091,45.8,5.812,1,1,1,1,1,3,2,00,-1,2,0,40,1,0,1,3,1,36,5,1,2,0,2,1,13,201100007964A01,7,1,1,200068674
201100007994,2011-08-05,2011,août,vendredi,10:30,73,73068,45.55095,6.20288,1,1,1,1,1,3,2,02,1,1,0,65,1,0,1,3,1,75,5,1,2,0,2,0,13,201100007994B02,7,17,1,200041010
201100007995,2011-10-22,2011,octobre,samedi,14:45,73,73068,45.55106,6.20332,1,3,2,1,1,3,2,02,1,1,0,0,1,0,1,3,1,44,5,1,2,0,2,1,1,201100007995B02,7,15,1,200041010
201100008006,2011-05-29,2011,mai,dimanche,09:00,73,73124,45.657,6.34,1,3,5,1,7,3,2,02,1,1,0,132,1,0,1,3,1,43,5,1,2,0,2,1,1,201100008006A01,7,15,1,200068997