Num_Acc,date,an,mois,jour,hrmn,dep,com,lat,long,agg,int,col,lum,atm,catr,circ,nbv,prof,plan,lartpc,larrout,surf,infra,situ,grav,sexe,age,trajet,secuexist,equipement,obs,obsm,choc,manv,vehiculeid,typevehicules,manoeuvehicules,numVehicules,_infos_commune.code_epci
201100010077,2011-06-01,2011,juin,mercredi,16:15,08,08302,49.8815,4.73011,2,9,1,1,1,3,2,02,1,1,0,65,-1,0,1,4,1,63,5,1,2,0,2,2,1,201100010077B02,7,19,1,200067759
201100010104,2011-12-02,2011,décembre,vendredi,09:30,08,08156,49.8911,4.38854,2,1,1,1,1,4,2,00,2,1,0,40,1,0,1,3,2,77,3,3,1,0,2,1,1,201100010104B02,7,4,1,200041622
201100010146,2011-07-13,2011,juillet,mercredi,14:00,08,08403,49.505,4.363,2,1,1,1,1,3,2,02,1,1,0,65,1,0,1,3,1,18,5,3,1,0,2,1,9,201100010146A01,7,1,1,200043156
201100010154,2011-06-30,2011,juin,jeudi,19:00,08,08024,49.4704,4.11476,2,1,1,1,1,4,2,02,1,1,0,78,1,0,1,3,1,64,5,3,1,0,2,2,1,201100010154B02,7,15,1,200043156
201100010158,2011-12-02,2011,décembre,vendredi,15:30,08,08039,49.4685,4.08988,1,1,1,1,7,3,2,01,2,1,0,53,1,0,1,3,1,73,5,1,2,0,2,6,2,201100010158B02,7,2,1,200043156
201100010178,2011-01-16,2011,janvier,dimanche,10:45,10,10359,0,0,2,3,1,1,1,3,2,02,2,1,0,60,1,0,1,3,2,58,5,1,2,0,0,0,1,201100010178A01,7,15,1,200071041
201100010240,2011-04-08,2011,avril,vendredi,18:45,10,10187,48.074,4.477,1,1,1,1,7,4,2,02,2,2,0,44,1,0,1,4,1,13,5,2,9,0,2,1,13,201100010240A01,7,1,1,200069003
201100010242,2011-04-20,2011,avril,mercredi,20:15,10,10079,0,0,2,3,3,1,1,3,2,02,1,1,,64,1,0,1,3,1,12,5,2,9,0,2,1,19,201100010242A01,7,1,1,200069003
201100010274,2011-09-26,2011,septembre,lundi,14:00,52,52538,47.96754,5.20146,1,1,1,1,1,3,2,02,1,1,0,45,1,0,1,3,1,77,5,1,2,0,2,0,1,201100010274B02,7,13,1,245200597
201100010353,2011-09-21,2011,septembre,mercredi,14:45,52,52550,48.49493,4.91601,1,1,3,1,1,3,2,02,2,1,0,64,1,0,1,3,1,68,5,1,2,0,0,8,1,201100010353B02,10,17,1,200068666
201100010370,2011-08-11,2011,août,jeudi,19:30,21,21038,0,0,2,1,6,1,1,3,2,00,1,1,0,57,1,0,1,3,1,18,9,3,1,0,2,4,2,201100010370B02,,,,200070902
201100010374,2011-02-19,2011,février,samedi,14:45,21,21632,47.2215,5.12967,2,1,1,1,1,3,-1,02,-1,1,20,105,1,0,1,3,2,57,5,1,2,0,0,8,2,201100010374B02,7,2,1,200000925
201100010375,2011-03-26,2011,mars,samedi,15:15,21,21656,47.2279,5.19321,2,1,1,1,8,3,2,02,1,-1,0,65,1,0,1,3,1,38,3,3,1,0,2,1,5,201100010375A01,7,1,1,200000925
201100010377,2011-04-06,2011,avril,mercredi,19:15,21,21353,0,0,2,1,1,1,1,6,-1,00,1,1,0,0,1,0,1,3,1,37,5,3,1,0,2,7,1,201100010377B02,7,20,1,200000925
201100010410,2011-04-20,2011,avril,mercredi,17:15,21,21599,0,0,2,3,3,1,1,4,2,02,4,1,0,55,1,0,1,3,2,14,5,1,4,0,2,1,19,201100010410A01,7,1,1,200070910
201100010410,2011-04-20,2011,avril,mercredi,17:15,21,21599,0,0,2,3,3,1,1,4,2,02,4,1,0,55,1,0,1,3,2,14,5,1,4,0,2,1,19,201100010410A01,7,1,1,200070910
201100010414,2011-09-12,2011,septembre,lundi,13:45,21,21317,47.5128,5.10892,2,6,2,1,1,3,2,02,3,1,0,70,1,0,1,3,1,48,1,3,1,0,2,4,1,201100010414A01,7,1,1,242100154
201100010421,2011-03-23,2011,mars,mercredi,17:15,21,21590,47.0627,4.84313,1,1,1,1,1,3,2,02,-1,1,0,70,1,0,1,4,1,14,5,3,2,0,2,1,2,201100010421B02,7,1,1,200006682
201100010434,2011-02-12,2011,février,samedi,13:15,21,21441,0,0,1,1,6,1,1,3,2,02,2,1,0,0,1,0,1,3,1,56,5,3,8,0,0,0,0,201100010434B01,7,15,1,200071207
201100010479,2011-11-02,2011,novembre,mercredi,12:00,21,21449,47.3939,4.34853,1,1,5,1,1,3,2,02,4,1,36,74,1,5,1,2,1,13,5,3,1,0,2,8,13,201100010479A01,7 / 10,21,2,200071017
201100010485,2011-04-21,2011,avril,jeudi,15:30,58,58250,0,0,2,1,3,1,1,4,2,00,2,1,0,31,1,0,1,3,1,16,5,2,2,0,2,8,15,201100010485B02,7,1,1,200067700
201100010489,2011-09-23,2011,septembre,vendredi,18:15,58,58046,0,0,2,9,1,1,7,3,2,02,1,1,0,99,1,5,1,3,2,14,3,2,4,0,0,5,15,201100010489B02,33,17,1,200067882
201100010496,2011-04-29,2011,avril,vendredi,12:30,58,58134,46.931,3.264,2,2,3,1,1,4,2,00,-1,-1,0,0,1,0,1,3,1,16,5,3,1,0,2,1,1,201100010496A01,10,1,1,200067700
201100010497,2011-07-08,2011,juillet,vendredi,08:45,58,58269,0,0,1,3,5,1,1,3,2,02,2,1,0,0,1,0,1,3,2,21,1,3,1,0,2,8,19,201100010497C03,7,17 / 1,2,200067908
201100010516,2011-07-21,2011,juillet,jeudi,11:45,58,58262,47.069,3.793,1,1,1,1,1,4,2,02,2,3,0,34,1,0,1,3,1,28,5,1,2,0,2,1,1,201100010516A01,21,1,1,200067890
201100010544,2011-05-28,2011,mai,samedi,17:15,58,58193,0,0,1,1,6,1,1,3,2,02,1,1,0,0,1,0,1,3,2,36,5,1,2,0,2,8,2,201100010544A01,,,,200067916
201100010588,2011-10-10,2011,octobre,lundi,14:00,71,71134,0,0,2,1,1,1,1,4,2,01,2,2,0,30,1,0,1,2,1,49,5,1,2,0,2,8,21,201100010588A01,10,1,1,200071645
201100010593,2011-02-10,2011,février,jeudi,15:30,71,71156,0,0,2,1,2,1,1,4,2,02,-1,1,0,62,1,0,1,4,1,6,5,1,4,0,2,1,15,201100010593A01,10,1,1,200069698
201100010648,2011-01-15,2011,janvier,samedi,17:00,71,71512,0,0,1,1,2,1,7,3,2,00,-1,1,0,0,1,0,1,4,1,54,5,1,2,0,2,7,2,201100010648B02,7,2,1,247103765
201100010651,2011-03-12,2011,mars,samedi,16:00,71,71328,0,0,2,2,3,1,1,3,2,02,1,1,0,60,1,6,1,3,1,69,5,1,2,0,2,2,17,201100010651B02,3,10,1,247103765
201100010672,2011-11-19,2011,novembre,samedi,12:15,71,71176,46.488,3.977,2,1,3,1,1,3,2,04,1,1,0,159,1,0,1,3,1,37,5,2,2,0,2,4,9,201100010672B02,10,1,1,200071884
201100010673,2011-12-23,2011,décembre,vendredi,16:45,71,71176,46.493,3.998,2,1,3,1,1,4,2,02,1,1,0,70,1,0,1,3,1,66,5,2,2,0,2,7,16,201100010673A01,7,1,1,200071884
201100010687,2011-04-06,2011,avril,mercredi,18:15,71,71342,0,0,2,2,6,1,1,4,4,03,1,1,10,200,1,0,1,4,1,17,5,3,8,0,2,5,1,201100010687A01,7,0,1,200071884
201100010691,2011-11-03,2011,novembre,jeudi,18:15,71,71342,0,0,2,6,3,5,1,3,1,01,1,2,0,77,1,5,1,3,2,56,0,2,9,0,2,1,1,201100010691B02,7,16,1,200071884
201100010692,2011-04-07,2011,avril,jeudi,15:30,71,71282,0,0,1,1,2,1,1,3,2,02,4,1,0,59,1,0,1,3,1,71,5,1,2,0,0,4,2,201100010692B02,7,2,1,247100290
201100010776,2011-08-23,2011,août,mardi,08:15,89,89479,0,0,2,1,5,1,1,3,2,02,1,1,0,42,1,0,1,3,1,49,5,1,2,0,2,6,1,201100010776C03,7,17,1,200067114
201100010776,2011-08-23,2011,août,mardi,08:15,89,89479,0,0,2,1,5,1,1,3,2,02,1,1,0,42,1,0,1,4,1,75,5,1,2,0,2,6,1,201100010776B02,7,17,1,200067114
201100010789,2011-08-17,2011,août,mercredi,17:15,89,89439,0,0,2,1,1,1,2,3,2,02,2,3,0,62,2,0,3,3,1,54,5,1,2,0,2,3,1,201100010789B02,7,17,1,200067304
201100010852,2011-03-03,2011,mars,jeudi,00:15,89,89037,47.981,3.349,1,1,6,3,1,3,2,03,1,1,0,108,1,0,1,4,1,24,1,1,4,0,0,4,0,201100010852A01,,,,248900938
201100010853,2011-03-18,2011,mars,vendredi,18:45,89,89206,0,0,2,3,3,1,1,9,2,02,1,1,0,60,1,5,4,3,1,36,5,1,9,0,2,8,1,201100010853B02,7,15,1,248900938
201100010903,2011-06-02,2011,juin,jeudi,10:00,89,89414,0,0,1,1,2,1,1,9,1,01,4,1,0,45,1,0,0,4,1,25,5,1,2,0,2,9,0,201100010903A01,1,0,1,248900896
201100010903,2011-06-02,2011,juin,jeudi,10:00,89,89414,0,0,1,1,2,1,1,9,1,01,4,1,0,45,1,0,0,4,1,25,5,1,2,0,2,1,0,201100010903B02,1,0,1,248900896
201100010919,2011-03-27,2011,mars,dimanche,11:15,89,89142,0,0,1,1,2,1,1,3,2,02,1,1,0,56,1,0,1,4,1,46,0,1,9,0,2,1,1,201100010919B02,7,4,1,248900334
201100010939,2011-07-25,2011,juillet,lundi,11:15,25,25328,47.18,5.973,1,1,2,1,1,3,2,02,1,2,0,70,1,0,1,3,1,73,5,1,2,0,2,0,2,201100010939B02,14,0,1,242500361
201100010945,2011-10-02,2011,octobre,dimanche,11:00,25,25532,47.227,6.119,2,1,2,1,1,3,2,02,-1,1,0,57,1,0,1,3,1,68,5,1,2,0,2,4,1,201100010945B02,7,17,1,242500361
201100010960,2011-07-02,2011,juillet,samedi,15:00,25,25527,47.186,5.815,2,1,7,1,1,4,2,02,2,2,0,0,1,0,4,2,1,49,5,1,2,12,0,8,13,201100010960A01,,,,242500361
201100010992,2011-08-08,2011,août,lundi,14:00,25,25519,47.327,6.817,1,1,7,1,8,3,2,02,-1,3,0,60,1,0,1,3,2,65,5,1,2,0,0,7,17,201100010992A01,,,,200023075
201100011005,2011-06-15,2011,juin,mercredi,15:30,25,25156,47.399,6.502,2,2,3,1,1,3,2,02,1,1,0,0,1,5,1,2,1,9,5,1,2,0,2,1,13,201100011005B02,15,1,1,200068294
201100011018,2011-04-03,2011,avril,dimanche,02:15,25,25432,0,0,2,1,3,5,1,4,2,02,2,1,0,87,1,0,1,3,1,14,0,1,2,0,2,1,0,201100011018A01,2,0,1,242504181
201100011055,2011-09-20,2011,septembre,mardi,17:30,25,25320,0,0,2,2,3,1,1,3,2,02,1,1,,,1,5,1,4,1,42,5,1,2,0,2,1,1,201100011055B02,7,1,1,200069565
201100011057,2011-10-06,2011,octobre,jeudi,15:00,25,25320,0,0,1,1,6,1,1,3,2,02,1,1,0,74,1,0,1,3,1,57,5,2,2,7,0,1,1,201100011057A01,,,,200069565
201100011087,2011-06-05,2011,juin,dimanche,12:00,39,39519,0,0,1,1,1,1,1,3,-1,02,1,1,0,70,1,0,1,2,1,49,5,1,2,0,2,1,1,201100011087B02,7,1,1,200090579
201100011100,2011-03-30,2011,mars,mercredi,14:30,39,39475,0,0,1,1,2,1,1,3,2,02,2,1,0,70,1,0,1,3,1,60,5,1,2,0,0,4,1,201100011100B02,7,1,1,200072056
201100011121,2011-06-14,2011,juin,mardi,11:00,39,39013,46.907,5.781,2,1,6,1,1,4,1,01,2,1,43,0,1,0,1,1,1,50,4,1,2,0,1,1,1,201100011121A01,,,,200071595
201100011168,2011-08-01,2011,août,lundi,10:15,39,39368,0,0,2,1,6,1,1,4,1,01,1,1,0,0,1,0,1,1,1,26,5,2,2,0,1,1,1,201100011168A01,,,,243900479
201100011188,2011-04-09,2011,avril,samedi,17:30,70,70373,0,0,2,7,2,1,1,9,2,00,2,2,0,150,1,0,1,3,2,3,5,1,9,0,0,4,13,201100011188B02,10,13,1,200036150
201100011265,2011-07-23,2011,juillet,samedi,10:30,70,70279,0,0,2,7,3,1,1,9,1,00,1,2,64,64,1,0,1,3,1,61,5,3,9,0,2,1,1,201100011265B02,7,2,1,200036549
201100011295,2011-11-07,2011,novembre,lundi,16:45,90,90095,47.556,7.076,2,1,2,2,2,3,2,02,1,1,0,50,1,0,1,3,1,65,5,2,2,0,0,4,2,201100011295B02,10,17,1,249000241
201100011371,2011-09-03,2011,septembre,samedi,13:00,13,13060,0,0,1,1,5,1,1,3,2,02,4,3,0,51,1,0,0,3,1,52,5,3,1,0,2,4,2,201100011371B02,7,2,1,200054807
201100011371,2011-09-03,2011,septembre,samedi,13:00,13,13060,0,0,1,1,5,1,1,3,2,02,4,3,0,51,1,0,0,2,2,42,5,3,1,0,2,4,2,201100011371C03,7,2,1,200054807
201100011404,2011-08-18,2011,août,jeudi,07:45,13,13015,0,0,1,1,2,1,1,3,2,01,-1,1,0,49,1,0,1,4,1,57,5,1,2,0,2,8,1,201100011404B02,10,2,1,200054807
201100011410,2011-03-19,2011,mars,samedi,10:15,13,13079,0,0,1,1,3,1,1,3,-1,02,1,1,63,0,1,0,1,3,1,79,5,1,2,0,2,8,15,201100011410A01,7,1,1,200054807
201100011454,2011-07-02,2011,juillet,samedi,11:30,13,13097,0,0,1,1,1,1,1,4,2,02,1,1,0,0,1,0,5,3,2,62,5,2,2,0,2,8,1,201100011454B02,7,1,1,241300417
201100011456,2011-09-01,2011,septembre,jeudi,10:00,13,13097,0,0,1,1,2,1,1,3,2,02,1,1,0,60,1,0,5,3,2,63,0,3,1,1,0,1,0,201100011456B02,7,0,1,241300417
201100011499,2011-06-09,2011,juin,jeudi,11:30,13,13085,0,0,1,1,3,1,1,3,2,02,3,3,0,70,1,0,1,3,1,43,5,3,1,0,2,8,1,201100011499B02,33,1,1,200054807
201100011529,2011-07-22,2011,juillet,vendredi,19:30,13,13035,0,0,1,1,6,1,1,3,2,02,2,1,0,64,1,0,1,2,1,46,5,3,1,0,0,0,1,201100011529A01,,,,200054807
201100011561,2011-07-29,2011,juillet,vendredi,20:30,13,13084,0,0,2,1,3,1,1,4,2,02,1,1,0,61,1,0,1,3,1,42,5,3,1,0,2,1,9,201100011561A01,7,1,1,200054807
201100011576,2011-05-30,2011,mai,lundi,08:30,04,04035,0,0,1,1,1,1,1,3,2,02,1,1,0,51,1,0,1,3,1,81,5,2,2,0,2,1,1,201100011576B02,7,1,1,200034700
201100011607,2011-08-12,2011,août,vendredi,11:00,04,04226,0,0,1,1,3,1,1,3,2,02,2,3,0,64,1,0,1,3,1,29,5,1,2,0,2,8,21,201100011607A01,33,21,1,200072304
201100011611,2011-08-25,2011,août,jeudi,16:15,04,04096,0,0,1,1,1,1,1,4,2,02,2,2,0,53,1,0,1,3,1,24,5,1,2,0,2,1,13,201100011611A01,7,1,1,200072304
201100011621,2011-07-28,2011,juillet,jeudi,11:30,04,04039,43.837,6.483,1,1,3,1,1,3,2,02,1,2,0,61,1,0,1,3,1,65,5,3,1,0,2,3,1,201100011621B02,33,17,1,200068625
201100011646,2011-04-09,2011,avril,samedi,13:00,04,04088,0,0,2,1,3,1,1,4,2,02,2,3,0,0,1,5,1,3,1,15,5,1,2,0,2,1,2,201100011646B02,7,20,1,240400440
201100011706,2011-08-13,2011,août,samedi,08:30,05,05133,44.92766,6.59929,1,1,2,1,1,3,2,02,2,1,0,70,1,0,1,3,1,53,5,1,2,0,0,4,1,201100011706B02,10,2,1,240500439
201100011726,2011-03-19,2011,mars,samedi,11:00,06,06014,43.841,7.295,2,1,7,1,1,4,2,01,2,1,0,40,1,0,1,3,1,63,5,2,2,14,0,0,1,201100011726A01,,,,240600593
201100011729,2011-08-22,2011,août,lundi,08:15,06,06043,43.871,7.294,2,1,1,1,1,3,2,00,2,4,0,56,1,0,1,3,1,12,5,3,1,0,2,1,13,201100011729A01,7,13,1,240600593
201100011799,2011-11-01,2011,novembre,mardi,08:30,06,06044,0,0,2,1,3,1,1,3,2,02,2,1,0,60,1,0,1,3,1,68,5,1,2,0,2,1,1,201100011799A01,7,15,1,240600585
201100011805,2011-03-20,2011,mars,dimanche,10:15,06,06079,43.529,6.943,2,1,1,1,1,3,2,02,2,1,0,0,1,0,1,3,1,48,5,1,2,0,2,3,1,201100011805B02,7,15,1,200039915
201100011825,2011-01-21,2011,janvier,vendredi,17:00,06,06157,0,0,1,1,1,1,1,3,2,02,-1,2,0,0,1,0,0,3,1,42,5,1,2,0,2,1,13,201100011825A01,7,13,1,200030195
201100011832,2011-07-24,2011,juillet,dimanche,17:00,06,06157,0,0,2,9,1,1,1,3,2,00,2,3,0,0,1,0,1,3,1,36,5,3,8,0,2,1,1,201100011832A01,7,1,1,200030195
201100011878,2011-06-25,2011,juin,samedi,15:45,06,06056,0,0,1,1,2,1,1,3,-1,02,-1,2,0,80,1,0,1,4,1,44,5,1,2,0,2,4,0,201100011878B02,33,21,1,200039931
201100011880,2011-08-04,2011,août,jeudi,13:00,06,06071,0,0,1,1,7,1,1,3,2,02,2,4,0,63,1,0,1,2,2,65,5,1,2,10,0,8,1,201100011880A01,,,,200039931
201100011918,2011-03-31,2011,mars,jeudi,21:45,83,83055,0,0,1,1,6,3,1,3,2,02,2,1,0,69,1,0,1,3,1,22,0,1,2,0,2,4,1,201100011918B02,,,,200004802
201100011966,2011-06-22,2011,juin,mercredi,13:45,83,83023,0,0,1,1,1,1,1,3,1,02,-1,1,30,90,1,0,1,3,1,75,5,3,1,0,0,0,1,201100011966B02,14,17,1,200068104
201100011983,2011-04-06,2011,avril,mercredi,17:15,83,83032,0,0,2,1,5,1,1,3,2,00,1,1,0,60,1,0,1,1,1,18,5,1,2,0,0,0,1,201100011983A01,7,13 / 1,2,200068104
201100011986,2011-06-11,2011,juin,samedi,10:00,83,83032,0,0,1,1,2,1,1,3,2,02,1,1,0,45,1,0,1,3,1,63,5,3,1,0,0,4,1,201100011986B02,7,17,1,200068104
201100011990,2011-10-26,2011,octobre,mercredi,12:15,83,83012,0,0,1,1,2,1,7,3,2,02,2,2,0,85,1,0,1,3,1,68,5,3,1,0,0,4,2,201100011990B02,7,2,1,200040202
201100011995,2011-05-21,2011,mai,samedi,15:00,83,83150,0,0,2,1,1,1,7,3,2,02,2,1,0,58,1,2,1,3,1,12,5,3,1,0,2,8,19,201100011995B02,7,1,1,200034700
201100012001,2011-11-19,2011,novembre,samedi,10:00,83,83146,0,0,2,1,2,1,1,3,2,02,4,1,0,58,1,2,1,4,1,52,5,1,9,0,2,1,1,201100012001B02,10,1,1,200040202
201100012016,2011-09-05,2011,septembre,lundi,20:30,83,83108,0,0,1,1,5,3,1,3,2,02,1,1,0,60,1,0,1,4,1,61,5,1,2,0,2,1,0,201100012016C03,7,15,1,200068104
201100012016,2011-09-05,2011,septembre,lundi,20:30,83,83108,0,0,1,1,5,3,1,3,2,02,1,1,0,60,1,0,1,4,2,56,5,1,2,0,2,8,1,201100012016B02,7,15,1,200068104
201100012103,2011-08-18,2011,août,jeudi,13:00,83,83115,0,0,2,6,3,1,1,3,-1,00,1,2,0,0,1,0,1,3,1,54,5,2,2,0,2,2,16,201100012103B02,7,18,1,200036077
201100012120,2011-08-16,2011,août,mardi,21:45,83,83119,0,0,2,9,1,5,1,4,1,00,-1,-1,0,100,1,0,1,3,1,53,5,3,8,0,2,7,19,201100012120B02,32,1,1,200036077
201100012128,2011-04-14,2011,avril,jeudi,15:45,83,83035,0,0,1,1,2,1,1,3,2,00,2,1,0,62,1,0,1,2,1,73,5,1,2,0,2,4,2,201100012128B02,7,2,1,248300394
201100012136,2011-11-16,2011,novembre,mercredi,09:45,83,83016,0,0,1,1,3,1,1,3,3,00,2,2,0,0,1,0,1,3,1,55,5,1,2,0,2,8,1,201100012136B02,14,1,1,248300394
201100012181,2011-04-29,2011,avril,vendredi,11:15,84,84054,43.936,5.065,2,6,3,1,1,3,1,02,1,2,0,80,1,0,1,4,1,26,5,3,1,0,2,1,1,201100012181B02,10,16,1,248400319
201100012189,2011-12-06,2011,décembre,mardi,18:45,84,84054,43.937,5.066,2,1,1,5,1,3,1,01,1,1,10,43,1,0,1,4,1,56,3,2,2,0,2,8,13,201100012189A01,7,1,1,248400319
201100012193,2011-05-28,2011,mai,samedi,11:30,84,84092,0,0,2,1,3,1,1,4,2,02,1,1,0,0,1,0,1,3,1,12,5,3,2,0,2,1,15,201100012193B02,7,1,1,248400251
201100012207,2011-04-07,2011,avril,jeudi,22:45,84,84129,44.025,4.885,2,1,2,3,1,3,2,02,1,1,0,0,1,0,1,2,1,18,5,3,1,0,0,4,2,201100012207B02,7,2,1,248400293
201100012230,2011-06-05,2011,juin,dimanche,22:00,84,84020,43.866,5.278,1,1,1,3,1,3,-1,00,1,1,0,0,1,0,1,2,1,47,5,1,2,0,0,4,1,201100012230B02,7,2,1,200040624
201100012235,2011-08-14,2011,août,dimanche,11:00,84,84151,0,0,1,1,1,1,1,3,2,00,4,2,0,55,1,0,1,3,1,31,5,1,2,0,2,1,1,201100012235B02,7,17,1,248400285
201100012268,2011-07-11,2011,juillet,lundi,19:30,84,84077,0,0,1,1,6,1,1,4,2,00,2,3,0,38,1,0,3,2,1,61,9,3,1,10,0,1,1,201100012268A01,,,,248400053
201100012271,2011-08-13,2011,août,samedi,11:45,84,84017,0,0,1,1,7,1,1,3,2,00,2,3,50,0,1,0,1,3,1,45,5,1,2,0,0,0,1,201100012271A01,,,,248400053
201100012277,2011-01-15,2011,janvier,samedi,13:45,84,84142,0,0,1,1,5,1,1,3,2,00,1,1,120,0,1,0,5,4,1,68,5,1,2,0,0,0,0,201100012277C03,3,16,1,248400251
201100012277,2011-01-15,2011,janvier,samedi,13:45,84,84142,0,0,1,1,5,1,1,3,2,00,1,1,120,0,1,0,5,3,1,68,5,1,2,0,0,0,0,201100012277B02,3,16,1,248400251
201100012298,2011-04-03,2011,avril,dimanche,11:30,84,84130,0,0,1,1,1,1,1,3,2,00,2,4,0,55,1,0,1,4,1,62,5,1,2,0,2,3,1,201100012298B02,31,1,1,248400053
201100012320,2011-06-16,2011,juin,jeudi,09:00,84,84137,0,0,1,1,2,1,1,3,2,00,-1,1,32,95,1,5,1,3,1,66,3,3,1,0,0,4,11,201100012320B02,7,2,1,248400335
201100012353,2011-09-02,2011,septembre,vendredi,12:15,34,34057,43.6307,3.90932,2,1,1,1,1,4,2,01,1,1,0,0,1,0,1,3,1,26,5,2,2,0,2,1,13,201100012353A01,10,1,1,243400017
201100012364,2011-11-16,2011,novembre,mercredi,15:15,34,34058,0,0,1,1,1,1,1,3,2,00,1,2,0,47,1,0,1,3,1,45,5,1,2,0,2,3,1,201100012364B02,7,1,1,243400017
201100012380,2011-08-02,2011,août,mardi,15:15,34,34344,43.57054,4.10304,2,9,3,1,1,6,-1,00,-1,-1,0,0,1,0,0,3,2,11,5,2,2,0,2,8,15,201100012380B02,7,1,1,243400470
201100012382,2011-09-25,2011,septembre,dimanche,18:00,34,34344,0,0,2,1,1,1,1,4,3,00,1,1,120,20,1,0,1,4,2,40,5,3,1,0,2,8,0,201100012382B02,10,1,1,243400470
201100012383,2011-10-02,2011,octobre,dimanche,13:15,34,34344,43.937,4.142,2,1,1,1,1,4,2,02,1,1,0,80,1,0,1,3,1,11,5,3,1,0,2,8,19,201100012383B02,7,1,1,243400470
201100012388,2011-03-12,2011,mars,samedi,11:30,34,34145,43.67747,4.12185,2,1,3,1,1,4,1,01,1,1,0,41,1,5,3,4,1,37,5,1,2,0,2,1,5,201100012388A01,7,9,1,243400520
201100012436,2011-05-11,2011,mai,mercredi,11:15,34,34052,43.32968,3.04186,2,1,6,1,1,3,-1,00,-1,1,57,0,1,0,1,2,1,64,5,2,2,0,1,1,1,201100012436A01,,,,200042653
201100012479,2011-09-06,2011,septembre,mardi,10:45,34,34063,43.50853,3.3663,2,3,1,1,1,3,2,02,1,1,0,60,1,0,1,3,1,66,5,1,2,0,2,3,1,201100012479B02,10,15,1,243400819
201100012510,2011-05-13,2011,mai,vendredi,08:45,34,34299,43.27329,3.28468,1,1,2,1,1,3,3,00,-1,1,10,40,1,0,1,3,1,79,3,2,2,0,2,6,2,201100012510B02,7,2,1,243400769
201100012530,2011-04-01,2011,avril,vendredi,14:30,34,34175,43.60846,3.32264,1,1,5,1,1,3,2,02,1,3,71,0,1,0,1,3,1,65,5,1,2,0,2,3,1,201100012530B02,33,13,1,243400355
201100012530,2011-04-01,2011,avril,vendredi,14:30,34,34175,43.60846,3.32264,1,1,5,1,1,3,2,02,1,3,71,0,1,0,1,3,1,70,5,1,2,0,2,3,1,201100012530C03,33,13,1,243400355
201100012530,2011-04-01,2011,avril,vendredi,14:30,34,34175,43.60846,3.32264,1,1,5,1,1,3,2,02,1,3,71,0,1,0,1,3,1,57,0,1,2,0,2,3,1,201100012530D04,33,13,1,243400355
201100012569,2011-10-17,2011,octobre,lundi,11:00,34,34003,43.326,3.539,2,1,1,1,1,3,2,02,-1,2,70,0,1,2,5,3,2,44,0,2,2,0,2,1,1,201100012569B02,1,1,1,243400819
201100012569,2011-10-17,2011,octobre,lundi,11:00,34,34003,43.326,3.539,2,1,1,1,1,3,2,02,-1,2,70,0,1,2,5,1,1,48,5,1,2,0,2,1,1,201100012569A01,1,1,1,243400819
201100012573,2011-07-06,2011,juillet,mercredi,17:30,34,34023,43.45797,3.69794,1,1,1,1,1,3,2,03,4,3,0,87,1,0,1,3,1,45,5,3,1,0,2,4,1,201100012573B02,7,1,1,200066355
201100012575,2011-01-13,2011,janvier,jeudi,17:15,34,34039,0,0,2,1,3,1,1,4,2,02,-1,-1,0,0,1,0,1,4,1,58,4,1,2,0,2,0,1,201100012575A01,14,21,1,200066355
201100012712,2011-08-01,2011,août,lundi,11:30,30,30133,43.55179,4.11632,1,1,3,1,1,3,2,02,1,1,0,72,1,0,1,3,1,40,5,3,1,0,2,8,19,201100012712A01,7,1,1,243000650
201100012725,2011-04-19,2011,avril,mardi,18:30,30,30023,43.79331,4.11876,2,1,1,1,1,3,2,02,1,1,57,57,1,0,1,3,2,14,0,3,1,0,0,8,0,201100012725B02,7,0,1,243000296
201100012733,2011-08-12,2011,août,vendredi,19:45,30,30138,43.80996,4.24504,1,6,2,1,1,3,4,00,2,2,0,80,1,5,1,3,1,16,5,3,1,0,0,6,15,201100012733B02,7,16,1,243000643
201100012769,2011-05-22,2011,mai,dimanche,16:45,30,30344,0,0,2,1,3,1,1,4,1,00,2,1,0,46,1,0,1,3,1,52,5,2,2,0,2,7,1,201100012769B02,7,19,1,243000569
201100012814,2011-12-15,2011,décembre,jeudi,15:30,30,30307,44.1991,4.00947,2,1,7,1,1,3,2,00,2,1,0,40,1,0,1,3,1,65,5,1,2,0,0,1,1,201100012814A01,,,,200066918
201100012848,2011-06-25,2011,juin,samedi,14:30,30,30345,44.27876,3.99794,1,1,1,1,1,3,2,02,1,1,0,70,1,0,1,3,1,14,5,1,2,0,2,1,19,201100012848B02,7,1,1,200066918
201100012931,2011-09-12,2011,septembre,lundi,13:00,30,30012,43.89733,4.68926,2,3,1,1,1,4,2,02,2,1,0,50,1,0,1,3,1,12,2,3,1,0,2,1,5,201100012931B02,7,1,1,243000684
201100012965,2011-06-03,2011,juin,vendredi,12:15,30,30026,43.96875,3.60184,1,1,3,1,1,3,2,02,2,-1,0,67,1,0,1,3,1,63,5,3,1,0,2,0,1,201100012965B02,7,17,1,243000270
201100013027,2011-02-05,2011,février,samedi,15:00,48,48034,0,0,2,1,3,1,1,3,2,02,1,1,0,70,1,0,1,3,1,32,5,1,2,0,2,1,1,201100013027B02,7,15,1,200069268
201100013079,2011-05-02,2011,mai,lundi,09:30,66,66017,0,0,1,1,1,1,1,3,3,05,1,1,20,200,1,3,1,3,1,79,5,1,2,0,0,4,1,201100013079B02,7,3,1,200027183