Num_Acc,date,an,mois,jour,hrmn,dep,com,lat,long,agg,int,col,lum,atm,catr,circ,nbv,prof,plan,lartpc,larrout,surf,infra,situ,grav,sexe,age,trajet,secuexist,equipement,obs,obsm,choc,manv,vehiculeid,typevehicules,manoeuvehicules,numVehicules,_infos_commune.code_epci
201100015547,2011-01-17,2011,janvier,lundi,17:20,06,06088,0,0,2,1,3,2,1,4,3,02,1,1,25,60,1,0,1,4,1,37,5,1,2,0,2,0,9,201100015547A01,7,1,1,200030195
201100015569,2011-01-25,2011,janvier,mardi,13:10,06,06088,0,0,2,2,3,1,1,4,2,02,1,1,0,0,1,0,1,4,1,45,1,3,9,0,2,1,1,201100015569B01,10,1,1,200030195
201100015604,2011-02-07,2011,février,lundi,14:30,06,06088,0,0,2,1,6,1,1,4,1,03,1,1,20,100,1,0,1,4,2,26,0,3,9,0,2,1,0,201100015604A01,7,0,1,200030195
201100015606,2011-02-08,2011,février,mardi,07:45,06,06088,0,0,2,2,3,1,1,4,1,02,1,1,0,60,1,0,1,3,1,24,5,3,9,0,2,8,1,201100015606A01,37,1,1,200030195
201100015610,2011-02-09,2011,février,mercredi,13:00,06,06088,0,0,2,1,6,1,1,4,1,03,1,1,0,120,1,0,1,4,1,61,5,3,9,0,2,1,1,201100015610B01,7,16,1,200030195
201100015654,2011-02-25,2011,février,vendredi,09:10,06,06088,0,0,2,1,6,1,1,4,1,01,1,1,0,50,1,0,1,1,1,44,5,3,2,0,1,1,1,201100015654A01,,,,200030195
201100015657,2011-02-25,2011,février,vendredi,15:20,06,06088,0,0,2,1,3,1,1,4,2,04,1,1,0,125,1,0,1,4,1,23,5,3,9,0,2,8,1,201100015657B01,7,15,1,200030195
201100015725,2011-03-23,2011,mars,mercredi,14:40,06,06088,0,0,2,1,6,1,1,4,2,02,1,1,0,0,1,0,1,3,1,33,0,3,2,1,0,1,1,201100015725B01,7,22,1,200030195
201100015730,2011-03-25,2011,mars,vendredi,13:45,06,06088,0,0,2,1,3,1,1,4,3,04,1,1,0,0,1,0,1,4,2,19,0,3,9,0,2,1,9,201100015730A01,7,1,1,200030195
201100015772,2011-04-10,2011,avril,dimanche,17:30,06,06088,0,0,2,1,6,1,1,4,-1,02,1,1,0,0,1,0,1,1,1,33,0,1,9,0,1,1,1,201100015772A01,,,,200030195
201100015772,2011-04-10,2011,avril,dimanche,17:30,06,06088,0,0,2,1,6,1,1,4,-1,02,1,1,0,0,1,0,1,4,2,4,0,3,9,0,1,1,1,201100015772A01,,,,200030195
201100015782,2011-04-13,2011,avril,mercredi,16:10,06,06088,0,0,2,3,7,1,1,4,1,01,1,1,0,0,1,0,1,1,1,23,4,1,2,0,2,0,15,201100015782A01,30,21,1,200030195
201100015801,2011-04-18,2011,avril,lundi,17:00,06,06088,0,0,2,1,6,1,1,3,1,02,1,1,0,0,1,0,1,2,2,61,5,3,9,0,0,0,1,201100015801A01,,,,200030195
201100015805,2011-04-19,2011,avril,mardi,18:45,06,06088,0,0,2,1,3,1,1,4,3,03,1,1,0,0,1,0,1,4,1,13,5,2,2,0,2,1,1,201100015805B01,7,1,1,200030195
201100015810,2011-04-21,2011,avril,jeudi,09:00,06,06088,0,0,2,1,6,1,1,9,2,01,1,1,0,0,1,6,5,4,2,50,5,2,2,0,0,1,1,201100015810B01,14,4,1,200030195
201100015858,2011-05-08,2011,mai,dimanche,07:45,06,06088,0,0,2,2,3,1,1,4,1,02,1,1,0,0,1,0,1,3,1,48,5,1,2,0,2,1,1,201100015858A01,7,15,1,200030195
201100015876,2011-05-13,2011,mai,vendredi,11:30,06,06088,0,0,2,1,3,1,1,4,2,03,1,1,0,0,1,0,1,4,1,25,5,3,9,0,2,1,1,201100015876A01,2,1,1,200030195
201100015977,2011-06-15,2011,juin,mercredi,21:50,06,06159,0,0,1,1,6,3,1,4,2,02,1,1,0,0,-1,0,1,3,2,26,0,2,9,0,0,9,1,201100015977A01,,,,200030195
201100015995,2011-06-23,2011,juin,jeudi,23:25,06,06088,0,0,2,2,3,5,1,4,-1,04,1,1,0,0,1,0,1,4,1,20,5,3,9,0,2,0,0,201100015995A01,7,0,1,200030195
201100015996,2011-06-24,2011,juin,vendredi,10:00,06,06088,0,0,2,1,3,1,1,4,2,04,1,1,0,0,1,0,1,4,1,44,2,2,2,0,2,1,1,201100015996B01,7,15,1,200030195
201100016014,2011-06-28,2011,juin,mardi,22:36,06,06088,0,0,2,1,3,1,1,4,3,03,1,1,0,0,1,0,1,1,1,29,5,2,9,0,2,0,13,201100016014A01,32,1,1,200030195
201100016038,2011-07-07,2011,juillet,jeudi,08:55,06,06088,0,0,2,1,6,1,1,4,2,04,1,1,0,148,1,0,1,4,1,78,5,3,9,1,0,2,1,201100016038B01,7,22,1,200030195
201100016109,2011-08-02,2011,août,mardi,13:15,06,06088,0,0,2,3,6,1,1,4,1,02,1,1,0,100,1,0,1,4,2,70,5,1,9,0,2,8,17,201100016109B01,37 / 7,9 / 24,2,200030195
201100016116,2011-08-04,2011,août,jeudi,08:30,06,06088,0,0,2,1,6,1,1,4,2,04,1,1,0,0,1,0,1,4,2,59,1,3,2,0,2,4,1,201100016116B01,7,2,1,200030195
201100016175,2011-08-29,2011,août,lundi,15:50,06,06088,0,0,2,1,3,1,1,4,1,02,1,2,0,0,1,1,1,4,1,49,5,1,2,0,2,8,1,201100016175B01,7,9,1,200030195
201100016180,2011-08-31,2011,août,mercredi,16:30,06,06088,0,0,2,1,2,1,1,3,1,02,1,1,0,0,1,0,1,4,1,46,0,1,2,0,2,4,2,201100016180B01,2,1,1,200030195
201100016190,2011-09-06,2011,septembre,mardi,08:45,06,06088,0,0,2,2,3,1,1,4,1,01,1,1,0,0,1,0,1,4,1,67,5,1,2,0,2,8,1,201100016190B01,7,1,1,200030195
201100016195,2011-09-08,2011,septembre,jeudi,14:55,06,06088,0,0,2,6,2,1,1,3,3,05,1,1,0,0,1,0,1,4,1,43,0,3,9,0,2,6,1,201100016195B01,7,14,1,200030195
201100016223,2011-09-17,2011,septembre,samedi,23:15,06,06088,0,0,2,2,3,5,1,4,3,02,1,1,0,0,1,0,1,4,2,18,5,3,9,0,2,1,0,201100016223A01,7,1,1,200030195
201100016229,2011-09-21,2011,septembre,mercredi,20:00,06,06088,0,0,2,1,6,5,1,9,2,00,1,1,0,0,1,0,0,1,1,17,5,2,9,0,9,1,13,201100016229B01,1,1,1,200030195
201100016229,2011-09-21,2011,septembre,mercredi,20:00,06,06088,0,0,2,1,6,5,1,9,2,00,1,1,0,0,1,0,0,4,1,50,1,3,9,0,9,2,1,201100016229A01,1,13,1,200030195
201100016249,2011-09-29,2011,septembre,jeudi,02:10,06,06088,0,0,2,3,3,5,1,4,1,01,1,1,0,0,1,0,0,3,1,16,5,3,9,0,2,8,5,201100016249A01,7,1,1,200030195
201100016258,2011-10-03,2011,octobre,lundi,13:15,06,06088,0,0,2,2,3,1,1,4,1,02,1,1,0,0,1,0,1,1,2,54,0,3,2,0,2,1,1,201100016258A01,30,1,1,200030195
201100016306,2011-10-16,2011,octobre,dimanche,09:00,06,06088,0,0,2,1,1,1,1,4,2,01,1,1,0,100,1,0,1,4,1,26,0,3,9,0,2,1,12,201100016306A01,7,1,1,200030195
201100016320,2011-10-19,2011,octobre,mercredi,09:05,06,06088,0,0,2,1,3,1,1,4,2,02,1,1,0,0,1,0,1,4,1,63,5,2,2,0,2,0,15,201100016320A01,31,17,1,200030195
201100016330,2011-10-22,2011,octobre,samedi,13:45,06,06088,0,0,2,1,5,1,1,4,1,03,1,1,0,0,1,0,1,4,2,36,1,2,2,0,2,1,1,201100016330B01,32 / 7,1 / 22,2,200030195
201100016344,2011-10-29,2011,octobre,samedi,12:50,06,06088,0,0,2,1,6,1,1,4,2,03,1,1,0,0,1,0,1,1,1,52,0,1,2,0,2,4,1,201100016344B01,30,1,1,200030195
201100016393,2011-11-20,2011,novembre,dimanche,14:00,06,06088,0,0,2,3,3,1,1,4,2,04,-1,-1,0,0,-1,0,1,3,1,43,1,3,9,0,2,1,0,201100016393A01,7,15,1,200030195
201100016472,2011-12-17,2011,décembre,samedi,08:30,06,06088,0,0,2,1,6,1,1,3,1,04,1,1,0,0,1,0,1,3,1,66,5,1,2,0,2,0,1,201100016472B01,38,17,1,200030195
201100016487,2011-12-21,2011,décembre,mercredi,23:25,06,06088,0,0,2,1,3,5,1,4,2,02,1,1,0,0,1,0,1,1,1,37,5,1,4,0,2,6,15,201100016487A01,30,0,1,200030195
201100016551,2011-06-07,2011,juin,mardi,16:40,07,07019,0,0,1,6,3,1,1,2,1,01,4,2,0,86,1,5,1,3,1,76,5,1,2,0,2,8,15,201100016551B01,7,15,1,200073245
201100016566,2011-05-28,2011,mai,samedi,16:50,07,07102,0,0,2,6,3,1,1,4,2,02,1,4,0,100,1,5,1,4,2,60,5,2,9,0,2,5,1,201100016566B01,7,16,1,200041366
201100016568,2011-08-09,2011,août,mardi,10:15,07,07281,0,0,2,3,6,1,1,4,2,02,1,1,0,77,1,0,1,4,2,53,5,2,2,0,2,1,5,201100016568A01,7,16,1,200041366
201100016569,2011-09-03,2011,septembre,samedi,12:50,07,07281,0,0,1,1,3,1,1,3,2,02,2,2,0,72,1,0,1,3,1,51,5,1,2,0,2,1,13,201100016569A01,7,1,1,200041366
201100016580,2011-09-24,2011,septembre,samedi,18:30,57,57096,0,0,1,1,1,1,1,3,3,02,1,1,0,0,1,0,1,4,1,44,5,3,1,0,0,0,0,201100016580B02,7,16,1,245701404
201100016612,2011-05-13,2011,mai,vendredi,11:00,35,35051,48.10537,-1.62901,2,3,1,1,1,4,,,,,,,,5,,3,2,29,0,2,2,0,0,1,23,201100016612B02,10,15,1,243500139
201100016613,2011-11-22,2011,novembre,mardi,14:00,35,35334,48.153,-1.59,1,6,2,1,1,2,1,00,-1,3,0,0,1,3,1,3,1,34,5,2,2,0,2,4,1,201100016613A01,7,9,1,243500139
201100016648,2011-04-09,2011,avril,samedi,16:00,51,51232,0,0,1,1,2,1,1,3,2,02,2,1,0,66,1,0,1,1,1,52,5,1,2,0,2,4,2,201100016648B02,7,17,1,200067213
201100016648,2011-04-09,2011,avril,samedi,16:00,51,51232,0,0,1,1,2,1,1,3,2,02,2,1,0,66,1,0,1,3,2,52,5,1,2,0,2,4,2,201100016648B02,7,17,1,200067213
201100016666,2011-01-30,2011,janvier,dimanche,17:00,37,37243,0,0,1,3,1,1,1,3,2,02,1,1,30,30,1,0,1,2,1,10,5,3,8,0,2,8,1,201100016666B02,7,1,1,243700754
201100016673,2011-08-11,2011,août,jeudi,18:00,37,37018,47.3398,0.62234,2,1,1,1,1,4,2,00,1,1,0,0,1,0,1,3,1,16,5,3,8,0,2,3,15,201100016673B02,7,1,1,243700754
201100016675,2011-10-07,2011,octobre,vendredi,15:30,37,37018,47.3507,0.62857,2,1,1,1,1,6,-1,00,2,3,0,32,9,6,1,2,2,54,1,3,8,0,2,1,1,201100016675B02,32,1,1,243700754
201100016839,2011-03-08,2011,mars,mardi,14:15,60,60086,0,0,1,1,5,1,1,3,2,02,2,1,0,62,1,0,1,4,1,31,5,1,2,0,0,0,21,201100016839C03,10,17 / 1,2,200067973
201100016900,2011-07-29,2011,juillet,vendredi,19:00,21,21479,47.511,4.781,2,3,3,1,1,9,2,00,2,1,0,66,1,0,1,3,2,10,5,1,2,0,2,8,15,201100016900B02,7,1,1,200039063
201100016946,2011-10-04,2011,octobre,mardi,16:15,53,53005,48.19258,-0.79333,1,1,5,1,1,3,2,02,1,3,0,50,1,0,1,3,1,66,5,1,2,0,2,1,13,201100016946A01,7,1,1,245300355
201100016946,2011-10-04,2011,octobre,mardi,16:15,53,53005,48.19258,-0.79333,1,1,5,1,1,3,2,02,1,3,0,50,1,0,1,3,1,64,5,1,2,0,0,8,1,201100016946C03,7,1,1,245300355
201100016946,2011-10-04,2011,octobre,mardi,16:15,53,53005,48.19258,-0.79333,1,1,5,1,1,3,2,02,1,3,0,50,1,0,1,4,1,67,5,1,2,0,0,8,1,201100016946D04,7,1,1,245300355
201100016958,2011-07-03,2011,juillet,dimanche,17:00,95,95371,49.0846,2.5035,2,3,3,1,1,4,2,02,2,3,0,51,1,0,1,3,1,13,5,1,9,0,2,1,1,201100016958B02,7,1,1,200055655
201100017134,2011-03-28,2011,mars,lundi,09:55,08,08346,49.7551,4.70025,2,4,3,1,1,3,2,02,1,3,0,0,1,5,1,3,1,53,5,2,2,0,2,7,1,201100017134B01,7,19,1,200041630
201100017141,2011-05-28,2011,mai,samedi,16:15,08,08298,49.7951,4.74883,1,1,2,1,1,3,2,03,2,3,0,130,1,0,5,3,1,30,5,1,2,0,0,4,1,201100017141B01,7,14,1,200041630
201100017208,2011-05-07,2011,mai,samedi,14:00,69,69268,0,0,1,1,2,1,1,3,2,00,4,2,0,0,1,0,1,3,2,17,5,1,2,0,2,4,2,201100017208B02,7,2,1,246900757
201100017258,2011-07-11,2011,juillet,lundi,09:00,31,31506,0,0,1,1,3,1,1,3,2,02,2,1,0,53,1,0,1,3,1,64,5,3,1,0,2,8,1,201100017258B02,10,1,1,243100518
201100017294,2011-04-27,2011,avril,mercredi,19:45,91,91105,0,0,1,1,1,2,1,4,2,02,-1,-1,0,0,-1,0,1,4,1,34,5,1,2,0,2,1,1,201100017294B02,7,15,1,200057859
201100017302,2011-05-16,2011,mai,lundi,18:45,38,38485,45.1849,5.69712,2,3,3,1,1,3,2,02,1,-1,0,0,1,5,1,3,1,22,1,3,1,0,2,8,19,201100017302B02,7,15,1,200040715
201100017310,2011-07-08,2011,juillet,vendredi,15:00,38,38527,0,0,1,9,6,1,1,3,2,02,2,1,0,0,1,0,1,2,2,43,5,1,2,1,0,1,13,201100017310A01,,,,243800745
201100017311,2011-07-31,2011,juillet,dimanche,19:15,38,38052,0,0,1,1,6,1,1,3,2,02,2,1,0,61,1,0,1,3,1,15,5,3,1,10,0,1,1,201100017311A01,,,,243800745
201100017420,2011-01-03,2011,janvier,lundi,14:30,66,66172,42.7076,2.84068,2,1,3,1,1,3,2,02,1,1,0,0,1,0,1,3,1,80,5,2,2,0,2,4,0,201100017420B02,7,1,1,200027183
201100017429,2011-03-08,2011,mars,mardi,18:15,74,74264,0,0,2,1,1,1,1,3,3,02,1,1,0,0,1,0,1,4,1,60,9,1,2,0,2,4,19,201100017429B02,7,0,1,200033116
201100017436,2011-05-19,2011,mai,jeudi,09:15,74,74264,0,0,2,1,1,1,1,4,2,00,-1,1,0,0,1,6,1,3,1,15,2,1,9,0,2,1,19,201100017436B02,7,1,1,200033116
201100017445,2011-08-24,2011,août,mercredi,08:45,74,74014,0,0,1,1,1,1,1,3,2,00,-1,4,0,0,1,0,1,3,1,60,5,1,2,0,2,3,17,201100017445A01,7,1,1,200033116
201100017484,2011-01-30,2011,janvier,dimanche,15:00,09,09225,42.9776,1.611,2,2,1,1,1,4,2,01,1,1,0,64,1,5,1,3,1,57,5,3,9,0,2,3,2,201100017484B01,7,15,1,200066231
201100017488,2011-05-20,2011,mai,vendredi,16:30,09,09225,43.10772,1.61791,2,1,3,1,1,4,2,02,1,1,0,97,1,0,1,3,1,43,3,3,9,0,2,1,16,201100017488B01,7,16,1,200066231
201100017576,2011-11-07,2011,novembre,lundi,13:15,38,38397,0,0,1,1,2,1,1,3,2,00,2,3,0,0,1,0,1,3,1,76,5,1,2,0,2,4,19,201100017576B02,7,1,1,200018166
201100017590,2011-01-16,2011,janvier,dimanche,12:30,78,78466,48.9244,1.99445,2,1,2,1,1,3,3,01,1,1,0,33,1,0,1,3,1,63,5,3,4,0,2,1,1,201100017590B01,7,23,1,200059889
201100017595,2011-10-15,2011,octobre,samedi,16:45,78,78431,48.948,1.963,2,1,7,1,1,3,2,00,4,1,0,50,1,0,1,3,1,62,5,1,2,14,0,8,2,201100017595A01,,,,200059889
201100017597,2011-04-15,2011,avril,vendredi,14:00,33,33122,0,0,1,3,1,1,1,3,2,00,-1,1,0,0,1,0,1,4,1,73,0,1,2,0,2,7,1,201100017597B02,7,19,1,243301165
201100017604,2011-05-03,2011,mai,mardi,18:45,66,66140,42.69178,2.76904,2,1,1,1,1,4,2,02,1,-1,0,0,1,0,1,3,1,16,5,2,2,0,2,6,16,201100017604A01,7,1,1,200027183
201100017639,2011-04-22,2011,avril,vendredi,10:00,22,22251,48.576,-2.815,2,6,3,1,1,4,2,01,-1,1,0,0,1,0,1,4,1,67,5,1,2,0,0,7,1,201100017639B02,7,1,1,200069409
201100017653,2011-05-16,2011,mai,lundi,10:30,74,74268,45.89,6.1,2,6,1,1,1,4,-1,00,-1,-1,,,-1,0,5,3,2,62,5,1,2,0,0,4,1,201100017653B02,7,9,1,
201100017684,2011-04-11,2011,avril,lundi,18:15,51,51450,0,0,1,1,2,1,1,3,2,02,1,1,0,64,1,0,1,2,1,46,5,3,8,0,2,4,1,201100017684B02,7,1,1,200067213
201100017696,2011-07-06,2011,juillet,mercredi,09:45,31,31203,43.52212,1.32172,2,3,3,1,1,4,2,02,1,1,0,32,1,0,1,3,1,80,5,2,2,0,2,1,1,201100017696B02,7,1,1,200068641
201100017708,2011-08-08,2011,août,lundi,13:30,06,06018,0,0,1,1,1,1,1,3,2,02,2,1,0,80,1,0,1,3,1,42,5,1,2,0,2,6,1,201100017708B02,7,17,1,240600585
201100017718,2011-05-15,2011,mai,dimanche,08:00,69,69063,0,0,1,1,2,1,1,3,2,00,1,3,0,68,1,0,1,3,1,41,5,1,2,0,0,8,0,201100017718B02,7,13,1,200046977
201100017743,2011-04-20,2011,avril,mercredi,14:00,74,74011,0,0,2,3,1,1,1,4,-1,00,2,-1,0,0,1,0,1,4,1,11,5,1,2,0,2,1,15,201100017743A01,7,1,1,
201100017762,2011-11-09,2011,novembre,mercredi,10:00,34,34255,0,0,1,1,1,1,1,3,3,04,3,1,15,140,1,0,1,4,2,45,5,2,2,0,2,8,2,201100017762B02,10,14,1,200022986
201100017808,2011-08-05,2011,août,vendredi,09:00,56,56214,0,0,1,6,1,1,1,3,1,00,1,4,0,55,1,0,1,3,1,55,5,1,9,0,2,1,1,201100017808B02,7,1,1,200067932
201100017811,2011-11-19,2011,novembre,samedi,12:15,56,56243,47.6525,-2.73135,2,9,3,1,1,3,2,00,1,1,0,76,1,0,1,3,1,71,3,1,9,0,2,5,9,201100017811A01,32,21,1,200067932
201100017843,2011-01-31,2011,janvier,lundi,14:15,14,14200,0,0,1,2,1,1,8,3,2,02,-1,1,0,71,1,5,1,3,1,59,5,1,2,0,2,1,1,201100017843A01,7,19,1,200069516
201100017854,2011-06-11,2011,juin,samedi,09:30,13,13051,0,0,1,1,5,1,1,3,2,02,-1,3,52,0,1,0,1,4,1,47,5,1,2,0,2,8,1,201100017854D04,7,1 / 17,2,200054807
201100017854,2011-06-11,2011,juin,samedi,09:30,13,13051,0,0,1,1,5,1,1,3,2,02,-1,3,52,0,1,0,1,3,1,39,5,1,2,0,2,8,1,201100017854C03,7,1 / 17,2,200054807
201100017866,2011-08-10,2011,août,mercredi,10:45,05,05174,44.91276,6.67196,1,3,2,1,1,2,2,03,1,1,0,117,1,5,1,3,1,52,5,1,2,0,,4,11,201100017866B02,7,1,1,240500439
201100017894,2011-12-18,2011,décembre,dimanche,15:56,10,10343,0,0,2,1,3,1,1,4,2,02,1,1,0,70,1,0,1,3,2,5,5,3,9,0,2,8,2,201100017894B02,7,2,1,200069250
201100017911,2011-02-16,2011,février,mercredi,16:40,10,10387,0,0,2,6,3,1,1,4,1,02,1,2,0,70,1,5,5,4,1,61,0,1,2,0,2,1,1,201100017911B01,7,1,1,200069250
201100017933,2011-04-17,2011,avril,dimanche,17:55,10,10333,0,0,2,3,6,1,1,3,2,02,1,1,0,70,1,0,1,3,2,12,0,1,2,0,2,3,15,201100017933B01,7,11,1,200069250
201100017939,2011-04-07,2011,avril,jeudi,09:15,10,10387,0,0,2,1,6,1,1,5,-1,01,1,1,0,0,1,6,0,1,1,17,2,2,4,0,1,1,1,201100017939A01,,,,200069250
201100017941,2011-05-06,2011,mai,vendredi,11:35,10,10387,0,0,2,6,6,1,1,4,2,02,1,1,0,70,1,5,5,3,1,21,0,3,2,0,2,1,1,201100017941B01,7,16,1,200069250
201100017945,2011-05-14,2011,mai,samedi,19:35,10,10333,0,0,2,6,6,1,1,3,2,02,1,1,0,70,1,5,1,4,1,24,0,3,2,0,2,7,1,201100017945B01,7,9,1,200069250
201100017947,2011-05-23,2011,mai,lundi,09:10,10,10333,0,0,2,4,6,1,1,3,2,02,1,1,0,70,1,0,1,3,1,29,1,3,2,0,2,8,15,201100017947A01,7,17,1,200069250
201100017949,2011-06-08,2011,juin,mercredi,19:52,10,10387,0,0,2,3,3,1,1,4,2,02,1,1,0,70,1,0,1,4,1,34,5,2,9,0,2,3,0,201100017949A01,37,1,1,200069250
201100017960,2011-07-22,2011,juillet,vendredi,19:10,10,10387,0,0,2,1,6,1,1,4,1,02,1,1,0,70,2,0,5,4,2,18,1,2,9,0,0,1,1,201100017960B01,7,9,1,200069250
201100017961,2011-07-21,2011,juillet,jeudi,12:00,10,10387,0,0,2,3,3,1,2,4,1,01,1,1,0,60,2,0,1,4,2,32,1,3,9,0,2,1,5,201100017961A01,7,15,1,200069250
201100017966,2011-08-21,2011,août,dimanche,12:49,10,10387,0,0,1,1,3,1,1,4,1,02,-1,2,0,50,1,5,1,4,1,19,0,3,9,0,2,8,1,201100017966B01,7,1,1,200069250
201100017969,2011-08-24,2011,août,mercredi,08:45,10,10387,0,0,2,2,3,1,1,4,2,02,1,1,0,70,1,0,1,3,1,74,1,2,2,0,2,8,2,201100017969B01,7,2,1,200069250
201100017977,2011-09-03,2011,septembre,samedi,11:30,10,10387,0,0,2,2,3,1,1,4,2,02,1,1,0,60,1,0,1,4,2,15,0,2,9,0,2,8,1,201100017977A01,7,1,1,200069250
201100017989,2011-09-27,2011,septembre,mardi,08:25,10,10387,0,0,2,3,3,1,1,4,2,02,1,1,0,70,1,0,1,4,2,48,1,2,9,0,2,1,1,201100017989B01,7,9,1,200069250
201100018002,2011-10-14,2011,octobre,vendredi,17:20,10,10343,48.16187,4.52646,2,6,3,1,1,4,2,02,1,1,0,70,1,0,1,4,2,15,0,2,9,0,0,0,0,201100018002B01,7,0,1,200069250
201100018004,2011-11-10,2011,novembre,jeudi,19:03,10,10387,48.16284,4.4472,2,1,3,5,1,4,2,02,1,1,0,70,1,0,1,4,1,20,0,2,9,0,2,7,1,201100018004B01,7,20,1,200069250
201100018005,2011-11-14,2011,novembre,lundi,20:15,10,10387,48.15545,4.41354,2,2,3,5,1,4,2,03,1,1,0,90,1,5,1,3,1,35,1,2,4,0,2,1,1,201100018005B01,7,15,1,200069250
201100018006,2011-11-26,2011,novembre,samedi,11:20,10,10333,48.28937,4.06746,2,1,6,1,1,3,2,02,1,1,0,70,1,0,1,4,2,17,5,2,9,0,0,4,0,201100018006B01,7,14,1,200069250
201100018022,2011-05-30,2011,mai,lundi,08:15,67,67152,48.522,7.65,2,1,1,1,1,3,2,00,-1,1,0,65,1,0,1,3,2,8,0,3,1,0,0,8,19,201100018022B02,2,17,1,246700488
201100018029,2011-09-06,2011,septembre,mardi,09:00,67,67309,0,0,2,1,1,1,7,3,1,00,1,3,0,0,1,5,1,4,1,75,5,3,1,0,2,1,19,201100018029B02,7,1,1,246700488
201100018035,2011-04-09,2011,avril,samedi,18:45,06,06105,0,0,2,1,3,1,1,4,2,00,1,1,0,55,1,0,1,3,1,11,5,1,2,0,2,3,19,201100018035A01,7,1,1,240600585
201100018054,2011-07-08,2011,juillet,vendredi,12:15,38,38193,45.6153,5.2257,2,6,3,1,1,3,-1,00,-1,-1,0,0,-1,0,0,2,1,68,5,1,4,0,0,1,0,201100018054B02,7,0,1,243800604
201100018057,2011-12-05,2011,décembre,lundi,07:15,38,38193,0,0,1,1,6,3,2,6,-1,00,-1,-1,0,0,2,0,1,4,1,37,1,1,4,0,2,3,1,201100018057A02,7,13,1,243800604
201100018072,2011-10-11,2011,octobre,mardi,07:45,29,29019,48.3778,-4.5068,2,6,1,5,1,5,2,00,1,3,0,60,2,0,1,3,1,28,1,1,2,0,0,3,2,201100018072B02,7,2,1,242900314
201100018095,2011-08-21,2011,août,dimanche,21:15,35,35206,48.086,-1.693,1,1,2,2,1,3,1,01,-1,2,0,0,1,0,1,2,1,27,5,3,1,0,2,4,1,201100018095B02,7,1,1,243500139
201100018113,2011-05-25,2011,mai,mercredi,17:00,62,62439,0,0,2,1,3,1,1,4,2,02,1,3,0,33,1,0,1,3,1,22,5,3,1,0,2,3,13,201100018113B02,14,1,1,200072478
201100018142,2011-11-03,2011,novembre,jeudi,19:53,11,11069,0,0,1,1,5,3,1,3,3,02,1,1,0,0,2,0,1,3,1,50,0,1,4,0,2,4,3,201100018142A01,7,17 / 1,2,200035715
201100018154,2011-02-10,2011,février,jeudi,06:35,11,11069,0,0,2,1,3,2,1,4,1,01,1,1,0,20,1,0,1,4,1,40,0,1,2,0,2,7,1,201100018154B01,7,0,1,200035715
201100018155,2011-02-11,2011,février,vendredi,16:26,11,11069,0,0,2,1,7,1,1,9,-1,01,2,1,0,10,1,0,0,4,2,24,5,3,2,0,0,0,1,201100018155A01,,,,200035715
201100018171,2011-04-30,2011,avril,samedi,20:19,11,11069,0,0,1,1,3,3,1,4,-1,01,1,1,0,20,1,0,1,4,1,6,5,3,2,0,2,8,1,201100018171B01,7,0,1,200035715
201100018176,2011-05-20,2011,mai,vendredi,17:51,11,11069,0,0,2,1,3,1,1,4,1,01,1,1,0,30,1,0,0,4,1,85,5,1,2,0,2,0,0,201100018176B01,7,1,1,200035715
201100018179,2011-06-14,2011,juin,mardi,08:14,11,11069,0,0,2,1,3,1,1,4,2,02,1,1,0,30,1,0,1,4,2,50,5,1,2,0,2,8,1,201100018179B01,7,1,1,200035715
201100018185,2011-06-30,2011,juin,jeudi,16:27,11,11069,0,0,2,2,3,1,1,4,2,02,1,1,0,30,1,0,1,3,1,29,5,3,2,1,2,0,1,201100018185A01,7,15,1,200035715
201100018190,2011-07-12,2011,juillet,mardi,10:31,11,11069,0,0,1,1,2,1,1,3,2,02,1,1,0,30,1,0,1,4,1,63,5,1,2,0,2,0,0,201100018190B01,7,0,1,200035715
201100018193,2011-08-03,2011,août,mercredi,03:54,11,11069,0,0,1,1,2,4,1,3,2,02,1,1,0,0,1,0,1,4,1,27,0,1,4,15,0,1,0,201100018193B01,7,0,1,200035715
201100018201,2011-08-27,2011,août,samedi,08:39,11,11069,0,0,2,1,7,1,1,3,1,00,1,1,0,0,1,0,1,4,1,23,5,3,9,0,0,0,0,201100018201A01,,,,200035715
201100018228,2011-11-01,2011,novembre,mardi,12:27,11,11069,0,0,2,2,1,1,1,3,-1,01,1,2,0,0,1,2,1,4,1,51,0,3,9,0,2,1,1,201100018228B01,7,15,1,200035715
201100018229,2011-11-02,2011,novembre,mercredi,17:04,11,11069,0,0,1,1,6,1,1,3,-1,02,1,2,0,0,1,0,1,4,1,55,0,3,9,0,2,0,0,201100018229B01,7,0,1,200035715
201100018238,2011-12-04,2011,décembre,dimanche,09:05,11,11069,0,0,2,3,3,1,1,3,1,01,1,-1,0,0,1,0,1,4,1,18,5,3,9,0,2,1,5,201100018238A01,7,15,1,200035715
201100018252,2011-10-28,2011,octobre,vendredi,19:15,11,11076,0,0,1,1,3,3,2,3,2,02,2,1,0,76,2,0,1,3,1,32,5,3,9,0,2,8,10,201100018252A01,7,1,1,200035855
201100018265,2011-01-03,2011,janvier,lundi,14:00,11,11262,0,0,2,1,3,1,1,4,2,02,1,1,0,60,1,0,1,4,1,23,9,3,9,0,2,8,13,201100018265A01,7,1,1,241100593
201100018303,2011-06-21,2011,juin,mardi,18:10,11,11262,0,0,2,3,3,1,1,4,1,01,1,1,,67,1,0,0,4,2,59,5,3,9,0,2,1,18,201100018303B01,7,15,1,241100593
201100018304,2011-06-22,2011,juin,mercredi,12:15,11,11262,0,0,2,1,3,1,1,4,2,00,1,1,0,0,1,0,5,4,2,49,4,3,9,0,2,1,1,201100018304B01,7,0,1,241100593