Num_Acc,date,an,mois,jour,hrmn,dep,com,lat,long,agg,int,col,lum,atm,catr,circ,nbv,prof,plan,lartpc,larrout,surf,infra,situ,grav,sexe,age,trajet,secuexist,equipement,obs,obsm,choc,manv,vehiculeid,typevehicules,manoeuvehicules,numVehicules,_infos_commune.code_epci
201100018309,2011-07-13,2011,juillet,mercredi,21:05,11,11262,0,0,2,1,6,1,1,4,1,01,1,1,0,0,1,0,1,1,1,27,5,3,9,0,1,1,1,201100018309A01,,,,241100593
201100018309,2011-07-13,2011,juillet,mercredi,21:05,11,11262,0,0,2,1,6,1,1,4,1,01,1,1,0,0,1,0,1,4,2,6,0,3,9,0,1,1,1,201100018309A01,,,,241100593
201100018311,2011-02-21,2011,février,lundi,12:40,11,11262,0,0,2,1,3,1,1,4,2,00,1,1,0,0,1,0,4,4,2,43,4,3,4,0,2,0,1,201100018311A01,7,0,1,241100593
201100018318,2011-09-09,2011,septembre,vendredi,07:45,11,11262,0,0,2,3,3,1,1,4,2,02,1,1,0,71,1,0,1,3,1,48,1,3,8,0,2,8,1,201100018318B01,7,15,1,241100593
201100018319,2011-02-25,2011,février,vendredi,19:00,11,11262,0,0,2,3,3,2,1,4,2,01,1,1,0,0,1,0,1,4,1,24,5,1,9,0,2,0,1,201100018319A01,7,15,1,241100593
201100018324,2011-09-21,2011,septembre,mercredi,08:35,11,11262,0,0,2,6,2,1,1,4,1,01,1,-1,0,63,1,0,1,4,1,76,5,1,9,0,2,6,1,201100018324B01,7,1,1,241100593
201100018328,2011-10-07,2011,octobre,vendredi,09:20,11,11262,0,0,1,6,3,1,1,4,2,02,1,1,0,0,1,0,1,4,1,50,1,3,4,0,2,7,1,201100018328B01,7,1,1,241100593
201100018330,2011-11-09,2011,novembre,mercredi,07:50,11,11262,0,0,2,3,3,2,1,4,2,02,1,1,0,0,1,0,1,4,1,56,5,1,4,0,2,4,1,201100018330B01,7,1,1,241100593
201100018340,2011-12-10,2011,décembre,samedi,12:00,11,11262,0,0,2,1,3,1,1,4,3,02,1,1,0,0,1,0,1,4,2,58,5,1,9,0,2,2,15,201100018340B01,7,15,1,241100593
201100018364,2011-05-20,2011,mai,vendredi,12:10,11,11262,0,0,2,1,7,1,1,4,2,02,1,1,0,0,1,0,1,3,1,12,0,1,2,0,0,0,0,201100018364A01,,,,241100593
201100018365,2011-05-20,2011,mai,vendredi,11:50,11,11262,0,0,2,1,2,1,1,4,-1,02,1,1,0,0,1,0,1,4,1,39,0,3,4,0,0,0,0,201100018365A01,7,2,1,241100593
201100018368,2011-05-26,2011,mai,jeudi,18:20,11,11262,0,0,2,1,7,1,1,4,2,02,1,1,0,0,1,0,1,4,2,24,0,1,2,0,2,0,0,201100018368B01,7,0,1,241100593
201100018390,2011-08-21,2011,août,dimanche,17:55,11,11262,0,0,2,1,7,1,1,4,-1,02,1,1,0,0,1,0,1,4,1,52,0,3,4,0,0,0,0,201100018390A01,,,,241100593
201100018396,2011-08-30,2011,août,mardi,19:15,11,11262,0,0,2,1,7,1,1,4,-1,02,1,1,0,0,1,0,1,4,2,58,0,3,9,0,0,0,0,201100018396A01,,,,241100593
201100018404,2011-09-16,2011,septembre,vendredi,09:50,11,11262,0,0,2,1,6,1,1,4,2,00,1,3,0,0,1,0,1,4,2,36,1,1,4,0,2,0,0,201100018404B01,10,0,1,241100593
201100018415,2011-10-19,2011,octobre,mercredi,18:00,11,11262,0,0,2,6,3,1,1,4,2,02,1,1,0,0,1,0,1,4,1,61,0,3,9,0,2,0,1,201100018415B01,7,9,1,241100593
201100018424,2011-12-20,2011,décembre,mardi,14:25,11,11262,0,0,2,3,3,1,1,4,2,02,1,1,0,0,1,0,1,4,1,79,4,3,9,0,2,1,1,201100018424B01,7,15,1,241100593
201100018474,2011-06-04,2011,juin,samedi,10:15,74,74164,0,0,2,1,3,1,1,3,3,02,1,1,0,0,1,0,1,3,2,55,5,1,2,0,0,8,1,201100018474B02,7,2,1,200000172
201100018503,2011-03-08,2011,mars,mardi,16:46,12,12089,0,0,2,3,3,1,1,3,2,02,3,1,0,300,1,5,1,3,1,49,1,1,4,0,2,7,1,201100018503B01,10,16,1,200067064
201100018522,2011-09-20,2011,septembre,mardi,18:10,12,12145,0,0,2,3,3,1,1,4,2,02,2,1,118,76,1,5,1,3,1,78,5,1,2,0,2,1,1,201100018522B01,7,15,1,241200567
201100018552,2011-09-20,2011,septembre,mardi,10:05,12,12176,0,0,2,1,7,1,1,6,-1,01,1,1,0,0,1,0,1,3,1,76,5,2,2,12,0,1,1,201100018552Y01,,,,241200187
201100018621,2011-04-02,2011,avril,samedi,13:30,13,13001,0,0,1,1,7,1,1,3,2,02,2,1,0,35,1,0,1,3,1,77,5,2,2,0,0,0,1,201100018621A01,,,,200054807
201100018671,2011-09-13,2011,septembre,mardi,07:50,13,13001,0,0,2,6,3,1,1,4,2,00,2,-1,0,0,1,3,0,4,1,19,2,2,9,0,2,9,19,201100018671B01,37,16,1,200054807
201100018735,2011-08-02,2011,août,mardi,18:40,13,13004,0,0,2,1,1,1,1,4,1,01,1,1,0,50,1,0,1,4,2,54,0,3,9,0,2,1,1,201100018735B01,7,1,1,241300417
201100018746,2011-10-20,2011,octobre,jeudi,12:30,13,13004,0,0,2,3,6,1,1,4,2,02,1,1,0,57,1,0,1,4,1,71,3,3,9,0,2,1,19,201100018746B01,7,23,1,241300417
201100018761,2011-03-08,2011,mars,mardi,09:15,13,13005,0,0,2,1,6,1,1,9,1,02,1,2,0,0,1,0,1,3,1,76,5,1,2,0,2,8,0,201100018761B01,7,0,1,200054807
201100018807,2011-10-12,2011,octobre,mercredi,18:50,13,13070,0,0,2,3,3,2,1,2,2,02,1,1,0,0,1,5,1,3,1,18,5,2,9,0,2,3,1,201100018807B01,7,1,1,200054807
201100018815,2011-10-27,2011,octobre,jeudi,07:45,13,13005,0,0,1,1,3,2,1,3,2,02,1,1,15,100,1,0,1,4,1,62,5,1,4,0,0,6,13,201100018815B01,34,1,1,200054807
201100018865,2011-01-16,2011,janvier,dimanche,10:23,13,13063,0,0,1,1,5,1,1,3,2,02,1,3,0,60,2,0,3,4,1,63,5,1,4,0,2,0,1,201100018865K03,33,17,1,200054807
201100018865,2011-01-16,2011,janvier,dimanche,10:23,13,13063,0,0,1,1,5,1,1,3,2,02,1,3,0,60,2,0,3,4,1,60,5,1,4,0,2,1,1,201100018865G02,33,17,1,200054807
201100018865,2011-01-16,2011,janvier,dimanche,10:23,13,13063,0,0,1,1,5,1,1,3,2,02,1,3,0,60,2,0,3,3,1,57,5,1,4,0,2,3,1,201100018865C01,33,17,1,200054807
201100018865,2011-01-16,2011,janvier,dimanche,10:23,13,13063,0,0,1,1,5,1,1,3,2,02,1,3,0,60,2,0,3,4,1,63,5,3,9,0,0,8,1,201100018865B01,33,17,1,200054807
201100018865,2011-01-16,2011,janvier,dimanche,10:23,13,13063,0,0,1,1,5,1,1,3,2,02,1,3,0,60,2,0,3,4,1,59,5,1,4,0,2,1,1,201100018865E01,33,17,1,200054807
201100018865,2011-01-16,2011,janvier,dimanche,10:23,13,13063,0,0,1,1,5,1,1,3,2,02,1,3,0,60,2,0,3,4,1,70,5,1,4,0,2,1,1,201100018865F02,33,17,1,200054807
201100018865,2011-01-16,2011,janvier,dimanche,10:23,13,13063,0,0,1,1,5,1,1,3,2,02,1,3,0,60,2,0,3,1,1,60,5,1,4,0,0,0,1,201100018865I02,33,17,1,200054807
201100018865,2011-01-16,2011,janvier,dimanche,10:23,13,13063,0,0,1,1,5,1,1,3,2,02,1,3,0,60,2,0,3,3,1,63,5,1,4,0,0,0,0,201100018865D01,33,17,1,200054807
201100018865,2011-01-16,2011,janvier,dimanche,10:23,13,13063,0,0,1,1,5,1,1,3,2,02,1,3,0,60,2,0,3,4,1,60,5,1,4,0,0,0,1,201100018865J02,33,17,1,200054807
201100018865,2011-01-16,2011,janvier,dimanche,10:23,13,13063,0,0,1,1,5,1,1,3,2,02,1,3,0,60,2,0,3,1,1,69,5,1,4,0,0,0,1,201100018865H02,33,17,1,200054807
201100018870,2011-02-26,2011,février,samedi,15:15,13,13047,0,0,1,1,2,1,1,2,1,02,2,2,0,53,1,0,1,4,1,61,5,2,9,3,2,1,1,201100018870C01,7,2,1,200054807
201100018971,2011-12-24,2011,décembre,samedi,19:00,13,13055,43.29585,5.45789,2,1,7,5,1,4,3,02,2,1,15,90,1,0,1,3,1,7,5,3,4,11,0,1,1,201100018971A01,,,,200054807
201100019033,2011-01-17,2011,janvier,lundi,09:00,13,13055,0,0,2,1,6,1,1,4,2,00,1,1,0,0,1,0,1,4,2,47,0,1,9,0,2,8,1,201100019033B01,7,14,1,200054807
201100019110,2011-12-31,2011,décembre,samedi,13:00,13,13055,0,0,2,2,3,1,1,4,1,01,1,1,0,40,1,0,1,4,2,40,0,3,9,0,2,1,1,201100019110B01,7,0,1,200054807
201100019217,2011-08-06,2011,août,samedi,18:30,13,13055,0,0,2,4,3,1,1,4,2,02,2,3,0,0,1,0,1,4,1,64,5,3,9,0,2,0,1,201100019217B01,7,15,1,200054807
201100019333,2011-02-13,2011,février,dimanche,20:00,13,13055,0,0,2,1,7,5,1,4,2,02,2,1,0,70,1,0,1,4,1,25,5,3,9,0,0,0,1,201100019333B01,7,15,1,200054807
201100019350,2011-01-26,2011,janvier,mercredi,10:50,13,13075,0,0,1,1,1,1,1,4,2,00,-1,-1,0,0,1,0,1,4,1,48,5,1,9,0,2,1,1,201100019350B01,7,17,1,200054807
201100019361,2011-03-02,2011,mars,mercredi,09:50,13,13055,0,0,2,1,6,1,1,4,2,02,1,1,0,60,1,0,1,4,2,28,0,3,9,0,2,8,1,201100019361B01,2,1,1,200054807
201100019372,2011-01-24,2011,janvier,lundi,12:00,13,13055,0,0,2,3,3,1,1,4,2,02,1,1,0,50,1,0,1,4,1,43,4,1,9,0,9,1,0,201100019372B01,30,0,1,200054807
201100019410,2011-02-24,2011,février,jeudi,09:40,13,13055,0,0,2,1,7,1,1,4,2,02,1,1,0,100,1,0,1,4,1,15,2,2,2,0,2,8,13,201100019410B01,10,1,1,200054807
201100019487,2011-02-05,2011,février,samedi,13:00,13,13055,43.28687,5.39054,2,1,6,1,1,4,-1,00,1,1,0,0,-1,0,0,3,1,32,0,1,9,0,2,0,0,201100019487A01,7,0,1,200054807
201100019504,2011-03-11,2011,mars,vendredi,13:00,13,13055,0,0,2,1,1,1,1,4,2,02,1,3,0,35,1,0,1,4,1,15,0,3,9,0,2,8,15,201100019504A01,7,17,1,200054807
201100019575,2011-01-08,2011,janvier,samedi,18:15,13,13055,0,0,2,1,6,5,1,4,2,02,1,1,0,45,1,0,1,4,1,22,5,3,9,0,0,1,1,201100019575B01,7,0,1,200054807
201100019593,2011-03-24,2011,mars,jeudi,21:00,13,13055,0,0,2,3,6,5,1,4,1,00,1,1,0,0,1,0,1,4,1,25,0,1,9,0,2,4,1,201100019593B01,7,15,1,200054807
201100019594,2011-03-03,2011,mars,jeudi,12:00,13,13055,43.28784,5.37823,2,1,6,1,1,4,-1,00,1,1,0,0,1,0,0,3,1,22,0,1,2,2,2,0,0,201100019594A01,7,0,2,200054807
201100019607,2011-03-06,2011,mars,dimanche,13:30,13,13055,0,0,2,1,2,1,1,4,3,04,1,1,0,0,1,0,1,4,1,37,5,3,9,0,0,1,2,201100019607B01,7,23,1,200054807
201100019632,2011-03-30,2011,mars,mercredi,13:40,13,13055,43.29237,5.43564,2,1,1,1,1,4,3,02,2,1,0,60,1,4,1,3,1,13,5,2,2,0,2,1,16,201100019632A01,7,1,1,200054807
201100019634,2011-03-29,2011,mars,mardi,12:15,13,13055,0,0,2,1,1,1,1,4,1,01,1,1,0,60,1,0,1,4,1,57,0,3,4,0,2,1,5,201100019634A01,7,1,1,200054807
201100019648,2011-03-26,2011,mars,samedi,09:50,13,13055,0,0,2,3,6,1,1,4,2,00,1,1,0,0,1,0,1,4,1,47,5,1,9,0,2,3,2,201100019648A01,7,15,1,200054807
201100019679,2011-04-14,2011,avril,jeudi,18:30,13,13055,0,0,2,3,2,1,1,4,2,01,1,1,0,50,1,0,1,4,2,10,5,3,9,0,2,8,23,201100019679B01,7,4,1,200054807
201100019685,2011-04-05,2011,avril,mardi,10:40,13,13055,0,0,2,2,6,1,1,4,2,02,4,3,0,120,1,0,1,4,1,101,5,3,2,0,2,1,1,201100019685B01,13,16,1,200054807
201100019725,2011-03-30,2011,mars,mercredi,08:00,13,13055,0,0,2,6,3,1,1,9,-1,02,1,-1,0,70,1,0,1,4,1,22,2,2,9,0,2,7,1,201100019725A01,7,0,1,200054807
201100019868,2011-04-21,2011,avril,jeudi,07:30,13,13055,0,0,2,2,3,1,1,4,2,02,2,1,0,79,1,0,1,4,1,28,1,3,9,0,2,1,1,201100019868B01,7,1,1,200054807
201100019881,2011-05-06,2011,mai,vendredi,15:10,13,13055,0,0,2,1,6,1,1,4,2,00,-1,-1,0,0,1,0,1,4,2,35,1,1,9,0,2,0,1,201100019881B01,7,16,1,200054807
201100019910,2011-08-11,2011,août,jeudi,21:45,13,13055,0,0,2,2,3,5,1,4,1,00,1,1,0,0,1,0,1,4,2,29,0,1,9,0,2,4,1,201100019910B01,7,1,1,200054807
201100019928,2011-05-01,2011,mai,dimanche,16:40,13,13055,0,0,2,3,3,1,1,4,2,02,2,3,0,116,1,0,1,4,1,15,9,3,9,0,2,1,1,201100019928A01,7,1,1,200054807
201100020016,2011-05-29,2011,mai,dimanche,17:00,13,13055,0,0,2,1,3,1,1,4,2,02,1,1,0,0,1,2,1,4,1,11,5,1,9,0,2,0,2,201100020016B01,30,2,1,200054807
201100020017,2011-05-25,2011,mai,mercredi,09:25,13,13055,0,0,2,2,3,1,1,4,1,01,2,1,0,0,1,0,0,4,1,61,0,3,9,0,2,1,1,201100020017B01,7,1,1,200054807
201100020021,2011-05-07,2011,mai,samedi,15:00,13,13055,0,0,2,1,3,1,1,9,2,02,1,1,0,0,1,0,1,4,1,13,9,3,9,0,2,1,0,201100020021A01,33,19,1,200054807
201100020051,2011-05-20,2011,mai,vendredi,18:00,13,13055,0,0,2,1,2,1,1,4,2,02,1,1,0,89,1,0,1,4,2,56,1,3,2,0,2,4,2,201100020051B01,31,2,1,200054807
201100020062,2011-06-02,2011,juin,jeudi,11:00,13,13002,0,0,1,1,6,1,1,4,2,00,2,1,0,0,1,0,1,4,1,46,5,1,9,0,2,1,21,201100020062B01,7,10,1,200054807
201100020091,2011-04-29,2011,avril,vendredi,07:45,13,13055,0,0,2,2,6,1,1,4,-1,00,1,1,0,0,1,0,1,4,2,25,1,1,4,0,2,8,1,201100020091B01,10,16,1,200054807
201100020109,2011-06-19,2011,juin,dimanche,20:00,13,13055,0,0,2,1,3,1,1,4,2,02,2,1,0,40,1,0,1,4,1,11,5,3,9,0,2,7,19,201100020109A01,32,1,1,200054807
201100020119,2011-06-12,2011,juin,dimanche,11:20,13,13002,0,0,1,1,6,1,1,3,2,02,2,3,0,60,1,0,1,3,1,74,9,1,2,0,0,0,1,201100020119A01,99,1,1,200054807
201100020125,2011-06-08,2011,juin,mercredi,00:30,13,13055,0,0,2,1,3,5,1,4,3,05,1,1,0,0,1,0,1,4,1,26,0,2,9,0,2,1,1,201100020125B01,7,11,1,200054807
201100020145,2011-06-21,2011,juin,mardi,08:30,13,13055,0,0,2,1,6,1,1,4,2,00,1,1,0,0,1,0,1,4,1,65,0,1,9,0,2,0,0,201100020145B01,14,1,1,200054807
201100020166,2011-06-23,2011,juin,jeudi,13:40,13,13055,0,0,2,1,3,1,1,4,2,04,1,1,10,100,1,0,1,4,1,68,5,1,2,0,2,8,11,201100020166B01,7,1,1,200054807
201100020205,2011-05-25,2011,mai,mercredi,09:00,13,13055,0,0,2,1,3,1,1,4,-1,00,2,1,0,0,1,0,1,4,1,21,0,3,9,0,2,0,0,201100020205B01,7,0,1,200054807
201100020224,2011-06-23,2011,juin,jeudi,18:25,13,13055,0,0,2,1,2,1,1,4,2,02,1,1,0,50,1,0,1,4,1,18,5,2,9,0,2,1,16,201100020224A01,30,1,1,200054807
201100020237,2011-05-28,2011,mai,samedi,09:30,13,13055,0,0,2,6,3,1,1,4,2,02,1,-1,0,70,1,0,1,4,2,38,4,2,9,0,2,1,1,201100020237A01,7,1,1,200054807
201100020239,2011-06-10,2011,juin,vendredi,16:45,13,13055,0,0,2,1,2,1,1,4,2,03,1,2,0,90,1,0,1,4,2,39,1,1,2,0,2,5,1,201100020239B01,7,0,1,200054807
201100020253,2011-07-08,2011,juillet,vendredi,08:40,13,13055,43.29049,5.4395,2,1,2,1,1,3,3,05,1,1,8,105,1,0,1,3,1,36,1,2,4,0,2,6,11,201100020253A01,7,1,1,200054807
201100020257,2011-06-30,2011,juin,jeudi,06:00,13,13055,0,0,2,2,3,2,1,4,1,00,1,1,0,0,1,0,1,4,1,57,0,1,4,0,2,0,1,201100020257B01,7,1,1,200054807
201100020274,2011-06-08,2011,juin,mercredi,11:30,13,13055,0,0,2,1,2,1,1,4,2,04,1,1,0,120,1,0,1,4,1,38,0,1,9,0,0,1,2,201100020274A01,37,23,1,200054807
201100020316,2011-06-18,2011,juin,samedi,13:00,13,13055,0,0,2,1,3,1,1,4,1,01,1,2,0,88,1,0,1,4,1,35,5,3,4,0,2,8,1,201100020316B01,7,16,1,200054807
201100020325,2011-07-07,2011,juillet,jeudi,23:30,13,13055,43.3201,5.37109,2,1,3,5,1,4,1,01,1,1,0,30,1,3,1,3,1,14,5,2,4,0,0,7,0,201100020325A01,10,1,1,200054807
201100020329,2011-06-23,2011,juin,jeudi,20:30,13,13055,43.24896,5.45208,2,1,3,2,1,3,2,02,2,1,0,60,1,0,1,3,1,57,5,1,2,0,2,1,2,201100020329B01,7,15,1,200054807
201100020342,2011-07-08,2011,juillet,vendredi,08:35,13,13055,0,0,2,1,3,1,1,4,2,01,1,1,0,0,1,0,1,4,1,48,0,3,9,0,2,7,1,201100020342B01,7,15,1,200054807
201100020480,2011-07-07,2011,juillet,jeudi,06:05,13,13055,0,0,2,1,6,2,1,9,-1,00,2,-1,0,0,1,0,1,4,1,23,1,3,9,0,2,0,1,201100020480B01,10,0,1,200054807
201100020503,2011-06-30,2011,juin,jeudi,18:45,13,13055,0,0,2,1,3,1,1,4,2,03,1,1,0,81,1,0,1,4,2,52,1,3,4,0,2,1,15,201100020503B01,7,1,1,200054807
201100020593,2011-07-15,2011,juillet,vendredi,19:20,13,13055,0,0,2,1,1,1,1,4,2,01,1,2,0,0,1,0,1,4,2,41,5,3,4,0,2,1,1,201100020593B01,7,0,1,200054807
201100020620,2011-08-09,2011,août,mardi,12:20,13,13055,0,0,2,1,3,1,1,4,2,02,1,-1,0,80,1,0,1,4,2,56,1,3,9,0,2,8,1,201100020620B01,7,17,1,200054807
201100020625,2011-08-27,2011,août,samedi,08:20,13,13055,0,0,2,1,3,1,1,4,4,02,1,-1,0,60,1,0,1,4,1,38,1,1,9,0,2,7,1,201100020625B01,7,9,1,200054807
201100020737,2011-09-14,2011,septembre,mercredi,15:50,13,13055,43.30831,5.43602,2,1,2,1,1,4,2,02,1,1,0,25,1,0,1,3,1,14,5,2,9,0,2,0,2,201100020737A01,7,2,1,200054807
201100020748,2011-09-16,2011,septembre,vendredi,08:50,13,13075,0,0,2,1,6,1,1,4,-1,00,1,1,0,0,1,0,1,4,1,13,2,1,9,0,2,0,23,201100020748B01,7,4,1,200054807
201100020838,2011-10-05,2011,octobre,mercredi,12:50,13,13055,0,0,2,1,3,1,1,4,2,02,1,1,27,50,1,0,1,4,1,17,5,2,4,0,2,7,16,201100020838A01,30,2,1,200054807
201100020880,2011-09-26,2011,septembre,lundi,12:25,13,13055,0,0,2,1,6,1,1,4,-1,00,1,1,0,0,1,0,1,4,1,40,0,1,9,0,1,0,1,201100020880B01,7,1,1,200054807
201100020889,2011-10-01,2011,octobre,samedi,11:20,13,13055,0,0,2,1,3,1,1,4,2,03,2,3,0,106,1,0,1,3,1,56,5,1,2,0,2,8,1,201100020889B01,10,17,1,200054807
201100020921,2011-07-03,2011,juillet,dimanche,11:18,13,13055,0,0,2,1,3,1,1,3,2,02,-1,4,0,58,1,0,1,4,1,46,0,3,9,0,2,1,0,201100020921B01,33,0,1,200054807
201100020931,2011-09-30,2011,septembre,vendredi,08:45,13,13055,0,0,2,1,5,1,1,4,2,03,1,1,0,85,1,0,1,4,1,2011,0,3,9,0,2,1,3,201100020931A01,7 / 37,15 / 16,2,200054807
201100020932,2011-10-08,2011,octobre,samedi,19:00,13,13055,0,0,2,1,6,5,1,4,-1,00,1,1,0,0,1,0,1,4,1,11,0,2,9,0,2,1,0,201100020932A01,7,0,1,200054807
201100020961,2011-10-05,2011,octobre,mercredi,18:15,13,13055,0,0,2,1,3,1,1,4,1,02,2,2,0,60,1,0,1,4,1,46,1,3,9,0,2,4,5,201100020961A01,7,1,1,200054807
201100021040,2011-08-03,2011,août,mercredi,13:30,13,13055,0,0,2,1,2,1,1,4,2,02,1,-1,90,45,1,0,1,4,1,43,0,3,9,0,2,4,2,201100021040B01,7,2,1,200054807
201100021435,2011-12-14,2011,décembre,mercredi,10:00,13,13055,43.30979,5.37959,2,2,3,1,1,4,1,00,1,1,0,50,1,0,0,3,2,27,0,1,9,0,2,1,0,201100021435A01,10,0,1,200054807
201100021488,2011-03-20,2011,mars,dimanche,10:50,13,13056,0,0,2,1,3,1,1,4,1,02,-1,-1,0,0,-1,0,1,4,1,10,5,3,9,0,0,1,1,201100021488B01,7,12,1,200054807
201100021507,2011-05-12,2011,mai,jeudi,14:30,13,13056,0,0,2,1,2,1,1,4,2,01,2,2,0,0,1,0,1,4,1,9,5,3,9,0,2,1,1,201100021507B01,7,1,1,200054807
201100021512,2011-05-27,2011,mai,vendredi,13:55,13,13056,0,0,2,3,3,1,1,4,1,01,1,1,0,0,1,0,1,4,1,47,5,2,9,0,2,1,19,201100021512A01,7,1,1,200054807
201100021554,2011-08-30,2011,août,mardi,08:15,13,13026,0,0,1,1,3,1,1,2,4,02,1,3,0,50,1,5,1,3,1,58,0,3,9,0,2,8,1,201100021554B01,7,12,1,200054807
201100021556,2011-09-03,2011,septembre,samedi,19:20,13,13026,0,0,1,2,3,1,7,2,-1,01,1,1,0,0,1,0,1,4,1,63,0,3,9,0,2,1,1,201100021556B01,7,16,1,200054807
201100021585,2011-10-20,2011,octobre,jeudi,14:45,13,13056,0,0,2,1,3,1,1,4,2,02,2,1,0,0,1,0,1,4,1,76,0,3,9,0,2,3,19,201100021585B01,7,16,1,200054807
201100021626,2011-06-18,2011,juin,samedi,12:00,13,13103,43.64051,5.10647,2,6,1,1,2,3,2,02,1,-1,90,60,2,0,1,3,1,56,5,1,2,0,2,1,0,201100021626B01,7,5,1,200054807
201100021659,2011-09-30,2011,septembre,vendredi,11:30,13,13108,0,0,2,1,3,1,1,3,2,01,1,1,0,88,1,0,1,3,1,13,2,3,9,0,2,3,2,201100021659A01,7,17,1,241300417
201100021659,2011-09-30,2011,septembre,vendredi,11:30,13,13108,0,0,2,1,3,1,1,3,2,01,1,1,0,88,1,0,1,4,1,13,2,3,9,0,2,3,2,201100021659A01,7,17,1,241300417
201100021661,2011-11-02,2011,novembre,mercredi,08:15,13,13108,0,0,2,6,3,1,1,4,1,01,1,2,0,60,1,0,1,4,2,18,1,1,4,0,2,5,11,201100021661B01,7,1,1,241300417
201100021670,2011-01-07,2011,janvier,vendredi,13:20,13,13117,0,0,1,1,2,1,1,3,1,02,2,1,0,120,1,0,1,3,1,55,5,1,2,0,2,6,2,201100021670B01,30,2,1,200054807
201100021721,2011-04-11,2011,avril,lundi,18:45,13,13071,43.40946,5.32068,2,1,6,1,1,4,2,02,1,1,20,58,1,0,1,3,2,28,5,3,9,12,0,1,14,201100021721A01,,,,200054807
201100021769,2011-06-16,2011,juin,jeudi,16:10,13,13071,0,0,2,1,3,1,1,3,2,02,2,1,10,0,1,0,1,3,1,73,0,3,9,0,2,8,11,201100021769A01,7,2,1,200054807
201100021772,2011-06-17,2011,juin,vendredi,16:15,13,13071,0,0,1,1,1,1,1,4,2,01,1,3,0,0,1,0,1,4,1,15,5,2,9,0,2,1,16,201100021772B01,7,15,1,200054807
201100021775,2011-06-22,2011,juin,mercredi,11:40,13,13117,0,0,2,1,3,1,1,4,-1,00,4,-1,0,0,1,0,1,4,1,37,5,1,2,0,2,1,1,201100021775B01,7,9,1,200054807
201100021868,2011-11-08,2011,novembre,mardi,15:30,13,13117,0,0,2,1,3,1,1,4,2,02,1,1,0,35,1,0,1,4,1,12,2,1,2,0,2,1,11,201100021868A01,7,2,1,200054807
201100021890,2011-12-01,2011,décembre,jeudi,09:00,13,13117,0,0,1,1,2,1,2,3,1,01,2,1,0,32,2,0,1,4,1,74,5,1,9,0,2,4,0,201100021890B01,33,12,1,200054807
201100021932,2011-05-05,2011,mai,jeudi,13:45,78,78356,48.734,2.076,1,1,5,1,1,3,2,02,1,2,0,63,1,0,1,3,1,60,5,1,2,12,2,0,1,201100021932C03,10,17,1,200058782
201100021932,2011-05-05,2011,mai,jeudi,13:45,78,78356,48.734,2.076,1,1,5,1,1,3,2,02,1,2,0,63,1,0,1,4,1,37,5,1,2,0,2,6,1,201100021932B02,10,17,1,200058782
201100021994,2011-01-24,2011,janvier,lundi,07:50,14,14118,49.1839,-0.37573,2,4,3,2,2,4,2,02,2,1,0,0,2,0,1,3,1,42,1,1,2,0,2,1,23,201100021994B01,7,15,1,200065597
201100022061,2011-12-18,2011,décembre,dimanche,09:30,14,14327,0,0,2,3,3,1,8,4,2,02,1,1,0,0,2,0,1,3,2,44,5,3,9,0,2,1,1,201100022061B01,7,1,1,200065597
201100022090,2011-10-08,2011,octobre,samedi,12:15,30,30034,43.73759,4.51974,2,1,2,1,1,4,2,02,1,1,0,0,1,0,1,3,2,48,4,3,1,0,2,4,2,201100022090B02,31,2,1,243000585
201100022099,2011-04-10,2011,avril,dimanche,10:15,14,14536,49.4117,0.25241,2,6,2,1,1,3,2,02,1,1,16,78,1,0,1,4,1,26,5,1,2,0,2,4,16,201100022099B01,7,14,1,200066827
201100022108,2011-11-16,2011,novembre,mercredi,17:53,14,14333,0,0,2,1,3,5,1,3,2,01,1,-1,0,76,1,0,1,4,2,21,9,1,9,1,0,1,21,201100022108B01,7,24,1,200066827
201100022130,2011-04-23,2011,avril,samedi,11:45,14,14366,49.1605,0.22695,2,1,3,1,1,4,4,01,3,1,0,53,1,0,1,4,1,16,5,2,2,0,2,1,16,201100022130A01,7,1,1,200069532
201100022159,2011-12-08,2011,décembre,jeudi,13:45,14,14366,0,0,2,1,3,1,1,4,2,01,1,1,0,60,1,0,1,4,1,20,5,3,9,0,2,1,19,201100022159A01,7,1,1,200069532
201100022161,2011-10-29,2011,octobre,samedi,15:40,14,14557,0,0,1,1,6,1,1,3,2,02,1,1,0,0,1,0,1,4,1,64,5,3,9,0,2,7,1,201100022161B01,7,9,1,241400415
201100022190,2011-11-29,2011,novembre,mardi,18:30,14,14715,0,0,2,1,6,5,2,9,1,01,1,1,0,0,2,0,1,4,1,43,5,1,9,0,2,1,1,201100022190B01,7,16,1,241400415
201100022200,2011-04-28,2011,avril,jeudi,16:45,13,13010,0,0,1,3,1,1,1,3,2,00,2,1,0,60,1,0,1,3,1,58,5,2,2,0,0,8,1,201100022200A01,7,16,1,200035087
201100022207,2011-03-25,2011,mars,vendredi,12:00,34,34192,43.52956,3.92331,2,6,3,1,1,3,1,02,1,2,0,88,1,0,1,3,2,69,5,2,2,0,2,1,12,201100022207B02,7,2,1,243400470
201100022313,2011-06-04,2011,juin,samedi,08:30,95,95183,49.0379,1.9956,1,6,3,1,1,3,2,02,1,1,0,43,1,5,1,4,1,45,5,1,2,0,2,7,1,201100022313B02,7,9,1,249500109
201100022361,2011-05-22,2011,mai,dimanche,11:00,35,35152,48.19404,-1.51234,1,1,1,1,1,3,2,00,-1,-1,0,75,1,0,1,3,1,61,5,1,2,0,2,8,1,201100022361B02,7,17,1,243500774