Num_Acc,date,an,mois,jour,hrmn,dep,com,lat,long,agg,int,col,lum,atm,catr,circ,nbv,prof,plan,lartpc,larrout,surf,infra,situ,grav,sexe,age,trajet,secuexist,equipement,obs,obsm,choc,manv,vehiculeid,typevehicules,manoeuvehicules,numVehicules,_infos_commune.code_epci
201100022450,2011-04-30,2011,avril,samedi,12:27,16,16015,0,0,2,1,6,1,1,4,-1,01,-1,-1,0,0,-1,0,1,3,1,17,5,2,9,0,2,7,19,201100022450B01,37,1,1,200071827
201100022460,2011-05-21,2011,mai,samedi,15:30,16,16113,0,0,1,3,3,1,1,3,2,02,1,1,0,60,1,0,1,3,1,70,5,1,2,0,2,6,1,201100022460B01,7,15,1,200071827
201100022463,2011-06-02,2011,juin,jeudi,15:37,16,16154,0,0,2,3,3,1,1,3,2,02,1,1,0,57,1,0,1,3,1,15,5,2,2,0,2,1,16,201100022463B01,7,1,1,200071827
201100022472,2011-06-21,2011,juin,mardi,18:35,16,16015,0,0,2,3,3,1,1,4,2,02,2,1,0,47,1,0,1,4,1,12,5,2,2,0,2,1,1,201100022472B01,7,15,1,200071827
201100022504,2011-09-18,2011,septembre,dimanche,18:50,16,16015,45.65298,0.16476,2,2,3,1,1,3,2,02,2,1,25,130,1,5,1,4,1,23,5,1,2,0,2,1,7,201100022504A01,7,1,1,200071827
201100022509,2011-09-30,2011,septembre,vendredi,15:20,16,16015,45.65363,0.16194,2,1,3,1,1,4,1,01,1,1,0,37,1,0,1,3,1,15,5,2,2,0,2,1,15,201100022509B01,13,16,1,200071827
201100022513,2011-09-25,2011,septembre,dimanche,18:40,16,16015,45.65685,0.17066,2,1,6,2,1,3,2,03,1,1,20,100,1,0,1,4,1,13,5,3,2,0,2,0,19,201100022513B01,7,1,1,200071827
201100022536,2011-01-13,2011,janvier,jeudi,17:35,16,16102,45.69861,-0.32893,2,2,2,5,1,4,2,02,1,1,0,70,1,0,1,3,1,60,5,2,9,0,2,4,1,201100022536B01,7,16,1,200070514
201100022547,2011-12-09,2011,décembre,vendredi,16:30,16,16089,45.68141,-0.32856,2,6,2,1,1,3,1,01,1,1,10,70,1,5,1,3,1,63,5,3,9,0,2,4,1,201100022547B01,7,1,1,200070514
201100022558,2011-03-10,2011,mars,jeudi,17:00,69,69260,0,0,2,6,6,1,1,3,2,01,1,1,0,0,-1,0,1,3,1,76,5,2,2,0,2,1,2,201100022558A01,,,,200046977
201100022576,2011-08-29,2011,août,lundi,08:15,66,66028,42.6865,2.93478,2,6,3,1,7,3,1,02,1,2,0,86,1,3,1,3,2,63,5,1,2,0,0,1,1,201100022576B02,30,16,1,200027183
201100022578,2011-01-01,2011,janvier,samedi,15:10,17,17299,0,0,2,2,3,1,1,4,2,02,1,1,0,70,1,5,1,3,2,14,3,3,9,0,2,1,1,201100022578A01,7,1,1,200041762
201100022582,2011-01-19,2011,janvier,mercredi,17:20,17,17299,0,0,2,1,7,1,1,4,3,02,1,1,0,60,1,0,1,4,2,56,3,3,9,0,0,0,0,201100022582A01,,,,200041762
201100022594,2011-03-20,2011,mars,dimanche,16:15,17,17299,0,0,2,1,2,1,1,4,2,02,1,1,0,108,1,0,1,4,1,44,0,3,9,0,2,4,2,201100022594B01,7,2,1,200041762
201100022605,2011-04-28,2011,avril,jeudi,17:10,17,17299,0,0,2,6,3,1,1,4,2,02,1,1,0,39,1,0,5,4,2,15,0,3,9,0,2,8,0,201100022605B01,7,0,1,200041762
201100022610,2011-05-12,2011,mai,jeudi,14:35,17,17299,0,0,2,2,3,1,1,3,2,02,1,1,0,74,1,0,1,3,1,78,3,3,9,0,2,0,1,201100022610B01,17,16,1,200041762
201100022618,2011-06-17,2011,juin,vendredi,07:30,17,17299,0,0,2,6,3,1,1,4,1,01,1,2,0,40,1,0,1,4,1,34,1,3,9,0,2,4,0,201100022618B01,7,0,1,200041762
201100022619,2011-06-21,2011,juin,mardi,14:30,17,17299,0,0,1,6,2,1,1,3,2,02,1,1,0,70,1,0,1,4,1,36,0,3,9,0,2,4,2,201100022619B01,7,2,1,200041762
201100022636,2011-09-16,2011,septembre,vendredi,19:40,17,17299,0,0,2,6,3,1,1,4,2,02,1,1,0,105,1,0,1,4,2,47,0,3,9,0,2,7,0,201100022636B01,7,9,1,200041762
201100022641,2011-10-05,2011,octobre,mercredi,07:45,17,17449,0,0,2,1,3,1,1,4,2,02,2,1,0,50,1,0,1,4,1,41,1,3,9,0,2,1,1,201100022641B01,1,15,1,200041762
201100022641,2011-10-05,2011,octobre,mercredi,07:45,17,17449,0,0,2,1,3,1,1,4,2,02,2,1,0,50,1,0,1,1,1,15,2,3,9,0,2,6,15,201100022641A01,1,1,1,200041762
201100022659,2011-12-15,2011,décembre,jeudi,18:00,17,17449,0,0,2,6,3,4,3,4,2,02,2,1,0,64,2,5,1,4,1,14,2,3,9,0,2,7,0,201100022659B01,7,9,1,200041762
201100022670,2011-01-12,2011,janvier,mercredi,07:49,17,17300,0,0,2,6,6,5,2,4,2,02,1,1,0,0,2,0,5,4,1,24,1,3,4,0,2,1,1,201100022670B01,7,1,1,241700434
201100022672,2011-01-14,2011,janvier,vendredi,18:15,17,17300,0,0,2,1,6,2,1,4,1,01,1,1,0,0,1,0,1,1,1,52,0,1,9,0,1,1,1,201100022672A01,,,,241700434
201100022690,2011-02-06,2011,février,dimanche,18:09,17,17200,0,0,2,1,2,2,1,4,2,02,1,1,0,0,1,0,1,4,1,14,5,2,2,0,2,4,1,201100022690B01,7,1,1,241700434
201100022693,2011-02-08,2011,février,mardi,09:30,17,17274,0,0,2,1,7,1,1,4,-1,01,-1,-1,0,0,-1,0,0,3,1,62,0,3,2,0,0,0,0,201100022693A01,,,,241700434
201100022700,2011-02-16,2011,février,mercredi,09:40,17,17300,0,0,2,1,6,1,1,4,2,02,1,1,0,0,1,0,1,4,2,20,0,1,9,0,0,0,0,201100022700B01,7,17,1,241700434
201100022704,2011-02-23,2011,février,mercredi,09:14,17,17300,0,0,2,2,3,1,1,3,2,02,1,1,0,0,1,0,1,4,2,59,0,1,9,0,1,8,1,201100022704B01,7,1,1,241700434
201100022711,2011-03-01,2011,mars,mardi,16:42,17,17300,0,0,2,1,2,1,1,4,2,02,-1,-1,0,0,-1,0,1,4,2,65,5,3,2,0,2,4,1,201100022711B01,7,1,1,241700434
201100022714,2011-03-08,2011,mars,mardi,08:45,17,17300,0,0,2,1,6,1,1,4,2,02,1,1,0,0,1,0,1,4,2,13,9,3,2,0,2,8,19,201100022714B01,7,1,1,241700434
201100022739,2011-04-01,2011,avril,vendredi,11:30,17,17300,0,0,2,1,1,1,1,4,1,00,1,1,0,0,1,0,1,3,1,74,0,1,2,1,0,1,0,201100022739B01,7,0,1,241700434
201100022745,2011-04-08,2011,avril,vendredi,16:10,17,17300,0,0,2,2,3,1,1,4,-1,01,-1,1,0,0,-1,0,5,4,1,16,0,3,2,0,2,0,1,201100022745B01,10,1,1,241700434
201100022748,2011-04-11,2011,avril,lundi,16:34,17,17300,0,0,2,1,1,1,1,4,2,02,1,1,0,0,1,0,1,4,1,22,0,1,9,0,2,1,13,201100022748A01,7,1,1,241700434
201100022750,2011-04-12,2011,avril,mardi,14:35,17,17300,0,0,2,1,1,1,1,4,2,02,1,1,0,0,1,0,1,4,2,24,5,3,2,0,2,1,1,201100022750B01,33,1,1,241700434
201100022751,2011-04-13,2011,avril,mercredi,12:15,17,17300,0,0,2,1,3,1,1,4,1,00,1,1,0,0,1,0,1,4,2,25,5,1,2,0,2,1,9,201100022751B01,7,0,1,241700434
201100022761,2011-05-02,2011,mai,lundi,23:40,17,17300,0,0,2,3,3,5,1,4,1,01,-1,-1,0,0,-1,0,1,4,1,38,0,3,2,0,2,1,1,201100022761B01,7,1,1,241700434
201100022762,2011-05-03,2011,mai,mardi,00:05,17,17200,0,0,2,1,7,5,1,4,2,02,1,1,0,0,1,0,1,1,1,23,0,1,2,16,0,1,1,201100022762A01,,,,241700434
201100022762,2011-05-03,2011,mai,mardi,00:05,17,17200,0,0,2,1,7,5,1,4,2,02,1,1,0,0,1,0,1,4,2,67,0,1,2,16,0,1,1,201100022762A01,,,,241700434
201100022774,2011-05-17,2011,mai,mardi,11:10,17,17300,0,0,2,1,6,1,1,4,1,01,1,1,0,0,1,0,1,4,2,22,0,1,9,0,2,1,1,201100022774B01,7,22,1,241700434
201100022779,2011-05-20,2011,mai,vendredi,13:40,17,17300,0,0,2,2,3,1,1,4,2,02,1,1,0,0,1,0,1,4,1,12,0,1,9,0,2,8,15,201100022779A01,7,1,1,241700434
201100022789,2011-05-27,2011,mai,vendredi,09:08,17,17300,0,0,2,1,7,1,1,4,1,01,-1,-1,0,0,-1,0,1,4,2,43,1,1,2,0,2,8,0,201100022789B01,30,0,1,241700434
201100022797,2011-06-06,2011,juin,lundi,09:43,17,17300,0,0,2,1,1,1,1,4,2,02,1,2,0,0,1,0,1,4,2,65,0,3,2,0,2,1,1,201100022797B01,1,13,1,241700434
201100022797,2011-06-06,2011,juin,lundi,09:43,17,17300,0,0,2,1,1,1,1,4,2,02,1,2,0,0,1,0,1,1,1,22,0,3,2,0,2,1,13,201100022797A01,1,1,1,241700434
201100022806,2011-06-10,2011,juin,vendredi,17:57,17,17300,0,0,2,1,3,1,1,4,-1,00,1,-1,0,0,1,0,1,4,2,63,0,2,9,0,2,7,0,201100022806B01,7,0,1,241700434
201100022808,2011-06-15,2011,juin,mercredi,10:20,17,17300,0,0,2,1,6,1,1,9,-1,01,-1,-1,0,0,1,0,5,4,1,35,0,3,2,0,2,0,1,201100022808A01,7,19,1,241700434
201100022815,2011-06-23,2011,juin,jeudi,13:50,17,17300,0,0,2,1,3,1,1,4,2,04,-1,-1,0,0,-1,0,1,1,1,18,0,1,4,0,2,7,15,201100022815B01,2,1,1,241700434
201100022825,2011-07-02,2011,juillet,samedi,09:50,17,17300,0,0,2,1,6,1,1,4,1,01,-1,1,0,0,-1,0,0,4,1,33,0,3,2,1,0,0,0,201100022825B01,,,,241700434
201100022832,2011-07-06,2011,juillet,mercredi,13:45,17,17300,0,0,2,9,3,1,1,4,2,02,1,1,0,0,1,0,1,4,1,65,5,1,2,0,2,7,1,201100022832B01,7,1,1,241700434
201100022833,2011-07-06,2011,juillet,mercredi,19:40,17,17300,0,0,2,1,7,1,1,4,2,02,1,1,0,0,1,0,1,4,1,46,0,1,9,16,0,0,1,201100022833A01,,,,241700434
201100022838,2011-07-12,2011,juillet,mardi,16:06,17,17300,0,0,2,1,1,1,1,4,1,00,1,1,0,0,1,0,1,4,2,20,5,1,2,0,2,1,1,201100022838B01,7,0,1,241700434
201100022840,2011-07-15,2011,juillet,vendredi,01:05,17,17300,0,0,2,1,6,5,1,4,2,02,1,2,0,0,1,0,1,4,2,23,0,1,9,0,2,6,1,201100022840B01,7,14,1,241700434
201100022855,2011-08-03,2011,août,mercredi,14:00,17,17300,0,0,2,1,2,1,1,4,1,02,-1,-1,0,0,-1,0,1,4,1,47,0,3,4,0,2,1,1,201100022855B01,7,1,1,241700434
201100022860,2011-08-06,2011,août,samedi,17:50,17,17300,0,0,2,1,1,1,1,4,2,02,1,1,0,0,1,0,1,4,1,11,9,1,9,0,2,3,1,201100022860A01,7,17,1,241700434
201100022869,2011-08-20,2011,août,samedi,12:40,17,17300,0,0,2,1,1,1,1,4,1,00,1,1,0,0,1,0,1,4,1,35,0,1,2,0,2,1,0,201100022869A01,7,0,1,241700434
201100022875,2011-08-31,2011,août,mercredi,13:29,17,17274,0,0,2,6,6,1,1,2,3,04,-1,-1,0,0,-1,0,0,4,1,19,0,3,2,0,2,1,19,201100022875B01,7,9,1,241700434
201100022878,2011-09-03,2011,septembre,samedi,19:06,17,17300,0,0,2,1,6,1,1,4,2,02,1,1,0,0,1,0,1,4,1,14,5,3,2,0,2,0,1,201100022878B01,7,4,1,241700434
201100022883,2011-09-06,2011,septembre,mardi,18:00,17,17300,0,0,1,1,1,1,1,4,-1,00,1,1,0,0,1,0,1,4,1,82,0,1,2,0,2,1,0,201100022883B01,7,0,1,241700434
201100022887,2011-09-10,2011,septembre,samedi,18:59,17,17300,0,0,2,1,2,1,1,4,2,02,1,1,0,0,1,0,1,4,2,21,1,1,2,0,2,4,2,201100022887B01,30,1,1,241700434
201100022889,2011-09-16,2011,septembre,vendredi,22:10,17,17300,0,0,1,1,3,2,1,4,-1,00,1,-1,0,0,1,0,1,4,1,29,0,2,9,0,2,1,0,201100022889B01,7,0,1,241700434
201100022899,2011-09-27,2011,septembre,mardi,13:47,17,17300,0,0,2,1,7,1,1,4,1,00,1,1,0,0,1,0,5,4,1,58,1,1,4,0,0,0,2,201100022899A01,,,,241700434
201100022902,2011-09-28,2011,septembre,mercredi,08:00,17,17300,0,0,2,1,1,1,1,4,-1,00,1,1,0,0,1,0,1,4,1,23,0,1,9,0,2,1,0,201100022902B01,7,0,1,241700434
201100022903,2011-09-28,2011,septembre,mercredi,10:46,17,17300,0,0,2,9,3,1,1,4,2,02,1,1,0,0,1,0,1,4,1,82,5,3,9,0,2,0,1,201100022903B01,7,1,1,241700434
201100022905,2011-09-28,2011,septembre,mercredi,18:35,17,17300,0,0,2,1,6,2,1,4,2,02,-1,2,0,0,-1,0,0,4,2,54,0,3,4,0,2,0,1,201100022905B01,7,12,1,241700434
201100022909,2011-10-02,2011,octobre,dimanche,19:40,17,17300,0,0,2,1,2,1,1,4,2,02,1,1,0,0,1,0,1,4,1,25,9,1,9,0,2,1,1,201100022909A01,7,1,1,241700434
201100022918,2011-10-07,2011,octobre,vendredi,09:16,17,17028,0,0,2,9,6,1,1,4,2,02,1,1,0,0,1,0,1,4,1,69,5,3,2,0,2,0,1,201100022918A01,7,1,1,241700434
201100022941,2011-11-05,2011,novembre,samedi,10:39,17,17300,0,0,2,9,7,1,1,4,1,02,1,2,0,0,1,0,1,4,1,26,0,3,9,0,0,0,1,201100022941B01,7,9,1,241700434
201100022944,2011-11-07,2011,novembre,lundi,18:14,17,17028,0,0,2,9,6,5,1,4,2,02,1,1,0,0,1,0,1,4,1,17,0,3,4,0,2,1,1,201100022944B01,7,1,1,241700434
201100022954,2011-11-16,2011,novembre,mercredi,11:44,17,17300,0,0,2,1,6,1,1,4,2,02,1,1,0,0,1,0,1,3,2,77,5,3,9,0,2,0,19,201100022954B01,7,1,1,241700434
201100022960,2011-11-23,2011,novembre,mercredi,14:20,17,17300,0,0,2,1,1,1,1,4,-1,00,1,1,0,0,1,0,1,4,1,83,0,2,9,0,2,1,1,201100022960B01,7,1,1,241700434
201100022961,2011-11-23,2011,novembre,mercredi,18:50,17,17300,0,0,2,1,7,1,1,4,2,02,1,1,0,0,1,0,1,4,1,21,0,1,9,16,0,2,1,201100022961A01,,,,241700434
201100022964,2011-11-28,2011,novembre,lundi,08:50,17,17300,0,0,2,1,1,1,1,4,-1,00,1,1,0,0,1,0,1,4,2,19,5,2,9,0,2,1,1,201100022964B01,7,0,1,241700434
201100022979,2011-12-08,2011,décembre,jeudi,12:35,17,17300,0,0,2,1,1,1,1,4,1,00,1,1,0,0,1,0,1,4,2,22,0,2,9,0,2,1,0,201100022979B01,7,0,1,241700434
201100023000,2011-02-07,2011,février,lundi,14:15,17,17380,0,0,2,6,6,1,1,4,-1,02,-1,-1,0,0,-1,0,1,3,1,61,5,3,4,0,2,0,1,201100023000B01,7,0,1,241700640
201100023002,2011-02-24,2011,février,jeudi,16:30,17,17306,0,0,2,1,3,1,1,4,-1,02,-1,-1,0,0,-1,0,1,4,1,87,0,3,9,0,2,0,0,201100023002B01,7,0,1,241700640
201100023007,2011-03-23,2011,mars,mercredi,13:00,17,17380,0,0,2,1,6,1,1,4,-1,02,-1,-1,0,0,-1,0,1,3,1,66,5,2,2,0,2,0,1,201100023007B01,7,0,1,241700640
201100023009,2011-04-26,2011,avril,mardi,12:40,17,17306,0,0,2,1,3,1,1,4,-1,02,-1,-1,0,0,-1,0,1,4,1,23,9,3,9,0,2,1,0,201100023009B01,7,0,1,241700640
201100023010,2011-04-29,2011,avril,vendredi,15:14,17,17333,0,0,2,3,3,1,1,4,1,01,1,1,0,0,1,0,1,4,1,23,5,2,2,0,2,1,16,201100023010A01,7,1,1,241700640
201100023018,2011-06-01,2011,juin,mercredi,12:45,17,17306,0,0,2,1,3,1,1,4,-1,02,-1,-1,0,0,-1,0,1,4,2,25,0,3,2,0,2,0,0,201100023018B01,7,0,1,241700640
201100023024,2011-06-21,2011,juin,mardi,16:13,17,17306,0,0,2,1,2,1,1,4,-1,02,-1,-1,0,0,-1,0,1,4,1,15,9,3,4,0,2,0,0,201100023024A01,38,0,1,241700640
201100023025,2011-06-22,2011,juin,mercredi,02:30,17,17306,0,0,2,1,6,5,1,4,2,02,1,1,0,0,1,0,1,4,1,20,5,3,2,12,0,1,1,201100023025A01,,,,241700640
201100023031,2011-07-06,2011,juillet,mercredi,16:08,17,17461,0,0,2,1,2,1,1,4,2,02,1,1,0,0,1,0,1,4,1,16,5,2,2,0,2,1,1,201100023031A01,7,1,1,241700640
201100023039,2011-07-16,2011,juillet,samedi,05:25,17,17306,0,0,1,1,6,3,1,3,3,02,1,1,0,0,1,0,1,4,1,19,9,3,2,0,2,4,1,201100023039B01,7,1,1,241700640
201100023053,2011-08-03,2011,août,mercredi,18:00,17,17306,0,0,2,1,3,1,1,4,-1,00,-1,-1,0,0,-1,0,1,4,1,14,0,3,4,0,2,1,0,201100023053B01,7,0,1,241700640
201100023062,2011-08-12,2011,août,vendredi,12:15,17,17306,0,0,2,1,6,1,1,4,2,02,1,-1,0,0,1,0,1,4,1,69,5,3,2,0,2,1,0,201100023062A01,7,1,1,241700640
201100023064,2011-08-17,2011,août,mercredi,11:45,17,17380,0,0,2,1,6,1,1,4,2,02,1,1,0,0,1,0,1,4,2,58,5,3,2,0,1,1,1,201100023064A01,1,0,1,241700640
201100023064,2011-08-17,2011,août,mercredi,11:45,17,17380,0,0,2,1,6,1,1,4,2,02,1,1,0,0,1,0,1,4,1,65,5,3,2,0,2,1,0,201100023064B01,1,1,1,241700640
201100023075,2011-09-21,2011,septembre,mercredi,13:14,17,17306,0,0,2,3,6,1,1,4,2,02,1,1,0,0,1,0,1,4,2,64,5,2,2,0,2,7,15,201100023075B01,7,1,1,241700640
201100023117,2011-02-10,2011,février,jeudi,17:10,17,17415,0,0,2,1,6,1,1,4,-1,00,-1,-1,0,60,-1,0,4,1,1,24,0,1,4,0,1,1,1,201100023117A01,,,,200036473
201100023121,2011-02-17,2011,février,jeudi,15:13,17,17415,0,0,2,1,6,1,1,4,2,02,-1,-1,0,60,1,0,1,4,2,70,0,1,4,0,2,1,1,201100023121B01,7,9,1,200036473
201100023131,2011-04-08,2011,avril,vendredi,08:45,17,17415,0,0,2,1,6,1,1,4,2,02,-1,-1,0,60,1,0,1,4,1,65,0,1,4,0,2,1,1,201100023131B01,7,9,1,200036473
201100023134,2011-04-27,2011,avril,mercredi,17:15,17,17415,0,0,2,1,6,1,1,4,2,00,-1,-1,0,60,1,0,1,1,1,8,0,1,4,0,1,0,0,201100023134A01,,,,200036473
201100023134,2011-04-27,2011,avril,mercredi,17:15,17,17415,0,0,2,1,6,1,1,4,2,00,-1,-1,0,60,1,0,1,4,2,38,0,3,9,0,1,0,0,201100023134A01,,,,200036473
201100023162,2011-08-01,2011,août,lundi,10:25,17,17415,0,0,2,1,6,1,1,4,2,02,-1,-1,0,60,1,0,1,3,1,47,0,1,4,0,0,0,1,201100023162A01,,,,200036473
201100023163,2011-08-06,2011,août,samedi,10:30,17,17415,0,0,2,1,6,1,2,4,2,02,-1,-1,0,60,2,0,1,4,2,56,0,1,4,0,2,1,5,201100023163A01,7,15,1,200036473
201100023168,2011-08-22,2011,août,lundi,17:15,17,17415,0,0,2,1,6,1,1,3,2,02,-1,-1,0,60,1,0,0,4,1,12,0,1,4,1,0,2,0,201100023168B01,7,0,1,200036473
201100023187,2011-10-20,2011,octobre,jeudi,08:00,17,17415,0,0,2,1,6,1,1,4,2,02,-1,-1,0,40,1,0,1,4,1,45,0,1,4,0,0,4,0,201100023187B01,7,0,1,200036473
201100023188,2011-10-22,2011,octobre,samedi,09:10,17,17415,0,0,2,1,6,1,1,4,2,02,-1,-1,0,40,1,0,1,4,2,20,0,1,4,0,0,2,0,201100023188B01,7,0,1,200036473
201100023189,2011-11-02,2011,novembre,mercredi,16:00,17,17415,0,0,2,1,6,1,1,4,3,02,-1,-1,10,60,1,0,1,3,1,67,0,1,4,0,2,1,0,201100023189B01,7,0,1,200036473
201100023190,2011-11-15,2011,novembre,mardi,17:20,17,17415,0,0,2,1,6,1,1,4,-1,01,-1,-1,0,40,1,0,1,3,1,67,0,1,4,0,0,0,0,201100023190B01,7,0,1,200036473
201100023206,2011-12-22,2011,décembre,jeudi,08:45,17,17415,0,0,2,1,6,1,1,4,-1,02,-1,-1,0,60,1,0,1,4,2,23,1,1,4,0,2,8,1,201100023206B01,7,12,1,200036473
201100023233,2011-04-01,2011,avril,vendredi,01:15,66,66141,0,0,1,1,2,3,1,3,1,02,3,1,0,72,1,2,1,3,1,23,5,1,2,0,2,4,2,201100023233B02,7,2,1,200070365
201100023243,2011-05-04,2011,mai,mercredi,18:45,30,30076,44.11481,4.52942,1,1,1,1,1,3,2,02,1,3,43,0,1,0,1,4,1,53,5,1,2,0,2,1,1,201100023243B02,10,1,1,200034692
201100023320,2011-03-15,2011,mars,mardi,17:10,18,18033,47.0925,2.39391,2,1,6,1,1,4,3,04,1,1,10,150,1,0,1,4,1,45,1,3,9,0,1,1,1,201100023320A01,,,,241800507
201100023346,2011-04-23,2011,avril,samedi,09:00,18,18033,47.0963,2.39959,2,3,3,1,1,4,2,02,3,1,0,62,1,0,1,3,1,76,5,1,9,0,2,8,1,201100023346B01,3,1,1,241800507
201100023372,2011-06-11,2011,juin,samedi,18:05,18,18033,47.1036,2.41209,2,1,3,1,1,4,3,02,2,1,600,70,1,0,4,4,1,12,5,1,2,0,2,1,1,201100023372A01,7,9,1,241800507
201100023380,2011-07-02,2011,juillet,samedi,16:20,18,18033,47.0764,2.40074,2,1,1,1,1,4,2,02,1,1,0,60,1,0,1,4,1,15,0,2,9,0,2,1,15,201100023380B01,7,1,1,241800507
201100023403,2011-08-24,2011,août,mercredi,06:15,18,18033,47.0937,2.39409,2,6,3,3,1,4,1,04,1,2,0,80,1,5,1,4,1,44,1,2,2,0,2,0,1,201100023403B01,7,9,1,241800507
201100023410,2011-09-06,2011,septembre,mardi,14:08,18,18033,47.0977,2.41753,2,1,3,1,1,4,2,02,2,1,0,70,1,0,1,4,1,58,1,3,8,0,2,3,1,201100023410B01,7,17,1,241800507
201100023411,2011-09-07,2011,septembre,mercredi,18:15,18,18033,47.0727,2.39848,2,2,3,1,1,4,2,04,2,1,0,140,1,5,1,3,1,15,5,2,2,0,2,7,19,201100023411A01,7,1,1,241800507
201100023434,2011-10-16,2011,octobre,dimanche,11:44,18,18033,47.1258,2.39399,2,6,2,1,1,3,2,02,1,2,0,70,1,5,1,4,1,56,5,1,2,0,2,4,1,201100023434A01,7,1,1,241800507
201100023445,2011-11-08,2011,novembre,mardi,17:50,18,18033,47.1031,2.4295,2,1,3,5,1,4,2,02,1,1,0,71,1,0,1,1,1,18,3,1,4,0,0,3,15,201100023445A01,2,17,1,241800507
201100023477,2011-08-10,2011,août,mercredi,11:15,83,83091,0,0,1,1,1,1,1,3,2,02,1,1,0,53,1,0,1,3,2,19,5,1,2,0,2,1,13,201100023477B02,15,1,1,200027100
201100023600,2011-02-10,2011,février,jeudi,11:50,18,18279,47.219,2.06513,2,1,3,1,1,4,1,01,1,1,0,30,1,0,4,4,1,14,1,2,2,0,2,1,1,201100023600B01,7,1,1,200090561
201100023630,2011-09-30,2011,septembre,vendredi,08:30,18,18279,47.2153,2.05894,2,2,2,1,1,3,2,02,1,1,0,70,1,5,1,4,1,18,2,3,4,0,2,4,15,201100023630B01,7,1,1,200090561
201100023637,2011-10-21,2011,octobre,vendredi,07:55,18,18279,47.2106,2.06284,2,3,6,2,5,4,2,03,1,1,0,100,1,0,1,4,2,53,1,3,2,0,2,1,1,201100023637B01,7,1,1,200090561
201100023646,2011-12-05,2011,décembre,lundi,10:20,18,18279,47.223,2.06635,2,3,3,1,1,3,2,02,2,1,0,0,1,0,1,4,1,77,5,2,2,0,2,8,1,201100023646B01,7,15,1,200090561
201100023655,2011-02-04,2011,février,vendredi,16:45,72,72350,0,0,2,1,3,1,1,3,2,00,1,1,0,60,1,0,1,3,1,13,2,2,2,0,2,1,19,201100023655B02,7,1,1,247200447
201100023667,2011-07-05,2011,juillet,mardi,17:30,72,72350,0,0,2,1,1,1,1,9,1,01,1,3,0,51,1,0,1,3,1,49,5,1,2,1,0,2,1,201100023667B02,7,22,1,247200447
201100023676,2011-10-16,2011,octobre,dimanche,11:30,72,72260,47.922,0.41,1,1,1,1,1,4,2,01,1,2,0,28,1,0,1,3,1,58,5,1,2,0,2,3,1,201100023676A01,33,1,1,247200132
201100023681,2011-12-15,2011,décembre,jeudi,08:00,72,72155,47.872,0.232,1,1,3,3,1,3,2,02,1,2,0,0,1,0,1,3,1,15,2,2,4,0,2,1,1,201100023681B02,7,1,1,247200447
201100023748,2011-06-02,2011,juin,jeudi,10:55,19,19031,45.1565,1.50426,2,2,3,1,1,4,2,02,1,1,0,70,1,0,1,4,1,65,5,2,2,0,2,1,1,201100023748B01,7,16,1,200043172
201100023752,2011-06-11,2011,juin,samedi,15:40,19,19031,45.1594,1.53364,2,2,3,1,1,4,1,00,1,1,0,0,1,6,1,4,1,6,0,1,2,0,2,1,1,201100023752A01,7,1,1,200043172
201100023803,2011-11-16,2011,novembre,mercredi,14:55,19,19031,0,0,2,1,2,1,1,4,1,02,1,1,0,0,1,0,1,4,1,14,0,3,9,0,2,1,1,201100023803A01,7,23,1,200043172
201100023804,2011-11-18,2011,novembre,vendredi,08:05,19,19031,0,0,2,3,3,1,1,4,2,02,1,1,0,0,1,0,1,4,2,11,2,3,2,0,2,1,1,201100023804B01,7,9,1,200043172
201100023813,2011-12-03,2011,décembre,samedi,20:25,19,19031,45.1663,1.5418,2,6,2,5,9,3,2,02,1,1,0,0,2,0,1,4,2,30,5,3,2,0,2,4,1,201100023813B01,7,1,1,200043172
201100023826,2011-07-08,2011,juillet,vendredi,18:15,59,59046,50.90298,2.57729,2,1,1,1,8,3,2,02,1,3,0,0,1,5,1,3,2,18,5,3,1,0,2,1,15,201100023826B02,7,1,1,200040954
201100023828,2011-10-15,2011,octobre,samedi,10:30,59,59260,51.0532,2.52471,2,1,1,1,1,4,2,00,1,1,0,131,1,0,1,3,2,67,5,1,2,0,0,1,1,201100023828B02,7,15,1,245900428
201100023863,2011-08-29,2011,août,lundi,19:00,68,68015,47.80191,7.3878,2,1,3,2,1,3,2,02,1,1,0,69,1,0,1,3,2,13,5,2,9,0,2,8,19,201100023863B02,7,1,1,200066009
201100023864,2011-10-14,2011,octobre,vendredi,06:30,68,68300,47.77951,7.36502,2,6,3,5,1,3,3,02,-1,2,0,48,1,5,5,3,2,18,2,2,9,0,2,1,1,201100023864B02,7,16,1,200066009
201100023868,2011-01-27,2011,janvier,jeudi,06:50,21,21054,0,0,2,1,3,5,1,4,1,01,1,1,0,0,1,0,1,4,2,23,0,1,9,0,2,6,19,201100023868B01,7,1,1,200006682
201100023869,2011-01-26,2011,janvier,mercredi,16:30,21,21054,0,0,2,1,3,1,2,3,2,01,1,1,0,0,1,0,5,3,2,82,0,1,9,0,2,7,2,201100023869B01,7,9,1,200006682
201100023882,2011-09-06,2011,septembre,mardi,17:10,21,21054,47.0238,4.84429,2,2,3,1,1,4,2,02,1,2,0,0,1,5,1,4,2,14,2,3,9,0,2,1,19,201100023882B01,7,16,1,200006682
201100023886,2011-10-28,2011,octobre,vendredi,19:03,21,21054,47.0217,4.84094,2,1,3,5,1,4,2,01,1,1,0,0,2,0,5,4,2,25,2,3,9,0,2,5,1,201100023886B01,7,9,1,200006682