Num_Acc,date,an,mois,jour,hrmn,dep,com,lat,long,agg,int,col,lum,atm,catr,circ,nbv,prof,plan,lartpc,larrout,surf,infra,situ,grav,sexe,age,trajet,secuexist,equipement,obs,obsm,choc,manv,vehiculeid,typevehicules,manoeuvehicules,numVehicules,_infos_commune.code_epci
201100025410,2011-02-14,2011,février,lundi,14:15,29,29019,48.40479,-4.47866,2,6,3,1,3,4,2,02,1,1,0,60,2,5,1,4,1,56,0,1,9,0,0,7,1,201100025410B01,7,1,1,242900314
201100025431,2011-03-30,2011,mars,mercredi,07:45,29,29019,48.40651,-4.52034,2,6,3,1,1,4,-1,02,1,1,0,40,1,5,1,4,2,27,0,1,9,0,0,7,1,201100025431B01,7,9,1,242900314
201100025436,2011-04-04,2011,avril,lundi,16:05,29,29019,48.40218,-4.46004,2,3,3,1,1,4,-1,02,-1,-1,0,0,-1,0,0,4,1,38,0,1,9,0,2,1,1,201100025436B01,7,16,1,242900314
201100025442,2011-04-12,2011,avril,mardi,17:30,29,29019,48.42185,-4.46351,2,2,3,1,1,9,2,02,1,1,0,0,1,0,1,4,1,60,0,1,4,0,2,1,1,201100025442B01,7,15,1,242900314
201100025449,2011-04-22,2011,avril,vendredi,19:35,29,29019,48.3832,-4.53596,2,1,2,1,1,4,-1,02,1,1,0,0,1,0,0,4,1,64,0,1,2,0,2,1,0,201100025449B01,7,4,1,242900314
201100025464,2011-06-04,2011,juin,samedi,19:00,29,29019,48.39927,-4.44264,2,3,3,1,1,4,-1,02,2,-1,0,0,1,0,0,4,1,29,0,1,2,0,2,1,1,201100025464B01,7,1,1,242900314
201100025464,2011-06-04,2011,juin,samedi,19:00,29,29019,48.39927,-4.44264,2,3,3,1,1,4,-1,02,2,-1,0,0,1,0,0,4,1,8,9,1,2,0,2,1,1,201100025464B01,7,1,1,242900314
201100025467,2011-06-11,2011,juin,samedi,18:55,29,29019,48.39807,-4.47234,2,2,5,1,1,4,2,02,1,-1,0,0,1,0,1,4,2,47,0,3,2,0,2,0,15,201100025467B01,7,1 / 0,2,242900314
201100025518,2011-09-16,2011,septembre,vendredi,11:45,29,29019,48.41315,-4.48854,2,2,6,1,1,9,2,02,1,1,0,0,1,0,1,4,1,53,9,3,4,0,2,1,1,201100025518B01,7,15,1,242900314
201100025543,2011-11-10,2011,novembre,jeudi,09:00,29,29019,48.37966,-4.51947,2,3,6,1,1,9,2,00,2,-1,0,0,1,0,1,4,1,16,0,3,9,0,2,0,1,201100025543B01,7,16,1,242900314
201100025581,2011-04-02,2011,avril,samedi,19:50,29,29039,47.86933,-3.88452,2,1,3,1,1,4,2,00,1,1,0,0,1,0,1,4,1,26,0,2,9,0,2,1,0,201100025581A01,7,0,1,242900769
201100025603,2011-07-28,2011,juillet,jeudi,20:35,29,29039,47.89345,-3.90441,2,3,3,1,1,4,2,02,-1,-1,0,0,-1,0,5,4,1,43,5,1,2,0,0,0,0,201100025603B01,7,15,1,242900769
201100025607,2011-08-20,2011,août,samedi,14:00,29,29039,47.86913,-3.8952,1,9,2,1,1,3,2,02,1,1,0,0,1,0,1,4,1,60,5,3,9,0,0,4,1,201100025607B01,7,12,1,242900769
201100025644,2011-07-06,2011,juillet,mercredi,14:45,29,29151,48.58151,-3.82411,2,1,3,1,1,4,-1,02,1,1,0,0,1,0,1,1,1,18,5,3,9,0,0,8,1,201100025644B01,33,1,1,242900835
201100025710,2011-01-26,2011,janvier,mercredi,16:52,29,29232,47.98389,-4.11629,2,1,3,1,1,3,3,04,1,1,0,0,1,0,0,3,1,63,0,1,2,0,2,8,0,201100025710B01,7,14,1,200068120
201100025726,2011-02-22,2011,février,mardi,21:35,29,29232,47.99161,-4.11031,2,1,7,3,2,4,2,02,1,-1,0,0,1,0,0,4,1,29,0,2,2,1,0,1,1,201100025726B01,7,24,1,200068120
201100025748,2011-04-15,2011,avril,vendredi,10:45,29,29232,47.9951,-4.10812,2,1,7,1,1,3,2,02,1,-1,0,0,-1,0,0,4,1,39,0,2,2,0,0,0,1,201100025748A01,,,,200068120
201100025767,2011-05-25,2011,mai,mercredi,18:05,29,29051,48.01963,-4.02189,1,6,3,1,1,4,1,01,1,2,0,0,1,0,1,3,2,63,0,3,9,0,2,1,0,201100025767B01,7,9,1,200068120
201100025772,2011-06-05,2011,juin,dimanche,15:20,29,29232,47.9935,-4.10591,2,1,3,1,1,4,3,02,1,-1,0,0,1,2,0,3,1,37,5,3,9,0,2,8,0,201100025772B01,7,0,1,200068120
201100025783,2011-06-29,2011,juin,mercredi,01:20,29,29232,47.97727,-4.10102,1,1,7,5,1,4,-1,02,1,2,0,0,1,0,0,3,1,23,0,2,2,0,0,0,1,201100025783A01,,,,200068120
201100025813,2011-09-15,2011,septembre,jeudi,18:45,29,29232,48.01051,-4.09588,2,6,3,1,1,4,2,02,1,1,0,0,1,0,1,4,1,27,0,2,2,0,2,1,13,201100025813A01,7,1,1,200068120
201100025813,2011-09-15,2011,septembre,jeudi,18:45,29,29232,48.01051,-4.09588,2,6,3,1,1,4,2,02,1,1,0,0,1,0,1,1,1,23,0,2,2,0,2,1,13,201100025813A01,7,1,1,200068120
201100025817,2011-09-23,2011,septembre,vendredi,17:00,29,29232,47.99535,-4.09886,2,2,2,1,1,4,1,02,1,1,0,0,1,0,1,4,1,16,0,2,4,0,2,1,19,201100025817A01,7,15,1,200068120
201100025829,2011-10-09,2011,octobre,dimanche,09:30,29,29232,48.02507,-4.08376,1,1,7,1,1,4,2,02,1,-1,0,0,1,0,1,4,1,64,0,2,2,0,0,0,1,201100025829A01,,,,200068120
201100025884,2011-01-17,2011,janvier,lundi,13:01,30,30007,44.09984,4.07803,2,1,1,1,1,4,-1,00,2,3,0,0,1,0,1,4,1,27,1,3,9,0,2,1,1,201100025884B01,7,1,1,200066918
201100025899,2011-02-02,2011,février,mercredi,08:05,30,30007,0,0,2,1,7,1,1,4,2,02,1,1,0,0,1,0,1,3,1,83,3,2,9,0,0,0,1,201100025899A01,,,,200066918
201100025915,2011-03-20,2011,mars,dimanche,10:59,30,30007,0,0,2,1,2,1,1,3,2,02,-1,1,0,0,-1,0,1,4,1,74,5,2,9,0,2,4,2,201100025915B01,7,2,1,200066918
201100025981,2011-08-20,2011,août,samedi,00:15,30,30007,44.12148,4.09004,2,1,1,5,1,2,2,00,1,1,0,0,1,0,1,4,1,37,0,3,9,0,2,0,1,201100025981B01,31,1,1,200066918
201100025989,2011-09-08,2011,septembre,jeudi,18:00,30,30007,44.10207,4.08054,2,1,2,1,3,4,-1,00,1,1,0,0,1,0,1,4,1,19,2,3,9,0,2,0,15,201100025989A01,7,15,1,200066918
201100026001,2011-10-03,2011,octobre,lundi,15:15,30,30007,44.12765,4.07325,2,1,1,1,1,4,-1,00,-1,1,0,0,1,0,1,3,1,13,5,3,9,0,2,1,1,201100026001A01,7,1,1,200066918
201100026010,2011-03-30,2011,mars,mercredi,15:05,30,30007,44.12935,4.10651,2,1,3,1,1,3,1,02,1,2,0,98,1,0,1,2,1,58,5,1,9,0,2,8,2,201100026010B01,15,2,1,200066918
201100026020,2011-02-09,2011,février,mercredi,19:50,30,30028,44.15502,4.61657,2,6,6,5,1,3,2,02,1,1,0,70,1,5,1,4,2,38,1,1,4,0,0,0,1,201100026020B01,7,15,1,200034692
201100026038,2011-07-27,2011,juillet,mercredi,13:40,30,30028,0,0,1,1,3,1,1,2,3,02,1,1,0,47,1,0,1,3,1,73,5,1,2,0,2,8,15,201100026038B01,7,1,1,200034692
201100026045,2011-09-30,2011,septembre,vendredi,10:00,30,30028,44.16043,4.60914,2,2,6,1,1,4,2,02,1,1,0,0,1,0,1,4,1,55,5,1,2,0,2,1,1,201100026045B01,10,16,1,200034692
201100026047,2011-10-19,2011,octobre,mercredi,18:05,30,30028,44.16636,4.61398,2,3,6,1,1,4,2,02,1,1,0,57,2,0,1,3,1,8,5,3,9,0,0,1,1,201100026047A01,7,23,1,200034692
201100026058,2011-01-10,2011,janvier,lundi,16:50,30,30032,43.80964,4.63859,2,1,6,1,1,3,2,03,2,1,0,99,1,0,1,4,2,22,5,1,4,0,0,4,11,201100026058A01,7,1,1,243000585
201100026101,2011-02-15,2011,février,mardi,08:20,30,30189,43.4941,4.2305,2,1,2,1,1,4,2,02,1,2,0,80,1,0,1,4,1,38,0,3,9,0,2,4,1,201100026101B01,7,15,1,243000643
201100026148,2011-05-17,2011,mai,mardi,12:35,30,30189,43.84055,4.36034,2,1,6,1,1,4,1,03,1,1,0,94,1,0,1,3,2,56,1,1,4,0,2,1,1,201100026148B01,7,20,1,243000643
201100026154,2011-05-20,2011,mai,vendredi,20:41,30,30189,43.82832,4.37325,2,3,3,1,1,4,2,02,1,1,0,70,1,0,1,3,2,64,9,3,4,0,2,1,19,201100026154B01,7,15,1,243000643
201100026175,2011-06-18,2011,juin,samedi,19:00,30,30189,43.83645,4.37621,2,2,3,1,1,4,1,01,1,1,0,38,1,0,1,4,1,14,0,3,2,0,2,1,5,201100026175A01,30,1,1,243000643
201100026209,2011-08-22,2011,août,lundi,07:50,30,30189,43.85715,4.40485,1,6,3,1,1,3,1,02,1,3,0,79,1,0,0,4,1,69,5,3,2,0,2,7,1,201100026209B01,7,16,1,243000643
201100026263,2011-10-18,2011,octobre,mardi,11:27,30,30189,43.82313,4.35158,2,1,3,1,1,4,2,03,1,1,0,96,1,0,1,3,1,78,0,3,9,0,2,8,15,201100026263B01,7,2,1,243000643
201100026265,2011-10-20,2011,octobre,jeudi,08:39,30,30189,43.82505,4.37874,2,3,3,1,1,2,2,04,1,1,0,130,1,5,1,3,1,66,0,3,9,0,2,8,1,201100026265B01,7,15,1,243000643
201100026266,2011-10-21,2011,octobre,vendredi,12:28,30,30189,43.80526,4.33644,2,2,3,1,1,3,2,02,1,1,0,72,1,0,1,4,1,28,0,3,4,0,2,0,1,201100026266B01,7,15,1,243000643
201100026311,2011-12-17,2011,décembre,samedi,00:08,30,30189,43.85458,4.32204,1,1,2,3,2,2,3,02,1,1,0,173,2,0,1,3,1,44,1,1,4,0,2,4,2,201100026311B01,7,2,1,243000643
201100026336,2011-04-09,2011,avril,samedi,13:40,31,31069,0,0,2,1,3,1,1,4,1,01,1,-1,0,83,1,0,1,4,2,18,5,3,9,0,2,4,1,201100026336B01,7,0,1,243100518
201100026340,2011-03-26,2011,mars,samedi,18:00,31,31149,43.61284,1.33189,2,6,3,1,1,4,1,02,1,1,0,90,1,0,1,4,2,40,5,2,2,0,2,5,1,201100026340B01,7,1,1,243100518
201100026345,2011-06-08,2011,juin,mercredi,05:59,31,31149,43.61266,1.3326,2,1,2,2,1,4,1,02,1,1,15,77,1,0,1,2,1,68,5,2,2,0,2,4,1,201100026345A01,7,1,1,243100518
201100026347,2011-01-26,2011,janvier,mercredi,16:25,31,31483,0,0,2,1,3,1,1,3,1,02,1,-1,0,0,1,0,1,4,1,59,5,1,2,0,2,7,16,201100026347B01,7,9,1,200072643
201100026360,2011-04-02,2011,avril,samedi,16:35,31,31483,43.12899,0.72416,1,1,7,1,1,3,2,02,2,1,0,0,1,0,3,3,2,58,5,1,2,13,0,1,1,201100026360A01,,,,200072643
201100026385,2011-11-08,2011,novembre,mardi,11:20,31,31344,43.09306,0.74282,2,6,3,1,1,3,2,02,1,2,0,70,1,0,1,4,2,61,5,1,2,0,0,5,1,201100026385B01,7,9,1,200072643
201100026423,2011-01-18,2011,janvier,mardi,08:00,31,31555,0,0,2,1,3,1,1,4,2,02,1,1,0,100,1,0,1,4,1,48,1,3,2,0,2,5,19,201100026423B01,7,1,1,243100518
201100026459,2011-02-08,2011,février,mardi,15:50,31,31555,0,0,2,1,3,1,1,4,2,00,1,4,0,0,1,0,1,4,2,30,1,2,4,0,2,1,0,201100026459B01,7,0,1,243100518
201100026472,2011-02-14,2011,février,lundi,07:45,31,31555,0,0,2,6,2,2,2,4,2,02,1,1,0,95,1,0,1,3,1,58,1,2,2,0,2,4,1,201100026472B01,7,2,1,243100518
201100026477,2011-02-16,2011,février,mercredi,14:30,31,31555,0,0,2,1,3,1,1,4,1,02,1,1,0,85,1,0,1,4,1,49,4,3,2,0,2,0,1,201100026477B01,7,9,1,243100518
201100026484,2011-02-22,2011,février,mardi,17:05,31,31555,0,0,2,1,3,1,3,4,1,02,1,1,0,85,2,0,1,3,2,52,4,2,2,0,2,1,1,201100026484B01,7,9,1,243100518
201100026519,2011-03-11,2011,mars,vendredi,15:45,31,31555,0,0,2,3,3,1,1,4,2,02,1,2,0,60,1,0,1,4,1,93,5,2,2,0,2,7,1,201100026519A01,7,16,1,243100518
201100026541,2011-03-24,2011,mars,jeudi,17:15,31,31555,0,0,2,2,3,1,1,4,2,00,1,1,0,0,1,0,1,3,1,84,0,3,4,0,2,5,0,201100026541A01,7,0,1,243100518
201100026551,2011-04-01,2011,avril,vendredi,20:00,31,31555,0,0,2,1,6,5,1,4,2,02,1,1,0,75,1,0,1,4,1,28,5,2,2,1,0,1,1,201100026551B01,7,22,1,243100518
201100026576,2011-04-16,2011,avril,samedi,02:00,31,31555,0,0,2,1,3,5,1,4,1,03,1,2,0,0,1,0,1,4,2,26,5,2,2,0,2,8,15,201100026576A01,7,1,1,243100518
201100026583,2011-04-19,2011,avril,mardi,18:05,31,31555,0,0,2,1,2,1,1,4,1,00,1,1,0,0,1,0,1,2,1,64,0,3,4,0,2,1,0,201100026583A01,37,0,1,243100518
201100026588,2011-04-21,2011,avril,jeudi,21:16,31,31555,0,0,2,1,1,5,1,4,2,02,1,1,0,400,1,0,1,4,1,21,5,2,2,0,2,1,1,201100026588A01,7,5,1,243100518
201100026607,2011-05-10,2011,mai,mardi,00:05,31,31555,0,0,2,3,3,5,1,4,1,01,1,1,0,100,1,0,1,4,1,30,0,3,2,0,2,1,1,201100026607A01,7,1,1,243100518
201100026613,2011-05-13,2011,mai,vendredi,16:40,31,31555,0,0,2,2,3,1,1,4,2,05,1,1,0,137,1,0,1,4,1,17,5,1,2,0,2,8,1,201100026613A01,7,16,1,243100518
201100026629,2011-05-23,2011,mai,lundi,08:15,31,31555,0,0,2,1,3,1,1,4,2,02,3,1,0,65,1,2,1,4,1,37,1,2,2,0,2,8,19,201100026629B01,33,1,1,243100518
201100026635,2011-05-25,2011,mai,mercredi,19:40,31,31555,0,0,2,1,6,1,1,4,-1,00,1,1,0,0,1,0,1,4,1,5,0,3,9,0,2,0,0,201100026635B01,2,0,1,243100518
201100026656,2011-06-17,2011,juin,vendredi,12:50,31,31555,0,0,2,1,2,1,1,4,2,02,1,1,0,85,1,0,1,4,1,18,5,3,2,0,2,1,1,201100026656A01,7,24,1,243100518
201100026663,2011-06-20,2011,juin,lundi,19:00,31,31555,0,0,2,3,3,1,1,4,2,03,1,1,0,95,1,0,1,4,1,56,1,1,2,0,2,1,1,201100026663B01,7,1,1,243100518
201100026672,2011-06-23,2011,juin,jeudi,11:15,31,31555,0,0,2,1,3,1,1,4,-1,00,1,2,0,0,1,0,1,4,2,22,0,3,4,0,2,6,0,201100026672B01,7,0,1,243100518
201100026716,2011-07-10,2011,juillet,dimanche,13:20,31,31555,0,0,2,1,2,1,1,4,2,02,1,1,0,75,1,0,1,4,1,61,0,3,2,0,2,4,1,201100026716B01,7,1,1,243100518
201100026727,2011-07-19,2011,juillet,mardi,09:20,31,31555,0,0,2,1,1,1,1,4,2,02,1,1,0,0,1,0,1,4,2,31,0,2,4,0,2,0,0,201100026727B01,10,0,1,243100518
201100026729,2011-07-18,2011,juillet,lundi,14:40,31,31149,43.61841,1.32741,2,1,3,1,1,4,2,00,1,1,0,0,1,0,1,4,1,20,5,2,2,0,2,1,1,201100026729A01,7,1,1,243100518
201100026730,2011-07-20,2011,juillet,mercredi,05:30,31,31555,0,0,2,3,3,5,1,4,1,00,1,1,0,0,1,0,1,4,2,34,0,1,2,0,2,7,0,201100026730A01,7,0,1,243100518
201100026737,2011-07-26,2011,juillet,mardi,18:10,31,31555,0,0,2,1,3,1,1,4,2,00,1,1,0,0,1,0,1,4,1,35,0,3,4,0,2,1,0,201100026737A01,7,16,1,243100518
201100026746,2011-08-01,2011,août,lundi,18:40,31,31555,0,0,2,3,3,1,1,4,1,01,1,1,0,0,1,0,0,4,2,24,5,2,2,0,2,1,1,201100026746B01,7,15,1,243100518
201100026755,2011-08-05,2011,août,vendredi,14:25,31,31149,43.61292,1.33826,2,1,3,1,1,3,2,00,1,2,0,0,1,0,1,4,2,36,5,2,2,0,2,0,1,201100026755B01,7,16,1,243100518
201100026781,2011-08-29,2011,août,lundi,16:05,31,31555,0,0,2,1,6,1,1,4,2,02,1,1,0,85,1,0,1,4,1,26,0,3,2,0,2,0,5,201100026781A01,7,9,1,243100518
201100026800,2011-09-06,2011,septembre,mardi,21:50,31,31555,0,0,1,1,3,1,1,4,2,00,1,1,0,0,1,0,1,4,1,21,0,1,2,0,2,7,0,201100026800A01,40,0,1,243100518
201100026807,2011-09-09,2011,septembre,vendredi,07:50,31,31555,0,0,2,1,2,1,1,4,-1,00,1,1,0,0,1,0,1,4,2,22,0,3,4,0,2,4,0,201100026807B01,7,0,1,243100518
201100026822,2011-09-16,2011,septembre,vendredi,21:15,31,31555,0,0,2,3,3,5,1,4,2,02,1,1,0,65,1,0,1,4,1,26,5,2,2,0,2,1,0,201100026822A01,7,1,1,243100518
201100026833,2011-09-15,2011,septembre,jeudi,20:10,31,31555,0,0,2,3,3,5,1,4,2,02,1,1,0,85,1,0,1,4,2,22,0,3,2,0,2,1,0,201100026833B01,7,15,1,243100518
201100026836,2011-09-22,2011,septembre,jeudi,08:05,31,31555,0,0,2,1,3,5,1,4,2,00,1,1,0,0,1,0,1,4,2,31,0,3,4,0,2,2,0,201100026836A01,30,0,1,243100518
201100026843,2011-09-23,2011,septembre,vendredi,17:10,31,31555,0,0,2,1,3,1,1,4,2,00,1,1,0,0,1,0,1,4,1,30,1,2,2,0,2,1,0,201100026843B01,31,0,1,243100518
201100026864,2011-10-01,2011,octobre,samedi,18:00,31,31555,0,0,2,1,2,1,1,4,1,02,1,1,0,85,1,0,1,4,1,18,0,3,2,0,2,1,1,201100026864A01,7,1,1,243100518
201100026873,2011-10-03,2011,octobre,lundi,17:35,31,31555,0,0,2,1,3,1,1,4,2,02,1,1,0,85,1,0,1,4,2,23,0,2,2,0,2,1,1,201100026873A01,7,1,1,243100518
201100026876,2011-10-05,2011,octobre,mercredi,18:40,31,31557,0,0,2,1,3,1,1,4,2,02,1,1,0,95,1,0,1,3,2,71,5,3,2,0,2,7,19,201100026876B01,7,1,1,243100518
201100026877,2011-10-08,2011,octobre,samedi,15:25,31,31555,0,0,2,1,3,1,1,4,1,02,1,1,0,85,1,0,1,3,1,63,5,2,2,0,2,0,1,201100026877A01,40,1,1,243100518
201100026889,2011-10-10,2011,octobre,lundi,13:50,31,31149,43.61702,1.33008,2,3,3,1,1,4,2,00,1,1,0,0,1,0,1,4,1,27,0,3,2,0,2,0,0,201100026889A01,10,0,1,243100518
201100026894,2011-10-17,2011,octobre,lundi,14:30,31,31557,0,0,2,1,1,1,1,4,-1,01,1,1,0,24,1,0,1,4,1,8,9,3,2,0,2,0,1,201100026894B01,2,1,1,243100518
201100026896,2011-10-16,2011,octobre,dimanche,00:30,31,31555,0,0,2,1,3,5,1,4,1,02,1,1,0,85,1,0,1,4,1,28,0,1,2,0,2,2,15,201100026896A01,7,1,1,243100518
201100026905,2011-10-21,2011,octobre,vendredi,17:15,31,31555,0,0,2,1,3,1,1,4,2,02,1,1,0,75,1,0,1,1,2,25,0,3,2,0,2,0,10,201100026905A01,30,1,1,243100518
201100026968,2011-11-29,2011,novembre,mardi,13:50,31,31555,0,0,2,1,1,1,1,4,2,00,1,1,0,0,1,0,1,4,1,29,1,3,4,0,2,1,0,201100026968B01,7,0,1,243100518
201100026974,2011-12-01,2011,décembre,jeudi,20:10,31,31149,43.6084,1.353,2,6,2,5,1,2,1,01,1,3,0,85,1,0,1,4,1,30,1,1,2,0,2,4,1,201100026974B01,7,1,1,243100518
201100026975,2011-12-02,2011,décembre,vendredi,12:15,31,31069,43.64013,1.38869,2,1,3,1,1,3,2,02,1,1,0,85,1,0,1,3,1,18,1,1,2,0,2,1,9,201100026975A01,7,1,1,243100518
201100026976,2011-12-03,2011,décembre,samedi,11:18,31,31149,43.61762,1.31594,2,1,3,1,1,4,1,02,1,1,0,85,1,0,1,3,1,45,0,2,2,0,2,1,1,201100026976A01,7,1,1,243100518
201100026990,2011-12-08,2011,décembre,jeudi,18:25,31,31555,0,0,2,1,6,5,1,4,2,02,1,1,0,85,1,0,5,4,1,26,0,2,9,0,1,1,1,201100026990A01,,,,243100518
201100026990,2011-12-08,2011,décembre,jeudi,18:25,31,31555,0,0,2,1,6,5,1,4,2,02,1,1,0,85,1,0,5,4,1,72,0,3,9,0,1,1,1,201100026990A01,,,,243100518
201100026995,2011-12-07,2011,décembre,mercredi,12:45,31,31069,0,0,2,1,3,1,1,4,2,00,1,1,0,0,1,0,1,4,2,13,2,3,9,0,2,8,0,201100026995B01,7,0,1,243100518
201100026999,2011-12-13,2011,décembre,mardi,08:30,31,31555,0,0,2,1,3,1,1,4,2,02,1,1,0,85,1,0,1,4,1,39,0,3,9,0,2,0,1,201100026999B01,7,9,1,243100518
201100027000,2011-12-13,2011,décembre,mardi,10:15,31,31555,0,0,2,1,3,1,1,4,2,00,1,1,0,0,1,0,1,4,2,24,2,2,9,0,2,8,1,201100027000B01,7,0,1,243100518
201100027022,2011-12-16,2011,décembre,vendredi,17:40,31,31555,0,0,2,1,3,5,2,4,2,02,1,1,0,85,2,0,1,4,1,28,0,3,9,0,2,0,1,201100027022B01,7,22,1,243100518
201100027024,2011-12-16,2011,décembre,vendredi,08:50,31,31555,0,0,2,3,6,1,1,4,-1,02,1,1,0,100,1,0,0,4,1,21,1,3,9,0,2,1,1,201100027024B01,10,15,1,243100518
201100027034,2011-12-21,2011,décembre,mercredi,17:55,31,31555,0,0,2,1,3,5,1,4,-1,00,1,2,0,0,-1,0,1,4,2,31,0,3,9,0,0,0,0,201100027034B01,7,0,1,243100518
201100027042,2011-01-12,2011,janvier,mercredi,08:20,31,31557,0,0,2,1,3,1,1,3,2,02,1,1,50,116,1,0,1,4,1,15,2,2,2,0,2,8,19,201100027042B01,7,1,1,243100518
201100027050,2011-05-01,2011,mai,dimanche,18:00,31,31557,43.58907,1.3604,2,6,3,1,1,3,-1,01,-1,3,0,74,1,5,1,4,1,60,5,3,2,0,2,2,19,201100027050B01,33,16,1,243100518
201100027059,2011-04-22,2011,avril,vendredi,12:20,32,32013,0,0,2,3,7,1,1,3,2,02,1,1,0,80,1,0,1,1,1,50,5,1,2,0,1,1,1,201100027059A01,,,,200066926
201100027081,2011-02-01,2011,février,mardi,09:50,33,33529,0,0,2,2,3,1,1,4,2,02,1,1,0,70,1,0,1,4,2,26,5,3,9,0,2,5,1,201100027081B01,7,1,1,243300563
201100027083,2011-02-05,2011,février,samedi,11:05,33,33529,0,0,2,2,3,1,1,3,1,01,1,1,0,50,1,0,1,4,2,61,5,3,9,0,2,2,1,201100027083B01,7,16,1,243300563
201100027095,2011-05-15,2011,mai,dimanche,10:00,33,33009,0,0,2,1,3,1,1,4,2,02,1,1,0,85,1,0,1,4,1,43,5,3,9,0,2,1,1,201100027095B01,7,15,1,243300563
201100027100,2011-06-06,2011,juin,lundi,12:25,33,33529,0,0,2,1,3,1,2,4,1,02,1,2,0,80,1,0,1,3,1,55,5,3,9,0,2,8,1,201100027100B01,7,16,1,243300563
201100027110,2011-06-28,2011,juin,mardi,08:40,33,33529,0,0,2,1,2,1,1,4,1,01,1,1,0,70,1,0,1,4,2,88,5,3,9,0,2,4,1,201100027110B01,2,17,1,243300563
201100027111,2011-06-30,2011,juin,jeudi,15:20,33,33529,0,0,1,2,3,1,1,4,2,02,1,1,0,98,1,0,1,3,1,73,5,1,2,0,2,1,1,201100027111B01,7,1,1,243300563
201100027124,2011-08-22,2011,août,lundi,16:55,33,33529,0,0,1,1,1,1,1,4,2,02,1,1,0,90,1,0,1,4,2,18,5,3,9,0,2,3,1,201100027124B01,7,0,1,243300563
201100027131,2011-08-27,2011,août,samedi,17:20,33,33009,0,0,2,1,6,1,1,4,2,02,1,1,0,0,1,0,1,4,1,82,5,2,9,4,2,1,1,201100027131B01,37,17,1,243300563
201100027140,2011-10-12,2011,octobre,mercredi,15:15,33,33529,0,0,2,1,6,1,1,4,2,02,1,1,20,120,1,0,5,4,2,67,5,2,9,0,2,1,1,201100027140B01,7,1,1,243300563
201100027147,2011-07-15,2011,juillet,vendredi,17:45,33,33529,0,0,1,1,6,1,1,4,2,02,1,1,0,0,1,0,1,4,2,19,0,1,9,0,2,3,1,201100027147B01,7,0,1,243300563
201100027161,2011-01-06,2011,janvier,jeudi,01:00,33,33063,0,0,2,3,6,5,2,4,1,01,1,1,0,0,2,0,1,3,1,29,0,3,4,0,2,2,19,201100027161A01,7,1,1,243300316
201100027165,2011-01-03,2011,janvier,lundi,08:10,33,33281,0,0,2,3,3,2,1,4,2,04,1,1,0,0,1,0,5,4,1,49,0,1,4,0,2,1,1,201100027165B01,10,16,1,243300316
201100027181,2011-01-10,2011,janvier,lundi,17:05,33,33063,0,0,2,3,6,1,1,4,3,07,1,1,0,0,1,4,1,4,1,13,0,3,4,0,0,1,1,201100027181A01,7,1,1,243300316
201100027190,2011-01-12,2011,janvier,mercredi,12:01,33,33318,0,0,2,1,6,1,2,4,2,02,1,1,0,80,2,0,1,4,1,17,5,3,4,0,2,1,1,201100027190B01,7,21,1,243300316
201100027192,2011-01-10,2011,janvier,lundi,15:50,33,33069,0,0,2,1,6,1,1,4,2,02,1,1,0,120,1,0,1,3,1,79,5,3,4,1,0,1,1,201100027192B01,7,24,1,243300316
201100027215,2011-01-21,2011,janvier,vendredi,12:15,33,33063,0,0,2,2,3,1,1,4,1,01,1,1,0,80,1,0,1,3,2,25,5,3,9,0,2,0,1,201100027215B01,7,15,1,243300316
201100027217,2011-01-21,2011,janvier,vendredi,19:17,33,33063,0,0,2,3,3,5,1,4,2,02,1,1,0,50,1,0,1,4,1,40,0,3,2,0,2,1,7,201100027217A01,7,15,1,243300316
201100027219,2011-01-24,2011,janvier,lundi,07:55,33,33063,0,0,2,6,3,1,1,4,3,04,1,1,0,0,2,5,1,3,1,56,1,3,2,0,2,5,1,201100027219B01,7,1,1,243300316
201100027226,2011-01-27,2011,janvier,jeudi,18:45,33,33063,0,0,2,2,6,5,1,4,1,03,1,1,0,0,1,5,1,4,1,18,0,3,4,0,4,2,1,201100027226A01,40,1,1,243300316
201100027249,2011-02-05,2011,février,samedi,04:20,33,33063,0,0,2,5,2,5,1,4,1,00,1,1,0,0,1,0,1,3,1,19,0,3,4,0,2,4,2,201100027249B01,7,2,1,243300316
201100027249,2011-02-05,2011,février,samedi,04:20,33,33063,0,0,2,5,2,5,1,4,1,00,1,1,0,0,1,0,1,4,1,19,5,3,9,0,2,4,2,201100027249B01,7,2,1,243300316
201100027251,2011-02-03,2011,février,jeudi,09:23,33,33069,0,0,2,6,7,1,1,4,2,02,1,1,0,68,1,0,1,4,1,46,5,3,2,0,0,0,1,201100027251B01,7,16,1,243300316
201100027258,2011-02-04,2011,février,vendredi,08:15,33,33318,0,0,2,6,3,1,1,4,2,02,1,1,0,0,1,0,1,4,1,55,0,3,2,0,2,1,0,201100027258A01,7,16,1,243300316
201100027266,2011-02-10,2011,février,jeudi,19:00,33,33063,0,0,2,2,3,5,1,4,2,02,1,1,0,0,1,0,1,4,2,25,0,3,2,0,2,1,19,201100027266A01,7,1,1,243300316
201100027269,2011-02-09,2011,février,mercredi,12:35,33,33281,0,0,2,2,6,1,1,4,2,02,1,1,0,0,1,0,5,4,1,61,0,3,4,0,2,1,1,201100027269A01,,,,243300316
201100027282,2011-02-16,2011,février,mercredi,15:45,33,33063,0,0,2,2,3,1,1,4,2,02,2,1,0,95,1,0,1,4,1,55,0,3,2,0,2,1,1,201100027282B01,7,1,1,243300316