Num_Acc,date,an,mois,jour,hrmn,dep,com,lat,long,agg,int,col,lum,atm,catr,circ,nbv,prof,plan,lartpc,larrout,surf,infra,situ,grav,sexe,age,trajet,secuexist,equipement,obs,obsm,choc,manv,vehiculeid,typevehicules,manoeuvehicules,numVehicules,_infos_commune.code_epci
201100027284,2011-02-16,2011,février,mercredi,13:15,33,33063,0,0,2,1,6,1,1,4,1,02,1,1,0,0,1,0,1,4,2,22,5,3,2,0,2,1,1,201100027284B01,7,23,1,243300316
201100027299,2011-02-24,2011,février,jeudi,13:40,33,33063,0,0,2,1,6,1,1,4,2,02,1,1,0,0,1,4,1,1,1,18,2,3,2,0,1,1,1,201100027299A01,,,,243300316
201100027299,2011-02-24,2011,février,jeudi,13:40,33,33063,0,0,2,1,6,1,1,4,2,02,1,1,0,0,1,4,1,4,2,26,0,3,9,0,1,1,1,201100027299A01,,,,243300316
201100027307,2011-02-21,2011,février,lundi,08:55,33,33192,0,0,2,5,3,1,1,4,2,02,-1,-1,0,0,1,0,1,3,1,53,0,3,9,0,2,0,1,201100027307B01,7,1,1,243300316
201100027325,2011-03-04,2011,mars,vendredi,08:10,33,33063,0,0,2,2,6,1,1,4,3,04,1,1,0,0,1,0,1,4,2,32,1,2,4,0,2,1,1,201100027325A01,7,2 / 24,2,243300316
201100027335,2011-03-04,2011,mars,vendredi,21:10,33,33192,0,0,2,3,3,5,1,4,3,02,1,1,5,60,1,0,1,3,1,15,0,2,4,0,2,1,1,201100027335B01,7,1,1,243300316
201100027350,2011-03-11,2011,mars,vendredi,16:35,33,33063,0,0,2,1,6,1,1,4,3,04,1,1,0,0,1,0,1,4,2,25,0,3,4,0,2,1,1,201100027350B01,7,10,1,243300316
201100027352,2011-03-11,2011,mars,vendredi,23:40,33,33063,0,0,2,2,3,5,1,4,1,02,1,1,0,0,1,0,1,3,1,17,0,2,4,0,0,7,1,201100027352A01,7,1,1,243300316
201100027357,2011-03-11,2011,mars,vendredi,07:05,33,33192,0,0,2,2,6,2,1,4,2,02,1,1,0,0,1,5,1,4,1,49,0,3,4,0,2,1,1,201100027357B01,7,15,1,243300316
201100027370,2011-03-18,2011,mars,vendredi,08:15,33,33063,0,0,2,4,3,1,1,4,1,01,1,1,0,55,1,0,1,1,1,15,2,3,9,0,2,0,1,201100027370A01,7,16,1,243300316
201100027370,2011-03-18,2011,mars,vendredi,08:15,33,33063,0,0,2,4,3,1,1,4,1,01,1,1,0,55,1,0,1,4,1,15,2,3,9,0,2,0,1,201100027370A01,7,16,1,243300316
201100027374,2011-03-18,2011,mars,vendredi,08:55,33,33063,0,0,2,4,3,1,7,4,2,02,1,1,0,0,1,0,1,4,2,41,0,3,9,0,2,0,1,201100027374B01,7,15,1,243300316
201100027390,2011-03-24,2011,mars,jeudi,10:20,33,33032,0,0,2,1,7,1,1,4,2,02,1,1,0,0,1,0,1,4,2,39,5,2,2,1,0,0,2,201100027390B01,7,22,1,243300316
201100027395,2011-03-23,2011,mars,mercredi,19:45,33,33318,0,0,2,6,3,5,1,4,2,02,1,1,0,0,1,0,1,4,1,15,5,3,9,0,2,4,1,201100027395B01,10,9,1,243300316
201100027400,2011-03-25,2011,mars,vendredi,19:30,33,33063,0,0,2,1,6,5,1,4,2,03,1,-1,0,0,1,0,1,4,1,23,0,3,9,0,2,0,1,201100027400B01,7,22,1,243300316
201100027402,2011-03-24,2011,mars,jeudi,17:00,33,33318,0,0,2,1,6,1,1,4,2,02,1,1,0,67,1,0,1,4,1,13,0,3,4,0,0,3,19,201100027402B01,7,1,1,243300316
201100027407,2011-03-29,2011,mars,mardi,13:15,33,33063,0,0,2,5,6,1,1,4,2,03,1,1,0,0,1,0,1,4,1,13,0,3,4,0,0,4,15,201100027407B01,7,17,1,243300316
201100027409,2011-03-30,2011,mars,mercredi,10:30,33,33063,0,0,2,2,3,1,1,4,2,02,1,1,0,0,1,0,1,4,1,10,0,3,9,0,4,9,13,201100027409A01,40,1,1,243300316
201100027420,2011-04-01,2011,avril,vendredi,19:45,33,33063,0,0,2,3,6,1,1,4,2,10,1,1,0,0,1,4,1,4,1,47,4,3,4,0,2,1,19,201100027420B01,7,16,1,243300316
201100027433,2011-04-04,2011,avril,lundi,08:35,33,33281,0,0,2,1,6,1,1,4,2,05,1,1,0,210,1,0,1,3,1,64,0,2,9,0,0,0,0,201100027433A01,,,,243300316
201100027451,2011-04-07,2011,avril,jeudi,09:02,33,33192,0,0,2,6,3,1,1,4,3,02,1,-1,39,45,1,0,1,3,2,56,0,3,9,0,2,4,1,201100027451B01,17,16,1,243300316
201100027454,2011-04-06,2011,avril,mercredi,09:14,33,33522,0,0,2,1,6,1,1,6,2,02,1,-1,0,0,1,0,1,4,1,13,0,3,4,0,2,1,1,201100027454B01,7,1,1,243300316
201100027466,2011-04-18,2011,avril,lundi,16:30,33,33063,0,0,2,1,3,1,1,4,2,04,1,1,0,0,1,0,1,3,2,11,0,3,9,0,2,7,1,201100027466B01,7,1,1,243300316
201100027469,2011-04-19,2011,avril,mardi,19:00,33,33063,0,0,2,4,3,1,1,4,1,01,1,1,0,0,1,0,1,4,2,64,5,3,9,0,2,1,1,201100027469A01,37,1,1,243300316
201100027474,2011-04-21,2011,avril,jeudi,07:10,33,33522,0,0,2,5,6,1,1,4,2,05,1,1,0,0,1,5,1,4,1,39,4,3,4,0,2,1,15,201100027474A01,7,1,1,243300316
201100027488,2011-04-19,2011,avril,mardi,10:15,33,33281,0,0,2,1,6,1,1,4,2,03,1,1,0,0,1,0,1,4,1,47,5,1,2,0,0,1,1,201100027488B01,7,2,1,243300316
201100027489,2011-04-21,2011,avril,jeudi,10:25,33,33522,0,0,2,5,3,1,1,4,2,04,1,2,0,70,1,4,1,4,2,25,0,3,4,0,2,1,1,201100027489A01,7,1,1,243300316
201100027489,2011-04-21,2011,avril,jeudi,10:25,33,33522,0,0,2,5,3,1,1,4,2,04,1,2,0,70,1,4,1,1,2,2,0,1,2,0,2,1,1,201100027489A01,7,1,1,243300316
201100027500,2011-04-29,2011,avril,vendredi,18:00,33,33063,0,0,2,1,3,1,1,4,3,00,1,1,0,0,1,0,1,4,1,48,0,1,2,0,2,1,1,201100027500B01,7,16,1,243300316
201100027514,2011-05-05,2011,mai,jeudi,16:17,33,33063,0,0,2,1,7,1,1,4,1,02,1,1,0,140,1,0,1,3,1,36,0,3,2,0,0,0,0,201100027514A01,,,,243300316
201100027519,2011-05-06,2011,mai,vendredi,17:20,33,33063,0,0,2,2,3,1,1,4,2,04,1,1,0,150,1,0,1,3,2,18,0,3,9,0,2,1,1,201100027519B01,7,15,1,243300316
201100027540,2011-05-13,2011,mai,vendredi,21:30,33,33063,0,0,2,1,6,5,1,4,2,02,1,1,0,59,1,0,1,3,2,11,0,3,4,0,0,4,9,201100027540B01,33,1,1,243300316
201100027540,2011-05-13,2011,mai,vendredi,21:30,33,33063,0,0,2,1,6,5,1,4,2,02,1,1,0,59,1,0,1,4,2,11,0,3,4,0,0,4,9,201100027540B01,33,1,1,243300316
201100027541,2011-05-13,2011,mai,vendredi,18:30,33,33063,0,0,2,2,3,1,1,4,1,02,1,1,0,60,1,0,1,4,1,16,5,3,4,0,0,2,1,201100027541A01,7,1,1,243300316
201100027543,2011-05-13,2011,mai,vendredi,11:30,33,33063,0,0,2,5,3,1,1,4,3,02,1,1,0,0,1,0,1,4,1,48,1,3,9,0,2,1,1,201100027543B01,7,5,1,243300316
201100027547,2011-05-16,2011,mai,lundi,15:15,33,33063,0,0,2,1,6,1,1,4,1,01,1,1,0,36,1,0,1,4,2,38,0,3,4,1,2,1,1,201100027547B01,7,23,1,243300316
201100027559,2011-05-16,2011,mai,lundi,12:00,33,33318,0,0,2,1,6,1,1,4,2,02,1,1,0,70,1,0,1,4,2,74,5,2,4,0,2,1,1,201100027559B01,33,13,1,243300316
201100027566,2011-05-19,2011,mai,jeudi,18:05,33,33063,0,0,2,1,3,1,1,4,2,07,1,1,0,75,1,0,1,3,1,45,1,2,9,0,2,8,1,201100027566B01,33,1,1,243300316
201100027569,2011-05-19,2011,mai,jeudi,21:00,33,33119,0,0,2,1,3,1,1,4,1,01,1,1,0,60,1,0,1,4,1,7,0,3,4,0,0,0,19,201100027569B01,7,1,1,243300316
201100027571,2011-05-20,2011,mai,vendredi,09:00,33,33063,0,0,2,1,1,1,1,4,2,02,1,1,0,64,1,0,1,3,1,13,0,3,4,0,2,0,1,201100027571B01,7,15,1,243300316
201100027576,2011-05-16,2011,mai,lundi,17:10,33,33522,0,0,2,1,6,1,7,4,3,04,2,1,0,74,1,0,1,1,1,28,4,3,4,0,1,0,2,201100027576C01,1,2,2,243300316
201100027576,2011-05-16,2011,mai,lundi,17:10,33,33522,0,0,2,1,6,1,7,4,3,04,2,1,0,74,1,0,1,1,2,31,4,3,4,0,0,0,2,201100027576A01,1,2,2,243300316
201100027576,2011-05-16,2011,mai,lundi,17:10,33,33522,0,0,2,1,6,1,7,4,3,04,2,1,0,74,1,0,1,3,2,34,0,3,4,0,2,1,2,201100027576B01,1,2,2,243300316
201100027580,2011-05-24,2011,mai,mardi,17:05,33,33063,0,0,2,1,3,1,1,4,1,01,2,1,0,51,1,0,1,3,1,39,5,3,4,1,0,1,1,201100027580B01,7,24,1,243300316
201100027583,2011-05-24,2011,mai,mardi,12:06,33,33063,0,0,2,2,6,1,1,4,2,02,1,1,0,0,1,0,1,4,2,79,0,3,4,0,2,1,1,201100027583B01,7,9,1,243300316
201100027588,2011-05-29,2011,mai,dimanche,22:22,33,33063,0,0,2,2,6,5,1,4,1,02,1,1,0,67,1,4,1,4,2,49,0,3,4,0,2,0,6,201100027588A01,40,1,1,243300316
201100027591,2011-05-28,2011,mai,samedi,12:45,33,33063,0,0,2,2,6,1,1,4,1,01,1,1,0,0,1,0,1,3,1,29,0,3,9,0,2,1,1,201100027591B01,7,15,1,243300316
201100027608,2011-05-30,2011,mai,lundi,08:50,33,33318,0,0,2,3,3,1,1,4,1,01,1,1,0,34,1,0,1,3,2,25,0,3,2,0,0,8,15,201100027608A01,7,1,1,243300316
201100027611,2011-06-08,2011,juin,mercredi,12:15,33,33063,0,0,2,1,2,1,2,4,3,08,1,1,0,0,1,0,1,3,1,19,9,3,2,0,2,1,2,201100027611A01,7,2,1,243300316
201100027620,2011-06-09,2011,juin,jeudi,14:40,33,33063,0,0,2,4,3,1,1,4,2,03,1,1,0,0,1,0,1,3,2,55,0,3,9,0,2,0,1,201100027620A01,7,1,1,243300316
201100027623,2011-06-11,2011,juin,samedi,15:20,33,33063,0,0,2,1,3,1,1,4,3,04,1,1,0,0,1,0,1,4,1,27,0,3,2,0,0,3,16,201100027623B01,7,16,1,243300316
201100027636,2011-06-16,2011,juin,jeudi,09:05,33,33063,0,0,2,3,3,1,1,4,2,02,1,1,0,0,1,0,1,4,1,29,0,3,4,0,0,0,1,201100027636B01,30,15,1,243300316
201100027639,2011-06-13,2011,juin,lundi,14:45,33,33522,0,0,2,4,3,1,3,4,2,02,1,1,0,75,2,0,1,4,1,13,0,3,9,0,2,1,0,201100027639A01,7,1,1,243300316
201100027649,2011-06-17,2011,juin,vendredi,17:15,33,33063,0,0,2,4,3,1,1,4,2,02,1,1,0,0,1,0,1,4,2,37,0,3,2,0,2,0,1,201100027649B01,7,16,1,243300316
201100027651,2011-06-20,2011,juin,lundi,17:30,33,33063,0,0,2,2,3,1,1,4,2,03,1,1,0,0,1,0,1,1,1,33,0,3,2,0,2,1,1,201100027651B01,31,15,1,243300316
201100027652,2011-06-20,2011,juin,lundi,17:15,33,33063,0,0,2,3,1,1,1,4,2,02,1,1,0,0,1,0,1,4,1,54,0,3,4,0,0,0,1,201100027652B01,7,15,1,243300316
201100027653,2011-06-20,2011,juin,lundi,12:15,33,33063,0,0,2,5,3,1,1,4,-1,01,1,1,0,0,1,0,1,4,1,75,5,3,2,0,2,1,15,201100027653A01,7,17,1,243300316
201100027658,2011-06-20,2011,juin,lundi,20:35,33,33119,0,0,2,1,3,1,1,4,2,01,1,1,0,0,1,0,1,4,1,9,5,3,2,0,2,1,19,201100027658B01,7,1,1,243300316
201100027663,2011-06-22,2011,juin,mercredi,12:50,33,33063,0,0,2,1,6,2,1,4,3,03,1,1,0,0,1,0,1,4,1,32,5,3,2,0,0,3,1,201100027663A01,37,17,1,243300316
201100027684,2011-06-21,2011,juin,mardi,11:50,33,33522,0,0,2,3,3,1,1,4,-1,01,-1,-1,0,0,-1,0,0,4,1,27,0,3,2,0,2,4,1,201100027684B01,7,23,1,243300316
201100027691,2011-07-04,2011,juillet,lundi,17:30,33,33318,0,0,2,6,3,1,1,4,2,02,2,3,0,0,1,0,1,2,2,55,1,3,2,0,2,9,16,201100027691B01,17,16,1,243300316
201100027696,2011-07-06,2011,juillet,mercredi,12:20,33,33063,0,0,2,3,3,1,1,4,1,01,1,1,0,0,1,0,1,3,1,19,0,3,2,0,2,3,1,201100027696B01,7,1,1,243300316
201100027699,2011-07-06,2011,juillet,mercredi,07:50,33,33063,0,0,2,2,3,1,1,4,1,02,1,1,0,0,1,0,1,4,1,59,0,3,2,0,2,3,16,201100027699B01,7,16,1,243300316
201100027703,2011-07-01,2011,juillet,vendredi,08:10,33,33075,0,0,2,6,3,1,1,4,2,02,1,1,0,0,1,0,1,4,1,37,0,3,2,0,2,1,14,201100027703B01,7,16,1,243300316
201100027715,2011-07-08,2011,juillet,vendredi,07:20,33,33063,0,0,2,3,1,1,1,4,3,10,2,1,0,0,1,0,1,4,1,54,0,3,2,0,2,1,16,201100027715B01,2,15,1,243300316
201100027719,2011-07-14,2011,juillet,jeudi,10:00,33,33063,0,0,2,7,3,1,1,4,4,01,1,1,0,0,1,0,1,4,1,33,5,3,2,0,2,1,1,201100027719B01,7,1,1,243300316
201100027732,2011-07-21,2011,juillet,jeudi,19:10,33,33063,0,0,2,2,3,1,1,4,1,01,1,1,0,0,1,0,1,4,1,34,0,3,2,0,2,1,1,201100027732A01,7,1,1,243300316
201100027737,2011-07-22,2011,juillet,vendredi,12:10,33,33063,0,0,2,1,6,1,1,4,2,02,1,1,0,0,2,1,1,4,2,29,0,3,2,0,2,1,1,201100027737B01,10,22,1,243300316
201100027746,2011-07-23,2011,juillet,samedi,17:51,33,33522,0,0,2,6,3,1,1,4,3,04,1,1,0,0,2,0,1,4,1,22,5,3,2,0,2,9,9,201100027746A01,7,16,1,243300316
201100027748,2011-07-28,2011,juillet,jeudi,11:45,33,33063,0,0,2,3,3,1,1,4,2,03,1,1,0,0,1,0,1,4,2,47,0,3,2,0,2,4,0,201100027748A01,37,1,1,243300316
201100027755,2011-07-28,2011,juillet,jeudi,12:10,33,33318,0,0,2,1,3,1,1,4,2,02,1,1,0,0,1,0,1,4,2,27,0,3,2,0,2,1,1,201100027755A01,7,16,1,243300316
201100027762,2011-08-05,2011,août,vendredi,07:30,33,33063,0,0,2,7,3,2,2,4,3,04,1,2,0,0,1,4,1,4,1,62,4,3,2,0,0,0,19,201100027762B01,7,1,1,243300316
201100027783,2011-08-19,2011,août,vendredi,11:10,33,33063,0,0,2,3,3,1,1,4,1,01,1,1,0,0,1,0,0,4,2,18,1,3,9,0,2,1,5,201100027783B01,7,15,1,243300316
201100027784,2011-08-20,2011,août,samedi,00:30,33,33063,0,0,2,2,3,5,1,4,3,03,1,1,0,0,2,0,1,3,2,18,5,3,2,0,2,1,0,201100027784A01,7,0,1,243300316
201100027807,2011-08-28,2011,août,dimanche,20:05,33,33281,0,0,2,3,3,1,1,4,2,02,1,1,0,0,2,0,1,4,1,17,0,3,2,0,0,0,16,201100027807A01,7,1,1,243300316
201100027811,2011-08-31,2011,août,mercredi,17:30,33,33063,0,0,2,2,6,1,1,4,1,02,1,1,0,0,1,0,1,1,1,52,5,3,2,0,1,1,1,201100027811A01,,,,243300316
201100027845,2011-09-07,2011,septembre,mercredi,18:10,33,33318,0,0,2,3,3,1,2,4,2,01,1,1,0,0,1,1,1,4,1,20,5,3,2,0,2,1,1,201100027845B01,7,1,1,243300316
201100027849,2011-09-13,2011,septembre,mardi,18:50,33,33063,0,0,2,3,3,1,1,4,1,01,1,1,0,0,1,0,1,1,1,44,0,3,2,0,2,1,16,201100027849B01,1,0,1,243300316
201100027849,2011-09-13,2011,septembre,mardi,18:50,33,33063,0,0,2,3,3,1,1,4,1,01,1,1,0,0,1,0,1,4,2,23,0,3,2,0,0,8,0,201100027849A01,1,16,1,243300316
201100027852,2011-09-07,2011,septembre,mercredi,12:30,33,33318,0,0,2,6,3,1,1,4,2,02,1,3,0,0,1,0,1,4,1,49,1,3,2,0,2,1,1,201100027852B01,7,9,1,243300316
201100027854,2011-09-14,2011,septembre,mercredi,17:45,33,33063,0,0,2,4,3,1,1,4,2,03,1,-1,0,0,1,0,1,4,1,16,0,3,9,0,2,1,15,201100027854B01,7,1,1,243300316
201100027861,2011-09-12,2011,septembre,lundi,16:35,33,33039,0,0,2,1,3,1,1,4,3,02,1,3,0,0,1,0,1,4,2,40,5,3,2,0,0,0,1,201100027861B01,7,1,1,243300316
201100027862,2011-09-13,2011,septembre,mardi,14:45,33,33318,0,0,2,4,3,1,1,4,2,02,1,3,0,0,1,0,1,4,2,32,5,3,2,0,2,8,0,201100027862B01,7,0,1,243300316
201100027872,2011-09-20,2011,septembre,mardi,11:20,33,33063,0,0,2,3,3,1,2,4,3,04,1,1,0,0,1,0,1,4,1,19,0,3,2,0,2,3,1,201100027872B01,7,15,1,243300316
201100027873,2011-09-20,2011,septembre,mardi,14:50,33,33063,0,0,2,1,3,1,1,4,3,04,1,1,0,0,1,0,1,4,1,45,0,3,2,0,2,3,13,201100027873A01,37,1,1,243300316
201100027879,2011-09-15,2011,septembre,jeudi,08:35,33,33522,0,0,2,6,3,1,1,4,3,02,-1,-1,0,0,1,0,1,4,2,58,0,3,9,0,2,1,1,201100027879A01,7,0,1,243300316
201100027886,2011-09-22,2011,septembre,jeudi,18:45,33,33063,0,0,2,3,3,1,1,4,2,02,1,1,0,0,1,0,1,4,2,16,5,3,2,0,2,1,1,201100027886A01,7,15,1,243300316
201100027894,2011-09-23,2011,septembre,vendredi,10:15,33,33063,0,0,2,5,3,1,1,4,1,01,1,1,0,0,1,4,1,4,1,20,0,3,2,0,2,1,1,201100027894A01,10,1,1,243300316
201100027899,2011-09-26,2011,septembre,lundi,09:10,33,33063,0,0,2,5,3,1,1,4,1,02,1,1,0,0,1,0,1,4,2,36,0,3,2,0,0,8,19,201100027899A01,30,1,1,243300316
201100027903,2011-09-16,2011,septembre,vendredi,17:40,33,33522,0,0,2,3,3,1,1,4,2,02,-1,1,0,0,1,0,1,4,2,30,0,3,2,0,0,8,1,201100027903B01,7,1,1,243300316
201100027908,2011-09-26,2011,septembre,lundi,14:15,33,33039,0,0,2,4,3,1,1,4,2,02,1,2,0,0,1,0,1,3,1,23,0,3,2,0,0,1,15,201100027908A01,7,1,1,243300316
201100027909,2011-09-27,2011,septembre,mardi,12:00,33,33063,0,0,2,1,3,1,1,4,2,02,1,1,0,0,1,0,1,4,1,49,0,3,9,1,0,3,1,201100027909A01,7,24,1,243300316
201100027910,2011-09-29,2011,septembre,jeudi,18:13,33,33063,0,0,2,2,3,1,1,4,2,02,1,1,0,0,1,0,1,4,2,13,0,3,2,0,0,7,1,201100027910A01,7,1,1,243300316
201100027917,2011-09-30,2011,septembre,vendredi,07:55,33,33063,0,0,2,3,3,1,2,4,2,02,1,1,0,0,1,0,1,3,1,19,4,3,2,0,2,7,15,201100027917A01,33,1,1,243300316
201100027919,2011-09-28,2011,septembre,mercredi,15:45,33,33281,0,0,2,1,2,1,1,4,2,02,1,1,0,0,1,0,1,4,1,21,0,3,2,0,0,0,0,201100027919A01,10,0,1,243300316
201100027933,2011-10-02,2011,octobre,dimanche,16:20,33,33318,0,0,2,1,1,1,1,4,2,02,1,1,0,0,1,0,1,4,1,46,0,3,2,0,2,1,1,201100027933B01,7,15,1,243300316
201100027952,2011-10-07,2011,octobre,vendredi,13:50,33,33318,0,0,2,1,3,1,1,4,2,04,1,3,0,0,1,0,1,4,1,41,1,3,9,0,2,1,1,201100027952B01,7,16,1,243300316
201100027965,2011-10-12,2011,octobre,mercredi,13:40,33,33063,0,0,2,1,6,1,1,4,1,02,1,1,0,0,1,0,1,3,2,18,0,3,9,0,2,0,1,201100027965B01,7,22,1,243300316
201100027966,2011-10-13,2011,octobre,jeudi,13:15,33,33063,0,0,2,6,3,1,1,4,2,02,1,3,0,0,1,0,1,4,1,13,0,3,9,0,2,8,9,201100027966B01,7,9,1,243300316
201100027972,2011-10-14,2011,octobre,vendredi,15:45,33,33063,0,0,2,2,3,1,1,4,1,01,1,1,0,0,1,0,1,4,1,16,0,3,2,0,0,2,1,201100027972A01,7,1,1,243300316
201100027975,2011-10-11,2011,octobre,mardi,08:25,33,33039,0,0,2,3,3,1,1,4,-1,01,1,1,0,0,1,0,1,4,2,70,0,3,9,0,2,1,2,201100027975B01,7,16,1,243300316
201100027978,2011-10-17,2011,octobre,lundi,14:50,33,33063,0,0,2,1,3,1,1,4,4,01,1,1,0,0,1,0,1,4,2,66,5,3,2,0,2,0,3,201100027978B01,1,1,1,243300316
201100027978,2011-10-17,2011,octobre,lundi,14:50,33,33063,0,0,2,1,3,1,1,4,4,01,1,1,0,0,1,0,1,1,1,25,0,3,2,0,2,0,1,201100027978A01,1,3,1,243300316
201100027987,2011-10-13,2011,octobre,jeudi,08:10,33,33281,0,0,2,6,2,1,1,4,2,02,1,3,0,0,1,0,1,4,2,48,0,1,4,0,0,5,16,201100027987B01,7,14,1,243300316
201100027995,2011-10-13,2011,octobre,jeudi,18:43,33,33281,0,0,2,3,3,1,1,4,-1,01,-1,-1,0,0,-1,0,0,4,1,37,0,3,2,0,2,1,1,201100027995B01,7,15,1,243300316
201100027996,2011-10-21,2011,octobre,vendredi,06:50,33,33063,0,0,2,2,3,5,1,4,1,01,1,1,0,0,1,0,1,4,2,43,0,1,4,0,0,7,1,201100027996B01,7,1,1,243300316
201100027998,2011-10-21,2011,octobre,vendredi,10:20,33,33063,0,0,2,3,3,1,1,4,1,01,1,1,0,0,1,0,1,4,2,23,0,3,2,0,2,1,5,201100027998A01,7,16,1,243300316
201100028001,2011-10-24,2011,octobre,lundi,09:40,33,33063,0,0,2,5,3,1,1,4,3,04,1,1,0,0,1,0,1,3,2,27,4,3,2,0,2,9,1,201100028001B01,14,16,1,243300316
201100028017,2011-10-20,2011,octobre,jeudi,09:20,33,33281,0,0,2,6,3,1,1,4,2,02,1,2,0,0,1,0,1,3,1,31,1,1,2,0,0,9,1,201100028017B01,7,9,1,243300316
201100028021,2011-10-19,2011,octobre,mercredi,08:00,33,33318,0,0,2,1,7,5,1,4,2,02,1,-1,20,60,1,0,1,4,2,18,0,3,9,0,2,1,1,201100028021B01,7,1,1,243300316
201100028031,2011-10-30,2011,octobre,dimanche,06:00,33,33063,0,0,2,3,6,5,1,4,2,00,1,1,0,0,1,0,1,3,1,21,5,3,9,0,0,4,1,201100028031B01,7,2,1,243300316
201100028047,2011-10-30,2011,octobre,dimanche,17:15,33,33281,0,0,2,3,3,1,1,4,2,02,1,1,0,0,1,0,1,4,1,8,5,3,9,0,0,8,19,201100028047B01,7,20,1,243300316
201100028091,2011-11-10,2011,novembre,jeudi,16:50,33,33192,0,0,2,1,3,1,1,4,2,02,1,1,0,0,1,0,1,4,1,69,0,1,2,0,2,1,1,201100028091B01,7,23,1,243300316
201100028095,2011-11-17,2011,novembre,jeudi,07:50,33,33281,0,0,2,2,3,2,5,4,2,02,-1,1,0,0,1,0,1,4,1,17,0,2,2,0,2,1,1,201100028095B01,7,15,1,243300316
201100028098,2011-11-21,2011,novembre,lundi,08:30,33,33063,0,0,2,2,3,1,1,4,2,02,1,1,0,0,1,0,1,4,1,41,0,3,2,0,0,0,1,201100028098B01,7,16,1,243300316
201100028104,2011-11-22,2011,novembre,mardi,16:38,33,33063,0,0,2,9,3,1,1,4,2,00,1,1,0,0,1,0,1,4,1,38,0,3,9,0,2,0,1,201100028104A01,7,0,1,243300316
201100028106,2011-11-18,2011,novembre,vendredi,16:05,33,33069,0,0,2,2,3,2,1,4,2,02,1,1,0,0,1,0,1,4,1,79,5,3,2,0,2,1,16,201100028106B01,7,15,1,243300316
201100028108,2011-11-17,2011,novembre,jeudi,15:15,33,33281,0,0,2,1,3,1,1,4,1,02,1,1,0,0,1,4,1,4,1,19,0,3,9,0,0,0,19,201100028108A01,7,1,1,243300316
201100028121,2011-11-24,2011,novembre,jeudi,17:45,33,33281,0,0,2,3,3,5,1,4,2,02,1,1,0,0,1,0,1,4,1,50,0,2,2,0,2,1,21,201100028121A01,7,15,1,243300316
201100028123,2011-11-28,2011,novembre,lundi,10:00,33,33063,0,0,2,2,3,1,1,4,1,01,1,1,0,0,2,0,1,4,2,27,0,3,2,0,2,0,5,201100028123A01,7,1,1,243300316
201100028138,2011-11-30,2011,novembre,mercredi,18:05,33,33063,0,0,2,1,3,5,1,4,2,02,1,2,0,0,1,0,1,3,2,39,1,3,4,0,2,2,2,201100028138B01,30,2,1,243300316
201100028144,2011-11-23,2011,novembre,mercredi,14:15,33,33550,0,0,2,1,3,1,1,4,2,02,1,1,0,0,2,0,1,4,1,38,0,3,2,1,0,2,1,201100028144B01,7,24,1,243300316
201100028164,2011-12-01,2011,décembre,jeudi,07:50,33,33318,0,0,2,6,3,2,1,4,2,02,1,1,0,81,1,0,1,4,2,44,0,3,9,0,2,1,1,201100028164B01,7,9,1,243300316
201100028176,2011-12-08,2011,décembre,jeudi,21:50,33,33063,0,0,2,4,3,5,8,4,-1,01,-1,-1,0,0,-1,1,1,4,2,33,0,3,4,0,2,2,1,201100028176A01,10,1,1,243300316
201100028180,2011-12-11,2011,décembre,dimanche,05:30,33,33063,0,0,2,1,7,5,1,4,4,08,1,1,0,60,1,4,1,3,2,30,0,3,4,0,0,1,0,201100028180A01,,,,243300316
201100028197,2011-12-14,2011,décembre,mercredi,02:10,33,33039,0,0,2,2,6,5,2,4,-1,01,-1,-1,0,0,-1,0,0,4,1,30,0,3,9,1,0,1,15,201100028197A01,,,,243300316
201100028208,2011-12-16,2011,décembre,vendredi,21:30,33,33063,0,0,2,5,3,5,3,4,2,02,1,3,0,0,2,4,1,4,1,23,0,3,9,0,2,4,19,201100028208A01,7,16,1,243300316
201100028212,2011-12-19,2011,décembre,lundi,21:15,33,33063,0,0,2,2,3,5,1,4,2,02,1,1,0,0,2,0,1,3,2,31,0,3,4,0,0,0,1,201100028212A01,7,1,1,243300316
201100028230,2011-12-22,2011,décembre,jeudi,12:45,33,33522,0,0,2,6,3,1,1,4,2,01,1,1,0,0,1,4,1,4,2,27,0,3,9,0,2,1,16,201100028230B01,7,1,1,243300316
201100028233,2011-12-26,2011,décembre,lundi,15:00,33,33119,0,0,2,1,3,1,1,4,2,04,1,1,0,0,1,0,1,4,1,86,5,3,9,0,0,8,2,201100028233B01,7,2,1,243300316
201100028242,2011-08-06,2011,août,samedi,16:00,33,33243,0,0,2,7,3,1,2,4,3,01,-1,1,0,500,2,0,1,3,1,60,5,1,2,0,2,1,0,201100028242B01,10,9,1,200070092
201100028251,2011-06-09,2011,juin,jeudi,12:05,34,34003,43.29212,3.45928,2,1,6,1,1,4,2,02,1,1,0,52,1,0,1,4,2,79,5,2,9,0,0,8,0,201100028251B01,7,17,1,243400819
201100028265,2011-10-04,2011,octobre,mardi,08:35,34,34003,0,0,2,1,2,1,1,4,3,03,1,1,0,103,1,0,1,3,1,70,5,1,2,0,2,4,2,201100028265B01,7,1,1,243400819
201100028274,2011-12-15,2011,décembre,jeudi,10:40,34,34003,0,0,2,6,3,1,1,4,2,02,1,-1,0,0,1,0,1,4,1,38,5,2,9,0,2,1,1,201100028274B01,7,9,1,243400819
201100028280,2011-01-13,2011,janvier,jeudi,18:40,34,34032,43.35243,3.22456,2,1,7,2,1,9,-1,02,-1,-1,0,75,-1,0,0,4,2,47,0,3,9,0,0,0,0,201100028280B01,7,0,1,243400769
201100028294,2011-02-19,2011,février,samedi,17:50,34,34032,43.35311,3.22457,2,1,6,1,1,4,-1,02,-1,-1,0,75,-1,0,0,4,1,75,0,3,9,0,2,0,0,201100028294B01,7,1,1,243400769