Num_Acc,date,an,mois,jour,hrmn,dep,com,lat,long,agg,int,col,lum,atm,catr,circ,nbv,prof,plan,lartpc,larrout,surf,infra,situ,grav,sexe,age,trajet,secuexist,equipement,obs,obsm,choc,manv,vehiculeid,typevehicules,manoeuvehicules,numVehicules,_infos_commune.code_epci
201100030375,2011-03-15,2011,mars,mardi,18:30,38,38185,45.1895,5.729,2,1,6,1,1,4,2,02,1,1,0,0,1,0,1,1,2,68,5,1,2,0,1,1,1,201100030375A01,,,,200040715
201100030378,2011-03-21,2011,mars,lundi,18:00,38,38185,45.2054,5.70045,2,6,3,1,1,3,2,02,1,1,0,0,1,2,1,3,1,35,1,1,2,0,2,1,1,201100030378B01,7,16,1,200040715
201100030381,2011-03-23,2011,mars,mercredi,15:10,38,38185,45.1884,5.71448,2,3,6,1,1,4,1,01,-1,-1,0,0,1,0,0,4,2,35,1,2,2,0,4,7,16,201100030381B01,40,1,1,200040715
201100030382,2011-03-25,2011,mars,vendredi,09:00,38,38169,45.19,5.69148,2,2,6,1,1,4,2,02,1,1,0,120,1,0,1,3,2,42,1,2,2,0,2,8,2,201100030382B01,1,1,1,200040715
201100030382,2011-03-25,2011,mars,vendredi,09:00,38,38169,45.19,5.69148,2,2,6,1,1,4,2,02,1,1,0,120,1,0,1,1,1,33,0,2,9,0,2,7,1,201100030382A01,1,2,1,200040715
201100030391,2011-04-18,2011,avril,lundi,18:30,38,38151,45.147,5.73245,2,1,6,1,1,3,2,02,1,1,0,0,1,0,5,4,1,55,1,3,2,0,2,1,1,201100030391B01,7,16,1,200040715
201100030393,2011-04-21,2011,avril,jeudi,18:35,38,38185,45.1887,5.72582,2,2,3,1,1,3,2,03,1,1,0,103,1,0,1,4,1,31,1,2,2,0,2,1,1,201100030393B01,33,1,1,200040715
201100030405,2011-05-15,2011,mai,dimanche,11:15,38,38169,45.1936,5.68724,2,2,3,1,1,4,2,02,1,1,0,100,1,0,1,3,2,68,5,1,2,0,2,1,1,201100030405B01,7,1,1,200040715
201100030410,2011-05-28,2011,mai,samedi,16:30,38,38151,45.1513,5.70665,2,3,6,1,1,2,3,04,1,1,34,170,1,0,1,4,1,48,5,1,2,0,2,1,1,201100030410B01,7,15,1,200040715
201100030413,2011-06-08,2011,juin,mercredi,07:00,38,38185,0,0,2,2,6,1,2,4,2,03,1,1,0,95,2,0,1,4,2,33,1,2,2,0,2,8,1,201100030413B01,7,15,1,200040715
201100030416,2011-06-17,2011,juin,vendredi,13:40,38,38185,0,0,2,2,6,1,1,4,2,02,1,1,0,68,1,0,1,4,1,31,5,2,2,0,2,8,1,201100030416B01,10,16,1,200040715
201100030425,2011-06-27,2011,juin,lundi,18:50,38,38185,0,0,2,1,3,1,1,4,1,01,1,1,0,30,1,0,1,4,2,60,1,2,2,0,2,7,0,201100030425B01,7,15,1,200040715
201100030430,2011-06-30,2011,juin,jeudi,16:00,38,38516,0,0,2,1,6,1,1,4,2,03,1,1,0,0,1,0,1,4,1,21,1,1,2,0,2,1,19,201100030430B01,7,1,1,200040715
201100030432,2011-07-02,2011,juillet,samedi,10:00,38,38185,0,0,2,2,3,1,1,4,2,02,1,1,0,0,1,0,1,4,1,82,5,2,2,0,2,2,1,201100030432B01,7,15,1,200040715
201100030437,2011-07-22,2011,juillet,vendredi,23:25,38,38185,0,0,2,1,6,5,1,4,1,01,1,1,0,0,1,0,1,4,1,20,0,2,2,0,2,8,19,201100030437A01,7,1,1,200040715
201100030444,2011-08-15,2011,août,lundi,08:30,38,38185,0,0,2,2,3,1,1,4,2,02,1,1,0,126,1,0,1,4,1,38,9,2,2,0,2,7,1,201100030444B01,7,1,1,200040715
201100030454,2011-09-09,2011,septembre,vendredi,10:45,38,38185,0,0,2,1,6,1,1,4,2,03,1,1,0,0,1,0,1,4,2,29,1,2,2,1,0,1,1,201100030454B01,7,22,1,200040715
201100030456,2011-09-09,2011,septembre,vendredi,12:25,38,38126,0,0,1,1,6,1,1,4,2,02,3,3,0,0,1,0,1,4,2,52,5,3,2,0,2,3,15,201100030456B01,33,17,1,200040715
201100030461,2011-09-16,2011,septembre,vendredi,12:00,38,38185,0,0,2,1,6,1,1,4,2,02,1,1,0,98,1,0,1,4,2,22,5,3,9,0,2,1,1,201100030461B01,7,1,1,200040715
201100030464,2011-09-22,2011,septembre,jeudi,19:55,38,38516,0,0,2,1,2,5,1,4,2,04,1,1,0,100,1,0,1,3,1,54,1,1,2,0,2,8,2,201100030464B01,30,2,1,200040715
201100030467,2011-10-03,2011,octobre,lundi,19:00,38,38185,0,0,2,2,3,1,1,4,1,02,1,1,0,100,1,0,1,4,2,55,5,3,9,0,2,8,1,201100030467B01,7,15,1,200040715
201100030472,2011-10-07,2011,octobre,vendredi,15:20,38,38185,0,0,2,2,3,1,1,4,2,03,1,1,0,0,1,0,1,4,1,63,5,1,2,0,2,1,1,201100030472A01,37,1,1,200040715
201100030473,2011-10-11,2011,octobre,mardi,10:15,38,38151,0,0,2,1,6,1,1,4,2,02,1,1,0,0,1,0,1,4,1,13,2,1,9,0,2,1,16,201100030473B01,7,1,1,200040715
201100030474,2011-10-17,2011,octobre,lundi,14:25,38,38185,0,0,2,1,6,1,1,4,4,02,1,1,0,0,1,6,1,1,1,15,5,2,2,0,1,1,0,201100030474A01,,,,200040715
201100030474,2011-10-17,2011,octobre,lundi,14:25,38,38185,0,0,2,1,6,1,1,4,4,02,1,1,0,0,1,6,1,3,2,82,5,3,9,0,1,1,0,201100030474A01,,,,200040715
201100030476,2011-10-26,2011,octobre,mercredi,10:10,38,38185,45.162,5.71591,2,1,3,1,1,3,3,04,1,1,0,0,1,0,1,2,2,17,5,2,9,0,2,1,1,201100030476B01,14,16,1,200040715
201100030486,2011-11-18,2011,novembre,vendredi,15:50,38,38185,0,0,2,2,3,1,1,4,1,03,1,1,0,110,1,0,1,4,1,39,5,3,9,0,2,1,1,201100030486A01,7,15,1,200040715
201100030489,2011-11-21,2011,novembre,lundi,13:50,38,38185,0,0,2,2,3,1,1,4,2,02,1,1,0,220,1,0,1,4,2,22,2,3,9,0,2,7,1,201100030489B01,7,15,1,200040715
201100030492,2011-11-23,2011,novembre,mercredi,08:20,38,38185,0,0,2,2,3,1,1,4,2,02,1,1,0,0,1,0,1,4,2,26,5,2,2,0,2,1,1,201100030492B01,7,16,1,200040715
201100030505,2011-12-09,2011,décembre,vendredi,17:05,38,38185,0,0,2,3,3,2,1,4,2,02,1,1,0,70,1,0,1,4,1,73,5,3,9,0,2,1,1,201100030505B01,7,15,1,200040715
201100030514,2011-12-21,2011,décembre,mercredi,16:15,38,38185,0,0,2,2,3,1,2,4,2,02,1,1,0,0,2,0,1,4,1,87,5,3,9,0,2,7,1,201100030514B01,7,1,1,200040715
201100030518,2011-12-24,2011,décembre,samedi,19:00,38,38185,0,0,2,1,6,5,1,4,2,02,1,1,0,0,1,0,1,4,2,60,9,3,9,0,2,1,1,201100030518B01,10,22,1,200040715
201100030559,2011-05-08,2011,mai,dimanche,18:10,39,39198,0,0,2,9,3,1,1,4,4,01,1,2,0,130,1,5,5,3,1,47,5,3,2,0,2,8,1,201100030559B01,7,16,1,200010650
201100030563,2011-10-11,2011,octobre,mardi,07:40,39,39198,0,0,2,1,3,2,8,4,2,01,2,1,0,79,1,0,1,3,2,42,1,2,2,0,2,1,1,201100030563B01,7,15,1,200010650
201100030601,2011-03-25,2011,mars,vendredi,17:00,40,40192,0,0,2,3,3,1,1,4,2,02,1,1,0,0,1,0,5,3,1,41,1,1,2,0,2,1,19,201100030601A01,7,9,1,244000808
201100030607,2011-08-09,2011,août,mardi,14:23,40,40192,0,0,2,1,3,1,1,3,2,02,1,1,0,0,1,0,5,3,2,56,1,3,9,1,0,1,1,201100030607B01,7,22,1,244000808
201100030618,2011-11-21,2011,novembre,lundi,11:50,40,40192,0,0,2,1,3,1,1,6,-1,00,1,1,0,60,1,0,4,3,2,73,5,2,9,0,2,1,1,201100030618B02,7,20,1,244000808
201100030644,2011-03-03,2011,mars,jeudi,14:25,41,41018,0,0,2,3,3,1,1,4,2,02,1,2,0,0,1,0,1,4,1,68,5,3,9,0,2,1,1,201100030644B01,7,9,1,200030385
201100030668,2011-05-19,2011,mai,jeudi,16:05,41,41018,0,0,1,1,3,1,1,4,1,02,1,3,0,0,1,0,1,4,1,41,9,1,4,0,2,1,1,201100030668B01,7,1,1,200030385
201100030681,2011-06-30,2011,juin,jeudi,12:15,41,41018,0,0,2,3,3,1,1,4,2,02,1,1,0,0,1,0,1,4,1,49,1,1,9,0,2,1,2,201100030681B01,10,15,1,200030385
201100030683,2011-07-04,2011,juillet,lundi,10:00,41,41212,47.5677,1.36335,2,1,3,1,1,3,2,02,1,1,0,70,1,0,1,4,1,47,1,1,2,0,2,1,1,201100030683B01,7,15,1,200030385
201100030687,2011-07-13,2011,juillet,mercredi,15:15,41,41018,0,0,2,3,3,1,1,4,2,02,1,1,0,0,1,0,1,4,1,21,9,3,9,0,2,8,15,201100030687B01,7,1,1,200030385
201100030696,2011-07-28,2011,juillet,jeudi,08:20,41,41018,47.6111,1.33826,2,6,3,1,1,3,3,04,1,2,0,0,1,0,1,3,1,47,1,1,2,0,2,7,1,201100030696B01,10,9,1,200030385
201100030706,2011-08-25,2011,août,jeudi,13:00,41,41018,0,0,2,1,3,1,1,4,2,02,1,2,0,0,1,0,1,4,1,10,5,2,2,0,0,7,1,201100030706B01,7,1,1,200030385
201100030717,2011-09-27,2011,septembre,mardi,11:26,41,41018,0,0,1,1,6,1,1,9,2,02,1,3,0,0,1,2,5,4,1,37,5,1,2,0,2,4,1,201100030717B01,2,1,1,200030385
201100030721,2011-10-04,2011,octobre,mardi,08:05,41,41212,47.5725,1.35614,2,1,3,1,1,3,2,03,4,1,0,0,1,0,1,4,1,17,1,1,4,0,2,3,2,201100030721B01,10,15,1,200030385
201100030723,2011-10-05,2011,octobre,mercredi,14:05,41,41018,47.5804,1.34452,2,1,2,1,1,3,2,02,1,1,0,0,1,0,1,4,1,16,9,1,2,0,2,1,1,201100030723B01,7,16,1,200030385
201100030726,2011-10-18,2011,octobre,mardi,08:40,41,41018,0,0,2,1,7,1,1,4,2,02,1,1,0,0,1,0,1,3,2,54,9,3,9,12,0,1,1,201100030726A01,,,,200030385
201100030737,2011-10-31,2011,octobre,lundi,22:10,41,41018,0,0,2,1,3,5,1,4,2,02,1,1,0,0,1,0,1,4,1,44,9,1,2,0,2,1,11,201100030737A01,7,2,1,200030385
201100030744,2011-11-14,2011,novembre,lundi,13:40,41,41018,0,0,2,1,3,1,1,4,1,01,1,1,0,0,1,0,5,3,1,70,5,1,2,0,2,1,2,201100030744B01,7,15,1,200030385
201100030750,2011-11-18,2011,novembre,vendredi,07:52,41,41018,0,0,2,3,3,1,1,4,2,02,1,1,0,0,1,0,1,4,1,18,2,1,9,0,2,1,1,201100030750B01,7,15,1,200030385
201100030763,2011-12-22,2011,décembre,jeudi,09:30,41,41047,0,0,2,1,3,1,1,4,1,01,1,2,0,0,2,0,1,4,2,58,5,3,9,0,2,1,2,201100030763B01,7,2,1,200030385
201100030770,2011-07-02,2011,juillet,samedi,10:55,41,41194,0,0,2,1,3,1,1,4,1,01,1,1,0,55,1,0,1,3,1,82,3,3,9,1,0,1,1,201100030770B01,7,22,1,200018406
201100030780,2011-04-09,2011,avril,samedi,11:50,41,41158,47.7934,1.04438,2,1,3,1,1,3,2,02,1,1,0,63,1,0,1,4,1,64,5,1,2,0,2,8,1,201100030780A01,7,1,1,200072072
201100030804,2011-12-14,2011,décembre,mercredi,15:50,41,41003,0,0,2,1,6,1,1,4,2,02,1,1,0,54,1,0,1,3,1,16,2,3,9,1,0,1,1,201100030804A01,,,,200072072
201100030809,2011-01-17,2011,janvier,lundi,14:55,42,42316,45.40892,4.251,1,1,6,1,1,3,2,02,1,1,0,60,1,0,1,4,1,51,5,1,2,0,2,9,1,201100030809B01,14,17,1,244200770
201100030818,2011-03-25,2011,mars,vendredi,15:10,42,42183,45.40047,4.3542,2,1,3,1,1,3,2,02,2,1,0,70,1,0,1,4,1,58,5,3,9,0,2,1,0,201100030818B01,7,15,1,244200770
201100030819,2011-04-17,2011,avril,dimanche,13:15,42,42316,45.39515,4.26312,1,2,3,1,1,3,-1,02,1,-1,0,0,1,1,1,4,1,47,5,3,9,0,2,1,0,201100030819B01,7,0,1,244200770
201100030829,2011-06-25,2011,juin,samedi,10:15,42,42031,45.42477,4.2405,1,1,5,1,1,3,2,02,2,3,0,56,1,0,1,4,1,76,5,2,9,0,2,1,1,201100030829C01,10 / 33 / 7,1 / 21 / 16,3,244200770
201100030832,2011-06-27,2011,juin,lundi,19:40,42,42270,45.39635,4.23526,1,1,2,1,1,3,2,02,2,1,0,60,1,0,1,4,1,32,5,2,9,0,2,4,1,201100030832B01,7,17,1,244200770
201100030843,2011-09-11,2011,septembre,dimanche,08:50,42,42183,45.40493,4.36933,2,3,3,1,1,3,2,02,2,1,0,0,1,0,1,4,1,57,5,3,9,0,2,8,0,201100030843B01,7,9,1,244200770
201100030871,2011-05-05,2011,mai,jeudi,21:30,42,42259,45.53878,4.59487,1,1,1,5,1,3,2,02,2,2,0,63,1,0,1,3,1,19,5,3,9,0,2,1,13,201100030871A01,7,1,1,244200770
201100030874,2011-09-07,2011,septembre,mercredi,11:55,42,42103,45.50379,4.56902,2,1,6,1,1,3,2,02,1,3,50,45,1,0,0,3,2,52,5,1,2,0,2,0,0,201100030874B01,7,17,1,244200770
201100030880,2011-01-05,2011,janvier,mercredi,08:45,42,42187,46.03002,4.06651,2,2,3,1,1,4,2,02,4,1,0,100,1,0,1,4,1,18,2,3,9,0,2,4,1,201100030880B01,7,15,1,200035731
201100030881,2011-01-07,2011,janvier,vendredi,20:00,42,42187,46.03992,4.08277,2,1,6,5,1,4,2,,1,1,0,48,1,0,1,3,1,51,1,3,9,1,0,1,1,201100030881B01,7,22,1,200035731
201100030921,2011-04-13,2011,avril,mercredi,17:15,42,42187,46.04714,4.08359,2,1,3,1,1,4,2,02,1,1,0,78,1,0,1,3,1,7,5,3,9,0,2,0,19,201100030921A01,7,1,1,200035731
201100030924,2011-04-28,2011,avril,jeudi,15:55,42,42187,46.03324,4.0716,2,1,3,1,1,4,2,00,1,3,0,82,1,0,1,3,1,94,5,3,9,0,2,8,1,201100030924B01,37,1,1,200035731
201100030927,2011-04-20,2011,avril,mercredi,14:05,42,42187,46.04354,4.0739,2,3,5,1,1,4,2,02,1,1,0,71,1,0,1,4,1,23,1,3,9,14,2,8,1,201100030927B01,7,23 / 15,2,200035731
201100030930,2011-05-31,2011,mai,mardi,12:20,42,42127,46.05149,4.06613,2,1,1,1,3,4,2,02,1,1,21,76,2,0,1,4,1,13,2,2,9,0,2,8,19,201100030930B01,7,1,1,200035731
201100030933,2011-06-10,2011,juin,vendredi,10:30,42,42127,46.05612,4.07319,2,1,2,1,1,4,2,02,1,3,0,81,1,0,1,3,1,67,5,3,9,0,2,1,1,201100030933B01,7,15,1,200035731
201100030937,2011-07-11,2011,juillet,lundi,19:45,42,42187,46.03237,4.06135,2,1,3,1,1,4,2,02,1,1,0,100,1,0,1,4,1,46,5,1,2,0,2,3,1,201100030937B01,7,15,1,200035731
201100030941,2011-05-15,2011,mai,dimanche,09:12,42,42127,46.0865,4.0641,1,6,2,1,1,2,-1,00,1,-1,0,77,1,0,1,4,1,62,5,1,2,0,2,4,2,201100030941B01,7,2,1,200035731
201100030951,2011-06-27,2011,juin,lundi,12:50,42,42127,46.05958,4.07339,2,3,3,1,1,4,2,02,1,1,0,60,1,0,1,4,1,16,5,2,9,0,2,1,9,201100030951B01,7,1,1,200035731
201100030974,2011-08-30,2011,août,mardi,15:05,42,42170,46.03477,4.10275,1,6,3,1,1,3,2,02,1,1,0,110,1,0,1,4,2,40,5,1,2,0,2,1,1,201100030974B01,7,16,1,200035731
201100030976,2011-09-10,2011,septembre,samedi,22:00,42,42187,46.04306,4.07368,2,2,1,5,1,3,2,02,1,1,0,86,1,0,1,4,1,20,5,1,2,0,2,1,15,201100030976A01,7,1,1,200035731
201100030977,2011-09-14,2011,septembre,mercredi,12:15,42,42187,46.04271,4.06663,2,3,5,1,1,4,2,02,1,1,0,78,1,0,1,1,1,41,5,1,2,0,2,1,1,201100030977B01,30 / 7,17 / 23,2,200035731
201100030992,2011-10-27,2011,octobre,jeudi,15:20,42,42187,46.042,4.07627,2,3,3,1,1,4,2,02,1,1,0,140,1,0,1,3,2,73,5,1,2,0,2,1,15,201100030992B01,7,1,1,200035731
201100030995,2011-09-22,2011,septembre,jeudi,19:08,42,42184,46.05955,4.0499,2,6,3,1,1,4,2,02,1,-1,157,75,1,0,1,3,1,84,9,1,2,0,2,4,9,201100030995A01,7,1,1,200035731
201100030998,2011-11-14,2011,novembre,lundi,08:20,42,42187,46.03265,4.07985,2,1,6,1,1,4,2,04,1,1,0,118,1,2,1,3,1,64,5,1,9,0,2,4,2,201100030998B01,7,2,1,200035731
201100031018,2011-11-24,2011,novembre,jeudi,12:30,42,42071,46.02462,4.08699,2,1,2,1,1,4,2,02,1,1,0,80,1,0,1,3,1,13,2,1,4,0,2,1,2,201100031018A01,10,2,1,200035731
201100031067,2011-01-28,2011,janvier,vendredi,18:48,42,42218,45.46621,4.39891,2,2,3,5,1,4,2,02,2,1,0,60,1,0,1,4,1,41,3,1,2,0,2,1,1,201100031067B01,7,15,1,244200770
201100031093,2011-03-06,2011,mars,dimanche,17:20,42,42305,45.47384,4.43948,1,1,3,1,1,4,-1,02,1,1,0,60,1,0,0,4,1,12,0,1,2,0,2,1,1,201100031093B01,7,0,1,244200770
201100031164,2011-05-20,2011,mai,vendredi,13:20,42,42218,45.42022,4.41163,2,6,3,1,1,4,2,02,2,1,0,60,1,0,1,4,1,21,2,2,2,0,2,1,9,201100031164A01,7,1,1,244200770
201100031181,2011-06-12,2011,juin,dimanche,19:05,42,42218,45.44406,4.41409,2,4,3,1,1,4,-1,02,1,1,0,0,-1,0,1,4,1,8,0,3,9,0,2,1,0,201100031181B01,7,1,1,244200770
201100031199,2011-06-23,2011,juin,jeudi,15:25,42,42218,45.44035,4.40073,2,1,3,1,1,4,2,02,1,1,0,133,1,0,1,4,2,30,1,3,9,0,2,0,0,201100031199A01,7,1,1,244200770
201100031213,2011-07-07,2011,juillet,jeudi,17:55,42,42218,45.4515,4.38836,2,3,3,1,1,4,2,02,1,1,0,0,1,0,1,4,1,41,0,3,9,0,2,1,1,201100031213A01,7,15,1,244200770
201100031219,2011-07-14,2011,juillet,jeudi,11:44,42,42218,45.43917,4.38442,2,2,3,1,1,4,1,01,1,1,0,30,1,5,1,4,1,35,5,1,9,0,2,7,1,201100031219A01,7,1,1,244200770
201100031227,2011-07-25,2011,juillet,lundi,14:00,42,42218,45.43228,4.38916,2,1,7,1,2,4,1,01,1,1,0,80,2,4,1,4,1,38,1,1,9,14,0,1,1,201100031227A01,,,,244200770
201100031231,2011-07-30,2011,juillet,samedi,21:38,42,42218,45.46734,4.40884,2,2,1,2,1,4,2,02,1,1,0,0,1,0,1,4,1,15,0,3,9,0,2,0,13,201100031231A01,7,1,1,244200770
201100031233,2011-07-31,2011,juillet,dimanche,15:05,42,42218,45.44104,4.37409,2,3,6,1,1,4,3,03,1,1,0,0,1,0,1,3,1,43,5,3,9,0,2,4,9,201100031233B01,7,1,1,244200770
201100031248,2011-09-09,2011,septembre,vendredi,09:39,42,42218,45.44728,4.38622,2,2,3,1,1,4,1,02,1,1,0,60,1,5,1,4,1,55,1,1,2,0,2,1,1,201100031248B01,7,15,1,244200770
201100031253,2011-09-16,2011,septembre,vendredi,12:20,42,42218,45.4336,4.39527,2,1,3,1,1,4,2,04,1,1,0,120,1,0,1,4,1,73,0,3,2,0,2,1,1,201100031253B01,7,16,1,244200770
201100031280,2011-11-14,2011,novembre,lundi,12:40,42,42218,45.43641,4.41885,2,6,3,1,1,4,2,02,1,1,0,0,-1,0,0,4,1,52,5,3,2,0,2,0,1,201100031280B01,7,0,1,244200770
201100031282,2011-10-20,2011,octobre,jeudi,07:30,42,42218,45.45663,4.38217,2,1,2,5,1,4,3,04,1,1,0,0,1,0,1,2,1,29,1,2,9,0,2,4,2,201100031282B01,7,2,1,244200770
201100031344,2011-09-01,2011,septembre,jeudi,18:35,43,43157,0,0,2,1,1,1,1,4,2,02,2,1,0,81,1,0,1,4,1,36,1,2,2,0,2,1,1,201100031344B01,7,5,1,200073419
201100031360,2011-03-13,2011,mars,dimanche,10:55,44,44055,0,0,2,3,3,1,2,4,1,02,1,1,0,0,2,0,5,4,1,38,5,3,9,0,2,2,1,201100031360A01,7,16,1,244400610
201100031364,2011-03-22,2011,mars,mardi,11:00,44,44135,0,0,2,2,3,1,1,4,1,01,1,1,0,66,1,5,1,3,2,53,4,2,9,0,2,7,1,201100031364B01,7,1,1,244400610
201100031366,2011-04-12,2011,avril,mardi,08:10,44,44132,0,0,2,2,3,1,1,4,2,02,1,1,0,0,1,0,1,4,2,15,2,1,2,0,2,8,1,201100031366B01,7,19,1,244400644
201100031369,2011-04-16,2011,avril,samedi,19:25,44,44055,0,0,2,1,3,1,1,4,1,01,1,1,0,0,1,0,1,4,1,83,5,1,9,0,2,7,5,201100031369A01,7,0,1,244400610
201100031374,2011-05-18,2011,mai,mercredi,17:15,44,44132,0,0,2,1,3,1,1,6,-1,00,1,1,0,0,1,0,0,4,2,12,5,3,9,0,2,1,1,201100031374B01,7,1,1,244400644
201100031378,2011-06-14,2011,juin,mardi,11:25,44,44055,0,0,2,1,3,1,1,4,1,01,1,1,0,0,1,0,1,4,1,73,5,1,2,1,0,7,14,201100031378B01,7,22,1,244400610
201100031381,2011-07-01,2011,juillet,vendredi,12:55,44,44135,0,0,2,2,3,1,1,4,1,01,1,1,0,0,1,0,1,4,2,15,5,1,2,0,2,8,16,201100031381A01,7,1,1,244400610
201100031382,2011-07-02,2011,juillet,samedi,16:00,44,44135,0,0,2,9,2,1,1,4,3,02,1,1,0,0,1,0,1,4,2,85,3,1,9,0,2,4,2,201100031382B01,7,2,1,244400610
201100031385,2011-07-10,2011,juillet,dimanche,11:55,44,44135,0,0,2,9,3,1,1,9,3,02,1,1,0,0,1,0,1,4,1,62,5,3,9,0,2,8,2,201100031385B01,7,2,1,244400610
201100031390,2011-07-22,2011,juillet,vendredi,11:50,44,44132,0,0,2,1,3,1,1,4,1,01,1,1,0,0,1,0,1,3,1,76,5,2,2,1,0,7,5,201100031390B01,7,1,1,244400644
201100031391,2011-07-24,2011,juillet,dimanche,17:15,44,44132,0,0,2,6,3,1,1,4,3,01,1,1,45,172,1,5,1,4,1,48,5,2,2,0,0,5,1,201100031391B01,7,9,1,244400644
201100031395,2011-08-13,2011,août,samedi,15:45,44,44055,0,0,2,6,3,1,2,4,2,02,1,1,0,60,2,0,1,4,1,42,5,2,2,0,2,1,1,201100031395B01,7,9,1,244400610
201100031396,2011-08-14,2011,août,dimanche,11:25,44,44135,0,0,2,1,6,1,1,4,2,02,1,1,0,0,1,0,5,3,1,63,5,1,2,0,2,1,1,201100031396B01,1,1,2,244400610
201100031396,2011-08-14,2011,août,dimanche,11:25,44,44135,0,0,2,1,6,1,1,4,2,02,1,1,0,0,1,0,5,1,1,63,5,1,2,0,2,1,1,201100031396C01,1,1,2,244400610
201100031396,2011-08-14,2011,août,dimanche,11:25,44,44135,0,0,2,1,6,1,1,4,2,02,1,1,0,0,1,0,5,4,1,42,5,1,2,0,2,1,1,201100031396A01,1,1,2,244400610
201100031409,2011-09-30,2011,septembre,vendredi,22:55,44,44135,0,0,2,1,2,3,1,4,2,02,1,1,0,0,1,0,1,4,1,24,5,2,4,0,2,4,2,201100031409A01,32,2,1,244400610
201100031411,2011-10-11,2011,octobre,mardi,18:40,44,44055,0,0,2,1,2,1,1,4,1,01,1,-1,0,0,1,0,1,4,1,29,5,1,2,0,2,1,2,201100031411A01,7,2,1,244400610
201100031418,2011-11-11,2011,novembre,vendredi,09:45,44,44135,0,0,2,6,3,1,8,4,1,01,-1,-1,0,0,2,5,1,3,1,56,5,1,2,0,0,8,2,201100031418B01,7,2,1,244400610
201100031437,2011-01-18,2011,janvier,mardi,14:39,44,44109,0,0,2,1,3,1,1,4,2,02,1,1,0,60,1,0,5,3,1,21,5,1,4,0,2,0,0,201100031437B01,7,20,1,244400404
201100031456,2011-02-04,2011,février,vendredi,08:15,44,44143,0,0,2,6,3,2,1,4,2,02,1,2,0,0,1,5,1,4,1,15,2,3,4,0,2,1,1,201100031456B01,7,9,1,244400404
201100031468,2011-02-18,2011,février,vendredi,10:30,44,44109,0,0,2,3,6,1,1,4,2,02,1,3,0,0,1,0,1,4,2,76,0,3,9,0,0,0,0,201100031468A01,7,0,1,244400404
201100031487,2011-03-03,2011,mars,jeudi,08:50,44,44114,0,0,2,1,6,1,1,4,2,01,3,2,0,0,1,0,1,4,1,26,0,3,9,0,2,1,0,201100031487B01,7,9,1,244400404
201100031489,2011-03-18,2011,mars,vendredi,10:10,44,44109,0,0,2,2,3,1,1,4,2,02,2,1,0,0,1,0,1,3,1,54,5,3,9,0,2,1,1,201100031489B01,7,15,1,244400404
201100031490,2011-03-21,2011,mars,lundi,12:50,44,44109,0,0,2,9,3,1,1,4,-1,01,2,1,0,0,1,0,1,4,1,21,5,1,2,0,2,6,9,201100031490A01,33,1,1,244400404
201100031500,2011-03-23,2011,mars,mercredi,17:00,44,44109,0,0,2,1,3,1,1,4,2,00,1,-1,0,58,1,0,0,3,1,24,5,3,9,0,2,2,1,201100031500B01,7,9,1,244400404
201100031503,2011-03-28,2011,mars,lundi,15:08,44,44109,0,0,2,1,3,1,1,4,2,04,3,1,0,0,1,0,1,3,1,64,1,3,2,0,2,6,11,201100031503A01,7,1,1,244400404
201100031504,2011-03-24,2011,mars,jeudi,08:30,44,44109,0,0,2,1,3,1,2,4,-1,02,1,2,0,0,1,5,1,3,2,54,1,3,9,0,2,8,15,201100031504B01,7,0,1,244400404
201100031507,2011-03-30,2011,mars,mercredi,04:40,44,44109,0,0,2,6,3,5,1,4,2,02,1,3,0,0,1,0,1,4,1,40,0,2,4,0,0,7,1,201100031507B01,7,9,1,244400404
201100031512,2011-03-18,2011,mars,vendredi,18:00,44,44109,0,0,2,1,2,1,1,4,-1,00,-1,-1,0,0,-1,0,1,3,1,35,0,3,9,0,2,4,0,201100031512B01,99,0,1,244400404
201100031529,2011-04-22,2011,avril,vendredi,18:00,44,44109,0,0,2,1,3,1,1,4,2,00,1,1,0,60,1,0,5,4,2,27,0,1,9,0,2,3,2,201100031529B01,99,0,1,244400404
201100031545,2011-05-10,2011,mai,mardi,10:10,44,44109,0,0,2,6,3,1,1,4,2,02,1,3,0,144,1,0,1,3,2,59,0,2,2,0,2,8,9,201100031545B01,15,16,1,244400404
201100031557,2011-05-23,2011,mai,lundi,07:40,44,44143,0,0,2,2,6,1,1,4,2,02,1,1,0,0,1,0,1,4,1,57,1,1,9,0,2,1,1,201100031557B01,10,1,1,244400404
201100031559,2011-05-24,2011,mai,mardi,19:15,44,44190,0,0,2,3,6,1,1,4,2,02,1,1,0,80,1,0,1,3,1,42,5,1,2,0,2,1,1,201100031559B01,7,15,1,244400404
201100031560,2011-05-25,2011,mai,mercredi,11:00,44,44109,0,0,2,1,3,1,1,4,2,02,1,2,0,0,1,0,0,4,2,50,1,2,2,0,2,3,9,201100031560B01,7,0,1,244400404
201100031562,2011-05-26,2011,mai,jeudi,13:05,44,44143,0,0,1,3,6,5,1,4,2,02,2,3,0,0,1,5,1,4,2,30,0,3,4,0,2,3,1,201100031562B01,7,16,1,244400404
201100031589,2011-06-14,2011,juin,mardi,10:00,44,44109,0,0,2,1,2,1,1,4,3,02,1,1,62,285,1,4,1,4,1,14,2,3,4,0,2,4,13,201100031589B01,7,17,1,244400404