Num_Acc,date,an,mois,jour,hrmn,dep,com,lat,long,agg,int,col,lum,atm,catr,circ,nbv,prof,plan,lartpc,larrout,surf,infra,situ,grav,sexe,age,trajet,secuexist,equipement,obs,obsm,choc,manv,vehiculeid,typevehicules,manoeuvehicules,numVehicules,_infos_commune.code_epci
201100031596,2011-06-21,2011,juin,mardi,18:53,44,44109,0,0,2,7,3,1,2,4,1,01,1,2,0,0,1,0,1,4,2,30,0,3,2,0,2,1,1,201100031596B01,7,9,1,244400404
201100031599,2011-06-22,2011,juin,mercredi,02:40,44,44109,0,0,2,1,1,5,1,4,2,02,-1,-1,0,0,-1,0,1,4,1,38,0,3,2,0,2,1,0,201100031599B01,7,0,1,244400404
201100031607,2011-06-30,2011,juin,jeudi,09:40,44,44109,0,0,2,6,3,1,1,4,1,00,1,2,0,0,1,0,1,4,1,22,0,3,2,0,2,7,1,201100031607B01,7,9,1,244400404
201100031608,2011-06-30,2011,juin,jeudi,13:45,44,44109,0,0,2,6,6,1,1,4,-1,00,-1,-1,0,0,-1,0,0,4,1,24,1,3,9,0,2,1,0,201100031608B01,7,0,1,244400404
201100031633,2011-07-20,2011,juillet,mercredi,12:45,44,44109,0,0,2,1,3,1,3,4,2,01,1,3,0,0,2,0,1,4,1,58,4,1,2,0,2,0,16,201100031633B01,7,16,1,244400404
201100031635,2011-06-22,2011,juin,mercredi,16:15,44,44143,0,0,2,1,6,1,1,4,-1,02,-1,-1,0,0,1,0,1,4,2,56,0,2,9,0,2,1,1,201100031635B01,7,12,1,244400404
201100031658,2011-08-18,2011,août,jeudi,16:15,44,44109,0,0,2,1,6,1,1,4,2,02,2,1,0,30,-1,0,1,3,1,36,5,2,2,0,2,1,1,201100031658B01,7,14,1,244400404
201100031660,2011-08-23,2011,août,mardi,04:00,44,44109,0,0,2,2,6,5,1,4,2,02,2,1,0,100,2,5,1,3,1,18,0,3,9,0,2,8,1,201100031660B01,7,1,1,244400404
201100031661,2011-08-19,2011,août,vendredi,17:20,44,44109,0,0,2,6,3,1,1,4,2,00,1,1,0,0,1,0,1,3,2,25,0,2,9,0,2,0,0,201100031661B01,7,0,1,244400404
201100031668,2011-08-30,2011,août,mardi,16:00,44,44143,0,0,2,2,3,1,1,4,2,02,1,1,0,0,1,5,0,4,1,85,0,3,4,0,2,3,15,201100031668B01,7,17,1,244400404
201100031673,2011-09-04,2011,septembre,dimanche,20:05,44,44109,0,0,2,6,3,1,1,4,2,02,1,1,0,0,1,0,1,3,2,56,5,3,4,0,2,1,1,201100031673B01,7,1,1,244400404
201100031676,2011-09-07,2011,septembre,mercredi,08:00,44,44109,0,0,2,3,3,1,1,4,2,02,2,1,0,0,1,0,1,3,2,39,1,3,2,0,2,7,1,201100031676B01,7,1,1,244400404
201100031685,2011-09-16,2011,septembre,vendredi,00:45,44,44109,0,0,2,1,6,5,1,4,1,01,2,1,0,60,1,0,1,3,1,21,5,3,9,1,0,1,1,201100031685A01,,,,244400404
201100031705,2011-09-27,2011,septembre,mardi,07:40,44,44109,0,0,2,6,6,2,1,4,1,02,1,2,0,0,1,0,1,3,2,24,1,3,2,0,2,0,9,201100031705A01,7,1,1,244400404
201100031708,2011-09-20,2011,septembre,mardi,19:00,44,44109,0,0,2,1,3,1,1,4,2,02,1,1,0,60,-1,0,1,4,1,49,0,1,9,0,2,3,0,201100031708B01,13,0,1,244400404
201100031722,2011-10-03,2011,octobre,lundi,12:50,44,44109,0,0,2,1,2,1,1,4,2,02,1,1,0,0,1,0,1,3,2,25,0,1,2,0,2,4,2,201100031722B01,7,2,1,244400404
201100031728,2011-10-06,2011,octobre,jeudi,18:00,44,44109,0,0,2,1,3,1,1,4,2,02,1,1,0,60,1,0,5,4,1,71,0,1,9,0,2,3,0,201100031728B01,7,0,1,244400404
201100031729,2011-10-06,2011,octobre,jeudi,12:30,44,44109,0,0,2,3,3,1,1,4,2,02,2,1,0,0,1,4,1,4,1,24,0,2,2,0,4,0,1,201100031729A01,40,1,1,244400404
201100031738,2011-10-18,2011,octobre,mardi,16:30,44,44109,0,0,2,1,3,1,1,4,2,02,1,1,0,100,1,0,1,4,2,13,2,1,4,0,2,6,19,201100031738B01,7,1,1,244400404
201100031739,2011-10-18,2011,octobre,mardi,17:55,44,44162,0,0,2,1,3,1,1,4,2,02,1,1,0,0,1,4,1,3,1,19,5,3,9,0,4,8,1,201100031739A01,40,1,1,244400404
201100031747,2011-10-24,2011,octobre,lundi,12:25,44,44143,0,0,2,1,6,1,1,4,2,02,1,1,0,0,1,0,1,4,1,25,1,1,4,0,1,2,1,201100031747B01,7,22,1,244400404
201100031761,2011-10-27,2011,octobre,jeudi,13:00,44,44109,0,0,2,1,3,1,2,4,-1,00,-1,-1,0,0,2,0,1,3,1,66,0,3,9,0,0,0,0,201100031761B01,7,0,1,244400404
201100031771,2011-11-14,2011,novembre,lundi,17:30,44,44162,0,0,2,1,6,1,1,4,1,01,-1,-1,0,0,1,0,1,4,2,60,0,3,9,0,2,4,1,201100031771B01,7,1,1,244400404
201100031779,2011-11-21,2011,novembre,lundi,07:05,44,44109,0,0,2,1,6,5,1,4,2,02,1,1,0,90,1,0,1,2,2,22,1,3,9,0,2,8,19,201100031779B01,7,1,1,244400404
201100031788,2011-11-23,2011,novembre,mercredi,12:15,44,44109,0,0,2,1,6,1,1,4,2,02,1,1,0,0,1,0,1,1,1,81,0,1,2,0,0,0,0,201100031788B01,7,0,1,244400404
201100031789,2011-11-24,2011,novembre,jeudi,19:40,44,44109,0,0,2,5,6,5,1,4,2,02,1,1,0,0,1,5,1,4,2,31,9,3,2,0,2,5,1,201100031789B01,7,1,1,244400404
201100031791,2011-11-23,2011,novembre,mercredi,09:55,44,44190,0,0,2,1,6,1,1,4,2,02,1,2,0,0,1,0,1,4,2,21,0,1,9,0,0,1,1,201100031791B01,7,1,1,244400404
201100031799,2011-11-29,2011,novembre,mardi,12:40,44,44109,0,0,2,1,3,1,1,4,3,02,2,1,0,70,1,0,1,3,1,57,0,3,9,0,2,8,15,201100031799A01,7,1,1,244400404
201100031805,2011-12-04,2011,décembre,dimanche,12:40,44,44109,0,0,2,6,6,1,1,4,2,02,1,3,0,0,2,0,1,4,1,23,0,2,2,0,2,2,1,201100031805B01,7,9,1,244400404
201100031813,2011-12-02,2011,décembre,vendredi,01:30,44,44109,0,0,2,1,2,5,1,4,2,02,1,1,0,0,-1,0,1,4,2,24,5,2,4,0,2,4,1,201100031813B01,7,0,1,244400404
201100031822,2011-12-09,2011,décembre,vendredi,18:50,44,44109,0,0,2,1,1,5,1,4,2,02,-1,3,0,0,1,0,1,4,1,34,0,3,9,0,2,1,1,201100031822B01,30,5,1,244400404
201100031826,2011-12-16,2011,décembre,vendredi,18:40,44,44109,0,0,2,3,3,5,2,4,2,02,1,1,0,0,2,0,2,4,1,14,5,3,9,0,2,1,0,201100031826A01,7,1,1,244400404
201100031838,2011-12-09,2011,décembre,vendredi,15:25,44,44162,0,0,2,1,3,1,1,4,1,01,1,2,0,0,1,0,1,4,1,74,0,3,9,0,2,7,1,201100031838B01,7,9,1,244400404
201100031845,2011-01-10,2011,janvier,lundi,10:54,44,44184,0,0,2,2,3,1,1,4,2,02,3,1,0,0,1,0,1,4,1,22,0,3,9,0,2,1,1,201100031845B01,7,1,1,244400644
201100031851,2011-02-08,2011,février,mardi,15:45,44,44184,0,0,2,2,3,1,1,4,2,02,1,1,0,0,1,0,1,3,1,14,2,3,9,0,2,1,1,201100031851A01,7,1,1,244400644
201100031853,2011-02-15,2011,février,mardi,10:35,44,44184,0,0,2,1,6,1,1,4,2,02,1,1,0,0,2,0,1,1,1,50,0,1,4,0,1,0,1,201100031853A01,,,,244400644
201100031858,2011-03-04,2011,mars,vendredi,16:30,44,44184,0,0,2,1,3,1,1,4,2,02,1,1,0,0,1,0,1,4,1,14,0,3,9,0,2,1,1,201100031858B01,7,1,1,244400644
201100031858,2011-03-04,2011,mars,vendredi,16:30,44,44184,0,0,2,1,3,1,1,4,2,02,1,1,0,0,1,0,1,1,1,11,0,3,9,0,2,1,1,201100031858B01,7,1,1,244400644
201100031871,2011-05-06,2011,mai,vendredi,07:35,44,44184,0,0,2,2,3,1,1,4,3,02,1,1,0,0,1,0,1,4,2,63,1,3,9,0,2,1,1,201100031871B01,7,15,1,244400644
201100031878,2011-05-26,2011,mai,jeudi,13:35,44,44184,0,0,2,6,2,1,1,4,2,02,1,-1,0,0,1,0,1,3,2,60,0,3,9,0,2,1,1,201100031878A01,7,1,1,244400644
201100031895,2011-07-24,2011,juillet,dimanche,10:45,44,44184,0,0,2,1,2,1,1,4,2,02,2,1,0,0,1,0,1,4,1,53,0,3,9,0,2,0,1,201100031895B01,7,4,1,244400644
201100031906,2011-08-30,2011,août,mardi,17:55,44,44184,0,0,2,3,3,1,1,4,2,02,-1,1,0,0,1,0,1,4,1,25,0,2,9,0,2,0,1,201100031906A01,7,0,1,244400644
201100031914,2011-09-27,2011,septembre,mardi,20:10,44,44184,0,0,2,1,6,1,1,4,2,02,-1,-1,0,0,-1,0,1,4,2,43,0,2,2,1,0,1,1,201100031914B01,7,24,1,244400644
201100031915,2011-09-28,2011,septembre,mercredi,18:05,44,44184,0,0,2,2,6,1,1,4,2,02,1,1,0,0,1,0,1,4,1,16,0,3,4,0,2,0,0,201100031915A01,7,1,1,244400644
201100031922,2011-10-30,2011,octobre,dimanche,16:25,44,44184,0,0,2,3,3,1,1,4,2,02,1,1,0,0,1,0,1,4,1,36,5,1,2,0,2,2,1,201100031922A01,7,1,1,244400644
201100031936,2011-12-02,2011,décembre,vendredi,09:55,44,44184,0,0,2,1,3,1,1,4,2,02,1,4,0,0,1,0,1,4,1,58,5,1,2,0,2,1,11,201100031936A01,7,1,1,244400644
201100031944,2011-12-15,2011,décembre,jeudi,18:15,44,44184,0,0,2,3,3,5,3,4,2,02,3,1,0,0,2,0,1,4,1,33,5,2,9,0,2,1,1,201100031944B01,7,15,1,244400644
201100031958,2011-02-04,2011,février,vendredi,15:58,45,45338,47.97596,2.71459,2,6,2,1,1,3,2,02,1,1,0,50,1,0,1,4,1,72,5,3,9,0,2,1,1,201100031958B01,10,1,1,244500203
201100031985,2011-04-16,2011,avril,samedi,11:20,45,45068,48.0103,2.70696,2,3,3,1,1,4,2,02,1,1,0,50,1,0,1,4,2,75,5,3,9,0,2,2,15,201100031985B01,10,1,1,244500203
201100031989,2011-03-05,2011,mars,samedi,18:35,45,45004,47.9762,2.74012,2,1,1,5,8,3,2,02,1,1,0,50,1,2,1,4,1,49,9,2,9,0,2,2,5,201100031989B01,13,1,1,244500203
201100031994,2011-05-25,2011,mai,mercredi,10:50,45,45068,48.00879,2.74035,2,1,3,1,1,4,2,02,1,1,0,50,1,0,5,4,1,65,3,2,9,0,2,1,1,201100031994B01,7,9,1,244500203
201100032032,2011-09-29,2011,septembre,jeudi,08:00,45,45004,47.97703,2.76917,2,3,3,1,1,4,2,02,1,1,0,55,1,0,1,4,1,56,9,3,9,0,2,1,1,201100032032B01,7,15,1,244500203
201100032065,2011-01-26,2011,janvier,mercredi,19:00,45,45286,47.86521,1.9457,1,1,2,3,2,3,2,02,1,1,0,60,2,0,1,3,1,40,9,2,4,0,0,4,1,201100032065B01,7,1,1,244500468
201100032074,2011-03-15,2011,mars,mardi,16:25,45,45234,47.90414,1.9141,2,3,3,1,1,4,1,03,1,1,0,103,1,0,1,4,2,41,0,2,9,0,2,3,1,201100032074B01,7,1,1,244500468
201100032085,2011-04-14,2011,avril,jeudi,09:00,45,45147,47.94286,1.92649,2,4,3,1,1,4,2,02,1,4,0,87,1,5,5,4,1,85,9,3,9,0,2,1,19,201100032085B01,7,16,1,244500468
201100032086,2011-04-19,2011,avril,mardi,09:29,45,45234,47.88819,1.91281,2,2,3,1,1,4,2,02,1,1,0,86,1,0,1,4,2,79,9,3,9,0,2,1,1,201100032086B01,7,1,1,244500468
201100032099,2011-05-19,2011,mai,jeudi,15:30,45,45234,0,0,2,1,3,1,1,3,2,03,1,1,0,98,1,0,1,3,2,43,9,3,9,0,2,3,1,201100032099B01,7,17,1,244500468
201100032104,2011-05-25,2011,mai,mercredi,09:55,45,45232,47.86208,1.88548,2,1,3,1,1,4,2,02,1,1,0,57,1,0,4,4,2,12,5,3,9,0,0,8,1,201100032104A01,10,9,1,244500468
201100032109,2011-06-20,2011,juin,lundi,14:45,45,45234,47.90218,1.90469,2,2,6,1,1,4,2,02,1,1,0,71,1,0,0,1,1,17,9,3,9,0,1,1,1,201100032109A01,,,,244500468
201100032109,2011-06-20,2011,juin,lundi,14:45,45,45234,47.90218,1.90469,2,2,6,1,1,4,2,02,1,1,0,71,1,0,0,4,2,68,9,3,9,0,1,1,1,201100032109A01,,,,244500468
201100032110,2011-06-22,2011,juin,mercredi,09:30,45,45234,47.91866,1.92572,2,3,3,1,1,4,2,02,1,1,0,64,1,0,1,4,1,17,9,3,9,0,2,3,15,201100032110B01,7,15,1,244500468
201100032147,2011-10-03,2011,octobre,lundi,15:55,45,45234,47.90885,1.90093,2,2,3,1,1,3,2,02,1,1,0,73,1,0,1,4,1,12,9,2,9,0,2,1,1,201100032147B01,7,1,1,244500468
201100032151,2011-10-06,2011,octobre,jeudi,12:41,45,45232,47.86575,1.88626,2,1,3,1,1,4,2,02,1,1,0,60,1,0,1,4,1,14,9,3,9,0,2,8,13,201100032151B01,37,17,1,244500468
201100032152,2011-10-11,2011,octobre,mardi,14:06,45,45284,47.90424,1.94031,2,2,3,1,1,3,3,02,1,1,10,94,1,0,1,4,1,12,2,3,9,0,2,1,19,201100032152A01,7,15,1,244500468
201100032163,2011-11-10,2011,novembre,jeudi,18:50,45,45284,47.90764,1.96388,2,3,3,5,1,3,2,02,1,1,0,74,1,0,1,4,1,52,9,3,9,0,2,8,1,201100032163A01,7,16,1,244500468
201100032179,2011-12-04,2011,décembre,dimanche,13:55,45,45232,47.87145,1.90418,2,2,3,1,1,3,2,02,1,1,0,91,1,0,1,3,1,72,5,3,9,0,2,8,1,201100032179B01,7,15,1,244500468
201100032213,2011-01-21,2011,janvier,vendredi,17:00,47,47001,44.1787,0.61593,2,6,3,1,1,2,2,02,1,-1,0,0,1,5,1,4,1,36,1,3,9,0,2,1,15,201100032213B01,7,16,1,200096956
201100032221,2011-04-20,2011,avril,mercredi,07:55,47,47001,44.2044,0.61347,2,1,1,1,1,3,1,02,1,1,0,80,1,5,1,4,1,19,1,3,9,0,2,1,1,201100032221A01,7,14,1,200096956
201100032223,2011-04-29,2011,avril,vendredi,12:30,47,47001,44.214,0.64343,2,1,1,1,1,4,2,02,4,2,0,70,1,0,1,4,1,19,2,3,9,0,2,1,15,201100032223A01,7,16,1,200096956
201100032227,2011-05-14,2011,mai,samedi,18:15,47,47001,44.2072,0.61168,2,3,3,1,1,3,2,04,1,1,0,127,1,0,1,3,1,21,5,3,9,0,2,1,15,201100032227A01,7,15,1,200096956
201100032228,2011-06-01,2011,juin,mercredi,09:40,47,47001,44.2052,0.62574,2,6,3,1,1,3,1,03,1,2,0,110,1,0,1,2,1,55,5,3,9,0,2,8,15,201100032228B01,15,1,1,200096956
201100032235,2011-08-23,2011,août,mardi,07:45,47,47032,0,0,2,1,3,1,1,3,3,04,4,1,0,50,1,0,1,4,1,31,1,1,2,0,2,8,1,201100032235B01,17,17,1,200096956
201100032239,2011-10-05,2011,octobre,mercredi,15:40,47,47001,44.1961,0.61917,2,1,1,1,1,3,2,02,1,1,0,0,1,0,1,1,1,17,5,3,9,0,2,1,13,201100032239A01,34,1,1,200096956
201100032255,2011-02-26,2011,février,samedi,19:30,47,47323,44.407,0.75104,1,1,2,3,1,3,2,02,1,1,0,70,1,0,1,3,1,39,5,3,9,0,2,6,2,201100032255B02,7,2,1,200023307
201100032265,2011-08-13,2011,août,samedi,17:00,47,47323,0,0,2,3,3,1,1,3,2,03,1,1,0,0,1,0,5,3,1,75,5,1,4,0,2,1,19,201100032265B01,7,15,1,200023307
201100032292,2011-01-07,2011,janvier,vendredi,07:40,49,49246,47.42248,-0.52368,2,1,2,5,2,4,2,02,1,1,0,65,2,0,5,4,1,48,1,3,9,0,2,4,2,201100032292B01,2,2,1,244900015
201100032294,2011-01-11,2011,janvier,mardi,13:40,49,49007,47.47398,-0.53742,2,3,3,1,1,4,2,04,1,1,0,101,2,0,1,4,1,24,5,2,2,0,2,1,1,201100032294B01,37,16,1,244900015
201100032295,2011-01-12,2011,janvier,mercredi,20:57,49,49007,47.47307,-0.60238,2,3,1,5,2,4,2,03,1,1,0,100,2,0,1,4,1,25,1,1,4,0,2,1,1,201100032295B01,7,15,1,244900015
201100032298,2011-01-16,2011,janvier,dimanche,11:00,49,49015,47.50585,-0.58846,2,1,7,1,1,4,3,02,1,1,0,99,1,4,1,4,2,57,5,3,2,14,0,1,1,201100032298A01,,,,244900015
201100032304,2011-01-19,2011,janvier,mercredi,14:10,49,49246,47.43911,-0.50557,2,6,1,1,2,4,2,02,1,1,0,45,1,0,1,4,1,17,1,3,2,1,2,1,1,201100032304A01,3,15,1,244900015
201100032313,2011-01-26,2011,janvier,mercredi,07:43,49,49007,47.44517,-0.54719,2,2,2,2,2,4,2,02,1,1,0,200,2,0,1,4,2,44,1,3,9,0,2,4,2,201100032313B01,7,1,1,244900015
201100032316,2011-01-29,2011,janvier,samedi,10:20,49,49007,47.48939,-0.56808,2,1,7,1,1,4,2,02,1,1,0,65,7,0,1,4,1,33,4,3,9,16,0,0,1,201100032316A01,,,,244900015
201100032319,2011-01-31,2011,janvier,lundi,12:00,49,49007,47.4713,-0.52694,2,1,7,1,1,4,2,02,1,1,0,65,5,0,1,4,1,59,9,3,9,16,0,1,1,201100032319A01,,,,244900015
201100032332,2011-02-07,2011,février,lundi,08:40,49,49007,47.48039,-0.55293,2,1,7,1,2,4,2,02,1,1,0,172,1,4,1,4,2,24,1,2,2,14,0,1,1,201100032332A01,,,,244900015
201100032342,2011-02-14,2011,février,lundi,09:48,49,49007,47.48447,-0.5819,2,1,1,1,1,4,2,02,1,1,0,55,1,0,1,3,1,72,9,3,2,0,2,1,1,201100032342B01,7,15,1,244900015
201100032348,2011-02-16,2011,février,mercredi,09:20,49,49007,47.47527,-0.54863,2,3,3,1,1,4,2,05,1,1,0,140,1,0,1,4,2,22,1,2,9,0,2,1,1,201100032348B01,10,16,1,244900015
201100032352,2011-02-23,2011,février,mercredi,12:35,49,49007,47.47139,-0.54972,2,1,2,1,2,4,2,02,1,1,0,60,2,,1,4,2,22,4,3,2,0,2,4,2,201100032352B01,7,1,1,244900015
201100032355,2011-02-25,2011,février,vendredi,18:28,49,49007,47.47086,-0.54749,2,1,6,1,1,4,-1,02,-1,-1,0,0,-1,0,1,4,2,22,4,3,9,0,0,0,0,201100032355A01,,,,244900015
201100032357,2011-02-28,2011,février,lundi,18:56,49,49007,47.47478,-0.58617,2,2,3,5,1,4,2,02,1,1,0,75,2,0,1,4,2,37,1,3,9,0,2,1,1,201100032357B01,7,15,1,244900015
201100032359,2011-03-02,2011,mars,mercredi,11:27,49,49015,47.50266,-0.58556,2,1,2,1,1,4,-1,02,1,1,0,61,1,0,1,4,2,45,5,3,9,0,2,4,1,201100032359B01,7,1,1,244900015
201100032365,2011-03-13,2011,mars,dimanche,13:10,49,49267,47.46192,-0.50078,2,1,7,1,3,4,-1,01,1,2,0,60,2,0,1,3,1,36,5,3,9,0,0,0,1,201100032365A01,,,,244900015
201100032375,2011-03-20,2011,mars,dimanche,15:45,49,49007,47.46481,-0.56574,2,6,2,1,1,4,2,02,1,1,0,105,1,0,1,4,1,24,9,2,2,0,2,4,1,201100032375B01,7,9,1,244900015
201100032379,2011-03-29,2011,mars,mardi,16:04,49,49007,47.47511,-0.58069,2,1,2,1,2,4,1,02,1,1,0,50,2,0,1,4,1,16,9,3,2,0,2,1,1,201100032379A01,7,1,1,244900015
201100032380,2011-03-29,2011,mars,mardi,17:51,49,49353,47.45177,-0.50782,2,2,3,1,8,4,2,02,1,1,0,75,2,0,1,4,1,54,1,3,2,0,2,8,1,201100032380A01,7,1,1,244900015
201100032392,2011-04-04,2011,avril,lundi,16:25,49,49007,47.46082,-0.5678,2,1,7,1,1,4,2,02,1,1,0,78,1,0,1,4,1,84,5,3,2,0,0,0,1,201100032392A01,,,,244900015
201100032398,2011-04-06,2011,avril,mercredi,13:35,49,49007,47.46479,-0.56554,2,6,3,1,1,4,2,02,1,1,0,65,1,0,1,4,1,17,9,1,2,0,2,1,1,201100032398A01,7,9,1,244900015
201100032401,2011-04-10,2011,avril,dimanche,16:40,49,49007,47.47804,-0.55671,2,1,6,1,1,4,2,02,1,1,0,78,1,0,1,4,1,46,5,3,2,0,2,0,1,201100032401B01,,,,244900015
201100032403,2011-04-12,2011,avril,mardi,18:12,49,49353,47.44932,-0.50185,2,1,3,1,1,4,1,02,1,1,0,58,1,0,1,4,1,13,9,3,2,0,2,8,19,201100032403A01,7,1,1,244900015
201100032405,2011-04-14,2011,avril,jeudi,08:45,49,49007,47.45447,-0.52808,2,2,1,1,1,4,2,02,1,1,0,85,1,0,1,4,1,50,4,3,2,0,2,1,1,201100032405B01,30,15,1,244900015
201100032406,2011-04-14,2011,avril,jeudi,18:30,49,49007,47.4591,-0.55438,2,1,7,2,1,4,-1,02,1,1,0,65,1,4,1,4,2,63,9,3,2,0,0,1,1,201100032406A01,,,,244900015
201100032409,2011-04-15,2011,avril,vendredi,18:00,49,49007,47.47422,-0.56715,2,2,3,1,1,4,-1,02,1,1,0,90,1,0,1,4,1,13,0,3,2,0,2,1,15,201100032409B01,7,1,1,244900015
201100032413,2011-04-19,2011,avril,mardi,18:19,49,49015,47.50494,-0.5956,2,1,3,1,1,4,2,02,1,1,0,84,1,0,1,3,1,10,2,1,2,0,2,8,19,201100032413B01,7,1,1,244900015
201100032416,2011-04-19,2011,avril,mardi,11:20,49,49015,47.50488,-0.59089,2,3,3,1,1,4,4,02,1,1,0,60,1,0,1,4,1,56,5,1,2,0,2,1,1,201100032416B01,7,15,1,244900015
201100032429,2011-04-28,2011,avril,jeudi,08:51,49,49007,47.48631,-0.55071,2,1,7,1,1,4,-1,02,1,1,0,80,1,0,0,3,2,19,0,3,9,0,0,0,1,201100032429A01,,,,244900015
201100032437,2011-05-02,2011,mai,lundi,16:25,49,49007,47.46979,-0.56153,2,1,7,1,1,4,2,02,1,1,0,80,1,0,5,4,2,27,5,3,9,16,0,0,1,201100032437A01,,,,244900015
201100032441,2011-05-05,2011,mai,jeudi,19:00,49,49015,47.50062,-0.58402,2,1,7,1,1,4,3,02,1,1,0,71,1,0,1,4,1,59,0,2,9,14,0,0,1,201100032441A01,,,,244900015
201100032454,2011-05-24,2011,mai,mardi,09:05,49,49246,47.43799,-0.5089,2,6,6,1,1,4,2,02,1,1,0,83,1,0,1,3,1,77,5,2,2,0,2,8,1,201100032454B01,7,1,1,244900015
201100032455,2011-05-15,2011,mai,dimanche,15:04,49,49007,47.47506,-0.54804,2,1,7,1,1,4,2,06,1,1,0,90,1,0,1,4,2,27,0,3,2,0,0,0,1,201100032455A01,,,,244900015
201100032457,2011-05-15,2011,mai,dimanche,20:20,49,49267,47.47651,-0.50145,2,1,7,1,1,4,2,02,1,1,0,60,1,0,1,4,1,59,5,3,2,0,0,0,1,201100032457A01,,,,244900015
201100032460,2011-05-13,2011,mai,vendredi,12:22,49,49007,47.47141,-0.544,2,6,2,1,1,4,2,02,1,1,0,60,1,0,1,4,1,60,1,3,2,0,2,4,1,201100032460B01,7,1,1,244900015
201100032464,2011-05-17,2011,mai,mardi,14:41,49,49007,47.47302,-0.56489,2,1,7,1,1,4,2,02,1,1,0,82,1,0,1,4,1,34,0,3,2,0,0,0,1,201100032464A01,,,,244900015
201100032466,2011-05-19,2011,mai,jeudi,20:34,49,49015,47.51776,-0.6083,2,6,2,1,1,4,2,00,1,1,0,66,1,0,1,3,1,47,0,3,2,0,2,4,1,201100032466B01,7,9,1,244900015
201100032468,2011-05-19,2011,mai,jeudi,17:44,49,49007,47.465,-0.56574,2,1,7,1,1,4,2,01,1,1,0,65,1,0,1,3,2,32,0,3,9,12,0,0,9,201100032468A01,,,,244900015
201100032469,2011-05-19,2011,mai,jeudi,08:21,49,49007,47.47459,-0.54719,2,1,7,1,1,4,3,03,1,1,0,35,1,0,1,4,2,32,1,3,2,12,0,0,0,201100032469A01,,,,244900015
201100032471,2011-05-19,2011,mai,jeudi,17:04,49,49007,47.46152,-0.54686,2,1,2,1,1,4,2,02,1,1,0,66,1,0,1,4,1,16,0,3,2,0,2,1,1,201100032471A01,7,1,1,244900015
201100032475,2011-05-24,2011,mai,mardi,09:17,49,49007,47.47074,-0.58592,2,5,3,1,1,4,2,02,1,1,0,60,1,5,1,3,2,51,1,2,2,0,2,0,0,201100032475B01,7,0,1,244900015
201100032478,2011-05-24,2011,mai,mardi,15:48,49,49007,47.46008,-0.53716,2,5,3,1,1,4,2,02,1,1,0,60,1,0,1,3,2,62,5,3,2,0,2,7,1,201100032478B01,7,1,1,244900015
201100032481,2011-05-24,2011,mai,mardi,18:14,49,49007,47.46179,-0.54161,2,2,1,1,1,4,2,02,1,1,0,62,1,0,1,4,1,20,0,3,2,0,2,1,1,201100032481B01,7,1,1,244900015
201100032482,2011-05-26,2011,mai,jeudi,08:57,49,49007,47.47741,-0.55357,2,9,3,1,1,4,2,02,1,1,0,105,1,2,1,3,2,26,5,3,9,0,2,7,2,201100032482A01,14,2,1,244900015
201100032488,2011-05-31,2011,mai,mardi,11:23,49,49007,47.46565,-0.55394,2,1,7,1,2,4,2,02,1,1,0,110,2,0,1,4,2,14,0,3,2,0,0,0,0,201100032488A01,,,,244900015
201100032489,2011-05-30,2011,mai,lundi,07:56,49,49007,47.47512,-0.57027,2,1,6,1,1,4,2,02,1,1,0,56,1,0,1,1,1,34,1,3,2,0,1,2,1,201100032489A01,,,,244900015
201100032495,2011-06-06,2011,juin,lundi,13:30,49,49007,47.46634,-0.54771,2,2,3,1,1,4,2,02,1,1,0,60,1,0,1,4,2,25,5,3,2,0,2,1,1,201100032495A01,7,1,1,244900015
201100032513,2011-06-22,2011,juin,mercredi,13:46,49,49007,47.47941,-0.54978,2,1,7,1,1,4,1,01,1,1,0,35,1,0,0,4,2,26,0,3,9,0,0,0,1,201100032513A01,,,,244900015
201100032515,2011-06-24,2011,juin,vendredi,11:23,49,49007,47.4744,-0.55245,2,2,3,1,1,4,2,00,4,1,0,48,1,0,5,4,1,36,0,3,2,0,2,1,1,201100032515B01,7,15,1,244900015
201100032519,2011-06-28,2011,juin,mardi,11:54,49,49353,47.44089,-0.48973,2,1,3,1,1,4,2,02,1,1,0,45,1,0,1,3,2,76,5,3,9,0,2,1,1,201100032519B01,7,0,1,244900015
201100032522,2011-06-29,2011,juin,mercredi,19:10,49,49007,47.44912,-0.56533,2,2,3,1,1,4,2,00,1,1,0,104,1,0,1,4,2,10,5,3,2,0,2,1,1,201100032522B01,7,1,1,244900015
201100032525,2011-07-02,2011,juillet,samedi,14:37,49,49353,47.4394,-0.49451,2,1,7,1,1,4,2,02,1,1,0,80,1,0,1,4,2,11,5,3,2,0,0,1,1,201100032525A01,,,,244900015
201100032532,2011-07-06,2011,juillet,mercredi,20:28,49,49246,47.4344,-0.53007,2,2,3,1,1,4,2,00,1,1,0,32,1,0,1,1,1,21,5,3,2,0,2,1,15,201100032532A01,1,17,1,244900015
201100032532,2011-07-06,2011,juillet,mercredi,20:28,49,49246,47.4344,-0.53007,2,2,3,1,1,4,2,00,1,1,0,32,1,0,1,4,1,51,5,3,2,0,2,4,17,201100032532B01,1,15,1,244900015
201100032537,2011-07-12,2011,juillet,mardi,19:10,49,49007,47.48571,-0.5514,2,1,7,1,2,4,-1,00,1,1,0,20,2,0,1,4,1,23,5,3,2,0,0,0,1,201100032537A01,,,,244900015