Num_Acc,date,an,mois,jour,hrmn,dep,com,lat,long,agg,int,col,lum,atm,catr,circ,nbv,prof,plan,lartpc,larrout,surf,infra,situ,grav,sexe,age,trajet,secuexist,equipement,obs,obsm,choc,manv,vehiculeid,typevehicules,manoeuvehicules,numVehicules,_infos_commune.code_epci
201100034788,2011-12-06,2011,décembre,mardi,17:30,58,58194,0,0,2,1,7,5,2,4,2,02,1,1,0,0,2,0,1,4,2,12,0,3,9,0,0,0,0,201100034788A01,,,,245804406
201100034805,2011-03-14,2011,mars,lundi,08:45,58,58194,0,0,2,1,1,1,1,4,2,02,2,1,0,66,1,0,1,4,2,24,1,1,2,0,0,0,0,201100034805A01,7,0,1,245804406
201100034812,2011-04-07,2011,avril,jeudi,09:40,58,58194,0,0,2,3,3,1,1,4,1,01,1,1,0,75,1,0,1,4,2,38,9,3,9,0,2,8,0,201100034812A01,7,15,1,245804406
201100034816,2011-04-21,2011,avril,jeudi,12:45,58,58194,0,0,2,3,1,1,1,4,2,02,1,1,0,60,-1,0,1,4,1,8,5,3,9,0,2,1,15,201100034816A01,37,1,1,245804406
201100034818,2011-05-02,2011,mai,lundi,16:55,58,58194,0,0,2,1,3,1,1,4,2,02,1,1,0,71,1,0,1,3,1,68,5,2,2,0,2,8,1,201100034818B01,7,17,1,245804406
201100034848,2011-09-09,2011,septembre,vendredi,17:30,58,58194,0,0,2,1,3,1,1,4,2,02,1,1,0,60,1,0,1,4,1,11,5,3,9,0,2,1,9,201100034848A01,7,2,1,245804406
201100034851,2011-09-26,2011,septembre,lundi,17:45,58,58194,0,0,2,1,1,1,1,4,1,01,1,1,0,35,1,0,1,3,1,13,2,3,9,0,2,1,0,201100034851A01,7,5,1,245804406
201100034865,2011-11-17,2011,novembre,jeudi,14:25,58,58194,0,0,2,1,3,1,1,4,2,02,1,1,0,67,1,0,1,4,1,82,5,3,9,0,2,3,2,201100034865B01,7,2,1,245804406
201100034890,2011-03-10,2011,mars,jeudi,13:55,59,59017,0,0,2,1,3,1,1,4,1,01,1,1,0,35,1,0,4,4,1,18,0,3,2,0,2,1,0,201100034890B01,7,12,1,200093201
201100034904,2011-06-06,2011,juin,lundi,21:15,59,59143,0,0,2,6,2,1,1,4,2,02,1,1,0,75,1,5,1,3,1,56,1,3,9,0,2,1,1,201100034904A01,7,1,1,200093201
201100034905,2011-06-08,2011,juin,mercredi,17:10,59,59017,0,0,2,3,3,1,1,4,2,02,1,1,0,63,1,0,1,4,1,21,5,3,9,0,0,1,0,201100034905B01,7,0,1,200093201
201100034914,2011-08-31,2011,août,mercredi,14:40,59,59143,0,0,1,3,2,1,1,4,2,00,1,-1,0,80,1,0,1,4,1,16,0,2,4,0,0,1,2,201100034914A01,7,0,1,200093201
201100034924,2011-10-07,2011,octobre,vendredi,12:50,59,59431,0,0,2,1,3,1,1,3,2,01,1,1,0,100,1,0,1,3,1,12,2,2,2,0,0,8,13,201100034924B01,7,1,1,200040947
201100034926,2011-11-23,2011,novembre,mercredi,07:50,59,59143,0,0,2,6,6,5,8,2,4,01,1,-1,450,90,1,5,1,4,1,35,1,1,2,0,0,4,1,201100034926B01,7,1,1,200093201
201100034929,2011-12-07,2011,décembre,mercredi,07:20,59,59143,0,0,2,6,3,5,8,4,1,01,1,2,0,50,2,0,1,4,1,36,1,3,9,0,2,2,1,201100034929B01,7,9,1,200093201
201100034933,2011-12-12,2011,décembre,lundi,07:15,59,59017,0,0,2,3,6,5,8,4,2,02,1,1,0,0,2,0,1,4,2,48,1,1,4,0,2,8,23,201100034933B01,7,15,1,200093201
201100034943,2011-05-12,2011,mai,jeudi,18:25,59,59043,50.74371,2.73366,2,2,3,1,1,3,2,02,1,1,0,69,1,0,1,2,1,10,3,3,9,0,2,1,13,201100034943B01,21,1,1,200040947
201100034946,2011-11-04,2011,novembre,vendredi,11:15,59,59043,0,0,2,6,3,1,1,3,4,04,4,-1,96,76,1,0,1,3,1,56,5,1,9,0,2,0,6,201100034946A01,7,1,1,200040947
201100034955,2011-06-04,2011,juin,samedi,17:50,59,59122,0,0,2,1,6,1,1,4,2,02,2,1,0,79,1,0,1,4,1,50,5,3,9,0,9,0,0,201100034955A01,,,,200068500
201100034962,2011-10-13,2011,octobre,jeudi,11:28,59,59122,0,0,2,3,3,1,1,4,2,02,1,1,0,125,1,0,1,3,2,64,3,3,9,0,2,1,0,201100034962B01,10,15,1,200068500
201100034964,2011-03-07,2011,mars,lundi,15:20,59,59616,0,0,2,1,3,1,1,9,-1,01,1,1,0,55,1,0,1,4,1,12,2,2,9,0,2,1,0,201100034964B01,7,0,1,245901160
201100034965,2011-03-29,2011,mars,mardi,15:15,59,59153,0,0,2,2,3,1,1,3,2,02,1,-1,0,61,1,0,1,3,1,21,5,3,2,0,2,1,1,201100034965B01,7,1,1,245901160
201100034973,2011-10-11,2011,octobre,mardi,19:30,59,59253,0,0,1,1,2,2,1,3,2,02,1,1,0,80,1,0,1,4,1,14,5,2,9,0,2,0,13,201100034973B01,7,13,1,245901160
201100034973,2011-10-11,2011,octobre,mardi,19:30,59,59253,0,0,1,1,2,2,1,3,2,02,1,1,0,80,1,0,1,3,1,17,5,3,9,0,2,0,13,201100034973B01,7,13,1,245901160
201100034990,2011-05-28,2011,mai,samedi,13:30,59,59205,0,0,2,1,6,1,1,9,2,02,1,1,30,60,1,0,1,4,2,43,3,1,9,0,2,1,1,201100034990B01,7,16,1,200042190
201100034997,2011-09-19,2011,septembre,lundi,17:05,59,59361,0,0,2,3,3,1,1,4,2,02,1,1,0,45,1,0,1,3,2,12,5,2,2,0,2,1,19,201100034997B01,7,1,1,200042190
201100035011,2011-09-19,2011,septembre,lundi,13:15,59,59390,0,0,2,3,3,1,1,3,2,02,1,1,0,0,1,0,5,4,1,73,0,3,4,0,2,0,5,201100035011B01,7,16,1,245901152
201100035013,2011-01-15,2011,janvier,samedi,08:25,59,59178,0,0,2,2,3,1,1,3,3,02,1,1,0,0,1,2,1,3,2,63,0,3,2,0,2,1,19,201100035013A01,10,1,1,200044618
201100035016,2011-12-11,2011,décembre,dimanche,21:40,59,59185,0,0,2,1,2,5,2,4,2,02,1,3,0,66,2,0,1,4,1,21,5,2,4,0,2,4,1,201100035016A01,7,0,1,245901152
201100035019,2011-01-10,2011,janvier,lundi,20:10,59,59178,0,0,2,2,3,5,1,4,3,04,1,1,0,0,1,5,0,4,1,41,5,2,9,0,2,1,1,201100035019B01,7,15,1,200044618
201100035024,2011-01-12,2011,janvier,mercredi,18:20,59,59178,0,0,2,6,3,5,2,4,2,02,1,1,0,56,2,0,1,3,1,40,1,1,4,0,2,1,1,201100035024B01,7,9,1,200044618
201100035027,2011-03-13,2011,mars,dimanche,00:50,59,59178,0,0,2,1,6,5,1,4,1,01,2,1,0,30,2,0,1,3,1,19,5,2,2,1,0,1,13,201100035027A01,,,,200044618
201100035039,2011-05-18,2011,mai,mercredi,17:30,59,59178,0,0,2,1,6,1,1,4,2,02,-1,-1,0,0,1,6,0,4,2,5,5,3,9,0,2,0,1,201100035039B01,2,1,1,200044618
201100035052,2011-07-08,2011,juillet,vendredi,15:50,59,59170,0,0,2,1,3,1,1,4,3,02,1,1,0,0,1,0,1,4,1,16,5,3,9,0,2,1,19,201100035052B01,7,1,1,200044618
201100035061,2011-09-28,2011,septembre,mercredi,13:20,59,59170,0,0,2,1,2,1,1,3,2,02,1,1,69,77,1,0,1,3,1,40,1,2,9,0,0,8,13,201100035061B01,10,7,1,200044618
201100035069,2011-12-12,2011,décembre,lundi,13:05,59,59178,0,0,2,6,3,1,2,4,2,02,1,1,0,0,2,0,1,4,2,10,2,3,4,0,2,7,9,201100035069B01,7,1,1,200044618
201100035075,2011-01-26,2011,janvier,mercredi,15:50,59,59183,0,0,2,9,3,1,2,4,2,00,1,1,0,80,2,2,1,3,2,17,5,2,2,0,1,1,1,201100035075B01,7,1,1,245900428
201100035076,2011-01-27,2011,janvier,jeudi,13:15,59,59540,0,0,2,1,3,1,1,4,-1,01,1,1,0,0,1,0,1,4,1,15,2,2,2,0,2,1,1,201100035076A01,7,15,1,
201100035090,2011-03-28,2011,mars,lundi,07:30,59,59540,0,0,2,1,2,1,1,4,2,02,1,1,0,0,1,0,1,4,1,16,2,2,2,0,2,4,1,201100035090A01,7,17,1,
201100035100,2011-05-01,2011,mai,dimanche,10:45,59,59183,0,0,2,1,2,1,1,4,2,02,-1,1,0,0,-1,0,1,3,1,53,5,1,2,0,2,4,1,201100035100A01,7,1,1,245900428
201100035107,2011-05-20,2011,mai,vendredi,16:40,59,59271,0,0,1,1,3,1,1,3,2,04,3,1,0,132,1,2,1,3,1,27,1,2,2,0,2,0,1,201100035107A01,10,0,1,245900428
201100035122,2011-06-19,2011,juin,dimanche,07:30,59,59588,0,0,2,1,7,1,1,4,2,02,1,1,0,80,1,0,1,3,1,62,5,2,2,13,0,1,0,201100035122A01,,,,245900428
201100035129,2011-07-28,2011,juillet,jeudi,19:55,59,59271,0,0,2,9,3,1,1,4,2,02,1,1,0,84,1,0,1,4,1,13,5,2,2,0,2,4,16,201100035129A01,7,16,1,245900428
201100035131,2011-08-12,2011,août,vendredi,22:42,59,59183,0,0,2,2,3,5,1,4,2,02,1,1,0,0,1,0,1,4,1,14,5,2,2,0,2,7,1,201100035131A01,7,1,1,245900428
201100035137,2011-09-24,2011,septembre,samedi,18:40,59,59340,0,0,2,9,6,1,1,4,2,02,1,1,0,58,1,0,1,3,1,87,5,2,2,0,2,7,19,201100035137A01,7,1,2,245900428
201100035140,2011-10-01,2011,octobre,samedi,15:30,59,59183,0,0,2,9,6,1,1,4,2,02,1,1,0,78,1,0,1,4,2,65,5,2,2,1,0,1,1,201100035140B01,7,24,1,245900428
201100035141,2011-10-03,2011,octobre,lundi,11:45,59,59183,0,0,2,1,3,1,7,4,2,02,1,1,0,71,-1,0,1,3,1,39,5,3,4,0,2,0,1,201100035141B01,7,19,1,245900428
201100035142,2011-09-10,2011,septembre,samedi,17:25,59,59248,0,0,2,1,6,1,1,4,-1,00,-1,-1,0,0,-1,0,1,4,1,45,0,3,2,0,2,0,0,201100035142B01,7,0,1,
201100035146,2011-10-13,2011,octobre,jeudi,08:05,59,59131,0,0,2,3,6,1,8,4,2,02,1,1,0,75,1,0,1,3,1,12,9,3,9,0,2,1,15,201100035146B01,7,1,2,245900428
201100035159,2011-11-24,2011,novembre,jeudi,13:15,59,59183,0,0,2,9,3,1,1,4,2,01,1,1,0,120,1,0,1,3,1,54,1,1,9,0,2,8,1,201100035159B01,7,15,1,245900428
201100035169,2011-04-29,2011,avril,vendredi,23:00,59,59273,0,0,2,2,3,5,1,4,2,01,-1,-1,0,0,-1,0,1,3,1,17,5,2,2,0,2,3,19,201100035169A01,7,1,1,245900428
201100035175,2011-01-29,2011,janvier,samedi,18:25,59,59295,0,0,2,1,2,5,1,4,2,02,1,1,0,105,1,0,1,4,1,18,5,3,9,0,2,4,1,201100035175B01,13,1,1,200040947
201100035180,2011-07-04,2011,juillet,lundi,13:25,59,59295,0,0,2,1,6,1,1,4,1,01,2,1,0,35,1,0,1,3,2,46,1,3,9,0,2,0,2,201100035180B01,7,1,1,200040947
201100035215,2011-01-14,2011,janvier,vendredi,07:30,59,59350,50.618,3.03022,2,1,3,5,2,3,2,02,1,1,0,40,2,0,5,2,1,41,1,1,4,0,2,6,1,201100035215B01,17,9,1,200093201
201100035216,2011-01-13,2011,janvier,jeudi,17:05,59,59378,0,0,2,2,6,5,2,4,2,02,1,1,0,0,2,0,1,4,2,16,2,2,2,0,2,7,19,201100035216B01,7,15,1,200093201
201100035234,2011-01-25,2011,janvier,mardi,08:00,59,59360,0,0,2,1,6,2,2,4,2,02,1,1,0,97,2,0,1,4,2,39,1,1,2,0,2,1,1,201100035234B01,7,15,1,200093201
201100035257,2011-02-09,2011,février,mercredi,08:00,59,59350,0,0,2,1,6,1,1,4,2,04,1,1,10,120,1,0,1,4,2,16,0,1,4,0,1,1,1,201100035257A01,,,,200093201
201100035262,2011-02-12,2011,février,samedi,12:30,59,59009,0,0,2,3,3,1,2,4,1,02,-1,3,0,0,2,0,1,4,1,20,0,3,9,0,2,1,0,201100035262B01,7,9,1,200093201
201100035263,2011-02-13,2011,février,dimanche,22:20,59,59350,0,0,2,3,3,5,1,4,1,02,1,1,0,0,1,0,1,4,1,19,9,3,8,0,2,1,1,201100035263B01,7,16,1,200093201
201100035264,2011-02-15,2011,février,mardi,14:30,59,59368,0,0,2,1,3,1,1,4,2,02,2,1,0,0,1,0,1,4,2,65,5,1,9,0,2,1,1,201100035264B01,7,0,1,200093201
201100035276,2011-02-20,2011,février,dimanche,12:05,59,59009,0,0,2,3,3,1,1,4,1,02,1,1,0,0,1,0,1,4,1,32,0,3,9,0,2,4,1,201100035276B01,7,1,1,200093201
201100035293,2011-03-07,2011,mars,lundi,08:00,59,59009,0,0,2,2,3,1,1,4,2,02,1,1,0,0,1,0,1,4,1,53,1,3,4,0,2,1,1,201100035293A01,7,1,1,200093201
201100035313,2011-03-16,2011,mars,mercredi,12:25,59,59350,0,0,2,2,6,1,1,4,3,04,1,1,0,0,1,0,1,4,1,25,0,3,4,0,2,1,1,201100035313A01,7,2,1,200093201
201100035323,2011-03-19,2011,mars,samedi,17:15,59,59350,0,0,2,1,2,1,1,4,2,02,1,1,0,70,1,0,1,4,1,22,0,1,2,1,0,1,1,201100035323B01,7,24,1,200093201
201100035331,2011-03-23,2011,mars,mercredi,17:10,59,59350,0,0,2,1,6,1,1,4,2,02,1,1,0,0,1,0,5,4,2,49,5,1,4,1,0,1,1,201100035331C01,7,24,1,200093201
201100035331,2011-03-23,2011,mars,mercredi,17:10,59,59350,0,0,2,1,6,1,1,4,2,02,1,1,0,0,1,0,5,4,1,44,5,3,4,1,0,1,1,201100035331B01,7,24,1,200093201
201100035345,2011-04-01,2011,avril,vendredi,16:40,59,59378,0,0,2,3,3,1,1,4,2,02,1,1,0,0,1,0,1,4,1,14,0,1,9,0,2,1,1,201100035345B01,7,15,1,200093201
201100035356,2011-04-09,2011,avril,samedi,08:20,59,59350,0,0,2,2,6,1,1,4,2,04,1,1,0,0,1,0,1,4,1,65,0,3,2,0,2,1,17,201100035356B01,37,2,1,200093201
201100035359,2011-04-10,2011,avril,dimanche,22:10,59,59350,0,0,2,2,1,5,1,4,2,02,1,1,0,60,1,0,1,4,1,30,5,1,4,0,2,1,1,201100035359B01,7,16,1,200093201
201100035361,2011-04-11,2011,avril,lundi,11:30,59,59368,0,0,2,1,3,1,1,4,3,03,1,2,0,0,1,0,1,4,1,49,5,3,4,0,2,8,1,201100035361B01,10,1,1,200093201
201100035365,2011-04-08,2011,avril,vendredi,16:50,59,59378,0,0,2,4,3,1,1,4,2,02,1,1,0,50,1,0,1,4,1,15,5,2,4,0,2,7,19,201100035365A01,7,1,1,200093201
201100035366,2011-04-14,2011,avril,jeudi,07:50,59,59193,0,0,2,3,6,1,1,4,2,02,1,1,0,0,1,0,1,4,2,31,0,3,9,0,2,1,2,201100035366B01,7,0,1,200093201
201100035367,2011-04-15,2011,avril,vendredi,12:00,59,59350,0,0,2,1,3,1,1,4,1,02,1,1,0,0,1,0,1,4,1,24,9,3,4,0,0,0,1,201100035367B01,7,1,1,200093201
201100035380,2011-04-21,2011,avril,jeudi,15:00,59,59507,0,0,2,6,2,1,1,4,2,02,1,2,0,0,1,0,1,4,1,64,5,2,2,0,2,1,15,201100035380B01,7,17,1,200093201
201100035392,2011-05-01,2011,mai,dimanche,00:01,59,59350,0,0,2,1,6,5,1,4,2,03,1,1,0,100,1,0,1,3,1,65,0,1,4,1,2,0,1,201100035392B01,7,1,1,200093201
201100035402,2011-05-03,2011,mai,mardi,17:30,59,59350,0,0,2,1,6,1,1,4,2,02,1,1,0,0,1,0,1,3,1,50,1,2,2,0,2,1,1,201100035402A01,,,,200093201
201100035406,2011-04-27,2011,avril,mercredi,21:00,59,59350,0,0,2,1,6,5,1,4,2,04,1,1,0,100,1,0,1,4,1,57,5,2,2,1,0,1,1,201100035406B01,7,22,1,200093201
201100035412,2011-05-06,2011,mai,vendredi,18:50,59,59350,0,0,2,1,3,1,1,4,2,02,1,1,0,0,1,0,1,1,1,22,5,1,2,0,2,2,15,201100035412A01,31,1,1,200093201
201100035414,2011-05-07,2011,mai,samedi,13:30,59,59350,0,0,2,3,6,1,1,4,2,02,1,1,0,0,1,0,1,3,1,22,0,2,2,1,2,1,0,201100035414A01,7,15,1,200093201
201100035418,2011-05-06,2011,mai,vendredi,11:20,59,59350,0,0,2,6,2,1,1,4,2,02,1,2,0,0,1,0,1,4,1,27,5,2,2,0,2,4,0,201100035418B01,7,0,1,200093201
201100035423,2011-05-11,2011,mai,mercredi,18:50,59,59009,0,0,2,7,3,1,1,4,2,02,1,1,0,0,1,0,1,4,1,10,5,3,4,0,2,1,0,201100035423B01,7,1,1,200093201
201100035434,2011-05-19,2011,mai,jeudi,07:10,59,59350,0,0,2,7,3,1,1,4,1,02,1,1,0,0,2,5,1,4,2,28,1,1,9,0,2,1,1,201100035434B01,7,1,1,200093201
201100035435,2011-05-19,2011,mai,jeudi,07:45,59,59350,0,0,2,1,1,1,2,4,2,02,2,1,0,0,2,0,5,4,2,33,4,3,9,1,0,1,1,201100035435B01,1,23,1,200093201
201100035435,2011-05-19,2011,mai,jeudi,07:45,59,59350,0,0,2,1,1,1,2,4,2,02,2,1,0,0,2,0,5,1,1,20,4,2,4,0,2,1,23,201100035435A01,1,1,1,200093201
201100035440,2011-05-23,2011,mai,lundi,09:50,59,59350,0,0,2,1,3,1,1,4,3,02,1,1,0,0,1,3,1,4,1,12,5,1,2,0,2,8,19,201100035440B01,7,16,1,200093201
201100035445,2011-05-24,2011,mai,mardi,14:10,59,59350,0,0,2,3,3,1,1,4,2,02,1,1,0,0,1,0,1,4,2,49,5,2,2,0,2,1,1,201100035445B01,7,1,1,200093201
201100035464,2011-06-01,2011,juin,mercredi,07:30,59,59527,0,0,2,3,3,1,1,4,1,02,1,-1,0,0,1,0,1,4,1,13,2,2,9,0,2,1,1,201100035464B01,7,1,1,200093201
201100035482,2011-06-16,2011,juin,jeudi,21:00,59,59350,0,0,2,1,6,1,1,4,2,02,1,1,0,121,1,0,4,4,1,17,5,2,2,0,2,1,1,201100035482A01,7,1,1,200093201
201100035485,2011-06-17,2011,juin,vendredi,14:05,59,59350,0,0,2,1,6,1,2,4,3,02,1,1,0,0,2,0,1,4,2,61,0,3,4,0,2,1,1,201100035485B01,7,1,1,200093201
201100035490,2011-06-20,2011,juin,lundi,21:45,59,59360,0,0,2,1,3,5,1,4,3,02,1,1,0,0,1,0,1,4,1,20,5,1,2,0,2,1,19,201100035490A01,7,0,1,200093201
201100035494,2011-06-22,2011,juin,mercredi,10:50,59,59560,0,0,2,2,3,1,1,3,1,02,1,1,0,0,1,0,1,4,1,18,2,1,9,0,2,7,1,201100035494B01,7,1,1,200093201
201100035504,2011-06-27,2011,juin,lundi,07:30,59,59437,0,0,2,1,6,1,1,3,2,02,1,1,0,64,1,0,5,4,1,45,1,1,2,0,0,4,2,201100035504B01,2,1,1,200093201
201100035508,2011-06-29,2011,juin,mercredi,17:20,59,59507,0,0,2,1,6,1,7,4,3,03,1,1,0,0,1,0,1,4,1,17,0,1,2,0,2,1,2,201100035508A01,37,1,1,200093201
201100035512,2011-06-30,2011,juin,jeudi,11:20,59,59350,0,0,2,2,6,1,1,4,1,02,1,1,0,0,1,0,1,4,2,27,0,3,4,0,2,0,2,201100035512B01,10,2,1,200093201
201100035521,2011-07-05,2011,juillet,mardi,09:10,59,59350,0,0,2,1,3,1,1,4,1,02,1,1,0,0,1,0,1,4,2,26,2,1,4,0,2,1,1,201100035521A01,7,15,1,200093201
201100035527,2011-07-11,2011,juillet,lundi,13:00,59,59350,0,0,2,1,6,1,1,4,3,04,1,1,0,0,1,0,1,4,1,75,5,3,4,0,2,8,1,201100035527B01,13,16,1,200093201
201100035529,2011-07-12,2011,juillet,mardi,12:10,59,59527,0,0,2,1,6,1,1,4,2,02,3,1,0,0,1,2,1,4,2,23,1,3,4,0,2,0,1,201100035529B01,17,14,1,200093201
201100035548,2011-07-31,2011,juillet,dimanche,15:20,59,59350,0,0,2,3,6,1,1,4,1,01,1,1,0,0,1,0,1,4,1,14,0,3,4,0,2,1,1,201100035548B01,7,1,1,200093201
201100035557,2011-08-12,2011,août,vendredi,14:45,59,59350,0,0,2,2,6,1,1,4,1,01,1,1,0,30,1,0,1,1,1,25,0,3,9,0,2,6,5,201100035557B01,7,1,1,200093201
201100035557,2011-08-12,2011,août,vendredi,14:45,59,59350,0,0,2,2,6,1,1,4,1,01,1,1,0,30,1,0,1,4,1,24,0,1,2,0,2,6,5,201100035557B01,7,1,1,200093201
201100035569,2011-08-26,2011,août,vendredi,12:30,59,59346,0,0,2,1,3,1,1,3,2,04,1,1,0,0,1,0,1,3,1,63,1,3,2,0,2,8,1,201100035569B01,10,1,1,200093201
201100035591,2011-09-09,2011,septembre,vendredi,16:15,59,59328,0,0,2,4,6,1,1,4,2,02,1,1,0,0,1,0,1,4,1,11,0,1,9,0,2,1,15,201100035591A01,7,1,1,200093201
201100035604,2011-09-16,2011,septembre,vendredi,12:15,59,59350,0,0,2,2,6,1,1,4,2,02,1,1,0,0,1,0,1,4,1,36,0,3,9,0,0,1,1,201100035604B01,14,16,1,200093201
201100035606,2011-09-12,2011,septembre,lundi,18:45,59,59507,0,0,2,6,6,1,1,4,2,02,1,1,0,0,1,0,0,4,2,54,5,2,4,0,2,1,1,201100035606B01,7,16,1,200093201
201100035611,2011-09-22,2011,septembre,jeudi,17:30,59,59350,0,0,2,1,3,1,1,4,2,04,1,1,0,0,1,0,1,4,2,54,1,2,2,0,2,7,1,201100035611B01,7,9,1,200093201
201100035622,2011-09-27,2011,septembre,mardi,18:30,59,59350,0,0,2,1,3,1,1,4,1,01,1,1,0,0,1,0,1,3,1,68,5,1,4,0,2,1,1,201100035622B01,7,1,1,200093201
201100035635,2011-10-08,2011,octobre,samedi,10:55,59,59378,0,0,2,1,3,1,1,4,2,02,1,1,0,0,1,0,1,4,2,73,3,2,2,1,0,1,1,201100035635B01,7,22,1,200093201
201100035637,2011-10-10,2011,octobre,lundi,11:20,59,59527,0,0,2,3,3,1,1,4,2,02,1,1,0,0,1,0,1,4,1,41,1,1,4,0,2,1,16,201100035637A01,7,1,1,200093201
201100035643,2011-10-12,2011,octobre,mercredi,07:30,59,59527,0,0,2,4,3,3,1,4,2,02,1,1,0,0,1,0,1,4,1,15,2,1,4,0,2,1,1,201100035643B01,7,1,1,200093201
201100035650,2011-10-14,2011,octobre,vendredi,15:30,59,59350,0,0,2,2,6,1,1,4,2,02,1,1,0,0,1,0,1,4,2,30,5,3,2,0,2,8,19,201100035650B01,7,15,1,200093201
201100035652,2011-10-14,2011,octobre,vendredi,16:30,59,59350,0,0,2,2,6,1,1,4,2,02,1,1,0,0,1,0,1,4,2,10,5,2,4,0,2,1,1,201100035652B01,30,16,1,200093201
201100035664,2011-10-24,2011,octobre,lundi,16:00,59,59350,0,0,2,2,6,1,1,4,1,02,1,1,0,0,1,0,1,4,1,23,9,2,4,0,2,1,0,201100035664A01,7,0,1,200093201
201100035669,2011-10-28,2011,octobre,vendredi,08:40,59,59350,0,0,2,2,3,1,1,4,2,04,1,1,0,0,2,0,1,4,2,30,1,1,9,0,2,1,1,201100035669B01,7,15,1,200093201
201100035673,2011-11-02,2011,novembre,mercredi,07:20,59,59360,0,0,2,2,3,2,1,4,1,01,1,1,0,0,1,0,1,4,1,29,1,1,9,0,2,1,0,201100035673B01,7,0,1,200093201
201100035675,2011-11-03,2011,novembre,jeudi,08:45,59,59350,0,0,2,2,6,2,1,4,3,02,1,1,0,0,1,0,1,4,1,39,0,1,2,0,2,0,1,201100035675B01,10,16,1,200093201
201100035696,2011-11-12,2011,novembre,samedi,10:00,59,59009,0,0,2,2,6,1,1,4,1,01,1,1,0,0,1,0,1,4,1,19,0,3,4,0,2,1,1,201100035696B01,7,2,1,200093201
201100035708,2011-11-19,2011,novembre,samedi,15:05,59,59009,0,0,2,1,2,1,1,4,2,00,1,1,0,0,1,0,1,4,1,50,5,1,2,0,2,1,1,201100035708A01,7,23,1,200093201
201100035711,2011-11-20,2011,novembre,dimanche,12:10,59,59350,0,0,2,1,6,1,1,4,1,01,1,1,0,0,1,0,1,4,1,45,5,2,4,0,2,4,1,201100035711B01,7,1,1,200093201
201100035718,2011-11-25,2011,novembre,vendredi,12:10,59,59350,0,0,2,1,6,1,1,4,2,04,1,1,0,0,1,0,1,4,1,10,0,3,4,0,2,8,19,201100035718B01,7,2,1,200093201
201100035726,2011-12-01,2011,décembre,jeudi,15:45,59,59009,0,0,2,3,6,1,1,4,3,04,1,1,0,0,1,0,5,4,1,46,1,3,4,0,2,1,5,201100035726A01,7,16,1,200093201
201100035732,2011-12-05,2011,décembre,lundi,10:15,59,59350,0,0,2,2,3,1,1,4,2,02,1,1,0,0,1,0,1,4,1,15,2,2,4,1,2,7,1,201100035732A01,10,1,1,200093201
201100035755,2011-12-16,2011,décembre,vendredi,18:35,59,59350,0,0,2,2,3,5,3,4,2,04,1,1,0,0,2,0,1,4,1,22,5,3,9,0,2,1,15,201100035755B01,2,1,1,200093201
201100035815,2011-01-18,2011,janvier,mardi,14:35,59,59512,0,0,2,3,3,1,1,4,2,02,1,1,0,0,1,0,1,4,1,30,9,3,9,0,2,7,2,201100035815B01,7,15,1,200093201
201100035821,2011-01-21,2011,janvier,vendredi,07:55,59,59512,0,0,2,2,3,2,4,4,2,02,1,1,0,0,7,5,1,4,2,24,1,2,4,0,2,3,2,201100035821B01,7,15,1,200093201
201100035824,2011-02-01,2011,février,mardi,19:40,59,59163,0,0,2,1,6,3,2,4,2,02,2,1,0,0,2,0,4,3,2,24,0,3,9,0,1,1,1,201100035824A01,1,1,1,200093201
201100035824,2011-02-01,2011,février,mardi,19:40,59,59163,0,0,2,1,6,3,2,4,2,02,2,1,0,0,2,0,4,1,1,25,0,3,9,0,0,0,1,201100035824B01,1,1,1,200093201
201100035883,2011-04-02,2011,avril,samedi,15:40,59,59646,0,0,2,2,3,1,1,4,2,02,1,1,0,0,1,0,1,1,2,13,0,2,9,0,2,8,1,201100035883A01,7,2,1,200093201
201100035883,2011-04-02,2011,avril,samedi,15:40,59,59646,0,0,2,2,3,1,1,4,2,02,1,1,0,0,1,0,1,4,1,11,0,2,9,0,2,8,1,201100035883A01,7,2,1,200093201
201100035887,2011-04-08,2011,avril,vendredi,17:35,59,59646,0,0,2,2,3,1,1,4,3,04,1,1,0,0,1,4,1,3,2,12,2,3,9,0,0,7,1,201100035887B01,7,1,1,200093201
201100035893,2011-03-14,2011,mars,lundi,14:30,59,59512,0,0,2,3,3,1,1,4,2,02,1,1,0,0,1,0,1,4,1,26,0,3,2,0,2,3,1,201100035893A01,7,1,1,200093201
201100035899,2011-04-16,2011,avril,samedi,18:30,59,59646,0,0,2,2,3,1,1,4,2,02,1,1,0,0,1,5,1,3,2,19,5,2,4,0,2,8,16,201100035899A01,7,1,1,200093201
201100035909,2011-04-30,2011,avril,samedi,11:15,59,59339,0,0,2,2,3,1,1,4,2,02,1,1,0,0,1,0,1,3,1,31,5,2,2,0,2,2,1,201100035909A01,7,15,1,200093201
201100035913,2011-05-03,2011,mai,mardi,14:45,59,59650,0,0,2,3,1,1,1,4,2,02,1,1,0,66,1,0,1,4,1,16,0,3,9,0,2,1,5,201100035913A01,7,1,1,200093201
201100035947,2011-06-10,2011,juin,vendredi,18:30,59,59512,0,0,2,2,3,1,2,4,-1,02,1,1,0,0,2,0,0,3,1,22,2,3,9,0,2,2,1,201100035947B01,7,1,1,200093201
201100035950,2011-06-13,2011,juin,lundi,12:15,59,59512,0,0,2,3,3,1,1,4,2,02,1,1,0,0,1,0,1,4,1,39,0,3,9,0,2,8,16,201100035950A01,7,1,1,200093201
201100035953,2011-06-15,2011,juin,mercredi,22:07,59,59512,0,0,2,2,3,1,1,4,2,02,1,1,0,0,1,5,1,4,1,11,0,3,4,0,2,4,2,201100035953A01,7,2,1,200093201
201100035968,2011-06-30,2011,juin,jeudi,16:50,59,59512,0,0,2,5,3,1,2,4,2,04,1,1,0,0,2,0,1,4,1,24,5,3,2,0,2,4,1,201100035968A01,7,1,1,200093201