Num_Acc,date,an,mois,jour,hrmn,dep,com,lat,long,agg,int,col,lum,atm,catr,circ,nbv,prof,plan,lartpc,larrout,surf,infra,situ,grav,sexe,age,trajet,secuexist,equipement,obs,obsm,choc,manv,vehiculeid,typevehicules,manoeuvehicules,numVehicules,_infos_commune.code_epci
201100035994,2011-08-08,2011,août,lundi,00:50,59,59650,0,0,2,1,2,3,8,4,2,02,1,1,0,60,2,0,1,3,1,29,5,1,4,0,2,4,2,201100035994B01,7,2,1,200093201
201100036003,2011-08-29,2011,août,lundi,20:45,59,59163,0,0,2,2,3,2,1,3,2,02,1,1,0,60,1,0,1,4,2,12,0,3,4,0,2,1,15,201100036003A01,7,1,1,200093201
201100036003,2011-08-29,2011,août,lundi,20:45,59,59163,0,0,2,2,3,2,1,3,2,02,1,1,0,60,1,0,1,4,2,10,5,3,4,0,2,1,15,201100036003A01,7,1,1,200093201
201100036023,2011-09-21,2011,septembre,mercredi,21:30,59,59512,0,0,2,3,3,5,2,4,2,02,1,1,0,0,1,5,1,4,2,68,5,2,9,0,2,1,15,201100036023A01,7,2,1,200093201
201100036029,2011-09-26,2011,septembre,lundi,13:30,59,59512,0,0,2,1,2,1,1,4,1,01,1,1,0,0,1,0,1,3,1,65,0,3,9,0,2,3,11,201100036029A01,7,1,1,200093201
201100036030,2011-09-27,2011,septembre,mardi,06:10,59,59163,0,0,2,1,3,5,1,4,2,02,1,1,0,0,1,0,1,4,1,43,1,2,4,0,2,2,1,201100036030B01,10,15,1,200093201
201100036034,2011-10-02,2011,octobre,dimanche,13:40,59,59512,0,0,2,3,3,1,7,4,2,02,1,1,0,0,1,0,1,3,1,13,5,3,9,0,2,8,19,201100036034B01,7,1,1,200093201
201100036035,2011-10-03,2011,octobre,lundi,17:40,59,59646,0,0,2,6,3,1,1,4,3,02,1,1,0,0,1,2,1,3,1,49,5,2,9,0,2,1,19,201100036035B01,7,1,1,200093201
201100036040,2011-10-04,2011,octobre,mardi,17:40,59,59650,0,0,2,3,6,1,1,4,1,01,1,1,0,0,1,0,0,4,2,40,1,3,4,1,0,1,1,201100036040B01,7,24,1,200093201
201100036041,2011-10-06,2011,octobre,jeudi,09:30,59,59512,0,0,2,3,3,1,2,4,-1,02,1,-1,0,0,2,0,1,4,1,46,0,3,9,0,0,8,19,201100036041A01,7,16,1,200093201
201100036049,2011-10-18,2011,octobre,mardi,08:50,59,59163,0,0,2,1,3,1,3,4,2,02,1,1,0,0,2,0,1,4,1,34,1,3,9,0,2,1,1,201100036049B01,7,15,1,200093201
201100036066,2011-11-10,2011,novembre,jeudi,07:15,59,59163,0,0,2,3,3,5,1,4,2,03,1,1,0,0,1,5,1,4,2,21,1,3,9,0,2,4,19,201100036066B01,7,0,1,200093201
201100036067,2011-11-10,2011,novembre,jeudi,07:30,59,59650,0,0,2,1,6,2,1,4,2,02,1,1,0,0,1,0,1,3,1,15,2,3,9,0,2,7,19,201100036067B01,7,1,1,200093201
201100036079,2011-11-22,2011,novembre,mardi,20:00,59,59650,0,0,1,2,1,5,1,9,2,02,1,1,0,70,1,0,1,4,2,17,5,3,9,0,2,1,1,201100036079A01,7,0,1,200093201
201100036114,2011-09-09,2011,septembre,vendredi,07:15,59,59526,0,0,2,6,3,1,1,3,2,02,2,1,0,0,1,0,0,4,1,13,2,2,4,0,2,8,9,201100036114A01,7,1,1,200042190
201100036116,2011-10-19,2011,octobre,mercredi,09:00,59,59526,0,0,2,1,2,1,7,3,2,02,1,2,0,0,1,2,1,3,1,84,5,2,2,0,2,4,1,201100036116B01,7,2,1,200042190
201100036131,2011-01-17,2011,janvier,lundi,08:30,59,59152,0,0,2,6,3,1,1,4,-1,02,1,-1,0,0,1,0,0,3,2,79,0,3,9,0,2,0,0,201100036131B01,10,9,1,200093201
201100036137,2011-02-03,2011,février,jeudi,16:20,59,59426,0,0,2,2,3,1,1,3,2,02,1,1,0,63,1,5,1,3,1,39,1,2,9,0,2,1,2,201100036137B01,7,15,1,200093201
201100036140,2011-02-07,2011,février,lundi,16:50,59,59152,0,0,2,3,3,2,1,4,2,02,1,2,0,0,1,0,1,4,1,56,0,3,9,0,2,7,1,201100036140B01,13,0,1,200093201
201100036177,2011-05-11,2011,mai,mercredi,12:45,59,59426,0,0,2,1,2,1,1,4,2,02,1,1,0,68,1,0,1,3,1,31,0,3,2,0,2,1,1,201100036177B01,7,1,1,200093201
201100036196,2011-06-05,2011,juin,dimanche,17:10,59,59599,0,0,2,1,3,1,1,4,1,01,1,1,0,0,1,0,1,3,1,25,5,3,9,0,2,2,19,201100036196B01,7,1,1,200093201
201100036199,2011-06-08,2011,juin,mercredi,12:30,59,59599,0,0,2,1,3,1,1,4,1,01,1,1,65,30,1,0,1,4,1,17,2,3,9,0,2,7,5,201100036199B01,7,15,1,200093201
201100036205,2011-06-14,2011,juin,mardi,14:15,59,59599,0,0,2,1,6,1,1,4,2,02,1,1,0,0,1,0,1,1,1,41,0,2,2,0,1,0,1,201100036205A01,,,,200093201
201100036207,2011-06-17,2011,juin,vendredi,08:30,59,59599,0,0,2,4,3,1,1,4,-1,00,1,2,0,37,1,5,1,3,1,15,2,3,9,0,2,7,11,201100036207A01,7,1,1,200093201
201100036217,2011-07-03,2011,juillet,dimanche,16:05,59,59599,0,0,2,2,3,1,1,3,2,00,1,1,0,0,1,5,1,4,1,25,5,3,2,0,2,1,1,201100036217A01,7,1,1,200093201
201100036225,2011-07-10,2011,juillet,dimanche,19:15,59,59599,0,0,2,2,3,1,1,4,-1,02,-1,-1,0,0,-1,0,0,4,1,20,9,3,9,0,0,1,1,201100036225A01,7,1,1,200093201
201100036234,2011-09-02,2011,septembre,vendredi,11:00,59,59279,0,0,2,1,6,1,1,4,-1,02,1,1,0,99,1,0,5,4,1,10,5,3,9,1,0,1,2,201100036234A01,7,0,1,200093201
201100036238,2011-08-17,2011,août,mercredi,11:10,59,59599,0,0,2,2,2,1,1,4,3,02,1,1,0,0,1,0,1,4,2,47,0,3,2,0,0,4,11,201100036238B01,7,1,1,200093201
201100036262,2011-09-27,2011,septembre,mardi,17:00,59,59599,0,0,2,2,3,1,1,4,3,04,2,1,30,120,1,5,1,4,2,49,1,2,9,0,2,8,1,201100036262B01,7,11,1,200093201
201100036272,2011-10-11,2011,octobre,mardi,13:10,59,59599,0,0,2,2,3,1,1,4,2,02,2,1,0,0,1,0,1,3,2,19,0,2,9,0,2,7,1,201100036272A01,7,1,1,200093201
201100036273,2011-10-12,2011,octobre,mercredi,18:20,59,59599,0,0,2,3,1,1,1,4,2,02,-1,-1,0,0,-1,0,1,3,1,47,0,3,9,0,2,1,0,201100036273B01,7,11,1,200093201
201100036276,2011-10-16,2011,octobre,dimanche,17:20,59,59599,0,0,2,1,6,1,1,4,3,04,1,1,0,0,1,0,0,3,1,67,5,3,9,0,2,8,2,201100036276B01,7,2,1,200093201
201100036279,2011-10-24,2011,octobre,lundi,13:15,59,59508,0,0,2,6,1,1,1,3,1,01,1,1,0,50,1,0,1,3,2,30,4,2,2,0,2,8,15,201100036279B01,7,14,1,200093201
201100036291,2011-12-02,2011,décembre,vendredi,09:45,59,59599,0,0,2,1,2,1,1,4,2,02,1,1,0,0,1,0,1,4,1,13,5,3,9,0,2,1,2,201100036291B01,7,14,1,200093201
201100036299,2011-12-10,2011,décembre,samedi,14:00,59,59152,0,0,2,7,3,1,1,4,1,01,1,1,0,30,1,0,1,3,2,52,0,3,9,0,0,0,0,201100036299B01,7,15,1,200093201
201100036315,2011-12-21,2011,décembre,mercredi,17:35,59,59599,0,0,2,1,6,5,2,3,2,02,1,1,0,0,1,0,1,3,1,10,5,3,9,0,2,7,1,201100036315B01,7,1,1,200093201
201100036320,2011-01-09,2011,janvier,dimanche,17:15,59,59606,50.36399,3.52261,2,1,6,2,1,4,3,02,1,1,0,0,1,0,5,2,1,71,5,2,2,0,0,0,0,201100036320A01,,,,245901160
201100036356,2011-02-27,2011,février,dimanche,09:55,59,59447,0,0,2,2,6,1,1,4,2,02,1,1,0,103,1,0,1,4,1,78,5,3,9,0,2,3,23,201100036356B01,7,15,1,245901160
201100036362,2011-04-03,2011,avril,dimanche,17:00,59,59491,0,0,1,1,2,1,1,5,-1,00,1,1,0,0,2,6,1,3,1,60,5,3,9,0,2,4,1,201100036362B01,30,1,1,200042190
201100036378,2011-04-24,2011,avril,dimanche,18:30,59,59491,0,0,2,1,3,1,1,4,2,02,1,1,0,60,1,0,1,3,2,12,5,3,9,0,2,8,19,201100036378B01,7,1,1,200042190
201100036384,2011-05-05,2011,mai,jeudi,15:15,59,59014,0,0,2,1,6,1,1,4,2,,1,1,0,70,1,0,5,4,1,36,1,1,2,1,0,1,1,201100036384B01,7,24,1,245901160
201100036389,2011-05-18,2011,mai,mercredi,08:25,59,59603,0,0,2,2,6,1,1,4,2,02,1,1,0,61,1,0,1,4,1,33,0,1,2,0,1,1,1,201100036389A01,,,,200042190
201100036391,2011-05-09,2011,mai,lundi,15:55,59,59112,0,0,2,1,6,1,1,4,2,02,1,1,0,0,1,0,0,4,2,51,0,3,9,0,2,0,0,201100036391B01,7 / 30,1 / 0,2,245901160
201100036398,2011-05-12,2011,mai,jeudi,13:00,59,59606,0,0,2,6,3,1,1,4,2,02,1,1,0,0,1,5,1,4,2,56,5,3,9,0,2,1,1,201100036398B01,7,0,1,245901160
201100036406,2011-06-08,2011,juin,mercredi,21:35,59,59014,0,0,2,1,6,1,1,4,-1,,1,1,0,0,1,0,0,4,2,13,5,3,9,0,2,0,0,201100036406A01,7,1,1,245901160
201100036408,2011-05-21,2011,mai,samedi,18:00,59,59606,0,0,2,2,3,1,1,4,1,01,1,1,0,0,1,0,1,3,1,19,0,3,9,0,2,4,0,201100036408B01,7,1,1,245901160
201100036413,2011-05-04,2011,mai,mercredi,18:40,59,59459,0,0,2,1,3,1,1,4,2,02,1,1,0,0,1,0,1,4,1,8,0,3,9,1,2,1,19,201100036413A01,7,1,1,245901160
201100036416,2011-06-10,2011,juin,vendredi,18:30,59,59544,0,0,1,1,2,1,1,3,2,02,1,1,0,0,1,0,1,3,1,72,5,1,2,0,2,8,1,201100036416B01,7,1,1,245901160
201100036431,2011-07-15,2011,juillet,vendredi,15:40,59,59491,0,0,2,1,1,1,1,4,2,02,1,4,0,60,1,0,5,4,1,56,0,2,2,0,2,1,1,201100036431A01,30,5,1,200042190
201100036453,2011-10-07,2011,octobre,vendredi,16:55,59,59491,0,0,2,1,6,2,1,4,2,02,-1,-1,0,0,1,0,1,4,1,19,0,3,9,0,2,1,0,201100036453B01,7,1,1,200042190
201100036457,2011-10-01,2011,octobre,samedi,16:25,59,59112,0,0,2,1,6,1,1,4,2,02,1,1,0,0,1,0,1,3,1,15,5,3,9,0,2,8,19,201100036457B01,7,1,1,245901160
201100036469,2011-11-10,2011,novembre,jeudi,21:00,59,59014,0,0,2,6,6,5,1,3,2,02,1,1,0,0,1,5,1,4,1,30,5,1,4,0,2,4,1,201100036469B01,7,9,1,245901160
201100036473,2011-11-10,2011,novembre,jeudi,13:50,59,59606,0,0,2,2,3,1,1,4,2,02,1,1,0,0,1,0,1,4,2,39,0,3,9,0,2,0,9,201100036473B01,7,9,1,245901160
201100036476,2011-10-27,2011,octobre,jeudi,15:55,59,59484,0,0,2,1,6,1,1,4,2,02,1,1,0,99,1,0,1,3,1,51,5,1,9,0,2,1,17,201100036476B01,7,15,1,245901160
201100036480,2011-12-06,2011,décembre,mardi,07:20,59,59606,0,0,2,3,6,5,1,4,2,,1,1,30,60,1,0,1,3,1,20,0,3,4,0,2,8,1,201100036480B01,14,16,1,245901160
201100036482,2011-12-20,2011,décembre,mardi,12:00,59,59491,50.38123,3.49345,2,1,6,1,1,3,2,02,1,1,0,0,1,0,5,2,1,60,1,2,2,1,0,1,1,201100036482B01,7,24,1,200042190
201100036496,2011-12-16,2011,décembre,vendredi,10:00,60,60057,0,0,2,3,3,1,2,4,-1,01,1,1,0,0,2,5,1,3,2,41,4,3,9,0,2,7,1,201100036496B01,7,1,1,200067999
201100036497,2011-12-22,2011,décembre,jeudi,11:50,60,60057,0,0,2,1,6,1,8,4,2,02,2,1,0,0,2,0,1,3,1,28,3,3,9,0,1,1,1,201100036497A01,,,,200067999
201100036498,2011-01-21,2011,janvier,vendredi,19:50,60,60057,0,0,2,1,6,5,1,4,2,02,1,1,0,0,1,0,1,3,2,30,5,3,9,0,2,0,0,201100036498B01,7,0,1,200067999
201100036503,2011-01-18,2011,janvier,mardi,11:10,60,60159,0,0,2,6,7,1,1,4,2,02,1,-1,0,77,2,5,1,4,1,75,3,2,2,0,0,0,1,201100036503A01,7,1,1,200067965
201100036541,2011-07-15,2011,juillet,vendredi,18:40,60,60175,0,0,2,1,2,1,1,4,2,02,1,1,0,50,1,0,1,4,1,58,1,2,2,0,2,4,1,201100036541A01,7,2,1,200068047
201100036544,2011-07-29,2011,juillet,vendredi,12:35,60,60175,0,0,2,2,3,1,1,4,2,02,1,1,0,0,-1,0,0,4,2,12,5,2,2,0,2,1,19,201100036544B01,7,1,1,200068047
201100036548,2011-09-03,2011,septembre,samedi,16:00,60,60175,0,0,2,2,3,1,1,4,-1,01,1,1,0,40,1,0,4,4,2,12,5,3,9,0,2,3,19,201100036548B01,33,1,1,200068047
201100036560,2011-10-29,2011,octobre,samedi,21:10,60,60463,0,0,2,1,6,5,2,4,2,02,1,1,0,0,2,0,1,3,1,12,5,3,2,0,2,1,0,201100036560B01,7,0,1,200068047
201100036573,2011-04-18,2011,avril,lundi,17:30,61,61397,0,0,1,2,3,1,1,3,2,02,2,3,0,61,1,0,1,3,1,62,5,2,2,0,2,3,19,201100036573B01,33,21,1,246100663
201100036585,2011-08-31,2011,août,mercredi,16:30,61,61001,0,0,2,3,3,1,1,4,2,02,1,1,0,50,1,0,1,3,1,15,5,2,9,0,2,8,15,201100036585A01,2,17,1,246100663
201100036593,2011-12-09,2011,décembre,vendredi,02:00,61,61001,0,0,2,2,6,5,1,4,2,02,2,3,0,66,1,0,1,3,1,24,5,2,4,0,2,4,1,201100036593B01,7,15,1,246100663
201100036604,2011-05-11,2011,mai,mercredi,13:40,61,61006,0,0,2,3,3,1,1,4,2,02,1,1,0,53,1,0,1,3,1,9,5,3,9,0,0,8,19,201100036604B01,7,1,1,200068450
201100036641,2011-08-10,2011,août,mercredi,14:25,62,62099,0,0,1,1,7,1,1,3,2,02,1,2,0,92,1,0,3,3,1,78,5,3,8,7,0,1,15,201100036641A01,,,,200033579
201100036643,2011-09-23,2011,septembre,vendredi,12:10,62,62004,0,0,2,6,3,1,1,3,2,02,1,1,0,0,1,5,0,4,1,32,1,1,2,0,2,7,1,201100036643B01,7,9,1,200033579
201100036654,2011-06-23,2011,juin,jeudi,19:20,62,62516,0,0,2,4,3,1,1,3,2,00,1,3,0,0,1,0,1,3,2,69,3,1,9,0,2,1,5,201100036654B01,7,15,1,200072460
201100036673,2011-05-05,2011,mai,jeudi,17:24,62,62277,0,0,1,1,6,1,1,3,2,03,1,1,0,112,1,0,1,3,2,73,5,3,9,0,2,0,1,201100036673A01,7,0,1,246200299
201100036677,2011-05-31,2011,mai,mardi,16:25,62,62277,0,0,2,1,6,1,1,4,2,02,1,3,0,80,1,0,1,4,1,18,1,2,2,1,0,1,1,201100036677A01,,,,246200299
201100036687,2011-09-14,2011,septembre,mercredi,17:40,62,62065,0,0,2,3,6,1,2,4,2,02,1,1,0,0,2,0,1,4,2,9,5,2,9,0,0,1,24,201100036687B01,,,,246200364
201100036694,2011-10-26,2011,octobre,mercredi,14:30,62,62724,0,0,2,1,3,1,1,4,2,02,1,1,0,42,1,0,1,4,1,12,5,3,9,0,2,2,10,201100036694A01,7,17,1,246200299
201100036706,2011-07-03,2011,juillet,dimanche,18:55,62,62108,0,0,2,2,3,1,1,4,2,02,1,1,0,91,1,0,1,3,2,58,5,3,2,0,0,1,1,201100036706A01,7,19,1,200069029
201100036708,2011-08-19,2011,août,vendredi,09:50,62,62108,0,0,2,1,3,1,1,4,2,01,1,1,0,70,1,0,1,3,2,11,5,1,2,0,2,1,15,201100036708B01,7,1,1,200069029
201100036711,2011-10-28,2011,octobre,vendredi,18:00,62,62108,0,0,2,2,3,1,1,4,1,01,1,1,0,50,1,0,1,3,2,61,5,3,9,0,2,4,19,201100036711B01,7,1,1,200069029
201100036713,2011-11-18,2011,novembre,vendredi,08:50,62,62108,0,0,2,6,3,1,1,9,-1,02,1,3,0,0,1,0,1,4,1,38,9,3,9,0,2,1,16,201100036713B01,7,9,1,200069029
201100036720,2011-03-18,2011,mars,vendredi,13:20,62,62051,0,0,2,1,7,1,1,4,2,02,1,1,0,60,1,0,0,3,1,32,0,3,2,0,0,0,0,201100036720A01,,,,200072460
201100036735,2011-11-02,2011,novembre,mercredi,21:30,62,62119,0,0,1,1,2,5,1,4,2,02,1,1,0,80,1,0,1,4,1,51,1,1,4,0,2,4,1,201100036735B01,7,17,1,200072460
201100036787,2011-01-27,2011,janvier,jeudi,07:30,62,62193,0,0,2,1,3,4,1,4,2,02,1,1,0,80,1,0,1,3,1,15,9,3,9,0,2,1,0,201100036787A01,7,1,1,200090751
201100036823,2011-08-18,2011,août,jeudi,14:00,62,62193,0,0,2,2,3,1,2,4,1,01,1,1,0,75,2,0,0,4,1,15,5,2,2,0,2,8,1,201100036823A01,3,0,1,200090751
201100036824,2011-08-26,2011,août,vendredi,15:55,62,62193,0,0,2,3,3,1,2,4,2,02,1,1,0,60,2,5,1,3,2,67,5,2,2,0,2,1,0,201100036824B01,7,15,1,200090751
201100036825,2011-09-05,2011,septembre,lundi,11:25,62,62193,0,0,2,1,2,1,1,4,4,02,1,-1,0,80,-1,0,1,4,2,18,1,3,9,0,2,0,0,201100036825B01,7,1,1,200090751
201100036826,2011-09-07,2011,septembre,mercredi,10:50,62,62193,0,0,2,1,3,1,1,4,2,02,1,1,20,108,1,0,1,3,1,14,5,2,9,0,2,8,15,201100036826B01,7,1,1,200090751
201100036838,2011-11-19,2011,novembre,samedi,16:05,62,62193,0,0,2,1,3,1,1,4,1,01,1,1,0,45,1,0,5,4,2,48,5,3,9,0,2,1,1,201100036838A01,7,1,1,200090751
201100036841,2011-11-25,2011,novembre,vendredi,17:05,62,62193,0,0,2,1,2,2,1,4,2,02,1,1,0,70,1,0,1,4,1,17,2,3,9,0,0,4,2,201100036841A01,7,2,1,200090751
201100036857,2011-01-22,2011,janvier,samedi,13:50,62,62907,0,0,2,1,3,1,2,4,2,02,1,1,0,70,2,0,1,3,2,15,9,1,9,0,2,1,14,201100036857A01,7,15,1,246200299
201100036869,2011-05-11,2011,mai,mercredi,14:40,62,62907,0,0,2,1,3,1,1,4,2,02,1,1,0,35,1,0,1,4,1,74,9,1,9,0,2,4,9,201100036869A01,7,2,1,246200299
201100036877,2011-07-01,2011,juillet,vendredi,08:45,62,62637,0,0,2,1,6,1,1,4,2,02,1,1,0,0,1,0,1,4,2,61,1,3,9,0,2,0,1,201100036877B01,10,17,1,246200299
201100036881,2011-07-06,2011,juillet,mercredi,11:30,62,62413,0,0,1,3,3,1,2,4,2,02,1,1,0,57,2,5,1,3,1,77,5,2,2,0,2,8,15,201100036881B01,7,1,1,246200364
201100036882,2011-07-09,2011,juillet,samedi,16:15,62,62250,0,0,2,6,3,1,1,3,1,02,1,1,220,68,1,0,1,4,2,12,5,3,9,0,2,8,1,201100036882B01,7,17,1,246200299
201100036883,2011-07-11,2011,juillet,lundi,09:20,62,62215,0,0,2,1,6,1,1,3,2,02,1,1,0,71,1,0,1,3,1,63,5,1,2,0,2,8,1,201100036883A01,10,1,1,246200299
201100036886,2011-07-11,2011,juillet,lundi,14:10,62,62907,0,0,2,4,3,1,1,4,2,02,1,1,0,71,1,0,1,4,2,75,9,3,9,0,2,1,1,201100036886B01,7,15,1,246200299
201100036895,2011-09-10,2011,septembre,samedi,16:00,62,62637,0,0,2,2,1,1,1,4,2,02,1,1,0,80,1,5,0,4,1,58,5,3,9,0,2,1,1,201100036895A01,7,15,1,246200299
201100036922,2011-05-22,2011,mai,dimanche,16:10,62,62427,0,0,2,1,6,1,1,4,2,02,1,1,0,0,1,0,1,4,1,12,5,2,4,0,2,7,1,201100036922B01,30,1,1,246200299
201100036924,2011-05-19,2011,mai,jeudi,09:20,62,62249,0,0,2,6,3,1,1,4,2,02,1,1,0,0,1,0,1,3,2,44,4,2,4,0,2,7,1,201100036924B01,10,9,1,246200299
201100036926,2011-06-02,2011,juin,jeudi,21:20,62,62427,0,0,2,6,3,1,1,4,1,02,1,1,0,0,1,0,1,4,1,18,5,2,4,0,2,1,9,201100036926A01,7,9,1,246200299
201100036957,2011-03-08,2011,mars,mardi,17:20,62,62523,0,0,2,1,6,1,1,4,2,02,1,1,0,60,1,0,1,4,1,48,5,3,9,0,2,1,1,201100036957B01,7,16,1,246200364
201100036961,2011-04-19,2011,avril,mardi,16:50,62,62842,0,0,2,3,3,1,1,3,2,02,1,1,0,102,1,0,5,4,1,56,5,1,2,0,2,1,0,201100036961B01,7,15,1,246200364
201100036976,2011-07-20,2011,juillet,mercredi,09:30,62,62498,0,0,2,1,6,1,1,4,2,02,1,1,0,0,1,0,1,4,1,51,5,3,9,0,2,8,1,201100036976B01,7,20,1,246200364
201100036992,2011-10-25,2011,octobre,mardi,15:35,62,62895,0,0,2,1,6,1,1,4,1,01,1,-1,0,0,1,6,1,3,2,54,5,3,9,0,2,4,13,201100036992B01,7,17,1,246200364
201100037016,2011-04-10,2011,avril,dimanche,17:30,62,62386,0,0,2,1,1,1,1,4,1,01,1,1,0,0,1,0,1,4,1,13,5,2,9,0,2,1,5,201100037016A01,7,1,1,246200364
201100037024,2011-06-03,2011,juin,vendredi,17:00,62,62528,0,0,2,2,3,1,1,4,1,00,1,1,0,42,-1,0,1,4,1,16,5,2,9,0,2,1,9,201100037024A01,3,1,1,246200364
201100037027,2011-07-03,2011,juillet,dimanche,18:31,62,62186,0,0,2,1,3,1,1,4,2,01,1,2,0,0,1,0,1,3,1,52,5,2,2,0,2,8,0,201100037027B01,7,9,1,246200364
201100037033,2011-08-02,2011,août,mardi,17:00,62,62510,0,0,2,1,3,1,1,4,2,00,1,1,0,110,1,0,1,3,2,39,5,2,9,0,2,1,18,201100037033B01,10,16,1,246200364
201100037068,2011-07-24,2011,juillet,dimanche,10:05,62,62083,0,0,2,3,3,1,1,4,2,02,1,1,0,50,1,0,1,2,1,66,5,1,2,0,2,1,15,201100037068B01,7,1,1,200072460
201100037084,2011-10-06,2011,octobre,jeudi,18:30,62,62525,0,0,2,3,6,1,1,4,2,02,1,1,0,82,1,0,1,3,1,17,2,1,9,0,0,2,16,201100037084A01,,,,200069037
201100037095,2011-08-01,2011,août,lundi,20:20,62,62826,0,0,2,1,6,1,1,4,1,01,1,2,38,82,1,0,5,4,2,71,5,3,9,0,0,0,15,201100037095A01,,,,200069029
201100037096,2011-08-02,2011,août,mardi,17:00,62,62826,0,0,2,2,3,1,1,4,2,02,1,1,0,82,1,0,1,3,1,10,5,1,9,0,2,4,1,201100037096B01,7,1,1,200069029
201100037098,2011-08-09,2011,août,mardi,16:35,62,62826,0,0,2,9,3,1,1,4,1,01,-1,-1,0,0,-1,0,4,4,1,11,5,3,9,1,0,1,9,201100037098B01,13,23,1,200069029
201100037099,2011-08-25,2011,août,jeudi,19:15,62,62826,0,0,2,2,6,1,1,4,1,01,1,1,0,60,1,0,1,3,2,58,5,2,9,0,1,1,1,201100037099A01,,,,200069029
201100037123,2011-01-13,2011,janvier,jeudi,07:40,63,63113,45.7711,3.0944,2,1,6,1,1,4,-1,02,2,1,0,0,1,0,1,4,1,16,2,1,2,0,2,1,1,201100037123A01,7,16,1,246300701
201100037129,2011-01-15,2011,janvier,samedi,18:45,63,63113,45.77054,3.10111,2,1,6,5,1,4,2,03,1,1,0,,1,0,1,4,1,13,5,3,2,0,2,0,19,201100037129B01,33,1,1,246300701
201100037135,2011-01-20,2011,janvier,jeudi,18:30,63,63113,0,0,2,1,6,1,1,4,2,04,1,1,0,0,1,0,1,4,1,28,9,1,2,0,2,1,1,201100037135B01,7,3,1,246300701
201100037148,2011-01-30,2011,janvier,dimanche,11:37,63,63113,0,0,2,1,6,1,1,4,1,02,1,1,0,0,-1,0,1,4,2,41,9,2,2,0,2,0,0,201100037148B01,7,1,1,246300701
201100037157,2011-02-06,2011,février,dimanche,14:20,63,63113,0,0,2,1,6,1,1,4,1,02,1,1,0,0,1,0,1,4,1,33,9,1,2,0,2,1,1,201100037157A01,7,15,1,246300701
201100037167,2011-02-09,2011,février,mercredi,21:30,63,63113,0,0,2,1,3,5,1,4,2,02,4,-1,0,80,1,0,1,4,1,30,0,3,2,0,2,0,0,201100037167A01,7,16,1,246300701
201100037170,2011-02-13,2011,février,dimanche,00:23,63,63113,0,0,2,1,6,5,1,3,1,04,1,1,,,1,0,1,4,2,46,1,2,4,0,2,8,1,201100037170B01,7,0,1,246300701
201100037239,2011-04-08,2011,avril,vendredi,09:22,63,63113,0,0,2,1,6,1,1,4,2,00,1,1,0,0,1,0,5,4,1,58,0,3,9,0,2,0,1,201100037239B01,7,16,1,246300701
201100037246,2011-04-17,2011,avril,dimanche,15:46,63,63113,0,0,2,1,6,1,1,3,2,05,1,1,0,,1,0,1,4,1,63,9,3,2,0,2,4,0,201100037246B01,7,1,1,246300701
201100037249,2011-04-18,2011,avril,lundi,09:45,63,63113,0,0,2,1,2,1,1,3,3,05,1,1,0,,1,0,1,4,1,35,0,3,2,0,0,4,1,201100037249B01,7,1,1,246300701
201100037278,2011-05-06,2011,mai,vendredi,13:33,63,63113,45.79175,3.114,2,3,3,1,1,4,1,00,1,1,0,0,1,0,1,4,1,12,5,3,9,0,2,1,1,201100037278B01,7,1,1,246300701
201100037287,2011-05-17,2011,mai,mardi,07:30,63,63113,0,0,2,1,3,1,1,4,1,01,1,1,0,40,1,0,1,4,1,12,0,3,2,0,2,1,19,201100037287A01,10,1,1,246300701
201100037293,2011-05-22,2011,mai,dimanche,08:10,63,63113,0,0,2,1,3,1,1,3,2,02,2,1,0,80,1,0,5,3,1,49,5,3,2,0,2,8,1,201100037293B01,7,15,1,246300701
201100037326,2011-06-07,2011,juin,mardi,14:20,63,63113,45.78248,3.09146,2,1,6,1,1,4,2,02,1,1,0,0,1,0,1,4,1,50,9,3,4,0,2,1,13,201100037326B01,7,1,1,246300701
201100037340,2011-06-17,2011,juin,vendredi,08:07,63,63113,0,0,2,1,6,1,1,4,-1,00,-1,-1,0,0,-1,0,0,4,1,35,0,3,2,0,0,0,0,201100037340B01,7,0,1,246300701
201100037363,2011-07-04,2011,juillet,lundi,14:50,63,63113,0,0,2,1,7,1,1,3,3,04,1,1,30,200,9,0,1,4,1,33,0,3,2,0,0,0,1,201100037363B01,7,9,1,246300701
201100037364,2011-07-05,2011,juillet,mardi,10:27,63,63113,45.77697,3.11775,2,2,3,1,1,3,2,00,1,1,0,0,1,0,1,4,1,27,0,3,9,0,2,1,1,201100037364B01,10,15,1,246300701
201100037377,2011-07-12,2011,juillet,mardi,19:20,63,63113,0,0,2,1,1,1,1,3,2,00,1,1,0,0,1,0,1,4,1,27,0,3,9,0,2,3,13,201100037377A01,7,23,1,246300701
201100037394,2011-07-29,2011,juillet,vendredi,14:04,63,63113,0,0,2,1,6,1,1,4,1,00,1,-1,0,0,1,0,1,4,1,43,0,3,2,0,2,0,1,201100037394B01,7,16,1,246300701
201100037397,2011-07-31,2011,juillet,dimanche,17:55,63,63113,0,0,2,1,6,1,1,4,-1,00,1,1,0,0,1,0,1,4,1,25,0,3,2,0,2,0,0,201100037397A01,33,1,1,246300701
201100037397,2011-07-31,2011,juillet,dimanche,17:55,63,63113,0,0,2,1,6,1,1,4,-1,00,1,1,0,0,1,0,1,4,1,16,0,3,2,0,2,0,0,201100037397A01,33,1,1,246300701
201100037469,2011-10-02,2011,octobre,dimanche,18:00,63,63113,0,0,2,1,3,1,1,4,3,06,3,2,20,150,1,0,1,3,2,39,0,3,2,0,2,0,19,201100037469B01,7,15,1,246300701