Num_Acc,date,an,mois,jour,hrmn,dep,com,lat,long,agg,int,col,lum,atm,catr,circ,nbv,prof,plan,lartpc,larrout,surf,infra,situ,grav,sexe,age,trajet,secuexist,equipement,obs,obsm,choc,manv,vehiculeid,typevehicules,manoeuvehicules,numVehicules,_infos_commune.code_epci
201100037470,2011-10-03,2011,octobre,lundi,08:00,63,63113,45.77282,3.09285,2,1,6,1,1,4,2,02,1,1,0,0,1,0,1,4,1,19,0,3,9,1,0,1,1,201100037470B01,7,22,1,246300701
201100037485,2011-10-08,2011,octobre,samedi,15:15,63,63113,45.81359,3.10703,2,3,3,1,1,4,3,02,1,1,0,0,1,5,1,3,1,14,5,3,9,0,2,1,1,201100037485B01,7,1,1,246300701
201100037501,2011-10-15,2011,octobre,samedi,18:30,63,63032,0,0,2,1,6,1,1,4,2,02,1,1,0,0,1,0,1,4,1,40,9,3,2,0,2,2,1,201100037501B01,7,15,1,246300701
201100037519,2011-10-27,2011,octobre,jeudi,12:20,63,63113,0,0,2,1,6,1,1,3,2,00,1,1,0,0,1,0,1,4,1,65,0,3,9,0,2,0,1,201100037519B01,10,1,1,246300701
201100037523,2011-10-30,2011,octobre,dimanche,17:00,63,63113,45.77985,3.11026,1,1,6,1,1,4,2,01,1,1,0,0,-1,0,1,4,1,14,0,3,2,0,0,0,0,201100037523A01,,,,246300701
201100037538,2011-11-05,2011,novembre,samedi,16:15,63,63113,0,0,2,1,3,1,1,3,3,02,1,1,0,0,1,0,5,4,2,56,0,3,9,0,2,1,1,201100037538B01,7,1,1,246300701
201100037539,2011-11-07,2011,novembre,lundi,11:30,63,63113,0,0,2,1,6,1,2,4,1,01,1,1,0,0,2,0,1,4,1,23,9,3,2,0,2,1,0,201100037539A01,7,0,1,246300701
201100037543,2011-11-08,2011,novembre,mardi,14:08,63,63032,0,0,2,1,6,1,1,4,2,03,1,1,0,0,1,0,1,4,1,28,9,3,2,0,2,1,0,201100037543A01,7,0,1,246300701
201100037547,2011-11-09,2011,novembre,mercredi,13:26,63,63113,0,0,2,1,6,1,1,4,-1,01,1,1,0,0,-1,0,0,4,1,19,0,3,4,0,2,0,0,201100037547A01,,,,246300701
201100037551,2011-11-12,2011,novembre,samedi,10:30,63,63113,0,0,2,1,6,1,1,4,2,02,1,1,0,0,1,0,1,4,2,41,4,1,9,0,2,1,0,201100037551B01,7,15,1,246300701
201100037557,2011-11-23,2011,novembre,mercredi,08:45,63,63075,0,0,2,1,6,1,1,3,2,02,1,1,0,0,-1,0,1,4,1,25,9,3,4,0,2,0,0,201100037557B01,7,15,1,246300701
201100037608,2011-12-31,2011,décembre,samedi,13:00,63,63113,0,0,2,1,7,1,1,4,2,02,1,-1,0,70,-1,0,1,3,1,53,0,1,2,16,0,0,0,201100037608A01,,,,246300701
201100037627,2011-10-04,2011,octobre,mardi,18:25,63,63193,45.77222,3.19532,2,2,2,1,1,4,2,02,1,1,0,61,1,0,1,3,2,83,5,3,9,0,2,1,1,201100037627B01,7,4,1,246300701
201100037650,2011-10-04,2011,octobre,mardi,15:30,63,63103,45.92537,3.06358,2,3,3,1,1,3,2,02,2,3,0,0,1,0,1,3,1,63,5,1,2,0,2,2,17,201100037650A01,7,15,1,200070753
201100037668,2011-02-18,2011,février,vendredi,09:02,64,64024,43.5263,-1.51159,2,1,3,1,1,3,2,03,1,1,0,88,1,0,1,3,1,42,1,2,2,0,2,1,1,201100037668B01,7,10,1,200067106
201100037680,2011-03-26,2011,mars,samedi,11:00,64,64024,43.4885,-1.51267,2,3,3,1,1,4,2,02,1,1,0,0,1,0,1,4,1,15,5,2,2,0,2,1,2,201100037680B01,7,16,1,200067106
201100037683,2011-03-31,2011,mars,jeudi,12:10,64,64024,43.4833,-1.50198,2,1,7,1,1,3,3,04,1,1,30,140,1,0,1,1,1,61,5,1,2,0,1,1,7,201100037683A01,,,,200067106
201100037738,2011-07-22,2011,juillet,vendredi,07:40,64,64024,43.4991,-1.53992,2,3,2,1,1,4,2,02,2,4,0,70,1,0,1,3,1,45,5,1,2,0,2,4,2,201100037738B01,7,2,1,200067106
201100037752,2011-08-14,2011,août,dimanche,16:35,64,64024,43.4812,-1.51064,2,3,6,1,1,3,2,03,1,1,0,197,1,0,1,4,1,47,5,3,9,0,0,0,0,201100037752A01,7,0,1,200067106
201100037765,2011-09-04,2011,septembre,dimanche,11:00,64,64024,43.4844,-1.50418,2,1,7,1,1,4,2,02,1,1,0,70,1,0,1,3,1,63,5,1,2,0,0,0,0,201100037765A01,,,,200067106
201100037787,2011-10-10,2011,octobre,lundi,17:25,64,64102,43.4889,-1.46592,2,1,3,1,1,4,2,02,1,1,0,0,1,0,1,4,1,43,0,1,2,0,2,0,0,201100037787A01,7,1,1,200067106
201100037808,2011-11-09,2011,novembre,mercredi,07:36,64,64024,43.4778,-1.5236,2,6,3,1,1,3,2,02,1,1,0,0,1,5,1,4,1,51,0,1,2,0,2,0,0,201100037808B01,7,0,1,200067106
201100037810,2011-11-10,2011,novembre,jeudi,18:19,64,64102,43.5052,-1.46729,2,1,6,5,1,3,2,02,1,1,0,0,1,0,1,3,1,84,0,3,9,0,2,0,0,201100037810B01,7,0,1,200067106
201100037813,2011-11-16,2011,novembre,mercredi,07:30,64,64102,43.4818,-1.48666,2,1,6,2,1,4,3,02,1,1,0,0,1,0,1,3,1,25,1,1,2,0,2,8,0,201100037813B01,20,16,1,200067106
201100037854,2011-03-24,2011,mars,jeudi,08:45,64,64125,43.4472,-1.57679,2,1,3,1,1,3,1,02,1,-1,0,0,1,0,1,4,1,73,5,1,2,0,2,4,2,201100037854B01,7,2,1,200067106
201100037864,2011-05-03,2011,mai,mardi,19:15,64,64122,43.4492,-1.55723,1,4,3,1,1,4,1,02,1,1,0,0,-1,0,1,3,1,40,1,3,4,0,2,4,1,201100037864B01,7,9,1,200067106
201100037911,2011-10-16,2011,octobre,dimanche,09:50,64,64122,0,0,2,1,3,1,1,4,1,02,2,1,0,50,1,0,1,4,1,39,0,3,9,0,2,1,1,201100037911B01,7,1,1,200067106
201100037943,2011-01-16,2011,janvier,dimanche,03:05,64,64445,43.296,-0.38184,2,1,1,5,1,4,2,02,1,1,0,107,1,0,1,4,1,26,5,2,9,0,2,1,13,201100037943A01,7,1,1,200067254
201100037945,2011-01-17,2011,janvier,lundi,17:30,64,64445,0,0,2,1,3,1,1,4,2,02,1,1,0,0,1,0,1,4,2,16,5,3,9,0,2,1,1,201100037945B01,7,15,1,200067254
201100037958,2011-02-02,2011,février,mercredi,14:52,64,64335,43.3308,-0.42998,2,3,3,1,1,4,1,01,2,1,0,0,1,0,1,4,1,45,5,1,2,0,2,1,1,201100037958B01,7,15,1,200067254
201100037961,2011-02-03,2011,février,jeudi,19:41,64,64445,43.3063,-0.3567,2,3,1,5,1,4,2,02,1,1,0,0,1,0,1,4,1,60,5,2,2,0,2,1,1,201100037961B01,7,15,1,200067254
201100037967,2011-02-09,2011,février,mercredi,17:25,64,64445,43.3098,-0.34374,2,3,3,1,1,4,2,02,1,1,0,0,1,0,1,4,1,13,5,2,2,0,2,7,15,201100037967A01,7,1,1,200067254
201100037999,2011-03-25,2011,mars,vendredi,13:40,64,64445,43.3054,-0.368,2,3,2,1,1,4,1,03,1,1,15,106,1,0,1,4,2,46,9,2,2,0,2,4,1,201100037999B01,7,16,1,200067254
201100038013,2011-04-06,2011,avril,mercredi,15:40,64,64445,43.32,-0.37882,2,1,2,1,7,4,2,03,1,1,0,0,1,0,1,4,1,20,0,2,2,0,2,6,15,201100038013A01,7,1,1,200067254
201100038027,2011-04-15,2011,avril,vendredi,18:45,64,64348,43.3185,-0.43182,2,6,3,1,1,4,1,01,1,2,0,0,1,0,1,3,2,50,5,3,2,0,0,0,0,201100038027B01,7,2,1,200067254
201100038036,2011-04-28,2011,avril,jeudi,18:16,64,64445,43.2973,-0.38735,2,3,3,1,1,4,2,02,1,1,0,0,1,0,1,4,2,18,1,2,2,0,2,7,19,201100038036A01,7,1,1,200067254
201100038041,2011-05-03,2011,mai,mardi,08:45,64,64445,43.3287,-0.36752,2,3,3,1,1,4,2,02,1,1,0,0,1,0,1,4,1,61,5,3,9,1,2,8,1,201100038041B01,37,15,1,200067254
201100038045,2011-05-10,2011,mai,mardi,20:55,64,64335,43.3446,-0.43086,2,6,3,1,1,3,2,02,1,1,0,82,1,0,1,4,1,58,5,2,2,0,2,7,16,201100038045B01,7,9,1,200067254
201100038055,2011-05-20,2011,mai,vendredi,07:50,64,64445,43.3122,-0.38095,2,1,3,1,1,4,2,02,1,1,24,95,1,0,1,4,2,13,2,2,2,0,2,8,19,201100038055A01,7,1,1,200067254
201100038060,2011-05-24,2011,mai,mardi,14:10,64,64445,43.3113,-0.36235,2,6,3,1,1,4,1,03,1,2,0,0,1,0,1,4,2,19,0,2,2,0,2,1,1,201100038060A01,7,16,1,200067254
201100038080,2011-06-28,2011,juin,mardi,08:35,64,64348,43.3207,-0.39149,2,6,3,1,1,4,2,02,1,-1,0,0,1,0,1,4,1,64,5,1,9,0,2,0,1,201100038080B01,7,9,1,200067254
201100038086,2011-07-02,2011,juillet,samedi,18:03,64,64445,43.2963,-0.37635,2,2,3,1,1,4,2,00,1,1,12,88,1,0,1,4,1,14,5,2,2,0,2,1,5,201100038086A01,7,1,1,200067254
201100038089,2011-07-05,2011,juillet,mardi,17:20,64,64445,43.3141,-0.37029,2,1,3,1,1,4,2,02,1,1,0,0,1,0,5,4,2,40,0,2,2,0,2,1,5,201100038089A01,7,16,1,200067254
201100038118,2011-08-17,2011,août,mercredi,12:35,64,64348,43.314,-0.40717,2,1,3,1,1,4,2,02,1,2,0,58,1,0,1,4,1,55,1,2,2,0,2,8,2,201100038118B01,13,17,1,200067254
201100038119,2011-08-18,2011,août,jeudi,15:31,64,64129,43.3209,-0.39162,2,6,3,1,1,4,2,02,1,1,12,84,1,0,1,4,2,53,1,2,2,0,2,7,1,201100038119B01,7,9,1,200067254
201100038146,2011-09-17,2011,septembre,samedi,20:10,64,64445,43.311,-0.36287,2,6,3,2,2,4,1,03,1,2,0,149,2,5,1,4,1,57,5,2,4,0,2,0,1,201100038146B01,7,9,1,200067254
201100038149,2011-09-19,2011,septembre,lundi,18:30,64,64445,43.3224,-0.38564,2,3,3,1,1,4,2,02,1,1,0,0,1,0,1,4,1,12,5,3,2,0,2,1,1,201100038149A01,7,1,1,200067254
201100038162,2011-09-29,2011,septembre,jeudi,10:30,64,64335,43.3323,-0.42408,2,3,3,1,1,4,2,02,1,1,0,70,1,0,1,4,1,13,0,2,4,0,2,8,15,201100038162A01,7,1,1,200067254
201100038165,2011-09-29,2011,septembre,jeudi,15:20,64,64445,43.319,-0.36238,2,6,3,1,1,4,2,02,1,1,0,0,1,0,1,4,2,31,0,2,4,0,2,8,1,201100038165B01,7,16,1,200067254
201100038166,2011-10-01,2011,octobre,samedi,11:45,64,64445,43.3054,-0.36801,2,3,2,1,1,4,1,02,1,1,20,96,1,0,5,4,1,21,5,2,4,0,2,4,1,201100038166B01,7,16,1,200067254
201100038175,2011-10-10,2011,octobre,lundi,09:19,64,64445,43.319,-0.37297,2,3,3,1,1,4,1,01,1,1,0,0,1,0,1,4,2,70,0,2,2,0,2,2,1,201100038175B01,7,9,1,200067254
201100038183,2011-10-13,2011,octobre,jeudi,11:45,64,64445,43.3013,-0.39138,2,1,3,1,1,4,1,01,1,1,0,28,1,0,5,4,1,19,5,1,2,0,2,1,1,201100038183B01,7,23,1,200067254
201100038190,2011-10-16,2011,octobre,dimanche,17:50,64,64445,43.3063,-0.33375,2,6,3,1,1,4,2,02,1,1,0,0,-1,0,0,4,2,62,5,2,4,0,2,3,12,201100038190B01,7,12,1,200067254
201100038195,2011-10-21,2011,octobre,vendredi,18:20,64,64445,0,0,2,2,3,2,1,4,2,03,1,1,43,97,1,0,1,4,1,33,0,2,4,0,2,1,1,201100038195B01,7,15,1,200067254
201100038211,2011-11-10,2011,novembre,jeudi,12:10,64,64445,43.3045,-0.36821,2,1,6,1,1,4,1,01,1,1,0,0,1,0,1,4,2,24,5,1,9,0,2,1,5,201100038211B01,7,1,1,200067254
201100038246,2011-12-14,2011,décembre,mercredi,07:55,64,64445,43.3112,-0.36239,2,6,3,2,8,4,2,03,1,1,0,0,2,0,0,4,2,23,0,2,4,0,2,2,1,201100038246B01,7,9,1,200067254
201100038259,2011-12-28,2011,décembre,mercredi,09:30,64,64445,43.3082,-0.33927,2,6,3,1,1,4,1,02,1,2,0,0,1,0,1,4,2,23,5,2,4,0,2,7,1,201100038259B01,7,9,1,200067254
201100038268,2011-02-03,2011,février,jeudi,14:55,64,64483,43.3834,-1.65942,2,1,3,1,8,4,2,02,1,1,0,0,1,0,1,4,1,64,5,3,9,0,2,1,1,201100038268B01,7,15,1,200067106
201100038273,2011-02-13,2011,février,dimanche,11:25,64,64483,43.3787,-1.6387,2,1,3,1,1,3,2,02,1,1,0,0,1,0,1,4,1,44,5,1,2,0,2,1,1,201100038273B01,7,15,1,200067106
201100038286,2011-06-20,2011,juin,lundi,10:10,64,64260,43.3498,-1.77302,2,1,2,1,1,3,2,02,1,1,0,60,1,0,1,4,1,66,5,3,2,0,2,4,1,201100038286B01,7,2,1,200067106
201100038292,2011-07-14,2011,juillet,jeudi,19:30,64,64260,43.3725,-1.77287,2,1,1,1,1,4,2,02,1,1,0,60,1,0,1,4,1,49,5,3,2,0,2,1,1,201100038292B01,7,15,1,200067106
201100038302,2011-05-18,2011,mai,mercredi,12:55,64,64483,43.3862,-1.65561,2,1,3,1,1,4,1,01,1,1,0,0,1,0,1,4,2,61,2,2,9,0,2,8,19,201100038302B01,7,15,1,200067106
201100038326,2011-07-31,2011,juillet,dimanche,11:30,64,64483,43.38,-1.63997,2,1,3,1,1,3,2,02,1,1,0,0,1,0,1,4,2,53,0,1,2,0,2,1,1,201100038326A01,7,16,1,200067106
201100038332,2011-08-10,2011,août,mercredi,13:10,64,64483,43.3923,-1.65363,2,1,2,1,1,3,2,02,2,1,0,80,1,0,1,4,1,22,5,3,2,0,2,1,2,201100038332A01,7,1,1,200067106
201100038333,2011-08-11,2011,août,jeudi,10:45,64,64483,43.3973,-1.6431,2,3,3,1,1,3,2,02,1,1,0,70,1,0,1,4,1,40,5,3,2,0,2,1,3,201100038333B01,7,15,1,200067106
201100038348,2011-10-18,2011,octobre,mardi,18:25,64,64483,43.394,-1.64589,2,1,6,1,1,4,2,02,1,1,0,60,1,0,1,4,2,80,5,2,2,1,0,1,1,201100038348B01,7,22,1,200067106
201100038360,2011-01-13,2011,janvier,jeudi,16:20,64,64483,43.3823,-1.65209,2,1,1,1,1,4,2,02,1,-1,0,0,1,0,1,3,2,89,5,2,9,0,2,0,1,201100038360B01,7,1,1,200067106
201100038362,2011-02-04,2011,février,vendredi,16:05,64,64483,43.3797,-1.63973,1,1,3,1,1,3,2,04,1,1,0,39,1,0,5,3,1,71,5,1,2,0,2,1,1,201100038362B01,7,16,1,200067106
201100038435,2011-08-12,2011,août,vendredi,12:55,65,65286,0,0,2,1,3,1,1,2,3,02,1,-1,0,0,1,0,1,3,1,54,5,1,2,0,2,1,18,201100038435B01,7,15,1,200069300
201100038455,2011-02-11,2011,février,vendredi,19:20,65,65100,0,0,1,1,2,3,8,3,2,02,1,1,0,0,1,0,1,3,2,39,3,1,4,0,0,4,2,201100038455B01,7,2,1,200069300
201100038459,2011-02-16,2011,février,mercredi,08:50,65,65440,0,0,2,6,3,1,1,4,1,01,1,2,0,68,2,0,1,4,2,49,0,1,9,0,2,1,0,201100038459B01,7,9,1,200069300
201100038478,2011-04-01,2011,avril,vendredi,11:55,65,65100,0,0,1,6,3,1,1,3,-1,04,1,3,0,0,1,0,1,3,1,82,0,3,9,0,0,8,16,201100038478B01,7,12,1,200069300
201100038479,2011-04-06,2011,avril,mercredi,13:25,65,65440,0,0,2,4,3,1,1,3,2,02,1,1,0,0,1,0,1,4,1,34,0,1,2,0,2,7,1,201100038479B01,7,15,1,200069300
201100038485,2011-04-30,2011,avril,samedi,14:20,65,65433,0,0,2,3,3,1,1,4,2,02,1,1,0,0,1,0,1,3,1,70,5,3,9,0,2,0,16,201100038485B01,7,1,1,200069300
201100038490,2011-05-06,2011,mai,vendredi,13:45,65,65440,43.2377,0.04528,2,1,3,1,1,3,3,02,1,1,0,33,1,0,1,3,2,68,5,3,9,0,2,8,2,201100038490B01,37,17,1,200069300
201100038493,2011-05-27,2011,mai,vendredi,14:05,65,65440,0,0,2,1,3,1,1,4,2,04,1,1,8,68,1,0,1,3,2,82,5,3,2,0,2,7,2,201100038493B01,7,2,1,200069300
201100038497,2011-06-14,2011,juin,mardi,17:20,65,65440,0,0,2,1,2,1,1,4,2,02,1,1,0,0,1,0,1,2,1,78,5,3,9,0,2,4,2,201100038497B01,7,2,1,200069300
201100038503,2011-06-25,2011,juin,samedi,08:50,65,65440,0,0,2,3,3,1,1,4,1,01,1,1,0,46,1,0,1,4,1,71,5,3,9,0,2,7,1,201100038503B01,7,16,1,200069300
201100038521,2011-09-27,2011,septembre,mardi,12:25,65,65226,0,0,2,3,6,1,1,4,2,02,1,1,0,66,1,0,1,2,1,81,5,1,2,0,2,0,9,201100038521A01,17,1,1,200069300
201100038523,2011-10-05,2011,octobre,mercredi,12:15,65,65440,0,0,2,3,3,1,1,3,2,03,1,1,0,115,1,0,1,4,1,13,2,3,2,0,2,7,1,201100038523B01,7,16,1,200069300
201100038530,2011-10-16,2011,octobre,dimanche,11:35,65,65440,0,0,2,1,6,1,1,3,2,03,1,1,0,71,1,0,1,4,1,11,5,3,2,0,2,1,15,201100038530A01,7,1,1,200069300
201100038533,2011-10-22,2011,octobre,samedi,12:25,65,65331,0,0,2,1,3,1,1,3,2,00,1,1,0,106,1,0,1,3,1,75,5,3,9,0,9,8,1,201100038533B01,30,17,1,200069300
201100038542,2011-11-27,2011,novembre,dimanche,10:30,65,65100,0,0,2,1,2,1,5,3,2,02,1,1,0,0,1,0,1,3,1,14,5,3,9,0,2,1,2,201100038542A01,7,1,1,200069300
201100038547,2011-12-07,2011,décembre,mercredi,21:25,65,65440,0,0,2,2,3,5,1,4,1,01,1,1,0,0,1,0,1,3,2,18,5,3,2,0,2,2,1,201100038547A01,7,1,1,200069300
201100038558,2011-01-13,2011,janvier,jeudi,17:00,66,66136,42.69804,2.87242,2,1,2,1,1,4,1,02,1,2,0,70,1,0,1,4,2,29,4,1,4,0,2,5,1,201100038558B01,7,1,1,200027183
201100038635,2011-06-15,2011,juin,mercredi,09:05,66,66136,42.69419,2.90126,2,1,1,1,1,4,1,01,1,1,0,72,1,0,1,4,2,47,5,1,2,0,2,1,13,201100038635A01,7,1,1,200027183
201100038652,2011-08-04,2011,août,jeudi,07:30,66,66136,42.70237,2.8951,2,1,3,1,1,4,2,02,1,1,0,0,1,0,1,3,1,70,5,1,2,1,0,1,1,201100038652B01,7,24,1,200027183
201100038659,2011-08-24,2011,août,mercredi,17:50,66,66136,42.69733,2.87254,2,1,3,1,1,4,1,01,1,3,40,66,1,0,1,4,1,22,5,1,9,0,2,4,1,201100038659B01,7,1,1,200027183
201100038675,2011-09-26,2011,septembre,lundi,12:13,66,66136,42.68092,2.89616,2,1,6,1,1,4,2,02,1,1,0,0,1,0,1,4,1,14,5,2,9,0,2,1,0,201100038675A01,7,1,1,200027183
201100038713,2011-12-02,2011,décembre,vendredi,18:30,66,66136,42.6994,2.91673,2,1,3,2,1,4,2,02,1,1,0,120,1,0,1,4,1,49,3,3,9,0,2,8,1,201100038713B01,7,17,1,200027183
201100038715,2011-12-14,2011,décembre,mercredi,16:50,66,66136,42.68922,2.89323,2,1,3,1,1,4,2,02,1,1,0,90,1,0,1,4,1,33,1,3,9,0,2,2,15,201100038715A01,7,1,1,200027183
201100038721,2011-03-18,2011,mars,vendredi,13:20,67,67180,0,0,2,3,3,1,1,4,2,02,1,1,0,0,1,0,1,4,1,12,2,2,9,0,9,3,15,201100038721A01,1,2,1,200067874
201100038721,2011-03-18,2011,mars,vendredi,13:20,67,67180,0,0,2,3,3,1,1,4,2,02,1,1,0,0,1,0,1,3,1,51,1,1,2,0,9,2,2,201100038721B01,1,15,1,200067874
201100038726,2011-05-20,2011,mai,vendredi,11:40,67,67180,0,0,1,1,1,1,1,3,2,02,1,1,0,0,1,0,1,3,1,79,5,1,2,0,2,4,13,201100038726B01,7,2,1,200067874
201100038729,2011-07-11,2011,juillet,lundi,07:45,67,67180,0,0,2,9,2,1,1,4,3,01,1,-1,0,70,1,0,1,4,1,38,1,2,2,0,2,8,11,201100038729A01,15,1,1,200067874
201100038742,2011-07-23,2011,juillet,samedi,16:35,67,67462,0,0,2,1,3,1,1,4,2,02,1,1,0,56,1,0,3,3,1,80,3,2,2,1,0,7,1,201100038742B01,7,22,1,246700967
201100038751,2011-01-08,2011,janvier,samedi,07:50,67,67482,0,0,2,2,3,1,2,4,2,02,1,1,0,70,2,0,1,4,1,17,2,3,9,0,2,7,19,201100038751B01,7,1,1,246700488
201100038758,2011-01-14,2011,janvier,vendredi,19:50,67,67482,0,0,2,2,3,5,1,4,2,02,1,1,0,60,1,0,1,4,1,47,5,3,9,0,2,1,1,201100038758B01,7,15,1,246700488
201100038762,2011-01-17,2011,janvier,lundi,12:10,67,67204,0,0,2,1,3,1,1,4,2,02,1,1,0,70,1,0,1,4,1,15,2,2,2,0,2,1,1,201100038762B01,7,22,1,246700488
201100038768,2011-01-21,2011,janvier,vendredi,19:50,67,67482,0,0,2,1,6,5,1,4,3,02,1,-1,0,50,1,0,4,1,2,38,1,3,9,0,1,1,1,201100038768A01,,,,246700488
201100038774,2011-01-28,2011,janvier,vendredi,06:45,67,67447,0,0,2,2,6,5,1,4,2,04,1,1,0,120,1,0,1,3,2,41,1,2,2,0,2,7,1,201100038774B01,15,16,1,246700488
201100038777,2011-01-30,2011,janvier,dimanche,19:00,67,67447,0,0,2,3,3,4,1,4,2,03,2,1,0,101,1,2,1,4,2,20,5,3,9,0,2,4,1,201100038777B01,7,15,1,246700488
201100038782,2011-02-04,2011,février,vendredi,13:50,67,67482,0,0,2,1,6,1,1,4,1,01,1,1,0,60,1,0,1,4,2,21,0,3,2,1,1,1,1,201100038782A01,,,,246700488
201100038782,2011-02-04,2011,février,vendredi,13:50,67,67482,0,0,2,1,6,1,1,4,1,01,1,1,0,60,1,0,1,1,1,19,0,3,9,1,1,1,1,201100038782A01,,,,246700488
201100038785,2011-02-10,2011,février,jeudi,08:20,67,67482,0,0,2,3,3,1,1,4,1,01,1,1,0,25,1,0,1,4,2,59,1,3,9,0,2,1,1,201100038785B01,10,1,1,246700488
201100038788,2011-02-12,2011,février,samedi,17:10,67,67218,0,0,2,3,3,1,1,4,2,02,1,1,0,60,1,0,1,4,1,64,5,2,9,0,2,1,16,201100038788B01,7,15,1,246700488
201100038790,2011-02-14,2011,février,lundi,07:05,67,67482,0,0,2,3,6,2,1,4,2,02,1,1,24,96,1,0,1,4,1,40,1,2,2,0,2,2,1,201100038790A01,7,15,1,246700488
201100038791,2011-02-14,2011,février,lundi,10:55,67,67482,0,0,2,1,6,1,1,4,3,05,1,1,32,160,1,0,1,4,1,55,0,2,2,0,2,2,1,201100038791A01,7,16,1,246700488
201100038797,2011-02-16,2011,février,mercredi,15:45,67,67482,0,0,2,1,3,1,1,4,2,02,1,1,80,120,1,0,5,4,1,43,1,3,9,1,0,1,1,201100038797B01,7,22,1,246700488
201100038800,2011-02-20,2011,février,dimanche,05:50,67,67482,0,0,2,1,1,5,1,4,1,02,1,-1,0,69,1,0,1,4,2,21,1,3,9,0,2,1,1,201100038800B01,7,1,1,246700488
201100038806,2011-02-25,2011,février,vendredi,17:10,67,67218,0,0,2,1,3,1,1,4,2,02,1,1,0,71,1,0,1,4,2,15,5,3,9,0,2,8,15,201100038806B01,7,1,1,246700488
201100038819,2011-03-09,2011,mars,mercredi,08:05,67,67447,0,0,2,3,3,1,1,4,2,02,1,1,0,101,1,0,1,4,1,48,0,3,2,0,2,1,1,201100038819B01,7,15,1,246700488
201100038822,2011-03-14,2011,mars,lundi,08:15,67,67447,0,0,2,1,6,1,1,4,4,01,1,2,0,20,1,0,4,1,1,21,0,3,9,0,1,1,1,201100038822Z01,,,,246700488
201100038835,2011-03-23,2011,mars,mercredi,12:50,67,67482,0,0,2,3,6,1,1,4,2,02,1,1,0,130,1,0,1,4,1,11,5,3,2,0,2,2,1,201100038835B01,7,1,1,246700488
201100038842,2011-03-31,2011,mars,jeudi,13:15,67,67447,0,0,2,3,3,1,2,4,3,02,1,1,140,41,2,0,5,4,1,51,1,3,9,0,2,4,1,201100038842B01,2,1,1,246700488
201100038848,2011-04-03,2011,avril,dimanche,17:25,67,67482,0,0,2,1,3,1,1,4,2,02,1,3,0,80,1,0,1,3,1,7,0,3,9,0,2,1,16,201100038848B01,7,1,1,246700488
201100038850,2011-04-04,2011,avril,lundi,10:30,67,67482,0,0,2,1,6,1,1,4,1,02,1,2,0,70,1,4,1,4,2,20,0,3,9,0,4,3,23,201100038850A01,40,1,1,246700488
201100038857,2011-04-07,2011,avril,jeudi,16:08,67,67482,0,0,2,3,3,1,1,4,3,03,1,1,30,101,1,0,1,4,1,52,5,3,9,0,2,2,1,201100038857A01,40,1,1,246700488
201100038858,2011-04-07,2011,avril,jeudi,16:15,67,67482,0,0,2,2,5,1,2,4,2,02,1,1,0,81,1,0,1,4,2,52,5,3,9,0,2,8,19,201100038858C01,7 / 10,16 / 23,2,246700488
201100038860,2011-04-08,2011,avril,vendredi,16:40,67,67218,0,0,2,1,6,1,1,4,2,02,1,1,0,50,1,0,3,1,1,12,2,3,9,0,1,1,1,201100038860A01,,,,246700488
201100038866,2011-04-11,2011,avril,lundi,11:35,67,67482,0,0,2,1,3,1,1,4,1,01,1,1,0,60,1,0,1,4,1,27,0,3,9,1,0,1,1,201100038866B01,7,22,1,246700488
201100038869,2011-04-12,2011,avril,mardi,19:05,67,67482,0,0,2,3,3,1,1,4,2,02,1,1,0,55,1,0,5,4,1,70,0,3,9,0,1,1,1,201100038869B01,7,15,1,246700488
201100038873,2011-04-15,2011,avril,vendredi,08:50,67,67482,0,0,2,1,6,1,1,4,1,01,1,-1,0,34,1,0,5,3,2,21,2,3,9,0,1,1,1,201100038873A01,,,,246700488
201100038874,2011-04-15,2011,avril,vendredi,13:15,67,67482,0,0,2,1,6,1,1,4,2,02,1,1,0,100,1,0,1,4,2,34,0,3,9,0,2,1,13,201100038874A01,7,1,1,246700488
201100038876,2011-04-19,2011,avril,mardi,10:35,67,67482,0,0,2,1,6,1,1,4,2,02,1,1,0,80,1,0,1,4,1,17,5,2,2,0,2,1,1,201100038876B01,7,24,1,246700488
201100038879,2011-04-21,2011,avril,jeudi,16:45,67,67043,0,0,2,2,3,1,1,4,2,02,1,1,0,60,1,0,4,4,1,15,9,3,9,0,2,1,1,201100038879A01,7,1,1,246700488
201100038888,2011-04-29,2011,avril,vendredi,08:00,67,67482,0,0,2,1,6,1,1,4,1,01,1,1,15,50,1,0,5,1,1,25,1,1,9,0,1,1,1,201100038888A01,,,,246700488
201100038898,2011-05-05,2011,mai,jeudi,12:40,67,67447,0,0,2,2,3,1,1,4,3,02,1,1,18,145,1,0,1,4,1,22,5,3,2,0,2,1,1,201100038898B01,7,15,1,246700488
201100038901,2011-05-09,2011,mai,lundi,13:50,67,67482,0,0,2,2,3,1,1,4,3,04,1,1,80,170,1,0,1,4,2,61,0,3,9,0,2,8,1,201100038901B01,34,1,1,246700488
201100038903,2011-05-11,2011,mai,mercredi,13:55,67,67218,0,0,2,3,3,1,2,3,3,02,1,1,15,140,1,0,1,4,1,15,5,3,9,0,2,7,1,201100038903B01,7,15,1,246700488
201100038908,2011-05-13,2011,mai,vendredi,17:00,67,67204,0,0,2,1,6,1,1,4,2,02,1,1,0,128,1,0,1,1,1,59,5,1,9,0,1,1,1,201100038908A01,,,,246700488