Num_Acc,date,an,mois,jour,hrmn,dep,com,lat,long,agg,int,col,lum,atm,catr,circ,nbv,prof,plan,lartpc,larrout,surf,infra,situ,grav,sexe,age,trajet,secuexist,equipement,obs,obsm,choc,manv,vehiculeid,typevehicules,manoeuvehicules,numVehicules,_infos_commune.code_epci
201100047008,2011-09-24,2011,septembre,samedi,19:07,92,92062,0,0,2,1,3,1,1,4,2,02,1,1,0,60,1,0,1,4,1,14,5,3,9,0,2,1,1,201100047008A01,7,23,1,200054781
201100047031,2011-01-07,2011,janvier,vendredi,12:45,92,92063,48.8799,2.18058,2,2,3,1,1,3,3,04,1,1,0,0,2,0,1,4,1,14,5,2,9,0,0,7,19,201100047031B01,7,1,1,200054781
201100047056,2011-05-23,2011,mai,lundi,19:30,92,92063,48.8611,2.19411,2,1,3,1,1,4,1,01,1,2,0,0,1,0,1,4,1,16,5,3,9,0,2,1,1,201100047056B01,7,5,1,200054781
201100047062,2011-06-17,2011,juin,vendredi,12:30,92,92063,48.8694,2.18576,2,1,3,1,1,3,2,02,1,1,0,0,1,0,1,4,1,17,9,3,9,0,2,3,1,201100047062A01,10,17,1,200054781
201100047063,2011-06-23,2011,juin,jeudi,13:50,92,92063,48.8735,2.18146,2,6,3,1,1,4,1,01,1,-1,0,0,1,5,1,4,1,45,9,3,2,0,2,7,1,201100047063A01,7,1,1,200054781
201100047070,2011-08-01,2011,août,lundi,18:30,92,92063,0,0,2,1,3,1,1,4,1,01,1,1,0,70,1,0,1,3,1,38,4,1,4,0,2,1,1,201100047070B01,7,22,1,200054781
201100047084,2011-10-22,2011,octobre,samedi,14:40,92,92063,0,0,2,1,2,1,1,4,3,02,1,1,40,60,1,0,1,4,1,66,5,3,9,0,2,6,11,201100047084A01,30,1,1,200054781
201100047106,2011-01-16,2011,janvier,dimanche,11:50,92,92064,48.8503,2.21344,2,1,3,1,1,3,2,02,1,1,0,0,1,0,1,4,1,12,5,1,2,0,2,1,1,201100047106B01,7,15,1,200054781
201100047135,2011-04-18,2011,avril,lundi,14:25,92,92076,48.8468,2.16164,2,1,3,1,1,4,2,02,1,1,0,45,1,0,1,4,1,13,5,2,2,0,2,1,19,201100047135B01,30,1,1,200054781
201100047143,2011-05-21,2011,mai,samedi,14:30,92,92064,48.8423,2.20703,2,6,3,1,1,3,-1,03,1,1,15,112,1,0,1,4,1,34,5,2,2,0,2,1,1,201100047143A01,7,17,1,200054781
201100047157,2011-06-30,2011,juin,jeudi,10:00,92,92064,48.8502,2.21688,2,3,7,1,1,3,2,02,2,1,0,94,1,0,1,3,2,39,4,2,2,12,0,1,1,201100047157A01,,,,200054781
201100047215,2011-02-19,2011,février,samedi,12:40,92,92072,48.8237,2.20129,2,1,7,1,1,4,2,01,1,1,0,40,1,0,1,4,1,52,4,2,2,12,0,1,1,201100047215A01,,,,200054781
201100047220,2011-03-18,2011,mars,vendredi,08:55,92,92022,48.8078,2.18651,2,1,3,1,1,3,2,02,1,1,0,126,1,0,1,4,1,49,4,1,2,0,2,1,1,201100047220B01,7,16,1,200054781
201100047256,2011-08-28,2011,août,dimanche,10:55,92,92072,0,0,2,1,2,1,1,3,1,01,1,1,0,40,1,0,1,4,1,30,5,3,2,0,2,1,1,201100047256A01,7,23,1,200054781
201100047261,2011-09-06,2011,septembre,mardi,18:30,92,92022,0,0,2,1,6,1,1,4,2,01,1,1,0,40,1,0,1,3,1,7,5,3,2,0,2,5,1,201100047261A01,7,2,1,200054781
201100047294,2011-12-18,2011,décembre,dimanche,20:50,92,92077,0,0,2,2,3,5,1,3,2,02,2,1,0,73,1,5,1,4,1,58,5,2,2,0,2,8,1,201100047294B01,7,15,1,200054781
201100047300,2011-02-04,2011,février,vendredi,13:40,92,92073,48.8677,2.2288,2,1,3,1,1,3,3,03,1,1,0,0,1,0,5,4,1,45,4,3,9,0,2,2,1,201100047300B01,7,9,1,200054781
201100047373,2011-04-02,2011,avril,samedi,18:20,92,92075,0,0,2,1,2,1,1,4,1,01,1,1,0,0,1,0,1,4,2,53,5,1,9,0,2,4,1,201100047373A01,7,2,1,200054781
201100047375,2011-04-07,2011,avril,jeudi,08:35,92,92075,48.8221,2.28516,2,2,3,1,7,3,2,02,1,1,0,100,1,5,1,4,2,47,1,1,9,0,2,1,1,201100047375A01,30,15,1,200054781
201100047408,2011-09-12,2011,septembre,lundi,08:30,92,92075,0,0,2,1,7,1,1,3,2,02,2,2,0,94,1,0,1,4,1,14,2,1,9,2,0,1,1,201100047408A01,,,,200054781
201100047420,2011-11-03,2011,novembre,jeudi,09:45,92,92046,0,0,2,2,3,1,2,3,2,02,1,1,0,0,2,0,1,4,1,35,1,1,2,0,2,1,19,201100047420A01,7,15,1,200054781
201100047466,2011-06-01,2011,juin,mercredi,08:00,92,92062,0,0,2,1,7,1,1,4,-1,00,1,1,0,0,1,6,1,3,1,49,1,1,2,0,0,1,1,201100047466A01,,,,200054781
201100047514,2011-03-28,2011,mars,lundi,15:05,93,93001,0,0,2,2,1,1,1,3,2,02,1,1,0,150,1,0,1,3,1,56,9,2,9,0,2,1,1,201100047514A01,7,13,1,200054781
201100047551,2011-06-11,2011,juin,samedi,13:00,93,93001,0,0,2,1,6,1,1,4,1,01,1,1,0,0,1,0,1,3,2,47,9,3,9,1,2,1,1,201100047551B01,7,22,1,200054781
201100047579,2011-08-18,2011,août,jeudi,20:50,93,93001,0,0,2,2,3,5,1,2,2,04,1,1,0,0,1,0,1,3,1,63,0,3,9,0,2,2,19,201100047579B01,7,15,1,200054781
201100047581,2011-08-18,2011,août,jeudi,20:45,93,93001,0,0,2,1,6,1,1,3,-1,00,1,1,0,30,1,6,4,1,1,17,5,3,9,0,1,1,2,201100047581A01,,,,200054781
201100047597,2011-09-29,2011,septembre,jeudi,12:10,93,93001,0,0,1,2,3,1,1,3,3,02,1,1,0,0,1,0,1,3,2,46,9,3,9,0,2,8,1,201100047597B01,7,10,1,200054781
201100047634,2011-01-19,2011,janvier,mercredi,06:35,93,93005,0,0,2,6,3,5,1,4,2,00,1,2,0,60,1,5,1,3,1,31,1,2,2,0,2,1,9,201100047634A01,7,9,1,200054781
201100047645,2011-01-26,2011,janvier,mercredi,18:30,93,93005,0,0,2,3,3,5,9,4,1,01,1,1,70,30,2,0,1,3,1,14,9,1,9,0,2,2,1,201100047645B01,7,1,1,200054781
201100047674,2011-03-02,2011,mars,mercredi,08:25,93,93005,0,0,2,1,3,1,1,4,2,02,1,1,0,60,1,0,1,4,2,48,1,2,2,0,2,3,13,201100047674B01,7,1,1,200054781
201100047675,2011-05-12,2011,mai,jeudi,09:05,93,93071,0,0,2,1,3,1,1,4,1,01,1,1,0,60,1,0,1,4,1,63,1,2,2,1,0,1,1,201100047675Y01,7,22,1,200054781
201100047677,2011-05-16,2011,mai,lundi,19:10,93,93071,0,0,2,1,3,1,1,3,2,01,1,1,0,0,1,5,1,3,1,73,9,2,2,0,2,8,19,201100047677B01,7,15,1,200054781
201100047689,2011-06-24,2011,juin,vendredi,20:25,93,93071,0,0,2,1,2,1,1,2,2,02,1,1,0,50,1,0,1,4,1,16,5,3,9,0,0,4,1,201100047689B01,7,1,1,200054781
201100047689,2011-06-24,2011,juin,vendredi,20:25,93,93071,0,0,2,1,2,1,1,2,2,02,1,1,0,50,1,0,1,4,1,13,0,3,9,0,0,4,1,201100047689B01,7,1,1,200054781
201100047705,2011-04-14,2011,avril,jeudi,18:10,93,93005,0,0,2,1,3,1,1,3,2,02,1,-1,0,0,1,6,1,1,1,10,5,2,2,0,2,6,1,201100047705B01,32,2,1,200054781
201100047717,2011-04-22,2011,avril,vendredi,10:00,93,93005,0,0,2,2,3,1,1,2,2,00,1,-1,0,80,1,5,1,4,1,71,9,3,9,0,2,1,1,201100047717B01,16,16,1,200054781
201100047738,2011-11-28,2011,novembre,lundi,19:00,93,93071,0,0,1,6,3,5,1,2,2,00,1,-1,0,0,1,0,1,4,1,39,1,3,9,,,,,201100047738B01,7,1,1,200054781
201100047741,2011-06-01,2011,juin,mercredi,17:15,93,93005,0,0,2,3,3,1,1,3,2,03,1,1,0,120,1,0,1,4,1,16,1,3,2,0,2,8,15,201100047741A01,7,1,1,200054781
201100047750,2011-06-15,2011,juin,mercredi,09:30,93,93005,0,0,2,3,1,1,1,4,1,02,1,1,0,25,1,0,1,3,1,17,5,2,2,0,2,1,5,201100047750A01,7,1,1,200054781
201100047778,2011-07-31,2011,juillet,dimanche,11:15,93,93005,0,0,2,2,3,1,1,4,1,01,1,2,0,0,1,0,1,4,2,75,3,3,9,0,2,7,1,201100047778B01,7,1,1,200054781
201100047788,2011-08-31,2011,août,mercredi,19:30,93,93005,0,0,2,2,3,1,1,4,1,01,1,1,0,0,1,0,0,3,1,8,9,3,9,0,2,1,1,201100047788B01,13,1,1,200054781
201100047790,2011-09-02,2011,septembre,vendredi,21:00,93,93005,0,0,2,1,1,5,1,4,1,01,1,1,0,0,1,0,0,3,2,5,5,2,2,0,2,1,1,201100047790B01,7,1,1,200054781
201100047798,2011-09-20,2011,septembre,mardi,12:15,93,93005,0,0,2,1,5,1,1,2,2,02,1,1,0,0,1,0,1,3,1,49,9,2,9,0,2,8,2,201100047798C01,14 / 7,2 / 1,2,200054781
201100047807,2011-10-05,2011,octobre,mercredi,19:20,93,93005,0,0,2,1,1,5,1,4,-1,01,1,1,0,0,1,0,1,4,2,6,0,3,2,0,2,8,1,201100047807B01,7,10,1,200054781
201100047809,2011-10-09,2011,octobre,dimanche,19:00,93,93005,0,0,1,1,2,3,1,3,1,03,1,-1,0,0,1,3,1,4,1,35,9,1,2,0,2,4,1,201100047809A01,7,2,1,200054781
201100047819,2011-11-12,2011,novembre,samedi,17:50,93,93005,0,0,2,2,3,5,1,3,2,02,1,1,0,0,1,0,1,3,1,48,9,3,2,0,2,3,13,201100047819B01,7,1,1,200054781
201100047882,2011-06-26,2011,juin,dimanche,21:00,93,93007,0,0,1,9,6,1,1,5,-1,00,-1,-1,0,0,1,0,0,1,1,20,5,3,9,0,1,1,1,201100047882A01,,,,200054781
201100047892,2011-08-17,2011,août,mercredi,08:40,93,93007,0,0,2,1,3,1,1,3,2,01,1,1,0,0,1,0,4,3,1,23,9,3,9,0,0,7,1,201100047892B01,7,1,1,200054781
201100047952,2011-04-25,2011,avril,lundi,16:40,93,93008,0,0,2,1,2,1,7,9,2,02,1,1,0,0,1,6,5,4,1,35,5,3,9,0,2,4,1,201100047952B01,30,2,1,200054781
201100047961,2011-06-17,2011,juin,vendredi,14:55,93,93008,0,0,2,1,6,1,2,3,2,04,1,1,0,50,2,0,1,3,2,50,9,2,2,0,2,3,21,201100047961B01,15,1,1,200054781
201100048010,2011-12-26,2011,décembre,lundi,16:02,93,93008,0,0,2,3,3,1,1,4,2,02,1,1,0,0,1,5,1,3,1,30,0,3,2,0,0,1,16,201100048010B01,7,1,1,200054781
201100048011,2011-12-28,2011,décembre,mercredi,21:00,93,93008,0,0,2,6,3,5,1,4,1,00,1,1,0,0,1,0,0,4,2,47,0,3,2,0,0,7,1,201100048011B01,7,9,1,200054781
201100048099,2011-12-04,2011,décembre,dimanche,19:18,93,93010,0,0,2,1,6,5,2,2,-1,00,-1,-1,0,0,-1,0,0,3,2,51,0,3,9,0,0,0,0,201100048099B01,7,0,1,200054781
201100048127,2011-03-18,2011,mars,vendredi,17:45,93,93047,0,0,2,4,1,1,2,4,2,02,1,1,0,0,2,1,1,3,1,36,0,3,9,0,2,1,1,201100048127Y01,7,1,1,200054781
201100048140,2011-05-26,2011,mai,jeudi,20:40,93,93014,0,0,2,1,2,1,1,3,2,02,1,-1,0,60,1,0,1,1,1,16,5,2,9,0,2,6,13,201100048140B01,33,17,1,200054781
201100048141,2011-06-16,2011,juin,jeudi,13:25,93,93014,0,0,2,1,6,1,1,4,2,02,1,3,0,0,1,0,1,4,1,28,4,1,9,1,0,2,1,201100048141B01,7,22,1,200054781
201100048186,2011-10-07,2011,octobre,vendredi,10:10,93,93047,0,0,2,2,3,1,1,4,1,01,1,1,90,70,1,0,1,3,1,39,9,2,2,0,2,1,1,201100048186B01,10,1,1,200054781
201100048415,2011-10-12,2011,octobre,mercredi,21:35,93,93029,0,0,2,1,3,5,2,3,2,02,1,1,0,0,2,0,1,3,1,11,5,2,2,0,2,1,19,201100048415B01,7,1,1,200054781
201100048435,2011-01-03,2011,janvier,lundi,11:45,93,93031,0,0,2,3,3,1,1,2,2,02,1,1,80,40,1,0,1,3,1,50,9,3,9,0,2,0,15,201100048435B01,7,1,1,200054781
201100048454,2011-03-23,2011,mars,mercredi,12:45,93,93079,0,0,2,1,3,1,1,4,2,02,1,1,0,50,1,0,1,3,1,16,9,2,9,0,2,8,13,201100048454B01,33,17,1,200054781
201100048459,2011-04-07,2011,avril,jeudi,17:20,93,93031,0,0,2,1,3,1,1,4,2,02,1,1,25,70,1,0,1,4,1,11,5,3,9,0,2,8,1,201100048459B01,7,1,1,200054781
201100048530,2011-12-15,2011,décembre,jeudi,07:45,93,93079,0,0,2,1,3,1,1,2,2,02,1,1,0,0,1,0,1,1,1,65,0,3,2,0,9,2,0,201100048530B01,33,0,1,200054781
201100048545,2011-04-19,2011,avril,mardi,11:35,93,93032,0,0,2,1,3,1,1,4,1,01,1,1,0,0,1,0,1,4,1,8,9,3,9,0,2,7,19,201100048545A01,7,1,1,200054781
201100048599,2011-04-05,2011,avril,mardi,17:50,93,93006,0,0,2,1,3,1,1,4,1,01,1,-1,0,0,1,0,1,4,1,8,5,2,9,0,2,2,5,201100048599B01,7,1,1,200054781
201100048611,2011-05-12,2011,mai,jeudi,18:50,93,93006,0,0,2,1,7,1,1,4,2,02,4,3,0,0,1,0,1,3,1,13,5,2,9,1,0,1,1,201100048611A01,,,,200054781
201100048628,2011-06-24,2011,juin,vendredi,16:20,93,93045,0,0,2,1,3,1,1,4,2,02,1,-1,0,0,1,0,1,1,2,20,9,3,9,0,0,8,11,201100048628A01,30,17,1,200054781
201100048638,2011-07-25,2011,juillet,lundi,18:30,93,93006,0,0,2,3,3,1,1,3,1,01,1,1,0,50,1,0,1,3,1,7,5,2,2,0,2,7,1,201100048638B01,7,1,1,200054781
201100048648,2011-09-08,2011,septembre,jeudi,10:45,93,93006,0,0,2,1,6,1,1,3,1,01,2,1,0,0,1,6,4,1,1,38,9,3,9,0,1,8,1,201100048648A01,,,,200054781
201100048670,2011-11-28,2011,novembre,lundi,16:45,93,93045,0,0,2,1,6,2,1,3,-1,02,1,1,0,60,1,0,1,1,1,27,5,1,9,0,1,1,1,201100048670A01,,,,200054781
201100048679,2011-01-19,2011,janvier,mercredi,08:00,93,93063,0,0,2,2,3,2,1,3,2,02,1,-1,0,0,1,5,1,3,1,19,1,3,9,0,2,1,1,201100048679Y01,7,9,1,200054781
201100048681,2011-07-21,2011,juillet,jeudi,19:35,93,93045,0,0,2,2,3,1,8,4,2,02,1,1,0,0,1,0,1,4,1,22,9,1,9,0,2,0,1,201100048681B01,2,1,1,200054781
201100048695,2011-12-09,2011,décembre,vendredi,08:05,93,93063,0,0,2,2,3,1,2,4,2,02,1,1,0,0,2,0,1,4,1,25,0,3,9,0,2,1,1,201100048695B01,7,15,1,200054781
201100048740,2011-05-18,2011,mai,mercredi,19:35,93,93046,0,0,2,4,3,1,1,4,1,01,1,1,0,80,1,0,1,4,1,11,9,3,9,0,2,1,19,201100048740B02,7,1,1,200054781
201100048758,2011-07-26,2011,juillet,mardi,13:50,93,93046,0,0,2,1,3,1,1,4,2,02,2,1,0,0,1,0,4,4,1,45,5,2,2,0,0,8,1,201100048758B01,7,4,1,200054781
201100048821,2011-12-23,2011,décembre,vendredi,14:25,93,93074,0,0,2,2,3,1,8,4,1,01,1,1,0,50,2,0,1,3,2,17,5,3,9,0,2,1,1,201100048821B01,7,1,1,200054781
201100048825,2011-01-11,2011,janvier,mardi,17:15,93,93048,0,0,2,1,3,2,2,3,2,02,2,1,0,0,2,0,1,3,1,32,9,3,9,0,0,7,1,201100048825A01,99,1,1,200054781
201100048838,2011-02-09,2011,février,mercredi,17:50,93,93048,0,0,2,1,3,1,1,2,2,02,1,1,0,0,1,0,1,3,1,28,1,3,4,0,2,1,1,201100048838B02,7,22,1,200054781
201100048841,2011-02-24,2011,février,jeudi,17:20,93,93048,0,0,2,2,3,1,1,3,2,02,1,1,0,0,1,0,1,4,2,56,1,1,2,0,2,7,17,201100048841B01,7,1,1,200054781
201100048863,2011-04-19,2011,avril,mardi,19:45,93,93048,0,0,2,2,3,1,1,4,2,02,1,1,0,0,1,0,1,3,2,22,9,3,9,0,2,1,1,201100048863B01,7,1,1,200054781
201100048879,2011-05-18,2011,mai,mercredi,16:15,93,93048,0,0,2,2,3,1,1,3,3,04,1,1,0,0,1,0,1,4,1,45,9,3,2,0,0,8,1,201100048879B01,7,17,1,200054781
201100048880,2011-05-18,2011,mai,mercredi,18:02,93,93048,0,0,2,1,3,1,1,3,2,02,1,1,0,0,1,0,1,4,1,28,9,3,8,0,2,5,1,201100048880B01,32,1,1,200054781
201100048936,2011-09-22,2011,septembre,jeudi,09:25,93,93048,0,0,2,1,1,1,1,3,1,02,1,1,0,60,1,6,1,4,1,32,1,2,2,0,2,7,19,201100048936B01,30,5,1,200054781
201100048949,2011-10-19,2011,octobre,mercredi,08:00,93,93048,0,0,2,2,3,2,8,4,1,00,1,1,0,0,2,5,1,4,1,40,1,1,4,0,2,7,1,201100048949B01,7,1,1,200054781
201100048961,2011-11-03,2011,novembre,jeudi,12:20,93,93048,0,0,2,2,1,1,2,2,2,02,2,1,0,0,2,0,1,4,2,65,9,3,2,0,2,1,1,201100048961B01,7,1,1,200054781
201100048968,2011-11-28,2011,novembre,lundi,14:50,93,93048,0,0,2,6,2,1,8,2,1,03,1,2,0,0,2,5,1,4,1,53,5,3,9,0,2,4,1,201100048968B01,7,9,1,200054781
201100049000,2011-04-21,2011,avril,jeudi,18:25,93,93050,0,0,2,1,3,1,1,4,2,02,1,1,0,0,1,0,1,4,1,9,9,3,2,0,2,8,1,201100049000B01,7,1,1,200054781
201100049005,2011-05-17,2011,mai,mardi,14:55,93,93049,0,0,2,2,6,1,1,4,2,02,1,-1,0,0,1,0,1,4,1,63,5,2,2,0,2,0,2,201100049005A01,,,,200054781
201100049006,2011-05-25,2011,mai,mercredi,08:10,93,93050,0,0,2,1,3,1,1,3,2,02,1,1,82,60,1,0,1,4,2,19,2,3,9,0,2,3,13,201100049006A01,7,1,1,200054781
201100049010,2011-06-28,2011,juin,mardi,19:45,93,93050,0,0,2,9,3,1,1,4,2,01,1,1,0,70,1,0,1,3,1,8,5,3,9,0,2,1,1,201100049010B01,7,20,1,200054781
201100049014,2011-07-16,2011,juillet,samedi,22:20,93,93050,0,0,2,1,2,5,3,3,2,01,2,1,0,40,2,0,1,4,1,32,9,3,9,0,2,4,1,201100049014A01,7,2,1,200054781
201100049037,2011-12-05,2011,décembre,lundi,08:20,93,93050,0,0,2,2,3,1,8,2,2,03,1,1,0,120,2,0,1,4,1,37,1,3,9,0,2,3,1,201100049037A01,7,15,1,200054781
201100049058,2011-03-25,2011,mars,vendredi,13:15,93,93051,0,0,2,3,3,1,7,3,-1,00,-1,-1,0,0,-1,0,0,4,1,66,5,2,2,0,2,2,16,201100049058B01,7,9,1,200054781
201100049064,2011-04-26,2011,avril,mardi,17:45,93,93051,0,0,2,1,2,1,1,4,2,04,1,1,0,100,1,2,1,4,1,34,1,1,2,0,2,4,1,201100049064B01,7,2,1,200054781
201100049079,2011-06-08,2011,juin,mercredi,11:30,93,93051,0,0,2,3,3,1,1,4,2,02,2,1,0,90,1,0,1,4,1,75,5,1,2,0,2,3,1,201100049079B01,7,1,1,200054781
201100049095,2011-08-09,2011,août,mardi,14:05,93,93051,0,0,2,9,7,1,1,6,-1,00,1,1,0,0,1,0,1,3,1,12,3,3,9,0,2,2,21,201100049095B01,7,23,1,200054781
201100049101,2011-09-08,2011,septembre,jeudi,19:00,93,93051,0,0,2,1,3,1,1,3,1,03,1,1,0,0,1,0,1,3,1,18,9,2,2,0,2,1,18,201100049101B01,7,1,1,200054781
201100049104,2011-09-17,2011,septembre,samedi,17:05,93,93051,0,0,2,4,3,1,1,4,2,02,1,1,0,50,1,0,4,4,1,14,1,3,9,0,2,1,1,201100049104A01,7,1,1,200054781
201100049117,2011-11-01,2011,novembre,mardi,16:30,93,93033,0,0,2,1,3,1,2,4,-1,00,2,1,0,0,2,2,0,4,1,69,5,3,9,0,2,7,1,201100049117B01,33,1,1,200054781
201100049119,2011-11-18,2011,novembre,vendredi,15:50,93,93033,0,0,2,4,3,1,1,3,1,01,1,1,0,67,1,0,1,3,1,11,0,3,9,0,2,5,19,201100049119B01,33,1,1,200054781
201100049146,2011-06-05,2011,juin,dimanche,12:20,93,93053,0,0,2,1,7,1,1,3,-1,01,2,1,0,0,1,6,4,3,1,17,5,2,2,6,0,2,1,201100049146A01,,,,200054781
201100049150,2011-06-22,2011,juin,mercredi,14:30,93,93053,0,0,2,1,1,1,1,3,1,02,1,1,0,50,1,0,1,4,1,55,9,3,9,0,2,1,5,201100049150B01,7,7,1,200054781
201100049152,2011-07-06,2011,juillet,mercredi,14:00,93,93053,0,0,2,1,7,1,1,3,2,02,2,1,50,30,1,0,1,3,1,56,9,1,9,1,0,1,1,201100049152A01,,,,200054781
201100049152,2011-07-06,2011,juillet,mercredi,14:00,93,93053,0,0,2,1,7,1,1,3,2,02,2,1,50,30,1,0,1,1,1,38,0,3,9,1,0,1,1,201100049152A01,,,,200054781
201100049170,2011-10-03,2011,octobre,lundi,09:20,93,93053,0,0,2,1,2,1,1,3,2,02,1,1,0,60,1,0,1,3,1,11,9,3,2,0,2,1,2,201100049170A01,10,1,1,200054781
201100049276,2011-12-07,2011,décembre,mercredi,19:15,93,93055,0,0,2,1,6,5,2,3,2,00,1,1,0,0,2,0,1,4,1,9,0,3,9,,,,,201100049276A01,,,,200054781
201100049286,2011-01-14,2011,janvier,vendredi,08:20,93,93077,0,0,2,2,3,1,1,2,2,02,1,1,0,110,1,0,1,3,2,50,1,2,2,0,0,8,1,201100049286B01,7,1,1,200054781
201100049291,2011-02-09,2011,février,mercredi,13:40,93,93077,0,0,2,1,3,1,1,4,2,01,1,1,0,80,1,0,1,3,1,31,9,3,9,0,2,1,1,201100049291B01,10,22,1,200054781
201100049300,2011-03-02,2011,mars,mercredi,14:53,93,93062,0,0,2,6,3,1,1,3,3,02,1,1,20,30,1,5,1,3,1,58,1,3,9,0,2,7,1,201100049300A01,7,9,1,200054781
201100049331,2011-07-05,2011,juillet,mardi,14:42,93,93062,0,0,2,1,3,1,1,3,2,02,2,1,0,60,1,0,1,3,1,15,9,2,2,0,2,7,17,201100049331A01,7,1,1,200054781
201100049337,2011-08-02,2011,août,mardi,19:16,93,93062,0,0,2,3,3,1,1,3,2,02,2,1,0,8,1,0,1,4,1,26,9,3,9,0,2,1,1,201100049337B01,7,9,1,200054781
201100049375,2011-04-01,2011,avril,vendredi,16:55,93,93077,0,0,2,3,2,1,1,4,2,02,2,1,0,60,1,0,1,4,1,45,5,1,2,0,2,1,2,201100049375A01,7,1,1,200054781
201100049386,2011-05-20,2011,mai,vendredi,08:45,93,93064,0,0,2,1,5,1,1,2,2,02,1,1,0,0,1,5,1,4,1,41,5,2,9,0,2,1,1,201100049386A01,13 / 7,24 / 1,2,200054781
201100049406,2011-10-24,2011,octobre,lundi,18:10,93,93064,0,0,2,1,2,5,1,2,2,02,1,1,0,100,1,0,1,4,1,73,5,2,9,0,2,4,1,201100049406B01,7,16,1,200054781
201100049475,2011-04-14,2011,avril,jeudi,16:25,93,93066,0,0,2,1,2,1,1,3,3,02,1,1,0,90,1,0,1,4,1,43,1,2,2,0,2,4,3,201100049475A01,7,1,1,200054781
201100049532,2011-06-16,2011,juin,jeudi,19:50,93,93066,0,0,2,2,2,1,1,2,2,00,1,1,0,60,1,0,1,3,1,19,5,2,9,0,2,4,1,201100049532A01,7,21,1,200054781
201100049546,2011-07-10,2011,juillet,dimanche,08:00,93,93039,0,0,2,1,3,1,1,3,3,01,1,1,0,60,1,2,1,1,1,2011,9,3,9,0,2,2,1,201100049546B01,33,1,1,200054781
201100049560,2011-07-28,2011,juillet,jeudi,22:45,93,93066,0,0,2,3,3,5,1,3,2,04,1,1,0,100,1,0,1,4,1,42,1,2,9,0,2,1,1,201100049560B01,30,15,1,200054781
201100049563,2011-07-30,2011,juillet,samedi,16:20,93,93066,0,0,2,2,3,1,1,4,2,02,1,1,0,0,1,0,1,4,1,33,5,2,2,0,2,1,1,201100049563A01,37,1,1,200054781
201100049586,2011-08-25,2011,août,jeudi,17:30,93,93039,0,0,1,1,3,1,1,3,2,01,1,1,0,0,1,0,3,4,2,71,9,3,9,0,0,3,1,201100049586B01,7,16,1,200054781
201100049598,2011-09-05,2011,septembre,lundi,17:45,93,93066,0,0,2,1,6,1,1,4,-1,00,1,1,0,0,1,6,4,1,1,20,5,2,9,0,1,1,1,201100049598A01,,,,200054781
201100049616,2011-09-30,2011,septembre,vendredi,10:26,93,93066,0,0,2,5,3,1,1,4,-1,00,1,1,0,0,1,0,1,3,2,26,5,3,9,0,2,3,1,201100049616B01,7,1,1,200054781
201100049643,2011-11-16,2011,novembre,mercredi,15:50,93,93066,0,0,2,2,3,1,1,4,2,02,1,1,0,0,1,0,1,4,1,16,2,2,2,0,2,1,19,201100049643A01,7,1,1,200054781
201100049690,2011-03-23,2011,mars,mercredi,14:15,93,93070,0,0,2,3,2,1,1,3,2,02,1,1,0,0,1,0,1,4,2,24,9,3,9,1,2,4,1,201100049690B02,7,2,1,200054781
201100049741,2011-10-24,2011,octobre,lundi,07:55,93,93070,0,0,2,1,3,2,1,3,2,02,2,1,0,110,1,0,1,3,1,33,9,2,2,0,2,6,1,201100049741B01,7,2,1,200054781
201100049748,2011-11-10,2011,novembre,jeudi,10:25,93,93070,0,0,2,1,6,1,1,3,2,02,1,1,0,0,1,0,5,3,1,38,9,3,2,1,0,1,1,201100049748B01,10,22,1,200054781
201100049766,2011-02-23,2011,février,mercredi,16:20,93,93072,0,0,2,3,3,1,2,2,3,03,1,1,0,120,2,0,1,2,1,60,1,3,2,0,2,8,16,201100049766B01,14,16,1,200054781
201100049772,2011-05-05,2011,mai,jeudi,18:00,93,93072,0,0,2,1,3,1,1,3,2,02,1,1,0,0,1,0,1,3,1,27,9,3,9,0,2,1,1,201100049772B01,7,1,1,200054781
201100049839,2011-04-18,2011,avril,lundi,22:00,93,93078,0,0,1,1,1,3,1,4,1,01,1,1,0,40,1,0,1,3,1,36,9,2,2,0,2,1,5,201100049839A01,37,15,1,200054781
201100049859,2011-06-23,2011,juin,jeudi,19:00,93,93073,0,0,2,1,3,1,1,4,-1,02,1,-1,0,0,1,0,4,3,2,33,5,2,2,1,2,1,1,201100049859A01,7,23,1,200054781
201100049915,2011-05-19,2011,mai,jeudi,17:40,94,94002,48.8085,2.41895,2,1,3,1,1,4,1,01,1,1,0,59,1,0,1,3,2,42,5,3,9,0,2,1,1,201100049915B01,7,22,1,200054781
201100049923,2011-07-26,2011,juillet,mardi,17:20,94,94002,48.8107,2.41672,2,1,3,1,1,4,1,01,1,1,0,38,1,0,1,4,1,10,5,3,9,0,0,7,19,201100049923B01,7,1,1,200054781
201100049925,2011-08-31,2011,août,mercredi,09:00,94,94002,48.8145,2.41193,2,4,3,1,1,2,2,02,2,1,0,52,1,0,1,4,1,37,1,1,2,0,2,1,1,201100049925B01,7,15,1,200054781
201100050003,2011-12-18,2011,décembre,dimanche,09:55,94,94044,0,0,2,1,7,1,4,3,2,02,1,1,0,0,7,2,1,3,1,50,5,3,9,0,0,0,2,201100050003A01,,,,200054781
201100050020,2011-04-11,2011,avril,lundi,11:45,94,94071,48.773,2.50138,2,1,3,1,1,3,3,04,1,1,0,0,1,0,1,4,1,74,9,1,2,0,2,8,23,201100050020B01,7,17,1,200054781
201100050022,2011-04-17,2011,avril,dimanche,19:35,94,94044,48.758,2.48713,2,1,6,1,1,4,2,01,1,1,0,60,1,0,4,1,1,15,5,3,9,0,1,1,1,201100050022A01,,,,200054781