Num_Acc,date,an,mois,jour,hrmn,dep,com,lat,long,agg,int,col,lum,atm,catr,circ,nbv,prof,plan,lartpc,larrout,surf,infra,situ,grav,sexe,age,trajet,secuexist,equipement,obs,obsm,choc,manv,vehiculeid,typevehicules,manoeuvehicules,numVehicules,_infos_commune.code_epci
201100050023,2011-04-19,2011,avril,mardi,18:30,94,94044,48.7431,2.5019,2,3,3,1,7,3,2,02,1,1,0,60,1,0,1,4,1,33,5,3,9,0,2,7,19,201100050023B01,7,16,1,200054781
201100050036,2011-05-19,2011,mai,jeudi,06:50,94,94071,48.756,2.53822,2,2,3,1,1,4,2,02,1,1,0,50,1,0,1,4,1,37,1,2,9,0,2,1,1,201100050036B01,7,1,1,200054781
201100050052,2011-07-06,2011,juillet,mercredi,14:50,94,94004,48.7537,2.50654,2,3,4,1,1,2,2,04,4,1,0,0,1,0,1,3,1,51,1,1,2,0,2,4,23,201100050052C01,7,1 / 23,3,200054781
201100050165,2011-08-16,2011,août,mardi,10:20,94,94017,48.814,2.5267,2,6,3,1,1,3,1,01,1,-1,0,0,1,0,1,4,1,22,9,1,2,0,2,1,1,201100050165B01,7,9,1,200054781
201100050166,2011-08-17,2011,août,mercredi,09:05,94,94017,48.8139,2.50184,2,1,3,1,1,4,1,01,1,1,0,0,1,0,1,4,2,61,9,3,2,0,2,8,1,201100050166B01,10,12,1,200054781
201100050175,2011-09-19,2011,septembre,lundi,18:30,94,94017,0,0,2,2,3,1,1,2,-1,02,1,1,0,0,1,0,1,4,1,44,0,1,2,0,2,1,17,201100050175B01,7,15,1,200054781
201100050187,2011-10-17,2011,octobre,lundi,18:10,94,94017,0,0,2,3,6,1,1,4,-1,01,1,1,0,0,1,0,1,1,1,31,9,1,2,0,1,1,1,201100050187A01,,,,200054781
201100050240,2011-05-20,2011,mai,vendredi,16:45,94,94018,48.8256,2.40661,2,1,4,1,1,3,2,03,1,1,0,0,1,0,1,3,1,57,1,3,9,0,2,4,2,201100050240B01,7 / 10,2 / 23,3,200054781
201100050248,2011-07-05,2011,juillet,mardi,16:00,94,94069,48.8179,2.4431,2,1,3,1,1,3,2,02,1,1,0,80,1,0,1,4,1,70,9,1,9,0,2,3,19,201100050248B01,7,1,1,200054781
201100050249,2011-08-08,2011,août,lundi,22:00,94,94018,48.8179,2.41228,2,1,6,2,1,4,2,00,1,1,0,0,1,6,5,1,1,16,9,2,9,0,1,1,1,201100050249A01,,,,200054781
201100050258,2011-09-08,2011,septembre,jeudi,13:20,94,94069,0,0,2,2,3,1,2,3,2,02,2,3,20,68,2,0,1,4,2,63,5,1,9,0,2,8,1,201100050258B01,10,16,1,200054781
201100050264,2011-09-29,2011,septembre,jeudi,14:50,94,94018,0,0,2,1,3,1,1,3,1,01,1,1,120,80,1,0,1,4,1,55,9,1,9,0,2,1,1,201100050264B01,7,16,1,200054781
201100050286,2011-05-22,2011,mai,dimanche,14:50,94,94069,48.8181,2.43184,2,1,3,1,9,3,-1,02,1,1,0,80,1,0,4,4,1,13,9,3,9,0,2,2,1,201100050286A01,7,9,1,200054781
201100050311,2011-03-17,2011,mars,jeudi,10:20,94,94079,48.8304,2.53722,2,4,3,1,1,3,2,02,1,1,0,60,1,0,1,4,1,36,4,3,9,0,2,7,1,201100050311B01,7,15,1,200054781
201100050339,2011-05-30,2011,mai,lundi,08:05,94,94079,48.8236,2.53556,2,1,2,1,1,4,2,02,1,1,0,62,1,0,1,4,1,16,5,2,2,0,2,4,15,201100050339B01,10,15,1,200054781
201100050361,2011-08-01,2011,août,lundi,20:10,94,94019,48.8027,2.55345,2,3,3,1,1,4,2,01,1,1,0,0,1,0,1,4,1,18,9,2,2,0,2,1,9,201100050361A01,7,1,1,200054781
201100050370,2011-09-06,2011,septembre,mardi,09:40,94,94059,0,0,2,2,1,1,1,4,1,01,2,1,0,55,1,0,1,3,1,60,1,1,2,0,2,1,15,201100050370A01,10,16,1,200054781
201100050373,2011-09-18,2011,septembre,dimanche,10:30,94,94059,0,0,2,6,3,1,1,4,-1,02,-1,-1,0,74,1,0,1,4,1,41,5,1,2,0,2,1,1,201100050373B01,7,9,1,200054781
201100050407,2011-12-26,2011,décembre,lundi,09:00,94,94055,0,0,2,1,3,1,1,3,2,02,1,1,0,70,1,0,1,4,2,85,3,2,2,0,2,0,1,201100050407B01,37,9,1,200054781
201100050410,2011-03-10,2011,mars,jeudi,07:15,94,94022,48.7612,2.4205,2,3,3,2,1,3,2,00,1,1,0,61,1,0,1,3,1,30,1,1,2,0,2,3,19,201100050410B01,7,1,1,200054781
201100050423,2011-02-15,2011,février,mardi,18:30,94,94022,48.772,2.41395,2,3,3,2,2,3,2,02,1,1,0,600,2,5,1,4,1,14,9,2,9,0,2,7,19,201100050423B01,7,16,1,200054781
201100050449,2011-04-11,2011,avril,lundi,14:50,94,94022,48.7672,2.41511,2,1,3,1,1,2,1,01,1,1,0,45,1,0,1,4,2,11,5,2,9,1,0,1,1,201100050449B01,7,22,1,200054781
201100050476,2011-06-30,2011,juin,jeudi,15:00,94,94022,48.7644,2.40996,2,3,2,1,1,3,2,02,3,1,0,65,1,0,1,4,1,30,1,1,2,0,2,4,23,201100050476B01,7,1,1,200054781
201100050483,2011-09-01,2011,septembre,jeudi,18:55,94,94054,0,0,2,1,3,1,1,4,2,02,1,1,1,50,1,0,1,4,1,11,5,3,9,0,2,7,19,201100050483A01,7,1,1,200054781
201100050505,2011-01-19,2011,janvier,mercredi,08:35,94,94011,48.7635,2.48012,2,1,2,1,1,3,2,04,1,1,60,60,1,0,1,4,1,48,1,1,4,0,0,4,1,201100050505B01,7,2,1,200054781
201100050511,2011-02-03,2011,février,jeudi,10:20,94,94028,48.7683,2.45844,2,1,2,1,1,4,2,02,1,1,0,60,1,0,1,4,1,28,5,1,4,0,2,4,1,201100050511B01,7,2,1,200054781
201100050560,2011-04-13,2011,avril,mercredi,15:40,94,94028,48.78,2.46168,2,2,3,1,1,4,2,02,2,1,0,60,1,5,1,4,1,13,5,1,4,0,2,1,16,201100050560A01,7,1,1,200054781
201100050583,2011-05-17,2011,mai,mardi,14:55,94,94028,48.7917,2.46199,2,1,3,1,1,2,2,02,1,1,0,60,1,0,1,4,1,74,9,3,2,0,2,4,1,201100050583B01,7,1,1,200054781
201100050598,2011-06-08,2011,juin,mercredi,20:45,94,94028,48.7822,2.45474,2,2,3,1,1,3,3,04,1,1,60,60,1,0,1,4,2,17,9,1,4,0,2,8,19,201100050598A01,7,1,1,200054781
201100050611,2011-06-30,2011,juin,jeudi,15:30,94,94028,48.7847,2.44808,2,1,7,1,1,2,2,02,1,1,0,80,1,0,1,4,1,18,9,2,4,0,0,7,1,201100050611A01,,,,200054781
201100050626,2011-07-21,2011,juillet,jeudi,09:30,94,94028,48.7663,2.47402,2,1,3,1,2,3,3,06,1,-1,180,180,2,0,1,4,1,31,1,1,2,0,0,1,19,201100050626B01,7,1,1,200054781
201100050638,2011-08-17,2011,août,mercredi,17:15,94,94011,48.78,2.47587,2,6,1,1,1,2,2,00,1,1,0,0,1,0,5,4,2,20,5,3,9,0,2,3,16,201100050638B01,7,16,1,200054781
201100050645,2011-08-29,2011,août,lundi,08:00,94,94028,48.7881,2.43992,2,1,3,1,1,4,-1,02,1,1,0,60,1,0,1,4,2,48,1,3,9,0,2,8,1,201100050645B01,7,17,1,200054781
201100050657,2011-09-22,2011,septembre,jeudi,13:30,94,94011,0,0,2,1,3,1,1,4,-1,04,1,1,0,120,1,0,1,4,1,16,1,2,2,0,2,1,19,201100050657A01,10,1,1,200054781
201100050661,2011-09-27,2011,septembre,mardi,20:00,94,94028,0,0,2,1,3,5,1,2,3,04,1,1,10,120,1,0,1,4,2,6,5,2,2,0,0,7,19,201100050661B01,7,2,1,200054781
201100050668,2011-10-05,2011,octobre,mercredi,10:30,94,94028,0,0,2,2,3,1,1,4,2,02,1,1,,,1,0,1,4,2,27,4,1,4,0,2,1,1,201100050668B01,13,16,1,200054781
201100050749,2011-12-06,2011,décembre,mardi,08:35,94,94033,0,0,2,2,6,1,2,3,1,01,2,1,0,0,2,0,1,3,1,30,1,2,9,0,1,1,1,201100050749A01,,,,200054781
201100050749,2011-12-06,2011,décembre,mardi,08:35,94,94033,0,0,2,2,6,1,2,3,1,01,2,1,0,0,2,0,1,4,2,15,2,3,9,0,1,1,1,201100050749A01,,,,200054781
201100050799,2011-04-01,2011,avril,vendredi,16:35,94,94043,48.8146,2.36088,2,1,3,1,1,2,1,04,1,1,0,0,1,0,1,4,1,38,9,3,9,0,2,8,1,201100050799A01,7,23,1,200054781
201100050805,2011-04-08,2011,avril,vendredi,08:45,94,94003,48.8096,2.32835,2,1,7,1,1,3,1,01,1,1,0,40,1,0,1,4,2,54,9,3,9,0,0,7,19,201100050805A01,,,,200054781
201100050816,2011-04-30,2011,avril,samedi,13:35,94,94016,48.786,2.33112,2,1,2,1,1,4,2,02,1,1,0,0,1,0,4,4,1,10,5,1,9,0,2,1,1,201100050816B01,7,4,1,200054781
201100050836,2011-05-22,2011,mai,dimanche,13:10,94,94037,48.8084,2.34545,2,3,3,1,1,4,2,01,1,1,0,0,1,0,1,4,2,78,9,3,9,0,2,1,1,201100050836A01,7,23,1,200054781
201100050852,2011-06-16,2011,juin,jeudi,18:15,94,94043,48.805,2.34493,2,1,7,1,1,3,1,02,1,1,0,0,9,0,1,4,2,27,1,2,9,0,0,8,1,201100050852A01,,,,200054781
201100050886,2011-09-10,2011,septembre,samedi,22:25,94,94037,0,0,2,3,2,5,1,3,2,02,2,1,0,60,1,0,1,4,1,18,9,2,9,0,2,4,1,201100050886A01,7,2,1,200054781
201100050905,2011-10-04,2011,octobre,mardi,18:00,94,94076,0,0,2,2,3,1,1,4,2,02,1,1,0,0,1,0,1,4,1,11,9,1,9,0,2,7,19,201100050905B01,7,0,1,200054781
201100050926,2011-11-04,2011,novembre,vendredi,13:30,94,94003,0,0,2,1,3,1,1,3,2,02,2,1,0,0,1,0,5,4,2,39,9,3,9,,2,1,1,201100050926B02,7,22,1,200054781
201100050942,2011-11-28,2011,novembre,lundi,18:25,94,94003,0,0,2,1,3,5,8,3,4,02,1,1,0,0,1,0,1,4,1,13,5,3,9,,2,3,19,201100050942B02,7,1,1,200054781
201100050999,2011-03-19,2011,mars,samedi,11:20,94,94065,48.7485,2.34192,2,1,3,1,1,4,2,02,1,1,0,0,1,0,1,3,2,12,9,3,9,0,2,8,9,201100050999B01,7,1,1,200054781
201100051023,2011-04-28,2011,avril,jeudi,10:30,94,94021,48.7625,2.35097,2,1,3,1,1,4,1,01,1,1,0,0,1,0,1,3,1,51,1,2,9,0,2,8,19,201100051023B01,7,1,1,200054781
201100051025,2011-05-04,2011,mai,mercredi,14:00,94,94021,48.7619,2.36598,2,1,3,1,1,3,3,03,1,2,0,0,1,0,1,4,1,63,5,3,9,0,2,1,1,201100051025B01,7,16,1,200054781
201100051056,2011-06-21,2011,juin,mardi,19:20,94,94038,48.7758,2.3534,2,2,1,1,1,4,2,02,1,1,0,0,1,0,1,4,1,17,5,3,9,0,2,0,15,201100051056B01,7,9,1,200054781
201100051062,2011-06-28,2011,juin,mardi,19:10,94,94065,48.7564,2.35128,2,1,2,1,1,4,1,04,1,-1,0,0,1,0,1,3,1,40,9,1,2,0,2,1,1,201100051062A01,15,23,1,200054781
201100051077,2011-07-25,2011,juillet,lundi,19:40,94,94034,48.7562,2.31661,2,1,1,1,1,4,-1,00,1,-1,0,0,1,0,1,4,1,17,5,2,9,0,2,7,16,201100051077B01,7,15,1,200054781
201100051119,2011-10-03,2011,octobre,lundi,18:15,94,94073,0,0,2,3,3,1,1,4,2,02,2,1,0,0,1,0,1,4,2,42,4,3,9,0,0,1,1,201100051119B01,7,15,1,200054781
201100051121,2011-10-11,2011,octobre,mardi,11:45,94,94034,0,0,2,2,3,1,8,4,2,02,1,1,0,0,1,5,1,1,1,26,9,3,9,0,2,8,19,201100051121A01,37,7,1,200054781
201100051134,2011-10-26,2011,octobre,mercredi,18:25,94,94034,0,0,2,3,3,2,1,3,2,02,1,1,0,0,1,0,1,4,1,30,1,1,2,0,2,1,1,201100051134B01,7,15,1,200054781
201100051137,2011-10-28,2011,octobre,vendredi,17:20,94,94038,0,0,2,1,6,1,1,3,1,01,1,-1,0,0,1,0,5,1,1,37,5,3,9,0,1,1,1,201100051137A01,,,,200054781
201100051158,2011-11-25,2011,novembre,vendredi,12:15,94,94021,0,0,2,1,1,1,1,4,1,01,1,1,0,0,1,0,1,4,1,22,4,1,4,2,2,1,5,201100051158B01,7,9,1,200054781
201100051161,2011-11-27,2011,novembre,dimanche,12:10,94,94073,0,0,2,2,2,1,1,2,-1,03,2,1,0,0,1,0,1,4,1,48,5,1,2,0,2,1,2,201100051161A01,7,1,1,200054781
201100051213,2011-03-16,2011,mars,mercredi,12:10,94,94041,48.8161,2.38272,2,1,3,1,1,3,2,02,1,1,0,90,1,0,1,4,1,10,2,3,9,1,0,1,1,201100051213B01,7,22,1,200054781
201100051220,2011-04-13,2011,avril,mercredi,08:25,94,94041,48.8131,2.37016,2,1,3,1,1,2,2,04,1,1,0,118,1,0,1,3,2,54,1,3,9,0,2,8,11,201100051220B01,33,1,1,200054781
201100051257,2011-07-12,2011,juillet,mardi,10:40,94,94041,48.8146,2.40209,2,6,3,1,3,2,1,02,1,2,0,0,2,5,1,4,1,14,5,3,4,0,2,3,1,201100051257B01,13,16,1,200054781
201100051272,2011-09-02,2011,septembre,vendredi,07:20,94,94041,0,0,2,1,2,1,1,3,1,04,3,1,0,170,1,2,1,4,1,45,1,1,2,0,0,4,1,201100051272B01,7,2,1,200054781
201100051278,2011-09-22,2011,septembre,jeudi,13:30,94,94041,0,0,2,1,2,1,1,4,1,01,1,-1,0,35,1,0,1,4,1,16,2,3,9,0,2,1,2,201100051278B01,7,23,1,200054781
201100051280,2011-09-25,2011,septembre,dimanche,06:25,94,94041,0,0,2,1,2,5,1,2,2,04,2,1,0,140,1,2,1,3,1,20,9,3,9,0,2,4,1,201100051280B01,7,2,1,200054781
201100051284,2011-10-04,2011,octobre,mardi,11:15,94,94041,0,0,2,2,3,1,1,2,1,02,1,1,0,100,1,5,1,4,1,27,9,3,9,0,2,1,19,201100051284B01,7,15,1,200054781
201100051289,2011-10-12,2011,octobre,mercredi,20:50,94,94041,0,0,2,1,2,5,1,3,1,04,2,1,0,120,1,2,1,4,2,24,9,3,4,0,2,4,1,201100051289B01,7,2,1,200054781
201100051297,2011-11-18,2011,novembre,vendredi,09:35,94,94041,0,0,2,1,3,1,1,3,1,02,1,1,0,70,1,0,1,4,2,27,1,3,9,0,2,6,19,201100051297B01,7,1,1,200054781
201100051299,2011-11-18,2011,novembre,vendredi,09:30,94,94041,0,0,2,1,3,1,1,3,1,04,1,1,0,140,1,2,1,4,2,59,9,3,9,0,2,1,17,201100051299B01,7,21,1,200054781
201100051322,2011-01-17,2011,janvier,lundi,14:50,94,94046,48.8038,2.4502,2,1,7,1,1,4,1,01,1,1,0,50,1,0,1,3,2,53,4,2,2,14,0,1,1,201100051322A01,,,,200054781
201100051341,2011-04-27,2011,avril,mercredi,13:15,94,94046,48.8098,2.45175,2,1,3,1,1,4,2,02,1,1,0,73,1,0,1,3,1,15,2,2,2,0,2,8,19,201100051341A01,7,1,1,200054781
201100051347,2011-06-07,2011,juin,mardi,16:30,94,94046,48.8117,2.4219,2,3,3,1,1,4,2,02,1,1,0,0,1,0,1,4,2,9,9,3,9,0,2,1,9,201100051347B01,7,1,1,200054781
201100051351,2011-06-23,2011,juin,jeudi,19:40,94,94046,48.8073,2.44611,2,1,3,1,1,3,2,02,1,1,0,96,1,0,1,4,2,38,1,2,2,0,2,8,1,201100051351B01,7,17,1,200054781
201100051373,2011-10-16,2011,octobre,dimanche,06:05,94,94046,0,0,2,1,6,2,1,3,-1,02,2,1,0,0,1,0,1,1,1,58,9,3,2,0,1,1,1,201100051373A01,,,,200054781
201100051401,2011-01-16,2011,janvier,dimanche,16:15,94,94058,48.8329,2.50213,2,2,3,1,1,4,1,01,1,1,0,51,1,5,1,4,1,86,5,1,2,0,2,5,1,201100051401A01,7,1,1,200054781
201100051405,2011-01-25,2011,janvier,mardi,09:15,94,94052,48.8401,2.47318,2,3,3,1,1,4,1,01,1,1,0,51,1,5,1,3,2,60,1,3,2,0,2,1,9,201100051405A01,7,15,1,200054781
201100051420,2011-03-08,2011,mars,mardi,17:45,94,94042,48.8173,2.46715,2,1,2,1,1,2,1,03,1,1,0,126,1,0,1,4,1,40,9,1,2,0,0,5,14,201100051420B01,7,1,1,200054781
201100051436,2011-05-07,2011,mai,samedi,15:00,94,94058,48.8362,2.50384,2,2,3,1,1,4,-1,00,1,1,0,25,1,0,1,4,1,21,1,3,9,0,2,8,1,201100051436B01,7,9,1,200054781
201100051438,2011-04-27,2011,avril,mercredi,09:05,94,94058,48.8352,2.49955,2,3,3,1,1,3,2,02,1,1,0,78,1,0,1,4,1,13,2,3,9,0,2,2,19,201100051438B01,7,1,1,200054781
201100051442,2011-05-07,2011,mai,samedi,15:00,94,94058,48.8362,2.50384,2,2,3,1,1,4,2,02,1,1,0,0,1,0,1,4,1,21,4,3,8,0,2,1,1,201100051442B01,7,1,1,200054781
201100051446,2011-05-13,2011,mai,vendredi,18:00,94,94015,48.8325,2.53156,2,2,2,1,1,3,2,02,1,1,92,71,1,0,1,4,1,46,1,1,2,0,0,4,23,201100051446B01,7,2,1,200054781
201100051451,2011-05-29,2011,mai,dimanche,17:25,94,94058,48.8393,2.49931,2,1,3,1,1,4,3,00,1,1,0,70,1,0,1,4,1,31,1,2,9,1,0,5,1,201100051451A01,7,22,1,200054781
201100051464,2011-08-04,2011,août,jeudi,12:45,94,94042,48.8123,2.45948,2,1,3,1,1,3,2,03,2,1,0,90,1,0,1,4,1,26,5,3,9,0,2,1,9,201100051464A01,10,1,1,200054781
201100051471,2011-08-24,2011,août,mercredi,16:50,94,94058,48.8474,2.51095,2,1,6,1,1,4,1,01,1,1,0,60,1,0,5,4,1,36,5,1,2,0,1,1,1,201100051471A01,,,,200054781
201100051493,2011-10-26,2011,octobre,mercredi,20:13,94,94052,0,0,2,2,3,5,1,2,2,02,2,1,0,0,1,5,1,3,2,61,9,3,9,0,2,3,5,201100051493A01,33,1,1,200054781
201100051524,2011-03-04,2011,mars,vendredi,08:55,94,94068,48.804,2.49698,2,1,3,1,1,4,2,02,1,1,0,50,1,0,1,4,2,59,1,3,9,1,0,1,1,201100051524B01,7,22,1,200054781
201100051542,2011-04-22,2011,avril,vendredi,14:40,94,94068,48.799,2.47885,2,1,3,1,1,4,2,02,1,1,0,61,1,0,1,4,1,12,5,3,9,0,2,1,19,201100051542A01,7,1,1,200054781
201100051550,2011-05-12,2011,mai,jeudi,10:50,94,94068,48.7938,2.49232,2,2,3,1,1,4,2,02,1,1,0,75,1,0,1,4,2,65,5,3,9,0,2,6,16,201100051550B01,7,1,1,200054781
201100051560,2011-05-30,2011,mai,lundi,15:40,94,94068,48.7909,2.5208,2,2,3,1,1,3,2,02,2,1,0,72,1,0,1,4,1,58,5,3,9,0,2,1,1,201100051560B01,7,16,1,200054781
201100051561,2011-06-01,2011,juin,mercredi,12:55,94,94068,48.8115,2.47441,2,1,6,1,1,4,1,01,1,1,0,60,1,0,1,4,2,43,1,3,9,0,2,1,1,201100051561B01,7,4,1,200054781
201100051568,2011-06-17,2011,juin,vendredi,17:45,94,94068,48.7938,2.49232,2,2,3,1,1,4,2,02,1,1,0,74,1,0,1,4,2,12,5,3,9,0,2,7,1,201100051568A01,7,1,1,200054781
201100051577,2011-07-02,2011,juillet,samedi,10:40,94,94068,48.7938,2.48661,2,6,2,1,1,4,1,02,1,-1,0,80,1,0,1,4,2,72,5,1,9,0,2,4,1,201100051577B01,7,9,1,200054781
201100051643,2011-01-18,2011,janvier,mardi,07:55,94,94074,48.7443,2.4649,2,2,3,3,1,3,3,02,1,1,0,50,1,5,1,4,1,17,2,2,9,0,2,1,19,201100051643B01,7,15,1,200054781
201100051723,2011-07-19,2011,juillet,mardi,10:30,94,94078,48.7298,2.4469,2,4,2,1,3,2,2,05,1,-1,0,60,2,0,1,4,2,54,5,2,2,0,0,5,19,201100051723A01,10,15,1,200054781
201100051732,2011-08-07,2011,août,dimanche,09:55,94,94001,48.7225,2.42204,2,1,3,1,1,3,2,02,1,1,0,50,1,0,1,4,1,77,5,3,9,0,2,8,1,201100051732B01,10,17,1,200054781
201100051741,2011-09-02,2011,septembre,vendredi,16:45,94,94078,0,0,2,1,3,1,1,3,2,02,1,1,0,40,1,0,1,4,1,25,9,2,2,0,0,3,1,201100051741B01,10,17,1,200054781
201100051804,2011-12-11,2011,décembre,dimanche,18:45,94,94078,0,0,2,1,6,5,1,4,2,02,1,1,0,50,2,0,1,4,1,38,0,3,9,0,2,1,0,201100051804B01,7,0,1,200054781
201100051824,2011-03-25,2011,mars,vendredi,10:00,94,94080,48.8466,2.44682,2,3,6,1,1,4,1,01,1,1,0,0,1,0,1,4,2,54,5,3,9,0,1,1,18,201100051824A01,,,,200054781
201100051827,2011-04-07,2011,avril,jeudi,08:45,94,94080,48.8475,2.429,2,2,6,1,1,4,1,01,1,1,0,0,1,0,1,1,1,41,4,1,9,0,1,1,1,201100051827A01,,,,200054781
201100051833,2011-04-28,2011,avril,jeudi,12:45,94,94080,48.846,2.43982,2,3,3,1,1,4,1,01,1,1,0,0,1,0,1,4,2,35,9,3,9,0,2,1,1,201100051833B01,7,22,1,200054781
201100051835,2011-05-08,2011,mai,dimanche,14:55,94,94067,48.8405,2.41755,2,1,3,1,1,3,2,02,1,1,0,0,1,0,4,4,1,7,9,3,9,0,2,1,1,201100051835B01,7,9,1,200054781
201100051842,2011-05-26,2011,mai,jeudi,19:25,94,94080,48.8472,2.43559,2,1,3,1,1,4,1,01,1,1,0,0,1,0,1,4,1,27,4,3,9,0,2,1,1,201100051842B01,7,22,1,200054781
201100051846,2011-06-06,2011,juin,lundi,16:45,94,94080,48.8475,2.43083,2,2,2,1,1,3,-1,02,1,1,0,0,1,0,1,4,1,45,5,3,2,0,2,2,2,201100051846A01,7,1,1,200054781
201100051848,2011-06-22,2011,juin,mercredi,17:55,94,94080,48.8471,2.44784,2,1,7,1,1,3,2,02,2,1,0,0,1,0,1,4,1,14,5,3,9,1,0,1,1,201100051848A01,,,,200054781
201100051856,2011-07-29,2011,juillet,vendredi,08:20,94,94067,48.8431,2.41762,2,3,3,1,1,3,2,02,2,1,0,0,1,0,1,3,2,60,1,3,9,1,2,1,1,201100051856B01,7,22,1,200054781
201100051858,2011-08-08,2011,août,lundi,10:00,94,94080,48.8488,2.45478,2,5,1,1,1,3,2,02,2,1,0,0,2,0,1,3,2,63,5,3,9,0,2,2,1,201100051858A01,7,1,1,200054781
201100051859,2011-08-11,2011,août,jeudi,17:55,94,94080,48.8484,2.43462,2,2,3,1,1,3,2,02,1,1,0,0,1,0,1,4,1,3,5,3,9,0,2,1,1,201100051859B01,7,1,1,200054781
201100051862,2011-09-06,2011,septembre,mardi,14:02,94,94080,0,0,2,2,6,1,1,4,2,02,1,1,0,0,1,0,1,1,1,16,9,3,9,0,1,1,1,201100051862A01,,,,200054781
201100051863,2011-09-12,2011,septembre,lundi,09:55,94,94080,0,0,2,3,1,1,1,3,2,02,1,1,0,0,1,0,1,4,1,24,1,3,9,0,2,1,15,201100051863A01,34,1,1,200054781
201100051866,2011-09-16,2011,septembre,vendredi,18:00,94,94067,0,0,2,2,2,1,1,3,2,02,1,1,0,0,1,0,1,4,1,46,5,3,9,0,2,1,1,201100051866B01,7,1,1,200054781
201100051868,2011-09-20,2011,septembre,mardi,18:10,94,94080,0,0,2,1,1,1,1,3,1,01,1,1,0,80,1,0,1,4,1,38,4,3,9,1,0,1,1,201100051868B01,7,17,1,200054781
201100051875,2011-10-14,2011,octobre,vendredi,14:55,94,94080,0,0,2,3,2,1,1,3,2,02,1,1,0,0,1,0,1,4,2,39,5,1,2,0,0,1,2,201100051875B01,7,1,1,200054781
201100051922,2011-04-02,2011,avril,samedi,20:20,94,94081,48.798,2.39944,2,1,3,2,1,4,2,02,1,1,0,60,1,0,1,4,2,22,5,3,2,0,2,8,13,201100051922B01,7,17,1,200054781
201100051924,2011-04-04,2011,avril,lundi,08:55,94,94081,48.7915,2.3947,2,2,3,1,8,3,2,02,1,2,0,90,1,0,1,4,1,22,4,1,2,0,2,1,1,201100051924B01,7,1,1,200054781
201100051939,2011-05-11,2011,mai,mercredi,08:40,94,94081,48.7872,2.39102,2,1,1,1,1,2,1,06,1,1,0,0,1,0,4,4,1,32,1,3,2,0,2,1,5,201100051939A01,7,9,1,200054781
201100051942,2011-05-16,2011,mai,lundi,16:10,94,94081,48.7944,2.40198,2,3,3,1,1,3,1,02,1,3,0,0,1,0,1,4,1,34,1,2,2,0,2,8,21,201100051942B01,7,12,1,200054781
201100051985,2011-10-05,2011,octobre,mercredi,00:10,94,94081,0,0,2,1,3,4,1,4,2,01,2,1,0,0,1,0,1,4,1,49,9,3,9,1,0,1,1,201100051985B01,7,22,1,200054781
201100052004,2011-12-06,2011,décembre,mardi,17:45,94,94081,0,0,2,1,7,5,8,3,2,02,1,1,0,0,1,0,1,4,2,20,0,2,4,0,0,0,21,201100052004B01,7,22,1,200054781
201100052015,2011-01-16,2011,janvier,dimanche,12:15,95,95582,48.9711,2.2591,2,1,7,1,1,3,2,02,1,1,0,35,1,0,1,4,1,30,5,1,2,16,0,9,1,201100052015A01,,,,200058485
201100052022,2011-01-28,2011,janvier,vendredi,09:20,95,95018,48.9525,2.2436,2,2,3,1,1,3,2,02,1,1,0,82,1,0,1,4,2,56,3,2,2,0,2,1,17,201100052022B01,10,9,1,200054781
201100052045,2011-03-31,2011,mars,jeudi,19:03,95,95018,48.9408,2.2476,2,3,1,1,1,4,1,01,1,1,0,60,1,5,1,4,1,45,3,3,2,0,2,1,1,201100052045B01,7,15,1,200054781
201100052064,2011-05-04,2011,mai,mercredi,17:25,95,95018,48.9548,2.2311,2,1,3,1,1,4,3,02,1,1,20,118,1,0,1,4,1,16,5,2,2,0,2,8,19,201100052064B01,7,1,1,200054781
201100052070,2011-05-06,2011,mai,vendredi,16:45,95,95018,48.9359,2.2347,2,1,6,1,1,4,1,01,1,1,0,75,1,0,1,4,1,54,1,3,2,0,2,2,1,201100052070B01,7,22,1,200054781
201100052077,2011-05-16,2011,mai,lundi,16:55,95,95018,48.9531,2.2588,2,2,3,1,1,4,2,02,1,1,0,50,1,0,0,4,1,12,2,1,2,0,2,1,1,201100052077B01,7,4,1,200054781
201100052092,2011-06-13,2011,juin,lundi,12:55,95,95582,48.9697,2.2299,1,1,6,1,1,5,2,01,2,1,0,30,1,0,1,4,1,51,5,3,9,0,2,1,0,201100052092B01,31,1,1,200058485
201100052095,2011-06-19,2011,juin,dimanche,20:55,95,95018,48.9491,2.2534,2,5,6,1,1,3,3,04,1,1,25,120,1,0,1,4,1,74,5,1,2,0,2,8,1,201100052095A01,7,12,1,200054781
201100052109,2011-07-21,2011,juillet,jeudi,16:50,95,95018,48.9456,2.2546,2,1,6,1,1,3,2,02,1,1,0,72,1,0,1,4,1,47,1,1,2,0,1,1,2,201100052109A01,,,,200054781
201100052118,2011-08-18,2011,août,jeudi,17:40,95,95582,48.9697,2.2632,2,2,2,1,1,3,2,02,1,1,0,70,1,0,1,4,1,59,1,1,2,0,2,1,1,201100052118B01,7,15,1,200058485
201100052122,2011-09-01,2011,septembre,jeudi,11:45,95,95018,48.9336,2.2406,2,1,7,1,1,3,2,02,1,1,0,80,1,2,1,4,1,52,5,3,9,12,0,1,1,201100052122A01,,,,200054781