Num_Acc,date,an,mois,jour,hrmn,dep,com,lat,long,agg,int,col,lum,atm,catr,circ,nbv,prof,plan,lartpc,larrout,surf,infra,situ,grav,sexe,age,trajet,secuexist,equipement,obs,obsm,choc,manv,vehiculeid,typevehicules,manoeuvehicules,numVehicules,_infos_commune.code_epci
201100052165,2011-11-10,2011,novembre,jeudi,08:50,95,95018,48.9525,2.2436,2,2,6,1,1,3,2,02,1,1,0,98,1,5,1,4,1,41,1,1,2,12,0,1,1,201100052165A01,,,,200054781
201100052178,2011-11-28,2011,novembre,lundi,07:55,95,95018,48.9461,2.2479,2,2,3,2,1,4,2,02,1,1,0,78,1,0,1,4,1,46,1,3,9,0,2,1,1,201100052178B01,7,15,1,200054781
201100052184,2011-12-09,2011,décembre,vendredi,07:45,95,95018,48.9832,2.2279,2,6,3,5,2,3,3,02,1,1,15,65,2,5,1,4,1,16,1,3,9,0,2,9,9,201100052184B01,7,9,1,200054781
201100052211,2011-09-14,2011,septembre,mercredi,11:20,95,95063,48.9277,2.2132,2,3,1,1,7,4,1,01,1,1,,,1,0,1,4,1,21,4,3,9,0,2,8,19,201100052211B01,7,15,1,200058519
201100052278,2011-01-20,2011,janvier,jeudi,06:15,95,95555,48.9771,2.2715,2,1,3,5,1,3,2,02,1,1,,,1,5,1,4,2,23,1,1,2,0,2,7,1,201100052278B01,7,1,1,200056380
201100052292,2011-04-15,2011,avril,vendredi,11:30,95,95210,48.9678,2.3058,2,1,2,1,1,4,2,02,1,1,,,1,0,1,4,1,16,2,1,2,0,2,1,2,201100052292B01,7,23,1,200056380
201100052337,2011-03-13,2011,mars,dimanche,14:50,95,95252,48.9959,2.2386,2,3,3,1,1,3,1,02,1,1,,,1,0,1,4,1,14,5,3,9,0,2,1,19,201100052337B01,7,1,1,200058485
201100052346,2011-05-01,2011,mai,dimanche,14:15,95,95219,48.9778,2.2599,2,2,3,1,1,4,2,02,1,1,0,0,1,0,1,4,1,7,5,2,9,0,2,1,1,201100052346B01,7,1,1,200058485
201100052355,2011-05-23,2011,mai,lundi,16:40,95,95219,48.9771,2.2711,2,3,3,1,1,3,2,02,1,1,,,1,0,1,4,1,18,0,3,9,0,2,1,1,201100052355A01,7,1,1,200058485
201100052356,2011-05-24,2011,mai,mardi,17:50,95,95203,49.0033,2.2814,2,6,2,1,1,3,1,01,1,2,,,1,5,1,4,1,41,1,3,9,1,2,4,1,201100052356B01,7,1,1,200058485
201100052359,2011-07-02,2011,juillet,samedi,11:15,95,95219,48.9876,2.2586,2,1,3,1,1,3,2,02,1,1,0,35,1,0,1,4,1,31,5,3,9,0,2,1,17,201100052359A01,7,15,1,200058485
201100052373,2011-09-22,2011,septembre,jeudi,09:50,95,95219,48.9811,2.2481,2,1,3,1,1,3,2,02,1,2,,,1,0,1,4,2,27,5,3,9,0,2,4,1,201100052373B01,7,1,1,200058485
201100052375,2011-09-25,2011,septembre,dimanche,18:50,95,95219,48.9916,2.2472,2,1,3,1,1,4,1,01,1,1,,,1,0,1,4,1,16,5,3,9,0,2,7,1,201100052375B01,7,22,1,200058485
201100052376,2011-09-27,2011,septembre,mardi,08:15,95,95203,48.9963,2.2722,2,1,2,1,1,3,2,02,1,1,,,1,0,1,4,1,35,1,3,9,0,2,4,1,201100052376B01,7,1,1,200058485
201100052381,2011-10-01,2011,octobre,samedi,19:30,95,95252,48.9948,2.2417,2,4,1,1,1,4,2,02,1,1,,,1,0,1,4,1,31,5,3,9,0,2,1,1,201100052381A01,7,15,1,200058485
201100052382,2011-10-03,2011,octobre,lundi,17:40,95,95203,48.9905,2.2752,2,1,7,1,1,3,2,02,1,1,,,1,0,1,4,1,33,1,3,9,16,0,9,1,201100052382A01,,,,200058485
201100052405,2011-05-24,2011,mai,mardi,17:40,95,95574,49.0035,2.2812,2,6,3,1,1,3,2,02,1,2,,72,1,0,1,4,1,41,5,3,9,0,2,5,1,201100052405B01,7,1,1,200056380
201100052411,2011-10-24,2011,octobre,lundi,13:05,95,95574,49.0043,2.2607,2,2,3,1,1,3,2,02,1,1,,,2,0,2,4,2,17,2,3,9,0,2,8,15,201100052411B01,7,1,1,200056380
201100052471,2011-05-12,2011,mai,jeudi,14:20,95,95424,48.9974,2.1981,2,3,3,1,1,4,2,01,1,1,,,1,0,1,4,1,8,2,3,9,0,2,1,9,201100052471B01,7,1,1,200058485
201100052473,2011-06-19,2011,juin,dimanche,20:50,95,95306,48.9893,2.1687,2,2,3,1,1,4,2,02,1,1,,,1,0,1,1,1,50,5,2,9,0,2,1,5,201100052473A01,7,1,1,200058485
201100052473,2011-06-19,2011,juin,dimanche,20:50,95,95306,48.9893,2.1687,2,2,3,1,1,4,2,02,1,1,,,1,0,1,3,1,18,5,3,9,0,2,1,5,201100052473A01,7,1,1,200058485
201100052515,2011-04-08,2011,avril,vendredi,20:45,95,95313,49.1222,2.2439,2,1,6,2,1,3,2,02,1,1,0,36,1,0,5,3,2,59,5,1,2,0,2,3,15,201100052515A02,30,1,1,249500455
201100052519,2011-04-28,2011,avril,jeudi,11:55,95,95313,49.1041,2.2493,1,1,6,1,1,3,2,02,1,1,0,67,1,0,5,3,1,65,5,1,2,0,2,1,1,201100052519B01,7,15,1,249500455
201100052519,2011-04-28,2011,avril,jeudi,11:55,95,95313,49.1041,2.2493,1,1,6,1,1,3,2,02,1,1,0,67,1,0,5,4,1,58,5,1,2,0,2,1,1,201100052519A01,7,15,1,249500455
201100052527,2011-08-24,2011,août,mercredi,17:15,95,95504,49.1058,2.2908,2,1,3,1,1,3,2,02,4,2,0,80,1,0,1,4,1,32,5,1,2,0,2,8,1,201100052527B01,3,17,1,249500455
201100052552,2011-10-17,2011,octobre,lundi,15:16,77,77282,0,0,2,3,3,1,1,3,-1,00,1,1,,,-1,0,1,4,1,76,0,3,9,0,2,7,0,201100052552B01,7,0,1,200055655
201100052637,2011-08-25,2011,août,jeudi,11:15,95,95607,49.0189,2.2241,2,3,3,1,1,3,2,04,1,1,0,0,1,0,1,4,2,47,4,3,9,0,2,1,1,201100052637B01,7,16,1,200058485
201100052653,2011-12-11,2011,décembre,dimanche,13:05,95,95060,49.0429,2.2069,2,1,2,1,2,3,2,02,1,1,,,2,0,1,4,1,49,5,1,2,0,2,1,1,201100052653A01,7,16,1,200058485
201100052779,2011-12-15,2011,décembre,jeudi,10:15,2A,2A004,0,0,2,1,5,1,1,2,2,04,1,1,0,116,1,0,1,4,1,53,0,3,9,0,2,1,19,201100052779A01,14 / 7,23 / 1,2,242010056
201100052789,2011-02-16,2011,février,mercredi,09:25,69,69381,0,0,2,1,3,1,1,4,1,01,1,-1,0,0,-1,0,1,4,2,28,4,3,9,0,2,1,17,201100052789B01,10,0,1,200046977
201100052796,2011-06-16,2011,juin,jeudi,17:30,69,69381,0,0,2,1,6,1,1,4,2,01,2,1,0,36,1,0,1,1,1,43,1,3,2,0,1,1,1,201100052796A01,,,,200046977
201100052798,2011-07-06,2011,juillet,mercredi,09:30,69,69381,0,0,2,3,6,1,1,4,1,01,2,1,0,45,1,0,1,4,1,13,5,2,2,0,2,1,1,201100052798A01,7,1,1,200046977
201100052803,2011-09-10,2011,septembre,samedi,05:50,69,69381,0,0,2,2,3,5,1,4,1,02,1,2,0,61,1,0,4,4,1,32,1,2,2,0,2,1,1,201100052803A01,7,1,1,200046977
201100052804,2011-09-10,2011,septembre,samedi,19:56,69,69381,0,0,2,1,2,2,1,4,1,01,1,1,0,36,1,0,1,4,1,53,0,3,4,0,2,1,2,201100052804B01,7,4,1,200046977
201100053002,2011-05-18,2011,mai,mercredi,18:00,77,77468,0,0,1,1,3,1,1,1,4,06,1,1,215,25,1,3,1,4,1,16,5,3,9,0,2,7,12,201100053002B01,7,1,1,200057958
201100054364,2011-04-23,2011,avril,samedi,17:00,78,78646,48.7915,2.10082,1,1,3,1,1,2,3,03,1,1,0,105,1,0,1,4,1,26,2,3,9,0,2,8,1,201100054364A01,7,9,1,247800584
201100054800,2011-02-04,2011,février,vendredi,06:50,91,91549,0,0,1,1,3,3,1,2,1,00,1,1,0,35,2,0,5,4,1,27,0,1,2,0,2,8,1,201100054800B01,7,1,1,200057859
201100055582,2011-03-10,2011,mars,jeudi,17:40,69,69382,0,0,2,1,3,1,1,4,2,01,1,1,0,0,1,0,1,4,2,29,0,2,2,0,2,8,1,201100055582B01,7,1,1,200046977
201100055584,2011-03-31,2011,mars,jeudi,15:30,69,69382,0,0,2,1,3,1,1,4,1,02,1,1,10,80,1,0,1,3,1,70,5,1,2,0,2,3,2,201100055584B01,7,24,1,200046977
201100055588,2011-04-07,2011,avril,jeudi,20:10,69,69382,0,0,2,1,3,1,1,4,1,01,1,1,0,0,1,0,1,4,2,47,0,1,2,0,2,1,1,201100055588B01,7,22,1,200046977
201100055590,2011-04-01,2011,avril,vendredi,17:20,69,69382,0,0,2,1,2,1,1,4,1,03,1,1,164,131,1,0,1,3,1,60,9,1,2,0,9,4,19,201100055590B01,37,2,1,200046977
201100055591,2011-04-26,2011,avril,mardi,17:40,69,69382,0,0,2,1,6,1,1,4,1,01,1,1,0,66,1,0,1,4,1,34,5,2,9,1,0,1,21,201100055591A01,,,,200046977
201100055596,2011-04-18,2011,avril,lundi,08:45,69,69382,0,0,2,1,6,1,1,4,-1,02,1,1,0,30,1,0,4,1,1,21,1,2,2,0,1,1,1,201100055596A01,,,,200046977
201100055599,2011-04-25,2011,avril,lundi,13:20,69,69382,0,0,2,1,3,1,1,4,2,04,1,1,10,220,1,4,1,3,1,6,5,3,9,0,2,3,1,201100055599B01,7,1,1,200046977
201100055601,2011-05-26,2011,mai,jeudi,18:30,69,69382,0,0,2,3,3,1,1,4,1,01,1,1,10,30,1,0,1,1,1,21,5,1,2,0,2,7,1,201100055601A01,33,16,1,200046977
201100055637,2011-10-17,2011,octobre,lundi,18:10,69,69382,0,0,2,1,2,1,1,4,2,08,1,1,0,0,1,2,1,3,1,37,2,3,2,12,2,4,1,201100055637B01,31,2,1,200046977
201100055653,2011-12-10,2011,décembre,samedi,08:45,69,69382,0,0,2,1,6,1,1,4,1,01,1,1,0,40,1,0,5,4,1,42,0,3,2,0,2,1,1,201100055653B01,7,22,1,200046977
201100055785,2011-01-12,2011,janvier,mercredi,14:30,69,69386,0,0,2,1,3,1,2,4,-1,02,1,1,0,0,2,0,1,4,2,29,1,1,2,0,2,1,15,201100055785B01,7,1,1,200046977
201100055789,2011-01-16,2011,janvier,dimanche,15:55,69,69386,0,0,2,1,6,1,1,9,-1,01,1,1,0,0,1,6,0,1,1,33,4,1,2,0,9,3,0,201100055789A01,,,,200046977
201100055789,2011-01-16,2011,janvier,dimanche,15:55,69,69386,0,0,2,1,6,1,1,9,-1,01,1,1,0,0,1,6,0,3,1,39,5,3,9,0,9,3,0,201100055789A01,,,,200046977
201100055790,2011-01-17,2011,janvier,lundi,08:00,69,69383,0,0,2,2,3,2,1,4,4,04,1,1,0,0,1,4,1,3,1,24,1,3,9,0,4,2,19,201100055790A01,40,1,1,200046977
201100055794,2011-01-24,2011,janvier,lundi,15:40,69,69383,0,0,2,2,3,1,1,4,2,05,1,1,0,0,1,0,1,4,1,55,1,2,2,15,2,1,2,201100055794B01,7,17,1,200046977
201100055796,2011-01-26,2011,janvier,mercredi,13:40,69,69383,0,0,2,1,3,1,1,4,2,03,1,1,0,0,1,0,1,4,2,37,1,1,2,0,2,8,7,201100055796B01,37,17,1,200046977
201100055809,2011-02-21,2011,février,lundi,11:40,69,69383,0,0,2,2,3,1,1,4,1,01,1,1,0,0,1,0,1,4,2,39,0,3,2,0,2,8,2,201100055809B01,7,14,1,200046977
201100055813,2011-03-03,2011,mars,jeudi,11:40,69,69383,0,0,2,1,3,1,1,4,1,02,1,1,0,0,1,0,5,4,1,27,0,3,2,0,2,8,1,201100055813B01,7,9,1,200046977
201100055820,2011-03-10,2011,mars,jeudi,16:30,69,69383,0,0,2,1,6,1,1,4,2,03,1,1,0,0,1,0,4,1,1,30,5,1,2,0,1,1,1,201100055820A01,,,,200046977
201100055821,2011-03-15,2011,mars,mardi,06:35,69,69383,0,0,2,2,6,2,1,4,1,01,1,1,0,0,1,0,1,4,1,50,0,3,9,0,2,1,1,201100055821B01,7,16,1,200046977
201100055823,2011-03-16,2011,mars,mercredi,15:00,69,69383,0,0,2,1,6,1,1,4,1,02,1,1,0,0,1,0,5,1,1,18,0,3,2,0,1,1,1,201100055823A01,,,,200046977
201100055823,2011-03-16,2011,mars,mercredi,15:00,69,69383,0,0,2,1,6,1,1,4,1,02,1,1,0,0,1,0,5,4,2,48,0,3,9,0,1,1,1,201100055823A01,,,,200046977
201100055838,2011-04-10,2011,avril,dimanche,02:00,69,69383,0,0,2,2,3,5,1,4,3,05,1,1,0,0,1,0,1,4,1,20,5,3,9,0,2,8,1,201100055838B01,32,1,1,200046977
201100055845,2011-04-19,2011,avril,mardi,08:00,69,69383,0,0,2,8,3,1,1,4,2,04,1,1,0,0,1,0,5,3,2,43,1,2,2,0,2,8,1,201100055845B01,7,1,1,200046977
201100055851,2011-04-24,2011,avril,dimanche,12:50,69,69386,0,0,2,2,2,1,1,4,1,04,1,1,0,0,1,0,1,4,1,23,5,3,2,0,2,4,15,201100055851B01,7,15,1,200046977
201100055852,2011-04-25,2011,avril,lundi,16:15,69,69383,0,0,2,1,3,1,1,4,3,03,1,1,0,0,1,0,1,1,2,22,0,3,2,0,2,6,2,201100055852B01,1,0,1,200046977
201100055852,2011-04-25,2011,avril,lundi,16:15,69,69383,0,0,2,1,3,1,1,4,3,03,1,1,0,0,1,0,1,3,1,45,5,2,2,0,2,7,0,201100055852A01,1,2,1,200046977
201100055854,2011-04-25,2011,avril,lundi,17:10,69,69383,0,0,2,2,3,1,1,4,4,04,1,1,0,0,1,0,1,3,1,14,5,3,9,0,2,1,1,201100055854A01,7,1,1,200046977
201100055860,2011-05-06,2011,mai,vendredi,08:10,69,69383,0,0,2,1,2,1,1,4,1,04,1,1,0,0,1,2,1,4,2,23,1,2,2,0,2,4,2,201100055860B01,30,2,1,200046977
201100055862,2011-05-06,2011,mai,vendredi,10:50,69,69386,0,0,2,2,3,1,1,4,1,01,1,1,0,0,1,0,1,4,2,22,5,3,9,0,0,7,1,201100055862A01,7,1,1,200046977
201100055865,2011-05-08,2011,mai,dimanche,09:25,69,69383,0,0,2,1,6,1,1,4,2,02,1,1,0,0,1,0,1,3,1,78,5,3,9,0,2,0,0,201100055865B01,7,2,1,200046977
201100055867,2011-05-10,2011,mai,mardi,08:50,69,69383,0,0,2,1,6,1,1,4,2,03,1,1,0,0,1,0,1,1,1,24,1,3,9,0,1,1,1,201100055867A01,,,,200046977
201100055870,2011-05-16,2011,mai,lundi,09:00,69,69383,0,0,2,1,3,1,1,4,3,03,1,1,0,0,1,0,1,4,2,27,1,2,2,1,0,7,2,201100055870B01,7,24,1,200046977
201100055875,2011-05-20,2011,mai,vendredi,16:10,69,69383,0,0,2,2,3,1,1,4,-1,00,-1,-1,0,0,-1,0,0,4,2,31,5,2,2,0,2,5,16,201100055875B01,30,18,1,200046977
201100055875,2011-05-20,2011,mai,vendredi,16:10,69,69383,0,0,2,2,3,1,1,4,-1,00,-1,-1,0,0,-1,0,0,1,2,1,5,2,2,0,2,5,16,201100055875B01,30,18,1,200046977
201100055888,2011-06-05,2011,juin,dimanche,21:15,69,69383,0,0,2,2,3,2,1,4,2,04,1,1,0,0,1,0,1,4,2,27,5,2,2,0,2,0,1,201100055888B01,7,15,1,200046977
201100055890,2011-06-09,2011,juin,jeudi,18:15,69,69383,0,0,2,1,3,1,1,4,2,03,1,1,0,0,1,0,1,4,1,30,0,3,9,0,2,1,1,201100055890B01,7,22,1,200046977
201100055899,2011-06-23,2011,juin,jeudi,10:30,69,69386,0,0,2,1,6,1,1,4,1,01,1,1,0,0,1,5,1,3,2,65,5,3,9,1,0,0,2,201100055899B01,7,22,1,200046977
201100055901,2011-06-27,2011,juin,lundi,17:50,69,69386,0,0,2,1,3,1,1,4,1,01,1,1,0,0,1,0,1,4,2,48,1,2,2,1,0,1,1,201100055901B01,7,24,1,200046977
201100055904,2011-06-28,2011,juin,mardi,10:55,69,69383,0,0,2,2,3,1,1,4,2,03,1,1,0,0,1,0,5,3,2,56,0,2,2,0,2,7,1,201100055904B01,7,1,1,200046977
201100055905,2011-06-29,2011,juin,mercredi,16:15,69,69383,0,0,2,1,3,1,1,4,2,02,1,1,0,0,1,0,5,4,1,42,0,3,2,0,2,1,1,201100055905B01,7,9,1,200046977
201100055909,2011-07-03,2011,juillet,dimanche,15:30,69,69386,0,0,2,2,3,1,1,4,1,01,1,1,0,0,1,0,1,4,1,14,0,3,2,0,2,1,19,201100055909B01,7,1,1,200046977
201100055910,2011-07-04,2011,juillet,lundi,21:00,69,69383,0,0,2,2,3,1,1,4,1,01,1,1,0,0,1,0,1,4,1,25,5,3,9,0,2,7,19,201100055910A01,7,1,1,200046977
201100055915,2011-07-08,2011,juillet,vendredi,17:05,69,69386,0,0,2,1,3,1,7,4,2,06,1,1,0,0,1,5,1,4,2,24,5,2,2,0,2,8,2,201100055915B01,7,14,1,200046977
201100055921,2011-07-26,2011,juillet,mardi,12:20,69,69383,0,0,2,2,3,1,1,4,4,03,1,1,0,0,1,0,1,4,2,30,4,1,2,0,2,1,1,201100055921A01,1,1,1,200046977
201100055921,2011-07-26,2011,juillet,mardi,12:20,69,69383,0,0,2,2,3,1,1,4,4,03,1,1,0,0,1,0,1,4,1,23,1,2,2,0,2,1,1,201100055921B01,1,1,1,200046977
201100055922,2011-08-04,2011,août,jeudi,15:10,69,69383,0,0,2,3,3,1,1,4,1,01,1,1,0,0,1,0,1,4,1,22,5,3,9,0,2,1,1,201100055922A01,7,15,1,200046977
201100055925,2011-08-09,2011,août,mardi,09:20,69,69386,0,0,2,1,3,1,1,4,1,01,1,1,0,0,1,0,1,4,2,29,5,2,9,0,2,8,2,201100055925B01,10,2,1,200046977
201100055933,2011-08-30,2011,août,mardi,18:00,69,69383,0,0,2,4,3,1,1,4,2,02,1,3,0,0,1,0,5,3,1,29,1,2,9,0,2,1,1,201100055933B01,7,1,1,200046977
201100055935,2011-08-29,2011,août,lundi,19:00,69,69383,0,0,2,1,6,1,1,4,2,04,1,1,0,0,1,0,5,4,2,27,5,3,2,1,0,1,21,201100055935B01,7,22,1,200046977
201100055939,2011-09-09,2011,septembre,vendredi,17:45,69,69383,0,0,2,2,1,1,1,4,2,03,1,1,0,0,1,0,1,4,2,26,0,2,9,0,2,1,7,201100055939A01,7,15,1,200046977
201100055946,2011-09-15,2011,septembre,jeudi,08:10,69,69383,0,0,1,1,3,1,1,4,3,01,2,1,0,0,1,0,1,4,1,35,1,2,2,0,2,3,2,201100055946A01,7,23,1,200046977
201100055947,2011-09-16,2011,septembre,vendredi,08:50,69,69383,0,0,2,3,3,1,1,4,1,01,1,1,0,0,1,0,1,4,1,34,1,2,2,0,2,8,1,201100055947A01,7,15,1,200046977
201100055949,2011-09-21,2011,septembre,mercredi,16:10,69,69383,0,0,2,2,3,1,1,4,2,03,1,1,0,0,1,0,1,4,1,19,2,3,9,0,2,1,0,201100055949A01,7,1,1,200046977
201100055952,2011-09-22,2011,septembre,jeudi,11:00,69,69386,0,0,2,3,3,1,1,4,1,01,1,1,0,0,1,0,5,4,1,18,2,1,2,0,2,1,1,201100055952B01,7,15,1,200046977
201100055959,2011-09-29,2011,septembre,jeudi,15:40,69,69383,0,0,2,1,3,1,1,4,4,03,2,1,0,0,1,0,1,3,2,22,0,3,9,0,2,1,1,201100055959B01,7,16,1,200046977
201100055963,2011-10-03,2011,octobre,lundi,08:00,69,69386,0,0,2,2,2,1,1,4,1,01,1,1,0,0,1,0,1,1,1,19,1,2,2,0,2,4,2,201100055963B01,30,2,1,200046977
201100055967,2011-10-04,2011,octobre,mardi,06:10,69,69383,0,0,2,8,3,5,1,4,2,02,1,1,0,0,1,4,1,4,1,29,1,1,9,0,2,8,19,201100055967A01,7,1,1,200046977
201100055978,2011-10-18,2011,octobre,mardi,09:45,69,69383,0,0,2,2,3,1,1,4,1,01,1,1,0,0,1,0,1,3,2,31,0,3,9,0,2,7,1,201100055978A01,7,1,1,200046977
201100055983,2011-10-24,2011,octobre,lundi,08:25,69,69383,0,0,2,2,3,1,1,4,1,01,1,1,0,0,1,0,1,4,2,48,5,3,9,0,2,7,1,201100055983B01,7,1,1,200046977
201100055988,2011-10-25,2011,octobre,mardi,16:35,69,69386,0,0,2,4,3,1,1,4,2,02,1,1,0,0,1,0,1,4,2,30,0,1,9,0,2,8,1,201100055988A01,37,1,1,200046977
201100056004,2011-11-21,2011,novembre,lundi,12:20,69,69386,0,0,2,2,3,1,1,4,1,01,1,1,0,0,1,0,1,4,1,21,1,3,9,0,2,8,1,201100056004A01,7,1,1,200046977
201100056008,2011-12-01,2011,décembre,jeudi,08:40,69,69383,0,0,2,1,3,1,1,4,2,03,1,1,23,100,1,0,1,4,2,45,1,3,9,0,2,0,1,201100056008B01,7,22,1,200046977
201100056015,2011-12-08,2011,décembre,jeudi,07:40,69,69383,0,0,2,3,3,2,2,4,2,02,1,1,0,0,2,0,1,4,1,39,1,2,2,0,2,4,15,201100056015B01,7,1,1,200046977
201100056024,2011-12-21,2011,décembre,mercredi,14:00,69,69386,0,0,2,2,1,1,2,4,1,00,1,1,0,0,2,0,1,4,1,51,1,3,9,0,2,8,2,201100056024B01,7,15,1,200046977
201100056050,2011-08-28,2011,août,dimanche,19:50,69,69384,0,0,2,1,2,1,1,4,1,01,1,1,0,50,1,0,1,4,1,18,5,2,2,0,2,1,2,201100056050A01,7,2,1,200046977
201100056055,2011-09-11,2011,septembre,dimanche,02:05,69,69384,0,0,2,1,6,5,1,4,2,02,2,1,0,0,1,0,1,4,1,21,0,3,2,2,0,1,13,201100056055A01,,,,200046977
201100056060,2011-09-28,2011,septembre,mercredi,17:00,69,69384,0,0,2,2,6,1,1,4,1,01,1,1,0,48,1,0,1,4,1,17,2,1,2,0,2,4,1,201100056060B01,7,1,1,200046977
201100056288,2011-01-29,2011,janvier,samedi,15:50,69,69385,0,0,2,3,2,1,1,4,2,02,1,1,0,0,9,0,0,4,2,35,5,3,9,0,0,4,0,201100056288B01,99,4,1,200046977
201100056293,2011-04-04,2011,avril,lundi,09:15,69,69385,0,0,2,1,6,1,1,4,2,02,1,1,0,97,2,0,5,1,1,55,0,3,9,0,2,1,1,201100056293B01,7,24,1,200046977
201100056293,2011-04-04,2011,avril,lundi,09:15,69,69385,0,0,2,1,6,1,1,4,2,02,1,1,0,97,2,0,5,4,2,34,0,3,9,0,2,1,14,201100056293A01,7,24,1,200046977
201100056294,2011-04-07,2011,avril,jeudi,14:40,69,69385,0,0,2,1,3,1,1,4,3,04,2,4,33,140,1,0,1,3,1,68,0,1,2,0,2,1,1,201100056294A01,7,15,1,200046977
201100056295,2011-04-15,2011,avril,vendredi,16:45,69,69385,0,0,2,1,3,1,1,4,2,02,2,1,0,60,1,0,1,4,1,20,2,3,9,0,2,3,11,201100056295A01,7,1,1,200046977
201100056296,2011-04-19,2011,avril,mardi,08:30,69,69385,0,0,2,1,2,1,1,4,2,04,2,1,0,0,1,0,1,3,1,44,5,1,2,0,2,5,3,201100056296A01,7,11,1,200046977
201100056299,2011-05-18,2011,mai,mercredi,15:20,69,69385,0,0,2,1,6,1,1,4,2,01,2,1,0,130,1,0,1,4,2,19,5,3,2,0,2,8,2,201100056299B01,7,2,1,200046977
201100056305,2011-07-14,2011,juillet,jeudi,07:50,69,69385,0,0,1,1,7,1,1,4,2,02,1,1,0,47,1,0,5,4,2,26,5,2,9,0,0,0,0,201100056305A01,,,,200046977
201100056310,2011-08-23,2011,août,mardi,22:53,69,69385,0,0,2,1,7,5,1,4,1,01,2,1,0,45,9,0,1,2,1,16,5,2,2,0,0,0,0,201100056310A01,,,,200046977
201100056315,2011-10-06,2011,octobre,jeudi,16:16,69,69385,0,0,2,1,6,1,8,4,2,02,2,1,0,64,1,0,1,4,1,43,5,2,2,1,0,1,18,201100056315B01,7,22,1,200046977
201100056321,2011-11-15,2011,novembre,mardi,08:30,69,69385,0,0,2,1,7,1,1,4,1,04,1,1,0,0,1,0,5,4,1,49,1,1,9,3,0,1,1,201100056321B01,7,22,1,200046977
201100056441,2011-02-26,2011,février,samedi,17:55,69,69387,0,0,2,2,3,2,2,4,1,01,1,1,0,0,2,0,1,4,2,29,0,1,9,0,2,1,5,201100056441A01,7,1,1,200046977
201100056442,2011-03-07,2011,mars,lundi,18:15,69,69387,0,0,2,9,3,5,1,4,-1,00,1,1,0,0,1,0,4,1,2,37,1,3,9,0,2,3,1,201100056442A01,1,1,1,200046977
201100056442,2011-03-07,2011,mars,lundi,18:15,69,69387,0,0,2,9,3,5,1,4,-1,00,1,1,0,0,1,0,4,4,1,13,5,3,9,0,2,1,1,201100056442B01,1,1,1,200046977
201100056494,2011-07-12,2011,juillet,mardi,12:00,69,69387,0,0,2,3,3,1,1,4,2,02,1,1,0,66,1,0,5,4,1,85,5,3,9,0,2,1,1,201100056494B01,10,16,1,200046977
201100056502,2011-07-28,2011,juillet,jeudi,13:20,69,69387,0,0,2,3,3,1,1,4,2,02,1,1,0,55,1,4,1,4,1,24,4,1,2,0,4,2,5,201100056502A01,40,1,1,200046977
201100056510,2011-09-12,2011,septembre,lundi,16:05,69,69387,0,0,2,2,3,1,1,4,1,01,1,1,0,44,1,0,1,4,2,23,2,2,9,0,2,7,19,201100056510A01,7,1,1,200046977
201100056515,2011-09-24,2011,septembre,samedi,20:05,69,69387,0,0,2,2,3,5,1,4,1,02,1,1,0,0,1,0,1,3,1,20,0,2,9,0,0,8,1,201100056515A01,7,1,1,200046977
201100056518,2011-10-02,2011,octobre,dimanche,00:57,69,69387,0,0,2,2,3,5,1,4,2,02,1,1,0,0,1,0,1,2,1,21,1,2,9,0,2,7,1,201100056518A01,7,1,1,200046977
201100056518,2011-10-02,2011,octobre,dimanche,00:57,69,69387,0,0,2,2,3,5,1,4,2,02,1,1,0,0,1,0,1,1,1,27,1,2,9,0,2,7,1,201100056518A01,7,1,1,200046977
201100056533,2011-11-07,2011,novembre,lundi,18:00,69,69387,0,0,2,3,3,5,1,4,1,01,1,1,0,102,1,0,1,4,1,28,0,3,9,0,2,0,8,201100056533B01,7,15,1,200046977
201100056550,2011-12-14,2011,décembre,mercredi,23:20,69,69387,0,0,2,1,6,5,1,4,1,04,1,1,0,0,1,0,5,4,1,45,0,1,4,0,2,0,1,201100056550A01,7,1,1,200046977
201100056562,2011-03-01,2011,mars,mardi,19:00,69,69388,0,0,2,1,3,5,1,4,3,02,1,1,12,80,1,0,4,3,2,30,1,1,2,0,2,1,1,201100056562B01,7,16,1,200046977
201100056574,2011-07-27,2011,juillet,mercredi,16:30,69,69091,0,0,2,3,6,1,1,4,2,02,1,1,0,0,1,0,1,4,1,81,5,2,2,0,2,1,1,201100056574B01,7,15,1,200046977
201100056578,2011-03-29,2011,mars,mardi,12:00,69,69388,0,0,2,4,6,1,1,4,3,01,1,1,0,0,1,0,1,4,1,61,0,1,2,0,2,1,0,201100056578B01,10,0,1,200046977
201100056599,2011-06-20,2011,juin,lundi,20:00,69,69388,0,0,2,2,3,2,1,4,2,03,1,-1,0,0,1,5,1,4,1,48,5,2,2,0,2,1,0,201100056599B01,10,15,1,200046977
201100056605,2011-06-17,2011,juin,vendredi,17:20,69,69388,0,0,2,9,2,1,1,4,2,02,1,1,0,60,1,6,5,4,2,52,1,2,2,0,2,8,2,201100056605B01,38,2,1,200046977
201100056608,2011-06-21,2011,juin,mardi,16:35,69,69388,0,0,2,9,3,1,1,4,-1,01,1,1,0,0,1,0,5,4,1,66,5,2,2,0,2,1,0,201100056608Y01,10,0,1,200046977
201100056612,2011-07-06,2011,juillet,mercredi,22:00,69,69388,0,0,2,1,3,4,1,4,2,04,1,1,0,70,1,2,1,4,2,25,0,3,2,0,2,8,2,201100056612B01,7,16,1,200046977
201100056614,2011-07-20,2011,juillet,mercredi,10:35,69,69388,0,0,2,3,6,1,1,4,1,00,-1,-1,0,40,1,0,0,3,1,76,0,3,9,0,2,0,1,201100056614B01,7,14,1,200046977