Num_Acc,date,an,mois,jour,hrmn,dep,com,lat,long,agg,int,col,lum,atm,catr,circ,nbv,prof,plan,lartpc,larrout,surf,infra,situ,grav,sexe,age,trajet,secuexist,equipement,obs,obsm,choc,manv,vehiculeid,typevehicules,manoeuvehicules,numVehicules,_infos_commune.code_epci
201100058631,2011-06-24,2011,juin,vendredi,09:30,75,75106,0,0,2,5,3,1,1,4,1,01,1,1,0,76,1,0,1,4,2,19,1,3,2,0,0,8,16,201100058631B01,14,16,1,200054781
201100058654,2011-07-30,2011,juillet,samedi,17:10,75,75106,0,0,2,2,3,1,1,4,1,02,1,1,0,53,1,0,1,1,1,19,4,3,2,0,2,8,15,201100058654A01,32,1,1,200054781
201100058655,2011-07-31,2011,juillet,dimanche,19:41,75,75106,0,0,2,1,3,1,1,4,2,02,1,1,0,131,1,0,1,4,1,36,4,3,2,0,2,2,1,201100058655B01,7,22,1,200054781
201100058679,2011-09-24,2011,septembre,samedi,12:15,75,75106,0,0,2,1,6,1,1,4,1,01,1,1,0,78,1,0,1,4,2,61,5,2,2,0,1,1,5,201100058679A01,,,,200054781
201100058680,2011-09-25,2011,septembre,dimanche,16:48,75,75106,0,0,2,1,3,1,1,4,2,00,2,1,0,110,1,0,1,4,1,38,0,3,2,1,2,1,1,201100058680B01,7,22,1,200054781
201100058681,2011-09-28,2011,septembre,mercredi,10:15,75,75106,0,0,2,3,2,1,1,4,1,03,1,1,5,46,1,0,1,4,1,60,9,3,2,1,0,1,7,201100058681A01,7,22,1,200054781
201100058682,2011-09-29,2011,septembre,jeudi,08:30,75,75106,0,0,2,7,2,1,1,4,1,02,1,1,0,95,2,0,1,4,1,40,0,3,2,0,2,1,1,201100058682A01,10,1,1,200054781
201100058685,2011-10-05,2011,octobre,mercredi,12:33,75,75106,0,0,2,1,3,1,1,4,2,02,1,1,0,120,1,0,1,4,1,20,0,3,2,0,2,3,13,201100058685A01,37,1,1,200054781
201100058690,2011-10-11,2011,octobre,mardi,23:25,75,75106,0,0,2,2,3,5,1,4,2,03,2,1,0,170,1,0,1,3,1,22,0,3,2,0,2,1,1,201100058690A01,7,15,1,200054781
201100058691,2011-10-12,2011,octobre,mercredi,12:45,75,75106,0,0,2,2,6,1,8,4,1,04,1,1,0,120,1,0,1,1,1,18,0,3,2,0,1,1,7,201100058691A01,,,,200054781
201100058692,2011-10-16,2011,octobre,dimanche,13:15,75,75106,0,0,2,3,3,1,1,4,1,01,1,1,0,60,1,0,1,4,1,81,0,3,2,1,0,1,1,201100058692B01,7,22,1,200054781
201100058717,2011-11-21,2011,novembre,lundi,12:20,75,75106,0,0,2,2,3,1,1,4,2,02,1,1,0,125,1,0,1,4,2,45,5,3,2,0,2,0,1,201100058717B01,7,22,1,200054781
201100058722,2011-12-02,2011,décembre,vendredi,12:19,75,75106,0,0,2,2,3,1,1,4,1,03,1,1,140,140,1,0,1,4,2,42,0,3,2,0,2,8,15,201100058722A01,10,1,1,200054781
201100058723,2011-12-07,2011,décembre,mercredi,12:30,75,75106,0,0,2,2,3,1,1,4,1,00,1,1,0,0,1,0,1,4,1,19,2,3,2,0,2,7,1,201100058723A01,7,1,1,200054781
201100058729,2011-12-16,2011,décembre,vendredi,13:20,75,75106,0,0,2,3,3,1,2,4,1,01,1,1,0,50,2,0,1,3,2,49,1,3,2,0,2,1,1,201100058729B01,7,22,1,200054781
201100058730,2011-12-20,2011,décembre,mardi,07:20,75,75106,0,0,2,1,2,2,1,4,2,00,1,1,0,0,2,0,1,4,1,37,1,3,2,0,2,8,18,201100058730B01,7,16,1,200054781
201100058757,2011-02-11,2011,février,vendredi,15:45,75,75107,0,0,2,5,3,1,1,4,2,01,1,1,0,80,1,0,1,4,1,31,5,3,2,0,2,4,15,201100058757A01,33,1,1,200054781
201100058758,2011-02-11,2011,février,vendredi,17:20,75,75107,0,0,2,5,2,1,1,4,1,03,1,-1,0,0,1,0,1,4,2,24,5,3,2,0,2,4,2,201100058758B01,7,2,1,200054781
201100058765,2011-02-22,2011,février,mardi,15:20,75,75107,0,0,2,1,7,1,1,4,-1,00,1,1,0,80,1,0,4,4,2,59,5,3,2,0,0,0,1,201100058765A01,,,,200054781
201100058784,2011-03-31,2011,mars,jeudi,23:05,75,75107,0,0,2,2,3,5,1,4,2,02,1,1,0,127,1,0,1,4,1,29,5,3,2,0,2,2,1,201100058784B01,7,15,1,200054781
201100058806,2011-05-07,2011,mai,samedi,13:40,75,75107,0,0,2,2,3,1,1,4,2,04,-1,-1,0,150,1,0,1,1,1,35,5,3,2,0,2,1,7,201100058806A01,30,1,1,200054781
201100058807,2011-05-10,2011,mai,mardi,18:20,75,75107,0,0,2,3,7,1,1,4,2,02,1,3,0,0,8,0,1,4,2,32,1,3,2,0,0,0,1,201100058807A01,,,,200054781
201100058811,2011-05-22,2011,mai,dimanche,10:40,75,75107,0,0,2,2,3,1,1,4,2,02,1,-1,0,148,1,0,1,4,1,51,5,1,2,0,2,6,1,201100058811B01,7,14,1,200054781
201100058815,2011-05-29,2011,mai,dimanche,20:00,75,75107,0,0,2,1,3,1,1,4,1,01,1,1,0,69,1,0,1,4,2,44,5,3,2,0,2,8,1,201100058815B01,7,22,1,200054781
201100058818,2011-05-31,2011,mai,mardi,21:00,75,75107,0,0,2,2,3,1,1,4,1,02,1,-1,0,0,1,0,1,4,1,48,1,3,2,0,9,1,1,201100058818A01,32,1,1,200054781
201100058832,2011-06-23,2011,juin,jeudi,23:55,75,75107,0,0,2,3,7,3,1,4,-1,01,1,-1,0,100,9,6,0,4,1,26,5,3,8,15,0,0,1,201100058832A01,,,,200054781
201100058849,2011-07-18,2011,juillet,lundi,21:55,75,75107,0,0,2,4,3,5,1,4,1,01,1,1,0,0,1,0,1,4,2,22,0,3,2,0,2,0,19,201100058849A01,7,1,1,200054781
201100058856,2011-08-03,2011,août,mercredi,14:55,75,75107,0,0,2,5,6,1,1,4,2,02,1,1,244,115,1,0,1,1,1,42,0,3,2,0,1,1,1,201100058856A01,,,,200054781
201100058865,2011-08-29,2011,août,lundi,15:45,75,75107,0,0,2,4,3,1,1,4,1,03,1,1,0,150,1,0,1,3,1,41,5,3,2,0,2,1,1,201100058865B01,30,16,1,200054781
201100058867,2011-08-31,2011,août,mercredi,18:10,75,75107,0,0,2,1,7,1,7,4,-1,01,1,1,0,0,1,0,5,4,1,59,1,3,2,0,0,0,1,201100058867A01,,,,200054781
201100058875,2011-09-14,2011,septembre,mercredi,10:00,75,75107,0,0,2,1,6,1,1,4,1,01,1,1,0,72,1,0,1,1,2,23,0,3,2,0,1,1,1,201100058875A01,,,,200054781
201100058878,2011-09-16,2011,septembre,vendredi,18:30,75,75107,0,0,2,2,3,1,1,4,3,02,1,1,0,42,1,5,1,4,2,41,1,3,2,0,2,6,1,201100058878A01,31,1,1,200054781
201100058881,2011-09-22,2011,septembre,jeudi,14:30,75,75107,0,0,2,2,3,1,1,4,1,00,1,-1,0,0,1,0,1,4,2,45,1,1,2,0,2,8,1,201100058881B01,7,14,1,200054781
201100058886,2011-10-01,2011,octobre,samedi,12:30,75,75107,0,0,2,1,2,1,1,4,2,02,1,-1,0,0,1,0,1,1,2,38,0,3,2,0,2,4,1,201100058886B01,7,1,1,200054781
201100058886,2011-10-01,2011,octobre,samedi,12:30,75,75107,0,0,2,1,2,1,1,4,2,02,1,-1,0,0,1,0,1,4,2,4,0,3,2,0,2,4,1,201100058886B01,7,1,1,200054781
201100058890,2011-10-10,2011,octobre,lundi,08:55,75,75107,0,0,2,7,3,1,8,4,-1,02,1,-1,0,84,1,0,1,4,2,46,1,3,2,0,2,3,15,201100058890B01,7,15,1,200054781
201100058894,2011-10-12,2011,octobre,mercredi,14:10,75,75107,0,0,2,1,2,1,1,4,2,04,1,1,0,100,1,0,1,4,1,16,5,3,2,0,2,1,2,201100058894A01,7,2,1,200054781
201100058902,2011-11-03,2011,novembre,jeudi,13:40,75,75107,0,0,2,1,3,1,2,4,2,02,1,1,0,70,2,0,1,4,1,60,5,3,2,0,2,1,17,201100058902A01,7,22,1,200054781
201100058913,2011-11-15,2011,novembre,mardi,16:30,75,75107,0,0,2,1,6,2,1,4,2,01,1,-1,0,0,1,0,1,4,2,55,0,3,2,15,2,7,1,201100058913B01,7,17,1,200054781
201100058939,2011-12-26,2011,décembre,lundi,14:45,75,75107,0,0,2,3,2,1,1,4,2,02,1,1,0,118,1,0,1,4,1,25,4,1,2,0,0,1,1,201100058939B01,7,22,1,200054781
201100058953,2011-01-15,2011,janvier,samedi,20:15,75,75108,0,0,2,5,3,5,1,4,1,04,1,-1,0,0,1,0,1,4,2,70,0,3,2,0,2,2,1,201100058953B01,7,22,1,200054781
201100058960,2011-01-26,2011,janvier,mercredi,14:35,75,75116,0,0,2,1,3,1,2,4,1,01,1,1,0,0,2,0,1,4,1,37,1,1,2,0,2,1,1,201100058960B01,7,22,1,200054781
201100058980,2011-02-09,2011,février,mercredi,21:15,75,75108,0,0,2,2,3,5,1,4,-1,00,-1,-1,0,0,-1,0,0,4,1,40,0,3,2,0,2,7,19,201100058980B01,7,16,1,200054781
201100058998,2011-03-03,2011,mars,jeudi,17:42,75,75108,0,0,2,4,3,1,1,4,2,02,1,1,0,150,1,0,1,4,1,62,0,3,2,0,2,1,1,201100058998B01,7,15,1,200054781
201100059002,2011-03-06,2011,mars,dimanche,08:45,75,75108,0,0,2,5,3,1,1,4,2,02,1,2,0,0,1,0,1,4,1,22,5,3,2,0,2,1,1,201100059002A01,7,15,1,200054781
201100059016,2011-03-18,2011,mars,vendredi,18:50,75,75108,0,0,2,1,3,5,2,4,1,01,2,1,0,80,2,0,1,4,2,25,5,3,2,0,2,7,1,201100059016B01,7,22,1,200054781
201100059018,2011-03-20,2011,mars,dimanche,16:20,75,75108,0,0,2,3,2,1,1,4,1,02,2,1,0,100,1,0,1,4,2,33,5,3,2,0,2,7,13,201100059018B01,30,17,1,200054781
201100059040,2011-03-02,2011,mars,mercredi,15:50,75,75108,0,0,2,1,7,1,1,4,2,08,1,1,0,0,1,0,1,4,2,47,5,3,2,0,0,0,1,201100059040A01,,,,200054781
201100059063,2011-04-28,2011,avril,jeudi,08:45,75,75108,0,0,2,1,2,1,1,4,1,00,1,1,0,240,1,0,1,4,2,31,0,3,2,0,2,6,2,201100059063B01,34,2,1,200054781
201100059064,2011-04-29,2011,avril,vendredi,16:00,75,75101,0,0,2,3,3,1,1,4,1,01,1,1,0,200,1,0,1,3,1,75,9,3,2,0,2,4,13,201100059064B01,32,1,1,200054781
201100059074,2011-05-07,2011,mai,samedi,11:00,75,75108,0,0,2,1,3,1,1,4,1,03,1,1,0,0,1,0,1,4,1,53,5,3,2,0,2,1,7,201100059074B01,7,22,1,200054781
201100059077,2011-05-08,2011,mai,dimanche,23:26,75,75108,0,0,2,2,3,5,1,4,1,01,2,1,0,40,1,0,1,4,1,27,5,3,2,0,2,1,19,201100059077A01,34,15,1,200054781
201100059091,2011-05-19,2011,mai,jeudi,16:10,75,75108,0,0,2,5,3,1,1,4,1,03,1,1,0,200,1,0,1,4,1,25,4,1,2,0,2,8,1,201100059091B01,7,10,1,200054781
201100059111,2011-06-08,2011,juin,mercredi,20:32,75,75108,0,0,2,7,3,5,1,4,-1,02,1,1,0,0,1,0,5,4,2,28,9,3,2,0,2,2,19,201100059111B01,32,18,1,200054781
201100059113,2011-06-09,2011,juin,jeudi,20:20,75,75108,0,0,2,1,2,2,1,4,1,00,1,1,0,200,1,0,1,4,2,41,4,3,2,0,2,3,2,201100059113B01,34,2,1,200054781
201100059130,2011-06-27,2011,juin,lundi,10:00,75,75108,0,0,2,1,7,1,1,4,3,02,2,1,100,100,1,0,1,4,2,26,5,3,2,0,1,1,21,201100059130A01,,,,200054781
201100059133,2011-06-28,2011,juin,mardi,01:35,75,75108,0,0,2,5,3,5,1,4,1,02,1,-1,0,70,1,6,0,4,2,25,0,3,2,0,0,0,19,201100059133B01,2,1,1,200054781
201100059137,2011-06-29,2011,juin,mercredi,14:00,75,75108,0,0,2,2,7,1,1,4,2,02,2,1,1,100,1,0,1,4,1,28,5,3,2,0,0,7,1,201100059137A01,,,,200054781
201100059140,2011-07-02,2011,juillet,samedi,20:30,75,75108,0,0,2,7,3,1,1,4,2,02,1,3,1,100,1,0,1,4,1,51,5,3,2,0,2,1,1,201100059140B01,33,1,1,200054781
201100059143,2011-07-06,2011,juillet,mercredi,11:50,75,75108,0,0,2,1,7,1,1,4,2,01,1,1,0,0,1,0,5,4,1,62,0,1,2,0,0,3,21,201100059143A01,,,,200054781
201100059149,2011-07-09,2011,juillet,samedi,11:40,75,75108,0,0,2,3,7,1,2,4,2,02,2,1,0,130,2,0,1,4,1,57,5,3,2,0,0,0,1,201100059149A01,,,,200054781
201100059156,2011-07-16,2011,juillet,samedi,19:16,75,75108,0,0,2,7,3,2,3,4,1,00,1,1,0,140,2,0,1,4,2,49,5,3,2,0,2,8,1,201100059156A01,7,1,1,200054781
201100059165,2011-07-23,2011,juillet,samedi,22:14,75,75108,0,0,2,7,3,5,1,4,1,04,1,1,0,80,1,0,1,4,1,20,5,3,2,0,2,2,5,201100059165A01,7,1,1,200054781
201100059167,2011-07-27,2011,juillet,mercredi,10:30,75,75108,0,0,2,2,3,1,1,4,1,03,1,1,0,120,1,0,1,4,1,19,1,1,2,0,2,6,7,201100059167B01,10,16,1,200054781
201100059174,2011-08-01,2011,août,lundi,22:35,75,75108,0,0,2,2,3,5,1,4,2,06,1,1,0,0,1,0,1,4,1,29,5,3,2,0,2,8,7,201100059174B01,37,17,1,200054781
201100059175,2011-08-04,2011,août,jeudi,06:40,75,75108,0,0,2,5,7,1,1,4,1,01,1,-1,10,150,1,0,1,4,1,36,1,3,2,0,0,0,1,201100059175A01,,,,200054781
201100059182,2011-08-11,2011,août,jeudi,16:45,75,75108,0,0,2,7,6,1,1,4,1,05,1,3,0,200,1,0,1,4,1,25,1,3,2,0,2,6,1,201100059182C01,10 / 7,18 / 16,2,200054781
201100059187,2011-08-17,2011,août,mercredi,21:00,75,75108,0,0,2,5,3,5,1,4,2,02,1,-1,0,0,1,0,1,4,1,35,5,3,2,0,2,1,1,201100059187A01,37,1,1,200054781
201100059210,2011-09-13,2011,septembre,mardi,09:55,75,75108,0,0,2,2,3,1,1,4,2,08,2,1,0,270,1,0,1,4,2,29,1,3,2,0,2,8,13,201100059210B01,32,1,1,200054781
201100059212,2011-09-13,2011,septembre,mardi,18:30,75,75108,0,0,2,1,3,1,1,4,1,01,1,1,0,45,1,0,1,4,1,28,5,3,2,0,2,7,1,201100059212B01,7,22,1,200054781
201100059215,2011-09-16,2011,septembre,vendredi,13:30,75,75108,0,0,2,2,6,1,1,4,1,03,1,1,0,80,1,0,1,1,1,32,5,3,2,0,1,1,1,201100059215A01,,,,200054781
201100059223,2011-09-25,2011,septembre,dimanche,04:15,75,75108,0,0,2,3,2,5,1,4,2,08,-1,1,0,160,1,0,1,4,2,24,0,3,2,0,2,4,1,201100059223B01,7,1,1,200054781
201100059236,2011-10-05,2011,octobre,mercredi,17:30,75,75108,0,0,2,2,7,1,1,4,1,02,1,1,0,0,1,0,1,4,1,32,4,3,2,0,0,0,1,201100059236A01,,,,200054781
201100059245,2011-10-11,2011,octobre,mardi,08:30,75,75108,0,0,2,2,6,1,1,4,1,00,2,1,0,0,1,0,4,4,2,42,1,3,2,0,1,7,1,201100059245A01,,,,200054781
201100059246,2011-10-11,2011,octobre,mardi,18:00,75,75108,0,0,2,3,3,1,1,4,1,01,1,1,0,60,1,0,1,4,2,21,0,3,2,0,2,1,1,201100059246B01,7,22,1,200054781
201100059255,2011-10-21,2011,octobre,vendredi,22:50,75,75108,0,0,2,2,3,5,1,4,1,01,1,1,0,50,1,0,1,4,2,23,0,3,2,0,2,2,1,201100059255A01,32,1,1,200054781
201100059263,2011-10-25,2011,octobre,mardi,17:00,75,75108,0,0,2,7,2,1,8,4,2,03,1,1,0,120,2,0,5,4,1,23,1,1,2,0,2,8,23,201100059263B01,7,1,1,200054781
201100059266,2011-10-28,2011,octobre,vendredi,14:15,75,75108,0,0,2,5,2,1,1,4,1,01,2,1,0,0,1,0,1,4,1,58,1,3,2,1,0,1,1,201100059266B01,10,22,1,200054781
201100059298,2011-11-30,2011,novembre,mercredi,10:10,75,75108,0,0,2,1,6,1,1,4,2,03,2,1,0,100,1,0,1,1,2,19,2,3,2,0,1,1,1,201100059298A01,,,,200054781
201100059321,2011-12-14,2011,décembre,mercredi,10:15,75,75108,0,0,2,1,3,1,1,4,1,01,2,1,0,80,1,0,1,4,1,29,1,3,2,0,2,8,18,201100059321A01,32,1,1,200054781
201100059339,2011-12-22,2011,décembre,jeudi,20:00,75,75108,0,0,2,1,3,5,8,4,2,04,1,1,0,150,1,0,1,4,1,48,5,3,2,0,2,1,1,201100059339B01,7,9,1,200054781
201100059340,2011-12-22,2011,décembre,jeudi,21:50,75,75108,0,0,2,1,2,5,1,4,1,06,1,2,0,180,1,0,1,4,1,42,5,3,2,0,2,4,2,201100059340B01,7,2,1,200054781
201100059355,2011-01-17,2011,janvier,lundi,17:30,75,75109,0,0,2,1,3,1,1,4,1,04,1,1,0,140,1,0,1,4,1,46,0,3,2,0,2,7,13,201100059355B01,7,1,1,200054781
201100059385,2011-03-20,2011,mars,dimanche,17:20,75,75109,0,0,2,2,6,1,1,4,3,04,1,1,0,0,1,0,1,4,1,29,5,2,2,0,1,1,1,201100059385A01,,,,200054781
201100059395,2011-04-14,2011,avril,jeudi,09:40,75,75109,0,0,2,7,3,1,1,4,1,01,4,1,0,0,1,5,1,4,1,36,1,3,2,0,2,1,5,201100059395A01,32,1,1,200054781
201100059397,2011-04-15,2011,avril,vendredi,15:30,75,75109,0,0,2,2,6,1,8,4,1,01,1,1,0,60,1,0,1,4,1,25,4,3,2,0,0,0,1,201100059397B01,2,1,1,200054781
201100059400,2011-04-19,2011,avril,mardi,10:45,75,75109,0,0,2,1,6,1,1,4,-1,00,-1,-1,0,0,-1,0,0,1,1,32,0,3,2,0,1,0,5,201100059400A01,,,,200054781
201100059405,2011-04-24,2011,avril,dimanche,02:00,75,75109,0,0,2,2,7,5,1,4,1,01,1,1,0,200,1,0,0,4,1,28,5,3,2,0,0,0,1,201100059405A01,,,,200054781
201100059410,2011-05-01,2011,mai,dimanche,09:45,75,75109,0,0,2,5,3,1,1,4,1,02,1,1,0,150,1,0,1,4,2,38,0,3,2,0,2,3,14,201100059410A01,7,1,1,200054781
201100059415,2011-05-10,2011,mai,mardi,18:30,75,75109,0,0,2,3,3,1,1,4,1,00,1,1,0,0,1,0,1,4,1,30,0,1,2,0,2,7,5,201100059415A01,7,15,1,200054781
201100059416,2011-05-12,2011,mai,jeudi,09:20,75,75109,0,0,2,2,3,1,1,4,2,02,1,1,0,40,1,5,1,4,2,50,1,3,2,0,2,1,1,201100059416B01,10,16,1,200054781
201100059418,2011-05-16,2011,mai,lundi,17:39,75,75109,0,0,2,2,6,1,1,4,-1,01,1,1,0,50,1,0,1,1,1,29,0,3,2,0,2,6,1,201100059418A01,34,1,1,200054781
201100059428,2011-05-31,2011,mai,mardi,21:23,75,75109,0,0,2,2,3,1,1,4,1,01,1,1,0,60,1,0,0,4,2,42,5,3,2,0,2,8,1,201100059428B01,2,1,1,200054781
201100059431,2011-06-07,2011,juin,mardi,12:10,75,75109,0,0,2,1,2,1,8,4,1,02,1,1,0,70,1,0,1,4,1,41,5,3,2,0,2,1,2,201100059431A01,10,2,1,200054781
201100059445,2011-07-05,2011,juillet,mardi,08:50,75,75109,0,0,2,1,3,1,1,4,1,03,1,1,300,150,1,0,1,4,1,24,1,3,2,0,2,0,1,201100059445B01,7,22,1,200054781
201100059450,2011-07-10,2011,juillet,dimanche,17:45,75,75109,0,0,2,5,3,1,1,4,2,02,1,1,0,0,1,0,1,4,1,55,0,3,2,0,2,1,15,201100059450B01,7,1,1,200054781
201100059452,2011-07-12,2011,juillet,mardi,07:40,75,75109,0,0,2,3,3,1,1,4,1,01,1,1,0,40,1,5,0,4,1,37,1,1,2,0,2,1,7,201100059452B01,7,16,1,200054781
201100059465,2011-07-29,2011,juillet,vendredi,16:09,75,75109,0,0,2,1,6,1,1,4,1,02,1,1,0,0,8,0,1,4,1,32,5,3,2,14,0,1,11,201100059465A01,,,,200054781
201100059488,2011-09-16,2011,septembre,vendredi,10:50,75,75109,0,0,2,3,2,1,1,4,1,02,1,-1,0,0,1,0,1,4,2,33,4,3,8,1,0,7,1,201100059488B01,32,13,1,200054781
201100059495,2011-09-23,2011,septembre,vendredi,08:00,75,75109,0,0,2,3,6,1,1,4,1,01,2,1,0,50,2,0,1,4,2,23,1,3,2,0,1,1,5,201100059495A01,,,,200054781
201100059519,2011-10-21,2011,octobre,vendredi,21:00,75,75109,0,0,2,5,3,5,1,4,1,02,1,1,10,30,1,0,1,4,1,26,0,3,2,0,2,5,18,201100059519A01,7,16,1,200054781
201100059533,2011-11-04,2011,novembre,vendredi,09:10,75,75109,0,0,2,1,6,1,1,4,1,01,1,1,0,0,1,0,1,4,2,31,0,3,2,0,2,0,12,201100059533A01,30,14,1,200054781
201100059536,2011-11-10,2011,novembre,jeudi,09:30,75,75109,0,0,2,1,6,1,1,4,1,02,2,1,0,60,1,0,4,1,2,25,1,3,2,0,1,1,1,201100059536A01,,,,200054781
201100059545,2011-11-16,2011,novembre,mercredi,10:40,75,75109,0,0,2,1,2,1,1,4,1,01,1,1,0,0,1,0,1,4,2,31,5,3,2,1,0,7,7,201100059545A01,7,22,1,200054781
201100059553,2011-12-01,2011,décembre,jeudi,08:50,75,75109,0,0,2,1,3,1,2,4,1,02,1,1,0,100,2,0,5,4,1,43,1,3,2,0,2,1,1,201100059553B01,7,22,1,200054781
201100059568,2011-01-07,2011,janvier,vendredi,12:00,75,75110,0,0,2,1,6,1,2,4,1,01,1,1,0,12,2,0,5,4,1,44,0,1,2,0,1,1,1,201100059568A01,,,,200054781
201100059568,2011-01-07,2011,janvier,vendredi,12:00,75,75110,0,0,2,1,6,1,2,4,1,01,1,1,0,12,2,0,5,4,1,36,0,3,8,0,1,1,1,201100059568A01,,,,200054781
201100059599,2011-02-11,2011,février,vendredi,13:15,75,75110,0,0,2,1,7,1,1,4,1,01,1,1,0,23,1,0,1,4,1,55,5,3,2,0,0,0,1,201100059599A01,,,,200054781
201100059604,2011-02-14,2011,février,lundi,19:50,75,75110,0,0,2,5,3,5,1,4,3,04,2,1,0,0,1,0,1,1,1,45,1,3,2,0,2,1,1,201100059604A01,30,1,1,200054781
201100059605,2011-02-16,2011,février,mercredi,08:50,75,75110,0,0,2,3,3,1,1,4,2,01,2,1,0,30,1,0,1,4,1,27,1,2,2,0,2,1,1,201100059605A01,7,15,1,200054781
201100059607,2011-02-18,2011,février,vendredi,16:30,75,75110,0,0,2,1,6,1,1,4,1,02,1,1,0,250,1,0,1,4,2,24,5,3,2,0,1,1,7,201100059607A01,,,,200054781
201100059611,2011-02-26,2011,février,samedi,14:35,75,75110,0,0,2,2,3,1,1,4,2,01,2,1,0,100,1,0,1,4,2,30,5,3,2,0,2,3,7,201100059611B01,7,16,1,200054781
201100059617,2011-03-04,2011,mars,vendredi,18:30,75,75110,0,0,2,2,3,5,1,4,1,01,1,1,0,0,1,0,5,4,2,27,5,3,2,0,2,1,1,201100059617B01,7,15,1,200054781
201100059623,2011-03-09,2011,mars,mercredi,12:50,75,75110,0,0,2,2,3,1,1,4,1,01,1,1,30,50,1,0,1,4,1,55,0,3,2,0,2,2,1,201100059623A01,7,1,1,200054781
201100059624,2011-03-09,2011,mars,mercredi,15:30,75,75110,0,0,2,1,6,1,1,4,1,01,1,1,0,50,1,0,1,1,1,30,4,2,2,0,1,1,5,201100059624A01,,,,200054781
201100059631,2011-03-17,2011,mars,jeudi,11:55,75,75110,0,0,2,2,7,1,1,4,2,04,1,1,0,150,1,0,5,4,2,32,9,3,2,0,0,0,1,201100059631A01,,,,200054781
201100059639,2011-03-22,2011,mars,mardi,18:30,75,75110,0,0,2,1,6,1,1,4,1,00,1,1,0,0,1,6,5,1,1,26,2,3,2,0,1,3,1,201100059639A01,,,,200054781
201100059645,2011-03-25,2011,mars,vendredi,09:35,75,75110,0,0,2,1,3,1,1,4,1,01,1,1,0,50,1,0,1,4,1,32,0,3,2,0,2,1,18,201100059645B01,7,22,1,200054781
201100059667,2011-04-18,2011,avril,lundi,16:30,75,75110,0,0,2,3,6,1,1,4,1,02,1,1,0,70,1,0,1,1,1,60,5,3,2,0,1,1,5,201100059667A01,,,,200054781
201100059669,2011-04-22,2011,avril,vendredi,11:05,75,75110,0,0,2,1,4,1,1,4,1,02,1,1,0,6,1,0,1,4,2,34,1,3,2,0,2,8,1,201100059669C01,7,1 / 14,2,200054781
201100059676,2011-05-04,2011,mai,mercredi,08:55,75,75110,0,0,2,1,3,1,1,4,2,03,1,1,0,100,1,0,0,4,2,31,1,3,2,0,2,2,1,201100059676B01,7,15,1,200054781
201100059678,2011-05-06,2011,mai,vendredi,14:35,75,75110,0,0,2,3,3,1,1,4,2,02,-1,1,0,122,1,0,1,4,1,40,5,3,2,0,2,3,1,201100059678B01,7,15,1,200054781
201100059692,2011-05-18,2011,mai,mercredi,12:15,75,75110,0,0,2,5,3,1,1,4,2,02,2,1,0,0,1,0,5,4,1,20,2,3,2,0,2,1,1,201100059692B01,7,16,1,200054781
201100059693,2011-05-19,2011,mai,jeudi,06:55,75,75110,0,0,2,3,7,1,1,4,1,01,2,1,0,45,2,0,5,4,1,48,1,1,2,0,0,0,1,201100059693A01,,,,200054781
201100059701,2011-06-01,2011,juin,mercredi,15:00,75,75110,0,0,2,1,3,1,1,4,1,02,1,1,0,0,1,0,5,4,2,54,5,3,2,0,2,8,1,201100059701B01,7,22,1,200054781
201100059702,2011-06-01,2011,juin,mercredi,18:20,75,75110,0,0,2,5,7,1,1,4,1,02,1,1,0,20,1,0,5,4,2,36,5,3,2,0,0,1,21,201100059702A01,,,,200054781
201100059704,2011-06-02,2011,juin,jeudi,20:00,75,75110,0,0,2,1,2,1,1,4,1,01,1,1,0,30,1,0,1,4,2,26,5,2,2,0,0,0,1,201100059704A01,30,1,1,200054781
201100059705,2011-06-04,2011,juin,samedi,12:30,75,75110,0,0,2,5,6,1,1,4,1,01,1,1,0,60,1,0,1,4,1,29,3,3,2,0,2,4,2,201100059705A01,7,2,1,200054781
201100059710,2011-06-11,2011,juin,samedi,19:45,75,75110,0,0,2,2,6,1,1,4,1,04,-1,1,0,200,1,0,1,4,2,19,5,3,2,0,2,1,7,201100059710A01,1,5,1,200054781
201100059716,2011-06-17,2011,juin,vendredi,13:05,75,75110,0,0,2,1,2,1,1,4,1,01,1,1,0,30,1,0,1,1,1,21,1,3,2,0,0,7,16,201100059716B01,33,1,1,200054781
201100059723,2011-06-24,2011,juin,vendredi,09:30,75,75110,0,0,2,2,3,1,1,4,2,00,1,1,0,30,1,0,1,4,1,47,0,3,2,0,2,1,1,201100059723B01,7,16,1,200054781
201100059729,2011-07-03,2011,juillet,dimanche,14:18,75,75110,0,0,2,1,3,1,1,4,2,02,1,1,0,50,1,0,1,4,2,50,0,3,2,0,2,1,1,201100059729B01,10,15,1,200054781
201100059730,2011-07-04,2011,juillet,lundi,09:45,75,75110,0,0,2,2,6,1,1,4,1,02,1,1,0,60,1,0,0,1,1,30,9,3,2,0,1,1,1,201100059730A01,,,,200054781
201100059741,2011-07-12,2011,juillet,mardi,08:40,75,75110,0,0,2,7,2,1,1,4,1,03,1,1,10,100,1,5,1,4,2,49,0,3,2,0,2,4,14,201100059741B01,7,1,1,200054781
201100059743,2011-07-17,2011,juillet,dimanche,00:01,75,75110,0,0,2,2,3,5,2,4,1,03,1,-1,0,50,2,0,1,4,2,30,0,3,2,0,2,4,7,201100059743A01,7,1,1,200054781