Num_Acc,date,an,mois,jour,hrmn,dep,com,lat,long,agg,int,col,lum,atm,catr,circ,nbv,prof,plan,lartpc,larrout,surf,infra,situ,grav,sexe,age,trajet,secuexist,equipement,obs,obsm,choc,manv,vehiculeid,typevehicules,manoeuvehicules,numVehicules,_infos_commune.code_epci
201100059756,2011-08-04,2011,août,jeudi,15:00,75,75110,0,0,2,2,6,1,2,4,1,01,2,1,0,40,2,0,1,4,1,29,5,3,2,14,2,3,13,201100059756A01,7,1,1,200054781
201100059770,2011-08-24,2011,août,mercredi,15:25,75,75110,0,0,2,3,6,1,1,4,1,02,1,1,0,70,1,0,1,4,1,24,0,3,2,14,2,3,2,201100059770A01,7,23,1,200054781
201100059778,2011-08-29,2011,août,lundi,09:05,75,75110,0,0,2,7,3,1,1,4,1,03,1,1,0,150,1,0,1,4,2,37,1,3,2,0,2,8,15,201100059778B01,7,16,1,200054781
201100059781,2011-09-02,2011,septembre,vendredi,10:00,75,75110,0,0,2,1,7,1,1,4,1,03,1,1,1,40,1,0,1,4,2,60,0,3,2,0,0,0,21,201100059781A01,,,,200054781
201100059782,2011-09-04,2011,septembre,dimanche,18:00,75,75110,0,0,2,1,6,1,2,4,1,01,1,1,60,60,1,0,3,4,2,54,5,3,2,0,2,4,1,201100059782A01,30,13,1,200054781
201100059783,2011-09-05,2011,septembre,lundi,13:40,75,75110,0,0,2,5,3,1,1,4,2,02,1,1,0,50,1,0,1,4,1,21,5,3,2,0,2,3,1,201100059783B01,30,15,1,200054781
201100059803,2011-10-05,2011,octobre,mercredi,08:30,75,75110,0,0,2,5,3,1,1,4,1,01,1,1,0,40,1,0,1,4,1,29,0,3,2,0,2,7,1,201100059803B01,10,1,1,200054781
201100059811,2011-10-22,2011,octobre,samedi,15:40,75,75110,0,0,2,1,3,1,1,4,1,02,1,1,50,50,1,0,1,4,2,44,3,3,2,0,2,4,13,201100059811B01,2,17,1,200054781
201100059814,2011-10-24,2011,octobre,lundi,18:50,75,75110,0,0,2,1,3,5,1,4,2,04,1,1,0,80,1,0,1,4,1,26,4,3,2,0,2,8,7,201100059814B01,7,17,1,200054781
201100059831,2011-11-04,2011,novembre,vendredi,11:45,75,75110,0,0,2,7,3,1,1,4,2,04,1,-1,0,200,1,0,1,4,1,22,0,3,2,0,2,5,1,201100059831B01,7,1,1,200054781
201100059835,2011-11-05,2011,novembre,samedi,14:05,75,75110,0,0,2,3,3,1,8,4,2,04,2,1,0,20,1,0,1,4,1,22,1,3,2,0,2,1,7,201100059835A01,7,16,1,200054781
201100059848,2011-11-17,2011,novembre,jeudi,16:50,75,75110,0,0,2,3,6,2,8,4,1,01,1,1,0,0,1,0,0,4,1,18,2,3,2,0,1,1,1,201100059848A01,,,,200054781
201100059864,2011-12-06,2011,décembre,mardi,21:10,75,75110,0,0,2,1,6,5,2,4,1,01,1,3,0,40,2,0,1,1,1,4,5,3,2,0,1,1,1,201100059864A01,,,,200054781
201100059876,2011-12-26,2011,décembre,lundi,19:18,75,75110,0,0,2,3,3,5,1,4,1,01,1,-1,0,60,1,0,1,4,1,32,0,2,2,0,2,1,1,201100059876B01,7,1,1,200054781
201100059881,2011-12-29,2011,décembre,jeudi,18:20,75,75110,0,0,2,1,2,5,2,4,3,00,1,1,0,0,1,0,5,4,1,38,5,1,4,1,0,1,1,201100059881B01,7,22,1,200054781
201100059890,2011-01-08,2011,janvier,samedi,14:15,75,75111,0,0,2,1,2,1,1,4,2,02,1,1,0,200,1,0,1,4,2,54,5,3,2,0,2,4,17,201100059890B01,30,12,1,200054781
201100059893,2011-01-11,2011,janvier,mardi,08:35,75,75111,0,0,2,1,3,2,2,4,2,02,2,1,0,100,2,0,1,4,2,41,1,3,2,0,2,1,1,201100059893B01,7,22,1,200054781
201100059896,2011-01-17,2011,janvier,lundi,15:15,75,75111,0,0,2,5,2,1,8,4,1,01,1,-1,0,0,1,0,1,4,1,71,5,3,2,0,2,4,2,201100059896B01,7,2,1,200054781
201100059900,2011-01-21,2011,janvier,vendredi,08:40,75,75111,0,0,2,2,6,1,1,4,2,01,2,1,0,150,1,0,1,4,2,38,1,3,2,0,1,1,1,201100059900A01,,,,200054781
201100059913,2011-02-04,2011,février,vendredi,01:40,75,75111,0,0,2,2,3,3,1,4,2,02,1,1,0,80,2,0,1,4,1,37,5,3,2,0,2,2,1,201100059913A01,7,22,1,200054781
201100059922,2011-02-11,2011,février,vendredi,12:45,75,75111,0,0,2,1,3,1,1,4,2,02,1,1,0,150,1,0,1,4,1,38,1,3,2,0,2,1,1,201100059922B01,2,9,1,200054781
201100059929,2011-02-14,2011,février,lundi,15:25,75,75111,0,0,2,1,3,1,1,4,1,01,2,1,0,50,1,0,1,4,2,49,5,3,2,0,2,1,1,201100059929B01,7,22,1,200054781
201100059930,2011-02-16,2011,février,mercredi,10:45,75,75111,0,0,2,1,6,1,1,4,1,01,1,1,0,50,1,6,5,4,1,47,5,3,2,0,1,8,1,201100059930A01,,,,200054781
201100059937,2011-02-27,2011,février,dimanche,17:30,75,75111,0,0,2,4,6,1,1,4,2,02,1,1,0,120,1,0,1,1,1,24,5,3,8,0,1,8,1,201100059937A01,,,,200054781
201100059940,2011-03-01,2011,mars,mardi,17:15,75,75111,0,0,2,1,6,1,1,4,1,01,1,1,0,70,1,0,1,4,1,71,5,3,2,0,1,1,1,201100059940A01,,,,200054781
201100059952,2011-03-06,2011,mars,dimanche,10:20,75,75111,0,0,2,1,1,1,1,4,2,03,1,1,0,80,1,0,1,3,1,51,5,3,2,0,2,1,1,201100059952B01,2,1,1,200054781
201100059958,2011-03-14,2011,mars,lundi,11:23,75,75111,0,0,2,2,1,1,1,4,1,01,1,1,70,50,1,0,1,4,2,55,1,2,2,0,2,1,1,201100059958B01,7,15,1,200054781
201100059971,2011-03-24,2011,mars,jeudi,17:45,75,75111,0,0,2,2,3,1,1,4,2,02,1,1,0,120,1,0,1,4,2,32,1,3,2,0,2,1,1,201100059971B01,7,22,1,200054781
201100059973,2011-03-26,2011,mars,samedi,17:50,75,75111,0,0,2,1,6,1,2,4,2,04,1,1,0,160,2,0,1,4,1,20,5,3,2,0,1,1,1,201100059973A01,,,,200054781
201100059979,2011-03-31,2011,mars,jeudi,07:00,75,75111,0,0,2,5,7,2,3,4,1,01,1,2,0,200,2,0,1,3,1,27,5,3,2,0,0,0,1,201100059979A01,,,,200054781
201100059989,2011-04-10,2011,avril,dimanche,04:00,75,75111,0,0,2,4,2,5,1,4,2,02,1,1,0,100,1,0,1,4,1,31,0,3,2,0,0,4,1,201100059989B01,30,1,1,200054781
201100059992,2011-04-12,2011,avril,mardi,02:30,75,75111,0,0,2,1,7,5,1,4,2,01,2,1,0,0,1,0,1,4,2,44,0,3,2,0,0,0,1,201100059992A01,,,,200054781
201100060002,2011-04-20,2011,avril,mercredi,10:15,75,75111,0,0,2,7,2,1,9,4,3,02,-1,-1,70,100,2,0,1,4,1,51,5,3,2,0,2,1,2,201100060002A01,7,2,1,200054781
201100060007,2011-04-26,2011,avril,mardi,10:10,75,75111,0,0,2,3,3,1,1,4,3,01,1,-1,0,100,1,0,1,4,2,22,1,3,2,0,2,8,13,201100060007B01,33,17,1,200054781
201100060009,2011-04-28,2011,avril,jeudi,16:45,75,75111,0,0,2,4,3,1,2,4,2,02,1,1,0,100,2,6,1,4,2,79,9,3,2,0,2,1,15,201100060009A01,34,1,1,200054781
201100060011,2011-04-29,2011,avril,vendredi,15:05,75,75111,0,0,2,5,3,1,8,4,1,01,1,1,0,40,1,0,1,4,2,62,4,3,2,0,2,2,1,201100060011A01,7,15,1,200054781
201100060012,2011-04-29,2011,avril,vendredi,19:40,75,75111,0,0,2,1,3,1,1,4,2,04,1,1,0,120,1,0,1,4,1,20,2,3,2,0,2,1,7,201100060012A01,1,19,1,200054781
201100060012,2011-04-29,2011,avril,vendredi,19:40,75,75111,0,0,2,1,3,1,1,4,2,04,1,1,0,120,1,0,1,1,1,27,5,3,2,0,2,5,19,201100060012B01,1,7,1,200054781
201100060022,2011-05-06,2011,mai,vendredi,19:25,75,75111,0,0,2,2,3,1,1,4,2,01,2,1,0,125,1,0,1,4,1,48,5,3,2,0,2,1,18,201100060022B01,7,22,1,200054781
201100060025,2011-05-09,2011,mai,lundi,12:30,75,75111,0,0,2,2,6,1,1,4,2,01,2,1,0,80,1,0,1,4,2,26,0,3,2,0,2,8,1,201100060025A01,10,16,1,200054781
201100060032,2011-05-12,2011,mai,jeudi,19:30,75,75111,0,0,2,5,3,1,1,4,3,02,1,1,0,90,1,0,1,4,1,30,1,3,2,0,2,6,10,201100060032A01,30,1,1,200054781
201100060043,2011-05-19,2011,mai,jeudi,11:05,75,75111,0,0,2,2,3,1,1,4,1,01,1,1,0,50,1,0,1,4,1,52,1,1,2,0,2,2,1,201100060043B01,10,15,1,200054781
201100060054,2011-05-28,2011,mai,samedi,12:20,75,75111,0,0,2,1,3,1,1,4,2,01,2,1,0,60,1,0,1,4,2,46,5,3,2,0,2,3,1,201100060054A01,7,22,1,200054781
201100060055,2011-05-30,2011,mai,lundi,09:15,75,75111,0,0,2,2,3,1,1,4,2,02,1,1,0,120,1,0,1,4,2,21,2,3,2,0,2,1,15,201100060055B01,7,1,1,200054781
201100060057,2011-05-31,2011,mai,mardi,07:40,75,75111,0,0,2,5,2,2,2,4,3,02,1,1,80,170,2,0,1,4,2,35,1,3,2,0,2,4,23,201100060057B01,7,1,1,200054781
201100060059,2011-06-03,2011,juin,vendredi,13:00,75,75111,0,0,2,1,3,1,1,4,1,01,1,-1,70,70,1,0,5,4,1,35,0,3,2,1,0,2,1,201100060059B01,10,22,1,200054781
201100060060,2011-06-05,2011,juin,dimanche,09:35,75,75111,0,0,2,2,7,1,8,4,2,02,1,1,0,160,1,0,1,3,1,31,5,3,2,0,0,0,21,201100060060A01,,,,200054781
201100060076,2011-06-14,2011,juin,mardi,17:19,75,75111,0,0,2,2,1,1,1,4,2,04,1,1,0,160,1,0,1,4,1,22,5,3,2,0,2,7,15,201100060076A01,7,1,1,200054781
201100060085,2011-06-23,2011,juin,jeudi,11:25,75,75112,0,0,2,2,2,1,1,4,2,02,2,1,0,100,1,0,1,4,2,22,5,3,2,1,0,2,1,201100060085B01,7,22,1,200054781
201100060089,2011-06-25,2011,juin,samedi,17:15,75,75111,0,0,2,7,2,1,1,4,2,01,1,1,0,110,1,0,1,4,1,52,5,3,2,1,2,3,1,201100060089A01,7,23,1,200054781
201100060097,2011-07-02,2011,juillet,samedi,18:10,75,75111,0,0,2,2,6,1,1,4,2,02,2,1,0,140,1,0,1,1,1,38,4,3,2,0,1,1,1,201100060097A01,,,,200054781
201100060098,2011-07-02,2011,juillet,samedi,20:30,75,75111,0,0,2,7,2,1,1,4,1,04,1,2,150,300,1,0,1,4,2,58,5,3,2,0,2,4,2,201100060098B01,7,2,1,200054781
201100060103,2011-07-04,2011,juillet,lundi,19:10,75,75111,0,0,2,1,3,1,1,4,1,01,1,1,0,100,1,0,1,4,1,38,5,1,2,0,2,2,18,201100060103B01,10,22,1,200054781
201100060104,2011-07-04,2011,juillet,lundi,09:50,75,75111,0,0,2,3,3,1,1,4,1,01,1,1,0,50,1,0,1,4,2,27,1,3,2,0,2,2,1,201100060104B01,7,22,1,200054781
201100060106,2011-07-05,2011,juillet,mardi,10:50,75,75111,0,0,2,4,6,1,1,4,1,01,1,1,0,60,1,0,1,4,2,31,5,3,2,0,1,1,1,201100060106A01,,,,200054781
201100060108,2011-07-06,2011,juillet,mercredi,12:20,75,75111,0,0,2,1,3,1,1,4,2,02,1,1,0,150,1,0,1,4,1,24,5,3,2,0,2,1,1,201100060108B01,13,22,1,200054781
201100060109,2011-07-06,2011,juillet,mercredi,19:55,75,75111,0,0,2,1,6,1,1,4,3,01,1,3,60,60,-1,0,1,4,1,50,1,3,2,0,2,1,1,201100060109A01,7,4,1,200054781
201100060111,2011-07-10,2011,juillet,dimanche,04:40,75,75111,0,0,2,2,3,5,1,4,2,01,1,1,100,60,1,0,1,4,1,23,5,3,2,0,2,6,19,201100060111A01,7,16,1,200054781
201100060121,2011-07-17,2011,juillet,dimanche,01:05,75,75111,0,0,2,1,3,5,2,4,3,01,1,2,0,0,2,0,1,4,1,39,0,3,2,0,2,6,9,201100060121A01,31,1,1,200054781
201100060142,2011-08-08,2011,août,lundi,18:05,75,75111,0,0,2,1,2,1,1,4,2,02,1,1,0,160,1,0,1,1,2,57,0,3,2,0,2,4,2,201100060142B01,30,2,1,200054781
201100060145,2011-08-09,2011,août,mardi,11:00,75,75111,0,0,2,7,2,1,1,4,1,03,1,2,0,250,1,0,1,4,1,75,3,3,2,0,2,4,2,201100060145B01,10,2,1,200054781
201100060176,2011-09-13,2011,septembre,mardi,18:45,75,75111,0,0,2,2,3,1,1,4,1,02,1,1,0,59,1,0,1,1,2,60,9,3,2,0,2,1,16,201100060176B01,32,1,1,200054781
201100060178,2011-09-15,2011,septembre,jeudi,09:00,75,75111,0,0,2,1,3,1,1,4,1,01,2,1,0,40,1,0,1,4,1,42,1,3,2,0,2,8,18,201100060178B01,7,12,1,200054781
201100060179,2011-09-15,2011,septembre,jeudi,09:40,75,75111,0,0,2,2,3,1,1,4,-1,02,2,1,0,90,1,0,1,4,1,26,1,3,2,0,2,1,1,201100060179B01,10,15,1,200054781
201100060182,2011-09-16,2011,septembre,vendredi,13:05,75,75111,0,0,2,1,3,1,1,4,2,02,1,1,0,140,1,0,1,4,1,20,5,1,2,0,2,1,1,201100060182B01,7,4,1,200054781
201100060186,2011-09-20,2011,septembre,mardi,11:30,75,75111,0,0,2,2,6,1,1,4,1,02,1,1,15,110,1,0,1,4,2,29,5,3,2,0,2,3,15,201100060186A01,32,17,1,200054781
201100060189,2011-09-21,2011,septembre,mercredi,14:15,75,75111,0,0,2,7,3,1,1,4,1,05,1,2,0,300,1,0,1,4,1,74,5,3,2,0,0,4,15,201100060189B01,2,17,1,200054781
201100060193,2011-09-23,2011,septembre,vendredi,17:30,75,75111,0,0,2,3,3,1,1,4,2,01,1,1,0,120,1,0,1,4,1,12,2,3,2,0,2,6,15,201100060193A01,7,1,1,200054781
201100060197,2011-09-26,2011,septembre,lundi,17:50,75,75111,0,0,2,1,3,1,1,4,2,01,1,1,70,160,1,0,1,4,2,23,5,2,2,0,0,2,1,201100060197B01,7,22,1,200054781
201100060202,2011-09-28,2011,septembre,mercredi,17:20,75,75111,0,0,2,2,6,1,1,4,1,01,1,1,0,30,1,0,1,4,2,38,5,1,3,0,2,3,16,201100060202A01,10,16,1,200054781
201100060202,2011-09-28,2011,septembre,mercredi,17:20,75,75111,0,0,2,2,6,1,1,4,1,01,1,1,0,30,1,0,1,4,1,4,0,1,3,0,2,3,16,201100060202A01,10,16,1,200054781
201100060203,2011-09-29,2011,septembre,jeudi,09:10,75,75111,0,0,2,3,3,1,1,4,2,06,1,1,0,200,1,0,1,4,1,32,0,3,2,0,2,0,23,201100060203B01,7,7,1,200054781
201100060208,2011-10-04,2011,octobre,mardi,09:10,75,75111,0,0,2,1,6,1,1,4,1,01,1,1,0,25,1,0,1,1,1,37,1,3,2,0,1,2,5,201100060208A01,,,,200054781
201100060210,2011-10-04,2011,octobre,mardi,13:50,75,75111,0,0,2,1,3,1,1,4,2,02,1,1,0,80,1,0,1,4,2,27,1,3,2,0,2,1,1,201100060210B01,10,22,1,200054781
201100060218,2011-10-07,2011,octobre,vendredi,08:50,75,75111,0,0,2,2,3,1,1,4,1,02,1,1,200,100,1,0,1,4,1,17,2,3,2,0,2,1,1,201100060218A01,7,1,1,200054781
201100060236,2011-10-18,2011,octobre,mardi,09:15,75,75111,0,0,2,7,6,1,1,4,1,01,1,3,0,0,1,0,1,4,1,45,1,3,2,0,2,1,1,201100060236A01,10,14,1,200054781
201100060240,2011-10-19,2011,octobre,mercredi,20:10,75,75111,0,0,2,1,6,5,8,4,1,02,1,1,0,170,1,0,1,4,1,41,5,3,2,0,2,8,2,201100060240A01,7,2,1,200054781
201100060244,2011-10-24,2011,octobre,lundi,14:00,75,75111,0,0,2,1,6,1,1,4,1,01,1,1,0,40,1,0,5,1,1,47,5,3,2,0,1,1,1,201100060244A01,,,,200054781
201100060246,2011-10-25,2011,octobre,mardi,12:50,75,75111,0,0,2,2,6,1,1,4,2,01,1,1,0,150,1,0,1,1,1,50,3,3,2,0,1,1,1,201100060246A01,,,,200054781
201100060251,2011-10-31,2011,octobre,lundi,14:30,75,75111,0,0,2,3,3,1,1,4,3,01,1,1,0,100,1,0,1,4,2,31,5,2,2,0,2,1,16,201100060251A01,34,1,1,200054781
201100060260,2011-11-07,2011,novembre,lundi,10:10,75,75111,0,0,2,1,7,1,1,4,1,00,1,1,0,50,1,0,1,4,2,54,0,3,2,0,0,0,21,201100060260A01,,,,200054781
201100060261,2011-11-08,2011,novembre,mardi,19:05,75,75111,0,0,2,1,3,5,2,4,1,01,1,1,0,60,2,0,1,4,2,29,1,3,2,0,2,2,1,201100060261B01,7,22,1,200054781
201100060265,2011-11-11,2011,novembre,vendredi,01:40,75,75111,0,0,2,2,6,5,1,4,1,01,2,1,0,70,1,0,1,4,1,19,5,3,2,1,0,1,14,201100060265A01,,,,200054781
201100060275,2011-11-17,2011,novembre,jeudi,15:55,75,75111,0,0,2,5,3,1,1,4,1,01,1,1,0,40,1,0,1,4,1,49,1,1,2,0,2,4,1,201100060275B01,7,16,1,200054781
201100060278,2011-11-20,2011,novembre,dimanche,16:15,75,75111,0,0,2,2,6,1,1,4,2,02,1,-1,1,80,1,0,0,4,1,35,9,3,2,0,2,7,1,201100060278A01,7,1,1,200054781
201100060279,2011-11-21,2011,novembre,lundi,10:10,75,75111,0,0,2,2,3,1,8,4,1,01,2,1,0,0,1,5,1,4,1,29,1,3,2,0,2,1,1,201100060279B01,7,1,1,200054781
201100060297,2011-12-07,2011,décembre,mercredi,22:45,75,75111,0,0,2,7,6,5,8,4,1,02,1,1,0,150,2,0,1,4,2,44,0,3,2,0,2,4,19,201100060297A01,2,1,1,200054781
201100060298,2011-12-08,2011,décembre,jeudi,20:25,75,75111,0,0,2,7,3,4,1,4,2,02,1,1,0,140,1,0,1,1,1,27,1,3,2,0,2,0,1,201100060298B01,32,1,1,200054781
201100060306,2011-12-14,2011,décembre,mercredi,09:45,75,75111,0,0,2,2,7,1,1,4,2,01,1,1,0,140,2,0,1,4,2,49,1,3,2,0,0,8,21,201100060306A01,,,,200054781
201100060307,2011-12-14,2011,décembre,mercredi,15:00,75,75111,0,0,2,2,6,1,1,4,1,01,1,-1,20,45,1,0,1,4,2,65,1,3,2,0,2,3,1,201100060307A01,7,16,1,200054781
201100060309,2011-12-15,2011,décembre,jeudi,18:15,75,75111,0,0,2,1,3,5,1,4,1,01,1,1,0,60,1,0,1,4,2,42,0,3,2,0,2,0,1,201100060309B01,10,22,1,200054781
201100060319,2011-01-04,2011,janvier,mardi,11:25,75,75112,0,0,2,1,2,1,1,4,1,00,1,1,0,0,1,0,1,1,1,41,5,3,2,0,2,0,1,201100060319B01,1,21,1,200054781
201100060319,2011-01-04,2011,janvier,mardi,11:25,75,75112,0,0,2,1,2,1,1,4,1,00,1,1,0,0,1,0,1,4,2,38,5,3,2,0,2,0,21,201100060319A01,1,1,1,200054781
201100060333,2011-01-15,2011,janvier,samedi,15:20,75,75112,0,0,2,1,2,1,1,4,-1,01,1,1,0,90,1,0,1,4,1,65,5,3,2,0,2,1,2,201100060333A01,1,2,1,200054781
201100060333,2011-01-15,2011,janvier,samedi,15:20,75,75112,0,0,2,1,2,1,1,4,-1,01,1,1,0,90,1,0,1,1,1,42,5,1,2,0,2,4,2,201100060333B01,1,2,1,200054781
201100060335,2011-01-16,2011,janvier,dimanche,10:50,75,75112,0,0,2,4,3,1,1,4,2,02,1,1,0,60,1,0,1,4,1,53,5,1,2,0,2,1,1,201100060335B01,7,10,1,200054781
201100060360,2011-02-08,2011,février,mardi,09:30,75,75112,0,0,2,1,3,1,1,4,-1,03,1,1,0,70,1,0,1,4,2,52,0,3,2,1,2,1,1,201100060360B01,7,22,1,200054781
201100060383,2011-03-05,2011,mars,samedi,13:25,75,75112,0,0,2,1,3,1,1,4,1,03,1,1,0,0,1,0,1,4,2,39,0,3,2,0,2,0,1,201100060383B01,7,22,1,200054781
201100060389,2011-03-10,2011,mars,jeudi,15:40,75,75112,0,0,2,3,3,1,1,4,1,00,1,1,0,0,1,0,1,4,1,46,5,1,2,0,2,0,1,201100060389A01,7,15,1,200054781
201100060408,2011-03-27,2011,mars,dimanche,10:27,75,75112,0,0,2,1,7,1,2,4,2,01,2,1,0,60,2,0,5,4,1,57,5,3,2,0,0,0,21,201100060408A01,,,,200054781
201100060416,2011-04-02,2011,avril,samedi,13:35,75,75112,0,0,2,1,2,1,1,4,2,02,1,-1,0,50,1,0,1,4,1,56,5,3,2,0,0,4,19,201100060416B01,7,4,1,200054781
201100060427,2011-04-11,2011,avril,lundi,16:00,75,75112,0,0,2,2,6,1,1,4,1,01,2,1,0,130,1,0,5,4,1,61,5,3,2,15,0,1,21,201100060427A01,,,,200054781
201100060430,2011-04-14,2011,avril,jeudi,10:00,75,75112,0,0,2,2,3,1,1,4,2,01,2,1,0,30,1,0,5,4,2,39,1,1,2,0,2,7,1,201100060430B01,33,12,1,200054781
201100060434,2011-04-18,2011,avril,lundi,12:30,75,75112,0,0,2,1,7,1,1,4,2,02,1,1,0,0,1,0,5,4,1,48,5,2,2,0,0,0,21,201100060434A01,,,,200054781
201100060442,2011-04-22,2011,avril,vendredi,13:20,75,75112,0,0,2,5,3,1,1,4,2,02,1,1,0,80,1,0,1,4,1,30,0,3,2,0,2,3,1,201100060442B01,7,15,1,200054781
201100060444,2011-04-25,2011,avril,lundi,18:30,75,75112,0,0,2,1,3,1,1,4,2,00,1,1,0,400,1,0,1,4,1,39,1,3,2,0,2,3,18,201100060444B01,7,14,1,200054781
201100060456,2011-05-06,2011,mai,vendredi,15:15,75,75112,0,0,2,2,3,1,1,4,2,03,1,1,0,0,1,5,1,4,1,38,5,3,2,0,2,7,1,201100060456A01,7,7,1,200054781
201100060469,2011-05-14,2011,mai,samedi,12:55,75,75112,0,0,2,1,7,1,1,4,2,00,1,1,0,90,1,0,1,4,1,15,5,3,2,0,0,0,21,201100060469A01,,,,200054781
201100060475,2011-05-21,2011,mai,samedi,11:30,75,75112,0,0,2,2,3,1,1,4,2,02,1,1,0,120,1,0,1,4,2,28,0,1,2,0,2,3,15,201100060475B01,33,1,1,200054781
201100060478,2011-05-23,2011,mai,lundi,09:15,75,75112,0,0,2,1,3,1,1,4,2,03,1,1,0,160,1,0,1,4,2,33,1,3,2,0,2,2,1,201100060478B01,10,22,1,200054781
201100060480,2011-05-23,2011,mai,lundi,19:35,75,75112,0,0,2,7,6,1,1,4,1,03,1,1,0,150,1,0,1,1,1,58,1,3,2,0,1,1,1,201100060480A01,,,,200054781
201100060496,2011-06-08,2011,juin,mercredi,17:15,75,75112,0,0,2,2,3,1,1,4,2,02,1,1,0,0,-1,0,0,1,1,16,0,2,2,0,0,8,15,201100060496B01,32,17,1,200054781
201100060505,2011-06-17,2011,juin,vendredi,17:15,75,75112,0,0,2,1,2,1,2,4,1,01,1,1,0,50,2,0,1,4,1,39,1,3,2,0,0,7,17,201100060505B01,7,22,1,200054781
201100060510,2011-06-23,2011,juin,jeudi,09:00,75,75112,0,0,2,3,7,1,8,4,2,02,1,1,0,190,1,0,1,4,1,40,1,3,2,0,0,0,21,201100060510A01,,,,200054781
201100060514,2011-06-24,2011,juin,vendredi,11:05,75,75112,0,0,2,3,3,1,1,4,2,02,1,1,0,100,1,0,1,4,2,38,1,3,2,0,2,3,15,201100060514A01,34,1,1,200054781
201100060537,2011-07-12,2011,juillet,mardi,22:00,75,75112,0,0,2,1,3,2,1,4,2,04,1,1,2,115,1,0,1,4,1,32,0,3,2,0,2,7,17,201100060537A01,37,7,1,200054781
201100060540,2011-07-18,2011,juillet,lundi,12:50,75,75112,0,0,2,5,3,1,8,4,-1,02,1,1,0,70,1,6,1,4,1,70,5,3,2,0,2,8,19,201100060540A01,7,1,1,200054781
201100060557,2011-07-28,2011,juillet,jeudi,09:35,75,75112,0,0,2,1,3,1,1,4,-1,01,1,1,30,60,1,6,5,4,2,32,0,3,2,0,2,1,1,201100060557B01,7,16,1,200054781
201100060568,2011-08-01,2011,août,lundi,15:40,75,75112,0,0,2,2,3,1,1,4,2,01,1,1,150,150,1,0,5,4,1,34,5,3,2,0,2,1,1,201100060568B01,7,16,1,200054781
201100060571,2011-08-04,2011,août,jeudi,17:15,75,75112,0,0,2,1,6,1,1,4,1,01,2,1,0,35,2,0,3,4,2,24,4,1,2,12,0,1,13,201100060571A01,,,,200054781
201100060578,2011-08-14,2011,août,dimanche,16:00,75,75104,0,0,2,1,6,1,1,4,1,04,2,1,0,0,1,0,5,4,1,33,5,3,2,10,0,1,13,201100060578A01,,,,200054781
201100060597,2011-09-03,2011,septembre,samedi,12:20,75,75112,0,0,2,2,6,1,1,4,1,01,1,1,0,150,1,0,1,4,1,96,5,3,2,0,2,1,1,201100060597A01,1,14,1,200054781
201100060601,2011-09-07,2011,septembre,mercredi,18:30,75,75112,0,0,2,4,1,1,1,4,2,02,2,-1,0,60,1,0,1,4,1,61,5,1,2,0,2,3,1,201100060601A01,1,10,1,200054781
201100060601,2011-09-07,2011,septembre,mercredi,18:30,75,75112,0,0,2,4,1,1,1,4,2,02,2,-1,0,60,1,0,1,4,1,6,5,3,2,0,2,7,10,201100060601B01,1,1,1,200054781
201100060621,2011-09-17,2011,septembre,samedi,14:00,75,75112,0,0,2,1,3,1,8,4,2,01,1,1,60,60,1,0,1,1,1,26,1,3,2,0,2,4,10,201100060621B01,30,1,1,200054781
201100060626,2011-09-19,2011,septembre,lundi,13:00,75,75112,0,0,2,1,3,1,1,4,2,02,2,1,0,110,1,0,1,4,2,51,5,3,2,1,0,1,1,201100060626B01,7,22,1,200054781
201100060627,2011-09-20,2011,septembre,mardi,19:20,75,75112,0,0,2,1,4,1,1,4,-1,01,1,1,0,80,1,0,0,4,1,66,5,1,2,0,2,1,2,201100060627C01,1,2,2,200054781
201100060627,2011-09-20,2011,septembre,mardi,19:20,75,75112,0,0,2,1,4,1,1,4,-1,01,1,1,0,80,1,0,0,4,1,46,5,1,2,0,2,1,2,201100060627B01,1,2,2,200054781
201100060627,2011-09-20,2011,septembre,mardi,19:20,75,75112,0,0,2,1,4,1,1,4,-1,01,1,1,0,80,1,0,0,4,1,42,5,1,2,0,2,6,2,201100060627A01,1,2,2,200054781
201100060628,2011-09-21,2011,septembre,mercredi,08:15,75,75112,0,0,2,1,3,1,1,4,2,02,1,1,0,130,1,0,1,4,2,39,4,3,2,0,2,7,1,201100060628B01,10,22,1,200054781
201100060635,2011-09-26,2011,septembre,lundi,17:30,75,75112,0,0,2,1,2,1,1,4,1,02,1,1,0,150,1,0,1,4,1,49,1,3,2,0,2,4,11,201100060635B01,7,1,1,200054781
201100060641,2011-09-30,2011,septembre,vendredi,16:30,75,75112,0,0,2,4,1,1,1,4,2,02,1,1,0,0,1,0,1,4,1,41,0,3,2,0,2,3,1,201100060641B01,7,15,1,200054781
201100060647,2011-10-01,2011,octobre,samedi,18:30,75,75112,0,0,2,3,3,2,1,4,2,02,1,1,0,60,1,0,1,4,2,46,5,1,2,0,2,1,1,201100060647B01,1,0,1,200054781
201100060647,2011-10-01,2011,octobre,samedi,18:30,75,75112,0,0,2,3,3,2,1,4,2,02,1,1,0,60,1,0,1,4,1,45,5,3,2,0,2,3,0,201100060647A01,1,1,1,200054781
201100060657,2011-10-07,2011,octobre,vendredi,07:20,75,75112,0,0,2,1,3,2,1,4,1,02,1,1,100,100,1,0,1,4,2,34,4,3,2,0,2,1,1,201100060657B01,7,16,1,200054781
201100060659,2011-10-07,2011,octobre,vendredi,14:50,75,75112,0,0,2,1,6,1,2,4,1,01,1,1,0,50,2,0,1,4,2,30,5,3,4,1,0,1,1,201100060659B01,7,22,1,200054781