Num_Acc,date,an,mois,jour,hrmn,dep,com,lat,long,agg,int,col,lum,atm,catr,circ,nbv,prof,plan,lartpc,larrout,surf,infra,situ,grav,sexe,age,trajet,secuexist,equipement,obs,obsm,choc,manv,vehiculeid,typevehicules,manoeuvehicules,numVehicules,_infos_commune.code_epci
201100060664,2011-10-11,2011,octobre,mardi,13:15,75,75112,0,0,2,7,7,1,1,4,1,01,1,2,0,60,1,0,1,4,1,15,2,3,2,0,0,2,1,201100060664A01,,,,200054781
201100060669,2011-10-15,2011,octobre,samedi,15:23,75,75112,0,0,2,7,2,1,1,4,1,01,1,3,0,8,1,0,5,4,1,31,5,1,2,0,9,4,14,201100060669A01,1,1,1,200054781
201100060669,2011-10-15,2011,octobre,samedi,15:23,75,75112,0,0,2,7,2,1,1,4,1,01,1,3,0,8,1,0,5,4,1,47,5,1,2,0,2,1,1,201100060669B01,1,14,1,200054781
201100060671,2011-10-17,2011,octobre,lundi,18:20,75,75112,0,0,2,4,3,1,1,4,2,02,1,1,0,80,1,0,1,4,1,31,1,1,2,0,2,1,1,201100060671B01,7,9,1,200054781
201100060689,2011-10-28,2011,octobre,vendredi,16:50,75,75112,0,0,2,3,6,1,1,4,1,02,1,1,0,60,1,0,5,4,1,43,1,2,2,0,1,5,1,201100060689A01,,,,200054781
201100060693,2011-10-31,2011,octobre,lundi,16:50,75,75112,0,0,2,2,3,1,1,4,1,01,1,1,0,0,1,0,1,4,2,59,5,1,2,0,2,1,1,201100060693B01,1,9,1,200054781
201100060693,2011-10-31,2011,octobre,lundi,16:50,75,75112,0,0,2,2,3,1,1,4,1,01,1,1,0,0,1,0,1,4,1,73,5,2,2,0,2,1,9,201100060693A01,1,1,1,200054781
201100060696,2011-11-03,2011,novembre,jeudi,09:05,75,75112,0,0,2,1,6,1,2,4,1,02,1,1,10,80,2,0,5,4,2,54,1,3,2,0,2,7,17,201100060696A01,1,15,1,200054781
201100060711,2011-11-18,2011,novembre,vendredi,08:45,75,75112,0,0,2,1,2,1,1,4,1,01,1,1,0,36,1,0,1,4,1,34,1,3,2,0,2,4,2,201100060711B01,7,2,1,200054781
201100060712,2011-11-18,2011,novembre,vendredi,14:30,75,75112,0,0,2,3,6,1,1,4,1,01,1,1,0,30,1,0,1,1,1,52,0,3,2,0,1,1,1,201100060712A01,,,,200054781
201100060716,2011-11-21,2011,novembre,lundi,09:45,75,75112,0,0,2,4,3,1,1,4,1,01,1,1,80,80,1,0,1,4,1,54,4,3,2,0,2,1,19,201100060716B01,7,1,1,200054781
201100060718,2011-11-22,2011,novembre,mardi,13:55,75,75112,0,0,2,1,1,1,1,4,2,02,1,1,0,0,1,0,5,1,1,51,5,3,2,0,2,1,13,201100060718A01,1,1,1,200054781
201100060718,2011-11-22,2011,novembre,mardi,13:55,75,75112,0,0,2,1,1,1,1,4,2,02,1,1,0,0,1,0,5,4,2,36,1,1,2,0,2,1,1,201100060718B01,1,13,1,200054781
201100060720,2011-11-23,2011,novembre,mercredi,10:00,75,75112,0,0,2,1,6,1,1,4,2,02,1,1,0,115,1,0,1,4,2,29,9,1,2,1,2,4,1,201100060720B01,10,17,1,200054781
201100060722,2011-11-25,2011,novembre,vendredi,19:25,75,75112,0,0,2,7,7,5,1,4,1,02,1,2,0,170,1,0,1,4,1,44,1,3,2,0,0,0,21,201100060722A01,,,,200054781
201100060732,2011-11-29,2011,novembre,mardi,23:15,75,75112,0,0,2,5,1,5,2,4,2,02,1,1,0,60,2,0,1,4,2,59,5,2,2,0,2,3,1,201100060732B01,7,15,1,200054781
201100060734,2011-12-01,2011,décembre,jeudi,10:13,75,75112,0,0,2,7,7,1,2,4,2,04,1,1,0,0,2,0,1,4,1,39,4,3,2,0,0,1,1,201100060734A01,,,,200054781
201100060737,2011-12-03,2011,décembre,samedi,18:10,75,75112,0,0,2,3,6,5,2,4,1,01,2,1,0,30,2,6,5,4,1,24,4,3,2,1,2,4,1,201100060737A01,,,,200054781
201100060751,2011-12-10,2011,décembre,samedi,21:25,75,75112,0,0,2,2,3,5,1,4,1,04,1,-1,0,150,1,0,1,4,1,22,5,3,2,0,2,7,1,201100060751B01,7,1,1,200054781
201100060790,2011-01-20,2011,janvier,jeudi,19:30,75,75113,0,0,2,1,6,5,1,4,-1,01,1,1,0,30,1,0,1,1,1,38,5,3,2,0,1,1,1,201100060790A01,,,,200054781
201100060795,2011-02-01,2011,février,mardi,08:25,75,75113,0,0,2,1,3,1,1,4,2,01,1,1,0,55,1,0,1,4,2,49,1,3,2,0,2,7,19,201100060795A01,33,1,1,200054781
201100060799,2011-02-02,2011,février,mercredi,12:05,75,75113,0,0,2,1,3,1,1,4,2,04,1,1,0,100,1,0,1,3,1,50,3,3,2,0,2,8,9,201100060799A01,7,1,1,200054781
201100060812,2011-02-14,2011,février,lundi,08:40,75,75113,0,0,2,1,3,1,1,4,2,04,1,1,0,100,1,0,1,4,1,45,1,3,2,0,2,8,1,201100060812B01,7,17,1,200054781
201100060841,2011-03-16,2011,mars,mercredi,11:25,75,75113,0,0,2,5,3,1,1,4,2,03,1,1,0,80,1,0,1,4,1,47,0,3,2,0,2,4,15,201100060841B01,7,1,1,200054781
201100060846,2011-03-20,2011,mars,dimanche,14:25,75,75113,0,0,2,2,3,1,1,4,2,02,1,1,10,100,1,6,1,1,1,65,5,3,2,0,2,0,19,201100060846B01,32,1,1,200054781
201100060849,2011-03-22,2011,mars,mardi,17:45,75,75113,0,0,2,1,6,1,1,4,2,02,2,1,0,80,1,0,1,1,1,38,1,3,2,0,1,1,1,201100060849A01,,,,200054781
201100060856,2011-03-31,2011,mars,jeudi,16:30,75,75113,0,0,2,1,3,1,1,4,2,03,1,1,0,75,1,0,1,4,2,45,4,3,2,0,1,7,0,201100060856B01,7,0,1,200054781
201100060858,2011-04-01,2011,avril,vendredi,16:10,75,75113,0,0,2,1,7,1,1,4,2,03,1,1,0,90,-1,0,1,4,1,29,9,3,2,0,0,0,1,201100060858A01,,,,200054781
201100060861,2011-04-05,2011,avril,mardi,12:50,75,75113,0,0,2,3,2,1,1,4,2,04,2,1,0,150,1,0,1,4,1,21,5,3,2,0,2,4,3,201100060861A01,7,23,1,200054781
201100060866,2011-04-06,2011,avril,mercredi,19:00,75,75113,0,0,2,5,3,1,1,4,2,02,2,1,0,0,1,0,1,4,1,52,0,3,2,0,2,1,1,201100060866A01,7,1,1,200054781
201100060868,2011-04-08,2011,avril,vendredi,14:20,75,75113,0,0,2,5,2,1,1,4,-1,02,1,1,0,0,1,0,1,4,2,69,5,3,2,0,2,3,2,201100060868B01,7,2,1,200054781
201100060869,2011-04-08,2011,avril,vendredi,19:00,75,75113,0,0,2,1,7,1,1,4,2,04,1,1,0,0,1,0,2,4,1,30,4,1,2,0,0,0,1,201100060869A01,,,,200054781
201100060875,2011-04-12,2011,avril,mardi,18:15,75,75113,0,0,2,1,3,1,1,4,3,02,2,1,0,60,1,0,1,4,2,27,0,3,2,0,2,0,13,201100060875A01,33,17,1,200054781
201100060886,2011-04-22,2011,avril,vendredi,16:15,75,75113,0,0,2,1,7,1,1,4,3,02,1,1,0,90,1,0,5,4,1,30,1,1,2,0,0,2,21,201100060886A01,,,,200054781
201100060902,2011-05-05,2011,mai,jeudi,17:50,75,75113,0,0,2,1,3,1,1,4,2,04,1,1,0,91,1,0,5,4,1,40,1,3,2,0,2,1,1,201100060902B01,7,22,1,200054781
201100060912,2011-05-10,2011,mai,mardi,18:10,75,75113,0,0,2,2,2,1,1,4,2,02,1,1,0,125,1,0,1,4,1,45,0,3,2,0,2,1,2,201100060912A01,7,2,1,200054781
201100060919,2011-05-17,2011,mai,mardi,08:55,75,75113,0,0,2,5,6,1,1,4,2,02,1,1,30,49,1,0,1,1,1,23,2,3,2,0,1,1,1,201100060919A01,,,,200054781
201100060920,2011-05-17,2011,mai,mardi,18:55,75,75113,0,0,2,1,6,1,1,4,2,02,2,1,0,120,1,0,1,1,1,44,1,1,2,0,1,1,1,201100060920A01,,,,200054781
201100060921,2011-05-17,2011,mai,mardi,19:30,75,75113,0,0,2,5,6,1,1,4,2,02,2,1,0,0,1,0,1,4,1,39,1,3,2,0,2,5,1,201100060921A01,7,9,1,200054781
201100060926,2011-05-22,2011,mai,dimanche,13:30,75,75113,0,0,2,1,3,1,1,4,1,01,2,1,0,60,1,1,4,4,1,40,5,3,2,0,2,2,1,201100060926A01,7,9,1,200054781
201100060935,2011-05-26,2011,mai,jeudi,18:45,75,75113,0,0,2,2,3,1,1,4,2,04,1,1,0,100,-1,0,1,4,2,34,1,3,2,0,2,1,1,201100060935B01,7,15,1,200054781
201100060939,2011-05-30,2011,mai,lundi,09:30,75,75113,0,0,2,5,7,1,1,4,1,02,2,1,0,80,1,0,1,3,1,37,1,3,2,0,0,0,1,201100060939A01,,,,200054781
201100060946,2011-06-09,2011,juin,jeudi,14:00,75,75113,0,0,2,2,3,1,1,4,1,02,1,1,0,70,1,0,1,1,1,21,2,3,2,0,2,7,1,201100060946A01,34,1,1,200054781
201100060957,2011-06-17,2011,juin,vendredi,12:55,75,75113,0,0,2,1,2,1,1,4,1,01,1,1,0,180,1,0,5,4,2,50,1,3,2,0,2,2,1,201100060957B01,7,22,1,200054781
201100060968,2011-06-30,2011,juin,jeudi,13:15,75,75113,0,0,2,5,3,1,1,4,1,02,-1,-1,0,0,-1,0,5,4,2,28,4,3,2,0,2,8,19,201100060968B01,7,1,1,200054781
201100060972,2011-07-04,2011,juillet,lundi,08:00,75,75113,0,0,2,3,3,1,1,4,1,01,4,1,0,59,1,0,1,4,1,35,1,1,2,0,2,1,1,201100060972A01,7,16,1,200054781
201100060987,2011-07-25,2011,juillet,lundi,18:00,75,75113,0,0,2,2,7,1,1,4,2,04,2,1,0,100,1,0,1,4,1,43,0,1,2,0,0,0,1,201100060987A01,,,,200054781
201100061014,2011-09-09,2011,septembre,vendredi,07:25,75,75113,0,0,2,2,3,1,1,4,2,02,2,1,0,0,1,0,1,4,2,47,1,3,2,0,2,4,1,201100061014B01,13,22,1,200054781
201100061019,2011-09-14,2011,septembre,mercredi,08:55,75,75113,0,0,2,1,3,1,1,4,2,04,4,1,0,0,1,0,1,4,2,31,4,3,2,0,2,1,15,201100061019A01,32,1,1,200054781
201100061031,2011-09-28,2011,septembre,mercredi,08:10,75,75113,0,0,2,2,3,1,1,4,2,04,2,1,0,0,1,0,1,4,1,56,4,3,2,0,2,1,7,201100061031B01,7,15,1,200054781
201100061067,2011-10-27,2011,octobre,jeudi,17:30,75,75113,0,0,2,1,6,1,1,4,3,02,1,1,0,96,1,2,5,1,1,45,9,3,2,0,1,1,1,201100061067A01,,,,200054781
201100061069,2011-10-29,2011,octobre,samedi,12:30,75,75113,0,0,2,2,3,1,1,4,2,02,1,1,0,90,1,0,1,4,1,66,0,1,2,0,2,3,7,201100061069B01,7,16,1,200054781
201100061095,2011-11-21,2011,novembre,lundi,09:40,75,75113,0,0,2,2,3,1,1,4,3,03,4,1,20,55,1,0,1,4,1,26,1,3,2,0,2,2,1,201100061095B01,7,22,1,200054781
201100061099,2011-11-25,2011,novembre,vendredi,19:30,75,75113,0,0,2,2,2,5,1,4,2,01,2,-1,0,56,1,0,1,4,1,29,4,1,2,0,2,2,1,201100061099B01,7,9,1,200054781
201100061100,2011-11-27,2011,novembre,dimanche,12:45,75,75113,0,0,2,3,1,1,1,4,2,00,1,1,0,160,1,0,1,4,1,62,5,1,2,0,2,2,1,201100061100B01,7,15,1,200054781
201100061115,2011-12-11,2011,décembre,dimanche,20:05,75,75113,0,0,2,1,3,5,2,4,1,01,1,1,0,50,2,0,1,4,2,31,9,1,2,0,2,8,18,201100061115B01,7,22,1,200054781
201100061136,2011-01-01,2011,janvier,samedi,03:50,75,75114,0,0,2,1,6,5,1,4,2,02,1,1,0,0,1,0,1,4,1,20,5,3,2,1,0,3,14,201100061136A01,,,,200054781
201100061168,2011-02-10,2011,février,jeudi,13:45,75,75114,0,0,2,1,3,1,1,4,1,02,1,1,0,55,1,0,5,4,2,55,1,3,2,0,2,2,1,201100061168B01,7,22,1,200054781
201100061187,2011-03-07,2011,mars,lundi,11:05,75,75114,0,0,2,5,3,1,1,4,1,04,1,1,0,120,1,5,1,4,1,80,5,3,2,0,2,6,7,201100061187B01,7,16,1,200054781
201100061188,2011-03-08,2011,mars,mardi,08:45,75,75114,0,0,2,1,3,1,1,4,-1,04,-1,-1,0,85,1,0,1,4,2,50,1,3,2,0,2,7,7,201100061188B01,2,18,1,200054781
201100061189,2011-03-09,2011,mars,mercredi,08:45,75,75114,0,0,2,3,3,1,1,4,2,05,1,1,1,150,1,0,1,4,1,21,2,3,2,0,2,1,1,201100061189B01,7,16,1,200054781
201100061191,2011-03-16,2011,mars,mercredi,19:30,75,75114,0,0,2,2,7,5,1,4,2,06,1,1,0,0,1,0,1,4,2,49,0,3,2,0,0,0,21,201100061191A01,,,,200054781
201100061201,2011-03-26,2011,mars,samedi,20:25,75,75114,0,0,2,4,3,5,2,4,2,02,1,-1,0,200,2,0,1,4,2,23,1,3,2,0,2,3,1,201100061201B01,7,16,1,200054781
201100061205,2011-03-29,2011,mars,mardi,18:30,75,75114,0,0,2,2,3,2,2,4,-1,02,-1,-1,0,0,2,0,1,3,1,58,1,3,2,0,2,0,7,201100061205B01,7,16,1,200054781
201100061229,2011-04-18,2011,avril,lundi,06:35,75,75114,0,0,2,1,3,2,1,4,-1,01,1,1,30,50,1,0,4,4,1,39,1,3,2,0,2,8,1,201100061229B01,7,9,1,200054781
201100061234,2011-04-23,2011,avril,samedi,13:10,75,75114,0,0,2,1,3,1,1,4,1,01,1,1,20,50,1,0,1,4,1,33,3,3,2,0,2,7,1,201100061234B01,7,22,1,200054781
201100061235,2011-04-27,2011,avril,mercredi,11:50,75,75114,0,0,2,1,3,1,1,4,1,00,1,1,0,0,1,0,5,4,2,52,5,3,2,0,2,8,1,201100061235B01,7,9,1,200054781
201100061237,2011-04-28,2011,avril,jeudi,08:50,75,75114,0,0,2,1,3,1,1,4,2,02,2,1,0,90,1,0,1,4,2,25,1,3,2,0,2,1,1,201100061237B01,7,22,1,200054781
201100061254,2011-05-10,2011,mai,mardi,19:00,75,75114,0,0,2,1,3,1,1,4,3,06,1,1,5,80,1,0,1,4,1,16,5,3,2,0,2,7,1,201100061254B01,7,10,1,200054781
201100061256,2011-05-12,2011,mai,jeudi,18:15,75,75114,0,0,2,3,6,1,1,4,1,01,1,1,0,72,1,0,1,1,1,22,2,3,2,0,1,1,1,201100061256A01,,,,200054781
201100061258,2011-05-14,2011,mai,samedi,19:40,75,75114,0,0,2,1,3,1,1,4,2,04,1,1,0,80,1,0,5,4,1,35,5,3,2,0,2,0,11,201100061258B01,32,13,1,200054781
201100061260,2011-05-18,2011,mai,mercredi,19:26,75,75114,0,0,2,7,3,1,1,4,-1,02,1,1,0,50,1,0,1,4,2,52,1,3,2,0,2,8,1,201100061260B01,30,15,1,200054781
201100061261,2011-05-19,2011,mai,jeudi,20:00,75,75114,0,0,2,1,6,1,1,4,1,01,1,1,0,70,1,0,5,1,1,2,5,3,2,0,1,1,1,201100061261A01,,,,200054781
201100061262,2011-05-21,2011,mai,samedi,18:40,75,75114,0,0,2,3,3,1,1,4,1,01,1,1,0,66,1,0,1,4,1,10,5,3,2,1,0,8,19,201100061262B01,7,1,1,200054781
201100061266,2011-05-23,2011,mai,lundi,17:20,75,75114,0,0,2,5,3,1,1,4,2,02,1,1,0,55,1,0,1,4,1,34,1,3,2,0,2,1,1,201100061266B01,7,15,1,200054781
201100061272,2011-05-29,2011,mai,dimanche,15:55,75,75114,0,0,2,7,6,1,1,4,1,01,1,1,0,0,1,0,1,4,1,11,5,3,2,0,2,1,1,201100061272C01,7,1 / 23,2,200054781
201100061272,2011-05-29,2011,mai,dimanche,15:55,75,75114,0,0,2,7,6,1,1,4,1,01,1,1,0,0,1,0,1,4,2,31,5,3,2,0,2,0,1,201100061272D01,7,1 / 23,2,200054781
201100061282,2011-06-15,2011,juin,mercredi,09:50,75,75114,0,0,2,1,2,1,1,4,2,01,2,1,100,50,1,0,1,4,2,52,0,3,2,0,0,4,1,201100061282A01,32,23,1,200054781
201100061285,2011-06-16,2011,juin,jeudi,20:02,75,75114,0,0,2,2,2,1,1,4,1,01,1,1,0,140,1,0,1,4,2,41,9,1,2,0,2,1,1,201100061285A01,7,23,1,200054781
201100061308,2011-07-13,2011,juillet,mercredi,19:35,75,75114,0,0,2,1,3,1,1,4,1,02,3,1,0,0,1,0,1,4,1,26,1,3,2,0,2,3,1,201100061308B01,7,22,1,200054781
201100061310,2011-07-17,2011,juillet,dimanche,20:00,75,75114,0,0,2,2,6,2,1,4,2,02,1,1,0,56,1,5,5,4,1,21,5,3,2,0,2,8,19,201100061310A01,7,1,1,200054781
201100061322,2011-08-03,2011,août,mercredi,03:45,75,75114,0,0,2,3,7,5,2,4,1,01,1,1,20,20,2,0,5,4,1,51,0,3,2,0,0,0,1,201100061322A01,,,,200054781
201100061323,2011-08-04,2011,août,jeudi,08:45,75,75114,0,0,2,5,6,1,1,4,2,00,1,1,0,60,1,0,5,4,2,45,1,1,2,0,2,8,1,201100061323B01,7,22,1,200054781
201100061328,2011-08-20,2011,août,samedi,18:20,75,75114,0,0,2,5,6,1,1,4,1,00,-1,-1,0,0,-1,0,1,4,1,26,5,3,2,12,2,1,12,201100061328B01,34,18,1,200054781
201100061336,2011-09-06,2011,septembre,mardi,13:35,75,75114,0,0,2,3,3,1,1,4,2,01,1,1,0,100,1,0,1,4,2,59,1,3,2,0,2,3,13,201100061336B01,7,17,1,200054781
201100061340,2011-09-14,2011,septembre,mercredi,17:05,75,75114,0,0,2,2,1,1,1,4,2,02,2,1,0,50,1,0,1,4,1,21,9,3,2,0,2,1,16,201100061340B01,7,15,1,200054781
201100061354,2011-09-29,2011,septembre,jeudi,18:20,75,75114,0,0,2,7,3,1,1,4,1,02,1,2,0,0,1,0,1,4,1,27,5,3,2,0,2,7,1,201100061354A01,7,1,1,200054781
201100061357,2011-10-03,2011,octobre,lundi,17:25,75,75114,0,0,2,2,3,1,1,4,1,01,1,1,75,75,1,0,0,4,2,22,0,3,2,0,0,7,19,201100061357B01,7,15,1,200054781
201100061359,2011-10-11,2011,octobre,mardi,19:50,75,75114,0,0,2,1,6,5,1,4,1,01,1,1,0,30,1,0,1,4,1,31,1,3,2,0,2,1,1,201100061359A01,7,22,1,200054781
201100061365,2011-10-17,2011,octobre,lundi,14:18,75,75114,0,0,2,7,3,1,1,4,1,02,1,-1,0,0,1,0,5,4,2,60,0,3,2,0,2,1,1,201100061365B01,7,16,1,200054781
201100061375,2011-10-31,2011,octobre,lundi,08:10,75,75114,0,0,2,3,3,1,1,4,2,02,-1,1,0,80,1,0,1,4,2,27,1,3,2,0,2,1,15,201100061375B01,7,16,1,200054781
201100061406,2011-11-30,2011,novembre,mercredi,17:15,75,75114,0,0,2,3,3,5,1,4,2,02,1,1,0,100,2,0,1,4,2,19,2,3,2,0,0,1,1,201100061406B01,7,15,1,200054781
201100061444,2011-01-14,2011,janvier,vendredi,16:24,75,75115,0,0,2,1,6,1,1,4,2,02,-1,-1,0,60,1,0,1,4,1,13,1,3,2,0,2,2,1,201100061444A01,7,22,1,200054781
201100061453,2011-01-29,2011,janvier,samedi,09:40,75,75115,0,0,2,2,6,1,1,4,2,02,1,1,0,60,1,0,4,1,1,26,5,3,2,0,1,1,16,201100061453A01,,,,200054781
201100061462,2011-02-08,2011,février,mardi,13:05,75,75115,0,0,2,2,6,1,1,4,2,03,1,1,0,0,1,0,1,1,1,52,1,3,2,0,1,1,1,201100061462A01,,,,200054781
201100061467,2011-02-11,2011,février,vendredi,08:40,75,75115,0,0,2,1,6,1,1,4,-1,01,1,1,0,40,1,6,0,1,1,43,5,3,2,0,1,1,1,201100061467A01,,,,200054781
201100061467,2011-02-11,2011,février,vendredi,08:40,75,75115,0,0,2,1,6,1,1,4,-1,01,1,1,0,40,1,6,0,4,1,65,1,3,8,0,1,1,1,201100061467A01,,,,200054781
201100061474,2011-02-23,2011,février,mercredi,18:10,75,75115,0,0,2,5,3,5,2,4,1,02,1,1,0,80,2,5,1,4,2,29,0,3,2,0,2,7,17,201100061474A01,7,1,1,200054781
201100061480,2011-02-24,2011,février,jeudi,20:15,75,75115,0,0,2,2,3,5,1,4,2,02,1,1,0,0,1,0,1,4,2,41,1,3,2,0,2,1,15,201100061480B01,7,17,1,200054781
201100061481,2011-02-27,2011,février,dimanche,12:10,75,75115,0,0,2,1,6,1,1,4,2,00,2,1,0,60,1,0,1,4,2,24,5,3,2,0,2,0,1,201100061481A01,7,22,1,200054781
201100061484,2011-02-24,2011,février,jeudi,01:00,75,75115,0,0,2,2,3,5,2,4,2,02,1,1,40,40,2,5,1,4,1,34,5,3,2,0,2,0,19,201100061484A01,7,15,1,200054781
201100061493,2011-03-04,2011,mars,vendredi,19:15,75,75115,0,0,2,1,3,5,1,4,2,02,1,1,0,250,1,0,1,4,2,37,1,1,2,0,2,3,1,201100061493B01,7,12,1,200054781
201100061503,2011-03-08,2011,mars,mardi,18:30,75,75115,0,0,2,2,4,5,1,4,2,02,1,1,0,120,1,0,1,4,1,25,4,1,2,0,2,1,1,201100061503C01,32 / 30,16 / 1,2,200054781
201100061504,2011-03-08,2011,mars,mardi,20:20,75,75115,0,0,2,2,3,5,1,4,1,01,1,-1,0,30,1,0,1,4,1,41,9,3,2,0,2,1,1,201100061504A01,7,1,1,200054781
201100061536,2011-04-01,2011,avril,vendredi,18:15,75,75115,0,0,2,5,6,1,1,4,2,02,1,3,0,70,1,0,1,4,1,20,1,1,2,0,1,1,16,201100061536A01,,,,200054781
201100061548,2011-04-08,2011,avril,vendredi,09:40,75,75115,0,0,2,5,7,1,1,4,2,03,1,1,0,205,1,5,1,4,1,54,1,3,2,0,0,0,21,201100061548A01,,,,200054781
201100061549,2011-04-09,2011,avril,samedi,17:05,75,75115,0,0,2,1,3,1,1,4,1,02,1,1,0,90,1,0,1,4,1,42,5,3,2,1,0,0,1,201100061549B01,7,22,1,200054781
201100061553,2011-04-22,2011,avril,vendredi,10:30,75,75115,0,0,2,1,3,1,1,4,2,03,1,1,20,84,1,0,1,4,1,25,5,3,2,0,2,7,14,201100061553A01,37,7,1,200054781
201100061555,2011-04-26,2011,avril,mardi,16:00,75,75115,0,0,2,3,3,1,1,4,2,03,1,1,0,87,1,0,1,4,1,13,5,3,2,0,2,8,19,201100061555B01,10,15,1,200054781
201100061565,2011-05-02,2011,mai,lundi,12:35,75,75115,0,0,2,1,2,1,1,4,2,02,2,1,0,99,1,0,1,4,1,21,2,3,2,0,2,1,1,201100061565A01,7,20,1,200054781
201100061593,2011-05-31,2011,mai,mardi,20:15,75,75115,0,0,2,3,2,1,1,4,1,02,1,1,0,100,1,0,1,4,1,64,5,3,2,0,0,4,15,201100061593B01,2,1,1,200054781
201100061597,2011-05-20,2011,mai,vendredi,23:21,75,75115,0,0,2,2,3,5,1,4,2,02,1,1,0,0,1,0,1,4,2,27,5,3,2,0,2,1,1,201100061597A01,7,1,1,200054781
201100061600,2011-06-04,2011,juin,samedi,10:40,75,75115,0,0,2,7,6,1,1,4,2,04,1,1,0,139,1,0,1,4,1,46,5,1,2,0,2,1,1,201100061600A01,,,,200054781
201100061603,2011-06-09,2011,juin,jeudi,20:30,75,75115,0,0,2,1,3,1,1,4,2,02,1,1,0,97,-1,0,1,4,2,31,5,3,2,0,2,1,1,201100061603B01,7,22,1,200054781
201100061613,2011-06-20,2011,juin,lundi,13:40,75,75115,0,0,2,5,3,1,1,4,1,01,1,1,0,80,1,0,1,4,2,20,3,2,2,0,2,1,1,201100061613A01,33,1,1,200054781
201100061623,2011-06-30,2011,juin,jeudi,10:00,75,75115,0,0,2,2,7,1,1,4,1,03,1,1,0,0,1,0,0,4,2,42,5,3,2,0,2,1,21,201100061623A01,,,,200054781
201100061633,2011-07-07,2011,juillet,jeudi,17:05,75,75115,0,0,2,1,3,1,1,4,-1,01,1,1,0,0,1,0,5,4,2,39,9,3,2,0,2,1,2,201100061633B01,7,22,1,200054781
201100061636,2011-07-10,2011,juillet,dimanche,10:15,75,75115,0,0,2,1,2,1,1,4,1,02,1,1,0,0,1,0,1,4,1,51,5,3,2,0,2,1,1,201100061636A01,7,17,1,200054781
201100061647,2011-07-19,2011,juillet,mardi,18:10,75,75115,0,0,2,1,6,1,1,4,1,01,2,1,0,57,1,0,5,3,1,23,1,3,2,8,0,0,21,201100061647A01,,,,200054781
201100061651,2011-07-28,2011,juillet,jeudi,17:35,75,75115,0,0,2,3,3,1,1,4,2,02,1,1,0,0,2,0,1,4,2,76,0,3,2,0,2,2,1,201100061651B01,7,22,1,200054781
201100061653,2011-07-31,2011,juillet,dimanche,09:15,75,75115,0,0,2,2,6,1,1,4,1,02,1,1,0,100,1,0,1,1,1,56,5,3,2,0,1,1,1,201100061653A01,,,,200054781
201100061664,2011-08-10,2011,août,mercredi,11:15,75,75115,0,0,2,1,3,1,1,4,1,02,1,1,60,30,1,0,5,4,1,22,4,3,2,0,2,1,1,201100061664A01,10,16,1,200054781
201100061670,2011-08-24,2011,août,mercredi,07:10,75,75115,0,0,2,2,3,1,1,4,2,01,1,1,0,25,1,0,5,4,1,26,0,3,2,0,2,7,1,201100061670A01,7,1,1,200054781
201100061673,2011-08-25,2011,août,jeudi,23:25,75,75115,0,0,2,5,2,5,1,4,2,02,1,1,0,0,1,0,1,4,2,27,0,3,2,0,2,0,23,201100061673B01,7,2,1,200054781
201100061675,2011-08-31,2011,août,mercredi,10:30,75,75115,0,0,2,1,3,1,1,4,1,02,1,1,18,40,1,0,1,4,1,80,5,3,2,0,2,0,1,201100061675B01,7,14,1,200054781
201100061677,2011-09-02,2011,septembre,vendredi,19:05,75,75115,0,0,2,1,3,1,1,4,1,01,1,1,0,60,1,0,1,4,2,38,1,3,2,0,2,3,13,201100061677A01,7,1,1,200054781
201100061682,2011-09-09,2011,septembre,vendredi,20:45,75,75115,0,0,2,5,3,5,1,4,-1,01,-1,-1,20,40,1,0,1,3,1,17,0,3,2,0,2,7,1,201100061682B01,7,15,1,200054781
201100061683,2011-09-10,2011,septembre,samedi,19:10,75,75115,0,0,2,1,7,2,1,4,1,00,1,-1,60,60,-1,0,4,4,1,21,0,2,2,0,0,1,1,201100061683A01,,,,200054781
201100061689,2011-09-15,2011,septembre,jeudi,17:25,75,75115,0,0,2,3,6,1,1,4,1,02,1,-1,0,0,-1,0,5,4,1,55,5,3,2,14,0,2,12,201100061689A01,,,,200054781
201100061699,2011-09-23,2011,septembre,vendredi,12:00,75,75115,0,0,2,1,3,1,1,4,1,01,1,1,0,73,1,0,1,4,1,47,5,3,2,0,2,4,13,201100061699B01,37,17,1,200054781
201100061704,2011-09-28,2011,septembre,mercredi,12:50,75,75115,0,0,2,1,3,1,1,4,2,04,1,1,0,150,1,0,1,4,2,46,5,2,2,0,2,0,1,201100061704B01,10,14,1,200054781
201100061711,2011-10-03,2011,octobre,lundi,08:45,75,75115,0,0,2,1,2,1,1,4,2,00,1,1,0,0,1,0,5,4,1,31,1,2,2,0,2,7,20,201100061711A01,1,18,1,200054781
201100061711,2011-10-03,2011,octobre,lundi,08:45,75,75115,0,0,2,1,2,1,1,4,2,00,1,1,0,0,1,0,5,4,2,40,1,2,2,0,2,8,18,201100061711B01,1,20,1,200054781
201100061737,2011-10-17,2011,octobre,lundi,21:40,75,75114,0,0,2,5,3,5,1,4,2,02,1,-1,120,59,1,5,1,4,2,24,5,3,2,0,2,1,1,201100061737B01,7,15,1,200054781
201100061738,2011-10-18,2011,octobre,mardi,15:34,75,75115,0,0,2,1,3,1,2,4,3,02,2,1,10,100,2,0,1,4,2,25,5,3,2,0,2,1,1,201100061738B01,7,22,1,200054781
201100061748,2011-10-28,2011,octobre,vendredi,08:55,75,75115,0,0,2,5,7,1,1,4,2,02,1,1,0,101,1,0,1,4,1,18,2,1,2,0,1,2,21,201100061748A01,,,,200054781