Num_Acc,date,an,mois,jour,hrmn,dep,com,lat,long,agg,int,col,lum,atm,catr,circ,nbv,prof,plan,lartpc,larrout,surf,infra,situ,grav,sexe,age,trajet,secuexist,equipement,obs,obsm,choc,manv,vehiculeid,typevehicules,manoeuvehicules,numVehicules,_infos_commune.code_epci
201100061749,2011-10-28,2011,octobre,vendredi,19:45,75,75115,0,0,2,7,2,5,1,4,2,01,1,1,0,70,1,0,1,4,1,52,0,1,4,0,2,4,1,201100061749B01,2,1,1,200054781
201100061756,2011-11-04,2011,novembre,vendredi,10:40,75,75115,0,0,2,3,6,1,1,4,1,01,1,1,0,20,1,0,1,4,2,26,5,3,2,0,2,1,1,201100061756B01,10,4,1,200054781
201100061760,2011-11-08,2011,novembre,mardi,08:00,75,75115,0,0,2,1,7,1,2,4,4,03,2,1,0,60,2,0,1,4,2,45,1,3,2,0,0,0,1,201100061760A01,,,,200054781
201100061767,2011-11-17,2011,novembre,jeudi,20:10,75,75115,0,0,2,1,3,5,1,4,2,02,1,1,0,100,1,0,1,4,2,31,5,3,2,0,2,1,1,201100061767B01,7,22,1,200054781
201100061786,2011-12-01,2011,décembre,jeudi,19:05,75,75115,0,0,2,1,6,5,1,4,2,03,1,1,0,0,1,0,1,1,1,26,5,3,2,0,1,1,1,201100061786A01,,,,200054781
201100061791,2011-12-06,2011,décembre,mardi,13:15,75,75115,0,0,2,1,6,1,1,4,1,02,1,1,0,70,1,6,4,4,1,22,5,3,2,15,0,1,1,201100061791A01,,,,200054781
201100061793,2011-12-07,2011,décembre,mercredi,19:50,75,75115,0,0,2,1,7,5,2,4,1,01,1,1,0,16,2,0,5,4,2,29,1,1,2,14,0,1,17,201100061793A01,,,,200054781
201100061798,2011-12-10,2011,décembre,samedi,11:20,75,75115,0,0,2,1,3,1,1,4,1,01,2,1,0,50,1,0,1,4,2,51,0,3,2,0,2,1,1,201100061798A01,7,22,1,200054781
201100061814,2011-12-24,2011,décembre,samedi,12:00,75,75115,0,0,2,3,2,1,1,4,2,02,1,1,0,60,1,0,1,4,2,69,5,3,2,0,0,1,1,201100061814B01,7,22,1,200054781
201100061827,2011-01-08,2011,janvier,samedi,14:00,75,75116,0,0,2,1,3,1,1,4,4,00,1,1,0,0,1,0,1,4,2,14,0,3,2,0,2,5,1,201100061827B01,7,13,1,200054781
201100061846,2011-01-16,2011,janvier,dimanche,12:00,75,75116,0,0,2,1,7,1,1,4,1,01,2,3,0,30,9,0,5,4,1,35,5,3,2,0,0,1,1,201100061846A01,,,,200054781
201100061851,2011-01-19,2011,janvier,mercredi,13:50,75,75116,0,0,2,5,3,1,1,4,1,04,1,1,0,0,1,0,1,4,1,48,0,3,2,0,2,0,14,201100061851B01,10,1,1,200054781
201100061896,2011-03-01,2011,mars,mardi,10:55,75,75116,0,0,2,1,7,1,1,4,2,00,1,1,0,0,1,0,5,3,1,65,5,1,2,0,0,1,1,201100061896A01,,,,200054781
201100061915,2011-03-16,2011,mars,mercredi,10:00,75,75116,0,0,2,2,3,1,1,4,1,01,1,1,0,80,1,0,1,4,1,43,0,1,2,0,2,8,18,201100061915A01,10,16,1,200054781
201100061919,2011-03-16,2011,mars,mercredi,16:55,75,75116,0,0,2,1,7,1,1,4,1,01,2,-1,0,0,1,0,4,4,1,18,5,3,2,0,0,9,1,201100061919A01,,,,200054781
201100061928,2011-03-20,2011,mars,dimanche,10:50,75,75116,0,0,2,1,2,1,1,4,-1,02,1,1,0,0,1,0,5,4,1,62,0,3,2,0,0,8,1,201100061928A01,1,1,1,200054781
201100061928,2011-03-20,2011,mars,dimanche,10:50,75,75116,0,0,2,1,2,1,1,4,-1,02,1,1,0,0,1,0,5,4,1,62,0,3,2,0,0,0,1,201100061928B01,1,1,1,200054781
201100061932,2011-03-23,2011,mars,mercredi,15:00,75,75116,0,0,2,1,3,1,1,4,2,01,1,1,0,0,1,0,1,4,1,21,0,3,2,1,0,1,1,201100061932B01,7,22,1,200054781
201100061935,2011-03-24,2011,mars,jeudi,09:10,75,75116,0,0,2,1,3,1,1,4,2,02,1,-1,0,0,1,0,1,4,1,40,1,3,2,0,2,8,19,201100061935A01,33,1,1,200054781
201100061958,2011-04-05,2011,avril,mardi,18:00,75,75116,0,0,2,1,1,1,1,4,1,01,3,3,0,0,1,0,1,4,1,40,5,1,2,0,2,1,5,201100061958A01,34,17,1,200054781
201100061973,2011-04-11,2011,avril,lundi,17:40,75,75116,0,0,2,3,7,1,1,4,-1,01,1,1,0,0,1,0,1,3,1,50,1,3,2,0,0,1,1,201100061973A01,,,,200054781
201100061974,2011-04-11,2011,avril,lundi,18:35,75,75116,0,0,2,1,7,1,1,4,2,02,1,1,0,0,1,0,0,4,1,35,5,3,2,0,0,1,1,201100061974A01,,,,200054781
201100061975,2011-04-12,2011,avril,mardi,19:30,75,75116,0,0,2,1,2,2,1,4,2,00,1,1,0,0,1,0,1,4,1,44,5,1,2,0,2,4,2,201100061975B01,10,2,1,200054781
201100061986,2011-04-25,2011,avril,lundi,11:45,75,75116,0,0,2,1,2,1,1,4,2,02,1,3,0,0,1,0,1,4,1,45,5,3,2,0,2,1,2,201100061986A01,1,2,1,200054781
201100061986,2011-04-25,2011,avril,lundi,11:45,75,75116,0,0,2,1,2,1,1,4,2,02,1,3,0,0,1,0,1,1,1,83,5,3,2,0,2,4,2,201100061986B01,1,2,1,200054781
201100061988,2011-04-26,2011,avril,mardi,09:15,75,75116,0,0,2,1,3,1,1,4,1,02,1,2,0,0,1,0,5,4,1,48,1,3,2,0,2,1,17,201100061988B01,7,22,1,200054781
201100061998,2011-04-30,2011,avril,samedi,17:40,75,75116,0,0,2,1,7,1,1,4,-1,01,1,1,0,0,1,6,0,4,2,11,5,3,2,0,0,2,1,201100061998A01,,,,200054781
201100062001,2011-05-03,2011,mai,mardi,08:15,75,75116,0,0,2,4,3,1,1,4,1,01,2,1,0,40,1,0,1,4,1,19,2,3,2,0,2,2,1,201100062001B01,10,15,1,200054781
201100062011,2011-05-08,2011,mai,dimanche,19:30,75,75116,0,0,2,1,3,1,1,4,1,01,2,1,0,80,1,0,1,4,1,44,5,3,2,0,2,1,7,201100062011B01,1,14,1,200054781
201100062011,2011-05-08,2011,mai,dimanche,19:30,75,75116,0,0,2,1,3,1,1,4,1,01,2,1,0,80,1,0,1,4,2,11,5,3,2,0,2,7,14,201100062011A01,1,7,1,200054781
201100062028,2011-05-17,2011,mai,mardi,17:30,75,75116,0,0,2,1,3,1,1,4,-1,02,2,-1,0,0,1,0,0,4,2,30,2,3,2,0,2,1,1,201100062028B01,7,10,1,200054781
201100062043,2011-05-25,2011,mai,mercredi,19:20,75,75116,0,0,2,1,6,1,1,4,1,01,1,1,0,30,1,0,4,1,1,14,5,3,2,0,1,8,1,201100062043A01,,,,200054781
201100062058,2011-06-01,2011,juin,mercredi,20:20,75,75116,0,0,2,5,3,1,1,4,2,02,2,1,0,50,1,0,1,4,1,47,1,3,2,0,2,7,1,201100062058B01,7,22,1,200054781
201100062072,2011-06-13,2011,juin,lundi,15:20,75,75116,0,0,2,5,6,1,1,4,2,01,1,2,50,100,1,0,1,4,1,48,0,3,2,0,2,4,1,201100062072A01,7,15,1,200054781
201100062086,2011-06-17,2011,juin,vendredi,13:05,75,75116,0,0,2,1,6,1,2,4,1,01,-1,1,0,60,1,0,1,4,1,34,5,3,2,1,2,1,0,201100062086A01,,,,200054781
201100062097,2011-06-23,2011,juin,jeudi,15:50,75,75116,0,0,2,5,6,1,1,4,-1,01,1,-1,0,0,1,0,1,4,1,65,5,3,2,0,2,8,1,201100062097A01,7,7,1,200054781
201100062104,2011-06-27,2011,juin,lundi,13:45,75,75116,0,0,2,7,3,1,1,4,1,02,1,-1,0,0,1,0,1,4,1,60,0,3,2,0,2,7,1,201100062104B01,10,13,1,200054781
201100062107,2011-06-27,2011,juin,lundi,19:15,75,75116,0,0,2,3,5,1,1,4,2,02,1,3,0,100,1,0,1,1,1,66,5,3,2,0,0,3,15,201100062107A01,33 / 7,17 / 23,2,200054781
201100062111,2011-06-29,2011,juin,mercredi,11:55,75,75116,0,0,2,1,2,1,1,4,2,02,1,1,0,0,1,0,5,4,1,40,5,1,2,0,2,6,13,201100062111B01,1,1,1,200054781
201100062111,2011-06-29,2011,juin,mercredi,11:55,75,75116,0,0,2,1,2,1,1,4,2,02,1,1,0,0,1,0,5,4,1,47,5,1,2,0,2,2,1,201100062111A01,1,13,1,200054781
201100062122,2011-07-04,2011,juillet,lundi,21:30,75,75116,0,0,2,5,3,2,1,4,2,02,2,-1,0,0,1,0,1,4,1,39,5,1,2,0,2,1,1,201100062122B01,7,4,1,200054781
201100062130,2011-07-13,2011,juillet,mercredi,15:55,75,75116,0,0,2,1,3,1,1,4,2,00,3,1,0,0,1,0,1,4,2,48,5,3,2,0,2,8,13,201100062130A01,38,17,1,200054781
201100062138,2011-07-22,2011,juillet,vendredi,10:10,75,75116,0,0,2,1,7,1,8,4,-1,00,1,1,0,0,2,0,5,4,2,64,5,1,2,0,0,0,1,201100062138A01,,,,200054781
201100062160,2011-08-17,2011,août,mercredi,20:10,75,75116,0,0,2,4,6,2,1,4,2,04,1,1,0,40,1,6,1,4,1,50,5,3,2,0,2,6,2,201100062160A01,7,2,1,200054781
201100062162,2011-08-19,2011,août,vendredi,12:35,75,75116,0,0,2,5,6,1,1,4,2,02,1,1,0,0,1,0,1,1,1,50,5,1,2,0,1,1,1,201100062162A01,,,,200054781
201100062177,2011-09-02,2011,septembre,vendredi,21:15,75,75116,0,0,2,1,3,5,1,4,2,00,1,1,0,0,1,0,1,4,1,43,5,3,2,0,2,3,1,201100062177B01,7,14,1,200054781
201100062193,2011-09-14,2011,septembre,mercredi,10:20,75,75116,0,0,2,7,3,1,1,4,1,00,1,1,0,90,-1,0,1,4,2,45,1,3,2,0,2,6,15,201100062193B01,7,17,1,200054781
201100062197,2011-09-15,2011,septembre,jeudi,23:30,75,75116,0,0,2,1,2,5,1,4,2,04,1,1,0,0,1,1,1,4,1,82,0,3,2,0,2,4,11,201100062197B01,7,12,1,200054781
201100062203,2011-09-19,2011,septembre,lundi,20:25,75,75116,0,0,2,5,3,5,1,4,3,02,2,-1,0,150,1,0,1,4,2,48,5,3,2,0,2,8,18,201100062203B01,7,1,1,200054781
201100062226,2011-10-03,2011,octobre,lundi,08:45,75,75115,0,0,2,1,7,1,1,4,2,00,2,1,0,0,1,2,1,4,1,59,1,1,2,0,0,0,1,201100062226A01,,,,200054781
201100062230,2011-10-05,2011,octobre,mercredi,15:25,75,75116,0,0,2,1,3,1,1,4,1,05,1,2,0,200,1,0,1,4,1,39,5,3,2,0,2,8,1,201100062230B01,7,14,1,200054781
201100062231,2011-10-05,2011,octobre,mercredi,15:35,75,75116,0,0,2,1,3,1,1,4,2,02,1,1,0,0,1,0,1,4,1,64,5,1,2,0,2,1,17,201100062231B01,7,15,1,200054781
201100062246,2011-10-10,2011,octobre,lundi,16:00,75,75116,0,0,2,3,3,1,1,4,1,01,1,-1,0,0,1,0,1,4,1,10,5,3,2,0,2,3,19,201100062246B01,7,16,1,200054781
201100062254,2011-10-16,2011,octobre,dimanche,15:30,75,75116,0,0,2,1,7,1,1,4,1,01,1,3,0,0,1,0,5,4,1,74,5,3,2,0,0,0,21,201100062254A01,,,,200054781
201100062279,2011-11-02,2011,novembre,mercredi,14:30,75,75116,0,0,2,1,7,1,1,4,-1,01,2,3,0,0,1,0,5,4,1,46,5,1,2,0,0,0,21,201100062279A01,,,,200054781
201100062282,2011-11-04,2011,novembre,vendredi,09:05,75,75116,0,0,2,7,3,1,1,4,1,04,1,-1,0,0,-1,5,1,4,1,20,2,1,2,0,2,4,1,201100062282B01,7,1,1,200054781
201100062283,2011-11-05,2011,novembre,samedi,08:30,75,75116,0,0,2,3,7,1,2,4,2,00,2,1,0,80,2,0,1,4,1,34,5,3,2,0,0,8,1,201100062283A01,,,,200054781
201100062284,2011-11-06,2011,novembre,dimanche,10:45,75,75116,0,0,2,1,6,1,1,4,1,01,1,3,0,0,1,0,5,3,1,65,5,3,2,0,1,1,1,201100062284A01,,,,200054781
201100062288,2011-11-08,2011,novembre,mardi,12:10,75,75116,0,0,2,1,7,1,2,4,-1,00,2,3,0,0,9,0,1,4,1,31,4,3,2,0,0,0,1,201100062288A01,,,,200054781
201100062301,2011-11-13,2011,novembre,dimanche,16:05,75,75116,0,0,2,1,7,1,1,4,1,01,1,1,0,0,1,0,1,4,2,63,5,3,2,0,1,1,21,201100062301A01,,,,200054781
201100062327,2011-11-29,2011,novembre,mardi,22:40,75,75116,0,0,2,1,3,5,1,4,2,02,1,1,0,0,2,0,1,4,1,45,0,3,2,0,2,3,13,201100062327A01,37,17,1,200054781
201100062362,2011-12-17,2011,décembre,samedi,17:50,75,75116,0,0,2,2,3,3,2,4,2,02,1,1,0,0,2,0,5,4,1,39,5,1,2,0,2,8,1,201100062362B01,7,16,1,200054781
201100062384,2011-01-04,2011,janvier,mardi,14:20,75,75117,0,0,2,1,6,1,1,4,2,04,1,1,0,0,1,0,1,4,1,65,5,3,2,0,1,1,1,201100062384A01,,,,200054781
201100062385,2011-01-05,2011,janvier,mercredi,09:40,75,75117,0,0,2,1,3,1,1,4,2,02,1,1,0,0,1,0,1,4,1,30,4,3,2,0,2,1,1,201100062385B01,14,22,1,200054781
201100062397,2011-01-13,2011,janvier,jeudi,13:30,75,75117,0,0,2,1,4,1,1,4,-1,00,1,-1,0,0,1,0,1,4,1,49,0,3,2,0,2,1,1,201100062397B01,7,1 / 22,2,200054781
201100062406,2011-01-22,2011,janvier,samedi,23:30,75,75117,0,0,2,2,6,5,2,4,2,02,2,1,0,0,2,0,1,4,2,34,0,3,2,0,2,0,16,201100062406A01,33,2,1,200054781
201100062491,2011-04-10,2011,avril,dimanche,02:15,75,75117,0,0,2,2,3,5,1,4,2,04,2,1,0,0,1,0,1,4,1,21,0,3,2,0,9,3,13,201100062491B01,30,17,1,200054781
201100062502,2011-04-20,2011,avril,mercredi,08:20,75,75117,0,0,2,1,3,1,1,4,2,01,1,1,0,0,1,0,1,4,2,29,0,3,2,1,0,1,1,201100062502B01,7,22,1,200054781
201100062505,2011-04-21,2011,avril,jeudi,21:10,75,75117,0,0,2,1,3,5,1,4,-1,02,1,1,0,0,1,0,1,4,2,34,5,3,2,0,2,0,1,201100062505A01,10,22,1,200054781
201100062511,2011-04-26,2011,avril,mardi,19:35,75,75117,0,0,2,5,6,1,1,4,3,03,1,1,0,0,1,0,5,4,2,40,5,3,2,0,2,1,7,201100062511A01,7,22,1,200054781
201100062512,2011-04-26,2011,avril,mardi,22:15,75,75117,0,0,2,4,3,5,1,4,2,02,2,1,0,0,1,1,1,4,1,39,1,3,2,0,2,4,16,201100062512A01,7,1,1,200054781
201100062530,2011-05-10,2011,mai,mardi,13:28,75,75117,0,0,2,2,3,1,1,4,2,02,1,1,0,0,1,0,1,3,1,19,9,3,2,0,2,3,9,201100062530A01,30,1,1,200054781
201100062531,2011-05-10,2011,mai,mardi,17:00,75,75117,0,0,2,2,3,1,1,4,1,01,1,1,0,30,1,0,1,4,1,40,0,3,2,0,2,1,17,201100062531B01,7,15,1,200054781
201100062550,2011-05-20,2011,mai,vendredi,12:40,75,75117,0,0,2,5,2,1,1,4,-1,03,1,2,0,0,1,0,1,4,2,65,5,3,2,0,2,4,16,201100062550B01,7,2,1,200054781
201100062557,2011-05-25,2011,mai,mercredi,15:08,75,75117,0,0,2,5,3,1,1,4,2,06,1,1,0,0,1,5,1,4,1,11,5,3,2,0,2,8,19,201100062557B01,7,1,1,200054781
201100062559,2011-05-28,2011,mai,samedi,17:45,75,75117,0,0,2,4,3,1,1,4,2,02,2,1,0,80,1,0,1,4,1,50,3,3,2,0,2,1,1,201100062559A01,7,22,1,200054781
201100062560,2011-05-28,2011,mai,samedi,18:20,75,75117,0,0,2,1,6,1,1,4,2,02,1,1,0,60,1,1,5,4,2,65,0,3,2,12,2,8,2,201100062560B01,7,2,1,200054781
201100062567,2011-06-03,2011,juin,vendredi,08:30,75,75117,0,0,2,2,1,1,1,4,2,02,1,1,0,0,1,0,1,4,1,30,0,3,2,0,2,1,15,201100062567A01,33,1,1,200054781
201100062574,2011-06-16,2011,juin,jeudi,18:10,75,75116,0,0,2,1,2,1,1,4,2,03,1,1,0,0,1,0,5,4,2,28,5,1,2,0,2,7,0,201100062574B01,1,0,1,200054781
201100062574,2011-06-16,2011,juin,jeudi,18:10,75,75116,0,0,2,1,2,1,1,4,2,03,1,1,0,0,1,0,5,4,1,49,5,1,2,0,2,1,0,201100062574A01,1,0,1,200054781
201100062575,2011-06-17,2011,juin,vendredi,19:30,75,75117,0,0,2,2,6,1,1,4,2,01,2,1,0,0,1,0,1,1,1,23,5,3,2,0,1,1,1,201100062575A01,,,,200054781
201100062585,2011-06-24,2011,juin,vendredi,09:30,75,75117,0,0,2,1,6,1,1,4,2,02,1,1,0,60,1,0,1,4,1,28,1,3,9,1,0,2,21,201100062585A01,,,,200054781
201100062589,2011-06-28,2011,juin,mardi,15:15,75,75108,0,0,2,1,6,1,1,4,1,02,2,1,0,0,1,0,1,4,2,38,5,3,2,0,0,8,7,201100062589A01,10,1,1,200054781
201100062591,2011-06-29,2011,juin,mercredi,01:05,75,75117,0,0,2,5,3,5,1,4,-1,01,1,-1,0,0,1,0,1,4,2,20,5,3,2,0,0,3,15,201100062591A01,30,1,1,200054781
201100062597,2011-07-04,2011,juillet,lundi,12:25,75,75117,0,0,2,5,3,1,1,4,2,06,1,1,0,0,1,0,1,4,2,34,0,3,2,0,2,6,7,201100062597B01,7,16,1,200054781
201100062600,2011-07-07,2011,juillet,jeudi,20:00,75,75117,0,0,2,1,7,1,1,4,-1,00,1,-1,0,0,1,0,1,4,1,27,0,3,2,0,0,0,1,201100062600A01,,,,200054781
201100062604,2011-07-15,2011,juillet,vendredi,15:55,75,75117,0,0,2,7,3,1,1,4,1,01,1,1,0,40,1,0,1,4,1,34,5,3,2,0,2,1,1,201100062604B01,7,22,1,200054781
201100062610,2011-07-25,2011,juillet,lundi,19:40,75,75117,0,0,2,1,2,1,1,4,3,02,1,-1,0,0,1,0,1,4,1,27,1,3,2,0,2,1,2,201100062610A01,7,23,1,200054781
201100062626,2011-08-10,2011,août,mercredi,00:20,75,75117,0,0,2,4,3,5,1,4,1,01,1,1,0,0,1,3,1,4,2,33,5,3,2,0,2,8,7,201100062626B01,7,15,1,200054781
201100062628,2011-08-10,2011,août,mercredi,19:00,75,75117,0,0,2,5,6,1,1,4,1,01,1,1,0,0,1,0,0,4,2,54,5,3,2,0,2,1,1,201100062628A01,7,22,1,200054781
201100062635,2011-08-25,2011,août,jeudi,09:20,75,75117,0,0,2,3,3,1,1,4,1,01,1,1,0,0,1,0,1,3,2,43,9,3,2,0,2,3,1,201100062635B01,7,15,1,200054781
201100062637,2011-08-25,2011,août,jeudi,19:10,75,75116,0,0,2,3,3,1,1,4,4,04,1,1,0,0,1,0,1,4,1,26,0,3,2,0,2,1,1,201100062637B01,7,15,1,200054781
201100062660,2011-09-13,2011,septembre,mardi,10:15,75,75117,0,0,2,2,3,1,1,4,1,01,1,-1,0,0,1,6,1,3,2,52,0,3,2,0,2,1,19,201100062660A01,30,16,1,200054781
201100062708,2011-10-14,2011,octobre,vendredi,09:50,75,75117,0,0,2,1,3,1,1,4,1,01,1,1,0,50,1,0,1,4,1,41,5,1,2,0,2,2,1,201100062708B01,7,22,1,200054781
201100062711,2011-10-15,2011,octobre,samedi,20:25,75,75117,0,0,2,1,2,5,1,4,2,04,1,1,0,0,1,0,1,4,1,23,5,3,2,0,0,1,1,201100062711A01,7,1,1,200054781
201100062715,2011-10-17,2011,octobre,lundi,20:45,75,75117,0,0,2,4,3,5,1,4,2,04,1,-1,0,0,1,0,4,4,2,48,1,3,2,0,2,3,1,201100062715B01,7,9,1,200054781
201100062716,2011-10-18,2011,octobre,mardi,15:05,75,75117,0,0,2,1,3,1,8,4,1,01,2,1,0,0,2,0,1,4,1,31,0,3,2,0,2,7,1,201100062716B01,7,22,1,200054781
201100062828,2011-01-30,2011,janvier,dimanche,21:10,75,75118,0,0,2,1,3,5,1,4,2,02,1,1,0,0,1,0,1,4,2,31,0,3,2,0,0,1,7,201100062828B01,7,22,1,200054781
201100062871,2011-03-24,2011,mars,jeudi,15:00,75,75118,0,0,2,1,3,1,1,4,1,02,1,1,0,80,1,0,1,4,2,67,0,3,2,0,2,3,12,201100062871B01,7,7,1,200054781
201100062875,2011-03-31,2011,mars,jeudi,18:00,75,75118,0,0,2,2,6,1,1,4,1,00,1,1,0,0,1,0,0,1,1,21,9,3,2,0,0,0,7,201100062875A01,,,,200054781
201100062876,2011-03-31,2011,mars,jeudi,18:25,75,75118,0,0,2,1,3,1,1,4,2,04,1,1,0,120,1,0,0,4,1,31,0,3,2,0,2,0,13,201100062876B01,37,1,1,200054781
201100062878,2011-04-01,2011,avril,vendredi,20:40,75,75118,0,0,2,1,3,5,1,4,1,01,2,1,0,40,1,0,1,4,1,26,9,3,2,0,2,0,1,201100062878B01,7,22,1,200054781
201100062889,2011-04-09,2011,avril,samedi,16:30,75,75118,0,0,2,5,3,1,1,4,2,02,1,-1,10,60,1,0,1,4,1,14,0,3,2,0,2,2,16,201100062889B01,7,15,1,200054781
201100062916,2011-05-06,2011,mai,vendredi,13:40,75,75118,0,0,2,5,3,1,1,4,2,02,1,1,0,60,1,0,1,4,1,42,5,3,2,0,2,2,15,201100062916A01,33,1,1,200054781
201100062924,2011-05-10,2011,mai,mardi,16:00,75,75118,0,0,2,1,3,1,1,4,1,04,1,1,0,100,1,0,1,4,1,33,0,3,2,0,2,8,1,201100062924B01,37,17,1,200054781
201100062943,2011-05-23,2011,mai,lundi,17:35,75,75118,0,0,2,1,6,1,1,4,2,05,1,1,190,130,1,0,1,4,1,27,4,1,2,0,1,1,7,201100062943A01,,,,200054781
201100062982,2011-07-06,2011,juillet,mercredi,08:20,75,75118,0,0,2,2,3,1,1,4,1,01,1,1,50,50,1,0,1,4,2,56,1,3,2,0,2,1,15,201100062982A01,7,16,1,200054781
201100062988,2011-07-16,2011,juillet,samedi,22:50,75,75118,0,0,2,4,6,5,3,4,1,02,1,1,0,0,2,3,1,4,1,41,0,3,2,1,0,3,17,201100062988A01,,,,200054781
201100063011,2011-08-24,2011,août,mercredi,08:00,75,75118,0,0,2,1,6,1,8,4,1,01,2,-1,0,0,1,0,1,4,1,46,0,3,2,1,0,9,13,201100063011A01,,,,200054781
201100063019,2011-09-01,2011,septembre,jeudi,18:10,75,75118,0,0,2,1,6,1,1,4,1,02,1,1,0,40,1,0,1,1,1,22,0,3,2,0,1,3,1,201100063019A01,,,,200054781
201100063033,2011-09-14,2011,septembre,mercredi,20:40,75,75118,0,0,2,1,6,5,1,4,2,02,1,1,0,60,1,0,1,4,1,46,0,3,2,0,1,1,1,201100063033A01,,,,200054781
201100063034,2011-09-18,2011,septembre,dimanche,15:40,75,75118,0,0,2,1,6,1,2,4,1,01,1,-1,0,0,2,0,5,4,1,32,0,3,2,8,0,2,14,201100063034A01,,,,200054781
201100063049,2011-09-28,2011,septembre,mercredi,18:15,75,75118,0,0,2,4,3,1,1,4,1,03,1,1,0,100,1,0,1,4,1,41,5,3,2,0,0,1,1,201100063049B01,7,15,1,200054781
201100063052,2011-10-01,2011,octobre,samedi,01:00,75,75118,0,0,2,2,6,5,1,4,2,02,1,1,0,60,1,0,1,4,2,28,0,3,2,1,0,1,14,201100063052A01,,,,200054781
201100063070,2011-10-12,2011,octobre,mercredi,19:10,75,75118,0,0,2,5,6,5,1,4,-1,00,1,1,0,0,1,0,4,1,1,37,9,1,2,0,1,1,1,201100063070A01,,,,200054781
201100063078,2011-10-14,2011,octobre,vendredi,10:05,75,75118,0,0,2,3,3,1,1,4,-1,01,1,1,0,0,1,0,5,4,2,28,0,3,2,0,2,1,1,201100063078B01,10,16,1,200054781
201100063087,2011-10-21,2011,octobre,vendredi,09:30,75,75118,0,0,2,1,2,1,1,4,2,02,1,1,50,100,1,0,1,4,2,28,1,3,2,0,2,1,1,201100063087B01,13,22,1,200054781
201100063100,2011-11-05,2011,novembre,samedi,01:40,75,75118,0,0,2,2,2,5,3,4,1,03,-1,1,0,0,2,0,1,4,1,33,5,3,2,0,2,4,2,201100063100A01,31,2,1,200054781
201100063141,2011-12-02,2011,décembre,vendredi,19:00,75,75118,0,0,2,1,3,5,1,4,2,01,1,1,0,40,1,0,1,4,2,42,0,3,2,0,2,1,17,201100063141B01,7,9,1,200054781
201100063147,2011-12-05,2011,décembre,lundi,19:00,75,75118,0,0,2,4,6,5,2,4,1,01,1,1,0,80,2,0,1,4,1,39,0,3,2,0,2,7,18,201100063147A01,7,22,1,200054781
201100063190,2011-01-15,2011,janvier,samedi,22:55,75,75119,0,0,2,3,3,3,1,4,1,01,1,1,0,70,1,0,1,4,1,31,1,3,2,0,2,1,1,201100063190B01,7,16,1,200054781
201100063237,2011-03-23,2011,mars,mercredi,16:00,75,75119,0,0,2,1,6,1,1,4,2,04,1,1,0,0,1,0,1,4,1,57,5,3,2,0,2,8,1,201100063237B01,7,17,1,200054781
201100063238,2011-03-23,2011,mars,mercredi,19:55,75,75119,0,0,2,3,3,5,1,4,1,00,1,1,0,90,1,0,1,4,1,14,5,2,2,0,2,8,19,201100063238B01,32,1,1,200054781
201100063250,2011-03-30,2011,mars,mercredi,07:15,75,75119,0,0,2,1,3,2,1,4,2,02,-1,1,0,60,1,0,1,4,2,36,2,3,2,0,2,8,17,201100063250B01,30,13,1,200054781
201100063276,2011-04-15,2011,avril,vendredi,08:40,75,75119,0,0,2,1,6,1,1,4,2,04,1,1,0,0,1,0,5,4,2,31,1,2,2,1,0,1,1,201100063276B01,13,22,1,200054781
201100063284,2011-04-26,2011,avril,mardi,20:00,75,75119,0,0,2,5,3,1,1,4,1,01,1,3,0,100,1,5,5,4,2,31,5,3,2,0,2,8,1,201100063284B01,7,16,1,200054781
201100063304,2011-05-13,2011,mai,vendredi,07:40,75,75119,0,0,2,3,1,1,1,4,2,03,1,1,0,0,1,0,1,4,1,15,5,3,2,0,2,1,15,201100063304A01,7,1,1,200054781
201100063305,2011-05-13,2011,mai,vendredi,13:15,75,75119,0,0,2,2,2,1,1,4,3,04,1,1,0,140,1,0,1,3,2,49,9,3,2,0,2,4,1,201100063305B01,10,11,1,200054781
201100063310,2011-05-16,2011,mai,lundi,08:50,75,75119,0,0,2,5,3,1,1,4,2,02,1,1,0,0,1,0,1,4,2,44,1,3,2,0,2,1,1,201100063310B01,7,1,1,200054781
201100063313,2011-05-16,2011,mai,lundi,15:30,75,75119,0,0,2,1,3,1,1,4,2,02,2,1,0,120,1,0,1,4,1,20,0,3,2,0,2,1,1,201100063313B01,7,9,1,200054781
201100063330,2011-05-27,2011,mai,vendredi,16:05,75,75119,0,0,2,1,3,1,1,4,-1,00,1,-1,0,0,1,0,1,4,2,35,1,3,2,0,2,4,19,201100063330B01,34,1,1,200054781
201100063335,2011-06-07,2011,juin,mardi,14:00,75,75119,0,0,2,7,3,1,2,4,1,02,-1,-1,0,50,2,5,1,4,2,13,0,3,2,0,2,7,16,201100063335B01,14,16,1,200054781
201100063361,2011-07-02,2011,juillet,samedi,19:30,75,75110,0,0,2,2,3,1,1,4,1,02,1,1,50,80,1,0,0,4,2,14,5,3,2,0,2,8,1,201100063361B01,30,1,1,200054781
201100063362,2011-07-03,2011,juillet,dimanche,16:00,75,75119,0,0,2,1,3,1,1,4,1,01,1,1,0,60,1,0,4,4,1,8,5,1,2,0,2,8,1,201100063362B01,7,9,1,200054781
201100063376,2011-07-22,2011,juillet,vendredi,09:15,75,75119,0,0,2,1,7,1,1,4,1,01,1,1,0,0,2,0,5,4,1,35,1,1,2,0,0,0,13,201100063376A01,,,,200054781
201100063388,2011-08-12,2011,août,vendredi,09:30,75,75119,0,0,2,1,6,1,8,4,1,01,2,1,0,35,1,0,1,4,1,44,1,3,2,0,2,8,1,201100063388B01,2,1,1,200054781