Num_Acc,date,an,mois,jour,hrmn,dep,com,lat,long,agg,int,col,lum,atm,catr,circ,nbv,prof,plan,lartpc,larrout,surf,infra,situ,grav,sexe,age,trajet,secuexist,equipement,obs,obsm,choc,manv,vehiculeid,typevehicules,manoeuvehicules,numVehicules,_infos_commune.code_epci
201200000077,2012-07-26,2012,juillet,jeudi,11:00,59,59423,50.65542,2.66185,2,1,1,1,1,3,2,01,1,1,0,80,1,0,1,2,2,23,5,3,1,0,2,4,2,201200000077B02,1,2,1,200040947
201200000086,2012-12-18,2012,décembre,mardi,17:00,59,59580,50.81257,2.58028,2,1,3,5,1,4,2,02,1,1,0,0,1,0,1,3,1,81,5,3,1,0,2,3,1,201200000086A01,14,1,1,200040947
201200000099,2012-03-25,2012,mars,dimanche,11:00,59,59173,50.73364,2.95073,1,1,5,1,1,3,2,02,1,1,150,0,9,0,5,4,1,56,5,1,2,0,0,0,1,201200000099A01,1,1,2,200093201
201200000099,2012-03-25,2012,mars,dimanche,11:00,59,59173,50.73364,2.95073,1,1,5,1,1,3,2,02,1,1,150,0,9,0,5,4,1,53,5,1,2,0,2,1,1,201200000099C03,1,1,2,200093201
201200000099,2012-03-25,2012,mars,dimanche,11:00,59,59173,50.73364,2.95073,1,1,5,1,1,3,2,02,1,1,150,0,9,0,5,4,1,65,5,1,2,0,2,1,1,201200000099B02,1,1,2,200093201
201200000104,2012-05-27,2012,mai,dimanche,19:00,59,59559,50.34106,3.64687,2,1,1,1,7,4,2,02,2,1,0,54,1,0,1,3,2,15,5,3,1,0,2,1,15,201200000104B02,33,1,1,245901160
201200000122,2012-10-15,2012,octobre,lundi,13:45,59,59061,50.06199,3.79383,2,3,3,1,1,3,-1,00,-1,-1,0,60,1,0,0,3,1,75,5,1,2,0,0,1,0,201200000122A01,7,1,1,200043263
201200000123,2012-11-16,2012,novembre,vendredi,18:00,59,59331,50.12774,3.68654,2,1,2,5,8,3,2,02,1,1,0,78,1,0,4,3,2,48,1,1,4,0,2,4,1,201200000123A01,7,20,1,200043321
201200000139,2012-10-15,2012,octobre,lundi,21:45,59,59321,50.11873,3.47756,1,1,1,3,2,3,2,02,1,1,0,69,2,0,1,3,2,45,5,3,8,0,2,5,19,201200000139B02,7,1,1,200030633
201200000151,2012-11-29,2012,novembre,jeudi,13:30,59,59125,50.1381,3.14429,1,2,3,1,1,3,2,02,-1,1,0,55,1,5,0,3,1,63,5,1,2,0,2,1,1,201200000151A01,7,1,1,200068500
201200000160,2012-01-03,2012,janvier,mardi,08:00,59,59379,50.29247,3.24218,1,1,2,3,1,3,2,02,1,1,0,63,1,0,1,2,1,59,5,2,4,0,0,4,1,201200000160B02,10,1,1,200044618
201200000176,2012-05-28,2012,mai,lundi,10:30,59,59584,50.31138,3.84653,1,4,5,1,1,3,2,00,1,1,0,60,1,0,1,3,1,73,5,1,9,0,0,0,23,201200000176B02,7,1,2,200043321
201200000218,2012-06-11,2012,juin,lundi,18:00,62,62473,0,0,2,2,3,1,1,4,2,00,1,1,0,42,1,0,1,3,1,9,5,3,1,0,2,1,19,201200000218B02,7,1,1,200072460
201200000225,2012-02-14,2012,février,mardi,14:30,62,62908,0,0,2,1,1,1,1,3,2,02,-1,2,0,70,1,0,1,3,1,34,5,1,2,0,2,1,1,201200000225B02,7,15,1,246200729
201200000230,2012-03-30,2012,mars,vendredi,19:00,62,62773,0,0,2,1,3,1,1,4,2,02,-1,1,60,0,1,0,1,3,1,5,5,1,2,0,2,1,1,201200000230B02,7,1,1,200018083
201200000240,2012-07-13,2012,juillet,vendredi,13:15,62,62889,0,0,1,2,3,1,1,3,2,02,2,1,0,64,1,0,1,2,1,16,0,2,9,0,2,8,1,201200000240B02,7,1,1,246200380
201200000282,2012-08-24,2012,août,vendredi,16:00,62,62875,50.714,2.341,2,2,6,1,1,3,2,00,1,1,0,60,1,0,1,3,1,64,5,2,2,0,0,8,19,201200000282B02,,,,200069037
201200000320,2012-07-21,2012,juillet,samedi,15:00,62,62111,50.27702,2.41862,2,3,3,1,1,3,2,02,1,1,0,0,1,0,1,2,1,7,5,2,2,0,2,8,15,201200000320B02,10,1,1,200069482
201200000328,2012-01-13,2012,janvier,vendredi,12:00,80,80212,0,0,2,6,1,1,7,4,4,01,1,2,0,0,1,5,1,4,2,45,4,1,2,0,2,5,15,201200000328B02,7,9,1,248000499
201200000345,2012-09-21,2012,septembre,vendredi,18:15,80,80082,0,0,2,2,3,1,1,4,-1,00,1,1,0,70,1,0,1,3,1,16,0,1,2,0,2,1,1,201200000345A01,7,1,1,200071223
201200000362,2012-05-25,2012,mai,vendredi,08:00,80,80373,0,0,2,1,1,1,1,3,2,02,1,1,0,63,1,0,1,3,2,54,1,2,2,1,0,1,1,201200000362B02,7,22,1,247600588
201200000371,2012-06-13,2012,juin,mercredi,18:45,80,80685,0,0,2,1,6,1,1,9,1,00,2,1,0,0,1,0,1,3,1,86,5,1,2,0,2,8,15,201200000371B02,7,,1,200070977
201200000390,2012-06-23,2012,juin,samedi,18:15,80,80811,0,0,1,3,1,1,1,3,,,,,,,,,,3,1,12,0,2,2,0,0,0,0,201200000390B02,7,0,1,200070985
201200000437,2012-01-27,2012,janvier,vendredi,09:15,02,02648,0,0,2,1,6,1,9,3,2,02,1,2,0,60,7,0,1,3,1,45,5,2,2,0,0,4,2,201200000437B02,7,2,1,200040426
201200000452,2012-09-24,2012,septembre,lundi,17:30,02,02766,0,0,1,1,1,2,1,3,2,02,2,1,0,57,1,0,1,4,1,60,5,1,4,0,2,4,1,201200000452B02,7,1,1,240200501
201200000515,2012-12-22,2012,décembre,samedi,18:45,60,60395,0,0,1,1,2,2,2,3,2,02,2,1,0,60,2,0,1,3,1,21,0,2,4,0,0,4,0,201200000515A01,7,1,1,246000582
201200000547,2012-10-06,2012,octobre,samedi,11:15,60,60015,0,0,2,6,1,1,2,3,1,02,1,2,0,0,2,5,1,4,1,56,5,1,2,0,2,1,14,201200000547B02,7,9,1,200067973
201200000558,2012-07-10,2012,juillet,mardi,17:45,60,60445,49.49,3.101,2,3,3,1,1,4,1,01,2,1,0,42,1,5,1,3,1,8,5,1,2,0,2,2,5,201200000558B02,7,1,1,246000749
201200000559,2012-07-21,2012,juillet,samedi,18:45,60,60537,49.528,2.925,2,1,1,1,1,4,2,02,-1,2,0,85,1,0,1,3,1,9,5,2,2,0,2,0,5,201200000559A01,7,1,1,246000772
201200000594,2012-09-20,2012,septembre,jeudi,16:00,60,60507,0,0,1,1,2,1,1,3,2,02,1,1,0,0,1,0,1,3,1,49,5,2,2,1,0,1,1,201200000594A01,10,24,1,246000756
201200000609,2012-09-15,2012,septembre,samedi,18:30,57,57104,0,0,2,1,5,1,1,3,2,02,1,1,0,52,1,0,1,4,1,25,5,3,1,0,2,4,2,201200000609B02,7,2,1,245700695
201200000609,2012-09-15,2012,septembre,samedi,18:30,57,57104,0,0,2,1,5,1,1,3,2,02,1,1,0,52,1,0,1,1,1,29,5,3,1,0,2,4,2,201200000609C03,7,2,1,245700695
201200000612,2012-05-26,2012,mai,samedi,17:15,60,60170,0,0,1,1,2,1,1,3,2,02,1,1,0,70,1,0,1,1,1,41,5,1,2,0,2,6,1,201200000612A01,7,1,1,200066975
201200000612,2012-05-26,2012,mai,samedi,17:15,60,60170,0,0,1,1,2,1,1,3,2,02,1,1,0,70,1,0,1,3,1,2,5,1,9,0,2,6,1,201200000612A01,7,1,1,200066975
201200000638,2012-06-06,2012,juin,mercredi,18:30,60,60695,49.205,2.491,2,7,1,1,1,4,2,00,-1,3,0,0,1,0,1,4,1,15,5,3,2,0,2,3,15,201200000638B02,7,16,1,246000764
201200000669,2012-09-09,2012,septembre,dimanche,14:30,76,76367,49.5075,1.08447,1,1,2,1,1,3,2,02,2,3,0,53,1,0,1,3,2,31,5,2,2,0,0,4,1,201200000669B02,32,1,1,200023414
201200000678,2012-07-19,2012,juillet,jeudi,10:45,76,76152,49.57911,1.22979,2,2,3,1,1,3,2,02,2,1,0,134,1,0,1,3,2,74,3,1,2,0,2,7,1,201200000678A01,37,19,1,200070449
201200000756,2012-05-27,2012,mai,dimanche,17:30,76,76234,49.61054,0.97117,1,1,1,1,1,3,2,00,2,3,0,0,1,0,1,3,1,24,5,1,2,0,2,1,1,201200000756A01,33,1,1,247600646
201200000781,2012-05-16,2012,mai,mercredi,18:45,27,27306,48.9782,1.18735,2,1,1,1,1,3,2,02,1,3,0,55,1,0,1,3,1,13,5,3,1,0,2,1,15,201200000781B02,7,16,1,200071454
201200000799,2012-03-19,2012,mars,lundi,10:45,27,27679,48.7415,0.91813,2,1,1,1,7,9,2,02,1,1,0,62,1,0,1,2,2,79,3,3,1,0,2,2,15,201200000799A01,33,1,1,200066462
201200000804,2012-10-15,2012,octobre,lundi,20:15,27,27195,48.815,1.00499,1,1,2,3,1,3,2,02,1,1,0,66,1,0,1,2,1,20,5,2,4,0,0,4,2,201200000804B02,7,2,1,
201200000810,2012-06-28,2012,juin,jeudi,17:45,27,27635,49.2644,1.36035,1,1,1,1,2,3,2,02,1,1,0,40,2,0,1,3,1,31,5,1,2,0,0,8,2,201200000810B02,7,2,1,200072312
201200000811,2012-08-20,2012,août,lundi,18:30,27,27635,0,0,2,1,6,1,1,4,2,02,1,1,0,55,1,0,1,3,1,58,5,1,2,0,1,1,1,201200000811A01,,,,200072312
201200000866,2012-07-30,2012,juillet,lundi,13:45,27,27577,49.4369,0.54879,1,1,5,1,1,3,2,02,4,2,0,66,1,0,1,2,2,50,5,2,2,0,2,0,1,201200000866C03,7,17,2,200066405
201200000868,2012-07-29,2012,juillet,dimanche,13:30,27,27065,49.3481,0.36156,1,1,1,1,1,3,2,02,1,1,0,124,1,0,1,3,1,35,5,3,1,0,0,4,1,201200000868A01,7,2,1,200066827
201200000871,2012-10-17,2012,octobre,mercredi,05:30,27,27606,0,0,1,1,2,3,3,3,2,02,1,1,0,70,2,0,1,3,1,16,1,1,4,0,2,4,1,201200000871B02,7,1,1,200065787
201200000884,2012-11-21,2012,novembre,mercredi,18:00,27,27103,0,0,1,1,1,3,1,3,2,02,1,1,0,55,1,0,1,3,1,15,5,2,4,0,2,1,1,201200000884B02,7,17,1,200066405
201200000902,2012-11-10,2012,novembre,samedi,15:30,35,35240,48.106,-1.794,2,1,3,1,7,4,2,00,2,1,0,0,1,5,1,3,1,69,5,3,1,0,0,3,15,201200000902A01,7,15,1,243500139
201200000903,2012-12-17,2012,décembre,lundi,15:30,35,35076,0,0,1,1,1,1,2,3,2,00,1,1,0,75,2,5,1,3,1,63,5,1,2,0,2,8,1,201200000903B02,7,19,1,243500139
201200000911,2012-04-03,2012,avril,mardi,15:30,35,35004,0,0,2,1,7,1,1,4,2,02,4,1,0,50,1,0,1,3,1,42,5,3,1,1,0,1,21,201200000911A01,,,,200070688
201200000939,2012-07-07,2012,juillet,samedi,15:30,35,35012,0,0,2,1,1,1,1,9,2,00,1,1,0,0,1,0,1,1,1,13,5,2,2,0,2,1,1,201200000939A01,7,1,1,200070662
201200000939,2012-07-07,2012,juillet,samedi,15:30,35,35012,0,0,2,1,1,1,1,9,2,00,1,1,0,0,1,0,1,3,1,13,0,2,2,0,2,1,1,201200000939A01,7,1,1,200070662
201200000949,2012-07-03,2012,juillet,mardi,16:15,35,35139,47.99577,-1.72653,1,1,3,1,1,3,2,00,1,1,0,50,1,0,1,3,1,12,5,1,2,0,2,8,1,201200000949B02,7,1,1,243500139
201200000972,2012-01-17,2012,janvier,mardi,11:15,35,35256,48.61914,-2.13241,2,7,1,1,1,9,1,00,-1,1,0,0,1,0,1,3,2,64,3,1,9,0,2,1,19,201200000972B02,7,15,1,243500725
201200000977,2012-03-30,2012,mars,vendredi,16:45,35,35360,0,0,2,1,3,1,1,9,2,02,2,1,0,60,1,0,1,3,1,42,1,3,1,0,2,1,19,201200000977B02,7,10,1,200039022
201200000983,2012-08-09,2012,août,jeudi,16:45,35,35105,0,0,1,1,1,1,1,4,2,02,2,3,0,39,1,0,1,3,1,56,5,3,1,0,2,1,13,201200000983A01,33,1,1,200039022
201200000991,2012-03-13,2012,mars,mardi,08:00,35,35327,0,0,2,6,3,1,1,3,2,02,-1,3,0,0,1,5,1,3,2,65,5,3,1,0,2,1,19,201200000991B02,7,1,1,243500659
201200001005,2012-11-29,2012,novembre,jeudi,10:00,35,35125,47.94035,-1.22746,2,1,3,1,7,3,2,02,1,2,20,70,1,0,1,3,1,49,5,3,1,0,2,7,1,201200001005B02,7,9,1,200039022
201200001031,2012-05-29,2012,mai,mardi,09:15,22,22151,48.43925,-2.58221,1,1,5,1,1,3,2,02,2,1,0,49,1,0,1,2,1,63,5,1,2,0,2,1,1,201200001031B02,7,13,1,
201200001031,2012-05-29,2012,mai,mardi,09:15,22,22151,48.43925,-2.58221,1,1,5,1,1,3,2,02,2,1,0,49,1,0,1,3,1,62,5,1,2,0,2,1,1,201200001031C03,7,13,1,
201200001042,2012-06-06,2012,juin,mercredi,14:15,22,22079,48.36428,-2.63078,1,1,4,1,1,3,2,02,2,2,0,0,1,0,1,3,1,66,5,1,2,0,2,1,1,201200001042B02,7,5,1,200069391
201200001042,2012-06-06,2012,juin,mercredi,14:15,22,22079,48.36428,-2.63078,1,1,4,1,1,3,2,02,2,2,0,0,1,0,1,4,1,64,5,1,2,0,2,1,1,201200001042C03,7,5,1,200069391
201200001042,2012-06-06,2012,juin,mercredi,14:15,22,22079,48.36428,-2.63078,1,1,4,1,1,3,2,02,2,2,0,0,1,0,1,4,1,75,5,1,2,0,2,1,1,201200001042D04,7,5,1,200069391
201200001042,2012-06-06,2012,juin,mercredi,14:15,22,22079,48.36428,-2.63078,1,1,4,1,1,3,2,02,2,2,0,0,1,0,1,4,1,62,5,1,2,0,2,1,1,201200001042E05,7,5,1,200069391
201200001048,2012-02-29,2012,février,mercredi,11:00,22,22136,48.18876,-2.75279,2,1,2,1,1,4,2,01,1,1,40,40,1,0,1,4,2,65,5,2,2,0,2,8,1,201200001048B02,20,4,1,200067460
201200001067,2012-06-10,2012,juin,dimanche,06:15,22,22389,48.48245,-2.67465,2,1,6,1,1,9,2,02,1,1,0,61,1,0,1,3,1,56,5,1,4,0,2,1,1,201200001067A01,10,17,1,200069409
201200001077,2012-04-07,2012,avril,samedi,12:30,22,22280,48.41643,-2.06195,2,2,3,1,1,3,2,02,1,1,0,51,1,0,1,3,1,59,5,1,2,0,2,7,1,201200001077B02,10,19,1,200068989
201200001086,2012-11-22,2012,novembre,jeudi,12:00,22,22026,48.40864,-2.02881,2,3,3,1,2,3,2,02,2,3,52,0,2,0,1,4,1,60,5,2,2,0,2,1,1,201200001086A01,7,16,1,200068989
201200001099,2012-07-18,2012,juillet,mercredi,17:30,22,22302,48.59651,-2.19044,2,3,3,1,1,4,2,02,2,1,0,55,1,0,1,3,1,15,5,3,1,0,2,1,1,201200001099B02,7,1,1,200068989
201200001100,2012-07-24,2012,juillet,mardi,11:30,22,22209,48.55126,-2.10853,1,1,2,1,1,3,2,02,1,2,0,59,1,0,1,2,1,74,5,3,9,0,2,4,1,201200001100B02,10,17,1,200068989
201200001101,2012-08-10,2012,août,vendredi,08:00,22,22209,0,0,1,1,2,1,1,3,2,00,-1,1,0,59,1,0,1,4,1,34,5,1,9,0,9,1,1,201200001101A01,1,1,1,200068989
201200001101,2012-08-10,2012,août,vendredi,08:00,22,22209,0,0,1,1,2,1,1,3,2,00,-1,1,0,59,1,0,1,1,1,34,5,1,9,0,9,0,1,201200001101B02,1,1,1,200068989
201200001104,2012-08-22,2012,août,mercredi,11:15,22,22179,48.62447,-2.33886,1,4,3,1,1,3,2,02,1,1,0,60,1,0,1,3,2,17,5,2,2,0,2,1,15,201200001104B02,7,1,1,200068989
201200001204,2012-06-27,2012,juin,mercredi,14:45,29,29124,48.59045,-4.3324,1,1,1,1,1,3,2,02,3,1,0,69,1,0,1,2,1,14,5,3,1,0,0,0,2,201200001204B02,7,1,1,242900793
201200001231,2012-05-28,2012,mai,lundi,16:00,29,29044,48.21736,-4.16705,1,1,5,1,1,4,1,00,2,1,0,0,1,0,1,4,1,19,0,1,2,14,0,1,1,201200001231E05,7,24,1,200067247
201200001231,2012-05-28,2012,mai,lundi,16:00,29,29044,48.21736,-4.16705,1,1,5,1,1,4,1,00,2,1,0,0,1,0,1,4,1,20,0,1,2,14,0,1,1,201200001231F06,7,24,1,200067247
201200001231,2012-05-28,2012,mai,lundi,16:00,29,29044,48.21736,-4.16705,1,1,5,1,1,4,1,00,2,1,0,0,1,0,1,4,1,51,0,1,2,14,0,1,1,201200001231D04,7,24,1,200067247
201200001231,2012-05-28,2012,mai,lundi,16:00,29,29044,48.21736,-4.16705,1,1,5,1,1,4,1,00,2,1,0,0,1,0,1,4,1,17,0,1,2,1,0,1,1,201200001231B02,7,24,1,200067247
201200001231,2012-05-28,2012,mai,lundi,16:00,29,29044,48.21736,-4.16705,1,1,5,1,1,4,1,00,2,1,0,0,1,0,1,4,1,34,0,1,2,14,0,1,0,201200001231H08,7,24,1,200067247
201200001231,2012-05-28,2012,mai,lundi,16:00,29,29044,48.21736,-4.16705,1,1,5,1,1,4,1,00,2,1,0,0,1,0,1,4,1,32,0,1,2,14,0,0,0,201200001231I09,7,24,1,200067247
201200001231,2012-05-28,2012,mai,lundi,16:00,29,29044,48.21736,-4.16705,1,1,5,1,1,4,1,00,2,1,0,0,1,0,1,4,1,51,0,1,2,14,0,1,1,201200001231C03,7,24,1,200067247
201200001231,2012-05-28,2012,mai,lundi,16:00,29,29044,48.21736,-4.16705,1,1,5,1,1,4,1,00,2,1,0,0,1,0,1,4,1,23,0,1,2,14,0,1,0,201200001231G07,7,24,1,200067247
201200001232,2012-08-18,2012,août,samedi,15:00,29,29026,48.19841,-4.08911,2,1,2,1,7,9,2,02,1,-1,0,80,1,0,1,3,1,18,5,2,2,0,2,4,2,201200001232B02,7,2,1,200067247
201200001251,2012-03-18,2012,mars,dimanche,08:15,29,29207,48.53786,-3.79717,2,6,3,1,1,3,2,00,1,-1,0,87,1,5,1,3,1,46,5,1,2,0,2,1,19,201200001251B02,7,19,1,242900835
201200001255,2012-06-28,2012,juin,jeudi,11:00,29,29188,48.68937,-3.78408,2,6,2,1,1,3,-1,02,-1,-1,0,68,1,5,1,3,1,72,5,1,2,0,2,4,2,201200001255B02,10,2,1,242900835
201200001279,2012-12-10,2012,décembre,lundi,08:15,29,29259,48.63394,-3.9824,1,1,3,2,1,3,2,02,1,1,0,60,1,0,1,2,2,58,1,1,4,0,2,8,2,201200001279B02,7,2,1,200067072
201200001288,2012-09-30,2012,septembre,dimanche,09:45,56,56067,0,0,1,1,2,1,7,3,2,02,1,1,0,61,1,0,1,3,1,47,5,1,2,0,2,4,1,201200001288B02,7,2,1,200067932
201200001292,2012-12-04,2012,décembre,mardi,18:45,56,56067,47.73501,-2.83565,1,1,1,3,1,3,2,02,1,1,0,78,1,0,1,2,1,39,5,1,4,0,0,1,2,201200001292A01,15,17,1,200067932
201200001336,2012-06-28,2012,juin,jeudi,16:00,56,56034,0,0,2,3,3,1,1,3,2,02,1,1,0,158,1,0,1,4,1,14,5,1,2,0,2,1,19,201200001336A01,7,1,1,200043123
201200001336,2012-06-28,2012,juin,jeudi,16:00,56,56034,0,0,2,3,3,1,1,3,2,02,1,1,0,158,1,0,1,4,1,14,0,1,9,0,2,1,19,201200001336A01,7,1,1,200043123
201200001337,2012-07-20,2012,juillet,vendredi,12:00,56,56168,0,0,1,1,3,1,1,3,2,02,1,1,0,66,1,0,1,4,1,15,5,2,2,0,0,7,19,201200001337A01,7,1,1,200043123
201200001347,2012-08-24,2012,août,vendredi,11:45,56,56089,47.95033,-3.22597,1,1,1,1,6,4,2,00,2,1,0,40,2,0,1,2,1,65,5,1,2,0,2,1,13,201200001347B02,17,1,1,200042174
201200001348,2012-08-26,2012,août,dimanche,09:45,56,56078,47.80523,-3.5036,1,1,3,1,1,4,2,00,1,1,0,50,1,0,1,3,1,50,5,1,2,0,0,1,1,201200001348B02,7,10,1,200042174
201200001351,2012-05-17,2012,mai,jeudi,15:00,56,56054,0,0,2,1,2,1,1,3,2,02,1,1,0,64,1,0,1,2,1,51,9,2,2,0,0,6,1,201200001351B02,15,1,1,200043123
201200001356,2012-08-06,2012,août,lundi,21:45,56,56118,0,0,1,1,5,2,1,3,3,02,1,1,10,60,1,0,1,3,1,47,5,1,4,0,2,4,1,201200001356B02,7,1,1,200042174
201200001356,2012-08-06,2012,août,lundi,21:45,56,56118,0,0,1,1,5,2,1,3,3,02,1,1,10,60,1,0,1,4,1,19,0,1,4,0,2,4,1,201200001356C03,7,1,1,200042174
201200001359,2012-08-21,2012,août,mardi,18:15,56,56130,0,0,1,6,3,1,1,3,-1,02,1,-1,60,60,1,5,1,3,1,21,5,1,2,0,2,2,1,201200001359B02,10,9,1,245600440
201200001378,2012-03-20,2012,mars,mardi,15:15,56,56070,0,0,1,1,1,1,1,3,2,00,1,1,0,60,1,0,1,3,1,62,5,1,2,0,2,3,2,201200001378B02,3,2,1,200066777
201200001406,2012-09-12,2012,septembre,mercredi,14:45,56,56178,48.07381,-2.96343,2,1,2,1,1,4,2,02,1,1,0,66,1,0,1,3,1,12,5,1,2,0,2,1,2,201200001406A01,7,23,1,245614433
201200001429,2012-08-17,2012,août,vendredi,10:15,14,14228,49.2946,-0.378,2,6,3,1,1,4,2,02,1,1,0,69,1,5,1,3,1,86,9,3,2,0,2,1,1,201200001429B02,7,9,1,241400860
201200001441,2012-05-12,2012,mai,samedi,17:30,14,14456,49.1195,-0.16599,2,1,2,1,1,3,2,02,1,1,0,58,1,0,1,4,1,73,5,3,1,0,2,4,1,201200001441B02,7,1,1,200065589
201200001521,2012-08-29,2012,août,mercredi,13:45,14,14478,49.017,0.4119,2,2,3,1,1,4,2,02,1,1,0,40,1,0,1,3,2,10,5,3,3,0,2,1,19,201200001521B02,10,1,1,200069532
201200001528,2012-08-21,2012,août,mardi,11:45,14,14302,49.2581,0.0862,1,3,3,1,1,3,2,02,1,1,0,76,1,0,1,3,2,71,5,3,2,0,2,8,15,201200001528A01,7,17,1,241400878
201200001544,2012-06-13,2012,juin,mercredi,17:00,14,14056,49.0235,-0.6323,2,1,1,1,1,3,2,02,1,1,0,0,1,0,1,3,1,68,5,3,8,0,2,1,1,201200001544D04,7,13,1,
201200001590,2012-09-09,2012,septembre,dimanche,09:45,50,50493,48.8367,-1.47768,2,2,3,1,7,3,2,02,1,1,0,0,1,0,1,3,1,73,5,1,2,0,2,7,1,201200001590B01,7,19,1,200042604
201200001593,2012-12-04,2012,décembre,mardi,19:00,50,50247,48.8083,-1.402,1,3,2,3,3,3,2,02,1,1,0,70,2,0,1,4,1,18,5,2,4,0,0,4,15,201200001593A01,7,2,1,200042604
201200001605,2012-03-16,2012,mars,vendredi,18:15,50,50611,49.6693,-1.72106,1,1,1,1,1,3,2,02,2,1,0,0,1,0,1,4,1,49,5,1,2,0,2,8,1,201200001605B01,7,17,1,
201200001608,2012-09-29,2012,septembre,samedi,18:15,50,50594,0,0,2,1,3,1,7,3,2,02,-1,2,0,37,1,0,1,3,1,7,5,3,1,0,2,7,2,201200001608B02,7,2,1,200067205
201200001645,2012-02-19,2012,février,dimanche,14:30,50,50215,49.0972,-1.5884,2,3,2,1,1,3,2,02,2,1,0,60,1,0,1,4,2,52,5,1,2,0,2,1,1,201200001645B01,7,16,1,200067023
201200001691,2012-01-05,2012,janvier,jeudi,07:38,01,01451,46.2147,5.2043,2,6,7,5,3,3,2,02,1,2,0,60,2,5,1,4,1,18,1,2,4,0,0,1,1,201200001691A01,,,,200071751
201200001707,2012-03-09,2012,mars,vendredi,11:05,01,01053,0,0,2,2,3,1,1,4,2,02,1,1,0,60,1,0,1,3,1,83,5,3,2,0,2,7,1,201200001707B01,7,1,1,200071751
201200001710,2012-03-16,2012,mars,vendredi,07:55,01,01053,0,0,2,1,3,1,1,4,2,02,2,1,0,90,1,0,1,3,1,10,2,3,9,0,2,7,19,201200001710B01,7,1,1,200071751
201200001721,2012-03-31,2012,mars,samedi,18:25,01,01053,0,0,2,1,6,1,1,4,2,02,1,1,0,114,1,0,5,3,1,64,5,1,2,1,0,1,1,201200001721B01,7,22,1,200071751
201200001721,2012-03-31,2012,mars,samedi,18:25,01,01053,0,0,2,1,6,1,1,4,2,02,1,1,0,114,1,0,5,4,2,63,5,1,2,1,0,1,1,201200001721C01,7,22,1,200071751
201200001728,2012-05-07,2012,mai,lundi,12:55,01,01053,0,0,2,1,1,1,1,4,1,01,1,1,0,30,1,0,5,4,2,20,1,2,2,0,2,1,1,201200001728B01,7,0,1,200071751
201200001736,2012-05-31,2012,mai,jeudi,13:15,01,01053,0,0,2,3,3,1,1,4,-1,02,1,1,0,60,1,0,1,4,1,12,2,2,9,0,2,3,1,201200001736B01,7,1,1,200071751
201200001740,2012-06-10,2012,juin,dimanche,10:45,01,01289,46.1649,5.22083,1,2,3,1,8,3,2,02,1,1,0,66,1,0,1,4,1,47,5,1,2,0,2,2,1,201200001740B01,7,9,1,200071751
201200001748,2012-07-11,2012,juillet,mercredi,16:20,01,01053,0,0,2,1,3,1,1,4,2,02,1,1,10,70,1,0,1,4,1,23,1,2,9,0,2,8,9,201200001748A01,10,1,1,200071751
201200001767,2012-09-25,2012,septembre,mardi,14:00,01,01053,0,0,2,1,3,1,1,4,2,00,2,1,0,0,-1,0,1,4,2,43,1,2,9,0,2,7,17,201200001767A01,7,13,1,200071751
201200001777,2012-10-06,2012,octobre,samedi,09:15,01,01344,0,0,2,3,3,1,1,2,-1,02,1,1,0,102,1,0,1,4,1,73,5,3,9,0,2,6,0,201200001777B01,7,9,1,200071751
201200001785,2012-10-23,2012,octobre,mardi,17:20,01,01451,0,0,1,6,6,1,1,3,2,02,1,1,0,0,1,5,0,4,1,22,1,3,4,0,2,1,1,201200001785B01,7,16,1,200071751
201200001788,2012-11-07,2012,novembre,mercredi,09:35,01,01053,0,0,2,3,3,1,1,4,1,01,1,1,0,37,1,0,1,4,2,21,2,3,9,0,2,3,1,201200001788B01,7,15,1,200071751
201200001824,2012-05-13,2012,mai,dimanche,19:15,61,61494,0,0,1,3,3,1,1,3,2,02,1,1,0,49,1,0,1,3,1,61,5,1,2,0,2,7,1,201200001824B02,1,15,1,200068450
201200001824,2012-05-13,2012,mai,dimanche,19:15,61,61494,0,0,1,3,3,1,1,3,2,02,1,1,0,49,1,0,1,1,1,53,5,2,2,0,2,1,15,201200001824A01,1,1,1,200068450
201200001877,2012-06-19,2012,juin,mardi,17:45,44,44172,47.253,-1.505,2,6,1,1,1,4,1,00,-1,-1,0,0,-1,5,0,3,2,75,0,3,1,0,2,6,1,201200001877B02,7,1,1,244400404
201200001912,2012-08-21,2012,août,mardi,11:30,44,44159,0,0,2,1,2,1,1,3,2,02,3,1,0,65,1,0,1,3,1,62,5,2,2,1,0,1,0,201200001912A01,14,24,1,200067635
201200001914,2012-10-05,2012,octobre,vendredi,18:45,44,44037,0,0,1,1,1,1,1,3,2,00,1,1,70,0,1,0,1,3,2,51,0,1,2,0,2,1,1,201200001914B02,7,1,1,200067635
201200001918,2012-02-20,2012,février,lundi,09:00,44,44213,0,0,1,1,2,1,7,3,2,02,1,2,0,70,1,0,1,3,1,72,5,3,1,0,2,8,1,201200001918A01,7,1,1,244400552
201200001970,2012-10-05,2012,octobre,vendredi,18:15,44,44073,47.42,-1.653,2,1,3,1,7,3,4,00,-1,1,0,60,1,5,1,3,1,44,5,3,1,0,2,8,1,201200001970B02,10,15,1,244400503
201200002028,2012-04-15,2012,avril,dimanche,11:45,44,44069,47.333,-2.43,2,6,3,1,1,4,2,00,-1,1,0,100,1,5,1,3,1,40,5,1,2,0,2,5,1,201200002028B02,7,1,1,244400610