Num_Acc,date,an,mois,jour,hrmn,dep,com,lat,long,agg,int,col,lum,atm,catr,circ,nbv,prof,plan,lartpc,larrout,surf,infra,situ,grav,sexe,age,trajet,secuexist,equipement,obs,obsm,choc,manv,vehiculeid,typevehicules,manoeuvehicules,numVehicules,_infos_commune.code_epci
201200006046,2012-06-18,2012,juin,lundi,07:00,43,43224,0,0,1,1,1,2,7,3,2,02,3,1,0,0,1,0,1,3,1,73,5,1,2,0,2,1,1,201200006046B02,7,17,1,200073427
201200006092,2012-09-03,2012,septembre,lundi,17:40,03,03190,0,0,2,2,6,1,1,4,2,02,1,1,0,90,1,0,1,3,2,70,5,1,2,0,2,7,1,201200006092A01,7,15,1,200071140
201200006130,2012-06-12,2012,juin,mardi,23:30,57,57137,0,0,1,1,3,3,1,3,2,02,2,1,0,75,1,0,1,3,1,21,5,2,4,0,2,8,0,201200006130C03,17,2,1,200039907
201200006131,2012-06-30,2012,juin,samedi,19:15,57,57572,49.00894,6.39427,2,1,1,1,1,4,2,02,2,1,26,52,1,0,1,3,1,16,5,3,1,0,2,1,19,201200006131A01,7,1,1,200039907
201200006167,2012-05-16,2012,mai,mercredi,17:00,57,57085,0,0,2,3,3,1,1,3,2,02,1,1,0,68,1,0,1,3,2,13,5,2,2,0,2,1,19,201200006167B02,10,1,1,200067650
201200006174,2012-07-03,2012,juillet,mardi,11:30,57,57183,0,0,2,1,1,1,1,3,2,02,1,1,0,0,1,0,1,3,2,10,5,3,9,0,2,8,19,201200006174B02,7,1,1,245701206
201200006183,2012-07-27,2012,juillet,vendredi,13:30,57,57665,0,0,1,1,3,1,1,3,2,02,1,1,0,80,1,0,1,3,1,58,5,1,2,0,0,8,2,201200006183A01,7,17,1,245700372
201200006184,2012-08-16,2012,août,jeudi,18:45,57,57144,0,0,2,1,1,1,1,3,2,02,1,1,0,57,1,0,1,3,1,71,5,1,2,0,2,1,1,201200006184B02,7,15,1,245700372
201200006217,2012-08-11,2012,août,samedi,10:00,57,57188,0,0,1,1,1,1,1,4,3,00,1,1,0,37,1,0,1,4,1,56,5,3,1,0,2,0,5,201200006217B02,7,5,1,200069441
201200006224,2012-08-23,2012,août,jeudi,08:45,57,57206,0,0,2,1,1,5,3,3,3,00,1,1,24,104,3,0,1,3,2,16,5,3,8,0,2,7,19,201200006224B02,7,1,1,245701222
201200006230,2012-06-10,2012,juin,dimanche,10:30,57,57269,0,0,1,1,2,1,1,3,2,02,1,1,0,88,1,0,1,3,1,48,5,3,1,0,2,8,13,201200006230A01,33,17,1,245701354
201200006236,2012-09-08,2012,septembre,samedi,14:30,57,57689,0,0,2,3,3,1,1,5,2,00,-1,1,0,61,1,0,1,4,1,7,5,1,2,0,2,1,1,201200006236B02,7,1,1,245701354
201200006243,2012-09-30,2012,septembre,dimanche,16:15,57,57585,0,0,2,1,1,1,1,3,2,02,1,1,0,61,1,5,1,4,1,47,5,1,2,0,2,1,1,201200006243B02,7,19,1,
201200006255,2012-10-06,2012,octobre,samedi,15:30,54,54315,0,0,1,1,1,1,1,3,2,02,1,1,0,0,1,0,1,3,1,43,5,3,1,0,0,5,1,201200006255B02,7,17,1,200070589
201200006262,2012-05-24,2012,mai,jeudi,05:45,54,54296,48.73249,6.30515,1,1,3,2,5,3,2,02,1,1,0,72,1,0,1,3,1,51,5,1,2,0,2,8,1,201200006262B02,15,1,1,200070589
201200006263,2012-05-26,2012,mai,samedi,12:45,54,54037,0,0,1,1,3,1,1,3,2,02,1,1,0,59,1,0,1,2,1,35,5,1,2,0,2,4,15,201200006263B02,7,13,1,245400189
201200006268,2012-09-06,2012,septembre,jeudi,18:30,54,54311,48.655,6.303,1,1,3,2,1,3,2,02,4,1,0,57,1,0,1,3,1,51,5,3,1,0,2,3,1,201200006268B02,21,15,1,200070589
201200006276,2012-03-21,2012,mars,mercredi,16:30,54,54150,48.79431,6.14966,2,1,3,1,1,3,2,02,1,3,0,72,1,5,1,3,1,62,5,1,2,0,2,8,2,201200006276B02,7,17,1,245400601
201200006320,2012-03-16,2012,mars,vendredi,17:05,03,03095,0,0,2,6,3,1,1,3,2,02,1,1,0,60,1,5,1,4,2,59,5,1,2,0,2,2,1,201200006320B01,7,9,1,200071363
201200006336,2012-05-28,2012,mai,lundi,12:00,03,03001,0,0,2,1,3,1,1,3,2,02,1,1,0,80,1,0,1,3,1,67,5,1,2,0,2,1,1,201200006336B01,10,15,1,200071363
201200006339,2012-06-06,2012,juin,mercredi,15:00,03,03023,0,0,2,1,3,1,1,3,2,02,1,1,0,90,1,0,1,3,2,16,5,2,9,0,2,3,13,201200006339B01,7,14,1,200071363
201200006343,2012-06-09,2012,juin,samedi,01:15,03,03310,0,0,2,6,3,5,1,4,2,02,1,1,0,60,1,5,1,4,1,36,1,2,9,0,2,6,1,201200006343A01,7,2,1,200071363
201200006358,2012-07-31,2012,juillet,mardi,16:40,03,03023,0,0,2,3,3,1,1,4,2,02,1,1,0,110,1,5,1,3,1,38,1,1,2,0,2,1,15,201200006358A01,7,1,1,200071363
201200006362,2012-08-30,2012,août,jeudi,19:30,03,03094,0,0,1,1,7,1,8,4,2,02,2,4,0,60,1,0,1,4,1,15,5,2,2,13,0,7,21,201200006362A01,7,13,1,200071363
201200006371,2012-10-16,2012,octobre,mardi,13:05,03,03095,0,0,2,6,3,1,1,4,2,02,1,1,0,60,1,5,1,4,2,56,4,2,9,0,2,2,1,201200006371B01,7,9,1,200071363
201200006379,2012-12-19,2012,décembre,mercredi,18:45,03,03095,0,0,2,6,3,5,1,4,2,02,1,1,0,60,1,5,1,4,1,36,5,3,9,0,2,2,1,201200006379B01,7,9,1,200071363
201200006383,2012-03-16,2012,mars,vendredi,14:30,54,54535,49.07885,5.90542,1,2,1,1,1,3,2,02,1,1,0,82,1,5,1,2,1,74,9,2,2,0,0,0,1,201200006383B02,7,1,1,200070738
201200006412,2012-09-04,2012,septembre,mardi,15:00,54,54548,48.54635,5.78122,2,3,3,1,1,3,2,02,1,1,57,57,1,0,1,4,1,10,5,3,1,0,2,8,19,201200006412B02,7,1,1,245400510
201200006444,2012-09-09,2012,septembre,dimanche,10:00,55,55229,48.874,5.553,2,1,1,1,1,4,2,02,2,3,0,36,1,0,1,3,2,8,5,3,1,0,2,3,1,201200006444A01,7,1,1,245500327
201200006461,2012-07-05,2012,juillet,jeudi,11:30,55,55204,49.03408,5.43518,2,1,2,1,1,3,2,02,1,1,0,74,1,0,1,3,2,13,5,1,9,0,2,6,1,201200006461A01,7,21,1,200066165
201200006469,2012-08-11,2012,août,samedi,11:45,88,88178,48.17283,6.39007,2,3,3,1,1,3,2,02,1,2,0,0,1,5,1,3,1,46,5,1,2,0,2,1,1,201200006469B02,7,15,1,200068757
201200006478,2012-04-15,2012,avril,dimanche,16:00,88,88480,48.34579,6.30302,1,3,1,1,6,3,2,02,2,1,0,0,1,0,1,3,1,26,5,1,2,0,2,1,13,201200006478A01,7,1,1,200068757
201200006482,2012-08-19,2012,août,dimanche,11:30,88,88090,48.37931,6.27163,1,3,3,1,1,3,2,02,1,1,98,12,1,5,1,3,1,61,5,1,2,0,2,1,1,201200006482A01,7,16,1,200068757
201200006505,2012-03-22,2012,mars,jeudi,07:50,88,88225,48.10552,6.45852,1,2,3,1,1,3,2,02,1,1,0,70,1,0,1,4,1,16,2,1,4,0,2,3,15,201200006505B02,7,17,1,200068757
201200006571,2012-06-16,2012,juin,samedi,15:30,88,88089,48.18103,6.80913,2,1,5,1,1,3,2,02,2,1,0,60,1,0,1,3,1,31,4,1,2,0,2,1,1,201200006571B02,7,15,1,200071066
201200006571,2012-06-16,2012,juin,samedi,15:30,88,88089,48.18103,6.80913,2,1,5,1,1,3,2,02,2,1,0,60,1,0,1,1,1,24,4,1,2,0,2,1,1,201200006571C03,7,15,1,200071066
201200006571,2012-06-16,2012,juin,samedi,15:30,88,88089,48.18103,6.80913,2,1,5,1,1,3,2,02,2,1,0,60,1,0,1,1,1,20,4,1,2,0,2,1,1,201200006571D04,7,15,1,200071066
201200006582,2012-11-16,2012,novembre,vendredi,13:45,88,88196,0,0,2,6,3,1,1,9,2,00,1,-1,0,60,1,5,1,3,2,81,5,1,2,0,2,7,1,201200006582B02,7,15,1,200096642
201200006593,2012-04-10,2012,avril,mardi,18:30,67,67028,0,0,1,6,3,2,2,3,1,01,1,2,270,81,2,5,1,3,1,14,3,2,4,0,2,1,1,201200006593A01,7,9,1,200067924
201200006596,2012-10-19,2012,octobre,vendredi,16:45,67,67028,0,0,2,6,1,1,1,3,2,02,-1,3,0,80,1,5,1,3,1,11,5,2,2,0,2,0,18,201200006596B02,15,16,1,200067924
201200006604,2012-05-15,2012,mai,mardi,14:30,67,67131,0,0,1,1,7,1,1,4,2,02,2,1,0,57,1,0,1,3,1,48,1,2,2,0,0,0,11,201200006604A01,,,,246700488
201200006628,2012-01-20,2012,janvier,vendredi,16:45,67,67046,0,0,2,1,3,2,2,4,2,02,1,1,0,0,2,5,1,3,2,43,5,2,4,0,2,8,16,201200006628B02,15,16,1,200067874
201200006643,2012-10-31,2012,octobre,mercredi,16:45,67,67368,0,0,2,1,1,2,1,3,2,02,-1,1,0,0,1,0,1,4,2,24,1,2,2,0,0,0,0,201200006643B02,7,17,1,246700744
201200006647,2012-06-27,2012,juin,mercredi,13:30,67,67122,0,0,2,1,1,1,1,4,2,02,2,3,0,55,1,0,1,3,1,14,5,2,2,0,2,1,13,201200006647A01,7,1,1,200068864
201200006664,2012-10-13,2012,octobre,samedi,14:00,67,67091,0,0,1,1,1,1,1,4,2,01,2,2,0,35,1,0,1,3,1,49,5,1,2,0,0,1,16,201200006664B02,7,15,1,200067841
201200006667,2012-08-08,2012,août,mercredi,09:45,67,67301,0,0,2,3,3,1,1,3,2,02,2,1,0,0,1,0,0,3,1,72,5,3,1,0,2,8,5,201200006667A01,7,12,1,200067874
201200006679,2012-06-17,2012,juin,dimanche,19:15,67,67202,48.76,7.576,2,1,1,2,1,3,2,02,1,1,28,0,1,0,4,3,1,15,5,3,1,1,0,1,0,201200006679A01,7,24,1,246700959
201200006689,2012-12-18,2012,décembre,mardi,07:30,67,67519,48.661,7.83,2,1,2,2,8,3,2,02,-1,2,0,122,1,0,1,3,1,53,1,1,4,0,2,4,11,201200006689B02,7,1,1,246700488
201200006699,2012-08-22,2012,août,mercredi,16:45,67,67118,0,0,2,1,3,1,1,3,2,02,1,1,0,45,1,0,1,3,2,47,1,3,1,0,2,7,19,201200006699B02,33,1,1,246700488
201200006703,2012-10-22,2012,octobre,lundi,16:15,67,67551,48.589,7.668,2,1,3,1,1,4,2,02,1,1,0,70,1,0,1,3,2,56,4,3,2,0,0,7,15,201200006703B02,7,1,1,246700488
201200006703,2012-10-22,2012,octobre,lundi,16:15,67,67551,48.589,7.668,2,1,3,1,1,4,2,02,1,1,0,70,1,0,1,1,1,3,0,1,3,0,0,7,15,201200006703B02,7,1,1,246700488
201200006724,2012-05-21,2012,mai,lundi,10:45,67,67443,0,0,1,6,3,1,1,3,2,00,1,1,0,0,1,5,5,3,1,52,1,1,2,0,2,3,19,201200006724B02,7,16,1,200041283
201200006725,2012-07-30,2012,juillet,lundi,16:00,67,67330,48.913,8.036,2,1,1,1,1,3,2,02,1,1,60,0,1,0,3,3,2,16,5,3,8,0,2,4,1,201200006725B02,7,1,1,200041283
201200006753,2012-08-21,2012,août,mardi,10:30,68,68277,48.16202,7.31688,1,1,2,1,1,3,2,02,1,1,90,0,1,0,1,3,1,58,5,2,2,0,9,1,1,201200006753A01,1,23,1,246800577
201200006753,2012-08-21,2012,août,mardi,10:30,68,68277,48.16202,7.31688,1,1,2,1,1,3,2,02,1,1,90,0,1,0,1,1,2,57,5,2,2,0,0,4,23,201200006753B02,1,1,1,246800577
201200006758,2012-01-02,2012,janvier,lundi,08:00,68,68226,48.04003,7.13513,2,1,1,2,2,4,2,02,1,1,0,60,2,0,1,4,1,36,1,3,2,0,2,1,23,201200006758B02,7,15,1,246800585
201200006766,2012-09-07,2012,septembre,vendredi,17:30,68,68358,48.00544,7.11567,1,1,3,1,1,4,2,02,2,3,0,42,1,0,1,3,1,63,5,1,2,0,2,3,1,201200006766A01,7,1,1,246800585
201200006770,2012-09-29,2012,septembre,samedi,11:30,68,68226,48.04239,7.15994,2,6,1,1,1,3,2,02,1,3,0,70,1,0,1,3,2,62,3,2,9,0,2,8,1,201200006770B02,10,1,1,246800585
201200006780,2012-01-06,2012,janvier,vendredi,17:45,68,68296,48.222,7.409,1,1,1,3,2,4,2,02,2,1,0,65,2,0,1,2,1,23,5,3,9,0,0,9,23,201200006780B02,10,1,1,246800577
201200006792,2012-10-21,2012,octobre,dimanche,14:45,68,68298,48.22725,7.1522,1,1,2,1,1,3,2,02,2,1,0,60,1,0,1,3,1,58,5,1,2,0,0,4,1,201200006792B02,7,1,1,246800395
201200006793,2012-08-10,2012,août,vendredi,10:30,68,68134,48.02909,7.31289,1,1,1,1,1,9,-1,00,1,1,0,33,1,0,5,3,1,59,5,1,2,0,2,1,1,201200006793B02,3,1,1,246800726
201200006832,2012-10-04,2012,octobre,jeudi,08:45,68,68154,47.77076,7.38748,2,6,3,1,1,3,2,01,1,1,0,0,1,5,1,3,1,66,3,2,2,0,0,7,1,201200006832A01,7,1,1,200066009
201200006845,2012-09-27,2012,septembre,jeudi,16:45,68,68121,47.52068,7.46909,2,1,2,1,1,4,2,02,1,1,0,50,1,0,1,3,1,8,5,2,9,0,0,4,1,201200006845B02,30,1,1,200066058
201200006854,2012-03-13,2012,mars,mardi,15:15,68,68348,47.80261,7.11796,2,1,2,1,1,3,2,02,1,1,0,63,1,0,1,4,1,47,5,1,2,0,2,4,1,201200006854B02,7,1,1,200036465
201200006861,2012-08-04,2012,août,samedi,18:30,68,68322,47.81242,7.1656,2,1,3,1,1,3,2,02,2,1,0,70,1,0,1,3,1,49,5,2,9,0,9,8,1,201200006861B02,31,1,1,200036465
201200006874,2012-11-07,2012,novembre,mercredi,22:30,68,68151,47.88391,6.9997,1,1,1,3,1,4,2,02,1,1,0,65,1,0,1,3,1,51,5,1,2,0,2,1,5,201200006874A01,7,1,1,246800205
201200006891,2012-09-06,2012,septembre,jeudi,09:45,51,51326,0,0,1,1,3,1,1,3,2,02,1,1,0,65,1,0,1,3,1,62,5,3,8,0,2,3,1,201200006891B02,7,17,1,200066876
201200006897,2012-10-31,2012,octobre,mercredi,10:00,51,51559,0,0,2,3,3,1,1,3,2,02,1,1,,126,1,5,1,2,2,73,3,3,9,0,2,3,0,201200006897B02,21,15,1,200042620
201200006916,2012-05-19,2012,mai,samedi,12:00,51,51035,0,0,1,1,3,1,1,3,2,02,1,1,63,63,1,0,1,3,1,64,5,1,9,0,2,8,1,201200006916B02,10,14,1,245100979
201200006930,2012-09-07,2012,septembre,vendredi,17:15,51,51492,0,0,2,3,3,1,1,4,2,00,1,1,0,35,1,0,1,3,1,13,5,3,1,0,2,1,1,201200006930A01,7,1,1,200066835
201200006961,2012-12-14,2012,décembre,vendredi,11:00,51,51649,0,0,2,1,2,1,8,4,2,02,1,1,0,80,2,0,1,4,1,20,5,2,4,0,,6,23,201200006961B02,7,1,1,200034718
201200006978,2012-08-09,2012,août,jeudi,17:15,08,08352,49.6494,4.5831,1,1,1,1,1,3,2,00,3,1,0,70,1,0,1,2,1,42,5,1,2,0,2,0,5,201200006978B02,10,5,1,240800862
201200006997,2012-08-01,2012,août,mercredi,18:15,08,08190,0,0,2,1,2,1,1,3,2,00,-1,-1,0,0,-1,0,0,2,2,77,3,3,1,0,0,4,1,201200006997A01,10,1,1,240800821
201200006999,2012-12-06,2012,décembre,jeudi,09:15,08,08190,0,0,1,1,2,1,7,3,2,02,2,1,0,65,2,0,1,2,1,60,5,3,1,0,2,4,1,201200006999B02,38,17,1,240800821
201200007005,2012-03-23,2012,mars,vendredi,14:00,08,08145,49.678,5.054,1,1,3,1,1,3,2,02,2,1,66,0,1,0,1,3,1,39,1,1,2,0,2,8,1,201200007005B02,10,17,1,240800847
201200007058,2012-01-21,2012,janvier,samedi,08:45,10,10033,48.2311,4.70434,2,2,3,1,2,3,2,02,1,1,,57,2,5,1,3,2,89,3,3,9,0,2,1,1,201200007058A02,7,1,1,241000405
201200007091,2012-03-29,2012,mars,jeudi,16:15,10,10132,48.504,3.909,1,1,2,1,1,3,2,02,1,1,,60,1,0,1,3,1,53,5,3,9,0,0,4,1,201200007091B02,7,1,1,200070126
201200007093,2012-06-01,2012,juin,vendredi,11:15,10,10323,48.51138,3.72148,2,3,3,1,1,3,2,02,1,1,,,1,,1,3,2,75,5,3,9,0,2,8,1,201200007093B02,7,15,1,200000545
201200007097,2012-03-20,2012,mars,mardi,11:30,52,52469,48.04609,5.05759,1,9,2,1,1,2,2,03,4,1,36,155,1,3,1,2,2,52,5,2,2,0,0,4,1,201200007097B02,7,9,1,200068658
201200007098,2012-03-31,2012,mars,samedi,14:45,52,52522,48.23114,5.13823,1,1,4,1,1,3,-1,00,-1,1,0,73,1,0,1,4,1,56,5,1,2,0,0,1,1,201200007098C03,1,1,2,200068658
201200007098,2012-03-31,2012,mars,samedi,14:45,52,52522,48.23114,5.13823,1,1,4,1,1,3,-1,00,-1,1,0,73,1,0,1,3,1,58,5,1,2,0,0,4,1,201200007098A01,1,1,2,200068658
201200007098,2012-03-31,2012,mars,samedi,14:45,52,52522,48.23114,5.13823,1,1,4,1,1,3,-1,00,-1,1,0,73,1,0,1,3,1,65,5,1,2,0,0,1,1,201200007098B02,1,1,2,200068658
201200007125,2012-08-04,2012,août,samedi,11:45,52,52374,47.78884,5.4137,1,1,1,1,1,3,2,01,1,3,0,68,1,0,1,3,2,63,9,3,1,0,2,9,1,201200007125B02,7,1,1,200070332
201200007157,2012-08-31,2012,août,vendredi,08:30,21,21699,0,0,1,3,3,1,1,3,2,00,2,1,0,65,1,5,0,3,1,43,1,3,1,0,2,1,1,201200007157B02,7,15,1,200070902
201200007262,2012-12-24,2012,décembre,lundi,18:30,58,58117,47.017,3.088,2,1,3,5,2,3,2,02,1,2,0,0,2,5,1,3,1,71,5,3,1,0,2,1,1,201200007262B02,7,15,1,245804406
201200007302,2012-03-25,2012,mars,dimanche,18:45,58,58059,47.166,3.021,2,1,1,1,1,3,2,02,1,1,0,75,1,0,1,3,1,54,5,2,2,0,2,3,1,201200007302B02,7,13,1,200068088
201200007319,2012-08-12,2012,août,dimanche,11:15,71,71169,0,0,1,1,3,1,1,3,2,02,2,1,38,0,1,5,1,3,1,31,5,2,2,0,2,1,1,201200007319A01,7,15,1,200070308
201200007320,2012-08-14,2012,août,mardi,15:15,71,71360,0,0,1,1,5,1,1,4,-1,00,1,4,0,45,1,0,1,3,1,49,5,1,2,0,2,1,2,201200007320B02,30,13,1,200070308
201200007320,2012-08-14,2012,août,mardi,15:15,71,71360,0,0,1,1,5,1,1,4,-1,00,1,4,0,45,1,0,1,4,1,17,5,1,2,0,2,1,2,201200007320C03,30,13,1,200070308
201200007335,2012-08-17,2012,août,vendredi,14:30,71,71591,0,0,1,1,1,1,1,3,2,03,1,1,0,35,1,0,1,2,1,58,5,1,2,0,2,4,1,201200007335B02,7,17,1,200069698
201200007337,2012-02-26,2012,février,dimanche,11:30,71,71014,46.956,4.292,2,1,3,1,1,4,2,02,1,1,0,60,1,0,1,3,1,43,5,1,2,1,0,1,1,201200007337B02,7,22,1,200070530
201200007346,2012-08-01,2012,août,mercredi,12:45,71,71294,46.835,4.716,1,1,7,1,1,4,-1,00,2,-1,0,35,1,0,1,3,1,57,5,1,2,0,0,0,1,201200007346A01,,,,247100589
201200007355,2012-01-04,2012,janvier,mercredi,13:15,71,71052,46.607,4.896,2,1,1,1,7,3,2,02,1,1,15,80,2,0,1,3,1,28,5,2,2,0,0,6,2,201200007355B02,7,2,1,247103765
201200007369,2012-12-31,2012,décembre,lundi,19:00,71,71106,46.443,4.274,2,4,1,3,1,3,2,01,2,1,0,25,1,0,1,2,1,51,5,2,2,0,2,1,15,201200007369A01,7,1,1,200071884
201200007383,2012-07-31,2012,juillet,mardi,14:30,71,71238,46.21221,4.10144,1,1,7,1,1,4,-1,00,2,3,0,25,-1,0,3,2,2,13,5,2,2,13,0,1,1,201200007383A01,,,,247103864
201200007405,2012-09-30,2012,septembre,dimanche,14:45,71,71340,0,0,1,1,3,1,1,4,2,01,2,1,0,24,1,0,1,3,1,8,5,2,2,0,2,7,19,201200007405B02,7,1,1,200071884
201200007419,2012-09-17,2012,septembre,lundi,17:15,71,71386,46.657,5.088,2,1,2,1,1,3,2,02,1,1,0,57,1,0,1,3,1,56,9,2,2,0,2,4,15,201200007419A01,7,2,1,200071579
201200007459,2012-10-22,2012,octobre,lundi,07:15,89,89023,47.77362,3.61823,1,1,1,3,1,3,2,00,1,1,0,68,1,0,1,3,1,16,1,1,4,0,0,4,1,201200007459B02,7,1,1,200067114
201200007490,2012-02-21,2012,février,mardi,15:45,89,89206,47.98275,3.39033,2,1,3,1,1,3,2,00,1,1,0,0,1,2,1,4,1,72,5,1,9,0,2,1,1,201200007490B02,7,15,1,248900938
201200007552,2012-07-16,2012,juillet,lundi,19:45,25,25021,47.039,5.792,2,3,3,1,7,4,2,00,-1,1,0,0,1,0,1,3,2,17,0,2,2,0,2,2,1,201200007552A01,7,1,1,200068070
201200007573,2012-05-30,2012,mai,mercredi,14:45,25,25196,47.482,6.896,2,1,1,1,1,3,2,02,1,1,0,0,1,5,1,4,1,70,5,3,1,0,2,1,1,201200007573B02,7,10,1,200065647
201200007590,2012-10-31,2012,octobre,mercredi,14:00,25,25519,47.33,6.814,2,1,3,1,1,3,2,02,2,1,0,68,1,0,1,3,1,13,5,2,2,0,2,1,9,201200007590A01,7,1,1,200023075
201200007606,2012-03-30,2012,mars,vendredi,16:45,25,25039,47.13271,6.43472,2,1,3,1,1,4,2,00,1,1,0,60,1,0,1,4,2,7,2,1,2,0,2,7,19,201200007606B02,7,1,1,242504181
201200007639,2012-06-06,2012,juin,mercredi,14:00,25,25240,47.06977,6.61596,2,1,1,1,1,4,2,02,-1,-1,0,58,1,0,1,3,1,49,5,1,2,0,0,1,0,201200007639B02,7,1,1,242504116
201200007674,2012-06-10,2012,juin,dimanche,09:15,39,39083,46.82,6.058,2,1,2,1,1,3,2,02,1,1,0,62,1,0,1,4,1,53,5,1,2,0,2,4,2,201200007674B02,7,2,1,200069623
201200007679,2012-08-21,2012,août,mardi,17:00,39,39434,0,0,2,1,2,1,1,3,2,00,1,1,0,80,1,0,1,3,1,57,3,1,2,0,2,1,1,201200007679B02,14,4,1,200071595
201200007710,2012-07-05,2012,juillet,jeudi,19:00,39,39478,0,0,2,9,6,1,1,4,2,02,2,1,0,0,1,0,1,4,1,25,5,1,2,0,1,1,19,201200007710A01,,,,200026573
201200007744,2012-07-11,2012,juillet,mercredi,13:15,70,70197,0,0,1,1,1,1,1,3,2,00,-1,3,0,56,1,0,1,3,1,17,5,1,9,0,2,8,1,201200007744A01,2,1,1,200041853
201200007759,2012-06-27,2012,juin,mercredi,21:00,70,70451,0,0,2,1,1,2,1,4,2,02,-1,1,0,55,1,0,1,4,1,18,5,1,9,16,0,1,1,201200007759A01,2,2,1,247000821
201200007760,2012-07-26,2012,juillet,jeudi,12:00,70,70283,0,0,1,1,5,1,1,3,2,00,2,3,0,47,1,0,1,4,1,61,5,1,2,0,0,3,1,201200007760C03,10,1,1,247000854
201200007760,2012-07-26,2012,juillet,jeudi,12:00,70,70283,0,0,1,1,5,1,1,3,2,00,2,3,0,47,1,0,1,3,1,57,5,1,2,0,2,3,17,201200007760A01,10,1,1,247000854
201200007796,2012-09-07,2012,septembre,vendredi,15:45,70,70255,0,0,2,1,2,1,1,3,2,00,1,1,0,78,1,0,1,4,1,79,5,1,9,0,0,4,1,201200007796B02,2,1,1,247000698
201200007804,2012-09-03,2012,septembre,lundi,14:15,90,90035,0,0,1,1,1,1,1,3,2,02,1,-1,0,73,1,5,1,2,1,83,3,1,9,0,2,8,15,201200007804B02,7,1,1,200069052
201200007814,2012-07-10,2012,juillet,mardi,13:15,90,90014,0,0,1,1,6,1,1,3,-1,00,-1,1,0,61,1,0,1,3,1,12,0,3,8,0,2,2,1,201200007814B02,7,1,1,249000241
201200007876,2012-10-20,2012,octobre,samedi,16:30,13,13015,0,0,2,1,3,1,1,3,3,02,1,1,20,90,1,0,1,3,1,42,0,3,2,0,2,8,1,201200007876B02,7,14,1,200054807
201200007878,2012-05-24,2012,mai,jeudi,11:15,13,13110,43.45131,5.67783,2,1,6,1,1,3,2,00,-1,1,0,72,1,0,3,3,1,74,5,1,2,1,0,1,1,201200007878A01,,,,200054807
201200007896,2012-09-30,2012,septembre,dimanche,17:45,13,13004,0,0,1,1,6,1,1,3,3,04,2,1,0,0,1,0,2,3,1,21,5,2,2,0,0,1,1,201200007896A01,,,,241300417
201200007906,2012-07-27,2012,juillet,vendredi,19:30,13,13027,0,0,2,1,3,1,1,9,2,02,1,1,0,0,1,0,1,1,1,20,0,3,2,0,0,0,14,201200007906B02,34,21,1,200035087
201200007942,2012-06-02,2012,juin,samedi,14:30,13,13004,0,0,1,1,5,1,1,3,2,02,1,1,0,60,1,0,1,3,1,70,5,1,2,0,2,4,1,201200007942B02,7,1,1,241300417
201200007942,2012-06-02,2012,juin,samedi,14:30,13,13004,0,0,1,1,5,1,1,3,2,02,1,1,0,60,1,0,1,3,2,69,5,1,2,0,2,4,1,201200007942C03,7,1,1,241300417
201200007945,2012-03-12,2012,mars,lundi,17:30,13,13042,43.2971,5.62062,2,1,3,1,1,3,2,02,1,1,0,70,1,0,1,4,1,31,5,2,2,0,2,1,1,201200007945B02,7,15,1,200054807
201200007950,2012-10-29,2012,octobre,lundi,14:00,13,13042,0,0,2,1,1,1,7,3,2,02,1,1,0,66,1,0,1,3,1,45,5,1,2,0,2,1,1,201200007950B02,7,13,1,200054807
201200007960,2012-08-24,2012,août,vendredi,01:15,13,13022,43.2208,5.54005,2,1,1,5,1,4,1,00,2,2,0,60,1,0,1,3,1,25,5,2,2,0,2,1,1,201200007960B02,32,1,1,200054807
201200007960,2012-08-24,2012,août,vendredi,01:15,13,13022,43.2208,5.54005,2,1,1,5,1,4,1,00,2,2,0,60,1,0,1,3,1,25,0,2,2,0,2,1,1,201200007960B02,32,1,1,200054807
201200007988,2012-10-21,2012,octobre,dimanche,16:30,13,13092,0,0,2,1,1,1,1,3,-1,00,-1,4,0,60,1,0,1,4,1,15,5,3,8,0,2,1,1,201200007988B02,7,1,1,200054807
201200008032,2012-12-31,2012,décembre,lundi,14:00,04,04024,0,0,1,1,6,1,1,3,2,02,-1,2,0,70,1,0,1,2,1,39,5,2,2,3,0,1,1,201200008032A01,,,,200067437
201200008045,2012-06-28,2012,juin,jeudi,09:45,04,04031,0,0,1,1,1,1,1,3,2,02,2,3,0,66,1,0,1,3,1,68,5,1,2,0,2,2,13,201200008045A01,7,1,1,200067437
201200008107,2012-08-02,2012,août,jeudi,15:00,38,38241,44.758,5.88499,1,1,1,1,1,3,2,02,2,3,0,55,1,0,1,3,1,68,5,1,2,0,2,8,13,201200008107A01,7,1,1,200040657
201200008129,2012-07-29,2012,juillet,dimanche,13:45,05,05079,44.97383,6.50806,2,2,1,1,1,4,-1,,1,1,0,18,1,0,,3,1,7,5,1,2,0,2,7,15,201200008129B02,7,1,1,240500439
201200008134,2012-05-12,2012,mai,samedi,12:00,05,05164,44.51445,6.39972,1,1,5,1,1,3,2,02,2,2,0,65,1,0,1,1,1,51,5,1,9,0,,4,1,201200008134C03,33,1,2,200067742
201200008162,2012-03-04,2012,mars,dimanche,12:45,06,06075,43.842,7.232,1,1,1,1,1,3,2,01,2,1,0,44,1,0,1,1,2,42,5,1,9,0,0,0,0,201200008162B02,1,2,1,200030195