Num_Acc,date,an,mois,jour,hrmn,dep,com,lat,long,agg,int,col,lum,atm,catr,circ,nbv,prof,plan,lartpc,larrout,surf,infra,situ,grav,sexe,age,trajet,secuexist,equipement,obs,obsm,choc,manv,vehiculeid,typevehicules,manoeuvehicules,numVehicules,_infos_commune.code_epci
201200008162,2012-03-04,2012,mars,dimanche,12:45,06,06075,43.842,7.232,1,1,1,1,1,3,2,01,2,1,0,44,1,0,1,3,2,42,5,1,9,6,0,0,2,201200008162A01,1,0,1,200030195
201200008178,2012-02-15,2012,février,mercredi,15:30,06,06108,0,0,2,1,1,1,1,3,2,00,1,1,0,89,1,0,1,3,1,79,5,2,4,0,2,2,15,201200008178B02,10,1,1,200039857
201200008188,2012-06-19,2012,juin,mardi,09:30,06,06079,0,0,2,1,1,1,1,3,2,02,-1,1,0,80,1,0,1,4,1,64,5,2,2,0,2,5,19,201200008188B02,10,1,1,200039915
201200008195,2012-08-15,2012,août,mercredi,07:45,06,06138,0,0,2,1,1,1,1,3,2,00,2,1,0,0,1,0,1,3,1,69,5,1,2,0,2,1,1,201200008195B02,10,20,1,200039915
201200008213,2012-11-15,2012,novembre,jeudi,11:45,06,06081,0,0,1,1,7,1,9,3,2,02,2,1,0,70,7,0,1,3,1,67,5,1,2,0,0,0,1,201200008213A01,,,,200039857
201200008222,2012-08-25,2012,août,samedi,19:15,06,06157,0,0,1,1,1,2,2,3,-1,02,-1,-1,0,89,2,0,1,3,1,59,5,1,2,0,2,1,1,201200008222B02,14,13,1,200030195
201200008247,2012-10-08,2012,octobre,lundi,15:30,06,06059,0,0,1,1,6,1,1,3,2,00,2,2,0,100,1,0,3,3,1,51,5,1,2,13,0,1,1,201200008247A01,,,,200030195
201200008343,2012-07-05,2012,juillet,jeudi,10:45,83,83006,0,0,1,1,1,1,1,3,2,02,1,1,0,60,1,0,5,3,1,63,5,1,2,0,2,3,1,201200008343B02,7,14,1,200040202
201200008367,2012-08-01,2012,août,mercredi,09:45,83,83087,0,0,1,1,7,1,1,3,2,02,1,1,0,0,1,0,1,2,1,79,0,1,2,0,0,0,0,201200008367A01,,,,200068104
201200008382,2012-12-24,2012,décembre,lundi,10:15,83,83107,0,0,2,1,1,1,1,3,2,02,2,3,0,54,2,0,1,4,1,52,5,1,2,0,2,7,1,201200008382A01,33,1,1,200035319
201200008387,2012-01-23,2012,janvier,lundi,15:15,83,83068,0,0,1,1,7,1,1,9,2,02,-1,1,0,30,1,0,1,3,1,80,5,2,4,0,0,1,1,201200008387A01,,,,200036077
201200008402,2012-05-16,2012,mai,mercredi,17:00,83,83042,0,0,2,1,1,1,1,4,2,02,1,2,0,62,1,0,1,3,1,45,5,2,2,0,2,1,1,201200008402B02,7,5,1,200036077
201200008428,2012-12-12,2012,décembre,mercredi,18:45,83,83068,0,0,1,1,3,5,1,3,2,00,1,3,0,70,1,0,1,3,1,36,9,2,4,0,2,7,19,201200008428B02,10,1,1,200036077
201200008512,2012-11-03,2012,novembre,samedi,10:30,84,84054,43.923,5.052,2,1,1,1,1,4,2,02,1,1,0,78,1,0,5,3,2,38,5,3,1,0,1,4,1,201200008512B02,7,14,1,248400319
201200008565,2012-02-20,2012,février,lundi,12:00,84,84044,0,0,2,1,1,1,1,4,2,00,-1,1,0,0,-1,0,1,3,1,75,5,1,2,0,2,1,19,201200008565A01,7,1,1,248400335
201200008567,2012-08-01,2012,août,mercredi,13:15,84,84015,0,0,1,1,6,1,1,3,2,02,2,2,0,0,1,0,1,3,1,23,5,3,1,5,0,0,1,201200008567A01,,,,248400053
201200008570,2012-05-12,2012,mai,samedi,08:45,84,84072,44.05,5.137,1,1,4,1,1,3,2,02,1,1,0,47,1,0,1,2,1,49,5,2,2,0,2,1,1,201200008570C03,7,1,2,248400053
201200008617,2012-07-17,2012,juillet,mardi,15:30,84,84137,0,0,2,1,3,1,1,4,2,02,1,3,0,79,1,5,1,3,1,33,5,1,2,0,2,1,17,201200008617A01,10,11,1,248400335
201200008619,2012-09-11,2012,septembre,mardi,19:00,84,84069,0,0,1,1,3,2,1,3,2,02,2,3,0,35,1,0,0,3,1,37,5,1,2,0,2,7,5,201200008619B02,10,1,1,248400053
201200008669,2012-08-09,2012,août,jeudi,09:00,34,34344,0,0,2,1,4,1,1,4,3,00,1,-1,10,0,1,0,1,3,2,67,0,1,2,0,2,4,0,201200008669C03,7,0,1,243400470
201200008669,2012-08-09,2012,août,jeudi,09:00,34,34344,0,0,2,1,4,1,1,4,3,00,1,-1,10,0,1,0,1,3,1,48,0,1,2,0,2,4,0,201200008669B02,7,0,1,243400470
201200008670,2012-09-07,2012,septembre,vendredi,11:00,34,34344,0,0,2,1,2,1,1,4,2,02,1,1,0,80,1,0,1,3,1,84,5,2,2,1,0,1,2,201200008670A01,7,0,1,243400470
201200008671,2012-09-07,2012,septembre,vendredi,18:45,34,34344,0,0,2,1,1,1,1,4,1,00,-1,-1,0,0,1,0,0,3,1,54,5,3,1,0,0,1,0,201200008671B02,7,1,1,243400470
201200008676,2012-01-09,2012,janvier,lundi,11:15,34,34145,43.67317,4.13229,2,1,3,1,7,3,1,01,1,1,0,0,1,0,1,3,1,81,5,3,1,0,2,7,19,201200008676B02,7,1,1,243400520
201200008738,2012-08-25,2012,août,samedi,10:30,34,34310,43.419,3.166,1,1,2,1,1,3,2,00,1,1,0,100,1,0,1,3,2,48,5,1,2,0,2,4,1,201200008738B02,7,1,1,200071058
201200008742,2012-04-15,2012,avril,dimanche,11:30,34,34189,43.28543,2.72838,2,1,3,1,1,4,2,01,1,1,0,70,1,0,1,3,1,41,5,1,2,0,0,7,1,201200008742B02,7,23,1,200066348
201200008759,2012-08-08,2012,août,mercredi,19:30,34,34293,43.606,2.705,1,1,1,2,7,3,2,00,2,-1,0,72,1,0,1,3,1,51,5,1,2,0,2,3,1,201200008759B02,10,15,1,200066553
201200008765,2012-02-15,2012,février,mercredi,16:45,34,34094,0,0,1,1,1,1,6,3,2,02,-1,1,0,70,1,0,1,3,1,60,5,2,2,0,2,8,1,201200008765B02,7,17,1,243400769
201200008770,2012-07-22,2012,juillet,dimanche,09:30,34,34094,0,0,1,1,2,1,1,3,2,02,1,1,0,0,1,0,1,3,1,47,5,3,1,0,2,4,1,201200008770B02,7,2,1,243400769
201200008772,2012-12-16,2012,décembre,dimanche,10:30,34,34237,0,0,1,1,6,1,9,3,2,02,-1,2,0,54,1,0,1,3,1,42,5,2,2,0,0,5,1,201200008772A01,,,,200071058
201200008774,2012-04-11,2012,avril,mercredi,14:45,34,34299,43.28356,3.2809,2,1,3,1,1,3,2,00,1,1,0,57,1,0,1,3,1,15,5,3,8,0,2,8,19,201200008774B02,33,17,1,243400769
201200008777,2012-06-02,2012,juin,samedi,17:30,34,34329,0,0,1,6,2,1,1,3,2,02,1,2,10,60,1,5,1,4,1,35,1,1,2,0,0,4,15,201200008777A01,7,9,1,243400488
201200008782,2012-08-17,2012,août,vendredi,10:45,34,34324,0,0,2,6,1,1,1,4,-1,02,1,-1,68,58,1,5,1,3,2,33,5,3,1,0,2,1,1,201200008782B02,7,16,1,243400769
201200008784,2012-08-28,2012,août,mardi,16:45,34,34209,43.472,3.604,2,6,3,1,1,3,2,00,1,2,0,71,1,0,1,3,1,67,5,3,1,0,2,1,1,201200008784B02,7,9,1,243400819
201200008804,2012-03-13,2012,mars,mardi,14:00,34,34150,43.32149,3.5313,1,1,3,1,1,3,2,02,4,3,0,60,1,0,1,3,2,69,5,2,2,0,2,3,2,201200008804B02,7,17,1,200066355
201200008810,2012-06-22,2012,juin,vendredi,18:30,34,34101,0,0,1,1,3,1,1,3,2,00,-1,-1,0,0,1,0,1,3,1,71,5,3,1,0,2,1,1,201200008810B02,7,11,1,243400819
201200008817,2012-11-23,2012,novembre,vendredi,11:00,34,34150,43.534,3.917,2,3,3,1,1,4,3,02,-1,1,20,60,1,5,0,3,1,66,5,1,2,0,2,2,1,201200008817A01,7,16,1,200066355
201200008819,2012-10-11,2012,octobre,jeudi,16:00,34,34087,0,0,1,1,1,1,1,3,2,02,1,1,52,0,1,0,1,3,1,69,5,1,4,0,2,1,1,201200008819B02,7,21,1,243400017
201200008825,2012-10-14,2012,octobre,dimanche,00:30,34,34143,43.43839,3.62349,1,1,6,3,8,3,2,02,1,1,0,76,1,0,1,2,1,16,5,2,4,0,2,1,1,201200008825A01,7,1,1,200066355
201200008825,2012-10-14,2012,octobre,dimanche,00:30,34,34143,43.43839,3.62349,1,1,6,3,8,3,2,02,1,1,0,76,1,0,1,3,1,17,5,2,4,0,2,1,1,201200008825A01,7,1,1,200066355
201200008836,2012-10-04,2012,octobre,jeudi,18:15,11,11190,43.254,2.669,1,9,3,1,1,3,2,00,1,1,0,55,1,2,1,3,1,10,5,3,1,0,0,8,9,201200008836A01,7,1,1,200035715
201200008841,2012-01-21,2012,janvier,samedi,08:30,11,11430,0,0,1,1,2,1,1,3,2,02,1,1,0,66,1,2,1,3,2,68,5,2,4,0,2,4,2,201200008841B02,7,2,1,200035855
201200008868,2012-04-24,2012,avril,mardi,18:15,11,11129,0,0,1,3,3,1,1,3,2,02,2,2,0,0,1,0,1,3,1,16,5,3,1,0,2,8,19,201200008868A02,7,1,1,200043776
201200008887,2012-06-20,2012,juin,mercredi,20:15,11,11910,0,0,1,1,1,1,1,3,2,02,1,1,0,70,1,0,1,3,1,35,5,1,2,0,2,1,1,201200008887B02,7,13,1,
201200008888,2012-07-24,2012,juillet,mardi,09:45,11,11269,0,0,2,1,2,1,7,3,2,02,1,1,0,57,1,0,1,2,1,73,5,1,2,0,2,4,15,201200008888B02,7,1,1,241100593
201200008921,2012-07-23,2012,juillet,lundi,22:00,11,11266,0,0,1,1,2,3,1,3,-1,02,1,1,0,70,1,0,1,3,1,57,5,3,1,0,2,4,1,201200008921A01,30,1,1,241100593
201200008923,2012-03-31,2012,mars,samedi,14:30,30,30133,43.52626,4.14986,2,6,1,1,1,3,1,00,1,2,0,60,1,5,1,4,1,70,5,3,2,0,2,1,1,201200008923B02,7,9,1,243000650
201200008932,2012-08-10,2012,août,vendredi,17:15,30,30133,43.52176,4.14182,2,1,1,1,1,4,1,04,1,1,35,135,1,6,1,3,2,16,5,2,2,0,2,8,19,201200008932B02,10,1,1,243000650
201200008933,2012-08-15,2012,août,mercredi,11:45,30,30133,0,0,2,1,1,1,1,4,3,02,1,1,32,36,1,6,1,3,2,66,5,3,1,0,2,8,19,201200008933B02,7,1,1,243000650
201200008937,2012-11-19,2012,novembre,lundi,10:15,30,30133,43.54009,4.13413,2,1,1,1,7,4,2,00,1,2,0,62,1,0,1,3,1,74,5,2,2,0,2,8,2,201200008937B02,7,15,1,243000650
201200008947,2012-04-03,2012,avril,mardi,09:45,30,30082,43.86054,4.21624,1,6,3,1,1,3,-1,02,2,2,0,0,1,5,1,4,1,45,5,1,2,0,2,7,1,201200008947B02,7,9,1,243000643
201200008953,2012-07-29,2012,juillet,dimanche,10:15,30,30114,43.8277,4.0953,1,1,1,1,1,3,2,00,-1,1,0,70,1,0,1,4,2,68,5,2,2,0,9,8,1,201200008953B02,10,17,1,243000296
201200008957,2012-10-11,2012,octobre,jeudi,13:45,30,30062,43.78361,4.20184,2,1,1,1,1,4,2,00,1,1,0,30,1,0,1,1,1,14,2,3,1,0,2,1,19,201200008957B02,1,1,1,243000296
201200008957,2012-10-11,2012,octobre,jeudi,13:45,30,30062,43.78361,4.20184,2,1,1,1,1,4,2,00,1,1,0,30,1,0,1,4,1,73,5,3,1,0,2,2,1,201200008957A01,1,19,1,243000296
201200008966,2012-09-12,2012,septembre,mercredi,18:30,30,30156,43.87364,4.44293,1,1,1,1,1,3,2,02,2,1,0,55,1,2,1,3,1,52,5,1,2,12,2,8,1,201200008966B02,7,17,1,243000643
201200009006,2012-09-16,2012,septembre,dimanche,12:00,30,30307,44.1795,4.05112,1,1,2,1,1,2,2,02,-1,2,0,114,1,0,1,3,1,65,5,1,2,0,2,4,2,201200009006B02,7,2,1,200066918
201200009010,2012-02-25,2012,février,samedi,14:00,30,30284,44.15929,4.05973,1,1,3,1,1,2,2,02,1,3,0,71,1,0,1,3,1,68,5,2,2,0,2,4,2,201200009010B02,7,2,1,200066918
201200009027,2012-06-20,2012,juin,mercredi,10:00,30,30259,44.08165,4.12741,2,1,1,1,1,4,2,02,1,3,0,46,1,0,1,3,1,73,5,3,1,0,2,1,1,201200009027B02,14,4,1,200066918
201200009041,2012-05-30,2012,mai,mercredi,16:15,30,30029,44.2892,4.32804,1,1,3,1,1,3,2,02,-1,1,0,53,1,0,1,3,2,57,5,2,2,0,2,1,15,201200009041A01,10,13,1,200035129
201200009042,2012-06-11,2012,juin,lundi,17:00,30,30164,44.22588,4.34787,2,1,3,1,1,4,1,01,1,1,0,45,1,0,1,4,1,11,5,3,1,0,2,1,5,201200009042A01,7,1,1,200035129
201200009045,2012-09-05,2012,septembre,mercredi,14:45,30,30237,44.27018,4.19287,1,1,3,1,1,3,2,00,-1,3,0,0,1,0,1,3,1,15,0,2,2,0,2,0,2,201200009045B02,7,1,1,200035129
201200009092,2012-07-27,2012,juillet,vendredi,15:15,30,30336,43.85081,4.61818,1,1,3,1,7,3,2,00,-1,1,0,0,1,0,1,2,1,46,5,1,2,0,2,6,1,201200009092B02,14,1,1,243000585
201200009108,2012-06-11,2012,juin,lundi,14:30,30,30312,0,0,1,2,3,1,1,4,2,02,1,1,0,50,1,0,1,3,1,23,5,2,2,0,2,1,1,201200009108B02,7,1,1,248400251
201200009116,2012-02-25,2012,février,samedi,16:30,30,30182,43.85509,4.18149,1,1,1,1,1,3,-1,02,-1,2,0,90,1,0,1,2,1,40,5,3,1,0,2,1,1,201200009116B02,7,13,1,243000296
201200009125,2012-05-19,2012,mai,samedi,09:45,30,30313,43.96024,4.23705,1,1,3,1,1,3,2,00,1,1,0,74,1,0,1,3,1,74,5,1,2,0,2,3,1,201200009125B02,7,17,1,243000643
201200009164,2012-09-10,2012,septembre,lundi,13:15,48,48074,44.248,3.356,1,1,4,1,1,3,2,02,1,2,0,50,1,0,1,3,1,55,5,3,1,0,2,1,1,201200009164C03,7,1,1,200069151
201200009164,2012-09-10,2012,septembre,lundi,13:15,48,48074,44.248,3.356,1,1,4,1,1,3,2,02,1,2,0,50,1,0,1,2,2,54,5,3,1,0,2,1,1,201200009164B02,7,1,1,200069151
201200009188,2012-05-12,2012,mai,samedi,11:30,66,66164,0,0,1,1,3,1,1,3,3,00,1,1,5,35,1,0,3,3,1,77,0,1,2,0,2,8,14,201200009188B02,37,1,1,200027183
201200009196,2012-07-02,2012,juillet,lundi,11:00,66,66017,42.8,3.03694,2,6,1,1,1,4,3,00,1,2,0,60,1,5,1,3,2,54,5,1,2,0,2,7,1,201200009196B02,7,9,1,200027183
201200009216,2012-01-14,2012,janvier,samedi,09:45,66,66175,42.54324,2.92668,1,1,1,1,1,4,-1,00,-1,-1,0,30,1,0,1,3,2,81,3,2,2,0,2,1,15,201200009216B02,7,1,1,200043602
201200009274,2012-03-02,2012,mars,vendredi,11:30,2B,2B042,0,0,1,1,5,1,1,4,2,02,1,2,0,45,1,0,1,3,1,56,5,2,2,0,2,3,1,201200009274B02,7,13,1,200036499
201200009274,2012-03-02,2012,mars,vendredi,11:30,2B,2B042,0,0,1,1,5,1,1,4,2,02,1,2,0,45,1,0,1,3,1,37,5,2,2,0,2,3,1,201200009274C03,7,13,1,200036499
201200009317,2012-06-05,2012,juin,mardi,08:45,2B,2B354,0,0,1,1,2,1,7,2,2,02,2,1,0,65,1,0,1,3,1,77,5,1,2,0,0,4,2,201200009317B02,7,2,1,242020071
201200009322,2012-03-17,2012,mars,samedi,13:30,2B,2B047,0,0,2,1,3,1,1,3,2,02,1,1,0,50,1,0,1,3,1,11,5,1,9,0,2,1,16,201200009322B02,10,13,1,200073138
201200009338,2012-06-29,2012,juin,vendredi,06:30,2B,2B342,0,0,1,1,3,1,1,4,2,02,2,4,0,0,1,0,1,3,1,47,1,1,4,0,0,0,1,201200009338B02,7,1,1,200033827
201200009346,2012-07-20,2012,juillet,vendredi,19:30,2B,2B143,0,0,2,1,1,1,1,4,2,02,2,2,0,40,1,0,1,4,1,9,5,2,2,0,2,3,1,201200009346A01,7,1,1,200015162
201200009373,2012-05-24,2012,mai,jeudi,07:35,05,05023,44.88363,6.62704,2,3,3,1,7,4,2,02,1,1,0,90,1,0,,3,1,31,1,2,2,0,,8,1,201200009373B01,10,15,1,240500439
201200009389,2012-10-28,2012,octobre,dimanche,20:45,05,05023,44.91567,6.62332,2,4,3,5,1,4,2,02,2,1,0,80,1,0,1,4,1,41,5,3,4,0,2,2,17,201200009389B01,7,15,1,240500439
201200009399,2012-07-05,2012,juillet,jeudi,16:50,05,05061,44.56658,6.08982,2,1,3,1,1,4,2,02,1,1,0,67,1,0,1,4,2,58,3,2,4,0,2,8,19,201200009399B01,7,1,1,200067825
201200009413,2012-08-17,2012,août,vendredi,17:45,78,78410,49.06037,1.67737,1,3,3,1,1,3,3,03,1,1,95,34,1,5,1,3,1,35,5,1,2,0,2,1,1,201200009413B02,7,19,1,200071074
201200009414,2012-11-22,2012,novembre,jeudi,15:00,78,78057,0,0,1,1,1,1,7,3,2,02,1,1,0,50,1,0,1,3,1,50,5,3,1,0,2,8,2,201200009414B02,7,2,1,200071074
201200009439,2012-04-22,2012,avril,dimanche,15:15,78,78071,48.49342,1.87172,2,7,3,1,2,3,2,02,1,3,0,66,2,0,1,3,1,23,5,2,2,0,2,1,19,201200009439A01,7,1,1,200073344
201200009459,2012-09-29,2012,septembre,samedi,17:15,78,78062,48.85571,1.90526,2,6,1,1,1,4,,,,,,,,,,4,1,11,5,2,9,0,2,1,5,201200009459B02,7,1,1,247800618
201200009470,2012-07-24,2012,juillet,mardi,11:15,78,78120,48.63637,2.00088,2,1,7,1,1,4,2,02,2,3,0,45,1,0,1,2,1,68,5,1,2,14,0,1,1,201200009470A01,,,,200073344
201200009496,2012-05-31,2012,mai,jeudi,11:15,91,91639,0,0,1,1,1,1,1,3,2,02,2,4,0,54,1,0,1,2,1,53,5,1,2,0,2,1,13,201200009496A01,7,1,1,249100546
201200009504,2012-09-01,2012,septembre,samedi,11:15,91,91399,48.349,2.277,1,1,3,1,1,3,2,02,2,3,0,50,1,0,1,2,2,46,3,3,9,0,2,8,2,201200009504B02,7,1,1,200017846
201200009520,2012-03-28,2012,mars,mercredi,18:00,91,91461,48.598,2.225,2,1,1,1,1,4,2,02,2,1,0,45,1,2,1,3,1,12,2,3,2,0,2,8,13,201200009520B02,7,1,1,200057859
201200009550,2012-08-06,2012,août,lundi,12:00,91,91338,48.637,2.064,1,1,2,1,1,3,2,02,1,1,0,64,1,0,1,4,2,40,1,1,2,0,2,4,1,201200009550A01,15,17,1,249100074
201200009565,2012-04-21,2012,avril,samedi,09:45,91,91272,0,0,2,1,1,1,1,4,2,02,1,1,0,0,2,0,1,2,1,24,5,2,9,0,2,1,13,201200009565B02,10,1,1,200056232
201200009573,2012-09-25,2012,septembre,mardi,15:00,91,91272,0,0,2,1,3,1,1,3,2,02,1,1,0,70,1,0,1,4,1,49,0,1,2,0,2,7,1,201200009573A01,7,17,1,200056232
201200009587,2012-05-18,2012,mai,vendredi,18:15,95,95370,49.1467,2.9749,2,1,3,1,1,4,2,02,2,-1,,,1,0,1,3,1,54,5,2,2,0,2,8,19,201200009587B02,7,1,1,200035970
201200009590,2012-05-12,2012,mai,samedi,22:45,95,95039,49.0741,2.1856,2,1,7,5,1,3,2,02,2,1,0,61,1,0,1,2,1,54,5,3,9,12,0,1,1,201200009590A01,,,,249500430
201200009591,2012-07-03,2012,juillet,mardi,18:45,95,95039,49.0703,2.1584,2,1,3,1,1,3,2,02,2,1,60,60,1,0,1,3,1,29,5,3,9,0,2,1,1,201200009591B02,7,15,1,249500430
201200009592,2012-07-22,2012,juillet,dimanche,16:30,95,95039,49.0719,2.1817,2,1,7,1,1,4,2,02,2,1,0,51,1,0,1,4,1,36,5,3,9,16,0,1,1,201200009592A01,,,,249500430
201200009609,2012-09-07,2012,septembre,vendredi,14:30,95,95199,49.0302,2.3326,2,1,1,1,1,4,2,02,2,1,0,70,1,0,1,3,2,62,5,1,9,0,2,1,1,201200009609A01,7,1,1,200056380
201200009630,2012-04-01,2012,avril,dimanche,16:45,77,77165,0,0,1,1,1,1,1,3,2,02,1,1,0,55,1,0,1,3,2,36,5,2,2,0,2,2,13,201200009630A01,7,1,1,200070779
201200009640,2012-06-27,2012,juin,mercredi,16:30,77,77352,0,0,1,1,2,1,1,3,2,02,1,1,0,74,1,0,1,2,1,65,5,1,2,0,0,4,2,201200009640B02,7,2,1,200070779
201200009641,2012-07-05,2012,juillet,jeudi,18:30,77,77493,48.64678,2.83061,2,1,3,1,3,4,2,01,1,1,0,0,2,0,1,3,1,92,5,1,9,0,2,3,23,201200009641B02,10,15,1,247700701
201200009660,2012-06-27,2012,juin,mercredi,12:15,77,77142,0,0,1,1,6,1,1,3,2,02,1,1,0,60,1,0,1,3,1,56,5,1,2,0,0,0,2,201200009660B02,,,,200090504
201200009661,2012-07-29,2012,juillet,dimanche,16:38,77,77142,0,0,1,1,7,1,1,3,2,02,2,-1,,,1,0,1,3,1,69,5,2,2,0,0,0,1,201200009661A01,,,,200090504
201200009662,2012-09-15,2012,septembre,samedi,11:15,77,77128,0,0,1,6,1,1,1,3,2,02,1,1,0,0,1,2,1,2,1,66,9,1,9,0,2,3,1,201200009662B02,7,6,1,200090504
201200009681,2012-07-05,2012,juillet,jeudi,10:00,77,77229,0,0,2,2,1,1,1,3,2,00,1,1,0,60,1,5,1,4,1,65,5,1,2,0,0,3,19,201200009681B02,7,1,1,200072874
201200009681,2012-07-05,2012,juillet,jeudi,10:00,77,77229,0,0,2,2,1,1,1,3,2,00,1,1,0,60,1,5,1,4,1,62,5,1,2,0,0,3,19,201200009681B02,7,1,1,200072874
201200009759,2012-02-12,2012,février,dimanche,08:00,45,45082,47.86241,2.22671,2,3,3,1,1,3,2,02,1,1,0,72,1,5,1,3,2,79,5,1,9,0,2,7,1,201200009759B02,7,16,1,244500427
201200009761,2012-03-27,2012,mars,mardi,16:00,45,45142,47.92218,2.11811,1,1,3,1,1,3,2,02,1,1,0,60,1,0,1,3,1,69,5,1,2,0,0,8,1,201200009761B02,7,17,1,244500427
201200009774,2012-02-20,2012,février,lundi,07:45,45,45098,47.82589,1.76305,2,3,3,1,1,3,2,02,1,1,0,73,1,0,1,4,2,15,5,1,9,0,0,6,16,201200009774A01,7,1,1,200070183
201200009781,2012-11-07,2012,novembre,mercredi,16:15,45,45175,47.75344,1.82186,1,3,1,1,7,3,2,02,1,1,0,50,1,0,1,3,1,29,5,1,2,0,2,1,1,201200009781B02,7,15,1,200005932
201200009784,2012-07-18,2012,juillet,mercredi,11:15,45,45324,47.79055,2.19867,2,1,3,1,7,3,2,02,1,1,0,56,1,0,1,4,1,40,5,1,2,0,2,1,1,201200009784B02,7,15,1,244500427
201200009801,2012-09-11,2012,septembre,mardi,17:00,45,45155,47.70591,2.62665,2,1,3,1,2,4,2,03,1,1,0,90,2,6,1,4,1,14,2,1,9,0,0,7,19,201200009801B02,7,1,1,244500211
201200009804,2012-09-30,2012,septembre,dimanche,08:30,45,45029,47.53323,2.76207,1,1,1,1,1,4,2,02,1,1,0,51,1,0,1,3,1,25,5,1,9,0,2,1,1,201200009804B02,30,13,1,200068278
201200009889,2012-05-07,2012,mai,lundi,10:30,28,28337,0,0,1,2,1,1,1,3,2,02,1,1,0,52,1,5,1,3,1,58,5,1,2,0,2,1,19,201200009889A01,7,1,1,200033181
201200009904,2012-09-14,2012,septembre,vendredi,18:00,28,28393,48.57,1.334,2,3,3,1,1,3,2,02,1,1,0,53,1,0,1,2,1,13,5,2,2,0,2,8,15,201200009904B02,7,1,1,200040277
201200009935,2012-11-01,2012,novembre,jeudi,16:15,28,28183,0,0,1,1,1,1,1,3,2,00,1,1,0,30,1,0,1,3,1,40,5,3,1,0,0,4,13,201200009935B02,10,17,1,200070159
201200009942,2012-03-27,2012,mars,mardi,17:15,28,28088,48.079,1.339,2,1,3,1,1,3,2,02,1,1,0,100,1,0,5,3,1,15,2,3,1,0,2,3,1,201200009942B02,38,16,1,200069961
201200009962,2012-07-03,2012,juillet,mardi,08:45,28,28061,0,0,2,1,2,1,1,3,-1,03,1,1,0,0,1,0,1,3,2,77,3,3,1,0,0,8,17,201200009962B02,7,15,1,200069961
201200009977,2012-05-24,2012,mai,jeudi,17:00,28,28096,0,0,2,1,3,1,1,3,2,02,1,1,0,76,1,0,1,3,1,46,5,1,2,0,2,1,1,201200009977B02,7,15,1,200040277
201200009979,2012-06-15,2012,juin,vendredi,14:45,28,28180,0,0,2,2,2,1,1,3,-1,00,2,1,0,56,1,0,1,2,1,50,5,2,2,0,2,1,1,201200009979A01,7,1,1,200040277
201200010034,2012-07-15,2012,juillet,dimanche,19:30,36,36093,46.9811,1.60491,2,2,1,1,1,4,2,02,1,-1,0,0,1,5,1,3,2,54,5,1,2,0,2,4,23,201200010034B02,10,16,1,243600293
201200010035,2012-08-11,2012,août,samedi,17:00,36,36057,46.8678,1.71875,2,1,2,1,1,3,2,02,1,1,0,77,1,0,1,3,1,62,5,1,2,0,2,6,2,201200010035B02,7,17,1,243600327
201200010050,2012-08-26,2012,août,dimanche,11:45,36,36058,46.5998,0.99632,1,1,1,1,1,3,2,02,1,1,0,0,1,0,0,2,1,57,5,3,8,0,2,1,18,201200010050A01,1,14,1,243600319
201200010050,2012-08-26,2012,août,dimanche,11:45,36,36058,46.5998,0.99632,1,1,1,1,1,3,2,02,1,1,0,0,1,0,0,1,1,13,5,1,2,0,2,1,14,201200010050B02,1,18,1,243600319
201200010105,2012-03-09,2012,mars,vendredi,15:30,37,37172,0,0,2,6,1,1,1,4,1,01,1,2,0,0,1,5,1,3,1,74,5,1,2,0,2,1,1,201200010105B02,7,16,1,243700754
201200010111,2012-10-06,2012,octobre,samedi,09:00,37,37047,0,0,1,1,2,1,1,3,2,02,2,1,0,50,1,0,1,3,1,54,5,1,2,0,2,4,1,201200010111B02,10,1,1,200073237
201200010146,2012-10-10,2012,octobre,mercredi,17:30,37,37205,0,0,2,1,1,1,1,3,-1,00,2,-1,31,65,1,0,1,2,1,47,0,3,1,0,9,0,0,201200010146B02,10,1,1,200072650
201200010176,2012-07-04,2012,juillet,mercredi,15:00,41,41105,0,0,2,1,3,1,1,4,2,02,1,1,0,47,1,0,1,3,1,13,5,3,1,0,2,3,15,201200010176B02,7,1,1,200055481
201200010192,2012-07-25,2012,juillet,mercredi,19:00,41,41093,47.6175,1.12585,2,1,5,1,1,3,2,02,1,1,0,60,1,0,1,3,1,22,5,3,1,6,2,1,1,201200010192C03,17 / 7,13 / 1,2,200030385
201200010198,2012-12-16,2012,décembre,dimanche,12:45,41,41045,47.4815,1.18909,2,3,3,1,1,3,-1,02,2,1,0,0,1,0,1,1,1,18,5,1,4,0,2,1,13,201200010198A01,7,1,1,200030385
201200010198,2012-12-16,2012,décembre,dimanche,12:45,41,41045,47.4815,1.18909,2,3,3,1,1,3,-1,02,2,1,0,0,1,0,1,3,1,18,5,3,1,0,2,1,13,201200010198A01,7,1,1,200030385
201200010200,2012-03-02,2012,mars,vendredi,07:00,41,41296,47.6384,2.05408,1,1,2,2,5,3,2,02,1,1,0,55,1,0,1,2,1,25,1,3,1,0,0,4,1,201200010200B02,7,1,1,200000800
201200010249,2012-07-19,2012,juillet,jeudi,13:00,13,13088,0,0,2,1,1,1,1,3,2,02,2,1,0,56,1,5,1,3,1,66,5,1,2,0,0,0,18,201200010249B02,7,16,1,200054807
201200010285,2012-03-26,2012,mars,lundi,17:00,06,06004,0,0,1,1,3,1,1,3,2,04,1,1,21,145,1,0,5,4,1,62,5,2,2,0,2,1,1,201200010285B01,7,15,1,240600585