Num_Acc,date,an,mois,jour,hrmn,dep,com,lat,long,agg,int,col,lum,atm,catr,circ,nbv,prof,plan,lartpc,larrout,surf,infra,situ,grav,sexe,age,trajet,secuexist,equipement,obs,obsm,choc,manv,vehiculeid,typevehicules,manoeuvehicules,numVehicules,_infos_commune.code_epci
201200013626,2012-06-28,2012,juin,jeudi,13:15,11,11262,0,0,2,1,3,1,1,4,1,02,1,1,0,0,1,0,1,4,1,46,0,3,9,0,2,1,1,201200013626B01,7,11,1,241100593
201200013640,2012-08-24,2012,août,vendredi,15:09,11,11262,0,0,2,2,2,1,1,4,2,01,1,1,0,0,1,0,1,4,1,82,0,3,9,0,2,1,0,201200013640A01,7,1,1,241100593
201200013649,2012-09-17,2012,septembre,lundi,17:40,11,11262,0,0,2,1,3,1,1,4,2,00,1,1,0,0,1,0,1,4,1,15,0,1,9,0,2,1,19,201200013649A01,7,1,1,241100593
201200013656,2012-10-29,2012,octobre,lundi,15:20,11,11262,0,0,2,1,2,1,1,4,-1,01,1,1,0,0,1,0,1,4,1,5,5,3,9,0,2,1,1,201200013656A01,1,1,1,241100593
201200013656,2012-10-29,2012,octobre,lundi,15:20,11,11262,0,0,2,1,2,1,1,4,-1,01,1,1,0,0,1,0,1,1,2,40,0,3,9,0,0,4,1,201200013656B01,1,1,1,241100593
201200013670,2012-11-22,2012,novembre,jeudi,08:05,11,11262,0,0,2,6,3,1,1,4,2,03,1,1,0,0,1,0,1,4,2,43,0,3,9,0,2,0,19,201200013670B01,7,16,1,241100593
201200013680,2012-12-11,2012,décembre,mardi,10:20,11,11262,0,0,2,3,6,1,1,4,1,01,1,1,0,0,1,0,1,1,2,55,5,3,9,0,1,0,1,201200013680A01,,,,241100593
201200013698,2012-06-27,2012,juin,mercredi,08:30,13,13091,43.616,5.305,1,1,2,1,1,3,2,02,1,1,0,49,1,0,1,3,1,58,5,3,1,0,9,0,1,201200013698B02,14,1,1,200054807
201200013800,2012-11-26,2012,novembre,lundi,17:55,12,12146,0,0,2,1,1,5,2,4,2,02,1,1,0,0,2,0,1,4,1,20,1,3,9,0,2,1,2,201200013800B01,7,11,1,241200187
201200013813,2012-01-28,2012,janvier,samedi,14:15,24,24461,44.927,0.187,1,1,2,1,1,3,2,00,3,3,0,54,2,0,1,3,1,84,5,3,8,0,2,4,2,201200013813B02,7,1,1,200034197
201200013839,2012-01-02,2012,janvier,lundi,18:15,13,13001,43.5245,5.43946,2,3,3,5,1,4,2,02,1,1,0,60,2,0,1,4,1,53,1,1,2,0,2,7,1,201200013839B01,7,15,1,200054807
201200013863,2012-04-29,2012,avril,dimanche,21:50,13,13001,0,0,1,6,2,5,1,3,3,02,1,3,0,90,1,5,1,3,1,19,5,2,9,0,0,4,2,201200013863B01,7,2,1,200054807
201200013885,2012-07-27,2012,juillet,vendredi,15:18,13,13001,0,0,2,1,3,1,1,3,1,00,1,1,0,0,1,0,0,3,1,32,0,1,9,0,2,8,1,201200013885B01,14,2,1,200054807
201200013912,2012-10-15,2012,octobre,lundi,10:00,13,13001,0,0,2,1,3,1,1,4,2,02,1,1,0,0,1,0,5,3,1,59,5,2,2,1,0,1,2,201200013912C01,7,22,1,200054807
201200013920,2012-12-01,2012,décembre,samedi,16:45,13,13001,43.5474,5.41312,2,1,1,1,1,4,2,02,2,4,0,0,1,0,1,3,1,25,0,3,2,0,2,1,17,201200013920A01,7,1,1,200054807
201200013925,2012-11-08,2012,novembre,jeudi,16:00,13,13001,43.5328,5.42752,2,6,3,1,1,3,1,01,1,1,0,0,1,0,1,3,1,50,0,3,9,0,2,1,1,201200013925B01,7,1,1,200054807
201200013934,2012-04-12,2012,avril,jeudi,13:00,13,13001,43.559,5.4517,2,1,3,1,1,4,-1,00,-1,-1,0,0,-1,0,0,4,1,57,0,1,2,0,0,0,0,201200013934B01,7,0,1,200054807
201200013995,2012-03-26,2012,mars,lundi,09:55,13,13005,0,0,1,6,3,1,1,3,2,02,1,1,0,0,1,0,1,4,1,62,5,3,9,0,2,7,1,201200013995B01,7,9,1,200054807
201200013996,2012-03-28,2012,mars,mercredi,09:55,13,13005,0,0,2,1,3,1,1,2,2,02,1,1,0,70,1,5,1,4,1,71,5,1,2,0,2,1,1,201200013996B01,7,9,1,200054807
201200014019,2012-05-25,2012,mai,vendredi,10:20,13,13005,0,0,2,6,3,1,1,2,2,01,1,1,0,0,-1,5,1,4,1,69,0,2,4,0,2,8,1,201200014019B01,7,16,1,200054807
201200014039,2012-07-19,2012,juillet,jeudi,08:00,13,13005,0,0,1,1,7,1,1,2,2,02,2,1,4,60,1,0,1,4,1,32,5,3,9,0,0,0,2,201200014039B01,7,17,1,200054807
201200014046,2012-07-29,2012,juillet,dimanche,13:00,13,13005,0,0,2,1,2,1,1,3,1,03,1,2,0,0,1,0,1,4,1,57,5,1,2,0,0,4,2,201200014046B01,33,2,1,200054807
201200014048,2012-08-08,2012,août,mercredi,08:00,13,13005,0,0,1,3,3,1,1,2,1,01,1,2,10,86,1,5,1,4,1,70,5,1,2,0,2,7,1,201200014048B01,7,9,1,200054807
201200014052,2012-08-14,2012,août,mardi,10:30,13,13005,0,0,1,3,3,1,1,3,2,01,1,1,0,0,1,0,1,4,1,49,0,1,2,0,2,1,1,201200014052B01,7,16,1,200054807
201200014053,2012-08-17,2012,août,vendredi,10:00,13,13005,0,0,1,9,7,1,1,2,1,01,1,2,0,35,1,0,1,3,1,79,5,3,9,0,0,3,1,201200014053A01,,,,200054807
201200014104,2012-07-05,2012,juillet,jeudi,12:20,13,13005,0,0,2,1,6,1,1,3,2,02,1,1,0,0,1,0,1,4,1,72,5,1,2,0,2,7,17,201200014104B01,10,1,1,200054807
201200014178,2012-04-02,2012,avril,lundi,08:20,13,13054,0,0,2,1,6,1,1,2,-1,00,1,-1,0,0,1,0,5,1,1,43,1,3,9,0,1,1,1,201200014178A01,,,,200054807
201200014178,2012-04-02,2012,avril,lundi,08:20,13,13054,0,0,2,1,6,1,1,2,-1,00,1,-1,0,0,1,0,5,4,1,5,0,3,9,0,1,1,1,201200014178A01,,,,200054807
201200014192,2012-06-06,2012,juin,mercredi,14:15,13,13054,0,0,2,1,2,1,1,3,2,00,-1,-1,0,65,1,0,1,4,1,69,0,3,9,0,0,4,2,201200014192B01,7,2,1,200054807
201200014204,2012-07-25,2012,juillet,mercredi,14:20,13,13054,0,0,2,1,3,1,1,4,2,01,1,1,1,1,1,0,1,4,1,58,5,3,9,0,0,1,17,201200014204B01,7,15,1,200054807
201200014235,2012-12-09,2012,décembre,dimanche,17:00,13,13055,0,0,2,1,6,2,1,4,2,00,1,1,0,0,1,0,1,4,1,12,0,1,9,0,2,0,1,201200014235B01,7,4,1,200054807
201200014266,2012-12-17,2012,décembre,lundi,08:15,13,13055,0,0,2,1,6,1,1,4,-1,00,1,1,0,0,1,0,1,4,1,24,0,1,9,0,0,0,0,201200014266B01,7,1,1,200054807
201200014286,2012-12-19,2012,décembre,mercredi,20:50,13,13055,0,0,2,1,2,5,1,4,2,00,1,1,0,0,1,0,1,3,1,21,0,1,4,0,2,4,1,201200014286B01,7,1,1,200054807
201200014294,2012-12-21,2012,décembre,vendredi,10:45,13,13055,43.2665,5.39451,2,1,6,1,1,3,2,02,1,1,0,29,1,0,4,1,1,28,4,3,9,0,1,1,1,201200014294A01,,,,200054807
201200014411,2012-01-12,2012,janvier,jeudi,08:30,13,13055,0,0,2,1,6,1,1,4,-1,00,1,1,0,0,1,0,1,4,1,49,0,1,9,0,2,0,1,201200014411B01,7,1,1,200054807
201200014501,2012-02-06,2012,février,lundi,14:00,13,13055,0,0,2,1,3,1,1,4,2,06,1,1,22,172,1,0,1,3,1,28,1,3,9,0,2,3,1,201200014501B01,13,1,1,200054807
201200014505,2012-02-03,2012,février,vendredi,12:00,13,13055,0,0,2,1,3,1,1,4,2,03,1,-1,60,90,1,4,0,4,2,38,9,2,9,0,4,3,8,201200014505A01,40,8,1,200054807
201200014549,2012-12-22,2012,décembre,samedi,13:45,13,13055,0,0,2,2,3,1,1,4,1,02,2,1,0,60,-1,0,1,3,1,13,0,2,9,0,2,1,0,201200014549B01,7,1,1,200054807
201200014556,2012-01-21,2012,janvier,samedi,15:45,13,13055,0,0,2,1,3,1,1,4,2,06,1,1,0,150,1,0,1,4,1,41,0,1,2,0,2,1,17,201200014556A01,7,15,1,200054807
201200014699,2012-12-21,2012,décembre,vendredi,17:20,13,13075,43.3463,5.45626,2,1,3,5,1,3,-1,02,2,-1,0,37,1,0,0,3,1,13,5,1,4,0,2,5,0,201200014699A01,7,0,1,200054807
201200014908,2012-03-20,2012,mars,mardi,11:55,13,13055,0,0,2,1,3,1,1,4,2,02,1,1,0,64,2,0,5,4,1,64,5,1,2,0,2,8,1,201200014908B01,7,14,1,200054807
201200014923,2012-04-01,2012,avril,dimanche,20:40,13,13055,0,0,2,2,3,5,1,4,2,02,1,1,0,50,1,0,1,3,1,28,0,2,4,0,2,1,5,201200014923A01,7,2,1,200054807
201200014927,2012-03-22,2012,mars,jeudi,23:45,13,13055,0,0,2,1,6,5,1,4,1,00,1,1,0,0,1,0,1,4,2,32,0,3,9,0,2,0,1,201200014927B01,7,1,1,200054807
201200014929,2012-03-13,2012,mars,mardi,19:30,13,13055,0,0,2,1,2,5,1,4,1,00,1,1,0,0,1,0,1,4,1,60,0,3,9,0,2,4,2,201200014929B01,7,2,1,200054807
201200014931,2012-02-24,2012,février,vendredi,08:35,13,13055,0,0,2,1,6,1,1,4,2,00,1,1,0,0,1,0,1,3,1,60,0,1,9,0,2,1,1,201200014931B01,7,15,1,200054807
201200014945,2012-02-20,2012,février,lundi,09:00,13,13055,0,0,2,2,3,1,1,4,-1,01,1,1,0,70,1,0,5,4,2,26,0,2,9,0,2,1,1,201200014945B01,10,1,1,200054807
201200014959,2012-03-30,2012,mars,vendredi,16:30,13,13055,0,0,2,1,1,1,1,4,1,02,2,1,0,20,1,0,1,4,1,34,0,1,2,1,0,1,0,201200014959B01,7,0,1,200054807
201200015083,2012-04-04,2012,avril,mercredi,12:40,13,13055,0,0,2,3,3,1,2,4,1,01,1,1,0,30,2,0,1,4,1,20,4,3,4,0,2,1,1,201200015083B01,7,16,1,200054807
201200015088,2012-04-13,2012,avril,vendredi,09:00,13,13055,0,0,2,1,6,1,2,4,2,02,1,1,0,90,2,0,1,4,1,37,5,2,9,1,0,1,1,201200015088A01,7,22,1,200054807
201200015130,2012-04-02,2012,avril,lundi,18:00,13,13075,0,0,2,1,1,1,1,4,2,02,2,2,0,70,1,0,1,4,1,36,5,3,9,0,2,1,1,201200015130B01,7,5,1,200054807
201200015173,2012-04-26,2012,avril,jeudi,18:05,13,13055,0,0,2,1,3,1,1,4,2,03,1,1,0,90,1,0,1,4,1,40,1,1,4,0,2,1,1,201200015173B01,7,15,1,200054807
201200015182,2012-05-02,2012,mai,mercredi,13:10,13,13002,43.3524,5.4812,2,1,2,1,1,3,2,02,1,1,0,63,1,0,1,4,1,55,5,3,2,0,2,1,2,201200015182A01,10,23,1,200054807
201200015193,2012-05-02,2012,mai,mercredi,07:40,13,13055,0,0,2,1,3,1,1,4,2,02,1,1,0,74,1,0,1,4,2,42,1,1,9,0,2,7,1,201200015193B01,7,15,1,200054807
201200015354,2012-05-24,2012,mai,jeudi,17:35,13,13055,0,0,2,1,3,1,1,4,3,03,1,1,0,120,1,0,1,3,1,45,0,3,2,0,2,0,19,201200015354B01,30,1,1,200054807
201200015373,2012-03-27,2012,mars,mardi,13:00,13,13055,0,0,2,1,1,1,1,4,2,04,2,1,3,50,1,0,1,4,1,27,5,3,9,0,2,1,1,201200015373A01,7,23,1,200054807
201200015383,2012-05-16,2012,mai,mercredi,13:00,13,13055,0,0,2,1,5,1,1,4,-1,02,1,1,0,63,1,0,1,4,1,27,5,3,9,0,2,3,19,201200015383B01,2 / 7,1,2,200054807
201200015401,2012-06-13,2012,juin,mercredi,16:00,13,13055,0,0,2,1,3,1,1,4,2,01,1,1,0,50,1,0,1,4,1,13,5,3,9,0,2,6,1,201200015401B01,7,1,1,200054807
201200015405,2012-05-10,2012,mai,jeudi,09:00,13,13055,43.2899,5.441,2,1,3,1,1,3,1,01,1,1,0,30,1,0,1,4,1,27,9,3,2,0,2,1,1,201200015405B01,31,1,1,200054807
201200015447,2012-05-26,2012,mai,samedi,09:10,13,13055,0,0,2,1,5,1,1,4,-1,02,1,1,0,0,1,0,0,3,1,19,5,3,4,0,2,1,15,201200015447B01,10 / 7,1,2,200054807
201200015475,2012-06-19,2012,juin,mardi,09:45,13,13055,0,0,2,1,3,1,1,4,2,02,1,1,0,0,1,0,1,3,1,55,5,3,9,0,2,0,17,201200015475B01,7,15,1,200054807
201200015499,2012-05-09,2012,mai,mercredi,18:00,13,13055,0,0,2,1,3,1,1,4,1,01,1,1,0,0,1,0,1,1,1,18,5,2,9,0,2,8,5,201200015499A01,7,1,1,200054807
201200015499,2012-05-09,2012,mai,mercredi,18:00,13,13055,0,0,2,1,3,1,1,4,1,01,1,1,0,0,1,0,1,4,2,16,5,3,9,0,2,8,5,201200015499A01,7,1,1,200054807
201200015503,2012-05-11,2012,mai,vendredi,14:15,13,13055,0,0,2,1,3,1,1,9,2,02,2,1,0,60,1,0,2,3,1,16,0,2,2,0,2,3,19,201200015503B01,2,17,1,200054807
201200015656,2012-07-14,2012,juillet,samedi,09:50,13,13055,0,0,2,1,3,1,1,4,2,02,1,3,0,60,1,0,1,3,2,74,5,2,9,0,2,1,1,201200015656B01,7,15,1,200054807
201200015687,2012-07-02,2012,juillet,lundi,12:30,13,13055,0,0,2,6,3,1,8,4,1,03,1,2,0,60,1,5,1,4,2,28,5,3,9,0,2,8,9,201200015687A01,7,12,1,200054807
201200015703,2012-08-01,2012,août,mercredi,12:00,13,13055,0,0,2,1,1,1,1,4,2,02,1,1,0,70,1,0,1,4,1,33,5,1,2,0,2,1,1,201200015703B01,7,4,1,200054807
201200015706,2012-07-23,2012,juillet,lundi,19:00,13,13055,0,0,2,1,7,1,1,4,1,02,2,1,0,0,1,0,4,4,1,17,5,3,2,0,1,0,21,201200015706A01,,,,200054807
201200015747,2012-07-31,2012,juillet,mardi,18:45,13,13055,0,0,2,3,3,1,1,4,2,02,2,1,0,100,1,0,1,3,2,39,0,2,9,0,2,1,0,201200015747A01,7,15,1,200054807
201200015834,2012-08-15,2012,août,mercredi,12:50,13,13055,0,0,2,3,3,1,1,4,1,01,1,1,0,35,1,0,0,4,1,37,5,3,9,0,2,1,0,201200015834B01,7,0,1,200054807
201200015843,2012-03-31,2012,mars,samedi,16:45,13,13055,0,0,2,1,7,1,1,4,2,03,1,1,10,80,1,0,1,4,1,17,5,2,9,0,0,0,1,201200015843A01,,,,200054807
201200015856,2012-08-19,2012,août,dimanche,04:45,13,13055,0,0,2,1,3,5,1,4,2,02,2,-1,0,70,1,0,1,3,1,21,5,2,4,0,2,2,12,201200015856A01,7,1,1,200054807
201200015856,2012-08-19,2012,août,dimanche,04:45,13,13055,0,0,2,1,3,5,1,4,2,02,2,-1,0,70,1,0,1,3,1,24,5,2,4,0,2,2,12,201200015856A01,7,1,1,200054807
201200015909,2012-08-24,2012,août,vendredi,14:00,13,13055,0,0,2,1,2,1,1,4,2,02,1,1,0,61,1,0,1,4,1,15,5,1,4,0,2,4,1,201200015909B01,7,2,1,200054807
201200015940,2012-08-09,2012,août,jeudi,22:40,13,13055,0,0,2,2,3,5,1,4,1,01,1,1,0,40,1,0,1,4,1,16,5,2,4,0,2,8,1,201200015940A01,34,1,1,200054807
201200015989,2012-06-11,2012,juin,lundi,17:20,13,13055,0,0,2,1,6,1,1,4,3,02,2,2,0,0,1,0,1,4,1,45,9,2,9,0,2,1,2,201200015989B01,7,9,1,200054807
201200015990,2012-06-19,2012,juin,mardi,12:45,13,13055,0,0,2,1,6,1,1,4,2,05,1,1,0,160,1,0,1,4,2,21,0,3,9,0,2,8,15,201200015990A01,30,17,1,200054807
201200016046,2012-09-19,2012,septembre,mercredi,15:30,13,13055,0,0,2,1,6,1,1,4,2,00,1,1,0,0,1,0,1,4,1,29,0,1,9,0,2,7,0,201200016046B01,7,0,1,200054807
201200016074,2012-09-26,2012,septembre,mercredi,14:15,13,13055,0,0,2,1,2,1,1,4,2,02,-1,-1,0,0,1,0,1,4,1,30,1,3,9,0,2,4,1,201200016074B01,7,2,1,200054807
201200016082,2012-09-21,2012,septembre,vendredi,09:15,13,13055,43.282,5.39959,2,1,3,1,1,3,2,04,1,1,0,60,1,0,1,3,2,22,0,3,9,0,2,0,2,201200016082B01,7,13,1,200054807
201200016154,2012-10-11,2012,octobre,jeudi,17:20,13,13055,0,0,2,1,1,1,1,4,2,02,1,1,0,40,2,0,1,4,1,14,2,3,2,0,2,1,1,201200016154A01,7,1,1,200054807
201200016184,2012-09-27,2012,septembre,jeudi,12:40,13,13055,43.2552,5.4007,2,1,7,1,1,3,2,06,1,1,0,90,1,0,1,4,1,50,0,3,9,14,0,0,1,201200016184A01,,,,200054807
201200016213,2012-08-16,2012,août,jeudi,13:10,13,13055,0,0,2,1,3,1,1,4,2,02,1,1,0,70,1,0,1,4,1,60,0,3,9,0,2,8,19,201200016213A01,7,1,1,200054807
201200016323,2012-10-22,2012,octobre,lundi,05:50,13,13002,43.3203,5.49391,2,1,3,5,1,3,3,02,-1,-1,32,47,2,0,1,3,2,23,1,3,9,0,0,0,0,201200016323B01,7,0,1,200054807
201200016340,2012-10-03,2012,octobre,mercredi,17:40,13,13055,0,0,2,1,3,1,1,4,2,02,1,1,0,60,1,0,1,4,1,21,5,3,9,0,2,1,18,201200016340B01,7,22,1,200054807
201200016368,2012-10-14,2012,octobre,dimanche,09:00,13,13055,0,0,1,1,6,1,1,4,2,00,2,1,0,0,1,0,1,4,1,25,0,1,9,0,2,1,1,201200016368B01,7,15,1,200054807
201200016408,2012-10-14,2012,octobre,dimanche,14:30,13,13055,0,0,2,1,2,1,1,4,1,02,1,1,0,0,1,0,1,3,1,11,5,3,9,0,2,4,16,201200016408B01,7,1,1,200054807
201200016412,2012-07-16,2012,juillet,lundi,09:38,13,13055,0,0,2,1,3,1,1,4,3,01,1,1,0,40,1,4,1,4,1,34,0,3,4,0,4,3,19,201200016412A01,40,1,1,200054807
201200016413,2012-10-25,2012,octobre,jeudi,11:00,13,13055,0,0,2,1,6,1,1,4,2,00,1,1,0,0,1,0,1,4,1,49,0,1,9,0,2,8,1,201200016413B01,7,0,1,200054807
201200016424,2012-10-29,2012,octobre,lundi,10:20,13,13002,43.3526,5.48181,2,1,6,1,1,3,2,02,1,1,0,60,1,0,1,4,1,26,0,2,9,0,2,0,17,201200016424B01,7,13,1,200054807
201200016458,2012-10-13,2012,octobre,samedi,11:54,13,13106,43.3873,5.35216,2,1,2,1,1,3,2,02,2,1,0,77,1,0,1,4,1,50,5,3,9,0,2,1,1,201200016458B01,7,15,1,200054807
201200016552,2012-11-12,2012,novembre,lundi,17:15,13,13055,0,0,2,1,6,2,1,4,2,02,2,1,5,95,1,0,5,4,1,45,1,1,9,0,2,1,18,201200016552B01,7,22,1,200054807
201200016557,2012-11-20,2012,novembre,mardi,11:30,13,13055,43.2864,5.41646,2,1,2,1,1,3,2,02,2,1,0,70,1,0,0,4,1,83,5,2,9,0,2,0,0,201200016557B01,7,2,1,200054807
201200016561,2012-12-01,2012,décembre,samedi,11:40,13,13055,43.2814,5.39948,2,1,3,1,1,3,2,02,1,1,0,60,1,0,1,4,1,31,0,3,9,0,2,8,1,201200016561B01,33,17,1,200054807
201200016593,2012-11-16,2012,novembre,vendredi,12:50,13,13055,43.2543,5.38023,2,1,3,1,1,3,-1,02,1,-1,0,89,1,0,0,3,1,85,5,2,9,0,2,1,0,201200016593B01,7,9,1,200054807
201200016645,2012-12-16,2012,décembre,dimanche,11:40,13,13022,43.2387,5.47875,1,1,5,1,2,3,2,04,3,1,0,60,1,0,1,2,1,51,5,3,9,0,0,4,2,201200016645B01,7,2,2,200054807
201200016645,2012-12-16,2012,décembre,dimanche,11:40,13,13022,43.2387,5.47875,1,1,5,1,2,3,2,04,3,1,0,60,1,0,1,3,1,50,0,3,9,0,0,4,0,201200016645D01,7,2,2,200054807
201200016669,2012-12-18,2012,décembre,mardi,11:45,13,13055,43.2923,5.40105,2,1,6,1,1,3,3,03,1,1,22,97,1,0,1,2,1,50,0,3,9,0,0,0,0,201200016669B01,99,1,1,200054807
201200016702,2012-11-11,2012,novembre,dimanche,01:00,13,13055,43.2899,5.36654,2,1,2,5,1,4,3,03,1,-1,0,110,1,0,1,4,1,22,5,1,4,0,0,4,2,201200016702B01,7,2,1,200054807
201200016734,2012-11-24,2012,novembre,samedi,17:40,13,13055,43.2869,5.35255,2,3,3,5,1,4,1,01,2,1,0,68,2,0,1,3,1,62,5,2,2,0,2,6,5,201200016734A01,7,15,1,200054807
201200016738,2012-07-26,2012,juillet,jeudi,07:00,13,13055,0,0,2,1,3,2,1,4,2,01,1,1,0,0,1,0,1,3,2,18,5,3,9,0,2,8,1,201200016738B01,7,0,1,200054807
201200016761,2012-01-23,2012,janvier,lundi,17:50,13,13056,0,0,2,1,3,5,6,4,2,02,2,1,0,0,1,0,1,4,1,17,5,1,9,0,2,2,1,201200016761B01,7,11,1,200054807
201200016825,2012-07-06,2012,juillet,vendredi,11:40,13,13077,0,0,1,1,3,1,1,4,2,02,1,1,0,35,1,0,1,4,1,59,5,1,2,0,2,3,1,201200016825B01,7,17,1,200054807
201200016827,2012-07-19,2012,juillet,jeudi,10:30,13,13026,0,0,1,1,6,1,1,3,3,02,1,1,0,0,1,0,1,3,2,65,0,1,9,0,2,0,0,201200016827B01,7,0,1,200054807
201200016908,2012-10-24,2012,octobre,mercredi,16:30,13,13103,43.6306,5.09783,2,4,3,1,1,9,-1,01,1,-1,0,70,1,0,1,3,1,64,5,2,9,0,2,8,13,201200016908B01,37,2,1,200054807
201200016928,2012-08-09,2012,août,jeudi,07:40,13,13108,0,0,1,1,3,2,1,3,4,02,-1,-1,0,0,-1,5,1,3,2,67,5,2,9,0,0,0,0,201200016928Y01,7,0,1,241300417
201200016961,2012-02-19,2012,février,dimanche,16:40,13,13117,0,0,1,1,2,1,1,3,3,03,1,1,5,105,1,3,1,3,1,59,5,3,9,0,2,4,1,201200016961B01,7,2,1,200054807
201200016979,2012-03-25,2012,mars,dimanche,14:00,13,13117,43.431,5.24054,2,4,2,1,1,4,2,02,1,1,0,80,1,0,1,3,1,16,5,1,9,0,2,4,15,201200016979B01,7,17,1,200054807
201200017045,2012-06-10,2012,juin,dimanche,10:10,13,13071,0,0,2,1,3,1,1,4,1,02,1,3,0,40,1,0,1,4,1,60,5,1,9,0,2,4,0,201200017045B01,7,9,1,200054807
201200017046,2012-06-10,2012,juin,dimanche,12:05,13,13117,0,0,1,1,3,1,1,3,1,01,2,1,0,50,1,3,1,4,1,41,5,1,2,0,2,3,19,201200017046A01,7,2,1,200054807
201200017068,2012-06-28,2012,juin,jeudi,08:30,13,13019,0,0,1,1,7,1,1,4,2,01,1,1,0,0,1,0,1,4,1,70,5,1,9,12,0,0,0,201200017068A01,,,,200054807
201200017078,2012-07-20,2012,juillet,vendredi,07:50,13,13117,43.4232,5.24109,2,3,3,1,1,4,2,01,1,1,0,40,1,0,1,4,1,56,5,1,2,0,2,1,1,201200017078B01,7,9,1,200054807
201200017103,2012-08-29,2012,août,mercredi,19:30,13,13071,0,0,2,3,3,1,1,2,2,02,2,1,0,40,1,5,1,4,1,58,0,2,9,0,2,7,0,201200017103B01,7,9,1,200054807
201200017143,2012-10-18,2012,octobre,jeudi,17:00,13,13071,0,0,1,1,3,1,1,2,2,13,2,1,0,350,1,0,5,4,1,23,5,3,9,0,2,1,5,201200017143A01,7,9,1,200054807
201200017254,2012-08-06,2012,août,lundi,16:00,24,24278,44.779,0.614,1,1,3,1,1,3,2,01,1,1,62,0,1,0,1,3,1,53,5,1,2,0,2,1,5,201200017254B02,10,15,1,200040889
201200017272,2012-01-16,2012,janvier,lundi,09:15,14,14118,49.1852,-0.35931,2,1,6,1,1,4,1,01,2,1,0,32,1,0,1,3,2,44,1,3,9,1,0,1,1,201200017272B01,7,22,1,200065597
201200017289,2012-04-13,2012,avril,vendredi,08:20,14,14118,49.2021,-0.36084,2,1,3,1,1,4,1,01,1,3,0,80,1,3,1,3,2,26,1,3,9,0,2,1,19,201200017289B01,7,16,1,200065597
201200017292,2012-04-25,2012,avril,mercredi,10:50,14,14118,49.1789,-0.40252,2,3,3,1,2,4,2,02,1,1,0,80,2,0,1,3,1,72,5,3,9,0,2,8,15,201200017292B01,7,1,1,200065597
201200017302,2012-06-05,2012,juin,mardi,07:40,14,14181,49.1603,-0.33399,2,1,3,1,8,4,2,02,1,1,0,51,1,0,5,4,1,59,1,3,8,0,2,1,1,201200017302B01,7,19,1,200065597
201200017308,2012-06-27,2012,juin,mercredi,14:25,14,14118,49.1746,-0.33831,2,3,3,1,1,4,2,03,1,1,0,96,1,0,1,3,2,70,5,2,9,0,2,8,1,201200017308B01,14,16,1,200065597
201200017319,2012-08-03,2012,août,vendredi,16:45,14,14242,49.219,-0.36701,2,2,3,1,2,3,3,04,1,1,15,115,1,0,5,4,1,21,5,2,9,0,2,1,1,201200017319B01,10,16,1,200065597
201200017321,2012-08-07,2012,août,mardi,15:55,14,14118,49.1982,-0.35408,2,1,3,1,1,4,2,04,2,1,0,60,1,0,1,3,1,61,3,3,9,0,2,1,1,201200017321B01,37,1,1,200065597
201200017327,2012-09-10,2012,septembre,lundi,09:35,14,14137,0,0,1,3,3,1,1,4,2,02,1,1,0,0,1,0,1,4,2,67,5,2,9,0,2,8,1,201200017327B01,7,15,1,200065597
201200017331,2012-09-24,2012,septembre,lundi,10:30,14,14101,0,0,2,2,3,1,1,4,2,02,1,1,0,0,2,5,1,3,1,64,5,3,9,0,2,3,1,201200017331A01,7,1,1,200065597
201200017338,2012-10-25,2012,octobre,jeudi,19:00,14,14118,0,0,2,3,6,1,1,4,2,04,1,1,0,162,1,0,1,3,1,55,1,3,9,0,2,8,1,201200017338B01,7,15,1,200065597
201200017344,2012-11-02,2012,novembre,vendredi,13:50,14,14271,0,0,2,3,3,1,3,4,2,02,1,1,0,0,2,0,1,3,1,18,1,2,9,0,2,1,1,201200017344B01,7,15,1,200065597
201200017361,2012-02-22,2012,février,mercredi,17:30,31,31454,43.41269,1.12408,1,1,1,1,7,3,2,02,3,1,0,60,1,0,1,3,2,39,1,3,1,0,2,1,1,201200017361B02,10,15,1,200068815
201200017370,2012-09-25,2012,septembre,mardi,14:35,14,14117,0,0,2,6,3,1,7,4,2,02,1,1,0,0,1,0,1,4,2,50,1,3,9,0,2,7,1,201200017370B01,7,1,1,200065563
201200017374,2012-12-19,2012,décembre,mercredi,18:15,14,14117,0,0,2,2,3,5,3,4,2,00,1,1,0,0,2,0,1,3,1,44,5,2,9,0,2,1,0,201200017374B01,7,19,1,200065563
201200017393,2012-06-08,2012,juin,vendredi,14:00,08,08216,49.7853,4.6158,2,4,1,1,2,3,2,02,1,2,,,,0,0,3,1,51,5,1,2,0,2,1,1,201200017393B02,3,1,1,200041630
201200017463,2012-02-25,2012,février,samedi,14:15,48,48128,0,0,1,1,5,1,1,3,2,02,1,1,0,71,1,0,1,1,1,66,5,1,2,0,2,8,1,201200017463C03,7,17,1,200069185
201200017463,2012-02-25,2012,février,samedi,14:15,48,48128,0,0,1,1,5,1,1,3,2,02,1,1,0,71,1,0,1,1,1,46,5,1,2,0,9,8,1,201200017463E05,7,17,1,200069185
201200017463,2012-02-25,2012,février,samedi,14:15,48,48128,0,0,1,1,5,1,1,3,2,02,1,1,0,71,1,0,1,1,1,17,5,1,2,0,0,2,1,201200017463B02,7,17,1,200069185
201200017463,2012-02-25,2012,février,samedi,14:15,48,48128,0,0,1,1,5,1,1,3,2,02,1,1,0,71,1,0,1,4,1,49,5,1,2,0,9,8,1,201200017463D04,7,17,1,200069185