Num_Acc,date,an,mois,jour,hrmn,dep,com,lat,long,agg,int,col,lum,atm,catr,circ,nbv,prof,plan,lartpc,larrout,surf,infra,situ,grav,sexe,age,trajet,secuexist,equipement,obs,obsm,choc,manv,vehiculeid,typevehicules,manoeuvehicules,numVehicules,_infos_commune.code_epci
201200019375,2012-09-09,2012,septembre,dimanche,11:00,41,41126,47.2824,1.35472,1,1,1,1,1,3,2,02,1,1,60,60,1,0,1,1,1,61,5,1,2,0,2,4,1,201200019375B02,1,1,1,200072064
201200019375,2012-09-09,2012,septembre,dimanche,11:00,41,41126,47.2824,1.35472,1,1,1,1,1,3,2,02,1,1,60,60,1,0,1,3,1,86,5,1,2,0,2,1,1,201200019375A01,1,1,1,200072064
201200019418,2012-12-28,2012,décembre,vendredi,15:45,47,47052,44.319,0.084,2,3,3,1,1,3,2,02,1,1,0,115,1,5,1,3,1,65,5,1,2,0,2,2,1,201200019418B02,7,19,1,244701355
201200019434,2012-07-18,2012,juillet,mercredi,10:30,42,42041,45.70767,4.16131,1,1,1,1,1,3,2,00,-1,1,0,70,1,0,1,3,1,66,5,3,1,0,0,1,0,201200019434B02,15,17,1,200065894
201200019441,2012-09-14,2012,septembre,vendredi,17:15,42,42038,45.62805,4.16721,1,1,3,1,1,3,2,02,1,1,0,75,1,0,1,3,1,35,5,1,2,0,2,3,1,201200019441B02,7,1,1,200065886
201200019443,2012-11-17,2012,novembre,samedi,12:30,42,42206,45.54826,4.32184,1,1,5,1,1,3,2,02,1,2,0,44,1,0,1,3,1,54,5,1,2,0,2,8,1,201200019443B02,10,1 / 17,2,244200770
201200019456,2012-08-03,2012,août,vendredi,11:00,12,12102,44.294,2.582,1,1,2,1,1,3,2,02,1,-1,0,73,1,0,1,3,1,76,5,1,9,0,0,4,2,201200019456B02,7,2,1,241200658
201200019470,2012-02-16,2012,février,jeudi,15:15,12,12217,44.417,1.968,1,2,3,1,1,3,2,00,2,3,80,0,1,0,1,4,1,65,5,3,1,0,2,1,1,201200019470A01,10,15,1,200069383
201200019489,2012-07-05,2012,juillet,jeudi,17:30,49,49004,47.46523,-0.39968,1,2,3,1,1,4,1,01,1,3,0,48,1,0,0,4,1,15,5,3,1,0,2,1,19,201200019489A01,7,1,1,
201200019518,2012-03-11,2012,mars,dimanche,09:00,49,49370,47.27843,-0.22186,1,2,3,1,1,3,2,02,1,-1,0,0,1,0,1,2,1,87,5,2,2,0,2,2,15,201200019518B02,7,1,1,200071876
201200019635,2012-09-09,2012,septembre,dimanche,10:15,89,89263,47.84549,3.56594,2,1,3,1,1,3,2,02,1,1,0,52,1,0,1,3,1,76,5,1,2,0,2,8,10,201200019635A01,7,17,1,200067114
201200019664,2012-07-07,2012,juillet,samedi,10:00,89,89153,47.87378,3.98978,1,1,1,1,1,3,2,02,2,1,0,80,1,0,1,3,1,73,5,1,2,0,2,8,2,201200019664B02,7,17,1,200039642
201200019711,2012-04-08,2012,avril,dimanche,17:45,71,71380,0,0,2,3,3,1,1,3,2,02,1,1,0,90,1,0,1,3,1,11,5,2,3,0,2,8,15,201200019711B02,7,1,1,200042414
201200019726,2012-05-24,2012,mai,jeudi,16:30,64,64410,0,0,2,6,7,1,1,3,-1,00,1,2,0,66,1,0,1,3,1,48,5,1,4,0,0,8,2,201200019726A01,,,,200039204
201200019771,2012-08-15,2012,août,mercredi,11:00,69,69035,46.268,4.652,1,1,6,1,1,3,2,00,-1,2,0,25,1,0,1,3,2,54,5,1,2,0,2,4,2,201200019771B02,7,2,1,200067817
201200019784,2012-05-12,2012,mai,samedi,18:15,33,33095,0,0,2,2,3,1,1,3,2,02,1,1,0,67,1,0,1,4,2,7,5,1,2,0,2,7,15,201200019784B02,7,1,1,200043982
201200019804,2012-07-24,2012,juillet,mardi,19:45,33,33540,0,0,2,1,2,1,1,3,2,02,1,1,0,0,1,0,1,3,2,63,5,3,1,0,2,4,1,201200019804A01,7,1,1,200070720
201200019806,2012-08-23,2012,août,jeudi,10:15,33,33544,45.545,-1.095,1,1,3,1,1,3,-1,02,1,1,30,77,1,0,1,3,2,28,5,3,1,0,2,8,15,201200019806A01,7,1,1,200070720
201200019807,2012-03-11,2012,mars,dimanche,11:15,33,33157,44.81,-0.262,1,1,3,1,1,4,2,01,1,1,0,31,1,0,1,3,1,57,5,3,1,0,2,8,19,201200019807B02,7,1,1,200070092
201200019815,2012-12-23,2012,décembre,dimanche,10:45,33,33261,0,0,1,1,2,1,7,3,2,02,1,1,0,53,2,0,1,3,1,58,5,1,2,0,0,4,1,201200019815B02,10,1,1,200035533
201200019836,2012-05-26,2012,mai,samedi,11:50,80,80212,0,0,2,2,1,1,7,9,1,02,-1,1,0,120,1,5,1,3,1,73,5,1,2,0,2,8,1,201200019836B02,7,19,1,248000499
201200019905,2012-09-08,2012,septembre,samedi,09:30,80,80148,0,0,1,1,2,1,1,3,2,02,1,1,0,55,1,0,1,3,1,34,5,1,2,0,2,4,21,201200019905B02,33,21,1,247600588
201200019915,2012-12-16,2012,décembre,dimanche,18:30,80,80182,0,0,2,1,2,3,2,3,2,02,-1,1,0,65,2,0,1,3,1,50,5,1,4,0,0,4,1,201200019915B02,7,2,1,200070993
201200019939,2012-07-02,2012,juillet,lundi,19:30,80,80711,0,0,2,3,1,1,1,3,2,02,1,1,0,56,1,0,1,1,1,15,5,1,2,0,2,1,9,201200019939A01,7,1,1,200071223
201200019939,2012-07-02,2012,juillet,lundi,19:30,80,80711,0,0,2,3,1,1,1,3,2,02,1,1,0,56,1,0,1,3,1,14,0,1,2,0,2,1,9,201200019939A01,7,1,1,200071223
201200019950,2012-08-04,2012,août,samedi,08:15,80,80561,0,0,2,4,1,1,1,4,1,00,1,1,30,101,1,6,1,3,2,38,5,1,2,0,2,8,19,201200019950A01,7,15,1,200070977
201200019952,2012-10-03,2012,octobre,mercredi,05:00,80,80685,49.70187,2.78328,2,1,1,5,1,4,2,02,-1,1,0,55,1,0,1,3,1,57,0,1,2,0,2,3,1,201200019952B02,10,0,1,200070977
201200019994,2012-10-19,2012,octobre,vendredi,11:30,2B,2B029,42.684,9.399,1,1,2,1,5,3,2,02,2,1,0,58,2,0,1,3,2,60,5,1,2,0,0,4,1,201200019994B02,7,1,1,200073120
201200019996,2012-12-27,2012,décembre,jeudi,10:30,2B,2B185,42.641,9.346,1,1,1,1,7,3,2,00,2,3,0,0,2,0,1,2,1,55,5,1,2,0,2,1,1,201200019996B02,7,15,1,200073120
201200019997,2012-09-01,2012,septembre,samedi,14:00,2B,2B150,0,0,1,1,5,1,2,2,3,02,4,2,0,71,2,0,1,3,1,28,5,1,2,0,0,3,1,201200019997B02,7,13,1,242020105
201200019997,2012-09-01,2012,septembre,samedi,14:00,2B,2B150,0,0,1,1,5,1,2,2,3,02,4,2,0,71,2,0,1,3,1,30,5,1,2,0,0,3,1,201200019997C03,7,13,1,242020105
201200020001,2012-08-03,2012,août,vendredi,09:45,2B,2B084,42.53,8.903,1,1,1,1,7,3,2,02,2,2,0,43,1,0,1,3,1,53,5,2,2,0,2,1,1,201200020001B02,7,13,1,242020105
201200020005,2012-01-17,2012,janvier,mardi,11:15,31,31150,43.6477,1.33713,1,1,3,1,1,3,2,00,2,1,0,0,1,0,1,3,1,31,1,1,2,0,2,1,1,201200020005B02,10,1,1,243100518
201200020050,2012-03-26,2012,mars,lundi,10:15,79,79128,0,0,1,2,3,1,1,9,2,00,-1,-1,,,1,0,0,3,1,37,5,1,2,0,2,1,1,201200020050A01,21,15,1,200041994
201200020075,2012-06-29,2012,juin,vendredi,19:30,76,76543,49.61099,0.49763,1,2,1,1,1,3,2,02,1,1,0,60,1,0,1,3,1,48,5,1,2,0,2,8,15,201200020075A01,7,19,1,200010700
201200020135,2012-04-02,2012,avril,lundi,10:00,74,74165,0,0,1,2,1,1,1,3,2,00,-1,3,0,70,1,0,1,3,1,54,5,1,2,0,2,1,1,201200020135B02,7,15,1,247400740
201200020150,2012-11-24,2012,novembre,samedi,16:45,74,74311,0,0,1,1,6,1,1,3,2,00,2,1,0,40,1,0,1,3,1,44,5,1,2,0,5,1,1,201200020150B02,,,,247400666
201200020163,2012-09-08,2012,septembre,samedi,17:15,74,74094,0,0,2,4,1,1,1,3,2,02,2,1,0,70,1,0,1,4,1,70,5,1,2,0,2,1,1,201200020163B02,7,20,1,200011773
201200020190,2012-04-17,2012,avril,mardi,16:00,25,25258,47.246,5.93,2,6,1,1,1,3,1,01,1,-1,0,80,1,5,1,3,1,64,5,1,2,0,2,4,2,201200020190B02,7,2,1,242500361
201200020210,2012-06-16,2012,juin,samedi,15:15,56,56168,47.59915,-3.11161,2,6,3,1,1,3,-1,02,1,2,150,80,9,0,1,3,2,69,3,1,9,0,2,1,1,201200020210B02,7,9,1,200043123
201200020214,2012-02-29,2012,février,mercredi,15:00,56,56078,47.78759,-3.48619,2,1,3,1,1,4,2,02,-1,1,0,67,1,0,1,2,1,14,5,2,2,0,2,1,19,201200020214A01,7,1,1,200042174
201200020227,2012-07-03,2012,juillet,mardi,17:00,56,56169,47.71505,-3.24366,1,1,3,1,2,4,2,02,-1,3,0,50,2,0,1,3,1,58,5,1,2,0,2,1,1,201200020227A01,7,15,1,245600440
201200020229,2012-09-08,2012,septembre,samedi,15:00,56,56119,47.70841,-3.11583,1,1,2,1,1,4,2,02,1,1,0,55,1,0,1,3,2,67,3,1,9,0,2,4,1,201200020229B02,7,1,1,200043123
201200020231,2012-10-11,2012,octobre,jeudi,16:45,56,56169,47.6893,-3.22254,1,3,3,1,1,4,2,00,1,1,0,60,1,0,1,4,1,69,5,1,2,0,2,2,1,201200020231A01,7,15,1,245600440
201200020297,2012-04-04,2012,avril,mercredi,17:00,56,56175,0,0,2,1,2,1,1,3,-1,00,1,1,0,51,1,0,1,3,1,15,5,1,4,0,2,4,14,201200020297B02,30,18,1,200043123
201200020302,2012-07-17,2012,juillet,mardi,18:00,56,56101,47.85008,-3.1913,1,1,1,1,1,4,2,02,4,1,0,45,1,0,1,3,1,41,5,1,2,0,2,1,0,201200020302B02,7,1,1,200042174
201200020335,2012-09-09,2012,septembre,dimanche,12:30,51,51631,0,0,1,1,4,1,1,3,2,02,1,1,0,58,1,0,1,3,1,25,5,2,2,0,2,4,13,201200020335B02,7,17,1,200067213
201200020335,2012-09-09,2012,septembre,dimanche,12:30,51,51631,0,0,1,1,4,1,1,3,2,02,1,1,0,58,1,0,1,3,2,24,5,1,2,0,2,8,1,201200020335C03,7,17,1,200067213
201200020355,2012-01-23,2012,janvier,lundi,20:00,89,89239,48.184,3.348,1,1,1,3,3,3,2,02,1,-1,0,51,2,0,1,3,2,45,9,2,2,0,2,4,1,201200020355B02,7,1,1,248900334
201200020373,2012-10-22,2012,octobre,lundi,17:30,57,57318,0,0,1,9,1,1,1,3,2,,4,1,0,60,1,0,1,3,1,18,5,1,2,0,2,7,19,201200020373B02,14,1,1,200068146
201200020386,2012-06-22,2012,juin,vendredi,17:30,35,35031,48.17463,-1.45584,1,3,1,1,1,3,2,02,1,-1,0,50,1,0,1,3,1,13,5,3,1,0,2,6,15,201200020386B02,7,15,1,243500774
201200020391,2012-08-10,2012,août,vendredi,20:15,44,44071,0,0,1,1,1,1,1,3,2,02,1,1,0,70,1,0,1,3,1,64,5,3,1,0,0,4,2,201200020391B02,30,2,1,200067635
201200020397,2012-05-02,2012,mai,mercredi,15:30,83,83116,0,0,1,1,4,1,1,3,2,02,2,1,0,64,1,0,1,4,1,20,5,1,2,0,2,1,1,201200020397B02,10,17,1,200068104
201200020397,2012-05-02,2012,mai,mercredi,15:30,83,83116,0,0,1,1,4,1,1,3,2,02,2,1,0,64,1,0,1,3,1,17,5,1,2,0,2,1,1,201200020397C03,10,17,1,200068104
201200020397,2012-05-02,2012,mai,mercredi,15:30,83,83116,0,0,1,1,4,1,1,3,2,02,2,1,0,64,1,0,1,1,1,18,5,1,2,0,2,1,1,201200020397D04,10,17,1,200068104
201200020425,2012-10-05,2012,octobre,vendredi,18:15,74,74043,0,0,1,1,1,1,1,3,2,02,1,1,0,75,1,0,1,3,2,61,3,3,2,0,2,8,15,201200020425A01,7,1,1,200067551
201200020441,2012-07-17,2012,juillet,mardi,15:45,34,34217,0,0,1,6,1,1,1,3,1,00,1,3,0,0,1,0,5,3,1,60,1,2,2,0,2,1,19,201200020441B02,7,14,1,243400017
201200020442,2012-07-30,2012,juillet,lundi,10:15,34,34118,0,0,2,1,1,1,1,3,2,01,-1,1,0,53,1,0,1,3,1,72,5,3,1,0,2,1,19,201200020442B02,7,1,1,200022986
201200020455,2012-04-25,2012,avril,mercredi,10:15,16,16015,45.65049,0.17997,2,3,3,1,8,3,2,02,1,2,0,55,2,0,1,4,2,49,4,1,2,0,2,3,15,201200020455B01,7,1,1,200071827
201200020475,2012-08-22,2012,août,mercredi,11:25,16,16271,45.61275,0.19448,1,2,3,1,1,3,2,02,1,3,0,52,1,0,1,3,1,67,5,1,2,0,2,1,1,201200020475A01,7,2,1,200071827
201200020477,2012-09-07,2012,septembre,vendredi,12:15,16,16015,45.64541,0.1666,2,1,3,1,1,4,1,01,1,1,0,28,1,0,1,3,1,27,5,3,2,1,0,1,1,201200020477B01,7,22,1,200071827
201200020503,2012-05-23,2012,mai,mercredi,14:50,16,16102,45.70072,-0.32749,2,3,3,1,1,4,2,02,1,1,0,60,1,0,1,3,1,13,5,2,9,0,2,2,16,201200020503A01,31,1,1,200070514
201200020505,2012-06-20,2012,juin,mercredi,08:15,16,16089,45.66829,-0.32819,1,6,3,1,1,3,1,01,1,2,10,70,1,5,1,3,1,16,1,3,9,0,2,3,16,201200020505B01,7,2,1,200070514
201200020520,2012-04-17,2012,avril,mardi,07:00,69,69100,0,0,1,6,3,1,1,3,2,00,4,1,0,0,1,5,1,4,1,25,1,2,2,0,2,1,9,201200020520A01,7,1,1,200046977
201200020536,2012-02-23,2012,février,jeudi,09:40,17,17299,0,0,2,1,7,1,2,4,2,02,1,1,0,60,2,0,1,4,1,30,0,3,9,1,0,1,15,201200020536A01,,,,200041762
201200020537,2012-02-24,2012,février,vendredi,07:30,17,17299,0,0,2,2,3,2,2,3,1,01,1,1,0,40,2,0,1,4,1,15,2,3,9,0,2,5,1,201200020537A01,7,1,1,200041762
201200020540,2012-02-29,2012,février,mercredi,20:10,17,17299,0,0,2,1,3,5,1,4,2,02,1,1,0,80,1,0,5,4,2,24,9,3,9,1,0,1,1,201200020540A01,7,24,1,200041762
201200020544,2012-03-29,2012,mars,jeudi,16:00,17,17299,0,0,2,1,7,1,1,4,2,02,1,1,0,55,1,0,0,4,2,16,9,3,9,0,0,7,0,201200020544A01,,,,200041762
201200020564,2012-07-31,2012,juillet,mardi,18:45,17,17449,0,0,2,3,3,1,1,4,1,01,1,1,0,0,1,0,1,4,1,12,5,3,9,0,2,1,16,201200020564A01,7,15,1,200041762
201200020569,2012-08-21,2012,août,mardi,14:15,17,17299,0,0,2,6,3,1,1,4,2,02,1,1,0,55,1,0,1,4,2,66,5,3,9,0,2,1,1,201200020569B01,7,9,1,200041762
201200020570,2012-08-23,2012,août,jeudi,11:10,17,17449,0,0,2,1,7,1,1,4,2,02,2,1,0,50,1,0,1,4,1,20,5,3,9,8,0,1,0,201200020570A01,,,,200041762
201200020578,2012-10-25,2012,octobre,jeudi,08:00,17,17299,0,0,2,2,3,2,1,4,1,01,1,1,0,35,1,0,1,4,2,18,2,3,9,0,2,1,1,201200020578A01,7,1,1,200041762
201200020609,2012-01-31,2012,janvier,mardi,17:00,17,17300,0,0,2,1,3,1,1,4,2,02,-1,-1,0,0,-1,0,1,4,1,16,0,3,9,0,2,1,9,201200020609B01,7,1,1,241700434
201200020626,2012-03-06,2012,mars,mardi,13:57,17,17200,0,0,2,3,3,1,1,4,2,02,-1,-1,0,0,-1,0,1,4,2,13,5,3,4,0,2,1,0,201200020626A01,7,0,1,241700434
201200020631,2012-03-13,2012,mars,mardi,07:59,17,17300,0,0,2,1,3,1,1,4,2,02,-1,-1,0,0,-1,0,1,4,1,13,2,1,4,0,2,1,1,201200020631B01,7,1,1,241700434
201200020639,2012-03-23,2012,mars,vendredi,17:23,17,17300,0,0,2,1,3,1,7,4,2,02,1,1,0,0,1,0,1,4,1,29,0,1,4,0,2,1,1,201200020639A01,7,15,1,241700434
201200020644,2012-03-28,2012,mars,mercredi,13:24,17,17300,0,0,2,1,1,1,1,4,2,02,1,-1,0,0,-1,0,1,4,1,18,0,1,4,0,2,1,1,201200020644B01,7,1,1,241700434
201200020648,2012-04-02,2012,avril,lundi,08:47,17,17291,0,0,2,1,1,1,1,4,1,00,1,1,0,0,1,0,1,4,1,78,0,1,9,0,0,7,0,201200020648B01,7,0,1,241700434
201200020670,2012-04-26,2012,avril,jeudi,19:20,17,17300,0,0,2,1,3,1,1,4,-1,00,1,1,0,0,1,0,1,4,2,21,5,2,9,0,2,8,1,201200020670B01,7,1,1,241700434
201200020672,2012-04-28,2012,avril,samedi,11:10,17,17300,0,0,2,1,1,1,1,4,2,02,1,1,0,0,1,0,1,3,1,61,0,3,9,0,2,1,15,201200020672A01,7,1,1,241700434
201200020679,2012-05-10,2012,mai,jeudi,11:00,17,17200,0,0,2,9,2,1,1,4,2,02,1,1,0,0,1,0,1,4,2,43,0,3,9,0,2,4,1,201200020679B01,7,1,1,241700434
201200020694,2012-05-27,2012,mai,dimanche,09:03,17,17300,0,0,2,1,3,1,1,4,2,02,-1,-1,0,0,-1,0,1,4,1,5,0,3,4,0,2,7,1,201200020694B01,7,1,1,241700434
201200020711,2012-06-11,2012,juin,lundi,09:11,17,17300,0,0,2,1,1,1,1,4,-1,00,1,-1,0,0,1,0,1,4,1,65,0,1,9,0,2,7,0,201200020711B01,10,0,1,241700434
201200020714,2012-06-13,2012,juin,mercredi,09:51,17,17300,0,0,2,1,3,1,1,4,1,01,-1,-1,0,0,-1,0,1,4,1,37,5,3,2,0,2,2,1,201200020714A01,7,1,1,241700434
201200020726,2012-06-24,2012,juin,dimanche,22:25,17,17300,0,0,2,1,7,5,1,4,2,02,-1,-1,0,0,-1,0,1,4,2,17,5,3,4,0,0,0,1,201200020726A01,,,,241700434
201200020726,2012-06-24,2012,juin,dimanche,22:25,17,17300,0,0,2,1,7,5,1,4,2,02,-1,-1,0,0,-1,0,1,4,2,17,5,3,4,0,0,0,1,201200020726A01,,,,241700434
201200020734,2012-07-03,2012,juillet,mardi,11:00,17,17300,0,0,2,1,7,1,1,4,2,02,-1,-1,0,0,1,0,1,4,2,24,0,3,4,1,0,1,1,201200020734B01,7,22,1,241700434
201200020749,2012-07-17,2012,juillet,mardi,14:39,17,17300,0,0,2,1,3,1,1,4,2,04,-1,-1,0,0,-1,0,1,4,1,61,0,1,4,0,2,2,1,201200020749B01,7,6,1,241700434
201200020750,2012-07-18,2012,juillet,mercredi,07:48,17,17300,0,0,2,1,6,1,1,4,2,02,1,1,0,0,-1,0,1,4,1,52,0,3,9,0,2,1,1,201200020750B01,7,15,1,241700434
201200020761,2012-08-08,2012,août,mercredi,17:39,17,17300,0,0,2,1,7,1,1,4,2,02,1,1,0,0,1,0,1,4,1,35,0,3,9,16,0,0,1,201200020761A01,,,,241700434
201200020764,2012-08-16,2012,août,jeudi,16:16,17,17300,0,0,2,1,6,1,1,4,2,02,-1,-1,0,0,-1,0,1,3,2,20,0,3,4,0,2,3,13,201200020764B01,7,17,1,241700434
201200020776,2012-08-27,2012,août,lundi,08:55,17,17300,0,0,2,1,6,1,1,4,2,02,1,1,0,0,1,0,1,3,2,61,0,3,9,0,2,0,19,201200020776B01,32,1,1,241700434
201200020777,2012-08-28,2012,août,mardi,19:46,17,17300,0,0,2,2,3,2,1,4,2,02,-1,-1,0,0,-1,0,1,4,2,60,0,3,4,0,2,1,1,201200020777B01,7,15,1,241700434
201200020778,2012-09-03,2012,septembre,lundi,19:46,17,17300,0,0,2,2,3,2,1,4,2,02,-1,-1,0,0,-1,0,1,4,2,60,0,3,4,0,2,1,1,201200020778B01,7,15,1,241700434
201200020780,2012-09-05,2012,septembre,mercredi,11:31,17,17028,0,0,2,1,6,1,1,4,-1,01,-1,-1,0,0,-1,0,0,4,2,48,0,1,9,0,0,0,0,201200020780B01,7,0,1,241700434
201200020794,2012-09-17,2012,septembre,lundi,18:44,17,17300,0,0,2,1,6,1,1,4,2,02,1,1,0,0,1,0,1,4,1,27,5,3,9,0,2,0,15,201200020794A01,7,1,1,241700434
201200020796,2012-09-18,2012,septembre,mardi,17:40,17,17300,0,0,2,1,3,1,1,4,-1,00,-1,-1,0,0,-1,0,1,4,1,14,0,1,9,0,2,2,2,201200020796B01,7,2,1,241700434
201200020798,2012-09-20,2012,septembre,jeudi,09:05,17,17300,0,0,2,1,2,1,1,4,2,02,-1,-1,0,0,-1,0,1,3,1,58,0,3,4,0,2,4,23,201200020798A01,7,1,1,241700434
201200020799,2012-09-20,2012,septembre,jeudi,16:30,17,17300,0,0,2,1,6,1,1,4,-1,01,1,1,0,0,1,0,1,4,1,47,5,3,9,0,1,1,1,201200020799A01,,,,241700434
201200020799,2012-09-20,2012,septembre,jeudi,16:30,17,17300,0,0,2,1,6,1,1,4,-1,01,1,1,0,0,1,0,1,4,2,64,5,3,9,0,1,1,1,201200020799A01,,,,241700434
201200020806,2012-09-25,2012,septembre,mardi,18:56,17,17300,0,0,2,1,7,1,1,4,2,02,-1,-1,0,0,-1,0,1,4,1,20,1,3,4,0,0,0,0,201200020806A01,,,,241700434
201200020807,2012-09-26,2012,septembre,mercredi,11:46,17,17300,0,0,2,3,3,1,2,4,1,00,-1,-1,0,0,-1,0,1,4,2,83,0,1,9,0,2,7,2,201200020807B01,7,2,1,241700434
201200020808,2012-10-01,2012,octobre,lundi,15:04,17,17300,0,0,2,1,3,1,1,4,1,00,1,1,0,0,1,0,1,4,1,62,0,3,9,0,2,7,1,201200020808B01,7,0,1,241700434
201200020814,2012-10-06,2012,octobre,samedi,05:40,17,17300,0,0,2,9,6,3,1,4,2,02,1,1,0,0,1,0,1,4,1,20,0,3,9,0,2,7,15,201200020814A01,7,1,1,241700434
201200020831,2012-10-24,2012,octobre,mercredi,19:15,17,17300,0,0,2,1,6,2,1,4,1,01,-1,-1,0,0,-1,0,1,4,1,44,0,1,9,0,2,0,0,201200020831B01,7,0,1,241700434
201200020837,2012-10-30,2012,octobre,mardi,15:45,17,17300,0,0,2,1,6,1,1,4,-1,00,-1,-1,0,0,-1,0,0,1,2,27,0,1,4,0,1,0,0,201200020837A01,,,,241700434
201200020842,2012-11-07,2012,novembre,mercredi,11:55,17,17300,0,0,2,1,6,1,1,4,1,01,1,-1,0,0,1,0,0,1,1,29,0,3,9,0,1,1,1,201200020842A01,,,,241700434
201200020842,2012-11-07,2012,novembre,mercredi,11:55,17,17300,0,0,2,1,6,1,1,4,1,01,1,-1,0,0,1,0,0,4,1,59,5,3,9,0,1,1,1,201200020842A01,,,,241700434
201200020850,2012-11-19,2012,novembre,lundi,18:58,17,17300,0,0,2,1,6,5,1,4,-1,01,-1,-1,0,0,1,0,1,4,2,17,2,2,9,0,2,0,0,201200020850V01,7,2,1,241700434
201200020859,2012-11-27,2012,novembre,mardi,07:20,17,17200,0,0,2,1,6,3,1,4,2,02,1,1,0,0,1,0,1,4,1,18,0,3,9,0,2,7,1,201200020859B01,7,1,1,241700434
201200020861,2012-11-29,2012,novembre,jeudi,09:44,17,17028,0,0,2,3,3,1,1,4,2,02,-1,-1,0,0,-1,0,1,4,1,61,0,3,4,0,2,2,1,201200020861A01,7,1,1,241700434
201200020862,2012-11-29,2012,novembre,jeudi,14:30,17,17300,0,0,2,1,3,1,1,4,2,00,-1,-1,0,0,-1,0,1,4,1,23,0,3,9,0,2,0,2,201200020862B01,7,2,1,241700434
201200020877,2012-12-20,2012,décembre,jeudi,12:29,17,17300,0,0,2,1,2,1,1,4,2,02,1,1,0,0,1,0,1,4,1,11,0,3,9,0,2,4,1,201200020877B01,7,1,1,241700434
201200020891,2012-03-08,2012,mars,jeudi,19:30,17,17306,0,0,2,1,2,5,1,4,-1,02,-1,-1,0,0,-1,0,1,4,2,65,0,3,9,0,2,1,1,201200020891B01,7,4,1,241700640
201200020909,2012-05-18,2012,mai,vendredi,10:20,17,17306,0,0,2,1,6,1,1,4,2,02,1,3,0,0,1,0,1,3,2,64,5,3,9,0,2,3,1,201200020909A01,10,17,1,241700640
201200020910,2012-05-18,2012,mai,vendredi,18:10,17,17306,0,0,2,1,3,1,1,4,-1,00,-1,-1,0,0,-1,0,1,4,2,59,0,3,9,0,2,1,0,201200020910B01,7,0,1,241700640
201200020917,2012-06-17,2012,juin,dimanche,13:00,17,17333,0,0,2,1,3,1,1,4,2,02,-1,-1,0,0,-1,0,1,4,1,28,0,3,4,0,2,0,12,201200020917B01,7,17,1,241700640
201200020918,2012-06-22,2012,juin,vendredi,15:55,17,17333,0,0,1,1,3,1,1,4,-1,02,-1,-1,0,0,-1,0,1,3,2,53,0,3,9,0,2,0,0,201200020918B01,3,0,1,241700640
201200020923,2012-07-08,2012,juillet,dimanche,10:55,17,17306,0,0,2,1,6,1,1,4,1,00,1,3,0,0,1,0,1,4,1,67,5,1,2,1,0,1,1,201200020923B01,7,24,1,241700640
201200020939,2012-07-21,2012,juillet,samedi,10:45,17,17333,0,0,2,1,7,1,1,4,2,02,2,2,0,0,1,0,1,2,1,66,5,1,2,0,0,0,1,201200020939A01,,,,241700640
201200020945,2012-08-11,2012,août,samedi,13:25,17,17306,0,0,2,3,3,1,1,4,2,01,1,1,0,0,1,0,1,3,2,61,3,2,2,0,0,6,2,201200020945B01,7,16,1,241700640
201200020946,2012-08-12,2012,août,dimanche,14:04,17,17306,0,0,2,1,6,1,1,4,-1,00,1,1,0,0,1,0,1,4,1,8,5,3,2,1,0,0,1,201200020946A01,7,1,1,241700640
201200020949,2012-08-15,2012,août,mercredi,20:25,17,17461,0,0,2,3,3,2,1,4,2,00,1,1,0,0,1,0,1,4,1,58,0,1,2,0,2,1,1,201200020949A01,7,1,1,241700640
201200020951,2012-08-17,2012,août,vendredi,08:43,17,17380,0,0,2,3,3,2,1,4,2,00,1,1,0,0,1,0,1,4,1,58,5,1,2,0,2,1,1,201200020951A01,7,1,1,241700640
201200020954,2012-08-20,2012,août,lundi,09:57,17,17306,0,0,2,1,6,1,1,4,2,02,1,1,0,0,1,0,1,4,1,14,5,3,2,1,0,1,1,201200020954B01,7,22,1,241700640
201200020955,2012-08-20,2012,août,lundi,19:14,17,17306,0,0,2,1,6,1,1,4,-1,00,1,1,0,0,1,0,1,1,2,18,5,3,2,0,0,0,1,201200020955A01,,,,241700640
201200020971,2012-10-12,2012,octobre,vendredi,17:55,17,17380,0,0,2,1,6,1,1,4,-1,00,1,2,0,0,1,0,1,3,1,64,5,1,2,0,2,1,1,201200020971B01,7,0,1,241700640
201200020975,2012-11-17,2012,novembre,samedi,12:14,17,17306,0,0,2,9,6,1,1,4,-1,00,-1,-1,0,0,1,0,1,3,1,15,9,3,9,0,0,7,2,201200020975B01,30,2,1,241700640
201200020983,2012-06-03,2012,juin,dimanche,09:30,17,17380,0,0,2,1,1,1,1,4,-1,02,1,-1,0,0,1,0,0,4,1,58,0,3,9,0,2,0,0,201200020983A01,1,0,1,241700640
201200020983,2012-06-03,2012,juin,dimanche,09:30,17,17380,0,0,2,1,1,1,1,4,-1,02,1,-1,0,0,1,0,0,4,1,63,0,3,9,0,2,0,0,201200020983B01,1,0,1,241700640
201200021040,2012-08-31,2012,août,vendredi,13:45,17,17415,0,0,2,1,6,1,1,4,2,02,-1,-1,0,60,1,0,1,4,1,41,0,1,4,0,2,1,1,201200021040A01,7,1,1,200036473
201200021053,2012-10-28,2012,octobre,dimanche,17:35,17,17415,0,0,2,1,6,1,1,4,2,02,-1,-1,0,60,1,0,1,4,2,15,0,1,4,0,2,1,1,201200021053B01,7,15,1,200036473
201200021060,2012-12-03,2012,décembre,lundi,08:00,17,17415,0,0,2,1,6,5,1,4,2,02,-1,-1,0,60,1,0,1,4,2,47,0,1,4,0,2,1,1,201200021060B01,10,15,1,200036473