Num_Acc,date,an,mois,jour,hrmn,dep,com,lat,long,agg,int,col,lum,atm,catr,circ,nbv,prof,plan,lartpc,larrout,surf,infra,situ,grav,sexe,age,trajet,secuexist,equipement,obs,obsm,choc,manv,vehiculeid,typevehicules,manoeuvehicules,numVehicules,_infos_commune.code_epci
201200023014,2012-07-10,2012,juillet,mardi,12:00,83,83152,0,0,2,1,5,1,1,3,2,02,2,1,0,63,1,0,1,3,2,66,5,1,2,0,2,8,5,201200023014B02,7,5,1,200036077
201200023014,2012-07-10,2012,juillet,mardi,12:00,83,83152,0,0,2,1,5,1,1,3,2,02,2,1,0,63,1,0,1,3,1,65,5,1,2,0,2,8,5,201200023014C03,7,5,1,200036077
201200023021,2012-09-23,2012,septembre,dimanche,08:15,83,83036,43.309,6.908,1,1,3,1,1,3,2,02,-1,1,0,63,1,6,1,4,1,68,5,1,2,0,2,4,19,201200023021B02,7,1,1,200036077
201200023022,2012-09-30,2012,septembre,dimanche,14:00,83,83036,43.158,6.504,1,1,2,1,1,3,2,02,-1,1,0,64,-1,0,1,3,1,44,5,1,4,0,0,4,2,201200023022B02,7,2,1,200036077
201200023079,2012-11-25,2012,novembre,dimanche,11:15,68,68300,47.801,7.373,2,6,1,1,2,3,-1,02,-1,-1,0,30,2,5,5,3,1,47,5,1,2,0,2,1,1,201200023079B02,7,9,1,200066009
201200023096,2012-02-15,2012,février,mercredi,07:05,29,29019,48.39371,-4.49536,2,1,6,2,1,9,-1,02,1,1,0,0,1,0,5,4,1,42,1,3,9,0,1,1,1,201200023096A01,,,,242900314
201200023096,2012-02-15,2012,février,mercredi,07:05,29,29019,48.39371,-4.49536,2,1,6,2,1,9,-1,02,1,1,0,0,1,0,5,1,2,39,5,3,9,0,1,1,1,201200023096A01,,,,242900314
201200023123,2012-05-05,2012,mai,samedi,08:35,29,29019,48.40712,-4.49791,2,6,2,1,2,9,1,01,1,3,0,0,2,0,1,4,1,79,5,1,4,0,2,7,1,201200023123B01,7,9,1,242900314
201200023127,2012-05-12,2012,mai,samedi,11:05,29,29019,48.4247,-4.46315,2,1,1,1,1,4,-1,02,2,2,0,0,1,0,1,3,1,77,5,1,2,0,2,1,13,201200023127A01,10,1,1,242900314
201200023129,2012-05-13,2012,mai,dimanche,14:33,29,29019,48.39629,-4.47551,2,3,3,1,1,4,2,02,1,1,0,0,1,0,1,3,1,64,0,1,2,0,2,1,1,201200023129B01,7,15,1,242900314
201200023144,2012-06-18,2012,juin,lundi,07:10,29,29019,48.38977,-4.47383,2,3,3,1,1,4,2,02,1,-1,0,0,1,0,1,4,2,45,1,1,2,0,2,1,1,201200023144B01,10,16,1,242900314
201200023156,2012-07-06,2012,juillet,vendredi,17:00,29,29019,48.38253,-4.50354,2,2,6,1,1,9,2,02,1,1,0,0,1,0,1,4,1,58,0,3,9,0,2,1,17,201200023156A01,7,15,1,242900314
201200023158,2012-07-16,2012,juillet,lundi,07:50,29,29019,48.39153,-4.48398,2,2,3,1,1,4,1,01,1,1,0,0,1,0,1,4,1,31,1,2,2,0,2,7,1,201200023158A01,7,1,1,242900314
201200023181,2012-09-19,2012,septembre,mercredi,20:30,29,29019,48.4065,-4.48487,2,1,2,5,1,4,2,00,1,1,0,0,1,0,1,3,1,21,2,1,2,0,0,4,15,201200023181B01,7,1,1,242900314
201200023224,2012-12-19,2012,décembre,mercredi,20:30,29,29019,48.39802,-4.4775,2,2,1,5,2,9,2,02,1,1,0,0,2,0,1,4,1,32,5,3,4,0,2,1,13,201200023224A01,7,15,1,242900314
201200023244,2012-04-14,2012,avril,samedi,11:15,29,29039,47.87172,-3.91846,2,2,3,1,1,4,1,01,1,1,0,0,1,0,1,3,1,60,3,3,9,0,2,7,1,201200023244A01,20,1,1,242900769
201200023258,2012-07-28,2012,juillet,samedi,18:07,29,29039,47.8759,-3.91585,2,6,1,1,1,4,1,02,1,-1,0,50,1,5,1,3,1,42,5,2,9,0,2,1,1,201200023258B01,7,9,1,242900769
201200023274,2012-10-23,2012,octobre,mardi,15:30,29,29039,47.8782,-3.91984,2,1,3,1,1,4,2,01,4,1,0,80,1,0,1,1,1,12,5,3,9,1,0,3,1,201200023274P01,10,0,1,242900769
201200023279,2012-11-14,2012,novembre,mercredi,14:40,29,29039,47.91747,-3.93489,1,1,3,1,1,3,2,02,2,2,0,66,1,0,1,3,1,65,5,1,2,0,2,3,2,201200023279B01,7,17,1,242900769
201200023308,2012-07-18,2012,juillet,mercredi,12:29,29,29254,48.57206,-3.85724,2,6,3,1,1,4,1,01,1,-1,0,60,1,0,1,4,1,55,5,1,2,0,2,1,1,201200023308B01,7,9,1,242900835
201200023381,2012-03-06,2012,mars,mardi,08:34,29,29232,47.99682,-4.11249,2,1,3,1,1,4,2,02,1,1,0,0,1,0,0,4,1,33,0,2,2,0,2,1,17,201200023381A01,7,15,1,200068120
201200023391,2012-03-25,2012,mars,dimanche,11:30,29,29232,47.99489,-4.10021,2,1,2,1,1,4,1,02,1,1,0,0,1,0,1,3,1,38,5,1,2,0,2,4,1,201200023391B01,7,17,1,200068120
201200023395,2012-04-11,2012,avril,mercredi,13:35,29,29232,48.01684,-4.09598,2,1,6,1,1,4,2,02,2,-1,0,0,1,0,1,3,1,62,0,2,2,9,0,1,2,201200023395A01,,,,200068120
201200023413,2012-05-24,2012,mai,jeudi,11:08,29,29232,47.97992,-4.12272,2,6,2,1,1,3,1,02,1,2,0,0,1,0,1,4,1,53,0,2,2,0,2,4,0,201200023413B01,7,1,1,200068120
201200023416,2012-05-25,2012,mai,vendredi,19:30,29,29232,48.00636,-4.10746,1,1,3,1,1,4,2,02,1,-1,0,0,1,0,1,4,1,42,5,1,2,0,2,8,1,201200023416B01,7,17,1,200068120
201200023423,2012-06-10,2012,juin,dimanche,18:30,29,29051,48.02584,-4.03127,2,1,7,1,1,4,2,02,1,1,0,0,1,0,0,1,1,17,9,1,2,0,1,0,0,201200023423A01,,,,200068120
201200023423,2012-06-10,2012,juin,dimanche,18:30,29,29051,48.02584,-4.03127,2,1,7,1,1,4,2,02,1,1,0,0,1,0,0,4,2,58,5,3,9,0,1,0,0,201200023423A01,,,,200068120
201200023442,2012-06-29,2012,juin,vendredi,18:20,29,29232,47.9902,-4.11113,2,3,3,1,1,4,1,01,1,1,0,0,1,0,1,4,1,35,0,3,9,0,2,1,0,201200023442A01,7,1,1,200068120
201200023456,2012-07-31,2012,juillet,mardi,07:32,29,29232,47.97612,-4.09885,1,1,7,1,1,4,2,03,2,2,0,0,1,0,1,4,1,46,0,2,2,0,0,0,1,201200023456B01,10,19,1,200068120
201200023499,2012-11-18,2012,novembre,dimanche,12:15,29,29051,48.01973,-4.02203,1,6,3,1,1,3,1,01,1,-1,0,0,1,5,1,4,1,64,5,1,2,0,2,7,1,201200023499B01,7,16,1,200068120
201200023548,2012-04-06,2012,avril,vendredi,17:55,30,30007,0,0,2,1,3,1,1,2,1,00,1,2,0,0,1,0,1,4,1,41,1,2,9,0,2,1,1,201200023548B01,7,9,1,200066918
201200023571,2012-09-13,2012,septembre,jeudi,16:00,30,30007,44.13086,4.07245,2,1,2,1,1,3,2,02,1,1,0,0,1,0,1,4,1,13,5,2,9,0,2,0,10,201200023571A01,7,2,1,200066918
201200023632,2012-01-03,2012,janvier,mardi,16:41,30,30189,43.83654,4.39182,2,1,3,1,1,3,1,02,1,1,0,46,1,0,1,4,1,74,0,3,9,0,2,1,5,201200023632B01,7,16,1,243000643
201200023635,2012-01-09,2012,janvier,lundi,14:02,30,30189,43.83266,4.36593,2,1,3,1,1,4,2,02,1,1,0,0,1,0,1,4,1,44,0,3,2,0,2,2,5,201200023635A01,37,2,1,243000643
201200023659,2012-01-30,2012,janvier,lundi,16:22,30,30189,43.84466,4.36783,2,2,6,1,1,4,2,02,1,1,0,70,1,0,1,4,1,55,0,1,2,0,2,1,5,201200023659A01,30,1,1,243000643
201200023675,2012-02-23,2012,février,jeudi,17:45,30,30189,43.8133,4.32369,2,3,3,2,1,4,2,02,1,1,0,104,1,0,1,3,1,30,5,3,9,0,2,1,1,201200023675B01,7,15,1,243000643
201200023678,2012-02-24,2012,février,vendredi,17:07,30,30189,43.84025,4.36533,2,1,3,1,1,3,2,02,1,1,0,0,1,0,1,4,1,62,0,3,2,0,2,1,19,201200023678B01,7,2,1,243000643
201200023682,2012-02-29,2012,février,mercredi,19:05,30,30189,0,0,2,1,3,1,1,4,2,02,1,1,0,58,1,0,1,4,1,22,0,1,4,0,2,1,19,201200023682A01,7,0,1,243000643
201200023684,2012-03-02,2012,mars,vendredi,07:00,30,30189,0,0,2,1,3,2,9,4,2,02,1,-1,0,51,2,0,1,3,1,45,0,3,2,0,2,8,15,201200023684A01,7,1,1,243000643
201200023691,2012-03-08,2012,mars,jeudi,08:35,30,30189,43.85985,4.33536,2,1,7,1,1,3,2,02,1,1,0,10,1,0,1,1,1,67,0,3,4,0,0,0,2,201200023691C01,10,2,1,243000643
201200023691,2012-03-08,2012,mars,jeudi,08:35,30,30189,43.85985,4.33536,2,1,7,1,1,3,2,02,1,1,0,10,1,0,1,4,1,42,0,3,2,0,0,0,2,201200023691B01,10,2,1,243000643
201200023713,2012-03-31,2012,mars,samedi,15:29,30,30189,43.85312,4.38604,2,3,3,1,1,4,2,02,2,1,0,72,1,0,1,4,1,33,0,3,4,0,2,1,1,201200023713B01,7,19,1,243000643
201200023722,2012-04-06,2012,avril,vendredi,15:40,30,30189,0,0,2,1,7,1,1,4,2,02,1,1,0,82,1,0,1,3,1,73,0,3,9,0,0,0,0,201200023722A01,,,,243000643
201200023725,2012-04-14,2012,avril,samedi,11:34,30,30189,43.83378,4.36733,2,1,3,1,1,4,2,04,1,3,0,0,1,0,1,4,1,46,5,1,4,0,2,3,0,201200023725B01,7,0,1,243000643
201200023760,2012-06-01,2012,juin,vendredi,22:07,30,30189,43.82474,4.3792,2,1,6,5,1,3,3,02,1,1,0,0,1,0,1,4,1,36,5,3,4,0,2,4,11,201200023760A01,7,2,1,243000643
201200023781,2012-06-22,2012,juin,vendredi,13:37,30,30189,0,0,2,1,7,1,1,4,3,03,1,1,140,35,1,0,1,4,1,50,5,3,9,0,0,0,0,201200023781A01,7,0,1,243000643
201200023786,2012-06-27,2012,juin,mercredi,06:58,30,30189,43.8717,4.32019,2,1,6,1,1,2,-1,02,1,1,0,0,1,0,0,4,2,42,1,2,2,0,0,7,0,201200023786B01,7,9,1,243000643
201200023808,2012-07-25,2012,juillet,mercredi,19:54,30,30189,0,0,2,1,6,1,1,4,2,02,1,1,0,0,1,0,1,4,1,58,5,2,9,0,2,0,2,201200023808B01,7,9,1,243000643
201200023809,2012-07-26,2012,juillet,jeudi,08:50,30,30189,43.83199,4.35829,2,1,6,1,1,4,2,02,1,1,0,0,1,0,1,4,1,76,3,3,9,0,2,1,5,201200023809A01,7,9,1,243000643
201200023814,2012-08-06,2012,août,lundi,18:40,30,30189,43.83974,4.36008,2,2,3,1,1,4,1,01,-1,-1,0,0,-1,0,1,3,2,20,0,2,2,0,2,7,1,201200023814A01,10,1,1,243000643
201200023846,2012-09-15,2012,septembre,samedi,18:09,30,30189,43.81695,4.34837,2,1,2,1,1,4,1,01,1,1,0,0,1,0,1,4,1,19,5,3,9,0,2,0,2,201200023846A01,7,1,1,243000643
201200023856,2012-09-26,2012,septembre,mercredi,16:12,30,30189,43.83751,4.35045,1,1,6,1,2,4,-1,01,1,-1,0,0,2,0,1,4,2,6,5,3,9,0,0,0,19,201200023856B01,7,1,1,243000643
201200023859,2012-09-30,2012,septembre,dimanche,16:13,30,30189,0,0,1,1,6,1,2,3,-1,01,1,1,0,0,2,0,1,3,2,21,0,1,2,0,2,0,0,201200023859B01,7,0,1,243000643
201200023868,2012-10-11,2012,octobre,jeudi,17:07,30,30189,43.81995,4.34478,2,3,3,1,1,4,2,02,1,1,0,58,1,0,1,4,1,33,0,3,4,0,2,4,1,201200023868B01,7,16,1,243000643
201200023881,2012-10-27,2012,octobre,samedi,10:15,30,30189,43.83812,4.34707,2,3,3,1,1,4,2,02,1,1,0,41,1,0,0,3,1,34,1,3,4,0,2,1,19,201200023881A01,7,16,1,243000643
201200023901,2012-11-20,2012,novembre,mardi,19:02,30,30189,43.82693,4.35357,2,2,2,5,1,4,1,02,1,1,0,65,1,0,1,4,1,27,0,3,9,0,2,1,11,201200023901A01,7,2,1,243000643
201200023957,2012-09-07,2012,septembre,vendredi,20:00,63,63001,0,0,2,1,1,1,7,4,2,00,1,1,51,80,1,0,1,3,1,5,5,2,2,0,2,1,1,201200023957B02,7,1,1,200071199
201200024026,2012-02-27,2012,février,lundi,13:25,31,31483,43.10657,0.72485,2,1,6,1,1,3,2,02,2,1,0,0,1,0,1,3,2,65,5,2,9,0,2,1,2,201200024026A01,,,,200072643
201200024029,2012-03-15,2012,mars,jeudi,15:15,31,31247,43.0885,0.66818,1,1,3,1,1,3,2,02,1,1,0,0,1,5,1,4,1,50,5,1,9,0,2,4,2,201200024029B01,7,9,1,200072643
201200024043,2012-09-14,2012,septembre,vendredi,18:35,31,31565,43.08594,0.70726,2,1,3,1,1,3,2,01,2,1,0,53,1,0,1,3,1,11,5,2,9,0,2,8,19,201200024043B01,7,1,1,200072643
201200024049,2012-12-28,2012,décembre,vendredi,14:30,31,31483,43.10717,0.72388,2,7,3,1,1,3,-1,00,1,1,0,0,1,0,1,4,2,11,5,1,9,0,2,6,1,201200024049B01,7,1,1,200072643
201200024053,2012-09-24,2012,septembre,lundi,17:30,69,69279,0,0,1,2,3,1,1,3,2,02,1,1,0,120,1,5,1,3,1,12,5,2,2,0,2,1,19,201200024053B02,7,1,1,200046977
201200024076,2012-01-16,2012,janvier,lundi,07:00,31,31555,0,0,2,3,3,5,1,4,2,02,1,1,0,75,1,0,1,4,1,48,1,2,4,0,2,0,1,201200024076B01,7,9,1,243100518
201200024078,2012-01-18,2012,janvier,mercredi,17:15,31,31555,0,0,2,1,6,1,1,4,2,02,1,1,0,0,1,0,1,4,1,85,5,2,9,0,2,0,0,201200024078A01,7,0,1,243100518
201200024100,2012-02-15,2012,février,mercredi,15:50,31,31555,0,0,2,1,6,1,1,4,2,00,1,1,0,0,-1,0,1,3,1,80,0,3,9,0,1,0,0,201200024100Z01,,,,243100518
201200024122,2012-03-01,2012,mars,jeudi,17:20,31,31555,0,0,2,1,1,1,1,4,-1,00,1,1,0,0,1,0,1,4,1,58,0,3,4,0,2,1,0,201200024122B01,7,0,1,243100518
201200024217,2012-05-10,2012,mai,jeudi,23:10,31,31555,0,0,2,3,3,5,1,4,2,02,1,1,0,95,1,0,1,4,1,27,5,3,9,0,2,1,1,201200024217B01,7,9,1,243100518
201200024218,2012-05-11,2012,mai,vendredi,19:55,31,31555,0,0,2,3,3,1,1,4,2,02,1,1,0,85,1,0,1,1,1,44,5,3,9,0,2,1,1,201200024218A01,33,1,1,243100518
201200024224,2012-05-14,2012,mai,lundi,08:00,31,31555,0,0,2,1,2,1,1,4,2,02,1,1,0,95,1,0,1,4,1,24,0,1,9,0,2,4,1,201200024224B01,30,2,1,243100518
201200024246,2012-06-01,2012,juin,vendredi,07:25,31,31557,43.57513,1.34562,2,3,3,1,1,3,-1,02,1,1,0,0,1,0,1,4,1,48,1,1,2,0,2,1,1,201200024246B01,7,1,1,243100518
201200024275,2012-06-19,2012,juin,mardi,09:30,31,31557,43.58443,1.34365,2,1,6,1,2,3,3,02,1,1,0,95,2,0,1,1,1,35,0,3,9,0,1,0,1,201200024275A01,,,,243100518
201200024285,2012-06-29,2012,juin,vendredi,08:45,31,31557,43.58365,1.33602,2,4,3,1,2,4,-1,00,1,1,0,0,2,0,0,4,1,44,0,1,4,0,2,1,1,201200024285B01,7,1,1,243100518
201200024287,2012-07-01,2012,juillet,dimanche,04:40,31,31555,0,0,2,1,3,5,1,4,1,00,1,-1,0,0,1,0,1,3,1,25,0,3,4,0,2,8,0,201200024287B01,7,0,1,243100518
201200024300,2012-07-02,2012,juillet,lundi,09:40,31,31149,43.60536,1.33471,2,1,3,1,1,3,1,00,1,1,0,0,1,0,1,4,1,84,0,3,4,0,2,7,0,201200024300B01,33,0,1,243100518
201200024308,2012-07-11,2012,juillet,mercredi,15:00,31,31555,0,0,2,3,3,1,1,4,2,00,1,1,0,0,1,0,1,4,1,55,0,3,4,0,2,1,0,201200024308B01,7,0,1,243100518
201200024309,2012-07-16,2012,juillet,lundi,10:25,31,31149,43.59476,1.33262,2,1,7,1,1,4,2,00,1,1,0,0,-1,0,1,2,1,75,3,2,2,0,0,0,1,201200024309A01,,,,243100518
201200024328,2012-07-31,2012,juillet,mardi,18:45,31,31555,0,0,2,1,3,1,2,4,2,00,1,1,0,0,1,0,0,4,1,39,0,3,4,0,2,0,0,201200024328B01,7,0,1,243100518
201200024343,2012-08-20,2012,août,lundi,08:00,31,31069,43.62489,1.39921,2,1,3,1,1,3,1,01,-1,-1,0,65,-1,0,1,4,1,42,0,3,9,0,2,4,1,201200024343B01,7,9,1,243100518
201200024356,2012-08-30,2012,août,jeudi,07:50,31,31555,0,0,2,1,2,1,1,4,-1,02,1,1,0,65,1,0,1,3,2,32,1,2,2,0,2,4,1,201200024356B01,7,1,1,243100518
201200024363,2012-09-08,2012,septembre,samedi,11:20,31,31555,0,0,2,1,7,1,1,4,2,02,1,1,0,85,-1,0,1,4,2,50,0,3,4,0,0,0,0,201200024363A01,,,,243100518
201200024366,2012-09-10,2012,septembre,lundi,23:25,31,31555,0,0,2,1,1,5,1,4,2,00,1,1,0,0,1,0,1,4,2,24,5,2,2,0,2,1,0,201200024366B01,7,0,1,243100518
201200024370,2012-09-13,2012,septembre,jeudi,19:05,31,31555,0,0,2,1,3,1,1,4,2,00,1,1,0,0,1,0,1,4,1,6,0,3,4,0,2,0,0,201200024370B01,31,0,1,243100518
201200024392,2012-09-28,2012,septembre,vendredi,01:40,31,31555,0,0,2,1,6,5,1,4,2,03,1,1,0,0,1,0,1,3,1,47,5,3,9,0,0,7,0,201200024392A01,7,1,1,243100518
201200024394,2012-09-28,2012,septembre,vendredi,10:00,31,31555,0,0,2,1,6,1,1,4,1,00,1,1,0,0,1,0,1,1,1,39,0,3,4,0,0,0,0,201200024394A01,,,,243100518
201200024394,2012-09-28,2012,septembre,vendredi,10:00,31,31555,0,0,2,1,6,1,1,4,1,00,1,1,0,0,1,0,1,4,2,76,0,3,9,0,0,0,0,201200024394A01,,,,243100518
201200024413,2012-10-02,2012,octobre,mardi,17:06,31,31555,0,0,2,3,3,1,1,4,1,01,1,1,0,95,1,0,1,4,1,38,0,3,9,0,2,1,1,201200024413B01,7,1,1,243100518
201200024414,2012-10-04,2012,octobre,jeudi,16:05,31,31555,0,0,2,1,3,1,1,4,2,00,1,1,0,0,1,0,1,4,1,22,0,1,2,0,2,0,0,201200024414B01,7,0,1,243100518
201200024432,2012-10-12,2012,octobre,vendredi,05:45,31,31555,0,0,2,1,1,2,1,4,2,03,1,1,0,105,-1,0,1,4,1,45,1,1,9,0,2,0,0,201200024432B01,7,0,1,243100518
201200024441,2012-10-16,2012,octobre,mardi,08:10,31,31557,43.58558,1.33993,2,1,2,1,1,4,1,01,1,1,0,95,1,0,1,4,1,60,1,3,9,0,2,1,7,201200024441B01,7,4,1,243100518
201200024456,2012-10-25,2012,octobre,jeudi,12:35,31,31555,0,0,2,1,3,1,1,4,1,01,1,1,0,35,1,0,1,4,1,36,5,2,9,0,2,0,0,201200024456A01,7,0,1,243100518
201200024493,2012-11-15,2012,novembre,jeudi,18:10,31,31555,0,0,2,1,1,5,1,4,2,00,1,1,0,0,1,0,1,4,2,22,0,1,2,0,2,0,0,201200024493B01,7,0,1,243100518
201200024529,2012-12-10,2012,décembre,lundi,13:22,31,31555,0,0,2,1,6,1,1,4,2,00,1,1,0,0,1,0,1,1,1,38,5,2,2,0,1,1,0,201200024529A01,,,,243100518
201200024534,2012-12-10,2012,décembre,lundi,18:30,31,31069,0,0,2,1,6,5,1,3,2,02,1,1,0,60,1,0,5,4,2,28,1,1,2,0,2,1,1,201200024534B01,7,0,1,243100518
201200024547,2012-12-17,2012,décembre,lundi,08:14,31,31557,43.58379,1.33008,2,1,1,1,1,4,2,00,1,1,0,60,1,0,1,4,1,12,0,3,9,0,2,1,19,201200024547A01,7,1,1,243100518
201200024603,2012-05-13,2012,mai,dimanche,17:45,32,32013,43.6541,0.62262,2,1,2,1,1,3,2,02,1,1,0,110,1,0,1,3,2,60,5,2,9,0,2,8,2,201200024603B01,7,2,1,200066926
201200024623,2012-09-23,2012,septembre,dimanche,03:15,42,42162,46.01001,4.00372,1,1,6,3,1,9,2,00,1,1,0,41,1,0,3,3,1,21,1,2,4,6,0,0,1,201200024623A01,,,,200035731
201200024631,2012-02-01,2012,février,mercredi,04:30,33,33529,0,0,1,1,3,3,1,3,2,02,2,1,0,70,1,0,1,4,1,30,4,3,9,0,2,7,0,201200024631B01,7,1,1,243300563
201200024632,2012-02-03,2012,février,vendredi,09:15,33,33529,0,0,2,2,3,1,1,4,2,02,1,1,0,50,1,0,0,4,1,17,5,2,9,0,2,1,1,201200024632A01,7,1,1,243300563
201200024647,2012-04-30,2012,avril,lundi,16:10,33,33009,0,0,2,1,6,1,1,4,1,01,1,1,0,86,1,0,5,1,1,30,5,1,2,0,1,1,1,201200024647A01,,,,243300563
201200024649,2012-05-07,2012,mai,lundi,08:13,33,33529,0,0,2,1,6,1,1,4,2,02,1,1,0,60,1,0,1,4,1,15,2,2,2,0,0,1,1,201200024649A01,7,1,1,243300563
201200024654,2012-06-05,2012,juin,mardi,14:25,33,33529,0,0,1,1,6,1,1,4,2,00,1,1,0,80,1,0,5,4,1,66,5,1,2,0,0,1,1,201200024654B01,7,1,1,243300563
201200024660,2012-06-17,2012,juin,dimanche,05:00,33,33009,0,0,2,1,6,5,1,4,2,02,-1,1,0,93,1,0,1,3,1,30,5,2,9,0,0,1,1,201200024660B01,7,14,1,243300563
201200024665,2012-06-27,2012,juin,mercredi,09:43,33,33529,0,0,2,1,2,1,1,4,1,01,1,1,0,34,1,0,1,3,1,69,5,3,9,0,2,4,15,201200024665A01,7,1,1,243300563
201200024671,2012-07-24,2012,juillet,mardi,17:45,33,33529,0,0,1,1,3,1,1,4,2,02,1,1,0,64,2,0,1,4,1,56,1,1,2,0,2,1,19,201200024671B01,7,16,1,243300563
201200024675,2012-08-20,2012,août,lundi,19:55,33,33529,0,0,1,1,6,1,1,4,2,02,-1,1,0,40,1,0,1,3,1,6,5,2,2,0,2,1,1,201200024675B01,7,1,1,243300563
201200024683,2012-08-16,2012,août,jeudi,13:00,33,33529,0,0,1,1,6,1,1,3,2,02,2,1,0,66,1,0,5,4,1,58,5,3,9,0,2,1,1,201200024683B01,7,16,1,243300563
201200024687,2012-10-12,2012,octobre,vendredi,14:45,33,33529,0,0,2,1,6,1,1,3,2,02,1,-1,0,105,1,0,1,4,1,13,5,3,9,0,2,2,1,201200024687B01,7,1,1,243300563
201200024697,2012-11-21,2012,novembre,mercredi,15:00,33,33009,0,0,2,1,6,1,1,4,2,02,1,1,0,0,1,0,1,4,2,58,5,3,9,0,2,1,1,201200024697A01,1,1,1,243300563
201200024697,2012-11-21,2012,novembre,mercredi,15:00,33,33009,0,0,2,1,6,1,1,4,2,02,1,1,0,0,1,0,1,1,1,12,5,1,2,0,0,0,1,201200024697B01,1,1,1,243300563
201200024710,2012-12-31,2012,décembre,lundi,18:45,33,33063,0,0,2,1,3,5,1,4,1,03,1,1,0,0,1,0,1,4,1,38,1,3,4,1,0,8,1,201200024710B01,7,1,1,243300316
201200024712,2012-12-18,2012,décembre,mardi,11:00,33,33522,0,0,2,6,6,1,1,4,2,02,2,1,0,160,2,5,1,4,2,23,0,3,9,0,2,1,1,201200024712B01,7,9,1,243300316
201200024719,2012-01-01,2012,janvier,dimanche,03:55,33,33063,0,0,2,2,6,5,2,4,1,02,1,4,60,60,2,5,1,4,1,20,0,3,9,0,2,1,1,201200024719A01,7,1,1,243300316
201200024746,2012-01-03,2012,janvier,mardi,18:20,33,33039,0,0,2,6,3,5,1,4,3,02,1,1,0,0,1,0,1,3,2,46,1,3,9,0,0,7,1,201200024746B01,7,1,1,243300316
201200024760,2012-01-12,2012,janvier,jeudi,07:15,33,33065,0,0,2,6,3,5,5,4,3,02,1,1,0,0,1,0,1,4,1,42,9,3,9,0,0,1,1,201200024760A01,7,2,1,243300316
201200024761,2012-01-10,2012,janvier,mardi,17:20,33,33281,0,0,2,3,3,1,1,4,2,02,1,1,0,0,1,0,1,4,1,11,0,3,4,0,2,1,1,201200024761B01,10,15,1,243300316
201200024774,2012-01-18,2012,janvier,mercredi,15:40,33,33281,0,0,2,1,3,1,1,4,2,,1,1,0,0,1,0,1,4,1,14,0,3,9,0,0,9,19,201200024774B01,7,1,1,243300316
201200024779,2012-01-17,2012,janvier,mardi,18:30,33,33281,0,0,2,1,6,5,1,4,2,04,1,1,0,70,1,0,1,4,1,38,0,3,9,0,0,0,1,201200024779B01,7,15,1,243300316
201200024792,2012-01-15,2012,janvier,dimanche,09:35,33,33069,0,0,2,2,3,1,1,4,2,02,1,1,0,0,1,0,1,4,2,21,4,3,2,0,0,8,13,201200024792A01,7,1,1,243300316
201200024800,2012-01-27,2012,janvier,vendredi,21:45,33,33063,0,0,2,2,3,5,1,4,2,03,1,1,0,0,1,5,1,3,1,20,0,3,4,0,2,1,2,201200024800B01,7,15,1,243300316
201200024809,2012-01-31,2012,janvier,mardi,15:05,33,33063,0,0,2,3,6,1,1,4,2,02,-1,-1,0,0,-1,0,0,4,1,23,0,3,4,0,1,1,1,201200024809A01,,,,243300316
201200024835,2012-02-03,2012,février,vendredi,09:25,33,33281,0,0,2,1,5,1,1,4,3,02,1,1,0,0,1,0,1,4,1,43,0,3,9,0,0,1,1,201200024835B01,7,2 / 24,2,243300316
201200024858,2012-02-20,2012,février,lundi,12:40,33,33063,0,0,2,2,1,1,1,4,3,02,1,1,0,0,1,0,1,4,1,54,0,3,9,0,2,1,5,201200024858A01,7,1,1,243300316
201200024884,2012-03-01,2012,mars,jeudi,10:00,33,33063,0,0,2,1,6,1,1,4,1,00,1,1,0,0,1,0,5,4,2,26,0,3,9,0,2,1,1,201200024884A01,7,0,1,243300316
201200024910,2012-03-13,2012,mars,mardi,12:50,33,33063,0,0,2,1,3,1,1,4,2,02,1,1,0,0,1,0,1,4,2,47,5,3,9,0,2,1,19,201200024910A01,37,1,1,243300316
201200024919,2012-03-16,2012,mars,vendredi,16:20,33,33063,0,0,2,2,3,1,1,4,2,02,1,1,0,0,1,0,1,4,1,12,0,3,9,0,0,5,1,201200024919B01,7,15,1,243300316
201200024922,2012-03-09,2012,mars,vendredi,08:05,33,33522,0,0,2,3,3,1,1,4,2,02,-1,-1,0,0,-1,0,0,4,2,49,0,3,9,0,2,0,1,201200024922A01,7,1,1,243300316
201200024952,2012-03-19,2012,mars,lundi,09:05,33,33063,0,0,2,1,3,1,1,4,3,01,1,1,0,101,1,0,1,4,2,26,0,3,9,0,2,3,2,201200024952B01,7,16,1,243300316
201200024956,2012-03-28,2012,mars,mercredi,18:40,33,33063,0,0,2,1,6,1,1,4,2,02,1,1,0,0,1,0,1,4,2,26,1,3,4,0,2,1,1,201200024956A01,7,1,1,243300316
201200024959,2012-03-29,2012,mars,jeudi,07:40,33,33063,0,0,2,1,6,1,1,4,1,01,1,1,0,0,1,0,1,4,1,12,0,3,4,1,0,1,21,201200024959B01,7,23,1,243300316
201200024970,2012-03-29,2012,mars,jeudi,07:47,33,33318,0,0,2,6,6,1,1,4,2,02,1,3,0,0,1,5,1,4,1,31,4,3,9,0,2,9,17,201200024970B01,14,16,1,243300316
201200024997,2012-04-13,2012,avril,vendredi,08:15,33,33063,0,0,2,1,3,1,1,4,3,08,1,3,0,0,1,0,1,4,1,47,1,3,9,0,2,1,1,201200024997B01,7,16,1,243300316