Num_Acc,date,an,mois,jour,hrmn,dep,com,lat,long,agg,int,col,lum,atm,catr,circ,nbv,prof,plan,lartpc,larrout,surf,infra,situ,grav,sexe,age,trajet,secuexist,equipement,obs,obsm,choc,manv,vehiculeid,typevehicules,manoeuvehicules,numVehicules,_infos_commune.code_epci
201200025009,2012-04-10,2012,avril,mardi,07:15,33,33522,0,0,2,6,3,2,2,4,3,02,1,1,0,0,2,0,1,4,1,31,0,3,9,0,2,1,16,201200025009B01,10,1,1,243300316
201200025015,2012-04-21,2012,avril,samedi,20:20,33,33063,0,0,2,1,6,1,2,4,1,01,1,1,0,0,2,0,1,4,1,39,0,3,9,1,0,1,1,201200025015A01,,,,243300316
201200025021,2012-04-25,2012,avril,mercredi,10:00,33,33063,0,0,2,1,3,1,1,4,1,01,1,1,0,0,1,4,1,4,1,41,0,3,9,1,0,2,2,201200025021B01,7,20,1,243300316
201200025040,2012-04-24,2012,avril,mardi,14:35,33,33550,0,0,2,2,6,1,2,4,3,02,1,2,0,0,2,5,1,4,1,28,0,3,9,0,2,3,1,201200025040B01,7,1,1,243300316
201200025041,2012-05-04,2012,mai,vendredi,14:40,33,33063,0,0,2,1,2,1,1,4,1,01,1,1,0,0,1,0,1,4,1,51,0,3,9,0,0,0,14,201200025041A01,7,4,1,243300316
201200025049,2012-05-09,2012,mai,mercredi,16:10,33,33063,0,0,2,3,3,1,1,4,-1,01,1,1,0,0,1,0,0,4,2,46,0,3,9,0,2,1,19,201200025049B01,7,1,1,243300316
201200025050,2012-05-09,2012,mai,mercredi,18:35,33,33063,0,0,2,1,3,1,1,4,3,03,1,1,0,0,1,4,1,4,2,54,0,3,9,0,2,1,13,201200025050B01,7,1,1,243300316
201200025052,2012-05-11,2012,mai,vendredi,09:10,33,33063,0,0,2,1,3,1,1,4,2,02,1,1,0,0,1,0,1,4,2,23,0,3,9,0,0,8,19,201200025052A01,33,1,1,243300316
201200025061,2012-05-14,2012,mai,lundi,19:00,33,33063,0,0,2,1,6,1,1,4,1,01,1,1,0,93,1,0,1,3,1,39,0,3,9,0,2,1,1,201200025061B01,7,12,1,243300316
201200025069,2012-05-11,2012,mai,vendredi,11:00,33,33281,0,0,2,3,3,1,1,4,2,01,1,1,0,0,1,0,1,4,1,59,0,3,9,0,2,0,15,201200025069B01,7,15,1,243300316
201200025078,2012-05-16,2012,mai,mercredi,08:40,33,33063,0,0,2,2,3,1,1,4,1,01,1,1,0,0,1,0,0,1,1,71,5,3,9,0,0,6,13,201200025078B01,33,1,1,243300316
201200025098,2012-05-17,2012,mai,jeudi,10:25,33,33281,0,0,2,2,3,1,1,4,2,02,1,1,0,0,1,0,1,3,1,72,5,3,9,0,0,5,1,201200025098B01,7,16,1,243300316
201200025102,2012-05-23,2012,mai,mercredi,12:10,33,33063,0,0,2,3,3,1,1,4,-1,01,1,1,0,0,1,0,1,4,2,18,2,3,4,0,2,1,1,201200025102A01,7,1,1,243300316
201200025106,2012-05-24,2012,mai,jeudi,08:57,33,33063,0,0,2,1,3,1,1,4,3,05,2,1,0,0,1,0,1,4,2,20,0,3,2,0,2,1,1,201200025106B01,7,19,1,243300316
201200025111,2012-05-25,2012,mai,vendredi,13:37,33,33063,0,0,2,3,3,1,1,4,-1,01,1,1,0,0,1,1,0,4,2,53,0,3,9,0,2,1,1,201200025111B01,10,16,1,243300316
201200025123,2012-05-25,2012,mai,vendredi,16:45,33,33249,0,0,2,1,3,1,1,4,2,01,1,1,66,227,1,0,1,4,2,76,0,3,9,0,4,8,19,201200025123A01,40,21,1,243300316
201200025129,2012-05-30,2012,mai,mercredi,16:50,33,33063,0,0,2,2,3,1,1,4,3,04,1,1,0,0,1,0,1,4,1,56,0,3,9,0,2,1,1,201200025129B01,7,15,1,243300316
201200025130,2012-06-01,2012,juin,vendredi,09:50,33,33063,0,0,2,5,3,1,1,4,1,03,1,1,0,0,1,4,1,4,2,27,0,3,9,0,2,1,1,201200025130B01,7,1,1,243300316
201200025132,2012-06-03,2012,juin,dimanche,16:09,33,33063,0,0,2,1,3,1,1,4,3,04,1,1,0,0,1,0,1,3,1,58,0,3,9,0,0,4,19,201200025132A01,7,1,1,243300316
201200025147,2012-06-07,2012,juin,jeudi,17:25,33,33063,0,0,2,1,6,1,1,4,2,04,1,1,0,0,1,4,1,3,2,19,0,3,9,0,0,2,19,201200025147A01,7,1,1,243300316
201200025152,2012-05-29,2012,mai,mardi,21:50,33,33550,0,0,2,2,6,5,1,4,2,02,1,-1,0,0,1,5,1,4,1,52,0,3,9,0,2,4,1,201200025152B01,7,1,1,243300316
201200025153,2012-06-01,2012,juin,vendredi,23:00,33,33522,0,0,2,1,3,5,1,4,2,02,1,3,0,0,1,0,1,4,1,22,0,3,9,0,2,1,1,201200025153A01,7,16,1,243300316
201200025162,2012-06-11,2012,juin,lundi,08:50,33,33063,0,0,2,1,3,1,1,4,1,01,1,1,0,0,1,0,1,4,1,30,1,3,9,1,0,1,1,201200025162B01,7,24,1,243300316
201200025171,2012-06-14,2012,juin,jeudi,08:30,33,33063,0,0,2,6,3,1,1,4,2,02,1,1,0,0,1,0,0,3,2,48,0,3,9,0,2,0,1,201200025171B01,15,16,1,243300316
201200025178,2012-06-07,2012,juin,jeudi,18:45,33,33522,0,0,2,2,3,1,1,4,3,04,1,1,0,0,1,4,1,4,1,49,9,3,9,0,2,1,1,201200025178A01,7,15,1,243300316
201200025181,2012-06-18,2012,juin,lundi,09:07,33,33063,0,0,2,8,3,1,1,3,3,09,2,1,0,0,1,4,1,4,1,48,0,3,9,0,4,1,1,201200025181A01,40,1,1,243300316
201200025183,2012-06-12,2012,juin,mardi,17:20,33,33162,0,0,2,3,3,1,1,4,2,02,1,1,0,0,1,0,1,4,2,16,0,3,9,0,0,0,2,201200025183B01,7,2,1,243300316
201200025190,2012-06-14,2012,juin,jeudi,16:45,33,33318,0,0,2,1,3,1,1,4,2,02,1,1,0,0,1,0,5,4,1,52,0,3,9,0,0,0,1,201200025190A01,7,1,1,243300316
201200025196,2012-06-15,2012,juin,vendredi,17:05,33,33281,0,0,2,2,3,1,1,4,1,02,1,1,0,540,1,0,1,4,2,24,9,3,9,0,2,9,15,201200025196B01,7,1,1,243300316
201200025204,2012-06-26,2012,juin,mardi,17:20,33,33249,0,0,2,3,3,1,1,4,2,02,1,2,0,0,-1,0,1,4,1,46,9,3,9,0,2,9,1,201200025204B01,7,1,1,243300316
201200025215,2012-06-22,2012,juin,vendredi,17:50,33,33281,0,0,2,2,3,1,1,4,2,02,1,1,0,520,1,0,1,3,2,12,9,3,9,0,2,0,1,201200025215A01,7,1,1,243300316
201200025225,2012-06-28,2012,juin,jeudi,18:45,33,33063,0,0,2,1,3,1,1,4,1,01,1,1,0,0,1,0,1,3,2,28,0,1,9,0,0,5,2,201200025225B01,7,2,1,243300316
201200025228,2012-07-01,2012,juillet,dimanche,18:00,33,33063,0,0,2,4,3,1,1,4,3,06,1,1,0,0,1,4,1,4,1,22,0,3,9,0,4,1,1,201200025228B01,40,1,1,243300316
201200025246,2012-07-03,2012,juillet,mardi,08:30,33,33167,0,0,2,4,3,1,1,4,2,02,2,1,0,0,1,0,1,4,1,53,9,3,2,0,2,1,1,201200025246B01,7,15,1,243300316
201200025260,2012-07-13,2012,juillet,vendredi,15:45,33,33063,0,0,2,2,3,1,1,4,1,01,1,1,0,0,1,0,0,4,1,29,0,3,4,0,2,1,1,201200025260A01,10,1,1,243300316
201200025279,2012-07-21,2012,juillet,samedi,03:10,33,33063,0,0,2,4,7,5,1,4,3,04,1,1,0,0,1,0,1,4,1,43,0,3,9,8,0,1,1,201200025279A01,,,,243300316
201200025285,2012-07-23,2012,juillet,lundi,14:50,33,33069,0,0,2,3,3,1,1,4,3,06,1,1,0,0,1,0,1,4,1,37,0,3,9,0,2,9,1,201200025285A01,7,16,1,243300316
201200025296,2012-07-22,2012,juillet,dimanche,04:45,33,33192,0,0,2,2,3,5,1,4,2,02,1,1,0,0,1,0,1,4,2,26,0,3,4,0,0,8,1,201200025296A01,7,1,1,243300316
201200025309,2012-08-08,2012,août,mercredi,19:50,33,33063,0,0,2,2,3,1,1,4,-1,01,-1,1,0,0,1,0,1,3,2,24,9,3,4,0,2,0,1,201200025309B01,7,15,1,243300316
201200025321,2012-08-17,2012,août,vendredi,12:20,33,33063,0,0,2,2,3,1,1,4,1,01,1,1,0,0,1,0,1,4,1,17,9,3,9,0,2,0,1,201200025321B01,7,1,1,243300316
201200025333,2012-08-23,2012,août,jeudi,10:30,33,33063,0,0,2,3,3,1,1,4,-1,01,-1,-1,0,0,-1,0,0,4,1,25,0,3,4,0,2,3,7,201200025333B01,37,17,1,243300316
201200025338,2012-08-27,2012,août,lundi,20:35,33,33063,0,0,2,2,3,1,1,4,-1,01,1,1,0,0,1,0,1,4,1,22,0,3,4,1,2,3,1,201200025338B01,7,1,1,243300316
201200025340,2012-08-24,2012,août,vendredi,15:10,33,33318,0,0,2,2,3,1,1,3,2,01,1,1,0,60,1,0,1,3,1,11,5,3,4,0,2,0,0,201200025340A01,10,1,1,243300316
201200025347,2012-08-28,2012,août,mardi,18:10,33,33069,0,0,2,6,6,1,1,4,2,00,1,2,0,0,1,5,1,4,1,10,0,3,9,0,2,1,19,201200025347B01,7,1,1,243300316
201200025350,2012-08-31,2012,août,vendredi,07:50,33,33063,0,0,2,1,6,1,1,4,2,04,1,1,0,75,1,0,1,4,1,32,4,1,2,0,2,1,1,201200025350B01,7,15,1,243300316
201200025352,2012-08-31,2012,août,vendredi,17:50,33,33063,0,0,2,1,6,1,1,4,1,01,1,1,0,0,1,6,1,1,1,62,0,3,9,0,1,0,1,201200025352A01,,,,243300316
201200025352,2012-08-31,2012,août,vendredi,17:50,33,33063,0,0,2,1,6,1,1,4,1,01,1,1,0,0,1,6,1,3,1,5,0,3,9,0,1,0,1,201200025352A01,,,,243300316
201200025363,2012-09-06,2012,septembre,jeudi,17:15,33,33063,0,0,2,5,6,1,1,4,-1,01,1,1,0,0,1,5,1,4,1,56,0,3,9,0,2,1,1,201200025363B01,7,16,1,243300316
201200025381,2012-09-12,2012,septembre,mercredi,18:10,33,33063,0,0,2,1,2,1,1,4,1,01,1,1,0,0,1,0,1,4,1,26,0,3,4,1,0,1,1,201200025381A01,7,23,1,243300316
201200025385,2012-09-13,2012,septembre,jeudi,08:45,33,33522,0,0,2,3,6,1,1,4,1,01,1,-1,0,0,1,5,1,4,2,51,0,3,9,0,2,0,1,201200025385B01,7,1,1,243300316
201200025396,2012-09-18,2012,septembre,mardi,12:15,33,33063,0,0,2,3,3,1,2,4,1,01,1,1,0,0,2,0,1,4,1,20,0,3,9,0,2,0,1,201200025396A01,10,1,1,243300316
201200025401,2012-09-19,2012,septembre,mercredi,11:25,33,33063,0,0,2,3,6,1,1,4,2,02,1,1,0,0,1,5,1,4,1,15,2,3,9,0,0,1,1,201200025401A01,16,1,1,243300316
201200025420,2012-09-26,2012,septembre,mercredi,05:15,33,33063,0,0,2,3,6,5,2,4,1,06,1,1,0,0,2,5,1,4,1,33,0,3,9,0,2,8,1,201200025420A01,10,16,1,243300316
201200025421,2012-09-26,2012,septembre,mercredi,17:30,33,33063,0,0,2,1,3,1,2,4,1,02,3,1,0,109,2,0,1,4,2,63,0,3,4,0,0,4,15,201200025421B01,7,1,1,243300316
201200025424,2012-09-26,2012,septembre,mercredi,17:50,33,33063,0,0,2,3,3,1,3,4,1,01,1,1,0,0,2,0,1,4,1,31,9,3,9,0,2,0,1,201200025424A01,7,16,1,243300316
201200025447,2012-09-26,2012,septembre,mercredi,13:00,33,33063,0,0,2,3,3,1,1,4,2,02,1,-1,0,0,1,0,1,1,1,23,9,3,2,0,2,7,15,201200025447A01,7,1,1,243300316
201200025449,2012-10-02,2012,octobre,mardi,18:05,33,33063,0,0,2,1,3,1,8,4,3,09,2,1,0,0,1,0,5,4,1,33,1,3,4,0,2,1,1,201200025449B01,7,1,1,243300316
201200025461,2012-10-05,2012,octobre,vendredi,22:45,33,33063,0,0,2,2,6,5,1,4,1,00,1,3,0,0,1,0,5,4,2,50,9,3,9,0,0,3,16,201200025461A01,,,,243300316
201200025464,2012-09-30,2012,septembre,dimanche,12:25,33,33192,0,0,2,3,3,1,7,4,2,02,1,3,0,0,1,0,1,4,1,46,0,3,4,0,0,7,1,201200025464B01,7,16,1,243300316
201200025466,2012-10-01,2012,octobre,lundi,09:14,33,33032,0,0,2,6,3,1,1,4,2,02,1,4,0,0,1,5,1,4,1,22,1,1,4,0,2,7,1,201200025466B01,10,1,1,243300316
201200025474,2012-10-03,2012,octobre,mercredi,08:00,33,33550,0,0,2,2,3,1,1,4,2,03,1,1,0,95,1,0,1,4,1,17,9,3,4,0,2,1,1,201200025474B01,7,15,1,243300316
201200025479,2012-10-06,2012,octobre,samedi,10:55,33,33318,0,0,2,3,3,1,1,4,2,02,1,1,0,90,1,0,1,4,2,46,5,3,4,0,0,8,1,201200025479B01,10,1,1,243300316
201200025492,2012-10-09,2012,octobre,mardi,11:10,33,33281,0,0,2,2,6,1,1,4,2,03,1,1,20,60,1,5,1,4,1,58,4,1,2,0,2,1,1,201200025492B01,7,15,1,243300316
201200025493,2012-10-09,2012,octobre,mardi,11:00,33,33063,0,0,2,1,6,1,1,4,3,04,1,1,0,0,1,0,1,4,2,30,0,3,4,0,0,1,0,201200025493A01,,,,243300316
201200025502,2012-10-17,2012,octobre,mercredi,12:10,33,33063,0,0,2,1,5,1,8,4,3,04,1,1,0,0,1,0,1,4,1,53,9,3,9,0,2,3,21,201200025502A01,10,24 / 1,2,243300316
201200025508,2012-10-18,2012,octobre,jeudi,11:50,33,33063,0,0,2,6,3,1,1,4,2,02,2,2,0,0,1,0,0,3,2,51,1,3,4,0,2,0,1,201200025508A01,7,1,1,243300316
201200025510,2012-10-09,2012,octobre,mardi,17:55,33,33162,0,0,2,3,3,1,1,4,2,02,2,1,0,0,1,0,1,4,1,12,0,3,9,0,2,0,1,201200025510B01,7,16,1,243300316
201200025534,2012-10-19,2012,octobre,vendredi,12:10,33,33281,0,0,2,2,3,1,2,4,2,02,1,1,0,0,2,0,1,4,2,31,4,2,4,0,2,9,1,201200025534B01,7,1,1,243300316
201200025545,2012-10-29,2012,octobre,lundi,22:55,33,33063,0,0,2,2,3,5,1,4,2,02,1,1,0,10,1,0,1,4,2,21,9,3,9,0,4,9,1,201200025545B01,40,1,1,243300316
201200025548,2012-10-25,2012,octobre,jeudi,12:45,33,33281,0,0,2,1,3,1,2,4,2,02,1,1,0,0,1,0,1,4,1,16,0,3,9,0,2,9,1,201200025548B01,7,15,1,243300316
201200025554,2012-10-31,2012,octobre,mercredi,16:05,33,33281,0,0,1,6,6,1,1,4,2,02,1,3,0,0,1,5,1,2,2,63,0,3,9,0,2,8,16,201200025554B01,14,16,1,243300316
201200025573,2012-11-07,2012,novembre,mercredi,19:00,33,33063,0,0,2,4,3,5,1,4,3,02,2,1,0,0,1,0,1,4,2,22,9,3,9,0,2,9,1,201200025573B01,7,16,1,243300316
201200025589,2012-11-09,2012,novembre,vendredi,08:25,33,33063,0,0,2,6,2,1,1,4,-1,01,-1,-1,0,0,-1,0,0,4,2,55,0,3,9,0,0,4,1,201200025589B01,7,2,1,243300316
201200025592,2012-11-04,2012,novembre,dimanche,23:20,33,33249,0,0,2,2,3,5,2,4,2,03,2,1,0,0,2,0,1,4,2,28,9,3,9,0,2,0,1,201200025592B01,14,1,1,243300316
201200025594,2012-11-04,2012,novembre,dimanche,05:08,33,33039,0,0,2,1,6,3,1,4,2,02,1,1,10,25,2,0,1,3,1,21,1,2,4,0,2,1,1,201200025594B01,7,1,1,243300316
201200025597,2012-11-12,2012,novembre,lundi,18:30,33,33069,0,0,2,1,5,5,1,4,2,02,1,1,0,0,1,0,1,4,1,23,0,3,9,0,0,4,15,201200025597B01,7,1,2,243300316
201200025615,2012-11-14,2012,novembre,mercredi,18:45,33,33075,0,0,2,1,3,5,1,4,2,02,1,1,0,0,1,0,1,4,1,36,0,3,9,0,2,8,1,201200025615A01,7,1,1,243300316
201200025622,2012-11-20,2012,novembre,mardi,07:50,33,33063,0,0,2,2,3,1,1,4,1,00,1,1,0,0,1,0,1,4,1,21,9,3,9,0,2,4,1,201200025622B01,7,15,1,243300316
201200025623,2012-11-20,2012,novembre,mardi,09:47,33,33063,0,0,2,2,2,1,1,4,2,02,1,1,0,0,1,0,1,4,1,16,0,3,9,0,2,1,1,201200025623A01,7,1,1,243300316
201200025625,2012-11-20,2012,novembre,mardi,08:35,33,33063,0,0,2,2,3,1,1,4,2,04,1,1,0,0,1,0,1,4,1,15,0,3,9,0,2,1,1,201200025625B01,7,16,1,243300316
201200025628,2012-11-10,2012,novembre,samedi,08:30,33,33281,0,0,2,1,2,1,1,4,3,05,1,1,0,0,2,0,1,4,1,18,0,3,9,1,0,4,1,201200025628B01,7,0,1,243300316
201200025636,2012-11-26,2012,novembre,lundi,10:25,33,33063,0,0,2,2,3,1,1,4,3,04,1,1,0,0,2,0,1,3,1,18,0,3,9,0,2,1,1,201200025636B01,7,1,1,243300316
201200025638,2012-11-16,2012,novembre,vendredi,15:45,33,33192,0,0,2,3,3,1,1,4,2,02,1,1,0,0,1,0,1,3,1,22,0,3,9,0,0,5,19,201200025638A01,7,1,1,243300316
201200025659,2012-12-03,2012,décembre,lundi,08:00,33,33281,0,0,2,2,6,1,2,4,2,01,1,1,50,80,2,5,1,3,2,14,0,3,9,0,2,3,11,201200025659A01,7,1,1,243300316
201200025667,2012-12-04,2012,décembre,mardi,18:00,33,33063,0,0,2,3,3,5,2,4,2,04,1,1,0,0,2,0,1,4,2,46,4,3,9,0,2,6,1,201200025667A01,1,15,1,243300316
201200025667,2012-12-04,2012,décembre,mardi,18:00,33,33063,0,0,2,3,3,5,2,4,2,04,1,1,0,0,2,0,1,1,2,23,9,3,9,0,2,1,15,201200025667B01,1,1,1,243300316
201200025673,2012-11-29,2012,novembre,jeudi,08:16,33,33192,0,0,2,1,3,1,1,4,2,02,1,1,0,0,1,0,1,3,2,20,0,3,9,0,2,1,1,201200025673B01,7,1,1,243300316
201200025674,2012-11-30,2012,novembre,vendredi,12:47,33,33039,0,0,2,1,3,1,1,4,2,02,1,1,0,0,1,0,1,4,1,43,4,3,9,0,2,0,1,201200025674B01,10,1,1,243300316
201200025675,2012-12-06,2012,décembre,jeudi,09:10,33,33063,0,0,2,2,6,1,1,4,1,01,1,1,0,50,1,0,1,4,2,40,0,3,9,0,2,0,1,201200025675A01,7,1,1,243300316
201200025681,2012-12-07,2012,décembre,vendredi,08:15,33,33063,0,0,2,1,3,1,1,4,3,04,1,1,0,0,1,0,1,4,2,53,9,3,9,0,2,3,1,201200025681B01,10,16,1,243300316
201200025686,2012-12-07,2012,décembre,vendredi,18:30,33,33063,0,0,2,1,6,5,1,4,1,01,1,1,0,0,1,0,1,1,2,64,9,3,9,0,1,1,1,201200025686A01,,,,243300316
201200025694,2012-12-12,2012,décembre,mercredi,15:25,33,33063,0,0,2,1,6,1,1,4,3,08,1,1,0,0,1,0,5,4,2,18,0,3,9,0,2,1,1,201200025694B01,7,16,1,243300316
201200025721,2012-12-18,2012,décembre,mardi,17:00,33,33063,0,0,2,2,3,5,1,4,2,02,1,1,0,0,1,0,1,3,1,77,0,3,9,0,2,1,1,201200025721B01,7,16,1,243300316
201200025725,2012-12-19,2012,décembre,mercredi,18:05,33,33063,0,0,2,1,3,5,1,4,2,02,1,1,0,0,2,0,1,1,1,19,0,3,4,0,2,7,19,201200025725A01,2,1,1,243300316
201200025730,2012-12-21,2012,décembre,vendredi,08:10,33,33063,0,0,2,3,3,5,3,4,1,01,1,1,0,0,2,5,1,3,1,39,1,1,4,0,2,1,1,201200025730B01,7,15,1,243300316
201200025734,2012-12-19,2012,décembre,mercredi,20:35,33,33063,0,0,2,2,3,5,1,4,2,02,1,1,0,0,1,0,1,4,1,26,0,3,4,0,2,1,1,201200025734B01,7,22,1,243300316
201200025746,2012-12-26,2012,décembre,mercredi,16:50,33,33063,0,0,2,1,6,1,1,4,1,02,1,1,0,0,1,0,1,4,1,44,1,3,9,1,0,2,1,201200025746B01,7,22,1,243300316
201200025752,2012-12-18,2012,décembre,mardi,07:20,33,33192,0,0,2,5,3,5,2,4,3,04,1,1,0,13,2,0,1,4,1,48,4,3,9,0,2,3,1,201200025752B01,7,15,1,243300316
201200025757,2012-12-29,2012,décembre,samedi,19:00,33,33063,0,0,2,1,3,4,2,4,1,01,1,1,0,0,2,0,4,4,1,32,5,3,4,0,2,1,1,201200025757A01,7,9,1,243300316
201200025780,2012-07-03,2012,juillet,mardi,12:35,34,34003,43.2917,3.50618,1,1,3,1,1,3,1,01,1,1,0,105,1,0,1,3,1,58,5,3,9,0,2,0,0,201200025780B01,10,0,1,243400819
201200025782,2012-07-23,2012,juillet,lundi,21:05,34,34003,0,0,1,1,2,2,1,3,2,01,1,1,0,62,-1,0,0,3,1,34,5,3,9,0,2,4,2,201200025782B01,7,17,1,243400819
201200025783,2012-07-28,2012,juillet,samedi,10:50,34,34003,43.28282,3.49764,1,6,3,1,1,4,2,02,1,-1,5,47,1,0,1,4,2,19,1,3,9,0,2,8,1,201200025783B01,10,12,1,243400819
201200025788,2012-08-26,2012,août,dimanche,20:10,34,34003,0,0,1,1,3,2,1,9,-1,01,1,-1,0,65,-1,0,0,3,1,8,5,3,2,0,2,1,0,201200025788B01,7,1,1,243400819
201200025799,2012-01-25,2012,janvier,mercredi,23:25,34,34032,43.3332,3.15619,1,1,2,3,1,3,1,02,1,1,0,75,1,0,1,2,1,24,0,2,4,0,2,4,1,201200025799B01,7,1,1,243400769
201200025805,2012-03-09,2012,mars,vendredi,16:00,34,34032,43.34513,3.21038,2,1,2,1,1,4,2,02,1,1,0,70,1,5,1,4,1,47,9,2,2,0,2,8,1,201200025805B01,7,17,1,243400769
201200025813,2012-04-11,2012,avril,mercredi,06:40,34,34032,43.33905,3.25301,2,6,7,5,1,4,1,02,1,1,0,67,1,5,1,4,1,48,1,2,4,0,2,1,1,201200025813B01,7,9,1,243400769
201200025817,2012-05-30,2012,mai,mercredi,09:45,34,34032,0,0,2,1,2,1,1,4,1,02,1,1,0,0,1,0,1,3,1,67,5,2,4,0,2,4,2,201200025817B01,7,2,1,243400769
201200025868,2012-01-10,2012,janvier,mardi,19:45,34,34172,43.61449,3.85193,2,1,6,5,1,4,2,02,2,1,0,90,1,0,1,3,1,34,5,2,4,1,0,1,1,201200025868B01,7,24,1,243400017
201200025871,2012-01-14,2012,janvier,samedi,11:00,34,34172,43.59581,3.9048,2,1,2,1,1,4,2,04,1,1,0,120,1,0,1,4,1,62,5,3,9,0,0,4,1,201200025871B01,7,1,1,243400017
201200025906,2012-02-08,2012,février,mercredi,08:15,34,34172,43.61478,3.85953,2,2,3,1,1,4,2,02,1,1,0,60,1,0,1,4,1,18,5,1,2,0,2,1,15,201200025906A01,7,16,1,243400017
201200025908,2012-02-08,2012,février,mercredi,11:50,34,34172,43.60699,3.87833,2,3,3,1,1,4,1,01,1,1,0,30,1,0,1,4,1,19,5,2,9,0,2,1,19,201200025908B01,7,16,1,243400017
201200025922,2012-02-18,2012,février,samedi,17:00,34,34129,43.56454,3.90232,2,1,3,1,1,4,2,02,1,1,0,60,1,6,1,4,1,16,5,2,2,0,2,1,19,201200025922A01,7,1,1,243400017
201200025944,2012-03-05,2012,mars,lundi,16:50,34,34172,43.62191,3.85321,2,1,6,1,1,4,2,02,1,1,0,120,1,0,1,4,1,52,0,3,9,1,0,1,2,201200025944B01,7,22,1,243400017
201200025945,2012-03-05,2012,mars,lundi,19:00,34,34172,43.62435,3.87751,2,1,3,5,1,4,2,02,1,1,0,80,-1,0,1,3,1,50,0,3,9,0,2,2,9,201200025945A01,7,1,1,243400017
201200025970,2012-03-19,2012,mars,lundi,07:40,34,34172,43.59832,3.92795,2,1,7,1,1,4,2,02,1,1,0,47,1,0,1,3,1,43,1,2,2,14,0,1,1,201200025970A01,,,,243400017
201200025977,2012-03-20,2012,mars,mardi,13:15,34,34172,43.60654,3.87223,2,3,3,1,1,4,1,01,1,-1,0,0,-1,0,1,4,2,34,4,2,4,0,2,7,0,201200025977A01,7,1,1,243400017
201200026002,2012-04-10,2012,avril,mardi,12:50,34,34172,43.60729,3.88854,2,1,3,1,2,4,1,01,1,1,0,30,1,0,1,4,1,87,5,3,9,0,2,8,19,201200026002A01,30,2,1,243400017
201200026017,2012-04-26,2012,avril,jeudi,16:45,34,34172,43.62322,3.86129,2,1,3,1,1,4,3,05,1,1,5,150,1,0,1,1,2,25,1,3,9,0,0,8,19,201200026017A01,31,1,1,243400017
201200026022,2012-05-02,2012,mai,mercredi,19:25,34,34172,43.61272,3.86572,2,2,3,1,1,4,2,01,1,1,0,30,1,0,1,4,1,26,5,3,9,0,2,7,1,201200026022A01,7,1,1,243400017
201200026031,2012-05-04,2012,mai,vendredi,12:20,34,34172,43.63857,3.86555,2,1,3,1,1,4,2,03,2,1,17,101,1,0,5,4,2,34,1,2,9,0,2,1,1,201200026031B01,7,15,1,243400017
201200026035,2012-05-07,2012,mai,lundi,09:25,34,34129,43.58483,3.93074,2,1,3,1,1,6,1,01,1,1,0,40,1,0,1,4,2,27,1,2,9,0,2,1,5,201200026035A01,31,1,1,243400017
201200026042,2012-05-05,2012,mai,samedi,12:10,34,34172,43.60538,3.89875,2,1,3,1,1,4,1,02,1,2,0,60,1,0,1,4,1,56,0,3,9,0,2,1,1,201200026042B01,3,16,1,243400017
201200026049,2012-05-25,2012,mai,vendredi,19:00,34,34172,43.62369,3.86231,2,9,6,1,1,4,2,05,1,1,0,0,1,5,1,1,1,38,1,3,9,0,2,0,19,201200026049A01,32,21,1,243400017
201200026092,2012-06-05,2012,juin,mardi,10:13,34,34172,43.59237,3.8529,2,1,2,1,1,4,3,05,1,1,22,150,1,0,1,3,1,17,2,2,2,0,2,4,2,201200026092A01,7,1,1,243400017
201200026102,2012-06-11,2012,juin,lundi,18:20,34,34172,43.61481,3.88128,2,1,3,1,3,4,1,02,1,1,0,90,2,0,1,4,2,24,5,2,9,0,2,4,15,201200026102A01,7,15,1,243400017
201200026109,2012-06-15,2012,juin,vendredi,12:10,34,34172,43.6368,3.83073,2,6,3,1,1,4,2,02,1,1,100,92,1,5,0,3,1,38,0,3,9,0,2,1,5,201200026109A01,7,1,1,243400017
201200026112,2012-06-19,2012,juin,mardi,16:05,34,34198,43.57767,3.93559,1,2,3,1,1,3,2,02,1,1,0,70,1,5,0,4,2,53,5,3,9,0,2,1,15,201200026112B01,7,15,1,243400017
201200026122,2012-06-25,2012,juin,lundi,18:00,34,34172,43.60336,3.88791,2,2,3,1,1,4,1,01,1,1,0,30,1,0,1,4,1,39,5,3,9,0,2,1,1,201200026122A01,7,1,1,243400017
201200026165,2012-07-17,2012,juillet,mardi,11:55,34,34129,43.57193,3.89507,2,1,3,1,1,3,1,01,1,3,0,30,1,0,1,3,1,63,5,2,2,0,2,1,19,201200026165A01,7,1,1,243400017
201200026171,2012-07-23,2012,juillet,lundi,16:35,34,34172,43.60186,3.88468,2,2,3,1,1,9,-1,02,-1,-1,0,60,1,0,1,4,1,23,5,2,9,0,2,1,1,201200026171A01,7,1,1,243400017
201200026172,2012-07-24,2012,juillet,mardi,17:45,34,34172,43.6317,3.84218,2,6,3,1,1,4,1,03,1,2,0,90,1,0,1,4,2,34,1,1,2,0,2,4,1,201200026172B01,7,16,1,243400017
201200026177,2012-07-25,2012,juillet,mercredi,21:49,34,34129,43.54758,3.89734,1,1,1,2,1,4,2,01,1,1,0,30,1,0,5,3,1,38,5,3,9,0,2,1,0,201200026177B01,30,5,1,243400017
201200026214,2012-08-27,2012,août,lundi,09:50,34,34172,43.61299,3.93689,1,3,3,1,1,4,2,02,1,1,0,60,1,0,1,4,1,40,5,1,2,0,2,1,1,201200026214B01,7,15,1,243400017