Num_Acc,date,an,mois,jour,hrmn,dep,com,lat,long,agg,int,col,lum,atm,catr,circ,nbv,prof,plan,lartpc,larrout,surf,infra,situ,grav,sexe,age,trajet,secuexist,equipement,obs,obsm,choc,manv,vehiculeid,typevehicules,manoeuvehicules,numVehicules,_infos_commune.code_epci
201200028010,2012-08-23,2012,août,jeudi,06:30,40,40281,43.86201,-0.50417,1,1,2,3,1,3,2,01,1,1,0,52,1,0,1,2,1,57,1,1,4,0,2,4,2,201200028010B01,7,2,1,244000808
201200028025,2012-03-18,2012,mars,dimanche,16:55,41,41212,47.5615,1.37295,2,1,3,1,1,3,1,02,1,2,0,0,1,0,1,4,1,21,9,3,9,0,2,1,1,201200028025B01,10,16,1,200030385
201200028046,2012-06-21,2012,juin,jeudi,13:30,41,41018,0,0,2,3,3,1,1,4,2,02,1,1,0,0,1,0,1,4,1,58,9,3,4,0,2,8,16,201200028046A01,7,1,1,200030385
201200028047,2012-06-23,2012,juin,samedi,17:00,41,41018,47.5833,1.34023,2,9,3,1,1,3,2,02,1,1,0,0,1,0,5,4,1,73,5,3,9,0,2,1,2,201200028047B01,7,9,1,200030385
201200028054,2012-07-03,2012,juillet,mardi,15:13,41,41018,47.5796,1.34576,2,1,7,1,1,3,2,02,1,1,0,0,2,0,5,3,1,40,9,3,9,0,0,0,2,201200028054A01,,,,200030385
201200028058,2012-07-25,2012,juillet,mercredi,17:25,41,41018,0,0,2,3,3,1,1,4,2,02,1,1,0,0,1,0,1,4,1,49,9,3,4,0,2,7,19,201200028058B01,7,1,1,200030385
201200028059,2012-07-28,2012,juillet,samedi,16:13,41,41018,47.5814,1.34309,2,2,3,1,1,3,2,02,1,1,0,0,1,0,1,4,1,27,9,3,4,0,2,1,1,201200028059A01,7,1,1,200030385
201200028089,2012-10-22,2012,octobre,lundi,07:30,41,41018,47.5955,1.35199,1,1,3,3,1,3,3,04,1,1,0,0,1,0,1,4,1,76,5,3,4,0,2,8,5,201200028089A01,7,1,1,200030385
201200028112,2012-12-11,2012,décembre,mardi,07:38,41,41018,47.5847,1.31836,2,6,3,2,1,3,1,02,1,2,0,0,1,0,1,4,1,16,1,1,4,0,2,2,1,201200028112B01,7,9,1,200030385
201200028126,2012-12-30,2012,décembre,dimanche,13:35,41,41018,0,0,2,1,3,1,1,4,2,02,1,1,0,0,1,0,1,4,1,8,5,1,4,0,2,1,19,201200028126B01,7,1,1,200030385
201200028157,2012-09-15,2012,septembre,samedi,17:20,41,41212,0,0,2,1,3,1,1,4,2,01,1,1,0,0,1,0,1,4,1,21,5,1,4,0,2,1,1,201200028157B01,7,4,1,200030385
201200028197,2012-10-07,2012,octobre,dimanche,15:10,41,41269,0,0,2,1,6,1,1,4,2,01,1,1,0,69,1,6,4,1,1,14,5,2,9,0,1,1,1,201200028197A01,,,,200072072
201200028245,2012-11-02,2012,novembre,vendredi,16:00,42,42103,45.4944,4.5612,2,1,2,1,1,3,2,02,1,1,0,70,1,5,1,3,1,11,5,1,2,0,0,1,21,201200028245A01,17,16,1,244200770
201200028248,2012-04-13,2012,avril,vendredi,12:00,42,42186,45.53261,4.62724,2,3,3,1,1,4,-1,02,1,1,0,51,1,0,1,3,1,76,5,1,2,0,0,8,0,201200028248B01,7,15,1,244200770
201200028271,2012-03-27,2012,mars,mardi,16:40,42,42187,46.03251,4.08018,2,1,2,1,1,3,2,04,1,1,0,120,1,2,1,4,1,31,1,3,9,0,2,4,11,201200028271B01,7,11,1,200035731
201200028276,2012-04-02,2012,avril,lundi,13:10,42,42187,46.0269,4.06285,2,3,5,1,1,4,2,02,-1,1,0,60,1,0,1,4,1,24,4,3,9,0,2,4,1,201200028276B01,7,15,2,200035731
201200028281,2012-04-20,2012,avril,vendredi,13:20,42,42071,46.03085,4.08619,2,2,3,1,1,4,2,02,1,2,0,63,1,0,0,4,1,20,9,3,9,0,2,1,19,201200028281A01,7,15,1,200035731
201200028285,2012-05-03,2012,mai,jeudi,11:00,42,42187,46.03857,4.05842,2,1,2,1,1,4,2,02,1,1,0,60,1,0,1,4,1,61,5,3,9,0,2,0,2,201200028285B01,7,2,1,200035731
201200028297,2012-06-02,2012,juin,samedi,09:20,42,42184,46.0475,4.05192,2,6,3,1,1,4,2,02,1,1,0,50,1,0,1,4,2,67,5,3,9,0,2,7,9,201200028297A01,7,9,1,200035731
201200028301,2012-06-07,2012,juin,jeudi,17:05,42,42187,46.04566,4.07453,2,1,3,1,2,4,2,02,1,1,0,88,2,0,1,4,1,12,5,3,9,0,2,7,1,201200028301B01,7,19,1,200035731
201200028311,2012-07-09,2012,juillet,lundi,18:00,42,42127,46.11212,4.08024,1,2,1,1,1,4,2,02,1,1,0,96,1,0,1,3,1,50,5,3,9,0,2,1,1,201200028311B01,7,13,1,200035731
201200028319,2012-07-23,2012,juillet,lundi,16:25,42,42187,46.04268,4.08136,2,1,1,1,1,4,2,02,1,1,0,60,1,0,1,4,1,19,5,1,9,1,0,1,1,201200028319B01,7,24,1,200035731
201200028324,2012-08-01,2012,août,mercredi,15:00,42,42127,46.06598,4.05724,2,4,3,1,1,6,-1,00,1,1,0,50,1,0,1,4,1,23,1,1,9,0,2,7,9,201200028324B01,7,1,1,200035731
201200028326,2012-08-13,2012,août,lundi,17:40,42,42187,46.05029,4.06416,2,1,3,1,1,4,2,02,1,1,0,150,1,0,1,4,2,29,0,1,9,0,2,1,15,201200028326B01,7,17,1,200035731
201200028331,2012-08-22,2012,août,mercredi,13:40,42,42187,46.04505,4.06033,2,4,3,1,1,4,2,02,1,1,0,80,1,0,1,4,1,57,1,1,9,0,2,7,1,201200028331B01,7,16,1,200035731
201200028334,2012-09-04,2012,septembre,mardi,13:50,42,42187,46.03075,4.06703,2,1,2,1,1,4,2,02,1,1,0,50,1,0,1,4,1,14,2,3,9,0,2,4,1,201200028334A01,7,23,1,200035731
201200028344,2012-09-21,2012,septembre,vendredi,14:20,42,42187,46.0395,4.06362,2,2,3,1,1,4,2,02,1,1,0,90,1,0,1,4,1,30,5,1,9,0,2,1,1,201200028344B01,7,15,1,200035731
201200028351,2012-10-10,2012,octobre,mercredi,10:30,42,42071,46.02694,4.08537,2,1,6,1,1,4,2,02,1,1,0,60,1,0,1,1,1,59,5,1,9,0,1,1,1,201200028351A01,,,,200035731
201200028360,2012-11-05,2012,novembre,lundi,08:20,42,42187,46.05605,4.07422,2,1,3,1,1,4,2,02,1,1,0,55,1,0,1,4,1,79,5,3,9,1,2,1,1,201200028360B01,2,17,1,200035731
201200028361,2012-11-07,2012,novembre,mercredi,08:20,42,42187,46.0542,4.09248,2,1,3,1,1,4,2,02,1,1,0,70,1,0,1,4,1,67,5,3,9,0,2,8,1,201200028361B01,7,17,1,200035731
201200028362,2012-11-07,2012,novembre,mercredi,14:05,42,42187,46.05411,4.07942,2,1,3,1,1,4,2,02,1,1,0,54,1,0,1,3,1,43,1,3,9,0,2,8,19,201200028362B01,7,9,1,200035731
201200028370,2012-11-29,2012,novembre,jeudi,09:13,42,42187,46.03491,4.06654,2,1,6,1,1,4,2,02,1,1,0,60,1,0,1,1,1,24,5,1,9,0,1,1,1,201200028370A01,,,,200035731
201200028380,2012-12-29,2012,décembre,samedi,10:40,42,42071,46.02501,4.08656,2,3,3,1,1,4,2,02,1,1,0,134,1,0,1,4,1,59,5,3,9,0,2,1,1,201200028380B01,7,15,1,200035731
201200028389,2012-08-18,2012,août,samedi,04:00,42,42207,45.45923,4.50556,2,1,3,5,1,4,2,02,1,1,0,82,1,0,1,4,1,16,1,3,9,0,0,0,15,201200028389B01,7,2,1,244200770
201200028458,2012-04-14,2012,avril,samedi,14:21,42,42218,45.4404,4.45538,2,3,1,1,1,4,1,01,2,1,0,60,1,0,1,3,1,44,5,3,9,0,2,1,1,201200028458B01,7,15,1,244200770
201200028463,2012-04-19,2012,avril,jeudi,13:41,42,42218,45.43983,4.40318,2,1,3,1,1,4,1,02,1,1,0,0,1,0,4,4,1,24,0,2,4,0,2,1,5,201200028463A01,7,9,1,244200770
201200028485,2012-05-26,2012,mai,samedi,18:30,42,42218,45.44152,4.38792,2,2,3,1,1,4,1,01,1,1,0,0,1,0,1,4,1,11,0,2,2,0,2,0,5,201200028485B01,99,1,1,244200770
201200028486,2012-05-27,2012,mai,dimanche,16:15,42,42305,45.47938,4.42349,2,1,1,1,1,4,2,02,-1,-1,0,0,1,0,1,4,2,15,5,2,9,0,2,0,13,201200028486A01,7,1,1,244200770
201200028487,2012-05-29,2012,mai,mardi,07:45,42,42305,45.48079,4.43377,2,1,6,1,1,4,2,02,1,1,0,70,1,0,1,1,1,39,1,3,9,0,1,0,1,201200028487A01,,,,244200770
201200028490,2012-06-09,2012,juin,samedi,18:30,42,42305,45.48117,4.43484,1,3,3,1,1,3,2,02,2,3,0,60,1,0,0,4,1,44,5,1,2,0,2,0,1,201200028490B01,7,15,1,244200770
201200028494,2012-06-08,2012,juin,vendredi,05:25,42,42218,45.42191,4.39223,2,1,6,5,1,4,3,01,2,1,0,30,2,0,5,1,1,25,1,3,9,0,1,1,1,201200028494A01,,,,244200770
201200028494,2012-06-08,2012,juin,vendredi,05:25,42,42218,45.42191,4.39223,2,1,6,5,1,4,3,01,2,1,0,30,2,0,5,4,1,43,9,3,9,0,1,1,1,201200028494A01,,,,244200770
201200028507,2012-06-27,2012,juin,mercredi,08:40,42,42218,45.43098,4.39587,2,2,3,1,1,4,1,01,2,3,0,70,1,0,1,3,1,28,1,1,4,0,2,7,8,201200028507B01,7,16,1,244200770
201200028523,2012-07-25,2012,juillet,mercredi,13:27,42,42218,45.45343,4.40142,2,3,6,1,1,4,2,02,1,1,0,60,1,0,1,3,2,11,5,3,9,1,0,1,15,201200028523A01,,,,244200770
201200028535,2012-08-11,2012,août,samedi,11:40,42,42189,45.43159,4.32151,2,1,2,1,1,4,2,02,1,1,0,80,1,0,1,4,1,44,3,3,2,0,2,1,2,201200028535A01,7,2,1,244200770
201200028537,2012-08-21,2012,août,mardi,07:05,42,42218,45.45784,4.40393,2,6,3,1,1,4,2,02,1,1,0,57,1,0,0,4,1,46,1,2,2,0,2,0,1,201200028537B01,7,9,1,244200770
201200028558,2012-09-09,2012,septembre,dimanche,14:25,42,42218,45.44742,4.41113,2,1,6,1,1,4,1,01,1,2,0,0,1,0,1,3,1,24,0,2,9,1,0,1,1,201200028558A01,,,,244200770
201200028580,2012-10-18,2012,octobre,jeudi,16:10,42,42218,45.44335,4.39686,2,1,3,1,6,4,1,02,2,2,0,120,1,0,1,4,2,19,9,3,9,0,2,1,5,201200028580A01,7,1,1,244200770
201200028584,2012-10-22,2012,octobre,lundi,18:07,42,42223,0,0,1,1,2,1,1,4,1,01,1,2,0,0,1,0,1,3,1,70,5,1,9,0,2,4,1,201200028584B01,7,1,1,244200770
201200028586,2012-10-28,2012,octobre,dimanche,12:10,42,42218,45.42343,4.40004,2,1,7,1,6,4,2,02,2,1,0,60,1,0,1,3,1,29,0,2,4,0,0,0,1,201200028586A01,,,,244200770
201200028601,2012-11-16,2012,novembre,vendredi,11:30,42,42218,45.4296,4.39385,2,1,6,1,1,4,1,01,1,1,0,0,1,0,1,1,1,30,0,2,9,0,1,1,5,201200028601A01,,,,244200770
201200028681,2012-01-01,2012,janvier,dimanche,17:05,44,44132,0,0,2,3,3,3,3,4,1,01,1,3,0,0,2,0,1,4,1,34,5,2,4,0,2,1,1,201200028681B01,7,19,1,244400644
201200028693,2012-04-18,2012,avril,mercredi,11:25,44,44135,0,0,2,3,3,1,2,4,1,01,1,1,0,53,1,0,1,3,1,75,5,2,9,0,0,1,1,201200028693A01,7,15,1,244400610
201200028711,2012-07-24,2012,juillet,mardi,16:05,44,44055,0,0,2,6,6,1,1,4,2,01,1,1,0,36,1,0,0,4,2,59,9,1,9,0,2,4,0,201200028711B01,7,9,1,244400610
201200028729,2012-01-09,2012,janvier,lundi,18:55,44,44109,0,0,2,6,3,5,1,4,2,00,1,1,0,0,1,0,1,3,1,27,1,3,9,0,2,7,1,201200028729B01,7,15,1,244400404
201200028765,2012-02-13,2012,février,lundi,09:45,44,44109,0,0,2,1,6,1,1,4,2,01,2,1,0,12,2,0,5,3,2,27,1,1,2,0,1,1,1,201200028765B01,,,,244400404
201200028766,2012-02-15,2012,février,mercredi,14:15,44,44109,0,0,2,6,3,1,1,4,1,02,1,1,0,0,1,0,0,4,2,28,0,3,9,0,2,6,1,201200028766B01,7,16,1,244400404
201200028768,2012-02-16,2012,février,jeudi,07:20,44,44190,0,0,2,6,3,3,1,4,2,02,2,2,0,0,1,5,1,4,1,54,0,1,9,0,2,2,1,201200028768B01,7,9,1,244400404
201200028773,2012-02-22,2012,février,mercredi,22:40,44,44109,0,0,2,1,3,5,1,4,2,00,1,1,0,0,1,0,1,3,1,17,5,3,9,0,2,1,15,201200028773A01,7,1,1,244400404
201200028794,2012-01-23,2012,janvier,lundi,20:30,44,44109,0,0,2,1,5,5,1,4,2,04,2,-1,0,0,1,0,1,4,2,36,5,3,9,0,2,0,1,201200028794C01,10 / 7,1 / 0 / 17 / 13,4,244400404
201200028795,2012-03-23,2012,mars,vendredi,20:30,44,44109,0,0,2,1,5,5,1,4,2,04,2,-1,0,0,1,0,1,4,2,36,5,3,9,0,2,0,1,201200028795C01,10 / 7,1 / 17 / 13 / 0,4,244400404
201200028800,2012-03-24,2012,mars,samedi,17:00,44,44162,0,0,1,1,6,1,1,3,2,03,-1,-1,0,0,-1,0,1,4,2,53,5,3,9,0,2,8,23,201200028800B01,7,10,1,244400404
201200028822,2012-04-11,2012,avril,mercredi,08:30,44,44109,0,0,2,1,6,1,2,4,1,00,4,1,0,0,2,0,1,1,1,43,1,1,4,0,1,1,1,201200028822A01,,,,244400404
201200028833,2012-04-21,2012,avril,samedi,19:25,44,44109,0,0,2,1,6,1,1,4,2,02,1,1,0,65,1,0,1,4,1,9,5,3,2,0,0,0,0,201200028833B01,7,1,1,244400404
201200028837,2012-04-26,2012,avril,jeudi,17:55,44,44109,0,0,2,1,6,1,1,4,2,02,1,1,0,60,1,0,1,3,1,23,0,3,9,0,1,1,1,201200028837A01,,,,244400404
201200028845,2012-05-07,2012,mai,lundi,17:00,44,44109,0,0,2,1,6,1,9,4,-1,00,-1,-1,0,0,-1,0,1,4,1,52,0,3,9,0,,1,18,201200028845B01,7,23,1,244400404
201200028863,2012-05-22,2012,mai,mardi,18:45,44,44143,0,0,2,3,6,1,1,4,2,02,1,1,0,0,1,0,1,3,1,12,0,2,9,0,2,1,1,201200028863A01,37,1,1,244400404
201200028873,2012-05-29,2012,mai,mardi,18:40,44,44162,0,0,2,1,6,1,1,4,1,00,-1,2,0,0,-1,0,1,4,1,37,0,3,9,0,2,6,1,201200028873B01,7,16,1,244400404
201200028893,2012-06-15,2012,juin,vendredi,19:22,44,44162,0,0,2,6,3,1,9,4,2,02,1,1,0,0,2,0,1,4,2,61,0,3,9,0,2,5,1,201200028893B01,7,9,1,244400404
201200028894,2012-06-12,2012,juin,mardi,15:00,44,44109,0,0,2,1,3,1,1,4,2,02,-1,1,0,0,-1,0,0,3,2,40,0,1,2,0,2,0,0,201200028894B01,7,0,1,244400404
201200028900,2012-06-18,2012,juin,lundi,18:00,44,44109,0,0,2,1,6,1,9,4,-1,00,-1,-1,0,0,1,0,1,4,2,27,1,3,9,1,0,1,1,201200028900B01,7,3,1,244400404
201200028902,2012-06-21,2012,juin,jeudi,09:00,44,44109,0,0,2,1,3,1,1,4,2,02,1,1,0,11,1,0,1,3,1,14,2,3,2,0,2,1,15,201200028902A01,2,1,1,244400404
201200028912,2012-07-09,2012,juillet,lundi,18:26,44,44109,0,0,2,1,6,1,1,4,2,02,1,1,0,61,1,4,1,4,1,54,0,3,9,0,4,0,16,201200028912A01,40,1,1,244400404
201200028921,2012-07-23,2012,juillet,lundi,09:10,44,44109,0,0,2,1,6,1,1,4,1,00,2,2,0,60,1,0,4,3,1,45,1,3,9,12,0,0,0,201200028921A01,,,,244400404
201200028927,2012-07-30,2012,juillet,lundi,21:25,44,44143,0,0,2,1,6,1,1,4,-1,02,-1,-1,0,0,-1,0,0,4,2,34,0,3,9,0,0,0,1,201200028927A01,,,,244400404
201200028928,2012-07-31,2012,juillet,mardi,13:05,44,44109,0,0,2,2,3,1,1,4,1,01,2,1,0,46,1,0,1,4,2,64,0,3,9,0,2,1,1,201200028928B01,7,15,1,244400404
201200028931,2012-07-31,2012,juillet,mardi,21:30,44,44109,0,0,1,6,3,1,1,4,-1,02,1,-1,0,0,1,5,0,3,2,67,0,1,2,0,2,2,14,201200028931B01,7,9,1,244400404
201200028935,2012-07-31,2012,juillet,mardi,16:00,44,44018,0,0,1,1,7,1,1,4,2,02,-1,1,0,0,-1,0,1,4,1,33,0,1,2,0,2,0,0,201200028935A01,7,0,1,244400404
201200028938,2012-08-09,2012,août,jeudi,12:15,44,44143,0,0,2,6,3,1,1,4,-1,02,1,-1,0,0,1,5,0,4,1,51,0,1,4,0,2,2,1,201200028938B01,10,9,1,244400404
201200028952,2012-08-30,2012,août,jeudi,18:25,44,44109,0,0,2,1,3,1,1,2,2,01,1,2,0,0,1,0,1,4,1,29,5,3,9,0,2,7,1,201200028952B01,7,0,1,244400404
201200028953,2012-09-02,2012,septembre,dimanche,17:40,44,44109,0,0,2,3,3,1,1,4,2,02,-1,-1,0,0,-1,0,0,4,1,6,5,2,2,0,2,3,0,201200028953B01,36,1,1,244400404
201200028955,2012-09-05,2012,septembre,mercredi,11:15,44,44109,0,0,2,3,3,1,1,4,2,03,2,1,0,0,1,0,1,3,1,37,0,3,4,0,2,0,1,201200028955B01,30,15,1,244400404
201200028957,2012-09-06,2012,septembre,jeudi,00:01,44,44109,0,0,2,6,3,5,1,4,1,02,1,1,0,0,1,0,1,3,2,24,5,3,2,0,2,1,1,201200028957A01,7,1,1,244400404
201200028970,2012-09-17,2012,septembre,lundi,09:05,44,44114,0,0,2,1,3,1,1,4,1,01,2,2,0,0,1,0,1,4,1,68,5,3,9,0,2,5,1,201200028970B01,3,9,1,244400404
201200028978,2012-09-23,2012,septembre,dimanche,18:19,44,44109,0,0,2,1,6,1,1,4,2,00,2,1,0,0,1,0,1,3,1,47,5,1,2,1,0,1,1,201200028978B01,7,24,1,244400404
201200028979,2012-09-19,2012,septembre,mercredi,17:00,44,44109,0,0,2,1,6,1,9,4,-1,00,-1,-1,0,0,-1,0,0,4,1,63,0,3,9,0,2,1,1,201200028979B01,7,16,1,244400404
201200028988,2012-09-30,2012,septembre,dimanche,15:00,44,44114,0,0,2,1,6,1,1,4,2,02,2,1,0,181,1,0,5,4,1,75,5,3,9,1,0,1,1,201200028988B01,,,,244400404
201200028988,2012-09-30,2012,septembre,dimanche,15:00,44,44114,0,0,2,1,6,1,1,4,2,02,2,1,0,181,1,0,5,1,2,43,0,3,9,1,0,1,1,201200028988B01,,,,244400404
201200029000,2012-10-12,2012,octobre,vendredi,15:00,44,44109,0,0,2,6,3,1,1,4,-1,02,-1,-1,0,0,-1,0,0,4,1,64,1,3,4,0,2,7,12,201200029000A01,7,1,1,244400404
201200029007,2012-10-26,2012,octobre,vendredi,08:30,44,44109,0,0,2,1,3,2,3,4,2,00,-1,1,0,0,-1,0,0,4,1,21,0,1,2,0,2,0,0,201200029007B01,7,0,1,244400404
201200029012,2012-10-22,2012,octobre,lundi,21:15,44,44109,0,0,2,1,2,5,1,4,2,04,1,1,0,0,1,0,1,4,1,41,0,1,2,0,2,4,1,201200029012B01,7,0,1,244400404
201200029019,2012-10-26,2012,octobre,vendredi,07:45,44,44162,0,0,2,3,6,5,1,4,2,02,-1,1,0,0,1,0,0,4,1,24,1,3,9,0,2,1,1,201200029019B01,7,16,1,244400404
201200029021,2012-09-28,2012,septembre,vendredi,11:15,44,44109,0,0,2,1,6,1,1,4,2,02,-1,-1,0,0,-1,4,1,4,1,68,0,3,9,0,2,1,1,201200029021A01,99,0,1,244400404
201200029023,2012-10-30,2012,octobre,mardi,14:20,44,44109,0,0,2,1,6,1,1,4,1,02,1,2,0,0,1,5,1,3,1,78,0,3,9,0,2,4,1,201200029023B01,7,1,1,244400404
201200029024,2012-11-02,2012,novembre,vendredi,13:45,44,44109,0,0,2,1,6,1,1,4,2,00,1,1,0,0,2,0,1,3,1,36,0,1,2,0,0,8,0,201200029024B01,7,1,1,244400404
201200029038,2012-11-12,2012,novembre,lundi,08:50,44,44109,0,0,2,1,6,1,1,4,2,02,1,1,0,0,1,0,1,3,1,53,5,3,2,0,2,1,1,201200029038B01,7,1 / 0,2,244400404
201200029043,2012-11-28,2012,novembre,mercredi,14:05,44,44109,0,0,2,3,6,1,1,4,2,02,1,2,0,0,1,0,1,4,2,53,0,1,2,0,2,1,15,201200029043B01,7,1,1,244400404
201200029047,2012-11-29,2012,novembre,jeudi,19:25,44,44109,0,0,2,3,7,5,1,4,2,02,1,1,0,0,1,0,1,4,2,63,0,3,4,0,0,0,1,201200029047B01,7,15,1,244400404
201200029049,2012-11-19,2012,novembre,lundi,14:35,44,44109,0,0,2,6,6,1,1,4,1,02,1,2,0,0,1,0,1,4,1,69,5,3,2,0,2,4,9,201200029049B01,7,9,1,244400404
201200029082,2012-12-25,2012,décembre,mardi,13:00,44,44109,0,0,2,1,6,1,1,4,2,02,1,1,0,0,1,0,0,4,1,9,5,3,9,0,2,0,0,201200029082A01,7,0,1,244400404
201200029097,2012-03-02,2012,mars,vendredi,09:50,44,44184,0,0,2,6,3,1,1,4,2,02,1,-1,0,0,1,0,1,4,1,78,5,3,9,0,2,0,5,201200029097B01,7,1,1,244400644
201200029106,2012-04-05,2012,avril,jeudi,14:50,44,44184,0,0,2,1,3,1,1,4,2,02,1,1,0,0,1,0,1,4,2,36,1,3,9,0,2,0,0,201200029106B01,7,11,1,244400644
201200029109,2012-05-07,2012,mai,lundi,15:35,44,44184,0,0,2,1,1,1,1,4,2,02,1,1,0,0,1,0,1,4,1,14,0,3,9,1,0,1,0,201200029109B01,7,24,1,244400644
201200029121,2012-07-01,2012,juillet,dimanche,11:15,44,44184,0,0,2,3,3,1,1,4,2,02,2,1,0,0,1,0,1,4,1,58,5,1,4,0,2,1,1,201200029121B01,7,15,1,244400644
201200029131,2012-09-20,2012,septembre,jeudi,09:00,44,44184,0,0,2,2,6,1,1,4,2,02,1,1,0,0,1,0,1,4,1,62,5,1,2,0,2,1,1,201200029131A01,7,9,1,244400644
201200029133,2012-09-28,2012,septembre,vendredi,08:50,44,44184,0,0,2,2,3,1,1,4,3,04,3,1,0,0,1,0,1,4,1,57,5,3,2,0,2,1,1,201200029133B01,7,9,1,244400644
201200029134,2012-09-28,2012,septembre,vendredi,08:35,44,44184,0,0,2,1,6,1,1,4,3,02,1,1,30,70,1,0,1,4,2,59,5,3,9,0,2,7,19,201200029134C01,7,1 / 23,2,244400644
201200029140,2012-10-15,2012,octobre,lundi,07:06,44,44184,0,0,2,6,3,5,1,3,3,02,1,1,0,0,1,0,1,4,2,22,0,3,9,0,2,7,1,201200029140B01,7,9,1,244400644
201200029142,2012-10-19,2012,octobre,vendredi,12:20,44,44184,0,0,2,3,3,1,2,4,2,02,1,1,0,85,2,0,1,4,1,15,2,1,9,0,2,1,15,201200029142B01,7,1,1,244400644
201200029146,2012-11-10,2012,novembre,samedi,17:05,44,44184,0,0,2,6,2,1,1,4,1,02,1,2,0,0,1,0,1,4,2,39,5,3,9,0,2,4,1,201200029146B01,7,1,1,244400644
201200029149,2012-11-12,2012,novembre,lundi,10:20,44,44184,0,0,2,1,7,1,1,4,3,02,1,1,0,0,1,0,1,4,1,56,0,1,9,0,2,3,19,201200029149B01,7,1,1,244400644
201200029155,2012-11-23,2012,novembre,vendredi,11:40,44,44184,0,0,2,2,3,1,2,3,2,02,1,1,0,0,2,0,1,4,2,31,0,3,4,0,2,1,1,201200029155B01,7,1,1,244400644
201200029158,2012-12-02,2012,décembre,dimanche,11:45,44,44184,0,0,2,6,3,1,1,3,3,04,1,3,0,0,1,3,1,4,1,57,5,3,9,0,2,2,1,201200029158B01,10,9,1,244400644
201200029166,2012-12-28,2012,décembre,vendredi,19:20,44,44184,0,0,2,2,3,5,1,4,2,02,1,1,0,0,1,0,1,4,1,47,0,1,4,0,2,1,1,201200029166B01,7,15,1,244400644
201200029178,2012-02-19,2012,février,dimanche,17:50,45,45068,48.00433,2.71146,2,3,3,1,1,4,2,02,1,1,0,50,1,0,1,3,1,57,9,3,9,0,2,3,1,201200029178B01,7,1,1,244500203
201200029179,2012-02-21,2012,février,mardi,19:45,45,45208,48.00135,2.72431,2,2,3,5,1,4,2,02,2,1,0,60,1,0,1,3,1,22,9,2,9,0,2,7,1,201200029179B01,7,1,1,244500203
201200029197,2012-04-16,2012,avril,lundi,07:50,45,45338,47.99084,2.71195,2,1,3,1,1,3,2,02,1,1,0,70,1,0,1,4,2,54,9,3,9,0,0,8,1,201200029197B01,7,1,1,244500203
201200029222,2012-11-28,2012,novembre,mercredi,12:15,45,45068,48.0249,2.73281,2,1,3,1,8,4,2,02,1,1,0,45,1,0,1,4,1,17,1,2,4,0,2,1,9,201200029222A01,7,1,1,244500203
201200029235,2012-01-04,2012,janvier,mercredi,08:15,45,45169,47.92637,1.83156,2,1,3,2,1,4,2,02,1,2,0,99,1,0,5,3,1,49,9,2,9,0,0,4,1,201200029235B01,7,14,1,244500468
201200029240,2012-01-10,2012,janvier,mardi,08:00,45,45234,47.90372,1.89551,2,1,3,5,1,4,1,02,2,1,0,140,1,0,1,3,1,12,2,1,9,0,0,8,1,201200029240B01,7,1,1,244500468
201200029242,2012-01-18,2012,janvier,mercredi,18:45,45,45234,47.91763,1.89872,2,2,3,1,1,3,2,03,1,1,14,115,1,0,1,4,1,11,9,2,9,0,2,8,1,201200029242B01,7,15,1,244500468
201200029254,2012-02-24,2012,février,vendredi,12:55,45,45234,47.89818,1.91606,2,3,3,1,1,3,2,02,1,1,0,59,1,0,1,4,1,17,9,2,9,0,2,3,15,201200029254B01,7,17,1,244500468
201200029280,2012-05-16,2012,mai,mercredi,15:00,45,45234,47.89794,1.90931,2,1,3,1,1,3,2,02,1,1,0,61,1,0,5,4,1,18,9,2,4,0,2,1,1,201200029280B01,7,15,1,244500468
201200029293,2012-06-26,2012,juin,mardi,14:55,45,45234,47.90685,1.90075,2,1,3,1,1,3,1,04,1,1,0,120,1,0,1,3,1,80,9,3,9,0,2,1,19,201200029293A01,7,1,1,244500468
201200029301,2012-07-29,2012,juillet,dimanche,19:20,45,45234,47.92423,1.94126,1,6,3,1,2,4,1,01,2,3,0,47,2,0,1,4,2,33,1,1,9,0,2,8,19,201200029301A01,7,1,1,244500468
201200029314,2012-09-19,2012,septembre,mercredi,08:10,45,45234,47.88251,1.90377,2,3,3,1,1,3,2,02,1,1,0,70,1,0,1,3,1,15,4,3,9,0,2,2,19,201200029314A01,7,1,1,244500468
201200029318,2012-09-24,2012,septembre,lundi,07:50,45,45234,47.90733,1.90099,2,1,3,2,3,3,1,03,1,1,0,120,2,0,1,3,2,15,9,2,9,0,2,8,19,201200029318A01,7,1,1,244500468
201200029319,2012-09-29,2012,septembre,samedi,15:50,45,45298,47.87829,1.85753,2,2,3,1,1,3,2,02,1,1,0,68,1,0,1,3,1,56,1,2,9,0,2,2,1,201200029319A01,7,15,1,244500468
201200029339,2012-11-04,2012,novembre,dimanche,06:20,45,45234,47.89592,1.90434,2,1,3,5,8,3,3,00,1,1,0,29,2,2,5,3,1,41,9,3,9,0,2,6,1,201200029339B01,7,14,1,244500468
201200029344,2012-11-13,2012,novembre,mardi,10:10,45,45232,47.87242,1.89804,2,1,3,1,1,4,2,02,1,1,0,60,1,0,1,4,1,93,5,3,9,0,2,8,15,201200029344B01,7,17,1,244500468