Num_Acc,date,an,mois,jour,hrmn,dep,com,lat,long,agg,int,col,lum,atm,catr,circ,nbv,prof,plan,lartpc,larrout,surf,infra,situ,grav,sexe,age,trajet,secuexist,equipement,obs,obsm,choc,manv,vehiculeid,typevehicules,manoeuvehicules,numVehicules,_infos_commune.code_epci
201200029357,2012-12-19,2012,décembre,mercredi,16:56,45,45234,47.81892,1.93827,2,6,3,2,1,4,2,02,1,1,0,118,1,0,1,3,2,42,9,2,4,0,2,1,1,201200029357B01,10,1,1,244500468
201200029358,2012-12-20,2012,décembre,jeudi,19:35,45,45286,47.88774,1.92605,2,1,3,5,2,3,2,02,1,1,0,65,2,0,1,3,1,17,9,3,9,0,2,3,9,201200029358B01,7,1,1,244500468
201200029371,2012-05-27,2012,mai,dimanche,10:15,46,46042,44.44471,1.4305,2,1,6,1,1,4,2,02,2,1,0,44,1,6,1,1,1,56,5,3,9,0,1,1,1,201200029371A01,,,,200023737
201200029382,2012-01-19,2012,janvier,jeudi,18:40,47,47001,0,0,2,1,6,4,2,4,1,,1,1,0,0,2,0,1,3,2,56,5,3,9,1,0,1,1,201200029382B01,7,22,1,200096956
201200029390,2012-06-18,2012,juin,lundi,12:45,47,47001,0,0,2,2,3,1,1,4,,,,,,,,,,4,1,14,2,2,9,0,2,4,15,201200029390A01,30,1,1,200096956
201200029407,2012-11-13,2012,novembre,mardi,07:50,47,47001,0,0,2,3,1,2,1,4,2,02,1,1,0,0,1,0,1,3,2,70,5,3,9,0,2,1,23,201200029407B01,7,15,1,200096956
201200029417,2012-05-31,2012,mai,jeudi,12:10,47,47323,0,0,2,3,6,1,1,4,1,01,2,3,0,65,1,0,1,1,1,47,1,3,9,0,1,1,16,201200029417A01,,,,200023307
201200029417,2012-05-31,2012,mai,jeudi,12:10,47,47323,0,0,2,3,6,1,1,4,1,01,2,3,0,65,1,0,1,3,2,49,5,3,9,0,1,1,16,201200029417A01,,,,200023307
201200029439,2012-01-08,2012,janvier,dimanche,11:25,49,49267,47.48124,-0.48039,2,1,7,1,1,4,2,02,1,1,0,60,1,0,1,4,1,66,5,1,2,0,0,0,1,201200029439A01,,,,244900015
201200029440,2012-01-06,2012,janvier,vendredi,13:04,49,49007,47.46025,-0.52574,2,1,6,1,1,4,2,02,1,1,0,60,1,0,1,4,1,18,2,3,2,1,0,1,1,201200029440B01,7,23,1,244900015
201200029446,2012-01-10,2012,janvier,mardi,14:09,49,49007,47.46836,-0.55424,2,1,6,1,1,4,1,01,1,1,0,30,1,0,1,4,2,21,1,3,2,1,0,7,1,201200029446B01,7,24,1,244900015
201200029453,2012-01-16,2012,janvier,lundi,17:20,49,49007,47.46457,-0.54873,2,6,2,1,1,4,2,02,1,1,0,102,1,0,1,4,2,25,0,3,2,0,2,4,0,201200029453B01,7,1,1,244900015
201200029457,2012-01-19,2012,janvier,jeudi,07:56,49,49007,47.46454,-0.55207,2,3,3,2,2,4,2,02,1,1,0,43,2,0,1,4,2,52,1,3,9,0,2,1,1,201200029457B01,7,15,1,244900015
201200029460,2012-01-20,2012,janvier,vendredi,19:25,49,49007,47.45862,-0.55433,2,1,6,5,1,4,2,02,1,1,0,60,1,0,1,4,1,36,0,3,9,0,0,0,1,201200029460A01,,,,244900015
201200029466,2012-01-25,2012,janvier,mercredi,08:47,49,49007,47.47112,-0.57291,2,1,7,1,1,4,2,02,1,1,0,16,2,0,1,4,1,49,0,3,9,0,0,0,1,201200029466A01,,,,244900015
201200029467,2012-01-25,2012,janvier,mercredi,08:34,49,49007,47.47338,-0.54414,2,3,7,1,1,4,2,02,1,1,0,90,1,0,1,4,1,19,5,3,9,0,0,0,1,201200029467A01,,,,244900015
201200029481,2012-02-04,2012,février,samedi,08:03,49,49007,47.45743,-0.55409,2,1,7,1,1,4,1,01,1,1,0,60,1,0,1,4,1,33,5,3,9,12,0,1,1,201200029481A01,,,,244900015
201200029484,2012-02-03,2012,février,vendredi,15:37,49,49246,47.4435,-0.52707,2,6,2,1,1,4,2,02,1,1,0,60,1,0,1,4,1,55,1,3,9,0,2,4,1,201200029484B01,7,1,1,244900015
201200029487,2012-02-08,2012,février,mercredi,13:28,49,49007,47.45842,-0.543,2,1,7,1,1,4,2,02,1,1,0,60,7,0,1,4,2,20,5,3,9,0,0,0,1,201200029487A01,,,,244900015
201200029494,2012-02-13,2012,février,lundi,11:00,49,49007,47.47492,-0.54783,2,1,7,1,1,4,3,04,1,1,0,90,7,0,1,4,2,22,5,3,9,0,0,0,1,201200029494A01,,,,244900015
201200029502,2012-02-21,2012,février,mardi,13:27,49,49007,47.47218,-0.54856,2,1,7,1,1,4,1,01,1,1,0,37,1,0,1,4,1,44,4,1,2,0,0,0,1,201200029502A01,,,,244900015
201200029505,2012-02-27,2012,février,lundi,12:14,49,49007,47.4488,-0.5337,2,1,6,1,1,4,3,04,1,1,0,70,1,0,1,3,1,21,2,3,9,1,0,1,1,201200029505A01,,,,244900015
201200029508,2012-03-01,2012,mars,jeudi,07:51,49,49007,47.47811,-0.59864,2,6,3,1,1,4,2,02,1,1,0,66,1,0,1,4,1,21,1,3,2,0,2,8,1,201200029508B01,37,1,1,244900015
201200029515,2012-03-08,2012,mars,jeudi,15:14,49,49007,47.46953,-0.54892,2,1,7,1,1,4,2,02,1,1,0,180,1,0,1,4,1,22,0,3,9,0,2,0,1,201200029515B01,37,1,1,244900015
201200029523,2012-03-12,2012,mars,lundi,09:05,49,49007,47.47605,-0.53838,2,3,3,1,1,4,1,01,1,1,0,24,1,0,1,4,2,36,0,3,9,0,2,1,1,201200029523B01,7,15,1,244900015
201200029527,2012-03-14,2012,mars,mercredi,11:30,49,49007,47.47282,-0.54303,2,1,6,1,1,4,-1,02,1,1,0,60,1,0,4,1,1,29,0,3,9,0,1,1,1,201200029527A01,,,,244900015
201200029533,2012-03-22,2012,mars,jeudi,15:28,49,49007,47.47603,-0.53839,2,2,3,1,1,4,1,01,1,1,0,28,1,0,1,4,2,44,5,3,9,0,2,8,1,201200029533B01,3,1,1,244900015
201200029536,2012-03-26,2012,mars,lundi,15:42,49,49007,47.44955,-0.54776,2,1,7,1,1,4,2,02,1,1,0,60,1,0,1,1,1,17,2,3,9,0,0,0,1,201200029536A01,,,,244900015
201200029536,2012-03-26,2012,mars,lundi,15:42,49,49007,47.44955,-0.54776,2,1,7,1,1,4,2,02,1,1,0,60,1,0,1,4,1,17,2,3,9,0,0,0,1,201200029536A01,,,,244900015
201200029537,2012-03-26,2012,mars,lundi,17:52,49,49007,47.46714,-0.55496,2,1,2,1,1,4,-1,02,1,1,0,90,1,0,1,4,1,18,2,3,9,0,2,1,1,201200029537A01,7,1,1,244900015
201200029541,2012-03-28,2012,mars,mercredi,10:20,49,49007,47.45366,-0.52578,2,1,6,1,1,4,2,02,1,1,0,50,1,0,1,4,1,44,5,1,2,1,0,1,1,201200029541B01,7,22,1,244900015
201200029543,2012-03-29,2012,mars,jeudi,19:00,49,49007,47.47368,-0.57082,2,1,7,1,1,4,2,02,1,1,0,67,1,0,1,4,2,19,5,3,9,12,0,1,1,201200029543A01,,,,244900015
201200029544,2012-04-01,2012,avril,dimanche,18:10,49,49015,47.50502,-0.59541,2,2,3,1,1,4,2,02,1,1,0,88,1,0,1,4,1,19,1,3,9,0,2,1,15,201200029544A01,7,1,1,244900015
201200029547,2012-03-31,2012,mars,samedi,18:27,49,49246,47.44397,-0.511,2,6,3,1,1,4,2,02,1,1,0,90,1,0,1,4,1,31,5,3,9,0,2,1,1,201200029547B01,7,1,1,244900015
201200029549,2012-04-04,2012,avril,mercredi,17:43,49,49007,47.46376,-0.53184,2,1,7,1,1,4,3,02,1,1,0,90,1,0,1,4,2,13,5,3,9,12,0,0,0,201200029549A01,,,,244900015
201200029574,2012-04-16,2012,avril,lundi,15:52,49,49007,47.46511,-0.55663,2,1,3,1,1,4,-1,02,-1,-1,0,0,1,0,1,3,2,63,0,3,4,0,2,1,11,201200029574A01,7,1,1,244900015
201200029580,2012-05-15,2012,mai,mardi,16:10,49,49267,47.47045,-0.51587,2,6,3,1,1,4,2,02,1,1,0,60,1,0,1,4,1,69,5,3,9,0,2,0,1,201200029580B01,7,1,1,244900015
201200029587,2012-05-16,2012,mai,mercredi,18:29,49,49007,47.46093,-0.59647,2,1,7,1,1,9,-1,02,1,-1,0,0,-1,0,0,4,1,31,0,3,9,0,0,0,0,201200029587A01,,,,244900015
201200029591,2012-05-23,2012,mai,mercredi,17:02,49,49007,47.47151,-0.52305,2,1,3,1,1,4,2,02,1,1,0,0,1,0,1,4,1,8,0,3,9,0,2,1,1,201200029591A01,1,15,1,244900015
201200029591,2012-05-23,2012,mai,mercredi,17:02,49,49007,47.47151,-0.52305,2,1,3,1,1,4,2,02,1,1,0,0,1,0,1,1,1,25,1,3,9,0,2,7,15,201200029591B01,1,1,1,244900015
201200029595,2012-05-25,2012,mai,vendredi,20:56,49,49353,47.45157,-0.50538,2,2,3,1,1,4,2,02,1,1,0,65,1,0,1,3,1,26,5,1,2,0,2,0,1,201200029595A01,10,1,1,244900015
201200029601,2012-05-30,2012,mai,mercredi,19:56,49,49007,47.46264,-0.54052,2,1,7,1,1,4,2,02,1,-1,0,90,1,0,1,3,1,41,5,3,9,8,0,1,1,201200029601A01,,,,244900015
201200029603,2012-05-31,2012,mai,jeudi,12:50,49,49007,47.47669,-0.5446,2,3,2,1,1,4,2,02,1,1,0,60,1,0,1,4,2,60,1,3,9,0,2,4,1,201200029603B01,7,1,1,244900015
201200029617,2012-06-09,2012,juin,samedi,17:05,49,49007,47.4549,-0.55361,2,1,7,1,1,4,2,02,1,2,0,80,1,0,1,3,1,33,5,3,2,0,0,0,1,201200029617A01,,,,244900015
201200029635,2012-07-05,2012,juillet,jeudi,16:00,49,49267,47.46876,-0.50771,2,6,6,1,1,4,2,02,1,1,0,60,1,0,1,4,1,14,5,3,9,0,2,1,1,201200029635A01,7,1,1,244900015
201200029636,2012-07-06,2012,juillet,vendredi,08:05,49,49353,47.45074,-0.47261,2,6,7,1,1,4,2,02,1,1,0,60,1,0,1,4,1,6,5,3,9,0,0,0,1,201200029636A01,,,,244900015
201200029639,2012-07-09,2012,juillet,lundi,07:28,49,49007,47.47939,-0.57621,2,1,6,1,1,4,2,02,1,1,0,69,1,0,1,1,1,17,1,3,9,0,1,1,1,201200029639A01,,,,244900015
201200029641,2012-07-11,2012,juillet,mercredi,10:15,49,49015,47.50207,-0.58831,2,1,7,1,1,4,2,02,1,-1,0,60,-1,0,1,3,2,44,5,3,9,12,0,1,1,201200029641A01,,,,244900015
201200029642,2012-07-12,2012,juillet,jeudi,14:19,49,49007,47.47508,-0.54984,2,2,3,1,1,4,-1,02,1,1,0,50,2,0,1,4,1,45,1,3,9,0,2,7,1,201200029642B01,7,1,1,244900015
201200029647,2012-07-16,2012,juillet,lundi,18:38,49,49007,47.45152,-0.52644,2,1,7,1,1,4,2,02,1,1,0,70,1,0,1,4,1,18,5,3,9,12,0,1,1,201200029647A01,,,,244900015
201200029658,2012-07-30,2012,juillet,lundi,08:02,49,49007,47.48185,-0.54347,2,2,3,1,2,4,-1,01,1,1,0,60,2,0,1,4,2,19,1,3,9,0,2,1,1,201200029658B01,7,1,1,244900015
201200029661,2012-07-30,2012,juillet,lundi,17:54,49,49007,47.4907,-0.53209,2,3,3,1,1,4,3,02,1,1,0,123,1,0,1,4,1,53,5,3,9,0,2,1,1,201200029661B01,7,1,1,244900015
201200029670,2012-08-12,2012,août,dimanche,11:52,49,49007,47.477,-0.55275,2,1,7,1,1,4,2,02,1,1,0,71,1,0,1,3,1,78,5,3,9,2,0,1,1,201200029670A01,,,,244900015
201200029677,2012-08-21,2012,août,mardi,12:55,49,49007,47.4744,-0.56145,2,2,1,1,1,4,2,02,1,1,0,58,1,0,1,4,1,38,0,3,9,0,2,1,15,201200029677B01,7,15,1,244900015
201200029690,2012-08-30,2012,août,jeudi,19:08,49,49007,47.46636,-0.5477,2,2,3,1,1,4,2,02,1,1,0,0,1,0,1,4,2,60,5,3,4,0,2,1,1,201200029690A01,7,1,1,244900015
201200029699,2012-09-09,2012,septembre,dimanche,19:47,49,49007,47.46271,-0.55508,2,1,7,1,1,4,2,02,1,1,0,120,1,4,1,4,2,31,5,3,9,14,0,1,1,201200029699A01,,,,244900015
201200029702,2012-09-12,2012,septembre,mercredi,18:51,49,49007,47.45859,-0.54603,2,1,3,1,1,4,-1,01,1,-1,0,0,-1,0,1,4,1,27,0,2,9,0,0,2,0,201200029702B01,7,9,1,244900015
201200029704,2012-09-16,2012,septembre,dimanche,08:03,49,49246,47.42441,-0.5261,2,1,6,1,1,4,2,02,1,1,0,0,8,0,1,4,1,42,5,3,4,0,2,5,2,201200029704B01,7,1,1,244900015
201200029707,2012-09-19,2012,septembre,mercredi,19:41,49,49015,47.50265,-0.58559,2,1,7,1,1,4,2,01,1,1,0,60,1,4,1,3,2,49,0,3,9,14,0,0,14,201200029707A01,,,,244900015
201200029708,2012-09-19,2012,septembre,mercredi,08:21,49,49007,47.47923,-0.54221,2,1,7,1,1,4,-1,02,1,1,0,0,1,0,1,4,2,32,1,3,4,0,0,1,0,201200029708A01,,,,244900015
201200029721,2012-09-27,2012,septembre,jeudi,08:15,49,49007,47.47231,-0.56674,2,1,7,1,1,4,1,02,1,2,0,60,2,0,0,4,1,38,0,3,4,0,0,0,1,201200029721A01,,,,244900015
201200029725,2012-09-28,2012,septembre,vendredi,07:57,49,49015,47.49366,-0.59145,2,1,7,1,1,4,2,02,1,1,0,70,2,0,1,3,1,11,2,3,9,0,0,0,1,201200029725A01,,,,244900015
201200029727,2012-09-28,2012,septembre,vendredi,17:42,49,49007,47.46901,-0.53239,2,1,3,1,1,4,2,02,1,1,0,0,1,0,1,4,2,11,2,3,4,0,2,1,0,201200029727B01,7,16,1,244900015
201200029735,2012-10-02,2012,octobre,mardi,16:36,49,49007,47.47353,-0.58653,2,1,3,1,1,4,2,02,2,1,0,0,1,0,1,4,1,18,0,3,9,0,2,3,1,201200029735B01,7,12,1,244900015
201200029740,2012-10-05,2012,octobre,vendredi,16:55,49,49007,47.47335,-0.59253,2,1,6,1,1,4,2,02,2,1,0,58,1,0,5,4,1,21,0,3,9,14,0,1,1,201200029740B01,7,1,1,244900015
201200029744,2012-10-09,2012,octobre,mardi,12:11,49,49007,47.46732,-0.54995,2,1,3,1,1,4,1,01,1,1,0,40,2,0,1,3,2,21,0,2,9,1,0,1,2,201200029744B01,7,2,1,244900015
201200029746,2012-10-06,2012,octobre,samedi,15:45,49,49007,47.48314,-0.5695,2,1,1,1,1,4,2,02,1,1,0,70,1,0,1,4,1,18,5,3,9,0,2,4,1,201200029746B01,7,1,1,244900015
201200029756,2012-10-16,2012,octobre,mardi,10:50,49,49007,47.46478,-0.54865,2,6,6,1,1,4,2,01,1,1,0,50,2,0,1,1,1,24,5,3,9,0,1,1,1,201200029756A01,,,,244900015
201200029774,2012-10-30,2012,octobre,mardi,07:55,49,49007,47.48595,-0.51496,2,1,6,2,1,4,3,02,1,1,0,80,1,0,1,4,1,21,2,3,9,0,2,1,1,201200029774B01,7,20,1,244900015
201200029779,2012-11-04,2012,novembre,dimanche,18:56,49,49007,47.47894,-0.54992,2,1,7,3,2,4,2,02,1,1,0,58,2,0,1,4,1,45,5,1,2,0,0,0,1,201200029779A01,,,,244900015
201200029781,2012-11-06,2012,novembre,mardi,15:57,49,49015,47.49209,-0.59254,2,1,7,1,1,4,3,02,1,-1,0,90,1,0,1,3,1,75,5,3,2,0,0,0,1,201200029781A01,,,,244900015
201200029787,2012-11-21,2012,novembre,mercredi,07:30,49,49267,47.46865,-0.49266,2,3,3,2,1,4,2,02,1,1,0,85,1,0,1,4,1,42,5,3,9,0,2,7,1,201200029787B01,7,15,1,244900015
201200029791,2012-11-19,2012,novembre,lundi,12:50,49,49007,47.45987,-0.54587,2,1,2,1,1,4,2,02,1,1,0,60,1,0,1,4,1,22,5,3,9,0,2,1,1,201200029791A01,7,1,1,244900015
201200029798,2012-11-21,2012,novembre,mercredi,14:07,49,49007,47.47437,-0.51582,2,6,3,1,1,4,-1,02,1,-1,0,60,-1,0,0,4,1,26,2,3,9,0,0,0,0,201200029798B01,7,0,1,244900015
201200029806,2012-11-30,2012,novembre,vendredi,08:54,49,49007,47.46436,-0.55404,2,2,3,1,1,4,1,01,1,1,0,60,1,0,1,4,2,21,0,3,2,0,2,1,1,201200029806A01,7,1,1,244900015
201200029811,2012-12-06,2012,décembre,jeudi,08:56,49,49007,47.47695,-0.59909,2,6,3,2,1,4,2,02,1,1,0,90,7,0,1,4,1,47,1,3,2,0,2,2,1,201200029811B01,7,0,1,244900015
201200029815,2012-12-10,2012,décembre,lundi,16:49,49,49007,47.47635,-0.55111,2,1,3,1,1,4,2,03,1,1,0,90,1,0,1,4,1,22,1,3,2,0,2,8,1,201200029815B01,7,1,1,244900015
201200029817,2012-12-12,2012,décembre,mercredi,08:15,49,49007,47.45837,-0.54507,2,6,3,1,1,4,2,02,1,-1,0,70,1,0,1,4,2,21,2,3,9,0,2,1,1,201200029817B01,10,1,1,244900015
201200029818,2012-12-12,2012,décembre,mercredi,14:24,49,49007,47.46074,-0.53313,2,1,3,1,1,4,2,02,1,1,0,70,1,0,1,4,1,21,5,3,9,0,2,1,19,201200029818A01,10,15,1,244900015
201200029819,2012-11-12,2012,novembre,lundi,13:32,49,49007,47.4513,-0.5618,2,1,3,1,1,4,2,02,-1,-1,0,0,-1,0,0,4,1,7,2,3,9,0,2,3,19,201200029819B01,7,1,1,244900015
201200029833,2012-12-21,2012,décembre,vendredi,12:21,49,49007,47.45653,-0.53026,2,1,6,1,1,4,2,02,-1,1,0,0,1,0,1,1,1,24,0,3,9,0,1,1,0,201200029833A01,,,,244900015
201200029877,2012-05-29,2012,mai,mardi,18:32,49,49099,47.0652,-0.87012,2,6,3,1,1,4,3,04,2,4,45,30,1,5,1,3,2,17,5,2,9,0,2,8,2,201200029877B01,7,14,1,200071678
201200029888,2012-07-30,2012,juillet,lundi,16:20,49,49099,47.05084,-0.85109,2,6,6,1,3,4,1,01,2,4,0,60,2,0,1,3,1,74,5,1,9,0,2,5,1,201200029888B01,7,0,1,200071678
201200029889,2012-08-02,2012,août,jeudi,04:15,49,49099,47.06152,-0.86974,2,1,1,3,1,4,2,02,1,1,0,98,1,0,1,3,1,20,5,3,9,1,0,1,15,201200029889A01,7,0,1,200071678
201200029931,2012-01-11,2012,janvier,mercredi,13:30,49,49328,47.25204,-0.08729,2,6,3,1,1,4,1,01,1,2,0,0,1,5,1,4,1,13,2,3,2,0,2,1,1,201200029931B01,7,1,1,200071876
201200029932,2012-01-17,2012,janvier,mardi,08:00,49,49328,47.26718,-0.06989,2,6,3,1,1,4,2,02,1,1,0,0,1,0,1,4,1,18,2,1,4,0,2,1,0,201200029932B01,7,9,1,200071876
201200029934,2012-02-01,2012,février,mercredi,17:20,49,49328,47.27188,-0.06456,2,2,6,1,1,4,2,03,1,1,0,0,1,0,1,3,1,51,1,3,9,0,2,1,1,201200029934A01,10,16,1,200071876
201200029940,2012-02-28,2012,février,mardi,08:50,49,49328,47.26137,-0.0784,2,2,3,1,1,4,1,01,1,1,0,55,1,0,1,4,2,26,5,2,2,0,2,1,1,201200029940A01,7,1,1,200071876
201200029944,2012-03-14,2012,mars,mercredi,16:40,49,49328,47.26704,-0.08883,2,1,7,1,1,4,2,04,1,1,0,0,1,0,1,4,1,5,5,3,2,0,0,0,1,201200029944A01,,,,200071876
201200029947,2012-03-29,2012,mars,jeudi,08:30,49,49328,47.25556,-0.07967,2,1,3,1,1,4,1,01,1,1,0,57,1,0,1,4,1,58,1,3,2,0,2,1,1,201200029947A01,7,1,1,200071876
201200029968,2012-06-21,2012,juin,jeudi,16:00,49,49328,47.25544,-0.08337,2,2,3,1,1,4,2,02,1,1,0,33,1,0,1,3,1,21,1,3,2,0,2,1,1,201200029968A01,7,15,1,200071876
201200029985,2012-09-07,2012,septembre,vendredi,22:15,49,49328,47.24931,-0.05489,2,1,7,5,1,4,2,01,2,4,0,0,1,0,1,4,2,28,5,3,9,0,0,1,1,201200029985A01,,,,200071876
201200029992,2012-10-02,2012,octobre,mardi,07:55,49,49328,47.25692,-0.0802,2,3,6,1,1,4,2,02,1,1,0,60,2,0,1,4,2,10,2,3,2,0,2,3,15,201200029992B01,7,1,1,200071876
201200029995,2012-10-04,2012,octobre,jeudi,08:20,49,49328,47.24659,-0.09347,2,6,7,1,2,4,2,02,1,1,0,0,2,0,1,4,1,16,1,3,9,12,2,1,1,201200029995A01,,,,200071876
201200030001,2012-10-11,2012,octobre,jeudi,23:20,49,49328,47.25579,-0.07429,2,1,7,5,1,4,2,02,2,1,0,0,2,0,1,4,1,49,5,3,2,0,0,0,1,201200030001A01,,,,200071876
201200030007,2012-11-06,2012,novembre,mardi,15:15,49,49328,47.25557,-0.06666,2,3,6,1,1,4,2,03,1,1,0,89,1,0,1,4,2,60,5,1,9,0,2,0,2,201200030007A01,7,17,1,200071876
201200030034,2012-01-25,2012,janvier,mercredi,10:45,50,50129,49.6332,-1.64852,2,1,2,1,1,3,3,03,1,1,28,40,1,0,1,4,2,32,4,1,2,0,2,8,2,201200030034B01,7,17,1,200067205
201200030046,2012-02-15,2012,février,mercredi,11:20,50,50173,49.651,-1.64629,2,1,2,1,1,3,2,02,1,1,0,0,1,0,5,3,1,56,5,1,2,0,2,1,1,201200030046A01,1,1,1,
201200030046,2012-02-15,2012,février,mercredi,11:20,50,50173,49.651,-1.64629,2,1,2,1,1,3,2,02,1,1,0,0,1,0,5,1,1,63,5,1,2,0,2,5,1,201200030046B01,1,1,1,
201200030061,2012-03-18,2012,mars,dimanche,09:40,50,50173,49.6575,-1.66874,2,6,3,1,1,3,1,01,1,2,0,100,1,0,1,4,2,55,5,1,2,0,2,3,1,201200030061B01,7,16,1,
201200030064,2012-03-27,2012,mars,mardi,11:45,50,50602,49.6362,-1.58977,2,3,7,1,1,4,2,02,1,1,0,0,1,0,1,3,2,62,5,3,2,12,0,2,14,201200030064A01,,,,
201200030066,2012-04-06,2012,avril,vendredi,08:30,50,50602,49.6479,-1.57873,2,1,3,1,1,4,2,02,1,1,0,0,1,0,1,3,2,12,2,1,2,0,2,1,19,201200030066A01,7,1,1,
201200030137,2012-08-10,2012,août,vendredi,18:00,50,50129,49.6391,-1.61937,2,1,3,1,1,4,2,02,1,3,0,60,1,0,1,4,1,34,5,1,2,0,2,0,1,201200030137B01,7,14,1,200067205
201200030143,2012-07-20,2012,juillet,vendredi,10:15,50,50173,49.658,-1.66726,2,1,7,1,1,9,2,02,3,1,0,0,1,0,5,3,1,60,5,2,2,0,0,0,13,201200030143A01,,,,
201200030152,2012-09-13,2012,septembre,jeudi,17:45,50,50129,49.6421,-1.59305,2,1,3,1,1,9,-1,00,1,1,0,30,1,0,5,4,2,5,5,2,2,0,2,6,1,201200030152A01,30,2,1,200067205
201200030160,2012-09-25,2012,septembre,mardi,12:40,50,50129,49.6222,-1.62794,2,1,7,1,1,4,2,02,1,1,0,53,2,0,1,4,1,50,5,2,2,16,0,0,1,201200030160A01,,,,200067205
201200030171,2012-10-16,2012,octobre,mardi,16:50,50,50129,49.639,-1.62156,2,4,2,1,1,4,1,01,1,1,0,0,1,0,1,4,1,68,5,2,2,0,2,3,1,201200030171B01,7,17,1,200067205
201200030174,2012-10-24,2012,octobre,mercredi,16:25,50,50129,49.6359,-1.62569,2,1,6,1,1,4,2,03,1,1,0,90,1,0,1,4,2,40,5,2,2,0,2,4,23,201200030174B01,7,2,1,200067205
201200030202,2012-12-08,2012,décembre,samedi,13:15,50,50129,49.6382,-1.62517,2,1,2,1,1,4,2,02,1,1,0,100,1,0,1,4,1,53,5,2,2,0,2,1,2,201200030202B01,7,4,1,200067205
201200030209,2012-12-19,2012,décembre,mercredi,07:55,50,50129,49.6224,-1.62723,2,3,3,5,2,4,2,02,4,1,0,0,2,5,1,4,1,49,1,1,4,0,2,1,1,201200030209B01,7,15,1,200067205
201200030212,2012-12-20,2012,décembre,jeudi,08:20,50,50602,49.6486,-1.59205,2,1,2,5,2,2,1,01,1,2,0,60,2,0,1,4,2,21,1,2,2,0,2,4,1,201200030212B01,7,9,1,
201200030263,2012-08-09,2012,août,jeudi,19:10,50,50218,48.8344,-1.5567,2,3,3,1,1,4,2,02,1,1,0,60,1,0,1,3,1,7,5,3,9,0,2,8,1,201200030263B01,7,1,1,200042604
201200030268,2012-08-19,2012,août,dimanche,12:35,50,50532,48.8095,-1.53695,1,6,3,1,1,3,2,02,1,-1,0,90,2,5,1,4,1,59,5,1,2,0,2,5,1,201200030268B01,7,9,1,200042604
201200030270,2012-08-25,2012,août,samedi,16:20,50,50218,48.8376,-1.55647,2,1,3,1,1,3,2,02,1,1,0,0,1,0,5,4,1,25,5,3,9,0,2,1,1,201200030270B01,7,15,1,200042604
201200030302,2012-07-13,2012,juillet,vendredi,18:30,50,50502,49.1118,-1.06988,2,6,3,1,2,4,2,02,1,1,0,0,2,5,1,4,2,30,0,2,2,0,0,7,2,201200030302B01,7,2,1,200066389
201200030309,2012-10-22,2012,octobre,lundi,15:50,50,50502,49.1189,-1.08034,1,1,6,1,1,4,2,02,2,2,0,54,1,0,1,3,1,65,5,3,9,0,2,1,1,201200030309B01,7,1,1,200066389
201200030318,2012-01-10,2012,janvier,mardi,11:20,51,51506,0,0,2,6,3,1,1,4,1,02,1,2,190,80,2,5,1,4,2,35,4,2,4,0,2,1,1,201200030318B01,7,9,1,200066876
201200030325,2012-07-03,2012,juillet,mardi,17:15,51,51525,0,0,2,1,3,1,1,3,2,02,1,1,0,62,1,0,1,4,1,7,5,3,4,0,2,7,19,201200030325A01,10,1,1,200066876
201200030328,2012-09-11,2012,septembre,mardi,14:05,51,51108,0,0,2,2,3,1,2,4,2,02,1,1,0,45,2,0,1,3,2,40,0,3,9,0,2,7,15,201200030328B01,7,1,1,200066876
201200030332,2012-11-29,2012,novembre,jeudi,19:44,51,51108,0,0,2,3,3,5,1,4,1,01,1,1,0,60,1,0,0,3,1,24,4,1,4,0,0,7,1,201200030332B01,7,19,1,200066876
201200030340,2012-05-23,2012,mai,mercredi,18:30,51,51431,0,0,2,1,2,1,1,4,2,02,1,1,0,70,1,0,1,3,1,51,5,2,2,0,2,1,1,201200030340B01,7,4,1,200067684
201200030341,2012-06-09,2012,juin,samedi,15:50,51,51344,0,0,1,1,2,1,1,3,2,02,1,1,0,70,1,0,1,4,2,23,0,3,9,0,0,6,0,201200030341B01,2,17,1,200067684
201200030348,2012-01-13,2012,janvier,vendredi,08:20,51,51454,0,0,2,1,6,1,1,4,-1,01,1,1,0,0,1,0,4,4,1,56,1,3,9,14,0,1,21,201200030348A01,,,,200067213
201200030375,2012-03-30,2012,mars,vendredi,16:40,51,51454,0,0,2,1,6,1,1,4,1,01,1,1,0,71,1,0,1,1,1,46,5,3,4,0,1,1,5,201200030375A01,,,,200067213
201200030417,2012-09-29,2012,septembre,samedi,14:30,51,51454,0,0,2,2,3,1,1,4,2,02,1,1,0,72,1,0,1,3,1,66,4,3,9,0,2,3,1,201200030417A01,37,1,1,200067213
201200030445,2012-06-24,2012,juin,dimanche,17:50,52,52121,48.11015,5.14242,2,2,6,1,1,4,1,03,2,1,0,80,1,0,0,3,1,14,5,2,9,0,2,1,19,201200030445A01,7,1,1,200068658
201200030467,2012-08-28,2012,août,mardi,16:30,52,52448,48.64285,4.954,2,9,7,1,1,4,-1,00,1,1,0,0,1,0,1,3,2,87,5,3,9,0,2,0,0,201200030467A01,30,5,1,200068666