Num_Acc,date,an,mois,jour,hrmn,dep,com,lat,long,agg,int,col,lum,atm,catr,circ,nbv,prof,plan,lartpc,larrout,surf,infra,situ,grav,sexe,age,trajet,secuexist,equipement,obs,obsm,choc,manv,vehiculeid,typevehicules,manoeuvehicules,numVehicules,_infos_commune.code_epci
201200031623,2012-09-12,2012,septembre,mercredi,07:25,58,58194,0,0,2,1,7,1,1,4,-1,02,-1,-1,0,0,2,0,1,4,1,15,5,3,9,0,0,0,9,201200031623A01,,,,245804406
201200031630,2012-01-20,2012,janvier,vendredi,16:05,58,58194,0,0,2,2,3,1,2,4,2,02,1,1,0,80,2,0,1,3,1,24,5,3,9,0,0,0,1,201200031630B01,7,1,1,245804406
201200031631,2012-01-20,2012,janvier,vendredi,07:50,58,58194,0,0,2,2,3,5,2,4,2,02,1,1,0,80,2,5,0,3,1,53,1,3,9,0,2,0,1,201200031631B01,7,15,1,245804406
201200031663,2012-07-24,2012,juillet,mardi,19:30,58,58194,0,0,2,1,6,1,1,4,2,02,1,1,0,0,1,0,1,4,1,47,5,3,9,0,0,1,0,201200031663A01,,,,245804406
201200031669,2012-06-03,2012,juin,dimanche,01:50,58,58194,0,0,2,1,6,5,1,4,-1,01,1,-1,0,0,-1,0,0,3,1,25,0,3,9,0,0,0,0,201200031669A01,,,,245804406
201200031672,2012-08-10,2012,août,vendredi,15:55,58,58194,0,0,2,1,3,1,1,4,-1,02,-1,2,80,45,1,0,1,4,2,32,5,3,9,0,2,1,0,201200031672B01,7,9,1,245804406
201200031674,2012-09-24,2012,septembre,lundi,09:40,58,58194,0,0,2,6,3,1,1,4,1,01,1,2,0,0,1,5,1,3,1,73,0,3,9,0,2,0,15,201200031674B01,7,1,1,245804406
201200031696,2012-02-09,2012,février,jeudi,06:47,59,59017,0,0,2,1,2,5,9,2,-1,01,1,1,0,80,7,0,0,3,1,54,1,3,9,0,2,4,2,201200031696B01,10,2,1,200093201
201200031698,2012-02-20,2012,février,lundi,08:35,59,59431,0,0,2,1,6,1,7,3,2,02,1,1,0,60,1,0,5,3,2,60,1,3,9,0,2,8,1,201200031698B01,7,1,1,200040947
201200031708,2012-04-03,2012,avril,mardi,17:25,59,59017,0,0,2,1,3,1,1,4,2,02,-1,-1,0,0,-1,0,1,4,1,18,0,3,9,0,0,8,19,201200031708A01,7,1,1,200093201
201200031741,2012-10-07,2012,octobre,dimanche,13:15,59,59431,0,0,2,6,6,1,1,3,2,02,1,3,53,53,1,0,1,3,1,42,5,3,9,0,2,8,2,201200031741B01,7,2,1,200040947
201200031745,2012-10-17,2012,octobre,mercredi,07:40,59,59017,0,0,2,6,3,2,1,3,3,01,-1,3,0,35,2,2,1,4,1,16,2,3,9,0,2,8,1,201200031745A01,7,1,1,200093201
201200031753,2012-12-29,2012,décembre,samedi,13:45,59,59317,0,0,1,8,6,1,1,3,2,02,3,1,0,0,1,4,1,1,1,41,4,3,9,14,0,1,1,201200031753B01,39,0,1,200093201
201200031764,2012-04-24,2012,avril,mardi,17:10,59,59043,0,0,2,3,3,1,8,4,4,02,1,-1,0,63,1,0,1,3,1,49,5,3,2,0,2,2,9,201200031764B01,7,9,1,200040947
201200031774,2012-10-08,2012,octobre,lundi,13:50,59,59043,0,0,2,1,3,1,8,5,2,02,2,1,0,86,1,0,5,4,1,59,5,3,9,0,2,8,18,201200031774B01,7,14,1,200040947
201200031784,2012-08-09,2012,août,jeudi,14:30,59,59476,0,0,2,1,3,1,1,4,2,02,2,1,0,60,1,0,1,3,1,8,5,3,9,0,0,0,0,201200031784B01,7,1,1,200068500
201200031796,2012-07-03,2012,juillet,mardi,14:10,59,59616,50.45996,3.56714,2,9,5,1,1,3,2,01,1,-1,110,86,1,5,1,3,1,19,5,2,2,0,0,1,1,201200031796B01,7,5 / 21,2,245901160
201200031796,2012-07-03,2012,juillet,mardi,14:10,59,59616,50.45996,3.56714,2,9,5,1,1,3,2,01,1,-1,110,86,1,5,1,2,2,14,5,2,9,0,0,1,1,201200031796B01,7,5 / 21,2,245901160
201200031813,2012-07-03,2012,juillet,mardi,17:15,59,59179,0,0,1,3,1,1,1,3,2,02,1,1,0,69,1,0,1,3,1,14,5,3,9,0,2,1,15,201200031813A01,7,1,1,200042190
201200031814,2012-05-18,2012,mai,vendredi,17:30,59,59172,0,0,1,1,6,1,1,3,2,02,1,4,0,0,1,0,1,1,1,26,0,3,9,0,0,0,1,201200031814C01,7 / 30,17 / 1,2,200042190
201200031828,2012-01-27,2012,janvier,vendredi,13:35,59,59024,50.32019,3.22925,1,9,3,1,1,3,2,02,1,1,0,49,1,0,1,2,1,67,3,2,2,0,2,7,19,201200031828A01,7,2,1,245901152
201200031834,2012-04-12,2012,avril,jeudi,19:35,59,59008,0,0,2,1,3,1,2,3,2,02,1,1,0,77,2,0,1,4,1,18,5,3,2,0,2,6,2,201200031834B01,7,2,1,245901152
201200031836,2012-04-05,2012,avril,jeudi,17:10,59,59024,0,0,2,1,2,1,1,3,2,02,1,1,0,88,1,0,1,4,1,17,5,1,2,0,2,1,2,201200031836A01,7,23,1,245901152
201200031848,2012-05-15,2012,mai,mardi,14:50,59,59574,0,0,2,3,3,1,1,4,2,02,-1,3,0,60,-1,0,1,3,2,60,3,3,2,0,2,1,15,201200031848A01,7,1,1,245901152
201200031850,2012-09-07,2012,septembre,vendredi,18:00,59,59008,0,0,2,1,2,1,1,3,2,02,1,1,0,62,1,0,1,3,1,38,5,1,2,0,2,1,1,201200031850A01,7,15,1,245901152
201200031865,2012-02-02,2012,février,jeudi,18:50,59,59276,0,0,2,1,6,3,1,4,1,01,1,1,0,0,1,0,1,3,2,48,1,2,4,0,2,1,5,201200031865A01,7,15,1,200044618
201200031867,2012-11-26,2012,novembre,lundi,17:10,59,59008,0,0,2,1,3,5,1,3,2,03,2,1,0,116,1,0,1,4,2,11,2,3,4,0,2,0,11,201200031867B01,7,2,1,245901152
201200031872,2012-02-29,2012,février,mercredi,18:55,59,59239,0,0,1,1,1,5,1,4,2,02,1,2,0,60,1,0,1,3,1,66,5,2,4,0,2,1,13,201200031872A01,7,1,1,200044618
201200031873,2012-09-14,2012,septembre,vendredi,18:45,59,59574,0,0,2,3,3,1,1,3,2,02,1,1,0,70,1,5,1,3,1,30,5,3,2,0,2,1,15,201200031873A01,7,1,1,245901152
201200031887,2012-04-05,2012,avril,jeudi,16:20,59,59654,0,0,2,1,6,1,1,4,2,02,1,1,0,60,1,0,1,4,1,13,2,3,4,0,2,1,19,201200031887A01,7,1,1,200044618
201200031902,2012-08-19,2012,août,dimanche,00:25,59,59178,0,0,2,3,3,5,1,4,2,02,1,1,0,56,1,2,1,3,1,25,5,2,4,0,2,1,1,201200031902A01,7,15,1,200044618
201200031903,2012-08-22,2012,août,mercredi,13:15,59,59654,0,0,2,1,6,1,1,4,2,02,1,1,0,0,1,0,1,3,1,10,5,2,9,0,2,0,19,201200031903B01,7,1,1,200044618
201200031925,2012-01-11,2012,janvier,mercredi,11:01,59,59271,0,0,2,9,3,1,1,4,2,02,1,1,0,69,1,0,1,3,1,75,5,1,4,0,2,1,1,201200031925B01,14,16,1,245900428
201200031929,2012-01-18,2012,janvier,mercredi,22:10,59,59155,0,0,2,9,3,5,1,3,2,02,1,1,0,71,1,0,5,4,1,67,5,1,4,0,2,1,1,201200031929B01,7,15,1,245900428
201200031938,2012-03-20,2012,mars,mardi,13:15,59,59183,0,0,2,9,3,1,1,4,2,02,1,3,0,0,1,5,1,4,1,37,1,2,2,0,2,7,1,201200031938A01,7,1,1,245900428
201200031953,2012-05-02,2012,mai,mercredi,15:00,59,59271,0,0,2,1,3,1,1,4,2,02,1,1,0,0,1,0,1,4,1,13,5,3,9,0,2,1,19,201200031953B01,7,1,1,245900428
201200031958,2012-06-04,2012,juin,lundi,07:00,59,59183,0,0,2,1,3,1,1,4,2,02,1,1,0,64,1,0,1,3,1,37,1,2,9,0,2,1,1,201200031958B01,7,15,1,245900428
201200031962,2012-06-19,2012,juin,mardi,12:30,59,59183,0,0,2,1,6,1,1,4,1,02,1,1,0,0,1,0,1,3,2,47,9,2,9,0,0,0,0,201200031962B01,10,0,1,245900428
201200031978,2012-08-01,2012,août,mercredi,09:40,59,59588,0,0,2,1,3,1,1,4,2,02,1,1,0,100,1,0,1,3,1,29,5,3,9,0,2,1,1,201200031978B01,7,4,1,245900428
201200031982,2012-09-04,2012,septembre,mardi,09:00,59,59540,51.02717,2.33162,2,1,6,1,1,3,2,02,1,1,0,68,1,0,1,2,1,70,5,3,2,0,2,1,1,201200031982C01,7,20,1,
201200031982,2012-09-04,2012,septembre,mardi,09:00,59,59540,51.02717,2.33162,2,1,6,1,1,3,2,02,1,1,0,68,1,0,1,4,1,33,5,1,2,0,2,2,1,201200031982B01,7,20,1,
201200031986,2012-09-14,2012,septembre,vendredi,15:15,59,59183,0,0,2,9,2,1,1,4,2,02,1,-1,25,90,1,0,1,2,1,15,5,2,2,0,0,1,1,201200031986A01,7,23,1,245900428
201200031990,2012-10-01,2012,octobre,lundi,06:45,59,59183,0,0,1,1,6,3,1,4,-1,02,1,1,0,160,1,0,0,3,1,46,1,1,4,0,0,0,0,201200031990B01,38,1,1,245900428
201200031995,2012-10-03,2012,octobre,mercredi,17:30,59,59183,0,0,2,1,6,1,1,4,2,02,1,1,0,100,1,0,4,1,1,18,5,3,9,0,1,1,1,201200031995A01,,,,245900428
201200031998,2012-10-22,2012,octobre,lundi,20:10,59,59540,0,0,2,2,3,5,1,4,-1,02,1,1,0,60,1,0,1,4,1,19,9,2,2,0,2,8,1,201200031998B01,7,15,1,
201200032006,2012-11-21,2012,novembre,mercredi,12:00,59,59183,0,0,2,2,3,1,2,4,2,02,1,1,13,83,2,5,1,4,1,21,1,3,4,0,2,1,1,201200032006B01,7,16,1,245900428
201200032023,2012-10-03,2012,octobre,mercredi,10:10,59,59295,0,0,2,6,3,1,2,4,-1,02,1,-1,0,0,2,0,1,4,2,66,5,2,9,0,2,7,1,201200032023B01,7,1,1,200040947
201200032041,2012-01-06,2012,janvier,vendredi,09:00,59,59350,0,0,2,1,3,1,1,4,1,02,1,1,0,0,1,0,5,4,2,20,2,3,9,0,2,1,1,201200032041B01,7,12,1,200093201
201200032052,2012-01-17,2012,janvier,mardi,13:20,59,59368,0,0,2,1,6,1,1,4,1,01,-1,1,0,0,1,0,1,4,1,33,1,2,4,1,0,1,1,201200032052B01,7,0,1,200093201
201200032064,2012-01-23,2012,janvier,lundi,11:50,59,59378,0,0,2,2,3,1,1,4,2,02,1,1,0,0,1,0,1,4,2,11,0,3,9,0,2,1,1,201200032064B01,7,1,1,200093201
201200032093,2012-02-10,2012,février,vendredi,17:25,59,59350,0,0,2,1,3,2,1,4,2,02,1,1,0,0,1,0,1,3,2,21,9,2,4,0,0,0,1,201200032093B01,7,16,1,200093201
201200032105,2012-02-20,2012,février,lundi,07:50,59,59350,0,0,2,2,3,2,1,4,2,02,1,1,0,0,1,0,1,4,1,13,2,3,9,0,2,1,1,201200032105B01,7,15,1,200093201
201200032128,2012-03-14,2012,mars,mercredi,15:05,59,59328,0,0,2,2,6,1,1,4,2,02,1,1,0,0,1,0,1,4,1,43,0,3,4,0,2,1,2,201200032128B01,7,16,1,200093201
201200032132,2012-03-15,2012,mars,jeudi,08:20,59,59527,0,0,2,1,3,1,1,4,2,02,1,1,0,0,1,0,1,4,1,13,2,3,4,0,2,8,1,201200032132B01,7,15,1,200093201
201200032153,2012-03-29,2012,mars,jeudi,17:40,59,59328,0,0,2,2,6,1,1,4,2,02,1,1,0,0,1,0,1,4,1,18,0,3,9,0,2,1,1,201200032153A01,7,1,1,200093201
201200032171,2012-04-06,2012,avril,vendredi,17:50,59,59560,0,0,2,1,3,1,1,4,3,04,1,1,0,0,1,0,1,4,1,12,2,3,9,0,0,0,19,201200032171A01,7,1,1,200093201
201200032172,2012-04-06,2012,avril,vendredi,16:50,59,59560,0,0,2,1,3,1,1,4,2,02,1,1,0,0,1,0,5,4,1,42,0,3,9,0,2,1,1,201200032172B01,7,16,1,200093201
201200032173,2012-04-06,2012,avril,vendredi,10:20,59,59350,0,0,2,2,3,1,1,4,1,02,1,1,0,0,2,0,1,4,2,50,2,3,4,0,2,7,1,201200032173A01,7,1,1,200093201
201200032175,2012-04-10,2012,avril,mardi,19:20,59,59350,0,0,2,1,6,2,1,4,1,01,1,1,0,0,1,1,1,4,2,47,0,3,4,0,2,1,0,201200032175B01,7,15,1,200093201
201200032179,2012-04-04,2012,avril,mercredi,23:25,59,59350,0,0,2,1,6,5,1,4,1,02,1,1,0,0,1,0,4,4,1,29,5,3,9,0,0,0,0,201200032179B01,7,0,1,200093201
201200032179,2012-04-04,2012,avril,mercredi,23:25,59,59350,0,0,2,1,6,5,1,4,1,02,1,1,0,0,1,0,4,4,1,27,5,3,9,0,0,0,0,201200032179C01,7,0,1,200093201
201200032183,2012-04-11,2012,avril,mercredi,17:40,59,59350,0,0,2,1,6,1,1,4,1,01,1,2,0,0,1,0,1,4,1,51,0,3,4,0,2,8,1,201200032183B01,,,,200093201
201200032185,2012-04-14,2012,avril,samedi,12:50,59,59350,0,0,2,3,6,1,1,4,1,01,1,1,0,0,1,0,1,4,1,46,5,3,9,0,2,1,1,201200032185A01,7,1,1,200093201
201200032189,2012-04-11,2012,avril,mercredi,07:50,59,59360,0,0,2,1,2,1,1,4,2,02,1,1,0,0,1,0,1,4,2,50,0,3,9,0,2,8,1,201200032189B01,7,1,1,200093201
201200032193,2012-04-20,2012,avril,vendredi,15:30,59,59350,0,0,2,2,3,1,1,4,1,01,1,1,0,0,1,0,1,3,1,35,1,3,9,0,2,1,1,201200032193A01,7,1,1,200093201
201200032211,2012-05-04,2012,mai,vendredi,11:50,59,59410,0,0,2,3,3,1,1,4,2,02,1,1,0,0,1,0,1,3,1,49,0,3,4,0,2,8,1,201200032211A01,7,1,1,200093201
201200032220,2012-04-27,2012,avril,vendredi,14:15,59,59350,0,0,2,1,3,1,1,4,2,02,1,1,0,0,1,0,1,4,1,41,5,3,4,0,2,1,1,201200032220A01,7,1,1,200093201
201200032223,2012-05-15,2012,mai,mardi,07:55,59,59328,0,0,2,2,3,1,7,4,2,02,1,1,0,0,1,0,1,4,1,16,2,3,9,0,2,8,1,201200032223B01,7,1,1,200093201
201200032231,2012-05-15,2012,mai,mardi,17:05,59,59350,0,0,2,2,3,1,8,4,3,02,1,1,0,0,1,0,1,4,1,10,5,2,4,0,2,8,1,201200032231A01,7,1,1,200093201
201200032234,2012-05-18,2012,mai,vendredi,09:00,59,59350,0,0,2,1,6,1,1,4,3,02,1,1,0,0,1,0,1,4,1,71,0,3,9,0,2,0,1,201200032234B01,7,1,1,200093201
201200032237,2012-05-21,2012,mai,lundi,13:00,59,59350,0,0,2,2,3,1,2,4,2,02,1,1,0,0,2,0,1,4,2,25,2,1,4,0,2,1,1,201200032237A01,38,14,1,200093201
201200032240,2012-05-22,2012,mai,mardi,09:45,59,59350,0,0,2,1,3,1,1,4,1,02,1,1,0,0,1,0,1,4,2,63,5,2,9,0,2,0,19,201200032240B01,7,16,1,200093201
201200032247,2012-05-27,2012,mai,dimanche,19:55,59,59350,0,0,2,1,6,1,1,4,1,04,1,1,0,0,1,0,1,4,1,31,5,2,2,0,2,0,1,201200032247B01,7,20,1,200093201
201200032249,2012-05-28,2012,mai,lundi,19:40,59,59350,0,0,2,1,3,1,1,4,1,01,1,1,0,0,1,0,1,4,1,18,5,3,9,0,2,1,9,201200032249A01,7,1,1,200093201
201200032253,2012-05-23,2012,mai,mercredi,07:45,59,59378,0,0,2,2,6,1,1,4,3,04,1,1,0,0,1,0,1,4,1,15,0,3,4,0,2,1,2,201200032253B01,7,15,1,200093201
201200032275,2012-06-11,2012,juin,lundi,15:15,59,59560,0,0,2,1,6,1,1,3,2,02,1,3,0,0,1,2,1,4,2,63,0,2,4,0,2,4,1,201200032275B01,7,1,1,200093201
201200032277,2012-06-11,2012,juin,lundi,13:50,59,59128,0,0,2,1,6,1,1,4,2,02,1,-1,0,0,1,3,1,4,2,51,0,3,4,0,2,0,0,201200032277A01,1,0,1,200093201
201200032277,2012-06-11,2012,juin,lundi,13:50,59,59128,0,0,2,1,6,1,1,4,2,02,1,-1,0,0,1,3,1,1,1,35,0,3,9,0,2,1,0,201200032277B01,1,0,1,200093201
201200032282,2012-06-14,2012,juin,jeudi,19:30,59,59350,0,0,2,3,3,1,1,3,2,02,2,1,0,0,1,0,1,4,1,23,4,3,9,0,2,1,1,201200032282A01,7,16,1,200093201
201200032289,2012-06-18,2012,juin,lundi,18:15,59,59009,0,0,2,1,5,1,1,4,2,02,1,4,0,0,1,0,1,4,2,40,1,1,2,0,2,1,1,201200032289C01,7,1 / 17,2,200093201
201200032291,2012-06-19,2012,juin,mardi,08:30,59,59527,0,0,2,3,3,1,1,3,2,02,1,1,0,0,1,0,1,4,1,30,1,3,9,0,2,2,1,201200032291B01,7,15,1,200093201
201200032294,2012-06-20,2012,juin,mercredi,20:20,59,59350,0,0,2,2,3,1,1,4,2,02,1,1,0,0,1,0,1,4,2,24,1,3,9,0,2,1,15,201200032294A01,7,1,1,200093201
201200032303,2012-06-27,2012,juin,mercredi,18:05,59,59378,0,0,2,1,6,1,1,4,3,02,1,1,0,0,1,0,1,3,2,58,0,3,4,0,2,8,1,201200032303B01,30,1,1,200093201
201200032306,2012-06-28,2012,juin,jeudi,16:33,59,59009,0,0,2,1,3,1,1,4,2,02,1,1,0,0,1,0,5,4,1,45,1,3,9,0,2,1,1,201200032306B01,7,15,1,200093201
201200032307,2012-06-28,2012,juin,jeudi,17:13,59,59009,0,0,2,2,2,1,1,3,3,04,-1,1,0,0,1,0,1,4,1,43,4,1,4,0,2,0,0,201200032307B01,7,1,1,200093201
201200032311,2012-07-02,2012,juillet,lundi,13:30,59,59410,0,0,2,1,6,1,1,4,2,02,1,1,0,0,1,0,1,4,1,12,0,3,4,0,2,1,13,201200032311A01,7,1,1,200093201
201200032319,2012-07-07,2012,juillet,samedi,00:25,59,59368,0,0,2,2,6,5,1,4,2,07,1,2,0,0,1,0,1,4,2,26,5,3,9,0,2,1,1,201200032319B01,7,1,1,200093201
201200032339,2012-07-25,2012,juillet,mercredi,10:15,59,59360,0,0,2,1,2,1,1,4,2,02,1,1,0,0,1,0,1,4,2,39,5,3,4,0,2,1,1,201200032339B01,7,4,1,200093201
201200032348,2012-08-01,2012,août,mercredi,15:00,59,59350,0,0,2,1,6,1,1,4,1,01,1,1,0,0,1,0,5,4,1,28,1,2,9,0,2,1,1,201200032348A01,,,,200093201
201200032355,2012-08-10,2012,août,vendredi,19:05,59,59009,0,0,2,2,3,1,1,4,2,02,1,1,0,0,1,0,1,4,1,33,1,1,2,0,2,1,1,201200032355B01,7,15,1,200093201
201200032359,2012-08-16,2012,août,jeudi,19:10,59,59360,0,0,2,1,3,1,1,4,2,02,1,1,0,61,1,0,1,4,1,47,5,3,9,0,2,5,1,201200032359B01,7,9,1,200093201
201200032360,2012-08-17,2012,août,vendredi,18:50,59,59368,0,0,2,2,3,1,1,3,1,02,1,2,0,0,1,0,0,3,1,32,0,3,9,0,2,1,1,201200032360B01,7,1,1,200093201
201200032361,2012-08-19,2012,août,dimanche,02:05,59,59350,0,0,2,2,3,5,1,4,2,02,1,1,0,0,1,0,1,3,1,38,5,2,9,0,2,1,1,201200032361A01,7,1,1,200093201
201200032364,2012-08-21,2012,août,mardi,18:20,59,59350,0,0,2,1,1,1,1,4,2,02,1,1,0,0,1,0,0,4,1,12,5,3,9,0,2,3,19,201200032364B01,7,1,1,200093201
201200032381,2012-08-30,2012,août,jeudi,11:40,59,59410,0,0,2,1,3,1,1,4,2,02,1,1,0,0,1,0,1,4,2,9,0,3,9,0,2,1,1,201200032381B01,7,1,1,200093201
201200032389,2012-08-27,2012,août,lundi,14:30,59,59350,0,0,2,1,6,1,1,4,1,01,1,1,0,0,1,0,1,4,2,13,0,3,9,0,2,1,1,201200032389B01,7,1,1,200093201
201200032392,2012-09-06,2012,septembre,jeudi,10:45,59,59350,0,0,2,1,3,1,1,4,2,02,1,1,0,0,1,0,1,4,1,20,0,3,9,0,2,8,0,201200032392B01,7,1,1,200093201
201200032401,2012-09-02,2012,septembre,dimanche,16:30,59,59350,0,0,2,1,2,1,1,4,3,04,1,1,0,0,1,0,1,4,2,31,5,3,9,0,2,4,11,201200032401B01,7,1,1,200093201
201200032404,2012-09-07,2012,septembre,vendredi,16:45,59,59527,0,0,2,1,6,1,1,4,2,02,1,2,0,0,1,0,1,4,2,39,1,3,9,0,2,8,2,201200032404B01,7,2,1,200093201
201200032409,2012-09-12,2012,septembre,mercredi,14:05,59,59350,0,0,2,1,3,1,1,4,2,02,1,1,0,0,1,0,1,4,1,12,5,3,9,0,2,1,1,201200032409A01,7,1,1,200093201
201200032413,2012-09-15,2012,septembre,samedi,22:50,59,59360,0,0,2,2,6,5,1,4,2,03,1,1,0,0,1,0,1,3,1,18,0,2,2,0,2,1,1,201200032413A01,10,1,1,200093201
201200032431,2012-09-25,2012,septembre,mardi,07:55,59,59328,0,0,2,1,3,1,1,4,2,02,1,1,0,0,1,0,0,4,2,15,0,3,9,0,2,0,1,201200032431B01,7,10,1,200093201
201200032436,2012-09-26,2012,septembre,mercredi,11:45,59,59507,0,0,2,3,6,1,1,3,2,02,1,1,0,0,1,0,1,4,1,80,0,1,4,0,2,0,1,201200032436B01,7,15,1,200093201
201200032440,2012-09-25,2012,septembre,mardi,21:55,59,59350,0,0,2,2,3,1,2,4,2,02,1,1,0,0,2,0,1,4,1,35,0,3,9,0,2,7,2,201200032440B01,7,15,1,200093201
201200032443,2012-09-29,2012,septembre,samedi,11:21,59,59009,0,0,2,6,3,1,1,4,1,02,1,3,0,0,1,0,1,4,1,43,5,3,9,0,2,1,1,201200032443B01,7,9,1,200093201
201200032453,2012-09-28,2012,septembre,vendredi,08:25,59,59378,0,0,2,2,6,1,1,3,2,02,1,1,0,0,1,0,1,4,2,26,0,3,9,0,2,1,1,201200032453A01,7,1,1,200093201
201200032458,2012-10-05,2012,octobre,vendredi,22:20,59,59648,0,0,2,2,3,5,1,4,2,02,1,1,0,0,1,0,1,3,1,24,5,3,4,0,2,1,1,201200032458B01,7,15,1,200093201
201200032462,2012-10-08,2012,octobre,lundi,09:40,59,59368,0,0,2,1,3,1,1,4,2,02,1,1,0,0,1,0,1,4,2,24,1,3,9,1,0,1,1,201200032462B01,7,24,1,200093201
201200032463,2012-10-08,2012,octobre,lundi,13:20,59,59386,0,0,2,4,6,1,1,4,2,02,1,1,0,0,1,0,1,4,2,25,1,1,2,0,2,1,13,201200032463A01,14,1,1,200093201
201200032470,2012-10-10,2012,octobre,mercredi,12:00,59,59328,0,0,2,2,6,1,1,4,2,02,1,1,0,0,1,0,1,4,1,11,0,3,4,0,2,1,1,201200032470B01,7,16,1,200093201
201200032483,2012-10-17,2012,octobre,mercredi,10:45,59,59286,0,0,2,3,6,1,1,4,1,01,1,1,0,0,1,0,1,4,1,76,0,3,4,0,2,0,2,201200032483B01,7,16,1,200093201
201200032487,2012-10-18,2012,octobre,jeudi,13:55,59,59350,0,0,2,2,3,1,2,4,2,02,1,1,0,0,2,0,1,4,1,54,1,3,9,0,2,8,1,201200032487B01,7,15,1,200093201
201200032492,2012-10-19,2012,octobre,vendredi,21:15,59,59648,0,0,2,1,6,5,2,4,2,02,1,1,0,0,2,0,1,4,1,66,0,3,9,0,2,4,1,201200032492A01,7,0,1,200093201
201200032498,2012-10-22,2012,octobre,lundi,17:00,59,59328,0,0,2,1,1,1,1,4,2,02,1,1,0,0,1,0,1,4,1,46,1,3,9,0,2,1,1,201200032498B01,7,1,1,200093201
201200032499,2012-10-23,2012,octobre,mardi,12:20,59,59350,0,0,2,1,5,1,1,4,2,02,1,1,0,0,1,0,1,3,2,57,0,1,9,0,2,1,1,201200032499C01,7,19 / 1,2,200093201
201200032501,2012-10-24,2012,octobre,mercredi,18:15,59,59350,0,0,2,1,3,1,1,4,2,02,1,1,0,0,1,0,1,4,1,15,5,3,9,0,2,1,1,201200032501B01,7,1,1,200093201
201200032501,2012-10-24,2012,octobre,mercredi,18:15,59,59350,0,0,2,1,3,1,1,4,2,02,1,1,0,0,1,0,1,4,2,17,5,3,9,0,2,1,1,201200032501B01,7,1,1,200093201
201200032516,2012-10-30,2012,octobre,mardi,20:45,59,59350,0,0,2,1,6,2,1,4,2,00,1,1,0,0,1,1,1,3,1,33,0,1,4,0,2,1,2,201200032516B01,7,9,1,200093201
201200032530,2012-11-07,2012,novembre,mercredi,07:55,59,59350,0,0,2,3,6,1,1,4,1,01,1,1,0,0,1,0,1,4,2,21,1,3,4,0,2,1,1,201200032530A01,7,0,1,200093201
201200032540,2012-11-14,2012,novembre,mercredi,08:20,59,59009,0,0,2,2,3,1,5,4,2,05,1,1,0,0,2,5,1,4,2,32,1,3,9,0,2,8,18,201200032540B01,15,1,1,200093201
201200032551,2012-11-19,2012,novembre,lundi,19:15,59,59350,0,0,2,3,6,2,1,4,2,02,1,1,0,0,1,0,0,4,2,47,1,3,9,0,2,3,1,201200032551B01,7,15,1,200093201
201200032557,2012-11-22,2012,novembre,jeudi,13:15,59,59350,0,0,2,1,6,1,1,4,1,02,1,2,0,0,1,0,1,4,2,41,0,3,9,0,2,0,1,201200032557B01,7,1,1,200093201
201200032560,2012-11-23,2012,novembre,vendredi,07:45,59,59350,0,0,2,1,3,2,3,4,2,01,1,1,0,0,2,0,1,4,1,15,0,3,9,0,2,1,1,201200032560B01,10,15,1,200093201
201200032562,2012-11-24,2012,novembre,samedi,18:15,59,59378,0,0,2,1,3,5,1,4,2,02,1,1,0,0,1,0,1,3,2,12,5,3,9,0,2,8,19,201200032562B01,7,1,1,200093201
201200032609,2012-12-19,2012,décembre,mercredi,18:15,59,59009,0,0,2,3,6,5,2,3,1,01,1,3,0,0,2,0,1,4,1,21,0,2,4,0,2,0,2,201200032609B01,7,2,1,200093201
201200032618,2012-12-22,2012,décembre,samedi,13:10,59,59368,0,0,2,1,6,1,2,4,2,02,1,1,0,0,2,0,1,4,1,41,5,1,9,0,1,1,1,201200032618A01,,,,200093201
201200032624,2012-12-21,2012,décembre,vendredi,22:20,59,59350,0,0,2,2,6,5,1,4,2,02,1,1,0,0,1,0,1,4,1,29,0,3,4,0,2,6,19,201200032624B01,30,17,1,200093201
201200032626,2012-12-24,2012,décembre,lundi,15:00,59,59328,0,0,2,1,3,1,1,3,2,02,1,1,0,0,1,0,1,4,2,27,1,3,9,0,2,1,1,201200032626B01,3,15,1,200093201
201200032633,2012-12-29,2012,décembre,samedi,10:20,59,59560,0,0,2,2,6,1,1,4,2,02,1,1,0,0,1,0,1,4,2,49,0,3,4,0,2,6,1,201200032633B01,7,0,1,200093201
201200032645,2012-01-01,2012,janvier,dimanche,10:29,59,59650,0,0,2,3,3,1,2,4,1,01,1,1,0,0,2,0,1,3,2,51,5,3,9,0,2,8,15,201200032645Y01,99,1,1,200093201
201200032668,2012-01-23,2012,janvier,lundi,20:15,59,59512,0,0,2,3,1,5,2,4,2,02,1,1,0,0,2,0,1,3,1,74,5,2,4,0,2,1,5,201200032668B01,7,15,1,200093201
201200032708,2012-03-24,2012,mars,samedi,17:05,59,59367,0,0,2,1,3,1,1,4,2,02,1,1,0,40,1,0,1,3,2,11,0,3,9,0,2,1,1,201200032708A01,7,1,1,200093201
201200032715,2012-04-02,2012,avril,lundi,17:05,59,59512,0,0,2,2,3,1,1,4,2,02,1,1,0,0,1,0,1,4,1,12,0,3,9,0,2,8,1,201200032715B01,7,1,1,200093201
201200032718,2012-04-07,2012,avril,samedi,11:55,59,59299,0,0,2,1,6,1,1,4,2,02,1,3,0,0,1,6,1,1,1,20,5,3,9,0,1,1,16,201200032718A01,,,,200093201
201200032732,2012-04-27,2012,avril,vendredi,15:10,59,59163,0,0,2,1,1,1,1,4,2,03,1,1,0,0,1,5,1,4,1,24,5,3,9,14,0,1,2,201200032732A01,7,2,1,200093201
201200032754,2012-05-22,2012,mai,mardi,21:15,59,59650,0,0,2,4,1,1,1,4,1,01,1,2,0,0,1,0,1,3,1,11,5,3,9,0,2,1,5,201200032754Y01,7,1,1,200093201