Num_Acc,date,an,mois,jour,hrmn,dep,com,lat,long,agg,int,col,lum,atm,catr,circ,nbv,prof,plan,lartpc,larrout,surf,infra,situ,grav,sexe,age,trajet,secuexist,equipement,obs,obsm,choc,manv,vehiculeid,typevehicules,manoeuvehicules,numVehicules,_infos_commune.code_epci
201200032759,2012-05-26,2012,mai,samedi,16:40,59,59512,0,0,2,1,3,1,1,4,3,04,1,1,0,0,1,0,1,4,2,40,5,2,9,0,0,8,11,201200032759B01,7,17,1,200093201
201200032760,2012-05-25,2012,mai,vendredi,20:05,59,59512,0,0,2,1,3,1,1,4,-1,01,1,1,0,0,1,0,4,4,2,15,5,3,9,0,2,7,5,201200032760B01,30,5,1,200093201
201200032787,2012-06-18,2012,juin,lundi,11:00,59,59512,0,0,2,6,3,1,1,4,3,01,1,1,0,0,2,0,1,3,1,77,5,3,9,0,2,1,1,201200032787B01,7,9,1,200093201
201200032794,2012-07-02,2012,juillet,lundi,16:25,59,59512,0,0,2,1,3,1,1,4,2,02,1,1,0,0,1,0,1,3,1,17,5,3,9,0,2,3,2,201200032794B01,7,16,1,200093201
201200032795,2012-07-02,2012,juillet,lundi,19:30,59,59512,0,0,2,3,3,1,1,4,1,01,2,1,0,0,1,0,5,3,1,81,0,3,9,0,2,1,5,201200032795B01,7,15,1,200093201
201200032798,2012-07-08,2012,juillet,dimanche,14:45,59,59339,0,0,2,2,3,1,3,4,2,02,1,1,0,0,2,0,1,4,1,15,5,3,9,0,2,8,1,201200032798A01,7,1,1,200093201
201200032802,2012-07-12,2012,juillet,jeudi,15:55,59,59339,0,0,2,1,3,1,1,9,1,01,1,1,0,0,1,0,1,4,1,16,5,3,9,0,2,1,2,201200032802B01,7,2,1,200093201
201200032805,2012-07-17,2012,juillet,mardi,19:15,59,59650,0,0,2,2,3,1,1,4,3,04,1,1,30,182,1,5,1,3,1,18,1,3,9,0,2,1,19,201200032805A01,7,1,1,200093201
201200032821,2012-08-17,2012,août,vendredi,10:25,59,59163,0,0,2,1,3,1,1,4,2,02,2,2,0,0,1,0,0,3,2,42,0,2,9,0,2,6,16,201200032821B01,10,16,1,200093201
201200032822,2012-08-17,2012,août,vendredi,18:45,59,59512,0,0,2,5,3,1,1,3,2,02,1,1,10,60,1,5,1,3,1,69,5,3,9,0,2,7,17,201200032822A01,37,1,1,200093201
201200032841,2012-09-13,2012,septembre,jeudi,07:35,59,59650,0,0,2,2,3,1,1,3,2,02,1,1,0,0,1,5,5,3,2,30,1,1,9,0,2,1,2,201200032841B01,7,15,1,200093201
201200032842,2012-09-13,2012,septembre,jeudi,09:00,59,59299,0,0,2,1,3,1,8,9,2,02,1,1,0,0,1,0,1,4,1,12,2,3,9,0,0,3,2,201200032842B01,37,17,1,200093201
201200032847,2012-09-18,2012,septembre,mardi,17:25,59,59512,0,0,2,1,1,1,1,4,2,02,1,1,0,0,1,0,1,3,1,13,0,3,9,0,2,8,19,201200032847B01,7,1,1,200093201
201200032857,2012-09-27,2012,septembre,jeudi,14:50,59,59512,0,0,2,2,3,1,1,4,3,04,1,1,120,130,1,0,1,3,2,21,3,3,9,0,2,8,1,201200032857B01,7,15,1,200093201
201200032857,2012-09-27,2012,septembre,jeudi,14:50,59,59512,0,0,2,2,3,1,1,4,3,04,1,1,120,130,1,0,1,4,2,2,3,3,9,0,2,8,1,201200032857B01,7,15,1,200093201
201200032860,2012-10-01,2012,octobre,lundi,12:40,59,59512,0,0,2,2,3,1,1,4,1,01,1,1,0,0,1,0,1,3,1,13,2,3,9,0,2,7,5,201200032860A01,7,1,1,200093201
201200032860,2012-10-01,2012,octobre,lundi,12:40,59,59512,0,0,2,2,3,1,1,4,1,01,1,1,0,0,1,0,1,3,1,12,2,3,9,0,2,7,5,201200032860A01,7,1,1,200093201
201200032950,2012-05-11,2012,mai,vendredi,08:30,59,59526,0,0,1,3,3,1,1,3,2,02,1,1,10,30,1,0,1,3,1,19,2,3,9,0,2,3,0,201200032950B01,10,1,1,200042190
201200032958,2012-01-04,2012,janvier,mercredi,07:45,59,59599,0,0,2,1,3,5,1,4,1,01,1,1,0,80,1,0,0,4,1,19,0,3,9,0,2,4,1,201200032958B01,7,1,1,200093201
201200032962,2012-01-17,2012,janvier,mardi,07:55,59,59279,0,0,2,2,3,2,9,9,2,02,1,-1,0,0,-1,0,1,4,1,59,0,3,9,0,2,7,0,201200032962B01,7,0,1,200093201
201200032966,2012-01-19,2012,janvier,jeudi,06:15,59,59508,0,0,2,3,3,5,2,4,2,01,1,3,30,80,2,0,5,4,2,19,1,1,4,0,2,8,1,201200032966B01,7,13,1,200093201
201200033004,2012-03-29,2012,mars,jeudi,06:30,59,59090,0,0,2,6,3,5,1,2,2,02,1,1,0,70,1,3,1,4,1,37,1,3,9,0,2,0,0,201200033004B01,7,0,1,200093201
201200033038,2012-06-26,2012,juin,mardi,16:40,59,59508,0,0,1,1,3,1,1,4,-1,02,1,1,0,30,1,0,5,4,1,17,2,2,9,0,9,8,1,201200033038A01,1,17,1,200093201
201200033038,2012-06-26,2012,juin,mardi,16:40,59,59508,0,0,1,1,3,1,1,4,-1,02,1,1,0,30,1,0,5,1,1,17,2,2,9,0,9,7,17,201200033038B01,1,1,1,200093201
201200033044,2012-07-07,2012,juillet,samedi,17:15,59,59508,0,0,1,6,3,1,1,3,-1,01,1,4,0,0,1,3,1,3,1,17,0,3,9,0,2,8,2,201200033044B01,7,2,1,200093201
201200033046,2012-07-11,2012,juillet,mercredi,05:50,59,59508,0,0,1,3,1,1,1,4,1,01,1,2,0,0,1,0,1,1,1,22,1,2,9,0,2,1,5,201200033046A01,31,1,1,200093201
201200033067,2012-09-07,2012,septembre,vendredi,15:45,59,59599,0,0,2,1,6,1,1,4,2,01,1,-1,0,0,-1,0,1,4,1,16,0,3,9,0,2,0,15,201200033067B01,7,0,1,200093201
201200033074,2012-09-19,2012,septembre,mercredi,17:40,59,59426,0,0,2,3,3,1,1,4,1,01,2,1,0,60,1,0,1,4,1,14,0,3,9,0,2,1,1,201200033074B01,7,1,1,200093201
201200033099,2012-11-13,2012,novembre,mardi,08:10,59,59599,0,0,2,1,3,1,1,4,2,01,1,1,0,0,2,0,1,3,1,19,2,1,9,0,2,1,1,201200033099B01,7,15,1,200093201
201200033138,2012-01-05,2012,janvier,jeudi,11:25,59,59544,0,0,2,1,6,1,1,4,-1,02,1,1,0,0,1,0,5,3,1,45,0,1,2,1,0,1,1,201200033138B01,10,22,1,245901160
201200033140,2012-01-13,2012,janvier,vendredi,13:50,59,59606,0,0,2,5,7,1,1,3,2,04,2,1,0,0,1,5,1,3,1,50,1,1,2,0,2,0,1,201200033140B01,7,0,1,245901160
201200033176,2012-05-25,2012,mai,vendredi,18:10,59,59112,0,0,2,1,6,1,1,4,2,02,1,1,0,57,1,0,1,3,1,9,5,3,9,0,2,0,19,201200033176B01,7,1,1,245901160
201200033182,2012-06-03,2012,juin,dimanche,17:00,59,59544,0,0,2,1,6,1,1,4,2,02,1,2,0,0,1,0,1,3,1,25,5,3,2,0,2,4,1,201200033182B01,7,0 / 1,2,245901160
201200033202,2012-07-15,2012,juillet,dimanche,18:00,59,59475,0,0,2,1,2,1,1,4,2,02,1,1,0,60,1,0,1,4,1,13,5,3,2,0,2,4,1,201200033202B01,7,1,1,245901160
201200033211,2012-08-21,2012,août,mardi,18:35,59,59459,0,0,2,1,6,1,1,4,2,02,1,1,0,0,1,0,1,3,1,11,0,3,9,0,2,1,19,201200033211B01,7,1,1,245901160
201200033217,2012-09-20,2012,septembre,jeudi,13:20,59,59112,0,0,2,1,6,1,1,4,2,02,1,1,0,0,1,0,1,3,1,12,2,3,9,0,2,6,19,201200033217B01,7,16,1,245901160
201200033217,2012-09-20,2012,septembre,jeudi,13:20,59,59112,0,0,2,1,6,1,1,4,2,02,1,1,0,0,1,0,1,4,1,30,2,3,9,0,2,6,19,201200033217B01,7,16,1,245901160
201200033231,2012-10-26,2012,octobre,vendredi,11:10,59,59613,0,0,2,1,6,1,1,4,2,02,-1,-1,0,40,1,0,1,4,2,50,0,3,9,1,0,1,1,201200033231B01,7,24,1,245901160
201200033244,2012-06-23,2012,juin,samedi,19:00,60,60057,0,0,2,1,3,1,1,4,2,02,1,1,0,60,1,0,1,3,1,7,5,2,4,0,0,7,19,201200033244B01,7,1,1,200067999
201200033259,2012-05-29,2012,mai,mardi,16:55,60,60159,0,0,2,3,3,1,1,4,2,02,1,1,0,0,1,0,1,3,1,61,0,3,9,0,2,1,1,201200033259B01,7,9,1,200067965
201200033263,2012-07-02,2012,juillet,lundi,08:25,60,60382,0,0,2,1,6,1,1,4,2,02,1,1,0,0,1,0,1,4,1,24,1,3,9,0,2,7,19,201200033263B01,7,22 / 1,2,200067965
201200033264,2012-07-29,2012,juillet,dimanche,14:40,60,60159,0,0,2,3,3,1,1,4,2,02,1,1,0,0,1,0,1,4,1,77,9,3,4,0,2,8,19,201200033264B01,7,1,1,200067965
201200033266,2012-08-18,2012,août,samedi,18:00,60,60159,0,0,2,1,6,1,1,4,1,01,1,1,0,43,1,0,1,4,1,30,1,3,9,0,2,2,1,201200033266B01,7,24,1,200067965
201200033267,2012-09-05,2012,septembre,mercredi,07:55,60,60382,0,0,2,1,7,1,1,4,2,02,1,1,0,0,1,0,1,4,1,49,1,3,9,0,2,8,1,201200033267B01,37,17,1,200067965
201200033340,2012-10-18,2012,octobre,jeudi,09:05,61,61006,0,0,2,1,3,1,1,4,-1,00,1,1,0,0,1,0,1,3,2,47,4,1,9,0,2,7,0,201200033340B01,7,9,1,200068450
201200033356,2012-01-27,2012,janvier,vendredi,09:55,62,62041,0,0,2,6,3,1,1,3,2,04,1,1,28,142,1,5,1,4,1,67,5,1,2,0,2,5,1,201200033356B01,7,9,1,200033579
201200033382,2012-07-25,2012,juillet,mercredi,20:00,62,62041,0,0,2,1,3,1,7,4,2,02,1,1,0,0,1,0,1,3,1,10,5,3,9,0,2,8,13,201200033382B01,7,2,1,200033579
201200033400,2012-09-16,2012,septembre,dimanche,16:05,62,62041,50.27457,2.78555,2,1,6,1,1,4,2,02,1,1,0,62,1,0,1,4,2,44,5,2,9,1,0,1,17,201200033400B01,7,22,1,200033579
201200033415,2012-11-15,2012,novembre,jeudi,17:20,62,62041,50.28177,2.78803,2,3,3,5,1,4,2,00,1,-1,0,0,1,0,1,3,1,28,0,3,9,0,2,0,2,201200033415B01,7,15,1,200033579
201200033430,2012-10-11,2012,octobre,jeudi,08:25,62,62041,0,0,2,1,1,1,1,4,1,01,2,1,30,30,1,0,1,4,1,15,2,2,9,0,2,4,5,201200033430B01,99,0,1,200033579
201200033437,2012-12-06,2012,décembre,jeudi,14:55,62,62516,0,0,2,1,6,1,8,4,2,02,1,2,0,0,2,0,1,3,2,45,5,1,4,0,0,0,2,201200033437B01,7,5,1,200072460
201200033439,2012-03-22,2012,mars,jeudi,14:50,62,62048,0,0,2,3,3,1,1,4,2,02,4,1,0,0,1,0,1,4,1,36,5,1,4,0,2,1,1,201200033439A01,7,15,1,200072460
201200033447,2012-10-09,2012,octobre,mardi,16:15,62,62516,50.55931,2.47947,2,1,2,1,1,4,2,02,1,1,0,95,1,0,1,4,1,15,2,3,9,0,2,1,2,201200033447B01,7,0,1,200072460
201200033458,2012-06-11,2012,juin,lundi,16:40,62,62570,0,0,2,1,6,1,1,4,2,02,1,1,30,50,1,0,1,4,1,13,5,2,9,0,2,8,19,201200033458B01,7,1,1,246200364
201200033463,2012-07-09,2012,juillet,lundi,14:35,62,62065,50.41452,2.8429,2,1,2,1,1,4,2,02,-1,2,0,65,1,0,1,4,1,18,1,3,9,0,2,4,2,201200033463A01,7,2,1,246200364
201200033476,2012-01-23,2012,janvier,lundi,09:10,62,62108,50.40757,1.57263,2,1,1,1,1,3,2,02,1,1,0,0,1,0,1,3,1,48,5,2,9,0,2,1,0,201200033476B01,7,5,1,200069029
201200033480,2012-05-07,2012,mai,lundi,19:20,62,62108,0,0,2,1,1,1,2,4,1,01,1,1,0,34,2,0,0,4,1,10,5,3,9,0,2,1,1,201200033480B01,30,5,1,200069029
201200033481,2012-05-28,2012,mai,lundi,10:20,62,62108,50.41099,1.57211,2,1,3,1,1,4,2,02,1,1,0,90,1,0,1,3,1,49,5,3,9,0,2,5,1,201200033481B01,7,1,1,200069029
201200033482,2012-08-15,2012,août,mercredi,10:40,62,62108,0,0,2,2,3,1,2,3,2,02,1,1,0,83,2,0,1,3,2,65,5,2,9,0,2,7,1,201200033482B01,7,0,1,200069029
201200033483,2012-09-09,2012,septembre,dimanche,11:30,62,62108,0,0,2,6,3,1,1,4,2,02,1,-1,0,74,1,0,1,4,2,68,3,3,9,0,2,6,1,201200033483B01,7,1,1,200069029
201200033499,2012-06-19,2012,juin,mardi,17:30,62,62126,0,0,2,3,3,1,1,4,-1,02,1,1,0,80,1,0,1,3,1,14,2,3,9,0,2,8,15,201200033499A01,7,1,1,200072460
201200033518,2012-11-13,2012,novembre,mardi,16:40,62,62863,0,0,1,1,2,1,1,3,2,03,1,1,0,105,-1,0,1,3,1,48,5,3,4,0,2,4,1,201200033518B01,10,1,1,200072460
201200033552,2012-05-22,2012,mai,mardi,14:50,62,62178,0,0,1,1,1,1,1,9,-1,01,2,3,0,0,1,0,1,3,1,13,3,3,9,0,2,2,0,201200033552A01,7,1,1,200072460
201200033562,2012-01-02,2012,janvier,lundi,12:15,62,62193,0,0,2,1,1,1,7,4,2,02,1,1,0,65,1,0,1,3,1,69,5,3,9,0,2,1,1,201200033562B01,10,15,1,200090751
201200033567,2012-01-15,2012,janvier,dimanche,08:30,62,62193,50.95522,1.8622,2,1,6,1,1,4,2,02,1,1,0,69,1,0,1,4,1,51,5,1,2,0,2,1,1,201200033567B01,7,22,1,200090751
201200033570,2012-01-10,2012,janvier,mardi,08:00,62,62548,50.94642,1.95171,2,1,3,5,1,4,2,02,1,1,0,70,1,0,1,4,2,14,2,3,4,0,2,1,1,201200033570B01,7,9,1,200090751
201200033572,2012-02-02,2012,février,jeudi,20:30,62,62193,0,0,2,1,1,5,1,4,2,02,1,1,0,105,1,0,1,4,1,21,0,2,4,0,2,1,1,201200033572A01,7,1,1,200090751
201200033588,2012-04-27,2012,avril,vendredi,14:55,62,62193,0,0,2,2,3,1,1,4,1,01,1,1,0,50,1,0,1,4,1,35,0,3,4,0,2,7,5,201200033588A01,10,1,1,200090751
201200033592,2012-05-10,2012,mai,jeudi,18:50,62,62193,0,0,2,3,5,1,2,4,2,00,1,1,0,60,2,0,1,4,1,19,5,3,9,0,2,1,5,201200033592A01,7 / 30,23 / 1,2,200090751
201200033603,2012-05-23,2012,mai,mercredi,12:50,62,62244,0,0,2,1,6,1,1,4,2,02,1,-1,0,70,1,0,1,4,1,15,2,3,9,0,2,0,0,201200033603B01,37,0,1,200090751
201200033607,2012-06-25,2012,juin,lundi,06:00,62,62193,50.9497,1.8555,2,1,6,2,1,4,1,01,1,1,0,0,1,0,1,3,1,28,1,3,9,0,2,0,21,201200033607B01,7,17,1,200090751
201200033622,2012-09-18,2012,septembre,mardi,16:40,62,62193,0,0,2,9,3,1,1,4,1,01,2,3,0,48,1,2,1,4,1,14,2,3,9,0,0,1,1,201200033622B01,7,1,1,200090751
201200033624,2012-10-03,2012,octobre,mercredi,17:40,62,62548,0,0,2,6,3,1,2,3,1,02,1,2,0,80,2,5,1,3,2,17,5,3,9,0,0,3,0,201200033624B01,15,0,1,200090751
201200033633,2012-11-19,2012,novembre,lundi,09:55,62,62193,0,0,2,5,3,1,1,4,1,02,1,1,0,70,1,5,1,3,2,72,5,3,9,0,2,1,19,201200033633A01,7,1,1,200090751
201200033649,2012-04-17,2012,avril,mardi,09:50,62,62413,0,0,2,4,1,1,8,4,2,02,1,1,0,62,1,5,1,4,1,70,5,3,9,0,2,1,1,201200033649B01,7,15,1,246200364
201200033669,2012-11-07,2012,novembre,mercredi,16:40,62,62215,0,0,2,1,2,1,1,4,2,02,1,1,0,50,1,0,0,3,1,57,9,3,9,0,2,1,1,201200033669B01,30,11,1,246200299
201200033676,2012-04-06,2012,avril,vendredi,22:15,62,62427,0,0,1,1,1,3,1,4,2,02,1,1,0,0,1,0,1,3,1,25,5,2,4,0,2,1,1,201200033676B01,7,17,1,246200299
201200033681,2012-05-26,2012,mai,samedi,15:35,62,62624,0,0,2,1,6,1,1,3,3,02,1,1,0,0,-1,0,1,3,1,16,5,2,4,0,2,0,13,201200033681B01,7,1,2,246200299
201200033735,2012-08-22,2012,août,mercredi,14:50,62,62895,0,0,2,1,6,1,1,4,2,01,1,1,0,49,1,0,1,4,1,10,5,3,9,0,9,4,1,201200033735B01,36,2,1,246200364
201200033737,2012-08-29,2012,août,mercredi,09:00,62,62498,0,0,2,3,6,1,1,4,1,01,1,1,0,69,1,0,1,3,1,19,9,3,9,0,2,1,19,201200033737A01,7,15,1,246200364
201200033741,2012-09-03,2012,septembre,lundi,21:00,62,62895,0,0,2,3,3,2,1,4,2,02,1,-1,0,0,1,2,1,4,1,16,5,3,9,0,2,1,16,201200033741B01,7,19,1,246200364
201200033751,2012-11-10,2012,novembre,samedi,18:00,62,62218,0,0,2,1,6,2,3,4,2,02,1,1,0,0,2,0,1,3,2,54,1,3,9,0,9,6,1,201200033751B01,10,15,1,200072460
201200033765,2012-05-03,2012,mai,jeudi,15:30,62,62510,0,0,2,1,3,1,1,4,2,02,1,-1,0,105,1,0,1,3,1,14,5,3,9,0,2,1,9,201200033765A01,7,1,1,246200364
201200033771,2012-08-06,2012,août,lundi,18:00,62,62186,0,0,2,1,3,1,1,4,2,02,1,1,0,103,1,0,1,3,1,10,5,2,9,0,2,1,0,201200033771A01,7,1,1,246200364
201200033789,2012-03-21,2012,mars,mercredi,07:25,62,62489,0,0,2,1,3,1,1,4,2,02,1,3,0,65,1,0,1,4,1,24,1,1,4,0,2,1,0,201200033789B01,7,11,1,200072460
201200033795,2012-09-18,2012,septembre,mardi,17:30,62,62555,0,0,2,1,3,1,1,4,2,02,1,1,0,65,1,0,1,4,1,9,5,3,9,0,9,3,19,201200033795B01,2,1,1,200072460
201200033799,2012-01-13,2012,janvier,vendredi,07:30,62,62737,0,0,1,9,3,2,1,3,2,02,2,1,0,73,1,2,1,3,1,30,1,1,4,0,2,8,2,201200033799B01,10,2,1,246200364
201200033811,2012-03-19,2012,mars,lundi,13:00,62,62765,0,0,2,1,6,1,1,3,2,02,1,1,0,0,1,0,1,4,1,15,0,3,9,1,0,1,1,201200033811A01,7,24,1,200069037
201200033814,2012-08-30,2012,août,jeudi,17:50,62,62765,0,0,2,3,6,1,1,4,2,02,1,1,23,57,1,0,1,3,1,8,5,2,2,0,2,8,19,201200033814B01,7,1,1,200069037
201200033815,2012-10-04,2012,octobre,jeudi,14:00,62,62765,0,0,1,1,6,1,1,3,2,01,1,1,0,0,1,0,1,3,1,18,1,2,9,0,2,8,1,201200033815B01,10,2,1,200069037
201200033820,2012-01-16,2012,janvier,lundi,12:05,62,62826,0,0,2,6,1,1,7,4,2,02,1,1,0,81,1,0,1,4,1,47,1,3,9,0,0,7,19,201200033820B01,7,19,1,200069029
201200033823,2012-05-17,2012,mai,jeudi,11:25,62,62826,0,0,2,1,3,1,1,4,2,02,1,1,0,0,1,0,1,3,1,57,5,3,9,0,2,0,0,201200033823B01,7,16,1,200069029
201200033825,2012-05-29,2012,mai,mardi,09:10,62,62826,0,0,2,6,3,1,7,4,1,01,1,1,0,62,1,0,0,3,2,27,1,1,4,0,2,3,9,201200033825B01,7,9,1,200069029
201200033854,2012-01-21,2012,janvier,samedi,11:55,63,63014,45.75161,3.10895,2,6,5,1,1,3,2,02,1,1,0,70,1,5,1,3,1,30,4,2,2,11,2,1,1,201200033854B01,7,9 / 23,2,246300701
201200033855,2012-01-21,2012,janvier,samedi,14:00,63,63113,0,0,2,1,3,1,1,3,3,04,1,1,0,0,1,0,1,4,1,12,5,3,9,0,2,1,13,201200033855B01,7,1,1,246300701
201200033856,2012-01-21,2012,janvier,samedi,18:50,63,63113,0,0,2,1,3,5,1,4,1,00,2,1,0,0,1,0,1,4,1,20,0,3,9,0,2,1,1,201200033856B01,7,16,1,246300701
201200033877,2012-02-05,2012,février,dimanche,09:30,63,63113,0,0,2,1,6,1,1,4,2,00,1,1,0,0,1,0,1,4,1,36,0,3,9,0,1,1,1,201200033877A01,,,,246300701
201200033904,2012-02-27,2012,février,lundi,17:30,63,63075,45.76817,3.07311,2,1,3,1,1,3,2,02,1,1,0,0,1,0,1,3,1,74,5,2,2,1,0,1,1,201200033904B01,7,22,1,246300701
201200033920,2012-03-10,2012,mars,samedi,11:15,63,63113,45.78639,3.06571,2,1,6,1,1,3,2,02,4,1,0,0,1,0,1,1,1,49,0,3,2,0,1,1,1,201200033920A01,,,,246300701
201200033920,2012-03-10,2012,mars,samedi,11:15,63,63113,45.78639,3.06571,2,1,6,1,1,3,2,02,4,1,0,0,1,0,1,3,2,82,5,3,9,0,1,1,1,201200033920A01,,,,246300701
201200033922,2012-03-10,2012,mars,samedi,16:37,63,63113,45.78373,3.07814,2,1,6,1,1,4,2,01,1,1,0,0,1,0,1,4,1,13,5,3,4,0,2,0,0,201200033922A01,7,1,1,246300701
201200033925,2012-03-14,2012,mars,mercredi,18:50,63,63113,0,0,2,1,6,1,1,4,2,02,1,1,0,0,1,0,1,4,1,27,0,2,2,0,1,1,1,201200033925A01,,,,246300701
201200033944,2012-03-24,2012,mars,samedi,11:30,63,63113,45.78813,3.13942,2,1,6,1,1,3,1,01,1,1,0,0,1,0,1,4,1,51,9,1,2,0,2,8,1,201200033944B01,7,16,1,246300701
201200033957,2012-04-05,2012,avril,jeudi,13:10,63,63113,0,0,2,1,6,1,1,4,1,02,1,1,0,0,1,0,1,4,2,31,9,1,4,0,2,0,1,201200033957B01,7,9,1,246300701
201200033969,2012-04-19,2012,avril,jeudi,14:20,63,63113,45.80603,3.11899,2,2,3,1,1,4,2,02,1,1,0,70,1,5,1,4,1,72,0,3,2,0,2,1,1,201200033969B01,7,1,1,246300701
201200033984,2012-05-02,2012,mai,mercredi,09:30,63,63113,45.75999,3.12238,2,3,6,1,1,3,-1,02,-1,-1,0,0,-1,0,0,4,1,33,0,3,9,0,0,0,0,201200033984B01,7,0,1,246300701
201200033990,2012-05-09,2012,mai,mercredi,18:00,63,63113,45.77868,3.09919,2,3,3,1,1,4,2,04,1,1,0,120,1,5,1,4,1,24,0,1,2,0,2,1,1,201200033990A01,7,1,1,246300701
201200034080,2012-07-18,2012,juillet,mercredi,20:00,63,63113,0,0,2,1,6,1,1,3,1,03,4,1,0,0,1,0,1,4,1,43,9,1,9,0,2,4,1,201200034080B01,7,1,1,246300701
201200034095,2012-07-31,2012,juillet,mardi,17:15,63,63113,45.81099,3.12598,2,1,6,1,1,4,2,01,1,1,0,0,1,0,1,4,1,10,9,2,2,0,2,1,0,201200034095A01,7,1,1,246300701
201200034115,2012-08-19,2012,août,dimanche,10:30,63,63113,45.81028,3.09992,2,3,3,1,1,4,2,02,-1,1,0,70,1,5,1,4,1,17,0,3,2,0,2,1,1,201200034115A01,7,1,1,246300701
201200034164,2012-09-25,2012,septembre,mardi,17:15,63,63113,45.75876,3.10509,2,2,3,1,1,4,3,04,-1,-1,0,0,-1,0,1,4,2,30,0,2,9,0,2,9,19,201200034164A01,7,15,1,246300701
201200034191,2012-10-08,2012,octobre,lundi,13:37,63,63113,0,0,2,1,3,1,1,4,2,00,2,1,0,0,1,0,5,4,2,23,0,3,9,0,2,1,5,201200034191A01,7,15,1,246300701
201200034199,2012-10-12,2012,octobre,vendredi,13:00,63,63113,0,0,2,1,6,1,1,3,1,02,1,1,0,0,1,5,1,4,1,13,5,3,2,0,2,1,19,201200034199B01,7,1,1,246300701
201200034238,2012-11-09,2012,novembre,vendredi,09:45,63,63113,45.78748,3.10587,2,2,3,1,1,4,3,00,2,1,0,0,1,0,1,3,1,30,0,3,9,0,2,1,1,201200034238A01,14,16,1,246300701
201200034246,2012-11-13,2012,novembre,mardi,16:10,63,63113,0,0,2,1,3,1,1,4,2,02,1,1,0,0,1,0,1,4,1,39,0,3,9,0,2,1,1,201200034246B01,7,15,1,246300701
201200034286,2012-12-11,2012,décembre,mardi,19:50,63,63113,0,0,2,1,1,1,1,4,1,00,1,1,0,0,1,0,1,4,2,18,0,3,9,0,2,1,1,201200034286B01,7,19,1,246300701
201200034290,2012-12-13,2012,décembre,jeudi,12:20,63,63113,0,0,2,1,6,1,1,4,2,02,2,1,0,0,-1,0,1,4,1,22,9,3,2,0,0,0,0,201200034290A01,,,,246300701
201200034324,2012-05-11,2012,mai,vendredi,09:15,63,63193,0,0,1,1,2,1,1,3,2,02,1,1,0,75,1,0,1,3,1,78,5,1,2,0,0,4,1,201200034324B01,10,1,1,246300701
201200034328,2012-08-04,2012,août,samedi,12:05,63,63124,45.73009,3.20565,2,6,3,1,1,3,2,02,1,1,0,70,1,5,1,4,1,68,5,3,9,0,0,7,1,201200034328B01,7,9,1,246300701
201200034334,2012-10-17,2012,octobre,mercredi,15:25,63,63193,0,0,2,1,3,1,1,3,2,02,2,1,0,130,1,0,5,4,1,55,5,1,2,0,2,1,1,201200034334B01,10,16,1,246300701
201200034339,2012-03-01,2012,mars,jeudi,08:10,63,63063,45.83132,3.09716,2,1,2,2,1,3,2,02,1,1,0,58,1,0,1,3,1,67,5,1,2,0,0,4,2,201200034339B01,7,2,1,246300701
201200034340,2012-03-14,2012,mars,mercredi,18:20,63,63063,45.83388,3.10884,2,3,3,1,1,4,2,02,1,-1,0,48,1,0,1,3,1,12,5,3,9,0,2,1,16,201200034340A01,7,0,1,246300701
201200034374,2012-01-22,2012,janvier,dimanche,20:50,64,64102,0,0,2,1,2,5,2,4,3,06,2,1,0,0,1,0,5,3,2,34,5,2,4,0,2,4,2,201200034374B01,30,2,1,200067106
201200034384,2012-02-27,2012,février,lundi,18:55,64,64024,0,0,2,1,2,2,1,4,2,02,1,1,0,60,9,0,1,4,1,37,1,2,2,0,2,4,1,201200034384B01,33,1,1,200067106
201200034389,2012-03-03,2012,mars,samedi,16:10,64,64102,0,0,2,1,3,1,1,4,4,02,1,-1,0,60,1,0,1,4,1,34,5,3,2,0,2,0,0,201200034389B01,7,0,1,200067106
201200034401,2012-04-10,2012,avril,mardi,12:30,64,64024,0,0,2,1,7,1,1,4,2,02,4,1,0,70,1,0,4,3,1,25,1,2,2,12,0,1,21,201200034401A01,,,,200067106
201200034409,2012-05-11,2012,mai,vendredi,19:01,64,64102,0,0,2,6,3,1,7,4,2,02,1,1,0,70,1,0,1,4,1,42,5,3,2,0,2,0,1,201200034409B01,7,16,1,200067106
201200034410,2012-05-14,2012,mai,lundi,14:35,64,64140,0,0,2,1,7,1,1,4,2,02,1,1,0,70,1,4,1,3,1,75,5,1,2,14,0,1,1,201200034410A01,,,,200067106
201200034424,2012-06-25,2012,juin,lundi,10:45,64,64102,0,0,2,1,7,1,1,4,1,02,1,1,0,70,1,0,1,4,1,28,5,2,2,12,0,1,1,201200034424A01,,,,200067106
201200034433,2012-07-13,2012,juillet,vendredi,10:58,64,64024,0,0,2,6,3,1,1,4,2,02,-1,-1,0,70,1,0,0,4,2,64,5,3,9,0,2,2,1,201200034433B01,7,9,1,200067106
201200034444,2012-08-01,2012,août,mercredi,11:20,64,64024,0,0,2,3,7,1,1,4,2,02,1,1,0,70,1,0,1,4,1,63,3,2,2,0,2,0,18,201200034444A01,7,1,1,200067106
201200034464,2012-09-19,2012,septembre,mercredi,08:40,64,64102,0,0,2,2,3,1,8,4,2,02,1,1,0,70,1,0,0,4,1,43,5,1,2,0,2,1,1,201200034464B01,7,15,1,200067106
201200034493,2012-12-29,2012,décembre,samedi,12:55,64,64102,0,0,2,1,6,1,8,4,2,02,1,2,0,80,1,0,1,4,1,53,9,1,4,0,2,1,1,201200034493B01,7,15,1,200067106
201200034532,2012-06-25,2012,juin,lundi,10:00,64,64125,0,0,2,1,6,1,1,3,2,03,2,1,0,80,1,0,1,4,1,33,5,1,2,0,2,1,1,201200034532B01,7,9,1,200067106