Num_Acc,date,an,mois,jour,hrmn,dep,com,lat,long,agg,int,col,lum,atm,catr,circ,nbv,prof,plan,lartpc,larrout,surf,infra,situ,grav,sexe,age,trajet,secuexist,equipement,obs,obsm,choc,manv,vehiculeid,typevehicules,manoeuvehicules,numVehicules,_infos_commune.code_epci
201200034539,2012-07-25,2012,juillet,mercredi,11:10,64,64122,0,0,2,2,3,1,1,4,-1,02,-1,-1,0,0,-1,0,1,4,2,65,5,2,9,0,2,1,15,201200034539B01,7,15,1,200067106
201200034545,2012-09-02,2012,septembre,dimanche,10:45,64,64122,0,0,2,1,3,1,1,4,2,02,-1,3,0,0,1,0,1,4,1,62,5,1,2,0,2,1,1,201200034545B01,7,15,1,200067106
201200034574,2012-12-24,2012,décembre,lundi,15:50,64,64122,0,0,2,6,3,1,1,4,1,02,1,-1,0,0,-1,0,0,3,1,29,5,2,2,0,2,5,12,201200034574A01,7,1,1,200067106
201200034590,2012-01-18,2012,janvier,mercredi,15:45,64,64445,0,0,2,6,3,1,1,4,3,02,1,1,0,53,1,0,1,3,1,73,5,2,2,0,2,8,1,201200034590B01,7,17,1,200067254
201200034600,2012-01-30,2012,janvier,lundi,18:40,64,64445,0,0,2,6,1,5,1,4,1,02,1,1,0,0,1,0,1,3,1,76,3,2,4,0,2,0,1,201200034600B01,7,9,1,200067254
201200034601,2012-01-31,2012,janvier,mardi,07:50,64,64445,0,0,2,1,3,5,1,4,2,02,1,1,0,0,1,0,1,4,1,18,2,2,4,0,2,7,15,201200034601A01,7,1,1,200067254
201200034609,2012-02-17,2012,février,vendredi,17:25,64,64445,0,0,2,6,3,1,1,4,3,02,1,1,0,0,1,0,1,4,1,36,0,2,2,0,2,5,1,201200034609B01,7,9,1,200067254
201200034611,2012-02-22,2012,février,mercredi,13:45,64,64445,0,0,2,1,6,1,1,4,1,01,1,1,0,0,1,0,1,4,1,54,5,2,2,0,2,4,2,201200034611B01,15,2,1,200067254
201200034619,2012-02-29,2012,février,mercredi,12:20,64,64335,0,0,2,6,3,1,1,4,2,02,1,1,0,0,1,0,0,4,1,63,5,2,2,0,2,1,1,201200034619B01,7,9,1,200067254
201200034620,2012-03-03,2012,mars,samedi,12:20,64,64445,0,0,2,1,6,1,1,4,2,02,1,1,0,0,1,0,1,4,2,83,0,1,4,0,2,7,1,201200034620B01,7,20,1,200067254
201200034627,2012-03-10,2012,mars,samedi,15:30,64,64335,0,0,1,9,6,1,1,3,2,02,1,1,0,62,1,0,1,1,1,40,0,3,9,0,2,3,15,201200034627B01,33,17,1,200067254
201200034629,2012-03-13,2012,mars,mardi,16:30,64,64445,0,0,2,9,6,1,1,4,2,02,1,1,0,100,1,0,1,4,2,19,0,1,4,0,2,1,1,201200034629B01,7,15,1,200067254
201200034631,2012-03-14,2012,mars,mercredi,19:30,64,64445,0,0,2,3,3,5,1,4,2,02,1,1,0,0,1,0,1,4,2,24,4,2,2,0,2,7,1,201200034631B01,7,9,1,200067254
201200034634,2012-03-16,2012,mars,vendredi,17:00,64,64335,0,0,1,1,2,1,1,3,2,02,1,1,0,0,1,0,5,4,1,71,5,1,2,1,0,1,1,201200034634A01,7,23,1,200067254
201200034638,2012-03-21,2012,mars,mercredi,08:30,64,64445,0,0,2,6,6,1,1,4,2,02,1,1,0,140,1,0,1,4,1,59,9,3,9,0,2,7,1,201200034638B01,7,9,1,200067254
201200034652,2012-04-07,2012,avril,samedi,16:35,64,64445,0,0,2,9,3,1,1,4,1,02,1,1,0,0,1,0,1,4,1,54,9,1,4,0,2,8,19,201200034652A01,7,1,1,200067254
201200034672,2012-05-15,2012,mai,mardi,12:15,64,64373,0,0,1,1,6,1,1,3,2,02,1,1,0,0,1,0,1,4,1,81,5,1,2,0,2,1,1,201200034672A01,,,,200067254
201200034677,2012-05-22,2012,mai,mardi,10:15,64,64445,0,0,2,3,3,1,1,4,2,02,1,1,0,0,1,0,1,4,2,54,1,2,2,0,2,1,1,201200034677B01,7,15,1,200067254
201200034682,2012-05-30,2012,mai,mercredi,18:25,64,64445,0,0,2,6,2,1,1,4,2,02,1,1,35,90,1,0,1,4,2,24,9,3,9,0,2,4,1,201200034682B01,7,9,1,200067254
201200034688,2012-06-07,2012,juin,jeudi,18:00,64,64445,0,0,2,3,3,1,8,4,2,02,1,1,0,0,1,0,5,4,1,70,5,2,4,0,2,8,1,201200034688B01,7,16,1,200067254
201200034705,2012-06-21,2012,juin,jeudi,12:35,64,64445,0,0,2,3,3,1,1,4,2,02,1,1,0,0,1,0,1,3,1,13,2,3,2,0,2,1,5,201200034705A01,7,16,1,200067254
201200034717,2012-07-02,2012,juillet,lundi,17:30,64,64348,0,0,2,6,3,1,1,4,2,02,1,1,0,0,1,0,1,4,2,39,9,3,4,0,2,7,1,201200034717B01,10,9,1,200067254
201200034727,2012-07-17,2012,juillet,mardi,08:45,64,64445,0,0,2,6,3,1,1,4,2,02,1,1,0,150,1,0,0,4,2,48,0,2,4,0,2,1,1,201200034727B01,7,9,1,200067254
201200034728,2012-07-18,2012,juillet,mercredi,10:17,64,64129,0,0,2,1,3,1,7,4,2,02,1,1,0,0,1,0,1,4,1,66,5,2,4,0,2,1,17,201200034728B01,7,15,1,200067254
201200034729,2012-07-18,2012,juillet,mercredi,18:20,64,64445,0,0,2,6,3,1,1,4,1,03,1,3,0,0,1,0,1,3,2,52,9,3,2,0,2,2,1,201200034729B01,7,9,1,200067254
201200034733,2012-07-23,2012,juillet,lundi,19:40,64,64129,0,0,2,1,3,1,1,4,2,02,1,1,0,0,1,0,1,3,1,51,0,1,2,0,2,1,1,201200034733B01,7,9,1,200067254
201200034735,2012-07-25,2012,juillet,mercredi,09:06,64,64445,0,0,2,6,2,1,1,4,2,02,1,2,0,0,1,0,1,3,1,76,5,1,2,0,2,1,1,201200034735B01,15,1,1,200067254
201200034737,2012-08-02,2012,août,jeudi,09:30,64,64445,0,0,2,6,3,1,1,4,1,03,1,1,0,0,1,0,0,3,2,28,1,2,2,0,2,7,1,201200034737B01,7,16,1,200067254
201200034738,2012-08-02,2012,août,jeudi,10:00,64,64445,0,0,2,6,3,1,1,4,2,02,1,1,0,146,1,5,1,4,1,73,3,2,2,0,2,7,1,201200034738B01,7,16,1,200067254
201200034740,2012-08-07,2012,août,mardi,19:15,64,64445,0,0,2,3,3,1,1,4,2,03,1,1,0,158,1,0,1,2,1,70,5,2,2,0,2,3,15,201200034740B01,33,1,1,200067254
201200034743,2012-08-16,2012,août,jeudi,13:00,64,64284,0,0,2,1,1,1,1,4,3,02,1,1,0,0,1,0,1,4,1,48,0,3,9,0,2,1,5,201200034743A01,7,1,1,200067254
201200034750,2012-08-27,2012,août,lundi,06:50,64,64445,0,0,2,3,3,1,1,4,2,02,1,1,0,60,1,0,0,4,2,42,0,2,2,0,2,1,1,201200034750B01,7,9,1,200067254
201200034763,2012-09-14,2012,septembre,vendredi,17:08,64,64445,0,0,2,1,2,1,1,4,2,03,1,1,14,116,1,0,1,4,1,85,5,2,2,0,2,1,23,201200034763B01,7,4,1,200067254
201200034769,2012-09-19,2012,septembre,mercredi,11:30,64,64348,0,0,2,6,3,1,1,4,2,02,1,1,0,0,1,0,1,4,1,59,5,1,2,0,2,7,1,201200034769B01,7,1,1,200067254
201200034770,2012-09-19,2012,septembre,mercredi,11:47,64,64445,0,0,2,2,3,1,1,4,2,01,1,3,0,115,1,0,1,3,2,68,5,2,2,0,2,0,16,201200034770B01,13,16,1,200067254
201200034799,2012-10-13,2012,octobre,samedi,09:25,64,64445,0,0,2,1,3,1,1,4,2,02,1,1,0,0,1,0,1,4,2,30,5,3,9,0,2,7,1,201200034799B01,7,1,1,200067254
201200034811,2012-10-19,2012,octobre,vendredi,22:30,64,64445,0,0,2,6,3,5,2,4,1,03,1,1,0,0,2,0,1,4,2,19,2,2,2,0,2,8,1,201200034811B01,7,15,1,200067254
201200034816,2012-10-26,2012,octobre,vendredi,10:05,64,64445,0,0,2,3,3,1,2,4,2,04,1,1,16,84,2,0,1,1,1,63,5,2,2,0,2,4,13,201200034816B01,30,2,1,200067254
201200034818,2012-10-30,2012,octobre,mardi,18:20,64,64335,0,0,1,3,3,2,1,4,2,02,1,1,0,0,1,0,1,4,1,32,5,1,4,0,2,7,1,201200034818B01,7,15,1,200067254
201200034821,2012-11-03,2012,novembre,samedi,18:30,64,64445,0,0,2,6,3,5,1,4,1,02,1,2,0,0,1,0,1,4,1,40,5,2,4,0,2,7,1,201200034821B01,7,9,1,200067254
201200034823,2012-11-06,2012,novembre,mardi,15:50,64,64445,0,0,2,1,6,1,1,4,2,03,1,1,0,109,1,0,1,2,1,79,5,3,2,0,2,4,13,201200034823B01,33,17,1,200067254
201200034824,2012-11-06,2012,novembre,mardi,18:15,64,64445,0,0,2,6,3,5,1,4,1,02,1,2,0,0,1,0,0,4,1,19,5,2,2,0,2,7,1,201200034824B01,7,9,1,200067254
201200034833,2012-11-14,2012,novembre,mercredi,11:20,64,64348,0,0,2,6,2,1,1,4,2,02,1,1,0,0,1,0,1,4,2,29,0,3,9,0,2,4,16,201200034833B01,7,1,1,200067254
201200034833,2012-11-14,2012,novembre,mercredi,11:20,64,64348,0,0,2,6,2,1,1,4,2,02,1,1,0,0,1,0,1,4,2,2,0,3,9,0,2,4,16,201200034833B01,7,1,1,200067254
201200034835,2012-11-14,2012,novembre,mercredi,17:00,64,64335,0,0,2,6,3,1,1,4,1,02,1,1,0,0,1,0,1,4,1,27,9,3,9,0,2,7,1,201200034835B01,7,13,1,200067254
201200034842,2012-11-21,2012,novembre,mercredi,17:15,64,64284,0,0,2,1,2,1,1,4,2,02,1,1,13,33,1,0,1,4,1,81,5,2,2,0,2,4,1,201200034842B01,7,1,1,200067254
201200034845,2012-11-22,2012,novembre,jeudi,17:22,64,64445,0,0,2,6,3,1,1,4,2,02,1,1,0,0,1,0,1,4,2,12,5,3,9,0,2,4,1,201200034845B01,7,9,1,200067254
201200034851,2012-11-30,2012,novembre,vendredi,20:00,64,64445,0,0,2,2,3,5,1,4,2,02,1,1,0,0,1,0,1,4,1,21,5,2,4,0,2,1,15,201200034851B01,33,1,1,200067254
201200034859,2012-12-09,2012,décembre,dimanche,16:42,64,64445,0,0,2,1,2,1,1,4,2,02,1,1,0,77,1,0,1,4,2,44,0,3,9,0,2,4,1,201200034859B01,7,16,1,200067254
201200034860,2012-12-10,2012,décembre,lundi,08:04,64,64445,0,0,2,2,3,2,1,4,2,02,1,1,0,0,1,0,1,4,1,56,0,1,4,0,2,1,1,201200034860B01,7,15,1,200067254
201200034864,2012-12-13,2012,décembre,jeudi,07:50,64,64348,0,0,2,6,3,2,2,4,1,02,1,-1,0,0,2,0,1,4,1,49,4,3,9,0,2,1,1,201200034864B01,7,9,1,200067254
201200034903,2012-06-07,2012,juin,jeudi,13:30,64,64483,0,0,1,1,3,1,1,3,2,02,1,1,40,72,1,0,1,1,1,41,5,1,2,0,2,3,15,201200034903A01,1,1,1,200067106
201200034903,2012-06-07,2012,juin,jeudi,13:30,64,64483,0,0,1,1,3,1,1,3,2,02,1,1,40,72,1,0,1,4,1,43,5,1,2,0,2,2,1,201200034903B01,1,15,1,200067106
201200034906,2012-06-13,2012,juin,mercredi,19:05,64,64260,0,0,2,6,3,1,1,3,1,02,3,1,0,40,-1,0,1,4,1,51,5,1,2,0,2,2,1,201200034906B01,7,9,1,200067106
201200034925,2012-07-16,2012,juillet,lundi,08:40,64,64483,0,0,1,1,7,1,1,4,2,02,1,1,0,30,1,0,5,3,1,75,5,3,2,0,2,8,1,201200034925A01,,,,200067106
201200034942,2012-08-12,2012,août,dimanche,09:50,64,64545,0,0,2,1,3,1,1,3,2,03,2,1,0,0,1,0,1,4,1,56,5,3,9,0,2,1,1,201200034942B01,7,15,1,200067106
201200034944,2012-08-19,2012,août,dimanche,11:35,64,64483,0,0,2,3,3,1,1,4,2,02,1,1,0,0,1,0,1,4,1,51,0,3,9,0,2,1,0,201200034944B01,7,19,1,200067106
201200034960,2012-10-18,2012,octobre,jeudi,17:20,64,64260,0,0,2,1,2,1,1,3,-1,00,1,-1,0,0,1,0,0,4,1,17,0,2,9,0,2,1,2,201200034960A01,7,2,1,200067106
201200034973,2012-01-11,2012,janvier,mercredi,10:15,64,64483,0,0,2,6,3,1,1,3,3,01,1,2,0,80,1,0,1,4,1,66,5,3,4,0,2,1,1,201200034973B01,7,9,1,200067106
201200035023,2012-09-10,2012,septembre,lundi,10:20,65,65286,43.08939,-0.04838,2,2,3,1,1,4,-1,00,1,-1,0,60,1,0,0,4,1,71,5,1,2,0,2,1,1,201200035023A01,38,0,1,200069300
201200035033,2012-01-03,2012,janvier,mardi,16:55,65,65417,43.23135,0.09396,2,1,2,1,1,2,2,02,1,1,0,80,1,0,1,4,2,63,0,2,2,0,2,4,13,201200035033B01,7,1,1,200069300
201200035035,2012-01-04,2012,janvier,mercredi,16:35,65,65440,43.22241,0.04302,2,6,3,1,1,2,1,01,1,2,0,88,1,0,1,4,2,43,0,3,9,0,2,2,1,201200035035B01,7,2,1,200069300
201200035046,2012-03-14,2012,mars,mercredi,12:05,65,65440,43.21927,0.0701,2,1,3,1,1,2,1,02,1,1,43,59,1,0,1,3,1,70,5,3,2,0,2,8,15,201200035046B01,7,1,1,200069300
201200035059,2012-06-07,2012,juin,jeudi,13:00,65,65331,43.20072,0.0509,2,2,3,1,1,3,2,02,1,1,0,70,1,0,1,3,1,79,5,2,2,0,2,1,1,201200035059B01,7,15,1,200069300
201200035069,2012-07-02,2012,juillet,lundi,19:00,65,65440,0,0,2,3,3,1,1,4,2,02,1,1,0,80,1,0,1,4,2,26,5,3,9,0,2,1,1,201200035069B01,7,16,1,200069300
201200035074,2012-07-26,2012,juillet,jeudi,18:40,65,65433,43.2082,0.09513,2,3,3,1,1,3,2,02,1,1,0,80,1,0,1,4,1,57,9,3,9,0,2,1,1,201200035074B01,7,16,1,200069300
201200035075,2012-07-29,2012,juillet,dimanche,10:35,65,65440,43.23909,0.06041,2,6,3,1,1,3,1,02,1,3,0,90,1,0,1,4,1,58,5,3,9,0,2,6,1,201200035075B01,7,9,1,200069300
201200035077,2012-08-01,2012,août,mercredi,10:30,65,65417,43.23063,0.10098,2,2,3,1,1,3,2,02,1,1,0,40,1,0,1,4,1,12,5,3,9,0,2,1,19,201200035077A01,7,1,1,200069300
201200035079,2012-08-06,2012,août,lundi,11:25,65,65047,43.24204,0.09529,2,1,6,1,1,2,2,02,1,1,0,31,1,0,1,3,1,67,3,3,9,0,2,8,1,201200035079B01,13,1,1,200069300
201200035081,2012-08-08,2012,août,mercredi,07:15,65,65440,43.21928,0.07114,2,6,3,1,1,2,2,00,1,1,0,100,1,0,1,4,1,36,1,3,9,0,2,4,16,201200035081B01,7,9,1,200069300
201200035085,2012-08-27,2012,août,lundi,18:25,65,65440,43.23136,0.07802,2,2,6,1,1,4,1,01,1,1,0,44,1,0,1,4,1,39,5,3,9,0,2,8,1,201200035085B01,7,1,1,200069300
201200035095,2012-09-22,2012,septembre,samedi,10:50,65,65440,43.24731,0.07236,2,2,3,1,1,4,2,02,1,1,0,60,1,0,1,4,1,76,5,3,2,0,2,7,19,201200035095B01,7,19,1,200069300
201200035101,2012-10-03,2012,octobre,mercredi,16:30,65,65100,43.25679,0.05196,2,2,3,1,1,3,2,02,1,1,0,130,1,0,1,3,2,12,5,3,2,0,2,1,1,201200035101A01,7,15,1,200069300
201200035108,2012-10-17,2012,octobre,mercredi,17:45,65,65440,43.24389,0.06099,2,1,6,1,1,4,2,00,1,1,0,71,1,0,1,4,1,12,5,3,9,0,2,1,16,201200035108B01,7,1,1,200069300
201200035127,2012-11-18,2012,novembre,dimanche,11:00,65,65440,43.2211,0.06129,2,6,1,1,1,2,2,04,1,1,0,0,1,0,1,3,2,48,5,3,9,0,2,1,0,201200035127B01,7,0,1,200069300
201200035129,2012-11-19,2012,novembre,lundi,07:54,65,65440,43.23635,0.0654,2,1,3,5,1,4,2,02,1,1,0,100,1,0,1,4,1,32,0,3,2,0,2,1,1,201200035129B01,7,22,1,200069300
201200035133,2012-11-29,2012,novembre,jeudi,16:45,65,65417,43.22821,0.10318,2,1,3,1,1,3,2,00,1,1,0,0,1,0,1,3,1,82,5,3,9,0,2,1,15,201200035133A01,10,1,1,200069300
201200035137,2012-12-04,2012,décembre,mardi,18:20,65,65251,43.21482,0.08549,1,3,3,3,2,3,2,01,2,2,0,0,2,0,1,4,1,17,0,1,4,0,2,7,1,201200035137B01,7,15,1,200069300
201200035140,2012-12-09,2012,décembre,dimanche,12:00,65,65440,43.23194,0.07717,2,1,6,1,1,4,1,01,1,1,0,0,1,0,1,4,1,74,5,2,2,0,2,8,1,201200035140B01,7,9,1,200069300
201200035142,2012-12-12,2012,décembre,mercredi,07:55,65,65440,43.24914,0.0655,2,2,3,1,1,3,2,03,1,1,0,0,1,0,1,3,1,39,1,3,9,0,0,1,1,201200035142B01,10,15,1,200069300
201200035143,2012-12-18,2012,décembre,mardi,12:10,65,65440,43.22893,0.08841,2,6,3,1,1,2,1,02,1,1,0,0,1,0,1,4,1,60,5,3,9,0,2,2,2,201200035143B01,7,2,1,200069300
201200035173,2012-02-17,2012,février,vendredi,07:40,66,66136,42.68861,2.89454,2,1,3,1,1,4,1,01,1,3,0,70,1,0,1,4,1,59,3,1,4,0,2,7,1,201200035173B01,7,1,1,200027183
201200035192,2012-03-20,2012,mars,mardi,17:00,66,66136,42.71776,2.89101,2,2,1,1,1,4,2,01,1,1,0,50,1,0,1,4,1,41,5,1,2,0,2,1,1,201200035192B01,7,1,1,200027183
201200035219,2012-05-11,2012,mai,vendredi,14:30,66,66136,42.69934,2.88865,2,1,3,1,1,4,1,03,1,1,0,120,1,0,1,4,1,43,5,1,9,0,2,8,1,201200035219B01,7,16,1,200027183
201200035236,2012-06-15,2012,juin,vendredi,13:20,66,66136,42.70143,2.8939,2,1,6,1,1,4,2,01,1,1,0,80,1,0,1,4,2,76,5,2,2,0,2,1,19,201200035236B01,7,4,1,200027183
201200035242,2012-06-27,2012,juin,mercredi,09:30,66,66136,42.69032,2.9097,2,3,3,1,1,4,2,02,1,1,40,134,1,0,1,4,2,39,1,1,2,0,2,3,23,201200035242B01,7,16,1,200027183
201200035253,2012-07-19,2012,juillet,jeudi,08:15,66,66136,42.69487,2.91837,2,1,2,1,1,4,2,01,1,1,0,80,1,0,1,4,1,92,9,1,9,0,2,1,2,201200035253B01,7,4,1,200027183
201200035268,2012-08-19,2012,août,dimanche,16:20,66,66136,42.7335,2.8901,1,1,6,1,1,4,2,02,1,-1,0,80,1,0,1,4,2,47,5,3,9,0,2,1,1,201200035268B01,7,16,1,200027183
201200035282,2012-09-16,2012,septembre,dimanche,08:40,66,66136,42.696,2.90539,2,1,3,1,1,4,2,02,1,1,0,70,1,0,1,4,1,79,5,3,4,0,2,1,19,201200035282B01,7,15,1,200027183
201200035284,2012-09-18,2012,septembre,mardi,12:20,66,66136,42.69736,2.88778,2,1,3,1,1,4,2,04,1,1,0,120,1,0,1,4,2,16,0,3,4,0,2,1,19,201200035284A01,7,1,1,200027183
201200035295,2012-10-04,2012,octobre,jeudi,17:35,66,66136,42.7041,2.90783,2,1,3,1,1,4,2,02,1,1,0,60,1,0,1,3,1,19,5,3,4,0,2,1,9,201200035295A01,7,1,1,200027183
201200035308,2012-10-24,2012,octobre,mercredi,09:45,66,66136,42.68007,2.90351,2,2,3,1,1,4,2,02,1,1,0,70,1,0,1,4,1,23,5,3,2,0,2,1,1,201200035308A01,7,23,1,200027183
201200035316,2012-11-15,2012,novembre,jeudi,16:35,66,66136,42.74169,2.89611,1,1,3,1,1,4,2,02,1,1,0,78,1,0,1,4,1,55,5,2,2,0,2,1,1,201200035316A01,7,1,1,200027183
201200035320,2012-11-22,2012,novembre,jeudi,16:00,66,66136,42.70901,2.88702,2,2,3,1,1,4,2,01,1,1,0,70,1,0,1,4,1,14,2,3,2,0,2,1,9,201200035320A01,7,1,1,200027183
201200035347,2012-07-25,2012,juillet,mercredi,20:50,67,67180,0,0,1,3,3,1,1,4,2,02,1,1,0,55,1,0,1,3,1,9,5,2,2,0,2,7,19,201200035347B01,7,21,1,200067874
201200035353,2012-01-03,2012,janvier,mardi,18:15,67,67462,0,0,2,3,3,5,8,3,2,03,1,1,156,96,2,2,1,3,1,15,1,2,9,0,2,1,19,201200035353A01,7,1,1,246700967
201200035361,2012-12-05,2012,décembre,mercredi,11:50,67,67462,0,0,2,2,3,1,1,3,2,02,1,1,0,0,1,0,1,3,2,65,3,3,2,0,2,7,19,201200035361B01,7,15,1,246700967
201200035363,2012-01-03,2012,janvier,mardi,14:10,67,67482,0,0,2,2,6,1,1,4,1,01,1,1,0,500,1,0,1,3,2,54,1,3,4,0,2,1,1,201200035363B01,7,15,1,246700488
201200035366,2012-01-05,2012,janvier,jeudi,08:05,67,67447,0,0,2,3,6,2,2,4,1,01,1,1,0,60,2,0,1,4,2,20,1,3,9,0,2,1,5,201200035366A01,7,16,1,246700488
201200035372,2012-01-11,2012,janvier,mercredi,02:00,67,67482,0,0,2,3,6,5,1,4,3,06,1,1,0,196,1,0,1,4,2,20,5,3,2,0,2,0,1,201200035372B01,7,1,1,246700488
201200035374,2012-01-11,2012,janvier,mercredi,18:30,67,67482,0,0,2,1,3,5,1,4,2,02,1,1,0,80,1,0,0,4,2,48,1,3,9,0,2,7,1,201200035374B01,7,22,1,246700488
201200035381,2012-01-16,2012,janvier,lundi,08:30,67,67482,0,0,2,2,3,1,1,4,2,02,1,1,0,65,1,2,0,1,1,15,2,1,2,0,2,1,1,201200035381A01,1,1,1,246700488
201200035381,2012-01-16,2012,janvier,lundi,08:30,67,67482,0,0,2,2,3,1,1,4,2,02,1,1,0,65,1,2,0,3,2,45,1,3,4,0,9,7,1,201200035381B01,1,1,1,246700488
201200035386,2012-01-19,2012,janvier,jeudi,18:20,67,67482,0,0,2,2,3,5,2,4,2,03,1,1,0,120,2,2,1,3,1,44,1,1,4,0,2,8,19,201200035386B01,7,15,1,246700488
201200035393,2012-01-24,2012,janvier,mardi,08:35,67,67482,0,0,2,1,3,1,1,4,-1,01,1,1,0,40,1,0,4,4,1,41,1,1,2,0,2,1,1,201200035393A01,7,20,1,246700488
201200035394,2012-01-24,2012,janvier,mardi,18:30,67,67447,0,0,2,1,3,5,1,4,2,02,1,1,0,100,1,0,1,4,2,50,1,1,2,0,2,1,1,201200035394B01,7,23,1,246700488
201200035401,2012-02-01,2012,février,mercredi,16:15,67,67482,0,0,2,1,6,1,1,4,1,01,1,1,0,40,1,0,5,4,2,20,5,3,9,1,0,1,5,201200035401A01,7,24,1,246700488
201200035404,2012-02-07,2012,février,mardi,14:50,67,67482,0,0,2,1,3,1,1,4,2,02,1,1,0,95,1,0,1,4,2,53,1,3,9,0,2,8,9,201200035404A01,38,1,1,246700488
201200035407,2012-02-08,2012,février,mercredi,19:50,67,67482,0,0,2,1,3,5,1,4,3,06,1,1,50,65,1,0,1,3,1,17,5,3,4,0,2,1,19,201200035407A01,7,15,1,246700488
201200035409,2012-02-11,2012,février,samedi,16:50,67,67482,0,0,2,1,6,1,1,4,1,02,1,1,0,60,1,0,1,4,1,68,3,3,4,0,2,1,5,201200035409A01,7,1,1,246700488
201200035410,2012-02-12,2012,février,dimanche,11:20,67,67482,0,0,2,2,6,1,1,4,4,00,1,1,0,0,1,6,1,4,2,23,5,3,4,0,2,1,19,201200035410A01,7,1,1,246700488
201200035412,2012-02-14,2012,février,mardi,19:45,67,67218,0,0,2,2,3,5,2,4,2,02,1,1,0,100,2,0,1,4,1,47,1,3,9,0,2,1,1,201200035412B01,7,1,1,246700488
201200035415,2012-02-15,2012,février,mercredi,18:10,67,67482,0,0,2,2,3,5,1,4,2,02,1,1,0,60,1,0,5,4,1,27,1,1,4,0,2,1,1,201200035415B01,7,15,1,246700488
201200035419,2012-02-17,2012,février,vendredi,18:50,67,67482,0,0,2,1,3,5,1,4,2,03,1,1,0,70,1,0,1,4,2,20,0,3,4,0,2,1,1,201200035419A01,7,9,1,246700488
201200035420,2012-02-19,2012,février,dimanche,21:50,67,67482,0,0,2,3,3,5,1,4,1,02,1,1,0,70,1,0,5,4,1,20,0,3,9,0,2,7,1,201200035420B01,7,16,1,246700488
201200035423,2012-02-21,2012,février,mardi,16:50,67,67482,0,0,2,1,3,1,1,4,2,02,1,1,70,80,1,0,1,4,1,23,5,3,9,0,2,8,19,201200035423A01,7,1,1,246700488
201200035424,2012-02-22,2012,février,mercredi,12:05,67,67482,0,0,2,1,3,1,1,4,2,04,1,1,20,140,1,0,1,4,1,37,5,3,4,0,2,3,19,201200035424A01,10,1,1,246700488
201200035433,2012-03-05,2012,mars,lundi,23:20,67,67482,0,0,2,1,3,5,1,4,3,02,1,1,35,80,1,0,1,4,1,31,5,3,9,0,2,8,1,201200035433A01,7,2,1,246700488
201200035437,2012-03-07,2012,mars,mercredi,09:30,67,67482,0,0,2,2,1,1,1,4,4,03,1,1,0,90,1,0,1,3,2,40,4,1,4,0,2,1,19,201200035437B01,7,15,1,246700488
201200035438,2012-03-08,2012,mars,jeudi,16:10,67,67482,0,0,2,2,3,1,1,4,2,02,1,1,0,50,1,0,1,4,1,20,4,2,9,0,2,1,1,201200035438A01,7,1,1,246700488
201200035439,2012-03-08,2012,mars,jeudi,18:55,67,67267,0,0,2,3,3,2,1,4,2,02,1,1,0,11,1,0,1,4,2,65,5,3,9,0,2,1,1,201200035439B01,7,15,1,246700488
201200035444,2012-03-12,2012,mars,lundi,14:15,67,67043,0,0,2,3,6,1,1,4,2,02,1,1,0,80,1,0,1,4,2,78,5,3,4,0,2,2,1,201200035444B01,7,4,1,246700488
201200035446,2012-03-14,2012,mars,mercredi,17:40,67,67482,0,0,2,1,6,1,1,4,2,02,1,1,0,80,1,0,0,1,1,29,9,3,9,0,1,1,0,201200035446A01,,,,246700488
201200035448,2012-03-15,2012,mars,jeudi,07:45,67,67482,0,0,2,1,6,1,1,4,1,02,1,1,0,41,-1,0,1,1,2,22,0,3,9,0,1,1,1,201200035448A01,,,,246700488
201200035457,2012-03-19,2012,mars,lundi,22:15,67,67482,0,0,2,1,6,5,1,4,-1,01,1,1,0,0,1,0,1,4,1,31,5,3,9,0,2,0,1,201200035457A01,1,0,1,246700488
201200035457,2012-03-19,2012,mars,lundi,22:15,67,67482,0,0,2,1,6,5,1,4,-1,01,1,1,0,0,1,0,1,1,1,22,0,3,9,0,0,0,0,201200035457Z01,1,1,1,246700488
201200035458,2012-03-20,2012,mars,mardi,17:10,67,67482,0,0,2,1,6,1,1,4,2,02,1,1,0,60,1,0,1,4,2,69,0,3,4,0,2,1,1,201200035458B01,7,1,1,246700488
201200035465,2012-03-26,2012,mars,lundi,18:20,67,67482,0,0,2,1,3,1,1,4,2,02,1,1,0,51,1,0,1,4,1,6,2,2,4,0,2,3,19,201200035465B01,10,1,1,246700488
201200035468,2012-03-27,2012,mars,mardi,16:50,67,67043,0,0,2,1,3,1,1,4,2,02,1,3,0,60,1,0,1,3,1,67,5,2,9,0,2,8,15,201200035468B01,7,17,1,246700488
201200035471,2012-03-28,2012,mars,mercredi,20:25,67,67482,0,0,2,1,1,5,1,4,3,02,1,1,30,60,1,0,1,4,1,18,5,2,4,0,2,1,5,201200035471A01,7,9,1,246700488
201200035473,2012-03-30,2012,mars,vendredi,15:30,67,67482,0,0,2,2,3,1,1,4,2,02,1,1,0,60,1,0,1,4,2,57,0,3,9,0,2,3,1,201200035473B01,7,15,1,246700488
201200035474,2012-03-31,2012,mars,samedi,04:30,67,67482,0,0,2,3,3,5,1,4,-1,01,1,1,0,75,1,6,1,4,2,20,5,2,9,0,2,1,5,201200035474B01,7,1,1,246700488
201200035475,2012-04-02,2012,avril,lundi,14:55,67,67482,0,0,2,1,3,1,1,4,2,04,1,2,0,80,1,0,5,4,1,69,5,3,9,0,2,8,1,201200035475B01,7,16,1,246700488