Num_Acc,date,an,mois,jour,hrmn,dep,com,lat,long,agg,int,col,lum,atm,catr,circ,nbv,prof,plan,lartpc,larrout,surf,infra,situ,grav,sexe,age,trajet,secuexist,equipement,obs,obsm,choc,manv,vehiculeid,typevehicules,manoeuvehicules,numVehicules,_infos_commune.code_epci
201200035476,2012-04-04,2012,avril,mercredi,18:30,67,67218,0,0,2,1,3,1,1,4,2,02,1,1,0,60,1,0,5,3,1,61,5,3,4,1,0,1,1,201200035476B01,7,22,1,246700488
201200035478,2012-04-05,2012,avril,jeudi,15:30,67,67482,0,0,2,2,3,1,3,4,1,01,1,1,0,125,2,0,1,4,1,23,9,3,9,0,2,8,19,201200035478A01,7,1,1,246700488
201200035482,2012-04-08,2012,avril,dimanche,18:00,67,67218,0,0,2,3,3,1,1,3,2,02,1,1,0,70,1,0,1,3,2,19,1,3,4,0,2,1,19,201200035482B01,7,16,1,246700488
201200035486,2012-04-10,2012,avril,mardi,12:05,67,67218,0,0,2,2,3,1,1,3,1,01,3,3,0,110,1,2,1,3,1,47,1,3,4,0,2,1,1,201200035486B01,7,16,1,246700488
201200035488,2012-04-10,2012,avril,mardi,17:20,67,67482,0,0,2,3,6,1,2,4,2,02,1,1,0,50,2,0,1,4,2,15,0,3,4,0,2,1,15,201200035488A01,7,1,1,246700488
201200035495,2012-04-17,2012,avril,mardi,08:40,67,67482,0,0,2,3,3,1,1,4,2,02,1,1,0,60,1,0,1,4,1,23,1,3,4,0,2,1,19,201200035495A01,7,15,1,246700488
201200035498,2012-04-19,2012,avril,jeudi,17:00,67,67447,0,0,2,2,3,1,1,3,2,02,1,1,0,63,1,0,0,4,1,15,2,2,9,0,2,7,19,201200035498B01,10,1,1,246700488
201200035500,2012-04-20,2012,avril,vendredi,08:15,67,67447,0,0,2,2,3,1,2,4,2,02,-1,1,0,70,2,0,1,3,1,28,1,2,2,0,2,1,1,201200035500B01,7,23,1,246700488
201200035510,2012-04-27,2012,avril,vendredi,10:43,67,67043,0,0,2,1,6,1,1,4,1,01,1,1,0,45,1,0,1,4,1,76,9,3,9,0,1,0,0,201200035510A01,,,,246700488
201200035510,2012-04-27,2012,avril,vendredi,10:43,67,67043,0,0,2,1,6,1,1,4,1,01,1,1,0,45,1,0,1,4,1,86,5,3,9,0,1,0,0,201200035510A01,,,,246700488
201200035511,2012-04-27,2012,avril,vendredi,12:00,67,67482,0,0,2,2,3,1,1,4,2,03,1,1,0,100,1,0,1,4,2,45,0,3,4,0,2,1,1,201200035511B01,7,16,1,246700488
201200035514,2012-04-27,2012,avril,vendredi,15:53,67,67482,0,0,2,1,3,1,1,4,3,02,1,1,30,50,1,0,1,4,1,15,5,3,9,0,2,1,19,201200035514B01,7,5,1,246700488
201200035515,2012-04-28,2012,avril,samedi,08:52,67,67043,0,0,2,1,3,1,1,4,2,02,1,1,0,70,1,0,1,4,2,77,3,2,9,0,2,1,5,201200035515A01,33,1,1,246700488
201200035517,2012-04-30,2012,avril,lundi,09:05,67,67482,0,0,2,3,3,1,1,4,2,02,1,1,0,90,1,0,1,3,1,54,5,2,9,0,2,1,1,201200035517A01,7,16,1,246700488
201200035523,2012-05-04,2012,mai,vendredi,06:45,67,67482,0,0,2,2,3,1,1,4,2,02,1,1,0,50,1,0,1,3,1,20,0,3,4,0,2,8,2,201200035523B01,10,2,1,246700488
201200035528,2012-05-07,2012,mai,lundi,17:50,67,67482,0,0,2,1,3,1,1,4,2,03,3,1,0,100,1,0,1,4,1,66,5,3,9,0,2,1,19,201200035528A01,7,1,1,246700488
201200035530,2012-05-08,2012,mai,mardi,18:45,67,67482,0,0,2,3,3,1,2,4,2,02,1,1,0,80,2,0,1,4,1,75,0,3,9,0,2,8,15,201200035530A01,7,1,1,246700488
201200035533,2012-05-11,2012,mai,vendredi,22:00,67,67482,0,0,2,3,3,5,1,4,1,02,1,1,0,70,1,0,1,4,1,37,9,3,9,0,2,1,19,201200035533B01,7,1,1,246700488
201200035534,2012-05-13,2012,mai,dimanche,16:00,67,67482,0,0,2,1,3,1,7,4,2,03,1,1,0,100,1,0,1,4,2,22,0,3,9,1,0,1,1,201200035534B01,7,22,1,246700488
201200035536,2012-05-13,2012,mai,dimanche,16:45,67,67482,0,0,2,1,3,1,1,4,2,02,1,1,0,124,1,0,1,3,1,9,5,3,9,0,2,1,19,201200035536B01,7,4,1,246700488
201200035541,2012-05-15,2012,mai,mardi,11:15,67,67482,0,0,2,5,2,1,1,4,1,00,1,1,0,49,1,0,1,4,2,62,1,2,9,0,2,1,1,201200035541B01,7,1,1,246700488
201200035547,2012-05-19,2012,mai,samedi,00:10,67,67482,0,0,2,2,3,5,2,4,1,01,1,1,0,50,2,0,1,4,1,32,5,2,9,0,2,1,15,201200035547A01,7,1,1,246700488
201200035550,2012-05-20,2012,mai,dimanche,11:20,67,67482,0,0,2,2,3,1,1,4,2,02,1,1,0,61,1,0,1,2,1,63,5,2,2,0,2,1,1,201200035550A01,38,1,1,246700488
201200035556,2012-05-22,2012,mai,mardi,17:22,67,67482,0,0,2,3,3,1,1,4,2,02,1,1,0,100,1,0,1,4,1,47,1,3,4,0,2,7,1,201200035556B01,7,1,1,246700488
201200035559,2012-05-24,2012,mai,jeudi,15:05,67,67482,0,0,2,3,3,1,1,4,2,02,1,1,0,134,1,0,1,4,1,61,5,3,9,0,2,1,1,201200035559B01,7,16,1,246700488
201200035562,2012-05-25,2012,mai,vendredi,20:15,67,67482,0,0,2,1,3,1,1,4,2,02,1,1,0,55,1,0,1,4,1,14,5,3,9,0,2,1,19,201200035562B01,7,1,1,246700488
201200035570,2012-06-01,2012,juin,vendredi,23:45,67,67482,0,0,2,1,6,5,1,4,4,02,1,1,0,80,1,0,5,4,1,49,5,3,9,0,1,1,1,201200035570A01,,,,246700488
201200035571,2012-06-02,2012,juin,samedi,13:26,67,67482,0,0,2,2,3,1,1,4,2,03,1,1,0,120,1,0,1,4,1,11,5,3,9,0,2,6,19,201200035571A01,7,1,1,246700488
201200035572,2012-06-02,2012,juin,samedi,17:50,67,67482,0,0,2,1,1,1,1,4,2,02,1,4,0,100,1,0,5,3,1,43,5,1,4,0,2,1,1,201200035572A01,1,1,1,246700488
201200035572,2012-06-02,2012,juin,samedi,17:50,67,67482,0,0,2,1,1,1,1,4,2,02,1,4,0,100,1,0,5,4,1,26,5,1,4,0,2,1,1,201200035572B01,1,1,1,246700488
201200035574,2012-06-03,2012,juin,dimanche,18:45,67,67482,0,0,2,2,1,1,2,4,3,03,1,1,0,45,2,0,4,4,1,28,5,2,9,0,2,1,1,201200035574A01,1,1,1,246700488
201200035574,2012-06-03,2012,juin,dimanche,18:45,67,67482,0,0,2,2,1,1,2,4,3,03,1,1,0,45,2,0,4,1,1,11,0,3,4,0,2,1,1,201200035574B01,1,1,1,246700488
201200035576,2012-06-05,2012,juin,mardi,15:35,67,67482,0,0,2,3,3,1,1,4,2,02,1,1,0,77,1,0,1,4,1,23,5,3,4,0,2,1,1,201200035576A01,7,16,1,246700488
201200035578,2012-06-07,2012,juin,jeudi,07:50,67,67482,0,0,2,1,1,1,1,4,2,02,1,1,0,0,1,0,5,3,1,52,1,2,9,0,2,1,1,201200035578B01,1,5,1,246700488
201200035578,2012-06-07,2012,juin,jeudi,07:50,67,67482,0,0,2,1,1,1,1,4,2,02,1,1,0,0,1,0,5,4,2,22,1,2,9,0,2,1,5,201200035578A01,1,1,1,246700488
201200035579,2012-06-07,2012,juin,jeudi,13:00,67,67482,0,0,2,1,3,1,1,4,2,02,1,1,0,61,1,0,1,4,2,10,0,3,9,0,2,1,19,201200035579B01,7,1,1,246700488
201200035580,2012-06-09,2012,juin,samedi,15:00,67,67482,0,0,2,2,3,1,1,4,2,02,1,1,0,100,1,0,1,4,1,27,5,3,9,0,2,8,19,201200035580A01,7,1,1,246700488
201200035581,2012-06-10,2012,juin,dimanche,12:55,67,67482,0,0,2,1,6,1,1,4,2,02,1,2,0,40,1,0,1,4,1,12,5,3,9,0,2,0,1,201200035581B01,10,13,1,246700488
201200035588,2012-06-12,2012,juin,mardi,23:10,67,67447,0,0,2,1,7,5,2,4,1,02,1,1,0,30,2,0,5,4,1,29,5,3,9,0,0,4,1,201200035588A01,,,,246700488
201200035590,2012-06-13,2012,juin,mercredi,07:10,67,67482,0,0,2,1,6,1,1,4,3,02,1,1,40,113,2,0,5,1,1,35,1,3,4,0,1,1,5,201200035590A01,,,,246700488
201200035590,2012-06-13,2012,juin,mercredi,07:10,67,67482,0,0,2,1,6,1,1,4,3,02,1,1,40,113,2,0,5,4,2,52,0,3,9,0,1,1,5,201200035590A01,,,,246700488
201200035592,2012-06-14,2012,juin,jeudi,14:35,67,67482,0,0,2,1,3,1,1,4,2,02,1,1,20,80,1,0,1,3,2,13,2,3,4,0,2,1,5,201200035592B01,7,15,1,246700488
201200035602,2012-06-23,2012,juin,samedi,14:40,67,67482,0,0,2,1,6,1,1,4,4,01,1,1,0,124,1,0,1,1,1,22,5,3,9,0,1,1,1,201200035602A01,,,,246700488
201200035607,2012-06-26,2012,juin,mardi,09:50,67,67482,0,0,2,1,3,1,2,4,2,02,1,1,0,28,1,0,5,4,1,57,5,3,9,0,2,7,2,201200035607A01,1,2,1,246700488
201200035607,2012-06-26,2012,juin,mardi,09:50,67,67482,0,0,2,1,3,1,2,4,2,02,1,1,0,28,1,0,5,4,2,40,5,3,9,0,2,8,2,201200035607B01,1,2,1,246700488
201200035610,2012-06-28,2012,juin,jeudi,17:00,67,67482,0,0,2,2,3,1,1,4,1,01,1,-1,0,50,1,0,1,4,1,13,2,3,9,0,2,1,1,201200035610A01,7,1,1,246700488
201200035615,2012-07-01,2012,juillet,dimanche,17:30,67,67482,0,0,2,3,3,1,1,4,2,02,1,1,0,70,1,0,1,4,1,7,5,3,9,0,2,1,1,201200035615B01,7,1,1,246700488
201200035616,2012-07-02,2012,juillet,lundi,14:10,67,67482,0,0,2,1,3,1,8,4,2,01,1,1,0,40,1,0,1,4,1,47,5,2,9,0,2,8,1,201200035616B01,7,9,1,246700488
201200035620,2012-07-05,2012,juillet,jeudi,01:30,67,67482,0,0,2,1,3,5,1,4,2,02,1,1,50,80,1,0,1,4,1,18,5,3,9,0,2,7,19,201200035620B01,7,1,1,246700488
201200035624,2012-07-09,2012,juillet,lundi,16:10,67,67482,0,0,2,1,3,1,1,4,2,02,1,1,0,100,1,0,5,4,2,23,5,3,9,0,2,1,1,201200035624B01,7,15,1,246700488
201200035627,2012-07-12,2012,juillet,jeudi,14:00,67,67482,0,0,2,1,6,1,1,4,2,01,2,1,0,35,1,2,1,1,1,27,0,3,9,0,1,1,2,201200035627A01,,,,246700488
201200035627,2012-07-12,2012,juillet,jeudi,14:00,67,67482,0,0,2,1,6,1,1,4,2,01,2,1,0,35,1,2,1,4,2,63,0,3,9,0,1,1,2,201200035627A01,,,,246700488
201200035631,2012-07-18,2012,juillet,mercredi,19:00,67,67482,0,0,1,4,6,1,1,4,4,01,1,1,0,38,-1,2,1,2,1,29,0,1,2,0,0,0,0,201200035631A01,,,,246700488
201200035632,2012-07-18,2012,juillet,mercredi,19:40,67,67482,0,0,2,1,3,1,1,4,1,01,1,1,0,11,1,0,1,4,2,26,1,1,4,1,2,1,1,201200035632B01,7,22,1,246700488
201200035636,2012-07-21,2012,juillet,samedi,10:00,67,67482,0,0,2,3,3,1,1,4,1,02,1,1,0,70,2,0,1,4,2,71,5,3,9,0,2,7,1,201200035636B01,7,16,1,246700488
201200035637,2012-07-21,2012,juillet,samedi,16:45,67,67482,0,0,2,1,3,1,1,4,2,02,1,1,0,150,1,0,1,4,1,11,5,3,9,0,2,8,19,201200035637B01,7,16,1,246700488
201200035638,2012-07-21,2012,juillet,samedi,23:00,67,67482,0,0,2,3,3,5,1,4,2,02,1,1,0,80,2,0,1,3,1,21,5,2,9,0,2,8,19,201200035638B01,7,15,1,246700488
201200035644,2012-07-27,2012,juillet,vendredi,10:36,67,67482,0,0,2,1,2,1,1,4,2,03,-1,1,0,260,1,0,1,4,1,30,0,1,2,0,2,1,1,201200035644A01,2,20,1,246700488
201200035645,2012-07-30,2012,juillet,lundi,14:00,67,67482,0,0,2,1,3,1,1,4,1,02,1,1,0,56,1,0,1,4,1,39,5,1,4,1,0,1,1,201200035645B01,7,24,1,246700488
201200035647,2012-07-31,2012,juillet,mardi,20:00,67,67482,0,0,2,2,2,2,1,4,2,03,1,-1,0,80,1,4,1,4,2,39,0,1,4,0,2,4,1,201200035647A01,33,1,1,246700488
201200035650,2012-08-02,2012,août,jeudi,10:10,67,67447,0,0,2,2,3,1,7,4,2,02,1,1,0,70,1,0,1,4,2,46,0,1,4,0,2,3,1,201200035650A01,7,16,1,246700488
201200035659,2012-08-09,2012,août,jeudi,15:45,67,67204,0,0,2,3,3,1,1,4,2,02,1,1,0,95,1,0,1,3,1,45,1,1,4,0,2,1,1,201200035659A01,10,1,1,246700488
201200035661,2012-08-12,2012,août,dimanche,23:01,67,67482,0,0,2,1,2,5,1,4,2,02,1,1,0,105,1,0,5,4,1,34,0,3,2,0,2,4,1,201200035661B01,2,17,1,246700488
201200035674,2012-08-22,2012,août,mercredi,14:25,67,67482,0,0,2,1,3,1,1,4,2,06,1,1,115,100,1,0,1,4,1,17,5,3,9,0,2,2,19,201200035674A01,7,1,1,246700488
201200035676,2012-08-24,2012,août,vendredi,18:15,67,67482,0,0,2,1,3,2,8,4,1,01,1,1,0,80,2,0,1,4,2,44,0,3,9,1,0,2,1,201200035676B01,7,24,1,246700488
201200035681,2012-08-27,2012,août,lundi,16:45,67,67482,0,0,2,3,6,1,1,4,1,01,1,1,0,40,1,0,1,1,1,22,5,3,9,0,1,1,15,201200035681A01,,,,246700488
201200035683,2012-08-30,2012,août,jeudi,16:35,67,67482,0,0,2,1,3,1,1,4,2,02,1,1,0,60,1,0,1,4,1,43,1,1,2,0,2,1,1,201200035683B01,7,24,1,246700488
201200035687,2012-08-31,2012,août,vendredi,19:30,67,67043,0,0,2,3,3,2,1,4,1,02,1,1,0,70,2,0,1,4,2,27,1,2,9,0,2,1,18,201200035687A01,7,1,1,246700488
201200035698,2012-09-05,2012,septembre,mercredi,13:40,67,67218,0,0,2,1,5,1,1,4,2,02,3,3,0,80,1,0,5,4,1,13,4,3,2,0,2,1,1,201200035698B01,37 / 30,0,2,246700488
201200035700,2012-09-05,2012,septembre,mercredi,17:15,67,67365,0,0,2,1,3,1,1,4,2,02,1,-1,0,85,1,0,1,4,1,11,5,2,9,0,2,0,19,201200035700B01,7,1,1,246700488
201200035701,2012-09-07,2012,septembre,vendredi,11:30,67,67447,0,0,2,3,3,1,1,4,2,02,1,1,0,80,1,5,1,4,2,38,1,3,9,0,2,6,16,201200035701B01,7,1,1,246700488
201200035709,2012-09-13,2012,septembre,jeudi,17:35,67,67482,0,0,2,1,6,1,1,4,-1,01,1,1,0,0,1,6,1,1,1,18,5,3,2,0,1,1,1,201200035709A01,,,,246700488
201200035711,2012-09-15,2012,septembre,samedi,13:59,67,67482,0,0,2,2,1,1,1,4,2,02,1,1,0,116,1,0,1,4,2,39,0,3,2,0,4,1,15,201200035711A01,40,1,1,246700488
201200035716,2012-09-17,2012,septembre,lundi,14:30,67,67482,0,0,2,1,1,1,1,4,1,01,1,3,0,90,1,0,5,4,1,28,2,2,9,0,2,1,15,201200035716A01,1,16,1,246700488
201200035716,2012-09-17,2012,septembre,lundi,14:30,67,67482,0,0,2,1,1,1,1,4,1,01,1,3,0,90,1,0,5,4,1,19,2,2,9,0,2,1,16,201200035716B01,1,15,1,246700488
201200035717,2012-09-17,2012,septembre,lundi,18:10,67,67482,0,0,2,1,3,2,1,4,2,03,1,1,0,90,1,0,1,4,1,49,9,1,4,0,2,1,1,201200035717B01,10,1,1,246700488
201200035721,2012-09-21,2012,septembre,vendredi,07:45,67,67482,0,0,2,2,3,1,1,4,2,04,1,1,0,150,1,5,1,4,2,24,1,3,9,0,2,0,1,201200035721B01,7,16,1,246700488
201200035722,2012-09-22,2012,septembre,samedi,10:30,67,67218,0,0,2,1,1,1,2,4,1,01,1,1,0,80,1,0,1,4,1,80,3,3,9,0,2,1,0,201200035722B01,7,16,1,246700488
201200035725,2012-09-25,2012,septembre,mardi,08:05,67,67482,0,0,2,2,3,1,1,4,2,04,1,1,0,80,1,2,1,4,2,26,1,1,4,0,2,5,1,201200035725A01,7,1,1,246700488
201200035728,2012-09-27,2012,septembre,jeudi,06:55,67,67482,0,0,2,1,2,2,1,4,2,03,1,1,30,60,1,0,1,4,2,50,0,3,2,0,2,3,1,201200035728B01,7,14,1,246700488
201200035729,2012-09-27,2012,septembre,jeudi,18:00,67,67447,0,0,2,2,3,1,3,4,2,03,1,1,0,111,2,0,1,4,2,53,1,3,9,0,2,1,19,201200035729B01,7,15,1,246700488
201200035731,2012-09-27,2012,septembre,jeudi,18:00,67,67482,0,0,2,3,3,1,2,4,2,02,1,1,13,87,2,0,1,2,2,65,0,2,2,0,2,0,19,201200035731A01,7,1,1,246700488
201200035735,2012-09-30,2012,septembre,dimanche,11:40,67,67482,0,0,2,2,2,1,1,4,2,03,1,1,0,151,1,0,1,4,1,53,9,3,9,0,2,1,1,201200035735A01,7,18,1,246700488
201200035736,2012-10-02,2012,octobre,mardi,17:20,67,67482,0,0,2,2,3,1,1,4,3,01,1,1,0,35,1,0,1,4,1,38,9,3,9,0,2,1,1,201200035736B01,7,15,1,246700488
201200035739,2012-10-02,2012,octobre,mardi,18:30,67,67218,0,0,2,6,3,1,1,4,2,02,1,1,0,0,1,5,1,4,1,38,1,3,9,0,2,1,19,201200035739B01,7,1,1,246700488
201200035740,2012-10-03,2012,octobre,mercredi,11:30,67,67482,0,0,2,2,3,1,1,4,2,02,1,1,0,40,1,0,1,4,2,20,2,3,9,0,2,7,19,201200035740B01,7,12,1,246700488
201200035741,2012-10-03,2012,octobre,mercredi,16:05,67,67482,0,0,2,2,3,1,1,4,3,02,1,1,81,97,1,0,1,4,1,34,5,2,9,0,2,1,1,201200035741A01,7,15,1,246700488
201200035744,2012-10-04,2012,octobre,jeudi,07:50,67,67482,0,0,2,1,3,2,2,4,2,04,1,3,0,110,2,0,1,4,1,14,9,3,9,0,2,1,19,201200035744B01,7,16,1,246700488
201200035747,2012-10-08,2012,octobre,lundi,18:16,67,67482,0,0,2,7,2,1,1,4,2,02,1,1,0,30,1,0,5,4,2,72,5,3,2,0,2,1,1,201200035747B01,1,15,1,246700488
201200035747,2012-10-08,2012,octobre,lundi,18:16,67,67482,0,0,2,7,2,1,1,4,2,02,1,1,0,30,1,0,5,1,2,18,2,3,2,0,2,4,15,201200035747A01,1,1,1,246700488
201200035748,2012-10-10,2012,octobre,mercredi,14:50,67,67482,0,0,2,1,3,1,1,4,3,02,1,1,110,73,1,0,0,4,1,8,0,3,9,0,4,7,19,201200035748A01,40,1,1,246700488
201200035751,2012-10-16,2012,octobre,mardi,07:35,67,67482,0,0,2,2,3,1,1,4,3,06,1,1,70,160,1,0,1,4,2,38,1,1,9,0,2,1,1,201200035751B01,7,19,1,246700488
201200035754,2012-10-18,2012,octobre,jeudi,09:30,67,67447,0,0,2,5,3,1,1,4,2,04,1,4,29,158,1,0,1,4,2,25,0,1,4,0,2,1,1,201200035754B01,7,17,1,246700488
201200035756,2012-10-18,2012,octobre,jeudi,19:15,67,67482,0,0,2,2,3,5,1,4,1,02,1,1,0,40,1,0,1,4,1,19,5,3,9,0,2,4,1,201200035756A01,7,1,1,246700488
201200035764,2012-10-24,2012,octobre,mercredi,12:10,67,67482,0,0,2,2,3,1,1,4,3,04,1,1,130,134,1,0,1,3,1,44,1,1,4,0,2,4,19,201200035764A01,33,15,1,246700488
201200035773,2012-10-31,2012,octobre,mercredi,08:07,67,67267,0,0,2,3,3,1,1,4,2,02,-1,-1,0,0,-1,0,0,4,2,19,1,1,4,0,2,8,0,201200035773B01,7,0,1,246700488
201200035779,2012-11-06,2012,novembre,mardi,13:40,67,67482,0,0,2,2,6,1,1,4,2,02,1,1,0,160,1,0,1,4,2,19,0,3,9,0,1,1,19,201200035779A01,,,,246700488
201200035781,2012-11-07,2012,novembre,mercredi,09:55,67,67043,0,0,2,2,3,1,2,4,1,01,2,1,0,30,2,2,1,3,2,63,1,1,4,0,2,1,19,201200035781A01,7,1,1,246700488
201200035788,2012-11-14,2012,novembre,mercredi,08:10,67,67043,0,0,2,2,3,1,1,4,1,01,1,1,0,60,1,0,1,4,2,22,0,1,4,0,2,1,1,201200035788B01,7,1,1,246700488
201200035790,2012-11-14,2012,novembre,mercredi,18:10,67,67482,0,0,2,1,1,5,1,4,2,02,1,1,0,45,1,0,1,4,1,22,5,2,4,0,2,1,1,201200035790A01,7,1,1,246700488
201200035793,2012-11-19,2012,novembre,lundi,05:35,67,67482,0,0,2,2,3,5,5,4,2,02,1,1,0,50,2,0,1,3,1,63,1,1,4,0,2,1,1,201200035793B01,7,15,1,246700488
201200035794,2012-11-19,2012,novembre,lundi,13:40,67,67218,0,0,2,2,3,1,5,4,2,02,1,1,0,60,2,0,1,3,1,12,2,1,4,0,2,8,19,201200035794B01,7,16,1,246700488
201200035796,2012-11-19,2012,novembre,lundi,18:50,67,67482,0,0,2,3,3,5,1,4,1,02,1,3,0,70,1,0,1,4,1,47,5,3,9,0,2,8,19,201200035796A01,7,15,1,246700488
201200035797,2012-11-21,2012,novembre,mercredi,18:10,67,67482,0,0,2,1,3,5,1,4,2,03,1,1,0,113,1,0,1,4,1,20,2,3,9,0,2,1,19,201200035797A01,7,1,1,246700488
201200035800,2012-11-23,2012,novembre,vendredi,10:52,67,67482,0,0,2,2,3,1,1,4,2,02,1,1,0,65,1,0,1,2,1,31,1,2,2,0,2,1,19,201200035800B01,17,14,1,246700488
201200035804,2012-11-26,2012,novembre,lundi,18:25,67,67482,0,0,2,3,3,5,3,4,1,01,1,1,0,41,2,0,1,4,2,56,0,1,4,0,2,7,19,201200035804A01,7,1,1,246700488
201200035806,2012-11-27,2012,novembre,mardi,22:25,67,67482,0,0,2,2,3,3,2,4,2,02,1,1,0,80,2,0,1,4,2,21,9,3,9,0,2,7,1,201200035806B01,7,15,1,246700488
201200035808,2012-11-28,2012,novembre,mercredi,18:06,67,67482,0,0,2,3,1,5,2,4,2,03,1,1,0,150,2,0,1,4,2,57,9,1,4,0,2,1,1,201200035808A01,7,15,1,246700488
201200035810,2012-11-29,2012,novembre,jeudi,16:10,67,67482,0,0,2,1,3,1,2,4,2,02,1,1,0,30,1,0,1,4,1,18,9,3,9,0,2,1,19,201200035810A01,7,1,1,246700488
201200035814,2012-11-30,2012,novembre,vendredi,17:20,67,67447,0,0,2,1,3,5,1,4,2,02,1,2,0,60,1,0,1,4,2,21,0,3,9,0,2,7,19,201200035814B01,7,1,1,246700488
201200035819,2012-12-06,2012,décembre,jeudi,17:15,67,67447,0,0,2,3,3,5,1,4,2,02,1,1,0,71,1,0,1,4,1,50,5,1,4,0,2,1,15,201200035819B01,7,1,1,246700488
201200035828,2012-12-13,2012,décembre,jeudi,08:50,67,67482,0,0,2,2,3,1,8,4,2,03,1,1,0,60,1,0,1,4,1,27,9,1,4,0,4,8,19,201200035828A01,40,1,1,246700488
201200035834,2012-12-16,2012,décembre,dimanche,02:05,67,67482,0,0,2,3,3,5,3,4,2,02,1,1,0,100,2,0,1,4,1,17,5,2,4,0,2,1,1,201200035834A01,7,1,1,246700488
201200035848,2012-12-29,2012,décembre,samedi,09:55,67,67482,0,0,2,3,3,1,1,4,3,02,1,1,0,0,1,0,1,4,2,69,5,2,9,0,2,1,19,201200035848A01,7,1,1,246700488
201200035851,2012-01-18,2012,janvier,mercredi,12:05,68,68066,48.08101,7.36414,2,2,6,1,1,3,2,05,1,1,20,200,1,0,1,3,1,14,2,2,2,0,2,8,19,201200035851B01,7,11,1,246800726
201200035854,2012-01-30,2012,janvier,lundi,12:40,68,68066,48.08144,7.3524,2,2,6,1,1,3,1,03,1,1,0,110,2,0,0,3,2,16,2,3,2,0,2,1,1,201200035854B01,7,1,1,246800726
201200035861,2012-04-25,2012,avril,mercredi,19:42,68,68066,48.06918,7.36498,2,2,3,1,1,3,2,04,1,1,20,160,1,0,1,3,2,38,3,2,2,0,2,8,5,201200035861B01,7,9,1,246800726
201200035863,2012-12-28,2012,décembre,vendredi,19:41,68,68066,48.08049,7.3566,2,1,6,5,1,4,1,01,1,1,0,56,1,0,1,1,1,44,5,3,9,0,1,1,1,201200035863A01,,,,246800726
201200035864,2012-06-06,2012,juin,mercredi,17:40,68,68066,48.07381,7.34798,2,2,6,1,1,4,1,01,1,1,0,50,2,4,1,4,2,24,1,2,2,0,2,1,9,201200035864B01,7,9,1,246800726
201200035872,2012-07-18,2012,juillet,mercredi,11:25,68,68066,48.05114,7.36728,1,1,6,1,1,3,2,02,1,1,30,90,1,0,1,3,2,70,5,2,2,0,2,8,13,201200035872B01,7,13,1,246800726
201200035880,2012-08-09,2012,août,jeudi,16:50,68,68066,48.07588,7.3411,2,1,6,1,1,3,3,02,1,1,0,0,1,0,1,4,2,24,5,3,2,0,2,1,1,201200035880A01,2,0,1,246800726
201200035881,2012-08-26,2012,août,dimanche,00:25,68,68066,48.08526,7.35736,2,2,3,5,1,3,2,05,1,1,0,200,1,5,1,4,1,24,5,2,2,0,2,1,1,201200035881A01,7,,1,246800726
201200035882,2012-09-09,2012,septembre,dimanche,10:00,68,68066,48.08029,7.38168,2,1,6,1,1,3,2,02,1,1,14,130,1,0,1,1,1,15,5,3,9,0,1,1,1,201200035882A01,,,,246800726
201200035890,2012-09-24,2012,septembre,lundi,10:10,68,68066,48.08877,7.3597,2,1,6,1,1,3,2,05,1,1,12,240,1,0,1,4,2,63,1,3,2,0,2,4,1,201200035890B01,7,1,1,246800726
201200035894,2012-11-23,2012,novembre,vendredi,14:00,68,68066,48.0687,7.33729,2,3,6,1,1,4,2,02,1,1,18,100,1,0,0,3,1,83,5,1,9,0,2,1,1,201200035894B01,7,9,1,246800726
201200035898,2012-11-30,2012,novembre,vendredi,11:30,68,68066,48.08283,7.33634,2,1,2,1,1,4,2,02,1,1,0,90,1,0,1,3,1,72,5,3,9,0,2,6,19,201200035898B01,7,1,1,246800726
201200035903,2012-06-26,2012,juin,mardi,08:15,68,68112,47.90155,7.2185,2,8,2,1,1,4,2,02,1,1,0,60,-1,0,5,4,2,58,1,3,9,0,2,6,1,201200035903B01,7,19,1,246800569
201200035912,2012-02-06,2012,février,lundi,18:27,68,68224,47.74375,7.32924,2,3,6,5,1,4,2,02,1,1,0,65,1,0,1,4,2,33,5,1,9,0,2,2,1,201200035912B01,7,5,1,200066009
201200035925,2012-05-19,2012,mai,samedi,16:15,68,68256,47.72954,7.32115,2,6,3,1,1,3,2,02,1,1,0,94,1,5,1,4,2,85,0,3,9,0,2,7,19,201200035925B01,3,1,1,200066009
201200035948,2012-10-17,2012,octobre,mercredi,15:35,68,68256,47.7646,7.29777,2,1,6,1,1,4,2,02,2,1,0,86,1,0,1,3,1,60,5,1,4,0,2,0,1,201200035948B01,10,17,1,200066009
201200035961,2012-01-26,2012,janvier,jeudi,04:40,68,68297,47.59011,7.55908,2,3,3,5,1,3,2,02,1,1,0,136,1,0,1,3,1,56,1,2,9,0,2,1,1,201200035961B01,10,16,1,200066058
201200035966,2012-08-09,2012,août,jeudi,18:35,68,68297,47.5874,7.567,2,1,6,1,1,3,2,02,1,1,100,65,1,0,1,3,1,61,5,3,9,0,2,3,15,201200035966B01,7,21,1,200066058
201200035978,2012-05-25,2012,mai,vendredi,17:10,68,68376,47.81193,7.31109,2,1,1,1,1,3,2,04,1,1,0,17,1,0,4,3,2,76,5,2,9,0,2,3,1,201200035978B01,7,9,1,200066009
201200036019,2012-10-16,2012,octobre,mardi,10:30,69,69029,0,0,2,9,7,1,1,4,2,03,2,1,0,57,1,0,0,4,1,34,4,1,2,0,2,0,1,201200036019B01,7,16,1,200046977