Num_Acc,date,an,mois,jour,hrmn,dep,com,lat,long,agg,int,col,lum,atm,catr,circ,nbv,prof,plan,lartpc,larrout,surf,infra,situ,grav,sexe,age,trajet,secuexist,equipement,obs,obsm,choc,manv,vehiculeid,typevehicules,manoeuvehicules,numVehicules,_infos_commune.code_epci
201200036047,2012-04-04,2012,avril,mercredi,15:05,69,69034,0,0,2,3,6,1,1,3,2,02,1,1,0,95,1,0,1,4,1,34,5,1,2,0,2,1,1,201200036047A01,7,15,1,200046977
201200036052,2012-05-06,2012,mai,dimanche,18:30,69,69034,0,0,2,1,6,1,1,4,2,02,1,1,0,90,1,0,1,4,1,56,4,1,2,0,1,1,1,201200036052A01,,,,200046977
201200036055,2012-05-14,2012,mai,lundi,08:15,69,69034,0,0,2,1,6,1,1,4,2,02,1,1,0,75,1,0,1,4,1,36,1,3,2,0,2,1,17,201200036055B01,7,10,1,200046977
201200036063,2012-06-28,2012,juin,jeudi,16:50,69,69034,0,0,2,2,1,1,1,4,2,02,1,1,0,99,1,0,1,3,1,27,0,3,2,0,2,1,5,201200036063A01,7,1,1,200046977
201200036080,2012-09-18,2012,septembre,mardi,12:35,69,69034,0,0,2,9,3,1,1,4,1,03,1,1,0,89,1,2,1,4,1,68,0,2,2,0,2,7,19,201200036080A01,7,21,1,200046977
201200036085,2012-09-17,2012,septembre,lundi,19:30,69,69034,0,0,2,1,6,2,1,4,1,01,1,1,0,45,1,6,1,3,1,5,5,2,2,0,2,1,19,201200036085A01,7,1,1,200046977
201200036089,2012-10-19,2012,octobre,vendredi,17:40,69,69034,0,0,2,1,3,1,1,4,2,02,1,1,0,63,1,0,1,3,1,13,5,3,2,0,2,1,0,201200036089B01,10,23,1,200046977
201200036092,2012-11-07,2012,novembre,mercredi,12:15,69,69034,0,0,2,1,3,1,1,4,1,01,-1,-1,0,30,1,0,1,4,2,50,0,3,2,0,2,0,1,201200036092B01,7,9,1,200046977
201200036117,2012-01-17,2012,janvier,mardi,17:00,69,69091,0,0,2,3,3,1,1,4,1,02,1,-1,0,0,1,0,1,4,1,14,2,2,2,0,2,1,1,201200036117A01,7,1,1,200046977
201200036128,2012-05-06,2012,mai,dimanche,12:00,69,69091,0,0,2,2,3,1,8,3,2,02,1,1,0,0,1,0,1,4,1,62,5,1,2,0,2,8,1,201200036128B01,3,16,1,200046977
201200036129,2012-06-13,2012,juin,mercredi,12:40,69,69096,0,0,2,1,3,1,1,4,1,00,1,1,0,90,1,0,1,4,2,9,5,2,2,0,2,8,19,201200036129B01,7,1,1,200046977
201200036133,2012-06-18,2012,juin,lundi,07:00,69,69091,0,0,1,1,2,1,1,3,2,02,1,1,0,62,1,0,1,4,1,38,1,2,2,0,2,4,1,201200036133A01,7,2,1,200046977
201200036139,2012-07-11,2012,juillet,mercredi,07:10,69,69091,0,0,2,6,6,1,1,4,2,00,1,-1,0,0,1,0,1,4,1,57,5,1,2,0,2,9,1,201200036139B01,7,9,1,200046977
201200036152,2012-09-24,2012,septembre,lundi,18:20,69,69091,0,0,2,4,3,1,1,4,-1,01,2,3,0,0,1,0,1,4,1,11,5,1,2,0,2,1,9,201200036152B01,33,1,1,200046977
201200036177,2012-03-01,2012,mars,jeudi,07:04,69,69152,0,0,2,3,3,1,1,4,3,01,1,3,0,113,1,0,1,4,2,61,1,1,2,0,2,1,1,201200036177B01,7,15,1,
201200036192,2012-05-16,2012,mai,mercredi,16:10,69,69142,0,0,2,1,7,1,1,3,2,04,2,1,0,70,1,0,3,4,1,34,9,3,2,15,0,6,1,201200036192A01,,,,200046977
201200036196,2012-05-30,2012,mai,mercredi,07:50,69,69152,0,0,2,2,3,1,1,3,2,02,1,1,0,75,1,0,0,4,2,35,1,1,2,0,2,1,1,201200036196B01,7,15,1,
201200036210,2012-08-29,2012,août,mercredi,16:45,69,69149,0,0,2,2,3,1,1,4,2,02,-1,-1,59,74,-1,0,0,4,1,49,1,3,2,0,2,1,1,201200036210B01,7,15,1,200046977
201200036246,2012-03-29,2012,mars,jeudi,19:00,69,69256,0,0,2,6,3,1,1,4,2,02,1,1,0,0,1,0,1,4,1,55,1,2,4,0,2,8,1,201200036246B01,7,16,1,200046977
201200036248,2012-05-09,2012,mai,mercredi,17:10,69,69256,0,0,2,2,3,1,1,4,2,03,1,1,0,113,1,4,1,3,1,14,0,3,9,0,4,1,16,201200036248A01,40,1,1,200046977
201200036257,2012-07-24,2012,juillet,mardi,20:45,69,69256,0,0,2,3,6,1,1,4,1,01,1,1,0,0,1,0,1,4,2,32,0,1,2,0,2,4,1,201200036257A01,7,1,1,200046977
201200036286,2012-12-18,2012,décembre,mardi,16:40,69,69256,0,0,2,2,3,2,2,4,2,02,1,1,0,0,2,0,1,4,2,49,0,3,4,0,0,0,16,201200036286B01,7,16,1,200046977
201200036304,2012-02-07,2012,février,mardi,08:30,69,69259,0,0,2,1,3,1,1,4,2,02,1,1,0,0,1,0,1,3,1,53,1,2,2,0,2,7,17,201200036304B01,7,9,1,200046977
201200036308,2012-02-18,2012,février,samedi,15:40,69,69259,0,0,2,1,3,1,7,4,2,02,1,2,0,0,1,0,1,4,2,33,5,3,9,0,2,3,1,201200036308B01,7,16,1,200046977
201200036312,2012-03-06,2012,mars,mardi,20:15,69,69259,0,0,2,1,6,5,1,4,1,01,1,1,78,46,1,0,1,4,1,14,5,2,2,0,2,1,0,201200036312A01,7,0,1,200046977
201200036313,2012-03-11,2012,mars,dimanche,12:45,69,69199,0,0,2,3,3,1,1,4,2,02,1,1,11,66,1,0,1,3,2,23,9,1,2,0,2,1,1,201200036313B01,7,1,1,200046977
201200036327,2012-04-02,2012,avril,lundi,08:20,69,69259,0,0,2,3,3,1,1,4,2,00,1,1,0,0,1,0,5,4,1,26,1,2,2,0,2,1,1,201200036327B01,7,15,1,200046977
201200036328,2012-04-14,2012,avril,samedi,16:40,69,69259,0,0,2,2,7,1,1,4,-1,02,1,1,11,105,1,0,4,3,1,19,9,1,2,0,0,1,1,201200036328A01,,,,200046977
201200036388,2012-09-03,2012,septembre,lundi,17:54,69,69259,0,0,2,9,3,1,1,3,1,01,1,1,0,38,1,0,1,4,1,18,0,3,9,0,0,0,0,201200036388A01,7,1,1,200046977
201200036390,2012-09-10,2012,septembre,lundi,11:25,69,69259,0,0,2,1,6,1,1,4,-1,01,-1,-1,0,0,1,0,1,4,2,32,1,2,9,0,2,8,0,201200036390B01,10,1,1,200046977
201200036430,2012-11-29,2012,novembre,jeudi,22:00,69,69259,0,0,2,1,6,5,1,4,1,02,1,1,0,0,-1,0,1,1,1,20,5,3,2,0,1,5,0,201200036430A01,,,,200046977
201200036430,2012-11-29,2012,novembre,jeudi,22:00,69,69259,0,0,2,1,6,5,1,4,1,02,1,1,0,0,-1,0,1,3,1,38,5,3,9,0,1,5,0,201200036430A01,,,,200046977
201200036454,2012-05-17,2012,mai,jeudi,10:45,69,69264,0,0,2,1,2,1,1,4,2,02,1,2,0,84,1,5,1,3,1,70,5,3,9,0,2,4,2,201200036454B01,3,2,1,200040590
201200036455,2012-06-04,2012,juin,lundi,15:50,69,69264,0,0,2,1,3,1,1,3,2,03,1,1,0,110,1,0,1,4,1,18,5,1,2,0,2,1,1,201200036455B01,7,11,1,200040590
201200036465,2012-06-29,2012,juin,vendredi,11:30,69,69264,0,0,2,6,6,1,1,4,2,01,4,1,17,47,-1,5,1,4,2,53,5,1,2,0,0,4,16,201200036465A01,,,,200040590
201200036467,2012-10-25,2012,octobre,jeudi,21:40,69,69264,0,0,2,1,5,5,1,4,2,02,1,1,18,72,1,0,1,3,1,17,5,2,9,0,2,1,0,201200036467B01,7,5,1,200040590
201200036467,2012-10-25,2012,octobre,jeudi,21:40,69,69264,0,0,2,1,5,5,1,4,2,02,1,1,18,72,1,0,1,3,1,16,5,2,9,0,2,1,0,201200036467C01,7,5,1,200040590
201200036478,2012-01-18,2012,janvier,mercredi,14:10,69,69266,0,0,2,3,3,1,1,4,1,01,1,1,0,0,1,0,1,3,1,21,5,1,2,0,2,1,19,201200036478B01,7,0,1,200046977
201200036508,2012-05-28,2012,mai,lundi,21:25,69,69266,0,0,2,1,3,2,1,4,-1,01,1,1,0,0,1,0,4,4,1,37,0,3,9,0,2,3,1,201200036508Z01,7,1,1,200046977
201200036516,2012-06-17,2012,juin,dimanche,17:30,69,69266,0,0,2,1,1,1,1,5,2,00,1,1,0,0,1,0,5,4,2,43,5,3,4,0,2,1,1,201200036516B01,2,19,1,200046977
201200036525,2012-07-09,2012,juillet,lundi,20:30,69,69266,0,0,2,6,3,1,1,4,2,01,4,-1,0,55,1,5,1,4,1,31,0,2,2,0,2,0,2,201200036525B01,7,2,1,200046977
201200036535,2012-08-31,2012,août,vendredi,21:23,69,69266,0,0,2,3,3,5,3,4,2,02,1,1,0,0,2,0,1,4,1,36,5,2,4,0,2,1,1,201200036535B01,7,15,1,200046977
201200036544,2012-10-08,2012,octobre,lundi,18:30,69,69266,0,0,2,1,3,5,2,4,2,02,1,1,0,0,2,0,1,4,1,47,5,3,4,0,2,7,21,201200036544B01,7,13,1,200046977
201200036546,2012-10-10,2012,octobre,mercredi,21:30,69,69266,0,0,2,3,3,5,2,4,2,02,1,1,0,0,2,0,1,4,1,26,5,3,9,0,2,8,19,201200036546A01,7,1,1,200046977
201200036557,2012-11-08,2012,novembre,jeudi,11:50,69,69266,0,0,2,3,3,1,1,4,2,04,1,1,0,140,1,0,1,4,1,19,0,3,9,0,2,8,1,201200036557B01,17,16,1,200046977
201200036585,2012-10-23,2012,octobre,mardi,16:25,69,69275,0,0,1,1,7,1,1,4,2,02,2,1,0,67,1,0,1,3,2,52,1,3,9,0,9,0,1,201200036585A01,7,1,1,200046977
201200036596,2012-06-22,2012,juin,vendredi,13:02,69,69282,0,0,2,1,3,1,1,4,2,02,1,1,0,66,1,0,1,3,1,46,5,3,9,0,2,8,13,201200036596B01,7,1,1,200046977
201200036597,2012-07-10,2012,juillet,mardi,20:50,69,69282,0,0,2,1,3,1,1,4,2,02,1,1,0,0,1,0,1,4,1,15,0,2,9,0,2,7,1,201200036597B01,99,0,1,200046977
201200036612,2012-05-29,2012,mai,mardi,18:40,69,69286,0,0,2,1,6,1,1,4,3,02,1,1,0,80,1,0,1,4,1,5,5,1,2,0,2,0,0,201200036612B01,7,1,1,200046977
201200036616,2012-08-07,2012,août,mardi,17:32,69,69286,0,0,2,1,1,1,1,4,-1,02,1,1,0,56,1,0,0,4,1,7,5,2,9,0,2,1,15,201200036616B01,7,1,1,200046977
201200036658,2012-06-15,2012,juin,vendredi,12:20,69,69290,0,0,2,1,6,1,1,4,2,02,1,1,0,63,1,0,1,3,1,75,3,3,4,0,2,0,1,201200036658A01,,,,200046977
201200036681,2012-10-03,2012,octobre,mercredi,06:35,69,69290,0,0,2,1,1,3,1,4,2,02,1,2,0,77,1,0,1,3,1,45,1,1,2,0,2,1,1,201200036681B01,7,13,1,200046977
201200036698,2012-12-18,2012,décembre,mardi,18:30,69,69290,0,0,2,6,3,5,2,4,2,02,1,3,0,0,2,0,1,4,1,53,0,2,4,0,2,7,1,201200036698B01,7,9,1,200046977
201200036717,2012-07-06,2012,juillet,vendredi,10:20,70,70550,0,0,2,1,6,1,1,2,2,02,1,1,22,45,1,0,1,4,1,79,0,2,2,0,2,1,1,201200036717B01,7,4,1,247000011
201200036723,2012-08-18,2012,août,samedi,21:00,70,70550,0,0,2,9,3,2,1,3,2,02,1,1,0,0,1,5,1,3,1,13,5,2,2,0,2,7,19,201200036723B01,7,1,1,247000011
201200036724,2012-09-18,2012,septembre,mardi,14:55,70,70550,0,0,2,6,3,1,1,3,2,02,1,2,69,90,1,5,1,3,2,54,1,2,9,0,0,5,1,201200036724B01,10,1,1,247000011
201200036728,2012-05-10,2012,mai,jeudi,20:45,70,70550,0,0,2,1,3,5,1,2,2,02,1,1,0,0,1,0,1,4,1,13,5,2,2,1,0,4,21,201200036728B01,7,2,1,247000011
201200036731,2012-11-17,2012,novembre,samedi,08:45,70,70550,0,0,2,6,3,1,1,2,1,01,1,2,95,89,1,5,1,4,1,72,3,2,2,0,2,2,15,201200036731B01,7,9,1,247000011
201200036744,2012-03-31,2012,mars,samedi,11:40,71,71076,0,0,2,1,6,1,1,4,2,02,1,1,0,0,1,0,1,4,2,49,5,2,9,0,2,1,1,201200036744B01,7,9,1,247100589
201200036750,2012-06-01,2012,juin,vendredi,20:15,71,71076,0,0,2,1,1,1,1,4,1,01,1,1,0,0,1,0,1,4,1,8,5,2,2,0,2,1,5,201200036750B01,7,1,1,247100589
201200036762,2012-09-17,2012,septembre,lundi,20:20,71,71076,0,0,2,6,3,5,1,4,2,01,1,1,0,90,1,0,1,3,1,53,1,3,9,0,2,1,1,201200036762B01,7,9,1,247100589
201200036763,2012-10-05,2012,octobre,vendredi,08:00,71,71076,0,0,2,1,3,1,1,4,2,02,1,1,0,113,1,2,1,3,1,18,2,3,9,0,9,7,19,201200036763A01,33,1,1,247100589
201200036769,2012-11-02,2012,novembre,vendredi,17:10,71,71076,0,0,2,1,3,2,2,4,2,02,1,1,0,0,2,0,1,3,2,25,1,3,9,0,0,8,19,201200036769B01,7,1,1,247100589
201200036772,2012-11-14,2012,novembre,mercredi,16:15,71,71076,0,0,2,1,7,1,1,4,-1,00,1,1,0,0,1,0,5,3,1,70,5,3,9,0,9,0,0,201200036772A01,,,,247100589
201200036784,2012-08-03,2012,août,vendredi,08:55,71,71153,0,0,2,1,3,1,1,3,2,02,2,1,0,0,1,0,1,3,2,48,1,1,4,0,2,4,1,201200036784B01,7,1,1,247100290
201200036822,2012-05-16,2012,mai,mercredi,14:25,71,71040,0,0,2,3,3,1,1,3,2,02,1,1,0,72,1,0,1,3,1,17,5,1,2,0,2,8,15,201200036822B01,7,17,1,247100290
201200036838,2012-01-27,2012,janvier,vendredi,18:35,72,72181,0,0,2,3,3,2,1,4,2,02,1,1,0,0,1,0,0,4,1,44,0,3,9,0,0,1,15,201200036838B01,7,1,1,247200132
201200036847,2012-03-09,2012,mars,vendredi,18:05,72,72181,0,0,2,3,3,1,1,4,2,02,1,1,0,0,1,0,0,4,1,29,0,3,9,0,2,3,1,201200036847B01,7,16,1,247200132
201200036848,2012-03-11,2012,mars,dimanche,12:05,72,72181,0,0,2,3,3,1,1,4,2,02,1,1,0,0,1,0,1,3,1,47,5,3,9,0,2,1,1,201200036848B01,7,1,1,247200132
201200036850,2012-03-11,2012,mars,dimanche,16:50,72,72181,0,0,2,1,6,1,1,4,3,04,1,1,0,0,1,0,5,4,2,18,0,3,9,1,0,1,1,201200036850B01,7,22,1,247200132
201200036856,2012-03-28,2012,mars,mercredi,09:20,72,72181,0,0,2,3,3,1,1,4,1,03,1,1,0,0,1,0,0,2,1,68,5,3,9,0,2,1,1,201200036856B01,14,16,1,247200132
201200036860,2012-04-04,2012,avril,mercredi,05:30,72,72181,0,0,2,3,3,5,1,4,1,02,1,1,0,0,1,0,0,4,1,54,0,1,4,0,2,1,1,201200036860B01,7,15,1,247200132
201200036890,2012-09-04,2012,septembre,mardi,17:55,72,72181,0,0,2,6,3,1,1,4,2,02,1,1,0,0,1,0,1,4,2,51,0,3,9,0,2,1,15,201200036890B01,7,1,1,247200132
201200036903,2012-12-16,2012,décembre,dimanche,18:35,28,28004,0,0,1,1,7,3,2,4,2,02,1,1,0,0,2,0,1,3,1,59,5,1,9,16,0,0,1,201200036903A01,,,,200033181
201200036911,2012-07-05,2012,juillet,jeudi,18:10,73,73008,45.67747,5.90957,2,1,2,1,1,3,2,02,1,1,0,92,1,0,1,3,1,17,1,3,9,0,0,4,9,201200036911B01,15,1,1,200068674
201200036912,2012-07-10,2012,juillet,mardi,18:53,73,73008,45.6944,5.89604,2,6,3,1,1,4,2,02,1,3,0,120,1,0,1,3,1,22,5,3,2,0,0,8,1,201200036912B01,7,16,1,200068674
201200036913,2012-08-30,2012,août,jeudi,16:05,73,73008,45.69432,5.89992,2,6,2,1,1,3,1,02,1,2,0,98,1,5,1,3,1,70,5,3,2,0,0,4,0,201200036913B01,7,0,1,200068674
201200036914,2012-10-01,2012,octobre,lundi,13:30,73,73008,45.68681,5.90695,2,3,1,1,1,4,2,02,1,1,0,66,1,0,1,3,1,59,5,3,9,0,0,7,15,201200036914B01,7,1,1,200068674
201200036932,2012-05-01,2012,mai,mardi,15:30,73,73065,45.5865,5.91515,2,1,6,1,1,4,2,01,1,1,0,48,1,0,3,2,1,11,5,2,2,8,0,1,0,201200036932A01,,,,200069110
201200036953,2012-05-14,2012,mai,lundi,08:25,74,74010,0,0,2,3,6,1,1,4,2,00,1,1,0,0,1,0,1,2,2,81,9,3,9,0,0,1,1,201200036953B01,7,16,1,200066793
201200036959,2012-06-16,2012,juin,samedi,10:00,74,74010,0,0,2,1,6,1,1,4,2,01,1,1,0,61,1,0,1,1,1,16,5,3,9,0,1,1,1,201200036959A01,,,,200066793
201200036961,2012-06-30,2012,juin,samedi,19:20,74,74219,0,0,1,1,6,1,1,3,2,02,2,4,,70,1,,1,3,1,51,5,1,2,0,6,1,1,201200036961A01,,,,200066793
201200036971,2012-11-14,2012,novembre,mercredi,10:25,74,74010,0,0,2,6,6,1,1,3,2,02,1,1,,70,1,5,1,1,1,35,1,1,2,0,1,1,9,201200036971A01,,,,200066793
201200036982,2012-06-15,2012,juin,vendredi,11:35,74,74133,0,0,2,3,3,1,1,3,2,02,1,-1,0,0,1,0,1,3,1,59,0,3,9,0,2,0,1,201200036982A01,7,0,1,200011773
201200037012,2012-07-17,2012,juillet,mardi,11:10,74,74281,0,0,1,3,3,1,1,3,2,02,2,1,0,0,1,0,1,4,1,63,5,1,2,0,2,1,1,201200037012B01,7,15,1,200067551
201200037032,2012-11-06,2012,novembre,mardi,19:55,74,74281,0,0,2,3,3,5,1,4,2,02,1,1,0,0,1,0,1,4,2,72,0,3,9,0,9,6,15,201200037032B01,30,1,1,200067551
201200037039,2012-05-12,2012,mai,samedi,15:10,76,76329,49.54855,0.49335,2,1,3,1,1,3,2,02,1,1,30,30,1,0,1,4,1,52,5,1,2,0,2,8,2,201200037039B01,7,2,1,200010700
201200037108,2012-05-11,2012,mai,vendredi,16:40,76,76640,49.27655,1.04094,2,7,3,1,1,4,2,01,1,1,18,71,9,0,1,4,1,10,0,3,9,0,2,1,1,201200037108B01,10,1,1,200023414
201200037110,2012-07-23,2012,juillet,lundi,14:35,76,76178,49.30973,1.03673,2,2,3,1,1,4,2,02,1,1,0,90,1,0,1,3,1,81,5,3,2,0,2,1,1,201200037110B01,7,15,1,200023414
201200037129,2012-11-21,2012,novembre,mercredi,17:10,76,76259,49.75686,0.37859,2,2,6,1,8,4,-1,01,2,1,0,0,1,6,1,4,1,13,5,2,9,0,1,1,0,201200037129A01,,,,200069821
201200037129,2012-11-21,2012,novembre,mercredi,17:10,76,76259,49.75686,0.37859,2,2,6,1,8,4,-1,01,2,1,0,0,1,6,1,3,2,7,5,3,9,0,1,1,0,201200037129A01,,,,200069821
201200037163,2012-02-27,2012,février,lundi,07:00,76,76351,49.4973,0.13045,2,9,6,2,1,4,2,02,1,1,0,93,1,0,5,4,2,53,1,3,9,0,2,1,1,201200037163B01,7,15,1,200084952
201200037180,2012-03-28,2012,mars,mercredi,16:30,76,76351,49.49074,0.11996,1,3,6,1,1,4,2,02,1,1,0,106,1,0,1,2,2,14,5,3,9,0,2,0,1,201200037180B01,14,16,1,200084952
201200037193,2012-04-26,2012,avril,jeudi,17:00,76,76351,49.51749,0.10613,2,1,6,1,1,3,2,02,1,1,0,120,1,0,1,3,1,61,5,1,2,0,2,9,0,201200037193B01,15,1,1,200084952
201200037217,2012-05-24,2012,mai,jeudi,18:00,76,76351,49.51336,0.08948,2,6,6,1,1,4,2,02,1,1,0,0,1,0,0,4,2,13,5,3,9,0,2,1,10,201200037217B01,33,1,1,200084952
201200037226,2012-06-08,2012,juin,vendredi,06:15,76,76351,49.49053,0.14929,2,1,6,2,1,4,2,02,1,1,0,130,1,0,1,3,1,41,5,3,9,1,0,7,0,201200037226A01,,,,200084952
201200037255,2012-07-13,2012,juillet,vendredi,13:20,76,76351,49.49897,0.1624,2,1,2,1,1,4,2,02,1,1,0,109,1,2,1,4,2,55,0,3,9,0,2,4,15,201200037255B01,7,1,1,200084952
201200037257,2012-07-19,2012,juillet,jeudi,21:00,76,76447,49.54901,0.15714,1,3,3,1,1,3,2,02,1,1,34,98,1,0,1,3,1,22,5,1,2,0,2,1,15,201200037257B01,10,6,1,200084952
201200037258,2012-07-24,2012,juillet,mardi,16:55,76,76351,49.48729,0.11398,2,1,6,1,1,4,2,02,1,1,0,150,1,0,1,4,2,27,5,3,2,0,2,7,19,201200037258B01,7,1,1,200084952
201200037266,2012-08-10,2012,août,vendredi,19:55,76,76351,49.52796,0.11785,2,3,3,1,1,4,2,02,1,1,0,0,1,0,1,4,1,9,5,3,9,0,2,4,19,201200037266B01,7,1,1,200084952
201200037270,2012-08-16,2012,août,jeudi,08:30,76,76351,49.49112,0.10574,2,1,6,1,1,4,1,02,1,1,0,89,1,0,1,3,1,22,1,3,4,0,2,1,1,201200037270B01,14,23,1,200084952
201200037276,2012-08-24,2012,août,vendredi,18:10,76,76351,49.48967,0.1425,2,3,3,1,1,4,2,02,1,1,0,52,1,0,1,4,1,16,5,3,9,0,2,0,1,201200037276A01,7,1,1,200084952
201200037278,2012-08-31,2012,août,vendredi,19:40,76,76351,49.4936,0.0958,2,4,7,1,1,4,2,00,2,1,0,70,1,0,1,4,1,21,4,3,9,0,0,0,16,201200037278A01,,,,200084952
201200037281,2012-09-03,2012,septembre,lundi,08:15,76,76351,49.49402,0.11166,2,1,7,1,2,4,1,03,1,1,0,100,2,0,1,4,2,41,0,3,2,0,0,0,11,201200037281A01,,,,200084952
201200037300,2012-10-11,2012,octobre,jeudi,08:25,76,76351,49.50365,0.14707,2,1,7,2,3,4,2,02,2,2,0,57,2,0,1,4,1,40,5,3,2,16,0,0,1,201200037300A01,,,,200084952
201200037304,2012-10-15,2012,octobre,lundi,22:10,76,76351,49.50549,0.13389,2,1,7,5,1,4,2,02,2,1,0,60,1,1,5,4,2,21,1,3,9,12,0,1,0,201200037304A01,,,,200084952
201200037310,2012-10-25,2012,octobre,jeudi,08:00,76,76305,49.50101,0.2018,2,2,7,1,1,4,2,02,,,,,,,,4,1,39,0,3,9,0,0,0,1,201200037310A01,,,,200084952
201200037321,2012-11-06,2012,novembre,mardi,15:50,76,76351,49.49195,0.11024,2,1,6,1,1,4,2,02,1,1,0,68,1,0,1,1,1,26,0,3,4,0,1,0,1,201200037321A01,,,,200084952
201200037374,2012-01-11,2012,janvier,mercredi,15:10,76,76681,49.41335,1.08919,2,3,3,1,1,4,,,,,,,,,,3,1,75,0,3,9,0,2,1,1,201200037374B01,7,15,1,200023414
201200037377,2012-01-14,2012,janvier,samedi,14:50,76,76402,49.52421,1.0416,2,1,3,1,1,3,2,02,1,1,6,60,1,0,1,3,1,56,5,1,9,0,2,2,1,201200037377B01,7,2,1,200023414
201200037409,2012-03-03,2012,mars,samedi,17:20,76,76429,49.42157,1.15035,1,1,3,1,3,3,2,02,3,2,26,44,2,0,1,2,1,71,0,3,9,0,0,4,0,201200037409B01,7,1,1,200023414
201200037466,2012-05-25,2012,mai,vendredi,13:20,76,76681,49.41105,1.09314,2,2,3,1,1,4,,,,,,,,,,4,1,49,0,3,9,0,2,0,0,201200037466A01,7,19,1,200023414
201200037474,2012-06-12,2012,juin,mardi,12:20,76,76575,49.3944,1.0774,2,2,1,1,1,4,2,02,1,1,0,0,1,0,1,4,1,13,2,3,9,0,2,7,0,201200037474A01,7,1,1,200023414
201200037494,2012-07-02,2012,juillet,lundi,15:55,76,76540,49.43406,1.07568,2,1,3,1,1,3,2,02,1,1,0,30,1,0,4,4,1,15,0,2,2,0,2,1,2,201200037494A01,7,9,1,200023414
201200037497,2012-07-03,2012,juillet,mardi,14:00,76,76540,49.44004,1.0737,2,1,3,1,1,6,-1,00,1,1,0,0,1,0,1,4,1,74,5,3,9,0,2,0,1,201200037497B01,7,0,1,200023414
201200037514,2012-08-01,2012,août,mercredi,07:50,76,76457,49.34126,0.97332,2,1,1,1,1,3,2,01,2,4,0,400,1,0,1,2,1,52,5,1,2,0,2,1,0,201200037514B01,14,0,1,200023414
201200037524,2012-08-14,2012,août,mardi,18:00,76,76474,49.4886,1.05273,2,1,1,1,1,4,1,01,2,3,0,0,1,0,1,4,1,7,0,2,9,0,2,0,5,201200037524A01,7,1,1,200023414
201200037527,2012-08-16,2012,août,jeudi,20:10,76,76322,49.39966,1.03565,2,1,1,1,1,4,2,02,1,1,0,60,1,0,5,4,1,65,5,3,2,0,2,1,1,201200037527A01,30,13,1,200023414
201200037546,2012-09-16,2012,septembre,dimanche,13:20,76,76540,49.43451,1.08921,2,2,3,1,1,3,2,04,,,,,,5,1,3,1,56,5,3,2,0,2,1,1,201200037546B01,7,16,1,200023414
201200037576,2012-10-17,2012,octobre,mercredi,17:40,76,76540,49.4338,1.083,2,2,3,1,2,4,2,02,,,,,,0,1,4,1,10,5,2,2,0,2,8,15,201200037576A01,7,1,1,200023414
201200037587,2012-11-05,2012,novembre,lundi,17:00,76,76540,49.43708,1.09631,2,2,6,1,2,2,1,01,1,3,110,58,2,0,1,4,2,46,1,3,9,0,2,8,19,201200037587B01,7,16,1,200023414
201200037628,2012-10-25,2012,octobre,jeudi,08:20,76,76540,49.45116,1.09841,2,2,3,2,1,3,2,04,2,1,0,122,1,5,1,4,1,19,2,2,9,0,2,1,1,201200037628B01,7,15,1,200023414
201200037640,2012-01-12,2012,janvier,jeudi,17:25,77,77108,0,0,2,1,1,2,1,3,2,02,2,1,0,104,1,0,1,3,1,37,1,1,4,0,2,1,1,201200037640B01,7,15,1,200057958
201200037642,2012-01-20,2012,janvier,vendredi,15:30,77,77108,48.87571,2.59177,2,3,1,1,2,3,1,02,1,2,0,58,2,0,1,4,1,48,1,3,4,0,2,7,15,201200037642B01,7,1,1,200057958
201200037669,2012-12-05,2012,décembre,mercredi,18:30,77,77363,0,0,1,1,6,3,1,4,2,02,1,1,5,120,2,0,1,3,1,47,1,1,4,0,2,0,1,201200037669B01,7,17,1,200033090
201200037750,2012-03-21,2012,mars,mercredi,14:45,77,77186,0,0,1,2,3,1,1,3,2,02,1,1,0,0,1,5,1,3,1,30,4,1,2,0,2,8,19,201200037750A01,7,1,1,200072346
201200037751,2012-03-28,2012,mars,mercredi,11:20,77,77226,0,0,1,1,2,1,1,3,2,02,2,1,0,60,1,0,1,3,2,25,1,2,2,0,2,4,2,201200037751B01,10,2,1,200072346
201200037772,2012-11-30,2012,novembre,vendredi,13:00,77,77186,0,0,2,9,3,1,1,3,3,04,1,1,38,63,1,0,1,3,2,10,2,2,4,0,2,8,19,201200037772B01,7,1,1,200072346
201200037783,2012-05-07,2012,mai,lundi,10:50,77,77058,0,0,1,1,7,1,1,3,2,02,1,1,0,0,1,0,1,2,1,49,5,2,2,0,9,0,1,201200037783A01,1,1,1,247700594
201200037783,2012-05-07,2012,mai,lundi,10:50,77,77058,0,0,1,1,7,1,1,3,2,02,1,1,0,0,1,0,1,3,1,67,5,2,2,0,2,1,1,201200037783B01,1,1,1,247700594
201200037789,2012-09-10,2012,septembre,lundi,15:35,77,77058,48.84142,2.71729,2,1,3,1,1,4,1,01,1,1,0,0,1,0,1,4,2,11,0,3,9,0,2,8,19,201200037789B01,7,1,1,247700594
201200037791,2012-10-03,2012,octobre,mercredi,16:55,77,77058,48.84401,2.72002,2,2,3,1,2,4,2,02,1,1,0,0,1,0,1,4,1,15,2,2,9,0,0,7,1,201200037791B01,7,1,1,247700594
201200037840,2012-09-07,2012,septembre,vendredi,19:05,77,77285,48.54454,2.64469,2,1,6,1,1,4,2,02,1,1,0,0,1,0,1,3,1,17,9,3,9,1,0,1,1,201200037840B01,7,22,1,247700057