Num_Acc,date,an,mois,jour,hrmn,dep,com,lat,long,agg,int,col,lum,atm,catr,circ,nbv,prof,plan,lartpc,larrout,surf,infra,situ,grav,sexe,age,trajet,secuexist,equipement,obs,obsm,choc,manv,vehiculeid,typevehicules,manoeuvehicules,numVehicules,_infos_commune.code_epci
201200043367,2012-08-23,2012,août,jeudi,10:30,92,92064,0,0,2,1,7,1,1,3,2,04,1,1,10,50,1,6,4,4,1,64,5,2,2,8,0,0,1,201200043367A01,,,,200054781
201200043373,2012-09-13,2012,septembre,jeudi,19:30,92,92064,0,0,2,1,3,1,1,3,2,04,1,1,0,60,1,0,1,4,1,19,5,3,2,0,2,1,2,201200043373B01,7,10,1,200054781
201200043414,2012-12-31,2012,décembre,lundi,11:55,92,92064,0,0,2,1,7,1,1,3,2,02,2,1,0,84,1,0,1,4,1,49,5,2,2,15,0,1,1,201200043414A01,,,,200054781
201200043452,2012-07-05,2012,juillet,jeudi,12:00,92,92077,0,0,2,1,7,1,1,3,4,02,1,1,0,69,1,0,1,4,1,52,5,2,2,14,0,0,1,201200043452A01,,,,200054781
201200043457,2012-09-05,2012,septembre,mercredi,11:35,92,92022,0,0,2,3,1,1,1,4,2,02,1,1,0,0,1,0,1,3,1,11,5,2,2,0,2,1,1,201200043457A01,7,1,1,200054781
201200043550,2012-01-04,2012,janvier,mercredi,13:00,92,92075,48.82437,3.45699,2,2,6,1,1,4,2,02,1,1,0,0,1,0,1,3,2,46,5,2,9,0,2,1,0,201200043550B01,10,1,1,200054781
201200043574,2012-05-03,2012,mai,jeudi,08:30,92,92075,0,0,2,1,6,1,1,3,2,02,1,1,0,61,2,0,1,4,1,38,1,1,2,0,2,1,1,201200043574B01,7,10,1,200054781
201200043590,2012-06-29,2012,juin,vendredi,18:30,92,92046,0,0,2,1,3,1,1,4,1,01,1,1,0,70,1,0,1,4,2,42,1,1,9,0,2,1,1,201200043590B01,7,9,1,200054781
201200043594,2012-07-13,2012,juillet,vendredi,10:20,92,92046,0,0,2,2,3,1,1,3,2,02,1,1,0,73,2,0,1,1,1,15,5,1,9,0,2,0,19,201200043594A01,31,1,1,200054781
201200043602,2012-10-04,2012,octobre,jeudi,12:00,92,92075,0,0,2,7,6,1,1,3,3,03,2,1,0,0,1,0,1,4,2,54,1,3,9,1,0,0,19,201200043602A01,10,24,1,200054781
201200043607,2012-10-18,2012,octobre,jeudi,07:45,92,92075,0,0,2,2,3,5,1,4,1,01,1,1,0,0,2,0,1,4,1,12,2,3,9,0,0,0,15,201200043607A01,32,1,1,200054781
201200043615,2012-11-05,2012,novembre,lundi,19:10,92,92046,0,0,2,3,3,5,1,4,2,02,1,-1,0,0,1,0,1,4,2,43,1,2,9,0,2,0,1,201200043615B01,7,15,1,200054781
201200043636,2012-05-31,2012,mai,jeudi,11:10,92,92078,0,0,2,2,3,1,1,4,3,04,-1,-1,0,0,1,5,1,4,1,69,9,3,9,0,2,8,21,201200043636B01,14,12,1,200054781
201200043680,2012-07-09,2012,juillet,lundi,14:25,92,92026,0,0,2,9,3,1,1,2,3,04,1,1,10,50,1,2,1,3,1,14,3,2,2,0,2,1,19,201200043680B01,7,1,1,200054781
201200043680,2012-07-09,2012,juillet,lundi,14:25,92,92026,0,0,2,9,3,1,1,2,3,04,1,1,10,50,1,2,1,4,1,15,3,2,2,0,2,1,19,201200043680B01,7,1,1,200054781
201200043684,2012-08-25,2012,août,samedi,19:40,92,92062,0,0,2,1,7,1,1,2,1,02,2,1,0,90,1,0,1,4,2,24,9,2,2,0,0,0,1,201200043684A01,,,,200054781
201200043694,2012-10-30,2012,octobre,mardi,05:50,92,92062,0,0,2,1,7,2,1,9,-1,00,2,1,0,0,1,6,4,4,1,52,1,1,2,0,0,0,1,201200043694A01,,,,200054781
201200043708,2012-02-09,2012,février,jeudi,16:50,93,93001,48.91029,2.39104,2,3,6,1,1,3,1,01,1,1,0,0,1,0,1,3,1,31,9,2,9,0,2,4,15,201200043708B01,7,2,1,200054781
201200043749,2012-06-15,2012,juin,vendredi,17:30,93,93001,48.9211,2.3996,2,1,1,1,1,4,2,02,1,-1,0,70,1,0,1,3,1,12,1,3,2,0,0,1,1,201200043749B01,7,1,1,200054781
201200043754,2012-06-22,2012,juin,vendredi,07:55,93,93001,0,0,2,3,6,1,1,3,2,00,1,-1,0,60,1,0,1,3,2,42,4,3,9,0,0,3,0,201200043754B01,99,16,1,200054781
201200043762,2012-07-10,2012,juillet,mardi,09:55,93,93001,0,0,2,1,2,1,1,2,2,00,2,1,0,0,1,0,1,4,1,21,1,2,9,0,2,4,0,201200043762A01,7,0,1,200054781
201200043785,2012-08-26,2012,août,dimanche,11:45,93,93001,0,0,2,1,3,1,1,3,1,00,1,1,0,0,-1,0,1,3,1,31,0,3,2,0,2,7,0,201200043785B01,7,0,1,200054781
201200043799,2012-10-03,2012,octobre,mercredi,11:50,93,93001,48.9113,2.3976,2,3,3,1,2,4,2,02,1,1,0,0,2,0,1,3,1,12,0,3,9,0,2,8,15,201200043799B01,7,17,1,200054781
201200043808,2012-10-30,2012,octobre,mardi,16:10,93,93001,0,0,2,1,2,1,8,4,1,01,1,1,0,70,1,0,1,3,1,40,9,2,2,0,0,4,9,201200043808B01,33,2,1,200054781
201200043812,2012-11-12,2012,novembre,lundi,08:20,93,93001,48.9212,2.376,2,6,2,1,1,3,1,02,1,2,0,100,1,0,1,3,1,24,1,3,2,0,0,5,2,201200043812B01,7,2,1,200054781
201200043833,2012-12-15,2012,décembre,samedi,11:40,93,93001,48.90863,2.39052,2,1,3,1,1,4,1,01,1,1,0,50,1,0,1,3,1,52,0,3,2,0,0,1,17,201200043833B01,7,24,1,200054781
201200043834,2012-12-19,2012,décembre,mercredi,18:35,93,93001,0,0,2,2,3,5,2,4,2,02,1,1,0,160,2,0,1,4,1,35,1,1,2,0,0,1,1,201200043834B01,7,15,1,200054781
201200043840,2012-01-04,2012,janvier,mercredi,15:50,93,93005,0,0,2,1,2,1,8,3,3,02,1,1,0,0,1,0,1,4,1,51,9,2,4,0,2,4,1,201200043840B01,7,2,1,200054781
201200043855,2012-03-02,2012,mars,vendredi,06:30,93,93071,48.9385,2.51309,2,1,1,5,2,4,2,01,1,1,0,0,2,0,1,4,1,52,1,3,9,0,2,1,1,201200043855B01,7,10,1,200054781
201200043865,2012-03-27,2012,mars,mardi,20:40,93,93071,0,0,2,2,3,5,1,4,2,02,1,1,0,0,1,0,1,4,1,61,0,2,2,0,2,0,19,201200043865B01,7,1,1,200054781
201200043892,2012-05-26,2012,mai,samedi,22:20,93,93071,48.9415,2.51848,2,2,6,4,1,4,2,01,1,1,0,0,1,0,1,4,1,32,5,2,2,0,2,1,19,201200043892B01,7,19,1,200054781
201200043895,2012-06-07,2012,juin,jeudi,16:05,93,93071,48.9329,2.53125,2,1,3,1,1,4,2,00,1,1,0,0,1,0,1,3,1,45,3,3,9,0,2,0,0,201200043895B01,10,0,1,200054781
201200043908,2012-03-19,2012,mars,lundi,08:20,93,93005,0,0,2,4,1,1,1,4,2,00,-1,-1,0,0,-1,0,1,4,2,52,1,3,2,0,2,0,0,201200043908B01,7,0,1,200054781
201200043910,2012-07-06,2012,juillet,vendredi,16:00,93,93071,0,0,2,6,1,1,2,2,3,02,1,1,20,40,2,5,1,4,1,10,5,2,2,11,2,8,19,201200043910B01,7,1,1,200054781
201200044023,2012-11-27,2012,novembre,mardi,10:10,93,93005,0,0,2,1,6,1,1,4,2,02,1,1,0,0,1,0,5,1,1,46,3,3,9,0,1,1,1,201200044023A01,,,,200054781
201200044060,2012-05-15,2012,mai,mardi,19:00,93,93007,48.9357,2.46819,2,3,3,1,1,4,2,01,1,1,0,0,1,0,1,4,1,49,1,1,2,0,2,8,1,201200044060B01,7,15,1,200054781
201200044077,2012-07-17,2012,juillet,mardi,15:00,93,93007,48.9342,2.47671,2,1,3,1,1,4,2,02,1,1,0,75,1,0,1,3,1,41,2,1,2,0,2,8,2,201200044077B01,10,2,1,200054781
201200044120,2012-03-28,2012,mars,mercredi,04:50,93,93008,0,0,2,3,3,5,1,4,1,00,1,-1,0,0,1,0,1,4,1,55,1,3,9,0,2,8,1,201200044120B01,7,19,1,200054781
201200044130,2012-04-30,2012,avril,lundi,12:30,93,93008,0,0,2,1,2,1,1,3,2,04,1,1,0,0,1,0,1,4,1,34,0,2,2,11,0,7,2,201200044130B01,7,2,1,200054781
201200044144,2012-06-17,2012,juin,dimanche,15:45,93,93008,48.9089,2.45041,2,3,3,1,1,4,2,01,1,-1,0,0,1,0,1,3,1,16,1,3,2,0,2,8,5,201200044144A01,34,9,1,200054781
201200044168,2012-08-29,2012,août,mercredi,17:55,93,93008,48.9004,2.44287,1,1,6,1,1,9,-1,01,1,1,0,0,1,0,5,3,1,58,1,2,2,0,1,1,2,201200044168A01,,,,200054781
201200044195,2012-10-31,2012,octobre,mercredi,15:00,93,93008,0,0,2,1,6,1,1,4,2,02,1,1,0,80,1,0,1,4,2,60,0,2,2,0,0,0,0,201200044195B01,7,2,1,200054781
201200044222,2012-01-23,2012,janvier,lundi,12:45,93,93057,0,0,2,2,6,1,1,2,3,02,1,1,0,0,1,0,1,4,1,57,9,3,9,0,2,3,1,201200044222Y01,7,1,1,200054781
201200044249,2012-05-25,2012,mai,vendredi,13:30,93,93057,48.9111,2.4987,2,3,3,1,1,4,-1,00,1,1,0,0,1,0,0,4,1,58,1,3,9,0,2,2,12,201200044249A01,1,1,1,200054781
201200044249,2012-05-25,2012,mai,vendredi,13:30,93,93057,48.9111,2.4987,2,3,3,1,1,4,-1,00,1,1,0,0,1,0,0,3,1,63,1,3,9,0,2,1,1,201200044249B01,1,12,1,200054781
201200044324,2012-05-31,2012,mai,jeudi,17:35,93,93014,48.9067,2.53198,2,1,3,1,1,6,-1,01,1,1,0,0,1,0,1,3,1,11,3,2,9,0,2,0,2,201200044324B01,7,2,1,200054781
201200044328,2012-06-17,2012,juin,dimanche,10:15,93,93047,48.895,2.56342,2,3,2,1,1,4,1,01,1,1,100,70,1,0,1,3,1,72,5,2,9,0,2,4,13,201200044328A01,7,0,1,200054781
201200044339,2012-09-01,2012,septembre,samedi,20:00,93,93047,0,0,2,1,6,1,1,4,2,01,1,1,0,60,1,0,1,4,1,39,0,3,9,0,1,0,0,201200044339A01,,,,200054781
201200044370,2012-12-13,2012,décembre,jeudi,08:40,93,93014,0,0,2,1,3,1,9,3,2,02,2,2,50,70,7,0,1,3,1,56,5,3,9,0,2,1,1,201200044370B01,7,13,1,200054781
201200044380,2012-04-11,2012,avril,mercredi,12:55,93,93027,48.9242,2.41151,2,3,3,1,1,4,2,01,1,1,0,25,1,0,1,4,1,55,1,3,2,0,0,2,0,201200044380B01,7,1,1,200054781
201200044549,2012-09-27,2012,septembre,jeudi,18:25,93,93029,0,0,2,1,3,1,1,4,2,02,1,1,0,0,1,0,5,4,1,46,1,1,2,0,2,3,2,201200044549A01,7,23,1,200054781
201200044572,2012-12-07,2012,décembre,vendredi,16:00,93,93029,0,0,2,1,6,1,2,3,2,02,1,1,0,50,2,0,1,4,1,40,0,1,9,1,0,1,2,201200044572B01,3,22,1,200054781
201200044577,2012-12-23,2012,décembre,dimanche,11:40,93,93029,0,0,2,1,6,1,1,3,1,01,1,1,0,0,1,5,1,1,1,12,0,3,9,0,1,1,5,201200044577A01,,,,200054781
201200044578,2012-12-24,2012,décembre,lundi,12:00,93,93029,0,0,2,1,3,1,1,3,2,01,1,2,0,0,1,0,1,4,1,30,0,2,2,0,2,1,1,201200044578B01,7,15,1,200054781
201200044587,2012-02-04,2012,février,samedi,18:20,93,93031,48.95534,2.33339,2,1,1,5,9,2,2,02,1,1,0,0,1,0,1,3,1,16,1,3,9,0,2,1,15,201200044587A01,7,1,1,200054781
201200044616,2012-05-15,2012,mai,mardi,09:50,93,93031,0,0,2,1,6,1,1,2,-1,00,1,1,0,0,-1,0,4,3,2,50,1,3,9,0,2,1,0,201200044616B01,7,0,1,200054781
201200044629,2012-07-12,2012,juillet,jeudi,19:40,93,93079,0,0,2,1,3,1,3,3,-1,01,1,1,0,0,2,0,1,3,1,57,0,3,9,0,2,3,19,201200044629A01,7,0,1,200054781
201200044637,2012-08-11,2012,août,samedi,09:15,93,93031,0,0,2,1,3,1,1,3,2,02,1,1,0,0,1,0,1,3,2,23,4,2,2,0,2,2,15,201200044637B01,7,1,1,200054781
201200044663,2012-12-11,2012,décembre,mardi,15:15,93,93031,48.94719,2.34265,2,2,2,1,1,4,2,02,1,1,0,0,1,0,1,4,1,47,0,1,2,0,2,4,1,201200044663A01,7,0,1,200054781
201200044689,2012-08-27,2012,août,lundi,16:30,93,93032,48.8793,2.53421,2,1,3,1,1,4,2,02,4,-1,0,0,1,0,1,3,2,76,1,2,2,0,0,8,2,201200044689B01,7,17,1,200054781
201200044693,2012-09-16,2012,septembre,dimanche,12:50,93,93032,0,0,2,1,6,1,1,9,-1,00,1,1,0,0,1,0,4,1,1,33,5,2,9,0,1,1,1,201200044693A01,,,,200054781
201200044710,2012-02-26,2012,février,dimanche,12:15,93,93006,0,0,2,1,1,1,1,3,2,01,1,1,0,0,1,0,5,3,1,11,9,2,9,0,2,3,0,201200044710B01,31,1,1,200054781
201200044732,2012-05-26,2012,mai,samedi,19:15,93,93006,48.8606,2.41547,2,1,6,1,1,4,2,02,1,-1,0,0,1,0,1,3,1,35,5,1,9,1,0,2,17,201200044732B01,13,22,1,200054781
201200044754,2012-09-05,2012,septembre,mercredi,14:10,93,93006,0,0,2,1,1,1,1,4,2,00,1,1,0,0,1,0,1,4,2,12,0,2,2,0,2,7,19,201200044754B01,7,1,1,200054781
201200044770,2012-10-30,2012,octobre,mardi,15:00,93,93006,0,0,2,1,1,1,1,4,2,00,-1,1,0,0,1,0,1,3,1,32,5,3,9,0,2,2,8,201200044770A01,99,0,1,200054781
201200044814,2012-04-17,2012,avril,mardi,17:00,93,93046,48.9096,2.53349,2,2,3,1,2,4,4,01,1,1,0,60,2,0,1,3,1,18,5,3,9,0,2,2,5,201200044814B01,7,0,1,200054781
201200044832,2012-06-06,2012,juin,mercredi,18:05,93,93074,48.8895,2.57636,2,1,6,1,1,4,2,01,-1,-1,0,0,1,0,3,3,1,56,1,3,9,0,0,0,0,201200044832B01,7,0,1,200054781
201200044844,2012-07-20,2012,juillet,vendredi,15:43,93,93074,48.936,2.57763,2,1,3,1,1,4,2,00,1,1,0,0,1,0,1,4,1,47,1,1,2,0,2,8,2,201200044844B01,7,2,1,200054781
201200044866,2012-09-08,2012,septembre,samedi,18:50,93,93046,0,0,2,2,1,1,1,4,2,02,1,-1,0,0,1,0,1,3,1,27,0,3,9,0,0,1,0,201200044866B01,7,0,1,200054781
201200044875,2012-10-02,2012,octobre,mardi,16:25,93,93074,48.9359,2.5684,2,3,3,1,1,4,1,01,2,1,0,60,1,0,1,3,1,46,0,2,2,0,2,1,1,201200044875B01,7,0,1,200054781
201200044886,2012-11-01,2012,novembre,jeudi,10:15,93,93046,48.91218,2.52139,2,2,1,1,2,2,3,02,1,1,20,60,2,0,1,3,1,8,5,2,2,0,2,8,9,201200044886B01,10,1,1,200054781
201200044902,2012-12-07,2012,décembre,vendredi,17:00,93,93074,48.92435,2.56988,2,6,3,3,2,4,2,02,1,-1,0,70,2,5,1,3,1,18,0,3,9,0,2,7,1,201200044902B01,7,1,1,200054781
201200044914,2012-01-06,2012,janvier,vendredi,11:00,93,93048,0,0,2,6,2,1,1,2,1,03,1,2,0,0,1,5,1,3,1,67,5,3,2,0,2,1,2,201200044914A01,7,1,1,200054781
201200044916,2012-01-10,2012,janvier,mardi,10:53,93,93048,0,0,2,2,7,1,1,4,2,02,1,1,0,0,2,5,1,1,1,56,1,3,9,0,0,0,1,201200044916B01,33,1,1,200054781
201200044918,2012-01-13,2012,janvier,vendredi,17:00,93,93048,0,0,2,1,3,2,1,3,1,01,2,1,0,0,1,0,5,3,1,49,1,1,2,1,0,1,1,201200044918B01,7,22,1,200054781
201200044943,2012-03-11,2012,mars,dimanche,13:05,93,93048,48.8528,2.43148,2,2,3,1,1,4,1,01,1,1,0,0,1,0,5,3,2,52,5,2,9,0,2,1,2,201200044943B01,7,2,1,200054781
201200044969,2012-06-18,2012,juin,lundi,08:05,93,93048,48.86356,2.45464,2,3,4,1,2,2,2,02,3,1,0,0,2,0,1,4,1,42,0,3,2,0,0,4,1,201200044969D01,7,1,3,200054781
201200044979,2012-07-07,2012,juillet,samedi,14:15,93,93048,0,0,2,1,3,1,1,3,2,02,2,1,0,0,-1,0,1,4,1,38,0,3,1,0,2,8,13,201200044979B01,7,17,1,200054781
201200044988,2012-09-05,2012,septembre,mercredi,21:00,93,93048,0,0,2,1,3,4,1,3,1,02,1,1,0,0,1,0,1,4,1,33,5,2,4,0,0,0,1,201200044988C01,7,24,1,200054781
201200045017,2012-11-17,2012,novembre,samedi,14:30,93,93048,48.85739,2.43243,2,1,2,1,5,4,2,00,1,-1,0,0,2,0,1,1,1,19,0,1,2,0,0,0,1,201200045017Y01,32,1,1,200054781
201200045027,2012-12-18,2012,décembre,mardi,19:00,93,93048,0,0,2,1,3,5,1,4,1,01,1,1,0,0,2,0,1,4,1,14,2,1,2,0,2,1,2,201200045027B01,10,22,1,200054781
201200045036,2012-01-23,2012,janvier,lundi,09:15,93,93050,0,0,2,1,3,1,1,4,1,01,1,1,0,0,1,0,1,4,1,41,1,2,2,0,2,2,1,201200045036B01,10,9,1,200054781
201200045061,2012-06-15,2012,juin,vendredi,10:45,93,93050,48.86262,2.54491,2,7,2,1,1,3,2,04,1,1,0,0,1,0,0,4,1,82,3,3,9,0,0,1,2,201200045061B01,10,4,1,200054781
201200045064,2012-06-19,2012,juin,mardi,22:20,93,93050,0,0,2,5,3,5,2,2,1,04,1,1,0,0,2,0,1,3,2,24,1,1,4,0,0,8,11,201200045064B01,10,1,1,200054781
201200045074,2012-07-29,2012,juillet,dimanche,13:00,93,93050,48.8668,2.53433,2,1,2,1,1,4,-1,01,1,1,0,25,1,0,1,4,1,36,1,3,2,0,2,1,2,201200045074B01,7,2,1,200054781
201200045079,2012-09-12,2012,septembre,mercredi,18:50,93,93050,0,0,2,1,2,1,1,2,3,04,1,1,10,160,1,0,1,4,1,23,0,3,9,0,2,1,1,201200045079A01,7,16,1,200054781
201200045152,2012-07-04,2012,juillet,mercredi,20:05,93,93051,48.8508,2.56161,2,1,6,1,1,4,2,01,2,2,0,0,1,0,1,3,1,13,5,2,2,0,0,0,0,201200045152A01,,,,200054781
201200045167,2012-09-22,2012,septembre,samedi,16:35,93,93051,0,0,2,1,3,1,1,3,-1,00,1,1,0,0,1,0,1,3,1,50,0,1,2,0,0,1,0,201200045167A01,33,0,1,200054781
201200045178,2012-10-31,2012,octobre,mercredi,20:40,77,77083,0,0,2,1,2,5,1,3,3,04,1,1,0,81,1,0,1,2,1,15,5,2,4,0,2,9,19,201200045178B01,7,1,1,200057958
201200045178,2012-10-31,2012,octobre,mercredi,20:40,77,77083,0,0,2,1,2,5,1,3,3,04,1,1,0,81,1,0,1,3,1,12,0,2,4,0,2,9,19,201200045178B01,7,1,1,200057958
201200045179,2012-11-05,2012,novembre,lundi,18:40,93,93051,0,0,2,1,3,5,2,3,2,01,1,1,0,0,2,0,1,3,2,24,1,3,9,0,0,8,1,201200045179B01,7,1,1,200054781
201200045186,2012-01-25,2012,janvier,mercredi,17:50,93,93053,0,0,2,2,3,5,2,3,1,02,2,3,0,0,2,0,1,3,1,33,9,3,9,0,2,8,9,201200045186A01,32,1,1,200054781
201200045210,2012-05-13,2012,mai,dimanche,17:15,93,93053,0,0,2,3,3,1,1,2,2,00,1,1,0,0,1,0,1,3,1,54,0,3,2,0,2,1,15,201200045210B01,7,1,1,200054781
201200045213,2012-05-23,2012,mai,mercredi,20:10,93,93053,48.8846,2.4585,2,1,6,1,1,4,2,00,1,1,0,0,1,0,4,3,1,7,5,2,2,0,2,1,1,201200045213B01,7,15,1,200054781
201200045222,2012-06-29,2012,juin,vendredi,23:45,93,93053,0,0,2,3,3,5,1,3,2,02,1,1,0,80,1,0,1,3,1,48,0,2,9,0,2,8,1,201200045222B01,7,11,1,200054781
201200045233,2012-09-04,2012,septembre,mardi,20:00,93,93053,0,0,2,1,2,2,1,2,1,01,1,-1,0,0,1,0,1,3,1,28,0,3,9,0,0,4,2,201200045233B01,7,2,1,200054781
201200045302,2012-09-06,2012,septembre,jeudi,17:25,93,93055,0,0,2,1,3,1,1,4,-1,02,-1,-1,0,30,1,0,5,3,1,39,1,2,4,1,0,1,22,201200045302B01,7,22,1,200054781
201200045374,2012-09-11,2012,septembre,mardi,10:55,93,93077,0,0,2,2,3,1,2,4,2,02,1,-1,0,0,2,0,1,4,1,18,0,3,3,0,2,1,1,201200045374B01,10,1,1,200054781
201200045378,2012-09-18,2012,septembre,mardi,18:00,93,93062,0,0,2,1,6,1,1,4,2,01,1,1,0,120,1,0,1,1,1,21,0,3,9,0,1,1,1,201200045378A01,,,,200054781
201200045435,2012-08-04,2012,août,samedi,18:10,93,93064,0,0,2,1,6,1,1,2,2,04,-1,1,0,130,1,0,1,3,1,18,5,2,9,0,2,1,1,201200045435B01,7,1,1,200054781
201200045470,2012-01-10,2012,janvier,mardi,18:25,93,93066,0,0,2,1,3,5,1,4,2,02,1,1,0,40,1,0,1,3,1,16,9,2,2,0,2,1,19,201200045470A01,7,2,1,200054781
201200045471,2012-01-11,2012,janvier,mercredi,17:25,93,93066,0,0,2,1,1,1,1,3,2,03,1,1,0,100,1,0,1,3,1,16,9,2,2,0,2,1,3,201200045471B01,7,2,1,200054781
201200045477,2012-01-24,2012,janvier,mardi,17:15,93,93066,0,0,2,3,7,2,3,2,1,02,1,1,0,0,2,2,1,4,1,48,9,3,9,0,2,4,1,201200045477B01,7,2,1,200054781
201200045557,2012-06-06,2012,juin,mercredi,19:20,93,93066,48.9239,2.36906,2,1,3,1,1,4,3,01,1,1,0,0,1,6,1,4,2,12,3,3,9,0,2,1,1,201200045557B01,7,1,1,200054781
201200045579,2012-07-12,2012,juillet,jeudi,08:55,93,93066,0,0,2,2,3,1,1,2,2,02,1,1,0,0,1,0,1,4,1,42,0,1,9,0,0,1,0,201200045579B01,7,0,1,200054781
201200045606,2012-09-17,2012,septembre,lundi,16:45,93,93066,0,0,2,3,3,1,1,4,2,02,1,1,180,150,1,5,1,4,1,29,0,3,9,0,2,8,1,201200045606B01,7,1,1,200054781
201200045623,2012-10-12,2012,octobre,vendredi,11:50,93,93066,0,0,2,1,3,1,1,4,2,02,1,1,0,0,1,0,1,3,2,34,0,3,9,0,2,1,2,201200045623B01,7,0,1,200054781
201200045652,2012-11-22,2012,novembre,jeudi,18:50,93,93066,0,0,2,3,3,3,1,4,2,02,1,1,0,60,1,0,1,3,2,23,0,2,4,1,0,1,1,201200045652B01,7,22,1,200054781
201200045654,2012-11-26,2012,novembre,lundi,00:10,93,93066,0,0,2,1,3,5,1,4,-1,04,1,1,0,140,1,0,1,3,1,23,0,1,2,0,0,7,2,201200045654B01,7,11,1,200054781
201200045657,2012-12-03,2012,décembre,lundi,08:45,93,93066,0,0,2,1,3,1,2,3,1,01,1,-1,0,0,2,0,1,4,2,53,0,1,9,0,0,7,2,201200045657B01,15,2,1,200054781
201200045663,2012-12-11,2012,décembre,mardi,18:30,93,93066,48.91405,2.34555,2,9,3,5,1,4,2,02,1,-1,0,0,1,0,1,3,2,38,9,1,4,0,0,0,0,201200045663B01,7,16,1,200054781
201200045674,2012-01-04,2012,janvier,mercredi,12:55,93,93070,0,0,2,1,2,1,1,4,2,02,1,1,0,50,1,0,1,4,1,35,9,2,4,0,2,1,2,201200045674B01,7,20,1,200054781
201200045677,2012-01-08,2012,janvier,dimanche,18:20,93,93070,0,0,2,1,6,5,1,3,2,03,1,1,0,80,1,0,1,1,1,27,5,3,9,0,1,1,1,201200045677A01,,,,200054781
201200045683,2012-01-21,2012,janvier,samedi,18:40,93,93070,0,0,2,1,3,2,8,3,2,02,1,1,0,200,2,0,1,3,1,37,9,3,9,0,2,8,15,201200045683B01,7,17,1,200054781
201200045700,2012-05-03,2012,mai,jeudi,20:10,93,93070,48.9059,2.33809,2,2,3,1,1,4,1,01,1,1,0,25,1,5,1,4,2,27,5,2,9,0,2,9,0,201200045700B01,7,1,1,200054781
201200045707,2012-05-23,2012,mai,mercredi,18:40,93,93070,0,0,2,3,6,1,1,3,3,02,1,1,50,100,1,0,1,3,1,67,0,1,9,0,2,0,0,201200045707C01,7 / 33,0,2,200054781
201200045734,2012-08-22,2012,août,mercredi,23:15,93,93070,0,0,2,1,1,3,1,4,1,02,1,3,0,0,1,0,1,4,1,71,0,3,4,0,0,4,2,201200045734B01,7,2,1,200054781
201200045805,2012-07-02,2012,juillet,lundi,18:15,93,93072,48.9621,2.383,2,1,3,1,1,4,1,01,1,1,0,20,1,0,1,3,1,34,5,2,2,0,2,3,1,201200045805A01,7,1,1,200054781
201200045898,2012-01-18,2012,janvier,mercredi,15:30,94,94002,48.7864,2.42942,2,2,3,1,1,4,2,02,1,1,0,0,1,0,1,4,2,8,5,1,2,0,2,1,1,201200045898A01,7,1,1,200054781
201200045907,2012-05-01,2012,mai,mardi,13:25,94,94002,0,0,2,2,3,1,1,3,2,02,1,1,0,72,1,0,1,4,2,46,5,2,9,0,2,6,0,201200045907B01,7,0,1,200054781
201200045908,2012-06-02,2012,juin,samedi,15:55,94,94002,0,0,2,1,3,1,1,4,1,01,1,1,0,42,1,0,1,4,1,50,9,2,9,14,0,1,2,201200045908B01,7,1,1,200054781
201200045911,2012-06-26,2012,juin,mardi,17:00,94,94002,0,0,2,1,3,1,1,4,2,02,1,1,0,60,1,0,1,3,1,55,0,3,9,0,2,1,2,201200045911B01,10,2,1,200054781
201200045919,2012-07-28,2012,juillet,samedi,12:45,94,94002,0,0,2,1,3,1,1,4,1,01,1,1,0,66,1,0,1,4,1,10,5,3,9,1,2,6,19,201200045919B01,7,2,1,200054781
201200046023,2012-03-28,2012,mars,mercredi,18:54,94,94044,48.7473,2.49433,2,1,6,1,1,4,2,00,1,1,0,0,1,0,1,4,1,5,5,3,9,0,2,8,19,201200046023B01,7,1,1,200054781
201200046125,2012-05-31,2012,mai,jeudi,20:50,94,94017,0,0,2,1,3,2,1,4,2,02,1,1,0,0,1,0,1,3,1,60,0,3,9,0,2,1,1,201200046125B01,30,1,1,200054781
201200046233,2012-04-12,2012,avril,jeudi,20:00,94,94018,0,0,2,1,3,1,1,3,1,02,2,1,0,180,1,0,4,3,1,33,5,2,2,0,2,1,5,201200046233A01,7,9,1,200054781
201200046264,2012-09-23,2012,septembre,dimanche,18:15,94,94069,0,0,2,1,3,1,1,4,1,01,2,1,0,40,1,0,1,4,2,59,0,2,2,0,0,2,9,201200046264A01,7,1,1,200054781
201200046267,2012-10-05,2012,octobre,vendredi,17:30,94,94069,0,0,2,1,2,1,1,3,2,04,4,1,0,80,1,0,1,4,1,79,5,3,9,0,0,5,2,201200046267B01,14,2,1,200054781
201200046299,2012-03-12,2012,mars,lundi,16:45,94,94059,48.8084,2.56522,2,1,7,1,1,4,2,02,1,1,0,0,1,0,1,4,2,10,9,2,2,1,0,1,1,201200046299B01,7,22,1,200054781
201200046306,2012-04-04,2012,avril,mercredi,13:10,94,94019,0,0,2,1,3,1,1,4,-1,00,1,-1,0,0,1,0,1,4,1,32,0,1,2,0,2,1,1,201200046306A01,7,15,1,200054781
201200046331,2012-07-03,2012,juillet,mardi,13:50,94,94079,0,0,2,1,3,1,1,4,2,00,1,1,0,60,1,0,1,4,1,57,0,2,9,1,0,1,0,201200046331B01,7,22,1,200054781
201200046342,2012-07-25,2012,juillet,mercredi,20:50,94,94079,0,0,2,2,3,1,1,4,2,02,-1,1,20,72,1,5,1,4,1,61,0,3,9,0,2,1,1,201200046342B01,3,15,1,200054781