Num_Acc,date,an,mois,jour,hrmn,dep,com,lat,long,agg,int,col,lum,atm,catr,circ,nbv,prof,plan,lartpc,larrout,surf,infra,situ,grav,sexe,age,trajet,secuexist,equipement,obs,obsm,choc,manv,vehiculeid,typevehicules,manoeuvehicules,numVehicules,_infos_commune.code_epci
201200046360,2012-09-17,2012,septembre,lundi,13:45,94,94055,0,0,2,6,3,1,1,4,2,02,1,1,0,64,1,0,1,4,1,65,5,1,9,0,2,1,1,201200046360B01,7,16,1,200054781
201200046386,2012-03-08,2012,mars,jeudi,23:05,94,94054,48.7449,2.40764,2,6,6,5,1,3,2,04,1,1,0,0,1,0,1,1,1,18,9,3,9,0,1,1,1,201200046386A01,,,,200054781
201200046400,2012-05-12,2012,mai,samedi,11:50,94,94022,0,0,2,3,3,1,1,3,2,02,1,1,32,60,1,0,0,3,1,17,5,3,9,0,2,1,1,201200046400B01,7,1,1,200054781
201200046459,2012-04-15,2012,avril,dimanche,19:05,94,94054,0,0,2,1,2,1,8,4,3,02,2,3,0,0,1,0,1,4,1,42,1,1,2,0,2,4,2,201200046459B01,7,2,1,200054781
201200046467,2012-01-06,2012,janvier,vendredi,18:10,94,94028,48.7726,2.43313,2,1,2,3,1,3,2,02,2,1,0,60,1,0,1,4,1,40,5,3,9,0,2,4,15,201200046467B01,33,2,1,200054781
201200046484,2012-02-15,2012,février,mercredi,12:20,94,94011,48.7654,2.49115,2,1,7,1,1,3,2,04,1,1,30,120,1,0,1,4,1,28,9,2,2,0,2,1,1,201200046484B01,7,22,1,200054781
201200046485,2012-02-17,2012,février,vendredi,09:40,94,94011,48.7748,2.47875,2,1,3,1,1,4,2,02,1,1,0,60,1,0,1,4,1,24,4,1,2,0,2,1,19,201200046485B01,7,1,1,200054781
201200046487,2012-02-21,2012,février,mardi,14:15,94,94011,48.7738,2.4875,2,2,3,1,1,3,2,02,1,1,0,60,1,0,1,4,1,63,9,3,2,0,2,1,1,201200046487B01,7,15,1,200054781
201200046499,2012-03-19,2012,mars,lundi,09:10,94,94028,48.7953,2.45905,2,5,3,1,1,3,2,02,1,1,0,0,1,0,1,4,1,14,2,1,9,0,2,1,17,201200046499B01,10,1,1,200054781
201200046500,2012-03-20,2012,mars,mardi,08:00,94,94028,48.7907,2.44563,2,3,3,1,1,4,2,04,1,1,0,120,1,0,1,4,1,41,9,3,4,0,2,4,9,201200046500A01,7,1,1,200054781
201200046513,2012-04-16,2012,avril,lundi,22:05,94,94028,0,0,2,9,3,5,1,4,-1,01,1,1,0,30,1,0,1,4,1,25,0,3,4,0,2,1,1,201200046513B01,7,1,1,200054781
201200046546,2012-06-06,2012,juin,mercredi,07:10,94,94028,0,0,2,6,3,1,1,4,-1,02,1,1,0,60,1,0,1,4,1,31,0,3,2,0,2,7,0,201200046546B01,10,9,1,200054781
201200046583,2012-08-30,2012,août,jeudi,08:20,94,94011,0,0,2,1,1,1,1,4,-1,02,1,-1,0,60,1,0,1,4,1,28,0,2,2,0,2,1,0,201200046583B01,7,0,1,200054781
201200046589,2012-09-17,2012,septembre,lundi,17:30,94,94011,0,0,2,1,6,1,1,4,2,02,1,1,0,60,1,0,1,4,1,61,5,3,9,0,0,4,2,201200046589B01,7,1,1,200054781
201200046590,2012-09-17,2012,septembre,lundi,20:20,94,94028,0,0,2,1,6,5,1,4,2,02,1,1,0,60,1,0,0,4,1,29,5,3,2,0,2,0,1,201200046590A01,7,23,1,200054781
201200046593,2012-09-22,2012,septembre,samedi,12:30,94,94028,0,0,2,1,3,1,1,4,2,02,1,-1,0,40,-1,0,0,4,1,11,2,1,9,0,0,0,0,201200046593B01,7,0,1,200054781
201200046639,2012-12-11,2012,décembre,mardi,08:30,94,94028,0,0,2,1,6,2,1,4,2,02,1,1,0,60,1,0,5,4,1,62,0,1,2,0,2,8,1,201200046639B01,3,4,1,200054781
201200046683,2012-09-07,2012,septembre,vendredi,17:30,94,94033,0,0,2,3,1,1,1,3,2,02,2,1,0,0,1,0,1,4,1,12,5,3,4,0,2,1,1,201200046683A01,7,15,1,200054781
201200046708,2012-01-17,2012,janvier,mardi,06:40,94,94076,48.7794,2.3672,1,2,1,5,1,3,2,02,1,1,0,0,1,5,1,4,1,41,9,3,9,0,2,8,1,201200046708A01,34,1,1,200054781
201200046754,2012-04-20,2012,avril,vendredi,16:30,94,94043,0,0,2,1,3,1,2,3,3,00,2,1,0,0,2,0,1,4,1,28,0,3,9,1,0,1,18,201200046754A01,10,24,1,200054781
201200046767,2012-05-26,2012,mai,samedi,09:50,94,94043,0,0,2,2,3,1,1,3,1,01,1,1,,,1,0,1,4,1,44,5,3,4,0,2,7,1,201200046767A01,7,1,1,200054781
201200046774,2012-06-09,2012,juin,samedi,17:55,94,94003,0,0,2,3,3,1,1,3,1,02,-1,1,0,0,1,0,1,4,1,7,0,2,2,0,2,0,5,201200046774B01,7,1,1,200054781
201200046787,2012-07-03,2012,juillet,mardi,19:35,94,94003,0,0,2,1,6,1,1,4,1,03,1,1,0,0,1,0,1,4,2,50,0,1,2,1,0,1,18,201200046787A01,7,22,1,200054781
201200046812,2012-09-18,2012,septembre,mardi,15:45,94,94003,0,0,2,1,3,1,1,4,2,00,1,1,0,40,1,1,1,4,1,48,0,1,2,0,2,1,1,201200046812B01,7,9,1,200054781
201200046814,2012-09-19,2012,septembre,mercredi,17:45,94,94076,0,0,1,1,6,1,1,4,2,02,1,1,0,0,1,0,1,1,1,35,0,1,9,0,1,1,0,201200046814A01,,,,200054781
201200046856,2012-11-15,2012,novembre,jeudi,21:40,94,94037,0,0,2,2,6,5,1,4,2,01,1,-1,0,60,1,0,1,4,1,32,0,3,9,0,2,1,0,201200046856B01,7,16,1,200054781
201200046857,2012-11-16,2012,novembre,vendredi,17:40,94,94043,0,0,2,1,6,5,8,3,2,00,2,1,0,0,1,5,1,1,1,14,5,1,9,0,1,1,5,201200046857A01,,,,200054781
201200046860,2012-12-03,2012,décembre,lundi,09:00,94,94003,0,0,2,1,1,1,2,4,-1,02,-1,-1,0,0,2,0,0,3,2,42,1,3,9,0,2,1,0,201200046860B01,7,0,1,200054781
201200046863,2012-12-04,2012,décembre,mardi,20:00,94,94076,0,0,2,2,3,5,2,9,2,02,2,1,0,60,2,0,1,4,1,46,0,1,4,0,0,7,15,201200046863B01,7,9,1,200054781
201200046865,2012-12-08,2012,décembre,samedi,17:00,94,94016,0,0,2,1,6,2,1,2,2,02,2,1,0,50,1,0,1,4,1,22,5,2,4,1,0,2,1,201200046865B01,7,0,1,200054781
201200046899,2012-01-13,2012,janvier,vendredi,07:55,94,94073,48.757,2.40045,2,1,2,2,1,4,-1,02,1,1,0,0,1,0,1,4,1,58,1,3,9,0,2,4,1,201200046899B01,31,1,1,200054781
201200046925,2012-01-26,2012,janvier,jeudi,18:40,94,94073,48.7589,2.37249,2,1,3,5,2,4,2,02,1,3,0,0,2,0,1,4,1,51,9,1,2,0,2,3,19,201200046925A01,37,21,1,200054781
201200046927,2012-09-11,2012,septembre,mardi,15:15,94,94038,0,0,2,2,3,1,3,4,2,02,1,1,0,0,2,0,1,3,2,36,0,2,9,0,2,1,1,201200046927A01,7,1,1,200054781
201200046931,2012-05-19,2012,mai,samedi,10:20,94,94038,0,0,2,2,5,1,1,4,2,02,1,1,0,61,1,0,1,4,1,39,5,1,2,0,2,1,1,201200046931B01,7,1,2,200054781
201200046948,2012-05-29,2012,mai,mardi,18:30,94,94021,0,0,2,2,3,1,7,4,2,00,1,1,0,0,1,0,1,4,1,30,1,3,9,0,2,1,1,201200046948B01,7,9,1,200054781
201200047052,2012-11-13,2012,novembre,mardi,08:00,94,94073,0,0,2,3,2,1,2,4,2,02,1,1,0,0,2,0,1,3,1,59,0,1,2,0,0,4,0,201200047052B01,7,9,1,200054781
201200047064,2012-12-05,2012,décembre,mercredi,19:35,94,94038,0,0,2,9,1,5,2,4,2,02,1,1,0,0,2,5,1,4,1,40,1,1,2,0,2,1,2,201200047064B01,7,15,1,200054781
201200047090,2012-03-01,2012,mars,jeudi,20:20,94,94041,48.8111,2.38394,2,3,3,5,1,3,2,03,2,1,2,100,1,0,1,4,1,51,9,3,2,0,2,8,1,201200047090B01,7,15,1,200054781
201200047099,2012-03-15,2012,mars,jeudi,20:30,94,94041,48.8087,2.38115,2,1,7,5,1,3,1,01,1,1,0,50,1,0,4,4,1,54,9,2,2,0,2,1,1,201200047099B01,7,23,1,200054781
201200047114,2012-05-13,2012,mai,dimanche,06:45,94,94041,0,0,2,1,2,1,1,2,2,02,1,1,0,80,1,0,1,4,1,23,5,2,2,0,2,1,2,201200047114A01,37,23,1,200054781
201200047123,2012-05-28,2012,mai,lundi,15:30,94,94041,0,0,2,1,6,1,1,3,1,01,2,-1,0,5,1,0,5,4,1,7,5,3,9,15,0,1,0,201200047123A01,,,,200054781
201200047151,2012-08-30,2012,août,jeudi,10:10,94,94041,0,0,2,9,6,1,1,6,2,01,1,1,0,62,1,0,1,4,1,13,0,2,2,0,2,1,1,201200047151B01,7,1,1,200054781
201200047155,2012-09-11,2012,septembre,mardi,18:30,94,94041,0,0,2,1,6,1,8,9,1,01,1,-1,0,35,2,0,1,4,2,36,0,1,2,1,0,7,0,201200047155A01,,,,200054781
201200047162,2012-10-08,2012,octobre,lundi,05:30,94,94041,0,0,2,2,1,5,1,2,3,03,1,1,0,160,1,0,1,4,1,42,1,3,2,0,2,1,15,201200047162B01,2,0,1,200054781
201200047174,2012-10-25,2012,octobre,jeudi,09:55,94,94041,0,0,2,1,6,1,1,3,2,04,1,1,0,180,-1,0,4,4,1,47,0,3,9,0,0,0,0,201200047174A01,,,,200054781
201200047180,2012-11-17,2012,novembre,samedi,20:25,94,94041,0,0,2,1,6,5,1,4,2,02,1,1,35,35,1,0,0,1,1,26,5,1,4,0,1,1,2,201200047180A01,,,,200054781
201200047205,2012-02-15,2012,février,mercredi,17:30,94,94046,48.8158,2.42171,2,1,2,1,1,3,2,02,1,1,0,0,1,0,1,4,1,60,9,3,9,0,2,1,2,201200047205A01,10,1,1,200054781
201200047209,2012-03-20,2012,mars,mardi,13:15,94,94046,48.8144,2.42341,2,1,6,1,1,3,3,00,1,1,0,0,1,0,4,1,2,19,9,3,4,0,1,1,1,201200047209A01,,,,200054781
201200047214,2012-05-01,2012,mai,mardi,18:20,94,94046,0,0,2,2,3,1,1,4,2,02,1,1,0,0,1,0,1,3,1,27,9,1,2,0,2,1,1,201200047214A01,7,1,1,200054781
201200047215,2012-05-04,2012,mai,vendredi,08:15,94,94046,0,0,2,1,6,1,9,3,2,04,1,1,0,64,2,0,1,4,1,28,0,3,9,0,2,0,2,201200047215B01,7,17,1,200054781
201200047249,2012-10-09,2012,octobre,mardi,11:25,94,94046,0,0,2,1,2,1,2,4,1,01,1,1,0,72,2,0,1,4,2,54,5,3,9,0,2,1,23,201200047249B01,10,4,1,200054781
201200047306,2012-05-01,2012,mai,mardi,17:00,94,94042,0,0,2,1,1,1,1,9,2,01,2,1,0,29,1,0,3,1,2,18,5,1,2,0,2,1,1,201200047306B01,1,1,1,200054781
201200047306,2012-05-01,2012,mai,mardi,17:00,94,94042,0,0,2,1,1,1,1,9,2,01,2,1,0,29,1,0,3,4,1,46,5,1,2,0,2,1,1,201200047306A01,1,1,1,200054781
201200047318,2012-06-11,2012,juin,lundi,08:40,94,94058,0,0,2,3,3,1,2,4,1,01,1,1,0,35,1,0,1,4,1,15,2,3,4,14,0,1,19,201200047318A01,7,14,1,200054781
201200047353,2012-09-15,2012,septembre,samedi,20:15,94,94052,0,0,2,1,3,5,1,4,2,02,2,1,0,66,1,0,1,3,2,33,5,3,4,0,2,7,19,201200047353A01,7,1,1,200054781
201200047362,2012-10-12,2012,octobre,vendredi,13:00,94,94058,0,0,2,2,3,1,1,4,1,01,1,1,0,52,1,0,1,4,1,18,5,3,9,0,0,7,1,201200047362B01,7,1,1,200054781
201200047373,2012-11-14,2012,novembre,mercredi,09:01,94,94052,0,0,2,2,7,1,8,3,2,02,2,1,20,100,1,0,1,4,1,46,1,3,9,10,2,1,6,201200047373B01,7,0,1,200054781
201200047393,2012-01-11,2012,janvier,mercredi,11:40,94,94068,48.7917,2.49446,2,2,3,1,1,4,2,02,1,1,0,60,1,0,1,3,2,16,5,3,9,0,2,2,1,201200047393A01,10,1,1,200054781
201200047400,2012-02-21,2012,février,mardi,09:35,94,94068,48.7915,2.51937,2,1,7,1,1,3,2,02,1,1,0,0,1,0,1,4,1,56,1,3,9,1,0,1,1,201200047400B01,7,22,1,200054781
201200047407,2012-03-26,2012,mars,lundi,10:50,94,94068,48.8078,2.50909,2,2,2,1,1,3,2,02,2,1,0,150,1,0,1,4,2,47,9,3,2,0,2,1,2,201200047407A01,7,23,1,200054781
201200047420,2012-05-01,2012,mai,mardi,11:10,94,94068,0,0,2,7,6,1,1,3,1,01,1,2,0,101,1,0,1,4,2,57,9,2,9,1,0,1,1,201200047420B01,7,22,1,200054781
201200047432,2012-05-24,2012,mai,jeudi,18:15,94,94068,0,0,2,3,6,1,1,4,1,01,1,1,,,1,0,1,4,2,68,9,3,9,0,2,7,15,201200047432B01,7,15,1,200054781
201200047433,2012-05-25,2012,mai,vendredi,17:00,94,94068,0,0,2,2,3,1,1,4,2,02,1,1,,,1,0,1,3,1,30,1,3,9,0,2,1,1,201200047433A01,7,1,1,200054781
201200047437,2012-06-08,2012,juin,vendredi,19:50,94,94068,0,0,2,1,3,1,1,4,2,00,1,1,0,0,1,0,1,4,1,20,0,3,9,0,2,0,0,201200047437A01,7,0,1,200054781
201200047454,2012-07-23,2012,juillet,lundi,19:05,94,94068,0,0,2,1,2,1,1,2,-1,00,1,1,0,80,1,0,1,4,1,25,5,3,9,0,2,1,0,201200047454A01,7,0,1,200054781
201200047483,2012-10-26,2012,octobre,vendredi,19:50,94,94068,0,0,2,1,6,5,1,4,1,01,1,1,0,65,1,0,1,4,2,50,1,3,4,0,2,2,1,201200047483B01,7,0,1,200054781
201200047504,2012-12-02,2012,décembre,dimanche,10:40,94,94068,0,0,2,1,3,1,1,3,2,03,1,1,0,0,1,0,1,4,1,45,0,3,9,0,2,1,1,201200047504B01,7,15,1,200054781
201200047521,2012-12-28,2012,décembre,vendredi,20:30,94,94068,0,0,2,2,3,5,1,4,2,02,1,1,0,58,2,0,1,3,2,30,0,3,9,0,2,0,15,201200047521A01,7,2,1,200054781
201200047648,2012-10-25,2012,octobre,jeudi,08:20,94,94077,0,0,2,1,7,1,1,4,1,00,-1,2,0,25,-1,0,1,4,2,43,1,2,2,0,2,4,1,201200047648B01,10,9,1,200054781
201200047690,2012-02-29,2012,février,mercredi,08:25,94,94080,48.8483,2.45237,2,1,7,1,1,3,1,01,1,1,0,0,1,0,1,4,1,28,1,3,9,1,0,1,17,201200047690B01,7,22,1,200054781
201200047707,2012-05-31,2012,mai,jeudi,11:15,94,94067,0,0,2,1,6,1,1,3,2,02,1,1,0,0,1,0,1,1,1,37,1,3,9,0,1,1,1,201200047707A01,,,,200054781
201200047708,2012-05-31,2012,mai,jeudi,15:05,94,94080,0,0,2,1,1,1,1,4,2,02,1,1,0,0,1,0,0,4,1,56,4,3,9,1,0,1,0,201200047708B01,7,0,1,200054781
201200047709,2012-06-06,2012,juin,mercredi,11:50,94,94080,0,0,2,1,6,1,1,3,1,01,1,1,0,0,-1,0,1,4,2,48,5,3,9,1,0,0,0,201200047709B01,7,24,1,200054781
201200047713,2012-06-29,2012,juin,vendredi,12:00,94,94080,0,0,2,1,6,1,1,4,1,01,1,1,0,21,1,0,1,3,2,29,5,3,9,0,0,1,0,201200047713B01,7,0,1,200054781
201200047721,2012-09-02,2012,septembre,dimanche,10:15,94,94067,0,0,2,1,6,1,1,3,2,02,1,1,0,0,1,0,1,4,1,63,5,2,2,1,0,1,21,201200047721B01,7,22,1,200054781
201200047726,2012-09-13,2012,septembre,jeudi,19:25,94,94080,0,0,2,1,6,1,1,3,2,04,1,1,0,0,1,0,1,4,2,27,5,2,9,0,2,5,12,201200047726B01,31,1,1,200054781
201200047728,2012-09-15,2012,septembre,samedi,14:50,94,94067,0,0,2,1,6,1,1,3,-1,00,1,1,0,0,1,0,4,1,1,14,5,3,9,0,1,1,0,201200047728A01,,,,200054781
201200047816,2012-06-30,2012,juin,samedi,17:55,94,94081,0,0,2,1,6,1,1,3,2,02,2,1,0,0,1,0,1,1,1,19,9,2,2,0,0,0,11,201200047816B01,7,11,1,200054781
201200047816,2012-06-30,2012,juin,samedi,17:55,94,94081,0,0,2,1,6,1,1,3,2,02,2,1,0,0,1,0,1,4,1,13,9,2,2,0,0,0,11,201200047816B01,7,11,1,200054781
201200047834,2012-08-21,2012,août,mardi,12:15,94,94081,0,0,2,1,6,1,1,9,1,01,-1,-1,0,0,-1,0,0,4,1,15,5,3,2,0,2,0,10,201200047834B01,34,0,1,200054781
201200047842,2012-09-29,2012,septembre,samedi,18:30,94,94081,0,0,2,3,3,2,1,3,2,02,2,1,0,0,1,0,1,4,2,15,0,3,9,0,2,1,0,201200047842A01,7,0,1,200054781
201200047905,2012-03-16,2012,mars,vendredi,19:35,95,95018,48.9399,2.2345,2,1,2,5,1,4,2,02,2,1,0,60,1,0,1,4,2,45,3,1,9,0,2,4,2,201200047905B01,7,1,1,200054781
201200047921,2012-04-10,2012,avril,mardi,15:45,95,95176,48.9696,2.2088,2,1,6,1,2,4,2,02,1,1,0,56,2,0,1,1,1,14,2,3,9,0,1,1,1,201200047921A01,,,,200058485
201200047977,2012-07-31,2012,juillet,mardi,20:50,95,95582,48.9767,2.2444,2,1,1,1,1,3,2,02,1,1,0,90,1,0,5,4,1,55,5,1,2,0,2,8,1,201200047977B01,7,11,1,200058485
201200047987,2012-09-12,2012,septembre,mercredi,13:55,95,95582,48.9739,2.2651,2,3,3,1,1,3,2,02,1,1,30,60,1,0,1,3,1,13,5,3,9,0,2,3,1,201200047987B01,38,13,1,200058485
201200047988,2012-09-14,2012,septembre,vendredi,18:00,95,95582,48.9708,2.2467,2,1,7,1,1,4,2,02,2,1,,,1,0,1,4,1,14,5,3,9,16,,9,1,201200047988A01,,,,200058485
201200047991,2012-09-19,2012,septembre,mercredi,16:15,95,95018,48.9516,2.2437,2,4,2,1,1,3,2,02,1,3,,,1,0,1,4,1,15,5,2,2,0,2,1,2,201200047991A01,7,2,1,200054781
201200047997,2012-09-27,2012,septembre,jeudi,13:45,95,95018,48.9486,2.2573,2,1,1,1,8,4,2,02,1,1,,,2,0,1,3,1,47,1,2,9,0,2,1,1,201200047997A01,7,2,1,200054781
201200048006,2012-10-08,2012,octobre,lundi,10:30,95,95018,48.9386,2.2142,2,2,3,1,2,4,2,02,1,1,,,2,0,1,4,2,39,4,3,9,0,2,7,2,201200048006B01,7,1,1,200054781
201200048010,2012-10-15,2012,octobre,lundi,05:50,95,95018,48.9499,2.2063,2,6,3,5,8,3,2,02,1,2,25,110,2,0,1,4,1,36,1,3,9,0,2,6,2,201200048010B01,7,1,1,200054781
201200048014,2012-10-23,2012,octobre,mardi,15:15,95,95018,48.9472,2.2061,2,1,6,1,1,3,2,02,1,1,0,89,1,0,1,4,1,13,2,3,2,0,2,8,19,201200048014B01,2,17,1,200054781
201200048022,2012-10-29,2012,octobre,lundi,19:05,95,95018,48.9503,2.2254,2,3,6,5,1,4,2,02,1,1,0,109,1,0,1,4,1,33,5,2,9,1,0,7,1,201200048022B01,10,22,1,200054781
201200048075,2012-07-31,2012,juillet,mardi,19:40,95,95063,48.9308,2.2073,2,1,1,1,1,4,1,02,1,1,,,1,0,5,4,1,17,1,1,4,0,2,1,1,201200048075B01,32,0,1,200058519
201200048119,2012-03-27,2012,mars,mardi,08:00,95,95197,48.9715,2.3226,2,1,6,1,1,4,1,01,1,1,,,1,0,1,1,1,31,1,3,2,0,1,1,1,201200048119A01,,,,200056380
201200048121,2012-05-24,2012,mai,jeudi,18:00,95,95427,48.9682,2.3455,2,1,6,1,1,4,2,02,2,2,,,1,0,1,4,1,42,1,3,9,0,2,7,1,201200048121A01,37 / 7,1 / 21,2,200056380
201200048133,2012-01-17,2012,janvier,mardi,12:30,95,95219,48.9905,2.2594,2,1,6,1,1,3,2,02,1,1,,,2,0,1,4,1,12,2,3,9,1,0,1,1,201200048133A01,,,,200058485
201200048143,2012-02-26,2012,février,dimanche,16:35,95,95252,48.9941,2.2342,2,3,2,1,1,4,2,02,1,1,,,1,0,1,4,1,10,5,3,9,0,2,1,1,201200048143B01,7,1,1,200058485
201200048145,2012-03-05,2012,mars,lundi,13:00,95,95252,48.9937,2.2356,2,1,6,1,1,9,4,00,1,1,,,1,0,4,1,1,32,5,3,9,0,1,1,19,201200048145A01,,,,200058485
201200048155,2012-05-12,2012,mai,samedi,11:15,95,95219,48.9941,2.2609,2,4,1,1,1,4,2,02,1,1,,,1,0,1,4,2,57,5,3,9,0,2,1,1,201200048155B01,7,15,1,200058485
201200048160,2012-06-02,2012,juin,samedi,13:15,95,95219,48.9866,2.2474,2,1,3,1,1,3,2,04,1,1,,,1,0,1,4,2,66,5,3,9,0,2,6,1,201200048160B01,7,4,1,200058485
201200048165,2012-06-18,2012,juin,lundi,17:30,95,95203,48.9975,2.2652,2,2,3,1,1,4,2,02,1,1,,,1,0,1,4,1,16,2,3,9,0,2,8,15,201200048165B01,7,17,1,200058485
201200048172,2012-07-22,2012,juillet,dimanche,17:30,95,95491,48.9997,2.2264,2,1,3,1,1,4,2,02,1,1,,,1,0,1,4,1,23,5,3,9,0,2,8,15,201200048172B01,7,17,1,200058485
201200048182,2012-09-08,2012,septembre,samedi,19:20,95,95252,48.9939,2.2382,2,4,3,1,1,4,2,01,1,1,,,1,0,1,4,1,7,5,3,9,0,2,8,19,201200048182B01,10,1,1,200058485
201200048187,2012-09-23,2012,septembre,dimanche,11:46,95,95203,49.0035,2.2811,2,6,3,1,1,3,2,02,1,1,,,1,5,1,4,1,64,5,3,9,0,2,1,1,201200048187B01,7,9,1,200058485
201200048190,2012-10-02,2012,octobre,mardi,08:55,95,95219,48.9775,2.2714,2,3,2,1,8,3,2,02,1,1,,,2,0,1,3,2,43,1,3,9,0,2,4,1,201200048190B01,7,9,1,200058485
201200048217,2012-01-06,2012,janvier,vendredi,23:25,95,95252,48.9915,2.2161,2,1,2,5,1,4,2,02,1,1,,,1,0,1,4,1,20,1,1,4,0,2,4,23,201200048217B01,7,0,1,200058485
201200048221,2012-05-20,2012,mai,dimanche,11:35,95,95203,48.9809,2.2706,2,1,3,1,1,3,2,02,1,1,,,1,0,1,3,1,63,5,3,9,0,2,8,19,201200048221B01,7,1,1,200058485
201200048264,2012-07-19,2012,juillet,jeudi,21:15,95,95280,49.0309,2.4726,2,2,3,1,1,4,2,02,1,1,0,53,1,0,1,4,2,15,5,3,9,0,2,7,1,201200048264A01,7,1,1,200055655
201200048273,2012-09-23,2012,septembre,dimanche,10:45,95,95277,48.9808,2.4671,1,1,2,1,1,3,2,02,1,1,,,1,0,1,4,1,59,5,1,9,0,2,8,1,201200048273B01,7,2,1,200055655
201200048285,2012-01-17,2012,janvier,mardi,11:15,95,95280,49.0325,2.4732,2,1,7,1,1,4,2,02,1,1,12,83,1,0,1,3,2,79,3,3,9,16,0,4,1,201200048285A01,,,,200055655
201200048336,2012-06-08,2012,juin,vendredi,18:05,95,95306,49.0039,2.1471,2,1,3,1,1,4,2,02,1,1,,,1,0,1,4,1,38,5,3,9,0,0,8,1,201200048336A01,7,1,1,200058485
201200048382,2012-08-05,2012,août,dimanche,07:50,95,95313,49.1083,2.2329,2,1,2,1,1,3,2,02,1,1,0,60,1,0,1,3,1,39,5,1,2,0,2,4,1,201200048382B01,7,17,1,249500455
201200048396,2012-12-05,2012,décembre,mercredi,08:10,95,95052,49.1375,2.2828,2,2,3,2,2,3,2,02,1,1,0,60,2,0,1,4,1,13,2,3,9,0,2,4,15,201200048396B01,10,1,1,249500489
201200048470,2012-04-01,2012,avril,dimanche,10:55,95,95563,49.0137,2.2408,2,2,3,1,1,4,2,02,1,1,,,1,0,1,4,1,52,5,1,9,0,2,2,1,201200048470B01,7,1,1,200058485
201200048476,2012-07-01,2012,juillet,dimanche,12:40,95,95607,49.0191,2.2239,2,4,3,1,1,3,3,04,1,1,,,1,0,5,4,1,65,5,1,2,0,2,1,19,201200048476B01,7,16,1,200058485
201200048478,2012-07-25,2012,juillet,mercredi,14:40,95,95060,49.0318,2.2169,2,1,3,1,1,3,2,02,1,1,,,1,0,1,3,1,7,5,3,9,0,2,8,19,201200048478B01,7,1,1,200058485
201200048484,2012-10-16,2012,octobre,mardi,17:00,95,95051,49.0163,2.1761,2,1,3,1,1,4,2,02,1,1,,,1,0,4,4,1,51,1,3,9,0,2,1,1,201200048484B01,7,9,1,200058485
201200048580,2012-04-09,2012,avril,lundi,23:00,69,69381,0,0,2,1,6,5,1,4,2,02,2,1,0,71,1,0,1,4,1,19,5,2,2,0,2,0,0,201200048580B01,7,1,1,200046977
201200048585,2012-06-06,2012,juin,mercredi,17:13,69,69381,0,0,2,1,2,1,1,4,1,01,2,1,0,40,1,0,1,2,2,55,0,2,2,0,2,4,2,201200048585A01,31,2,1,200046977
201200051146,2012-06-04,2012,juin,lundi,08:45,2B,2B033,0,0,2,1,3,1,1,4,2,02,2,-1,0,90,1,0,1,4,1,27,5,1,2,0,2,1,17,201200051146A01,7,1,1,242000354
201200051157,2012-06-24,2012,juin,dimanche,13:25,2B,2B037,0,0,2,2,3,1,1,4,2,02,1,1,0,70,1,0,1,4,1,12,9,1,2,0,2,1,1,201200051157A01,7,1,1,200036499
201200051230,2012-11-04,2012,novembre,dimanche,14:58,2B,2B037,0,0,2,1,1,1,1,4,2,02,2,3,0,70,1,0,1,4,1,11,5,1,2,0,2,1,1,201200051230A01,7,1,1,200036499
201200051269,2012-03-27,2012,mars,mardi,13:20,69,69382,0,0,2,1,7,1,1,4,4,05,2,1,0,44,1,6,1,1,1,30,5,3,9,0,0,0,2,201200051269B01,2,21,1,200046977
201200051280,2012-05-16,2012,mai,mercredi,17:00,69,69382,0,0,2,1,6,1,1,4,2,03,1,1,0,60,1,0,1,4,2,42,0,1,4,0,2,4,13,201200051280B01,7,1,1,200046977
201200051282,2012-05-27,2012,mai,dimanche,05:00,69,69382,0,0,2,1,6,5,1,4,1,03,1,1,0,95,1,0,1,4,1,22,0,2,2,0,2,1,5,201200051282A01,7,1,1,200046977
201200051285,2012-06-07,2012,juin,jeudi,08:15,69,69382,0,0,2,1,6,1,1,4,-1,03,1,1,0,90,1,0,0,4,1,43,1,3,2,0,0,1,18,201200051285A01,10,23,1,200046977
201200051294,2012-07-12,2012,juillet,jeudi,19:00,69,69382,0,0,2,1,6,1,1,4,2,03,1,1,0,149,1,2,1,1,2,20,5,3,2,0,2,8,11,201200051294B01,32,1,1,200046977
201200051296,2012-07-27,2012,juillet,vendredi,18:15,69,69382,0,0,2,3,1,1,1,4,1,01,1,1,0,0,1,0,1,4,2,19,5,3,2,0,2,7,5,201200051296A01,7,1,1,200046977
201200051298,2012-08-09,2012,août,jeudi,18:00,69,69382,0,0,2,3,3,1,1,4,1,01,1,1,0,61,1,0,1,3,1,57,5,1,2,0,2,3,0,201200051298A01,7,0,1,200046977
201200051303,2012-09-04,2012,septembre,mardi,10:15,69,69382,0,0,2,2,3,1,1,4,3,03,1,1,0,87,1,0,1,3,2,45,5,3,2,0,2,7,2,201200051303B01,30,1,1,200046977
201200051317,2012-11-12,2012,novembre,lundi,15:50,69,69382,0,0,2,1,6,1,1,4,1,01,1,1,0,80,1,0,1,1,1,38,0,3,2,0,1,1,0,201200051317A01,,,,200046977
201200051377,2012-06-19,2012,juin,mardi,14:30,59,59183,0,0,1,1,3,1,1,1,3,04,1,1,20,220,1,3,1,1,2,76,5,2,9,0,2,7,14,201200051377B01,33,9,1,245900428
201200051447,2012-01-23,2012,janvier,lundi,17:15,69,69383,0,0,2,1,3,2,1,4,4,03,1,1,0,0,1,0,1,4,2,25,1,2,9,0,2,2,1,201200051447B01,7,9,1,200046977