Num_Acc,date,an,mois,jour,hrmn,dep,com,lat,long,agg,int,col,lum,atm,catr,circ,nbv,prof,plan,lartpc,larrout,surf,infra,situ,grav,sexe,age,trajet,secuexist,equipement,obs,obsm,choc,manv,vehiculeid,typevehicules,manoeuvehicules,numVehicules,_infos_commune.code_epci
201200051455,2012-01-26,2012,janvier,jeudi,18:50,69,69383,0,0,2,3,1,5,1,4,1,01,1,1,0,0,1,0,1,4,2,18,2,3,9,0,2,7,5,201200051455A01,7,15,1,200046977
201200051458,2012-02-09,2012,février,jeudi,20:10,69,69383,0,0,2,2,3,5,1,4,1,01,1,1,0,0,1,0,1,4,1,39,0,3,9,0,2,7,0,201200051458B01,7,15,1,200046977
201200051476,2012-03-01,2012,mars,jeudi,19:35,69,69386,0,0,2,2,3,5,1,4,2,00,1,1,0,0,1,0,0,4,1,21,0,3,9,0,2,1,0,201200051476B01,7,15,1,200046977
201200051499,2012-04-02,2012,avril,lundi,12:55,69,69383,0,0,2,2,3,1,1,4,1,01,1,1,0,0,1,0,1,4,1,23,2,2,2,0,2,8,18,201200051499A01,14,16,1,200046977
201200051523,2012-05-12,2012,mai,samedi,05:05,69,69383,0,0,2,2,1,4,1,4,2,04,1,1,11,125,1,0,1,3,1,20,4,1,2,0,2,1,1,201200051523A01,7,2,1,200046977
201200051526,2012-05-15,2012,mai,mardi,15:15,69,69383,0,0,2,2,6,1,1,4,2,02,1,1,0,0,1,0,1,4,1,36,5,3,9,8,2,7,1,201200051526A01,7,2,1,200046977
201200051529,2012-05-17,2012,mai,jeudi,16:30,69,69383,0,0,2,1,2,1,1,4,1,02,1,1,0,0,1,0,1,4,1,30,5,1,9,0,2,4,13,201200051529B01,7,2,1,200046977
201200051533,2012-05-23,2012,mai,mercredi,16:10,69,69383,0,0,2,1,6,1,1,4,2,01,1,1,0,60,1,0,1,4,1,7,5,3,9,0,2,1,19,201200051533A01,7,1,1,200046977
201200051535,2012-05-29,2012,mai,mardi,08:15,69,69383,0,0,2,1,3,1,1,4,2,03,1,1,0,0,1,0,1,4,2,36,1,3,9,0,2,1,8,201200051535B01,7,9,1,200046977
201200051536,2012-05-29,2012,mai,mardi,14:20,69,69383,0,0,2,1,3,1,1,4,2,06,1,1,11,156,1,1,1,3,2,30,0,1,2,0,2,1,1,201200051536B01,7,1,1,200046977
201200051538,2012-05-31,2012,mai,jeudi,08:45,69,69386,0,0,2,1,6,1,1,4,1,01,1,1,0,0,1,0,1,1,2,41,0,2,9,0,1,3,5,201200051538A01,,,,200046977
201200051538,2012-05-31,2012,mai,jeudi,08:45,69,69386,0,0,2,1,6,1,1,4,1,01,1,1,0,0,1,0,1,4,1,56,5,3,9,0,1,3,5,201200051538A01,,,,200046977
201200051539,2012-06-02,2012,juin,samedi,10:30,69,69386,0,0,2,1,6,1,1,4,2,06,1,1,0,0,2,0,1,4,1,44,5,3,9,0,2,1,1,201200051539B01,7,24,1,200046977
201200051552,2012-06-21,2012,juin,jeudi,12:34,69,69383,0,0,2,1,6,1,1,4,1,04,1,1,0,0,1,0,1,4,2,37,5,3,9,0,2,7,1,201200051552B01,7,17,1,200046977
201200051557,2012-06-27,2012,juin,mercredi,08:30,69,69383,0,0,2,2,3,1,1,4,1,01,1,1,0,0,1,0,1,4,1,60,1,1,2,0,2,7,5,201200051557A01,7,1,1,200046977
201200051560,2012-06-27,2012,juin,mercredi,19:10,69,69383,0,0,2,1,6,1,1,4,-1,02,1,1,0,0,1,0,5,4,1,20,5,3,9,1,0,1,1,201200051560A01,,,,200046977
201200051566,2012-06-29,2012,juin,vendredi,07:15,69,69383,0,0,2,2,3,1,1,4,1,01,1,1,0,0,1,0,1,4,2,27,5,3,9,0,0,0,0,201200051566B01,7,0,1,200046977
201200051567,2012-07-12,2012,juillet,jeudi,07:25,69,69383,0,0,2,2,3,1,1,4,1,02,1,1,0,0,1,0,1,4,1,61,1,3,2,0,2,7,1,201200051567B01,7,1,1,200046977
201200051572,2012-07-03,2012,juillet,mardi,17:40,69,69383,0,0,2,1,3,1,1,4,2,03,1,1,0,0,1,0,1,4,1,60,1,1,9,0,2,9,1,201200051572B01,7,16,1,200046977
201200051577,2012-07-10,2012,juillet,mardi,11:30,69,69386,0,0,2,1,3,1,1,4,2,05,1,1,0,60,1,2,1,4,1,87,5,3,9,0,2,8,1,201200051577B01,37,17,1,200046977
201200051578,2012-07-10,2012,juillet,mardi,11:30,69,69383,0,0,2,2,3,1,2,4,1,01,1,1,0,0,2,0,1,4,2,26,5,3,9,0,2,7,1,201200051578B01,7,5,1,200046977
201200051584,2012-07-19,2012,juillet,jeudi,22:50,69,69383,0,0,2,2,3,5,1,4,2,04,1,1,0,0,1,0,1,4,1,27,0,2,9,0,2,0,0,201200051584A01,7,1,1,200046977
201200051588,2012-07-29,2012,juillet,dimanche,17:25,69,69383,0,0,2,1,6,1,1,9,4,03,1,1,0,0,1,0,5,4,1,64,5,1,2,0,1,1,1,201200051588A01,,,,200046977
201200051592,2012-08-02,2012,août,jeudi,17:25,69,69386,0,0,2,2,5,1,1,4,1,01,1,1,0,0,1,0,1,4,1,34,1,1,9,0,2,8,1,201200051592C01,7,1,2,200046977
201200051594,2012-08-14,2012,août,mardi,05:15,69,69383,0,0,2,1,6,5,1,4,3,02,1,1,0,0,1,0,1,3,1,28,1,2,9,0,2,6,2,201200051594B01,7,0,1,200046977
201200051605,2012-09-07,2012,septembre,vendredi,13:00,69,69383,0,0,2,1,3,1,1,4,4,03,1,1,0,0,1,4,1,3,1,68,5,2,2,0,4,7,1,201200051605A01,40,1,1,200046977
201200051610,2012-09-10,2012,septembre,lundi,19:45,69,69383,0,0,2,2,3,2,1,4,2,02,1,1,0,0,1,4,1,3,2,24,0,3,9,0,0,1,1,201200051610A01,7,1,1,200046977
201200051620,2012-09-21,2012,septembre,vendredi,18:40,69,69383,0,0,2,2,2,1,2,4,1,01,1,1,0,0,2,0,1,4,2,56,1,1,4,0,2,4,2,201200051620B01,7,2,1,200046977
201200051621,2012-09-24,2012,septembre,lundi,09:05,69,69386,0,0,2,2,3,1,1,4,1,01,1,1,0,0,2,0,1,4,1,24,1,2,2,0,2,1,1,201200051621B01,7,1,1,200046977
201200051630,2012-10-02,2012,octobre,mardi,18:10,69,69386,0,0,2,1,3,1,1,4,2,06,1,1,22,161,1,0,1,3,2,64,0,1,2,0,2,1,1,201200051630A01,7,1,1,200046977
201200051633,2012-10-10,2012,octobre,mercredi,12:15,69,69383,0,0,2,1,7,1,1,4,-1,03,2,-1,0,0,1,0,1,3,1,40,1,2,4,0,0,0,21,201200051633B01,7,16,1,200046977
201200051639,2012-10-15,2012,octobre,lundi,14:15,69,69383,0,0,2,1,3,1,1,4,1,03,1,1,11,152,1,0,1,3,2,21,0,3,9,0,2,1,1,201200051639A01,32,1,1,200046977
201200051641,2012-10-19,2012,octobre,vendredi,08:25,69,69383,0,0,2,1,3,1,1,4,3,05,1,1,0,0,1,0,1,4,2,51,1,2,9,0,2,3,13,201200051641A01,7,1,1,200046977
201200051644,2012-10-20,2012,octobre,samedi,16:20,69,69386,0,0,2,1,3,1,1,4,2,02,1,1,0,0,1,0,1,3,1,37,5,3,9,0,2,8,1,201200051644A01,37,17,1,200046977
201200051645,2012-10-22,2012,octobre,lundi,18:00,69,69383,0,0,2,2,3,1,1,4,4,05,1,1,0,0,1,0,1,4,1,46,1,1,2,0,2,1,0,201200051645A01,7,0,1,200046977
201200051649,2012-10-26,2012,octobre,vendredi,09:00,69,69383,0,0,2,1,7,1,1,4,1,01,1,1,0,0,1,0,5,4,1,38,1,3,4,0,0,0,21,201200051649B01,7,24,1,200046977
201200051655,2012-11-08,2012,novembre,jeudi,22:00,69,69386,0,0,2,2,3,5,1,4,1,01,-1,-1,0,0,1,0,1,3,2,27,0,3,9,0,0,9,1,201200051655A01,7,1,1,200046977
201200051658,2012-11-16,2012,novembre,vendredi,10:00,69,69386,0,0,2,2,1,1,1,4,1,01,1,1,0,0,1,0,1,4,2,20,1,2,9,0,2,8,19,201200051658A01,7,19,1,200046977
201200051660,2012-11-18,2012,novembre,dimanche,16:50,69,69386,0,0,2,1,6,2,1,4,1,03,1,1,0,0,1,0,1,4,1,60,5,2,2,0,2,6,19,201200051660A01,7,1,1,200046977
201200051667,2012-12-01,2012,décembre,samedi,10:30,69,69383,0,0,2,2,3,1,1,4,1,01,1,1,0,0,1,0,1,4,2,41,0,1,2,0,2,1,1,201200051667B01,7,1,1,200046977
201200051673,2012-12-05,2012,décembre,mercredi,17:25,69,69386,0,0,2,2,3,5,2,4,1,02,1,1,0,30,2,0,1,3,1,44,1,3,9,0,2,1,1,201200051673B01,7,16,1,200046977
201200051677,2012-12-07,2012,décembre,vendredi,23:00,69,69386,0,0,2,1,3,5,2,4,2,04,1,1,23,138,2,2,1,3,1,46,5,3,9,0,2,4,19,201200051677A01,7,1,1,200046977
201200051687,2012-12-20,2012,décembre,jeudi,17:20,69,69383,0,0,2,3,3,5,2,4,1,02,1,1,0,0,2,0,1,4,1,32,3,3,4,0,2,1,0,201200051687A01,7,2,1,200046977
201200051690,2012-12-26,2012,décembre,mercredi,19:17,69,69383,0,0,2,1,6,5,1,4,2,03,1,1,0,0,1,0,1,4,2,29,5,2,2,0,2,0,7,201200051690B01,37,7,1,200046977
201200051707,2012-05-14,2012,mai,lundi,18:00,69,69384,0,0,2,1,6,1,1,4,1,01,1,1,0,50,1,0,1,1,1,41,5,3,2,0,1,2,1,201200051707A01,,,,200046977
201200051718,2012-08-21,2012,août,mardi,05:20,69,69384,0,0,2,2,3,4,1,4,2,02,1,1,0,86,1,0,1,3,1,48,1,2,9,0,2,1,1,201200051718B01,10,15,1,200046977
201200051723,2012-09-24,2012,septembre,lundi,07:00,69,69384,0,0,2,4,3,3,1,4,2,02,1,1,0,81,2,0,1,4,1,50,1,2,2,0,2,6,1,201200051723A01,7,15,1,200046977
201200051725,2012-10-05,2012,octobre,vendredi,10:15,69,69384,0,0,2,1,6,1,1,4,1,02,1,1,0,130,1,0,1,3,2,53,3,3,2,0,2,0,1,201200051725B01,7,2,1,200046977
201200051966,2012-04-27,2012,avril,vendredi,08:35,69,69385,0,0,2,1,6,1,1,4,2,04,2,3,33,129,1,0,1,4,1,40,1,2,2,0,2,1,3,201200051966A01,34 / 7,14 / 1,2,200046977
201200051971,2012-06-04,2012,juin,lundi,15:50,69,69385,0,0,2,1,7,1,1,4,3,02,2,4,0,42,1,0,1,4,1,46,1,1,2,0,0,1,16,201200051971A01,,,,200046977
201200051975,2012-06-18,2012,juin,lundi,10:10,69,69385,0,0,2,2,3,1,1,4,2,03,2,1,10,57,1,5,1,4,1,61,0,3,2,0,2,3,1,201200051975B01,10,1,1,200046977
201200051979,2012-08-31,2012,août,vendredi,19:30,69,69385,0,0,2,1,7,1,8,4,1,02,1,1,0,131,1,0,1,4,1,41,0,2,2,0,0,0,16,201200051979A01,,,,200046977
201200051980,2012-09-11,2012,septembre,mardi,00:10,69,69385,0,0,2,2,1,5,1,4,2,03,4,1,0,100,1,0,1,4,1,26,0,3,2,0,2,1,5,201200051980A01,7,1,1,200046977
201200051987,2012-12-16,2012,décembre,dimanche,13:15,69,69385,0,0,2,1,6,1,1,4,1,02,1,1,0,111,1,0,1,4,1,26,5,2,2,0,2,2,5,201200051987B01,7,13,1,200046977
201200051994,2012-11-10,2012,novembre,samedi,13:30,69,69385,0,0,2,1,3,1,2,4,2,02,2,3,0,68,2,0,1,4,1,19,5,1,2,0,2,8,1,201200051994B01,7,17,1,200046977
201200051996,2012-11-27,2012,novembre,mardi,18:30,69,69385,0,0,2,1,1,5,1,9,2,02,1,1,0,0,1,0,5,4,1,54,5,3,2,0,2,1,1,201200051996A01,1,14,1,200046977
201200052001,2012-12-25,2012,décembre,mardi,20:40,69,69385,0,0,2,1,7,4,1,4,2,02,2,1,0,52,1,0,1,3,1,25,0,2,2,12,0,0,13,201200052001A01,,,,200046977
201200052108,2012-03-21,2012,mars,mercredi,09:15,69,69387,0,0,2,1,6,1,1,4,1,02,1,1,0,53,1,0,1,4,1,4,5,3,9,0,2,0,1,201200052108B01,7,1,1,200046977
201200052143,2012-05-31,2012,mai,jeudi,11:55,69,69387,0,0,2,3,3,1,1,4,2,04,1,1,11,122,1,0,1,3,2,20,0,1,2,0,2,8,1,201200052143B01,14,1,1,200046977
201200052154,2012-07-12,2012,juillet,jeudi,20:45,69,69387,0,0,2,1,3,1,1,4,2,04,1,1,0,154,1,2,1,4,1,29,5,1,9,0,2,1,1,201200052154B01,7,4,1,200046977
201200052157,2012-07-19,2012,juillet,jeudi,13:15,69,69387,0,0,2,3,6,1,1,4,1,02,1,1,0,0,1,0,1,4,1,26,0,3,9,1,2,8,19,201200052157C01,7,15,1,200046977
201200052162,2012-07-25,2012,juillet,mercredi,10:10,69,69387,0,0,2,1,2,1,1,4,4,04,1,1,0,0,1,0,1,3,2,29,5,3,9,0,2,6,13,201200052162A01,14,1,1,200046977
201200052165,2012-07-31,2012,juillet,mardi,18:20,69,69387,0,0,2,9,6,1,1,4,1,00,1,1,0,49,1,0,5,3,1,27,9,3,9,0,2,3,1,201200052165B01,7,15,1,200046977
201200052183,2012-10-01,2012,octobre,lundi,15:05,69,69387,0,0,2,2,3,1,1,4,4,03,1,1,0,0,1,0,1,4,2,20,2,3,2,0,2,2,1,201200052183A01,7,1,1,200046977
201200052188,2012-10-16,2012,octobre,mardi,09:10,69,69387,0,0,2,2,3,1,1,4,1,04,1,1,0,0,1,0,1,4,1,27,1,2,9,0,2,8,1,201200052188A01,7,1,1,200046977
201200052190,2012-10-16,2012,octobre,mardi,16:35,69,69387,0,0,2,1,1,1,2,4,4,03,1,1,0,0,2,0,1,4,1,30,1,1,2,0,2,7,17,201200052190A01,7,1,1,200046977
201200052199,2012-10-27,2012,octobre,samedi,15:50,69,69387,0,0,2,1,2,1,1,4,-1,02,1,1,11,121,1,0,1,3,1,20,0,1,2,0,2,1,1,201200052199A01,7,1,1,200046977
201200052204,2012-11-16,2012,novembre,vendredi,16:00,69,69387,0,0,2,2,3,1,1,4,1,01,1,1,0,44,1,0,1,3,1,21,2,3,2,0,2,8,1,201200052204B01,7,1,1,200046977
201200052210,2012-11-28,2012,novembre,mercredi,00:30,69,69387,0,0,2,2,3,5,1,4,2,02,1,1,0,109,1,0,1,3,1,21,5,3,9,0,2,8,19,201200052210B01,7,1,1,200046977
201200052228,2012-01-05,2012,janvier,jeudi,12:30,69,69388,0,0,2,1,6,1,1,4,1,02,1,1,0,100,1,0,1,4,1,56,0,3,9,0,1,1,1,201200052228A01,,,,200046977
201200052243,2012-03-07,2012,mars,mercredi,19:05,69,69388,0,0,2,1,6,5,1,4,2,02,1,1,0,0,1,0,1,4,1,65,5,2,2,0,2,8,10,201200052243A01,37,1,1,200046977
201200052266,2012-05-10,2012,mai,jeudi,07:20,69,69388,0,0,2,3,3,1,1,4,1,01,1,1,0,0,1,0,1,4,1,46,1,3,9,0,2,8,19,201200052266A01,7,1,1,200046977
201200052269,2012-05-10,2012,mai,jeudi,07:30,69,69388,0,0,2,1,6,1,1,4,1,01,1,1,0,40,1,0,1,4,1,39,0,3,9,0,2,1,1,201200052269B01,7,1,1,200046977
201200052273,2012-05-10,2012,mai,jeudi,16:00,69,69388,0,0,2,2,3,1,1,4,3,04,1,1,0,0,1,0,1,4,1,28,1,1,9,0,2,8,1,201200052273B01,7,16,1,200046977
201200052290,2012-06-25,2012,juin,lundi,15:50,69,69388,0,0,2,3,3,1,1,4,1,01,1,1,0,0,1,0,1,4,1,60,9,3,4,0,2,2,1,201200052290B01,7,1,1,200046977
201200052305,2012-07-20,2012,juillet,vendredi,09:40,69,69388,0,0,2,1,6,1,1,4,2,02,1,1,0,0,1,0,4,4,1,31,0,3,9,0,2,1,1,201200052305A01,7,1,1,200046977
201200052333,2012-10-05,2012,octobre,vendredi,15:42,69,69388,0,0,2,1,6,1,1,4,1,01,1,1,0,0,1,0,5,1,1,41,1,3,2,0,1,1,1,201200052333A01,,,,200046977
201200052338,2012-10-26,2012,octobre,vendredi,13:15,69,69388,0,0,2,1,3,1,2,4,2,01,1,1,0,0,2,0,5,3,1,31,5,3,9,0,2,1,1,201200052338B01,7,15,1,200046977
201200052340,2012-10-31,2012,octobre,mercredi,08:05,69,69388,0,0,2,1,3,1,1,4,4,01,1,1,0,0,1,0,1,4,1,48,1,3,9,0,2,7,1,201200052340B01,7,9,1,200046977
201200052344,2012-11-14,2012,novembre,mercredi,07:40,69,69388,0,0,2,3,6,1,1,4,2,03,1,1,0,90,1,0,1,4,2,46,1,3,4,0,2,1,2,201200052344A01,7,16,1,200046977
201200052846,2012-02-01,2012,février,mercredi,10:25,69,69389,0,0,2,1,6,1,1,4,1,02,1,1,0,69,1,0,5,4,2,31,5,2,9,0,2,1,1,201200052846B01,7,23,1,200046977
201200052849,2012-02-15,2012,février,mercredi,18:40,69,69389,0,0,2,1,6,5,1,4,4,05,2,1,0,110,1,0,1,4,1,46,0,2,2,0,2,1,1,201200052849B01,7,11,1,200046977
201200052851,2012-02-18,2012,février,samedi,12:50,69,69389,0,0,2,1,6,1,1,4,2,02,-1,2,0,55,1,0,1,4,2,40,5,3,9,0,2,2,1,201200052851A01,,,,200046977
201200052882,2012-05-20,2012,mai,dimanche,11:40,69,69081,0,0,2,2,3,1,1,4,2,02,1,1,0,72,1,0,1,4,1,28,5,3,2,0,2,1,1,201200052882A01,7,1,1,200046977
201200052899,2012-06-24,2012,juin,dimanche,10:40,69,69389,0,0,2,1,3,1,1,2,2,02,1,1,0,67,1,0,1,4,1,65,5,1,2,15,0,1,1,201200052899B01,7,24,1,200046977
201200052914,2012-08-11,2012,août,samedi,17:55,69,69389,0,0,2,1,6,1,1,4,1,01,2,1,0,38,1,0,1,4,1,51,5,3,9,0,2,4,1,201200052914B01,31,21,1,200046977
201200052921,2012-08-30,2012,août,jeudi,17:15,69,69389,0,0,2,1,6,1,1,4,2,02,1,1,0,81,1,0,1,4,1,10,5,3,9,0,2,1,1,201200052921B01,7,0,1,200046977
201200052929,2012-10-09,2012,octobre,mardi,18:30,69,69081,0,0,2,1,7,1,1,4,2,02,2,1,0,40,1,0,1,4,1,41,0,3,2,16,0,8,15,201200052929A01,,,,200046977
201200052937,2012-11-23,2012,novembre,vendredi,19:00,69,69389,0,0,2,1,3,5,1,4,2,04,1,1,10,90,1,0,1,4,1,40,0,2,2,0,2,1,18,201200052937B01,7,2,1,200046977
201200053477,2012-02-15,2012,février,mercredi,11:05,75,75101,0,0,2,7,6,1,1,4,2,04,1,1,0,120,1,0,1,4,1,25,4,1,2,0,2,1,1,201200053477A01,7,14,1,200054781
201200053486,2012-03-14,2012,mars,mercredi,16:15,75,75101,0,0,2,3,6,1,1,4,1,04,1,1,0,100,1,0,1,1,1,19,5,3,2,0,1,1,1,201200053486A01,,,,200054781
201200053488,2012-03-15,2012,mars,jeudi,17:10,75,75101,0,0,2,2,6,1,1,4,1,04,1,1,0,60,1,0,1,4,1,29,0,2,2,0,0,0,7,201200053488A01,,,,200054781
201200053503,2012-04-19,2012,avril,jeudi,17:20,75,75101,0,0,2,1,6,1,2,4,1,04,1,1,0,120,2,0,4,1,1,48,0,3,2,0,1,1,1,201200053503A01,,,,200054781
201200053504,2012-04-24,2012,avril,mardi,19:10,75,75101,0,0,2,5,2,1,1,4,1,03,1,1,0,0,1,0,1,3,1,25,0,3,2,0,2,1,2,201200053504A01,7,23,1,200054781
201200053523,2012-06-17,2012,juin,dimanche,15:45,75,75101,0,0,2,5,2,1,1,4,1,04,1,1,0,120,1,0,0,4,2,49,0,3,2,1,0,1,18,201200053523A01,7,22,1,200054781
201200053536,2012-07-11,2012,juillet,mercredi,17:00,75,75101,0,0,2,3,3,1,2,4,2,02,1,1,150,100,2,0,1,4,2,24,0,3,2,0,2,1,1,201200053536B01,7,15,1,200054781
201200053540,2012-07-19,2012,juillet,jeudi,14:00,75,75101,0,0,2,1,3,1,1,4,1,01,1,1,30,39,1,0,1,4,2,50,1,3,2,0,2,2,1,201200053540B01,7,22,1,200054781
201200053541,2012-07-21,2012,juillet,samedi,17:40,75,75101,0,0,2,7,2,1,1,4,1,03,1,1,110,80,1,0,1,4,1,38,0,3,2,0,2,1,2,201200053541B01,7,23,1,200054781
201200053543,2012-07-28,2012,juillet,samedi,20:50,75,75108,0,0,2,1,3,2,1,4,1,02,1,1,0,121,1,0,1,4,2,25,5,3,2,0,2,7,1,201200053543B01,30,12,1,200054781
201200053550,2012-08-25,2012,août,samedi,18:45,75,75101,0,0,2,2,3,1,1,4,1,03,1,1,160,120,1,0,1,4,1,28,5,1,2,0,2,3,7,201200053550B01,7,16,1,200054781
201200053555,2012-09-05,2012,septembre,mercredi,14:20,75,75101,0,0,2,1,7,1,1,4,1,01,1,1,0,68,1,0,1,4,1,23,5,3,2,0,0,0,1,201200053555A01,,,,200054781
201200053563,2012-09-19,2012,septembre,mercredi,12:05,75,75101,0,0,2,3,6,1,7,4,-1,01,-1,1,30,0,1,0,4,4,2,66,5,3,2,8,0,1,1,201200053563A01,,,,200054781
201200053569,2012-09-26,2012,septembre,mercredi,20:10,75,75101,0,0,2,1,6,5,3,4,1,02,1,1,5,120,2,0,4,1,1,33,4,3,2,15,0,1,1,201200053569A01,,,,200054781
201200053569,2012-09-26,2012,septembre,mercredi,20:10,75,75101,0,0,2,1,6,5,3,4,1,02,1,1,5,120,2,0,4,4,1,34,5,3,2,15,0,1,1,201200053569A01,,,,200054781
201200053569,2012-09-26,2012,septembre,mercredi,20:10,75,75101,0,0,2,1,6,5,3,4,1,02,1,1,5,120,2,0,4,4,2,28,5,3,2,15,0,1,1,201200053569A01,,,,200054781
201200053570,2012-09-30,2012,septembre,dimanche,00:25,75,75101,0,0,2,2,3,5,1,4,1,03,1,1,0,70,1,0,1,4,2,29,5,3,2,0,2,1,7,201200053570A01,7,15,1,200054781
201200053571,2012-10-02,2012,octobre,mardi,19:05,75,75101,0,0,2,2,2,1,1,4,1,03,1,1,0,0,1,0,1,4,1,34,0,3,2,0,2,1,7,201200053571B01,7,16,1,200054781
201200053587,2012-11-07,2012,novembre,mercredi,16:00,75,75101,0,0,2,3,6,1,1,4,1,01,1,1,0,100,1,0,5,1,1,21,5,3,2,0,1,0,1,201200053587A01,,,,200054781
201200053595,2012-11-25,2012,novembre,dimanche,17:20,75,75101,0,0,2,2,2,5,1,4,1,03,1,1,0,88,1,0,1,4,1,32,5,2,2,0,0,8,7,201200053595B01,7,7,1,200054781
201200053613,2012-12-18,2012,décembre,mardi,13:45,75,75101,0,0,2,3,6,1,1,4,1,01,1,1,0,30,2,0,1,1,1,21,0,3,2,0,1,7,16,201200053613A01,,,,200054781
201200053636,2012-03-09,2012,mars,vendredi,11:10,75,75102,0,0,2,1,3,1,1,4,1,01,-1,-1,0,35,1,0,1,4,1,49,5,3,2,0,2,1,5,201200053636A01,7,9,1,200054781
201200053643,2012-03-21,2012,mars,mercredi,11:27,75,75102,0,0,2,1,6,1,1,4,1,01,1,1,0,30,1,0,1,4,2,40,4,3,2,8,0,2,14,201200053643A01,,,,200054781
201200053647,2012-04-02,2012,avril,lundi,16:20,75,75102,0,0,2,2,6,1,1,4,2,02,1,-1,0,100,1,0,1,4,2,27,0,3,2,0,0,1,1,201200053647A01,7,1,1,200054781
201200053648,2012-04-04,2012,avril,mercredi,15:00,75,75102,0,0,2,5,7,1,2,4,1,01,1,-1,0,60,2,0,1,4,2,52,4,3,2,0,0,0,16,201200053648A01,,,,200054781
201200053662,2012-05-25,2012,mai,vendredi,19:30,75,75102,0,0,2,2,3,1,7,4,1,02,1,1,0,100,1,0,1,4,1,28,5,3,2,0,2,3,7,201200053662A01,33,1,1,200054781
201200053664,2012-05-30,2012,mai,mercredi,11:50,75,75103,0,0,2,3,6,1,1,4,1,02,1,1,4,95,1,0,1,1,1,47,1,3,2,0,1,1,7,201200053664A01,,,,200054781
201200053672,2012-07-06,2012,juillet,vendredi,11:00,75,75102,0,0,2,1,3,1,1,4,1,01,1,1,10,30,1,0,1,4,1,31,1,3,2,0,2,1,17,201200053672B01,7,22,1,200054781
201200053673,2012-07-06,2012,juillet,vendredi,17:00,75,75102,0,0,2,1,6,1,1,4,2,02,1,1,0,30,2,0,1,1,1,34,0,3,2,0,1,1,1,201200053673A01,,,,200054781
201200053705,2012-10-11,2012,octobre,jeudi,07:50,75,75102,0,0,2,5,1,2,8,4,2,02,1,1,40,130,1,0,1,4,1,30,1,3,2,0,2,7,15,201200053705A01,32,15,1,200054781
201200053707,2012-10-19,2012,octobre,vendredi,14:00,75,75102,0,0,2,1,6,1,1,4,2,03,1,1,0,39,1,0,1,1,1,35,1,2,2,0,1,7,1,201200053707A01,,,,200054781
201200053713,2012-11-15,2012,novembre,jeudi,19:00,75,75102,0,0,2,2,7,5,1,4,1,01,2,1,0,35,1,0,1,4,2,46,0,3,2,0,0,0,1,201200053713A01,,,,200054781
201200053723,2012-12-13,2012,décembre,jeudi,20:35,75,75102,0,0,2,2,6,5,1,4,1,01,1,1,0,45,2,6,1,1,1,32,5,3,2,0,1,1,1,201200053723A01,,,,200054781
201200053741,2012-02-21,2012,février,mardi,18:10,75,75104,0,0,2,1,3,5,1,4,1,01,1,1,0,0,1,0,1,4,1,9,0,3,2,0,2,0,9,201200053741B01,7,1,1,200054781
201200053742,2012-02-27,2012,février,lundi,14:40,75,75103,0,0,2,2,6,1,1,4,1,01,1,1,8,45,1,0,1,1,1,26,5,3,2,0,1,1,18,201200053742A01,,,,200054781
201200053749,2012-03-13,2012,mars,mardi,08:05,75,75103,0,0,2,2,2,1,1,4,2,02,1,1,0,82,1,0,1,4,1,27,4,3,2,0,2,1,1,201200053749B01,7,16,1,200054781
201200053750,2012-03-13,2012,mars,mardi,20:50,75,75103,0,0,2,2,3,5,1,4,1,02,1,1,0,60,1,0,1,4,2,30,5,3,2,0,2,2,12,201200053750A01,7,1,1,200054781
201200053754,2012-03-20,2012,mars,mardi,23:00,75,75103,0,0,2,3,6,5,1,4,1,01,1,1,0,52,1,0,1,4,1,22,5,3,4,0,1,1,1,201200053754A01,,,,200054781
201200053755,2012-03-23,2012,mars,vendredi,17:45,75,75103,0,0,2,3,3,1,1,4,1,01,1,1,0,51,1,0,0,4,2,50,1,1,2,0,2,3,1,201200053755B01,2,14,1,200054781
201200053757,2012-03-31,2012,mars,samedi,11:00,75,75103,0,0,2,1,3,1,1,4,1,02,1,1,0,88,1,0,1,1,1,53,5,3,2,0,2,7,1,201200053757B01,33,11,1,200054781
201200053768,2012-05-04,2012,mai,vendredi,20:15,75,75103,0,0,2,2,3,1,1,4,1,04,1,1,7,134,1,0,1,4,1,55,5,3,2,0,2,1,1,201200053768A01,7,22,1,200054781
201200053777,2012-06-05,2012,juin,mardi,13:30,75,75103,0,0,2,5,6,1,1,4,2,01,1,1,0,52,1,0,5,1,1,57,5,3,2,0,1,1,1,201200053777A01,,,,200054781
201200053780,2012-06-13,2012,juin,mercredi,10:00,75,75103,0,0,2,4,7,1,1,4,1,01,1,1,0,40,1,0,0,4,1,32,1,3,2,0,0,0,15,201200053780A01,,,,200054781
201200053784,2012-06-22,2012,juin,vendredi,01:20,75,75103,0,0,2,2,3,5,1,4,2,02,1,1,0,50,1,0,1,4,1,26,5,3,2,0,2,7,17,201200053784B01,7,13,1,200054781
201200053785,2012-06-22,2012,juin,vendredi,18:15,75,75103,0,0,2,2,6,1,1,4,1,01,1,1,0,33,1,0,1,4,1,20,5,3,2,0,1,1,1,201200053785A01,,,,200054781
201200053789,2012-07-05,2012,juillet,jeudi,09:30,75,75103,0,0,2,1,3,1,1,4,1,03,1,1,0,84,1,0,1,4,2,32,0,3,2,0,2,1,1,201200053789B01,7,22,1,200054781
201200053791,2012-07-09,2012,juillet,lundi,09:00,75,75103,0,0,2,3,3,1,1,4,1,03,1,1,0,110,1,0,1,4,1,40,4,1,2,0,2,2,17,201200053791A01,7,15,1,200054781
201200053801,2012-08-25,2012,août,samedi,18:55,75,75103,0,0,2,3,3,1,1,4,1,03,1,1,38,100,1,0,1,4,2,33,5,3,2,0,2,5,7,201200053801B01,30,18,1,200054781