Num_Acc,date,an,mois,jour,hrmn,dep,com,lat,long,agg,int,col,lum,atm,catr,circ,nbv,prof,plan,lartpc,larrout,surf,infra,situ,grav,sexe,age,trajet,secuexist,equipement,obs,obsm,choc,manv,vehiculeid,typevehicules,manoeuvehicules,numVehicules,_infos_commune.code_epci
201200054572,2012-01-16,2012,janvier,lundi,23:29,75,75108,0,0,2,7,3,5,1,4,2,04,1,1,0,100,1,0,1,4,2,62,0,3,2,0,2,3,16,201200054572B01,7,1,1,200054781
201200054608,2012-02-15,2012,février,mercredi,10:30,75,75108,0,0,2,2,6,1,1,4,1,03,1,1,0,90,2,0,0,4,1,64,0,3,2,0,2,3,7,201200054608A01,7,17,1,200054781
201200054621,2012-02-28,2012,février,mardi,14:55,75,75108,0,0,2,2,6,1,1,4,1,03,2,1,0,130,1,0,1,4,1,44,4,3,2,11,0,1,13,201200054621A01,,,,200054781
201200054629,2012-03-08,2012,mars,jeudi,08:15,75,75108,0,0,2,1,3,1,1,4,1,01,1,1,0,60,1,0,1,4,1,52,1,2,2,1,0,3,1,201200054629B01,7,22,1,200054781
201200054632,2012-03-09,2012,mars,vendredi,09:30,75,75108,0,0,2,7,3,1,1,4,1,02,1,1,0,120,1,0,1,4,2,45,1,3,2,0,2,3,15,201200054632A01,14,1,1,200054781
201200054644,2012-03-19,2012,mars,lundi,09:30,75,75108,0,0,2,2,3,1,1,4,1,01,1,1,0,60,1,0,1,4,1,45,1,3,2,0,2,1,1,201200054644A01,7,1,1,200054781
201200054649,2012-03-25,2012,mars,dimanche,18:35,75,75108,0,0,2,7,7,1,1,4,1,03,1,1,0,120,1,0,1,4,1,67,5,3,2,0,0,0,1,201200054649A01,,,,200054781
201200054652,2012-03-27,2012,mars,mardi,18:00,75,75108,0,0,2,2,3,1,1,4,-1,02,1,-1,0,120,1,0,1,4,2,41,5,3,2,0,2,8,23,201200054652B01,7,16,1,200054781
201200054695,2012-05-12,2012,mai,samedi,18:30,75,75108,0,0,2,2,3,1,1,4,1,02,1,1,0,0,1,0,1,4,2,28,5,3,2,0,2,8,1,201200054695B01,7,17,1,200054781
201200054700,2012-05-15,2012,mai,mardi,13:25,75,75108,0,0,2,1,7,1,8,4,2,02,1,1,25,20,2,0,5,3,1,56,5,3,2,0,0,0,1,201200054700A01,,,,200054781
201200054711,2012-05-27,2012,mai,dimanche,12:30,75,75108,0,0,2,1,6,1,1,4,1,02,1,1,0,80,1,0,1,1,2,20,5,3,2,0,1,1,7,201200054711A01,,,,200054781
201200054716,2012-05-31,2012,mai,jeudi,19:00,75,75108,0,0,2,1,3,1,1,4,2,02,1,1,0,0,1,0,1,4,2,43,1,1,2,0,0,3,21,201200054716A01,7,23,1,200054781
201200054720,2012-06-02,2012,juin,samedi,13:05,75,75108,0,0,2,1,4,1,1,4,2,02,1,1,150,70,1,0,1,4,2,30,5,3,2,0,0,4,1,201200054720B01,30,14,1,200054781
201200054720,2012-06-02,2012,juin,samedi,13:05,75,75108,0,0,2,1,4,1,1,4,2,02,1,1,150,70,1,0,1,1,1,37,0,3,2,0,0,4,1,201200054720C01,30,14,1,200054781
201200054727,2012-06-12,2012,juin,mardi,09:30,75,75108,0,0,2,1,3,1,2,4,1,00,2,1,0,120,2,0,1,4,2,45,1,3,2,0,2,2,1,201200054727A01,7,22,1,200054781
201200054729,2012-06-13,2012,juin,mercredi,21:21,75,75108,0,0,2,3,2,5,1,4,1,02,3,1,0,0,1,0,1,4,1,32,5,3,2,0,0,4,13,201200054729B01,33,17,1,200054781
201200054736,2012-06-18,2012,juin,lundi,09:30,75,75108,0,0,2,5,3,1,1,4,2,02,1,1,0,320,1,0,3,4,2,59,1,2,2,0,0,1,1,201200054736B01,7,22,1,200054781
201200054760,2012-07-05,2012,juillet,jeudi,16:10,75,75108,0,0,2,1,3,1,1,4,2,02,1,1,0,50,1,0,1,4,2,28,4,3,2,0,2,1,1,201200054760B01,10,22,1,200054781
201200054785,2012-07-20,2012,juillet,vendredi,21:05,75,75108,0,0,2,7,3,1,1,4,1,01,2,1,0,100,1,0,1,4,1,20,5,3,2,0,2,8,1,201200054785B01,7,1,1,200054781
201200054795,2012-07-25,2012,juillet,mercredi,18:50,75,75108,0,0,2,2,3,1,1,4,2,04,1,1,0,140,1,1,5,4,1,24,5,3,2,0,2,7,1,201200054795B01,7,16,1,200054781
201200054801,2012-07-30,2012,juillet,lundi,10:55,75,75108,0,0,2,1,3,1,1,4,-1,04,1,1,0,0,1,0,1,4,1,50,5,3,2,0,2,1,18,201200054801B01,7,22,1,200054781
201200054810,2012-08-11,2012,août,samedi,12:10,75,75108,0,0,2,1,3,1,1,4,1,03,1,1,0,100,1,0,1,4,2,24,5,3,2,0,2,8,13,201200054810A01,7,1,1,200054781
201200054852,2012-09-18,2012,septembre,mardi,01:56,75,75108,0,0,2,2,3,5,1,4,1,01,1,1,0,80,1,0,1,4,1,19,0,3,2,0,2,7,1,201200054852A01,7,1,1,200054781
201200054870,2012-10-01,2012,octobre,lundi,23:40,75,75108,0,0,2,5,3,5,2,4,2,03,1,1,0,0,2,0,1,4,2,26,5,3,2,0,2,7,1,201200054870B01,7,1,1,200054781
201200054880,2012-10-04,2012,octobre,jeudi,16:45,75,75108,0,0,2,7,6,1,1,4,1,01,1,1,0,100,1,0,4,1,1,17,2,3,2,0,1,1,15,201200054880A01,,,,200054781
201200054884,2012-10-07,2012,octobre,dimanche,01:56,75,75108,0,0,2,7,1,5,1,4,1,03,1,-1,0,0,2,0,1,4,1,33,0,3,2,0,2,1,5,201200054884A01,7,1,1,200054781
201200054895,2012-10-16,2012,octobre,mardi,09:15,75,75108,0,0,2,2,6,1,1,4,2,02,1,1,0,0,2,0,0,4,1,53,1,3,2,0,1,1,1,201200054895A01,,,,200054781
201200054901,2012-10-18,2012,octobre,jeudi,13:40,75,75108,0,0,2,1,2,1,1,4,2,00,-1,-1,0,200,1,0,1,3,2,32,4,1,2,0,2,8,15,201200054901A01,33,17,1,200054781
201200054907,2012-10-21,2012,octobre,dimanche,16:50,75,75108,0,0,2,2,7,1,6,4,1,00,2,1,0,0,1,0,1,3,1,18,5,3,2,0,0,0,1,201200054907A01,,,,200054781
201200054934,2012-11-10,2012,novembre,samedi,02:45,75,75108,0,0,2,2,7,5,2,4,2,01,2,1,0,100,2,0,1,4,1,25,0,3,2,0,0,0,1,201200054934A01,,,,200054781
201200054962,2012-11-27,2012,novembre,mardi,08:35,75,75108,0,0,2,1,2,1,8,4,2,06,1,1,0,180,1,0,1,4,1,42,1,2,2,1,0,1,1,201200054962B01,14,22,1,200054781
201200054975,2012-12-04,2012,décembre,mardi,11:45,75,75108,0,0,2,3,3,1,1,4,1,00,1,-1,40,30,1,0,1,4,1,67,9,3,2,0,2,1,1,201200054975B01,10,22,1,200054781
201200054986,2012-12-11,2012,décembre,mardi,13:50,75,75108,0,0,2,5,3,1,1,4,1,03,1,1,0,100,1,0,1,4,2,30,1,3,2,0,2,3,7,201200054986B01,7,15,1,200054781
201200054995,2012-12-12,2012,décembre,mercredi,09:45,75,75108,0,0,2,1,3,1,1,4,1,01,1,1,0,40,1,0,1,4,2,33,4,3,2,0,2,7,17,201200054995B01,7,22,1,200054781
201200055019,2012-01-06,2012,janvier,vendredi,09:06,75,75109,0,0,2,2,3,1,1,4,1,04,1,1,0,120,2,0,1,4,2,28,5,3,2,0,2,8,1,201200055019B01,32,1,1,200054781
201200055042,2012-02-11,2012,février,samedi,17:25,75,75109,0,0,2,1,3,1,1,4,1,00,1,1,50,50,1,0,1,4,1,47,1,3,2,0,2,3,1,201200055042B01,37,17,1,200054781
201200055054,2012-03-02,2012,mars,vendredi,07:40,75,75109,0,0,2,1,6,1,1,4,2,00,1,1,0,150,1,0,1,4,1,37,1,1,2,1,0,2,1,201200055054A01,10,22,1,200054781
201200055059,2012-03-11,2012,mars,dimanche,14:20,75,75109,0,0,2,5,3,1,8,4,1,01,1,1,0,30,1,0,0,4,1,16,5,3,2,0,2,0,19,201200055059A01,7,7,1,200054781
201200055065,2012-03-17,2012,mars,samedi,20:45,75,75109,0,0,2,3,6,5,2,4,2,01,2,1,0,70,2,0,1,1,1,25,5,3,2,0,1,1,18,201200055065A01,,,,200054781
201200055066,2012-03-20,2012,mars,mardi,17:30,75,75109,0,0,2,1,2,1,1,4,1,00,1,1,0,0,1,0,1,4,1,59,0,3,2,1,0,1,18,201200055066B01,7,22,1,200054781
201200055090,2012-04-30,2012,avril,lundi,16:15,75,75109,0,0,2,1,3,1,2,4,1,04,1,1,0,120,-1,0,1,3,2,36,0,3,2,0,2,2,1,201200055090B01,7,22,1,200054781
201200055091,2012-05-01,2012,mai,mardi,20:15,75,75109,0,0,2,5,3,2,1,4,1,01,1,-1,0,90,1,0,1,4,1,44,0,3,2,0,2,3,15,201200055091A01,7,1,1,200054781
201200055092,2012-05-03,2012,mai,jeudi,12:45,75,75109,0,0,2,1,6,1,1,4,1,01,1,1,0,20,1,0,1,1,1,39,1,3,2,0,1,1,1,201200055092A01,,,,200054781
201200055093,2012-05-09,2012,mai,mercredi,13:15,75,75109,0,0,2,1,7,1,1,4,1,01,2,1,0,45,1,0,1,4,1,23,1,3,2,0,0,0,21,201200055093A01,,,,200054781
201200055101,2012-06-05,2012,juin,mardi,10:45,75,75109,0,0,2,3,3,1,1,4,2,04,1,1,0,200,1,0,1,4,1,18,2,3,2,0,2,4,13,201200055101B01,32,1,1,200054781
201200055113,2012-06-22,2012,juin,vendredi,11:45,75,75109,0,0,2,5,6,1,1,4,1,04,2,1,0,120,1,0,1,4,1,61,0,3,2,0,2,4,1,201200055113A01,7,1,1,200054781
201200055116,2012-06-23,2012,juin,samedi,19:00,75,75109,0,0,2,1,3,1,1,4,1,04,1,1,0,100,1,0,1,4,1,47,0,3,2,0,2,4,13,201200055116A01,7,1,1,200054781
201200055119,2012-06-28,2012,juin,jeudi,12:40,75,75109,0,0,2,5,2,1,1,4,1,03,1,1,0,70,1,0,1,4,2,46,0,3,2,0,0,1,1,201200055119B01,7,22,1,200054781
201200055136,2012-08-17,2012,août,vendredi,15:20,75,75109,0,0,2,7,3,1,1,4,1,02,1,1,0,0,1,0,1,4,1,43,5,3,2,0,2,1,17,201200055136B01,7,1,1,200054781
201200055137,2012-08-18,2012,août,samedi,11:50,75,75109,0,0,2,5,6,1,1,4,1,03,1,1,0,0,-1,0,5,1,1,20,5,3,2,0,1,1,1,201200055137A01,,,,200054781
201200055140,2012-08-23,2012,août,jeudi,10:20,75,75109,0,0,2,2,6,1,1,4,1,01,1,-1,0,50,1,0,1,3,2,33,5,3,2,0,1,1,1,201200055140A01,,,,200054781
201200055144,2012-08-29,2012,août,mercredi,09:00,75,75109,0,0,2,3,3,1,1,4,1,01,1,1,0,40,1,0,1,1,1,28,1,3,2,0,2,0,5,201200055144A01,33,15,1,200054781
201200055146,2012-08-31,2012,août,vendredi,19:51,75,75109,0,0,2,1,2,2,1,4,1,01,2,1,0,0,1,0,1,4,1,40,1,3,2,0,2,1,18,201200055146B01,3,22,1,200054781
201200055147,2012-09-01,2012,septembre,samedi,16:40,75,75109,0,0,2,5,3,1,1,4,1,00,1,1,0,0,1,0,0,4,2,44,9,3,2,0,2,8,7,201200055147B01,7,15,1,200054781
201200055149,2012-09-09,2012,septembre,dimanche,15:55,75,75109,0,0,2,2,7,1,1,4,2,03,1,1,0,180,1,0,1,4,1,35,5,3,2,0,0,0,1,201200055149A01,,,,200054781
201200055160,2012-09-24,2012,septembre,lundi,16:05,75,75109,0,0,2,2,3,1,1,4,1,02,2,-1,0,90,1,0,1,4,1,45,1,3,2,0,2,8,5,201200055160A01,7,1,1,200054781
201200055174,2012-10-09,2012,octobre,mardi,09:35,75,75109,0,0,2,7,3,1,2,4,1,02,2,1,0,60,1,0,1,4,2,52,1,3,2,0,2,3,1,201200055174B01,13,16,1,200054781
201200055193,2012-11-19,2012,novembre,lundi,15:17,75,75109,0,0,2,5,3,1,1,4,1,02,1,1,0,60,1,0,0,4,1,54,5,3,2,0,2,2,7,201200055193B01,7,22,1,200054781
201200055223,2012-01-17,2012,janvier,mardi,20:20,75,75110,0,0,2,5,3,5,1,4,2,03,1,1,10,120,1,0,1,4,2,30,0,3,2,0,2,1,1,201200055223B01,14,16,1,200054781
201200055225,2012-01-20,2012,janvier,vendredi,14:45,75,75110,0,0,2,2,3,1,2,4,1,01,1,1,0,40,2,0,1,4,1,29,4,1,2,0,2,1,1,201200055225B01,7,15,1,200054781
201200055233,2012-01-26,2012,janvier,jeudi,19:15,75,75110,0,0,2,5,6,5,8,4,1,03,1,1,1,120,2,0,5,1,1,35,5,3,2,0,1,1,1,201200055233A01,,,,200054781
201200055236,2012-01-30,2012,janvier,lundi,18:00,75,75110,0,0,2,1,6,2,1,4,1,01,2,1,0,0,1,0,5,1,1,29,2,1,2,0,1,0,1,201200055236A01,,,,200054781
201200055241,2012-02-03,2012,février,vendredi,17:50,75,75110,0,0,2,1,6,5,1,4,1,01,4,1,0,50,1,0,1,4,2,33,5,3,2,0,2,2,1,201200055241A01,7,22,1,200054781
201200055245,2012-02-10,2012,février,vendredi,07:40,75,75110,0,0,2,4,3,1,1,4,1,01,1,1,0,70,1,0,1,4,1,30,1,3,2,0,2,4,1,201200055245A01,10,15,1,200054781
201200055251,2012-02-20,2012,février,lundi,09:00,75,75110,0,0,2,2,6,1,1,4,1,02,1,1,0,60,1,0,5,4,1,38,1,3,2,0,1,1,1,201200055251A01,,,,200054781
201200055256,2012-03-01,2012,mars,jeudi,16:10,75,75110,0,0,2,2,3,1,1,4,1,02,2,1,0,100,1,0,1,4,1,85,5,3,2,0,2,0,1,201200055256A01,7,16,1,200054781
201200055289,2012-04-11,2012,avril,mercredi,12:00,75,75110,0,0,2,1,6,1,1,4,1,01,1,1,0,50,1,0,1,1,1,18,2,3,2,0,1,8,5,201200055289A01,,,,200054781
201200055294,2012-04-17,2012,avril,mardi,16:50,75,75110,0,0,2,2,3,1,2,4,1,01,1,1,0,30,2,5,1,4,1,40,0,3,2,0,0,7,1,201200055294A01,7,1,1,200054781
201200055312,2012-05-09,2012,mai,mercredi,12:30,75,75110,0,0,2,1,6,1,1,4,1,02,1,1,0,70,1,0,5,4,1,13,2,3,2,0,2,1,1,201200055312A01,30,5,1,200054781
201200055315,2012-05-15,2012,mai,mardi,14:45,75,75110,0,0,2,3,2,1,1,4,2,02,1,1,0,100,2,0,1,4,1,16,5,3,2,0,2,1,2,201200055315B01,7,23,1,200054781
201200055320,2012-05-16,2012,mai,mercredi,20:05,75,75110,0,0,2,5,3,1,1,4,1,02,1,1,20,80,1,0,5,4,1,25,0,3,2,0,2,2,5,201200055320A01,7,1,1,200054781
201200055321,2012-05-17,2012,mai,jeudi,02:50,75,75110,0,0,2,1,3,5,1,4,-1,01,-1,-1,10,100,1,0,1,1,1,24,0,3,2,0,2,3,1,201200055321A01,32,17,1,200054781
201200055323,2012-05-24,2012,mai,jeudi,20:30,75,75110,0,0,2,7,3,5,1,4,1,04,1,-1,0,150,1,0,1,4,1,58,9,3,2,0,2,2,16,201200055323A01,7,1,1,200054781
201200055325,2012-06-01,2012,juin,vendredi,09:45,75,75110,0,0,2,2,3,2,1,4,1,02,2,1,0,0,1,0,1,4,2,28,5,2,2,0,2,1,1,201200055325B01,38,16,1,200054781
201200055343,2012-06-18,2012,juin,lundi,09:45,75,75110,0,0,2,3,6,1,2,4,1,01,1,1,0,40,2,0,1,1,1,52,4,3,2,1,1,1,1,201200055343A01,,,,200054781
201200055347,2012-06-20,2012,juin,mercredi,14:15,75,75110,0,0,2,2,2,1,1,4,1,01,1,1,0,0,1,0,1,4,1,58,0,3,2,0,2,1,1,201200055347B01,13,16,1,200054781
201200055364,2012-07-04,2012,juillet,mercredi,13:30,75,75110,0,0,2,1,3,1,1,4,1,02,1,1,0,50,1,0,1,4,1,40,5,3,2,0,2,1,1,201200055364B01,10,22,1,200054781
201200055366,2012-07-04,2012,juillet,mercredi,19:30,75,75110,0,0,2,3,3,1,1,4,1,01,1,1,0,30,1,0,1,4,1,48,1,3,2,0,2,0,1,201200055366B01,7,15,1,200054781
201200055367,2012-07-05,2012,juillet,jeudi,17:20,75,75110,0,0,2,2,7,1,3,4,1,01,1,1,0,70,2,0,1,4,1,18,5,3,2,0,0,7,15,201200055367A01,,,,200054781
201200055370,2012-07-07,2012,juillet,samedi,21:25,75,75110,0,0,2,5,3,2,2,4,1,01,1,1,0,0,1,0,1,1,2,31,5,3,2,0,2,1,1,201200055370A01,7,1,1,200054781
201200055382,2012-07-20,2012,juillet,vendredi,20:50,75,75110,0,0,2,1,3,1,1,4,1,01,1,1,0,30,1,0,5,4,1,54,5,3,2,0,2,1,1,201200055382B01,7,16,1,200054781
201200055385,2012-07-26,2012,juillet,jeudi,18:00,75,75110,0,0,2,1,6,1,1,4,2,02,1,1,0,0,1,0,1,1,1,27,1,3,2,0,1,1,1,201200055385A01,,,,200054781
201200055388,2012-07-29,2012,juillet,dimanche,02:45,75,75110,0,0,2,1,6,5,1,4,1,02,2,1,0,40,1,0,5,4,1,21,0,3,2,0,2,4,2,201200055388A01,34,2,1,200054781
201200055389,2012-07-31,2012,juillet,mardi,23:03,75,75110,0,0,2,2,6,5,1,4,1,01,1,1,0,30,1,0,1,4,1,19,5,3,2,0,2,7,1,201200055389A01,33,1,1,200054781
201200055395,2012-08-07,2012,août,mardi,23:15,75,75110,0,0,2,5,3,5,1,4,1,01,1,1,10,50,1,0,1,4,1,32,1,3,2,0,2,3,1,201200055395B01,7,16,1,200054781
201200055397,2012-08-08,2012,août,mercredi,23:10,75,75110,0,0,2,2,6,5,1,4,2,02,1,1,0,160,1,0,1,4,1,62,0,3,2,0,2,7,1,201200055397A01,1,1,1,200054781
201200055401,2012-08-22,2012,août,mercredi,15:25,75,75110,0,0,2,3,7,1,1,4,1,02,1,1,10,50,1,0,4,4,1,12,5,3,2,8,0,1,1,201200055401A01,,,,200054781
201200055406,2012-08-31,2012,août,vendredi,00:01,75,75110,0,0,2,1,6,3,1,4,2,04,1,1,0,50,1,0,5,1,2,40,5,2,2,0,1,1,1,201200055406A01,,,,200054781
201200055410,2012-08-31,2012,août,vendredi,19:30,75,75110,0,0,2,2,3,1,1,4,2,04,2,1,0,0,1,0,1,4,1,50,1,3,2,0,2,1,1,201200055410B01,7,15,1,200054781
201200055415,2012-09-05,2012,septembre,mercredi,18:30,75,75110,0,0,2,2,6,1,1,4,1,01,2,1,0,40,1,0,1,4,2,53,1,3,2,0,2,8,1,201200055415A01,32,1,1,200054781
201200055423,2012-09-11,2012,septembre,mardi,18:15,75,75110,0,0,2,1,2,1,1,4,1,01,1,1,0,35,1,0,1,4,1,36,1,2,2,0,2,1,1,201200055423B01,7,20,1,200054781
201200055426,2012-09-15,2012,septembre,samedi,00:45,75,75110,0,0,2,5,3,5,1,4,2,02,1,1,0,90,1,0,1,4,2,26,0,3,2,0,2,7,1,201200055426A01,7,1,1,200054781
201200055435,2012-09-27,2012,septembre,jeudi,21:45,75,75110,0,0,2,1,3,5,1,4,2,04,1,1,20,60,1,0,1,4,1,28,5,3,2,0,2,1,1,201200055435B01,7,10,1,200054781
201200055436,2012-09-30,2012,septembre,dimanche,12:20,75,75110,0,0,2,7,3,1,1,4,1,03,1,1,0,0,1,0,5,4,2,67,5,3,2,0,2,8,1,201200055436B01,7,14,1,200054781
201200055453,2012-10-12,2012,octobre,vendredi,10:15,75,75110,0,0,2,5,2,1,1,4,1,01,2,1,0,50,1,0,1,4,1,40,0,3,2,0,2,2,2,201200055453B01,10,4,1,200054781
201200055456,2012-10-13,2012,octobre,samedi,09:50,75,75110,0,0,2,1,2,1,8,4,2,04,1,1,0,120,1,0,1,4,2,37,5,2,2,1,0,1,1,201200055456B01,7,22,1,200054781
201200055467,2012-10-27,2012,octobre,samedi,20:30,75,75110,0,0,2,1,2,5,1,4,1,02,2,1,0,60,1,0,1,4,1,45,5,1,2,0,2,1,2,201200055467A01,7,23,1,200054781
201200055470,2012-10-30,2012,octobre,mardi,14:40,75,75110,0,0,2,1,2,1,1,4,1,01,1,1,50,50,1,0,5,1,1,27,0,3,2,0,2,1,17,201200055470A01,1,13,1,200054781
201200055470,2012-10-30,2012,octobre,mardi,14:40,75,75110,0,0,2,1,2,1,1,4,1,01,1,1,50,50,1,0,5,4,2,32,0,3,2,0,2,8,13,201200055470B01,1,17,1,200054781
201200055481,2012-11-08,2012,novembre,jeudi,07:15,75,75110,0,0,2,5,3,1,1,4,1,02,1,1,0,30,1,0,5,4,1,51,1,3,2,0,2,3,1,201200055481B01,7,16,1,200054781
201200055482,2012-11-09,2012,novembre,vendredi,18:00,75,75110,0,0,2,2,6,5,2,4,1,03,1,1,3,120,2,0,1,4,1,32,0,3,2,0,1,0,7,201200055482A01,,,,200054781
201200055494,2012-11-26,2012,novembre,lundi,06:15,75,75110,0,0,2,1,3,5,1,4,1,02,1,1,0,100,1,0,1,1,1,56,1,1,2,0,0,4,11,201200055494A01,32,1,1,200054781
201200055521,2012-01-02,2012,janvier,lundi,23:10,75,75111,0,0,2,2,3,3,1,4,1,01,1,1,0,80,1,0,1,4,2,42,5,3,2,0,2,1,1,201200055521B01,7,1,1,200054781
201200055539,2012-01-24,2012,janvier,mardi,18:05,75,75111,0,0,2,1,7,5,3,4,1,01,1,1,0,40,2,0,1,4,1,53,0,3,2,0,0,1,1,201200055539A01,,,,200054781
201200055544,2012-01-25,2012,janvier,mercredi,15:00,75,75111,0,0,2,1,3,1,2,4,2,02,1,-1,0,80,2,0,1,3,1,32,4,3,2,0,2,8,1,201200055544B01,7,22,1,200054781
201200055556,2012-02-06,2012,février,lundi,10:05,75,75111,0,0,2,2,5,1,1,4,1,01,1,2,0,30,1,0,1,4,2,33,5,3,2,0,2,3,13,201200055556A01,7 / 37,15 / 1,2,200054781
201200055561,2012-02-12,2012,février,dimanche,00:35,75,75111,0,0,2,1,6,5,1,4,1,01,1,-1,0,40,1,0,1,4,2,36,1,3,2,8,2,8,1,201200055561A01,7,17,1,200054781
201200055573,2012-02-18,2012,février,samedi,09:37,75,75111,0,0,2,3,6,1,1,4,1,01,1,-1,0,6,2,0,4,4,2,25,9,3,2,8,0,2,15,201200055573A01,,,,200054781
201200055586,2012-03-08,2012,mars,jeudi,20:05,75,75111,0,0,2,1,2,5,1,4,1,02,1,-1,0,96,1,0,1,4,2,77,9,1,2,0,2,2,14,201200055586B01,7,1,1,200054781
201200055587,2012-03-12,2012,mars,lundi,13:00,75,75111,0,0,2,3,3,1,1,4,1,02,2,1,0,80,1,0,1,4,2,61,3,3,2,1,0,1,1,201200055587B01,7,22,1,200054781
201200055606,2012-03-24,2012,mars,samedi,16:20,75,75111,0,0,2,3,7,1,1,4,1,01,2,1,0,100,8,0,1,3,1,34,5,3,2,0,0,0,1,201200055606A01,,,,200054781
201200055607,2012-03-25,2012,mars,dimanche,14:35,75,75111,0,0,2,3,7,1,1,4,2,02,2,1,0,100,1,5,1,4,2,17,5,3,2,0,0,0,1,201200055607A01,,,,200054781
201200055619,2012-04-01,2012,avril,dimanche,18:20,75,75111,0,0,2,2,2,1,1,4,2,02,1,1,0,150,1,0,1,4,2,27,5,3,2,1,0,7,1,201200055619B01,7,22,1,200054781
201200055622,2012-04-03,2012,avril,mardi,11:25,75,75111,0,0,2,3,3,1,1,4,1,02,1,-1,0,40,1,0,1,4,2,22,9,3,2,0,2,3,13,201200055622B01,14,17,1,200054781
201200055625,2012-04-04,2012,avril,mercredi,11:00,75,75111,0,0,2,1,3,1,1,4,1,00,1,1,0,70,1,0,1,4,1,29,4,1,2,0,2,1,1,201200055625B01,7,22,1,200054781
201200055628,2012-04-06,2012,avril,vendredi,07:50,75,75111,0,0,2,1,6,1,1,4,2,02,1,1,0,110,1,0,1,4,2,54,1,3,2,1,2,1,18,201200055628B01,7,15,1,200054781
201200055629,2012-04-06,2012,avril,vendredi,08:45,75,75111,0,0,2,5,3,1,8,4,1,01,1,1,0,30,1,0,1,4,1,51,1,3,2,0,2,1,1,201200055629A01,7,15,1,200054781
201200055632,2012-04-09,2012,avril,lundi,12:15,75,75111,0,0,2,3,7,1,1,4,1,01,2,1,0,31,1,0,1,4,1,23,5,3,2,0,0,0,1,201200055632A01,,,,200054781
201200055649,2012-04-24,2012,avril,mardi,19:25,75,75111,0,0,2,2,3,1,1,4,2,02,1,1,0,120,1,0,1,4,1,39,1,3,2,0,2,8,1,201200055649B01,7,15,1,200054781
201200055650,2012-04-25,2012,avril,mercredi,07:35,75,75111,0,0,2,7,3,1,8,4,2,02,1,1,0,120,1,0,1,4,1,24,1,3,2,0,2,8,1,201200055650B01,7,1,1,200054781
201200055653,2012-04-27,2012,avril,vendredi,10:27,75,75111,0,0,2,3,3,1,2,4,1,02,4,1,0,80,2,0,1,4,1,27,1,3,2,0,2,1,1,201200055653A01,7,16,1,200054781
201200055654,2012-04-27,2012,avril,vendredi,14:34,75,75111,0,0,2,3,3,1,1,4,1,01,1,1,0,90,-1,5,1,4,1,50,1,3,2,0,2,1,1,201200055654B01,7,9,1,200054781
201200055657,2012-04-30,2012,avril,lundi,06:35,75,75111,0,0,2,2,3,1,1,4,1,01,1,1,100,50,1,0,1,4,1,48,1,3,2,0,2,2,19,201200055657B01,7,1,1,200054781
201200055662,2012-05-06,2012,mai,dimanche,10:10,75,75120,0,0,2,5,7,1,2,4,1,01,1,1,0,50,2,0,1,4,2,35,5,3,2,0,0,0,21,201200055662A01,,,,200054781
201200055663,2012-05-06,2012,mai,dimanche,22:45,75,75111,0,0,2,5,7,5,1,4,2,02,1,1,0,70,1,0,1,4,2,25,0,3,2,0,0,0,1,201200055663A01,,,,200054781
201200055667,2012-05-10,2012,mai,jeudi,09:40,75,75111,0,0,2,3,6,1,1,4,1,00,1,1,0,50,1,0,1,4,2,41,1,1,2,0,2,1,23,201200055667B01,13,14,1,200054781
201200055675,2012-05-21,2012,mai,lundi,10:05,75,75111,0,0,2,2,3,1,2,4,2,02,2,1,0,88,2,0,1,1,2,47,5,3,2,0,2,0,10,201200055675A01,31,2,1,200054781
201200055680,2012-05-24,2012,mai,jeudi,22:20,75,75111,0,0,2,1,2,5,1,4,-1,00,1,1,70,70,1,0,4,4,2,29,5,3,2,0,2,1,2,201200055680B01,30,2,1,200054781
201200055681,2012-05-25,2012,mai,vendredi,00:30,75,75111,0,0,2,1,2,5,1,4,2,02,1,1,0,120,1,0,1,4,2,24,5,3,2,0,0,1,7,201200055681A01,1,7,1,200054781
201200055681,2012-05-25,2012,mai,vendredi,00:30,75,75111,0,0,2,1,2,5,1,4,2,02,1,1,0,120,1,0,1,1,1,32,0,1,2,0,0,4,7,201200055681B01,1,7,1,200054781
201200055686,2012-05-31,2012,mai,jeudi,10:35,75,75111,0,0,2,5,2,1,1,4,1,01,1,1,0,70,1,0,1,4,2,61,0,3,2,0,2,4,23,201200055686B01,7,2,1,200054781
201200055688,2012-06-04,2012,juin,lundi,15:00,75,75111,0,0,2,2,6,1,1,4,2,00,2,1,0,105,1,0,1,4,1,51,5,3,2,0,2,8,15,201200055688A01,32,17,1,200054781
201200055695,2012-06-07,2012,juin,jeudi,19:05,75,75111,0,0,2,1,2,1,1,4,2,02,2,1,0,100,1,0,1,4,1,45,1,3,2,1,0,1,1,201200055695A01,7,22,1,200054781
201200055704,2012-06-20,2012,juin,mercredi,10:00,75,75111,0,0,2,2,3,1,1,4,1,01,1,1,0,45,1,0,1,4,1,27,2,3,2,1,0,1,1,201200055704B01,7,22,1,200054781
201200055709,2012-06-25,2012,juin,lundi,09:40,75,75111,0,0,2,2,7,1,1,4,2,01,1,1,0,120,-1,0,1,3,1,61,1,3,2,0,0,0,1,201200055709A01,,,,200054781
201200055712,2012-06-26,2012,juin,mardi,15:05,75,75111,0,0,2,2,6,1,1,4,1,01,2,1,0,45,1,0,1,3,1,24,0,3,2,12,0,0,1,201200055712A01,,,,200054781