Num_Acc,date,an,mois,jour,hrmn,dep,com,lat,long,agg,int,col,lum,atm,catr,circ,nbv,prof,plan,lartpc,larrout,surf,infra,situ,grav,sexe,age,trajet,secuexist,equipement,obs,obsm,choc,manv,vehiculeid,typevehicules,manoeuvehicules,numVehicules,_infos_commune.code_epci
201200058245,2012-09-29,2012,septembre,samedi,19:00,75,75117,0,0,2,1,3,2,1,4,2,02,1,1,0,0,1,0,1,4,1,58,0,3,2,0,2,1,1,201200058245B01,7,22,1,200054781
201200058254,2012-10-05,2012,octobre,vendredi,01:30,75,75117,0,0,2,2,3,5,1,4,2,01,1,-1,0,0,1,0,1,4,1,34,5,3,2,11,2,8,15,201200058254A01,2,17,1,200054781
201200058265,2012-10-17,2012,octobre,mercredi,18:45,75,75117,0,0,2,2,3,5,2,4,3,03,-1,-1,0,0,2,0,1,4,1,57,5,3,2,0,2,8,18,201200058265B01,38,16,1,200054781
201200058270,2012-10-20,2012,octobre,samedi,17:45,75,75117,0,0,2,7,2,2,2,4,3,01,1,1,40,60,2,0,1,4,1,36,5,3,2,0,0,4,23,201200058270B01,7,1,1,200054781
201200058270,2012-10-20,2012,octobre,samedi,17:45,75,75117,0,0,2,7,2,2,2,4,3,01,1,1,40,60,2,0,1,4,1,3,5,1,3,0,0,4,23,201200058270B01,7,1,1,200054781
201200058289,2012-11-09,2012,novembre,vendredi,10:00,75,75117,0,0,2,3,6,1,1,4,2,02,1,1,0,0,1,0,1,4,2,42,1,3,2,0,1,0,17,201200058289A01,,,,200054781
201200058315,2012-12-05,2012,décembre,mercredi,17:40,75,75117,0,0,2,1,6,5,2,4,2,06,2,1,0,0,2,0,1,4,2,46,0,3,2,0,1,1,7,201200058315A01,,,,200054781
201200058329,2012-12-19,2012,décembre,mercredi,14:30,75,75117,0,0,2,2,3,1,1,4,2,02,1,1,0,0,1,0,1,4,1,74,0,3,2,0,2,8,13,201200058329A01,7,17,1,200054781
201200058354,2012-01-18,2012,janvier,mercredi,11:15,75,75118,0,0,2,1,2,1,1,4,2,06,1,1,0,300,1,0,1,4,1,30,0,2,2,0,2,7,7,201200058354B01,10,4,1,200054781
201200058385,2012-02-21,2012,février,mardi,09:55,75,75118,0,0,2,4,3,1,1,4,2,02,1,1,0,120,1,0,1,4,1,55,0,3,2,0,2,7,1,201200058385B01,7,10,1,200054781
201200058386,2012-02-22,2012,février,mercredi,16:05,75,75118,0,0,2,2,6,1,1,4,2,02,1,1,16,60,1,0,1,4,2,36,0,3,2,0,2,3,1,201200058386A01,10,14,1,200054781
201200058405,2012-03-14,2012,mars,mercredi,23:20,75,75118,0,0,2,5,3,5,1,4,1,01,4,1,0,30,1,0,1,4,2,37,5,3,2,0,2,1,1,201200058405B01,7,16,1,200054781
201200058448,2012-05-05,2012,mai,samedi,17:03,75,75118,0,0,2,3,3,1,1,4,2,02,1,-1,0,30,1,0,1,4,1,37,0,3,2,0,2,1,1,201200058448B01,10,22,1,200054781
201200058462,2012-05-26,2012,mai,samedi,17:45,75,75118,0,0,2,2,2,1,1,4,1,01,1,1,50,50,1,0,1,4,2,34,0,3,2,0,2,1,1,201200058462B01,10,4,1,200054781
201200058469,2012-05-31,2012,mai,jeudi,20:17,75,75118,0,0,2,5,6,2,1,4,1,01,2,1,0,0,1,0,1,4,2,24,1,3,2,0,2,4,1,201200058469A01,30,13,1,200054781
201200058503,2012-07-01,2012,juillet,dimanche,14:10,75,75118,0,0,2,5,3,1,1,4,1,01,1,1,0,0,1,0,1,4,2,8,5,3,2,0,2,4,19,201200058503B01,7,15,1,200054781
201200058504,2012-07-01,2012,juillet,dimanche,15:25,75,75118,0,0,2,3,6,1,1,4,2,02,1,1,0,40,1,0,1,4,2,38,5,3,2,0,2,3,1,201200058504B01,7,14,1,200054781
201200058519,2012-07-22,2012,juillet,dimanche,09:30,75,75118,0,0,2,1,6,1,1,4,1,01,2,1,0,40,1,0,1,4,1,47,5,3,2,12,1,3,13,201200058519A01,,,,200054781
201200058524,2012-07-26,2012,juillet,jeudi,15:05,75,75118,0,0,2,4,7,1,1,4,2,04,1,1,0,180,1,5,1,4,2,43,0,3,2,0,0,1,21,201200058524A01,,,,200054781
201200058550,2012-08-29,2012,août,mercredi,00:35,75,75118,0,0,2,1,6,5,1,4,2,02,1,1,0,0,1,0,1,4,1,24,0,3,2,0,2,8,2,201200058550A01,7,2,1,200054781
201200058568,2012-09-20,2012,septembre,jeudi,15:40,75,75118,0,0,2,5,3,1,1,4,2,02,1,1,0,50,1,0,1,4,1,55,5,1,2,0,2,3,1,201200058568B01,30,16,1,200054781
201200058573,2012-09-23,2012,septembre,dimanche,04:00,75,75118,0,0,2,2,3,5,1,4,1,01,1,1,0,50,1,0,1,3,1,18,0,3,2,0,2,1,5,201200058573A01,7,1,1,200054781
201200058580,2012-09-28,2012,septembre,vendredi,04:15,75,75118,0,0,2,5,2,5,1,4,2,04,1,1,5,77,1,5,5,4,1,25,5,3,2,0,2,1,2,201200058580A01,7,23,1,200054781
201200058632,2012-11-14,2012,novembre,mercredi,18:30,75,75118,0,0,2,1,3,5,1,4,2,02,1,1,0,70,1,0,1,3,2,19,1,3,2,0,2,8,19,201200058632B01,10,17,1,200054781
201200058633,2012-11-15,2012,novembre,jeudi,20:10,75,75118,0,0,2,4,7,5,1,4,1,01,1,1,0,0,1,0,1,4,1,22,5,3,2,0,0,1,1,201200058633A01,,,,200054781
201200058638,2012-11-23,2012,novembre,vendredi,12:45,75,75118,0,0,2,1,3,1,2,4,-1,00,2,1,0,0,2,0,1,4,1,39,0,3,2,0,2,1,1,201200058638B01,7,9,1,200054781
201200058667,2012-12-16,2012,décembre,dimanche,12:05,75,75118,0,0,2,1,3,1,1,4,1,01,1,1,0,0,1,0,5,4,2,5,5,3,2,0,2,0,1,201200058667B01,7,9,1,200054781
201200058686,2012-01-11,2012,janvier,mercredi,07:15,75,75119,0,0,2,5,3,5,1,4,2,02,2,1,0,0,1,0,1,4,1,32,1,3,2,0,2,1,1,201200058686B01,7,15,1,200054781
201200058731,2012-03-14,2012,mars,mercredi,14:45,75,75119,0,0,2,3,3,1,1,4,1,01,1,-1,40,40,1,0,1,4,2,60,5,3,2,0,2,1,1,201200058731B01,10,16,1,200054781
201200058746,2012-04-03,2012,avril,mardi,09:10,75,75119,0,0,2,4,3,1,1,4,2,02,2,1,0,100,1,0,1,4,2,30,1,1,2,0,2,8,19,201200058746B01,33,1,1,200054781
201200058762,2012-04-22,2012,avril,dimanche,12:45,75,75119,0,0,2,7,6,1,1,4,1,03,1,3,0,0,1,2,1,4,2,66,5,3,2,0,2,8,1,201200058762A01,7,15,1,200054781
201200058786,2012-05-26,2012,mai,samedi,11:45,75,75119,0,0,2,7,3,1,1,4,2,01,1,-1,6,40,1,0,1,4,2,31,5,3,2,0,2,3,1,201200058786B01,7,17,1,200054781
201200058789,2012-05-27,2012,mai,dimanche,14:58,75,75119,0,0,2,2,2,1,1,4,3,02,1,1,50,100,1,0,1,4,2,73,5,3,2,0,2,1,18,201200058789B01,7,16,1,200054781
201200058791,2012-05-29,2012,mai,mardi,21:45,75,75119,0,0,2,5,3,5,1,4,2,02,1,3,0,0,1,0,1,4,1,51,1,3,2,0,2,3,15,201200058791B01,10,1,1,200054781
201200058807,2012-06-20,2012,juin,mercredi,16:50,75,75119,0,0,2,3,3,1,1,4,1,01,1,1,0,50,1,0,1,4,1,11,5,2,2,1,2,2,19,201200058807A01,33,1,1,200054781
201200058823,2012-07-02,2012,juillet,lundi,09:50,75,75119,0,0,2,4,3,1,1,4,3,02,1,1,55,40,1,0,5,4,1,32,9,3,2,0,2,1,1,201200058823B01,10,16,1,200054781
201200058828,2012-07-07,2012,juillet,samedi,19:50,75,75119,0,0,2,7,3,1,1,4,1,04,1,1,0,80,1,0,1,4,1,16,5,2,2,0,0,7,1,201200058828B01,7,1,1,200054781
201200058828,2012-07-07,2012,juillet,samedi,19:50,75,75119,0,0,2,7,3,1,1,4,1,04,1,1,0,80,1,0,1,4,1,12,5,2,2,0,0,7,1,201200058828B01,7,1,1,200054781
201200058833,2012-07-12,2012,juillet,jeudi,09:30,75,75119,0,0,2,3,3,1,1,4,1,01,1,1,0,50,1,0,1,4,2,39,1,3,2,0,2,1,1,201200058833B01,7,15,1,200054781
201200058859,2012-08-18,2012,août,samedi,03:15,75,75119,0,0,2,3,3,5,1,4,2,02,1,1,50,50,1,0,1,4,1,5,0,3,2,0,2,1,9,201200058859A01,33,1,1,200054781
201200058878,2012-09-16,2012,septembre,dimanche,15:45,75,75119,0,0,2,4,3,1,1,4,2,01,2,1,0,150,1,0,1,4,1,31,5,3,2,0,2,8,15,201200058878B01,2,17,1,200054781
201200058901,2012-10-06,2012,octobre,samedi,14:10,75,75119,0,0,2,2,3,1,2,4,2,02,2,1,60,60,2,0,1,4,1,10,5,3,2,0,2,6,19,201200058901B01,7,1,1,200054781
201200058905,2012-10-09,2012,octobre,mardi,08:45,75,75119,0,0,2,4,7,1,2,4,2,02,2,1,0,0,2,0,1,4,2,62,1,3,2,0,0,0,1,201200058905A01,,,,200054781
201200058911,2012-10-15,2012,octobre,lundi,16:40,75,75119,0,0,2,5,6,1,1,4,2,02,1,1,0,100,1,0,1,4,1,18,0,3,2,0,2,0,2,201200058911A01,30,2,1,200054781
201200058917,2012-10-22,2012,octobre,lundi,11:30,75,75119,0,0,2,2,3,2,1,4,2,02,2,1,0,0,1,0,1,4,1,48,0,3,2,0,2,2,17,201200058917B01,7,15,1,200054781
201200058937,2012-11-13,2012,novembre,mardi,07:10,75,75119,0,0,2,1,2,2,8,4,1,01,1,1,0,25,2,0,1,4,1,43,1,3,2,0,2,1,1,201200058937B01,7,4,1,200054781
201200058946,2012-11-24,2012,novembre,samedi,19:15,75,75119,0,0,2,1,1,5,1,4,2,04,1,1,0,160,1,0,1,3,1,35,5,3,2,0,2,1,7,201200058946B01,7,10,1,200054781
201200058969,2012-12-19,2012,décembre,mercredi,20:15,75,75119,0,0,2,1,3,5,2,4,2,03,2,1,0,100,2,0,5,4,2,27,5,3,2,0,2,1,1,201200058969B01,7,15,1,200054781
201200058998,2012-01-18,2012,janvier,mercredi,17:15,75,75120,0,0,2,1,7,2,2,4,1,01,2,1,0,50,2,0,1,4,1,37,0,2,2,0,0,0,7,201200058998A01,,,,200054781
201200059007,2012-01-25,2012,janvier,mercredi,08:38,75,75120,0,0,2,2,6,1,2,4,2,02,1,1,0,70,2,0,1,1,1,54,1,3,2,0,1,3,1,201200059007A01,,,,200054781
201200059009,2012-01-27,2012,janvier,vendredi,09:10,75,75120,0,0,2,2,2,1,1,4,2,01,2,1,0,81,1,0,1,4,2,31,1,2,2,0,2,8,1,201200059009A01,7,23,1,200054781
201200059027,2012-02-12,2012,février,dimanche,15:27,75,75120,0,0,2,2,7,1,8,4,2,02,1,1,0,60,1,0,1,4,2,25,0,3,2,0,0,1,1,201200059027A01,,,,200054781
201200059036,2012-02-29,2012,février,mercredi,19:55,75,75120,0,0,2,1,6,5,1,4,3,02,1,1,70,64,1,0,5,1,1,20,5,3,2,0,1,1,1,201200059036A01,,,,200054781
201200059046,2012-03-15,2012,mars,jeudi,16:20,75,75120,0,0,2,3,6,1,1,4,2,02,2,1,0,100,1,0,1,4,1,16,5,2,2,15,0,1,16,201200059046A01,,,,200054781
201200059052,2012-03-21,2012,mars,mercredi,14:35,75,75120,0,0,2,1,1,1,1,4,2,06,1,1,12,96,1,0,1,4,1,40,1,3,2,0,2,3,1,201200059052B01,2,17,1,200054781
201200059062,2012-03-29,2012,mars,jeudi,18:15,75,75120,0,0,2,3,3,1,1,4,1,01,1,1,0,45,1,0,1,4,2,13,5,2,2,14,0,8,5,201200059062B01,7,1,1,200054781
201200059070,2012-04-07,2012,avril,samedi,21:20,75,75120,0,0,2,1,7,5,1,4,1,01,1,1,0,0,2,0,1,4,2,42,0,3,2,0,0,0,1,201200059070A01,,,,200054781
201200059076,2012-04-12,2012,avril,jeudi,06:50,75,75120,0,0,2,2,3,1,1,4,3,01,1,1,60,80,1,0,1,4,2,21,1,3,2,0,2,1,1,201200059076B01,7,1,1,200054781
201200059079,2012-04-16,2012,avril,lundi,18:55,75,75120,0,0,2,1,3,1,1,4,2,02,2,1,0,80,1,0,1,4,1,55,1,3,2,0,2,4,1,201200059079B01,7,17,1,200054781
201200059082,2012-04-20,2012,avril,vendredi,08:03,75,75120,0,0,2,1,3,1,1,4,2,02,2,1,0,100,1,0,1,4,1,26,2,3,2,0,2,1,9,201200059082B01,7,1,1,200054781
201200059082,2012-04-20,2012,avril,vendredi,08:03,75,75120,0,0,2,1,3,1,1,4,2,02,2,1,0,100,1,0,1,4,1,4,2,3,2,0,2,1,9,201200059082B01,7,1,1,200054781
201200059099,2012-05-11,2012,mai,vendredi,16:35,75,75120,0,0,2,2,3,1,1,4,-1,01,2,1,40,40,1,0,1,4,2,49,0,3,2,0,2,1,1,201200059099B01,7,15,1,200054781
201200059107,2012-05-18,2012,mai,vendredi,18:45,75,75120,0,0,2,4,3,1,1,4,1,01,1,1,0,78,1,0,1,4,2,18,0,3,2,0,2,5,1,201200059107A01,7,15,1,200054781
201200059115,2012-05-25,2012,mai,vendredi,08:30,75,75120,0,0,2,1,2,1,1,4,1,01,1,1,90,60,1,0,1,4,1,42,1,3,2,1,0,1,1,201200059115B01,7,22,1,200054781
201200059131,2012-06-10,2012,juin,dimanche,20:15,75,75120,0,0,2,2,3,1,3,4,2,02,2,1,0,99,2,0,1,4,2,26,5,3,2,0,2,1,1,201200059131B01,7,15,1,200054781
201200059138,2012-06-15,2012,juin,vendredi,16:35,75,75120,0,0,2,1,3,1,1,4,2,02,1,1,0,85,1,0,5,4,1,40,1,1,2,0,2,1,1,201200059138B01,7,15,1,200054781
201200059156,2012-06-28,2012,juin,jeudi,09:25,75,75120,0,0,2,3,3,1,8,4,1,01,1,1,0,82,1,0,5,4,1,14,9,3,2,0,0,1,1,201200059156B01,7,4,1,200054781
201200059175,2012-07-13,2012,juillet,vendredi,16:40,75,75120,0,0,2,3,3,1,2,4,2,02,2,1,0,100,2,0,1,4,1,30,0,3,2,0,2,7,1,201200059175B01,7,22,1,200054781
201200059177,2012-07-15,2012,juillet,dimanche,04:45,75,75120,0,0,2,3,3,5,1,4,2,02,2,1,0,70,1,0,1,1,1,22,5,3,2,0,2,1,17,201200059177B01,7,15,1,200054781
201200059177,2012-07-15,2012,juillet,dimanche,04:45,75,75120,0,0,2,3,3,5,1,4,2,02,2,1,0,70,1,0,1,4,2,22,5,3,2,0,2,1,17,201200059177B01,7,15,1,200054781
201200059195,2012-08-03,2012,août,vendredi,17:15,75,75120,0,0,2,1,6,1,1,4,1,01,1,1,7,60,1,0,5,1,1,19,0,3,2,0,1,1,1,201200059195A01,,,,200054781
201200059208,2012-08-22,2012,août,mercredi,11:30,75,75120,0,0,2,1,3,1,1,4,2,02,2,1,0,0,1,0,1,4,1,28,5,3,2,0,2,1,1,201200059208B01,10,22,1,200054781
201200059211,2012-08-28,2012,août,mardi,11:30,75,75120,0,0,2,2,6,1,1,4,1,01,1,1,4,50,1,0,5,3,2,45,9,3,2,14,0,1,13,201200059211A01,,,,200054781
201200059218,2012-09-02,2012,septembre,dimanche,15:30,75,75120,0,0,2,2,3,1,1,4,2,01,2,1,0,150,1,0,1,4,2,49,5,3,2,0,2,1,1,201200059218B01,7,15,1,200054781
201200059222,2012-09-07,2012,septembre,vendredi,18:25,75,75120,0,0,2,5,3,1,1,4,2,02,1,1,0,0,1,0,1,4,2,54,5,3,2,0,2,1,1,201200059222B01,7,15,1,200054781
201200059227,2012-09-10,2012,septembre,lundi,18:00,75,75120,0,0,2,1,1,2,1,4,2,00,2,-1,0,0,1,0,1,4,2,14,5,2,2,0,2,1,15,201200059227A01,32,1,1,200054781
201200059232,2012-09-14,2012,septembre,vendredi,08:20,75,75120,0,0,2,1,7,1,1,4,2,01,1,1,0,90,1,0,1,4,1,47,2,3,2,0,0,0,1,201200059232A01,,,,200054781
201200059232,2012-09-14,2012,septembre,vendredi,08:20,75,75120,0,0,2,1,7,1,1,4,2,01,1,1,0,90,1,0,1,4,2,8,2,3,2,0,0,0,1,201200059232A01,,,,200054781
201200059242,2012-09-20,2012,septembre,jeudi,10:00,75,75120,0,0,2,2,3,1,1,4,2,01,1,1,0,98,1,0,1,4,1,47,1,3,2,14,2,7,17,201200059242B01,7,13,1,200054781
201200059251,2012-09-27,2012,septembre,jeudi,13:30,75,75120,0,0,2,5,6,1,1,4,2,02,2,1,0,0,2,0,1,4,1,25,5,3,2,0,1,2,16,201200059251A01,,,,200054781
201200059255,2012-09-29,2012,septembre,samedi,00:49,75,75120,0,0,2,2,6,5,1,4,-1,01,4,1,0,40,1,0,1,4,1,21,5,3,2,12,0,2,14,201200059255A01,,,,200054781
201200059257,2012-09-29,2012,septembre,samedi,12:20,75,75120,0,0,2,3,3,1,1,4,2,00,2,1,0,150,1,0,1,4,1,66,5,3,2,0,2,4,19,201200059257B01,7,16,1,200054781
201200059263,2012-10-04,2012,octobre,jeudi,08:50,75,75120,0,0,2,5,3,1,2,4,1,01,1,1,0,30,2,0,1,4,2,29,1,3,2,0,2,1,1,201200059263A01,33,23,1,200054781
201200059267,2012-10-05,2012,octobre,vendredi,19:55,75,75120,0,0,2,3,3,5,1,4,-1,02,1,1,0,500,-1,0,1,4,1,43,0,3,2,0,2,1,17,201200059267B01,7,15,1,200054781
201200059268,2012-10-06,2012,octobre,samedi,14:50,75,75120,0,0,2,2,6,1,2,4,2,02,1,1,0,50,2,0,1,4,2,24,0,3,2,0,2,0,1,201200059268A01,7,1,1,200054781
201200059269,2012-10-07,2012,octobre,dimanche,11:30,75,75120,0,0,2,2,7,1,1,4,2,01,1,1,0,120,1,0,5,4,1,22,5,3,2,0,0,2,1,201200059269A01,,,,200054781
201200059275,2012-10-08,2012,octobre,lundi,18:00,75,75120,0,0,2,3,6,1,2,4,2,01,1,1,0,130,2,0,1,4,1,62,5,3,2,0,0,0,15,201200059275A01,7,17,1,200054781
201200059277,2012-10-09,2012,octobre,mardi,19:20,75,75120,0,0,2,2,3,2,1,4,2,01,2,1,0,60,1,0,1,1,1,22,0,3,2,0,2,8,15,201200059277B01,33,17,1,200054781
201200059296,2012-10-24,2012,octobre,mercredi,17:45,75,75120,0,0,2,1,7,1,1,4,1,01,1,1,0,40,1,0,1,4,1,32,1,3,2,0,0,0,1,201200059296A01,,,,200054781
201200059318,2012-11-14,2012,novembre,mercredi,09:30,75,75120,0,0,2,2,6,1,1,4,2,02,1,1,0,0,1,0,1,1,1,23,2,1,2,0,1,1,1,201200059318A01,,,,200054781
201200059319,2012-11-14,2012,novembre,mercredi,18:20,75,75120,0,0,2,4,3,5,1,4,1,03,2,3,0,100,1,0,1,4,2,34,1,3,2,0,2,4,1,201200059319B01,34,1,1,200054781
201200059329,2012-11-27,2012,novembre,mardi,07:25,75,75120,0,0,2,1,3,2,2,4,2,01,1,1,0,80,2,0,5,4,2,49,0,2,2,0,2,7,1,201200059329B01,7,1,1,200054781
201200059337,2012-12-03,2012,décembre,lundi,17:15,75,75120,0,0,2,1,3,5,1,4,1,01,1,1,0,30,1,0,1,4,1,27,5,3,2,0,2,3,9,201200059337B01,37,1,1,200054781
201200059341,2012-12-07,2012,décembre,vendredi,15:45,75,75120,0,0,2,2,3,1,1,4,1,01,1,1,0,100,2,0,1,4,1,32,1,3,2,0,2,1,1,201200059341B01,10,15,1,200054781
201200059377,2012-01-08,2012,janvier,dimanche,02:15,75,75113,0,0,2,4,6,5,1,4,2,04,1,1,0,168,1,0,1,2,1,56,5,3,2,0,2,4,2,201200059377A01,7,2,1,200054781
201200059382,2012-01-13,2012,janvier,vendredi,15:40,75,75112,0,0,2,1,6,1,1,4,2,03,1,-1,0,148,1,0,5,4,1,30,5,2,2,0,1,1,1,201200059382A01,,,,200054781
201200059450,2012-03-28,2012,mars,mercredi,15:10,75,75108,0,0,2,1,6,1,1,4,2,03,1,1,0,0,1,0,5,4,2,49,5,3,2,1,2,7,17,201200059450B01,10,22,1,200054781
201200059461,2012-04-04,2012,avril,mercredi,08:50,75,75104,0,0,2,1,3,1,1,4,1,01,1,1,0,35,1,0,1,3,2,33,1,3,2,0,2,8,1,201200059461B01,10,17,1,200054781
201200059480,2012-04-20,2012,avril,vendredi,16:45,75,75110,0,0,2,5,6,1,1,4,2,04,1,-1,0,141,2,0,1,4,1,25,4,3,2,0,1,1,16,201200059480A01,,,,200054781
201200059491,2012-05-02,2012,mai,mercredi,10:30,75,75117,0,0,2,5,3,1,1,4,2,02,1,1,0,135,1,0,1,3,2,21,5,3,2,0,2,3,1,201200059491A01,14,16,1,200054781
201200059507,2012-05-13,2012,mai,dimanche,08:50,75,75107,0,0,2,7,3,1,1,4,1,01,1,2,0,119,1,0,1,4,1,21,0,3,2,0,2,6,15,201200059507B01,10,1,1,200054781
201200059512,2012-05-15,2012,mai,mardi,09:45,75,75108,0,0,2,1,3,1,1,4,1,10,1,1,300,402,1,0,1,3,2,49,0,3,2,0,2,8,1,201200059512B01,10,14,1,200054781
201200059517,2012-05-22,2012,mai,mardi,16:40,75,75114,0,0,2,2,3,1,1,4,1,02,1,1,0,660,1,5,1,2,2,70,1,2,2,0,2,0,16,201200059517B01,38,16,1,200054781
201200059519,2012-05-23,2012,mai,mercredi,19:05,75,75101,0,0,2,2,6,1,1,4,2,01,1,1,0,55,1,0,0,4,1,52,5,3,2,0,2,8,15,201200059519A01,33,1,1,200054781
201200059526,2012-05-27,2012,mai,dimanche,03:20,75,75103,0,0,2,1,7,5,1,4,2,04,1,1,20,205,1,0,1,3,2,22,5,2,2,14,0,1,9,201200059526A01,,,,200054781
201200059530,2012-05-31,2012,mai,jeudi,16:25,75,75114,0,0,2,1,3,1,1,4,2,03,2,1,0,100,1,0,1,4,2,26,1,3,2,0,2,4,1,201200059530B01,7,12,1,200054781
201200059533,2012-06-02,2012,juin,samedi,12:35,75,75116,0,0,2,1,6,1,1,4,2,03,1,1,0,142,1,0,5,3,1,69,5,1,2,1,0,2,1,201200059533A01,,,,200054781
201200059538,2012-06-06,2012,juin,mercredi,19:30,75,75111,0,0,2,5,6,1,1,4,2,03,1,1,307,119,1,0,5,4,1,30,1,1,2,0,1,1,1,201200059538A01,,,,200054781
201200059552,2012-06-18,2012,juin,lundi,08:53,75,75105,0,0,2,2,3,1,1,4,2,02,2,1,0,130,1,6,1,3,2,49,1,3,2,0,2,1,1,201200059552B01,38,16,1,200054781
201200059559,2012-06-23,2012,juin,samedi,09:42,75,75118,0,0,2,2,3,1,1,4,2,04,-1,1,0,0,1,5,1,3,2,28,0,3,2,0,2,8,1,201200059559B01,38,16,1,200054781
201200059561,2012-06-23,2012,juin,samedi,18:05,75,75115,0,0,2,2,3,1,1,4,1,04,1,1,0,150,1,5,1,3,2,26,5,2,2,0,2,6,11,201200059561A01,33,1,1,200054781
201200059602,2012-07-15,2012,juillet,dimanche,03:50,75,75109,0,0,2,4,3,5,1,4,1,03,1,1,0,90,1,0,1,3,2,25,0,3,2,0,2,8,1,201200059602A01,7,1,1,200054781
201200059638,2012-08-19,2012,août,dimanche,16:15,75,75112,0,0,2,1,1,1,1,4,2,03,2,1,0,82,1,0,1,3,1,21,5,3,2,0,2,1,13,201200059638A01,7,1,1,200054781
201200059645,2012-08-27,2012,août,lundi,04:50,75,75108,0,0,2,7,3,5,1,4,2,02,1,1,0,106,1,0,1,3,1,20,1,3,2,0,2,8,1,201200059645B01,10,1,1,200054781
201200059659,2012-09-11,2012,septembre,mardi,14:50,75,75112,0,0,2,7,3,1,3,4,1,07,1,2,0,276,2,0,1,3,2,72,1,3,2,0,2,7,16,201200059659B01,10,12,1,200054781
201200059665,2012-09-16,2012,septembre,dimanche,10:14,75,75116,0,0,2,2,6,1,1,4,2,02,1,3,0,41,1,0,1,4,1,53,5,1,2,0,1,2,1,201200059665A01,,,,200054781
201200059684,2012-10-02,2012,octobre,mardi,00:15,75,75111,0,0,2,2,3,5,1,4,1,01,1,1,0,52,2,0,1,3,1,28,0,3,2,0,2,1,1,201200059684B01,14,1,1,200054781
201200059686,2012-10-02,2012,octobre,mardi,11:00,75,75115,0,0,2,1,3,1,1,4,1,04,1,1,0,168,1,0,4,4,1,38,0,2,2,0,2,1,1,201200059686A01,7,9,1,200054781
201200059702,2012-10-11,2012,octobre,jeudi,13:35,75,75117,0,0,2,3,3,1,2,4,2,02,2,1,0,97,2,0,1,2,1,58,0,2,2,0,2,8,18,201200059702A01,15,16,1,200054781
201200059713,2012-10-16,2012,octobre,mardi,12:55,75,75107,0,0,2,3,3,1,1,4,1,01,1,1,0,117,1,0,1,3,2,89,5,2,2,0,2,8,18,201200059713B01,14,14,1,200054781
201200059721,2012-09-17,2012,septembre,lundi,21:25,75,75104,0,0,2,2,6,5,1,4,1,00,1,1,0,0,1,0,1,2,1,51,5,3,2,0,2,4,16,201200059721A01,7,2,1,200054781
201200059748,2012-11-14,2012,novembre,mercredi,11:40,75,75117,0,0,2,5,6,1,1,4,2,00,1,1,0,0,1,0,0,1,1,51,4,3,2,0,1,1,1,201200059748A01,,,,200054781
201200059751,2012-11-24,2012,novembre,samedi,22:44,75,75119,0,0,2,2,3,5,1,4,2,02,2,1,0,96,1,5,1,2,2,29,5,2,2,0,2,8,1,201200059751B01,10,16,1,200054781
201200059756,2012-12-02,2012,décembre,dimanche,12:55,75,75110,0,0,2,1,4,1,1,4,1,04,1,1,0,246,1,0,1,3,2,65,0,3,2,0,2,0,7,201200059756B01,37 / 7,7 / 22,2,200054781
201200059785,2012-12-28,2012,décembre,vendredi,15:10,75,75112,0,0,2,2,6,1,1,4,-1,04,1,1,0,0,1,0,1,4,2,47,5,3,2,2,2,6,1,201200059785B01,7,1,1,200054781
201200060446,2012-02-17,2012,février,vendredi,11:45,972,97225,0,0,2,1,1,1,1,3,1,01,-1,1,0,33,1,0,1,3,1,16,0,1,2,0,2,1,22,201200060446B02,7,22,1,200041788
201200060453,2012-02-13,2012,février,lundi,09:15,972,97223,0,0,2,1,1,1,1,3,2,01,1,1,0,58,1,0,1,3,1,40,5,1,2,0,2,1,1,201200060453B02,7,15,1,249720053
201200060491,2012-01-19,2012,janvier,jeudi,18:30,971,97124,0,0,2,1,1,5,1,2,2,02,2,1,0,70,1,0,1,3,1,35,5,2,2,0,2,1,1,201200060491B02,7,15,1,249710070
201200060516,2012-03-12,2012,mars,lundi,09:45,971,97111,0,0,1,1,6,1,1,2,-1,02,3,1,62,0,1,0,1,3,1,56,5,1,2,0,2,6,1,201200060516A01,,,,249710062
201200060537,2012-11-05,2012,novembre,lundi,11:45,971,97114,0,0,1,1,1,1,1,2,2,02,2,1,0,150,1,0,1,3,1,52,5,1,2,0,2,6,21,201200060537B02,7,1,1,249710062
201200060543,2012-05-20,2012,mai,dimanche,11:00,971,97115,0,0,2,1,1,5,1,3,1,02,2,1,0,65,1,0,1,3,1,15,5,2,4,0,2,4,14,201200060543B02,7,1,1,249710062
201200060554,2012-06-28,2012,juin,jeudi,21:00,971,97118,0,0,1,1,1,3,1,2,3,04,1,1,0,140,1,0,1,3,1,44,9,2,4,0,2,8,2,201200060554C03,7,21,1,249710062
201200060561,2012-01-15,2012,janvier,dimanche,17:00,971,97129,0,0,2,1,1,1,1,4,2,02,1,-1,0,0,1,0,0,3,1,10,5,2,2,0,2,3,19,201200060561B02,2,1,1,249710062
201200060567,2012-04-13,2012,avril,vendredi,17:30,971,97129,0,0,2,1,1,1,1,9,2,00,1,1,0,0,1,0,1,3,1,11,5,3,1,0,2,1,1,201200060567B02,31,1,1,249710062
201200060567,2012-04-13,2012,avril,vendredi,17:30,971,97129,0,0,2,1,1,1,1,9,2,00,1,1,0,0,1,0,1,3,1,11,0,3,1,0,2,1,1,201200060567B02,31,1,1,249710062
201200060600,2012-12-16,2012,décembre,dimanche,13:15,971,97108,0,0,1,1,3,1,1,3,-1,02,-1,1,0,59,1,0,1,3,2,11,5,2,2,0,2,8,15,201200060600B02,7,17,1,249710047