Num_Acc,date,an,mois,jour,hrmn,dep,com,lat,long,agg,int,col,lum,atm,catr,circ,nbv,prof,plan,lartpc,larrout,surf,infra,situ,grav,sexe,age,trajet,secuexist,equipement,obs,obsm,choc,manv,vehiculeid,typevehicules,manoeuvehicules,numVehicules,_infos_commune.code_epci
201200060622,2012-12-22,2012,décembre,samedi,14:45,971,97119,0,0,1,1,1,1,1,4,2,00,1,1,0,50,1,0,1,3,1,51,1,3,1,0,0,4,1,201200060622B02,7,1,1,200044691
201200060625,2012-02-26,2012,février,dimanche,08:45,971,97125,0,0,1,1,1,1,1,3,2,00,1,1,0,58,1,0,1,3,1,47,5,1,2,0,2,1,10,201200060625B02,7,1,1,200041507
201200060643,2012-03-18,2012,mars,dimanche,12:15,971,97128,0,0,1,1,2,1,1,2,2,02,1,1,0,64,1,0,3,3,1,32,5,1,2,1,0,1,1,201200060643A01,7,24,1,200041507
201200060662,2012-01-07,2012,janvier,samedi,10:15,971,97116,0,0,2,1,1,1,1,2,3,02,1,1,13,83,1,0,1,2,1,15,5,1,2,0,2,0,2,201200060662B02,10,17,1,200044691
201200060663,2012-01-17,2012,janvier,mardi,07:15,971,97116,0,0,2,1,3,1,1,2,2,02,-1,1,0,60,1,5,1,3,1,42,4,3,1,0,2,1,1,201200060663A01,7,1,1,200044691
201200060681,2012-12-18,2012,décembre,mardi,23:30,971,97116,0,0,2,1,1,5,1,2,2,00,1,1,0,63,1,0,1,2,1,72,5,3,1,0,2,1,1,201200060681B02,7,9,1,200044691
201200060687,2012-05-23,2012,mai,mercredi,21:00,973,97305,0,0,1,1,5,3,1,2,2,00,1,1,70,70,1,0,1,1,1,18,5,3,1,0,2,4,1,201200060687C03,10 / 7,21 / 1,2,249730045
201200060698,2012-03-09,2012,mars,vendredi,14:15,973,97304,0,0,2,1,1,1,1,4,2,00,1,1,0,60,1,0,1,3,2,48,0,3,1,0,2,3,15,201200060698B02,10,1,1,200027548
201200060704,2012-12-11,2012,décembre,mardi,07:00,973,97304,0,0,2,1,3,1,1,4,2,02,1,1,0,0,1,0,1,3,1,15,1,2,2,0,2,7,15,201200060704B02,7,1,1,200027548
201200060706,2012-11-07,2012,novembre,mercredi,17:30,973,97312,0,0,2,1,6,1,1,9,2,02,1,1,0,0,1,0,1,3,1,78,5,3,1,0,2,6,19,201200060706B02,32,1,1,200027548
201200060714,2012-07-08,2012,juillet,dimanche,09:15,973,97310,0,0,2,1,5,1,1,3,2,02,2,1,0,63,1,5,1,3,2,25,5,1,2,1,0,1,1,201200060714C03,7,23,1,249730045
201200060714,2012-07-08,2012,juillet,dimanche,09:15,973,97310,0,0,2,1,5,1,1,3,2,02,2,1,0,63,1,5,1,3,2,18,5,1,2,1,0,1,1,201200060714B02,7,23,1,249730045
201200060730,2012-10-09,2012,octobre,mardi,16:45,973,97306,0,0,1,1,2,1,1,3,2,02,1,1,0,0,1,0,1,3,1,47,5,1,2,1,0,1,1,201200060730A01,10,24,1,249730037
201200060736,2012-03-23,2012,mars,vendredi,08:00,974,97408,0,0,2,3,1,1,1,3,2,02,-1,1,0,80,1,0,1,4,1,19,1,3,1,0,2,1,1,201200060736B02,7,15,1,249740101
201200060746,2012-08-05,2012,août,dimanche,07:30,974,97418,0,0,1,1,2,1,7,2,3,04,1,1,0,74,1,0,2,2,1,45,5,2,2,0,2,4,1,201200060746B02,7,14,1,249740119
201200060752,2012-10-12,2012,octobre,vendredi,20:00,974,97420,0,0,2,1,1,3,1,4,2,02,2,3,0,51,1,0,1,3,1,32,5,2,4,0,2,1,13,201200060752B02,10,1,1,249740119
201200060759,2012-03-24,2012,mars,samedi,10:30,974,97410,0,0,2,1,6,1,1,3,-1,02,1,1,0,70,1,0,1,3,1,16,5,3,1,0,2,1,1,201200060759A01,7,1,1,249740093
201200060761,2012-10-20,2012,octobre,samedi,20:00,974,97410,0,0,1,1,6,5,1,3,2,00,2,1,0,6,1,0,1,3,2,25,5,2,2,1,0,7,14,201200060761A01,7,0,1,249740093
201200060766,2012-05-16,2012,mai,mercredi,18:15,974,97419,0,0,2,1,2,5,1,2,3,02,4,1,13,79,1,5,1,2,1,18,1,2,4,0,2,7,2,201200060766B02,7,2,1,249740093
201200060767,2012-05-17,2012,mai,jeudi,11:45,974,97419,0,0,1,1,7,1,1,4,2,00,2,1,0,56,1,0,1,3,1,28,5,3,1,0,0,6,1,201200060767A01,,,,249740093
201200060778,2012-04-24,2012,avril,mardi,16:00,974,97415,0,0,2,4,3,1,2,4,2,00,1,1,0,0,2,0,1,3,1,51,5,1,2,0,2,1,1,201200060778B02,10,15,1,249740101
201200060788,2012-10-30,2012,octobre,mardi,17:00,974,97415,0,0,1,1,1,1,1,9,-1,00,1,1,0,0,1,6,1,4,1,30,5,3,1,0,2,2,17,201200060788B02,7,11,1,249740101
201200060796,2012-04-22,2012,avril,dimanche,00:15,974,97455,0,0,2,1,1,5,1,9,2,00,2,1,0,0,1,0,1,3,1,17,5,2,2,0,2,1,1,201200060796B02,2,13,1,
201200060801,2012-11-27,2012,novembre,mardi,21:15,974,97415,0,0,1,1,1,3,1,2,2,00,2,1,110,0,1,0,1,2,1,16,0,3,1,0,2,1,0,201200060801B02,7,17,1,249740101
201200060811,2012-03-12,2012,mars,lundi,11:00,974,97414,0,0,2,1,6,1,1,4,2,00,2,1,0,60,1,0,1,3,1,13,5,3,1,0,2,4,1,201200060811A01,,,,249740077
201200060824,2012-10-19,2012,octobre,vendredi,21:30,974,97449,0,0,2,1,6,3,1,2,2,02,2,1,0,63,1,1,1,3,1,20,9,3,1,10,0,1,1,201200060824A01,,,,
201200060836,2012-01-28,2012,janvier,samedi,11:15,974,97417,0,0,2,1,1,1,1,2,2,02,2,2,0,61,1,0,1,2,1,59,5,1,2,0,2,1,1,201200060836B02,7,13,1,249740085
201200060870,2012-12-18,2012,décembre,mardi,15:45,976,97615,0,0,2,1,3,1,1,2,2,00,-1,1,0,60,1,5,1,4,1,20,5,2,2,0,2,1,19,201200060870B02,7,1,1,200050532
201200060885,2012-06-24,2012,juin,dimanche,04:15,971,97103,0,0,1,1,2,3,1,2,3,02,1,1,0,123,1,3,1,3,1,46,9,2,4,0,0,4,2,201200060885B02,10,2,1,200018653
201200060914,2012-01-14,2012,janvier,samedi,08:00,973,97309,0,0,1,1,1,1,1,2,2,02,1,3,0,60,1,0,1,2,1,74,5,3,1,0,0,0,2,201200060914B02,10,17,1,249730045
201200060923,2012-06-07,2012,juin,jeudi,17:00,973,97309,0,0,2,1,3,1,1,4,2,02,2,1,0,54,1,0,1,3,1,11,5,2,2,0,2,1,19,201200060923A01,10,1,1,249730045
201200060925,2012-06-11,2012,juin,lundi,12:30,973,97309,0,0,1,1,1,1,2,3,2,02,1,1,0,70,2,5,1,3,1,13,2,2,2,0,2,6,1,201200060925B02,7,1,1,249730045
201200060940,2012-11-18,2012,novembre,dimanche,08:45,973,97309,0,0,1,1,5,1,1,2,2,02,1,1,75,0,1,0,1,4,1,49,5,3,1,0,2,0,1,201200060940G07,7,5,1,249730045
201200060940,2012-11-18,2012,novembre,dimanche,08:45,973,97309,0,0,1,1,5,1,1,2,2,02,1,1,75,0,1,0,1,3,1,45,5,3,1,0,2,0,1,201200060940E05,7,5,1,249730045
201200060940,2012-11-18,2012,novembre,dimanche,08:45,973,97309,0,0,1,1,5,1,1,2,2,02,1,1,75,0,1,0,1,3,1,16,5,3,1,0,2,0,1,201200060940D04,7,5,1,249730045
201200060940,2012-11-18,2012,novembre,dimanche,08:45,973,97309,0,0,1,1,5,1,1,2,2,02,1,1,75,0,1,0,1,1,1,18,5,3,1,0,2,0,1,201200060940L12,7,5,1,249730045
201200060940,2012-11-18,2012,novembre,dimanche,08:45,973,97309,0,0,1,1,5,1,1,2,2,02,1,1,75,0,1,0,1,2,1,45,5,3,1,0,2,0,1,201200060940C03,7,5,1,249730045
201200060940,2012-11-18,2012,novembre,dimanche,08:45,973,97309,0,0,1,1,5,1,1,2,2,02,1,1,75,0,1,0,1,4,1,19,5,3,1,0,2,0,1,201200060940J10,7,5,1,249730045
201200060940,2012-11-18,2012,novembre,dimanche,08:45,973,97309,0,0,1,1,5,1,1,2,2,02,1,1,75,0,1,0,1,3,1,21,5,3,1,0,2,0,1,201200060940F06,7,5,1,249730045
201200060940,2012-11-18,2012,novembre,dimanche,08:45,973,97309,0,0,1,1,5,1,1,2,2,02,1,1,75,0,1,0,1,1,1,25,5,3,1,0,2,0,1,201200060940K11,7,5,1,249730045
201200060940,2012-11-18,2012,novembre,dimanche,08:45,973,97309,0,0,1,1,5,1,1,2,2,02,1,1,75,0,1,0,1,1,1,20,5,3,1,0,2,0,1,201200060940H08,7,5,1,249730045
201200060940,2012-11-18,2012,novembre,dimanche,08:45,973,97309,0,0,1,1,5,1,1,2,2,02,1,1,75,0,1,0,1,1,1,20,5,3,1,0,2,0,1,201200060940I09,7,5,1,249730045
201200060940,2012-11-18,2012,novembre,dimanche,08:45,973,97309,0,0,1,1,5,1,1,2,2,02,1,1,75,0,1,0,1,2,1,20,5,3,1,0,2,0,1,201200060940B02,7,5,1,249730045
201200060941,2012-12-12,2012,décembre,mercredi,07:15,973,97309,0,0,2,3,3,1,1,2,2,02,1,1,0,0,1,0,1,3,1,13,2,3,1,0,2,1,1,201200060941A01,7,16,1,249730045
201200060947,2012-10-17,2012,octobre,mercredi,13:30,974,97440,0,0,2,1,3,1,1,4,2,02,2,2,0,50,1,0,1,3,1,14,5,3,1,0,2,1,1,201200060947A01,7,1,1,
201200060953,2012-02-26,2012,février,dimanche,18:30,973,97304,0,0,2,1,3,2,1,4,2,00,1,1,0,90,1,0,1,3,1,10,5,3,8,0,2,6,1,201200060953B02,7,1,1,200027548
201200060958,2012-01-31,2012,janvier,mardi,15:15,973,97307,0,0,1,1,3,1,3,3,2,02,1,1,0,70,2,0,1,2,1,68,5,3,1,0,2,3,11,201200060958A01,2,1,1,249730045
201200060963,2012-04-05,2012,avril,jeudi,15:15,973,97307,0,0,1,1,1,1,1,2,2,02,1,3,0,72,1,0,1,2,1,46,5,3,1,0,2,8,15,201200060963B02,14,1,1,249730045
201200060972,2012-09-25,2012,septembre,mardi,17:30,973,97307,0,0,1,1,3,1,1,4,2,02,1,1,0,30,1,0,1,3,2,6,5,3,1,0,2,1,15,201200060972A01,1,1,1,249730045
201200060972,2012-09-25,2012,septembre,mardi,17:30,973,97307,0,0,1,1,3,1,1,4,2,02,1,1,0,30,1,0,1,2,1,71,5,3,1,0,2,1,1,201200060972B02,1,15,1,249730045
201200060997,2012-06-05,2012,juin,mardi,17:00,974,97410,0,0,2,6,3,1,1,2,-1,00,1,3,0,0,1,0,1,3,1,52,3,2,2,0,2,6,9,201200060997B02,10,9,1,249740093
201200061016,2012-04-28,2012,avril,samedi,11:15,972,97227,0,0,1,1,5,1,1,2,3,00,1,1,5,55,1,0,1,3,1,18,5,1,2,1,0,1,2,201200061016B02,7,23,1,249720053
201200061016,2012-04-28,2012,avril,samedi,11:15,972,97227,0,0,1,1,5,1,1,2,3,00,1,1,5,55,1,0,1,3,1,18,5,1,2,1,0,1,2,201200061016C03,7,23,1,249720053
201200061027,2012-10-22,2012,octobre,lundi,16:15,972,97227,0,0,1,1,6,1,1,2,2,02,1,1,0,70,1,0,3,3,1,35,5,1,2,0,2,4,1,201200061027B02,,,,249720053
201200061034,2012-05-31,2012,mai,jeudi,09:45,972,97221,0,0,1,1,2,1,1,2,3,02,2,1,5,60,1,0,1,2,1,36,5,1,2,0,2,4,1,201200061034B02,7,12,1,249720053
201200061045,2012-09-30,2012,septembre,dimanche,06:45,972,97207,0,0,2,1,1,1,1,3,2,02,4,2,0,58,1,0,1,3,1,47,5,1,2,0,2,1,1,201200061045B02,34,13,1,249720053
201200061050,2012-09-02,2012,septembre,dimanche,18:45,972,97216,0,0,2,1,4,5,1,2,2,02,2,1,0,60,1,0,1,4,1,18,5,2,4,0,2,1,1,201200061050B02,7,15,1,200041788
201200061050,2012-09-02,2012,septembre,dimanche,18:45,972,97216,0,0,2,1,4,5,1,2,2,02,2,1,0,60,1,0,1,4,1,17,5,2,4,0,2,1,1,201200061050C03,7,15,1,200041788
201200061050,2012-09-02,2012,septembre,dimanche,18:45,972,97216,0,0,2,1,4,5,1,2,2,02,2,1,0,60,1,0,1,4,1,16,5,2,4,0,2,1,1,201200061050D04,7,15,1,200041788
201200061112,2012-08-18,2012,août,samedi,10:45,971,97107,0,0,2,3,3,1,1,4,2,02,1,1,0,0,1,0,1,3,1,58,5,3,9,0,2,1,1,201200061112A01,7,15,1,249710070
201200061113,2012-11-26,2012,novembre,lundi,12:15,971,97107,0,0,2,8,3,1,1,3,2,01,-1,-1,0,60,1,0,1,4,1,15,0,2,9,0,2,1,19,201200061113B01,30,1,1,249710070
201200061130,2012-02-17,2012,février,vendredi,17:00,971,97101,0,0,1,1,6,1,1,4,-1,01,-1,3,0,0,1,0,1,4,1,32,9,3,9,0,0,1,2,201200061130B01,15,2,1,200018653
201200061133,2012-01-22,2012,janvier,dimanche,16:35,971,97107,0,0,2,3,6,1,1,4,2,01,1,-1,0,95,1,0,1,3,2,37,1,1,9,0,2,1,0,201200061133A01,,,,249710070
201200061133,2012-01-22,2012,janvier,dimanche,16:35,971,97107,0,0,2,3,6,1,1,4,2,01,1,-1,0,95,1,0,1,3,1,13,5,3,9,0,2,1,0,201200061133A01,,,,249710070
201200061154,2012-04-03,2012,avril,mardi,19:00,971,97101,0,0,2,9,3,5,1,2,1,00,1,2,0,0,1,0,1,2,1,68,0,3,9,0,2,1,19,201200061154B01,7,1,1,200018653
201200061162,2012-04-20,2012,avril,vendredi,03:49,971,97101,0,0,2,1,2,5,2,2,3,00,1,1,0,0,2,0,1,3,1,36,5,3,9,0,2,4,2,201200061162B01,7,2,1,200018653
201200061163,2012-04-26,2012,avril,jeudi,09:00,971,97101,0,0,1,1,3,1,1,3,1,00,1,1,0,0,1,0,1,4,1,16,4,3,9,0,2,8,5,201200061163B01,7,1,1,200018653
201200061189,2012-06-20,2012,juin,mercredi,15:45,971,97113,0,0,2,1,1,1,1,4,2,00,4,3,0,0,1,0,1,3,1,20,0,3,9,0,2,1,0,201200061189B01,7,1,1,200041507
201200061193,2012-07-01,2012,juillet,dimanche,07:00,971,97101,0,0,1,1,2,1,1,2,1,03,1,1,0,105,1,0,1,4,1,46,5,3,9,0,2,4,1,201200061193B01,7,9,1,200018653
201200061194,2012-07-01,2012,juillet,dimanche,07:50,971,97113,0,0,1,1,2,1,1,2,2,00,1,1,0,100,1,0,5,3,1,38,5,3,9,0,2,4,2,201200061194B01,33,1,1,200041507
201200061199,2012-07-16,2012,juillet,lundi,07:40,971,97113,0,0,1,1,3,1,1,2,3,02,1,1,0,0,1,0,5,2,1,18,1,2,9,0,2,0,2,201200061199B01,10,1,1,200041507
201200061203,2012-07-29,2012,juillet,dimanche,16:30,971,97113,0,0,1,1,1,1,1,2,2,00,1,1,0,0,1,0,1,3,1,14,0,3,9,0,2,8,19,201200061203B01,33,1,1,200041507
201200061232,2012-10-09,2012,octobre,mardi,18:45,971,97101,0,0,1,1,1,5,1,2,2,04,1,1,0,0,2,0,1,2,1,62,0,3,9,0,2,0,0,201200061232B01,7,0,1,200018653
201200061259,2012-12-26,2012,décembre,mercredi,18:45,971,97101,0,0,2,1,3,5,1,2,2,04,1,1,0,120,1,0,1,3,1,64,0,2,4,0,2,8,9,201200061259B01,7,0,1,200018653
201200061298,2012-02-25,2012,février,samedi,13:35,972,97209,0,0,1,1,1,1,1,4,2,02,2,3,0,0,1,0,1,4,1,15,5,2,2,0,2,1,13,201200061298A01,7,1,1,249720061
201200061429,2012-03-09,2012,mars,vendredi,10:45,972,97213,0,0,1,1,2,1,1,9,-1,00,-1,-1,0,0,-1,0,1,4,1,74,5,1,2,0,2,1,0,201200061429B01,7,1,1,249720061
201200061443,2012-05-27,2012,mai,dimanche,14:50,972,97213,0,0,1,1,1,1,1,4,2,02,-1,-1,0,0,1,0,1,3,1,16,0,3,2,0,9,0,0,201200061443B01,32,0,1,249720061
201200061452,2012-07-20,2012,juillet,vendredi,20:15,972,97213,0,0,1,1,1,5,1,3,2,02,-1,-1,0,0,-1,0,1,4,1,55,0,1,9,0,2,1,1,201200061452B01,7,1,1,249720061
201200061478,2012-10-28,2012,octobre,dimanche,14:00,972,97213,0,0,1,6,2,1,1,2,1,02,1,3,0,0,1,0,1,4,1,37,0,1,9,0,2,4,2,201200061478B01,7,2,1,249720061
201200061510,2012-01-06,2012,janvier,vendredi,11:18,973,97302,0,0,1,2,3,1,1,3,2,02,1,1,0,80,1,0,1,4,2,23,0,3,9,0,2,8,19,201200061510B01,10,1,1,249730045
201200061512,2012-01-09,2012,janvier,lundi,19:25,973,97302,0,0,2,6,3,5,1,4,-1,02,1,2,0,69,1,0,1,4,1,20,5,3,9,0,2,1,1,201200061512B01,37,1,1,249730045
201200061522,2012-01-31,2012,janvier,mardi,17:15,973,97302,0,0,2,1,3,1,1,3,-1,01,1,1,0,80,1,0,0,4,2,21,2,3,9,0,0,7,0,201200061522B01,7,0,1,249730045
201200061539,2012-02-15,2012,février,mercredi,08:25,973,97302,0,0,2,1,3,1,1,4,-1,02,1,1,0,40,2,0,1,3,2,14,0,3,9,0,2,6,15,201200061539A01,7,1,1,249730045
201200061557,2012-03-14,2012,mars,mercredi,12:33,973,97302,0,0,2,1,3,1,1,4,2,02,1,1,0,0,1,0,1,4,1,20,9,3,2,0,2,1,1,201200061557B01,7,9,1,249730045
201200061563,2012-03-21,2012,mars,mercredi,18:09,973,97302,0,0,2,1,2,1,1,4,2,01,1,1,0,95,1,0,1,4,1,43,5,3,9,0,2,4,10,201200061563B01,7,1,1,249730045
201200061566,2012-03-23,2012,mars,vendredi,12:20,973,97302,0,0,2,1,3,1,1,3,2,02,1,1,0,60,1,0,1,4,2,13,9,3,9,0,2,0,9,201200061566A01,7,1,1,249730045
201200061566,2012-03-23,2012,mars,vendredi,12:20,973,97302,0,0,2,1,3,1,1,3,2,02,1,1,0,60,1,0,1,4,2,14,2,3,9,0,2,0,9,201200061566A01,7,1,1,249730045
201200061567,2012-03-24,2012,mars,samedi,12:15,973,97302,0,0,2,3,2,1,1,4,2,02,1,3,0,70,1,0,1,4,1,52,0,3,9,0,2,1,1,201200061567B01,7,16,1,249730045
201200061569,2012-03-26,2012,mars,lundi,08:54,973,97302,0,0,1,1,3,1,1,3,2,00,1,1,0,0,1,0,1,4,2,14,2,2,4,0,2,8,13,201200061569B01,7,2,1,249730045
201200061570,2012-03-13,2012,mars,mardi,08:28,973,97302,0,0,2,3,5,1,1,4,2,02,1,1,0,220,1,0,0,4,1,51,0,3,9,0,2,8,1,201200061570B01,7,15,1,249730045
201200061570,2012-03-13,2012,mars,mardi,08:28,973,97302,0,0,2,3,5,1,1,4,2,02,1,1,0,220,1,0,0,4,1,60,0,3,9,0,2,8,1,201200061570C01,7,15,1,249730045
201200061573,2012-04-02,2012,avril,lundi,07:10,973,97302,0,0,1,1,2,1,1,4,2,02,1,1,0,71,1,0,1,4,2,14,2,2,9,0,2,4,19,201200061573A01,7,21,1,249730045
201200061580,2012-04-07,2012,avril,samedi,20:05,973,97302,0,0,2,1,3,5,2,4,-1,02,-1,-1,0,80,1,0,1,4,1,14,0,3,4,0,2,1,2,201200061580B01,7,10,1,249730045
201200061585,2012-04-19,2012,avril,jeudi,09:50,973,97302,0,0,2,1,6,1,1,4,1,02,1,1,0,55,1,0,1,3,1,14,2,2,4,0,2,8,1,201200061585B01,7,1,1,249730045
201200061589,2012-05-02,2012,mai,mercredi,07:43,973,97302,0,0,2,1,3,1,1,4,2,02,1,1,0,0,1,0,5,4,1,8,2,2,2,0,2,8,5,201200061589A01,7,9,1,249730045
201200061622,2012-07-27,2012,juillet,vendredi,19:06,973,97302,0,0,1,1,2,5,1,3,2,02,1,1,0,0,1,0,1,4,1,55,0,3,2,0,2,4,1,201200061622B01,7,0,1,249730045
201200061626,2012-08-03,2012,août,vendredi,19:40,973,97302,0,0,2,1,3,5,1,4,2,02,1,1,0,0,1,0,1,3,1,12,0,3,9,0,2,0,15,201200061626A01,7,1,1,249730045
201200061632,2012-08-13,2012,août,lundi,20:13,973,97302,0,0,2,1,3,5,1,4,2,02,1,1,0,119,1,0,1,3,1,38,0,2,4,0,2,7,19,201200061632A01,7,1,1,249730045
201200061653,2012-09-23,2012,septembre,dimanche,02:00,973,97302,0,0,2,3,2,3,1,4,2,01,1,1,20,70,1,0,0,2,1,20,0,3,9,0,0,4,1,201200061653B01,10,0,1,249730045
201200061655,2012-10-01,2012,octobre,lundi,10:30,973,97302,0,0,2,1,2,1,1,4,1,00,1,3,0,80,1,0,1,4,1,58,1,3,9,0,2,5,2,201200061655A01,7,1,1,249730045
201200061658,2012-10-07,2012,octobre,dimanche,21:00,973,97302,0,0,2,1,3,5,1,3,-1,01,1,-1,0,0,1,0,0,3,1,18,0,3,9,0,2,1,5,201200061658A01,7,1,1,249730045
201200061666,2012-10-23,2012,octobre,mardi,17:55,973,97302,0,0,1,1,2,2,1,2,3,02,1,1,0,80,1,0,1,4,1,35,5,3,9,0,2,4,1,201200061666A01,32,0,1,249730045
201200061672,2012-12-01,2012,décembre,samedi,19:00,973,97302,0,0,2,1,1,5,1,4,1,01,1,1,0,90,1,0,1,4,1,12,3,3,9,0,2,1,1,201200061672B01,99,0,1,249730045
201200061674,2012-12-08,2012,décembre,samedi,13:15,973,97302,0,0,2,1,3,1,1,3,2,01,1,1,0,90,1,0,1,4,2,14,2,3,9,0,2,3,13,201200061674B01,2,1,1,249730045
201200061690,2012-01-22,2012,janvier,dimanche,22:15,974,97407,0,0,1,6,2,3,1,4,2,02,1,1,0,71,1,0,0,3,1,39,9,2,9,0,2,4,1,201200061690B01,7,1,1,249740101
201200061691,2012-01-23,2012,janvier,lundi,16:20,974,97407,0,0,2,1,3,1,1,4,3,02,1,1,45,66,1,0,1,4,1,13,9,2,9,0,9,8,19,201200061691A01,30,1,1,249740101
201200061702,2012-04-02,2012,avril,lundi,07:45,974,97407,0,0,2,1,6,1,1,4,2,02,1,1,0,67,1,0,1,4,1,15,9,2,9,0,2,1,13,201200061702A01,7,1,1,249740101
201200061705,2012-04-13,2012,avril,vendredi,21:10,974,97407,0,0,2,2,3,4,1,4,2,02,1,1,0,72,1,0,1,3,1,18,5,2,9,0,2,1,1,201200061705B01,7,15,1,249740101
201200061714,2012-05-16,2012,mai,mercredi,09:20,974,97407,0,0,2,2,3,1,1,4,2,02,1,1,0,61,1,0,1,4,1,8,5,2,9,0,2,8,19,201200061714B01,7,1,1,249740101
201200061716,2012-05-28,2012,mai,lundi,06:15,974,97407,0,0,2,6,3,2,1,4,2,01,1,2,38,65,1,5,1,4,1,23,5,1,4,0,2,7,1,201200061716B01,7,9,1,249740101
201200061719,2012-06-18,2012,juin,lundi,18:30,974,97407,0,0,2,6,6,2,1,4,1,02,1,2,35,68,1,5,1,4,1,22,1,2,4,0,2,5,1,201200061719B01,7,9,1,249740101
201200061735,2012-07-31,2012,juillet,mardi,16:45,974,97407,0,0,2,3,3,1,1,4,1,01,1,1,0,51,1,0,0,4,1,22,5,2,9,0,2,1,9,201200061735B01,7,1,1,249740101
201200061736,2012-08-06,2012,août,lundi,16:30,974,97407,0,0,2,6,2,1,1,4,1,02,1,2,45,70,1,5,1,4,1,22,5,2,9,0,2,1,1,201200061736A01,7,23,1,249740101
201200061739,2012-08-23,2012,août,jeudi,10:05,974,97407,0,0,2,6,3,1,1,4,1,01,1,2,35,58,1,5,1,4,2,32,9,2,9,0,2,7,1,201200061739B01,7,9,1,249740101
201200061743,2012-09-09,2012,septembre,dimanche,15:20,974,97407,0,0,2,3,3,1,1,4,1,01,1,1,0,42,1,0,0,4,1,15,5,2,9,0,2,1,15,201200061743B01,7,1,1,249740101
201200061744,2012-09-10,2012,septembre,lundi,17:20,974,97407,0,0,2,1,6,1,1,4,2,02,1,1,0,70,3,0,1,3,1,13,5,2,9,0,2,1,13,201200061744B01,7,1,1,249740101
201200061748,2012-09-14,2012,septembre,vendredi,20:20,974,97407,0,0,2,1,6,3,1,4,2,02,1,2,0,58,1,0,1,3,2,13,5,2,4,0,9,4,1,201200061748B01,2,2,1,249740101
201200061762,2012-11-06,2012,novembre,mardi,13:45,974,97407,0,0,1,1,2,1,1,4,3,02,1,1,18,72,1,0,3,3,1,28,9,2,9,1,0,1,1,201200061762A01,7,23,1,249740101
201200061773,2012-12-02,2012,décembre,dimanche,18:10,974,97407,0,0,2,6,3,1,1,4,2,02,1,1,0,70,1,0,0,4,1,43,5,2,9,0,2,7,1,201200061773B01,7,9,1,249740101
201200061799,2012-02-21,2012,février,mardi,06:10,974,97409,0,0,2,2,1,2,3,4,2,01,-1,-1,0,70,1,0,1,4,1,36,0,3,4,0,2,1,1,201200061799B01,7,9,1,249740093
201200061810,2012-03-21,2012,mars,mercredi,17:25,974,97409,0,0,2,1,1,1,1,4,2,01,2,1,0,0,1,0,1,4,1,16,0,2,2,0,2,1,15,201200061810A01,7,2,1,249740093
201200061812,2012-04-12,2012,avril,jeudi,18:00,974,97409,0,0,2,2,6,2,3,4,2,01,1,1,0,70,2,0,1,4,1,45,0,1,4,0,2,1,1,201200061812B01,7,15,1,249740093
201200061812,2012-04-12,2012,avril,jeudi,18:00,974,97409,0,0,2,2,6,2,3,4,2,01,1,1,0,70,2,0,1,4,1,44,0,1,4,0,2,0,1,201200061812C01,7,15,1,249740093
201200061817,2012-04-28,2012,avril,samedi,09:05,974,97409,0,0,2,1,1,1,1,4,2,01,2,-1,0,70,1,0,1,4,1,15,0,3,9,0,2,1,13,201200061817A01,13,1,1,249740093
201200061819,2012-05-04,2012,mai,vendredi,19:50,974,97409,0,0,2,2,2,5,3,4,2,01,1,1,0,70,2,0,1,4,1,18,5,1,4,0,2,1,9,201200061819A01,7,1,1,249740093
201200061825,2012-06-06,2012,juin,mercredi,12:20,974,97409,0,0,2,1,6,1,1,4,2,01,2,1,0,70,1,0,1,1,1,15,2,2,9,0,1,1,,201200061825A01,,,,249740093
201200061825,2012-06-06,2012,juin,mercredi,12:20,974,97409,0,0,2,1,6,1,1,4,2,01,2,1,0,70,1,0,1,1,1,15,2,2,9,0,1,1,,201200061825A01,,,,249740093
201200061825,2012-06-06,2012,juin,mercredi,12:20,974,97409,0,0,2,1,6,1,1,4,2,01,2,1,0,70,1,0,1,4,2,52,0,3,9,0,1,1,,201200061825A01,,,,249740093
201200061835,2012-08-03,2012,août,vendredi,11:00,974,97409,0,0,2,1,1,1,1,4,3,01,2,1,0,35,1,0,1,4,2,49,5,3,9,0,2,1,18,201200061835B01,7,22,1,249740093
201200061838,2012-08-27,2012,août,lundi,13:20,974,97409,0,0,2,2,1,1,6,4,2,01,2,1,0,70,1,0,1,4,1,24,3,3,9,0,2,4,1,201200061838A02,7,9,1,249740093
201200061842,2012-09-03,2012,septembre,lundi,08:55,974,97409,0,0,2,1,1,1,1,4,2,02,1,1,0,70,1,0,1,4,1,60,5,2,4,0,2,0,1,201200061842B01,7,16,1,249740093
201200061849,2012-10-02,2012,octobre,mardi,15:40,974,97409,0,0,2,1,1,1,1,4,2,01,2,1,0,70,1,0,1,3,1,14,0,3,9,0,2,1,19,201200061849A01,7,1,1,249740093
201200061850,2012-10-07,2012,octobre,dimanche,04:15,974,97409,0,0,2,1,6,5,1,4,2,01,2,1,0,70,1,0,1,4,1,24,0,1,9,0,0,0,1,201200061850A01,,,,249740093
201200061858,2012-11-09,2012,novembre,vendredi,11:15,974,97409,0,0,2,1,2,1,1,4,2,01,1,1,0,60,1,0,1,4,1,46,5,3,4,0,2,1,1,201200061858A01,7,23,1,249740093