Num_Acc,date,an,mois,jour,hrmn,dep,com,lat,long,agg,int,col,lum,atm,catr,circ,nbv,prof,plan,lartpc,larrout,surf,infra,situ,grav,sexe,age,trajet,secuexist,equipement,obs,obsm,choc,manv,vehiculeid,typevehicules,manoeuvehicules,numVehicules,_infos_commune.code_epci
201200061867,2012-02-23,2012,février,jeudi,06:50,974,97409,0,0,2,1,1,1,1,4,2,02,2,3,0,41,1,0,1,3,1,40,9,2,2,0,2,1,1,201200061867B01,7,1,1,249740093
201200061872,2012-02-17,2012,février,vendredi,17:10,974,97409,0,0,2,2,1,1,3,4,3,02,2,1,47,145,1,0,1,4,2,17,5,3,9,0,2,1,1,201200061872B01,7,19,1,249740093
201200061873,2012-11-04,2012,novembre,dimanche,14:40,974,97409,0,0,2,3,5,1,1,4,2,01,1,1,0,60,1,0,1,3,1,62,5,3,4,0,0,4,2,201200061873B01,7,1 / 23,2,249740093
201200061878,2012-01-20,2012,janvier,vendredi,10:05,974,97411,0,0,2,1,3,1,1,4,-1,00,-1,-1,0,0,-1,0,1,4,1,19,0,3,9,0,2,1,1,201200061878B01,7,10,1,249740119
201200061924,2012-06-16,2012,juin,samedi,18:00,974,97411,0,0,2,1,2,2,1,4,1,03,1,1,0,30,2,5,1,4,2,50,0,1,4,0,2,8,0,201200061924B01,2,0,1,249740119
201200061928,2012-06-25,2012,juin,lundi,06:15,974,97411,0,0,2,2,1,2,2,4,2,02,2,3,0,67,1,5,1,3,1,26,1,3,9,0,0,0,0,201200061928B01,7,0,1,249740119
201200061986,2012-11-13,2012,novembre,mardi,10:10,974,97411,0,0,2,2,3,1,1,4,1,02,1,1,0,0,1,0,0,4,2,26,1,3,9,0,2,8,15,201200061986B01,7,1,1,249740119
201200062008,2012-01-20,2012,janvier,vendredi,18:15,974,97416,0,0,2,1,4,2,1,4,2,02,1,1,0,60,1,0,1,4,1,17,0,3,9,0,2,1,10,201200062008A01,33 / 7,1,2,249740077
201200062009,2012-01-20,2012,janvier,vendredi,21:05,974,97416,0,0,2,2,3,5,1,3,1,01,1,1,0,60,1,0,1,4,1,15,0,3,9,0,2,1,1,201200062009B01,7,1,1,249740077
201200062021,2012-02-04,2012,février,samedi,18:10,974,97416,0,0,1,1,7,2,1,4,2,02,1,1,0,60,1,0,1,4,1,25,9,3,9,0,0,0,1,201200062021A01,,,,249740077
201200062028,2012-02-16,2012,février,jeudi,16:00,974,97416,0,0,2,1,3,1,1,4,2,02,1,1,0,50,1,0,1,4,1,50,9,3,9,0,2,8,1,201200062028A01,7,1,1,249740077
201200062033,2012-02-22,2012,février,mercredi,07:10,974,97416,0,0,2,1,7,1,1,4,1,01,2,1,0,50,1,0,1,1,1,66,9,3,9,0,1,1,1,201200062033A01,,,,249740077
201200062054,2012-03-18,2012,mars,dimanche,18:40,974,97416,0,0,2,1,7,3,1,4,1,01,1,1,0,50,1,0,1,4,1,12,9,3,9,16,0,0,1,201200062054A01,,,,249740077
201200062057,2012-03-22,2012,mars,jeudi,14:45,974,97416,0,0,1,1,7,1,1,4,2,02,1,1,0,60,1,0,1,4,1,42,9,3,9,16,0,0,1,201200062057A01,,,,249740077
201200062069,2012-03-31,2012,mars,samedi,16:00,974,97416,0,0,2,1,7,1,1,4,1,01,1,1,0,50,1,0,1,4,2,15,0,3,9,16,0,0,1,201200062069A01,,,,249740077
201200062071,2012-04-04,2012,avril,mercredi,14:35,974,97416,0,0,2,1,3,1,1,4,1,01,2,1,0,40,1,0,1,3,1,9,5,3,9,0,2,1,9,201200062071B01,7,1,1,249740077
201200062097,2012-05-02,2012,mai,mercredi,13:05,974,97416,0,0,2,1,7,1,1,4,-1,01,2,1,0,40,1,0,1,4,1,8,0,3,9,16,0,0,1,201200062097A01,,,,249740077
201200062108,2012-05-13,2012,mai,dimanche,08:07,974,97416,0,0,2,3,6,1,1,4,1,01,1,1,0,60,1,0,1,4,1,36,0,3,9,0,2,1,19,201200062108B01,33,15,1,249740077
201200062130,2012-06-16,2012,juin,samedi,17:00,974,97416,0,0,2,1,3,2,1,4,2,02,1,1,0,50,1,0,1,4,1,12,9,3,9,0,2,1,17,201200062130B01,7,1,1,249740077
201200062141,2012-07-20,2012,juillet,vendredi,15:50,974,97416,0,0,2,1,7,1,1,4,2,02,1,1,0,60,1,0,1,4,1,52,9,3,9,0,9,0,1,201200062141A01,,,,249740077
201200062147,2012-07-26,2012,juillet,jeudi,07:15,974,97416,0,0,2,1,3,2,1,4,2,02,1,3,0,50,1,0,1,4,1,22,0,3,4,0,9,1,1,201200062147B01,14,1,1,249740077
201200062153,2012-08-05,2012,août,dimanche,17:50,974,97416,0,0,2,1,6,2,1,4,2,02,1,1,0,40,1,0,1,4,1,11,0,3,4,0,9,0,1,201200062153A01,,,,249740077
201200062154,2012-08-09,2012,août,jeudi,00:25,974,97416,0,0,2,1,7,5,1,3,1,01,1,1,0,80,1,0,1,3,1,31,0,3,4,1,2,2,9,201200062154A01,7,1,1,249740077
201200062158,2012-08-13,2012,août,lundi,10:00,974,97416,0,0,2,1,2,1,1,3,2,02,1,1,50,50,1,0,1,4,1,12,0,3,4,0,2,2,2,201200062158B01,7,15,1,249740077
201200062160,2012-08-15,2012,août,mercredi,01:50,974,97416,0,0,2,1,7,4,1,4,2,02,1,-1,0,40,1,0,1,4,1,37,0,3,9,0,9,0,1,201200062160A01,,,,249740077
201200062164,2012-08-17,2012,août,vendredi,19:30,974,97416,0,0,2,3,1,3,1,4,2,02,1,-1,0,40,1,0,1,4,1,16,9,3,4,0,2,1,9,201200062164B01,7,15,1,249740077
201200062170,2012-09-01,2012,septembre,samedi,18:32,974,97416,0,0,2,1,6,2,1,4,2,02,-1,-1,0,40,1,0,1,3,1,8,5,3,4,0,2,1,1,201200062170B01,7,1,1,249740077
201200062214,2012-10-31,2012,octobre,mercredi,20:50,974,97416,0,0,2,1,3,4,1,4,2,02,1,1,0,30,1,0,1,4,2,16,0,3,9,0,2,1,1,201200062214B01,7,9,1,249740077
201200062217,2012-11-05,2012,novembre,lundi,15:15,974,97416,0,0,2,1,3,1,1,4,2,02,1,1,0,50,1,0,1,4,1,20,9,3,9,0,0,8,1,201200062217B01,7,15,1,249740077
201200062230,2012-11-18,2012,novembre,dimanche,07:15,974,97416,0,0,2,1,3,1,1,3,2,02,1,1,0,60,1,0,1,4,1,51,5,3,9,0,2,3,1,201200062230A01,7,17,1,249740077
201200062249,2012-12-23,2012,décembre,dimanche,06:20,974,97416,0,0,1,1,4,1,1,4,2,02,1,1,0,50,1,0,1,3,1,25,9,3,9,0,2,4,1,201200062249B01,2,1,1,249740077
201200062249,2012-12-23,2012,décembre,dimanche,06:20,974,97416,0,0,1,1,4,1,1,4,2,02,1,1,0,50,1,0,1,3,1,55,5,3,9,0,2,4,1,201200062249A01,2,1,1,249740077
201300000026,2013-07-15,2013,juillet,lundi,16:45,59,59210,50.88696,2.43254,2,1,6,1,7,3,2,02,-1,2,0,0,1,0,1,3,1,50,5,1,2,12,0,1,0,201300000026A01,,,,200040954
201300000050,2013-10-04,2013,octobre,vendredi,08:00,59,59400,50.63939,2.63502,2,1,1,1,1,4,1,00,-1,2,0,60,1,0,4,3,1,14,2,3,1,0,2,1,21,201300000050B02,30,14,1,245900758
201300000056,2013-05-12,2013,mai,dimanche,16:00,59,59135,50.79363,2.48167,2,1,7,1,1,4,2,02,2,1,0,58,1,0,1,3,1,54,5,2,2,0,0,1,1,201300000056A01,,,,200040947
201300000068,2013-06-12,2013,juin,mercredi,18:15,59,59602,50.60966,3.18216,2,1,1,1,1,3,2,00,-1,1,0,60,-1,3,1,3,1,11,0,3,8,0,2,8,0,201300000068B02,7,1,1,200093201
201300000085,2013-05-07,2013,mai,mardi,11:00,59,59036,50.12651,3.93201,2,1,1,1,1,5,-1,00,1,1,0,0,1,0,0,3,2,75,3,3,1,0,2,7,1,201300000085B02,7,20,1,200043263
201300000092,2013-08-15,2013,août,jeudi,11:15,59,59659,50.01505,4.0134,2,1,1,1,1,3,2,02,1,3,0,24,1,0,1,3,1,41,5,1,2,0,2,4,2,201300000092B02,7,2,1,200043404
201300000100,2013-08-22,2013,août,jeudi,17:00,59,59353,50.24071,3.71279,1,1,2,1,1,3,2,02,1,1,0,0,1,0,1,4,2,59,5,2,2,0,0,4,1,201300000100B02,7,1,1,200043321
201300000131,2013-12-19,2013,décembre,jeudi,18:00,59,59139,50.12093,3.40746,1,1,1,5,1,4,2,00,1,1,0,0,1,0,1,3,1,11,5,2,2,0,2,4,0,201300000131B02,10,1,1,200030633
201300000140,2013-12-10,2013,décembre,mardi,16:15,59,59377,50.10035,3.15972,1,1,3,1,7,3,2,02,-1,1,0,61,1,0,1,3,1,70,5,1,2,0,2,0,1,201300000140A01,1,1,1,200068500
201300000140,2013-12-10,2013,décembre,mardi,16:15,59,59377,50.10035,3.15972,1,1,3,1,7,3,2,02,-1,1,0,61,1,0,1,3,1,64,5,2,2,0,2,0,1,201300000140B02,1,1,1,200068500
201300000142,2013-03-29,2013,mars,vendredi,16:45,59,59289,50.21759,3.47978,2,7,6,1,1,6,-1,00,-1,-1,0,0,-1,0,0,1,1,14,2,3,1,0,1,1,5,201300000142A01,,,,245901038
201300000142,2013-03-29,2013,mars,vendredi,16:45,59,59289,50.21759,3.47978,2,7,6,1,1,6,-1,00,-1,-1,0,0,-1,0,0,3,1,4,2,3,8,0,1,1,5,201300000142A01,,,,245901038
201300000185,2013-07-22,2013,juillet,lundi,21:45,62,62068,0,0,2,1,3,2,1,3,2,02,2,1,0,73,1,0,1,3,1,15,5,2,2,0,2,4,0,201300000185B02,7,17,1,200035442
201300000192,2013-09-26,2013,septembre,jeudi,18:30,62,62213,50.375,2.719,1,1,1,1,1,4,2,02,4,1,0,0,1,0,1,3,1,43,5,1,2,0,2,1,19,201300000192B02,7,0,1,246200364
201300000193,2013-09-29,2013,septembre,dimanche,17:00,62,62213,50.372,2.725,1,2,3,1,1,4,2,02,4,1,0,57,1,0,1,3,1,18,5,1,2,0,2,1,1,201300000193B02,7,1,1,246200364
201300000212,2013-07-06,2013,juillet,samedi,14:15,62,62720,0,0,1,1,6,1,1,3,2,00,2,3,0,58,1,0,1,3,1,15,5,3,1,0,2,1,1,201300000212A01,7,1,1,200072460
201300000214,2013-08-28,2013,août,mercredi,16:15,62,62491,0,0,1,1,3,1,1,3,2,02,1,1,0,40,1,0,1,3,1,54,5,3,1,0,2,8,15,201300000214B02,7,17,1,245900758
201300000265,2013-11-09,2013,novembre,samedi,11:30,62,62038,0,0,2,6,3,1,8,3,2,02,1,1,0,0,2,5,1,3,1,68,5,1,2,0,2,7,2,201300000265B02,7,2,1,200072478
201300000269,2013-04-28,2013,avril,dimanche,10:00,62,62760,0,0,1,3,3,1,1,3,2,02,3,1,56,56,1,0,3,3,1,23,5,1,2,0,2,8,15,201300000269B02,14,1,1,200069037
201300000336,2013-08-16,2013,août,vendredi,15:30,80,80505,0,0,1,1,2,1,1,3,2,02,4,1,0,63,1,0,1,3,1,61,5,1,2,0,2,4,1,201300000336B02,10,1,1,248000747
201300000339,2013-10-28,2013,octobre,lundi,17:45,80,80615,0,0,1,1,4,2,2,3,2,02,-1,1,0,72,2,0,1,2,1,63,5,1,2,0,0,4,1,201300000339C03,7 / 17,17 / 1,2,248000747
201300000348,2013-07-15,2013,juillet,lundi,14:40,02,02238,49.6088,3.5123,2,9,3,1,1,3,2,02,1,3,0,0,1,0,1,4,1,12,5,2,2,0,2,1,9,201300000348B02,10,1,1,200043495
201300000356,2013-04-07,2013,avril,dimanche,16:00,02,02632,0,0,1,1,5,1,1,3,2,02,1,3,0,0,1,0,1,4,1,22,5,1,2,0,2,1,5,201300000356B02,7,1,1,200071769
201300000356,2013-04-07,2013,avril,dimanche,16:00,02,02632,0,0,1,1,5,1,1,3,2,02,1,3,0,0,1,0,1,4,1,22,5,1,2,0,2,1,5,201300000356C03,7,1,1,200071769
201300000356,2013-04-07,2013,avril,dimanche,16:00,02,02632,0,0,1,1,5,1,1,3,2,02,1,3,0,0,1,0,1,4,1,37,5,1,2,0,2,0,5,201300000356D04,7,1,1,200071769
201300000414,2013-04-15,2013,avril,lundi,14:00,60,60143,0,0,1,1,2,1,1,3,-1,02,1,1,0,0,1,0,1,3,1,52,5,1,2,0,0,6,1,201300000414B02,14,1,1,246000707
201300000437,2013-08-29,2013,août,jeudi,18:00,60,60685,0,0,2,1,1,1,1,4,2,02,4,2,0,53,1,0,1,3,1,15,5,1,2,0,2,7,13,201300000437A01,7,1,1,200067973
201300000447,2013-10-03,2013,octobre,jeudi,09:45,60,60007,0,0,2,9,1,1,1,4,3,00,1,-1,0,68,1,0,1,2,1,60,5,2,2,0,2,1,19,201300000447A01,37,1,1,246000376
201300000452,2013-09-17,2013,septembre,mardi,17:30,60,60465,0,0,1,1,2,3,3,3,2,02,-1,1,0,75,2,0,1,3,1,22,5,2,4,0,2,4,1,201300000452A01,7,1,1,200068005
201300000462,2013-01-02,2013,janvier,mercredi,13:30,60,60439,0,0,2,6,2,1,1,3,1,02,1,-1,0,85,1,5,1,3,1,65,5,1,2,0,2,4,1,201300000462B02,10,2,1,246000376
201300000475,2013-05-19,2013,mai,dimanche,01:15,60,60537,49.51,2.929,1,1,6,5,2,3,2,02,1,3,0,70,2,0,1,3,2,14,5,1,2,0,2,3,1,201300000475A01,,,,246000772
201300000476,2013-07-31,2013,juillet,mercredi,18:15,60,60188,0,0,1,1,1,1,1,4,-1,02,1,1,42,0,1,0,1,3,1,60,5,1,2,0,2,1,1,201300000476B02,7,13,1,246000749
201300000502,2013-10-06,2013,octobre,dimanche,10:00,60,60124,0,0,2,1,3,1,1,3,2,00,1,1,0,60,1,0,1,4,1,63,5,1,2,0,2,8,1,201300000502B02,21,21,1,246000855
201300000518,2013-01-11,2013,janvier,vendredi,19:30,60,60612,0,0,2,3,1,5,2,4,2,02,1,1,,,1,0,1,4,2,45,5,1,4,0,2,1,1,201300000518B02,7,15,1,200066975
201300000571,2013-02-16,2013,février,samedi,16:30,76,76547,49.56143,1.26409,1,2,3,1,1,3,2,02,1,1,0,0,1,0,1,3,1,62,5,1,2,0,0,7,1,201300000571A01,7,16,1,200070449
201300000628,2013-06-20,2013,juin,jeudi,23:45,76,76647,49.52802,0.33755,1,1,5,3,2,3,2,03,1,1,0,0,2,0,1,3,1,22,5,2,2,0,0,4,2,201300000628C03,7,2,1,200084952
201300000628,2013-06-20,2013,juin,jeudi,23:45,76,76647,49.52802,0.33755,1,1,5,3,2,3,2,03,1,1,0,0,2,0,1,2,1,33,5,1,2,0,0,4,2,201300000628B02,7,2,1,200084952
201300000631,2013-09-08,2013,septembre,dimanche,11:15,76,76303,49.56093,0.37468,1,1,3,1,1,3,2,02,1,1,0,51,1,0,1,4,1,69,5,1,4,0,2,3,13,201300000631A01,7,1,1,200084952
201300000632,2013-10-07,2013,octobre,lundi,17:00,76,76303,49.55452,0.36336,2,6,3,1,1,3,2,00,1,-1,0,0,1,5,1,3,1,55,5,1,2,0,2,1,1,201300000632B02,7,9,1,200084952
201300000652,2013-08-08,2013,août,jeudi,14:00,76,76276,49.61239,1.5479,2,3,3,1,1,3,2,00,1,1,0,78,1,0,1,3,1,12,5,1,4,0,2,8,19,201300000652A01,7,1,1,200069730
201300000675,2013-09-26,2013,septembre,jeudi,10:00,76,76057,49.54498,0.95755,2,3,1,1,2,3,2,02,1,3,0,0,1,0,1,3,2,64,5,1,4,0,2,1,0,201300000675B02,99,1,1,247600646
201300000679,2013-01-23,2013,janvier,mercredi,14:30,76,76664,49.78975,0.67717,1,1,3,1,1,3,2,02,1,1,0,59,1,0,1,4,1,13,5,1,4,0,2,7,2,201300000679B02,7,2,1,200069839
201300000686,2013-06-02,2013,juin,dimanche,13:00,76,76529,49.72065,0.54248,1,1,1,1,1,3,2,02,-1,3,0,0,1,0,1,3,2,52,5,1,2,0,2,8,1,201300000686B02,7,13,1,200069821
201300000717,2013-11-29,2013,novembre,vendredi,07:00,27,27198,0,0,2,3,3,5,1,3,2,02,2,1,0,65,1,5,1,3,1,84,5,2,4,0,0,6,1,201300000717A01,7,15,1,200066462
201300000768,2013-04-07,2013,avril,dimanche,16:30,27,27015,49.135,1.144,2,1,1,1,1,3,2,02,1,1,45,0,1,0,1,3,1,16,5,3,1,0,2,1,1,201300000768B02,7,1,1,200089456
201300000779,2013-07-01,2013,juillet,lundi,09:00,27,27458,0,0,1,1,2,1,1,3,2,02,2,1,0,55,1,0,1,3,1,56,5,3,1,0,0,6,1,201300000779B02,7,17,1,200089456
201300000786,2013-07-08,2013,juillet,lundi,18:15,27,27518,0,0,1,1,2,1,1,9,-1,00,1,1,0,30,9,0,3,3,1,12,5,3,1,0,2,4,1,201300000786B02,31,1,1,200066405
201300000788,2013-07-18,2013,juillet,jeudi,15:30,27,27467,0,0,2,1,1,1,1,4,-1,02,1,1,0,65,1,0,1,3,1,38,5,2,2,0,2,8,1,201300000788B02,7,15,1,200065787
201300000807,2013-08-09,2013,août,vendredi,12:30,27,27103,49.204,0.492,1,1,3,1,1,3,2,02,2,1,0,59,1,0,1,3,1,16,3,2,4,0,2,3,15,201300000807B02,10,17,1,200066405
201300000809,2013-10-30,2013,octobre,mercredi,18:45,27,27316,0,0,1,3,3,3,1,3,2,02,1,1,0,70,1,0,1,3,1,82,5,2,2,0,2,1,15,201300000809B02,7,1,1,200066405
201300000813,2013-07-24,2013,juillet,mercredi,19:00,27,27587,0,0,1,1,2,2,3,3,2,02,2,1,0,62,2,0,1,3,1,70,5,1,2,0,0,4,13,201300000813B02,7,14,1,200065787
201300000827,2013-12-23,2013,décembre,lundi,17:40,35,35117,48.16006,-2.21174,1,1,1,3,3,3,2,00,1,1,0,70,2,0,1,3,1,24,5,2,4,0,2,0,15,201300000827B02,7,17,1,200038990
201300000841,2013-06-25,2013,juin,mardi,12:00,35,35137,48.30619,-1.16874,1,1,1,1,1,3,2,00,1,4,0,67,1,0,1,3,1,34,5,1,9,0,2,1,1,201300000841B02,7,13,1,200072452
201300000864,2013-03-18,2013,mars,lundi,18:45,35,35343,0,0,1,1,6,2,1,3,2,00,1,1,0,0,1,0,1,3,1,67,5,1,4,0,0,8,0,201300000864B02,,,,200070662
201300000869,2013-07-21,2013,juillet,dimanche,12:00,35,35012,0,0,2,1,1,1,7,3,2,00,-1,3,50,0,1,0,1,3,1,50,5,3,1,0,2,1,13,201300000869A01,7,0,1,200070662
201300000889,2013-10-17,2013,octobre,jeudi,14:15,35,35255,48.61994,-1.85137,2,1,3,1,1,3,2,00,-1,-1,0,0,1,0,1,3,1,63,5,1,2,0,2,8,1,201300000889B02,7,15,1,243500782
201300000909,2013-09-22,2013,septembre,dimanche,08:15,35,35006,48.05611,-1.13177,2,1,2,1,7,3,2,02,1,1,0,60,1,0,1,3,1,51,5,1,2,0,0,4,1,201300000909B02,7,1,1,200039022
201300001002,2013-07-12,2013,juillet,vendredi,11:15,22,22123,48.43562,-2.06788,2,1,2,1,1,4,2,02,1,1,0,60,1,0,1,3,1,62,5,1,2,0,2,4,1,201300001002B02,3,2,1,
201300001008,2013-12-20,2013,décembre,vendredi,11:15,22,22050,48.45295,-2.05663,2,2,3,1,7,4,2,02,1,1,0,0,1,5,1,3,1,61,5,1,2,0,2,8,1,201300001008B02,7,15,1,200068989
201300001041,2013-07-03,2013,juillet,mercredi,09:00,22,22137,48.29353,-3.44279,1,3,4,1,2,3,2,02,1,1,0,65,2,5,1,4,1,68,5,1,2,0,2,1,1,201300001041B02,7,15,1,242200715
201300001041,2013-07-03,2013,juillet,mercredi,09:00,22,22137,48.29353,-3.44279,1,3,4,1,2,3,2,02,1,1,0,65,2,5,1,4,1,68,5,1,2,0,2,1,2,201300001041C03,7,15,1,242200715
201300001045,2013-04-18,2013,avril,jeudi,20:15,22,22226,48.69386,-3.5236,1,1,2,1,1,3,2,02,2,1,0,80,1,0,1,3,2,14,5,2,9,0,2,4,13,201300001045B02,7,17,1,200065928
201300001056,2013-08-14,2013,août,mercredi,19:45,22,22194,48.67058,-3.58521,1,3,3,2,7,3,2,02,1,1,0,50,1,0,1,4,1,50,5,1,9,0,2,8,1,201300001056B02,10,15,1,200065928
201300001058,2013-01-27,2013,janvier,dimanche,10:30,22,22152,48.77,-3.28,1,1,2,1,6,3,2,02,1,1,0,70,2,0,1,3,1,64,5,1,2,0,2,1,1,201300001058B02,1,1,1,200065928
201300001058,2013-01-27,2013,janvier,dimanche,10:30,22,22152,48.77,-3.28,1,1,2,1,6,3,2,02,1,1,0,70,2,0,1,1,1,63,5,1,2,0,2,4,1,201300001058A01,1,1,1,200065928
201300001068,2013-05-07,2013,mai,mardi,13:30,29,29216,47.99386,-4.19119,1,1,2,1,1,3,2,03,1,1,7,115,1,5,1,3,1,36,5,1,2,0,2,4,1,201300001068B02,7,1,1,200068120
201300001121,2013-02-20,2013,février,mercredi,14:30,29,29149,48.49077,-4.5745,1,1,3,1,1,4,2,02,1,3,0,42,1,0,1,4,2,23,5,1,2,0,2,3,1,201300001121B02,21,1,1,
201300001155,2013-11-16,2013,novembre,samedi,17:45,29,29207,48.53481,-3.79048,2,6,1,2,1,3,1,00,-1,2,0,0,1,0,1,3,1,41,5,2,4,0,2,2,15,201300001155B02,7,9,1,242900835
201300001164,2013-02-19,2013,février,mardi,08:45,29,29184,48.67064,-3.98703,2,1,3,1,7,4,2,02,1,2,0,58,1,0,1,3,1,72,5,1,2,0,2,1,1,201300001164B02,10,15,1,200067072
201300001167,2013-08-21,2013,août,mercredi,17:00,29,29273,48.68964,-4.0288,1,1,3,1,1,3,2,02,1,1,0,53,1,0,1,3,2,65,5,2,2,0,2,3,2,201300001167A01,10,17,1,200067072
201300001172,2013-08-03,2013,août,samedi,18:00,56,56157,0,0,1,2,3,1,1,3,2,00,-1,1,67,0,1,0,1,3,1,88,5,2,2,0,2,1,19,201300001172A01,7,1,1,200067932
201300001187,2013-08-09,2013,août,vendredi,14:30,56,56001,0,0,1,1,7,1,1,3,3,02,1,1,0,64,1,0,1,3,1,39,5,1,2,0,2,8,1,201300001187A01,,,,243500741
201300001193,2013-07-14,2013,juillet,dimanche,10:45,56,56155,47.467,-2.477,1,1,1,2,1,3,2,02,-1,1,0,69,1,0,1,3,1,59,5,1,9,0,0,4,2,201300001193B02,7,2,1,244400610
201300001210,2013-06-18,2013,juin,mardi,17:00,56,56007,47.66345,-2.99715,2,1,1,1,1,4,2,00,2,1,0,75,1,0,1,3,2,68,5,2,2,0,2,3,21,201300001210B02,7,1,1,200043123
201300001229,2013-08-19,2013,août,lundi,11:15,56,56069,0,0,2,1,3,1,1,3,2,02,1,1,0,60,1,0,1,3,2,46,3,3,1,0,2,7,1,201300001229B02,7,19,1,200042174
201300001241,2013-08-09,2013,août,vendredi,19:15,56,56249,0,0,2,1,1,1,1,3,2,00,2,2,0,64,1,0,1,4,1,64,5,1,2,0,2,8,1,201300001241B02,7,17,1,200066777
201300001267,2013-11-11,2013,novembre,lundi,11:15,56,56172,0,0,1,1,3,1,2,3,2,02,2,1,0,59,2,0,1,3,1,59,5,1,2,0,0,8,1,201300001267B02,7,1,1,200096683
201300001296,2013-07-27,2013,juillet,samedi,00:30,14,14015,0,0,1,1,1,3,1,3,2,00,1,1,0,27,1,0,1,4,1,51,5,1,4,0,2,1,1,201300001296B02,32,5,1,241400860
201300001298,2013-08-04,2013,août,dimanche,15:15,14,14066,0,0,1,3,3,1,7,3,2,00,1,1,0,62,1,0,1,2,1,57,5,1,2,0,2,8,15,201300001298B02,7,1,1,241400860
201300001306,2013-10-13,2013,octobre,dimanche,12:00,14,14747,0,0,1,1,2,1,8,3,2,02,2,1,0,60,1,0,1,3,1,72,5,2,2,0,0,4,2,201300001306B02,7,2,1,200066728
201300001309,2013-11-07,2013,novembre,jeudi,17:00,14,14266,0,0,1,1,7,1,3,3,2,01,2,4,0,0,2,0,1,3,1,62,5,3,1,12,0,0,1,201300001309A01,,,,200066728
201300001316,2013-09-08,2013,septembre,dimanche,10:30,14,14100,49.064,-0.31,1,1,2,1,1,3,2,02,1,1,0,60,1,0,1,4,1,72,5,1,2,0,2,4,1,201300001316B02,7,1,1,200066710
201300001319,2013-12-05,2013,décembre,jeudi,17:30,14,14057,49.138,-0.201,1,1,1,3,1,3,2,02,1,2,0,42,1,0,1,3,1,41,0,2,4,0,2,8,1,201300001319B02,7,1,1,200065589
201300001327,2013-09-07,2013,septembre,samedi,14:45,14,14336,0,0,2,1,3,1,1,3,2,02,1,1,0,68,1,0,1,2,1,74,5,1,2,0,2,8,1,201300001327B02,7,14,1,200069516
201300001332,2013-03-26,2013,mars,mardi,09:30,14,14680,49.2991,-0.73166,1,2,3,1,1,3,2,02,1,1,0,0,1,0,1,3,1,58,5,1,2,0,2,8,10,201300001332B02,7,1,1,241400555
201300001338,2013-02-19,2013,février,mardi,17:00,14,14298,0,0,1,1,1,1,1,3,2,02,1,1,0,70,1,0,1,3,1,55,5,3,1,0,0,4,2,201300001338B02,7,2,1,200066801
201300001356,2013-02-21,2013,février,jeudi,09:10,14,14654,49.0203,-0.03478,2,3,3,1,7,4,2,02,1,1,0,42,1,0,1,2,1,82,3,3,9,0,2,7,15,201300001356B02,7,1,1,200069532
201300001361,2013-09-10,2013,septembre,mardi,12:15,14,14654,0,0,2,1,2,1,1,3,3,00,-1,1,0,0,1,0,1,3,1,65,3,3,1,0,0,4,0,201300001361B02,7,0,1,200069532
201300001363,2013-12-02,2013,décembre,lundi,07:00,14,14431,0,0,2,1,1,5,1,3,2,02,4,1,0,0,1,0,1,3,2,17,9,3,1,0,2,1,1,201300001363B02,7,1,1,200069532
201300001436,2013-08-12,2013,août,lundi,07:45,50,50554,48.6788,-1.29047,1,1,2,1,7,3,2,02,1,1,0,58,1,0,1,3,1,68,5,1,2,0,0,6,2,201300001436B01,7,2,1,200069425
201300001453,2013-03-30,2013,mars,samedi,11:00,50,50337,48.4576,-1.38579,1,1,3,1,1,3,2,02,1,-1,0,39,1,0,1,2,1,61,5,3,1,0,0,0,1,201300001453B01,21,17,1,
201300001517,2013-06-19,2013,juin,mercredi,18:30,50,50151,49.1902,-1.57198,1,2,3,1,1,3,2,02,1,1,0,63,1,0,1,3,1,8,5,3,1,0,2,7,19,201300001517B01,10,1,1,200067031
201300001518,2013-06-24,2013,juin,lundi,19:15,50,50617,49.337,-1.49635,2,2,3,1,1,3,2,02,1,1,0,43,1,0,1,4,2,12,5,3,9,0,2,1,19,201300001518A01,7,1,1,200067031
201300001524,2013-09-07,2013,septembre,samedi,11:15,50,50586,49.2851,-1.65469,1,1,1,1,7,3,2,02,2,4,0,44,1,0,1,3,1,49,5,1,2,0,2,1,1,201300001524B01,7,1,1,
201300001541,2013-05-13,2013,mai,lundi,19:00,50,50484,48.5776,-1.09426,2,2,6,1,1,3,2,02,1,1,0,82,1,0,1,4,1,46,5,2,2,0,2,1,1,201300001541B01,7,16,1,200069425
201300001566,2013-03-27,2013,mars,mercredi,08:15,01,01053,0,0,2,1,2,1,1,4,2,02,1,1,0,49,1,0,1,4,2,24,1,3,9,0,0,4,2,201300001566B01,7,2,1,200071751
201300001575,2013-04-17,2013,avril,mercredi,17:48,01,01053,0,0,2,2,6,1,1,4,2,02,1,1,0,60,1,0,1,4,1,14,5,3,9,0,2,1,19,201300001575B01,7,16,1,200071751
201300001600,2013-07-05,2013,juillet,vendredi,10:00,01,01451,46.2396,5.27599,1,1,3,1,1,3,2,02,1,1,0,0,1,0,1,4,1,68,5,3,2,0,2,8,1,201300001600B01,7,15,1,200071751
201300001606,2013-07-14,2013,juillet,dimanche,15:10,01,01053,46.2209,5.2492,1,6,3,1,1,3,2,02,1,1,0,68,1,5,1,4,2,26,5,3,8,0,2,8,1,201300001606B01,7,16,1,200071751