Num_Acc,date,an,mois,jour,hrmn,dep,com,lat,long,agg,int,col,lum,atm,catr,circ,nbv,prof,plan,lartpc,larrout,surf,infra,situ,grav,sexe,age,trajet,secuexist,equipement,obs,obsm,choc,manv,vehiculeid,typevehicules,manoeuvehicules,numVehicules,_infos_commune.code_epci
201300005732,2013-07-24,2013,juillet,mercredi,14:45,03,03190,0,0,2,3,3,1,1,4,2,02,1,1,0,50,1,0,1,4,2,18,1,2,2,0,2,1,1,201300005732A01,7,15,1,200071140
201300005756,2013-03-04,2013,mars,lundi,12:15,57,57433,49.20591,6.1611,2,1,1,1,1,3,2,00,1,1,0,108,1,0,1,4,1,40,1,1,4,0,2,1,1,201300005756B02,7,15,1,200039949
201300005788,2013-08-03,2013,août,samedi,17:15,57,57018,0,0,1,1,1,1,1,3,2,00,1,1,0,0,1,0,1,3,1,62,0,2,2,0,0,4,15,201300005788B02,7,1,1,245701206
201300005814,2013-10-09,2013,octobre,mercredi,21:45,57,57560,0,0,1,1,2,3,1,3,2,02,1,3,0,65,1,0,1,3,1,31,5,2,4,0,0,4,1,201300005814B02,7,1,1,200067502
201300005815,2013-07-24,2013,juillet,mercredi,16:30,57,57544,0,0,1,1,5,1,1,3,2,00,2,1,0,62,1,0,1,3,1,64,5,1,2,0,2,8,1,201300005815C03,7,17,1,200068146
201300005815,2013-07-24,2013,juillet,mercredi,16:30,57,57544,0,0,1,1,5,1,1,3,2,00,2,1,0,62,1,0,1,4,1,66,5,1,2,0,2,8,1,201300005815B02,7,17,1,200068146
201300005824,2013-06-19,2013,juin,mercredi,17:30,57,57244,0,0,1,1,7,1,1,3,2,02,2,1,0,59,1,0,1,3,1,61,5,3,1,5,0,1,1,201300005824A01,,,,245700950
201300005840,2013-01-13,2013,janvier,dimanche,18:15,57,57117,0,0,1,1,1,3,2,3,2,02,1,1,0,62,2,0,1,3,1,18,5,2,4,0,2,1,1,201300005840B02,7,17,1,245701354
201300005844,2013-04-16,2013,avril,mardi,15:45,57,57067,0,0,2,1,2,1,1,3,2,00,3,1,0,70,1,2,1,3,1,60,0,1,2,0,0,4,0,201300005844B02,7,0,1,245701354
201300005865,2013-04-03,2013,avril,mercredi,18:15,54,54320,48.86839,6.09358,1,1,2,1,1,3,2,02,1,1,0,60,1,0,1,3,1,32,5,1,2,0,0,4,1,201300005865A01,7,0,1,200041515
201300005898,2013-04-24,2013,avril,mercredi,13:15,54,54563,48.49524,6.09522,1,1,1,1,1,3,2,02,1,3,0,55,1,0,1,3,1,13,5,3,8,0,2,8,13,201300005898A01,7,17,1,200035772
201300005906,2013-09-24,2013,septembre,mardi,19:00,54,54397,0,0,2,6,3,1,1,3,4,01,1,3,0,0,1,0,1,4,2,63,5,1,2,0,2,5,12,201300005906B02,7,15,1,245400171
201300005922,2013-05-04,2013,mai,samedi,19:00,03,03310,0,0,2,3,6,1,1,4,2,02,-1,1,0,60,1,0,1,4,2,12,5,3,2,0,2,2,1,201300005922A01,7,1,1,200071363
201300005925,2013-06-05,2013,juin,mercredi,10:30,03,03310,0,0,2,1,6,1,1,4,2,02,1,1,0,60,1,0,1,1,1,78,5,3,2,0,1,1,1,201300005925A01,,,,200071363
201300005949,2013-10-17,2013,octobre,jeudi,09:45,03,03310,0,0,2,3,6,1,1,3,2,02,1,4,0,90,1,5,0,2,1,45,1,1,4,0,2,8,1,201300005949B01,17,16,1,200071363
201300005955,2013-11-05,2013,novembre,mardi,13:30,03,03310,0,0,2,2,3,1,2,4,3,04,1,1,31,166,2,5,1,4,1,14,5,2,4,0,2,8,1,201300005955B01,10,15,1,200071363
201300005967,2013-12-11,2013,décembre,mercredi,12:15,03,03310,0,0,2,1,3,1,1,4,1,01,1,1,0,50,1,0,1,4,2,59,5,2,2,1,0,1,1,201300005967B01,7,22,1,200071363
201300005977,2013-10-23,2013,octobre,mercredi,16:00,54,54171,49.156,5.906,1,1,5,1,8,3,2,03,2,1,0,145,2,5,1,3,2,21,5,1,2,0,2,1,1,201300005977C03,7,15,1,200070845
201300005977,2013-10-23,2013,octobre,mercredi,16:00,54,54171,49.156,5.906,1,1,5,1,8,3,2,03,2,1,0,145,2,5,1,3,1,62,5,1,2,0,2,1,1,201300005977D04,7,15,1,200070845
201300005977,2013-10-23,2013,octobre,mercredi,16:00,54,54171,49.156,5.906,1,1,5,1,8,3,2,03,2,1,0,145,2,5,1,3,1,65,5,1,2,0,2,1,1,201300005977B02,7,15,1,200070845
201300006032,2013-10-07,2013,octobre,lundi,19:15,55,55573,0,0,1,6,3,2,1,3,1,02,1,2,0,82,1,5,1,4,1,35,5,1,4,0,2,7,1,201300006032A01,7,1,1,200066157
201300006039,2013-06-08,2013,juin,samedi,10:00,55,55102,49.207,5.336,1,1,2,1,1,3,2,00,1,1,0,63,1,0,1,3,1,61,5,1,2,0,2,0,2,201300006039B02,7,2,1,200049187
201300006041,2013-08-26,2013,août,lundi,09:15,55,55154,0,0,2,3,3,1,1,3,-1,00,2,1,0,56,1,0,1,4,2,16,5,2,2,0,2,1,1,201300006041B02,7,1,1,200066165
201300006089,2013-01-24,2013,janvier,jeudi,10:15,88,88465,48.25172,6.41965,2,1,3,1,8,3,2,00,1,1,0,65,1,0,1,3,1,47,5,3,1,0,2,1,1,201300006089B02,7,9,1,200068757
201300006097,2013-07-11,2013,juillet,jeudi,09:30,88,88465,48.24911,6.42193,2,1,3,1,1,3,2,01,1,1,0,0,1,0,1,3,2,30,5,2,2,0,0,1,1,201300006097B02,7,2,1,200068757
201300006098,2013-06-16,2013,juin,dimanche,08:15,88,88465,48.25334,6.41128,1,1,1,1,1,4,2,02,1,1,0,73,1,0,1,3,2,81,5,1,9,0,2,1,1,201300006098B02,7,11,1,200068757
201300006099,2013-07-30,2013,juillet,mardi,16:00,88,88204,48.25574,6.43486,2,1,1,1,1,3,2,02,-1,1,0,70,-1,0,1,4,1,46,5,1,2,0,2,2,17,201300006099B02,7,11,1,
201300006106,2013-09-25,2013,septembre,mercredi,15:30,88,88225,0,0,2,1,3,1,1,3,2,00,-1,1,0,56,1,0,1,3,1,10,0,1,2,0,2,1,19,201300006106B02,10,1,1,200068757
201300006111,2013-07-05,2013,juillet,vendredi,12:00,88,88137,48.34399,5.81293,1,1,1,1,1,3,2,02,2,3,0,51,1,0,1,3,1,73,5,1,2,0,0,1,0,201300006111B02,7,1,1,200068559
201300006112,2013-07-07,2013,juillet,dimanche,12:00,88,88270,48.30535,5.55738,1,1,6,1,6,3,2,02,1,1,0,75,1,0,1,2,1,32,5,1,2,,2,,1,201300006112A02,7,1,1,200068559
201300006116,2013-08-14,2013,août,mercredi,14:00,88,88321,48.37057,5.69779,2,1,1,1,1,4,2,02,1,3,0,53,-1,0,1,3,1,61,5,1,2,0,2,1,1,201300006116B02,7,1,1,200068559
201300006127,2013-08-31,2013,août,samedi,18:00,88,88058,48.32275,5.95362,2,2,1,1,1,3,2,02,1,4,0,65,1,0,1,3,1,12,5,1,9,0,2,1,13,201300006127B02,7,1,1,200068369
201300006136,2013-12-13,2013,décembre,vendredi,16:15,88,88114,48.18884,5.8829,1,6,3,2,5,3,1,01,-1,2,0,0,2,5,1,3,1,67,5,1,4,0,0,1,1,201300006136B02,10,9,1,200068682
201300006138,2013-10-03,2013,octobre,jeudi,13:15,88,88148,48.0042,6.63321,1,1,3,1,1,3,2,02,-1,1,0,62,1,0,1,3,1,48,5,2,2,0,2,8,15,201300006138A01,7,17,1,200068377
201300006154,2013-09-20,2013,septembre,vendredi,15:00,88,88445,48.23789,6.96539,2,3,1,1,1,3,2,02,-1,2,0,70,1,0,1,3,1,27,5,2,2,0,2,1,5,201300006154B02,7,1,1,200071066
201300006172,2013-04-18,2013,avril,jeudi,08:00,88,88451,48.38953,6.95533,2,1,2,1,1,3,2,02,1,1,0,77,1,0,1,3,1,73,5,1,9,0,0,4,1,201300006172B02,7,1,1,200071066
201300006192,2013-10-26,2013,octobre,samedi,07:15,67,67028,0,0,2,1,3,3,1,4,2,02,1,1,0,43,1,0,1,3,1,48,1,3,1,0,2,1,19,201300006192A01,7,1,1,200067924
201300006197,2013-08-05,2013,août,lundi,18:30,67,67268,48.496,7.668,2,1,1,1,7,4,2,02,1,1,0,54,1,0,1,3,2,49,5,2,2,0,0,8,0,201300006197B02,7,1,1,246700488
201300006205,2013-05-18,2013,mai,samedi,16:30,67,67130,0,0,1,1,3,1,1,3,2,02,-1,1,0,64,1,0,1,3,2,56,5,3,1,0,2,8,13,201300006205A01,33,2,1,200067924
201300006210,2013-08-21,2013,août,mercredi,07:45,67,67438,0,0,1,1,3,1,1,3,2,02,1,3,0,58,1,0,1,3,1,65,3,3,1,0,2,8,19,201300006210A01,7,1,1,200067924
201300006220,2013-08-01,2013,août,jeudi,08:00,67,67523,0,0,1,1,1,1,1,3,2,00,1,1,0,58,1,0,1,3,1,62,5,3,1,0,2,0,1,201300006220B02,10,17,1,246700843
201300006225,2013-05-10,2013,mai,vendredi,17:15,67,67046,48.77,7.865,2,3,3,1,1,4,2,02,1,1,0,90,1,0,1,3,2,10,5,2,9,0,2,1,19,201300006225B02,7,1,1,200067874
201300006227,2013-07-11,2013,juillet,jeudi,10:45,67,67169,0,0,1,6,3,1,1,3,2,02,-1,3,50,0,1,5,1,3,1,39,1,1,2,0,2,5,19,201300006227A01,7,16,1,246700843
201300006230,2013-05-21,2013,mai,mardi,17:00,67,67300,0,0,2,1,3,1,1,4,2,00,1,1,0,0,1,0,1,4,1,64,5,2,2,0,0,8,1,201300006230B02,7,17,1,246701064
201300006231,2013-07-12,2013,juillet,vendredi,16:15,67,67313,0,0,2,1,3,1,7,4,2,02,1,1,0,62,1,0,1,3,2,6,5,3,1,0,2,1,19,201300006231B02,10,1,1,246701064
201300006236,2013-09-03,2013,septembre,mardi,14:30,67,67300,48.545,7.49,2,1,1,1,7,3,2,03,1,2,16,91,1,0,1,3,2,61,5,3,1,14,0,8,1,201300006236B02,7,15,1,246701064
201300006239,2013-01-15,2013,janvier,mardi,13:00,67,67411,48.5,7.46,2,1,6,1,8,4,2,01,1,1,0,30,2,0,1,4,1,12,2,1,2,0,1,1,5,201300006239A01,,,,246700744
201300006272,2013-10-03,2013,octobre,jeudi,18:45,67,67105,0,0,2,1,6,1,1,3,-1,00,-1,-1,0,0,1,0,4,3,1,14,5,3,1,0,1,1,0,201300006272A01,,,,200067841
201300006278,2013-06-26,2013,juin,mercredi,18:00,67,67067,0,0,2,1,1,1,1,3,2,02,1,1,0,85,1,0,3,1,1,38,1,3,1,0,2,0,19,201300006278B02,33,21,1,200067874
201300006287,2013-08-05,2013,août,lundi,11:00,67,67460,0,0,2,8,7,1,1,3,-1,01,-1,1,0,77,1,4,0,2,1,65,5,1,2,14,0,1,1,201300006287A01,,,,246700959
201300006300,2013-05-27,2013,mai,lundi,10:30,67,67001,0,0,2,1,3,1,1,3,2,02,1,1,0,70,1,0,1,4,1,48,5,3,1,0,2,7,1,201300006300A01,34,1,1,246700488
201300006326,2013-10-22,2013,octobre,mardi,15:15,67,67310,0,0,1,2,3,1,1,3,2,00,1,1,0,65,1,0,1,3,2,75,5,3,1,0,2,1,1,201300006326B02,7,1,1,246700967
201300006331,2013-05-14,2013,mai,mardi,13:00,67,67451,48.997,8.02699,2,1,1,1,1,3,2,00,1,-1,0,74,1,0,1,3,1,54,5,1,2,0,2,7,1,201300006331B02,7,1,1,246700926
201300006338,2013-10-26,2013,octobre,samedi,15:15,67,67327,0,0,1,1,5,1,1,3,2,00,1,1,0,70,1,0,1,4,1,38,5,1,2,0,0,4,1,201300006338C03,10,1,1,200041283
201300006338,2013-10-26,2013,octobre,samedi,15:15,67,67327,0,0,1,1,5,1,1,3,2,00,1,1,0,70,1,0,1,2,1,69,5,1,2,0,0,4,1,201300006338B02,10,1,1,200041283
201300006348,2013-01-25,2013,janvier,vendredi,10:00,68,68007,48.06032,7.4248,1,9,1,1,1,3,2,02,1,1,0,120,1,0,1,3,1,54,5,1,2,0,2,1,1,201300006348B02,7,15,1,246800726
201300006349,2013-03-13,2013,mars,mercredi,15:15,68,68145,48.08005,7.39825,2,1,1,1,1,3,2,02,1,1,0,87,1,0,5,4,1,69,5,3,9,0,2,1,5,201300006349B02,7,9,1,246800726
201300006351,2013-05-10,2013,mai,vendredi,14:45,68,68331,48.04597,7.41506,2,3,1,1,1,4,2,02,1,1,0,50,1,0,1,3,1,8,5,1,9,0,2,7,19,201300006351A01,7,1,1,246800726
201300006359,2013-08-21,2013,août,mercredi,18:30,68,68026,48.152,7.334,2,1,3,1,1,4,2,00,1,1,0,36,1,0,5,3,1,47,1,2,2,0,2,1,1,201300006359B02,7,1,1,246800577
201300006360,2013-10-02,2013,octobre,mercredi,16:00,68,68310,48.137,7.319,1,6,3,1,7,3,1,02,-1,2,0,94,1,5,1,3,1,77,5,1,9,0,2,7,1,201300006360B02,7,9,1,
201300006368,2013-09-28,2013,septembre,samedi,16:30,68,68311,47.99189,7.06965,1,1,3,1,1,3,2,02,2,1,0,60,-1,0,1,3,1,36,5,1,2,0,2,8,16,201300006368B02,33,16,1,246800585
201300006369,2013-10-02,2013,octobre,mercredi,09:45,68,68117,0,0,2,1,1,1,1,3,2,00,1,1,0,60,1,0,1,3,2,16,1,3,1,0,2,2,1,201300006369B02,7,4,1,246800585
201300006375,2013-07-28,2013,juillet,dimanche,18:00,68,68230,47.94198,7.54373,2,4,3,1,8,3,2,02,1,2,0,60,2,0,1,3,2,76,5,3,2,0,2,6,15,201300006375B02,3,1,1,200066025
201300006388,2013-06-18,2013,juin,mardi,16:30,68,68269,0,0,1,1,1,1,7,4,2,00,-1,-1,0,0,-1,0,0,3,1,50,5,3,1,0,0,1,1,201300006388A01,2,0,1,246800577
201300006395,2013-05-21,2013,mai,mardi,12:00,68,68155,48.09403,7.30678,2,6,3,1,1,3,2,02,1,1,0,75,1,0,1,3,2,17,5,3,9,0,2,1,1,201300006395A01,7,1,1,246800726
201300006399,2013-09-03,2013,septembre,mardi,18:15,68,68338,48.08384,7.25846,2,1,3,1,7,3,2,02,1,1,43,70,1,5,1,3,1,50,5,1,2,0,2,1,1,201300006399B02,7,15,1,246800726
201300006436,2013-09-28,2013,septembre,samedi,12:00,68,68251,47.994,7.214,2,1,1,1,1,4,1,01,2,3,170,47,1,0,1,3,2,10,5,1,2,0,2,1,5,201300006436B02,7,1,1,246800494
201300006470,2013-08-11,2013,août,dimanche,15:30,68,68342,47.8168,7.19252,1,1,1,1,7,3,2,00,2,-1,0,100,1,0,1,4,1,35,5,2,2,0,0,4,2,201300006470B02,7,2,1,200036465
201300006493,2013-02-20,2013,février,mercredi,14:15,51,51476,0,0,1,1,3,1,1,3,2,02,1,1,0,60,1,0,1,2,1,8,5,3,9,0,2,1,1,201300006493A01,21,17,1,200066876
201300006494,2013-03-21,2013,mars,jeudi,08:30,51,51559,0,0,2,2,1,1,1,4,2,02,1,1,,52,1,0,1,3,1,11,2,1,2,0,2,1,1,201300006494B02,10,1,1,200042620
201300006500,2013-10-05,2013,octobre,samedi,14:45,51,51612,0,0,2,1,3,1,2,4,2,02,1,1,0,60,2,0,1,3,1,11,5,2,2,0,2,8,9,201300006500A02,7,1,1,200067684
201300006546,2013-07-23,2013,juillet,mardi,11:45,51,51282,0,0,1,1,2,1,7,3,2,02,1,1,0,77,1,0,1,3,1,45,5,3,9,0,2,4,1,201300006546B02,7,1,1,200067213
201300006547,2013-09-06,2013,septembre,vendredi,06:15,51,51569,0,0,1,1,2,3,1,3,2,02,1,1,0,77,1,0,1,2,1,31,1,2,9,0,2,4,2,201300006547B02,7,2,1,200067213
201300006561,2013-03-19,2013,mars,mardi,13:15,51,51649,0,0,2,1,2,1,2,4,2,02,1,1,,68,2,0,1,4,1,21,1,1,4,1,,1,1,201300006561B02,10,20,1,200034718
201300006566,2013-06-06,2013,juin,jeudi,16:30,51,51649,0,0,2,1,1,1,1,3,-1,00,1,1,0,50,1,6,4,3,2,49,5,3,2,1,0,7,1,201300006566A01,7,24,1,200034718
201300006602,2013-04-10,2013,avril,mercredi,17:15,08,08363,0,0,2,1,1,1,1,4,2,02,1,1,0,60,1,0,1,4,1,11,5,2,2,0,2,7,5,201300006602A01,7,1,1,240800821
201300006617,2013-04-21,2013,avril,dimanche,17:15,08,08009,49.6279,5.0568,2,1,3,1,1,3,2,00,1,1,0,50,1,0,1,2,2,10,0,2,2,0,2,8,19,201300006617B02,7,1,1,
201300006618,2013-09-30,2013,septembre,lundi,07:15,08,08053,49.6754,4.97852,2,2,3,2,1,3,2,02,1,1,0,59,1,0,1,2,1,18,1,2,4,0,2,1,1,201300006618B02,7,17,1,200041630
201300006657,2013-08-19,2013,août,lundi,08:45,10,10282,0,0,1,1,5,1,2,3,2,02,1,1,,53,2,0,1,2,2,65,3,1,9,0,2,8,13,201300006657C03,7,17,2,200069250
201300006668,2013-10-30,2013,octobre,mercredi,15:00,10,10255,48.223,4.27,1,1,5,1,1,3,2,02,3,3,,76,1,0,1,3,1,51,5,3,2,0,2,1,1,201300006668D04,7,13,1,200069250
201300006668,2013-10-30,2013,octobre,mercredi,15:00,10,10255,48.223,4.27,1,1,5,1,1,3,2,02,3,3,,76,1,0,1,3,1,68,5,3,2,0,2,1,1,201300006668E05,7,13,1,200069250
201300006668,2013-10-30,2013,octobre,mercredi,15:00,10,10255,48.223,4.27,1,1,5,1,1,3,2,02,3,3,,76,1,0,1,2,1,70,5,1,2,0,2,1,1,201300006668C03,7,13,1,200069250
201300006668,2013-10-30,2013,octobre,mercredi,15:00,10,10255,48.223,4.27,1,1,5,1,1,3,2,02,3,3,,76,1,0,1,3,1,64,5,3,2,0,2,1,1,201300006668F06,7,13,1,200069250
201300006668,2013-10-30,2013,octobre,mercredi,15:00,10,10255,48.223,4.27,1,1,5,1,1,3,2,02,3,3,,76,1,0,1,3,1,62,5,1,2,0,2,1,1,201300006668B02,7,13,1,200069250
201300006671,2013-03-05,2013,mars,mardi,17:00,10,10326,48.454,4.493,1,1,1,1,1,3,2,02,1,3,0,73,1,0,1,2,1,54,1,3,4,0,2,1,1,201300006671B02,10,5,1,200040137
201300006676,2013-02-15,2013,février,vendredi,08:15,10,10213,48.179,4.432,1,1,1,1,5,3,2,00,1,1,0,50,2,0,1,3,2,60,1,2,4,0,0,8,0,201300006676B02,10,0,1,200069003
201300006693,2013-04-15,2013,avril,lundi,06:30,10,10355,0,0,1,1,2,2,1,3,2,02,1,1,,,1,0,1,4,2,42,1,1,4,0,2,4,1,201300006693B02,7,2,1,200006716
201300006708,2013-10-22,2013,octobre,mardi,14:15,52,52272,48.01916,4.78324,1,1,3,1,1,3,2,02,1,1,0,72,1,0,1,3,1,53,5,1,2,0,2,3,2,201300006708B02,15,17,1,245200597
201300006734,2013-09-06,2013,septembre,vendredi,14:30,52,52269,47.85407,5.34558,2,6,1,1,1,2,-1,02,-1,-1,0,0,-1,0,0,3,1,45,4,1,2,0,2,7,1,201300006734B02,10,1,1,200072999
201300006790,2013-05-30,2013,mai,jeudi,18:45,21,21295,47.227,5,1,6,3,1,1,3,-1,00,1,-1,0,93,1,5,1,3,1,21,1,3,1,0,2,2,1,201300006790B02,10,9,1,200070894
201300006796,2013-09-07,2013,septembre,samedi,15:45,21,21295,0,0,1,1,3,1,1,3,2,02,2,1,0,0,1,0,1,4,1,65,5,2,2,0,2,2,1,201300006796A01,7,23,1,200070894
201300006818,2013-05-23,2013,mai,jeudi,11:15,21,21387,0,0,1,1,6,1,2,3,2,02,1,1,0,105,2,0,1,3,2,50,5,3,1,0,2,8,1,201300006818B02,,,,200006682
201300006822,2013-07-31,2013,juillet,mercredi,15:30,21,21461,0,0,2,3,1,1,9,3,2,02,-1,1,54,0,1,0,1,4,1,16,5,1,2,0,2,1,15,201300006822B02,7,1,1,200006682
201300006835,2013-08-19,2013,août,lundi,15:45,21,21154,47.8571,4.57163,2,6,1,1,1,3,-1,01,1,2,110,130,1,5,1,3,1,14,5,2,2,0,2,7,16,201300006835B02,7,9,1,242101434
201300006957,2013-06-08,2013,juin,samedi,14:00,71,71176,0,0,1,1,1,1,1,3,2,02,1,1,0,59,1,0,1,2,1,67,5,1,2,0,2,0,1,201300006957B02,7,13,1,200071884
201300006980,2013-02-04,2013,février,lundi,06:45,71,71263,0,0,2,1,1,2,2,3,2,02,1,1,21,67,2,0,1,3,1,73,3,2,4,0,2,8,1,201300006980B02,7,17,1,200071579
201300007100,2013-07-29,2013,juillet,lundi,09:45,89,89399,0,0,1,1,1,1,1,3,2,00,1,1,106,105,1,0,0,3,1,65,4,3,1,0,2,4,1,201300007100B02,7,1,1,248900334
201300007147,2013-08-17,2013,août,samedi,08:45,25,25021,47.035,5.777,2,8,1,1,1,3,2,02,1,1,65,0,1,4,1,2,1,90,3,1,2,0,4,8,1,201300007147A01,39,1,1,200068070
201300007164,2013-10-25,2013,octobre,vendredi,17:15,25,25481,0,0,1,2,3,1,1,3,2,02,1,1,0,60,1,5,1,4,1,35,5,1,2,0,2,1,1,201300007164B02,7,19,1,200065647
201300007172,2013-11-16,2013,novembre,samedi,04:00,25,25367,47.451,6.815,2,1,2,5,1,3,2,02,1,1,0,78,1,0,1,4,1,45,1,1,4,0,0,4,2,201300007172B02,7,2,1,200065647
201300007189,2013-06-08,2013,juin,samedi,12:45,25,25546,47.319,6.314,1,1,1,1,1,3,2,02,2,4,0,60,1,0,1,2,2,61,5,2,2,0,0,4,2,201300007189B02,7,2,1,242504447
201300007204,2013-01-10,2013,janvier,jeudi,17:00,25,25508,47.31737,6.23213,2,1,1,2,3,4,2,01,2,3,0,42,2,0,1,3,1,15,2,2,4,0,2,0,15,201300007204B02,7,1,1,242504447
201300007211,2013-08-16,2013,août,vendredi,16:00,25,25137,0,0,1,1,1,1,1,3,3,02,2,4,0,50,1,0,1,3,1,72,0,1,2,0,2,1,1,201300007211B02,7,13,1,
201300007277,2013-04-04,2013,avril,jeudi,15:30,39,39009,0,0,1,1,1,1,1,3,2,02,1,1,0,70,1,0,1,3,1,67,0,1,2,0,0,4,0,201300007277B02,7,1,1,200069623
201300007311,2013-11-07,2013,novembre,jeudi,16:15,39,39415,0,0,2,1,3,1,1,3,2,02,1,1,0,55,1,0,1,3,2,62,5,1,2,0,2,5,1,201300007311B02,7,1,1,243901089
201300007320,2013-07-20,2013,juillet,samedi,13:00,39,39157,0,0,1,1,2,1,1,3,2,02,2,3,0,60,1,0,1,3,1,28,5,1,2,0,2,1,0,201300007320B02,1,0,1,200026573
201300007320,2013-07-20,2013,juillet,samedi,13:00,39,39157,0,0,1,1,2,1,1,3,2,02,2,3,0,60,1,0,1,3,1,30,5,1,2,0,0,4,0,201300007320A01,1,0,1,200026573
201300007324,2013-07-19,2013,juillet,vendredi,14:00,39,39059,0,0,2,1,2,1,2,3,2,02,1,1,0,62,2,0,1,3,1,24,5,1,2,0,2,2,2,201300007324B02,14,4,1,243900354
201300007362,2013-03-27,2013,mars,mercredi,16:00,70,70577,0,0,1,1,3,1,1,3,2,02,1,1,0,55,1,0,1,3,1,44,5,1,2,0,2,8,11,201300007362B02,7,2,1,247000664
201300007373,2013-07-08,2013,juillet,lundi,17:15,70,70339,0,0,2,1,2,1,1,3,2,00,1,1,0,0,1,0,1,4,2,65,1,1,2,0,0,4,1,201300007373B02,10,1,1,247000854
201300007375,2013-11-03,2013,novembre,dimanche,17:45,70,70256,0,0,1,1,2,3,2,3,2,02,2,3,0,62,2,0,1,3,1,69,5,2,4,0,2,4,2,201300007375B02,7,2,1,247000854
201300007378,2013-09-07,2013,septembre,samedi,11:15,70,70506,0,0,2,1,1,1,1,3,2,00,1,4,0,54,1,0,1,3,2,55,5,1,2,0,0,0,1,201300007378B02,33,1,1,247000722
201300007389,2013-09-05,2013,septembre,jeudi,15:15,70,70097,0,0,2,3,5,1,1,3,-1,00,-1,-1,0,0,-1,0,0,1,1,51,5,1,2,0,2,7,1,201300007389B02,10,15,1,200041721
201300007389,2013-09-05,2013,septembre,jeudi,15:15,70,70097,0,0,2,3,5,1,1,3,-1,00,-1,-1,0,0,-1,0,0,3,2,50,5,1,2,0,2,7,1,201300007389C03,10,15,1,200041721
201300007396,2013-07-27,2013,juillet,samedi,12:15,70,70279,0,0,2,1,1,1,1,3,2,02,1,1,0,0,1,0,1,3,1,46,5,1,2,0,2,1,1,201300007396B02,7,16,1,200036549
201300007397,2013-07-27,2013,juillet,samedi,11:15,70,70279,0,0,1,1,5,1,1,3,2,02,-1,1,0,0,1,0,1,4,1,68,0,1,2,0,2,8,2,201300007397B02,7,16,1,200036549
201300007397,2013-07-27,2013,juillet,samedi,11:15,70,70279,0,0,1,1,5,1,1,3,2,02,-1,1,0,0,1,0,1,4,1,61,0,1,2,0,2,8,2,201300007397B02,7,16,1,200036549
201300007397,2013-07-27,2013,juillet,samedi,11:15,70,70279,0,0,1,1,5,1,1,3,2,02,-1,1,0,0,1,0,1,4,1,57,0,1,2,0,2,1,2,201300007397C03,7,16,1,200036549
201300007418,2013-06-04,2013,juin,mardi,18:31,90,90089,47.736,6.974,2,3,3,1,1,3,2,02,1,1,0,65,1,0,1,3,2,13,5,1,9,0,2,1,1,201300007418B02,14,1,1,200069060
201300007421,2013-10-08,2013,octobre,mardi,15:44,90,90058,0,0,2,1,7,1,2,3,2,00,-1,1,0,87,2,0,5,3,1,42,5,1,2,0,0,0,16,201300007421A01,,,,200069060
201300007430,2013-07-30,2013,juillet,mardi,19:30,26,26141,0,0,1,1,5,1,1,3,2,00,2,1,0,39,1,0,1,3,1,14,5,1,9,0,2,1,13,201300007430B02,7 / 10,1,2,242600252
201300007475,2013-09-03,2013,septembre,mardi,08:45,26,26006,0,0,1,1,3,1,1,3,-1,02,-1,-1,0,0,-1,0,0,3,1,63,5,1,2,0,2,3,1,201300007475B02,7,17,1,242600252
201300007480,2013-09-20,2013,septembre,vendredi,15:45,26,26170,0,0,1,2,3,1,1,3,-1,02,1,1,0,70,1,0,1,3,2,65,5,1,2,0,2,1,1,201300007480B02,7,19,1,200068781
201300007482,2013-10-07,2013,octobre,lundi,18:30,26,26165,44.7735,4.8286,1,3,1,1,1,4,2,01,1,1,0,55,1,0,1,3,1,13,5,2,2,0,2,8,15,201300007482B02,3,0,1,242600252
201300007495,2013-08-05,2013,août,lundi,19:00,13,13080,0,0,1,1,1,2,1,3,2,02,2,2,0,58,1,0,1,2,1,41,5,1,2,0,2,1,1,201300007495B02,33,13,1,200054807
201300007503,2013-09-15,2013,septembre,dimanche,12:45,13,13034,0,0,1,1,3,1,1,3,2,02,1,3,0,60,1,0,1,2,1,55,5,1,2,0,0,3,15,201300007503B02,7,2,1,241300375
201300007509,2013-11-13,2013,novembre,mercredi,05:00,13,13049,0,0,1,1,2,3,1,3,2,02,1,3,0,83,1,0,1,2,1,52,1,1,4,0,0,4,2,201300007509A01,7,2,1,200054807
201300007569,2013-08-22,2013,août,jeudi,08:15,13,13066,43.88435,4.89783,1,1,3,1,1,4,2,02,1,1,0,0,1,0,1,3,1,19,1,2,2,0,2,8,19,201300007569B02,7,1,1,200035087
201300007596,2013-09-03,2013,septembre,mardi,09:45,13,13042,0,0,2,1,2,1,1,3,2,02,1,1,,70,1,0,1,3,1,83,5,1,2,0,2,4,1,201300007596B02,7,17,1,200054807
201300007613,2013-06-12,2013,juin,mercredi,18:30,13,13073,0,0,2,2,3,1,1,3,2,02,2,1,0,70,1,0,1,3,1,15,5,3,1,0,2,8,19,201300007613B02,7,1,1,200054807
201300007644,2013-07-22,2013,juillet,lundi,09:30,13,13034,0,0,1,1,1,1,1,3,2,01,-1,1,,51,1,0,1,3,1,54,5,1,2,0,2,4,0,201300007644B02,1,0,1,241300375