Num_Acc,date,an,mois,jour,hrmn,dep,com,lat,long,agg,int,col,lum,atm,catr,circ,nbv,prof,plan,lartpc,larrout,surf,infra,situ,grav,sexe,age,trajet,secuexist,equipement,obs,obsm,choc,manv,vehiculeid,typevehicules,manoeuvehicules,numVehicules,_infos_commune.code_epci
201300012769,2013-06-01,2013,juin,samedi,10:40,10,10362,0,0,2,9,6,1,1,3,1,01,1,1,,,1,0,1,4,2,77,3,2,9,0,0,6,1,201300012769B01,7,1,1,200069250
201300012775,2013-06-05,2013,juin,mercredi,20:20,10,10362,0,0,2,1,2,1,1,4,2,02,1,1,,,1,0,1,4,2,46,5,2,9,0,0,4,1,201300012775B01,7,1,1,200069250
201300012785,2013-08-08,2013,août,jeudi,17:05,10,10387,48.30948,4.05408,2,1,3,1,1,4,2,02,2,1,,88,1,0,1,3,1,53,5,3,9,0,2,1,1,201300012785B01,7,16,1,200069250
201300012786,2013-07-24,2013,juillet,mercredi,19:25,10,10387,48.30046,4.08683,2,3,3,1,1,4,1,01,2,1,,39,1,0,5,4,2,63,5,3,9,0,2,1,1,201300012786B01,7,9,1,200069250
201300012791,2013-09-04,2013,septembre,mercredi,18:36,10,10387,48.30354,4.07292,2,2,3,1,1,4,3,03,1,1,,103,1,0,5,4,1,17,5,3,9,0,2,1,1,201300012791A01,7,1,1,200069250
201300012800,2013-11-05,2013,novembre,mardi,21:28,10,10387,48.28907,4.07684,2,2,3,5,1,4,2,02,1,1,,,2,0,1,4,2,18,1,2,4,0,2,6,1,201300012800B01,7,1,1,200069250
201300012806,2013-12-09,2013,décembre,lundi,07:55,10,10343,48.2739,4.09271,2,6,2,5,1,3,2,02,1,1,,,1,0,0,3,2,27,1,2,9,0,2,4,1,201300012806B01,7,2,1,200069250
201300012830,2013-06-23,2013,juin,dimanche,14:45,06,06148,43.713,7.05,1,1,6,1,1,3,2,00,2,1,53,53,1,0,1,2,1,30,9,1,2,13,0,2,1,201300012830A01,,,,240600585
201300012920,2013-09-06,2013,septembre,vendredi,10:51,11,11069,0,0,1,1,2,1,1,3,3,02,1,1,0,40,1,0,1,2,1,61,5,1,9,0,2,4,2,201300012920B01,10,2,1,200035715
201300012961,2013-04-02,2013,avril,mardi,08:50,11,11069,0,0,2,1,6,1,1,4,2,01,1,1,0,20,1,0,1,1,1,46,5,3,9,0,1,7,1,201300012961A01,,,,200035715
201300012971,2013-04-19,2013,avril,vendredi,15:34,11,11069,0,0,2,1,6,1,1,4,1,02,1,1,0,30,1,0,1,1,1,68,5,1,9,0,1,7,1,201300012971A01,,,,200035715
201300012985,2013-05-12,2013,mai,dimanche,15:50,11,11069,0,0,1,1,6,1,1,4,-1,01,1,-1,0,30,-1,0,1,3,1,53,9,2,9,8,0,1,0,201300012985A01,,,,200035715
201300012994,2013-06-13,2013,juin,jeudi,18:37,11,11069,0,0,2,1,2,1,1,4,2,01,1,1,0,30,1,0,1,4,1,64,5,1,9,0,2,4,1,201300012994B01,7,1,1,200035715
201300012999,2013-06-25,2013,juin,mardi,11:24,11,11069,0,0,2,1,3,1,1,4,1,01,1,1,0,20,1,0,1,4,1,54,5,3,9,0,2,0,0,201300012999B01,7,0,1,200035715
201300013030,2013-09-03,2013,septembre,mardi,17:31,11,11069,0,0,2,1,6,1,1,4,1,01,2,1,0,10,1,0,0,4,1,13,5,3,9,12,0,0,0,201300013030A01,,,,200035715
201300013074,2013-10-28,2013,octobre,lundi,10:15,31,31584,0,0,1,3,3,1,1,3,2,02,1,1,0,60,1,0,1,2,1,87,5,2,2,0,2,3,13,201300013074B02,14,1,1,243100773
201300013089,2013-02-15,2013,février,vendredi,18:05,11,11262,0,0,2,3,3,1,1,4,1,02,2,1,0,0,1,0,1,4,1,23,5,1,9,0,2,1,1,201300013089B01,7,15,1,241100593
201300013092,2013-02-15,2013,février,vendredi,12:10,11,11262,0,0,2,1,3,1,1,4,2,02,1,1,0,69,1,0,1,3,1,54,1,3,9,0,2,7,19,201300013092B01,7,1,1,241100593
201300013106,2013-05-16,2013,mai,jeudi,14:20,11,11262,0,0,2,2,3,1,1,4,1,01,1,1,0,0,1,0,1,3,1,67,5,3,9,0,2,7,1,201300013106A01,7,1,1,241100593
201300013117,2013-06-27,2013,juin,jeudi,14:25,11,11262,0,0,2,1,3,1,1,6,-1,00,1,1,0,0,1,0,0,4,2,54,0,3,9,0,2,0,0,201300013117B01,7,0,1,241100593
201300013124,2013-02-20,2013,février,mercredi,13:25,11,11262,0,0,2,1,3,1,1,4,1,02,1,1,0,59,1,0,1,4,1,58,5,1,9,0,0,1,1,201300013124B01,7,1,1,241100593
201300013127,2013-09-04,2013,septembre,mercredi,10:15,11,11262,0,0,2,6,3,1,1,3,2,02,1,1,0,0,1,0,1,3,2,48,0,3,9,0,2,1,15,201300013127B01,7,9,1,241100593
201300013132,2013-08-08,2013,août,jeudi,11:15,11,11262,0,0,2,2,3,1,1,4,2,,1,1,0,0,1,0,1,4,1,53,0,3,2,0,2,8,1,201300013132B01,7,1,1,241100593
201300013167,2013-05-10,2013,mai,vendredi,15:05,11,11262,0,0,2,1,7,1,1,4,2,02,1,1,0,0,1,0,1,4,1,12,5,1,9,0,0,0,1,201300013167A01,,,,241100593
201300013178,2013-06-16,2013,juin,dimanche,16:25,11,11262,0,0,2,1,6,1,1,4,3,00,1,1,0,0,1,0,1,4,1,10,5,3,9,0,2,0,10,201300013178A01,7,1,1,241100593
201300013188,2013-07-07,2013,juillet,dimanche,10:35,11,11262,0,0,2,1,3,1,1,2,2,01,1,1,0,90,1,0,1,3,1,62,0,3,9,0,2,1,1,201300013188B01,7,15,1,241100593
201300013205,2013-09-13,2013,septembre,vendredi,18:40,11,11262,0,0,2,1,2,1,1,4,2,02,1,1,0,0,1,0,1,4,1,33,0,1,2,0,0,1,0,201300013205A01,7,0,1,241100593
201300013212,2013-10-21,2013,octobre,lundi,09:55,11,11262,0,0,2,1,6,1,1,4,1,00,1,1,0,0,1,0,1,4,1,39,0,1,2,0,2,0,1,201300013212B01,7,20,1,241100593
201300013277,2013-04-06,2013,avril,samedi,14:00,12,12083,0,0,2,3,3,1,8,4,2,02,1,3,0,70,1,0,1,3,1,12,5,3,9,0,2,1,0,201300013277A01,7,1,1,200067064
201300013278,2013-08-30,2013,août,vendredi,17:35,12,12305,44.543,0,1,3,3,1,1,3,4,02,2,1,83,68,1,5,1,4,1,9,5,1,2,0,2,7,11,201300013278A01,33,1,1,200067064
201300013483,2013-09-06,2013,septembre,vendredi,14:05,13,13004,43.66874,4.63447,2,2,6,1,1,4,2,02,-1,1,0,79,1,2,1,4,1,49,5,1,2,0,2,8,15,201300013483B01,7,1,1,241300417
201300013485,2013-09-28,2013,septembre,samedi,23:00,13,13004,43.67497,4.62502,2,2,3,5,1,3,2,02,1,1,0,70,1,5,1,4,1,48,5,3,9,0,2,1,15,201300013485A01,7,15,1,241300417
201300013562,2013-06-03,2013,juin,lundi,12:30,13,13005,43.29638,5.56864,2,6,6,1,1,4,2,02,2,3,0,40,1,0,1,4,1,36,5,1,2,0,2,0,0,201300013562B01,7,9,1,200054807
201300013562,2013-06-03,2013,juin,lundi,12:30,13,13005,43.29638,5.56864,2,6,6,1,1,4,2,02,2,3,0,40,1,0,1,4,1,37,5,1,2,0,2,1,0,201300013562C01,7,9,1,200054807
201300013607,2013-08-17,2013,août,samedi,10:30,13,13005,43.293,5.56761,1,1,7,1,1,3,2,02,1,1,0,100,1,0,5,3,1,74,5,3,9,0,0,1,1,201300013607A01,,,,200054807
201300013615,2013-09-03,2013,septembre,mardi,06:50,13,13005,43.28633,5.58685,2,3,3,1,7,3,3,03,1,1,0,100,1,5,1,4,1,58,0,3,9,0,2,7,1,201300013615B01,7,16,1,200054807
201300013650,2013-10-15,2013,octobre,mardi,06:40,13,13005,43.28426,5.59366,2,6,3,5,1,3,-1,02,1,3,0,87,1,0,1,4,1,28,1,2,4,0,2,2,1,201300013650B01,7,9,1,200054807
201300013707,2013-08-06,2013,août,mardi,08:15,13,13028,43.19258,5.60936,2,6,6,1,1,3,1,02,1,2,0,90,1,0,1,3,1,66,5,2,9,0,2,2,1,201300013707B01,7,1,1,200054807
201300013744,2013-06-11,2013,juin,mardi,17:10,13,13043,43.3971,5.25174,2,3,3,1,1,3,3,02,2,1,20,100,1,0,1,4,1,14,5,2,2,0,0,6,1,201300013744A01,33,1,1,200054807
201300013761,2013-08-27,2013,août,mardi,11:10,13,13054,0,0,2,1,3,1,1,4,2,02,1,1,0,70,1,0,1,3,1,67,5,1,2,0,0,8,2,201300013761B01,7,14,1,200054807
201300013773,2013-10-24,2013,octobre,jeudi,15:45,13,13054,43.41511,5.21692,2,1,3,1,1,3,2,01,1,1,0,0,1,0,1,4,1,69,0,2,9,0,0,1,1,201300013773B01,7,9,1,200054807
201300013835,2013-12-13,2013,décembre,vendredi,17:00,13,13055,43.34729,5.37838,2,2,2,1,1,3,2,02,1,1,0,82,1,0,1,4,1,11,9,3,9,0,2,1,2,201300013835A01,7,3,1,200054807
201300013842,2013-12-21,2013,décembre,samedi,18:00,13,13055,43.32554,5.43049,2,2,3,5,1,4,2,01,1,1,0,80,-1,0,0,3,1,37,0,3,9,0,2,3,9,201300013842B01,7,0,1,200054807
201300013874,2013-12-03,2013,décembre,mardi,14:10,13,13055,43.29259,5.36735,2,1,3,1,1,4,-1,02,1,-1,40,60,1,0,1,3,1,41,0,3,9,0,2,1,2,201300013874B01,7,13,1,200054807
201300013902,2013-01-20,2013,janvier,dimanche,18:30,13,13055,0,0,2,1,1,5,8,4,-1,00,1,1,0,0,1,6,1,3,1,7,0,3,9,0,9,1,1,201300013902B01,33,1,1,200054807
201300013935,2013-01-09,2013,janvier,mercredi,11:00,13,13055,43.29076,5.47362,2,1,6,1,1,4,1,02,2,3,25,25,1,0,1,3,1,23,5,3,9,0,2,1,1,201300013935B01,7,20,1,200054807
201300013980,2013-12-31,2013,décembre,mardi,10:45,13,13055,43.38113,5.36304,2,1,3,1,1,4,2,02,2,1,0,70,1,0,4,4,1,15,5,2,9,0,2,1,1,201300013980B01,7,23,1,200054807
201300014020,2013-01-12,2013,janvier,samedi,12:00,13,13055,0,0,1,1,3,1,1,3,2,02,2,4,0,60,1,0,0,4,2,68,5,3,9,0,2,0,1,201300014020A01,7,0,1,200054807
201300014211,2013-08-04,2013,août,dimanche,15:00,13,13055,43.24851,5.45371,2,1,6,1,1,3,2,02,2,4,0,60,1,0,1,4,1,33,5,1,2,0,2,0,2,201300014211B01,7,2,1,200054807
201300014235,2013-02-06,2013,février,mercredi,07:45,13,13055,43.28042,5.38366,2,2,3,1,1,4,1,01,2,1,0,70,1,0,1,4,1,44,1,3,9,0,2,1,0,201300014235B01,7,1,1,200054807
201300014407,2013-03-08,2013,mars,vendredi,16:35,13,13055,43.33945,5.35538,2,3,3,1,1,4,3,02,2,-1,0,50,1,0,1,4,1,31,1,3,2,0,2,1,1,201300014407B01,7,11,1,200054807
201300014412,2013-03-09,2013,mars,samedi,15:45,13,13002,43.34551,5.47639,2,1,2,1,1,4,2,01,3,3,0,50,1,0,1,4,1,17,5,3,9,0,2,1,1,201300014412A01,7,1,1,200054807
201300014452,2013-03-27,2013,mars,mercredi,07:55,13,13055,43.31559,5.43895,2,1,3,1,1,4,1,01,-1,-1,0,30,1,0,1,3,1,19,1,3,9,0,2,1,9,201300014452A01,7,1,1,200054807
201300014462,2013-03-28,2013,mars,jeudi,11:45,13,13055,43.29364,5.38225,2,1,3,1,2,4,2,04,1,1,0,0,2,0,1,4,2,29,1,3,9,1,0,1,1,201300014462B01,7,24,1,200054807
201300014497,2013-03-14,2013,mars,jeudi,19:15,13,13055,43.29135,5.37003,2,1,6,1,1,4,1,01,1,1,0,30,1,0,1,3,1,55,9,1,2,0,0,1,2,201300014497B01,7,24,1,200054807
201300014516,2013-04-08,2013,avril,lundi,21:05,13,13055,43.296,5.38689,2,1,7,5,1,5,1,00,1,1,0,60,1,0,1,4,1,24,0,3,4,9,0,0,1,201300014516A01,,,,200054807
201300014551,2013-03-02,2013,mars,samedi,15:01,13,13055,43.24706,5.38261,2,6,3,1,1,4,1,01,1,-1,40,20,1,0,1,4,2,57,5,1,2,0,2,2,0,201300014551B01,7,6,1,200054807
201300014632,2013-04-26,2013,avril,vendredi,19:10,13,13055,43.24193,5.36639,2,1,3,2,1,4,2,02,1,1,0,60,1,0,1,4,1,24,5,3,9,0,2,8,13,201300014632A01,7,17,1,200054807
201300014659,2013-04-23,2013,avril,mardi,19:10,13,13055,43.29954,5.40073,2,1,3,1,1,4,3,01,2,1,0,0,1,0,1,1,1,17,5,3,9,0,2,1,19,201300014659A01,32,1,1,200054807
201300014682,2013-04-14,2013,avril,dimanche,02:05,13,13055,43.25269,5.40227,2,3,1,5,1,4,2,06,2,1,0,150,1,0,1,3,1,28,1,2,4,0,0,1,1,201300014682A01,7,16,1,200054807
201300014862,2013-02-21,2013,février,jeudi,10:30,13,13075,43.34665,5.46272,2,1,6,1,1,3,2,00,1,1,0,50,1,0,1,1,1,63,0,3,9,1,1,1,1,201300014862A01,,,,200054807
201300014862,2013-02-21,2013,février,jeudi,10:30,13,13075,43.34665,5.46272,2,1,6,1,1,3,2,00,1,1,0,50,1,0,1,4,2,72,0,3,9,1,1,1,1,201300014862A01,,,,200054807
201300014891,2013-05-23,2013,mai,jeudi,09:15,13,13055,43.3239,5.44419,2,1,3,1,1,3,2,02,1,1,26,63,1,0,1,4,1,34,1,3,9,0,2,1,17,201300014891B01,7,10,1,200054807
201300014932,2013-06-13,2013,juin,jeudi,18:30,13,13055,43.33127,5.38476,2,1,7,1,1,4,-1,01,-1,-1,0,60,1,0,1,3,1,13,0,3,9,0,0,0,0,201300014932A01,,,,200054807
201300014936,2013-02-03,2013,février,dimanche,20:00,13,13055,43.28386,5.39623,2,3,1,4,1,4,1,01,3,1,0,0,1,0,1,3,1,21,9,3,2,0,2,1,2,201300014936B01,7,11,1,200054807
201300014947,2013-05-02,2013,mai,jeudi,16:50,13,13055,43.28055,5.38225,2,1,6,1,1,4,1,02,1,1,0,0,-1,0,1,4,1,39,1,3,2,0,2,8,18,201300014947B01,7,22,1,200054807
201300014979,2013-05-13,2013,mai,lundi,19:30,13,13055,0,0,2,1,3,1,1,4,2,01,1,1,0,0,1,0,1,4,2,5,5,3,9,0,2,1,9,201300014979B01,7,1,1,200054807
201300014994,2013-04-30,2013,avril,mardi,11:00,13,13055,0,0,2,1,2,1,1,4,2,00,1,1,0,0,1,0,1,4,1,44,1,2,2,0,2,1,2,201300014994A01,7,2,1,200054807
201300015004,2013-06-15,2013,juin,samedi,22:15,13,13055,43.33108,5.35489,2,1,2,3,1,3,1,01,3,3,0,30,1,0,4,4,1,49,5,3,9,0,0,4,1,201300015004A01,30,2,1,200054807
201300015024,2013-06-01,2013,juin,samedi,02:20,13,13055,43.29511,5.38281,2,1,6,5,1,4,2,02,2,1,0,60,1,0,1,4,1,23,5,2,4,0,4,1,21,201300015024B01,7,20,1,200054807
201300015046,2013-04-13,2013,avril,samedi,17:45,13,13055,43.26203,5.40444,2,1,3,1,1,4,2,02,1,1,0,0,1,0,1,4,1,34,5,3,9,0,2,4,1,201300015046B01,7,15,1,200054807
201300015158,2013-07-10,2013,juillet,mercredi,18:30,13,13055,43.28557,5.39521,2,1,3,1,1,4,1,01,1,1,0,0,1,0,1,4,1,26,0,1,2,0,0,8,2,201300015158A01,7,2,1,200054807
201300015188,2013-07-10,2013,juillet,mercredi,12:45,13,13055,43.26145,5.40378,2,3,3,1,1,4,2,02,1,1,0,64,2,0,1,3,1,16,2,2,4,0,2,8,15,201300015188B01,7,1,1,200054807
201300015230,2013-07-19,2013,juillet,vendredi,09:07,13,13002,43.33117,5.48843,2,6,2,1,1,3,2,02,1,-1,0,70,1,5,1,3,1,41,5,3,2,0,2,4,2,201300015230B01,7,2,1,200054807
201300015239,2013-07-10,2013,juillet,mercredi,17:45,13,13055,43.32107,5.37516,2,1,3,1,1,4,1,03,1,1,0,90,1,0,1,4,1,40,5,3,9,0,0,0,1,201300015239B01,7,1,1,200054807
201300015274,2013-07-22,2013,juillet,lundi,17:00,13,13055,43.26991,5.36597,2,1,3,1,1,4,3,04,1,1,120,120,1,0,1,3,1,42,5,2,9,0,2,3,11,201300015274B01,2,2,1,200054807
201300015343,2013-08-19,2013,août,lundi,07:50,13,13055,43.26847,5.41927,2,1,3,1,1,4,2,02,1,3,15,80,1,0,1,4,1,78,5,2,2,0,2,1,2,201300015343B01,7,9,1,200054807
201300015442,2013-08-27,2013,août,mardi,22:05,13,13055,43.28074,5.40731,2,1,3,5,1,4,2,02,1,-1,0,45,1,0,0,3,1,18,9,1,2,0,9,5,11,201300015442B01,30,0,1,200054807
201300015553,2013-09-05,2013,septembre,jeudi,07:30,13,13055,43.27221,5.39087,2,1,3,1,1,4,2,02,-1,1,15,40,1,0,1,4,2,38,5,3,9,0,0,8,19,201300015553B01,2,1,1,200054807
201300015565,2013-09-06,2013,septembre,vendredi,15:30,13,13055,43.27792,5.38824,2,1,6,1,1,4,2,01,1,1,0,93,1,0,5,1,1,48,5,3,2,0,1,1,1,201300015565A01,,,,200054807
201300015565,2013-09-06,2013,septembre,vendredi,15:30,13,13055,43.27792,5.38824,2,1,6,1,1,4,2,01,1,1,0,93,1,0,5,4,2,61,5,3,9,0,1,1,1,201300015565A01,,,,200054807
201300015605,2013-09-13,2013,septembre,vendredi,15:25,13,13055,0,0,2,1,6,1,1,4,2,00,1,1,0,0,1,0,1,4,1,30,0,1,9,0,2,0,0,201300015605B01,10,0,1,200054807
201300015608,2013-09-28,2013,septembre,samedi,15:15,13,13055,43.29645,5.38049,2,1,6,1,1,4,1,01,2,1,0,0,1,0,1,4,2,35,0,3,2,1,0,7,17,201300015608B01,7,24,1,200054807
201300015694,2013-09-27,2013,septembre,vendredi,11:00,13,13055,43.27918,5.42288,2,1,6,1,1,4,2,02,1,1,0,70,1,0,5,3,1,75,5,3,9,0,2,1,0,201300015694A01,,,,200054807
201300015710,2013-07-01,2013,juillet,lundi,11:10,13,13055,43.25638,5.41976,2,1,7,1,1,4,2,02,-1,-1,0,60,1,0,0,4,1,53,9,2,9,12,0,0,0,201300015710A01,,,,200054807
201300015718,2013-09-23,2013,septembre,lundi,16:10,13,13055,0,0,2,1,6,1,1,4,2,00,1,1,0,0,1,0,1,4,1,39,0,1,9,0,2,0,1,201300015718B01,10,1,1,200054807
201300015758,2013-09-16,2013,septembre,lundi,20:00,13,13055,43.29893,5.38814,2,1,6,2,1,4,1,01,2,1,0,30,1,0,1,4,1,37,0,2,4,0,2,3,18,201300015758B01,7,16,1,200054807
201300015796,2013-11-03,2013,novembre,dimanche,17:00,13,13055,0,0,2,1,6,1,7,3,2,02,2,1,0,60,1,0,1,3,1,24,5,3,9,0,2,0,0,201300015796B01,33,1,1,200054807
201300015862,2013-10-13,2013,octobre,dimanche,13:15,13,13055,43.32071,5.41445,2,1,2,1,1,4,2,02,1,1,0,67,1,0,1,4,2,50,9,3,9,0,2,4,2,201300015862B01,99,2,1,200054807
201300015867,2013-09-28,2013,septembre,samedi,13:30,13,13055,43.28606,5.38357,2,1,2,1,1,4,1,00,1,1,0,0,1,0,1,4,1,18,0,1,9,0,2,4,1,201300015867B01,7,1,1,200054807
201300015871,2013-11-05,2013,novembre,mardi,18:35,13,13075,43.3565,5.46659,2,2,3,5,1,4,2,02,1,1,0,70,1,0,1,3,1,61,5,1,4,0,2,1,0,201300015871B01,7,15,1,200054807
201300015889,2013-10-27,2013,octobre,dimanche,15:45,13,13002,0,0,1,1,5,1,1,3,-1,01,-1,-1,0,0,-1,0,0,4,2,27,5,1,2,0,0,0,0,201300015889B01,36,0,1,200054807
201300015889,2013-10-27,2013,octobre,dimanche,15:45,13,13002,0,0,1,1,5,1,1,3,-1,01,-1,-1,0,0,-1,0,0,1,1,46,5,1,2,0,0,1,0,201300015889C01,36,0,1,200054807
201300015910,2013-09-06,2013,septembre,vendredi,14:45,13,13055,43.36685,5.35621,2,1,3,1,1,4,2,04,1,2,30,130,1,0,1,4,1,49,0,1,2,0,2,2,1,201300015910A01,7,1,1,200054807
201300015999,2013-11-24,2013,novembre,dimanche,17:40,13,13055,43.30291,5.40074,2,2,3,1,1,4,2,08,1,1,20,220,1,5,1,4,1,56,5,3,9,0,2,1,7,201300015999A01,7,2,1,200054807
201300016058,2013-11-28,2013,novembre,jeudi,07:00,13,13055,0,0,2,1,3,5,1,4,1,01,2,1,0,0,1,0,1,3,1,33,1,1,9,0,2,3,2,201300016058B01,7,2,1,200054807
201300016085,2013-11-09,2013,novembre,samedi,09:35,13,13055,43.25116,5.38796,2,1,3,1,1,4,3,04,2,1,10,60,1,0,1,4,1,28,5,3,9,1,0,1,1,201300016085B01,7,22,1,200054807
201300016115,2013-12-10,2013,décembre,mardi,18:30,13,13055,43.30247,5.36947,2,1,3,5,1,4,2,04,1,1,0,120,1,0,1,4,1,11,5,3,9,0,2,1,1,201300016115B01,30,15,1,200054807
201300016115,2013-12-10,2013,décembre,mardi,18:30,13,13055,43.30247,5.36947,2,1,3,5,1,4,2,04,1,1,0,120,1,0,1,4,1,13,5,3,9,0,2,1,1,201300016115B01,30,15,1,200054807
201300016218,2013-04-14,2013,avril,dimanche,09:45,13,13056,43.3354,5.04903,1,1,2,1,1,3,-1,02,1,2,0,0,1,5,1,4,1,78,0,3,9,0,2,4,2,201300016218B01,7,2,1,200054807
201300016223,2013-05-13,2013,mai,lundi,16:40,13,13026,0,0,1,1,3,1,1,3,2,02,1,1,0,35,1,0,1,4,1,80,5,1,2,0,2,8,15,201300016223A01,7,17,1,200054807
201300016233,2013-06-16,2013,juin,dimanche,12:10,13,13056,0,0,1,1,3,1,1,4,2,02,1,2,0,0,1,0,1,4,1,55,5,3,9,0,9,0,2,201300016233B01,7,2,1,200054807
201300016297,2013-05-25,2013,mai,samedi,12:00,13,13103,43.63644,5.08116,2,1,3,1,1,3,2,02,1,-1,0,70,1,0,3,3,2,56,0,3,9,0,2,8,0,201300016297B01,7,9,1,200054807
201300016302,2013-08-27,2013,août,mardi,17:30,13,13103,43.64218,5.09315,2,2,3,1,1,4,1,02,1,-1,0,50,1,0,1,3,1,14,5,3,9,12,2,1,9,201300016302B01,7,1,1,200054807
201300016307,2013-11-04,2013,novembre,lundi,11:30,13,13103,0,0,2,1,3,1,2,4,-1,02,1,-1,0,0,2,0,4,3,1,34,0,2,9,0,2,7,0,201300016307A01,14,0,1,200054807
201300016391,2013-01-26,2013,janvier,samedi,18:15,13,13071,0,0,2,9,3,5,1,3,2,02,4,3,0,70,1,0,1,4,1,19,5,2,9,0,2,1,1,201300016391B01,7,15,1,200054807
201300016466,2013-07-22,2013,juillet,lundi,23:10,13,13117,0,0,2,9,3,5,1,6,2,02,1,1,0,0,1,0,1,4,1,6,5,3,9,0,2,1,1,201300016466B01,7,1,1,200054807
201300016507,2013-09-26,2013,septembre,jeudi,18:00,13,13071,0,0,2,1,1,1,1,4,2,02,1,2,0,60,1,0,1,3,1,7,5,3,9,0,2,1,15,201300016507A01,7,1,1,200054807
201300016617,2013-04-02,2013,avril,mardi,14:30,95,95256,49.0071,2.2812,2,2,3,1,1,3,2,02,1,1,,,1,0,1,3,2,76,5,3,9,0,2,3,1,201300016617A01,7,15,1,200058485
201300016646,2013-04-08,2013,avril,lundi,16:30,67,67512,0,0,2,1,1,1,1,3,2,00,1,1,0,62,1,0,1,3,1,13,2,2,4,0,2,1,13,201300016646A01,7,1,1,
201300016653,2013-01-08,2013,janvier,mardi,08:25,14,14118,49.1731,-0.35433,2,1,6,4,1,4,2,04,2,1,0,170,1,0,1,4,1,39,1,2,9,0,2,1,1,201300016653B01,7,10,1,200065597
201300016673,2013-02-22,2013,février,vendredi,18:00,14,14341,49.1605,-0.36191,2,1,3,1,1,6,-1,00,1,1,0,0,1,0,1,4,1,10,5,3,9,0,2,1,1,201300016673B01,7,1,1,200065597
201300016675,2013-02-27,2013,février,mercredi,11:00,14,14118,0,0,2,1,3,1,1,4,1,01,1,1,0,0,1,0,1,4,1,33,5,3,9,0,2,1,1,201300016675A01,7,14,1,200065597
201300016715,2013-06-20,2013,juin,jeudi,18:30,14,14341,49.1543,-0.3533,2,1,3,1,1,4,2,02,1,1,0,70,1,0,1,3,1,6,2,2,2,0,2,1,19,201300016715B01,7,1,1,200065597
201300016727,2013-09-12,2013,septembre,jeudi,20:45,14,14118,0,0,2,1,6,5,1,4,2,02,1,1,0,70,1,0,1,3,2,26,0,3,9,0,2,8,15,201300016727A01,99,17,1,200065597
201300016728,2013-09-14,2013,septembre,samedi,16:15,14,14587,0,0,2,1,6,1,1,4,2,02,1,1,0,0,1,0,1,3,1,7,5,3,9,0,2,1,1,201300016728B01,7,1,1,200065597
201300016741,2013-10-28,2013,octobre,lundi,16:30,14,14118,0,0,2,1,6,1,2,4,2,02,1,1,16,70,2,0,1,3,1,59,1,1,2,1,0,1,1,201300016741B01,7,22,1,200065597
201300016766,2013-08-05,2013,août,lundi,17:55,14,14117,0,0,2,2,3,1,1,3,2,02,1,1,0,0,1,0,1,4,1,53,5,3,9,0,0,1,2,201300016766B01,7,2,1,200065563
201300016769,2013-08-15,2013,août,jeudi,11:45,14,14338,0,0,2,3,3,1,1,4,2,02,1,1,0,60,1,5,1,4,1,18,5,3,9,0,2,7,1,201300016769B01,7,15,1,200065563
201300016772,2013-09-25,2013,septembre,mercredi,18:00,14,14117,0,0,2,1,7,1,1,9,2,03,1,1,0,90,9,0,0,4,1,66,5,3,9,15,0,1,0,201300016772A01,,,,200065563
201300016774,2013-11-30,2013,novembre,samedi,13:25,14,14225,0,0,2,3,3,1,1,3,2,02,1,-1,86,86,1,0,1,4,1,32,5,3,9,0,2,7,0,201300016774A01,7,16,1,200065563
201300016786,2013-09-11,2013,septembre,mercredi,18:30,30,30135,43.83037,4.56379,2,1,1,1,1,3,2,02,1,1,0,75,1,0,1,4,1,54,5,1,2,0,2,8,0,201300016786B02,7,19,1,243000585
201300016786,2013-09-11,2013,septembre,mercredi,18:30,30,30135,43.83037,4.56379,2,1,1,1,1,3,2,02,1,1,0,75,1,0,1,3,1,32,0,1,2,0,2,8,0,201300016786B02,7,19,1,243000585
201300016788,2013-11-04,2013,novembre,lundi,11:45,30,30034,43.718,4.45978,1,1,2,1,1,3,2,02,2,1,0,65,1,0,1,2,1,61,5,3,1,0,2,4,2,201300016788B02,7,1,1,243000585
201300016819,2013-06-23,2013,juin,dimanche,15:30,14,14536,49.4087,0.24692,2,2,3,1,1,4,2,02,2,3,0,68,1,5,1,4,1,8,5,2,2,0,2,1,1,201300016819B01,7,1,1,200066827
201300016826,2013-09-14,2013,septembre,samedi,18:40,14,14333,0,0,2,1,3,1,8,4,2,02,1,1,76,49,1,0,1,3,2,9,5,1,9,0,0,1,19,201300016826B01,7,1,1,200066827
201300016874,2013-12-20,2013,décembre,vendredi,16:15,37,37281,0,0,1,1,6,1,1,4,2,01,-1,1,0,70,1,0,1,3,2,52,5,1,2,0,2,4,2,201300016874B02,99,2,1,200073161
201300016905,2013-04-20,2013,avril,samedi,11:30,14,14574,49.1255,0.18967,2,1,4,1,1,3,2,02,1,1,0,0,1,0,1,3,1,44,5,1,2,0,2,3,1,201300016905B01,7,17,1,200069532
201300016905,2013-04-20,2013,avril,samedi,11:30,14,14574,49.1255,0.18967,2,1,4,1,1,3,2,02,1,1,0,0,1,0,1,4,2,47,5,1,2,0,2,8,1,201300016905C01,7,17,1,200069532
201300016932,2013-09-12,2013,septembre,jeudi,17:25,14,14366,0,0,2,1,3,1,1,4,1,01,1,1,0,0,1,0,1,4,1,14,2,3,9,0,2,0,19,201300016932B01,2,5,1,200069532