Num_Acc,date,an,mois,jour,hrmn,dep,com,lat,long,agg,int,col,lum,atm,catr,circ,nbv,prof,plan,lartpc,larrout,surf,infra,situ,grav,sexe,age,trajet,secuexist,equipement,obs,obsm,choc,manv,vehiculeid,typevehicules,manoeuvehicules,numVehicules,_infos_commune.code_epci
201300016946,2013-08-05,2013,août,lundi,20:15,37,37083,0,0,2,1,1,1,1,4,2,02,-1,1,0,0,1,0,1,3,1,10,5,2,2,0,2,1,0,201300016946A01,7,1,1,200071587
201300016950,2013-08-09,2013,août,vendredi,17:00,87,87088,0,0,1,1,1,1,1,3,3,02,3,1,0,65,1,0,1,3,1,15,0,3,1,0,2,8,19,201300016950B02,10,1,1,200040814
201300016999,2013-08-20,2013,août,mardi,08:45,27,27679,48.756,0.942,1,1,2,1,1,3,2,02,1,1,0,60,1,0,1,3,1,35,5,1,2,0,2,4,2,201300016999B02,14,2,1,200066462
201300017033,2013-06-10,2013,juin,lundi,16:00,04,04046,0,0,1,1,3,1,1,3,2,00,2,2,0,35,1,0,1,3,1,61,5,1,2,0,2,8,1,201300017033A01,7,0,1,200067437
201300017089,2013-08-17,2013,août,samedi,14:00,24,24082,44.8322,1.29087,1,9,3,1,1,4,2,02,1,4,0,46,1,0,1,3,1,11,5,1,2,0,2,1,19,201300017089B02,7,1,1,200040830
201300017152,2013-10-02,2013,octobre,mercredi,10:15,07,07181,0,0,1,1,3,1,1,3,2,02,1,1,0,66,1,0,1,3,1,74,5,3,2,0,2,8,1,201300017152B02,7,1,1,200071413
201300017156,2013-04-22,2013,avril,lundi,15:45,07,07191,0,0,1,1,3,1,1,4,2,00,4,3,0,50,1,0,1,3,2,8,5,3,1,0,2,3,13,201300017156A01,7,1,1,200071405
201300017165,2013-06-28,2013,juin,vendredi,14:00,07,07017,0,0,1,1,6,1,1,3,2,02,-1,1,0,63,1,0,4,4,1,16,5,1,2,0,0,4,0,201300017165A01,,,,200039832
201300017174,2013-10-30,2013,octobre,mercredi,18:00,07,07052,0,0,1,9,1,3,1,3,2,02,2,1,0,70,1,0,1,3,1,52,5,2,2,0,2,1,1,201300017174B02,7,19,1,200041366
201300017203,2013-06-01,2013,juin,samedi,19:30,16,16275,45.91516,-0.13234,1,1,1,1,1,4,2,02,2,1,0,37,1,0,3,3,1,10,5,2,2,0,2,1,13,201300017203B02,7,21,1,200072023
201300017213,2013-07-25,2013,juillet,jeudi,12:00,36,36046,46.5764,1.99738,2,1,6,1,1,3,2,02,2,1,0,60,1,0,1,3,1,60,5,2,2,0,5,0,1,201300017213A01,,,,243600350
201300017221,2013-04-10,2013,avril,mercredi,11:30,36,36006,46.5916,1.52301,2,4,3,1,1,3,2,02,2,2,0,70,1,5,1,3,1,55,5,1,2,0,2,1,1,201300017221B02,7,15,1,200068872
201300017233,2013-06-26,2013,juin,mercredi,17:45,10,10033,48.23028,4.71796,2,3,3,1,1,4,2,02,1,1,,,-1,0,1,3,1,9,5,3,9,0,2,1,19,201300017233A01,7,1,1,241000405
201300017236,2013-11-05,2013,novembre,mardi,10:45,10,10032,0,0,1,1,2,1,2,3,2,02,2,1,,61,2,0,1,2,1,51,5,1,2,0,2,4,1,201300017236B02,7,1,1,241000405
201300017275,2013-12-04,2013,décembre,mercredi,15:00,18,18075,47.01269,3.05871,2,1,3,1,1,3,2,02,1,1,0,70,1,0,1,3,1,58,0,2,9,0,2,8,13,201300017275B02,7,17,1,200011781
201300017299,2013-03-16,2013,mars,samedi,10:30,18,18197,46.72398,2.50432,2,1,6,1,1,4,1,01,1,1,,50,1,6,4,1,2,15,5,2,9,0,1,2,5,201300017299A01,,,,200036135
201300017306,2013-11-11,2013,novembre,lundi,13:00,18,18197,46.7217,2.50671,2,2,1,1,1,4,1,01,1,1,0,50,1,0,1,4,1,15,5,1,9,0,2,2,1,201300017306A01,7,1,1,200036135
201300017333,2013-02-16,2013,février,samedi,11:45,18,18290,47.27377,2.23292,1,1,2,1,8,3,2,00,1,1,0,70,2,0,1,3,1,61,5,1,2,1,0,1,1,201300017333B02,7,24,1,200090561
201300017334,2013-03-10,2013,mars,dimanche,18:45,18,18011,47.57,2.465,1,1,3,2,1,3,2,00,1,1,0,73,1,0,1,3,1,67,5,2,9,0,2,8,15,201300017334B02,7,17,1,200000933
201300017348,2013-07-11,2013,juillet,jeudi,17:00,18,18237,47.07783,2.18058,1,6,2,1,1,3,2,02,1,1,,,1,,,4,1,44,1,2,2,0,0,4,1,201300017348B02,7,2,1,200070571
201300017361,2013-12-11,2013,décembre,mercredi,12:15,73,73103,45.6546,5.9135,1,4,3,1,1,3,2,02,1,1,0,70,1,5,1,3,1,15,5,1,2,0,2,3,9,201300017361B02,7,1,1,200068674
201300017367,2013-06-07,2013,juin,vendredi,17:30,73,73051,0,0,1,1,3,1,1,9,2,00,1,1,0,50,1,0,5,3,1,64,5,1,2,0,9,3,19,201300017367B02,1,0,1,200068674
201300017367,2013-06-07,2013,juin,vendredi,17:30,73,73051,0,0,1,1,3,1,1,9,2,00,1,1,0,50,1,0,5,4,1,19,5,1,2,0,9,1,0,201300017367A01,1,19,1,200068674
201300017368,2013-06-16,2013,juin,dimanche,14:00,73,73051,45.65513,5.83551,1,1,7,1,1,3,2,02,2,3,0,46,1,0,3,2,1,61,5,1,2,0,0,0,1,201300017368A01,,,,200068674
201300017380,2013-09-14,2013,septembre,samedi,12:15,73,73256,45.20784,6.45796,1,1,1,1,1,3,2,00,2,3,0,80,1,0,0,3,1,38,5,1,2,0,2,0,1,201300017380B02,7,13,1,247300452
201300017404,2013-07-02,2013,juillet,mardi,14:30,64,64443,0,0,2,1,3,1,1,3,2,02,-1,1,0,68,1,0,1,3,1,14,5,3,1,0,2,1,19,201300017404A01,7,1,1,200039204
201300017411,2013-04-08,2013,avril,lundi,18:15,45,45300,47.84406,2.02489,2,1,1,1,1,4,2,02,1,2,0,48,1,0,1,3,1,13,5,1,9,0,2,1,13,201300017411A01,7,1,1,244500427
201300017450,2013-07-10,2013,juillet,mercredi,12:45,60,60472,0,0,2,2,3,1,1,4,2,01,1,2,0,28,-1,0,1,3,1,11,5,1,2,0,2,1,1,201300017450B02,7,0,1,246000848
201300017453,2013-07-28,2013,juillet,dimanche,09:45,60,60084,0,0,1,1,1,1,1,3,2,02,-1,1,0,67,1,0,1,3,1,57,5,1,2,0,2,4,1,201300017453B02,7,2,1,246000848
201300017494,2013-08-05,2013,août,lundi,07:45,60,60582,49.481,2.942,1,1,3,1,1,4,2,02,1,1,0,30,1,0,1,3,2,66,5,2,2,0,2,6,1,201300017494B02,7,17,1,246000772
201300017519,2013-08-09,2013,août,vendredi,09:45,83,83084,0,0,1,1,6,1,1,3,2,02,1,-1,0,54,1,0,1,3,2,64,5,1,2,0,2,4,2,201300017519B02,99,0,1,200040202
201300017551,2013-04-24,2013,avril,mercredi,16:00,50,50082,49.47,-1.64118,2,2,3,1,1,3,2,02,1,1,0,0,1,0,1,3,1,48,5,1,2,0,2,1,1,201300017551B01,7,19,1,200067205
201300017603,2013-07-24,2013,juillet,mercredi,15:15,06,06158,43.941,7.087,2,1,3,1,1,3,2,02,1,1,0,71,1,0,3,4,1,44,5,1,2,0,2,8,1,201300017603B02,7,13,1,200039931
201300017615,2013-03-17,2013,mars,dimanche,09:15,72,72358,0,0,2,1,2,1,1,3,2,02,2,1,0,70,2,0,1,3,1,64,5,2,2,0,2,8,13,201300017615B02,7,17,1,200072684
201300017618,2013-08-28,2013,août,mercredi,18:30,72,72089,0,0,1,1,3,1,1,3,2,02,3,1,0,65,1,0,1,3,1,47,5,1,2,0,2,6,19,201300017618A01,7,1,1,200072718
201300017645,2013-06-05,2013,juin,mercredi,10:45,54,54465,48.47139,6.29509,2,1,3,1,1,3,2,00,-1,1,0,0,1,0,1,4,1,6,5,3,1,0,2,1,19,201300017645B02,7,1,1,200035772
201300017660,2013-09-06,2013,septembre,vendredi,16:00,66,66024,0,0,1,1,1,1,1,4,2,00,2,3,0,80,1,0,1,3,1,51,5,1,2,0,2,8,1,201300017660B02,7,15,1,246600373
201300017664,2013-03-30,2013,mars,samedi,15:20,14,14220,49.3628,0.08486,2,1,2,1,1,3,3,04,1,1,0,0,1,0,1,4,1,22,5,3,9,0,2,1,1,201300017664B01,7,23,1,241400415
201300017680,2013-09-22,2013,septembre,dimanche,09:25,14,14699,0,0,2,1,6,1,1,4,2,02,1,1,0,0,1,0,1,1,1,74,5,3,9,0,1,1,1,201300017680A01,,,,241400415
201300017798,2013-03-11,2013,mars,lundi,14:00,01,01052,46.0254,4.99055,1,3,3,1,1,3,2,02,1,1,0,63,1,5,1,3,1,78,5,1,2,0,2,5,1,201300017798B01,13,9,1,200069193
201300017801,2013-08-13,2013,août,mardi,09:55,01,01005,45.9987,4.9024,2,2,3,1,1,3,2,02,1,1,0,75,1,0,1,4,1,64,5,3,8,0,2,8,1,201300017801B01,7,15,1,200042497
201300017839,2013-03-08,2013,mars,vendredi,17:15,03,03109,0,0,2,3,3,1,1,3,2,02,1,1,0,50,1,0,1,3,1,14,0,1,2,0,2,1,19,201300017839B02,7,1,1,200071389
201300017847,2013-08-03,2013,août,samedi,10:45,84,84017,44.14,5.304,1,1,7,1,2,3,2,02,-1,3,0,60,2,0,1,2,1,60,5,3,1,0,0,0,0,201300017847A01,,,,248400053
201300017868,2013-06-05,2013,juin,mercredi,23:30,02,02154,49.309,3.409,2,1,7,4,1,3,2,02,2,1,0,54,1,0,1,2,1,51,5,2,2,0,0,1,1,201300017868A01,,,,240200519
201300017894,2013-08-26,2013,août,lundi,19:30,38,38529,0,0,2,1,1,1,1,3,2,02,2,1,0,70,1,0,1,3,2,31,5,1,2,0,2,8,19,201300017894A01,7,1,1,200040715
201300017902,2013-07-07,2013,juillet,dimanche,11:15,38,38039,0,0,1,1,7,1,1,3,2,01,2,2,0,75,9,0,1,3,1,75,5,1,2,14,0,0,1,201300017902A01,,,,200018166
201300017948,2013-08-13,2013,août,mardi,13:45,29,29165,47.80847,-4.22555,1,1,1,1,1,3,2,02,1,1,0,0,1,0,1,2,1,49,9,3,1,0,2,1,13,201300017948A01,10,17,1,242900702
201300017989,2013-08-17,2013,août,samedi,15:15,35,35320,0,0,2,1,1,1,1,3,-1,02,-1,1,0,54,1,0,1,3,1,64,5,1,2,0,2,3,1,201300017989B02,7,13,1,200038990
201300018006,2013-07-06,2013,juillet,samedi,16:00,35,35299,0,0,1,1,6,3,1,3,2,00,-1,-1,0,0,1,0,0,3,2,30,1,1,4,0,0,4,0,201300018006B02,99,0,1,243500782
201300018043,2013-03-17,2013,mars,dimanche,11:15,44,44005,0,0,1,1,7,1,6,4,2,02,1,1,0,70,2,0,1,3,1,49,5,1,2,0,0,0,1,201300018043A01,,,,200067346
201300018047,2013-06-24,2013,juin,lundi,15:45,44,44169,0,0,1,1,1,1,1,3,2,02,1,1,0,56,1,0,1,3,2,62,5,1,2,0,0,6,13,201300018047B02,7,21,1,200067866
201300018059,2013-04-26,2013,avril,vendredi,12:00,44,44069,0,0,1,1,3,1,1,3,2,02,1,1,60,0,1,0,1,3,1,15,3,2,2,0,2,6,15,201300018059B02,7,13,1,244400610
201300018075,2013-06-13,2013,juin,jeudi,11:00,25,25259,0,0,2,1,2,1,1,3,2,02,1,2,0,69,1,0,1,3,1,59,5,1,2,0,2,4,1,201300018075B02,10,1,1,242504496
201300018088,2013-06-20,2013,juin,jeudi,09:45,39,39552,0,0,1,1,2,1,1,3,2,02,2,1,0,0,1,0,1,3,1,46,5,1,2,0,2,6,1,201300018088B02,10,17,1,200071116
201300018105,2013-01-24,2013,janvier,jeudi,17:45,22,22375,48.6163,-2.98416,2,4,3,4,8,3,2,02,1,1,,,1,0,1,3,1,8,5,3,9,0,2,8,15,201300018105B02,7,1,1,200069086
201300018106,2013-06-11,2013,juin,mardi,16:30,22,22236,48.66334,-2.98636,2,1,3,1,1,3,2,00,1,1,0,40,1,0,1,3,2,21,5,2,2,0,2,1,19,201300018106A01,7,1,1,200069086
201300018119,2013-07-12,2013,juillet,vendredi,15:15,22,22338,48.64218,-3.17925,1,1,1,1,1,3,2,02,1,2,0,36,1,0,1,3,1,42,5,1,2,0,2,1,13,201300018119B02,14,1,1,200067981
201300018128,2013-05-18,2013,mai,samedi,11:45,68,68232,47.52483,7.50787,1,1,1,1,1,9,2,00,2,2,16,32,1,0,5,3,1,49,5,1,2,0,2,1,13,201300018128B02,7,1,1,200066058
201300018146,2013-05-21,2013,mai,mardi,11:45,34,34299,0,0,2,1,3,1,1,3,3,02,1,1,15,81,1,5,0,3,2,68,5,3,1,0,2,8,19,201300018146B02,7,1,1,243400769
201300018148,2013-09-03,2013,septembre,mardi,15:45,34,34036,43.688,3.359,2,6,3,1,1,3,1,02,1,2,0,0,1,0,1,3,2,58,5,1,2,0,2,3,1,201300018148B02,10,16,1,200017341
201300018156,2013-09-27,2013,septembre,vendredi,14:45,34,34175,0,0,1,1,3,1,2,3,2,02,4,4,0,70,2,0,1,4,1,61,5,1,2,0,0,0,0,201300018156B02,7,14,1,243400355
201300018169,2013-09-10,2013,septembre,mardi,11:34,15,15014,0,0,2,1,3,1,1,4,2,03,1,1,0,120,1,0,4,3,1,68,5,2,2,0,2,3,1,201300018169B01,7,9,1,241500230
201300018179,2013-11-12,2013,novembre,mardi,16:30,34,34332,0,0,1,1,2,1,1,3,-1,02,-1,1,0,82,1,0,1,4,2,70,0,1,2,0,0,4,2,201300018179B02,7,2,1,243400819
201300018198,2013-11-23,2013,novembre,samedi,11:00,86,86290,0,0,2,1,6,1,1,9,2,02,1,1,0,0,1,0,1,4,1,63,5,2,2,0,5,1,1,201300018198A01,,,,200043628
201300018206,2013-05-23,2013,mai,jeudi,17:45,86,86281,0,0,1,2,5,1,1,4,2,01,1,1,0,50,1,5,1,4,1,12,5,1,2,0,2,4,16,201300018206C03,7,1,1,200069763
201300018206,2013-05-23,2013,mai,jeudi,17:45,86,86281,0,0,1,2,5,1,1,4,2,01,1,1,0,50,1,5,1,3,1,13,5,1,2,0,2,8,16,201300018206B02,7,1,1,200069763
201300018210,2013-08-07,2013,août,mercredi,20:00,86,86144,0,0,2,3,3,1,1,4,2,02,1,-1,0,40,1,0,1,4,1,15,5,3,8,0,2,1,15,201300018210B02,31,1,1,200069763
201300018221,2013-10-09,2013,octobre,mercredi,16:30,86,86137,0,0,2,1,3,1,1,9,2,01,1,1,0,35,1,0,1,3,1,64,5,1,2,0,2,1,18,201300018221A01,7,1,1,248600447
201300018229,2013-08-08,2013,août,jeudi,09:00,29,29140,48.35612,-4.31472,1,1,2,1,1,4,2,00,2,1,0,46,1,0,1,3,1,53,1,1,2,0,2,4,2,201300018229B02,7,2,1,242900801
201300018243,2013-08-19,2013,août,lundi,11:00,41,41150,47.5625,1.45502,2,6,3,1,1,3,2,02,1,1,0,0,1,5,1,2,1,77,5,1,2,0,2,8,1,201300018243B02,7,9,1,244100798
201300018255,2013-07-17,2013,juillet,mercredi,20:00,41,41051,47.3564,1.13897,1,1,2,1,1,3,2,02,1,1,0,55,1,0,1,2,1,52,5,1,2,0,2,4,1,201300018255B02,7,2,1,200072064
201300018292,2013-12-31,2013,décembre,mardi,15:00,47,47310,0,0,2,1,1,1,1,3,2,02,1,1,0,60,1,0,1,3,1,60,5,2,9,0,0,6,19,201300018292A01,33,1,1,200030674
201300018311,2013-10-25,2013,octobre,vendredi,18:00,42,42097,45.5021,4.32117,2,1,1,1,1,9,2,02,1,4,0,53,1,0,1,3,1,13,5,3,8,0,0,1,1,201300018311B02,7,0,1,244200770
201300018312,2013-11-13,2013,novembre,mercredi,16:00,42,42030,45.81059,4.03943,1,1,1,1,1,3,-1,02,2,1,0,62,1,0,1,2,1,85,0,3,1,0,2,4,1,201300018312B02,7,1,1,200065886
201300018321,2013-09-21,2013,septembre,samedi,10:45,42,42334,45.84967,4.30372,1,1,3,1,7,3,2,02,2,1,0,0,1,0,1,3,1,72,5,1,2,0,2,1,1,201300018321B02,7,15,1,200065894
201300018366,2013-03-17,2013,mars,dimanche,11:15,49,49101,47.65078,-0.07261,1,1,2,1,1,3,2,02,2,1,52,0,1,0,1,3,2,53,5,1,2,0,0,4,2,201300018366B02,30,2,1,
201300018385,2013-08-14,2013,août,mercredi,15:00,55,55002,49.205,5.557,1,1,3,1,1,3,2,00,1,1,0,80,1,0,1,4,1,37,5,2,2,0,2,8,1,201300018385B02,10,17,1,245501242
201300018395,2013-03-25,2013,mars,lundi,16:30,61,61210,48.67069,-0.15189,1,1,1,1,1,4,2,02,2,1,0,60,1,0,1,3,1,67,5,1,2,0,2,8,2,201300018395B02,7,17,1,200068450
201300018400,2013-07-31,2013,juillet,mercredi,15:00,61,61145,48.83011,-0.58271,1,1,3,1,1,3,2,02,1,1,0,70,1,0,1,3,1,22,5,1,2,0,2,3,13,201300018400B02,14,17,1,200071520
201300018401,2013-09-03,2013,septembre,mardi,11:30,61,61091,48.58797,-0.50067,1,1,2,1,7,3,2,02,1,1,0,74,1,0,1,3,1,65,5,1,2,0,2,4,2,201300018401B02,7,17,1,200071520
201300018421,2013-10-29,2013,octobre,mardi,11:15,61,61345,48.42973,0.75458,1,1,2,1,1,3,2,02,1,1,0,60,1,0,1,3,1,69,5,1,2,0,2,6,0,201300018421B02,7,2,1,200068435
201300018491,2013-07-06,2013,juillet,samedi,18:15,89,89226,0,0,2,1,1,1,1,3,2,02,1,-1,50,0,1,0,1,3,2,54,1,2,2,0,2,1,16,201300018491B02,7,17,1,200067080
201300018536,2013-05-07,2013,mai,mardi,14:30,71,71535,47.006,4.25466,1,1,3,1,1,4,2,00,2,1,31,31,1,0,1,4,1,80,5,1,2,0,2,8,1,201300018536B02,7,17,1,200070530
201300018543,2013-09-05,2013,septembre,jeudi,07:15,71,71162,0,0,1,1,1,1,7,3,2,03,2,1,0,85,1,0,1,3,1,77,5,2,2,0,0,4,2,201300018543B02,10,2,1,200070530
201300018546,2013-07-05,2013,juillet,vendredi,12:00,71,71192,46.86674,4.19916,2,6,3,1,1,3,-1,02,2,4,0,80,1,5,1,4,1,57,1,2,2,0,2,1,1,201300018546B02,7,9,1,200070530
201300018547,2013-04-14,2013,avril,dimanche,09:45,71,71191,0,0,1,1,1,1,1,3,2,00,-1,-1,0,0,1,0,1,3,1,32,5,1,2,0,2,0,16,201300018547A01,10,1,1,247100290
201300018557,2013-08-06,2013,août,mardi,08:45,71,71380,0,0,2,1,3,1,1,3,2,02,2,1,0,0,1,5,1,2,1,90,5,2,2,0,2,8,1,201300018557B02,7,15,1,200042414
201300018580,2013-02-23,2013,février,samedi,14:00,69,69063,0,0,2,1,1,1,1,3,2,02,1,1,0,70,1,0,1,3,1,51,5,1,2,0,0,0,1,201300018580B02,10,1,1,200046977
201300018609,2013-09-09,2013,septembre,lundi,17:45,65,65460,43.36911,0.06136,2,1,2,1,1,3,2,02,1,1,0,0,1,5,1,3,1,10,5,2,2,0,2,6,15,201300018609B02,7,1,1,200072106
201300018611,2013-05-20,2013,mai,lundi,12:30,65,65395,43.10246,-0.17034,2,1,6,1,1,3,2,00,-1,1,0,0,1,5,1,4,1,49,5,1,2,0,1,1,0,201300018611A01,,,,200069300
201300018613,2013-09-02,2013,septembre,lundi,18:30,65,65029,42.99176,-0.12923,2,1,7,1,1,3,2,00,2,1,0,0,1,0,1,4,1,55,5,1,2,14,0,0,1,201300018613A01,,,,200070811
201300018615,2013-09-09,2013,septembre,lundi,18:30,65,65388,42.82173,0.32801,2,6,1,1,1,3,2,00,1,3,261,0,1,5,1,3,1,55,5,1,2,0,0,7,6,201300018615B02,10,6,1,246500573
201300018697,2013-11-10,2013,novembre,dimanche,14:45,80,80182,0,0,1,1,7,1,6,3,2,02,1,1,0,60,1,0,1,3,1,31,0,2,2,0,0,1,1,201300018697A01,,,,200070993
201300018713,2013-12-27,2013,décembre,vendredi,17:30,80,80030,0,0,1,1,2,3,2,3,-1,02,1,1,0,65,2,0,1,2,1,42,5,2,4,0,2,4,1,201300018713B02,7,1,1,200070936
201300018714,2013-04-13,2013,avril,samedi,16:15,80,80253,0,0,1,1,3,1,2,2,2,02,2,1,0,0,2,0,1,3,1,39,5,2,4,0,2,8,2,201300018714B02,7,14,1,200070951
201300018723,2013-01-31,2013,janvier,jeudi,15:00,80,80318,0,0,1,1,2,1,6,3,2,02,1,1,0,70,1,0,1,4,1,51,5,2,2,0,0,4,1,201300018723B02,7,1,1,200071223
201300018760,2013-07-27,2013,juillet,samedi,20:45,80,80432,0,0,2,1,1,1,2,3,2,02,-1,-1,0,0,2,0,0,3,1,14,5,1,2,0,2,1,19,201300018760A01,7,1,1,200070928
201300018764,2013-10-02,2013,octobre,mercredi,15:30,80,80295,49.92859,2.67349,2,1,1,1,1,4,2,02,2,2,0,59,1,0,1,4,1,8,5,1,2,0,2,1,13,201300018764A01,7,1,1,248000747
201300018768,2013-01-04,2013,janvier,vendredi,18:30,80,80616,0,0,1,1,1,3,5,3,2,02,4,1,0,70,2,0,1,3,1,43,1,1,2,0,0,4,2,201300018768B02,7,2,1,200070985
201300018823,2013-02-15,2013,février,vendredi,16:00,79,79254,0,0,1,2,1,1,1,3,2,02,2,1,0,151,1,5,1,3,1,63,5,1,2,0,2,1,1,201300018823B02,7,19,1,200041317
201300018825,2013-06-14,2013,juin,vendredi,17:45,79,79257,0,0,2,4,1,1,1,3,2,02,1,1,0,56,1,0,1,3,1,14,5,2,2,0,0,3,15,201300018825B02,7,1,1,200041317
201300018830,2013-11-03,2013,novembre,dimanche,17:30,79,79031,0,0,2,2,1,2,9,3,2,02,3,1,0,0,1,0,1,3,1,20,5,2,2,0,2,7,19,201300018830A01,7,1,1,200041317
201300018860,2013-03-23,2013,mars,samedi,12:30,79,79188,0,0,2,9,3,1,1,3,3,00,3,3,0,52,1,0,1,3,1,15,5,2,9,0,2,8,19,201300018860B02,7,1,1,
201300018866,2013-12-23,2013,décembre,lundi,13:45,79,79007,0,0,1,1,1,1,1,4,2,00,2,4,0,51,1,0,1,3,1,18,5,2,2,0,2,8,13,201300018866A01,7,1,1,200041333
201300018870,2013-01-28,2013,janvier,lundi,14:15,76,76482,49.86906,1.04897,2,1,6,1,1,3,2,00,1,1,0,159,1,5,1,3,1,67,5,3,9,0,2,8,1,201300018870A01,7,1,1,247600786
201300018913,2013-08-22,2013,août,jeudi,17:45,67,67188,0,0,1,6,3,1,1,3,-1,00,1,-1,0,0,1,5,0,3,1,53,5,2,2,0,2,4,1,201300018913A01,7,1,1,246701064
201300018933,2013-05-07,2013,mai,mardi,19:30,77,77347,0,0,2,2,3,2,1,3,2,02,1,1,0,0,1,5,1,4,1,55,5,1,2,0,0,1,1,201300018933B02,7,1,1,200040251
201300018943,2013-02-01,2013,février,vendredi,12:00,74,74255,0,0,1,4,3,1,2,4,2,00,-1,1,0,0,2,0,1,3,1,16,1,3,1,0,2,1,9,201300018943A01,7,1,1,247400740
201300018971,2013-03-16,2013,mars,samedi,14:00,74,74269,0,0,1,1,1,1,1,3,2,01,2,1,0,34,1,0,1,3,1,49,5,1,2,0,2,1,1,201300018971B02,30,1,1,200070852
201300018972,2013-06-17,2013,juin,lundi,12:30,74,74195,0,0,1,1,1,1,1,3,2,02,1,2,0,70,1,0,1,1,1,39,5,1,9,0,0,8,10,201300018972B02,33,2,1,200070852
201300018977,2013-04-26,2013,avril,vendredi,14:45,59,59663,50.8822,2.47192,2,1,1,1,1,3,2,02,1,1,0,60,2,0,1,4,1,11,5,3,1,0,2,7,19,201300018977B02,7,1,1,200040954
201300018986,2013-07-11,2013,juillet,jeudi,09:45,56,56067,0,0,1,2,1,1,1,3,2,02,2,1,0,63,1,0,1,3,1,64,5,1,2,0,2,1,19,201300018986B02,7,1,1,200067932
201300018993,2013-07-03,2013,juillet,mercredi,16:45,56,56184,0,0,1,1,2,1,1,3,2,02,4,1,0,50,1,0,1,2,1,77,5,1,2,0,2,9,1,201300018993B02,15,1,1,245614383
201300018997,2013-12-09,2013,décembre,lundi,16:15,56,56206,0,0,1,1,2,1,7,3,2,02,3,2,0,0,1,0,1,3,1,34,0,2,2,0,2,4,2,201300018997B02,14,2,1,200067932
201300019003,2013-09-21,2013,septembre,samedi,22:00,56,56258,47.5865,-3.02705,2,1,2,5,1,3,3,02,1,1,7,35,1,0,1,3,2,54,5,1,2,0,2,4,1,201300019003B02,33,1,1,200043123
201300019005,2013-01-03,2013,janvier,jeudi,15:00,56,56078,47.79021,-3.47537,1,1,6,1,1,4,2,00,-1,1,0,45,1,0,1,3,1,62,5,1,2,0,5,7,1,201300019005A01,,,,200042174
201300019007,2013-06-18,2013,juin,mardi,15:00,56,56036,0,0,1,1,1,1,1,3,2,00,1,1,39,62,1,2,1,3,1,77,5,1,2,0,2,1,1,201300019007B02,15,15,1,200042174
201300019018,2013-04-23,2013,avril,mardi,11:00,56,56193,47.71364,-3.33149,2,6,3,1,1,4,2,02,1,1,0,0,1,5,1,3,1,63,5,2,2,0,2,1,1,201300019018B02,7,9,1,200042174
201300019019,2013-05-22,2013,mai,mercredi,07:30,56,56013,0,0,2,6,3,1,1,3,2,00,1,1,0,44,1,5,1,3,1,53,1,1,2,0,2,1,1,201300019019B02,7,9,1,200043123
201300019041,2013-08-04,2013,août,dimanche,19:00,56,56187,47.88969,-2.45442,1,1,1,1,1,4,2,00,1,1,0,47,1,0,1,3,1,9,5,2,2,0,2,3,15,201300019041B02,7,1,1,
201300019042,2013-08-07,2013,août,mercredi,10:45,56,56190,47.98216,-2.7702,1,1,1,1,1,4,2,01,1,1,0,42,1,0,1,3,2,61,5,1,9,0,2,1,1,201300019042B02,7,16,1,245614433
201300019078,2013-03-23,2013,mars,samedi,13:30,19,19019,44.989,1.826,1,1,2,1,1,3,2,02,1,1,0,62,1,0,1,3,1,65,5,1,2,0,2,4,1,201300019078B02,10,1,1,200066769
201300019098,2013-10-17,2013,octobre,jeudi,11:30,56,56094,0,0,1,1,2,1,1,3,2,02,4,3,0,0,1,0,1,2,1,73,5,1,2,0,2,8,1,201300019098B02,7,1,1,245600440
201300019125,2013-08-01,2013,août,jeudi,11:00,51,51261,0,0,2,6,1,1,1,3,1,01,1,2,100,52,1,5,1,3,1,83,5,3,9,0,2,1,5,201300019125A01,7,15,1,
201300019126,2013-10-23,2013,octobre,mercredi,17:15,51,51440,0,0,2,1,1,1,1,3,1,01,2,1,0,50,1,0,1,2,2,8,5,3,1,0,2,4,13,201300019126B02,15,1,1,200067213
201300019133,2013-09-07,2013,septembre,samedi,19:30,51,51507,0,0,1,3,3,1,1,3,2,02,-1,1,0,68,1,0,1,3,1,19,5,1,2,0,2,1,15,201300019133B02,7,1,1,200042703
201300019140,2013-08-22,2013,août,jeudi,05:45,95,95056,49.0959,2.3616,1,1,3,3,1,3,2,02,1,1,,,1,0,1,3,1,34,1,3,9,0,2,1,1,201300019140B02,13,15,1,200073013
201300019145,2013-06-08,2013,juin,samedi,16:30,89,89291,48.115,3.286,1,1,3,1,1,3,2,03,3,1,0,100,1,0,1,3,1,55,5,1,4,0,2,8,19,201300019145A01,7,1,1,248900334
201300019150,2013-04-22,2013,avril,lundi,15:30,57,57193,49.22902,6.21087,1,9,3,1,7,4,2,02,1,1,0,82,1,0,1,3,1,16,5,2,2,0,2,1,19,201300019150A01,17,1,1,200039949
201300019167,2013-05-03,2013,mai,vendredi,12:45,35,35051,48.15465,-1.62455,1,6,1,1,1,3,1,03,1,2,0,0,1,5,1,4,1,53,5,1,2,0,2,1,1,201300019167B02,7,9,1,243500139
201300019181,2013-03-31,2013,mars,dimanche,17:45,83,83087,0,0,1,1,1,1,1,3,3,02,2,3,61,0,1,0,1,2,1,81,5,1,2,16,9,0,0,201300019181A01,1,0,1,200068104