Num_Acc,date,an,mois,jour,hrmn,dep,com,lat,long,agg,int,col,lum,atm,catr,circ,nbv,prof,plan,lartpc,larrout,surf,infra,situ,grav,sexe,age,trajet,secuexist,equipement,obs,obsm,choc,manv,vehiculeid,typevehicules,manoeuvehicules,numVehicules,_infos_commune.code_epci
201300019181,2013-03-31,2013,mars,dimanche,17:45,83,83087,0,0,1,1,1,1,1,3,3,02,2,3,61,0,1,0,1,3,1,70,5,1,2,0,9,0,0,201300019181B02,1,0,1,200068104
201300019185,2013-10-29,2013,octobre,mardi,19:30,83,83073,0,0,2,1,2,3,2,3,2,02,2,1,0,100,2,0,1,3,1,27,5,2,4,0,2,5,2,201300019185B02,7,2,1,248300550
201300019216,2013-02-07,2013,février,jeudi,16:30,34,34169,43.6678,3.8557,1,3,1,1,1,4,2,02,-1,1,,6,-1,0,0,2,1,41,5,2,2,0,2,1,1,201300019216B02,7,15,1,243400017
201300019226,2013-10-16,2013,octobre,mercredi,17:45,34,34077,0,0,2,1,2,1,1,4,2,02,1,1,0,70,1,0,1,3,2,82,5,1,2,0,2,4,2,201300019226B02,7,2,1,243400017
201300019227,2013-11-22,2013,novembre,vendredi,15:00,34,34090,0,0,1,1,3,1,8,3,2,00,1,1,0,66,1,0,1,3,1,66,0,2,2,0,2,8,19,201300019227B02,7,15,1,243400017
201300019281,2013-09-04,2013,septembre,mercredi,17:35,16,16154,45.67837,0.17525,2,1,2,1,1,3,2,02,1,1,0,46,1,0,1,3,1,16,5,1,4,0,2,1,1,201300019281B01,7,15,1,200071827
201300019290,2013-10-30,2013,octobre,mercredi,17:30,16,16113,45.61092,0.10145,2,1,2,2,1,3,1,01,2,1,0,36,1,5,1,4,1,13,5,1,2,0,2,1,2,201300019290A01,7,23,1,200071827
201300019298,2013-08-19,2013,août,lundi,15:25,16,16015,45.64768,0.16443,2,6,3,1,1,4,2,01,2,2,17,78,1,0,1,4,2,24,5,3,9,0,2,1,2,201300019298B01,7,10,1,200071827
201300019310,2013-06-07,2013,juin,vendredi,07:25,16,16102,45.69442,-0.34764,2,6,2,1,1,2,1,01,1,2,400,85,1,5,1,3,1,42,1,3,9,0,2,4,9,201300019310B01,7,1,1,200070514
201300019312,2013-06-10,2013,juin,lundi,08:40,16,16089,45.67877,-0.31148,2,6,3,1,1,3,1,01,1,1,200,70,1,5,1,3,1,50,1,2,9,0,2,5,16,201300019312B01,7,15,1,200070514
201300019314,2013-09-04,2013,septembre,mercredi,08:10,16,16102,45.41302,-0.19375,2,1,7,1,1,3,2,02,1,1,18,57,1,0,1,2,1,57,1,3,9,0,2,8,1,201300019314B01,10,17,1,200070514
201300019324,2013-07-14,2013,juillet,dimanche,10:45,77,77006,0,0,1,1,2,1,1,3,2,02,1,1,0,62,1,0,1,3,1,43,5,1,9,0,0,6,2,201300019324B02,7,2,1,200072346
201300019336,2013-02-02,2013,février,samedi,10:05,17,17299,45.94768,-0.97184,2,1,6,1,1,4,-1,00,1,1,0,55,1,0,4,1,1,19,0,1,9,0,1,1,0,201300019336A01,,,,200041762
201300019343,2013-02-13,2013,février,mercredi,20:05,17,17299,45.92901,-0.95653,2,1,3,5,2,4,1,01,1,1,0,0,2,0,1,3,1,33,0,2,4,0,2,8,1,201300019343B01,7,1,1,200041762
201300019347,2013-03-07,2013,mars,jeudi,18:20,17,17299,45.95824,-0.9692,2,6,3,2,2,3,1,01,1,2,0,40,2,5,1,1,1,57,4,1,2,0,2,7,1,201300019347B01,10,9,1,200041762
201300019350,2013-03-11,2013,mars,lundi,10:45,17,17299,45.96179,-0.97943,1,1,7,1,2,3,2,02,1,1,0,0,2,0,1,3,1,75,5,3,9,0,2,8,1,201300019350B01,7,1,1,200041762
201300019358,2013-04-30,2013,avril,mardi,08:15,17,17449,45.94602,-0.89163,2,6,3,1,2,4,2,02,1,1,0,65,2,0,1,3,2,15,2,3,9,0,2,7,1,201300019358B01,7,1,1,200041762
201300019359,2013-05-06,2013,mai,lundi,17:50,17,17299,45.9287,-0.96006,2,1,3,1,1,4,2,01,1,1,0,42,1,0,1,4,1,14,2,2,9,0,2,1,0,201300019359B01,7,1,1,200041762
201300019373,2013-06-27,2013,juin,jeudi,17:30,17,17299,45.93017,-0.95974,2,2,3,1,1,4,2,02,1,1,0,60,1,0,1,4,2,64,5,3,9,0,2,7,0,201300019373B01,7,0,1,200041762
201300019379,2013-07-29,2013,juillet,lundi,17:30,17,17299,45.94687,-0.9762,2,6,3,1,1,4,1,01,1,2,0,40,1,0,1,4,2,40,1,3,9,0,2,8,0,201300019379B01,7,0,1,200041762
201300019381,2013-08-06,2013,août,mardi,19:35,17,17299,45.93881,-0.9628,2,2,3,1,1,4,1,01,1,1,0,50,1,0,1,4,1,16,5,3,9,0,2,8,1,201300019381B01,7,0,1,200041762
201300019391,2013-09-16,2013,septembre,lundi,07:55,17,17299,45.9312,-0.97027,2,1,3,1,2,4,2,02,1,1,0,60,2,0,1,4,2,11,2,3,9,1,2,7,1,201300019391B01,7,9,1,200041762
201300019394,2013-09-24,2013,septembre,mardi,08:10,17,17299,45.94307,-0.96014,2,6,3,1,1,3,2,02,2,1,0,50,1,0,1,4,2,71,5,3,9,0,2,7,1,201300019394B01,7,9,1,200041762
201300019398,2013-10-14,2013,octobre,lundi,16:55,17,17299,45.94106,-0.96014,2,2,3,1,1,4,-1,02,1,1,0,45,1,0,1,4,1,12,2,3,9,0,2,1,1,201300019398A01,7,15,1,200041762
201300019400,2013-10-18,2013,octobre,vendredi,18:25,17,17449,45.94364,-0.89138,2,1,1,1,1,4,2,02,1,1,0,100,1,0,1,4,1,12,5,3,9,0,2,1,1,201300019400B01,7,1,1,200041762
201300019409,2013-11-20,2013,novembre,mercredi,13:30,17,17299,45.93288,-0.96643,2,1,7,1,1,3,2,02,1,1,0,50,1,0,1,3,1,41,1,2,9,0,0,7,0,201300019409B01,7,0,1,200041762
201300019410,2013-11-20,2013,novembre,mercredi,18:45,17,17299,45.94578,-0.95566,2,1,3,5,2,3,2,06,1,1,0,60,2,0,1,4,2,17,5,3,9,0,2,8,2,201300019410B01,7,17,1,200041762
201300019417,2013-12-19,2013,décembre,jeudi,09:45,17,17299,45.93099,-0.96577,2,6,3,1,1,3,1,01,1,2,0,50,2,5,1,3,2,17,2,3,9,0,2,8,0,201300019417B01,7,16,1,200041762
201300019418,2013-12-19,2013,décembre,jeudi,19:15,17,17449,45.95015,-0.92565,2,3,3,5,2,3,2,02,1,1,0,70,2,0,5,4,1,16,5,3,9,0,2,8,1,201300019418B01,7,9,1,200041762
201300019424,2013-01-23,2013,janvier,mercredi,10:23,17,17300,46.1471,-1.15094,2,1,2,1,1,4,-1,01,-1,-1,0,0,-1,0,0,4,2,43,0,1,9,0,0,0,0,201300019424B01,7,0,1,241700434
201300019432,2013-02-08,2013,février,vendredi,19:37,17,17300,46.15851,-1.15955,2,1,3,2,1,4,2,02,-1,-1,0,0,-1,0,1,4,2,22,0,3,4,0,2,1,15,201300019432B01,7,1,1,241700434
201300019470,2013-05-27,2013,mai,lundi,15:30,17,17300,46.14712,-1.15219,2,1,3,1,1,4,2,02,-1,-1,0,0,-1,0,1,4,2,36,0,3,4,0,2,1,1,201300019470B01,7,16,1,241700434
201300019471,2013-05-27,2013,mai,lundi,20:00,17,17300,46.16559,-1.14036,2,1,6,1,1,4,-1,01,-1,-1,0,0,-1,0,1,4,2,46,0,3,9,0,0,0,0,201300019471B01,7,0,1,241700434
201300019477,2013-06-19,2013,juin,mercredi,21:05,17,17300,46.17008,-1.15839,2,1,3,1,1,4,1,01,-1,1,0,0,1,0,1,3,2,68,0,1,9,0,0,3,0,201300019477A01,7,0,1,241700434
201300019484,2013-07-04,2013,juillet,jeudi,10:25,17,17300,46.16012,-1.1459,2,1,3,1,1,4,2,02,-1,-1,0,0,-1,0,1,3,1,44,0,3,4,0,2,3,1,201300019484B01,7,12,1,241700434
201300019488,2013-07-20,2013,juillet,samedi,15:10,17,17300,46.17554,-1.1956,2,1,6,1,1,4,2,02,1,1,0,0,1,0,1,3,1,15,0,3,9,0,2,1,9,201300019488A01,33,1,1,241700434
201300019490,2013-07-24,2013,juillet,mercredi,08:40,17,17300,46.16458,-1.18168,2,3,3,1,1,4,2,02,-1,-1,0,0,-1,0,1,1,2,25,0,3,4,0,2,2,1,201300019490B01,7,16,1,241700434
201300019490,2013-07-24,2013,juillet,mercredi,08:40,17,17300,46.16458,-1.18168,2,3,3,1,1,4,2,02,-1,-1,0,0,-1,0,1,4,2,20,0,3,4,0,2,2,1,201300019490B01,7,16,1,241700434
201300019497,2013-08-09,2013,août,vendredi,00:50,17,17300,46.16038,-1.1756,2,1,7,4,1,4,2,02,4,3,0,0,-1,0,1,3,1,30,0,3,4,0,2,0,1,201300019497A01,99,0,1,241700434
201300019499,2013-08-12,2013,août,lundi,19:44,17,17200,46.18615,-1.15105,2,1,3,2,1,3,-1,02,-1,-1,0,0,1,0,1,3,1,79,0,3,9,0,2,0,0,201300019499B01,7,12,1,241700434
201300019504,2013-09-05,2013,septembre,jeudi,07:55,17,17028,46.13407,-1.11713,1,1,6,1,1,4,2,00,-1,1,0,0,1,0,0,3,1,16,0,3,9,0,0,0,1,201300019504B01,7,1,1,241700434
201300019505,2013-09-10,2013,septembre,mardi,09:25,17,17300,46.15958,-1.16002,2,1,6,1,1,4,-1,01,-1,-1,0,0,1,0,1,4,1,42,1,1,9,0,2,0,9,201300019505B01,7,9,1,241700434
201300019507,2013-09-20,2013,septembre,vendredi,19:15,17,17300,46.15618,-1.15904,2,1,6,1,1,4,1,01,1,1,0,0,1,0,1,3,1,44,0,3,9,0,0,1,1,201300019507B01,7,1,1,241700434
201300019510,2013-10-24,2013,octobre,jeudi,08:45,17,17300,46.16048,-1.17139,2,1,3,1,1,4,-1,02,-1,-1,0,0,-1,0,0,3,2,64,1,3,9,0,2,0,21,201300019510B01,99,0,1,241700434
201300019544,2013-07-21,2013,juillet,dimanche,10:55,17,17333,45.60682,-1.00646,2,1,2,1,1,3,-1,01,-1,-1,0,0,1,0,1,4,1,46,0,1,2,0,2,1,2,201300019544A01,7,0,1,241700640
201300019547,2013-08-12,2013,août,lundi,00:25,17,17306,45.62615,-1.02029,2,1,6,5,1,4,2,02,-1,1,0,0,1,0,1,4,2,20,1,2,2,0,2,8,1,201300019547B01,7,15,1,241700640
201300019578,2013-06-04,2013,juin,mardi,16:15,17,17306,45.62666,-1.02887,2,1,3,1,1,4,-1,01,-1,-1,0,0,1,0,1,4,1,80,0,1,9,0,2,8,0,201300019578A01,7,0,1,241700640
201300019589,2013-07-20,2013,juillet,samedi,09:30,17,17333,45.61175,-1.00381,2,2,1,1,1,4,-1,02,-1,-1,0,0,1,0,1,3,1,62,0,3,9,0,2,1,0,201300019589Y01,7,15,1,241700640
201300019607,2013-08-06,2013,août,mardi,08:45,17,17380,45.64364,-1.08996,2,1,2,1,1,4,-1,01,1,1,0,0,2,0,1,4,1,41,0,3,9,0,2,1,1,201300019607A01,7,1,1,241700640
201300019621,2013-10-24,2013,octobre,jeudi,12:45,17,17306,45.62455,-1.01688,2,1,6,1,1,4,-1,01,1,-1,0,0,1,0,1,4,1,54,1,1,2,1,0,0,0,201300019621B01,7,0,1,241700640
201300019652,2013-04-25,2013,avril,jeudi,08:35,17,17415,45.74858,-0.6469,2,1,6,2,1,4,2,02,-1,-1,0,60,1,0,1,4,1,67,0,1,4,0,0,4,1,201300019652B01,7,1,1,200036473
201300019676,2013-09-19,2013,septembre,jeudi,09:55,17,17415,45.74586,-0.63049,2,1,6,1,1,4,2,02,-1,-1,0,60,-1,0,1,4,1,59,0,1,4,0,0,4,1,201300019676B01,10,1,1,200036473
201300019680,2013-10-19,2013,octobre,samedi,09:30,17,17415,45.75256,-0.63096,2,1,6,1,1,4,-1,02,-1,-1,0,40,-1,0,0,4,2,45,0,1,4,0,0,0,0,201300019680B01,7,0,1,200036473
201300019762,2013-04-09,2013,avril,mardi,08:15,62,62581,50.444,2.272,1,1,2,1,2,3,2,02,1,1,0,60,2,0,1,4,1,80,5,2,4,0,0,4,2,201300019762B02,14,2,1,200069672
201300019797,2013-11-02,2013,novembre,samedi,16:45,83,83130,43.19459,6.03705,2,1,1,1,1,4,2,02,1,1,0,59,1,0,1,3,1,14,5,1,2,0,0,8,19,201300019797B02,7,1,1,248300410
201300019803,2013-06-09,2013,juin,dimanche,11:15,87,87001,0,0,2,7,3,1,1,2,2,02,1,2,0,60,1,0,1,4,1,47,5,3,1,0,2,1,1,201300019803B02,7,20,1,248719288
201300019805,2013-09-03,2013,septembre,mardi,14:45,87,87001,0,0,1,1,6,1,1,4,2,00,2,3,70,0,1,0,1,1,1,64,5,3,1,0,1,1,13,201300019805A01,,,,248719288
201300019811,2013-02-14,2013,février,jeudi,19:45,50,50363,48.9873,-1.14681,1,1,6,3,1,4,2,02,-1,1,0,30,1,0,1,3,1,46,1,2,4,0,2,8,1,201300019811A01,1,1,1,200066389
201300019811,2013-02-14,2013,février,jeudi,19:45,50,50363,48.9873,-1.14681,1,1,6,3,1,4,2,02,-1,1,0,30,1,0,1,4,1,57,5,1,4,0,2,1,1,201300019811B01,1,1,1,200066389
201300019821,2013-10-08,2013,octobre,mardi,06:30,22,22305,0,0,1,1,3,3,5,3,2,02,1,1,0,90,2,3,1,3,1,18,1,2,4,0,2,8,1,201300019821B02,7,15,1,200068989
201300019837,2013-01-08,2013,janvier,mardi,07:40,18,18213,0,0,1,1,3,3,1,3,2,02,1,1,0,62,1,0,1,4,1,79,5,1,2,0,2,0,2,201300019837B01,7,17,1,241800507
201300019845,2013-01-13,2013,janvier,dimanche,14:55,18,18033,47.10243,2.41191,2,1,3,1,1,4,2,02,1,1,0,66,1,0,1,1,1,16,5,2,2,0,2,8,13,201300019845B01,7,17,1,241800507
201300019845,2013-01-13,2013,janvier,dimanche,14:55,18,18033,47.10243,2.41191,2,1,3,1,1,4,2,02,1,1,0,66,1,0,1,3,1,12,9,2,2,0,2,8,13,201300019845B01,7,17,1,241800507
201300019869,2013-04-01,2013,avril,lundi,11:55,18,18033,0,0,2,1,3,1,7,3,2,02,1,1,0,59,1,0,1,3,1,78,5,1,2,0,0,8,2,201300019869B01,7,2,1,241800507
201300019876,2013-04-17,2013,avril,mercredi,09:15,18,18267,47.05359,2.38062,2,2,3,1,1,3,2,02,1,1,0,60,1,0,1,4,1,50,5,1,2,0,2,1,1,201300019876B01,7,19,1,241800507
201300019896,2013-06-05,2013,juin,mercredi,14:20,18,18033,47.07151,2.3765,2,1,3,1,1,4,2,02,4,3,0,58,1,0,1,4,1,16,1,3,9,0,2,8,14,201300019896A01,7,13,1,241800507
201300019946,2013-09-24,2013,septembre,mardi,10:10,18,18033,47.08951,2.40084,2,1,3,1,1,4,2,02,1,1,0,60,1,0,1,4,2,52,4,2,4,1,2,1,1,201300019946B01,7,22,1,241800507
201300019955,2013-10-10,2013,octobre,jeudi,07:51,18,18205,47.10475,2.39024,2,3,2,2,3,4,2,02,1,1,0,50,2,0,1,4,2,18,1,1,4,0,0,4,23,201300019955B01,7,1,1,241800507
201300019962,2013-10-17,2013,octobre,jeudi,17:25,18,18033,47.08725,2.39283,2,1,6,1,1,4,2,02,2,1,0,55,1,0,4,1,1,19,5,2,9,0,1,1,1,201300019962A01,,,,241800507
201300019970,2013-10-29,2013,octobre,mardi,10:53,18,18033,47.06558,2.39526,2,6,3,1,1,4,2,02,1,2,0,70,1,5,1,4,1,65,3,3,9,0,2,7,1,201300019970B01,7,9,1,241800507
201300020158,2013-03-02,2013,mars,samedi,12:00,83,83070,0,0,2,1,1,1,1,3,2,02,1,-1,0,76,1,5,1,3,1,62,5,1,2,0,2,1,2,201300020158B02,7,16,1,200027100
201300020160,2013-05-10,2013,mai,vendredi,13:45,83,83019,43.12389,6.36029,2,1,6,1,1,4,1,01,-1,1,0,0,1,0,4,2,1,54,1,1,2,0,0,1,0,201300020160A01,,,,200027100
201300020166,2013-07-28,2013,juillet,dimanche,08:00,83,83070,0,0,2,6,1,1,1,3,1,02,1,-1,0,80,1,5,1,4,1,44,5,1,2,0,2,4,12,201300020166B02,7,9,1,200027100
201300020170,2013-10-15,2013,octobre,mardi,10:15,83,83019,43.13952,6.35198,2,1,1,1,1,4,2,00,-1,1,0,0,1,5,1,4,2,70,5,1,2,0,2,1,1,201300020170B02,7,1,1,200027100
201300020172,2013-11-06,2013,novembre,mercredi,14:45,83,83019,43.12387,6.35101,1,1,2,1,1,4,2,01,1,1,0,75,1,0,1,3,1,43,5,2,2,0,2,1,16,201300020172B02,7,15,1,200027100
201300020182,2013-11-28,2013,novembre,jeudi,15:45,60,60046,0,0,2,2,1,1,1,3,2,02,1,1,0,54,1,0,1,3,1,43,5,3,1,0,2,7,1,201300020182B02,7,1,1,246000871
201300020242,2013-06-02,2013,juin,dimanche,19:30,19,19031,0,0,2,2,3,1,1,4,2,02,1,1,0,0,1,0,1,3,1,14,5,3,2,0,2,1,0,201300020242B01,7,1,1,200043172
201300020248,2013-06-21,2013,juin,vendredi,11:25,19,19031,0,0,2,2,3,1,1,4,2,02,1,1,0,0,1,0,1,3,1,70,5,1,2,0,2,2,0,201300020248B01,7,1,1,200043172
201300020249,2013-06-24,2013,juin,lundi,13:55,19,19031,0,0,2,6,6,1,1,4,2,02,1,1,0,0,1,0,1,4,2,33,0,3,2,0,2,4,0,201300020249B01,7,9,1,200043172
201300020260,2013-07-16,2013,juillet,mardi,09:35,19,19031,0,0,2,1,2,1,1,4,2,02,1,1,0,0,1,0,1,4,1,20,0,1,2,0,2,1,2,201300020260A01,7,23,1,200043172
201300020280,2013-10-05,2013,octobre,samedi,12:00,19,19031,45.16062,4.50337,2,2,3,1,3,4,2,02,1,-1,0,0,2,5,1,3,2,29,4,1,4,0,2,8,1,201300020280B01,7,15,1,200043172
201300020286,2013-10-22,2013,octobre,mardi,18:10,19,19031,45.15777,4.54866,2,1,2,2,2,4,2,02,1,1,0,0,2,0,1,4,1,28,0,2,2,0,2,1,1,201300020286A01,7,23,1,200043172
201300020293,2013-11-13,2013,novembre,mercredi,14:10,19,19031,0,0,2,3,3,1,1,4,2,02,1,1,0,0,1,0,1,4,1,44,5,1,2,0,2,1,1,201300020293B01,7,17,1,200043172
201300020308,2013-12-12,2013,décembre,jeudi,10:25,19,19031,45.16181,4.537,2,1,6,1,1,4,1,01,1,1,0,0,1,0,1,4,1,85,5,2,2,1,0,1,1,201300020308B01,7,22,1,200043172
201300020322,2013-08-04,2013,août,dimanche,17:30,68,68315,47.87768,7.19984,1,1,1,1,1,4,2,01,2,1,0,43,1,0,1,3,1,53,5,1,2,0,2,1,1,201300020322A01,7,23,1,246800569
201300020324,2013-05-12,2013,mai,dimanche,11:45,59,59260,51.05714,2.55588,1,1,2,1,7,4,2,01,1,1,0,50,1,0,1,3,1,47,5,1,2,1,0,1,1,201300020324B02,7,23,1,245900428
201300020347,2013-07-23,2013,juillet,mardi,15:10,19,19275,45.54656,5.30685,2,3,3,1,1,4,1,01,1,1,0,96,1,0,1,3,1,25,1,3,9,0,2,2,5,201300020347A01,7,1,1,200066744
201300020352,2013-07-13,2013,juillet,samedi,15:00,68,68300,47.79718,7.36108,1,1,3,1,1,4,2,01,2,3,0,30,1,0,5,3,2,11,5,1,2,0,2,3,1,201300020352B02,21,1,1,200066009
201300020353,2013-07-17,2013,juillet,mercredi,17:15,68,68289,47.83091,7.32003,1,1,3,1,1,3,2,02,1,1,0,61,1,0,1,3,1,60,5,2,2,0,2,3,1,201300020353B02,33,17,1,200066009
201300020356,2013-09-25,2013,septembre,mercredi,08:45,68,68020,47.829,7.51,2,1,3,1,1,3,2,02,1,1,0,70,1,0,1,3,1,55,4,3,1,0,2,1,19,201300020356B02,7,1,1,200066009
201300020361,2013-03-21,2013,mars,jeudi,13:45,21,21054,0,0,2,3,5,1,1,4,1,01,1,1,0,0,1,0,1,4,1,12,2,3,9,0,2,1,1,201300020361A01,7,1 / 24,2,200006682
201300020365,2013-06-05,2013,juin,mercredi,17:02,21,21054,0,0,2,1,2,1,1,3,2,02,1,1,0,0,1,0,1,3,1,66,0,3,9,0,2,4,15,201300020365B01,7,1,1,200006682
201300020368,2013-07-01,2013,juillet,lundi,09:22,21,21054,0,0,2,2,3,1,1,4,2,02,1,1,0,0,1,0,1,4,2,53,5,1,9,0,2,8,1,201300020368B01,7,1,1,200006682
201300020369,2013-08-28,2013,août,mercredi,12:05,21,21054,0,0,2,1,3,1,1,4,1,01,1,2,0,0,1,0,1,4,2,16,0,3,9,0,2,5,1,201300020369B01,7,2,1,200006682
201300020374,2013-11-27,2013,novembre,mercredi,10:20,21,21054,0,0,2,1,3,1,1,3,1,03,1,1,0,0,1,0,4,4,1,29,1,3,9,0,2,1,1,201300020374B01,10,9,1,200006682
201300020379,2013-01-10,2013,janvier,jeudi,12:28,21,21231,0,0,2,9,3,1,2,4,2,03,1,1,0,0,2,5,1,4,1,47,1,2,2,0,2,3,19,201300020379B01,7,1,1,242100410
201300020382,2013-01-18,2013,janvier,vendredi,11:42,21,21231,0,0,2,2,3,1,1,4,3,05,1,1,0,0,1,5,1,3,1,14,2,2,2,0,2,3,19,201300020382A01,10,1,1,242100410
201300020386,2013-02-07,2013,février,jeudi,19:27,21,21231,0,0,2,3,3,5,2,4,3,02,1,1,0,0,2,5,1,3,1,15,5,2,2,0,2,1,5,201300020386A01,7,16,1,242100410
201300020390,2013-02-18,2013,février,lundi,08:09,21,21231,47,5,2,9,1,1,1,4,1,03,1,2,0,0,1,5,1,2,2,71,5,2,2,0,2,1,1,201300020390B01,7,1,1,242100410
201300020396,2013-04-09,2013,avril,mardi,17:24,21,21231,0,0,2,3,3,1,2,4,2,02,1,1,0,0,2,5,1,4,1,36,5,2,2,0,2,1,19,201300020396A01,7,16,1,242100410
201300020399,2013-04-19,2013,avril,vendredi,13:35,21,21231,0,0,2,1,3,1,1,4,2,02,1,1,0,0,1,0,1,3,1,80,5,2,2,1,0,1,1,201300020399B01,7,24,1,242100410
201300020415,2013-06-17,2013,juin,lundi,17:20,21,21231,0,0,2,1,3,1,1,4,3,05,1,1,0,0,1,0,1,3,1,63,5,2,2,0,2,7,19,201300020415B01,7,1,1,242100410
201300020417,2013-07-01,2013,juillet,lundi,09:55,21,21231,0,0,2,2,3,1,1,4,3,00,1,1,0,0,1,0,0,3,1,50,5,2,2,0,2,0,0,201300020417B01,15,1,1,242100410
201300020421,2013-07-02,2013,juillet,mardi,18:02,21,21166,0,0,2,2,3,1,1,4,3,04,1,1,0,0,1,0,1,3,1,79,5,2,2,0,2,6,15,201300020421A01,7,1,1,242100410
201300020428,2013-07-16,2013,juillet,mardi,16:55,21,21231,0,0,2,2,1,1,1,4,3,05,1,1,0,0,1,5,1,3,1,44,1,1,2,0,2,3,1,201300020428B01,10,15,1,242100410
201300020432,2013-08-07,2013,août,mercredi,18:19,21,21231,0,0,2,7,6,1,8,4,2,03,1,1,0,0,2,5,1,4,2,23,5,2,2,0,2,2,19,201300020432A01,30,1,1,242100410
201300020448,2013-10-17,2013,octobre,jeudi,12:23,21,21231,0,0,2,2,3,1,1,4,4,01,1,1,0,0,1,5,1,4,1,66,5,2,2,0,2,1,1,201300020448B01,7,1,1,242100410
201300020453,2013-11-08,2013,novembre,vendredi,11:42,21,21231,0,0,2,1,3,1,2,4,2,03,1,1,0,0,2,0,1,4,1,24,1,3,9,0,2,2,15,201300020453B01,7,1,1,242100410
201300020455,2013-11-15,2013,novembre,vendredi,11:56,21,21231,0,0,2,1,2,1,1,4,3,02,1,1,0,0,1,0,1,3,1,51,4,2,2,1,0,1,1,201300020455B01,7,22,1,242100410
201300020476,2013-05-02,2013,mai,jeudi,16:45,22,22050,48.46087,-2.04922,2,1,1,1,1,4,2,02,1,2,0,0,1,0,1,4,1,22,5,3,9,0,2,1,13,201300020476A01,2,1,1,200068989
201300020477,2013-05-23,2013,mai,jeudi,15:40,22,22050,48.45605,-2.04336,2,1,6,1,1,4,1,01,1,1,0,22,9,1,1,1,1,16,2,1,9,0,1,1,5,201300020477A01,,,,200068989
201300020482,2013-01-03,2013,janvier,jeudi,13:45,22,22113,48.73132,-3.46033,2,1,2,1,1,4,1,02,1,1,0,0,1,0,1,4,1,34,5,1,2,0,2,4,1,201300020482B01,7,2,1,200065928
201300020501,2013-07-10,2013,juillet,mercredi,14:15,22,22113,0,0,1,1,3,1,1,3,4,00,2,2,0,0,1,5,5,3,1,29,5,3,2,0,2,5,1,201300020501B01,7,9,1,200065928
201300020504,2013-08-16,2013,août,vendredi,11:30,22,22113,48.72487,-3.47259,1,1,2,1,1,4,2,01,3,1,0,75,1,0,1,4,1,60,5,1,2,0,2,4,1,201300020504B01,7,2,1,200065928
201300020511,2013-11-21,2013,novembre,jeudi,18:30,22,22113,48.75113,-3.44864,1,6,3,5,3,3,1,02,-1,2,0,0,2,5,1,4,1,54,1,1,2,0,2,7,12,201300020511B01,7,1,1,200065928
201300020521,2013-01-09,2013,janvier,mercredi,12:00,22,22106,48.49694,-2.72265,2,1,3,1,1,4,2,02,1,1,0,0,2,0,4,4,1,51,4,3,9,0,2,1,1,201300020521B01,7,9,1,200069409
201300020539,2013-02-26,2013,février,mardi,18:20,22,22215,48.48856,-2.78507,2,3,3,2,1,3,2,02,1,1,0,0,1,0,1,4,1,42,5,3,9,0,2,1,1,201300020539B01,7,15,1,200069409
201300020542,2013-03-07,2013,mars,jeudi,19:20,22,22278,48.50377,-2.74065,2,6,3,1,1,4,1,01,-1,2,0,70,1,5,1,4,1,50,9,3,9,0,2,7,1,201300020542B01,7,9,1,200069409
201300020595,2013-07-20,2013,juillet,samedi,19:30,22,22278,48.51096,-2.75929,2,6,3,1,1,4,2,03,1,1,0,70,1,5,1,4,1,40,5,3,9,0,2,2,1,201300020595B01,7,9,1,200069409
201300020597,2013-07-23,2013,juillet,mardi,19:50,22,22278,48.52337,-2.7496,2,1,3,1,1,6,-1,00,1,1,0,0,1,0,1,4,1,17,5,1,9,0,2,1,1,201300020597B01,7,20,1,200069409
201300020608,2013-08-14,2013,août,mercredi,11:35,22,22278,48.51242,-2.75546,2,1,3,1,1,4,2,02,1,1,0,0,1,0,1,4,1,10,5,1,2,0,2,7,19,201300020608B01,7,1,1,200069409
201300020615,2013-08-28,2013,août,mercredi,09:30,22,22106,48.49903,-2.73711,2,4,3,1,1,4,2,02,1,3,0,71,1,0,1,2,1,85,3,3,9,0,2,3,15,201300020615B01,7,16,1,200069409
201300020616,2013-08-28,2013,août,mercredi,16:10,22,22360,48.48593,-2.71659,2,1,7,1,1,4,2,02,1,1,0,0,1,0,5,4,2,65,5,3,9,16,0,1,1,201300020616A01,,,,200069409
201300020618,2013-09-02,2013,septembre,lundi,06:25,22,22278,48.50353,-2.76228,2,6,3,5,1,4,2,02,1,1,0,0,1,5,1,3,2,70,5,3,4,0,2,4,1,201300020618B01,10,9,1,200069409
201300020631,2013-09-18,2013,septembre,mercredi,09:00,22,22278,48.5247,-2.78637,2,3,3,1,1,4,2,02,1,1,0,0,1,0,1,4,1,10,2,2,2,0,2,0,16,201300020631B01,7,15,1,200069409
201300020670,2013-11-16,2013,novembre,samedi,11:30,22,22278,48.50771,-2.76588,2,1,7,1,1,6,-1,00,2,1,0,20,-1,0,0,3,1,24,5,2,2,0,0,0,1,201300020670A01,,,,200069409
201300020721,2013-03-27,2013,mars,mercredi,18:00,24,24037,44.8589,0.47456,2,1,6,1,1,4,-1,02,1,1,0,62,1,0,1,3,1,20,9,3,9,0,2,0,0,201300020721A01,7,1,1,200070647
201300020726,2013-10-07,2013,octobre,lundi,07:35,24,24037,44.8493,0.49281,2,5,3,2,1,2,2,02,1,1,0,70,1,5,1,3,1,59,5,2,9,0,2,1,1,201300020726A01,7,1,1,200070647