Num_Acc,date,an,mois,jour,hrmn,dep,com,lat,long,agg,int,col,lum,atm,catr,circ,nbv,prof,plan,lartpc,larrout,surf,infra,situ,grav,sexe,age,trajet,secuexist,equipement,obs,obsm,choc,manv,vehiculeid,typevehicules,manoeuvehicules,numVehicules,_infos_commune.code_epci
201300022599,2013-08-09,2013,août,vendredi,16:15,26,26188,0,0,2,1,7,1,1,3,2,00,2,1,36,54,1,5,1,3,1,70,5,1,2,0,0,0,1,201300022599A01,,,,248400335
201300022612,2013-09-28,2013,septembre,samedi,11:30,26,26003,0,0,1,1,3,1,1,3,2,02,-1,3,0,0,1,0,1,3,1,63,5,1,2,0,9,1,14,201300022612A02,99,21,1,242600492
201300022641,2013-11-04,2013,novembre,lundi,20:15,62,62645,50.9874,2.07173,1,1,5,3,8,3,3,00,1,1,0,0,2,0,1,3,1,20,5,3,1,0,0,4,2,201300022641B02,7,1,1,246200844
201300022641,2013-11-04,2013,novembre,lundi,20:15,62,62645,50.9874,2.07173,1,1,5,3,8,3,3,00,1,1,0,0,2,0,1,2,1,19,5,3,1,0,0,4,2,201300022641C03,7,1,1,246200844
201300022687,2013-12-03,2013,décembre,mardi,18:30,31,31483,43.10787,0.71634,2,3,3,5,1,4,1,01,1,1,50,100,1,0,1,4,1,45,3,2,9,0,2,1,15,201300022687B01,7,1,1,200072643
201300022722,2013-01-24,2013,janvier,jeudi,08:30,31,31555,0,0,2,3,3,2,3,4,-1,00,1,-1,0,0,-1,0,1,2,2,70,0,3,4,0,2,0,0,201300022722A01,37,0,1,243100518
201300022728,2013-01-25,2013,janvier,vendredi,17:30,31,31555,0,0,2,1,2,4,1,4,2,02,1,1,0,60,1,0,1,4,1,50,0,2,9,0,2,4,1,201300022728A01,33,2,1,243100518
201300022753,2013-02-20,2013,février,mercredi,11:37,31,31555,0,0,2,1,6,1,1,4,-1,00,1,1,0,0,1,0,1,1,1,75,0,3,4,0,1,1,0,201300022753A01,,,,243100518
201300022753,2013-02-20,2013,février,mercredi,11:37,31,31555,0,0,2,1,6,1,1,4,-1,00,1,1,0,0,1,0,1,4,1,86,0,3,9,0,1,1,0,201300022753A01,,,,243100518
201300022756,2013-02-15,2013,février,vendredi,15:35,31,31555,0,0,2,1,6,1,1,4,1,01,1,1,0,60,1,0,1,3,1,53,5,3,2,0,2,0,13,201300022756A01,32,1,1,243100518
201300022759,2013-02-21,2013,février,jeudi,09:40,31,31555,0,0,2,1,1,1,1,4,2,00,1,1,0,0,1,0,1,4,2,27,1,2,9,0,0,0,0,201300022759A01,7,0,1,243100518
201300022768,2013-02-21,2013,février,jeudi,08:40,31,31069,0,0,2,1,6,1,1,4,2,02,1,1,0,60,1,0,1,3,1,38,1,1,2,0,2,4,1,201300022768B01,7,0,1,243100518
201300022778,2013-03-09,2013,mars,samedi,02:50,31,31555,0,0,2,2,3,5,1,4,2,04,1,1,0,0,1,0,1,3,1,21,0,3,9,0,2,8,1,201300022778B01,7,15,1,243100518
201300022787,2013-03-14,2013,mars,jeudi,09:00,31,31557,43.5798,1.32756,2,1,1,1,1,4,2,00,1,1,0,0,2,0,1,3,2,15,0,3,4,0,2,0,0,201300022787B01,1,0,1,243100518
201300022787,2013-03-14,2013,mars,jeudi,09:00,31,31557,43.5798,1.32756,2,1,1,1,1,4,2,00,1,1,0,0,2,0,1,4,1,35,0,3,4,0,2,1,0,201300022787A01,1,0,1,243100518
201300022790,2013-03-17,2013,mars,dimanche,00:50,31,31555,0,0,2,2,3,5,1,4,-1,03,1,1,0,0,1,0,1,2,2,30,5,2,2,0,2,0,0,201300022790A01,7,0,1,243100518
201300022810,2013-03-27,2013,mars,mercredi,16:30,31,31555,0,0,2,1,6,1,1,4,2,00,1,1,0,0,1,0,1,4,2,10,5,2,2,0,2,1,1,201300022810B01,7,1,1,243100518
201300022820,2013-03-29,2013,mars,vendredi,11:28,31,31149,43.6159,1.34003,2,1,6,1,1,4,2,02,2,-1,0,60,1,0,1,4,1,50,0,3,9,0,2,1,21,201300022820B01,7,2,1,243100518
201300022825,2013-04-04,2013,avril,jeudi,09:00,31,31555,0,0,2,1,3,1,1,4,2,02,1,1,0,60,1,0,1,4,1,41,0,3,9,0,2,1,2,201300022825B01,7,9,1,243100518
201300022842,2013-04-12,2013,avril,vendredi,14:20,31,31555,0,0,1,1,4,1,1,4,2,02,1,1,0,60,1,0,1,4,2,60,5,3,9,0,2,0,0,201300022842C01,7 / 32,16 / 1,2,243100518
201300022851,2013-04-21,2013,avril,dimanche,11:10,31,31555,0,0,2,1,6,1,1,4,2,02,1,1,0,60,1,0,1,4,2,38,5,3,9,0,2,0,0,201300022851B01,37,0,1,243100518
201300022859,2013-04-25,2013,avril,jeudi,09:25,31,31555,0,0,2,1,3,1,1,4,2,00,1,1,0,0,1,0,1,4,1,43,0,3,2,0,2,0,0,201300022859B01,7,0,1,243100518
201300022860,2013-04-30,2013,avril,mardi,10:40,31,31149,43.6065,1.31588,2,1,2,1,1,2,2,00,1,1,0,0,-1,0,1,4,2,36,0,1,2,0,2,4,0,201300022860B01,14,0,1,243100518
201300022868,2013-05-10,2013,mai,vendredi,16:30,31,31555,0,0,2,1,6,1,1,4,2,02,2,3,0,60,1,0,1,4,1,36,1,3,9,0,2,0,1,201300022868B01,7,1,1,243100518
201300022871,2013-05-12,2013,mai,dimanche,17:50,31,31555,0,0,2,1,1,1,1,4,2,00,1,1,0,0,1,0,1,4,2,25,5,3,4,0,2,0,0,201300022871B01,7,0,1,243100518
201300022874,2013-05-13,2013,mai,lundi,09:45,31,31555,0,0,2,6,3,1,1,4,2,01,1,2,0,0,1,0,1,3,1,81,0,3,4,0,2,4,2,201300022874B01,10,1,1,243100518
201300022878,2013-05-14,2013,mai,mardi,09:56,31,31555,0,0,2,1,3,1,1,4,2,00,1,1,0,0,1,0,1,4,2,54,0,3,4,0,2,0,0,201300022878A01,1,0,1,243100518
201300022878,2013-05-14,2013,mai,mardi,09:56,31,31555,0,0,2,1,3,1,1,4,2,00,1,1,0,0,1,0,1,1,1,28,0,3,4,0,2,1,0,201300022878B01,1,0,1,243100518
201300022885,2013-05-21,2013,mai,mardi,15:20,31,31555,0,0,2,1,3,1,1,4,2,02,1,-1,0,0,2,0,1,4,1,40,5,3,4,0,0,0,0,201300022885B01,7,15,1,243100518
201300022900,2013-06-03,2013,juin,lundi,22:15,31,31555,0,0,2,1,3,1,1,4,2,00,1,1,0,0,1,0,1,3,1,48,0,3,4,0,2,1,0,201300022900B01,7,0,1,243100518
201300022907,2013-06-05,2013,juin,mercredi,11:40,31,31555,0,0,2,1,3,1,1,4,1,01,1,1,0,58,1,0,1,4,1,13,0,3,9,0,2,1,0,201300022907B01,7,2,1,243100518
201300022909,2013-06-05,2013,juin,mercredi,16:45,31,31555,0,0,2,1,6,1,1,4,2,00,1,1,0,0,-1,0,1,1,1,43,0,3,4,0,1,0,0,201300022909A01,,,,243100518
201300022909,2013-06-05,2013,juin,mercredi,16:45,31,31555,0,0,2,1,6,1,1,4,2,00,1,1,0,0,-1,0,1,4,2,90,0,3,9,0,1,0,0,201300022909A01,,,,243100518
201300022911,2013-06-06,2013,juin,jeudi,17:40,31,31555,0,0,2,3,5,1,1,4,2,00,1,1,0,0,1,0,1,4,2,41,0,1,2,0,2,0,0,201300022911C01,33 / 7,0,2,243100518
201300022971,2013-07-03,2013,juillet,mercredi,18:45,31,31555,0,0,2,1,6,1,1,4,1,02,1,1,0,60,1,0,1,1,1,40,0,3,9,0,1,1,1,201300022971A01,,,,243100518
201300022972,2013-07-10,2013,juillet,mercredi,08:30,31,31555,0,0,2,1,6,1,1,4,1,01,1,1,0,60,1,0,1,4,2,60,0,3,9,0,2,1,0,201300022972B01,7,2,1,243100518
201300022977,2013-07-16,2013,juillet,mardi,00:01,31,31555,0,0,2,1,2,5,1,4,3,02,1,2,0,60,1,0,1,4,1,38,9,3,2,0,2,1,2,201300022977B01,7,2,1,243100518
201300022979,2013-07-17,2013,juillet,mercredi,09:50,31,31557,43.58201,1.34331,2,1,6,1,1,4,2,02,1,1,0,60,1,0,1,1,1,47,0,3,9,0,1,1,2,201300022979A01,,,,243100518
201300023013,2013-08-22,2013,août,jeudi,15:15,31,31555,0,0,2,1,6,1,1,4,2,02,2,1,0,55,1,0,1,4,1,37,4,1,2,0,0,4,1,201300023013B01,10,1,1,243100518
201300023014,2013-08-22,2013,août,jeudi,13:25,31,31555,0,0,2,1,6,1,1,4,3,01,-1,3,0,71,1,0,1,3,1,63,0,3,2,0,2,1,19,201300023014A01,37,1,1,243100518
201300023032,2013-09-06,2013,septembre,vendredi,17:25,31,31555,0,0,2,3,6,1,9,4,2,02,1,1,0,0,1,0,1,4,2,23,1,1,2,0,2,1,1,201300023032B01,14,16,1,243100518
201300023049,2013-09-15,2013,septembre,dimanche,15:30,31,31555,0,0,2,1,6,1,1,2,1,01,-1,1,0,60,-1,0,1,4,1,13,0,3,2,0,2,1,0,201300023049B01,13,23,1,243100518
201300023060,2013-09-25,2013,septembre,mercredi,12:30,31,31555,0,0,2,1,3,1,1,4,2,02,1,1,0,0,1,0,1,4,2,67,5,3,2,0,9,8,1,201300023060B01,34,14,1,243100518
201300023063,2013-09-30,2013,septembre,lundi,07:55,31,31555,0,0,2,1,1,1,1,4,2,02,1,1,0,60,1,0,1,4,2,18,9,3,2,0,2,1,15,201300023063A01,30,2,1,243100518
201300023083,2013-10-14,2013,octobre,lundi,18:00,31,31555,0,0,2,1,6,1,1,4,2,02,1,1,0,60,1,0,1,4,1,70,5,2,2,0,2,4,1,201300023083B01,31,1,1,243100518
201300023084,2013-10-10,2013,octobre,jeudi,10:30,31,31557,43.575,1.34607,2,3,3,1,1,3,2,01,1,1,0,0,1,0,1,4,1,62,5,1,2,0,2,7,1,201300023084B01,7,9,1,243100518
201300023085,2013-10-15,2013,octobre,mardi,10:35,31,31555,0,0,2,1,6,1,1,4,2,03,1,1,0,0,2,0,1,4,1,19,2,2,2,0,1,1,1,201300023085A01,,,,243100518
201300023095,2013-10-18,2013,octobre,vendredi,18:45,31,31555,0,0,2,2,3,2,1,4,2,02,1,1,0,60,1,0,1,4,2,31,1,1,2,0,2,1,0,201300023095A01,7,1,1,243100518
201300023099,2013-10-21,2013,octobre,lundi,21:25,31,31555,0,0,2,1,6,5,1,4,2,02,1,1,0,60,1,0,1,1,1,27,5,1,2,0,1,1,1,201300023099A01,,,,243100518
201300023102,2013-10-18,2013,octobre,vendredi,15:25,31,31149,43.6079,1.33009,2,1,3,1,1,4,2,02,1,-1,0,60,1,0,1,4,1,12,9,3,2,0,2,1,9,201300023102A01,7,1,1,243100518
201300023114,2013-10-25,2013,octobre,vendredi,09:20,31,31555,0,0,2,1,3,1,1,4,2,04,1,1,0,0,1,0,1,4,1,40,0,3,9,1,0,1,0,201300023114B01,7,0,1,243100518
201300023116,2013-10-24,2013,octobre,jeudi,16:55,31,31555,0,0,2,1,6,1,1,4,2,03,1,1,0,0,1,0,1,4,2,28,0,3,4,0,2,0,0,201300023116B01,7,0,1,243100518
201300023135,2013-11-06,2013,novembre,mercredi,16:50,31,31555,0,0,2,1,2,1,1,4,2,00,1,1,0,0,1,0,1,4,1,89,0,3,9,0,2,0,0,201300023135B01,7,0,1,243100518
201300023151,2013-11-10,2013,novembre,dimanche,12:10,31,31555,0,0,2,1,3,1,2,4,1,02,1,1,0,0,2,0,1,4,2,19,0,3,4,0,2,0,0,201300023151A01,7,0,1,243100518
201300023169,2013-11-22,2013,novembre,vendredi,17:45,31,31555,0,0,2,1,1,5,9,4,2,00,1,1,0,0,2,0,1,4,1,36,1,3,4,0,0,0,0,201300023169B01,7,0,1,243100518
201300023175,2013-11-28,2013,novembre,jeudi,08:10,31,31555,0,0,2,3,3,1,1,4,2,01,1,3,0,0,1,0,1,4,1,48,0,3,4,0,2,1,0,201300023175A01,7,0,1,243100518
201300023200,2013-12-05,2013,décembre,jeudi,13:15,31,31149,43.61357,1.35369,2,1,3,1,1,4,2,00,1,1,0,0,1,0,1,4,2,50,0,1,2,0,2,0,0,201300023200B01,7,0,1,243100518
201300023201,2013-12-10,2013,décembre,mardi,14:50,31,31555,0,0,2,1,2,1,1,4,2,00,1,1,0,0,1,0,1,3,1,67,5,3,4,0,2,1,0,201300023201A01,7,1,1,243100518
201300023214,2013-12-17,2013,décembre,mardi,17:45,31,31555,0,0,2,1,6,5,1,4,1,00,1,1,0,0,1,0,1,1,1,36,0,3,4,0,1,0,0,201300023214A01,,,,243100518
201300023214,2013-12-17,2013,décembre,mardi,17:45,31,31555,0,0,2,1,6,5,1,4,1,00,1,1,0,0,1,0,1,4,2,14,0,3,9,0,1,0,0,201300023214A01,,,,243100518
201300023221,2013-12-21,2013,décembre,samedi,21:17,31,31555,0,0,2,3,3,5,1,4,1,03,1,1,0,90,1,0,1,1,2,29,1,2,2,0,9,2,1,201300023221B01,30,1,1,243100518
201300023237,2013-07-04,2013,juillet,jeudi,16:15,10,10142,48.272,3.807,2,9,3,1,1,3,2,02,1,1,,70,1,0,1,3,1,80,5,2,9,0,2,1,1,201300023237B02,7,15,1,200069250
201300023246,2013-09-02,2013,septembre,lundi,17:15,71,71359,0,0,2,1,1,1,1,3,2,02,1,1,0,62,1,0,1,2,1,70,5,2,2,0,2,1,13,201300023246B02,10,1,1,200069698
201300023343,2013-01-09,2013,janvier,mercredi,17:08,33,33529,0,0,1,1,6,2,1,4,2,02,1,1,0,60,1,0,1,4,2,14,5,2,4,0,2,1,15,201300023343A01,7,1,1,243300563
201300023346,2013-01-18,2013,janvier,vendredi,15:30,33,33009,0,0,2,2,3,1,2,4,2,02,1,1,0,60,2,0,1,4,1,49,5,3,9,0,2,8,16,201300023346B01,7,1,1,243300563
201300023355,2013-05-26,2013,mai,dimanche,09:00,33,33529,0,0,2,3,3,1,1,4,2,02,1,1,0,60,1,0,1,4,2,45,1,2,4,0,2,6,1,201300023355B01,7,16,1,243300563
201300023361,2013-07-09,2013,juillet,mardi,21:05,33,33529,0,0,1,2,3,1,1,4,2,02,1,1,0,94,1,0,5,4,1,14,5,2,4,0,2,1,1,201300023361A01,7,23,1,243300563
201300023363,2013-07-05,2013,juillet,vendredi,15:25,33,33529,0,0,2,1,6,1,1,4,2,02,1,1,0,70,1,0,5,3,2,51,5,2,9,0,2,1,1,201300023363B01,7,23,1,243300563
201300023369,2013-08-14,2013,août,mercredi,10:00,33,33009,0,0,2,1,3,1,1,4,2,02,1,1,0,60,1,0,1,4,1,37,1,2,9,0,2,1,17,201300023369B01,7,15,1,243300563
201300023373,2013-08-24,2013,août,samedi,20:50,33,33529,0,0,2,1,6,2,9,4,1,01,1,1,0,42,9,0,1,4,1,15,5,2,9,0,2,1,17,201300023373A01,7,20,1,243300563
201300023374,2013-08-28,2013,août,mercredi,16:20,33,33529,0,0,2,1,6,1,1,4,2,00,1,1,0,65,1,0,1,4,2,57,5,3,9,0,2,6,1,201300023374B01,7,15,1,243300563
201300023379,2013-10-02,2013,octobre,mercredi,20:00,33,33529,0,0,2,1,3,5,1,4,2,02,1,1,0,68,1,0,1,3,1,19,9,2,9,0,2,8,1,201300023379B01,10,15,1,243300563
201300023381,2013-10-18,2013,octobre,vendredi,14:40,33,33529,0,0,1,1,6,1,1,3,2,02,1,1,0,100,1,0,1,1,1,57,4,1,2,0,2,1,1,201300023381B01,13,1,1,243300563
201300023387,2013-12-11,2013,décembre,mercredi,17:10,33,33529,0,0,2,1,6,1,1,3,2,02,1,3,0,70,1,0,1,3,2,78,5,3,9,0,0,1,1,201300023387B01,7,16,1,243300563
201300023389,2013-12-17,2013,décembre,mardi,19:35,33,33009,0,0,2,2,3,5,1,4,2,02,1,1,125,31,1,0,1,4,1,50,5,3,9,0,2,5,1,201300023389B01,7,1,1,243300563
201300023412,2013-01-08,2013,janvier,mardi,08:50,33,33063,0,0,2,2,3,1,2,4,1,01,1,1,0,26,2,0,1,4,2,49,4,3,2,0,2,7,1,201300023412B01,7,1,1,243300316
201300023442,2013-01-10,2013,janvier,jeudi,06:34,33,33063,0,0,2,1,2,5,2,4,2,02,1,1,0,68,2,0,1,4,1,24,9,3,9,0,2,4,2,201300023442B01,7,1,1,243300316
201300023464,2013-01-25,2013,janvier,vendredi,17:30,33,33281,0,0,2,1,3,1,1,4,3,04,1,1,0,6,1,0,1,4,2,45,0,3,2,0,2,0,1,201300023464B01,7,16,1,243300316
201300023467,2013-01-31,2013,janvier,jeudi,13:20,33,33063,0,0,2,1,3,1,1,4,2,02,1,1,0,0,1,0,1,4,2,24,9,3,9,1,9,2,1,201300023467B01,7,24,1,243300316
201300023469,2013-01-21,2013,janvier,lundi,14:50,33,33522,0,0,2,1,3,1,3,4,2,02,1,1,0,0,2,0,1,4,2,16,9,3,9,0,2,1,1,201300023469B01,7,15,1,243300316
201300023476,2013-02-02,2013,février,samedi,18:15,33,33063,0,0,2,2,3,1,1,4,1,01,-1,-1,0,0,-1,0,0,4,1,15,0,3,9,0,2,3,1,201300023476A01,37,1,1,243300316
201300023479,2013-02-01,2013,février,vendredi,21:25,33,33063,0,0,2,3,6,5,2,4,-1,01,1,1,0,0,2,5,1,4,1,23,0,2,4,0,2,3,1,201300023479B01,7,4,1,243300316
201300023480,2013-02-04,2013,février,lundi,17:55,33,33063,0,0,2,1,6,2,2,4,3,05,1,1,0,0,2,0,1,1,1,64,4,3,9,0,1,1,1,201300023480A01,,,,243300316
201300023487,2013-02-07,2013,février,jeudi,15:00,33,33063,0,0,2,1,6,1,1,4,2,03,3,1,0,75,1,0,1,4,1,24,0,2,9,0,2,1,2,201300023487A01,7,2,1,243300316
201300023511,2013-02-12,2013,février,mardi,11:30,33,33281,0,0,2,6,3,1,1,4,2,02,1,2,0,0,1,0,1,4,1,41,0,3,4,0,2,2,1,201300023511B01,7,9,1,243300316
201300023513,2013-02-20,2013,février,mercredi,08:00,33,33063,0,0,2,2,3,1,1,4,1,01,1,1,0,0,1,0,1,3,1,47,9,1,9,0,2,0,1,201300023513B01,7,15,1,243300316
201300023514,2013-02-15,2013,février,vendredi,08:50,33,33069,0,0,2,3,3,1,1,4,1,01,1,1,0,0,1,0,1,3,2,81,9,3,9,0,2,1,1,201300023514B01,7,15,1,243300316
201300023519,2013-02-22,2013,février,vendredi,12:53,33,33063,0,0,2,2,3,1,1,4,2,02,1,1,0,0,1,0,1,4,2,52,9,3,9,0,2,2,1,201300023519A01,40,1,1,243300316
201300023522,2013-02-20,2013,février,mercredi,20:00,33,33039,0,0,2,3,3,5,1,4,2,02,1,1,0,56,1,0,1,3,1,40,9,3,9,0,2,0,1,201300023522B01,7,15,1,243300316
201300023524,2013-02-20,2013,février,mercredi,13:20,33,33281,0,0,2,1,6,1,1,4,2,02,1,1,0,50,1,0,1,4,1,13,0,3,4,0,2,2,9,201300023524A01,7,1,1,243300316
201300023527,2013-02-19,2013,février,mardi,07:50,33,33039,0,0,2,1,3,1,1,4,2,02,1,3,0,54,1,0,1,4,2,15,1,3,9,0,2,1,11,201300023527B01,7,1,1,243300316
201300023546,2013-02-21,2013,février,jeudi,11:45,33,33167,0,0,2,3,3,1,1,4,2,02,1,1,0,0,1,0,1,4,1,66,0,3,9,0,2,1,1,201300023546B01,7,9,1,243300316
201300023548,2013-03-05,2013,mars,mardi,09:55,33,33063,0,0,2,1,3,1,1,4,1,01,2,3,0,0,1,0,1,3,1,69,0,3,9,0,0,3,16,201300023548A01,14,1,1,243300316
201300023549,2013-02-26,2013,février,mardi,08:35,33,33318,0,0,2,2,3,1,2,4,2,02,1,1,0,0,2,0,1,4,1,5,0,3,9,0,2,7,19,201300023549B01,7,1,1,243300316
201300023577,2013-03-07,2013,mars,jeudi,06:20,33,33522,0,0,2,1,3,5,2,4,3,02,1,1,0,0,2,0,1,4,1,58,1,1,4,0,2,1,1,201300023577B01,7,16,1,243300316
201300023583,2013-03-20,2013,mars,mercredi,10:30,33,33063,0,0,2,2,3,1,1,4,2,02,1,1,0,0,1,0,1,4,2,59,0,3,9,0,2,0,1,201300023583B01,7,16,1,243300316
201300023593,2013-03-25,2013,mars,lundi,14:25,33,33063,0,0,2,3,3,1,1,4,1,01,1,1,0,0,1,0,1,4,2,26,2,3,9,0,2,1,1,201300023593B01,7,16,1,243300316
201300023598,2013-03-27,2013,mars,mercredi,14:40,33,33063,0,0,2,2,6,1,1,4,1,01,3,1,0,0,1,0,1,1,1,24,9,3,9,0,2,4,1,201300023598A01,33,1,1,243300316
201300023606,2013-03-28,2013,mars,jeudi,12:00,33,33063,0,0,2,2,6,1,1,4,1,00,1,1,0,0,1,0,1,3,2,17,0,3,9,0,2,0,1,201300023606A01,7,1,1,243300316
201300023613,2013-04-02,2013,avril,mardi,07:05,33,33063,0,0,2,2,3,5,2,4,2,04,1,3,0,0,1,0,1,4,2,43,4,3,9,0,2,4,1,201300023613A01,7,16,1,243300316
201300023614,2013-04-02,2013,avril,mardi,22:10,33,33063,0,0,2,1,3,5,1,4,1,00,1,1,0,0,1,4,1,4,1,38,0,3,9,1,0,2,1,201300023614A01,7,23,1,243300316
201300023618,2013-04-03,2013,avril,mercredi,08:30,33,33063,0,0,2,1,3,1,1,4,3,04,1,1,0,0,1,0,1,3,2,28,1,3,9,0,2,2,1,201300023618B01,33,1,1,243300316
201300023620,2013-04-04,2013,avril,jeudi,13:30,33,33063,0,0,2,3,6,1,2,4,2,02,1,4,0,0,2,5,1,4,2,15,0,3,9,0,2,1,6,201300023620A01,7,1,1,243300316
201300023626,2013-04-05,2013,avril,vendredi,16:35,33,33063,0,0,2,1,6,1,1,4,2,02,1,1,0,0,1,0,1,3,2,58,0,3,9,0,2,1,1,201300023626B01,7,22,1,243300316
201300023627,2013-03-28,2013,mars,jeudi,08:20,33,33550,0,0,2,6,3,1,2,4,2,02,1,1,0,0,2,0,1,4,1,13,0,3,9,0,2,6,16,201300023627B01,7,1,1,243300316
201300023637,2013-04-10,2013,avril,mercredi,13:30,33,33063,0,0,2,1,6,1,1,4,3,08,1,1,0,0,1,4,1,3,2,52,0,3,9,0,2,4,19,201300023637A01,33,1,1,243300316
201300023639,2013-04-11,2013,avril,jeudi,13:50,33,33063,0,0,2,2,3,1,2,4,1,01,2,1,0,0,2,0,1,4,1,43,0,3,9,0,0,0,0,201300023639B01,7,0,1,243300316
201300023641,2013-04-11,2013,avril,jeudi,17:30,33,33063,0,0,2,3,3,1,1,4,3,04,2,1,0,0,1,0,1,4,2,42,0,3,9,0,0,8,1,201300023641B01,7,15,1,243300316
201300023643,2013-04-12,2013,avril,vendredi,18:20,33,33063,0,0,2,3,6,1,1,4,3,00,1,1,0,0,1,5,1,4,2,65,5,3,9,0,2,6,1,201300023643B01,7,10,1,243300316
201300023665,2013-04-22,2013,avril,lundi,19:00,33,33063,0,0,2,2,3,1,1,4,1,00,2,1,0,0,1,0,1,1,1,35,0,3,9,0,0,0,1,201300023665A01,1,1,1,243300316
201300023665,2013-04-22,2013,avril,lundi,19:00,33,33063,0,0,2,2,3,1,1,4,1,00,2,1,0,0,1,0,1,3,2,41,1,3,9,0,0,3,1,201300023665B01,1,1,1,243300316
201300023672,2013-04-22,2013,avril,lundi,08:10,33,33119,0,0,2,3,6,1,1,4,-1,02,1,-1,0,0,1,0,1,1,1,12,0,3,9,0,1,3,1,201300023672A01,,,,243300316
201300023675,2013-04-17,2013,avril,mercredi,15:30,33,33522,0,0,2,1,3,1,1,4,2,02,1,1,0,0,1,0,1,4,2,55,1,3,9,1,2,1,1,201300023675B01,7,22,1,243300316
201300023679,2013-04-25,2013,avril,jeudi,22:20,33,33063,0,0,2,6,3,5,1,4,1,02,1,2,0,26,1,5,1,3,2,24,9,3,9,0,2,0,16,201300023679A01,7,16,1,243300316
201300023680,2013-04-25,2013,avril,jeudi,10:00,33,33063,0,0,2,1,6,1,1,4,2,02,1,1,0,10,1,0,1,4,2,33,1,3,9,1,2,2,1,201300023680B01,10,22,1,243300316
201300023693,2013-04-29,2013,avril,lundi,09:10,33,33063,0,0,2,2,3,1,1,4,1,02,1,1,0,0,1,0,1,3,2,43,0,3,9,0,2,1,1,201300023693A01,10,1,1,243300316
201300023695,2013-04-29,2013,avril,lundi,16:19,33,33063,0,0,2,3,3,1,1,4,1,02,1,1,0,0,1,0,1,4,1,29,9,3,9,0,2,1,1,201300023695B01,7,15,1,243300316
201300023708,2013-05-06,2013,mai,lundi,18:25,33,33063,0,0,2,2,3,1,1,4,2,03,1,1,0,0,1,0,1,4,1,46,0,3,9,0,0,3,1,201300023708B01,7,15,1,243300316
201300023722,2013-05-14,2013,mai,mardi,21:20,33,33063,0,0,2,3,6,2,2,4,2,01,1,1,0,0,2,0,0,1,1,13,0,3,9,0,1,0,0,201300023722Z01,,,,243300316
201300023722,2013-05-14,2013,mai,mardi,21:20,33,33063,0,0,2,3,6,2,2,4,2,01,1,1,0,0,2,0,0,4,2,57,0,3,9,0,1,0,0,201300023722Z01,,,,243300316
201300023727,2013-05-17,2013,mai,vendredi,15:45,33,33063,0,0,2,3,3,1,1,4,1,01,3,1,0,91,1,0,1,2,1,21,9,3,9,0,2,9,1,201300023727B01,14,1,1,243300316
201300023731,2013-05-16,2013,mai,jeudi,20:38,33,33063,0,0,2,3,6,1,1,4,2,00,-1,-1,0,0,-1,0,1,3,2,19,0,3,9,0,2,8,16,201300023731A01,7,1,1,243300316
201300023731,2013-05-16,2013,mai,jeudi,20:38,33,33063,0,0,2,3,6,1,1,4,2,00,-1,-1,0,0,-1,0,1,4,2,16,0,3,9,0,2,8,16,201300023731A01,7,1,1,243300316
201300023734,2013-05-15,2013,mai,mercredi,08:40,33,33069,0,0,2,6,6,1,8,4,2,02,1,-1,0,0,2,5,1,4,1,16,0,3,9,0,2,0,1,201300023734B01,10,9,1,243300316
201300023735,2013-05-21,2013,mai,mardi,18:05,33,33063,0,0,2,2,6,1,1,4,1,00,1,1,0,0,1,5,1,4,2,38,0,3,9,0,4,3,15,201300023735A01,40,1,1,243300316
201300023740,2013-05-22,2013,mai,mercredi,13:40,33,33063,0,0,2,2,6,1,1,4,2,00,1,-1,0,0,1,5,1,1,1,25,0,3,9,0,0,4,0,201300023740B01,33,0,1,243300316
201300023751,2013-05-24,2013,mai,vendredi,23:50,33,33063,0,0,2,3,7,5,1,4,2,00,-1,-1,0,0,-1,0,1,4,1,56,0,3,9,12,0,0,15,201300023751A01,,,,243300316
201300023759,2013-05-25,2013,mai,samedi,17:40,33,33249,0,0,2,6,3,1,1,4,1,01,1,2,0,0,1,0,1,4,2,66,0,3,9,0,0,0,1,201300023759B01,10,9,1,243300316
201300023772,2013-05-31,2013,mai,vendredi,07:50,33,33063,0,0,2,2,1,4,1,4,2,02,1,1,0,0,1,0,1,4,1,22,0,3,9,0,2,1,1,201300023772A01,1,5,1,243300316
201300023774,2013-06-05,2013,juin,mercredi,07:20,33,33063,0,0,2,1,3,1,1,4,1,01,2,1,0,0,1,0,1,4,2,63,0,3,9,0,0,4,1,201300023774B01,30,2,1,243300316
201300023775,2013-06-05,2013,juin,mercredi,18:40,33,33063,0,0,2,2,3,1,1,4,1,01,1,1,0,0,1,0,1,4,1,54,0,3,9,0,2,7,1,201300023775B01,7,16,1,243300316
201300023792,2013-06-12,2013,juin,mercredi,00:50,33,33063,0,0,2,1,1,5,1,4,2,02,1,1,0,0,1,0,1,3,1,25,0,3,9,0,2,7,1,201300023792A01,7,1,1,243300316
201300023794,2013-06-06,2013,juin,jeudi,08:00,33,33069,0,0,2,6,3,1,1,4,2,02,1,3,0,0,2,0,1,4,2,48,0,3,9,0,2,1,9,201300023794B01,7,1,1,243300316
201300023804,2013-06-12,2013,juin,mercredi,12:15,33,33063,0,0,2,1,6,1,1,4,1,01,1,1,0,0,1,0,1,3,2,68,5,3,9,0,2,1,1,201300023804B01,7,1,1,243300316
201300023806,2013-06-15,2013,juin,samedi,10:35,33,33063,0,0,2,1,6,1,1,4,3,00,1,1,0,0,1,2,5,1,1,55,5,1,2,0,1,1,1,201300023806A01,,,,243300316
201300023807,2013-06-15,2013,juin,samedi,16:20,33,33063,0,0,2,1,3,1,1,4,2,02,1,1,0,0,1,0,1,3,1,72,5,3,9,0,0,6,1,201300023807B01,7,16,1,243300316