Num_Acc,date,an,mois,jour,hrmn,dep,com,lat,long,agg,int,col,lum,atm,catr,circ,nbv,prof,plan,lartpc,larrout,surf,infra,situ,grav,sexe,age,trajet,secuexist,equipement,obs,obsm,choc,manv,vehiculeid,typevehicules,manoeuvehicules,numVehicules,_infos_commune.code_epci
201300023811,2013-06-15,2013,juin,samedi,11:30,33,33281,0,0,2,1,3,1,1,4,2,02,1,1,0,0,1,0,1,4,2,58,0,3,9,1,0,1,1,201300023811B01,7,24,1,243300316
201300023827,2013-06-14,2013,juin,vendredi,08:50,33,33192,0,0,2,1,6,1,1,4,2,02,1,1,0,0,1,0,1,1,2,16,2,3,9,0,1,1,1,201300023827A01,,,,243300316
201300023828,2013-06-24,2013,juin,lundi,10:04,33,33063,0,0,2,1,6,1,1,4,1,01,1,1,0,0,1,0,1,1,2,45,4,3,9,0,1,3,1,201300023828A01,,,,243300316
201300023835,2013-06-21,2013,juin,vendredi,15:40,33,33318,0,0,2,6,3,1,2,4,2,02,1,1,0,0,2,0,1,4,1,17,0,3,9,0,0,0,0,201300023835B01,7,9,1,243300316
201300023836,2013-06-25,2013,juin,mardi,20:20,33,33063,0,0,2,1,6,1,1,4,1,02,1,1,0,100,1,0,1,3,2,40,0,3,9,1,0,1,1,201300023836B01,7,22,1,243300316
201300023837,2013-06-18,2013,juin,mardi,14:20,33,33522,0,0,2,3,6,1,2,4,1,01,1,-1,0,0,2,0,1,1,1,28,0,3,9,0,2,2,19,201300023837A01,1,1,1,243300316
201300023837,2013-06-18,2013,juin,mardi,14:20,33,33522,0,0,2,3,6,1,2,4,1,01,1,-1,0,0,2,0,1,4,1,67,0,3,9,0,2,3,1,201300023837B01,1,19,1,243300316
201300023838,2013-06-14,2013,juin,vendredi,12:20,33,33522,0,0,2,2,3,1,1,4,2,02,1,-1,0,0,-1,0,1,4,2,24,0,3,9,0,2,3,16,201300023838A01,7,1,1,243300316
201300023842,2013-06-28,2013,juin,vendredi,07:40,33,33063,0,0,2,1,5,1,1,4,3,04,1,1,0,0,1,0,1,4,2,43,9,3,9,0,2,2,1,201300023842A01,7 / 2,1,2,243300316
201300023842,2013-06-28,2013,juin,vendredi,07:40,33,33063,0,0,2,1,5,1,1,4,3,04,1,1,0,0,1,0,1,1,1,23,0,3,9,0,2,0,1,201300023842B01,7 / 2,1,2,243300316
201300023843,2013-06-21,2013,juin,vendredi,16:00,33,33039,0,0,2,1,2,1,2,4,2,02,1,1,0,0,1,0,1,3,1,39,0,2,9,0,2,1,1,201300023843B01,7,1,1,243300316
201300023844,2013-06-28,2013,juin,vendredi,00:30,33,33063,0,0,2,3,7,5,1,4,3,08,1,1,0,0,1,5,1,4,1,42,0,3,9,14,0,0,0,201300023844A01,,,,243300316
201300023845,2013-06-27,2013,juin,jeudi,16:30,33,33063,0,0,2,3,6,1,1,4,1,01,1,1,0,0,1,5,1,4,2,36,0,3,9,0,2,0,15,201300023845A01,31,1,1,243300316
201300023857,2013-07-02,2013,juillet,mardi,16:55,33,33063,0,0,2,3,3,1,1,4,2,02,1,1,0,0,1,0,1,4,1,38,4,3,9,0,2,1,1,201300023857B01,7,15,1,243300316
201300023865,2013-07-04,2013,juillet,jeudi,18:40,33,33063,0,0,2,6,3,1,1,4,1,02,1,2,0,0,1,5,1,4,1,54,0,3,9,0,2,0,15,201300023865B01,7,1,1,243300316
201300023868,2013-07-05,2013,juillet,vendredi,08:40,33,33063,0,0,2,2,6,1,1,4,2,01,1,1,0,0,1,5,1,4,2,25,0,3,9,1,0,2,1,201300023868B01,7,24,1,243300316
201300023872,2013-07-03,2013,juillet,mercredi,17:00,33,33318,0,0,2,2,6,1,2,4,2,00,1,1,0,45,2,5,1,3,2,78,0,3,9,0,2,1,9,201300023872A01,7,1,1,243300316
201300023886,2013-06-24,2013,juin,lundi,19:30,33,33063,0,0,2,5,3,1,1,4,3,04,1,1,0,0,1,0,1,3,2,52,0,3,9,0,2,0,1,201300023886B01,7,16,1,243300316
201300023888,2013-07-15,2013,juillet,lundi,10:40,33,33063,0,0,2,4,6,1,1,4,2,00,1,2,0,0,1,5,1,4,1,60,0,3,9,0,2,1,15,201300023888B01,7,1,1,243300316
201300023893,2013-07-16,2013,juillet,mardi,20:30,33,33063,0,0,2,2,6,1,1,4,3,08,3,1,0,0,1,0,1,3,1,30,0,3,9,0,2,1,19,201300023893A01,7,1,1,243300316
201300023898,2013-07-18,2013,juillet,jeudi,09:00,33,33063,0,0,2,2,3,1,1,4,2,02,1,1,0,0,1,0,1,4,2,24,0,3,9,0,2,1,1,201300023898A01,7,1,1,243300316
201300023900,2013-07-17,2013,juillet,mercredi,16:25,33,33281,0,0,2,1,3,1,1,4,2,02,1,1,0,0,1,0,1,4,1,52,0,3,9,0,0,8,1,201300023900A01,7,1,1,243300316
201300023912,2013-07-24,2013,juillet,mercredi,18:20,33,33063,0,0,2,1,7,1,1,4,3,02,1,1,0,0,1,0,1,4,1,40,0,3,9,1,2,1,2,201300023912A01,,,,243300316
201300023915,2013-07-25,2013,juillet,jeudi,22:25,33,33063,0,0,1,2,3,5,1,4,2,02,-1,-1,0,0,-1,0,1,4,1,30,0,3,9,0,0,4,1,201300023915A01,31,15,1,243300316
201300023916,2013-07-21,2013,juillet,dimanche,00:20,33,33039,0,0,2,6,3,5,1,4,2,02,1,1,0,0,1,0,0,4,1,34,5,3,9,0,0,3,16,201300023916B01,7,1,1,243300316
201300023931,2013-07-25,2013,juillet,jeudi,17:10,33,33522,0,0,2,6,3,1,1,4,2,02,1,3,0,0,1,0,1,3,1,55,0,3,9,0,0,1,0,201300023931B01,7,16,1,243300316
201300023932,2013-07-25,2013,juillet,jeudi,15:00,33,33522,0,0,2,1,3,1,1,4,3,02,1,-1,0,0,1,0,5,3,1,18,9,3,9,0,2,1,1,201300023932B01,7,24,1,243300316
201300023937,2013-07-29,2013,juillet,lundi,09:50,33,33192,0,0,2,6,3,1,1,4,2,02,1,-1,0,0,-1,0,1,4,1,84,0,3,4,0,0,0,16,201300023937B01,7,16,1,243300316
201300023945,2013-07-27,2013,juillet,samedi,11:55,33,33063,0,0,2,3,3,1,1,4,3,02,1,2,0,0,1,0,1,3,2,38,0,3,9,0,0,4,1,201300023945B01,7,16,1,243300316
201300023945,2013-07-27,2013,juillet,samedi,11:55,33,33063,0,0,2,3,3,1,1,4,3,02,1,2,0,0,1,0,1,4,2,3,0,3,9,0,0,4,1,201300023945B01,7,16,1,243300316
201300023946,2013-08-03,2013,août,samedi,10:00,33,33281,0,0,2,1,3,1,1,4,2,02,1,1,0,0,1,0,1,3,2,24,0,3,9,0,2,0,1,201300023946B01,10,1,1,243300316
201300023953,2013-08-12,2013,août,lundi,13:55,33,33063,0,0,2,3,3,1,1,4,3,04,1,1,0,0,1,0,1,3,2,37,1,3,2,0,2,0,1,201300023953B01,7,16,1,243300316
201300023965,2013-08-16,2013,août,vendredi,13:15,33,33063,0,0,2,1,2,1,1,4,2,02,2,1,0,0,1,0,1,4,2,28,0,3,9,0,0,4,1,201300023965B01,7,2,1,243300316
201300023966,2013-08-18,2013,août,dimanche,18:05,33,33063,0,0,2,2,3,1,1,4,2,02,2,1,0,0,1,0,1,4,1,50,0,3,9,0,0,3,1,201300023966B01,7,15,1,243300316
201300023987,2013-08-28,2013,août,mercredi,11:00,33,33063,0,0,2,3,3,1,1,4,2,02,1,1,0,0,1,0,1,3,1,51,0,3,9,0,2,1,2,201300023987A01,7,15,1,243300316
201300024019,2013-09-06,2013,septembre,vendredi,19:15,33,33063,0,0,2,3,3,2,2,4,1,02,1,2,0,0,2,0,1,3,1,49,0,3,9,0,2,1,1,201300024019B01,7,16,1,243300316
201300024024,2013-09-03,2013,septembre,mardi,10:40,33,33039,0,0,2,1,1,1,1,4,2,02,1,1,0,0,1,0,1,3,2,67,0,3,9,0,0,0,15,201300024024B01,7,20,1,243300316
201300024035,2013-09-11,2013,septembre,mercredi,15:17,33,33032,0,0,2,6,3,1,1,4,2,00,-1,-1,0,0,-1,0,1,4,1,38,0,3,2,0,2,6,1,201300024035B01,7,9,1,243300316
201300024040,2013-09-10,2013,septembre,mardi,10:10,33,33192,0,0,2,6,3,1,1,4,-1,01,1,1,0,0,1,0,1,4,1,67,0,3,9,0,2,1,1,201300024040B01,7,9,1,243300316
201300024063,2013-09-21,2013,septembre,samedi,13:55,33,33063,0,0,2,3,3,1,1,4,2,03,1,1,0,0,1,0,1,4,1,66,0,3,9,0,0,6,1,201300024063B01,7,15,1,243300316
201300024073,2013-09-10,2013,septembre,mardi,17:45,33,33522,0,0,2,1,3,1,1,3,3,04,1,1,0,0,1,4,1,4,1,39,0,3,9,1,0,1,1,201300024073B01,7,24,1,243300316
201300024075,2013-09-24,2013,septembre,mardi,16:15,33,33063,0,0,2,1,3,1,1,4,2,02,1,3,0,0,1,0,1,4,1,21,0,3,9,0,2,8,1,201300024075B01,37,1,1,243300316
201300024078,2013-09-18,2013,septembre,mercredi,08:15,33,33522,0,0,2,4,3,1,1,4,2,02,1,1,0,0,1,0,1,4,1,23,0,3,9,0,2,7,1,201300024078B01,7,1,1,243300316
201300024086,2013-09-27,2013,septembre,vendredi,16:20,33,33063,0,0,2,2,3,1,1,4,2,07,1,1,0,0,1,0,1,4,2,23,0,3,9,0,2,1,1,201300024086B01,7,15,1,243300316
201300024093,2013-09-29,2013,septembre,dimanche,18:30,33,33063,0,0,2,3,3,1,2,4,2,03,1,1,0,75,2,0,1,4,2,15,0,3,9,0,2,1,1,201300024093A01,7,1,1,243300316
201300024099,2013-10-01,2013,octobre,mardi,11:55,33,33281,0,0,2,3,3,1,1,4,2,02,1,1,0,0,1,0,1,3,1,16,0,3,9,0,2,1,1,201300024099A01,37,16,1,243300316
201300024102,2013-10-02,2013,octobre,mercredi,19:14,33,33063,0,0,2,1,3,1,1,4,2,02,1,1,0,0,-1,4,1,3,2,26,0,3,9,0,4,9,15,201300024102A01,40,1,1,243300316
201300024106,2013-10-04,2013,octobre,vendredi,09:30,33,33063,0,0,2,2,3,1,3,4,3,04,1,1,0,0,2,4,1,4,2,39,0,3,9,0,2,8,1,201300024106A01,40,1,1,243300316
201300024121,2013-10-08,2013,octobre,mardi,11:45,33,33063,0,0,2,2,6,1,1,4,2,02,-1,-1,0,0,-1,0,0,1,1,26,5,3,9,0,1,2,1,201300024121A01,,,,243300316
201300024127,2013-10-07,2013,octobre,lundi,15:15,33,33162,0,0,2,2,3,1,1,4,2,02,1,3,0,0,1,0,1,4,1,69,0,3,9,0,0,0,1,201300024127B01,10,16,1,243300316
201300024135,2013-10-15,2013,octobre,mardi,07:55,33,33063,0,0,2,3,6,1,1,4,-1,02,-1,-1,0,0,-1,0,0,4,1,13,0,2,9,1,0,0,0,201300024135B01,7,24,1,243300316
201300024140,2013-10-16,2013,octobre,mercredi,09:20,33,33063,0,0,2,2,3,1,1,4,2,02,1,1,0,0,2,0,1,4,2,19,0,3,9,0,2,3,1,201300024140B01,7,16,1,243300316
201300024155,2013-10-10,2013,octobre,jeudi,11:35,33,33522,0,0,2,1,3,1,1,4,3,03,1,1,0,0,1,4,1,4,1,22,0,3,9,0,2,0,1,201300024155B01,7,22,1,243300316
201300024158,2013-10-23,2013,octobre,mercredi,14:05,33,33119,0,0,2,1,3,1,3,4,2,02,1,1,0,0,2,0,1,4,1,13,0,3,9,0,2,0,1,201300024158A01,7,16,1,243300316
201300024160,2013-10-20,2013,octobre,dimanche,10:20,33,33550,0,0,2,1,3,1,1,4,2,02,1,1,0,0,1,0,1,3,1,47,0,3,9,0,2,8,11,201300024160A01,7,1,1,243300316
201300024162,2013-10-18,2013,octobre,vendredi,08:10,33,33281,0,0,2,3,3,2,1,4,2,02,1,1,0,0,1,0,1,3,1,34,0,3,9,0,2,7,1,201300024162B01,7,1,1,243300316
201300024163,2013-10-23,2013,octobre,mercredi,16:30,33,33063,0,0,2,2,3,1,1,4,2,02,1,1,0,0,1,0,1,4,2,51,0,3,9,0,0,8,1,201300024163A01,7,0,1,243300316
201300024166,2013-10-19,2013,octobre,samedi,08:25,33,33063,0,0,2,5,3,1,1,4,3,05,1,1,0,0,1,0,1,4,2,45,0,3,9,0,2,1,1,201300024166A01,7,15,1,243300316
201300024168,2013-10-26,2013,octobre,samedi,13:10,33,33063,0,0,2,1,3,1,1,4,1,01,2,1,0,0,1,0,1,4,2,20,0,3,9,0,0,0,15,201300024168B01,7,1,1,243300316
201300024171,2013-10-26,2013,octobre,samedi,15:22,33,33550,0,0,2,5,3,1,2,4,2,03,1,1,0,0,2,0,1,3,1,23,0,3,9,0,0,0,1,201300024171A01,7,15,1,243300316
201300024175,2013-10-23,2013,octobre,mercredi,17:15,33,33550,0,0,2,2,3,1,1,4,2,02,1,1,0,0,1,0,1,3,1,16,5,3,9,0,2,3,1,201300024175B01,7,15,1,243300316
201300024185,2013-11-01,2013,novembre,vendredi,19:20,33,33063,0,0,2,3,3,5,2,4,3,04,2,1,0,0,2,0,1,3,2,21,4,3,9,0,2,1,1,201300024185B01,7,16,1,243300316
201300024189,2013-10-31,2013,octobre,jeudi,17:25,33,33063,0,0,2,2,2,1,1,4,1,00,1,1,0,0,1,0,1,3,2,57,0,3,9,0,2,3,1,201300024189A01,37,1,1,243300316
201300024190,2013-10-31,2013,octobre,jeudi,06:50,33,33063,0,0,2,6,3,5,1,4,1,01,1,4,0,0,1,0,1,4,1,41,1,3,9,0,0,7,1,201300024190B01,7,9,1,243300316
201300024219,2013-11-13,2013,novembre,mercredi,19:05,33,33318,0,0,2,2,3,5,1,4,3,04,1,1,0,0,1,0,1,3,1,18,0,3,9,0,0,1,1,201300024219A01,7,1,1,243300316
201300024236,2013-11-13,2013,novembre,mercredi,17:30,33,33249,0,0,2,6,3,1,1,4,2,02,1,1,0,0,1,0,1,4,1,52,0,3,9,0,2,1,1,201300024236B01,7,1,1,243300316
201300024248,2013-11-20,2013,novembre,mercredi,11:20,33,33063,0,0,2,3,3,1,1,4,3,07,1,1,0,0,1,0,1,4,2,24,4,3,9,0,2,1,5,201300024248A01,7,16,1,243300316
201300024252,2013-11-16,2013,novembre,samedi,18:20,33,33522,0,0,2,2,3,4,1,4,2,02,1,1,0,0,1,0,1,4,2,19,9,3,9,0,0,8,1,201300024252B01,7,15,1,243300316
201300024257,2013-11-21,2013,novembre,jeudi,14:45,33,33063,0,0,2,3,2,1,1,4,2,02,1,1,0,0,2,0,1,4,2,45,0,3,9,0,2,1,1,201300024257B01,37,1,1,243300316
201300024268,2013-11-21,2013,novembre,jeudi,17:10,33,33039,0,0,2,2,3,2,2,4,2,02,1,1,0,0,2,0,1,4,1,61,0,3,9,0,2,0,1,201300024268B01,7,1,1,243300316
201300024270,2013-11-27,2013,novembre,mercredi,07:55,33,33063,0,0,2,2,3,2,1,4,2,02,1,1,0,0,1,0,1,4,1,19,0,3,9,0,2,1,1,201300024270B01,7,1,1,243300316
201300024273,2013-11-24,2013,novembre,dimanche,12:10,33,33069,0,0,2,1,6,1,1,4,2,02,1,1,0,0,1,0,1,4,2,55,0,3,9,0,2,0,1,201300024273B01,7,22,1,243300316
201300024274,2013-11-26,2013,novembre,mardi,12:40,33,33281,0,0,2,3,3,1,1,4,2,02,1,1,0,0,1,0,1,3,2,43,0,2,9,0,2,1,1,201300024274A01,7,1,1,243300316
201300024280,2013-11-30,2013,novembre,samedi,22:10,33,33063,0,0,2,2,7,5,1,4,1,01,-1,-1,0,0,-1,0,1,4,1,19,0,3,9,0,0,1,15,201300024280A01,,,,243300316
201300024284,2013-12-02,2013,décembre,lundi,18:05,33,33063,0,0,2,3,2,2,1,4,2,02,1,1,0,0,1,0,1,4,1,14,0,3,9,0,0,4,2,201300024284B01,7,1,1,243300316
201300024287,2013-11-26,2013,novembre,mardi,07:55,33,33318,0,0,2,1,6,2,1,4,2,01,1,1,0,55,1,0,1,3,2,18,0,3,9,0,0,8,2,201300024287B01,7,2,1,243300316
201300024288,2013-12-03,2013,décembre,mardi,16:05,33,33063,0,0,2,1,3,1,1,4,3,04,1,1,0,0,1,0,1,4,1,83,0,3,9,0,2,1,1,201300024288A01,33,1,1,243300316
201300024297,2013-12-06,2013,décembre,vendredi,09:30,33,33063,0,0,2,2,3,1,1,4,2,02,1,1,0,0,1,0,1,4,2,61,4,3,9,0,2,0,1,201300024297B01,7,16,1,243300316
201300024305,2013-12-06,2013,décembre,vendredi,18:20,33,33522,0,0,2,6,3,5,1,4,2,02,1,3,0,0,1,0,1,4,2,33,5,3,9,0,0,1,1,201300024305B01,7,1,1,243300316
201300024312,2013-12-09,2013,décembre,lundi,07:20,33,33069,0,0,2,2,3,5,1,4,2,03,1,1,0,0,2,0,1,4,2,52,4,3,9,0,2,1,1,201300024312B01,7,15,1,243300316
201300024324,2013-12-14,2013,décembre,samedi,19:40,33,33063,0,0,2,2,3,5,1,4,1,01,1,-1,0,0,1,0,1,4,1,48,0,3,9,0,2,1,1,201300024324A01,7,1,1,243300316
201300024325,2013-12-11,2013,décembre,mercredi,19:10,33,33200,0,0,2,1,3,3,1,3,2,02,1,1,0,0,1,0,1,3,1,21,0,2,4,0,2,0,1,201300024325B01,7,13,1,243300316
201300024357,2013-12-17,2013,décembre,mardi,09:10,33,33318,0,0,2,6,3,1,1,4,2,02,1,3,0,0,1,0,1,4,1,,4,3,9,0,2,1,1,201300024357B01,7,1,1,243300316
201300024365,2013-12-27,2013,décembre,vendredi,15:50,33,33063,0,0,2,2,3,1,1,4,-1,01,-1,-1,0,0,-1,0,1,4,1,14,0,3,9,0,0,8,1,201300024365A01,7,1,1,243300316
201300024392,2013-04-22,2013,avril,lundi,17:30,06,06161,0,0,2,1,3,1,1,4,2,00,1,1,0,0,1,0,1,3,2,47,5,3,1,0,2,2,19,201300024392A01,7,1,1,240600585
201300024414,2013-08-24,2013,août,samedi,10:15,34,34003,43.30877,3.51301,1,1,2,1,1,3,1,01,1,1,0,90,1,3,1,2,1,66,5,1,2,0,2,4,2,201300024414B01,7,9,1,243400819
201300024418,2013-09-10,2013,septembre,mardi,13:50,34,34003,43.28319,3.49824,2,9,3,1,1,4,1,01,1,2,0,130,1,0,1,3,1,83,5,3,9,0,2,0,0,201300024418B01,7,9,1,243400819
201300024432,2013-01-23,2013,janvier,mercredi,14:55,34,34032,43.34478,3.2154,2,6,3,1,9,4,2,00,1,-1,0,0,-1,0,1,4,2,67,0,2,2,0,2,8,9,201300024432A01,7,1,1,243400769
201300024450,2013-03-21,2013,mars,jeudi,15:55,34,34032,43.35038,3.23939,2,1,2,1,9,4,2,02,-1,-1,0,0,-1,0,1,3,1,79,5,3,9,0,2,4,1,201300024450B01,7,2,1,243400769
201300024489,2013-08-30,2013,août,vendredi,14:00,34,34032,0,0,2,1,2,1,1,4,2,02,2,1,0,114,9,0,1,3,1,44,9,3,9,0,2,4,1,201300024489B01,34,17,1,243400769
201300024502,2013-11-19,2013,novembre,mardi,12:55,34,34032,0,0,2,2,7,1,9,4,4,00,1,1,18,100,9,0,1,4,1,13,9,2,9,1,2,8,13,201300024502B01,7,1,1,243400769
201300024516,2013-01-03,2013,janvier,jeudi,12:30,34,34172,43.60531,3.89192,2,1,2,1,1,4,1,01,1,1,0,30,1,0,1,4,1,56,1,3,9,0,2,1,1,201300024516A01,7,1,1,243400017
201300024520,2013-01-04,2013,janvier,vendredi,18:20,34,34172,43.6144,3.88377,2,1,3,5,1,4,1,03,1,1,0,90,1,0,1,4,1,59,5,3,9,0,2,7,19,201300024520A01,7,1,1,243400017
201300024536,2013-01-12,2013,janvier,samedi,11:10,34,34172,43.62776,3.86466,2,1,3,1,1,4,2,01,1,1,0,0,1,4,0,3,1,16,5,2,2,0,4,3,19,201300024536A01,40,1,1,243400017
201300024544,2013-01-17,2013,janvier,jeudi,18:25,34,34172,43.61108,3.87351,2,1,2,5,1,4,2,02,1,1,0,60,1,0,1,4,1,22,5,2,4,0,2,1,1,201300024544A01,7,1,1,243400017
201300024563,2013-01-29,2013,janvier,mardi,08:45,34,34172,43.60811,3.89674,2,1,3,1,1,4,2,02,1,1,0,60,1,0,1,4,1,37,1,3,9,0,2,3,19,201300024563A01,13,1,1,243400017
201300024586,2013-02-20,2013,février,mercredi,13:54,34,34172,43.61301,3.85888,2,6,3,1,1,4,2,02,1,-1,0,60,1,0,1,4,1,32,1,1,9,0,2,8,1,201300024586B01,7,16,1,243400017
201300024611,2013-03-12,2013,mars,mardi,17:15,34,34172,43.62403,3.86214,2,1,3,1,1,4,2,04,1,1,0,120,1,0,1,4,2,26,0,3,9,0,2,8,1,201300024611B01,7,16,1,243400017
201300024626,2013-03-20,2013,mars,mercredi,20:25,34,34172,43.63636,3.82726,2,1,3,5,8,4,2,02,2,1,0,60,1,0,1,4,1,23,1,2,9,0,2,1,1,201300024626B01,7,15,1,243400017
201300024635,2013-03-25,2013,mars,lundi,08:20,34,34172,43.61034,3.89042,2,3,3,1,1,4,2,04,1,1,0,120,1,0,0,4,1,53,1,3,9,0,2,1,19,201300024635A01,7,1,1,243400017
201300024640,2013-03-30,2013,mars,samedi,06:35,34,34172,43.61196,3.87187,2,3,7,2,1,4,2,02,1,1,0,0,2,0,0,3,1,47,0,2,9,6,0,1,0,201300024640A01,,,,243400017
201300024649,2013-04-07,2013,avril,dimanche,12:45,34,34172,43.62832,3.81757,2,1,3,1,1,4,2,04,2,1,0,128,1,0,1,4,1,30,5,3,9,0,2,1,19,201300024649B01,7,1,1,243400017
201300024664,2013-04-13,2013,avril,samedi,15:30,34,34172,43.61154,3.87203,2,1,6,1,1,4,2,02,2,1,0,60,1,0,1,4,2,8,5,3,9,0,2,1,19,201300024664B01,10,1,1,243400017
201300024682,2013-04-30,2013,avril,mardi,10:20,34,34172,43.62015,3.85903,2,1,3,1,2,4,1,02,1,2,0,60,2,0,1,4,2,23,0,3,9,0,2,7,1,201300024682B01,7,9,1,243400017
201300024707,2013-05-22,2013,mai,mercredi,16:05,34,34172,43.60834,3.90662,2,2,3,1,1,4,2,02,1,1,0,60,1,0,1,4,1,23,0,3,9,0,2,2,1,201300024707A01,7,1,1,243400017
201300024710,2013-05-22,2013,mai,mercredi,18:30,34,34172,43.62032,3.85971,2,2,3,1,1,4,2,02,1,1,0,60,1,0,0,4,1,11,5,3,9,0,2,7,1,201300024710A01,7,1,1,243400017
201300024712,2013-05-24,2013,mai,vendredi,09:00,34,34172,43.63738,3.83156,2,1,3,1,1,3,1,02,2,2,0,60,1,0,1,4,2,31,1,3,9,0,2,0,1,201300024712B01,7,16,1,243400017
201300024713,2013-05-23,2013,mai,jeudi,09:10,34,34172,43.60518,3.89896,2,1,7,1,1,4,-1,00,1,1,0,0,1,0,4,4,1,31,0,3,9,0,0,0,1,201300024713A01,,,,243400017
201300024720,2013-05-30,2013,mai,jeudi,08:50,34,34172,43.60964,3.83831,2,3,3,1,1,4,2,02,1,1,0,60,1,0,0,4,2,37,0,3,9,0,2,3,1,201300024720B01,7,16,1,243400017
201300024724,2013-05-31,2013,mai,vendredi,13:30,34,34172,43.61364,3.87704,2,1,1,1,1,4,2,01,2,1,0,60,1,0,1,4,1,19,5,1,4,0,2,1,2,201300024724B01,31,1,1,243400017
201300024729,2013-06-02,2013,juin,dimanche,18:43,34,34172,43.59808,3.90289,2,1,3,1,1,4,2,04,1,-1,150,120,1,0,5,3,2,51,5,2,9,0,9,3,1,201300024729B01,2,1,1,243400017
201300024751,2013-06-19,2013,juin,mercredi,18:15,34,34172,43.61496,3.89789,2,3,3,1,8,4,2,06,2,1,0,360,1,0,1,4,2,26,1,2,9,0,2,7,1,201300024751A01,7,1,1,243400017
201300024752,2013-06-20,2013,juin,jeudi,08:00,34,34172,43.61702,3.85485,2,2,3,1,8,4,1,01,1,-1,0,120,1,5,1,4,1,15,2,3,2,0,2,5,5,201300024752A01,7,15,1,243400017
201300024794,2013-07-24,2013,juillet,mercredi,07:25,34,34172,43.59014,3.85569,2,6,3,1,1,4,-1,02,1,-1,0,100,1,0,1,3,1,2013,5,3,9,0,2,5,2,201300024794B01,7,9,1,243400017
201300024811,2013-08-07,2013,août,mercredi,13:50,34,34172,43.61648,3.83372,2,3,1,1,1,4,2,02,1,1,0,60,1,0,1,4,1,11,5,2,9,0,2,1,16,201300024811A01,7,1,1,243400017
201300024830,2013-08-22,2013,août,jeudi,19:40,34,34172,43.60905,3.89022,2,1,2,1,1,4,1,03,1,1,0,90,1,0,1,4,1,21,5,1,2,0,2,1,1,201300024830A01,7,1,1,243400017
201300024834,2013-08-27,2013,août,mardi,10:35,34,34172,43.61395,3.86857,2,3,3,1,1,4,2,02,1,1,0,60,1,0,1,1,1,23,5,3,9,0,2,1,5,201300024834A01,32,1,1,243400017
201300024841,2013-08-30,2013,août,vendredi,16:35,34,34172,43.63048,3.87145,2,1,6,1,1,4,2,02,2,1,0,60,1,0,1,4,1,19,5,3,9,1,0,1,1,201300024841A01,1,1,1,243400017
201300024841,2013-08-30,2013,août,vendredi,16:35,34,34172,43.63048,3.87145,2,1,6,1,1,4,2,02,2,1,0,60,1,0,1,4,2,21,5,3,9,1,0,1,1,201300024841B01,1,1,1,243400017
201300024856,2013-09-10,2013,septembre,mardi,19:25,34,34172,43.61503,3.89274,2,1,6,1,1,4,2,02,1,2,0,60,1,2,5,3,2,58,1,1,9,0,9,1,1,201300024856A01,,,,243400017
201300024862,2013-09-13,2013,septembre,vendredi,21:20,34,34172,43.62755,3.86943,2,3,3,5,1,2,1,02,1,1,0,80,1,0,1,4,1,34,0,3,2,0,2,1,5,201300024862B01,7,0,1,243400017
201300024868,2013-09-15,2013,septembre,dimanche,18:00,34,34172,0,0,2,3,1,1,1,4,1,01,1,1,0,0,1,0,1,3,2,26,5,2,9,0,2,1,1,201300024868A01,3,1,1,243400017
201300024875,2013-09-20,2013,septembre,vendredi,11:49,34,34172,43.59094,3.85479,2,3,3,1,1,4,2,04,1,1,0,120,1,0,1,4,2,27,1,1,9,0,2,1,19,201300024875A01,7,9,1,243400017
201300024882,2013-09-24,2013,septembre,mardi,13:10,34,34172,43.5988,3.90258,2,1,2,1,8,4,3,04,1,1,200,174,1,0,1,4,1,46,5,3,2,0,0,5,0,201300024882B01,32,1,1,243400017
201300024884,2013-09-28,2013,septembre,samedi,19:25,34,34172,43.61597,3.88071,2,3,6,2,8,4,1,01,1,1,0,50,1,0,1,4,1,18,2,3,9,0,2,1,5,201300024884A01,31,1,1,243400017
201300024886,2013-09-30,2013,septembre,lundi,08:45,34,34172,43.61256,3.89517,2,3,3,1,1,4,2,03,1,1,0,90,1,0,1,3,1,40,4,3,4,0,0,8,1,201300024886B01,7,1,1,243400017
201300024898,2013-10-06,2013,octobre,dimanche,12:40,34,34172,43.6058,3.8994,1,6,3,1,1,4,1,02,1,2,0,60,1,0,1,4,2,46,5,3,9,0,2,6,9,201300024898A01,7,1,1,243400017
201300024899,2013-10-07,2013,octobre,lundi,08:20,34,34172,43.61998,3.84209,2,3,3,1,1,4,2,02,1,1,0,60,1,0,1,4,1,12,2,3,4,0,2,8,19,201300024899B01,7,9,1,243400017
201300024900,2013-10-07,2013,octobre,lundi,17:05,34,34172,43.62539,3.87108,2,3,3,1,1,4,2,02,2,1,0,60,1,0,1,4,2,25,5,1,9,0,2,1,19,201300024900B01,7,9,1,243400017
201300024905,2013-10-11,2013,octobre,vendredi,12:55,34,34172,43.6215,3.86843,2,3,3,1,1,4,2,02,1,1,0,60,1,4,1,4,1,18,1,3,4,0,2,1,5,201300024905A01,7,1,1,243400017
201300024908,2013-10-12,2013,octobre,samedi,17:00,34,34172,43.63314,3.82469,2,1,3,1,8,4,2,02,2,1,0,60,1,0,1,4,1,13,5,3,9,0,2,7,19,201300024908A01,7,1,1,243400017
201300024931,2013-10-24,2013,octobre,jeudi,17:25,34,34172,0,0,2,1,3,1,8,4,2,02,1,1,100,60,1,0,5,4,1,20,0,3,9,0,2,3,1,201300024931B01,7,16,1,243400017