Num_Acc,date,an,mois,jour,hrmn,dep,com,lat,long,agg,int,col,lum,atm,catr,circ,nbv,prof,plan,lartpc,larrout,surf,infra,situ,grav,sexe,age,trajet,secuexist,equipement,obs,obsm,choc,manv,vehiculeid,typevehicules,manoeuvehicules,numVehicules,_infos_commune.code_epci
201300024943,2013-11-08,2013,novembre,vendredi,15:40,34,34172,43.60911,3.88808,2,1,6,1,8,9,2,02,1,1,0,60,1,0,0,4,2,21,5,3,9,0,4,1,19,201300024943A01,40,1,2,243400017
201300024961,2013-11-20,2013,novembre,mercredi,19:55,34,34172,43.60468,3.88313,2,2,3,5,1,4,1,01,1,1,0,30,1,0,1,3,1,29,9,2,2,0,2,1,1,201300024961A01,7,1,1,243400017
201300024965,2013-11-23,2013,novembre,samedi,10:45,34,34172,43.61922,3.86413,2,1,3,1,1,4,2,02,2,1,0,60,1,0,5,4,2,23,5,3,9,0,2,1,1,201300024965A01,7,23,1,243400017
201300024973,2013-11-28,2013,novembre,jeudi,22:20,34,34172,43.63088,3.82219,2,1,1,5,1,4,2,01,1,1,0,80,1,0,1,3,1,34,0,3,9,0,2,8,19,201300024973B01,7,1,1,243400017
201300024975,2013-11-29,2013,novembre,vendredi,22:45,34,34172,43.61178,3.82555,2,1,2,5,1,3,2,04,1,2,0,120,1,0,1,4,1,22,0,2,4,0,2,4,0,201300024975B01,99,0,1,243400017
201300024981,2013-12-04,2013,décembre,mercredi,08:40,34,34172,0,0,2,3,3,1,1,4,1,02,1,1,0,0,1,0,1,3,2,24,9,3,9,0,0,8,19,201300024981B01,7,16,1,243400017
201300025045,2013-07-25,2013,juillet,jeudi,20:05,34,34108,0,0,2,1,3,1,1,3,1,01,1,3,0,89,1,0,1,3,1,43,1,1,2,0,2,4,0,201300025045B01,7,16,1,200066355
201300025057,2013-10-29,2013,octobre,mardi,17:40,34,34108,0,0,2,3,3,3,1,4,1,01,1,1,0,0,1,0,1,3,1,25,9,3,2,0,2,1,1,201300025057B01,7,1,1,200066355
201300025095,2013-01-23,2013,janvier,mercredi,14:00,35,35238,48.113,-1.67934,2,1,1,1,8,4,2,02,2,1,0,0,1,6,1,4,2,24,1,3,8,0,2,1,1,201300025095B01,30,1,1,243500139
201300025097,2013-01-24,2013,janvier,jeudi,16:35,35,35281,48.07785,-1.73273,2,1,3,1,1,4,1,01,2,3,0,0,1,0,1,4,1,78,5,1,2,0,2,1,1,201300025097B01,7,9,1,243500139
201300025112,2013-02-04,2013,février,lundi,16:30,35,35238,48.1223,-1.63872,2,6,3,1,1,4,2,02,1,2,0,0,1,5,1,4,1,22,2,3,8,0,2,7,1,201300025112B01,7,9,1,243500139
201300025116,2013-02-05,2013,février,mardi,15:50,35,35238,48.1198,-1.68341,2,1,7,1,1,4,1,02,2,1,0,0,1,0,1,4,1,68,5,1,2,0,0,0,1,201300025116A01,,,,243500139
201300025117,2013-02-05,2013,février,mardi,17:35,35,35238,48.1136,-1.67592,2,1,6,1,1,4,1,01,1,1,0,0,1,0,5,4,1,48,1,3,8,0,1,0,1,201300025117A01,,,,243500139
201300025120,2013-02-08,2013,février,vendredi,10:26,35,35055,48.07362,-1.57704,1,1,2,1,1,3,2,02,3,1,0,0,1,0,1,2,1,75,5,1,2,0,2,0,2,201300025120B01,10,2,1,243500139
201300025121,2013-02-08,2013,février,vendredi,18:53,35,35238,48.0914,-1.65841,2,6,3,5,2,4,2,02,1,2,0,0,2,5,1,3,2,24,5,3,8,0,2,0,1,201300025121B01,7,9,1,243500139
201300025123,2013-02-11,2013,février,lundi,17:40,35,35238,48.0964,-1.66013,2,1,3,1,7,4,2,02,2,1,0,0,1,0,1,4,2,62,5,3,8,0,2,4,19,201300025123B01,7,1,1,243500139
201300025135,2013-02-18,2013,février,lundi,08:40,35,35055,0,0,2,4,3,1,1,4,2,02,2,2,0,0,1,5,1,4,1,50,1,3,9,0,2,2,1,201300025135B01,7,15,1,243500139
201300025138,2013-02-19,2013,février,mardi,13:40,35,35238,48.1222,-1.65693,2,1,2,1,1,4,2,02,1,1,0,0,1,0,1,4,2,20,5,3,8,0,2,1,1,201300025138A01,7,23,1,243500139
201300025139,2013-02-21,2013,février,jeudi,08:30,35,35238,48.1124,-1.67327,2,4,3,1,1,4,2,02,2,1,0,0,1,5,1,4,1,57,1,3,8,0,2,8,1,201300025139B01,7,15,1,243500139
201300025140,2013-02-22,2013,février,vendredi,11:45,35,35238,48.105,-1.70879,2,6,1,1,1,4,2,02,1,1,0,0,1,5,5,4,1,38,1,3,8,0,2,0,1,201300025140B01,30,5,1,243500139
201300025144,2013-02-23,2013,février,samedi,10:30,35,35238,48.0882,-1.65745,2,2,3,1,8,4,3,02,1,1,0,0,1,5,1,4,1,48,5,3,9,0,2,1,5,201300025144B01,7,1,1,243500139
201300025146,2013-02-26,2013,février,mardi,17:53,35,35238,48.1071,-1.67115,2,1,7,1,1,4,2,02,1,1,0,0,1,0,1,3,1,44,5,3,8,0,0,0,1,201300025146A01,,,,243500139
201300025159,2013-03-14,2013,mars,jeudi,13:20,35,35238,48.11308,-1.65649,2,1,6,1,1,4,2,02,1,1,0,0,1,0,5,4,2,21,9,3,9,0,2,1,1,201300025159B01,7,22,1,243500139
201300025160,2013-03-14,2013,mars,jeudi,21:00,35,35238,48.10522,-1.70409,2,3,3,5,1,4,2,02,1,1,0,0,1,5,1,4,1,21,1,3,9,0,2,6,15,201300025160B01,7,1,1,243500139
201300025164,2013-03-18,2013,mars,lundi,17:40,35,35238,48.11503,-1.66196,2,3,3,1,1,4,2,01,1,1,0,0,1,5,1,4,1,25,2,3,9,0,2,1,5,201300025164A01,7,9,1,243500139
201300025165,2013-03-19,2013,mars,mardi,10:10,35,35238,48.11242,-1.67345,2,3,3,1,1,4,1,01,2,1,0,0,1,5,1,4,2,28,4,3,9,0,2,1,1,201300025165B01,7,15,1,243500139
201300025171,2013-03-24,2013,mars,dimanche,11:40,35,35238,0,0,2,1,3,1,1,4,2,02,1,1,0,0,1,2,1,4,1,49,5,1,2,0,2,0,1,201300025171B01,7,1,1,243500139
201300025172,2013-03-26,2013,mars,mardi,18:50,35,35238,48.10138,-1.6539,2,3,6,1,1,4,2,02,1,1,0,0,1,5,1,4,1,88,5,3,9,0,2,0,1,201300025172B01,7,4,1,243500139
201300025196,2013-04-24,2013,avril,mercredi,15:10,35,35238,48.109,-1.68455,2,1,3,1,1,4,3,06,1,1,0,0,1,0,1,3,1,64,5,3,8,0,2,1,13,201300025196A01,7,1,1,243500139
201300025218,2013-05-23,2013,mai,jeudi,08:05,35,35238,48.1113,-1.71316,2,3,3,1,7,4,2,02,1,1,0,0,1,5,1,4,2,53,1,3,2,0,2,1,1,201300025218B01,7,15,1,243500139
201300025222,2013-05-29,2013,mai,mercredi,08:45,35,35238,48.1026,-1.67803,2,1,3,1,1,4,2,02,1,3,0,60,1,2,1,4,2,56,1,3,2,0,2,0,1,201300025222B01,15,1,1,243500139
201300025225,2013-06-02,2013,juin,dimanche,16:10,35,35278,48.15205,-1.68403,2,1,6,1,1,4,2,02,1,1,0,0,1,0,4,1,1,9,0,3,9,0,1,0,1,201300025225A01,,,,243500139
201300025231,2013-06-06,2013,juin,jeudi,07:45,35,35238,48.1171,-1.65521,2,2,3,1,1,4,2,02,1,1,0,0,1,0,1,4,1,33,1,3,8,0,2,1,1,201300025231B01,7,15,1,243500139
201300025256,2013-06-26,2013,juin,mercredi,10:25,35,35238,48.1305,-1.65673,2,2,3,1,1,4,3,02,1,1,0,0,1,5,1,4,2,50,5,3,8,0,2,7,1,201300025256B01,7,1,1,243500139
201300025260,2013-06-28,2013,juin,vendredi,16:30,35,35238,48.09,-1.68226,2,6,3,1,1,4,2,02,1,1,0,0,1,5,1,3,1,35,5,1,2,0,2,4,1,201300025260A01,7,16,1,243500139
201300025263,2013-07-02,2013,juillet,mardi,18:30,35,35238,48.1099,-1.67186,2,1,3,1,8,4,2,02,1,1,0,0,1,0,1,4,1,30,5,3,8,0,2,0,1,201300025263B01,7,22,1,243500139
201300025278,2013-07-09,2013,juillet,mardi,09:10,35,35238,48.0947,-1.69024,2,2,2,1,1,4,2,02,1,1,0,0,1,5,1,4,1,30,1,3,8,0,2,1,1,201300025278A01,10,23,1,243500139
201300025279,2013-07-10,2013,juillet,mercredi,00:35,35,35238,48.1117,-1.68949,2,1,7,5,1,4,3,02,1,1,0,0,1,0,1,4,2,22,5,3,2,0,0,0,1,201300025279A01,,,,243500139
201300025281,2013-07-12,2013,juillet,vendredi,19:30,35,35238,48.0935,-1.74574,2,1,3,1,7,4,2,02,1,1,0,0,1,0,1,4,1,27,5,3,2,0,2,7,1,201300025281B01,7,15,1,243500139
201300025290,2013-07-22,2013,juillet,lundi,17:40,35,35238,48.0949,-1.73312,2,1,3,1,1,4,2,02,1,1,0,0,1,0,1,4,1,59,5,3,2,0,2,1,15,201300025290A01,33,1,1,243500139
201300025291,2013-07-23,2013,juillet,mardi,08:30,35,35238,48.1306,-1.68448,2,3,6,1,1,4,2,02,1,1,0,0,1,5,1,4,1,59,1,3,2,0,1,1,1,201300025291A01,,,,243500139
201300025294,2013-07-26,2013,juillet,vendredi,09:10,35,35278,48.16335,-1.67563,2,1,3,1,1,4,1,01,1,1,0,0,1,0,1,4,1,77,5,1,2,0,2,1,1,201300025294B01,7,16,1,243500139
201300025295,2013-07-26,2013,juillet,vendredi,19:00,35,35238,48.0984,-1.69456,2,1,7,1,1,4,2,02,2,1,0,0,1,0,1,4,1,15,5,3,2,0,0,1,1,201300025295A01,,,,243500139
201300025301,2013-07-31,2013,juillet,mercredi,09:15,35,35238,48.1111,-1.6972,2,3,7,1,8,4,2,00,1,1,0,0,1,0,1,3,1,50,1,3,9,0,0,1,21,201300025301A01,,,,243500139
201300025308,2013-08-08,2013,août,jeudi,22:00,35,35238,48.1051,-1.65047,2,2,3,5,1,4,2,02,1,1,0,0,1,0,1,3,1,16,5,3,8,0,2,8,16,201300025308A01,33,1,1,243500139
201300025309,2013-08-09,2013,août,vendredi,01:05,35,35238,48.1125,-1.67306,2,1,1,5,1,4,1,01,1,1,0,0,1,0,1,3,2,30,5,3,8,0,2,0,5,201300025309A01,7,1,1,243500139
201300025326,2013-09-02,2013,septembre,lundi,22:05,35,35238,48.1102,-1.6742,2,2,3,5,1,4,-1,02,1,1,0,0,1,5,1,4,1,38,5,3,8,0,2,1,1,201300025326A01,7,1,1,243500139
201300025364,2013-09-28,2013,septembre,samedi,11:15,35,35238,48.1036,-1.68435,2,1,2,1,1,4,3,02,1,1,0,0,1,0,1,4,1,35,5,3,8,0,2,0,1,201300025364B01,7,16,1,243500139
201300025373,2013-10-04,2013,octobre,vendredi,13:10,35,35281,0,0,2,1,3,1,1,4,2,02,-1,1,0,0,1,5,1,4,2,27,1,3,9,0,2,1,1,201300025373B01,7,14,1,243500139
201300025385,2013-10-12,2013,octobre,samedi,19:05,35,35238,48.128,-1.65746,2,2,3,1,8,4,3,02,4,1,0,0,1,5,1,4,1,10,5,3,8,0,2,4,19,201300025385A01,10,1,1,243500139
201300025386,2013-10-15,2013,octobre,mardi,07:20,35,35238,48.1085,-1.69298,2,2,3,5,3,4,3,02,1,1,0,0,3,5,1,4,1,56,1,1,2,0,2,1,1,201300025386B01,7,15,1,243500139
201300025387,2013-10-15,2013,octobre,mardi,07:50,35,35238,48.1171,-1.68085,2,2,6,5,2,4,2,02,2,1,0,0,2,5,1,1,1,29,1,3,9,0,1,0,1,201300025387A01,,,,243500139
201300025407,2013-10-28,2013,octobre,lundi,12:55,35,35238,48.1205,-1.70845,2,3,3,1,1,4,2,02,1,1,0,0,1,5,1,4,1,29,1,3,8,0,2,0,1,201300025407B01,7,1,1,243500139
201300025409,2013-10-29,2013,octobre,mardi,08:45,35,35238,48.1071,-1.71897,2,5,3,1,1,2,3,02,1,1,0,0,1,0,1,3,2,53,1,1,2,0,2,0,15,201300025409A01,7,16,1,243500139
201300025415,2013-10-31,2013,octobre,jeudi,09:20,35,35238,48.1024,-1.68431,2,1,3,1,1,4,2,02,1,1,0,0,1,5,1,4,2,49,5,1,2,0,2,1,1,201300025415B01,7,22,1,243500139
201300025416,2013-10-31,2013,octobre,jeudi,12:20,35,35238,0,0,2,1,5,1,2,4,2,02,1,1,0,0,2,5,1,4,1,24,1,2,2,0,2,0,5,201300025416C01,7,2,2,243500139
201300025432,2013-11-09,2013,novembre,samedi,11:20,35,35051,48.11865,-1.60098,2,6,2,1,2,4,1,01,1,1,0,0,2,5,1,4,1,14,5,3,9,0,2,4,1,201300025432B01,7,1,1,243500139
201300025435,2013-11-13,2013,novembre,mercredi,08:40,35,35238,48.0981,-1.68788,2,2,3,1,1,4,2,02,1,2,0,0,1,5,1,4,2,57,1,3,8,0,2,0,1,201300025435B01,7,15,1,243500139
201300025450,2013-11-18,2013,novembre,lundi,18:40,35,35238,48.1117,-1.68698,2,1,3,5,1,4,1,01,2,1,0,0,1,0,1,4,1,39,1,3,8,0,2,0,5,201300025450A01,7,16,1,243500139
201300025452,2013-11-19,2013,novembre,mardi,20:40,35,35238,48.1214,-1.71346,2,2,6,5,1,4,2,02,1,1,0,0,1,0,1,3,2,19,0,3,2,0,2,1,19,201300025452A01,7,15,1,243500139
201300025454,2013-11-20,2013,novembre,mercredi,10:55,35,35238,48.1097,-1.68459,2,5,3,1,1,4,1,02,1,1,0,0,1,5,1,4,1,26,1,3,8,0,2,1,1,201300025454A01,7,16,1,243500139
201300025455,2013-11-20,2013,novembre,mercredi,18:10,35,35238,48.1127,-1.66464,2,3,2,5,2,4,1,01,1,1,0,0,2,0,1,4,2,18,2,3,8,0,2,7,19,201300025455A01,7,1,1,243500139
201300025468,2013-11-29,2013,novembre,vendredi,13:00,35,35238,48.1257,-1.62814,2,1,3,1,8,4,2,02,3,1,0,0,1,0,1,4,1,58,1,3,8,0,2,1,15,201300025468A01,7,17,1,243500139
201300025469,2013-12-01,2013,décembre,dimanche,13:45,35,35238,48.1285,-1.66272,2,1,7,1,1,6,-1,00,1,1,0,0,1,0,1,2,1,70,5,3,8,0,0,2,1,201300025469A01,,,,243500139
201300025476,2013-12-07,2013,décembre,samedi,14:10,35,35238,48.1297,-1.63073,2,2,3,1,1,4,2,02,1,1,0,0,1,5,1,4,1,25,1,3,8,0,2,1,1,201300025476B01,7,15,1,243500139
201300025477,2013-12-09,2013,décembre,lundi,07:40,35,35281,0,0,2,1,3,3,1,4,1,01,1,1,0,0,1,0,1,4,2,31,1,3,9,0,2,1,5,201300025477A01,7,1,1,243500139
201300025483,2013-12-11,2013,décembre,mercredi,19:30,35,35238,48.1146,-1.65579,2,3,3,5,1,4,1,01,1,1,0,0,2,0,1,4,1,21,5,3,8,0,2,0,1,201300025483B01,7,15,1,243500139
201300025519,2013-09-24,2013,septembre,mardi,18:11,35,35241,0,0,2,1,3,1,1,3,3,02,2,1,0,0,1,0,1,3,1,54,5,1,4,0,2,8,1,201300025519A01,14,2,1,243500725
201300025538,2013-07-10,2013,juillet,mercredi,11:30,35,35288,48.65282,-2.00535,2,1,3,1,1,4,2,02,1,1,0,0,1,0,1,3,1,74,3,3,9,0,2,8,15,201300025538B01,7,17,1,243500782
201300025541,2013-08-01,2013,août,jeudi,14:15,35,35241,48.61328,-2.0537,2,1,2,1,1,3,3,02,1,1,0,0,1,0,1,3,1,63,5,1,9,0,2,4,0,201300025541B01,10,1,1,243500725
201300025551,2013-10-04,2013,octobre,vendredi,10:20,35,35093,48.64956,-2.00593,2,1,2,1,7,4,2,02,1,1,0,0,1,0,1,3,1,82,5,3,9,0,2,4,2,201300025551B01,7,2,1,243500725
201300025555,2013-01-24,2013,janvier,jeudi,16:20,36,36044,46.7977,1.71843,2,1,3,1,8,4,2,02,1,1,0,0,2,0,1,4,1,13,2,3,9,0,2,1,9,201300025555B01,7,1,1,243600327
201300025559,2013-01-14,2013,janvier,lundi,07:50,36,36044,46.8144,1.69661,1,6,3,2,1,4,1,00,1,3,0,0,1,0,1,4,1,52,1,3,9,0,2,1,0,201300025559B01,7,9,1,243600327
201300025560,2013-01-16,2013,janvier,mercredi,13:28,36,36044,46.7931,1.71127,2,6,3,1,1,4,2,02,1,-1,0,70,1,0,1,4,1,68,5,1,2,0,2,8,1,201300025560B01,7,9,1,243600327
201300025573,2013-03-04,2013,mars,lundi,10:25,36,36063,46.8271,1.70524,2,1,3,1,1,4,2,02,1,1,0,0,1,0,1,4,2,57,5,3,9,0,0,1,1,201300025573B01,7,22,1,243600327
201300025594,2013-09-22,2013,septembre,dimanche,10:00,36,36044,46.8049,1.69907,2,1,3,1,1,4,2,02,1,3,0,70,1,0,1,3,1,68,5,1,4,0,2,5,1,201300025594B01,7,9,1,243600327
201300025597,2013-10-02,2013,octobre,mercredi,07:15,36,36063,46.8269,1.7047,2,3,2,5,1,4,2,02,1,1,0,70,1,0,1,4,1,17,9,1,2,0,2,4,1,201300025597B01,7,1,1,243600327
201300025612,2013-04-18,2013,avril,jeudi,17:30,36,36044,46.803,1.678,2,1,6,1,1,4,2,02,1,1,0,0,1,0,1,4,2,16,5,2,2,0,2,1,1,201300025612B01,7,16,1,243600327
201300025619,2013-04-27,2013,avril,samedi,12:25,36,36044,46.8074,1.70265,2,2,3,1,1,4,1,02,1,1,0,0,1,0,1,4,1,46,9,2,2,0,2,1,1,201300025619A01,7,15,1,243600327
201300025643,2013-07-25,2013,juillet,jeudi,12:35,36,36044,46.8103,1.68752,2,6,2,1,1,4,1,02,-1,2,0,58,1,0,1,3,2,49,1,1,9,0,0,4,1,201300025643B01,7,16,1,243600327
201300025648,2013-08-06,2013,août,mardi,16:19,36,36044,46.8099,1.7045,2,1,7,1,1,4,2,02,-1,-1,0,62,-1,0,1,4,1,15,0,1,9,0,0,0,0,201300025648A01,,,,243600327
201300025653,2013-09-24,2013,septembre,mardi,17:23,36,36044,46.8067,1.69169,2,3,3,1,1,4,-1,02,1,-1,0,70,1,0,1,4,2,23,5,1,9,0,2,1,19,201300025653A01,7,23,1,243600327
201300025720,2013-03-21,2013,mars,jeudi,08:25,37,37261,0,0,1,1,2,1,1,9,1,01,1,1,0,25,1,0,1,4,1,44,0,2,9,0,2,1,1,201300025720A01,7,1,1,243700754
201300025729,2013-01-23,2013,janvier,mercredi,11:50,37,37261,0,0,2,6,3,1,1,4,2,03,1,1,0,90,1,0,1,4,2,73,5,2,9,0,2,7,1,201300025729B01,7,14,1,243700754
201300025736,2013-02-21,2013,février,jeudi,11:45,37,37261,0,0,2,2,3,1,1,4,2,02,2,1,,6,1,,1,3,1,73,5,2,9,0,2,0,2,201300025736B01,14,16,1,243700754
201300025738,2013-02-26,2013,février,mardi,19:10,37,37122,0,0,2,3,3,5,1,4,2,02,1,1,0,70,1,0,1,4,1,50,1,2,9,0,2,2,1,201300025738A01,7,15,1,243700754
201300025739,2013-02-27,2013,février,mercredi,08:10,37,37233,0,0,2,1,2,3,1,4,2,01,1,1,0,60,1,0,1,4,1,33,1,1,2,0,2,1,1,201300025739A01,17,23,1,243700754
201300025743,2013-03-21,2013,mars,jeudi,15:40,37,37261,0,0,2,3,6,1,1,4,1,02,2,1,0,90,1,0,1,1,1,26,0,2,9,0,1,1,16,201300025743A01,,,,243700754
201300025745,2013-03-29,2013,mars,vendredi,11:20,37,37261,0,0,2,1,2,1,1,4,1,01,1,1,0,50,1,0,1,4,1,23,1,1,9,0,2,1,1,201300025745A01,7,1,1,243700754
201300025752,2013-01-23,2013,janvier,mercredi,15:50,37,37261,0,0,2,1,2,1,1,4,2,02,1,1,0,80,1,0,1,1,1,12,5,2,9,0,2,6,13,201300025752A01,33,2,1,243700754
201300025754,2013-01-28,2013,janvier,lundi,18:36,37,37122,0,0,2,2,3,5,1,4,1,01,1,1,0,50,1,0,1,4,2,33,1,1,4,0,2,1,1,201300025754B01,7,15,1,243700754
201300025756,2013-01-30,2013,janvier,mercredi,08:11,37,37261,0,0,2,1,7,2,2,4,2,01,4,3,0,0,2,0,1,3,1,53,1,2,9,0,0,0,2,201300025756A01,,,,243700754
201300025768,2013-03-06,2013,mars,mercredi,15:27,37,37261,0,0,2,3,3,1,1,4,2,02,1,1,0,86,2,0,1,4,2,66,5,1,4,0,2,1,1,201300025768A01,10,15,1,243700754
201300025773,2013-03-12,2013,mars,mardi,17:35,37,37195,0,0,2,6,3,1,2,4,2,02,1,2,0,70,2,0,1,4,1,18,1,1,4,0,2,1,15,201300025773B01,7,9,1,243700754
201300025774,2013-01-03,2013,janvier,jeudi,10:25,37,37261,0,0,2,2,6,1,1,4,3,04,1,1,200,177,1,5,1,1,1,25,1,3,9,0,1,1,15,201300025774A01,,,,243700754
201300025795,2013-06-27,2013,juin,jeudi,01:15,37,37261,0,0,2,1,1,5,1,9,1,01,1,1,0,45,1,0,5,3,2,23,5,3,9,1,2,2,0,201300025795A01,3,0,1,243700754
201300025796,2013-07-05,2013,juillet,vendredi,21:00,37,37261,0,0,2,2,3,1,1,9,2,02,1,1,0,70,1,0,1,3,2,20,5,2,4,0,2,7,1,201300025796A01,7,1,1,243700754
201300025797,2013-07-06,2013,juillet,samedi,22:35,37,37261,0,0,2,2,5,5,1,4,2,02,1,1,,,1,0,1,3,1,40,5,2,4,0,2,8,19,201300025797A01,33 / 7,1,2,243700754
201300025801,2013-08-03,2013,août,samedi,22:35,37,37261,0,0,2,1,6,2,1,4,2,02,1,1,0,120,1,0,1,1,1,27,0,3,4,0,1,0,1,201300025801A01,,,,243700754
201300025801,2013-08-03,2013,août,samedi,22:35,37,37261,0,0,2,1,6,2,1,4,2,02,1,1,0,120,1,0,1,4,1,34,0,3,9,0,1,0,1,201300025801A01,,,,243700754
201300025813,2013-03-18,2013,mars,lundi,13:20,37,37261,0,0,2,1,3,1,1,4,1,02,1,1,180,60,2,0,1,4,1,21,1,3,9,0,2,7,19,201300025813A01,7,2,1,243700754
201300025816,2013-03-18,2013,mars,lundi,18:10,37,37261,0,0,2,1,3,1,1,4,2,03,1,1,0,120,2,0,5,4,1,17,2,1,4,0,2,7,1,201300025816B01,7,9,1,243700754
201300025817,2013-03-20,2013,mars,mercredi,08:04,37,37214,0,0,2,1,2,1,1,4,2,02,1,1,0,80,2,0,1,4,2,62,5,3,9,0,2,1,13,201300025817B01,10,4,1,243700754
201300025819,2013-03-31,2013,mars,dimanche,09:01,37,37208,0,0,2,3,3,1,1,4,2,02,1,1,0,60,1,0,1,4,2,55,3,3,9,0,2,1,15,201300025819A01,7,1,1,243700754
201300025821,2013-04-05,2013,avril,vendredi,16:15,37,37261,0,0,2,1,1,1,2,4,2,02,1,1,20,90,2,5,1,4,2,21,0,3,2,0,0,3,1,201300025821B01,7,1,1,243700754
201300025825,2013-04-30,2013,avril,mardi,12:15,37,37261,0,0,2,6,3,1,2,4,1,02,1,1,10,60,2,0,0,4,1,32,5,3,9,0,2,7,15,201300025825B01,7,9,1,243700754
201300025831,2013-05-13,2013,mai,lundi,09:12,37,37261,0,0,2,2,3,1,2,4,2,02,1,1,0,0,2,0,1,4,1,56,1,1,9,0,2,8,1,201300025831B01,7,1,1,243700754
201300025832,2013-05-22,2013,mai,mercredi,20:10,37,37214,0,0,2,2,3,1,1,4,2,02,1,1,0,70,2,0,1,4,1,51,5,2,2,0,2,7,19,201300025832A01,7,1,1,243700754
201300025842,2013-05-03,2013,mai,vendredi,16:05,37,37261,0,0,1,9,6,1,1,6,-1,02,1,1,0,60,-1,0,1,1,1,34,5,3,9,0,1,1,1,201300025842A01,,,,243700754
201300025842,2013-05-03,2013,mai,vendredi,16:05,37,37261,0,0,1,9,6,1,1,6,-1,02,1,1,0,60,-1,0,1,4,2,72,5,3,9,0,1,1,1,201300025842A01,,,,243700754
201300025858,2013-06-14,2013,juin,vendredi,15:50,37,37261,0,0,2,1,7,1,1,4,-1,01,1,1,0,15,1,0,5,1,1,14,2,3,9,0,1,1,1,201300025858A01,,,,243700754
201300025884,2013-05-15,2013,mai,mercredi,12:25,37,37233,0,0,2,1,3,1,1,9,2,02,1,1,0,50,1,0,1,4,2,50,0,3,9,1,0,1,1,201300025884B01,7,24,1,243700754
201300025886,2013-05-20,2013,mai,lundi,12:20,37,37261,0,0,2,1,7,1,2,9,-1,01,1,1,0,50,2,4,1,4,1,32,1,2,2,0,0,1,1,201300025886A01,,,,243700754
201300025896,2013-06-13,2013,juin,jeudi,08:30,37,37195,0,0,2,1,2,1,1,9,2,02,1,1,0,50,1,0,1,4,2,20,2,3,9,0,2,1,1,201300025896A01,7,1,1,243700754
201300025900,2013-06-20,2013,juin,jeudi,09:15,37,37233,0,0,2,2,3,1,1,4,2,02,1,1,0,60,1,5,1,3,1,12,0,3,9,0,2,8,1,201300025900A01,7,1,1,243700754
201300025902,2013-06-24,2013,juin,lundi,19:15,37,37261,0,0,2,1,1,1,1,4,2,02,2,1,0,60,1,0,1,4,1,59,5,3,9,0,2,1,1,201300025902B01,2,13,1,243700754
201300025905,2013-07-02,2013,juillet,mardi,10:45,37,37195,0,0,2,1,3,1,1,4,-1,02,1,-1,0,90,1,0,1,3,2,76,5,3,9,0,2,1,1,201300025905B01,7,22,1,243700754
201300025912,2013-07-17,2013,juillet,mercredi,17:15,37,37261,0,0,2,1,3,1,1,4,-1,00,1,1,0,70,1,0,1,3,2,50,5,3,9,0,2,7,1,201300025912B01,2,1,1,243700754
201300025915,2013-07-31,2013,juillet,mercredi,07:40,37,37261,0,0,2,2,3,1,1,9,2,02,1,1,0,60,1,0,1,4,1,36,1,3,9,0,2,1,1,201300025915B01,7,15,1,243700754
201300025917,2013-08-06,2013,août,mardi,11:35,37,37261,0,0,2,1,3,1,1,4,2,02,1,1,0,130,1,0,1,4,1,26,0,1,9,0,2,1,1,201300025917B01,7,16,1,243700754
201300025917,2013-08-06,2013,août,mardi,11:35,37,37261,0,0,2,1,3,1,1,4,2,02,1,1,0,130,1,0,1,3,1,1,0,1,2,0,2,1,1,201300025917B01,7,16,1,243700754
201300025924,2013-06-05,2013,juin,mercredi,12:40,37,37261,0,0,2,1,3,1,1,4,2,02,1,1,0,60,1,0,1,4,1,54,1,1,2,0,2,1,2,201300025924B01,10,24,1,243700754
201300025933,2013-07-05,2013,juillet,vendredi,10:05,37,37261,0,0,2,3,3,1,1,4,1,01,1,1,0,60,1,0,1,4,1,19,5,1,2,0,2,3,1,201300025933B01,7,16,1,243700754
201300025938,2013-07-11,2013,juillet,jeudi,08:45,37,37261,0,0,2,2,3,1,1,3,1,01,1,1,0,0,1,0,1,4,2,21,1,2,9,0,2,8,1,201300025938B01,7,15,1,243700754
201300025941,2013-07-16,2013,juillet,mardi,17:55,37,37261,0,0,2,2,3,1,1,3,2,04,1,1,0,0,1,0,1,4,1,22,5,2,9,0,2,1,19,201300025941A01,10,16,1,243700754
201300025942,2013-07-24,2013,juillet,mercredi,07:45,37,37261,0,0,2,6,3,1,1,4,-1,02,1,2,0,80,1,0,1,4,1,41,1,1,2,0,2,5,15,201300025942B01,7,15,1,243700754
201300025952,2013-08-06,2013,août,mardi,12:11,37,37122,0,0,2,6,3,1,1,4,2,02,1,1,0,60,1,5,1,3,2,59,1,3,9,0,2,6,1,201300025952B01,7,9,1,243700754
201300025954,2013-08-25,2013,août,dimanche,12:15,37,37208,0,0,2,1,1,1,1,4,1,01,2,3,0,40,1,0,1,3,1,13,5,1,9,0,2,1,5,201300025954A01,7,1,1,243700754
201300025958,2013-09-05,2013,septembre,jeudi,09:10,37,37261,0,0,2,3,3,1,1,9,-1,01,1,-1,0,25,-1,0,1,4,2,24,2,3,9,0,2,1,1,201300025958A01,7,15,1,243700754
201300025963,2013-09-24,2013,septembre,mardi,11:51,37,37261,0,0,2,1,7,1,1,9,-1,02,1,1,0,50,1,0,1,4,1,46,5,1,9,0,0,1,1,201300025963A01,,,,243700754