Num_Acc,date,an,mois,jour,hrmn,dep,com,lat,long,agg,int,col,lum,atm,catr,circ,nbv,prof,plan,lartpc,larrout,surf,infra,situ,grav,sexe,age,trajet,secuexist,equipement,obs,obsm,choc,manv,vehiculeid,typevehicules,manoeuvehicules,numVehicules,_infos_commune.code_epci
201300027171,2013-09-06,2013,septembre,vendredi,16:10,44,44109,0,0,2,6,3,1,1,4,2,01,1,1,0,0,1,0,1,4,1,39,1,3,9,0,2,1,1,201300027171B01,7,1,1,244400404
201300027180,2013-09-09,2013,septembre,lundi,07:35,44,44109,0,0,2,3,3,1,2,4,1,02,1,1,0,0,2,0,1,3,1,46,1,3,9,0,2,1,1,201300027180B01,7,9,1,244400404
201300027184,2013-09-10,2013,septembre,mardi,13:10,44,44109,0,0,2,1,6,1,1,4,2,02,1,1,0,0,1,0,1,4,2,46,1,2,9,1,0,0,1,201300027184B01,7,22,1,244400404
201300027189,2013-09-15,2013,septembre,dimanche,14:00,44,44109,0,0,2,1,3,1,9,4,-1,00,-1,-1,0,0,-1,0,5,4,1,21,0,3,9,0,2,6,0,201300027189B01,7,0,1,244400404
201300027194,2013-09-19,2013,septembre,jeudi,17:10,44,44190,0,0,2,1,6,1,1,4,2,02,-1,-1,0,0,-1,0,1,4,1,15,0,3,9,0,2,0,1,201300027194A01,7,21,1,244400404
201300027214,2013-10-09,2013,octobre,mercredi,16:20,44,44109,0,0,2,1,3,1,1,4,2,01,2,1,0,0,1,0,5,3,2,26,2,1,2,0,2,1,0,201300027214B01,7,9,1,244400404
201300027217,2013-10-11,2013,octobre,vendredi,11:10,44,44143,0,0,2,1,3,1,1,4,2,02,1,1,0,50,1,0,0,3,2,81,0,3,9,0,2,0,9,201300027217B01,7,1,1,244400404
201300027225,2013-10-18,2013,octobre,vendredi,18:25,44,44109,0,0,2,1,7,1,1,4,2,02,2,1,0,0,1,0,1,4,2,46,0,3,9,0,1,1,1,201300027225A01,,,,244400404
201300027227,2013-10-21,2013,octobre,lundi,08:00,44,44109,0,0,2,1,6,5,1,4,2,02,1,1,0,0,-1,0,1,4,1,18,0,3,9,0,2,8,1,201300027227B01,7,15,1,244400404
201300027229,2013-10-21,2013,octobre,lundi,18:55,44,44109,0,0,2,1,6,2,9,4,-1,00,-1,-1,0,0,-1,0,1,4,2,32,0,3,9,0,2,0,1,201300027229B01,7,1,1,244400404
201300027245,2013-11-09,2013,novembre,samedi,14:30,44,44109,0,0,2,1,6,1,1,3,2,00,1,1,0,0,1,0,1,4,1,22,0,3,9,0,2,4,1,201300027245A01,,,,244400404
201300027249,2013-11-12,2013,novembre,mardi,16:30,44,44109,0,0,2,2,6,1,1,4,2,02,-1,-1,0,0,-1,0,1,4,2,27,0,3,9,0,2,0,1,201300027249B01,7,15,1,244400404
201300027262,2013-11-30,2013,novembre,samedi,12:10,44,44109,0,0,2,1,7,1,1,4,2,01,1,1,0,0,1,0,5,3,1,57,5,1,2,8,0,8,1,201300027262A01,,,,244400404
201300027267,2013-11-28,2013,novembre,jeudi,08:25,44,44162,0,0,2,1,2,1,1,4,2,02,1,1,0,0,1,0,1,4,2,56,0,3,9,0,2,4,23,201300027267B01,7,1,1,244400404
201300027269,2013-12-07,2013,décembre,samedi,14:10,44,44109,0,0,2,1,3,1,1,4,1,00,1,1,0,0,-1,0,1,4,2,52,5,3,9,0,9,5,2,201300027269A01,30,2,1,244400404
201300027279,2013-12-17,2013,décembre,mardi,08:50,44,44109,0,0,2,1,3,1,9,4,-1,02,-1,-1,0,0,-1,0,1,4,2,46,1,3,9,0,2,0,2,201300027279B01,10,2,1,244400404
201300027282,2013-12-26,2013,décembre,jeudi,04:40,44,44109,0,0,2,1,3,4,9,4,-1,00,-1,-1,0,0,-1,0,0,4,1,27,1,3,9,0,2,4,0,201300027282B01,7,0,1,244400404
201300027292,2013-01-22,2013,janvier,mardi,18:50,44,44184,0,0,2,1,3,5,1,4,2,02,1,1,0,0,1,0,4,4,1,41,5,1,2,0,2,1,1,201300027292A01,7,1,1,244400644
201300027300,2013-02-19,2013,février,mardi,16:40,44,44184,0,0,2,2,3,1,1,3,3,03,1,1,0,0,1,0,1,4,2,12,2,3,9,0,2,1,1,201300027300A01,7,1,1,244400644
201300027326,2013-05-10,2013,mai,vendredi,15:00,44,44184,0,0,2,3,3,1,1,4,2,02,1,1,0,0,1,0,1,4,2,13,0,1,4,0,2,1,0,201300027326A01,7,0,1,244400644
201300027331,2013-05-15,2013,mai,mercredi,16:30,44,44184,0,0,2,2,3,1,1,4,1,01,1,1,0,0,-1,0,1,4,1,67,0,1,4,0,2,1,1,201300027331B01,7,9,1,244400644
201300027332,2013-05-16,2013,mai,jeudi,13:30,44,44184,0,0,2,2,3,1,1,4,2,03,1,1,0,120,1,0,1,3,1,7,0,2,4,0,2,1,19,201300027332B01,38,16,1,244400644
201300027338,2013-07-06,2013,juillet,samedi,21:10,44,44184,0,0,2,2,3,2,1,4,2,02,1,1,0,50,1,0,1,4,1,13,5,3,9,0,2,7,19,201300027338A01,7,1,1,244400644
201300027342,2013-07-17,2013,juillet,mercredi,12:55,44,44184,0,0,2,6,6,1,1,4,2,02,1,1,0,0,1,5,0,4,1,54,1,3,9,0,2,6,2,201300027342B01,7,2,1,244400644
201300027370,2013-09-22,2013,septembre,dimanche,17:50,44,44184,0,0,2,1,2,1,1,4,2,02,1,1,0,0,1,0,1,4,2,39,5,3,9,0,2,4,1,201300027370B01,7,1,1,244400644
201300027383,2013-11-15,2013,novembre,vendredi,07:45,44,44184,0,0,2,1,3,2,1,4,1,02,1,4,0,0,1,0,1,4,1,15,0,2,9,0,2,1,9,201300027383B01,7,16,1,244400644
201300027410,2013-04-17,2013,avril,mercredi,19:18,45,45068,48.02231,2.73622,2,3,3,1,1,4,2,02,1,1,0,50,1,0,1,4,1,11,9,3,9,0,2,1,1,201300027410B01,7,1,1,244500203
201300027413,2013-04-24,2013,avril,mercredi,16:18,45,45004,47.99029,2.78503,1,2,3,1,1,3,2,02,1,1,0,55,1,0,1,4,2,77,5,3,9,0,2,3,15,201300027413B01,7,17,1,244500203
201300027438,2013-08-23,2013,août,vendredi,16:05,45,45004,47.97532,2.7333,2,1,2,1,1,3,2,02,1,1,0,60,1,0,1,4,1,12,5,2,9,0,2,1,2,201300027438B01,7,1,1,244500203
201300027450,2013-10-05,2013,octobre,samedi,15:15,45,45208,0,0,2,1,3,1,1,4,4,01,1,1,0,0,1,0,1,4,2,8,0,3,9,0,2,1,0,201300027450B01,7,0,1,244500203
201300027463,2013-12-06,2013,décembre,vendredi,04:50,45,45068,48.02139,2.7372,2,3,3,5,2,3,2,02,2,3,0,60,2,0,1,4,1,28,9,2,9,0,2,1,1,201300027463B01,7,15,1,244500203
201300027488,2013-03-13,2013,mars,mercredi,15:40,45,45285,47.90835,1.87726,2,3,3,1,1,4,2,02,1,1,0,49,1,0,1,4,1,53,5,2,4,0,0,6,15,201300027488A01,7,1,1,244500468
201300027489,2013-03-14,2013,mars,jeudi,17:00,45,45234,47.91922,1.90268,2,1,3,1,1,6,-1,00,1,1,0,0,1,0,1,4,1,14,9,2,4,0,2,1,1,201300027489B01,7,1,1,244500468
201300027492,2013-03-23,2013,mars,samedi,17:55,45,45234,47.90009,1.88262,2,1,3,1,1,4,2,02,1,1,0,120,1,4,1,4,1,43,9,3,4,0,2,8,13,201300027492A01,7,1,1,244500468
201300027503,2013-04-17,2013,avril,mercredi,10:30,45,45286,47.88684,1.91843,2,1,6,1,1,4,2,02,1,1,0,44,1,0,1,3,2,63,9,2,4,0,5,1,21,201300027503A01,,,,244500468
201300027509,2013-05-06,2013,mai,lundi,18:15,45,45286,47.88501,1.9292,2,3,4,1,1,3,2,02,1,1,0,68,1,0,1,4,1,13,9,3,4,0,2,8,19,201300027509D01,7,2 / 23,3,244500468
201300027525,2013-06-24,2013,juin,lundi,07:45,45,45274,47.8768,1.98426,1,1,3,1,1,4,3,02,1,1,39,78,1,0,1,3,2,15,2,2,4,0,2,8,19,201300027525B01,10,1,1,244500468
201300027531,2013-07-02,2013,juillet,mardi,11:30,45,45234,47.90441,1.90442,2,1,6,1,1,4,3,04,1,1,0,12,1,0,1,4,1,45,9,3,9,0,1,1,1,201300027531A01,,,,244500468
201300027543,2013-10-04,2013,octobre,vendredi,15:50,45,45234,47.91202,1.91948,2,1,3,1,1,4,3,02,1,1,90,50,1,4,1,3,1,43,9,2,4,0,2,8,9,201300027543A01,37,1,1,244500468
201300027547,2013-10-17,2013,octobre,jeudi,11:05,45,45147,47.93257,1.92834,2,6,3,1,1,4,2,02,1,1,0,75,2,0,1,4,1,62,9,2,4,0,2,1,1,201300027547B01,7,16,1,244500468
201300027560,2013-12-19,2013,décembre,jeudi,13:15,45,45234,0,0,1,1,3,1,1,4,3,01,1,1,0,43,1,0,1,4,2,11,2,2,4,0,2,7,0,201300027560B01,7,0,1,244500468
201300027576,2013-12-17,2013,décembre,mardi,08:00,47,47001,0,0,2,2,3,1,1,3,2,02,1,1,0,0,1,0,1,3,1,17,1,2,2,0,2,1,1,201300027576A01,7,1,1,200096956
201300027581,2013-03-21,2013,mars,jeudi,09:15,47,47001,44.1976,0.6205,2,1,5,1,1,3,2,02,1,1,0,0,1,0,1,3,2,23,1,1,9,0,2,1,14,201300027581B02,17 / 10,23 / 1,2,200096956
201300027582,2013-04-08,2013,avril,lundi,12:10,47,47001,44.2038,0.62075,2,1,3,1,1,4,2,00,1,1,0,0,-1,0,1,3,1,20,2,1,9,0,2,1,15,201300027582A01,7,1,1,200096956
201300027584,2013-04-28,2013,avril,dimanche,11:10,47,47201,44.2109,0.58717,2,3,3,1,1,4,-1,01,1,1,0,0,-1,0,1,4,1,53,5,1,2,0,2,1,1,201300027584A01,7,1,1,200096956
201300027588,2013-06-14,2013,juin,vendredi,12:55,47,47201,0,0,2,2,3,1,2,4,2,02,1,1,0,0,2,0,1,3,1,14,2,1,9,0,2,8,1,201300027588A01,7,1,1,200096956
201300027589,2013-06-20,2013,juin,jeudi,16:50,47,47001,0,0,2,3,3,1,1,4,1,02,1,1,0,0,1,0,1,4,1,16,2,2,2,0,2,1,1,201300027589A01,7,1,1,200096956
201300027591,2013-07-03,2013,juillet,mercredi,12:43,47,47001,0,0,2,1,3,1,1,4,1,01,1,1,0,0,1,0,1,4,2,36,1,1,9,0,2,8,1,201300027591B01,7,1,1,200096956
201300027595,2013-08-12,2013,août,lundi,10:27,47,47001,0,0,2,6,2,1,1,3,-1,01,1,3,0,0,1,5,1,3,2,72,5,1,9,0,2,1,1,201300027595A01,10,23,1,200096956
201300027602,2013-10-29,2013,octobre,mardi,09:20,47,47001,0,0,2,3,3,1,1,4,1,01,1,1,0,0,1,0,1,4,1,71,5,1,9,0,2,1,1,201300027602B01,7,15,1,200096956
201300027617,2013-10-24,2013,octobre,jeudi,12:30,47,47323,0,0,2,2,3,1,1,4,4,02,1,1,0,0,1,5,1,3,2,44,0,3,9,0,2,0,18,201300027617B01,38,16,1,200023307
201300027624,2013-11-12,2013,novembre,mardi,08:55,48,48095,0,0,2,1,7,1,1,4,2,02,1,1,0,0,1,0,1,3,1,17,0,1,4,0,2,1,1,201300027624B01,10,1,1,244800405
201300027628,2013-01-07,2013,janvier,lundi,07:44,49,49007,47.4642,-0.53148,2,6,3,2,1,4,2,02,1,1,0,60,2,0,1,4,2,49,1,1,2,0,2,8,1,201300027628B01,7,1,1,244900015
201300027633,2013-01-11,2013,janvier,vendredi,08:35,49,49246,47.44074,-0.49853,2,6,2,1,1,4,2,02,1,1,0,40,1,0,1,4,2,60,1,3,2,0,2,4,1,201300027633B01,7,1,1,244900015
201300027634,2013-01-11,2013,janvier,vendredi,18:39,49,49267,47.46114,-0.48988,2,3,3,5,1,4,2,03,1,1,0,139,1,0,1,4,1,19,5,3,2,0,2,8,1,201300027634B01,7,15,1,244900015
201300027650,2013-01-30,2013,janvier,mercredi,10:30,49,49246,47.43208,-0.48542,2,3,3,1,2,4,3,03,1,1,0,90,2,0,1,3,1,60,5,3,9,0,2,8,1,201300027650B01,2,15,1,244900015
201300027651,2013-01-31,2013,janvier,jeudi,08:17,49,49007,47.46538,-0.55701,2,1,6,2,1,4,2,02,1,1,0,60,1,0,1,4,1,32,0,1,9,1,0,1,1,201300027651B01,7,22,1,244900015
201300027662,2013-02-12,2013,février,mardi,08:10,49,49007,47.46806,-0.55103,2,1,2,1,1,4,3,02,1,1,0,50,2,0,1,4,1,46,1,3,9,0,2,4,1,201300027662B01,37,1,1,244900015
201300027668,2013-02-21,2013,février,jeudi,07:53,49,49007,47.47586,-0.54805,2,1,6,2,1,4,2,02,1,1,0,60,1,0,1,1,1,51,5,3,9,0,1,1,1,201300027668A01,,,,244900015
201300027673,2013-03-05,2013,mars,mardi,12:15,49,49007,47.47341,-0.54402,2,1,6,1,1,4,3,02,1,1,0,100,1,0,1,4,2,61,0,3,9,0,2,0,1,201300027673B01,7,4,1,244900015
201300027692,2013-03-27,2013,mars,mercredi,17:22,49,49007,47.4792,-0.55759,2,1,3,1,1,4,1,03,1,1,0,98,1,0,1,4,2,28,5,3,2,0,2,0,1,201300027692B01,7,16,1,244900015
201300027701,2013-04-11,2013,avril,jeudi,11:06,49,49007,47.48567,-0.52521,2,1,3,1,2,4,2,02,1,1,0,0,2,0,1,4,1,21,5,3,9,0,2,8,1,201300027701B01,7,1,1,244900015
201300027706,2013-04-18,2013,avril,jeudi,18:19,49,49007,47.47319,-0.59783,2,1,6,1,1,4,2,03,1,1,0,60,1,0,1,4,1,52,5,3,2,12,0,1,1,201300027706A01,,,,244900015
201300027708,2013-04-19,2013,avril,vendredi,12:20,49,49267,47.4894,-0.50516,2,1,2,1,1,4,2,02,1,1,0,90,1,0,1,4,1,17,0,1,9,0,2,1,1,201300027708A01,7,23,1,244900015
201300027715,2013-04-29,2013,avril,lundi,07:48,49,49007,47.45619,-0.52783,2,1,3,1,1,4,-1,01,1,1,0,40,1,0,1,4,1,29,5,3,9,0,2,1,1,201300027715A01,7,1,1,244900015
201300027724,2013-05-07,2013,mai,mardi,16:45,49,49007,47.47363,-0.5711,2,1,7,1,1,4,2,02,1,1,0,42,1,0,1,3,1,36,0,1,2,0,2,1,1,201300027724B01,7,22,1,244900015
201300027730,2013-05-11,2013,mai,samedi,17:20,49,49007,47.47584,-0.55006,2,1,6,1,1,4,3,04,1,1,0,120,1,0,1,3,2,46,1,3,2,0,2,1,1,201300027730B01,7,22,1,244900015
201300027734,2013-05-13,2013,mai,lundi,15:15,49,49007,47.49094,-0.52973,2,1,6,1,1,4,2,04,1,1,0,90,1,0,1,3,2,66,5,2,2,0,2,1,1,201300027734B01,7,19,1,244900015
201300027736,2013-05-16,2013,mai,jeudi,16:01,49,49007,47.4483,-0.53864,2,6,3,1,1,4,2,02,1,1,0,71,1,0,1,4,1,73,5,3,2,0,2,1,0,201300027736B01,7,0,1,244900015
201300027742,2013-05-22,2013,mai,mercredi,17:05,49,49007,47.47812,-0.59851,2,6,3,1,1,4,2,02,1,1,0,60,1,0,1,4,2,15,5,3,9,0,2,0,1,201300027742B01,7,14,1,244900015
201300027743,2013-05-22,2013,mai,mercredi,18:20,49,49007,47.44985,-0.51584,2,1,6,1,1,4,2,02,1,1,0,56,1,0,1,4,2,32,1,3,9,0,2,0,1,201300027743B01,7,1,1,244900015
201300027744,2013-05-22,2013,mai,mercredi,15:08,49,49007,47.49167,-0.55161,2,1,6,1,1,4,-1,03,1,1,0,114,1,0,1,4,1,33,5,3,9,0,1,1,1,201300027744A01,,,,244900015
201300027745,2013-05-27,2013,mai,lundi,20:10,49,49007,47.48749,-0.52972,2,1,2,1,1,4,-1,02,1,1,0,55,-1,0,1,4,2,5,0,3,9,0,2,3,0,201300027745A01,7,0,1,244900015
201300027747,2013-05-29,2013,mai,mercredi,08:53,49,49007,47.46868,-0.55839,2,2,7,1,1,4,2,02,1,1,0,63,1,5,1,2,1,8,5,1,2,0,2,0,14,201300027747B01,14,16,1,244900015
201300027761,2013-06-08,2013,juin,samedi,18:20,49,49007,47.47319,-0.53152,2,1,7,1,1,4,1,01,1,1,0,29,1,0,1,4,2,50,0,3,2,0,0,0,1,201300027761A01,,,,244900015
201300027775,2013-06-25,2013,juin,mardi,17:58,49,49007,47.47928,-0.59747,1,4,6,1,1,4,2,02,1,1,0,70,1,0,1,4,2,52,1,3,9,0,2,0,1,201300027775B01,7,15,1,244900015
201300027777,2013-06-25,2013,juin,mardi,13:18,49,49007,47.45186,-0.54445,2,1,1,1,1,4,2,02,1,1,0,85,1,0,4,1,2,44,5,3,9,0,2,1,1,201300027777A01,1,1,1,244900015
201300027777,2013-06-25,2013,juin,mardi,13:18,49,49007,47.45186,-0.54445,2,1,1,1,1,4,2,02,1,1,0,85,1,0,4,4,2,25,1,3,9,0,2,1,1,201300027777B01,1,1,1,244900015
201300027783,2013-06-30,2013,juin,dimanche,10:20,49,49007,47.44751,-0.56177,2,2,3,1,1,4,2,02,1,1,0,60,1,0,1,4,1,16,5,3,9,0,2,1,1,201300027783A01,7,1,1,244900015
201300027785,2013-07-03,2013,juillet,mercredi,08:42,49,49007,47.46473,-0.5939,2,6,6,1,1,4,2,02,1,1,0,84,1,0,1,4,2,18,1,3,9,0,2,0,1,201300027785B01,7,1,1,244900015
201300027795,2013-07-12,2013,juillet,vendredi,08:55,49,49007,47.47228,-0.54634,2,1,3,3,1,4,2,02,1,1,0,60,1,0,1,4,2,53,5,3,2,0,2,1,1,201300027795B01,7,16,1,244900015
201300027796,2013-07-16,2013,juillet,mardi,19:40,49,49007,47.4742,-0.56722,2,4,3,1,1,4,3,03,1,1,0,120,1,0,1,4,2,19,5,3,2,0,2,8,1,201300027796B01,7,15,1,244900015
201300027805,2013-08-02,2013,août,vendredi,13:44,49,49007,0,0,2,1,6,1,1,4,2,04,1,1,0,100,1,0,1,4,2,9,5,3,9,0,2,7,19,201300027805A01,7,1,1,244900015
201300027807,2013-08-06,2013,août,mardi,08:35,49,49007,0,0,2,6,1,1,1,4,2,04,1,1,0,93,1,5,1,3,2,50,1,3,9,0,2,2,1,201300027807B01,7,1,1,244900015
201300027812,2013-08-24,2013,août,samedi,10:16,49,49007,47.4755,-0.53661,2,1,6,1,1,4,1,01,2,1,0,40,1,0,1,1,1,22,4,3,9,0,1,1,1,201300027812A01,,,,244900015
201300027826,2013-09-08,2013,septembre,dimanche,12:15,49,49007,0,0,2,1,6,1,1,4,-1,01,1,1,0,37,1,0,1,4,1,53,5,3,2,0,2,0,1,201300027826B01,7,1,1,244900015
201300027831,2013-09-12,2013,septembre,jeudi,07:54,49,49007,0,0,2,1,6,1,2,4,2,02,1,1,0,60,1,0,1,4,1,17,2,3,2,0,2,0,1,201300027831B01,7,15,1,244900015
201300027834,2013-09-17,2013,septembre,mardi,12:20,49,49007,47.47402,-0.53743,2,3,1,1,1,4,2,02,1,-1,0,60,1,0,1,3,2,16,2,3,9,0,2,0,1,201300027834B01,7,16,1,244900015
201300027836,2013-09-15,2013,septembre,dimanche,09:30,49,49007,0,0,2,1,6,1,1,4,2,02,1,1,0,60,1,0,1,4,1,19,2,3,2,0,2,0,1,201300027836B01,7,16,1,244900015
201300027842,2013-09-23,2013,septembre,lundi,08:51,49,49007,0,0,2,1,6,1,1,4,2,02,1,1,0,60,1,0,1,4,2,23,1,3,9,0,2,0,1,201300027842B01,7,1,1,244900015
201300027843,2013-09-24,2013,septembre,mardi,19:09,49,49007,0,0,2,1,6,1,1,4,2,02,1,1,0,60,1,0,1,4,2,37,5,3,9,0,0,0,1,201300027843B01,7,14,1,244900015
201300027844,2013-09-24,2013,septembre,mardi,13:36,49,49007,0,0,2,1,7,1,1,4,2,02,1,1,0,60,1,0,1,4,1,13,2,3,9,0,0,0,1,201300027844A01,,,,244900015
201300027847,2013-09-28,2013,septembre,samedi,08:40,49,49007,0,0,2,1,6,1,1,4,1,02,1,1,0,0,1,0,1,4,2,72,5,3,4,0,2,0,1,201300027847B01,10,1,1,244900015
201300027849,2013-09-27,2013,septembre,vendredi,18:30,49,49007,0,0,2,2,3,1,1,4,2,02,1,1,0,60,1,0,1,4,2,16,0,3,9,0,2,8,15,201300027849A01,7,1,1,244900015
201300027851,2013-09-27,2013,septembre,vendredi,19:10,49,49007,0,0,2,1,3,2,1,4,2,02,1,1,0,60,1,0,5,4,2,24,5,3,9,0,2,1,1,201300027851B01,7,9,1,244900015
201300027854,2013-10-01,2013,octobre,mardi,17:39,49,49007,0,0,2,1,6,1,1,4,2,00,-1,1,0,45,1,0,1,4,2,17,0,3,9,1,0,1,0,201300027854B01,7,22,1,244900015
201300027860,2013-10-04,2013,octobre,vendredi,17:55,49,49007,0,0,2,1,6,1,1,4,1,02,1,1,0,70,1,0,1,4,2,54,5,3,9,0,0,0,1,201300027860B01,37,1,1,244900015
201300027866,2013-10-14,2013,octobre,lundi,13:30,49,49007,0,0,2,2,6,1,1,4,3,02,1,1,0,80,1,0,1,4,2,34,5,3,9,0,2,4,1,201300027866B01,7,15,1,244900015
201300027870,2013-10-16,2013,octobre,mercredi,08:00,49,49007,0,0,2,1,3,5,1,4,2,00,1,1,0,54,2,0,1,4,1,14,2,3,9,0,2,1,1,201300027870B01,7,20,1,244900015
201300027873,2013-10-17,2013,octobre,jeudi,18:24,49,49353,0,0,2,1,6,1,1,4,-1,02,1,1,0,0,1,0,1,4,2,15,5,3,9,0,2,0,19,201300027873B01,7,1,1,244900015
201300027876,2013-10-22,2013,octobre,mardi,08:57,49,49246,0,0,2,1,3,2,1,4,-1,01,1,-1,0,40,1,0,1,4,2,20,0,3,4,0,0,7,0,201300027876B01,7,0,1,244900015
201300027879,2013-10-24,2013,octobre,jeudi,11:00,49,49007,0,0,2,1,6,1,1,4,2,02,1,1,0,59,1,0,1,4,1,19,0,3,9,0,2,1,1,201300027879A01,,,,244900015
201300027889,2013-11-14,2013,novembre,jeudi,08:55,49,49007,0,0,2,1,6,1,1,4,-1,02,1,-1,0,0,1,0,0,4,1,21,0,3,4,0,2,1,0,201300027889B01,7,0,1,244900015
201300027894,2013-10-26,2013,octobre,samedi,16:30,49,49007,0,0,2,1,6,1,1,4,1,01,1,1,0,60,1,6,5,4,1,14,5,3,9,0,2,1,1,201300027894A01,1,2,1,244900015
201300027894,2013-10-26,2013,octobre,samedi,16:30,49,49007,0,0,2,1,6,1,1,4,1,01,1,1,0,60,1,6,5,1,1,20,5,3,9,0,2,1,2,201300027894B01,1,1,1,244900015
201300027900,2013-11-20,2013,novembre,mercredi,12:40,49,49007,0,0,2,6,6,1,1,4,2,02,1,1,0,60,1,0,1,4,2,24,1,1,2,0,2,0,1,201300027900B01,7,1,1,244900015
201300027917,2013-12-09,2013,décembre,lundi,18:22,49,49007,0,0,2,1,7,5,1,4,2,02,1,1,0,15,1,0,5,1,1,19,2,3,9,0,1,1,5,201300027917A01,,,,244900015
201300027923,2013-12-12,2013,décembre,jeudi,18:00,49,49007,0,0,2,1,2,5,1,4,-1,02,1,1,0,0,1,0,1,4,2,26,0,1,9,0,2,1,0,201300027923B01,7,0,1,244900015
201300027936,2013-12-26,2013,décembre,jeudi,07:09,49,49007,0,0,2,1,6,2,8,4,2,04,1,1,0,660,2,0,1,4,1,41,1,3,9,0,2,1,21,201300027936B01,7,22,1,244900015
201300027950,2013-01-28,2013,janvier,lundi,17:32,49,49099,47.05013,-0.87221,2,6,3,1,1,3,2,02,1,1,0,0,1,0,1,4,2,43,1,3,9,0,2,7,1,201300027950B01,7,1,1,200071678
201300027958,2013-03-27,2013,mars,mercredi,07:45,49,49099,47.05541,-0.85939,2,6,3,1,1,3,1,03,2,2,0,0,1,0,1,4,1,33,1,2,2,0,2,8,15,201300027958B01,7,16,1,200071678
201300027981,2013-08-03,2013,août,samedi,17:50,49,49099,0,0,2,3,6,1,1,4,-1,00,-1,-1,0,0,1,6,1,4,1,11,5,2,2,0,2,8,19,201300027981B01,7,1,1,200071678
201300027997,2013-10-24,2013,octobre,jeudi,10:20,49,49099,0,0,2,3,3,1,1,4,2,00,2,1,0,0,1,0,1,4,1,73,5,1,2,0,2,1,1,201300027997B01,7,15,1,200071678
201300028000,2013-11-07,2013,novembre,jeudi,19:20,49,49099,47.05954,-0.88684,2,1,3,5,2,4,1,01,2,1,0,0,2,0,1,4,2,44,1,2,2,0,2,1,1,201300028000B01,7,15,1,200071678
201300028000,2013-11-07,2013,novembre,jeudi,19:20,49,49099,47.05954,-0.88684,2,1,3,5,2,4,1,01,2,1,0,0,2,0,1,4,2,64,5,1,2,0,2,1,1,201300028000B01,7,15,1,200071678
201300028007,2013-12-17,2013,décembre,mardi,08:35,49,49099,0,0,2,6,6,2,1,3,1,02,1,3,0,0,2,0,1,4,2,18,2,2,2,0,2,5,1,201300028007B01,7,9,1,200071678
201300028011,2013-01-03,2013,janvier,jeudi,08:05,49,49328,47.25285,-0.08036,2,1,6,2,1,4,2,02,1,1,0,70,1,0,5,4,1,46,1,3,9,0,2,1,1,201300028011B01,7,15,1,200071876
201300028020,2013-02-06,2013,février,mercredi,07:30,49,49328,47.25173,-0.05873,2,1,3,2,3,3,2,02,1,1,0,60,2,0,1,3,2,41,1,3,9,0,2,7,9,201300028020A01,7,1,1,200071876
201300028046,2013-05-06,2013,mai,lundi,16:50,49,49328,47.24402,-0.03351,2,1,2,1,1,3,2,02,1,1,0,60,1,0,1,1,1,40,4,1,2,0,2,1,1,201300028046A01,1,1,1,200071876
201300028046,2013-05-06,2013,mai,lundi,16:50,49,49328,47.24402,-0.03351,2,1,2,1,1,3,2,02,1,1,0,60,1,0,1,3,1,65,5,1,2,0,2,4,1,201300028046B01,1,1,1,200071876
201300028048,2013-05-09,2013,mai,jeudi,11:30,49,49328,47.25177,-0.05886,2,1,7,1,1,3,2,00,1,1,0,0,1,0,1,4,2,60,5,3,2,0,0,0,1,201300028048A01,,,,200071876
201300028049,2013-05-25,2013,mai,samedi,10:40,49,49328,47.24631,-0.07805,2,1,3,1,1,4,1,01,1,3,0,0,1,0,1,4,1,11,5,3,2,0,2,1,1,201300028049B01,7,1,1,200071876
201300028057,2013-06-20,2013,juin,jeudi,13:15,49,49328,47.2544,-0.08182,2,3,1,1,1,4,1,01,1,1,0,30,1,0,1,4,1,19,2,3,2,0,2,1,1,201300028057B01,7,15,1,200071876
201300028060,2013-06-29,2013,juin,samedi,17:25,49,49328,47.23814,-0.03547,1,1,7,1,1,4,2,00,1,1,0,50,-1,0,1,4,1,72,5,3,2,0,0,1,1,201300028060A01,,,,200071876
201300028062,2013-07-07,2013,juillet,dimanche,10:45,49,49328,47.25203,-0.08717,2,6,6,1,1,4,1,01,1,2,0,0,1,0,1,4,2,46,5,3,2,0,2,5,1,201300028062B01,10,0,1,200071876
201300028073,2013-07-31,2013,juillet,mercredi,18:00,49,49328,47.25264,-0.06155,2,1,5,1,1,3,2,02,1,1,0,50,1,0,1,4,2,72,5,3,2,0,2,8,1,201300028073C01,10 / 7,1,2,200071876
201300028079,2013-09-03,2013,septembre,mardi,16:55,49,49328,47.2612,-0.09868,2,6,3,1,1,4,1,02,1,2,0,39,1,0,1,4,1,61,5,3,2,0,2,2,1,201300028079B01,7,15,1,200071876
201300028080,2013-09-05,2013,septembre,jeudi,13:15,49,49328,47.26629,-0.08458,2,3,3,1,1,4,2,02,1,1,0,60,1,0,1,3,1,32,5,3,2,0,2,1,1,201300028080B01,7,15,1,200071876
201300028082,2013-09-09,2013,septembre,lundi,18:30,49,49328,0,0,2,6,7,1,1,4,1,00,1,2,0,0,1,0,1,4,1,50,5,2,2,5,0,1,1,201300028082A01,,,,200071876
201300028083,2013-09-12,2013,septembre,jeudi,17:35,49,49328,0,0,2,1,7,1,2,4,2,04,1,1,0,0,2,0,1,3,2,71,5,3,2,0,0,7,1,201300028083A01,,,,200071876