Num_Acc,date,an,mois,jour,hrmn,dep,com,lat,long,agg,int,col,lum,atm,catr,circ,nbv,prof,plan,lartpc,larrout,surf,infra,situ,grav,sexe,age,trajet,secuexist,equipement,obs,obsm,choc,manv,vehiculeid,typevehicules,manoeuvehicules,numVehicules,_infos_commune.code_epci
201300030799,2013-10-02,2013,octobre,mercredi,10:40,59,59599,0,0,2,3,3,1,1,9,2,01,1,1,0,80,1,0,0,4,2,69,3,3,9,0,2,8,1,201300030799B01,7,12,1,200093201
201300030819,2013-11-08,2013,novembre,vendredi,09:30,59,59599,0,0,2,2,3,1,8,4,1,02,1,1,0,0,1,5,1,3,1,34,0,1,9,0,2,1,0,201300030819B01,7,0,1,200093201
201300030850,2013-12-21,2013,décembre,samedi,09:35,59,59606,0,0,2,1,6,1,1,4,2,02,1,1,0,0,1,4,1,3,1,21,4,3,9,0,2,0,0,201300030850B01,7,0,1,245901160
201300030879,2013-06-07,2013,juin,vendredi,17:40,59,59383,0,0,2,1,6,1,1,4,2,02,1,1,0,0,1,4,1,3,1,16,5,3,9,0,4,1,13,201300030879A01,40,1,1,245901160
201300030890,2013-07-10,2013,juillet,mercredi,08:10,59,59459,0,0,2,4,3,1,1,4,2,02,1,2,0,0,1,0,1,3,1,24,0,3,2,0,2,1,0,201300030890A01,7,1,1,245901160
201300030899,2013-07-20,2013,juillet,samedi,08:45,59,59606,0,0,2,6,3,1,1,4,1,01,1,2,0,66,1,0,1,3,1,67,0,3,2,0,2,0,15,201300030899B01,7,1,1,245901160
201300030904,2013-08-12,2013,août,lundi,08:25,59,59606,0,0,2,3,6,1,1,4,2,02,1,1,0,0,1,0,1,3,1,27,1,2,2,0,2,0,0,201300030904A01,7,1,1,245901160
201300030910,2013-08-21,2013,août,mercredi,17:10,59,59369,0,0,1,1,6,1,1,3,2,02,1,1,0,0,1,0,1,3,1,67,0,2,9,0,2,1,11,201300030910B01,7,1,1,245901160
201300030950,2013-09-19,2013,septembre,jeudi,16:30,60,60057,0,0,2,1,6,1,1,4,2,02,2,1,0,58,1,0,1,4,1,15,2,2,2,0,1,1,1,201300030950A01,,,,200067999
201300030980,2013-10-31,2013,octobre,jeudi,19:50,60,60159,0,0,2,1,7,5,1,4,2,02,1,1,0,0,1,0,1,3,1,36,0,2,4,0,0,0,0,201300030980A01,,,,200067965
201300030983,2013-12-09,2013,décembre,lundi,07:40,60,60159,0,0,2,6,3,5,1,4,4,02,1,1,0,0,1,5,1,3,1,35,1,2,4,0,2,1,0,201300030983B01,7,9,1,200067965
201300030984,2013-12-09,2013,décembre,lundi,07:50,60,60159,0,0,2,3,3,5,1,4,2,02,1,1,0,0,1,0,1,3,1,49,1,3,4,0,2,1,9,201300030984A01,7,1,1,200067965
201300030994,2013-04-18,2013,avril,jeudi,10:40,60,60175,0,0,2,1,3,1,1,4,2,03,2,1,0,98,1,0,1,3,2,77,5,1,2,0,2,1,2,201300030994B01,7,13,1,200068047
201300031081,2013-06-03,2013,juin,lundi,17:15,62,62041,0,0,2,2,3,1,1,3,3,02,1,1,100,70,1,5,1,4,1,7,5,3,9,0,2,8,19,201300031081B01,7,1,1,200033579
201300031082,2013-05-29,2013,mai,mercredi,17:55,62,62041,0,0,2,1,7,1,2,9,1,02,1,-1,0,75,2,0,1,4,2,57,0,3,9,0,2,7,1,201300031082B01,7,1,1,200033579
201300031090,2013-08-24,2013,août,samedi,00:15,62,62041,0,0,2,1,6,5,1,4,1,01,2,-1,0,70,1,0,1,3,1,33,5,2,9,1,0,6,14,201300031090A01,,,,200033579
201300031098,2013-09-05,2013,septembre,jeudi,07:45,62,62041,50.28737,0,2,3,3,1,1,3,1,02,1,1,0,0,1,0,1,3,1,51,0,2,9,0,0,7,19,201300031098B01,7,16,1,200033579
201300031113,2013-03-08,2013,mars,vendredi,19:00,62,62516,0,0,1,6,3,5,2,3,2,02,2,1,50,147,2,5,1,4,1,38,5,1,9,0,2,5,16,201300031113B01,7,9,1,200072460
201300031119,2013-06-19,2013,juin,mercredi,08:10,62,62516,0,0,1,1,3,1,1,2,2,02,1,-1,0,80,1,0,1,4,1,66,5,1,9,0,2,0,0,201300031119B01,7,2,1,200072460
201300031126,2013-12-16,2013,décembre,lundi,14:20,62,62516,50.54633,2.47135,2,1,2,1,1,4,2,02,3,1,0,62,1,2,1,2,2,59,5,2,9,0,0,8,13,201300031126B01,7,1,1,200072460
201300031127,2013-12-15,2013,décembre,dimanche,11:40,62,62188,0,0,2,1,2,1,1,4,2,02,1,1,0,0,1,0,1,4,1,66,5,1,4,0,0,4,2,201300031127B01,7,2,1,200072460
201300031134,2013-04-02,2013,avril,mardi,13:00,62,62065,50.40631,2.82089,2,3,3,1,1,4,2,02,1,1,0,51,1,0,1,3,1,6,5,3,4,0,2,1,1,201300031134A01,7,0,1,246200364
201300031141,2013-06-23,2013,juin,dimanche,16:25,62,62065,0,0,2,1,3,1,1,4,2,01,1,1,20,95,-1,0,1,4,1,15,5,2,9,0,2,1,9,201300031141A01,7,1,1,246200364
201300031141,2013-06-23,2013,juin,dimanche,16:25,62,62065,0,0,2,1,3,1,1,4,2,01,1,1,20,95,-1,0,1,4,1,15,5,2,9,0,2,1,9,201300031141A01,7,1,1,246200364
201300031142,2013-07-09,2013,juillet,mardi,14:00,62,62065,0,0,2,1,2,1,1,4,2,02,2,1,0,75,1,0,1,4,1,18,5,3,9,0,2,8,15,201300031142B01,7,17,1,246200364
201300031143,2013-07-04,2013,juillet,jeudi,17:20,62,62277,0,0,2,6,3,1,1,3,1,02,-1,1,0,98,1,5,1,4,1,42,5,1,2,0,2,7,1,201300031143B01,10,9,1,246200299
201300031156,2013-12-09,2013,décembre,lundi,12:50,62,62724,0,0,2,2,3,1,1,3,2,00,1,1,0,113,1,5,1,4,1,11,2,3,9,0,2,1,15,201300031156A01,7,1,1,246200299
201300031163,2013-06-17,2013,juin,lundi,08:00,62,62108,50.41258,1.56784,2,3,3,2,2,4,2,02,1,1,0,87,2,0,1,3,1,20,1,3,9,0,2,6,15,201300031163B01,7,1,1,200069029
201300031173,2013-04-19,2013,avril,vendredi,18:25,62,62119,50.53925,2.62787,2,6,3,1,1,4,2,02,1,1,0,60,1,0,1,3,1,9,5,2,4,0,2,1,1,201300031173A01,7,2,1,200072460
201300031186,2013-08-14,2013,août,mercredi,15:10,62,62035,0,0,2,1,3,1,1,4,2,01,1,1,0,50,1,0,1,3,2,17,5,2,2,0,0,8,2,201300031186B01,7,2,1,200072460
201300031230,2013-10-13,2013,octobre,dimanche,19:15,62,62667,0,0,2,9,3,1,1,4,-1,01,1,2,0,0,1,0,1,4,1,8,5,3,9,0,2,1,19,201300031230B01,7,2,1,246200729
201300031240,2013-04-17,2013,avril,mercredi,17:25,62,62400,0,0,2,3,3,1,1,3,2,02,1,1,0,0,1,5,1,4,2,12,5,3,9,0,2,3,0,201300031240B01,7,0,1,200072460
201300031258,2013-03-29,2013,mars,vendredi,20:40,62,62193,50.93982,1.85881,2,1,2,5,1,4,2,02,1,1,0,54,1,0,1,2,2,58,5,3,4,0,2,4,1,201300031258B01,7,14,1,200090751
201300031270,2013-07-10,2013,juillet,mercredi,19:10,62,62193,0,0,2,1,6,1,1,4,2,02,1,1,0,0,1,0,1,3,1,20,5,1,2,1,0,1,1,201300031270B01,7,22,1,200090751
201300031298,2013-05-07,2013,mai,mardi,18:10,62,62215,0,0,2,1,3,1,1,4,2,02,1,1,0,95,1,0,1,4,1,59,5,1,2,0,2,1,1,201300031298B01,7,15,1,246200299
201300031310,2013-08-01,2013,août,jeudi,08:10,62,62250,0,0,2,2,3,1,1,4,2,02,1,1,0,57,1,0,1,4,1,35,1,1,9,0,2,1,1,201300031310A01,7,15,1,246200299
201300031317,2013-11-15,2013,novembre,vendredi,14:00,62,62215,0,0,1,1,3,1,1,3,2,02,1,1,24,79,1,5,1,4,1,31,1,3,9,0,2,8,19,201300031317B01,7,2,1,246200299
201300031318,2013-11-15,2013,novembre,vendredi,16:15,62,62250,0,0,2,1,3,1,1,4,2,02,1,1,0,59,1,0,1,3,1,12,5,3,9,0,2,4,19,201300031318B01,7,2,1,246200299
201300031330,2013-06-26,2013,juin,mercredi,17:40,62,62427,0,0,2,6,6,1,1,4,2,02,1,3,0,47,1,5,1,3,1,25,5,3,9,0,2,0,16,201300031330B01,37,16,1,246200299
201300031333,2013-08-13,2013,août,mardi,21:55,62,62624,0,0,2,1,2,3,1,2,2,02,1,1,40,40,1,0,5,3,1,31,5,3,9,0,2,4,1,201300031333B01,7,1,1,246200299
201300031336,2013-08-09,2013,août,vendredi,08:25,62,62274,50.43682,2.97835,1,3,3,1,1,3,2,02,1,1,0,0,1,0,1,3,1,21,1,2,4,0,2,8,19,201300031336A01,7,1,1,246200299
201300031360,2013-04-18,2013,avril,jeudi,09:30,62,62498,50.44261,2.80252,2,2,3,1,1,4,2,02,1,1,0,100,1,0,1,3,2,77,5,3,9,0,2,8,19,201300031360B01,7,1,1,246200364
201300031365,2013-06-17,2013,juin,lundi,16:40,62,62842,50.46026,2.84982,2,1,2,1,1,4,2,02,1,1,0,70,1,0,1,3,2,23,9,3,9,0,2,4,2,201300031365B01,7,2,1,246200364
201300031365,2013-06-17,2013,juin,lundi,16:40,62,62842,50.46026,2.84982,2,1,2,1,1,4,2,02,1,1,0,70,1,0,1,2,1,3,9,1,3,0,2,4,2,201300031365B01,7,2,1,246200364
201300031377,2013-09-03,2013,septembre,mardi,15:50,62,62498,0,0,2,1,3,1,1,4,2,02,1,1,15,50,1,0,1,3,2,40,5,1,2,0,2,7,19,201300031377B01,7,1,1,246200364
201300031385,2013-10-20,2013,octobre,dimanche,16:00,62,62842,0,0,2,1,2,1,1,4,2,02,1,1,0,0,1,0,1,3,2,54,5,2,9,0,0,4,1,201300031385B01,7,2,1,246200364
201300031402,2013-02-10,2013,février,dimanche,18:40,62,62510,0,0,2,1,6,5,4,4,2,02,1,1,0,25,5,0,0,3,1,31,1,1,4,1,0,0,1,201300031402A01,,,,246200364
201300031416,2013-07-02,2013,juillet,mardi,16:15,62,62510,0,0,2,1,6,1,1,4,2,02,-1,-1,0,40,1,0,1,3,1,12,5,3,9,1,0,0,1,201300031416A01,,,,246200364
201300031437,2013-12-09,2013,décembre,lundi,15:10,62,62528,0,0,2,1,1,1,1,4,2,02,1,1,0,0,1,0,1,3,2,74,5,3,9,0,2,1,5,201300031437A01,7,1,1,246200364
201300031442,2013-01-26,2013,janvier,samedi,05:50,62,62194,50.49414,2.49824,2,1,7,3,8,4,2,01,2,1,0,40,1,0,1,4,1,50,1,1,4,0,2,0,0,201300031442A01,7,0,1,200072460
201300031447,2013-04-30,2013,avril,mardi,16:40,62,62489,0,0,2,2,3,1,1,3,2,02,1,1,0,90,1,0,1,4,1,17,1,1,9,0,0,3,23,201300031447B01,7,21,1,200072460
201300031451,2013-11-04,2013,novembre,lundi,17:00,62,62224,0,0,2,3,3,1,2,4,2,02,1,1,0,62,2,5,1,3,2,71,5,3,4,0,2,8,15,201300031451B01,7,15,1,200072460
201300031462,2013-04-24,2013,avril,mercredi,17:45,62,62617,0,0,2,1,3,1,1,3,2,02,-1,-1,0,0,-1,0,0,3,2,18,0,3,9,0,2,0,1,201300031462B01,7,1,1,200072460
201300031468,2013-11-13,2013,novembre,mercredi,15:30,62,62540,0,0,1,1,2,1,7,3,2,02,3,1,0,0,1,0,1,3,1,64,5,1,2,0,2,6,2,201300031468B01,99,0,1,200072460
201300031477,2013-10-20,2013,octobre,dimanche,13:10,62,62139,0,0,2,1,1,1,1,4,2,02,2,3,0,60,2,0,1,3,1,13,5,2,9,0,2,1,13,201300031477B01,7,0,1,200069037
201300031478,2013-10-21,2013,octobre,lundi,17:20,62,62757,50.75648,2.23851,2,2,2,1,1,4,2,02,1,1,0,0,1,0,1,3,1,21,0,3,9,1,2,8,1,201300031478B01,7,1,1,200069037
201300031489,2013-08-15,2013,août,jeudi,11:05,62,62826,0,0,2,9,3,1,1,4,1,01,1,1,0,42,1,6,1,4,1,10,5,3,9,0,2,1,19,201300031489B01,7,2,1,200069029
201300031493,2013-11-19,2013,novembre,mardi,14:35,62,62826,0,0,2,3,2,1,1,4,1,01,1,1,0,77,1,0,1,4,2,17,2,3,9,0,2,4,5,201300031493A01,7,0,1,200069029
201300031502,2013-01-10,2013,janvier,jeudi,08:00,63,63113,45.77937,3.0942,2,3,3,2,1,4,2,02,1,1,0,0,1,0,1,4,1,13,0,3,9,0,2,1,1,201300031502B01,7,1,1,246300701
201300031508,2013-01-14,2013,janvier,lundi,18:38,63,63113,45.78919,3.08047,2,1,3,5,1,3,1,00,1,2,0,0,1,0,1,4,1,22,0,3,2,0,2,2,1,201300031508B01,7,9,1,246300701
201300031518,2013-01-22,2013,janvier,mardi,19:04,63,63113,0,0,2,1,3,5,1,4,2,00,2,1,0,0,1,0,1,4,2,22,0,3,9,0,2,1,1,201300031518B01,7,0,1,246300701
201300031519,2013-01-23,2013,janvier,mercredi,07:20,63,63032,0,0,2,1,6,5,1,4,2,01,1,1,0,0,1,0,1,4,1,34,9,3,2,0,0,0,0,201300031519B01,7,0,1,246300701
201300031538,2013-02-04,2013,février,lundi,17:27,63,63113,0,0,2,1,3,1,1,4,2,00,1,1,0,0,1,0,1,4,1,12,0,3,9,0,2,1,1,201300031538B01,7,15,1,246300701
201300031583,2013-03-21,2013,mars,jeudi,17:33,63,63113,45.776,3.09009,2,1,6,1,1,4,2,04,1,1,0,0,1,0,5,4,1,30,0,3,4,0,2,1,1,201300031583B01,7,0,1,246300701
201300031597,2013-04-08,2013,avril,lundi,18:20,63,63014,45.75044,3.10653,2,6,3,1,1,3,2,00,1,2,0,0,1,0,1,4,1,31,0,3,9,0,2,1,1,201300031597B01,7,9,1,246300701
201300031611,2013-04-17,2013,avril,mercredi,18:35,63,63113,0,0,2,1,2,1,1,3,1,02,1,1,0,0,1,0,1,4,1,31,5,1,9,0,2,4,2,201300031611B01,7,9,1,246300701
201300031616,2013-04-23,2013,avril,mardi,13:07,63,63113,45.76528,3.10376,2,1,6,1,1,4,2,04,1,1,0,0,1,0,1,3,1,30,5,3,2,0,0,0,1,201300031616B01,7,1,1,246300701
201300031654,2013-05-27,2013,mai,lundi,16:45,63,63113,0,0,2,1,3,1,1,4,1,02,1,1,0,0,1,0,4,4,2,36,0,3,9,0,2,1,5,201300031654A01,7,9,1,246300701
201300031657,2013-05-31,2013,mai,vendredi,11:09,63,63014,45.75423,3.141,2,1,6,1,1,4,2,02,1,1,0,0,1,0,1,4,1,31,0,3,4,0,2,1,0,201300031657B01,7,1,1,246300701
201300031720,2013-07-23,2013,juillet,mardi,11:00,63,63113,45.7651,3.12295,2,1,3,1,1,4,2,03,1,1,0,100,1,0,1,4,2,25,0,3,2,0,2,7,19,201300031720B01,7,16,1,246300701
201300031721,2013-07-26,2013,juillet,vendredi,09:00,63,63113,0,0,1,1,7,1,1,4,3,04,1,1,30,140,1,0,5,3,1,68,0,1,2,0,0,0,0,201300031721A01,,,,246300701
201300031734,2013-08-03,2013,août,samedi,19:55,63,63113,45.79997,3.11643,2,1,6,1,1,4,2,02,1,1,0,55,1,0,1,2,2,10,5,3,9,0,2,8,19,201300031734B01,7,1,1,246300701
201300031757,2013-08-30,2013,août,vendredi,19:46,63,63113,0,0,2,1,6,1,1,4,2,02,1,1,0,0,1,0,1,4,1,51,0,1,2,0,2,1,1,201300031757B01,7,15,1,246300701
201300031776,2013-09-10,2013,septembre,mardi,17:30,63,63113,0,0,2,1,2,1,1,3,3,04,1,3,0,0,1,5,1,4,2,24,0,3,2,0,2,1,19,201300031776B01,7,1,1,246300701
201300031781,2013-09-16,2013,septembre,lundi,18:27,63,63014,0,0,2,1,3,1,1,3,1,00,1,2,0,0,-1,0,1,4,1,56,0,3,9,0,2,1,3,201300031781A01,7,1,1,246300701
201300031783,2013-09-18,2013,septembre,mercredi,08:45,63,63308,0,0,2,1,6,1,1,4,-1,02,-1,-1,0,0,1,0,1,4,1,60,0,2,9,0,0,0,0,201300031783A01,,,,246300701
201300031784,2013-09-18,2013,septembre,mercredi,13:45,63,63113,45.76464,3.08351,2,1,3,1,1,4,2,02,1,1,0,0,1,0,1,4,1,17,0,2,2,0,2,1,1,201300031784A01,7,1,1,246300701
201300031800,2013-09-26,2013,septembre,jeudi,13:40,63,63113,0,0,2,1,2,1,1,4,3,04,1,1,30,140,1,0,1,1,1,32,0,3,2,0,2,4,1,201300031800B01,7,1,1,246300701
201300031820,2013-10-06,2013,octobre,dimanche,17:00,63,63113,0,0,2,1,3,1,1,4,2,00,1,1,0,0,1,0,1,1,2,64,0,3,2,0,2,8,15,201300031820B01,99,17,1,246300701
201300031823,2013-10-08,2013,octobre,mardi,08:00,63,63113,45.7696,3.08729,2,2,3,2,1,4,-1,02,1,1,0,0,1,0,1,4,1,18,0,3,4,0,2,3,1,201300031823B01,7,16,1,246300701
201300031834,2013-10-17,2013,octobre,jeudi,15:30,63,63113,45.76672,3.12235,2,1,7,1,1,4,2,02,-1,-1,0,0,1,0,1,4,1,37,0,3,9,10,0,0,0,201300031834A01,,,,246300701
201300031835,2013-10-17,2013,octobre,jeudi,16:10,63,63113,0,0,2,1,6,1,1,4,2,02,1,1,0,0,1,0,1,4,1,63,5,3,9,0,2,1,1,201300031835B01,7,9,1,246300701
201300031842,2013-10-18,2013,octobre,vendredi,17:15,63,63032,45.74929,3.08793,2,3,3,1,1,4,2,02,1,1,0,0,1,5,1,4,1,47,0,2,2,0,2,7,1,201300031842B01,7,1,1,246300701
201300031844,2013-10-22,2013,octobre,mardi,12:29,63,63113,0,0,2,1,6,1,1,4,2,02,1,1,0,0,1,0,4,4,1,23,0,3,4,0,2,1,1,201300031844A01,7,0,1,246300701
201300031848,2013-10-24,2013,octobre,jeudi,07:40,63,63113,0,0,2,1,6,1,1,4,-1,00,1,1,0,0,1,0,1,4,1,19,0,3,9,0,4,1,1,201300031848B01,40,1,1,246300701
201300031867,2013-11-08,2013,novembre,vendredi,13:36,63,63113,45.77189,3.09382,2,2,6,1,1,4,1,03,1,1,0,0,-1,0,1,4,1,26,0,3,4,0,2,3,1,201300031867A01,7,1,1,246300701
201300031925,2013-04-24,2013,avril,mercredi,18:25,63,63124,45.73299,3.21061,2,1,7,1,1,3,2,02,1,1,0,60,1,0,5,4,1,44,5,1,2,0,0,0,21,201300031925B01,7,15,1,246300701
201300031940,2013-08-31,2013,août,samedi,10:55,63,63124,45.74339,3.16753,2,2,7,1,1,3,2,02,1,1,0,80,1,5,1,3,1,55,5,1,2,0,0,0,1,201300031940B01,7,15,1,246300701
201300031941,2013-09-03,2013,septembre,mardi,17:45,63,63124,45.73242,3.18926,2,1,3,1,1,4,1,01,1,1,0,60,1,0,4,4,1,12,3,3,9,0,0,8,5,201300031941A01,7,15,1,246300701
201300031945,2013-09-27,2013,septembre,vendredi,16:00,63,63124,0,0,2,1,7,1,1,4,2,02,1,1,0,70,1,0,4,4,1,11,2,2,9,0,0,0,0,201300031945A01,,,,246300701
201300031947,2013-10-01,2013,octobre,mardi,12:10,63,63124,45.74106,3.17459,2,6,3,1,1,3,2,02,1,1,0,80,1,5,1,4,1,44,1,3,9,0,2,2,0,201300031947B01,7,16,1,246300701
201300031968,2013-08-07,2013,août,mercredi,17:15,63,63164,0,0,2,6,3,1,1,3,-1,06,1,-1,0,0,1,0,1,4,1,19,5,1,2,0,2,1,1,201300031968A01,7,1,1,246300701
201300032044,2013-07-02,2013,juillet,mardi,17:35,64,64024,43.4803,-1.50942,2,1,3,1,1,4,2,02,2,1,0,80,1,0,1,3,1,35,1,2,2,0,2,1,19,201300032044A01,7,1,1,200067106
201300032047,2013-07-07,2013,juillet,dimanche,10:30,64,64102,43.481,-1.46029,2,1,2,1,1,4,2,02,1,1,0,70,1,0,1,3,1,61,5,1,2,0,2,4,1,201300032047A01,7,17,1,200067106
201300032061,2013-07-31,2013,juillet,mercredi,12:00,64,64102,43.4958,-1.48423,2,6,3,1,1,4,2,04,2,1,20,160,1,0,0,3,1,41,1,1,2,0,2,1,16,201300032061A01,7,1,1,200067106
201300032077,2013-08-28,2013,août,mercredi,15:50,64,64102,43.4965,-1.46978,2,1,3,1,1,4,1,02,1,2,0,80,1,0,1,3,2,36,0,3,9,0,2,1,1,201300032077B01,99,0,1,200067106
201300032078,2013-09-01,2013,septembre,dimanche,11:00,64,64024,43.5001,-1.49068,2,1,6,1,1,4,2,03,1,1,0,80,1,0,5,1,1,62,5,3,9,0,1,8,1,201300032078A01,,,,200067106
201300032088,2013-09-10,2013,septembre,mardi,14:06,64,64140,43.52,-1.48871,2,1,2,1,1,3,2,02,1,1,0,70,2,0,1,1,1,59,5,3,9,0,2,4,2,201300032088B01,1,2,1,200067106
201300032088,2013-09-10,2013,septembre,mardi,14:06,64,64140,43.52,-1.48871,2,1,2,1,1,3,2,02,1,1,0,70,2,0,1,3,2,59,5,3,9,0,2,1,2,201300032088A01,1,2,1,200067106
201300032107,2013-10-27,2013,octobre,dimanche,17:40,64,64024,43.4995,-1.54055,2,6,3,1,1,4,2,02,2,1,0,80,1,0,1,3,1,66,5,3,9,0,2,0,1,201300032107B01,7,16,1,200067106
201300032121,2013-12-10,2013,décembre,mardi,10:45,64,64024,43.5262,-1.51447,2,6,3,1,1,4,2,02,1,1,0,80,1,0,0,3,1,67,5,1,2,0,2,0,1,201300032121B01,7,9,1,200067106
201300032124,2013-12-14,2013,décembre,samedi,11:05,64,64102,43.4989,-1.48143,2,1,3,1,1,4,2,02,1,1,0,80,2,2,1,3,2,52,0,3,2,0,2,1,19,201300032124A01,7,1,1,200067106
201300032158,2013-08-06,2013,août,mardi,13:30,64,64122,43.4587,-1.54735,2,1,6,1,1,4,1,01,2,2,0,80,1,0,1,3,1,65,5,1,2,0,9,8,1,201300032158B01,31,12,1,200067106
201300032167,2013-11-20,2013,novembre,mercredi,18:10,64,64122,43.4801,-1.56192,2,1,6,5,3,4,2,02,2,1,0,50,2,0,1,4,1,20,1,3,9,0,2,1,1,201300032167B01,7,1,1,200067106
201300032177,2013-01-07,2013,janvier,lundi,12:34,64,64445,43.2973,-0.36925,2,3,3,1,2,4,1,01,1,1,0,0,1,0,0,4,1,17,2,2,4,0,2,1,1,201300032177A01,7,1,1,200067254
201300032189,2013-01-25,2013,janvier,vendredi,16:10,64,64445,43.2994,-0.37259,2,7,6,1,1,4,3,02,1,1,0,0,1,0,1,4,1,52,0,1,2,0,1,1,16,201300032189A01,,,,200067254
201300032192,2013-01-26,2013,janvier,samedi,16:40,64,64445,43.3112,-0.36235,2,6,3,1,1,4,3,01,1,1,0,0,1,0,1,3,2,58,0,1,2,0,0,0,1,201300032192B01,10,9,1,200067254
201300032196,2013-01-31,2013,janvier,jeudi,18:02,64,64445,43.3003,-0.37514,2,3,2,1,1,4,1,03,1,1,0,0,1,0,1,4,1,27,0,2,4,0,2,1,12,201300032196B01,7,1,1,200067254
201300032220,2013-02-27,2013,février,mercredi,14:50,64,64445,43.3186,-0.35982,2,6,2,1,1,4,1,02,1,1,0,90,1,0,1,4,1,92,9,3,9,0,2,6,1,201300032220B01,7,16,1,200067254
201300032264,2013-04-03,2013,avril,mercredi,17:15,64,64445,43.3006,-0.36967,2,1,6,1,1,4,2,02,1,1,0,0,1,0,1,4,1,45,0,3,9,1,0,1,1,201300032264B01,7,22,1,200067254
201300032266,2013-04-25,2013,avril,jeudi,08:45,64,64445,43.3282,-0.38572,2,2,3,1,1,4,2,02,1,1,0,63,1,0,1,4,2,43,1,3,4,0,2,1,1,201300032266A01,7,1,1,200067254
201300032282,2013-05-16,2013,mai,jeudi,08:15,64,64132,43.2989,-0.32203,2,6,3,1,2,4,2,02,1,1,0,0,1,0,0,4,2,47,0,2,2,0,2,1,1,201300032282B01,7,9,1,200067254
201300032293,2013-06-04,2013,juin,mardi,11:50,64,64445,43.3138,-0.36317,2,1,3,1,1,4,2,02,1,1,0,0,1,0,1,4,1,25,2,2,2,0,2,7,9,201300032293A01,7,1,1,200067254
201300032296,2013-06-06,2013,juin,jeudi,15:23,64,64445,43.3109,-0.36315,2,1,3,1,1,4,1,02,1,1,0,0,1,0,1,4,2,29,9,1,9,0,2,3,19,201300032296B01,7,1,1,200067254
201300032298,2013-06-11,2013,juin,mardi,13:47,64,64445,43.2921,-0.36838,2,3,3,1,1,4,2,02,1,1,0,0,1,0,0,4,1,54,5,2,2,0,2,8,9,201300032298A01,7,1,1,200067254
201300032301,2013-06-12,2013,juin,mercredi,13:58,64,64445,43.3211,-0.35914,2,1,2,1,1,4,1,02,1,2,0,0,1,0,1,4,1,39,0,2,2,0,2,1,2,201300032301A01,7,1,1,200067254
201300032302,2013-06-12,2013,juin,mercredi,17:50,64,64335,43.3321,-0.45135,2,3,3,1,1,4,2,02,1,1,0,0,1,0,0,4,1,23,0,1,2,0,2,1,1,201300032302B01,7,15,1,200067254
201300032307,2013-06-19,2013,juin,mercredi,15:30,64,64445,43.299,-0.36668,2,3,1,1,2,4,2,02,1,1,0,42,1,0,0,4,1,15,5,2,2,0,2,1,5,201300032307A01,7,1,1,200067254
201300032312,2013-06-20,2013,juin,jeudi,18:30,64,64445,43.3089,-0.35577,2,1,6,1,1,4,2,00,1,1,0,0,1,0,0,1,2,53,1,2,2,0,1,1,1,201300032312A01,,,,200067254
201300032327,2013-07-09,2013,juillet,mardi,11:36,64,64445,43.3215,-0.35919,2,6,3,1,1,4,2,02,1,1,0,0,1,0,1,4,1,17,5,2,4,0,2,2,13,201300032327B01,7,9,1,200067254
201300032329,2013-07-10,2013,juillet,mercredi,12:15,64,64445,43.3021,-0.3656,2,1,6,1,1,4,1,01,1,1,0,0,1,0,1,4,2,48,5,1,2,1,0,7,1,201300032329B01,7,22,1,200067254
201300032334,2013-07-17,2013,juillet,mercredi,20:30,64,64335,43.3179,-0.42716,2,1,3,1,1,4,1,02,2,1,0,0,1,2,1,4,1,38,5,1,4,0,2,2,1,201300032334B01,7,11,1,200067254
201300032335,2013-07-18,2013,juillet,jeudi,17:52,64,64445,43.2978,-0.38585,2,1,3,1,1,4,2,00,2,1,36,93,1,0,1,4,1,42,5,1,4,0,2,7,1,201300032335B01,7,20,1,200067254
201300032338,2013-07-21,2013,juillet,dimanche,10:45,64,64348,43.3085,-0.4273,2,3,3,1,1,4,2,02,1,1,0,75,1,0,1,4,1,51,5,2,9,0,2,1,1,201300032338B01,7,9,1,200067254
201300032340,2013-07-29,2013,juillet,lundi,08:18,64,64445,43.3052,-0.3286,2,1,3,1,1,4,2,02,1,1,0,0,1,0,1,4,1,86,5,1,2,0,2,7,6,201300032340B01,7,1,1,200067254
201300032350,2013-08-21,2013,août,mercredi,08:00,64,64129,43.3058,-0.40008,2,6,3,1,1,3,2,02,1,1,0,0,1,0,1,4,1,67,5,1,2,0,2,7,1,201300032350B01,7,9,1,200067254
201300032353,2013-08-29,2013,août,jeudi,17:37,64,64445,43.3418,-0.37983,2,1,3,1,1,3,2,02,1,1,0,84,1,0,1,4,1,26,5,1,2,0,2,2,1,201300032353B01,7,15,1,200067254
201300032356,2013-09-10,2013,septembre,mardi,11:00,64,64445,43.3205,-0.35223,2,1,2,1,1,4,2,02,1,1,0,0,1,0,1,4,1,27,2,3,9,0,2,4,15,201300032356B01,7,1,1,200067254
201300032366,2013-09-24,2013,septembre,mardi,15:12,64,64445,43.3113,-0.3564,2,3,3,1,1,4,2,02,1,1,0,0,1,0,1,4,2,58,5,1,2,0,2,1,16,201300032366B01,7,15,1,200067254
201300032369,2013-09-27,2013,septembre,vendredi,16:41,64,64335,43.3574,-0.44227,1,1,5,1,1,3,2,02,2,1,0,0,1,0,1,3,1,76,5,1,2,0,2,4,1,201300032369B01,7,14,1,200067254
201300032369,2013-09-27,2013,septembre,vendredi,16:41,64,64335,43.3574,-0.44227,1,1,5,1,1,3,2,02,2,1,0,0,1,0,1,4,1,73,5,1,2,0,2,4,1,201300032369C01,7,14,1,200067254