Num_Acc,date,an,mois,jour,hrmn,dep,com,lat,long,agg,int,col,lum,atm,catr,circ,nbv,prof,plan,lartpc,larrout,surf,infra,situ,grav,sexe,age,trajet,secuexist,equipement,obs,obsm,choc,manv,vehiculeid,typevehicules,manoeuvehicules,numVehicules,_infos_commune.code_epci
201300032372,2013-10-02,2013,octobre,mercredi,18:15,64,64445,43.2946,-0.37716,2,2,3,1,1,4,2,02,-1,1,0,0,1,0,1,4,2,58,1,1,9,0,2,8,1,201300032372B01,2,15,1,200067254
201300032376,2013-10-08,2013,octobre,mardi,09:00,64,64445,43.3217,-0.36249,2,1,2,1,1,4,2,02,1,1,0,32,1,0,1,4,2,26,1,3,9,0,2,4,1,201300032376B01,7,1,1,200067254
201300032379,2013-10-17,2013,octobre,jeudi,07:35,64,64129,43.3102,-0.38912,2,2,3,5,1,4,1,02,1,1,0,75,1,0,1,4,1,17,2,1,4,0,2,8,1,201300032379B01,7,15,1,200067254
201300032396,2013-11-06,2013,novembre,mercredi,15:00,64,64335,43.3263,-0.44064,2,6,3,1,1,4,2,02,1,1,0,0,1,5,0,4,1,78,5,1,2,0,2,6,2,201300032396B01,13,16,1,200067254
201300032397,2013-11-06,2013,novembre,mercredi,15:17,64,64348,43.321,-0.39167,2,3,3,1,1,4,2,00,1,1,0,0,1,0,0,4,1,29,5,1,2,0,2,5,1,201300032397B01,7,9,1,200067254
201300032404,2013-11-13,2013,novembre,mercredi,01:45,64,64445,43.2956,-0.37869,2,1,7,5,1,4,1,01,2,4,0,0,2,0,1,3,1,49,5,2,9,8,0,1,5,201300032404A01,,,,200067254
201300032425,2013-11-28,2013,novembre,jeudi,08:10,64,64445,43.3112,-0.36326,2,2,2,1,1,4,2,02,1,1,0,0,1,0,1,4,1,25,5,2,4,0,2,7,5,201300032425B01,7,1,1,200067254
201300032429,2013-12-03,2013,décembre,mardi,11:00,64,64129,43.3005,-0.39321,2,2,3,1,1,4,1,01,1,1,0,101,1,0,1,4,2,51,5,2,4,0,2,1,16,201300032429B01,7,16,1,200067254
201300032432,2013-12-04,2013,décembre,mercredi,17:45,64,64445,43.299,-0.3328,2,2,1,5,1,4,2,02,1,1,0,0,1,0,1,4,1,20,5,3,9,0,2,1,1,201300032432B01,7,15,1,200067254
201300032444,2013-12-11,2013,décembre,mercredi,08:10,64,64445,43.3095,-0.365,2,1,2,1,1,4,2,02,1,1,0,0,1,0,1,4,2,59,1,2,2,0,2,1,1,201300032444B01,7,4,1,200067254
201300032449,2013-12-16,2013,décembre,lundi,13:28,64,64348,43.3335,-0.39057,2,1,6,1,1,4,1,02,1,1,0,0,1,0,1,4,1,67,5,1,4,0,1,1,1,201300032449A01,,,,200067254
201300032456,2013-12-19,2013,décembre,jeudi,18:10,64,64445,43.3185,-0.36026,2,6,3,5,1,4,1,02,1,1,0,0,1,0,1,4,2,55,5,2,2,0,2,7,1,201300032456B01,7,9,1,200067254
201300032463,2013-01-03,2013,janvier,jeudi,10:45,64,64483,43.3785,-1.63857,2,1,3,1,1,3,2,02,1,1,0,0,1,0,1,4,1,43,5,1,2,0,2,1,1,201300032463B01,33,15,1,200067106
201300032477,2013-04-29,2013,avril,lundi,11:15,64,64483,43.3763,-1.6379,2,1,6,1,9,3,-1,02,1,-1,0,0,-1,0,5,4,1,52,0,1,2,0,2,1,1,201300032477A01,21,23,1,200067106
201300032485,2013-06-27,2013,juin,jeudi,17:20,64,64260,43.3673,-1.7601,2,1,3,1,1,4,2,02,1,1,0,0,1,0,1,4,1,14,5,3,9,0,2,1,19,201300032485A01,7,1,1,200067106
201300032503,2013-08-19,2013,août,lundi,19:40,64,64260,0,0,2,1,2,1,1,3,2,02,-1,-1,0,0,1,0,1,4,2,16,0,3,9,0,2,4,15,201300032503A01,10,1,1,200067106
201300032506,2013-08-24,2013,août,samedi,10:50,64,64545,43.3853,-1.71868,1,1,3,1,1,3,2,02,-1,1,0,0,1,0,1,4,2,34,5,3,9,0,2,1,1,201300032506B01,7,16,1,200067106
201300032517,2013-09-24,2013,septembre,mardi,21:10,64,64260,43.3682,-1.76642,2,1,3,5,1,4,2,02,1,1,0,0,1,0,1,4,2,52,5,2,4,0,2,1,1,201300032517B01,7,19,1,200067106
201300032522,2013-10-19,2013,octobre,samedi,11:55,64,64483,43.3859,-1.66227,2,1,3,1,1,3,1,01,1,-1,0,0,1,0,1,4,1,81,0,1,9,0,2,8,0,201300032522A01,7,1,1,200067106
201300032530,2013-11-28,2013,novembre,jeudi,13:50,64,64260,43.3473,-1.76654,2,1,3,1,1,3,1,01,1,2,0,0,1,0,1,4,1,34,5,2,9,0,2,1,1,201300032530B01,7,16,1,200067106
201300032554,2013-07-11,2013,juillet,jeudi,14:55,64,64483,43.3938,-1.65073,2,1,6,1,1,3,3,02,1,1,0,100,1,0,1,4,1,18,1,3,9,0,2,1,2,201300032554B01,7,1 / 16,2,200067106
201300032555,2013-07-26,2013,juillet,vendredi,11:50,64,64545,43.35,-1.74718,1,1,2,1,1,3,1,02,1,2,0,60,1,0,1,3,1,68,5,3,2,0,2,4,1,201300032555B01,7,2,1,200067106
201300032558,2013-08-04,2013,août,dimanche,09:15,64,64545,43.3551,-1.69086,1,1,2,1,1,3,2,02,1,1,0,0,1,0,1,4,1,46,5,1,2,0,2,4,1,201300032558B01,7,2,1,200067106
201300032573,2013-01-09,2013,janvier,mercredi,17:10,65,65286,43.09558,-0.03488,2,6,3,1,1,4,2,02,1,1,0,79,1,0,1,4,1,61,1,3,2,0,2,1,0,201300032573B01,7,0,1,200069300
201300032580,2013-03-03,2013,mars,dimanche,10:55,65,65286,43.09082,-0.01952,1,1,6,1,1,4,-1,02,1,2,0,65,1,0,1,3,1,7,5,2,9,0,2,1,19,201300032580B01,7,2,1,200069300
201300032585,2013-04-03,2013,avril,mercredi,18:45,65,65286,43.09003,-0.04265,2,1,2,1,1,3,2,03,1,3,22,88,1,0,1,4,1,55,5,1,2,0,2,4,2,201300032585B01,7,1,1,200069300
201300032591,2013-08-09,2013,août,vendredi,10:45,65,65286,43.08325,-0.04463,2,6,3,1,1,3,2,04,1,1,0,173,1,0,1,3,1,58,5,1,2,0,2,7,1,201300032591B01,7,16,1,200069300
201300032612,2013-01-28,2013,janvier,lundi,16:55,65,65440,43.22893,0.05609,2,1,3,1,1,3,2,02,1,1,0,0,1,0,4,3,1,69,5,2,9,0,2,1,1,201300032612A01,7,16,1,200069300
201300032614,2013-01-30,2013,janvier,mercredi,11:05,65,65440,43.23415,0.07136,2,5,2,1,1,4,1,00,1,1,0,0,1,0,1,3,1,21,9,3,9,0,0,4,2,201300032614B01,7,2,1,200069300
201300032616,2013-01-31,2013,janvier,jeudi,09:15,65,65440,43.23211,0.08709,2,1,3,1,1,4,2,00,1,1,0,90,1,0,1,4,2,70,9,3,2,0,2,1,1,201300032616B01,7,4,1,200069300
201300032617,2013-01-31,2013,janvier,jeudi,13:45,65,65440,43.2396,0.07233,2,1,6,1,1,3,2,00,1,1,0,98,1,0,1,4,1,18,9,3,2,0,2,1,1,201300032617B01,7,22,1,200069300
201300032624,2013-02-11,2013,février,lundi,14:45,65,65440,43.228,0.07565,2,3,3,1,8,4,2,02,1,1,0,78,2,5,1,4,1,86,5,3,9,0,2,5,1,201300032624B01,7,1,1,200069300
201300032639,2013-03-18,2013,mars,lundi,18:20,65,65440,43.22419,0.06836,2,2,3,1,2,4,2,02,1,1,0,72,1,0,1,4,1,19,0,3,2,0,2,1,1,201300032639B01,7,19,1,200069300
201300032640,2013-03-20,2013,mars,mercredi,16:05,65,65440,43.23192,0.08067,2,1,2,1,1,4,1,01,1,1,0,100,1,0,1,4,2,71,3,3,2,0,2,6,2,201300032640A01,7,15,1,200069300
201300032666,2013-06-06,2013,juin,jeudi,17:10,65,65440,43.2327,0.07373,2,1,3,1,1,4,1,01,1,1,0,0,1,0,1,4,1,70,9,3,9,0,2,1,19,201300032666A01,7,1,1,200069300
201300032674,2013-06-28,2013,juin,vendredi,08:40,65,65417,43.23238,0.10541,2,1,3,1,1,4,2,02,1,1,0,73,1,0,5,4,2,62,9,3,2,0,2,8,1,201300032674B01,7,1,1,200069300
201300032676,2013-07-01,2013,juillet,lundi,16:30,65,65440,43.231,0.07569,2,1,3,1,1,4,2,02,1,1,0,59,1,0,1,4,2,61,9,3,2,0,2,2,1,201300032676B01,7,15,1,200069300
201300032688,2013-08-14,2013,août,mercredi,09:45,65,65440,43.21906,0.07068,2,6,6,1,1,2,3,04,1,1,0,0,1,0,1,4,1,64,3,2,2,0,2,5,1,201300032688B01,7,9,1,200069300
201300032704,2013-10-07,2013,octobre,lundi,11:00,65,65440,43.22305,0.07966,2,4,3,1,1,4,1,02,1,1,0,0,1,0,1,4,1,46,9,3,9,0,2,7,1,201300032704B01,7,9,1,200069300
201300032706,2013-10-07,2013,octobre,lundi,13:45,65,65417,43.23195,0.09969,2,2,3,1,1,3,2,02,1,1,0,80,1,0,1,4,2,11,2,3,9,0,2,8,11,201300032706A01,7,1,1,200069300
201300032715,2013-10-28,2013,octobre,lundi,14:35,65,65440,43.22098,0.06073,2,1,6,1,1,3,2,02,1,3,0,0,1,0,1,4,1,67,5,3,2,0,2,0,1,201300032715B01,17,0,1,200069300
201300032720,2013-11-18,2013,novembre,lundi,07:45,65,65417,43.22835,0.10564,2,6,3,2,2,3,2,02,1,1,0,0,2,0,1,4,1,13,2,1,2,0,2,3,1,201300032720B01,7,9,1,200069300
201300032725,2013-12-08,2013,décembre,dimanche,20:30,65,65100,43.26013,0.0718,1,1,2,3,1,3,2,02,1,1,0,35,1,0,1,4,1,25,1,2,4,0,2,4,2,201300032725B01,7,2,1,200069300
201300032749,2013-01-31,2013,janvier,jeudi,19:00,66,66136,0,0,2,1,6,3,1,3,1,01,1,1,5,70,1,0,1,2,1,83,5,3,9,0,2,8,19,201300032749A01,7,21,3,200027183
201300032758,2013-03-10,2013,mars,dimanche,09:35,66,66136,42.69875,2.90546,2,1,6,1,1,4,2,02,1,1,0,80,1,0,1,4,2,64,5,2,4,0,2,1,1,201300032758B01,7,19,1,200027183
201300032783,2013-04-22,2013,avril,lundi,18:20,66,66136,42.68893,2.89986,2,1,6,1,1,4,2,02,1,1,0,70,1,0,1,4,2,24,0,1,9,0,2,8,2,201300032783B01,7,1 / 2,2,200027183
201300032793,2013-05-13,2013,mai,lundi,06:00,66,66136,42.68793,2.84965,2,1,3,2,1,4,-1,02,1,1,0,80,1,0,1,4,1,51,9,3,9,0,2,2,1,201300032793B01,7,15,1,200027183
201300032845,2013-10-09,2013,octobre,mercredi,12:20,66,66136,42.67962,2.90406,2,1,3,1,1,4,2,02,2,3,39,141,1,0,1,4,2,22,2,3,4,0,0,5,1,201300032845B01,7,15,1,200027183
201300032849,2013-10-22,2013,octobre,mardi,18:47,66,66136,42.68172,2.85213,2,6,3,3,1,4,1,01,1,-1,50,38,1,0,1,3,1,47,5,1,9,0,0,8,2,201300032849B01,14,2,1,200027183
201300032850,2013-10-27,2013,octobre,dimanche,09:40,66,66136,42.68114,2.91059,2,1,3,1,1,4,1,01,1,2,10,70,1,0,1,3,1,59,5,1,9,0,2,4,1,201300032850B01,7,9,1,200027183
201300032860,2013-12-01,2013,décembre,dimanche,23:00,66,66136,42.68724,2.89545,2,1,2,5,1,4,-1,01,1,1,0,70,1,0,1,3,1,39,1,1,4,0,2,4,1,201300032860B01,7,14,1,200027183
201300032897,2013-01-02,2013,janvier,mercredi,17:00,67,67482,0,0,2,2,1,5,1,4,2,02,1,1,0,110,1,0,1,4,2,16,5,3,9,0,2,1,15,201300032897A01,7,16,1,246700488
201300032903,2013-01-07,2013,janvier,lundi,14:05,67,67482,0,0,2,3,3,1,1,4,2,02,1,1,0,59,1,0,1,4,2,17,9,3,9,0,2,8,9,201300032903B01,34,1,1,246700488
201300032910,2013-01-14,2013,janvier,lundi,08:05,67,67447,0,0,2,3,4,1,4,4,2,02,1,1,0,100,5,0,1,3,1,55,5,1,4,0,2,4,23,201300032910C01,7 / 10,23 / 2,2,246700488
201300032914,2013-01-18,2013,janvier,vendredi,16:25,67,67482,0,0,2,1,3,1,1,4,2,03,1,1,0,150,1,0,1,2,1,42,0,1,4,0,2,2,14,201300032914A01,7,1,1,246700488
201300032915,2013-01-19,2013,janvier,samedi,10:25,67,67482,0,0,2,2,3,1,4,4,2,02,1,1,0,120,5,0,1,3,2,57,5,2,4,0,2,7,19,201300032915A01,37,1,1,246700488
201300032924,2013-02-01,2013,février,vendredi,18:20,67,67482,0,0,2,3,3,5,2,4,2,04,1,1,0,156,2,0,1,4,2,17,0,1,4,0,2,7,19,201300032924B01,7,16,1,246700488
201300032928,2013-02-05,2013,février,mardi,21:05,67,67482,0,0,2,1,3,5,2,4,1,02,-1,1,0,100,2,0,1,4,2,26,5,3,9,0,2,7,19,201300032928B01,2,1,1,246700488
201300032929,2013-02-07,2013,février,jeudi,19:30,67,67482,0,0,2,1,2,5,1,4,3,02,1,1,108,71,1,0,1,4,1,22,1,1,4,0,4,4,19,201300032929A01,40,1,1,246700488
201300032935,2013-02-11,2013,février,lundi,19:35,67,67218,0,0,2,3,3,5,4,4,2,02,1,3,0,80,2,0,1,4,1,17,5,1,4,0,2,7,19,201300032935B01,7,1,1,246700488
201300032938,2013-02-14,2013,février,jeudi,19:35,67,67482,0,0,2,1,3,5,1,4,2,03,1,1,0,100,1,0,1,4,1,18,0,1,4,0,2,0,13,201300032938A01,37,1,1,246700488
201300032955,2013-03-07,2013,mars,jeudi,08:50,67,67482,0,0,2,1,3,1,1,4,2,02,1,1,0,80,1,0,1,3,2,42,1,1,4,1,0,1,1,201300032955B01,7,22,1,246700488
201300032957,2013-03-09,2013,mars,samedi,15:00,67,67482,0,0,2,1,3,1,2,4,2,02,-1,3,0,70,2,0,5,4,1,40,1,1,4,0,2,1,1,201300032957B01,7,15,1,246700488
201300032963,2013-03-13,2013,mars,mercredi,07:00,67,67482,0,0,2,2,3,1,1,4,2,02,1,1,0,60,1,0,1,4,2,53,4,1,9,0,2,8,1,201300032963B01,7,15,1,246700488
201300032969,2013-03-16,2013,mars,samedi,20:00,67,67482,0,0,2,3,3,5,1,4,2,02,1,1,0,132,1,0,1,4,1,29,9,1,4,0,2,1,1,201300032969B01,7,16,1,246700488
201300032973,2013-03-20,2013,mars,mercredi,14:15,67,67447,0,0,2,1,3,1,1,4,3,03,1,1,109,128,1,0,1,4,1,33,1,2,9,0,4,8,19,201300032973A01,40,1,1,246700488
201300032974,2013-03-22,2013,mars,vendredi,10:10,67,67482,0,0,2,1,3,1,1,4,2,03,1,1,0,102,1,0,1,4,2,24,0,1,4,0,2,1,19,201300032974B01,7,15,1,246700488
201300032977,2013-03-24,2013,mars,dimanche,02:15,67,67482,0,0,2,3,3,5,1,4,1,02,1,3,0,70,1,0,1,4,2,25,5,3,9,0,2,8,1,201300032977B01,7,1,1,246700488
201300032985,2013-03-30,2013,mars,samedi,12:45,67,67482,0,0,2,1,3,1,1,4,2,02,1,1,0,60,1,0,1,4,1,69,0,3,9,0,2,1,19,201300032985A01,30,1,1,246700488
201300032989,2013-04-03,2013,avril,mercredi,16:45,67,67482,0,0,2,2,3,1,1,4,3,05,1,1,90,90,1,0,1,4,1,41,1,3,9,0,2,1,1,201300032989A01,7,15,1,246700488
201300032996,2013-04-08,2013,avril,lundi,18:30,67,67482,0,0,2,1,3,1,1,4,2,02,1,1,0,59,1,0,1,4,2,52,0,1,4,0,2,1,1,201300032996B01,7,16,1,246700488
201300032999,2013-04-09,2013,avril,mardi,09:20,67,67218,0,0,2,1,3,1,1,4,2,02,1,1,0,30,1,0,5,4,2,53,1,1,2,0,2,0,1,201300032999A01,1,1,1,246700488
201300033000,2013-04-09,2013,avril,mardi,16:35,67,67482,0,0,2,1,3,1,1,4,2,02,1,1,0,60,1,0,1,4,1,57,5,1,4,0,2,8,19,201300033000B01,7,1,1,246700488
201300033002,2013-04-13,2013,avril,samedi,18:00,67,67447,0,0,2,1,3,1,1,4,1,01,1,1,0,51,1,0,1,4,1,9,5,3,9,0,2,8,19,201300033002A01,7,1,1,246700488
201300033009,2013-04-23,2013,avril,mardi,09:00,67,67482,0,0,2,2,3,1,1,4,2,02,1,1,0,88,1,0,1,4,2,33,2,2,4,0,2,1,19,201300033009A01,7,1,1,246700488
201300033014,2013-04-27,2013,avril,samedi,19:50,67,67447,0,0,2,2,3,1,2,4,1,01,1,1,0,70,2,0,1,4,1,57,9,3,9,0,2,8,1,201300033014B01,7,1,1,246700488
201300033030,2013-05-14,2013,mai,mardi,12:30,67,67482,0,0,2,2,6,1,1,4,2,03,1,1,0,0,1,0,1,1,1,18,0,1,4,0,1,1,19,201300033030A01,,,,246700488
201300033031,2013-05-14,2013,mai,mardi,14:40,67,67482,0,0,2,3,3,1,1,4,1,02,1,1,0,59,1,0,1,4,1,21,0,1,4,0,4,7,19,201300033031A01,40,1,1,246700488
201300033032,2013-05-14,2013,mai,mardi,19:00,67,67482,0,0,2,3,3,1,1,4,2,03,1,1,0,123,1,0,1,4,2,26,4,1,4,0,2,1,19,201300033032B01,10,16,1,246700488
201300033039,2013-05-24,2013,mai,vendredi,06:55,67,67482,0,0,2,6,3,1,1,4,2,02,1,1,18,144,1,0,1,4,1,50,1,1,4,0,2,2,14,201300033039A01,7,16,1,246700488
201300033042,2013-05-25,2013,mai,samedi,15:20,67,67482,0,0,2,3,3,1,1,4,3,02,1,1,0,90,1,0,1,4,1,21,0,1,4,0,2,1,19,201300033042A01,37,1,1,246700488
201300033043,2013-05-25,2013,mai,samedi,18:00,67,67043,0,0,2,1,1,1,1,4,2,02,1,1,0,67,1,0,1,4,1,9,0,1,4,0,2,1,18,201300033043B01,7,1,1,246700488
201300033049,2013-06-04,2013,juin,mardi,18:20,67,67447,0,0,2,3,3,1,1,4,2,02,1,1,0,100,1,0,1,4,2,28,1,1,4,0,2,3,1,201300033049B01,7,15,1,246700488
201300033051,2013-06-05,2013,juin,mercredi,08:40,67,67482,0,0,2,1,2,1,1,4,1,01,1,1,0,40,1,0,1,4,2,20,1,1,4,0,2,1,19,201300033051A01,7,1,1,246700488
201300033055,2013-06-06,2013,juin,jeudi,19:05,67,67043,0,0,2,2,3,1,1,4,2,03,1,1,0,120,1,0,1,3,1,18,5,2,4,0,2,1,15,201300033055A01,7,1,1,246700488
201300033064,2013-06-14,2013,juin,vendredi,13:45,67,67482,0,0,1,3,3,1,1,4,2,02,1,1,0,110,1,0,1,4,1,20,5,3,9,0,2,1,19,201300033064A01,40,1,1,246700488
201300033065,2013-06-15,2013,juin,samedi,04:10,67,67482,0,0,2,2,3,5,1,4,3,03,1,1,0,91,1,0,1,4,2,17,5,3,9,0,2,1,19,201300033065B01,7,1,1,246700488
201300033068,2013-06-20,2013,juin,jeudi,19:25,67,67482,0,0,2,1,3,1,1,4,2,02,1,1,0,100,1,0,1,4,2,23,5,2,9,0,2,8,19,201300033068B01,7,1,1,246700488
201300033069,2013-06-21,2013,juin,vendredi,16:45,67,67482,0,0,2,1,3,1,1,4,3,02,1,1,22,48,1,0,1,4,1,11,5,3,9,0,2,8,19,201300033069A01,7,1,1,246700488
201300033073,2013-06-24,2013,juin,lundi,16:30,67,67482,0,0,2,1,6,1,1,4,2,02,2,1,15,165,1,0,1,3,2,77,5,1,4,1,0,1,1,201300033073B01,,,,246700488
201300033083,2013-07-02,2013,juillet,mardi,18:10,67,67482,0,0,2,1,3,1,1,4,1,01,1,1,0,60,1,0,5,4,2,46,5,1,4,0,0,0,1,201300033083A01,7,23,1,246700488
201300033085,2013-07-03,2013,juillet,mercredi,18:55,67,67204,0,0,2,3,3,1,1,4,2,02,1,1,0,60,1,0,4,4,1,56,0,1,4,0,2,8,1,201300033085B01,7,15,1,246700488
201300033086,2013-07-04,2013,juillet,jeudi,08:35,67,67482,0,0,2,1,3,1,1,4,2,03,1,1,0,110,1,0,1,4,2,28,1,1,4,0,2,5,19,201300033086A01,7,1,1,246700488
201300033087,2013-07-04,2013,juillet,jeudi,14:30,67,67482,0,0,2,1,3,1,1,4,1,01,-1,1,0,50,1,0,1,4,1,13,0,1,4,0,4,3,19,201300033087A01,40,1,1,246700488
201300033088,2013-07-05,2013,juillet,vendredi,10:00,67,67218,0,0,2,1,3,1,1,4,1,01,1,1,0,65,1,0,1,4,2,72,0,1,4,0,2,7,5,201300033088A01,7,23,1,246700488
201300033100,2013-07-13,2013,juillet,samedi,10:15,67,67482,0,0,2,2,3,1,1,4,3,04,1,1,60,70,1,4,1,4,1,60,5,3,9,0,2,7,19,201300033100A01,7,1,1,246700488
201300033101,2013-07-13,2013,juillet,samedi,17:50,67,67482,0,0,2,1,6,1,1,4,2,02,1,1,0,65,1,0,1,4,1,23,1,1,4,0,2,7,1,201300033101B01,7,22,1,246700488
201300033105,2013-07-20,2013,juillet,samedi,11:50,67,67482,0,0,2,1,1,1,1,4,2,02,1,3,0,70,1,0,5,3,2,28,5,3,9,0,2,1,5,201300033105A01,1,1,1,246700488
201300033105,2013-07-20,2013,juillet,samedi,11:50,67,67482,0,0,2,1,1,1,1,4,2,02,1,3,0,70,1,0,5,3,1,55,1,2,9,0,2,1,1,201300033105B01,1,5,1,246700488
201300033107,2013-07-23,2013,juillet,mardi,19:15,67,67482,0,0,2,1,3,1,1,4,2,02,1,1,0,90,1,0,1,4,1,73,5,1,4,0,2,5,1,201300033107B01,7,16,1,246700488
201300033118,2013-08-02,2013,août,vendredi,10:00,67,67447,0,0,2,2,3,1,1,4,2,03,1,1,0,111,1,0,1,4,2,73,5,3,9,0,2,7,1,201300033118B01,15,1,1,246700488
201300033119,2013-08-02,2013,août,vendredi,15:45,67,67482,0,0,2,1,6,1,1,4,2,02,1,1,0,45,1,0,1,1,1,31,5,3,9,0,1,1,1,201300033119A01,,,,246700488
201300033120,2013-08-03,2013,août,samedi,09:00,67,67482,0,0,2,1,3,1,1,4,2,02,1,1,0,65,1,0,5,3,1,59,4,3,9,0,2,1,1,201300033120B01,7,22,1,246700488
201300033122,2013-08-04,2013,août,dimanche,14:45,67,67482,0,0,2,2,3,1,1,4,2,03,1,1,0,130,1,0,1,4,1,14,0,3,9,0,4,1,19,201300033122A01,40,1,1,246700488
201300033125,2013-08-07,2013,août,mercredi,17:20,67,67482,0,0,2,1,3,1,2,4,2,02,1,1,0,30,2,0,1,1,1,23,0,1,4,0,2,1,0,201300033125A01,1,0,1,246700488
201300033125,2013-08-07,2013,août,mercredi,17:20,67,67482,0,0,2,1,3,1,2,4,2,02,1,1,0,30,2,0,1,3,2,22,1,1,4,0,2,1,0,201300033125B01,1,0,1,246700488
201300033129,2013-08-10,2013,août,samedi,04:00,67,67482,0,0,2,2,6,5,1,4,1,01,1,2,0,60,1,0,1,4,2,21,0,2,4,0,1,1,1,201300033129A01,,,,246700488
201300033131,2013-08-12,2013,août,lundi,13:35,67,67482,0,0,2,1,1,1,1,4,2,02,1,4,0,131,1,0,5,1,1,38,1,1,4,0,2,1,1,201300033131A01,1,1,1,246700488
201300033131,2013-08-12,2013,août,lundi,13:35,67,67482,0,0,2,1,1,1,1,4,2,02,1,4,0,131,1,0,5,4,2,33,0,1,4,0,2,1,1,201300033131B01,1,1,1,246700488
201300033134,2013-08-17,2013,août,samedi,16:30,67,67482,0,0,2,1,3,1,1,4,2,02,1,1,0,60,1,0,1,4,1,9,5,1,4,0,2,8,19,201300033134A01,33,1,1,246700488
201300033137,2013-08-19,2013,août,lundi,11:58,67,67482,0,0,2,1,6,1,1,4,1,01,1,1,0,34,1,0,1,1,1,40,0,1,4,0,1,1,1,201300033137B01,,,,246700488
201300033143,2013-08-23,2013,août,vendredi,17:10,67,67204,0,0,2,2,3,1,1,4,2,02,1,1,28,41,1,0,1,4,1,59,0,1,4,0,2,8,1,201300033143B01,7,1,1,246700488
201300033144,2013-08-28,2013,août,mercredi,07:10,67,67482,0,0,2,3,3,1,1,4,2,02,1,1,0,50,1,0,1,4,1,23,0,1,4,0,4,3,19,201300033144A01,40,1,1,246700488
201300033147,2013-08-29,2013,août,jeudi,14:46,67,67482,0,0,2,3,1,1,1,4,2,02,1,1,0,80,1,0,1,4,2,53,0,1,4,0,2,1,1,201300033147A01,7,16,1,246700488
201300033149,2013-09-02,2013,septembre,lundi,08:38,67,67482,0,0,2,3,3,1,1,4,1,01,1,1,0,100,1,0,1,4,2,25,0,1,4,0,4,1,1,201300033149A01,40,1,1,246700488
201300033153,2013-09-03,2013,septembre,mardi,18:25,67,67482,0,0,2,3,3,1,1,4,2,02,1,1,0,55,1,0,1,4,1,27,5,3,9,0,2,1,15,201300033153A01,7,1,1,246700488
201300033154,2013-09-03,2013,septembre,mardi,21:10,67,67482,0,0,2,3,6,5,1,4,1,01,1,1,0,60,1,0,5,4,1,43,5,1,4,0,1,1,1,201300033154A01,,,,246700488
201300033157,2013-09-06,2013,septembre,vendredi,18:20,67,67482,0,0,2,3,6,1,1,4,3,02,1,1,40,30,1,0,1,4,1,49,5,1,4,0,2,7,1,201300033157B01,7,15,1,246700488
201300033163,2013-09-11,2013,septembre,mercredi,16:00,67,67482,0,0,2,4,3,1,3,4,2,02,1,1,0,53,2,0,5,4,2,21,5,1,4,0,2,8,1,201300033163B01,10,1,1,246700488
201300033169,2013-09-18,2013,septembre,mercredi,18:15,67,67482,0,0,2,2,3,2,1,4,2,02,1,1,0,50,1,0,1,4,2,28,5,3,9,0,2,7,19,201300033169B01,7,1,1,246700488
201300033177,2013-09-25,2013,septembre,mercredi,17:55,67,67267,0,0,2,1,6,1,1,4,1,02,1,1,0,70,1,0,1,4,1,,0,1,2,0,1,1,1,201300033177A01,,,,246700488
201300033185,2013-10-03,2013,octobre,jeudi,13:40,67,67482,0,0,2,1,3,1,1,4,2,02,1,1,80,180,1,0,1,3,1,24,2,1,4,0,2,6,11,201300033185A01,7,1,1,246700488
201300033186,2013-10-03,2013,octobre,jeudi,17:20,67,67267,0,0,2,1,3,1,1,4,2,02,1,1,0,80,1,0,1,3,1,23,1,1,4,0,2,8,19,201300033186B01,7,1,1,246700488
201300033193,2013-10-09,2013,octobre,mercredi,16:40,67,67482,0,0,2,1,7,1,1,4,3,03,1,1,70,80,1,0,1,4,1,23,0,1,4,1,0,1,1,201300033193B01,7,22,1,246700488
201300033196,2013-10-09,2013,octobre,mercredi,20:40,67,67482,0,0,2,2,3,2,1,4,2,04,1,1,10,130,1,0,1,4,2,17,0,1,4,0,2,7,19,201300033196B01,7,16,1,246700488
201300033199,2013-10-11,2013,octobre,vendredi,17:45,67,67482,0,0,2,3,3,1,1,4,2,02,1,1,0,127,1,0,0,4,1,53,5,3,9,0,2,1,19,201300033199B01,7,16,1,246700488
201300033203,2013-10-18,2013,octobre,vendredi,23:50,67,67482,0,0,2,2,3,5,1,4,2,02,2,1,0,66,1,0,1,4,1,24,5,1,4,0,2,7,1,201300033203A01,33,1,1,246700488
201300033204,2013-10-19,2013,octobre,samedi,22:55,67,67482,0,0,2,1,3,5,2,4,2,02,1,1,0,90,2,0,1,4,2,22,5,1,9,0,2,8,19,201300033204B01,7,1,1,246700488
201300033208,2013-10-23,2013,octobre,mercredi,07:25,67,67482,0,0,2,3,3,2,2,4,2,02,1,3,0,65,2,0,1,3,2,32,1,2,9,0,2,7,1,201300033208B01,7,1,1,246700488
201300033210,2013-10-26,2013,octobre,samedi,13:15,67,67447,0,0,2,3,3,1,1,4,2,02,1,1,0,70,-1,0,1,4,2,20,1,2,9,0,2,8,1,201300033210B01,7,15,1,246700488
201300033218,2013-11-05,2013,novembre,mardi,09:30,67,67482,0,0,2,2,3,1,1,4,2,03,1,1,0,90,1,0,2,4,1,82,3,1,4,0,2,1,19,201300033218B01,10,1,1,246700488