Num_Acc,date,an,mois,jour,hrmn,dep,com,lat,long,agg,int,col,lum,atm,catr,circ,nbv,prof,plan,lartpc,larrout,surf,infra,situ,grav,sexe,age,trajet,secuexist,equipement,obs,obsm,choc,manv,vehiculeid,typevehicules,manoeuvehicules,numVehicules,_infos_commune.code_epci
201300033219,2013-11-05,2013,novembre,mardi,11:50,67,67482,0,0,2,1,2,1,1,4,1,01,1,1,0,59,1,0,1,4,2,23,1,1,4,0,2,1,1,201300033219A01,7,24,1,246700488
201300033220,2013-11-05,2013,novembre,mardi,18:10,67,67043,0,0,2,1,1,5,2,4,2,02,1,1,0,85,2,0,1,4,1,16,0,1,4,0,2,3,1,201300033220A01,7,17,1,246700488
201300033222,2013-11-06,2013,novembre,mercredi,15:23,67,67482,0,0,2,2,3,1,8,4,2,03,1,1,0,80,2,0,1,4,2,22,5,1,4,0,2,8,1,201300033222B01,7,16,1,246700488
201300033239,2013-11-21,2013,novembre,jeudi,08:25,67,67447,0,0,2,3,3,1,2,4,2,02,2,1,0,80,2,0,1,4,2,35,0,1,4,0,2,1,1,201300033239A01,7,16,1,246700488
201300033255,2013-12-02,2013,décembre,lundi,08:45,67,67482,0,0,2,2,3,1,1,4,2,01,1,2,0,50,1,0,1,4,1,28,1,2,4,0,2,3,15,201300033255B01,7,1,1,246700488
201300033258,2013-12-05,2013,décembre,jeudi,22:00,67,67482,0,0,2,1,1,5,1,4,1,01,1,1,20,30,1,0,1,1,2,36,1,2,9,0,2,1,1,201300033258B01,1,19,1,246700488
201300033258,2013-12-05,2013,décembre,jeudi,22:00,67,67482,0,0,2,1,1,5,1,4,1,01,1,1,20,30,1,0,1,3,1,58,5,1,4,0,2,1,19,201300033258A01,1,1,1,246700488
201300033269,2013-12-11,2013,décembre,mercredi,17:45,67,67218,0,0,2,3,5,5,5,4,2,02,1,1,0,60,1,0,1,4,1,46,1,1,2,0,2,1,17,201300033269B01,7,15 / 23,2,246700488
201300033277,2013-12-16,2013,décembre,lundi,15:45,67,67482,0,0,2,1,6,1,1,9,-1,04,1,1,0,30,1,0,4,1,2,19,2,3,9,0,1,1,1,201300033277A01,,,,246700488
201300033285,2013-12-24,2013,décembre,mardi,07:38,67,67447,0,0,2,1,3,5,1,4,3,04,1,1,32,146,1,0,1,4,1,28,0,1,4,0,2,8,5,201300033285A01,37,9,1,246700488
201300033290,2013-01-28,2013,janvier,lundi,17:45,68,68066,0,0,2,6,6,2,1,4,1,02,1,2,40,110,1,0,5,4,2,25,1,3,9,0,2,4,0,201300033290B01,7,1,1,246800726
201300033292,2013-02-03,2013,février,dimanche,16:00,68,68066,48.08207,7.36035,2,2,2,1,1,3,1,02,1,1,0,110,1,5,1,4,2,73,5,1,9,0,2,4,11,201300033292A02,7,1,1,246800726
201300033296,2013-02-14,2013,février,jeudi,08:00,68,68066,48.0749,7.34414,2,6,6,1,1,3,1,02,1,1,70,200,1,0,5,4,2,29,1,3,9,0,2,4,1,201300033296B01,7,1,1,246800726
201300033302,2013-03-15,2013,mars,vendredi,16:50,68,68066,48.06646,7.34513,2,2,6,1,1,4,2,02,1,1,0,80,1,0,1,4,2,48,1,3,9,0,2,1,1,201300033302B01,7,15,1,246800726
201300033306,2013-04-24,2013,avril,mercredi,14:24,68,68066,48.07964,7.36243,2,2,3,1,1,4,1,03,1,1,0,50,1,0,0,4,1,14,5,3,9,0,2,1,19,201300033306B01,7,1,1,246800726
201300033326,2013-08-10,2013,août,samedi,12:59,68,68066,48.08594,7.32993,2,1,3,1,1,4,2,02,1,1,0,75,1,0,1,3,1,34,9,3,9,0,2,1,19,201300033326A02,7,15,1,246800726
201300033329,2013-08-30,2013,août,vendredi,17:00,68,68066,48.08369,7.35381,2,1,6,1,1,4,1,02,1,1,0,80,1,0,1,3,1,77,5,3,9,0,2,1,0,201300033329B01,7,9,1,246800726
201300033332,2013-09-26,2013,septembre,jeudi,10:03,68,68066,48.10743,7.3797,1,6,6,1,1,4,2,02,1,2,0,100,1,0,1,3,1,37,4,3,9,0,2,1,1,201300033332B01,7,16,1,246800726
201300033333,2013-09-27,2013,septembre,vendredi,07:54,68,68066,48.07727,7.34785,2,3,6,1,1,4,1,01,1,1,0,60,1,0,1,4,2,33,1,3,9,0,2,1,9,201300033333B01,1,1,1,246800726
201300033333,2013-09-27,2013,septembre,vendredi,07:54,68,68066,48.07727,7.34785,2,3,6,1,1,4,1,01,1,1,0,60,1,0,1,4,1,16,2,3,9,0,2,1,1,201300033333A01,1,9,1,246800726
201300033343,2013-11-28,2013,novembre,jeudi,16:20,68,68066,48.08707,7.3681,1,3,6,2,1,4,2,02,1,1,0,80,1,0,0,3,1,68,5,3,9,5,2,1,1,201300033343B01,14,16,1,246800726
201300033344,2013-11-28,2013,novembre,jeudi,15:00,68,68066,48.08102,7.36005,2,1,6,1,1,4,2,02,1,1,0,60,1,0,1,4,2,50,1,3,9,0,2,1,1,201300033344B01,7,9,1,246800726
201300033353,2013-01-22,2013,janvier,mardi,16:45,68,68224,47.75253,7.32794,2,3,6,1,2,4,1,01,1,1,0,0,2,0,5,1,1,35,0,1,4,0,1,1,0,201300033353A01,,,,200066009
201300033357,2013-03-04,2013,mars,lundi,11:30,68,68224,47.74961,7.33903,2,1,6,1,1,4,1,01,1,3,0,30,1,0,0,1,1,14,2,3,9,0,1,1,0,201300033357A01,,,,200066009
201300033357,2013-03-04,2013,mars,lundi,11:30,68,68224,47.74961,7.33903,2,1,6,1,1,4,1,01,1,3,0,30,1,0,0,3,2,90,5,3,9,0,1,1,0,201300033357A01,,,,200066009
201300033370,2013-04-29,2013,avril,lundi,16:20,68,68224,47.73391,7.31611,2,1,3,1,2,4,2,02,1,1,61,61,2,0,1,4,2,12,0,3,9,0,2,8,0,201300033370B01,7,1,1,200066009
201300033370,2013-04-29,2013,avril,lundi,16:20,68,68224,47.73391,7.31611,2,1,3,1,2,4,2,02,1,1,61,61,2,0,1,4,2,12,0,3,9,0,2,8,0,201300033370B01,7,1,1,200066009
201300033375,2013-05-11,2013,mai,samedi,13:44,68,68224,47.73672,7.33026,2,1,3,1,1,4,1,02,2,2,0,0,1,0,5,2,1,81,5,2,9,0,2,2,0,201300033375B01,7,14,1,200066009
201300033380,2013-05-29,2013,mai,mercredi,07:50,68,68224,47.75554,7.3172,2,3,3,1,2,4,2,02,1,1,150,80,2,0,1,3,1,59,1,1,9,0,2,1,0,201300033380B01,7,0,1,200066009
201300033385,2013-06-28,2013,juin,vendredi,13:05,68,68224,47.74768,7.3318,2,3,3,1,1,4,2,02,1,1,0,110,1,0,1,3,1,48,0,3,9,0,2,1,2,201300033385B01,7,15,1,200066009
201300033401,2013-09-26,2013,septembre,jeudi,03:50,68,68224,0,0,2,3,3,5,1,4,2,01,1,1,0,60,1,0,0,3,1,19,5,3,9,0,2,0,16,201300033401B01,7,0,1,200066009
201300033402,2013-10-09,2013,octobre,mercredi,11:15,68,68224,47.74508,7.34669,2,1,6,1,1,4,2,01,1,1,0,70,1,0,1,3,1,61,5,2,9,0,2,7,0,201300033402B01,7,0,1,200066009
201300033411,2013-12-03,2013,décembre,mardi,14:54,68,68224,0,0,2,1,3,1,1,6,-1,02,2,-1,0,0,1,0,0,3,1,73,9,3,2,0,2,7,0,201300033411B01,7,0,1,200066009
201300033417,2013-12-13,2013,décembre,vendredi,06:16,68,68224,0,0,2,2,6,5,1,4,2,03,1,2,0,150,1,5,5,3,1,52,1,2,4,0,2,7,1,201300033417B01,7,9,1,200066009
201300033420,2013-12-23,2013,décembre,lundi,18:55,68,68224,0,0,2,3,6,5,1,4,1,01,2,1,110,30,1,0,1,4,1,28,0,3,9,0,2,1,1,201300033420A01,7,16,1,200066009
201300033423,2013-12-30,2013,décembre,lundi,14:35,68,68056,0,0,2,3,6,1,1,4,2,01,1,1,0,0,1,0,1,4,1,68,0,3,9,0,2,3,1,201300033423B01,7,1,1,200066009
201300033425,2013-12-30,2013,décembre,lundi,15:15,68,68297,0,0,2,2,1,1,7,4,2,02,2,1,0,50,1,0,1,3,1,56,0,3,9,0,2,1,1,201300033425B01,7,15,1,200066058
201300033428,2013-08-21,2013,août,mercredi,07:50,68,68149,47.59375,7.58106,2,1,1,2,1,4,2,02,1,1,0,95,1,0,1,4,1,62,1,1,2,0,2,1,1,201300033428B01,7,1,1,200066058
201300033433,2013-11-22,2013,novembre,vendredi,17:20,68,68297,0,0,2,2,1,5,2,4,2,02,1,1,0,70,2,0,1,3,2,56,5,3,4,0,2,1,15,201300033433B01,7,15,1,200066058
201300033435,2013-06-18,2013,juin,mardi,17:50,68,68297,47.57849,7.54735,2,3,3,1,1,3,2,04,1,1,70,136,1,5,1,4,1,27,1,1,2,0,2,1,1,201300033435B01,7,15,1,200066058
201300033449,2013-02-01,2013,février,vendredi,09:59,69,69029,0,0,2,6,3,1,1,4,2,04,1,1,0,0,2,4,1,4,1,33,1,2,9,0,2,1,1,201300033449B01,7,9,1,200046977
201300033483,2013-01-26,2013,janvier,samedi,13:20,69,69034,0,0,2,6,3,1,1,4,1,02,1,1,0,82,1,0,0,4,1,17,5,3,9,0,2,5,1,201300033483B01,7,9,1,200046977
201300033491,2013-04-04,2013,avril,jeudi,00:15,69,69034,0,0,2,6,3,5,1,4,1,01,1,2,0,77,1,0,1,4,1,44,0,1,9,0,2,7,1,201300033491B01,7,9,1,200046977
201300033494,2013-05-04,2013,mai,samedi,08:10,69,69034,0,0,2,6,3,1,2,4,1,01,1,-1,0,77,2,0,1,4,1,53,5,1,2,0,2,7,1,201300033494B01,7,9,1,200046977
201300033495,2013-05-09,2013,mai,jeudi,16:45,69,69034,0,0,2,1,6,1,1,4,-1,01,1,1,0,26,1,6,1,4,1,14,5,3,9,0,1,0,0,201300033495A01,,,,200046977
201300033495,2013-05-09,2013,mai,jeudi,16:45,69,69034,0,0,2,1,6,1,1,4,-1,01,1,1,0,26,1,6,1,1,2,57,5,3,9,0,1,0,0,201300033495A01,,,,200046977
201300033508,2013-06-28,2013,juin,vendredi,13:35,69,69034,0,0,2,4,1,1,1,4,2,02,3,3,18,99,1,0,2,3,1,12,5,3,2,0,2,1,5,201300033508A01,7,1,1,200046977
201300033526,2013-09-27,2013,septembre,vendredi,12:00,69,69034,0,0,2,1,3,1,1,4,1,08,1,1,0,136,1,2,1,4,1,18,0,3,9,0,2,8,9,201300033526B01,7,1,1,200046977
201300033530,2013-11-11,2013,novembre,lundi,09:20,69,69034,0,0,2,1,3,1,1,4,2,03,2,1,0,135,1,0,1,4,1,25,0,3,9,0,2,1,1,201300033530B01,7,15,1,200046977
201300033538,2013-12-18,2013,décembre,mercredi,06:40,69,69034,0,0,2,1,3,5,2,4,2,04,1,1,0,114,2,2,1,4,1,50,1,1,4,0,2,7,12,201300033538A01,33,1,1,200046977
201300033547,2013-03-03,2013,mars,dimanche,16:20,69,69091,0,0,2,1,3,1,1,6,-1,00,1,2,0,0,1,0,1,4,1,7,5,2,2,0,2,0,21,201300033547B01,7,1,1,200046977
201300033559,2013-06-14,2013,juin,vendredi,16:00,69,69091,0,0,2,1,6,1,1,4,2,02,1,1,0,0,1,0,1,4,1,35,9,3,2,0,0,0,0,201300033559B01,7,20,1,200046977
201300033562,2013-06-29,2013,juin,samedi,10:20,69,69091,0,0,2,1,6,1,2,9,-1,00,1,1,0,0,2,0,4,4,2,23,4,1,2,8,0,7,0,201300033562B01,7,0,1,200046977
201300033563,2013-07-04,2013,juillet,jeudi,11:20,69,69034,0,0,2,1,2,1,1,3,2,01,1,1,0,44,1,0,1,4,1,56,0,1,2,1,2,1,21,201300033563B01,7,4,1,200046977
201300033572,2013-09-03,2013,septembre,mardi,17:05,69,69091,0,0,1,1,7,1,1,3,2,02,2,3,0,63,1,0,1,4,1,66,5,3,2,0,2,0,1,201300033572A01,21,14,1,200046977
201300033576,2013-09-25,2013,septembre,mercredi,14:27,69,69091,0,0,2,1,6,1,1,4,3,02,1,1,0,92,1,0,5,3,1,70,5,1,2,0,2,1,2,201300033576A01,7,2,1,200046977
201300033583,2013-10-29,2013,octobre,mardi,16:20,69,69096,0,0,2,1,3,1,1,4,2,03,1,1,0,117,1,0,1,4,1,71,5,1,2,0,0,2,1,201300033583B01,7,16,1,200046977
201300033593,2013-02-07,2013,février,jeudi,11:25,69,69149,0,0,2,1,1,1,8,4,2,02,1,1,0,90,2,0,1,3,1,51,5,1,2,0,2,1,1,201300033593B01,7,15,1,200046977
201300033603,2013-04-17,2013,avril,mercredi,18:10,69,69202,0,0,2,1,2,1,1,4,2,02,2,1,0,78,1,0,1,4,1,16,0,2,2,0,2,1,2,201300033603A01,7,23,1,200046977
201300033616,2013-06-05,2013,juin,mercredi,15:00,69,69202,0,0,2,1,2,1,1,4,2,02,2,1,0,62,1,5,1,4,1,51,5,3,9,0,0,4,2,201300033616B01,7,2,1,200046977
201300033632,2013-08-14,2013,août,mercredi,18:00,69,69142,0,0,2,1,1,1,2,4,2,01,1,1,0,69,1,0,1,3,1,14,9,2,2,0,2,1,16,201300033632A01,7,7,1,200046977
201300033639,2013-10-09,2013,octobre,mercredi,16:50,69,69152,0,0,2,1,3,1,1,4,2,02,1,1,0,65,1,0,1,4,1,11,5,3,9,0,2,3,19,201300033639B01,10,1,1,
201300033641,2013-09-26,2013,septembre,jeudi,07:15,69,69152,0,0,1,1,3,5,1,4,2,02,1,2,16,44,1,0,5,3,1,47,1,1,4,0,2,8,1,201300033641B01,14,16,1,
201300033649,2013-11-14,2013,novembre,jeudi,13:20,69,69152,0,0,2,3,2,1,1,4,2,02,-1,3,0,75,1,0,1,1,1,15,2,3,9,0,2,1,1,201300033649A01,7,23,1,
201300033649,2013-11-14,2013,novembre,jeudi,13:20,69,69152,0,0,2,3,2,1,1,4,2,02,-1,3,0,75,1,0,1,4,1,14,2,3,9,0,2,1,1,201300033649A01,7,23,1,
201300033674,2013-04-15,2013,avril,lundi,20:00,69,69256,0,0,2,3,3,1,1,4,2,02,1,1,0,0,1,0,1,4,1,10,5,3,9,0,2,2,16,201300033674A01,7,1,1,200046977
201300033681,2013-06-01,2013,juin,samedi,19:54,69,69256,0,0,2,2,6,1,1,4,2,02,1,1,0,0,1,0,1,3,1,10,5,3,9,0,2,0,1,201300033681A01,7,1,1,200046977
201300033684,2013-06-17,2013,juin,lundi,19:55,69,69256,0,0,2,1,1,1,1,4,-1,00,1,-1,0,32,1,6,5,4,1,5,5,3,9,0,2,0,1,201300033684A01,30,1,1,200046977
201300033736,2013-04-09,2013,avril,mardi,12:00,69,69199,0,0,2,2,2,1,1,4,2,02,1,1,0,0,1,0,1,4,2,52,4,1,9,0,2,4,1,201300033736B01,7,16,1,200046977
201300033756,2013-06-11,2013,juin,mardi,19:35,69,69259,0,0,2,3,5,1,1,4,2,02,1,1,0,0,1,0,5,4,2,15,5,2,2,0,2,1,1,201300033756C01,99,16,1,200046977
201300033756,2013-06-11,2013,juin,mardi,19:35,69,69259,0,0,2,3,5,1,1,4,2,02,1,1,0,0,1,0,5,4,2,20,5,2,2,0,2,1,1,201300033756B01,99,16,1,200046977
201300033758,2013-06-18,2013,juin,mardi,19:45,69,69199,0,0,2,1,2,1,1,3,2,04,1,1,0,0,1,0,1,4,2,28,1,3,9,0,2,4,1,201300033758B01,7,1,1,200046977
201300033760,2013-06-20,2013,juin,jeudi,17:10,69,69259,0,0,2,1,6,1,1,4,-1,01,1,1,0,0,1,0,1,4,2,15,5,3,2,0,2,1,1,201300033760B01,7,1,1,200046977
201300033760,2013-06-20,2013,juin,jeudi,17:10,69,69259,0,0,2,1,6,1,1,4,-1,01,1,1,0,0,1,0,1,1,2,14,5,3,2,0,2,1,1,201300033760B01,7,1,1,200046977
201300033784,2013-08-26,2013,août,lundi,17:45,69,69259,0,0,2,1,3,1,1,4,-1,01,1,1,0,0,1,0,1,3,1,10,5,3,9,0,2,0,0,201300033784B01,7,1,1,200046977
201300033788,2013-09-03,2013,septembre,mardi,18:35,69,69199,0,0,2,1,2,1,1,4,2,02,1,1,0,64,1,0,1,4,1,62,0,3,9,0,2,4,9,201300033788A01,7,1,1,200046977
201300033797,2013-09-21,2013,septembre,samedi,15:10,69,69259,0,0,2,1,3,1,1,6,-1,00,1,3,0,0,1,0,1,3,1,40,5,2,2,1,0,1,1,201300033797A01,7,20,1,200046977
201300033802,2013-09-30,2013,septembre,lundi,17:40,69,69259,0,0,2,1,2,1,1,4,1,01,1,1,0,0,1,0,1,4,1,42,0,3,2,0,2,1,2,201300033802A01,7,2,1,200046977
201300033810,2013-10-26,2013,octobre,samedi,18:10,69,69276,0,0,2,1,6,1,1,4,2,02,1,1,0,0,1,0,4,4,2,40,0,3,2,0,2,8,1,201300033810A01,7,15,1,200046977
201300033839,2013-03-30,2013,mars,samedi,15:30,69,69264,0,0,1,1,6,1,1,4,2,01,1,3,0,66,1,0,1,3,1,29,5,3,9,0,2,1,0,201300033839A01,,,,200040590
201300033840,2013-04-17,2013,avril,mercredi,16:55,69,69264,0,0,2,1,6,1,1,4,2,02,1,1,0,0,1,0,5,1,2,10,5,3,9,0,1,8,1,201300033840A01,,,,200040590
201300033853,2013-09-04,2013,septembre,mercredi,18:25,69,69264,0,0,2,3,6,1,1,4,2,00,1,1,0,200,1,0,1,3,2,51,4,3,9,0,2,1,1,201300033853B01,7,15,1,200040590
201300033878,2013-03-19,2013,mars,mardi,15:50,69,69266,0,0,2,2,3,1,1,4,1,01,1,1,0,0,-1,4,1,4,1,82,5,2,9,0,2,8,1,201300033878B01,7,1,1,200046977
201300033881,2013-03-26,2013,mars,mardi,12:40,69,69266,0,0,2,1,6,1,1,3,3,04,1,1,0,0,1,0,1,3,2,42,5,1,2,0,2,0,19,201300033881B01,7,1,1,200046977
201300033886,2013-04-10,2013,avril,mercredi,23:30,69,69266,0,0,2,3,3,5,2,4,2,02,1,1,0,0,2,0,5,4,1,25,5,2,4,0,2,0,1,201300033886B01,40,15,1,200046977
201300033887,2013-04-17,2013,avril,mercredi,19:20,69,69266,0,0,2,2,3,1,1,4,1,01,1,1,0,0,1,0,1,4,1,21,0,3,9,0,2,1,1,201300033887B01,7,15,1,200046977
201300033897,2013-06-27,2013,juin,jeudi,17:10,69,69266,0,0,2,1,6,1,1,4,2,02,1,1,0,0,1,0,1,3,1,13,5,3,9,0,0,1,13,201300033897A01,,,,200046977
201300033901,2013-07-17,2013,juillet,mercredi,19:21,69,69266,0,0,2,1,2,1,1,4,2,04,1,1,0,0,1,0,1,4,1,30,1,3,9,0,2,4,1,201300033901B01,30,12,1,200046977
201300033911,2013-09-02,2013,septembre,lundi,07:55,69,69266,0,0,2,1,3,1,1,4,2,03,1,1,0,0,2,0,1,4,2,50,1,3,9,0,2,3,1,201300033911B01,7,1,1,200046977
201300033922,2013-09-30,2013,septembre,lundi,13:10,69,69266,0,0,2,3,6,1,1,4,2,03,1,1,0,146,1,0,1,4,2,57,5,2,4,0,2,1,0,201300033922B01,7,16,1,200046977
201300033936,2013-10-24,2013,octobre,jeudi,07:45,69,69266,0,0,2,6,3,2,1,4,2,02,1,1,0,0,1,5,1,4,1,20,0,3,4,0,2,2,1,201300033936B01,7,9,1,200046977
201300033946,2013-11-16,2013,novembre,samedi,18:25,69,69266,0,0,2,3,3,5,1,4,-1,01,-1,-1,0,0,-1,0,0,4,1,22,9,3,4,0,2,1,15,201300033946B01,7,1,1,200046977
201300033954,2013-12-06,2013,décembre,vendredi,12:30,69,69266,0,0,2,3,3,1,2,4,2,02,1,1,0,0,2,0,1,4,1,50,0,3,9,0,2,7,1,201300033954B01,7,16,1,200046977
201300033957,2013-12-14,2013,décembre,samedi,20:20,69,69266,0,0,2,3,1,5,1,4,1,01,1,1,0,0,1,0,1,3,1,39,5,3,9,0,2,0,0,201300033957B01,7,0,1,200046977
201300033967,2013-04-25,2013,avril,jeudi,17:35,69,69275,0,0,2,6,3,1,1,4,-1,01,1,-1,110,100,1,0,1,4,1,18,5,2,9,0,2,0,1,201300033967B01,7,9,1,200046977
201300033986,2013-06-13,2013,juin,jeudi,21:25,69,69282,0,0,2,6,2,5,2,4,1,01,1,2,0,0,2,0,1,4,1,42,0,3,9,0,2,4,1,201300033986A01,7,0,1,200046977
201300034006,2013-02-17,2013,février,dimanche,15:40,69,69286,0,0,2,2,3,1,1,4,2,02,1,-1,0,117,1,0,1,4,1,16,0,2,9,0,2,1,1,201300034006B01,7,15,1,200046977
201300034018,2013-09-23,2013,septembre,lundi,17:40,69,69286,0,0,2,1,6,1,1,4,2,02,1,-1,0,42,1,0,1,4,1,67,9,1,2,0,2,1,18,201300034018B01,7,22,1,200046977
201300034023,2013-03-06,2013,mars,mercredi,09:05,69,69290,0,0,2,2,3,1,2,4,2,02,1,1,0,0,2,0,1,4,2,29,4,1,2,0,2,7,1,201300034023A01,7,15,1,200046977
201300034037,2013-05-28,2013,mai,mardi,16:50,69,69290,0,0,2,6,3,1,3,4,2,02,1,1,0,0,2,0,1,4,1,54,1,1,2,0,2,7,1,201300034037B01,7,1,1,200046977
201300034058,2013-10-16,2013,octobre,mercredi,18:50,69,69290,0,0,2,1,5,5,2,3,2,00,1,1,0,58,2,0,1,4,1,14,5,2,2,0,2,1,19,201300034058C01,7,1,2,200046977
201300034078,2013-07-19,2013,juillet,vendredi,19:00,70,70285,0,0,2,1,3,1,1,3,1,01,2,2,0,0,1,0,1,4,2,22,5,2,9,0,0,7,0,201300034078B01,7,0,1,247000722
201300034082,2013-04-14,2013,avril,dimanche,11:10,70,70513,0,0,1,3,3,1,1,3,2,02,4,2,0,0,1,0,1,3,1,25,5,1,2,0,2,8,15,201300034082B01,7,17,1,247000011
201300034090,2013-07-21,2013,juillet,dimanche,13:15,70,70550,0,0,2,1,3,1,1,4,2,02,2,1,0,78,1,5,1,4,1,37,5,2,2,0,2,1,23,201300034090B01,7,13,1,247000011
201300034094,2013-09-03,2013,septembre,mardi,14:50,70,70550,0,0,2,3,3,1,1,4,2,02,1,1,0,69,1,0,1,4,2,81,3,2,4,0,2,8,9,201300034094B01,7,9,1,247000011
201300034104,2013-01-03,2013,janvier,jeudi,10:35,71,71076,46.79487,4.84708,2,3,3,1,1,4,2,02,1,1,0,93,1,0,1,3,1,65,5,3,9,0,2,8,1,201300034104B01,7,1,1,247100589
201300034120,2013-04-23,2013,avril,mardi,14:35,71,71076,46.78279,4.8474,2,1,6,1,1,4,3,02,1,1,0,37,1,0,1,3,1,14,5,3,9,0,2,8,0,201300034120A01,7,1,1,247100589
201300034123,2013-05-02,2013,mai,jeudi,15:00,71,71475,0,0,1,9,3,1,1,2,1,02,1,2,0,85,1,0,1,3,1,60,5,3,9,0,2,2,1,201300034123B01,7,9,1,247100589
201300034125,2013-06-03,2013,juin,lundi,13:25,71,71076,46.77801,4.83946,2,1,3,1,1,4,1,01,1,-1,0,84,1,0,1,3,1,18,2,3,2,0,2,1,5,201300034125A01,7,1,1,247100589
201300034152,2013-07-24,2013,juillet,mercredi,09:00,71,71153,0,0,2,9,3,1,1,4,2,03,1,1,0,0,1,0,1,3,1,63,5,1,2,0,2,7,1,201300034152Y01,7,15,1,247100290
201300034155,2013-08-31,2013,août,samedi,15:45,71,71540,0,0,1,9,6,1,1,4,1,02,1,2,0,0,1,5,1,4,2,52,5,1,2,0,0,4,1,201300034155B01,7,1,1,247100290
201300034156,2013-09-02,2013,septembre,lundi,13:35,71,71540,0,0,2,9,6,1,1,4,1,02,1,-1,0,0,1,5,1,3,1,54,1,2,2,0,2,7,1,201300034156B01,7,9,1,247100290
201300034162,2013-11-22,2013,novembre,vendredi,11:10,71,71153,46.80478,4.45951,2,3,3,1,4,4,2,04,1,1,0,0,5,0,1,4,1,68,5,2,2,0,2,7,1,201300034162B01,7,15,1,247100290
201300034199,2013-01-11,2013,janvier,vendredi,08:00,72,72181,0,0,2,6,3,2,2,4,3,04,1,1,0,0,2,0,0,4,1,50,1,1,2,0,2,1,1,201300034199B01,7,9,1,247200132
201300034206,2013-03-05,2013,mars,mardi,10:30,72,72181,0,0,2,1,3,1,1,4,2,06,2,1,0,0,1,0,1,4,1,48,0,3,9,0,0,2,1,201300034206B01,7,9,1,247200132
201300034208,2013-03-28,2013,mars,jeudi,13:10,72,72181,0,0,1,1,6,1,1,4,1,01,1,1,0,0,1,0,1,4,1,60,0,3,9,0,2,0,1,201300034208B01,33,16,1,247200132
201300034210,2013-04-18,2013,avril,jeudi,11:57,72,72181,0,0,2,3,3,1,1,4,2,02,1,1,0,0,1,0,1,3,1,32,0,3,9,0,2,1,1,201300034210B01,7,1,1,247200132
201300034215,2013-05-29,2013,mai,mercredi,16:50,72,72181,0,0,2,1,6,1,1,4,3,05,1,1,0,0,1,0,1,4,2,31,0,3,9,0,0,4,1,201300034215B01,10,14,1,247200132
201300034218,2013-07-04,2013,juillet,jeudi,15:30,72,72181,0,0,1,1,2,1,1,3,3,03,2,1,0,80,1,0,1,2,1,75,5,1,2,0,0,4,1,201300034218B01,10,12,1,247200132
201300034237,2013-07-27,2013,juillet,samedi,13:00,73,73008,45.69385,5.9104,2,1,2,1,1,4,2,02,1,1,0,55,1,0,1,3,2,51,1,3,9,0,2,1,2,201300034237B01,30,1,1,200068674
201300034238,2013-08-17,2013,août,samedi,10:30,73,73008,45.69458,5.91027,2,2,3,1,1,4,2,02,2,1,0,75,1,0,1,4,1,48,0,3,9,0,2,1,15,201300034238B01,33,1,1,200068674
201300034255,2013-08-12,2013,août,lundi,18:10,73,73065,45.56964,5.91116,2,2,3,1,1,4,2,02,2,1,0,65,1,5,1,3,1,35,5,2,2,9,2,1,1,201300034255A01,7,10,1,200069110
201300034287,2013-07-16,2013,juillet,mardi,17:35,74,74093,0,0,2,3,6,1,1,4,2,02,-1,3,0,0,1,0,1,3,1,31,9,3,2,0,0,1,1,201300034287B01,7,15,1,
201300034330,2013-07-22,2013,juillet,lundi,18:05,74,74012,0,0,2,1,6,1,1,4,1,02,2,1,0,0,1,0,1,3,1,40,5,3,8,0,2,1,2,201300034330A01,7,23,2,200011773
201300034339,2013-10-03,2013,octobre,jeudi,17:45,74,74118,0,0,2,6,3,1,1,3,4,02,1,-1,0,0,1,5,1,4,1,57,5,1,2,0,2,1,2,201300034339B01,7,9,1,200011773
201300034341,2013-10-16,2013,octobre,mercredi,09:00,74,74012,0,0,2,2,3,1,1,4,2,02,1,-1,0,0,1,0,1,4,2,36,3,2,2,0,2,0,1,201300034341B01,7,9,1,200011773
201300034346,2013-12-04,2013,décembre,mercredi,05:40,74,74008,0,0,2,3,6,5,5,3,2,04,1,1,0,0,7,0,1,3,2,51,1,1,4,0,2,1,2,201300034346B01,7,15,1,200011773
201300034366,2013-07-12,2013,juillet,vendredi,19:30,74,74119,0,0,2,1,6,1,1,4,2,02,-1,-1,0,0,-1,0,1,3,1,17,5,2,2,0,2,1,0,201300034366A01,37,1,1,200071967
201300034368,2013-08-01,2013,août,jeudi,19:10,74,74218,0,0,2,2,3,1,1,4,2,01,1,1,0,0,1,0,5,4,1,47,5,3,9,0,0,1,1,201300034368B01,7,1,1,200071967
201300034379,2013-10-30,2013,octobre,mercredi,07:00,74,74281,0,0,2,1,5,2,1,4,2,02,1,1,0,73,1,0,1,1,1,31,1,3,9,0,0,4,13,201300034379C01,33 / 7,13 / 1,2,200067551
201300034380,2013-10-26,2013,octobre,samedi,09:20,74,74218,0,0,2,3,3,1,1,3,2,02,4,-1,0,0,1,5,1,3,1,44,5,3,9,0,2,1,1,201300034380B01,7,1,1,200071967
201300034385,2013-11-14,2013,novembre,jeudi,10:55,74,74281,0,0,2,3,3,1,1,4,1,01,1,2,0,0,1,0,1,3,1,30,5,3,2,0,2,1,0,201300034385A01,7,16,1,200067551
201300034387,2013-11-29,2013,novembre,vendredi,17:50,74,74281,0,0,2,1,1,5,1,4,2,02,1,3,0,0,1,4,1,3,1,40,1,3,9,0,2,1,1,201300034387B01,7,11,1,200067551
201300034391,2013-07-06,2013,juillet,samedi,08:30,76,76384,49.52817,0.5434,2,1,2,1,1,3,2,02,1,1,0,57,1,0,1,3,1,62,5,1,9,0,2,4,2,201300034391B01,7,2,1,200010700