Num_Acc,date,an,mois,jour,hrmn,dep,com,lat,long,agg,int,col,lum,atm,catr,circ,nbv,prof,plan,lartpc,larrout,surf,infra,situ,grav,sexe,age,trajet,secuexist,equipement,obs,obsm,choc,manv,vehiculeid,typevehicules,manoeuvehicules,numVehicules,_infos_commune.code_epci
201300034396,2013-12-12,2013,décembre,jeudi,14:30,76,76476,49.49619,0.54892,1,1,3,1,1,3,2,03,1,1,0,125,1,0,1,3,1,78,5,1,2,0,2,3,2,201300034396B01,10,17,1,200010700
201300034435,2013-06-21,2013,juin,vendredi,17:00,76,76217,49.91787,1.09069,2,1,1,1,1,4,2,02,1,1,0,78,1,0,1,4,1,70,5,2,2,0,2,1,0,201300034435A01,7,0,1,247600786
201300034439,2013-07-08,2013,juillet,lundi,14:50,76,76707,49.87294,1.10014,1,6,3,1,1,3,,,,,,,,,,3,1,82,5,1,2,0,2,8,2,201300034439B01,17,0,1,247600786
201300034474,2013-03-09,2013,mars,samedi,16:45,76,76486,49.33112,0.99337,1,1,7,1,1,4,2,02,2,1,0,0,9,0,1,3,1,60,5,1,2,0,0,0,1,201300034474A01,,,,200023414
201300034487,2013-12-28,2013,décembre,samedi,11:50,76,76600,49.7418,0.36805,2,2,3,1,1,4,2,02,1,1,0,35,1,0,1,3,2,74,5,1,4,0,2,1,16,201300034487B01,7,1,1,200069821
201300034492,2013-01-10,2013,janvier,jeudi,12:40,76,76351,49.52034,0.08285,2,1,3,1,2,4,2,02,1,1,0,62,2,0,1,3,1,92,5,3,9,0,2,8,15,201300034492B01,7,1,1,200084952
201300034506,2013-01-30,2013,janvier,mercredi,08:30,76,76351,49.48725,0.12593,2,3,3,2,3,4,2,02,1,1,0,54,2,0,0,4,1,25,1,3,2,0,2,8,1,201300034506B01,7,15,1,200084952
201300034540,2013-03-24,2013,mars,dimanche,12:35,76,76351,49.52418,0.13247,2,1,7,1,1,5,-1,00,-1,-1,0,0,-1,0,0,3,1,14,5,3,9,0,0,0,0,201300034540A01,,,,200084952
201300034553,2013-04-18,2013,avril,jeudi,16:55,76,76351,49.49387,0.11837,2,2,3,1,1,4,1,02,1,1,0,0,1,0,1,4,2,21,5,3,9,0,2,1,1,201300034553A01,7,1,1,200084952
201300034581,2013-06-09,2013,juin,dimanche,16:45,76,76351,49.48446,0.10355,2,3,6,1,1,4,2,02,1,1,0,80,1,0,0,4,2,53,5,3,9,0,1,1,1,201300034581A01,,,,200084952
201300034590,2013-06-21,2013,juin,vendredi,18:15,76,76351,49.50091,0.13057,2,3,3,1,1,4,1,02,1,1,0,0,1,0,0,4,1,19,5,3,9,0,2,1,1,201300034590A01,7,16,1,200084952
201300034595,2013-07-03,2013,juillet,mercredi,16:15,76,76351,49.49428,0.13824,2,2,6,1,1,4,3,04,1,1,0,180,1,0,0,1,1,21,0,3,9,0,1,1,1,201300034595A01,,,,200084952
201300034601,2013-07-09,2013,juillet,mardi,19:15,76,76351,49.51982,0.11479,2,1,3,1,1,4,2,02,1,1,0,110,1,0,4,4,1,8,5,3,9,0,2,1,1,201300034601A01,7,23,1,200084952
201300034602,2013-07-10,2013,juillet,mercredi,09:30,76,76351,49.5087,0.12194,2,1,6,1,1,4,1,01,2,1,0,48,1,0,1,4,1,24,5,3,9,0,2,3,9,201300034602B01,7,1,1,200084952
201300034604,2013-07-11,2013,juillet,jeudi,01:05,76,76351,49.49876,0.13599,2,2,3,5,1,4,1,01,1,1,0,73,1,0,1,4,1,21,5,3,9,0,2,8,1,201300034604A01,7,1,1,200084952
201300034610,2013-07-21,2013,juillet,dimanche,18:30,76,76552,49.50354,0.08665,2,3,3,1,1,3,2,02,2,1,0,70,1,0,1,3,1,67,0,3,9,0,2,8,16,201300034610B01,7,1,1,200084952
201300034614,2013-08-04,2013,août,dimanche,17:40,76,76351,49.49731,0.12793,2,1,3,1,1,4,2,04,1,1,0,63,1,4,1,4,1,43,5,3,2,0,2,3,19,201300034614A01,7,1,1,200084952
201300034615,2013-08-06,2013,août,mardi,12:35,76,76351,49.47559,0.17571,2,1,7,1,1,5,2,02,1,1,0,0,1,0,1,4,1,48,5,3,9,0,0,0,1,201300034615A01,,,,200084952
201300034618,2013-08-10,2013,août,samedi,21:30,76,76351,49.52133,0.1602,2,2,7,2,1,3,2,03,1,1,0,130,1,0,1,4,1,63,5,3,9,0,0,0,16,201300034618A01,,,,200084952
201300034630,2013-09-05,2013,septembre,jeudi,16:30,76,76351,49.50115,0.13054,2,3,3,1,1,4,2,04,2,1,0,120,1,0,0,4,1,41,0,3,9,0,2,1,1,201300034630B01,7,14,1,200084952
201300034632,2013-09-06,2013,septembre,vendredi,21:30,76,76351,49.50309,0.1322,2,1,7,5,1,4,1,02,2,1,0,0,1,1,1,1,1,19,5,2,9,14,0,0,0,201300034632A01,,,,200084952
201300034632,2013-09-06,2013,septembre,vendredi,21:30,76,76351,49.50309,0.1322,2,1,7,5,1,4,1,02,2,1,0,0,1,1,1,3,1,17,5,2,9,14,0,0,0,201300034632A01,,,,200084952
201300034643,2013-09-24,2013,septembre,mardi,10:20,76,76552,49.50095,0.07919,2,1,7,1,1,3,2,02,2,1,0,56,1,0,1,3,2,33,5,3,9,0,0,1,1,201300034643A01,,,,200084952
201300034653,2013-10-20,2013,octobre,dimanche,19:45,76,76351,49.50754,0.13925,2,1,6,5,1,4,-1,02,2,1,0,110,1,0,4,3,1,27,5,3,9,15,0,1,1,201300034653A01,,,,200084952
201300034654,2013-10-23,2013,octobre,mercredi,07:40,76,76305,49.49726,0.21119,1,1,3,2,1,5,2,02,1,1,0,80,1,0,1,4,1,51,1,1,4,0,2,1,1,201300034654B01,7,15,1,200084952
201300034663,2013-11-01,2013,novembre,vendredi,23:20,76,76351,49.49828,0.12298,2,2,6,5,2,4,2,02,1,1,0,83,2,0,1,4,2,23,5,3,9,1,0,3,15,201300034663A01,,,,200084952
201300034688,2013-12-01,2013,décembre,dimanche,14:10,76,76552,49.50264,0.08553,2,4,6,1,1,3,-1,00,2,1,0,0,1,0,1,4,1,15,0,3,2,0,2,7,1,201300034688A01,7,9,1,200084952
201300034713,2013-12-19,2013,décembre,jeudi,19:00,76,76540,49.43392,1.0918,2,1,6,5,1,3,2,02,1,1,0,60,1,0,1,1,1,21,1,3,4,0,1,1,17,201300034713A01,,,,200023414
201300034714,2013-12-20,2013,décembre,vendredi,08:10,76,76540,49.43622,1.11214,2,4,6,2,2,3,2,02,2,1,,,2,5,1,4,2,51,0,3,9,0,2,0,1,201300034714B01,7,15,1,200023414
201300034715,2013-12-17,2013,décembre,mardi,17:05,76,76540,49.43426,1.08143,2,3,3,1,1,4,2,02,1,1,0,60,1,0,1,4,1,14,0,2,9,0,2,0,5,201300034715A01,7,0,1,200023414
201300034725,2013-01-15,2013,janvier,mardi,15:20,76,76322,49.41429,1.04468,2,6,6,1,1,3,3,04,-1,-1,0,0,1,5,1,3,1,83,5,3,9,0,2,7,1,201300034725B01,7,0,1,200023414
201300034766,2013-04-02,2013,avril,mardi,12:55,76,76322,49.4174,1.04695,2,2,3,1,1,2,3,04,1,1,,,1,0,1,3,1,17,0,3,9,0,2,0,19,201300034766A01,7,1,1,200023414
201300034799,2013-05-26,2013,mai,dimanche,20:30,76,76474,49.47794,1.05889,2,1,3,1,1,4,2,02,2,4,0,42,1,0,1,3,1,11,5,2,2,0,2,1,1,201300034799A01,7,1,1,200023414
201300034813,2013-06-10,2013,juin,lundi,01:15,76,76681,49.41103,1.09314,2,2,3,5,1,4,,,,,,,,,,4,1,61,0,3,9,0,2,1,0,201300034813B01,7,13,1,200023414
201300034814,2013-04-28,2013,avril,dimanche,15:50,76,76540,49.43955,1.11063,2,2,3,1,1,5,2,01,1,1,0,0,1,0,1,4,1,50,5,2,2,0,2,1,1,201300034814A01,7,1,1,200023414
201300034821,2013-06-18,2013,juin,mardi,08:45,76,76319,49.34519,0.979,2,2,3,1,2,5,2,02,1,1,0,0,2,0,1,3,1,71,5,1,2,0,2,0,0,201300034821B01,7,19,1,200023414
201300034835,2013-06-14,2013,juin,vendredi,19:05,76,76322,49.39891,1.05792,2,1,3,1,1,4,3,02,1,1,5,20,1,0,1,4,1,53,1,2,2,0,2,1,19,201300034835A01,7,1,1,200023414
201300034876,2013-09-11,2013,septembre,mercredi,17:35,76,76575,49.3719,1.09796,2,1,3,1,1,4,3,02,1,1,5,79,1,0,1,4,2,13,2,2,2,0,2,7,19,201300034876B01,7,1,1,200023414
201300034892,2013-10-05,2013,octobre,samedi,17:00,76,76474,49.48586,1.06172,2,1,6,1,1,3,2,01,1,1,0,60,1,0,1,3,1,52,5,3,9,0,2,1,1,201300034892B01,7,0,1,200023414
201300034898,2013-10-16,2013,octobre,mercredi,08:00,76,76497,49.39071,1.02169,2,2,3,1,2,4,2,02,1,1,,,2,0,1,4,1,21,1,3,9,8,2,0,14,201300034898A01,7,16,1,200023414
201300034900,2013-10-19,2013,octobre,samedi,11:40,76,76484,49.3433,1.06905,1,1,3,1,2,3,2,02,1,1,0,0,2,0,1,4,1,47,5,3,9,0,2,8,0,201300034900B01,7,1,1,200023414
201300034925,2013-11-16,2013,novembre,samedi,16:30,76,76212,49.45333,1.15859,2,1,2,1,1,3,2,02,1,1,0,37,1,0,1,4,2,25,5,3,4,0,2,4,1,201300034925B01,7,1,1,200023414
201300034927,2013-11-22,2013,novembre,vendredi,08:50,76,76540,49.43323,1.08531,2,2,3,1,1,3,3,05,1,1,0,0,1,0,1,4,1,37,5,2,9,0,2,4,19,201300034927B01,7,1,1,200023414
201300034953,2013-02-18,2013,février,lundi,09:03,77,77108,0,0,2,1,2,1,1,3,2,02,2,-1,0,58,1,0,1,4,1,31,1,1,4,0,2,4,1,201300034953B01,7,1,1,200057958
201300034958,2013-06-28,2013,juin,vendredi,15:25,77,77108,48.86695,2.59339,2,1,6,1,2,4,2,02,1,1,0,50,2,0,1,3,1,64,5,3,9,0,2,1,19,201300034958A01,7,1,1,200057958
201300034986,2013-09-30,2013,septembre,lundi,18:10,77,77131,48.80467,3.07925,2,1,1,1,1,4,2,02,2,3,0,0,1,0,1,4,1,15,5,2,2,0,2,1,13,201300034986A01,7,0,1,200090504
201300035007,2013-10-08,2013,octobre,mardi,16:10,77,77131,0,0,2,3,3,1,1,9,2,02,1,1,0,60,1,0,1,4,1,23,1,1,2,0,2,3,1,201300035007B01,7,1,1,200090504
201300035019,2013-05-17,2013,mai,vendredi,17:50,77,77186,0,0,1,1,2,1,1,3,2,02,1,1,43,36,1,5,1,3,1,33,5,1,2,0,2,4,15,201300035019B01,33,17,1,200072346
201300035023,2013-07-18,2013,juillet,jeudi,10:29,77,77186,0,0,1,2,5,1,1,3,2,02,1,1,0,70,1,5,1,3,1,60,5,1,2,0,2,8,1,201300035023B01,7,15,1,200072346
201300035023,2013-07-18,2013,juillet,jeudi,10:29,77,77186,0,0,1,2,5,1,1,3,2,02,1,1,0,70,1,5,1,4,1,72,5,1,2,0,2,1,1,201300035023C01,7,15,1,200072346
201300035023,2013-07-18,2013,juillet,jeudi,10:29,77,77186,0,0,1,2,5,1,1,3,2,02,1,1,0,70,1,5,1,4,1,61,5,1,2,0,2,1,1,201300035023D01,7,15,1,200072346
201300035025,2013-08-04,2013,août,dimanche,10:15,77,77186,48.40445,2.70064,2,1,3,1,1,4,3,02,1,1,0,96,1,0,1,3,1,78,5,3,2,1,0,1,2,201300035025B01,7,2,1,200072346
201300035030,2013-10-11,2013,octobre,vendredi,16:35,77,77442,0,0,1,1,2,2,3,3,2,02,1,1,0,0,2,0,1,3,1,68,5,1,2,0,2,4,2,201300035030B01,7,2,1,200072346
201300035042,2013-07-11,2013,juillet,jeudi,11:00,77,77237,0,0,2,1,3,1,7,3,2,02,1,1,0,35,1,0,1,3,1,58,5,1,2,0,2,8,2,201300035042A01,7,17,1,247700594
201300035056,2013-10-02,2013,octobre,mercredi,10:20,77,77284,0,0,1,1,3,1,1,4,2,02,2,2,0,80,1,0,1,3,1,56,5,3,9,0,2,0,1,201300035056B01,7,1,1,200072130
201300035104,2013-05-12,2013,mai,dimanche,11:50,77,77251,48.62211,2.52852,1,1,7,1,1,4,2,02,1,1,0,90,1,0,1,3,1,57,5,1,2,0,0,1,1,201300035104B01,7,1,1,200059228
201300035111,2013-06-30,2013,juin,dimanche,08:26,77,77445,48.60339,2.5595,2,6,2,1,1,4,1,02,1,2,70,87,1,5,1,3,1,63,5,3,9,0,2,6,2,201300035111Y01,7,2,1,200059228
201300035113,2013-07-26,2013,juillet,vendredi,06:15,77,77296,0,0,1,1,3,3,3,3,2,02,1,1,0,0,2,0,1,4,2,39,5,3,9,0,2,6,13,201300035113A01,7,2,1,200059228
201300035124,2013-10-28,2013,octobre,lundi,15:25,77,77122,0,0,2,6,2,1,1,3,3,02,1,2,0,60,1,0,1,4,1,29,1,2,9,0,0,4,1,201300035124B01,7,9,1,200059228
201300035149,2013-04-15,2013,avril,lundi,18:05,77,77491,0,0,2,3,3,1,1,3,3,02,1,1,0,77,1,0,1,3,1,74,0,1,2,0,2,1,1,201300035149B01,7,15,1,
201300035150,2013-06-27,2013,juin,jeudi,18:05,77,77491,48.38154,2.80599,2,1,3,1,1,4,2,02,1,1,0,32,1,0,1,2,1,5,5,3,9,0,0,8,1,201300035150B01,10,17,1,
201300035152,2013-08-04,2013,août,dimanche,10:35,77,77501,0,0,2,3,3,1,1,3,2,02,2,1,0,64,1,0,1,4,1,60,5,1,9,0,2,1,1,201300035152B01,7,11,1,247700032
201300035153,2013-12-15,2013,décembre,dimanche,15:20,77,77079,0,0,2,4,3,1,1,4,2,02,1,1,0,0,1,5,1,3,1,75,5,3,9,0,2,0,1,201300035153B01,7,1,1,247700032
201300035196,2013-10-22,2013,octobre,mardi,14:25,77,77258,0,0,2,3,6,1,1,4,2,02,1,-1,0,0,1,5,1,4,1,21,5,3,9,0,2,1,1,201300035196B01,7,9,1,200057958
201300035214,2013-05-05,2013,mai,dimanche,19:15,77,77350,0,0,2,1,3,1,1,3,2,02,1,1,0,0,1,0,1,3,1,50,1,2,2,0,0,0,1,201300035214B01,99,0,1,200023125
201300035218,2013-06-13,2013,juin,jeudi,07:50,77,77390,0,0,1,1,2,1,1,3,2,02,1,1,0,0,1,0,1,3,2,67,9,1,4,0,2,4,1,201300035218B01,7,1,1,200057958
201300035225,2013-07-21,2013,juillet,dimanche,14:05,77,77249,0,0,2,6,6,1,1,3,2,02,1,1,0,56,1,0,0,3,2,22,5,1,2,0,0,2,0,201300035225B01,7,9,1,200023125
201300035233,2013-11-03,2013,novembre,dimanche,11:25,77,77374,0,0,1,6,3,1,1,3,1,02,1,-1,0,0,1,5,1,3,1,45,5,1,2,0,0,4,1,201300035233B01,7,9,1,247700594
201300035243,2013-11-22,2013,novembre,vendredi,11:24,77,77459,0,0,1,1,3,1,8,3,2,02,1,1,0,70,2,0,1,4,1,40,5,2,9,0,2,8,0,201300035243B01,13,2,1,200037133
201300035278,2013-05-06,2013,mai,lundi,15:00,78,78172,0,0,2,4,3,1,1,4,1,01,1,1,0,54,1,0,1,3,1,14,5,2,2,0,2,8,19,201300035278B01,7,1,1,200059889
201300035281,2013-10-23,2013,octobre,mercredi,10:15,78,78172,0,0,2,2,3,1,7,3,2,02,-1,-1,0,0,1,0,1,3,1,69,3,3,4,0,2,8,19,201300035281B01,7,15,1,200059889
201300035285,2013-01-05,2013,janvier,samedi,16:25,78,78208,0,0,2,1,7,2,2,3,2,02,1,1,0,60,2,0,1,3,2,42,5,1,2,0,2,4,1,201300035285B01,7,17,1,200058782
201300035285,2013-01-05,2013,janvier,samedi,16:25,78,78208,0,0,2,1,7,2,2,3,2,02,1,1,0,60,2,0,1,4,1,13,5,1,2,0,2,6,1,201300035285C01,7,17,1,200058782
201300035287,2013-09-28,2013,septembre,samedi,17:20,78,78383,0,0,2,1,2,1,2,4,2,02,1,1,0,0,1,0,1,4,1,11,5,2,2,0,2,1,2,201300035287A01,7,2,1,200058782
201300035308,2013-06-22,2013,juin,samedi,11:13,78,78383,0,0,2,1,2,1,1,4,2,02,1,1,0,70,1,0,1,4,1,73,3,1,9,0,2,3,15,201300035308A01,7,23,1,200058782
201300035312,2013-08-31,2013,août,samedi,15:48,78,78383,0,0,2,1,5,1,1,4,2,02,1,1,15,65,1,0,1,4,1,14,3,2,4,0,2,7,19,201300035312B01,7,1,2,200058782
201300035315,2013-09-05,2013,septembre,jeudi,18:50,78,78208,0,0,2,1,6,1,1,4,3,04,1,1,0,0,1,0,1,4,2,19,4,2,2,0,2,6,19,201300035315B01,7,1,1,200058782
201300035319,2013-10-08,2013,octobre,mardi,10:25,78,78397,0,0,2,1,6,1,1,4,2,02,1,1,0,0,1,0,1,4,1,71,5,1,2,0,2,1,1,201300035319B01,7,4,1,200033173
201300035341,2013-02-12,2013,février,mardi,10:00,78,78297,48.76106,2.07019,2,1,6,1,1,3,3,00,1,3,0,0,1,0,1,4,1,36,0,1,2,1,0,1,2,201300035341A01,,,,200058782
201300035345,2013-04-02,2013,avril,mardi,19:00,78,78297,0,0,2,1,3,1,1,4,-1,00,-1,-1,0,0,1,0,1,4,2,28,1,3,9,0,0,8,1,201300035345B01,1,1,1,200058782
201300035345,2013-04-02,2013,avril,mardi,19:00,78,78297,0,0,2,1,3,1,1,4,-1,00,-1,-1,0,0,1,0,1,1,1,60,5,3,9,0,2,4,1,201300035345A01,1,1,1,200058782
201300035353,2013-06-04,2013,juin,mardi,09:25,78,78297,0,0,1,1,6,1,1,4,-1,00,1,1,0,0,1,1,1,3,1,54,0,3,9,14,0,1,1,201300035353A01,,,,200058782
201300035365,2013-09-23,2013,septembre,lundi,17:02,78,78688,0,0,2,3,6,1,1,4,2,04,1,1,0,230,1,0,1,4,1,11,2,3,9,0,2,5,19,201300035365B01,7,15,1,200058782
201300035371,2013-11-19,2013,novembre,mardi,08:05,78,78297,0,0,2,1,3,2,2,4,2,02,1,1,0,0,2,0,1,4,1,15,2,3,9,0,2,7,0,201300035371B01,37,1,1,200058782
201300035380,2013-07-05,2013,juillet,vendredi,08:30,78,78311,0,0,2,1,1,1,1,4,2,01,1,1,0,56,1,0,5,4,1,57,5,2,2,0,2,1,5,201300035380B01,10,9,1,200058519
201300035412,2013-04-17,2013,avril,mercredi,09:50,78,78362,0,0,2,2,3,1,1,4,2,02,2,1,0,59,1,0,1,3,1,70,5,3,9,0,2,1,1,201300035412A01,7,1,1,200059889
201300035449,2013-03-07,2013,mars,jeudi,16:00,78,78372,0,0,2,2,1,1,1,3,2,02,1,-1,0,97,1,0,1,4,1,40,1,3,9,0,2,3,2,201300035449B01,7,15,1,200058519
201300035481,2013-04-17,2013,avril,mercredi,15:10,78,78029,0,0,1,1,3,1,1,4,-1,01,1,1,0,0,1,0,1,4,2,11,5,3,9,0,0,3,19,201300035481B01,7,13,1,200059889
201300035488,2013-05-28,2013,mai,mardi,12:50,78,78299,0,0,2,1,1,1,2,3,2,02,1,1,0,0,2,0,1,4,1,63,5,1,9,0,2,1,0,201300035488B01,7,15,1,200059889
201300035513,2013-08-13,2013,août,mardi,18:50,78,78440,0,0,2,1,6,1,1,4,2,02,1,1,0,0,1,0,1,3,2,7,5,2,9,0,2,8,1,201300035513B01,7,1,1,200059889
201300035527,2013-10-01,2013,octobre,mardi,08:15,78,78029,0,0,2,6,6,1,1,4,2,02,-1,-1,0,0,1,0,1,3,1,32,0,3,9,0,0,1,0,201300035527Y01,7,9,1,200059889
201300035528,2013-10-07,2013,octobre,lundi,19:00,78,78440,0,0,2,1,3,1,1,4,1,01,1,1,0,0,1,0,1,4,1,22,9,3,9,0,0,1,0,201300035528B01,7,15,1,200059889
201300035540,2013-01-08,2013,janvier,mardi,08:20,78,78165,48.8277,1.98252,2,1,6,1,2,4,1,01,1,1,0,23,2,0,1,3,1,13,2,3,9,0,2,1,0,201300035540B01,7,9,1,200058782
201300035545,2013-02-12,2013,février,mardi,09:25,78,78490,48.827,1.96397,2,6,3,1,2,3,3,03,1,1,0,0,2,0,1,3,1,51,0,2,2,0,2,1,21,201300035545B01,7,9,1,200058782
201300035558,2013-08-22,2013,août,jeudi,12:10,78,78165,0,0,2,6,2,1,1,4,3,02,1,2,0,61,1,0,1,4,2,17,3,1,9,0,0,4,2,201300035558B01,7,1,1,200058782
201300035582,2013-09-04,2013,septembre,mercredi,19:15,78,78672,0,0,2,4,7,1,1,3,2,02,2,2,0,0,1,0,1,3,1,43,0,2,2,0,0,0,9,201300035582B01,7,2,1,200059889
201300035588,2013-10-11,2013,octobre,vendredi,19:35,78,78643,0,0,2,6,3,2,1,3,2,02,1,2,0,0,1,0,1,4,1,18,0,3,9,0,2,7,15,201300035588B01,7,16,1,200059889
201300035592,2013-12-28,2013,décembre,samedi,12:20,78,78642,0,0,2,1,3,1,1,3,2,02,1,1,0,0,1,0,1,4,1,48,0,3,9,0,2,0,1,201300035592B01,7,10,1,200059889
201300035638,2013-04-23,2013,avril,mardi,08:20,78,78517,48.65891,1.85837,2,1,3,1,1,4,2,00,1,1,0,60,1,0,1,4,1,10,0,1,9,0,2,1,9,201300035638A01,7,1,1,200073344
201300035640,2013-04-29,2013,avril,lundi,12:30,78,78220,48.71842,1.89202,2,4,3,1,1,4,1,01,1,1,0,40,1,5,1,3,2,47,1,3,9,0,2,1,5,201300035640A01,7,15,1,200073344
201300035646,2013-07-26,2013,juillet,vendredi,19:30,78,78220,0,0,2,3,3,1,1,4,1,00,1,1,0,33,1,0,1,3,1,6,5,2,2,0,2,8,1,201300035646B01,31,1,1,200073344
201300035653,2013-10-17,2013,octobre,jeudi,18:20,78,78517,0,0,2,6,3,1,1,4,2,01,1,1,0,69,1,0,1,4,1,13,5,2,9,0,2,1,0,201300035653B01,7,1,1,200073344
201300035666,2013-06-25,2013,juin,mardi,16:30,78,78073,0,0,2,1,1,1,1,4,2,02,1,3,0,0,1,0,1,4,2,12,5,2,2,0,0,4,13,201300035666A01,7,2,1,247800584
201300035693,2013-01-14,2013,janvier,lundi,12:20,78,78586,48.93376,2.15121,2,2,3,1,1,3,2,01,1,1,0,60,1,0,1,4,1,14,5,3,9,0,2,8,19,201300035693B01,7,1,1,200058519
201300035696,2013-02-18,2013,février,lundi,08:45,78,78586,48.93085,2.15581,2,3,3,1,7,4,1,00,1,1,0,58,1,0,1,4,2,25,1,3,9,0,2,3,1,201300035696B01,7,9,1,200058519
201300035706,2013-06-26,2013,juin,mercredi,18:50,78,78586,0,0,2,1,3,1,1,4,2,02,1,1,19,80,1,0,1,4,1,10,5,2,9,0,2,3,19,201300035706B01,2,1,1,200058519
201300035723,2013-06-21,2013,juin,vendredi,07:55,78,78621,0,0,2,3,2,1,1,4,2,03,1,1,0,110,2,0,1,3,1,42,5,1,2,0,0,4,2,201300035723B01,7,2,1,200058782
201300035734,2013-12-29,2013,décembre,dimanche,12:15,78,78686,0,0,2,3,6,1,1,4,2,02,2,1,0,0,1,0,0,1,1,64,5,3,9,0,1,1,16,201300035734A01,,,,247800584
201300035743,2013-06-28,2013,juin,vendredi,14:45,78,78640,0,0,2,1,6,1,1,6,1,01,1,1,0,40,1,0,1,4,2,38,4,2,2,1,0,8,18,201300035743B01,7,2,1,247800584
201300035760,2013-04-07,2013,avril,dimanche,10:45,78,78524,0,0,1,1,5,1,1,3,3,04,1,1,4,240,1,0,1,4,1,17,5,1,2,0,2,4,2,201300035760C01,7,1,1,
201300035760,2013-04-07,2013,avril,dimanche,10:45,78,78524,0,0,1,1,5,1,1,3,3,04,1,1,4,240,1,0,1,2,1,48,5,1,2,0,2,4,2,201300035760B01,7,1,1,
201300035765,2013-09-26,2013,septembre,jeudi,17:17,78,78646,0,0,2,1,3,1,1,4,2,04,1,1,0,270,1,0,5,3,1,13,2,2,9,0,2,1,17,201300035765B01,7,9,1,247800584
201300035770,2013-09-15,2013,septembre,dimanche,12:00,78,78646,0,0,2,3,2,1,1,4,2,02,1,1,0,0,1,5,0,3,1,18,0,3,9,0,2,1,2,201300035770A01,7,2,1,247800584
201300035777,2013-10-12,2013,octobre,samedi,12:15,78,78646,0,0,2,1,6,1,1,4,2,01,1,1,0,50,1,0,1,3,1,39,0,3,9,1,2,3,0,201300035777B01,7,22 / 0,2,247800584
201300035788,2013-09-01,2013,septembre,dimanche,17:40,78,78650,0,0,2,1,3,1,1,3,2,02,-1,1,0,60,1,0,1,3,1,58,5,2,2,1,0,1,0,201300035788B01,7,22,1,200058519
201300035806,2013-02-08,2013,février,vendredi,12:35,79,79191,0,0,2,1,6,1,2,4,2,02,1,1,0,100,2,0,1,4,2,65,0,1,9,1,0,7,1,201300035806B01,7,24,1,200041317
201300035813,2013-09-20,2013,septembre,vendredi,07:20,79,79191,0,0,2,1,5,3,2,3,2,02,1,2,0,65,2,0,1,1,1,21,1,2,4,0,0,0,1,201300035813C01,7,1 / 21,2,200041317
201300035819,2013-12-04,2013,décembre,mercredi,00:25,79,79191,0,0,1,1,7,3,1,3,3,04,1,1,20,175,1,0,1,3,1,31,1,1,4,0,2,6,2,201300035819B01,7,2,1,200041317
201300035826,2013-06-24,2013,juin,lundi,12:50,79,79191,0,0,2,3,7,1,1,4,2,02,1,1,0,115,1,0,1,4,1,15,0,2,9,0,2,3,16,201300035826A01,7,1,1,200041317
201300035828,2013-08-10,2013,août,samedi,17:15,79,79191,0,0,2,1,6,1,1,4,1,01,1,1,0,55,1,0,1,4,1,15,0,2,9,1,0,7,1,201300035828A01,,,,200041317
201300035845,2013-06-05,2013,juin,mercredi,10:35,79,79329,0,0,2,1,3,1,1,4,2,02,1,1,0,70,1,0,1,4,2,80,5,2,9,1,2,1,21,201300035845B01,7,24,1,247900798
201300035848,2013-06-30,2013,juin,dimanche,08:20,79,79329,0,0,2,1,7,1,1,4,2,02,2,1,0,70,1,0,1,4,1,17,1,1,2,0,2,0,15,201300035848A01,7,17,1,247900798
201300035860,2013-11-06,2013,novembre,mercredi,13:35,79,79329,0,0,2,2,3,1,1,3,2,02,3,3,0,70,1,0,1,4,1,13,2,2,2,0,2,1,19,201300035860A01,10,1,1,247900798
201300035865,2013-12-18,2013,décembre,mercredi,13:35,80,80001,50.10406,1.82794,2,6,3,1,1,4,-1,01,1,-1,10,64,1,0,1,3,1,51,1,2,9,16,0,2,19,201300035865B01,7,9,1,200070993
201300035874,2013-09-18,2013,septembre,mercredi,16:45,80,80001,50.1035,1.8262,2,3,3,1,1,4,1,01,1,1,0,65,1,0,4,4,1,35,5,2,2,0,0,1,1,201300035874A01,7,23,1,200070993
201300035880,2013-01-08,2013,janvier,mardi,18:30,80,80021,49.8779,2.28934,2,3,3,5,1,4,2,02,1,1,10,60,1,0,1,4,1,18,2,3,9,0,2,1,1,201300035880A01,7,16,1,248000531
201300035887,2013-01-16,2013,janvier,mercredi,16:30,80,80021,49.89242,2.28442,2,3,3,1,1,4,2,02,1,1,0,0,1,0,1,4,2,32,5,3,9,0,2,0,1,201300035887B01,7,15,1,248000531
201300035890,2013-01-25,2013,janvier,vendredi,13:40,80,80021,0,0,2,1,2,1,1,3,2,04,3,1,0,0,1,0,1,4,1,36,1,3,9,0,2,4,1,201300035890B01,15,1,1,248000531
201300035894,2013-02-04,2013,février,lundi,18:50,80,80021,49.89618,2.30007,2,2,3,5,1,4,2,02,1,1,0,0,1,0,1,4,1,44,0,3,9,0,2,1,1,201300035894A01,7,1,1,248000531
201300035894,2013-02-04,2013,février,lundi,18:50,80,80021,49.89618,2.30007,2,2,3,5,1,4,2,02,1,1,0,0,1,0,1,4,2,2,0,3,9,0,2,1,1,201300035894A01,7,1,1,248000531
201300035912,2013-03-04,2013,mars,lundi,18:05,80,80021,49.87761,2.28637,2,2,3,1,1,4,2,02,1,1,0,0,1,0,1,4,2,50,0,3,9,0,2,4,1,201300035912B01,7,15,1,248000531