Num_Acc,date,an,mois,jour,hrmn,dep,com,lat,long,agg,int,col,lum,atm,catr,circ,nbv,prof,plan,lartpc,larrout,surf,infra,situ,grav,sexe,age,trajet,secuexist,equipement,obs,obsm,choc,manv,vehiculeid,typevehicules,manoeuvehicules,numVehicules,_infos_commune.code_epci
201300035920,2013-03-18,2013,mars,lundi,21:15,80,80021,49.89788,2.29548,2,2,3,5,2,4,2,00,-1,-1,,,2,0,0,2,1,30,5,2,9,0,2,7,12,201300035920A01,17,1,1,248000531
201300035935,2013-04-12,2013,avril,vendredi,14:25,80,80021,49.88857,2.30399,2,1,3,1,1,4,2,02,1,1,0,0,1,0,1,4,1,16,0,3,9,0,0,0,16,201300035935A01,7,1,1,248000531
201300035937,2013-04-15,2013,avril,lundi,08:30,80,80725,0,0,2,6,3,1,1,3,2,02,1,1,0,0,2,0,1,4,1,35,5,3,9,0,2,8,15,201300035937B01,7,1,1,248000531
201300035946,2013-04-18,2013,avril,jeudi,16:35,80,80379,49.86286,2.37755,2,6,3,1,1,4,2,02,1,1,0,0,1,0,1,4,1,33,0,3,9,0,2,7,9,201300035946B01,7,9,1,248000531
201300035954,2013-05-10,2013,mai,vendredi,11:30,80,80021,49.90149,2.30649,2,3,3,1,1,4,2,02,1,1,0,0,1,0,1,4,1,77,0,3,9,0,2,1,15,201300035954A01,7,1,1,248000531
201300035956,2013-05-14,2013,mai,mardi,16:50,80,80021,49.89535,2.30632,2,1,6,1,1,4,2,02,1,1,0,0,1,0,1,4,1,21,0,3,9,0,2,1,19,201300035956B01,7,1,1,248000531
201300035963,2013-05-24,2013,mai,vendredi,16:50,80,80021,0,0,2,1,3,1,1,3,2,02,1,1,0,0,1,0,1,4,2,35,0,3,9,0,2,1,1,201300035963B01,7,1,1,248000531
201300035964,2013-05-27,2013,mai,lundi,16:30,80,80489,49.86802,2.35539,2,3,3,1,1,4,2,02,1,1,0,0,1,0,1,4,1,14,0,3,9,0,2,1,15,201300035964B01,7,1,1,248000531
201300035967,2013-06-03,2013,juin,lundi,17:55,80,80021,49.91457,2.25605,2,1,2,1,1,4,2,02,1,1,0,0,1,0,1,4,1,7,5,1,9,0,2,4,1,201300035967B01,2,1,1,248000531
201300035968,2013-06-04,2013,juin,mardi,12:35,80,80021,49.91576,2.24808,2,1,3,1,1,4,2,02,1,1,0,0,1,0,1,4,1,14,5,1,9,0,2,7,19,201300035968B01,7,17,1,248000531
201300035975,2013-06-10,2013,juin,lundi,08:50,80,80021,49.8962,2.30008,2,3,3,1,1,4,1,01,1,1,0,0,1,0,1,4,2,27,1,3,9,0,2,1,5,201300035975A01,7,1,1,248000531
201300035977,2013-06-11,2013,juin,mardi,09:30,80,80021,49.89015,2.29018,2,1,2,1,1,4,1,04,1,1,0,0,1,0,1,4,1,20,0,3,9,0,2,1,1,201300035977A01,7,1,1,248000531
201300035987,2013-06-25,2013,juin,mardi,13:30,80,80021,49.9036,2.30688,2,1,6,1,1,4,2,02,1,1,0,0,1,0,1,1,1,53,5,3,9,0,1,1,1,201300035987A01,,,,248000531
201300036013,2013-08-10,2013,août,samedi,01:40,80,80021,49.89603,2.30366,2,1,6,5,1,4,2,02,1,1,0,0,1,0,1,1,1,31,5,3,9,0,1,1,1,201300036013A01,,,,248000531
201300036013,2013-08-10,2013,août,samedi,01:40,80,80021,49.89603,2.30366,2,1,6,5,1,4,2,02,1,1,0,0,1,0,1,1,1,22,5,3,9,0,1,1,1,201300036013A01,,,,248000531
201300036016,2013-08-20,2013,août,mardi,18:18,80,80021,49.88551,2.31168,2,1,3,1,1,4,2,02,1,1,0,0,1,0,1,4,2,55,5,2,9,0,2,1,1,201300036016B01,7,15,1,248000531
201300036022,2013-08-27,2013,août,mardi,14:20,80,80021,49.89032,2.29089,2,3,3,1,1,4,2,02,1,1,0,0,1,0,2,4,1,25,5,3,9,0,2,1,19,201300036022B01,7,16,1,248000531
201300036023,2013-08-31,2013,août,samedi,19:15,80,80021,49.89452,2.29573,2,3,3,1,1,4,1,01,1,1,0,0,1,0,1,4,2,22,0,3,9,0,2,0,1,201300036023B01,7,15,1,248000531
201300036025,2013-09-02,2013,septembre,lundi,08:45,80,80021,49.89871,2.29024,2,6,3,1,1,4,1,02,1,2,0,0,1,0,1,2,1,36,5,3,9,0,2,7,1,201300036025B01,7,1,1,248000531
201300036031,2013-09-04,2013,septembre,mercredi,19:03,80,80489,49.87653,2.35148,2,1,3,1,1,4,2,02,2,1,0,0,1,0,1,4,1,56,0,3,9,0,2,4,0,201300036031B01,2,0,1,248000531
201300036043,2013-09-19,2013,septembre,jeudi,07:50,80,80021,49.88859,2.30306,2,1,3,1,1,4,2,05,1,1,0,0,1,0,1,4,2,16,2,3,9,0,2,7,19,201300036043A01,7,1,1,248000531
201300036059,2013-10-08,2013,octobre,mardi,09:50,80,80021,49.88387,2.28245,2,5,3,1,1,4,3,03,1,1,0,0,1,0,1,3,1,16,0,2,9,0,2,2,1,201300036059A01,7,1,1,248000531
201300036060,2013-10-08,2013,octobre,mardi,16:50,80,80021,49.89153,2.30264,2,1,6,1,1,9,-1,01,1,1,0,0,1,6,1,1,1,18,9,3,9,0,1,2,1,201300036060A01,,,,248000531
201300036060,2013-10-08,2013,octobre,mardi,16:50,80,80021,49.89153,2.30264,2,1,6,1,1,9,-1,01,1,1,0,0,1,6,1,3,2,56,0,3,9,0,1,2,1,201300036060A01,,,,248000531
201300036102,2013-12-11,2013,décembre,mercredi,13:40,80,80021,49.90492,2.27347,2,1,3,1,1,4,3,02,1,1,0,0,2,0,1,4,1,14,0,1,2,0,2,8,19,201300036102A01,7,1,1,248000531
201300036143,2013-02-21,2013,février,jeudi,19:00,81,81163,0,0,2,1,6,5,1,4,2,02,-1,1,0,60,1,0,1,4,1,10,5,1,2,0,2,7,19,201300036143B01,7,1,1,248100430
201300036147,2013-07-01,2013,juillet,lundi,19:00,81,81021,0,0,2,1,2,1,1,3,2,02,1,1,0,0,1,0,1,1,1,60,0,3,9,0,0,4,2,201300036147B01,2,2,1,248100430
201300036148,2013-08-04,2013,août,dimanche,17:50,81,81163,0,0,2,2,3,1,1,4,2,02,2,1,0,0,1,0,1,3,1,51,0,3,9,0,2,1,1,201300036148B01,7,15,1,248100430
201300036179,2013-03-11,2013,mars,lundi,12:50,82,82121,0,0,1,3,3,1,7,4,2,02,2,1,0,0,1,0,1,3,1,45,5,1,2,0,2,1,0,201300036179B01,7,15,1,248200099
201300036198,2013-08-27,2013,août,mardi,17:53,82,82121,0,0,2,2,3,1,1,4,2,02,1,1,0,0,1,0,1,3,1,59,1,1,2,0,2,7,1,201300036198B01,7,19,1,248200099
201300036199,2013-08-28,2013,août,mercredi,18:10,82,82121,0,0,2,1,3,1,1,2,2,01,1,1,0,0,1,0,5,4,2,60,1,3,9,0,2,1,1,201300036199B01,7,19,1,248200099
201300036204,2013-09-25,2013,septembre,mercredi,10:30,82,82121,0,0,2,2,3,1,7,4,2,02,1,1,0,0,1,0,1,4,2,39,4,3,9,0,2,8,1,201300036204B01,7,1,1,248200099
201300036220,2013-10-31,2013,octobre,jeudi,17:45,82,82121,0,0,2,1,6,2,1,4,1,01,1,1,0,0,1,0,1,1,1,15,2,2,2,0,1,1,5,201300036220A01,,,,248200099
201300036220,2013-10-31,2013,octobre,jeudi,17:45,82,82121,0,0,2,1,6,2,1,4,1,01,1,1,0,0,1,0,1,1,1,15,2,2,2,0,1,1,5,201300036220A01,,,,248200099
201300036228,2013-01-14,2013,janvier,lundi,10:55,83,83050,0,0,1,1,1,1,1,3,2,02,2,4,0,76,1,0,1,3,1,51,0,1,4,0,2,1,0,201300036228B01,7,0,1,248300493
201300036242,2013-08-12,2013,août,lundi,16:20,83,83141,0,0,1,1,2,1,1,3,1,02,1,1,0,73,1,0,1,2,1,48,5,2,2,0,2,6,2,201300036242B01,7,2,1,248300493
201300036263,2013-03-28,2013,mars,jeudi,10:50,83,83118,0,0,2,1,6,1,2,3,4,01,1,1,0,0,2,0,1,3,1,64,5,2,2,0,2,0,2,201300036263B01,7,2,1,200035319
201300036273,2013-05-31,2013,mai,vendredi,07:20,83,83061,43.38727,6.72241,2,1,6,1,1,4,2,01,2,1,0,0,1,0,4,2,1,26,5,2,9,1,0,0,0,201300036273A01,,,,200035319
201300036287,2013-08-02,2013,août,vendredi,08:25,83,83061,0,0,1,1,1,1,1,3,2,02,2,3,0,70,1,0,1,3,1,58,5,1,2,0,2,1,1,201300036287B01,10,13,1,200035319
201300036292,2013-08-28,2013,août,mercredi,10:47,83,83061,0,0,2,1,3,1,1,3,-1,01,1,2,0,128,1,0,1,3,2,56,5,3,9,0,2,8,1,201300036292B01,7,12,1,200035319
201300036296,2013-09-25,2013,septembre,mercredi,11:50,83,83061,0,0,1,9,3,1,1,3,2,02,2,2,0,0,-1,0,1,3,1,54,5,1,2,0,2,1,1,201300036296B01,7,11,1,200035319
201300036314,2013-01-06,2013,janvier,dimanche,17:50,83,83069,0,0,1,3,3,2,1,3,2,02,1,1,0,0,1,0,1,3,2,26,5,3,9,0,2,8,6,201300036314B01,7,1,1,248300543
201300036315,2013-01-16,2013,janvier,mercredi,21:15,83,83069,43.11763,6.1263,2,6,3,5,1,4,1,01,1,2,0,0,1,5,1,3,2,35,0,1,9,0,2,1,1,201300036315B01,7,1,1,248300543
201300036321,2013-04-01,2013,avril,lundi,17:00,83,83069,43.12395,6.11184,2,3,3,2,2,4,2,02,1,1,0,65,2,0,1,3,1,17,9,2,9,0,2,0,0,201300036321A01,7,0,1,248300543
201300036335,2013-06-23,2013,juin,dimanche,14:00,83,83069,0,0,1,3,3,1,1,3,2,02,1,1,105,77,1,0,1,3,1,46,5,2,9,0,2,8,15,201300036335B01,7,1,1,248300543
201300036344,2013-08-23,2013,août,vendredi,18:30,83,83069,0,0,1,3,3,1,1,3,2,02,1,1,0,65,1,5,5,3,1,44,5,2,9,0,2,7,1,201300036344B01,7,16,1,248300543
201300036352,2013-11-24,2013,novembre,dimanche,08:50,83,83069,0,0,2,3,3,1,1,3,2,02,1,1,0,34,1,0,1,3,1,56,5,1,2,0,2,1,1,201300036352Y01,7,15,1,248300543
201300036365,2013-06-05,2013,juin,mercredi,14:50,83,83129,43.1132,5.84787,2,1,3,1,1,4,2,02,2,1,0,60,1,0,1,4,2,52,5,1,9,0,2,1,1,201300036365B01,7,15,1,248300543
201300036369,2013-06-13,2013,juin,jeudi,08:35,83,83123,0,0,2,1,3,1,1,3,2,01,1,1,0,40,1,0,4,3,1,62,5,2,9,0,2,1,0,201300036369A01,7,1,1,248300394
201300036372,2013-07-19,2013,juillet,vendredi,08:30,83,83129,0,0,2,3,3,1,1,3,2,02,2,1,0,0,1,0,5,4,1,53,5,1,9,0,2,1,1,201300036372A01,7,16,1,248300543
201300036373,2013-07-20,2013,juillet,samedi,18:00,83,83129,0,0,2,1,1,1,1,3,2,02,1,1,180,58,1,0,5,4,1,51,5,3,9,0,2,1,0,201300036373B01,34,5,1,248300543
201300036377,2013-08-06,2013,août,mardi,10:45,83,83123,0,0,2,1,3,1,1,3,2,01,1,1,5,37,1,0,1,3,1,37,0,2,2,0,2,1,1,201300036377B01,13,9,1,248300394
201300036378,2013-08-10,2013,août,samedi,04:35,83,83129,0,0,2,1,1,5,1,3,2,02,1,1,0,30,1,0,1,4,1,34,0,3,9,0,2,0,1,201300036378B01,7,13,1,248300543
201300036384,2013-10-02,2013,octobre,mercredi,08:55,83,83129,0,0,2,1,3,1,1,3,2,02,1,1,17,73,1,0,5,3,1,79,5,2,2,0,2,8,1,201300036384B01,7,15,1,248300543
201300036392,2013-11-26,2013,novembre,mardi,10:15,83,83129,0,0,2,1,1,1,1,3,2,02,2,4,0,0,1,0,5,4,1,66,5,1,2,0,9,1,1,201300036392B01,1,5,1,248300543
201300036392,2013-11-26,2013,novembre,mardi,10:15,83,83129,0,0,2,1,1,1,1,3,2,02,2,4,0,0,1,0,5,3,1,76,5,1,2,0,2,1,5,201300036392A01,1,1,1,248300543
201300036398,2013-12-26,2013,décembre,jeudi,17:55,83,83129,0,0,2,6,3,5,6,3,1,01,1,3,0,93,1,0,1,3,1,73,5,2,9,0,2,7,1,201300036398B01,7,9,1,248300543
201300036421,2013-06-01,2013,juin,samedi,12:10,83,83126,0,0,2,1,3,1,1,3,2,02,2,1,0,0,1,0,1,1,1,17,5,2,9,0,2,1,15,201300036421A01,32,1,1,248300543
201300036423,2013-07-11,2013,juillet,jeudi,13:15,83,83126,0,0,2,1,1,1,1,3,2,02,1,1,0,0,1,0,1,3,1,57,5,2,9,0,2,0,15,201300036423A01,7,0,1,248300543
201300036431,2013-08-30,2013,août,vendredi,18:20,83,83126,0,0,2,1,3,1,1,3,3,01,1,1,0,49,1,0,1,4,1,13,5,2,9,0,2,1,19,201300036431B01,7,1,1,248300543
201300036431,2013-08-30,2013,août,vendredi,18:20,83,83126,0,0,2,1,3,1,1,3,3,01,1,1,0,49,1,0,1,4,2,12,5,2,9,0,2,1,19,201300036431B01,7,1,1,248300543
201300036438,2013-09-27,2013,septembre,vendredi,19:36,83,83126,43.07508,5.87604,2,3,5,1,1,4,2,02,1,-1,0,0,1,0,1,1,1,16,5,3,2,0,2,1,1,201300036438C01,7,15,1,248300543
201300036438,2013-09-27,2013,septembre,vendredi,19:36,83,83126,43.07508,5.87604,2,3,5,1,1,4,2,02,1,-1,0,0,1,0,1,4,1,43,5,1,2,0,2,3,1,201300036438B01,7,15,1,248300543
201300036458,2013-01-28,2013,janvier,lundi,16:25,83,83137,0,0,2,1,3,1,1,3,2,02,1,1,0,0,1,2,1,4,1,39,4,3,9,0,2,4,1,201300036458B01,99,15,1,248300543
201300036539,2013-05-28,2013,mai,mardi,07:45,83,83137,43.12104,5.93524,2,2,3,1,8,4,1,01,1,1,0,45,1,0,0,4,1,43,1,3,9,0,2,1,1,201300036539B01,7,1,1,248300543
201300036565,2013-06-24,2013,juin,lundi,07:50,83,83137,43.11865,5.94487,2,1,3,1,1,4,-1,01,-1,-1,0,0,1,5,1,4,2,54,1,1,2,0,2,6,1,201300036565B01,7,0,1,248300543
201300036589,2013-08-01,2013,août,jeudi,12:05,83,83098,43.10919,6.03103,2,1,3,1,1,4,2,02,1,1,0,60,1,0,1,4,1,48,5,2,9,0,2,8,1,201300036589A01,7,1,1,248300543
201300036611,2013-08-27,2013,août,mardi,11:45,83,83090,0,0,1,1,3,1,1,3,2,02,1,1,0,0,1,0,1,4,1,19,0,1,2,0,2,8,15,201300036611B01,33,2,1,248300543
201300036612,2013-09-02,2013,septembre,lundi,00:05,83,83062,0,0,2,9,2,5,1,3,2,02,2,1,0,52,1,5,1,2,1,17,5,2,9,0,2,4,1,201300036612B01,10,2,1,248300543
201300036660,2013-10-18,2013,octobre,vendredi,14:30,83,83062,43.13717,6.00596,1,1,3,1,1,4,3,01,1,1,0,50,1,0,1,3,1,19,2,3,9,0,2,1,15,201300036660A01,7,2,1,248300543
201300036712,2013-12-20,2013,décembre,vendredi,17:05,83,83090,0,0,2,1,3,5,1,3,1,01,1,-1,0,60,1,0,1,4,1,40,1,2,9,0,2,8,1,201300036712Y01,7,16,1,248300543
201300036742,2013-06-17,2013,juin,lundi,10:02,84,84007,0,0,2,1,3,1,1,3,3,02,2,1,0,40,1,0,1,3,1,48,1,3,2,0,2,3,2,201300036742A01,7,12,1,248400251
201300036746,2013-07-12,2013,juillet,vendredi,12:03,84,84007,0,0,2,1,3,1,1,4,2,02,1,1,0,66,1,0,1,3,1,19,5,3,2,0,0,4,13,201300036746B01,7,13,1,248400251
201300036764,2013-10-17,2013,octobre,jeudi,07:00,84,84007,0,0,1,1,1,3,1,4,2,02,1,1,0,0,1,0,1,1,1,45,0,2,4,0,9,0,1,201300036764A01,1,1,1,248400251
201300036764,2013-10-17,2013,octobre,jeudi,07:00,84,84007,0,0,1,1,1,3,1,4,2,02,1,1,0,0,1,0,1,3,1,57,0,2,9,0,9,0,1,201300036764B01,1,1,1,248400251
201300036767,2013-10-16,2013,octobre,mercredi,08:25,84,84007,0,0,2,1,5,1,1,4,2,02,1,1,0,30,1,0,1,4,2,55,1,3,2,0,0,8,2,201300036767C01,7,2,1,248400251
201300036767,2013-10-16,2013,octobre,mercredi,08:25,84,84007,0,0,2,1,5,1,1,4,2,02,1,1,0,30,1,0,1,3,2,48,1,2,2,0,2,6,11,201300036767A01,7,2,1,248400251
201300036772,2013-12-05,2013,décembre,jeudi,10:30,84,84007,0,0,2,1,6,1,1,4,1,02,1,1,0,90,1,0,4,1,2,29,5,3,2,0,1,1,1,201300036772A01,,,,248400251
201300036779,2013-06-05,2013,juin,mercredi,10:05,84,84031,0,0,1,9,3,1,1,3,2,02,1,3,0,70,1,0,1,3,1,39,5,1,2,0,0,1,1,201300036779B01,7,15,1,248400053
201300036799,2013-11-06,2013,novembre,mercredi,13:20,84,84035,0,0,2,6,1,1,1,3,2,02,1,1,0,50,1,5,1,3,1,29,5,3,9,0,2,1,1,201300036799B01,7,1,1,200040442
201300036800,2013-11-11,2013,novembre,lundi,14:15,84,84035,0,0,2,1,1,1,1,4,2,02,1,1,0,50,1,5,1,4,2,19,1,1,9,0,2,8,1,201300036800B01,7,1,1,200040442
201300036816,2013-03-20,2013,mars,mercredi,11:40,85,85191,46.65846,-1.44118,2,2,6,1,1,4,2,02,1,1,0,70,1,0,1,3,1,80,3,1,9,0,0,1,1,201300036816B01,7,9,1,248500589
201300036819,2013-05-14,2013,mai,mardi,12:10,85,85191,0,0,2,3,3,1,1,3,2,02,1,1,0,45,1,0,1,3,1,83,0,1,2,0,2,1,1,201300036819B01,7,16,1,248500589
201300036822,2013-06-16,2013,juin,dimanche,17:40,85,85191,46.65911,-1.47668,1,3,6,1,1,4,2,02,,,,,,0,1,3,2,13,5,2,4,0,2,0,15,201300036822B01,10,16,1,248500589
201300036835,2013-11-29,2013,novembre,vendredi,09:00,85,85191,46.66003,-1.44064,2,3,3,1,1,4,2,02,1,2,0,70,1,0,1,3,2,15,2,1,4,0,0,7,1,201300036835B01,10,9,1,248500589
201300036844,2013-03-05,2013,mars,mardi,13:30,85,85194,46.50184,-1.77447,2,1,6,1,1,4,2,00,1,1,0,0,1,0,1,3,1,35,5,2,9,6,0,1,1,201300036844B01,7,1,1,200071165
201300036859,2013-08-01,2013,août,jeudi,10:46,85,85194,46.50318,-1.79906,2,1,6,1,1,6,-1,00,1,1,0,0,1,0,1,3,2,64,3,3,9,0,2,1,1,201300036859B01,7,9,1,200071165
201300036860,2013-08-04,2013,août,dimanche,09:45,85,85194,46.49589,-1.79476,2,2,3,1,1,4,1,01,1,1,0,0,1,0,1,4,1,54,5,1,2,0,2,2,1,201300036860B01,7,19,1,200071165
201300036865,2013-09-15,2013,septembre,dimanche,16:15,85,85194,46.49445,-1.7728,2,1,6,1,1,4,2,00,1,2,0,0,1,0,1,1,2,14,5,3,9,0,1,1,5,201300036865A01,,,,200071165
201300036865,2013-09-15,2013,septembre,dimanche,16:15,85,85194,46.49445,-1.7728,2,1,6,1,1,4,2,00,1,2,0,0,1,0,1,1,2,13,5,3,9,0,1,1,5,201300036865A01,,,,200071165
201300036867,2013-10-04,2013,octobre,vendredi,16:00,85,85194,0,0,2,6,3,1,1,3,1,01,1,2,0,0,1,0,1,3,1,87,5,1,9,0,2,8,1,201300036867B01,7,16,1,200071165
201300036877,2013-11-22,2013,novembre,vendredi,14:00,85,85194,0,0,2,1,6,1,1,3,2,02,1,1,0,0,1,0,5,4,1,44,5,1,2,1,2,1,1,201300036877B01,7,22,1,200071165
201300036883,2013-11-06,2013,novembre,mercredi,12:00,85,85194,46.49594,-1.77768,2,1,1,1,1,4,1,00,1,1,0,0,1,0,1,1,1,19,0,1,2,0,2,1,5,201300036883A01,7,1,1,200071165
201300036894,2013-06-20,2013,juin,jeudi,16:10,86,86066,0,0,2,1,2,1,8,3,2,01,1,1,0,30,1,0,5,4,1,17,5,1,2,1,0,1,1,201300036894A01,7,0,1,248600413
201300036897,2013-09-09,2013,septembre,lundi,14:05,86,86066,0,0,2,1,6,1,1,3,2,02,2,1,22,86,1,2,5,4,1,44,1,3,9,0,2,3,1,201300036897B01,30,5,1,248600413
201300036933,2013-03-11,2013,mars,lundi,11:00,86,86194,0,0,2,6,3,1,1,3,2,02,1,2,60,75,1,0,1,4,1,57,1,2,4,0,2,1,1,201300036933B01,7,9,1,200069854
201300036936,2013-03-19,2013,mars,mardi,13:10,86,86158,0,0,2,6,3,1,2,2,1,01,2,1,0,40,2,0,1,4,2,49,9,3,9,0,2,7,1,201300036936B01,7,1,1,200069854
201300036937,2013-03-26,2013,mars,mardi,17:25,86,86194,0,0,2,2,3,1,1,4,2,02,2,1,0,70,1,0,1,3,1,70,5,2,2,0,2,1,1,201300036937B01,1,1,1,200069854
201300036937,2013-03-26,2013,mars,mardi,17:25,86,86194,0,0,2,2,3,1,1,4,2,02,2,1,0,70,1,0,1,1,1,53,1,2,4,0,2,1,1,201300036937A01,1,1,1,200069854
201300036945,2013-04-06,2013,avril,samedi,00:01,86,86194,0,0,2,3,3,5,1,4,2,02,2,1,0,50,1,0,1,4,1,26,5,2,4,0,2,1,1,201300036945B01,7,15,1,200069854
201300036965,2013-05-23,2013,mai,jeudi,13:30,86,86194,0,0,2,6,3,1,1,3,2,02,1,3,0,70,1,0,1,4,1,57,5,2,9,0,2,8,1,201300036965B01,10,1,1,200069854
201300036970,2013-06-05,2013,juin,mercredi,18:30,86,86194,0,0,2,3,3,1,1,4,2,02,1,1,0,105,1,0,1,4,1,34,9,3,9,0,2,8,1,201300036970B01,7,15,1,200069854
201300036979,2013-06-26,2013,juin,mercredi,09:10,86,86194,0,0,2,2,2,1,1,3,2,03,1,1,60,30,1,0,1,3,1,30,1,3,9,0,2,0,1,201300036979B01,7,15,1,200069854
201300036992,2013-07-23,2013,juillet,mardi,12:32,86,86194,0,0,2,3,3,1,2,4,2,02,1,1,0,72,2,0,1,4,2,47,1,3,9,0,2,1,1,201300036992B01,7,15,1,200069854
201300037005,2013-08-21,2013,août,mercredi,08:05,86,86041,0,0,2,3,3,1,1,4,2,02,1,1,0,69,1,0,1,2,2,59,1,2,4,0,2,1,15,201300037005A01,7,1,1,200069854
201300037006,2013-08-21,2013,août,mercredi,16:05,86,86194,0,0,2,2,6,1,1,3,2,03,2,2,0,160,1,0,4,2,1,18,9,2,9,6,0,1,1,201300037006A01,,,,200069854
201300037011,2013-09-01,2013,septembre,dimanche,21:10,86,86194,0,0,2,1,6,5,1,4,1,01,2,1,0,40,9,0,1,3,1,36,5,3,9,0,0,0,0,201300037011A01,,,,200069854
201300037012,2013-09-03,2013,septembre,mardi,17:25,86,86194,0,0,2,1,3,1,1,4,2,02,1,1,28,89,1,0,1,4,1,24,0,2,9,0,2,1,1,201300037012B01,7,10,1,200069854
201300037033,2013-10-01,2013,octobre,mardi,19:20,86,86194,0,0,2,1,6,2,1,4,2,02,1,1,0,70,1,0,1,4,2,20,5,3,9,0,2,7,17,201300037033B01,7,22,1,200069854
201300037040,2013-10-16,2013,octobre,mercredi,17:10,86,86194,0,0,2,2,3,1,1,4,2,04,1,1,0,150,1,5,1,4,2,57,9,1,9,0,2,8,1,201300037040A01,30,16,1,200069854
201300037099,2013-01-10,2013,janvier,jeudi,02:14,87,87085,0,0,2,1,2,5,1,4,3,05,-1,1,10,150,1,0,1,4,2,19,5,3,2,0,2,1,2,201300037099A01,7,1,1,248719312
201300037120,2013-02-06,2013,février,mercredi,16:02,87,87085,0,0,2,1,3,1,2,4,2,02,1,1,0,60,2,0,1,4,1,51,1,2,9,0,2,1,1,201300037120B01,7,15,1,248719312
201300037155,2013-04-05,2013,avril,vendredi,17:12,87,87085,0,0,2,1,3,1,1,4,2,02,2,1,0,60,1,0,1,4,1,14,5,3,9,0,2,1,19,201300037155B01,7,1,1,248719312
201300037183,2013-05-17,2013,mai,vendredi,18:05,87,87085,0,0,2,1,6,1,1,4,3,04,-1,1,20,120,1,0,1,3,1,41,5,2,4,0,1,1,1,201300037183A01,,,,248719312
201300037239,2013-07-06,2013,juillet,samedi,10:01,87,87048,0,0,1,3,1,1,1,3,2,02,1,1,0,60,1,0,1,3,1,67,5,1,9,0,2,1,1,201300037239B01,7,15,1,248719312
201300037321,2013-09-25,2013,septembre,mercredi,15:23,87,87085,0,0,2,3,3,1,1,4,2,02,-1,-1,0,60,1,0,1,4,1,45,1,1,2,0,0,1,1,201300037321B01,7,15,1,248719312
201300037322,2013-09-25,2013,septembre,mercredi,19:49,87,87085,0,0,2,3,6,2,1,4,2,02,2,3,0,60,2,0,1,4,1,33,1,3,9,0,2,1,1,201300037322B01,7,15,1,248719312
201300037334,2013-10-04,2013,octobre,vendredi,15:30,87,87085,0,0,2,1,6,1,1,4,2,02,1,1,0,60,2,0,1,3,1,78,5,2,2,0,0,0,14,201300037334A01,,,,248719312
201300037358,2013-11-11,2013,novembre,lundi,11:09,87,87085,0,0,2,3,3,1,1,4,2,02,1,1,0,60,1,0,1,4,2,42,5,3,9,0,2,1,1,201300037358B01,7,9,1,248719312
201300037359,2013-11-14,2013,novembre,jeudi,12:50,87,87085,0,0,2,1,6,1,1,4,1,02,1,1,0,60,1,0,1,4,2,17,5,3,2,0,2,1,5,201300037359A01,7,1,1,248719312
201300037381,2013-12-02,2013,décembre,lundi,17:25,87,87075,0,0,2,1,3,1,1,3,2,02,-1,1,0,60,1,0,1,4,1,49,5,3,4,0,2,1,1,201300037381B01,7,15,1,248719312
201300037394,2013-12-19,2013,décembre,jeudi,14:52,87,87075,0,0,2,1,6,1,1,4,1,01,2,3,0,30,2,0,1,3,1,58,5,2,2,0,0,0,16,201300037394A01,,,,248719312
201300037423,2013-06-30,2013,juin,dimanche,10:05,88,88160,48.17849,6.44188,2,1,6,1,1,4,2,02,1,1,0,0,1,0,1,4,2,41,5,1,2,0,2,1,1,201300037423B01,7,1,1,200068757
201300037429,2013-08-07,2013,août,mercredi,16:47,88,88160,48.18359,6.43801,2,4,3,1,1,4,2,02,2,3,0,65,1,0,1,4,1,32,5,3,9,0,2,1,1,201300037429B01,7,15,1,200068757
201300037433,2013-10-30,2013,octobre,mercredi,08:20,88,88160,48.17588,6.44985,2,1,6,1,1,9,2,02,1,1,0,94,1,0,4,1,1,31,9,3,9,0,1,1,1,201300037433A01,,,,200068757
201300037438,2013-11-28,2013,novembre,jeudi,19:40,88,88160,48.18397,6.46727,2,6,3,5,5,3,1,01,1,2,0,105,1,5,0,4,1,22,1,2,4,0,2,1,9,201300037438B01,7,1,1,200068757
201300037447,2013-07-15,2013,juillet,lundi,14:30,88,88462,48.02836,6.51508,1,1,3,1,1,3,-1,02,1,-1,0,0,1,0,1,4,1,44,5,2,9,0,0,6,2,201300037447B01,33,2,1,200096634
201300037450,2013-08-17,2013,août,samedi,11:15,88,88383,48.00429,6.61274,2,1,3,1,1,5,1,01,1,-1,0,0,1,0,1,4,1,15,5,2,9,0,2,2,0,201300037450B01,7,16,1,200068377
201300037454,2013-11-29,2013,novembre,vendredi,14:55,88,88429,48.02502,6.58388,1,1,6,1,1,3,2,02,1,1,0,0,1,0,1,4,1,62,5,3,2,0,2,1,1,201300037454B01,7,4,1,200068377
201300037477,2013-03-19,2013,mars,mardi,07:50,89,89024,47.81491,3.57315,2,2,3,1,1,4,2,04,1,1,10,106,1,0,1,3,1,28,1,3,9,0,2,1,0,201300037477A01,7,1,1,200067114
201300037501,2013-09-03,2013,septembre,mardi,17:45,89,89342,48.22953,3.2671,2,2,3,1,1,4,2,02,1,1,0,53,1,0,1,4,1,15,5,2,9,0,2,1,1,201300037501A01,7,1,1,248900334
201300037502,2013-08-21,2013,août,mercredi,14:45,89,89387,48.2083,3.27678,2,1,3,1,1,4,1,01,1,2,0,80,1,0,1,4,1,78,0,3,9,0,2,8,1,201300037502B01,7,16,1,248900334