Num_Acc,date,an,mois,jour,hrmn,dep,com,lat,long,agg,int,col,lum,atm,catr,circ,nbv,prof,plan,lartpc,larrout,surf,infra,situ,grav,sexe,age,trajet,secuexist,equipement,obs,obsm,choc,manv,vehiculeid,typevehicules,manoeuvehicules,numVehicules,_infos_commune.code_epci
201300050694,2013-09-30,2013,septembre,lundi,13:40,75,75104,0,0,2,2,3,1,1,4,1,02,1,1,0,166,1,0,1,1,1,58,0,3,2,0,2,4,15,201300050694B01,32,17,1,200054781
201300050695,2013-10-02,2013,octobre,mercredi,08:20,75,75104,0,0,2,2,6,1,1,4,-1,01,1,1,0,22,1,0,4,1,1,29,1,3,2,0,1,1,15,201300050695A01,,,,200054781
201300050697,2013-10-11,2013,octobre,vendredi,12:30,75,75104,0,0,2,1,3,1,2,4,-1,02,1,1,40,40,2,0,5,4,1,62,0,3,2,0,2,7,1,201300050697B01,10,22,1,200054781
201300050699,2013-10-14,2013,octobre,lundi,00:23,75,75104,0,0,2,1,6,5,1,4,2,02,1,-1,50,70,1,0,4,4,1,33,5,3,2,15,0,1,1,201300050699A01,,,,200054781
201300050700,2013-10-15,2013,octobre,mardi,07:50,75,75104,0,0,2,2,3,2,1,4,-1,00,1,1,0,30,1,6,0,4,1,17,2,3,2,0,2,7,1,201300050700B01,10,1,1,200054781
201300050701,2013-10-15,2013,octobre,mardi,18:45,75,75104,0,0,2,3,3,5,1,4,1,01,1,1,0,100,1,6,1,4,2,28,3,3,2,0,2,0,1,201300050701B01,7,22,1,200054781
201300050710,2013-10-30,2013,octobre,mercredi,11:00,75,75104,0,0,2,3,3,1,1,4,1,04,1,1,0,40,1,0,1,4,1,39,4,1,2,0,2,7,1,201300050710B01,7,15,1,200054781
201300050712,2013-10-31,2013,octobre,jeudi,09:45,75,75104,0,0,2,2,3,1,1,4,2,03,1,1,0,90,1,2,1,3,2,47,5,3,2,0,0,7,15,201300050712A01,33,1,1,200054781
201300050721,2013-11-26,2013,novembre,mardi,15:55,75,75104,0,0,2,2,2,1,8,4,1,01,1,1,0,100,1,0,1,4,2,63,5,3,2,0,0,5,1,201300050721B01,2,16,1,200054781
201300050727,2013-12-04,2013,décembre,mercredi,08:50,75,75104,0,0,2,2,6,1,1,4,1,02,1,1,5,35,1,0,1,1,1,22,5,3,2,0,1,1,1,201300050727A01,,,,200054781
201300050742,2013-01-10,2013,janvier,jeudi,09:23,75,75105,0,0,2,2,7,1,1,4,1,03,1,1,0,120,2,0,1,4,2,53,4,3,2,0,0,0,7,201300050742A01,,,,200054781
201300050761,2013-02-13,2013,février,mercredi,15:50,75,75105,0,0,2,2,6,1,1,4,2,03,1,1,0,100,1,0,1,1,1,49,5,3,2,0,1,1,1,201300050761A01,,,,200054781
201300050763,2013-02-17,2013,février,dimanche,02:43,75,75105,0,0,2,2,3,5,1,4,2,04,2,1,0,100,1,0,1,4,1,25,0,3,2,0,2,7,1,201300050763A01,7,7,1,200054781
201300050764,2013-02-18,2013,février,lundi,08:40,75,75105,0,0,2,2,2,1,1,4,2,02,1,3,0,60,1,0,1,4,1,32,1,3,2,0,0,1,7,201300050764B01,13,16,1,200054781
201300050771,2013-02-24,2013,février,dimanche,12:00,75,75105,0,0,2,2,6,1,4,4,1,02,1,1,0,90,2,0,4,1,1,15,5,3,2,0,1,1,1,201300050771A01,,,,200054781
201300050784,2013-04-09,2013,avril,mardi,17:40,75,75105,0,0,2,1,2,1,2,4,1,01,1,1,0,26,2,0,1,3,1,46,0,3,2,1,0,1,1,201300050784B01,7,22,1,200054781
201300050786,2013-04-10,2013,avril,mercredi,16:45,75,75105,0,0,2,2,3,1,2,4,2,03,1,1,0,120,2,0,1,4,1,28,9,3,2,0,2,3,7,201300050786B01,10,16,1,200054781
201300050790,2013-04-17,2013,avril,mercredi,20:09,75,75105,0,0,2,5,7,1,1,4,1,00,-1,-1,0,0,1,0,0,4,1,44,1,3,2,0,0,0,7,201300050790A01,,,,200054781
201300050794,2013-04-22,2013,avril,lundi,18:35,75,75105,0,0,2,4,7,1,1,4,4,06,1,1,0,200,1,0,1,4,1,40,1,3,2,0,0,0,1,201300050794A01,,,,200054781
201300050795,2013-04-25,2013,avril,jeudi,18:30,75,75105,0,0,2,1,6,1,1,4,1,00,1,1,0,150,1,0,1,1,1,25,5,3,2,0,1,1,7,201300050795A01,,,,200054781
201300050801,2013-04-28,2013,avril,dimanche,11:20,75,75105,0,0,2,3,3,1,1,4,2,04,1,1,0,120,1,0,1,4,2,78,5,3,2,0,2,1,15,201300050801A01,7,1,1,200054781
201300050810,2013-05-19,2013,mai,dimanche,14:15,75,75105,0,0,2,5,3,1,1,4,2,03,2,1,240,80,1,0,1,4,1,68,0,3,2,0,2,0,1,201300050810B01,7,16,1,200054781
201300050818,2013-06-01,2013,juin,samedi,01:35,75,75105,0,0,2,1,1,5,1,4,2,02,1,1,0,119,1,0,1,4,1,50,5,3,2,0,2,1,13,201300050818A01,33,1,1,200054781
201300050822,2013-06-12,2013,juin,mercredi,19:22,75,75105,0,0,2,3,3,1,1,4,1,01,1,1,0,30,1,0,5,4,1,49,1,3,2,0,2,3,1,201300050822B01,33,17,1,200054781
201300050826,2013-06-23,2013,juin,dimanche,19:20,75,75105,0,0,2,1,6,1,2,4,1,01,2,1,0,70,2,0,1,3,1,41,0,3,2,1,0,1,1,201300050826A01,,,,200054781
201300050830,2013-06-25,2013,juin,mardi,09:32,75,75105,0,0,2,1,6,1,8,4,1,01,1,1,0,72,1,0,1,1,2,27,5,3,2,0,1,1,5,201300050830A01,,,,200054781
201300050836,2013-07-07,2013,juillet,dimanche,14:15,75,75105,0,0,2,2,3,1,1,4,2,02,1,1,0,60,1,0,1,4,2,32,5,3,2,0,2,1,1,201300050836B01,10,22,1,200054781
201300050838,2013-07-08,2013,juillet,lundi,18:20,75,75105,0,0,2,1,3,1,1,4,2,00,1,-1,0,0,1,0,1,4,1,21,1,3,2,0,2,0,17,201300050838A01,7,23,1,200054781
201300050841,2013-07-17,2013,juillet,mercredi,23:30,75,75105,0,0,2,1,6,5,1,4,2,03,1,1,0,100,1,0,1,4,1,24,5,3,2,1,2,1,18,201300050841B01,7,22,1,200054781
201300050851,2013-08-03,2013,août,samedi,11:20,75,75105,0,0,2,2,3,1,1,4,2,04,2,1,0,142,1,0,1,4,2,26,1,3,2,0,2,1,7,201300050851B01,7,16,1,200054781
201300050852,2013-08-04,2013,août,dimanche,10:31,75,75105,0,0,2,2,4,1,1,4,1,04,2,3,300,200,1,0,1,4,2,41,0,3,2,0,2,6,13,201300050852A01,33,1,2,200054781
201300050858,2013-09-16,2013,septembre,lundi,09:40,75,75105,0,0,2,2,6,1,1,4,2,04,3,1,0,86,1,0,1,3,1,50,0,3,2,0,1,1,1,201300050858A01,,,,200054781
201300050859,2013-09-16,2013,septembre,lundi,13:30,75,75105,0,0,2,1,2,1,1,4,1,01,1,1,0,74,1,0,1,1,1,38,1,3,2,0,2,7,2,201300050859A01,30,2,1,200054781
201300050861,2013-09-19,2013,septembre,jeudi,20:35,75,75105,0,0,2,2,3,5,1,4,2,01,1,1,0,0,1,0,1,4,1,21,0,3,2,0,0,0,1,201300050861B01,7,22,1,200054781
201300050876,2013-10-08,2013,octobre,mardi,08:50,75,75105,0,0,2,1,3,1,1,4,1,01,1,1,0,40,1,0,5,4,2,21,2,3,2,0,2,1,1,201300050876B01,33,9,1,200054781
201300050880,2013-10-12,2013,octobre,samedi,11:29,75,75105,0,0,2,1,3,1,1,4,2,02,1,1,0,58,1,0,1,4,1,59,5,3,2,0,2,7,1,201300050880B01,10,22,1,200054781
201300050883,2013-10-19,2013,octobre,samedi,22:18,75,75105,0,0,2,2,3,5,1,4,2,04,2,1,0,38,1,0,5,4,1,32,0,3,2,0,2,3,7,201300050883B01,7,16,1,200054781
201300050885,2013-10-23,2013,octobre,mercredi,19:00,75,75105,0,0,2,1,2,2,1,4,2,02,1,1,0,60,1,0,1,4,2,27,5,3,2,1,0,0,1,201300050885B01,7,22,1,200054781
201300050888,2013-10-26,2013,octobre,samedi,16:20,75,75105,0,0,2,3,5,1,1,4,1,03,1,1,0,90,1,0,1,4,1,27,5,1,2,14,0,1,1,201300050888C01,7,1,1,200054781
201300050888,2013-10-26,2013,octobre,samedi,16:20,75,75105,0,0,2,3,5,1,1,4,1,03,1,1,0,90,1,0,1,4,1,15,5,1,2,0,2,1,1,201300050888B01,7,1,1,200054781
201300050891,2013-10-31,2013,octobre,jeudi,12:00,75,75105,0,0,2,2,3,1,1,4,1,03,1,1,0,100,1,0,1,4,1,49,1,2,2,0,2,1,1,201300050891B01,7,1,1,200054781
201300050895,2013-11-12,2013,novembre,mardi,11:35,75,75105,0,0,2,7,2,1,2,4,2,02,1,1,0,90,2,0,1,4,1,16,2,1,2,0,2,1,2,201300050895B01,10,2,1,200054781
201300050900,2013-11-21,2013,novembre,jeudi,15:20,75,75105,0,0,2,1,2,1,8,4,1,03,1,1,0,110,2,0,1,4,1,70,5,3,2,0,0,6,19,201300050900B01,34,1,1,200054781
201300050906,2013-11-26,2013,novembre,mardi,20:10,75,75113,0,0,2,1,7,5,1,4,2,02,1,1,0,60,1,0,1,4,1,56,1,3,2,0,0,0,1,201300050906A01,,,,200054781
201300050907,2013-11-30,2013,novembre,samedi,17:30,75,75105,0,0,2,3,2,5,1,4,1,03,1,1,3,100,1,0,1,4,2,27,0,3,2,0,2,7,7,201300050907B01,37,9,1,200054781
201300050910,2013-12-06,2013,décembre,vendredi,09:30,75,75105,0,0,2,7,2,1,1,4,1,02,1,1,0,160,1,0,1,4,1,46,4,1,2,0,2,1,2,201300050910A01,10,2,1,200054781
201300050915,2013-12-27,2013,décembre,vendredi,11:15,75,75105,0,0,2,2,7,1,2,4,2,02,2,1,0,0,2,0,1,4,1,62,5,3,2,0,0,0,1,201300050915A01,,,,200054781
201300050927,2013-01-27,2013,janvier,dimanche,16:05,75,75106,0,0,2,2,3,1,8,4,-1,01,-1,-1,0,75,1,0,1,4,1,20,5,3,2,0,2,1,1,201300050927A01,7,1,1,200054781
201300050941,2013-04-05,2013,avril,vendredi,13:20,75,75106,0,0,2,2,3,1,1,4,1,01,1,1,0,66,1,0,1,4,1,19,2,3,2,0,2,8,7,201300050941B01,7,16,1,200054781
201300050950,2013-04-22,2013,avril,lundi,09:50,75,75106,0,0,2,5,3,1,1,4,1,01,1,1,0,0,1,0,1,4,1,36,0,1,2,0,2,8,7,201300050950B01,7,1,1,200054781
201300050959,2013-05-06,2013,mai,lundi,17:15,75,75106,0,0,2,7,6,1,1,4,2,02,1,3,0,80,1,6,5,4,1,36,1,3,2,0,1,1,1,201300050959A01,,,,200054781
201300050962,2013-05-16,2013,mai,jeudi,08:50,75,75106,0,0,2,3,7,1,2,4,2,02,1,1,0,150,2,0,1,4,2,34,1,3,2,0,0,1,1,201300050962A01,,,,200054781
201300050967,2013-06-03,2013,juin,lundi,14:25,75,75106,0,0,2,1,3,1,1,4,2,02,1,1,0,0,1,0,1,4,1,46,1,3,2,0,2,1,1,201300050967B01,7,22,1,200054781
201300050972,2013-06-14,2013,juin,vendredi,15:35,75,75106,0,0,2,7,2,1,1,4,1,03,1,1,7,157,1,0,1,4,1,26,5,3,2,0,2,4,2,201300050972A01,7,23,1,200054781
201300050978,2013-06-26,2013,juin,mercredi,15:40,75,75106,0,0,2,1,6,1,1,4,1,02,1,1,0,350,1,0,1,1,1,43,1,1,2,0,1,1,1,201300050978A01,,,,200054781
201300050982,2013-06-29,2013,juin,samedi,17:30,75,75106,0,0,2,2,3,1,1,4,3,02,3,1,0,0,1,0,1,4,2,42,3,3,2,0,2,8,1,201300050982B01,7,17,1,200054781
201300050985,2013-07-13,2013,juillet,samedi,00:25,75,75106,0,0,2,2,3,5,1,4,2,02,1,1,0,180,1,0,1,4,1,18,5,3,2,0,2,3,13,201300050985B01,7,7,1,200054781
201300050996,2013-08-02,2013,août,vendredi,10:50,75,75106,0,0,2,7,3,1,1,4,1,04,1,1,0,0,1,0,1,4,1,68,5,1,2,0,2,0,1,201300050996B01,10,16,1,200054781
201300051006,2013-09-01,2013,septembre,dimanche,14:00,75,75106,0,0,2,1,6,1,1,4,1,01,1,1,0,35,1,0,1,1,2,53,5,3,2,0,1,3,1,201300051006A01,,,,200054781
201300051008,2013-09-08,2013,septembre,dimanche,06:40,75,75106,0,0,2,1,6,5,1,4,2,02,2,1,0,136,1,0,1,4,2,21,5,3,9,0,2,1,1,201300051008B01,7,13,1,200054781
201300051015,2013-09-22,2013,septembre,dimanche,18:25,75,75106,0,0,2,7,3,1,8,4,1,01,2,1,0,61,1,0,1,4,2,23,5,3,2,0,2,7,1,201300051015A01,7,1,1,200054781
201300051019,2013-09-26,2013,septembre,jeudi,12:20,75,75106,0,0,2,3,6,1,1,4,2,02,1,1,0,100,1,0,1,1,1,21,1,2,2,0,1,1,7,201300051019A01,,,,200054781
201300051022,2013-10-03,2013,octobre,jeudi,14:05,75,75106,0,0,2,3,7,1,1,4,-1,02,1,1,0,80,1,0,4,4,1,56,5,3,2,12,0,1,1,201300051022A01,,,,200054781
201300051026,2013-10-11,2013,octobre,vendredi,19:45,75,75106,0,0,2,1,3,5,1,4,2,04,1,1,0,0,1,0,1,4,1,22,0,3,2,0,2,1,1,201300051026B01,7,22,1,200054781
201300051031,2013-10-18,2013,octobre,vendredi,18:20,75,75106,0,0,2,1,3,2,1,4,3,06,1,1,0,57,1,0,1,4,1,17,0,2,2,0,9,4,12,201300051031A01,33,1,1,200054781
201300051033,2013-10-21,2013,octobre,lundi,15:15,75,75106,0,0,2,1,7,1,1,4,1,01,2,1,0,20,-1,0,4,4,1,18,0,3,2,14,0,3,21,201300051033A01,,,,200054781
201300051036,2013-10-25,2013,octobre,vendredi,08:49,75,75106,0,0,2,2,2,1,8,4,1,04,1,-1,10,75,2,0,5,4,1,55,1,3,2,0,2,7,2,201300051036B01,31,2,1,200054781
201300051038,2013-10-25,2013,octobre,vendredi,18:50,75,75106,0,0,2,7,3,5,2,4,1,02,1,2,0,72,2,5,1,4,2,54,0,3,2,0,2,5,1,201300051038A01,7,1,1,200054781
201300051043,2013-11-02,2013,novembre,samedi,16:10,75,75106,0,0,2,5,6,1,1,4,1,02,2,3,37,107,-1,0,5,1,1,18,0,3,2,0,1,1,1,201300051043A01,,,,200054781
201300051052,2013-11-15,2013,novembre,vendredi,16:40,75,75106,0,0,2,1,6,1,1,4,2,03,1,1,0,53,1,0,1,4,1,19,4,3,2,1,0,3,14,201300051052A01,,,,200054781
201300051055,2013-11-20,2013,novembre,mercredi,16:20,75,75106,0,0,2,3,6,2,2,4,-1,02,1,1,0,0,2,0,1,1,1,19,2,3,2,0,1,1,1,201300051055A01,,,,200054781
201300051065,2013-12-03,2013,décembre,mardi,18:30,75,75106,0,0,2,5,6,5,1,4,1,02,1,1,0,0,1,0,0,1,1,35,5,3,2,0,1,3,1,201300051065A01,,,,200054781
201300051068,2013-12-06,2013,décembre,vendredi,19:50,75,75106,0,0,2,1,6,5,1,4,2,04,3,1,0,0,1,0,1,4,2,28,5,3,2,0,2,8,1,201300051068B01,38,17,1,200054781
201300051086,2013-01-08,2013,janvier,mardi,13:55,75,75107,0,0,2,1,3,1,1,4,2,02,1,1,0,200,1,0,1,4,2,53,0,3,2,0,2,8,13,201300051086A01,34,1,1,200054781
201300051087,2013-01-11,2013,janvier,vendredi,01:20,75,75107,0,0,2,5,3,5,2,4,2,06,-1,-1,0,205,-1,0,1,4,1,39,1,3,2,0,2,1,1,201300051087B01,7,22,1,200054781
201300051107,2013-02-13,2013,février,mercredi,15:50,75,75107,0,0,2,3,3,1,1,4,3,01,1,-1,0,80,1,0,1,4,1,13,5,3,2,0,2,6,13,201300051107B01,14,17,1,200054781
201300051113,2013-03-02,2013,mars,samedi,03:25,75,75107,0,0,2,1,2,5,1,4,1,04,1,1,0,104,1,0,1,4,1,27,0,3,2,1,0,1,7,201300051113B01,7,23,1,200054781
201300051116,2013-03-05,2013,mars,mardi,17:55,75,75107,0,0,2,1,6,2,1,4,2,01,1,1,0,50,1,0,5,1,2,75,1,3,2,0,1,0,1,201300051116A01,,,,200054781
201300051117,2013-03-07,2013,mars,jeudi,08:40,75,75107,0,0,2,5,3,1,2,4,3,02,2,1,0,50,2,0,5,4,2,36,1,3,2,12,2,3,1,201300051117B01,7,22,1,200054781
201300051118,2013-03-09,2013,mars,samedi,00:30,75,75107,0,0,2,1,3,5,1,4,2,02,1,1,0,70,2,0,1,4,1,32,5,3,2,0,0,8,2,201300051118B01,7,17,1,200054781
201300051121,2013-03-26,2013,mars,mardi,19:20,75,75107,0,0,2,3,6,5,1,4,1,01,1,1,0,54,1,0,1,1,2,23,5,1,2,0,1,1,1,201300051121A01,,,,200054781
201300051122,2013-03-26,2013,mars,mardi,22:45,75,75107,0,0,2,3,7,5,1,4,1,01,1,1,0,50,9,0,1,4,1,69,5,3,2,0,0,0,1,201300051122A01,,,,200054781
201300051127,2013-04-01,2013,avril,lundi,16:40,75,75107,0,0,2,3,3,1,1,4,1,01,1,1,0,71,1,0,1,4,2,54,5,3,2,0,2,3,1,201300051127B01,7,22,1,200054781
201300051153,2013-05-29,2013,mai,mercredi,16:40,75,75107,0,0,2,1,3,1,1,4,-1,00,1,-1,0,130,1,0,0,4,2,47,1,3,2,0,2,1,19,201300051153A01,7,8,1,200054781
201300051155,2013-05-31,2013,mai,vendredi,21:30,75,75107,0,0,2,3,6,5,1,4,3,03,1,1,0,0,1,0,5,1,1,13,0,1,2,0,1,1,1,201300051155A01,,,,200054781
201300051157,2013-06-05,2013,juin,mercredi,19:15,75,75107,0,0,2,5,3,1,1,4,1,03,1,-1,70,70,1,0,1,4,1,20,1,3,2,0,2,1,19,201300051157A01,7,16,1,200054781
201300051170,2013-06-30,2013,juin,dimanche,07:15,75,75107,0,0,2,4,7,1,1,4,1,03,1,1,0,100,1,0,5,3,1,24,0,2,9,0,0,0,1,201300051170A01,,,,200054781
201300051175,2013-07-09,2013,juillet,mardi,12:30,75,75107,0,0,2,3,3,1,1,4,1,04,1,1,0,0,1,0,1,4,2,42,5,3,2,0,2,1,7,201300051175A01,32,1,1,200054781
201300051193,2013-08-31,2013,août,samedi,17:00,75,75107,0,0,2,1,2,1,1,4,4,04,1,1,0,50,1,0,1,4,1,25,4,3,2,1,2,1,7,201300051193A01,7,23,1,200054781
201300051197,2013-09-07,2013,septembre,samedi,09:50,75,75107,0,0,2,1,2,1,1,4,1,01,1,1,0,35,1,0,1,4,1,35,1,3,2,0,2,1,1,201300051197A01,7,23,1,200054781
201300051200,2013-09-11,2013,septembre,mercredi,18:35,75,75107,0,0,2,7,6,1,1,4,2,02,1,2,0,0,1,0,5,4,1,49,1,1,2,12,2,8,1,201300051200A01,13,14,1,200054781
201300051202,2013-09-17,2013,septembre,mardi,17:45,75,75107,0,0,2,2,1,1,2,4,2,03,1,1,120,120,2,5,1,4,1,32,1,3,2,0,0,1,1,201300051202B01,7,15,1,200054781
201300051209,2013-09-25,2013,septembre,mercredi,19:50,75,75107,0,0,2,1,2,5,1,4,1,01,1,1,0,65,1,0,1,4,1,67,5,3,2,1,0,3,1,201300051209B01,7,22,1,200054781
201300051213,2013-09-30,2013,septembre,lundi,15:05,75,75107,0,0,2,1,2,1,1,4,2,02,1,1,0,120,1,0,1,4,1,32,5,3,2,0,2,3,1,201300051213B01,7,17,1,200054781
201300051214,2013-09-30,2013,septembre,lundi,22:10,75,75107,0,0,2,3,7,5,1,4,2,05,1,1,0,130,1,0,1,4,1,53,0,2,2,0,0,7,1,201300051214A01,,,,200054781
201300051238,2013-11-15,2013,novembre,vendredi,09:35,75,75107,0,0,2,4,3,1,8,4,1,03,1,1,0,110,1,0,5,4,1,33,1,1,2,0,2,3,1,201300051238B01,14,16,1,200054781
201300051254,2013-12-04,2013,décembre,mercredi,10:00,75,75107,0,0,2,4,3,1,1,4,2,02,1,1,0,120,1,0,1,4,1,48,4,3,2,0,2,1,1,201300051254B01,7,22,1,200054781
201300051263,2013-12-20,2013,décembre,vendredi,16:20,75,75107,0,0,2,7,3,1,1,4,1,02,1,-1,0,0,1,0,1,4,1,50,5,3,2,0,2,4,1,201300051263B01,7,1,1,200054781
201300051264,2013-12-24,2013,décembre,mardi,01:50,75,75107,0,0,2,5,3,5,2,4,1,03,1,2,0,300,2,0,1,4,2,65,0,3,2,0,2,1,3,201300051264A01,7,1,1,200054781
201300051290,2013-01-26,2013,janvier,samedi,21:12,75,75108,0,0,2,3,4,5,1,4,1,04,1,1,0,0,1,0,1,4,2,25,0,3,2,0,2,6,1,201300051290C01,7,17 / 1,2,200054781
201300051294,2013-02-03,2013,février,dimanche,20:25,75,75108,0,0,2,1,3,5,2,4,1,03,1,1,0,100,2,0,1,4,2,33,5,3,2,0,2,8,7,201300051294B01,7,17,1,200054781
201300051302,2013-02-07,2013,février,jeudi,13:15,75,75108,0,0,2,2,3,1,8,4,2,05,1,1,0,150,-1,0,1,4,1,52,1,3,2,0,0,1,1,201300051302B01,7,1,1,200054781
201300051308,2013-02-11,2013,février,lundi,17:10,75,75108,0,0,2,5,3,1,1,4,1,01,2,1,0,80,1,0,1,4,2,22,1,3,2,0,2,8,1,201300051308A01,7,1,1,200054781
201300051328,2013-03-07,2013,mars,jeudi,12:30,75,75108,0,0,2,2,2,1,1,4,1,02,1,1,0,0,1,0,1,4,2,50,5,3,2,0,2,3,23,201300051328B01,10,2,1,200054781
201300051337,2013-03-15,2013,mars,vendredi,21:50,75,75108,0,0,2,1,3,5,1,4,1,02,2,1,0,0,1,0,1,4,1,68,5,3,2,0,2,2,1,201300051337B01,7,10,1,200054781
201300051339,2013-03-17,2013,mars,dimanche,12:20,75,75117,0,0,2,2,3,1,1,4,2,02,1,1,0,150,1,0,1,1,1,33,0,3,2,0,2,1,1,201300051339A01,30,1,1,200054781
201300051349,2013-03-27,2013,mars,mercredi,19:20,75,75108,0,0,2,1,6,5,1,4,1,01,1,1,0,0,1,0,1,1,1,46,1,3,2,0,1,1,1,201300051349A01,,,,200054781
201300051351,2013-03-28,2013,mars,jeudi,16:25,75,75108,0,0,2,5,6,1,1,4,1,02,2,-1,0,180,1,0,1,4,1,21,5,3,2,0,2,1,18,201300051351A01,10,16,1,200054781
201300051364,2013-04-07,2013,avril,dimanche,15:00,75,75108,0,0,2,7,3,1,1,4,1,02,1,1,0,0,1,0,1,4,2,20,5,3,2,0,2,3,11,201300051364A01,7,1,1,200054781
201300051373,2013-04-12,2013,avril,vendredi,01:00,75,75108,0,0,2,5,6,5,1,4,-1,04,2,1,0,80,1,0,1,4,2,20,5,3,2,0,2,8,1,201300051373A01,32,18,1,200054781
201300051373,2013-04-12,2013,avril,vendredi,01:00,75,75108,0,0,2,5,6,5,1,4,-1,04,2,1,0,80,1,0,1,4,2,20,5,3,2,0,2,3,1,201300051373B01,32,18,1,200054781
201300051382,2013-04-15,2013,avril,lundi,21:15,75,75108,0,0,2,5,3,5,1,4,2,02,1,1,0,0,1,0,1,4,2,27,5,3,2,0,2,8,1,201300051382B01,7,10,1,200054781
201300051388,2013-04-21,2013,avril,dimanche,16:00,75,75108,0,0,2,5,6,1,1,4,2,02,1,1,0,0,1,0,1,4,2,57,5,3,2,0,2,8,1,201300051388A01,7,15,1,200054781
201300051402,2013-05-10,2013,mai,vendredi,00:30,75,75108,0,0,2,3,3,5,1,4,1,04,1,1,0,100,1,0,1,4,1,26,1,3,2,0,2,0,1,201300051402B01,14,22,1,200054781
201300051407,2013-05-13,2013,mai,lundi,08:45,75,75117,0,0,2,1,3,1,1,4,2,06,1,-1,0,180,1,0,1,1,1,29,2,3,2,0,2,1,11,201300051407A01,33,1,1,200054781
201300051409,2013-05-14,2013,mai,mardi,10:00,75,75108,0,0,2,2,3,1,1,4,2,02,1,-1,0,100,1,0,1,3,1,41,0,3,2,0,2,0,15,201300051409B01,32,17,1,200054781
201300051416,2013-05-16,2013,mai,jeudi,16:15,75,75108,0,0,2,1,3,1,3,4,1,00,-1,-1,0,130,2,0,0,4,1,26,1,3,2,0,2,1,1,201300051416B01,7,22,1,200054781
201300051423,2013-05-20,2013,mai,lundi,16:45,75,75108,0,0,2,7,3,2,3,4,2,04,1,1,0,270,2,0,0,4,1,69,5,3,2,0,2,5,1,201300051423B01,7,1,1,200054781
201300051450,2013-06-12,2013,juin,mercredi,21:15,75,75108,0,0,2,2,3,2,1,4,2,04,2,1,0,100,1,0,1,4,1,42,5,3,2,0,2,8,1,201300051450B01,7,15,1,200054781
201300051462,2013-06-24,2013,juin,lundi,11:35,75,75108,0,0,2,2,2,1,1,4,3,04,1,1,0,0,1,0,1,4,1,65,0,3,2,0,2,4,15,201300051462B01,2,17,1,200054781
201300051464,2013-06-25,2013,juin,mardi,16:40,75,75108,0,0,2,5,6,1,3,4,1,01,2,3,0,70,1,0,1,4,1,26,1,3,2,0,2,3,1,201300051464B01,7,1,1,200054781
201300051467,2013-06-27,2013,juin,jeudi,16:40,75,75108,0,0,2,7,2,1,1,4,1,03,1,3,0,90,1,0,1,4,1,36,0,1,2,0,2,1,18,201300051467A01,7,16,1,200054781
201300051477,2013-07-01,2013,juillet,lundi,21:50,75,75108,0,0,2,2,3,2,1,4,1,01,1,-1,0,170,1,0,1,4,1,20,5,1,2,0,2,1,1,201300051477B01,7,1,1,200054781
201300051478,2013-07-02,2013,juillet,mardi,19:50,75,75108,0,0,2,5,3,1,1,4,1,02,1,1,0,0,1,0,1,4,2,68,0,3,2,0,2,8,19,201300051478B01,32,1,1,200054781
201300051480,2013-07-03,2013,juillet,mercredi,15:00,75,75108,0,0,2,7,3,1,1,4,2,03,1,1,0,160,1,2,5,4,2,22,5,3,2,0,2,3,19,201300051480B01,7,4,1,200054781
201300051481,2013-07-04,2013,juillet,jeudi,09:00,75,75108,0,0,2,3,3,1,1,4,2,04,1,1,0,140,1,0,1,4,1,43,4,3,2,0,2,1,1,201300051481B01,7,22,1,200054781
201300051496,2013-07-11,2013,juillet,jeudi,08:45,75,75108,0,0,2,3,3,1,1,4,2,02,2,1,0,140,1,0,1,4,2,34,1,3,2,0,2,7,1,201300051496B01,7,22,1,200054781
201300051500,2013-07-12,2013,juillet,vendredi,13:00,75,75108,0,0,2,1,3,1,1,4,1,03,1,1,0,120,1,0,1,4,2,37,1,3,2,0,2,8,13,201300051500A01,37,17,1,200054781
201300051517,2013-07-29,2013,juillet,lundi,15:15,75,75108,0,0,2,7,3,1,1,4,1,03,1,-1,0,130,1,0,1,4,2,22,5,3,2,0,2,1,1,201300051517B01,14,1,1,200054781
201300051520,2013-08-01,2013,août,jeudi,21:00,75,75108,0,0,2,7,3,2,1,4,3,02,1,1,0,125,1,0,1,4,1,46,0,3,2,0,2,1,1,201300051520A01,7,1,1,200054781
201300051524,2013-08-06,2013,août,mardi,23:00,75,75108,0,0,2,1,2,5,1,4,1,04,1,1,120,30,1,0,1,4,1,27,5,1,2,0,2,4,2,201300051524A01,7,23,1,200054781
201300051535,2013-08-19,2013,août,lundi,04:20,75,75108,0,0,2,7,3,5,1,4,-1,00,1,1,5,40,1,0,0,4,1,28,0,3,2,0,2,5,19,201300051535A01,7,1,1,200054781
201300051557,2013-09-05,2013,septembre,jeudi,23:40,75,75108,0,0,2,1,3,5,1,4,2,02,1,1,0,60,1,0,5,4,2,25,0,3,2,0,2,0,1,201300051557B01,7,22,1,200054781
201300051566,2013-09-12,2013,septembre,jeudi,17:55,75,75108,0,0,2,1,2,1,1,4,2,04,1,1,0,240,1,0,1,4,1,27,4,3,2,0,2,1,1,201300051566A01,7,23,1,200054781
201300051572,2013-09-19,2013,septembre,jeudi,07:10,75,75108,0,0,2,2,1,2,1,4,2,10,1,1,0,240,1,0,1,4,1,37,4,1,2,0,2,1,1,201300051572B01,7,15,1,200054781