Num_Acc,date,an,mois,jour,hrmn,dep,com,lat,long,agg,int,col,lum,atm,catr,circ,nbv,prof,plan,lartpc,larrout,surf,infra,situ,grav,sexe,age,trajet,secuexist,equipement,obs,obsm,choc,manv,vehiculeid,typevehicules,manoeuvehicules,numVehicules,_infos_commune.code_epci
201300055934,2013-04-23,2013,avril,mardi,19:49,75,75106,0,0,2,1,3,1,1,4,1,03,1,1,0,126,1,0,1,3,1,71,0,3,2,0,0,8,19,201300055934B01,7,1,1,200054781
201300055970,2013-05-23,2013,mai,jeudi,10:42,75,75103,0,0,2,1,2,1,1,4,1,03,1,1,0,100,1,0,1,3,2,40,1,3,2,0,2,4,2,201300055970B01,14,2,1,200054781
201300055987,2013-06-06,2013,juin,jeudi,17:30,75,75112,0,0,2,4,6,1,1,4,2,02,1,1,0,120,1,0,1,4,1,27,5,3,2,0,1,1,1,201300055987A01,,,,200054781
201300055995,2013-06-16,2013,juin,dimanche,22:40,75,75104,0,0,2,7,2,5,1,4,1,01,1,1,0,160,1,0,1,4,2,29,5,2,2,0,2,2,12,201300055995A01,33,1,1,200054781
201300055997,2013-06-18,2013,juin,mardi,15:19,75,75102,0,0,2,5,2,1,1,4,1,02,2,1,38,48,1,0,1,4,1,26,4,1,2,9,2,7,17,201300055997B01,37,1,1,200054781
201300056023,2013-07-07,2013,juillet,dimanche,17:20,75,75107,0,0,2,3,3,1,1,4,1,04,1,1,0,122,1,0,1,3,2,27,5,3,2,0,2,3,7,201300056023B01,38,17,1,200054781
201300056044,2013-07-30,2013,juillet,mardi,08:30,75,75112,0,0,2,1,6,1,1,4,2,03,1,1,3,136,9,6,5,3,1,54,5,3,2,14,0,1,1,201300056044A01,,,,200054781
201300056046,2013-07-30,2013,juillet,mardi,12:10,75,75111,0,0,2,2,3,1,1,4,1,02,1,1,0,77,1,0,1,3,2,43,0,3,2,0,2,8,7,201300056046B01,14,16,1,200054781
201300056054,2013-08-14,2013,août,mercredi,18:44,75,75118,0,0,2,1,3,1,1,4,1,02,2,1,26,92,1,0,1,4,2,27,5,3,2,0,2,1,19,201300056054A01,10,7,1,200054781
201300056062,2013-08-19,2013,août,lundi,23:05,75,75111,0,0,2,2,3,5,1,4,2,03,2,1,0,141,1,0,1,3,2,30,0,1,2,0,2,0,1,201300056062B01,36,1,1,200054781
201300056081,2013-09-05,2013,septembre,jeudi,14:16,75,75111,0,0,2,2,3,1,1,4,1,02,1,1,0,0,1,0,1,3,1,38,9,1,2,0,2,3,13,201300056081B01,14,1,1,200054781
201300056110,2013-10-02,2013,octobre,mercredi,09:30,75,75103,0,0,2,2,4,1,1,4,1,02,1,1,0,94,1,0,1,4,1,27,1,3,2,1,2,2,17,201300056110B01,10 / 7,22 / 1,2,200054781
201300056140,2013-10-26,2013,octobre,samedi,00:50,75,75104,0,0,2,1,7,5,1,4,1,02,1,1,0,99,1,0,1,3,1,41,5,2,2,0,0,0,1,201300056140A01,,,,200054781
201300056155,2013-11-09,2013,novembre,samedi,04:00,75,75112,0,0,2,1,3,5,1,4,3,08,1,1,30,270,1,0,1,3,1,25,5,3,2,0,2,4,1,201300056155B01,7,12,1,200054781
201300056194,2013-12-16,2013,décembre,lundi,20:15,75,75105,0,0,2,2,2,5,1,4,1,02,1,1,0,0,1,0,1,1,1,31,1,1,2,0,2,4,13,201300056194B01,32,1,1,200054781
201300056820,2013-06-12,2013,juin,mercredi,14:30,972,97224,0,0,1,1,7,1,1,2,2,00,-1,3,0,0,1,2,1,3,1,51,9,1,2,0,0,0,0,201300056820A01,,,,249720061
201300056878,2013-06-09,2013,juin,dimanche,16:15,971,97134,0,0,1,1,1,1,1,4,2,02,2,2,0,44,1,0,1,2,1,18,5,2,2,0,2,1,13,201300056878A01,7,1,1,249710070
201300056890,2013-04-17,2013,avril,mercredi,09:45,971,97109,0,0,1,1,2,1,8,2,-1,00,2,1,0,116,2,0,1,2,1,56,5,1,2,0,0,4,2,201300056890B02,10,2,1,249710070
201300056905,2013-07-30,2013,juillet,mardi,06:45,971,97114,0,0,1,1,1,1,1,2,2,03,1,1,0,105,1,0,1,3,1,51,5,1,2,0,2,1,0,201300056905B02,7,11,1,249710062
201300056951,2013-06-28,2013,juin,vendredi,21:45,971,97129,0,0,2,1,3,3,1,3,2,02,2,1,0,52,1,0,1,3,1,16,5,2,4,0,2,1,16,201300056951B02,7,1,1,249710062
201300056972,2013-09-04,2013,septembre,mercredi,17:00,971,97117,0,0,1,1,1,2,2,3,2,00,3,2,0,50,2,0,3,3,1,35,5,1,2,0,0,0,1,201300056972B02,7,13,1,200044691
201300057003,2013-02-04,2013,février,lundi,15:15,971,97128,0,0,1,1,6,1,1,3,2,02,2,3,0,54,1,2,1,3,1,70,5,2,2,0,2,8,1,201300057003B02,,,,200041507
201300057006,2013-04-17,2013,avril,mercredi,20:45,971,97125,0,0,2,1,7,5,1,4,2,00,2,1,0,45,1,0,3,2,1,60,0,3,1,6,0,1,1,201300057006A01,,,,200041507
201300057021,2013-04-29,2013,avril,lundi,06:30,971,97116,0,0,1,1,1,1,1,4,2,02,4,2,0,50,1,0,1,3,1,18,1,2,2,0,2,1,1,201300057021A01,38,1,1,200044691
201300057022,2013-05-24,2013,mai,vendredi,19:00,971,97116,0,0,2,1,1,1,1,3,2,00,4,2,0,0,1,0,1,4,1,57,5,1,4,0,0,1,15,201300057022B02,7,1,1,200044691
201300057030,2013-10-24,2013,octobre,jeudi,08:15,971,97116,0,0,1,1,1,1,2,3,2,02,-1,4,0,0,2,0,1,3,1,59,5,1,2,0,0,1,1,201300057030B02,10,1,1,200044691
201300057037,2013-08-25,2013,août,dimanche,05:45,973,97305,0,0,1,1,2,2,1,3,2,02,1,1,70,70,1,0,1,3,1,23,5,1,4,0,2,4,1,201300057037B02,7,1,1,249730045
201300057039,2013-10-10,2013,octobre,jeudi,09:30,973,97305,0,0,1,1,1,1,1,4,1,00,1,1,0,50,1,0,1,4,1,34,4,3,1,0,2,7,1,201300057039B02,7,1,1,249730045
201300057049,2013-08-10,2013,août,samedi,09:00,973,97304,0,0,1,1,3,1,1,2,2,02,-1,2,0,70,1,0,1,3,1,52,5,3,1,0,0,8,1,201300057049B02,7,17,1,200027548
201300057050,2013-10-20,2013,octobre,dimanche,09:30,973,97304,0,0,2,1,3,1,1,4,-1,00,1,1,0,60,1,5,1,3,1,15,5,2,2,0,2,8,19,201300057050B02,7,1,1,200027548
201300057068,2013-04-25,2013,avril,jeudi,12:15,973,97311,0,0,2,1,1,1,1,4,2,02,1,2,0,60,1,0,1,3,1,27,5,3,1,0,2,1,1,201300057068B02,7,13,1,249730037
201300057077,2013-12-17,2013,décembre,mardi,07:15,973,97311,0,0,2,1,1,1,1,4,2,02,1,1,0,60,2,0,1,2,2,44,1,3,8,0,2,0,0,201300057077B02,38,2,1,249730037
201300057085,2013-11-08,2013,novembre,vendredi,18:30,973,97306,0,0,1,1,1,3,1,3,2,02,1,1,0,62,1,0,1,2,1,58,9,2,4,0,2,1,1,201300057085B02,7,17,1,249730037
201300057086,2013-01-15,2013,janvier,mardi,10:15,973,97353,0,0,2,1,7,1,1,4,2,02,4,2,0,52,1,0,1,3,2,16,5,3,1,0,0,7,0,201300057086A01,,,,249730037
201300057086,2013-01-15,2013,janvier,mardi,10:15,973,97353,0,0,2,1,7,1,1,4,2,02,4,2,0,52,1,0,1,4,2,16,0,3,1,0,0,7,0,201300057086A01,,,,249730037
201300057114,2013-05-01,2013,mai,mercredi,23:15,974,97402,0,0,1,1,1,3,1,2,3,04,1,1,10,196,1,0,1,3,1,23,5,2,4,0,2,1,5,201300057114A01,30,1,1,249740093
201300057115,2013-09-20,2013,septembre,vendredi,18:45,974,97402,0,0,1,1,1,3,1,2,3,04,1,3,0,60,1,0,1,3,1,29,5,2,4,0,2,6,19,201300057115B02,7,1,1,249740093
201300057121,2013-12-23,2013,décembre,lundi,08:15,974,97419,0,0,1,1,3,1,1,4,2,02,2,1,0,0,1,0,1,3,1,18,5,3,1,0,2,7,16,201300057121B02,7,1,1,249740093
201300057124,2013-01-07,2013,janvier,lundi,18:00,974,97406,0,0,2,1,2,1,1,3,2,02,1,1,0,72,1,0,1,4,1,19,5,3,1,0,2,1,1,201300057124A01,7,2,1,249740093
201300057126,2013-12-07,2013,décembre,samedi,17:30,974,97406,0,0,2,1,2,1,2,4,2,02,1,1,36,120,2,0,1,3,1,12,5,3,1,0,2,4,2,201300057126B02,7,2,1,249740093
201300057140,2013-08-25,2013,août,dimanche,07:30,974,97415,0,0,1,1,2,1,1,2,2,02,1,1,0,80,1,0,1,3,1,61,5,1,2,0,2,4,2,201300057140A01,7,2,1,249740101
201300057145,2013-08-18,2013,août,dimanche,13:30,974,97415,0,0,1,1,2,1,1,3,2,00,1,1,55,0,1,0,1,3,1,50,5,3,1,0,0,4,0,201300057145B02,7,1,1,249740101
201300057148,2013-01-17,2013,janvier,jeudi,17:00,974,97414,0,0,2,1,1,1,1,3,2,02,2,1,0,65,1,0,1,3,1,12,5,3,1,0,2,1,16,201300057148A01,7,1,1,249740077
201300057148,2013-01-17,2013,janvier,jeudi,17:00,974,97414,0,0,2,1,1,1,1,3,2,02,2,1,0,65,1,0,1,4,1,16,0,3,1,0,2,1,16,201300057148A01,7,1,1,249740077
201300057149,2013-01-28,2013,janvier,lundi,16:30,974,97414,0,0,2,1,3,1,1,4,2,00,2,1,0,64,1,5,1,3,1,28,5,1,2,0,0,1,1,201300057149B02,10,15,1,249740077
201300057150,2013-03-05,2013,mars,mardi,18:45,974,97414,0,0,1,1,1,2,1,3,-1,02,1,1,0,60,1,0,1,3,1,31,0,1,2,0,0,0,0,201300057150B02,10,15,1,249740077
201300057153,2013-08-12,2013,août,lundi,18:00,974,97414,0,0,2,1,1,2,1,4,2,02,3,1,55,50,1,0,1,3,1,12,5,3,1,0,2,3,19,201300057153B02,7,1,1,249740077
201300057155,2013-10-14,2013,octobre,lundi,14:00,974,97414,0,0,2,1,1,1,1,4,2,02,1,1,65,0,1,5,1,3,1,14,5,3,1,0,2,1,15,201300057155A01,7,1,1,249740077
201300057159,2013-07-02,2013,juillet,mardi,16:00,974,97403,0,0,1,1,3,1,1,3,2,02,3,2,0,55,1,0,1,3,1,13,5,2,2,0,2,1,1,201300057159B02,38,1,1,249740085
201300057183,2013-08-25,2013,août,dimanche,19:15,974,97417,0,0,1,1,6,3,1,4,2,01,2,3,0,31,1,0,3,2,1,22,5,3,1,2,0,1,0,201300057183A01,,,,249740085
201300057184,2013-09-08,2013,septembre,dimanche,06:45,974,97417,0,0,2,1,2,1,1,2,2,02,1,1,0,70,1,0,1,4,1,62,5,1,2,0,0,4,2,201300057184B02,7,2,1,249740085
201300057187,2013-04-20,2013,avril,samedi,10:45,974,97422,0,0,1,3,3,1,1,4,2,01,2,2,45,0,1,0,1,3,1,14,5,3,1,0,0,1,16,201300057187B02,7,1,1,249740085
201300057189,2013-06-27,2013,juin,jeudi,20:00,974,97422,0,0,1,1,1,3,1,4,2,02,4,1,0,50,1,0,1,3,1,15,5,2,2,0,2,1,21,201300057189A01,7,1,1,249740085
201300057221,2013-02-02,2013,février,samedi,12:30,971,97103,0,0,2,1,1,1,1,9,2,00,2,1,0,0,1,0,1,3,1,25,0,3,1,0,2,1,0,201300057221A01,7,1,1,200018653
201300057223,2013-02-24,2013,février,dimanche,06:15,971,97103,0,0,2,1,6,2,1,3,-1,00,1,-1,0,55,1,0,1,3,1,55,5,1,2,0,0,4,1,201300057223B02,99,1,1,200018653
201300057228,2013-07-23,2013,juillet,mardi,07:15,971,97103,0,0,1,1,1,1,1,2,2,00,1,1,0,0,1,0,1,2,1,53,5,2,2,0,9,4,1,201300057228A01,14,1,1,200018653
201300057247,2013-01-30,2013,janvier,mercredi,17:45,973,97309,0,0,2,1,1,1,1,4,2,00,1,1,0,60,1,5,1,3,1,14,5,3,1,0,2,1,1,201300057247B02,7,1,1,249730045
201300057250,2013-02-09,2013,février,samedi,14:00,973,97309,0,0,2,1,1,1,1,3,2,02,1,1,100,0,1,0,1,3,1,18,5,2,2,0,2,0,1,201300057250B02,10,1,1,249730045
201300057253,2013-03-22,2013,mars,vendredi,17:45,973,97309,0,0,2,1,3,1,1,4,2,00,2,1,0,0,1,0,1,3,1,17,5,2,2,0,2,1,19,201300057253B02,7,1,1,249730045
201300057262,2013-07-30,2013,juillet,mardi,17:00,973,97309,0,0,2,1,4,2,1,3,2,02,2,4,0,0,1,0,0,3,1,45,5,1,2,0,2,1,1,201300057262B02,7,15,1,249730045
201300057262,2013-07-30,2013,juillet,mardi,17:00,973,97309,0,0,2,1,4,2,1,3,2,02,2,4,0,0,1,0,0,1,1,40,5,1,2,0,2,1,1,201300057262C03,7,15,1,249730045
201300057273,2013-05-01,2013,mai,mercredi,18:30,974,97415,0,0,2,1,1,3,1,3,2,02,2,2,60,60,1,0,1,2,1,14,5,2,4,0,2,1,17,201300057273A01,7,1,1,249740101
201300057280,2013-02-18,2013,février,lundi,12:00,973,97304,0,0,1,1,3,1,2,2,2,00,1,1,0,62,2,0,1,3,1,46,5,1,2,0,2,8,1,201300057280B02,10,17,1,200027548
201300057298,2013-10-26,2013,octobre,samedi,00:45,973,97307,0,0,1,1,2,5,1,2,2,02,1,1,0,70,1,0,1,2,1,19,0,1,4,0,2,4,2,201300057298B02,7,2,1,249730045
201300057313,2013-12-22,2013,décembre,dimanche,08:00,974,97413,0,0,2,1,2,1,1,2,2,00,-1,1,0,100,1,0,5,3,1,58,5,2,2,0,0,4,1,201300057313B02,7,1,1,249740101
201300057323,2013-06-09,2013,juin,dimanche,09:15,974,97414,0,0,1,1,2,1,7,2,3,04,1,1,0,130,1,0,2,3,1,40,5,1,2,0,0,4,1,201300057323B02,7,14,1,249740077
201300057325,2013-12-20,2013,décembre,vendredi,11:30,974,97414,0,0,2,2,1,1,1,3,2,02,3,1,0,50,1,5,1,3,1,13,5,3,1,0,2,8,1,201300057325A01,7,1,1,249740077
201300057330,2013-07-28,2013,juillet,dimanche,06:15,974,97410,0,0,1,1,7,1,2,2,2,02,2,1,0,75,2,0,1,4,1,19,5,2,2,0,0,0,0,201300057330A01,,,,249740093
201300057330,2013-07-28,2013,juillet,dimanche,06:15,974,97410,0,0,1,1,7,1,2,2,2,02,2,1,0,75,2,0,1,2,1,20,0,2,2,0,0,0,0,201300057330A01,,,,249740093
201300057372,2013-03-11,2013,mars,lundi,17:45,972,97207,0,0,1,1,7,1,1,3,2,02,2,1,0,57,1,0,1,3,1,43,5,1,2,0,0,0,1,201300057372A01,,,,249720053
201300057378,2013-03-15,2013,mars,vendredi,19:00,972,97214,0,0,2,1,3,5,1,4,2,02,2,1,0,70,1,0,1,3,1,18,0,1,2,0,2,7,13,201300057378B02,7,17,1,200041788
201300057395,2013-05-14,2013,mai,mardi,12:00,974,97404,0,0,1,3,1,1,1,3,2,02,1,1,0,0,1,0,1,3,1,52,5,1,2,0,2,8,1,201300057395B02,7,1,1,249740077
201300057415,2013-06-01,2013,juin,samedi,08:00,971,97105,0,0,2,6,3,1,1,2,1,00,1,1,0,0,1,0,1,4,1,57,5,1,2,0,2,0,2,201300057415B01,7,2,1,249710070
201300057432,2013-03-15,2013,mars,vendredi,20:30,971,97107,0,0,2,1,3,5,1,2,2,02,2,1,0,61,1,6,1,3,1,18,0,2,9,0,0,0,0,201300057432B01,99,2,1,249710070
201300057473,2013-03-07,2013,mars,jeudi,00:55,971,97101,0,0,1,1,2,3,1,3,2,02,1,1,0,63,1,0,1,2,1,54,0,2,4,0,2,4,2,201300057473B01,7,2,1,200018653
201300057477,2013-03-15,2013,mars,vendredi,13:55,971,97101,0,0,1,3,6,1,1,4,2,01,-1,-1,0,0,-1,0,1,3,1,8,3,3,9,0,2,0,0,201300057477A01,7,1,1,200018653
201300057491,2013-04-13,2013,avril,samedi,20:45,971,97120,0,0,2,1,1,3,1,3,2,00,1,1,0,0,1,0,1,3,1,17,5,2,4,0,2,7,19,201300057491B01,7,1,1,200018653
201300057492,2013-04-14,2013,avril,dimanche,18:00,971,97101,0,0,2,3,3,2,1,3,2,02,1,1,0,69,1,0,1,3,1,12,5,3,9,0,2,0,15,201300057492B01,7,1,1,200018653
201300057502,2013-05-07,2013,mai,mardi,10:30,971,97120,0,0,2,1,3,1,1,4,1,01,1,3,0,0,1,0,1,4,1,49,0,3,4,0,2,8,19,201300057502A01,32,1,1,200018653
201300057510,2013-06-08,2013,juin,samedi,06:50,971,97101,0,0,1,1,1,1,1,4,2,02,1,1,0,66,1,0,1,2,1,62,0,1,2,0,2,0,1,201300057510B01,7,0,1,200018653
201300057542,2013-10-20,2013,octobre,dimanche,16:30,971,97113,0,0,1,1,6,1,8,9,2,01,2,3,0,0,2,0,1,2,1,15,5,3,2,0,2,0,5,201300057542B01,3,1,1,200041507
201300057552,2013-11-11,2013,novembre,lundi,10:20,971,97101,0,0,1,6,3,1,1,2,1,02,1,2,0,0,1,0,2,3,1,55,0,1,2,0,2,8,16,201300057552B01,7,16,1,200018653
201300057655,2013-07-12,2013,juillet,vendredi,18:15,972,97209,0,0,2,1,3,2,1,2,2,02,2,4,0,60,1,0,1,3,1,32,9,1,9,0,2,1,1,201300057655B01,7,11,1,249720061
201300057666,2013-08-11,2013,août,dimanche,02:10,972,97209,0,0,2,1,6,5,1,3,3,04,1,3,0,0,1,0,1,3,1,44,5,2,4,0,2,4,13,201300057666A01,7,1,1,249720061
201300057786,2013-12-05,2013,décembre,jeudi,06:38,972,97213,0,0,1,1,3,1,1,3,2,02,-1,-1,0,0,1,0,1,4,1,51,0,3,9,0,2,1,2,201300057786B01,7,1,1,249720061
201300057797,2013-01-11,2013,janvier,vendredi,15:45,973,97302,0,0,2,1,3,1,1,4,-1,01,-1,-1,0,0,-1,0,0,3,1,16,2,2,9,0,0,2,0,201300057797A01,32,0,1,249730045
201300057800,2013-01-15,2013,janvier,mardi,20:45,973,97302,0,0,2,1,3,5,1,4,-1,01,1,1,0,110,1,0,1,4,1,18,0,2,9,0,2,1,0,201300057800A01,7,15,1,249730045
201300057811,2013-02-16,2013,février,samedi,23:15,973,97302,0,0,2,1,2,4,1,4,2,01,1,1,0,81,2,0,1,3,1,22,0,2,9,0,0,0,0,201300057811A01,7,0,1,249730045
201300057820,2013-03-21,2013,mars,jeudi,14:05,973,97302,0,0,2,3,6,1,1,4,2,01,1,1,0,80,1,0,1,4,1,58,5,3,9,0,9,1,5,201300057820B01,7,16,1,249730045
201300057848,2013-06-14,2013,juin,vendredi,14:30,973,97302,0,0,2,1,2,1,1,4,2,02,1,1,0,70,1,0,1,4,1,61,0,3,9,0,2,4,0,201300057848B01,7,0,1,249730045
201300057864,2013-07-17,2013,juillet,mercredi,12:20,973,97302,0,0,2,1,2,1,1,4,3,01,1,1,0,80,1,0,1,4,1,20,0,3,9,0,2,4,2,201300057864B01,7,2,1,249730045
201300057874,2013-08-11,2013,août,dimanche,06:55,973,97302,0,0,1,6,2,1,1,2,1,01,1,3,10,70,1,0,1,4,1,52,5,1,2,0,2,6,9,201300057874B01,7,2,1,249730045
201300057877,2013-08-26,2013,août,lundi,19:15,973,97302,0,0,2,1,6,5,1,4,2,02,1,-1,0,54,1,0,1,1,1,34,0,2,2,0,1,2,1,201300057877A01,,,,249730045
201300057889,2013-09-23,2013,septembre,lundi,20:05,973,97302,0,0,2,2,3,5,1,4,2,01,1,1,0,60,1,0,1,4,1,18,0,2,4,0,2,1,19,201300057889B01,7,1,1,249730045
201300057889,2013-09-23,2013,septembre,lundi,20:05,973,97302,0,0,2,2,3,5,1,4,2,01,1,1,0,60,1,0,1,4,2,15,0,2,4,0,2,1,19,201300057889B01,7,1,1,249730045
201300057891,2013-09-25,2013,septembre,mercredi,15:25,973,97302,0,0,2,3,3,1,1,4,2,02,-1,-1,0,0,1,0,1,4,1,11,0,2,4,0,2,3,15,201300057891A01,2,2,1,249730045
201300057897,2013-10-18,2013,octobre,vendredi,07:50,973,97302,0,0,2,3,3,1,1,4,1,02,1,1,0,0,1,0,1,3,1,28,0,3,9,0,2,7,1,201300057897B01,7,19,1,249730045
201300057915,2013-12-14,2013,décembre,samedi,12:05,973,97302,0,0,1,1,3,1,1,4,2,01,1,-1,0,60,2,0,1,3,1,21,3,3,4,0,2,0,14,201300057915B01,10,22,1,249730045
201300057916,2013-12-17,2013,décembre,mardi,16:00,973,97302,0,0,1,3,1,1,3,4,1,01,-1,-1,0,40,1,0,1,4,2,13,2,2,9,0,2,8,15,201300057916B01,2,1,1,249730045
201300057917,2013-10-05,2013,octobre,samedi,07:10,973,97302,0,0,2,1,7,3,1,3,2,02,1,1,60,60,1,0,1,2,1,57,0,3,9,0,0,0,0,201300057917B01,99,0,1,249730045
201300057960,2013-06-06,2013,juin,jeudi,15:15,974,97407,0,0,2,1,6,1,1,2,-1,01,1,-1,0,50,-1,0,1,4,1,27,0,3,9,0,1,0,0,201300057960A01,,,,249740101
201300057981,2013-08-26,2013,août,lundi,07:30,974,97407,0,0,2,1,7,1,1,4,2,02,1,1,0,40,1,0,1,4,2,33,0,3,9,1,0,1,1,201300057981B01,7,24,1,249740101
201300057996,2013-10-31,2013,octobre,jeudi,09:00,974,97407,0,0,2,1,3,1,1,4,2,01,1,1,0,138,3,0,1,4,1,17,2,2,9,0,2,1,1,201300057996B01,7,10,1,249740101
201300058010,2013-12-10,2013,décembre,mardi,17:00,974,97407,0,0,2,2,3,1,1,4,1,02,1,-1,20,70,1,0,5,3,1,41,0,2,9,0,0,1,1,201300058010B01,7,16,1,249740101
201300058020,2013-02-12,2013,février,mardi,19:25,974,97409,0,0,2,1,6,3,1,4,2,02,1,1,0,0,2,0,1,4,1,19,5,2,4,0,2,1,1,201300058020B01,7,16,1,249740093
201300058022,2013-02-18,2013,février,lundi,07:15,974,97409,0,0,2,1,6,1,2,4,2,00,1,1,0,0,1,0,1,4,1,13,2,2,2,0,2,1,9,201300058022B01,10,2,1,249740093
201300058028,2013-03-08,2013,mars,vendredi,14:00,974,97409,0,0,1,1,6,1,1,4,2,02,2,3,0,45,1,0,1,3,1,18,0,3,9,0,2,0,1,201300058028A01,20,1,1,249740093
201300058030,2013-04-04,2013,avril,jeudi,05:40,974,97409,0,0,2,1,2,3,2,3,2,02,-1,-1,0,61,2,0,1,4,1,22,0,2,9,0,0,4,2,201300058030B01,7,2,1,249740093
201300058038,2013-04-29,2013,avril,lundi,18:55,974,97409,0,0,1,1,3,5,1,4,2,02,-1,-1,0,60,1,0,1,4,1,33,0,3,9,0,2,3,2,201300058038B01,7,15,1,249740093
201300058039,2013-03-13,2013,mars,mercredi,17:55,974,97409,0,0,1,1,1,2,1,4,2,02,1,1,0,0,1,0,0,4,1,59,0,3,9,0,2,2,1,201300058039B01,7,15,1,249740093
201300058040,2013-04-10,2013,avril,mercredi,18:55,974,97409,0,0,1,1,2,3,1,4,2,02,-1,-1,0,0,1,0,1,4,1,23,0,3,9,0,0,0,2,201300058040A01,99,2,1,249740093
201300058048,2013-03-15,2013,mars,vendredi,10:40,974,97409,0,0,2,2,3,1,1,4,2,02,1,1,0,68,1,0,1,4,1,12,5,2,2,0,2,1,19,201300058048A01,7,1,1,249740093
201300058055,2013-06-08,2013,juin,samedi,14:30,974,97409,0,0,2,1,5,1,1,4,2,02,1,1,0,0,1,0,1,4,1,45,0,1,9,0,2,0,0,201300058055B01,7,0,1,249740093
201300058055,2013-06-08,2013,juin,samedi,14:30,974,97409,0,0,2,1,5,1,1,4,2,02,1,1,0,0,1,0,1,4,1,11,0,1,9,0,2,0,0,201300058055C01,7,0,1,249740093
201300058058,2013-06-28,2013,juin,vendredi,14:15,974,97409,0,0,2,1,2,1,1,3,2,02,1,1,0,0,1,0,1,4,1,25,0,3,9,0,2,1,0,201300058058A01,7,0,1,249740093
201300058063,2013-07-09,2013,juillet,mardi,18:55,974,97409,0,0,2,1,2,5,1,2,2,02,1,1,0,0,-1,0,0,4,1,16,0,3,9,0,2,0,0,201300058063A01,7,0,1,249740093
201300058064,2013-07-10,2013,juillet,mercredi,21:00,974,97409,0,0,2,1,7,5,1,4,2,01,1,1,0,0,1,0,0,4,1,13,0,3,9,0,0,0,0,201300058064A01,,,,249740093
201300058069,2013-10-20,2013,octobre,dimanche,20:00,974,97409,0,0,2,3,3,5,1,4,2,01,-1,-1,0,70,1,0,1,4,1,19,5,2,4,0,2,1,5,201300058069A01,7,15,1,249740093
201300058132,2013-06-28,2013,juin,vendredi,19:50,974,97411,0,0,2,1,6,3,1,4,1,01,1,3,0,0,1,0,1,1,1,19,0,3,9,0,1,1,0,201300058132A01,,,,249740119
201300058132,2013-06-28,2013,juin,vendredi,19:50,974,97411,0,0,2,1,6,3,1,4,1,01,1,3,0,0,1,0,1,4,1,59,0,3,9,0,1,1,0,201300058132A01,,,,249740119
201300058166,2013-11-27,2013,novembre,mercredi,12:55,974,97411,0,0,2,4,5,1,1,4,1,02,1,1,0,69,1,0,0,4,1,41,0,3,9,0,2,1,0,201300058166C01,2 / 33,0,2,249740119
201300058198,2013-01-13,2013,janvier,dimanche,11:30,974,97416,0,0,2,1,7,1,1,4,2,02,2,1,0,50,1,0,1,4,1,18,9,3,9,16,0,1,21,201300058198A01,,,,249740077
201300058211,2013-02-11,2013,février,lundi,15:15,974,97416,0,0,1,1,2,1,1,4,2,02,1,1,0,60,1,0,1,4,1,15,9,2,9,0,2,1,1,201300058211B01,7,1,1,249740077
201300058217,2013-02-24,2013,février,dimanche,16:25,974,97416,0,0,1,1,3,1,2,4,2,02,2,1,0,50,1,0,1,4,1,12,9,3,9,0,2,8,1,201300058217A01,7,1,1,249740077
201300058241,2013-04-04,2013,avril,jeudi,23:05,974,97416,0,0,2,1,3,5,1,4,-1,02,-1,-1,0,50,-1,0,1,4,1,42,0,3,9,0,2,1,5,201300058241B01,7,15,1,249740077
201300058255,2013-05-02,2013,mai,jeudi,19:10,974,97416,0,0,2,1,6,3,1,4,2,02,-1,-1,0,50,-1,0,1,4,1,60,0,1,2,0,2,0,1,201300058255A01,7,1,1,249740077
201300058257,2013-05-04,2013,mai,samedi,23:00,974,97416,0,0,2,1,6,3,1,4,-1,01,-1,-1,0,50,-1,0,0,4,1,30,0,2,2,0,0,0,0,201300058257A01,,,,249740077
201300058260,2013-05-08,2013,mai,mercredi,08:00,974,97416,0,0,1,1,6,1,1,4,2,02,-1,-1,0,50,-1,0,1,4,1,46,0,3,9,0,2,1,2,201300058260B01,7,2,1,249740077
201300058263,2013-05-16,2013,mai,jeudi,07:45,974,97416,0,0,2,1,6,1,1,4,-1,00,-1,-1,0,50,-1,0,1,4,1,54,0,3,9,0,0,1,21,201300058263A01,,,,249740077
201300058277,2013-06-03,2013,juin,lundi,18:14,974,97416,0,0,1,1,7,5,1,4,2,02,1,1,0,50,1,0,1,4,1,14,9,1,4,0,0,0,1,201300058277A01,,,,249740077
201300058284,2013-06-12,2013,juin,mercredi,16:50,974,97416,0,0,2,1,3,1,1,4,2,02,1,1,0,50,1,0,1,4,1,14,0,1,2,0,2,1,19,201300058284A01,7,1,1,249740077
201300058298,2013-07-12,2013,juillet,vendredi,16:35,974,97416,0,0,2,3,3,1,1,4,1,02,2,1,0,70,1,0,1,4,2,44,0,1,2,0,2,7,15,201300058298B01,7,15,1,249740077
201300058312,2013-08-09,2013,août,vendredi,14:30,974,97416,0,0,1,3,3,1,1,2,2,02,2,1,0,70,1,0,1,4,1,13,9,2,9,0,2,1,1,201300058312B01,7,21,1,249740077
201300058359,2013-10-26,2013,octobre,samedi,12:00,974,97416,0,0,1,1,6,1,1,4,2,02,-1,1,0,70,1,0,1,4,2,9,9,3,9,0,1,1,1,201300058359A01,,,,249740077
201300058361,2013-11-04,2013,novembre,lundi,18:00,974,97416,0,0,1,1,3,1,1,2,1,02,1,1,0,80,1,0,1,4,1,39,9,3,9,0,2,4,1,201300058361B01,7,17,1,249740077
201300058386,2013-12-16,2013,décembre,lundi,19:25,974,97416,0,0,2,3,3,3,1,4,1,01,1,1,0,60,2,0,1,4,1,15,9,3,9,0,2,1,1,201300058386A01,7,1,1,249740077