Num_Acc,date,an,mois,jour,hrmn,dep,com,lat,long,agg,int,col,lum,atm,catr,circ,nbv,prof,plan,lartpc,larrout,surf,infra,situ,grav,sexe,age,trajet,secuexist,equipement,obs,obsm,choc,manv,vehiculeid,typevehicules,manoeuvehicules,numVehicules,_infos_commune.code_epci
201400002284,2014-09-10,2014,septembre,mercredi,10:00,85,85092,46.46485,-0.82378,2,6,2,1,1,3,-1,00,-1,-1,0,0,1,5,0,3,2,59,3,2,2,0,2,4,2,201400002284A01,10,0,1,200071934
201400002290,2014-04-23,2014,avril,mercredi,14:45,85,85267,46.3405,-1.083,1,1,5,1,2,3,2,00,1,1,0,70,2,0,1,1,1,24,5,1,2,0,9,0,1,201400002290C03,7 / 21,13 / 1,2,200073260
201400002290,2014-04-23,2014,avril,mercredi,14:45,85,85267,46.3405,-1.083,1,1,5,1,2,3,2,00,1,1,0,70,2,0,1,3,1,26,0,1,2,0,9,0,1,201400002290C03,7 / 21,13 / 1,2,200073260
201400002298,2014-12-15,2014,décembre,lundi,17:00,85,85128,46.45773,-1.16499,2,1,1,1,2,4,2,02,1,1,0,58,2,0,1,3,2,59,1,1,4,0,2,8,1,201400002298B02,7,15,1,200073260
201400002324,2014-08-17,2014,août,dimanche,09:30,85,85006,46.73901,-1.78269,1,1,1,1,1,3,-1,00,-1,-1,70,0,-1,0,0,3,1,60,5,1,2,0,0,4,1,201400002324B02,7,1,1,200072882
201400002337,2014-07-25,2014,juillet,vendredi,12:30,85,85236,46.62953,-1.69024,1,1,2,1,1,3,2,00,3,1,0,50,1,0,1,3,1,41,5,1,2,0,2,8,1,201400002337B02,10,17,1,248500530
201400002349,2014-03-26,2014,mars,mercredi,12:15,85,85035,46.61909,-1.8715,2,6,3,1,1,4,2,02,-1,1,0,0,1,5,5,3,2,58,5,1,9,0,0,7,19,201400002349B02,7,1,1,200023778
201400002353,2014-04-25,2014,avril,vendredi,08:30,85,85222,46.70154,-1.95052,2,6,3,1,1,3,2,02,1,1,0,140,1,0,1,3,1,38,1,1,9,0,2,7,1,201400002353B02,7,1,1,200023778
201400002354,2014-05-14,2014,mai,mercredi,14:15,85,85222,46.69817,-1.94737,2,8,3,1,1,9,1,01,-1,1,0,0,1,4,0,3,1,60,5,1,9,0,9,3,0,201400002354B02,39,0,1,200023778
201400002356,2014-05-22,2014,mai,jeudi,16:30,85,85071,46.76185,-1.83725,2,7,1,1,1,3,2,02,1,1,0,40,1,0,1,3,2,78,5,1,9,0,2,1,1,201400002356B02,7,15,1,200023778
201400002357,2014-05-28,2014,mai,mercredi,16:15,85,85100,46.67056,-1.90454,2,1,1,1,1,3,2,02,1,1,20,60,1,0,1,3,1,62,3,2,2,0,2,0,19,201400002357B02,7,1,1,200023778
201400002358,2014-05-30,2014,mai,vendredi,17:00,85,85243,46.59863,-1.83117,2,6,3,1,1,3,2,00,1,1,0,90,1,0,1,3,1,40,5,1,2,0,2,1,1,201400002358B02,10,19,1,200023778
201400002363,2014-10-14,2014,octobre,mardi,07:50,85,85088,46.70159,-1.89552,1,1,6,2,1,4,2,00,1,1,0,46,1,0,1,3,1,15,0,1,4,,2,1,1,201400002363B02,33,17,1,200023778
201400002393,2014-04-22,2014,avril,mardi,09:30,85,85288,46.46464,-1.6226,2,1,3,1,1,4,1,01,2,-1,30,0,1,0,5,3,1,75,5,1,2,0,2,1,1,201400002393B02,7,16,1,200071900
201400002396,2014-06-26,2014,juin,jeudi,19:30,85,85114,46.4338,-1.57805,1,1,1,1,1,3,2,02,1,1,0,0,1,0,1,2,1,10,5,1,9,0,2,7,19,201400002396A01,10,1,1,200071900
201400002405,2014-09-27,2014,septembre,samedi,09:15,33,33498,0,0,2,1,5,1,7,3,2,00,2,1,0,62,1,0,1,2,2,77,5,2,4,0,0,8,1,201400002405A01,7,1,2,243301405
201400002446,2014-09-05,2014,septembre,vendredi,07:45,33,33100,0,0,1,2,3,1,1,3,2,00,1,1,0,74,1,0,1,3,1,13,2,1,2,0,2,8,19,201400002446A01,7,1,1,200023794
201400002477,2014-03-15,2014,mars,samedi,15:30,33,33505,0,0,1,1,2,1,1,3,2,02,2,1,0,56,1,0,1,3,1,57,5,1,2,0,0,4,2,201400002477B02,7,2,1,243301215
201400002555,2014-05-02,2014,mai,vendredi,17:00,33,33091,0,0,1,1,3,1,1,3,2,02,1,3,0,52,1,0,1,3,1,58,5,2,2,0,2,1,1,201400002555B02,7,15,1,
201400002567,2014-09-17,2014,septembre,mercredi,13:30,33,33514,0,0,2,1,3,1,1,4,2,02,1,1,0,57,1,0,1,3,2,80,5,3,1,0,2,8,5,201400002567B02,7,19,1,200070720
201400002610,2014-06-24,2014,juin,mardi,14:00,24,24026,45.1952,0.80867,2,2,3,1,1,3,2,00,1,1,0,60,1,0,1,3,1,16,5,3,1,0,2,1,15,201400002610B02,7,1,1,200040392
201400002621,2014-03-20,2014,mars,jeudi,16:45,24,24372,45.1481,0.53464,2,1,3,1,1,3,2,01,1,1,0,61,1,0,1,3,1,71,5,2,4,0,2,8,19,201400002621A01,7,1,1,200040095
201400002667,2014-03-29,2014,mars,samedi,14:30,24,24371,45.1859,0.49523,2,4,1,1,1,3,2,02,2,2,0,0,1,0,1,3,1,52,5,1,2,0,2,2,1,201400002667B02,7,15,1,200040095
201400002668,2014-06-11,2014,juin,mercredi,07:30,24,24154,45.2472,0.45945,1,4,3,1,1,3,2,02,1,1,0,72,1,0,1,3,1,67,5,1,2,0,2,7,15,201400002668B02,7,1,1,200040400
201400002708,2014-06-20,2014,juin,vendredi,19:30,24,24547,45.1312,1.29624,2,1,3,1,1,4,2,00,1,1,0,0,1,0,1,3,1,7,5,3,2,0,2,1,2,201400002708B02,7,2,1,200041150
201400002722,2014-09-24,2014,septembre,mercredi,15:30,40,40309,43.77635,-0.74149,1,1,3,1,1,3,2,02,1,1,0,0,1,0,1,3,1,51,5,1,2,0,2,8,1,201400002722B02,17,2,1,244000766
201400002740,2014-10-18,2014,octobre,samedi,18:00,40,40065,43.64919,-1.44318,2,3,3,1,1,4,2,02,-1,-1,60,0,-1,0,0,3,1,64,5,2,2,0,2,1,19,201400002740B02,7,1,1,244000865
201400002782,2014-03-17,2014,mars,lundi,14:30,40,40217,44.34588,-1.07076,2,9,3,1,1,4,-1,02,1,1,0,0,1,0,1,3,1,65,5,1,2,0,2,1,19,201400002782A01,7,1,1,244000873
201400002817,2014-10-24,2014,octobre,vendredi,15:00,40,40331,43.88184,-0.31418,2,1,1,1,7,4,2,02,1,1,0,0,1,0,1,4,1,67,5,1,2,0,2,1,1,201400002817B02,7,15,1,244000774
201400002818,2014-01-08,2014,janvier,mercredi,08:15,47,47091,44.1687,0.57709,2,3,1,1,1,4,,,,,,,,,,3,1,69,5,1,2,0,2,1,1,201400002818A01,7,2,1,200096956
201400002827,2014-05-12,2014,mai,lundi,16:15,47,47091,44.1823,0.57291,1,3,3,1,1,3,-1,00,1,1,0,90,1,5,1,3,2,60,5,1,4,0,2,2,1,201400002827B02,7,15,1,200096956
201400002833,2014-03-20,2014,mars,jeudi,07:15,47,47276,0,0,1,3,1,2,1,4,2,02,1,1,,,1,,,3,2,17,2,2,4,0,2,1,1,201400002833B02,7,15,1,200068922
201400002839,2014-08-22,2014,août,vendredi,18:00,47,47087,44.2573,0.92278,1,1,7,1,1,4,2,02,2,1,0,37,1,0,1,3,1,36,5,2,2,0,0,0,1,201400002839A01,,,,200096956
201400002842,2014-10-27,2014,octobre,lundi,18:00,47,47274,44.1615,0.78214,1,4,3,2,1,3,2,02,1,1,0,100,1,0,1,3,1,14,5,2,2,0,2,8,15,201400002842B02,7,2,1,200096956
201400002872,2014-10-19,2014,octobre,dimanche,09:00,47,47101,44.455,0.14981,1,1,6,1,1,3,2,00,1,1,0,0,1,0,1,4,1,22,0,2,2,0,0,4,1,201400002872B02,7,0,1,200030674
201400002877,2014-05-10,2014,mai,samedi,11:30,47,47205,0,0,1,1,2,1,1,3,2,02,1,1,0,54,1,0,1,3,1,52,5,1,2,0,0,4,1,201400002877B02,7,1,1,244701355
201400002896,2014-03-01,2014,mars,samedi,12:15,64,64315,43.301,-0.418,1,6,3,1,8,3,1,01,1,2,0,78,2,0,1,4,1,33,5,1,2,0,2,7,6,201400002896B02,7,9,1,200067254
201400002898,2014-05-10,2014,mai,samedi,16:00,64,64230,43.232,-0.381,1,1,7,1,1,3,2,02,2,4,0,75,1,0,3,3,1,12,5,1,2,13,0,0,1,201400002898A01,,,,200067254
201400002915,2014-06-14,2014,juin,samedi,08:00,64,64068,43.123,-0.255,1,1,1,1,1,3,2,00,-1,1,0,76,1,0,1,3,1,51,5,3,1,0,2,7,2,201400002915A01,7,1,1,246401756
201400002923,2014-05-22,2014,mai,jeudi,12:45,64,64234,0,0,1,1,1,1,1,3,2,02,1,-1,0,40,1,0,1,3,1,52,5,1,2,0,2,1,19,201400002923A01,7,5,1,200067239
201400002931,2014-08-25,2014,août,lundi,19:45,64,64102,0,0,2,1,2,1,1,3,2,02,-1,3,0,0,1,0,1,3,1,51,1,2,2,0,2,4,2,201400002931B02,10,2,1,200067106
201400002980,2014-07-29,2014,juillet,mardi,10:45,64,64214,43.269,-0.879,2,1,7,1,1,3,2,00,1,1,0,65,1,0,1,3,1,79,5,2,2,0,0,0,2,201400002980A01,,,,200067106
201400002982,2014-07-07,2014,juillet,lundi,08:30,64,64477,0,0,1,9,1,1,8,3,2,00,2,4,0,68,2,0,1,3,1,42,5,1,2,0,2,1,13,201400002982B02,7,1,1,200067106
201400002991,2014-06-08,2014,juin,dimanche,08:15,64,64106,43.317,-1.01,1,1,2,1,1,3,2,02,1,1,16,93,1,5,1,3,1,43,5,2,2,0,0,4,1,201400002991B02,7,1,1,200067106
201400003016,2014-07-18,2014,juillet,vendredi,15:30,64,64204,42.967,-0.347,1,1,1,1,1,3,2,00,2,2,0,0,1,0,1,3,1,35,5,1,2,0,2,1,13,201400003016A01,10,1,1,246400337
201400003045,2014-03-22,2014,mars,samedi,18:00,86,86141,0,0,1,1,6,1,8,3,2,02,1,1,0,60,1,0,1,4,1,55,5,3,1,0,0,0,0,201400003045A01,,,,200070035
201400003099,2014-07-20,2014,juillet,dimanche,13:30,86,86006,46.541,0.852,2,1,7,1,1,3,2,01,2,1,0,52,1,0,1,3,1,48,5,3,1,0,0,1,1,201400003099A01,,,,200070043
201400003108,2014-10-24,2014,octobre,vendredi,17:00,16,16146,45.6021,0.29762,1,3,1,1,1,3,2,02,2,1,0,41,1,0,1,3,1,57,5,1,4,0,2,1,1,201400003108B02,7,15,1,200071827
201400003161,2014-05-31,2014,mai,samedi,17:15,16,16388,45.63238,0.04025,1,3,5,1,1,3,2,02,2,1,0,48,1,0,1,3,1,45,5,1,2,0,2,1,1,201400003161B02,7,15,1,200071827
201400003161,2014-05-31,2014,mai,samedi,17:15,16,16388,45.63238,0.04025,1,3,5,1,1,3,2,02,2,1,0,48,1,0,1,3,1,41,5,1,2,0,2,1,1,201400003161C03,7,15,1,200071827
201400003172,2014-06-30,2014,juin,lundi,14:00,17,17466,46.19326,-0.96715,2,6,3,1,1,3,2,02,1,2,0,50,1,0,1,3,1,48,1,1,2,0,0,7,1,201400003172B02,7,1,1,241700434
201400003183,2014-03-09,2014,mars,dimanche,16:30,17,17161,46.18247,-1.31455,1,1,1,1,1,3,2,00,1,1,0,72,1,0,1,2,1,55,5,1,2,0,2,4,2,201400003183B02,7,2,1,241700459
201400003192,2014-09-11,2014,septembre,jeudi,11:30,17,17051,46.1861,-1.37134,1,3,7,1,1,3,2,02,1,1,0,56,1,5,5,2,2,73,5,2,2,0,0,0,0,201400003192A01,,,,241700459
201400003195,2014-10-28,2014,octobre,mardi,10:45,17,17369,46.19393,-1.34696,2,6,1,1,1,3,2,02,1,-1,0,0,1,0,1,3,2,65,5,2,2,0,2,8,1,201400003195B02,7,16,1,241700459
201400003202,2014-06-24,2014,juin,mardi,21:45,17,17341,0,0,1,1,7,1,1,3,2,00,2,1,0,48,1,0,1,3,1,69,5,2,2,0,0,0,1,201400003202A01,,,,200041523
201400003204,2014-09-21,2014,septembre,dimanche,10:30,17,17197,45.43786,-0.45102,1,6,3,1,1,3,1,00,-1,1,0,92,1,0,1,3,1,85,5,1,4,0,2,1,1,201400003204B02,7,16,1,200041523
201400003217,2014-08-02,2014,août,samedi,18:15,17,17231,45.36048,-0.32582,1,1,1,1,1,3,2,02,-1,3,0,50,1,0,0,2,2,79,9,3,1,0,2,8,5,201400003217A01,7,1,1,200041523
201400003227,2014-09-12,2014,septembre,vendredi,17:45,17,17219,45.82365,-1.11786,2,3,6,1,1,4,2,01,2,1,,,1,0,1,3,2,67,5,1,2,0,2,8,15,201400003227A01,7,1,1,241700699
201400003239,2014-06-03,2014,juin,mardi,11:30,17,17140,45.91058,-1.26424,2,6,3,1,1,3,2,02,1,1,0,50,1,5,1,3,2,66,5,2,2,0,2,2,1,201400003239B02,7,1,1,241700624
201400003240,2014-06-13,2014,juin,vendredi,09:00,17,17385,45.92286,-1.32599,2,2,3,1,1,3,2,00,-1,1,0,55,1,0,1,2,1,80,3,2,2,0,0,0,1,201400003240B02,7,16,1,241700624
201400003241,2014-07-22,2014,juillet,mardi,18:45,17,17486,46.01329,-1.345,2,2,3,1,1,4,2,02,1,1,0,46,1,0,1,1,1,18,5,2,2,0,0,1,1,201400003241A01,1,1,1,241700624
201400003241,2014-07-22,2014,juillet,mardi,18:45,17,17486,46.01329,-1.345,2,2,3,1,1,4,2,02,1,1,0,46,1,0,1,1,1,17,0,2,2,0,0,1,1,201400003241A01,1,1,1,241700624
201400003241,2014-07-22,2014,juillet,mardi,18:45,17,17486,46.01329,-1.345,2,2,3,1,1,4,2,02,1,1,0,46,1,0,1,3,2,71,5,2,2,0,0,1,1,201400003241B02,1,1,1,241700624
201400003260,2014-11-09,2014,novembre,dimanche,08:15,17,17409,45.67176,-1.00076,1,1,2,2,1,3,2,02,1,1,0,90,2,0,1,3,1,65,5,1,2,0,2,6,1,201400003260A01,7,2,1,241700640
201400003266,2014-03-16,2014,mars,dimanche,14:00,17,17253,45.98784,-0.90393,1,1,1,1,1,3,2,02,1,1,0,50,1,0,1,2,1,80,5,1,2,0,2,1,1,201400003266B02,7,13,1,200041762
201400003274,2014-07-28,2014,juillet,lundi,15:30,17,17434,46.107,-0.768,1,2,1,1,1,3,2,02,1,1,0,0,1,0,1,3,1,81,5,2,2,0,2,3,1,201400003274B02,7,15,1,200041614
201400003302,2014-10-31,2014,octobre,vendredi,07:45,17,17284,45.83085,-0.90285,1,1,2,1,1,3,2,02,2,1,0,61,1,0,1,2,1,71,5,1,2,8,0,4,1,201400003302B02,10,1,1,241700517
201400003318,2014-10-12,2014,octobre,dimanche,10:45,17,17220,45.53389,-0.46159,1,1,1,1,1,3,2,02,4,1,0,39,1,0,1,3,2,61,5,1,2,0,2,1,1,201400003318B02,7,13,1,200041523
201400003325,2014-08-31,2014,août,dimanche,10:45,17,17307,45.69192,-0.90119,1,2,5,1,1,3,2,02,1,1,0,60,1,0,1,4,1,44,5,1,2,0,2,8,1,201400003325D04,7,15,1,241700640
201400003325,2014-08-31,2014,août,dimanche,10:45,17,17307,45.69192,-0.90119,1,2,5,1,1,3,2,02,1,1,0,60,1,0,1,3,1,46,5,1,2,0,2,8,1,201400003325B02,7,15,1,241700640
201400003325,2014-08-31,2014,août,dimanche,10:45,17,17307,45.69192,-0.90119,1,2,5,1,1,3,2,02,1,1,0,60,1,0,1,1,1,47,5,2,2,0,0,0,1,201400003325C03,7,15,1,241700640
201400003325,2014-08-31,2014,août,dimanche,10:45,17,17307,45.69192,-0.90119,1,2,5,1,1,3,2,02,1,1,0,60,1,0,1,3,1,42,5,1,2,0,2,1,1,201400003325E05,7,15,1,241700640
201400003325,2014-08-31,2014,août,dimanche,10:45,17,17307,45.69192,-0.90119,1,2,5,1,1,3,2,02,1,1,0,60,1,0,1,4,1,42,5,1,2,0,2,1,1,201400003325F06,7,15,1,241700640
201400003348,2014-10-26,2014,octobre,dimanche,17:15,17,17358,46.02959,-0.264,1,1,2,1,7,3,2,01,1,2,0,0,1,0,1,3,2,49,5,2,2,0,2,4,1,201400003348B02,7,1,1,200041689
201400003369,2014-06-09,2014,juin,lundi,12:45,79,79013,0,0,1,2,3,1,1,3,2,00,-1,1,0,57,1,0,1,3,1,15,0,3,9,0,0,0,0,201400003369B02,7,2,1,200040244
201400003468,2014-10-18,2014,octobre,samedi,10:30,19,19163,45.0632,1.73783,2,1,6,1,1,3,2,02,-1,1,0,56,1,0,1,3,1,54,5,1,2,0,5,1,1,201400003468A01,,,,200066769
201400003471,2014-03-16,2014,mars,dimanche,14:45,19,19246,45.224,1.45093,1,2,6,1,1,3,2,02,-1,2,0,73,1,0,1,2,1,15,5,2,2,0,2,0,0,201400003471A01,7,13,1,200043172
201400003474,2014-10-18,2014,octobre,samedi,15:45,19,19274,45.1978,1.50458,1,3,3,1,1,3,2,02,2,1,0,105,1,0,1,3,2,60,5,2,2,0,2,8,1,201400003474B02,7,15,1,200043172
201400003508,2014-09-23,2014,septembre,mardi,21:00,31,31163,0,0,1,1,1,1,1,3,2,02,1,1,0,55,1,0,1,3,1,37,5,1,2,0,2,1,1,201400003508B02,7,15,1,243100518
201400003520,2014-04-06,2014,avril,dimanche,11:00,31,31202,0,0,1,1,5,1,1,4,2,02,2,3,0,57,1,0,1,3,1,46,0,3,2,0,2,1,0,201400003520E05,7,1,1,200034957
201400003520,2014-04-06,2014,avril,dimanche,11:00,31,31202,0,0,1,1,5,1,1,4,2,02,2,3,0,57,1,0,1,3,1,47,0,3,2,0,2,1,13,201400003520C03,7,1,1,200034957
201400003520,2014-04-06,2014,avril,dimanche,11:00,31,31202,0,0,1,1,5,1,1,4,2,02,2,3,0,57,1,0,1,3,1,41,0,3,2,0,2,1,13,201400003520D04,7,1,1,200034957
201400003520,2014-04-06,2014,avril,dimanche,11:00,31,31202,0,0,1,1,5,1,1,4,2,02,2,3,0,57,1,0,1,3,1,39,0,3,2,0,2,1,13,201400003520A01,7,1,1,200034957
201400003525,2014-03-11,2014,mars,mardi,16:15,31,31232,43.76464,1.28949,1,1,1,1,1,4,2,00,1,1,60,0,1,0,0,3,1,51,0,1,2,0,2,3,1,201400003525B02,7,17,1,200071314
201400003530,2014-06-18,2014,juin,mercredi,19:45,31,31553,0,0,2,1,1,1,7,3,2,02,1,1,0,60,1,0,1,2,1,58,5,1,2,0,2,1,1,201400003530B02,7,15,1,200071314
201400003545,2014-07-22,2014,juillet,mardi,11:45,31,31433,0,0,1,3,3,1,7,3,2,00,1,1,0,90,1,0,1,3,1,63,5,1,2,0,2,1,1,201400003545A01,10,19,1,200068641
201400003572,2014-07-26,2014,juillet,samedi,11:30,31,31165,0,0,1,1,1,1,1,3,2,02,1,2,0,58,1,0,1,4,1,47,5,1,2,0,2,1,1,201400003572A01,7,12,1,200068641
201400003589,2014-05-09,2014,mai,vendredi,17:00,31,31033,43.35067,1.47854,2,4,3,1,1,3,2,02,2,1,0,0,1,0,1,3,1,15,5,2,9,0,2,1,15,201400003589B02,7,1,1,200068807
201400003604,2014-12-23,2014,décembre,mardi,15:15,31,31396,0,0,1,6,2,1,1,3,-1,02,1,3,0,70,1,5,1,3,1,34,5,1,2,0,2,8,16,201400003604B02,7,16,1,200071298
201400003607,2014-03-11,2014,mars,mardi,10:00,31,31399,0,0,1,1,6,1,1,3,2,02,1,1,0,49,1,0,1,3,1,47,5,1,2,0,0,4,1,201400003607A01,,,,200066819
201400003631,2014-04-28,2014,avril,lundi,17:45,31,31499,43.50464,1.19577,2,1,1,1,7,3,2,02,1,1,0,42,1,0,1,3,1,15,5,2,2,0,2,7,11,201400003631B02,7,1,1,200068641
201400003650,2014-11-10,2014,novembre,lundi,16:15,31,31246,0,0,1,6,3,1,7,3,2,02,1,2,0,0,1,0,1,3,1,82,0,3,1,0,2,7,1,201400003650B02,7,1,1,200072643
201400003673,2014-07-04,2014,juillet,vendredi,17:30,31,31042,42.79235,0.59172,2,1,1,1,1,3,2,01,1,1,0,50,1,0,1,2,1,56,1,2,2,1,0,1,1,201400003673B02,7,24,1,200072635
201400003718,2014-11-08,2014,novembre,samedi,08:45,09,09015,42.87079,1.59995,2,1,6,1,1,4,2,02,-1,1,0,0,1,0,1,3,1,65,5,1,2,0,1,3,1,201400003718A01,,,,240900431
201400003725,2014-10-30,2014,octobre,jeudi,15:45,09,09245,43.0545,1.58571,1,1,7,1,1,3,2,00,-1,4,0,47,1,0,1,3,1,72,5,1,2,16,0,1,14,201400003725A01,,,,200067791
201400003735,2014-05-01,2014,mai,jeudi,15:30,09,09282,43.23882,1.57308,2,8,3,1,1,3,2,02,1,1,0,78,1,4,1,3,1,22,5,2,2,0,4,3,9,201400003735B02,39,2,1,200066231
201400003743,2014-10-10,2014,octobre,vendredi,12:00,09,09261,42.9902,1.15281,1,1,1,1,8,4,2,02,2,1,0,0,1,0,1,4,1,40,5,2,2,1,2,1,1,201400003743A01,10,13,1,200067940
201400003766,2014-06-22,2014,juin,dimanche,09:20,12,12056,44.2853,2.48128,1,1,3,1,1,2,2,02,4,1,0,70,1,0,1,3,1,76,5,1,2,0,2,3,2,201400003766A01,7,17,1,200068831
201400003785,2014-05-09,2014,mai,vendredi,14:50,12,12131,44.3897,2.67483,1,1,2,1,1,2,2,02,1,1,0,79,1,0,1,3,1,67,5,1,2,0,2,4,1,201400003785B02,7,2,1,200067478
201400003789,2014-10-23,2014,octobre,jeudi,16:00,12,12049,0,0,1,1,5,1,1,3,2,02,1,1,0,61,1,0,1,2,1,51,5,2,2,0,2,8,15,201400003789C03,7,17 / 21,2,200067478
201400003801,2014-06-14,2014,juin,samedi,14:35,12,12200,44.1897,3.15293,1,1,2,1,1,3,2,02,2,1,0,0,1,0,1,3,1,13,5,1,2,0,2,4,15,201400003801B02,2,2,1,241200567
201400003806,2014-09-16,2014,septembre,mardi,15:30,12,12204,0,0,2,1,4,1,1,3,2,00,1,1,0,0,1,0,1,3,1,64,5,1,2,14,0,1,1,201400003806A01,1,2,2,241200567
201400003806,2014-09-16,2014,septembre,mardi,15:30,12,12204,0,0,2,1,4,1,1,3,2,00,1,1,0,0,1,0,1,3,1,67,5,1,2,14,0,1,2,201400003806B02,1,1 / 2,2,241200567
201400003806,2014-09-16,2014,septembre,mardi,15:30,12,12204,0,0,2,1,4,1,1,3,2,00,1,1,0,0,1,0,1,4,1,61,5,1,2,14,0,1,2,201400003806C03,1,1 / 2,2,241200567
201400003865,2014-10-19,2014,octobre,dimanche,16:00,32,32160,0,0,1,1,7,2,1,4,2,01,2,2,0,34,1,0,1,3,1,51,5,1,2,0,0,0,1,201400003865A01,,,,200023620
201400003902,2014-06-15,2014,juin,dimanche,19:55,32,32119,43.8544,0.08919,2,2,3,1,1,4,2,02,4,1,51,0,1,0,1,2,1,5,5,2,2,0,2,1,19,201400003902B02,7,1,1,243200458
201400003918,2014-12-31,2014,décembre,mercredi,13:45,32,32208,0,0,2,6,3,1,7,2,2,02,1,1,0,72,1,5,1,3,1,71,5,1,2,0,2,7,9,201400003918B02,7,1,1,243200391
201400003968,2014-04-17,2014,avril,jeudi,13:30,46,46143,44.73203,1.92491,1,1,2,1,1,3,2,00,1,3,0,72,1,0,1,3,2,24,5,3,1,0,0,6,1,201400003968A01,21,2,1,200067361
201400003979,2014-07-03,2014,juillet,jeudi,09:45,46,46311,44.87339,2.03663,2,1,1,1,1,3,2,01,2,1,0,84,1,0,1,3,1,44,5,1,2,0,2,1,1,201400003979B02,7,15,1,200066371
201400003987,2014-12-05,2014,décembre,vendredi,14:30,46,46123,0,0,1,1,3,1,1,3,2,00,1,1,0,70,1,0,1,3,1,84,5,2,9,0,2,8,1,201400003987B02,30,14,1,200066371
201400004031,2014-05-22,2014,mai,jeudi,13:15,65,65032,0,0,1,1,6,1,1,3,2,01,2,3,61,0,1,0,1,3,1,62,5,1,2,0,0,0,16,201400004031A01,,,,200070811
201400004032,2014-06-14,2014,juin,samedi,11:30,65,65267,42.99035,-0.09703,1,1,1,1,1,4,2,02,2,4,0,69,1,0,1,3,1,65,5,3,1,0,2,3,1,201400004032B02,7,1,1,200070811
201400004033,2014-08-27,2014,août,mercredi,19:15,65,65032,42.96293,-0.23539,1,1,7,1,1,3,2,02,2,1,70,0,1,0,1,3,2,50,5,1,2,0,0,4,1,201400004033A01,,,,200070811
201400004037,2014-08-27,2014,août,mercredi,14:30,65,65463,42.87849,0.02184,1,1,1,1,1,3,2,02,2,1,0,84,1,0,1,3,1,58,5,1,2,0,2,1,1,201400004037B02,10,15,1,200070811
201400004039,2014-01-29,2014,janvier,mercredi,14:15,65,65320,43.12619,0.11639,1,1,3,1,1,3,2,02,1,1,60,0,1,0,1,3,2,67,5,2,2,0,2,1,1,201400004039B02,10,19,1,246500482
201400004046,2014-10-07,2014,octobre,mardi,18:00,65,65287,43.01882,0.61117,2,3,2,1,1,3,2,02,1,1,0,0,1,0,1,2,2,73,5,1,2,0,2,4,11,201400004046A01,7,1,1,200070829
201400004062,2014-02-17,2014,février,lundi,11:30,81,81186,44.0796,2.29339,1,4,1,1,1,3,2,00,1,1,0,50,1,0,1,3,1,46,5,1,2,0,2,1,15,201400004062B02,10,1,1,200040905
201400004084,2014-09-22,2014,septembre,lundi,17:00,81,81104,43.7685,1.77289,1,1,3,1,1,3,2,02,1,1,0,70,1,0,1,4,1,83,5,2,2,0,2,8,0,201400004084A01,7,1,1,200066124
201400004085,2014-09-27,2014,septembre,samedi,12:45,81,81140,43.70167,1.82059,2,6,3,1,1,3,2,,1,1,,,1,,1,3,1,60,5,1,2,0,2,1,1,201400004085A01,7,1,1,200034023
201400004104,2014-01-09,2014,janvier,jeudi,15:15,81,81093,43.8796,2.02091,1,2,1,1,1,3,2,02,1,1,0,45,1,0,1,3,2,63,5,1,2,0,2,7,1,201400004104B02,7,1,1,200066124
201400004119,2014-10-23,2014,octobre,jeudi,10:15,81,81099,43.902,1.902,2,6,3,1,1,9,2,02,1,1,0,60,1,5,1,3,1,74,5,3,1,0,2,0,1,201400004119B02,10,1,1,200066124
201400004133,2014-11-01,2014,novembre,samedi,10:00,02,02408,49.57119,3.65505,2,6,2,1,1,4,1,02,1,2,0,80,1,0,1,3,1,53,5,2,2,0,2,4,1,201400004133B01,10,9,1,200043495
201400004136,2014-12-19,2014,décembre,vendredi,08:15,02,02408,49.3241,3.3502,1,3,3,2,8,3,2,02,1,3,0,60,2,0,1,4,1,50,5,2,4,0,2,8,1,201400004136B01,7,15,1,200043495
201400004151,2014-04-23,2014,avril,mercredi,15:15,81,81080,44.02269,1.9402,1,2,3,1,1,3,-1,02,1,1,0,0,1,5,1,3,1,82,5,1,2,0,2,1,9,201400004151A01,7,1,1,200034064
201400004194,2014-09-21,2014,septembre,dimanche,16:45,82,82077,0,0,1,1,3,1,1,3,2,02,1,1,0,0,1,0,1,2,1,81,5,1,2,0,2,8,1,201400004194A01,7,1,1,200067122
201400004232,2014-03-11,2014,mars,mardi,13:30,82,82075,43.839,1.297,1,1,7,1,1,3,-1,00,1,4,0,30,1,0,5,2,1,79,5,1,4,0,0,0,1,201400004232A01,,,,200066652
201400004256,2014-11-02,2014,novembre,dimanche,10:30,82,82112,0,0,1,6,3,1,1,3,1,00,-1,-1,0,0,1,5,1,3,1,89,5,3,2,0,2,2,1,201400004256B02,7,1,1,200066322
201400004261,2014-01-17,2014,janvier,vendredi,16:30,82,82190,0,0,1,1,3,1,1,3,2,02,1,1,0,68,1,0,1,2,1,78,5,2,2,0,2,9,15,201400004261B02,7,17,1,200066652
201400004263,2014-05-05,2014,mai,lundi,13:00,82,82025,43.9467,1.29689,1,1,1,1,1,4,2,02,1,1,0,38,1,0,1,2,1,13,5,2,2,0,2,1,1,201400004263B02,7,1,1,248200099