Num_Acc,date,an,mois,jour,hrmn,dep,com,lat,long,agg,int,col,lum,atm,catr,circ,nbv,prof,plan,lartpc,larrout,surf,infra,situ,grav,sexe,age,trajet,secuexist,equipement,obs,obsm,choc,manv,vehiculeid,typevehicules,manoeuvehicules,numVehicules,_infos_commune.code_epci
201400010005,2014-01-21,2014,janvier,mardi,10:30,06,06004,0,0,2,1,6,1,1,4,1,01,-1,2,0,30,1,0,1,1,1,57,5,3,9,0,1,0,0,201400010005A01,,,,240600585
201400010046,2014-05-21,2014,mai,mercredi,14:26,06,06155,0,0,2,1,2,1,1,4,2,02,1,1,0,60,1,0,1,3,1,72,0,3,2,0,0,0,0,201400010046B01,7,0,1,240600585
201400010069,2014-07-28,2014,juillet,lundi,13:45,06,06004,0,0,2,3,3,1,1,4,2,02,2,1,0,60,1,0,1,3,1,24,5,1,2,0,2,1,1,201400010069B01,7,15,1,240600585
201400010071,2014-08-02,2014,août,samedi,17:00,06,06004,0,0,2,3,3,1,1,4,2,02,1,1,0,107,1,0,0,3,1,35,0,3,9,0,2,1,15,201400010071B01,7,15,1,240600585
201400010072,2014-08-07,2014,août,jeudi,19:00,06,06004,0,0,2,1,7,1,1,4,3,03,1,1,40,113,1,0,5,4,2,30,1,1,9,0,0,0,21,201400010072B01,7,14,1,240600585
201400010082,2014-08-30,2014,août,samedi,18:05,06,06004,0,0,2,9,6,1,1,4,2,02,1,4,70,74,1,0,1,2,1,59,5,2,9,0,0,0,23,201400010082B01,7,1,1,240600585
201400010102,2014-10-25,2014,octobre,samedi,16:55,06,06004,0,0,2,1,3,1,1,3,2,02,1,1,12,10,1,0,5,3,1,59,5,3,9,0,2,8,1,201400010102B01,7,16,1,240600585
201400010152,2014-03-08,2014,mars,samedi,18:00,06,06123,0,0,2,1,3,1,1,4,2,02,1,-1,0,0,-1,0,0,4,2,62,0,3,2,0,2,1,0,201400010152A01,2,0,1,200030195
201400010162,2014-04-04,2014,avril,vendredi,14:00,06,06123,0,0,2,1,3,1,1,4,2,02,1,1,0,0,-1,0,1,4,2,91,0,3,9,1,2,1,2,201400010162B01,7,2,1,200030195
201400010173,2014-04-30,2014,avril,mercredi,16:10,06,06123,0,0,2,1,3,1,1,4,2,02,-1,2,0,0,1,0,1,4,1,24,5,1,2,0,2,8,1,201400010173B01,7,2,1,200030195
201400010184,2014-05-23,2014,mai,vendredi,21:00,06,06027,0,0,2,1,6,2,1,9,2,02,1,1,0,0,1,0,5,4,1,24,5,1,2,0,1,1,1,201400010184A01,,,,200030195
201400010186,2014-05-29,2014,mai,jeudi,11:00,06,06027,0,0,2,1,2,1,1,4,2,04,1,1,0,0,1,0,1,4,1,76,5,1,2,0,2,1,2,201400010186A01,7,2,1,200030195
201400010207,2014-07-08,2014,juillet,mardi,08:40,06,06123,0,0,2,1,3,1,1,4,3,06,1,1,0,0,1,0,1,4,1,36,5,1,2,0,2,8,1,201400010207B01,3,12,1,200030195
201400010213,2014-07-16,2014,juillet,mercredi,20:30,06,06123,0,0,2,1,3,2,1,4,1,01,1,1,0,0,1,0,1,4,2,23,5,1,2,0,2,1,9,201400010213A01,7,1,1,200030195
201400010221,2014-07-31,2014,juillet,jeudi,08:15,06,06027,0,0,2,1,3,1,1,4,3,05,1,1,0,0,1,0,4,4,1,82,5,3,2,0,2,8,1,201400010221B01,7,9,1,200030195
201400010256,2014-10-20,2014,octobre,lundi,13:00,06,06027,0,0,2,1,3,1,1,4,3,04,1,1,0,0,1,0,1,4,2,35,5,1,2,0,2,8,13,201400010256A01,7,1,1,200030195
201400010260,2014-10-23,2014,octobre,jeudi,11:45,06,06027,0,0,2,1,3,1,1,4,2,02,1,1,0,0,1,0,1,4,1,65,5,1,2,0,2,1,18,201400010260B01,7,16,1,200030195
201400010277,2014-12-06,2014,décembre,samedi,11:40,06,06123,0,0,2,1,3,1,1,4,1,01,-1,1,0,0,1,0,1,4,1,52,5,3,2,0,2,0,9,201400010277A01,7,1,1,200030195
201400010304,2014-03-05,2014,mars,mercredi,09:00,06,06029,0,0,2,1,6,1,1,4,1,01,1,1,0,30,1,0,1,3,1,77,9,1,9,0,2,1,0,201400010304B01,30,1,1,200039915
201400010341,2014-04-27,2014,avril,dimanche,09:45,06,06029,0,0,2,1,3,1,1,4,2,02,1,1,0,100,1,0,1,4,1,15,5,3,4,0,2,1,17,201400010341B01,7,15,1,200039915
201400010346,2014-04-29,2014,avril,mardi,13:37,06,06029,0,0,2,1,6,1,1,4,1,02,1,1,0,100,1,0,1,4,1,51,0,3,2,0,2,1,0,201400010346B01,7,1,1,200039915
201400010351,2014-05-06,2014,mai,mardi,18:10,06,06029,0,0,2,1,6,1,1,4,2,02,1,-1,0,80,-1,0,1,1,1,28,0,1,9,0,1,1,1,201400010351A01,,,,200039915
201400010354,2014-05-12,2014,mai,lundi,08:55,06,06029,0,0,2,1,7,1,1,4,1,02,1,-1,0,40,1,0,4,1,1,18,1,3,9,0,1,1,0,201400010354A01,,,,200039915
201400010365,2014-05-20,2014,mai,mardi,17:50,06,06029,0,0,2,1,3,1,1,4,2,04,1,1,0,110,1,0,1,2,1,78,5,2,9,0,2,7,11,201400010365B01,10,1,1,200039915
201400010367,2014-05-21,2014,mai,mercredi,16:14,06,06029,0,0,2,1,6,1,1,4,2,01,2,1,0,50,1,1,1,3,1,30,0,1,2,0,2,1,0,201400010367B01,7,1,1,200039915
201400010371,2014-05-25,2014,mai,dimanche,10:00,06,06029,0,0,2,1,6,1,1,4,4,02,-1,-1,0,100,1,0,1,4,1,79,0,1,9,0,2,5,0,201400010371B01,7,0,1,200039915
201400010409,2014-07-15,2014,juillet,mardi,17:55,06,06029,0,0,2,1,3,1,1,4,4,02,1,-1,0,50,1,5,1,4,2,21,5,1,4,0,2,1,1,201400010409B01,7,16,1,200039915
201400010423,2014-08-11,2014,août,lundi,07:21,06,06029,0,0,2,1,6,1,1,4,-1,02,1,1,0,100,-1,0,1,4,1,54,0,1,2,0,2,1,0,201400010423C01,7,22,1,200039915
201400010423,2014-08-11,2014,août,lundi,07:21,06,06029,0,0,2,1,6,1,1,4,-1,02,1,1,0,100,-1,0,1,4,1,19,0,1,9,0,2,1,1,201400010423B01,7,22,1,200039915
201400010469,2014-10-30,2014,octobre,jeudi,12:00,06,06029,0,0,2,1,6,1,1,4,3,04,1,1,0,150,-1,0,1,4,1,77,0,1,2,0,0,4,1,201400010469A01,,,,200039915
201400010489,2014-12-12,2014,décembre,vendredi,12:24,06,06029,0,0,2,1,6,1,1,4,1,02,1,1,0,80,-1,0,1,4,1,58,0,1,2,0,9,1,1,201400010489B01,7,0,1,200039915
201400010605,2014-05-31,2014,mai,samedi,12:00,06,06069,0,0,2,1,3,1,1,3,2,02,2,1,0,0,1,0,1,4,1,31,5,3,9,0,2,2,17,201400010605A01,10,15,1,200039857
201400010625,2014-06-23,2014,juin,lundi,15:55,06,06069,0,0,2,1,3,1,1,3,2,02,1,1,0,0,1,0,1,4,1,54,0,3,9,0,2,8,2,201400010625A01,7,3,1,200039857
201400010682,2014-09-19,2014,septembre,vendredi,18:15,06,06069,0,0,2,1,1,1,1,4,2,02,2,2,0,0,1,0,1,4,1,15,0,3,9,0,2,1,13,201400010682A01,7,23,1,200039857
201400010682,2014-09-19,2014,septembre,vendredi,18:15,06,06069,0,0,2,1,1,1,1,4,2,02,2,2,0,0,1,0,1,4,1,14,0,3,9,0,2,1,13,201400010682A01,7,23,1,200039857
201400010707,2014-10-19,2014,octobre,dimanche,08:15,06,06069,0,0,2,1,3,1,1,4,1,01,1,2,0,0,1,0,1,4,1,17,0,3,4,0,0,8,2,201400010707B01,10,2,1,200039857
201400010749,2014-12-25,2014,décembre,jeudi,10:30,06,06069,0,0,2,1,7,1,1,3,2,01,1,-1,0,0,1,0,1,4,1,71,0,2,9,0,0,0,0,201400010749A01,,,,200039857
201400010766,2014-04-14,2014,avril,lundi,18:40,06,06083,0,0,2,1,2,1,1,3,3,02,-1,1,0,0,1,0,1,4,2,46,5,2,2,0,0,4,1,201400010766A01,7,1,1,240600551
201400010802,2014-09-23,2014,septembre,mardi,17:43,06,06083,0,0,2,1,3,1,1,3,1,02,1,1,10,60,1,0,1,3,1,23,1,2,2,0,2,7,14,201400010802A01,33,1,1,240600551
201400010837,2014-01-10,2014,janvier,vendredi,15:00,06,06088,0,0,2,1,6,1,1,4,2,03,2,1,0,0,1,0,1,3,1,21,5,1,2,0,2,1,1,201400010837B01,7,22,1,200030195
201400010842,2014-01-13,2014,janvier,lundi,14:15,06,06159,0,0,2,1,3,1,1,4,2,02,1,1,0,0,1,0,1,4,2,42,5,1,2,0,2,1,1,201400010842B01,10,9,1,200030195
201400010877,2014-02-02,2014,février,dimanche,04:40,06,06088,0,0,2,1,3,5,2,4,1,03,1,1,0,0,2,0,1,3,1,19,0,3,9,0,2,0,19,201400010877A01,31,1,1,200030195
201400010889,2014-02-14,2014,février,vendredi,08:00,06,06088,0,0,2,2,3,1,1,4,2,04,1,1,0,0,1,0,1,4,1,27,9,3,9,0,2,1,1,201400010889A01,7,1,1,200030195
201400010891,2014-02-14,2014,février,vendredi,15:55,06,06088,0,0,2,1,3,1,1,4,1,02,1,1,0,0,1,0,1,3,1,30,0,2,2,0,2,5,1,201400010891B01,7,15,1,200030195
201400010937,2014-03-07,2014,mars,vendredi,02:50,06,06088,0,0,2,1,6,5,1,4,2,02,1,2,0,0,1,0,1,3,1,49,1,2,2,0,2,0,0,201400010937B01,7,0,1,200030195
201400010963,2014-03-21,2014,mars,vendredi,16:30,06,06088,0,0,2,1,6,1,1,4,2,02,1,3,0,0,1,0,1,4,1,47,1,2,9,0,2,1,1,201400010963B01,10,22,1,200030195
201400010974,2014-03-24,2014,mars,lundi,08:30,06,06088,0,0,2,1,6,1,1,4,2,02,1,1,0,32,1,0,1,4,2,28,5,3,9,1,0,0,1,201400010974B01,10,24,1,200030195
201400011003,2014-04-05,2014,avril,samedi,11:25,06,06088,0,0,2,1,6,1,1,4,2,02,1,1,0,0,1,4,0,1,1,41,0,3,2,0,1,1,0,201400011003A01,,,,200030195
201400011018,2014-04-10,2014,avril,jeudi,08:50,06,06088,0,0,2,3,3,1,1,4,2,02,1,1,0,0,1,0,1,4,1,57,0,1,2,0,2,2,15,201400011018A01,31,1,1,200030195
201400011032,2014-04-14,2014,avril,lundi,16:20,06,06088,0,0,2,2,6,1,1,4,1,01,1,1,0,0,1,0,1,4,2,35,0,1,9,0,2,0,5,201400011032A01,7,16,1,200030195
201400011033,2014-04-14,2014,avril,lundi,19:45,06,06088,0,0,2,1,6,1,1,4,2,02,1,1,0,0,1,0,5,3,1,45,5,3,9,0,0,0,1,201400011033A01,,,,200030195
201400011050,2014-04-23,2014,avril,mercredi,16:10,06,06088,0,0,2,1,6,1,1,4,1,01,1,1,0,0,1,0,1,4,1,25,0,3,2,0,2,0,0,201400011050B01,13,22,1,200030195
201400011057,2014-04-25,2014,avril,vendredi,09:00,06,06088,0,0,2,1,3,1,1,4,1,01,1,2,0,0,1,0,1,4,1,53,4,3,9,0,2,8,1,201400011057B01,7,16,1,200030195
201400011059,2014-04-29,2014,avril,mardi,11:28,06,06088,0,0,2,1,6,1,1,4,2,02,2,1,0,0,1,0,4,4,2,37,2,3,9,0,2,1,1,201400011059B01,7,0,1,200030195
201400011070,2014-05-07,2014,mai,mercredi,16:00,06,06088,0,0,2,1,6,1,1,4,2,02,3,3,0,100,1,0,1,4,1,44,5,1,2,1,0,1,1,201400011070B01,7,22,1,200030195
201400011148,2014-06-06,2014,juin,vendredi,11:20,06,06088,0,0,2,2,3,1,1,4,1,03,1,1,0,0,1,0,1,4,1,76,0,2,9,0,2,0,9,201400011148B01,7,1,1,200030195
201400011155,2014-06-10,2014,juin,mardi,16:55,06,06088,0,0,2,1,6,1,1,4,2,,1,1,0,0,1,0,1,3,1,41,5,1,9,0,2,6,0,201400011155B01,7,1,1,200030195
201400011206,2014-07-05,2014,juillet,samedi,09:10,06,06088,0,0,2,1,1,1,1,4,2,02,1,1,0,0,1,0,1,3,1,36,5,3,9,0,2,1,1,201400011206B01,1,13,1,200030195
201400011206,2014-07-05,2014,juillet,samedi,09:10,06,06088,0,0,2,1,1,1,1,4,2,02,1,1,0,0,1,0,1,1,1,70,0,1,2,0,2,1,13,201400011206A01,1,1,1,200030195
201400011219,2014-07-10,2014,juillet,jeudi,19:10,06,06088,0,0,2,1,6,1,1,4,2,03,1,1,0,0,1,0,1,4,1,36,0,3,9,0,2,1,5,201400011219A01,33,21,1,200030195
201400011222,2014-07-13,2014,juillet,dimanche,13:55,06,06088,0,0,2,2,3,1,1,4,-1,02,1,1,100,100,1,0,1,4,1,23,1,3,9,0,2,1,1,201400011222A01,7,1,1,200030195
201400011256,2014-07-26,2014,juillet,samedi,10:00,06,06088,0,0,2,1,3,1,1,4,2,02,1,1,0,0,1,0,1,4,2,55,5,3,9,0,2,8,1,201400011256B01,7,17,1,200030195
201400011272,2014-08-01,2014,août,vendredi,23:10,06,06088,0,0,2,3,3,5,1,4,1,03,1,1,0,0,1,0,1,4,1,20,0,3,9,0,2,0,19,201400011272A01,7,1,1,200030195
201400011357,2014-09-15,2014,septembre,lundi,10:35,06,06088,0,0,2,1,3,1,1,4,1,02,1,3,0,0,1,0,1,4,2,23,0,3,9,0,2,0,1,201400011357B01,7,9,1,200030195
201400011400,2014-10-09,2014,octobre,jeudi,18:00,06,06088,0,0,2,1,3,1,1,4,1,03,1,1,40,80,1,0,0,1,1,22,1,2,2,0,2,4,19,201400011400B01,2,1,1,200030195
201400011414,2014-10-19,2014,octobre,dimanche,18:45,06,06088,0,0,2,1,6,1,1,4,2,02,2,2,0,0,1,0,1,4,1,22,0,3,2,1,0,1,14,201400011414A01,,,,200030195
201400011418,2014-10-21,2014,octobre,mardi,15:10,06,06088,0,0,2,2,3,1,1,3,2,03,2,1,0,93,1,0,1,4,1,48,5,1,2,0,2,1,1,201400011418B01,7,15,1,200030195
201400011420,2014-10-22,2014,octobre,mercredi,08:15,06,06088,0,0,2,1,6,1,1,4,2,02,2,1,0,66,1,4,1,4,1,25,1,3,9,0,1,1,1,201400011420A01,,,,200030195
201400011451,2014-11-07,2014,novembre,vendredi,17:52,06,06088,0,0,2,1,6,5,1,4,2,04,1,1,0,120,1,0,1,1,1,50,5,3,9,0,1,1,0,201400011451A01,,,,200030195
201400011451,2014-11-07,2014,novembre,vendredi,17:52,06,06088,0,0,2,1,6,5,1,4,2,04,1,1,0,120,1,0,1,3,1,82,5,3,9,0,1,1,0,201400011451A01,,,,200030195
201400011452,2014-11-07,2014,novembre,vendredi,21:10,06,06088,0,0,2,2,3,5,1,4,1,02,1,1,0,0,1,0,1,4,1,16,5,2,2,0,2,0,1,201400011452A01,31,1,1,200030195
201400011552,2014-09-04,2014,septembre,jeudi,05:45,13,13087,0,0,2,1,1,3,1,3,2,02,1,1,36,0,1,0,1,1,1,61,5,1,4,0,0,0,1,201400011552B02,33,17,1,200054807
201400011590,2014-07-20,2014,juillet,dimanche,10:47,07,07102,0,0,2,6,3,1,1,4,2,02,1,2,0,110,1,5,1,2,2,81,5,2,4,0,9,1,9,201400011590A01,1,21,1,200041366
201400011590,2014-07-20,2014,juillet,dimanche,10:47,07,07102,0,0,2,6,3,1,1,4,2,02,1,2,0,110,1,5,1,1,1,19,5,2,9,0,9,7,21,201400011590B01,1,9,1,200041366
201400011595,2014-08-08,2014,août,vendredi,07:15,11,11202,0,0,2,1,1,1,1,4,2,02,1,1,40,126,2,5,1,2,1,76,5,3,1,0,2,7,15,201400011595B02,10,1,1,241100593
201400011598,2014-04-01,2014,avril,mardi,14:00,57,57038,0,0,2,1,3,1,1,3,2,02,1,1,0,70,1,0,1,3,2,54,5,3,1,0,2,3,1,201400011598C03,16,0,1,245701404
201400011605,2014-10-03,2014,octobre,vendredi,11:30,57,57041,0,0,1,1,3,1,1,3,2,00,2,1,0,113,1,0,1,3,1,92,5,3,1,0,2,7,1,201400011605B02,7,19,1,245701404
201400011610,2014-05-23,2014,mai,vendredi,15:40,07,07186,0,0,2,3,3,1,1,4,3,02,1,-1,0,60,1,0,1,3,1,59,5,3,9,0,2,7,0,201400011610B01,14,16,1,200071413
201400011612,2014-08-05,2014,août,mardi,19:25,07,07186,0,0,2,1,2,1,1,4,2,01,1,1,0,52,1,0,1,1,1,65,5,3,9,0,2,4,2,201400011612B01,2,2,1,200071413
201400011671,2014-06-21,2014,juin,samedi,12:25,51,51105,0,0,1,1,1,1,1,3,2,02,1,1,0,70,1,0,1,2,2,58,5,3,8,0,2,1,1,201400011671B02,7,13,1,200067213
201400011681,2014-01-17,2014,janvier,vendredi,11:15,37,37050,0,0,2,1,3,1,1,4,2,02,1,1,0,0,1,0,1,3,1,12,2,2,2,0,2,7,19,201400011681B02,7,1,1,243700754
201400011685,2014-08-27,2014,août,mercredi,11:00,37,37099,0,0,1,6,3,1,8,3,1,00,1,2,0,0,1,0,1,3,1,64,5,1,4,0,2,8,1,201400011685B02,7,16,1,243700754
201400011826,2014-01-17,2014,janvier,vendredi,23:30,60,60541,0,0,1,9,2,3,1,1,1,04,4,3,30,135,1,0,2,3,1,25,5,2,2,0,0,4,2,201400011826B02,17,2,1,246000921
201400011881,2014-07-04,2014,juillet,vendredi,14:45,53,53182,48.11521,-0.96009,1,1,7,1,1,3,2,02,2,2,0,60,1,0,1,3,2,80,5,2,2,0,0,0,1,201400011881A01,,,,200083392
201400011915,2014-02-02,2014,février,dimanche,14:15,31,31484,43.68751,1.49601,2,1,1,1,8,3,2,00,-1,1,0,0,1,0,1,3,1,64,5,1,2,0,0,8,1,201400011915B02,7,17,1,243100815
201400011916,2014-02-17,2014,février,lundi,19:00,31,31186,43.67634,1.42414,2,1,3,5,1,3,2,00,1,1,0,0,1,0,1,3,1,24,9,1,2,0,0,1,1,201400011916B02,7,15,1,243100518
201400011998,2014-05-24,2014,mai,samedi,10:00,13,13114,0,0,2,6,3,1,1,3,1,01,1,-1,0,0,1,0,1,4,1,44,5,1,2,0,2,6,1,201400011998B02,7,9,1,200054807
201400012004,2014-02-25,2014,février,mardi,16:30,67,67472,0,0,1,1,3,1,1,3,2,00,1,1,0,71,1,0,1,3,1,12,5,3,1,0,2,8,19,201400012004A01,7,1,1,200041325
201400012032,2014-11-09,2014,novembre,dimanche,22:25,08,08105,49.7445,4.71466,1,3,3,5,3,4,2,03,4,-1,0,92,2,5,1,3,1,22,1,2,4,0,0,3,11,201400012032A01,7,1,1,200041630
201400012049,2014-05-02,2014,mai,vendredi,10:30,13,13011,0,0,1,1,1,1,1,3,2,02,2,2,0,0,1,0,1,4,1,51,5,1,2,0,0,0,1,201400012049B02,7,15,1,241300375
201400012051,2014-10-11,2014,octobre,samedi,15:30,13,13058,0,0,1,1,1,1,1,3,2,02,1,3,0,50,1,0,1,3,1,68,5,1,2,0,2,1,13,201400012051A01,7,1,1,241300375
201400012052,2014-11-01,2014,novembre,samedi,09:30,13,13011,0,0,1,1,3,1,7,3,2,00,1,1,0,0,1,0,1,3,1,29,4,1,2,0,2,8,1,201400012052B02,10,9,1,241300375
201400012117,2014-10-28,2014,octobre,mardi,12:30,31,31254,43.53011,1.52059,1,6,3,1,1,3,3,00,-1,1,0,80,1,5,1,3,1,21,2,2,2,0,2,1,8,201400012117A01,7,1,1,243100633
201400012124,2014-02-19,2014,février,mercredi,14:00,26,26148,45.2753,5.0413,1,1,1,1,1,4,2,02,1,3,0,33,1,0,1,2,1,62,5,1,2,0,2,3,1,201400012124A01,21,1,1,200040491
201400012125,2014-03-01,2014,mars,samedi,11:00,26,26301,0,0,2,9,3,1,1,3,2,02,1,1,0,60,1,0,5,4,2,38,5,1,2,0,2,1,1,201400012125B02,7,15,1,200073096
201400012142,2014-05-12,2014,mai,lundi,15:30,26,26079,0,0,2,2,3,1,1,3,2,02,1,1,0,70,1,0,1,4,1,61,5,2,2,0,2,1,1,201400012142B02,10,1,1,200068781
201400012171,2014-09-20,2014,septembre,samedi,15:45,26,26034,0,0,1,2,3,1,1,3,2,02,1,-1,0,60,1,5,1,3,1,73,5,1,9,0,0,1,1,201400012171B02,7,19,1,200068781
201400012172,2014-09-21,2014,septembre,dimanche,11:45,26,26072,0,0,2,1,1,1,1,3,2,02,2,2,0,40,1,0,1,3,1,51,5,1,2,0,2,1,1,201400012172B02,7,17,1,200073096
201400012214,2014-04-03,2014,avril,jeudi,07:36,08,08409,49.6927,4.94196,2,2,3,1,1,4,2,00,1,3,0,0,1,0,1,3,1,13,5,3,9,0,0,1,1,201400012214B01,7,1,1,200041630
201400012228,2014-06-02,2014,juin,lundi,16:45,13,13045,0,0,1,1,5,1,1,3,2,02,1,1,0,64,1,0,1,2,2,65,5,2,2,0,2,9,13,201400012228A01,7 / 10,1,2,200035087
201400012244,2014-08-22,2014,août,vendredi,10:15,38,38486,45.15931,5.69603,2,6,2,1,1,3,2,02,1,2,0,85,1,0,1,3,1,66,5,1,2,0,2,2,16,201400012244B02,7,15,1,200040715
201400012245,2014-09-07,2014,septembre,dimanche,09:45,38,38485,0,0,2,1,3,1,1,9,2,02,1,1,0,100,1,0,1,4,1,50,5,2,2,0,2,1,21,201400012245B02,7,9,1,200040715
201400012250,2014-06-16,2014,juin,lundi,19:30,38,38191,0,0,1,1,7,1,1,3,2,02,2,1,0,60,1,0,1,3,2,34,3,1,2,0,0,0,0,201400012250A01,,,,243800745
201400012251,2014-06-15,2014,juin,dimanche,10:30,38,38550,0,0,1,1,6,1,1,3,2,00,2,1,0,64,1,0,3,3,2,30,5,1,2,0,0,0,1,201400012251A01,,,,243800745
201400012252,2014-06-29,2014,juin,dimanche,19:00,38,38191,45.0783,6.05053,1,1,6,1,1,3,2,00,2,1,0,82,1,0,1,2,1,53,5,1,2,,,,,201400012252B02,7,13,1,243800745
201400012253,2014-07-18,2014,juillet,vendredi,10:30,38,38052,0,0,1,1,1,1,1,3,2,02,1,1,0,82,1,0,1,3,1,60,5,1,2,0,2,1,1,201400012253B02,7,17,1,243800745
201400012255,2014-08-10,2014,août,dimanche,11:15,38,38289,45.208,6.071,1,1,7,1,1,3,2,02,2,1,0,50,1,0,1,3,1,51,5,1,2,0,0,1,1,201400012255A01,,,,243800745
201400012430,2014-11-16,2014,novembre,dimanche,15:00,74,74081,0,0,2,6,1,1,1,3,2,01,1,1,,,1,5,1,4,1,59,5,3,1,0,0,3,0,201400012430B02,3,2,1,200033116
201400012434,2014-04-25,2014,avril,vendredi,11:45,59,59485,0,0,1,1,1,1,1,3,2,00,-1,1,0,64,1,0,1,2,1,15,5,3,1,0,2,8,19,201400012434B02,7,0,1,200030633
201400012471,2014-01-08,2014,janvier,mercredi,07:45,91,91600,48.656,2.45,2,6,1,5,1,3,1,01,1,2,0,54,1,5,1,4,1,12,2,1,9,0,2,1,1,201400012471B02,7,1,1,200059228
201400012474,2014-09-03,2014,septembre,mercredi,14:00,91,91617,0,0,2,1,3,1,1,4,2,02,1,4,0,53,1,0,1,4,1,7,5,1,2,0,2,8,19,201400012474B02,10,1,1,200059228
201400012476,2014-07-05,2014,juillet,samedi,13:30,38,38253,0,0,1,1,3,1,1,3,2,00,1,1,0,0,1,0,1,3,1,25,9,1,2,0,2,1,17,201400012476B02,7,15,1,243800745
201400012550,2014-07-19,2014,juillet,samedi,09:00,2A,2A090,42.09844,8.72431,1,1,7,1,1,3,2,02,2,2,0,0,1,0,1,3,2,51,5,1,2,0,0,0,0,201400012550A01,,,,200067049
201400012557,2014-03-14,2014,mars,vendredi,16:00,38,38431,45.26292,5.84226,1,1,2,1,1,3,2,02,4,1,0,59,1,0,1,4,1,20,5,1,2,0,2,1,1,201400012557B02,7,1,1,200018166
201400012562,2014-09-07,2014,septembre,dimanche,11:45,38,38039,45.27071,5.84116,1,1,3,1,1,3,2,02,2,1,0,61,1,0,1,2,1,55,5,1,2,0,2,1,1,201400012562B02,7,15,1,200018166
201400012571,2014-10-20,2014,octobre,lundi,14:15,06,06085,0,0,2,1,3,1,1,4,2,02,1,4,0,0,1,2,1,3,1,43,5,1,2,0,2,0,1,201400012571A01,7,15,1,200039915
201400012579,2014-03-11,2014,mars,mardi,08:00,33,33122,44.746,-0.764,1,6,3,1,1,2,2,00,1,1,0,0,1,5,0,3,1,48,1,2,2,0,2,1,0,201400012579A01,7,0,1,243301165
201400012638,2014-10-02,2014,octobre,jeudi,17:45,42,42256,45.46678,4.16479,1,1,1,1,1,4,2,00,2,2,0,42,1,0,1,4,1,50,5,1,2,0,2,3,21,201400012638B02,7,1,1,200065886
201400012649,2014-12-04,2014,décembre,jeudi,23:00,91,91045,0,0,1,1,2,5,2,3,2,02,1,3,0,0,2,0,1,4,1,17,5,1,4,0,2,1,2,201400012649A01,7,2,1,249100546
201400012661,2014-09-13,2014,septembre,samedi,11:15,51,51614,0,0,1,1,6,1,1,3,2,02,2,4,0,54,1,0,3,2,1,53,5,1,2,13,0,0,1,201400012661A01,,,,200067213
201400012671,2014-05-21,2014,mai,mercredi,17:45,06,06152,0,0,1,1,6,1,1,9,2,01,-1,1,0,37,1,0,1,4,1,33,1,1,2,0,1,1,1,201400012671A01,,,,240600585
201400012671,2014-05-21,2014,mai,mercredi,17:45,06,06152,0,0,1,1,6,1,1,9,2,01,-1,1,0,37,1,0,1,4,2,52,5,3,8,0,1,1,1,201400012671A01,,,,240600585
201400012681,2014-05-20,2014,mai,mardi,14:15,69,69168,45.843,4.834,2,6,5,1,1,3,1,00,1,2,0,70,1,5,1,3,1,22,5,1,2,0,2,7,16,201400012681C03,10,1,1,200046977
201400012681,2014-05-20,2014,mai,mardi,14:15,69,69168,45.843,4.834,2,6,5,1,1,3,1,00,1,2,0,70,1,5,1,3,1,22,5,1,2,0,2,7,16,201400012681B02,10,1,1,200046977
201400012688,2014-06-07,2014,juin,samedi,13:15,69,69244,0,0,2,1,1,1,1,4,2,00,1,1,0,0,1,0,1,3,2,54,5,1,2,1,0,2,1,201400012688B02,7,22,1,200046977
201400012721,2014-05-16,2014,mai,vendredi,09:15,34,34116,43.762,3.521,1,3,3,1,1,3,2,00,2,1,0,70,1,0,5,4,2,52,1,1,4,0,2,5,1,201400012721B02,7,1,1,243400017
201400012724,2014-01-15,2014,janvier,mercredi,11:15,01,01266,46.3359,5.12671,2,6,3,1,1,3,1,00,2,2,360,30,1,5,1,3,1,32,1,3,1,0,2,1,2,201400012724B02,7,9,1,200071751
201400012768,2014-09-30,2014,septembre,mardi,07:00,35,35210,48.15024,-1.73044,1,1,2,3,5,3,2,02,1,1,0,76,2,0,1,3,1,43,1,1,4,0,0,4,2,201400012768B02,10,2,1,243500139
201400012770,2014-08-19,2014,août,mardi,12:45,56,56240,47.50768,-2.77186,1,9,3,1,1,4,2,00,-1,1,0,0,1,5,1,3,1,19,5,2,2,0,2,8,19,201400012770B02,7,1,1,200067932
201400012802,2014-06-17,2014,juin,mardi,13:00,34,34333,0,0,1,1,3,1,1,3,-1,02,1,-1,0,60,1,5,1,3,1,61,5,2,2,0,2,7,5,201400012802A01,7,1,1,200066355
201400012805,2014-08-12,2014,août,mardi,18:00,34,34337,43.899,3.497,1,6,3,1,1,3,3,02,-1,1,86,79,1,5,5,4,1,51,5,1,2,0,2,1,1,201400012805B02,7,1,1,243400017
201400012808,2014-12-06,2014,décembre,samedi,10:30,34,34337,0,0,1,1,1,1,2,3,-1,02,1,1,0,0,2,0,1,3,1,33,5,2,2,0,2,1,13,201400012808A01,7,1,1,243400017
201400012825,2014-07-13,2014,juillet,dimanche,09:00,13,13069,0,0,1,6,3,1,1,3,1,02,1,2,60,0,1,0,1,3,1,65,5,1,2,0,2,7,2,201400012825B02,10,2,1,200054807
201400012830,2014-08-08,2014,août,vendredi,10:45,05,05085,44.92671,6.69707,1,1,1,1,1,2,2,02,2,2,0,66,1,0,1,3,1,66,5,1,2,0,,1,1,201400012830B02,33,1,1,240500439
201400012875,2014-01-28,2014,janvier,mardi,21:39,10,10387,48.2899,4.06707,2,6,3,5,1,4,1,02,1,-1,,,1,0,5,4,2,60,1,2,4,0,0,1,1,201400012875B01,7,16,1,200069250