Num_Acc,date,an,mois,jour,hrmn,dep,com,lat,long,agg,int,col,lum,atm,catr,circ,nbv,prof,plan,lartpc,larrout,surf,infra,situ,grav,sexe,age,trajet,secuexist,equipement,obs,obsm,choc,manv,vehiculeid,typevehicules,manoeuvehicules,numVehicules,_infos_commune.code_epci
201400016599,2014-09-10,2014,septembre,mercredi,18:15,13,13117,0,0,2,1,3,1,1,4,1,01,1,2,40,60,1,0,1,4,2,42,5,1,9,0,2,0,2,201400016599B01,7,0,1,200054807
201400016617,2014-10-07,2014,octobre,mardi,12:15,13,13117,43.43974,5.24261,2,6,1,1,1,4,2,02,1,-1,0,25,1,5,1,3,1,19,0,3,9,0,2,8,0,201400016617B01,15,0,1,200054807
201400016761,2014-08-07,2014,août,jeudi,20:30,24,24532,44.6691,0.46533,1,2,3,1,1,3,2,00,1,1,0,43,1,0,0,3,1,51,5,3,1,0,0,8,19,201400016761A01,10,21,1,200040889
201400016768,2014-05-17,2014,mai,samedi,15:45,68,68375,47.81015,7.2405,2,1,7,1,1,3,2,02,1,1,0,67,1,0,1,3,2,32,1,2,2,0,0,0,1,201400016768A01,7,17,1,200066009
201400016809,2014-04-16,2014,avril,mercredi,17:45,14,14118,49.2097,-0.37106,2,1,6,1,1,3,3,03,1,1,0,0,1,0,5,3,1,25,5,1,2,0,2,1,1,201400016809B01,7,15,1,200065597
201400016810,2014-04-21,2014,avril,lundi,18:45,14,14118,49.1825,-0.37375,2,1,6,1,1,4,1,01,1,1,0,0,1,0,1,1,1,32,5,2,2,0,1,3,21,201400016810A01,,,,200065597
201400016811,2014-04-22,2014,avril,mardi,08:15,14,14118,49.2062,-0.35207,2,1,1,1,1,4,2,02,1,1,0,70,1,0,1,4,2,27,2,1,2,0,2,8,19,201400016811A01,7,15,1,200065597
201400016817,2014-05-12,2014,mai,lundi,17:15,14,14118,49.1937,-0.34792,2,2,1,1,1,4,2,02,1,1,0,70,1,0,1,4,1,53,1,3,9,0,2,1,1,201400016817B01,7,15,1,200065597
201400016836,2014-08-09,2014,août,samedi,05:30,14,14167,49.2016,-0.30211,2,1,3,5,1,3,2,02,1,1,0,70,1,0,5,3,1,53,1,1,4,0,2,8,1,201400016836A01,7,14,1,200065597
201400016838,2014-08-13,2014,août,mercredi,10:15,14,14327,49.2078,-0.31728,1,3,3,1,1,3,2,02,2,1,0,0,1,0,1,3,1,61,5,1,2,0,2,1,5,201400016838A01,7,16,1,200065597
201400016839,2014-08-14,2014,août,jeudi,05:35,14,14118,49.1927,-0.35975,2,3,3,5,1,4,2,03,1,1,0,70,1,0,1,3,1,24,1,2,9,0,2,1,9,201400016839B01,7,1,1,200065597
201400016847,2014-09-16,2014,septembre,mardi,23:15,14,14118,49.1838,-0.35992,2,1,7,5,1,4,-1,00,1,1,0,70,1,6,1,3,1,23,5,2,9,0,0,0,1,201400016847A01,,,,200065597
201400016847,2014-09-16,2014,septembre,mardi,23:15,14,14118,49.1838,-0.35992,2,1,7,5,1,4,-1,00,1,1,0,70,1,6,1,1,1,23,5,2,9,0,0,0,1,201400016847A01,,,,200065597
201400016848,2014-09-13,2014,septembre,samedi,18:05,14,14118,49.2062,-0.37662,2,6,3,1,1,4,3,04,1,1,0,70,1,5,1,3,1,43,5,1,2,0,2,1,15,201400016848B01,7,16,1,200065597
201400016850,2014-09-29,2014,septembre,lundi,19:30,14,14167,49.2043,-0.29422,2,1,3,5,1,4,3,02,1,1,0,70,1,0,1,3,1,8,5,2,2,0,2,1,19,201400016850A01,7,1,1,200065597
201400016853,2014-10-03,2014,octobre,vendredi,17:35,14,14118,49.185,-0.36267,2,1,6,1,1,4,2,02,1,1,0,100,1,0,4,1,2,21,5,3,9,0,1,9,23,201400016853B01,37,1,1,200065597
201400016858,2014-10-09,2014,octobre,jeudi,16:55,14,14215,49.1923,-0.2634,2,1,3,1,1,3,2,02,1,1,0,35,1,0,1,4,2,66,5,1,2,0,2,8,1,201400016858B01,3,17,1,200065597
201400016870,2014-12-06,2014,décembre,samedi,19:15,14,14118,0,0,2,2,6,5,1,4,1,02,1,1,0,37,1,0,1,3,1,12,5,3,9,0,2,1,1,201400016870A01,37,1,1,200065597
201400016886,2014-01-04,2014,janvier,samedi,12:30,14,14225,49.2847,-0.10243,2,3,3,1,8,3,2,02,1,1,0,104,2,0,4,3,2,26,1,3,9,0,2,8,5,201400016886B01,2,1,1,200065563
201400016889,2014-01-23,2014,janvier,jeudi,13:20,14,14225,49.2789,-0.09514,2,1,2,1,1,3,2,02,1,1,0,70,1,0,1,4,1,12,2,3,9,0,2,4,1,201400016889B01,7,1,1,200065563
201400016892,2014-05-05,2014,mai,lundi,13:45,14,14225,49.2852,-0.10889,2,1,3,1,1,3,2,02,1,1,9,30,1,0,1,4,2,26,1,2,9,0,2,8,1,201400016892A01,7,14,1,200065563
201400016895,2014-08-04,2014,août,lundi,13:35,14,14117,49.2875,-0.12344,2,6,3,1,2,3,2,02,1,1,0,60,2,5,1,4,2,35,1,3,9,0,2,7,1,201400016895B01,7,9,1,200065563
201400016896,2014-08-12,2014,août,mardi,11:25,14,14117,49.2868,-0.11729,2,1,3,1,1,3,2,02,1,1,0,80,1,0,1,4,2,18,1,3,9,0,2,3,19,201400016896B01,30,17,1,200065563
201400016905,2014-02-25,2014,février,mardi,11:45,30,30034,43.76184,4.52514,1,3,1,1,2,3,2,02,1,2,0,72,2,5,1,3,2,47,5,3,1,0,2,1,1,201400016905A01,7,15,1,243000585
201400016919,2014-06-07,2014,juin,samedi,11:15,08,08328,0,0,2,2,3,1,1,3,2,00,1,1,50,0,1,0,1,3,1,21,5,3,1,0,2,1,16,201400016919A01,7,1,1,200041630
201400016942,2014-08-03,2014,août,dimanche,12:00,08,08183,50.1307,4.84718,2,1,2,1,1,3,2,02,2,1,0,0,1,0,1,4,1,64,5,1,2,0,0,4,1,201400016942B02,7,1,1,240800821
201400016952,2014-08-17,2014,août,dimanche,10:15,08,08191,49.7225,4.98872,2,4,3,1,1,3,2,02,1,1,0,32,1,5,1,3,1,69,5,1,2,0,2,1,1,201400016952A01,7,13,1,200041630
201400016969,2014-08-11,2014,août,lundi,11:15,52,52135,47.92583,5.69633,1,1,2,1,1,3,2,02,2,1,0,45,1,0,1,3,1,51,5,1,2,0,0,4,1,201400016969B02,7,1,1,200070332
201400016985,2014-05-31,2014,mai,samedi,16:30,14,14536,49.4087,0.24692,2,2,3,1,1,4,2,02,1,1,0,0,1,0,1,3,1,6,5,2,2,0,2,1,9,201400016985A01,7,1,1,200066827
201400016987,2014-06-23,2014,juin,lundi,16:10,14,14536,49.4112,0.2589,2,6,2,1,1,3,3,02,1,1,0,77,1,0,1,4,2,46,1,3,9,0,2,6,1,201400016987A01,7,16,1,200066827
201400016994,2014-10-13,2014,octobre,lundi,19:45,14,14333,49.4232,0.23178,2,1,3,5,1,3,2,02,1,1,0,60,1,0,1,3,1,15,5,3,9,0,2,1,9,201400016994A01,7,1,1,200066827
201400017011,2014-07-19,2014,juillet,samedi,12:00,48,48027,0,0,1,1,1,1,1,4,2,02,2,2,0,32,1,0,1,4,1,45,5,1,2,0,0,0,1,201400017011A01,7,1,1,200069128
201400017042,2014-08-30,2014,août,samedi,08:45,37,37015,0,0,1,1,1,1,1,4,2,00,-1,1,0,45,1,0,1,3,1,39,5,1,2,0,0,0,0,201400017042B02,7,17,1,200073161
201400017046,2014-10-19,2014,octobre,dimanche,08:45,37,37156,0,0,1,1,3,1,7,4,2,02,1,1,30,98,1,0,1,3,2,16,5,2,2,0,0,5,19,201400017046A01,7,1,1,200073161
201400017055,2014-02-13,2014,février,jeudi,21:40,14,14366,49.143,0.22699,2,6,3,5,1,4,3,02,1,1,0,0,1,5,1,4,1,36,5,3,4,0,2,1,1,201400017055B01,7,1,1,200069532
201400017102,2014-01-20,2014,janvier,lundi,05:15,37,37053,0,0,1,1,3,3,5,3,2,02,3,2,0,60,1,0,1,3,1,27,1,2,4,0,2,1,5,201400017102A01,7,1,1,200071587
201400017152,2014-01-18,2014,janvier,samedi,18:15,27,27265,48.464,0.513,1,1,1,3,1,4,2,02,1,1,0,40,1,0,1,3,1,15,5,1,2,0,2,1,1,201400017152A01,7,1,1,
201400017166,2014-04-15,2014,avril,mardi,18:15,27,27051,49.044,0.463,2,1,3,1,1,3,2,02,1,1,0,7,1,0,1,3,2,52,5,2,2,0,2,8,15,201400017166B02,7,1,1,200066413
201400017170,2014-07-10,2014,juillet,jeudi,10:00,27,27041,48.564,0.395,2,1,3,1,1,9,2,00,1,1,0,5,1,0,1,3,1,10,5,3,1,0,2,1,19,201400017170B02,7,1,1,
201400017178,2014-03-19,2014,mars,mercredi,17:30,27,27324,49.21,1.433,2,3,3,2,1,3,2,02,1,1,0,0,1,5,1,3,1,15,5,1,2,0,2,8,19,201400017178B02,7,1,1,200071843
201400017189,2014-10-18,2014,octobre,samedi,15:30,27,27340,49.213,0.511,1,1,3,1,1,3,2,02,2,1,0,61,1,0,1,3,1,69,5,1,2,0,2,6,2,201400017189B02,7,2,1,200066405
201400017245,2014-10-26,2014,octobre,dimanche,10:30,40,40217,44.34209,-1.02379,1,2,5,1,1,4,2,00,1,1,0,80,1,0,1,3,1,34,5,1,2,0,2,1,1,201400017245B02,7,1,1,244000873
201400017245,2014-10-26,2014,octobre,dimanche,10:30,40,40217,44.34209,-1.02379,1,2,5,1,1,4,2,00,1,1,0,80,1,0,1,4,1,35,5,1,2,0,2,1,1,201400017245C03,7,1,1,244000873
201400017271,2014-08-18,2014,août,lundi,17:15,53,53147,48.30423,-0.63932,2,3,3,1,1,4,2,02,1,1,0,75,1,0,1,3,1,5,5,2,9,0,0,4,16,201400017271A01,10,1,1,200055887
201400017272,2014-03-11,2014,mars,mardi,17:30,53,53107,48.41332,-0.82828,2,9,2,1,1,3,2,01,-1,1,0,80,1,0,1,3,1,50,5,1,2,0,2,1,1,201400017272A01,17,15,1,245300389
201400017282,2014-03-01,2014,mars,samedi,15:30,07,07210,0,0,1,1,1,1,1,4,2,01,2,2,0,44,1,0,1,3,1,59,5,1,2,0,2,1,1,201400017282B02,7,13,1,200073245
201400017299,2014-02-12,2014,février,mercredi,14:30,07,07073,0,0,1,1,6,1,1,3,2,02,1,1,0,70,1,0,1,3,1,63,0,2,2,0,0,0,2,201400017299A01,,,,200016905
201400017313,2014-03-09,2014,mars,dimanche,15:45,16,16393,45.74247,0.13136,1,1,5,1,1,4,2,02,1,1,0,41,1,0,1,2,1,54,5,2,2,0,2,4,2,201400017313B02,7,2,1,200072023
201400017313,2014-03-09,2014,mars,dimanche,15:45,16,16393,45.74247,0.13136,1,1,5,1,1,4,2,02,1,1,0,41,1,0,1,3,2,54,5,2,2,0,2,4,2,201400017313C03,7,2,1,200072023
201400017317,2014-04-18,2014,avril,vendredi,11:45,16,16292,45.02249,0.19236,2,1,1,1,1,3,2,02,1,1,36,56,1,0,1,3,2,51,4,1,4,0,2,4,15,201400017317B02,7,15,1,200043016
201400017319,2014-06-15,2014,juin,dimanche,16:00,36,36149,46.9417,1.31575,2,1,6,1,1,4,2,02,2,3,0,35,1,0,1,3,2,14,5,3,2,6,0,1,1,201400017319A01,,,,200035848
201400017365,2014-05-04,2014,mai,dimanche,09:45,10,10341,48.51232,3.68342,1,4,3,1,7,3,2,02,1,1,,68,1,0,1,3,1,68,5,1,2,0,2,1,1,201400017365B02,7,15,1,200000545
201400017378,2014-03-16,2014,mars,dimanche,14:30,43,43190,45.0386,3.97007,1,6,3,1,1,3,2,02,1,2,0,48,1,5,1,3,1,48,5,3,8,0,2,7,1,201400017378B01,7,9,1,200073419
201400017418,2014-05-10,2014,mai,samedi,09:30,18,18194,0,0,1,1,1,1,1,3,2,02,1,1,0,63,1,0,1,3,1,61,5,1,2,0,2,4,2,201400017418B02,36,2,1,200066330
201400017433,2014-03-21,2014,mars,vendredi,11:00,18,18197,46.7349,2.49187,2,1,6,1,1,6,-1,00,-1,-1,0,0,1,0,0,1,1,67,3,1,2,0,1,1,1,201400017433A01,,,,200036135
201400017474,2014-06-22,2014,juin,dimanche,10:15,73,73219,45.5579,5.789,2,3,2,1,1,3,2,02,1,1,0,60,1,0,1,3,2,58,5,2,2,0,2,4,9,201400017474A01,7,1,1,247300668
201400017482,2014-06-22,2014,juin,dimanche,11:45,73,73303,45.7945,6.4844,1,1,7,1,1,3,2,02,2,2,0,59,1,0,3,2,1,26,5,1,2,4,0,7,1,201400017482A01,,,,200068997
201400017491,2014-07-22,2014,juillet,mardi,12:15,64,64405,0,0,1,6,2,1,1,3,1,02,1,3,0,0,1,5,1,3,1,58,1,3,8,0,2,4,1,201400017491B02,7,9,1,200067296
201400017500,2014-07-12,2014,juillet,samedi,11:20,64,64063,0,0,1,1,1,1,1,3,2,02,-1,1,0,0,1,0,1,3,1,77,5,2,2,0,2,1,5,201400017500B02,7,1,1,200067239
201400017572,2014-10-19,2014,octobre,dimanche,18:30,60,60581,49.51,2.43,2,2,1,2,1,3,2,02,1,1,0,0,1,0,1,3,1,13,5,2,2,0,2,2,1,201400017572B02,7,1,1,246000566
201400017586,2014-12-31,2014,décembre,mercredi,18:15,60,60119,0,0,2,1,1,5,1,4,2,02,2,-1,0,49,1,0,1,4,1,17,0,3,1,0,0,0,0,201400017586B02,7,15,1,246000772
201400017587,2014-07-16,2014,juillet,mercredi,15:30,60,60021,0,0,1,1,1,1,1,3,2,02,1,1,0,52,1,2,1,3,2,43,5,1,2,0,2,0,21,201400017587A01,13,1,1,246000756
201400017608,2014-08-30,2014,août,samedi,17:30,60,60670,0,0,2,1,3,1,1,4,2,00,1,1,0,0,1,0,1,4,1,16,5,3,1,0,2,8,1,201400017608B02,7,12,1,246000921
201400017645,2014-03-16,2014,mars,dimanche,14:15,90,90077,0,0,2,8,1,1,1,3,2,00,1,-1,0,0,9,4,0,2,1,49,5,3,1,0,4,7,1,201400017645B02,39,1,1,200069052
201400017648,2014-08-13,2014,août,mercredi,14:30,50,50032,49.0815,-1.03304,1,1,1,1,1,4,2,02,-1,1,0,46,1,0,0,3,1,10,5,3,1,0,0,8,19,201400017648B02,7,1,1,200066389
201400017666,2014-06-24,2014,juin,mardi,19:00,50,50591,48.538,-0.87398,2,2,3,1,1,4,-1,00,2,1,0,0,1,0,1,3,1,9,5,2,2,0,2,1,19,201400017666A01,7,1,1,200069425
201400017680,2014-05-17,2014,mai,samedi,16:15,50,50341,49.4997,-1.38518,1,1,6,1,1,3,-1,02,2,3,0,0,1,0,3,3,1,67,5,1,2,0,0,9,21,201400017680A01,,,,200067205
201400017693,2014-07-16,2014,juillet,mercredi,11:30,50,50076,48.8981,-1.51143,2,6,1,1,1,3,1,01,4,1,0,0,1,5,1,3,1,71,5,1,2,0,2,7,1,201400017693A01,7,9,1,200042604
201400017697,2014-07-14,2014,juillet,lundi,16:00,05,05040,44.5303,6.32206,1,1,1,1,1,2,2,03,2,1,0,125,1,5,1,3,1,15,5,1,2,0,2,1,0,201400017697B02,7,1,1,200067742
201400017703,2014-08-06,2014,août,mercredi,11:45,14,14480,49.3222,-1.09222,2,6,7,1,8,3,2,02,1,2,0,0,9,0,1,3,1,56,5,1,9,0,0,0,1,201400017703A01,,,,200066801
201400017704,2014-10-10,2014,octobre,vendredi,07:15,14,14370,49.2427,-0.87284,2,6,3,2,1,3,2,02,2,1,0,65,1,5,1,4,2,18,5,1,4,0,2,1,1,201400017704A01,7,9,1,200066801
201400017707,2014-01-22,2014,janvier,mercredi,18:15,14,14676,49.2937,-0.64819,2,7,2,4,1,4,-1,00,1,1,0,8,1,0,1,3,1,8,5,3,8,0,2,7,1,201400017707A01,20,4,1,241400555
201400017708,2014-03-18,2014,mars,mardi,11:45,14,14191,49.332,-0.45798,2,1,6,1,1,3,1,02,1,1,0,0,1,0,1,1,1,49,5,2,9,0,1,1,1,201400017708A01,,,,241400860
201400017712,2014-07-14,2014,juillet,lundi,12:20,14,14372,49.1029,-0.79328,2,1,6,1,1,3,2,02,2,1,0,0,1,0,1,4,1,46,5,2,4,0,5,1,1,201400017712A01,,,,
201400017722,2014-06-22,2014,juin,dimanche,11:00,14,14016,49.2537,0.05671,2,9,2,1,1,3,2,02,1,1,0,0,1,5,1,4,1,15,5,2,2,0,2,1,2,201400017722B01,3,23,1,241400878
201400017727,2014-06-26,2014,juin,jeudi,11:15,14,14637,49.1724,-0.11311,1,1,7,1,1,3,2,02,1,3,0,0,1,0,3,3,1,63,5,1,2,13,0,1,14,201400017727A01,,,,200065589
201400017747,2014-07-15,2014,juillet,mardi,15:15,14,14189,49.062,0.10615,1,1,1,1,1,3,2,02,1,1,0,51,1,0,1,4,1,79,5,3,4,0,2,4,1,201400017747B02,7,1,1,
201400017751,2014-02-09,2014,février,dimanche,17:45,14,14762,48.8447,-0.9134,1,3,3,1,8,3,2,02,2,1,0,61,2,0,1,4,1,25,5,1,2,0,2,8,21,201400017751B02,7,15,1,200068799
201400017779,2014-05-24,2014,mai,samedi,05:45,72,72054,48.027,0.335,2,1,1,2,1,4,2,02,1,1,0,70,1,0,1,3,2,48,1,1,4,0,2,1,1,201400017779B02,7,13,1,247200132
201400017803,2014-07-25,2014,juillet,vendredi,17:00,72,72137,0,0,1,1,7,1,1,3,2,02,1,2,0,70,1,0,1,3,1,54,5,1,2,0,0,7,16,201400017803A01,,,,246100663
201400017834,2014-01-16,2014,janvier,jeudi,13:50,14,14715,49.3617,0.08951,2,1,7,1,1,4,2,02,2,-1,0,0,1,0,1,4,1,15,5,2,9,0,0,1,1,201400017834A01,,,,241400415
201400017844,2014-02-23,2014,février,dimanche,13:05,14,14715,49.3603,0.08792,2,3,3,1,1,3,1,02,1,1,0,0,1,0,1,4,1,14,5,2,9,0,2,1,19,201400017844B01,7,15,1,241400415
201400017868,2014-08-19,2014,août,mardi,11:14,14,14220,0,0,2,1,7,1,1,3,2,02,1,1,0,0,1,0,4,1,2,18,5,3,9,0,1,1,1,201400017868A01,,,,241400415
201400017889,2014-06-10,2014,juin,mardi,07:30,66,66071,0,0,1,1,1,1,7,3,2,02,3,1,0,61,1,0,1,3,1,70,5,1,2,0,0,4,1,201400017889B02,10,1,1,200027183
201400017893,2014-08-30,2014,août,samedi,10:45,58,58095,0,0,2,1,3,1,1,3,2,02,1,1,12,89,1,0,1,3,2,82,5,2,2,0,2,1,13,201400017893B02,7,1,1,200067700
201400017907,2014-08-15,2014,août,vendredi,18:15,26,26165,0,0,1,1,3,1,1,3,2,00,1,2,0,0,1,0,1,3,1,62,5,1,9,0,2,4,15,201400017907B02,33,2,1,242600252
201400017930,2014-01-31,2014,janvier,vendredi,16:30,70,70248,0,0,2,1,3,1,7,2,2,02,2,1,38,206,1,5,1,3,1,70,0,1,2,0,2,3,1,201400017930B02,7,23,1,247000821
201400017934,2014-05-08,2014,mai,jeudi,10:00,70,70245,0,0,1,1,3,1,1,3,2,02,-1,2,0,60,1,0,1,3,1,48,5,1,2,0,2,8,1,201400017934B02,21,15,1,200041721
201400017937,2014-08-06,2014,août,mercredi,08:45,70,70245,0,0,2,2,3,1,1,3,2,02,-1,1,0,65,1,0,1,4,1,65,5,1,2,0,2,1,1,201400017937A01,7,15,1,200041721
201400017962,2014-03-07,2014,mars,vendredi,16:00,01,01307,46.1658,5.57115,2,6,3,1,1,3,1,02,1,3,0,0,1,5,1,3,2,63,5,3,8,0,2,3,1,201400017962B02,7,12,1,200042935
201400017965,2014-10-06,2014,octobre,lundi,15:45,01,01265,46.1834,5.57836,2,6,1,1,1,3,2,00,-1,-1,0,0,-1,6,5,3,1,54,1,1,2,0,2,1,15,201400017965B02,7,16,1,200042935
201400018044,2014-10-04,2014,octobre,samedi,10:45,02,02792,0,0,1,2,3,1,1,3,2,02,-1,1,0,54,1,0,1,3,1,46,5,3,2,0,2,8,19,201400018044A01,7,19,1,240200584
201400018045,2014-11-13,2014,novembre,jeudi,18:30,02,02810,0,0,1,1,1,3,1,3,2,02,1,1,0,0,1,0,1,4,2,16,1,2,4,0,2,0,1,201400018045B02,7,17,1,200071991
201400018063,2014-11-07,2014,novembre,vendredi,18:45,13,13010,0,0,2,1,2,3,1,3,2,00,1,1,0,60,1,0,1,3,1,37,5,3,1,0,2,4,2,201400018063B02,7,2,1,200035087
201400018076,2014-06-08,2014,juin,dimanche,18:30,38,38525,0,0,2,1,6,1,1,4,-1,00,-1,1,0,0,1,0,1,4,1,8,0,2,2,6,0,1,1,201400018076A01,,,,200068542
201400018090,2014-08-29,2014,août,vendredi,16:15,38,38150,0,0,2,9,3,1,1,9,-1,00,1,-1,0,0,1,0,5,3,1,61,1,1,2,0,2,7,1,201400018090B02,7,0,1,200040715
201400018116,2014-12-26,2014,décembre,vendredi,10:30,38,38480,0,0,1,1,4,1,1,3,2,02,2,3,0,80,1,0,1,4,1,40,5,3,1,0,0,4,1,201400018116C03,7,1,1,200077014
201400018116,2014-12-26,2014,décembre,vendredi,10:30,38,38480,0,0,1,1,4,1,1,3,2,02,2,3,0,80,1,0,1,4,1,39,5,3,1,0,2,4,1,201400018116B02,7,1,1,200077014
201400018134,2014-10-11,2014,octobre,samedi,15:45,31,31183,0,0,1,1,1,1,1,3,2,02,2,2,0,57,1,0,1,3,1,67,5,3,2,0,2,6,17,201400018134B02,7,17,1,200073146
201400018137,2014-01-06,2014,janvier,lundi,16:30,29,29037,47.8837,-4.16387,1,1,3,1,1,3,2,00,1,1,0,0,1,5,5,3,1,89,5,1,2,0,2,7,1,201400018137B02,7,9,1,242900702
201400018141,2014-07-16,2014,juillet,mercredi,18:00,29,29171,47.84085,-4.28358,2,1,1,1,1,3,2,02,-1,1,0,70,1,0,1,3,2,50,5,3,1,0,2,1,1,201400018141B02,7,15,1,242900702
201400018144,2014-12-20,2014,décembre,samedi,16:45,29,29135,47.83454,-4.18899,2,6,3,1,1,3,-1,01,-1,-1,0,60,1,5,1,4,1,65,5,1,2,0,2,7,1,201400018144A01,7,9,1,242900702
201400018195,2014-11-08,2014,novembre,samedi,18:15,35,35223,48.0124,-2.08576,1,1,6,3,3,3,2,02,1,1,0,63,2,0,1,2,2,31,3,2,2,0,0,6,2,201400018195A01,7,2,2,243500618
201400018206,2014-07-04,2014,juillet,vendredi,10:00,35,35049,48.67857,-1.86067,2,1,2,1,1,3,2,02,1,1,0,53,1,5,1,3,2,64,5,1,2,0,2,4,1,201400018206B02,7,1,1,243500782
201400018218,2014-02-04,2014,février,mardi,11:00,35,35069,48.03806,-1.50298,2,6,1,1,7,3,4,02,1,2,0,0,2,0,1,3,1,64,5,1,2,0,0,7,1,201400018218B02,10,2,1,243500659
201400018241,2014-08-17,2014,août,dimanche,09:45,44,44126,0,0,1,1,6,1,1,4,2,00,2,3,0,0,1,0,1,1,1,61,5,1,2,0,1,1,1,201400018241A01,,,,200067346
201400018256,2014-10-14,2014,octobre,mardi,08:45,44,44018,0,0,1,2,1,1,7,3,2,02,1,1,0,148,1,5,1,3,1,67,5,2,2,0,2,2,1,201400018256B02,10,15,1,244400404
201400018268,2014-12-18,2014,décembre,jeudi,07:45,25,25578,47.14869,6.33235,2,6,1,2,2,3,2,00,1,2,0,85,2,5,1,3,1,52,3,2,2,0,2,1,15,201400018268B02,7,9,1,242504181
201400018272,2014-09-06,2014,septembre,samedi,15:30,25,25378,47.421,6.893,1,1,7,1,1,4,2,02,2,1,0,51,1,0,1,3,1,64,5,1,2,12,0,1,1,201400018272A01,,,,200065647
201400018279,2014-10-04,2014,octobre,samedi,17:00,25,25259,0,0,1,1,3,1,1,3,2,00,1,1,0,0,1,0,1,3,2,74,5,1,2,0,2,8,0,201400018279B02,33,1,1,242504496
201400018296,2014-09-04,2014,septembre,jeudi,20:00,39,39579,0,0,1,1,6,2,1,3,2,02,4,1,0,0,1,0,1,3,1,55,5,1,2,0,9,1,1,201400018296A01,,,,200026573
201400018297,2014-09-06,2014,septembre,samedi,15:45,39,39491,0,0,2,1,1,1,1,3,2,02,1,1,0,0,1,5,1,3,1,61,5,1,2,0,2,1,1,201400018297B02,7,15,1,200026573
201400018306,2014-09-21,2014,septembre,dimanche,20:15,22,22007,48.60888,-2.82264,2,1,7,2,1,4,1,01,1,4,0,30,1,0,1,2,1,44,5,2,2,0,0,0,0,201400018306A01,,,,
201400018355,2014-11-27,2014,novembre,jeudi,10:30,22,22197,48.51426,-1.94722,2,1,1,1,1,3,2,02,-1,1,0,56,1,0,1,3,1,64,5,2,2,0,2,1,1,201400018355B02,10,4,1,200068989
201400018356,2014-12-26,2014,décembre,vendredi,12:00,22,22008,48.41118,-2.08248,2,1,7,1,2,4,2,02,1,1,0,66,2,0,1,3,2,14,5,1,9,0,0,1,15,201400018356A01,,,,200068989
201400018360,2014-05-05,2014,mai,lundi,09:30,22,22023,48.44682,-3.35688,1,1,7,1,1,4,2,02,2,3,0,41,1,0,1,3,1,62,5,3,2,0,0,0,1,201400018360A01,,,,200067981
201400018376,2014-04-25,2014,avril,vendredi,16:15,22,22211,48.69005,-3.44546,1,1,2,1,1,3,2,02,1,1,0,72,1,0,1,2,1,53,3,2,2,0,0,4,1,201400018376B02,7,1,1,200065928
201400018414,2014-03-16,2014,mars,dimanche,19:30,34,34310,0,0,1,1,7,2,1,4,2,00,1,1,0,36,1,0,3,3,1,46,5,2,2,0,0,0,0,201400018414A01,,,,200071058
201400018421,2014-06-24,2014,juin,mardi,18:00,34,34074,0,0,2,2,3,1,1,4,2,00,4,1,0,0,2,0,1,3,1,78,5,3,1,0,2,2,1,201400018421A01,30,16,1,200042653
201400018430,2014-08-06,2014,août,mercredi,14:30,34,34209,0,0,1,1,6,1,1,3,2,02,-1,1,0,75,1,0,3,1,1,52,5,1,2,0,1,1,17,201400018430A01,,,,243400819
201400018432,2014-07-28,2014,juillet,lundi,17:30,34,34220,0,0,1,1,1,1,1,3,2,02,1,1,0,0,1,0,1,3,1,49,5,3,1,0,2,8,17,201400018432B02,7,1,1,200017341
201400018433,2014-04-04,2014,avril,vendredi,17:45,34,34222,0,0,2,1,3,1,1,3,2,00,-1,1,0,30,1,0,1,3,2,8,5,2,9,0,2,1,5,201400018433A01,38,1,1,243400694
201400018454,2014-09-20,2014,septembre,samedi,15:45,15,15014,0,0,1,1,6,1,1,4,2,02,2,1,0,0,9,0,1,2,1,64,5,1,2,14,0,9,1,201400018454A01,,,,241500230
201400018466,2014-09-05,2014,septembre,vendredi,09:45,86,86099,0,0,1,1,7,1,1,3,2,01,1,1,0,50,1,0,1,3,2,52,5,1,2,0,0,0,1,201400018466A01,,,,200043628
201400018474,2014-07-31,2014,juillet,jeudi,11:15,86,86271,0,0,1,1,2,1,1,3,2,02,-1,1,0,0,1,0,1,2,1,63,5,1,2,0,2,4,2,201400018474B02,17,2,1,200069763
201400018521,2014-09-28,2014,septembre,dimanche,10:45,41,41080,47.332,1.195,1,1,6,1,1,3,2,00,1,1,0,0,1,0,1,3,1,72,5,3,1,0,0,4,0,201400018521B02,,,,200072064
201400018554,2014-01-23,2014,janvier,jeudi,14:45,47,47113,0,0,1,1,6,1,1,3,2,02,1,1,0,0,1,0,1,3,1,46,5,1,2,0,5,1,1,201400018554A01,,,,248200016
201400018557,2014-03-19,2014,mars,mercredi,18:15,47,47035,0,0,1,1,1,1,1,3,2,00,3,1,0,60,1,0,1,3,1,50,5,3,1,0,2,8,1,201400018557B02,7,1,1,244700464
201400018595,2014-08-02,2014,août,samedi,17:30,12,12133,44.319,2.535,2,1,3,1,1,4,2,02,2,1,0,50,1,0,1,3,1,11,5,1,2,0,2,1,9,201400018595A01,7,1,1,241200187
201400018618,2014-03-02,2014,mars,dimanche,12:00,49,49307,47.41415,-0.3474,1,1,2,1,1,3,2,02,-1,1,0,57,1,0,1,3,1,76,5,1,2,0,2,4,1,201400018618B02,7,2,1,244900015