Num_Acc,date,an,mois,jour,hrmn,dep,com,lat,long,agg,int,col,lum,atm,catr,circ,nbv,prof,plan,lartpc,larrout,surf,infra,situ,grav,sexe,age,trajet,secuexist,equipement,obs,obsm,choc,manv,vehiculeid,typevehicules,manoeuvehicules,numVehicules,_infos_commune.code_epci
201400023600,2014-11-20,2014,novembre,jeudi,18:05,31,31555,0,0,2,1,3,5,1,4,2,03,1,1,0,0,1,0,0,4,1,18,0,3,4,0,2,0,0,201400023600B01,7,0,1,243100518
201400023602,2014-11-21,2014,novembre,vendredi,10:20,31,31555,0,0,2,1,6,1,1,4,1,03,1,1,0,0,1,0,0,1,1,24,0,1,2,0,1,1,0,201400023602A01,,,,243100518
201400023607,2014-11-20,2014,novembre,jeudi,08:50,31,31555,0,0,2,1,3,1,1,4,2,02,1,1,0,0,1,0,0,4,2,55,1,3,2,0,2,0,0,201400023607B01,10,0,1,243100518
201400023614,2014-11-25,2014,novembre,mardi,17:00,31,31555,0,0,2,1,2,1,1,4,-1,00,1,1,0,0,1,0,1,4,1,34,0,3,9,1,2,0,0,201400023614B01,7,0,1,243100518
201400023616,2014-11-25,2014,novembre,mardi,19:05,31,31555,0,0,2,1,6,5,1,4,-1,00,1,1,0,0,-1,0,0,4,2,58,0,3,4,0,1,0,0,201400023616A01,,,,243100518
201400023616,2014-11-25,2014,novembre,mardi,19:05,31,31555,0,0,2,1,6,5,1,4,-1,00,1,1,0,0,-1,0,0,4,1,57,0,3,9,0,1,0,0,201400023616A01,,,,243100518
201400023645,2014-12-11,2014,décembre,jeudi,16:45,31,31069,43.63738,1.39073,2,6,3,1,2,4,1,01,1,3,0,0,2,0,1,4,1,44,5,3,4,0,2,1,1,201400023645B01,7,1,1,243100518
201400023650,2014-12-16,2014,décembre,mardi,19:25,31,31555,0,0,2,1,1,5,1,4,2,02,2,3,0,0,1,0,1,4,1,31,5,3,9,0,2,1,1,201400023650B01,7,5,1,243100518
201400023681,2014-08-11,2014,août,lundi,17:15,68,68310,48.13262,7.31862,1,6,3,1,1,3,1,01,1,2,0,89,1,5,1,3,1,50,5,1,2,0,2,1,1,201400023681B02,7,16,1,
201400023787,2014-12-16,2014,décembre,mardi,18:40,32,32013,43.6645,0.59539,1,1,3,5,2,4,2,02,1,1,0,0,2,0,1,4,1,49,0,2,9,0,0,7,19,201400023787B01,7,1,1,200066926
201400023833,2014-03-17,2014,mars,lundi,15:15,33,33529,0,0,1,1,1,1,1,3,2,02,1,2,0,70,1,0,1,4,1,60,5,1,2,0,9,1,1,201400023833B01,34,1,1,243300563
201400023850,2014-08-25,2014,août,lundi,15:30,33,33529,0,0,1,1,6,1,1,9,2,02,1,1,0,69,1,0,5,3,1,68,5,2,9,0,1,1,1,201400023850A01,,,,243300563
201400023850,2014-08-25,2014,août,lundi,15:30,33,33529,0,0,1,1,6,1,1,9,2,02,1,1,0,69,1,0,5,4,2,17,5,3,9,0,1,1,1,201400023850A01,,,,243300563
201400023851,2014-09-08,2014,septembre,lundi,10:14,33,33529,0,0,1,1,6,1,1,4,1,02,1,3,0,87,1,0,1,3,2,64,5,1,2,0,2,1,1,201400023851B01,10,16,1,243300563
201400023855,2014-09-25,2014,septembre,jeudi,17:30,33,33009,0,0,2,2,3,1,1,4,1,01,1,1,0,60,1,0,1,4,1,16,2,2,9,0,2,1,1,201400023855A01,10,1,1,243300563
201400023859,2014-10-16,2014,octobre,jeudi,19:45,33,33529,0,0,2,1,6,5,1,4,2,02,1,1,0,73,1,0,1,4,2,57,5,1,2,0,2,1,1,201400023859A01,7,9,1,243300563
201400023860,2014-10-25,2014,octobre,samedi,12:10,33,33009,0,0,2,2,3,1,1,4,2,02,1,1,0,59,1,0,1,4,2,22,5,3,9,0,2,1,1,201400023860A01,7,1,1,243300563
201400023864,2014-11-27,2014,novembre,jeudi,09:30,33,33009,0,0,1,1,3,1,1,4,1,01,1,1,0,50,1,0,1,4,1,17,9,2,2,0,0,0,1,201400023864B01,7,1,1,243300563
201400023864,2014-11-27,2014,novembre,jeudi,09:30,33,33009,0,0,1,1,3,1,1,4,1,01,1,1,0,50,1,0,1,4,2,16,9,2,2,0,0,0,1,201400023864B01,7,1,1,243300563
201400023869,2014-08-08,2014,août,vendredi,18:15,74,74188,0,0,1,1,1,1,1,3,2,02,2,2,0,45,1,0,1,3,1,49,5,2,2,0,2,1,13,201400023869B02,7,1,1,247400682
201400023877,2014-01-02,2014,janvier,jeudi,07:45,33,33063,0,0,2,3,3,2,2,4,2,04,1,2,0,0,2,0,1,4,1,27,0,3,9,0,2,0,15,201400023877A01,7,1,1,243300316
201400023878,2014-01-02,2014,janvier,jeudi,16:50,33,33063,0,0,2,3,3,1,1,4,2,04,1,3,0,0,1,0,1,4,2,48,0,3,9,0,2,3,1,201400023878B01,10,16,1,243300316
201400023879,2014-12-31,2014,décembre,mercredi,20:00,33,33063,0,0,2,1,3,5,1,4,2,04,1,1,0,0,1,0,1,4,1,25,0,3,9,0,2,0,1,201400023879B01,7,16,1,243300316
201400023884,2014-01-02,2014,janvier,jeudi,16:30,33,33281,0,0,2,1,3,1,1,4,2,04,1,4,0,0,1,0,1,4,1,26,0,3,9,0,2,1,1,201400023884A01,10,1,1,243300316
201400023891,2014-01-12,2014,janvier,dimanche,14:45,33,33063,0,0,2,2,3,1,1,3,2,01,1,1,0,0,1,0,1,3,2,12,0,3,9,0,2,1,19,201400023891A01,7,23,1,243300316
201400023899,2014-01-12,2014,janvier,dimanche,14:06,33,33281,0,0,2,2,3,1,1,4,1,01,1,1,0,0,1,0,1,3,1,31,0,3,9,0,2,1,1,201400023899B01,7,1,1,243300316
201400023907,2014-01-16,2014,janvier,jeudi,14:50,33,33063,0,0,2,3,3,1,1,4,2,04,1,1,0,0,1,0,1,3,1,47,0,3,9,0,0,7,15,201400023907B01,7,1,1,243300316
201400023913,2014-01-10,2014,janvier,vendredi,07:40,33,33318,0,0,2,3,3,2,1,4,2,02,1,1,0,0,1,0,1,4,1,17,0,3,9,0,0,7,1,201400023913A01,7,1,1,243300316
201400023935,2014-01-20,2014,janvier,lundi,15:50,33,33200,0,0,2,6,3,1,2,4,2,02,1,3,0,0,2,5,1,4,2,13,9,1,9,0,2,1,19,201400023935A01,7,16,1,243300316
201400023937,2014-01-10,2014,janvier,vendredi,08:35,33,33522,0,0,2,1,3,1,1,4,2,04,1,1,0,0,1,4,1,4,1,61,0,3,9,0,2,6,1,201400023937B01,7,1,1,243300316
201400023942,2014-01-26,2014,janvier,dimanche,02:25,33,33063,0,0,2,4,1,5,2,4,2,03,3,2,0,120,2,0,1,3,1,22,5,3,9,0,0,0,0,201400023942B01,7,1,1,243300316
201400023948,2014-01-20,2014,janvier,lundi,14:55,33,33522,0,0,2,3,3,1,1,4,1,03,1,1,0,20,1,0,1,3,1,45,5,3,9,0,2,1,1,201400023948A01,7,1,1,243300316
201400023954,2014-01-30,2014,janvier,jeudi,13:10,33,33063,0,0,2,3,3,1,1,4,1,02,1,1,0,0,1,0,1,4,2,42,5,3,9,0,2,1,5,201400023954A01,7,16,1,243300316
201400023955,2014-01-28,2014,janvier,mardi,08:05,33,33281,0,0,2,1,3,1,2,4,2,02,1,1,0,0,2,0,1,4,1,31,0,3,9,1,0,0,1,201400023955A01,7,24,1,243300316
201400023956,2014-01-27,2014,janvier,lundi,07:45,33,33063,0,0,2,6,3,4,3,4,-1,00,-1,-1,0,0,-1,0,0,3,1,49,0,3,9,0,2,9,1,201400023956B01,7,9,1,243300316
201400023964,2014-02-03,2014,février,lundi,10:15,33,33063,0,0,2,3,6,1,1,4,1,01,1,1,0,0,1,0,0,3,1,30,0,3,9,0,2,3,1,201400023964B01,7,22,1,243300316
201400023965,2014-01-30,2014,janvier,jeudi,07:45,33,33281,0,0,2,4,6,5,1,4,2,04,1,1,0,20,2,0,1,1,1,29,0,3,9,0,1,0,1,201400023965A01,,,,243300316
201400023970,2014-02-06,2014,février,jeudi,09:20,33,33063,0,0,2,3,3,1,2,4,2,02,1,1,0,0,2,0,1,4,1,46,0,3,9,0,2,4,18,201400023970B01,7,23,1,243300316
201400023978,2014-01-30,2014,janvier,jeudi,17:37,33,33522,0,0,2,4,1,1,1,4,2,02,1,1,0,0,2,0,1,4,2,21,0,3,9,0,2,7,1,201400023978B01,7,13,1,243300316
201400023985,2014-02-04,2014,février,mardi,17:35,33,33039,0,0,2,3,3,1,1,4,2,02,1,1,0,0,1,0,1,4,1,38,0,3,9,0,2,0,1,201400023985B01,7,23,1,243300316
201400023990,2014-02-12,2014,février,mercredi,20:15,33,33063,0,0,2,2,3,5,2,4,2,02,1,1,0,0,2,0,1,1,1,22,5,3,9,0,2,6,15,201400023990B01,2,1,1,243300316
201400023999,2014-02-11,2014,février,mardi,17:40,33,33069,0,0,2,1,6,1,2,4,2,02,1,1,0,139,2,0,1,4,1,16,4,3,9,1,0,1,1,201400023999B01,7,22,1,243300316
201400024013,2014-02-24,2014,février,lundi,09:15,33,33063,0,0,2,2,5,1,1,3,2,02,1,1,0,0,1,0,1,3,1,77,5,3,9,15,1,0,1,201400024013C01,7,1,2,243300316
201400024015,2014-02-24,2014,février,lundi,16:40,33,33063,0,0,2,1,3,1,1,5,1,01,1,1,0,0,1,0,1,4,1,50,0,3,9,0,2,0,1,201400024015B01,7,17,1,243300316
201400024024,2014-02-26,2014,février,mercredi,20:05,33,33522,0,0,2,6,3,5,1,4,2,02,1,1,0,0,1,0,1,4,1,34,0,3,9,0,2,7,1,201400024024B01,7,9,1,243300316
201400024040,2014-03-05,2014,mars,mercredi,18:20,33,33318,0,0,2,6,3,2,1,4,2,02,1,3,0,0,1,0,1,4,1,60,1,3,9,0,2,1,1,201400024040B01,7,1,1,243300316
201400024054,2014-03-11,2014,mars,mardi,17:00,33,33162,0,0,2,2,3,1,1,4,2,02,1,-1,0,0,-1,0,0,4,2,14,0,3,9,0,0,7,1,201400024054A01,7,1,1,243300316
201400024055,2014-03-11,2014,mars,mardi,13:45,33,33318,0,0,2,2,3,1,1,4,1,01,2,1,0,90,1,0,1,4,1,13,2,3,9,0,2,1,5,201400024055A01,10,1,1,243300316
201400024075,2014-03-19,2014,mars,mercredi,18:40,33,33039,0,0,2,2,3,1,1,4,2,02,1,1,0,50,1,0,1,4,1,72,0,3,9,0,2,1,1,201400024075B01,7,1,1,243300316
201400024091,2014-03-24,2014,mars,lundi,17:20,33,33063,0,0,2,3,3,1,2,4,1,02,1,1,0,0,2,0,1,4,1,17,0,3,9,0,2,0,1,201400024091A01,7,16,1,243300316
201400024105,2014-04-01,2014,avril,mardi,18:50,33,33063,0,0,2,2,3,1,1,4,1,01,1,1,0,0,1,0,1,4,2,22,0,3,9,0,0,7,1,201400024105A01,7,1,1,243300316
201400024109,2014-04-03,2014,avril,jeudi,10:15,33,33063,0,0,2,4,3,1,2,4,2,02,2,1,0,0,2,0,1,4,1,32,0,3,9,0,2,1,15,201400024109B01,7,15,1,243300316
201400024122,2014-04-07,2014,avril,lundi,19:15,33,33063,0,0,2,3,3,1,1,4,2,01,1,1,0,0,1,0,1,4,2,20,0,3,9,0,0,7,0,201400024122A01,7,0,1,243300316
201400024125,2014-04-08,2014,avril,mardi,13:20,33,33063,0,0,2,2,3,1,1,4,2,03,1,1,0,0,1,4,1,4,1,25,0,3,9,0,0,2,1,201400024125A01,7,1,1,243300316
201400024128,2014-04-09,2014,avril,mercredi,10:20,33,33063,0,0,2,7,6,1,1,4,1,03,2,1,0,0,1,0,0,1,1,27,0,3,9,0,1,1,1,201400024128A01,,,,243300316
201400024128,2014-04-09,2014,avril,mercredi,10:20,33,33063,0,0,2,7,6,1,1,4,1,03,2,1,0,0,1,0,0,4,2,63,0,3,9,0,1,1,1,201400024128A01,,,,243300316
201400024133,2014-04-10,2014,avril,jeudi,09:35,33,33063,0,0,2,2,2,1,1,4,2,02,1,1,0,0,1,4,1,4,1,17,2,3,9,0,2,1,1,201400024133A01,10,23,1,243300316
201400024141,2014-04-12,2014,avril,samedi,15:05,33,33063,0,0,2,2,1,1,1,4,1,01,1,-1,0,0,1,0,0,4,2,26,0,3,9,0,0,0,5,201400024141A01,7,15,1,243300316
201400024142,2014-04-12,2014,avril,samedi,22:14,33,33063,0,0,2,1,2,5,1,4,2,04,1,1,0,162,1,4,1,3,1,26,0,3,9,0,4,4,1,201400024142B01,40,1,1,243300316
201400024155,2014-04-17,2014,avril,jeudi,17:50,33,33063,0,0,2,3,3,1,1,4,2,04,1,1,0,0,1,4,1,4,2,33,0,3,9,0,2,1,1,201400024155B01,7,22,1,243300316
201400024171,2014-04-24,2014,avril,jeudi,18:00,33,33192,0,0,2,1,3,1,1,4,1,02,1,1,0,0,1,0,1,3,2,17,0,3,9,0,2,1,5,201400024171B01,7,16,1,243300316
201400024189,2014-05-04,2014,mai,dimanche,12:15,33,33281,0,0,2,6,3,1,1,4,2,00,2,4,0,0,1,0,1,3,1,54,0,3,9,0,0,9,1,201400024189B01,7,9,1,243300316
201400024191,2014-05-05,2014,mai,lundi,09:15,33,33281,0,0,2,3,3,1,1,4,2,02,1,1,0,40,1,0,1,3,1,73,0,3,9,0,2,1,1,201400024191B01,7,15,1,243300316
201400024203,2014-05-07,2014,mai,mercredi,17:15,33,33522,0,0,2,2,3,1,1,4,2,02,1,1,0,0,1,0,1,4,1,58,1,3,9,0,2,1,16,201400024203A01,7,1,1,243300316
201400024218,2014-05-12,2014,mai,lundi,17:15,33,33522,0,0,2,1,2,1,1,4,2,02,1,2,0,0,1,0,1,3,2,21,0,3,9,0,2,0,1,201400024218A01,10,1,1,243300316
201400024226,2014-05-14,2014,mai,mercredi,21:15,33,33063,0,0,2,1,3,5,1,4,1,01,1,1,0,30,1,4,1,1,1,43,5,3,9,0,2,5,1,201400024226A01,1,19,1,243300316
201400024226,2014-05-14,2014,mai,mercredi,21:15,33,33063,0,0,2,1,3,5,1,4,1,01,1,1,0,30,1,4,1,4,1,9,0,3,9,0,2,1,19,201400024226B01,1,1,1,243300316
201400024234,2014-05-16,2014,mai,vendredi,19:50,33,33063,0,0,2,3,3,1,1,4,2,02,1,1,0,80,1,0,1,4,1,10,5,3,9,0,2,1,1,201400024234B01,7,1,1,243300316
201400024236,2014-05-14,2014,mai,mercredi,09:50,33,33318,0,0,2,3,3,1,1,4,2,02,1,1,0,0,1,0,1,4,1,18,0,3,9,0,0,9,1,201400024236B01,7,1,1,243300316
201400024238,2014-05-17,2014,mai,samedi,16:15,33,33162,0,0,2,3,3,1,1,4,2,02,1,1,0,116,1,0,1,4,1,54,0,3,9,0,2,1,1,201400024238A01,7,15,1,243300316
201400024243,2014-05-20,2014,mai,mardi,08:00,33,33550,0,0,2,1,3,1,2,4,3,04,2,1,0,120,2,0,1,4,1,15,0,3,9,0,0,3,19,201400024243B01,7,1,1,243300316
201400024255,2014-05-23,2014,mai,vendredi,14:45,33,33063,0,0,2,6,3,1,1,4,2,02,1,1,0,0,1,0,1,4,1,54,0,3,9,0,2,3,16,201400024255B01,7,16,1,243300316
201400024261,2014-05-26,2014,mai,lundi,18:30,33,33281,0,0,2,3,3,1,1,4,2,02,1,1,0,70,1,0,1,4,1,7,0,2,9,0,2,8,1,201400024261B01,7,1,1,243300316
201400024271,2014-05-30,2014,mai,vendredi,15:20,33,33281,0,0,2,1,3,1,1,4,2,02,1,1,0,55,1,0,1,3,2,23,0,3,9,0,0,0,19,201400024271A01,30,1,1,243300316
201400024275,2014-06-01,2014,juin,dimanche,01:40,33,33063,0,0,2,2,3,5,1,4,1,01,1,1,0,0,1,0,1,3,2,36,0,3,9,0,2,0,1,201400024275A01,7,1,1,243300316
201400024277,2014-06-02,2014,juin,lundi,09:10,33,33318,0,0,2,3,3,1,1,4,2,02,1,1,0,0,1,0,1,4,1,21,0,3,9,0,2,0,15,201400024277B01,7,17,1,243300316
201400024284,2014-06-05,2014,juin,jeudi,18:30,33,33063,0,0,2,2,3,1,1,4,2,02,1,1,0,0,1,0,1,3,2,41,0,3,9,0,2,1,17,201400024284A01,7,1,1,243300316
201400024285,2014-06-05,2014,juin,jeudi,08:30,33,33249,0,0,2,6,3,1,1,4,2,04,1,1,0,0,1,4,1,4,2,29,0,1,9,0,0,1,2,201400024285B01,7,1,1,243300316
201400024290,2014-06-09,2014,juin,lundi,15:40,33,33063,0,0,2,2,3,1,1,4,2,02,1,1,0,0,1,0,1,4,2,15,0,3,9,0,2,1,1,201400024290A01,7,1,1,243300316
201400024291,2014-06-09,2014,juin,lundi,18:20,33,33063,0,0,2,1,3,1,1,4,1,01,1,1,0,50,1,0,1,4,1,11,0,3,9,0,0,0,0,201400024291B01,10,1,1,243300316
201400024298,2014-06-12,2014,juin,jeudi,09:25,33,33167,0,0,2,2,3,1,1,4,1,01,1,1,0,29,1,0,1,4,1,64,5,3,8,0,0,1,1,201400024298B01,7,1,1,243300316
201400024299,2014-06-12,2014,juin,jeudi,14:25,33,33063,0,0,2,2,3,1,1,4,1,01,1,1,0,0,1,0,1,3,1,62,0,3,9,0,2,9,0,201400024299B01,7,1,1,243300316
201400024304,2014-06-13,2014,juin,vendredi,11:10,33,33039,0,0,2,3,5,1,1,4,2,02,1,1,0,64,1,0,1,3,1,64,5,3,4,0,2,3,16,201400024304A01,7,15 / 24,2,243300316
201400024306,2014-06-14,2014,juin,samedi,12:50,33,33063,0,0,2,3,3,1,1,4,1,03,1,1,0,0,1,4,1,4,1,15,5,3,9,0,0,7,1,201400024306A01,7,15,1,243300316
201400024311,2014-06-18,2014,juin,mercredi,07:35,33,33039,0,0,2,6,3,2,1,4,3,02,1,3,0,0,1,0,1,3,2,32,0,3,9,0,0,0,1,201400024311B01,7,9,1,243300316
201400024323,2014-06-21,2014,juin,samedi,23:15,33,33063,0,0,2,3,3,5,1,4,1,01,1,1,0,0,1,0,1,4,2,57,0,3,9,0,0,7,1,201400024323B01,7,23,1,243300316
201400024330,2014-06-23,2014,juin,lundi,16:45,33,33063,0,0,2,1,3,1,1,4,2,02,1,1,0,0,1,0,1,4,2,48,1,3,9,0,2,0,1,201400024330B01,37,0,1,243300316
201400024335,2014-06-25,2014,juin,mercredi,07:20,33,33318,0,0,2,3,3,1,1,4,2,02,1,1,0,0,1,0,1,4,1,47,0,3,9,0,2,1,1,201400024335B01,7,15,1,243300316
201400024357,2014-07-01,2014,juillet,mardi,23:40,33,33075,0,0,2,1,6,3,1,4,2,02,1,1,0,0,1,0,1,4,1,30,5,2,9,0,1,1,1,201400024357A01,,,,243300316
201400024358,2014-07-01,2014,juillet,mardi,12:55,33,33063,0,0,2,1,3,1,1,4,1,01,1,1,0,0,1,0,1,4,2,,0,3,9,0,2,3,5,201400024358B01,7,1,1,243300316
201400024361,2014-07-02,2014,juillet,mercredi,13:30,33,33318,0,0,2,1,3,1,1,4,3,02,1,1,10,60,1,0,1,3,1,47,0,3,9,0,2,0,19,201400024361B01,37,1,1,243300316
201400024365,2014-07-04,2014,juillet,vendredi,09:42,33,33281,0,0,2,2,3,1,1,4,2,02,1,1,0,70,1,0,1,3,1,53,0,3,9,0,2,2,1,201400024365B01,7,15,1,243300316
201400024367,2014-06-30,2014,juin,lundi,09:45,33,33167,0,0,2,6,3,1,1,3,3,04,1,1,0,0,1,0,1,4,1,54,0,3,9,0,0,7,1,201400024367B01,10,9,1,243300316
201400024371,2014-07-07,2014,juillet,lundi,12:25,33,33063,0,0,2,2,3,1,1,4,2,04,1,1,0,0,1,0,1,4,2,46,0,3,9,0,2,1,1,201400024371B01,7,15,1,243300316
201400024373,2014-07-07,2014,juillet,lundi,17:10,33,33032,0,0,2,2,3,1,1,4,2,02,1,1,0,500,1,0,1,4,1,54,5,3,9,0,2,0,1,201400024373B01,7,1,1,243300316
201400024377,2014-07-08,2014,juillet,mardi,10:00,33,33281,0,0,2,3,2,1,2,4,2,02,1,1,0,50,2,0,1,4,1,48,0,3,9,0,0,1,1,201400024377B01,10,10,1,243300316
201400024381,2014-07-07,2014,juillet,lundi,08:30,33,33281,0,0,2,2,3,1,1,4,2,03,1,1,0,110,1,0,1,4,2,32,0,3,9,0,2,2,1,201400024381A01,10,1,1,243300316
201400024389,2014-07-16,2014,juillet,mercredi,19:40,33,33069,0,0,2,2,1,1,1,4,2,02,1,1,0,0,1,0,1,3,1,15,0,3,9,0,2,1,1,201400024389B01,10,15,1,243300316
201400024409,2014-07-26,2014,juillet,samedi,07:40,33,33550,0,0,2,2,3,1,5,4,2,02,1,1,0,0,1,0,1,3,1,53,0,3,9,0,2,0,1,201400024409B01,7,15,1,243300316
201400024419,2014-07-30,2014,juillet,mercredi,00:10,33,33063,0,0,1,3,2,4,1,4,2,02,1,1,0,0,1,0,1,4,1,48,0,2,4,0,0,4,1,201400024419A01,7,2,1,243300316
201400024420,2014-07-30,2014,juillet,mercredi,19:45,33,33063,0,0,2,3,3,1,1,4,2,02,1,1,0,0,1,0,1,4,1,15,0,3,9,0,0,8,15,201400024420B01,37,1,1,243300316
201400024436,2014-08-07,2014,août,jeudi,16:25,33,33119,0,0,2,4,3,1,1,4,1,01,1,1,0,28,1,0,1,3,1,17,0,3,9,0,2,1,5,201400024436A01,7,1,1,243300316
201400024437,2014-08-08,2014,août,vendredi,01:15,33,33063,0,0,2,1,7,5,1,4,2,01,1,1,0,96,1,6,1,4,1,28,5,3,9,0,0,0,1,201400024437A01,,,,243300316
201400024447,2014-08-13,2014,août,mercredi,15:00,33,33039,0,0,2,3,6,1,1,4,2,03,1,1,0,0,1,0,1,4,1,24,0,3,9,1,0,0,1,201400024447A01,7,16,1,243300316
201400024452,2014-08-17,2014,août,dimanche,18:45,33,33063,0,0,2,1,6,1,1,4,1,01,1,1,0,0,1,0,1,1,2,57,0,3,9,0,1,7,1,201400024452A01,,,,243300316
201400024452,2014-08-17,2014,août,dimanche,18:45,33,33063,0,0,2,1,6,1,1,4,1,01,1,1,0,0,1,0,1,3,2,4,5,3,9,0,1,7,1,201400024452A01,,,,243300316
201400024453,2014-08-18,2014,août,lundi,19:18,33,33063,0,0,2,2,3,1,1,4,1,01,1,1,0,0,1,0,1,3,1,18,5,3,9,0,2,0,1,201400024453A01,7,1,1,243300316
201400024464,2014-08-22,2014,août,vendredi,14:50,33,33063,0,0,2,3,3,1,1,4,2,00,1,1,0,0,1,0,1,3,1,18,0,3,9,0,0,8,1,201400024464A01,7,1,1,243300316
201400024466,2014-08-23,2014,août,samedi,20:10,33,33063,0,0,2,4,3,1,1,4,3,02,1,1,0,61,1,0,1,3,1,68,0,3,9,0,2,1,13,201400024466B01,7,1,1,243300316
201400024475,2014-08-27,2014,août,mercredi,14:30,33,33550,0,0,2,6,3,1,1,3,2,02,1,-1,0,0,1,0,1,4,2,42,1,3,9,0,4,0,19,201400024475B01,15,16,1,243300316
201400024476,2014-08-28,2014,août,jeudi,08:45,33,33281,0,0,2,3,2,1,1,4,2,02,1,1,0,0,1,0,1,3,2,54,4,3,9,0,0,4,1,201400024476B01,10,1,1,243300316
201400024485,2014-09-02,2014,septembre,mardi,17:00,33,33063,0,0,2,2,3,1,1,4,2,05,1,1,0,0,1,0,0,4,2,21,0,3,9,0,0,1,19,201400024485B01,7,1,1,243300316
201400024490,2014-09-04,2014,septembre,jeudi,07:50,33,33167,0,0,2,3,3,1,1,3,2,02,1,1,0,0,1,0,1,4,2,22,0,3,9,0,2,1,1,201400024490B01,7,16,1,243300316
201400024491,2014-09-04,2014,septembre,jeudi,09:23,33,33063,0,0,2,6,3,1,1,4,2,02,1,1,0,0,1,0,1,4,2,21,5,3,9,0,2,1,0,201400024491B01,7,0,1,243300316
201400024492,2014-09-04,2014,septembre,jeudi,08:00,33,33318,0,0,2,2,3,1,1,4,2,02,1,1,0,60,1,0,1,4,1,21,0,3,9,0,2,2,2,201400024492B01,7,1,1,243300316
201400024498,2014-09-04,2014,septembre,jeudi,16:30,33,33063,0,0,2,3,6,1,1,4,2,04,1,-1,0,0,1,0,1,1,1,20,0,3,9,0,1,0,1,201400024498A01,,,,243300316
201400024500,2014-09-05,2014,septembre,vendredi,08:40,33,33281,0,0,2,3,3,1,1,4,2,02,1,2,0,50,1,0,1,4,1,12,0,3,9,0,2,1,1,201400024500B01,7,15,1,243300316
201400024515,2014-09-09,2014,septembre,mardi,17:00,33,33063,0,0,2,1,3,1,1,4,3,06,1,1,0,0,1,0,1,4,1,21,5,3,9,0,2,1,1,201400024515B01,7,16,1,243300316
201400024516,2014-09-09,2014,septembre,mardi,16:54,33,33063,0,0,2,3,3,1,1,4,2,03,1,1,0,0,1,0,1,1,2,26,5,3,9,0,2,1,1,201400024516B01,30,13,1,243300316
201400024517,2014-09-09,2014,septembre,mardi,18:50,33,33063,0,0,2,6,3,1,1,4,2,02,1,1,0,0,-1,1,1,3,1,29,9,3,9,0,2,7,19,201400024517A01,10,16,1,243300316
201400024519,2014-09-09,2014,septembre,mardi,20:40,33,33192,0,0,2,1,5,5,1,4,3,02,1,1,47,212,1,0,1,4,1,13,0,3,9,0,0,0,1,201400024519C01,7 / 2,2 / 1,2,243300316
201400024521,2014-09-10,2014,septembre,mercredi,10:17,33,33063,0,0,2,1,3,1,1,4,1,00,1,1,0,0,1,0,1,3,1,19,2,3,2,0,2,1,2,201400024521B01,7,16,1,243300316
201400024522,2014-09-10,2014,septembre,mercredi,09:15,33,33063,0,0,2,3,1,1,1,4,1,01,1,1,0,0,1,0,1,4,1,13,2,3,9,0,2,1,2,201400024522A01,10,1,1,243300316
201400024531,2014-09-13,2014,septembre,samedi,08:58,33,33063,0,0,2,2,3,1,1,4,2,02,1,1,0,0,1,0,1,4,1,31,1,3,9,0,2,2,1,201400024531A01,10,16,1,243300316
201400024533,2014-09-13,2014,septembre,samedi,11:30,33,33063,0,0,2,2,3,1,1,4,2,02,1,1,0,0,1,0,1,4,2,20,0,3,9,0,0,7,1,201400024533A01,7,1,1,243300316
201400024536,2014-09-13,2014,septembre,samedi,17:45,33,33318,0,0,2,6,2,1,1,4,2,02,1,1,0,0,1,0,1,1,1,16,5,3,2,0,0,8,9,201400024536A01,2,1,1,243300316
201400024537,2014-09-13,2014,septembre,samedi,22:00,33,33063,0,0,2,2,3,5,1,4,2,02,1,1,0,171,1,0,1,4,2,17,0,3,9,0,2,1,1,201400024537B01,7,15,1,243300316
201400024544,2014-09-16,2014,septembre,mardi,09:00,33,33522,0,0,2,1,3,1,1,4,3,03,1,1,0,69,1,0,1,4,2,25,1,3,9,0,2,1,1,201400024544B01,7,0,1,243300316
201400024556,2014-09-19,2014,septembre,vendredi,08:30,33,33200,0,0,2,2,3,1,1,4,2,04,1,-1,0,0,1,0,0,4,2,6,0,3,9,0,0,0,19,201400024556B01,7,1,1,243300316
201400024557,2014-09-19,2014,septembre,vendredi,09:55,33,33063,0,0,2,3,2,1,1,4,1,02,1,1,0,0,1,0,0,4,2,27,4,3,9,0,2,1,1,201400024557A01,7,23,1,243300316
201400024561,2014-09-21,2014,septembre,dimanche,10:50,33,33063,0,0,2,3,1,1,1,4,2,02,1,1,0,0,1,0,1,4,1,63,0,3,9,0,2,3,1,201400024561B01,7,15,1,243300316
201400024568,2014-09-23,2014,septembre,mardi,07:30,33,33063,0,0,2,2,3,1,1,4,1,02,1,1,0,0,1,0,0,3,1,18,0,3,9,0,2,1,1,201400024568A01,7,1,1,243300316
201400024571,2014-09-23,2014,septembre,mardi,16:30,33,33063,0,0,2,5,3,1,1,4,1,01,1,1,0,0,1,0,1,4,2,16,5,3,9,1,0,2,0,201400024571B01,7,24,1,243300316
201400024574,2014-09-23,2014,septembre,mardi,18:40,33,33249,0,0,2,3,3,1,1,4,2,02,1,1,0,0,1,0,1,4,1,10,0,3,9,0,0,0,0,201400024574B01,7,1,1,243300316
201400024580,2014-09-24,2014,septembre,mercredi,13:10,33,33063,0,0,2,3,3,1,1,4,2,04,1,1,0,0,1,0,1,4,1,26,0,3,9,0,2,1,1,201400024580B01,7,16,1,243300316
201400024583,2014-09-24,2014,septembre,mercredi,18:35,33,33063,0,0,2,1,3,1,1,4,1,02,1,1,0,0,1,0,1,3,1,21,5,3,9,0,2,0,1,201400024583A01,7,22,1,243300316
201400024584,2014-09-23,2014,septembre,mardi,16:00,33,33063,0,0,2,2,6,1,1,4,2,05,1,1,0,0,1,0,1,4,1,65,0,3,9,0,1,1,15,201400024584A01,,,,243300316