Num_Acc,date,an,mois,jour,hrmn,dep,com,lat,long,agg,int,col,lum,atm,catr,circ,nbv,prof,plan,lartpc,larrout,surf,infra,situ,grav,sexe,age,trajet,secuexist,equipement,obs,obsm,choc,manv,vehiculeid,typevehicules,manoeuvehicules,numVehicules,_infos_commune.code_epci
201400024590,2014-09-26,2014,septembre,vendredi,18:38,33,33063,0,0,2,1,6,1,1,4,1,01,1,1,0,0,1,0,1,1,1,28,0,3,9,0,1,1,1,201400024590A01,,,,243300316
201400024595,2014-09-26,2014,septembre,vendredi,08:55,33,33063,0,0,2,1,3,2,1,4,3,06,1,1,0,0,1,0,1,3,1,35,0,3,9,0,2,1,1,201400024595B01,7,20,1,243300316
201400024601,2014-09-29,2014,septembre,lundi,16:40,33,33281,0,0,2,1,1,1,1,4,2,02,1,1,0,0,1,0,1,3,2,26,0,3,9,0,2,1,1,201400024601B01,7,15,1,243300316
201400024602,2014-09-29,2014,septembre,lundi,18:50,33,33063,0,0,2,1,5,1,1,4,2,04,1,1,0,0,1,0,1,4,2,51,0,3,9,0,2,2,13,201400024602B01,7,18 / 1,2,243300316
201400024604,2014-09-30,2014,septembre,mardi,07:50,33,33063,0,0,2,6,3,1,1,4,2,02,1,3,0,0,1,0,1,4,1,18,0,3,9,0,2,2,19,201400024604B01,7,1,1,243300316
201400024609,2014-10-01,2014,octobre,mercredi,13:40,33,33522,0,0,2,2,3,1,1,4,2,00,1,1,0,100,1,0,1,4,1,12,0,3,9,0,2,4,1,201400024609A01,7,1,1,243300316
201400024612,2014-10-01,2014,octobre,mercredi,16:25,33,33063,0,0,2,6,3,1,1,4,2,02,1,1,0,0,1,0,1,3,1,10,0,3,9,0,2,6,19,201400024612B01,37,1,1,243300316
201400024614,2014-10-01,2014,octobre,mercredi,22:00,33,33063,0,0,2,1,7,5,1,4,2,02,1,1,0,57,1,0,1,4,1,31,0,3,9,0,0,1,0,201400024614A01,,,,243300316
201400024615,2014-09-27,2014,septembre,samedi,08:50,33,33522,0,0,2,2,3,1,1,4,2,04,1,1,0,300,1,0,1,3,1,20,0,3,2,0,0,5,1,201400024615A01,10,1,1,243300316
201400024619,2014-10-02,2014,octobre,jeudi,17:10,33,33550,0,0,2,6,3,1,1,4,2,02,1,3,0,0,1,0,1,4,1,82,0,3,9,0,2,0,0,201400024619B01,7,0,1,243300316
201400024620,2014-10-02,2014,octobre,jeudi,19:20,33,33249,0,0,2,2,3,1,1,4,1,02,1,2,0,0,1,0,1,4,1,10,0,3,9,0,0,8,19,201400024620B01,7,15,1,243300316
201400024620,2014-10-02,2014,octobre,jeudi,19:20,33,33249,0,0,2,2,3,1,1,4,1,02,1,2,0,0,1,0,1,1,1,16,5,3,9,0,0,8,19,201400024620B01,7,15,1,243300316
201400024626,2014-10-04,2014,octobre,samedi,09:10,33,33318,0,0,2,2,3,1,1,4,2,02,1,1,0,60,1,0,1,3,1,82,0,3,9,0,2,7,0,201400024626B01,7,15,1,243300316
201400024629,2014-10-05,2014,octobre,dimanche,14:50,33,33063,0,0,2,5,3,1,1,4,1,04,1,1,0,0,1,0,1,3,2,60,5,2,2,0,0,3,1,201400024629B01,7,16,1,243300316
201400024630,2014-10-06,2014,octobre,lundi,06:45,33,33281,0,0,2,6,2,1,1,4,2,02,1,1,0,0,1,0,1,3,1,50,0,1,9,0,0,4,1,201400024630B01,10,1,1,243300316
201400024631,2014-10-06,2014,octobre,lundi,08:05,33,33063,0,0,2,4,6,1,1,4,2,02,1,1,0,0,1,0,1,4,1,53,5,3,9,0,2,1,1,201400024631A01,20,16,1,243300316
201400024634,2014-10-06,2014,octobre,lundi,17:05,33,33281,0,0,2,3,3,1,1,4,2,02,1,1,0,0,2,0,1,4,1,13,0,3,9,0,2,8,1,201400024634B01,2,1,1,243300316
201400024643,2014-10-08,2014,octobre,mercredi,14:25,33,33063,0,0,2,3,6,1,1,4,1,10,1,1,0,0,1,0,1,1,1,29,0,2,9,0,1,1,1,201400024643A01,,,,243300316
201400024643,2014-10-08,2014,octobre,mercredi,14:25,33,33063,0,0,2,3,6,1,1,4,1,10,1,1,0,0,1,0,1,3,2,64,0,3,9,0,1,1,1,201400024643A01,,,,243300316
201400024645,2014-10-08,2014,octobre,mercredi,17:00,33,33063,0,0,2,3,6,1,1,4,1,01,1,1,0,0,1,0,0,3,1,86,0,3,9,0,1,0,1,201400024645A01,,,,243300316
201400024666,2014-10-15,2014,octobre,mercredi,14:30,33,33063,0,0,2,3,3,1,1,4,1,01,1,1,0,72,1,0,1,4,1,13,0,3,9,0,2,3,1,201400024666A01,7,0,1,243300316
201400024671,2014-10-15,2014,octobre,mercredi,16:50,33,33318,0,0,2,1,3,1,1,4,1,01,1,1,0,0,1,0,1,4,1,15,0,3,9,0,0,8,19,201400024671B01,7,1,1,243300316
201400024676,2014-10-17,2014,octobre,vendredi,12:40,33,33063,0,0,2,2,6,1,1,4,2,04,2,1,0,0,1,0,1,4,2,21,0,2,2,0,4,1,1,201400024676A01,40,1,1,243300316
201400024678,2014-10-18,2014,octobre,samedi,02:20,33,33063,0,0,2,3,1,5,1,4,1,02,1,1,39,58,1,0,1,4,1,26,0,3,9,0,2,2,19,201400024678A01,7,1,1,243300316
201400024684,2014-10-19,2014,octobre,dimanche,17:05,33,33192,0,0,2,1,3,1,1,4,3,02,1,1,19,80,1,0,1,3,1,51,0,3,9,0,0,8,1,201400024684B01,7,14,1,243300316
201400024687,2014-10-20,2014,octobre,lundi,09:17,33,33281,0,0,2,3,3,1,1,4,2,02,1,1,0,0,1,0,1,4,1,35,0,3,9,0,0,0,0,201400024687B01,7,0,1,243300316
201400024690,2014-10-21,2014,octobre,mardi,14:55,33,33063,0,0,2,6,3,1,1,4,2,02,1,1,0,0,1,0,0,4,1,60,5,3,2,0,2,4,1,201400024690B01,7,1,1,243300316
201400024695,2014-10-22,2014,octobre,mercredi,13:00,33,33063,0,0,2,1,6,1,1,4,1,01,1,1,0,0,1,0,1,1,1,64,0,3,9,0,1,1,5,201400024695A01,,,,243300316
201400024701,2014-10-23,2014,octobre,jeudi,08:22,33,33281,0,0,2,4,3,2,1,4,1,01,1,1,0,40,1,0,1,3,1,32,4,3,2,0,0,3,1,201400024701B01,7,9,1,243300316
201400024702,2014-10-23,2014,octobre,jeudi,17:50,33,33063,0,0,2,2,3,1,1,4,2,02,1,1,0,0,1,0,1,1,1,26,0,3,9,0,0,3,16,201400024702A01,31,15,1,243300316
201400024704,2014-10-23,2014,octobre,jeudi,18:15,33,33281,0,0,2,1,3,1,1,4,2,02,1,1,0,40,1,0,1,4,1,24,0,1,2,0,2,1,1,201400024704B01,7,16,1,243300316
201400024708,2014-10-24,2014,octobre,vendredi,09:37,33,33522,0,0,2,6,3,1,1,4,3,04,1,2,0,61,1,0,1,4,1,21,0,3,9,0,2,7,0,201400024708B01,7,0,1,243300316
201400024724,2014-10-28,2014,octobre,mardi,17:15,33,33039,0,0,2,2,1,1,1,4,2,02,1,1,0,0,1,0,1,4,1,45,5,1,9,0,2,1,1,201400024724B01,7,1,1,243300316
201400024726,2014-10-29,2014,octobre,mercredi,08:50,33,33063,0,0,2,2,3,1,1,4,2,02,1,3,0,0,1,5,1,4,2,26,9,3,9,0,0,2,16,201400024726B01,14,16,1,243300316
201400024740,2014-11-01,2014,novembre,samedi,09:50,33,33281,0,0,2,4,1,1,1,4,2,02,1,1,0,0,1,0,1,4,1,42,0,3,9,0,2,3,1,201400024740B01,7,16,1,243300316
201400024743,2014-11-01,2014,novembre,samedi,23:30,33,33063,0,0,2,1,6,5,1,4,2,02,1,1,0,0,1,0,4,1,1,26,0,3,9,0,1,1,1,201400024743A01,,,,243300316
201400024743,2014-11-01,2014,novembre,samedi,23:30,33,33063,0,0,2,1,6,5,1,4,2,02,1,1,0,0,1,0,4,4,1,59,0,3,9,0,1,1,1,201400024743A01,,,,243300316
201400024749,2014-11-05,2014,novembre,mercredi,13:50,33,33063,0,0,2,3,1,1,1,4,1,02,1,1,0,0,1,0,1,4,2,18,0,3,9,0,2,5,19,201400024749A01,7,1,1,243300316
201400024751,2014-11-05,2014,novembre,mercredi,21:10,33,33063,0,0,2,3,2,5,1,4,1,01,1,1,0,0,2,0,1,3,1,26,0,3,9,0,0,1,1,201400024751A01,7,4,1,243300316
201400024783,2014-11-13,2014,novembre,jeudi,17:45,33,33075,0,0,2,3,1,5,1,4,3,04,1,1,0,0,1,0,1,4,2,19,5,2,9,0,2,1,15,201400024783B01,7,15,1,243300316
201400024790,2014-11-13,2014,novembre,jeudi,19:00,33,33522,0,0,2,2,3,5,1,4,2,03,1,-1,0,0,1,0,1,4,2,19,0,3,9,0,0,1,1,201400024790A01,7,15,1,243300316
201400024791,2014-11-14,2014,novembre,vendredi,14:00,33,33522,0,0,2,3,3,1,1,4,2,05,1,1,0,0,1,2,1,4,1,18,0,3,9,0,0,0,19,201400024791A01,7,1,1,243300316
201400024792,2014-11-14,2014,novembre,vendredi,18:00,33,33063,0,0,2,1,6,2,1,4,2,02,1,1,0,0,1,0,1,1,1,19,0,3,9,0,1,0,1,201400024792A01,,,,243300316
201400024805,2014-11-14,2014,novembre,vendredi,12:10,33,33522,0,0,2,3,3,1,8,4,3,02,2,2,50,57,2,0,0,4,1,17,0,3,9,0,2,1,1,201400024805B01,7,15,1,243300316
201400024806,2014-11-14,2014,novembre,vendredi,07:35,33,33192,0,0,2,6,3,5,3,4,2,02,1,3,0,105,2,0,1,4,1,12,0,3,9,0,0,1,1,201400024806B01,7,1,1,243300316
201400024810,2014-11-18,2014,novembre,mardi,18:00,33,33063,0,0,2,2,4,1,1,4,2,02,1,1,0,0,1,0,1,4,1,59,0,3,9,0,2,4,1,201400024810B01,7,16,1,243300316
201400024810,2014-11-18,2014,novembre,mardi,18:00,33,33063,0,0,2,2,4,1,1,4,2,02,1,1,0,0,1,0,1,4,2,56,0,3,9,1,2,3,1,201400024810C01,7,16,1,243300316
201400024815,2014-11-19,2014,novembre,mercredi,20:00,33,33063,0,0,2,1,3,5,1,4,2,00,1,1,0,0,1,0,1,3,1,57,0,3,9,0,0,4,1,201400024815B01,7,0,1,243300316
201400024821,2014-11-20,2014,novembre,jeudi,16:50,33,33281,0,0,1,3,1,2,1,4,2,03,1,1,0,0,1,0,1,3,1,43,0,3,9,0,2,1,1,201400024821B01,33,15,1,243300316
201400024824,2014-11-20,2014,novembre,jeudi,19:30,33,33522,0,0,2,6,3,5,1,4,2,02,1,1,0,0,1,0,1,4,2,38,1,3,9,0,0,7,1,201400024824A01,2,1,1,243300316
201400024834,2014-11-19,2014,novembre,mercredi,11:30,33,33063,0,0,2,1,6,1,1,4,2,02,1,1,0,10,1,0,1,4,1,30,0,3,9,1,0,1,2,201400024834B01,7,24,1,243300316
201400024837,2014-11-25,2014,novembre,mardi,22:30,33,33063,0,0,2,3,3,5,8,4,2,03,1,1,0,141,1,0,1,4,1,33,0,3,9,0,0,7,1,201400024837B01,7,1,1,243300316
201400024839,2014-11-24,2014,novembre,lundi,19:30,33,33522,0,0,2,6,3,5,1,4,2,02,1,1,0,0,1,0,1,4,1,53,0,3,9,0,2,1,1,201400024839B01,7,15,1,243300316
201400024841,2014-11-26,2014,novembre,mercredi,08:00,33,33063,0,0,2,1,2,1,1,4,3,04,1,1,0,0,2,0,1,4,1,54,4,3,9,0,2,1,17,201400024841A01,10,23,1,243300316
201400024842,2014-11-26,2014,novembre,mercredi,17:15,33,33162,0,0,2,2,3,2,2,4,2,02,1,1,0,11,2,0,1,4,2,13,0,3,9,0,2,1,15,201400024842A01,7,1,1,243300316
201400024845,2014-11-24,2014,novembre,lundi,09:10,33,33281,0,0,2,6,3,1,2,4,2,04,1,1,0,0,1,0,1,4,2,20,0,3,9,0,2,1,1,201400024845B01,7,9,1,243300316
201400024850,2014-11-30,2014,novembre,dimanche,03:05,33,33063,0,0,2,1,7,5,2,4,2,04,1,1,0,269,2,0,4,3,1,26,5,3,9,0,0,0,1,201400024850A01,,,,243300316
201400024859,2014-12-05,2014,décembre,vendredi,02:20,33,33063,0,0,2,3,7,5,1,4,2,03,1,1,0,60,1,0,1,3,2,29,0,3,9,12,0,2,0,201400024859A01,,,,243300316
201400024866,2014-12-08,2014,décembre,lundi,09:00,33,33063,0,0,2,6,3,1,1,4,1,02,1,1,0,0,1,0,1,4,1,60,5,3,9,0,2,1,1,201400024866B01,10,15,1,243300316
201400024876,2014-12-10,2014,décembre,mercredi,16:00,33,33063,0,0,2,3,3,1,2,4,2,02,3,1,0,0,2,0,1,4,1,58,0,3,9,1,0,1,1,201400024876B01,7,24,1,243300316
201400024880,2014-12-11,2014,décembre,jeudi,08:53,33,33063,0,0,2,3,3,1,1,4,3,08,1,3,0,0,2,0,1,4,1,15,0,3,9,0,4,1,19,201400024880A01,40,1,1,243300316
201400024882,2014-12-11,2014,décembre,jeudi,17:40,33,33063,0,0,2,3,2,5,1,4,3,07,1,1,0,70,2,0,1,1,1,14,0,3,9,0,0,0,0,201400024882B01,30,1,1,243300316
201400024882,2014-12-11,2014,décembre,jeudi,17:40,33,33063,0,0,2,3,2,5,1,4,3,07,1,1,0,70,2,0,1,4,2,14,5,3,9,0,0,0,0,201400024882B01,30,1,1,243300316
201400024883,2014-12-11,2014,décembre,jeudi,21:05,33,33069,0,0,2,6,3,5,1,4,2,02,1,1,0,0,1,0,1,4,2,41,5,3,9,0,0,3,1,201400024883B01,7,9,1,243300316
201400024890,2014-12-15,2014,décembre,lundi,08:20,33,33069,0,0,2,2,3,1,1,4,2,02,1,1,0,0,1,0,1,4,2,19,0,3,9,0,2,3,16,201400024890B01,10,1,1,243300316
201400024904,2014-12-22,2014,décembre,lundi,09:50,33,33550,0,0,2,6,3,1,1,4,2,02,1,2,25,70,1,0,1,3,2,67,0,3,9,0,2,4,1,201400024904B01,7,1,1,243300316
201400024925,2014-07-17,2014,juillet,jeudi,04:30,49,49058,46.99958,-0.64018,2,1,3,5,1,4,2,00,1,1,0,60,1,0,4,4,1,46,1,2,4,0,2,1,1,201400024925B02,7,4,1,200071678
201400024956,2014-04-15,2014,avril,mardi,13:30,34,34003,0,0,2,6,3,1,1,4,2,01,1,1,0,34,1,0,1,3,2,55,5,1,4,0,2,1,1,201400024956B01,7,9,1,243400819
201400024958,2014-06-26,2014,juin,jeudi,12:35,34,34003,0,0,2,1,2,1,1,4,1,01,1,1,0,128,1,0,1,3,1,43,5,2,4,0,2,4,2,201400024958B01,7,9,1,243400819
201400024961,2014-07-30,2014,juillet,mercredi,19:30,34,34003,0,0,2,1,3,1,1,4,1,02,1,1,0,80,1,0,5,4,2,50,5,2,2,0,2,7,19,201400024961B01,7,0,1,243400819
201400024963,2014-08-10,2014,août,dimanche,11:40,34,34003,0,0,2,1,3,1,1,4,2,01,1,1,0,50,1,0,1,3,1,56,5,1,4,0,2,1,1,201400024963B01,10,15,1,243400819
201400024964,2014-08-27,2014,août,mercredi,12:25,34,34003,0,0,2,1,2,1,1,4,1,01,1,1,0,110,1,0,1,4,1,66,0,2,4,0,2,4,2,201400024964B01,7,2,1,243400819
201400024992,2014-04-15,2014,avril,mardi,13:50,34,34073,0,0,1,1,7,1,1,4,2,01,2,1,0,48,1,0,1,3,1,76,5,2,9,0,0,8,1,201400024992A01,,,,243400769
201400025003,2014-06-26,2014,juin,jeudi,10:45,34,34032,0,0,2,3,3,1,9,3,1,00,1,1,0,60,9,0,1,4,2,26,9,3,9,0,2,1,5,201400025003A01,7,1,1,243400769
201400025007,2014-07-17,2014,juillet,jeudi,06:40,34,34336,0,0,2,3,3,2,1,4,2,02,1,1,0,123,1,0,1,3,1,66,5,1,2,0,2,8,1,201400025007B01,7,15,1,243400769
201400025018,2014-12-09,2014,décembre,mardi,18:50,34,34032,43.34732,3.25377,2,1,7,4,1,3,1,02,1,1,0,60,1,5,1,3,1,49,3,2,2,0,0,0,1,201400025018A01,,,,243400769
201400025048,2014-01-18,2014,janvier,samedi,12:25,34,34172,43.64229,3.85923,2,1,3,1,2,4,2,00,2,-1,0,60,2,0,1,4,2,25,0,1,9,0,0,1,0,201400025048A01,37,1,1,243400017
201400025053,2014-01-23,2014,janvier,jeudi,17:15,34,34172,43.63672,3.83079,2,6,2,1,1,4,1,02,1,2,0,80,1,0,1,4,1,43,0,2,9,0,0,4,1,201400025053B01,7,9,1,243400017
201400025057,2014-01-25,2014,janvier,samedi,09:10,34,34172,43.59064,3.88473,2,3,3,1,8,4,2,02,1,1,0,50,1,0,1,4,2,26,1,3,9,0,2,1,1,201400025057B01,7,9,1,243400017
201400025058,2014-01-27,2014,janvier,lundi,08:20,34,34172,43.60657,3.84768,2,3,3,1,1,4,2,02,1,1,0,70,1,0,1,4,1,13,2,3,9,0,2,1,15,201400025058A01,7,1,1,243400017
201400025078,2014-02-15,2014,février,samedi,19:30,34,34172,43.5914,3.8911,2,1,3,5,1,4,1,01,1,1,0,30,1,0,1,4,1,46,5,3,9,0,2,1,0,201400025078A01,7,23,1,243400017
201400025080,2014-02-16,2014,février,dimanche,18:40,34,34129,43.57693,3.89726,1,1,2,3,8,4,2,02,1,1,0,60,1,0,1,2,2,11,5,2,4,0,0,4,1,201400025080A01,7,1,1,243400017
201400025086,2014-02-23,2014,février,dimanche,20:00,34,34172,43.61989,3.83239,2,1,3,5,1,4,1,01,1,2,0,30,1,0,1,4,1,25,5,3,9,0,2,5,2,201400025086B01,7,2,1,243400017
201400025088,2014-02-25,2014,février,mardi,08:50,34,34172,43.60974,3.86308,2,1,7,1,2,4,2,02,2,1,0,70,2,0,4,4,1,29,1,3,9,6,0,0,0,201400025088A01,,,,243400017
201400025095,2014-03-02,2014,mars,dimanche,04:55,34,34172,43.61356,3.88077,2,1,7,5,1,4,2,02,2,1,5,60,1,0,1,4,1,24,5,3,9,14,0,1,1,201400025095A01,,,,243400017
201400025114,2014-03-18,2014,mars,mardi,16:50,34,34172,43.62686,3.86973,2,2,1,1,1,4,2,04,1,1,0,0,1,0,1,4,2,27,5,1,9,0,2,1,2,201400025114B01,7,15,1,243400017
201400025121,2014-03-23,2014,mars,dimanche,20:15,34,34172,43.58847,3.86962,2,3,3,5,1,4,2,02,1,1,0,60,1,0,1,4,1,32,0,3,9,0,2,8,19,201400025121B01,7,4,1,243400017
201400025126,2014-03-28,2014,mars,vendredi,15:20,34,34172,43.62644,3.82293,2,1,2,1,1,4,2,02,2,1,0,60,1,0,1,4,1,27,5,3,4,0,2,1,1,201400025126B01,7,15,1,243400017
201400025137,2014-04-04,2014,avril,vendredi,16:40,34,34172,43.62058,3.85823,2,1,3,1,1,4,-1,00,1,2,0,0,1,0,4,1,1,26,0,3,9,0,2,3,1,201400025137A01,1,14,1,243400017
201400025137,2014-04-04,2014,avril,vendredi,16:40,34,34172,43.62058,3.85823,2,1,3,1,1,4,-1,00,1,2,0,0,1,0,4,4,2,68,5,3,9,0,2,7,14,201400025137B01,1,1,1,243400017
201400025170,2014-05-03,2014,mai,samedi,17:20,34,34172,43.61438,3.88382,2,1,6,1,1,4,1,03,1,1,0,86,1,0,1,4,1,54,5,3,9,0,0,7,1,201400025170B01,7,1,2,243400017
201400025173,2014-05-04,2014,mai,dimanche,11:30,34,34129,43.55033,3.89759,1,1,7,1,1,9,2,01,1,1,37,50,1,0,5,3,1,58,5,3,9,0,0,0,1,201400025173A01,,,,243400017
201400025177,2014-05-08,2014,mai,jeudi,15:00,34,34172,43.62638,3.88531,2,1,7,1,8,4,2,02,2,1,0,20,1,0,5,4,1,39,5,1,9,0,0,0,1,201400025177A01,,,,243400017
201400025188,2014-05-15,2014,mai,jeudi,12:10,34,34172,43.5983,3.90338,2,1,3,1,1,4,1,02,1,1,0,0,1,0,1,1,1,26,0,2,9,0,2,1,19,201400025188A01,33,21,1,243400017
201400025194,2014-05-17,2014,mai,samedi,12:30,34,34172,43.59132,3.88489,2,1,3,1,1,4,2,02,1,1,0,60,1,0,1,4,1,47,5,3,4,0,2,1,1,201400025194B01,7,1,1,243400017
201400025204,2014-05-25,2014,mai,dimanche,09:35,34,34172,43.60032,3.86743,2,3,3,1,1,4,2,04,1,1,0,120,1,0,1,4,1,25,0,3,9,0,2,1,9,201400025204A01,7,15,1,243400017
201400025222,2014-06-15,2014,juin,dimanche,01:00,34,34172,43.62147,3.86854,2,2,3,5,1,4,4,02,1,1,0,70,1,0,1,3,1,24,0,2,2,0,2,1,1,201400025222B01,7,1,1,243400017
201400025225,2014-06-16,2014,juin,lundi,17:25,34,34172,43.6146,3.82951,2,1,3,1,1,4,2,02,1,1,0,64,1,0,1,4,2,31,0,3,9,0,2,8,1,201400025225B01,7,17,1,243400017
201400025243,2014-07-01,2014,juillet,mardi,14:20,34,34172,43.6202,3.81787,2,1,3,1,8,4,1,02,1,2,0,80,1,0,1,4,1,47,5,3,9,0,2,7,1,201400025243B01,7,9,1,243400017
201400025256,2014-07-13,2014,juillet,dimanche,13:20,34,34172,0,0,2,1,1,1,1,4,2,02,1,1,0,60,1,0,1,4,1,42,5,3,9,0,2,1,1,201400025256B01,7,9,1,243400017
201400025263,2014-07-18,2014,juillet,vendredi,16:30,34,34172,43.61506,3.82401,2,3,3,1,1,4,-1,01,2,1,0,20,1,0,5,3,2,41,9,3,9,0,2,1,1,201400025263B01,10,16,1,243400017
201400025265,2014-07-20,2014,juillet,dimanche,17:40,34,34172,43.6011,3.86693,2,1,3,1,1,4,2,01,3,1,0,30,2,0,4,3,1,12,5,3,4,0,2,1,19,201400025265A01,7,15,1,243400017
201400025281,2014-08-01,2014,août,vendredi,18:50,34,34172,43.63506,3.84416,2,9,3,1,1,9,-1,02,3,2,0,100,1,4,0,4,1,31,1,3,4,0,4,3,9,201400025281A01,40,1,1,243400017
201400025284,2014-08-07,2014,août,jeudi,08:00,34,34172,0,0,2,1,1,1,1,4,2,02,1,1,0,52,1,0,1,4,2,27,5,2,2,0,2,1,1,201400025284B01,7,15,1,243400017
201400025304,2014-08-27,2014,août,mercredi,15:30,34,34172,43.6128,3.86741,2,2,3,1,1,4,1,02,1,1,0,70,1,5,1,1,1,17,5,3,9,0,2,1,19,201400025304A01,7,1,1,243400017
201400025304,2014-08-27,2014,août,mercredi,15:30,34,34172,43.6128,3.86741,2,2,3,1,1,4,1,02,1,1,0,70,1,5,1,4,1,17,5,3,9,0,2,1,19,201400025304A01,7,1,1,243400017
201400025307,2014-08-29,2014,août,vendredi,15:05,34,34172,43.60045,3.87553,2,1,3,1,1,9,2,02,2,1,0,70,9,0,0,4,1,17,5,3,9,0,4,8,15,201400025307A01,40,1,1,243400017
201400025312,2014-08-31,2014,août,dimanche,10:00,34,34172,43.57637,3.87419,2,1,3,1,1,4,1,03,1,2,0,90,1,5,1,4,1,51,5,2,9,0,2,2,12,201400025312A01,7,2,1,243400017
201400025315,2014-09-02,2014,septembre,mardi,22:40,34,34172,43.63842,3.84762,2,5,3,5,1,4,1,02,2,-1,0,60,1,5,0,3,2,28,1,3,9,0,0,1,0,201400025315B01,7,11,1,243400017
201400025333,2014-09-11,2014,septembre,jeudi,17:40,34,34172,43.64462,3.84165,2,2,3,1,1,4,2,02,1,-1,0,18,1,0,1,4,1,24,1,3,9,0,2,1,1,201400025333A01,7,1,1,243400017
201400025348,2014-09-22,2014,septembre,lundi,13:35,34,34172,43.61364,3.8399,2,1,3,1,1,9,-1,00,1,1,0,20,1,0,4,4,1,44,9,2,9,0,2,2,0,201400025348B01,33,0,1,243400017
201400025362,2014-10-06,2014,octobre,lundi,19:55,34,34172,43.62074,3.87718,2,2,3,3,2,4,2,02,1,1,0,60,2,0,1,4,2,23,5,1,2,0,2,1,19,201400025362B01,7,16,1,243400017
201400025385,2014-10-30,2014,octobre,jeudi,15:30,34,34172,43.61051,3.88058,2,1,6,1,1,4,3,02,1,1,0,60,1,0,1,1,1,22,1,3,4,0,1,1,1,201400025385A01,,,,243400017
201400025428,2014-12-26,2014,décembre,vendredi,14:45,34,34172,43.59076,3.89738,2,1,2,1,1,4,2,02,1,1,0,57,1,0,1,4,1,14,5,2,9,0,2,4,1,201400025428A01,32,2,1,243400017
201400025432,2014-01-17,2014,janvier,vendredi,16:45,34,34301,43.40171,3.66161,2,1,3,1,1,3,2,02,1,1,0,80,1,0,1,3,2,77,5,2,9,0,2,1,19,201400025432A01,7,1,1,200066355
201400025457,2014-05-31,2014,mai,samedi,16:15,34,34301,0,0,2,3,1,1,1,4,2,01,1,1,0,38,1,0,1,4,1,62,5,3,9,0,2,1,0,201400025457B01,7,0,1,200066355
201400025462,2014-06-15,2014,juin,dimanche,05:30,34,34301,43.41473,3.69896,1,1,2,3,1,3,2,02,1,1,0,0,1,0,1,4,1,32,5,2,4,0,2,4,0,201400025462B01,7,0,1,200066355
201400025475,2014-09-27,2014,septembre,samedi,13:30,34,34108,0,0,2,3,3,1,1,4,2,02,1,1,0,60,1,0,1,4,1,87,5,2,9,0,2,1,16,201400025475A01,7,1,1,200066355
201400025523,2014-01-09,2014,janvier,jeudi,13:25,35,35238,48.0869,-1.69164,2,3,3,1,1,4,2,02,1,1,0,0,1,5,1,4,1,62,5,3,8,0,2,1,15,201400025523B01,7,15,1,243500139
201400025539,2014-01-18,2014,janvier,samedi,18:52,35,35238,48.1051,-1.6934,2,2,3,5,2,4,2,02,1,1,0,0,2,0,1,4,2,25,5,3,8,0,2,4,1,201400025539A01,7,1,1,243500139
201400025540,2014-01-18,2014,janvier,samedi,20:05,35,35238,48.1213,-1.70087,2,3,3,5,2,4,2,02,1,1,0,0,2,5,1,4,1,23,5,3,8,0,2,1,1,201400025540A01,7,15,1,243500139
201400025550,2014-01-24,2014,janvier,vendredi,08:10,35,35238,48.0949,-1.69017,2,1,3,5,2,4,2,02,1,1,0,0,2,0,1,4,2,47,1,3,8,0,2,1,1,201400025550B01,7,1,1,243500139
201400025560,2014-01-31,2014,janvier,vendredi,19:05,35,35238,48.1121,-1.68783,2,1,3,5,2,4,3,02,1,1,0,0,2,0,1,4,2,49,1,3,8,0,2,0,1,201400025560B01,7,16,1,243500139
201400025571,2014-02-09,2014,février,dimanche,19:00,35,35238,48.1061,-1.68101,2,3,3,5,2,4,3,02,1,1,0,0,2,0,1,4,2,26,5,3,8,0,2,1,1,201400025571B01,7,16,1,243500139
201400025582,2014-02-15,2014,février,samedi,12:35,35,35238,48.1056,-1.66605,2,5,3,1,1,4,2,02,1,1,0,0,1,5,1,4,1,56,5,3,8,0,2,1,1,201400025582B01,7,15,1,243500139
201400025584,2014-02-18,2014,février,mardi,12:55,35,35238,48.1213,-1.70087,2,3,3,1,1,4,2,02,1,1,0,0,1,5,1,4,1,76,5,3,8,0,2,1,15,201400025584B01,7,1,1,243500139
201400025585,2014-02-19,2014,février,mercredi,08:30,35,35238,48.1067,-1.6509,2,3,3,1,1,4,2,02,1,1,0,0,1,5,1,4,2,26,1,3,8,0,2,4,1,201400025585B01,7,16,1,243500139
201400025589,2014-02-24,2014,février,lundi,23:40,35,35238,48.1082,-1.6752,2,3,1,5,1,4,1,01,1,1,0,0,1,0,1,4,1,33,5,3,8,0,2,1,1,201400025589A01,7,15,1,243500139
201400025642,2014-04-09,2014,avril,mercredi,07:40,35,35238,48.1079,-1.67354,2,2,3,1,1,4,1,01,1,1,0,0,1,5,1,4,2,41,1,3,8,0,2,8,1,201400025642B01,38,1,1,243500139
201400025650,2014-04-14,2014,avril,lundi,07:45,35,35238,48.1135,-1.71363,2,3,7,1,1,4,2,02,1,1,0,0,1,5,1,4,1,54,1,1,2,0,0,0,15,201400025650B01,7,15,1,243500139
201400025659,2014-04-17,2014,avril,jeudi,19:15,35,35238,48.0844,-1.6385,2,1,1,1,1,4,2,02,1,3,0,0,1,0,1,4,2,50,5,3,8,0,2,1,1,201400025659B01,7,13,1,243500139