Num_Acc,date,an,mois,jour,hrmn,dep,com,lat,long,agg,int,col,lum,atm,catr,circ,nbv,prof,plan,lartpc,larrout,surf,infra,situ,grav,sexe,age,trajet,secuexist,equipement,obs,obsm,choc,manv,vehiculeid,typevehicules,manoeuvehicules,numVehicules,_infos_commune.code_epci
201400026508,2014-10-01,2014,octobre,mercredi,16:25,37,37261,0,0,2,2,3,1,1,4,2,02,1,1,0,80,1,0,1,4,2,40,1,3,9,0,2,8,1,201400026508B01,7,13,1,243700754
201400026514,2014-09-23,2014,septembre,mardi,19:00,37,37261,0,0,2,1,3,1,1,4,-1,02,1,-1,0,60,1,0,1,3,2,20,0,3,9,0,2,3,1,201400026514B01,7,16,1,243700754
201400026515,2014-09-23,2014,septembre,mardi,14:25,37,37261,0,0,2,2,3,1,1,4,1,01,1,1,0,35,1,0,1,4,2,27,1,3,9,0,2,1,1,201400026515A01,7,1,1,243700754
201400026516,2014-09-25,2014,septembre,jeudi,08:30,37,37233,0,0,2,1,7,1,1,4,2,02,1,1,0,70,1,0,1,4,2,59,1,3,9,0,2,1,1,201400026516B01,7,1,1,243700754
201400026519,2014-10-01,2014,octobre,mercredi,12:00,37,37261,0,0,2,3,3,1,1,4,1,01,1,1,0,60,1,0,1,3,2,58,0,3,9,0,2,1,1,201400026519B01,7,15,1,243700754
201400026520,2014-10-06,2014,octobre,lundi,08:40,37,37261,0,0,2,3,3,5,1,4,1,01,1,1,0,30,1,0,1,3,2,38,0,3,9,0,2,1,1,201400026520B01,7,15,1,243700754
201400026524,2014-10-10,2014,octobre,vendredi,16:05,37,37261,0,0,2,1,7,1,1,9,1,01,1,1,0,35,1,0,1,4,1,44,9,3,9,0,0,1,1,201400026524A01,,,,243700754
201400026528,2014-10-17,2014,octobre,vendredi,16:45,37,37261,0,0,2,1,7,1,1,4,3,02,1,1,0,70,1,0,1,4,1,50,5,3,9,0,2,1,1,201400026528A01,7,14,1,243700754
201400026531,2014-10-23,2014,octobre,jeudi,18:15,37,37261,0,0,2,3,3,5,1,4,1,01,1,1,0,40,1,0,1,3,2,20,9,3,9,0,2,1,1,201400026531B01,7,15,1,243700754
201400026533,2014-07-18,2014,juillet,vendredi,09:35,37,37261,0,0,2,1,7,1,1,4,-1,00,-1,-1,0,0,-1,0,1,4,2,36,0,3,9,0,0,0,0,201400026533A01,,,,243700754
201400026537,2014-10-02,2014,octobre,jeudi,09:15,37,37261,0,0,1,2,3,1,1,4,1,00,1,1,0,0,1,0,1,4,1,92,3,3,9,0,2,1,1,201400026537B01,7,15,1,243700754
201400026543,2014-10-07,2014,octobre,mardi,18:10,37,37195,0,0,2,3,3,1,2,4,2,02,1,1,0,70,2,0,1,4,2,22,2,3,9,0,2,2,1,201400026543B01,7,1,1,243700754
201400026555,2014-10-30,2014,octobre,jeudi,18:15,37,37261,0,0,2,3,3,5,1,4,2,02,1,1,0,70,1,0,1,4,1,77,5,3,9,0,2,8,15,201400026555A01,7,1,1,243700754
201400026565,2014-11-25,2014,novembre,mardi,08:55,37,37233,0,0,2,6,3,1,2,4,2,02,1,3,0,60,2,0,1,4,2,68,5,3,9,0,2,4,1,201400026565B01,7,9,1,243700754
201400026568,2014-10-03,2014,octobre,vendredi,16:33,37,37261,0,0,2,1,3,1,1,4,2,03,1,1,0,0,1,0,1,3,2,34,5,2,2,0,2,8,19,201400026568B01,7,1,1,243700754
201400026578,2014-11-02,2014,novembre,dimanche,15:10,37,37122,0,0,2,3,2,1,1,4,2,02,1,1,0,0,1,0,1,4,1,14,5,1,2,0,2,1,1,201400026578A01,7,16,1,243700754
201400026585,2014-11-26,2014,novembre,mercredi,13:40,37,37261,0,0,2,1,7,1,1,4,-1,01,1,1,0,0,1,0,4,4,1,31,1,2,2,0,0,0,1,201400026585A01,,,,243700754
201400026590,2014-12-02,2014,décembre,mardi,17:40,37,37208,0,0,2,6,3,2,2,4,2,02,1,1,0,0,2,0,1,4,1,17,2,2,4,0,2,5,1,201400026590B01,7,1,1,243700754
201400026599,2014-12-15,2014,décembre,lundi,05:40,37,37261,0,0,2,1,7,5,1,4,-1,00,1,1,0,0,7,0,4,4,2,27,1,1,4,0,0,0,1,201400026599A01,,,,243700754
201400026600,2014-12-15,2014,décembre,lundi,08:30,37,37261,0,0,2,1,7,1,1,4,2,04,1,1,0,0,1,0,4,4,1,61,1,1,2,0,0,0,1,201400026600A01,,,,243700754
201400026607,2014-11-01,2014,novembre,samedi,03:00,37,37261,0,0,2,1,1,5,1,4,1,01,1,1,0,52,1,0,1,1,1,33,9,3,4,0,2,1,21,201400026607B01,1,5,1,243700754
201400026607,2014-11-01,2014,novembre,samedi,03:00,37,37261,0,0,2,1,1,5,1,4,1,01,1,1,0,52,1,0,1,3,1,28,5,2,4,0,2,1,5,201400026607A01,1,21,1,243700754
201400026610,2014-12-06,2014,décembre,samedi,02:15,37,37261,0,0,2,1,1,5,1,4,2,01,1,1,0,44,1,0,1,3,1,37,9,1,4,0,2,1,1,201400026610B01,7,0,1,243700754
201400026637,2014-12-02,2014,décembre,mardi,05:56,37,37261,0,0,2,1,3,5,1,4,2,04,1,1,0,90,1,0,1,4,1,25,1,2,9,0,2,0,17,201400026637B01,20,10,1,243700754
201400026638,2014-12-02,2014,décembre,mardi,07:30,37,37261,0,0,2,3,6,4,2,4,1,01,1,1,0,60,2,0,1,4,1,28,1,1,9,8,0,1,1,201400026638A01,,,,243700754
201400026647,2014-09-17,2014,septembre,mercredi,14:00,37,37122,0,0,2,1,2,1,1,4,-1,00,-1,-1,0,0,-1,0,1,3,1,19,0,1,4,0,0,0,0,201400026647A01,7,0,1,243700754
201400026658,2014-12-16,2014,décembre,mardi,16:35,37,37233,0,0,2,1,3,1,8,4,2,02,1,1,0,60,2,0,1,3,1,13,0,3,9,0,2,8,19,201400026658A01,7,1,1,243700754
201400026659,2014-12-18,2014,décembre,jeudi,07:50,37,37122,0,0,2,1,3,2,2,4,3,02,2,1,10,50,2,0,1,3,1,40,1,1,9,0,2,1,1,201400026659B01,7,9,1,243700754
201400026663,2014-03-03,2014,mars,lundi,09:40,37,37233,0,0,2,1,3,1,1,9,2,02,1,1,0,60,1,0,1,4,2,46,4,1,4,0,2,0,0,201400026663B01,7,22,1,243700754
201400026666,2014-10-19,2014,octobre,dimanche,16:35,37,37233,0,0,1,1,7,1,1,4,-1,00,-1,-1,0,0,-1,0,1,4,1,25,0,1,4,0,0,0,0,201400026666A01,,,,243700754
201400026679,2014-09-26,2014,septembre,vendredi,14:10,37,37261,0,0,2,4,1,1,1,4,2,02,4,3,0,0,1,0,1,3,1,21,5,2,2,0,2,1,13,201400026679A01,7,1,1,243700754
201400026680,2014-04-07,2014,avril,lundi,12:15,37,37195,0,0,2,1,2,1,1,4,2,02,1,1,0,0,1,0,1,3,2,56,5,1,9,0,2,4,1,201400026680A01,7,2,1,243700754
201400026692,2014-06-08,2014,juin,dimanche,23:00,37,37261,0,0,2,1,6,5,1,4,1,01,1,1,0,70,1,0,1,3,2,21,0,3,4,1,0,7,14,201400026692A01,,,,243700754
201400026710,2014-09-24,2014,septembre,mercredi,12:45,37,37261,0,0,2,3,3,1,1,4,3,02,2,1,100,61,1,4,1,3,1,17,0,3,9,0,2,1,1,201400026710A01,7,23,1,243700754
201400026717,2014-10-30,2014,octobre,jeudi,08:05,37,37122,0,0,2,2,7,2,1,9,2,02,1,1,0,70,1,0,1,3,2,60,5,3,9,0,2,1,1,201400026717B01,14,16,1,243700754
201400026752,2014-01-20,2014,janvier,lundi,06:00,38,38185,0,0,2,1,6,5,2,3,2,02,1,1,0,0,2,0,1,4,1,56,1,1,9,0,2,4,2,201400026752B01,14,2,1,200040715
201400026759,2014-02-04,2014,février,mardi,08:17,38,38179,0,0,2,8,3,1,1,4,2,02,1,1,0,0,1,5,0,3,1,70,9,2,9,0,4,1,1,201400026759B01,39,1,1,200040715
201400026792,2014-05-01,2014,mai,jeudi,16:00,38,38423,0,0,2,1,7,1,1,3,2,02,1,1,0,0,1,0,1,3,1,24,5,1,2,0,0,0,0,201400026792A01,,,,200040715
201400026802,2014-05-15,2014,mai,jeudi,09:30,38,38516,0,0,2,1,6,1,1,4,2,01,1,1,0,0,1,0,5,4,1,59,0,1,9,0,2,1,1,201400026802B01,7,16,1,200040715
201400026804,2014-05-19,2014,mai,lundi,08:46,38,38421,0,0,2,1,3,1,1,4,2,02,1,1,0,0,1,0,1,4,1,70,3,3,9,0,0,1,19,201400026804B01,33,17,1,200040715
201400026805,2014-05-23,2014,mai,vendredi,11:40,38,38185,0,0,2,1,6,1,1,4,1,01,1,1,0,45,1,0,1,3,2,71,0,3,9,1,0,0,0,201400026805B01,7,22,1,200040715
201400026808,2014-05-26,2014,mai,lundi,11:45,38,38185,0,0,2,1,3,1,1,4,-1,00,1,1,0,68,1,0,1,4,1,32,0,3,4,0,0,1,1,201400026808A01,40,1,1,200040715
201400026823,2014-06-28,2014,juin,samedi,14:30,38,38185,0,0,2,1,6,1,1,6,-1,00,1,1,0,0,1,0,1,1,2,54,0,1,9,1,1,1,1,201400026823A01,,,,200040715
201400026823,2014-06-28,2014,juin,samedi,14:30,38,38185,0,0,2,1,6,1,1,6,-1,00,1,1,0,0,1,0,1,4,2,3,5,3,9,1,1,1,1,201400026823A01,,,,200040715
201400026827,2014-07-08,2014,juillet,mardi,04:40,38,38185,0,0,1,1,3,5,2,3,1,02,1,1,0,0,2,2,1,4,1,55,0,3,4,0,2,8,1,201400026827B01,7,1,1,200040715
201400026836,2014-07-18,2014,juillet,vendredi,10:40,38,38185,0,0,2,1,6,1,1,3,1,00,1,3,0,0,1,5,1,3,1,37,0,3,4,0,2,1,19,201400026836A01,7,9,1,200040715
201400026839,2014-07-30,2014,juillet,mercredi,15:00,38,38185,0,0,2,2,5,1,1,3,2,00,1,1,0,0,1,0,1,3,1,24,4,2,4,0,2,1,0,201400026839A01,7,1,2,200040715
201400026844,2014-08-06,2014,août,mercredi,10:15,38,38151,0,0,2,1,7,1,1,4,-1,00,1,3,0,36,1,0,1,3,1,56,0,2,9,9,0,1,0,201400026844A01,,,,200040715
201400026845,2014-08-06,2014,août,mercredi,13:40,38,38185,0,0,2,1,3,1,1,4,3,02,1,1,0,60,1,4,1,3,2,20,0,2,4,9,2,8,19,201400026845B01,7,1,1,200040715
201400026860,2014-09-25,2014,septembre,jeudi,10:32,38,38185,0,0,2,3,3,1,1,4,2,01,1,1,0,0,1,5,1,4,1,29,0,2,4,0,2,1,1,201400026860B01,7,15,1,200040715
201400026865,2014-10-06,2014,octobre,lundi,17:20,38,38185,0,0,2,1,6,1,1,4,-1,01,1,1,0,15,1,0,5,1,2,19,0,3,9,0,1,1,0,201400026865A01,,,,200040715
201400026884,2014-11-14,2014,novembre,vendredi,13:50,38,38185,0,0,2,1,6,1,1,4,-1,01,1,1,0,35,1,0,1,3,1,14,5,3,9,0,2,1,19,201400026884A01,7,1,1,200040715
201400026889,2014-11-27,2014,novembre,jeudi,10:30,38,38185,0,0,2,1,6,1,1,4,2,02,1,1,0,0,1,0,1,4,1,57,0,3,4,1,0,2,1,201400026889B01,7,22,1,200040715
201400026903,2014-09-27,2014,septembre,samedi,09:20,38,38544,0,0,2,9,3,1,7,4,2,02,2,2,0,109,1,0,1,3,1,60,5,3,9,0,2,8,1,201400026903B01,7,15,1,200077014
201400026907,2014-08-15,2014,août,vendredi,10:57,38,38544,0,0,2,1,3,1,1,4,3,02,1,1,0,0,2,5,5,3,1,64,5,2,9,0,2,1,1,201400026907B01,7,9,1,200077014
201400026908,2014-09-02,2014,septembre,mardi,16:00,38,38318,0,0,2,1,5,1,1,4,2,02,1,3,0,95,1,0,1,4,1,17,5,3,9,0,2,3,1,201400026908C01,7,1,1,200077014
201400026908,2014-09-02,2014,septembre,mardi,16:00,38,38318,0,0,2,1,5,1,1,4,2,02,1,3,0,95,1,0,1,4,1,16,5,3,9,0,2,3,1,201400026908B01,7,1,1,200077014
201400026910,2014-10-04,2014,octobre,samedi,14:30,38,38544,0,0,2,2,3,1,1,2,2,02,1,1,0,30,1,0,5,3,1,14,5,1,9,0,2,1,1,201400026910B01,7,9,1,200077014
201400026921,2014-12-09,2014,décembre,mardi,16:20,38,38563,0,0,2,1,6,1,1,4,2,02,1,3,0,73,1,0,4,1,1,18,5,2,2,0,1,1,1,201400026921A01,,,,243800984
201400026946,2014-05-10,2014,mai,samedi,10:45,40,40279,43.74539,-1.04798,2,3,6,1,1,4,2,02,1,1,0,70,1,0,1,4,1,14,5,3,9,0,2,1,1,201400026946B01,7,0,1,244000675
201400026967,2014-06-12,2014,juin,jeudi,18:30,40,40192,43.8882,-0.50605,2,1,6,1,1,4,2,02,1,1,0,0,1,0,1,3,1,48,0,2,2,0,2,8,13,201400026967A01,7,1,1,244000808
201400027012,2014-08-18,2014,août,lundi,11:55,41,41018,47.581,1.342,2,1,6,1,1,3,2,02,1,1,0,0,1,0,1,4,2,62,5,3,9,0,0,0,1,201400027012B01,7,22,1,200030385
201400027064,2014-06-12,2014,juin,jeudi,11:15,41,41226,47.806,1.069,2,6,3,1,1,4,2,02,1,4,0,80,1,0,1,3,2,50,1,3,9,0,2,1,1,201400027064B01,7,16,1,200072072
201400027087,2014-06-28,2014,juin,samedi,12:10,42,42095,45.39555,4.29194,2,1,3,1,1,4,4,02,1,1,0,0,1,6,1,4,1,11,5,3,9,0,2,1,0,201400027087B01,7,0,1,244200770
201400027091,2014-07-30,2014,juillet,mercredi,22:15,42,42183,45.40492,4.37404,2,1,3,5,1,3,2,02,1,1,0,0,1,0,1,4,1,15,5,2,4,0,2,1,1,201400027091B01,10,9,1,244200770
201400027098,2014-10-30,2014,octobre,jeudi,14:00,42,42316,45.40598,4.26773,2,1,3,1,1,3,1,00,1,2,0,0,1,0,1,4,1,44,5,3,9,0,2,2,1,201400027098B01,7,9,1,244200770
201400027116,2014-07-03,2014,juillet,jeudi,13:00,42,42186,45.53365,4.63082,2,3,3,1,1,4,2,02,1,1,0,90,1,0,5,4,1,38,5,3,9,0,2,1,1,201400027116B01,7,15,1,244200770
201400027122,2014-08-31,2014,août,dimanche,11:45,42,42186,45.53006,4.62173,2,1,1,1,1,4,2,02,1,1,0,100,1,0,1,3,1,62,5,1,2,0,2,8,1,201400027122B01,7,15,1,244200770
201400027129,2014-11-21,2014,novembre,vendredi,16:25,42,42225,45.54162,4.55833,1,1,1,1,1,3,-1,02,1,3,0,0,2,0,1,3,1,46,5,1,2,0,2,1,1,201400027129B01,7,13,1,244200770
201400027132,2014-01-10,2014,janvier,vendredi,12:10,42,42187,46.04232,4.07331,2,1,7,1,1,3,2,02,1,1,0,80,1,0,1,4,2,44,1,1,9,0,2,0,2,201400027132B01,7,2,1,200035731
201400027166,2014-04-10,2014,avril,jeudi,10:30,42,42071,46.02774,4.08509,2,1,6,1,1,4,2,02,1,1,0,90,1,0,1,1,1,53,5,3,9,0,1,0,1,201400027166A01,,,,200035731
201400027167,2014-04-12,2014,avril,samedi,18:30,42,42184,46.04242,4.04899,2,2,3,1,1,4,3,02,1,1,38,83,1,0,1,4,1,18,5,1,9,0,2,0,1,201400027167B01,7,15,1,200035731
201400027194,2014-06-16,2014,juin,lundi,12:00,42,42184,46.05719,4.04602,2,6,3,1,1,4,2,02,1,2,20,60,1,5,1,4,1,70,5,3,9,0,2,1,1,201400027194B01,10,16,1,200035731
201400027197,2014-06-21,2014,juin,samedi,17:45,42,42071,46.03013,4.08347,2,1,1,1,1,4,2,02,1,1,0,105,1,0,1,3,1,49,5,3,9,0,2,1,13,201400027197A01,2,5,1,200035731
201400027208,2014-07-04,2014,juillet,vendredi,17:55,42,42187,46.03691,4.07711,2,1,1,1,1,4,2,02,1,1,0,60,1,0,1,3,1,14,5,1,9,0,2,1,19,201400027208B01,7,1,1,200035731
201400027211,2014-07-15,2014,juillet,mardi,16:15,42,42187,46.03666,4.06432,2,1,2,1,1,4,4,02,1,2,20,70,1,5,1,4,1,34,1,1,9,0,2,1,1,201400027211A01,7,2,1,200035731
201400027221,2014-08-21,2014,août,jeudi,14:10,42,42184,46.04312,4.03246,2,3,3,1,1,4,2,02,1,1,0,60,1,0,1,4,1,70,5,2,9,0,2,8,1,201400027221B01,7,15,1,200035731
201400027222,2014-08-22,2014,août,vendredi,15:39,42,42187,46.03884,4.08423,2,3,3,1,1,4,2,02,1,1,0,60,1,0,1,4,1,15,5,3,9,0,2,1,1,201400027222B01,7,1,1,200035731
201400027263,2014-12-03,2014,décembre,mercredi,08:40,42,42187,46.03925,4.04563,2,1,3,1,2,3,2,02,1,1,0,60,2,0,1,4,1,72,5,1,9,0,2,8,2,201400027263B01,7,17,1,200035731
201400027273,2014-12-22,2014,décembre,lundi,15:45,42,42184,46.05248,4.04427,1,1,6,1,1,4,2,02,1,1,15,60,1,0,5,3,1,67,5,1,9,1,0,1,21,201400027273A01,,,,200035731
201400027291,2014-09-03,2014,septembre,mercredi,08:30,42,42207,45.47473,4.51171,2,1,3,1,1,4,2,00,2,1,75,85,1,5,5,3,1,36,1,2,2,0,2,3,1,201400027291B01,7,15,1,244200770
201400027291,2014-09-03,2014,septembre,mercredi,08:30,42,42207,45.47473,4.51171,2,1,3,1,1,4,2,00,2,1,75,85,1,5,5,4,2,2,2,1,3,0,2,3,1,201400027291B01,7,15,1,244200770
201400027309,2014-01-26,2014,janvier,dimanche,13:50,42,42218,45.43895,4.38286,2,3,6,1,1,4,1,01,1,1,0,30,1,0,1,4,1,44,5,2,9,0,2,6,9,201400027309A01,7,1,1,244200770
201400027312,2014-02-01,2014,février,samedi,11:48,42,42305,45.48233,4.43131,2,1,6,1,1,4,2,02,2,1,0,60,1,0,1,4,1,52,5,1,2,1,2,1,1,201400027312B01,7,1 / 24,2,244200770
201400027317,2014-02-10,2014,février,lundi,15:41,42,42218,45.43775,4.38752,2,3,6,1,1,4,1,01,1,1,0,30,1,0,1,4,1,21,0,3,9,0,1,1,9,201400027317A01,,,,244200770
201400027323,2014-02-23,2014,février,dimanche,16:40,42,42218,45.46336,4.38039,2,3,3,1,1,4,2,02,1,1,0,0,1,0,1,4,2,49,5,3,9,0,2,8,1,201400027323B01,30,1,1,244200770
201400027367,2014-06-09,2014,juin,lundi,17:40,42,42189,45.43239,4.32233,2,6,3,1,1,3,2,02,1,1,0,0,1,0,1,4,1,18,0,3,2,0,2,4,5,201400027367A01,7,16,1,244200770
201400027385,2014-07-15,2014,juillet,mardi,12:15,42,42218,45.42077,4.398,2,1,6,1,8,4,2,02,2,1,0,80,1,0,1,4,1,44,5,3,9,0,1,1,1,201400027385A01,,,,244200770
201400027394,2014-08-23,2014,août,samedi,13:50,42,42305,45.48232,4.43815,2,2,3,1,1,4,2,03,1,1,0,0,1,0,1,3,1,52,0,3,2,0,2,1,1,201400027394B01,7,1,1,244200770
201400027400,2014-09-11,2014,septembre,jeudi,11:55,42,42218,45.45953,4.38506,2,1,3,1,1,4,2,02,1,1,0,0,1,2,5,3,1,67,5,1,9,1,0,1,18,201400027400B01,7,22,1,244200770
201400027404,2014-09-16,2014,septembre,mardi,21:10,42,42218,45.44065,4.36953,2,1,3,5,1,4,2,04,2,3,0,0,1,0,1,4,1,50,0,1,9,0,2,8,2,201400027404B01,99,2,1,244200770
201400027443,2014-11-27,2014,novembre,jeudi,10:50,42,42218,45.42512,4.4206,2,2,3,1,1,4,2,02,3,1,0,0,1,0,0,4,2,54,5,2,2,0,2,8,1,201400027443B01,7,1,1,244200770
201400027449,2014-12-14,2014,décembre,dimanche,17:27,42,42237,45.45233,4.44736,2,1,1,1,1,4,2,02,2,1,0,60,1,0,1,4,1,21,0,2,4,0,2,1,1,201400027449B01,7,15,1,244200770
201400027468,2014-06-10,2014,juin,mardi,17:15,43,43041,45.0499,3.91668,1,3,3,1,1,3,2,02,1,1,0,70,1,0,1,3,1,27,1,1,2,0,2,6,15,201400027468B01,30,17,1,200073419
201400027470,2014-06-08,2014,juin,dimanche,20:10,43,43157,0,0,2,2,3,1,1,4,2,02,1,1,0,70,1,0,1,3,1,15,5,3,8,0,2,1,19,201400027470A01,10,1,1,200073419
201400027472,2014-06-12,2014,juin,jeudi,10:35,43,43041,45.0552,3.90904,2,6,3,1,1,2,-1,02,1,1,0,70,1,5,1,3,1,55,1,1,2,0,2,1,1,201400027472B01,7,16,1,200073419
201400027473,2014-06-20,2014,juin,vendredi,17:25,43,43157,45.048,3.89334,2,2,3,1,1,3,2,03,1,1,0,100,1,0,1,3,2,66,3,3,8,0,2,1,1,201400027473B01,7,15,1,200073419
201400027489,2014-10-11,2014,octobre,samedi,17:20,43,43251,0,0,2,1,3,1,1,4,2,02,1,1,0,140,1,0,1,4,1,57,5,1,2,0,2,8,2,201400027489B01,7,17,1,200073419
201400027492,2014-10-30,2014,octobre,jeudi,13:00,43,43157,0,0,2,1,6,1,1,9,-1,00,1,1,0,0,1,0,4,1,1,17,5,3,8,0,1,1,1,201400027492A01,,,,200073419
201400027496,2014-04-15,2014,avril,mardi,19:30,43,43157,0,0,2,2,3,1,1,4,2,02,2,3,0,70,1,0,1,3,1,7,5,3,8,0,2,1,15,201400027496B01,7,1,1,200073419
201400027508,2014-04-09,2014,avril,mercredi,16:10,44,44055,0,0,2,1,1,1,1,4,2,02,1,1,0,62,1,0,1,3,1,53,5,3,9,0,2,0,1,201400027508B01,7,5,1,244400610
201400027511,2014-04-16,2014,avril,mercredi,14:55,44,44055,0,0,2,1,3,1,1,4,2,02,1,3,0,57,1,0,1,4,1,16,5,3,9,0,2,3,13,201400027511A01,7,1,1,244400610
201400027512,2014-04-17,2014,avril,jeudi,00:30,44,44132,0,0,2,1,7,5,1,4,2,02,1,1,0,72,1,0,1,4,1,23,5,3,9,0,0,0,1,201400027512A01,,,,244400644
201400027517,2014-04-30,2014,avril,mercredi,09:50,44,44055,0,0,2,6,3,1,1,4,1,01,1,1,0,66,1,0,1,4,1,47,5,1,2,0,2,7,1,201400027517B01,7,9,1,244400610
201400027518,2014-04-30,2014,avril,mercredi,12:05,44,44055,0,0,2,2,3,1,1,4,2,02,1,1,0,70,1,0,0,3,2,64,5,1,9,0,2,1,5,201400027518A01,7,1,1,244400610
201400027526,2014-06-01,2014,juin,dimanche,02:15,44,44132,0,0,2,1,7,5,1,4,2,02,1,1,0,60,1,0,4,4,1,31,5,3,9,12,0,1,1,201400027526A01,,,,244400644
201400027529,2014-06-29,2014,juin,dimanche,00:15,44,44055,0,0,2,2,3,5,1,4,1,02,2,1,0,50,2,0,1,4,2,15,5,2,9,0,2,8,19,201400027529A01,7,1,1,244400610
201400027535,2014-07-14,2014,juillet,lundi,17:00,44,44055,0,0,2,1,2,1,1,4,2,02,1,1,0,50,1,0,1,3,2,80,5,2,2,0,2,4,2,201400027535B01,7,2,1,244400610
201400027536,2014-07-19,2014,juillet,samedi,16:40,44,44055,0,0,2,2,3,1,1,4,1,00,-1,2,0,0,1,0,0,4,2,54,0,1,2,0,0,8,1,201400027536B01,7,0,1,244400610
201400027539,2014-07-26,2014,juillet,samedi,11:40,44,44135,0,0,2,6,3,1,1,4,2,02,1,-1,0,60,1,0,1,4,1,89,5,3,2,0,2,4,1,201400027539B01,7,1,1,244400610
201400027542,2014-08-03,2014,août,dimanche,18:35,44,44055,0,0,2,1,3,1,1,4,1,01,1,1,0,50,1,0,1,3,1,47,5,3,2,1,0,1,1,201400027542B01,7,22,1,244400610
201400027545,2014-09-07,2014,septembre,dimanche,10:25,44,44055,0,0,2,1,2,1,1,4,1,01,1,1,0,76,1,0,1,3,1,40,5,1,2,0,2,4,13,201400027545A01,7,1,1,244400610
201400027546,2014-09-15,2014,septembre,lundi,19:35,44,44132,0,0,2,2,3,1,1,4,2,02,1,1,0,60,1,0,1,3,2,66,5,3,9,0,2,6,1,201400027546B01,7,19,1,244400644
201400027547,2014-09-18,2014,septembre,jeudi,18:40,44,44135,0,0,2,2,3,1,1,3,2,02,2,1,0,0,1,0,1,4,1,39,5,3,9,0,2,1,1,201400027547B01,7,15,1,244400610
201400027559,2014-11-01,2014,novembre,samedi,12:05,44,44132,0,0,1,3,3,1,1,4,2,02,1,1,0,60,1,5,1,4,1,17,0,3,9,0,2,8,15,201400027559B01,7,1,1,244400644
201400027576,2014-01-09,2014,janvier,jeudi,12:50,44,44109,0,0,2,1,3,1,1,4,2,02,4,1,0,60,1,0,5,4,1,24,9,3,9,0,2,1,1,201400027576B01,10,16,1,244400404
201400027579,2014-01-09,2014,janvier,jeudi,16:20,44,44109,0,0,2,1,6,1,1,4,2,02,2,1,0,0,1,0,1,4,2,67,3,3,4,0,2,8,1,201400027579B01,7,17,1,244400404
201400027587,2014-01-13,2014,janvier,lundi,14:50,44,44114,0,0,2,6,6,1,1,4,-1,00,-1,-1,0,0,-1,0,0,4,2,12,2,3,9,0,2,0,0,201400027587B01,99,0,1,244400404
201400027595,2014-02-09,2014,février,dimanche,12:23,44,44109,0,0,2,1,6,1,1,4,1,02,1,3,0,77,1,2,0,3,2,23,5,3,9,0,0,0,0,201400027595B01,7,11,1,244400404
201400027600,2014-02-14,2014,février,vendredi,11:31,44,44190,0,0,2,1,6,1,1,4,2,02,1,1,0,0,1,0,1,3,1,20,0,3,9,0,0,1,1,201400027600A01,,,,244400404
201400027602,2014-02-17,2014,février,lundi,16:25,44,44143,0,0,2,1,6,1,9,4,-1,00,-1,-1,0,0,-1,0,0,3,1,29,0,3,9,0,0,0,0,201400027602A01,,,,244400404
201400027622,2014-03-03,2014,mars,lundi,11:35,44,44109,0,0,2,1,3,1,8,4,2,02,2,1,0,59,2,0,1,3,2,15,5,3,2,0,2,8,19,201400027622B01,10,1,1,244400404
201400027629,2014-03-14,2014,mars,vendredi,13:00,44,44109,0,0,2,6,6,1,1,4,-1,00,1,-1,0,0,1,5,1,4,2,17,0,3,9,0,2,1,0,201400027629B01,7,0,1,244400404
201400027635,2014-03-22,2014,mars,samedi,21:17,44,44109,0,0,2,1,3,5,1,4,3,04,1,1,0,0,-1,0,1,3,1,25,0,2,9,1,0,0,19,201400027635A01,7,0,1,244400404
201400027638,2014-03-24,2014,mars,lundi,16:30,44,44109,0,0,2,6,3,1,2,4,1,00,1,2,0,0,2,0,1,3,1,38,0,3,9,0,2,0,0,201400027638B01,7,0,1,244400404
201400027647,2014-04-07,2014,avril,lundi,19:35,44,44109,0,0,2,6,3,1,1,4,3,02,1,1,14,30,1,0,1,4,1,58,5,1,2,0,2,1,1,201400027647B01,7,1,1,244400404
201400027687,2014-07-03,2014,juillet,jeudi,18:00,44,44109,0,0,2,1,3,1,1,4,-1,00,2,-1,0,0,-1,0,1,4,2,7,2,1,2,0,2,0,1,201400027687B01,99,0,1,244400404
201400027695,2014-06-05,2014,juin,jeudi,19:50,44,44143,0,0,2,1,6,1,9,4,-1,00,-1,-1,0,0,-1,0,0,4,2,39,0,3,9,0,2,1,7,201400027695B01,7,1,1,244400404
201400027708,2014-06-18,2014,juin,mercredi,14:00,44,44109,0,0,2,1,6,1,1,4,-1,00,1,1,0,0,1,0,5,3,1,14,0,3,2,0,0,0,0,201400027708B01,7,0,1,244400404
201400027713,2014-06-19,2014,juin,jeudi,21:26,44,44162,0,0,2,1,6,1,1,4,1,00,1,2,0,0,1,0,1,3,2,43,0,3,9,0,2,1,0,201400027713B01,7,0,1,244400404
201400027719,2014-06-23,2014,juin,lundi,19:45,44,44109,0,0,2,1,6,1,1,4,-1,00,-1,-1,0,0,-1,0,0,3,1,9,0,3,9,0,2,4,1,201400027719B01,7,1,1,244400404
201400027720,2014-06-27,2014,juin,vendredi,04:05,44,44109,0,0,2,1,6,5,1,4,2,02,1,1,0,60,1,0,1,2,1,20,0,2,2,0,2,0,2,201400027720B01,7,1,1,244400404
201400027726,2014-07-04,2014,juillet,vendredi,12:40,44,44109,0,0,2,1,2,1,1,4,-1,01,-1,-1,0,0,-1,0,1,4,2,36,0,1,9,0,2,4,16,201400027726B01,7,0,1,244400404