Num_Acc,date,an,mois,jour,hrmn,dep,com,lat,long,agg,int,col,lum,atm,catr,circ,nbv,prof,plan,lartpc,larrout,surf,infra,situ,grav,sexe,age,trajet,secuexist,equipement,obs,obsm,choc,manv,vehiculeid,typevehicules,manoeuvehicules,numVehicules,_infos_commune.code_epci
201400033432,2014-09-26,2014,septembre,vendredi,15:30,67,67043,0,0,2,3,6,1,1,4,1,01,1,1,0,45,1,0,1,4,1,2,0,1,4,0,2,7,16,201400033432B01,7,1,1,246700488
201400033446,2014-10-15,2014,octobre,mercredi,19:30,67,67482,0,0,2,3,3,5,2,4,1,01,1,1,0,60,2,0,1,4,2,24,0,1,4,0,2,1,1,201400033446A01,7,15,1,246700488
201400033449,2014-10-17,2014,octobre,vendredi,21:15,67,67365,0,0,2,3,3,5,1,4,2,02,1,1,0,68,1,0,1,4,1,17,5,1,4,0,2,3,13,201400033449A01,7,1,1,246700488
201400033450,2014-10-21,2014,octobre,mardi,07:59,67,67482,0,0,2,1,6,1,1,4,2,02,1,1,0,50,1,0,4,1,1,36,4,1,4,0,1,1,1,201400033450A01,,,,246700488
201400033453,2014-10-25,2014,octobre,samedi,22:15,67,67482,0,0,2,3,6,5,1,4,2,02,1,1,0,98,1,0,5,4,1,35,1,1,4,0,2,1,1,201400033453A01,7,15,1,246700488
201400033454,2014-10-28,2014,octobre,mardi,09:35,67,67482,0,0,2,4,6,1,1,4,2,02,1,1,22,117,1,0,1,2,2,90,5,1,4,0,2,1,15,201400033454A01,14,16,1,246700488
201400033459,2014-11-02,2014,novembre,dimanche,14:00,67,67218,0,0,2,2,3,1,1,4,2,02,1,1,0,150,1,0,1,4,1,17,5,2,9,0,2,8,1,201400033459A01,10,15,1,246700488
201400033460,2014-11-03,2014,novembre,lundi,16:20,67,67482,0,0,2,3,6,1,2,4,1,01,1,1,0,60,2,0,1,4,1,34,1,1,4,0,2,1,15,201400033460B01,7,1,1,246700488
201400033461,2014-11-03,2014,novembre,lundi,19:18,67,67482,0,0,2,2,6,5,1,4,2,02,-1,1,0,50,1,0,1,4,2,21,0,3,4,0,2,3,1,201400033461A01,40,1,1,246700488
201400033466,2014-11-07,2014,novembre,vendredi,15:30,67,67482,0,0,2,1,6,1,2,4,2,01,1,1,0,120,2,0,1,4,2,19,3,3,9,0,2,2,1,201400033466B01,7,1,1,246700488
201400033470,2014-11-12,2014,novembre,mercredi,17:08,67,67482,0,0,2,1,3,5,2,4,2,02,1,1,0,80,1,0,1,4,2,56,1,3,9,0,2,7,1,201400033470B01,7,9,1,246700488
201400033479,2014-11-15,2014,novembre,samedi,16:45,67,67482,0,0,2,1,3,5,3,4,2,02,2,1,0,90,2,0,1,4,2,48,5,1,4,0,2,7,1,201400033479B01,7,16,1,246700488
201400033484,2014-11-19,2014,novembre,mercredi,11:50,67,67482,0,0,2,3,6,1,1,4,-1,00,1,1,0,0,1,6,0,4,2,25,0,1,4,0,2,1,1,201400033484A01,7,1,1,246700488
201400033485,2014-11-19,2014,novembre,mercredi,12:10,67,67482,0,0,2,1,6,1,1,4,3,02,1,-1,0,47,1,0,1,4,2,57,5,3,9,0,2,1,1,201400033485B01,7,10,1,246700488
201400033487,2014-11-20,2014,novembre,jeudi,08:35,67,67482,0,0,1,3,6,1,1,4,2,03,1,1,10,100,1,0,1,4,2,66,5,1,4,0,2,0,19,201400033487A01,7,1,2,246700488
201400033490,2014-11-24,2014,novembre,lundi,17:50,67,67447,0,0,2,3,3,5,1,4,1,01,1,3,0,45,-1,0,1,4,2,17,5,3,9,0,2,1,1,201400033490B01,7,16,1,246700488
201400033491,2014-11-26,2014,novembre,mercredi,07:56,67,67482,0,0,2,1,6,1,1,3,2,04,4,1,0,110,1,0,1,4,2,23,1,2,4,0,2,1,15,201400033491B01,10,1,1,246700488
201400033508,2014-12-11,2014,décembre,jeudi,07:20,67,67482,0,0,2,2,3,5,2,4,3,02,1,1,0,110,2,0,1,4,1,16,9,1,4,0,2,7,19,201400033508A01,7,1,1,246700488
201400033511,2014-12-15,2014,décembre,lundi,16:15,67,67482,0,0,2,1,3,1,1,4,2,03,1,1,0,140,1,0,1,4,2,43,0,1,4,0,2,1,9,201400033511A01,37,1,1,246700488
201400033513,2014-12-15,2014,décembre,lundi,19:00,67,67482,0,0,2,1,3,5,1,4,2,02,1,1,0,60,1,0,1,4,2,25,0,1,4,0,2,1,19,201400033513B01,7,1,1,246700488
201400033520,2014-12-17,2014,décembre,mercredi,23:30,67,67447,0,0,2,3,2,5,8,4,2,02,1,1,0,60,2,0,1,4,1,31,5,1,4,0,2,4,15,201400033520B01,7,1,1,246700488
201400033521,2014-12-18,2014,décembre,jeudi,18:35,67,67482,0,0,2,1,3,5,1,4,2,02,1,1,0,120,2,0,1,4,1,21,5,3,9,0,2,1,19,201400033521B01,7,17,1,246700488
201400033525,2014-12-22,2014,décembre,lundi,18:00,67,67204,0,0,2,6,3,5,1,4,2,02,1,1,0,50,1,5,1,3,1,55,1,1,4,0,2,7,6,201400033525B01,7,1,1,246700488
201400033526,2014-12-23,2014,décembre,mardi,10:33,67,67482,0,0,2,2,3,1,1,4,2,02,1,1,0,0,1,0,1,4,1,28,0,1,4,0,2,1,1,201400033526A01,37,1,1,246700488
201400033527,2014-12-24,2014,décembre,mercredi,14:40,67,67482,0,0,2,3,3,1,1,4,2,02,1,1,0,130,1,0,1,4,1,84,0,1,4,0,2,1,1,201400033527A01,7,1,1,246700488
201400033547,2014-04-12,2014,avril,samedi,12:15,68,68066,48.08176,7.36378,2,1,6,1,1,3,3,05,1,1,0,200,1,0,5,3,2,42,4,1,9,0,2,1,1,201400033547B01,7,22,1,246800726
201400033561,2014-09-16,2014,septembre,mardi,09:25,68,68066,48.09559,7.36876,1,1,3,1,1,4,2,04,1,2,60,200,1,0,1,3,1,58,5,3,2,0,2,8,19,201400033561B01,7,11,1,246800726
201400033562,2014-10-06,2014,octobre,lundi,17:40,68,68066,48.07411,7.35247,2,5,3,1,1,4,2,02,1,1,0,80,1,0,1,3,2,64,5,3,9,0,2,1,19,201400033562B01,7,9,1,246800726
201400033563,2014-10-03,2014,octobre,vendredi,17:17,68,68066,0,0,2,1,6,1,1,4,2,00,1,1,0,0,1,0,1,4,1,15,5,3,9,0,2,1,2,201400033563A01,,,,246800726
201400033567,2014-10-31,2014,octobre,vendredi,15:45,68,68066,48.067,7.34325,2,3,3,1,1,3,2,03,1,1,20,120,1,0,1,3,1,33,4,1,2,0,2,1,1,201400033567B01,7,15,1,246800726
201400033568,2014-11-03,2014,novembre,lundi,08:25,68,68066,48.09557,7.36874,1,6,6,1,1,4,2,04,1,1,60,200,-1,0,5,4,1,39,1,1,2,0,2,8,19,201400033568B01,7,1,1,246800726
201400033569,2014-11-04,2014,novembre,mardi,18:30,68,68066,48.07721,7.34795,2,1,3,5,2,3,2,02,4,1,24,140,2,0,1,4,2,7,2,1,2,0,2,5,19,201400033569B01,7,1,1,246800726
201400033571,2014-11-16,2014,novembre,dimanche,19:10,68,68066,48.07602,7.34908,2,1,1,5,2,4,2,02,2,1,0,69,2,2,1,3,1,66,5,2,2,0,2,1,1,201400033571B01,7,5,1,246800726
201400033579,2014-05-15,2014,mai,jeudi,18:20,68,68066,48.05106,7.40118,1,1,3,1,1,3,2,02,1,3,0,60,1,0,1,2,1,58,5,3,9,0,2,8,15,201400033579B01,2,1,1,246800726
201400033586,2014-11-20,2014,novembre,jeudi,12:20,68,68066,48.08071,7.33421,2,3,3,1,1,4,2,02,1,1,0,110,1,0,1,3,1,14,9,2,2,0,2,1,19,201400033586B01,7,15,1,246800726
201400033592,2014-01-28,2014,janvier,mardi,14:15,68,68224,47.72782,7.34774,2,6,6,1,1,3,2,02,2,1,0,126,1,5,1,4,1,42,5,3,9,0,2,4,0,201400033592A01,7,0,1,200066009
201400033595,2014-02-06,2014,février,jeudi,11:40,68,68224,47.75874,7.35043,2,1,3,1,1,4,1,03,1,1,0,81,1,4,0,3,1,66,9,3,9,0,4,7,15,201400033595B01,40,2,1,200066009
201400033596,2014-02-09,2014,février,dimanche,18:25,68,68224,47.75973,7.34419,2,2,6,2,1,3,2,02,1,1,0,90,1,0,1,4,1,16,9,2,9,0,2,8,1,201400033596A01,7,15,1,200066009
201400033601,2014-02-20,2014,février,jeudi,08:15,68,68224,47.75008,7.34565,2,2,3,1,1,4,2,02,1,1,0,80,1,0,1,4,2,39,1,1,9,0,2,4,1,201400033601B01,7,1,1,200066009
201400033628,2014-06-11,2014,juin,mercredi,08:20,68,68056,47.72954,7.32114,2,6,6,1,1,3,2,03,1,1,0,110,1,0,1,4,1,13,2,2,2,0,2,8,9,201400033628B01,7,1,1,200066009
201400033629,2014-06-12,2014,juin,jeudi,09:55,68,68224,47.74494,7.33463,2,2,3,1,1,4,1,01,1,1,0,37,1,0,0,4,1,40,9,2,2,0,2,1,1,201400033629B01,7,1,1,200066009
201400033633,2014-06-20,2014,juin,vendredi,17:00,68,68224,47.73752,7.28834,2,6,2,1,1,3,2,02,1,2,0,82,1,5,1,3,2,68,5,2,9,0,2,8,1,201400033633B01,2,1,1,200066009
201400033642,2014-07-19,2014,juillet,samedi,18:27,68,68224,47.75246,7.33757,2,1,6,1,1,3,1,02,1,1,0,60,1,0,1,3,1,48,5,3,9,0,2,4,11,201400033642A01,7,1,1,200066009
201400033644,2014-08-06,2014,août,mercredi,14:06,68,68224,47.75831,7.33443,2,1,6,1,1,4,3,02,1,1,60,30,1,0,1,3,1,66,5,3,9,0,2,4,2,201400033644B01,7,2,1,200066009
201400033653,2014-09-08,2014,septembre,lundi,07:56,68,68224,47.77061,7.32091,2,1,6,1,1,3,2,03,1,1,0,160,1,5,1,4,1,42,1,1,2,0,0,1,2,201400033653B01,7,2,1,200066009
201400033662,2014-09-28,2014,septembre,dimanche,13:30,68,68224,47.75891,7.34506,2,3,6,1,1,4,2,04,1,1,0,134,1,0,1,4,1,54,5,3,9,1,0,1,21,201400033662B01,3,15,1,200066009
201400033666,2014-10-07,2014,octobre,mardi,16:15,68,68224,47.74604,7.33558,2,1,3,1,1,4,1,01,1,1,0,40,1,0,1,3,1,40,1,3,9,0,2,0,19,201400033666B01,7,1,1,200066009
201400033669,2014-10-18,2014,octobre,samedi,17:20,68,68224,47.73961,7.30191,2,3,3,1,1,3,2,02,1,1,0,145,1,5,1,4,2,79,3,3,9,0,2,8,1,201400033669B01,7,15,1,200066009
201400033674,2014-11-04,2014,novembre,mardi,18:10,68,68224,47.7358,7.30681,2,3,6,5,1,4,2,02,1,1,0,58,1,0,0,3,1,59,1,1,2,0,2,7,1,201400033674A01,10,0,1,200066009
201400033677,2014-11-12,2014,novembre,mercredi,17:53,68,68224,0,0,2,2,3,5,3,4,2,02,1,1,0,0,2,0,1,3,1,73,5,2,4,0,2,3,9,201400033677A01,7,0,1,200066009
201400033678,2014-11-12,2014,novembre,mercredi,18:48,68,68224,47.76088,7.32391,2,3,3,5,3,4,2,02,1,1,0,82,2,0,1,3,1,53,1,2,9,0,2,1,1,201400033678B01,7,16,1,200066009
201400033693,2014-03-17,2014,mars,lundi,09:40,68,68297,47.59651,7.55333,2,3,6,1,1,3,2,02,1,1,0,70,1,0,1,3,2,48,5,3,9,0,2,1,1,201400033693B01,14,16,1,200066058
201400033695,2014-04-17,2014,avril,jeudi,16:15,68,68297,47.57849,7.54736,2,3,3,1,1,3,2,03,2,3,0,105,1,0,1,3,1,75,5,3,4,0,2,1,1,201400033695B01,7,15,1,200066058
201400033702,2014-10-08,2014,octobre,mercredi,14:30,68,68297,47.58559,7.5632,2,1,3,1,1,3,4,03,1,1,20,120,1,0,1,4,1,71,5,3,9,0,2,1,19,201400033702A01,7,1,1,200066058
201400033705,2014-11-08,2014,novembre,samedi,09:30,68,68297,47.60365,7.54493,2,3,3,1,1,3,2,02,1,3,0,115,1,0,1,4,2,67,3,3,9,0,2,1,5,201400033705B01,7,16,1,200066058
201400033720,2014-04-09,2014,avril,mercredi,18:40,69,69271,0,0,2,2,6,1,1,4,-1,02,2,-1,0,87,-1,0,1,1,1,13,0,3,9,0,2,1,1,201400033720A01,7,0,1,200046977
201400033720,2014-04-09,2014,avril,mercredi,18:40,69,69271,0,0,2,2,6,1,1,4,-1,02,2,-1,0,87,-1,0,1,4,1,15,9,3,9,0,2,1,1,201400033720A01,7,0,1,200046977
201400033728,2014-09-05,2014,septembre,vendredi,18:05,69,69271,0,0,2,3,6,1,1,4,2,02,1,1,0,80,1,0,1,3,2,55,0,3,9,0,2,0,1,201400033728A01,7,15,1,200046977
201400033733,2014-12-12,2014,décembre,vendredi,08:45,69,69029,0,0,2,1,3,1,1,4,2,02,-1,1,0,0,1,0,1,4,1,13,5,3,9,0,2,1,19,201400033733A01,7,1,1,200046977
201400033735,2014-11-25,2014,novembre,mardi,20:49,69,69271,0,0,2,1,1,5,1,9,2,02,1,1,0,106,1,0,5,3,1,61,1,1,2,4,2,2,21,201400033735A01,1,21,1,200046977
201400033735,2014-11-25,2014,novembre,mardi,20:49,69,69271,0,0,2,1,1,5,1,9,2,02,1,1,0,106,1,0,5,1,1,34,1,1,2,0,2,1,21,201400033735B01,1,21,1,200046977
201400033743,2014-03-14,2014,mars,vendredi,16:50,69,69034,0,0,2,1,1,1,1,4,1,01,-1,-1,0,0,1,0,1,4,1,12,5,3,2,0,2,7,19,201400033743B01,7,1,1,200046977
201400033801,2014-01-28,2014,janvier,mardi,15:40,69,69091,0,0,2,6,3,1,1,3,1,01,-1,2,0,123,1,0,0,4,1,68,5,1,2,0,2,4,2,201400033801B01,7,2,1,200046977
201400033836,2014-09-24,2014,septembre,mercredi,15:20,69,69091,0,0,2,1,1,1,2,3,2,02,1,1,0,98,2,0,1,4,1,12,0,3,9,0,0,0,19,201400033836B01,7,1,1,200046977
201400033847,2014-12-04,2014,décembre,jeudi,13:50,69,69091,0,0,2,6,2,1,2,3,2,02,1,-1,0,103,2,0,1,4,1,71,5,1,2,0,2,1,9,201400033847A01,7,1,1,200046977
201400033857,2014-01-23,2014,janvier,jeudi,19:50,69,69149,0,0,2,3,6,5,2,4,2,01,1,1,0,139,2,0,1,4,1,22,1,3,9,0,2,8,23,201400033857B01,10,15,1,200046977
201400033859,2014-02-06,2014,février,jeudi,14:40,69,69149,0,0,2,1,1,1,1,4,1,01,2,1,0,35,1,0,1,3,1,81,5,3,9,1,0,1,1,201400033859B01,7,24,1,200046977
201400033888,2014-06-08,2014,juin,dimanche,11:30,69,69142,0,0,2,1,6,1,1,6,-1,00,2,1,35,75,1,0,4,4,1,11,5,2,2,0,2,7,1,201400033888A01,7,16,1,200046977
201400033900,2014-07-30,2014,juillet,mercredi,18:30,69,69149,0,0,2,1,1,1,1,4,2,02,2,1,0,100,1,0,1,4,1,28,0,2,2,0,2,1,1,201400033900B01,7,15,1,200046977
201400033901,2014-08-08,2014,août,vendredi,00:30,69,69142,0,0,2,2,3,5,1,3,2,04,1,1,0,90,1,0,1,4,1,24,0,3,2,0,2,4,1,201400033901B01,7,2,1,200046977
201400033928,2014-11-15,2014,novembre,samedi,12:10,69,69149,0,0,2,1,6,1,8,4,1,01,1,1,0,40,1,0,1,4,2,74,5,3,9,0,1,0,1,201400033928Z01,,,,200046977
201400033944,2014-02-04,2014,février,mardi,12:26,69,69256,0,0,2,4,6,1,1,4,2,02,1,1,0,62,1,0,1,4,1,13,2,3,9,0,2,1,19,201400033944B01,7,1,1,200046977
201400033949,2014-03-04,2014,mars,mardi,12:09,69,69256,0,0,2,3,3,1,1,4,2,02,1,1,0,0,1,0,3,4,1,73,5,3,9,0,2,1,5,201400033949A01,7,1,1,200046977
201400033950,2014-03-12,2014,mars,mercredi,15:25,69,69256,0,0,2,3,6,1,1,4,2,01,1,1,0,48,1,0,1,3,1,87,5,3,9,0,2,1,1,201400033950A01,7,0,1,200046977
201400033967,2014-06-24,2014,juin,mardi,19:30,69,69256,0,0,2,1,6,1,1,4,1,01,1,1,0,0,1,0,1,4,1,16,0,3,9,0,2,0,19,201400033967B01,7,1,1,200046977
201400033998,2014-02-11,2014,février,mardi,16:05,69,69259,0,0,2,4,3,1,1,4,2,02,1,1,0,0,1,0,1,3,1,57,5,2,2,0,2,8,0,201400033998A01,7,16,1,200046977
201400034028,2014-04-26,2014,avril,samedi,13:00,69,69259,0,0,2,2,7,1,1,4,2,02,1,1,113,53,1,0,1,4,1,50,5,3,9,0,0,0,1,201400034028B01,10,15,1,200046977
201400034029,2014-04-30,2014,avril,mercredi,16:30,69,69199,0,0,2,1,2,1,1,9,2,01,1,1,0,115,1,0,1,4,1,4,5,3,9,0,2,8,1,201400034029B01,10,4,1,200046977
201400034030,2014-05-01,2014,mai,jeudi,14:00,69,69259,0,0,2,3,6,1,1,4,-1,01,-1,1,0,78,1,0,1,4,1,59,9,1,2,0,1,2,14,201400034030A01,,,,200046977
201400034034,2014-05-12,2014,mai,lundi,04:45,69,69276,0,0,1,1,1,5,1,4,3,02,1,1,0,76,1,0,1,4,1,55,1,2,2,0,2,1,1,201400034034B01,7,15,1,200046977
201400034035,2014-05-15,2014,mai,jeudi,16:55,69,69276,0,0,2,1,3,1,1,3,2,02,2,1,0,0,1,0,1,4,1,46,1,1,2,0,2,1,12,201400034035B01,7,15,1,200046977
201400034036,2014-05-17,2014,mai,samedi,17:50,69,69199,0,0,2,1,3,1,1,4,2,02,1,1,0,77,1,0,1,4,1,11,5,3,9,0,2,7,16,201400034036B01,7,1,1,200046977
201400034056,2014-07-03,2014,juillet,jeudi,12:50,69,69259,0,0,2,5,1,1,1,4,1,01,1,1,112,56,1,0,1,3,1,14,5,2,2,0,2,7,6,201400034056B01,7,2,1,200046977
201400034063,2014-07-12,2014,juillet,samedi,23:44,69,69259,0,0,2,1,6,5,1,4,2,02,1,1,0,45,1,0,1,1,1,19,5,3,9,0,1,1,1,201400034063A01,,,,200046977
201400034063,2014-07-12,2014,juillet,samedi,23:44,69,69259,0,0,2,1,6,5,1,4,2,02,1,1,0,45,1,0,1,1,1,23,5,3,9,0,1,1,1,201400034063A01,,,,200046977
201400034064,2014-07-23,2014,juillet,mercredi,06:40,69,69199,0,0,2,1,3,1,1,4,2,02,1,1,0,67,1,0,1,4,2,48,0,1,2,0,2,3,1,201400034064B01,15,9,1,200046977
201400034067,2014-07-26,2014,juillet,samedi,15:55,69,69259,0,0,2,1,2,1,1,6,-1,,1,3,0,87,1,0,1,1,2,38,5,1,2,0,2,1,2,201400034067A01,7,2,1,200046977
201400034074,2014-08-20,2014,août,mercredi,13:25,69,69259,0,0,2,3,3,1,1,4,2,01,2,3,0,0,1,3,1,4,1,28,0,3,2,0,2,1,1,201400034074B01,7,1,1,200046977
201400034076,2014-08-24,2014,août,dimanche,15:20,69,69259,0,0,2,1,3,1,1,4,3,03,1,-1,0,0,1,0,1,4,1,87,0,2,2,0,0,8,19,201400034076A01,33,1,1,200046977
201400034078,2014-09-01,2014,septembre,lundi,18:30,69,69259,0,0,1,1,6,1,1,5,-1,00,1,2,0,60,1,0,1,3,2,5,5,3,9,0,2,0,2,201400034078B01,7,2,1,200046977
201400034135,2014-01-07,2014,janvier,mardi,11:00,69,69264,0,0,2,1,3,1,1,4,1,02,1,1,0,55,1,0,1,3,1,79,5,3,9,0,2,3,1,201400034135A01,7,17,1,200040590
201400034157,2014-11-06,2014,novembre,jeudi,17:30,69,69264,0,0,2,6,3,5,2,4,-1,02,1,-1,0,0,2,0,1,4,2,49,1,1,4,0,2,2,1,201400034157B01,7,9,1,200040590
201400034179,2014-03-13,2014,mars,jeudi,17:18,69,69266,0,0,2,2,3,1,1,4,2,02,1,1,0,0,1,0,1,4,1,16,0,3,9,0,2,0,0,201400034179B01,7,1,1,200046977
201400034189,2014-04-15,2014,avril,mardi,07:40,69,69266,0,0,2,6,3,1,1,4,2,02,1,1,0,0,1,0,1,4,2,48,1,3,9,0,2,5,1,201400034189B01,7,9,1,200046977
201400034197,2014-05-03,2014,mai,samedi,11:45,69,69266,0,0,2,2,6,1,1,4,1,01,1,1,0,156,1,0,1,1,1,34,5,3,9,0,2,8,15,201400034197B01,34,17,1,200046977
201400034213,2014-06-21,2014,juin,samedi,10:30,69,69266,0,0,2,2,6,1,1,4,2,04,1,1,0,0,1,0,1,3,1,47,5,3,9,0,1,1,15,201400034213A01,,,,200046977
201400034214,2014-06-23,2014,juin,lundi,17:00,69,69266,0,0,2,3,1,1,1,4,1,01,1,1,0,0,1,0,1,4,1,38,0,3,9,0,2,8,19,201400034214B01,10,1,1,200046977
201400034215,2014-06-26,2014,juin,jeudi,23:20,69,69266,0,0,2,1,2,5,1,4,2,04,2,1,0,0,1,2,1,3,1,18,0,3,9,0,2,4,1,201400034215B01,7,1,1,200046977
201400034216,2014-06-28,2014,juin,samedi,13:45,69,69266,0,0,2,3,3,1,1,4,-1,00,-1,-1,0,0,-1,0,0,4,1,34,5,1,2,0,2,1,1,201400034216B01,7,15,1,200046977
201400034227,2014-07-20,2014,juillet,dimanche,14:40,69,69266,0,0,2,4,3,1,3,4,-1,00,-1,-1,0,0,2,0,0,4,1,15,4,2,2,1,2,2,1,201400034227B01,7,1,1,200046977
201400034229,2014-08-12,2014,août,mardi,15:25,69,69266,0,0,2,2,3,1,1,4,2,00,-1,-1,0,0,1,0,5,3,2,23,9,3,9,0,2,5,1,201400034229B01,7,1,1,200046977
201400034235,2014-08-31,2014,août,dimanche,20:55,69,69266,0,0,2,2,3,5,1,4,2,02,1,1,0,0,1,0,1,4,1,23,5,3,2,0,2,0,2,201400034235A01,7,2,1,200046977
201400034239,2014-09-17,2014,septembre,mercredi,20:00,69,69266,0,0,2,3,3,5,1,4,1,01,1,1,0,0,1,0,1,4,1,13,0,3,4,0,2,7,15,201400034239A01,7,1,1,200046977
201400034248,2014-10-06,2014,octobre,lundi,17:00,69,69266,0,0,2,1,6,1,1,4,2,02,1,1,0,71,1,0,1,3,2,37,1,2,9,1,0,1,1,201400034248A01,7,22,1,200046977
201400034253,2014-10-23,2014,octobre,jeudi,14:15,69,69266,0,0,2,2,3,1,1,4,2,04,1,1,0,0,1,0,1,4,1,56,5,2,9,0,2,1,1,201400034253B01,7,15,1,200046977
201400034255,2014-10-08,2014,octobre,mercredi,19:25,69,69266,0,0,2,1,2,5,1,4,2,02,1,1,,,1,0,1,4,2,21,0,3,9,0,2,4,13,201400034255A01,7,1,1,200046977
201400034258,2014-11-02,2014,novembre,dimanche,16:50,69,69266,0,0,2,3,6,1,1,4,-1,01,-1,-1,0,0,-1,0,1,3,2,66,5,3,9,0,2,1,1,201400034258B01,7,1,1,200046977
201400034266,2014-11-12,2014,novembre,mercredi,16:55,69,69266,0,0,2,2,6,2,8,4,2,02,1,1,0,66,2,0,1,1,1,21,2,3,9,0,1,8,1,201400034266A01,,,,200046977
201400034283,2014-12-15,2014,décembre,lundi,17:00,69,69266,0,0,2,1,6,4,1,4,1,01,1,1,0,0,1,0,1,1,1,19,0,3,9,0,2,2,16,201400034283B01,30,18,1,200046977
201400034293,2014-04-01,2014,avril,mardi,21:00,69,69275,0,0,2,2,6,5,1,4,2,02,1,1,0,89,1,4,1,4,2,16,0,3,9,0,4,1,1,201400034293A01,40,1,1,200046977
201400034299,2014-06-25,2014,juin,mercredi,16:05,69,69275,0,0,2,1,6,1,1,5,2,02,1,1,20,59,1,4,1,4,1,15,5,2,9,0,4,7,1,201400034299A01,40,1,1,200046977
201400034303,2014-09-11,2014,septembre,jeudi,17:40,69,69275,0,0,2,6,2,1,1,4,2,02,-1,-1,0,0,-1,0,1,3,1,52,0,2,2,0,2,8,16,201400034303B01,7,16,1,200046977
201400034310,2014-12-09,2014,décembre,mardi,17:50,69,69275,0,0,2,1,5,5,1,4,2,02,2,1,0,0,1,0,1,4,1,56,1,3,9,0,2,3,17,201400034310A01,7,1 / 23,2,200046977
201400034323,2014-02-04,2014,février,mardi,17:45,69,69286,0,0,2,3,3,5,2,4,3,05,1,1,0,80,2,5,1,4,1,41,1,1,4,0,2,8,2,201400034323B01,7,16,1,200046977
201400034360,2014-03-12,2014,mars,mercredi,08:17,69,69290,0,0,2,5,7,1,1,4,2,03,2,1,0,199,1,0,1,2,1,41,1,2,9,0,0,0,1,201400034360A01,,,,200046977
201400034386,2014-09-13,2014,septembre,samedi,14:30,69,69290,0,0,2,1,3,1,1,4,2,02,1,1,0,0,1,0,1,4,2,13,5,3,9,0,2,1,19,201400034386B01,7,1,1,200046977
201400034386,2014-09-13,2014,septembre,samedi,14:30,69,69290,0,0,2,1,3,1,1,4,2,02,1,1,0,0,1,0,1,4,2,13,5,3,9,0,2,1,19,201400034386B01,7,1,1,200046977
201400034419,2014-01-27,2014,janvier,lundi,07:35,70,70550,0,0,1,6,3,5,2,3,1,02,1,2,0,0,2,5,1,4,1,27,1,1,4,0,2,7,15,201400034419B01,7,9,1,247000011
201400034425,2014-04-05,2014,avril,samedi,22:20,70,70550,0,0,2,1,3,5,1,4,2,02,2,1,0,72,1,0,1,4,1,28,1,1,2,0,2,1,1,201400034425B01,7,15,1,247000011
201400034436,2014-10-22,2014,octobre,mercredi,11:50,70,70513,0,0,2,1,1,1,1,4,2,02,1,1,0,0,1,0,1,3,1,79,3,2,4,0,2,1,1,201400034436A01,1,1,1,247000011
201400034452,2014-04-08,2014,avril,mardi,19:15,71,71475,0,0,1,9,3,1,1,3,1,00,1,2,0,0,1,0,1,4,1,45,0,3,2,0,2,7,1,201400034452B01,7,9,1,247100589
201400034454,2014-04-16,2014,avril,mercredi,09:25,71,71445,0,0,2,4,3,1,1,4,2,02,1,-1,0,0,1,0,1,4,2,74,5,3,9,0,2,8,1,201400034454B01,7,15,1,247100589
201400034456,2014-05-15,2014,mai,jeudi,15:40,71,71076,46.77496,4.83686,2,9,6,1,1,4,2,02,1,-1,0,62,1,5,1,3,1,36,5,3,9,0,2,1,18,201400034456A01,15,16,1,247100589
201400034463,2014-07-25,2014,juillet,vendredi,17:00,71,71076,46.81031,4.85373,2,6,3,1,1,4,1,02,1,2,0,0,1,0,1,3,2,44,5,1,2,0,2,1,1,201400034463B01,7,16,1,247100589
201400034469,2014-09-23,2014,septembre,mardi,18:30,71,71076,46.77735,4.84778,2,1,3,1,1,4,1,01,1,1,0,0,1,0,5,3,2,69,0,2,9,0,0,1,1,201400034469A01,7,1,1,247100589
201400034504,2014-09-08,2014,septembre,lundi,17:50,71,71270,46.31925,4.81441,2,6,3,1,1,4,2,02,1,3,0,0,1,0,1,3,2,65,0,2,9,0,2,7,1,201400034504B01,7,9,1,200070308
201400034531,2014-05-05,2014,mai,lundi,17:25,72,72181,0,0,2,2,3,1,1,4,2,02,1,1,0,0,1,0,1,3,2,10,5,3,9,0,2,1,1,201400034531A01,7,1,1,247200132
201400034546,2014-03-20,2014,mars,jeudi,16:20,73,73008,45.7162,5.8878,2,1,6,1,1,3,2,02,-1,1,0,64,1,0,5,3,1,74,5,1,2,1,0,1,1,201400034546B01,7,23,1,200068674
201400034558,2014-02-14,2014,février,vendredi,19:50,73,73031,45.5713,5.9404,2,1,2,5,1,4,2,02,1,1,0,44,1,0,1,2,1,19,3,2,2,0,0,4,1,201400034558B01,7,1,1,200069110
201400034567,2014-07-19,2014,juillet,samedi,16:15,73,73065,45.5626,5.9251,2,3,1,1,1,4,2,02,1,1,24,77,1,0,1,3,1,59,5,1,2,0,2,1,1,201400034567B01,7,15,1,200069110
201400034577,2014-01-24,2014,janvier,vendredi,22:20,74,74010,0,0,2,6,2,5,1,4,2,02,1,3,0,80,1,0,1,4,1,30,9,3,9,0,2,4,1,201400034577A01,7,9,1,200066793
201400034586,2014-03-11,2014,mars,mardi,16:10,74,74010,0,0,2,6,6,1,1,3,3,04,1,3,50,150,1,5,1,3,1,47,5,3,9,0,2,1,1,201400034586B01,7,1,1,200066793
201400034590,2014-04-15,2014,avril,mardi,10:55,74,74093,0,0,2,6,3,1,1,4,4,01,1,3,0,50,1,0,1,4,2,28,4,1,9,0,2,4,1,201400034590B01,7,1,1,