Num_Acc,date,an,mois,jour,hrmn,dep,com,lat,long,agg,int,col,lum,atm,catr,circ,nbv,prof,plan,lartpc,larrout,surf,infra,situ,grav,sexe,age,trajet,secuexist,equipement,obs,obsm,choc,manv,vehiculeid,typevehicules,manoeuvehicules,numVehicules,_infos_commune.code_epci
201400034593,2014-04-24,2014,avril,jeudi,17:25,74,74010,0,0,2,1,6,1,1,3,2,04,1,1,0,60,1,0,5,4,1,75,9,2,9,1,0,1,1,201400034593B01,7,22,1,200066793
201400034594,2014-05-03,2014,mai,samedi,11:26,74,74093,0,0,2,6,6,1,1,4,2,02,1,1,0,30,1,0,1,3,1,78,0,2,2,0,2,0,1,201400034594B01,7,9,1,
201400034611,2014-08-08,2014,août,vendredi,15:05,74,74093,0,0,2,9,6,1,1,4,2,02,1,1,0,87,1,0,1,3,1,15,9,3,2,0,2,4,1,201400034611B01,7,1,1,
201400034621,2014-11-21,2014,novembre,vendredi,18:25,74,74010,0,0,2,3,3,5,1,4,1,02,1,1,0,90,1,0,0,3,2,49,0,2,4,0,2,7,19,201400034621B01,7,1,1,200066793
201400034623,2014-12-19,2014,décembre,vendredi,16:10,74,74093,0,0,2,1,6,1,1,4,2,02,1,3,0,62,2,0,5,2,2,40,5,2,9,0,2,1,1,201400034623B01,7,13,1,
201400034625,2014-01-17,2014,janvier,vendredi,06:00,74,74012,0,0,2,1,6,5,3,4,2,02,1,1,0,0,2,0,1,1,1,43,0,1,2,0,2,6,9,201400034625A01,34,2,1,200011773
201400034640,2014-09-03,2014,septembre,mercredi,09:10,74,74133,0,0,2,1,3,1,1,3,2,02,1,1,0,90,1,0,1,4,1,37,1,1,2,0,2,7,17,201400034640B01,7,17,1,200011773
201400034653,2014-01-07,2014,janvier,mardi,16:30,74,74281,0,0,2,3,3,1,1,4,2,02,1,1,0,0,1,0,1,3,1,58,3,2,2,0,0,2,1,201400034653B01,7,15,1,200067551
201400034663,2014-05-18,2014,mai,dimanche,09:10,74,74281,0,0,2,1,5,1,1,4,2,02,1,3,0,0,1,0,1,4,1,52,5,1,2,0,2,4,1,201400034663C01,33,1,1,200067551
201400034663,2014-05-18,2014,mai,dimanche,09:10,74,74281,0,0,2,1,5,1,1,4,2,02,1,3,0,0,1,0,1,3,1,2014,5,1,2,0,2,1,11,201400034663A01,33,1,1,200067551
201400034668,2014-05-18,2014,mai,dimanche,08:45,74,74218,0,0,2,1,1,1,1,3,2,02,1,1,0,74,1,0,1,4,1,65,5,3,9,0,0,1,11,201400034668B01,7,1,1,200071967
201400034681,2014-10-17,2014,octobre,vendredi,18:35,74,74119,0,0,2,1,3,1,1,3,2,02,1,1,0,0,1,0,1,3,1,9,5,2,2,0,2,0,19,201400034681B01,7,2,1,200071967
201400034685,2014-12-23,2014,décembre,mardi,09:50,74,74281,0,0,2,3,3,1,7,4,2,02,2,1,0,0,1,0,1,4,1,66,3,2,2,0,0,8,15,201400034685B01,7,15,1,200067551
201400034694,2014-01-18,2014,janvier,samedi,09:50,76,76026,49.88172,1.12622,2,6,3,1,1,3,2,02,2,-1,0,109,1,5,1,4,1,68,5,1,2,0,2,7,0,201400034694B01,7,9,1,247600786
201400034725,2014-08-07,2014,août,jeudi,16:55,76,76565,49.88682,1.08612,1,1,3,1,1,3,2,02,1,1,0,67,1,0,1,4,2,54,5,3,9,0,2,8,15,201400034725A01,7,1,1,247600786
201400034727,2014-08-10,2014,août,dimanche,17:50,76,76217,49.92921,1.10249,2,1,3,1,1,4,2,02,1,1,0,62,1,0,1,4,1,9,5,3,9,0,2,1,19,201400034727A01,7,1,1,247600786
201400034735,2014-11-02,2014,novembre,dimanche,12:00,76,76349,49.89242,1.04,1,3,6,1,1,3,2,02,3,1,0,31,1,0,1,2,1,84,5,1,2,0,2,2,15,201400034735A01,7,1,1,247600786
201400034763,2014-08-16,2014,août,samedi,10:00,76,76259,49.74923,0.40327,2,1,3,1,1,3,2,02,1,1,0,68,1,0,1,3,1,52,5,1,2,0,2,1,1,201400034763B01,7,15,1,200069821
201400034765,2014-09-28,2014,septembre,dimanche,03:35,76,76259,49.75276,0.3963,2,2,6,5,1,4,2,02,1,1,0,56,1,0,1,4,1,26,5,2,4,0,1,0,16,201400034765A01,,,,200069821
201400034778,2014-01-10,2014,janvier,vendredi,11:15,76,76351,49.49119,0.1408,2,1,2,1,1,4,2,02,1,1,0,90,1,0,1,4,1,90,5,3,4,0,2,6,9,201400034778A01,7,1,1,200084952
201400034779,2014-01-11,2014,janvier,samedi,04:30,76,76351,49.4918,0.11787,2,2,7,5,2,4,1,01,,,,,,,,4,1,25,4,3,4,16,0,0,1,201400034779A01,,,,200084952
201400034797,2014-02-07,2014,février,vendredi,10:15,76,76351,49.50037,0.16682,2,2,3,1,1,4,2,02,1,1,,110,-1,0,5,4,1,14,5,3,4,0,2,6,1,201400034797B01,7,18,1,200084952
201400034816,2014-03-07,2014,mars,vendredi,09:45,76,76351,49.50003,0.13071,2,3,3,1,1,4,1,01,,,,,,0,1,4,1,17,0,3,9,0,2,8,11,201400034816A01,7,1,1,200084952
201400034837,2014-03-31,2014,mars,lundi,08:30,76,76351,49.51623,0.12,2,3,3,1,2,4,3,04,1,1,0,232,2,4,1,3,1,57,0,3,2,0,2,7,15,201400034837B01,7,15,1,200084952
201400034841,2014-04-04,2014,avril,vendredi,15:00,76,76351,49.51096,0.09914,2,2,7,1,1,4,2,02,1,1,0,50,1,0,1,4,1,18,0,1,4,16,0,0,1,201400034841A01,,,,200084952
201400034846,2014-04-10,2014,avril,jeudi,12:30,76,76351,49.48964,0.09772,2,3,3,1,1,4,2,02,1,1,0,110,1,0,5,3,2,57,0,3,9,0,2,7,19,201400034846A01,1,1,1,200084952
201400034846,2014-04-10,2014,avril,jeudi,12:30,76,76351,49.48964,0.09772,2,3,3,1,1,4,2,02,1,1,0,110,1,0,5,1,1,21,0,3,9,0,2,1,1,201400034846B01,1,19,1,200084952
201400034852,2014-04-17,2014,avril,jeudi,18:10,76,76481,49.5459,0.10857,2,1,1,1,2,4,2,00,1,4,0,0,1,0,1,4,1,60,0,1,2,0,2,1,1,201400034852B01,7,1,1,200084952
201400034869,2014-05-13,2014,mai,mardi,07:50,76,76351,49.4902,0.15828,2,1,3,1,2,3,2,02,1,1,0,0,2,4,1,3,1,24,1,2,2,0,2,0,13,201400034869B01,10,1,1,200084952
201400034872,2014-05-17,2014,mai,samedi,13:40,76,76351,49.50897,0.1083,2,5,3,1,1,4,2,04,1,1,0,0,1,0,1,4,2,36,4,1,2,0,2,8,0,201400034872B01,7,1,1,200084952
201400034874,2014-05-20,2014,mai,mardi,19:25,76,76351,49.52294,0.1135,2,1,6,1,1,4,1,01,1,1,0,34,1,0,1,4,1,38,3,3,9,0,2,1,19,201400034874A01,7,1,1,200084952
201400034878,2014-05-27,2014,mai,mardi,11:50,76,76351,49.49468,0.12071,2,1,7,1,1,4,1,01,1,1,0,0,1,0,4,3,1,14,1,2,9,0,0,0,0,201400034878A01,,,,200084952
201400034889,2014-06-14,2014,juin,samedi,18:25,76,76351,49.49764,0.13131,2,1,2,1,1,4,2,01,1,1,0,50,1,0,1,4,1,13,5,3,9,0,2,3,1,201400034889B01,2,,1,200084952
201400034900,2014-06-29,2014,juin,dimanche,10:10,76,76351,49.50242,0.1747,2,3,3,1,3,3,2,02,2,1,0,120,2,0,1,4,1,52,5,3,9,0,2,1,1,201400034900B01,7,15,1,200084952
201400034918,2014-08-01,2014,août,vendredi,14:20,76,76305,49.52351,0.22374,2,2,6,1,1,3,2,02,1,1,0,58,1,0,1,4,1,8,5,2,9,6,0,1,1,201400034918A01,,,,200084952
201400034927,2014-08-23,2014,août,samedi,05:50,76,76351,49.49088,0.12957,2,1,3,2,1,4,2,02,1,1,0,70,2,0,1,3,2,17,5,1,2,0,2,7,19,201400034927B01,7,1,1,200084952
201400034934,2014-09-10,2014,septembre,mercredi,18:45,76,76552,49.50532,0.0853,2,4,5,1,1,3,2,02,1,2,0,0,1,0,1,4,1,26,0,3,2,0,2,1,0,201400034934B01,7,1,2,200084952
201400034935,2014-09-11,2014,septembre,jeudi,13:50,76,76351,49.49185,0.1328,2,1,3,1,1,4,2,02,1,1,0,76,1,0,1,3,1,13,5,3,9,0,0,8,19,201400034935A01,7,1,1,200084952
201400034946,2014-10-02,2014,octobre,jeudi,10:40,76,76351,0,0,2,1,3,1,1,4,1,03,1,1,0,89,1,0,1,3,1,75,5,3,9,0,2,3,11,201400034946A01,10,1,1,200084952
201400034950,2014-10-07,2014,octobre,mardi,08:09,76,76351,49.52408,0.12292,2,2,7,1,1,3,2,02,2,1,0,0,1,5,1,4,1,44,1,2,9,0,0,0,1,201400034950A01,7,0,1,200084952
201400034956,2014-10-10,2014,octobre,vendredi,17:30,76,76351,49.49218,0.096,2,1,6,1,1,6,-1,00,1,1,0,0,1,0,1,4,2,54,5,2,9,0,2,8,1,201400034956B01,7,5,1,200084952
201400034966,2014-10-22,2014,octobre,mercredi,10:00,76,76351,49.49299,0.11438,2,2,3,1,1,4,2,02,1,1,0,60,1,0,0,4,1,32,0,3,9,0,2,8,19,201400034966A01,1,5,1,200084952
201400034966,2014-10-22,2014,octobre,mercredi,10:00,76,76351,49.49299,0.11438,2,2,3,1,1,4,2,02,1,1,0,60,1,0,0,3,1,76,0,3,9,0,2,1,5,201400034966B01,1,19,1,200084952
201400034975,2014-11-01,2014,novembre,samedi,21:25,76,76351,49.49238,0.11705,2,1,6,5,1,6,-1,00,1,1,0,0,1,0,0,3,1,61,5,3,9,8,0,1,1,201400034975A01,,,,200084952
201400035007,2014-12-06,2014,décembre,samedi,21:15,76,76305,49.50189,0.22189,2,1,7,5,1,4,-1,02,1,1,0,0,2,0,1,3,1,44,0,3,2,0,5,0,0,201400035007A01,,,,200084952
201400035047,2014-01-20,2014,janvier,lundi,08:00,76,76540,49.44468,1.09215,2,2,4,5,1,4,2,02,1,1,0,0,1,0,1,4,1,51,1,3,2,0,2,0,1,201400035047C01,7 / 33,1 / 15,3,200023414
201400035087,2014-02-11,2014,février,mardi,06:08,76,76540,49.43463,1.11784,2,3,3,5,2,4,2,02,-1,-1,0,25,2,0,1,4,1,50,1,3,9,0,2,0,0,201400035087B01,7,0,1,200023414
201400035097,2014-02-28,2014,février,vendredi,08:40,76,76540,49.44736,1.06828,2,1,1,1,2,4,1,01,1,1,0,0,2,0,1,4,1,16,0,3,9,0,2,1,0,201400035097B01,7,0,1,200023414
201400035102,2014-03-09,2014,mars,dimanche,08:15,76,76540,49.44899,1.0669,2,2,3,1,1,4,2,02,-1,1,,,-1,0,,4,1,71,5,1,2,0,2,1,1,201400035102B01,7,16,1,200023414
201400035122,2014-03-07,2014,mars,vendredi,07:20,76,76540,49.44234,1.10705,2,1,3,1,1,4,1,01,1,1,0,0,1,0,5,3,1,52,1,1,9,0,0,0,0,201400035122B01,1,0,1,200023414
201400035122,2014-03-07,2014,mars,vendredi,07:20,76,76540,49.44234,1.10705,2,1,3,1,1,4,1,01,1,1,0,0,1,0,5,1,1,22,1,1,9,0,0,0,0,201400035122A01,1,0,1,200023414
201400035132,2014-04-13,2014,avril,dimanche,18:15,76,76575,49.37492,1.10265,2,2,3,1,1,4,2,02,1,1,,,1,0,0,4,1,11,5,3,9,0,2,0,0,201400035132B01,7,0,1,200023414
201400035177,2014-05-28,2014,mai,mercredi,18:00,76,76540,49.44283,1.08933,2,1,6,1,1,4,1,01,1,1,0,42,1,0,1,4,2,54,5,2,2,0,2,1,18,201400035177B01,7,22,1,200023414
201400035178,2014-05-18,2014,mai,dimanche,17:50,76,76540,49.44084,1.08839,2,3,3,1,1,4,2,02,2,1,0,50,1,0,1,4,1,27,5,2,9,0,2,1,16,201400035178A01,7,23,1,200023414
201400035213,2014-08-11,2014,août,lundi,14:00,76,76486,49.33635,1.01292,1,1,6,1,1,3,3,02,1,1,0,40,1,0,1,3,1,63,5,3,9,0,2,0,0,201400035213B01,7,17,1,200023414
201400035215,2014-08-13,2014,août,mercredi,16:05,76,76322,49.41099,1.03176,2,2,3,1,1,4,2,04,-1,-1,0,0,1,0,1,4,1,19,1,3,9,0,2,0,1,201400035215B01,7,0,1,200023414
201400035237,2014-09-09,2014,septembre,mardi,16:10,76,76131,49.35232,0.93043,2,7,3,1,1,3,2,02,1,3,0,0,1,0,1,4,1,66,5,1,2,0,2,1,1,201400035237B01,7,15,1,200023414
201400035259,2014-10-07,2014,octobre,mardi,19:20,76,76451,49.45352,1.08553,2,4,2,2,1,4,1,01,2,1,,,1,5,0,4,2,43,5,2,2,0,2,4,1,201400035259B01,7,1,1,200023414
201400035299,2014-11-25,2014,novembre,mardi,16:15,76,76497,49.39652,1.03099,2,6,2,1,1,4,2,02,2,1,,,1,5,1,4,1,21,1,3,9,0,2,1,9,201400035299A01,7,1,1,200023414
201400035329,2014-03-06,2014,mars,jeudi,09:15,77,77479,0,0,2,1,6,1,1,4,2,02,1,1,0,61,1,0,1,3,1,63,5,1,2,0,2,8,0,201400035329A01,7,1,1,200057958
201400035334,2014-04-16,2014,avril,mercredi,19:20,77,77108,0,0,2,1,6,1,1,4,-1,02,1,1,0,30,1,0,1,4,2,8,5,1,9,0,2,8,19,201400035334B01,7,1,1,200057958
201400035346,2014-05-28,2014,mai,mercredi,17:50,77,77108,0,0,2,1,1,1,2,3,-1,02,1,1,0,0,2,5,1,4,1,14,5,3,2,0,0,8,19,201400035346B01,7,16,1,200057958
201400035367,2014-11-12,2014,novembre,mercredi,16:25,77,77108,0,0,2,1,6,1,1,3,2,04,1,1,10,98,1,0,1,3,1,17,5,3,9,0,2,0,1,201400035367B01,7,17,1,200057958
201400035437,2014-11-01,2014,novembre,samedi,16:10,77,77014,0,0,2,1,2,1,1,4,2,02,1,1,0,75,1,5,1,3,2,56,5,2,9,2,2,4,2,201400035437B01,7,1,1,200072346
201400035478,2014-11-19,2014,novembre,mercredi,20:35,77,77369,0,0,2,1,2,5,1,3,2,02,1,1,12,58,1,0,0,2,1,39,9,3,9,0,0,4,1,201400035478B01,7,1,1,200072130
201400035503,2014-08-01,2014,août,vendredi,17:20,77,77288,0,0,2,1,2,1,1,9,1,03,1,3,0,0,1,0,1,3,1,56,1,3,9,0,2,4,2,201400035503B01,7,2,1,247700057
201400035506,2014-09-11,2014,septembre,jeudi,19:25,77,77389,0,0,1,1,3,1,1,2,2,02,1,1,12,37,1,0,2,3,1,58,5,1,2,0,0,8,0,201400035506A01,7,20,1,247700057
201400035512,2014-11-01,2014,novembre,samedi,20:30,77,77518,0,0,1,1,2,5,1,3,2,03,1,1,0,120,1,0,1,3,1,21,9,2,9,0,0,4,2,201400035512B01,7,0,1,247700057
201400035520,2014-07-03,2014,juillet,jeudi,15:50,77,77445,0,0,2,6,6,1,1,3,3,02,1,1,0,53,1,0,1,3,1,71,5,2,9,0,2,8,13,201400035520B01,7,17,1,200059228
201400035538,2014-03-29,2014,mars,samedi,12:45,77,77122,0,0,2,6,3,1,7,4,2,02,1,1,0,0,1,0,1,4,1,15,9,3,9,0,2,5,19,201400035538Y01,7,0,1,200059228
201400035547,2014-09-24,2014,septembre,mercredi,12:23,77,77445,0,0,2,2,3,1,1,4,2,01,1,1,0,60,1,0,1,3,1,13,2,3,4,0,2,1,16,201400035547B01,7,1,1,200059228
201400035558,2014-12-15,2014,décembre,lundi,16:10,77,77251,0,0,1,1,6,5,8,4,2,02,1,-1,0,60,2,0,1,4,1,18,1,1,9,0,2,8,15,201400035558B01,7,17,1,200059228
201400035595,2014-03-12,2014,mars,mercredi,08:25,77,77083,0,0,2,3,6,1,1,4,2,02,1,1,0,0,1,5,1,3,1,34,5,3,9,0,2,8,15,201400035595A01,7,1,1,200057958
201400035609,2014-06-16,2014,juin,lundi,19:00,77,77083,0,0,2,1,7,1,1,3,2,02,2,1,0,0,1,0,1,4,1,40,0,3,9,0,2,1,2,201400035609B01,7,2,1,200057958
201400035618,2014-09-09,2014,septembre,mardi,18:15,77,77083,0,0,2,1,1,1,1,4,2,02,2,1,0,0,1,0,5,3,1,5,5,1,2,0,2,1,0,201400035618B01,33,0,1,200057958
201400035635,2014-02-02,2014,février,dimanche,01:25,77,77374,48.4736,2.41535,1,9,2,3,9,3,2,02,1,1,0,120,2,0,1,2,2,48,0,3,9,0,0,4,2,201400035635B01,7,2,1,247700594
201400035652,2014-10-07,2014,octobre,mardi,15:40,77,77374,0,0,1,6,3,1,1,3,1,01,1,2,0,40,1,5,1,3,2,55,5,3,9,0,2,8,2,201400035652B01,31,2,1,247700594
201400035662,2014-06-04,2014,juin,mercredi,09:35,77,77260,0,0,2,3,3,1,2,4,2,02,1,1,0,0,2,0,1,2,1,86,5,2,9,0,2,8,15,201400035662B01,7,1,1,200037133
201400035663,2014-10-19,2014,octobre,dimanche,16:15,77,77403,0,0,2,1,3,1,1,4,2,02,2,1,0,45,1,0,1,4,1,45,4,1,2,14,2,0,13,201400035663A01,7,15,1,200037133
201400035693,2014-01-30,2014,janvier,jeudi,15:15,78,78172,0,0,2,1,6,1,1,4,1,02,1,1,0,53,1,0,1,3,1,55,5,2,2,0,9,1,5,201400035693A01,99,23,1,200059889
201400035696,2014-05-15,2014,mai,jeudi,21:30,78,78015,0,0,1,1,2,2,1,3,2,02,1,1,6,52,1,0,1,2,1,15,5,3,9,0,0,4,0,201400035696B01,7,0,1,200059889
201400035703,2014-06-20,2014,juin,vendredi,16:55,78,78397,0,0,2,1,3,1,1,3,2,01,1,1,0,0,1,0,1,3,1,51,0,3,9,0,2,1,0,201400035703C01,7,0,1,200033173
201400035704,2014-06-30,2014,juin,lundi,11:40,78,78168,0,0,2,1,3,1,1,3,1,02,1,1,0,0,1,0,1,3,1,28,1,3,9,0,2,0,19,201400035704C01,7,0,1,200058782
201400035713,2014-03-20,2014,mars,jeudi,08:20,78,78208,0,0,2,1,1,1,7,3,3,00,2,3,0,0,1,0,5,3,2,46,0,3,9,0,2,0,19,201400035713C01,7,0,1,200058782
201400035714,2014-02-03,2014,février,lundi,07:30,78,78383,0,0,2,6,3,5,9,4,1,02,1,2,0,0,7,5,1,4,1,28,5,1,4,0,2,6,19,201400035714A01,7,16,1,200058782
201400035746,2014-01-30,2014,janvier,jeudi,13:05,78,78423,0,0,1,1,2,1,1,3,3,02,1,1,0,70,1,0,1,4,1,53,1,3,9,0,2,4,1,201400035746B01,7,1,1,200058782
201400035757,2014-09-14,2014,septembre,dimanche,19:55,78,78688,0,0,2,1,6,1,1,3,3,04,1,1,0,0,1,5,1,3,2,34,5,3,9,0,2,8,19,201400035757B01,7,1,1,200058782
201400035767,2014-01-13,2014,janvier,lundi,07:40,78,78311,0,0,2,1,3,5,1,3,2,02,1,1,11,59,2,0,1,4,1,13,2,3,9,0,0,8,1,201400035767B01,7,1,1,200058519
201400035787,2014-09-28,2014,septembre,dimanche,11:14,78,78396,0,0,2,1,3,1,1,4,2,02,1,-1,0,0,1,0,1,3,1,59,0,3,9,0,2,7,17,201400035787B01,7,15,1,200058519
201400035789,2014-12-24,2014,décembre,mercredi,12:25,78,78358,0,0,2,1,2,1,9,4,1,01,1,1,0,0,1,0,1,4,1,59,5,2,9,0,2,1,2,201400035789B01,7,2,1,200058519
201400035814,2014-10-03,2014,octobre,vendredi,10:20,78,78361,0,0,2,1,3,1,1,4,2,02,1,1,0,0,1,0,1,3,1,27,0,3,9,0,2,1,0,201400035814B01,7,1,1,200059889
201400035821,2014-12-23,2014,décembre,mardi,20:10,78,78361,0,0,2,6,3,5,1,4,2,02,1,1,0,0,1,5,1,3,1,35,0,2,4,0,2,1,0,201400035821B01,7,15,1,200059889
201400035825,2014-07-03,2014,juillet,jeudi,11:10,78,78502,0,0,2,1,3,1,1,4,1,02,1,1,15,62,1,0,1,4,1,68,5,3,9,0,0,8,0,201400035825B01,7,17,1,200058519
201400035832,2014-05-13,2014,mai,mardi,08:45,78,78403,0,0,2,1,3,1,8,3,2,02,1,1,0,0,1,0,1,4,1,32,1,1,2,0,2,1,1,201400035832B01,7,15,1,200059889
201400035832,2014-05-13,2014,mai,mardi,08:45,78,78403,0,0,2,1,3,1,8,3,2,02,1,1,0,0,1,0,1,4,1,1,0,1,2,0,2,1,1,201400035832B01,7,15,1,200059889
201400035877,2014-01-30,2014,janvier,jeudi,12:30,78,78401,0,0,2,2,1,1,1,3,2,02,2,1,0,0,1,0,1,3,1,46,0,3,9,0,2,1,1,201400035877B01,7,15,1,200059889
201400035898,2014-06-04,2014,juin,mercredi,10:20,78,78490,0,0,2,6,1,1,2,4,2,02,2,1,0,40,2,0,1,4,1,17,2,2,2,0,2,1,5,201400035898A01,7,2,1,200058782
201400035905,2014-08-31,2014,août,dimanche,11:20,78,78490,0,0,1,1,2,1,1,3,3,02,1,1,25,77,1,0,1,3,1,67,5,1,2,0,0,4,3,201400035905B01,7,9,1,200058782
201400035914,2014-01-24,2014,janvier,vendredi,16:45,78,78624,0,0,2,1,2,1,1,3,2,02,1,1,0,76,1,0,1,2,1,42,5,1,2,0,0,4,2,201400035914B01,7,2,1,200059889
201400035933,2014-04-02,2014,avril,mercredi,15:50,78,78643,0,0,2,2,3,1,1,4,2,02,1,1,0,64,1,0,1,4,2,44,1,1,2,0,2,8,1,201400035933B01,7,19,1,200059889
201400035949,2014-07-01,2014,juillet,mardi,18:15,78,78123,0,0,2,1,7,1,1,3,3,04,1,1,10,10,1,0,1,4,1,45,0,2,2,0,0,1,1,201400035949A01,,,,200059889
201400035954,2014-08-17,2014,août,dimanche,18:00,78,78672,0,0,2,1,7,1,1,4,2,02,-1,-1,0,64,1,0,0,3,1,31,0,3,9,0,0,0,0,201400035954A01,,,,200059889
201400035983,2014-06-21,2014,juin,samedi,16:40,78,78517,0,0,2,2,3,1,1,4,-1,02,1,1,0,40,1,0,1,4,1,16,5,3,9,0,2,8,9,201400035983B01,7,1,1,200073344
201400035986,2014-08-31,2014,août,dimanche,11:30,78,78220,0,0,1,1,2,1,1,3,-1,01,1,1,0,53,1,0,1,3,1,61,5,1,2,0,9,1,17,201400035986A01,1,0,1,200073344
201400035986,2014-08-31,2014,août,dimanche,11:30,78,78220,0,0,1,1,2,1,1,3,-1,01,1,1,0,53,1,0,1,3,1,49,5,1,2,0,9,4,0,201400035986B01,1,17,1,200073344
201400036013,2014-07-15,2014,juillet,mardi,16:00,78,78551,0,0,1,1,2,1,8,2,2,00,1,1,0,71,1,0,2,3,1,29,5,1,2,0,2,4,2,201400036013B01,15,2,1,200058519
201400036047,2014-02-14,2014,février,vendredi,08:05,78,78621,0,0,2,1,3,1,2,4,2,02,1,1,0,55,2,0,1,3,1,24,2,2,9,0,2,8,13,201400036047B01,7,2,1,200058782
201400036070,2014-04-01,2014,avril,mardi,09:00,78,78686,0,0,2,4,3,1,1,4,2,02,2,2,0,0,1,0,1,4,1,14,2,3,4,0,2,2,5,201400036070A01,7,1,1,247800584
201400036078,2014-09-04,2014,septembre,jeudi,15:00,78,78640,0,0,2,1,6,1,1,4,2,02,1,1,0,0,1,0,1,3,1,66,1,3,9,0,2,8,1,201400036078B01,7,17,1,247800584
201400036090,2014-09-30,2014,septembre,mardi,11:10,78,78158,0,0,2,9,6,1,1,4,-1,02,1,1,0,0,1,6,1,3,1,72,0,3,9,0,0,1,19,201400036090B01,30,9,1,247800584
201400036097,2014-01-09,2014,janvier,jeudi,17:25,78,78646,0,0,2,1,3,2,1,3,2,02,2,1,10,60,1,0,1,3,1,52,1,1,4,0,2,7,17,201400036097B01,7,15,1,247800584
201400036105,2014-10-14,2014,octobre,mardi,18:10,78,78646,0,0,2,2,2,1,1,4,2,02,1,1,0,0,1,0,1,4,1,16,0,3,9,0,2,1,1,201400036105B01,7,12,1,247800584
201400036106,2014-03-06,2014,mars,jeudi,12:45,78,78646,0,0,2,3,2,1,1,4,1,01,1,1,0,0,1,0,1,4,1,16,0,1,2,0,2,1,1,201400036106A01,7,1,1,247800584
201400036111,2014-03-16,2014,mars,dimanche,10:05,78,78646,0,0,2,3,3,1,1,4,2,02,1,1,0,0,1,5,4,4,1,33,0,1,2,0,2,1,1,201400036111B01,7,15,1,247800584
201400036118,2014-11-21,2014,novembre,vendredi,12:50,78,78646,0,0,2,1,7,1,1,4,2,02,-1,1,0,0,1,0,1,4,2,71,5,3,9,1,0,0,21,201400036118B01,7,24,1,247800584
201400036123,2014-08-01,2014,août,vendredi,13:55,78,78646,0,0,2,1,6,1,1,4,2,05,1,-1,0,107,1,0,1,3,2,21,1,3,9,0,2,2,13,201400036123B01,37,11,1,247800584
201400036127,2014-10-06,2014,octobre,lundi,07:10,78,78158,0,0,2,1,3,2,1,4,2,00,1,1,0,0,1,0,1,4,1,41,1,3,9,0,0,3,1,201400036127B01,7,12,1,247800584
201400036130,2014-11-04,2014,novembre,mardi,12:00,78,78646,0,0,2,1,1,1,1,4,2,02,-1,-1,41,76,1,0,1,3,1,24,0,3,9,1,2,1,0,201400036130B01,7,0,1,247800584
201400036145,2014-09-12,2014,septembre,vendredi,16:55,78,78190,0,0,2,3,6,1,1,3,2,02,1,-1,0,0,1,0,4,1,1,13,2,3,9,0,1,1,0,201400036145A01,,,,200058519
201400036151,2014-02-02,2014,février,dimanche,15:40,79,79191,0,0,2,2,6,1,1,4,2,02,1,1,0,56,1,0,1,3,1,24,1,1,9,0,2,1,1,201400036151B01,7,5,1,200041317
201400036155,2014-03-13,2014,mars,jeudi,10:20,79,79191,0,0,2,1,1,1,1,4,2,02,1,4,0,85,1,0,1,3,2,79,3,2,4,0,2,1,1,201400036155B01,7,5,1,200041317
201400036200,2014-03-21,2014,mars,vendredi,07:50,79,79300,0,0,2,2,3,1,3,3,2,02,1,1,0,68,2,0,1,4,1,69,5,3,9,0,2,1,1,201400036200B01,7,19,1,247900798
201400036204,2014-04-10,2014,avril,jeudi,07:45,79,79329,0,0,2,6,2,1,1,4,2,02,-1,3,0,0,-1,0,1,4,1,13,2,3,9,0,0,0,0,201400036204B01,7,0,1,247900798
201400036225,2014-12-09,2014,décembre,mardi,09:45,79,79329,0,0,2,2,1,1,1,4,2,03,1,1,0,102,2,0,1,3,1,78,3,1,4,0,2,1,1,201400036225B01,7,15,1,247900798
201400036247,2014-01-07,2014,janvier,mardi,15:20,80,80021,49.89088,2.27686,2,6,3,1,1,4,4,02,-1,-1,0,0,-1,0,1,4,2,44,0,3,9,0,2,7,2,201400036247B01,7,9,1,248000531
201400036323,2014-04-14,2014,avril,lundi,18:40,80,80489,49.86679,2.35493,2,1,2,1,1,4,2,02,1,1,0,0,1,0,1,4,1,17,5,3,9,0,2,4,1,201400036323B01,7,17,1,248000531
201400036327,2014-04-16,2014,avril,mercredi,18:30,80,80021,49.89125,2.31188,2,1,3,1,1,4,2,02,1,1,0,0,1,0,1,4,2,27,0,3,2,0,2,2,15,201400036327B01,7,1,1,248000531
201400036331,2014-04-30,2014,avril,mercredi,13:50,80,80021,49.89381,2.29302,2,1,2,1,1,4,2,04,1,1,0,0,1,0,1,4,1,19,0,3,9,0,2,4,1,201400036331B01,37,1,1,248000531
201400036335,2014-05-06,2014,mai,mardi,17:30,80,80021,49.88547,2.31223,2,6,3,1,3,4,2,02,1,1,0,0,2,0,1,4,1,45,0,3,9,0,2,1,1,201400036335B01,7,15,1,248000531
201400036341,2014-05-19,2014,mai,lundi,13:40,80,80021,49.90395,2.27877,2,1,3,1,1,4,2,02,1,1,0,0,1,0,1,4,2,37,0,2,2,0,2,7,1,201400036341B01,7,24,1,248000531
201400036348,2014-06-05,2014,juin,jeudi,08:45,80,80021,49.89266,2.28475,2,3,3,1,1,4,2,02,1,1,0,0,1,0,1,4,1,13,5,2,2,0,2,1,14,201400036348A01,7,1,1,248000531