Num_Acc,date,an,mois,jour,hrmn,dep,com,lat,long,agg,int,col,lum,atm,catr,circ,nbv,prof,plan,lartpc,larrout,surf,infra,situ,grav,sexe,age,trajet,secuexist,equipement,obs,obsm,choc,manv,vehiculeid,typevehicules,manoeuvehicules,numVehicules,_infos_commune.code_epci
201400041135,2014-06-17,2014,juin,mardi,20:17,92,92073,0,0,2,3,3,5,1,4,1,01,1,1,0,0,1,0,1,4,1,50,0,1,2,0,2,2,19,201400041135B01,7,15,1,200054781
201400041151,2014-09-11,2014,septembre,jeudi,12:20,92,92073,0,0,2,1,7,1,1,3,2,02,2,1,0,0,1,0,1,4,1,77,5,1,2,0,0,0,21,201400041151A01,,,,200054781
201400041157,2014-09-30,2014,septembre,mardi,08:30,92,92073,0,0,2,1,7,1,1,3,3,06,1,1,0,0,1,0,1,4,2,37,0,3,2,12,0,1,0,201400041157A01,,,,200054781
201400041176,2014-12-18,2014,décembre,jeudi,18:10,92,92073,0,0,2,2,3,5,1,4,2,02,1,1,0,0,1,0,1,4,1,33,1,1,2,0,2,1,1,201400041176B01,7,15,1,200054781
201400041187,2014-03-25,2014,mars,mardi,09:50,92,92046,0,0,2,2,3,1,2,4,2,02,1,1,0,60,2,0,1,4,2,64,1,2,9,0,2,8,1,201400041187B01,7,15,1,200054781
201400041188,2014-03-26,2014,mars,mercredi,21:20,92,92046,0,0,2,3,3,5,1,3,3,03,1,1,0,0,1,0,0,4,1,36,5,2,9,0,2,8,1,201400041188A01,7,15,1,200054781
201400041204,2014-05-21,2014,mai,mercredi,08:30,92,92046,0,0,2,3,3,1,2,4,1,01,1,1,0,0,2,0,1,4,2,46,1,1,2,0,2,7,1,201400041204B01,7,1,1,200054781
201400041212,2014-06-18,2014,juin,mercredi,17:20,92,92046,0,0,2,3,6,1,1,3,2,04,1,1,0,0,1,0,1,4,1,75,5,2,2,0,2,0,1,201400041212B01,7,15,1,200054781
201400041213,2014-06-23,2014,juin,lundi,08:45,92,92046,0,0,2,3,3,1,1,4,2,02,1,1,0,0,1,0,1,4,1,15,0,3,9,0,2,1,1,201400041213B01,7,15,1,200054781
201400041234,2014-10-08,2014,octobre,mercredi,11:35,92,92075,0,0,2,1,6,1,2,4,1,01,1,1,0,0,2,0,1,1,2,17,2,3,9,0,1,1,1,201400041234A01,,,,200054781
201400041235,2014-10-14,2014,octobre,mardi,09:05,92,92075,0,0,2,1,6,1,1,3,2,03,1,1,0,0,2,0,1,4,1,37,1,1,2,0,2,0,1,201400041235B01,7,9,1,200054781
201400041236,2014-10-15,2014,octobre,mercredi,09:35,92,92046,0,0,2,1,6,1,1,3,2,02,2,1,0,92,1,0,1,4,1,20,1,2,2,0,0,8,15,201400041236B01,33,17,1,200054781
201400041238,2014-10-18,2014,octobre,samedi,08:28,92,92075,0,0,2,2,7,2,1,3,2,02,1,1,0,0,1,0,1,4,1,22,1,1,4,8,0,1,1,201400041238A01,,,,200054781
201400041270,2014-06-05,2014,juin,jeudi,16:50,92,92078,0,0,2,1,6,1,1,4,2,02,1,1,0,0,1,0,4,4,1,46,1,3,9,1,0,1,0,201400041270A01,7,22,1,200054781
201400041327,2014-01-16,2014,janvier,jeudi,09:15,93,93001,0,0,2,1,6,1,2,4,2,03,1,-1,0,170,2,0,1,3,2,56,0,3,9,0,2,0,0,201400041327B01,15,1,1,200054781
201400041339,2014-03-17,2014,mars,lundi,09:20,93,93001,0,0,2,2,6,1,1,4,2,01,1,1,0,0,1,0,1,4,1,24,3,3,9,0,0,1,18,201400041339B01,7,22,1,200054781
201400041370,2014-05-28,2014,mai,mercredi,15:30,93,93001,0,0,2,1,3,1,8,4,2,02,1,1,0,80,1,0,1,4,1,16,9,2,9,0,2,3,17,201400041370A01,7,1,1,200054781
201400041377,2014-06-06,2014,juin,vendredi,17:30,93,93001,0,0,2,1,3,1,1,3,2,02,-1,-1,0,120,-1,0,1,3,1,51,5,3,2,0,2,8,1,201400041377A01,30,2,1,200054781
201400041378,2014-06-06,2014,juin,vendredi,17:50,93,93001,0,0,2,1,6,1,1,2,2,04,1,1,0,200,1,0,1,3,1,79,0,3,9,1,0,1,1,201400041378B01,7,1,1,200054781
201400041379,2014-06-07,2014,juin,samedi,22:55,93,93001,0,0,2,1,3,5,1,4,2,02,1,1,0,80,1,0,1,3,1,29,0,3,9,0,2,8,2,201400041379A01,7,2,1,200054781
201400041403,2014-07-21,2014,juillet,lundi,21:45,93,93001,0,0,2,2,1,1,1,9,2,02,-1,-1,0,0,1,0,1,3,1,35,0,1,9,0,0,1,1,201400041403B01,7,15,1,200054781
201400041426,2014-09-15,2014,septembre,lundi,07:32,93,93001,0,0,2,9,3,1,1,4,2,04,1,1,0,0,1,0,1,3,1,29,0,3,9,0,2,8,1,201400041426B01,7,10,1,200054781
201400041442,2014-10-18,2014,octobre,samedi,16:15,93,93001,0,0,2,1,6,1,1,4,2,02,1,-1,0,0,1,0,1,3,1,16,5,3,9,0,1,1,1,201400041442A01,,,,200054781
201400041449,2014-11-05,2014,novembre,mercredi,09:00,93,93001,0,0,2,4,3,1,1,4,2,02,1,-1,0,0,1,0,0,4,1,27,1,3,9,0,2,1,17,201400041449B01,3,15,1,200054781
201400041456,2014-11-19,2014,novembre,mercredi,09:55,93,93001,0,0,2,3,3,1,8,2,2,00,1,1,0,0,2,5,1,3,1,24,5,1,2,0,2,1,1,201400041456B01,7,15,1,200054781
201400041463,2014-12-15,2014,décembre,lundi,19:10,93,93001,0,0,2,4,3,3,2,4,1,01,1,-1,0,0,2,0,1,4,1,26,5,3,9,0,2,1,19,201400041463B01,7,16,1,200054781
201400041465,2014-12-20,2014,décembre,samedi,10:00,93,93001,0,0,2,2,3,1,1,4,1,01,1,1,0,0,1,0,1,4,1,23,4,3,2,0,2,1,1,201400041465A01,10,1,1,200054781
201400041466,2014-12-20,2014,décembre,samedi,19:40,93,93001,0,0,2,2,3,5,2,4,1,01,1,1,0,0,2,0,1,3,1,16,5,3,9,0,2,7,1,201400041466A01,3,1,1,200054781
201400041466,2014-12-20,2014,décembre,samedi,19:40,93,93001,0,0,2,2,3,5,2,4,1,01,1,1,0,0,2,0,1,1,1,17,5,3,9,0,2,7,1,201400041466A01,3,1,1,200054781
201400041511,2014-02-13,2014,février,jeudi,08:10,93,93005,0,0,2,1,6,2,3,4,2,02,1,-1,0,0,2,0,1,4,1,12,0,2,2,0,2,1,0,201400041511B01,7,0,1,200054781
201400041514,2014-03-04,2014,mars,mardi,13:05,93,93005,0,0,2,1,3,1,1,4,2,02,2,1,0,0,1,0,1,4,2,52,1,2,9,0,2,8,1,201400041514A01,7,1,1,200054781
201400041519,2014-03-16,2014,mars,dimanche,16:00,93,93005,0,0,2,3,1,1,1,4,2,02,1,4,0,0,-1,0,1,4,1,16,0,2,2,0,2,1,5,201400041519B01,7,0,1,200054781
201400041521,2014-03-18,2014,mars,mardi,13:40,93,93005,0,0,2,1,2,1,1,4,3,04,1,1,0,0,1,0,1,4,1,76,5,3,9,0,0,4,2,201400041521B01,7,2,1,200054781
201400041523,2014-03-24,2014,mars,lundi,13:35,93,93005,0,0,2,1,3,1,1,4,-1,01,1,1,0,0,1,0,5,4,1,20,2,2,2,0,2,8,1,201400041523B01,7,19,1,200054781
201400041526,2014-03-28,2014,mars,vendredi,17:15,93,93005,0,0,2,4,3,1,1,4,2,02,1,2,0,0,1,0,1,3,1,13,2,2,2,0,0,1,0,201400041526B01,2,0,1,200054781
201400041540,2014-05-05,2014,mai,lundi,14:30,93,93005,0,0,2,1,3,1,1,4,1,01,1,-1,0,0,1,0,1,4,1,64,0,3,9,1,0,3,1,201400041540A01,7,0,1,200054781
201400041591,2014-08-08,2014,août,vendredi,19:15,93,93005,0,0,2,3,3,1,1,4,1,00,1,1,0,0,2,0,1,4,1,55,0,2,2,0,2,1,0,201400041591B01,7,0,1,200054781
201400041594,2014-08-12,2014,août,mardi,14:20,93,93005,0,0,2,2,3,1,2,4,2,00,1,1,0,0,2,0,1,4,2,74,0,3,2,0,2,7,0,201400041594A01,7,1,1,200054781
201400041601,2014-09-10,2014,septembre,mercredi,08:50,93,93005,0,0,2,2,3,1,1,4,2,00,1,1,0,0,1,5,1,1,1,37,1,1,9,0,2,0,17,201400041601B01,7,15,1,200054781
201400041626,2014-11-06,2014,novembre,jeudi,08:40,93,93005,0,0,2,2,6,1,9,4,2,02,1,-1,0,0,1,0,1,4,1,37,9,2,9,0,0,0,0,201400041626B01,7,0,1,200054781
201400041643,2014-12-09,2014,décembre,mardi,08:40,93,93005,0,0,2,2,7,1,9,4,2,01,1,-1,0,0,7,0,1,4,2,23,2,3,9,0,0,0,1,201400041643A01,,,,200054781
201400041660,2014-01-25,2014,janvier,samedi,16:50,93,93007,0,0,2,1,3,1,1,3,-1,01,1,1,0,0,1,0,1,3,2,49,0,3,9,0,0,8,5,201400041660B01,7,0,1,200054781
201400041701,2014-09-25,2014,septembre,jeudi,20:00,93,93007,0,0,2,3,1,3,1,4,-1,01,1,-1,0,0,1,0,1,4,1,51,0,2,9,0,2,7,0,201400041701A01,7,0,1,200054781
201400041703,2014-10-03,2014,octobre,vendredi,14:00,93,93007,0,0,2,3,2,1,1,4,2,01,1,1,0,55,1,0,1,3,1,52,1,2,2,0,2,4,15,201400041703B01,99,15,1,200054781
201400041762,2014-08-03,2014,août,dimanche,21:10,93,93008,0,0,2,3,3,2,2,3,1,01,1,1,0,0,2,0,0,3,1,11,5,3,9,0,0,0,0,201400041762B01,7,0,1,200054781
201400041774,2014-10-03,2014,octobre,vendredi,08:30,93,93008,0,0,2,1,3,1,7,6,-1,01,1,1,0,0,-1,0,1,3,2,54,0,3,9,0,2,1,0,201400041774Y01,7,20,1,200054781
201400041804,2014-12-28,2014,décembre,dimanche,20:05,93,93008,0,0,2,0,6,5,1,4,3,02,-1,1,0,0,1,0,1,3,2,20,0,3,9,0,0,4,1,201400041804B01,7,2,1,200054781
201400041959,2014-07-03,2014,juillet,jeudi,20:15,93,93014,0,0,2,1,3,1,1,4,2,02,-1,-1,0,0,1,0,1,3,1,23,5,3,9,0,0,0,0,201400041959B01,7,0,1,200054781
201400041970,2014-09-15,2014,septembre,lundi,20:00,93,93047,0,0,2,3,1,1,1,4,2,02,1,1,0,50,1,0,1,3,1,13,0,1,9,0,2,1,19,201400041970B01,7,1,1,200054781
201400041974,2014-10-04,2014,octobre,samedi,14:15,93,93047,0,0,2,1,3,1,1,4,2,02,-1,-1,0,0,1,0,1,3,1,9,5,2,2,0,0,8,2,201400041974B01,7,2,1,200054781
201400041975,2014-10-18,2014,octobre,samedi,12:18,93,93047,0,0,2,5,3,1,1,4,2,02,1,1,0,0,1,0,1,3,2,56,3,2,9,0,2,1,1,201400041975B01,7,15,1,200054781
201400042057,2014-06-16,2014,juin,lundi,17:30,93,93013,0,0,2,1,3,1,1,4,2,01,2,1,0,0,1,0,1,3,1,7,5,3,2,0,2,1,19,201400042057B01,7,1,1,200054781
201400042058,2014-06-23,2014,juin,lundi,08:52,93,93027,0,0,2,1,1,1,1,4,2,02,1,2,0,30,1,0,4,3,1,27,4,2,2,0,2,8,0,201400042058B01,7,15,1,200054781
201400042062,2014-07-13,2014,juillet,dimanche,03:30,93,93013,0,0,2,1,2,5,1,4,1,02,1,1,0,0,1,0,1,3,1,18,5,3,9,0,2,6,19,201400042062B01,7,1,1,200054781
201400042101,2014-10-11,2014,octobre,samedi,22:40,93,93027,0,0,2,1,1,5,1,4,1,01,1,1,0,0,1,0,1,3,1,12,0,1,2,0,2,1,0,201400042101B01,7,0,1,200054781
201400042155,2014-06-07,2014,juin,samedi,17:05,93,93029,0,0,2,1,2,1,1,4,1,01,1,1,0,30,1,0,1,1,1,19,0,1,1,0,0,4,1,201400042155B01,7,1,1,200054781
201400042164,2014-07-26,2014,juillet,samedi,19:45,93,93029,0,0,2,1,3,1,1,4,1,01,1,1,0,0,1,0,1,4,1,8,5,3,9,1,2,2,19,201400042164A01,7,1,1,200054781
201400042175,2014-09-10,2014,septembre,mercredi,11:25,93,93029,0,0,2,1,2,1,1,3,2,01,1,1,0,0,1,0,1,4,2,36,4,3,9,0,2,8,19,201400042175B01,14,23,1,200054781
201400042211,2014-01-10,2014,janvier,vendredi,07:45,93,93031,0,0,2,1,3,4,1,4,4,04,1,-1,0,0,1,5,1,4,1,16,1,2,4,0,2,8,1,201400042211A01,7,15,1,200054781
201400042236,2014-04-02,2014,avril,mercredi,09:00,93,93031,0,0,2,1,2,1,1,4,2,04,1,1,0,0,1,2,1,4,1,32,1,3,9,0,2,4,15,201400042236B01,7,1,1,200054781
201400042238,2014-04-04,2014,avril,vendredi,07:35,93,93031,0,0,2,1,3,1,1,3,2,04,1,-1,0,0,1,0,1,3,1,21,0,1,2,0,2,3,3,201400042238B01,7,1,1,200054781
201400042239,2014-04-05,2014,avril,samedi,14:00,93,93031,0,0,2,3,6,1,1,3,3,02,2,1,0,0,1,0,1,3,1,92,0,3,9,0,2,0,17,201400042239B01,,,,200054781
201400042279,2014-09-02,2014,septembre,mardi,17:15,93,93031,0,0,2,1,3,1,1,4,2,01,1,1,0,0,1,0,1,3,1,12,5,3,9,0,2,0,0,201400042279B01,7,1,1,200054781
201400042303,2014-11-09,2014,novembre,dimanche,12:43,93,93031,0,0,2,1,6,1,1,4,2,01,1,1,0,60,1,0,1,3,1,68,5,3,9,0,1,8,19,201400042303A01,,,,200054781
201400042303,2014-11-09,2014,novembre,dimanche,12:43,93,93031,0,0,2,1,6,1,1,4,2,01,1,1,0,60,1,0,1,3,2,59,5,3,9,0,1,8,19,201400042303A01,,,,200054781
201400042331,2014-05-10,2014,mai,samedi,18:30,93,93032,0,0,2,1,3,1,8,9,2,00,-1,-1,0,0,1,0,0,4,1,20,0,2,9,0,0,0,0,201400042331A01,7,0,1,200054781
201400042421,2014-05-26,2014,mai,lundi,20:30,93,93006,0,0,2,1,3,1,1,4,2,00,2,1,0,0,1,0,1,3,1,60,0,3,9,0,9,1,1,201400042421Y01,7,12,1,200054781
201400042422,2014-05-31,2014,mai,samedi,20:15,93,93006,0,0,2,2,3,1,1,2,-1,01,-1,-1,30,40,-1,0,0,4,2,54,0,1,2,0,2,1,1,201400042422B01,7,15,1,200054781
201400042440,2014-08-04,2014,août,lundi,12:45,93,93006,0,0,2,1,3,1,1,4,2,02,1,1,0,0,1,0,1,3,2,49,4,3,9,0,0,0,0,201400042440B01,10,22,1,200054781
201400042451,2014-09-28,2014,septembre,dimanche,18:30,93,93006,0,0,2,1,3,1,1,4,2,02,2,1,0,0,1,0,1,3,1,32,5,1,2,0,2,1,1,201400042451B01,10,4,1,200054781
201400042497,2014-01-12,2014,janvier,dimanche,11:30,93,93015,0,0,2,4,3,1,1,4,2,02,1,1,5,120,1,5,1,4,1,52,0,3,9,0,2,3,15,201400042497A01,7,1,1,200054781
201400042533,2014-05-16,2014,mai,vendredi,23:35,93,93046,0,0,2,2,3,3,1,2,2,00,1,-1,0,0,1,0,1,4,1,16,0,2,2,15,2,8,2,201400042533B01,7,0,1,200054781
201400042539,2014-05-31,2014,mai,samedi,22:00,93,93074,0,0,2,2,1,5,1,4,2,02,1,1,0,30,1,0,1,4,1,58,5,1,2,0,2,1,1,201400042539A01,7,15,1,200054781
201400042575,2014-09-28,2014,septembre,dimanche,10:30,93,93074,0,0,1,2,3,1,1,3,2,02,1,-1,0,0,1,0,1,4,1,44,5,1,2,0,2,0,1,201400042575B01,7,9,1,200054781
201400042594,2014-11-29,2014,novembre,samedi,13:15,93,93074,0,0,2,6,3,1,1,4,2,02,3,1,0,0,1,5,1,4,1,58,5,2,2,0,2,1,9,201400042594A01,10,9,1,200054781
201400042616,2014-01-05,2014,janvier,dimanche,22:00,93,93048,0,0,2,2,3,3,2,4,2,01,1,-1,0,0,2,0,1,3,1,47,9,3,9,0,2,7,2,201400042616B01,7,10,1,200054781
201400042632,2014-02-14,2014,février,vendredi,06:30,93,93048,0,0,2,2,3,5,1,4,2,00,2,1,0,50,1,0,1,4,1,46,1,2,2,0,2,3,16,201400042632B01,10,15,1,200054781
201400042639,2014-03-18,2014,mars,mardi,14:00,93,93048,0,0,2,1,3,1,1,4,2,03,1,1,0,0,1,0,1,4,1,65,0,1,2,0,0,8,18,201400042639B01,7,23,1,200054781
201400042645,2014-03-27,2014,mars,jeudi,08:30,93,93048,0,0,2,1,6,1,1,4,2,01,1,1,0,0,1,0,1,3,2,37,1,2,9,0,1,1,1,201400042645A01,,,,200054781
201400042660,2014-05-26,2014,mai,lundi,17:00,93,93048,0,0,2,1,6,1,1,4,1,01,2,1,20,40,1,0,1,3,2,40,0,3,9,1,2,1,2,201400042660A01,7,22,1,200054781
201400042666,2014-06-09,2014,juin,lundi,18:25,93,93048,0,0,2,1,3,1,1,6,-1,00,1,1,0,25,2,0,1,4,1,8,5,3,9,0,2,3,1,201400042666B01,7,2,1,200054781
201400042673,2014-06-21,2014,juin,samedi,14:05,93,93048,0,0,2,1,3,1,1,9,2,02,1,-1,0,0,1,0,1,4,2,42,0,3,9,14,0,1,0,201400042673B01,7,0,1,200054781
201400042675,2014-06-22,2014,juin,dimanche,11:50,93,93048,0,0,2,2,1,1,1,4,2,02,-1,2,0,0,1,0,1,3,1,66,5,1,2,0,2,1,23,201400042675B01,7,15,1,200054781
201400042678,2014-06-28,2014,juin,samedi,12:00,93,93048,0,0,2,3,3,1,1,4,2,01,2,1,0,0,1,0,1,4,2,58,9,2,9,0,2,1,7,201400042678B01,7,0,1,200054781
201400042680,2014-07-03,2014,juillet,jeudi,20:30,93,93048,0,0,2,1,3,1,1,4,2,00,1,1,0,0,1,0,1,4,1,27,1,1,2,0,0,2,1,201400042680B01,7,22,1,200054781
201400042692,2014-09-10,2014,septembre,mercredi,10:10,93,93048,0,0,2,2,6,1,1,4,2,01,1,1,0,40,1,0,1,4,2,32,4,3,2,0,0,0,19,201400042692B01,7,4,1,200054781
201400042705,2014-11-03,2014,novembre,lundi,18:30,93,93048,0,0,2,1,3,5,3,4,2,02,1,1,0,60,2,0,1,4,1,55,1,3,9,0,2,4,13,201400042705B01,7,1,1,200054781
201400042710,2014-12-09,2014,décembre,mardi,17:30,93,93048,0,0,2,1,3,2,1,4,2,02,1,1,0,0,1,0,1,3,2,40,0,1,2,0,0,7,2,201400042710B01,7,2,1,200054781
201400042726,2014-01-28,2014,janvier,mardi,17:25,93,93050,0,0,2,1,6,5,2,4,2,01,1,1,60,60,2,0,1,4,2,42,0,1,2,0,1,0,2,201400042726A01,,,,200054781
201400042757,2014-06-21,2014,juin,samedi,18:55,93,93050,0,0,2,1,1,1,1,2,1,02,1,1,0,60,1,0,1,4,1,14,0,3,9,0,0,1,5,201400042757B01,33,2,1,200054781
201400042758,2014-06-22,2014,juin,dimanche,11:30,93,93050,0,0,2,3,3,1,1,3,-1,01,1,1,0,0,1,0,1,4,1,52,0,2,2,0,2,1,1,201400042758B01,7,16,1,200054781
201400042761,2014-07-02,2014,juillet,mercredi,15:00,93,93049,0,0,2,1,1,1,1,4,2,01,2,1,0,0,1,0,1,4,1,19,5,3,9,0,2,7,2,201400042761A01,7,15,1,200054781
201400042764,2014-07-21,2014,juillet,lundi,23:10,93,93050,0,0,2,1,3,5,1,4,1,00,1,-1,0,0,1,0,3,4,1,23,3,3,9,0,2,8,0,201400042764B01,7,4,1,200054781
201400042776,2014-09-20,2014,septembre,samedi,12:50,93,93050,0,0,2,2,3,1,1,4,2,02,1,1,0,66,1,0,1,3,1,8,5,2,9,0,2,8,19,201400042776B01,7,1,1,200054781
201400042799,2014-12-09,2014,décembre,mardi,06:45,93,93050,0,0,2,2,3,5,1,4,2,02,1,1,0,0,1,0,1,4,1,38,1,1,9,0,2,2,1,201400042799B01,7,1,1,200054781
201400042817,2014-03-05,2014,mars,mercredi,17:05,93,93051,0,0,2,1,2,1,1,9,-1,00,1,-1,0,0,-1,0,5,3,2,73,5,3,9,0,2,1,13,201400042817A01,1,2,1,200054781
201400042817,2014-03-05,2014,mars,mercredi,17:05,93,93051,0,0,2,1,2,1,1,9,-1,00,1,-1,0,0,-1,0,5,1,1,13,5,1,2,0,2,1,2,201400042817B01,1,13,1,200054781
201400042859,2014-08-02,2014,août,samedi,12:00,93,93051,0,0,2,6,2,1,1,4,1,02,-1,2,0,0,1,5,1,3,2,41,5,2,9,0,2,0,16,201400042859B01,7,9,1,200054781
201400042884,2014-12-22,2014,décembre,lundi,17:20,93,93051,0,0,2,1,6,5,2,4,1,02,-1,-1,0,80,2,0,1,3,1,37,1,1,4,0,0,1,14,201400042884A01,7,23,1,200054781
201400042923,2014-07-12,2014,juillet,samedi,10:30,93,93053,0,0,2,1,3,1,8,4,2,02,2,-1,0,0,1,0,4,3,2,46,4,1,2,0,0,0,0,201400042923B01,7,24,1,200054781
201400042936,2014-10-07,2014,octobre,mardi,17:40,93,93053,0,0,2,3,3,1,1,4,2,01,1,1,0,0,1,0,1,3,1,35,0,3,9,0,0,2,15,201400042936A01,7,11,1,200054781
201400042961,2014-03-06,2014,mars,jeudi,07:30,93,93055,0,0,2,1,1,2,1,4,2,04,1,1,0,120,1,0,1,3,1,55,1,3,9,0,0,8,1,201400042961B01,7,1,1,200054781
201400042970,2014-05-17,2014,mai,samedi,22:45,93,93055,0,0,2,3,3,5,1,2,-1,04,1,1,0,120,1,0,1,4,1,18,5,3,4,0,2,8,9,201400042970B01,7,0,1,200054781
201400042978,2014-06-25,2014,juin,mercredi,13:00,93,93055,0,0,2,1,6,1,1,3,3,00,1,1,0,0,1,0,1,3,1,56,0,2,2,0,2,0,2,201400042978B01,2,3,1,200054781
201400042997,2014-09-14,2014,septembre,dimanche,02:45,93,93055,0,0,2,3,3,5,1,4,2,02,1,-1,0,0,1,0,1,3,2,52,5,2,9,0,2,7,1,201400042997A01,30,0,1,200054781
201400043042,2014-02-23,2014,février,dimanche,18:15,93,93077,0,0,2,2,3,2,1,4,1,01,1,1,0,40,1,5,1,3,1,15,5,2,2,0,2,1,16,201400043042A01,7,23,1,200054781
201400043063,2014-04-29,2014,avril,mardi,13:30,93,93062,0,0,2,1,6,1,1,4,1,00,1,1,0,35,-1,0,4,1,1,55,4,1,2,0,1,0,5,201400043063A01,,,,200054781
201400043067,2014-05-16,2014,mai,vendredi,12:25,93,93062,0,0,2,2,6,1,1,4,2,02,2,1,0,0,1,0,1,4,1,15,2,2,9,0,1,1,1,201400043067A01,,,,200054781
201400043091,2014-09-19,2014,septembre,vendredi,17:45,93,93077,0,0,2,1,3,1,1,2,2,02,1,1,0,80,1,0,1,4,1,19,2,2,2,0,2,1,1,201400043091A01,7,15,1,200054781
201400043130,2014-04-05,2014,avril,samedi,17:40,93,93064,0,0,2,1,1,1,1,3,2,01,1,1,0,100,1,0,1,3,2,35,5,3,9,0,0,8,1,201400043130B01,7,15,1,200054781
201400043150,2014-07-02,2014,juillet,mercredi,13:40,93,93064,0,0,2,1,6,1,1,2,1,02,1,3,0,100,1,0,1,3,1,11,5,3,9,0,2,1,5,201400043150A01,7,1,1,200054781
201400043162,2014-10-01,2014,octobre,mercredi,04:50,93,93064,0,0,2,1,2,5,1,2,3,00,1,1,30,200,1,0,1,3,1,33,1,2,9,0,2,4,9,201400043162B01,7,1,1,200054781
201400043202,2014-02-07,2014,février,vendredi,19:20,93,93066,0,0,2,4,3,5,1,4,-1,01,1,3,0,0,1,0,5,3,2,58,0,3,9,0,0,8,19,201400043202A01,7,0,1,200054781
201400043215,2014-03-03,2014,mars,lundi,12:00,93,93066,0,0,2,1,2,1,2,4,1,02,1,-1,0,0,1,0,1,4,1,40,0,3,9,1,2,1,2,201400043215B01,7,2,1,200054781
201400043292,2014-07-01,2014,juillet,mardi,09:30,93,93066,0,0,2,1,3,1,1,4,-1,00,1,-1,0,0,1,0,4,4,1,28,4,3,9,0,2,1,0,201400043292B01,7,0,1,200054781
201400043316,2014-09-04,2014,septembre,jeudi,06:00,93,93066,0,0,2,1,6,3,1,4,2,02,1,1,0,0,1,0,1,1,1,51,1,1,4,0,1,4,2,201400043316A01,,,,200054781
201400043316,2014-09-04,2014,septembre,jeudi,06:00,93,93066,0,0,2,1,6,3,1,4,2,02,1,1,0,0,1,0,1,3,1,66,1,3,9,0,1,4,2,201400043316A01,,,,200054781
201400043330,2014-09-22,2014,septembre,lundi,18:10,93,93039,0,0,2,1,1,1,1,3,2,02,1,1,0,0,1,4,1,3,1,50,1,1,2,0,0,0,0,201400043330Y01,7,10,1,200054781
201400043396,2014-12-18,2014,décembre,jeudi,19:00,93,93066,0,0,2,1,3,5,2,2,2,04,1,1,1,1,2,0,1,4,1,22,4,1,2,1,0,7,1,201400043396B01,7,22,1,200054781
201400043418,2014-04-17,2014,avril,jeudi,10:45,93,93070,0,0,2,1,6,1,1,4,2,02,1,1,0,70,1,0,1,4,1,71,0,3,9,0,2,3,11,201400043418B01,33,2,1,200054781
201400043426,2014-05-15,2014,mai,jeudi,10:30,93,93070,0,0,2,1,3,1,1,4,2,03,1,1,0,105,1,0,1,4,1,36,0,3,9,0,2,8,1,201400043426B01,7,1,1,200054781
201400043445,2014-06-18,2014,juin,mercredi,08:00,93,93070,0,0,2,1,3,1,1,4,1,01,1,1,0,70,1,0,1,3,2,24,0,3,9,0,2,8,19,201400043445B01,17,1,1,200054781
201400043450,2014-07-07,2014,juillet,lundi,13:40,93,93070,0,0,2,1,2,1,8,4,2,04,1,1,20,140,1,0,1,4,1,34,0,3,9,0,2,1,1,201400043450A01,7,2,1,200054781
201400043468,2014-09-25,2014,septembre,jeudi,17:30,93,93070,0,0,2,1,3,1,1,3,2,02,1,1,0,150,1,0,5,4,1,31,5,1,2,0,2,1,1,201400043468B01,7,10,1,200054781
201400043473,2014-10-23,2014,octobre,jeudi,14:30,93,93070,0,0,2,1,3,1,1,4,2,04,1,1,120,80,1,0,1,3,2,31,1,3,9,0,2,0,2,201400043473B01,32,2,1,200054781
201400043474,2014-10-24,2014,octobre,vendredi,08:30,93,93070,0,0,2,1,3,2,1,3,3,04,-1,1,10,250,1,0,1,3,1,40,1,3,9,0,0,8,19,201400043474B01,7,15,1,200054781
201400043478,2014-10-30,2014,octobre,jeudi,18:10,93,93070,0,0,2,1,6,1,1,3,2,02,1,1,0,0,1,0,5,3,1,48,0,3,9,0,0,1,1,201400043478B01,7,0,1,200054781
201400043510,2014-06-25,2014,juin,mercredi,08:15,93,93071,0,0,2,2,3,1,1,4,2,02,1,1,0,30,1,0,1,3,1,26,0,2,2,0,2,5,1,201400043510B01,7,1,1,200054781
201400043528,2014-10-25,2014,octobre,samedi,12:30,93,93071,0,0,2,1,3,1,1,4,1,01,1,-1,0,30,-1,0,1,3,1,44,0,2,9,0,2,7,1,201400043528B01,7,12,1,200054781
201400043636,2014-08-12,2014,août,mardi,18:40,93,93073,0,0,2,6,3,1,1,3,3,03,1,2,0,0,-1,5,1,4,1,33,5,1,2,0,2,1,1,201400043636A01,7,0,1,200054781
201400043640,2014-09-17,2014,septembre,mercredi,18:10,93,93073,0,0,2,9,1,1,1,4,2,02,1,1,0,60,1,0,1,4,1,11,0,2,9,0,0,1,0,201400043640A01,7,2,1,200054781
201400043652,2014-11-12,2014,novembre,mercredi,18:50,93,93078,0,0,2,1,6,3,1,3,1,03,1,1,110,100,1,3,1,3,1,51,1,2,9,0,2,6,0,201400043652B01,7,9,1,200054781
201400043670,2014-01-28,2014,janvier,mardi,19:05,94,94002,48.811,2.41417,2,1,3,5,2,4,1,01,1,1,0,0,2,0,1,4,1,36,5,3,9,1,9,1,2,201400043670B01,7,22,1,200054781
201400043689,2014-08-21,2014,août,jeudi,11:15,94,94002,48.8048,2.41948,2,3,3,1,1,4,2,02,1,1,0,0,1,0,1,4,1,39,3,3,2,1,2,3,1,201400043689B01,7,22,1,200054781
201400043737,2014-11-25,2014,novembre,mardi,11:40,94,94044,0,0,2,1,1,1,2,9,-1,00,2,1,0,0,2,0,4,4,1,31,4,3,9,0,2,8,1,201400043737B01,7,20,1,200054781
201400043763,2014-03-13,2014,mars,jeudi,18:50,94,94075,48.7171,2.52721,2,1,7,5,1,4,2,02,2,1,0,0,1,0,1,3,1,45,1,1,2,0,0,0,1,201400043763A01,,,,200054781