Num_Acc,date,an,mois,jour,hrmn,dep,com,lat,long,agg,int,col,lum,atm,catr,circ,nbv,prof,plan,lartpc,larrout,surf,infra,situ,grav,sexe,age,trajet,secuexist,equipement,obs,obsm,choc,manv,vehiculeid,typevehicules,manoeuvehicules,numVehicules,_infos_commune.code_epci
201400052760,2014-01-21,2014,janvier,mardi,14:20,75,75108,0,0,2,2,3,1,1,4,1,03,1,1,0,0,1,0,1,4,2,35,5,3,2,0,2,3,13,201400052760B01,7,7,1,200054781
201400052763,2014-01-22,2014,janvier,mercredi,22:15,75,75108,0,0,2,7,3,5,2,4,1,02,1,1,0,40,2,0,1,4,2,20,0,3,2,0,2,3,1,201400052763B01,7,1,1,200054781
201400052782,2014-02-07,2014,février,vendredi,18:45,75,75108,0,0,2,7,3,5,1,4,1,01,-1,2,0,80,1,0,1,4,1,34,5,3,2,0,9,2,1,201400052782B01,1,1,1,200054781
201400052782,2014-02-07,2014,février,vendredi,18:45,75,75108,0,0,2,7,3,5,1,4,1,01,-1,2,0,80,1,0,1,1,1,34,0,3,2,0,9,1,1,201400052782A01,1,1,1,200054781
201400052809,2014-02-28,2014,février,vendredi,14:30,75,75108,0,0,2,1,6,1,1,4,2,02,1,1,0,100,1,0,2,4,2,22,1,3,2,0,2,8,1,201400052809A01,7,16,1,200054781
201400052813,2014-03-05,2014,mars,mercredi,16:50,75,75108,0,0,2,7,3,1,1,4,1,01,1,1,0,70,1,0,1,4,1,19,4,1,2,0,2,1,1,201400052813B01,10,15,1,200054781
201400052815,2014-03-06,2014,mars,jeudi,16:55,75,75108,0,0,2,3,3,1,1,4,1,03,1,-1,0,100,1,0,1,4,2,26,5,3,2,0,2,3,13,201400052815B01,7,1,1,200054781
201400052825,2014-03-16,2014,mars,dimanche,14:20,75,75108,0,0,2,7,3,1,1,4,1,04,1,2,0,270,1,0,1,1,1,25,4,3,2,0,2,4,2,201400052825B01,30,2,1,200054781
201400052827,2014-03-18,2014,mars,mardi,18:30,75,75108,0,0,2,1,2,2,1,4,2,02,1,1,0,150,1,2,1,4,1,36,1,3,2,0,2,4,13,201400052827A01,33,1,1,200054781
201400052831,2014-03-22,2014,mars,samedi,03:34,75,75108,0,0,2,2,4,5,1,4,1,02,1,1,0,50,9,0,1,4,1,20,5,3,2,0,2,4,23,201400052831B01,7,1,1,200054781
201400052831,2014-03-22,2014,mars,samedi,03:34,75,75108,0,0,2,2,4,5,1,4,1,02,1,1,0,50,9,0,1,1,1,19,5,3,2,0,2,7,23,201400052831C01,7,1,1,200054781
201400052856,2014-04-15,2014,avril,mardi,16:35,75,75108,0,0,2,5,2,1,1,4,1,01,1,1,0,0,1,0,1,4,2,60,9,3,2,0,2,3,18,201400052856B01,7,22,1,200054781
201400052862,2014-04-21,2014,avril,lundi,14:30,75,75108,0,0,2,7,3,1,1,4,1,06,1,1,400,400,1,0,1,4,1,40,5,3,2,0,2,1,19,201400052862A01,7,1,1,200054781
201400052866,2014-04-24,2014,avril,jeudi,14:00,75,75108,0,0,2,2,3,1,1,4,2,00,2,1,0,210,1,0,1,4,2,27,5,3,2,0,2,0,19,201400052866B01,7,16,1,200054781
201400052878,2014-04-30,2014,avril,mercredi,08:35,75,75108,0,0,2,3,2,1,1,4,1,01,1,1,0,90,1,0,0,4,2,39,0,3,2,1,2,1,1,201400052878B01,7,22,1,200054781
201400052904,2014-05-30,2014,mai,vendredi,15:15,75,75108,0,0,2,5,3,1,1,4,1,04,1,1,0,220,1,0,1,4,1,27,5,3,2,0,2,1,18,201400052904B01,7,22,1,200054781
201400052907,2014-06-02,2014,juin,lundi,09:00,75,75108,0,0,2,1,3,1,1,4,1,04,1,1,120,120,1,0,1,4,1,36,1,3,2,0,2,1,1,201400052907B01,14,22,1,200054781
201400052946,2014-07-02,2014,juillet,mercredi,07:30,75,75108,0,0,2,5,3,1,1,4,1,02,1,1,0,50,1,0,5,3,1,60,5,3,2,0,2,0,1,201400052946B01,13,16,1,200054781
201400052952,2014-07-06,2014,juillet,dimanche,14:05,75,75108,0,0,2,2,6,1,3,4,1,02,2,1,0,50,2,0,1,4,2,29,1,2,2,0,1,7,15,201400052952A01,,,,200054781
201400052954,2014-07-08,2014,juillet,mardi,19:00,75,75108,0,0,2,1,3,1,2,4,1,03,1,2,0,100,2,0,1,4,2,61,0,3,2,0,2,7,1,201400052954B01,37,13,1,200054781
201400052965,2014-07-22,2014,juillet,mardi,13:50,75,75108,0,0,2,2,3,1,1,4,1,02,1,1,100,100,1,0,1,4,1,25,0,3,2,0,2,1,1,201400052965B01,7,10,1,200054781
201400052970,2014-07-30,2014,juillet,mercredi,13:10,75,75108,0,0,2,7,3,1,1,4,2,04,1,1,0,120,1,0,1,4,1,60,5,3,2,0,2,1,1,201400052970A01,33,1,1,200054781
201400052981,2014-08-13,2014,août,mercredi,20:15,75,75108,0,0,2,5,2,1,8,4,-1,02,1,-1,0,0,-1,0,5,4,1,34,0,3,2,1,2,7,1,201400052981B01,7,22,1,200054781
201400052995,2014-08-30,2014,août,samedi,18:15,75,75108,0,0,2,7,6,1,1,4,1,04,1,-1,0,160,1,0,1,4,1,31,1,3,2,0,2,7,1,201400052995A01,30,1,1,200054781
201400053006,2014-09-13,2014,septembre,samedi,17:00,75,75108,0,0,2,7,6,1,1,4,1,01,1,1,0,0,1,0,1,4,1,18,0,3,2,0,1,1,16,201400053006A01,,,,200054781
201400053010,2014-09-16,2014,septembre,mardi,20:15,75,75108,0,0,2,1,6,1,1,4,2,01,2,2,0,0,1,0,4,4,2,52,1,3,2,12,0,0,13,201400053010A01,,,,200054781
201400053020,2014-09-27,2014,septembre,samedi,09:20,75,75108,0,0,2,7,6,1,1,4,-1,03,1,3,0,0,1,0,1,4,2,24,1,3,2,0,2,3,1,201400053020A01,7,17,1,200054781
201400053021,2014-09-27,2014,septembre,samedi,14:30,75,75108,0,0,2,2,3,1,1,4,1,01,1,1,0,70,1,0,1,4,1,26,5,3,2,0,2,1,1,201400053021A01,7,1,1,200054781
201400053023,2014-09-29,2014,septembre,lundi,07:45,75,75108,0,0,2,1,7,2,1,4,2,03,2,1,0,60,2,0,1,4,1,15,2,1,2,0,0,1,21,201400053023A01,,,,200054781
201400053029,2014-10-01,2014,octobre,mercredi,18:45,75,75108,0,0,2,1,2,1,7,4,1,00,1,1,0,100,1,0,1,4,1,38,1,3,2,0,2,5,2,201400053029B01,10,2,1,200054781
201400053040,2014-10-07,2014,octobre,mardi,19:00,75,75108,0,0,2,1,2,5,1,4,1,02,1,1,0,80,1,0,1,4,1,52,4,2,2,0,2,7,1,201400053040B01,7,22,1,200054781
201400053048,2014-10-15,2014,octobre,mercredi,12:45,75,75108,0,0,2,7,3,1,2,4,1,04,1,1,0,250,2,0,1,4,1,20,9,2,2,0,2,4,1,201400053048B01,7,1,1,200054781
201400053056,2014-10-19,2014,octobre,dimanche,19:45,75,75108,0,0,2,7,3,5,1,4,2,06,1,1,0,200,1,0,1,4,2,42,5,3,2,0,2,6,1,201400053056B01,33,1,1,200054781
201400053064,2014-10-24,2014,octobre,vendredi,13:30,75,75108,0,0,2,1,4,1,1,4,2,04,1,1,0,100,1,0,1,4,1,26,4,1,2,0,2,1,1,201400053064B01,10 / 7,1 / 22,2,200054781
201400053065,2014-10-29,2014,octobre,mercredi,15:05,75,75108,0,0,2,1,3,1,1,4,1,01,1,1,0,50,1,0,1,4,2,30,5,3,2,0,2,1,5,201400053065A01,7,9,1,200054781
201400053066,2014-10-30,2014,octobre,jeudi,10:20,75,75108,0,0,2,7,3,1,1,4,1,02,1,1,0,0,1,0,1,4,2,12,5,3,2,0,2,7,19,201400053066B01,10,1,1,200054781
201400053078,2014-11-10,2014,novembre,lundi,19:40,75,75108,0,0,2,7,3,5,1,4,1,01,1,1,0,120,1,0,1,4,1,42,5,3,2,0,2,8,19,201400053078B01,7,16,1,200054781
201400053123,2014-12-12,2014,décembre,vendredi,08:00,75,75108,0,0,2,1,3,1,2,4,2,02,1,1,0,120,2,0,1,4,1,47,1,1,2,0,2,1,1,201400053123B01,7,10,1,200054781
201400053127,2014-12-16,2014,décembre,mardi,00:40,75,75108,0,0,2,2,3,5,1,4,1,01,1,1,0,50,2,0,1,4,2,19,0,3,2,0,0,8,19,201400053127B01,7,16,1,200054781
201400053150,2014-01-17,2014,janvier,vendredi,02:30,75,75109,0,0,2,3,3,5,1,4,1,02,1,1,0,80,1,0,1,4,2,25,5,3,2,0,2,1,16,201400053150A01,7,1,1,200054781
201400053164,2014-02-06,2014,février,jeudi,08:25,75,75109,0,0,2,1,6,1,1,4,1,02,1,1,0,70,1,0,1,4,1,23,0,3,2,1,0,1,13,201400053164A01,,,,200054781
201400053167,2014-02-11,2014,février,mardi,19:30,75,75109,0,0,2,1,2,5,2,4,1,02,2,1,0,90,2,0,1,4,1,45,0,3,2,1,0,1,17,201400053167B01,10,22,1,200054781
201400053185,2014-03-20,2014,mars,jeudi,17:10,75,75109,0,0,2,7,6,1,1,4,-1,01,2,1,50,50,1,0,1,1,1,43,0,3,2,0,1,0,1,201400053185A01,,,,200054781
201400053192,2014-04-04,2014,avril,vendredi,09:20,75,75109,0,0,2,1,6,1,1,4,1,01,2,1,0,0,1,0,5,3,1,44,4,3,2,12,0,7,14,201400053192A01,,,,200054781
201400053198,2014-04-15,2014,avril,mardi,09:35,75,75109,0,0,2,1,2,1,1,4,2,03,1,1,0,100,1,0,1,3,2,26,0,2,2,0,2,3,13,201400053198B01,7,17,1,200054781
201400053203,2014-04-27,2014,avril,dimanche,02:20,75,75109,0,0,2,1,6,5,1,4,1,01,2,1,0,0,2,0,1,1,1,25,5,3,2,0,1,1,7,201400053203A01,,,,200054781
201400053223,2014-06-12,2014,juin,jeudi,17:50,75,75109,0,0,2,2,2,1,1,4,1,01,1,1,20,40,1,0,1,4,1,51,0,3,2,0,2,3,15,201400053223B01,34,17,1,200054781
201400053225,2014-06-16,2014,juin,lundi,18:20,75,75109,0,0,2,3,6,1,1,4,1,01,4,2,0,40,2,0,0,1,1,19,2,3,2,0,1,1,7,201400053225A01,,,,200054781
201400053226,2014-06-18,2014,juin,mercredi,12:35,75,75109,0,0,2,3,7,1,1,4,1,01,1,1,0,50,1,0,1,4,2,30,4,1,2,0,0,1,21,201400053226A01,,,,200054781
201400053244,2014-08-16,2014,août,samedi,15:00,75,75109,0,0,2,2,3,1,1,4,1,01,2,1,0,70,1,0,1,4,2,19,4,1,2,0,2,1,1,201400053244A01,32,1,1,200054781
201400053261,2014-09-29,2014,septembre,lundi,21:00,75,75109,0,0,2,5,3,5,2,4,1,01,1,-1,0,30,2,0,0,4,1,23,4,1,2,0,2,3,1,201400053261B01,7,1,1,200054781
201400053263,2014-10-01,2014,octobre,mercredi,17:35,75,75109,0,0,2,1,3,1,1,4,1,01,1,1,0,150,1,0,1,4,2,28,0,3,2,0,2,1,1,201400053263B01,7,22,1,200054781
201400053266,2014-10-07,2014,octobre,mardi,11:55,75,75109,0,0,2,1,2,1,8,4,1,01,1,1,0,0,1,0,1,4,2,34,0,3,2,0,2,1,1,201400053266B01,7,15,1,200054781
201400053267,2014-10-07,2014,octobre,mardi,12:40,75,75109,0,0,2,7,2,1,1,4,1,03,1,-1,0,50,1,0,1,3,1,65,0,3,2,0,2,0,16,201400053267B01,14,23,1,200054781
201400053272,2014-10-20,2014,octobre,lundi,09:00,75,75109,0,0,2,2,6,1,1,4,1,03,1,1,0,0,1,0,1,1,1,31,4,3,2,0,1,1,5,201400053272A01,,,,200054781
201400053289,2014-11-23,2014,novembre,dimanche,19:50,75,75109,0,0,2,2,3,5,1,4,1,02,1,1,0,0,1,0,1,4,1,27,5,3,2,0,2,2,1,201400053289A01,7,1,1,200054781
201400053310,2014-01-05,2014,janvier,dimanche,14:20,75,75110,0,0,2,1,3,1,1,4,2,02,1,1,5,70,1,0,5,4,2,63,5,3,2,0,2,1,1,201400053310B01,7,22,1,200054781
201400053328,2014-01-31,2014,janvier,vendredi,13:30,75,75110,0,0,2,1,2,1,1,4,2,02,1,1,0,150,2,0,1,4,1,57,1,3,2,1,2,1,1,201400053328B01,7,22,1,200054781
201400053337,2014-02-14,2014,février,vendredi,20:45,75,75110,0,0,2,4,6,5,1,4,2,02,2,1,0,35,1,0,1,4,1,40,5,3,2,0,1,1,21,201400053337B01,7,17,1,200054781
201400053342,2014-02-18,2014,février,mardi,15:30,75,75110,0,0,2,7,6,1,1,4,1,01,1,1,0,60,1,0,1,1,1,32,5,3,2,0,1,1,21,201400053342A01,,,,200054781
201400053354,2014-03-13,2014,mars,jeudi,19:15,75,75110,0,0,2,1,6,5,1,4,-1,04,2,1,0,120,1,0,5,4,1,36,1,3,2,8,2,1,1,201400053354A01,7,22,1,200054781
201400053356,2014-03-17,2014,mars,lundi,18:50,75,75110,0,0,2,1,3,5,1,4,2,04,1,1,0,0,1,0,1,4,1,51,1,3,2,0,2,1,1,201400053356B01,7,22,1,200054781
201400053372,2014-04-08,2014,avril,mardi,21:15,75,75110,0,0,2,1,2,5,1,4,1,02,1,1,0,70,1,0,1,4,1,28,1,3,2,1,2,1,1,201400053372B01,7,22,1,200054781
201400053373,2014-04-11,2014,avril,vendredi,09:20,75,75110,0,0,2,1,7,1,1,4,1,01,1,1,0,20,1,0,3,4,2,47,1,2,2,0,0,0,21,201400053373A01,,,,200054781
201400053374,2014-04-14,2014,avril,lundi,15:30,75,75110,0,0,2,4,1,1,1,4,2,04,1,-1,20,20,1,0,1,3,1,22,0,3,2,0,2,1,7,201400053374B01,7,13,1,200054781
201400053375,2014-04-14,2014,avril,lundi,16:45,75,75110,0,0,2,4,6,1,1,4,3,04,1,1,0,0,1,0,5,4,1,25,4,1,2,0,2,1,1,201400053375A01,7,16,1,200054781
201400053376,2014-04-15,2014,avril,mardi,10:00,75,75110,0,0,2,1,2,2,1,4,1,03,1,1,0,45,1,0,5,4,1,35,5,2,2,1,2,1,7,201400053376B01,10,23,1,200054781
201400053384,2014-05-02,2014,mai,vendredi,14:10,75,75110,0,0,2,5,1,1,2,4,2,02,1,1,0,40,2,0,5,4,2,54,9,3,2,0,2,1,1,201400053384B01,31,1,1,200054781
201400053406,2014-06-06,2014,juin,vendredi,19:20,75,75110,0,0,2,1,3,1,1,4,2,02,1,1,0,100,1,0,1,4,1,20,5,3,2,0,2,1,18,201400053406B01,7,22,1,200054781
201400053416,2014-06-15,2014,juin,dimanche,17:00,75,75110,0,0,2,1,2,1,1,4,2,02,1,1,120,60,1,0,1,4,1,46,5,3,2,0,2,1,1,201400053416A01,7,23,1,200054781
201400053417,2014-06-15,2014,juin,dimanche,18:30,75,75110,0,0,2,1,2,1,1,4,2,03,1,1,0,120,1,0,1,4,1,36,5,3,2,0,2,0,1,201400053417B01,7,22,1,200054781
201400053419,2014-06-17,2014,juin,mardi,09:30,75,75110,0,0,2,1,3,1,1,4,-1,02,-1,1,0,60,1,0,1,4,1,56,1,2,2,0,2,1,17,201400053419B01,10,10,1,200054781
201400053422,2014-06-25,2014,juin,mercredi,08:20,75,75110,0,0,2,1,6,1,1,4,2,02,1,2,0,40,1,0,5,1,1,30,1,3,2,0,1,1,1,201400053422A01,,,,200054781
201400053423,2014-06-26,2014,juin,jeudi,15:50,75,75110,0,0,2,1,1,1,7,4,2,02,1,1,0,0,1,0,1,4,1,35,5,3,2,0,2,4,1,201400053423B01,7,6,1,200054781
201400053434,2014-07-15,2014,juillet,mardi,10:30,75,75110,0,0,2,1,3,1,1,4,1,01,1,1,0,60,1,0,1,4,2,33,1,1,2,0,2,1,1,201400053434B01,7,22,1,200054781
201400053438,2014-07-18,2014,juillet,vendredi,09:20,75,75110,0,0,2,2,3,1,1,4,2,04,1,1,0,250,1,0,1,4,1,58,1,3,2,0,2,1,18,201400053438A01,7,22,1,200054781
201400053441,2014-07-22,2014,juillet,mardi,10:00,75,75110,0,0,2,3,1,1,1,4,1,00,1,1,0,0,1,0,5,4,1,26,0,3,2,0,2,1,16,201400053441B01,32,1,1,200054781
201400053444,2014-07-24,2014,juillet,jeudi,22:30,75,75110,0,0,2,5,3,5,1,4,1,02,-1,1,0,70,1,0,1,4,1,44,1,3,2,0,2,1,5,201400053444A01,30,1,1,200054781
201400053449,2014-07-29,2014,juillet,mardi,10:15,75,75110,0,0,2,2,3,1,1,4,2,04,1,1,0,100,1,0,1,4,1,27,0,3,2,0,2,1,7,201400053449B01,10,22,1,200054781
201400053453,2014-08-06,2014,août,mercredi,01:08,75,75110,0,0,2,1,6,1,1,4,2,,1,1,0,150,1,0,5,4,2,60,0,3,2,0,2,7,19,201400053453A01,2,1,1,200054781
201400053455,2014-08-13,2014,août,mercredi,01:10,75,75110,0,0,2,2,3,5,1,4,1,04,2,1,160,100,1,0,1,4,1,22,0,3,2,0,2,6,1,201400053455A01,7,1,1,200054781
201400053470,2014-09-12,2014,septembre,vendredi,15:10,75,75110,0,0,2,2,6,1,1,4,1,00,1,1,0,0,1,0,1,1,1,45,1,3,2,0,1,3,7,201400053470A01,,,,200054781
201400053471,2014-09-13,2014,septembre,samedi,14:30,75,75110,0,0,2,3,4,1,1,4,1,03,1,1,5,100,2,0,1,4,1,46,4,3,2,0,2,1,3,201400053471A01,7,9 / 2,2,200054781
201400053479,2014-09-20,2014,septembre,samedi,14:35,75,75110,0,0,2,2,6,1,1,4,2,02,1,1,0,70,1,0,1,1,1,,5,2,2,0,1,2,1,201400053479A01,,,,200054781
201400053481,2014-09-22,2014,septembre,lundi,09:25,75,75110,0,0,2,2,3,1,1,4,2,04,1,1,0,120,1,0,1,4,1,30,0,3,2,0,2,8,15,201400053481A01,7,1,1,200054781
201400053482,2014-09-25,2014,septembre,jeudi,09:05,75,75110,0,0,2,2,1,1,1,4,1,01,1,1,0,50,1,0,1,4,2,35,1,1,2,1,2,1,5,201400053482B01,34,14,1,200054781
201400053485,2014-09-26,2014,septembre,vendredi,19:15,75,75110,0,0,2,2,6,2,1,4,4,01,1,1,0,40,1,0,1,4,1,24,0,3,2,0,1,1,5,201400053485A01,,,,200054781
201400053490,2014-10-07,2014,octobre,mardi,19:00,75,75110,0,0,2,3,6,2,1,4,2,03,1,1,20,120,1,0,5,1,1,59,5,3,2,0,1,1,1,201400053490A01,,,,200054781
201400053493,2014-10-09,2014,octobre,jeudi,19:00,75,75110,0,0,2,1,2,5,2,4,2,02,1,1,0,0,1,0,1,4,2,69,5,3,2,0,2,1,1,201400053493B01,7,4,1,200054781
201400053502,2014-10-17,2014,octobre,vendredi,10:00,75,75110,0,0,2,2,3,1,1,4,1,02,1,1,0,60,1,0,0,4,1,32,1,1,2,0,2,1,1,201400053502B01,10,16,1,200054781
201400053508,2014-10-30,2014,octobre,jeudi,08:25,75,75110,0,0,2,2,3,1,1,4,1,01,1,1,0,30,-1,5,1,4,1,27,0,3,2,0,2,1,7,201400053508B01,7,15,1,200054781
201400053518,2014-11-05,2014,novembre,mercredi,18:25,75,75110,0,0,2,1,3,5,1,4,2,02,1,1,0,0,1,0,1,4,2,41,5,1,2,0,2,1,1,201400053518B01,7,22,1,200054781
201400053522,2014-11-10,2014,novembre,lundi,15:40,75,75110,0,0,2,1,6,1,1,4,2,00,1,1,0,300,1,0,5,4,2,39,0,3,2,2,0,1,21,201400053522A01,,,,200054781
201400053529,2014-11-19,2014,novembre,mercredi,16:00,75,75110,0,0,2,1,6,1,1,4,2,01,1,1,0,70,1,0,1,1,1,40,5,2,2,0,1,1,1,201400053529A01,,,,200054781
201400053534,2014-11-24,2014,novembre,lundi,19:15,75,75110,0,0,2,1,6,5,1,4,1,02,1,1,3,50,1,0,5,1,1,18,4,1,2,0,1,1,1,201400053534A01,,,,200054781
201400053535,2014-11-26,2014,novembre,mercredi,10:50,75,75110,0,0,2,3,6,1,1,4,1,00,1,1,0,0,2,0,1,4,1,44,4,3,2,1,2,1,1,201400053535B01,10,22,1,200054781
201400053559,2014-12-29,2014,décembre,lundi,17:25,75,75110,0,0,2,1,2,5,1,4,1,04,1,1,0,0,1,0,1,4,1,42,0,2,2,1,2,1,7,201400053559B01,7,22,1,200054781
201400053564,2014-01-08,2014,janvier,mercredi,13:40,75,75111,0,0,2,2,3,1,1,4,1,01,1,1,0,70,1,0,1,1,1,21,5,3,2,0,2,1,5,201400053564A01,30,1,1,200054781
201400053568,2014-01-11,2014,janvier,samedi,16:10,75,75111,0,0,2,1,1,1,1,4,2,01,1,1,0,40,1,0,1,1,1,20,5,3,2,0,2,1,5,201400053568A01,1,1,1,200054781
201400053568,2014-01-11,2014,janvier,samedi,16:10,75,75111,0,0,2,1,1,1,1,4,2,01,1,1,0,40,1,0,1,4,1,47,5,3,2,0,2,1,1,201400053568B01,1,5,1,200054781
201400053574,2014-01-17,2014,janvier,vendredi,09:50,75,75111,0,0,2,3,3,1,1,4,1,01,1,1,0,70,1,0,1,4,2,26,1,1,2,0,2,7,5,201400053574A01,7,15,1,200054781
201400053575,2014-01-17,2014,janvier,vendredi,14:25,75,75111,0,0,2,2,6,1,1,4,2,02,1,1,0,120,1,0,1,1,1,29,4,1,2,0,1,8,1,201400053575A01,,,,200054781
201400053585,2014-01-24,2014,janvier,vendredi,21:25,75,75111,0,0,2,5,3,5,8,4,1,01,1,1,0,50,2,0,1,1,1,28,0,3,2,0,2,1,1,201400053585A01,32,1,1,200054781
201400053592,2014-02-03,2014,février,lundi,20:40,75,75111,0,0,2,1,3,5,1,4,2,02,2,1,0,160,1,0,1,4,2,23,1,3,2,0,2,1,1,201400053592B01,33,9,1,200054781
201400053597,2014-02-08,2014,février,samedi,23:32,75,75111,0,0,2,7,6,5,1,4,1,02,1,1,0,100,1,0,1,4,1,69,5,1,2,0,2,8,1,201400053597A01,7,15,1,200054781
201400053602,2014-02-12,2014,février,mercredi,14:20,75,75111,0,0,2,3,2,1,1,4,1,01,2,1,0,30,1,0,1,4,1,34,5,3,2,0,2,1,1,201400053602B01,7,1,1,200054781
201400053616,2014-02-28,2014,février,vendredi,14:20,75,75111,0,0,2,1,2,1,1,4,1,01,1,1,0,70,1,0,1,4,1,36,5,2,2,0,2,0,1,201400053616A01,7,4,1,200054781
201400053625,2014-03-07,2014,mars,vendredi,08:40,75,75111,0,0,2,3,3,1,1,4,2,02,2,1,0,160,1,0,1,4,1,31,5,3,2,0,2,0,1,201400053625B01,10,22,1,200054781
201400053632,2014-03-11,2014,mars,mardi,08:25,75,75111,0,0,2,3,6,1,1,4,1,01,1,1,0,40,1,0,1,4,1,45,1,3,2,1,2,1,21,201400053632B01,10,1 / 22,2,200054781
201400053645,2014-03-28,2014,mars,vendredi,09:00,75,75111,0,0,2,1,6,1,1,4,1,02,1,1,8,60,1,0,1,1,1,40,1,3,2,0,1,0,1,201400053645A01,,,,200054781
201400053647,2014-03-31,2014,mars,lundi,17:35,75,75111,0,0,2,2,7,1,1,4,2,02,1,1,0,150,1,0,1,4,1,30,5,1,2,0,0,1,1,201400053647A01,,,,200054781
201400053670,2014-04-23,2014,avril,mercredi,07:35,75,75111,0,0,2,1,3,1,1,4,2,02,1,1,0,45,1,0,1,4,1,63,0,3,2,0,2,4,7,201400053670B01,10,14,1,200054781
201400053671,2014-04-23,2014,avril,mercredi,18:10,75,75111,0,0,2,3,6,1,1,4,2,01,1,1,0,150,1,0,4,1,1,16,5,3,2,0,1,1,1,201400053671A01,,,,200054781
201400053677,2014-04-29,2014,avril,mardi,11:30,75,75111,0,0,2,6,2,1,1,4,2,02,1,1,0,120,1,5,1,4,2,46,0,3,2,0,2,3,15,201400053677A01,7,1,1,200054781
201400053690,2014-05-05,2014,mai,lundi,19:45,75,75111,0,0,2,2,3,1,1,4,2,02,1,1,0,0,1,0,1,4,2,25,1,3,2,0,2,8,13,201400053690B01,3,17,1,200054781
201400053706,2014-05-19,2014,mai,lundi,10:05,75,75111,0,0,2,1,3,1,1,4,1,01,1,1,0,30,1,0,1,4,1,27,1,3,2,0,2,1,1,201400053706B01,10,9,1,200054781
201400053711,2014-05-22,2014,mai,jeudi,15:55,75,75111,0,0,2,1,2,1,1,4,2,02,1,1,0,120,1,0,1,4,1,52,4,3,2,1,2,1,1,201400053711B01,7,22,1,200054781
201400053712,2014-05-22,2014,mai,jeudi,20:25,75,75111,0,0,2,1,6,1,1,4,1,01,2,1,0,53,1,0,1,4,1,32,9,3,2,0,2,0,1,201400053712A01,34,5,1,200054781
201400053726,2014-06-05,2014,juin,jeudi,00:10,75,75111,0,0,2,5,3,5,1,4,1,02,1,1,0,100,1,0,1,3,2,26,0,3,2,0,2,1,1,201400053726A01,10,1,1,200054781
201400053729,2014-06-08,2014,juin,dimanche,14:25,75,75111,0,0,2,7,3,1,1,4,-1,01,-1,1,0,70,1,0,1,4,2,26,5,3,2,0,2,7,1,201400053729A01,33,1,1,200054781
201400053732,2014-06-13,2014,juin,vendredi,08:45,75,75111,0,0,2,5,6,1,1,4,1,01,2,1,0,30,1,0,1,4,1,25,1,3,2,0,1,1,1,201400053732A01,,,,200054781
201400053736,2014-06-17,2014,juin,mardi,07:00,75,75111,0,0,2,2,3,1,1,4,1,01,2,1,0,50,1,0,0,4,1,36,1,3,2,0,2,0,1,201400053736A01,7,1,1,200054781
201400053739,2014-06-18,2014,juin,mercredi,08:15,75,75111,0,0,2,7,3,1,1,4,2,02,2,1,0,70,1,0,1,4,2,34,0,3,2,0,2,3,1,201400053739B01,10,16,1,200054781
201400053741,2014-06-18,2014,juin,mercredi,19:45,75,75111,0,0,2,1,3,2,1,4,1,01,1,1,0,50,1,0,5,4,1,38,1,3,2,0,2,7,5,201400053741B01,7,9,1,200054781
201400053742,2014-06-19,2014,juin,jeudi,18:40,75,75111,0,0,2,2,6,1,1,4,2,02,1,1,0,180,1,0,1,4,1,22,5,3,2,0,1,1,1,201400053742A01,,,,200054781
201400053744,2014-06-23,2014,juin,lundi,19:40,75,75111,0,0,2,2,2,1,1,4,2,00,1,1,0,107,1,0,1,4,2,36,1,3,2,1,2,2,1,201400053744B01,10,22,1,200054781
201400053746,2014-06-26,2014,juin,jeudi,13:05,75,75111,0,0,2,7,3,1,1,4,1,01,-1,3,80,140,1,0,1,4,2,64,5,3,2,0,2,1,11,201400053746A01,7,1,1,200054781
201400053750,2014-06-29,2014,juin,dimanche,14:30,75,75111,0,0,2,2,3,1,2,4,2,02,2,1,0,60,2,0,1,4,1,15,5,1,2,0,2,1,1,201400053750A01,7,1,1,200054781
201400053754,2014-07-03,2014,juillet,jeudi,11:30,75,75111,0,0,2,1,3,1,1,4,1,02,2,1,0,60,1,0,1,1,1,24,5,3,2,0,2,3,13,201400053754A01,33,1,1,200054781
201400053763,2014-07-14,2014,juillet,lundi,11:10,75,75111,0,0,2,1,3,1,1,4,2,02,2,1,0,170,1,0,1,4,1,34,0,1,2,0,2,1,1,201400053763B01,7,22,1,200054781
201400053764,2014-07-15,2014,juillet,mardi,12:30,75,75111,0,0,2,1,2,1,1,4,2,02,2,1,0,120,1,0,1,4,1,42,9,3,2,0,2,1,2,201400053764A01,7,12,1,200054781
201400053767,2014-07-19,2014,juillet,samedi,18:50,75,75112,0,0,2,7,6,1,1,4,2,02,1,1,50,200,1,0,1,1,1,34,5,3,2,0,1,1,1,201400053767A01,,,,200054781
201400053768,2014-07-20,2014,juillet,dimanche,05:55,75,75111,0,0,2,5,3,2,2,4,-1,02,1,1,0,0,2,5,1,4,1,20,0,3,2,0,2,7,1,201400053768B01,7,1,1,200054781
201400053769,2014-07-20,2014,juillet,dimanche,17:05,75,75111,0,0,2,3,3,1,1,4,2,02,1,1,0,150,2,0,1,4,2,35,5,3,2,0,2,1,1,201400053769B01,7,22,1,200054781
201400053770,2014-07-21,2014,juillet,lundi,11:10,75,75112,0,0,2,3,6,1,1,4,2,02,1,1,0,100,1,0,1,1,1,21,5,3,2,0,1,1,1,201400053770A01,,,,200054781
201400053776,2014-07-26,2014,juillet,samedi,14:45,75,75111,0,0,2,2,3,1,1,4,3,04,1,1,0,140,1,0,5,4,1,47,5,3,2,0,2,8,1,201400053776B01,7,15,1,200054781