Num_Acc,date,an,mois,jour,hrmn,dep,com,lat,long,agg,int,col,lum,atm,catr,circ,nbv,prof,plan,lartpc,larrout,surf,infra,situ,grav,sexe,age,trajet,secuexist,equipement,obs,obsm,choc,manv,vehiculeid,typevehicules,manoeuvehicules,numVehicules,_infos_commune.code_epci
201400053778,2014-07-29,2014,juillet,mardi,19:00,75,75111,0,0,2,3,3,1,1,4,2,03,1,1,0,60,1,0,1,4,2,27,0,3,2,0,2,0,10,201400053778A01,34,1,1,200054781
201400053785,2014-08-09,2014,août,samedi,20:25,75,75111,0,0,2,7,6,2,1,4,1,04,1,-1,0,150,9,0,1,4,2,67,5,3,2,0,2,4,1,201400053785A01,7,13,1,200054781
201400053788,2014-08-11,2014,août,lundi,13:45,75,75111,0,0,2,1,6,1,1,4,1,02,1,1,0,120,1,0,5,1,2,42,0,3,2,0,1,1,1,201400053788A01,,,,200054781
201400053791,2014-08-12,2014,août,mardi,19:30,75,75111,0,0,2,5,6,1,2,4,2,02,1,1,0,80,2,0,5,1,1,41,5,3,2,0,1,1,5,201400053791A01,,,,200054781
201400053794,2014-08-20,2014,août,mercredi,21:00,75,75111,0,0,2,5,6,2,1,4,1,01,1,1,0,80,1,0,1,4,1,24,5,3,2,0,2,4,23,201400053794A01,7,2,1,200054781
201400053795,2014-08-21,2014,août,jeudi,17:25,75,75111,0,0,2,1,3,1,1,4,2,02,1,-1,20,80,1,0,1,4,1,54,5,3,2,0,2,0,13,201400053795A01,37,17,1,200054781
201400053804,2014-09-06,2014,septembre,samedi,19:15,75,75111,0,0,2,1,7,1,1,4,2,02,1,1,0,160,1,0,1,4,1,37,0,3,2,0,0,0,1,201400053804A01,,,,200054781
201400053810,2014-09-09,2014,septembre,mardi,23:55,75,75111,0,0,2,2,6,5,1,4,1,01,1,1,17,65,1,5,1,4,2,46,0,3,2,0,2,4,15,201400053810A01,2,17,1,200054781
201400053820,2014-09-15,2014,septembre,lundi,19:00,75,75111,0,0,2,7,2,1,1,4,1,01,1,3,150,100,1,0,1,4,1,53,0,3,2,0,2,1,2,201400053820A01,7,2,1,200054781
201400053822,2014-09-16,2014,septembre,mardi,15:25,75,75111,0,0,2,1,3,1,1,4,2,02,1,1,0,150,1,0,1,4,1,36,9,3,2,0,2,1,18,201400053822B01,33,12,1,200054781
201400053831,2014-09-25,2014,septembre,jeudi,19:50,75,75111,0,0,2,7,3,2,1,4,2,04,1,1,0,80,1,0,1,4,1,39,0,3,2,0,2,8,19,201400053831B01,30,1,1,200054781
201400053833,2014-09-26,2014,septembre,vendredi,08:05,75,75111,0,0,2,5,2,1,1,4,2,02,1,1,0,100,1,0,1,4,2,48,1,1,2,0,2,1,7,201400053833B01,7,22,1,200054781
201400053834,2014-09-26,2014,septembre,vendredi,16:00,75,75111,0,0,2,5,2,1,1,4,3,01,1,-1,0,200,1,0,1,4,2,16,2,2,2,0,2,1,1,201400053834B01,7,16,1,200054781
201400053837,2014-09-28,2014,septembre,dimanche,15:15,75,75111,0,0,2,1,2,1,1,4,1,01,2,1,40,40,1,0,1,4,1,25,4,1,2,0,0,1,1,201400053837A01,7,23,1,200054781
201400053838,2014-09-28,2014,septembre,dimanche,17:00,75,75111,0,0,2,2,6,1,1,4,1,01,1,1,0,40,1,0,0,4,1,24,0,3,2,0,2,0,1,201400053838A01,7,1,1,200054781
201400053841,2014-10-01,2014,octobre,mercredi,07:30,75,75111,0,0,2,7,3,1,1,4,2,04,1,1,0,160,1,0,0,4,1,24,1,3,2,0,2,1,1,201400053841B01,10,16,1,200054781
201400053858,2014-10-16,2014,octobre,jeudi,17:35,75,75111,0,0,2,2,6,1,1,4,1,00,1,1,0,60,1,0,1,1,2,40,5,3,2,0,1,1,1,201400053858A01,,,,200054781
201400053872,2014-10-31,2014,octobre,vendredi,10:05,75,75111,0,0,2,1,2,1,1,4,2,02,1,1,0,120,1,0,1,4,1,29,1,3,2,0,2,1,2,201400053872B01,10,2,1,200054781
201400053875,2014-11-02,2014,novembre,dimanche,02:50,75,75111,0,0,2,2,3,5,1,4,3,02,1,1,0,0,1,0,1,4,1,28,0,3,2,0,2,1,1,201400053875A01,7,1,1,200054781
201400053878,2014-11-04,2014,novembre,mardi,18:20,75,75111,0,0,2,1,6,5,1,4,1,01,1,1,200,30,1,0,1,1,1,50,1,3,2,0,1,1,1,201400053878A01,,,,200054781
201400053892,2014-11-24,2014,novembre,lundi,18:30,75,75111,0,0,2,1,2,5,1,4,1,01,1,1,0,80,1,0,5,4,2,59,9,3,2,0,2,3,1,201400053892B01,7,22,1,200054781
201400053893,2014-11-24,2014,novembre,lundi,19:10,75,75111,0,0,2,1,2,5,1,4,2,02,1,1,0,110,1,0,1,4,1,26,5,2,2,1,2,1,1,201400053893B01,7,22,1,200054781
201400053902,2014-11-30,2014,novembre,dimanche,06:25,75,75111,0,0,2,1,7,5,1,4,2,01,2,1,0,100,1,0,1,4,1,22,5,3,2,12,0,1,1,201400053902A01,,,,200054781
201400053904,2014-12-02,2014,décembre,mardi,18:30,75,75111,0,0,2,1,3,5,2,4,1,03,1,1,400,80,2,0,5,4,1,17,5,3,2,0,2,8,13,201400053904A01,1,17,1,200054781
201400053904,2014-12-02,2014,décembre,mardi,18:30,75,75111,0,0,2,1,3,5,2,4,1,03,1,1,400,80,2,0,5,1,1,29,5,3,2,0,2,7,17,201400053904B01,1,13,1,200054781
201400053906,2014-12-04,2014,décembre,jeudi,10:05,75,75111,0,0,2,3,2,1,1,4,2,02,1,1,0,160,1,0,1,4,1,34,5,1,2,0,2,1,1,201400053906A01,7,16,1,200054781
201400053908,2014-12-05,2014,décembre,vendredi,08:40,75,75111,0,0,2,1,5,1,8,4,2,02,1,1,0,100,1,0,1,4,2,28,1,3,2,0,2,2,18,201400053908B01,7 / 10,22 / 1,2,200054781
201400053917,2014-12-10,2014,décembre,mercredi,22:55,75,75111,0,0,2,2,3,5,8,4,3,00,1,1,0,0,1,0,5,4,2,37,0,3,2,0,2,1,16,201400053917A01,7,1,1,200054781
201400053925,2014-12-16,2014,décembre,mardi,14:00,75,75111,0,0,2,3,3,1,1,4,1,01,1,1,0,60,1,0,1,4,2,41,5,3,2,0,0,3,5,201400053925A01,10,15,1,200054781
201400053926,2014-12-17,2014,décembre,mercredi,10:45,75,75111,0,0,2,2,2,1,2,4,1,01,1,1,0,70,2,0,1,4,1,34,1,2,2,0,2,0,15,201400053926B01,34,1,1,200054781
201400053927,2014-12-17,2014,décembre,mercredi,22:50,75,75111,0,0,2,4,2,3,2,4,2,02,1,-1,0,120,2,0,1,4,1,29,0,3,2,0,2,1,1,201400053927A01,7,16,1,200054781
201400053928,2014-12-18,2014,décembre,jeudi,09:35,75,75111,0,0,2,1,2,1,8,4,1,01,1,1,0,80,2,0,1,4,2,51,5,3,2,1,2,2,1,201400053928B01,10,22,1,200054781
201400053947,2014-01-04,2014,janvier,samedi,15:15,75,75112,0,0,2,3,3,1,8,4,2,04,1,1,0,80,1,6,0,4,1,53,5,1,2,0,2,6,1,201400053947A01,7,1,1,200054781
201400053953,2014-01-15,2014,janvier,mercredi,18:30,75,75112,0,0,2,7,3,5,2,4,2,04,1,1,0,110,2,0,5,4,1,42,1,3,2,0,2,1,1,201400053953B01,7,15,1,200054781
201400053968,2014-01-27,2014,janvier,lundi,09:50,75,75112,0,0,2,1,2,1,1,4,2,02,1,1,0,60,1,0,1,4,2,54,1,3,2,1,0,0,1,201400053968B01,7,22,1,200054781
201400053977,2014-02-01,2014,février,samedi,20:00,75,75112,0,0,2,7,6,3,1,4,2,02,1,1,0,77,1,1,1,4,2,41,5,3,2,14,0,0,13,201400053977A01,,,,200054781
201400053982,2014-02-02,2014,février,dimanche,15:00,75,75112,0,0,2,1,6,1,1,4,2,01,1,1,0,70,1,0,5,4,1,86,5,3,2,0,5,1,1,201400053982A01,,,,200054781
201400054001,2014-02-24,2014,février,lundi,09:40,75,75112,0,0,2,5,3,1,1,4,1,01,1,1,0,0,1,0,1,4,1,59,5,1,2,0,2,7,1,201400054001B01,10,1,1,200054781
201400054002,2014-02-24,2014,février,lundi,16:45,75,75112,0,0,2,5,5,1,1,4,1,01,1,1,3,60,1,0,5,4,1,38,5,3,2,0,2,1,2,201400054002A01,1,5 / 2,2,200054781
201400054002,2014-02-24,2014,février,lundi,16:45,75,75112,0,0,2,5,5,1,1,4,1,01,1,1,3,60,1,0,5,4,2,12,5,3,2,0,2,1,5,201400054002B01,1,2,2,200054781
201400054002,2014-02-24,2014,février,lundi,16:45,75,75112,0,0,2,5,5,1,1,4,1,01,1,1,3,60,1,0,5,1,1,30,5,3,2,0,2,1,2,201400054002C01,1,2 / 5,2,200054781
201400054004,2014-02-25,2014,février,mardi,19:30,75,75112,0,0,2,2,3,5,2,4,2,02,1,1,0,150,2,5,1,4,1,41,5,3,2,0,2,1,1,201400054004B01,7,16,1,200054781
201400054018,2014-03-06,2014,mars,jeudi,12:40,75,75112,0,0,2,4,3,1,1,4,4,04,1,-1,0,80,1,0,1,4,1,18,2,3,2,0,2,8,15,201400054018B01,7,17,1,200054781
201400054023,2014-03-12,2014,mars,mercredi,15:20,75,75112,0,0,2,3,1,1,1,4,2,02,1,1,0,60,1,0,1,4,1,62,5,1,2,0,2,8,1,201400054023B01,10,15,1,200054781
201400054026,2014-03-13,2014,mars,jeudi,18:20,75,75112,0,0,2,1,3,2,1,4,2,02,2,1,0,0,1,0,1,4,1,20,2,3,2,0,2,8,9,201400054026A01,33,17,1,200054781
201400054034,2014-03-20,2014,mars,jeudi,08:55,75,75112,0,0,2,1,3,1,1,4,1,03,1,1,0,120,1,0,1,4,2,26,1,3,2,0,2,1,13,201400054034A01,37,7,1,200054781
201400054038,2014-03-24,2014,mars,lundi,13:55,75,75112,0,0,2,1,3,1,8,4,2,02,2,1,0,70,2,0,5,4,1,15,5,3,2,0,2,1,1,201400054038B01,7,16,1,200054781
201400054041,2014-03-26,2014,mars,mercredi,09:40,75,75112,0,0,2,1,2,1,1,4,2,02,1,1,0,70,1,0,1,4,1,37,4,3,2,0,2,1,1,201400054041B01,7,22,1,200054781
201400054045,2014-03-30,2014,mars,dimanche,18:30,75,75112,0,0,2,1,7,1,1,4,2,04,1,1,0,140,1,0,1,4,1,24,5,1,2,0,2,0,1,201400054045A01,2,1,1,200054781
201400054061,2014-04-07,2014,avril,lundi,17:48,75,75112,0,0,2,1,6,1,1,4,2,02,1,1,0,60,1,0,5,1,1,36,1,1,2,0,1,1,1,201400054061A01,,,,200054781
201400054062,2014-04-09,2014,avril,mercredi,16:40,75,75112,0,0,2,3,2,1,1,4,1,01,1,3,0,35,1,0,1,4,1,46,5,1,2,0,2,1,2,201400054062B01,1,2,1,200054781
201400054062,2014-04-09,2014,avril,mercredi,16:40,75,75112,0,0,2,3,2,1,1,4,1,01,1,3,0,35,1,0,1,4,1,20,5,3,2,0,2,4,2,201400054062A01,1,2,1,200054781
201400054066,2014-04-12,2014,avril,samedi,19:50,75,75112,0,0,2,9,3,1,1,4,3,02,1,1,0,80,1,2,1,4,2,42,9,2,2,0,2,4,1,201400054066B01,7,19,1,200054781
201400054072,2014-04-16,2014,avril,mercredi,18:00,75,75112,0,0,2,7,1,1,1,4,2,01,1,1,0,0,1,0,1,4,1,16,5,3,2,0,2,8,5,201400054072A01,31,1,1,200054781
201400054075,2014-04-18,2014,avril,vendredi,14:30,75,75112,0,0,2,2,2,1,1,4,2,00,1,1,0,0,1,1,1,4,1,17,5,3,2,0,2,1,2,201400054075A01,7,23,1,200054781
201400054076,2014-04-19,2014,avril,samedi,14:10,75,75112,0,0,2,5,6,1,1,4,-1,00,2,-1,0,0,1,0,1,4,2,66,3,3,2,0,2,7,19,201400054076A01,30,1,1,200054781
201400054077,2014-04-19,2014,avril,samedi,13:25,75,75112,0,0,2,1,3,1,1,4,2,02,2,1,0,100,1,0,5,4,2,25,5,3,2,0,2,8,1,201400054077B01,7,15,1,200054781
201400054079,2014-04-21,2014,avril,lundi,15:00,75,75112,0,0,2,5,7,1,1,4,1,02,1,1,0,120,1,0,1,4,1,28,0,3,2,0,0,0,21,201400054079A01,,,,200054781
201400054084,2014-04-24,2014,avril,jeudi,14:30,75,75112,0,0,2,7,6,1,1,4,-1,01,1,1,0,50,1,0,5,4,1,55,5,3,2,0,1,1,1,201400054084A01,,,,200054781
201400054085,2014-04-24,2014,avril,jeudi,15:50,75,75112,0,0,2,7,2,1,1,4,2,02,1,1,0,0,1,0,1,4,1,37,5,1,2,0,2,4,2,201400054085B01,7,23,1,200054781
201400054102,2014-05-05,2014,mai,lundi,19:05,75,75112,0,0,2,1,6,1,1,4,1,00,2,1,0,50,1,0,5,4,2,60,5,3,2,0,1,7,1,201400054102A01,,,,200054781
201400054125,2014-05-24,2014,mai,samedi,17:00,75,75112,0,0,2,3,3,1,3,4,2,02,1,1,0,60,2,0,1,4,2,27,5,3,2,0,2,7,19,201400054125A01,10,1,1,200054781
201400054127,2014-05-25,2014,mai,dimanche,17:00,75,75112,0,0,2,7,3,1,1,4,3,04,1,1,0,120,1,5,1,4,1,27,1,3,2,0,2,5,17,201400054127B01,7,10,1,200054781
201400054128,2014-05-25,2014,mai,dimanche,17:00,75,75112,0,0,2,1,3,1,1,4,2,02,2,1,0,60,1,0,1,4,1,61,5,3,2,0,2,1,1,201400054128B01,7,9,1,200054781
201400054135,2014-05-29,2014,mai,jeudi,16:55,75,75112,0,0,2,1,6,1,1,4,2,02,1,1,0,0,1,0,1,4,2,15,5,3,2,0,1,1,1,201400054135A01,,,,200054781
201400054144,2014-06-06,2014,juin,vendredi,19:45,75,75112,0,0,2,1,2,1,1,4,2,04,1,1,0,120,1,0,1,4,1,60,5,1,2,0,2,1,2,201400054144A01,7,2,1,200054781
201400054149,2014-06-11,2014,juin,mercredi,20:00,75,75112,0,0,2,1,6,1,1,4,1,01,1,1,0,60,1,0,5,4,1,36,5,1,2,0,1,1,1,201400054149A01,,,,200054781
201400054155,2014-06-14,2014,juin,samedi,16:25,75,75112,0,0,2,1,3,1,1,4,2,02,1,1,0,0,1,0,4,4,2,25,5,2,2,0,2,1,1,201400054155A01,7,9,1,200054781
201400054174,2014-06-26,2014,juin,jeudi,02:05,75,75112,0,0,2,7,3,5,1,4,1,04,1,2,0,0,9,5,1,4,2,25,5,3,2,0,2,6,1,201400054174B01,31,1,1,200054781
201400054175,2014-06-26,2014,juin,jeudi,10:30,75,75112,0,0,2,1,6,1,1,4,2,02,1,1,0,120,1,0,1,4,1,62,5,1,2,0,5,1,1,201400054175A01,,,,200054781
201400054176,2014-06-26,2014,juin,jeudi,16:20,75,75112,0,0,2,1,2,1,1,4,2,04,1,1,0,90,1,0,0,4,1,25,5,3,2,0,2,1,1,201400054176B01,7,16,1,200054781
201400054182,2014-07-03,2014,juillet,jeudi,09:40,75,75112,0,0,2,1,4,1,1,4,1,01,1,1,0,60,1,0,5,1,1,59,5,1,2,0,2,1,2,201400054182B01,1,2,3,200054781
201400054182,2014-07-03,2014,juillet,jeudi,09:40,75,75112,0,0,2,1,4,1,1,4,1,01,1,1,0,60,1,0,5,4,2,16,5,1,2,0,2,1,2,201400054182A01,1,2,3,200054781
201400054182,2014-07-03,2014,juillet,jeudi,09:40,75,75112,0,0,2,1,4,1,1,4,1,01,1,1,0,60,1,0,5,1,1,61,5,1,2,0,2,1,2,201400054182C01,1,2,3,200054781
201400054182,2014-07-03,2014,juillet,jeudi,09:40,75,75112,0,0,2,1,4,1,1,4,1,01,1,1,0,60,1,0,5,1,1,42,5,1,2,0,2,0,2,201400054182D01,1,2,3,200054781
201400054185,2014-07-03,2014,juillet,jeudi,13:40,75,75112,0,0,2,1,6,1,1,4,2,06,2,3,0,180,1,0,1,4,2,35,1,3,2,0,2,8,7,201400054185A01,38,14,1,200054781
201400054191,2014-07-17,2014,juillet,jeudi,21:00,75,75112,0,0,2,1,6,2,1,4,2,04,1,1,0,80,1,0,5,1,1,48,5,3,2,0,1,1,1,201400054191A01,,,,200054781
201400054199,2014-07-23,2014,juillet,mercredi,20:26,75,75112,0,0,2,3,3,1,1,4,1,04,1,1,0,0,1,0,5,4,1,36,5,3,2,0,2,3,1,201400054199B01,38,16,1,200054781
201400054203,2014-07-26,2014,juillet,samedi,12:50,75,75112,0,0,2,5,6,1,1,4,2,04,1,1,0,0,1,0,1,1,1,44,5,1,2,0,1,1,1,201400054203A01,,,,200054781
201400054204,2014-07-27,2014,juillet,dimanche,19:15,75,75112,0,0,2,1,3,1,1,4,2,01,1,1,0,60,1,0,0,1,1,13,5,3,2,0,2,1,10,201400054204A01,1,1,1,200054781
201400054204,2014-07-27,2014,juillet,dimanche,19:15,75,75112,0,0,2,1,3,1,1,4,2,01,1,1,0,60,1,0,0,4,1,49,5,3,2,0,2,1,1,201400054204B01,1,10,1,200054781
201400054206,2014-07-30,2014,juillet,mercredi,19:50,75,75112,0,0,2,1,3,1,1,4,-1,00,1,3,0,0,1,0,5,4,2,29,5,1,2,0,2,1,14,201400054206A01,1,1,1,200054781
201400054206,2014-07-30,2014,juillet,mercredi,19:50,75,75112,0,0,2,1,3,1,1,4,-1,00,1,3,0,0,1,0,5,4,1,13,5,1,2,0,2,1,1,201400054206B01,1,14,1,200054781
201400054218,2014-08-14,2014,août,jeudi,18:35,75,75112,0,0,2,5,3,1,1,4,2,02,3,1,0,0,1,4,1,4,2,29,5,3,2,0,2,8,15,201400054218B01,7,1,1,200054781
201400054223,2014-08-18,2014,août,lundi,18:30,75,75112,0,0,2,5,1,1,1,4,2,02,1,1,0,0,1,0,1,4,1,62,5,1,2,0,2,3,1,201400054223B01,34,15,1,200054781
201400054224,2014-08-19,2014,août,mardi,08:45,75,75112,0,0,2,1,6,1,1,4,2,01,1,1,0,40,1,0,5,4,1,57,1,3,2,0,2,3,1,201400054224A01,33,17,1,200054781
201400054227,2014-08-21,2014,août,jeudi,09:15,75,75112,0,0,2,1,6,1,1,4,2,02,1,1,0,60,1,0,4,1,1,37,9,3,2,0,1,1,1,201400054227A01,,,,200054781
201400054228,2014-08-22,2014,août,vendredi,17:20,75,75112,0,0,2,3,1,1,8,4,1,01,1,2,0,0,1,0,1,3,1,33,0,2,2,0,2,1,1,201400054228B01,7,15,1,200054781
201400054236,2014-08-31,2014,août,dimanche,16:10,75,75111,0,0,2,3,2,1,1,4,2,02,1,1,0,60,1,0,1,3,2,57,0,3,2,0,2,8,15,201400054236A01,32,1,1,200054781
201400054237,2014-09-01,2014,septembre,lundi,18:00,75,75112,0,0,2,4,3,1,1,4,2,02,1,1,0,60,1,0,5,4,1,69,5,3,2,0,2,8,19,201400054237B01,7,1,1,200054781
201400054238,2014-09-03,2014,septembre,mercredi,15:00,75,75112,0,0,2,2,7,1,1,4,-1,00,1,1,0,55,1,6,4,1,1,16,5,3,2,0,1,0,1,201400054238A01,,,,200054781
201400054239,2014-09-03,2014,septembre,mercredi,21:00,75,75112,0,0,2,7,3,4,1,4,2,02,-1,1,0,35,1,0,1,4,1,37,5,1,2,0,2,8,1,201400054239B01,7,15,1,200054781
201400054246,2014-09-10,2014,septembre,mercredi,08:25,75,75112,0,0,2,2,3,1,1,4,2,02,1,1,0,60,1,0,1,4,1,32,0,3,2,0,2,3,1,201400054246B01,7,1,1,200054781
201400054249,2014-09-11,2014,septembre,jeudi,13:35,75,75112,0,0,2,2,3,1,1,4,2,02,2,1,0,80,2,0,5,4,2,25,1,3,2,0,2,6,1,201400054249B01,7,15,1,200054781
201400054250,2014-09-13,2014,septembre,samedi,00:01,75,75112,0,0,2,1,3,5,1,4,2,02,1,1,0,0,1,0,1,4,1,50,9,3,2,0,2,1,17,201400054250B01,7,10,1,200054781
201400054252,2014-09-14,2014,septembre,dimanche,19:00,75,75112,0,0,2,1,3,1,1,4,2,02,-1,1,0,80,1,0,1,4,1,18,5,2,2,0,2,1,17,201400054252B01,7,15,1,200054781
201400054255,2014-09-15,2014,septembre,lundi,16:30,75,75112,0,0,2,2,3,1,1,4,1,04,1,1,0,0,1,0,1,4,1,30,4,1,2,0,2,8,9,201400054255A01,7,1,1,200054781
201400054260,2014-09-18,2014,septembre,jeudi,19:45,75,75112,0,0,2,2,2,1,1,4,2,02,1,-1,0,70,1,0,1,4,2,67,5,2,2,0,2,3,1,201400054260B01,17,16,1,200054781
201400054262,2014-09-19,2014,septembre,vendredi,10:30,75,75112,0,0,2,4,2,1,1,4,2,02,2,1,0,0,1,5,1,4,2,23,1,1,2,0,2,2,1,201400054262B01,7,4,1,200054781
201400054263,2014-09-19,2014,septembre,vendredi,21:10,75,75112,0,0,2,2,6,5,1,4,2,02,1,1,0,60,1,0,1,4,1,8,0,3,2,0,2,8,1,201400054263A01,7,16,1,200054781
201400054267,2014-09-23,2014,septembre,mardi,09:45,75,75112,0,0,2,1,2,1,1,4,1,01,1,1,0,82,1,0,1,4,1,16,2,2,2,0,2,2,1,201400054267A01,7,23,1,200054781
201400054269,2014-09-24,2014,septembre,mercredi,19:00,75,75112,0,0,2,1,3,2,2,4,2,02,1,1,0,60,2,0,1,4,1,29,5,1,2,0,2,1,1,201400054269B01,7,9,1,200054781
201400054270,2014-09-24,2014,septembre,mercredi,23:34,75,75112,0,0,2,7,7,5,1,4,2,02,1,3,0,50,2,0,1,4,1,35,1,1,2,0,0,0,16,201400054270A01,,,,200054781
201400054272,2014-09-25,2014,septembre,jeudi,20:00,75,75112,0,0,2,2,3,5,1,4,2,02,1,1,0,80,1,0,1,4,1,27,5,3,2,0,2,7,1,201400054272A01,7,1,1,200054781
201400054273,2014-09-26,2014,septembre,vendredi,09:15,75,75112,0,0,2,7,3,1,1,4,2,02,1,1,0,100,1,0,1,4,2,19,9,3,2,0,2,2,19,201400054273A01,7,1,1,200054781
201400054274,2014-09-27,2014,septembre,samedi,17:00,75,75112,0,0,2,4,1,1,1,4,2,04,2,3,0,25,1,0,5,4,1,42,9,2,2,0,2,1,13,201400054274A01,1,1,1,200054781
201400054274,2014-09-27,2014,septembre,samedi,17:00,75,75112,0,0,2,4,1,1,1,4,2,04,2,3,0,25,1,0,5,1,1,38,5,1,2,0,2,1,1,201400054274B01,1,13,1,200054781
201400054290,2014-10-08,2014,octobre,mercredi,07:50,75,75112,0,0,2,2,2,2,3,4,1,04,1,1,0,0,2,0,1,4,2,33,1,3,2,0,2,1,7,201400054290B01,7,16,1,200054781
201400054294,2014-10-09,2014,octobre,jeudi,00:15,75,75112,0,0,2,1,2,5,2,4,1,03,1,1,0,80,2,0,5,4,2,27,0,3,2,0,2,1,7,201400054294B01,7,22,1,200054781
201400054300,2014-10-11,2014,octobre,samedi,11:00,75,75112,0,0,2,2,7,1,1,4,2,02,1,1,0,0,2,0,5,4,2,55,5,1,2,0,0,0,21,201400054300A01,,,,200054781
201400054310,2014-10-17,2014,octobre,vendredi,22:35,75,75112,0,0,2,1,2,5,1,4,2,00,2,1,0,0,1,0,1,4,1,16,5,3,2,0,2,4,2,201400054310B01,31,2,1,200054781
201400054312,2014-10-18,2014,octobre,samedi,14:45,75,75112,0,0,2,4,3,1,1,4,2,08,1,1,10,200,1,0,0,4,1,40,0,3,2,0,2,8,19,201400054312B01,7,1,1,200054781
201400054315,2014-10-23,2014,octobre,jeudi,15:25,75,75112,0,0,2,7,3,1,1,4,2,04,1,1,30,150,1,0,1,4,2,44,4,3,2,0,2,8,18,201400054315B01,7,16,1,200054781
201400054316,2014-10-23,2014,octobre,jeudi,19:00,75,75112,0,0,2,1,3,5,1,4,2,06,1,1,150,250,1,0,5,4,1,22,5,3,2,0,2,1,1,201400054316A01,1,1,1,200054781
201400054316,2014-10-23,2014,octobre,jeudi,19:00,75,75112,0,0,2,1,3,5,1,4,2,06,1,1,150,250,1,0,5,4,2,34,1,3,2,0,2,1,1,201400054316B01,1,1,1,200054781
201400054323,2014-10-27,2014,octobre,lundi,09:15,75,75112,0,0,2,2,3,1,1,4,1,01,2,1,0,30,1,5,1,3,1,47,0,3,2,0,2,7,2,201400054323B01,7,2,1,200054781
201400054331,2014-10-31,2014,octobre,vendredi,12:10,75,75112,0,0,2,1,6,1,1,4,3,01,4,1,0,0,1,0,5,1,1,15,5,3,2,0,1,1,5,201400054331A01,,,,200054781
201400054355,2014-11-18,2014,novembre,mardi,18:05,75,75112,0,0,2,2,3,5,2,4,2,02,1,1,0,0,2,0,1,4,2,25,4,3,2,0,2,1,1,201400054355B01,7,16,1,200054781
201400054385,2014-12-09,2014,décembre,mardi,08:15,75,75112,0,0,2,3,3,1,1,4,3,02,1,1,0,60,1,0,1,4,2,40,1,3,2,0,2,7,1,201400054385B01,7,9,1,200054781
201400054397,2014-12-19,2014,décembre,vendredi,08:40,75,75112,0,0,2,1,6,2,8,4,2,03,1,1,0,120,2,0,5,4,1,32,1,1,2,0,1,1,1,201400054397A01,,,,200054781
201400054418,2014-01-14,2014,janvier,mardi,19:05,75,75113,0,0,2,2,6,5,1,4,2,05,2,1,0,120,1,0,1,1,1,39,5,3,2,0,1,1,7,201400054418A01,,,,200054781
201400054427,2014-01-22,2014,janvier,mercredi,14:55,75,75113,0,0,2,3,3,1,2,4,1,01,1,1,0,99,2,0,1,4,1,49,4,3,2,0,2,0,1,201400054427B01,10,22,1,200054781
201400054439,2014-02-03,2014,février,lundi,08:50,75,75113,0,0,2,2,3,1,1,4,1,02,1,1,100,100,1,0,0,4,2,37,1,1,2,0,2,1,1,201400054439B01,7,22,1,200054781
201400054448,2014-02-14,2014,février,vendredi,19:05,75,75113,0,0,2,3,3,5,8,4,-1,01,1,1,10,40,2,0,1,4,2,55,0,3,2,0,2,1,1,201400054448A01,7,15,1,200054781
201400054462,2014-03-03,2014,mars,lundi,16:40,75,75113,0,0,2,1,3,1,8,4,2,02,1,1,0,32,2,0,5,4,2,37,5,3,2,0,2,1,1,201400054462B01,7,15,1,200054781
201400054464,2014-03-06,2014,mars,jeudi,14:40,75,75113,0,0,2,1,3,1,1,4,1,01,1,1,0,90,1,0,4,4,1,28,9,3,2,0,2,0,1,201400054464A01,7,9,1,200054781
201400054466,2014-03-08,2014,mars,samedi,19:50,75,75113,0,0,2,3,6,5,1,4,1,02,2,1,0,117,1,0,5,4,2,25,5,3,2,8,0,2,21,201400054466A01,,,,200054781
201400054467,2014-03-11,2014,mars,mardi,09:50,75,75113,0,0,2,3,3,1,1,4,-1,04,1,1,150,150,1,0,1,4,2,44,0,3,2,0,2,1,1,201400054467A01,7,23,1,200054781
201400054468,2014-03-11,2014,mars,mardi,20:35,75,75113,0,0,2,3,1,5,1,4,2,03,1,1,0,70,1,0,1,4,1,33,5,3,2,0,2,1,17,201400054468B01,7,1,1,200054781
201400054469,2014-03-14,2014,mars,vendredi,12:20,75,75113,0,0,2,3,3,1,1,4,2,04,1,1,0,180,1,0,1,4,1,44,5,1,2,0,2,1,1,201400054469B01,13,16,1,200054781
201400054475,2014-03-20,2014,mars,jeudi,17:25,75,75113,0,0,2,3,3,1,1,4,2,02,2,1,0,90,1,0,1,4,1,31,1,1,2,0,2,8,1,201400054475A01,1,14,1,200054781
201400054478,2014-03-24,2014,mars,lundi,11:55,75,75113,0,0,2,1,2,1,1,4,1,01,2,1,0,0,1,0,1,4,2,52,1,2,2,1,2,1,1,201400054478B01,7,22,1,200054781
201400054480,2014-03-28,2014,mars,vendredi,16:45,75,75113,0,0,2,5,6,1,1,4,1,01,2,1,15,50,1,0,1,4,1,42,5,3,2,0,2,8,1,201400054480B01,7,1,1,200054781
201400054510,2014-05-07,2014,mai,mercredi,18:25,75,75113,0,0,2,3,6,1,1,4,2,02,1,1,0,50,1,0,1,4,1,42,1,3,2,14,2,7,21,201400054510A01,37,23,1,200054781
201400054515,2014-05-13,2014,mai,mardi,14:35,75,75113,0,0,2,3,3,1,2,4,3,02,2,1,0,0,2,0,5,4,1,44,1,3,2,0,2,1,1,201400054515B01,33,19,1,200054781