Num_Acc,date,an,mois,jour,hrmn,dep,com,lat,long,agg,int,col,lum,atm,catr,circ,nbv,prof,plan,lartpc,larrout,surf,infra,situ,grav,sexe,age,trajet,secuexist,equipement,obs,obsm,choc,manv,vehiculeid,typevehicules,manoeuvehicules,numVehicules,_infos_commune.code_epci
201400054521,2014-05-17,2014,mai,samedi,13:10,75,75113,0,0,2,4,3,1,1,4,2,00,1,1,0,0,1,0,1,4,2,34,5,3,2,0,2,1,17,201400054521B01,13,22,1,200054781
201400054522,2014-05-17,2014,mai,samedi,18:50,75,75113,0,0,2,1,3,1,1,4,3,00,1,1,0,0,1,0,1,4,1,40,0,3,2,0,2,7,14,201400054522A01,37,7,1,200054781
201400054537,2014-05-29,2014,mai,jeudi,16:05,75,75113,0,0,2,2,3,1,1,4,2,03,1,1,0,65,1,0,1,4,1,19,2,3,2,0,2,2,1,201400054537B01,7,15,1,200054781
201400054540,2014-05-30,2014,mai,vendredi,21:55,75,75113,0,0,2,2,6,5,1,4,1,04,2,1,15,80,1,0,5,4,2,27,5,3,2,0,2,3,1,201400054540A01,7,4,1,200054781
201400054554,2014-06-16,2014,juin,lundi,08:50,75,75113,0,0,2,1,2,1,1,4,1,01,1,1,0,43,1,0,1,4,1,34,1,3,2,1,2,1,1,201400054554B01,7,22,1,200054781
201400054562,2014-06-23,2014,juin,lundi,09:35,75,75113,0,0,2,1,3,1,1,4,2,00,2,1,0,0,1,0,1,4,2,48,4,1,2,0,2,3,1,201400054562B01,7,14,1,200054781
201400054563,2014-06-23,2014,juin,lundi,13:35,75,75113,0,0,2,1,2,1,1,4,1,02,1,1,0,0,1,0,5,4,2,40,5,3,2,1,2,5,1,201400054563B01,7,22,1,200054781
201400054565,2014-06-24,2014,juin,mardi,19:40,75,75113,0,0,2,2,3,1,1,4,2,04,1,1,0,0,1,0,1,4,1,23,4,3,2,0,2,8,7,201400054565B01,7,1,1,200054781
201400054566,2014-06-26,2014,juin,jeudi,12:25,75,75113,0,0,2,1,3,1,1,4,2,04,1,-1,0,160,1,0,1,4,2,48,5,3,2,0,2,8,15,201400054566A01,13,1,1,200054781
201400054569,2014-06-30,2014,juin,lundi,17:55,75,75113,0,0,2,2,3,2,1,4,1,01,1,1,0,30,1,0,0,4,2,41,1,1,2,0,2,8,15,201400054569B01,34,1,1,200054781
201400054570,2014-07-01,2014,juillet,mardi,07:55,75,75113,0,0,2,1,6,1,1,4,2,04,1,1,0,0,1,0,1,4,1,53,1,3,2,12,0,1,7,201400054570A01,,,,200054781
201400054591,2014-07-23,2014,juillet,mercredi,17:00,75,75113,0,0,2,5,3,1,1,4,2,04,1,1,0,25,1,0,1,4,1,7,5,3,2,0,2,7,19,201400054591B01,10,15,1,200054781
201400054593,2014-07-25,2014,juillet,vendredi,01:03,75,75113,0,0,2,1,3,5,1,4,2,06,2,1,0,150,1,0,5,4,1,52,1,3,2,0,2,8,1,201400054593B01,7,14,1,200054781
201400054601,2014-08-01,2014,août,vendredi,19:20,75,75113,0,0,2,2,4,1,1,4,2,03,1,1,0,100,1,0,1,4,2,64,1,3,2,0,2,8,3,201400054601C01,7,22 / 23,2,200054781
201400054604,2014-08-07,2014,août,jeudi,02:30,75,75113,0,0,2,5,3,5,8,4,2,02,2,1,0,100,2,0,1,4,1,23,0,3,2,0,2,1,1,201400054604B01,7,15,1,200054781
201400054619,2014-08-29,2014,août,vendredi,12:50,75,75113,0,0,2,7,6,1,1,4,1,02,1,1,0,120,1,0,0,4,2,35,1,3,2,0,2,6,1,201400054619B01,7,1,1,200054781
201400054623,2014-09-06,2014,septembre,samedi,19:12,75,75113,0,0,2,2,6,1,1,4,2,03,1,-1,0,160,1,0,1,4,1,45,4,3,2,12,0,0,21,201400054623A01,,,,200054781
201400054629,2014-09-12,2014,septembre,vendredi,08:55,75,75113,0,0,2,1,6,1,1,4,2,05,1,1,15,100,1,0,1,1,1,30,5,3,2,0,1,1,19,201400054629A01,33,1,1,200054781
201400054631,2014-09-12,2014,septembre,vendredi,21:30,75,75113,0,0,2,3,3,5,1,4,2,03,-1,-1,0,120,1,0,1,4,2,37,9,3,2,0,2,8,15,201400054631B01,30,17,1,200054781
201400054636,2014-09-19,2014,septembre,vendredi,12:00,75,75113,0,0,2,7,3,1,1,4,1,00,1,2,0,0,1,0,1,4,2,23,0,3,2,0,2,4,13,201400054636A01,7,1,1,200054781
201400054644,2014-09-23,2014,septembre,mardi,01:50,75,75113,0,0,2,1,6,5,1,4,2,04,1,1,0,0,1,0,4,4,2,25,5,3,2,8,0,0,1,201400054644A01,,,,200054781
201400054660,2014-10-02,2014,octobre,jeudi,08:00,75,75113,0,0,2,3,3,1,1,4,3,02,1,1,0,50,1,0,5,4,1,19,1,3,2,0,2,3,13,201400054660B01,10,1,1,200054781
201400054675,2014-10-13,2014,octobre,lundi,19:10,75,75113,0,0,2,7,2,2,1,4,1,01,1,1,0,60,1,0,1,4,2,51,0,3,2,1,2,1,1,201400054675B01,7,22,1,200054781
201400054677,2014-10-14,2014,octobre,mardi,15:55,75,75113,0,0,2,1,6,1,1,4,1,01,1,1,0,50,1,0,1,3,1,75,0,3,2,0,2,5,1,201400054677A01,34,18,1,200054781
201400054688,2014-10-23,2014,octobre,jeudi,20:20,75,75113,0,0,2,2,3,5,1,4,2,02,1,1,0,0,1,0,1,4,2,28,1,3,2,0,2,5,13,201400054688A01,37,7,1,200054781
201400054691,2014-10-30,2014,octobre,jeudi,14:30,75,75113,0,0,2,2,3,1,1,4,2,04,1,1,0,0,1,0,5,4,1,36,5,3,2,0,2,3,1,201400054691B01,10,22,1,200054781
201400054700,2014-11-04,2014,novembre,mardi,12:30,75,75113,0,0,2,1,6,1,1,4,2,06,1,1,0,10,1,0,5,4,2,57,0,3,2,12,1,1,1,201400054700A01,,,,200054781
201400054702,2014-11-05,2014,novembre,mercredi,14:45,75,75113,0,0,2,3,3,1,1,4,3,04,2,1,0,0,-1,0,5,4,1,32,5,1,2,0,2,1,1,201400054702A01,7,16,1,200054781
201400054716,2014-11-24,2014,novembre,lundi,08:55,75,75113,0,0,2,3,2,1,2,4,2,03,1,1,0,138,2,0,1,4,1,36,5,3,2,0,2,4,23,201400054716B01,34,1,1,200054781
201400054723,2014-12-02,2014,décembre,mardi,07:10,75,75113,0,0,2,1,6,5,1,4,1,01,2,1,0,0,1,0,5,4,1,46,1,3,2,0,1,1,1,201400054723A01,,,,200054781
201400054731,2014-12-13,2014,décembre,samedi,05:35,75,75113,0,0,2,5,3,5,2,4,2,04,1,1,130,130,2,0,5,4,1,20,2,3,2,0,2,3,1,201400054731A01,7,15,1,200054781
201400054738,2014-12-20,2014,décembre,samedi,22:15,75,75113,0,0,2,2,6,5,1,4,1,02,2,1,40,80,2,0,1,4,1,45,5,3,2,0,2,1,1,201400054738A01,7,1,1,200054781
201400054745,2014-01-09,2014,janvier,jeudi,20:10,75,75114,0,0,2,3,3,5,1,4,1,01,1,1,0,30,1,0,0,4,2,28,1,3,2,0,2,2,1,201400054745B01,7,18,1,200054781
201400054766,2014-02-02,2014,février,dimanche,17:55,75,75114,0,0,2,3,7,5,1,4,2,08,1,1,50,100,1,0,0,4,1,66,5,1,2,0,0,0,1,201400054766A01,,,,200054781
201400054769,2014-02-03,2014,février,lundi,19:20,75,75114,0,0,2,1,3,5,1,4,1,01,1,1,0,50,1,0,1,4,1,38,0,3,2,0,2,0,1,201400054769B01,7,22,1,200054781
201400054772,2014-02-05,2014,février,mercredi,23:00,75,75114,0,0,2,2,2,5,1,4,2,01,1,1,0,90,1,5,1,4,1,22,1,3,2,0,2,1,9,201400054772B01,7,1,1,200054781
201400054785,2014-02-25,2014,février,mardi,09:25,75,75114,0,0,2,2,3,1,1,4,1,02,1,1,0,100,2,0,1,4,2,37,0,3,2,0,2,8,1,201400054785B01,10,16,1,200054781
201400054793,2014-03-07,2014,mars,vendredi,18:00,75,75114,0,0,2,3,3,1,1,4,1,02,1,1,0,60,1,0,1,4,1,56,0,3,2,0,2,8,13,201400054793B01,7,1,1,200054781
201400054798,2014-03-17,2014,mars,lundi,08:40,75,75114,0,0,2,3,3,1,8,4,1,01,1,1,0,150,1,0,1,4,1,40,1,3,2,0,2,1,1,201400054798B01,7,5,1,200054781
201400054803,2014-03-21,2014,mars,vendredi,18:45,75,75114,0,0,2,2,6,2,1,4,1,01,1,1,0,50,1,0,1,1,2,23,1,3,2,0,1,1,5,201400054803A01,,,,200054781
201400054807,2014-03-27,2014,mars,jeudi,10:15,75,75114,0,0,2,3,3,1,1,4,2,05,1,1,0,120,1,0,1,4,1,24,2,3,2,0,2,1,1,201400054807B01,7,15,1,200054781
201400054809,2014-03-30,2014,mars,dimanche,18:15,75,75114,0,0,2,1,2,1,1,4,1,01,1,1,0,70,1,0,1,4,1,35,5,3,2,0,2,6,1,201400054809B01,7,1,1,200054781
201400054812,2014-04-07,2014,avril,lundi,08:10,75,75114,0,0,2,1,7,1,1,4,1,01,1,1,0,50,1,0,5,4,2,23,2,3,2,14,0,1,1,201400054812A01,,,,200054781
201400054814,2014-04-07,2014,avril,lundi,19:00,75,75114,0,0,2,1,7,1,2,4,1,04,1,-1,0,40,2,0,1,4,1,64,5,3,2,12,0,1,16,201400054814A01,,,,200054781
201400054817,2014-04-09,2014,avril,mercredi,14:30,75,75114,0,0,2,3,3,1,1,4,2,06,1,1,0,0,1,0,1,4,2,28,9,3,2,0,2,4,1,201400054817B01,32,1,1,200054781
201400054823,2014-04-23,2014,avril,mercredi,10:15,75,75114,0,0,2,4,3,1,1,4,1,02,1,1,20,20,1,0,1,4,2,59,4,3,2,0,2,2,7,201400054823B01,10,22,1,200054781
201400054839,2014-05-15,2014,mai,jeudi,14:35,75,75114,0,0,2,1,6,1,1,4,1,01,1,1,0,0,1,0,1,3,1,67,0,3,2,0,2,8,1,201400054839A01,10,14,1,200054781
201400054841,2014-05-17,2014,mai,samedi,14:50,75,75114,0,0,2,2,3,1,1,4,2,02,1,1,0,0,1,0,1,4,1,59,5,3,2,0,2,3,7,201400054841B01,7,15,1,200054781
201400054844,2014-05-19,2014,mai,lundi,20:10,75,75114,0,0,2,2,2,1,1,4,2,05,1,1,0,150,1,0,1,1,1,52,1,1,2,0,2,2,1,201400054844A01,33,23,1,200054781
201400054857,2014-06-04,2014,juin,mercredi,09:30,75,75114,0,0,2,3,3,1,2,4,2,06,1,1,0,180,2,0,1,4,1,41,5,3,2,0,2,1,17,201400054857A01,7,1,1,200054781
201400054858,2014-06-04,2014,juin,mercredi,18:20,75,75114,0,0,2,1,3,1,1,4,1,01,1,1,0,0,1,0,1,4,2,33,1,3,2,0,2,1,2,201400054858B01,7,22,1,200054781
201400054864,2014-06-11,2014,juin,mercredi,14:14,75,75114,0,0,2,2,3,1,1,4,2,05,2,1,0,150,1,0,0,4,1,59,1,3,2,0,2,5,1,201400054864B01,7,1,1,200054781
201400054868,2014-06-13,2014,juin,vendredi,16:40,75,75114,0,0,2,1,6,1,1,4,2,02,2,1,0,65,-1,0,1,1,1,20,5,3,2,0,1,1,1,201400054868A01,,,,200054781
201400054884,2014-06-27,2014,juin,vendredi,18:10,75,75114,0,0,2,1,2,1,1,4,1,01,1,1,0,30,1,0,1,4,1,64,5,3,2,1,2,7,1,201400054884B01,7,22,1,200054781
201400054893,2014-07-05,2014,juillet,samedi,18:00,75,75114,0,0,2,1,3,1,1,4,2,06,1,1,0,70,1,0,0,4,1,56,1,1,2,0,2,1,18,201400054893B01,7,22,1,200054781
201400054894,2014-07-06,2014,juillet,dimanche,03:15,75,75114,0,0,2,3,7,5,1,4,2,03,1,1,0,70,9,0,1,4,2,31,5,3,2,0,0,1,1,201400054894A01,,,,200054781
201400054902,2014-07-23,2014,juillet,mercredi,19:50,75,75114,0,0,2,2,3,1,1,4,3,00,-1,-1,0,0,-1,0,5,4,1,48,0,3,2,0,2,1,1,201400054902B01,7,16,1,200054781
201400054903,2014-07-25,2014,juillet,vendredi,02:10,75,75114,0,0,2,1,7,5,1,4,1,01,1,1,0,15,1,0,5,4,1,30,5,3,2,0,0,0,1,201400054903A01,,,,200054781
201400054914,2014-08-16,2014,août,samedi,11:55,75,75114,0,0,2,3,2,1,1,4,2,02,1,1,0,0,1,0,5,4,1,26,5,2,2,0,2,8,7,201400054914B01,7,16,1,200054781
201400054919,2014-08-28,2014,août,jeudi,14:55,75,75114,0,0,2,3,6,1,8,4,1,01,1,1,0,30,1,0,4,1,1,18,5,3,2,9,1,0,1,201400054919A01,,,,200054781
201400054923,2014-08-31,2014,août,dimanche,20:30,75,75114,0,0,2,1,1,5,1,4,2,02,1,1,20,90,1,0,1,1,1,21,5,2,2,0,2,1,15,201400054923A01,34,1,1,200054781
201400054924,2014-09-02,2014,septembre,mardi,18:05,75,75114,0,0,2,5,3,1,1,4,2,04,1,1,20,200,1,0,1,4,1,41,0,3,2,0,2,1,1,201400054924B01,7,1,1,200054781
201400054929,2014-09-06,2014,septembre,samedi,00:15,75,75114,0,0,2,5,3,5,1,4,2,00,1,-1,0,110,1,0,1,4,2,34,5,3,2,0,2,1,7,201400054929B01,7,15,1,200054781
201400054937,2014-09-14,2014,septembre,dimanche,17:30,75,75114,0,0,2,1,7,1,1,4,1,01,1,1,0,10,1,0,5,4,1,69,5,3,2,0,0,7,21,201400054937A01,,,,200054781
201400054941,2014-09-24,2014,septembre,mercredi,10:15,75,75114,0,0,2,2,2,1,1,4,2,01,1,1,80,200,1,6,5,4,1,63,1,3,2,0,2,8,1,201400054941B01,10,16,1,200054781
201400054944,2014-09-25,2014,septembre,jeudi,17:30,75,75107,0,0,2,1,6,1,1,4,2,01,1,1,0,80,1,0,1,4,2,23,2,3,2,0,2,2,1,201400054944A01,7,17,1,200054781
201400054945,2014-09-25,2014,septembre,jeudi,18:40,75,75114,0,0,2,5,2,1,1,4,3,02,1,1,0,60,1,0,1,4,1,34,1,2,2,0,2,7,19,201400054945B01,7,16,1,200054781
201400054948,2014-10-03,2014,octobre,vendredi,08:00,75,75114,0,0,2,7,3,1,1,4,1,02,1,3,0,100,1,0,1,4,1,39,0,3,2,0,2,3,1,201400054948B01,7,16,1,200054781
201400054955,2014-10-12,2014,octobre,dimanche,11:50,75,75114,0,0,2,1,2,1,1,4,2,01,1,1,0,70,1,0,5,4,1,18,5,3,2,0,2,1,11,201400054955A01,7,23,1,200054781
201400054959,2014-10-19,2014,octobre,dimanche,06:20,75,75114,0,0,2,1,1,5,1,4,3,03,1,1,0,90,1,0,1,4,1,22,5,3,2,0,2,1,13,201400054959A01,7,1,1,200054781
201400054960,2014-10-19,2014,octobre,dimanche,19:40,75,75114,0,0,2,3,3,3,1,4,2,05,1,1,0,0,1,0,1,4,2,34,5,3,2,0,2,8,7,201400054960B01,7,17,1,200054781
201400054963,2014-10-23,2014,octobre,jeudi,09:00,75,75114,0,0,2,2,5,1,1,4,3,04,1,1,0,40,1,0,1,4,1,26,0,1,2,0,2,1,1,201400054963A01,32 / 31,1,2,200054781
201400054971,2014-11-04,2014,novembre,mardi,08:45,75,75114,0,0,2,7,3,1,8,4,2,04,1,1,0,20,1,0,1,4,2,47,0,3,2,0,2,0,19,201400054971B01,13,16,1,200054781
201400054985,2014-11-21,2014,novembre,vendredi,05:50,75,75114,0,0,2,1,6,5,1,4,2,03,2,1,0,100,1,0,4,1,1,57,1,3,2,0,1,0,1,201400054985A01,,,,200054781
201400054990,2014-11-26,2014,novembre,mercredi,21:00,75,75114,0,0,2,1,7,5,1,4,1,02,2,1,40,50,2,0,4,4,1,32,5,2,2,15,0,7,1,201400054990A01,,,,200054781
201400055002,2014-12-09,2014,décembre,mardi,12:40,75,75114,0,0,2,3,6,1,1,4,1,00,1,1,0,0,1,0,1,4,2,50,1,3,2,0,2,1,15,201400055002A01,7,1,1,200054781
201400055003,2014-12-09,2014,décembre,mardi,13:25,75,75114,0,0,2,1,3,1,1,4,1,01,4,1,0,20,1,0,5,4,1,28,1,3,2,0,2,3,1,201400055003B01,10,16,1,200054781
201400055006,2014-12-10,2014,décembre,mercredi,08:40,75,75114,0,0,2,5,3,1,2,4,3,02,1,1,0,0,2,0,1,4,1,57,0,3,2,0,2,1,1,201400055006B01,7,15,1,200054781
201400055017,2014-12-18,2014,décembre,jeudi,19:55,75,75114,0,0,2,1,4,5,1,4,1,01,1,1,0,70,1,0,1,4,1,32,1,2,2,1,2,7,1,201400055017B01,7,1 / 22,2,200054781
201400055084,2014-03-02,2014,mars,dimanche,10:30,75,75115,0,0,2,2,3,1,2,4,1,02,1,1,30,40,1,0,1,3,1,54,0,3,2,0,2,6,1,201400055084B01,7,1,1,200054781
201400055090,2014-03-11,2014,mars,mardi,12:50,75,75115,0,0,2,2,6,1,1,4,1,01,1,1,0,37,1,5,1,1,1,22,2,3,2,0,1,1,16,201400055090A01,,,,200054781
201400055091,2014-03-11,2014,mars,mardi,14:20,75,75115,0,0,2,1,3,1,1,4,2,04,-1,-1,0,0,1,2,1,4,2,57,5,2,2,0,2,8,13,201400055091A01,10,17,1,200054781
201400055103,2014-03-20,2014,mars,jeudi,15:35,75,75115,0,0,2,5,3,1,1,4,2,04,-1,-1,0,0,-1,0,1,4,1,47,0,3,2,0,2,3,13,201400055103A01,32,1,1,200054781
201400055115,2014-04-02,2014,avril,mercredi,16:30,75,75115,0,0,2,3,3,1,1,4,1,01,-1,-1,0,0,1,0,5,4,2,22,5,3,2,0,2,7,1,201400055115A01,7,1,1,200054781
201400055131,2014-04-19,2014,avril,samedi,21:40,75,75115,0,0,2,1,2,5,1,4,1,01,1,1,0,80,1,0,1,1,1,28,5,3,2,0,2,7,17,201400055131B01,33,23,1,200054781
201400055137,2014-04-27,2014,avril,dimanche,22:10,75,75115,0,0,2,2,2,5,1,4,2,02,1,1,0,0,1,0,1,1,2,21,0,3,2,0,2,3,15,201400055137B01,2,2,1,200054781
201400055145,2014-05-01,2014,mai,jeudi,19:50,75,75115,0,0,2,1,3,2,2,4,1,01,1,1,0,50,2,0,1,4,2,22,5,3,2,0,2,2,1,201400055145B01,7,22,1,200054781
201400055151,2014-05-10,2014,mai,samedi,12:00,75,75115,0,0,2,1,3,1,2,4,1,02,2,1,0,190,2,0,1,4,1,60,5,3,2,0,2,8,7,201400055151B01,7,22,1,200054781
201400055174,2014-06-10,2014,juin,mardi,09:40,75,75115,0,0,2,1,3,1,1,4,2,02,1,1,0,0,1,0,1,4,1,54,9,3,2,0,2,0,1,201400055174B01,7,22,1,200054781
201400055190,2014-06-20,2014,juin,vendredi,17:20,75,75115,0,0,2,2,3,1,1,4,1,02,1,1,0,60,1,0,1,4,1,23,1,3,2,0,2,1,1,201400055190B01,7,1,1,200054781
201400055192,2014-06-21,2014,juin,samedi,15:50,75,75115,0,0,2,1,3,1,1,4,2,02,1,1,0,102,1,0,1,4,2,43,0,3,2,0,2,3,2,201400055192B01,7,2,1,200054781
201400055195,2014-06-24,2014,juin,mardi,10:15,75,75115,0,0,2,1,2,1,1,4,2,02,1,1,0,130,1,0,1,4,1,42,0,3,2,0,2,2,1,201400055195B01,7,22,1,200054781
201400055196,2014-06-25,2014,juin,mercredi,20:30,75,75115,0,0,2,2,6,2,1,4,2,04,1,1,20,80,1,0,1,4,1,49,0,3,2,0,2,6,15,201400055196B01,32,17,1,200054781
201400055197,2014-06-27,2014,juin,vendredi,14:50,75,75115,0,0,2,1,6,1,1,4,1,01,1,1,0,0,1,0,1,1,2,27,1,3,2,0,1,1,1,201400055197A01,,,,200054781
201400055198,2014-06-27,2014,juin,vendredi,15:05,75,75115,0,0,2,1,7,1,1,4,2,01,1,1,0,0,1,0,1,4,2,29,5,3,2,1,0,2,21,201400055198A01,,,,200054781
201400055220,2014-08-05,2014,août,mardi,17:55,75,75115,0,0,2,1,7,1,1,4,3,04,2,1,0,0,1,0,5,3,1,54,1,3,2,0,0,0,1,201400055220A01,,,,200054781
201400055229,2014-08-22,2014,août,vendredi,14:05,75,75115,0,0,2,1,2,1,1,4,2,02,1,1,0,120,1,0,1,4,2,51,4,2,2,1,2,1,1,201400055229B01,7,22,1,200054781
201400055243,2014-09-08,2014,septembre,lundi,07:00,75,75115,0,0,2,1,3,1,1,4,1,01,1,1,0,36,1,0,1,4,1,48,1,3,2,0,2,2,1,201400055243B01,7,22,1,200054781
201400055247,2014-09-09,2014,septembre,mardi,16:20,75,75115,0,0,2,1,6,1,1,4,1,00,1,-1,0,120,1,0,1,4,2,26,1,3,2,0,1,7,1,201400055247A01,,,,200054781
201400055262,2014-09-24,2014,septembre,mercredi,02:04,75,75115,0,0,2,2,3,5,1,4,-1,01,1,-1,0,0,1,0,1,4,1,22,9,3,2,0,2,8,1,201400055262B01,7,1,1,200054781
201400055263,2014-09-24,2014,septembre,mercredi,10:35,75,75115,0,0,2,2,6,1,1,4,1,02,1,1,20,40,1,0,1,1,2,13,0,2,2,1,1,1,1,201400055263A01,,,,200054781
201400055264,2014-09-24,2014,septembre,mercredi,18:25,75,75115,0,0,2,1,6,1,1,4,1,01,1,1,0,50,1,0,1,1,1,29,1,3,2,0,1,3,1,201400055264A01,,,,200054781
201400055276,2014-10-01,2014,octobre,mercredi,15:30,75,75115,0,0,2,1,6,1,1,4,1,02,1,1,90,100,1,0,1,4,1,74,0,3,2,12,2,4,7,201400055276B01,7,14,1,200054781
201400055277,2014-10-01,2014,octobre,mercredi,21:50,75,75115,0,0,2,1,3,3,1,4,3,02,1,1,0,60,1,0,1,4,1,50,9,3,2,0,2,1,1,201400055277B01,7,10,1,200054781
201400055279,2014-10-02,2014,octobre,jeudi,13:00,75,75115,0,0,2,1,3,1,1,4,2,02,1,1,0,200,1,2,5,4,2,52,0,1,2,0,2,4,13,201400055279B01,34,2,1,200054781
201400055288,2014-10-11,2014,octobre,samedi,17:45,75,75115,0,0,2,4,7,1,1,4,3,01,1,1,0,0,1,0,1,4,2,33,0,3,2,0,0,1,1,201400055288A01,,,,200054781
201400055289,2014-10-09,2014,octobre,jeudi,15:30,75,75115,0,0,2,3,3,1,1,4,2,02,1,1,80,60,1,0,1,1,1,23,1,3,2,0,2,1,15,201400055289A01,1,1,1,200054781
201400055289,2014-10-09,2014,octobre,jeudi,15:30,75,75115,0,0,2,3,3,1,1,4,2,02,1,1,80,60,1,0,1,4,1,66,9,3,2,0,2,7,1,201400055289B01,1,15,1,200054781
201400055292,2014-10-15,2014,octobre,mercredi,17:00,75,75115,0,0,2,2,6,1,8,4,2,02,1,1,0,100,2,0,1,4,1,14,0,3,2,1,0,0,15,201400055292A01,,,,200054781
201400055299,2014-10-22,2014,octobre,mercredi,14:55,75,75115,0,0,2,3,2,1,1,4,1,03,1,1,0,0,1,0,1,4,1,46,5,3,2,0,2,1,2,201400055299A01,14,23,1,200054781
201400055301,2014-10-25,2014,octobre,samedi,15:10,75,75107,0,0,2,1,6,1,2,4,3,01,1,1,0,0,2,0,5,4,1,32,1,1,2,0,2,1,1,201400055301B01,7,22,1,200054781
201400055310,2014-10-30,2014,octobre,jeudi,23:25,75,75115,0,0,2,2,3,5,1,4,-1,01,1,1,0,90,1,0,1,4,1,23,0,3,2,0,2,7,1,201400055310A01,7,1,1,200054781
201400055349,2014-12-10,2014,décembre,mercredi,11:45,75,75115,0,0,2,7,1,1,8,4,1,02,1,1,0,60,2,0,1,4,2,26,2,3,2,0,2,1,5,201400055349A01,7,1,1,200054781
201400055350,2014-12-10,2014,décembre,mercredi,13:45,75,75115,0,0,2,1,6,1,2,4,2,01,1,1,0,80,2,0,1,1,1,33,5,3,2,0,1,3,1,201400055350A01,,,,200054781
201400055358,2014-12-16,2014,décembre,mardi,08:40,75,75115,0,0,2,2,6,2,2,4,1,01,2,1,0,20,2,0,1,4,1,58,1,1,2,1,0,4,1,201400055358A01,7,17,1,200054781
201400055368,2014-12-24,2014,décembre,mercredi,09:58,75,75115,0,0,2,1,6,1,1,4,2,02,1,1,0,50,1,0,1,1,2,54,1,1,2,0,1,1,1,201400055368A01,,,,200054781
201400055418,2014-02-05,2014,février,mercredi,15:10,75,75116,0,0,2,2,3,1,2,4,1,02,1,1,0,0,2,0,1,4,1,42,4,3,2,0,0,7,16,201400055418A01,33,21,1,200054781
201400055437,2014-02-24,2014,février,lundi,13:00,75,75116,0,0,2,4,6,1,1,4,1,01,1,3,0,0,1,6,5,1,1,43,0,1,2,0,1,1,2,201400055437A01,,,,200054781
201400055445,2014-03-05,2014,mars,mercredi,12:00,75,75116,0,0,2,2,3,1,1,4,-1,04,1,1,0,0,1,0,1,4,1,37,5,1,2,0,2,4,1,201400055445B01,31,11,1,200054781
201400055450,2014-03-06,2014,mars,jeudi,19:00,75,75116,0,0,2,1,3,5,1,4,1,01,2,1,0,0,1,0,1,4,1,74,5,3,2,0,2,1,1,201400055450B01,7,22,1,200054781
201400055452,2014-03-08,2014,mars,samedi,16:15,75,75116,0,0,2,2,2,1,1,4,1,00,1,3,0,0,1,0,5,1,1,29,5,1,2,0,2,8,21,201400055452B01,1,21,1,200054781
201400055452,2014-03-08,2014,mars,samedi,16:15,75,75116,0,0,2,2,2,1,1,4,1,00,1,3,0,0,1,0,5,4,1,53,5,1,2,0,2,1,21,201400055452A01,1,21,1,200054781
201400055453,2014-03-09,2014,mars,dimanche,18:30,75,75116,0,0,2,1,6,1,1,4,1,01,1,1,0,0,-1,0,1,1,2,54,5,3,2,0,1,1,5,201400055453A01,,,,200054781
201400055480,2014-03-26,2014,mars,mercredi,09:15,75,75116,0,0,2,7,2,1,1,4,2,02,1,1,0,0,1,0,1,4,1,33,1,3,2,0,2,1,1,201400055480A01,7,23,1,200054781
201400055487,2014-03-28,2014,mars,vendredi,18:55,75,75116,0,0,2,1,2,2,1,4,1,01,1,1,0,0,1,0,1,4,1,70,5,1,2,0,2,1,1,201400055487A01,7,9,1,200054781
201400055494,2014-04-06,2014,avril,dimanche,09:30,75,75116,0,0,2,7,3,1,1,4,2,02,1,1,50,100,1,0,0,4,1,37,5,3,2,0,2,4,1,201400055494A01,7,1,1,200054781
201400055495,2014-04-06,2014,avril,dimanche,11:30,75,75116,0,0,2,1,3,1,1,4,2,01,1,2,50,100,-1,0,5,4,1,36,5,1,2,0,2,1,1,201400055495B01,7,15,1,200054781
201400055500,2014-04-08,2014,avril,mardi,12:25,75,75116,0,0,2,1,2,1,1,4,-1,00,1,1,0,0,1,0,1,4,1,30,1,2,2,1,2,1,1,201400055500B01,7,22,1,200054781
201400055509,2014-04-10,2014,avril,jeudi,14:30,75,75116,0,0,2,7,3,1,1,4,2,02,1,1,0,0,1,0,1,4,1,43,5,1,2,0,2,8,1,201400055509B01,10,16,1,200054781
201400055514,2014-04-13,2014,avril,dimanche,08:45,75,75116,0,0,2,2,5,1,1,4,2,03,1,1,0,0,1,0,1,4,1,56,4,1,2,0,2,2,23,201400055514B01,7,23 / 16,2,200054781
201400055517,2014-04-16,2014,avril,mercredi,10:00,75,75116,0,0,2,1,2,1,7,4,2,01,1,1,0,0,1,6,1,4,1,24,9,3,2,2,0,1,1,201400055517B01,10,23,1,200054781
201400055530,2014-04-26,2014,avril,samedi,17:20,75,75116,0,0,2,3,3,1,1,4,1,02,1,-1,0,0,1,0,1,4,1,45,5,3,2,0,2,1,19,201400055530A01,7,16,1,200054781
201400055531,2014-04-27,2014,avril,dimanche,12:35,75,75116,0,0,2,1,4,1,1,4,2,01,1,2,50,100,3,0,5,4,1,38,5,3,2,0,2,1,1,201400055531C01,7,10,1,200054781
201400055531,2014-04-27,2014,avril,dimanche,12:35,75,75116,0,0,2,1,4,1,1,4,2,01,1,2,50,100,3,0,5,4,1,36,5,1,2,0,2,0,1,201400055531B01,7,10,1,200054781
201400055535,2014-04-28,2014,avril,lundi,18:15,75,75116,0,0,2,5,3,1,1,4,2,04,1,1,0,0,1,0,1,4,1,59,5,3,2,0,2,8,1,201400055535B01,7,16,1,200054781
201400055539,2014-05-03,2014,mai,samedi,02:30,75,75116,0,0,2,1,6,5,1,4,2,01,2,1,0,40,1,0,1,4,1,19,5,3,2,1,0,1,1,201400055539A01,,,,200054781