Num_Acc,date,an,mois,jour,hrmn,dep,com,lat,long,agg,int,col,lum,atm,catr,circ,nbv,prof,plan,lartpc,larrout,surf,infra,situ,grav,sexe,age,trajet,secuexist,equipement,obs,obsm,choc,manv,vehiculeid,typevehicules,manoeuvehicules,numVehicules,_infos_commune.code_epci
201400055540,2014-05-03,2014,mai,samedi,10:20,75,75116,0,0,2,1,7,1,1,4,2,03,1,3,0,0,1,0,5,4,1,42,5,3,2,1,0,1,13,201400055540A01,,,,200054781
201400055542,2014-05-04,2014,mai,dimanche,11:40,75,75116,0,0,2,1,6,1,1,4,1,02,1,1,0,0,1,0,5,1,1,46,5,1,2,0,1,1,1,201400055542A01,,,,200054781
201400055553,2014-05-11,2014,mai,dimanche,11:15,75,75116,0,0,2,1,6,1,2,4,1,01,1,3,0,0,2,0,5,4,2,54,5,1,2,0,1,1,1,201400055553A01,,,,200054781
201400055561,2014-05-17,2014,mai,samedi,17:00,75,75116,0,0,2,5,2,1,1,4,1,03,1,1,0,0,1,0,1,4,1,56,5,3,2,0,2,4,7,201400055561B01,7,7,1,200054781
201400055568,2014-05-23,2014,mai,vendredi,15:30,75,75116,0,0,2,1,3,1,1,4,1,01,1,1,0,0,1,0,1,4,1,38,5,3,2,0,2,8,1,201400055568B01,10,17,1,200054781
201400055574,2014-05-27,2014,mai,mardi,16:00,75,75116,0,0,2,7,2,1,1,4,1,02,2,1,0,0,1,0,1,4,1,43,5,1,2,0,2,3,7,201400055574A01,10,16,1,200054781
201400055584,2014-06-05,2014,juin,jeudi,19:14,75,75116,0,0,2,3,3,1,1,4,1,00,1,3,0,0,1,0,5,4,1,51,5,1,2,0,2,0,1,201400055584B01,7,1,1,200054781
201400055585,2014-06-06,2014,juin,vendredi,10:05,75,75116,0,0,2,5,6,1,1,4,2,08,1,1,0,0,1,0,1,4,1,47,4,3,2,0,2,5,1,201400055585B01,34,12,1,200054781
201400055597,2014-06-11,2014,juin,mercredi,18:25,75,75116,0,0,2,1,7,1,1,4,1,01,1,1,0,40,1,0,1,4,1,59,5,1,2,12,0,1,1,201400055597A01,,,,200054781
201400055599,2014-06-13,2014,juin,vendredi,20:20,75,75116,0,0,2,1,6,1,1,4,1,01,1,1,0,0,1,0,1,4,2,34,5,1,2,0,1,1,1,201400055599A01,,,,200054781
201400055602,2014-06-11,2014,juin,mercredi,16:20,75,75116,0,0,2,2,2,1,1,4,2,02,2,1,50,100,1,0,1,3,1,24,5,3,2,0,2,1,7,201400055602B01,14,16,1,200054781
201400055603,2014-06-15,2014,juin,dimanche,18:05,75,75116,0,0,2,2,3,1,1,4,2,02,1,1,0,0,1,0,1,4,2,17,5,2,2,0,2,7,2,201400055603B01,7,2,1,200054781
201400055605,2014-06-16,2014,juin,lundi,18:20,75,75116,0,0,2,3,2,1,1,4,1,01,1,1,0,0,1,0,1,4,1,26,5,3,2,0,2,1,15,201400055605A01,7,1,1,200054781
201400055614,2014-06-22,2014,juin,dimanche,18:25,75,75116,0,0,2,7,3,1,1,4,1,02,1,1,0,0,1,0,1,4,2,19,5,3,2,0,2,3,15,201400055614A01,7,1,1,200054781
201400055616,2014-06-25,2014,juin,mercredi,11:30,75,75116,0,0,2,1,6,1,1,4,1,01,1,1,0,0,1,0,1,4,1,15,5,3,2,0,2,1,1,201400055616A01,7,1,1,200054781
201400055634,2014-07-03,2014,juillet,jeudi,22:00,75,75116,0,0,2,1,2,2,1,4,-1,01,1,1,0,0,1,0,5,4,1,16,5,1,2,0,2,1,2,201400055634A01,1,23,1,200054781
201400055634,2014-07-03,2014,juillet,jeudi,22:00,75,75116,0,0,2,1,2,2,1,4,-1,01,1,1,0,0,1,0,5,4,2,35,5,3,2,0,2,6,23,201400055634B01,1,2,1,200054781
201400055649,2014-07-17,2014,juillet,jeudi,18:40,75,75116,0,0,2,5,3,1,1,4,2,02,1,1,20,30,1,0,1,4,1,36,4,3,2,0,2,1,18,201400055649A01,7,15,1,200054781
201400055654,2014-07-20,2014,juillet,dimanche,11:10,75,75116,0,0,2,1,6,1,1,4,1,01,1,3,0,0,1,0,1,4,1,61,5,1,2,0,1,8,17,201400055654A01,,,,200054781
201400055657,2014-07-28,2014,juillet,lundi,10:12,75,75116,0,0,2,7,3,1,1,4,1,01,1,-1,120,200,1,0,1,4,1,40,1,3,2,0,2,1,15,201400055657A01,32,17,1,200054781
201400055663,2014-08-01,2014,août,vendredi,19:40,75,75116,0,0,2,4,3,1,1,4,1,01,2,-1,0,0,1,0,5,4,1,44,1,3,2,0,2,3,1,201400055663A01,33,1,1,200054781
201400055671,2014-08-22,2014,août,vendredi,17:30,75,75116,0,0,2,1,3,1,1,4,2,02,1,1,0,0,1,0,0,4,1,21,5,3,2,0,2,3,9,201400055671A01,7,16,1,200054781
201400055683,2014-09-03,2014,septembre,mercredi,09:20,75,75116,0,0,2,5,3,1,1,4,2,00,1,1,0,0,-1,0,1,4,2,49,1,3,2,0,2,8,15,201400055683A01,30,1,1,200054781
201400055685,2014-09-05,2014,septembre,vendredi,09:00,75,75116,0,0,2,3,3,1,1,4,1,02,1,1,0,0,1,0,0,4,1,54,1,3,2,0,2,1,1,201400055685B01,7,9,1,200054781
201400055711,2014-09-19,2014,septembre,vendredi,18:00,75,75116,0,0,2,1,7,1,1,4,-1,01,2,-1,0,0,2,0,0,4,2,37,5,3,2,0,0,0,1,201400055711A01,,,,200054781
201400055718,2014-09-24,2014,septembre,mercredi,22:40,75,75116,0,0,2,7,7,5,1,4,2,02,1,1,0,0,1,0,1,4,1,21,5,3,2,0,0,0,1,201400055718A01,,,,200054781
201400055724,2014-09-29,2014,septembre,lundi,14:15,75,75116,0,0,2,1,6,1,1,4,2,02,1,1,0,0,1,0,1,4,2,35,0,3,2,1,0,1,1,201400055724A01,,,,200054781
201400055728,2014-09-30,2014,septembre,mardi,19:00,75,75116,0,0,2,1,5,1,1,4,2,02,1,1,0,0,1,0,1,4,1,35,5,1,2,0,2,1,1,201400055728C01,7,15,1,200054781
201400055728,2014-09-30,2014,septembre,mardi,19:00,75,75116,0,0,2,1,5,1,1,4,2,02,1,1,0,0,1,0,1,4,1,47,5,1,2,0,2,1,1,201400055728B01,7,15,1,200054781
201400055731,2014-10-02,2014,octobre,jeudi,13:10,75,75116,0,0,2,4,4,1,1,4,1,01,1,1,0,0,1,0,5,4,1,70,5,1,2,0,2,8,15,201400055731A01,1,1,2,200054781
201400055731,2014-10-02,2014,octobre,jeudi,13:10,75,75116,0,0,2,4,4,1,1,4,1,01,1,1,0,0,1,0,5,4,1,39,5,1,2,0,2,1,1,201400055731B01,1,15 / 1,2,200054781
201400055731,2014-10-02,2014,octobre,jeudi,13:10,75,75116,0,0,2,4,4,1,1,4,1,01,1,1,0,0,1,0,5,4,1,38,5,1,2,0,2,0,1,201400055731C01,1,15 / 1,2,200054781
201400055741,2014-10-08,2014,octobre,mercredi,17:45,75,75116,0,0,2,1,2,2,2,4,1,01,1,-1,0,0,2,0,1,4,1,57,5,2,2,0,2,1,1,201400055741A01,1,1,1,200054781
201400055741,2014-10-08,2014,octobre,mercredi,17:45,75,75116,0,0,2,1,2,2,2,4,1,01,1,-1,0,0,2,0,1,1,1,76,5,3,2,0,2,4,1,201400055741B01,1,1,1,200054781
201400055746,2014-10-11,2014,octobre,samedi,20:30,75,75116,0,0,2,3,3,5,1,4,1,03,1,1,0,0,1,5,5,4,1,36,5,1,2,0,2,1,1,201400055746B01,7,15,1,200054781
201400055761,2014-10-16,2014,octobre,jeudi,20:55,75,75116,0,0,2,7,3,5,2,4,-1,01,1,1,0,0,1,0,1,4,2,38,1,3,2,0,2,7,1,201400055761A01,7,15,1,200054781
201400055764,2014-10-19,2014,octobre,dimanche,12:50,75,75116,0,0,2,1,2,1,1,4,1,01,1,3,0,0,1,0,1,4,1,19,5,1,2,0,2,1,2,201400055764B01,7,23,1,200054781
201400055778,2014-10-25,2014,octobre,samedi,12:45,75,75116,0,0,2,3,3,1,1,4,2,02,1,1,0,100,1,0,1,4,1,29,1,3,2,0,2,1,1,201400055778B01,7,10,1,200054781
201400055779,2014-10-26,2014,octobre,dimanche,11:45,75,75116,0,0,2,1,3,1,1,4,2,01,1,1,0,0,1,0,1,4,1,52,5,1,2,0,2,1,1,201400055779B01,7,9,1,200054781
201400055792,2014-11-05,2014,novembre,mercredi,13:45,75,75116,0,0,2,4,3,1,1,4,-1,01,1,-1,0,0,1,0,1,4,2,66,5,3,2,0,2,8,1,201400055792B01,7,16,1,200054781
201400055809,2014-11-18,2014,novembre,mardi,17:00,75,75116,0,0,2,4,3,2,2,4,1,04,1,2,0,0,2,5,1,4,1,20,4,3,2,0,2,7,1,201400055809B01,7,1,1,200054781
201400055818,2014-11-23,2014,novembre,dimanche,16:00,75,75116,0,0,2,1,6,1,1,4,1,01,1,1,0,0,1,0,1,1,1,14,5,3,2,0,1,3,5,201400055818A01,,,,200054781
201400055831,2014-11-29,2014,novembre,samedi,15:00,75,75116,0,0,2,3,6,1,1,4,1,02,2,1,0,0,1,0,0,1,1,35,1,1,2,0,1,1,16,201400055831A01,,,,200054781
201400055839,2014-12-04,2014,décembre,jeudi,15:15,75,75116,0,0,2,1,6,1,1,4,1,01,1,1,0,0,1,0,1,1,1,18,2,3,2,0,1,1,5,201400055839A01,,,,200054781
201400055845,2014-12-08,2014,décembre,lundi,10:30,75,75116,0,0,2,7,3,1,2,4,-1,00,1,1,0,0,1,0,1,4,2,40,1,3,2,0,2,1,1,201400055845B01,7,15,1,200054781
201400055855,2014-12-15,2014,décembre,lundi,18:05,75,75116,0,0,2,7,3,5,2,4,-1,04,1,-1,0,0,2,0,1,4,1,52,0,1,2,0,2,7,1,201400055855B01,7,11,1,200054781
201400055876,2014-01-16,2014,janvier,jeudi,13:00,75,75116,0,0,2,5,3,1,2,4,2,02,1,1,0,50,2,0,1,1,1,38,4,1,2,0,2,8,23,201400055876B01,32,2,1,200054781
201400055911,2014-02-03,2014,février,lundi,18:20,75,75117,0,0,2,1,6,5,1,4,2,01,1,1,40,40,1,0,1,1,1,36,5,3,2,0,1,1,1,201400055911A01,,,,200054781
201400055913,2014-02-05,2014,février,mercredi,19:15,75,75117,0,0,2,1,4,5,2,4,2,01,1,1,0,0,2,0,1,4,1,27,1,1,2,1,2,1,1,201400055913B01,7,23 / 22,2,200054781
201400055921,2014-02-12,2014,février,mercredi,17:50,75,75117,0,0,2,2,3,5,2,4,1,01,1,1,0,0,2,0,1,4,1,47,5,3,2,0,2,1,1,201400055921A01,7,1,1,200054781
201400055923,2014-02-13,2014,février,jeudi,07:40,75,75117,0,0,2,1,6,2,2,4,2,02,1,1,0,100,2,0,1,4,1,34,1,3,2,0,1,8,7,201400055923A01,,,,200054781
201400055941,2014-02-27,2014,février,jeudi,15:55,75,75117,0,0,2,1,2,1,2,4,1,01,2,1,0,0,2,6,1,4,1,49,1,3,2,0,0,1,1,201400055941A01,10,23,1,200054781
201400055951,2014-03-07,2014,mars,vendredi,08:30,75,75117,0,0,2,7,6,1,1,4,1,02,1,-1,0,0,1,0,1,4,1,53,1,3,2,0,2,6,2,201400055951A01,30,2,1,200054781
201400055954,2014-03-08,2014,mars,samedi,10:40,75,75117,0,0,2,2,3,1,1,4,2,02,-1,1,0,60,1,0,1,4,1,23,1,3,2,0,2,1,1,201400055954B01,13,22,1,200054781
201400055961,2014-03-13,2014,mars,jeudi,08:19,75,75117,0,0,2,5,3,1,1,4,2,03,1,1,0,80,1,0,1,4,1,38,1,3,2,0,2,3,1,201400055961A01,33,1,1,200054781
201400055962,2014-03-13,2014,mars,jeudi,16:30,75,75117,0,0,2,5,6,1,1,4,2,02,1,1,0,100,1,0,1,4,2,25,5,3,2,0,2,8,19,201400055962A01,7,1,1,200054781
201400055971,2014-03-25,2014,mars,mardi,09:30,75,75117,0,0,2,2,1,1,2,4,2,04,1,1,0,0,2,0,1,4,1,46,1,3,2,0,2,1,1,201400055971B01,37,15,1,200054781
201400055984,2014-04-02,2014,avril,mercredi,00:35,75,75117,0,0,2,2,3,5,1,4,2,02,1,1,0,0,1,0,1,4,2,23,4,3,2,0,2,7,19,201400055984B01,2,1,1,200054781
201400055986,2014-04-08,2014,avril,mardi,09:30,75,75117,0,0,2,1,6,1,1,4,2,00,1,1,0,0,1,0,1,4,2,28,1,3,2,0,2,0,1,201400055986A01,32,17,1,200054781
201400056009,2014-05-02,2014,mai,vendredi,11:15,75,75117,0,0,2,2,3,1,1,4,-1,01,1,1,0,0,1,0,1,4,2,25,1,3,2,0,2,1,1,201400056009A01,7,1,1,200054781
201400056018,2014-05-12,2014,mai,lundi,10:35,75,75117,0,0,2,2,3,1,2,4,1,01,-1,-1,0,0,1,0,1,4,2,51,0,3,2,0,2,0,1,201400056018B01,7,1,1,200054781
201400056048,2014-06-04,2014,juin,mercredi,09:00,75,75117,0,0,2,1,3,1,3,4,2,02,1,1,0,0,2,0,1,1,1,44,1,3,2,0,2,4,13,201400056048A01,31,1,1,200054781
201400056051,2014-06-06,2014,juin,vendredi,13:15,75,75117,0,0,2,3,3,1,1,4,1,03,1,1,0,0,1,0,1,4,1,17,2,3,2,0,2,1,7,201400056051A01,7,16,1,200054781
201400056056,2014-06-11,2014,juin,mercredi,15:00,75,75117,0,0,2,5,6,1,1,4,1,03,1,1,0,0,1,5,1,4,1,12,5,3,2,0,2,8,19,201400056056A01,33,1,1,200054781
201400056065,2014-06-17,2014,juin,mardi,12:50,75,75117,0,0,2,3,6,1,1,4,1,01,1,1,0,0,1,0,4,1,1,53,5,3,2,0,1,1,5,201400056065A01,,,,200054781
201400056070,2014-06-20,2014,juin,vendredi,09:15,75,75117,0,0,2,1,2,1,1,4,2,00,1,1,0,0,1,0,1,4,2,27,1,3,2,1,2,1,1,201400056070A01,7,22,1,200054781
201400056084,2014-06-30,2014,juin,lundi,09:50,75,75117,0,0,2,1,2,1,1,4,2,02,1,1,0,0,1,0,1,4,1,25,1,1,2,1,2,2,1,201400056084B01,7,22,1,200054781
201400056115,2014-08-03,2014,août,dimanche,02:17,75,75117,0,0,2,5,6,4,1,4,2,01,1,1,0,0,1,0,1,4,1,49,1,3,2,0,2,4,1,201400056115A01,7,16,1,200054781
201400056119,2014-08-05,2014,août,mardi,14:40,75,75117,0,0,2,1,3,1,1,4,2,02,1,1,0,0,1,0,1,4,2,54,5,3,2,0,2,8,13,201400056119B01,33,1,1,200054781
201400056129,2014-08-20,2014,août,mercredi,15:20,75,75116,0,0,2,1,3,1,1,4,1,03,1,1,0,0,1,0,1,1,1,26,5,3,2,0,2,5,1,201400056129B01,2,11,1,200054781
201400056153,2014-09-15,2014,septembre,lundi,09:00,75,75117,0,0,2,7,3,1,1,4,1,04,1,2,0,0,1,0,1,4,2,26,0,3,2,0,2,1,13,201400056153A01,7,1,1,200054781
201400056162,2014-09-21,2014,septembre,dimanche,19:50,75,75117,0,0,2,1,3,5,1,4,2,01,1,1,0,0,1,0,0,4,1,32,1,3,2,0,2,1,1,201400056162B01,7,22,1,200054781
201400056163,2014-09-22,2014,septembre,lundi,09:10,75,75117,0,0,2,3,3,1,1,4,1,01,1,1,0,0,1,0,1,4,2,59,1,3,2,0,2,1,1,201400056163B01,14,15,1,200054781
201400056166,2014-09-23,2014,septembre,mardi,10:10,75,75117,0,0,2,1,2,1,1,4,1,00,1,1,0,0,1,0,1,4,1,30,1,2,2,0,2,3,1,201400056166A01,7,22,1,200054781
201400056167,2014-09-24,2014,septembre,mercredi,17:00,75,75117,0,0,2,1,6,1,1,4,1,02,1,1,0,0,1,0,1,1,1,18,2,3,2,0,1,1,5,201400056167A01,,,,200054781
201400056171,2014-09-30,2014,septembre,mardi,15:30,75,75117,0,0,2,1,2,1,1,4,1,02,1,1,0,0,1,0,1,4,1,33,4,2,2,0,2,2,7,201400056171B01,14,9,1,200054781
201400056183,2014-10-07,2014,octobre,mardi,21:35,75,75117,0,0,2,1,3,5,1,4,1,01,1,1,0,0,1,0,1,3,1,42,5,3,2,0,2,1,5,201400056183A01,7,9,1,200054781
201400056186,2014-10-09,2014,octobre,jeudi,09:30,75,75117,0,0,2,4,2,1,1,4,1,01,1,-1,0,0,1,0,1,4,1,39,1,3,2,0,2,1,1,201400056186B01,7,22,1,200054781
201400056189,2014-10-10,2014,octobre,vendredi,18:00,75,75117,0,0,2,1,3,1,1,4,2,02,1,-1,0,0,1,0,1,4,2,43,1,3,2,0,2,8,7,201400056189B01,7,17,1,200054781
201400056205,2014-10-23,2014,octobre,jeudi,15:40,75,75117,0,0,2,1,3,1,1,4,2,00,1,1,0,0,1,0,1,4,1,16,0,3,2,0,2,1,1,201400056205B01,7,22,1,200054781
201400056206,2014-10-24,2014,octobre,vendredi,13:00,75,75117,0,0,2,1,3,1,1,4,2,00,1,1,0,0,1,0,1,4,1,50,5,3,2,0,2,4,13,201400056206A01,7,1,1,200054781
201400056211,2014-10-31,2014,octobre,vendredi,14:45,75,75117,0,0,2,1,6,1,1,4,1,01,1,1,0,0,1,0,5,1,1,20,0,3,2,0,1,1,1,201400056211A01,,,,200054781
201400056216,2014-11-04,2014,novembre,mardi,13:30,75,75117,0,0,2,2,3,1,1,4,1,01,1,1,0,0,1,0,1,4,2,29,0,3,2,0,2,2,15,201400056216A01,7,1,1,200054781
201400056218,2014-11-04,2014,novembre,mardi,17:00,75,75117,0,0,2,3,2,1,1,4,2,03,2,1,0,0,1,0,1,4,2,39,5,3,2,0,2,1,2,201400056218A01,10,23,1,200054781
201400056250,2014-12-07,2014,décembre,dimanche,15:50,75,75117,0,0,2,1,3,1,8,4,1,01,2,1,0,0,-1,0,1,4,1,24,0,1,2,0,2,1,1,201400056250B01,7,22,1,200054781
201400056270,2014-12-22,2014,décembre,lundi,17:20,75,75117,0,0,2,3,2,4,2,4,-1,02,1,1,0,0,1,0,1,4,1,26,5,3,2,0,2,1,1,201400056270A01,7,23,1,200054781
201400056285,2014-01-16,2014,janvier,jeudi,13:10,75,75118,0,0,2,4,3,1,2,4,3,04,1,1,0,120,2,0,1,4,1,49,1,3,2,0,2,8,7,201400056285B01,7,14,1,200054781
201400056292,2014-01-25,2014,janvier,samedi,02:00,75,75118,0,0,2,3,6,5,2,4,4,01,2,1,0,0,2,0,5,4,2,28,5,3,2,0,2,3,1,201400056292A01,10,15,1,200054781
201400056306,2014-02-09,2014,février,dimanche,12:35,75,75118,0,0,2,5,2,1,8,4,2,02,1,1,0,40,1,0,1,4,2,34,5,3,2,0,2,3,15,201400056306B01,33,2,1,200054781
201400056316,2014-02-15,2014,février,samedi,01:40,75,75110,0,0,2,5,3,5,1,4,2,00,1,1,0,40,1,0,1,4,1,33,0,3,2,0,2,1,1,201400056316B01,7,1,1,200054781
201400056334,2014-03-14,2014,mars,vendredi,21:45,75,75118,0,0,2,3,4,5,1,4,1,01,2,1,0,30,1,0,1,4,2,39,5,3,2,0,2,6,1,201400056334C01,2 / 33,16 / 1,2,200054781
201400056344,2014-03-25,2014,mars,mardi,11:45,75,75118,0,0,2,5,2,1,2,4,2,02,-1,1,0,0,2,0,1,4,1,38,0,3,2,0,2,7,17,201400056344B01,7,15,1,200054781
201400056351,2014-03-27,2014,mars,jeudi,11:05,75,75118,0,0,2,1,3,1,1,4,1,01,1,1,0,50,1,0,1,4,1,13,2,3,2,0,2,7,19,201400056351B01,7,1,1,200054781
201400056399,2014-05-15,2014,mai,jeudi,08:20,75,75118,0,0,2,1,3,1,1,4,1,00,1,1,0,30,1,0,1,4,2,51,0,3,2,0,2,1,1,201400056399B01,10,22,1,200054781
201400056402,2014-05-19,2014,mai,lundi,19:45,75,75118,0,0,2,5,2,1,1,4,1,01,2,1,0,0,1,0,1,4,1,16,5,3,2,0,2,1,1,201400056402A01,7,23,1,200054781
201400056409,2014-05-23,2014,mai,vendredi,00:05,75,75118,0,0,2,7,6,5,1,4,1,01,1,1,0,0,2,0,1,4,2,23,5,3,2,0,2,8,1,201400056409A01,30,19,1,200054781
201400056418,2014-06-02,2014,juin,lundi,08:15,75,75118,0,0,2,4,6,1,1,4,2,02,1,1,0,100,1,0,1,4,2,40,1,3,2,0,2,4,23,201400056418A01,7,2,1,200054781
201400056457,2014-07-02,2014,juillet,mercredi,18:15,75,75118,0,0,2,5,3,1,1,4,2,02,1,1,0,100,1,0,1,4,1,40,4,3,2,0,2,8,1,201400056457B01,7,15,1,200054781
201400056466,2014-07-08,2014,juillet,mardi,18:45,75,75118,0,0,2,1,6,1,8,4,-1,01,1,1,0,50,1,0,5,4,2,34,1,3,2,0,2,1,1,201400056466A01,7,22,1,200054781
201400056469,2014-07-11,2014,juillet,vendredi,21:45,75,75118,0,0,2,3,6,5,1,4,1,00,1,1,0,0,1,0,1,4,1,53,0,3,2,0,2,8,15,201400056469A01,7,5,1,200054781
201400056470,2014-07-12,2014,juillet,samedi,10:35,75,75118,0,0,2,3,6,1,1,4,1,01,1,1,80,40,1,0,5,1,1,45,5,3,2,0,1,7,1,201400056470A01,,,,200054781
201400056478,2014-07-20,2014,juillet,dimanche,15:55,75,75118,0,0,2,3,3,1,1,4,1,01,1,1,0,30,1,0,1,4,2,28,5,3,2,0,2,1,1,201400056478B01,7,22,1,200054781
201400056489,2014-08-04,2014,août,lundi,18:10,75,75118,0,0,2,4,3,1,1,4,-1,03,1,1,0,60,1,0,1,4,1,22,0,3,2,0,2,9,7,201400056489B01,7,16,1,200054781
201400056492,2014-08-08,2014,août,vendredi,12:50,75,75118,0,0,2,1,1,1,2,4,1,01,1,1,0,65,2,0,5,4,1,21,5,3,2,0,2,1,1,201400056492B01,10,9,1,200054781
201400056504,2014-09-01,2014,septembre,lundi,18:25,75,75118,0,0,2,2,3,1,1,4,3,03,1,-1,0,35,1,0,1,4,1,50,0,3,2,0,2,7,7,201400056504B01,7,17,1,200054781
201400056507,2014-09-04,2014,septembre,jeudi,18:20,75,75118,0,0,2,5,3,1,1,4,1,01,1,1,0,30,1,0,1,4,2,61,4,3,2,0,2,1,1,201400056507B01,7,22,1,200054781
201400056512,2014-09-12,2014,septembre,vendredi,07:55,75,75118,0,0,2,1,3,1,1,4,2,02,1,-1,0,60,1,0,1,4,1,22,5,3,2,0,2,1,1,201400056512B01,7,22,1,200054781
201400056515,2014-09-20,2014,septembre,samedi,17:00,75,75118,0,0,2,4,2,1,1,4,1,01,1,1,70,50,1,0,1,4,1,22,0,3,2,1,2,1,1,201400056515B01,10,22,1,200054781
201400056517,2014-09-23,2014,septembre,mardi,10:00,75,75118,0,0,2,1,2,1,1,4,2,02,1,1,0,60,1,0,1,4,2,28,1,1,2,1,2,1,1,201400056517A01,7,22,1,200054781
201400056522,2014-09-26,2014,septembre,vendredi,18:25,75,75118,0,0,2,2,3,1,1,4,2,02,1,1,0,60,1,0,1,4,2,44,1,3,2,0,2,8,1,201400056522B01,7,1,1,200054781
201400056530,2014-10-02,2014,octobre,jeudi,17:40,75,75118,0,0,2,5,2,1,1,4,2,02,1,1,0,60,1,0,1,4,2,30,1,3,2,0,2,6,15,201400056530B01,34,2,1,200054781
201400056531,2014-10-03,2014,octobre,vendredi,08:55,75,75118,0,0,2,2,3,1,1,4,2,04,1,1,0,80,1,0,1,4,2,29,1,3,2,0,2,7,1,201400056531A01,10,15,1,200054781
201400056539,2014-10-09,2014,octobre,jeudi,13:40,75,75118,0,0,2,3,2,1,1,4,1,01,1,1,0,50,1,0,1,4,1,61,1,3,2,0,2,1,1,201400056539B01,7,22,1,200054781
201400056563,2014-10-23,2014,octobre,jeudi,17:40,75,75118,0,0,2,3,7,1,1,4,1,01,1,1,0,25,1,0,1,4,1,32,9,3,2,0,0,0,1,201400056563A01,,,,200054781
201400056564,2014-10-24,2014,octobre,vendredi,12:00,75,75118,0,0,2,1,3,1,1,4,2,00,1,1,0,0,1,0,1,4,1,40,0,3,2,0,2,3,18,201400056564B01,7,16,1,200054781
201400056592,2014-11-19,2014,novembre,mercredi,22:15,75,75118,0,0,2,1,3,5,1,4,2,04,1,1,0,0,1,0,1,4,1,50,0,3,2,0,2,8,1,201400056592B01,30,17,1,200054781
201400056594,2014-11-21,2014,novembre,vendredi,07:40,75,75118,0,0,2,1,3,2,8,4,2,04,1,1,0,50,2,0,1,4,2,52,1,1,2,0,2,3,11,201400056594B01,7,1,1,200054781
201400056603,2014-11-28,2014,novembre,vendredi,07:40,75,75118,0,0,2,3,1,2,1,4,2,02,1,1,0,100,1,0,1,4,1,47,1,2,2,0,2,1,1,201400056603B01,7,15,1,200054781
201400056607,2014-12-02,2014,décembre,mardi,19:10,75,75118,0,0,2,1,6,5,2,4,1,01,1,1,0,50,2,0,5,4,2,27,1,1,2,0,2,1,1,201400056607B01,7,22,1,200054781
201400056616,2014-12-14,2014,décembre,dimanche,14:50,75,75118,0,0,2,2,2,1,8,4,2,00,1,1,0,100,1,0,1,4,1,50,5,3,2,0,2,1,7,201400056616B01,7,22,1,200054781
201400056635,2014-12-30,2014,décembre,mardi,16:40,75,75118,0,0,2,5,3,2,1,4,2,02,1,1,10,50,1,0,1,4,1,24,5,3,2,0,2,1,1,201400056635B01,7,15,1,200054781
201400056641,2014-01-05,2014,janvier,dimanche,13:15,75,75119,0,0,2,1,2,1,8,4,-1,00,1,2,0,100,1,0,1,4,2,41,0,3,2,0,2,1,16,201400056641B01,7,2,1,200054781
201400056675,2014-02-02,2014,février,dimanche,03:10,75,75119,0,0,2,1,6,5,1,4,-1,00,2,2,0,25,1,6,4,3,1,22,0,3,2,0,0,0,1,201400056675A01,,,,200054781
201400056680,2014-02-13,2014,février,jeudi,09:00,75,75119,0,0,2,1,3,1,2,4,1,02,1,1,0,0,2,0,5,4,2,32,1,3,2,0,2,1,1,201400056680B01,7,16,1,200054781
201400056683,2014-02-15,2014,février,samedi,17:50,75,75119,0,0,2,1,6,5,1,4,2,02,1,1,0,0,1,0,5,4,2,25,5,3,2,0,2,1,1,201400056683A01,7,16,1,200054781
201400056710,2014-03-10,2014,mars,lundi,10:45,75,75119,0,0,2,1,3,1,1,4,1,02,1,1,0,100,1,0,1,4,1,59,1,3,2,0,2,3,1,201400056710B01,7,22,1,200054781
201400056711,2014-03-13,2014,mars,jeudi,18:20,75,75119,0,0,2,7,3,1,1,4,1,02,1,2,0,0,1,5,1,4,2,31,5,3,2,0,2,4,1,201400056711B01,7,13,1,200054781
201400056719,2014-04-03,2014,avril,jeudi,08:50,75,75119,0,0,2,1,3,1,1,4,2,02,2,1,0,80,1,0,1,3,2,63,1,1,2,0,2,1,1,201400056719B01,10,22,1,200054781
201400056722,2014-04-07,2014,avril,lundi,18:10,75,75119,0,0,2,1,6,1,1,4,2,02,2,1,0,0,1,0,1,4,2,23,0,3,8,0,1,1,1,201400056722A01,,,,200054781
201400056759,2014-05-08,2014,mai,jeudi,12:15,75,75119,0,0,2,2,3,1,1,4,2,02,2,1,0,0,1,0,1,4,1,26,5,3,2,0,2,1,7,201400056759B01,7,22,1,200054781
201400056769,2014-05-18,2014,mai,dimanche,16:50,75,75119,0,0,2,1,6,1,1,4,3,01,1,1,30,40,1,0,5,4,1,22,5,3,9,0,1,1,1,201400056769A01,,,,200054781
201400056770,2014-05-22,2014,mai,jeudi,08:30,75,75119,0,0,2,1,2,1,1,4,2,02,2,1,0,70,1,0,1,4,1,45,1,3,2,0,2,1,17,201400056770B01,7,22,1,200054781
201400056771,2014-05-22,2014,mai,jeudi,22:20,75,75119,0,0,2,1,2,5,1,4,-1,02,1,-1,30,30,1,0,1,4,2,28,0,3,2,1,2,7,1,201400056771B01,7,22,1,200054781
201400056779,2014-06-06,2014,juin,vendredi,16:20,75,75119,0,0,2,5,6,1,1,4,2,01,1,1,0,80,1,0,1,4,1,69,0,3,2,1,2,5,2,201400056779A01,7,2,1,200054781
201400056790,2014-06-17,2014,juin,mardi,08:00,75,75119,0,0,2,1,3,1,8,4,1,02,1,1,0,0,1,0,1,4,1,35,5,3,2,0,2,3,13,201400056790B01,37,17,1,200054781
201400056792,2014-06-17,2014,juin,mardi,17:50,75,75119,0,0,2,3,2,1,1,4,2,02,1,1,0,0,1,0,5,4,1,50,0,3,2,0,2,1,9,201400056792B01,1,1,1,200054781