Num_Acc,date,an,mois,jour,hrmn,dep,com,lat,long,agg,int,col,lum,atm,catr,circ,nbv,prof,plan,lartpc,larrout,surf,infra,situ,grav,sexe,age,trajet,secuexist,equipement,obs,obsm,choc,manv,vehiculeid,typevehicules,manoeuvehicules,numVehicules,_infos_commune.code_epci
201400056792,2014-06-17,2014,juin,mardi,17:50,75,75119,0,0,2,3,2,1,1,4,2,02,1,1,0,0,1,0,5,4,1,26,0,3,2,0,2,1,1,201400056792A01,1,9,1,200054781
201400056807,2014-06-26,2014,juin,jeudi,20:50,75,75119,0,0,2,3,3,1,2,4,1,01,1,1,0,30,2,0,1,4,1,11,0,3,2,0,2,1,19,201400056807B01,7,1,1,200054781
201400056820,2014-07-08,2014,juillet,mardi,17:54,75,75119,0,0,2,5,6,1,8,4,1,03,1,1,0,100,1,0,1,4,2,39,0,3,2,0,2,5,7,201400056820A01,7,17,1,200054781
201400056830,2014-07-17,2014,juillet,jeudi,19:56,75,75119,0,0,2,1,3,1,1,4,1,02,1,1,0,0,1,0,5,4,2,26,5,3,2,0,2,1,1,201400056830B01,7,16,1,200054781
201400056831,2014-07-18,2014,juillet,vendredi,09:00,75,75119,0,0,2,3,3,1,1,4,1,01,2,1,0,0,1,0,1,4,1,51,0,3,2,0,2,1,1,201400056831B01,7,22,1,200054781
201400056861,2014-08-28,2014,août,jeudi,21:00,75,75119,0,0,2,1,2,5,1,4,2,02,2,1,0,0,1,0,1,4,1,31,0,2,2,0,2,1,1,201400056861B01,7,22,1,200054781
201400056862,2014-08-31,2014,août,dimanche,20:05,75,75119,0,0,2,1,6,1,1,4,2,02,1,1,100,80,1,0,5,4,2,20,5,2,2,0,2,7,1,201400056862A01,7,9,1,200054781
201400056869,2014-09-16,2014,septembre,mardi,15:30,75,75119,0,0,2,1,3,1,1,4,2,03,1,1,0,0,1,0,5,4,1,27,1,1,2,0,2,1,1,201400056869B01,7,16,1,200054781
201400056873,2014-09-19,2014,septembre,vendredi,17:10,75,75119,0,0,2,1,3,1,1,4,2,02,1,1,50,100,1,0,5,4,2,75,5,3,2,0,2,1,1,201400056873A01,7,22,1,200054781
201400056875,2014-09-20,2014,septembre,samedi,15:15,75,75119,0,0,2,5,3,1,1,4,3,02,1,1,0,0,1,0,1,4,1,67,0,3,2,0,2,3,19,201400056875B01,10,1,1,200054781
201400056877,2014-09-23,2014,septembre,mardi,11:10,75,75119,0,0,2,2,2,1,1,4,3,02,2,1,60,60,-1,0,1,4,2,17,1,3,2,0,2,1,1,201400056877A01,7,23,1,200054781
201400056890,2014-10-04,2014,octobre,samedi,22:25,75,75119,0,0,2,1,1,5,1,4,2,02,1,1,0,0,1,0,1,4,2,29,0,3,2,0,2,1,13,201400056890B01,7,1,1,200054781
201400056902,2014-10-16,2014,octobre,jeudi,19:05,75,75119,0,0,2,2,6,5,2,4,1,01,1,1,0,0,2,6,1,1,1,24,9,3,2,0,1,0,1,201400056902A01,,,,200054781
201400056905,2014-10-20,2014,octobre,lundi,20:40,75,75119,0,0,2,1,6,5,2,4,1,01,1,1,0,100,2,0,1,4,1,50,5,3,2,0,1,2,1,201400056905A01,,,,200054781
201400056919,2014-11-06,2014,novembre,jeudi,18:45,75,75119,0,0,2,3,6,5,1,4,1,01,1,1,0,50,1,0,1,4,2,19,1,3,2,0,2,4,15,201400056919A01,7,2,1,200054781
201400056941,2014-12-05,2014,décembre,vendredi,12:15,75,75119,0,0,2,1,5,1,8,4,1,01,1,1,0,0,1,0,5,4,1,53,0,3,2,0,2,1,1,201400056941C01,7 / 10,22 / 24,2,200054781
201400056946,2014-12-11,2014,décembre,jeudi,02:45,75,75119,0,0,2,2,3,5,1,4,1,01,1,1,0,50,1,0,1,3,1,24,0,3,2,0,2,1,5,201400056946A01,7,1,1,200054781
201400056955,2014-12-16,2014,décembre,mardi,08:00,75,75119,0,0,2,1,2,2,8,4,1,01,2,1,0,30,2,0,1,4,1,34,1,3,2,0,2,1,18,201400056955B01,7,22,1,200054781
201400056971,2014-01-03,2014,janvier,vendredi,09:05,75,75120,0,0,2,2,6,1,1,4,2,02,1,1,0,69,1,0,1,1,1,37,1,3,2,0,1,1,1,201400056971A01,,,,200054781
201400056972,2014-01-03,2014,janvier,vendredi,14:50,75,75120,0,0,2,7,3,1,8,4,2,04,1,1,0,0,1,0,1,4,2,11,0,3,2,0,2,2,19,201400056972B01,7,1,1,200054781
201400056977,2014-01-09,2014,janvier,jeudi,18:40,75,75120,0,0,2,4,3,5,1,4,-1,02,1,1,0,150,2,0,1,4,2,50,5,3,2,0,2,1,1,201400056977B01,7,1,1,200054781
201400056987,2014-01-24,2014,janvier,vendredi,14:05,75,75120,0,0,2,5,6,1,1,4,2,02,2,1,0,100,1,0,1,1,1,28,5,3,2,0,1,1,1,201400056987A01,,,,200054781
201400056988,2014-01-26,2014,janvier,dimanche,13:15,75,75120,0,0,2,2,7,1,1,4,1,01,2,1,31,31,1,0,1,4,1,29,5,1,2,0,2,0,21,201400056988A01,,,,200054781
201400056991,2014-01-26,2014,janvier,dimanche,02:30,75,75120,0,0,2,1,6,5,2,4,1,01,1,3,40,40,2,0,1,4,1,24,0,3,2,0,0,7,1,201400056991B01,7,1,1,200054781
201400057014,2014-02-19,2014,février,mercredi,18:35,75,75120,0,0,2,7,3,5,1,4,1,01,1,2,0,200,1,0,1,4,2,39,1,2,2,0,2,8,1,201400057014B01,7,14,1,200054781
201400057024,2014-03-05,2014,mars,mercredi,11:40,75,75120,0,0,2,1,6,1,1,4,1,02,1,1,0,58,1,0,1,4,1,20,5,3,2,1,0,1,14,201400057024A01,,,,200054781
201400057030,2014-03-14,2014,mars,vendredi,17:15,75,75120,0,0,2,2,6,1,1,4,2,02,1,1,0,100,1,0,1,4,1,80,5,1,2,0,2,1,18,201400057030A01,7,22,1,200054781
201400057032,2014-03-15,2014,mars,samedi,17:35,75,75120,0,0,2,3,2,1,1,4,2,02,1,1,0,85,1,0,1,1,1,46,4,2,2,0,2,1,1,201400057032A01,33,23,1,200054781
201400057054,2014-04-10,2014,avril,jeudi,00:50,75,75120,0,0,2,1,3,5,1,4,2,03,2,1,0,80,1,0,1,4,2,50,1,1,2,0,2,7,1,201400057054B01,7,22,1,200054781
201400057062,2014-04-16,2014,avril,mercredi,14:35,75,75120,0,0,2,3,3,1,1,4,2,00,2,1,0,100,1,0,1,4,1,17,5,3,2,0,2,8,1,201400057062B01,7,10,1,200054781
201400057063,2014-04-16,2014,avril,mercredi,18:15,75,75120,0,0,2,3,6,1,1,4,2,02,2,1,0,0,1,0,1,1,1,30,1,3,2,0,1,1,7,201400057063A01,,,,200054781
201400057064,2014-04-16,2014,avril,mercredi,21:10,75,75120,0,0,2,1,6,5,1,4,2,02,2,1,0,100,1,0,1,4,1,27,0,1,2,0,2,1,1,201400057064A01,30,13,1,200054781
201400057081,2014-05-14,2014,mai,mercredi,18:00,75,75120,0,0,2,2,3,1,1,4,2,01,1,1,0,80,1,0,1,4,1,27,5,3,2,0,2,1,1,201400057081A01,34,1,1,200054781
201400057089,2014-05-23,2014,mai,vendredi,10:10,75,75120,0,0,2,2,3,1,1,4,2,01,1,1,0,35,1,0,5,4,1,63,0,3,2,0,2,8,1,201400057089B01,10,1,1,200054781
201400057109,2014-06-16,2014,juin,lundi,08:30,75,75119,0,0,2,3,6,1,1,4,3,02,2,1,80,100,1,0,1,1,2,30,1,3,2,0,1,1,1,201400057109A01,,,,200054781
201400057110,2014-06-19,2014,juin,jeudi,11:25,75,75120,0,0,2,1,6,1,1,4,1,01,1,1,10,450,1,0,1,1,1,50,5,2,9,1,1,1,1,201400057110A01,,,,200054781
201400057113,2014-06-23,2014,juin,lundi,08:45,75,75120,0,0,2,1,3,1,1,4,2,00,1,1,0,90,1,0,1,4,2,24,5,2,2,1,2,1,18,201400057113A01,13,1,1,200054781
201400057114,2014-06-25,2014,juin,mercredi,22:10,75,75120,0,0,2,1,6,5,1,4,2,01,1,1,0,80,1,0,1,4,1,30,0,3,2,0,2,1,1,201400057114A01,7,14,1,200054781
201400057115,2014-06-26,2014,juin,jeudi,15:40,75,75120,0,0,2,1,3,1,1,4,1,02,1,1,0,80,1,0,1,4,2,57,4,3,2,0,2,2,19,201400057115B01,10,1,1,200054781
201400057117,2014-06-27,2014,juin,vendredi,18:11,75,75120,0,0,2,1,3,1,1,4,2,02,1,1,0,60,1,0,1,4,1,,0,3,2,0,2,0,19,201400057117B01,7,1,1,200054781
201400057119,2014-07-01,2014,juillet,mardi,18:00,75,75120,0,0,2,1,3,1,1,4,2,02,-1,1,0,70,1,0,5,1,1,52,0,3,2,0,2,0,1,201400057119B01,30,1,1,200054781
201400057127,2014-07-09,2014,juillet,mercredi,17:35,75,75120,0,0,2,2,7,1,2,4,2,02,2,1,0,0,3,0,1,3,1,40,1,3,2,0,0,0,1,201400057127A01,,,,200054781
201400057131,2014-07-17,2014,juillet,jeudi,09:00,75,75120,0,0,2,3,3,1,1,4,2,02,2,1,0,95,1,0,1,4,2,29,0,3,2,0,2,8,15,201400057131A01,7,1,1,200054781
201400057133,2014-07-19,2014,juillet,samedi,10:15,75,75120,0,0,2,7,7,1,1,4,2,05,1,1,0,150,1,0,1,4,2,54,9,3,2,0,0,0,1,201400057133A01,,,,200054781
201400057141,2014-07-28,2014,juillet,lundi,18:15,75,75120,0,0,2,1,6,1,1,4,2,02,2,1,10,10,1,0,1,1,2,38,5,3,2,0,1,1,1,201400057141A01,,,,200054781
201400057142,2014-07-28,2014,juillet,lundi,23:26,75,75120,0,0,2,1,1,5,1,4,1,01,1,-1,0,0,1,0,5,4,1,24,0,3,2,0,2,3,1,201400057142B01,7,1,1,200054781
201400057146,2014-08-02,2014,août,samedi,15:25,75,75120,0,0,2,4,2,1,1,4,1,01,1,1,0,0,1,0,1,4,1,39,0,3,2,0,2,1,15,201400057146B01,7,4,1,200054781
201400057147,2014-08-03,2014,août,dimanche,01:36,75,75120,0,0,2,2,3,5,1,4,1,01,2,1,0,80,1,0,1,4,2,31,0,3,2,0,2,0,1,201400057147B01,7,1,1,200054781
201400057148,2014-08-03,2014,août,dimanche,20:00,75,75120,0,0,2,1,6,1,2,4,2,02,1,1,0,80,2,0,5,4,2,26,5,3,2,0,2,1,1,201400057148A01,10,22,1,200054781
201400057152,2014-08-07,2014,août,jeudi,19:00,75,75120,0,0,2,1,3,1,8,4,2,02,2,1,0,60,1,0,1,4,1,45,5,3,2,0,2,1,1,201400057152B01,7,22,1,200054781
201400057164,2014-09-02,2014,septembre,mardi,22:34,75,75120,0,0,2,1,3,5,1,4,-1,01,2,3,0,0,1,0,1,4,1,51,9,3,2,0,2,7,1,201400057164B01,7,9,1,200054781
201400057166,2014-09-04,2014,septembre,jeudi,10:50,75,75120,0,0,2,3,3,1,1,4,1,01,1,1,0,0,1,0,1,4,2,66,3,3,2,0,2,8,15,201400057166B01,31,17,1,200054781
201400057169,2014-09-06,2014,septembre,samedi,15:25,75,75120,0,0,2,2,6,1,1,4,2,04,2,1,0,82,2,0,5,4,2,29,5,3,2,0,2,0,1,201400057169A01,7,14,1,200054781
201400057184,2014-09-24,2014,septembre,mercredi,17:35,75,75120,0,0,2,2,2,1,1,4,1,02,1,1,0,60,1,0,1,4,1,48,0,1,2,0,2,4,1,201400057184B01,10,1,1,200054781
201400057205,2014-10-10,2014,octobre,vendredi,13:16,75,75120,0,0,2,5,3,1,8,4,2,00,1,1,0,0,1,0,0,4,1,24,0,3,2,0,2,1,1,201400057205B01,7,1,1,200054781
201400057206,2014-10-10,2014,octobre,vendredi,18:20,75,75120,0,0,2,7,2,1,8,4,1,01,1,2,0,20,1,0,1,4,2,33,5,3,2,0,2,4,23,201400057206B01,7,2,1,200054781
201400057223,2014-10-29,2014,octobre,mercredi,20:00,75,75120,0,0,2,7,6,5,1,4,1,00,1,2,0,0,1,0,1,4,1,45,0,3,2,0,2,0,19,201400057223A01,7,1,1,200054781
201400057241,2014-11-15,2014,novembre,samedi,03:05,75,75120,0,0,2,5,2,5,3,4,2,02,2,1,0,0,2,0,1,4,1,22,0,2,2,0,2,1,1,201400057241A01,7,23,1,200054781
201400057243,2014-11-17,2014,novembre,lundi,16:40,75,75120,0,0,2,1,6,2,2,4,1,01,1,1,0,91,2,0,5,1,1,48,5,3,2,0,1,1,1,201400057243A01,,,,200054781
201400057248,2014-11-23,2014,novembre,dimanche,08:10,75,75120,0,0,2,1,6,1,1,4,1,01,2,1,0,0,1,0,1,4,1,50,4,1,2,0,2,4,2,201400057248A01,7,2,1,200054781
201400057251,2014-11-25,2014,novembre,mardi,08:30,75,75120,0,0,2,1,2,1,2,4,2,01,2,1,0,90,2,0,1,4,2,38,1,3,2,1,2,1,1,201400057251B01,7,22,1,200054781
201400057281,2014-12-24,2014,décembre,mercredi,09:05,75,75120,0,0,2,2,3,1,1,4,-1,02,1,1,0,60,1,0,1,4,1,44,5,3,2,0,2,1,1,201400057281B01,7,15,1,200054781
201400057288,2014-01-08,2014,janvier,mercredi,08:57,75,75103,0,0,2,3,2,1,3,4,2,04,1,1,18,206,1,0,5,2,2,43,0,3,2,0,2,4,1,201400057288B01,14,16,1,200054781
201400057314,2014-01-27,2014,janvier,lundi,18:30,75,75119,0,0,2,1,6,5,1,4,2,04,2,3,0,152,1,0,1,3,1,46,0,3,2,1,0,0,1,201400057314A01,,,,200054781
201400057319,2014-01-31,2014,janvier,vendredi,12:50,75,75116,0,0,2,7,2,1,1,4,4,03,1,2,0,300,1,0,1,4,2,56,0,3,2,0,2,4,1,201400057319B01,7,1,1,200054781
201400057349,2014-03-04,2014,mars,mardi,00:30,75,75111,0,0,2,5,3,5,1,4,2,02,2,1,0,140,1,0,1,2,1,64,5,3,2,0,2,7,19,201400057349B01,1,1,1,200054781
201400057349,2014-03-04,2014,mars,mardi,00:30,75,75111,0,0,2,5,3,5,1,4,2,02,2,1,0,140,1,0,1,4,1,23,5,3,2,0,2,1,1,201400057349A01,1,19,1,200054781
201400057352,2014-03-05,2014,mars,mercredi,16:23,75,75113,0,0,2,1,3,1,1,4,2,00,1,-1,0,0,1,0,5,3,1,38,1,3,2,0,2,1,19,201400057352A01,40,1,1,200054781
201400057356,2014-03-09,2014,mars,dimanche,08:25,75,75111,0,0,2,2,6,1,1,4,2,02,1,1,20,141,1,0,4,4,2,29,5,3,2,8,0,1,14,201400057356A01,,,,200054781
201400057358,2014-03-10,2014,mars,lundi,09:30,75,75108,0,0,2,7,3,1,1,4,2,04,1,1,0,172,1,0,1,3,2,23,1,3,2,12,2,8,1,201400057358B01,10,1,1,200054781
201400057385,2014-04-03,2014,avril,jeudi,19:20,75,75116,0,0,2,1,3,1,1,4,2,02,1,1,0,74,1,0,1,4,2,36,1,3,2,0,2,1,1,201400057385B01,7,22,1,200054781
201400057388,2014-04-04,2014,avril,vendredi,08:38,75,75105,0,0,2,3,6,1,1,4,1,03,1,1,0,127,1,0,1,3,2,24,2,3,2,0,2,7,1,201400057388A01,31,18,1,200054781
201400057402,2014-04-15,2014,avril,mardi,21:40,75,75115,0,0,2,7,3,5,1,4,2,03,1,1,0,115,1,0,1,3,2,27,0,3,2,0,2,6,19,201400057402A01,10,1,1,200054781
201400057415,2014-04-28,2014,avril,lundi,09:40,75,75116,0,0,2,2,3,1,8,4,2,02,1,1,0,130,2,0,1,3,1,31,0,1,2,0,2,8,19,201400057415B01,33,1,1,200054781
201400057418,2014-04-30,2014,avril,mercredi,19:30,75,75115,0,0,2,1,2,1,1,4,1,01,1,1,0,68,1,0,1,3,1,50,0,3,2,0,2,1,1,201400057418B01,10,22,1,200054781
201400057421,2014-05-04,2014,mai,dimanche,01:44,75,75111,0,0,2,5,6,5,1,4,1,01,1,1,0,110,1,6,1,4,2,31,5,3,2,0,2,4,19,201400057421B01,7,1,1,200054781
201400057421,2014-05-04,2014,mai,dimanche,01:44,75,75111,0,0,2,5,6,5,1,4,1,01,1,1,0,110,1,6,1,3,2,33,5,3,2,0,2,4,19,201400057421B01,7,1,1,200054781
201400057426,2014-05-11,2014,mai,dimanche,18:05,75,75107,0,0,2,1,6,1,2,4,-1,01,1,1,0,0,2,6,4,1,1,27,4,1,2,0,1,8,1,201400057426A01,,,,200054781
201400057429,2014-05-14,2014,mai,mercredi,08:20,75,75113,0,0,2,1,6,1,1,4,2,02,1,1,0,59,1,0,5,4,1,26,1,3,2,0,1,1,7,201400057429A01,,,,200054781
201400057433,2014-05-16,2014,mai,vendredi,22:40,75,75115,0,0,2,2,3,5,1,4,1,01,1,1,0,33,1,0,1,3,1,21,0,3,2,0,2,1,5,201400057433A01,7,1,1,200054781
201400057447,2014-05-25,2014,mai,dimanche,20:05,75,75107,0,0,2,5,3,1,1,4,1,01,1,1,0,100,1,0,1,3,1,74,0,2,2,0,2,0,1,201400057447A01,31,1,1,200054781
201400057497,2014-06-28,2014,juin,samedi,21:09,75,75118,0,0,2,1,6,5,3,4,2,02,1,1,0,80,2,0,1,3,1,22,0,3,2,0,2,1,1,201400057497B01,7,1,1,200054781
201400057550,2014-09-09,2014,septembre,mardi,00:25,75,75105,0,0,2,2,3,5,1,4,1,00,1,1,0,0,1,2,0,2,2,71,0,3,2,0,2,3,1,201400057550B01,13,16,1,200054781
201400057573,2014-09-27,2014,septembre,samedi,02:30,75,75110,0,0,2,2,3,5,5,4,2,02,1,1,0,0,1,0,1,3,2,28,0,3,2,0,2,1,0,201400057573B01,7,0,1,200054781
201400057606,2014-11-05,2014,novembre,mercredi,18:05,75,75113,0,0,2,1,6,5,1,4,1,03,2,1,0,90,1,0,1,3,1,20,2,3,2,0,1,2,1,201400057606A01,,,,200054781
201400057613,2014-11-15,2014,novembre,samedi,12:25,75,75112,0,0,2,1,7,1,1,4,2,04,1,1,0,68,2,0,5,3,1,51,0,3,2,0,0,0,1,201400057613A01,,,,200054781
201400057621,2014-11-25,2014,novembre,mardi,08:45,75,75117,0,0,2,2,3,1,1,4,2,02,1,1,0,38,2,0,1,4,1,41,1,3,2,0,2,8,15,201400057621B01,32,17,1,200054781
201400057628,2014-11-30,2014,novembre,dimanche,01:18,75,75118,0,0,2,2,3,5,1,4,2,08,1,1,0,210,1,5,1,3,1,29,9,3,2,0,2,1,1,201400057628A01,7,1,1,200054781
201400057648,2014-12-20,2014,décembre,samedi,12:30,75,75116,0,0,2,1,2,1,1,4,1,01,1,1,0,37,1,0,1,4,1,41,5,2,2,0,2,1,1,201400057648B01,7,23,1,200054781
201400057650,2014-12-21,2014,décembre,dimanche,16:25,75,75106,0,0,2,1,6,1,1,4,2,00,1,1,0,0,-1,0,1,4,1,60,9,3,2,0,1,0,1,201400057650A01,,,,200054781
201400058210,2014-12-19,2014,décembre,vendredi,18:15,972,97224,0,0,1,1,1,3,2,2,2,00,2,1,0,60,2,0,1,2,1,15,5,2,2,0,2,1,5,201400058210B02,7,1,1,249720061
201400058240,2014-10-22,2014,octobre,mercredi,19:15,972,97230,0,0,2,1,3,5,1,2,2,00,2,1,0,60,2,0,1,4,1,26,5,2,4,0,2,1,1,201400058240B02,7,15,1,200041788
201400058293,2014-09-30,2014,septembre,mardi,14:15,971,97114,0,0,1,1,1,1,1,4,2,00,2,2,0,50,1,0,1,4,1,13,2,3,1,0,2,1,13,201400058293B02,7,1,1,249710062
201400058307,2014-09-30,2014,septembre,mardi,14:15,971,97115,0,0,1,1,3,1,1,3,2,02,1,3,50,0,1,0,1,3,1,14,5,3,1,0,2,3,19,201400058307B02,7,1,1,249710062
201400058349,2014-01-25,2014,janvier,samedi,01:45,971,97119,0,0,1,1,1,3,1,2,2,02,-1,2,0,64,1,0,1,3,1,42,5,2,4,0,2,1,1,201400058349B02,30,13,1,200044691
201400058358,2014-08-07,2014,août,jeudi,19:45,971,97102,0,0,2,1,1,5,1,3,2,00,1,1,0,0,1,0,1,4,1,16,5,2,4,0,2,1,0,201400058358B02,7,17,1,200044691
201400058373,2014-12-23,2014,décembre,mardi,08:15,971,97125,0,0,2,1,1,5,1,2,2,02,-1,3,0,0,1,0,1,4,1,39,5,2,2,0,0,1,1,201400058373A01,7,21,1,200041507
201400058375,2014-01-21,2014,janvier,mardi,10:30,971,97126,0,0,1,6,3,4,1,2,2,02,1,2,0,60,1,5,1,3,1,70,5,2,4,0,2,4,3,201400058375B02,7,2,1,249710047
201400058398,2014-02-06,2014,février,jeudi,22:15,971,97116,0,0,1,1,2,5,1,2,2,02,1,1,0,60,1,0,1,3,1,30,5,2,4,0,2,4,2,201400058398B02,10,2,1,200044691
201400058412,2014-02-11,2014,février,mardi,07:45,973,97305,0,0,1,1,2,1,8,2,2,02,1,1,0,70,2,0,1,3,1,67,5,3,1,0,2,6,2,201400058412A01,10,2,1,249730045
201400058425,2014-08-30,2014,août,samedi,09:00,973,97304,0,0,2,1,3,1,1,4,2,02,1,1,0,52,1,0,1,3,2,39,5,3,1,0,2,5,1,201400058425B02,7,1,1,200027548
201400058426,2014-09-21,2014,septembre,dimanche,15:30,973,97304,0,0,2,9,1,1,1,9,-1,00,1,2,0,0,1,0,1,3,2,5,5,3,1,0,2,6,16,201400058426B02,7,15,1,200027548
201400058431,2014-04-07,2014,avril,lundi,18:00,973,97312,0,0,2,1,3,1,1,4,2,02,1,1,0,59,-1,0,1,4,1,72,0,3,1,0,0,0,1,201400058431A01,10,1,1,200027548
201400058465,2014-05-04,2014,mai,dimanche,15:15,974,97408,0,0,2,1,7,1,1,4,2,02,2,1,0,0,1,0,1,3,1,8,5,3,1,6,0,0,1,201400058465A01,,,,249740101
201400058467,2014-05-29,2014,mai,jeudi,12:15,974,97408,0,0,1,1,2,1,1,2,3,04,1,1,73,0,1,0,5,2,1,43,5,1,2,0,2,4,2,201400058467B02,10,2,1,249740101
201400058471,2014-08-20,2014,août,mercredi,16:30,974,97418,0,0,2,1,1,1,1,4,2,00,-1,2,0,0,1,0,1,3,1,14,5,3,1,0,2,1,14,201400058471B02,30,13,1,249740119
201400058473,2014-10-10,2014,octobre,vendredi,18:00,974,97420,0,0,2,1,5,3,1,3,2,02,2,1,0,0,1,0,1,3,1,18,0,2,2,0,2,1,1,201400058473B02,7,13,1,249740119
201400058473,2014-10-10,2014,octobre,vendredi,18:00,974,97420,0,0,2,1,5,3,1,3,2,02,2,1,0,0,1,0,1,4,1,18,0,2,2,0,2,1,1,201400058473C03,7,13,1,249740119
201400058484,2014-07-05,2014,juillet,samedi,13:45,974,97410,0,0,2,1,1,5,1,3,2,02,1,1,0,0,1,0,1,2,1,29,5,3,1,0,2,8,19,201400058484A01,10,1,1,249740093
201400058491,2014-06-28,2014,juin,samedi,08:45,974,97419,0,0,2,1,1,1,1,2,3,00,2,1,19,53,1,0,1,4,1,22,5,1,2,0,2,3,21,201400058491B02,7,5,1,249740093
201400058507,2014-08-21,2014,août,jeudi,22:15,974,97415,0,0,1,1,1,3,1,3,2,02,2,1,0,98,1,0,1,3,1,21,5,1,4,0,2,1,1,201400058507B02,7,17,1,249740101
201400058528,2014-11-19,2014,novembre,mercredi,12:30,974,97415,0,0,1,1,7,1,1,3,2,02,2,2,64,0,1,0,1,3,1,17,2,1,2,3,0,0,14,201400058528A01,,,,249740101
201400058533,2014-10-22,2014,octobre,mercredi,06:45,974,97414,0,0,2,3,1,1,1,2,2,02,1,3,0,65,1,0,1,3,1,23,1,3,1,0,2,1,1,201400058533A01,7,19,1,249740077
201400058574,2014-08-17,2014,août,dimanche,20:45,976,97616,0,0,2,1,6,5,1,4,-1,00,-1,-1,0,0,-1,0,0,1,1,16,0,2,2,0,1,1,1,201400058574A01,,,,200059871
201400058574,2014-08-17,2014,août,dimanche,20:45,976,97616,0,0,2,1,6,5,1,4,-1,00,-1,-1,0,0,-1,0,0,3,2,6,0,3,8,0,1,1,1,201400058574A01,,,,200059871
201400058614,2014-01-30,2014,janvier,jeudi,15:00,973,97309,0,0,1,1,1,1,1,2,2,01,-1,-1,0,0,1,0,1,3,1,43,1,1,2,0,0,8,0,201400058614B02,7,1,1,249730045
201400058618,2014-03-27,2014,mars,jeudi,19:30,973,97309,0,0,2,1,1,5,1,4,2,00,1,1,0,60,-1,0,0,4,1,58,5,2,4,0,0,7,19,201400058618B02,7,21,1,249730045
201400058627,2014-09-04,2014,septembre,jeudi,17:30,973,97309,0,0,2,1,1,1,1,4,2,02,1,1,0,60,1,5,1,3,1,15,5,2,2,0,2,8,15,201400058627B02,7,1,1,249730045
201400058630,2014-10-07,2014,octobre,mardi,15:15,973,97309,0,0,1,1,5,1,2,3,2,02,-1,1,0,53,2,0,1,3,1,35,5,1,3,0,2,1,1,201400058630B02,7,13,1,249730045
201400058630,2014-10-07,2014,octobre,mardi,15:15,973,97309,0,0,1,1,5,1,2,3,2,02,-1,1,0,53,2,0,1,3,1,44,5,1,2,0,2,1,1,201400058630C03,7,13,1,249730045
201400058642,2014-03-15,2014,mars,samedi,10:45,973,97304,0,0,1,1,2,1,1,4,2,02,1,1,0,46,1,0,1,3,2,56,5,1,9,0,2,7,24,201400058642B02,10,20,1,200027548
201400058655,2014-04-16,2014,avril,mercredi,17:45,973,97307,0,0,1,1,1,5,1,4,2,02,2,1,0,0,1,0,1,3,1,19,5,3,1,0,2,1,5,201400058655B02,30,1,1,249730045
201400058660,2014-07-18,2014,juillet,vendredi,06:30,973,97307,0,0,2,1,1,1,1,2,2,00,-1,1,0,0,1,0,1,4,1,46,1,1,2,0,2,4,1,201400058660B02,7,0,1,249730045
201400058680,2014-02-09,2014,février,dimanche,07:45,971,97132,0,0,1,1,1,1,1,2,2,02,4,3,0,80,1,0,3,3,1,34,5,1,2,0,2,6,1,201400058680B02,7,14,1,249710070
201400058715,2014-06-29,2014,juin,dimanche,18:15,972,97221,0,0,2,1,1,1,1,3,3,02,1,1,20,77,1,0,1,3,1,44,9,1,2,11,2,7,6,201400058715A01,7,1,1,249720053
201400058791,2014-11-19,2014,novembre,mercredi,16:35,971,97107,0,0,2,9,3,1,1,4,2,02,2,1,0,69,1,0,1,4,1,15,9,2,2,0,2,0,16,201400058791A01,7,1,1,249710070
201400058802,2014-02-20,2014,février,jeudi,07:45,971,97113,0,0,1,1,2,1,1,2,2,02,1,1,0,0,1,0,1,4,1,22,0,1,2,0,2,1,2,201400058802B01,7,2,1,200041507
201400058808,2014-02-23,2014,février,dimanche,10:57,971,97120,0,0,2,1,3,1,1,4,2,00,1,-1,0,0,1,0,1,3,1,8,0,3,2,0,2,1,19,201400058808B01,30,0,1,200018653
201400058809,2014-03-01,2014,mars,samedi,06:35,971,97101,0,0,1,1,3,1,2,2,3,00,-1,-1,0,0,2,0,1,4,1,52,5,1,2,0,2,8,2,201400058809B01,7,2,1,200018653
201400058834,2014-05-27,2014,mai,mardi,15:50,971,97101,0,0,2,3,1,1,1,4,2,02,1,1,0,0,1,0,1,3,1,16,5,2,4,0,2,1,16,201400058834A01,7,1,1,200018653
201400058840,2014-06-10,2014,juin,mardi,19:14,971,97120,0,0,2,6,3,5,1,3,-1,00,1,1,0,0,1,0,1,4,1,39,0,3,2,0,2,0,0,201400058840B01,7,0,1,200018653
201400058841,2014-06-18,2014,juin,mercredi,14:35,971,97101,0,0,1,1,6,1,1,2,-1,00,2,1,0,0,1,0,1,4,1,17,5,3,9,0,2,1,0,201400058841A01,7,0,1,200018653
201400058844,2014-06-28,2014,juin,samedi,08:45,971,97113,0,0,1,1,2,1,1,2,2,03,1,1,0,0,1,0,1,3,1,75,5,1,2,0,2,4,0,201400058844B01,7,0,1,200041507
201400058897,2014-12-12,2014,décembre,vendredi,17:45,971,97101,0,0,2,3,5,5,1,4,2,00,-1,-1,0,0,-1,0,1,3,1,17,5,3,9,0,2,7,0,201400058897B01,7,0 / 15,2,200018653
201400058902,2014-12-22,2014,décembre,lundi,18:15,971,97113,0,0,2,3,3,2,1,3,2,02,2,-1,0,0,1,0,1,4,1,14,5,3,9,0,0,8,1,201400058902B01,7,15,1,200041507