Num_Acc,date,an,mois,jour,hrmn,dep,com,lat,long,agg,int,col,lum,atm,catr,circ,nbv,prof,plan,lartpc,larrout,surf,infra,situ,grav,sexe,age,trajet,secuexist,equipement,obs,obsm,choc,manv,vehiculeid,typevehicules,manoeuvehicules,numVehicules,_infos_commune.code_epci
201400058907,2014-01-04,2014,janvier,samedi,15:25,972,97209,0,0,2,1,1,1,1,3,1,01,1,1,0,0,1,0,1,4,2,7,5,2,9,0,2,1,1,201400058907B01,7,4,1,249720061
201400058931,2014-02-15,2014,février,samedi,10:42,972,97209,0,0,2,1,6,1,1,4,2,02,1,1,0,0,1,0,1,3,2,42,4,1,9,0,2,1,23,201400058931B01,7,4,1,249720061
201400058943,2014-03-07,2014,mars,vendredi,13:35,972,97209,0,0,2,1,6,1,1,4,1,01,2,2,0,0,1,0,1,3,1,10,5,2,2,0,2,1,5,201400058943A01,7,1,1,249720061
201400058986,2014-06-06,2014,juin,vendredi,14:55,972,97209,0,0,2,1,6,1,1,3,2,02,2,1,0,0,1,0,1,3,1,18,5,2,4,0,2,1,2,201400058986A01,7,1,1,249720061
201400059019,2014-09-14,2014,septembre,dimanche,18:30,972,97209,0,0,1,1,6,3,1,2,2,02,2,4,0,0,1,0,1,3,1,15,5,2,4,0,2,1,1,201400059019B01,7,15,1,249720061
201400059091,2014-04-03,2014,avril,jeudi,11:04,972,97213,0,0,1,1,7,1,1,3,2,02,-1,-1,0,0,1,0,1,4,1,27,0,3,2,0,2,1,1,201400059091A01,7,1,1,249720061
201400059117,2014-07-17,2014,juillet,jeudi,17:10,972,97213,0,0,1,1,1,1,1,3,2,02,-1,2,0,0,-1,0,1,4,1,37,0,3,9,0,2,1,5,201400059117B01,7,5,1,249720061
201400059165,2014-09-09,2014,septembre,mardi,23:10,973,97302,0,0,1,2,1,5,2,4,2,02,1,1,0,80,1,0,1,3,1,35,1,2,9,0,2,7,2,201400059165B01,7,2,1,249730045
201400059168,2014-01-08,2014,janvier,mercredi,13:25,973,97302,0,0,2,2,1,1,6,4,4,02,-1,2,0,70,-1,0,1,4,1,40,0,2,2,0,2,1,1,201400059168A01,7,16,1,249730045
201400059173,2014-01-15,2014,janvier,mercredi,16:50,973,97302,0,0,1,4,2,1,3,4,2,01,1,1,0,60,2,0,0,4,2,24,0,3,9,0,2,1,1,201400059173B01,7,16,1,249730045
201400059174,2014-01-16,2014,janvier,jeudi,15:40,973,97302,0,0,2,1,3,1,1,4,2,01,1,-1,0,80,1,0,1,4,1,16,3,3,4,0,2,8,2,201400059174Y01,7,2,1,249730045
201400059177,2014-01-14,2014,janvier,mardi,10:00,973,97302,0,0,2,1,1,1,1,3,2,00,1,1,30,30,1,0,5,4,2,20,0,2,2,0,2,0,5,201400059177A01,2,1,1,249730045
201400059179,2014-01-22,2014,janvier,mercredi,15:10,973,97302,0,0,2,3,3,1,1,4,1,01,-1,-1,80,80,1,0,1,4,1,17,9,1,9,0,2,1,1,201400059179B01,7,1,1,249730045
201400059184,2014-02-01,2014,février,samedi,19:10,973,97302,0,0,2,1,1,2,1,3,1,01,1,2,0,48,1,0,1,3,1,13,5,2,9,0,2,1,1,201400059184A01,7,1,1,249730045
201400059191,2014-12-13,2014,décembre,samedi,14:44,973,97302,0,0,2,3,3,1,1,4,2,02,1,1,0,0,1,0,1,4,1,18,9,3,4,0,2,8,19,201400059191A01,33,1,1,249730045
201400059195,2014-02-18,2014,février,mardi,19:35,973,97302,0,0,2,1,1,5,1,4,2,01,1,1,60,60,1,0,1,3,2,20,2,3,9,0,2,1,5,201400059195B01,7,15,1,249730045
201400059202,2014-03-06,2014,mars,jeudi,17:35,973,97302,0,0,2,1,2,1,1,4,1,02,1,-1,0,0,1,0,1,3,1,46,0,1,9,0,0,4,0,201400059202B01,7,9,1,249730045
201400059221,2014-04-05,2014,avril,samedi,00:40,973,97302,0,0,2,3,1,5,1,4,2,01,1,-1,0,25,1,0,0,3,1,21,5,2,9,0,2,1,1,201400059221B01,7,0,1,249730045
201400059224,2014-04-09,2014,avril,mercredi,18:25,973,97302,0,0,2,1,3,1,1,4,3,02,1,1,15,60,1,0,0,3,1,13,5,1,2,0,2,1,1,201400059224B01,7,15,1,249730045
201400059228,2014-04-24,2014,avril,jeudi,19:44,973,97302,0,0,2,6,3,5,1,4,1,02,1,1,0,0,2,0,1,4,1,14,0,3,2,0,2,7,1,201400059228B01,10,0,1,249730045
201400059230,2014-04-27,2014,avril,dimanche,21:11,973,97302,0,0,1,1,1,5,1,4,2,02,1,1,0,80,1,0,1,4,1,20,5,2,4,0,2,1,5,201400059230A01,2,1,1,249730045
201400059236,2014-05-11,2014,mai,dimanche,08:40,973,97302,0,0,1,1,2,1,1,4,2,01,1,1,0,55,1,0,1,3,1,54,0,3,9,1,2,1,2,201400059236B01,7,2,1,249730045
201400059252,2014-07-03,2014,juillet,jeudi,12:15,973,97302,0,0,2,1,3,1,1,4,2,02,1,-1,0,0,1,0,0,1,1,56,0,3,9,0,0,1,10,201400059252A01,30,0,1,249730045
201400059255,2014-07-12,2014,juillet,samedi,10:00,973,97302,0,0,1,3,3,1,1,4,2,00,-1,-1,0,0,1,0,1,3,1,17,0,3,9,0,2,8,0,201400059255A01,7,0,1,249730045
201400059269,2014-09-12,2014,septembre,vendredi,08:40,973,97302,0,0,1,3,1,1,3,4,2,02,-1,-1,0,0,1,0,1,4,2,36,0,1,2,12,2,8,1,201400059269B01,7,9,1,249730045
201400059279,2014-10-01,2014,octobre,mercredi,17:10,973,97302,0,0,1,3,1,1,1,4,2,02,1,1,10,30,-1,0,0,4,1,17,5,1,2,0,2,1,13,201400059279B01,7,23,1,249730045
201400059310,2014-12-13,2014,décembre,samedi,13:40,973,97302,0,0,2,1,1,1,2,4,2,02,1,-1,0,0,1,0,1,3,1,54,0,3,9,0,0,8,1,201400059310B01,7,19,1,249730045
201400059311,2014-12-13,2014,décembre,samedi,19:41,973,97302,0,0,2,1,2,5,1,4,2,02,1,-1,0,0,1,0,1,3,1,19,0,3,9,0,0,4,2,201400059311B01,7,2,1,249730045
201400059321,2014-12-22,2014,décembre,lundi,18:11,973,97302,0,0,1,1,6,5,1,2,1,01,1,-1,0,110,1,0,0,4,1,55,0,1,4,0,2,8,0,201400059321B01,7,0,1,249730045
201400059324,2014-12-24,2014,décembre,mercredi,18:53,973,97302,0,0,1,1,6,5,1,4,2,00,-1,-1,40,40,-1,0,0,4,1,31,0,3,9,0,9,0,0,201400059324B01,2,0,1,249730045
201400059352,2014-03-26,2014,mars,mercredi,17:05,974,97407,0,0,2,1,2,1,1,4,1,01,1,-1,50,50,1,0,1,4,1,48,9,3,9,0,2,4,1,201400059352B01,10,21,1,249740101
201400059359,2014-04-16,2014,avril,mercredi,08:00,974,97407,0,0,2,1,1,1,1,4,1,01,2,1,0,35,-1,0,1,4,1,47,5,2,2,0,2,1,5,201400059359A01,10,1,1,249740101
201400059377,2014-06-21,2014,juin,samedi,09:50,974,97407,0,0,2,1,3,1,1,2,2,00,1,1,0,70,1,0,1,4,1,25,0,1,4,0,2,0,1,201400059377B01,7,0,1,249740101
201400059381,2014-07-21,2014,juillet,lundi,14:10,974,97407,0,0,2,3,3,1,1,4,2,02,1,1,0,70,1,0,1,4,1,15,5,3,9,0,2,1,1,201400059381B01,7,1,1,249740101
201400059386,2014-08-09,2014,août,samedi,06:10,974,97407,0,0,1,1,2,2,1,2,3,04,1,1,20,70,1,0,1,3,1,41,5,3,9,0,2,4,2,201400059386B01,7,1,1,249740101
201400059387,2014-08-11,2014,août,lundi,13:20,974,97407,0,0,2,3,3,1,1,4,1,00,1,1,0,0,1,0,1,3,1,11,0,1,9,0,2,4,5,201400059387A01,2,1,1,249740101
201400059388,2014-08-14,2014,août,jeudi,06:10,974,97407,0,0,1,1,3,2,1,2,2,02,1,1,0,70,1,0,1,4,1,51,5,3,2,0,2,1,2,201400059388B01,10,0,1,249740101
201400059389,2014-08-19,2014,août,mardi,06:45,974,97407,0,0,2,2,3,2,1,4,2,02,1,1,0,70,1,0,0,3,1,36,1,1,2,0,2,1,1,201400059389B01,7,1,1,249740101
201400059391,2014-08-21,2014,août,jeudi,07:50,974,97407,0,0,2,1,2,1,1,4,2,02,1,1,0,0,1,0,1,4,1,71,5,3,9,0,2,4,2,201400059391B01,7,2,1,249740101
201400059394,2014-08-26,2014,août,mardi,11:00,974,97407,0,0,2,1,3,1,2,4,2,02,1,1,0,70,2,0,1,3,1,52,5,3,9,0,2,3,2,201400059394A01,37,2,1,249740101
201400059398,2014-09-17,2014,septembre,mercredi,11:10,974,97407,0,0,2,1,2,1,1,4,2,02,1,1,0,70,1,0,1,4,2,7,5,1,2,0,2,3,1,201400059398B01,7,1,1,249740101
201400059413,2014-12-02,2014,décembre,mardi,09:25,974,97407,0,0,2,1,3,1,1,2,2,02,1,1,0,0,1,0,1,2,1,47,0,1,9,0,2,3,1,201400059413B01,7,11,1,249740101
201400059426,2014-10-31,2014,octobre,vendredi,23:54,974,97407,0,0,2,2,1,4,1,2,2,02,1,1,0,70,1,0,1,4,1,20,5,3,2,0,2,4,2,201400059426B01,2,2,1,249740101
201400059430,2014-01-26,2014,janvier,dimanche,18:35,974,97409,0,0,1,1,3,2,1,3,2,02,1,1,0,0,1,0,1,4,2,40,0,3,9,0,2,7,0,201400059430B01,7,0,1,249740093
201400059432,2014-03-20,2014,mars,jeudi,17:05,974,97409,0,0,2,1,3,1,1,3,2,02,1,-1,0,0,1,0,1,4,1,43,0,2,9,0,2,1,1,201400059432A01,7,15,1,249740093
201400059433,2014-03-09,2014,mars,dimanche,16:45,974,97409,0,0,2,1,2,1,1,4,2,02,1,-1,0,0,1,0,1,3,1,49,0,2,9,0,2,4,2,201400059433A01,7,2,1,249740093
201400059438,2014-03-13,2014,mars,jeudi,08:10,974,97409,0,0,2,1,2,1,2,3,2,02,-1,-1,0,0,2,0,1,4,1,32,0,3,9,0,2,4,0,201400059438B01,7,0,1,249740093
201400059440,2014-04-04,2014,avril,vendredi,18:30,974,97409,0,0,2,1,3,2,1,3,2,02,1,1,0,0,1,0,1,4,1,48,0,3,9,0,2,3,0,201400059440B01,7,12,1,249740093
201400059448,2014-02-19,2014,février,mercredi,06:50,974,97409,0,0,2,1,3,1,1,2,2,02,1,1,0,0,1,0,0,4,1,81,0,3,9,0,2,3,0,201400059448B01,7,0,1,249740093
201400059459,2014-05-03,2014,mai,samedi,12:50,974,97409,0,0,2,2,3,1,1,4,2,02,1,-1,0,0,1,0,1,4,2,19,0,2,9,0,2,1,1,201400059459B01,7,1,1,249740093
201400059478,2014-08-01,2014,août,vendredi,18:40,974,97409,0,0,1,1,6,5,1,3,2,02,-1,-1,0,0,1,0,0,4,1,13,0,3,9,0,2,0,0,201400059478B01,7,1,1,249740093
201400059500,2014-07-31,2014,juillet,jeudi,17:25,974,97409,0,0,2,1,6,1,1,4,2,02,-1,-1,0,0,1,0,0,4,2,21,0,3,9,0,2,0,0,201400059500B01,7,0,1,249740093
201400059502,2014-10-10,2014,octobre,vendredi,11:45,974,97409,0,0,1,1,6,1,1,3,2,02,-1,-1,0,0,1,0,1,4,1,49,0,1,4,0,2,0,13,201400059502B01,13,0,1,249740093
201400059503,2014-10-11,2014,octobre,samedi,16:30,974,97409,0,0,1,1,3,1,1,3,2,02,-1,-1,0,0,1,0,0,4,1,7,0,2,9,0,2,1,0,201400059503B01,7,1,1,249740093
201400059504,2014-10-12,2014,octobre,dimanche,17:10,974,97409,0,0,1,1,3,1,1,3,2,02,-1,-1,0,0,1,0,0,4,1,34,0,2,4,0,2,0,1,201400059504B01,7,9,1,249740093
201400059506,2014-10-23,2014,octobre,jeudi,18:10,974,97409,0,0,1,3,3,1,1,3,2,02,-1,-1,0,0,1,0,1,4,1,35,0,1,9,0,2,1,0,201400059506B01,7,9,1,249740093
201400059516,2014-12-10,2014,décembre,mercredi,17:05,974,97409,0,0,2,1,6,1,1,3,-1,01,1,-1,0,0,1,0,1,4,1,15,0,3,9,0,2,4,1,201400059516B01,7,9,1,249740093
201400059539,2014-02-13,2014,février,jeudi,08:00,974,97411,0,0,2,1,2,1,1,4,2,02,1,1,0,0,1,0,1,4,1,57,0,3,9,0,2,1,2,201400059539A01,7,0,1,249740119
201400059564,2014-05-07,2014,mai,mercredi,21:45,974,97411,0,0,2,2,6,5,2,4,1,01,2,1,0,30,2,0,1,4,1,18,0,3,9,0,2,1,1,201400059564B01,30,1,1,249740119
201400059569,2014-05-19,2014,mai,lundi,07:05,974,97411,0,0,1,1,3,1,1,4,2,03,2,1,0,0,1,0,1,4,1,54,1,3,9,0,2,1,1,201400059569B01,7,0,1,249740119
201400059580,2014-06-30,2014,juin,lundi,16:45,974,97411,0,0,1,1,3,1,1,4,2,02,1,-1,0,0,1,0,0,4,1,16,0,3,9,0,2,1,1,201400059580Y01,7,15,1,249740119
201400059580,2014-06-30,2014,juin,lundi,16:45,974,97411,0,0,1,1,3,1,1,4,2,02,1,-1,0,0,1,0,0,4,1,14,0,3,9,0,2,1,1,201400059580Y01,7,15,1,249740119
201400059581,2014-08-21,2014,août,jeudi,16:00,974,97411,0,0,2,2,1,1,2,4,2,02,1,1,0,59,1,0,1,4,1,8,0,3,9,0,2,8,1,201400059581B01,7,1,1,249740119
201400059590,2014-11-06,2014,novembre,jeudi,20:20,974,97411,0,0,2,2,3,3,1,2,2,02,1,1,0,0,-1,0,1,3,1,8,5,3,9,0,2,5,3,201400059590A01,7,0,1,249740119
201400059609,2014-01-05,2014,janvier,dimanche,14:10,974,97416,0,0,2,1,2,1,1,4,2,02,1,1,0,70,1,0,1,4,1,42,9,1,2,0,2,4,16,201400059609B01,7,1,1,249740077
201400059631,2014-02-16,2014,février,dimanche,09:45,974,97416,0,0,1,1,3,1,1,2,1,02,1,1,0,80,1,0,2,4,1,46,9,1,2,0,2,8,1,201400059631B01,7,14,1,249740077
201400059632,2014-02-16,2014,février,dimanche,13:30,974,97416,0,0,1,1,1,1,1,3,2,02,2,1,0,80,1,0,1,4,1,49,9,2,9,0,2,1,1,201400059632B01,10,15,1,249740077
201400059643,2014-03-05,2014,mars,mercredi,12:00,974,97416,0,0,2,1,3,1,1,4,1,01,2,1,0,40,1,0,4,4,1,23,9,2,9,0,2,1,18,201400059643B01,7,22,1,249740077
201400059645,2014-03-07,2014,mars,vendredi,08:30,974,97416,0,0,1,6,2,1,1,4,4,02,2,2,0,80,1,3,1,4,1,64,5,2,9,0,2,4,1,201400059645B01,21,14,1,249740077
201400059655,2014-03-20,2014,mars,jeudi,16:50,974,97416,0,0,1,2,3,1,1,3,2,02,1,1,0,70,1,0,1,4,1,31,9,1,2,0,2,1,1,201400059655B01,7,15,1,249740077
201400059662,2014-04-02,2014,avril,mercredi,07:40,974,97416,0,0,1,1,2,1,1,4,2,02,2,1,0,70,1,0,1,4,1,17,9,3,9,0,2,1,2,201400059662B01,7,2,1,249740077
201400059690,2014-05-06,2014,mai,mardi,16:38,974,97416,0,0,1,1,7,1,1,3,2,02,2,1,0,70,1,0,1,4,1,43,9,3,9,0,1,1,1,201400059690A01,,,,249740077
201400059697,2014-05-16,2014,mai,vendredi,10:55,974,97416,0,0,1,3,3,1,1,4,2,02,2,1,0,70,1,0,1,3,1,20,9,3,9,0,2,1,17,201400059697B01,13,15,1,249740077
201400059711,2014-06-06,2014,juin,vendredi,17:40,974,97416,0,0,1,1,3,2,1,3,2,02,2,1,0,70,1,0,1,4,2,12,9,3,9,0,2,4,19,201400059711A01,10,1,1,249740077
201400059714,2014-06-15,2014,juin,dimanche,19:35,974,97416,0,0,2,2,7,5,1,4,1,02,2,1,0,70,1,0,1,4,1,15,9,3,9,0,0,0,14,201400059714A01,,,,249740077
201400059716,2014-06-20,2014,juin,vendredi,07:20,974,97416,0,0,2,1,7,2,1,4,2,02,2,1,0,70,1,0,1,4,1,19,9,3,9,0,0,0,1,201400059716A01,,,,249740077
201400059724,2014-07-03,2014,juillet,jeudi,13:05,974,97416,0,0,2,1,7,1,1,3,1,01,1,1,0,10,1,0,5,1,1,53,0,3,9,0,1,1,1,201400059724A01,,,,249740077
201400059727,2014-07-08,2014,juillet,mardi,15:20,974,97416,0,0,1,1,3,1,1,4,2,02,2,1,0,70,1,0,1,4,1,19,5,3,9,0,2,1,17,201400059727B01,7,15,1,249740077
201400059753,2014-08-09,2014,août,samedi,12:50,974,97416,0,0,1,3,3,1,1,3,2,02,2,1,0,70,1,0,1,4,1,15,9,2,9,0,2,1,16,201400059753A01,10,1,1,249740077
201400059761,2014-08-20,2014,août,mercredi,21:00,974,97416,0,0,2,1,1,5,1,4,2,02,2,1,0,70,1,0,1,4,1,16,0,3,9,0,2,1,13,201400059761B01,7,1,1,249740077
201400059761,2014-08-20,2014,août,mercredi,21:00,974,97416,0,0,2,1,1,5,1,4,2,02,2,1,0,70,1,0,1,4,1,14,9,3,9,0,2,1,13,201400059761B01,7,1,1,249740077
201400059763,2014-08-25,2014,août,lundi,17:05,974,97416,0,0,2,6,3,1,1,4,2,02,1,1,0,70,1,0,1,4,2,61,0,3,9,0,2,7,1,201400059763B01,7,9,1,249740077
201400059767,2014-08-29,2014,août,vendredi,22:50,974,97416,0,0,1,1,2,3,1,4,2,02,1,1,0,60,1,0,1,4,1,20,9,3,9,0,2,1,21,201400059767A01,7,9,1,249740077
201400059811,2014-10-29,2014,octobre,mercredi,12:45,974,97416,0,0,1,2,3,1,1,3,2,02,2,1,0,70,1,0,1,4,1,20,5,3,9,0,2,1,17,201400059811B01,7,15,1,249740077
201400059845,2014-12-17,2014,décembre,mercredi,07:30,974,97416,0,0,1,6,2,2,1,4,2,02,1,2,0,60,1,5,1,4,1,15,0,3,9,0,2,4,2,201400059845B01,7,0,1,249740077
201400059849,2014-12-23,2014,décembre,mardi,18:45,974,97416,0,0,2,1,3,2,1,4,2,02,1,1,0,70,1,0,1,1,1,9,0,3,9,0,2,0,19,201400059849B01,33,1,1,249740077
201500000062,2015-11-02,2015,novembre,lundi,09:45,59,59268,50.641,2.722,2,1,3,1,5,4,2,02,1,1,0,50,1,0,1,3,1,74,5,3,1,0,2,8,1,201500000062B02,7,17,1,245900758
201500000092,2015-05-05,2015,mai,mardi,12:00,59,59611,50.66572,3.00818,1,1,2,1,6,3,2,02,1,1,0,69,2,0,1,2,2,53,5,2,2,0,2,3,13,201500000092B02,7,1,1,200093201
201500000093,2015-05-22,2015,mai,vendredi,11:00,59,59611,50.69039,2.99471,2,1,1,1,1,4,2,02,1,4,0,40,1,0,1,3,1,73,5,2,2,0,2,1,0,201500000093B02,32,1,1,200093201
201500000097,2015-12-17,2015,décembre,jeudi,12:00,59,59252,0,0,1,1,3,1,1,4,2,00,1,1,0,28,2,0,1,3,1,60,0,1,2,0,2,8,1,201500000097B02,14,16,1,200093201
201500000102,2015-11-08,2015,novembre,dimanche,09:00,59,59038,0,0,1,1,2,1,7,3,2,02,-1,1,0,50,1,0,1,3,2,27,4,3,1,0,2,4,2,201500000102B02,7,2,1,200042190
201500000110,2015-08-10,2015,août,lundi,14:45,59,59529,0,0,1,1,1,1,1,3,-1,00,-1,-1,0,0,1,0,1,3,2,58,5,1,2,0,0,8,2,201500000110B02,21,17,1,200043263
201500000190,2015-12-04,2015,décembre,vendredi,17:30,59,59357,0,0,2,9,1,3,1,3,-1,00,1,1,0,55,1,0,1,3,1,51,5,1,4,0,0,4,0,201500000190B02,7,2,1,200043321
201500000209,2015-05-26,2015,mai,mardi,18:30,62,62579,50.18183,2.6578,2,2,3,1,1,3,2,02,1,1,0,67,1,5,1,3,1,8,5,2,2,0,2,1,1,201500000209B02,7,1,1,200069482
201500000218,2015-06-28,2015,juin,dimanche,09:45,62,62861,50.3762,2.80639,2,3,3,1,1,3,2,00,1,1,0,0,1,0,1,3,1,19,5,1,2,0,2,1,17,201500000218B02,7,15,1,246200364
201500000246,2015-06-15,2015,juin,lundi,18:45,62,62473,50.61111,2.47597,2,1,6,1,1,4,2,02,1,1,0,64,1,0,1,3,1,15,5,2,2,1,0,1,1,201500000246A01,,,,200072460
201500000248,2015-06-28,2015,juin,dimanche,15:45,62,62473,50.61875,2.47133,2,1,1,1,1,3,2,02,-1,1,0,55,1,0,1,3,1,11,5,1,2,0,2,8,17,201500000248B02,7,1,1,200072460
201500000259,2015-07-01,2015,juillet,mercredi,18:30,62,62268,50.66697,1.84069,2,1,2,1,7,4,2,02,2,1,0,0,1,0,1,4,2,10,5,1,2,0,2,4,1,201500000259B02,99,1,1,200018083
201500000259,2015-07-01,2015,juillet,mercredi,18:30,62,62268,50.66697,1.84069,2,1,2,1,7,4,2,02,2,1,0,0,1,0,1,4,2,10,0,1,2,0,2,4,1,201500000259B02,99,1,1,200018083
201500000263,2015-09-06,2015,septembre,dimanche,17:15,62,62268,50.67859,1.83109,2,1,1,1,1,3,2,00,4,1,0,70,1,0,1,3,1,11,5,2,2,0,2,1,1,201500000263B02,7,1,1,200018083
201500000303,2015-07-02,2015,juillet,jeudi,17:00,62,62014,50.63973,2.39581,2,1,1,1,1,4,1,00,1,1,0,0,1,0,1,3,1,14,5,1,2,0,2,1,19,201500000303B02,7,1,1,200069037
201500000321,2015-06-26,2015,juin,vendredi,12:00,62,62451,50.4766,2.27821,1,9,1,1,1,3,2,02,2,1,0,70,1,0,1,3,1,14,5,1,2,0,2,1,9,201500000321B02,7,1,1,200069672
201500000340,2015-01-04,2015,janvier,dimanche,21:45,80,80016,50.00293,2.65187,2,6,3,5,1,4,-1,00,-1,-1,0,0,1,0,1,3,1,30,5,1,4,0,0,7,1,201500000340B02,7,9,1,248000747
201500000348,2015-10-30,2015,octobre,vendredi,11:30,80,80016,49.99797,2.65018,2,1,1,1,1,4,-1,01,1,1,0,50,1,0,1,3,2,77,3,1,9,1,0,1,1,201500000348B02,7,24,1,248000747
201500000380,2015-09-28,2015,septembre,lundi,11:00,02,02720,0,0,2,5,1,1,7,3,2,02,1,3,0,0,1,0,1,3,2,86,5,1,2,0,2,8,1,201500000380A01,7,19,1,240200576
201500000389,2015-01-06,2015,janvier,mardi,15:00,02,02163,48.97712,3.28837,2,1,3,1,1,4,1,01,1,1,0,57,1,0,1,3,2,19,1,1,2,0,2,8,1,201500000389A01,7,17,1,240200584
201500000411,2015-01-09,2015,janvier,vendredi,13:45,02,02210,0,0,2,1,2,1,1,3,2,02,1,1,0,65,1,0,1,3,1,27,5,1,2,0,2,4,1,201500000411B02,10,1,1,240200501
201500000443,2015-05-15,2015,mai,vendredi,16:00,60,60681,49.39842,1.94846,2,1,1,1,1,4,2,00,1,1,0,0,1,0,1,3,2,20,5,3,1,0,0,4,1,201500000443B02,7,17,1,246000913
201500000444,2015-06-01,2015,juin,lundi,18:30,60,60616,49.35566,1.7678,1,1,3,1,1,3,2,00,2,-1,0,0,1,0,1,3,2,11,5,1,2,0,2,3,13,201500000444B02,7,1,1,246000913
201500000467,2015-04-09,2015,avril,jeudi,18:00,60,60462,49.33401,2.19832,2,1,1,1,1,3,2,02,-1,1,0,97,1,0,1,2,1,59,5,1,9,0,2,1,18,201500000467B02,14,16,1,200067973
201500000473,2015-10-01,2015,octobre,jeudi,14:15,60,60330,49.2961,2.15942,2,2,3,1,1,3,2,02,-1,-1,0,0,-1,0,0,3,1,26,5,1,2,0,2,1,1,201500000473A01,7,1,1,246000582
201500000486,2015-04-19,2015,avril,dimanche,11:15,60,60360,49.32925,2.46802,1,9,3,1,1,3,2,00,1,1,0,0,1,0,1,4,1,75,0,1,2,0,2,8,15,201500000486A01,7,15,1,246000129
201500000487,2015-06-07,2015,juin,dimanche,14:15,60,60360,49.33071,2.4583,2,1,1,1,1,4,2,02,2,1,0,0,1,0,1,3,1,15,5,3,2,1,2,7,16,201500000487B02,7,15,1,246000129
201500000530,2015-06-10,2015,juin,mercredi,11:45,60,60612,49.20365,2.5947,2,1,1,1,1,3,2,02,4,1,0,30,1,0,1,3,1,63,5,1,2,0,2,1,1,201500000530B02,7,15,1,200066975
201500000539,2015-09-26,2015,septembre,samedi,07:00,60,60517,49.22813,2.22668,1,1,1,2,1,3,2,03,1,1,0,0,1,0,1,3,1,31,5,1,4,0,0,4,2,201500000539B02,7,2,1,200067973
201500000544,2015-07-06,2015,juillet,lundi,19:45,60,60346,49.16771,2.42309,2,6,3,1,1,4,2,02,1,1,0,0,1,5,1,4,1,34,5,1,2,0,2,7,0,201500000544B02,7,0,1,246000764
201500000548,2015-12-26,2015,décembre,samedi,11:00,60,60141,49.19291,2.46331,2,6,1,1,1,3,-1,00,-1,-1,0,0,-1,0,0,3,1,37,0,1,2,0,0,0,0,201500000548A01,3,0,1,246000764
201500000561,2015-04-02,2015,avril,jeudi,17:45,60,60509,49.30849,2.60296,2,1,3,1,1,4,2,02,1,1,0,0,1,0,1,3,1,18,1,1,2,0,2,1,1,201500000561B02,7,15,1,246000921
201500000568,2015-07-20,2015,juillet,lundi,06:00,76,76594,49.49164,1.01455,1,1,2,2,2,3,2,02,1,1,0,97,2,0,1,3,2,61,1,2,2,0,2,4,2,201500000568B02,7,2,1,200070449
201500000593,2015-09-19,2015,septembre,samedi,14:45,76,76125,49.61913,1.18121,1,1,1,1,1,3,2,02,1,1,35,32,1,0,1,3,1,79,5,3,1,1,2,1,1,201500000593A01,7,1,1,200070449
201500000602,2015-09-06,2015,septembre,dimanche,11:30,76,76636,49.50109,0.93159,2,2,3,1,1,3,2,02,1,1,0,70,1,0,1,3,1,36,5,1,2,0,2,7,1,201500000602A01,7,1,1,200023414
201500000612,2015-06-21,2015,juin,dimanche,17:15,76,76268,49.68543,0.32054,1,1,3,1,1,3,2,00,2,2,0,50,1,0,1,3,1,61,5,1,2,0,0,0,13,201500000612B02,21,1,1,200084952
201500000646,2015-03-06,2015,mars,vendredi,14:45,76,76459,49.71081,1.49927,1,1,2,1,7,3,2,02,2,1,0,51,1,0,1,3,1,42,5,1,2,0,0,4,0,201500000646B02,7,2,1,200070068
201500000693,2015-06-11,2015,juin,jeudi,07:00,76,76611,49.64853,0.8946,2,3,1,1,1,4,2,02,1,1,0,30,1,0,1,3,1,24,0,1,2,0,2,1,1,201500000693A01,7,15,1,200069847
201500000726,2015-06-04,2015,juin,jeudi,16:15,27,27448,49.01415,1.38559,2,6,3,1,1,3,1,02,1,3,0,0,1,5,1,3,1,50,5,1,2,0,2,3,5,201500000726B02,7,1,1,200072312
201500000740,2015-11-04,2015,novembre,mercredi,13:30,27,27495,49.25179,1.35426,2,1,1,1,1,3,2,02,1,1,540,0,1,0,1,3,1,77,5,3,8,0,2,1,1,201500000740B02,7,13,1,200072312
201500000785,2015-07-24,2015,juillet,vendredi,15:00,27,27249,49.18269,1.25726,1,1,3,1,1,3,2,00,1,1,0,6,1,0,1,3,1,15,5,3,1,0,2,6,19,201500000785B02,7,1,1,200089456
201500000789,2015-11-28,2015,novembre,samedi,11:30,27,27022,49.19361,1.33205,1,1,3,1,1,3,2,02,2,3,0,580,2,0,1,3,1,66,3,1,2,0,2,4,2,201500000789B02,10,2,1,200089456
201500000798,2015-09-02,2015,septembre,mercredi,19:00,27,27196,49.29714,1.17494,1,6,3,2,7,3,-1,01,1,-1,0,0,1,0,1,4,1,29,5,1,2,0,2,7,1,201500000798A01,7,1,1,200089456
201500000835,2015-07-31,2015,juillet,vendredi,09:45,35,35067,48.21665,-1.59149,1,2,1,1,7,3,2,02,2,1,0,60,1,0,1,3,1,52,5,2,2,0,2,8,1,201500000835A01,10,19,1,243500774
201500000847,2015-10-29,2015,octobre,jeudi,09:00,35,35133,48.1085,-2.036,1,1,5,1,1,3,2,00,1,1,0,0,2,0,1,3,2,64,5,1,2,0,0,1,0,201500000847B02,7,13,1,243500550
201500000847,2015-10-29,2015,octobre,jeudi,09:00,35,35133,48.1085,-2.036,1,1,5,1,1,3,2,00,1,1,0,0,2,0,1,3,2,47,5,1,2,0,0,1,0,201500000847C03,7,13,1,243500550