Num_Acc,date,an,mois,jour,hrmn,dep,com,lat,long,agg,int,col,lum,atm,catr,circ,nbv,prof,plan,lartpc,larrout,surf,infra,situ,grav,sexe,age,trajet,secuexist,equipement,obs,obsm,choc,manv,vehiculeid,typevehicules,manoeuvehicules,numVehicules,_infos_commune.code_epci
201500000853,2015-07-30,2015,juillet,jeudi,16:00,35,35037,48.04564,-1.87283,2,6,3,1,7,3,2,00,-1,1,0,0,1,0,1,3,1,57,5,1,2,0,2,4,2,201500000853B02,14,2,1,243500618
201500000857,2015-11-01,2015,novembre,dimanche,12:30,35,35196,48.0784,-1.84384,2,2,3,1,1,4,2,02,1,1,0,59,1,5,1,4,2,59,3,1,4,0,2,5,1,201500000857B02,7,16,1,243500139
201500000865,2015-08-18,2015,août,mardi,10:45,35,35243,48.34869,-1.26208,1,1,1,1,1,3,2,02,1,1,0,80,1,0,1,3,1,51,5,1,2,0,2,1,2,201500000865B02,7,2,1,200072452
201500000880,2015-05-14,2015,mai,jeudi,14:45,35,35341,48.40023,-1.4203,1,1,3,1,1,3,2,02,2,2,0,0,1,0,1,3,2,63,5,1,2,0,0,8,1,201500000880B02,7,14,1,
201500000890,2015-04-09,2015,avril,jeudi,18:45,35,35064,0,0,2,1,3,1,1,4,2,00,1,1,0,25,9,0,0,3,1,8,5,2,2,0,2,1,19,201500000890B02,7,1,1,243500741
201500000938,2015-05-11,2015,mai,lundi,17:45,35,35360,48.10534,-1.20733,1,1,2,1,1,3,1,00,1,3,0,0,1,0,1,3,1,62,5,1,2,1,0,1,2,201500000938B02,10,0,1,200039022
201500000942,2015-08-02,2015,août,dimanche,10:30,35,35347,48.18768,-1.32166,2,1,1,1,1,3,2,02,1,1,0,60,1,0,1,3,1,59,5,1,2,0,2,8,0,201500000942B02,7,24,1,200039022
201500000958,2015-07-04,2015,juillet,samedi,09:45,35,35207,48.08536,-1.48281,1,1,7,1,1,4,2,00,2,3,0,42,1,0,3,2,2,79,5,1,2,13,0,1,1,201500000958A01,,,,243500659
201500000964,2015-06-30,2015,juin,mardi,18:30,35,35359,47.94659,-1.27531,1,1,2,1,1,3,2,02,1,1,75,0,1,0,1,3,1,43,5,1,2,0,2,4,1,201500000964B02,7,1,1,200039022
201500000970,2015-08-07,2015,août,vendredi,12:15,35,35136,47.96298,-1.49371,2,1,3,1,1,4,2,02,2,1,0,0,1,0,1,3,2,10,5,2,2,0,2,2,15,201500000970A01,7,1,1,243500634
201500000982,2015-06-26,2015,juin,vendredi,16:15,22,22093,48.46798,-2.50691,2,6,3,1,1,4,4,00,1,-1,0,0,1,5,1,3,1,55,5,1,2,0,2,1,1,201500000982B02,7,9,1,200069391
201500001013,2015-04-09,2015,avril,jeudi,15:00,22,22171,48.38521,-2.82788,1,2,3,1,1,4,2,02,1,1,,,1,5,1,3,1,17,5,1,2,0,2,1,1,201500001013B02,7,1,1,200069409
201500001016,2015-08-06,2015,août,jeudi,20:30,22,22287,48.4697,-2.88259,2,3,3,2,1,4,2,02,1,1,42,37,1,0,1,3,1,53,5,1,2,0,2,8,16,201500001016B02,7,15,1,200069409
201500001063,2015-07-29,2015,juillet,mercredi,09:30,29,29226,48.0843,-4.40212,1,1,2,1,7,3,2,00,1,1,0,65,1,0,1,4,1,68,5,2,9,0,0,4,2,201500001063B02,10,2,1,242900645
201500001076,2015-08-21,2015,août,vendredi,16:30,29,29058,47.86017,-4.02206,1,1,1,1,7,4,2,00,1,3,0,67,1,0,1,3,1,46,5,1,2,0,2,0,15,201500001076B02,10,1,1,242900660
201500001083,2015-03-05,2015,mars,jeudi,19:45,29,29158,47.81854,-4.31299,1,1,2,3,1,3,2,00,1,1,0,0,1,0,1,2,1,55,5,2,2,0,2,4,1,201500001083B02,7,1,1,242900702
201500001092,2015-12-20,2015,décembre,dimanche,16:45,29,29245,48.45013,-4.33164,2,1,3,1,2,4,2,02,1,1,0,50,2,0,1,3,1,6,5,1,2,0,0,8,19,201500001092B02,7,1,1,242900801
201500001107,2015-03-31,2015,mars,mardi,17:15,29,29117,48.56597,-4.5246,2,1,3,1,1,3,2,00,-1,1,35,0,1,0,1,4,1,63,0,1,2,0,2,1,15,201500001107B02,7,1,1,242900553
201500001118,2015-05-14,2015,mai,jeudi,10:45,29,29196,48.50597,-4.58269,1,1,1,1,1,4,2,01,2,4,0,60,1,0,1,3,1,57,5,1,2,0,2,4,1,201500001118B02,7,19,1,242900553
201500001121,2015-06-12,2015,juin,vendredi,17:15,29,29109,48.533,-4.72671,2,1,3,1,1,4,2,02,1,1,60,0,1,0,1,3,1,9,5,1,2,0,2,1,1,201500001121A01,7,1,1,242900074
201500001122,2015-06-20,2015,juin,samedi,15:45,29,29149,48.46688,-4.56667,1,1,3,1,1,4,2,00,-1,1,75,0,1,5,1,3,1,40,3,1,2,0,2,2,15,201500001122B02,7,1,1,
201500001139,2015-01-17,2015,janvier,samedi,14:45,29,29024,48.27487,-3.55844,2,6,3,1,2,4,2,00,-1,2,0,60,2,5,1,3,2,55,5,1,2,0,2,7,1,201500001139B02,7,1,1,242900744
201500001148,2015-12-29,2015,décembre,mardi,15:45,29,29024,48.29294,-3.55543,2,1,1,1,1,3,1,00,1,2,0,0,1,5,1,3,2,18,5,1,2,0,2,1,1,201500001148B02,7,9,1,242900744
201500001149,2015-04-08,2015,avril,mercredi,17:30,29,29249,48.17034,-3.8113,1,1,3,1,1,3,2,02,2,1,0,64,1,0,1,3,1,65,5,1,2,0,0,7,1,201500001149B02,10,18,1,242900561
201500001156,2015-07-22,2015,juillet,mercredi,15:45,29,29042,48.25712,-4.53816,1,1,3,1,1,3,2,02,4,1,0,60,1,0,1,4,1,56,5,1,2,0,2,1,18,201500001156A01,7,16,1,200066868
201500001161,2015-10-12,2015,octobre,lundi,07:15,29,29120,48.24842,-4.41844,2,6,3,5,1,3,2,00,1,1,0,70,1,5,1,4,1,42,1,1,2,0,2,7,1,201500001161B02,7,1,1,200066868
201500001174,2015-02-22,2015,février,dimanche,10:15,29,29204,48.49917,-4.17386,1,1,3,1,2,4,2,00,4,2,0,115,2,5,1,3,1,48,5,1,2,0,2,1,1,201500001174A01,7,0,1,242900751
201500001189,2015-10-31,2015,octobre,samedi,17:00,29,29276,48.66609,-4.0676,2,1,1,1,1,3,2,02,1,-1,0,0,1,5,1,3,2,43,5,1,2,0,2,8,19,201500001189B02,7,1,1,200067072
201500001198,2015-10-13,2015,octobre,mardi,16:45,56,56158,47.69356,-2.80784,2,1,5,1,1,4,2,01,1,1,0,39,1,0,1,3,1,9,2,3,1,0,2,8,19,201500001198A01,7 / 37,16 / 1,2,200067932
201500001202,2015-06-05,2015,juin,vendredi,18:30,56,56183,0,0,2,1,3,1,1,3,2,00,1,3,0,575,1,0,1,3,1,12,5,2,2,0,2,8,1,201500001202B02,7,1,1,
201500001208,2015-09-27,2015,septembre,dimanche,16:00,56,56126,47.55954,-2.39514,1,1,3,1,1,3,2,02,1,1,31,79,1,0,1,3,1,44,5,1,2,0,2,2,0,201500001208B02,7,13,1,200027027
201500001217,2015-10-18,2015,octobre,dimanche,11:45,56,56184,47.66171,-2.45365,2,1,1,1,1,4,1,00,2,1,0,0,1,0,1,4,1,16,3,2,2,0,2,1,1,201500001217B02,7,1,1,245614383
201500001230,2015-08-06,2015,août,jeudi,10:00,56,56176,0,0,1,6,3,1,1,3,-1,01,1,-1,0,0,1,0,1,3,1,71,5,3,1,0,2,7,1,201500001230B02,7,9,1,200043123
201500001237,2015-12-29,2015,décembre,mardi,13:30,56,56263,47.70387,-2.95489,2,1,3,1,7,3,2,02,-1,-1,0,0,-1,0,0,3,1,62,0,1,2,0,0,1,0,201500001237B02,7,15,1,200043123
201500001244,2015-06-17,2015,juin,mercredi,17:30,56,56169,0,0,2,1,1,1,1,3,2,00,1,1,0,65,1,0,1,3,2,14,5,2,2,0,2,2,19,201500001244A01,10,1,1,245600440
201500001248,2015-04-27,2015,avril,lundi,08:15,56,56127,48.0776,-2.29033,2,6,1,1,1,4,1,02,1,2,0,80,1,5,1,3,2,14,2,1,2,0,2,7,1,201500001248B02,7,9,1,200066777
201500001293,2015-06-10,2015,juin,mercredi,10:45,56,56117,47.88925,-2.83812,2,3,3,1,1,4,2,02,2,1,0,0,1,0,1,3,2,44,4,1,2,0,2,7,1,201500001293B02,7,19,1,200096683
201500001301,2015-01-24,2015,janvier,samedi,10:00,56,56014,0,0,1,1,2,1,1,3,2,00,1,1,0,0,2,0,1,2,1,81,5,3,1,14,0,4,15,201500001301A01,7,1,1,245614417
201500001314,2015-06-01,2015,juin,lundi,16:45,14,14384,49.3149,-0.35538,2,3,3,1,1,4,2,02,1,1,0,61,1,5,1,3,1,12,2,2,2,0,2,1,19,201500001314B02,10,1,1,241400860
201500001336,2015-06-07,2015,juin,dimanche,11:35,14,14166,49.2912,-0.28261,2,2,3,1,1,3,2,02,1,1,0,60,1,5,1,3,2,56,5,1,2,0,2,7,15,201500001336A01,10,21,1,200065597
201500001347,2015-10-20,2015,octobre,mardi,15:30,14,14046,49.2308,-0.21643,1,1,3,1,1,3,2,01,1,3,0,46,1,0,1,3,1,69,5,1,2,0,2,8,1,201500001347B02,7,13,1,200065563
201500001382,2015-01-28,2015,janvier,mercredi,08:00,14,14431,49.0729,-0.07597,2,1,6,5,1,3,2,02,1,1,0,70,1,0,1,4,1,17,2,3,9,1,0,7,1,201500001382A01,,,,200069532
201500001407,2015-07-16,2015,juillet,jeudi,12:15,14,14316,49.2639,-0.04287,1,2,1,1,1,3,2,02,1,1,0,30,1,5,1,3,1,39,5,1,2,0,2,1,1,201500001407B02,7,19,1,200065563
201500001438,2015-12-28,2015,décembre,lundi,15:00,50,50468,49.2201,-1.10227,2,1,6,1,1,3,2,02,2,2,0,45,1,0,1,3,1,68,5,1,2,0,1,1,1,201500001438A01,,,,200066389
201500001487,2015-09-02,2015,septembre,mercredi,21:00,50,50447,48.7985,-1.52158,1,1,3,2,1,3,2,02,1,1,0,80,1,0,1,3,1,46,5,1,2,0,2,4,1,201500001487B01,7,2,1,200042604
201500001497,2015-04-10,2015,avril,vendredi,20:45,50,50074,48.7146,-1.17902,1,1,1,2,2,3,2,02,1,2,0,46,2,2,1,4,1,29,5,1,4,0,2,1,1,201500001497B01,7,13,1,200069425
201500001504,2015-01-11,2015,janvier,dimanche,10:30,50,50041,49.6709,-1.8541,1,1,5,1,7,3,3,03,1,3,10,100,1,0,1,3,1,50,5,1,2,0,2,4,2,201500001504C01,7,2,1,200067205
201500001504,2015-01-11,2015,janvier,dimanche,10:30,50,50041,49.6709,-1.8541,1,1,5,1,7,3,3,03,1,3,10,100,1,0,1,2,1,59,5,1,2,0,2,4,2,201500001504B01,7,2,1,200067205
201500001519,2015-09-17,2015,septembre,jeudi,19:00,50,50087,49.5589,-1.63001,1,1,5,1,1,3,2,02,2,2,68,0,1,0,1,3,1,40,5,1,2,0,2,4,2,201500001519C01,7 / 33,2,2,200067205
201500001599,2015-05-29,2015,mai,vendredi,13:50,01,01053,46.20195,5.22072,2,2,3,1,1,4,1,03,2,1,0,0,1,0,1,4,1,17,2,3,8,0,2,3,1,201500001599B01,7,16,1,200071751
201500001609,2015-07-01,2015,juillet,mercredi,12:45,01,01053,46.2176,5.22767,2,6,3,1,7,4,2,02,1,1,0,0,1,0,1,4,1,21,1,3,8,0,2,1,19,201500001609A01,10,1,1,200071751
201500001634,2015-10-21,2015,octobre,mercredi,14:09,01,01344,46.1984,5.17531,1,3,3,1,1,3,2,02,1,1,0,0,1,0,1,3,1,7,5,3,9,0,2,7,16,201500001634B01,15,16,1,200071751
201500001637,2015-11-06,2015,novembre,vendredi,14:55,01,01289,46.17672,5.23421,1,2,3,1,1,3,2,02,1,1,0,50,1,5,1,3,1,66,5,1,2,0,2,1,1,201500001637B01,7,19,1,200071751
201500001643,2015-12-16,2015,décembre,mercredi,10:35,01,01053,0,0,2,2,3,1,1,4,1,01,2,1,0,0,1,0,1,4,2,65,5,1,9,0,2,7,1,201500001643A01,10,15,1,200071751
201500001653,2015-08-01,2015,août,samedi,10:00,61,61249,48.65983,0.02469,1,4,3,1,1,3,2,02,1,1,,,1,5,1,3,1,67,5,1,2,0,2,8,11,201500001653B02,7,17,1,
201500001685,2015-07-10,2015,juillet,vendredi,13:15,61,61063,48.69722,-0.36888,2,3,3,1,1,4,2,02,1,1,0,65,1,0,1,3,1,17,5,2,9,0,2,7,19,201500001685B02,10,1,1,200035814
201500001720,2015-08-16,2015,août,dimanche,12:00,61,61456,48.76105,0.64136,2,6,3,1,1,4,2,02,1,1,0,0,1,5,1,3,1,71,5,2,2,0,2,8,1,201500001720B02,7,16,1,200068468
201500001759,2015-05-17,2015,mai,dimanche,09:00,44,44212,47.14429,-1.25198,1,2,1,1,1,4,-1,00,-1,3,0,70,-1,0,1,3,1,51,5,1,2,0,0,6,0,201500001759B02,7,15,1,200067866
201500001796,2015-09-06,2015,septembre,dimanche,05:30,44,44054,47.70019,-1.35142,1,1,2,3,1,3,2,02,2,1,0,60,1,0,1,2,1,68,5,1,2,0,2,4,2,201500001796A01,7,2,1,200072726
201500001806,2015-06-23,2015,juin,mardi,21:30,44,44015,47.46857,-1.83713,1,1,1,2,1,3,2,00,1,1,0,62,1,0,1,3,1,40,5,1,2,0,2,4,1,201500001806B02,10,1,1,244400453
201500001849,2015-08-20,2015,août,jeudi,11:45,44,44164,47.076,-1.885,1,1,3,1,1,3,2,02,1,-1,0,53,1,0,1,3,2,64,5,1,2,0,2,3,9,201500001849B02,7,1,1,200067346
201500001850,2015-09-27,2015,septembre,dimanche,09:30,44,44126,47.13315,-2.16434,1,1,2,1,1,3,2,02,1,1,0,0,1,0,1,2,1,76,5,1,2,0,2,4,1,201500001850B02,7,1,1,200067346
201500001862,2015-08-20,2015,août,jeudi,18:15,44,44154,47.2567,-2.16026,2,3,3,1,1,4,2,02,-1,3,0,0,1,5,1,3,2,77,5,2,2,0,2,7,1,201500001862A01,7,16,1,244400586
201500001869,2015-03-02,2015,mars,lundi,12:15,44,44186,47.10627,-1.81335,2,1,1,1,1,3,2,02,1,1,0,0,1,0,1,3,1,13,2,2,2,0,0,6,15,201500001869B02,7,1,1,200067346
201500001873,2015-06-08,2015,juin,lundi,18:30,44,44145,47.19385,-1.85107,1,2,3,1,1,3,2,02,1,1,,,1,0,1,3,1,44,5,1,2,0,2,0,1,201500001873B02,7,15,1,200067346
201500001882,2015-10-08,2015,octobre,jeudi,11:30,44,44047,47.21802,-1.68261,2,6,3,1,1,4,2,02,1,2,0,0,1,5,1,4,2,70,3,1,2,0,0,7,1,201500001882B02,7,9,1,244400404
201500001884,2015-12-02,2015,décembre,mercredi,15:30,44,44047,0,0,2,6,3,1,1,9,-1,02,1,1,0,62,1,5,1,4,1,13,5,2,2,0,2,5,1,201500001884B02,7,1,1,244400404
201500001904,2015-09-09,2015,septembre,mercredi,13:30,44,44030,47.44654,-2.26458,1,1,2,1,1,3,2,00,1,1,0,62,1,0,1,4,1,29,5,1,2,0,2,4,1,201500001904B02,7,1,1,244400644
201500001966,2015-08-30,2015,août,dimanche,13:45,49,49257,47.6571,-0.20595,2,1,3,1,3,4,2,01,1,1,0,0,2,5,1,3,1,55,5,3,1,15,2,1,1,201500001966B02,7,19,1,200068955
201500001982,2015-12-06,2015,décembre,dimanche,08:30,49,49092,47.19869,-0.71855,1,1,2,2,8,3,2,02,1,1,0,60,2,0,1,3,1,53,5,1,9,0,2,4,2,201500001982B02,7,2,1,200060010
201500002018,2015-05-21,2015,mai,jeudi,15:45,49,49030,47.35405,-0.08286,1,1,5,1,1,3,2,00,2,1,33,77,1,0,1,3,2,17,5,1,4,0,2,8,13,201500002018B02,7,17 / 1,2,200071876
201500002019,2015-06-01,2015,juin,lundi,18:30,49,49002,47.28685,0.01626,1,1,5,1,1,9,2,00,-1,3,0,30,1,0,1,3,1,9,5,1,2,0,2,1,1,201500002019B02,7,1,1,200071876
201500002019,2015-06-01,2015,juin,lundi,18:30,49,49002,47.28685,0.01626,1,1,5,1,1,9,2,00,-1,3,0,30,1,0,1,1,1,3,0,1,2,0,2,1,1,201500002019B02,7,1,1,200071876
201500002019,2015-06-01,2015,juin,lundi,18:30,49,49002,47.28685,0.01626,1,1,5,1,1,9,2,00,-1,3,0,30,1,0,1,1,1,7,5,1,2,0,2,7,0,201500002019C03,7,1,1,200071876
201500002027,2015-07-29,2015,juillet,mercredi,20:30,49,49253,47.12745,-0.23793,2,2,3,1,1,4,2,02,1,1,0,40,1,0,1,3,1,62,5,3,1,0,2,1,5,201500002027B02,7,1,1,200071876
201500002084,2015-06-06,2015,juin,samedi,18:15,53,53110,47.86284,-0.5226,1,1,1,1,1,4,2,00,2,1,0,35,1,0,1,3,2,79,5,2,2,0,2,1,1,201500002084B02,10,1,1,245300223
201500002123,2015-06-11,2015,juin,jeudi,10:45,53,53121,48.41802,-0.33613,2,1,1,1,1,2,2,02,1,1,0,0,1,0,1,3,1,68,5,1,2,0,2,1,1,201500002123B02,7,15,1,200042182
201500002145,2015-03-07,2015,mars,samedi,09:00,72,72054,48.032,0.367,1,1,2,1,1,3,2,00,1,1,0,0,1,0,2,3,1,63,5,1,4,0,2,4,1,201500002145A01,7,14,1,247200132
201500002149,2015-06-03,2015,juin,mercredi,16:45,72,72300,0,0,2,1,1,1,1,3,3,00,1,1,23,0,1,0,1,4,1,18,0,1,2,0,0,3,0,201500002149B02,7,0,1,200072684
201500002163,2015-06-15,2015,juin,lundi,16:30,72,72253,0,0,1,1,1,1,1,3,2,02,1,1,0,0,1,0,1,3,1,62,5,1,2,0,9,1,1,201500002163B02,1,1,1,247200629
201500002163,2015-06-15,2015,juin,lundi,16:30,72,72253,0,0,1,1,1,1,1,3,2,02,1,1,0,0,1,0,1,1,1,65,5,1,2,0,0,4,1,201500002163A01,1,1,1,247200629
201500002164,2015-06-25,2015,juin,jeudi,17:30,72,72280,0,0,1,1,3,1,1,3,2,02,1,1,0,77,1,0,1,3,2,71,5,1,2,0,2,8,1,201500002164B02,7,17,1,247200132
201500002178,2015-05-21,2015,mai,jeudi,07:45,72,72154,47.692,-0.044,1,1,1,1,1,3,2,00,1,1,0,70,1,0,1,3,1,18,0,1,2,0,2,8,15,201500002178B02,7,2,1,247200348
201500002224,2015-10-20,2015,octobre,mardi,10:00,72,72316,0,0,1,1,3,1,1,3,2,00,1,1,0,75,1,0,1,3,1,60,0,1,2,0,2,3,1,201500002224B02,10,17,1,200072676
201500002238,2015-11-24,2015,novembre,mardi,07:45,72,72006,0,0,2,1,1,5,2,3,2,02,1,1,0,0,2,0,1,3,1,31,1,2,4,0,2,4,2,201500002238B02,7,2,1,246100663
201500002245,2015-08-18,2015,août,mardi,16:15,85,85061,0,0,1,2,1,1,1,4,2,02,1,1,0,53,1,0,1,4,2,12,5,1,2,0,2,1,1,201500002245A01,7,1,1,200073260
201500002248,2015-11-16,2015,novembre,lundi,12:00,85,85135,46.54355,-1.24116,1,1,2,1,1,3,2,02,-1,1,0,0,1,0,1,2,1,58,3,2,9,0,2,4,2,201500002248B02,10,2,1,200073260
201500002292,2015-08-13,2015,août,jeudi,12:45,85,85003,46.73957,-1.6059,2,9,3,1,1,4,2,02,1,1,50,0,1,0,1,3,2,14,5,1,2,0,2,3,15,201500002292B02,7,1,1,200072882
201500002299,2015-11-03,2015,novembre,mardi,08:30,85,85155,46.71723,-1.45312,2,1,1,1,1,4,2,00,1,3,0,0,1,0,1,4,2,19,1,2,2,0,0,8,15,201500002299B02,7,17,1,248500589
201500002304,2015-06-08,2015,juin,lundi,08:45,85,85092,46.45959,-0.79837,2,1,1,1,1,3,1,02,2,1,0,140,1,0,1,3,1,49,5,1,9,0,2,0,11,201500002304B02,7,1,1,200071934
201500002313,2015-08-03,2015,août,lundi,18:00,85,85216,46.483,-1.1178,2,2,3,1,1,4,2,02,1,1,0,70,1,0,1,3,1,86,5,2,2,0,2,8,1,201500002313B02,7,19,1,200073260
201500002332,2015-09-04,2015,septembre,vendredi,17:30,85,85031,46.801,-0.941,1,1,1,1,1,4,2,01,1,1,0,48,1,5,1,2,1,63,5,2,2,0,2,9,15,201500002332B02,7,17,1,248500464
201500002345,2015-03-25,2015,mars,mercredi,09:45,85,85006,46.78477,-1.73501,1,1,2,1,1,3,2,02,1,1,0,66,1,0,1,3,1,73,5,1,2,0,2,4,1,201500002345B02,7,17,1,200072882
201500002352,2015-12-05,2015,décembre,samedi,09:15,85,85047,46.85874,-1.87167,2,1,6,1,7,4,2,02,2,1,0,60,1,0,1,3,1,69,5,2,2,0,2,4,1,201500002352A01,,,,200071629
201500002359,2015-07-06,2015,juillet,lundi,16:45,85,85011,46.93642,-2.16723,1,6,3,1,1,3,-1,00,1,-1,0,0,1,5,5,3,2,65,5,1,2,0,2,1,15,201500002359B02,33,16,1,248500191
201500002372,2015-03-23,2015,mars,lundi,12:30,85,85234,46.79707,-2.047,2,1,3,1,1,3,2,02,1,1,0,78,1,0,1,2,2,80,9,1,9,0,2,3,2,201500002372B02,7,2,1,248500258
201500002379,2015-08-22,2015,août,samedi,12:30,85,85234,46.79965,-2.08255,2,1,1,1,3,4,2,00,1,1,0,39,2,0,1,3,1,46,5,1,2,1,0,1,1,201500002379A01,7,24,1,248500258
201500002399,2015-05-31,2015,mai,dimanche,18:15,33,33051,44.64576,-0.95059,2,6,1,1,1,3,-1,00,-1,-1,0,0,-1,0,0,3,1,43,5,1,4,0,0,4,0,201500002399B02,10,1,1,243301504
201500002467,2015-11-28,2015,novembre,samedi,09:30,33,33109,44.6869,-0.46306,1,1,5,1,1,3,2,00,1,1,0,51,1,0,1,3,1,61,5,1,2,0,2,4,1,201500002467C03,7,1,1,243301264
201500002467,2015-11-28,2015,novembre,samedi,09:30,33,33109,44.6869,-0.46306,1,1,5,1,1,3,2,00,1,1,0,51,1,0,1,3,1,56,5,1,2,0,2,4,1,201500002467B02,7,1,1,243301264
201500002477,2015-03-14,2015,mars,samedi,11:30,33,33330,44.86202,-0.45868,1,1,1,1,1,3,2,00,1,1,0,0,1,0,1,3,1,45,0,1,2,0,2,2,13,201500002477A01,7,1,1,243301355
201500002485,2015-04-09,2015,avril,jeudi,15:30,33,33337,44.55065,-0.3169,1,2,3,1,1,3,-1,02,1,1,0,61,1,0,0,3,1,62,5,1,2,0,2,1,15,201500002485B02,7,19,1,200069581
201500002487,2015-08-15,2015,août,samedi,21:45,33,33081,44.63592,-0.32397,1,1,1,5,1,3,2,00,-1,2,0,63,1,0,1,3,1,19,5,2,9,0,2,1,17,201500002487B02,7,13,1,200069581
201500002509,2015-06-19,2015,juin,vendredi,09:45,33,33481,44.64031,0.05065,1,2,2,1,1,3,2,02,1,1,0,64,1,0,1,3,2,50,5,1,2,0,2,4,13,201500002509A01,7,1,1,200069599
201500002526,2015-08-12,2015,août,mercredi,20:30,33,33275,44.7036,-0.16666,1,1,3,2,1,3,2,02,1,1,0,0,1,0,1,3,2,80,5,2,2,0,2,5,6,201500002526A01,7,1,1,200069599
201500002533,2015-07-25,2015,juillet,samedi,14:45,33,33300,45.26097,-1.14518,1,1,3,1,1,4,2,02,1,1,0,0,1,0,1,3,2,25,5,1,2,0,2,2,14,201500002533A01,10,21,1,200070720
201500002551,2015-07-06,2015,juillet,lundi,09:30,33,33424,45.14726,-0.8251,2,1,3,1,1,3,2,00,1,1,0,65,1,0,1,3,1,76,5,1,2,0,2,9,1,201500002551B02,7,11,1,200069995
201500002555,2015-07-25,2015,juillet,samedi,20:15,33,33514,45.51304,-1.12403,2,1,3,1,1,4,1,01,-1,1,0,30,1,0,1,1,1,17,5,1,2,0,2,8,13,201500002555B02,31,1,1,200070720
201500002576,2015-09-21,2015,septembre,lundi,14:00,33,33147,44.79012,-0.23332,1,1,6,1,1,9,-1,00,2,-1,0,30,-1,0,0,3,1,66,5,1,2,0,0,0,1,201500002576A01,,,,200070092
201500002578,2015-12-14,2015,décembre,lundi,18:15,33,33185,44.86295,-0.25537,2,1,2,3,1,3,2,02,1,1,0,72,1,0,1,3,1,74,5,2,4,0,0,4,2,201500002578B02,7,2,1,200070092
201500002583,2015-05-17,2015,mai,dimanche,10:15,33,33154,45.08959,-0.05292,1,3,1,1,1,3,2,00,2,2,0,0,1,5,1,3,1,50,3,1,2,0,2,2,19,201500002583A01,33,1,1,200070092
201500002603,2015-03-05,2015,mars,jeudi,12:00,24,24013,45.1385,0.75609,1,1,1,1,1,3,2,02,-1,3,0,60,1,0,1,3,1,50,5,1,2,0,2,3,6,201500002603A01,7,1,1,
201500002635,2015-08-21,2015,août,vendredi,17:30,24,24242,44.9138,0.61814,1,1,3,1,1,3,2,02,-1,3,0,70,1,0,1,3,1,87,5,1,2,0,0,8,1,201500002635B02,7,17,1,200034833
201500002636,2015-09-02,2015,septembre,mercredi,12:45,24,24472,44.8055,0.56474,1,1,1,1,1,3,2,00,2,1,0,70,1,0,1,3,1,72,5,3,1,0,0,1,1,201500002636B02,7,15,1,200070647
201500002643,2015-05-14,2015,mai,jeudi,11:15,24,24194,44.83663,0.33274,2,1,2,1,1,4,2,02,1,1,0,55,1,5,1,3,2,61,5,1,2,0,2,4,1,201500002643B02,10,16,1,200070647
201500002649,2015-12-10,2015,décembre,jeudi,17:00,24,24274,44.8111,0.47453,1,1,2,2,1,3,2,02,2,1,0,60,1,0,1,3,1,50,3,2,4,0,0,4,1,201500002649B02,7,1,1,200070647
201500002667,2015-11-29,2015,novembre,dimanche,21:00,24,24352,45.2494,0.33539,2,2,3,5,1,3,2,00,-1,1,0,0,1,5,1,3,1,14,5,3,1,0,2,7,1,201500002667A01,10,1,1,200040400
201500002677,2015-07-30,2015,juillet,jeudi,17:15,24,24159,45.1213,0.208,1,1,1,1,1,3,2,00,3,2,0,38,1,0,1,3,1,70,5,1,9,0,2,8,1,201500002677B02,7,17,1,200040384
201500002685,2015-02-22,2015,février,dimanche,17:30,24,24375,44.7249,1.26798,1,1,3,1,1,3,2,02,1,1,0,56,1,0,1,3,1,67,5,1,2,0,0,7,15,201500002685A01,7,1,1,200041440
201500002733,2015-08-21,2015,août,vendredi,15:15,40,40123,43.82608,-1.09651,1,1,5,1,1,3,2,00,1,1,0,0,1,0,1,3,1,77,0,1,2,0,2,1,0,201500002733C03,10 / 7,17,2,244000675
201500002811,2015-11-06,2015,novembre,vendredi,09:45,40,40286,43.65073,-0.52573,1,1,3,1,1,3,2,00,1,1,0,40,1,0,1,3,1,72,5,1,2,0,2,3,13,201500002811A01,7,1,1,200069649
201500002814,2015-05-12,2015,mai,mardi,17:45,40,40331,43.87917,-0.34502,1,2,3,1,1,3,2,02,-1,1,0,0,1,0,1,3,1,85,5,1,2,0,2,1,19,201500002814B02,7,1,1,244000774
201500002825,2015-02-28,2015,février,samedi,16:00,47,47137,44.1124,0.52585,1,1,1,1,1,3,2,02,2,1,65,65,1,0,1,3,1,51,5,1,2,0,2,0,2,201500002825B02,10,17,1,200096956
201500002833,2015-10-11,2015,octobre,dimanche,16:00,47,47100,44.249,0.605,1,1,7,1,1,4,2,02,2,3,0,38,1,0,3,3,2,60,5,1,2,2,0,3,13,201500002833A01,,,,200096956
201500002871,2015-07-19,2015,juillet,dimanche,21:45,47,47052,44.2992,0.09793,1,4,1,2,1,3,-1,02,2,1,0,0,1,0,1,2,1,82,5,2,9,0,2,1,1,201500002871B02,7,15,1,244701355
201500002896,2015-04-22,2015,avril,mercredi,15:15,64,64067,43.25264,-0.29566,2,6,3,1,1,3,-1,00,-1,-1,0,56,1,5,1,3,1,52,5,1,2,0,2,7,0,201500002896B02,7,0,1,246401756
201500002904,2015-07-17,2015,juillet,vendredi,23:45,64,64448,43.35249,-0.46964,2,1,1,5,1,4,2,02,2,2,0,0,1,0,1,3,1,19,9,3,4,0,2,1,5,201500002904A01,7,1,1,200067254