Num_Acc,date,an,mois,jour,hrmn,dep,com,lat,long,agg,int,col,lum,atm,catr,circ,nbv,prof,plan,lartpc,larrout,surf,infra,situ,grav,sexe,age,trajet,secuexist,equipement,obs,obsm,choc,manv,vehiculeid,typevehicules,manoeuvehicules,numVehicules,_infos_commune.code_epci
201500002906,2015-01-10,2015,janvier,samedi,09:00,64,64405,0,0,2,6,2,1,5,3,2,02,1,2,0,55,1,5,1,4,1,70,5,1,2,0,0,5,1,201500002906B02,7,9,1,200067296
201500002915,2015-09-03,2015,septembre,jeudi,18:45,64,64238,43.26073,-0.06559,2,1,3,1,3,3,2,00,-1,1,0,52,2,0,1,2,1,65,3,2,2,0,0,8,0,201500002915B02,7,0,1,200067296
201500002924,2015-07-28,2015,juillet,mardi,08:00,64,64191,43.1696,-0.21617,2,1,7,1,1,3,2,02,-1,2,0,80,-1,0,0,3,1,63,5,1,2,0,0,0,14,201500002924A01,,,,246401756
201500002944,2015-06-26,2015,juin,vendredi,11:45,64,64065,43.35441,-1.63093,2,1,1,1,1,3,2,00,-1,-1,0,0,1,0,3,3,1,70,5,2,2,0,0,0,0,201500002944B02,7,15,1,200067106
201500002947,2015-08-05,2015,août,mercredi,17:00,64,64495,43.36137,-1.58358,1,1,3,1,1,3,2,02,1,3,0,101,1,0,1,3,1,25,5,1,2,0,2,8,13,201500002947A01,33,2,1,200067106
201500002948,2015-08-12,2015,août,mercredi,10:30,64,64495,0,0,2,6,3,1,1,3,1,00,1,3,0,70,1,5,1,3,1,73,5,1,2,0,0,8,1,201500002948B02,7,16,1,200067106
201500002961,2015-08-21,2015,août,vendredi,10:00,64,64100,43.44622,-1.47481,1,1,1,1,1,9,2,01,-1,-1,0,30,1,6,1,3,1,36,5,2,2,0,2,3,1,201500002961B02,7,17,1,200067106
201500002967,2015-11-07,2015,novembre,samedi,13:30,64,64160,43.36699,-1.4236,1,1,1,1,1,3,-1,00,-1,2,0,68,1,0,1,2,1,74,0,1,4,0,2,1,5,201500002967B02,7,1,1,200067106
201500002971,2015-05-26,2015,mai,mardi,06:45,64,64559,43.23939,-0.87893,1,1,1,1,1,3,3,03,-1,1,0,105,1,5,1,3,1,53,1,2,2,0,2,1,1,201500002971B02,7,15,1,200067106
201500002985,2015-07-23,2015,juillet,jeudi,09:15,64,64362,43.36401,-1.07231,1,1,3,1,1,3,2,02,4,1,0,132,1,0,1,3,1,60,5,1,2,0,2,1,1,201500002985B02,7,15,1,200067106
201500002992,2015-04-07,2015,avril,mardi,19:00,64,64422,43.18791,-0.60673,2,1,1,1,1,4,2,01,2,1,0,60,1,0,1,3,1,15,5,3,2,0,2,1,1,201500002992B02,7,20,1,200067262
201500003000,2015-12-11,2015,décembre,vendredi,14:15,64,64422,43.19442,-0.61177,2,6,1,1,1,4,1,02,1,2,0,70,1,5,1,3,2,77,5,1,2,0,2,7,1,201500003000B02,7,9,1,200067262
201500003002,2015-10-26,2015,octobre,lundi,14:45,64,64127,43.074,-0.421,1,1,2,1,1,3,2,00,1,1,0,0,1,0,1,3,1,67,5,1,2,0,2,4,15,201500003002B02,7,17,1,246400337
201500003063,2015-10-31,2015,octobre,samedi,11:15,86,86077,46.4432,0.66287,2,9,1,1,7,9,-1,00,2,1,58,0,1,0,1,3,1,46,5,1,9,0,2,1,1,201500003063B02,7,15,1,200070043
201500003092,2015-05-29,2015,mai,vendredi,17:00,16,16078,45.70266,0.17469,1,3,1,1,1,4,2,02,1,3,0,36,1,0,1,3,1,58,5,1,2,0,2,1,1,201500003092B02,7,15,1,200071827
201500003156,2015-08-15,2015,août,samedi,11:00,17,17007,46.17082,-0.8988,1,1,1,1,1,3,2,02,-1,3,0,47,1,0,1,4,1,44,5,2,9,0,2,1,13,201500003156A01,7,1,1,200041614
201500003158,2015-09-30,2015,septembre,mercredi,08:45,17,17091,46.30536,-1.07706,1,1,2,2,1,3,2,02,2,4,0,59,1,0,1,3,1,66,3,2,4,0,0,4,2,201500003158B02,7,2,1,200041499
201500003159,2015-09-29,2015,septembre,mardi,09:15,17,17218,46.3127,-0.99133,2,1,3,1,1,3,2,02,1,1,0,80,1,0,1,3,2,80,3,2,2,0,0,5,19,201500003159B02,7,1,1,200041499
201500003166,2015-04-29,2015,avril,mercredi,15:30,17,17360,46.15569,-1.33201,2,2,1,1,1,3,1,01,1,1,0,30,1,0,1,4,2,18,5,2,2,0,2,7,1,201500003166A01,10,4,1,241700459
201500003176,2015-06-01,2015,juin,lundi,12:15,17,17197,45.43561,-0.43671,2,1,3,1,1,4,2,01,1,3,0,63,1,0,1,3,2,64,5,2,2,1,2,7,1,201500003176B02,7,22,1,200041523
201500003192,2015-05-12,2015,mai,mardi,15:15,17,17240,45.28842,-0.40099,2,3,3,1,1,4,2,01,1,1,,,1,0,1,3,1,48,5,2,2,0,0,1,9,201500003192B02,7,1,1,200041523
201500003200,2015-04-22,2015,avril,mercredi,12:15,17,17189,45.86661,-1.07035,2,1,1,1,1,3,2,01,1,1,0,0,9,0,1,3,1,22,5,1,2,0,2,1,17,201500003200B02,7,15,1,
201500003217,2015-08-09,2015,août,dimanche,02:15,17,17385,45.92429,-1.32416,1,1,2,5,2,3,2,02,1,1,0,35,2,0,1,3,1,52,1,2,4,0,2,4,2,201500003217B02,7,2,1,241700624
201500003219,2015-08-15,2015,août,samedi,18:45,17,17337,45.96791,-1.29482,2,2,1,1,1,3,2,02,1,1,0,125,1,5,1,4,2,47,5,2,2,0,2,4,15,201500003219A01,7,19,1,241700624
201500003227,2015-06-05,2015,juin,vendredi,10:45,17,17021,45.75014,-1.11414,1,1,2,1,1,3,2,02,1,1,62,62,1,0,1,3,1,80,5,1,2,0,2,8,1,201500003227B02,7,1,1,241700640
201500003229,2015-07-02,2015,juillet,jeudi,14:45,17,17225,45.72733,-1.17528,1,1,5,1,7,3,2,02,1,1,51,0,1,0,3,3,1,41,5,2,2,0,9,1,5,201500003229B02,7,1,1,241700640
201500003229,2015-07-02,2015,juillet,jeudi,14:45,17,17225,45.72733,-1.17528,1,1,5,1,7,3,2,02,1,1,51,0,1,0,3,3,2,9,5,1,2,0,9,1,1,201500003229C03,7,1,1,241700640
201500003233,2015-08-20,2015,août,jeudi,18:15,17,17225,45.698,-1.198,1,1,1,1,1,3,2,01,-1,2,0,0,1,0,0,1,1,16,5,1,2,0,2,1,0,201500003233B02,1,0,1,241700640
201500003233,2015-08-20,2015,août,jeudi,18:15,17,17225,45.698,-1.198,1,1,1,1,1,3,2,01,-1,2,0,0,1,0,0,3,2,29,0,2,2,0,9,1,0,201500003233A01,1,0,1,241700640
201500003287,2015-03-27,2015,mars,vendredi,09:30,17,17141,45.6957,-0.47939,1,1,6,1,7,3,2,02,-1,1,0,68,1,0,1,3,1,51,5,1,2,1,0,1,2,201500003287A01,10,23,1,200036473
201500003288,2015-06-18,2015,juin,jeudi,15:15,17,17284,45.82958,-0.89658,1,1,5,1,1,3,2,02,1,1,0,60,1,0,1,3,2,64,5,2,2,0,2,6,1,201500003288C03,7,1,1,241700517
201500003288,2015-06-18,2015,juin,jeudi,15:15,17,17284,45.82958,-0.89658,1,1,5,1,1,3,2,02,1,1,0,60,1,0,1,3,1,60,5,2,2,0,2,6,1,201500003288B02,7,1,1,241700517
201500003307,2015-08-16,2015,août,dimanche,08:30,17,17103,46.05133,-0.708,2,1,6,1,1,3,2,01,1,1,0,62,1,0,1,3,1,80,5,1,2,0,5,1,1,201500003307A01,,,,
201500003343,2015-04-08,2015,avril,mercredi,19:30,87,87201,45.8417,1.11174,1,1,1,1,1,3,2,02,2,3,0,60,1,0,1,3,1,62,5,2,2,0,2,1,1,201500003343B01,7,15,1,248719312
201500003354,2015-06-07,2015,juin,dimanche,10:45,87,87002,0,0,2,1,3,1,1,4,2,03,2,4,0,0,1,5,1,3,1,42,5,1,2,0,2,1,1,201500003354B02,7,15,1,200066512
201500003384,2015-01-21,2015,janvier,mercredi,18:45,87,87154,45.904,0.9345,1,6,3,3,1,3,1,02,-1,-1,0,0,1,5,0,3,1,57,5,1,2,0,2,7,1,201500003384B01,7,1,1,200059400
201500003395,2015-12-11,2015,décembre,vendredi,14:30,87,87185,45.896,1.03746,1,2,3,1,1,3,2,00,3,1,0,36,1,0,1,3,1,64,5,1,2,0,0,8,1,201500003395A01,7,19,1,200059400
201500003420,2015-07-11,2015,juillet,samedi,19:15,19,19229,45.1375,1.44844,1,2,1,1,1,3,2,00,1,1,0,124,1,5,1,4,1,64,5,3,1,0,2,1,15,201500003420A01,7,1,1,200043172
201500003439,2015-09-06,2015,septembre,dimanche,08:45,19,19288,45.3029,1.41753,2,2,3,1,1,3,2,00,1,1,0,54,1,0,1,3,1,30,9,1,2,0,2,1,19,201500003439B01,7,1,1,200043172
201500003472,2015-05-07,2015,mai,jeudi,18:45,31,31025,43.487,1.447,1,1,1,1,1,3,2,02,1,1,0,64,1,0,1,3,1,47,1,1,2,0,2,4,13,201500003472B02,33,1,1,243100633
201500003492,2015-05-04,2015,mai,lundi,08:30,31,31417,43.61286,1.26428,2,1,1,1,1,4,2,02,1,1,0,60,1,0,1,3,1,27,1,3,1,0,2,1,1,201500003492B02,7,1,1,243100518
201500003546,2015-07-27,2015,juillet,lundi,16:45,31,31033,0,0,2,1,5,1,1,3,2,02,-1,1,0,61,1,2,1,2,1,66,5,2,2,0,2,2,21,201500003546C03,7 / 10,1,2,200068807
201500003581,2015-03-27,2015,mars,vendredi,19:45,31,31187,43.5343,1.22833,2,2,1,2,1,3,2,00,1,-1,0,50,1,6,1,2,2,64,5,3,1,0,0,4,0,201500003581A01,7,1,1,200068641
201500003582,2015-03-27,2015,mars,vendredi,16:30,31,31424,43.5667,1.28807,2,1,3,1,1,4,2,02,2,1,0,53,1,0,1,3,1,48,5,1,2,0,2,1,1,201500003582B02,7,15,1,243100781
201500003598,2015-12-30,2015,décembre,mercredi,17:00,31,31500,42.76872,0.61856,1,1,1,1,8,3,2,02,2,3,0,60,1,0,1,3,1,55,5,1,2,0,2,4,1,201500003598A01,17,1,1,200072635
201500003618,2015-09-09,2015,septembre,mercredi,10:45,31,31167,0,0,1,1,6,1,1,3,2,02,4,1,0,60,1,0,1,2,1,74,5,1,2,14,0,0,1,201500003618A01,,,,200073146
201500003621,2015-10-31,2015,octobre,samedi,14:15,31,31208,43.06024,0.85397,1,1,5,1,1,3,2,00,1,1,50,0,1,0,1,3,1,60,5,1,2,0,2,8,1,201500003621B02,7,17,1,200073146
201500003621,2015-10-31,2015,octobre,samedi,14:15,31,31208,43.06024,0.85397,1,1,5,1,1,3,2,00,1,1,50,0,1,0,1,4,1,65,5,1,2,0,2,8,1,201500003621C03,7,17,1,200073146
201500003626,2015-08-18,2015,août,mardi,16:30,31,31566,43.4297,1.76838,1,2,3,1,1,3,2,02,1,1,0,58,1,0,1,3,1,66,5,1,2,0,2,5,1,201500003626B02,10,1,1,200071298
201500003631,2015-12-22,2015,décembre,mardi,15:15,31,31495,0,0,1,1,3,1,1,3,2,02,1,1,62,0,1,0,1,3,1,55,5,3,1,0,2,8,2,201500003631B02,7,17,1,200071298
201500003637,2015-03-18,2015,mars,mercredi,20:15,31,31451,0,0,1,1,2,5,1,3,2,02,1,1,0,65,1,0,1,2,1,16,5,2,4,0,2,4,1,201500003637B02,7,1,1,243100567
201500003659,2015-11-08,2015,novembre,dimanche,11:00,09,09238,43.09266,1.70017,1,1,1,1,1,3,2,02,1,-1,70,0,1,0,1,2,1,59,5,1,2,0,2,8,15,201500003659A01,7,17,1,200066231
201500003662,2015-12-16,2015,décembre,mercredi,17:30,09,09312,43.10207,1.64284,2,1,1,2,1,4,2,00,1,1,0,0,1,0,1,3,1,73,5,2,2,0,2,0,15,201500003662B02,31,1,1,200066231
201500003665,2015-07-18,2015,juillet,samedi,14:30,09,09061,43.1241,1.34469,1,3,3,1,1,3,2,01,1,1,0,60,1,0,1,3,1,16,5,1,9,0,2,1,9,201500003665B02,7,1,1,200066223
201500003677,2015-09-13,2015,septembre,dimanche,10:15,09,09282,43.23939,1.62228,1,1,2,1,8,3,2,02,1,1,0,48,1,0,1,4,1,77,5,1,2,0,0,4,1,201500003677B02,1,1,1,200066231
201500003677,2015-09-13,2015,septembre,dimanche,10:15,09,09282,43.23939,1.62228,1,1,2,1,8,3,2,02,1,1,0,48,1,0,1,3,1,69,5,1,2,0,2,0,1,201500003677A01,1,1,1,200066231
201500003689,2015-07-21,2015,juillet,mardi,10:45,09,09057,42.89843,1.31234,2,1,3,1,1,3,2,00,1,1,0,56,1,0,1,3,1,48,5,1,2,1,0,1,1,201500003689A01,10,24,1,200067940
201500003690,2015-01-01,2015,janvier,jeudi,00:15,02,02168,0,0,2,3,1,5,5,4,2,02,2,1,,,1,0,1,3,1,17,5,2,9,0,2,8,19,201500003690A01,7,1,1,200072031
201500003704,2015-07-11,2015,juillet,samedi,19:45,12,12262,44.2387,2.30473,1,1,7,1,1,3,2,01,2,1,0,35,1,0,1,3,1,14,5,2,2,0,0,0,0,201500003704A01,,,,200068831
201500003725,2015-05-13,2015,mai,mercredi,09:50,12,12206,44.4506,2.25279,2,1,7,1,1,3,2,02,2,1,0,61,1,0,1,2,1,63,5,1,2,0,0,0,1,201500003725A01,,,,241200674
201500003755,2015-06-06,2015,juin,samedi,19:15,12,12286,43.955,2.85643,1,1,2,1,1,3,2,02,1,1,0,62,1,0,1,3,2,63,5,3,1,0,2,4,1,201500003755B02,7,1,1,200067155
201500003771,2015-12-16,2015,décembre,mercredi,13:00,12,12300,44.3136,2.02674,1,1,2,1,7,3,2,02,1,1,0,70,1,0,1,3,1,36,5,2,2,0,2,4,2,201500003771B02,7,2,1,200069383
201500003772,2015-01-02,2015,janvier,vendredi,14:50,12,12052,44.5618,2.07487,2,6,3,1,7,3,2,02,1,2,0,80,1,5,1,3,1,79,5,2,2,0,2,8,15,201500003772B02,7,9,1,200067361
201500003849,2015-07-16,2015,juillet,jeudi,09:30,32,32256,43.5338,0.42041,1,3,6,1,1,2,2,02,2,2,0,0,1,5,1,2,1,63,5,3,1,11,0,1,14,201500003849A01,,,,243200425
201500003857,2015-01-21,2015,janvier,mercredi,14:00,32,32205,43.5289,0.20149,1,1,2,1,1,3,2,00,2,1,0,60,1,0,1,3,1,52,5,1,2,0,2,4,1,201500003857B02,7,1,1,243200508
201500003885,2015-06-11,2015,juin,jeudi,11:00,46,46045,44.50107,1.85056,1,1,1,1,1,3,2,02,2,4,0,67,1,0,1,3,1,49,5,1,2,0,2,1,1,201500003885B02,10,1,1,200067361
201500003887,2015-03-18,2015,mars,mercredi,07:30,46,46132,44.74276,1.79161,2,1,1,1,1,4,2,02,2,-1,0,34,1,0,1,3,1,51,1,1,2,0,2,1,13,201500003887A01,7,1,1,200067361
201500003896,2015-06-27,2015,juin,samedi,12:30,46,46251,44.8537,1.90591,1,1,1,1,1,3,2,02,1,1,0,62,1,0,1,3,1,68,5,1,2,0,2,1,1,201500003896B02,7,17,1,200066371
201500003903,2015-06-25,2015,juin,jeudi,11:00,46,46316,0,0,1,2,1,1,1,3,2,02,1,1,0,35,1,5,1,3,1,67,0,1,2,0,2,1,21,201500003903B02,7,1,1,200035327
201500003907,2015-07-12,2015,juillet,dimanche,08:30,46,46265,0,0,1,1,1,1,1,3,2,02,1,2,0,70,1,0,1,3,1,80,5,1,2,0,2,1,13,201500003907A01,7,15,1,200066371
201500003908,2015-09-10,2015,septembre,jeudi,15:15,46,46265,0,0,2,3,3,1,1,3,2,02,3,1,0,70,1,5,1,3,1,76,5,2,2,0,2,1,1,201500003908B02,7,15,1,200066371
201500003911,2015-04-19,2015,avril,dimanche,17:45,65,65401,43.1783,0.10238,1,1,5,1,1,3,2,02,1,1,0,70,1,0,1,4,1,28,5,1,2,0,2,8,2,201500003911B02,7,17,1,200069300
201500003911,2015-04-19,2015,avril,dimanche,17:45,65,65401,43.1783,0.10238,1,1,5,1,1,3,2,02,1,1,0,70,1,0,1,3,2,29,5,1,2,0,2,8,2,201500003911C03,7,17,1,200069300
201500003912,2015-05-17,2015,mai,dimanche,14:30,65,65002,43.1564,-0.02005,1,8,3,1,1,3,2,00,1,1,0,0,1,4,1,2,1,82,5,1,2,0,4,2,19,201500003912A01,39,1,1,200069300
201500003929,2015-12-10,2015,décembre,jeudi,16:00,65,65121,43.35901,0.0693,1,6,3,1,1,3,1,00,1,2,350,95,1,5,1,3,1,76,5,1,2,0,2,7,1,201500003929B02,10,18,1,200072106
201500003933,2015-08-07,2015,août,vendredi,17:45,65,65367,43.1685,0.21529,1,1,7,1,1,3,2,00,4,1,0,0,1,0,1,3,1,39,5,1,2,0,0,0,0,201500003933A01,,,,200070803
201500003939,2015-08-11,2015,août,mardi,11:45,65,65032,42.9605,-0.21119,1,1,3,1,1,3,2,02,2,3,0,57,1,0,1,3,1,40,5,1,2,0,2,1,13,201500003939B02,7,1,1,200070811
201500003942,2015-07-16,2015,juillet,jeudi,12:30,65,65481,42.8972,0.10449,1,1,7,1,7,3,2,00,-1,1,0,60,1,0,1,3,1,65,5,1,2,14,0,0,1,201500003942A01,,,,200070811
201500003943,2015-08-02,2015,août,dimanche,15:45,65,65295,42.8334,0.00007,1,1,1,1,1,3,2,02,2,1,0,63,1,0,1,4,1,43,5,1,2,0,2,1,17,201500003943A01,7,15,1,200070811
201500003943,2015-08-02,2015,août,dimanche,15:45,65,65295,42.8334,0.00007,1,1,1,1,1,3,2,02,2,1,0,63,1,0,1,3,1,38,5,1,2,0,2,1,17,201500003943A01,7,15,1,200070811
201500003948,2015-07-24,2015,juillet,vendredi,16:30,65,65059,43.0665,0.14793,2,3,6,1,1,3,1,01,1,1,0,4,1,0,1,2,1,67,5,2,2,0,1,2,1,201500003948A01,,,,246500482
201500003951,2015-08-16,2015,août,dimanche,16:00,65,65042,43.0373,0.1687,1,1,2,1,1,3,2,02,1,1,0,345,1,0,1,4,2,66,5,1,2,0,2,4,2,201500003951A01,7,1,1,246500482
201500004043,2015-08-07,2015,août,vendredi,19:00,81,81145,43.858,1.811,2,7,1,1,1,9,2,00,-1,1,0,0,1,0,1,3,1,39,5,1,2,0,2,1,1,201500004043B02,7,15,1,200066124
201500004067,2015-07-09,2015,juillet,jeudi,05:45,82,82126,44.17,1.559,1,1,2,2,1,3,2,02,1,1,62,0,1,0,1,3,1,16,1,3,1,0,0,4,1,201500004067B02,10,1,1,248200057
201500004088,2015-01-23,2015,janvier,vendredi,09:45,82,82180,0,0,1,1,1,1,8,3,2,02,-1,3,0,49,1,5,1,2,1,77,3,2,2,0,2,1,1,201500004088B02,10,15,1,248200065
201500004098,2015-08-14,2015,août,vendredi,18:15,82,82028,43.854,1.299,2,1,7,2,2,3,2,00,1,1,0,50,2,0,3,3,1,59,3,2,2,0,0,0,1,201500004098A01,,,,200066652
201500004105,2015-10-24,2015,octobre,samedi,16:00,82,82114,0,0,2,1,2,1,1,4,2,01,-1,-1,0,38,1,0,1,3,2,63,5,1,2,0,2,1,2,201500004105A01,1,2,1,200066652
201500004105,2015-10-24,2015,octobre,samedi,16:00,82,82114,0,0,2,1,2,1,1,4,2,01,-1,-1,0,38,1,0,1,3,2,66,5,1,2,0,2,4,2,201500004105B02,1,2,1,200066652
201500004121,2015-02-28,2015,février,samedi,15:15,82,82014,43.786,1.122,1,1,3,1,1,3,2,00,2,3,37,0,1,0,1,1,1,42,5,1,2,0,2,8,2,201500004121A01,1,2,1,200066652
201500004121,2015-02-28,2015,février,samedi,15:15,82,82014,43.786,1.122,1,1,3,1,1,3,2,00,2,3,37,0,1,0,1,2,1,35,5,1,2,0,2,7,2,201500004121B02,1,2,1,200066652
201500004125,2015-06-24,2015,juin,mercredi,19:15,82,82190,43.86367,1.24705,1,1,3,1,1,4,2,00,1,1,0,0,1,5,1,4,1,15,5,2,2,0,2,6,1,201500004125B02,7,19,1,200066652
201500004177,2015-10-03,2015,octobre,samedi,13:15,69,69163,0,0,2,1,1,1,3,6,2,02,1,-1,0,0,2,0,1,4,1,63,5,1,2,0,2,1,1,201500004177B02,7,15,1,200046977
201500004191,2015-07-10,2015,juillet,vendredi,07:00,69,69288,45.6862,5.0525,2,6,1,1,1,3,1,02,1,2,0,0,1,0,1,4,1,74,5,1,2,0,2,4,1,201500004191B02,7,1,1,246900575
201500004226,2015-10-22,2015,octobre,jeudi,09:00,69,69021,0,0,2,1,3,1,2,4,2,00,-1,2,0,0,2,0,1,3,1,16,1,3,1,0,0,1,1,201500004226B02,7,15,1,246900625
201500004253,2015-05-27,2015,mai,mercredi,17:00,69,69131,0,0,2,1,6,1,1,3,,,2,1,,,1,,1,3,1,14,5,3,8,,1,1,1,201500004253A01,,,,246900724
201500004282,2015-05-29,2015,mai,vendredi,10:30,69,69004,45.9206,4.65551,1,1,1,1,1,3,2,00,1,1,0,0,1,0,1,3,1,82,5,1,2,0,2,1,1,201500004282B02,7,15,1,200040574
201500004287,2015-01-25,2015,janvier,dimanche,19:30,69,69206,46.049,4.72173,1,1,1,3,1,3,3,02,-1,1,8,38,1,0,1,3,1,18,1,2,4,0,2,0,2,201500004287B02,7,2,1,200067817
201500004290,2015-03-08,2015,mars,dimanche,11:00,69,69019,0,0,1,1,3,1,1,3,2,00,1,1,0,0,1,0,1,3,2,59,0,1,2,0,0,0,0,201500004290B02,7,0,1,200067817
201500004291,2015-05-22,2015,mai,vendredi,08:30,69,69197,0,0,1,1,1,1,1,3,-1,02,4,-1,0,0,1,0,1,3,1,54,5,3,2,0,2,1,1,201500004291B02,7,19,1,200040590
201500004296,2015-07-08,2015,juillet,mercredi,10:00,69,69019,0,0,1,6,3,1,1,3,4,00,1,1,0,0,1,5,1,3,1,18,5,2,2,0,2,1,18,201500004296B02,17,16,1,200067817
201500004298,2015-08-06,2015,août,jeudi,10:45,69,69019,0,0,1,1,3,1,1,3,2,00,-1,1,35,0,1,0,1,3,1,56,0,1,2,0,2,4,1,201500004298B02,7,1,1,200067817
201500004307,2015-07-13,2015,juillet,lundi,09:00,69,69050,45.8666,4.64122,2,1,1,1,1,3,2,00,-1,1,0,0,1,0,1,3,1,64,5,3,1,0,2,1,1,201500004307B02,7,15,1,200040574
201500004313,2015-12-10,2015,décembre,jeudi,07:45,69,69222,0,0,1,1,3,2,8,3,2,02,2,-1,70,0,2,0,1,3,1,54,1,1,4,0,2,8,13,201500004313B02,7,21,1,
201500004314,2015-12-15,2015,décembre,mardi,16:00,69,69050,45.8575,4.65426,1,1,1,1,1,3,-1,00,1,1,0,0,1,0,1,3,1,67,5,1,2,0,2,0,5,201500004314B02,7,17,1,200040574
201500004316,2015-05-25,2015,mai,lundi,13:00,69,69254,0,0,1,1,1,1,1,3,2,00,2,3,250,0,1,0,1,3,1,53,5,1,2,0,2,8,1,201500004316B02,7,17,1,200040566
201500004318,2015-04-09,2015,avril,jeudi,16:00,69,69107,0,0,1,1,1,1,1,3,2,02,-1,1,0,99,1,0,1,3,1,68,5,2,2,0,2,1,1,201500004318B02,7,16,1,200040566
201500004326,2015-08-12,2015,août,mercredi,16:15,69,69006,0,0,2,6,1,1,1,3,4,04,-1,-1,0,0,1,0,0,3,1,34,5,1,2,0,2,1,0,201500004326B02,7,9,1,200040566
201500004363,2015-07-30,2015,juillet,jeudi,13:45,01,01304,0,0,2,9,3,1,1,3,2,02,-1,-1,0,0,1,0,4,1,1,15,5,2,9,0,2,1,1,201500004363A01,7,16,1,200029999
201500004363,2015-07-30,2015,juillet,jeudi,13:45,01,01304,0,0,2,9,3,1,1,3,2,02,-1,-1,0,0,1,0,4,3,2,15,5,2,9,0,2,1,1,201500004363A01,7,16,1,200029999
201500004365,2015-08-21,2015,août,vendredi,09:30,01,01304,0,0,1,6,3,1,1,3,1,02,1,2,0,0,1,0,1,3,1,67,5,2,2,0,2,1,9,201500004365B02,17,1,1,200029999
201500004382,2015-05-08,2015,mai,vendredi,15:15,01,01058,0,0,2,2,5,1,2,3,2,02,1,-1,0,60,2,5,1,3,1,24,5,1,2,0,2,1,1,201500004382B02,7,15,1,200040350
201500004382,2015-05-08,2015,mai,vendredi,15:15,01,01058,0,0,2,2,5,1,2,3,2,02,1,-1,0,60,2,5,1,1,1,29,5,1,2,0,2,4,1,201500004382C03,7,15,1,200040350
201500004395,2015-03-09,2015,mars,lundi,07:45,01,01004,0,0,2,3,1,1,1,4,2,02,1,3,0,0,1,0,1,3,1,66,5,2,2,0,2,8,15,201500004395B02,7,1,1,240100883
201500004426,2015-09-02,2015,septembre,mercredi,07:45,01,01008,0,0,2,1,2,1,5,3,2,02,1,1,0,58,1,0,1,2,1,79,5,2,2,0,2,6,2,201500004426B02,10,2,1,240100883
201500004443,2015-09-15,2015,septembre,mardi,13:45,01,01152,0,0,1,1,1,1,1,3,2,02,3,-1,0,60,1,0,1,3,1,78,5,2,2,0,2,9,15,201500004443B02,7,17,1,200042935
201500004448,2015-05-29,2015,mai,vendredi,10:45,01,01153,0,0,1,9,2,1,1,4,2,00,-1,2,0,54,1,0,1,3,1,55,5,1,2,0,2,1,5,201500004448A01,7,1,1,240100750
201500004455,2015-08-30,2015,août,dimanche,10:30,01,01247,0,0,1,1,7,1,1,3,2,00,2,1,0,75,1,0,3,3,2,47,5,1,2,13,0,1,1,201500004455A01,,,,240100750
201500004480,2015-02-20,2015,février,vendredi,14:45,01,01328,46.12167,5.02469,2,2,1,1,1,3,2,02,1,1,,,1,5,1,3,1,50,5,3,8,0,2,7,1,201500004480B02,30,1,1,200069193
201500004506,2015-06-03,2015,juin,mercredi,09:00,01,01249,0,0,2,1,1,1,1,3,2,00,-1,1,80,0,1,5,1,3,1,27,0,1,2,0,0,0,1,201500004506B02,7,11,1,240100800
201500004511,2015-10-17,2015,octobre,samedi,16:30,01,01249,0,0,1,1,6,1,1,3,2,02,-1,1,0,0,1,0,5,1,1,46,5,1,2,0,1,1,2,201500004511A01,,,,240100800
201500004517,2015-07-01,2015,juillet,mercredi,19:45,01,01333,0,0,1,1,1,1,1,9,2,00,1,1,0,43,1,0,1,3,1,13,5,3,8,0,2,1,1,201500004517B02,7,1,1,200069193
201500004529,2015-08-28,2015,août,vendredi,14:00,01,01389,0,0,1,1,3,1,1,3,2,02,-1,1,0,87,1,0,1,2,1,76,5,2,2,0,2,8,2,201500004529B02,7,17,1,200069193
201500004547,2015-04-09,2015,avril,jeudi,16:30,07,07278,0,0,1,1,1,1,1,3,2,02,2,2,0,48,1,0,1,3,1,60,5,1,2,0,2,1,1,201500004547B02,7,23,1,200071413
201500004569,2015-12-19,2015,décembre,samedi,17:45,07,07181,0,0,1,1,1,3,1,3,2,02,1,1,0,69,1,0,1,3,1,20,5,2,4,0,2,1,1,201500004569B02,7,17,1,200071413
201500004609,2015-03-31,2015,mars,mardi,14:15,26,26035,0,0,2,1,3,1,1,3,-1,02,2,1,0,63,1,0,1,3,1,70,5,1,2,0,2,7,1,201500004609A01,7,16,1,242600252
201500004667,2015-12-05,2015,décembre,samedi,14:15,38,38175,0,0,2,1,3,1,1,3,2,02,2,1,0,70,1,0,1,3,1,42,5,1,2,0,2,8,1,201500004667B02,7,15,1,200018166
201500004670,2015-09-21,2015,septembre,lundi,15:00,38,38158,0,0,2,6,3,1,1,4,1,00,1,2,0,0,1,0,1,3,1,69,5,1,2,0,2,5,15,201500004670B02,7,9,1,200040715
201500004683,2015-12-20,2015,décembre,dimanche,13:00,38,38006,0,0,2,1,1,1,1,3,2,00,2,1,0,70,6,0,0,3,1,62,5,1,2,0,2,1,1,201500004683B02,7,15,1,200018166
201500004686,2015-06-20,2015,juin,samedi,08:45,38,38405,0,0,1,1,3,1,1,3,2,00,1,4,0,0,1,0,1,3,1,49,5,1,2,0,2,8,1,201500004686B02,7,19,1,200040111