Num_Acc,date,an,mois,jour,hrmn,dep,com,lat,long,agg,int,col,lum,atm,catr,circ,nbv,prof,plan,lartpc,larrout,surf,infra,situ,grav,sexe,age,trajet,secuexist,equipement,obs,obsm,choc,manv,vehiculeid,typevehicules,manoeuvehicules,numVehicules,_infos_commune.code_epci
201500004692,2015-07-14,2015,juillet,mardi,11:00,38,38153,45.1933,5.52569,1,1,3,1,1,3,2,02,2,3,0,0,1,0,1,3,1,70,5,1,2,0,2,1,13,201500004692A01,7,1,1,243801024
201500004696,2015-09-14,2015,septembre,lundi,09:30,38,38281,0,0,1,1,6,1,1,3,-1,00,-1,-1,0,0,1,0,1,4,1,53,5,3,1,0,1,1,1,201500004696A01,,,,200040715
201500004705,2015-04-18,2015,avril,samedi,10:45,38,38436,0,0,1,1,1,1,1,3,2,00,1,1,0,0,1,0,1,3,2,42,5,1,2,0,2,7,1,201500004705B02,10,19,1,200040715
201500004712,2015-08-22,2015,août,samedi,19:45,38,38545,0,0,2,1,3,1,1,4,1,01,1,3,0,0,1,0,5,1,2,16,5,3,1,0,9,1,9,201500004712B02,1,1,1,200040715
201500004712,2015-08-22,2015,août,samedi,19:45,38,38545,0,0,2,1,3,1,1,4,1,01,1,3,0,0,1,0,5,3,2,80,5,3,1,0,9,7,1,201500004712A01,1,9,1,200040715
201500004718,2015-08-06,2015,août,jeudi,11:30,38,38548,45.07325,5.54036,1,1,1,1,1,3,2,02,1,3,0,0,1,0,1,2,1,45,0,1,2,0,2,4,1,201500004718A01,37,1,1,243801024
201500004720,2015-03-03,2015,mars,mardi,16:00,02,02738,49.66137,3.28803,2,6,3,1,2,4,4,01,1,2,0,0,2,0,1,4,2,28,1,1,4,0,2,7,1,201500004720B01,7,9,1,200071785
201500004723,2015-05-02,2015,mai,samedi,22:35,02,02738,49.67596,3.29774,2,1,6,5,2,4,2,02,2,1,0,50,2,0,1,2,1,32,0,3,9,8,0,0,1,201500004723A01,,,,200071785
201500004739,2015-03-19,2015,mars,jeudi,12:00,38,38565,0,0,1,3,3,1,1,3,2,03,1,1,0,132,1,0,5,3,1,63,5,1,2,0,2,1,1,201500004739A01,10,1,1,243800984
201500004742,2015-06-02,2015,juin,mardi,17:45,38,38061,45.32723,5.61048,1,1,2,1,1,3,2,02,1,1,0,105,1,0,3,3,1,37,1,1,2,1,0,1,1,201500004742A01,10,24,1,243800984
201500004744,2015-11-20,2015,novembre,vendredi,10:00,38,38565,45.28808,5.61893,1,1,7,1,2,9,1,01,1,1,0,21,2,0,5,2,1,57,5,1,2,0,0,1,1,201500004744A01,,,,243800984
201500004763,2015-12-10,2015,décembre,jeudi,11:45,38,38200,45.08376,5.74279,2,3,3,1,1,3,2,02,-1,-1,10,91,1,4,1,4,1,43,5,1,2,0,2,1,1,201500004763A01,7,15,1,200040715
201500004770,2015-03-23,2015,mars,lundi,15:15,38,38387,0,0,2,1,6,1,1,3,2,01,1,-1,0,54,1,0,1,2,1,67,5,3,1,0,0,4,0,201500004770A01,,,,200059392
201500004774,2015-06-19,2015,juin,vendredi,16:45,38,38457,45.33263,5.26382,2,1,1,1,1,4,2,01,1,1,45,0,1,0,1,3,1,13,5,3,1,0,2,1,1,201500004774A01,30,1,1,200059392
201500004777,2015-05-11,2015,mai,lundi,16:30,38,38559,0,0,1,2,3,1,1,3,2,02,1,1,0,50,1,0,1,3,1,13,0,1,2,0,2,3,1,201500004777B02,10,1,1,200070431
201500004781,2015-05-31,2015,mai,dimanche,17:00,38,38559,0,0,2,1,3,1,1,3,2,02,1,1,0,54,1,0,1,3,1,19,5,2,2,0,2,1,19,201500004781A01,7,1,1,200070431
201500004807,2015-04-14,2015,avril,mardi,16:00,38,38305,0,0,2,1,5,1,1,3,2,02,-1,1,0,0,1,0,1,3,1,57,5,3,1,0,0,1,1,201500004807B02,7,19,1,
201500004807,2015-04-14,2015,avril,mardi,16:00,38,38305,0,0,2,1,5,1,1,3,2,02,-1,1,0,0,1,0,1,3,1,69,5,3,1,0,0,1,1,201500004807C03,7,19,1,
201500004816,2015-04-09,2015,avril,jeudi,18:15,38,38320,0,0,1,1,1,1,1,3,2,02,-1,1,70,0,1,0,1,3,1,41,0,1,2,0,0,0,1,201500004816A01,7,0,1,200068542
201500004842,2015-03-18,2015,mars,mercredi,07:45,44,44201,47.33684,-1.53474,1,1,2,1,1,3,2,00,2,1,0,72,1,0,1,3,1,55,1,1,2,0,2,4,2,201500004842B02,7,1,1,244400503
201500004848,2015-09-23,2015,septembre,mercredi,09:00,44,44209,47.33612,-1.67498,1,1,1,1,1,4,2,02,1,1,32,0,1,0,1,3,1,69,5,1,2,0,2,1,1,201500004848B02,7,1,1,244400503
201500004849,2015-10-31,2015,octobre,samedi,17:00,44,44035,47.3006,-1.55242,2,6,3,1,1,3,1,02,-1,-1,0,60,1,5,1,3,2,63,5,1,2,0,2,8,1,201500004849B02,7,9,1,244400404
201500004865,2015-05-22,2015,mai,vendredi,07:45,38,38034,0,0,1,1,1,1,1,3,2,02,-1,1,0,66,1,0,1,3,2,21,1,3,1,0,2,3,1,201500004865B02,7,1,1,200085751
201500004911,2015-04-13,2015,avril,lundi,17:45,38,38468,0,0,2,1,3,1,1,4,2,02,3,1,0,60,1,0,1,3,1,12,5,2,2,0,0,2,16,201500004911B02,7,1,1,200085751
201500004930,2015-08-20,2015,août,jeudi,10:45,38,38537,0,0,1,1,2,1,1,3,2,02,1,1,0,106,1,0,1,4,1,50,5,1,2,0,2,6,2,201500004930B02,7,2,1,243800604
201500004950,2015-07-04,2015,juillet,samedi,11:15,42,42139,45.3069,4.42643,1,1,1,1,7,4,2,00,2,3,0,38,1,0,1,3,1,66,5,1,2,0,2,1,1,201500004950B02,7,1,1,244200622
201500004952,2015-07-24,2015,juillet,vendredi,09:00,42,42224,45.3453,4.48302,1,1,1,1,9,3,2,02,2,2,0,62,2,0,1,2,1,80,5,1,2,0,2,1,1,201500004952B02,7,1,1,244200622
201500004961,2015-05-31,2015,mai,dimanche,11:15,42,42302,45.48862,4.45006,2,6,3,1,1,3,2,02,3,1,0,70,1,0,1,4,1,14,5,3,1,0,2,7,1,201500004961B02,7,1,1,244200770
201500004965,2015-08-07,2015,août,vendredi,08:15,42,42208,45.52604,4.4625,1,1,2,1,7,3,2,02,2,1,0,62,1,0,1,3,1,61,5,1,2,0,2,4,1,201500004965B02,7,1,1,244200770
201500004969,2015-02-12,2015,février,jeudi,15:30,42,42299,45.60128,4.09302,1,6,3,1,1,3,2,02,1,2,0,90,1,0,0,3,1,57,5,1,2,0,2,1,1,201500004969B02,7,9,1,200065886
201500004970,2015-04-07,2015,avril,mardi,12:45,42,42147,45.60906,4.05506,2,6,1,1,1,3,2,00,1,-1,0,0,1,0,1,3,1,62,1,3,1,0,2,1,1,201500004970B02,14,1,1,200065886
201500004973,2015-04-24,2015,avril,vendredi,13:45,42,42147,45.61192,4.0555,2,1,3,1,1,4,2,02,1,1,0,0,1,0,1,3,2,64,5,3,1,0,2,8,15,201500004973A01,7,17,1,200065886
201500004992,2015-08-12,2015,août,mercredi,10:30,42,42304,45.53297,4.19665,2,1,3,1,1,3,2,02,4,1,0,0,1,0,1,3,1,58,5,3,1,0,2,3,1,201500004992B02,7,15,1,200065886
201500004993,2015-09-09,2015,septembre,mercredi,18:30,42,42324,45.55919,4.24298,1,1,1,1,7,3,2,00,1,1,0,0,1,0,1,4,1,71,5,3,1,0,2,4,1,201500004993B02,7,1,1,200065886
201500005004,2015-04-24,2015,avril,vendredi,16:00,42,42150,45.71795,4.07374,1,1,1,1,1,4,3,02,1,1,0,40,1,0,1,3,1,68,5,2,2,0,0,1,17,201500005004B02,7,13,1,200065886
201500005016,2015-09-10,2015,septembre,jeudi,17:15,42,42136,45.71357,3.98081,1,1,2,1,1,3,2,02,2,1,0,60,1,0,1,3,1,54,5,1,2,0,2,4,2,201500005016B02,1,2,1,200065886
201500005016,2015-09-10,2015,septembre,jeudi,17:15,42,42136,45.71357,3.98081,1,1,2,1,1,3,2,02,2,1,0,60,1,0,1,1,1,38,5,1,2,0,2,1,2,201500005016A01,1,2,1,200065886
201500005028,2015-02-20,2015,février,vendredi,16:30,42,42251,45.68356,4.25892,1,1,1,1,1,3,2,02,1,1,0,55,1,0,1,2,1,72,5,1,2,0,2,1,15,201500005028B02,7,13,1,200065894
201500005044,2015-06-24,2015,juin,mercredi,16:30,42,42192,45.37717,4.08857,1,1,7,1,1,3,2,02,2,1,0,54,1,0,1,3,1,67,5,1,2,0,0,0,1,201500005044A01,,,,244200770
201500005053,2015-03-17,2015,mars,mardi,15:00,42,42323,45.5733,4.30151,2,1,3,1,1,3,2,02,-1,1,0,60,1,0,1,4,1,57,5,1,2,0,2,8,1,201500005053B02,10,15,1,200065894
201500005060,2015-08-25,2015,août,mardi,17:45,42,42020,45.63798,4.20608,1,6,3,1,7,3,2,02,1,1,75,134,1,5,1,3,1,50,5,2,2,0,2,4,1,201500005060B02,7,9,1,200065886
201500005074,2015-04-26,2015,avril,dimanche,10:45,42,42168,45.41569,4.70788,1,1,4,1,1,3,2,03,3,3,0,0,1,0,1,3,1,45,5,1,2,0,2,1,1,201500005074B02,7,9,1,244200895
201500005074,2015-04-26,2015,avril,dimanche,10:45,42,42168,45.41569,4.70788,1,1,4,1,1,3,2,03,3,3,0,0,1,0,1,3,1,59,5,1,2,0,2,1,1,201500005074C03,7,9,1,244200895
201500005095,2015-02-24,2015,février,mardi,16:15,42,42011,45.81774,4.19555,2,6,1,1,1,3,2,00,2,-1,0,44,1,5,1,4,1,15,5,3,1,0,2,7,19,201500005095B02,7,9,1,200065894
201500005113,2015-06-27,2015,juin,samedi,11:15,42,42076,45.90672,3.92568,2,1,1,1,1,3,2,02,3,2,0,0,1,0,1,4,2,14,0,3,1,0,2,2,15,201500005113A01,7,0,1,244200820
201500005118,2015-10-01,2015,octobre,jeudi,11:30,73,73301,45.70784,5.95689,2,1,2,1,1,3,2,00,2,1,0,65,1,0,1,3,1,54,5,1,2,0,2,1,2,201500005118B02,7,2,1,200068674
201500005141,2015-08-30,2015,août,dimanche,18:45,73,73326,45.52449,5.85388,1,1,6,1,1,3,2,02,2,1,0,66,1,0,1,3,1,82,5,1,2,0,0,1,0,201500005141A01,,,,200069110
201500005144,2015-09-24,2015,septembre,jeudi,19:20,73,73179,45.59747,5.88479,2,6,3,2,1,3,2,02,1,1,0,75,1,5,1,3,1,43,5,1,2,0,2,1,1,201500005144B02,10,1,1,200069110
201500005154,2015-10-31,2015,octobre,samedi,16:00,73,73154,45.66775,6.33826,1,1,1,1,1,3,2,02,1,1,0,62,1,0,1,3,2,52,5,1,2,0,0,1,0,201500005154B02,7,15,1,200068997
201500005157,2015-09-19,2015,septembre,samedi,12:15,73,73142,0,0,2,1,7,1,1,4,2,00,2,1,0,58,1,0,1,2,1,60,5,2,2,0,0,0,1,201500005157A01,,,,247300817
201500005171,2015-04-10,2015,avril,vendredi,14:45,73,73201,45.4324,6.6923,1,1,2,1,1,3,2,02,2,1,0,68,1,0,1,2,1,63,5,1,2,0,2,4,2,201500005171B02,7,2,1,200040798
201500005183,2015-06-26,2015,juin,vendredi,11:00,73,73116,45.23985,6.31561,1,1,1,1,1,3,-1,00,2,4,0,62,1,0,1,3,1,39,5,1,2,0,0,0,0,201500005183B02,33,0,1,200070464
201500005184,2015-07-19,2015,juillet,dimanche,07:00,73,73248,45.27105,6.33666,1,1,7,1,1,3,2,02,2,3,0,65,1,0,1,3,1,52,5,1,2,0,0,0,2,201500005184A01,,,,200070464
201500005185,2015-08-29,2015,août,samedi,15:00,73,73306,45.08378,6.42768,1,1,1,1,1,3,2,00,2,1,0,60,1,0,1,3,1,41,5,1,2,0,0,4,0,201500005185B02,33,2,1,247300452
201500005188,2015-07-21,2015,juillet,mardi,12:15,73,73235,45.41619,6.36245,2,4,3,1,1,3,2,02,2,2,0,85,1,0,1,3,1,31,5,1,2,0,2,1,1,201500005188B02,7,15,1,247300361
201500005189,2015-07-25,2015,juillet,samedi,11:00,73,73278,45.39557,6.2679,2,1,1,1,1,3,2,00,2,1,0,65,1,5,1,3,1,61,5,1,2,0,2,1,1,201500005189B02,7,15,1,247300361
201500005215,2015-09-11,2015,septembre,vendredi,11:30,74,74148,0,0,1,1,1,1,1,3,2,02,2,3,0,40,1,0,1,3,2,36,5,1,2,0,2,3,0,201500005215A01,7,0,1,200066793
201500005250,2015-04-30,2015,avril,jeudi,14:45,74,74056,0,0,2,4,1,1,1,3,2,01,2,1,0,69,1,0,1,4,1,34,4,1,2,0,2,1,1,201500005250B02,7,15,1,200023372
201500005257,2015-04-14,2015,avril,mardi,16:00,74,74085,0,0,1,1,2,1,1,3,2,02,2,1,0,0,1,0,1,3,1,64,5,1,2,0,2,6,1,201500005257A01,7,1,1,200034882
201500005269,2015-10-31,2015,octobre,samedi,20:00,74,74208,0,0,1,1,2,3,1,3,2,00,1,1,0,60,1,0,1,3,1,73,5,1,2,0,0,4,2,201500005269B02,7,2,1,200034882
201500005273,2015-04-07,2015,avril,mardi,17:45,74,74183,0,0,2,1,3,1,1,4,2,02,1,1,0,60,1,0,1,4,2,10,5,2,2,0,2,1,9,201500005273A01,7,1,1,200034098
201500005275,2015-08-03,2015,août,lundi,09:20,74,74273,0,0,1,1,6,1,1,3,2,00,2,2,0,60,1,0,1,2,1,77,5,2,2,0,6,1,1,201500005275A01,,,,200034098
201500005276,2015-08-11,2015,août,mardi,10:45,74,74276,0,0,1,4,1,1,1,3,2,02,2,2,0,60,1,0,1,4,1,48,5,1,2,0,2,1,1,201500005276A01,7,19,1,200034098
201500005277,2015-08-18,2015,août,mardi,12:00,74,74134,0,0,1,1,1,1,1,3,2,02,2,3,0,63,1,0,1,3,1,58,5,1,2,0,2,1,1,201500005277A01,14,1,1,247400682
201500005281,2015-02-20,2015,février,vendredi,08:30,74,74044,0,0,1,6,1,1,1,3,2,00,1,1,0,0,1,5,1,3,2,35,1,1,2,0,0,7,15,201500005281B02,7,9,1,247400690
201500005284,2015-09-05,2015,septembre,samedi,15:15,74,74216,0,0,2,3,3,1,1,3,2,02,1,1,100,0,1,0,1,3,1,17,5,1,2,0,2,2,17,201500005284B02,10,15,1,247400690
201500005292,2015-10-29,2015,octobre,jeudi,16:45,74,74021,0,0,1,3,1,1,1,3,2,02,1,1,0,90,1,0,1,3,1,50,5,1,2,0,2,1,1,201500005292A01,7,15,1,247400583
201500005306,2015-07-19,2015,juillet,dimanche,11:15,74,74269,0,0,1,1,1,1,1,3,4,01,1,1,0,0,1,0,1,3,1,60,9,3,2,0,2,1,5,201500005306B02,7,5,1,200070852
201500005307,2015-07-23,2015,juillet,jeudi,11:30,74,74131,0,0,1,1,7,1,1,3,2,01,-1,3,0,63,1,0,1,3,1,61,5,1,2,14,0,0,1,201500005307A01,,,,200070852
201500005315,2015-08-29,2015,août,samedi,09:00,74,74063,0,0,1,1,1,1,1,3,2,02,2,3,0,31,1,0,1,3,1,26,5,1,2,0,2,8,13,201500005315B02,7,1,1,200071967
201500005335,2015-08-25,2015,août,mardi,21:15,63,63345,0,0,1,1,1,3,1,3,2,00,1,2,0,0,1,0,1,3,1,27,0,3,1,0,2,1,0,201500005335B02,7,13,1,246300701
201500005341,2015-08-07,2015,août,vendredi,23:14,63,63034,0,0,1,1,1,3,1,3,2,00,2,1,71,71,1,0,1,2,1,25,5,2,2,0,0,4,0,201500005341B02,15,0,1,200067627
201500005345,2015-09-02,2015,septembre,mercredi,06:45,63,63273,45.7277,3.2427,2,1,6,2,1,3,2,00,2,-1,25,66,1,0,1,3,1,47,1,1,2,0,0,0,1,201500005345B02,14,1,1,200067627
201500005346,2015-10-20,2015,octobre,mardi,17:30,63,63368,0,0,1,1,3,1,1,3,2,02,1,1,0,79,1,0,1,3,1,13,5,2,2,0,2,8,15,201500005346B02,7,17,1,200067627
201500005364,2015-04-13,2015,avril,lundi,08:15,63,63200,0,0,1,1,2,1,7,3,-1,01,-1,1,0,0,1,0,1,3,1,50,5,1,2,0,2,4,1,201500005364B02,7,1,1,200070753
201500005376,2015-06-09,2015,juin,mardi,10:00,63,63214,45.67254,3.20803,1,2,3,1,1,3,2,03,1,1,34,113,1,5,1,4,2,43,5,1,2,0,2,1,1,201500005376B02,7,15,1,200069177
201500005389,2015-06-14,2015,juin,dimanche,09:00,63,63211,45.48,3.764,1,1,6,1,1,3,2,02,2,1,0,0,1,0,1,3,1,66,5,1,2,0,0,2,1,201500005389A01,,,,200070761
201500005402,2015-05-29,2015,mai,vendredi,14:45,63,63038,0,0,1,1,7,1,6,3,2,02,2,3,0,65,1,0,1,2,1,65,5,1,2,0,0,8,1,201500005402A01,,,,246300966
201500005403,2015-07-12,2015,juillet,dimanche,10:00,63,63117,0,0,1,1,1,1,7,3,2,02,2,2,0,50,1,0,1,3,1,43,5,1,2,0,2,1,13,201500005403A01,7,1,1,246300966
201500005422,2015-06-07,2015,juin,dimanche,03:45,63,63379,45.9932,3.13236,2,1,6,5,1,3,2,00,1,1,0,0,1,0,1,3,1,27,5,2,2,0,0,0,1,201500005422A01,,,,200072098
201500005425,2015-07-01,2015,juillet,mercredi,07:30,63,63012,0,0,2,1,1,1,7,3,2,02,-1,3,0,74,1,0,1,3,1,46,1,3,1,0,2,1,1,201500005425B02,7,15,1,200071199
201500005430,2015-06-24,2015,juin,mercredi,19:00,63,63295,46.025,3.366,1,1,2,1,7,3,-1,02,1,2,0,58,1,0,0,2,2,64,5,2,2,0,2,8,1,201500005430B02,10,1,1,200071199
201500005465,2015-07-31,2015,juillet,vendredi,17:00,03,03155,46.773,2.928,1,1,1,1,1,3,2,02,-1,1,0,61,1,0,1,3,1,17,5,1,2,0,2,1,15,201500005465B02,7,1,1,200071140
201500005502,2015-05-30,2015,mai,samedi,17:45,03,03212,0,0,2,1,1,1,1,3,2,00,1,1,0,53,1,0,1,3,1,9,5,1,2,0,2,1,19,201500005502A01,31,1,1,200071082
201500005525,2015-05-30,2015,mai,samedi,10:15,03,03268,0,0,1,1,2,1,1,3,2,02,1,1,0,60,1,0,1,2,1,32,5,2,2,0,2,4,2,201500005525B02,7,2,1,200071389
201500005532,2015-03-17,2015,mars,mardi,15:30,03,03008,46.06,3.573,1,1,7,1,1,3,2,02,-1,3,0,50,1,0,3,3,1,65,5,1,2,0,0,1,1,201500005532A01,,,,200071363
201500005549,2015-11-14,2015,novembre,samedi,14:15,15,15196,44.863,2.293,1,1,1,1,1,2,2,00,1,1,0,0,1,0,1,3,1,42,5,2,2,0,2,1,1,201500005549B02,7,15,1,200066678
201500005559,2015-06-28,2015,juin,dimanche,11:00,15,15219,45.148,2.506,1,1,3,1,1,3,2,02,2,3,0,56,9,0,1,3,1,63,5,1,2,0,2,3,13,201500005559B02,7,1,1,241501139
201500005573,2015-08-16,2015,août,dimanche,08:00,15,15187,45.036,3.085,2,1,2,1,1,3,2,02,2,1,0,70,1,0,1,3,2,47,5,1,2,0,2,4,2,201500005573B02,7,2,1,200066660
201500005591,2015-08-28,2015,août,vendredi,18:15,43,43080,45.33,3.84699,2,3,1,1,7,3,2,02,1,1,0,64,1,0,1,3,1,80,5,1,2,0,2,1,1,201500005591B02,7,15,1,200073419
201500005593,2015-08-08,2015,août,samedi,14:00,43,43253,44.9689,4.30024,1,1,6,1,8,3,2,02,2,1,0,48,1,0,3,3,1,66,5,1,2,13,0,1,1,201500005593A01,,,,200073401
201500005596,2015-08-19,2015,août,mercredi,16:45,43,43115,44.9831,4.06013,1,1,6,1,1,3,2,02,2,3,0,48,1,0,1,2,1,61,5,2,2,0,0,1,1,201500005596A01,,,,200073401
201500005612,2015-12-15,2015,décembre,mardi,14:00,43,43040,0,0,2,3,3,1,1,4,2,03,1,1,0,105,1,0,1,3,1,68,5,1,2,0,2,1,1,201500005612B02,7,15,1,200085728
201500005651,2015-10-29,2015,octobre,jeudi,15:25,03,03185,0,0,2,3,6,1,1,4,2,03,1,1,0,100,1,0,1,3,1,14,0,1,2,0,0,1,19,201500005651B01,7,2 / 1,2,200071082
201500005670,2015-10-30,2015,octobre,vendredi,19:30,03,03185,0,0,2,3,3,5,1,4,1,02,1,1,0,75,1,5,1,2,1,42,5,3,9,0,2,1,19,201500005670B01,7,1,1,200071082
201500005687,2015-07-26,2015,juillet,dimanche,09:45,57,57543,0,0,1,1,1,1,1,2,2,00,1,-1,0,0,1,0,1,4,1,39,5,3,1,0,2,8,1,201500005687B02,7,14,1,245701271
201500005695,2015-09-19,2015,septembre,samedi,17:00,57,57153,49.03803,6.06998,1,1,3,1,8,3,2,02,1,1,0,46,1,0,1,3,1,20,5,1,2,0,0,1,1,201500005695B02,7,17,1,200070738
201500005713,2015-08-14,2015,août,vendredi,14:00,57,57652,0,0,2,2,1,1,1,3,2,02,1,1,0,72,1,0,1,4,1,37,0,3,1,0,2,3,0,201500005713B02,7,19,1,200039907
201500005730,2015-11-05,2015,novembre,jeudi,15:15,57,57097,0,0,1,1,2,1,1,3,2,00,1,1,0,64,1,0,1,3,2,55,5,1,2,0,2,6,2,201500005730B02,10,2,1,200067650
201500005747,2015-11-14,2015,novembre,samedi,08:45,57,57490,0,0,1,1,1,1,1,3,2,02,1,1,0,70,1,0,3,3,2,79,5,3,1,0,2,4,2,201500005747B02,7,2,1,245701206
201500005797,2015-09-12,2015,septembre,samedi,10:15,57,57179,49.33484,6.26901,2,1,1,1,1,3,2,02,2,1,0,67,1,0,1,3,1,23,4,1,2,1,0,1,2,201500005797B02,7,2,1,245701354
201500005811,2015-07-09,2015,juillet,jeudi,17:15,54,54311,48.66353,6.30306,2,1,1,1,1,3,2,02,1,1,0,560,1,0,1,4,1,9,5,2,2,0,2,0,19,201500005811A01,1,1,1,200070589
201500005811,2015-07-09,2015,juillet,jeudi,17:15,54,54311,48.66353,6.30306,2,1,1,1,1,3,2,02,1,1,0,560,1,0,1,3,1,54,5,1,2,0,2,1,1,201500005811B02,1,19,1,200070589
201500005812,2015-07-19,2015,juillet,dimanche,11:00,54,54301,48.80275,6.31313,1,1,3,1,1,3,2,02,1,1,0,68,1,0,1,4,1,22,5,2,2,0,2,8,1,201500005812B02,7,2,1,200070589
201500005823,2015-08-14,2015,août,vendredi,11:00,54,54150,48.79005,6.14293,2,6,6,1,1,3,1,00,-1,-1,0,70,1,0,1,3,1,43,3,3,1,0,2,1,1,201500005823B02,7,1,1,245400601
201500005830,2015-11-23,2015,novembre,lundi,16:00,54,54115,48.73243,6.16709,2,1,6,1,1,4,-1,01,-1,1,0,0,1,0,4,1,1,33,5,3,1,0,1,1,1,201500005830A01,,,,245400601
201500005847,2015-03-16,2015,mars,lundi,12:40,03,03023,0,0,2,1,3,1,1,3,2,02,2,1,0,70,1,0,1,4,1,73,5,1,9,1,2,1,1,201500005847B01,7,10,1,200071363
201500005857,2015-04-14,2015,avril,mardi,14:10,03,03095,0,0,2,6,7,1,1,4,2,01,1,3,0,30,1,5,1,3,1,46,5,3,9,12,0,0,21,201500005857A01,7,9,1,200071363
201500005874,2015-06-08,2015,juin,lundi,07:50,03,03310,0,0,2,3,3,1,1,4,2,03,1,1,0,90,1,5,1,4,1,15,2,1,2,0,2,6,1,201500005874A01,7,2,1,200071363
201500005876,2015-06-30,2015,juin,mardi,19:50,03,03023,46.1412,3.40623,1,3,3,1,1,3,2,03,1,1,0,100,1,5,1,4,1,53,5,1,2,0,2,1,1,201500005876B01,7,15,1,200071363
201500005882,2015-08-14,2015,août,vendredi,10:45,03,03310,0,0,2,3,3,1,1,4,2,01,1,1,0,60,1,0,1,4,2,81,5,2,2,0,2,1,1,201500005882B01,7,15,1,200071363
201500005885,2015-09-10,2015,septembre,jeudi,16:20,03,03310,46.12259,3.42787,2,3,3,1,1,4,2,02,1,1,0,140,1,0,1,3,1,78,5,2,2,0,2,2,1,201500005885A01,7,1,1,200071363
201500005927,2015-08-20,2015,août,jeudi,20:00,54,54595,48.53509,6.46122,1,1,3,2,1,3,2,02,-1,1,0,52,1,0,1,3,2,48,5,1,2,0,0,8,1,201500005927B02,7,9,1,200070324
201500005975,2015-11-07,2015,novembre,samedi,10:45,55,55221,0,0,2,1,6,1,1,3,2,02,2,1,0,61,-1,0,1,1,1,66,5,1,2,0,1,1,1,201500005975A01,,,,200033025
201500006015,2015-06-10,2015,juin,mercredi,18:30,88,88070,48.33446,6.2331,2,3,3,1,1,4,2,02,2,1,0,70,1,0,1,3,1,9,5,1,2,0,2,8,15,201500006015B02,7,1,1,200068369
201500006024,2015-07-07,2015,juillet,mardi,14:45,88,88162,48.16322,6.05458,1,1,3,1,1,3,2,00,-1,1,0,0,1,0,1,3,1,37,5,3,2,0,0,1,15,201500006024B02,7,19,1,200068773
201500006031,2015-08-30,2015,août,dimanche,18:15,88,88251,48.32491,6.72674,1,1,3,1,1,3,2,02,-1,1,0,85,1,0,1,4,1,36,5,1,2,0,2,8,1,201500006031A01,7,14,1,200005957
201500006057,2015-08-19,2015,août,mercredi,23:30,88,88241,48.29698,5.89217,1,1,1,3,1,3,2,02,-1,2,0,55,-1,0,1,3,1,18,0,2,2,0,2,1,13,201500006057A01,30,1,1,200068682
201500006060,2015-05-11,2015,mai,lundi,14:00,21,21652,47.22498,4.6213,1,1,7,1,1,3,2,00,2,3,0,50,1,0,1,3,2,75,5,1,2,0,0,1,1,201500006060A01,,,,200071207
201500006065,2015-04-09,2015,avril,jeudi,08:00,88,88006,48.34558,6.13909,2,1,3,1,1,3,2,02,1,1,0,640,1,0,1,2,1,38,1,2,9,0,2,8,6,201500006065B02,7,1,1,200068369
201500006094,2015-06-12,2015,juin,vendredi,10:00,88,88009,48.17249,6.92609,1,1,2,1,1,3,2,02,2,1,0,74,1,0,1,3,1,68,5,1,2,0,0,4,1,201500006094A01,7,2,1,200071066
201500006108,2015-07-14,2015,juillet,mardi,22:45,88,88372,48.4038,6.84504,2,1,6,3,1,9,2,02,1,1,0,30,1,0,5,1,1,18,5,2,2,0,1,1,1,201500006108A01,,,,200071066
201500006109,2015-01-13,2015,janvier,mardi,18:30,67,67028,0,0,2,3,3,1,1,4,2,02,-1,1,0,60,1,0,1,3,1,20,5,2,9,0,2,3,15,201500006109B02,7,1,1,200067924
201500006109,2015-01-13,2015,janvier,mardi,18:30,67,67028,0,0,2,3,3,1,1,4,2,02,-1,1,0,60,1,0,1,4,1,19,0,2,9,0,2,3,15,201500006109B02,7,1,1,200067924
201500006126,2015-02-13,2015,février,vendredi,15:15,67,67130,0,0,1,6,1,1,1,3,-1,00,1,-1,0,0,1,0,1,3,1,66,5,1,2,0,2,2,21,201500006126B02,7,9,1,200067924
201500006130,2015-06-27,2015,juin,samedi,12:30,67,67154,0,0,2,3,1,1,1,4,2,02,1,1,0,0,1,0,0,3,1,8,5,3,1,0,2,8,15,201500006130B02,7,1,1,200067924
201500006131,2015-07-21,2015,juillet,mardi,10:00,67,67130,0,0,2,1,3,1,1,4,1,00,-1,1,0,38,9,0,1,3,2,69,3,2,9,0,0,7,1,201500006131A01,7,22,1,200067924
201500006133,2015-09-03,2015,septembre,jeudi,10:00,67,67130,0,0,1,9,6,1,1,3,-1,02,-1,-1,0,0,1,0,5,4,2,64,5,1,9,0,1,1,13,201500006133A01,,,,200067924
201500006133,2015-09-03,2015,septembre,jeudi,10:00,67,67130,0,0,1,9,6,1,1,3,-1,02,-1,-1,0,0,1,0,5,4,1,66,5,3,8,0,1,1,13,201500006133A01,,,,200067924
201500006135,2015-09-15,2015,septembre,mardi,12:00,67,67130,0,0,2,1,3,1,1,6,2,00,1,1,0,0,1,0,4,4,2,22,1,3,1,0,0,8,1,201500006135B02,7,20,1,200067924