Num_Acc,date,an,mois,jour,hrmn,dep,com,lat,long,agg,int,col,lum,atm,catr,circ,nbv,prof,plan,lartpc,larrout,surf,infra,situ,grav,sexe,age,trajet,secuexist,equipement,obs,obsm,choc,manv,vehiculeid,typevehicules,manoeuvehicules,numVehicules,_infos_commune.code_epci
201500006138,2015-12-06,2015,décembre,dimanche,18:45,67,67130,0,0,1,9,1,3,1,3,2,00,-1,2,0,75,1,0,1,3,1,63,5,2,2,0,2,8,19,201500006138B02,7,1,1,200067924
201500006179,2015-04-16,2015,avril,jeudi,17:45,67,67520,0,0,2,2,1,1,1,4,-1,02,-1,1,0,0,1,5,1,3,1,69,5,3,1,0,0,8,21,201500006179B02,7,1,1,200068864
201500006195,2015-07-02,2015,juillet,jeudi,08:30,67,67363,0,0,1,2,1,1,7,4,2,02,1,1,0,60,1,0,1,3,1,66,5,1,2,0,2,1,1,201500006195A01,10,19,1,246700488
201500006226,2015-05-16,2015,mai,samedi,16:30,67,67051,0,0,1,1,1,1,1,3,1,00,1,1,70,0,1,0,1,4,1,13,5,3,8,0,0,4,15,201500006226B02,31,1,1,200034270
201500006239,2015-11-03,2015,novembre,mardi,07:00,67,67311,0,0,2,1,1,1,8,3,2,02,1,2,65,0,1,5,1,3,1,22,1,1,4,0,2,1,15,201500006239A01,10,9,1,246700967
201500006241,2015-12-28,2015,décembre,lundi,15:45,67,67461,0,0,2,1,7,1,1,3,2,02,1,1,0,59,1,0,1,3,1,64,5,3,1,0,0,0,0,201500006241A01,,,,200030526
201500006258,2015-06-07,2015,juin,dimanche,15:45,67,67260,0,0,1,1,2,1,1,3,2,00,2,1,0,61,-1,0,1,3,1,7,5,1,2,0,2,6,1,201500006258B02,7,17,1,200013050
201500006263,2015-03-27,2015,mars,vendredi,14:00,68,68145,48.08081,7.39402,2,3,3,1,1,4,1,01,1,1,0,43,1,0,1,4,1,82,5,1,2,0,2,5,1,201500006263B02,7,19,1,246800726
201500006264,2015-04-24,2015,avril,vendredi,11:45,68,68009,48.11609,7.53568,1,6,3,1,1,3,1,01,1,2,0,60,1,0,1,3,1,73,5,1,2,0,2,7,1,201500006264B02,7,9,1,200066025
201500006273,2015-04-15,2015,avril,mercredi,13:30,68,68175,48.14587,7.17964,1,2,3,1,1,4,2,02,1,1,0,30,1,5,1,3,2,60,5,1,2,0,2,1,1,201500006273B02,7,1,1,246800551
201500006278,2015-08-03,2015,août,lundi,16:00,68,68249,48.12525,7.09647,1,1,6,1,7,3,2,02,2,1,0,70,1,0,1,3,1,47,5,1,2,0,1,4,1,201500006278B01,7,15,1,246800551
201500006300,2015-07-28,2015,juillet,mardi,11:30,68,68269,48.19383,7.31549,2,1,6,1,1,4,2,02,2,1,0,50,1,0,1,4,1,61,5,1,2,12,0,0,1,201500006300B02,7,17,1,246800577
201500006307,2015-08-31,2015,août,lundi,16:45,68,68338,48.05383,7.25844,1,4,1,1,7,3,2,02,1,2,0,63,1,0,1,2,1,44,5,3,4,0,2,1,1,201500006307B02,7,15,1,246800726
201500006311,2015-11-03,2015,novembre,mardi,16:00,68,68066,48.08233,7.32539,2,1,3,1,1,4,2,02,1,1,0,67,1,0,1,4,1,17,2,2,2,0,2,3,19,201500006311A01,7,1,1,246800726
201500006316,2015-07-10,2015,juillet,vendredi,18:15,68,68004,47.62677,7.2428,1,1,6,1,1,3,3,04,1,1,20,148,1,0,1,3,1,17,5,1,2,1,0,1,1,201500006316A01,7,24,1,200066041
201500006339,2015-03-20,2015,mars,vendredi,17:00,68,68228,47.92814,7.35827,1,3,3,1,1,3,2,02,1,1,0,66,1,0,0,2,1,76,5,1,2,0,2,8,9,201500006339B02,7,1,1,246800445
201500006343,2015-06-14,2015,juin,dimanche,16:15,68,68091,41.91278,7.57411,1,1,7,1,7,9,2,02,2,1,0,50,1,0,1,3,2,48,5,3,2,0,0,1,1,201500006343A01,,,,200066025
201500006346,2015-06-19,2015,juin,vendredi,17:30,68,68082,47.85856,7.33947,2,1,1,1,1,3,2,02,1,1,0,64,1,0,1,3,2,9,3,2,2,0,2,1,5,201500006346B02,7,1,1,246800445
201500006352,2015-10-21,2015,octobre,mercredi,14:45,68,68041,47.8736,7.51482,1,9,3,1,1,3,2,02,1,1,0,75,1,0,5,3,2,16,5,2,2,0,2,1,1,201500006352A01,14,1,1,200066025
201500006356,2015-12-07,2015,décembre,lundi,15:45,68,68234,47.94235,7.41711,1,2,3,2,7,3,2,02,1,1,,70,1,0,0,3,1,76,5,1,2,0,2,1,1,201500006356B02,7,5,1,246800445
201500006361,2015-04-23,2015,avril,jeudi,14:15,68,68318,47.95524,7.21053,1,1,7,1,1,3,2,02,2,2,0,6,1,0,1,3,2,63,5,3,2,0,0,9,1,201500006361A01,,,,246800569
201500006362,2015-07-11,2015,juillet,samedi,13:30,68,68251,47.98613,7.22019,2,1,1,1,1,3,2,02,2,2,0,57,1,0,1,4,1,56,5,1,2,0,2,1,13,201500006362B02,33,1,1,246800494
201500006363,2015-08-25,2015,août,mardi,13:10,68,68318,47.96026,7.21422,1,1,2,1,1,3,2,02,2,1,0,84,1,0,1,3,1,61,5,1,2,0,0,4,2,201500006363A02,7,2,1,246800569
201500006381,2015-12-03,2015,décembre,jeudi,09:00,68,68149,47.60062,7.58568,2,1,3,1,1,3,2,02,2,1,0,80,1,0,1,3,1,48,1,1,2,0,2,8,15,201500006381A01,7,1,1,200066058
201500006393,2015-05-27,2015,mai,mercredi,17:15,68,68334,47.79592,7.11247,2,3,2,1,1,3,2,02,1,1,0,60,1,0,1,3,1,8,5,2,2,0,2,4,9,201500006393B02,10,2,1,200036465
201500006398,2015-04-22,2015,avril,mercredi,13:45,68,68063,47.79807,7.17177,2,3,1,1,1,4,2,02,1,1,0,56,1,0,1,4,1,6,5,2,2,0,2,8,19,201500006398B02,7,1,1,200036465
201500006411,2015-09-26,2015,septembre,samedi,15:30,68,68370,47.98636,6.96609,1,1,3,1,1,3,2,02,2,1,0,80,1,0,1,3,1,68,5,1,2,0,2,8,10,201500006411B02,33,1,1,246800205
201500006412,2015-11-03,2015,novembre,mardi,13:45,68,68292,0,0,2,1,1,1,1,9,2,00,2,2,0,0,1,0,1,3,1,11,2,3,1,0,0,3,0,201500006412A01,7,0,1,246800205
201500006435,2015-07-01,2015,juillet,mercredi,07:15,51,51559,49.13215,4.5336,2,1,1,1,1,3,2,02,1,1,0,90,1,0,1,4,1,52,5,3,8,0,2,8,1,201500006435B02,10,17,1,200042620
201500006474,2015-08-04,2015,août,mardi,16:15,51,51511,48.61366,3.75238,2,1,3,1,1,3,2,02,2,4,0,45,1,0,1,3,1,66,5,1,2,0,2,3,1,201500006474B02,21,1,1,200066835
201500006506,2015-11-12,2015,novembre,jeudi,17:45,51,51649,48.71552,4.58475,2,3,1,5,1,4,2,02,1,1,,52,1,5,1,4,1,17,2,2,4,0,2,1,1,201500006506B02,7,15,1,200034718
201500006531,2015-10-09,2015,octobre,vendredi,14:00,08,08362,49.53079,4.37424,1,1,2,1,1,3,2,02,1,1,0,70,1,0,1,3,1,64,5,3,8,0,2,8,1,201500006531A01,10,17,1,200043156
201500006539,2015-04-30,2015,avril,jeudi,11:00,10,10018,48.09115,3.92149,1,1,3,1,1,3,2,01,1,1,,60,1,0,1,2,1,60,5,1,2,0,2,8,13,201500006539B02,10,17,1,200071041
201500006541,2015-06-02,2015,juin,mardi,20:00,10,10435,48.19093,4.06511,1,2,3,1,1,3,2,02,-1,1,,55,1,0,1,3,1,38,5,1,2,0,2,2,1,201500006541A01,7,1,1,200069250
201500006545,2015-07-04,2015,juillet,samedi,19:45,10,10140,48.03742,3.90955,2,1,6,1,1,3,2,02,2,4,,60,1,0,1,3,1,50,0,1,4,0,0,1,1,201500006545A01,,,,200071041
201500006547,2015-09-06,2015,septembre,dimanche,11:45,10,10018,48.08781,3.89518,2,1,7,1,1,3,2,01,2,3,0,44,-1,0,1,2,1,47,5,2,2,0,5,0,1,201500006547A01,,,,200071041
201500006578,2015-01-25,2015,janvier,dimanche,14:00,10,10426,0,0,1,1,1,1,2,3,2,00,-1,1,,60,2,0,1,4,2,65,5,1,2,0,2,8,1,201500006578B02,7,1,1,241000405
201500006634,2015-07-16,2015,juillet,jeudi,07:15,52,52251,48.13551,5.08446,2,1,1,1,1,3,2,02,1,1,0,220,1,5,1,3,2,59,1,3,1,0,2,1,23,201500006634B02,7,15,1,200068658
201500006650,2015-11-07,2015,novembre,samedi,13:30,52,52374,47.78006,5.40213,1,8,1,1,7,3,2,02,2,1,0,56,1,4,1,3,1,82,5,2,2,14,0,1,1,201500006650B02,39,1,1,200070332
201500006654,2015-07-17,2015,juillet,vendredi,17:45,52,52145,47.69163,5.45836,2,1,1,1,1,4,2,00,-1,3,0,34,1,0,1,3,2,60,5,2,2,0,2,1,13,201500006654A01,7,1,1,200027308
201500006677,2015-07-16,2015,juillet,jeudi,08:45,21,21038,47.18845,5.39009,2,2,3,1,7,4,2,02,1,1,0,61,1,0,1,2,1,89,5,2,9,0,0,8,1,201500006677A01,7,19,1,200070902
201500006686,2015-07-13,2015,juillet,lundi,18:45,21,21126,47.28026,5.22279,2,6,1,1,1,3,2,01,1,3,0,0,1,0,1,2,1,53,5,1,2,0,2,1,1,201500006686B02,7,1,1,200000925
201500006696,2015-09-06,2015,septembre,dimanche,10:15,21,21295,47.22268,4.94976,1,1,2,1,1,3,-1,02,2,1,0,60,1,0,1,3,1,50,5,1,2,0,2,4,1,201500006696B02,7,1,1,200070894
201500006701,2015-11-11,2015,novembre,mercredi,09:30,21,21263,47.25882,5.03466,1,6,3,1,1,3,2,02,2,3,0,0,1,5,1,3,1,58,5,1,2,0,2,8,16,201500006701B02,7,16,1,242100410
201500006708,2015-08-16,2015,août,dimanche,15:30,21,21638,47.52433,5.18223,2,1,1,1,1,3,2,02,2,1,115,0,1,0,1,4,1,82,5,2,2,0,2,3,15,201500006708B02,7,17,1,242100154
201500006784,2015-03-09,2015,mars,lundi,16:45,58,58112,0,0,1,1,6,1,1,3,2,02,2,1,0,48,1,0,1,3,1,70,5,1,2,0,2,1,13,201500006784A01,,,,200067700
201500006807,2015-01-13,2015,janvier,mardi,15:15,58,58086,0,0,2,4,1,1,1,4,2,00,1,1,0,100,1,0,0,3,1,80,5,3,1,0,2,1,1,201500006807B02,7,15,1,200067916
201500006826,2015-06-25,2015,juin,jeudi,14:00,71,71250,46.37195,4.8094,1,1,5,1,1,4,2,00,1,1,0,0,1,0,1,3,1,45,5,2,2,0,2,1,19,201500006826A01,7,1,2,200070308
201500006827,2015-10-06,2015,octobre,mardi,15:00,71,71556,46.2728,4.79878,2,1,3,1,1,3,2,01,1,1,0,80,1,0,1,3,1,44,3,2,2,0,2,8,13,201500006827B02,7,2,1,200070308
201500006828,2015-10-31,2015,octobre,samedi,12:15,71,71526,0,0,2,1,1,1,1,3,2,02,2,1,50,0,1,0,1,3,1,39,5,1,2,1,0,1,2,201500006828B02,7,0,1,200070308
201500006846,2015-06-10,2015,juin,mercredi,10:00,71,71137,0,0,1,1,7,1,1,3,2,00,2,1,0,67,1,0,1,3,2,67,5,1,2,0,0,0,1,201500006846A01,,,,200040293
201500006856,2015-07-14,2015,juillet,mardi,08:45,71,71014,46.95634,4.3156,2,3,1,1,1,3,2,02,1,1,0,152,1,0,1,2,1,46,5,1,2,0,2,1,1,201500006856A01,7,15,1,200070530
201500006868,2015-04-30,2015,avril,jeudi,08:30,71,71422,0,0,1,1,1,1,1,3,2,00,1,1,0,55,1,5,1,3,1,44,1,1,2,0,2,7,1,201500006868B02,7,1,1,247104094
201500006873,2015-12-19,2015,décembre,samedi,10:15,71,71404,46.75324,4.70664,2,1,3,1,8,4,2,02,-1,1,54,0,2,0,1,3,1,53,5,1,2,0,2,1,1,201500006873A01,7,16,1,247100589
201500006886,2015-05-29,2015,mai,vendredi,11:30,71,71052,46.58048,4.88239,2,1,3,1,1,4,2,01,3,2,0,0,1,0,1,3,1,53,5,2,2,0,2,1,13,201500006886B02,10,1,1,247103765
201500006893,2015-11-27,2015,novembre,vendredi,14:00,71,71564,46.45775,4.38315,1,1,7,1,5,3,2,02,2,1,0,0,1,0,1,3,1,65,5,1,2,0,0,0,0,201500006893A01,,,,200071884
201500006898,2015-04-15,2015,avril,mercredi,08:30,71,71176,46.4837,3.98098,2,1,1,1,1,4,2,02,-1,2,0,55,1,0,1,3,2,58,3,1,2,0,0,4,1,201500006898B02,7,1,1,200071884
201500006932,2015-04-03,2015,avril,vendredi,15:15,71,71261,46.59099,4.99921,2,1,3,1,1,4,2,01,1,1,0,44,1,0,1,2,1,77,5,2,2,0,2,8,19,201500006932A01,10,1,1,200071538
201500006942,2015-04-22,2015,avril,mercredi,16:00,71,71390,46.71402,4.31363,1,1,6,1,7,4,2,02,4,2,0,31,9,0,3,3,2,71,5,1,2,3,0,7,1,201500006942A01,,,,247100290
201500006967,2015-02-19,2015,février,jeudi,16:00,89,89295,47.81896,3.53929,2,1,2,1,7,3,2,00,1,1,0,61,1,0,1,3,1,69,5,1,2,0,0,4,1,201500006967B02,7,1,1,200067114
201500006985,2015-09-29,2015,septembre,mardi,15:45,89,89263,0,0,2,1,1,1,1,3,3,00,1,-1,0,80,1,0,1,3,1,89,5,1,2,0,2,3,18,201500006985A01,10,2,1,200067114
201500006996,2015-08-12,2015,août,mercredi,09:30,89,89325,47.66038,3.10481,1,1,2,1,1,3,2,00,1,1,60,0,1,0,1,3,1,70,5,1,2,0,2,4,15,201500006996B02,7,1,1,200067130
201500007038,2015-08-29,2015,août,samedi,13:30,89,89309,0,0,1,1,1,1,1,4,2,00,-1,-1,0,0,-1,0,0,4,2,20,5,1,9,1,0,7,1,201500007038A01,7,24,1,248900896
201500007056,2015-09-06,2015,septembre,dimanche,07:00,89,89464,48.08968,3.28664,2,1,3,2,1,3,2,00,1,1,0,0,1,0,1,4,1,19,1,2,2,0,2,3,2,201500007056A01,2,1,1,248900334
201500007070,2015-11-12,2015,novembre,jeudi,15:30,25,25558,47.171,6.112,1,1,1,1,1,3,2,02,1,1,64,64,1,0,1,3,1,73,5,1,2,0,2,4,1,201500007070B02,10,17,1,200068070
201500007146,2015-04-21,2015,avril,mardi,15:45,25,25462,0,0,1,1,1,1,1,2,2,02,1,1,0,64,1,0,1,3,1,83,5,1,2,0,2,1,18,201500007146A01,7,16,1,242500338
201500007152,2015-03-23,2015,mars,lundi,18:15,25,25320,46.78,6.285,2,2,1,1,1,4,2,02,2,1,0,0,1,0,1,3,1,9,5,2,2,0,2,1,19,201500007152B02,10,1,1,200069565
201500007154,2015-05-10,2015,mai,dimanche,08:30,25,25494,46.749,6.298,2,1,1,1,1,4,2,02,-1,3,0,34,1,0,0,3,1,68,5,1,2,0,2,0,1,201500007154A01,7,1,1,200069565
201500007157,2015-07-18,2015,juillet,samedi,15:30,25,25362,46.82801,6.29081,2,1,3,1,1,3,2,02,4,1,0,58,1,0,1,3,1,51,5,1,2,0,2,1,1,201500007157B02,7,15,1,200069565
201500007158,2015-09-02,2015,septembre,mercredi,13:00,25,25320,46.792,6.279,1,1,3,1,1,3,-1,01,1,1,0,95,1,0,0,3,1,64,5,1,2,0,2,3,0,201500007158B02,7,0,1,200069565
201500007188,2015-08-26,2015,août,mercredi,09:00,39,39061,0,0,1,1,3,1,1,3,2,02,-1,1,0,60,1,0,1,3,1,84,5,1,2,0,0,1,15,201500007188A01,7,1,1,200090579
201500007193,2015-06-03,2015,juin,mercredi,18:15,39,39045,0,0,1,4,1,1,7,3,,,,,,,,,,3,1,53,5,2,2,0,2,1,1,201500007193B02,10,15,1,200090579
201500007197,2015-05-11,2015,mai,lundi,10:15,39,39279,0,0,1,1,3,1,1,3,2,00,1,1,0,67,1,0,1,3,1,53,5,1,2,0,2,8,2,201500007197B02,7,2,1,200069615
201500007202,2015-07-23,2015,juillet,jeudi,19:15,39,39574,0,0,2,4,1,1,1,3,2,02,1,1,0,68,1,0,1,3,1,14,5,2,2,0,2,1,15,201500007202A01,7,16,1,200069615
201500007204,2015-10-07,2015,octobre,mercredi,09:30,39,39379,0,0,1,1,2,1,1,3,2,00,3,1,0,58,1,0,1,3,1,66,5,2,2,0,2,4,1,201500007204B02,7,1,1,200069615
201500007224,2015-08-08,2015,août,samedi,11:15,39,39500,0,0,2,1,1,1,3,3,-1,02,1,1,0,48,2,0,1,3,1,46,5,1,2,0,2,0,17,201500007224B02,7,1,1,200071595
201500007231,2015-06-05,2015,juin,vendredi,06:15,39,39526,0,0,1,1,1,1,1,3,-1,02,1,1,115,0,1,0,0,3,1,47,1,1,4,0,0,6,2,201500007231B02,17,2,1,200010650
201500007242,2015-05-23,2015,mai,samedi,15:45,39,39579,0,0,1,1,1,1,1,3,2,02,4,1,0,94,1,0,1,2,1,13,5,1,2,0,0,5,19,201500007242B02,7,13,1,200026573
201500007292,2015-07-02,2015,juillet,jeudi,07:30,70,70085,47.39,6.009,1,1,1,1,1,3,2,02,1,3,0,52,1,0,1,3,1,38,1,1,2,0,2,1,1,201500007292B02,7,15,1,247000706
201500007311,2015-04-16,2015,avril,jeudi,14:00,70,70339,47.76,6.599,1,1,2,1,1,3,2,00,1,1,0,68,1,0,1,2,1,67,3,3,8,0,2,4,1,201500007311B02,7,17,1,247000854
201500007323,2015-12-08,2015,décembre,mardi,17:15,70,70117,47.6466,6.77757,1,1,1,5,1,2,2,00,2,1,0,105,1,0,1,3,1,63,3,1,2,0,2,4,2,201500007323B02,10,2,1,247000722
201500007328,2015-06-11,2015,juin,jeudi,15:00,70,70016,0,0,2,1,6,1,1,3,-1,02,-1,1,0,80,1,0,1,3,1,69,5,1,2,0,0,1,1,201500007328A01,,,,247000854
201500007373,2015-06-24,2015,juin,mercredi,18:30,90,90065,0,0,1,1,7,1,1,3,2,02,2,1,0,60,1,0,1,3,2,71,0,1,2,0,6,1,1,201500007373A01,,,,200069060
201500007382,2015-12-29,2015,décembre,mardi,15:00,90,90100,0,0,1,1,1,1,1,3,2,00,1,1,0,54,1,0,1,2,2,56,5,3,2,0,0,0,1,201500007382B02,10,17,1,200069052
201500007385,2015-06-21,2015,juin,dimanche,13:30,90,90101,0,0,2,6,6,1,8,3,2,00,1,2,49,78,1,0,1,3,1,63,5,1,2,0,2,7,1,201500007385A01,,,,249000241
201500007431,2015-07-06,2015,juillet,lundi,06:45,26,26166,0,0,1,1,3,1,1,3,2,00,1,1,0,75,1,0,1,3,1,20,1,1,2,0,2,3,15,201500007431B02,14,17,1,242600252
201500007434,2015-07-23,2015,juillet,jeudi,09:30,26,26208,44.7992,4.935,1,1,7,1,1,4,2,01,1,3,0,32,9,0,0,3,1,63,5,1,9,0,0,0,16,201500007434A01,,,,242600252
201500007447,2015-12-11,2015,décembre,vendredi,08:45,26,26064,0,0,1,2,3,2,8,3,2,02,1,1,0,60,1,0,1,2,1,15,2,2,9,0,2,7,1,201500007447A01,7,1,1,200068781
201500007532,2015-04-11,2015,avril,samedi,18:30,13,13097,0,0,2,2,3,1,1,4,2,02,1,1,70,0,1,0,1,3,1,12,5,2,2,0,2,7,1,201500007532B02,7,1,1,241300417
201500007536,2015-09-04,2015,septembre,vendredi,09:00,13,13097,0,0,1,1,2,1,1,3,2,02,1,1,0,70,1,0,1,3,1,62,0,1,4,0,0,6,2,201500007536B02,7,2,1,241300417
201500007547,2015-07-18,2015,juillet,samedi,11:00,13,13100,0,0,2,1,3,1,1,3,2,00,1,1,0,55,1,0,1,3,1,63,5,1,2,0,2,1,1,201500007547B02,7,15,1,241300375
201500007548,2015-10-29,2015,octobre,jeudi,08:45,13,13100,0,0,1,1,2,1,1,3,2,02,3,3,0,0,1,0,1,3,1,42,5,1,2,0,2,4,1,201500007548B02,10,1,1,241300375
201500007552,2015-03-07,2015,mars,samedi,10:30,13,13042,0,0,1,1,1,1,1,3,2,02,1,1,0,36,1,0,3,1,1,54,5,1,2,0,0,4,1,201500007552B02,33,1,1,200054807
201500007562,2015-08-02,2015,août,dimanche,10:30,13,13030,0,0,1,1,5,1,1,3,2,00,2,3,0,70,1,0,1,4,1,54,5,1,2,0,2,8,1,201500007562C03,7 / 33,1,2,200054807
201500007562,2015-08-02,2015,août,dimanche,10:30,13,13030,0,0,1,1,5,1,1,3,2,00,2,3,0,70,1,0,1,3,1,54,5,1,2,0,2,8,1,201500007562D04,7 / 33,1,2,200054807
201500007636,2015-05-12,2015,mai,mardi,20:30,04,04230,43.84,5.964,1,1,3,1,1,3,2,00,1,1,0,70,1,0,1,3,2,47,5,1,2,0,2,3,1,201500007636B02,10,1,1,200034700
201500007640,2015-08-04,2015,août,mardi,21:30,04,04094,43.762,5.893,2,1,1,5,1,3,2,00,1,1,0,65,1,0,1,4,2,51,5,1,2,0,0,8,13,201500007640A01,7,1,1,200034700
201500007643,2015-11-26,2015,novembre,jeudi,14:30,04,04094,43.775,5.879,1,1,1,1,1,3,2,00,2,2,0,68,1,0,1,2,1,71,5,1,2,0,0,0,13,201500007643A01,7,0,1,200034700
201500007682,2015-07-25,2015,juillet,samedi,18:30,04,04007,43.941,6.532,1,1,2,1,1,2,2,02,1,1,0,60,1,1,1,3,2,30,5,1,2,0,0,4,1,201500007682B02,7,2,1,200068625
201500007703,2015-05-31,2015,mai,dimanche,12:15,04,04208,43.98265,5.5595,1,1,3,1,1,3,2,02,2,2,0,75,1,0,1,3,1,33,5,1,2,0,2,3,1,201500007703B02,7,1,1,200071025
201500007722,2015-05-11,2015,mai,lundi,18:30,05,05034,44.27711,5.81684,1,1,3,1,1,3,2,02,2,2,0,6,1,0,1,3,1,54,5,1,2,0,2,8,2,201500007722B02,7,17,1,
201500007766,2015-07-21,2015,juillet,mardi,15:00,05,05106,44.55308,6.33267,1,1,7,1,8,3,2,02,2,1,0,60,1,0,1,3,1,16,5,1,2,0,0,0,1,201500007766A01,,,,200067742
201500007772,2015-06-23,2015,juin,mardi,10:45,05,05065,44.64273,6.6619,1,1,3,1,1,3,2,00,2,3,0,60,1,0,1,4,1,60,5,1,2,0,,8,1,201500007772B02,7,17,1,200067452
201500007780,2015-09-05,2015,septembre,samedi,19:30,06,06048,0,0,2,1,1,1,1,3,-1,00,-1,-1,0,0,1,0,1,1,1,10,5,1,2,0,2,1,5,201500007780A01,7,1,1,240600593
201500007795,2015-07-09,2015,juillet,jeudi,07:00,06,06020,0,0,1,1,1,1,1,3,2,00,2,3,0,55,1,0,1,3,1,43,5,1,2,0,2,8,13,201500007795A01,15,1,1,200030195
201500007802,2015-08-28,2015,août,vendredi,09:45,06,06149,0,0,2,1,1,1,1,4,2,02,1,1,0,114,1,0,1,2,1,62,5,1,2,0,2,3,2,201500007802B02,14,2,1,200030195
201500007812,2015-04-22,2015,avril,mercredi,09:45,06,06138,0,0,1,1,3,1,2,3,2,00,1,3,0,0,1,0,1,4,1,64,5,1,2,0,2,8,2,201500007812B02,7,2,1,200039915
201500007814,2015-05-20,2015,mai,mercredi,07:45,06,06090,0,0,2,6,3,1,1,3,2,02,1,-1,0,0,1,5,1,4,1,34,0,2,2,0,2,1,1,201500007814B02,7,9,1,200039857
201500007815,2015-05-19,2015,mai,mardi,16:30,06,06090,0,0,1,1,1,1,1,3,2,02,2,3,0,0,1,0,1,3,1,43,5,1,2,0,2,1,1,201500007815B02,7,1,1,200039857
201500007829,2015-05-09,2015,mai,samedi,14:45,06,06003,0,0,1,1,1,1,1,3,2,02,2,2,0,58,1,0,1,3,1,57,5,1,2,0,2,8,1,201500007829A01,33,1,1,200039857
201500007839,2015-09-06,2015,septembre,dimanche,00:45,06,06065,0,0,2,1,1,5,1,3,2,02,1,1,0,90,1,0,1,2,1,16,0,3,1,0,2,1,15,201500007839B02,7,1,1,200030195
201500007843,2015-02-12,2015,février,jeudi,16:15,06,06006,43.78251,7.24513,2,1,3,1,1,3,2,00,2,3,0,75,1,0,1,3,1,59,5,1,2,0,2,1,1,201500007843B02,10,9,1,200030195
201500007865,2015-05-27,2015,mai,mercredi,11:45,06,06047,0,0,1,1,1,1,1,3,2,01,2,3,60,0,1,0,1,2,1,69,5,2,2,0,2,1,0,201500007865B02,7,13,1,240600585
201500007868,2015-04-12,2015,avril,dimanche,14:00,83,83004,0,0,1,1,1,1,1,3,-1,02,-1,-1,0,80,-1,0,0,3,1,15,5,1,2,0,0,0,0,201500007868B02,7,0,1,248300493
201500007869,2015-06-30,2015,juin,mardi,15:30,83,83004,0,0,1,1,3,1,1,3,2,02,1,1,0,73,1,0,1,3,2,15,5,2,9,0,2,8,13,201500007869B02,7,1,1,248300493
201500007891,2015-07-08,2015,juillet,mercredi,12:45,83,83080,43.67972,6.69639,1,1,1,1,1,3,2,02,2,3,0,58,1,0,1,2,1,68,5,1,2,0,2,1,13,201500007891B02,7,1,1,200004802
201500007918,2015-05-27,2015,mai,mercredi,09:45,83,83139,43.592,6.287,1,1,1,1,1,4,2,01,2,2,0,20,1,0,1,3,1,45,5,2,2,0,2,1,1,201500007918B02,7,1,1,200040210
201500007919,2015-05-28,2015,mai,jeudi,15:30,83,83014,0,0,2,9,3,1,1,3,4,01,-1,1,0,50,1,0,1,4,1,47,1,1,2,0,2,1,18,201500007919B02,10,16,1,200040210
201500007924,2015-05-19,2015,mai,mardi,10:00,83,83023,0,0,2,1,3,1,1,3,2,02,1,1,0,0,1,0,1,3,1,54,5,2,2,0,2,8,2,201500007924B02,15,2,1,200068104
201500007964,2015-10-04,2015,octobre,dimanche,15:45,83,83059,0,0,1,1,1,1,1,3,2,02,-1,1,69,37,1,0,1,3,1,51,5,2,2,0,0,4,1,201500007964B02,7,1,1,200068104
201500007971,2015-07-28,2015,juillet,mardi,10:00,83,83120,43.38234,5.7384,1,1,6,1,1,3,2,02,-1,1,0,63,1,0,1,3,1,61,5,1,2,0,0,0,0,201500007971A01,,,,200054807
201500007973,2015-08-22,2015,août,samedi,10:15,83,83120,0,0,1,1,1,1,1,3,2,02,2,2,0,0,1,2,1,3,1,59,5,2,2,0,2,1,1,201500007973A01,10,1,1,200054807
201500007982,2015-12-19,2015,décembre,samedi,14:45,83,83087,0,0,1,1,1,1,1,3,2,02,1,1,0,60,1,0,1,3,2,49,5,1,2,0,2,3,1,201500007982B02,7,17,1,200068104
201500008009,2015-08-06,2015,août,jeudi,09:30,83,83068,43.275,6.576,1,6,1,1,1,3,1,02,-1,3,0,0,1,0,1,3,1,54,1,2,2,0,2,1,5,201500008009A01,7,1,1,200036077
201500008031,2015-03-08,2015,mars,dimanche,07:00,83,83065,43.257,6.601,1,1,1,2,1,3,2,02,1,3,0,0,1,0,5,3,1,70,5,1,2,0,2,1,1,201500008031B02,7,1,1,200036077
201500008067,2015-06-20,2015,juin,samedi,19:00,83,83047,43.14586,6.06736,2,6,2,1,1,3,-1,00,1,3,0,83,1,5,1,3,1,57,5,1,2,0,0,4,1,201500008067B02,7,16,1,248300543
201500008075,2015-01-02,2015,janvier,vendredi,09:00,83,83112,0,0,2,6,2,1,1,3,1,02,1,2,0,0,1,3,1,3,1,62,5,1,2,0,2,4,2,201500008075A01,7,2,1,248300394
201500008093,2015-01-15,2015,janvier,jeudi,13:45,84,84132,43.93997,4.98365,1,2,3,1,1,4,2,02,1,1,0,35,1,0,1,3,1,50,1,2,2,0,2,1,1,201500008093A01,7,1,1,248400319
201500008102,2015-06-26,2015,juin,vendredi,09:45,84,84132,43.92356,4.96924,1,4,2,1,1,3,2,02,1,1,0,115,1,4,1,3,1,84,5,2,2,0,2,4,15,201500008102B02,7,17,1,248400319
201500008127,2015-08-03,2015,août,lundi,11:30,84,84003,43.86344,5.36375,1,1,5,1,1,3,2,02,3,3,0,0,1,0,1,3,1,81,5,1,2,0,2,1,1,201500008127C03,7 / 14,1,2,200040624