Num_Acc,date,an,mois,jour,hrmn,dep,com,lat,long,agg,int,col,lum,atm,catr,circ,nbv,prof,plan,lartpc,larrout,surf,infra,situ,grav,sexe,age,trajet,secuexist,equipement,obs,obsm,choc,manv,vehiculeid,typevehicules,manoeuvehicules,numVehicules,_infos_commune.code_epci
201500010889,2015-06-26,2015,juin,vendredi,09:10,06,06088,0,0,2,1,2,1,1,4,1,01,-1,-1,0,0,-1,0,0,4,2,63,0,1,2,0,2,1,0,201500010889B01,7,4,1,200030195
201500010921,2015-07-10,2015,juillet,vendredi,01:40,06,06088,43.68652,7.23793,2,1,3,5,1,4,1,03,1,1,0,0,1,0,1,3,1,34,5,2,9,0,2,8,19,201500010921B01,7,1,1,200030195
201500010951,2015-07-25,2015,juillet,samedi,15:00,06,06088,43.70093,7.27107,2,2,3,1,1,4,-1,00,1,1,0,0,1,0,0,4,1,33,0,1,2,0,2,0,1,201500010951A01,33,1,1,200030195
201500011034,2015-09-07,2015,septembre,lundi,11:30,06,06088,43.71085,7.19457,2,6,3,1,1,4,1,02,2,1,20,62,1,0,1,3,1,50,0,1,9,14,2,1,21,201500011034A01,7,23,1,200030195
201500011069,2015-09-26,2015,septembre,samedi,15:30,06,06088,0,0,2,9,3,1,1,4,2,03,1,1,0,0,1,0,1,4,1,33,1,2,2,0,2,1,1,201500011069B01,7,16,1,200030195
201500011073,2015-09-28,2015,septembre,lundi,21:40,06,06088,43.66542,7.21044,2,1,3,5,1,4,1,01,1,-1,0,0,1,0,5,3,2,24,1,2,2,15,2,4,19,201500011073B01,7,1,1,200030195
201500011077,2015-10-01,2015,octobre,jeudi,10:15,06,06088,43.70898,7.26282,2,1,6,1,1,4,2,02,2,1,0,70,1,4,1,1,1,43,5,1,2,0,1,1,1,201500011077A01,,,,200030195
201500011077,2015-10-01,2015,octobre,jeudi,10:15,06,06088,43.70898,7.26282,2,1,6,1,1,4,2,02,2,1,0,70,1,4,1,4,1,66,5,3,8,0,1,1,1,201500011077A01,,,,200030195
201500011106,2015-10-22,2015,octobre,jeudi,19:30,06,06088,0,0,2,1,3,5,1,2,3,03,1,1,0,900,1,6,1,3,1,23,0,1,2,0,2,7,1,201500011106B01,32,1,1,200030195
201500011114,2015-10-30,2015,octobre,vendredi,08:25,06,06088,0,0,2,1,3,1,1,4,1,02,2,1,0,0,1,0,1,3,1,37,5,3,9,0,2,0,1,201500011114B01,7,0,1,200030195
201500011122,2015-11-01,2015,novembre,dimanche,13:30,06,06088,0,0,2,1,6,1,1,4,2,04,1,1,0,0,1,0,1,1,1,43,5,1,2,0,1,1,1,201500011122A01,,,,200030195
201500011157,2015-11-20,2015,novembre,vendredi,15:25,06,06088,0,0,2,7,3,1,1,4,2,04,1,1,0,0,1,5,1,4,2,36,5,2,9,0,2,0,0,201500011157A01,32,1,1,200030195
201500011167,2015-11-27,2015,novembre,vendredi,15:20,06,06088,43.70227,7.26252,2,2,3,1,1,4,2,02,1,1,0,80,1,0,1,4,1,59,1,3,9,0,2,1,1,201500011167B01,7,15,1,200030195
201500011173,2015-11-30,2015,novembre,lundi,19:10,06,06088,43.69331,7.23055,2,1,3,5,1,4,2,02,2,1,0,82,1,0,1,4,1,52,1,1,2,0,2,1,1,201500011173B01,7,20,1,200030195
201500011185,2015-12-06,2015,décembre,dimanche,13:50,06,06088,0,0,2,1,3,1,1,4,2,02,1,1,0,0,1,0,1,4,1,16,5,3,9,0,2,1,19,201500011185A01,7,1,1,200030195
201500011193,2015-12-09,2015,décembre,mercredi,11:50,06,06088,0,0,2,3,1,1,1,4,2,04,1,1,0,100,1,0,1,1,1,57,1,1,2,0,2,1,1,201500011193A01,1,1,1,200030195
201500011193,2015-12-09,2015,décembre,mercredi,11:50,06,06088,0,0,2,3,1,1,1,4,2,04,1,1,0,100,1,0,1,4,1,27,5,1,2,0,2,1,1,201500011193B01,1,1,1,200030195
201500011194,2015-12-09,2015,décembre,mercredi,21:16,06,06088,0,0,2,1,5,5,1,4,3,00,1,1,0,0,1,0,1,3,1,42,1,1,9,0,2,1,0,201500011194C01,7,18 / 1,2,200030195
201500011216,2015-12-21,2015,décembre,lundi,14:30,06,06088,0,0,2,1,3,1,1,4,1,01,1,1,0,40,1,0,1,3,1,40,5,2,2,1,0,1,0,201500011216B01,7,24,1,200030195
201500011240,2015-08-12,2015,août,mercredi,11:00,15,15209,44.77,3.028,1,1,1,1,1,3,2,00,1,3,0,65,1,0,1,3,1,64,5,1,2,0,9,1,2,201500011240A01,1,2,1,200066660
201500011240,2015-08-12,2015,août,mercredi,11:00,15,15209,44.77,3.028,1,1,1,1,1,3,2,00,1,3,0,65,1,0,1,1,1,64,5,1,2,0,0,4,2,201500011240B02,1,2,1,200066660
201500011278,2015-02-09,2015,février,lundi,16:20,07,07019,0,0,1,1,3,1,7,3,2,02,2,1,0,60,1,0,1,3,1,63,5,3,9,0,0,1,1,201500011278B01,7,15,1,200073245
201500011290,2015-07-14,2015,juillet,mardi,19:45,07,07281,0,0,2,4,3,1,1,4,2,02,4,3,0,40,1,0,1,3,1,18,0,3,9,0,2,1,21,201500011290B01,7,15,1,200041366
201500011293,2015-09-27,2015,septembre,dimanche,09:57,07,07281,44.9334,4.81961,1,1,7,1,1,3,2,02,2,3,0,0,1,0,0,3,1,41,5,1,2,0,0,0,0,201500011293A01,,,,200041366
201500011300,2015-12-15,2015,décembre,mardi,09:55,07,07281,44.941,4.86264,2,1,1,1,1,3,2,01,1,1,0,112,1,0,0,3,1,64,5,1,2,0,2,0,1,201500011300B01,7,0,1,200041366
201500011327,2015-11-07,2015,novembre,samedi,15:50,07,07186,44.7274,4.59744,2,1,6,1,1,4,2,02,-1,-1,0,35,-1,0,1,4,2,14,5,2,2,0,2,1,2,201500011327A01,1,2,1,200071413
201500011327,2015-11-07,2015,novembre,samedi,15:50,07,07186,44.7274,4.59744,2,1,6,1,1,4,2,02,-1,-1,0,35,-1,0,1,1,2,16,5,2,2,0,0,4,2,201500011327B01,1,2,1,200071413
201500011409,2015-05-28,2015,mai,jeudi,19:00,37,37243,0,0,2,7,6,1,9,3,2,01,2,1,0,0,1,0,1,3,1,50,5,3,1,0,0,0,0,201500011409B02,30,0,1,243700754
201500011425,2015-06-20,2015,juin,samedi,10:00,60,60432,49.10949,2.6004,2,1,2,1,1,3,2,02,1,1,0,70,1,0,1,3,1,52,5,1,2,0,2,1,1,201500011425B02,7,20,1,246000764
201500011439,2015-01-27,2015,janvier,mardi,06:30,77,77340,48.28633,2.78742,2,1,7,5,9,3,-1,00,1,-1,0,0,7,0,1,3,1,59,1,1,2,0,0,0,0,201500011439A01,,,,247700032
201500011615,2015-06-23,2015,juin,mardi,08:45,17,17051,46.18475,-1.39203,2,3,3,1,1,4,2,01,1,1,0,55,1,0,1,4,2,87,5,2,2,0,2,5,1,201500011615B02,37,16,1,241700459
201500011616,2015-07-31,2015,juillet,vendredi,17:15,17,17051,46.16525,-1.35465,1,1,5,1,1,3,2,02,1,1,0,70,1,0,1,1,1,40,5,2,2,0,9,0,2,201500011616C03,37 / 7,1 / 13,2,241700459
201500011617,2015-08-06,2015,août,jeudi,18:30,17,17121,46.19607,-1.43168,1,6,3,1,1,3,1,01,1,2,0,86,1,0,1,3,2,44,5,2,2,0,2,0,2,201500011617B02,14,16,1,241700459
201500011618,2015-12-09,2015,décembre,mercredi,11:00,17,17121,46.19375,-1.42844,2,1,6,1,1,4,2,01,1,1,0,0,1,0,1,3,2,82,3,2,2,0,2,0,18,201500011618B02,14,16,1,241700459
201500011682,2015-01-14,2015,janvier,mercredi,10:30,37,37156,0,0,1,1,3,1,3,4,2,02,1,1,0,61,2,0,1,3,1,80,5,2,4,0,2,8,19,201500011682B02,10,21,1,200073161
201500011717,2015-05-08,2015,mai,vendredi,11:00,13,13114,0,0,1,1,3,1,1,3,2,01,1,1,0,0,1,5,1,3,1,56,4,1,2,0,2,8,15,201500011717B02,7,17,1,200054807
201500011718,2015-05-24,2015,mai,dimanche,17:45,13,13032,0,0,1,1,1,1,1,3,2,02,1,1,10,70,1,0,1,3,1,85,5,2,2,0,0,8,13,201500011718B02,7,17,1,200054807
201500011719,2015-06-05,2015,juin,vendredi,18:30,13,13114,0,0,2,1,3,1,1,3,2,02,2,1,0,0,1,0,1,4,1,55,5,1,2,0,2,1,1,201500011719B02,10,15,1,200054807
201500011720,2015-06-30,2015,juin,mardi,15:45,13,13032,0,0,1,1,1,1,1,3,2,02,-1,1,0,125,1,0,1,4,1,47,5,1,2,0,2,3,9,201500011720B02,10,1,1,200054807
201500011754,2015-03-12,2015,mars,jeudi,15:50,08,08346,49.75,4.69262,2,9,4,1,1,3,-1,03,1,1,0,0,1,0,1,4,1,51,1,1,9,0,0,0,0,201500011754B01,7,2,2,200041630
201500011766,2015-08-19,2015,août,mercredi,12:55,08,08105,49.78249,4.72366,2,1,6,1,1,4,4,02,4,-1,0,0,1,2,1,4,1,70,5,2,9,0,2,1,1,201500011766A01,7,0,1,200041630
201500011800,2015-06-02,2015,juin,mardi,14:45,69,69009,0,0,2,1,3,1,1,3,2,02,1,1,19,74,1,0,1,3,1,69,5,1,2,0,2,3,1,201500011800B02,38,6,1,200040574
201500011810,2015-11-15,2015,novembre,dimanche,19:30,29,29190,48.33705,-4.75181,1,1,6,3,1,3,2,02,1,1,0,0,1,0,5,3,1,42,5,2,2,0,0,4,1,201500011810A01,,,,242900074
201500011857,2015-06-02,2015,juin,mardi,08:45,31,31446,43.526,1.459,1,1,2,1,1,3,2,02,2,3,0,60,1,0,1,3,1,41,1,3,1,0,2,1,1,201500011857B02,7,15,1,243100633
201500011861,2015-01-16,2015,janvier,vendredi,07:00,26,26004,44.9866,5.0447,1,2,1,3,1,4,2,01,2,1,0,40,1,0,1,3,1,19,1,1,4,0,2,1,19,201500011861A01,7,1,1,200068781
201500011864,2015-02-11,2015,février,mercredi,15:00,26,26271,0,0,1,1,1,1,1,2,2,00,1,1,0,69,1,0,3,3,1,48,5,1,2,0,2,0,2,201500011864B02,17,2,1,200073096
201500011868,2015-04-01,2015,avril,mercredi,16:30,26,26347,0,0,2,3,3,1,1,2,2,00,1,1,19,86,1,0,1,3,1,69,5,1,2,0,0,1,0,201500011868B02,7,0,1,200073096
201500011877,2015-06-02,2015,juin,mardi,08:45,26,26004,0,0,1,1,2,1,1,3,2,00,1,1,0,70,1,0,1,3,2,70,5,2,4,0,2,8,15,201500011877B02,7,17,1,200068781
201500011885,2015-07-06,2015,juillet,lundi,10:00,26,26071,0,0,1,1,1,1,1,3,2,02,1,1,0,34,1,0,3,3,1,82,5,1,2,1,0,1,1,201500011885A01,7,23,1,200073096
201500011947,2015-08-23,2015,août,dimanche,11:15,38,38486,45.14733,5.6777,2,2,1,1,1,3,2,00,2,1,0,0,1,0,1,3,1,42,5,1,2,0,2,1,17,201500011947B02,7,15,1,200040715
201500011950,2015-10-06,2015,octobre,mardi,08:30,38,38485,45.16824,5.6787,2,4,2,1,8,3,2,01,4,1,0,0,2,0,1,3,1,34,1,1,2,0,2,4,2,201500011950B02,7,2,1,200040715
201500011953,2015-06-28,2015,juin,dimanche,14:00,38,38285,0,0,1,1,1,1,1,3,2,00,2,3,0,65,1,0,1,3,1,41,0,1,2,0,2,3,13,201500011953A01,7,1,1,243800745
201500011954,2015-07-18,2015,juillet,samedi,13:00,38,38375,44.9529,6.18322,1,1,6,1,1,3,2,02,2,2,0,51,1,0,3,2,1,64,5,1,2,10,0,5,1,201500011954A01,,,,243800745
201500012001,2015-07-10,2015,juillet,vendredi,13:45,09,09055,42.85605,1.09203,1,1,7,1,1,3,2,02,2,3,0,510,1,0,3,3,1,78,5,2,2,6,0,1,1,201500012001A01,,,,200067940
201500012002,2015-08-20,2015,août,jeudi,14:00,09,09219,42.93586,0.94237,2,3,6,1,1,3,2,02,2,1,0,6,1,0,1,3,1,29,5,1,2,0,0,1,1,201500012002B02,7,15,1,200067940
201500012055,2015-07-09,2015,juillet,jeudi,10:45,53,53177,48.32766,-1.04526,1,1,3,1,1,3,2,00,-1,3,0,66,1,0,1,3,1,33,5,1,2,0,2,1,13,201500012055A01,15,1,1,245300355
201500012066,2015-05-29,2015,mai,vendredi,09:15,17,17140,45.91007,-1.26453,2,1,3,1,1,3,2,02,1,3,0,70,1,5,1,3,2,62,5,2,2,12,2,1,18,201500012066B02,17,16,1,241700624
201500012074,2015-12-22,2015,décembre,mardi,14:30,42,42003,0,0,1,1,2,1,1,3,2,00,2,1,0,60,1,0,1,2,1,60,5,3,1,0,2,4,2,201500012074B02,15,2,1,200035731
201500012083,2015-07-02,2015,juillet,jeudi,11:30,13,13030,0,0,1,1,2,1,1,3,2,02,2,2,0,0,1,0,3,2,1,44,5,2,2,0,0,4,1,201500012083B02,7,14,1,200054807
201500012132,2015-01-18,2015,janvier,dimanche,13:45,74,74081,0,0,2,1,2,1,1,3,2,02,1,1,0,60,1,0,1,4,1,44,5,2,2,0,2,8,1,201500012132B02,7,2,1,200033116
201500012139,2015-05-27,2015,mai,mercredi,17:30,74,74264,0,0,2,1,3,1,1,4,2,02,-1,1,0,0,1,0,1,3,2,13,5,2,2,0,2,1,5,201500012139B02,7,1,1,200033116
201500012155,2015-10-20,2015,octobre,mardi,21:15,59,59485,0,0,2,1,3,5,1,3,2,00,-1,1,0,59,1,0,1,3,1,48,1,1,4,0,2,6,15,201500012155B02,10,17,1,200030633
201500012182,2015-05-23,2015,mai,samedi,12:15,38,38253,0,0,1,1,1,1,1,3,2,00,2,1,0,0,1,0,1,3,2,53,5,1,9,0,2,8,1,201500012182B02,7,14,1,243800745
201500012183,2015-07-17,2015,juillet,vendredi,17:15,38,38253,0,0,2,1,1,1,1,3,2,00,1,3,0,0,1,0,1,3,1,45,5,3,8,0,2,3,18,201500012183B02,37,16,1,243800745
201500012269,2015-08-05,2015,août,mercredi,08:45,2A,2A348,42.15149,8.75506,1,1,2,1,1,3,2,02,2,1,0,60,1,0,1,3,1,63,5,1,2,0,2,0,2,201500012269B02,14,2,1,200067049
201500012278,2015-05-27,2015,mai,mercredi,19:45,38,38126,45.2332,5.7511,1,3,1,1,1,3,2,02,3,1,0,60,1,0,1,3,1,28,5,1,2,0,2,1,1,201500012278B02,10,15,1,200040715
201500012280,2015-07-10,2015,juillet,vendredi,13:15,38,38249,45.22992,5.82352,1,1,1,1,1,3,2,02,-1,1,0,0,1,0,1,3,2,63,5,1,2,0,0,4,0,201500012280B02,7,0,1,200018166
201500012285,2015-10-14,2015,octobre,mercredi,07:30,38,38249,0,0,1,1,1,1,1,3,2,02,1,1,0,0,1,5,1,3,1,42,1,1,2,0,2,8,1,201500012285B02,7,15,1,200018166
201500012335,2015-06-10,2015,juin,mercredi,13:00,2A,2A139,41.63825,9.33585,1,6,3,1,1,3,-1,01,-1,2,84,0,1,0,1,3,2,40,5,1,2,0,2,1,5,201500012335B02,7,1,1,200040764
201500012362,2015-09-27,2015,septembre,dimanche,22:15,42,42256,45.49227,4.15954,1,1,3,3,1,3,2,02,1,1,0,103,1,0,1,4,1,36,5,2,2,0,2,1,13,201500012362A01,7,21,1,200065886
201500012372,2015-06-07,2015,juin,dimanche,11:30,91,91649,48.55,2.356,1,1,5,1,1,3,2,02,-1,2,0,60,1,0,1,4,1,83,5,1,2,0,2,8,1,201500012372B02,7,17,1,249100546
201500012372,2015-06-07,2015,juin,dimanche,11:30,91,91649,48.55,2.356,1,1,5,1,1,3,2,02,-1,2,0,60,1,0,1,4,1,75,5,1,2,0,2,8,1,201500012372C03,7,17,1,249100546
201500012387,2015-01-04,2015,janvier,dimanche,08:45,06,06152,0,0,1,1,7,1,8,9,2,02,2,2,0,69,2,0,1,3,1,53,5,1,2,0,0,0,1,201500012387A01,,,,240600585
201500012401,2015-08-20,2015,août,jeudi,12:30,06,06152,0,0,1,1,1,1,1,3,2,02,2,1,0,70,1,0,1,3,1,54,5,2,2,0,2,1,1,201500012401B02,7,1,1,240600585
201500012405,2015-10-23,2015,octobre,vendredi,15:00,06,06018,0,0,2,1,3,1,7,3,2,02,2,3,0,63,1,0,1,3,1,43,5,1,2,0,2,1,1,201500012405B02,7,9,1,240600585
201500012412,2015-03-19,2015,mars,jeudi,10:45,69,69244,45.753,4.805,2,1,2,1,1,5,1,00,1,2,0,35,1,0,1,2,1,88,5,1,2,0,2,8,15,201500012412B02,10,4,1,200046977
201500012420,2015-11-30,2015,novembre,lundi,06:45,69,69244,0,0,2,1,1,5,1,3,2,02,1,1,0,0,1,0,1,3,1,33,1,1,2,0,2,8,1,201500012420B02,7,15,1,200046977
201500012427,2015-07-12,2015,juillet,dimanche,08:00,38,38448,0,0,2,1,1,1,1,3,2,01,1,1,0,30,1,0,1,3,1,40,5,1,2,0,2,1,19,201500012427A01,7,1,1,200085751
201500012431,2015-07-21,2015,juillet,mardi,19:30,74,74299,0,0,2,1,2,1,1,3,2,02,1,1,0,0,1,0,1,3,2,67,5,3,2,0,2,1,2,201500012431B02,10,1,1,200066793
201500012439,2015-10-20,2015,octobre,mardi,17:30,34,34153,43.7329,3.82144,1,1,2,2,1,3,2,02,1,1,63,0,1,0,1,3,2,33,0,1,2,0,0,4,1,201500012439B02,7,1,1,200022986
201500012457,2015-06-01,2015,juin,lundi,16:30,78,78152,0,0,2,1,1,1,1,4,2,02,2,-1,0,25,1,0,1,3,1,14,9,3,1,0,2,1,5,201500012457B02,7,1,1,200034130
201500012460,2015-09-05,2015,septembre,samedi,12:30,78,78233,0,0,1,1,1,1,1,3,-1,02,2,1,0,84,1,0,5,3,2,63,5,1,2,0,0,9,21,201500012460B02,7,9,1,200034130
201500012471,2015-09-17,2015,septembre,jeudi,16:30,95,95678,49.0613,2.2187,1,1,7,1,2,3,2,02,2,1,,,2,0,1,3,1,63,5,1,2,16,0,9,1,201500012471A01,,,,249500455
201500012541,2015-07-29,2015,juillet,mercredi,15:45,13,13051,0,0,1,6,3,1,1,3,4,00,1,2,0,70,1,5,1,4,1,50,5,1,2,0,0,7,1,201500012541B02,7,9,1,200054807
201500012542,2015-08-02,2015,août,dimanche,10:00,13,13008,0,0,2,1,1,1,7,3,2,00,2,3,0,50,-1,5,1,3,1,41,5,1,2,0,0,1,1,201500012542B02,7,15,1,200054807
201500012595,2015-10-12,2015,octobre,lundi,07:25,10,10343,48.1619,4.52823,2,6,3,1,1,4,1,02,1,-1,,70,1,0,1,3,1,49,0,1,2,0,2,0,0,201500012595B01,7,0,1,200069250
201500012601,2015-07-17,2015,juillet,vendredi,08:07,10,10387,48.289,4.09,2,6,3,1,1,4,4,02,1,1,,,1,5,1,4,1,36,0,2,2,0,2,7,0,201500012601B01,7,1,1,200069250
201500012604,2015-08-27,2015,août,jeudi,22:02,10,10387,48.3036,4.06069,2,1,1,3,8,4,2,02,2,1,,,2,2,1,3,2,19,5,1,2,0,2,1,1,201500012604B01,7,13,1,200069250
201500012610,2015-09-19,2015,septembre,samedi,18:21,10,10387,48.27369,4.08416,2,3,2,1,1,4,2,02,1,1,,,1,0,1,4,1,16,2,3,9,0,2,4,13,201500012610B01,2,1,1,200069250
201500012615,2015-11-10,2015,novembre,mardi,17:27,10,10297,48.31786,4.09285,2,3,3,2,1,4,2,02,2,1,,60,1,0,1,2,2,79,5,2,2,0,2,8,16,201500012615B01,37,15,1,200069250
201500012636,2015-03-24,2015,mars,mardi,09:27,10,10387,48.29503,4.06737,2,6,3,1,2,4,1,02,1,2,,,2,0,1,3,2,52,0,2,2,0,0,4,13,201500012636B01,7,13,1,200069250
201500012645,2015-02-02,2015,février,lundi,12:00,67,67343,0,0,1,1,1,1,8,4,2,02,1,1,0,63,1,0,1,3,2,61,1,3,1,0,2,1,1,201500012645B02,7,15,1,246700488
201500012646,2015-07-06,2015,juillet,lundi,08:00,67,67471,0,0,2,1,1,1,1,3,2,00,1,1,0,65,1,0,1,4,1,31,1,3,1,1,0,1,1,201500012646A01,7,0,1,246700488
201500012648,2015-08-29,2015,août,samedi,01:15,67,67471,0,0,2,9,1,5,1,3,2,00,-1,1,0,95,1,2,1,3,1,19,5,2,2,0,2,8,9,201500012648B02,7,1,1,246700488
201500012656,2015-06-04,2015,juin,jeudi,10:15,06,06148,0,0,1,3,3,1,1,3,1,02,-1,1,0,60,1,0,1,3,1,70,5,1,2,0,2,1,1,201500012656B02,7,15,1,240600585
201500012680,2015-08-14,2015,août,vendredi,11:00,13,13080,43.66356,5.43852,2,1,1,1,1,4,1,00,1,1,0,0,1,0,1,3,1,66,3,3,1,0,2,2,1,201500012680B02,7,19,1,200054807
201500012699,2015-06-27,2015,juin,samedi,23:30,35,35352,48.06768,-1.62131,2,1,6,4,1,3,3,02,1,1,35,81,1,0,1,2,2,21,5,1,2,0,0,0,0,201500012699A01,7,11,1,243500139
201500012700,2015-09-05,2015,septembre,samedi,09:30,35,35352,48.04492,-1.6047,2,6,1,1,1,9,1,01,1,2,0,93,1,5,1,3,1,52,5,2,2,0,0,8,2,201500012700B02,7,9,1,243500139
201500012707,2015-02-01,2015,février,dimanche,06:29,11,11069,43.21525,2.37439,2,1,2,3,1,4,1,01,1,1,0,60,1,0,1,4,2,54,5,1,2,0,2,4,1,201500012707A01,99,0,1,200035715
201500012730,2015-06-24,2015,juin,mercredi,07:36,11,11069,43.22231,2.39143,1,6,3,1,1,4,2,01,1,2,50,50,1,5,1,4,1,18,2,1,2,0,2,7,1,201500012730B01,7,6,1,200035715
201500012739,2015-06-17,2015,juin,mercredi,21:30,11,11069,43.2094,2.38286,1,1,3,2,1,4,2,02,1,1,0,60,1,0,1,4,1,21,5,3,2,0,2,8,2,201500012739B01,7,2,1,200035715
201500012747,2015-07-21,2015,juillet,mardi,13:48,11,11069,43.22188,2.35906,2,1,6,1,1,4,-1,02,1,1,0,0,1,0,1,4,1,27,5,1,2,1,0,0,0,201500012747A01,,,,200035715
201500012765,2015-10-06,2015,octobre,mardi,16:45,11,11069,43.22577,2.34881,2,1,3,1,1,4,2,02,1,1,0,71,1,0,1,4,1,12,2,2,2,0,2,1,2,201500012765B01,7,2,1,200035715
201500012792,2015-05-12,2015,mai,mardi,04:45,77,77295,0,0,1,1,2,3,1,1,3,03,1,1,30,135,1,0,2,2,1,31,9,1,2,0,0,4,1,201500012792B02,17,1,1,200070779
201500012820,2015-06-11,2015,juin,jeudi,13:55,11,11262,43.1875,3.00756,2,1,6,1,1,4,1,01,1,1,0,0,1,6,4,1,1,12,5,3,9,0,1,3,13,201500012820A01,,,,241100593
201500012826,2015-07-09,2015,juillet,jeudi,06:55,11,11262,43.18668,3.01257,2,1,6,1,1,4,2,02,-1,-1,0,0,-1,0,1,3,1,59,0,1,2,0,2,0,0,201500012826B01,14,1,1,241100593
201500012830,2015-07-19,2015,juillet,dimanche,15:00,11,11262,43.20097,3.01777,1,1,1,1,1,3,2,03,3,3,0,0,1,3,1,4,1,44,5,3,9,0,2,4,1,201500012830B01,7,1,1,241100593
201500012850,2015-09-27,2015,septembre,dimanche,10:45,11,11262,43.1919,3.02819,2,6,6,1,1,4,2,00,1,1,0,0,1,0,1,4,1,57,5,1,2,0,2,0,15,201500012850B01,7,9,1,241100593
201500012866,2015-11-03,2015,novembre,mardi,16:20,11,11262,43.20059,3.01244,2,6,1,1,1,3,1,02,1,2,0,0,1,0,1,3,1,39,0,3,9,0,2,0,12,201500012866B01,7,1,1,241100593
201500012869,2015-11-18,2015,novembre,mercredi,13:10,11,11262,43.19085,3.01717,2,3,1,1,1,4,3,02,1,1,0,0,1,0,1,4,1,17,0,3,9,0,2,8,19,201500012869B01,7,1,1,241100593
201500012873,2015-12-11,2015,décembre,vendredi,21:00,11,11262,43.17357,2.99201,2,1,2,5,1,3,2,02,1,1,0,0,1,0,1,3,1,56,0,1,2,0,2,5,1,201500012873B01,7,2,1,241100593
201500012898,2015-07-08,2015,juillet,mercredi,19:30,30,30169,43.75738,4.34029,1,1,2,1,1,3,2,02,1,3,0,62,1,0,3,3,1,51,5,1,2,0,2,4,1,201500012898B02,7,2,1,243000643
201500012919,2015-06-07,2015,juin,dimanche,09:00,14,14536,49.4258,0.27478,1,1,6,1,1,2,3,04,4,1,15,70,1,0,5,4,1,45,5,1,2,14,0,1,1,201500012919A01,,,,200066827
201500012922,2015-10-25,2015,octobre,dimanche,15:45,76,76489,49.47825,0.26673,1,1,2,1,1,5,3,04,1,1,20,72,1,0,1,2,1,47,5,1,2,0,2,1,2,201500012922B02,17,2,1,200084952
201500012967,2015-02-23,2015,février,lundi,14:55,12,12145,44.1018,3.08575,2,6,3,1,1,3,2,02,1,1,0,193,2,5,1,2,2,39,9,2,9,12,0,1,2,201500012967B01,14,2,1,241200567
201500012975,2015-11-30,2015,novembre,lundi,15:55,12,12145,44.0888,3.06029,2,4,1,1,1,3,-1,02,1,2,0,0,1,5,0,3,2,26,5,2,9,0,2,1,1,201500012975B01,7,15,1,241200567
201500012983,2015-03-05,2015,mars,jeudi,16:45,12,12176,44.4058,2.55757,1,2,3,1,1,3,2,01,1,1,0,80,1,5,1,3,1,74,5,1,2,0,2,3,9,201500012983A01,7,15,1,241200187
201500012986,2015-05-20,2015,mai,mercredi,09:00,12,12202,44.3517,2.5562,1,1,6,1,8,3,2,02,2,-1,0,127,-1,0,1,3,1,25,4,2,9,0,2,1,0,201500012986B01,7,15,1,241200187
201500013057,2015-06-24,2015,juin,mercredi,12:00,13,13001,0,0,1,1,2,1,1,3,3,02,1,1,0,0,1,0,1,2,1,71,3,3,2,0,0,0,13,201500013057B01,7,2,1,200054807
201500013072,2015-07-31,2015,juillet,vendredi,17:30,13,13001,0,0,1,1,3,1,1,3,2,02,2,2,0,150,1,0,1,1,1,37,0,1,2,0,2,0,0,201500013072B01,7,11,1,200054807
201500013108,2015-11-05,2015,novembre,jeudi,09:45,13,13001,43.52733,5.45544,2,1,6,1,1,4,1,03,2,1,0,0,1,0,1,3,1,17,0,2,2,1,1,1,2,201500013108A01,7,0,1,200054807
201500013114,2015-11-26,2015,novembre,jeudi,19:30,13,13001,43.51421,5.43895,2,6,2,5,1,4,3,02,1,1,0,0,1,0,1,3,1,18,0,2,9,0,0,0,0,201500013114A01,7,0,1,200054807
201500013118,2015-12-29,2015,décembre,mardi,16:30,13,13001,43.53205,5.42083,2,2,3,1,1,3,2,02,1,1,0,0,1,0,1,3,2,18,9,3,9,0,2,1,0,201500013118A01,7,0,1,200054807
201500013164,2015-08-10,2015,août,lundi,11:10,13,13004,0,0,2,1,6,1,1,4,2,02,1,1,0,0,1,0,4,1,1,34,5,3,9,0,0,6,1,201500013164B01,7,14,1,241300417
201500013164,2015-08-10,2015,août,lundi,11:10,13,13004,0,0,2,1,6,1,1,4,2,02,1,1,0,0,1,0,4,3,1,87,5,1,9,0,0,6,1,201500013164B01,7,14,1,241300417
201500013170,2015-10-12,2015,octobre,lundi,09:30,13,13004,43.6614,4.64107,2,2,3,1,8,4,2,02,1,1,0,58,1,0,1,3,1,76,0,3,9,0,2,3,0,201500013170B01,7,1,1,241300417
201500013188,2015-04-05,2015,avril,dimanche,10:40,13,13070,43.35714,5.36707,2,9,3,1,1,4,2,02,1,1,0,55,1,0,1,4,1,48,0,1,2,0,2,8,1,201500013188B01,7,15,1,200054807
201500013249,2015-07-11,2015,juillet,samedi,08:20,13,13070,43.28142,5.51617,2,1,1,1,1,3,2,02,1,1,0,96,1,0,1,4,1,56,5,2,2,0,2,0,0,201500013249B01,7,10,1,200054807
201500013269,2015-08-14,2015,août,vendredi,11:00,13,13070,43.28193,5.51504,2,2,3,1,1,3,1,01,1,1,0,0,1,0,0,4,1,46,0,1,2,0,2,7,17,201500013269A01,7,15,1,200054807
201500013269,2015-08-14,2015,août,vendredi,11:00,13,13070,43.28193,5.51504,2,2,3,1,1,3,1,01,1,1,0,0,1,0,0,4,1,13,0,1,2,0,2,7,17,201500013269A01,7,15,1,200054807