Num_Acc,date,an,mois,jour,hrmn,dep,com,lat,long,agg,int,col,lum,atm,catr,circ,nbv,prof,plan,lartpc,larrout,surf,infra,situ,grav,sexe,age,trajet,secuexist,equipement,obs,obsm,choc,manv,vehiculeid,typevehicules,manoeuvehicules,numVehicules,_infos_commune.code_epci
201500013280,2015-09-12,2015,septembre,samedi,09:15,13,13005,43.30876,5.60799,1,2,3,1,1,3,2,02,1,1,0,70,1,0,1,4,1,61,5,1,2,0,0,0,0,201500013280B01,7,0,1,200054807
201500013311,2015-11-05,2015,novembre,jeudi,08:00,13,13005,43.29643,5.58345,2,6,3,1,1,3,2,01,-1,-1,0,80,-1,0,1,3,1,68,5,1,2,0,2,7,1,201500013311B01,7,9,1,200054807
201500013329,2015-12-07,2015,décembre,lundi,07:45,13,13005,43.30974,5.57489,1,1,1,1,1,3,2,02,1,1,0,60,1,0,1,3,1,50,9,1,2,0,2,1,1,201500013329B01,7,15,1,200054807
201500013329,2015-12-07,2015,décembre,lundi,07:45,13,13005,43.30974,5.57489,1,1,1,1,1,3,2,02,1,1,0,60,1,0,1,1,1,52,0,1,2,0,2,1,1,201500013329B01,7,15,1,200054807
201500013357,2015-03-05,2015,mars,jeudi,10:45,13,13005,0,0,2,1,7,1,1,3,2,02,1,1,0,0,1,0,1,4,1,60,5,1,2,1,0,2,17,201500013357B01,15,24,1,200054807
201500013379,2015-01-31,2015,janvier,samedi,12:30,13,13028,0,0,2,9,2,1,1,4,1,01,1,1,0,0,1,0,5,4,1,59,5,3,9,0,2,0,0,201500013379B01,7,9,1,200054807
201500013417,2015-06-04,2015,juin,jeudi,15:25,13,13028,43.19947,5.60621,2,3,3,1,1,4,2,02,1,3,0,62,1,0,1,4,1,20,5,2,2,0,2,1,9,201500013417A01,7,1,1,200054807
201500013474,2015-10-23,2015,octobre,vendredi,17:45,13,13028,43.19071,5.63929,2,1,5,1,1,3,2,02,2,1,0,97,1,0,1,4,2,61,5,1,2,1,0,0,2,201500013474B01,7,24 / 2,2,200054807
201500013490,2015-11-21,2015,novembre,samedi,12:00,13,13028,43.17883,5.61113,2,1,1,1,1,4,2,02,2,1,11,48,1,0,1,3,1,53,5,2,2,0,2,4,2,201500013490B01,7,2,1,200054807
201500013496,2015-12-07,2015,décembre,lundi,17:50,13,13028,43.19244,5.60948,2,6,3,5,1,3,1,02,1,2,0,90,2,0,1,4,1,30,1,1,2,0,2,7,1,201500013496B01,7,9,1,200054807
201500013558,2015-11-26,2015,novembre,jeudi,12:14,13,13102,0,0,1,1,1,1,1,4,-1,00,1,1,0,0,1,6,1,4,1,13,2,2,2,0,2,8,19,201500013558A01,33,2,1,200054807
201500013560,2015-12-06,2015,décembre,dimanche,16:30,13,13102,43.41862,5.22951,2,6,3,1,2,3,-1,00,1,-1,0,0,2,0,0,1,1,17,5,1,2,0,2,2,1,201500013560B01,7,9,1,200054807
201500013560,2015-12-06,2015,décembre,dimanche,16:30,13,13102,43.41862,5.22951,2,6,3,1,2,3,-1,00,1,-1,0,0,2,0,0,4,2,16,5,1,2,0,2,2,1,201500013560B01,7,9,1,200054807
201500013576,2015-12-03,2015,décembre,jeudi,13:45,13,13055,43.3011,5.38779,2,1,7,1,1,4,-1,00,1,1,0,60,9,0,0,4,1,14,5,2,2,0,0,0,0,201500013576A01,,,,200054807
201500013582,2015-12-31,2015,décembre,jeudi,11:30,13,13055,43.28088,5.38884,2,1,6,1,1,4,3,02,1,1,10,120,1,0,1,1,1,72,5,1,2,0,1,0,0,201500013582A01,,,,200054807
201500013631,2015-01-06,2015,janvier,mardi,10:50,13,13055,0,0,2,2,3,1,1,4,2,00,1,1,0,0,1,0,1,4,1,73,5,1,9,0,2,1,1,201500013631B01,10,1,1,200054807
201500013633,2015-01-05,2015,janvier,lundi,16:30,13,13055,43.2413,5.36341,2,1,1,1,1,4,2,00,1,1,0,0,1,0,5,4,1,54,9,3,9,1,2,1,1,201500013633A01,7,9,1,200054807
201500013675,2015-03-31,2015,mars,mardi,13:30,13,13055,43.27655,5.39941,2,7,3,1,1,4,2,02,1,1,5,30,1,2,0,4,1,60,4,3,2,0,2,2,19,201500013675A01,7,1,1,200054807
201500013728,2015-04-05,2015,avril,dimanche,20:07,13,13055,43.33147,5.39126,2,1,6,2,1,4,2,02,1,1,0,40,1,0,1,4,1,9,5,3,9,0,1,0,0,201500013728Z01,,,,200054807
201500013776,2015-04-11,2015,avril,samedi,13:35,13,13055,0,0,2,1,6,1,1,4,2,02,1,1,50,0,1,6,5,4,2,66,5,3,9,0,1,1,1,201500013776Z01,,,,200054807
201500013777,2015-04-11,2015,avril,samedi,15:30,13,13055,0,0,2,1,3,1,1,4,-1,01,1,1,0,0,1,0,0,3,1,18,0,3,9,0,2,4,1,201500013777A01,7,0,1,200054807
201500013805,2015-04-12,2015,avril,dimanche,19:45,13,13055,43.2721,5.39032,2,1,3,1,1,4,1,00,1,1,0,45,1,0,1,4,1,13,0,3,9,0,2,7,19,201500013805B01,7,1,1,200054807
201500013807,2015-04-13,2015,avril,lundi,22:45,13,13055,43.28369,5.38784,2,1,2,5,1,4,2,04,1,-1,0,120,1,0,0,1,1,56,0,1,2,0,2,0,2,201500013807B01,2,2,1,200054807
201500013964,2015-01-18,2015,janvier,dimanche,09:15,13,13055,43.34254,5.38619,2,1,6,1,1,3,2,00,1,3,0,0,1,0,1,4,1,65,5,1,9,0,2,4,2,201500013964B01,7,2,1,200054807
201500013990,2015-04-23,2015,avril,jeudi,17:30,13,13055,0,0,2,1,6,1,1,9,2,01,1,1,0,0,1,0,1,1,1,40,0,1,2,0,1,0,0,201500013990A01,,,,200054807
201500013993,2015-04-28,2015,avril,mardi,15:15,13,13055,43.31294,5.40196,2,1,3,1,1,4,2,02,1,1,0,0,1,0,1,1,1,19,0,3,9,0,2,0,0,201500013993A01,33,14,1,200054807
201500014037,2015-02-03,2015,février,mardi,13:06,13,13055,43.28436,5.38458,2,1,6,1,2,4,2,06,1,1,0,150,2,0,1,4,1,53,9,1,9,0,2,2,12,201500014037A01,37,7,1,200054807
201500014103,2015-05-08,2015,mai,vendredi,20:15,13,13055,43.29321,5.37063,2,1,1,5,1,4,2,00,1,-1,0,30,1,0,0,3,2,34,0,1,2,0,0,0,0,201500014103A01,7,1,1,200054807
201500014130,2015-05-11,2015,mai,lundi,07:58,13,13055,43.34055,5.34863,2,1,2,1,1,3,3,04,1,1,0,102,1,0,1,3,1,60,5,1,2,0,2,4,2,201500014130B01,10,2,1,200054807
201500014137,2015-10-20,2015,octobre,mardi,13:30,13,13055,43.2998,5.38755,2,1,3,1,1,4,2,02,-1,-1,0,0,-1,0,1,4,1,83,5,3,9,0,2,1,17,201500014137B01,7,10,1,200054807
201500014192,2015-02-07,2015,février,samedi,12:40,13,13055,43.30769,5.46801,2,1,6,1,1,3,3,04,2,1,0,120,1,0,1,4,1,45,5,1,9,0,2,1,1,201500014192B01,7,16,1,200054807
201500014215,2015-05-20,2015,mai,mercredi,09:15,13,13055,43.26675,5.40286,2,5,1,1,1,4,1,02,1,1,0,0,1,0,1,4,2,27,4,3,9,0,2,0,0,201500014215B01,10,1,1,200054807
201500014265,2015-05-25,2015,mai,lundi,15:15,13,13055,43.25684,5.37646,2,1,3,1,1,4,3,05,1,1,20,125,1,0,1,3,1,45,0,3,9,0,2,1,7,201500014265B01,7,16,1,200054807
201500014270,2015-02-18,2015,février,mercredi,10:10,13,13055,0,0,2,1,2,1,1,3,2,02,2,1,0,60,1,0,1,4,1,69,5,1,9,0,2,4,1,201500014270B01,7,1,1,200054807
201500014279,2015-05-27,2015,mai,mercredi,11:25,13,13055,43.29972,5.37595,2,1,2,1,1,4,1,02,2,1,0,0,1,0,0,3,1,38,4,1,2,0,2,5,19,201500014279B01,7,4,1,200054807
201500014291,2015-02-26,2015,février,jeudi,17:15,13,13055,43.28161,5.38581,2,1,6,1,1,4,2,06,1,1,0,162,1,0,1,4,1,77,9,1,9,0,2,4,1,201500014291B01,2,1,1,200054807
201500014347,2015-05-31,2015,mai,dimanche,15:20,13,13055,43.30985,5.3795,2,1,3,1,1,4,2,02,1,-1,0,120,1,0,0,4,1,56,5,2,2,0,2,1,1,201500014347A01,7,15,1,200054807
201500014407,2015-06-07,2015,juin,dimanche,09:40,13,13075,43.33825,5.4556,1,1,3,1,1,4,3,02,-1,3,0,30,1,0,1,1,1,31,0,1,2,0,2,6,0,201500014407B01,7,13,1,200054807
201500014415,2015-03-21,2015,mars,samedi,00:40,13,13055,43.28575,5.3736,1,1,1,5,1,4,1,01,2,1,0,0,1,0,1,4,1,34,5,1,2,0,2,2,1,201500014415A01,7,24,1,200054807
201500014422,2015-06-08,2015,juin,lundi,12:15,13,13055,43.29067,5.37567,2,1,3,1,1,4,2,02,1,1,0,60,1,0,1,4,2,53,1,1,9,1,0,1,1,201500014422B01,7,22,1,200054807
201500014464,2015-06-09,2015,juin,mardi,20:55,13,13055,43.28774,5.38266,2,2,1,2,1,4,1,01,1,1,0,0,1,0,1,3,1,16,0,1,2,0,0,1,15,201500014464B01,1,1,1,200054807
201500014464,2015-06-09,2015,juin,mardi,20:55,13,13055,43.28774,5.38266,2,2,1,2,1,4,1,01,1,1,0,0,1,0,1,3,1,35,0,2,2,0,0,1,1,201500014464A01,1,15,1,200054807
201500014524,2015-05-30,2015,mai,samedi,16:30,13,13055,43.28954,5.35757,2,1,3,1,1,4,-1,01,1,-1,0,0,1,0,1,4,1,54,0,1,2,0,2,1,2,201500014524A01,7,11,1,200054807
201500014524,2015-05-30,2015,mai,samedi,16:30,13,13055,43.28954,5.35757,2,1,3,1,1,4,-1,01,1,-1,0,0,1,0,1,4,1,17,0,2,2,0,2,1,2,201500014524A01,7,11,1,200054807
201500014533,2015-06-19,2015,juin,vendredi,16:00,13,13055,0,0,2,1,2,1,1,4,2,02,2,1,0,0,1,0,5,4,1,17,5,1,2,1,0,1,2,201500014533B01,7,23,1,200054807
201500014577,2015-06-22,2015,juin,lundi,17:40,13,13055,43.33408,5.36138,2,1,2,1,1,4,1,01,1,1,0,0,1,0,1,4,1,17,5,3,9,0,9,4,2,201500014577A01,2,2,1,200054807
201500014769,2015-07-17,2015,juillet,vendredi,00:30,13,13055,43.33104,5.43177,2,1,1,5,1,3,2,02,1,1,0,23,1,0,1,3,1,18,9,3,2,0,0,0,0,201500014769B01,7,5,1,200054807
201500014771,2015-07-17,2015,juillet,vendredi,08:45,13,13055,43.30316,5.374,2,1,5,1,1,4,2,03,1,1,0,0,1,0,1,1,1,54,5,3,9,0,2,4,2,201500014771B01,30 / 7,2,2,200054807
201500014888,2015-08-05,2015,août,mercredi,05:45,13,13055,43.28568,5.42509,2,6,6,2,1,4,2,02,1,3,0,50,1,0,1,4,2,54,1,3,2,0,2,4,1,201500014888B01,7,9,1,200054807
201500014926,2015-08-11,2015,août,mardi,11:25,13,13106,43.40973,5.3689,2,1,7,1,1,3,2,02,1,1,0,80,1,0,1,3,1,62,5,2,9,0,0,0,0,201500014926A01,,,,200054807
201500015040,2015-09-03,2015,septembre,jeudi,18:05,13,13055,43.29195,5.39358,2,1,3,1,1,4,-1,02,1,1,0,0,1,0,1,4,1,22,0,1,2,0,2,7,1,201500015040B01,7,13,1,200054807
201500015065,2015-08-19,2015,août,mercredi,20:00,13,13055,43.24632,5.43268,1,1,4,2,1,3,3,02,1,1,0,100,1,0,0,4,1,50,5,3,9,0,2,4,1,201500015065B01,10,1,1,200054807
201500015065,2015-08-19,2015,août,mercredi,20:00,13,13055,43.24632,5.43268,1,1,4,2,1,3,3,02,1,1,0,100,1,0,0,4,1,46,5,3,9,0,2,0,1,201500015065C01,10,1,1,200054807
201500015074,2015-09-10,2015,septembre,jeudi,10:50,13,13002,43.3632,5.49563,1,1,2,1,1,3,2,02,4,1,0,70,1,0,5,3,1,61,5,3,2,0,2,4,1,201500015074B01,7,14,1,200054807
201500015083,2015-09-11,2015,septembre,vendredi,19:15,13,13055,43.21969,5.34536,2,1,7,1,1,4,2,02,2,1,0,60,1,0,1,3,1,44,5,3,2,16,0,0,1,201500015083A01,7,0,1,200054807
201500015087,2015-09-03,2015,septembre,jeudi,14:30,13,13055,43.315,5.403,2,1,2,1,1,4,2,02,2,1,0,90,1,0,1,4,1,31,5,3,9,0,2,4,0,201500015087B01,32,0,1,200054807
201500015183,2015-08-27,2015,août,jeudi,11:45,13,13055,43.28668,5.35164,2,1,6,1,1,4,2,02,1,1,0,60,1,0,1,4,1,56,0,2,9,0,2,1,2,201500015183B01,7,2,1,200054807
201500015228,2015-10-01,2015,octobre,jeudi,09:20,13,13055,43.27077,5.40051,2,1,3,1,1,4,2,01,1,1,0,0,1,0,1,4,2,49,9,1,2,0,2,0,0,201500015228B01,10,0,1,200054807
201500015235,2015-10-02,2015,octobre,vendredi,07:55,13,13055,43.29531,5.44542,2,6,3,1,2,4,3,02,-1,-1,0,0,-1,0,0,4,1,50,1,1,2,0,2,7,2,201500015235B01,7,9,1,200054807
201500015343,2015-10-16,2015,octobre,vendredi,13:15,13,13055,43.2987,5.40029,2,1,1,1,1,4,1,01,1,1,0,0,1,0,1,4,1,22,5,1,2,0,2,1,5,201500015343A01,7,1,1,200054807
201500015404,2015-10-29,2015,octobre,jeudi,00:20,13,13055,43.26698,5.37591,2,1,7,5,1,4,2,02,2,1,0,60,1,0,1,3,1,30,5,3,2,0,0,0,1,201500015404A01,,,,200054807
201500015466,2015-11-06,2015,novembre,vendredi,20:00,13,13055,43.25428,5.38173,2,6,3,5,1,4,3,02,1,1,20,120,1,0,0,4,1,33,1,2,2,0,2,7,1,201500015466B01,7,9,1,200054807
201500015530,2015-11-18,2015,novembre,mercredi,19:15,13,13055,43.26827,5.39367,2,3,3,5,1,3,2,06,1,1,0,150,1,0,1,4,1,50,1,3,4,0,2,0,0,201500015530B01,7,0,1,200054807
201500015677,2015-12-10,2015,décembre,jeudi,14:10,13,13055,43.24605,5.39443,2,1,3,1,1,4,1,00,-1,3,0,0,1,0,1,4,1,68,0,1,2,0,2,0,0,201500015677B01,7,0,1,200054807
201500015849,2015-11-06,2015,novembre,vendredi,09:50,13,13026,0,0,1,1,2,1,1,4,2,02,-1,-1,0,0,-1,0,0,4,1,63,0,3,9,0,2,4,2,201500015849B01,7,2,1,200054807
201500015863,2015-06-14,2015,juin,dimanche,12:50,13,13039,43.46502,4.94106,2,6,3,1,1,4,1,02,1,1,0,30,1,0,0,3,1,52,5,1,2,0,2,7,19,201500015863A01,7,0,1,200054807
201500015909,2015-04-08,2015,avril,mercredi,18:10,30,30032,0,0,1,1,3,1,1,4,-1,00,-1,-1,0,0,-1,0,0,3,2,53,5,1,2,0,0,0,0,201500015909B01,7,0,1,243000585
201500015911,2015-03-30,2015,mars,lundi,16:50,30,30032,43.80711,4.60993,1,1,3,1,1,3,-1,00,-1,-1,0,0,-1,0,0,4,2,38,1,1,2,0,0,0,0,201500015911B01,1,0,1,243000585
201500015911,2015-03-30,2015,mars,lundi,16:50,30,30032,43.80711,4.60993,1,1,3,1,1,3,-1,00,-1,-1,0,0,-1,0,0,4,1,20,5,1,2,0,0,0,0,201500015911A01,1,0,1,243000585
201500015951,2015-06-02,2015,juin,mardi,08:00,30,30032,43.81295,4.62754,1,1,6,1,1,4,2,01,-1,2,0,55,-1,0,1,4,1,14,2,2,2,0,0,0,0,201500015951B01,7,0,1,243000585
201500015952,2015-03-12,2015,mars,jeudi,19:15,13,13108,43.76738,4.69376,1,1,6,2,1,3,2,02,1,1,0,100,1,0,1,4,1,55,5,3,9,0,2,1,1,201500015952B01,7,16,1,241300417
201500015960,2015-06-12,2015,juin,vendredi,09:30,30,30032,43.80785,4.627,1,2,3,1,1,4,2,02,1,1,0,60,2,0,5,4,1,73,0,1,2,0,0,0,0,201500015960B01,7,0,1,243000585
201500015967,2015-06-23,2015,juin,mardi,10:45,30,30032,43.8059,4.64263,1,1,3,1,1,3,1,01,1,1,0,60,1,0,1,4,1,28,0,1,2,0,2,1,0,201500015967B01,7,0,1,243000585
201500015969,2015-06-25,2015,juin,jeudi,08:50,13,13108,43.79505,4.69603,1,6,3,1,1,3,1,02,1,-1,0,85,1,5,1,4,1,47,0,1,2,0,2,1,0,201500015969B01,7,0,1,241300417
201500015988,2015-08-16,2015,août,dimanche,13:06,30,30032,43.7925,4.63039,2,6,3,1,1,2,3,02,-1,-1,0,0,-1,0,1,4,1,46,5,2,2,0,0,0,0,201500015988B01,7,0,1,243000585
201500015997,2015-09-04,2015,septembre,vendredi,17:00,30,30032,43.79766,4.61924,1,2,3,1,1,4,2,02,1,1,0,0,1,0,1,2,1,17,2,2,2,0,0,0,0,201500015997A01,7,1,1,243000585
201500016000,2015-09-10,2015,septembre,jeudi,08:45,30,30032,43.80951,4.63812,1,1,3,1,1,4,2,02,1,1,0,0,1,0,1,4,1,10,2,2,2,0,2,8,1,201500016000B01,7,1,1,243000585
201500016004,2015-10-01,2015,octobre,jeudi,09:45,30,30032,43.81146,4.63345,2,1,2,1,1,4,2,02,-1,-1,0,0,-1,0,1,4,1,65,0,3,2,0,0,0,0,201500016004B01,7,0,1,243000585
201500016023,2015-03-23,2015,mars,lundi,17:40,13,13117,43.42771,5.25678,2,3,7,1,1,3,-1,03,2,1,0,45,1,0,0,4,1,47,9,1,2,8,0,2,0,201500016023A01,,,,200054807
201500016044,2015-02-02,2015,février,lundi,16:30,13,13071,0,0,1,1,2,1,1,2,1,02,2,1,0,0,1,3,1,4,1,17,0,2,2,0,2,5,14,201500016044A01,7,1,1,200054807
201500016058,2015-04-18,2015,avril,samedi,10:00,13,13019,43.4524,5.3588,1,3,3,1,1,3,-1,02,2,3,25,110,1,0,0,4,1,47,5,3,9,0,2,1,1,201500016058B01,7,15,1,200054807
201500016062,2015-04-22,2015,avril,mercredi,11:00,13,13117,43.4226,5.28144,2,2,3,1,1,4,2,01,1,1,0,50,1,0,4,4,2,9,0,2,2,0,0,0,0,201500016062B01,7,1,1,200054807
201500016157,2015-08-20,2015,août,jeudi,10:00,13,13117,43.42255,5.27146,2,3,3,1,1,4,2,02,2,1,0,60,-1,0,1,4,1,52,5,2,2,0,0,0,0,201500016157B01,7,0,1,200054807
201500016229,2015-11-15,2015,novembre,dimanche,11:35,13,13019,43.47846,5.35608,1,6,3,1,1,3,-1,01,2,1,100,55,1,3,1,4,1,56,0,1,2,0,2,0,1,201500016229B01,7,16,1,200054807
201500016239,2015-12-01,2015,décembre,mardi,12:35,13,13117,43.42711,5.27131,2,6,1,1,1,3,1,01,1,1,70,70,1,0,0,4,1,53,0,3,9,0,0,0,0,201500016239B01,7,14,1,200054807
201500016302,2015-07-10,2015,juillet,vendredi,17:30,72,72146,47.883,0.132,2,1,3,1,1,4,3,01,1,1,0,0,1,0,1,2,1,71,5,2,2,0,2,1,1,201500016302B02,14,1,1,247200629
201500016314,2015-04-15,2015,avril,mercredi,08:00,72,72320,48.065,0.157,2,6,1,1,1,4,2,00,2,-1,0,0,1,5,1,3,1,57,1,1,2,0,2,7,13,201500016314B02,7,16,1,247200132
201500016351,2015-06-08,2015,juin,lundi,04:15,68,68375,47.80074,7.27708,2,1,1,2,1,4,2,02,1,3,0,70,1,0,1,3,1,34,5,2,2,0,2,8,1,201500016351B02,7,1,1,200066009
201500016366,2015-07-24,2015,juillet,vendredi,09:30,67,67083,0,0,1,1,1,1,1,3,2,02,1,1,0,57,1,0,1,2,1,55,5,1,2,0,0,3,1,201500016366B02,7,13,1,246701098
201500016378,2015-03-25,2015,mars,mercredi,13:30,14,14118,49.1842,-0.38495,2,3,1,1,7,4,2,02,1,1,0,70,1,0,1,4,1,50,1,2,2,0,2,1,23,201500016378B01,7,15,1,200065597
201500016395,2015-05-12,2015,mai,mardi,19:30,14,14587,49.1998,-0.41312,1,6,3,1,7,3,2,02,1,-1,0,60,1,0,1,3,2,22,5,2,2,0,2,1,1,201500016395B01,7,9,1,200065597
201500016402,2015-05-23,2015,mai,samedi,10:40,14,14118,49.178,-0.38052,2,1,6,1,1,4,2,01,2,1,0,0,1,0,4,1,1,33,5,3,9,0,1,1,1,201500016402A01,,,,200065597
201500016405,2015-06-02,2015,juin,mardi,17:00,14,14167,49.2037,-0.2969,2,1,6,1,1,4,2,02,1,1,0,70,1,0,4,1,1,16,9,3,2,0,1,1,1,201500016405A01,,,,200065597
201500016410,2015-07-03,2015,juillet,vendredi,22:00,14,14167,49.1898,-0.31243,1,1,2,2,1,4,2,02,1,1,0,70,1,0,1,3,1,41,5,2,9,0,2,4,1,201500016410A01,7,1,1,200065597
201500016431,2015-07-17,2015,juillet,vendredi,11:10,14,14118,49.1968,-0.39677,2,2,3,1,1,3,3,04,1,1,0,0,1,0,1,3,1,64,5,2,2,0,2,7,1,201500016431B01,10,19,1,200065597
201500016442,2015-10-26,2015,octobre,lundi,13:56,14,14437,49.1643,-0.30632,2,1,2,1,1,3,2,04,1,1,0,120,1,2,1,3,2,41,1,1,2,0,2,4,12,201500016442B01,10,1,1,200065597
201500016487,2015-06-04,2015,juin,jeudi,19:30,88,88118,48.40363,5.68538,2,3,1,1,1,3,2,00,1,1,0,60,1,0,1,3,2,12,5,2,2,0,2,3,15,201500016487B02,3,1,1,200068559
201500016489,2015-07-19,2015,juillet,dimanche,11:00,08,08328,49.8161,4.74325,2,3,3,1,1,3,2,03,2,1,,90,1,5,1,3,1,39,5,3,2,0,2,8,16,201500016489A01,21,1,1,200041630
201500016546,2015-05-12,2015,mai,mardi,15:45,14,14333,49.4006,0.24072,2,1,3,1,1,4,2,02,1,2,0,84,1,0,1,3,1,12,2,2,2,0,2,3,19,201500016546A01,33,1,1,200066827
201500016600,2015-10-03,2015,octobre,samedi,17:30,37,37156,0,0,2,1,7,1,1,4,2,02,1,1,,,1,0,1,1,2,39,5,2,2,0,2,2,19,201500016600B02,33,1,1,200073161
201500016626,2015-05-28,2015,mai,jeudi,16:25,14,14366,49.1436,0.24773,2,1,6,1,1,4,2,02,2,1,0,0,9,0,1,4,1,13,2,3,4,12,0,1,1,201500016626A01,,,,200069532
201500016663,2015-09-18,2015,septembre,vendredi,08:00,37,37011,0,0,2,6,3,1,1,4,2,02,1,1,0,60,1,0,1,3,2,53,1,2,2,0,2,7,1,201500016663A02,7,9,1,200043081
201500016692,2015-08-07,2015,août,vendredi,09:00,87,87138,45.7122,1.47786,1,1,3,1,1,3,2,02,2,3,0,63,1,0,1,3,1,64,5,1,2,0,2,1,1,201500016692B02,7,15,1,248719361
201500016706,2015-07-08,2015,juillet,mercredi,18:45,23,23102,46.24372,2.04461,1,3,3,1,1,3,2,00,1,1,0,70,1,0,1,3,1,56,5,1,2,0,2,1,15,201500016706B02,7,21,1,200067544
201500016722,2015-12-23,2015,décembre,mercredi,11:30,27,27457,48.76883,0.96037,1,4,3,1,1,3,2,02,1,1,0,570,1,0,1,2,1,89,5,1,2,0,2,8,15,201500016722A01,7,17,1,200066462
201500016828,2015-06-06,2015,juin,samedi,15:30,21,21062,47.2744,4.51625,1,2,1,1,7,3,2,02,-1,1,0,40,1,0,1,3,2,63,5,1,2,0,2,8,19,201500016828B02,7,1,1,200071207
201500016833,2015-04-22,2015,avril,mercredi,20:30,21,21154,0,0,2,1,6,2,1,9,1,01,2,2,0,50,1,0,1,1,1,16,5,3,1,0,1,1,1,201500016833A01,,,,242101434
201500016837,2015-07-26,2015,juillet,dimanche,12:00,21,21584,0,0,1,1,3,1,1,3,2,02,-1,1,0,0,1,0,1,3,1,48,5,1,2,0,2,1,1,201500016837B02,7,1,1,242101442
201500016864,2015-07-21,2015,juillet,mardi,12:15,07,07050,0,0,1,1,1,1,1,3,2,02,2,2,0,30,1,2,1,3,1,66,5,2,2,0,2,0,0,201500016864B02,7,5,1,200039832
201500016874,2015-02-16,2015,février,lundi,10:00,07,07079,44.983,4.533,1,3,1,1,1,3,2,02,1,1,0,76,2,0,1,2,1,63,5,1,2,0,0,1,15,201500016874B02,7,1,1,200016905
201500016881,2015-04-12,2015,avril,dimanche,18:15,16,16263,45.52019,0.09478,2,3,3,1,7,4,2,02,1,1,0,41,1,0,1,3,2,12,0,2,2,0,2,1,1,201500016881B02,10,1,1,200071827
201500016884,2015-11-04,2015,novembre,mercredi,16:00,16,16143,45.53475,0.17771,1,1,6,1,7,3,2,02,3,1,0,70,1,0,1,2,1,57,5,1,4,0,2,4,1,201500016884B02,7,2,1,200070282
201500016930,2015-06-19,2015,juin,vendredi,17:45,36,36207,46.4132,1.6286,1,1,7,1,1,4,2,02,2,1,0,30,1,0,1,3,1,53,5,1,2,0,2,0,17,201500016930B02,21,1,1,200007052
201500016958,2015-04-24,2015,avril,vendredi,20:30,10,10345,48.419,4.521,1,1,2,1,1,3,2,02,1,1,0,66,1,0,1,3,1,16,5,2,9,0,2,4,2,201500016958B02,7,2,1,200040137
201500016985,2015-09-09,2015,septembre,mercredi,17:30,43,43061,45.0931,3.90637,1,1,6,1,1,3,2,02,1,3,0,80,1,0,1,3,1,68,5,1,2,7,0,1,1,201500016985A01,,,,200073419
201500016989,2015-10-26,2015,octobre,lundi,13:00,43,43021,45.1107,3.94128,1,3,3,1,1,3,2,02,1,1,0,46,1,0,1,3,1,44,5,1,2,0,2,1,1,201500016989A01,10,15,1,200073419
201500016993,2015-12-27,2015,décembre,dimanche,15:15,43,43187,45.1553,3.82448,1,1,2,1,1,3,2,02,1,1,0,65,1,0,1,3,1,39,5,1,2,0,2,4,1,201500016993B02,7,2,1,200073419
201500017021,2015-08-20,2015,août,jeudi,11:00,18,18197,46.731,2.495,2,1,3,1,1,3,2,02,1,1,0,86,1,0,5,3,1,56,3,1,9,0,2,1,1,201500017021B02,7,16,1,200036135
201500017032,2015-04-23,2015,avril,jeudi,12:45,18,18268,46.80274,2.45543,2,3,1,1,1,3,2,02,1,1,0,48,1,0,1,3,1,8,5,1,2,0,2,2,1,201500017032A01,7,1,1,200027076
201500017039,2015-07-31,2015,juillet,vendredi,09:30,18,18108,0,0,1,3,3,1,1,3,2,02,1,1,0,60,1,0,1,2,1,77,5,2,2,0,2,1,15,201500017039A01,10,1,1,200011781
201500017070,2015-04-14,2015,avril,mardi,10:00,73,73121,45.6264,6.32011,2,2,3,1,1,3,4,01,1,1,0,140,1,5,0,3,1,80,5,1,2,0,2,3,18,201500017070B02,15,16,1,200068997
201500017072,2015-01-10,2015,janvier,samedi,19:15,73,73248,45.27568,6.35577,2,6,3,5,1,3,2,02,1,2,0,65,1,5,1,3,1,28,1,2,2,0,2,1,2,201500017072B02,7,2,1,200070464
201500017095,2015-07-14,2015,juillet,mardi,18:45,64,64029,43.11871,-0.7333,2,1,3,1,1,3,2,02,2,1,0,0,1,0,1,3,1,26,5,1,2,0,2,1,17,201500017095B02,7,10,1,200067262
201500017099,2015-08-20,2015,août,jeudi,19:45,64,64393,43.31895,-0.58229,1,1,1,2,1,3,2,00,-1,1,0,64,1,0,1,3,1,45,5,1,2,0,0,1,1,201500017099B02,7,15,1,200039204
201500017110,2015-12-02,2015,décembre,mercredi,16:15,45,45193,47.75031,1.99369,1,1,5,2,7,3,2,02,1,1,0,63,1,0,1,3,1,66,5,1,2,0,2,4,1,201500017110C03,14,2,1,200005932
201500017110,2015-12-02,2015,décembre,mercredi,16:15,45,45193,47.75031,1.99369,1,1,5,2,7,3,2,02,1,1,0,63,1,0,1,3,1,76,5,1,2,0,2,4,1,201500017110B02,14,2,1,200005932
201500017131,2015-06-15,2015,juin,lundi,22:30,60,60029,49.365,1.99193,2,1,6,1,1,4,-1,00,-1,-1,0,0,1,0,0,4,1,14,0,1,2,0,2,3,1,201500017131A01,,,,200067999