Num_Acc,date,an,mois,jour,hrmn,dep,com,lat,long,agg,int,col,lum,atm,catr,circ,nbv,prof,plan,lartpc,larrout,surf,infra,situ,grav,sexe,age,trajet,secuexist,equipement,obs,obsm,choc,manv,vehiculeid,typevehicules,manoeuvehicules,numVehicules,_infos_commune.code_epci
201500027392,2015-03-14,2015,mars,samedi,08:45,49,49246,47.43369,-0.52962,2,6,3,1,1,4,2,02,1,1,0,60,1,0,1,4,1,51,5,1,2,0,2,4,1,201500027392B01,7,16,1,244900015
201500027396,2015-03-19,2015,mars,jeudi,16:38,49,49007,47.448,-0.5739,2,1,2,1,1,3,2,03,1,1,0,123,1,0,1,3,1,47,5,3,2,0,2,1,1,201500027396B01,13,24,1,244900015
201500027414,2015-03-30,2015,mars,lundi,07:40,49,49007,47.48172,-0.55356,2,4,6,4,1,4,2,02,1,1,0,57,1,0,1,4,2,21,2,3,2,0,2,0,1,201500027414B01,7,1,1,244900015
201500027415,2015-01-23,2015,janvier,vendredi,20:45,49,49007,47.46757,-0.55041,2,1,6,5,1,4,1,01,1,1,0,0,1,0,1,1,1,24,0,3,9,0,1,1,1,201500027415A01,,,,244900015
201500027416,2015-04-01,2015,avril,mercredi,08:05,49,49007,47.4628,-0.54054,2,1,6,2,1,4,2,02,1,1,0,70,1,0,1,1,1,38,0,3,2,0,1,1,1,201500027416A01,,,,244900015
201500027423,2015-01-26,2015,janvier,lundi,08:22,49,49007,47.47328,-0.59553,2,1,6,2,1,4,2,02,1,1,0,60,1,0,1,4,2,51,1,3,9,0,2,0,1,201500027423B01,7,1,1,244900015
201500027433,2015-01-29,2015,janvier,jeudi,08:17,49,49353,47.44766,-0.50949,2,6,2,2,2,4,-1,02,1,1,0,81,2,0,1,4,2,20,2,3,9,0,2,4,1,201500027433B01,7,1,1,244900015
201500027437,2015-01-30,2015,janvier,vendredi,09:49,49,49007,47.4628,-0.55383,2,6,3,1,1,4,2,03,1,1,0,60,2,0,1,4,1,32,9,1,4,0,0,0,1,201500027437B01,7,1,1,244900015
201500027438,2015-04-13,2015,avril,lundi,17:49,49,49015,47.508,-0.59078,2,1,6,1,1,4,3,02,1,1,0,90,1,0,1,4,2,19,5,3,2,8,0,1,1,201500027438A01,,,,244900015
201500027453,2015-02-09,2015,février,lundi,16:44,49,49246,47.41856,-0.52778,2,3,3,1,1,4,-1,02,1,1,0,50,1,0,1,3,1,74,5,1,4,0,0,1,1,201500027453B01,7,15,1,244900015
201500027460,2015-04-25,2015,avril,samedi,10:20,49,49007,47.47892,-0.54994,2,1,7,1,1,4,2,02,1,1,0,90,1,0,1,4,1,54,5,3,2,14,0,0,1,201500027460A01,,,,244900015
201500027461,2015-02-11,2015,février,mercredi,19:38,49,49007,47.47698,-0.55087,2,1,7,5,1,4,1,02,1,1,0,21,1,0,1,1,1,19,2,1,2,0,1,0,1,201500027461A01,,,,244900015
201500027465,2015-02-14,2015,février,samedi,13:30,49,49007,47.47587,-0.55263,2,2,3,1,1,4,2,06,1,1,0,143,1,0,1,4,1,22,5,1,4,0,0,5,1,201500027465B01,7,1,1,244900015
201500027473,2015-02-15,2015,février,dimanche,12:06,49,49007,47.46259,-0.55506,2,3,3,1,1,4,1,02,1,1,0,60,1,0,1,4,1,22,5,1,4,0,0,1,1,201500027473B01,7,1,1,244900015
201500027480,2015-05-13,2015,mai,mercredi,16:51,49,49007,47.47414,-0.5368,2,1,3,1,1,4,2,04,1,1,0,89,1,0,0,4,1,59,9,1,4,0,0,1,1,201500027480B01,7,24,1,244900015
201500027483,2015-05-15,2015,mai,vendredi,09:59,49,49353,47.4493,-0.50183,2,3,2,1,1,4,2,02,1,1,0,68,1,0,1,4,1,66,5,1,2,0,2,1,1,201500027483A01,7,1,1,244900015
201500027484,2015-05-16,2015,mai,samedi,19:15,49,49007,47.466,-0.54721,2,1,3,1,1,4,1,01,1,1,0,43,1,0,1,4,1,23,5,3,2,0,2,1,1,201500027484B01,7,22,1,244900015
201500027489,2015-05-21,2015,mai,jeudi,15:56,49,49007,47.46397,-0.55408,2,1,2,1,1,4,1,02,1,1,0,60,1,0,1,4,1,23,5,3,2,0,2,1,1,201500027489A01,1,1,1,244900015
201500027489,2015-05-21,2015,mai,jeudi,15:56,49,49007,47.46397,-0.55408,2,1,2,1,1,4,1,02,1,1,0,60,1,0,1,1,1,23,5,3,2,0,2,4,1,201500027489B01,1,1,1,244900015
201500027491,2015-05-22,2015,mai,vendredi,18:30,49,49007,47.4696,-0.5553,2,1,2,1,1,4,2,02,1,1,0,60,1,0,1,4,1,28,0,3,2,0,2,1,1,201500027491A01,7,1,1,244900015
201500027495,2015-05-27,2015,mai,mercredi,17:06,49,49007,47.46888,-0.53195,2,2,6,1,1,4,2,02,1,1,0,90,1,0,1,4,1,17,5,3,2,0,2,0,19,201500027495B01,7,1,1,244900015
201500027500,2015-05-29,2015,mai,vendredi,14:15,49,49007,47.47229,-0.59584,2,1,1,1,1,4,2,02,1,1,0,50,1,0,1,4,1,58,5,3,2,0,2,1,1,201500027500B01,7,0,1,244900015
201500027505,2015-06-04,2015,juin,jeudi,11:23,49,49353,47.44619,-0.49723,2,3,3,1,1,4,2,02,1,1,0,80,1,0,1,3,2,44,5,3,9,0,2,7,19,201500027505A01,7,1,1,244900015
201500027515,2015-06-09,2015,juin,mardi,12:33,49,49007,47.47716,-0.55339,2,1,3,1,1,4,1,01,1,1,0,47,1,0,1,4,1,21,5,3,2,0,2,1,1,201500027515B01,7,16,1,244900015
201500027517,2015-06-09,2015,juin,mardi,16:44,49,49267,47.47002,-0.49098,2,6,6,1,1,4,2,02,1,1,0,70,1,0,1,3,1,40,1,3,2,0,0,0,0,201500027517B01,7,1,1,244900015
201500027523,2015-06-15,2015,juin,lundi,12:34,49,49007,47.46793,-0.59014,2,3,3,1,1,4,-1,01,1,1,0,39,2,0,1,4,1,37,5,3,2,0,0,0,0,201500027523B01,7,15,1,244900015
201500027531,2015-06-19,2015,juin,vendredi,09:56,49,49267,47.46938,-0.5099,2,3,1,1,1,4,2,02,1,1,0,70,1,0,1,4,1,73,0,3,9,0,2,0,1,201500027531B01,7,15,1,244900015
201500027542,2015-07-01,2015,juillet,mercredi,09:59,49,49007,47.47398,-0.55446,2,2,3,1,1,4,2,02,1,1,0,47,1,0,1,4,1,34,1,1,4,0,0,0,0,201500027542B01,7,0,1,244900015
201500027546,2015-07-07,2015,juillet,mardi,10:15,49,49007,47.47232,-0.54609,2,4,3,1,1,4,1,02,1,1,0,70,1,0,1,4,1,54,5,3,2,0,2,1,1,201500027546B01,7,16,1,244900015
201500027547,2015-07-09,2015,juillet,jeudi,19:32,49,49353,47.45573,-0.52423,2,1,3,1,1,4,2,02,1,1,0,70,1,0,1,4,1,42,5,3,2,0,2,0,16,201500027547B01,33,1,1,244900015
201500027559,2015-07-26,2015,juillet,dimanche,10:43,49,49007,47.45789,-0.51476,2,6,6,1,2,4,-1,02,1,1,0,75,2,0,0,4,1,56,5,3,2,0,2,0,1,201500027559B01,7,1,1,244900015
201500027574,2015-08-18,2015,août,mardi,18:49,49,49007,47.46649,-0.55306,2,3,3,1,1,4,1,02,1,1,0,60,1,0,1,4,1,9,9,1,4,0,0,1,19,201500027574B01,7,1,1,244900015
201500027585,2015-08-31,2015,août,lundi,18:41,49,49007,47.46862,-0.52277,1,1,5,1,1,4,2,02,1,1,0,60,1,0,1,4,1,48,5,3,2,0,2,6,1,201500027585C01,7,15 / 1,2,244900015
201500027592,2015-09-06,2015,septembre,dimanche,18:02,49,49007,47.47454,-0.54675,2,3,7,1,1,4,3,02,1,1,0,93,1,0,1,4,1,48,5,1,2,0,0,0,1,201500027592A01,,,,244900015
201500027598,2015-09-15,2015,septembre,mardi,12:31,49,49007,47.44882,-0.55249,2,2,6,1,1,4,2,02,1,1,0,66,1,0,1,4,1,35,1,3,2,0,2,0,1,201500027598B01,7,15,1,244900015
201500027599,2015-09-15,2015,septembre,mardi,13:00,49,49007,47.47285,-0.59979,2,1,1,1,1,4,2,02,1,1,0,140,1,0,1,4,1,18,5,3,2,0,2,4,11,201500027599A01,7,1,1,244900015
201500027603,2015-09-17,2015,septembre,jeudi,17:17,49,49007,47.47114,-0.56495,2,1,6,1,1,4,-1,02,1,1,0,70,2,0,0,4,1,18,5,3,2,0,1,0,18,201500027603A01,,,,244900015
201500027603,2015-09-17,2015,septembre,jeudi,17:17,49,49007,47.47114,-0.56495,2,1,6,1,1,4,-1,02,1,1,0,70,2,0,0,4,1,21,5,3,8,0,1,0,18,201500027603A01,,,,244900015
201500027605,2015-09-18,2015,septembre,vendredi,10:04,49,49007,47.46778,-0.55909,2,2,6,1,2,4,2,02,1,1,0,70,2,0,1,4,2,22,1,3,9,0,2,2,1,201500027605B01,7,15,1,244900015
201500027609,2015-09-24,2015,septembre,jeudi,07:53,49,49246,47.43246,-0.53339,2,1,1,2,1,4,1,02,1,1,0,50,2,0,1,4,2,53,5,3,2,0,2,4,1,201500027609B01,7,1,1,244900015
201500027611,2015-09-25,2015,septembre,vendredi,15:45,49,49007,47.46861,-0.53927,2,1,2,1,1,4,2,02,1,1,0,80,1,0,1,3,1,70,5,1,2,0,2,0,1,201500027611B01,7,20,1,244900015
201500027614,2015-09-29,2015,septembre,mardi,23:50,49,49007,47.46638,-0.54768,2,2,3,5,1,4,1,01,1,1,0,50,1,0,1,3,1,20,5,3,2,0,2,8,1,201500027614A01,7,1,1,244900015
201500027615,2015-09-28,2015,septembre,lundi,11:41,49,49246,47.4385,-0.50851,2,6,6,1,1,4,2,02,1,1,0,70,1,0,1,4,1,17,5,3,2,0,2,7,1,201500027615B01,7,1,1,244900015
201500027620,2015-10-02,2015,octobre,vendredi,15:40,49,49007,47.46813,-0.54687,2,1,3,1,1,4,1,01,1,3,0,27,1,0,1,4,1,65,5,3,2,0,2,7,1,201500027620B01,7,22,1,244900015
201500027622,2015-10-06,2015,octobre,mardi,07:34,49,49007,47.48911,-0.57485,2,1,6,5,2,4,2,02,1,1,0,90,1,0,1,4,1,29,1,1,2,0,2,0,1,201500027622B01,7,10,1,244900015
201500027625,2015-10-12,2015,octobre,lundi,12:26,49,49007,47.4722,-0.54087,2,1,3,1,1,4,3,02,1,1,0,61,1,0,1,4,1,66,5,3,2,0,2,0,1,201500027625B01,7,13,1,244900015
201500027632,2015-10-17,2015,octobre,samedi,09:53,49,49007,47.47156,-0.52279,2,1,6,1,1,4,2,02,1,1,0,60,1,0,1,4,1,38,5,3,2,0,2,1,1,201500027632B01,7,10,1,244900015
201500027637,2015-10-22,2015,octobre,jeudi,19:45,49,49007,47.45983,-0.54236,2,3,5,5,1,4,,,1,1,,,1,0,1,4,1,20,0,1,9,0,2,1,0,201500027637B01,7,13 / 24,2,244900015
201500027646,2015-11-03,2015,novembre,mardi,09:15,49,49007,47.47453,-0.54682,2,2,3,1,1,4,3,04,1,1,0,184,2,0,1,4,1,16,2,3,2,0,2,0,1,201500027646B01,7,16,1,244900015
201500027657,2015-11-09,2015,novembre,lundi,14:50,49,49007,47.48743,-0.57354,2,2,2,1,1,4,3,02,1,1,0,120,1,0,1,3,1,82,5,1,4,0,0,8,1,201500027657B01,7,16,1,244900015
201500027659,2015-11-16,2015,novembre,lundi,11:30,49,49007,47.47047,-0.56342,2,2,3,1,1,4,-1,02,1,1,0,60,1,0,1,4,1,73,5,1,2,0,2,3,1,201500027659B01,7,15,1,244900015
201500027661,2015-11-14,2015,novembre,samedi,11:20,49,49007,47.47358,-0.58122,2,2,3,1,1,4,2,02,1,1,0,60,1,0,1,4,1,17,0,3,2,0,0,0,0,201500027661B01,7,16,1,244900015
201500027670,2015-11-18,2015,novembre,mercredi,15:40,49,49007,47.4674,-0.55577,2,3,3,1,2,4,3,03,1,1,0,80,2,0,1,3,1,43,5,3,2,0,2,1,1,201500027670A01,7,16,1,244900015
201500027672,2015-11-20,2015,novembre,vendredi,09:00,49,49007,47.4581,-0.54456,2,6,3,1,3,4,1,00,1,2,0,0,2,0,1,1,2,21,0,3,2,0,2,8,0,201500027672B01,7,0,1,244900015
201500027682,2015-11-26,2015,novembre,jeudi,15:45,49,49007,47.4752,-0.54852,2,3,3,1,1,4,3,03,1,1,0,120,1,0,1,4,1,16,5,2,2,0,2,8,1,201500027682B01,7,16,1,244900015
201500027691,2015-12-02,2015,décembre,mercredi,11:15,49,49007,47.47458,-0.58511,2,2,3,1,1,4,2,02,1,1,0,132,1,0,1,4,2,23,2,3,2,0,2,8,1,201500027691B01,7,16,1,244900015
201500027696,2015-12-06,2015,décembre,dimanche,12:30,49,49007,47.47083,-0.55298,2,1,7,1,1,9,-1,01,1,1,0,0,1,0,1,3,2,57,0,1,2,0,0,0,0,201500027696A01,,,,244900015
201500027724,2015-11-07,2015,novembre,samedi,13:44,49,49099,47.06078,-0.86535,2,2,3,1,1,4,2,02,1,1,0,0,1,6,1,4,1,58,5,2,9,0,2,1,18,201500027724B01,7,16,1,200071678
201500027767,2015-06-24,2015,juin,mercredi,18:40,49,49099,47.0683,-0.90509,2,6,3,1,1,3,1,01,-1,-1,0,0,-1,0,1,3,1,45,1,2,2,0,2,7,2,201500027767B01,7,9,1,200071678
201500027768,2015-06-24,2015,juin,mercredi,18:40,49,49099,47.0561,-0.86085,2,1,2,1,1,4,1,02,2,1,0,0,1,0,1,4,1,22,0,2,2,0,2,0,0,201500027768B01,7,1,1,200071678
201500027775,2015-09-30,2015,septembre,mercredi,09:20,49,49099,47.0764,-0.84873,1,1,6,1,1,4,2,02,-1,-1,0,0,1,0,1,4,1,77,5,1,2,0,9,1,2,201500027775A01,,,,200071678
201500027793,2015-06-09,2015,juin,mardi,12:40,49,49328,47.26795,-0.06893,2,1,6,1,1,4,2,02,1,1,0,0,1,0,1,4,2,60,1,3,2,1,0,1,1,201500027793B01,7,24,1,200071876
201500027827,2015-03-01,2015,mars,dimanche,16:55,50,50602,49.6443,-1.58157,2,2,1,1,1,4,2,02,1,1,0,0,2,0,1,3,1,56,5,2,2,0,2,1,1,201500027827B01,7,15,1,
201500027846,2015-03-30,2015,mars,lundi,09:00,50,50129,49.6455,-1.63734,2,1,1,1,1,9,-1,00,1,1,0,0,1,0,5,1,1,33,0,3,2,0,2,0,1,201500027846A01,1,21,1,200067205
201500027846,2015-03-30,2015,mars,lundi,09:00,50,50129,49.6455,-1.63734,2,1,1,1,1,9,-1,00,1,1,0,0,1,0,5,4,1,36,1,3,2,16,0,7,21,201500027846B01,1,1,1,200067205
201500027851,2015-04-08,2015,avril,mercredi,18:05,50,50602,49.6375,-1.56866,2,2,3,1,1,4,2,02,2,1,0,70,1,0,1,4,1,13,5,3,9,0,2,1,1,201500027851A01,7,1,1,
201500027883,2015-06-02,2015,juin,mardi,16:15,50,50129,49.6451,-1.63655,2,1,7,1,1,4,3,04,2,1,0,0,1,0,5,4,1,19,5,2,2,16,0,0,1,201500027883A01,,,,200067205
201500027892,2015-06-15,2015,juin,lundi,08:00,50,50602,49.6387,-1.56406,2,1,3,1,1,4,2,02,2,1,0,0,1,0,4,4,1,16,2,3,9,0,2,7,1,201500027892B01,7,4,1,
201500027904,2015-07-13,2015,juillet,lundi,07:20,50,50602,49.6435,-1.60258,2,1,7,1,2,4,2,02,1,1,0,0,2,4,1,4,2,22,1,2,2,0,0,8,1,201500027904A01,,,,
201500027909,2015-07-21,2015,juillet,mardi,18:30,50,50173,49.6485,-1.64933,2,1,7,1,1,4,2,02,1,1,0,0,1,0,4,1,1,16,5,2,2,0,1,3,1,201500027909A01,,,,
201500027919,2015-08-18,2015,août,mardi,17:00,50,50129,49.6291,-1.6411,2,2,3,1,1,3,2,03,3,1,10,120,1,0,1,4,2,65,5,2,2,0,2,7,15,201500027919A01,7,10,1,200067205
201500027920,2015-08-22,2015,août,samedi,20:00,50,50602,49.6434,-1.60275,2,1,6,1,2,4,2,02,1,1,0,0,2,4,1,4,2,35,5,1,2,14,0,1,1,201500027920A01,,,,
201500027924,2015-08-24,2015,août,lundi,07:30,50,50129,49.6403,-1.6284,2,1,1,2,2,4,1,01,1,1,0,0,2,0,1,4,1,35,1,1,2,1,0,1,1,201500027924B01,7,24,1,200067205
201500027940,2015-09-18,2015,septembre,vendredi,07:55,50,50129,49.6375,-1.63302,2,2,7,2,1,4,1,01,1,1,0,0,2,0,0,4,1,13,2,1,2,0,2,1,1,201500027940A01,7,16,1,200067205
201500027943,2015-09-23,2015,septembre,mercredi,15:30,50,50129,49.6387,-1.62813,2,4,6,1,1,4,1,01,1,1,0,0,1,0,1,3,2,49,5,3,9,1,0,1,1,201500027943B01,7,22,1,200067205
201500027946,2015-09-29,2015,septembre,mardi,13:00,50,50129,49.6405,-1.62839,2,3,2,1,1,4,1,01,1,1,0,0,1,0,1,4,1,14,2,3,4,0,2,4,15,201500027946B01,7,2,1,200067205
201500027950,2015-10-11,2015,octobre,dimanche,18:10,50,50602,49.6386,-1.59105,2,1,1,1,1,9,2,02,-1,-1,0,0,-1,0,1,4,2,15,5,2,2,0,2,0,24,201500027950B01,30,1,1,
201500027950,2015-10-11,2015,octobre,dimanche,18:10,50,50602,49.6386,-1.59105,2,1,1,1,1,9,2,02,-1,-1,0,0,-1,0,1,4,2,15,5,2,2,0,2,0,24,201500027950B01,30,1,1,
201500027955,2015-10-19,2015,octobre,lundi,13:05,50,50602,49.6419,-1.57363,2,2,3,1,1,4,2,02,1,1,0,0,1,5,1,4,1,59,5,1,2,16,0,0,1,201500027955B01,7,0,1,
201500027988,2015-11-29,2015,novembre,dimanche,00:10,50,50129,49.6339,-1.60639,2,1,7,5,6,3,3,04,1,1,0,0,2,0,4,4,1,55,5,2,2,15,0,3,1,201500027988A01,,,,200067205
201500027991,2015-12-14,2015,décembre,lundi,12:30,50,50173,49.6475,-1.65485,2,2,3,1,1,4,2,02,1,1,0,0,1,5,1,4,1,15,5,2,2,0,2,1,15,201500027991A01,7,2,1,
201500027999,2015-12-22,2015,décembre,mardi,17:25,50,50129,49.6297,-1.62332,2,2,7,2,2,4,2,02,2,1,0,0,2,5,4,3,1,22,5,3,9,12,0,1,14,201500027999A01,,,,200067205
201500028015,2015-02-05,2015,février,jeudi,14:05,50,50129,49.6456,-1.63886,2,3,3,1,1,3,3,05,1,3,0,0,1,1,1,4,2,61,1,3,9,0,2,8,15,201500028015B01,7,1,1,200067205
201500028021,2015-05-29,2015,mai,vendredi,10:30,50,50147,49.0621,-1.42699,2,6,3,1,1,3,2,02,2,1,0,0,1,0,1,4,2,51,1,1,1,0,2,0,1,201500028021A01,7,9,1,200067023
201500028043,2015-05-16,2015,mai,samedi,17:24,50,50647,48.839,-1.55123,2,1,3,1,1,6,-1,00,1,1,0,0,1,0,1,4,1,14,5,3,9,0,2,1,16,201500028043B01,7,15,1,200042604
201500028048,2015-06-25,2015,juin,jeudi,19:07,50,50218,48.8372,-1.59949,2,1,6,1,1,3,1,01,1,1,0,65,1,0,1,1,1,22,5,1,2,0,1,1,1,201500028048A01,,,,200042604
201500028050,2015-07-09,2015,juillet,jeudi,11:30,50,50218,48.8415,-1.58643,2,8,7,1,1,3,2,02,2,2,0,0,1,4,1,3,2,52,0,1,2,0,0,0,1,201500028050A01,,,,200042604
201500028056,2015-08-10,2015,août,lundi,11:35,50,50532,48.8151,-1.5705,2,1,3,1,1,3,2,02,-1,-1,0,0,-1,0,0,4,1,56,5,3,9,0,2,3,11,201500028056A01,7,17,1,200042604
201500028060,2015-09-01,2015,septembre,mardi,19:15,50,50218,48.8339,-1.5711,2,6,3,1,1,3,1,01,1,2,0,50,1,5,1,4,1,45,5,3,9,0,2,7,1,201500028060A01,7,9,1,200042604
201500028077,2015-12-27,2015,décembre,dimanche,12:00,50,50165,48.8535,-1.56463,1,1,7,1,1,3,2,02,2,2,0,80,1,0,1,4,1,70,5,1,2,16,0,7,1,201500028077A01,,,,200042604
201500028086,2015-04-15,2015,avril,mercredi,16:50,50,50502,49.105,-1.08668,2,3,3,1,1,4,2,02,2,1,0,0,1,0,1,4,1,88,0,1,1,0,2,1,1,201500028086B01,7,9,1,200066389
201500028086,2015-04-15,2015,avril,mercredi,16:50,50,50502,49.105,-1.08668,2,3,3,1,1,4,2,02,2,1,0,0,1,0,1,4,1,89,0,1,1,0,2,1,1,201500028086B01,7,9,1,200066389
201500028091,2015-05-18,2015,mai,lundi,11:55,50,50002,49.1108,-1.13405,1,6,3,1,2,4,1,01,1,-1,0,0,-1,0,0,3,1,72,0,1,2,0,2,1,9,201500028091B01,3,9,1,200066389
201500028095,2015-08-04,2015,août,mardi,13:15,50,50502,49.1157,-1.07479,2,6,3,1,1,3,2,02,2,2,0,70,1,5,1,4,1,21,5,1,2,0,2,0,2,201500028095B01,7,16,1,200066389
201500028096,2015-08-05,2015,août,mercredi,11:20,50,50502,49.119,-1.08659,2,2,3,1,1,4,2,02,3,1,0,0,1,0,1,4,1,66,5,1,2,0,2,1,1,201500028096B01,7,15,1,200066389
201500028099,2015-08-22,2015,août,samedi,12:00,50,50502,49.1058,-1.06877,2,6,1,1,1,3,-1,02,1,-1,0,0,1,0,1,3,2,56,5,3,9,0,2,6,16,201500028099B01,7,16,1,200066389
201500028100,2015-09-10,2015,septembre,jeudi,16:55,50,50502,49.1157,-1.07706,2,1,3,1,1,3,2,02,2,1,0,0,1,0,1,4,2,20,1,2,2,0,2,8,19,201500028100A01,7,17,1,200066389
201500028108,2015-11-13,2015,novembre,vendredi,09:50,50,50002,49.1092,-1.13535,1,6,2,1,1,3,1,02,1,-1,0,0,1,0,1,3,1,69,3,2,9,0,2,4,1,201500028108B01,7,9,1,200066389
201500028143,2015-02-05,2015,février,jeudi,14:10,51,51172,49.22052,4.06378,2,6,3,1,1,4,3,04,1,3,0,0,1,5,1,4,1,52,5,1,9,0,2,7,1,201500028143B01,7,9,1,200067213
201500028154,2015-04-19,2015,avril,dimanche,02:45,51,51454,49.2492,4.02472,2,1,4,5,1,4,1,03,1,1,0,90,1,0,1,3,2,28,9,1,9,0,2,0,0,201500028154A01,7,0,1,200067213
201500028154,2015-04-19,2015,avril,dimanche,02:45,51,51454,49.2492,4.02472,2,1,4,5,1,4,1,03,1,1,0,90,1,0,1,3,1,30,9,1,9,0,2,0,0,201500028154B01,7,0,1,200067213
201500028163,2015-07-03,2015,juillet,vendredi,16:50,51,51454,49.25794,4.05361,2,3,4,1,1,4,2,02,1,1,0,80,1,0,1,4,1,57,5,2,2,0,2,1,0,201500028163C01,30 / 7,1 / 15,2,200067213
201500028165,2015-07-13,2015,juillet,lundi,19:50,51,51454,49.23277,4.00258,2,1,6,1,1,4,2,02,1,1,0,0,1,0,1,4,1,78,0,3,2,0,2,8,1,201500028165B01,7,17,1,200067213
201500028177,2015-09-25,2015,septembre,vendredi,16:20,51,51454,49.26168,4.02984,2,1,3,1,1,4,3,06,1,1,40,180,1,0,1,4,1,84,0,2,2,0,2,1,19,201500028177A01,1,1,1,200067213
201500028177,2015-09-25,2015,septembre,vendredi,16:20,51,51454,49.26168,4.02984,2,1,3,1,1,4,3,06,1,1,40,180,1,0,1,1,1,33,0,2,2,0,2,1,1,201500028177B01,1,19,1,200067213
201500028187,2015-10-13,2015,octobre,mardi,07:40,51,51454,49.27376,4.02987,2,1,3,2,1,4,2,04,1,1,0,0,1,5,1,4,1,52,1,3,2,0,2,1,1,201500028187B01,7,15,1,200067213
201500028200,2015-10-26,2015,octobre,lundi,14:05,51,51454,49.2734,4.01488,2,2,1,1,1,4,2,03,1,1,0,94,1,0,1,4,1,60,0,2,9,0,2,1,1,201500028200B01,7,15,1,200067213
201500028209,2015-11-12,2015,novembre,jeudi,08:10,51,51454,49.24433,4.03648,2,3,3,1,1,4,2,02,1,1,,59,1,0,1,3,1,12,2,1,2,0,2,3,15,201500028209A01,37,0,1,200067213
201500028217,2015-11-16,2015,novembre,lundi,23:00,51,51454,49.24405,4.02121,2,1,1,5,2,4,1,01,1,2,0,40,2,0,1,3,1,19,0,1,2,0,2,0,0,201500028217B01,7,0,1,200067213
201500028219,2015-11-17,2015,novembre,mardi,14:10,51,51454,49.24828,4.01265,2,1,3,1,1,4,-1,04,2,1,0,110,2,0,4,4,1,46,0,3,9,0,2,1,0,201500028219A01,7,1,1,200067213
201500028220,2015-11-20,2015,novembre,vendredi,08:00,51,51454,49.26287,4.01645,2,2,3,5,3,4,2,02,1,1,0,70,2,0,1,4,2,29,1,3,9,0,2,1,1,201500028220B01,7,15,1,200067213
201500028228,2015-11-27,2015,novembre,vendredi,12:10,51,51454,49.22585,4.03835,2,1,3,1,1,4,2,02,2,1,0,50,1,0,1,3,1,11,5,2,2,0,2,8,19,201500028228A01,7,1,1,200067213
201500028232,2015-12-03,2015,décembre,jeudi,08:00,51,51454,49.21251,4.01546,1,6,2,1,1,3,3,02,1,1,0,0,1,0,1,4,1,22,1,1,2,0,2,4,2,201500028232B01,7,2,1,200067213
201500028240,2015-12-15,2015,décembre,mardi,17:50,51,51454,49.23796,4.02392,2,1,6,5,1,4,1,00,2,1,0,0,2,0,5,1,1,25,0,3,9,0,1,1,1,201500028240A01,,,,200067213
201500028240,2015-12-15,2015,décembre,mardi,17:50,51,51454,49.23796,4.02392,2,1,6,5,1,4,1,00,2,1,0,0,2,0,5,4,2,56,0,3,8,0,1,1,1,201500028240A01,,,,200067213
201500028248,2015-12-25,2015,décembre,vendredi,02:55,51,51454,49.26565,4.02073,2,2,6,5,2,4,2,02,1,1,0,60,2,0,0,4,1,30,5,1,2,0,2,8,0,201500028248B01,10,1,1,200067213
201500028253,2015-12-30,2015,décembre,mercredi,13:30,51,51172,49.2161,4.04513,2,2,1,1,1,4,2,02,1,1,0,60,1,0,1,4,1,52,0,1,2,0,2,1,1,201500028253B01,7,15,1,200067213
201500028266,2015-12-16,2015,décembre,mercredi,12:50,52,52121,48.11022,5.12908,2,1,6,1,1,4,2,02,1,3,0,55,1,0,1,4,1,22,1,2,2,0,2,1,1,201500028266B01,7,15,1,200068658
201500028273,2015-08-06,2015,août,jeudi,13:50,52,52121,48.09891,5.14514,2,1,6,1,1,3,2,03,1,1,0,106,1,0,1,4,2,30,1,2,9,0,2,1,21,201500028273B01,7,16,1,200068658
201500028280,2015-11-15,2015,novembre,dimanche,11:15,52,52121,48.09234,5.14537,2,6,6,1,1,3,1,01,1,2,200,79,-1,5,1,4,1,47,5,1,2,0,2,1,1,201500028280B01,7,16,1,200068658
201500028283,2015-02-12,2015,février,jeudi,10:14,52,52121,48.09916,5.15326,2,2,6,1,1,4,2,02,2,1,0,71,1,0,1,4,1,48,1,3,9,0,2,1,1,201500028283B01,17,16,1,200068658
201500028290,2015-05-17,2015,mai,dimanche,13:20,52,52448,48.63884,4.97568,2,3,3,1,1,4,1,01,-1,-1,0,0,-1,0,1,3,1,10,0,2,2,0,0,0,0,201500028290B01,7,1,1,200068666
201500028301,2015-02-21,2015,février,samedi,15:50,53,53201,48.07795,-0.8198,2,1,3,1,1,4,2,01,1,2,0,0,1,0,1,3,1,46,5,1,2,0,2,1,19,201500028301A01,7,15,1,200083392
201500028307,2015-03-17,2015,mars,mardi,09:30,53,53130,48.08108,-0.79544,1,1,6,1,1,3,-1,02,1,1,0,0,1,0,0,4,1,76,0,1,2,0,2,7,0,201500028307B01,7,1,1,200083392
201500028308,2015-04-27,2015,avril,lundi,14:10,53,53054,48.10829,-0.82844,1,1,5,1,1,4,2,02,2,3,0,52,1,0,1,2,1,68,5,1,2,0,2,1,1,201500028308B01,7,13,1,200083392