Num_Acc,date,an,mois,jour,hrmn,dep,com,lat,long,agg,int,col,lum,atm,catr,circ,nbv,prof,plan,lartpc,larrout,surf,infra,situ,grav,sexe,age,trajet,secuexist,equipement,obs,obsm,choc,manv,vehiculeid,typevehicules,manoeuvehicules,numVehicules,_infos_commune.code_epci
201500029296,2015-10-10,2015,octobre,samedi,09:31,57,57463,49.10185,6.16306,2,1,6,1,1,4,2,02,1,1,0,90,1,0,1,4,1,39,1,2,2,1,0,1,1,201500029296B01,7,24,1,200039865
201500029309,2015-11-26,2015,novembre,jeudi,11:04,57,57463,49.10715,6.22699,2,9,6,1,1,4,2,02,1,1,0,0,1,0,1,4,1,28,9,3,9,0,0,0,0,201500029309B01,7,0,1,200039865
201500029386,2015-09-09,2015,septembre,mercredi,10:10,57,57757,49.35812,6.18909,2,1,3,1,1,3,2,02,1,1,0,100,1,0,1,4,1,30,5,1,2,0,2,1,1,201500029386B01,7,15,1,245701362
201500029389,2015-09-28,2015,septembre,lundi,14:40,57,57672,49.35354,6.17895,2,1,3,1,1,3,3,04,1,3,23,78,1,0,1,4,1,63,0,3,2,0,2,3,19,201500029389B01,7,16,1,245701362
201500029408,2015-12-03,2015,décembre,jeudi,12:06,57,57306,49.32744,6.06865,2,3,3,1,1,3,2,02,1,1,0,78,1,0,1,4,1,65,9,1,2,0,2,3,1,201500029408B01,7,16,1,245701222
201500029423,2015-05-10,2015,mai,dimanche,17:30,57,57371,0,0,1,9,3,1,1,3,2,02,1,1,0,0,1,0,1,2,1,70,5,2,2,0,2,8,15,201500029423B02,33,17,1,245700695
201500029424,2015-11-01,2015,novembre,dimanche,11:15,57,57437,0,0,1,1,1,1,5,3,2,02,1,1,0,70,2,0,1,1,1,43,5,1,2,0,9,4,1,201500029424B02,1,1,1,245701354
201500029424,2015-11-01,2015,novembre,dimanche,11:15,57,57437,0,0,1,1,1,1,5,3,2,02,1,1,0,70,2,0,1,3,1,71,5,1,2,0,9,1,1,201500029424A01,1,1,1,245701354
201500029433,2015-03-26,2015,mars,jeudi,07:55,58,58194,0,0,2,1,3,1,1,4,2,02,1,1,0,50,1,0,1,4,1,45,1,3,9,0,2,8,0,201500029433B01,7,0,1,245804406
201500029434,2015-03-31,2015,mars,mardi,15:10,58,58194,0,0,2,3,3,1,1,4,1,01,4,1,0,62,1,0,1,4,1,26,2,3,9,0,2,1,0,201500029434A01,7,0,1,245804406
201500029441,2015-04-15,2015,avril,mercredi,11:55,58,58194,0,0,2,1,6,1,1,4,2,02,1,1,0,54,1,0,1,4,1,51,5,3,9,0,2,1,1,201500029441B01,7,4,1,245804406
201500029443,2015-04-18,2015,avril,samedi,10:45,58,58194,0,0,2,1,3,1,1,4,2,02,1,1,0,91,1,0,1,4,1,52,5,3,9,0,2,1,1,201500029443B01,7,15,1,245804406
201500029447,2015-04-23,2015,avril,jeudi,18:10,58,58194,0,0,2,2,3,1,1,4,2,02,1,1,0,60,1,0,1,4,1,44,0,1,2,0,0,0,0,201500029447A01,7,0,1,245804406
201500029457,2015-07-07,2015,juillet,mardi,08:25,58,58194,0,0,2,1,7,1,1,3,2,02,1,1,0,0,1,0,1,4,1,23,1,3,9,12,0,0,1,201500029457A01,,,,245804406
201500029460,2015-07-14,2015,juillet,mardi,09:55,58,58194,46.98288,3.13179,2,1,6,1,1,4,2,02,1,1,0,62,1,0,1,4,1,58,0,3,9,0,2,0,1,201500029460B01,7,17,1,245804406
201500029463,2015-07-03,2015,juillet,vendredi,12:10,58,58194,46.99514,3.16815,2,6,3,1,1,4,2,02,1,1,0,0,1,0,1,4,1,47,1,3,9,0,2,0,0,201500029463B01,7,0,1,245804406
201500029466,2015-07-12,2015,juillet,dimanche,21:20,58,58194,46.98364,3.15878,2,1,2,2,1,4,2,02,1,1,0,0,1,2,5,4,2,24,5,3,9,0,0,4,1,201500029466B01,7,0,1,245804406
201500029478,2015-09-05,2015,septembre,samedi,16:15,58,58194,0,0,2,1,7,1,1,4,2,02,1,1,0,60,1,0,1,4,1,52,5,3,9,0,0,7,0,201500029478A01,,,,245804406
201500029496,2015-11-24,2015,novembre,mardi,07:15,58,58194,0,0,2,1,6,1,1,4,1,02,1,1,82,50,2,0,1,3,1,59,9,3,9,0,2,6,0,201500029496B01,7,0,1,245804406
201500029504,2015-12-02,2015,décembre,mercredi,12:00,58,58194,46.99331,3.15685,2,3,3,1,1,4,1,01,1,1,0,0,1,0,1,4,1,14,2,2,2,0,2,0,1,201500029504A01,7,0,1,245804406
201500029519,2015-02-11,2015,février,mercredi,15:05,58,58194,0,0,2,1,3,1,1,4,2,02,1,1,0,40,1,0,1,4,1,45,9,3,9,0,2,7,0,201500029519B01,7,0,1,245804406
201500029526,2015-04-10,2015,avril,vendredi,17:30,95,95487,49.1525,2.2732,2,1,2,1,1,4,2,02,1,1,,,1,0,1,3,1,29,1,1,2,0,2,4,2,201500029526B02,7,1,1,249500489
201500029549,2015-03-13,2015,mars,vendredi,10:25,59,59017,0,0,1,1,3,1,1,4,1,02,1,2,0,40,1,0,1,4,1,50,3,1,4,0,2,1,1,201500029549B01,7,19,1,200093201
201500029562,2015-10-08,2015,octobre,jeudi,11:45,59,59431,0,0,2,1,6,1,1,2,2,02,-1,-1,0,0,-1,0,1,4,1,78,3,1,9,0,2,8,2,201500029562B01,15,2,1,200040947
201500029567,2015-11-03,2015,novembre,mardi,11:00,59,59017,0,0,1,6,3,1,1,4,2,02,1,1,0,67,1,0,0,4,1,34,4,3,9,0,2,7,1,201500029567B01,7,16,1,200093201
201500029582,2015-09-13,2015,septembre,dimanche,11:20,59,59043,0,0,1,1,7,1,1,4,2,01,4,4,0,40,1,0,1,3,1,48,5,1,2,16,0,0,17,201500029582B01,,,,200040947
201500029585,2015-04-21,2015,avril,mardi,15:15,59,59043,0,0,1,2,3,1,1,2,2,02,1,1,0,0,1,5,1,3,1,42,5,3,9,0,2,1,1,201500029585A01,7,15,1,200040947
201500029587,2015-06-03,2015,juin,mercredi,11:30,59,59122,50,3,2,1,6,1,1,9,3,02,2,1,60,30,1,0,1,1,1,20,5,1,9,0,1,0,0,201500029587A01,,,,200068500
201500029603,2015-08-07,2015,août,vendredi,18:20,59,59253,50.44083,3.56731,2,3,2,1,1,4,2,01,2,1,0,70,1,0,1,3,1,44,0,1,2,0,2,4,15,201500029603B01,7,2,1,245901160
201500029604,2015-08-07,2015,août,vendredi,13:40,59,59153,50.47355,3.57811,2,1,1,1,1,9,2,01,1,1,0,48,1,0,1,4,1,15,5,2,9,0,0,0,0,201500029604B01,7,1,1,245901160
201500029607,2015-09-06,2015,septembre,dimanche,11:15,59,59616,50.4607,3.56765,2,1,3,1,1,4,2,01,1,1,0,55,1,0,0,3,1,52,5,3,9,0,2,4,0,201500029607B01,7,1,1,245901160
201500029621,2015-07-07,2015,juillet,mardi,11:30,59,59302,50.35611,3.45247,1,1,6,1,1,4,2,02,1,1,0,60,1,0,1,4,1,65,5,2,2,0,2,1,1,201500029621B01,7,9,1,200042190
201500029623,2015-05-19,2015,mai,mardi,14:00,59,59172,0,0,2,1,6,1,1,4,2,02,1,1,0,70,1,0,1,4,1,40,5,2,2,0,0,0,0,201500029623B01,7,9,1,200042190
201500029625,2015-08-10,2015,août,lundi,18:00,59,59172,0,0,2,2,1,1,1,4,2,02,-1,-1,0,0,-1,0,0,4,2,47,5,2,2,0,2,1,15,201500029625A01,7,0,1,200042190
201500029626,2015-08-12,2015,août,mercredi,18:00,59,59504,0,0,2,1,2,1,1,4,2,02,1,1,0,60,1,0,1,4,1,60,5,2,2,0,2,4,13,201500029626A01,7,2,1,200042190
201500029643,2015-12-07,2015,décembre,lundi,20:40,59,59329,50.3438,3.09156,1,1,2,3,1,3,2,02,1,1,0,57,1,0,1,3,1,42,0,2,4,0,2,4,2,201500029643B01,7,2,1,200044618
201500029653,2015-05-21,2015,mai,jeudi,18:05,59,59629,0,0,1,3,3,1,1,3,2,02,1,1,0,50,1,0,1,3,1,17,5,3,4,0,2,7,19,201500029653A01,7,1,1,245901152
201500029658,2015-06-26,2015,juin,vendredi,22:45,59,59007,50.40175,3.15716,2,1,2,5,1,4,2,02,1,1,0,52,1,0,1,3,1,43,5,3,9,0,0,0,0,201500029658B01,7,0,1,200044618
201500029669,2015-08-01,2015,août,samedi,19:20,59,59654,50.38797,3.10166,2,9,6,1,1,4,2,02,1,1,0,78,1,0,1,3,1,27,3,3,4,0,2,1,19,201500029669B01,10,1,1,200044618
201500029683,2015-11-05,2015,novembre,jeudi,11:55,59,59178,50.3742,3.06619,2,1,3,1,1,3,2,02,1,1,90,82,1,0,1,3,1,59,0,3,4,0,2,7,19,201500029683B01,7,1,1,200044618
201500029689,2015-02-06,2015,février,vendredi,11:30,59,59654,0,0,2,3,2,1,1,4,2,02,1,1,0,61,1,0,1,3,2,81,0,3,4,0,2,1,1,201500029689B01,10,4,1,200044618
201500029703,2015-02-13,2015,février,vendredi,15:15,59,59271,0,0,2,1,6,1,1,4,2,02,1,1,0,61,1,0,1,3,1,14,2,3,9,0,2,8,19,201500029703B01,7,1,1,245900428
201500029708,2015-05-10,2015,mai,dimanche,16:50,59,59183,51.04107,2.38879,2,1,2,1,1,4,-1,00,1,1,0,120,1,0,4,4,1,8,5,2,2,0,2,0,1,201500029708B01,7,4,1,245900428
201500029714,2015-06-14,2015,juin,dimanche,18:40,59,59155,51.02183,2.39052,1,1,6,1,1,4,1,01,1,1,0,50,1,0,1,3,1,44,5,3,2,1,0,1,1,201500029714A01,,,,245900428
201500029718,2015-07-11,2015,juillet,samedi,07:00,59,59540,51.02894,2.35723,2,1,2,1,1,4,2,02,1,1,0,65,1,0,1,3,1,59,0,3,9,0,2,4,1,201500029718B01,2,2,1,
201500029720,2015-07-12,2015,juillet,dimanche,12:30,59,59155,51.01905,2.38424,2,3,3,1,1,4,2,02,1,1,0,58,1,5,1,3,1,44,5,3,9,0,2,3,15,201500029720A01,7,1,1,245900428
201500029724,2015-07-22,2015,juillet,mercredi,12:00,59,59183,51.0294,2.37459,2,3,3,1,1,4,3,02,1,1,8,30,1,5,1,3,2,56,1,3,9,0,2,8,1,201500029724B01,7,16,1,245900428
201500029731,2015-08-29,2015,août,samedi,03:00,59,59540,51.01498,2.20061,1,1,6,5,1,4,2,02,1,1,0,80,-1,0,1,4,1,35,1,3,2,0,0,8,1,201500029731B01,7,0,1,
201500029735,2015-09-13,2015,septembre,dimanche,09:00,59,59271,51.02333,2.30455,2,3,3,1,1,4,2,02,1,1,0,62,-1,5,1,4,1,49,5,1,2,0,2,7,1,201500029735A01,7,15,1,245900428
201500029738,2015-10-02,2015,octobre,vendredi,13:00,59,59271,0,0,2,1,3,1,1,4,2,02,1,1,0,0,-1,0,1,4,1,14,2,3,2,0,2,8,19,201500029738B01,7,19,1,245900428
201500029753,2015-12-09,2015,décembre,mercredi,16:40,59,59271,51.00922,2.29538,2,1,3,1,1,4,2,00,-1,-1,0,0,-1,0,1,4,1,43,0,1,2,0,2,1,11,201500029753B01,7,0,1,245900428
201500029765,2015-09-03,2015,septembre,jeudi,16:10,59,59295,0,0,2,3,3,1,1,4,2,00,-1,-1,0,0,-1,0,1,3,1,35,5,1,9,0,2,8,15,201500029765B01,7,1,1,200040947
201500029767,2015-11-25,2015,novembre,mercredi,10:40,59,59295,0,0,2,6,3,1,7,3,4,01,1,-1,0,0,1,0,1,3,2,75,9,3,9,0,2,1,1,201500029767B01,7,1,1,200040947
201500029779,2015-01-09,2015,janvier,vendredi,08:55,59,59350,0,0,2,3,2,1,2,4,-1,01,-1,-1,0,0,-1,0,0,4,2,36,5,3,9,0,9,4,14,201500029779B01,14,16,1,200093201
201500029779,2015-01-09,2015,janvier,vendredi,08:55,59,59350,0,0,2,3,2,1,2,4,-1,01,-1,-1,0,0,-1,0,0,4,1,2,5,1,2,0,9,4,14,201500029779B01,14,16,1,200093201
201500029780,2015-03-03,2015,mars,mardi,15:20,59,59328,0,0,2,1,6,1,1,3,2,02,1,1,0,0,1,0,1,3,1,49,0,3,9,0,0,1,0,201500029780B01,15,0,1,200093201
201500029795,2015-01-20,2015,janvier,mardi,14:00,59,59350,0,0,2,2,6,1,1,4,3,04,2,3,0,0,1,5,1,3,1,46,4,1,4,0,2,0,19,201500029795B01,7,1,1,200093201
201500029796,2015-04-08,2015,avril,mercredi,15:40,59,59196,50.6315,2.94,2,1,6,1,1,4,2,02,2,1,0,0,1,0,1,1,1,59,9,1,2,0,1,1,2,201500029796A01,,,,200093201
201500029800,2015-01-22,2015,janvier,jeudi,07:30,59,59328,0,0,2,3,3,1,8,4,2,02,1,1,0,0,7,0,1,4,1,12,2,3,9,0,2,0,1,201500029800B01,99,0,1,200093201
201500029803,2015-03-10,2015,mars,mardi,03:00,59,59350,50.61947,3.04853,2,1,2,5,1,4,2,02,1,1,0,0,1,0,5,3,1,22,0,1,9,0,0,4,1,201500029803A01,7,1,1,200093201
201500029805,2015-03-14,2015,mars,samedi,02:55,59,59350,0,0,2,3,6,5,1,4,1,02,1,1,0,0,1,0,1,2,2,24,0,3,9,0,0,0,16,201500029805A01,7,1,1,200093201
201500029807,2015-12-07,2015,décembre,lundi,13:45,59,59350,50.63181,3.04601,2,2,6,1,1,4,1,01,-1,-1,0,0,-1,0,1,3,1,18,0,2,9,0,2,0,19,201500029807B01,7,1,1,200093201
201500029811,2015-01-30,2015,janvier,vendredi,08:00,59,59350,0,0,2,1,2,2,4,4,2,01,1,2,0,0,2,0,1,4,1,52,0,3,9,0,2,1,1,201500029811B01,7,17,1,200093201
201500029821,2015-03-09,2015,mars,lundi,16:45,59,59350,0,0,2,6,6,1,1,4,1,03,1,2,0,0,1,5,1,3,2,40,0,3,9,0,2,1,2,201500029821B01,7,12,1,200093201
201500029826,2015-04-07,2015,avril,mardi,13:05,59,59350,0,0,2,3,3,1,1,4,,,,,,,,,,3,1,21,2,1,9,0,2,7,15,201500029826A01,7,1,1,200093201
201500029834,2015-04-25,2015,avril,samedi,03:10,59,59350,50.63147,3.05408,2,1,3,5,2,2,2,02,1,1,0,35,2,0,0,4,1,20,5,3,9,0,2,1,1,201500029834B01,7,16,1,200093201
201500029835,2015-02-14,2015,février,samedi,15:15,59,59350,0,0,2,1,3,1,1,4,1,02,1,1,0,0,1,0,1,3,2,22,0,3,9,0,2,0,1,201500029835B01,7,23,1,200093201
201500029850,2015-05-12,2015,mai,mardi,12:00,59,59378,0,0,2,1,6,1,1,4,-1,02,1,1,0,0,1,0,0,3,1,56,0,1,2,0,1,1,17,201500029850A01,,,,200093201
201500029864,2015-04-17,2015,avril,vendredi,16:20,59,59328,50.63941,3.03305,2,2,2,1,1,3,-1,02,1,3,0,0,1,0,0,3,1,38,0,3,9,0,2,4,2,201500029864B01,15,13,1,200093201
201500029887,2015-06-29,2015,juin,lundi,20:00,59,59560,50.5345,3.0158,2,6,3,1,1,3,-1,01,-1,-1,0,0,-1,0,1,3,2,55,5,1,2,0,2,1,1,201500029887M01,7,9,1,200093201
201500029888,2015-06-25,2015,juin,jeudi,17:15,59,59350,50.63347,3.06552,2,1,3,1,1,4,-1,02,1,1,0,0,1,0,0,4,1,54,0,3,9,0,9,0,1,201500029888A01,34,0,1,200093201
201500029890,2015-06-18,2015,juin,jeudi,12:50,59,59350,50.6345,3.04861,2,2,3,1,1,3,2,02,1,1,0,0,1,5,5,2,2,51,3,3,9,0,9,7,1,201500029890B01,14,0,1,200093201
201500029895,2015-06-12,2015,juin,vendredi,23:15,59,59350,50.6368,3.06875,2,1,3,5,1,4,-1,01,1,2,0,0,1,0,5,4,1,18,5,3,9,16,0,0,0,201500029895B01,7,0,1,200093201
201500029898,2015-11-13,2015,novembre,vendredi,16:55,59,59350,50.38068,0.02571,2,1,6,2,9,4,3,04,1,1,0,0,2,0,5,4,2,23,9,3,2,0,1,1,1,201500029898A01,,,,200093201
201500029908,2015-07-16,2015,juillet,jeudi,18:00,59,59350,0,0,2,1,6,1,1,9,2,02,1,-1,0,0,1,0,1,1,1,34,0,2,9,0,1,3,0,201500029908A01,,,,200093201
201500029911,2015-06-11,2015,juin,jeudi,16:30,59,59350,50.6067,3.04551,2,1,6,1,1,4,2,00,1,3,0,0,1,0,1,4,1,14,5,2,2,0,2,3,0,201500029911B01,7,0,1,200093201
201500029921,2015-08-15,2015,août,samedi,15:05,59,59368,50.65685,3.06434,2,2,4,1,1,4,2,00,1,1,0,0,2,0,1,3,1,65,5,1,4,0,2,4,15,201500029921C01,7,0,1,200093201
201500029921,2015-08-15,2015,août,samedi,15:05,59,59368,50.65685,3.06434,2,2,4,1,1,4,2,00,1,1,0,0,2,0,1,3,2,60,5,1,4,0,2,4,15,201500029921B01,7,0,1,200093201
201500029943,2015-10-04,2015,octobre,dimanche,16:35,59,59009,0,0,2,3,3,1,1,3,3,02,1,1,0,0,1,5,1,3,1,46,0,3,9,0,2,0,0,201500029943B01,7,0,1,200093201
201500029947,2015-08-07,2015,août,vendredi,09:10,59,59350,50.6348,3.07219,2,1,6,1,1,4,1,02,1,1,0,0,1,0,5,1,1,29,0,1,9,0,1,1,1,201500029947A01,,,,200093201
201500029955,2015-10-30,2015,octobre,vendredi,20:40,59,59350,50.62677,3.04327,2,1,3,5,1,4,1,01,1,1,0,70,1,0,1,3,1,18,0,1,2,0,0,0,0,201500029955A01,7,0,1,200093201
201500030005,2015-02-26,2015,février,jeudi,17:30,59,59339,50.41026,3.17058,2,7,2,1,2,4,1,01,1,1,0,25,2,0,1,3,2,53,1,2,9,0,2,1,1,201500030005A01,37,23,1,200093201
201500030010,2015-03-04,2015,mars,mercredi,17:47,59,59512,50.69666,3.18778,2,2,6,1,1,4,-1,02,1,1,0,100,1,0,0,3,1,43,0,3,9,0,2,1,0,201500030010A01,7,0,1,200093201
201500030019,2015-03-15,2015,mars,dimanche,18:39,59,59339,0,0,2,1,4,1,1,4,2,02,1,1,0,0,1,0,1,3,1,16,0,1,2,0,2,4,0,201500030019B01,7,0 / 2,2,200093201
201500030024,2015-03-18,2015,mars,mercredi,17:20,59,59512,0,0,2,1,2,1,1,4,2,02,1,1,0,0,1,0,1,3,1,15,5,2,2,0,0,0,0,201500030024A01,7,0,1,200093201
201500030032,2015-03-27,2015,mars,vendredi,20:10,59,59512,0,0,2,2,3,4,1,4,1,00,1,1,0,0,1,0,1,3,1,27,0,2,9,0,0,1,0,201500030032B01,7,0,1,200093201
201500030034,2015-03-27,2015,mars,vendredi,07:10,59,59512,0,0,2,3,3,1,1,4,-1,00,1,3,0,0,1,0,0,3,1,37,4,3,2,0,0,0,0,201500030034B01,7,9,1,200093201
201500030036,2015-04-03,2015,avril,vendredi,13:45,59,59512,0,0,2,1,3,1,2,4,2,02,1,1,0,0,2,6,1,4,2,20,0,3,9,0,2,0,0,201500030036B01,7,0,1,200093201
201500030041,2015-04-13,2015,avril,lundi,10:00,59,59512,0,0,2,1,2,1,1,4,2,02,1,1,0,0,1,0,1,4,1,41,1,3,9,0,2,4,2,201500030041B01,7,2,1,200093201
201500030071,2015-05-10,2015,mai,dimanche,08:30,59,59650,0,0,2,1,3,1,1,4,-1,00,1,1,0,0,1,0,1,3,1,23,5,3,9,0,2,0,0,201500030071B01,7,0,1,200093201
201500030077,2015-05-15,2015,mai,vendredi,17:30,59,59512,0,0,2,3,1,1,1,4,2,02,1,1,0,50,1,0,1,3,1,33,5,2,2,0,2,1,19,201500030077A01,7,0,1,200093201
201500030082,2015-05-22,2015,mai,vendredi,19:00,59,59598,0,0,2,1,6,1,1,4,2,02,2,1,0,70,1,0,1,3,1,37,1,2,9,0,0,0,0,201500030082B01,7,1,1,200093201
201500030088,2015-05-27,2015,mai,mercredi,16:15,59,59512,0,0,2,1,6,1,1,4,2,02,1,1,10,60,1,0,1,3,1,10,5,2,9,0,2,8,19,201500030088B01,7,1,1,200093201
201500030095,2015-06-02,2015,juin,mardi,08:00,59,59339,0,0,2,2,6,1,1,4,2,00,1,2,0,0,1,6,1,3,1,19,2,2,2,0,2,6,2,201500030095B01,,,,200093201
201500030098,2015-06-09,2015,juin,mardi,17:30,59,59512,0,0,2,4,3,1,1,4,1,01,-1,-1,0,0,-1,0,0,4,2,32,5,2,9,0,2,1,1,201500030098B01,7,16,1,200093201
201500030099,2015-06-12,2015,juin,vendredi,11:10,59,59512,0,0,2,1,3,1,1,4,2,00,-1,-1,0,0,-1,0,1,4,1,38,9,2,2,0,0,0,0,201500030099B01,7,22,1,200093201
201500030104,2015-06-19,2015,juin,vendredi,19:30,59,59512,0,0,2,1,6,1,1,4,1,00,1,1,0,0,1,0,1,1,1,37,5,3,8,0,1,1,1,201500030104A01,,,,200093201
201500030118,2015-07-03,2015,juillet,vendredi,15:55,59,59650,0,0,2,1,3,1,1,4,2,02,1,1,0,80,1,0,1,3,1,46,5,3,2,0,2,1,17,201500030118B01,7,20,1,200093201
201500030137,2015-07-31,2015,juillet,vendredi,08:45,59,59512,0,0,2,2,3,1,1,4,-1,02,1,1,0,0,1,0,1,3,1,61,5,1,2,0,2,1,1,201500030137A01,7,2,1,200093201
201500030148,2015-08-13,2015,août,jeudi,21:10,59,59367,0,0,2,3,2,5,2,4,2,02,1,1,0,0,2,0,1,3,1,16,4,1,2,0,0,4,2,201500030148B01,7,2,1,200093201
201500030154,2015-08-28,2015,août,vendredi,15:20,59,59512,0,0,2,3,3,1,1,4,-1,00,-1,-1,0,0,-1,0,0,4,1,10,0,1,2,0,0,0,0,201500030154A01,7,0,1,200093201
201500030157,2015-08-31,2015,août,lundi,05:30,59,59512,0,0,2,1,1,5,1,4,2,01,1,1,0,0,1,0,1,3,1,20,0,3,9,0,2,1,0,201500030157B01,7,0,1,200093201
201500030160,2015-08-31,2015,août,lundi,19:20,59,59650,0,0,2,2,6,1,9,4,2,02,1,1,10,90,2,0,0,3,1,47,9,2,9,0,2,1,15,201500030160B01,7,15,1,200093201
201500030163,2015-09-03,2015,septembre,jeudi,18:25,59,59512,0,0,2,1,6,1,1,4,1,01,1,4,0,0,1,0,1,3,1,12,5,3,9,0,2,2,17,201500030163B01,37,7,1,200093201
201500030171,2015-09-10,2015,septembre,jeudi,10:45,59,59512,0,0,2,6,3,1,1,4,1,01,1,1,0,0,1,0,1,4,1,20,1,2,2,0,0,0,0,201500030171B01,7,9,1,200093201
201500030179,2015-09-16,2015,septembre,mercredi,19:10,59,59512,0,0,2,2,3,1,1,4,2,00,3,-1,0,0,1,0,0,3,1,10,0,3,9,0,0,0,0,201500030179A01,7,0,1,200093201
201500030182,2015-09-18,2015,septembre,vendredi,13:30,59,59512,0,0,2,2,3,1,1,4,2,00,1,1,0,105,1,0,1,3,2,11,2,1,4,0,2,1,19,201500030182B01,7,1,1,200093201
201500030192,2015-10-02,2015,octobre,vendredi,07:45,59,59650,0,0,2,1,3,1,1,4,2,02,1,1,0,80,1,0,1,3,1,13,2,1,2,0,0,0,0,201500030192B01,7,16,1,200093201
201500030195,2015-10-04,2015,octobre,dimanche,00:45,59,59512,0,0,2,2,1,5,1,4,1,01,1,1,0,100,1,5,0,2,1,24,5,3,9,0,2,7,15,201500030195B01,7,1,1,200093201
201500030198,2015-10-07,2015,octobre,mercredi,15:30,59,59367,0,0,2,1,2,1,1,4,2,00,1,1,0,97,1,0,1,3,1,18,4,2,9,0,2,1,2,201500030198B01,7,23,1,200093201
201500030223,2015-11-12,2015,novembre,jeudi,00:20,59,59163,0,0,2,3,1,5,1,4,2,02,1,2,0,0,1,0,1,3,1,20,5,3,9,0,2,7,15,201500030223B01,7,1,1,200093201
201500030237,2015-12-07,2015,décembre,lundi,08:50,59,59512,0,0,2,1,3,1,1,4,1,01,2,1,0,60,1,0,1,3,2,22,9,2,2,0,2,1,18,201500030237B01,7,16,1,200093201
201500030241,2015-12-25,2015,décembre,vendredi,16:00,59,59512,0,0,2,2,3,1,2,4,1,01,1,1,40,40,2,0,1,3,1,52,5,1,2,0,2,1,5,201500030241A01,7,15,1,200093201
201500030252,2015-01-13,2015,janvier,mardi,18:30,59,59512,0,0,2,1,3,5,2,4,1,01,1,-1,0,0,2,0,1,3,1,74,0,3,9,0,0,1,0,201500030252A01,7,1,1,200093201
201500030284,2015-09-21,2015,septembre,lundi,08:30,59,59526,50.43585,3.4393,1,1,2,1,1,3,-1,01,1,2,50,10,1,5,1,4,2,44,3,1,4,0,2,5,2,201500030284B01,7,2,1,200042190
201500030291,2015-01-04,2015,janvier,dimanche,11:30,59,59090,0,0,2,1,6,1,9,4,2,02,1,3,0,0,7,0,5,2,1,51,5,1,2,0,2,0,1,201500030291B01,7,15,1,200093201
201500030293,2015-01-05,2015,janvier,lundi,18:40,59,59279,0,0,2,6,3,5,1,4,2,02,1,-1,0,90,1,5,0,4,1,14,5,1,2,0,2,7,1,201500030293B01,7,0,1,200093201
201500030302,2015-04-10,2015,avril,vendredi,18:50,59,59352,50.74525,3.07933,1,3,3,1,1,3,2,02,1,1,0,100,1,0,1,3,1,49,5,1,2,0,2,3,0,201500030302A01,7,0,1,200093201
201500030333,2015-07-03,2015,juillet,vendredi,16:00,59,59152,0,0,2,3,2,1,1,4,2,02,1,1,0,60,1,0,0,4,2,69,5,1,9,0,2,0,0,201500030333B01,7,15,1,200093201
201500030335,2015-07-10,2015,juillet,vendredi,13:00,59,59421,0,0,2,1,7,1,1,4,2,02,1,1,0,60,1,0,1,4,1,44,5,1,9,0,0,0,0,201500030335A01,,,,200093201
201500030338,2015-07-04,2015,juillet,samedi,17:30,59,59090,0,0,2,6,1,1,1,3,-1,01,1,3,0,40,1,0,5,3,1,33,0,1,2,0,2,8,19,201500030338A01,7,16,1,200093201
201500030364,2015-10-05,2015,octobre,lundi,18:10,59,59152,50.75222,3.01355,2,2,3,1,1,3,2,02,-1,-1,0,0,-1,0,5,3,1,45,1,3,9,0,2,2,1,201500030364B01,7,15,1,200093201
201500030370,2015-11-10,2015,novembre,mardi,14:10,59,59508,0,0,2,3,1,1,1,4,,,,,,,,,,4,2,28,9,1,2,0,2,0,0,201500030370B01,7,16,1,200093201
201500030372,2015-11-18,2015,novembre,mercredi,11:45,59,59599,0,0,2,1,2,1,1,4,3,04,1,1,0,0,1,0,1,4,2,24,0,3,9,0,0,0,0,201500030372B01,7,17,1,200093201
201500030380,2015-12-07,2015,décembre,lundi,11:55,59,59599,0,0,1,3,3,1,1,4,4,03,1,1,0,0,1,5,1,4,1,52,5,1,2,0,2,1,1,201500030380B01,7,15,1,200093201
201500030381,2015-12-07,2015,décembre,lundi,16:15,59,59426,50.75475,3.17347,2,3,1,1,1,3,2,02,1,1,0,0,1,0,1,3,2,50,0,1,2,0,2,1,1,201500030381B01,7,1,1,200093201
201500030407,2015-03-25,2015,mars,mercredi,16:15,59,59606,0,0,2,9,1,1,1,4,1,01,1,2,0,0,1,0,1,4,1,63,5,3,9,0,2,1,1,201500030407B01,7,16,1,245901160
201500030416,2015-12-01,2015,décembre,mardi,17:15,59,59014,50.36833,3.51177,2,1,6,2,1,4,2,02,1,1,0,0,1,0,1,3,1,12,0,3,9,0,0,0,1,201500030416B01,7,0,1,245901160
201500030440,2015-08-12,2015,août,mercredi,18:50,59,59079,50.37975,3.50944,2,1,3,1,1,4,2,02,1,1,0,0,-1,0,1,3,2,5,5,3,2,0,2,1,19,201500030440B01,7,1,1,245901160
201500030441,2015-08-30,2015,août,dimanche,07:45,59,59491,50.39342,3.47136,2,1,6,2,1,3,2,02,1,1,0,0,1,0,0,2,1,81,0,1,2,0,0,0,0,201500030441B01,7,0,1,200042190
201500030458,2015-09-09,2015,septembre,mercredi,05:00,59,59479,50.4008,3.63983,1,1,2,3,5,3,2,02,-1,2,0,0,-1,0,1,3,1,39,1,1,4,0,0,4,1,201500030458B01,7,1,1,245901160
201500030475,2015-01-07,2015,janvier,mercredi,17:50,59,59014,0,0,2,3,6,5,8,4,2,02,1,-1,0,0,2,0,1,3,1,22,0,3,2,0,2,0,1,201500030475A01,7,23,1,245901160