Num_Acc,date,an,mois,jour,hrmn,dep,com,lat,long,agg,int,col,lum,atm,catr,circ,nbv,prof,plan,lartpc,larrout,surf,infra,situ,grav,sexe,age,trajet,secuexist,equipement,obs,obsm,choc,manv,vehiculeid,typevehicules,manoeuvehicules,numVehicules,_infos_commune.code_epci
201500033686,2015-07-17,2015,juillet,vendredi,06:56,76,76540,49.44562,1.0947,2,2,3,1,1,4,1,01,-1,1,0,0,1,0,1,4,2,23,1,1,2,0,2,1,1,201500033686B01,7,1,1,200023414
201500033698,2015-07-22,2015,juillet,mercredi,10:50,76,76575,49.39728,1.10309,2,3,3,1,1,3,2,02,1,1,0,0,1,0,1,3,1,44,5,2,2,0,2,8,19,201500033698B01,10,15,1,200023414
201500033705,2015-07-16,2015,juillet,jeudi,19:00,76,76681,49.41924,1.098,1,1,3,1,1,4,2,02,1,1,0,0,1,0,1,4,1,10,5,3,9,0,2,1,9,201500033705B01,7,0,1,200023414
201500033770,2015-11-09,2015,novembre,lundi,09:10,76,76410,49.48239,1.04278,2,2,3,1,1,3,2,04,1,1,0,60,1,5,1,4,1,51,1,1,2,0,0,0,0,201500033770B01,7,15,1,200023414
201500033796,2015-12-06,2015,décembre,dimanche,14:45,76,76322,49.38938,1.05615,2,1,2,1,1,3,3,04,1,1,0,0,1,0,1,4,1,31,5,1,2,0,2,4,2,201500033796B01,7,2,1,200023414
201500033809,2015-01-04,2015,janvier,dimanche,21:23,76,76005,49.40902,1.12109,2,6,3,5,1,3,1,02,1,2,0,0,1,5,1,4,1,30,5,2,9,0,2,1,2,201500033809B01,7,9,1,200023414
201500033811,2015-01-08,2015,janvier,jeudi,17:45,76,76540,49.44438,1.07095,2,1,3,5,1,5,3,05,1,1,15,70,2,0,4,4,1,30,1,2,2,0,2,1,21,201500033811A01,7,16,1,200023414
201500033826,2015-01-27,2015,janvier,mardi,16:40,76,76540,49.4502,1.10354,2,1,2,1,1,4,1,01,1,1,0,44,1,0,1,2,1,64,0,3,9,0,2,0,0,201500033826B01,13,1,1,200023414
201500033839,2015-03-12,2015,mars,jeudi,08:45,77,77108,48.87241,2.58951,2,1,6,1,1,3,1,01,-1,-1,0,0,-1,0,1,3,1,82,5,2,9,0,2,0,1,201500033839B01,7,16,1,200057958
201500033850,2015-07-28,2015,juillet,mardi,07:55,77,77108,48.87004,2.57542,2,9,3,2,8,4,2,02,1,1,0,0,2,0,1,3,1,53,1,1,2,0,0,7,13,201500033850B01,7,15,1,200057958
201500033854,2015-07-20,2015,juillet,lundi,15:50,77,77108,48.877,2.58551,2,1,6,1,1,4,3,00,1,1,0,0,1,0,1,1,1,18,5,1,2,0,1,0,0,201500033854A01,,,,200057958
201500033857,2015-11-11,2015,novembre,mercredi,12:25,77,77108,48.88483,2.61825,2,3,6,1,1,4,2,01,-1,-1,0,0,-1,0,1,3,1,75,5,3,9,0,0,0,0,201500033857B01,7,16,1,200057958
201500033869,2015-04-15,2015,avril,mercredi,18:50,77,77132,48.88094,2.78264,1,1,1,1,1,3,-1,02,1,1,0,0,1,0,1,4,1,61,0,3,2,0,0,0,0,201500033869B01,7,1,1,247700339
201500033905,2015-12-17,2015,décembre,jeudi,17:50,77,77186,48.48505,2.66556,1,1,2,3,1,3,2,02,1,1,0,0,1,0,1,3,1,29,2,2,4,0,2,4,2,201500033905B01,15,2,1,200072346
201500033945,2015-11-18,2015,novembre,mercredi,07:40,77,77124,0,0,2,3,3,1,1,3,2,00,1,1,0,0,1,5,1,4,1,16,2,2,9,0,2,3,15,201500033945B01,7,2,1,247700594
201500033994,2015-12-10,2015,décembre,jeudi,10:00,77,77288,48.53354,2.6548,2,1,3,1,1,4,1,02,1,1,0,63,1,0,1,4,1,44,4,1,2,0,2,3,21,201500033994B01,7,11,1,247700057
201500034008,2015-06-17,2015,juin,mercredi,09:40,77,77296,48.63687,2.57697,2,3,3,1,1,3,2,02,1,1,0,0,1,5,1,2,1,64,3,1,2,0,2,1,0,201500034008B01,14,0,1,200059228
201500034024,2015-12-03,2015,décembre,jeudi,11:15,77,77053,48.7037,2.60707,1,6,3,1,1,3,2,00,1,1,0,0,1,0,5,4,2,24,1,1,2,0,2,1,19,201500034024B01,7,0,1,247700644
201500034031,2015-03-06,2015,mars,vendredi,18:00,77,77305,48.39589,2.95438,2,1,3,1,1,4,1,01,1,1,0,0,1,0,1,3,1,12,5,1,9,0,2,1,19,201500034031B01,7,19,1,247700107
201500034037,2015-09-26,2015,septembre,samedi,12:20,77,77210,48.38114,2.90484,2,1,6,1,1,4,2,01,2,1,0,60,1,0,1,3,1,44,1,2,9,0,1,1,0,201500034037A01,,,,247700107
201500034052,2015-06-20,2015,juin,samedi,12:30,77,77302,48.29887,2.70018,2,3,3,1,1,4,2,02,1,1,0,0,1,0,1,3,1,11,5,1,2,0,2,1,15,201500034052B01,7,1,1,200023240
201500034057,2015-11-01,2015,novembre,dimanche,15:05,77,77458,48.18055,2.72113,1,1,5,1,1,3,2,02,2,3,0,70,1,0,1,3,2,48,9,1,2,0,2,1,1,201500034057A01,3,1,1,200023919
201500034057,2015-11-01,2015,novembre,dimanche,15:05,77,77458,48.18055,2.72113,1,1,5,1,1,3,2,02,2,3,0,70,1,0,1,3,1,55,9,1,2,0,2,1,1,201500034057C01,3,1,1,200023919
201500034063,2015-03-03,2015,mars,mardi,08:50,77,77083,48.84794,2.58557,2,1,1,1,1,4,2,02,2,1,0,0,1,0,1,4,1,43,5,1,2,0,2,1,1,201500034063B01,7,15,1,200057958
201500034065,2015-03-20,2015,mars,vendredi,19:00,77,77083,48.8343,2.5985,1,1,3,1,1,3,2,02,1,1,0,0,1,0,1,3,1,35,5,3,9,0,2,8,2,201500034065B01,7,2,1,200057958
201500034067,2015-03-27,2015,mars,vendredi,17:45,77,77146,48.82358,2.64059,2,6,3,1,1,3,3,04,1,1,0,0,1,5,1,4,1,46,5,1,2,0,2,1,1,201500034067B01,7,9,1,200057958
201500034078,2015-07-03,2015,juillet,vendredi,16:25,77,77146,48.82852,2.64239,2,6,2,1,1,3,1,02,1,2,0,0,1,5,1,4,1,26,1,3,9,0,2,4,1,201500034078B01,7,21,1,200057958
201500034083,2015-07-28,2015,juillet,mardi,14:10,77,77468,48.85598,2.65581,2,3,6,1,1,4,2,02,2,1,0,61,1,0,1,2,1,14,5,2,2,8,0,1,1,201500034083A01,,,,200057958
201500034101,2015-02-12,2015,février,jeudi,18:20,77,77169,48.80842,2.61855,2,1,6,2,1,4,2,02,1,1,0,0,1,0,1,4,2,13,5,2,2,0,2,1,19,201500034101B01,7,1,1,200057958
201500034113,2015-04-24,2015,avril,vendredi,17:25,77,77374,48.79596,2.71375,1,6,2,1,1,3,2,01,1,1,0,50,1,5,1,3,1,58,0,3,9,12,2,0,16,201500034113B01,15,16,1,247700594
201500034120,2015-06-09,2015,juin,mardi,07:20,77,77373,48.78314,2.61601,2,1,3,1,1,4,2,02,1,1,0,34,-1,0,1,4,1,67,5,3,9,0,2,8,19,201500034120B01,7,16,1,200057958
201500034140,2015-11-05,2015,novembre,jeudi,09:10,77,77373,48.796,2.60449,2,1,3,1,1,4,2,00,1,1,0,0,1,0,4,3,1,12,2,2,9,0,2,2,0,201500034140B01,10,20,1,200057958
201500034206,2015-04-24,2015,avril,vendredi,13:55,78,78624,0,0,1,6,2,1,1,3,1,02,-1,1,0,0,-1,5,0,3,1,68,5,1,2,0,0,8,2,201500034206B01,20,16,1,200059889
201500034229,2015-07-09,2015,juillet,jeudi,12:20,78,78624,49.00717,2.00735,2,1,3,1,1,3,2,02,1,1,0,73,1,0,1,4,1,42,9,3,2,0,2,0,1,201500034229B01,7,13,1,200059889
201500034258,2015-12-19,2015,décembre,samedi,18:05,78,78397,0,0,1,1,1,3,1,3,2,00,1,1,0,0,1,0,1,2,1,58,5,2,9,0,2,4,1,201500034258B01,7,1,1,200033173
201500034263,2015-03-12,2015,mars,jeudi,13:00,78,78208,0,0,2,1,3,1,1,3,2,02,-1,1,0,0,1,0,1,4,1,37,5,3,9,0,2,3,0,201500034263B01,7,15,1,200058782
201500034283,2015-06-16,2015,juin,mardi,18:50,78,78297,0,0,2,1,6,1,1,4,-1,01,1,-1,0,0,1,0,0,4,1,12,5,3,9,0,0,0,0,201500034283B01,7,4,1,200058782
201500034342,2015-06-04,2015,juin,jeudi,17:25,78,78440,0,0,2,3,3,1,1,3,2,02,-1,-1,0,0,-1,0,1,4,1,35,5,3,9,0,9,1,15,201500034342B01,37,1,1,200059889
201500034373,2015-02-27,2015,février,vendredi,11:40,78,78440,0,0,2,6,3,1,1,3,,,,,,,,,,4,1,40,1,3,4,0,2,1,0,201500034373B01,7,0,1,200059889
201500034382,2015-06-19,2015,juin,vendredi,17:05,78,78545,0,0,2,1,2,1,1,2,2,02,2,3,0,0,-1,0,1,3,1,31,1,1,2,0,2,1,2,201500034382A01,7,2,1,247800584
201500034415,2015-06-08,2015,juin,lundi,17:23,78,78517,48.64362,1.83841,2,3,3,1,1,3,3,02,1,-1,0,60,1,0,1,4,1,79,5,3,9,0,2,4,2,201500034415B01,7,2,1,200073344
201500034432,2015-03-24,2015,mars,mardi,21:25,78,78551,0,0,2,1,3,3,2,4,2,02,-1,-1,0,0,-1,0,1,4,1,65,0,1,2,0,0,0,0,201500034432B01,7,0,1,200058519
201500034439,2015-04-14,2015,avril,mardi,15:30,78,78350,48.8614,2.12326,2,1,3,1,1,4,1,01,-1,-1,0,40,1,0,1,4,1,44,5,2,2,0,2,0,0,201500034439B01,7,15,1,200058519
201500034488,2015-06-05,2015,juin,vendredi,09:00,78,78124,48.91608,2.17806,2,1,3,1,1,3,2,01,1,1,0,88,1,0,1,3,1,27,0,3,8,0,2,0,19,201500034488B01,7,14,1,200058519
201500034510,2015-11-07,2015,novembre,samedi,12:45,78,78124,48.91597,2.17783,2,5,1,1,1,3,2,02,2,1,35,100,1,0,1,3,1,40,1,3,9,0,2,1,1,201500034510B01,7,15,1,200058519
201500034512,2015-04-06,2015,avril,lundi,14:30,78,78586,0,0,2,1,3,1,1,3,-1,00,1,1,0,0,1,0,4,3,1,20,9,2,2,0,2,1,5,201500034512B01,7,0,1,200058519
201500034522,2015-12-13,2015,décembre,dimanche,17:00,78,78646,48.80225,2.12069,2,1,3,5,1,4,2,02,2,1,0,0,1,0,1,3,1,32,5,2,2,0,2,0,0,201500034522B01,7,4,1,247800584
201500034533,2015-05-27,2015,mai,mercredi,18:37,78,78646,48.80827,2.12721,2,1,6,1,1,4,2,00,1,1,0,0,1,0,5,3,1,39,5,3,9,0,1,1,1,201500034533A01,,,,247800584
201500034539,2015-06-07,2015,juin,dimanche,09:15,78,78640,48.7817,2.18139,2,1,2,1,1,3,1,02,1,1,0,57,1,0,1,4,1,46,9,1,2,0,2,1,2,201500034539B01,7,1,1,247800584
201500034558,2015-09-11,2015,septembre,vendredi,14:10,78,78646,0,0,2,1,2,1,1,4,2,02,1,1,0,0,1,0,1,4,1,52,5,2,9,0,2,4,2,201500034558B01,7,17,1,247800584
201500034568,2015-10-02,2015,octobre,vendredi,18:00,78,78117,48.85661,2.35222,2,1,3,1,1,4,2,02,-1,-1,0,0,-1,0,5,4,1,15,5,2,2,0,0,0,0,201500034568B01,7,15,1,247800584
201500034575,2015-11-27,2015,novembre,vendredi,22:15,78,78646,48.79487,2.13007,2,1,6,5,2,4,2,02,2,1,0,0,2,0,1,3,1,47,1,2,2,0,1,0,1,201500034575A01,,,,247800584
201500034581,2015-01-08,2015,janvier,jeudi,17:00,78,78117,0,0,2,6,7,5,2,4,2,02,1,1,0,0,2,0,1,4,1,56,1,1,2,0,0,0,0,201500034581B01,7,9,1,247800584
201500034604,2015-08-11,2015,août,mardi,12:10,79,79191,46.33459,-0.42817,2,1,2,1,1,3,-1,00,1,1,0,160,1,1,0,3,1,21,0,2,4,0,2,1,1,201500034604A01,7,9,1,200041317
201500034617,2015-01-04,2015,janvier,dimanche,11:05,79,79191,46.31168,-0.47935,2,1,7,1,1,4,2,03,1,1,0,150,2,0,1,3,2,65,3,3,9,0,0,0,0,201500034617A01,,,,200041317
201500034652,2015-10-08,2015,octobre,jeudi,14:50,80,80001,50.11179,1.83484,2,1,6,1,1,3,2,02,1,1,0,0,1,0,4,1,1,17,2,3,4,0,1,1,1,201500034652A01,,,,200070993
201500034658,2015-02-19,2015,février,jeudi,22:40,80,80021,49.89894,2.29088,2,6,1,5,1,4,2,02,1,1,0,0,1,0,1,4,2,26,0,2,2,0,2,1,5,201500034658A01,7,1,1,248000531
201500034676,2015-04-10,2015,avril,vendredi,08:50,80,80021,49.89433,2.28662,2,1,3,1,1,6,-1,00,1,1,0,0,9,0,1,3,1,18,2,3,9,0,2,1,19,201500034676B01,7,1,1,248000531
201500034682,2015-05-05,2015,mai,mardi,21:50,80,80021,49.89533,2.30615,2,3,1,5,1,4,2,02,1,1,0,0,1,0,1,4,1,28,5,2,2,0,2,1,1,201500034682B01,7,15,1,248000531
201500034682,2015-05-05,2015,mai,mardi,21:50,80,80021,49.89533,2.30615,2,3,1,5,1,4,2,02,1,1,0,0,1,0,1,1,1,24,0,2,2,0,2,1,1,201500034682B01,7,15,1,248000531
201500034692,2015-06-07,2015,juin,dimanche,15:00,80,80021,49.89155,2.2968,2,2,1,1,1,4,1,01,1,1,0,0,1,0,1,4,1,15,0,2,2,0,2,1,1,201500034692B01,7,15,1,248000531
201500034697,2015-06-18,2015,juin,jeudi,08:15,80,80021,49.88473,2.30035,2,3,3,1,2,4,1,01,2,1,0,0,2,0,1,4,1,26,1,2,2,0,2,1,1,201500034697B01,7,15,1,248000531
201500034700,2015-06-25,2015,juin,jeudi,07:50,80,80021,49.89871,2.29026,2,6,3,1,1,4,2,04,1,1,0,0,1,0,1,4,1,28,1,2,9,0,2,1,1,201500034700B01,7,9,1,248000531
201500034711,2015-07-09,2015,juillet,jeudi,10:50,80,80021,49.90281,2.30398,2,1,7,1,1,4,2,02,2,1,0,0,1,0,1,3,1,31,0,2,2,0,1,1,17,201500034711A01,,,,248000531
201500034739,2015-09-11,2015,septembre,vendredi,17:15,80,80021,49.88384,2.32387,2,1,2,1,1,4,2,03,2,1,0,0,1,0,1,4,1,15,5,2,2,0,2,1,1,201500034739B01,7,1,1,248000531
201500034745,2015-09-18,2015,septembre,vendredi,08:40,80,80021,49.90859,2.29157,2,2,1,1,1,4,2,02,1,1,0,0,1,0,1,4,1,17,5,2,2,0,2,1,1,201500034745A01,7,15,1,248000531
201500034755,2015-10-01,2015,octobre,jeudi,20:25,80,80021,49.88155,2.2851,2,2,3,5,1,4,2,02,1,1,0,0,1,0,1,4,2,24,0,3,9,0,2,7,19,201500034755B01,7,15,1,248000531
201500034766,2015-10-12,2015,octobre,lundi,14:05,80,80021,49.87479,2.27458,2,1,3,1,1,4,2,04,1,1,0,0,1,0,1,4,2,22,0,3,2,0,2,8,0,201500034766B01,7,1,1,248000531
201500034768,2015-10-13,2015,octobre,mardi,15:30,80,80021,49.87428,2.31788,2,6,3,1,1,4,2,02,1,2,0,0,1,0,1,4,2,44,0,2,2,0,2,6,1,201500034768B01,7,15,1,248000531
201500034772,2015-10-23,2015,octobre,vendredi,07:45,80,80021,49.89669,2.29783,2,1,7,2,1,4,1,01,2,1,0,0,1,0,1,1,1,21,0,2,2,0,1,1,1,201500034772A01,,,,248000531
201500034786,2015-11-10,2015,novembre,mardi,16:15,80,80021,49.89604,2.29773,2,2,3,1,1,4,1,01,2,1,0,0,1,0,1,4,2,23,5,2,2,0,2,1,1,201500034786B01,7,15,1,248000531
201500034797,2015-11-25,2015,novembre,mercredi,17:40,80,80021,49.89674,2.30042,2,6,2,5,2,4,2,03,1,2,0,0,2,0,1,4,2,17,5,2,2,0,2,4,1,201500034797A01,7,9,1,248000531
201500034802,2015-12-09,2015,décembre,mercredi,08:25,80,80021,49.88958,2.29341,2,1,3,2,1,4,3,03,1,1,0,0,1,0,1,4,1,34,1,2,2,0,2,1,1,201500034802B01,7,16,1,248000531
201500034805,2015-12-15,2015,décembre,mardi,17:20,80,80021,49.91153,2.30264,2,1,3,5,2,4,2,02,1,1,0,0,2,0,1,4,2,21,5,2,2,0,2,7,19,201500034805B01,2,3,1,248000531
201500034831,2015-01-22,2015,janvier,jeudi,13:15,80,80489,49.87052,2.35701,2,3,3,1,1,4,3,02,2,1,0,0,1,0,1,4,1,16,0,2,2,0,2,1,5,201500034831A01,7,16,1,248000531
201500034842,2015-02-05,2015,février,jeudi,17:10,80,80021,49.89138,2.3143,2,1,3,1,1,4,2,02,1,1,0,0,1,0,1,4,1,44,0,2,2,0,2,1,5,201500034842B01,7,9,1,248000531
201500034846,2015-02-10,2015,février,mardi,09:15,80,80021,49.89596,2.28977,2,1,3,1,1,4,2,03,1,1,0,0,2,0,1,4,1,13,0,3,2,0,2,3,1,201500034846A01,37,1,1,248000531
201500034856,2015-05-28,2015,mai,jeudi,13:00,81,81004,43.93054,2.14565,2,1,1,1,1,4,1,01,2,1,0,60,1,0,0,3,1,18,2,2,9,0,2,1,21,201500034856B01,7,9,1,248100737
201500034858,2015-06-23,2015,juin,mardi,10:30,81,81004,0,0,2,1,6,1,1,4,2,02,1,1,0,90,1,0,1,2,1,41,1,2,9,1,0,1,21,201500034858B01,7,22,1,248100737
201500034877,2015-06-02,2015,juin,mardi,18:45,81,81065,0,0,2,3,3,1,1,3,2,02,2,1,0,70,1,0,1,3,1,63,5,3,9,0,2,1,1,201500034877B01,7,15,1,248100430
201500034896,2015-04-09,2015,avril,jeudi,11:25,82,82033,44.05246,1.10106,2,9,2,1,1,3,2,02,1,1,0,0,1,0,1,3,2,83,5,3,9,0,2,5,2,201500034896B01,7,2,1,200066322
201500034908,2015-12-27,2015,décembre,dimanche,13:45,82,82121,44.07075,1.36685,1,2,3,1,1,4,2,02,1,1,0,0,1,0,1,3,1,66,5,2,2,0,2,1,1,201500034908B01,7,19,1,248200099
201500034916,2015-05-11,2015,mai,lundi,18:15,82,82121,44.01788,1.38599,2,2,3,1,1,3,2,02,1,2,0,0,1,0,1,3,1,81,5,2,2,11,2,8,1,201500034916B01,7,19,1,248200099
201500034917,2015-05-16,2015,mai,samedi,19:00,82,82121,44.01845,1.37153,2,1,3,1,1,4,2,02,1,1,0,0,1,0,1,3,2,56,3,2,2,0,2,1,1,201500034917B01,7,15,1,248200099
201500034933,2015-08-20,2015,août,jeudi,12:21,82,82121,43.99561,1.35061,1,6,3,1,7,4,1,01,1,2,0,0,1,0,1,4,2,48,3,2,2,0,2,1,1,201500034933B01,7,1,1,248200099
201500034937,2015-08-20,2015,août,jeudi,19:30,82,82121,44.01654,1.38319,2,1,6,1,1,4,2,02,1,1,0,0,1,0,1,3,1,56,5,2,9,0,0,0,0,201500034937B01,37,1,1,248200099
201500034957,2015-10-22,2015,octobre,jeudi,04:50,82,82121,44.01676,1.3438,2,1,2,5,1,4,-1,02,1,1,0,0,1,0,0,4,1,51,1,2,4,0,0,4,1,201500034957B01,7,1,1,248200099
201500034958,2015-01-22,2015,janvier,jeudi,16:50,82,82121,0,0,2,1,3,1,1,4,2,03,1,1,0,0,1,0,5,4,1,17,2,2,2,0,2,1,1,201500034958B01,7,15,1,248200099
201500035007,2015-03-23,2015,mars,lundi,14:05,83,83061,43.42866,6.73631,2,1,3,1,1,4,2,02,1,1,0,0,-1,0,1,3,1,79,5,3,9,0,2,8,19,201500035007A01,7,1,1,200035319
201500035010,2015-05-03,2015,mai,dimanche,18:15,83,83118,0,0,2,1,3,1,1,3,2,02,1,1,0,0,1,0,1,3,1,77,5,3,9,0,2,1,9,201500035010B01,7,1,1,200035319
201500035019,2015-04-30,2015,avril,jeudi,11:00,83,83061,43.43143,6.75287,2,1,3,1,1,4,2,02,1,1,0,29,1,0,1,3,2,66,5,1,9,0,2,8,1,201500035019B01,7,16,1,200035319
201500035028,2015-07-21,2015,juillet,mardi,16:15,83,83061,43.40326,6.72977,2,1,3,1,1,3,2,02,1,1,35,35,1,0,1,3,1,31,5,2,9,0,2,3,19,201500035028B01,33,17,1,200035319
201500035036,2015-09-27,2015,septembre,dimanche,09:25,83,83118,43.45181,6.83367,1,1,3,1,1,4,2,02,2,3,0,0,-1,0,1,3,1,63,5,2,2,5,0,2,1,201500035036A01,33,17,1,200035319
201500035041,2015-12-09,2015,décembre,mercredi,15:05,83,83118,43.42219,6.7686,2,3,3,1,1,4,1,01,1,1,,30,1,0,1,3,1,87,5,2,9,0,0,0,0,201500035041B01,10,4,1,200035319
201500035053,2015-04-04,2015,avril,samedi,16:10,83,83069,43.10569,6.17581,2,6,3,1,1,4,1,01,1,1,0,48,1,0,0,3,1,65,5,1,2,0,2,7,19,201500035053A01,7,0,1,248300543
201500035075,2015-09-14,2015,septembre,lundi,13:20,83,83069,43.15502,6.12883,1,1,5,1,1,3,2,02,1,2,0,60,1,0,1,3,1,70,5,1,2,0,2,8,1,201500035075B01,7,2 / 5,3,248300543
201500035077,2015-09-17,2015,septembre,jeudi,09:20,83,83069,43.08025,6.14933,1,1,2,1,1,3,1,02,1,2,0,82,1,0,1,3,1,70,5,1,2,0,2,4,2,201500035077B01,7,2,1,248300543
201500035084,2015-01-04,2015,janvier,dimanche,20:50,83,83034,0,0,1,6,3,5,1,3,-1,02,1,1,0,0,1,0,1,3,1,39,5,3,9,0,0,4,1,201500035084B01,7,1,1,248300543
201500035088,2015-12-18,2015,décembre,vendredi,10:00,83,83069,43.08285,6.14968,2,1,3,1,1,3,-1,02,1,2,0,70,1,0,1,3,1,64,5,3,9,0,2,4,1,201500035088B01,7,9,1,248300543
201500035091,2015-01-13,2015,janvier,mardi,10:55,83,83034,0,0,1,1,6,1,1,3,2,02,1,1,0,70,1,0,1,3,1,86,5,3,9,0,9,0,2,201500035091B01,33,2,1,248300543
201500035101,2015-04-01,2015,avril,mercredi,19:00,83,83129,43.10794,5.81472,2,1,3,1,6,3,3,01,1,3,20,40,1,5,1,3,2,56,3,3,9,0,2,1,19,201500035101A01,7,1,1,248300543
201500035102,2015-04-09,2015,avril,jeudi,15:30,83,83009,43.14927,5.75067,1,6,3,1,1,3,1,02,1,2,0,70,1,5,1,4,1,57,5,3,9,0,2,0,0,201500035102B01,7,16,1,248300394
201500035107,2015-02-26,2015,février,jeudi,10:25,83,83129,43.09753,5.81205,2,1,3,1,1,4,2,01,4,1,0,0,1,0,1,4,1,46,5,1,2,0,2,8,1,201500035107A01,7,16,1,248300543
201500035114,2015-06-03,2015,juin,mercredi,12:10,83,83009,43.149,5.76374,2,6,2,1,1,3,-1,01,2,3,0,94,1,5,0,4,1,65,5,1,2,0,2,4,0,201500035114B01,7,9,1,248300394
201500035120,2015-06-29,2015,juin,lundi,10:40,83,83129,43.1024,5.82137,2,9,3,1,1,3,3,02,1,-1,0,0,1,0,1,3,2,68,5,3,2,0,0,0,0,201500035120B01,3,1,1,248300543
201500035136,2015-07-29,2015,juillet,mercredi,08:10,83,83009,43.14942,5.76453,1,1,6,1,1,3,3,01,1,1,15,40,1,0,1,4,1,74,5,1,2,0,2,1,2,201500035136A01,15,2,1,248300394
201500035183,2015-05-27,2015,mai,mercredi,17:45,83,83126,43.08905,5.89505,2,3,3,1,1,4,-1,00,2,2,0,60,1,0,0,4,1,32,0,1,2,0,2,1,1,201500035183B01,7,15,1,248300543
201500035198,2015-08-05,2015,août,mercredi,18:30,83,83126,43.08697,5.88098,2,1,3,1,1,3,3,01,1,1,0,0,1,0,1,3,2,33,5,2,9,0,2,8,13,201500035198B01,33,1,1,248300543
201500035220,2015-01-15,2015,janvier,jeudi,16:55,83,83137,43.12469,5.93078,2,2,6,1,1,3,1,01,1,1,0,80,1,0,1,1,1,26,0,1,2,0,1,1,1,201500035220A01,,,,248300543
201500035230,2015-01-26,2015,janvier,lundi,15:00,83,83137,43.12715,5.98154,2,1,6,1,1,4,2,02,1,1,0,60,1,0,1,4,1,17,0,1,2,0,2,0,2,201500035230A01,2,2,1,248300543
201500035237,2015-04-04,2015,avril,samedi,11:15,83,83090,0,0,1,1,6,1,1,3,2,02,3,3,0,0,1,0,3,4,1,61,5,1,2,1,0,1,1,201500035237B01,,,,248300543
201500035251,2015-04-14,2015,avril,mardi,13:00,83,83137,0,0,2,4,2,1,1,3,2,01,1,3,0,47,1,5,1,4,2,20,1,1,2,0,0,0,0,201500035251A01,2,2,1,248300543
201500035255,2015-04-08,2015,avril,mercredi,12:25,83,83062,43.12708,6.01097,2,1,6,1,1,4,3,02,1,1,0,70,1,0,0,4,1,15,2,2,2,1,0,1,2,201500035255B01,7,0,1,248300543
201500035279,2015-05-10,2015,mai,dimanche,10:00,83,83137,43.1183,5.94583,2,2,3,1,1,9,2,02,1,1,0,0,1,5,1,3,1,66,5,3,9,0,2,7,19,201500035279A01,7,1,1,248300543
201500035284,2015-03-04,2015,mars,mercredi,09:10,83,83062,43.11476,6.04711,1,1,3,1,1,4,-1,01,1,1,0,40,1,0,1,4,2,54,1,3,9,0,2,1,1,201500035284B01,7,16,1,248300543
201500035308,2015-06-03,2015,juin,mercredi,12:00,83,83137,43.12155,5.93725,2,1,7,1,1,4,-1,01,1,1,10,25,1,6,0,4,1,68,5,1,2,0,1,0,0,201500035308A01,,,,248300543
201500035317,2015-06-18,2015,juin,jeudi,09:30,83,83098,43.10329,6.02369,2,1,3,1,1,3,2,02,2,1,0,65,1,0,1,3,1,54,5,1,2,0,2,8,1,201500035317B01,7,15,1,248300543
201500035325,2015-06-29,2015,juin,lundi,23:00,83,83137,43.12165,5.93672,2,3,3,5,1,4,2,02,-1,-1,0,0,-1,0,1,3,1,13,5,3,9,0,0,0,0,201500035325B01,7,16,1,248300543
201500035342,2015-08-02,2015,août,dimanche,09:10,83,83137,43.12182,5.9556,2,1,3,1,1,4,4,03,1,1,20,90,1,1,5,3,1,58,5,1,2,0,2,0,1,201500035342B01,7,16,1,248300543
201500035366,2015-09-14,2015,septembre,lundi,10:30,83,83098,43.10793,6.03131,1,1,6,1,1,3,2,02,1,2,0,0,1,0,5,1,1,58,5,1,2,0,1,1,13,201500035366A01,,,,248300543
201500035373,2015-09-23,2015,septembre,mercredi,11:40,83,83137,43.13464,5.93208,2,3,3,1,1,4,1,01,1,1,0,0,1,0,1,4,1,38,0,1,2,0,2,1,21,201500035373B01,7,15,1,248300543
201500035396,2015-11-16,2015,novembre,lundi,14:00,83,83062,43.12488,6.0081,2,6,3,1,1,4,2,02,1,2,0,70,1,0,0,4,1,27,1,1,2,0,2,1,1,201500035396B01,7,1,1,248300543
201500035442,2015-04-04,2015,avril,samedi,16:40,84,84007,43.9328,4.80982,1,1,3,1,1,2,2,02,1,1,0,70,1,0,1,3,1,78,3,3,2,0,2,7,19,201500035442B01,7,1,1,248400251
201500035461,2015-05-08,2015,mai,vendredi,20:25,84,84007,43.93419,4.83191,2,5,3,2,1,3,3,06,1,1,20,150,1,5,1,4,1,48,5,3,2,0,2,8,19,201500035461B01,34,1,1,248400251
201500035467,2015-11-28,2015,novembre,samedi,08:46,84,84007,43.93588,4.82317,2,2,3,1,1,4,2,00,1,1,0,45,1,0,1,3,1,57,1,2,2,0,2,1,1,201500035467B01,10,0,1,248400251
201500035486,2015-04-15,2015,avril,mercredi,09:20,84,84035,43.82796,5.03371,2,6,3,1,1,4,2,01,1,3,0,50,1,5,1,4,1,70,5,1,2,0,2,0,0,201500035486A01,7,1,1,200040442
201500035491,2015-05-13,2015,mai,mercredi,19:40,84,84087,44.1415,4.81271,2,1,3,1,1,4,2,02,1,2,0,62,1,0,1,3,1,5,5,1,2,0,2,1,0,201500035491B01,7,15,1,248400236