Num_Acc,date,an,mois,jour,hrmn,dep,com,lat,long,agg,int,col,lum,atm,catr,circ,nbv,prof,plan,lartpc,larrout,surf,infra,situ,grav,sexe,age,trajet,secuexist,equipement,obs,obsm,choc,manv,vehiculeid,typevehicules,manoeuvehicules,numVehicules,_infos_commune.code_epci
201500043637,2015-12-12,2015,décembre,samedi,20:10,94,94067,0,0,2,3,1,5,1,3,1,01,1,1,0,0,1,0,1,4,2,32,5,2,9,0,2,0,0,201500043637B01,7,15,1,200054781
201500043642,2015-12-29,2015,décembre,mardi,10:15,94,94080,0,0,2,3,3,1,1,3,2,02,1,1,0,0,1,0,1,4,1,32,1,2,9,0,2,1,1,201500043642B01,7,22,1,200054781
201500043652,2015-01-28,2015,janvier,mercredi,08:05,94,94081,0,0,2,3,3,3,1,4,1,01,1,1,0,0,1,0,1,4,1,45,1,3,4,0,0,6,2,201500043652B01,7,15,1,200054781
201500043654,2015-01-29,2015,janvier,jeudi,21:00,94,94081,0,0,2,1,2,5,2,3,2,02,2,1,0,60,2,0,1,4,1,55,9,3,4,0,2,4,2,201500043654B01,7,2,1,200054781
201500043701,2015-05-23,2015,mai,samedi,16:45,94,94081,0,0,2,1,6,1,1,4,1,00,1,1,0,0,1,0,1,4,1,38,5,2,2,1,2,1,1,201500043701A01,7,1,1,200054781
201500043727,2015-07-12,2015,juillet,dimanche,21:10,94,94081,0,0,2,1,6,2,1,3,2,02,2,1,0,60,1,0,1,3,1,58,0,1,4,0,2,1,17,201500043727B01,37,1,1,200054781
201500043810,2015-04-27,2015,avril,lundi,16:50,95,95176,48.9785,2.2045,2,1,6,1,1,4,2,02,2,3,,,1,0,1,4,1,18,5,2,2,6,0,3,13,201500043810A01,,,,200058485
201500043811,2015-02-07,2015,février,samedi,14:50,95,95018,48.9359,2.2264,2,4,3,1,1,3,3,02,1,1,,,1,0,1,4,1,11,5,2,9,0,2,1,16,201500043811B01,7,1,1,200054781
201500043818,2015-05-06,2015,mai,mercredi,14:00,95,95176,48.9669,2.1937,2,2,6,1,1,4,2,02,1,1,,,1,0,1,4,2,52,4,1,2,14,0,9,1,201500043818A01,,,,200058485
201500043830,2015-05-27,2015,mai,mercredi,16:51,95,95018,48.9516,2.2794,2,1,3,1,1,4,1,01,1,3,,,1,0,1,3,1,5,5,3,9,0,2,2,19,201500043830B01,7,1,1,200054781
201500043841,2015-06-20,2015,juin,samedi,23:24,95,95018,48.9583,2.2284,2,1,3,4,1,3,2,02,2,1,,,1,0,1,3,1,12,5,3,9,0,2,8,1,201500043841B01,7,17,1,200054781
201500043870,2015-09-14,2015,septembre,lundi,12:45,95,95018,48.9303,2.2276,2,1,3,1,1,4,2,02,1,1,,,1,0,1,4,1,45,5,1,2,0,2,3,1,201500043870A01,7,1,1,200054781
201500043914,2015-12-13,2015,décembre,dimanche,21:27,95,95018,48.9635,2.2142,1,1,2,3,1,3,2,02,1,2,,,1,0,1,3,1,34,5,2,4,8,2,4,2,201500043914A01,7,1,1,200054781
201500043950,2015-02-26,2015,février,jeudi,16:25,95,95183,49.0444,2.0061,2,6,3,1,3,4,3,02,1,1,,,2,0,1,3,1,65,5,1,4,0,2,9,2,201500043950B01,10,9,1,249500109
201500043953,2015-04-29,2015,avril,mercredi,22:30,95,95572,49.0352,2.1228,2,6,3,5,2,3,2,01,1,2,,,2,5,1,3,1,30,5,1,2,0,2,4,9,201500043953B01,7,1,1,249500109
201500043954,2015-05-02,2015,mai,samedi,17:34,95,95572,49.0536,2.1185,2,3,3,1,2,4,2,02,1,1,,,2,0,0,3,1,18,5,1,2,0,2,1,1,201500043954B01,7,15,1,249500109
201500043965,2015-08-01,2015,août,samedi,16:30,95,95500,49.0561,2.0833,2,1,2,1,1,4,2,02,2,1,,,1,0,1,4,1,25,5,2,2,0,2,1,1,201500043965A01,7,23,1,249500109
201500043970,2015-09-02,2015,septembre,mercredi,12:35,95,95637,49.0324,2.01569,2,1,3,1,1,4,2,01,1,3,,,1,5,1,3,1,76,5,2,9,0,2,7,19,201500043970B01,7,1,1,249500109
201500043973,2015-09-19,2015,septembre,samedi,18:10,95,95572,49.0433,2.1079,2,4,6,1,1,3,2,02,1,3,,,1,0,4,3,1,20,5,1,2,12,0,9,1,201500043973A01,,,,249500109
201500043974,2015-10-03,2015,octobre,samedi,13:35,95,95127,49.0497,2.0371,2,1,3,1,1,4,2,02,1,1,,,1,0,1,4,1,18,5,3,9,0,2,7,19,201500043974B01,7,1,1,249500109
201500043975,2015-10-17,2015,octobre,samedi,15:20,95,95127,49.0471,2.0222,2,6,3,1,1,4,1,02,1,2,,,1,0,1,3,1,21,1,2,9,0,2,2,1,201500043975A01,7,9,1,249500109
201500043978,2015-11-09,2015,novembre,lundi,19:00,95,95127,49.0347,2.0828,2,6,3,5,1,4,3,04,-1,-1,,,-1,0,1,3,1,21,5,1,2,0,2,4,2,201500043978B01,7,11,1,249500109
201500044019,2015-12-04,2015,décembre,vendredi,10:05,95,95288,48.9894,2.3569,2,4,3,1,1,4,2,02,2,2,,,1,0,1,4,1,30,4,3,9,0,2,3,1,201500044019B01,7,15,1,200056380
201500044041,2015-06-12,2015,juin,vendredi,07:30,95,95555,48.9601,2.2799,2,1,3,1,1,3,2,02,2,1,,,1,0,1,4,1,32,1,1,2,0,2,4,2,201500044041B01,7,1,1,200056380
201500044054,2015-09-23,2015,septembre,mercredi,16:20,95,95210,48.9699,2.3061,1,1,6,1,1,4,1,01,1,1,,,1,0,1,1,1,11,5,2,9,0,1,1,1,201500044054A01,,,,200056380
201500044058,2015-10-13,2015,octobre,mardi,08:20,95,95598,48.9952,2.3027,2,1,2,1,1,3,2,02,1,1,,,1,0,1,4,1,16,2,3,9,0,2,4,2,201500044058B01,7,1,1,200056380
201500044064,2015-11-05,2015,novembre,jeudi,16:20,95,95428,48.9816,2.3213,2,1,3,1,1,3,2,02,2,1,,,1,0,1,4,1,20,2,2,2,0,2,1,1,201500044064B01,7,15,1,200056380
201500044067,2015-11-12,2015,novembre,jeudi,08:05,95,95428,48.9756,2.3142,2,1,3,5,1,3,2,02,1,1,,,1,0,1,4,1,78,5,2,2,0,2,1,15,201500044067B01,7,17,1,200056380
201500044076,2015-03-08,2015,mars,dimanche,20:25,95,95252,48.9923,2.2374,2,3,3,5,1,4,2,01,1,1,,,1,0,1,3,1,52,1,3,9,0,2,1,1,201500044076A01,7,15,1,200058485
201500044082,2015-03-24,2015,mars,mardi,12:20,95,95252,48.9913,2.2064,2,2,3,1,1,4,2,02,1,1,,,1,0,1,4,1,63,3,1,2,0,2,3,1,201500044082B01,7,1,1,200058485
201500044086,2015-02-02,2015,février,lundi,18:40,95,95219,48.9802,2.2621,2,6,3,5,1,4,2,02,1,1,,,1,0,1,4,1,20,5,2,4,0,2,7,15,201500044086B01,7,9,1,200058485
201500044088,2015-02-03,2015,février,mardi,09:15,95,95219,48.9801,2.2574,2,3,3,1,1,4,2,02,1,1,,,1,0,1,4,1,13,2,2,2,0,2,1,1,201500044088A01,7,16,1,200058485
201500044095,2015-05-19,2015,mai,mardi,08:20,95,95426,49.0069,2.2796,2,1,3,1,1,4,1,01,1,1,,,1,0,1,3,1,71,5,2,2,0,2,7,5,201500044095B01,7,1,1,200056380
201500044103,2015-06-09,2015,juin,mardi,12:30,95,95219,48.9891,2.2586,2,6,3,1,1,3,1,02,1,2,,,1,0,1,4,2,17,5,2,2,0,2,1,1,201500044103B01,7,9,1,200058485
201500044111,2015-07-02,2015,juillet,jeudi,13:50,95,95491,49.0009,2.2421,2,2,3,1,1,4,1,01,1,1,,,1,0,1,4,1,20,5,3,9,0,2,7,1,201500044111B01,7,1,1,200058485
201500044117,2015-08-01,2015,août,samedi,09:40,95,95491,49.0003,2.2417,2,1,3,1,1,3,2,02,1,1,,,1,0,0,3,1,49,5,1,2,0,2,7,9,201500044117B01,7,1,1,200058485
201500044125,2015-09-06,2015,septembre,dimanche,20:15,95,95219,48.9966,2.2547,2,1,1,1,1,3,2,02,1,1,,,1,0,1,4,1,27,5,1,2,1,0,3,1,201500044125B01,7,22,1,200058485
201500044126,2015-09-07,2015,septembre,lundi,11:55,95,95203,48.9957,2.2735,2,1,3,1,1,3,2,02,1,1,,,1,0,1,4,1,63,5,1,2,0,2,7,2,201500044126B01,7,1,1,200058485
201500044134,2015-10-15,2015,octobre,jeudi,14:10,95,95252,48.9941,2.2369,2,1,3,1,8,4,1,01,1,1,,,1,0,1,3,1,22,3,3,9,0,2,1,1,201500044134B01,7,22,1,200058485
201500044137,2015-10-18,2015,octobre,dimanche,18:00,95,95203,48.9949,2.2754,2,6,3,1,1,3,2,02,1,1,,,1,0,1,4,1,24,5,1,9,0,2,7,15,201500044137B01,7,9,1,200058485
201500044138,2015-09-21,2015,septembre,lundi,16:15,95,95426,49.0131,2.2862,2,1,2,1,1,3,1,01,1,1,,,1,0,1,4,2,61,5,2,9,0,2,4,2,201500044138A01,7,0,1,200056380
201500044139,2015-10-29,2015,octobre,jeudi,11:40,95,95219,48.9824,2.2611,2,1,2,1,1,4,2,02,1,1,,,1,0,1,3,1,83,5,1,2,0,2,1,16,201500044139B01,7,16,1,200058485
201500044140,2015-11-05,2015,novembre,jeudi,10:10,95,95203,48.9956,2.2761,2,1,3,1,1,3,2,02,1,1,,,1,0,1,4,1,61,5,1,2,0,2,2,1,201500044140B01,7,9,1,200058485
201500044142,2015-11-06,2015,novembre,vendredi,16:40,95,95203,48.9939,2.2736,2,3,3,1,2,3,1,01,1,1,,,2,0,5,3,1,76,5,3,9,0,2,7,1,201500044142B01,7,15,1,200058485
201500044145,2015-11-12,2015,novembre,jeudi,20:30,95,95219,48.9959,2.2535,2,1,2,5,1,4,2,02,1,1,,,1,0,1,4,1,12,5,1,9,1,0,1,1,201500044145A01,7,23,1,200058485
201500044194,2015-08-17,2015,août,lundi,22:15,95,95280,49.0324,2.4719,2,3,3,5,1,4,2,02,1,1,,,1,0,1,3,1,20,5,3,9,0,2,1,1,201500044194B01,7,1,1,200055655
201500044195,2015-09-12,2015,septembre,samedi,21:25,95,95019,48.9856,2.4239,2,6,3,3,2,3,2,02,1,1,,,2,5,1,3,1,23,5,2,2,0,2,7,17,201500044195B01,7,15,1,200055655
201500044210,2015-04-08,2015,avril,mercredi,16:00,95,95280,49.0313,2.4746,2,2,3,1,1,4,2,02,1,1,,,1,0,0,4,1,14,5,3,9,0,2,2,1,201500044210A01,7,1,1,200055655
201500044312,2015-05-22,2015,mai,vendredi,17:55,95,95539,48.9956,2.3441,2,1,7,1,1,3,2,02,2,3,,,1,0,3,3,1,17,5,3,9,16,0,1,13,201500044312A01,,,,200056380
201500044312,2015-05-22,2015,mai,vendredi,17:55,95,95539,48.9956,2.3441,2,1,7,1,1,3,2,02,2,3,,,1,0,3,3,1,17,5,3,9,16,0,1,13,201500044312A01,,,,200056380
201500044339,2015-09-26,2015,septembre,samedi,20:40,95,95585,48.9787,2.3929,2,1,6,5,1,4,2,02,1,1,,,1,0,1,1,1,19,5,1,2,0,1,1,1,201500044339A01,,,,200055655
201500044363,2015-10-16,2015,octobre,vendredi,15:45,95,95585,48.9952,2.3842,2,1,3,1,2,4,2,02,1,1,,,2,0,1,3,1,17,2,2,2,0,2,3,17,201500044363A01,7,1,1,200055655
201500044371,2015-06-30,2015,juin,mardi,10:20,95,95060,49.0424,2.2074,2,4,3,1,1,3,2,02,1,1,,,1,0,1,4,1,63,5,1,2,0,2,1,1,201500044371B01,7,15,1,200058485
201500044384,2015-05-24,2015,mai,dimanche,12:00,95,95607,49.0254,2.2137,2,2,3,1,1,3,2,02,1,1,,,1,0,1,4,1,56,5,1,2,0,2,8,1,201500044384B01,7,15,1,200058485
201500044441,2015-01-17,2015,janvier,samedi,17:20,69,69381,45.775,4.83717,2,1,6,5,1,4,2,02,1,1,0,73,1,0,1,1,1,28,1,3,9,0,1,1,1,201500044441A01,,,,200046977
201500045167,2015-02-08,2015,février,dimanche,02:40,93,93006,48.8646,2.41233,1,1,7,3,1,1,1,02,2,1,0,70,2,3,1,1,1,25,0,1,9,0,0,0,0,201500045167B01,34,0,1,200054781
201500045167,2015-02-08,2015,février,dimanche,02:40,93,93006,48.8646,2.41233,1,1,7,3,1,1,1,02,2,1,0,70,2,3,1,1,1,27,0,1,9,0,0,0,0,201500045167C01,34,0,1,200054781
201500045186,2015-02-14,2015,février,samedi,13:30,95,95018,0,0,1,1,6,1,2,1,1,01,2,3,,,2,3,1,4,1,34,5,1,2,5,0,8,14,201500045186A01,,,,200054781
201500046100,2015-11-16,2015,novembre,lundi,08:40,95,95582,48.9682,2.2743,1,1,2,1,1,3,3,04,1,1,,,1,0,1,4,1,34,1,1,2,0,0,4,2,201500046100B01,7,1,1,200058485
201500046758,2015-11-10,2015,novembre,mardi,10:15,92,92064,0,0,1,1,6,1,1,2,3,03,3,2,15,35,1,0,1,4,1,20,1,1,2,0,2,3,15,201500046758A01,,,,200054781
201500047658,2015-04-10,2015,avril,vendredi,22:15,2B,2B033,0,0,2,1,3,5,1,4,2,02,1,1,0,80,1,0,1,4,2,34,9,1,9,0,2,3,19,201500047658A01,32,1,1,242000354
201500047715,2015-07-03,2015,juillet,vendredi,12:10,2B,2B120,42.37256,9.26121,2,1,1,1,1,2,2,04,1,1,0,80,1,0,1,3,1,18,0,1,2,0,2,1,18,201500047715A01,10,16,1,242000354
201500047715,2015-07-03,2015,juillet,vendredi,12:10,2B,2B120,42.37256,9.26121,2,1,1,1,1,2,2,04,1,1,0,80,1,0,1,1,1,22,1,1,2,0,2,1,18,201500047715A01,10,16,1,242000354
201500047759,2015-10-09,2015,octobre,vendredi,13:50,2B,2B033,42.67736,9.43397,2,1,3,1,1,4,2,01,2,1,100,100,1,0,1,4,1,50,0,1,2,0,2,1,17,201500047759B01,10,15,1,242000354
201500047804,2015-03-20,2015,mars,vendredi,02:20,69,69034,45.7812,4.84243,2,2,3,5,1,4,-1,03,1,1,70,70,1,0,0,3,1,22,5,2,2,0,2,0,0,201500047804B01,7,1,1,200046977
201500047809,2015-03-20,2015,mars,vendredi,15:50,69,69382,45.7543,4.83051,2,1,3,1,1,4,1,03,4,-1,0,72,1,0,1,4,1,61,5,1,2,0,2,3,2,201500047809B01,7,1,1,200046977
201500047810,2015-03-10,2015,mars,mardi,11:10,69,69382,0,0,2,1,3,1,1,4,1,03,1,1,0,35,1,0,5,4,2,34,4,1,2,0,2,1,1,201500047810B01,7,22,1,200046977
201500047816,2015-03-22,2015,mars,dimanche,14:40,69,69142,45.7276,4.81617,2,1,3,1,1,4,2,01,2,1,0,65,1,0,1,3,1,17,5,2,2,0,9,1,15,201500047816A01,1,1,1,200046977
201500047816,2015-03-22,2015,mars,dimanche,14:40,69,69142,45.7276,4.81617,2,1,3,1,1,4,2,01,2,1,0,65,1,0,1,1,1,42,5,1,2,0,9,2,1,201500047816B01,1,15,1,200046977
201500047828,2015-03-30,2015,mars,lundi,07:00,69,69389,0,0,1,1,3,2,2,4,2,00,2,1,0,97,2,0,1,4,1,51,0,1,2,0,2,1,1,201500047828B01,7,24,1,200046977
201500047845,2015-04-08,2015,avril,mercredi,12:00,69,69382,0,0,2,3,3,1,1,4,1,03,1,1,0,0,1,0,1,4,1,55,5,2,2,0,2,1,1,201500047845A01,7,1,1,200046977
201500047872,2015-04-30,2015,avril,jeudi,15:50,69,69149,45.7203,4.80092,2,9,6,1,1,4,2,01,1,1,0,54,1,0,1,4,1,58,5,1,2,1,2,7,1,201500047872B01,7,1,1,200046977
201500047887,2015-05-11,2015,mai,lundi,16:15,69,69382,0,0,1,1,6,1,1,4,2,00,1,1,0,99,1,0,5,1,1,28,5,1,2,0,1,0,1,201500047887A01,,,,200046977
201500047896,2015-05-16,2015,mai,samedi,15:30,69,69389,0,0,2,1,2,1,1,4,2,03,1,1,0,87,1,0,1,4,1,26,5,1,9,1,0,1,21,201500047896A01,37,24,1,200046977
201500047897,2015-05-17,2015,mai,dimanche,00:55,69,69382,0,0,2,1,3,5,1,4,2,03,1,1,0,172,1,0,1,4,2,35,5,2,2,0,2,7,1,201500047897B01,7,2,1,200046977
201500047902,2015-05-20,2015,mai,mercredi,13:25,69,69202,45.7412,4.78842,1,1,7,1,1,4,2,00,2,3,0,74,-1,0,1,4,1,68,0,2,9,0,0,0,0,201500047902A01,,,,200046977
201500047904,2015-05-20,2015,mai,mercredi,12:15,69,69381,45.77034,4.82995,2,1,1,1,1,4,2,01,2,1,0,64,1,0,1,4,1,14,0,1,2,0,2,0,0,201500047904B01,7,13,1,200046977
201500047909,2015-05-22,2015,mai,vendredi,14:10,69,69382,0,0,2,1,6,1,1,4,1,01,1,1,0,0,1,0,5,1,1,20,5,2,2,0,1,1,0,201500047909A01,,,,200046977
201500047912,2015-05-24,2015,mai,dimanche,17:20,69,69149,45.7197,4.80081,2,1,1,1,1,4,2,02,1,1,0,87,1,0,1,3,1,53,5,1,2,0,2,1,5,201500047912B01,7,15,1,200046977
201500047915,2015-05-26,2015,mai,mardi,13:25,69,69149,45.7132,4.80908,2,1,3,1,1,4,1,01,2,1,0,72,1,0,1,4,1,15,2,2,9,0,2,1,1,201500047915A01,7,1,1,200046977
201500047921,2015-05-28,2015,mai,jeudi,12:15,69,69034,45.7884,4.83983,2,1,6,1,1,4,2,02,1,1,0,70,1,0,1,3,1,45,1,1,2,1,0,0,0,201500047921B01,7,0,1,200046977
201500047925,2015-05-30,2015,mai,samedi,15:30,69,69389,0,0,2,1,6,1,1,4,1,00,2,1,0,70,1,0,5,3,1,49,0,3,9,0,1,0,5,201500047925A01,,,,200046977
201500047927,2015-06-02,2015,juin,mardi,09:50,69,69389,0,0,2,1,2,1,1,4,1,01,1,1,0,30,1,0,1,4,1,36,0,3,9,0,0,0,0,201500047927B01,7,1,1,200046977
201500047928,2015-06-02,2015,juin,mardi,14:20,69,69389,0,0,2,1,3,1,1,4,2,02,2,1,0,100,1,0,1,3,1,31,0,1,2,0,2,0,0,201500047928B01,7,15,1,200046977
201500047948,2015-06-11,2015,juin,jeudi,18:34,69,69286,45.8203,4.89547,2,3,3,1,1,3,-1,02,1,1,0,0,1,0,1,3,2,6,5,1,2,0,2,3,0,201500047948B01,99,1,1,200046977
201500047952,2015-06-13,2015,juin,samedi,10:00,69,69149,45.7167,4.79017,2,1,3,1,1,4,-1,01,2,1,0,58,1,0,4,3,1,15,5,2,2,0,2,1,1,201500047952A01,7,16,1,200046977
201500047953,2015-06-10,2015,juin,mercredi,07:30,69,69034,45.7862,4.84894,2,1,3,1,1,4,1,01,1,1,0,0,1,0,4,4,2,21,1,1,2,0,2,0,0,201500047953B01,7,0,1,200046977
201500047954,2015-06-10,2015,juin,mercredi,08:00,69,69381,45.7729,4.8308,2,1,3,1,1,4,1,01,1,1,0,29,1,0,1,4,1,61,1,1,2,0,2,2,19,201500047954B01,7,2,1,200046977
201500047958,2015-06-13,2015,juin,samedi,22:15,69,69381,0,0,2,7,6,5,3,9,2,00,1,1,0,0,2,6,4,3,1,25,5,3,8,0,1,1,1,201500047958A01,,,,200046977
201500047968,2015-06-24,2015,juin,mercredi,11:34,69,69389,0,0,2,3,1,1,1,4,2,00,1,1,0,68,1,0,1,3,1,42,5,1,2,0,2,0,0,201500047968A01,7,0,1,200046977
201500047970,2015-06-23,2015,juin,mardi,19:45,69,69384,45.7834,4.82016,2,1,1,2,1,4,2,02,2,1,0,30,1,0,0,4,1,49,0,1,2,0,2,0,0,201500047970B01,7,15,1,200046977
201500048004,2015-07-18,2015,juillet,samedi,20:35,69,69385,0,0,2,9,6,1,1,4,1,01,2,1,0,42,1,0,1,4,1,25,5,1,2,0,0,0,0,201500048004A01,,,,200046977
201500048011,2015-07-21,2015,juillet,mardi,08:10,69,69152,45.7059,4.821,2,1,3,1,1,3,3,02,1,1,18,40,1,2,1,4,1,77,5,3,2,0,2,3,13,201500048011A01,7,1,1,
201500048017,2015-07-23,2015,juillet,jeudi,08:40,69,69149,45.7181,4.81683,2,1,3,1,1,4,3,02,1,1,0,20,1,0,1,4,1,42,0,2,2,0,2,7,2,201500048017B01,7,0,1,200046977
201500048032,2015-08-04,2015,août,mardi,07:50,69,69389,0,0,2,1,3,1,1,4,1,01,1,1,0,34,1,0,1,4,1,34,0,1,2,0,2,2,2,201500048032A01,7,23,1,200046977
201500048042,2015-08-07,2015,août,vendredi,09:30,69,69382,0,0,2,1,3,1,1,4,1,01,1,1,0,0,1,0,4,1,2,50,1,2,9,0,1,1,1,201500048042A01,7,0,1,200046977
201500048053,2015-08-25,2015,août,mardi,07:30,69,69385,45.76706,4.82144,2,1,7,1,1,4,2,02,1,1,0,0,1,0,5,4,1,54,1,1,2,0,0,0,0,201500048053A01,,,,200046977
201500048056,2015-08-26,2015,août,mercredi,16:05,69,69034,45.79145,4.82303,2,1,6,1,1,4,2,02,1,1,0,80,1,0,1,3,1,69,5,1,9,0,2,0,2,201500048056B01,14,0,1,200046977
201500048059,2015-08-22,2015,août,samedi,17:00,69,69382,45.74937,4.82757,1,1,6,1,1,4,-1,00,1,-1,0,0,1,1,0,1,1,34,0,1,2,0,1,1,2,201500048059A01,,,,200046977
201500048062,2015-08-30,2015,août,dimanche,11:30,69,69202,0,0,2,6,3,1,1,4,2,01,4,1,0,83,1,0,1,4,1,57,5,1,2,0,2,7,1,201500048062B01,7,9,1,200046977
201500048066,2015-09-05,2015,septembre,samedi,12:15,69,69385,45.75639,4.79769,2,3,3,1,1,4,2,00,1,1,0,59,1,0,0,4,2,44,3,1,2,0,2,7,1,201500048066B01,7,15,1,200046977
201500048067,2015-09-06,2015,septembre,dimanche,10:50,69,69389,0,0,2,2,6,1,1,4,2,01,-1,-1,0,60,-1,0,0,4,1,45,5,1,2,0,2,1,3,201500048067B01,7,23,1,200046977
201500048075,2015-09-11,2015,septembre,vendredi,21:00,69,69382,0,0,2,2,3,5,1,4,1,01,1,1,68,41,1,5,1,3,1,38,1,2,2,0,2,1,2,201500048075B01,7,2,1,200046977
201500048078,2015-09-15,2015,septembre,mardi,16:25,69,69385,0,0,2,1,6,1,1,4,2,02,2,1,0,50,1,0,1,4,1,36,5,3,9,1,0,2,14,201500048078A01,,,,200046977
201500048087,2015-09-23,2015,septembre,mercredi,10:00,69,69385,45.75803,4.81229,2,1,6,1,1,4,1,01,1,1,0,60,1,0,1,1,1,18,0,1,2,0,1,1,21,201500048087A01,,,,200046977
201500048106,2015-10-01,2015,octobre,jeudi,06:55,69,69389,45.7796,4.79894,2,3,3,2,1,4,2,02,1,1,0,165,1,0,0,3,1,37,1,1,4,0,2,0,0,201500048106B01,7,15,1,200046977
201500048109,2015-10-01,2015,octobre,jeudi,12:10,69,69385,45.7757,4.80412,2,1,6,1,1,4,2,02,2,3,0,62,1,0,1,4,2,17,5,2,2,1,0,1,13,201500048109A01,,,,200046977
201500048113,2015-10-01,2015,octobre,jeudi,19:40,69,69382,0,0,2,2,3,1,1,4,4,02,1,1,0,30,1,0,1,4,1,21,0,1,2,0,2,1,2,201500048113B01,7,15,1,200046977
201500048145,2015-10-29,2015,octobre,jeudi,11:35,69,69382,0,0,2,1,3,1,1,4,2,01,2,1,0,58,1,0,0,4,2,55,0,3,2,0,4,8,13,201500048145A01,40,1,1,200046977
201500048163,2015-11-08,2015,novembre,dimanche,13:50,69,69034,45.79122,4.8408,2,1,6,1,1,4,2,02,2,1,0,68,1,0,1,4,1,66,5,3,9,0,2,7,19,201500048163B01,7,1,1,200046977
201500048172,2015-11-10,2015,novembre,mardi,18:20,69,69389,0,0,2,1,6,5,1,4,2,02,1,1,0,0,1,0,1,4,1,23,0,2,2,0,1,1,1,201500048172A01,,,,200046977
201500048180,2015-11-16,2015,novembre,lundi,12:40,69,69384,0,0,2,1,6,1,1,4,1,02,1,1,0,20,1,0,1,4,1,38,1,2,2,0,1,1,0,201500048180A01,,,,200046977
201500048185,2015-11-19,2015,novembre,jeudi,15:50,69,69202,0,0,2,1,5,1,1,4,2,02,1,1,0,28,1,0,1,3,2,62,0,3,9,0,2,1,1,201500048185B01,37 / 7,0 / 16,2,200046977
201500048200,2015-11-26,2015,novembre,jeudi,07:20,69,69081,0,0,2,3,3,1,1,4,2,00,1,3,0,83,2,0,1,3,1,42,2,2,2,0,2,1,2,201500048200B01,7,2,1,200046977
201500048206,2015-11-27,2015,novembre,vendredi,18:40,69,69081,45.77347,4.78286,2,5,1,5,1,4,2,02,2,2,0,0,1,0,0,4,1,22,0,2,2,0,2,1,1,201500048206B01,7,15,1,200046977
201500048212,2015-12-03,2015,décembre,jeudi,08:20,69,69382,0,0,2,1,6,1,1,9,-1,00,1,1,0,59,1,4,0,1,1,21,0,3,9,0,1,1,1,201500048212A01,,,,200046977
201500048212,2015-12-03,2015,décembre,jeudi,08:20,69,69382,0,0,2,1,6,1,1,9,-1,00,1,1,0,59,1,4,0,4,1,69,0,3,8,0,1,1,1,201500048212A01,,,,200046977
201500048222,2015-12-11,2015,décembre,vendredi,09:00,69,69389,45.774,4.79675,2,3,3,1,1,4,2,02,1,1,50,75,1,0,1,4,1,64,1,1,2,0,2,2,2,201500048222B01,7,15,1,200046977
201500048226,2015-12-13,2015,décembre,dimanche,14:15,69,69381,0,0,2,3,1,1,1,4,1,04,2,1,164,120,1,0,1,3,1,20,4,1,2,0,2,8,19,201500048226A01,7,1,1,200046977
201500048234,2015-12-17,2015,décembre,jeudi,13:30,69,69389,0,0,2,1,2,1,1,4,2,03,2,1,0,160,1,0,1,3,1,18,5,3,9,0,2,1,2,201500048234A01,7,2,1,200046977
201500048238,2015-12-19,2015,décembre,samedi,15:55,69,69382,0,0,2,3,6,1,1,4,1,02,1,1,0,59,1,0,1,1,1,40,0,1,9,0,1,1,1,201500048238A01,,,,200046977
201500048418,2015-12-30,2015,décembre,mercredi,18:25,69,69386,0,0,2,1,6,5,1,4,1,03,1,1,0,0,1,0,5,4,1,27,0,3,9,1,0,3,18,201500048418B01,7,22,1,200046977
201500048421,2015-01-06,2015,janvier,mardi,18:50,69,69386,0,0,2,2,3,5,5,4,1,00,1,1,0,0,1,0,1,4,1,33,1,2,9,0,2,1,15,201500048421A01,7,1,1,200046977
201500048426,2015-12-31,2015,décembre,jeudi,11:30,69,69388,0,0,2,1,3,1,1,4,1,01,1,1,0,0,1,0,5,4,1,29,5,1,2,0,2,0,2,201500048426B01,7,22,1,200046977
201500048427,2015-01-09,2015,janvier,vendredi,12:05,69,69383,45.7458,4.88029,2,2,3,1,1,4,2,02,1,1,0,0,2,0,1,4,1,28,1,3,9,0,2,8,7,201500048427A01,7,15,1,200046977
201500048428,2015-01-12,2015,janvier,lundi,14:00,69,69386,45.7721,4.84463,2,2,3,1,1,4,-1,00,-1,-1,0,0,-1,0,1,4,1,36,0,2,2,0,2,3,1,201500048428A01,7,0,1,200046977
201500048431,2015-01-07,2015,janvier,mercredi,17:00,69,69383,0,0,2,1,2,5,1,4,2,08,1,1,0,0,1,2,1,4,2,24,0,3,2,0,0,4,0,201500048431B01,7,2,1,200046977
201500048439,2015-01-20,2015,janvier,mardi,12:05,69,69383,45.7527,4.84262,2,2,3,1,1,4,1,01,1,1,0,0,2,0,1,4,1,41,1,3,9,0,2,7,1,201500048439B01,10,1,1,200046977
201500048449,2015-04-02,2015,avril,jeudi,10:45,69,69387,45.7523,4.83626,2,1,6,1,8,4,2,02,1,2,0,0,1,2,5,1,1,73,5,1,9,0,1,1,1,201500048449A01,,,,200046977
201500048449,2015-04-02,2015,avril,jeudi,10:45,69,69387,45.7523,4.83626,2,1,6,1,8,4,2,02,1,2,0,0,1,2,5,4,2,60,5,3,8,0,1,1,1,201500048449A01,,,,200046977