Num_Acc,date,an,mois,jour,hrmn,dep,com,lat,long,agg,int,col,lum,atm,catr,circ,nbv,prof,plan,lartpc,larrout,surf,infra,situ,grav,sexe,age,trajet,secuexist,equipement,obs,obsm,choc,manv,vehiculeid,typevehicules,manoeuvehicules,numVehicules,_infos_commune.code_epci
201500050554,2015-07-15,2015,juillet,mercredi,10:00,75,75101,0,0,2,3,3,1,1,4,1,04,-1,-1,0,0,-1,0,5,4,1,51,0,3,2,0,2,0,1,201500050554B01,1,17,1,200054781
201500050554,2015-07-15,2015,juillet,mercredi,10:00,75,75101,0,0,2,3,3,1,1,4,1,04,-1,-1,0,0,-1,0,5,1,1,34,0,3,2,0,2,0,17,201500050554A01,1,1,1,200054781
201500050556,2015-07-15,2015,juillet,mercredi,22:35,75,75101,0,0,2,3,3,2,1,4,1,03,1,-1,0,40,1,0,1,4,1,57,9,3,2,0,2,1,1,201500050556A01,7,16,1,200054781
201500050558,2015-07-21,2015,juillet,mardi,12:40,75,75101,0,0,2,2,3,1,1,4,-1,02,1,1,0,0,1,0,1,4,2,29,1,3,2,0,2,1,7,201500050558B01,7,16,1,200054781
201500050562,2015-08-03,2015,août,lundi,14:25,75,75101,0,0,2,2,3,1,1,4,1,05,1,1,0,250,1,0,0,4,1,50,0,3,2,0,2,3,19,201500050562B01,7,16,1,200054781
201500050565,2015-08-17,2015,août,lundi,16:07,75,75101,0,0,2,7,6,1,1,4,1,01,1,1,0,30,1,0,1,4,1,70,5,1,2,0,2,1,1,201500050565B01,38,16,1,200054781
201500050593,2015-11-20,2015,novembre,vendredi,17:20,75,75101,0,0,2,1,3,5,2,4,1,03,1,1,0,200,8,0,1,4,1,43,1,2,2,0,2,8,13,201500050593B01,2,1,1,200054781
201500050594,2015-11-21,2015,novembre,samedi,23:00,75,75104,0,0,2,2,3,5,1,4,1,02,1,1,0,0,1,0,1,4,1,31,9,3,2,0,2,1,15,201500050594A01,7,1,1,200054781
201500050598,2015-12-05,2015,décembre,samedi,17:35,75,75101,0,0,2,1,3,5,1,4,2,06,1,1,0,192,1,0,1,4,2,56,9,3,2,0,2,4,7,201500050598B01,7,12,1,200054781
201500050609,2015-01-02,2015,janvier,vendredi,09:30,75,75102,0,0,2,5,3,1,8,4,1,02,1,1,0,81,2,0,1,4,1,32,0,3,2,0,2,4,17,201500050609B01,10,10,1,200054781
201500050618,2015-02-09,2015,février,lundi,09:50,75,75102,0,0,2,1,6,1,1,4,3,03,-1,1,180,110,1,0,1,1,1,55,4,3,2,0,1,1,1,201500050618A01,,,,200054781
201500050641,2015-05-08,2015,mai,vendredi,14:55,75,75102,0,0,2,5,6,1,1,4,1,01,1,1,0,77,1,0,1,1,1,35,0,3,2,0,1,0,1,201500050641A01,,,,200054781
201500050643,2015-05-10,2015,mai,dimanche,21:10,75,75102,0,0,2,5,3,2,1,4,1,04,1,1,0,110,1,0,1,4,1,25,1,3,2,0,2,7,1,201500050643B01,7,22,1,200054781
201500050646,2015-05-27,2015,mai,mercredi,12:30,75,75102,0,0,2,1,6,1,1,4,1,01,2,-1,0,69,1,0,1,1,1,25,0,3,2,0,1,1,18,201500050646A01,,,,200054781
201500050648,2015-05-31,2015,mai,dimanche,10:15,75,75102,0,0,2,1,6,1,8,4,1,02,1,1,50,80,1,0,1,1,1,29,1,2,2,1,1,1,5,201500050648A01,,,,200054781
201500050652,2015-06-08,2015,juin,lundi,18:25,75,75110,0,0,2,2,1,1,1,4,-1,04,-1,-1,200,100,1,0,0,1,2,26,0,3,2,0,2,2,15,201500050652B01,30,1,1,200054781
201500050657,2015-06-15,2015,juin,lundi,17:50,75,75102,0,0,2,3,6,1,1,4,1,01,1,1,20,40,1,0,1,1,1,58,0,2,2,0,1,1,5,201500050657A01,,,,200054781
201500050658,2015-06-16,2015,juin,mardi,12:25,75,75103,0,0,2,1,6,1,1,4,1,03,1,1,0,120,1,0,1,1,1,23,4,1,2,0,1,0,5,201500050658A01,,,,200054781
201500050659,2015-06-22,2015,juin,lundi,09:00,75,75103,0,0,2,2,7,1,1,4,1,04,1,1,200,150,1,0,1,4,1,46,1,3,2,0,0,0,1,201500050659A01,,,,200054781
201500050662,2015-06-29,2015,juin,lundi,09:05,75,75102,0,0,2,2,7,1,1,4,1,01,1,1,0,63,1,0,1,4,1,29,1,3,2,0,0,0,21,201500050662A01,,,,200054781
201500050664,2015-07-01,2015,juillet,mercredi,09:25,75,75102,0,0,2,3,6,1,1,4,2,03,-1,-1,0,0,1,0,1,1,1,33,0,3,2,0,1,1,5,201500050664A01,,,,200054781
201500050666,2015-07-08,2015,juillet,mercredi,09:10,75,75102,0,0,2,7,3,1,1,4,2,04,1,1,0,80,1,0,1,1,1,26,2,3,2,0,2,5,14,201500050666B01,2,13,1,200054781
201500050673,2015-08-10,2015,août,lundi,12:35,75,75102,0,0,2,2,7,1,1,4,1,01,1,1,100,76,9,0,1,4,1,26,5,3,2,0,0,1,1,201500050673A01,,,,200054781
201500050680,2015-09-12,2015,septembre,samedi,11:40,75,75102,0,0,2,3,2,1,8,4,-1,06,-1,-1,0,155,-1,0,1,4,1,30,0,3,2,0,2,8,15,201500050680B01,32,17,1,200054781
201500050681,2015-09-13,2015,septembre,dimanche,23:30,75,75104,0,0,2,1,3,5,1,4,1,03,1,-1,0,30,1,0,1,4,1,33,0,3,2,0,2,0,7,201500050681A01,7,7,1,200054781
201500050688,2015-09-23,2015,septembre,mercredi,12:45,75,75102,0,0,2,1,6,1,1,4,-1,01,1,-1,0,77,-1,0,1,1,1,25,0,3,2,0,1,1,5,201500050688A01,,,,200054781
201500050689,2015-09-23,2015,septembre,mercredi,20:15,75,75102,0,0,2,1,2,5,1,4,2,01,1,1,0,90,1,0,1,4,1,43,0,2,2,0,2,4,1,201500050689B01,7,1,1,200054781
201500050695,2015-09-30,2015,septembre,mercredi,20:50,75,75104,0,0,2,1,6,5,1,4,1,03,1,1,0,0,1,0,1,1,1,17,5,3,2,0,1,1,1,201500050695A01,,,,200054781
201500050698,2015-10-07,2015,octobre,mercredi,19:20,75,75102,0,0,2,1,6,5,1,4,2,01,1,1,0,30,1,0,5,1,1,18,4,3,2,0,1,1,1,201500050698A01,,,,200054781
201500050704,2015-10-17,2015,octobre,samedi,19:30,75,75109,0,0,2,2,2,5,1,4,1,01,1,1,0,0,1,0,1,1,1,23,4,2,2,0,2,3,1,201500050704A01,34,1,1,200054781
201500050718,2015-11-06,2015,novembre,vendredi,09:45,75,75102,0,0,2,2,6,1,1,4,4,03,1,1,0,0,1,5,1,1,1,41,1,3,2,0,1,2,16,201500050718A01,,,,200054781
201500050728,2015-12-04,2015,décembre,vendredi,08:45,75,75101,0,0,2,1,6,1,1,4,1,01,1,1,0,66,1,0,1,4,1,28,4,3,2,1,0,7,13,201500050728A01,,,,200054781
201500050729,2015-12-07,2015,décembre,lundi,07:45,75,75109,0,0,2,1,3,5,1,4,1,04,1,1,0,100,2,0,1,4,2,32,1,3,2,0,2,5,1,201500050729B01,7,11,1,200054781
201500050738,2015-01-21,2015,janvier,mercredi,13:40,75,75103,0,0,2,2,7,1,1,4,2,02,1,1,0,120,1,0,1,4,1,28,1,3,2,0,0,0,1,201500050738A01,,,,200054781
201500050740,2015-01-23,2015,janvier,vendredi,15:10,75,75103,0,0,2,1,7,1,1,4,1,01,1,1,50,40,1,0,1,3,1,31,5,3,2,0,0,0,7,201500050740A01,,,,200054781
201500050760,2015-03-06,2015,mars,vendredi,14:00,75,75104,0,0,2,3,6,1,1,4,1,02,1,1,0,45,1,0,5,4,2,40,3,3,2,0,1,7,1,201500050760A01,,,,200054781
201500050761,2015-03-09,2015,mars,lundi,10:00,75,75103,0,0,2,2,3,1,1,4,1,03,1,1,2,75,1,5,1,4,1,29,1,3,2,0,2,1,15,201500050761A01,10,1,1,200054781
201500050771,2015-04-13,2015,avril,lundi,12:15,75,75103,0,0,2,1,2,1,1,4,1,02,1,1,0,100,1,0,1,3,1,70,5,3,2,0,2,2,13,201500050771A01,7,1,1,200054781
201500050773,2015-04-17,2015,avril,vendredi,09:10,75,75103,0,0,2,1,6,1,1,4,1,03,1,1,0,93,1,0,5,4,2,24,2,3,2,0,1,1,1,201500050773A01,,,,200054781
201500050775,2015-04-22,2015,avril,mercredi,09:45,75,75103,0,0,2,1,6,1,1,4,1,03,1,1,5,100,1,0,1,4,1,30,1,3,2,0,0,1,7,201500050775A01,,,,200054781
201500050778,2015-05-06,2015,mai,mercredi,11:20,75,75103,0,0,2,7,1,1,1,4,3,05,1,1,5,70,1,0,1,4,2,32,5,3,2,0,2,1,5,201500050778B01,7,15,1,200054781
201500050781,2015-05-24,2015,mai,dimanche,22:15,75,75103,0,0,2,2,3,5,1,4,1,02,1,1,0,100,1,0,1,4,1,26,5,3,2,0,2,0,1,201500050781B01,7,16,1,200054781
201500050782,2015-05-21,2015,mai,jeudi,21:45,75,75103,0,0,2,1,6,4,1,4,2,06,1,1,0,86,1,0,1,4,1,29,5,2,2,1,2,1,1,201500050782B01,7,22,1,200054781
201500050783,2015-05-25,2015,mai,lundi,16:50,75,75103,0,0,2,1,3,1,1,4,1,03,1,1,0,120,1,0,1,4,2,55,5,3,2,0,2,0,11,201500050783A01,7,7,1,200054781
201500050784,2015-05-26,2015,mai,mardi,11:50,75,75103,0,0,2,1,3,1,1,4,1,02,1,1,3,80,1,0,1,4,2,40,1,3,2,0,2,1,7,201500050784B01,10,22,1,200054781
201500050785,2015-05-27,2015,mai,mercredi,10:20,75,75103,0,0,2,1,2,1,1,4,1,03,1,1,3,103,1,0,1,4,2,35,1,2,2,1,2,1,1,201500050785B01,10,22,1,200054781
201500050788,2015-06-03,2015,juin,mercredi,19:00,75,75101,0,0,2,2,6,1,1,4,1,03,1,1,10,120,1,0,1,4,1,40,1,3,2,0,2,8,1,201500050788B01,1,19,1,200054781
201500050792,2015-06-11,2015,juin,jeudi,15:05,75,75103,0,0,2,3,6,1,1,4,1,03,1,1,3,103,1,0,1,4,1,25,1,2,2,0,1,1,1,201500050792A01,,,,200054781
201500050797,2015-06-23,2015,juin,mardi,18:30,75,75103,48.52011,2.21485,2,1,6,1,1,4,2,06,1,1,21,203,1,5,1,1,1,19,1,3,2,0,1,1,3,201500050797A01,,,,200054781
201500050798,2015-06-28,2015,juin,dimanche,04:30,75,75103,0,0,2,2,3,5,1,4,2,03,-1,-1,0,0,-1,0,1,4,1,29,9,3,2,0,2,1,1,201500050798A01,7,1,1,200054781
201500050800,2015-07-10,2015,juillet,vendredi,11:20,75,75109,0,0,2,4,3,1,1,4,1,03,1,1,0,150,1,0,5,4,1,55,1,1,2,0,2,1,1,201500050800B01,10,22,1,200054781
201500050801,2015-07-16,2015,juillet,jeudi,08:45,75,75103,0,0,2,2,3,1,1,4,1,03,1,1,0,150,1,0,1,4,1,36,4,1,2,0,2,0,7,201500050801B01,10,16,1,200054781
201500050803,2015-07-19,2015,juillet,dimanche,11:50,75,75103,0,0,2,1,6,1,1,4,-1,00,1,1,0,0,1,6,4,1,1,41,0,3,2,0,1,1,1,201500050803A01,,,,200054781
201500050807,2015-07-29,2015,juillet,mercredi,10:00,75,75103,0,0,2,1,2,1,1,4,1,02,1,-1,0,70,1,0,1,4,1,40,4,3,2,0,2,0,1,201500050807B01,7,22,1,200054781
201500050808,2015-07-31,2015,juillet,vendredi,11:50,75,75103,0,0,2,5,6,1,1,4,2,02,1,1,0,107,1,0,1,1,1,30,5,1,2,1,1,4,19,201500050808A01,,,,200054781
201500050814,2015-08-29,2015,août,samedi,15:30,75,75103,0,0,2,3,2,1,1,4,1,03,1,1,0,100,1,0,1,4,2,32,5,3,2,0,2,5,2,201500050814A01,10,2,1,200054781
201500050818,2015-09-04,2015,septembre,vendredi,17:15,75,75103,0,0,2,1,3,1,1,4,1,03,1,1,5,98,1,0,1,4,1,50,5,3,2,0,2,1,11,201500050818A01,37,7,1,200054781
201500050828,2015-10-02,2015,octobre,vendredi,09:30,75,75103,0,0,2,7,3,1,1,4,2,04,1,1,0,85,1,0,5,4,2,74,5,3,2,0,2,1,1,201500050828B01,7,22,1,200054781
201500050830,2015-10-01,2015,octobre,jeudi,19:35,75,75103,0,0,2,2,3,2,1,4,1,02,1,1,0,74,1,0,1,4,1,39,5,3,2,0,2,7,1,201500050830A01,31,1,1,200054781
201500050834,2015-10-09,2015,octobre,vendredi,09:25,75,75103,0,0,2,5,2,1,7,4,2,02,1,1,0,57,1,0,1,4,2,31,5,3,2,0,2,4,2,201500050834B01,7,2,1,200054781
201500050835,2015-10-09,2015,octobre,vendredi,11:00,75,75103,0,0,2,1,3,1,1,4,2,02,1,1,0,57,1,0,1,4,1,62,3,3,2,0,2,0,13,201500050835A01,37,17,1,200054781
201500050838,2015-10-23,2015,octobre,vendredi,11:40,75,75103,0,0,2,2,2,1,1,4,1,01,1,1,0,60,1,0,1,4,1,49,1,2,2,0,2,1,1,201500050838B01,10,16,1,200054781
201500050854,2015-12-15,2015,décembre,mardi,15:00,75,75103,0,0,2,2,2,1,8,4,1,01,1,1,0,40,1,0,1,4,1,51,0,3,9,0,2,3,18,201500050854B01,7,22,1,200054781
201500050857,2015-12-19,2015,décembre,samedi,12:15,75,75103,0,0,2,7,4,1,1,4,1,03,1,1,31,110,1,0,1,4,1,17,5,2,2,0,2,0,3,201500050857A01,7,1,2,200054781
201500050866,2015-01-16,2015,janvier,vendredi,22:45,75,75104,0,0,2,2,6,5,1,4,1,04,1,1,0,100,1,0,4,3,1,43,9,3,2,9,2,1,1,201500050866B01,7,5,1,200054781
201500050872,2015-02-21,2015,février,samedi,12:00,75,75111,0,0,2,7,3,1,2,4,-1,04,1,2,0,120,2,0,1,4,1,61,5,3,2,0,2,7,1,201500050872A01,7,1,1,200054781
201500050873,2015-02-27,2015,février,vendredi,08:41,75,75104,0,0,2,2,3,1,1,4,2,01,1,1,0,35,1,6,1,4,2,32,0,3,2,0,2,1,1,201500050873A01,7,1,1,200054781
201500050877,2015-03-04,2015,mars,mercredi,16:50,75,75104,0,0,2,2,6,1,1,4,1,04,-1,-1,0,80,1,0,1,4,1,23,0,3,2,0,1,8,7,201500050877A01,,,,200054781
201500050879,2015-03-05,2015,mars,jeudi,08:50,75,75103,0,0,2,1,3,1,1,4,2,06,1,1,0,155,1,0,5,4,2,34,1,3,2,0,2,7,1,201500050879B01,7,11,1,200054781
201500050884,2015-03-17,2015,mars,mardi,20:30,75,75104,0,0,2,3,6,3,1,4,-1,03,1,1,10,80,1,0,1,1,1,19,5,3,2,0,1,1,8,201500050884A01,,,,200054781
201500050888,2015-03-27,2015,mars,vendredi,09:20,75,75104,0,0,2,3,3,1,1,4,1,01,1,1,0,60,1,0,5,1,1,29,1,3,2,0,2,1,15,201500050888A01,1,17,1,200054781
201500050888,2015-03-27,2015,mars,vendredi,09:20,75,75104,0,0,2,3,3,1,1,4,1,01,1,1,0,60,1,0,5,4,2,49,1,3,2,0,2,4,17,201500050888B01,1,15,1,200054781
201500050889,2015-03-27,2015,mars,vendredi,18:25,75,75104,0,0,2,7,3,1,1,4,-1,04,1,-1,160,150,1,0,1,4,2,32,0,3,2,0,2,8,1,201500050889B01,34,1,1,200054781
201500050891,2015-04-01,2015,avril,mercredi,18:45,75,75104,0,0,2,3,6,1,1,4,-1,04,1,1,0,141,1,0,5,4,1,36,1,3,2,0,2,4,2,201500050891A01,34,2,1,200054781
201500050893,2015-04-03,2015,avril,vendredi,13:15,75,75102,0,0,2,1,6,1,2,4,1,01,1,1,0,30,2,0,1,4,1,21,0,3,2,0,2,4,2,201500050893A01,10,2,1,200054781
201500050895,2015-04-08,2015,avril,mercredi,19:23,75,75104,0,0,2,1,3,1,1,4,2,02,1,1,0,100,1,0,5,4,1,25,9,3,2,0,2,1,1,201500050895B01,7,22,1,200054781
201500050898,2015-04-12,2015,avril,dimanche,20:20,75,75111,0,0,2,7,3,5,1,4,2,03,1,1,0,136,1,0,1,3,2,29,1,3,2,0,2,7,19,201500050898B01,34,1,1,200054781
201500050899,2015-04-12,2015,avril,dimanche,04:40,75,75104,0,0,2,1,6,5,1,4,1,03,1,1,0,0,1,0,1,3,2,24,5,3,2,0,2,0,1,201500050899A01,37,1,1,200054781
201500050900,2015-04-13,2015,avril,lundi,15:40,75,75104,0,0,2,4,3,1,1,4,-1,02,1,1,0,68,1,0,5,4,1,46,1,1,2,0,2,1,1,201500050900B01,10,16,1,200054781
201500050903,2015-04-25,2015,avril,samedi,02:55,75,75104,0,0,2,2,3,5,2,4,1,02,1,1,100,80,2,0,1,4,1,20,5,3,2,0,2,1,1,201500050903A01,7,1,1,200054781
201500050908,2015-05-05,2015,mai,mardi,09:35,75,75104,0,0,2,3,3,1,2,4,1,02,1,1,0,60,2,0,5,4,2,21,0,3,2,0,2,8,11,201500050908B01,14,1,1,200054781
201500050912,2015-05-12,2015,mai,mardi,19:00,75,75104,0,0,2,3,6,1,1,4,2,04,1,1,10,140,1,0,5,1,1,22,5,1,2,0,1,1,0,201500050912A01,,,,200054781
201500050913,2015-05-14,2015,mai,jeudi,03:45,75,75104,0,0,2,1,6,5,1,4,1,03,1,1,7,90,1,0,1,3,1,33,0,3,2,0,0,0,1,201500050913A01,,,,200054781
201500050916,2015-05-20,2015,mai,mercredi,17:40,75,75109,0,0,2,1,3,1,1,4,1,03,1,1,0,60,1,0,5,4,1,34,0,3,2,0,2,2,5,201500050916B01,32,1,1,200054781
201500050922,2015-06-02,2015,juin,mardi,10:15,75,75104,0,0,2,2,3,1,1,4,1,02,1,1,0,0,1,0,5,4,2,23,0,3,2,0,2,7,0,201500050922A01,10,1,1,200054781
201500050923,2015-06-02,2015,juin,mardi,16:00,75,75104,0,0,2,1,7,1,1,4,1,04,1,1,0,120,1,0,1,4,1,52,1,3,2,0,0,0,7,201500050923A01,,,,200054781
201500050929,2015-06-05,2015,juin,vendredi,08:45,75,75104,0,0,2,7,3,1,7,4,1,01,1,1,5,30,1,0,1,4,1,38,0,1,2,0,2,1,16,201500050929A01,33,1,1,200054781
201500050934,2015-06-21,2015,juin,dimanche,00:30,75,75104,0,0,2,2,6,5,1,4,1,03,1,1,0,150,1,0,1,4,1,28,5,2,2,0,1,1,1,201500050934A01,,,,200054781
201500050940,2015-07-06,2015,juillet,lundi,17:05,75,75104,0,0,2,2,6,1,1,4,1,04,1,1,0,160,1,0,1,4,1,33,1,3,2,0,2,0,1,201500050940A01,7,16,1,200054781
201500050941,2015-07-07,2015,juillet,mardi,08:45,75,75109,0,0,2,3,6,1,1,4,2,02,-1,-1,0,0,-1,0,5,1,1,32,0,3,2,0,1,1,1,201500050941A01,,,,200054781
201500050945,2015-07-16,2015,juillet,jeudi,22:30,75,75104,0,0,2,2,2,5,1,4,-1,02,1,1,8,100,1,0,5,4,1,21,5,3,2,0,2,0,2,201500050945A01,14,2,1,200054781
201500050947,2015-07-18,2015,juillet,samedi,18:15,75,75109,0,0,2,3,6,1,1,4,2,03,1,1,0,138,1,0,1,1,2,30,5,2,2,0,1,0,8,201500050947A01,,,,200054781
201500050950,2015-08-03,2015,août,lundi,19:50,75,75104,0,0,2,2,3,1,1,4,1,02,1,1,0,0,1,0,1,4,1,23,5,3,2,0,2,7,19,201500050950A01,7,1,1,200054781
201500050952,2015-08-07,2015,août,vendredi,01:57,75,75104,0,0,2,2,6,5,1,4,2,00,-1,-1,0,0,-1,0,1,4,1,30,0,3,2,0,2,1,1,201500050952A01,7,1,1,200054781
201500050954,2015-08-14,2015,août,vendredi,16:10,75,75101,0,0,2,2,6,1,1,4,1,03,1,1,5,105,1,0,1,1,1,46,5,3,2,0,1,1,7,201500050954A01,,,,200054781
201500050957,2015-08-26,2015,août,mercredi,09:20,75,75104,0,0,2,2,3,1,1,4,1,02,1,-1,0,50,1,0,5,4,2,56,0,3,2,0,2,1,1,201500050957B01,10,16,1,200054781
201500050959,2015-08-28,2015,août,vendredi,19:30,75,75104,0,0,2,2,3,1,1,4,1,03,3,1,5,100,1,0,1,4,1,23,0,2,2,0,2,7,1,201500050959A01,7,16,1,200054781
201500050964,2015-09-10,2015,septembre,jeudi,18:25,75,75104,0,0,2,1,3,1,1,4,2,03,1,1,0,70,1,2,1,4,1,19,2,3,2,0,2,1,13,201500050964A01,7,23,1,200054781
201500050973,2015-09-22,2015,septembre,mardi,09:20,75,75104,0,0,2,1,2,1,2,4,1,03,1,1,0,66,2,0,1,4,1,40,4,2,2,1,2,1,7,201500050973B01,10,22,1,200054781
201500050975,2015-09-22,2015,septembre,mardi,18:20,75,75104,0,0,2,1,3,1,1,4,2,05,1,1,0,120,1,0,1,4,1,68,0,1,2,0,2,1,19,201500050975A01,34,1,1,200054781
201500050977,2015-10-02,2015,octobre,vendredi,17:00,75,75104,0,0,2,5,6,1,1,4,1,03,1,1,4,100,1,5,1,1,1,31,4,1,2,0,1,0,7,201500050977A01,,,,200054781
201500050979,2015-10-01,2015,octobre,jeudi,09:30,75,75104,0,0,2,3,3,1,1,4,2,02,1,-1,0,0,1,0,0,1,2,30,0,3,2,0,2,0,1,201500050979A01,1,1,1,200054781
201500050979,2015-10-01,2015,octobre,jeudi,09:30,75,75104,0,0,2,3,3,1,1,4,2,02,1,-1,0,0,1,0,0,4,2,54,0,3,2,0,2,0,1,201500050979B01,1,1,1,200054781
201500050987,2015-10-26,2015,octobre,lundi,16:30,75,75104,0,0,2,2,3,1,1,4,2,03,1,1,0,115,1,2,1,4,1,28,0,3,2,0,2,8,8,201500050987B01,37,8,1,200054781
201500050991,2015-11-05,2015,novembre,jeudi,18:25,75,75104,0,0,2,1,6,5,2,4,1,03,1,1,10,175,2,0,1,4,1,27,9,2,2,1,2,1,7,201500050991B01,10,22,1,200054781
201500050999,2015-11-19,2015,novembre,jeudi,23:55,75,75104,0,0,2,5,3,5,2,4,-1,02,1,1,0,50,2,0,1,3,1,47,5,3,2,0,2,7,1,201500050999A01,33,1,1,200054781
201500051000,2015-11-27,2015,novembre,vendredi,12:00,75,75104,0,0,2,1,3,1,1,4,2,03,1,1,0,100,1,0,1,4,1,44,0,1,2,0,2,0,7,201500051000B01,32,16,1,200054781
201500051005,2015-12-06,2015,décembre,dimanche,21:15,75,75104,0,0,2,2,2,5,1,4,1,01,1,-1,0,90,1,0,1,4,1,21,4,3,2,1,2,1,1,201500051005B01,7,22,1,200054781
201500051006,2015-12-08,2015,décembre,mardi,20:55,75,75104,0,0,2,5,6,5,8,4,1,03,1,1,0,150,2,0,1,1,1,48,1,3,2,0,1,1,1,201500051006A01,,,,200054781
201500051009,2015-12-17,2015,décembre,jeudi,20:40,75,75104,0,0,2,5,6,5,1,4,4,02,1,1,0,80,1,0,1,4,1,61,0,3,2,0,2,8,1,201500051009A01,7,16,1,200054781
201500051012,2015-12-23,2015,décembre,mercredi,16:30,75,75104,0,0,2,1,2,2,1,4,1,01,1,1,0,35,1,0,1,4,2,20,1,2,2,1,2,1,1,201500051012A01,7,22,1,200054781
201500051014,2015-12-30,2015,décembre,mercredi,13:00,75,75103,0,0,2,1,6,1,1,4,-1,01,1,-1,0,40,1,0,1,1,1,26,4,1,2,0,1,0,5,201500051014A01,,,,200054781
201500051018,2015-01-05,2015,janvier,lundi,11:20,75,75105,0,0,2,3,3,1,8,4,2,02,1,1,0,40,1,0,1,4,2,40,1,3,2,0,2,2,1,201500051018B01,7,22,1,200054781
201500051031,2015-01-30,2015,janvier,vendredi,14:00,75,75105,0,0,2,2,6,1,2,4,1,00,1,1,0,40,2,0,1,4,2,21,0,2,2,0,2,1,1,201500051031B01,10,1,1,200054781
201500051038,2015-02-27,2015,février,vendredi,18:45,75,75105,0,0,2,4,3,5,1,4,2,02,1,1,0,80,1,0,1,4,2,18,5,3,2,0,2,1,1,201500051038B01,7,22,1,200054781
201500051041,2015-03-02,2015,mars,lundi,18:45,75,75105,0,0,2,1,3,2,1,4,2,02,1,1,0,0,1,0,1,4,2,51,0,3,2,0,2,4,1,201500051041B01,34,9,1,200054781
201500051050,2015-04-01,2015,avril,mercredi,17:12,75,75105,0,0,2,3,7,1,1,4,1,03,-1,-1,4,45,1,0,1,4,1,19,0,3,2,1,0,2,7,201500051050A01,,,,200054781
201500051052,2015-04-03,2015,avril,vendredi,18:10,75,75105,0,0,2,1,3,1,2,4,1,01,1,1,0,35,2,0,1,4,1,41,0,3,2,0,2,6,13,201500051052A01,7,1,1,200054781
201500051055,2015-04-10,2015,avril,vendredi,11:05,75,75105,0,0,2,1,6,1,1,4,-1,00,2,1,0,0,1,6,4,1,1,16,2,3,2,0,1,1,1,201500051055A01,,,,200054781
201500051065,2015-04-18,2015,avril,samedi,02:09,75,75105,0,0,2,1,6,5,1,4,2,02,1,1,0,0,1,0,3,4,1,24,5,3,2,1,0,1,14,201500051065A01,,,,200054781
201500051067,2015-04-21,2015,avril,mardi,12:36,75,75105,0,0,2,3,2,1,1,4,2,06,2,1,0,250,-1,0,1,4,1,27,0,3,2,0,2,1,1,201500051067B01,7,23,1,200054781
201500051068,2015-04-23,2015,avril,jeudi,18:30,75,75105,0,0,2,3,6,1,1,4,1,04,1,1,0,140,1,0,1,1,1,25,4,3,2,0,1,1,1,201500051068A01,,,,200054781
201500051074,2015-05-06,2015,mai,mercredi,19:35,75,75105,0,0,2,2,7,1,1,4,2,00,2,1,50,500,1,0,1,4,2,27,5,3,2,0,0,0,21,201500051074A01,,,,200054781
201500051075,2015-05-18,2015,mai,lundi,15:10,75,75105,0,0,2,7,2,1,1,4,2,01,1,1,0,100,1,0,1,4,2,23,0,3,2,0,2,4,2,201500051075B01,7,2,1,200054781
201500051077,2015-05-27,2015,mai,mercredi,12:50,75,75105,0,0,2,1,6,2,1,4,2,02,2,1,0,120,1,0,1,4,1,45,0,3,2,1,0,1,1,201500051077A01,,,,200054781
201500051078,2015-05-27,2015,mai,mercredi,12:55,75,75105,0,0,2,1,2,1,1,4,2,02,2,1,0,120,1,0,1,4,2,51,0,3,2,1,2,1,1,201500051078A01,7,22,1,200054781
201500051079,2015-05-27,2015,mai,mercredi,21:12,75,75105,0,0,2,3,3,2,1,4,1,01,1,1,0,50,1,0,1,4,1,25,0,3,2,1,2,1,15,201500051079A01,7,1,1,200054781
201500051091,2015-06-19,2015,juin,vendredi,14:25,75,75105,0,0,2,2,3,1,1,4,1,03,1,1,0,0,1,0,1,3,1,50,9,1,2,0,2,3,18,201500051091A01,7,7,1,200054781
201500051094,2015-06-30,2015,juin,mardi,19:50,75,75105,0,0,2,1,3,1,1,4,1,00,1,1,0,100,1,0,1,4,1,52,5,3,2,0,2,3,7,201500051094B01,7,12,1,200054781
201500051102,2015-07-17,2015,juillet,vendredi,06:40,75,75105,0,0,2,2,2,1,1,4,1,03,1,1,8,120,1,0,1,4,2,47,5,3,2,0,2,7,7,201500051102B01,14,22,1,200054781
201500051109,2015-07-28,2015,juillet,mardi,19:09,75,75105,0,0,2,2,3,1,1,4,1,02,2,1,59,120,1,0,1,4,1,22,5,3,2,0,2,3,1,201500051109A01,7,1,1,200054781
201500051111,2015-07-29,2015,juillet,mercredi,23:30,75,75105,0,0,2,2,3,5,1,4,1,02,1,1,3,91,1,0,5,4,2,27,1,1,2,0,2,1,7,201500051111B01,7,16,1,200054781
201500051113,2015-08-06,2015,août,jeudi,09:04,75,75105,0,0,2,5,3,1,1,4,3,04,1,1,0,120,1,0,1,4,1,45,0,3,2,0,2,2,7,201500051113A01,10,16,1,200054781
201500051117,2015-08-19,2015,août,mercredi,20:40,75,75105,0,0,2,2,3,5,1,4,2,04,1,1,0,0,1,0,1,4,2,22,5,2,2,0,2,3,7,201500051117B01,38,16,1,200054781
201500051121,2015-08-31,2015,août,lundi,12:40,75,75105,0,0,2,5,6,1,2,4,2,00,2,1,0,0,-1,0,1,1,1,25,0,1,2,0,1,0,1,201500051121A01,,,,200054781
201500051125,2015-09-10,2015,septembre,jeudi,17:30,75,75105,0,0,2,3,6,1,1,4,2,02,1,1,0,100,1,0,1,4,1,18,5,3,2,0,2,7,1,201500051125A01,7,14,1,200054781