Num_Acc,date,an,mois,jour,hrmn,dep,com,lat,long,agg,int,col,lum,atm,catr,circ,nbv,prof,plan,lartpc,larrout,surf,infra,situ,grav,sexe,age,trajet,secuexist,equipement,obs,obsm,choc,manv,vehiculeid,typevehicules,manoeuvehicules,numVehicules,_infos_commune.code_epci
201500051133,2015-09-25,2015,septembre,vendredi,11:00,75,75105,0,0,2,1,3,1,1,4,1,01,1,1,0,35,1,0,1,4,2,29,0,3,2,0,2,1,9,201500051133B01,32,1,1,200054781
201500051137,2015-10-01,2015,octobre,jeudi,18:50,75,75105,0,0,2,5,3,2,1,4,4,02,1,-1,30,120,1,0,1,4,1,25,2,3,2,0,2,3,7,201500051137A01,33,15,1,200054781
201500051145,2015-10-07,2015,octobre,mercredi,08:50,75,75105,0,0,2,2,3,1,1,4,1,04,1,1,0,160,1,0,1,4,1,44,1,3,2,0,2,3,13,201500051145A01,1,17,1,200054781
201500051145,2015-10-07,2015,octobre,mercredi,08:50,75,75105,0,0,2,2,3,1,1,4,1,04,1,1,0,160,1,0,1,1,1,33,1,3,2,0,2,1,17,201500051145B01,1,13,1,200054781
201500051157,2015-10-21,2015,octobre,mercredi,10:45,75,75105,0,0,2,3,3,1,1,4,2,02,2,1,0,80,1,0,1,4,1,48,1,3,2,0,2,1,1,201500051157B01,10,22,1,200054781
201500051160,2015-10-24,2015,octobre,samedi,09:50,75,75105,0,0,2,3,3,1,1,4,2,04,2,1,4,131,1,0,1,4,2,57,5,3,2,0,2,6,15,201500051160A01,32,1,1,200054781
201500051163,2015-10-31,2015,octobre,samedi,03:15,75,75105,0,0,2,1,3,5,1,4,2,04,2,1,0,45,1,0,1,4,1,23,5,3,2,0,2,0,7,201500051163A01,7,22,1,200054781
201500051180,2015-11-24,2015,novembre,mardi,11:30,75,75105,0,0,2,2,3,1,2,4,2,04,1,1,0,140,2,0,1,1,1,23,9,2,2,0,2,0,15,201500051180A01,32,1,1,200054781
201500051181,2015-11-26,2015,novembre,jeudi,13:55,75,75105,0,0,2,1,6,1,1,4,2,00,2,1,0,150,1,0,1,4,1,44,4,3,2,1,2,2,21,201500051181A01,10,22,1,200054781
201500051190,2015-12-18,2015,décembre,vendredi,10:20,75,75105,0,0,2,2,6,1,1,4,2,00,1,1,0,80,1,0,1,4,1,44,1,3,2,0,2,1,17,201500051190A01,10,15,1,200054781
201500051201,2015-02-04,2015,février,mercredi,09:30,75,75106,0,0,2,2,2,1,1,4,1,03,1,1,212,156,1,0,1,1,1,40,4,3,2,0,2,4,2,201500051201B01,34,2,1,200054781
201500051211,2015-02-27,2015,février,vendredi,06:44,75,75106,0,0,2,7,1,2,1,4,1,02,1,1,0,80,1,0,0,4,2,56,5,3,2,0,2,1,5,201500051211A01,7,1,1,200054781
201500051215,2015-03-14,2015,mars,samedi,12:05,75,75106,0,0,2,1,6,1,1,4,2,02,1,1,0,0,1,0,1,4,1,72,5,3,2,0,1,8,7,201500051215A01,,,,200054781
201500051221,2015-03-28,2015,mars,samedi,15:45,75,75106,0,0,2,2,3,1,1,4,1,01,1,1,0,60,1,0,1,4,1,17,0,3,2,0,2,7,1,201500051221A01,7,1,1,200054781
201500051225,2015-04-04,2015,avril,samedi,17:10,75,75106,0,0,2,1,3,1,1,4,2,02,1,1,3,30,1,0,1,4,1,23,1,3,2,0,2,2,1,201500051225B01,7,22,1,200054781
201500051228,2015-04-13,2015,avril,lundi,13:00,75,75106,0,0,2,2,2,1,1,4,3,04,2,1,10,160,1,0,1,3,1,56,1,3,2,0,2,0,2,201500051228A01,7,23,1,200054781
201500051230,2015-04-15,2015,avril,mercredi,17:37,75,75106,0,0,2,1,2,1,1,4,1,02,1,1,0,75,1,0,1,4,1,14,5,2,2,0,2,1,1,201500051230A01,10,23,1,200054781
201500051232,2015-04-22,2015,avril,mercredi,09:48,75,75106,0,0,2,3,2,1,1,4,2,02,1,1,0,120,1,0,1,4,1,19,5,1,2,0,2,1,17,201500051232B01,7,15,1,200054781
201500051238,2015-05-06,2015,mai,mercredi,16:05,75,75106,0,0,2,2,3,1,1,4,1,01,1,1,0,40,1,0,1,4,2,63,5,3,2,0,2,8,13,201500051238B01,7,17,1,200054781
201500051244,2015-05-20,2015,mai,mercredi,10:44,75,75106,0,0,2,1,6,1,1,4,1,01,1,1,0,75,1,0,5,4,2,43,1,3,2,0,1,1,1,201500051244A01,,,,200054781
201500051246,2015-05-21,2015,mai,jeudi,15:10,75,75106,0,0,2,1,2,1,1,4,2,03,1,1,0,120,1,0,1,4,2,61,0,2,2,0,2,8,23,201500051246B01,7,1,1,200054781
201500051253,2015-06-10,2015,juin,mercredi,12:10,75,75106,0,0,2,3,3,1,1,4,1,02,-1,-1,0,130,1,0,1,4,2,34,0,3,2,0,2,3,15,201500051253A01,10,1,1,200054781
201500051263,2015-06-27,2015,juin,samedi,10:30,75,75106,0,0,2,2,3,1,1,4,2,04,1,1,0,80,1,0,0,4,2,24,0,3,2,0,2,4,1,201500051263B01,7,16,1,200054781
201500051270,2015-07-11,2015,juillet,samedi,20:30,75,75106,0,0,2,2,6,1,1,4,2,04,1,1,0,0,1,0,1,1,1,15,0,3,2,0,1,1,7,201500051270A01,,,,200054781
201500051271,2015-07-13,2015,juillet,lundi,14:40,75,75106,0,0,2,3,6,1,1,4,2,04,1,1,0,160,1,0,1,1,1,18,9,3,2,0,1,1,7,201500051271A01,,,,200054781
201500051275,2015-07-21,2015,juillet,mardi,14:00,75,75106,0,0,2,1,6,1,1,4,2,04,1,1,0,0,1,0,5,1,1,31,0,2,2,0,1,1,1,201500051275A01,,,,200054781
201500051276,2015-07-24,2015,juillet,vendredi,07:55,75,75106,0,0,2,2,7,1,1,4,1,01,1,1,0,40,1,0,1,4,1,44,1,3,2,0,0,0,1,201500051276A01,,,,200054781
201500051278,2015-07-29,2015,juillet,mercredi,08:45,75,75106,0,0,2,5,3,1,1,4,2,06,1,1,0,180,1,0,1,4,1,18,9,1,2,0,2,0,1,201500051278B01,7,1,1,200054781
201500051280,2015-08-01,2015,août,samedi,15:40,75,75106,0,0,2,2,3,1,1,4,3,05,2,1,100,120,1,0,1,4,1,25,9,3,2,0,2,5,15,201500051280B01,7,1,1,200054781
201500051284,2015-08-17,2015,août,lundi,09:20,75,75106,0,0,2,5,3,1,1,4,3,00,1,-1,0,70,1,0,1,4,1,40,5,3,2,0,2,8,7,201500051284B01,38,16,1,200054781
201500051286,2015-08-24,2015,août,lundi,09:00,75,75106,0,0,2,2,2,1,2,4,2,03,1,1,0,125,2,0,1,4,1,59,1,2,2,1,2,1,1,201500051286B01,7,22,1,200054781
201500051289,2015-08-30,2015,août,dimanche,17:25,75,75106,0,0,2,3,4,1,1,4,1,02,1,1,0,70,1,0,1,4,1,23,5,1,2,0,2,0,1,201500051289B01,7,22 / 1,2,200054781
201500051298,2015-09-15,2015,septembre,mardi,11:00,75,75106,0,0,2,3,3,1,1,4,1,03,1,1,0,120,1,0,5,4,2,34,2,1,2,0,2,8,1,201500051298B01,7,16,1,200054781
201500051321,2015-10-30,2015,octobre,vendredi,10:15,75,75105,0,0,2,3,3,1,1,4,2,04,2,1,0,150,1,0,1,4,2,27,9,2,2,0,2,3,13,201500051321A01,37,7,1,200054781
201500051322,2015-10-31,2015,octobre,samedi,17:30,75,75106,0,0,2,2,6,5,1,4,2,03,1,1,0,129,1,0,1,4,1,74,5,3,2,0,2,8,1,201500051322A01,7,22,1,200054781
201500051327,2015-11-11,2015,novembre,mercredi,19:50,75,75106,0,0,2,3,6,5,1,4,1,01,1,1,0,85,1,0,5,1,1,34,4,3,2,0,1,1,1,201500051327A01,,,,200054781
201500051328,2015-11-12,2015,novembre,jeudi,11:10,75,75106,0,0,2,5,3,1,1,4,1,02,1,1,0,70,1,0,1,4,1,27,1,2,9,0,2,8,1,201500051328B01,7,15,1,200054781
201500051333,2015-11-23,2015,novembre,lundi,08:30,75,75106,0,0,2,1,2,2,1,4,2,04,1,1,0,140,1,0,1,4,1,29,5,2,2,1,2,2,7,201500051333B01,10,24,1,200054781
201500051336,2015-12-02,2015,décembre,mercredi,13:25,75,75106,0,0,2,1,6,1,1,4,1,01,1,1,0,30,1,0,5,1,1,15,2,3,2,0,1,3,1,201500051336A01,,,,200054781
201500051339,2015-12-05,2015,décembre,samedi,02:10,75,75106,0,0,2,5,1,5,1,4,-1,02,1,1,0,100,1,5,1,4,1,23,0,3,2,0,2,2,5,201500051339A01,7,15,1,200054781
201500051342,2015-12-11,2015,décembre,vendredi,20:00,75,75106,0,0,2,1,6,5,8,4,1,00,1,1,0,70,2,0,1,1,1,22,4,1,2,0,1,1,1,201500051342A01,,,,200054781
201500051343,2015-12-12,2015,décembre,samedi,10:10,75,75106,0,0,2,1,3,1,1,4,2,06,1,1,0,0,1,0,1,4,2,27,5,3,2,0,2,0,7,201500051343B01,7,22,1,200054781
201500051349,2015-12-19,2015,décembre,samedi,15:30,75,75106,0,0,2,5,4,1,1,4,-1,00,1,1,0,0,1,0,1,3,1,50,5,2,2,0,2,0,1,201500051349B01,7,1 / 22,2,200054781
201500051354,2015-01-14,2015,janvier,mercredi,09:15,75,75107,0,0,2,3,3,1,1,4,2,03,1,1,0,115,1,0,1,4,1,33,1,3,2,0,2,3,1,201500051354B01,7,16,1,200054781
201500051376,2015-02-25,2015,février,mercredi,19:00,75,75107,0,0,2,7,3,5,2,4,1,03,1,1,30,90,2,0,1,4,1,52,1,3,2,0,2,3,1,201500051376B01,7,16,1,200054781
201500051380,2015-03-07,2015,mars,samedi,17:45,75,75107,0,0,2,1,6,1,1,4,-1,00,1,1,0,0,1,0,1,1,1,26,5,3,2,0,1,1,1,201500051380A01,,,,200054781
201500051382,2015-03-09,2015,mars,lundi,16:50,75,75107,0,0,2,1,3,1,2,4,2,00,1,3,0,0,1,0,1,4,1,62,1,3,2,0,2,3,1,201500051382B01,10,14,1,200054781
201500051384,2015-03-17,2015,mars,mardi,13:10,75,75107,0,0,2,2,6,1,1,4,2,02,1,1,0,120,1,0,1,1,2,61,0,3,2,0,1,4,15,201500051384A01,,,,200054781
201500051394,2015-04-10,2015,avril,vendredi,09:00,75,75114,0,0,2,2,3,1,1,4,1,02,1,1,0,120,1,0,5,4,1,18,2,3,2,0,2,7,1,201500051394B01,7,15,1,200054781
201500051395,2015-04-13,2015,avril,lundi,15:05,75,75107,0,0,2,1,3,1,1,4,2,02,1,1,0,80,1,0,1,4,1,50,9,3,2,0,2,7,1,201500051395B01,7,22,1,200054781
201500051396,2015-04-15,2015,avril,mercredi,13:45,75,75107,0,0,2,2,2,1,1,4,2,06,1,1,0,30,1,0,0,4,1,28,4,1,2,0,2,1,14,201500051396A01,7,23,1,200054781
201500051397,2015-04-16,2015,avril,jeudi,21:39,75,75107,0,0,2,1,2,5,1,4,2,04,1,1,0,180,1,0,5,4,1,50,1,3,2,0,2,1,1,201500051397B01,7,22,1,200054781
201500051407,2015-05-04,2015,mai,lundi,10:35,75,75107,0,0,2,3,6,1,1,4,3,03,-1,1,0,0,1,0,5,4,2,66,5,3,2,12,2,8,18,201500051407B01,7,22,1,200054781
201500051409,2015-05-07,2015,mai,jeudi,20:10,75,75107,0,0,2,7,3,5,1,4,2,03,1,1,0,90,1,0,1,4,2,31,5,3,2,0,2,4,1,201500051409A01,33,1,1,200054781
201500051412,2015-05-13,2015,mai,mercredi,11:55,75,75107,0,0,2,3,3,1,1,4,1,01,1,-1,0,0,1,0,0,4,1,27,0,3,2,0,2,1,1,201500051412B01,10,22,1,200054781
201500051429,2015-06-08,2015,juin,lundi,20:40,75,75107,0,0,2,2,3,1,1,4,2,08,1,1,0,230,1,0,1,4,2,27,5,3,2,0,2,8,15,201500051429A01,34,17,1,200054781
201500051433,2015-06-12,2015,juin,vendredi,07:55,75,75107,0,0,2,1,2,1,1,4,1,01,1,1,0,40,1,0,1,4,2,51,0,3,2,0,2,1,1,201500051433B01,7,22,1,200054781
201500051438,2015-06-18,2015,juin,jeudi,10:20,75,75107,0,0,2,2,6,1,1,4,1,01,1,1,0,69,1,0,1,1,1,49,4,2,2,0,1,1,1,201500051438A01,,,,200054781
201500051449,2015-07-08,2015,juillet,mercredi,12:55,75,75107,0,0,2,2,3,1,1,4,2,03,1,1,0,120,1,0,1,4,2,53,5,3,2,0,2,1,1,201500051449A01,33,1,1,200054781
201500051461,2015-08-07,2015,août,vendredi,12:27,75,75107,0,0,2,5,6,1,1,4,-1,00,1,1,0,0,1,0,0,1,1,63,5,2,2,0,1,1,1,201500051461A01,,,,200054781
201500051462,2015-08-09,2015,août,dimanche,22:25,75,75107,0,0,2,3,3,5,1,4,1,01,1,1,0,72,1,0,1,4,1,30,0,3,2,0,2,0,1,201500051462B01,7,22,1,200054781
201500051464,2015-08-13,2015,août,jeudi,20:40,75,75115,0,0,2,3,3,2,2,4,2,04,1,1,0,0,2,0,1,1,1,29,5,3,2,0,2,0,14,201500051464B01,31,1,1,200054781
201500051467,2015-08-26,2015,août,mercredi,08:45,75,75107,0,0,2,2,2,1,1,4,2,01,1,1,0,130,1,0,1,4,2,44,0,3,2,0,2,6,23,201500051467B01,7,2,1,200054781
201500051472,2015-09-05,2015,septembre,samedi,10:35,75,75107,0,0,2,5,6,1,1,4,1,01,1,1,0,60,1,0,1,1,1,20,9,3,2,0,1,0,0,201500051472A01,,,,200054781
201500051479,2015-09-15,2015,septembre,mardi,15:42,75,75107,0,0,2,1,6,1,1,4,1,01,1,1,0,50,1,0,0,4,2,52,4,3,2,1,0,1,1,201500051479A01,,,,200054781
201500051488,2015-10-10,2015,octobre,samedi,17:00,75,75107,0,0,2,1,3,1,1,4,-1,00,1,1,0,110,1,6,0,4,1,13,5,2,2,0,2,1,19,201500051488A01,7,1,1,200054781
201500051490,2015-10-14,2015,octobre,mercredi,09:15,75,75107,0,0,2,1,7,1,1,4,1,01,1,1,0,0,1,0,5,4,1,55,1,2,2,0,0,0,1,201500051490A01,,,,200054781
201500051491,2015-10-15,2015,octobre,jeudi,18:55,75,75107,0,0,2,7,3,2,1,4,2,02,1,1,0,0,1,0,1,4,2,15,0,3,2,0,2,2,19,201500051491B01,7,1,1,200054781
201500051495,2015-10-22,2015,octobre,jeudi,08:30,75,75107,0,0,2,1,3,1,8,4,2,04,1,1,0,0,2,0,1,4,1,25,2,3,2,0,2,1,1,201500051495B01,10,22,1,200054781
201500051501,2015-11-03,2015,novembre,mardi,23:35,75,75107,0,0,2,2,3,5,2,4,1,04,1,1,130,120,2,0,1,4,1,52,0,3,2,0,2,0,7,201500051501A01,7,1,1,200054781
201500051518,2015-12-02,2015,décembre,mercredi,15:55,75,75107,0,0,2,7,3,1,1,4,-1,02,1,1,0,0,1,0,0,4,1,20,1,3,2,0,2,3,7,201500051518B01,7,16,1,200054781
201500051521,2015-12-12,2015,décembre,samedi,16:35,75,75107,0,0,2,7,7,1,1,4,2,01,1,1,30,30,1,0,1,4,1,52,0,3,2,0,0,0,1,201500051521A01,,,,200054781
201500051525,2015-01-05,2015,janvier,lundi,20:15,75,75108,0,0,2,7,3,5,1,4,2,04,2,1,0,80,1,0,1,4,1,20,1,3,2,0,2,1,1,201500051525B01,7,10,1,200054781
201500051528,2015-01-08,2015,janvier,jeudi,10:35,75,75108,0,0,2,3,2,1,1,4,2,04,1,1,0,0,1,0,1,4,1,48,5,3,2,0,2,8,2,201500051528B01,10,2,1,200054781
201500051551,2015-01-27,2015,janvier,mardi,10:35,75,75108,0,0,2,7,2,1,1,4,4,08,1,2,250,250,1,0,1,4,1,45,1,2,2,0,2,5,2,201500051551B01,7,2,1,200054781
201500051616,2015-04-14,2015,avril,mardi,08:55,75,75108,0,0,2,1,3,1,1,4,2,03,1,1,0,0,1,0,1,1,1,49,0,3,2,0,2,2,13,201500051616B01,2,17,1,200054781
201500051617,2015-04-14,2015,avril,mardi,14:15,75,75116,0,0,2,5,3,1,7,4,2,07,1,-1,0,0,1,0,1,4,2,42,4,3,2,0,2,8,13,201500051617B01,14,17,1,200054781
201500051619,2015-04-18,2015,avril,samedi,14:05,75,75108,0,0,2,7,2,1,1,4,-1,03,1,1,0,0,1,0,1,4,1,36,0,3,2,0,2,4,2,201500051619B01,7,2,1,200054781
201500051624,2015-04-23,2015,avril,jeudi,08:50,75,75108,0,0,2,2,3,1,1,4,1,01,1,1,0,60,1,0,1,3,2,41,1,3,2,0,2,3,15,201500051624A01,34,1,1,200054781
201500051626,2015-04-23,2015,avril,jeudi,12:34,75,75108,0,0,2,7,3,1,1,4,1,02,1,1,0,80,1,0,1,4,2,44,0,3,2,0,2,3,1,201500051626B01,7,1,1,200054781
201500051631,2015-04-28,2015,avril,mardi,19:30,75,75108,0,0,2,1,3,1,1,4,1,03,1,1,0,120,1,0,1,4,1,26,5,3,2,0,2,8,7,201500051631B01,7,7,1,200054781
201500051633,2015-04-29,2015,avril,mercredi,20:00,75,75117,0,0,2,3,2,1,1,4,2,04,1,1,0,230,1,0,0,4,2,45,1,3,2,0,2,1,1,201500051633B01,10,22,1,200054781
201500051642,2015-05-09,2015,mai,samedi,04:30,75,75108,0,0,2,1,3,5,1,4,2,02,1,-1,0,100,1,2,1,4,1,54,0,3,2,0,2,0,13,201500051642A01,7,1,1,200054781
201500051654,2015-05-26,2015,mai,mardi,12:20,75,75108,0,0,2,7,3,1,1,4,2,00,1,1,0,100,1,0,1,4,1,31,0,3,2,0,2,1,17,201500051654B01,7,13,1,200054781
201500051681,2015-06-10,2015,juin,mercredi,19:45,75,75108,0,0,2,2,6,1,1,4,2,05,1,1,0,0,1,0,1,4,1,45,0,3,2,0,2,0,1,201500051681A01,7,22,1,200054781
201500051686,2015-06-15,2015,juin,lundi,17:45,75,75108,0,0,2,3,2,1,1,4,-1,02,2,1,0,150,1,0,0,4,2,31,5,3,2,0,2,0,14,201500051686A01,10,24,1,200054781
201500051690,2015-06-19,2015,juin,vendredi,11:00,75,75108,0,0,2,7,2,1,1,4,1,04,1,2,0,0,1,0,1,4,2,51,5,1,2,0,2,4,1,201500051690B01,7,1,1,200054781
201500051722,2015-07-16,2015,juillet,jeudi,11:00,75,75108,0,0,2,7,3,1,1,4,4,03,1,1,60,150,1,0,1,4,1,47,0,3,2,0,2,3,1,201500051722B01,7,15,1,200054781
201500051723,2015-07-17,2015,juillet,vendredi,08:38,75,75108,0,0,2,2,7,1,1,4,2,00,-1,-1,0,0,-1,0,1,4,2,49,1,2,2,0,0,0,15,201500051723A01,,,,200054781
201500051731,2015-07-22,2015,juillet,mercredi,14:43,75,75108,0,0,2,7,3,1,1,4,-1,00,1,1,0,0,1,0,1,3,2,66,0,3,2,0,2,0,23,201500051731B01,7,1,1,200054781
201500051734,2015-07-27,2015,juillet,lundi,19:30,75,75108,0,0,2,7,6,1,1,4,1,03,-1,-1,0,0,-1,0,1,1,1,21,5,3,2,0,1,1,1,201500051734A01,,,,200054781
201500051736,2015-07-28,2015,juillet,mardi,09:50,75,75108,0,0,2,1,3,1,1,4,2,04,1,1,0,230,1,0,1,4,2,28,5,3,2,0,2,3,13,201500051736A01,33,1,1,200054781
201500051737,2015-07-29,2015,juillet,mercredi,09:35,75,75108,0,0,2,2,3,1,1,4,2,06,2,1,0,200,1,2,1,3,1,37,1,1,2,0,2,1,1,201500051737A01,10,16,1,200054781
201500051741,2015-08-03,2015,août,lundi,12:00,75,75108,0,0,2,1,3,1,1,4,2,03,-1,-1,0,0,1,0,1,4,2,66,5,3,2,0,2,3,18,201500051741A01,7,1,1,200054781
201500051744,2015-08-05,2015,août,mercredi,09:30,75,75108,0,0,2,7,7,1,1,4,1,01,1,-1,0,0,1,0,1,4,1,43,1,3,2,0,0,0,1,201500051744A01,,,,200054781
201500051755,2015-08-29,2015,août,samedi,08:20,75,75109,0,0,2,7,3,1,1,4,1,01,2,1,0,80,1,0,1,4,1,34,5,3,2,0,2,7,1,201500051755B01,7,14,1,200054781
201500051761,2015-09-05,2015,septembre,samedi,19:10,75,75108,0,0,2,7,3,1,1,4,2,04,2,1,0,141,-1,0,1,4,1,34,5,3,2,0,2,4,15,201500051761B01,7,1,1,200054781
201500051765,2015-09-09,2015,septembre,mercredi,15:00,75,75108,0,0,2,2,3,1,1,4,1,00,1,-1,0,150,1,0,1,4,1,27,4,1,2,0,2,1,1,201500051765B01,7,22,1,200054781
201500051818,2015-10-16,2015,octobre,vendredi,17:40,75,75108,0,0,2,7,6,1,2,4,2,04,1,1,0,150,2,0,1,4,1,47,1,3,2,0,2,0,2,201500051818A01,32,2,1,200054781
201500051850,2015-11-08,2015,novembre,dimanche,17:30,75,75108,0,0,2,2,3,2,1,4,2,04,1,1,0,90,1,2,1,4,2,23,5,3,2,0,2,2,19,201500051850A01,7,1,1,200054781
201500051875,2015-12-03,2015,décembre,jeudi,19:00,75,75108,0,0,2,1,3,5,1,4,2,06,1,1,0,200,1,0,1,4,2,27,5,3,2,0,2,1,17,201500051875B01,10,22,1,200054781
201500051900,2015-12-29,2015,décembre,mardi,15:05,75,75108,0,0,2,2,3,1,1,4,1,01,1,1,0,80,1,0,1,4,1,69,0,3,2,0,2,4,18,201500051900A01,7,1,1,200054781
201500051921,2015-02-24,2015,février,mardi,10:00,75,75109,0,0,2,5,3,1,2,4,1,01,1,1,0,40,2,0,1,4,1,29,4,3,2,0,2,5,1,201500051921A01,7,1,1,200054781
201500051926,2015-03-06,2015,mars,vendredi,19:15,75,75109,0,0,2,1,3,1,1,4,-1,03,-1,-1,0,100,-1,0,0,1,1,42,0,3,2,0,2,6,14,201500051926A01,1,1,1,200054781
201500051926,2015-03-06,2015,mars,vendredi,19:15,75,75109,0,0,2,1,3,1,1,4,-1,03,-1,-1,0,100,-1,0,0,4,2,25,0,3,2,0,2,2,1,201500051926B01,1,14,1,200054781
201500051927,2015-03-09,2015,mars,lundi,17:55,75,75109,0,0,2,3,3,1,1,4,1,03,1,1,30,100,1,0,1,3,1,35,5,3,2,0,2,1,1,201500051927B01,10,4,1,200054781
201500051929,2015-03-13,2015,mars,vendredi,16:30,75,75109,0,0,2,7,3,1,1,4,-1,03,1,1,0,0,1,5,1,4,1,26,9,3,2,0,2,7,16,201500051929A01,34,7,1,200054781
201500051937,2015-03-31,2015,mars,mardi,09:20,75,75109,0,0,2,1,2,1,8,4,1,02,1,1,0,0,1,0,1,4,2,26,1,1,2,0,2,1,1,201500051937B01,10,22,1,200054781
201500051945,2015-04-12,2015,avril,dimanche,03:30,75,75109,0,0,2,3,3,5,1,4,1,03,1,-1,0,150,1,0,1,4,1,30,5,3,2,0,2,1,7,201500051945B01,7,16,1,200054781
201500051951,2015-04-21,2015,avril,mardi,12:35,75,75109,0,0,2,5,2,1,1,4,-1,01,-1,-1,0,50,1,0,1,4,1,41,0,3,2,0,2,1,1,201500051951B01,7,23,1,200054781
201500051981,2015-06-06,2015,juin,samedi,13:00,75,75109,0,0,2,3,3,1,1,4,1,02,1,1,0,60,1,0,1,4,1,18,5,3,2,0,2,4,1,201500051981A01,7,1,1,200054781
201500051983,2015-06-12,2015,juin,vendredi,09:45,75,75109,0,0,2,1,2,1,1,4,1,02,2,1,0,0,1,0,1,4,1,20,0,2,2,0,2,1,1,201500051983B01,7,12,1,200054781
201500051993,2015-06-29,2015,juin,lundi,20:30,75,75109,0,0,2,2,3,1,1,4,2,00,1,1,0,0,1,0,1,4,2,23,0,3,2,0,2,6,15,201500051993B01,7,1,1,200054781
201500052006,2015-08-08,2015,août,samedi,03:40,75,75101,0,0,2,5,2,5,1,4,-1,03,1,1,0,0,1,0,0,4,1,44,1,3,2,0,2,4,7,201500052006B01,7,2,1,200054781
201500052027,2015-09-25,2015,septembre,vendredi,19:48,75,75104,0,0,2,1,6,5,1,4,2,02,1,1,0,100,1,0,1,1,2,54,0,2,2,0,1,1,1,201500052027A01,,,,200054781
201500052028,2015-09-29,2015,septembre,mardi,12:50,75,75109,0,0,2,2,6,1,1,4,1,03,1,1,180,100,1,0,1,4,2,43,0,2,2,0,2,0,0,201500052028A01,32,0,1,200054781
201500052032,2015-10-04,2015,octobre,dimanche,00:55,75,75104,0,0,2,2,3,5,1,4,1,01,1,1,0,0,1,0,1,4,1,38,0,3,2,0,2,2,7,201500052032A01,7,15,1,200054781
201500052036,2015-09-30,2015,septembre,mercredi,14:50,75,75109,0,0,2,7,3,1,1,4,2,02,1,1,0,50,1,0,1,4,1,65,0,1,2,0,2,8,1,201500052036B01,7,14,1,200054781
201500052044,2015-10-20,2015,octobre,mardi,07:25,75,75109,0,0,2,3,3,5,8,4,-1,02,2,1,0,50,2,0,0,4,1,22,9,3,2,0,2,0,1,201500052044B01,14,15,1,200054781
201500052046,2015-10-30,2015,octobre,vendredi,17:20,75,75109,0,0,2,2,2,1,1,4,-1,02,1,1,0,80,1,0,0,4,1,47,5,2,2,0,2,8,0,201500052046B01,7,15,1,200054781
201500052053,2015-11-12,2015,novembre,jeudi,09:45,75,75109,0,0,2,2,3,1,1,4,1,01,1,1,0,0,1,0,1,4,2,31,4,3,2,0,2,7,1,201500052053B01,7,9,1,200054781
201500052060,2015-11-26,2015,novembre,jeudi,08:49,75,75103,0,0,2,2,3,1,1,4,2,03,1,1,0,0,1,0,1,4,1,47,1,1,2,0,2,7,15,201500052060B01,2,1,1,200054781
201500052065,2015-12-01,2015,décembre,mardi,14:20,75,75109,0,0,2,3,6,1,1,4,1,02,-1,-1,0,0,-1,0,0,4,1,39,4,1,2,0,2,6,19,201500052065A01,32,7,1,200054781
201500052088,2015-01-18,2015,janvier,dimanche,21:40,75,75110,0,0,2,1,3,5,1,4,1,04,1,1,0,250,1,0,1,4,2,58,1,2,2,0,2,4,1,201500052088B01,7,13,1,200054781
201500052095,2015-01-27,2015,janvier,mardi,10:15,75,75110,0,0,2,1,6,1,1,4,1,01,1,1,100,50,1,0,5,1,1,24,4,3,2,0,1,7,1,201500052095A01,,,,200054781
201500052096,2015-01-27,2015,janvier,mardi,12:00,75,75110,0,0,2,1,6,1,1,4,1,01,1,1,0,100,1,0,5,1,1,18,2,3,2,0,1,1,1,201500052096A01,,,,200054781
201500052101,2015-02-06,2015,février,vendredi,18:00,75,75110,0,0,2,1,3,5,1,4,2,04,2,1,0,0,1,0,1,4,1,58,0,3,2,0,2,1,17,201500052101B01,7,14,1,200054781
201500052138,2015-04-09,2015,avril,jeudi,13:45,75,75110,0,0,2,5,3,1,1,4,2,02,1,1,0,30,1,0,1,4,2,28,9,3,2,0,2,8,18,201500052138A01,14,1,1,200054781
201500052147,2015-04-21,2015,avril,mardi,14:00,75,75110,0,0,2,2,3,1,1,4,1,01,1,-1,0,50,1,0,1,4,1,33,1,3,2,0,2,8,1,201500052147B01,7,1,1,200054781
201500052149,2015-04-23,2015,avril,jeudi,00:05,75,75110,0,0,2,2,3,5,1,4,2,02,1,1,0,60,1,0,1,4,2,27,5,1,2,0,2,1,15,201500052149A01,30,1,1,200054781
201500052162,2015-05-20,2015,mai,mercredi,08:10,75,75110,0,0,2,3,3,1,1,4,1,01,1,1,0,30,1,0,1,4,1,61,5,3,2,0,2,1,15,201500052162B01,10,4,1,200054781
201500052164,2015-05-21,2015,mai,jeudi,09:26,75,75110,0,0,2,1,3,1,1,4,1,01,2,1,0,40,1,0,5,3,2,65,1,3,2,0,2,3,13,201500052164B01,7,1,1,200054781
201500052165,2015-05-22,2015,mai,vendredi,17:10,75,75110,0,0,2,5,6,1,1,4,1,02,1,1,0,0,1,0,1,4,1,45,5,3,2,0,2,1,1,201500052165A01,30,1,1,200054781
201500052168,2015-05-30,2015,mai,samedi,10:00,75,75110,0,0,2,5,3,1,1,4,1,01,1,1,0,30,1,0,1,4,2,63,3,3,2,0,2,1,1,201500052168A01,33,1,1,200054781
201500052171,2015-06-03,2015,juin,mercredi,09:50,75,75110,0,0,2,3,3,1,1,4,1,02,1,1,0,60,1,5,1,4,1,28,1,1,2,11,2,3,1,201500052171B01,7,16,1,200054781