Num_Acc,date,an,mois,jour,hrmn,dep,com,lat,long,agg,int,col,lum,atm,catr,circ,nbv,prof,plan,lartpc,larrout,surf,infra,situ,grav,sexe,age,trajet,secuexist,equipement,obs,obsm,choc,manv,vehiculeid,typevehicules,manoeuvehicules,numVehicules,_infos_commune.code_epci
201500052891,2015-09-29,2015,septembre,mardi,08:59,75,75112,0,0,2,7,3,1,1,4,1,01,1,2,0,0,1,0,1,4,1,52,1,1,2,0,2,8,1,201500052891B01,7,16,1,200054781
201500052892,2015-09-29,2015,septembre,mardi,09:05,75,75112,0,0,2,2,3,1,1,4,1,03,-1,-1,0,0,-1,0,5,4,1,22,1,3,2,0,2,7,9,201500052892B01,33,1,1,200054781
201500052896,2015-09-30,2015,septembre,mercredi,18:10,75,75111,0,0,2,1,3,2,1,4,1,01,1,1,0,30,1,0,1,4,1,47,9,3,2,0,2,8,18,201500052896B01,10,22,1,200054781
201500052899,2015-10-02,2015,octobre,vendredi,09:15,75,75112,0,0,2,2,3,1,1,4,2,02,1,1,0,60,1,0,1,4,2,43,5,3,2,0,2,3,15,201500052899B01,33,2,1,200054781
201500052940,2015-10-30,2015,octobre,vendredi,12:35,75,75112,0,0,2,1,2,1,1,4,2,02,1,1,0,50,1,0,1,4,1,20,5,2,2,1,2,7,1,201500052940B01,7,22,1,200054781
201500052954,2015-11-09,2015,novembre,lundi,00:10,75,75112,0,0,2,1,6,5,1,4,1,00,1,-1,0,0,1,0,0,3,1,27,0,1,2,0,2,0,2,201500052954A01,7,2,1,200054781
201500052956,2015-11-10,2015,novembre,mardi,19:35,75,75112,0,0,2,5,6,5,1,4,1,01,1,1,0,50,1,0,1,4,1,63,1,3,2,0,2,8,18,201500052956A01,31,14,1,200054781
201500052971,2015-11-26,2015,novembre,jeudi,15:30,75,75112,0,0,2,2,3,1,1,4,2,02,1,1,0,50,1,0,0,4,1,55,1,2,2,0,2,1,9,201500052971B01,7,15,1,200054781
201500052973,2015-11-27,2015,novembre,vendredi,16:05,75,75112,0,0,2,3,1,1,1,4,1,02,1,2,0,60,1,0,5,4,1,26,5,3,2,0,2,1,13,201500052973A01,7,1,1,200054781
201500052982,2015-12-07,2015,décembre,lundi,11:30,75,75112,0,0,2,3,6,1,1,4,2,02,3,1,0,6,1,0,1,1,1,58,5,2,2,0,1,1,1,201500052982A01,,,,200054781
201500052985,2015-12-10,2015,décembre,jeudi,07:50,75,75112,0,0,2,2,3,1,1,4,3,02,1,1,0,0,1,2,5,4,1,30,1,3,2,0,2,1,1,201500052985A01,33,16,1,200054781
201500052998,2015-12-21,2015,décembre,lundi,18:05,75,75112,0,0,2,2,2,5,2,4,1,01,1,1,0,40,2,0,1,4,2,42,1,3,2,0,2,1,23,201500052998B01,7,2,1,200054781
201500053010,2015-01-09,2015,janvier,vendredi,08:45,75,75113,0,0,2,1,2,1,1,4,1,02,1,1,0,80,2,0,4,4,2,21,1,3,2,0,2,1,1,201500053010B01,7,10,1,200054781
201500053030,2015-01-25,2015,janvier,dimanche,11:40,75,75113,0,0,2,1,2,1,1,4,2,02,2,1,0,0,1,0,1,4,1,40,5,2,2,0,2,7,17,201500053030B01,7,10,1,200054781
201500053054,2015-03-05,2015,mars,jeudi,18:00,75,75113,0,0,2,2,6,1,1,4,2,04,1,1,0,0,-1,0,1,4,1,29,1,3,2,0,2,1,2,201500053054A01,7,23,1,200054781
201500053056,2015-03-10,2015,mars,mardi,23:00,75,75113,0,0,2,1,3,5,1,4,2,01,2,1,0,120,1,0,0,4,2,21,5,3,2,0,2,1,13,201500053056A01,7,17,1,200054781
201500053068,2015-03-16,2015,mars,lundi,13:55,75,75113,0,0,2,2,6,1,1,4,3,00,1,1,0,50,1,0,5,4,2,33,1,3,2,0,2,8,19,201500053068B01,30,1,1,200054781
201500053069,2015-03-19,2015,mars,jeudi,20:15,75,75113,0,0,2,4,3,5,1,4,1,01,1,-1,0,0,1,0,0,4,1,26,5,3,2,0,2,1,1,201500053069A01,7,16,1,200054781
201500053071,2015-03-22,2015,mars,dimanche,17:30,75,75113,0,0,2,2,1,1,1,4,2,03,1,1,0,0,1,0,1,4,1,16,5,2,2,0,2,4,1,201500053071B01,33,15,1,200054781
201500053080,2015-04-01,2015,avril,mercredi,09:35,75,75113,0,0,2,7,3,1,1,4,1,06,1,2,0,120,1,0,1,4,2,27,1,3,2,0,2,8,1,201500053080B01,10,14,1,200054781
201500053085,2015-04-03,2015,avril,vendredi,20:00,75,75106,0,0,2,5,3,5,2,4,2,02,1,1,0,0,2,0,1,4,1,19,2,3,2,0,2,8,16,201500053085B01,7,1,1,200054781
201500053086,2015-04-10,2015,avril,vendredi,11:10,75,75113,0,0,2,3,3,1,1,4,-1,02,1,1,0,100,1,0,1,4,2,40,4,3,2,0,2,1,1,201500053086B01,14,16,1,200054781
201500053091,2015-04-14,2015,avril,mardi,15:20,75,75113,0,0,2,2,6,1,1,4,1,02,1,1,0,50,1,2,1,4,2,44,0,3,2,0,2,8,1,201500053091A01,7,15,1,200054781
201500053093,2015-04-14,2015,avril,mardi,18:30,75,75113,0,0,2,2,3,1,1,4,2,02,1,1,0,0,1,0,1,4,1,38,5,1,2,0,2,1,7,201500053093A01,37,15,1,200054781
201500053110,2015-05-04,2015,mai,lundi,16:55,75,75113,0,0,2,7,3,1,2,4,1,00,1,-1,0,100,2,0,0,4,2,53,1,3,2,0,2,1,2,201500053110A01,7,23,1,200054781
201500053117,2015-05-11,2015,mai,lundi,09:29,75,75113,0,0,2,3,6,2,1,4,2,00,2,1,30,190,1,0,1,1,2,44,1,1,2,0,1,1,17,201500053117A01,,,,200054781
201500053120,2015-05-11,2015,mai,lundi,18:25,75,75113,0,0,2,1,2,1,1,4,2,02,2,1,0,75,1,0,1,4,1,32,5,3,2,0,2,1,2,201500053120A01,37,23,1,200054781
201500053122,2015-05-12,2015,mai,mardi,08:00,75,75113,0,0,2,1,3,1,1,4,-1,02,2,1,40,40,1,0,5,4,1,66,0,3,2,0,2,5,1,201500053122B01,7,16,1,200054781
201500053126,2015-05-16,2015,mai,samedi,17:00,75,75113,0,0,2,3,6,1,1,4,2,04,2,1,25,120,1,0,5,1,1,34,5,3,2,0,1,1,1,201500053126A01,,,,200054781
201500053131,2015-05-24,2015,mai,dimanche,14:19,75,75113,0,0,2,3,3,1,1,4,1,01,1,-1,0,42,1,0,1,4,1,28,5,3,2,0,2,1,9,201500053131B01,7,15,1,200054781
201500053132,2015-05-25,2015,mai,lundi,10:05,75,75113,0,0,2,1,2,1,1,4,2,03,1,2,0,0,1,0,1,4,1,70,5,1,2,1,2,0,1,201500053132B01,7,22,1,200054781
201500053145,2015-06-05,2015,juin,vendredi,11:20,75,75113,0,0,2,3,3,1,1,4,2,04,1,1,0,120,1,0,1,4,1,27,4,1,2,1,2,2,1,201500053145B01,10,23,1,200054781
201500053152,2015-06-11,2015,juin,jeudi,20:45,75,75113,0,0,2,3,3,1,1,4,3,04,2,1,0,80,1,0,1,4,1,30,5,2,2,0,2,2,1,201500053152B01,7,15,1,200054781
201500053153,2015-06-12,2015,juin,vendredi,13:35,75,75113,0,0,2,2,6,1,1,4,1,,,-1,3,10,1,,,1,1,65,0,3,2,0,1,1,1,201500053153A01,,,,200054781
201500053157,2015-06-16,2015,juin,mardi,17:25,75,75113,0,0,2,2,6,1,1,4,1,01,-1,-1,0,0,-1,0,1,4,1,40,4,1,2,0,2,0,1,201500053157B01,7,1,1,200054781
201500053165,2015-06-26,2015,juin,vendredi,00:30,75,75113,0,0,2,1,3,5,1,4,2,02,1,1,0,80,1,0,1,4,1,19,5,3,2,0,2,4,13,201500053165B01,7,1,1,200054781
201500053167,2015-06-27,2015,juin,samedi,02:25,75,75105,0,0,2,1,3,4,1,4,2,04,2,1,0,120,1,0,1,4,1,25,5,3,2,0,2,3,18,201500053167A01,7,1,1,200054781
201500053171,2015-07-01,2015,juillet,mercredi,11:15,75,75113,0,0,2,7,6,1,1,4,1,01,1,1,0,50,1,0,1,4,1,55,5,3,2,0,2,4,2,201500053171A01,34,2,1,200054781
201500053186,2015-07-20,2015,juillet,lundi,18:40,75,75113,0,0,2,3,3,1,1,4,1,01,-1,-1,0,0,-1,0,1,4,1,25,5,3,2,0,2,1,1,201500053186B01,7,15,1,200054781
201500053189,2015-07-23,2015,juillet,jeudi,19:00,75,75113,0,0,2,3,3,1,1,4,2,02,1,1,0,70,1,0,5,4,1,35,5,3,2,0,2,0,1,201500053189B01,7,22,1,200054781
201500053190,2015-07-24,2015,juillet,vendredi,16:10,75,75113,0,0,2,3,6,1,2,4,1,01,-1,-1,0,0,-1,0,1,4,1,36,5,3,2,0,2,5,1,201500053190A01,34,1,1,200054781
201500053195,2015-07-29,2015,juillet,mercredi,08:50,75,75113,0,0,2,2,3,1,1,4,2,02,1,1,0,0,1,0,5,3,2,27,1,3,2,0,2,8,1,201500053195B01,13,16,1,200054781
201500053196,2015-07-30,2015,juillet,jeudi,16:20,75,75113,0,0,2,3,3,1,1,4,2,02,1,1,0,0,1,0,0,4,1,27,0,3,2,0,2,0,1,201500053196B01,10,22,1,200054781
201500053198,2015-08-01,2015,août,samedi,02:45,75,75113,0,0,2,1,6,5,1,4,2,01,1,1,0,80,1,0,1,3,1,28,5,3,2,12,0,1,14,201500053198A01,,,,200054781
201500053211,2015-08-11,2015,août,mardi,16:30,75,75113,0,0,2,1,6,1,1,4,1,00,1,1,0,30,1,0,1,1,1,22,4,3,2,0,2,8,13,201500053211B01,33,17,1,200054781
201500053224,2015-08-23,2015,août,dimanche,18:25,75,75113,0,0,2,3,3,1,1,4,1,02,2,1,0,60,1,0,1,4,1,57,5,3,2,0,2,0,1,201500053224B01,7,10,1,200054781
201500053226,2015-08-26,2015,août,mercredi,09:45,75,75113,0,0,2,5,3,1,1,4,3,04,2,2,200,160,1,2,1,4,1,52,1,1,2,0,2,3,1,201500053226A01,7,17,1,200054781
201500053239,2015-09-08,2015,septembre,mardi,09:00,75,75113,0,0,2,7,6,1,8,4,2,06,2,1,33,61,1,0,1,4,1,49,1,3,2,0,1,1,17,201500053239A01,,,,200054781
201500053248,2015-09-11,2015,septembre,vendredi,17:00,75,75113,0,0,2,7,3,1,1,4,2,04,2,1,0,0,1,0,1,4,1,21,1,3,2,0,2,2,13,201500053248A01,7,1,1,200054781
201500053249,2015-09-12,2015,septembre,samedi,01:05,75,75113,0,0,2,7,3,5,1,4,1,01,1,3,0,50,1,0,1,4,1,32,5,2,2,0,2,1,1,201500053249A01,7,16,1,200054781
201500053255,2015-09-17,2015,septembre,jeudi,18:25,75,75113,0,0,2,2,3,1,1,4,1,02,1,1,0,0,1,0,1,4,1,22,1,3,2,0,2,0,23,201500053255A01,7,1,1,200054781
201500053264,2015-09-30,2015,septembre,mercredi,11:40,75,75113,0,0,2,1,6,1,1,4,1,01,2,1,0,0,1,6,5,1,1,20,5,3,2,0,1,1,1,201500053264A01,,,,200054781
201500053274,2015-10-09,2015,octobre,vendredi,13:35,75,75113,0,0,2,5,7,1,1,4,2,01,1,1,40,40,1,0,1,3,2,35,5,3,2,0,0,0,1,201500053274A01,,,,200054781
201500053275,2015-10-09,2015,octobre,vendredi,18:15,75,75113,0,0,2,1,1,1,1,4,2,02,1,1,0,0,1,0,5,4,1,44,0,3,2,0,2,1,1,201500053275B01,1,13,1,200054781
201500053275,2015-10-09,2015,octobre,vendredi,18:15,75,75113,0,0,2,1,1,1,1,4,2,02,1,1,0,0,1,0,5,3,1,24,0,3,2,0,2,1,13,201500053275A01,1,1,1,200054781
201500053279,2015-10-11,2015,octobre,dimanche,03:30,75,75113,0,0,2,2,6,5,1,4,2,04,1,1,0,100,1,0,1,4,1,42,4,2,2,0,2,1,1,201500053279B01,7,16,1,200054781
201500053282,2015-10-14,2015,octobre,mercredi,12:05,75,75113,0,0,2,7,1,1,1,4,1,00,1,3,0,40,1,0,1,4,1,66,5,2,2,0,2,1,1,201500053282B01,7,5,1,200054781
201500053290,2015-10-20,2015,octobre,mardi,19:15,75,75113,0,0,2,2,6,5,1,4,2,04,2,1,0,70,2,0,1,1,1,23,1,3,2,0,1,1,1,201500053290A01,,,,200054781
201500053293,2015-10-22,2015,octobre,jeudi,11:05,75,75113,0,0,2,2,7,1,2,4,-1,01,1,1,0,0,2,0,5,4,1,70,1,1,2,0,1,0,21,201500053293A01,,,,200054781
201500053294,2015-10-22,2015,octobre,jeudi,12:30,75,75113,0,0,2,1,6,1,1,4,2,02,2,1,0,0,1,0,1,1,1,24,5,1,2,0,1,0,1,201500053294A01,,,,200054781
201500053314,2015-11-04,2015,novembre,mercredi,19:50,75,75113,0,0,2,2,3,5,1,4,2,02,2,1,0,60,1,0,1,3,1,21,5,3,2,0,2,1,1,201500053314B01,7,15,1,200054781
201500053317,2015-11-06,2015,novembre,vendredi,15:30,75,75113,0,0,2,5,6,1,2,4,3,02,1,1,0,70,2,0,1,4,1,34,5,1,2,0,2,5,1,201500053317A01,7,9,1,200054781
201500053332,2015-11-23,2015,novembre,lundi,08:53,75,75113,0,0,2,3,7,1,1,4,1,01,1,1,0,30,1,0,1,4,1,49,1,2,2,0,0,1,21,201500053332A01,,,,200054781
201500053337,2015-11-27,2015,novembre,vendredi,18:29,75,75113,0,0,2,7,3,5,1,4,1,02,1,1,0,0,1,0,1,4,1,53,0,3,2,0,2,0,13,201500053337A01,14,1,1,200054781
201500053337,2015-11-27,2015,novembre,vendredi,18:29,75,75113,0,0,2,7,3,5,1,4,1,02,1,1,0,0,1,0,1,4,2,54,0,3,2,0,2,0,13,201500053337A01,14,1,1,200054781
201500053338,2015-11-27,2015,novembre,vendredi,20:45,75,75113,0,0,2,1,3,5,2,4,2,04,4,1,0,0,2,0,1,4,1,21,9,3,2,0,2,1,7,201500053338A01,10,16,1,200054781
201500053340,2015-11-30,2015,novembre,lundi,14:35,75,75113,0,0,2,2,3,1,1,4,2,02,2,1,8,200,2,0,1,4,1,21,5,3,2,0,2,0,7,201500053340A01,7,15,1,200054781
201500053344,2015-12-07,2015,décembre,lundi,00:35,75,75113,0,0,2,7,3,5,1,4,1,00,1,2,0,0,1,0,1,4,1,31,5,3,2,0,2,4,1,201500053344B01,31,1,1,200054781
201500053352,2015-12-17,2015,décembre,jeudi,10:00,75,75113,0,0,2,3,3,1,1,4,2,02,-1,-1,0,0,-1,0,1,4,1,47,1,3,2,0,2,0,13,201500053352A01,37,17,1,200054781
201500053362,2015-12-23,2015,décembre,mercredi,12:57,75,75113,0,0,2,3,2,1,1,4,1,01,1,1,0,0,1,0,1,4,2,29,0,2,2,1,2,1,1,201500053362B01,7,22,1,200054781
201500053373,2015-01-21,2015,janvier,mercredi,08:00,75,75114,0,0,2,1,7,1,1,4,1,01,2,1,0,30,1,0,1,2,1,60,0,3,2,0,9,1,14,201500053373A01,,,,200054781
201500053382,2015-01-29,2015,janvier,jeudi,08:15,75,75114,0,0,2,1,3,1,1,4,2,01,2,1,0,80,1,0,1,4,2,19,2,3,2,0,2,1,1,201500053382B01,33,15,1,200054781
201500053384,2015-01-31,2015,janvier,samedi,02:25,75,75114,0,0,2,1,6,5,2,4,1,02,1,1,0,60,2,0,5,1,1,24,5,3,2,0,1,1,1,201500053384A01,,,,200054781
201500053406,2015-02-27,2015,février,vendredi,11:15,75,75114,0,0,2,1,3,1,1,4,1,01,2,1,80,80,1,0,1,4,2,36,5,1,2,1,2,1,1,201500053406B01,7,22,1,200054781
201500053407,2015-02-27,2015,février,vendredi,14:25,75,75114,0,0,2,3,6,1,1,4,2,05,1,1,0,150,1,0,1,4,1,50,4,3,2,0,0,0,5,201500053407A01,,,,200054781
201500053423,2015-04-02,2015,avril,jeudi,18:15,75,75114,0,0,2,7,3,1,2,4,-1,01,2,-1,0,0,2,0,1,1,1,65,0,3,2,0,2,0,13,201500053423A01,31,1,1,200054781
201500053446,2015-04-30,2015,avril,jeudi,16:50,75,75114,0,0,2,3,3,1,2,4,1,01,1,-1,0,30,2,0,1,4,1,31,4,1,2,0,2,1,1,201500053446B01,7,15,1,200054781
201500053473,2015-06-03,2015,juin,mercredi,20:30,75,75114,0,0,2,2,3,1,1,4,2,04,1,1,0,80,1,0,1,4,1,24,0,3,2,0,2,1,15,201500053473A01,7,1,1,200054781
201500053487,2015-08-28,2015,août,vendredi,13:42,75,75106,0,0,2,2,3,1,1,4,2,06,1,1,0,0,1,0,1,4,1,36,0,2,2,0,2,0,1,201500053487B01,7,7,1,200054781
201500053496,2015-06-18,2015,juin,jeudi,13:45,75,75113,0,0,2,2,6,1,2,4,1,01,2,1,0,0,1,0,1,1,1,41,5,1,2,0,1,1,5,201500053496A01,,,,200054781
201500053500,2015-06-20,2015,juin,samedi,15:34,75,75114,0,0,2,1,7,1,1,4,2,04,2,1,0,250,1,0,5,4,1,32,5,2,2,0,0,0,21,201500053500A01,,,,200054781
201500053510,2015-07-03,2015,juillet,vendredi,16:40,75,75114,0,0,2,1,6,1,1,4,2,05,-1,-1,0,0,-1,0,5,4,1,33,0,3,2,0,2,1,1,201500053510A01,7,4,1,200054781
201500053512,2015-07-04,2015,juillet,samedi,19:50,75,75107,0,0,2,3,3,2,1,4,1,01,1,1,0,40,1,0,1,4,2,21,5,3,2,0,2,7,1,201500053512B01,7,22,1,200054781
201500053516,2015-07-09,2015,juillet,jeudi,19:15,75,75114,0,0,2,4,3,1,1,4,2,04,1,1,0,120,1,0,1,4,2,23,5,3,2,0,2,4,7,201500053516B01,7,17,1,200054781
201500053525,2015-07-28,2015,juillet,mardi,15:20,75,75114,0,0,2,1,7,1,1,4,1,01,2,1,0,50,1,0,1,4,1,43,4,1,2,0,2,1,1,201500053525A01,,,,200054781
201500053527,2015-08-03,2015,août,lundi,18:30,75,75114,0,0,2,7,3,1,1,4,1,02,1,1,0,50,1,0,1,4,1,47,0,3,2,0,2,1,1,201500053527B01,7,1,1,200054781
201500053544,2015-09-03,2015,septembre,jeudi,16:40,75,75114,0,0,2,4,3,1,1,4,1,01,1,1,0,0,1,0,1,4,2,39,0,3,2,0,2,3,7,201500053544A01,37,17,1,200054781
201500053548,2015-09-07,2015,septembre,lundi,17:45,75,75114,0,0,2,4,3,1,1,4,2,00,1,1,0,120,1,0,1,4,2,44,1,3,2,0,2,1,7,201500053548B01,7,15,1,200054781
201500053560,2015-09-21,2015,septembre,lundi,22:55,75,75115,0,0,2,1,2,5,1,4,-1,00,-1,-1,0,0,-1,0,0,4,1,65,5,3,2,0,2,6,2,201500053560B01,30,2,1,200054781
201500053569,2015-10-01,2015,octobre,jeudi,18:40,75,75114,0,0,2,2,3,1,2,4,1,01,1,1,0,50,1,0,0,4,1,41,1,3,2,0,2,0,1,201500053569B01,7,16,1,200054781
201500053576,2015-10-07,2015,octobre,mercredi,13:45,75,75114,0,0,2,1,3,1,1,4,2,05,1,1,5,130,1,0,0,4,1,60,1,3,2,0,2,2,1,201500053576B01,7,22,1,200054781
201500053596,2015-11-06,2015,novembre,vendredi,09:00,75,75114,0,0,2,2,3,1,1,4,2,00,1,1,30,180,1,0,1,4,2,52,1,1,2,0,2,8,1,201500053596B01,7,1,1,200054781
201500053598,2015-11-10,2015,novembre,mardi,12:07,75,75114,0,0,2,2,3,1,1,4,2,00,1,1,0,150,1,0,1,3,1,47,4,3,2,0,2,3,1,201500053598B01,7,16,1,200054781
201500053607,2015-11-22,2015,novembre,dimanche,13:15,75,75114,0,0,2,6,3,1,7,4,1,03,1,2,0,60,1,0,1,4,1,41,0,2,2,0,2,2,1,201500053607A01,7,16,1,200054781
201500053629,2015-12-16,2015,décembre,mercredi,17:00,75,75115,0,0,2,5,3,5,1,4,2,00,1,1,0,120,1,0,1,4,1,63,5,3,2,0,2,7,1,201500053629B01,7,18,1,200054781
201500053633,2015-12-20,2015,décembre,dimanche,12:30,75,75114,0,0,2,4,6,1,1,4,1,01,1,-1,0,0,1,0,5,1,2,31,5,3,2,0,1,1,5,201500053633A01,,,,200054781
201500053646,2015-01-17,2015,janvier,samedi,12:30,75,75115,0,0,2,1,3,1,1,4,-1,00,1,-1,0,78,1,0,1,4,1,51,9,3,2,0,2,8,1,201500053646B01,7,1,1,200054781
201500053654,2015-01-29,2015,janvier,jeudi,15:00,75,75115,0,0,2,2,3,1,2,4,1,01,1,1,0,0,2,0,5,4,2,25,0,3,2,0,2,1,1,201500053654B01,10,1,1,200054781
201500053678,2015-03-01,2015,mars,dimanche,02:55,75,75115,0,0,2,2,3,5,2,4,1,01,2,1,0,100,2,0,1,4,2,25,0,3,2,0,2,2,1,201500053678B01,7,1,1,200054781
201500053683,2015-03-06,2015,mars,vendredi,14:45,75,75115,0,0,2,1,6,1,1,4,2,02,1,-1,0,0,1,0,5,1,2,47,0,3,2,0,1,1,1,201500053683A01,,,,200054781
201500053693,2015-03-14,2015,mars,samedi,13:50,75,75115,0,0,2,1,3,1,1,4,1,02,1,1,0,70,1,0,4,4,2,59,5,3,2,0,2,7,1,201500053693A01,7,9,1,200054781
201500053695,2015-03-16,2015,mars,lundi,14:35,75,75115,0,0,2,2,3,1,1,4,1,01,1,1,0,0,1,0,1,4,1,45,9,3,2,0,2,2,1,201500053695A01,7,1,1,200054781
201500053696,2015-03-17,2015,mars,mardi,21:25,75,75115,0,0,2,5,7,5,1,4,2,02,1,1,0,0,1,0,1,4,2,23,1,2,2,0,0,0,1,201500053696A01,,,,200054781
201500053705,2015-03-26,2015,mars,jeudi,15:50,75,75115,0,0,2,3,2,1,2,4,2,02,1,1,0,96,3,0,1,4,1,24,2,3,2,0,2,1,1,201500053705A01,7,23,1,200054781
201500053718,2015-04-13,2015,avril,lundi,12:50,75,75115,0,0,2,1,6,1,1,4,2,02,1,1,0,0,1,0,1,1,2,35,4,1,2,0,1,1,1,201500053718A01,,,,200054781
201500053721,2015-04-16,2015,avril,jeudi,16:35,75,75115,0,0,2,1,7,1,1,4,3,01,1,1,0,78,-1,5,1,4,1,27,5,2,2,0,0,0,1,201500053721A01,,,,200054781
201500053722,2015-04-18,2015,avril,samedi,11:20,75,75115,0,0,2,1,6,1,1,4,1,03,1,4,0,100,1,0,5,4,1,38,0,3,2,15,0,1,1,201500053722A01,,,,200054781
201500053735,2015-05-08,2015,mai,vendredi,11:00,75,75115,0,0,2,2,6,1,1,4,1,01,1,1,120,80,1,0,5,1,2,25,4,3,2,0,1,1,1,201500053735A01,,,,200054781
201500053737,2015-05-10,2015,mai,dimanche,20:20,75,75115,0,0,2,1,3,2,1,4,1,02,-1,1,110,56,1,0,5,4,1,27,0,3,2,0,2,4,1,201500053737B01,7,16,1,200054781
201500053751,2015-05-23,2015,mai,samedi,15:51,75,75115,0,0,2,1,6,1,1,4,-1,01,1,1,0,90,1,0,1,4,1,47,0,3,2,1,2,0,1,201500053751B01,10,22,1,200054781
201500053760,2015-06-03,2015,juin,mercredi,19:50,75,75107,0,0,2,1,2,1,1,4,1,01,1,1,0,0,1,0,1,4,1,25,4,3,2,1,2,1,1,201500053760A01,7,23,1,200054781
201500053777,2015-06-18,2015,juin,jeudi,10:30,75,75106,0,0,2,2,3,1,1,4,-1,00,1,1,0,200,1,0,0,4,2,48,4,2,2,0,2,1,1,201500053777B01,7,15,1,200054781
201500053789,2015-07-09,2015,juillet,jeudi,07:45,75,75115,0,0,2,5,7,1,1,4,2,01,2,1,120,80,1,0,1,4,1,24,0,1,2,0,0,1,1,201500053789A01,,,,200054781
201500053798,2015-07-30,2015,juillet,jeudi,09:15,75,75115,0,0,2,2,2,1,1,4,1,01,1,1,0,80,1,0,0,4,2,60,1,1,2,0,2,6,15,201500053798B01,7,2,1,200054781
201500053810,2015-08-29,2015,août,samedi,12:35,75,75115,0,0,2,2,3,1,1,4,2,02,1,1,0,100,1,0,1,4,1,29,5,3,2,0,2,6,13,201500053810B01,7,1,1,200054781
201500053814,2015-09-03,2015,septembre,jeudi,02:10,75,75115,0,0,2,2,3,5,1,4,1,02,1,1,0,0,1,0,1,4,1,27,9,1,9,0,2,1,1,201500053814A01,7,10,1,200054781
201500053817,2015-09-07,2015,septembre,lundi,12:15,75,75115,0,0,2,1,6,1,1,4,-1,01,1,1,0,0,1,6,5,4,1,28,1,3,2,12,0,1,14,201500053817A01,,,,200054781
201500053834,2015-09-23,2015,septembre,mercredi,17:10,75,75115,0,0,2,3,3,1,1,4,2,02,1,1,0,0,1,5,1,4,1,26,0,2,2,0,2,2,0,201500053834A01,7,15,1,200054781
201500053854,2015-10-07,2015,octobre,mercredi,08:30,75,75115,0,0,2,7,6,1,1,4,2,02,2,1,0,60,1,0,1,4,1,17,1,1,2,0,1,1,17,201500053854A01,,,,200054781
201500053855,2015-10-10,2015,octobre,samedi,16:25,75,75115,0,0,2,1,6,1,1,4,2,01,1,1,0,90,1,0,1,1,1,22,5,2,2,0,1,1,17,201500053855A01,,,,200054781
201500053860,2015-10-16,2015,octobre,vendredi,12:50,75,75115,0,0,2,1,6,1,2,4,-1,00,1,1,0,32,2,0,5,1,1,16,2,3,2,0,1,1,1,201500053860A01,,,,200054781
201500053870,2015-10-27,2015,octobre,mardi,07:55,75,75115,0,0,2,1,3,2,1,4,2,02,1,1,0,80,1,0,0,1,1,42,0,1,2,0,2,3,13,201500053870B01,33,1,1,200054781
201500053885,2015-11-09,2015,novembre,lundi,17:50,75,75115,0,0,2,1,2,5,1,4,1,02,1,1,0,70,1,0,1,4,1,76,5,3,2,0,2,0,2,201500053885B01,2,2,1,200054781
201500053889,2015-11-17,2015,novembre,mardi,10:05,75,75115,0,0,2,5,3,1,8,4,2,00,1,1,0,0,2,0,1,4,1,36,1,3,2,0,2,1,7,201500053889A01,7,15,1,200054781
201500053900,2015-11-27,2015,novembre,vendredi,09:00,75,75115,0,0,2,2,2,1,1,4,2,02,1,1,0,90,-1,0,1,4,1,26,2,3,2,0,2,5,2,201500053900A01,10,23,1,200054781
201500053906,2015-12-07,2015,décembre,lundi,21:30,75,75115,0,0,2,2,3,5,1,4,-1,00,2,1,0,0,1,0,0,4,2,39,0,3,2,0,2,3,1,201500053906A01,31,1,1,200054781
201500053916,2015-12-23,2015,décembre,mercredi,13:10,75,75115,0,0,2,1,2,1,1,4,2,02,1,1,0,0,1,0,1,4,2,23,5,2,2,0,2,4,15,201500053916B01,31,1,1,200054781
201500053922,2015-12-31,2015,décembre,jeudi,22:50,75,75116,0,0,2,2,6,5,1,4,2,02,1,1,0,0,1,0,1,4,1,16,5,2,2,11,0,1,1,201500053922A01,,,,200054781
201500053967,2015-02-05,2015,février,jeudi,08:45,75,75116,0,0,2,3,2,1,1,4,2,04,1,1,0,0,1,0,1,4,1,27,1,1,2,0,2,1,14,201500053967A01,7,23,1,200054781
201500053986,2015-02-19,2015,février,jeudi,12:00,75,75117,0,0,1,1,3,1,1,4,1,04,1,1,0,0,1,0,1,4,2,50,0,3,2,0,2,8,19,201500053986B01,7,17,1,200054781
201500054008,2015-03-11,2015,mars,mercredi,10:15,75,75116,0,0,2,3,2,1,1,4,1,01,1,1,0,0,1,0,1,4,1,42,1,1,2,0,2,7,15,201500054008B01,31,17,1,200054781
201500054013,2015-03-14,2015,mars,samedi,14:00,75,75116,0,0,2,2,3,1,1,4,1,01,1,1,0,0,1,0,1,4,1,8,5,3,2,0,2,1,1,201500054013A01,7,1,1,200054781
201500054044,2015-04-09,2015,avril,jeudi,08:10,75,75116,0,0,2,2,6,1,1,4,1,02,2,1,0,0,1,0,1,4,1,18,2,3,2,0,2,4,13,201500054044A01,7,1,1,200054781
201500054056,2015-04-17,2015,avril,vendredi,09:20,75,75116,0,0,2,5,3,1,1,4,2,02,1,1,0,0,1,0,1,4,2,61,1,3,2,0,2,1,15,201500054056B01,7,15,1,200054781
201500054062,2015-04-20,2015,avril,lundi,16:50,75,75116,0,0,2,7,6,1,1,4,1,01,1,1,0,0,1,0,1,1,1,27,4,3,2,0,1,1,1,201500054062A01,,,,200054781
201500054066,2015-04-23,2015,avril,jeudi,15:10,75,75116,0,0,2,2,3,1,1,4,2,04,1,1,0,0,1,0,5,4,1,50,5,3,2,0,2,1,19,201500054066B01,7,1,1,200054781