Num_Acc,date,an,mois,jour,hrmn,dep,com,lat,long,agg,int,col,lum,atm,catr,circ,nbv,prof,plan,lartpc,larrout,surf,infra,situ,grav,sexe,age,trajet,secuexist,equipement,obs,obsm,choc,manv,vehiculeid,typevehicules,manoeuvehicules,numVehicules,_infos_commune.code_epci
201500055291,2015-06-06,2015,juin,samedi,13:55,75,75119,0,0,2,1,2,1,1,4,2,03,3,3,0,130,1,0,1,4,1,44,5,3,2,0,2,1,1,201500055291B01,7,22,1,200054781
201500055294,2015-06-25,2015,juin,jeudi,19:30,75,75119,0,0,2,1,3,1,1,4,-1,02,1,1,0,150,1,0,0,4,1,52,1,3,2,0,2,4,1,201500055294B01,37,14,1,200054781
201500055314,2015-07-18,2015,juillet,samedi,11:55,75,75119,0,0,2,3,2,1,1,4,1,04,1,1,20,170,1,2,1,4,1,29,5,2,2,0,2,4,15,201500055314B01,7,1,1,200054781
201500055327,2015-08-08,2015,août,samedi,17:40,75,75119,0,0,2,1,3,1,1,4,1,02,1,1,0,90,1,0,5,3,1,70,0,3,2,0,2,3,1,201500055327B01,7,22,1,200054781
201500055330,2015-08-28,2015,août,vendredi,20:00,75,75119,0,0,2,3,6,1,1,4,-1,00,1,-1,0,0,1,0,4,3,2,10,5,2,2,0,0,1,1,201500055330A01,,,,200054781
201500055337,2015-09-10,2015,septembre,jeudi,19:24,75,75119,0,0,2,3,3,2,1,4,2,02,1,1,0,70,1,0,5,4,1,70,5,3,2,0,2,1,1,201500055337B01,7,22,1,200054781
201500055338,2015-09-11,2015,septembre,vendredi,09:30,75,75119,0,0,2,3,3,1,1,4,-1,00,2,1,0,0,1,0,0,4,1,42,0,3,2,0,2,1,1,201500055338B01,7,16,1,200054781
201500055345,2015-09-20,2015,septembre,dimanche,20:50,75,75119,0,0,2,1,3,5,1,4,3,01,1,1,0,35,1,0,1,4,1,25,5,3,2,0,2,1,1,201500055345B01,7,22,1,200054781
201500055350,2015-09-30,2015,septembre,mercredi,16:40,75,75119,0,0,2,1,6,1,1,4,2,02,1,1,0,0,1,0,5,1,1,39,0,3,2,0,1,0,1,201500055350A01,,,,200054781
201500055369,2015-11-03,2015,novembre,mardi,07:50,75,75119,0,0,2,3,5,1,1,4,2,02,1,1,50,80,2,0,1,4,1,23,9,3,2,0,2,8,1,201500055369A01,7,1,2,200054781
201500055382,2015-11-17,2015,novembre,mardi,10:20,75,75119,0,0,2,2,7,1,2,4,2,02,2,1,0,20,1,0,5,4,1,35,5,3,2,12,0,1,14,201500055382A01,,,,200054781
201500055386,2015-11-27,2015,novembre,vendredi,16:20,75,75119,0,0,2,1,6,1,1,4,1,01,1,1,0,50,1,0,5,1,1,49,0,3,2,0,1,0,1,201500055386A01,,,,200054781
201500055395,2015-12-14,2015,décembre,lundi,12:15,75,75119,0,0,2,4,3,1,1,4,1,03,1,1,0,0,1,5,5,4,1,51,0,3,2,0,2,8,19,201500055395B01,7,1,1,200054781
201500055409,2015-01-11,2015,janvier,dimanche,16:00,75,75120,0,0,2,1,3,1,1,4,2,02,2,-1,0,30,1,0,5,4,1,39,5,2,2,0,2,8,1,201500055409B01,7,10,1,200054781
201500055418,2015-01-19,2015,janvier,lundi,10:45,75,75120,0,0,2,3,3,1,2,4,1,01,1,1,0,0,2,0,5,4,2,59,0,3,2,0,2,7,1,201500055418B01,7,16,1,200054781
201500055426,2015-01-22,2015,janvier,jeudi,08:50,75,75120,0,0,2,5,6,1,1,4,2,02,1,1,0,0,1,0,1,4,1,56,1,3,2,0,2,7,1,201500055426A01,33,13,1,200054781
201500055465,2015-03-04,2015,mars,mercredi,08:30,75,75120,0,0,2,1,6,1,1,4,1,01,2,1,0,0,1,0,1,1,1,34,1,3,2,0,1,0,1,201500055465A01,,,,200054781
201500055469,2015-03-06,2015,mars,vendredi,18:00,75,75120,0,0,2,1,6,1,1,4,3,01,1,1,20,35,1,0,1,4,1,24,5,1,2,0,1,1,7,201500055469A01,,,,200054781
201500055470,2015-03-08,2015,mars,dimanche,15:20,75,75120,0,0,2,7,3,1,1,4,2,02,1,1,0,0,1,0,1,1,2,41,5,3,2,0,2,4,1,201500055470B01,7,1,1,200054781
201500055479,2015-03-17,2015,mars,mardi,18:45,75,75120,0,0,2,1,7,2,1,4,2,02,2,1,0,50,1,0,1,4,2,23,5,2,2,0,0,1,1,201500055479A01,,,,200054781
201500055484,2015-03-24,2015,mars,mardi,09:30,75,75120,0,0,2,1,6,1,1,4,2,02,2,1,0,39,1,0,1,1,1,55,2,3,2,0,1,1,18,201500055484A01,,,,200054781
201500055532,2015-05-31,2015,mai,dimanche,02:35,75,75120,0,0,2,1,6,5,1,4,1,01,2,1,0,0,1,0,1,3,1,28,5,3,2,1,0,1,1,201500055532A01,,,,200054781
201500055540,2015-06-09,2015,juin,mardi,18:35,75,75120,0,0,2,1,6,1,1,4,-1,01,-1,-1,0,0,-1,0,0,3,1,50,0,3,2,0,1,0,1,201500055540A01,,,,200054781
201500055553,2015-06-23,2015,juin,mardi,09:00,75,75120,0,0,2,1,3,1,1,4,1,01,1,-1,0,0,1,0,5,4,1,39,0,3,2,0,2,0,1,201500055553B01,34,16,1,200054781
201500055554,2015-06-25,2015,juin,jeudi,08:20,75,75120,0,0,2,2,1,1,1,4,3,02,1,1,0,80,1,0,1,4,1,50,1,2,2,0,2,1,1,201500055554B01,10,15,1,200054781
201500055559,2015-06-30,2015,juin,mardi,20:45,75,75120,0,0,2,1,2,2,1,4,1,01,1,1,0,0,1,0,1,4,2,29,0,2,2,0,2,2,1,201500055559A01,7,1,1,200054781
201500055571,2015-07-14,2015,juillet,mardi,01:10,75,75120,0,0,2,2,3,5,1,4,2,00,1,1,0,0,1,0,1,4,1,63,9,3,2,0,2,0,16,201500055571A01,7,15,1,200054781
201500055576,2015-07-27,2015,juillet,lundi,21:30,75,75120,0,0,2,1,1,2,1,4,1,01,1,3,0,30,1,0,5,4,1,32,0,3,2,0,2,1,5,201500055576B01,7,1,1,200054781
201500055578,2015-07-31,2015,juillet,vendredi,13:00,75,75120,0,0,2,1,3,1,1,4,2,02,1,1,0,70,1,0,1,4,1,15,5,3,2,0,2,0,17,201500055578B01,10,13,1,200054781
201500055579,2015-08-01,2015,août,samedi,16:30,75,75120,0,0,2,1,6,1,1,4,1,02,2,1,0,50,1,0,1,4,1,45,5,3,2,0,2,1,1,201500055579A01,2,5,1,200054781
201500055598,2015-09-07,2015,septembre,lundi,10:45,75,75120,0,0,2,1,7,1,1,4,1,01,2,1,0,50,8,0,1,4,1,52,0,3,2,0,0,0,1,201500055598A01,,,,200054781
201500055616,2015-09-22,2015,septembre,mardi,14:55,75,75120,0,0,2,1,4,1,2,4,1,00,1,1,0,0,2,0,0,4,1,40,1,1,2,1,2,9,7,201500055616B01,14 / 7,7 / 24,2,200054781
201500055653,2015-11-04,2015,novembre,mercredi,07:45,75,75120,0,0,2,2,3,2,2,4,2,02,2,1,120,80,2,0,1,1,1,24,0,3,2,0,2,1,15,201500055653A01,31,1,1,200054781
201500055669,2015-11-23,2015,novembre,lundi,10:50,75,75120,0,0,2,1,6,1,1,4,2,02,1,1,0,80,-1,0,1,3,1,66,0,1,2,0,2,0,1,201500055669A01,7,10,1,200054781
201500055683,2015-12-20,2015,décembre,dimanche,14:50,75,75120,0,0,2,1,6,1,1,4,2,02,1,1,0,50,1,0,1,4,1,53,1,3,2,0,2,4,2,201500055683B01,7,2,1,200054781
201500055729,2015-02-03,2015,février,mardi,12:05,75,75114,0,0,2,7,2,1,1,4,2,02,1,1,0,54,1,5,1,3,1,51,5,3,2,0,2,4,2,201500055729B01,7,2,1,200054781
201500055746,2015-02-22,2015,février,dimanche,18:00,75,75112,0,0,2,5,6,2,2,4,2,02,1,1,0,129,1,0,1,3,1,41,5,3,2,0,2,1,1,201500055746B01,10 / 7,5 / 1,2,200054781
201500055750,2015-02-26,2015,février,jeudi,18:19,75,75117,0,0,2,7,3,2,3,4,2,06,1,1,0,230,2,0,1,4,1,34,5,3,2,0,2,7,19,201500055750B01,7,1,1,200054781
201500055780,2015-04-01,2015,avril,mercredi,23:40,75,75108,0,0,2,3,3,5,1,4,1,03,1,1,0,96,1,0,1,2,1,40,0,1,2,0,2,1,1,201500055780A01,7,1,1,200054781
201500055824,2015-05-14,2015,mai,jeudi,20:40,75,75120,0,0,2,1,2,5,2,4,2,02,2,1,0,104,2,0,1,3,1,60,0,2,2,0,2,4,15,201500055824B01,33,1,1,200054781
201500055841,2015-05-30,2015,mai,samedi,15:54,75,75118,0,0,2,1,6,1,1,4,1,01,2,1,0,52,1,0,1,4,1,37,4,1,2,0,1,1,1,201500055841A01,,,,200054781
201500055844,2015-06-02,2015,juin,mardi,07:18,75,75111,0,0,2,7,3,1,1,4,1,01,1,2,0,100,1,5,1,2,1,29,1,3,2,0,2,1,1,201500055844A01,7,1,1,200054781
201500055849,2015-06-05,2015,juin,vendredi,17:50,75,75115,0,0,2,1,7,1,1,4,2,01,1,1,0,37,1,0,1,4,1,58,1,2,2,3,0,3,14,201500055849A01,,,,200054781
201500055866,2015-06-16,2015,juin,mardi,09:15,75,75105,0,0,2,2,3,1,1,4,1,03,1,1,0,107,1,0,1,4,1,27,0,3,2,0,2,8,1,201500055866B01,15,16,1,200054781
201500055867,2015-06-16,2015,juin,mardi,18:54,75,75115,0,0,2,1,6,1,1,4,2,04,2,1,0,116,1,0,1,1,1,28,9,1,2,0,1,8,1,201500055867A01,,,,200054781
201500055884,2015-06-29,2015,juin,lundi,11:10,75,75108,0,0,2,1,6,1,1,4,2,02,2,1,0,120,1,0,1,1,1,19,5,3,2,0,1,1,1,201500055884A01,,,,200054781
201500055885,2015-06-27,2015,juin,samedi,14:20,75,75118,48.53181,2.2107,2,2,2,1,1,4,1,01,1,1,0,36,1,0,1,4,1,25,4,1,2,0,0,7,18,201500055885B01,7,22,1,200054781
201500055887,2015-06-25,2015,juin,jeudi,21:26,75,75114,0,0,2,1,6,1,1,4,3,02,1,1,95,115,1,0,1,3,1,45,5,3,2,0,0,0,0,201500055887C01,17,0,1,200054781
201500055887,2015-06-25,2015,juin,jeudi,21:26,75,75114,0,0,2,1,6,1,1,4,3,02,1,1,95,115,1,0,1,4,1,32,0,1,2,0,0,0,0,201500055887B01,17,0,1,200054781
201500055906,2015-07-15,2015,juillet,mercredi,12:52,75,75112,0,0,2,5,5,1,1,4,-1,00,1,1,0,109,1,0,0,3,1,60,0,1,2,0,2,1,1,201500055906A01,7 / 33,23 / 1,2,200054781
201500055909,2015-07-18,2015,juillet,samedi,02:17,75,75104,0,0,2,2,3,5,1,4,1,03,1,1,0,118,1,0,1,3,1,35,5,2,2,0,2,0,18,201500055909B01,10,16,1,200054781
201500055936,2015-08-17,2015,août,lundi,08:39,75,75109,0,0,2,2,3,1,1,4,1,01,1,1,0,72,1,5,1,2,2,35,0,3,2,0,2,3,1,201500055936B01,14,16,1,200054781
201500055950,2015-08-31,2015,août,lundi,19:00,75,75105,0,0,2,7,7,1,1,4,4,00,1,1,0,0,1,0,4,3,2,28,9,3,2,15,0,0,0,201500055950A01,,,,200054781
201500055958,2015-09-09,2015,septembre,mercredi,14:45,75,75114,0,0,2,1,3,1,1,4,3,02,1,-1,0,52,1,0,5,3,1,63,0,3,2,0,2,0,5,201500055958B01,10,9,1,200054781
201500055962,2015-09-11,2015,septembre,vendredi,13:20,75,75107,0,0,2,1,3,1,1,4,2,06,1,2,0,103,1,0,5,4,2,57,0,1,2,0,2,8,1,201500055962B01,14,12,1,200054781
201500055978,2015-09-24,2015,septembre,jeudi,09:03,75,75106,0,0,2,5,3,1,1,4,1,01,1,1,0,164,1,0,1,3,2,36,0,2,2,0,2,8,18,201500055978B01,14,16,1,200054781
201500055986,2015-09-30,2015,septembre,mercredi,10:20,75,75116,0,0,2,7,3,1,1,4,2,04,2,1,21,185,8,0,1,4,2,62,5,3,2,0,2,8,1,201500055986B01,32,14,1,200054781
201500055994,2015-10-08,2015,octobre,jeudi,08:40,75,75117,48.88077,2.30911,2,7,1,1,1,4,1,01,1,-1,0,181,1,0,1,2,1,33,1,3,2,0,2,8,5,201500055994B01,33,1,1,200054781
201500055998,2015-10-15,2015,octobre,jeudi,16:37,75,75115,0,0,2,5,3,1,1,4,2,02,1,1,0,69,1,0,1,4,2,29,4,1,2,0,2,1,1,201500055998A01,7,1,1,200054781
201500056013,2015-10-29,2015,octobre,jeudi,19:33,75,75115,0,0,2,1,2,2,1,4,2,02,1,1,0,100,1,0,5,3,1,28,0,1,2,0,2,1,2,201500056013B01,7,15,1,200054781
201500056056,2015-12-03,2015,décembre,jeudi,09:08,75,75114,0,0,2,2,3,1,1,4,1,04,1,1,0,150,1,0,1,4,1,74,5,1,2,0,2,0,18,201500056056B01,13,16,1,200054781
201500056060,2015-12-06,2015,décembre,dimanche,22:25,75,75119,0,0,2,2,3,5,1,4,2,02,1,1,0,78,1,0,1,4,1,25,5,2,2,0,2,3,1,201500056060B01,7,1,1,200054781
201500056062,2015-12-07,2015,décembre,lundi,18:09,75,75108,0,0,2,7,3,5,1,4,2,05,1,1,0,147,1,5,1,3,2,55,5,1,2,0,2,6,18,201500056062B01,37,16,1,200054781
201500056076,2015-12-18,2015,décembre,vendredi,16:00,75,75115,0,0,2,3,3,1,1,4,1,01,1,1,0,40,1,0,1,4,1,40,1,3,2,0,2,5,1,201500056076B01,7,22,1,200054781
201500056078,2015-12-18,2015,décembre,vendredi,21:59,75,75105,0,0,2,2,3,5,1,4,2,04,1,1,0,145,1,0,1,4,1,29,5,2,2,0,2,5,13,201500056078A01,7,23,1,200054781
201500056079,2015-12-20,2015,décembre,dimanche,19:30,75,75109,0,0,2,7,3,5,1,4,1,02,1,1,0,96,1,0,1,3,2,65,5,3,2,0,2,7,19,201500056079B01,7,16,1,200054781
201500056190,2015-03-25,2015,mars,mercredi,15:30,75,75118,0,0,2,4,3,1,1,4,1,02,1,3,15,70,1,3,1,4,2,30,5,1,2,0,2,3,15,201500056190A01,7,1,1,200054781
201500056615,2015-04-12,2015,avril,dimanche,14:45,972,97219,0,0,2,3,1,1,1,3,2,02,1,1,0,52,1,0,1,3,2,9,5,1,2,0,2,8,19,201500056615B02,10,1,1,200041788
201500056654,2015-07-13,2015,juillet,lundi,19:00,972,97228,0,0,1,1,3,5,1,2,2,02,-1,1,0,55,1,5,1,3,1,18,5,2,4,0,2,1,19,201500056654B02,7,1,1,200041788
201500056661,2015-04-29,2015,avril,mercredi,10:30,971,97104,0,0,2,1,6,1,1,9,2,00,2,3,0,46,1,0,1,2,1,59,0,2,2,6,0,1,13,201500056661A01,,,,249710070
201500056667,2015-07-14,2015,juillet,mardi,13:15,971,97134,0,0,1,1,7,1,1,4,2,01,-1,3,0,0,1,0,0,3,1,15,5,3,1,0,0,0,19,201500056667A01,,,,249710070
201500056721,2015-01-12,2015,janvier,lundi,19:00,971,97129,0,0,1,1,2,3,1,4,2,00,-1,1,0,42,1,0,1,4,1,22,5,3,1,0,0,4,2,201500056721B02,30,2,1,249710062
201500056729,2015-07-29,2015,juillet,mercredi,18:45,971,97129,0,0,2,1,6,2,1,4,2,00,1,1,0,72,1,0,1,3,1,15,5,2,9,0,2,0,15,201500056729A01,,,,249710062
201500056731,2015-09-29,2015,septembre,mardi,16:15,971,97129,0,0,1,2,3,1,1,2,2,02,-1,1,0,70,1,0,1,4,1,57,5,3,1,0,2,8,13,201500056731B02,32,0,1,249710062
201500056762,2015-08-03,2015,août,lundi,12:30,971,97122,0,0,2,1,1,1,1,2,2,00,-1,3,60,0,-1,0,1,3,1,20,1,1,2,1,0,1,13,201500056762B02,33,23,1,200044691
201500056770,2015-01-19,2015,janvier,lundi,17:00,971,97125,0,0,2,1,1,1,1,3,2,02,2,1,71,35,1,5,1,3,1,43,5,3,1,0,2,1,1,201500056770B02,7,1,1,200041507
201500056774,2015-07-29,2015,juillet,mercredi,17:45,971,97125,0,0,2,3,3,1,1,2,-1,02,-1,1,60,0,1,0,1,4,1,50,5,1,2,0,2,7,0,201500056774A01,7,15,1,200041507
201500056783,2015-06-17,2015,juin,mercredi,10:15,971,97128,0,0,1,1,7,1,1,4,2,00,2,1,0,26,1,0,3,3,1,3,5,2,2,6,0,4,13,201500056783A01,,,,200041507
201500056806,2015-12-30,2015,décembre,mercredi,16:15,971,97116,0,0,1,1,3,1,8,2,2,02,2,1,0,70,2,0,2,4,1,53,5,1,2,0,2,1,1,201500056806B02,7,15,1,200044691
201500056808,2015-02-07,2015,février,samedi,09:45,973,97305,0,0,1,1,5,1,1,2,2,02,1,1,0,70,1,0,1,3,1,56,5,3,1,0,0,4,2,201500056808B02,7,2 / 0,5,249730045
201500056833,2015-09-13,2015,septembre,dimanche,18:15,973,97312,0,0,2,1,2,2,1,4,2,00,1,1,0,60,1,0,1,4,2,9,5,2,2,0,2,8,10,201500056833B02,10,1,1,200027548
201500056861,2015-12-05,2015,décembre,samedi,20:00,973,97311,0,0,1,1,2,3,1,3,2,00,1,1,0,59,1,0,1,3,1,39,9,2,4,0,2,4,12,201500056861B02,7,1,1,249730037
201500056864,2015-02-22,2015,février,dimanche,16:30,973,97306,0,0,1,1,2,1,1,2,2,02,1,1,0,61,1,0,1,2,1,38,5,3,1,0,2,4,1,201500056864B02,14,1,1,249730037
201500056880,2015-10-16,2015,octobre,vendredi,16:15,974,97408,0,0,1,1,3,1,1,3,2,00,2,4,0,35,1,0,1,3,1,13,5,2,2,0,0,1,1,201500056880B02,7,1,1,249740101
201500056884,2015-01-26,2015,janvier,lundi,17:30,974,97418,-20.89714,55.56664,2,3,1,1,1,4,,,,,,,,,,3,1,10,5,2,2,0,2,3,19,201500056884A01,7,1,1,249740119
201500056885,2015-01-27,2015,janvier,mardi,07:00,974,97418,-20.9111,55.51791,1,6,3,1,1,3,2,02,1,2,110,170,1,5,1,3,1,55,5,1,2,0,2,2,9,201500056885B02,10,9,1,249740119
201500056886,2015-02-26,2015,février,jeudi,20:00,974,97418,-20.89742,55.54883,2,1,2,5,1,3,2,02,-1,1,0,103,1,0,1,3,1,18,9,2,4,0,0,4,2,201500056886B02,30,2,1,249740119
201500056895,2015-06-12,2015,juin,vendredi,17:30,974,97418,0,0,2,1,1,2,1,4,2,00,1,-1,0,65,1,0,1,3,1,26,5,1,2,0,2,3,1,201500056895B02,10,15,1,249740119
201500056917,2015-05-15,2015,mai,vendredi,17:15,974,97419,-21.2,55.79999,1,1,3,2,2,2,2,01,-1,3,0,62,2,0,1,3,1,53,5,1,2,0,2,8,1,201500056917B02,37,1,1,249740093
201500056928,2015-07-04,2015,juillet,samedi,08:30,974,97415,0,0,1,9,1,3,1,2,3,00,1,1,0,0,1,0,1,2,1,34,5,2,4,0,0,0,0,201500056928B02,7,1,1,249740101
201500056956,2015-07-14,2015,juillet,mardi,20:15,974,97415,0,0,1,1,1,5,1,3,2,02,-1,2,0,0,1,0,1,3,1,16,5,2,4,0,2,1,13,201500056956B02,10,1,1,249740101
201500056959,2015-04-15,2015,avril,mercredi,17:45,974,97423,-21.11897,55.29756,1,1,1,2,8,4,2,02,2,3,0,44,1,0,1,3,1,18,5,3,1,0,2,1,13,201500056959B02,7,1,1,249740101
201500056970,2015-05-24,2015,mai,dimanche,18:15,974,97403,0,0,2,1,3,2,1,3,2,02,2,1,0,0,1,5,1,3,1,14,5,2,4,0,2,1,1,201500056970B02,7,15,1,249740085
201500056979,2015-08-01,2015,août,samedi,19:00,974,97422,-21.22552,55.53091,2,1,6,3,1,4,2,00,2,3,60,60,1,0,1,3,2,32,5,2,4,12,0,1,1,201500056979A01,,,,249740085
201500056983,2015-12-14,2015,décembre,lundi,16:00,974,97405,-21.33756,55.54834,1,1,1,1,1,3,2,02,2,1,0,64,1,0,1,3,1,41,5,3,1,0,2,4,1,201500056983B02,10,15,1,249740077
201500056995,2015-12-11,2015,décembre,vendredi,10:45,974,97412,-21.36935,55.57528,2,1,7,1,1,4,2,00,2,1,0,30,1,0,1,3,1,51,5,3,1,12,0,1,1,201500056995A01,,,,249740085
201500057042,2015-07-26,2015,juillet,dimanche,12:00,971,97103,0,0,1,1,2,1,1,2,2,02,-1,2,0,70,1,0,1,2,1,53,5,2,2,0,0,4,1,201500057042B02,7,2,1,200018653
201500057077,2015-09-09,2015,septembre,mercredi,17:00,973,97309,0,0,2,1,3,1,1,2,2,02,1,1,0,0,1,0,0,3,1,34,1,1,2,0,2,3,1,201500057077B02,7,15,1,249730045
201500057079,2015-10-03,2015,octobre,samedi,17:30,973,97309,0,0,2,1,1,1,1,3,2,00,-1,1,0,63,1,0,1,3,1,15,5,3,8,0,0,1,5,201500057079B02,7,1,1,249730045
201500057100,2015-11-16,2015,novembre,lundi,16:00,973,97307,0,0,2,1,1,1,1,4,2,02,1,1,0,30,1,0,3,3,2,10,2,3,1,13,0,1,1,201500057100B02,1,1,1,249730045
201500057100,2015-11-16,2015,novembre,lundi,16:00,973,97307,0,0,2,1,1,1,1,4,2,02,1,1,0,30,1,0,3,3,2,10,2,3,8,13,0,1,1,201500057100A01,1,1,1,249730045
201500057129,2015-06-28,2015,juin,dimanche,11:30,974,97418,-20.92259,55.56972,1,1,6,1,1,3,2,02,2,1,0,73,1,0,3,3,1,53,5,3,1,0,0,2,1,201500057129A01,,,,249740119
201500057132,2015-01-15,2015,janvier,jeudi,20:15,971,97132,0,0,2,1,1,5,1,3,2,02,3,1,0,54,1,0,1,2,1,20,5,2,2,0,2,0,0,201500057132B02,7,1,1,249710070
201500057133,2015-01-31,2015,janvier,samedi,11:00,971,97132,0,0,2,1,3,1,1,4,1,00,2,1,0,30,1,0,1,4,1,26,5,1,2,0,2,2,17,201500057133A01,7,15,1,249710070
201500057149,2015-12-22,2015,décembre,mardi,23:45,974,97414,0,0,1,1,1,3,1,4,2,00,2,1,0,60,1,0,1,3,1,16,0,3,2,0,0,1,1,201500057149B02,7,15,1,249740077
201500057170,2015-01-28,2015,janvier,mercredi,16:45,972,97206,0,0,1,1,3,1,1,3,2,03,2,1,0,140,1,0,1,3,1,20,5,1,2,0,2,8,10,201500057170B02,7,1,1,249720053
201500057180,2015-12-09,2015,décembre,mercredi,16:00,972,97221,0,0,1,1,1,1,1,3,2,02,2,2,0,72,1,0,1,3,1,19,5,1,2,0,2,1,16,201500057180B02,14,1,1,249720053
201500057198,2015-11-01,2015,novembre,dimanche,18:15,972,97222,0,0,1,1,1,3,1,4,2,00,2,2,0,37,1,0,1,2,1,14,5,2,4,0,2,1,5,201500057198A01,30,1,1,200041788
201500057198,2015-11-01,2015,novembre,dimanche,18:15,972,97222,0,0,1,1,1,3,1,4,2,00,2,2,0,37,1,0,1,4,1,18,0,2,4,0,2,1,5,201500057198A01,30,1,1,200041788
201500057202,2015-04-15,2015,avril,mercredi,09:30,974,97422,-21.2786,55.50489,2,1,1,1,1,4,1,00,-1,1,0,0,1,0,1,4,1,11,5,3,1,0,2,8,5,201500057202A01,7,1,1,249740085
201500057203,2015-05-10,2015,mai,dimanche,18:30,974,97422,-21.26023,55.52189,2,1,1,3,1,4,2,00,2,1,0,61,2,0,1,2,1,26,0,3,1,0,0,0,23,201500057203B02,7,1,1,249740085
201500057226,2015-06-07,2015,juin,dimanche,20:30,971,97107,0,0,2,3,3,5,1,9,-1,01,-1,-1,0,0,-1,0,1,4,1,8,0,3,9,0,2,4,15,201500057226B01,7,1,1,249710070
201500057269,2015-05-03,2015,mai,dimanche,22:20,971,97101,0,0,1,1,1,1,1,3,-1,00,1,1,0,0,1,0,1,3,1,20,5,2,2,0,2,1,1,201500057269B01,7,15,1,200018653
201500057272,2015-02-28,2015,février,samedi,10:30,971,97101,0,0,2,1,3,1,1,3,1,02,1,1,0,0,1,3,1,3,1,59,0,3,9,0,2,8,11,201500057272A01,7,2,1,200018653
201500057275,2015-05-22,2015,mai,vendredi,17:10,971,97101,0,0,2,3,5,1,1,3,2,02,1,1,0,0,1,0,1,3,1,20,0,1,2,0,2,0,0,201500057275C01,7,1,2,200018653
201500057277,2015-05-22,2015,mai,vendredi,23:45,971,97120,0,0,2,1,3,3,1,3,2,02,1,1,0,0,1,0,1,4,1,41,0,2,2,0,0,0,0,201500057277B01,13,15,1,200018653
201500057277,2015-05-22,2015,mai,vendredi,23:45,971,97120,0,0,2,1,3,3,1,3,2,02,1,1,0,0,1,0,1,1,2,25,0,3,9,0,0,0,0,201500057277B01,13,15,1,200018653
201500057278,2015-03-10,2015,mars,mardi,17:50,971,97113,0,0,2,2,1,2,1,2,2,03,1,1,0,70,1,0,1,4,1,39,0,2,2,0,2,0,0,201500057278A01,7,16,1,200041507
201500057283,2015-05-26,2015,mai,mardi,19:00,971,97101,0,0,2,1,2,5,1,4,2,02,-1,-1,0,0,-1,0,1,3,1,45,0,1,2,0,0,0,0,201500057283B01,7,0,1,200018653
201500057313,2015-08-03,2015,août,lundi,22:02,971,97101,0,0,2,1,1,3,1,3,2,02,2,1,0,56,1,0,1,2,1,20,0,3,2,0,2,1,13,201500057313B01,7,1,1,200018653
201500057314,2015-08-05,2015,août,mercredi,13:00,971,97120,0,0,1,6,2,1,1,3,1,02,1,1,0,0,1,0,1,3,1,20,1,1,9,0,0,0,0,201500057314A01,7,0,1,200018653
201500057327,2015-10-02,2015,octobre,vendredi,13:30,971,97101,0,0,1,3,3,1,1,4,2,02,-1,-1,0,0,-1,0,1,3,1,23,0,3,9,0,2,1,15,201500057327B01,7,1,1,200018653
201500057328,2015-10-20,2015,octobre,mardi,22:37,971,97101,0,0,2,1,3,5,1,3,2,00,1,1,0,0,1,0,0,3,1,21,0,1,2,0,2,1,1,201500057328B01,7,1,1,200018653
201500057332,2015-11-13,2015,novembre,vendredi,13:50,971,97113,0,0,2,3,3,1,1,3,1,00,1,1,0,0,1,0,1,4,1,14,5,2,2,0,2,0,19,201500057332A01,7,16,1,200041507
201500057341,2015-11-28,2015,novembre,samedi,03:30,971,97113,0,0,2,1,7,5,1,2,2,00,1,1,0,0,1,0,3,1,1,20,5,2,9,0,0,0,0,201500057341A01,,,,200041507
201500057341,2015-11-28,2015,novembre,samedi,03:30,971,97113,0,0,2,1,7,5,1,2,2,00,1,1,0,0,1,0,3,4,1,25,5,2,9,0,0,0,0,201500057341A01,,,,200041507
201500057350,2015-12-12,2015,décembre,samedi,15:00,971,97111,0,0,2,2,1,1,3,3,2,02,2,1,0,0,1,0,1,4,1,8,5,1,9,0,2,7,10,201500057350B01,7,1,1,249710062
201500057353,2015-12-26,2015,décembre,samedi,19:10,971,97113,0,0,1,3,3,5,1,3,2,02,-1,-1,0,0,-1,0,1,3,1,19,5,2,2,0,2,1,18,201500057353A01,7,15,1,200041507
201500057355,2015-12-25,2015,décembre,vendredi,19:00,971,97101,0,0,1,1,1,1,1,3,2,00,1,1,0,0,2,5,1,3,1,19,0,1,2,0,0,0,0,201500057355A01,7,0,1,200018653
201500057359,2015-04-04,2015,avril,samedi,19:30,972,97209,0,0,1,1,7,5,1,3,2,02,1,1,0,0,-1,0,1,4,1,17,5,2,4,3,0,2,14,201500057359Z01,,,,249720061
201500057359,2015-04-04,2015,avril,samedi,19:30,972,97209,0,0,1,1,7,5,1,3,2,02,1,1,0,0,-1,0,1,4,1,16,5,2,4,3,0,2,14,201500057359Z01,,,,249720061
201500057395,2015-05-26,2015,mai,mardi,17:40,972,97209,0,0,1,1,2,1,1,2,2,02,2,4,0,60,1,0,1,3,1,35,5,2,9,0,2,4,1,201500057395B01,7,2,1,249720061
201500057426,2015-08-09,2015,août,dimanche,09:10,972,97209,0,0,2,6,1,1,1,2,3,02,2,1,0,0,1,0,1,4,1,42,5,2,4,0,2,7,1,201500057426B01,7,9,1,249720061