Num_Acc,date,an,mois,jour,hrmn,dep,com,lat,long,agg,int,col,lum,atm,catr,circ,nbv,prof,plan,lartpc,larrout,surf,infra,situ,grav,sexe,age,trajet,secuexist,equipement,obs,obsm,choc,manv,vehiculeid,typevehicules,manoeuvehicules,numVehicules,_infos_commune.code_epci
201600001937,2016-08-15,2016,août,lundi,11:30,44,44125,47.38013,-2.5382,2,1,1,1,1,3,2,02,-1,1,0,0,1,6,0,4,1,68,5,1,2,0,1,1,1,201600001937A01,1,1,1,244400610
201600001937,2016-08-15,2016,août,lundi,11:30,44,44125,47.38013,-2.5382,2,1,1,1,1,3,2,02,-1,1,0,0,1,6,0,1,1,27,5,1,2,0,1,1,1,201600001937B02,1,1,1,244400610
201600001939,2016-08-16,2016,août,mardi,12:00,44,44010,47.26734,-2.45408,1,1,3,1,1,3,2,00,-1,1,0,56,1,0,1,3,2,62,5,1,2,0,0,8,2,201600001939B02,7,2,1,244400610
201600001940,2016-09-26,2016,septembre,lundi,18:00,44,44175,47.35948,-2.37459,1,2,3,1,1,3,2,02,1,1,60,0,1,5,1,3,1,36,5,1,2,0,2,3,1,201600001940A01,7,19,1,244400610
201600001941,2016-02-21,2016,février,dimanche,19:15,44,44210,47.31116,-2.21048,2,1,2,3,1,4,-1,00,1,2,0,47,1,0,1,3,1,48,5,2,4,0,0,4,1,201600001941B02,7,1,1,244400644
201600001945,2016-08-25,2016,août,jeudi,17:00,44,44103,47.32008,-2.11456,1,1,6,1,1,3,2,00,1,1,0,70,1,0,1,3,1,41,1,1,2,0,2,1,1,201600001945B02,7,1,1,244400644
201600001950,2016-07-15,2016,juillet,vendredi,09:00,44,44129,47.43404,-2.09904,2,6,3,1,1,3,1,01,1,-1,0,70,1,0,1,2,1,60,5,2,2,0,2,1,0,201600001950B02,7,1,1,200000438
201600001998,2016-08-06,2016,août,samedi,16:15,49,49111,47.16942,-0.65817,1,1,2,1,1,3,2,02,1,1,0,56,1,0,1,2,1,84,5,1,4,0,0,6,1,201600001998B02,7,1,1,
201600002036,2016-09-17,2016,septembre,samedi,17:00,49,49126,47.31426,-1.19301,1,1,5,1,1,4,2,02,2,1,0,0,1,0,1,2,1,12,5,2,2,0,0,1,1,201600002036C03,10,1,1,200060010
201600002036,2016-09-17,2016,septembre,samedi,17:00,49,49126,47.31426,-1.19301,1,1,5,1,1,4,2,02,2,1,0,0,1,0,1,3,1,11,5,2,2,0,0,1,1,201600002036B02,10,1,1,200060010
201600002093,2016-11-22,2016,novembre,mardi,14:00,49,49219,47.21446,0.06683,2,1,1,1,2,3,2,02,1,1,0,32,1,0,1,3,1,61,5,1,2,0,2,1,13,201600002093A01,7,1,1,200071876
201600002095,2016-01-29,2016,janvier,vendredi,07:45,49,49331,47.69764,-0.8644,2,1,3,2,1,4,2,02,1,1,0,49,1,0,1,3,2,60,1,1,4,0,0,1,1,201600002095B02,7,13,1,244900809
201600002122,2016-11-17,2016,novembre,jeudi,08:45,49,49337,47.5746,-0.44044,1,1,6,1,2,3,2,02,1,1,0,48,2,0,1,3,2,80,3,1,4,0,0,6,1,201600002122B02,10,1,1,
201600002138,2016-07-18,2016,juillet,lundi,20:00,53,53010,48.15549,-0.3385,1,1,3,1,7,3,2,00,2,1,0,60,1,0,1,3,1,13,5,1,2,0,2,8,1,201600002138B02,7,1,1,200033298
201600002155,2016-07-16,2016,juillet,samedi,14:45,53,53014,47.8244,-0.69033,2,1,3,1,1,2,2,02,1,1,0,74,1,0,1,3,2,69,3,2,2,0,0,0,0,201600002155B02,10,2,1,
201600002156,2016-07-18,2016,juillet,lundi,09:15,53,53062,47.83619,-0.72805,2,1,3,1,1,9,2,02,1,1,0,64,1,0,1,4,1,79,5,1,2,0,2,8,1,201600002156B02,7,15,1,245300447
201600002176,2016-12-05,2016,décembre,lundi,08:30,53,53084,47.84504,-0.96455,2,6,3,1,1,3,2,02,1,2,0,50,1,0,1,3,2,48,1,2,2,0,2,1,1,201600002176B02,10,9,1,200048551
201600002180,2016-05-24,2016,mai,mardi,16:30,53,53008,48.3101,-0.54104,1,3,3,1,1,3,2,00,1,3,0,60,1,0,1,4,1,80,5,2,2,0,2,2,19,201600002180B02,33,1,1,200055887
201600002183,2016-09-10,2016,septembre,samedi,11:00,53,53147,48.28559,-0.62272,2,6,3,1,1,4,2,02,4,1,0,32,1,0,1,3,1,73,5,1,9,0,2,8,19,201600002183B02,7,1,1,200055887
201600002191,2016-07-07,2016,juillet,jeudi,11:15,53,53096,48.29948,-0.92757,2,1,7,1,1,4,2,02,1,1,0,0,1,0,1,2,1,86,0,2,2,0,0,0,1,201600002191A01,,,,245300355
201600002207,2016-06-15,2016,juin,mercredi,04:15,01,01283,46.26644,5.65716,2,3,3,5,1,4,2,00,2,2,0,0,-1,0,1,3,1,49,1,3,9,0,2,1,1,201600002207B01,7,15,1,200042935
201600002250,2016-12-07,2016,décembre,mercredi,17:15,72,72329,0,0,2,6,3,2,1,3,2,02,1,1,0,0,1,5,1,3,1,62,5,2,4,0,2,1,1,201600002250A01,7,15,1,200072684
201600002256,2016-07-26,2016,juillet,mardi,14:00,72,72257,48.009,0.157,1,2,3,1,1,4,2,01,-1,3,0,48,1,0,1,4,1,46,5,1,2,0,2,0,19,201600002256B02,10,1,1,247200132
201600002257,2016-08-16,2016,août,mardi,10:00,72,72253,0,0,1,6,3,1,1,3,1,01,1,3,0,51,1,5,1,4,1,45,5,1,2,0,2,8,1,201600002257B02,7,17,1,247200629
201600002264,2016-07-17,2016,juillet,dimanche,00:15,72,72154,47.698,-0.112,1,1,2,3,1,3,2,02,1,1,35,72,1,0,1,3,1,21,5,2,4,0,2,4,1,201600002264B02,7,1,1,247200348
201600002266,2016-10-19,2016,octobre,mercredi,14:15,72,72154,47.701,-0.072,2,1,1,1,1,4,1,01,1,2,0,0,1,0,1,3,1,77,5,1,2,0,2,1,1,201600002266B02,7,15,1,247200348
201600002280,2016-09-02,2016,septembre,vendredi,11:45,72,72179,47.817,-0.08,2,1,2,1,1,3,2,00,1,1,0,72,1,5,1,3,2,63,0,1,2,0,2,6,15,201600002280B02,7,1,1,247200629
201600002298,2016-08-14,2016,août,dimanche,17:30,72,72051,0,0,1,1,1,1,1,4,-1,00,-1,-1,0,0,-1,0,0,3,2,15,0,1,2,0,2,0,0,201600002298B02,2,0,1,247200629
201600002299,2016-08-26,2016,août,vendredi,15:00,72,72283,0,0,1,1,2,1,1,3,2,01,1,3,0,43,9,0,3,3,1,66,5,1,2,0,2,4,1,201600002299B02,7,2,1,200073112
201600002302,2016-03-11,2016,mars,vendredi,16:45,72,72151,0,0,1,1,1,1,1,3,2,02,-1,2,0,66,1,5,1,3,1,74,5,1,2,0,2,0,19,201600002302B02,7,1,1,247200090
201600002312,2016-08-30,2016,août,mardi,09:30,72,72039,0,0,1,1,1,1,1,3,2,02,1,1,0,0,1,0,1,3,1,58,5,1,2,0,2,1,16,201600002312B02,7,19,1,200072676
201600002352,2016-08-22,2016,août,lundi,19:00,85,85212,46.79774,-1.17269,1,1,3,1,1,4,2,02,1,1,0,31,1,0,1,4,1,15,5,1,2,0,2,8,15,201600002352A01,2,1,1,200071918
201600002377,2016-06-21,2016,juin,mardi,14:45,85,85197,46.91626,-1.41466,1,1,7,1,1,4,2,02,1,-1,0,38,1,0,1,4,1,76,5,1,2,0,0,0,1,201600002377A01,,,,200070233
201600002377,2016-06-21,2016,juin,mardi,14:45,85,85197,46.91626,-1.41466,1,1,7,1,1,4,2,02,1,-1,0,38,1,0,1,3,2,75,0,1,2,0,0,0,1,201600002377A01,,,,200070233
201600002400,2016-05-03,2016,mai,mardi,10:00,85,85003,46.7226,-1.64194,1,9,3,1,1,4,2,00,3,1,0,42,1,0,1,3,1,64,5,1,2,0,2,7,19,201600002400A01,7,1,1,200072882
201600002402,2016-08-09,2016,août,mardi,09:00,85,85003,46.73825,-1.60375,2,6,1,1,7,4,1,01,-1,-1,0,0,1,5,1,3,1,72,5,2,2,0,2,7,2,201600002402B02,7,2,1,200072882
201600002404,2016-09-08,2016,septembre,jeudi,16:45,85,85019,46.77226,-1.40919,1,1,1,1,1,3,2,02,-1,1,0,0,1,5,1,3,2,10,0,1,2,0,2,1,16,201600002404A01,7,0,1,200072882
201600002405,2016-09-09,2016,septembre,vendredi,09:15,85,85300,46.69886,-1.5714,1,1,1,2,7,4,2,01,-1,3,0,27,1,0,1,4,1,69,5,2,2,0,2,1,1,201600002405B02,7,1,1,248500589
201600002417,2016-04-13,2016,avril,mercredi,13:45,85,85128,46.45189,-1.16647,2,1,1,1,1,4,1,00,-1,1,0,67,1,0,1,3,1,82,5,1,2,1,0,0,21,201600002417B02,7,24,1,200073260
201600002465,2016-01-13,2016,janvier,mercredi,07:45,85,85052,46.60192,-1.65443,1,6,3,5,2,3,2,00,1,2,0,76,2,5,1,3,1,57,1,1,2,0,2,7,1,201600002465B02,7,9,1,
201600002478,2016-03-22,2016,mars,mardi,16:15,85,85035,46.64735,-1.8401,1,1,3,1,1,3,2,00,1,1,0,60,1,0,1,3,1,66,5,1,2,0,2,1,13,201600002478B02,7,1,1,200023778
201600002484,2016-09-29,2016,septembre,jeudi,17:45,85,85035,46.62517,-1.85753,2,3,3,1,1,4,2,02,-1,1,0,60,1,0,1,3,1,81,3,2,2,0,2,7,1,201600002484A01,7,16,1,200023778
201600002485,2016-10-17,2016,octobre,lundi,18:45,85,85226,46.72779,-1.9487,1,6,3,1,8,9,-1,00,-1,-1,0,0,2,0,1,4,2,43,1,1,2,0,0,4,1,201600002485B02,7,9,1,200023778
201600002487,2016-10-30,2016,octobre,dimanche,17:00,85,85226,46.70999,-1.9679,2,1,1,1,1,4,3,00,-1,1,7,100,1,0,5,2,1,50,9,1,4,0,2,2,1,201600002487B02,7,15,1,200023778
201600002497,2016-08-31,2016,août,mercredi,15:45,85,85221,46.90246,-2.00225,2,3,3,1,1,3,2,01,1,1,0,61,1,0,1,3,1,16,5,1,2,0,2,2,17,201600002497B02,7,15,1,200071629
201600002502,2016-05-31,2016,mai,mardi,09:30,85,85288,46.45508,-1.59864,1,1,5,1,1,3,2,00,2,1,0,55,1,0,1,4,1,75,5,1,2,0,0,4,1,201600002502D04,7,1,1,200071900
201600002502,2016-05-31,2016,mai,mardi,09:30,85,85288,46.45508,-1.59864,1,1,5,1,1,3,2,00,2,1,0,55,1,0,1,3,1,62,5,1,2,0,0,4,1,201600002502B02,7,1,1,200071900
201600002502,2016-05-31,2016,mai,mardi,09:30,85,85288,46.45508,-1.59864,1,1,5,1,1,3,2,00,2,1,0,55,1,0,1,1,1,67,5,1,2,0,0,4,1,201600002502C03,7,1,1,200071900
201600002505,2016-03-18,2016,mars,vendredi,09:15,85,85114,46.41519,-1.57149,2,1,3,1,1,4,-1,02,1,2,0,70,1,5,1,3,2,64,5,1,9,0,2,7,1,201600002505B02,7,16,1,200071900
201600002509,2016-07-02,2016,juillet,samedi,07:45,85,85288,46.45241,-1.59023,1,1,3,1,1,3,2,02,1,1,0,64,1,0,1,3,1,55,5,1,2,0,2,6,1,201600002509B02,7,17,1,200071900
201600002513,2016-08-18,2016,août,jeudi,23:30,85,85127,46.38823,-1.48095,2,1,6,5,1,4,-1,00,1,-1,0,50,1,0,1,3,1,48,5,2,2,14,0,1,1,201600002513A01,,,,200071900
201600002517,2016-10-18,2016,octobre,mardi,08:45,85,85004,46.40636,-1.41332,2,1,2,1,7,3,2,00,1,1,0,67,1,0,1,2,2,78,5,2,2,0,2,4,2,201600002517B02,7,2,1,200071900
201600002519,2016-02-29,2016,février,lundi,14:30,33,33122,44.72073,-0.74356,1,3,3,1,1,3,2,00,-1,1,0,0,1,0,1,2,1,89,5,1,2,0,2,8,2,201600002519B02,15,2,1,243301165
201600002549,2016-05-10,2016,mai,mardi,21:00,33,33422,44.81481,-0.77973,2,1,1,1,1,3,2,02,-1,-1,0,0,-1,0,0,4,1,18,5,1,4,0,2,8,2,201600002549B02,33,2,1,243301165
201600002551,2016-03-22,2016,mars,mardi,15:00,33,33449,0,0,2,1,3,1,1,4,3,02,1,1,20,90,1,6,1,3,2,14,2,2,2,0,2,8,19,201600002551A01,7,1,1,243300316
201600002576,2016-05-04,2016,mai,mercredi,17:45,33,33003,44.92176,-0.47605,1,2,5,1,1,3,2,02,4,1,0,60,1,5,1,3,1,70,5,1,2,0,2,1,17,201600002576A01,33 / 7,1 / 15,2,243300316
201600002578,2016-05-29,2016,mai,dimanche,17:35,33,33433,44.9302,-0.45131,1,1,6,1,1,3,2,02,1,1,0,100,1,0,1,3,1,36,5,1,2,1,0,1,1,201600002578A01,,,,243301249
201600002612,2016-08-04,2016,août,jeudi,18:00,33,33274,44.71601,-0.54435,2,6,2,1,1,3,2,02,,,,,,5,,4,1,51,1,1,2,0,2,4,1,201600002612B02,7,9,1,243301264
201600002619,2016-02-02,2016,février,mardi,09:15,33,33007,44.6783,-0.4032,2,2,2,1,1,3,2,02,1,1,0,69,1,5,1,3,2,56,5,1,2,0,0,3,1,201600002619B02,7,16,1,200069581
201600002644,2016-10-11,2016,octobre,mardi,17:30,33,33227,44.55873,-0.25099,1,1,6,2,1,3,2,02,3,1,0,0,1,2,1,3,1,19,1,1,2,14,0,1,1,201600002644A01,,,,200043974
201600002671,2016-08-21,2016,août,dimanche,18:30,33,33379,44.69242,-0.14594,1,2,1,1,1,3,2,02,1,1,43,0,1,0,1,3,1,55,5,1,2,0,0,3,19,201600002671B02,7,1,1,200069599
201600002689,2016-07-02,2016,juillet,samedi,10:30,33,33248,45.09071,-0.78118,1,3,1,1,1,4,2,02,,,,,,,,3,1,70,5,1,2,0,2,4,1,201600002689B02,7,17,1,243301389
201600002717,2016-08-19,2016,août,vendredi,20:00,33,33539,44.9091,-0.3206,2,3,1,1,1,3,2,02,1,1,0,0,1,0,1,3,1,18,1,2,2,0,2,1,16,201600002717B01,7,1,1,200070092
201600002765,2016-08-06,2016,août,samedi,17:45,24,24026,45.1921,0.82212,1,1,2,1,1,3,2,02,1,1,71,0,1,0,1,4,1,56,5,1,2,1,0,1,1,201600002765B02,7,23,1,200040392
201600002772,2016-06-21,2016,juin,mardi,16:45,24,24096,45.3908,0.69689,2,1,6,1,1,3,-1,02,-1,1,0,56,1,0,0,3,1,73,5,1,2,0,0,2,1,201600002772A01,,,,200041572
201600002802,2016-12-06,2016,décembre,mardi,10:15,24,24068,44.8257,0.88823,1,1,6,1,1,3,2,02,-1,1,0,6,-1,5,1,3,1,52,5,1,2,0,9,4,1,201600002802B02,7,1,1,200034833
201600002838,2016-05-23,2016,mai,lundi,13:00,24,24543,45.0413,0.38085,1,1,5,1,2,3,2,02,2,2,0,70,2,0,1,2,1,33,1,2,2,0,2,1,1,201600002838C03,7,19,1,200040095
201600002838,2016-05-23,2016,mai,lundi,13:00,24,24543,45.0413,0.38085,1,1,5,1,2,3,2,02,2,2,0,70,2,0,1,3,1,41,1,2,2,0,2,1,1,201600002838B02,7,19,1,200040095
201600002843,2016-09-13,2016,septembre,mardi,10:45,24,24449,44.9983,0.23399,1,1,3,1,1,3,2,02,1,4,0,60,1,0,1,3,1,68,5,1,2,0,2,1,1,201600002843B02,7,15,1,200040384
201600002851,2016-08-06,2016,août,samedi,17:45,24,24392,44.9642,1.26624,1,1,1,1,1,3,2,00,1,2,0,35,1,0,1,3,1,12,5,3,9,0,2,0,0,201600002851B02,7,2,1,200040830
201600002874,2016-02-06,2016,février,samedi,15:30,40,40283,43.73826,-1.01643,1,6,3,1,1,3,1,00,1,3,0,0,1,0,1,4,1,71,5,2,2,0,0,1,0,201600002874B02,7,0,1,244000675
201600002897,2016-01-15,2016,janvier,vendredi,20:15,40,40118,43.53747,-0.93189,1,1,3,3,2,3,2,02,1,1,0,80,2,0,1,3,1,55,5,2,4,0,2,6,1,201600002897A01,7,1,1,200069417
201600002920,2016-08-13,2016,août,samedi,08:50,40,40312,43.54311,-1.46944,2,1,2,1,1,3,2,02,2,3,0,76,1,0,1,2,1,80,5,1,2,0,0,4,1,201600002920B02,7,1,1,244000659
201600002924,2016-05-11,2016,mai,mercredi,11:45,40,40046,44.42633,-1.16812,1,2,1,1,1,3,2,02,1,1,0,70,1,0,1,2,1,84,5,1,2,0,2,8,1,201600002924B02,7,1,1,244000873
201600002929,2016-09-28,2016,septembre,mercredi,16:15,40,40287,44.50566,-1.06143,1,1,6,1,1,3,2,02,1,1,0,70,1,0,1,3,1,63,5,1,2,1,0,1,1,201600002929B02,10,20,1,244000873
201600002978,2016-06-28,2016,juin,mardi,17:00,47,47269,44.191,0.76365,1,1,1,1,1,3,2,02,1,2,0,69,2,0,1,4,1,69,5,1,2,0,2,3,13,201600002978B02,33,1,1,200096956
201600002987,2016-02-03,2016,février,mercredi,16:45,47,47326,44.5029,0.23541,1,9,3,1,1,3,2,02,1,1,0,70,1,0,1,3,1,70,5,3,1,0,2,8,15,201600002987B02,33,17,1,200030674
201600002993,2016-05-23,2016,mai,lundi,07:45,47,47157,44.517,0.12353,1,1,2,1,1,3,2,02,1,1,25,70,1,0,1,3,2,35,1,1,2,0,2,4,1,201600002993B02,7,14,1,200030674
201600003009,2016-07-23,2016,juillet,samedi,11:30,47,47204,44.5689,0.32174,1,1,3,1,1,3,2,02,2,1,0,75,1,0,1,3,1,73,5,1,4,0,2,4,19,201600003009B02,7,1,1,244700464
201600003016,2016-10-27,2016,octobre,jeudi,16:30,47,47257,44.5619,0.09027,1,2,5,1,1,3,2,02,1,1,0,0,1,0,1,3,1,64,5,1,2,0,2,1,1,201600003016B02,7,9,1,200030674
201600003016,2016-10-27,2016,octobre,jeudi,16:30,47,47257,44.5619,0.09027,1,2,5,1,1,3,2,02,1,1,0,0,1,0,1,4,1,66,5,1,2,0,2,1,1,201600003016A01,7,9,1,200030674
201600003021,2016-03-17,2016,mars,jeudi,09:30,47,47052,44.2698,0.28209,1,1,3,1,1,3,2,02,1,1,0,60,1,0,1,2,1,79,3,2,4,0,2,8,13,201600003021B02,7,17,1,244701355
201600003058,2016-12-14,2016,décembre,mercredi,16:00,64,64060,43.32,-0.457,1,6,2,1,7,3,-1,02,1,2,0,0,1,0,1,3,1,63,5,1,2,0,0,4,2,201600003058B02,7,1,1,200067254
201600003065,2016-10-29,2016,octobre,samedi,08:00,64,64059,43.28033,-0.23833,2,1,2,3,1,3,2,00,1,1,0,217,1,0,1,3,1,48,5,2,4,0,0,6,2,201600003065A01,10,2,1,200067254
201600003073,2016-08-31,2016,août,mercredi,11:30,64,64270,43.14475,-0.24011,1,1,1,1,1,3,2,00,2,1,0,0,1,0,1,4,1,63,5,2,2,0,2,3,13,201600003073B02,7,2,1,246401756
201600003079,2016-04-16,2016,avril,samedi,11:00,64,64234,43.52118,-0.47919,1,1,5,1,1,3,2,02,1,1,0,70,1,0,1,1,1,57,5,1,2,0,2,4,1,201600003079C03,7,1,1,200067239
201600003079,2016-04-16,2016,avril,samedi,11:00,64,64234,43.52118,-0.47919,1,1,5,1,1,3,2,02,1,1,0,70,1,0,1,3,1,56,5,1,2,0,2,4,1,201600003079B02,7,1,1,200067239
201600003099,2016-05-04,2016,mai,mercredi,09:45,64,64504,43.29997,-1.5688,1,1,3,1,1,4,2,00,3,2,60,0,1,0,1,3,1,63,5,1,2,0,2,1,0,201600003099B02,7,15,1,200067106
201600003104,2016-12-07,2016,décembre,mercredi,10:30,64,64504,43.305,-1.566,1,1,1,1,1,4,2,00,2,2,0,50,1,0,1,3,2,53,5,1,2,0,2,1,1,201600003104B02,7,13,1,200067106
201600003115,2016-09-29,2016,septembre,jeudi,12:15,64,64279,43.31661,-1.40355,1,1,1,1,1,4,4,01,2,3,0,0,9,0,1,3,1,66,5,1,2,0,2,1,21,201600003115A01,7,21,1,200067106
201600003165,2016-12-09,2016,décembre,vendredi,18:45,86,86177,0,0,2,6,3,5,1,3,2,02,1,1,0,0,1,0,1,3,1,72,2,3,4,0,2,5,1,201600003165B02,7,9,1,200069763
201600003177,2016-06-29,2016,juin,mercredi,09:45,86,86278,0,0,1,1,3,1,1,3,2,02,1,1,0,54,1,0,1,2,1,30,5,2,2,0,0,8,0,201600003177A01,7,1,1,
201600003192,2016-10-03,2016,octobre,lundi,15:15,86,86090,0,0,1,1,7,1,1,3,2,02,4,1,0,60,9,0,1,3,1,64,5,1,2,0,0,9,14,201600003192A01,,,,248600447
201600003201,2016-09-26,2016,septembre,lundi,17:15,86,86092,0,0,1,1,2,1,1,3,2,02,1,1,48,96,1,0,1,3,1,39,9,1,4,0,2,4,2,201600003201B02,10,21,1,248600413
201600003228,2016-06-23,2016,juin,jeudi,13:45,86,86237,46.1482,0.272,2,3,3,1,1,4,2,02,1,1,0,53,1,0,1,3,1,13,5,3,3,0,2,1,15,201600003228B02,7,1,1,200070035
201600003266,2016-09-22,2016,septembre,jeudi,14:00,16,16097,45.73341,-0.35522,2,1,2,1,1,3,2,02,1,1,13,65,1,0,1,3,1,22,1,1,2,0,2,1,2,201600003266B02,7,15,1,200070514
201600003266,2016-09-22,2016,septembre,jeudi,14:00,16,16097,45.73341,-0.35522,2,1,2,1,1,3,2,02,1,1,13,65,1,0,1,1,1,28,1,1,2,0,2,1,2,201600003266B02,7,15,1,200070514
201600003323,2016-11-26,2016,novembre,samedi,16:45,17,17349,46.25717,-0.8821,1,1,2,1,7,3,2,02,1,2,43,56,1,0,1,2,1,69,5,1,2,0,0,4,1,201600003323B02,7,2,1,200041499
201600003329,2016-07-21,2016,juillet,jeudi,17:30,17,17051,46.1835,-1.39702,2,6,3,1,1,4,2,02,1,1,0,60,1,0,1,3,2,86,3,1,2,0,2,7,1,201600003329B02,7,9,1,241700459
201600003340,2016-07-15,2016,juillet,vendredi,12:00,17,17468,45.34185,-0.34139,1,1,7,1,1,3,2,02,2,1,0,43,1,0,1,2,2,46,5,2,2,0,0,0,1,201600003340A01,,,,200041523
201600003341,2016-07-26,2016,juillet,mardi,14:45,17,17197,45.44511,-0.43619,2,1,3,1,1,4,1,01,1,-1,0,26,1,0,1,3,1,13,9,1,9,0,0,4,24,201600003341B02,10,14,1,200041523
201600003343,2016-12-28,2016,décembre,mercredi,17:00,17,17339,45.47117,-0.43488,1,1,2,1,1,3,2,02,2,1,0,56,1,0,1,3,1,54,5,2,2,0,2,6,2,201600003343B02,7,2,1,200041523
201600003347,2016-09-27,2016,septembre,mardi,10:15,17,17111,45.47273,-0.5471,1,2,1,1,1,3,2,02,1,2,0,46,1,0,1,2,2,63,5,3,2,0,2,0,9,201600003347B02,7,1,1,200041523
201600003367,2016-10-15,2016,octobre,samedi,09:15,17,17219,45.82057,-1.09947,2,1,3,1,1,4,2,02,1,1,0,79,1,0,1,4,1,84,3,1,9,0,2,8,15,201600003367B02,7,17,1,241700699
201600003407,2016-08-26,2016,août,vendredi,10:45,17,17057,46.14361,-0.85646,1,2,3,1,1,3,2,02,1,1,0,70,1,5,1,3,1,62,5,1,2,0,2,1,1,201600003407B02,7,19,1,200041614
201600003416,2016-03-18,2016,mars,vendredi,14:15,17,17086,45.71603,-0.55285,1,1,2,1,1,3,2,02,1,1,0,70,1,0,1,3,1,59,5,2,2,0,2,4,1,201600003416B02,10,21,1,200036473
201600003429,2016-08-13,2016,août,samedi,14:00,17,17425,45.59794,-0.95653,1,1,7,1,1,4,2,02,2,1,0,35,1,0,1,3,2,65,5,1,2,0,0,0,1,201600003429A01,,,,241700640
201600003436,2016-07-09,2016,juillet,samedi,10:15,17,17283,45.5627,-0.54163,2,3,3,1,1,3,2,02,4,1,0,48,1,0,1,2,1,76,5,2,2,0,2,8,9,201600003436B02,7,1,1,200041523
201600003441,2016-04-14,2016,avril,jeudi,10:15,17,17120,45.73219,-0.81697,1,4,3,1,1,3,2,02,1,1,0,56,1,0,1,3,1,71,5,1,2,0,0,1,1,201600003441B02,7,16,1,200036473
201600003460,2016-09-15,2016,septembre,jeudi,18:30,17,17150,45.97621,-0.43336,1,1,3,1,1,3,2,02,1,1,0,50,1,0,1,4,1,45,5,1,2,0,2,7,1,201600003460B02,7,9,1,200041689
201600003496,2016-03-18,2016,mars,vendredi,18:15,87,87038,45.9021,1.25234,1,3,1,1,1,3,2,02,2,1,0,68,1,5,1,3,1,63,5,2,2,0,2,8,19,201600003496B02,7,1,1,248719312
201600003498,2016-05-05,2016,mai,jeudi,16:30,87,87202,45.8921,1.05699,1,1,1,1,1,3,2,02,1,1,0,115,1,5,1,3,1,54,5,1,2,0,2,8,1,201600003498A01,7,15,1,248719312
201600003508,2016-02-10,2016,février,mercredi,10:15,87,87020,45.9562,1.31886,1,1,1,1,1,3,2,02,2,3,0,70,1,0,1,2,1,56,5,3,1,0,0,4,2,201600003508B02,7,0,1,248719312
201600003511,2016-05-04,2016,mai,mercredi,21:15,87,87040,45.7126,1.60353,2,1,6,1,1,3,2,02,4,3,0,70,1,6,1,3,2,30,5,2,2,0,0,1,1,201600003511A01,,,,248719338
201600003522,2016-03-07,2016,mars,lundi,13:45,87,87187,45.52,1.17164,1,1,1,1,1,3,2,02,2,1,0,60,1,0,1,3,1,69,5,3,1,0,0,2,5,201600003522A01,7,1,1,248700189
201600003524,2016-05-29,2016,mai,dimanche,14:45,87,87082,45.5574,1.09075,1,1,1,1,2,3,2,02,-1,1,0,56,1,0,1,3,1,51,5,1,2,0,0,1,13,201600003524A01,7,1,1,248700189
201600003612,2016-04-16,2016,avril,samedi,11:15,31,31271,43.57487,1.69224,1,4,5,1,7,3,-1,00,4,3,0,50,1,0,1,2,1,68,5,1,2,0,2,3,1,201600003612B02,21,1,1,200071298
201600003612,2016-04-16,2016,avril,samedi,11:15,31,31271,43.57487,1.69224,1,4,5,1,7,3,-1,00,4,3,0,50,1,0,1,3,1,54,5,1,2,0,9,1,2,201600003612D04,21,1,1,200071298
201600003612,2016-04-16,2016,avril,samedi,11:15,31,31271,43.57487,1.69224,1,4,5,1,7,3,-1,00,4,3,0,50,1,0,1,4,1,62,5,1,2,0,9,1,2,201600003612C03,21,1,1,200071298
201600003612,2016-04-16,2016,avril,samedi,11:15,31,31271,43.57487,1.69224,1,4,5,1,7,3,-1,00,4,3,0,50,1,0,1,4,1,51,5,1,2,0,9,1,2,201600003612E05,21,1,1,200071298
201600003616,2016-10-02,2016,octobre,dimanche,09:15,31,31228,0,0,1,1,6,1,1,3,2,02,1,2,0,0,1,0,1,3,2,63,5,1,2,0,0,3,1,201600003616B02,7,0,1,243100732
201600003617,2016-03-26,2016,mars,samedi,18:00,31,31113,43.52307,1.50654,2,1,1,1,1,4,2,02,1,1,0,60,1,0,1,3,2,38,5,3,1,0,2,1,1,201600003617B02,7,13,1,243100633
201600003624,2016-06-05,2016,juin,dimanche,09:15,31,31118,43.79122,1.35049,1,1,3,1,1,3,2,02,2,2,0,63,1,0,1,3,1,41,5,1,2,0,2,3,13,201600003624B02,7,13,1,200034957
201600003631,2016-03-30,2016,mars,mercredi,14:00,31,31093,43.76781,1.16329,1,2,3,1,1,3,2,02,-1,1,0,50,1,0,1,3,2,64,5,1,2,0,2,1,1,201600003631A01,7,1,1,200071314
201600003639,2016-01-14,2016,janvier,jeudi,09:15,31,31417,43.61775,1.2833,2,6,3,1,1,3,4,02,1,-1,0,0,1,5,1,4,1,64,5,3,1,0,2,8,1,201600003639B02,7,16,1,243100518
201600003641,2016-07-27,2016,juillet,mercredi,08:45,31,31291,0,0,1,6,3,1,1,3,2,00,2,2,0,0,1,0,1,3,1,36,5,1,2,0,0,0,0,201600003641B02,7,9,1,243100781