Num_Acc,date,an,mois,jour,hrmn,dep,com,lat,long,agg,int,col,lum,atm,catr,circ,nbv,prof,plan,lartpc,larrout,surf,infra,situ,grav,sexe,age,trajet,secuexist,equipement,obs,obsm,choc,manv,vehiculeid,typevehicules,manoeuvehicules,numVehicules,_infos_commune.code_epci
201600011791,2016-08-10,2016,août,mercredi,09:00,17,17472,46.24246,-1.07947,1,6,3,1,1,3,-1,01,-1,-1,0,71,1,5,1,3,1,64,5,1,2,0,2,7,1,201600011791B02,15,9,1,200041499
201600011891,2016-04-14,2016,avril,jeudi,14:45,13,13114,0,0,1,1,3,1,1,3,3,02,1,1,0,0,1,0,1,4,1,82,5,1,2,0,2,6,15,201600011891B02,7,1,1,200054807
201600011893,2016-06-17,2016,juin,vendredi,07:45,13,13114,43.54905,5.30102,1,1,3,1,1,3,3,02,1,-1,0,0,1,0,1,4,1,43,0,1,2,0,2,8,1,201600011893B02,7,15,1,200054807
201600011933,2016-12-20,2016,décembre,mardi,13:55,08,08105,49.78633,4.69423,2,2,3,1,1,4,1,00,2,1,0,45,1,0,1,3,1,15,5,2,2,0,2,1,5,201600011933B01,7,1,1,200041630
201600011946,2016-07-31,2016,juillet,dimanche,20:40,08,08105,0,0,2,1,3,1,1,3,2,02,-1,-1,0,0,-1,0,1,3,1,19,5,2,2,0,2,1,1,201600011946B01,7,15,1,200041630
201600011948,2016-08-31,2016,août,mercredi,10:20,08,08105,49.77122,4.7,2,3,3,1,1,4,-1,00,-1,-1,0,0,-1,0,0,3,1,62,5,1,2,0,0,0,0,201600011948B01,7,17,1,200041630
201600011951,2016-09-15,2016,septembre,jeudi,17:07,08,08105,49.74911,4.71429,2,1,6,1,1,4,2,00,1,-1,0,0,1,0,1,1,1,17,2,1,2,0,1,1,1,201600011951A01,,,,200041630
201600011958,2016-07-15,2016,juillet,vendredi,12:00,24,24405,44.9428,0.68134,1,1,1,1,1,4,2,00,4,2,0,39,1,0,1,2,1,58,5,1,2,0,2,1,1,201600011958A01,14,1,1,200034833
201600011974,2016-05-28,2016,mai,samedi,17:30,69,69043,0,0,2,1,3,1,1,3,2,02,2,2,0,0,1,0,1,3,1,49,0,1,2,0,0,1,0,201600011974B02,7,1,1,246900757
201600011982,2016-06-09,2016,juin,jeudi,17:30,69,69190,0,0,2,1,1,1,1,3,2,02,1,1,0,0,1,0,1,4,1,56,1,1,2,0,2,8,3,201600011982B02,15,1,1,246900724
201600011992,2016-05-02,2016,mai,lundi,11:30,69,69009,0,0,1,1,1,1,1,3,2,02,1,2,0,93,1,0,5,3,1,68,5,1,2,1,0,6,1,201600011992B02,13,24,1,200040574
201600012054,2016-02-06,2016,février,samedi,13:30,31,31254,43.5508,1.51061,1,1,1,1,6,3,-1,02,-1,1,20,60,1,0,4,3,1,75,5,1,2,0,2,3,1,201600012054B02,7,9,1,243100633
201600012086,2016-08-04,2016,août,jeudi,19:15,26,26002,0,0,1,1,6,1,1,3,2,02,-1,1,0,42,1,0,1,4,1,17,5,1,2,0,2,3,2,201600012086A01,,,,200040491
201600012120,2016-05-03,2016,mai,mardi,09:00,08,08409,49.69786,4.94023,2,3,3,1,1,4,1,00,1,1,0,53,1,0,1,3,1,91,5,2,9,0,2,7,1,201600012120B01,7,15,1,200041630
201600012155,2016-07-27,2016,juillet,mercredi,16:00,38,38052,0,0,2,1,7,1,1,3,2,02,1,1,0,60,1,0,5,3,2,28,0,1,2,0,0,1,2,201600012155A01,1,2,1,243800745
201600012155,2016-07-27,2016,juillet,mercredi,16:00,38,38052,0,0,2,1,7,1,1,3,2,02,1,1,0,60,1,0,5,4,2,15,0,1,2,0,2,1,2,201600012155B02,1,2,1,243800745
201600012156,2016-08-18,2016,août,jeudi,16:00,38,38052,45.0569,6.03477,1,1,1,1,1,3,4,00,1,1,51,0,1,5,1,3,1,67,5,1,2,0,2,6,1,201600012156B02,7,15,1,243800745
201600012257,2016-08-25,2016,août,jeudi,12:00,53,53016,48.25956,-0.33759,1,1,2,1,1,3,2,02,3,3,0,0,1,0,1,3,1,68,5,1,2,0,2,4,1,201600012257A01,14,12,1,200033298
201600012274,2016-03-18,2016,mars,vendredi,17:15,27,27274,49.33801,1.39369,2,3,1,1,1,4,-1,00,1,1,0,0,1,0,1,3,1,8,4,2,2,0,2,1,5,201600012274B02,38,1,1,
201600012284,2016-02-05,2016,février,vendredi,12:00,09,09111,42.94859,1.05858,2,3,3,1,1,4,2,01,2,1,0,46,1,0,1,3,1,39,9,2,2,0,2,1,15,201600012284B02,14,1,1,200067940
201600012376,2016-07-15,2016,juillet,vendredi,11:45,74,74081,0,0,2,3,6,1,1,3,2,02,1,1,,,1,0,1,2,1,21,5,3,2,,2,5,2,201600012376B01,7,12,1,200033116
201600012386,2016-05-04,2016,mai,mercredi,15:00,59,59622,0,0,1,1,1,1,1,3,2,01,1,1,58,0,1,0,1,3,1,63,5,2,2,0,2,8,1,201600012386B02,21,17,1,200068500
201600012389,2016-11-24,2016,novembre,jeudi,12:30,59,59213,0,0,1,1,5,1,1,3,2,00,1,1,0,108,1,0,1,3,1,70,5,1,2,0,2,6,1,201600012389B02,7,1,1,200030633
201600012389,2016-11-24,2016,novembre,jeudi,12:30,59,59213,0,0,1,1,5,1,1,3,2,00,1,1,0,108,1,0,1,4,1,67,5,1,2,0,2,4,1,201600012389C03,7,1,1,200030633
201600012422,2016-09-15,2016,septembre,jeudi,19:30,91,91573,48.5889,2.52265,1,1,2,2,7,3,2,02,1,1,0,80,1,0,1,3,1,60,5,1,2,0,2,4,1,201600012422B02,7,1,1,200059228
201600012424,2016-11-24,2016,novembre,jeudi,17:00,91,91553,0,0,2,6,1,3,1,3,1,01,1,2,0,0,1,0,0,4,2,21,5,2,2,0,2,1,19,201600012424B02,7,16,1,200059228
201600012425,2016-08-27,2016,août,samedi,10:45,38,38253,45.0277,6.07761,1,9,4,1,1,3,2,02,2,2,0,70,1,1,1,2,1,53,0,1,2,0,0,9,2,201600012425C03,7 / 33,2,2,243800745
201600012518,2016-05-24,2016,mai,mardi,10:00,2A,2A348,0,0,1,1,3,1,1,3,2,00,2,3,0,72,1,0,1,3,1,51,5,1,2,0,2,1,13,201600012518A01,14,1,1,200067049
201600012519,2016-06-08,2016,juin,mercredi,17:30,2A,2A212,0,0,1,1,5,1,1,3,2,02,-1,3,0,66,1,0,0,3,1,57,5,1,2,0,2,1,1,201600012519B02,7,13,1,200067049
201600012519,2016-06-08,2016,juin,mercredi,17:30,2A,2A212,0,0,1,1,5,1,1,3,2,02,-1,3,0,66,1,0,0,4,1,21,5,1,2,0,0,0,1,201600012519C03,7,13,1,200067049
201600012530,2016-04-27,2016,avril,mercredi,12:45,38,38431,45.25897,5.85219,2,1,1,1,1,3,2,00,1,1,0,74,1,0,1,3,2,26,5,1,2,0,2,1,13,201600012530A01,7,1,1,200018166
201600012563,2016-03-06,2016,mars,dimanche,15:00,33,33122,44.7232,-0.74858,1,6,3,1,1,3,2,02,-1,1,0,0,1,5,1,3,1,48,5,1,2,0,2,1,15,201600012563B02,7,9,1,243301165
201600012626,2016-07-17,2016,juillet,dimanche,06:45,37,37027,47.322,0.983,1,1,3,1,1,3,2,02,1,1,0,76,1,0,1,3,1,34,5,2,2,0,2,8,2,201600012626B02,17,2,1,243700820
201600012637,2016-05-23,2016,mai,lundi,14:00,42,42279,45.49885,4.24259,2,1,3,1,8,3,2,02,1,1,0,80,1,0,1,4,1,38,5,1,2,0,2,1,21,201600012637B02,7,15,1,200065886
201600012643,2016-08-30,2016,août,mardi,16:15,42,42279,45.49979,4.23926,2,1,1,1,1,3,2,02,-1,1,60,0,1,5,1,4,1,69,0,1,2,0,2,1,0,201600012643B02,7,19,1,200065886
201600012667,2016-01-24,2016,janvier,dimanche,12:15,06,06018,0,0,1,6,3,1,1,3,1,02,1,2,0,0,1,5,1,3,2,30,5,1,2,0,2,5,21,201600012667B02,7,9,1,240600585
201600012669,2016-03-06,2016,mars,dimanche,10:30,06,06018,43.62832,7.09597,2,1,1,1,1,3,2,00,2,1,0,70,1,0,1,3,1,54,5,1,2,0,2,1,1,201600012669B02,7,15,1,240600585
201600012674,2016-05-07,2016,mai,samedi,11:00,06,06018,0,0,2,1,6,1,1,4,2,02,-1,1,0,70,1,0,1,3,1,89,5,1,2,0,0,8,23,201600012674A01,,,,240600585
201600012687,2016-10-28,2016,octobre,vendredi,11:40,06,06018,43.61602,7.07719,1,1,6,1,1,3,3,02,2,1,20,70,1,0,1,3,1,55,0,1,2,0,2,4,1,201600012687B02,10,17,1,240600585
201600012698,2016-07-05,2016,juillet,mardi,19:45,69,69088,0,0,2,1,1,1,1,4,2,02,2,1,0,54,1,0,1,3,1,54,1,3,1,0,2,6,15,201600012698B02,7,17,1,200046977
201600012716,2016-03-24,2016,mars,jeudi,13:15,34,34153,43.7299,3.80265,1,1,2,1,1,3,2,00,1,1,75,0,1,0,1,3,1,66,5,1,2,0,2,4,0,201600012716B02,7,17,1,200022986
201600012737,2016-02-21,2016,février,dimanche,12:30,78,78043,0,0,2,1,3,1,1,3,3,00,4,1,5,100,1,5,1,4,1,51,5,1,2,0,2,1,1,201600012737B02,30,15,1,247800584
201600012739,2016-04-01,2016,avril,vendredi,13:45,78,78043,0,0,1,1,1,1,1,3,2,02,1,3,0,70,1,0,1,3,1,78,5,1,2,0,0,4,2,201600012739B02,7,2,1,247800584
201600012744,2016-08-28,2016,août,dimanche,11:15,78,78152,0,0,2,4,3,1,1,4,2,02,4,1,0,0,1,5,1,4,1,24,5,1,2,0,2,8,15,201600012744B01,7,19,1,200034130
201600012746,2016-10-14,2016,octobre,vendredi,08:45,78,78043,0,0,2,1,3,1,1,3,4,03,4,3,0,0,1,5,1,4,1,56,1,1,2,0,2,3,18,201600012746B02,7,16,1,247800584
201600012748,2016-01-21,2016,janvier,jeudi,09:45,13,13118,0,0,1,1,2,1,1,3,2,02,1,1,0,71,1,0,0,3,1,72,5,1,2,0,0,6,2,201600012748B02,7,2,1,200054807
201600012767,2016-07-01,2016,juillet,vendredi,13:45,35,35210,48.14103,-1.76642,2,6,1,1,1,4,2,05,1,1,50,150,1,6,1,4,2,22,1,2,2,0,2,8,19,201600012767B02,7,1,1,243500139
201600012770,2016-08-21,2016,août,dimanche,11:15,35,35131,48.11693,-1.80676,1,3,3,1,1,3,2,02,1,1,0,0,1,0,1,2,1,49,5,1,2,0,2,3,11,201600012770B02,7,1,1,243500139
201600012771,2016-09-14,2016,septembre,mercredi,07:00,35,35131,48.12111,-1.83241,1,1,3,3,8,3,2,00,2,2,0,62,9,0,1,3,1,57,1,1,4,0,2,8,1,201600012771B02,15,15,1,243500139
201600012778,2016-12-27,2016,décembre,mardi,14:00,35,35210,48.14205,-1.76907,1,6,3,1,1,3,1,03,1,3,0,15,1,5,1,3,1,62,5,1,2,0,2,7,1,201600012778B01,7,9,1,243500139
201600012838,2016-08-26,2016,août,vendredi,11:45,14,14515,49.3488,-0.75659,2,3,6,1,1,4,2,02,-1,-1,0,0,1,0,1,3,1,63,5,1,9,6,0,1,1,201600012838A01,,,,241400555
201600012870,2016-08-31,2016,août,mercredi,19:00,06,06084,0,0,1,1,1,1,1,3,2,00,2,2,0,0,1,0,5,3,1,13,5,1,2,1,0,2,1,201600012870B02,10,23,1,200039857
201600012906,2016-01-22,2016,janvier,vendredi,23:00,10,10387,48.29434,4.08275,2,3,3,5,3,4,2,02,1,1,,70,2,0,1,4,2,20,0,3,2,0,2,1,5,201600012906B01,7,1,1,200069250
201600012909,2016-02-22,2016,février,lundi,06:19,10,10387,48.28764,4.08094,2,6,3,5,1,4,3,04,1,1,,,2,0,1,4,1,20,0,2,4,0,2,7,13,201600012909B01,7,9,1,200069250
201600012910,2016-02-22,2016,février,lundi,12:09,10,10387,48.30282,4.06803,2,2,2,1,1,4,-1,02,1,1,,,1,0,0,4,1,12,0,3,2,0,2,6,15,201600012910B01,7,1,1,200069250
201600012922,2016-03-29,2016,mars,mardi,08:50,10,10387,48.29138,4.08811,2,6,6,1,1,4,3,02,1,1,,,1,5,5,3,2,78,5,1,2,0,2,1,1,201600012922B01,7,9,1,200069250
201600012923,2016-03-17,2016,mars,jeudi,10:48,10,10387,48.30079,4.08864,2,3,6,1,1,4,2,02,1,1,,,1,0,1,4,1,81,9,3,9,0,2,1,1,201600012923B01,7,15,1,200069250
201600012927,2016-04-06,2016,avril,mercredi,17:35,10,10387,48.30172,4.05154,2,1,3,1,1,4,2,02,1,1,,70,1,0,5,3,1,36,0,1,2,0,0,0,0,201600012927B01,7,0,1,200069250
201600012938,2016-07-01,2016,juillet,vendredi,16:08,10,10343,48.28241,4.0928,2,1,3,1,1,4,2,02,1,1,,,1,0,4,4,1,21,9,3,2,0,2,1,1,201600012938B01,7,9,1,200069250
201600012942,2016-07-31,2016,juillet,dimanche,14:16,10,10387,48.29616,4.07218,2,3,3,1,1,4,1,01,1,1,,,1,0,1,4,1,18,9,3,9,0,2,1,9,201600012942B01,7,1,1,200069250
201600012943,2016-07-28,2016,juillet,jeudi,18:20,10,10387,48.28172,4.07043,2,3,6,1,1,4,2,02,1,1,,,1,0,1,3,1,66,9,3,9,0,2,8,0,201600012943B01,7,15,1,200069250
201600012945,2016-08-03,2016,août,mercredi,16:55,10,10081,48.30834,4.03571,2,3,3,1,1,4,2,02,1,1,,70,1,0,1,1,1,11,0,3,2,0,2,5,2,201600012945A01,2,2,1,200069250
201600012949,2016-08-19,2016,août,vendredi,17:43,10,10387,48.27242,4.08249,2,1,3,1,1,4,2,02,1,1,,,1,0,1,4,1,10,0,2,2,0,2,3,19,201600012949A01,7,1,1,200069250
201600012953,2016-09-16,2016,septembre,vendredi,13:29,10,10387,48.30316,4.07381,2,1,6,1,1,4,3,02,1,1,,,1,0,1,3,2,24,0,2,2,0,2,1,0,201600012953B01,7,1,1,200069250
201600012965,2016-11-03,2016,novembre,jeudi,07:42,10,10387,48.26883,4.08452,2,3,3,1,1,4,1,01,1,1,,,1,0,1,3,1,39,9,1,2,0,2,7,1,201600012965B01,7,16,1,200069250
201600012970,2016-11-08,2016,novembre,mardi,09:40,10,10387,48.29474,4.07382,2,1,3,1,1,4,-1,01,1,-1,,50,1,0,1,3,1,59,1,1,2,1,0,1,2,201600012970B01,7,24,1,200069250
201600012984,2016-09-24,2016,septembre,samedi,16:15,67,67343,0,0,2,1,1,1,1,3,2,01,1,1,0,51,1,5,5,4,1,59,5,3,1,0,2,8,1,201600012984B02,7,16,1,246700488
201600012989,2016-03-12,2016,mars,samedi,09:45,06,06112,43.67706,7.01763,2,1,1,1,1,3,2,02,1,3,0,0,1,5,1,3,1,58,5,1,2,0,2,1,1,201600012989B02,7,15,1,240600585
201600012992,2016-04-13,2016,avril,mercredi,17:00,06,06105,0,0,2,1,3,1,1,4,-1,01,1,1,0,35,1,0,1,3,1,15,5,1,2,0,2,1,1,201600012992B02,7,1,1,240600585
201600012993,2016-07-27,2016,juillet,mercredi,10:00,06,06112,0,0,1,1,2,1,1,3,2,00,1,1,0,89,1,0,1,3,1,42,5,1,2,0,2,1,1,201600012993A01,7,23,1,240600585
201600013040,2016-07-12,2016,juillet,mardi,17:15,35,35032,0,0,1,1,3,1,2,3,2,02,1,1,0,79,2,0,1,3,2,17,5,3,1,0,2,1,11,201600013040A01,10,1,1,243500139
201600013044,2016-10-25,2016,octobre,mardi,18:15,35,35208,47.97956,-1.65579,1,1,3,1,1,4,2,02,2,-1,0,10,1,0,1,3,1,61,3,2,9,0,2,8,0,201600013044A01,7,1,1,243500139
201600013045,2016-10-31,2016,octobre,lundi,11:00,35,35266,48.00795,-1.64071,1,3,2,1,1,3,2,02,1,1,0,10,1,0,1,3,1,16,5,3,2,0,0,0,2,201600013045A01,7,2,1,243500139
201600013072,2016-03-13,2016,mars,dimanche,11:14,11,11069,43.21269,2.37179,2,1,3,1,1,4,1,02,1,2,0,100,1,0,1,3,1,62,5,2,2,0,2,4,0,201600013072B01,7,2,1,200035715
201600013110,2016-08-11,2016,août,jeudi,15:15,11,11069,43.21526,2.34174,2,3,3,1,1,4,1,01,2,2,0,134,1,0,1,3,1,18,5,2,2,0,2,1,15,201600013110A01,7,1,1,200035715
201600013126,2016-12-09,2016,décembre,vendredi,18:08,11,11037,43.20926,2.42002,1,1,1,2,1,3,2,02,1,2,0,35,1,0,1,4,1,53,1,1,2,0,2,1,1,201600013126B01,7,1,1,200035715
201600013149,2016-01-14,2016,janvier,jeudi,10:45,11,11262,43.16763,2.98203,2,3,3,1,1,4,-1,00,-1,-1,0,0,-1,0,0,3,1,17,9,1,2,0,0,7,1,201600013149B01,7,0,1,241100593
201600013155,2016-12-23,2016,décembre,vendredi,16:25,11,11262,43.17426,2.99219,2,1,3,1,1,4,1,02,1,2,0,0,1,0,1,4,1,57,0,1,2,0,2,1,0,201600013155B01,7,9,1,241100593
201600013159,2016-03-03,2016,mars,jeudi,14:24,11,11262,43.17888,3.00726,2,2,1,1,1,4,1,01,-1,-1,0,0,-1,0,1,4,2,47,1,3,9,0,2,1,5,201600013159B01,7,15,1,241100593
201600013162,2016-03-16,2016,mars,mercredi,10:35,11,11262,43.15729,2.98046,2,1,6,1,1,4,2,02,1,1,0,0,1,0,1,4,2,76,5,3,9,0,0,3,2,201600013162B01,7,1,1,241100593
201600013168,2016-04-15,2016,avril,vendredi,17:20,11,11262,43.18045,3.00123,2,3,1,1,1,4,1,01,1,1,0,0,1,0,1,4,1,22,0,3,9,0,2,7,19,201600013168B01,7,1,1,241100593
201600013174,2016-04-28,2016,avril,jeudi,13:18,11,11262,43.175,3.00577,2,6,2,1,1,4,2,02,1,1,0,0,1,0,1,4,1,49,5,1,2,0,2,4,16,201600013174B01,7,16,1,241100593
201600013194,2016-09-27,2016,septembre,mardi,15:40,11,11262,43.18754,2.98968,2,1,7,1,1,3,2,02,1,1,0,0,1,0,4,4,1,57,0,3,9,12,0,1,0,201600013194A01,,,,241100593
201600013206,2016-10-25,2016,octobre,mardi,09:50,11,11262,43.18866,3.0088,2,6,2,1,1,4,2,02,1,3,0,0,2,0,1,4,2,75,5,1,2,0,2,4,14,201600013206B01,7,2,1,241100593
201600013214,2016-12-03,2016,décembre,samedi,08:50,11,11262,43.18154,3.02985,2,6,3,1,1,4,3,02,1,1,0,0,1,0,0,4,1,53,5,1,2,0,2,7,1,201600013214B01,10,9,1,241100593
201600013216,2016-12-16,2016,décembre,vendredi,18:45,11,11262,43.17919,2.99589,2,3,3,5,1,4,1,01,1,1,0,0,1,0,0,4,1,17,1,3,9,0,2,1,1,201600013216A01,7,16,1,241100593
201600013312,2016-03-11,2016,mars,vendredi,14:05,12,12145,44.1056,3.08234,2,1,2,1,1,4,2,02,1,1,0,50,1,0,1,3,1,61,5,1,2,0,2,1,1,201600013312B01,7,4,1,241200567
201600013317,2016-09-28,2016,septembre,mercredi,12:30,12,12145,44.0971,3.07141,2,1,3,1,1,4,2,02,1,1,0,86,1,0,1,3,1,84,5,1,2,0,2,3,1,201600013317B01,7,15,1,241200567
201600013318,2016-12-11,2016,décembre,dimanche,12:30,12,12145,44.1072,3.08104,2,1,7,1,1,4,1,01,1,1,0,54,1,0,1,4,2,34,5,2,2,0,0,0,1,201600013318B01,2,16,1,241200567
201600013429,2016-06-21,2016,juin,mardi,20:15,13,13001,43.53341,5.44587,1,1,3,2,1,3,1,03,1,1,0,90,1,0,1,4,1,27,0,3,9,0,2,2,5,201600013429A01,7,1,1,200054807
201600013466,2016-12-10,2016,décembre,samedi,17:20,13,13001,43.52488,5.42901,2,1,1,2,1,4,3,02,2,1,0,0,1,0,1,2,1,58,0,2,2,0,2,9,11,201600013466B01,7,2,1,200054807
201600013480,2016-04-28,2016,avril,jeudi,14:14,13,13004,43.69879,4.64072,2,1,6,1,1,4,2,02,1,1,0,66,1,0,1,3,1,16,2,3,9,0,2,9,19,201600013480B01,7,1,1,241300417
201600013483,2016-05-25,2016,mai,mercredi,16:20,13,13004,43.67744,4.62422,2,4,3,1,1,3,2,02,1,1,0,100,1,0,0,4,1,62,1,3,9,0,2,3,16,201600013483B01,7,15,1,241300417
201600013517,2016-02-16,2016,février,mardi,13:55,13,13005,43.29421,5.55705,2,1,6,1,1,3,2,02,1,2,15,85,1,3,1,4,1,46,1,2,9,0,2,3,1,201600013517C01,7,16,1,200054807
201600013518,2016-02-19,2016,février,vendredi,15:25,13,13005,43.283,5.60461,2,1,6,1,1,4,2,02,1,1,0,0,1,0,1,4,1,16,1,1,2,0,2,8,15,201600013518A01,7,1,1,200054807
201600013530,2016-03-31,2016,mars,jeudi,09:30,13,13005,43.29815,5.59693,1,1,3,1,1,3,-1,02,1,-1,0,70,1,0,0,3,1,67,0,3,9,0,2,3,1,201600013530B01,7,15,1,200054807
201600013558,2016-06-23,2016,juin,jeudi,20:35,13,13005,43.28808,5.52204,1,1,3,1,1,3,2,02,1,1,0,700,1,0,1,4,1,44,5,1,2,0,2,8,1,201600013558A01,30,0,1,200054807
201600013561,2016-07-02,2016,juillet,samedi,10:30,13,13005,43.28081,5.56741,1,1,2,1,1,4,2,02,1,1,0,60,1,0,1,4,1,26,0,1,2,0,2,8,1,201600013561B01,32,17,1,200054807
201600013565,2016-07-09,2016,juillet,samedi,19:15,13,13005,43.31223,5.56335,1,2,3,1,1,3,2,01,3,-1,0,25,1,0,1,3,1,31,1,3,9,0,2,1,1,201600013565B01,7,1,1,200054807
201600013569,2016-07-28,2016,juillet,jeudi,08:45,13,13005,43.28234,5.60243,2,9,3,1,1,2,2,00,1,1,0,80,1,0,1,4,1,62,0,1,2,0,2,1,1,201600013569B01,7,15,1,200054807
201600013571,2016-08-01,2016,août,lundi,15:20,13,13005,43.3007,5.57063,2,1,7,1,1,4,2,01,2,1,0,15,1,0,4,4,1,15,5,1,2,15,0,3,13,201600013571A01,,,,200054807
201600013575,2016-08-02,2016,août,mardi,08:00,13,13005,43.29817,5.59691,1,6,3,1,1,3,3,02,1,-1,0,0,1,5,1,4,1,46,1,1,2,0,2,9,15,201600013575B01,7,9,1,200054807
201600013584,2016-09-04,2016,septembre,dimanche,18:15,13,13005,43.30057,5.5711,2,1,3,1,1,3,2,02,1,1,0,65,1,0,1,4,1,7,0,3,9,0,2,0,0,201600013584B01,7,23,1,200054807
201600013656,2016-04-11,2016,avril,lundi,14:30,13,13028,43.1736,5.61016,2,6,3,1,1,4,2,02,1,1,0,40,1,0,0,4,1,69,5,3,2,0,2,8,19,201600013656B01,30,17,1,200054807
201600013672,2016-05-21,2016,mai,samedi,10:25,13,13028,43.18525,5.66169,1,3,3,1,1,3,2,02,4,1,0,0,1,0,1,4,1,49,5,3,2,0,2,1,1,201600013672B01,7,15,1,200054807
201600013689,2016-07-08,2016,juillet,vendredi,09:20,13,13028,43.19171,5.61772,2,6,3,1,1,4,2,02,1,1,0,0,1,0,1,4,2,66,5,1,2,0,2,1,1,201600013689B01,7,1,1,200054807
201600013691,2016-07-08,2016,juillet,vendredi,19:30,13,13028,43.18303,5.61266,2,1,6,1,1,4,2,02,1,1,0,30,1,0,1,4,1,24,5,1,2,0,0,0,0,201600013691B01,7,24,1,200054807
201600013700,2016-07-26,2016,juillet,mardi,11:40,13,13028,43.18336,5.57782,1,1,1,1,1,3,2,02,2,4,0,43,1,0,1,4,1,54,5,1,2,0,2,8,13,201600013700A01,33,1,1,200054807
201600013707,2016-08-14,2016,août,dimanche,10:15,13,13028,43.18741,5.61527,2,1,2,1,1,4,2,02,1,1,0,0,1,0,1,4,1,40,5,1,2,0,2,4,2,201600013707B01,7,2,1,200054807
201600013707,2016-08-14,2016,août,dimanche,10:15,13,13028,43.18741,5.61527,2,1,2,1,1,4,2,02,1,1,0,0,1,0,1,4,2,6,5,1,2,0,2,4,2,201600013707B01,7,2,1,200054807
201600013731,2016-10-05,2016,octobre,mercredi,17:40,13,13028,43.18901,5.63381,2,3,3,1,1,4,2,03,1,1,0,110,1,0,1,4,1,73,5,2,2,0,2,8,1,201600013731B01,7,15,1,200054807
201600013763,2016-05-25,2016,mai,mercredi,12:15,13,13063,43.58765,5.00273,2,6,3,1,1,2,3,02,1,1,15,40,1,5,1,2,1,57,1,3,9,0,2,6,15,201600013763A01,17,2,1,200054807
201600013777,2016-03-02,2016,mars,mercredi,08:50,13,13054,0,0,2,1,3,1,1,4,-1,01,1,1,0,0,1,0,1,4,1,60,0,3,9,0,2,1,1,201600013777B01,7,16,1,200054807
201600013794,2016-07-27,2016,juillet,mercredi,11:05,13,13054,43.4183,5.2141,2,2,3,1,1,3,2,02,1,1,0,60,1,5,1,4,1,45,3,2,9,0,0,0,0,201600013794B01,7,2,1,200054807
201600013815,2016-12-14,2016,décembre,mercredi,09:30,13,13102,43.4195,5.23766,2,6,2,1,1,3,3,01,1,1,0,0,1,5,0,4,1,61,5,1,2,0,2,4,2,201600013815B01,7,2,1,200054807
201600013848,2016-01-06,2016,janvier,mercredi,17:20,13,13055,43.32208,5.38935,2,1,3,2,1,3,2,02,1,1,0,60,1,0,1,4,1,16,0,3,2,0,2,1,1,201600013848B01,7,9,1,200054807
201600013849,2016-01-06,2016,janvier,mercredi,18:20,13,13055,43.27476,5.39492,2,1,6,5,1,3,2,02,1,1,0,60,1,0,0,4,1,35,0,1,4,0,2,0,0,201600013849B01,32,15,1,200054807
201600013957,2016-01-21,2016,janvier,jeudi,07:50,13,13055,43.24593,5.37411,2,1,3,2,1,4,2,02,1,-1,5,30,-1,0,1,4,1,60,5,3,9,0,2,7,1,201600013957B01,33,1,1,200054807
201600013982,2016-01-26,2016,janvier,mardi,08:30,13,13055,43.29382,5.47419,2,3,3,1,1,4,2,02,2,2,0,60,1,0,1,4,1,36,1,3,2,0,2,1,17,201600013982B01,7,9,1,200054807
201600013985,2016-01-26,2016,janvier,mardi,15:00,13,13055,43.35984,5.36554,2,1,1,1,1,4,2,02,2,3,0,30,1,0,1,3,1,66,5,1,2,0,2,1,1,201600013985B01,2,1,1,200054807
201600014062,2016-02-02,2016,février,mardi,09:00,13,13055,43.28322,5.38121,2,1,3,1,1,4,1,02,1,1,0,0,1,0,1,3,2,43,1,3,9,0,2,4,2,201600014062B01,7,2,1,200054807
201600014382,2016-03-29,2016,mars,mardi,22:15,13,13055,43.29549,5.375,1,1,6,5,1,4,2,03,2,1,0,105,1,0,0,3,1,41,0,1,9,0,1,0,0,201600014382A01,,,,200054807
201600014504,2016-04-19,2016,avril,mardi,10:35,13,13203,43.31539,5.36995,2,1,3,1,1,4,1,02,1,1,0,50,1,0,1,4,2,51,5,3,2,0,2,1,1,201600014504B01,7,16,1,200054807
201600014516,2016-04-20,2016,avril,mercredi,08:05,13,13213,43.33726,5.43543,2,1,2,1,1,4,2,02,1,1,0,0,1,0,1,4,1,26,0,1,2,0,2,5,0,201600014516B01,37,2,1,200054807
201600014552,2016-04-13,2016,avril,mercredi,15:00,13,13204,43.30419,5.40074,2,2,3,1,1,4,-1,06,-1,-1,25,180,-1,0,1,1,1,24,0,1,2,0,2,0,0,201600014552B01,1,0,1,200054807
201600014552,2016-04-13,2016,avril,mercredi,15:00,13,13204,43.30419,5.40074,2,2,3,1,1,4,-1,06,-1,-1,25,180,-1,0,1,4,1,18,0,1,2,0,2,0,0,201600014552B01,1,0,1,200054807
201600014552,2016-04-13,2016,avril,mercredi,15:00,13,13204,43.30419,5.40074,2,2,3,1,1,4,-1,06,-1,-1,25,180,-1,0,1,1,1,26,0,1,2,0,2,0,0,201600014552A01,1,0,1,200054807
201600014557,2016-03-10,2016,mars,jeudi,18:10,13,13055,43.26557,5.38053,2,1,1,1,1,4,2,04,1,1,0,0,-1,0,0,4,2,47,0,1,2,0,2,0,0,201600014557A01,99,0,1,200054807