Num_Acc,date,an,mois,jour,hrmn,dep,com,lat,long,agg,int,col,lum,atm,catr,circ,nbv,prof,plan,lartpc,larrout,surf,infra,situ,grav,sexe,age,trajet,secuexist,equipement,obs,obsm,choc,manv,vehiculeid,typevehicules,manoeuvehicules,numVehicules,_infos_commune.code_epci
201600021141,2016-09-24,2016,septembre,samedi,16:30,25,25462,46.91913,6.34391,2,3,2,1,1,4,2,02,1,1,0,0,1,0,1,3,1,68,0,2,9,0,0,0,0,201600021141B01,7,0,1,242500338
201600021143,2016-09-30,2016,septembre,vendredi,08:30,25,25462,46.90742,6.34387,2,1,3,1,1,4,-1,01,1,1,0,0,1,0,4,3,1,24,0,2,2,0,2,2,1,201600021143A01,7,0,1,242500338
201600021144,2016-10-07,2016,octobre,vendredi,06:55,25,25204,46.92794,6.34891,2,1,2,5,1,3,2,00,1,1,0,60,1,0,1,3,1,35,5,3,9,0,2,4,2,201600021144B01,7,2,1,242500338
201600021147,2016-10-17,2016,octobre,lundi,12:06,25,25462,46.90205,6.35925,2,3,2,1,2,4,-1,01,-1,-1,0,0,2,0,0,4,1,16,2,1,2,0,2,1,2,201600021147A01,7,1,1,242500338
201600021151,2016-11-24,2016,novembre,jeudi,13:15,25,25204,46.92478,6.33877,1,1,3,1,1,4,2,00,1,1,0,0,1,0,1,3,1,11,0,3,9,0,2,1,19,201600021151B01,7,0,1,242500338
201600021159,2016-04-02,2016,avril,samedi,14:45,84,84025,0,0,2,1,3,1,1,3,2,02,-1,1,0,50,1,0,1,3,1,13,5,1,2,0,2,8,15,201600021159B02,7,17,1,200040442
201600021166,2016-12-11,2016,décembre,dimanche,09:45,84,84071,0,0,1,3,3,2,5,3,2,02,1,2,0,61,1,5,1,3,1,50,5,1,2,0,2,7,1,201600021166B02,7,15,1,200040442
201600021168,2016-03-26,2016,mars,samedi,08:45,59,59478,0,0,2,6,2,1,1,3,-1,02,-1,-1,0,0,1,0,1,3,1,50,5,1,2,0,0,4,1,201600021168B02,10,9,1,200040954
201600021183,2016-06-04,2016,juin,samedi,19:30,62,62571,50.43586,1.60994,1,1,1,1,1,3,2,02,1,1,0,66,1,0,1,4,1,17,5,3,9,0,2,0,16,201600021183A01,7,1,1,200069029
201600021189,2016-01-13,2016,janvier,mercredi,17:30,59,59278,0,0,1,1,1,3,5,9,-1,01,-1,1,0,0,2,0,5,3,2,53,0,1,4,0,2,1,1,201600021189B02,30,1,1,200093201
201600021205,2016-07-19,2016,juillet,mardi,13:45,01,01044,0,0,1,1,2,1,1,3,2,02,1,1,0,0,1,0,1,4,1,56,5,3,1,0,0,0,0,201600021205B02,7,2,1,240100891
201600021228,2016-04-27,2016,avril,mercredi,14:45,26,26198,44.54664,4.73189,2,1,6,1,1,2,2,02,1,1,0,0,1,0,1,3,1,88,3,2,2,0,0,6,15,201600021228A01,7,1,1,200040459
201600021230,2016-05-15,2016,mai,dimanche,19:30,26,26198,44.55919,4.74786,2,1,1,1,1,3,2,00,1,1,0,0,1,0,1,4,1,22,5,3,9,0,2,0,0,201600021230B01,7,0,1,200040459
201600021253,2016-01-12,2016,janvier,mardi,11:50,26,26281,45.0445,5.0412,2,6,3,1,1,4,2,02,1,1,0,0,1,0,1,3,1,70,0,3,2,0,2,1,0,201600021253B01,7,0,1,200068781
201600021263,2016-03-19,2016,mars,samedi,18:25,26,26057,45.03934,5.06433,2,3,3,1,1,3,2,02,1,1,0,70,1,0,1,3,1,72,5,3,2,0,2,1,9,201600021263A01,7,0,1,200068781
201600021274,2016-04-21,2016,avril,jeudi,15:50,26,26281,45.05034,5.05912,2,1,3,1,1,4,2,00,1,1,0,60,1,0,1,4,1,16,5,1,2,0,2,1,9,201600021274A01,7,1,1,200068781
201600021291,2016-06-28,2016,juin,mardi,19:05,26,26281,45.04566,5.04664,2,1,6,1,1,4,1,02,1,2,0,0,1,0,1,3,1,16,9,3,2,0,2,1,2,201600021291A01,7,23,1,200068781
201600021306,2016-09-15,2016,septembre,jeudi,11:30,26,26281,45.05426,5.0839,2,1,6,1,1,4,-1,00,1,1,0,0,-1,0,5,3,1,67,0,1,9,0,0,0,0,201600021306B01,7,0,1,200068781
201600021311,2016-10-08,2016,octobre,samedi,15:10,26,26281,45.05091,5.08708,2,1,2,1,1,4,-1,02,1,1,0,0,1,0,1,4,1,34,0,1,9,0,0,0,0,201600021311B01,7,17,1,200068781
201600021327,2016-11-30,2016,novembre,mercredi,12:40,26,26057,45.04074,5.04851,2,2,3,1,1,4,1,01,1,1,0,0,1,0,1,4,1,24,0,1,2,0,2,1,1,201600021327A01,37,1,1,200068781
201600021330,2016-12-15,2016,décembre,jeudi,13:00,26,26281,45.04519,5.0618,2,6,3,1,1,4,1,02,1,1,0,0,1,0,1,4,2,63,0,1,2,0,2,1,2,201600021330B01,7,9,1,200068781
201600021342,2016-01-14,2016,janvier,jeudi,07:27,26,26362,44.93383,4.90404,2,6,3,5,2,4,1,02,1,3,0,65,2,0,1,1,1,28,9,3,9,0,2,7,2,201600021342B01,2,9,1,200068781
201600021397,2016-12-12,2016,décembre,lundi,17:50,26,26170,44.91441,4.93402,1,2,3,3,1,4,2,02,1,1,0,0,1,0,0,4,2,23,1,3,9,0,0,0,0,201600021397A01,14,0,1,200068781
201600021409,2016-05-02,2016,mai,lundi,18:00,06,06034,0,0,1,1,2,1,1,3,2,03,1,1,0,100,1,0,1,3,1,43,5,1,2,0,0,4,1,201600021409B02,7,1,1,200030195
201600021440,2016-09-30,2016,septembre,vendredi,17:30,69,69283,0,0,2,1,3,1,1,3,-1,02,1,1,0,70,1,0,1,4,1,13,5,1,2,0,0,7,19,201600021440B02,7,1,1,200046977
201600021457,2016-02-17,2016,février,mercredi,21:10,27,27229,49.02009,1.15949,2,2,1,5,1,4,2,02,2,1,0,0,1,0,1,4,1,30,3,2,4,0,2,1,1,201600021457B01,7,11,1,200071454
201600021478,2016-09-22,2016,septembre,jeudi,16:20,27,27229,49.02884,1.1726,2,1,2,1,1,4,2,02,1,1,0,0,1,0,1,4,1,11,5,2,2,0,2,7,5,201600021478B01,7,0,1,200071454
201600021489,2016-06-28,2016,juin,mardi,19:00,35,35353,48.10706,-1.72672,1,1,1,1,1,2,3,04,1,1,15,76,1,0,5,2,1,84,5,2,2,0,2,1,1,201600021489B02,7,14,1,243500139
201600021494,2016-01-28,2016,janvier,jeudi,08:45,27,27701,49.26347,1.21155,2,6,3,1,1,4,2,02,1,1,40,97,2,0,1,4,1,17,2,2,2,0,2,7,16,201600021494B01,7,1,1,200089456
201600021518,2016-07-09,2016,juillet,samedi,20:15,14,14663,49.2808,-0.68572,2,1,3,1,1,3,2,02,2,3,0,0,1,0,1,4,1,52,5,1,2,0,2,8,1,201600021518B01,7,17,1,241400555
201600021579,2016-09-12,2016,septembre,lundi,13:45,87,87127,45.5788,1.21649,1,1,2,1,1,3,2,02,2,1,0,65,1,0,1,3,1,27,5,3,1,0,2,4,2,201600021579B02,15,2,1,248700189
201600021586,2016-10-06,2016,octobre,jeudi,17:15,59,59266,50.538,2.973,1,1,5,1,1,3,2,00,-1,1,50,0,1,0,1,2,1,65,3,3,1,0,2,0,1,201600021586B02,33 / 7,0 / 17,2,200041960
201600021602,2016-06-04,2016,juin,samedi,19:25,28,28229,48.4528,1.45931,2,1,3,1,1,4,-1,01,1,-1,0,0,-1,0,0,3,2,6,0,3,9,0,2,7,0,201600021602A01,31,0,1,200033181
201600021603,2016-06-14,2016,juin,mardi,13:30,28,28085,48.44396,1.48071,2,1,6,1,1,4,1,01,1,1,0,0,1,0,5,1,1,25,1,1,2,0,1,1,1,201600021603A01,,,,200033181
201600021624,2016-07-25,2016,juillet,lundi,12:15,42,42198,46.01166,4.31433,1,2,3,1,1,3,2,02,-1,1,0,0,9,0,1,4,1,25,5,1,2,0,2,8,1,201600021624A01,7,19,1,200035731
201600021630,2016-12-05,2016,décembre,lundi,09:45,42,42176,46.04495,3.98338,2,1,1,1,1,3,2,02,1,3,0,72,1,0,5,3,1,52,5,1,2,0,2,1,1,201600021630B02,7,13,1,200035731
201600021659,2016-12-11,2016,décembre,dimanche,10:45,74,74217,0,0,2,1,1,1,1,3,2,00,-1,1,0,0,1,0,1,4,1,36,0,1,2,0,2,1,1,201600021659B02,7,12,1,
201600021753,2016-07-13,2016,juillet,mercredi,22:30,54,54314,0,0,1,1,3,3,2,3,2,00,2,2,0,66,2,0,1,3,1,57,5,2,4,0,2,8,1,201600021753A01,7,1,1,245400262
201600021760,2016-05-21,2016,mai,samedi,13:00,67,67380,0,0,2,1,3,1,1,3,2,02,1,1,0,0,1,0,1,3,1,11,5,2,2,0,0,8,1,201600021760B02,7,1,1,200068112
201600021764,2016-07-17,2016,juillet,dimanche,10:30,83,83036,0,0,1,1,3,1,1,3,2,00,2,2,0,37,1,0,1,3,1,74,5,1,2,0,2,8,1,201600021764B02,7,17,1,200036077
201600021769,2016-09-15,2016,septembre,jeudi,10:45,83,83048,43.192,6.588,1,1,3,1,1,3,2,02,1,1,0,61,1,0,1,2,1,69,5,1,2,0,2,8,1,201600021769B02,7,17,1,200036077
201600021770,2016-04-10,2016,avril,dimanche,10:15,67,67163,0,0,1,1,5,1,7,3,2,02,2,1,0,0,1,0,1,3,1,67,0,1,2,0,2,1,1,201600021770C03,7,15,1,200034635
201600021770,2016-04-10,2016,avril,dimanche,10:15,67,67163,0,0,1,1,5,1,7,3,2,02,2,1,0,0,1,0,1,3,1,68,0,1,2,0,2,1,1,201600021770B02,7,15,1,200034635
201600021812,2016-05-23,2016,mai,lundi,11:00,64,64410,43.37758,-0.60342,1,6,1,1,1,3,-1,00,1,-1,0,0,1,5,1,3,1,58,5,1,2,0,2,1,1,201600021812B02,7,16,1,200039204
201600021844,2016-01-28,2016,janvier,jeudi,18:40,29,29019,48.40584,-4.50755,2,1,2,5,1,4,1,00,1,2,0,0,1,5,1,4,1,50,0,1,2,0,2,0,0,201600021844B01,7,0,1,242900314
201600021849,2016-02-10,2016,février,mercredi,10:00,29,29019,48.39602,-4.48329,2,3,1,1,1,4,1,01,1,1,0,0,2,0,5,4,1,20,0,1,2,0,0,0,0,201600021849B01,7,0,1,242900314
201600021856,2016-03-17,2016,mars,jeudi,07:25,29,29019,48.38278,-4.49185,2,6,3,1,1,4,2,00,1,-1,0,0,-1,0,1,4,1,28,1,1,2,0,2,0,0,201600021856B01,7,0,1,242900314
201600021858,2016-03-08,2016,mars,mardi,07:40,29,29019,48.42107,-4.46347,2,3,1,1,1,4,2,02,-1,-1,0,0,-1,0,0,4,1,30,1,1,2,0,2,0,1,201600021858B01,7,16,1,242900314
201600021859,2016-03-14,2016,mars,lundi,08:00,29,29019,48.4184,-4.5118,2,6,3,2,1,4,1,00,1,2,0,0,1,0,1,3,2,56,0,1,2,0,0,0,0,201600021859B01,7,0,1,242900314
201600021866,2016-03-30,2016,mars,mercredi,12:20,29,29019,48.38008,-4.48701,2,1,3,1,1,4,2,02,1,1,0,0,1,0,1,4,1,59,5,1,2,0,2,0,0,201600021866B01,7,0,1,242900314
201600021867,2016-04-07,2016,avril,jeudi,19:00,29,29019,48.40761,-4.49195,2,1,1,1,1,4,2,02,1,1,0,0,1,0,1,3,1,5,2,3,9,0,0,0,0,201600021867B01,7,0,1,242900314
201600021885,2016-06-19,2016,juin,dimanche,15:00,29,29019,48.39137,-4.50623,2,3,3,1,1,4,-1,00,2,1,0,0,1,0,1,4,1,17,0,2,2,0,2,0,0,201600021885A01,7,0,1,242900314
201600021891,2016-07-06,2016,juillet,mercredi,07:55,29,29019,48.40189,-4.50265,2,6,3,1,1,4,-1,02,1,1,0,0,1,0,1,1,1,45,0,1,2,0,2,0,0,201600021891B01,7,0,1,242900314
201600021892,2016-07-06,2016,juillet,mercredi,13:10,29,29019,48.39266,-4.48224,2,2,3,1,1,4,2,00,1,1,0,0,1,0,1,4,1,47,1,1,2,0,2,8,1,201600021892A01,7,0,1,242900314
201600021906,2016-07-20,2016,juillet,mercredi,19:15,29,29019,48.37476,-4.55815,2,1,3,1,1,3,-1,00,1,1,0,0,1,0,1,4,1,26,1,2,2,0,2,1,0,201600021906B01,7,0,1,242900314
201600021921,2016-07-31,2016,juillet,dimanche,11:15,29,29019,48.40348,-4.47106,2,2,3,1,1,4,-1,02,2,1,0,0,1,0,1,4,1,13,5,1,2,0,0,0,0,201600021921B01,7,1,1,242900314
201600021923,2016-08-08,2016,août,lundi,20:10,29,29019,48.40039,-4.48896,2,1,7,1,1,4,-1,00,2,-1,0,0,-1,0,1,3,1,32,0,2,2,0,0,0,0,201600021923A01,,,,242900314
201600021925,2016-09-16,2016,septembre,vendredi,18:15,29,29019,48.40068,-4.48472,2,1,2,1,1,4,2,00,1,1,0,0,1,0,1,4,1,19,0,1,2,0,2,4,1,201600021925A01,7,0,1,242900314
201600021943,2016-10-20,2016,octobre,jeudi,07:15,29,29019,48.39424,-4.47994,2,1,6,1,1,4,2,00,2,1,0,0,1,0,4,4,1,37,5,1,2,0,1,8,1,201600021943A01,,,,242900314
201600021944,2016-09-29,2016,septembre,jeudi,18:40,29,29019,48.39353,-4.47273,2,2,3,1,1,4,2,01,2,1,0,0,1,0,1,4,1,28,5,2,2,0,2,0,0,201600021944B01,7,19,1,242900314
201600021957,2016-11-30,2016,novembre,mercredi,15:25,29,29019,48.38109,-4.53036,2,1,3,1,1,4,-1,01,1,1,0,0,1,0,0,4,1,21,0,2,2,0,2,1,1,201600021957A01,7,1,1,242900314
201600021958,2016-01-19,2016,janvier,mardi,19:55,29,29019,48.38968,-4.51281,2,2,3,5,1,4,1,02,-1,1,0,0,1,0,1,3,1,22,0,3,2,0,2,1,9,201600021958A01,7,1,1,242900314
201600021959,2016-12-06,2016,décembre,mardi,07:05,29,29019,48.38689,-4.47085,2,6,6,5,1,3,2,02,1,3,0,0,-1,5,1,4,1,50,1,1,2,0,2,0,0,201600021959B01,7,9,1,242900314
201600021965,2016-11-25,2016,novembre,vendredi,15:10,29,29019,48.38963,-4.49033,2,6,3,1,1,4,2,02,2,1,0,0,1,0,1,4,1,53,9,3,9,0,2,0,0,201600021965B01,7,0,1,242900314
201600021967,2016-12-18,2016,décembre,dimanche,06:45,29,29019,48.40046,-4.49967,2,6,3,5,1,4,2,03,1,1,0,0,1,0,1,3,1,39,1,1,2,0,2,0,0,201600021967A01,7,0,1,242900314
201600021993,2016-05-13,2016,mai,vendredi,07:25,29,29039,47.87469,-3.90644,2,1,3,1,1,4,2,02,1,1,0,60,1,0,1,3,1,37,4,2,2,0,2,1,1,201600021993B01,10,9,1,242900769
201600021995,2016-05-23,2016,mai,lundi,10:00,29,29039,47.88932,-3.92628,2,1,7,1,1,4,2,02,1,1,0,50,1,0,1,3,1,15,2,3,9,0,0,0,0,201600021995A01,,,,242900769
201600022001,2016-07-18,2016,juillet,lundi,16:55,29,29039,47.88844,-3.91877,2,6,3,1,1,4,4,02,1,1,0,69,1,0,1,4,2,63,5,1,2,0,0,3,16,201600022001A01,3,16,1,242900769
201600022011,2016-09-19,2016,septembre,lundi,18:15,29,29039,47.88574,-3.91349,1,6,3,1,1,3,1,01,1,2,220,100,1,0,1,3,1,32,0,3,2,0,2,2,0,201600022011A01,7,1,1,242900769
201600022030,2016-12-26,2016,décembre,lundi,12:00,29,29039,47.8946,-3.9142,2,6,3,1,1,3,2,01,1,3,0,0,1,5,1,4,1,47,3,1,2,0,0,5,1,201600022030B01,10,0,1,242900769
201600022053,2016-06-16,2016,juin,jeudi,22:00,76,76404,49.56783,0.25438,2,3,1,2,1,4,2,02,2,1,0,50,1,0,1,4,1,11,5,2,9,0,0,1,1,201600022053B02,7,1,1,200084952
201600022054,2016-08-05,2016,août,vendredi,19:45,76,76404,49.56522,0.25598,2,1,3,1,1,4,2,00,2,-1,0,0,1,0,1,3,1,42,5,2,2,0,0,1,1,201600022054A01,7,1,1,200084952
201600022093,2016-01-29,2016,janvier,vendredi,17:15,29,29232,47.97946,-4.07483,2,6,3,1,1,4,2,00,4,1,0,0,1,0,1,4,1,23,1,1,4,0,2,0,0,201600022093B01,7,9,1,200068120
201600022106,2016-04-05,2016,avril,mardi,17:40,29,29232,48.03085,-4.08236,1,1,6,1,1,3,2,03,-1,-1,0,0,1,5,1,4,1,58,1,1,2,0,2,8,2,201600022106B01,7,2,1,200068120
201600022120,2016-05-01,2016,mai,dimanche,10:20,29,29232,47.98293,-4.1108,2,1,2,1,1,3,3,04,1,1,0,0,1,3,1,2,1,50,5,1,2,0,2,4,1,201600022120B01,7,9,1,200068120
201600022187,2016-09-09,2016,septembre,vendredi,09:00,29,29232,47.996,-4.09375,2,1,3,1,1,4,2,02,1,1,0,60,1,0,1,4,2,25,1,1,2,0,2,0,1,201600022187B01,7,15,1,200068120
201600022189,2016-09-11,2016,septembre,dimanche,09:40,29,29232,48.01681,-4.09563,2,6,2,1,1,3,4,01,1,2,0,0,1,5,1,4,1,57,5,1,2,0,2,0,0,201600022189B01,7,15,1,200068120
201600022204,2016-10-18,2016,octobre,mardi,14:00,29,29232,48.00329,-4.11552,2,1,3,1,1,3,2,02,1,1,0,0,1,0,0,4,1,42,0,3,9,0,2,1,1,201600022204B01,7,1,1,200068120
201600022245,2016-11-14,2016,novembre,lundi,10:00,60,60395,49.21965,2.13894,2,1,3,1,1,4,2,00,1,2,16,74,1,5,1,4,2,50,4,1,2,0,2,7,15,201600022245B02,7,9,1,246000582
201600022246,2016-11-30,2016,novembre,mercredi,15:00,60,60395,49.23414,2.1298,2,1,1,1,7,3,2,02,2,1,0,0,1,0,1,3,1,12,5,2,2,0,2,8,19,201600022246B02,7,1,1,246000582
201600022258,2016-12-23,2016,décembre,vendredi,09:00,30,30007,44.14586,4.10107,2,6,3,1,1,3,3,02,1,1,0,80,1,5,1,4,1,34,1,3,9,0,0,0,0,201600022258B01,7,1,1,200066918
201600022271,2016-12-31,2016,décembre,samedi,16:30,30,30243,44.08123,4.07082,2,2,3,1,1,3,2,02,1,1,0,70,-1,0,1,4,1,15,0,1,4,0,9,0,1,201600022271B01,7,15,1,200066918
201600022320,2016-09-26,2016,septembre,lundi,12:00,30,30007,44.12508,4.09029,2,2,6,1,1,4,2,02,1,1,0,60,1,0,0,1,1,13,2,3,9,0,1,1,1,201600022320A01,,,,200066918
201600022320,2016-09-26,2016,septembre,lundi,12:00,30,30007,44.12508,4.09029,2,2,6,1,1,4,2,02,1,1,0,60,1,0,0,1,1,13,2,3,9,0,1,1,1,201600022320A01,,,,200066918
201600022339,2016-03-05,2016,mars,samedi,17:00,30,30028,44.15819,4.63236,2,6,3,1,1,2,-1,00,1,1,0,0,1,0,0,4,1,34,0,1,2,0,2,1,2,201600022339B01,7,2,1,200034692
201600022350,2016-09-02,2016,septembre,vendredi,11:30,30,30028,0,0,2,1,1,1,1,4,2,00,-1,-1,0,0,-1,0,1,4,1,26,1,2,9,0,2,1,0,201600022350B01,7,0,1,200034692
201600022372,2016-02-09,2016,février,mardi,07:35,30,30189,43.84973,4.34925,2,1,7,1,1,4,2,02,1,1,0,68,-1,0,1,3,2,59,1,2,2,0,0,0,1,201600022372A01,,,,243000643
201600022383,2016-03-05,2016,mars,samedi,14:20,30,30189,0,0,2,1,4,1,1,3,2,02,-1,-1,0,74,1,0,0,3,1,62,5,1,2,0,0,4,1,201600022383B01,10,14,1,243000643
201600022383,2016-03-05,2016,mars,samedi,14:20,30,30189,0,0,2,1,4,1,1,3,2,02,-1,-1,0,74,1,0,0,3,2,62,5,1,2,0,2,4,1,201600022383C01,10,14,1,243000643
201600022390,2016-03-24,2016,mars,jeudi,13:40,30,30189,0,0,1,1,6,1,1,3,2,02,1,1,0,65,1,0,1,4,1,63,0,3,9,0,0,0,0,201600022390B01,33 / 7 / 10,17 / 1,3,243000643
201600022392,2016-03-29,2016,mars,mardi,17:48,30,30189,43.817,4.34758,2,1,3,1,1,4,3,04,1,1,0,76,1,0,1,4,2,44,0,1,2,0,2,1,19,201600022392B01,7,1,1,243000643
201600022442,2016-06-19,2016,juin,dimanche,07:40,30,30189,43.83279,4.35183,2,1,3,1,1,4,1,01,1,1,0,67,1,0,1,1,1,21,0,3,2,0,2,1,1,201600022442A01,7,1,1,243000643
201600022442,2016-06-19,2016,juin,dimanche,07:40,30,30189,43.83279,4.35183,2,1,3,1,1,4,1,01,1,1,0,67,1,0,1,4,1,24,0,3,2,0,2,1,1,201600022442A01,7,1,1,243000643
201600022448,2016-06-29,2016,juin,mercredi,10:55,30,30189,43.87178,4.36294,2,1,1,1,1,4,2,02,2,3,0,40,1,0,0,3,1,15,5,2,2,0,2,1,13,201600022448A01,7,1,1,243000643
201600022450,2016-06-15,2016,juin,mercredi,07:15,30,30189,43.84162,4.39007,2,6,2,1,1,4,3,05,1,1,0,98,1,0,0,4,1,45,0,2,4,0,2,1,0,201600022450A01,7,1,1,243000643
201600022454,2016-07-04,2016,juillet,lundi,23:20,30,30189,43.8372,4.34572,2,2,1,5,1,4,3,04,1,1,20,141,1,0,0,4,1,20,0,2,2,0,2,4,0,201600022454A01,7,1,1,243000643
201600022494,2016-08-18,2016,août,jeudi,19:50,30,30189,43.83718,4.36591,2,1,1,2,1,4,1,01,1,1,0,0,1,0,1,3,1,33,9,2,2,0,2,1,1,201600022494H01,7,2,1,243000643
201600022511,2016-11-08,2016,novembre,mardi,09:50,30,30189,43.83023,4.35192,2,3,3,1,1,4,1,01,1,1,0,30,1,0,0,4,2,19,0,3,2,0,2,8,1,201600022511A01,7,1,1,243000643
201600022514,2016-11-28,2016,novembre,lundi,07:40,30,30189,43.82003,4.35806,2,6,3,2,1,3,2,02,1,1,0,45,1,0,1,3,1,17,9,2,2,0,2,7,19,201600022514B01,7,1,1,243000643
201600022527,2016-11-22,2016,novembre,mardi,12:01,30,30189,43.84032,4.35778,2,3,3,1,1,4,,,,,,,,,,4,1,33,0,1,2,0,2,1,1,201600022527B01,7,1,1,243000643
201600022555,2016-12-09,2016,décembre,vendredi,15:30,23,23245,46.17076,1.83684,1,1,7,1,1,3,2,02,2,1,0,0,2,0,1,3,1,71,5,1,2,0,5,0,1,201600022555A01,,,,200034825
201600022566,2016-03-19,2016,mars,samedi,10:30,26,26099,0,0,1,1,6,1,1,3,2,02,2,2,0,40,1,0,1,3,1,61,5,1,2,0,2,8,2,201600022566B02,13,17,1,200040681
201600022576,2016-07-06,2016,juillet,mercredi,17:15,26,26324,44.33239,4.72845,1,1,1,1,1,4,2,00,1,-1,0,0,1,0,1,3,2,52,1,1,9,0,0,0,0,201600022576B02,7,0,1,200042901
201600022613,2016-10-06,2016,octobre,jeudi,09:30,27,27507,48.90689,1.2696,2,1,1,1,1,3,2,00,1,1,0,62,1,0,1,3,1,12,5,2,2,0,2,8,19,201600022613A01,7,1,1,200071454
201600022649,2016-06-15,2016,juin,mercredi,12:00,31,31483,43.11515,0.70618,2,1,7,1,1,3,-1,00,1,1,0,0,1,0,0,3,1,63,0,1,2,0,0,0,0,201600022649A01,,,,200072643
201600022652,2016-06-24,2016,juin,vendredi,12:10,31,31483,0,0,2,4,3,1,1,4,2,01,2,2,0,40,1,0,1,4,1,48,5,1,2,0,2,4,16,201600022652B01,7,15,1,200072643
201600022681,2016-01-11,2016,janvier,lundi,14:50,31,31149,43.60949,1.32989,2,3,3,1,1,4,,,,,,,1,,1,4,2,52,0,1,2,0,0,0,0,201600022681A01,7,0,1,243100518
201600022683,2016-01-12,2016,janvier,mardi,07:30,31,31555,43.59475,1.45296,2,1,1,5,2,4,1,02,1,2,0,0,2,0,1,4,1,30,1,1,2,0,2,7,0,201600022683B01,7,0,1,243100518
201600022687,2016-01-13,2016,janvier,mercredi,12:35,31,31555,0,0,2,1,3,1,1,4,2,02,2,1,0,0,1,0,1,4,2,45,5,3,9,0,2,0,0,201600022687B01,1,0,1,243100518
201600022690,2016-01-13,2016,janvier,mercredi,13:00,31,31557,43.58973,1.31709,2,2,1,1,1,4,,,,,,,,,1,4,1,36,4,1,2,0,2,1,0,201600022690B01,7,0,1,243100518
201600022693,2016-01-15,2016,janvier,vendredi,19:40,31,31555,0,0,2,1,2,2,1,4,1,00,1,2,0,0,-1,0,1,4,2,30,0,3,9,0,2,1,0,201600022693B01,7,0,1,243100518
201600022701,2016-01-15,2016,janvier,vendredi,17:15,31,31557,43.5785,1.35172,2,1,3,1,1,4,-1,00,-1,3,0,0,-1,0,5,4,1,56,0,3,9,0,2,0,0,201600022701B01,7,16,1,243100518
201600022703,2016-01-19,2016,janvier,mardi,09:45,31,31555,0,0,2,1,6,1,2,4,1,01,1,1,0,0,2,0,1,1,1,40,0,3,9,0,1,0,0,201600022703B01,,,,243100518
201600022703,2016-01-19,2016,janvier,mardi,09:45,31,31555,0,0,2,1,6,1,2,4,1,01,1,1,0,0,2,0,1,4,1,79,0,3,8,0,1,0,0,201600022703B01,,,,243100518
201600022714,2016-01-24,2016,janvier,dimanche,14:00,31,31555,0,0,2,1,3,1,1,4,1,01,1,1,0,42,1,0,1,4,2,56,5,2,2,0,2,8,19,201600022714B01,7,1,1,243100518
201600022734,2016-02-05,2016,février,vendredi,14:20,31,31555,0,0,2,1,3,1,1,4,1,02,1,1,0,0,1,0,1,4,2,61,0,3,9,0,0,0,0,201600022734A01,7,16,1,243100518
201600022747,2016-02-10,2016,février,mercredi,13:05,31,31069,43.63732,1.39051,2,6,2,1,3,3,-1,00,1,4,0,0,2,0,1,1,2,58,0,1,2,0,2,0,0,201600022747B01,7,0,1,243100518
201600022748,2016-02-13,2016,février,samedi,11:40,31,31557,43.5785,1.35156,2,1,3,1,1,4,1,00,1,-1,0,0,1,0,1,4,1,47,5,3,2,0,2,7,0,201600022748B01,7,0,1,243100518
201600022748,2016-02-13,2016,février,samedi,11:40,31,31557,43.5785,1.35156,2,1,3,1,1,4,1,00,1,-1,0,0,1,0,1,4,1,3,0,3,2,0,2,7,0,201600022748B01,7,0,1,243100518
201600022749,2016-02-15,2016,février,lundi,17:00,31,31557,43.57861,1.3241,2,1,3,1,1,4,2,00,1,-1,0,0,1,0,1,4,1,13,2,3,2,0,2,1,0,201600022749B01,7,0,1,243100518
201600022753,2016-02-19,2016,février,vendredi,17:20,31,31069,43.6248,1.39249,2,3,3,1,7,3,1,01,1,1,0,0,1,0,1,3,1,32,0,1,2,0,0,0,0,201600022753B01,7,15,1,243100518
201600022760,2016-02-27,2016,février,samedi,09:50,31,31555,0,0,2,2,3,1,3,4,1,01,1,1,0,0,2,0,1,4,1,39,0,2,2,0,2,1,1,201600022760A01,7,1,1,243100518
201600022763,2016-02-29,2016,février,lundi,18:50,31,31557,43.5783,1.35292,2,1,3,2,1,3,2,02,1,1,0,0,1,0,1,4,1,56,1,3,2,0,2,1,0,201600022763A01,7,0,1,243100518
201600022781,2016-03-08,2016,mars,mardi,20:00,31,31555,0,0,2,1,3,5,1,4,2,06,1,1,0,208,1,0,1,4,1,85,5,3,9,0,2,4,13,201600022781B01,2,1,1,243100518
201600022783,2016-03-10,2016,mars,jeudi,09:10,31,31069,43.62206,1.39589,2,6,3,1,1,4,1,00,-1,-1,0,0,1,0,0,4,2,42,1,1,2,0,2,2,0,201600022783B01,7,0,1,243100518
201600022786,2016-03-11,2016,mars,vendredi,18:30,31,31149,43.60933,1.35265,2,6,3,1,1,4,1,02,1,-1,0,0,1,0,1,4,1,29,1,1,2,0,2,1,1,201600022786B01,7,9,1,243100518
201600022792,2016-03-15,2016,mars,mardi,09:00,31,31555,0,0,2,3,3,1,1,4,1,01,1,1,0,0,1,0,1,4,1,37,0,1,2,0,2,7,1,201600022792B01,7,9,1,243100518
201600022798,2016-03-19,2016,mars,samedi,12:05,31,31149,43.60687,1.33605,2,6,3,1,1,4,1,02,1,1,0,0,1,0,1,4,2,61,5,3,9,0,2,1,1,201600022798B01,7,9,1,243100518