Num_Acc,date,an,mois,jour,hrmn,dep,com,lat,long,agg,int,col,lum,atm,catr,circ,nbv,prof,plan,lartpc,larrout,surf,infra,situ,grav,sexe,age,trajet,secuexist,equipement,obs,obsm,choc,manv,vehiculeid,typevehicules,manoeuvehicules,numVehicules,_infos_commune.code_epci
201600022799,2016-03-19,2016,mars,samedi,13:51,31,31555,0,0,2,1,6,1,1,4,2,00,1,1,0,0,1,0,1,1,1,21,5,3,9,0,1,1,9,201600022799A01,,,,243100518
201600022817,2016-03-26,2016,mars,samedi,14:23,31,31555,0,0,2,1,5,1,1,4,3,02,1,1,0,0,1,0,1,1,1,49,5,3,9,0,2,4,0,201600022817B01,33 / 7,18 / 15,2,243100518
201600022818,2016-03-27,2016,mars,dimanche,05:10,31,31555,0,0,2,3,3,5,3,4,2,02,1,1,0,0,2,0,1,4,1,32,0,3,2,0,2,1,0,201600022818A01,7,0,1,243100518
201600022827,2016-04-04,2016,avril,lundi,17:45,31,31555,0,0,2,1,3,1,2,4,2,02,1,1,0,0,1,0,1,4,2,26,0,1,9,0,2,1,1,201600022827B01,7,15,1,243100518
201600022846,2016-04-15,2016,avril,vendredi,10:04,31,31069,43.62172,1.39533,2,1,3,1,1,4,1,01,-1,-1,0,0,1,0,1,4,1,45,1,3,2,0,2,1,0,201600022846B01,7,0,1,243100518
201600022849,2016-04-15,2016,avril,vendredi,08:00,31,31149,43.61601,1.31243,2,2,3,1,1,4,,,,,,,1,,1,4,1,47,1,3,4,0,2,0,0,201600022849B01,7,0,1,243100518
201600022866,2016-04-26,2016,avril,mardi,16:50,31,31149,43.61028,1.3296,2,1,3,1,1,4,1,01,1,2,0,0,1,0,1,4,1,6,0,3,9,0,2,1,0,201600022866B01,7,0,1,243100518
201600022877,2016-04-29,2016,avril,vendredi,17:30,31,31557,0,0,2,3,3,1,1,4,2,02,1,1,0,0,1,0,5,3,1,47,0,3,2,0,0,0,0,201600022877B01,7,9,1,243100518
201600022880,2016-05-04,2016,mai,mercredi,18:10,31,31149,0,0,2,1,3,1,1,4,2,02,1,1,0,0,1,0,1,4,2,16,0,2,2,0,2,0,0,201600022880B01,7,0,1,243100518
201600022903,2016-05-18,2016,mai,mercredi,12:40,31,31555,0,0,2,1,2,1,1,4,2,00,1,1,0,0,1,0,1,3,2,68,5,3,2,0,0,0,0,201600022903A01,37,0,1,243100518
201600022912,2016-05-23,2016,mai,lundi,09:20,31,31555,43.60045,1.45172,2,1,1,1,1,4,2,02,1,1,0,0,1,0,1,3,2,26,0,2,9,0,2,0,15,201600022912B01,7,0,1,243100518
201600022916,2016-05-25,2016,mai,mercredi,18:45,31,31555,0,0,2,1,6,1,1,4,2,02,2,1,0,41,1,0,1,3,1,61,5,3,9,1,0,2,1,201600022916B01,7,22,1,243100518
201600022921,2016-05-27,2016,mai,vendredi,19:15,31,31555,0,0,2,1,3,1,1,4,2,00,1,1,0,0,1,0,1,4,2,51,9,3,4,0,0,0,0,201600022921B01,7,15,1,243100518
201600022926,2016-05-30,2016,mai,lundi,18:00,31,31555,0,0,2,1,2,1,1,4,2,03,1,1,0,0,1,0,1,4,1,24,0,3,9,0,2,1,2,201600022926A01,7,23,1,243100518
201600022932,2016-06-01,2016,juin,mercredi,08:13,31,31555,43.6032,1.40999,2,3,3,1,1,4,1,01,1,1,0,30,2,0,1,4,1,41,1,2,2,0,2,1,5,201600022932A01,7,23,1,243100518
201600022939,2016-06-04,2016,juin,samedi,19:30,31,31555,0,0,2,1,5,1,1,4,2,00,2,1,0,0,1,0,1,4,1,35,5,3,9,0,2,2,17,201600022939A01,7,23,2,243100518
201600022962,2016-06-21,2016,juin,mardi,20:55,31,31149,43.61659,1.33311,2,1,3,1,1,3,2,02,1,1,0,0,1,0,1,3,1,15,5,2,2,0,2,1,0,201600022962B01,7,1,1,243100518
201600022968,2016-06-22,2016,juin,mercredi,07:50,31,31557,43.57832,1.3525,2,1,3,1,1,3,3,01,1,1,0,0,1,0,1,4,1,30,0,1,2,0,2,9,1,201600022968B01,7,1,1,243100518
201600022970,2016-06-24,2016,juin,vendredi,16:25,31,31557,43.58667,1.34826,2,1,2,1,1,3,2,02,1,1,0,0,1,0,1,1,1,44,0,2,2,0,2,0,19,201600022970B01,7,19,1,243100518
201600022970,2016-06-24,2016,juin,vendredi,16:25,31,31557,43.58667,1.34826,2,1,2,1,1,3,2,02,1,1,0,0,1,0,1,4,2,6,0,2,2,0,2,0,19,201600022970B01,7,19,1,243100518
201600022970,2016-06-24,2016,juin,vendredi,16:25,31,31557,43.58667,1.34826,2,1,2,1,1,3,2,02,1,1,0,0,1,0,1,1,1,4,0,2,2,0,2,0,19,201600022970B01,7,19,1,243100518
201600022972,2016-06-24,2016,juin,vendredi,18:00,31,31555,0,0,2,3,1,1,1,4,3,02,1,1,0,0,1,0,1,4,1,28,0,1,2,0,2,1,0,201600022972B01,7,16,1,243100518
201600023005,2016-06-21,2016,juin,mardi,10:40,31,31555,0,0,2,1,1,1,1,4,2,00,1,1,0,0,-1,0,1,3,1,86,0,3,2,0,2,1,1,201600023005B01,7,15,1,243100518
201600023011,2016-07-19,2016,juillet,mardi,17:15,31,31555,0,0,2,3,3,1,1,4,2,00,1,1,0,0,1,0,1,4,1,34,0,3,9,0,2,1,1,201600023011B01,7,15,1,243100518
201600023014,2016-07-21,2016,juillet,jeudi,08:15,31,31555,0,0,2,1,3,1,1,4,1,00,1,1,0,0,1,0,1,4,1,38,9,1,4,0,2,1,1,201600023014B01,7,15,1,243100518
201600023015,2016-07-21,2016,juillet,jeudi,08:30,31,31555,0,0,2,1,3,1,1,4,2,02,1,1,0,0,1,0,1,4,2,35,0,3,9,0,2,0,1,201600023015B01,7,19,1,243100518
201600023019,2016-07-24,2016,juillet,dimanche,10:20,31,31555,0,0,2,1,1,1,1,4,2,04,1,1,0,0,1,0,1,4,1,34,0,3,9,0,2,9,1,201600023019B01,3,13,1,243100518
201600023030,2016-07-30,2016,juillet,samedi,10:30,31,31557,43.58548,1.34619,2,3,3,1,1,4,2,02,1,1,0,0,1,0,1,2,1,90,5,3,9,0,2,1,16,201600023030B01,7,1,1,243100518
201600023046,2016-08-13,2016,août,samedi,19:04,31,31557,43.5885,1.35871,2,6,5,1,1,3,1,00,1,1,0,0,1,0,1,4,2,9,5,3,2,0,0,8,9,201600023046B01,7,1,1,243100518
201600023046,2016-08-13,2016,août,samedi,19:04,31,31557,43.5885,1.35871,2,6,5,1,1,3,1,00,1,1,0,0,1,0,1,4,1,37,5,3,2,0,0,0,9,201600023046C01,7,1,1,243100518
201600023055,2016-08-22,2016,août,lundi,14:10,31,31555,0,0,2,1,2,1,1,4,2,00,1,1,0,0,1,0,1,3,1,79,5,3,9,0,2,4,0,201600023055B01,10,1,1,243100518
201600023061,2016-08-24,2016,août,mercredi,08:15,31,31555,0,0,2,3,3,1,1,4,2,00,1,1,0,0,1,0,1,4,1,53,5,3,9,0,2,1,5,201600023061B01,10,15,1,243100518
201600023063,2016-08-25,2016,août,jeudi,13:00,31,31555,0,0,2,1,6,1,1,4,1,01,1,1,0,0,1,0,1,1,1,39,9,3,9,0,1,1,1,201600023063A01,,,,243100518
201600023066,2016-08-27,2016,août,samedi,11:25,31,31555,0,0,2,1,3,1,1,4,2,03,1,1,0,0,1,0,1,4,1,21,5,2,2,0,0,0,0,201600023066B01,7,0,1,243100518
201600023070,2016-08-30,2016,août,mardi,09:05,31,31555,0,0,2,1,3,1,1,4,3,02,1,1,0,0,1,0,1,4,1,40,1,1,2,0,2,9,1,201600023070B01,7,4,1,243100518
201600023074,2016-08-30,2016,août,mardi,12:50,31,31555,0,0,2,1,6,1,1,4,2,02,1,1,0,0,1,0,1,4,1,46,0,1,2,0,1,2,0,201600023074A01,,,,243100518
201600023081,2016-09-02,2016,septembre,vendredi,12:40,31,31149,0,0,2,1,3,1,1,4,1,00,1,1,0,0,1,0,1,4,1,34,0,3,9,0,2,1,9,201600023081A01,7,1,1,243100518
201600023111,2016-09-17,2016,septembre,samedi,04:20,31,31555,0,0,2,1,2,5,1,4,2,03,2,1,0,0,1,2,1,4,1,21,5,3,4,0,0,4,1,201600023111A01,7,2,1,243100518
201600023115,2016-09-21,2016,septembre,mercredi,12:40,31,31555,0,0,2,1,3,1,1,4,1,01,1,1,0,0,1,0,1,3,1,32,0,3,9,0,2,9,0,201600023115B01,7,0,1,243100518
201600023119,2016-09-25,2016,septembre,dimanche,18:40,31,31555,0,0,2,1,7,1,1,4,2,02,1,1,0,0,1,0,1,3,1,65,0,3,9,0,0,0,0,201600023119A01,,,,243100518
201600023120,2016-09-25,2016,septembre,dimanche,19:50,31,31555,0,0,2,2,2,5,1,4,2,02,1,1,0,0,2,0,1,4,1,36,0,3,9,0,2,0,1,201600023120B01,2,19,1,243100518
201600023125,2016-09-27,2016,septembre,mardi,07:15,31,31555,43.55811,1.40209,1,2,3,2,1,4,2,00,1,1,0,0,1,0,1,4,1,15,2,3,9,0,2,1,1,201600023125A01,7,9,1,243100518
201600023129,2016-09-24,2016,septembre,samedi,08:20,31,31555,0,0,2,1,1,1,1,4,3,02,1,1,0,0,1,0,1,4,1,42,0,3,9,0,2,9,19,201600023129B01,7,1,1,243100518
201600023132,2016-09-29,2016,septembre,jeudi,08:45,31,31555,43.61076,1.42609,2,1,3,1,1,4,1,00,1,1,0,0,1,0,1,4,1,56,9,3,2,0,2,8,11,201600023132A01,7,1,1,243100518
201600023138,2016-10-01,2016,octobre,samedi,13:45,31,31069,43.64051,1.38235,2,1,3,1,1,4,2,00,1,1,0,0,1,0,4,4,1,52,5,3,9,0,2,1,1,201600023138B01,7,9,1,243100518
201600023139,2016-10-03,2016,octobre,lundi,13:10,31,31555,43.61987,1.39677,2,1,1,1,1,4,2,00,1,1,0,0,1,0,1,4,1,79,5,3,2,0,2,1,21,201600023139A01,7,1,1,243100518
201600023171,2016-10-12,2016,octobre,mercredi,18:20,31,31555,43.61604,1.45314,2,4,3,1,1,4,2,02,1,1,0,0,1,0,1,4,1,39,0,1,2,0,2,8,16,201600023171B01,7,15,1,243100518
201600023175,2016-10-15,2016,octobre,samedi,17:50,31,31555,43.57899,1.44342,1,3,3,1,1,4,2,00,1,1,0,0,1,0,1,4,1,76,9,1,2,0,2,7,19,201600023175B01,7,15,1,243100518
201600023180,2016-10-18,2016,octobre,mardi,18:20,31,31069,43.6271,1.38523,2,1,3,1,1,3,1,00,1,2,0,0,1,0,1,4,1,58,9,1,9,0,0,4,1,201600023180A01,7,9,1,243100518
201600023183,2016-10-20,2016,octobre,jeudi,07:30,31,31555,43.56904,1.37569,1,6,3,5,1,4,3,00,1,1,0,0,1,0,1,4,1,28,0,3,9,0,2,1,1,201600023183B01,7,9,1,243100518
201600023198,2016-10-28,2016,octobre,vendredi,15:35,31,31555,43.66225,1.45334,2,1,3,1,1,4,2,00,1,1,0,0,1,0,1,4,1,37,5,3,9,0,2,1,1,201600023198B01,7,15,1,243100518
201600023204,2016-11-02,2016,novembre,mercredi,17:15,31,31555,43.5911,1.42107,2,1,3,1,1,3,2,01,1,1,0,0,1,0,1,4,1,42,5,3,9,0,2,1,0,201600023204B01,7,0,1,243100518
201600023208,2016-11-03,2016,novembre,jeudi,18:00,31,31555,43.59363,1.44872,2,1,3,2,1,4,1,00,1,1,0,0,1,0,1,4,1,49,9,1,4,0,2,1,1,201600023208B01,7,15,1,243100518
201600023212,2016-11-04,2016,novembre,vendredi,19:23,31,31555,43.59772,1.41056,1,1,1,3,1,4,2,00,1,1,0,0,1,0,5,1,1,38,5,3,4,0,2,1,1,201600023212B01,2,1,1,243100518
201600023221,2016-11-09,2016,novembre,mercredi,06:25,31,31555,43.63671,1.43912,2,1,2,5,3,4,2,02,1,3,0,0,1,0,1,4,1,32,1,3,9,0,2,1,1,201600023221A01,7,0,1,243100518
201600023231,2016-11-15,2016,novembre,mardi,07:30,31,31555,43.57351,1.4589,2,3,3,1,1,4,2,00,1,1,0,0,1,0,1,4,1,29,9,3,9,0,2,1,1,201600023231B01,7,15,1,243100518
201600023232,2016-11-15,2016,novembre,mardi,21:25,31,31555,43.60069,1.45606,2,3,1,5,1,4,1,03,2,1,0,0,1,0,1,4,1,42,0,1,2,0,2,0,0,201600023232B01,7,0,1,243100518
201600023249,2016-11-24,2016,novembre,jeudi,13:20,31,31555,43.58668,1.42614,2,1,1,1,1,4,2,00,1,1,0,0,1,0,1,3,1,47,9,3,9,0,2,2,1,201600023249A01,7,9,1,243100518
201600023260,2016-11-29,2016,novembre,mardi,18:25,31,31555,43.6049,1.44567,2,2,1,5,1,4,1,01,1,1,0,0,1,0,1,1,1,26,0,3,9,0,2,0,1,201600023260B01,1,1,1,243100518
201600023260,2016-11-29,2016,novembre,mardi,18:25,31,31555,43.6049,1.44567,2,2,1,5,1,4,1,01,1,1,0,0,1,0,1,3,2,31,0,3,9,0,2,0,1,201600023260A01,1,1,1,243100518
201600023262,2016-11-30,2016,novembre,mercredi,10:20,31,31557,43.57944,1.31947,2,1,1,1,1,4,2,02,1,3,0,0,1,0,1,4,1,12,0,3,9,0,2,1,13,201600023262A01,7,1,1,243100518
201600023264,2016-12-01,2016,décembre,jeudi,18:25,31,31555,43.57329,1.41909,2,1,3,5,1,4,2,02,1,1,0,0,1,0,1,4,2,47,5,2,9,0,2,8,1,201600023264B01,7,15,1,243100518
201600023279,2016-12-06,2016,décembre,mardi,14:00,31,31555,43.59245,1.44281,2,1,1,1,1,4,2,02,1,1,0,0,1,0,1,3,1,14,0,2,2,0,2,0,0,201600023279B01,7,1,1,243100518
201600023287,2016-12-11,2016,décembre,dimanche,10:10,31,31555,43.62027,1.42422,2,1,3,1,1,4,2,02,1,1,0,0,1,0,1,4,2,29,9,1,2,0,2,8,19,201600023287A01,7,1,1,243100518
201600023292,2016-12-14,2016,décembre,mercredi,19:35,31,31555,43.61682,1.43403,2,2,3,5,1,4,1,00,1,1,0,0,1,0,1,4,1,21,9,3,9,0,2,1,1,201600023292B01,7,9,1,243100518
201600023379,2016-10-07,2016,octobre,vendredi,19:00,81,81036,43.4938,2.43503,1,1,3,2,1,3,2,03,1,1,0,110,1,0,1,4,1,42,5,1,2,0,2,8,1,201600023379B02,7,17,1,248100745
201600023412,2016-11-24,2016,novembre,jeudi,10:20,32,32013,43.6478,0.59254,2,1,3,1,1,3,2,02,1,1,0,0,1,0,1,3,1,64,5,2,2,0,2,7,19,201600023412A01,7,0,1,200066926
201600023448,2016-11-29,2016,novembre,mardi,16:05,31,31029,43.52587,1.68122,1,3,4,1,1,3,2,02,1,-1,5,410,1,,,4,1,60,5,1,2,0,2,1,1,201600023448C01,7,16,1,200071298
201600023448,2016-11-29,2016,novembre,mardi,16:05,31,31029,43.52587,1.68122,1,3,4,1,1,3,2,02,1,-1,5,410,1,,,3,1,60,5,1,2,0,2,1,0,201600023448B01,7,16,1,200071298
201600023455,2016-10-29,2016,octobre,samedi,12:15,31,31113,43.51495,1.49275,2,1,3,1,1,4,1,01,1,1,0,0,1,0,1,3,1,50,5,1,2,0,2,1,1,201600023455B02,7,10,1,243100633
201600023498,2016-05-06,2016,mai,vendredi,19:00,33,33529,44.63888,-1.14617,2,1,6,1,1,3,2,02,1,1,0,62,2,0,1,3,2,63,5,1,9,0,0,0,0,201600023498B01,7,1,1,243300563
201600023512,2016-08-01,2016,août,lundi,10:00,33,33529,44.64719,-1.15824,2,6,6,1,1,3,2,04,1,3,0,120,1,5,1,4,1,18,5,3,9,0,2,1,1,201600023512B01,7,1,1,243300563
201600023519,2016-08-18,2016,août,jeudi,12:30,33,33529,44.60598,-1.2023,1,1,1,1,1,3,2,02,1,1,0,90,1,0,1,4,1,12,5,1,2,0,0,0,0,201600023519A01,10,1,1,243300563
201600023521,2016-08-09,2016,août,mardi,12:15,33,33009,44.6627,-1.17507,2,1,6,1,1,3,2,02,1,1,0,48,1,0,5,3,2,63,5,3,2,0,2,2,17,201600023521B01,1,13,1,243300563
201600023521,2016-08-09,2016,août,mardi,12:15,33,33009,44.6627,-1.17507,2,1,6,1,1,3,2,02,1,1,0,48,1,0,5,4,2,51,5,2,2,0,2,3,13,201600023521A01,1,17,1,243300563
201600023526,2016-09-10,2016,septembre,samedi,17:25,33,33529,44.63439,-1.20246,2,2,3,1,1,3,2,02,1,1,0,88,1,0,1,4,1,27,0,1,2,0,2,1,0,201600023526A01,7,0,1,243300563
201600023529,2016-09-16,2016,septembre,vendredi,20:40,33,33529,44.6392,-1.1468,2,2,1,5,1,3,2,02,1,3,0,80,1,0,1,3,1,50,0,1,4,0,2,1,1,201600023529A01,7,10,1,243300563
201600023545,2016-10-30,2016,octobre,dimanche,13:40,33,33009,44.66152,-1.18696,2,1,3,1,1,3,1,01,-1,-1,0,0,-1,0,1,4,1,57,0,2,2,0,2,1,0,201600023545A01,7,16,1,243300563
201600023547,2016-11-30,2016,novembre,mercredi,17:10,33,33529,44.61839,-1.12549,1,6,6,1,1,2,2,02,1,1,0,0,-1,5,1,4,1,11,5,1,2,0,2,2,1,201600023547C01,7,0,1,243300563
201600023547,2016-11-30,2016,novembre,mercredi,17:10,33,33529,44.61839,-1.12549,1,6,6,1,1,2,2,02,1,1,0,0,-1,5,1,4,1,10,5,1,2,0,2,7,19,201600023547B01,7,0,1,243300563
201600023556,2016-07-17,2016,juillet,dimanche,18:15,74,74191,46.199,6.686,2,2,3,1,1,3,2,02,2,4,0,0,1,0,1,3,1,45,1,1,2,0,0,2,1,201600023556A01,7,15,1,247400682
201600023570,2016-12-30,2016,décembre,vendredi,15:45,33,33075,44.87602,-0.59079,2,1,2,1,1,4,2,02,1,1,0,0,1,0,1,4,1,19,0,3,2,0,2,1,1,201600023570B01,7,24,1,243300316
201600023572,2016-01-05,2016,janvier,mardi,20:25,33,33281,44.8452,-0.64705,2,2,3,5,2,4,2,02,1,1,0,0,2,0,1,4,1,47,9,2,9,0,0,4,19,201600023572B01,7,21,1,243300316
201600023577,2016-01-11,2016,janvier,lundi,20:35,33,33063,44.8208,-0.54147,2,9,3,5,1,4,3,06,1,2,0,0,2,0,1,4,1,32,9,3,2,0,0,0,19,201600023577B01,7,1,1,243300316
201600023595,2016-01-20,2016,janvier,mercredi,12:40,33,33550,44.7784,-0.56997,2,6,5,1,1,4,1,02,1,3,0,0,1,0,0,2,1,81,9,3,9,0,0,8,19,201600023595C01,7 / 10,23 / 2,2,243300316
201600023596,2016-01-21,2016,janvier,jeudi,22:15,33,33063,44.8391,-0.58615,2,3,3,5,8,4,2,03,1,1,0,135,1,0,1,4,2,47,5,1,4,0,0,4,1,201600023596B01,7,16,1,243300316
201600023605,2016-01-21,2016,janvier,jeudi,08:00,33,33522,44.8017,-0.58523,2,6,3,2,5,4,2,02,1,1,0,0,1,0,0,4,2,25,4,1,9,0,0,0,1,201600023605B01,7,1,1,243300316
201600023613,2016-01-12,2016,janvier,mardi,20:05,33,33318,44.8008,-0.67538,2,3,3,5,1,4,3,02,1,3,0,0,2,0,0,4,2,26,0,3,9,0,2,1,1,201600023613B01,7,15,1,243300316
201600023616,2016-01-27,2016,janvier,mercredi,18:45,33,33063,44.8268,-0.60124,2,6,1,4,1,4,1,06,1,2,0,0,1,0,1,4,1,52,9,3,2,0,0,4,1,201600023616B01,7,1,1,243300316
201600023629,2016-01-25,2016,janvier,lundi,07:35,33,33281,44.8266,-0.66389,2,3,3,5,1,4,2,05,1,1,0,80,1,0,1,4,1,51,0,1,2,0,0,1,1,201600023629B01,7,16,1,243300316
201600023638,2016-01-28,2016,janvier,jeudi,11:40,33,33318,44.7929,-0.67132,2,1,3,1,1,4,2,05,1,1,0,275,1,0,1,3,1,59,5,3,2,0,2,1,1,201600023638A01,10,15,1,243300316
201600023644,2016-01-26,2016,janvier,mardi,08:35,33,33281,44.86222,-0.6451,1,3,3,1,2,4,2,02,1,1,0,0,2,0,1,4,1,40,1,3,2,0,2,1,1,201600023644B01,7,15,1,243300316
201600023654,2016-02-11,2016,février,jeudi,08:00,33,33522,44.8184,-0.60216,2,1,3,1,3,4,3,06,1,1,0,0,2,0,1,4,1,36,0,3,9,0,2,5,19,201600023654B01,7,1,1,243300316
201600023661,2016-02-12,2016,février,vendredi,09:55,33,33063,44.82835,-0.56164,2,3,3,1,2,4,2,02,1,1,0,0,2,0,0,4,2,26,0,3,2,0,2,3,13,201600023661B01,7,17,1,243300316
201600023668,2016-02-07,2016,février,dimanche,17:45,33,33192,44.7713,-0.59809,2,1,3,1,2,4,2,02,1,1,0,0,2,0,1,4,1,15,0,3,2,0,2,3,1,201600023668B01,7,1,1,243300316
201600023670,2016-02-16,2016,février,mardi,17:20,33,33063,44.843,-0.57317,2,2,1,1,1,4,2,01,1,1,0,0,1,0,1,4,2,9,5,1,2,0,2,2,19,201600023670B01,10,1,1,243300316
201600023698,2016-02-29,2016,février,lundi,13:20,33,33063,44.8212,-0.56582,2,2,3,1,1,4,1,01,1,1,0,70,1,0,1,4,1,40,9,3,9,0,2,1,5,201600023698A01,10,1,1,243300316
201600023709,2016-03-03,2016,mars,jeudi,09:20,33,33039,44.81767,-0.5473,2,3,3,1,2,4,-1,02,1,1,0,110,2,0,0,2,1,54,0,3,9,0,0,0,1,201600023709B01,14,16,1,243300316
201600023713,2016-03-04,2016,mars,vendredi,06:15,33,33063,44.8333,-0.60175,2,3,3,5,2,4,2,02,1,1,0,0,2,0,0,4,1,41,9,3,9,0,0,4,1,201600023713B01,7,16,1,243300316
201600023718,2016-03-08,2016,mars,mardi,07:45,33,33063,44.8563,-0.54898,2,1,3,1,1,4,2,04,1,1,0,0,1,0,1,4,1,36,9,3,9,0,0,8,1,201600023718B01,14,16,1,243300316
201600023728,2016-03-08,2016,mars,mardi,15:20,33,33318,44.7579,-0.73554,2,1,1,1,1,4,2,05,1,1,0,30,1,0,1,4,1,44,9,3,2,0,0,1,1,201600023728B01,7,19,1,243300316
201600023738,2016-03-15,2016,mars,mardi,20:10,33,33063,44.8347,-0.5638,2,3,6,5,1,4,1,02,1,1,0,0,1,0,0,4,2,32,0,3,9,0,0,8,19,201600023738B01,7,1,1,243300316
201600023746,2016-03-18,2016,mars,vendredi,15:28,33,33063,44.8432,-0.58647,2,3,6,1,1,4,2,02,1,1,0,0,-1,0,1,1,1,17,5,2,2,0,1,1,1,201600023746A01,,,,243300316
201600023750,2016-03-24,2016,mars,jeudi,09:18,33,33065,44.80935,-0.52436,2,3,3,1,1,4,1,01,1,1,0,0,1,0,1,4,1,81,5,3,2,0,0,8,15,201600023750A01,7,1,1,243300316
201600023752,2016-03-25,2016,mars,vendredi,09:50,33,33063,44.8388,-0.58877,2,4,3,1,2,4,2,02,1,1,0,0,2,0,1,4,1,21,0,3,9,0,2,1,1,201600023752B01,7,16,1,243300316
201600023753,2016-03-25,2016,mars,vendredi,21:40,33,33063,44.8366,-0.59888,2,3,7,5,2,4,1,02,1,1,0,0,2,0,0,4,1,19,0,3,9,0,0,0,1,201600023753A01,,,,243300316
201600023758,2016-03-29,2016,mars,mardi,13:30,33,33063,44.8362,-0.57358,2,1,6,1,1,4,1,01,1,1,0,0,1,6,1,1,1,6,0,3,2,0,1,0,1,201600023758A01,,,,243300316
201600023758,2016-03-29,2016,mars,mardi,13:30,33,33063,44.8362,-0.57358,2,1,6,1,1,4,1,01,1,1,0,0,1,6,1,4,1,4,0,3,8,0,1,0,1,201600023758A01,,,,243300316
201600023761,2016-03-23,2016,mars,mercredi,08:50,33,33162,44.886,-0.63671,2,1,6,1,1,4,2,05,2,1,0,0,1,0,1,4,1,12,5,3,2,0,0,1,19,201600023761B01,7,1,1,243300316
201600023762,2016-03-31,2016,mars,jeudi,09:30,33,33063,44.82813,-0.56039,2,1,6,1,2,4,2,03,2,1,0,12,2,0,1,4,1,40,0,3,2,0,0,0,0,201600023762B01,7,23,1,243300316
201600023763,2016-03-30,2016,mars,mercredi,17:50,33,33063,44.837,-0.6068,2,2,3,1,1,4,1,02,1,1,0,70,1,0,1,4,1,35,9,3,2,0,2,1,7,201600023763A01,7,1,1,243300316
201600023770,2016-04-03,2016,avril,dimanche,20:40,33,33063,44.8543,-0.57226,2,2,3,2,2,4,1,03,1,1,0,0,2,0,0,4,2,26,9,3,9,0,2,8,1,201600023770B01,10,15,1,243300316
201600023782,2016-03-29,2016,mars,mardi,15:45,33,33522,44.8195,-0.59811,2,3,2,1,1,4,2,02,1,1,0,60,1,0,1,4,1,20,0,3,9,0,2,1,18,201600023782A01,33,16,1,243300316
201600023789,2016-04-08,2016,avril,vendredi,09:45,33,33063,44.8349,-0.58678,2,1,6,1,1,4,3,08,1,1,0,0,1,0,1,3,1,54,9,3,9,0,0,0,1,201600023789B01,7,22,1,243300316
201600023790,2016-04-08,2016,avril,vendredi,17:05,33,33063,44.8453,-0.61535,2,2,3,1,1,4,1,01,1,1,0,0,1,0,0,4,1,25,4,3,9,0,2,1,1,201600023790B01,7,15,1,243300316
201600023792,2016-04-09,2016,avril,samedi,21:45,33,33063,44.8318,-0.57343,2,1,6,5,1,4,1,04,1,1,0,0,1,4,1,3,1,25,9,3,9,9,0,1,19,201600023792A01,,,,243300316
201600023798,2016-04-12,2016,avril,mardi,17:45,33,33063,44.8499,-0.54427,2,3,3,1,2,4,1,01,1,1,0,0,2,0,1,4,1,61,5,3,9,0,2,1,1,201600023798B01,7,16,1,243300316
201600023803,2016-04-08,2016,avril,vendredi,08:00,33,33192,44.7736,-0.61309,2,2,6,1,1,4,1,01,1,2,0,66,1,0,1,3,1,13,2,3,2,0,0,2,1,201600023803B01,7,1,1,243300316
201600023806,2016-04-12,2016,avril,mardi,13:55,33,33318,44.8052,-0.65359,2,3,3,1,1,4,3,04,1,1,0,70,1,0,0,3,2,16,9,3,9,0,0,8,1,201600023806A01,10,1,1,243300316
201600023817,2016-04-21,2016,avril,jeudi,18:05,33,33318,44.8078,-0.63037,2,2,3,1,1,4,2,02,1,1,0,0,1,0,0,4,1,24,9,3,9,0,0,8,1,201600023817A01,7,1,1,243300316
201600023822,2016-04-26,2016,avril,mardi,07:50,33,33063,44.8502,-0.58626,2,3,3,1,1,4,1,02,1,1,0,0,1,0,1,4,2,24,1,3,2,0,2,8,1,201600023822B01,10,14,1,243300316
201600023825,2016-04-27,2016,avril,mercredi,20:45,33,33063,44.8355,-0.56479,2,3,6,1,7,4,1,01,1,1,0,0,1,0,0,4,1,29,9,3,2,0,2,1,1,201600023825A01,7,0,1,243300316
201600023830,2016-04-29,2016,avril,vendredi,17:00,33,33063,44.8285,-0.56205,2,4,3,1,1,4,2,00,2,1,0,0,1,0,1,4,1,77,9,3,2,0,2,1,1,201600023830B01,7,15,1,243300316
201600023841,2016-05-03,2016,mai,mardi,22:30,33,33063,44.8231,-0.58217,2,2,3,5,1,4,1,02,1,1,0,0,1,0,1,1,1,22,5,1,2,0,0,8,5,201600023841A01,30,1,1,243300316
201600023845,2016-05-04,2016,mai,mercredi,19:05,33,33063,44.8371,-0.57891,2,3,2,1,1,4,1,01,1,1,0,0,1,0,1,4,1,54,9,3,2,0,2,4,1,201600023845B01,7,1,1,243300316
201600023850,2016-05-06,2016,mai,vendredi,16:58,33,33063,44.83563,-0.56479,2,3,3,1,1,4,3,11,1,1,0,0,1,4,1,4,1,8,5,1,2,0,4,0,19,201600023850B01,40,1,1,243300316
201600023853,2016-04-25,2016,avril,lundi,10:30,33,33039,44.8113,-0.54985,2,2,3,1,1,4,1,02,-1,-1,0,0,-1,0,0,4,1,22,0,3,9,0,0,8,1,201600023853B01,7,16,1,243300316
201600023860,2016-05-09,2016,mai,lundi,08:20,33,33281,44.8346,-0.6499,2,1,2,1,2,4,1,01,1,1,0,30,1,0,1,4,1,16,0,3,2,0,2,7,1,201600023860B01,7,4,1,243300316