Num_Acc,date,an,mois,jour,hrmn,dep,com,lat,long,agg,int,col,lum,atm,catr,circ,nbv,prof,plan,lartpc,larrout,surf,infra,situ,grav,sexe,age,trajet,secuexist,equipement,obs,obsm,choc,manv,vehiculeid,typevehicules,manoeuvehicules,numVehicules,_infos_commune.code_epci
201600023872,2016-05-13,2016,mai,vendredi,08:40,33,33063,44.83058,-0.60305,2,2,3,1,1,4,3,00,3,1,0,0,1,0,1,4,2,36,5,3,2,0,2,8,1,201600023872B01,13,16,1,243300316
201600023872,2016-05-13,2016,mai,vendredi,08:40,33,33063,44.83058,-0.60305,2,2,3,1,1,4,3,00,3,1,0,0,1,0,1,3,1,6,0,3,2,0,2,8,1,201600023872B01,13,16,1,243300316
201600023891,2016-05-20,2016,mai,vendredi,21:15,33,33063,44.8187,-0.54552,2,1,1,1,1,4,3,04,1,1,0,0,1,0,1,4,2,71,9,3,9,0,0,0,19,201600023891A01,7,1,1,243300316
201600023894,2016-05-23,2016,mai,lundi,13:30,33,33063,44.8285,-0.56205,2,2,1,1,1,4,2,03,1,1,0,0,1,0,1,4,1,53,0,3,2,0,0,0,1,201600023894B01,14,1,1,243300316
201600023898,2016-05-24,2016,mai,mardi,08:50,33,33063,44.8351,-0.5861,2,2,3,1,1,4,1,01,1,1,0,0,1,0,1,4,1,27,9,3,9,0,2,1,1,201600023898B01,10,16,1,243300316
201600023912,2016-05-24,2016,mai,mardi,07:45,33,33063,44.8526,-0.62014,2,4,2,1,1,4,3,02,1,1,0,0,1,0,0,4,1,14,9,3,9,0,2,1,2,201600023912A01,7,1,1,243300316
201600023913,2016-05-28,2016,mai,samedi,15:35,33,33063,44.8384,-0.59919,2,2,3,1,1,4,1,01,1,1,0,0,1,0,1,4,1,29,9,3,2,0,2,1,1,201600023913A01,7,1,1,243300316
201600023917,2016-06-01,2016,juin,mercredi,14:35,33,33063,44.8556,-0.56364,2,1,3,1,2,4,3,09,1,1,0,0,2,0,1,3,2,28,9,3,2,0,0,2,19,201600023917B01,10,1,1,243300316
201600023918,2016-06-01,2016,juin,mercredi,08:50,33,33063,44.8319,-0.57527,2,2,2,1,2,4,1,01,1,1,0,0,2,0,0,4,2,30,1,3,2,0,0,4,23,201600023918B01,7,2,1,243300316
201600023950,2016-06-08,2016,juin,mercredi,08:15,33,33522,44.8155,-0.57904,2,2,3,1,1,4,1,01,1,1,0,0,1,0,1,4,2,14,9,3,9,0,0,1,1,201600023950B01,33,1,1,243300316
201600023953,2016-06-14,2016,juin,mardi,09:00,33,33063,44.8475,-0.54782,2,2,3,1,1,4,3,08,1,1,0,0,1,0,1,4,1,13,9,3,2,0,0,1,19,201600023953B01,10,16,1,243300316
201600023954,2016-06-07,2016,juin,mardi,08:12,33,33281,44.8189,-0.65869,2,6,3,1,1,4,2,02,1,1,0,110,1,0,0,4,1,26,9,3,2,0,0,8,19,201600023954B01,7,1,1,243300316
201600023972,2016-06-21,2016,juin,mardi,17:15,33,33063,44.8285,-0.59399,2,1,3,1,1,4,3,04,1,1,0,0,1,0,1,4,2,46,9,3,2,0,2,1,13,201600023972A01,7,1,1,243300316
201600023979,2016-06-23,2016,juin,jeudi,13:00,33,33063,44.8381,-0.5633,2,1,3,1,1,4,3,06,1,1,0,0,1,0,1,4,2,20,9,3,2,15,2,0,13,201600023979A01,10,1,1,243300316
201600023991,2016-06-28,2016,juin,mardi,19:35,33,33063,44.8356,-0.56854,2,3,3,1,1,4,2,04,2,1,0,120,1,0,1,4,2,35,9,3,2,0,2,3,7,201600023991B01,7,16,1,243300316
201600023994,2016-06-30,2016,juin,jeudi,19:40,33,33063,44.8253,-0.56284,2,2,3,1,1,4,2,02,1,1,0,0,1,0,0,4,1,30,9,3,9,0,0,0,19,201600023994B01,7,16,1,243300316
201600024000,2016-07-04,2016,juillet,lundi,08:55,33,33063,44.9043,-0.55436,1,1,7,1,1,3,2,02,1,1,0,0,1,0,1,4,1,36,9,3,2,0,0,8,2,201600024000B01,7,17,1,243300316
201600024004,2016-07-04,2016,juillet,lundi,21:20,33,33063,44.8512,-0.5742,2,3,2,1,1,4,2,05,1,1,0,0,1,4,1,4,1,21,1,1,9,0,2,1,1,201600024004A01,7,23,1,243300316
201600024007,2016-07-03,2016,juillet,dimanche,18:00,33,33192,44.7643,-0.62092,2,1,3,1,1,4,2,02,1,1,0,60,1,0,1,4,1,20,9,3,9,0,2,1,18,201600024007B01,7,15,1,243300316
201600024030,2016-07-15,2016,juillet,vendredi,14:40,33,33063,44.8411,-0.56946,2,3,3,1,1,4,-1,01,-1,-1,0,0,-1,0,0,4,2,20,9,3,2,0,4,6,19,201600024030A01,40,1,1,243300316
201600024040,2016-07-19,2016,juillet,mardi,08:45,33,33063,44.8285,-0.56205,1,2,1,1,1,4,2,04,1,1,0,0,1,0,1,4,2,25,9,3,2,0,2,1,7,201600024040B01,7,15,1,243300316
201600024042,2016-07-18,2016,juillet,lundi,09:30,33,33249,44.8814,-0.53167,2,6,3,1,1,4,2,02,1,3,0,58,1,0,1,4,2,18,9,1,2,0,0,4,1,201600024042B01,7,9,1,243300316
201600024043,2016-07-20,2016,juillet,mercredi,16:30,33,33063,44.8269,-0.56923,2,2,2,1,1,4,2,04,1,1,0,0,1,0,0,4,1,31,9,3,2,0,2,1,13,201600024043A01,7,23,1,243300316
201600024044,2016-07-19,2016,juillet,mardi,09:55,33,33318,44.8025,-0.64463,2,3,6,1,1,4,2,05,1,1,0,100,1,0,1,1,1,81,9,3,8,0,1,1,1,201600024044A01,,,,243300316
201600024047,2016-07-25,2016,juillet,lundi,09:00,33,33063,44.8432,-0.5718,2,3,3,1,1,4,2,04,1,1,0,0,1,0,1,4,1,39,9,1,4,0,2,1,1,201600024047B01,7,16,1,243300316
201600024062,2016-08-01,2016,août,lundi,19:00,33,33063,44.8775,-0.57625,2,2,5,1,1,4,2,02,1,1,0,0,1,0,0,3,1,52,9,3,2,0,0,8,19,201600024062C01,7 / 10,23 / 1,2,243300316
201600024071,2016-08-04,2016,août,jeudi,15:40,33,33063,44.8427,-0.59468,2,2,3,1,2,4,1,01,1,1,0,0,2,0,1,4,1,45,9,3,9,0,2,1,1,201600024071B01,7,1,1,243300316
201600024077,2016-08-06,2016,août,samedi,05:35,33,33063,44.8401,-0.56873,2,3,3,5,1,4,3,07,1,1,0,0,1,4,1,4,2,26,5,3,4,0,0,1,19,201600024077A01,7,1,1,243300316
201600024083,2016-08-10,2016,août,mercredi,01:00,33,33063,44.866,-0.56115,2,2,3,5,1,4,3,06,1,1,71,281,1,0,1,3,2,49,5,2,2,0,0,0,15,201600024083B01,7,1,1,243300316
201600024090,2016-08-13,2016,août,samedi,08:30,33,33039,44.79356,-0.53521,2,6,3,1,1,4,1,04,1,2,0,365,1,0,0,4,1,66,0,3,2,0,0,4,1,201600024090B01,7,1,1,243300316
201600024095,2016-08-16,2016,août,mardi,13:20,33,33063,44.8253,-0.61373,2,2,3,1,1,4,2,02,1,1,0,0,1,0,1,4,2,36,1,3,8,0,2,1,1,201600024095A01,7,1,1,243300316
201600024097,2016-08-22,2016,août,lundi,00:01,33,33550,44.7757,-0.5518,2,4,5,5,1,4,2,02,1,2,0,0,1,0,1,4,1,51,0,3,2,0,0,8,1,201600024097B01,7,17 / 1,2,243300316
201600024100,2016-08-18,2016,août,jeudi,00:35,33,33281,44.83934,-0.63522,2,2,1,5,1,4,2,03,2,1,0,0,1,0,1,1,1,15,0,3,4,0,0,0,0,201600024100Z01,31,1,1,243300316
201600024114,2016-08-29,2016,août,lundi,20:00,33,33063,44.8595,-0.63136,2,3,3,1,1,4,2,,1,1,0,0,1,0,0,4,1,25,5,3,2,0,2,1,1,201600024114B01,7,15,1,243300316
201600024119,2016-09-01,2016,septembre,jeudi,17:10,33,33063,44.855,-0.57668,2,1,6,1,1,4,2,02,1,1,0,0,1,0,0,4,2,40,5,2,2,1,0,2,1,201600024119B01,7,22,1,243300316
201600024120,2016-09-01,2016,septembre,jeudi,09:10,33,33063,44.84775,-0.61336,2,1,1,1,1,4,-1,01,1,1,0,0,1,0,1,4,2,48,0,3,2,0,2,3,5,201600024120A01,7,1,1,243300316
201600024135,2016-09-07,2016,septembre,mercredi,08:30,33,33063,44.8138,-0.5667,2,1,3,1,1,4,3,06,1,1,0,0,1,0,1,4,1,89,9,3,2,0,2,1,1,201600024135B01,7,1,1,243300316
201600024137,2016-09-07,2016,septembre,mercredi,23:45,33,33063,44.8603,-0.55393,2,1,3,5,1,4,2,00,1,1,0,0,1,4,1,4,1,30,9,3,8,0,4,7,19,201600024137A01,40,1,1,243300316
201600024158,2016-09-14,2016,septembre,mercredi,15:40,33,33063,44.86696,-0.56257,2,1,1,1,1,4,3,04,1,1,0,0,2,0,1,4,1,24,0,3,9,0,2,0,5,201600024158A01,7,1,1,243300316
201600024168,2016-09-21,2016,septembre,mercredi,08:30,33,33063,44.83773,-0.59289,2,9,3,1,1,4,1,,-1,1,0,0,-1,0,1,2,2,23,1,3,2,0,2,8,1,201600024168B01,14,16,1,243300316
201600024174,2016-09-21,2016,septembre,mercredi,21:55,33,33063,44.8452,-0.57789,2,6,1,5,1,4,1,02,2,2,0,0,1,0,1,4,1,19,9,3,4,0,2,1,1,201600024174A01,7,1,1,243300316
201600024178,2016-09-23,2016,septembre,vendredi,18:43,33,33063,44.8511,-0.56927,2,1,3,1,1,4,3,09,1,1,0,0,1,4,1,4,1,29,9,3,2,0,4,1,13,201600024178A01,40,1,1,243300316
201600024184,2016-09-23,2016,septembre,vendredi,15:40,33,33063,44.85054,-0.60612,2,4,3,1,1,4,2,02,1,1,0,0,1,0,0,3,1,84,0,3,9,0,2,8,1,201600024184B01,1,14,1,243300316
201600024189,2016-09-22,2016,septembre,jeudi,08:50,33,33167,44.8429,-0.50382,1,6,1,1,1,4,2,02,1,1,0,0,1,0,0,4,1,34,9,3,2,0,0,3,1,201600024189B01,7,17,1,243300316
201600024198,2016-09-21,2016,septembre,mercredi,18:38,33,33522,44.7942,-0.59705,2,1,1,1,1,4,3,04,1,3,0,0,1,0,1,4,2,18,0,3,2,0,2,1,19,201600024198A01,7,1,1,243300316
201600024200,2016-09-30,2016,septembre,vendredi,07:25,33,33063,44.8536,-0.62191,2,3,3,2,1,4,2,02,2,1,0,0,1,0,1,4,2,31,9,3,2,0,2,1,5,201600024200A01,7,16,1,243300316
201600024202,2016-10-01,2016,octobre,samedi,04:20,33,33063,44.8282,-0.56077,2,2,2,5,2,4,1,01,1,1,0,60,2,0,0,4,1,20,9,3,9,0,0,4,1,201600024202B01,7,1,1,243300316
201600024213,2016-10-06,2016,octobre,jeudi,15:45,33,33063,44.8389,-0.58178,2,4,3,1,1,4,2,02,2,2,0,0,1,0,1,4,2,31,9,3,2,0,2,8,1,201600024213B01,32,11,1,243300316
201600024214,2016-10-06,2016,octobre,jeudi,09:30,33,33063,44.8657,-0.56219,2,3,3,1,1,4,2,02,1,1,0,0,1,0,1,4,1,20,5,3,9,0,2,1,15,201600024214A01,7,1,1,243300316
201600024234,2016-10-12,2016,octobre,mercredi,07:45,33,33063,44.835,-0.57205,2,2,3,2,1,4,2,02,1,1,0,0,1,0,1,4,1,45,9,3,9,0,2,1,7,201600024234B01,7,15,1,243300316
201600024238,2016-10-11,2016,octobre,mardi,18:00,33,33281,44.8282,-0.63885,2,1,6,1,1,4,3,04,-1,-1,0,0,-1,0,5,1,1,33,1,1,9,0,1,1,21,201600024238A01,,,,243300316
201600024241,2016-10-15,2016,octobre,samedi,15:50,33,33063,44.8471,-0.57668,2,3,3,1,1,4,3,05,1,1,0,0,1,0,1,4,1,57,9,3,2,0,2,1,19,201600024241A01,7,15,1,243300316
201600024253,2016-10-19,2016,octobre,mercredi,18:40,33,33167,44.8381,-0.53274,2,1,3,1,1,4,1,01,1,1,0,34,1,0,1,4,1,5,9,3,9,0,2,0,1,201600024253B01,30,1,1,243300316
201600024259,2016-10-20,2016,octobre,jeudi,21:50,33,33063,44.8387,-0.5892,2,2,3,5,1,4,1,01,1,1,0,45,1,0,1,4,2,33,1,3,2,0,0,8,1,201600024259A01,7,1,1,243300316
201600024270,2016-10-24,2016,octobre,lundi,08:45,33,33192,44.77722,-0.59296,2,6,3,1,1,4,1,02,1,2,0,0,2,0,1,4,1,35,1,1,2,0,2,1,1,201600024270B01,7,9,1,243300316
201600024273,2016-10-21,2016,octobre,vendredi,14:05,33,33192,44.7739,-0.61209,2,4,1,1,1,4,1,01,-1,-1,0,0,1,0,1,4,1,16,9,3,2,0,2,1,1,201600024273A01,7,16,1,243300316
201600024290,2016-10-28,2016,octobre,vendredi,18:00,33,33063,44.8451,-0.62853,2,3,1,1,1,4,2,02,1,1,0,0,1,0,1,4,1,12,9,3,2,0,2,1,19,201600024290A01,2,1,1,243300316
201600024292,2016-11-02,2016,novembre,mercredi,09:15,33,33063,44.8524,-0.57422,2,2,6,1,1,4,2,03,1,1,0,0,1,4,4,1,1,49,9,3,2,0,1,1,1,201600024292A01,,,,243300316
201600024304,2016-11-07,2016,novembre,lundi,07:45,33,33063,44.8157,-0.57245,2,1,1,2,1,4,2,02,1,1,0,0,1,0,1,4,1,33,9,2,2,0,2,1,1,201600024304B01,7,19,1,243300316
201600024310,2016-11-03,2016,novembre,jeudi,16:05,33,33039,44.8041,-0.55492,2,2,3,1,1,4,2,02,1,1,0,0,1,0,1,4,1,59,9,3,2,0,2,8,1,201600024310B01,7,1,1,243300316
201600024317,2016-11-09,2016,novembre,mercredi,16:30,33,33063,44.8551,-0.57178,2,9,3,1,3,4,-1,02,1,1,0,0,2,0,1,4,2,49,9,3,2,0,0,8,23,201600024317B01,7,16,1,243300316
201600024319,2016-11-14,2016,novembre,lundi,08:10,33,33063,44.84834,-0.61677,2,6,3,2,1,4,2,02,1,1,0,0,1,0,1,4,2,28,0,3,2,0,0,5,1,201600024319B01,7,1,1,243300316
201600024331,2016-11-17,2016,novembre,jeudi,23:10,33,33522,44.81211,-0.58104,2,3,3,5,1,4,2,02,1,2,0,84,1,0,1,3,1,54,0,3,2,0,0,1,1,201600024331B01,7,1,1,243300316
201600024340,2016-11-21,2016,novembre,lundi,10:20,33,33063,44.8387,-0.5892,2,2,3,1,1,4,1,02,1,1,0,50,1,0,1,4,2,33,1,3,9,0,2,1,16,201600024340A01,7,1,1,243300316
201600024342,2016-11-23,2016,novembre,mercredi,07:30,33,33063,44.85357,-0.54172,2,2,3,1,2,4,2,02,1,1,0,0,2,0,0,4,1,46,1,3,9,0,2,1,1,201600024342B01,10,1,1,243300316
201600024349,2016-11-23,2016,novembre,mercredi,08:48,33,33063,44.83665,-0.59879,2,2,2,1,2,4,2,02,1,1,0,0,2,0,0,4,2,23,1,3,2,0,0,3,16,201600024349B01,7,4,1,243300316
201600024355,2016-11-24,2016,novembre,jeudi,21:20,33,33063,44.85096,-0.57781,2,2,1,5,1,4,1,01,1,1,0,0,1,0,0,4,1,27,4,2,2,0,2,1,0,201600024355B01,7,1,1,243300316
201600024382,2016-12-03,2016,décembre,samedi,23:05,33,33063,44.85939,-0.55483,2,1,3,5,1,4,3,06,1,1,0,0,1,0,1,3,1,33,0,3,2,0,2,8,0,201600024382B01,7,0,1,243300316
201600024393,2016-12-06,2016,décembre,mardi,07:30,33,33063,44.82967,-0.59567,2,1,3,2,1,4,3,07,2,1,0,0,2,0,1,4,1,27,1,3,2,1,2,1,1,201600024393B01,7,20,1,243300316
201600024411,2016-11-09,2016,novembre,mercredi,16:15,33,33063,44.8453,-0.61535,2,2,3,1,2,4,2,04,1,1,0,0,2,0,1,4,1,46,9,3,2,0,0,8,1,201600024411B01,7,15,1,243300316
201600024415,2016-12-14,2016,décembre,mercredi,18:30,33,33063,44.82484,-0.5665,2,3,3,5,1,4,1,01,1,1,0,0,1,0,0,4,2,46,0,3,9,0,2,1,1,201600024415B01,10,1,1,243300316
201600024427,2016-12-09,2016,décembre,vendredi,18:00,33,33162,44.8781,-0.64444,2,1,3,5,1,4,2,02,1,1,0,0,1,0,1,4,1,8,0,3,9,0,0,0,0,201600024427B01,7,1,1,243300316
201600024434,2016-12-19,2016,décembre,lundi,15:50,33,33063,44.8148,-0.57263,2,2,1,1,1,4,3,07,1,1,0,0,1,0,1,4,2,30,4,3,9,0,0,1,1,201600024434B01,7,15,1,243300316
201600024438,2016-12-14,2016,décembre,mercredi,18:20,33,33550,44.7784,-0.56997,2,1,3,5,1,4,2,04,1,1,0,0,1,0,1,4,1,18,9,3,9,0,0,2,19,201600024438B01,7,16,1,243300316
201600024461,2016-12-23,2016,décembre,vendredi,13:30,33,33063,44.83071,-0.57196,2,3,3,1,1,4,2,03,1,4,0,0,1,0,1,4,2,43,0,3,2,0,0,0,1,201600024461B01,7,1,1,243300316
201600024464,2016-07-20,2016,juillet,mercredi,14:45,18,18032,47.41091,2.89594,2,1,3,1,1,3,2,02,2,1,0,80,1,0,1,1,2,80,3,1,2,0,0,3,1,201600024464B02,7,1,1,200069227
201600024470,2016-04-26,2016,avril,mardi,13:00,06,06161,0,0,2,9,1,1,1,3,3,02,-1,-1,20,60,1,0,5,3,1,52,1,2,2,0,2,0,1,201600024470B02,7,16,1,240600585
201600024474,2016-06-15,2016,juin,mercredi,17:15,06,06161,0,0,2,1,1,1,1,3,4,02,-1,1,0,0,1,0,2,3,1,29,0,1,2,0,0,1,0,201600024474B02,7,1,1,240600585
201600024476,2016-06-30,2016,juin,jeudi,11:45,06,06044,0,0,1,1,6,1,1,3,2,02,2,2,0,0,2,0,1,3,1,62,3,1,2,12,0,0,1,201600024476A01,,,,240600585
201600024477,2016-06-28,2016,juin,mardi,17:00,06,06161,0,0,2,6,3,2,1,3,3,02,1,1,0,0,1,5,1,4,1,63,5,1,2,0,2,5,16,201600024477B02,7,9,1,240600585
201600024496,2016-04-08,2016,avril,vendredi,19:00,34,34003,43.315,3.4715,2,1,2,1,1,4,3,02,1,1,5,60,1,0,1,4,2,67,5,2,2,0,2,4,1,201600024496A01,10,2,1,243400819
201600024497,2016-06-19,2016,juin,dimanche,19:30,34,34003,43.286,3.5134,2,1,3,1,1,4,3,02,1,1,20,70,1,6,1,3,1,78,0,2,2,0,2,7,19,201600024497B01,32,1,1,243400819
201600024506,2016-09-03,2016,septembre,samedi,13:50,34,34003,43.29,3.51,2,1,3,1,1,4,2,01,1,1,0,46,1,0,1,3,2,58,5,2,9,0,2,1,1,201600024506B01,7,1,1,243400819
201600024510,2016-11-24,2016,novembre,jeudi,18:11,34,34003,43.3,3.48,2,6,3,5,1,4,1,01,1,2,0,80,1,0,1,3,1,17,2,2,9,0,2,7,1,201600024510B01,7,9,1,243400819
201600024565,2016-01-15,2016,janvier,vendredi,17:10,34,34172,43.6284,3.86118,2,1,3,1,1,4,1,01,2,1,0,30,1,0,4,4,1,35,9,2,2,0,2,0,1,201600024565A01,7,1,1,243400017
201600024580,2016-01-31,2016,janvier,dimanche,21:50,34,34172,43.6084,3.93045,2,1,6,5,1,4,1,01,1,2,0,60,1,0,1,3,1,49,0,1,2,4,0,8,0,201600024580A01,,,,243400017
201600024582,2016-02-01,2016,février,lundi,11:05,34,34172,43.6238,3.86205,2,2,3,1,1,4,2,05,1,1,0,150,1,5,1,3,2,59,0,1,9,0,2,0,1,201600024582B01,14,13,1,243400017
201600024599,2016-02-20,2016,février,samedi,15:10,34,34172,43.6198,3.86541,2,1,3,1,1,4,2,04,1,1,0,114,1,0,1,3,1,14,5,2,2,0,0,0,0,201600024599A01,7,0,1,243400017
201600024603,2016-02-25,2016,février,jeudi,11:35,34,34172,43.60014,3.89459,2,2,3,1,1,4,2,03,1,1,0,82,1,0,1,3,2,23,0,3,9,0,0,0,0,201600024603B01,7,0,1,243400017
201600024608,2016-03-07,2016,mars,lundi,09:15,34,34172,43.6037,3.89035,2,2,1,1,1,4,-1,01,1,1,20,36,1,0,0,4,1,65,0,2,9,0,2,7,19,201600024608A01,7,1,1,243400017
201600024611,2016-03-08,2016,mars,mardi,17:42,34,34172,43.6053,3.90597,2,1,6,1,1,4,2,02,1,1,0,60,1,0,1,4,2,58,9,2,2,1,0,1,1,201600024611B01,7,22,1,243400017
201600024617,2016-03-11,2016,mars,vendredi,11:00,34,34172,43.6099,3.86202,2,1,7,1,1,4,2,02,2,1,3,66,1,0,1,4,1,40,9,1,2,8,0,1,1,201600024617A01,,,,243400017
201600024641,2016-04-15,2016,avril,vendredi,07:45,34,34172,43.6053,3.90697,2,1,3,1,1,4,2,01,1,1,0,30,1,0,1,4,1,33,9,2,2,0,2,1,1,201600024641B01,7,0,1,243400017
201600024641,2016-04-15,2016,avril,vendredi,07:45,34,34172,43.6053,3.90697,2,1,3,1,1,4,2,01,1,1,0,30,1,0,1,4,1,5,0,2,2,0,2,1,1,201600024641B01,7,0,1,243400017
201600024659,2016-05-03,2016,mai,mardi,14:45,34,34172,43.6063,3.89796,2,1,2,1,1,4,2,04,-1,-1,0,0,-1,0,1,1,1,81,0,3,9,0,0,5,14,201600024659B01,31,18,1,243400017
201600024662,2016-05-09,2016,mai,lundi,08:50,34,34172,43.5933,3.86642,2,1,3,1,1,4,1,01,2,1,0,130,2,0,1,4,1,39,1,2,2,0,2,1,1,201600024662A01,32,1,1,243400017
201600024674,2016-05-20,2016,mai,vendredi,18:30,34,34172,43.6021,3.86679,2,1,3,1,1,4,1,01,1,1,0,60,1,0,0,3,2,16,5,2,2,0,2,7,19,201600024674B01,7,1,1,243400017
201600024676,2016-05-21,2016,mai,samedi,10:15,34,34172,43.6247,3.86724,2,2,3,1,1,4,1,01,1,1,0,30,1,0,1,4,1,19,5,2,2,0,2,1,1,201600024676A01,7,1,1,243400017
201600024685,2016-06-03,2016,juin,vendredi,07:40,34,34172,43.6015,3.8792,1,2,1,1,1,4,1,01,1,1,0,30,1,0,1,4,1,50,1,2,2,0,2,7,1,201600024685B01,7,1,1,243400017
201600024712,2016-06-27,2016,juin,lundi,11:25,34,34172,43.617,3.87335,2,1,6,1,1,4,2,02,1,1,0,0,1,0,1,1,1,23,5,3,9,0,0,0,19,201600024712A01,31,21,1,243400017
201600024714,2016-07-01,2016,juillet,vendredi,19:50,34,34172,43.6068,3.8658,2,3,4,1,1,4,2,02,1,1,0,60,1,0,1,4,1,28,1,2,9,0,2,3,1,201600024714C01,7,1 / 15,2,243400017
201600024718,2016-07-05,2016,juillet,mardi,08:50,34,34172,43.6367,3.83075,2,6,3,1,1,4,1,02,1,2,0,60,1,0,5,4,1,46,1,3,9,0,2,1,1,201600024718B01,7,9,1,243400017
201600024718,2016-07-05,2016,juillet,mardi,08:50,34,34172,43.6367,3.83075,2,6,3,1,1,4,1,02,1,2,0,60,1,0,5,1,1,19,0,1,2,0,2,1,1,201600024718B01,7,9,1,243400017
201600024737,2016-07-28,2016,juillet,jeudi,23:00,34,34172,43.6017,3.86916,2,3,3,5,1,4,4,01,2,1,0,103,1,6,1,3,1,35,3,2,9,0,2,4,0,201600024737B01,33,1,1,243400017
201600024783,2016-09-23,2016,septembre,vendredi,12:25,34,34172,43.5999,3.89572,2,1,3,1,1,4,2,02,1,1,0,66,1,4,1,3,2,55,1,2,2,0,2,8,19,201600024783A01,7,1,1,243400017
201600024828,2016-11-20,2016,novembre,dimanche,10:27,34,34172,43.5766,3.86,2,9,1,1,2,4,2,00,2,1,0,30,1,0,1,3,1,30,4,1,2,0,2,1,1,201600024828B01,7,19,1,243400017
201600024863,2016-01-13,2016,janvier,mercredi,07:40,34,34301,43.4126,3.68442,2,1,2,2,1,3,2,02,2,1,0,0,1,0,1,4,1,48,1,1,4,0,2,4,0,201600024863B01,37,1,1,200066355
201600024880,2016-06-28,2016,juin,mardi,17:45,34,34301,43.4141,3.67487,2,1,6,1,1,4,1,00,1,1,0,0,1,4,1,3,1,52,5,2,9,1,0,1,13,201600024880A01,,,,200066355
201600024903,2016-04-02,2016,avril,samedi,14:30,35,35115,48.34564,-1.1963,2,2,1,1,1,4,2,02,2,1,0,70,9,5,1,4,1,19,5,2,2,0,2,1,15,201600024903B01,7,1,1,200072452
201600024908,2016-08-24,2016,août,mercredi,18:40,35,35115,48.35492,-1.18657,2,1,2,1,1,4,2,02,1,1,0,50,1,0,1,4,1,59,5,1,2,0,0,4,1,201600024908B01,7,0,1,200072452
201600024942,2016-01-08,2016,janvier,vendredi,09:10,35,35238,48.1013,-1.64966,2,1,3,1,3,4,2,02,1,1,0,0,2,0,1,4,2,58,1,3,8,0,2,1,1,201600024942B01,7,9,1,243500139
201600024954,2016-01-13,2016,janvier,mercredi,11:10,35,35238,48.1277,-1.65209,2,6,3,1,1,4,3,02,1,2,0,0,1,5,1,4,2,76,5,3,8,0,2,7,1,201600024954B01,7,9,1,243500139
201600024958,2016-01-14,2016,janvier,jeudi,08:45,35,35238,48.1054,-1.70846,2,6,3,1,1,4,2,02,1,2,0,0,2,5,1,4,1,56,1,3,8,0,2,7,1,201600024958B01,7,9,1,243500139
201600024959,2016-12-30,2016,décembre,vendredi,18:10,35,35238,48.10859,-1.68197,2,2,3,5,1,4,1,01,1,1,0,0,9,0,1,4,1,28,5,2,2,0,2,1,1,201600024959A01,7,1,1,243500139
201600024973,2016-01-23,2016,janvier,samedi,16:50,35,35238,48.1088,-1.65406,2,1,3,1,1,4,2,02,1,1,0,0,1,0,5,4,1,19,5,3,8,0,2,1,0,201600024973B01,7,22,1,243500139
201600024974,2016-01-25,2016,janvier,lundi,12:00,35,35238,48.1041,-1.65012,2,6,3,1,1,4,2,02,1,1,0,0,1,5,1,4,1,48,1,3,8,0,2,1,1,201600024974B01,7,9,1,243500139
201600024980,2016-01-29,2016,janvier,vendredi,08:30,35,35238,48.1067,-1.6509,2,3,3,1,8,4,2,02,1,1,0,0,1,5,1,4,2,43,1,3,8,0,2,1,1,201600024980B01,7,16,1,243500139
201600025013,2016-02-23,2016,février,mardi,15:20,35,35238,48.1063,-1.73147,2,1,3,1,1,2,3,04,1,1,0,0,1,0,1,4,1,25,1,3,8,0,2,1,1,201600025013B01,14,16,1,243500139
201600025016,2016-02-25,2016,février,jeudi,20:15,35,35238,48.1056,-1.66605,2,5,3,5,1,4,2,02,2,1,0,0,1,5,1,4,2,49,5,1,2,0,2,1,1,201600025016B01,7,22,1,243500139
201600025025,2016-03-03,2016,mars,jeudi,11:55,35,35238,48.1305,-1.65673,2,2,3,1,1,4,2,02,1,1,0,0,2,5,1,4,1,51,1,1,2,0,2,8,1,201600025025B01,7,1,1,243500139
201600025031,2016-03-07,2016,mars,lundi,08:50,35,35051,48.13504,-1.62086,2,6,6,1,8,4,2,02,1,1,0,0,2,5,1,3,1,40,9,3,9,0,2,1,1,201600025031B01,7,1,1,243500139
201600025032,2016-03-07,2016,mars,lundi,15:45,35,35238,48.1234,-1.70376,2,3,3,1,1,4,2,02,2,2,0,0,1,5,5,4,1,23,2,3,8,0,2,1,1,201600025032B01,7,16,1,243500139
201600025034,2016-03-08,2016,mars,mardi,15:25,35,35281,48.08685,-1.70726,2,6,6,1,1,3,-1,00,1,-1,0,0,1,5,0,3,2,65,0,3,9,0,2,1,1,201600025034B01,10,1,1,243500139
201600025036,2016-03-10,2016,mars,jeudi,07:40,35,35238,48.09,-1.68226,2,6,3,2,1,4,1,02,1,2,0,0,1,5,1,4,1,64,1,1,2,0,2,1,1,201600025036B01,7,9,1,243500139
201600025041,2016-03-11,2016,mars,vendredi,17:19,35,35238,48.1162,-1.66465,2,2,2,1,1,4,2,02,1,1,0,0,1,5,1,4,1,29,2,3,8,0,2,4,2,201600025041B01,7,0,1,243500139
201600025043,2016-03-14,2016,mars,lundi,08:45,35,35238,48.1271,-1.68306,2,1,3,1,1,4,2,02,1,1,0,0,1,0,5,4,1,29,1,3,8,0,2,1,5,201600025043B01,7,9,1,243500139