Num_Acc,date,an,mois,jour,hrmn,dep,com,lat,long,agg,int,col,lum,atm,catr,circ,nbv,prof,plan,lartpc,larrout,surf,infra,situ,grav,sexe,age,trajet,secuexist,equipement,obs,obsm,choc,manv,vehiculeid,typevehicules,manoeuvehicules,numVehicules,_infos_commune.code_epci
201600029733,2016-04-22,2016,avril,vendredi,11:30,58,58194,46.978,3.12497,2,6,2,1,1,4,2,02,1,1,0,60,1,0,0,4,1,20,5,1,2,0,2,4,12,201600029733B01,7,1,1,245804406
201600029739,2016-05-29,2016,mai,dimanche,16:20,58,58194,46.98326,3.14904,2,1,7,1,1,4,2,02,1,1,0,50,1,0,1,4,1,27,5,1,2,0,0,0,0,201600029739A01,,,,245804406
201600029746,2016-06-14,2016,juin,mardi,18:25,58,58194,0,0,2,1,3,1,2,4,2,02,1,1,0,0,2,0,1,4,1,15,5,3,9,0,2,0,0,201600029746A01,7,0,1,245804406
201600029753,2016-07-20,2016,juillet,mercredi,08:00,58,58194,0,0,2,1,7,1,1,4,-1,02,1,1,0,0,1,0,0,4,1,57,1,1,9,0,0,0,0,201600029753A01,,,,245804406
201600029757,2016-07-27,2016,juillet,mercredi,09:00,58,58194,46.98881,3.12672,2,3,1,1,1,4,2,02,-1,-1,0,0,-1,0,1,3,1,56,5,1,2,0,2,0,0,201600029757A01,7,0,1,245804406
201600029766,2016-09-01,2016,septembre,jeudi,17:18,58,58194,46.98703,3.14747,2,1,2,1,1,4,2,02,1,1,0,60,1,0,1,4,1,45,5,1,2,0,2,4,2,201600029766A01,7,1,1,245804406
201600029776,2016-10-07,2016,octobre,vendredi,08:00,58,58194,46.98755,3.15175,2,3,6,1,1,4,1,00,-1,-1,20,60,-1,0,1,1,1,74,0,1,2,0,1,0,0,201600029776A01,,,,245804406
201600029843,2016-05-03,2016,mai,mardi,17:10,59,59017,0,0,1,1,1,1,1,9,2,00,4,1,0,0,-1,2,1,4,1,58,0,3,9,0,0,0,0,201600029843B01,7,11,1,200093201
201600029844,2016-05-05,2016,mai,jeudi,09:20,59,59043,0,0,2,1,6,1,1,4,2,02,2,1,0,85,1,0,1,4,2,63,5,1,4,0,2,8,1,201600029844B01,7,10,1,200040947
201600029848,2016-07-19,2016,juillet,mardi,15:00,59,59017,0,0,2,1,6,1,1,4,2,02,1,1,0,80,1,0,1,3,2,40,5,1,4,1,0,2,1,201600029848B01,7,22,1,200093201
201600029850,2016-08-05,2016,août,vendredi,10:50,59,59017,0,0,2,3,3,1,1,4,2,02,1,1,0,91,1,0,1,3,1,68,3,3,9,0,2,1,1,201600029850B01,7,15,1,200093201
201600029867,2016-12-08,2016,décembre,jeudi,14:45,59,59017,0,0,2,3,3,1,1,3,2,02,1,1,0,67,1,0,1,3,1,82,5,3,4,0,2,8,15,201600029867B01,7,17,1,200093201
201600029874,2016-03-03,2016,mars,jeudi,05:30,59,59122,0,0,2,1,1,5,3,4,-1,04,1,1,0,0,2,0,1,3,1,24,1,2,4,0,2,4,2,201600029874B01,14,2,1,200068500
201600029889,2016-11-27,2016,novembre,dimanche,19:45,59,59616,0,0,2,9,2,5,1,4,2,02,1,-1,0,40,1,0,5,4,1,19,0,3,9,0,2,2,9,201600029889B01,7,1,1,245901160
201600029891,2016-12-05,2016,décembre,lundi,10:00,59,59205,0,0,2,3,2,1,1,4,,,,,,,,,,4,1,32,0,2,2,0,0,4,1,201600029891B01,3,1,1,200042190
201600029900,2016-02-27,2016,février,samedi,04:35,59,59361,50.19016,0.21423,2,1,6,5,1,4,2,02,1,1,0,60,1,0,1,4,1,23,5,2,2,0,2,1,1,201600029900A01,1,0,1,200042190
201600029909,2016-07-27,2016,juillet,mercredi,17:45,59,59172,0,0,2,1,2,1,1,4,2,02,1,1,0,70,1,0,0,3,1,17,5,1,2,0,0,0,0,201600029909B01,7,23,1,200042190
201600029934,2016-03-27,2016,mars,dimanche,04:00,59,59486,50.42678,3.15149,1,1,2,3,2,3,2,02,1,1,0,63,2,0,1,2,1,18,5,3,9,0,2,4,13,201600029934B01,7,17,1,200044618
201600029937,2016-05-05,2016,mai,jeudi,13:30,59,59002,50.23228,3.07216,2,4,6,1,1,3,2,02,1,1,0,70,1,0,0,4,2,10,5,3,4,0,2,5,0,201600029937B01,7,14,1,200042190
201600029938,2016-04-15,2016,avril,vendredi,08:50,59,59486,50.41327,3.13547,2,1,6,1,1,3,2,02,1,1,0,72,1,0,1,1,1,29,1,1,2,0,1,0,0,201600029938A01,,,,200044618
201600029942,2016-05-16,2016,mai,lundi,10:50,59,59008,50.32397,3.25266,2,2,2,1,1,3,2,02,1,1,0,68,1,0,1,4,1,66,5,2,2,0,2,8,15,201600029942B01,7,17,1,245901152
201600029948,2016-05-30,2016,mai,lundi,16:30,59,59178,50.23415,3.05122,2,1,6,1,3,3,-1,00,1,1,0,70,3,0,0,3,1,38,1,3,9,0,2,0,0,201600029948B01,7,0,1,200044618
201600029953,2016-08-15,2016,août,lundi,14:35,59,59509,50.41772,3.09883,2,3,3,1,1,3,2,02,1,1,0,80,1,0,1,3,1,87,5,2,4,0,2,1,15,201600029953A01,33,1,1,200044618
201600029960,2016-09-23,2016,septembre,vendredi,18:20,59,59028,0,0,2,1,3,1,1,4,2,02,1,1,0,60,1,0,0,3,2,11,5,3,9,0,2,8,9,201600029960B01,7,1,1,200044618
201600029982,2016-02-06,2016,février,samedi,18:50,59,59183,51.0178,2.33294,2,6,3,3,1,4,2,02,-1,-1,0,0,-1,0,1,3,1,57,0,1,2,0,0,0,0,201600029982B01,7,0,1,245900428
201600029987,2016-02-13,2016,février,samedi,01:43,59,59183,0,0,2,1,3,3,1,4,-1,00,-1,-1,0,0,-1,0,0,4,1,37,0,1,2,0,2,3,1,201600029987A01,7,0,1,245900428
201600029993,2016-04-17,2016,avril,dimanche,17:45,59,59155,51.01133,2.21065,2,2,1,1,1,4,2,00,-1,-1,0,0,-1,0,1,3,1,79,0,1,9,0,2,3,16,201600029993A01,7,0,1,245900428
201600029996,2016-04-22,2016,avril,vendredi,10:15,59,59271,0,0,2,1,1,1,1,4,-1,00,-1,-1,0,0,-1,0,1,4,2,9,0,3,9,0,2,0,0,201600029996B01,7,0,1,245900428
201600030017,2016-07-30,2016,juillet,samedi,05:40,59,59273,50.98519,2.12827,2,1,3,1,1,4,2,02,1,1,0,0,1,0,1,4,2,27,0,1,2,0,0,0,0,201600030017B01,1,0,1,245900428
201600030033,2016-10-14,2016,octobre,vendredi,13:15,59,59540,0,0,2,1,1,1,1,3,3,04,-1,-1,0,0,-1,0,1,3,1,82,0,1,2,0,0,0,0,201600030033B01,1,0,1,
201600030033,2016-10-14,2016,octobre,vendredi,13:15,59,59540,0,0,2,1,1,1,1,3,3,04,-1,-1,0,0,-1,0,1,1,1,65,0,1,2,0,0,0,0,201600030033A01,1,0,1,
201600030034,2016-10-07,2016,octobre,vendredi,20:35,59,59273,0,0,2,1,3,5,1,4,2,02,1,1,0,64,1,0,1,1,1,17,9,2,2,0,2,8,1,201600030034B01,30,17,1,245900428
201600030039,2016-11-25,2016,novembre,vendredi,15:30,59,59183,0,0,2,1,1,1,1,3,-1,01,-1,-1,0,0,-1,0,1,3,1,69,0,1,2,0,2,0,0,201600030039B01,7,0,1,245900428
201600030061,2016-01-07,2016,janvier,jeudi,13:00,59,59350,50.62056,0.62056,2,2,3,1,2,2,1,01,1,1,0,25,2,0,1,3,1,25,2,2,9,0,2,7,2,201600030061B01,7,16,1,200093201
201600030063,2016-01-09,2016,janvier,samedi,04:40,59,59350,50.62631,3.0403,2,1,2,5,1,3,2,03,1,1,0,107,1,5,0,3,1,20,0,1,9,0,2,0,0,201600030063A01,7,0,1,200093201
201600030067,2016-01-11,2016,janvier,lundi,07:50,59,59378,50.6731,3.0921,1,3,3,5,2,4,2,02,1,1,0,0,2,0,1,3,2,21,1,1,9,0,2,8,15,201600030067B01,7,17,1,200093201
201600030073,2016-01-12,2016,janvier,mardi,19:45,59,59350,50.63984,3.07919,1,1,2,5,1,4,2,02,1,2,0,0,1,0,0,4,2,31,9,2,9,0,2,0,0,201600030073A01,7,0,1,200093201
201600030076,2016-11-23,2016,novembre,mercredi,12:30,59,59350,50.62801,3.05126,2,1,2,1,1,3,2,01,1,1,0,0,1,0,1,4,2,58,0,3,9,0,2,1,0,201600030076B01,13,4,1,200093201
201600030095,2016-02-08,2016,février,lundi,10:35,59,59350,0,0,2,2,1,1,7,4,2,02,1,1,0,0,2,5,0,3,2,28,9,2,9,0,2,1,1,201600030095B01,37,15,1,200093201
201600030110,2016-03-07,2016,mars,lundi,11:30,59,59350,50.62822,3.058,2,1,3,1,8,4,2,02,1,1,0,0,2,0,1,3,1,63,0,3,2,0,2,8,0,201600030110B01,7,2,1,200093201
201600030124,2016-04-18,2016,avril,lundi,08:50,59,59350,50.63216,3.05097,2,2,3,1,1,4,1,01,-1,-1,0,0,-1,0,0,4,2,37,1,1,2,9,2,4,1,201600030124B01,7,14,1,200093201
201600030131,2016-03-08,2016,mars,mardi,07:10,59,59350,0,0,2,1,1,1,1,4,2,02,1,1,0,0,1,0,1,4,1,20,1,3,9,0,2,0,0,201600030131B01,10,2,1,200093201
201600030137,2016-04-09,2016,avril,samedi,10:20,59,59350,50.62952,3.09005,2,3,6,1,1,4,-1,00,1,1,0,0,1,0,0,3,1,87,0,2,2,0,2,1,15,201600030137A01,,,,200093201
201600030141,2016-05-26,2016,mai,jeudi,19:00,59,59009,0,0,2,1,3,1,1,4,2,02,1,1,0,0,1,0,1,3,1,10,5,2,2,0,2,0,19,201600030141A01,7,1,1,200093201
201600030147,2016-06-08,2016,juin,mercredi,18:10,59,59350,50.38394,2.59189,2,3,1,1,1,4,2,02,1,1,0,0,1,0,1,4,1,23,5,1,9,0,2,1,1,201600030147B01,7,15,1,200093201
201600030152,2016-06-15,2016,juin,mercredi,17:20,59,59350,0,0,2,2,3,1,1,9,2,00,1,1,0,0,1,5,1,3,1,22,5,1,2,0,2,1,2,201600030152B01,7,2,1,200093201
201600030157,2016-06-16,2016,juin,jeudi,07:20,59,59350,0,0,2,2,3,1,1,4,1,01,-1,-1,0,0,-1,0,1,4,1,63,0,1,9,0,2,1,2,201600030157B01,10,16,1,200093201
201600030164,2016-06-12,2016,juin,dimanche,11:15,59,59527,0,0,2,3,3,1,1,2,2,02,1,1,0,0,1,0,1,4,1,52,5,1,2,0,2,2,2,201600030164B01,1,16,1,200093201
201600030164,2016-06-12,2016,juin,dimanche,11:15,59,59527,0,0,2,3,3,1,1,2,2,02,1,1,0,0,1,0,1,3,1,54,5,1,2,0,2,3,16,201600030164A01,1,2,1,200093201
201600030176,2016-08-06,2016,août,samedi,18:10,59,59350,0,0,2,1,3,1,1,4,2,00,1,1,0,0,1,0,1,3,1,25,0,3,9,0,2,4,1,201600030176B01,7,0,1,200093201
201600030183,2016-08-06,2016,août,samedi,23:57,59,59350,50.63194,3.05327,2,2,3,5,1,3,1,01,-1,-1,0,0,-1,0,1,3,1,25,0,2,2,0,0,0,1,201600030183B01,7,1,1,200093201
201600030184,2016-09-05,2016,septembre,lundi,15:30,59,59350,50.64113,3.0183,2,3,3,1,1,3,2,02,1,1,0,0,1,0,1,4,1,50,5,3,2,0,2,8,2,201600030184B01,15,2,1,200093201
201600030189,2016-09-28,2016,septembre,mercredi,11:00,59,59636,0,0,2,3,3,1,1,3,1,01,1,1,0,100,1,3,1,3,1,74,9,2,2,0,2,0,0,201600030189B01,17,0,1,200093201
201600030192,2016-09-15,2016,septembre,jeudi,14:00,59,59350,50.62304,3.04649,2,2,3,1,1,4,1,01,1,1,0,0,1,0,1,3,1,33,5,2,2,0,2,8,0,201600030192B01,7,0,1,200093201
201600030203,2016-09-13,2016,septembre,mardi,17:30,59,59527,0,0,2,6,3,1,1,4,2,02,-1,-1,0,0,-1,0,1,3,2,61,0,1,2,0,0,0,0,201600030203B01,7,0,1,200093201
201600030204,2016-10-20,2016,octobre,jeudi,16:30,59,59350,0,0,2,1,3,1,9,2,3,04,1,1,0,0,2,0,1,3,1,17,0,1,2,0,0,1,19,201600030204B01,10,1,1,200093201
201600030207,2016-10-26,2016,octobre,mercredi,00:05,59,59350,50.62662,3.06969,2,1,5,5,1,4,1,02,1,1,0,0,1,0,1,4,2,26,0,1,2,0,2,8,19,201600030207B01,7,1,1,200093201
201600030207,2016-10-26,2016,octobre,mercredi,00:05,59,59350,50.62662,3.06969,2,1,5,5,1,4,1,02,1,1,0,0,1,0,1,4,1,23,0,1,2,0,2,8,19,201600030207C01,7,1,1,200093201
201600030214,2016-11-24,2016,novembre,jeudi,17:45,59,59350,50.63097,3.05219,2,2,3,5,1,4,1,01,1,1,0,0,1,0,1,3,1,23,1,1,4,0,2,0,0,201600030214B01,7,0,1,200093201
201600030226,2016-07-22,2016,juillet,vendredi,11:40,59,59543,0,0,1,1,2,1,1,3,2,02,1,1,0,70,1,0,1,3,1,41,5,3,4,0,2,4,1,201600030226B01,7,14,1,200043396
201600030231,2016-01-07,2016,janvier,jeudi,09:25,59,59646,0,0,2,6,3,1,3,3,1,01,2,3,0,0,2,0,5,3,1,22,1,1,9,0,2,1,19,201600030231A01,7,1,1,200093201
201600030243,2016-01-17,2016,janvier,dimanche,18:45,59,59650,0,0,2,1,6,5,1,4,1,00,1,1,0,40,1,0,1,3,1,18,0,2,9,1,0,1,1,201600030243B01,7,0,1,200093201
201600030245,2016-01-20,2016,janvier,mercredi,07:50,59,59367,0,0,2,2,1,2,1,4,2,00,1,1,0,0,1,5,1,3,1,28,1,3,2,0,2,1,0,201600030245A01,7,15,1,200093201
201600030290,2016-03-20,2016,mars,dimanche,11:10,59,59512,0,0,2,1,2,1,1,4,1,01,1,-1,0,0,1,0,1,3,1,37,5,1,2,0,2,4,1,201600030290Y01,7,17,1,200093201
201600030293,2016-03-23,2016,mars,mercredi,18:15,59,59646,0,0,2,3,6,1,1,4,1,01,1,1,0,50,1,0,1,3,2,67,5,2,2,0,2,1,1,201600030293B01,7,4,1,200093201
201600030320,2016-04-26,2016,avril,mardi,19:05,59,59512,0,0,2,6,3,1,1,4,-1,01,1,-1,0,0,1,5,0,3,1,26,0,3,9,0,2,1,0,201600030320B01,7,9,1,200093201
201600030333,2016-05-19,2016,mai,jeudi,09:40,59,59512,0,0,2,1,3,1,1,4,3,04,2,1,0,0,1,2,4,3,2,25,4,2,9,0,2,1,5,201600030333A01,7,9,1,200093201
201600030341,2016-05-24,2016,mai,mardi,11:15,59,59512,0,0,2,6,6,1,1,4,2,02,-1,-1,0,0,-1,0,0,3,2,51,5,3,9,0,2,1,9,201600030341B01,7,16,1,200093201
201600030352,2016-06-15,2016,juin,mercredi,12:10,59,59512,0,0,2,2,1,1,1,4,,,,,,,,,,2,1,21,4,3,9,0,0,0,16,201600030352A01,15,0,1,200093201
201600030357,2016-06-22,2016,juin,mercredi,11:45,59,59650,0,0,2,6,2,1,1,4,3,02,1,4,0,0,-1,5,1,4,2,28,1,2,2,0,0,0,0,201600030357B01,1,0,1,200093201
201600030366,2016-07-10,2016,juillet,dimanche,18:05,59,59512,0,0,2,2,3,1,1,4,1,02,1,1,0,0,1,0,1,4,1,23,0,2,9,0,2,7,19,201600030366B01,7,0,1,200093201
201600030374,2016-07-09,2016,juillet,samedi,19:15,59,59512,0,0,1,3,3,1,1,4,-1,02,-1,-1,0,50,-1,0,1,3,1,37,0,2,2,0,2,1,19,201600030374A01,7,0,1,200093201
201600030385,2016-07-28,2016,juillet,jeudi,12:45,59,59512,0,0,2,2,6,1,1,4,2,02,1,1,0,68,1,0,1,3,1,48,0,2,2,0,2,1,1,201600030385B01,7,1,1,200093201
201600030406,2016-09-08,2016,septembre,jeudi,15:20,59,59650,0,0,2,9,3,1,1,4,2,00,1,1,0,0,1,0,1,4,1,13,2,3,9,0,0,0,0,201600030406B01,7,0,1,200093201
201600030414,2016-09-22,2016,septembre,jeudi,21:45,59,59512,0,0,2,1,3,5,1,4,-1,00,1,1,0,0,1,0,0,4,1,19,5,1,2,0,2,1,1,201600030414B01,7,1,1,200093201
201600030426,2016-10-06,2016,octobre,jeudi,22:45,59,59299,0,0,1,1,3,5,1,3,-1,00,-1,-1,0,0,-1,0,0,3,2,31,0,1,9,0,0,0,0,201600030426B01,7,0,1,200093201
201600030442,2016-11-08,2016,novembre,mardi,21:30,59,59646,0,0,2,3,1,5,1,4,2,02,1,2,0,60,1,0,0,3,1,42,5,1,2,0,2,1,1,201600030442Y01,7,15,1,200093201
201600030481,2016-02-09,2016,février,mardi,08:30,59,59599,0,0,2,6,3,1,3,4,1,01,1,2,0,0,2,5,1,3,1,24,1,2,2,0,0,7,6,201600030481B01,7,2,1,200093201
201600030492,2016-05-03,2016,mai,mardi,10:45,59,59090,0,0,2,1,3,1,1,3,-1,00,1,-1,0,0,1,0,0,3,1,45,5,1,2,0,2,8,0,201600030492B01,10,0,1,200093201
201600030493,2016-05-08,2016,mai,dimanche,15:45,59,59599,50.71869,3.13983,2,1,3,1,1,3,1,01,1,1,0,0,1,0,1,3,1,12,5,1,9,0,2,0,0,201600030493B01,7,1,1,200093201
201600030501,2016-06-15,2016,juin,mercredi,16:15,59,59599,0,0,2,1,6,1,1,3,1,01,1,1,0,0,1,0,1,4,1,12,0,3,8,0,1,0,0,201600030501Z01,,,,200093201
201600030537,2016-12-16,2016,décembre,vendredi,08:20,59,59421,0,0,2,1,1,2,8,4,1,00,1,2,0,0,1,0,1,3,1,34,0,1,9,0,2,2,0,201600030537B01,7,0,1,200093201
201600030539,2016-12-19,2016,décembre,lundi,17:20,59,59279,50.76823,3.10323,2,3,1,5,1,2,2,00,1,1,0,0,1,0,1,3,1,52,0,1,2,0,2,1,1,201600030539B01,7,15,1,200093201
201600030562,2016-02-24,2016,février,mercredi,17:00,59,59564,50.34833,3.48636,2,1,3,2,1,4,2,02,1,1,0,0,1,0,1,3,1,65,5,2,2,0,2,2,19,201600030562B01,7,1,1,200042190
201600030584,2016-04-21,2016,avril,jeudi,17:45,59,59459,0,0,2,1,2,1,1,3,2,02,1,1,0,0,1,0,4,4,2,18,0,1,2,0,2,4,1,201600030584B01,7,14,1,245901160
201600030585,2016-04-16,2016,avril,samedi,20:20,59,59606,0,0,2,1,2,1,1,3,2,02,2,1,0,0,1,0,5,4,1,13,5,1,2,0,2,4,1,201600030585B01,7,1,1,245901160
201600030589,2016-06-06,2016,juin,lundi,08:20,59,59112,50.39613,3.53288,2,1,2,1,1,6,1,01,-1,-1,0,0,-1,0,0,4,1,11,2,3,2,0,2,7,1,201600030589B01,7,4,1,245901160
201600030590,2016-06-06,2016,juin,lundi,08:30,59,59484,50.40052,3.65863,2,1,3,1,1,3,2,02,1,1,0,0,-1,0,1,4,2,12,2,3,2,0,2,8,0,201600030590B01,7,1,1,245901160
201600030635,2016-12-01,2016,décembre,jeudi,23:15,68,68315,0,0,2,1,6,5,1,4,2,02,1,1,0,0,1,0,5,3,1,22,5,2,2,1,0,1,2,201600030635A01,,,,246800569
201600030651,2016-07-11,2016,juillet,lundi,15:30,43,43040,0,0,2,7,1,1,1,6,-1,00,1,1,0,0,1,0,1,3,1,17,5,3,8,0,2,1,16,201600030651A01,7,1,1,200085728
201600030655,2016-01-21,2016,janvier,jeudi,10:45,41,41194,47.34715,1.74798,2,6,3,1,1,3,4,00,1,2,0,0,1,5,1,3,2,58,5,2,2,0,2,7,1,201600030655B02,7,9,1,200018406
201600030691,2016-08-17,2016,août,mercredi,10:00,22,22357,48.56502,-2.18935,1,6,2,1,7,3,1,01,1,2,0,0,1,5,1,3,1,50,5,1,2,0,2,4,1,201600030691B02,7,9,1,
201600030697,2016-04-08,2016,avril,vendredi,14:45,22,22188,48.52216,-2.87277,1,6,3,1,1,3,4,01,1,2,0,79,1,5,1,3,1,64,5,1,2,0,2,1,1,201600030697B02,7,9,1,200069086
201600030702,2016-08-22,2016,août,lundi,11:30,22,22121,48.63345,-2.97496,2,1,3,1,1,3,2,02,1,1,0,60,1,0,1,3,1,46,5,1,2,0,2,1,1,201600030702B02,7,10,1,200069086
201600030707,2016-01-03,2016,janvier,dimanche,18:05,60,60665,49.4181,2.80362,2,1,3,3,3,3,2,02,1,1,0,35,2,0,1,4,1,24,5,2,4,0,2,1,1,201600030707B01,7,15,1,200067965
201600030716,2016-04-18,2016,avril,lundi,17:30,60,60159,49.41091,2.83827,2,2,5,1,1,4,2,02,2,1,0,89,1,0,1,4,1,18,2,2,2,0,2,1,1,201600030716C01,7,0,1,200067965
201600030716,2016-04-18,2016,avril,lundi,17:30,60,60159,49.41091,2.83827,2,2,5,1,1,4,2,02,2,1,0,89,1,0,1,4,1,18,2,2,2,0,2,1,1,201600030716B01,7,0,1,200067965
201600030719,2016-05-24,2016,mai,mardi,19:40,60,60159,49.40266,2.81852,2,3,3,1,1,4,2,02,1,1,0,61,1,0,1,4,1,13,5,2,4,0,2,1,1,201600030719B01,7,0,1,200067965
201600030721,2016-07-24,2016,juillet,dimanche,17:45,60,60159,49.408,2.82238,2,3,3,1,1,4,2,02,2,1,0,0,1,0,1,4,1,21,5,3,2,0,2,1,1,201600030721A01,7,1,1,200067965
201600030728,2016-09-07,2016,septembre,mercredi,20:15,60,60159,49.40705,2.80322,2,1,3,1,1,4,2,02,1,1,0,60,1,0,1,3,1,75,5,3,9,0,2,8,19,201600030728B01,7,1,1,200067965
201600030751,2016-05-27,2016,mai,vendredi,19:30,60,60684,49.29129,2.49685,2,1,3,2,1,4,2,02,1,1,0,0,1,0,1,4,1,10,0,3,2,0,2,8,0,201600030751B01,7,0,1,200068047
201600030752,2016-06-06,2016,juin,lundi,19:55,60,60463,49.27007,2.46075,2,1,3,1,1,4,2,02,1,2,0,50,1,0,1,3,1,11,5,2,2,0,2,7,19,201600030752B01,7,21,1,200068047
201600030765,2016-10-19,2016,octobre,mercredi,15:55,60,60463,49.27676,2.47346,2,2,3,1,1,4,2,02,1,1,0,0,1,0,1,3,1,17,9,1,2,0,2,1,19,201600030765B01,7,19,1,200068047
201600030778,2016-11-02,2016,novembre,mercredi,10:15,71,71087,46.56011,4.71413,1,1,1,1,8,4,2,00,1,2,0,45,1,0,1,2,1,69,5,2,2,6,2,1,1,201600030778B02,21,1,1,247103765
201600030807,2016-06-25,2016,juin,samedi,11:05,61,61143,48.45423,0.08462,2,6,3,1,1,3,2,02,1,1,0,0,1,5,1,3,1,65,5,1,2,0,2,1,1,201600030807Y01,7,9,1,246100663
201600030812,2016-07-28,2016,juillet,jeudi,16:20,61,61001,48.41652,0.08939,2,1,3,1,1,3,2,02,1,1,0,0,1,0,5,3,1,41,0,1,2,0,2,8,1,201600030812B01,7,18,1,246100663
201600030816,2016-08-15,2016,août,lundi,11:04,61,61397,48.4216,0.0798,2,6,3,1,1,3,2,02,1,1,,,1,5,1,4,2,29,5,1,2,0,2,8,2,201600030816B01,7,16,1,246100663
201600030816,2016-08-15,2016,août,lundi,11:04,61,61397,48.4216,0.0798,2,6,3,1,1,3,2,02,1,1,,,1,5,1,3,2,4,5,1,2,0,2,8,2,201600030816B01,7,16,1,246100663
201600030817,2016-09-11,2016,septembre,dimanche,09:30,61,61001,48.43898,0.08332,2,6,3,1,1,3,2,02,1,1,,,1,5,1,4,2,60,5,2,2,0,2,2,1,201600030817B01,7,9,1,246100663
201600030826,2016-05-31,2016,mai,mardi,07:40,61,61006,48.7413,-0.02148,2,6,3,1,2,3,2,02,1,1,80,88,2,5,1,4,1,52,1,2,2,0,2,5,1,201600030826B01,7,1,1,200068450
201600030827,2016-06-22,2016,juin,mercredi,18:10,61,61006,48.74061,-0.02724,2,1,6,1,1,4,2,02,1,1,0,0,1,0,4,3,2,16,9,2,2,12,0,1,1,201600030827A01,,,,200068450
201600030828,2016-07-07,2016,juillet,jeudi,11:20,61,61006,48.73953,-0.00456,2,3,3,1,7,3,2,02,4,3,0,64,1,0,1,3,2,85,5,2,9,0,2,8,15,201600030828A01,7,1,1,200068450
201600030830,2016-10-05,2016,octobre,mercredi,16:15,61,61006,48.74471,-0.02367,2,2,3,1,1,4,2,02,1,1,0,52,1,0,1,3,2,77,9,2,9,0,2,8,19,201600030830B01,7,15,1,200068450
201600030832,2016-09-27,2016,septembre,mardi,10:10,61,61006,48.74144,-0.02162,2,6,3,1,1,3,2,02,1,1,40,68,1,5,1,4,2,70,5,2,2,0,2,2,1,201600030832B01,7,9,1,200068450
201600030858,2016-08-25,2016,août,jeudi,08:00,17,17194,46.13549,-1.00962,1,6,3,1,1,3,2,02,-1,2,0,69,1,0,1,3,1,34,5,1,2,0,2,7,1,201600030858B02,7,1,1,241700434
201600030867,2016-01-16,2016,janvier,samedi,18:25,62,62744,50.31064,2.76629,2,3,3,5,1,3,2,03,-1,-1,0,0,-1,0,1,3,1,27,1,1,2,0,2,8,1,201600030867B01,7,15,1,200033579
201600030877,2016-04-12,2016,avril,mardi,10:05,62,62041,50.29703,2.73442,2,1,7,1,1,4,2,02,1,1,0,0,1,0,1,3,1,26,9,2,9,0,0,0,2,201600030877B01,7,24,1,200033579
201600030893,2016-06-09,2016,juin,jeudi,14:00,62,62041,50.28936,2.78649,2,1,3,1,1,9,2,02,1,1,0,0,1,0,1,3,1,39,5,1,2,0,0,0,0,201600030893B01,7,15,1,200033579
201600030902,2016-10-06,2016,octobre,jeudi,17:00,62,62041,50.27809,2.78488,2,1,6,1,1,4,2,02,1,1,0,0,1,0,1,4,1,14,5,2,2,0,2,2,1,201600030902B01,7,17,1,200033579
201600030912,2016-04-08,2016,avril,vendredi,20:15,62,62048,50.51861,2.45755,2,1,3,1,1,4,2,02,3,1,0,60,1,0,1,4,1,17,0,3,9,0,2,8,0,201600030912A01,7,0,1,200072460
201600030930,2016-08-25,2016,août,jeudi,09:00,62,62724,50.38757,2.91712,2,6,3,1,1,3,1,01,-1,-1,0,0,-1,0,1,4,1,49,5,1,2,0,2,7,1,201600030930B01,7,9,1,246200299
201600030932,2016-11-17,2016,novembre,jeudi,08:40,62,62570,50.40691,2.88142,2,3,3,1,8,3,2,02,1,1,0,0,2,0,1,4,2,35,1,2,2,0,2,5,1,201600030932B01,7,9,1,246200364
201600030946,2016-04-10,2016,avril,dimanche,17:00,62,62132,50.5212,2.87069,2,1,1,1,1,3,2,02,1,1,0,54,1,0,1,3,1,11,5,2,2,0,2,1,19,201600030946A01,7,1,1,200072460
201600030950,2016-05-05,2016,mai,jeudi,15:00,62,62126,50.55115,2.67665,1,1,4,1,1,3,2,02,1,1,0,100,1,0,1,3,1,60,5,1,4,0,2,4,1,201600030950C01,7,1 / 0,2,200072460
201600030958,2016-09-22,2016,septembre,jeudi,18:00,62,62119,50.5271,2.63274,2,6,3,1,1,4,-1,01,-1,-1,0,60,-1,0,1,4,1,16,0,1,2,0,0,0,0,201600030958B01,30,0,1,200072460
201600030974,2016-02-10,2016,février,mercredi,15:00,62,62894,50.76761,1.64199,1,1,7,1,1,3,2,02,2,1,0,150,1,5,1,3,1,69,5,1,2,0,0,0,0,201600030974A01,,,,246200729
201600030975,2016-02-25,2016,février,jeudi,19:10,62,62160,50.72032,1.5992,2,1,3,3,1,4,2,01,1,1,0,0,1,6,1,3,1,20,5,3,9,0,2,8,19,201600030975B01,7,1,1,246200729
201600030989,2016-11-12,2016,novembre,samedi,17:50,62,62160,50.73096,1.61947,2,1,6,5,2,9,2,02,1,-1,0,0,2,0,1,3,1,16,2,3,8,0,1,0,0,201600030989A01,,,,246200729
201600031007,2016-08-29,2016,août,lundi,16:45,62,62457,50.4503,2.52499,2,2,3,1,1,4,2,02,2,1,0,65,1,0,0,3,1,71,5,2,9,0,2,3,1,201600031007A01,7,1,1,200072460
201600031019,2016-02-03,2016,février,mercredi,09:30,62,62193,50.95222,1.83195,2,6,3,1,1,3,1,02,-1,-1,0,0,-1,0,0,3,1,50,1,3,9,0,0,0,0,201600031019B01,7,0,1,200090751