Num_Acc,date,an,mois,jour,hrmn,dep,com,lat,long,agg,int,col,lum,atm,catr,circ,nbv,prof,plan,lartpc,larrout,surf,infra,situ,grav,sexe,age,trajet,secuexist,equipement,obs,obsm,choc,manv,vehiculeid,typevehicules,manoeuvehicules,numVehicules,_infos_commune.code_epci
201600032348,2016-02-12,2016,février,vendredi,06:45,67,67482,48.58454,7.71463,2,1,1,5,1,4,3,02,1,1,0,90,2,0,5,4,1,51,0,1,4,0,2,1,1,201600032348A01,1,1,1,246700488
201600032348,2016-02-12,2016,février,vendredi,06:45,67,67482,48.58454,7.71463,2,1,1,5,1,4,3,02,1,1,0,90,2,0,5,4,1,30,0,2,9,0,2,1,1,201600032348B01,1,1,1,246700488
201600032349,2016-02-12,2016,février,vendredi,18:05,67,67482,48.5752,7.75369,2,1,3,5,2,4,2,04,1,1,0,150,1,0,1,4,1,24,1,3,9,0,2,1,19,201600032349A01,7,1,1,246700488
201600032350,2016-02-13,2016,février,samedi,06:40,67,67482,48.5753,7.75464,2,2,3,5,1,4,4,05,1,1,0,0,2,0,0,4,1,21,5,3,9,0,2,1,1,201600032350A01,7,1,1,246700488
201600032352,2016-02-17,2016,février,mercredi,07:15,67,67482,48.58057,7.72766,2,3,3,1,1,4,2,02,1,1,0,59,1,0,1,4,1,55,5,1,4,0,2,1,1,201600032352B01,7,16,1,246700488
201600032355,2016-02-22,2016,février,lundi,16:15,67,67482,48.60413,7.71252,2,3,3,1,1,4,2,02,1,1,0,80,-1,0,0,4,2,22,1,1,9,0,2,0,15,201600032355B01,7,1,1,246700488
201600032357,2016-02-23,2016,février,mardi,13:20,67,67482,48.582,7.75426,2,2,3,1,2,4,1,01,1,1,0,35,2,0,1,4,2,21,5,1,2,0,2,6,1,201600032357B01,7,1,1,246700488
201600032358,2016-02-24,2016,février,mercredi,10:20,67,67482,48.54907,7.74987,2,1,2,1,1,4,2,02,1,1,41,0,1,0,1,4,1,45,1,1,4,0,2,4,15,201600032358B01,32,1,1,246700488
201600032361,2016-02-27,2016,février,samedi,07:15,67,67482,48.56231,7.74581,2,3,3,2,1,4,2,02,1,1,0,80,1,0,1,3,1,50,1,3,9,0,2,1,1,201600032361B01,10,15,1,246700488
201600032365,2016-03-03,2016,mars,jeudi,16:35,67,67482,48.57416,7.77125,2,1,3,1,1,4,2,03,1,-1,0,80,2,0,1,4,2,20,0,3,2,0,2,1,19,201600032365B01,7,1,1,246700488
201600032378,2016-03-11,2016,mars,vendredi,17:35,67,67482,48.589,7.74218,2,1,3,1,1,4,1,04,1,1,50,71,-1,0,1,4,1,22,0,3,2,0,2,8,1,201600032378B01,7,1,1,246700488
201600032382,2016-03-14,2016,mars,lundi,16:20,67,67218,48.52026,7.73077,2,3,3,1,1,4,2,02,1,1,0,65,1,0,1,4,2,30,1,3,9,0,2,0,1,201600032382B01,7,16,1,246700488
201600032385,2016-03-16,2016,mars,mercredi,17:06,67,67482,48.56834,7.75742,2,1,6,1,1,4,2,02,1,1,0,70,1,0,5,1,1,20,1,3,9,0,1,1,1,201600032385A01,,,,246700488
201600032393,2016-03-29,2016,mars,mardi,14:00,67,67482,48.58102,7.69713,2,1,3,1,1,4,2,01,1,1,0,99,1,0,1,4,1,63,5,2,9,1,0,1,1,201600032393B01,10,22,1,246700488
201600032395,2016-03-30,2016,mars,mercredi,07:30,67,67447,48.56204,7.69984,2,1,3,1,1,4,2,03,1,1,0,102,2,0,1,3,2,15,2,3,9,0,2,1,19,201600032395B01,7,0,1,246700488
201600032396,2016-03-30,2016,mars,mercredi,08:25,67,67482,48.60102,7.7148,2,2,3,1,2,4,2,02,1,1,0,96,2,0,1,4,1,34,1,1,2,0,2,1,0,201600032396B01,7,15,1,246700488
201600032399,2016-03-31,2016,mars,jeudi,07:00,67,67482,0,0,2,1,2,1,8,4,3,06,1,1,40,138,1,0,1,4,1,47,1,1,4,0,2,1,1,201600032399B01,7,16,1,246700488
201600032410,2016-04-09,2016,avril,samedi,19:20,67,67482,48.5712,8.5712,2,1,1,1,1,4,3,03,1,1,0,69,1,0,5,4,1,53,5,3,9,0,2,1,1,201600032410A01,1,1,1,246700488
201600032414,2016-04-11,2016,avril,lundi,14:35,67,67267,48.56173,7.6816,2,3,3,1,1,4,3,02,1,1,6,68,1,0,1,4,1,53,5,3,9,0,2,1,1,201600032414A01,7,1,1,246700488
201600032416,2016-04-13,2016,avril,mercredi,20:00,67,67482,48.54617,7.75129,2,1,3,1,1,4,2,02,1,-1,0,50,1,0,1,4,1,51,0,1,4,0,2,1,1,201600032416A01,7,1,1,246700488
201600032417,2016-04-14,2016,avril,jeudi,08:30,67,67447,48.60117,7.74427,2,1,3,1,1,4,2,02,1,1,0,0,-1,0,1,4,1,24,1,3,2,0,2,6,1,201600032417B01,7,16,1,246700488
201600032419,2016-04-15,2016,avril,vendredi,19:00,67,67447,48.61279,7.73906,2,1,1,1,1,4,-1,02,1,1,0,70,1,0,0,4,1,51,0,1,4,0,2,1,1,201600032419B01,7,1,1,246700488
201600032427,2016-04-21,2016,avril,jeudi,17:00,67,67482,48.57772,7.75107,2,1,3,1,1,4,2,02,1,1,0,75,1,0,1,4,2,32,0,3,4,0,2,1,1,201600032427A01,7,22,1,246700488
201600032430,2016-04-22,2016,avril,vendredi,17:20,67,67482,48.5672,7.76254,2,3,3,1,1,4,2,02,1,1,0,70,1,0,0,3,1,13,5,3,9,0,2,1,15,201600032430B01,7,1,1,246700488
201600032431,2016-04-23,2016,avril,samedi,23:20,67,67482,0,0,2,1,1,3,1,4,2,02,1,1,0,90,1,0,5,4,2,26,5,2,9,0,2,1,1,201600032431B01,1,1,1,246700488
201600032431,2016-04-23,2016,avril,samedi,23:20,67,67482,0,0,2,1,1,3,1,4,2,02,1,1,0,90,1,0,5,4,1,32,5,3,9,0,2,1,1,201600032431A01,1,1,1,246700488
201600032433,2016-04-24,2016,avril,dimanche,13:15,67,67482,0,0,2,1,3,1,1,4,2,02,1,1,0,73,1,0,1,3,2,49,9,1,9,0,2,8,1,201600032433B01,7,1,1,246700488
201600032434,2016-04-24,2016,avril,dimanche,20:25,67,67482,48.57152,7.77038,1,1,3,1,1,4,3,05,1,-1,128,155,1,0,1,4,2,23,0,1,4,0,2,1,19,201600032434B01,7,15,1,246700488
201600032441,2016-05-03,2016,mai,mardi,08:30,67,67482,48.59371,7.75817,1,2,1,1,1,4,1,01,1,1,0,35,-1,0,1,4,1,36,1,1,4,0,2,1,19,201600032441A01,7,16,1,246700488
201600032442,2016-05-04,2016,mai,mercredi,17:31,67,67482,48.5868,7.73914,2,1,1,1,1,4,2,02,1,1,0,85,1,0,1,4,2,28,0,1,4,0,2,1,1,201600032442A01,1,19,1,246700488
201600032442,2016-05-04,2016,mai,mercredi,17:31,67,67482,48.5868,7.73914,2,1,1,1,1,4,2,02,1,1,0,85,1,0,1,1,2,31,0,1,4,0,2,8,19,201600032442B01,1,1,1,246700488
201600032443,2016-05-06,2016,mai,vendredi,17:00,67,67482,48.58752,7.71777,2,3,3,1,1,4,2,02,1,1,0,90,1,0,0,4,1,37,5,3,9,0,2,8,1,201600032443A01,7,15,1,246700488
201600032448,2016-05-11,2016,mai,mercredi,14:35,67,67482,48.58706,7.76658,2,1,6,1,1,4,3,04,1,1,20,120,1,0,1,4,1,21,1,1,2,0,1,1,1,201600032448A01,,,,246700488
201600032454,2016-05-16,2016,mai,lundi,18:00,67,67482,48.6007,7.70946,2,1,6,1,2,4,2,02,1,1,0,60,2,0,1,3,1,58,9,3,4,0,1,0,0,201600032454A01,,,,246700488
201600032455,2016-05-16,2016,mai,lundi,17:01,67,67482,48.57768,7.70391,2,2,3,1,1,4,2,02,1,1,0,122,2,0,1,4,2,26,5,3,9,0,2,8,1,201600032455B01,7,1,1,246700488
201600032458,2016-05-19,2016,mai,jeudi,10:10,67,67482,48.58072,7.74935,2,3,3,1,1,4,-1,01,1,1,0,50,1,6,1,4,1,35,5,3,9,0,2,2,1,201600032458B01,1,1,1,246700488
201600032458,2016-05-19,2016,mai,jeudi,10:10,67,67482,48.58072,7.74935,2,3,3,1,1,4,-1,01,1,1,0,50,1,6,1,1,1,37,5,3,9,0,2,1,1,201600032458A01,1,1,1,246700488
201600032461,2016-05-21,2016,mai,samedi,13:24,67,67482,48.57045,7.77574,2,2,3,1,1,4,3,03,1,1,0,86,1,0,1,4,1,32,5,2,9,0,2,1,1,201600032461B01,7,16,1,246700488
201600032463,2016-05-23,2016,mai,lundi,10:50,67,67482,0,0,2,2,1,1,3,4,2,02,1,1,0,90,2,0,1,3,1,46,1,3,9,0,2,1,1,201600032463B01,10,15,1,246700488
201600032465,2016-05-24,2016,mai,mardi,12:10,67,67482,48.5846,7.75144,2,2,6,1,1,4,2,02,1,1,0,50,1,0,1,4,1,44,9,1,4,0,2,0,1,201600032465A01,1,1,1,246700488
201600032465,2016-05-24,2016,mai,mardi,12:10,67,67482,48.5846,7.75144,2,2,6,1,1,4,2,02,1,1,0,50,1,0,1,1,1,43,0,1,4,0,2,1,1,201600032465B01,1,1,1,246700488
201600032467,2016-05-25,2016,mai,mercredi,08:10,67,67043,48.61621,7.73348,2,3,1,1,1,4,2,02,1,1,0,72,1,0,1,4,1,61,0,3,4,0,2,4,0,201600032467B01,7,16,1,246700488
201600032468,2016-05-25,2016,mai,mercredi,12:15,67,67482,48.59931,7.72456,2,1,3,1,1,4,-1,04,1,1,32,37,1,0,1,4,1,19,5,3,9,0,2,7,19,201600032468B01,7,1,1,246700488
201600032470,2016-05-27,2016,mai,vendredi,12:15,67,67267,48.56389,7.68989,2,1,1,1,1,4,-1,00,-1,-1,0,0,-1,0,0,4,2,54,0,1,9,0,2,0,0,201600032470B01,7,0,1,246700488
201600032478,2016-05-31,2016,mai,mardi,09:20,67,67218,48.52419,7.72142,2,1,3,1,1,4,-1,01,1,1,0,59,1,0,1,4,2,74,0,1,2,0,2,2,1,201600032478B01,7,22,1,246700488
201600032483,2016-06-03,2016,juin,vendredi,22:25,67,67482,48.57325,7.7555,2,3,3,5,2,4,2,04,1,1,0,81,2,0,1,4,2,23,1,2,9,0,2,7,1,201600032483B01,7,16,1,246700488
201600032486,2016-06-07,2016,juin,mardi,07:05,67,67482,48.57549,7.79074,2,2,3,1,1,4,2,04,1,3,0,130,1,0,1,4,2,55,1,2,9,0,2,5,15,201600032486B01,7,16,1,246700488
201600032489,2016-06-08,2016,juin,mercredi,19:35,67,67482,48.57474,7.75619,2,1,6,1,1,4,-1,01,1,1,0,0,1,0,5,1,2,39,5,3,9,0,1,1,1,201600032489A01,,,,246700488
201600032490,2016-06-10,2016,juin,vendredi,13:40,67,67482,48.58518,7.75094,2,1,3,1,1,4,1,01,1,1,0,35,1,0,1,4,2,24,5,2,9,0,2,1,19,201600032490A01,7,1,1,246700488
201600032493,2016-06-10,2016,juin,vendredi,19:30,67,67482,48.59185,7.75308,2,2,3,1,1,4,2,02,1,1,0,50,1,0,1,4,2,27,5,3,9,0,2,1,1,201600032493A01,7,1,1,246700488
201600032494,2016-06-11,2016,juin,samedi,14:10,67,67482,48.57126,7.77216,2,3,3,1,1,4,2,02,3,1,0,55,1,0,1,4,1,51,5,3,9,0,2,1,1,201600032494A01,7,1,1,246700488
201600032496,2016-06-15,2016,juin,mercredi,12:10,67,67482,48.56128,7.7517,2,1,3,1,2,4,2,02,1,1,0,94,1,0,1,4,2,33,9,2,9,0,2,7,1,201600032496B01,7,1,1,246700488
201600032505,2016-06-20,2016,juin,lundi,16:35,67,67482,48.58749,7.70019,2,3,3,1,1,4,2,02,1,1,0,63,1,0,1,4,2,20,0,3,2,0,2,8,1,201600032505B01,7,1,1,246700488
201600032511,2016-06-26,2016,juin,dimanche,19:05,67,67043,48.61276,7.73542,2,1,3,1,1,4,2,02,1,1,0,52,1,0,1,4,1,8,5,3,9,0,2,1,9,201600032511B01,7,1,1,246700488
201600032513,2016-06-29,2016,juin,mercredi,08:45,67,67043,48.61079,7.76649,2,3,1,1,1,4,3,02,1,1,40,40,1,0,1,4,1,70,5,3,9,0,0,0,0,201600032513A01,7,16,1,246700488
201600032520,2016-07-01,2016,juillet,vendredi,20:55,67,67482,48.56806,7.75753,2,3,3,1,1,4,2,02,1,1,0,66,1,0,1,4,2,27,0,3,4,0,2,7,0,201600032520B01,7,16,1,246700488
201600032525,2016-07-07,2016,juillet,jeudi,16:20,67,67482,48.57758,7.75304,2,2,3,1,1,4,2,02,1,3,0,76,1,0,1,4,1,20,5,3,9,0,2,1,1,201600032525B01,30,1,1,246700488
201600032532,2016-07-17,2016,juillet,dimanche,12:20,67,67365,48.54863,7.71055,2,1,6,1,1,4,2,02,1,1,0,70,1,0,1,1,2,60,9,3,9,0,1,1,1,201600032532A01,,,,246700488
201600032533,2016-07-19,2016,juillet,mardi,14:05,67,67482,48.56315,7.76224,2,1,3,1,1,4,2,02,1,1,0,120,1,0,1,4,1,23,5,3,9,0,2,8,1,201600032533B01,7,14,1,246700488
201600032536,2016-07-20,2016,juillet,mercredi,08:40,67,67482,48.58278,7.76345,2,3,3,1,1,4,2,03,1,1,0,100,1,0,1,4,2,24,1,2,9,0,2,8,19,201600032536A01,10,16,1,246700488
201600032545,2016-07-31,2016,juillet,dimanche,16:10,67,67482,48.58685,7.73846,2,1,6,1,1,4,3,02,1,1,40,80,2,0,5,4,1,31,5,3,9,0,2,7,1,201600032545B01,7,24,1,246700488
201600032546,2016-07-31,2016,juillet,dimanche,19:55,67,67447,48.60924,7.74464,2,2,1,1,1,4,2,,1,1,0,80,-1,0,0,4,1,34,5,3,9,0,2,1,13,201600032546A01,7,1,1,246700488
201600032550,2016-08-04,2016,août,jeudi,18:50,67,67482,48.59252,7.73282,1,1,3,1,2,4,2,02,1,1,10,90,2,0,1,4,1,46,0,1,4,0,2,8,19,201600032550A01,7,1,1,246700488
201600032552,2016-08-06,2016,août,samedi,11:40,67,67482,48.56554,7.76817,2,3,3,1,1,4,2,02,1,1,0,40,1,0,0,4,1,54,0,1,4,0,2,1,1,201600032552B01,7,15,1,246700488
201600032555,2016-08-10,2016,août,mercredi,16:10,67,67218,48.53125,7.72977,2,1,6,1,1,4,2,02,1,1,0,0,1,0,5,3,1,75,5,1,4,0,1,1,1,201600032555A01,,,,246700488
201600032557,2016-08-13,2016,août,samedi,00:13,67,67482,48.56352,7.70416,2,1,3,5,1,4,2,02,1,1,0,0,1,0,0,4,1,24,5,1,4,0,2,5,1,201600032557A01,7,14,1,246700488
201600032558,2016-08-13,2016,août,samedi,18:55,67,67482,48.56305,7.75804,2,3,3,1,1,4,2,02,1,1,0,55,1,0,1,4,1,66,5,2,9,0,2,1,1,201600032558B01,7,15,1,246700488
201600032561,2016-08-17,2016,août,mercredi,10:10,67,67482,48.59899,7.79096,2,2,3,1,1,4,2,02,1,1,0,80,1,0,5,1,1,21,4,3,4,0,2,1,1,201600032561A01,1,1,1,246700488
201600032561,2016-08-17,2016,août,mercredi,10:10,67,67482,48.59899,7.79096,2,2,3,1,1,4,2,02,1,1,0,80,1,0,5,4,2,83,0,3,4,0,2,1,1,201600032561B01,1,1,1,246700488
201600032562,2016-08-17,2016,août,mercredi,21:20,67,67218,48.50961,7.72711,2,1,1,3,1,4,2,02,1,1,0,0,1,0,5,4,1,33,0,3,4,0,2,1,1,201600032562A01,1,1,1,246700488
201600032562,2016-08-17,2016,août,mercredi,21:20,67,67218,48.50961,7.72711,2,1,1,3,1,4,2,02,1,1,0,0,1,0,5,4,1,16,5,1,4,0,2,1,1,201600032562B01,1,1,1,246700488
201600032563,2016-08-18,2016,août,jeudi,11:30,67,67447,48.60995,7.74351,2,2,3,1,1,4,1,01,1,1,0,80,1,0,1,4,1,16,0,1,4,0,2,1,1,201600032563B01,7,1,1,246700488
201600032564,2016-08-19,2016,août,vendredi,15:15,67,67482,0,0,2,1,3,1,1,4,2,02,1,1,0,0,1,0,5,4,1,28,0,1,4,0,2,7,18,201600032564A01,1,1,1,246700488
201600032564,2016-08-19,2016,août,vendredi,15:15,67,67482,0,0,2,1,3,1,1,4,2,02,1,1,0,0,1,0,5,4,2,59,0,1,2,0,2,6,1,201600032564B01,1,18,1,246700488
201600032567,2016-08-25,2016,août,jeudi,14:30,67,67482,48.57037,7.73797,2,1,3,1,1,4,2,02,1,1,0,80,1,0,1,4,1,12,0,1,4,0,2,1,1,201600032567A01,7,1,1,246700488
201600032568,2016-08-25,2016,août,jeudi,17:00,67,67482,48.58411,7.7588,2,1,3,1,1,4,2,03,1,1,0,82,1,0,1,4,1,29,0,2,4,0,2,1,19,201600032568B01,7,15,1,246700488
201600032569,2016-08-25,2016,août,jeudi,17:05,67,67482,48.59224,7.76998,2,1,3,1,1,4,2,02,1,1,0,81,1,0,1,4,2,48,0,3,4,0,2,1,1,201600032569B01,7,0,1,246700488
201600032572,2016-08-26,2016,août,vendredi,16:30,67,67482,48.56397,7.75435,2,2,3,1,1,4,1,01,1,1,0,40,1,0,1,4,2,24,5,3,9,0,2,8,1,201600032572B01,7,15,1,246700488
201600032573,2016-08-26,2016,août,vendredi,19:20,67,67218,48.5316,7.70757,2,1,3,1,1,4,2,02,1,1,38,85,1,0,1,3,1,90,5,3,9,0,2,7,19,201600032573B01,7,1,1,246700488
201600032579,2016-08-30,2016,août,mardi,16:40,67,67482,0,0,2,1,3,1,1,4,2,00,1,1,0,50,1,0,1,4,1,13,5,3,9,0,2,8,19,201600032579B01,7,0,1,246700488
201600032582,2016-09-01,2016,septembre,jeudi,15:30,67,67482,48.56562,7.73491,2,1,1,1,1,4,2,01,1,1,0,0,1,0,5,4,1,24,9,3,2,0,2,1,1,201600032582B01,1,11,1,246700488
201600032582,2016-09-01,2016,septembre,jeudi,15:30,67,67482,48.56562,7.73491,2,1,1,1,1,4,2,01,1,1,0,0,1,0,5,1,2,24,0,3,2,0,2,1,11,201600032582A01,1,1,1,246700488
201600032590,2016-09-05,2016,septembre,lundi,16:30,67,67482,48.56301,7.6983,1,1,3,1,1,4,2,02,1,3,30,70,1,0,4,4,1,5,0,1,4,0,2,0,0,201600032590A01,2,0,1,246700488
201600032593,2016-09-08,2016,septembre,jeudi,16:35,67,67482,48.57819,7.70642,2,3,3,1,1,4,2,03,1,1,0,116,1,0,1,4,1,31,1,3,4,0,2,8,1,201600032593B01,7,15,1,246700488
201600032596,2016-09-09,2016,septembre,vendredi,19:05,67,67482,48.56785,7.7576,2,1,2,1,1,4,2,02,1,1,0,60,1,0,5,1,1,38,5,1,4,0,2,4,1,201600032596A01,1,1,1,246700488
201600032596,2016-09-09,2016,septembre,vendredi,19:05,67,67482,48.56785,7.7576,2,1,2,1,1,4,2,02,1,1,0,60,1,0,5,4,1,2,0,1,4,0,2,4,1,201600032596A01,1,1,1,246700488
201600032599,2016-09-12,2016,septembre,lundi,08:45,67,67482,48.59096,7.74624,2,2,3,1,1,4,2,06,1,1,100,240,1,0,1,4,1,55,0,1,4,0,2,1,1,201600032599A01,7,1,1,246700488
201600032602,2016-09-12,2016,septembre,lundi,15:24,67,67482,48.58815,7.75881,2,3,3,1,1,4,2,02,1,1,0,90,1,0,0,1,1,50,5,3,9,0,2,8,19,201600032602A01,1,19,1,246700488
201600032602,2016-09-12,2016,septembre,lundi,15:24,67,67482,48.58815,7.75881,2,3,3,1,1,4,2,02,1,1,0,90,1,0,0,4,2,75,5,3,9,0,2,1,19,201600032602B01,1,19,1,246700488
201600032608,2016-09-14,2016,septembre,mercredi,07:50,67,67482,48.56763,7.76328,2,1,6,1,1,4,-1,02,1,1,0,60,1,0,0,4,2,14,0,3,2,0,0,0,0,201600032608B01,10,1,1,246700488
201600032609,2016-09-15,2016,septembre,jeudi,13:00,67,67482,48.58153,7.74849,2,1,6,1,1,4,1,01,1,1,0,35,1,0,1,4,2,37,0,3,4,0,1,1,1,201600032609A01,,,,246700488
201600032610,2016-09-17,2016,septembre,samedi,05:17,67,67482,48.57172,7.77026,2,2,3,5,1,4,3,05,1,1,128,157,1,0,0,2,1,45,0,1,2,0,2,8,19,201600032610B01,7,1,1,246700488
201600032612,2016-09-19,2016,septembre,lundi,16:45,67,67482,0,0,2,1,3,1,1,4,3,04,1,1,0,130,1,0,1,4,2,39,0,3,4,0,2,1,19,201600032612B01,7,1,1,246700488
201600032613,2016-09-20,2016,septembre,mardi,07:20,67,67482,48.57213,7.76723,2,3,3,1,1,4,2,02,1,-1,0,71,1,0,1,4,2,43,1,3,4,0,2,1,19,201600032613B01,10,1,1,246700488
201600032614,2016-09-20,2016,septembre,mardi,07:30,67,67482,48.57153,7.77015,2,2,3,2,1,4,2,03,1,1,0,90,1,0,1,4,1,20,2,3,9,0,2,7,19,201600032614B01,7,1,1,246700488
201600032623,2016-09-27,2016,septembre,mardi,12:15,67,67365,0,0,2,3,3,1,1,4,1,,1,1,0,69,1,0,4,4,1,13,9,2,9,0,2,1,1,201600032623B01,7,15,1,246700488
201600032624,2016-09-28,2016,septembre,mercredi,07:45,67,67482,48.57716,7.75837,2,1,2,1,1,4,2,02,1,1,0,85,1,0,1,4,2,56,0,3,9,0,2,1,1,201600032624A01,7,1,1,246700488
201600032627,2016-09-29,2016,septembre,jeudi,08:15,67,67043,48.61439,7.75914,2,3,3,1,1,4,2,03,1,1,0,60,1,0,1,4,1,17,0,3,4,0,2,1,1,201600032627B01,7,1,1,246700488
201600032628,2016-09-29,2016,septembre,jeudi,08:30,67,67482,48.57423,7.77119,2,2,3,1,1,4,2,04,1,1,0,111,1,0,1,4,2,32,5,3,9,0,2,1,19,201600032628A01,7,1,1,246700488
201600032631,2016-09-30,2016,septembre,vendredi,14:50,67,67447,48.60401,7.75036,2,2,3,1,1,4,2,02,1,1,0,80,1,0,1,4,1,58,0,1,4,0,2,8,1,201600032631B01,10,0,1,246700488
201600032637,2016-10-03,2016,octobre,lundi,16:20,67,67482,48.57876,7.71101,2,1,3,1,1,4,2,02,1,1,0,60,1,0,1,4,1,23,0,1,4,0,2,1,1,201600032637B01,7,0,1,246700488
201600032638,2016-10-03,2016,octobre,lundi,21:10,67,67482,48.5822,7.74162,2,1,6,5,1,4,1,01,1,1,0,85,1,0,1,1,1,25,0,1,2,0,1,7,1,201600032638A01,,,,246700488
201600032648,2016-10-10,2016,octobre,lundi,07:55,67,67482,48.58782,7.75353,2,1,6,1,1,4,-1,01,1,1,0,27,1,0,0,4,1,12,0,3,8,0,1,1,0,201600032648Z01,,,,246700488
201600032654,2016-10-12,2016,octobre,mercredi,13:35,67,67482,48.59062,7.7004,2,1,6,1,1,4,3,04,1,1,50,100,1,0,4,4,1,52,0,3,4,0,2,1,1,201600032654B01,7,22,1,246700488
201600032656,2016-10-14,2016,octobre,vendredi,13:15,67,67218,48.52224,7.72172,2,2,1,1,1,4,2,02,1,1,0,40,1,0,1,4,1,17,0,1,2,0,2,7,1,201600032656B01,7,1,1,246700488
201600032658,2016-10-14,2016,octobre,vendredi,16:55,67,67482,48.54978,7.73418,2,1,3,1,1,4,2,02,1,1,0,80,1,0,1,4,1,39,0,1,4,1,0,1,1,201600032658A01,7,24,1,246700488
201600032661,2016-10-15,2016,octobre,samedi,12:30,67,67482,48.57714,7.76889,2,1,3,1,1,4,1,01,1,1,0,50,1,0,0,4,2,28,9,3,9,0,2,8,19,201600032661B01,7,16,1,246700488
201600032662,2016-10-16,2016,octobre,dimanche,05:42,67,67447,48.60025,7.75381,2,2,3,5,1,4,3,06,1,1,20,180,1,0,1,3,1,20,5,3,9,0,2,1,1,201600032662A01,7,15,1,246700488
201600032663,2016-10-17,2016,octobre,lundi,10:40,67,67482,48.59027,7.75468,2,2,3,1,1,4,2,02,1,1,0,80,1,0,1,4,1,21,1,2,9,0,2,1,1,201600032663B01,7,1,1,246700488
201600032665,2016-10-21,2016,octobre,vendredi,12:25,67,67482,48.57907,7.7349,2,3,3,1,1,4,1,01,1,1,0,0,1,0,0,4,1,49,1,3,4,0,4,1,1,201600032665B01,40,1,1,246700488
201600032667,2016-10-23,2016,octobre,dimanche,20:35,67,67482,48.56134,7.75153,2,2,3,5,1,4,3,02,1,1,0,80,2,0,1,4,1,21,5,3,9,0,2,8,1,201600032667B01,7,16,1,246700488
201600032668,2016-10-25,2016,octobre,mardi,19:48,67,67447,48.61008,7.74741,2,2,3,1,1,4,2,02,1,1,0,0,1,0,1,4,1,36,0,3,4,0,2,1,1,201600032668A01,7,1,1,246700488
201600032671,2016-10-28,2016,octobre,vendredi,19:59,67,67482,48.58745,7.73866,2,2,3,1,1,4,2,03,1,1,0,80,1,0,5,4,2,23,0,2,4,0,2,1,1,201600032671B01,7,15,1,246700488
201600032675,2016-10-31,2016,octobre,lundi,14:57,67,67482,48.57216,7.7142,2,2,3,1,1,4,2,02,1,-1,0,0,1,0,0,3,2,25,0,1,4,0,2,1,1,201600032675A01,10,16,1,246700488
201600032677,2016-11-02,2016,novembre,mercredi,10:40,67,67482,48.54883,7.7415,2,2,3,1,1,4,2,05,1,1,0,75,1,0,1,4,2,77,0,1,4,0,2,1,1,201600032677B01,14,16,1,246700488
201600032678,2016-11-03,2016,novembre,jeudi,19:30,67,67482,48.5605,7.75097,2,3,3,5,1,4,3,03,1,1,0,60,1,0,1,4,2,25,9,3,9,0,2,1,1,201600032678B01,7,16,1,246700488
201600032680,2016-11-07,2016,novembre,lundi,08:45,67,67218,48.52932,7.73401,2,1,1,1,1,4,2,02,1,1,0,60,1,0,1,4,1,23,1,1,9,0,4,5,15,201600032680A01,40,0,1,246700488
201600032682,2016-11-08,2016,novembre,mardi,17:30,67,67482,48.59683,7.74142,2,1,3,5,8,4,3,02,1,3,32,35,2,0,1,4,2,24,5,2,2,0,2,8,19,201600032682B01,7,1,1,246700488
201600032683,2016-11-09,2016,novembre,mercredi,19:05,67,67482,48.57113,7.77346,2,1,3,5,2,4,3,04,1,1,0,140,2,0,1,3,1,22,5,3,9,0,2,7,19,201600032683B01,7,1,1,246700488
201600032686,2016-11-13,2016,novembre,dimanche,12:30,67,67482,48.59676,7.74255,2,1,3,1,1,4,1,02,1,1,0,100,1,0,1,4,1,15,5,3,9,0,2,7,19,201600032686A01,7,1,1,246700488
201600032689,2016-11-16,2016,novembre,mercredi,09:10,67,67482,48.58193,7.76305,2,1,3,1,1,4,-1,00,1,1,0,120,2,0,1,4,1,22,0,1,9,0,2,1,1,201600032689B01,7,1,1,246700488
201600032690,2016-11-16,2016,novembre,mercredi,12:00,67,67482,48.58464,7.76869,2,2,3,1,2,4,1,01,1,1,0,60,2,0,1,4,1,24,2,3,9,0,2,1,19,201600032690A01,7,1,1,246700488
201600032692,2016-11-17,2016,novembre,jeudi,13:20,67,67482,48.5696,7.75109,2,1,3,1,1,4,2,03,1,1,0,142,2,0,4,4,1,7,0,1,9,0,2,1,1,201600032692A01,1,0,1,246700488
201600032692,2016-11-17,2016,novembre,jeudi,13:20,67,67482,48.5696,7.75109,2,1,3,1,1,4,2,03,1,1,0,142,2,0,4,1,2,17,0,1,9,0,0,0,0,201600032692B01,1,1,1,246700488
201600032693,2016-11-17,2016,novembre,jeudi,17:30,67,67482,48.58002,7.75029,2,1,6,5,1,4,-1,01,1,1,0,37,1,0,4,1,1,40,0,1,9,0,1,1,14,201600032693A01,,,,246700488
201600032701,2016-11-23,2016,novembre,mercredi,17:00,67,67218,48.52979,7.72555,2,1,3,5,1,4,2,03,1,1,0,90,1,0,1,4,1,21,1,2,9,0,2,1,0,201600032701B01,7,19,1,246700488