Num_Acc,date,an,mois,jour,hrmn,dep,com,lat,long,agg,int,col,lum,atm,catr,circ,nbv,prof,plan,lartpc,larrout,surf,infra,situ,grav,sexe,age,trajet,secuexist,equipement,obs,obsm,choc,manv,vehiculeid,typevehicules,manoeuvehicules,numVehicules,_infos_commune.code_epci
201600037602,2016-01-19,2016,janvier,mardi,11:50,92,92032,0,0,2,3,3,1,1,3,2,02,4,1,0,0,1,0,1,4,1,57,1,1,2,0,2,1,1,201600037602B01,7,15,1,200054781
201600037621,2016-07-10,2016,juillet,dimanche,23:55,92,92019,0,0,2,1,6,5,1,4,2,02,1,1,0,0,1,0,1,4,1,18,5,2,9,0,2,4,15,201600037621B01,7,0,1,200054781
201600037626,2016-09-08,2016,septembre,jeudi,18:15,92,92019,0,0,2,6,3,1,1,3,2,04,2,1,0,120,1,5,1,3,1,51,0,3,2,0,2,8,15,201600037626B01,30,1,1,200054781
201600037631,2016-10-16,2016,octobre,dimanche,13:30,92,92032,0,0,2,2,3,1,1,4,2,02,2,1,0,60,1,0,1,4,1,39,5,2,2,0,2,1,0,201600037631B01,7,15,1,200054781
201600037656,2016-02-03,2016,février,mercredi,20:30,92,92060,0,0,2,1,3,5,1,3,2,03,4,1,0,0,1,0,1,4,1,44,5,1,2,0,2,7,17,201600037656B01,10,11,1,200054781
201600037662,2016-02-24,2016,février,mercredi,08:25,92,92023,0,0,2,1,3,1,1,3,2,03,1,1,0,0,1,0,1,4,2,39,1,1,2,0,2,1,1,201600037662B01,10,15,1,200054781
201600037667,2016-02-19,2016,février,vendredi,16:30,92,92060,0,0,2,1,3,1,1,2,-1,02,4,1,0,0,1,0,1,4,1,27,1,3,9,0,2,0,0,201600037667B01,7,0,1,200054781
201600037698,2016-06-04,2016,juin,samedi,22:35,92,92023,0,0,2,1,3,5,1,4,1,02,1,1,0,0,1,0,1,4,1,45,5,2,2,0,2,8,1,201600037698B01,2,18,1,200054781
201600037700,2016-06-06,2016,juin,lundi,19:10,92,92023,0,0,2,1,2,1,1,4,2,02,1,1,0,0,1,0,1,4,2,69,0,1,2,0,2,4,1,201600037700B01,34,1,1,200054781
201600037727,2016-08-26,2016,août,vendredi,11:30,92,92023,0,0,2,1,2,1,1,4,1,02,1,1,0,0,1,0,1,4,1,46,5,1,2,0,2,1,2,201600037727A01,7,2,1,200054781
201600037735,2016-09-10,2016,septembre,samedi,14:50,92,92023,0,0,2,1,2,1,1,4,2,02,1,1,0,0,1,0,4,1,1,15,5,2,2,0,2,1,2,201600037735A01,1,2,1,200054781
201600037735,2016-09-10,2016,septembre,samedi,14:50,92,92023,0,0,2,1,2,1,1,4,2,02,1,1,0,0,1,0,4,3,1,,5,2,2,0,2,4,2,201600037735B01,1,2,1,200054781
201600037753,2016-11-03,2016,novembre,jeudi,17:35,92,92023,0,0,2,2,2,2,1,3,2,04,1,1,0,0,1,0,1,4,1,52,5,2,2,0,2,7,1,201600037753B01,10,15,1,200054781
201600037765,2016-10-30,2016,octobre,dimanche,02:15,92,92023,0,0,2,1,6,5,1,4,1,01,1,-1,0,0,1,0,1,4,1,18,5,2,2,1,0,2,1,201600037765A01,,,,200054781
201600037794,2016-01-15,2016,janvier,vendredi,00:10,92,92024,0,0,1,1,3,5,1,3,1,03,1,1,0,0,2,0,1,4,1,32,1,2,4,0,2,1,18,201600037794B01,7,22,1,200054781
201600037794,2016-01-15,2016,janvier,vendredi,00:10,92,92024,0,0,1,1,3,5,1,3,1,03,1,1,0,0,2,0,1,1,2,34,5,2,4,0,2,1,18,201600037794B01,7,22,1,200054781
201600037803,2016-02-08,2016,février,lundi,09:30,92,92024,0,0,2,1,3,1,1,3,1,03,1,1,0,0,1,0,1,4,1,33,1,2,2,0,2,2,1,201600037803B01,7,22,1,200054781
201600037816,2016-05-03,2016,mai,mardi,09:40,92,92024,0,0,2,1,7,1,1,4,1,01,1,1,0,0,1,0,1,3,2,44,0,3,9,0,0,0,0,201600037816A01,,,,200054781
201600037822,2016-05-12,2016,mai,jeudi,12:20,92,92024,0,0,2,1,3,1,1,3,2,02,1,3,0,0,1,0,1,4,1,35,4,1,2,0,2,8,16,201600037822B01,14,16,1,200054781
201600037833,2016-06-08,2016,juin,mercredi,17:30,92,92024,0,0,2,1,3,1,1,3,1,03,1,1,0,0,1,0,1,4,1,62,5,2,2,0,2,7,1,201600037833B01,7,22,1,200054781
201600037844,2016-07-13,2016,juillet,mercredi,17:00,92,92024,0,0,2,2,3,1,1,3,1,03,1,1,0,0,-1,0,1,4,2,46,9,3,2,0,2,7,1,201600037844B01,7,16,1,200054781
201600037875,2016-10-27,2016,octobre,jeudi,21:20,92,92024,0,0,2,1,2,5,1,3,2,02,1,1,0,0,1,0,1,4,1,19,0,3,2,0,2,1,1,201600037875A01,30,1,1,200054781
201600037881,2016-11-16,2016,novembre,mercredi,10:55,92,92024,0,0,2,3,3,1,1,4,1,01,1,1,0,0,1,0,1,4,1,48,1,1,2,0,2,1,16,201600037881B01,7,15,1,200054781
201600037898,2016-08-05,2016,août,vendredi,08:55,92,92024,0,0,2,1,3,1,1,3,1,03,1,1,0,0,1,0,4,4,1,44,9,3,2,0,2,1,1,201600037898B01,7,1,1,200054781
201600037903,2016-01-08,2016,janvier,vendredi,13:00,92,92025,0,0,2,1,7,1,1,4,1,01,-1,-1,0,0,-1,0,1,4,1,15,2,2,9,0,0,0,0,201600037903A01,,,,200054781
201600037935,2016-03-07,2016,mars,lundi,14:00,92,92025,0,0,2,1,6,1,1,4,-1,01,-1,-1,0,0,-1,0,0,4,2,66,0,3,9,0,0,0,0,201600037935B01,7,0,1,200054781
201600037945,2016-03-30,2016,mars,mercredi,15:00,92,92025,0,0,2,3,3,1,2,4,3,00,1,1,0,0,2,0,1,4,1,31,0,3,2,0,2,8,19,201600037945A01,7,16,1,200054781
201600037951,2016-04-11,2016,avril,lundi,10:15,92,92025,0,0,2,1,7,1,2,4,2,00,1,1,0,0,2,0,1,4,1,61,9,3,2,0,0,0,1,201600037951A01,,,,200054781
201600037954,2016-04-22,2016,avril,vendredi,20:10,92,92025,0,0,2,1,7,1,1,4,2,00,1,1,0,0,1,0,1,4,1,54,5,3,2,0,0,0,1,201600037954A01,,,,200054781
201600037960,2016-05-12,2016,mai,jeudi,12:00,92,92025,0,0,2,3,2,1,1,4,2,00,1,1,0,0,1,0,1,4,1,26,0,2,2,0,2,1,18,201600037960B01,15,15,1,200054781
201600037961,2016-05-15,2016,mai,dimanche,16:50,92,92025,0,0,2,1,7,1,1,4,2,02,1,1,0,0,1,0,1,4,1,55,9,2,2,0,0,0,14,201600037961A01,,,,200054781
201600037978,2016-06-24,2016,juin,vendredi,21:10,92,92025,0,0,2,3,1,1,1,4,2,00,1,1,0,0,1,0,5,4,1,31,9,3,2,0,2,1,1,201600037978B01,7,15,1,200054781
201600037989,2016-07-21,2016,juillet,jeudi,15:00,92,92025,0,0,2,1,2,1,1,4,1,01,1,1,0,0,1,0,1,4,1,29,0,3,2,0,2,1,2,201600037989B01,7,4,1,200054781
201600038002,2016-08-30,2016,août,mardi,10:15,92,92025,0,0,2,1,1,1,1,3,-1,01,1,1,0,0,1,0,0,4,2,68,1,1,2,0,2,1,1,201600038002B01,7,15,1,200054781
201600038005,2016-09-03,2016,septembre,samedi,07:15,92,92025,0,0,2,2,6,1,1,3,1,02,1,3,0,0,1,0,1,4,1,48,1,1,2,0,2,8,1,201600038005B01,7,16,1,200054781
201600038007,2016-09-06,2016,septembre,mardi,17:20,92,92025,0,0,2,2,6,1,1,4,2,04,1,1,0,0,1,0,1,4,1,12,0,3,9,0,2,7,19,201600038007B01,7,1,1,200054781
201600038009,2016-09-12,2016,septembre,lundi,17:10,92,92025,0,0,2,2,3,1,1,4,1,01,1,1,,,1,0,1,4,1,11,5,1,2,0,2,1,5,201600038009B01,7,1,1,200054781
201600038027,2016-10-31,2016,octobre,lundi,18:50,92,92025,0,0,2,2,6,1,1,3,2,02,1,-1,0,0,1,0,1,4,1,60,0,1,2,0,2,1,19,201600038027B01,7,2,1,200054781
201600038033,2016-11-14,2016,novembre,lundi,12:25,92,92025,0,0,2,1,3,1,1,4,2,01,-1,-1,0,0,1,0,4,4,1,16,5,2,9,0,0,8,0,201600038033A01,7,0,1,200054781
201600038035,2016-11-15,2016,novembre,mardi,17:55,92,92025,0,0,2,1,3,5,1,3,-1,00,1,-1,0,0,1,0,1,4,1,62,5,2,9,0,0,0,0,201600038035B01,7,0,1,200054781
201600038038,2016-11-21,2016,novembre,lundi,12:50,92,92025,0,0,2,1,3,1,2,3,1,03,1,1,0,0,2,0,1,4,2,49,0,2,2,0,0,0,19,201600038038B01,7,0,1,200054781
201600038049,2016-12-03,2016,décembre,samedi,20:05,92,92025,0,0,2,1,3,5,1,3,1,03,1,1,0,0,1,0,1,4,2,10,2,3,9,0,0,8,19,201600038049B01,33,1,1,200054781
201600038050,2016-12-04,2016,décembre,dimanche,12:10,92,92025,0,0,2,1,3,1,1,3,1,02,1,1,0,0,1,0,5,4,2,34,5,1,2,0,2,0,0,201600038050B01,7,9,1,200054781
201600038058,2016-12-21,2016,décembre,mercredi,20:00,92,92025,0,0,2,2,3,5,2,3,-1,00,1,1,0,0,2,0,1,4,2,43,1,1,4,0,0,3,1,201600038058B01,7,15,1,200054781
201600038097,2016-03-29,2016,mars,mardi,16:45,92,92026,0,0,1,1,2,1,1,3,3,06,1,1,0,260,1,2,1,4,1,45,1,3,2,0,2,1,2,201600038097A01,7,2,1,200054781
201600038098,2016-04-03,2016,avril,dimanche,16:45,92,92026,0,0,2,1,3,1,1,3,1,02,1,1,0,260,1,0,1,4,1,35,1,3,2,0,2,8,1,201600038098B01,7,1,1,200054781
201600038126,2016-07-21,2016,juillet,jeudi,14:05,92,92026,0,0,2,1,3,1,1,2,3,04,1,1,0,0,1,0,1,3,1,69,5,3,2,0,2,8,1,201600038126B01,14,17,1,200054781
201600038137,2016-10-11,2016,octobre,mardi,16:05,92,92026,0,0,2,1,3,1,1,2,3,04,1,1,0,138,1,0,1,2,1,13,2,2,2,0,0,7,16,201600038137A01,33,1,1,200054781
201600038180,2016-07-06,2016,juillet,mercredi,19:55,92,92035,0,0,2,7,2,1,1,4,1,01,1,1,0,0,1,0,1,4,1,6,5,2,2,0,2,5,1,201600038180B01,30,19,1,200054781
201600038185,2016-08-01,2016,août,lundi,09:25,92,92035,0,0,2,5,3,1,1,3,2,02,1,1,0,0,1,0,1,4,1,64,5,3,9,0,2,8,1,201600038185B01,7,19,1,200054781
201600038194,2016-09-24,2016,septembre,samedi,20:20,92,92035,0,0,2,3,3,5,1,3,2,02,1,1,0,0,1,0,1,4,1,19,5,3,9,0,2,1,17,201600038194B01,7,15,1,200054781
201600038240,2016-05-10,2016,mai,mardi,16:20,92,92036,0,0,2,6,6,1,1,4,2,02,1,1,0,60,1,0,1,4,2,70,5,2,2,0,2,8,16,201600038240B01,7,1,1,200054781
201600038254,2016-06-11,2016,juin,samedi,17:55,92,92036,0,0,2,6,6,1,1,4,1,02,1,2,0,80,1,0,1,4,1,34,5,1,2,0,2,7,9,201600038254A01,10,9,1,200054781
201600038259,2016-06-29,2016,juin,mercredi,19:50,92,92036,0,0,2,1,6,1,1,4,3,04,1,1,20,120,1,0,1,4,2,39,1,1,2,0,2,1,5,201600038259B01,7,9,1,200054781
201600038266,2016-07-06,2016,juillet,mercredi,20:00,92,92036,0,0,2,3,6,1,1,4,3,04,1,1,30,120,1,0,1,4,1,58,1,2,2,0,2,8,1,201600038266B01,14,14,1,200054781
201600038280,2016-08-01,2016,août,lundi,09:50,92,92036,0,0,2,2,6,1,1,4,1,01,1,1,0,40,1,0,1,4,1,18,5,3,2,0,2,5,1,201600038280B01,7,0,1,200054781
201600038286,2016-08-26,2016,août,vendredi,15:00,92,92036,0,0,2,1,6,1,1,4,3,04,1,1,0,50,1,0,1,4,1,45,1,2,2,0,2,6,12,201600038286B01,32,12,1,200054781
201600038291,2016-08-31,2016,août,mercredi,19:10,92,92036,0,0,2,1,2,1,1,4,2,04,1,1,20,120,1,0,1,4,1,16,5,2,2,0,2,1,2,201600038291A01,7,23,1,200054781
201600038341,2016-02-03,2016,février,mercredi,18:38,92,92040,0,0,2,1,1,5,9,9,2,02,1,1,0,0,2,0,1,4,1,21,2,3,9,0,2,1,11,201600038341B01,7,1,1,200054781
201600038357,2016-03-14,2016,mars,lundi,09:20,92,92040,0,0,2,2,4,1,1,4,2,02,1,1,0,100,1,0,1,4,2,31,0,3,2,0,2,0,1,201600038357B01,7,1,2,200054781
201600038377,2016-06-06,2016,juin,lundi,09:50,92,92040,0,0,2,1,6,1,2,4,2,02,1,1,0,0,2,0,1,4,1,38,1,3,9,0,0,1,0,201600038377A01,,,,200054781
201600038377,2016-06-06,2016,juin,lundi,09:50,92,92040,0,0,2,1,6,1,2,4,2,02,1,1,0,0,2,0,1,4,2,28,9,3,9,0,0,1,0,201600038377A01,,,,200054781
201600038380,2016-08-01,2016,août,lundi,07:50,92,92040,0,0,2,1,7,1,1,4,2,02,1,1,0,0,1,0,1,4,2,21,1,3,9,1,0,0,1,201600038380B01,7,24,1,200054781
201600038381,2016-05-28,2016,mai,samedi,19:35,92,92040,0,0,2,1,6,2,1,3,1,02,1,1,0,0,1,0,1,4,1,19,5,3,9,0,2,1,2,201600038381B01,7,22,1,200054781
201600038405,2016-05-11,2016,mai,mercredi,18:50,92,92040,0,0,2,1,6,1,1,3,1,03,1,2,0,0,1,0,1,4,2,32,1,1,2,0,0,0,2,201600038405A01,,,,200054781
201600038408,2016-09-27,2016,septembre,mardi,18:20,92,92040,0,0,2,1,3,1,1,4,1,02,1,1,0,0,1,0,1,4,1,39,4,3,2,0,2,8,17,201600038408B01,37,11,1,200054781
201600038410,2016-09-21,2016,septembre,mercredi,18:15,92,92040,0,0,2,2,3,1,1,3,2,04,1,1,0,0,1,0,1,4,1,17,5,3,9,0,2,1,2,201600038410A01,7,0,1,200054781
201600038418,2016-09-02,2016,septembre,vendredi,09:40,92,92040,0,0,2,2,6,1,1,4,2,02,1,1,0,0,1,0,1,1,2,28,1,3,9,0,2,0,2,201600038418A01,1,2,1,200054781
201600038418,2016-09-02,2016,septembre,vendredi,09:40,92,92040,0,0,2,2,6,1,1,4,2,02,1,1,0,0,1,0,1,4,1,46,1,3,9,0,2,0,2,201600038418B01,1,2,1,200054781
201600038439,2016-01-25,2016,janvier,lundi,13:05,92,92044,0,0,2,1,3,1,1,4,1,01,1,1,0,0,1,0,1,4,1,37,0,2,2,0,2,1,13,201600038439B01,7,1,1,200054781
201600038461,2016-03-30,2016,mars,mercredi,09:20,92,92044,0,0,2,1,7,1,2,4,1,01,1,1,0,0,2,0,1,4,2,53,0,3,9,0,0,7,0,201600038461A01,,,,200054781
201600038477,2016-05-30,2016,mai,lundi,10:50,92,92044,0,0,2,1,6,1,1,4,1,01,1,1,0,0,1,0,1,1,1,17,0,1,2,0,1,1,1,201600038477A01,,,,200054781
201600038482,2016-06-15,2016,juin,mercredi,17:05,92,92044,0,0,2,2,3,1,1,4,1,01,1,1,0,0,1,0,0,4,1,41,0,1,2,0,0,7,1,201600038482B01,7,2,1,200054781
201600038488,2016-07-15,2016,juillet,vendredi,14:30,92,92044,0,0,2,1,6,1,1,4,-1,00,1,-1,0,0,1,0,1,1,1,16,0,3,9,0,1,1,0,201600038488A01,,,,200054781
201600038492,2016-08-05,2016,août,vendredi,12:45,92,92044,0,0,2,1,6,1,1,4,1,01,1,1,0,0,1,0,0,1,1,25,0,3,9,0,1,1,1,201600038492A01,,,,200054781
201600038496,2016-08-29,2016,août,lundi,20:00,92,92044,0,0,2,2,3,1,1,4,-1,01,1,1,0,0,1,0,0,1,1,50,0,1,2,0,0,7,0,201600038496A01,32,0,1,200054781
201600038532,2016-10-22,2016,octobre,samedi,17:05,92,92048,0,0,2,2,1,1,1,4,2,02,2,-1,0,50,1,0,1,4,1,18,5,3,9,0,2,1,1,201600038532B01,7,15,1,200054781
201600038563,2016-05-20,2016,mai,vendredi,19:30,92,92048,0,0,2,1,6,1,1,4,1,01,1,1,0,30,1,0,1,4,1,8,5,3,9,0,2,2,1,201600038563B01,7,1,1,200054781
201600038576,2016-08-28,2016,août,dimanche,16:00,92,92048,0,0,1,2,3,1,1,9,2,02,1,1,0,50,1,0,0,4,2,59,9,3,9,0,2,0,1,201600038576B01,7,1,1,200054781
201600038600,2016-01-03,2016,janvier,dimanche,17:45,92,92049,0,0,2,1,6,5,2,4,4,02,1,1,0,0,2,0,1,3,1,51,0,3,2,1,0,0,18,201600038600A01,7,23,1,200054781
201600038602,2016-01-08,2016,janvier,vendredi,16:45,92,92020,0,0,2,1,6,2,1,3,2,02,2,1,0,0,1,0,1,4,2,37,1,3,9,0,2,1,1,201600038602B01,7,22,1,200054781
201600038639,2016-04-06,2016,avril,mercredi,09:10,92,92049,0,0,2,1,6,1,1,3,2,02,-1,1,0,0,1,0,1,4,2,48,1,3,9,1,0,8,1,201600038639B01,7,22,1,200054781
201600038641,2016-04-07,2016,avril,jeudi,12:50,92,92049,0,0,2,1,1,1,1,3,2,02,1,1,0,0,1,0,1,4,2,22,0,3,2,0,2,1,1,201600038641B01,2,1,1,200054781
201600038653,2016-05-15,2016,mai,dimanche,17:35,92,92020,0,0,2,1,6,1,1,3,2,02,1,1,0,0,1,0,1,4,1,7,0,3,2,0,2,0,1,201600038653B01,7,1,1,200054781
201600038683,2016-08-02,2016,août,mardi,17:50,92,92049,0,0,2,3,3,1,1,3,2,02,-1,-1,0,0,1,0,1,4,1,27,0,3,9,0,2,0,1,201600038683B01,7,15,1,200054781
201600038684,2016-08-04,2016,août,jeudi,21:50,92,92049,0,0,2,6,3,5,2,3,3,04,1,1,0,72,2,0,1,4,1,30,9,3,2,0,2,0,5,201600038684B01,7,1,1,200054781
201600038706,2016-09-28,2016,septembre,mercredi,07:25,92,92020,0,0,2,1,6,1,1,3,2,02,1,1,0,0,1,0,1,4,1,54,1,1,2,0,2,8,1,201600038706B01,10,17,1,200054781
201600038709,2016-09-29,2016,septembre,jeudi,17:45,92,92049,0,0,2,1,3,1,1,3,3,04,1,1,0,0,1,0,1,4,2,28,0,3,2,0,2,8,9,201600038709B01,7,1,1,200054781
201600038710,2016-09-30,2016,septembre,vendredi,22:00,92,92049,0,0,2,3,6,5,1,3,2,02,1,1,0,0,1,0,1,4,1,27,0,3,2,1,0,1,17,201600038710B01,7,24,1,200054781
201600038722,2016-10-10,2016,octobre,lundi,09:10,92,92020,0,0,2,2,3,1,1,3,2,02,2,1,0,0,1,0,0,4,1,22,0,3,2,0,2,1,1,201600038722B01,7,1,1,200054781
201600038735,2016-11-04,2016,novembre,vendredi,18:30,92,92049,0,0,2,1,6,5,1,3,2,02,-1,-1,0,0,1,0,5,3,1,26,5,1,9,0,2,8,1,201600038735B01,7,22,1,200054781
201600038739,2016-11-11,2016,novembre,vendredi,15:45,92,92020,0,0,2,3,3,1,1,3,2,02,4,1,0,0,1,0,1,4,1,56,0,1,2,0,2,1,23,201600038739B01,7,16,1,200054781
201600038741,2016-11-20,2016,novembre,dimanche,19:05,92,92049,0,0,2,1,6,5,1,3,1,02,1,1,0,0,1,0,0,1,1,25,5,1,9,0,1,1,1,201600038741A01,,,,200054781
201600038804,2016-04-19,2016,avril,mardi,09:30,92,92050,0,0,2,3,1,1,7,3,1,01,1,1,0,30,1,0,1,4,1,41,0,3,9,0,2,1,15,201600038804B01,7,15,1,200054781
201600038850,2016-07-14,2016,juillet,jeudi,20:50,92,92050,0,0,2,3,3,1,1,2,1,01,1,-1,0,16,1,0,1,4,1,37,9,3,9,0,2,1,1,201600038850B01,7,16,1,200054781
201600038879,2016-10-03,2016,octobre,lundi,10:15,92,92050,0,0,2,1,7,1,1,4,1,01,1,1,0,30,1,0,1,4,1,51,1,1,2,0,9,1,0,201600038879A01,,,,200054781
201600038893,2016-11-02,2016,novembre,mercredi,09:55,92,92050,0,0,2,2,1,1,1,9,2,02,1,1,0,30,1,0,1,4,1,22,0,3,9,0,0,1,0,201600038893B01,7,0,1,200054781
201600038897,2016-11-16,2016,novembre,mercredi,18:00,92,92050,0,0,2,1,3,5,2,9,1,02,1,1,0,30,1,0,1,4,2,25,0,2,9,0,0,0,0,201600038897B01,7,0,1,200054781
201600038901,2016-11-24,2016,novembre,jeudi,07:55,92,92050,0,0,2,3,1,2,1,2,2,02,1,1,0,25,1,0,1,4,1,50,1,1,2,0,2,1,1,201600038901B01,7,15,1,200054781
201600038903,2016-11-30,2016,novembre,mercredi,20:30,92,92050,0,0,2,1,3,5,9,9,3,02,2,-1,0,40,1,0,1,4,1,28,1,3,9,0,0,0,0,201600038903B01,7,0,1,200054781
201600038912,2016-12-12,2016,décembre,lundi,08:50,92,92050,0,0,2,1,7,1,8,9,2,01,1,1,0,40,1,0,1,4,2,53,0,3,2,0,0,0,0,201600038912B01,7,0,1,200054781
201600038965,2016-05-02,2016,mai,lundi,09:40,92,92051,0,0,2,1,3,1,1,4,2,00,1,1,0,0,1,0,1,3,2,43,9,1,2,0,2,3,2,201600038965A01,7,2,1,200054781
201600038970,2016-05-19,2016,mai,jeudi,19:05,92,92051,0,0,2,1,2,1,1,4,2,04,1,1,0,0,1,0,1,4,1,20,5,1,9,0,2,1,2,201600038970A01,7,2,1,200054781
201600038972,2016-05-13,2016,mai,vendredi,09:25,92,92051,0,0,2,1,6,1,8,2,1,02,1,1,0,0,1,0,1,4,2,27,1,1,4,0,2,1,0,201600038972B01,99,22,1,200054781
201600038975,2016-06-02,2016,juin,jeudi,08:15,92,92051,0,0,2,1,5,1,2,4,2,00,2,1,0,0,2,0,1,3,1,64,5,1,2,0,2,4,2,201600038975Y01,7,17 / 2,2,200054781
201600038980,2016-06-21,2016,juin,mardi,17:45,92,92051,0,0,2,1,2,1,8,3,2,00,1,1,0,0,1,0,1,4,1,50,5,1,2,0,2,4,1,201600038980B01,7,17,1,200054781
201600038981,2016-06-23,2016,juin,jeudi,09:50,92,92051,0,0,2,1,6,1,1,4,2,02,-1,-1,0,0,1,0,1,4,1,24,4,2,2,1,0,1,0,201600038981B01,7,22,1,200054781
201600039013,2016-09-18,2016,septembre,dimanche,19:50,92,92051,0,0,2,1,5,5,2,4,2,00,1,1,0,0,2,0,1,4,1,40,9,1,2,1,0,0,1,201600039013B01,7,1 / 2,2,200054781
201600039094,2016-12-14,2016,décembre,mercredi,19:00,92,92062,0,0,2,3,3,5,1,3,2,02,2,1,,,1,0,1,4,1,45,5,3,9,0,2,1,1,201600039094A01,7,1,1,200054781
201600039099,2016-01-16,2016,janvier,samedi,17:35,92,92063,0,0,2,1,6,2,1,3,2,02,1,1,0,75,1,0,1,4,2,50,5,3,9,1,0,1,1,201600039099B01,7,22,1,200054781
201600039101,2016-01-21,2016,janvier,jeudi,20:25,92,92063,0,0,2,3,2,5,1,4,2,02,1,1,0,65,1,0,1,4,1,46,1,1,9,0,2,4,23,201600039101B01,7,1,1,200054781
201600039107,2016-02-11,2016,février,jeudi,15:20,92,92063,0,0,2,1,2,1,1,3,3,04,2,1,16,120,2,2,1,4,1,29,5,3,9,0,2,4,2,201600039107B01,7,2,1,200054781
201600039120,2016-03-30,2016,mars,mercredi,12:50,92,92063,0,0,2,1,6,1,2,3,3,04,1,1,10,120,2,0,1,1,2,29,1,3,9,0,1,5,1,201600039120A01,,,,200054781
201600039127,2016-04-18,2016,avril,lundi,17:15,92,92063,0,0,2,1,3,1,1,4,1,01,1,3,0,45,1,0,1,3,1,14,5,1,9,0,2,8,19,201600039127B01,7,1,1,200054781
201600039145,2016-06-27,2016,juin,lundi,16:30,92,92063,0,0,2,1,3,1,1,3,3,05,1,1,13,153,2,0,1,4,2,57,4,1,9,0,2,6,19,201600039145B01,7,1,1,200054781
201600039145,2016-06-27,2016,juin,lundi,16:30,92,92063,0,0,2,1,3,1,1,3,3,05,1,1,13,153,2,0,1,1,1,2,5,1,9,0,2,6,19,201600039145B01,7,1,1,200054781
201600039152,2016-08-11,2016,août,jeudi,10:40,92,92063,0,0,2,1,3,1,1,3,3,04,1,1,15,150,1,0,1,4,1,97,5,3,9,0,2,1,9,201600039152B01,7,12,1,200054781
201600039153,2016-08-24,2016,août,mercredi,06:50,92,92063,0,0,2,1,7,1,1,3,2,02,2,1,0,75,1,0,1,4,2,59,5,3,9,0,0,7,1,201600039153A01,,,,200054781
201600039155,2016-09-01,2016,septembre,jeudi,11:20,92,92063,0,0,2,1,6,1,1,3,2,02,2,2,0,120,1,0,1,3,1,37,5,3,9,8,0,7,1,201600039155A01,,,,200054781
201600039160,2016-09-11,2016,septembre,dimanche,18:50,92,92063,0,0,2,1,6,1,1,4,2,02,1,1,0,90,1,0,1,4,1,54,5,2,9,0,2,1,1,201600039160B01,10,22,1,200054781
201600039161,2016-09-12,2016,septembre,lundi,17:20,92,92063,0,0,2,1,6,1,1,4,1,01,1,1,0,85,1,0,1,4,1,13,5,2,9,0,2,8,5,201600039161A01,32,1,1,200054781
201600039170,2016-10-04,2016,octobre,mardi,08:50,92,92063,0,0,2,3,5,1,1,3,2,03,1,1,0,115,1,5,1,4,1,14,2,2,9,0,2,7,15,201600039170A01,7,1,2,200054781
201600039203,2016-02-08,2016,février,lundi,16:30,92,92064,0,0,2,1,7,1,2,4,1,01,1,1,0,0,2,0,1,4,2,42,5,3,9,12,0,0,1,201600039203A01,,,,200054781
201600039216,2016-04-12,2016,avril,mardi,18:35,92,92033,0,0,2,4,3,1,1,4,2,02,1,1,0,0,1,0,1,4,1,35,1,3,2,0,2,1,0,201600039216A01,7,15,1,200054781
201600039234,2016-05-21,2016,mai,samedi,11:10,92,92064,0,0,2,1,2,1,1,3,2,03,1,1,0,0,1,0,1,4,1,27,5,1,2,0,2,4,2,201600039234A01,13,23,1,200054781
201600039243,2016-06-22,2016,juin,mercredi,16:30,92,92064,0,0,2,2,6,1,1,4,1,01,1,1,0,24,1,0,1,4,1,27,5,1,2,0,2,1,5,201600039243A01,7,1,1,200054781
201600039306,2016-02-17,2016,février,mercredi,09:15,92,92022,0,0,2,1,2,1,1,3,2,02,1,1,0,60,1,0,1,4,1,15,2,2,2,0,2,1,1,201600039306A01,7,23,1,200054781
201600039314,2016-05-06,2016,mai,vendredi,10:50,92,92072,0,0,2,1,3,1,1,3,3,04,1,1,18,130,1,0,1,4,1,58,9,2,2,1,0,1,17,201600039314B01,10,23,1,200054781
201600039318,2016-05-13,2016,mai,vendredi,18:10,92,92072,0,0,2,1,7,1,1,3,2,03,1,1,0,44,1,0,1,4,1,63,5,1,2,0,0,0,1,201600039318A01,7,16,1,200054781
201600039320,2016-05-29,2016,mai,dimanche,16:30,92,92072,0,0,2,3,3,1,2,3,2,02,2,1,0,69,2,0,1,4,1,30,9,2,2,0,2,1,17,201600039320B01,7,15,1,200054781
201600039322,2016-06-13,2016,juin,lundi,19:15,92,92022,0,0,2,1,3,1,1,3,2,04,1,1,0,120,1,0,1,4,1,35,9,1,2,0,2,1,1,201600039322B01,7,10,1,200054781
201600039340,2016-09-02,2016,septembre,vendredi,16:20,92,92072,0,0,2,1,7,1,1,4,2,02,2,1,0,65,1,0,1,3,1,29,5,1,2,14,0,1,1,201600039340A01,,,,200054781
201600039351,2016-10-21,2016,octobre,vendredi,05:50,92,92077,0,0,2,1,6,3,1,3,2,02,2,1,0,58,1,0,1,4,1,24,9,2,2,1,0,1,13,201600039351B01,7,17,1,200054781
201600039352,2016-10-21,2016,octobre,vendredi,18:15,92,92022,0,0,2,2,3,2,2,3,2,05,1,1,0,175,2,5,1,4,1,30,1,1,2,0,2,1,1,201600039352A01,7,10,1,200054781
201600039363,2016-12-13,2016,décembre,mardi,10:10,92,92022,0,0,2,1,6,1,1,3,-1,02,1,1,0,80,2,0,1,3,2,37,1,3,2,0,2,2,1,201600039363B01,10,23,1,200054781
201600039378,2016-03-25,2016,mars,vendredi,19:30,92,92073,0,0,2,3,6,5,1,3,3,04,1,1,0,0,1,0,1,4,1,31,0,1,2,0,2,1,7,201600039378B01,7,16,1,200054781