Num_Acc,date,an,mois,jour,hrmn,dep,com,lat,long,agg,int,col,lum,atm,catr,circ,nbv,prof,plan,lartpc,larrout,surf,infra,situ,grav,sexe,age,trajet,secuexist,equipement,obs,obsm,choc,manv,vehiculeid,typevehicules,manoeuvehicules,numVehicules,_infos_commune.code_epci
201600049510,2016-10-19,2016,octobre,mercredi,21:40,69,69383,45.75265,4.86582,2,4,3,5,1,4,2,01,1,-1,0,0,1,0,1,4,1,26,1,1,9,0,2,7,2,201600049510A01,7,9,1,200046977
201600049514,2016-10-20,2016,octobre,jeudi,17:00,69,69388,0,0,2,2,1,1,1,4,2,02,1,1,0,60,1,0,1,4,1,18,5,1,2,0,2,3,1,201600049514B01,7,16,1,200046977
201600049519,2016-10-25,2016,octobre,mardi,16:50,69,69199,0,0,2,1,3,1,1,4,2,01,1,1,0,35,2,0,1,3,1,55,0,3,2,0,2,9,13,201600049519A01,10,10,1,200046977
201600049535,2016-11-04,2016,novembre,vendredi,07:00,69,69387,45.74344,4.84099,2,1,3,1,1,4,-1,04,1,1,0,54,1,0,0,4,1,46,1,1,2,0,2,1,1,201600049535B01,7,16,1,200046977
201600049537,2016-11-04,2016,novembre,vendredi,12:10,69,69259,0,0,2,6,3,1,1,4,1,00,1,-1,0,0,1,5,1,4,1,42,0,1,9,0,2,7,1,201600049537B01,7,9,1,200046977
201600049539,2016-11-07,2016,novembre,lundi,12:55,69,69388,0,0,2,1,3,1,1,4,1,01,1,1,0,0,1,0,1,1,2,20,0,2,2,0,2,0,0,201600049539A01,31,0,1,200046977
201600049547,2016-11-15,2016,novembre,mardi,13:30,69,69387,45.74516,4.84198,2,1,1,1,1,4,1,00,1,1,0,0,1,0,1,3,1,23,9,3,9,0,2,1,19,201600049547B01,7,0,1,200046977
201600049564,2016-11-23,2016,novembre,mercredi,14:30,69,69383,0,0,2,1,6,1,1,4,-1,00,1,1,0,0,1,0,0,4,1,68,0,1,2,0,0,0,0,201600049564B01,7,0,1,200046977
201600049565,2016-11-24,2016,novembre,jeudi,07:00,69,69259,0,0,2,3,1,5,2,4,2,02,2,2,0,0,2,0,1,4,1,30,9,3,9,0,2,1,1,201600049565B01,7,2,1,200046977
201600049574,2016-11-28,2016,novembre,lundi,19:00,69,69388,0,0,1,3,3,5,1,3,1,00,2,3,0,0,-1,0,1,4,1,46,0,1,2,0,2,1,0,201600049574B01,7,0,1,200046977
201600049581,2016-11-30,2016,novembre,mercredi,08:40,69,69259,0,0,2,1,6,1,1,4,2,02,-1,-1,0,0,-1,0,1,4,1,52,0,3,2,0,0,0,0,201600049581B01,7,0,1,200046977
201600049582,2016-11-30,2016,novembre,mercredi,07:40,69,69388,0,0,2,1,6,1,1,4,1,00,-1,-1,0,0,-1,0,5,4,1,26,0,1,2,0,0,0,0,201600049582Y01,7,0,1,200046977
201600049599,2016-12-07,2016,décembre,mercredi,13:00,69,69383,0,0,2,1,3,1,1,4,-1,00,1,1,0,0,1,0,0,3,1,38,9,1,2,0,0,0,0,201600049599B01,7,0,1,200046977
201600049605,2016-12-11,2016,décembre,dimanche,21:30,69,69387,0,0,2,2,5,5,1,4,2,01,1,1,0,0,1,0,0,1,1,28,0,1,2,0,2,0,0,201600049605C01,34,0,1,200046977
201600049605,2016-12-11,2016,décembre,dimanche,21:30,69,69387,0,0,2,2,5,5,1,4,2,01,1,1,0,0,1,0,0,3,1,28,0,1,2,0,2,3,19,201600049605A01,34,0,1,200046977
201600049612,2016-12-16,2016,décembre,vendredi,07:30,69,69387,0,0,2,2,3,5,1,4,3,01,1,1,0,0,1,4,5,4,1,38,1,2,2,0,4,1,1,201600049612B01,40,1,1,200046977
201600049616,2016-12-19,2016,décembre,lundi,07:45,69,69259,0,0,2,1,3,1,8,4,2,02,1,1,0,0,2,0,0,3,1,37,0,1,2,0,4,8,19,201600049616B01,40,1,1,200046977
201600049619,2016-12-21,2016,décembre,mercredi,00:15,69,69386,0,0,1,2,1,5,1,4,1,01,1,1,0,0,1,0,1,4,1,42,0,3,9,0,2,0,1,201600049619B01,7,1,1,200046977
201600049627,2016-12-28,2016,décembre,mercredi,01:10,69,69259,0,0,2,1,2,5,1,4,2,02,3,1,0,120,1,2,0,2,1,52,0,3,2,0,2,6,2,201600049627A01,7,2,1,200046977
201600049633,2016-12-31,2016,décembre,samedi,03:15,69,69383,45.76362,4.85491,2,1,3,5,1,4,2,03,1,1,0,0,1,0,1,3,1,23,5,1,2,0,0,0,0,201600049633B01,7,17,1,200046977
201600050233,2016-04-18,2016,avril,lundi,11:14,69,69297,0,0,1,1,4,1,4,1,1,03,2,1,20,105,2,3,1,1,1,53,5,1,2,0,2,4,2,201600050233D01,15 / 33 / 7,2,3,246900765
201600050247,2016-05-21,2016,mai,samedi,02:24,69,69290,0,0,1,1,1,3,1,1,3,02,2,1,0,60,1,0,1,1,1,22,0,3,9,0,0,0,0,201600050247T01,1,0,1,200046977
201600050280,2016-07-04,2016,juillet,lundi,22:50,38,38544,45.53473,4.87237,2,2,3,4,1,2,2,04,1,1,10,140,1,0,1,2,1,16,5,2,4,0,2,8,19,201600050280B01,7,1,1,200077014
201600050683,2016-05-26,2016,mai,jeudi,16:30,13,13071,0,0,1,1,3,1,1,1,-1,00,1,1,10,95,1,0,0,1,1,43,0,1,2,0,0,0,0,201600050683B01,34,0,1,200054807
201600050985,2016-11-12,2016,novembre,samedi,15:30,13,13055,0,0,1,1,6,1,1,1,1,03,1,2,20,105,1,0,0,4,1,63,5,1,2,0,0,0,0,201600050985A01,,,,200054807
201600051089,2016-01-21,2016,janvier,jeudi,12:30,75,75101,48.8627,2.33736,2,2,6,1,1,4,1,01,1,1,0,0,1,0,1,4,1,21,4,1,2,1,0,1,13,201600051089A01,,,,200054781
201600051103,2016-03-23,2016,mars,mercredi,17:35,75,75101,48.8593,2.34866,2,1,3,1,1,4,1,04,1,1,0,0,1,0,5,1,1,19,0,3,2,0,2,0,7,201600051103B01,1,17,1,200054781
201600051103,2016-03-23,2016,mars,mercredi,17:35,75,75101,48.8593,2.34866,2,1,3,1,1,4,1,04,1,1,0,0,1,0,5,4,1,19,0,3,2,0,2,0,17,201600051103A01,1,7,1,200054781
201600051104,2016-03-24,2016,mars,jeudi,09:25,75,75101,48.8627,2.33525,2,7,3,1,1,4,1,04,1,1,0,200,1,0,1,4,2,31,1,3,2,0,2,8,21,201600051104A01,7,7,1,200054781
201600051110,2016-04-09,2016,avril,samedi,00:45,75,75104,48.8603,2.35292,2,3,2,5,1,4,1,04,1,1,13,80,1,0,1,4,1,25,5,2,2,1,2,8,15,201600051110A01,32,1,1,200054781
201600051131,2016-06-19,2016,juin,dimanche,10:40,75,75102,48.8684,2.34765,2,2,6,1,1,4,1,01,2,-1,0,0,1,6,4,1,1,54,1,2,2,0,1,1,1,201600051131A01,,,,200054781
201600051139,2016-07-06,2016,juillet,mercredi,18:30,75,75101,48.8589,2.347,2,1,2,1,1,4,1,03,1,1,0,100,1,0,1,4,1,67,5,3,2,0,2,0,7,201600051139B01,37,7,1,200054781
201600051144,2016-07-15,2016,juillet,vendredi,11:20,75,75101,48.8624,2.34029,2,3,3,1,1,4,1,01,2,1,0,53,1,0,1,4,1,25,4,1,2,0,2,3,18,201600051144A01,7,22,1,200054781
201600051148,2016-07-28,2016,juillet,jeudi,08:35,75,75101,48.8589,2.347,2,1,3,1,2,4,1,03,1,1,0,109,2,0,1,4,2,31,1,3,2,0,2,8,1,201600051148B01,7,17,1,200054781
201600051151,2016-08-03,2016,août,mercredi,20:10,75,75103,48.8583,2.3638,2,3,2,2,1,4,1,01,1,-1,0,0,1,0,1,3,1,46,5,3,2,0,2,0,2,201600051151B01,31,2,1,200054781
201600051164,2016-09-28,2016,septembre,mercredi,11:55,75,75102,48.8689,2.3294,2,3,2,1,1,4,1,01,1,1,0,80,1,0,1,4,1,42,4,2,2,1,2,2,1,201600051164B01,7,22,1,200054781
201600051172,2016-11-03,2016,novembre,jeudi,15:05,75,75101,48.8635,2.33975,2,2,3,1,1,4,2,02,1,1,0,80,1,0,1,4,1,30,0,2,2,0,2,1,1,201600051172B01,7,15,1,200054781
201600051177,2016-11-14,2016,novembre,lundi,17:10,75,75101,48.8589,2.347,2,1,6,2,1,4,1,03,1,1,8,110,1,0,1,4,1,46,0,3,2,12,0,1,14,201600051177A01,,,,200054781
201600051191,2016-01-11,2016,janvier,lundi,20:50,75,75102,48.8644,2.34667,2,2,3,5,2,4,2,04,1,1,0,120,2,0,1,4,1,25,9,3,2,0,2,8,1,201600051191B01,7,10,1,200054781
201600051199,2016-01-21,2016,janvier,jeudi,07:40,75,75109,48.8758,2.34369,2,2,3,2,8,4,1,04,1,1,0,60,1,0,5,4,1,60,0,1,2,0,2,1,1,201600051199B01,7,15,1,200054781
201600051214,2016-02-28,2016,février,dimanche,01:40,75,75102,48.8644,2.3515,2,2,7,5,1,4,1,04,1,1,0,0,1,0,1,4,1,48,0,2,2,0,0,0,1,201600051214A01,,,,200054781
201600051232,2016-04-14,2016,avril,jeudi,10:30,75,75102,48.8678,2.34375,2,3,3,1,1,4,1,03,1,1,0,0,1,0,1,4,2,34,1,3,2,0,2,3,15,201600051232B01,34,17,1,200054781
201600051233,2016-04-14,2016,avril,jeudi,13:30,75,75102,48.8641,2.35009,2,2,6,1,1,4,1,00,1,1,0,0,1,0,0,1,1,22,9,1,2,0,1,7,1,201600051233A01,,,,200054781
201600051235,2016-04-25,2016,avril,lundi,12:10,75,75109,48.8731,2.33165,2,7,6,1,1,4,1,00,1,1,0,0,1,0,1,1,1,21,0,3,2,0,1,1,1,201600051235A01,,,,200054781
201600051237,2016-05-03,2016,mai,mardi,16:30,75,75102,48.8696,2.3315,2,2,3,1,1,4,2,02,1,1,0,60,1,0,1,4,1,29,1,3,2,0,2,1,1,201600051237A01,7,1,1,200054781
201600051238,2016-05-13,2016,mai,vendredi,11:20,75,75102,48.8652,2.35038,2,3,6,1,1,4,-1,01,1,1,0,40,1,6,1,1,1,43,5,3,2,1,1,1,1,201600051238A01,,,,200054781
201600051242,2016-06-01,2016,juin,mercredi,17:50,75,75102,48.8669,2.34943,2,2,3,1,1,4,1,03,1,1,0,0,1,5,1,4,2,32,0,3,2,0,2,3,7,201600051242B01,7,16,1,200054781
201600051244,2016-06-08,2016,juin,mercredi,10:05,75,75103,48.8641,2.35136,2,3,2,1,1,4,1,04,1,1,0,0,1,0,1,4,1,22,1,3,2,0,2,0,2,201600051244B01,7,2,1,200054781
201600051252,2016-06-23,2016,juin,jeudi,23:00,75,75102,48.8688,2.34331,2,3,6,5,1,4,1,03,1,-1,0,60,1,0,1,1,1,39,0,1,2,0,1,1,1,201600051252A01,,,,200054781
201600051254,2016-07-02,2016,juillet,samedi,14:40,75,75102,48.8687,2.35387,2,2,3,1,1,4,1,04,1,1,0,0,1,0,1,4,1,30,0,3,2,0,2,1,5,201600051254A01,2,1,1,200054781
201600051264,2016-10-04,2016,octobre,mardi,12:20,75,75104,48.8543,2.36373,2,3,6,1,1,4,2,03,1,1,0,0,1,0,1,1,2,28,4,3,2,0,1,1,1,201600051264A01,,,,200054781
201600051265,2016-10-08,2016,octobre,samedi,19:30,75,75104,48.849,2.36447,2,3,3,5,1,4,1,03,1,1,0,0,1,0,5,4,1,17,9,1,2,0,2,2,1,201600051265A01,10,16,1,200054781
201600051268,2016-10-14,2016,octobre,vendredi,11:10,75,75102,48.864,2.34836,2,1,3,1,8,4,2,03,1,1,0,0,1,0,1,4,1,37,5,3,2,0,2,7,1,201600051268B01,10,22,1,200054781
201600051277,2016-11-10,2016,novembre,jeudi,18:45,75,75102,48.8634,2.35094,2,2,1,5,3,4,2,04,1,1,0,120,2,0,1,4,1,52,1,3,2,0,2,1,1,201600051277B01,7,5,1,200054781
201600051286,2016-12-15,2016,décembre,jeudi,18:03,75,75101,48.8615,2.33907,2,3,3,5,1,4,1,04,1,1,0,160,1,0,0,4,1,28,1,3,2,0,2,1,1,201600051286B01,7,16,1,200054781
201600051288,2016-01-04,2016,janvier,lundi,16:40,75,75102,48.8702,2.3322,2,7,3,2,1,4,2,02,1,1,0,147,1,5,1,1,1,27,4,3,2,0,2,1,1,201600051288A01,33,1,1,200054781
201600051295,2016-01-20,2016,janvier,mercredi,10:10,75,75103,48.8657,2.3522,2,1,3,1,1,4,3,04,1,-1,7,125,1,0,1,4,1,38,1,3,2,0,2,3,7,201600051295A01,7,7,1,200054781
201600051297,2016-01-22,2016,janvier,vendredi,14:00,75,75103,48.869,2.35558,2,5,3,1,3,4,2,04,1,1,10,150,2,5,1,4,1,33,0,2,2,0,2,1,1,201600051297A01,7,15,1,200054781
201600051317,2016-03-12,2016,mars,samedi,12:45,75,75101,48.8638,2.33207,2,2,2,1,1,4,1,04,1,1,0,140,1,0,1,3,1,21,4,2,2,0,2,1,17,201600051317A01,7,16,1,200054781
201600051318,2016-03-16,2016,mars,mercredi,18:36,75,75101,48.8648,2.33285,2,1,2,5,1,4,1,02,1,1,0,110,1,0,1,4,1,54,5,2,2,0,2,1,1,201600051318B01,7,22,1,200054781
201600051337,2016-05-09,2016,mai,lundi,17:40,75,75103,48.8655,2.35571,2,5,3,1,1,4,1,03,1,1,0,110,1,5,1,4,1,41,5,3,2,0,2,8,18,201600051337B01,10,1,1,200054781
201600051339,2016-05-13,2016,mai,vendredi,09:40,75,75103,48.8655,2.35571,2,3,3,1,1,4,1,03,1,1,0,108,1,0,1,4,1,22,4,3,2,0,2,8,7,201600051339A01,7,16,1,200054781
201600051342,2016-05-27,2016,mai,vendredi,08:30,75,75101,48.8639,2.34908,2,5,3,1,1,4,2,04,1,1,0,118,1,0,5,4,1,25,1,3,2,0,2,1,7,201600051342B01,13,22,1,200054781
201600051347,2016-06-07,2016,juin,mardi,18:45,75,75103,48.8641,2.35136,2,3,7,1,1,4,1,04,1,1,5,88,1,0,1,4,1,45,1,1,2,0,0,1,1,201600051347A01,,,,200054781
201600051354,2016-06-18,2016,juin,samedi,20:20,75,75103,48.8683,2.35987,2,1,2,1,1,4,2,04,2,1,0,159,1,0,1,4,2,22,4,1,2,0,2,3,13,201600051354A01,7,13,1,200054781
201600051355,2016-06-20,2016,juin,lundi,11:10,75,75103,48.8646,2.35529,2,1,6,1,1,4,1,02,1,1,0,84,2,0,1,4,1,48,4,2,2,0,2,1,7,201600051355B01,7,22,1,200054781
201600051357,2016-06-30,2016,juin,jeudi,14:20,75,75103,48.8632,2.36463,2,1,3,1,8,4,2,02,1,1,0,64,1,0,1,4,2,61,9,3,2,0,2,7,1,201600051357A01,7,22,1,200054781
201600051360,2016-07-05,2016,juillet,mardi,21:30,75,75103,48.867,2.3544,2,1,2,5,1,4,1,03,1,1,6,86,1,0,1,4,1,25,5,3,2,0,2,1,2,201600051360A01,7,23,1,200054781
201600051365,2016-07-20,2016,juillet,mercredi,23:20,75,75104,48.8552,2.3528,2,2,6,5,1,4,2,04,1,1,0,60,1,6,1,1,1,28,5,1,2,0,1,8,1,201600051365A01,,,,200054781
201600051368,2016-07-27,2016,juillet,mercredi,14:55,75,75103,48.8627,2.35379,2,1,5,1,1,4,2,03,1,1,0,91,1,1,1,4,2,39,4,3,2,0,2,1,17,201600051368B01,7 / 31,23 / 17,2,200054781
201600051371,2016-08-02,2016,août,mardi,11:25,75,75103,48.8643,2.3551,2,2,5,1,2,4,1,02,1,1,2,87,2,0,1,4,2,25,1,2,2,0,2,2,17,201600051371B01,13 / 37,22 / 1,2,200054781
201600051374,2016-08-18,2016,août,jeudi,16:40,75,75103,48.8601,2.36743,2,2,7,1,8,4,1,01,1,1,0,0,2,0,0,4,1,49,5,3,2,0,0,0,1,201600051374A01,,,,200054781
201600051375,2016-08-23,2016,août,mardi,15:00,75,75103,48.8634,2.35094,2,2,3,1,1,4,1,04,1,1,2,142,1,0,1,4,1,42,5,3,2,0,2,3,7,201600051375B01,14,16,1,200054781
201600051376,2016-08-29,2016,août,lundi,17:00,75,75103,48.8603,2.36455,2,3,2,1,1,4,2,02,1,1,0,78,1,0,1,4,1,31,5,2,2,0,2,0,1,201600051376B01,7,22,1,200054781
201600051377,2016-09-02,2016,septembre,vendredi,09:30,75,75103,48.8649,2.36074,2,3,6,1,1,4,1,01,1,1,0,83,1,0,5,4,1,19,1,2,2,0,2,7,5,201600051377B01,7,9,1,200054781
201600051379,2016-09-06,2016,septembre,mardi,19:25,75,75103,48.8672,2.36302,2,2,7,1,2,4,2,05,1,1,0,145,1,0,1,4,2,31,1,1,2,0,2,0,13,201600051379B01,7,1,1,200054781
201600051383,2016-09-08,2016,septembre,jeudi,21:25,75,75103,48.8686,2.3582,2,1,3,5,1,4,2,03,1,1,0,90,1,0,1,4,2,46,5,3,2,0,2,1,1,201600051383B01,7,9,1,200054781
201600051384,2016-09-10,2016,septembre,samedi,15:35,75,75103,48.8614,2.36714,2,3,2,1,1,4,2,06,1,1,0,172,1,0,1,4,2,27,5,2,2,0,2,4,7,201600051384B01,7,7,1,200054781
201600051388,2016-09-22,2016,septembre,jeudi,10:35,75,75103,48.8659,2.35422,2,1,2,1,1,4,1,03,1,1,0,0,1,0,1,4,1,67,5,3,2,0,2,1,1,201600051388A01,2,18,1,200054781
201600051391,2016-09-28,2016,septembre,mercredi,09:45,75,75103,48.866,2.35376,2,2,3,1,1,4,1,03,1,1,0,108,1,5,1,1,1,28,4,2,2,0,2,2,17,201600051391B01,1,15,1,200054781
201600051391,2016-09-28,2016,septembre,mercredi,09:45,75,75103,48.866,2.35376,2,2,3,1,1,4,1,03,1,1,0,108,1,5,1,4,2,51,4,2,2,0,2,4,15,201600051391A01,1,17,1,200054781
201600051398,2016-10-10,2016,octobre,lundi,14:40,75,75103,48.8596,2.36755,2,1,6,1,1,4,2,06,1,1,0,120,1,0,1,4,2,49,5,3,2,0,2,3,1,201600051398A01,10,14,1,200054781
201600051399,2016-10-11,2016,octobre,mardi,17:00,75,75103,48.8638,2.36629,2,1,6,1,1,4,2,05,2,1,0,160,1,0,1,4,1,58,1,2,2,0,1,1,7,201600051399A01,,,,200054781
201600051403,2016-10-15,2016,octobre,samedi,21:10,75,75104,48.8551,2.34565,2,1,3,5,1,4,2,04,1,1,0,0,1,0,1,4,1,22,5,3,2,0,2,0,18,201600051403B01,7,22,1,200054781
201600051412,2016-11-10,2016,novembre,jeudi,14:40,75,75103,48.8612,2.35345,2,2,2,1,2,4,1,03,1,1,3,104,2,5,1,4,1,49,5,3,2,0,2,1,2,201600051412A01,7,23,1,200054781
201600051418,2016-11-21,2016,novembre,lundi,20:55,75,75103,48.8624,2.35204,2,3,3,5,1,4,-1,01,1,1,0,115,1,6,0,1,2,27,5,2,2,0,2,3,15,201600051418A01,2,17,1,200054781
201600051420,2016-11-24,2016,novembre,jeudi,18:35,75,75103,48.8653,2.36539,2,4,3,5,1,4,2,05,1,1,0,149,1,0,1,4,1,28,9,3,2,0,2,8,7,201600051420B01,7,16,1,200054781
201600051422,2016-11-26,2016,novembre,samedi,18:45,75,75102,48.8665,2.35109,2,5,3,5,1,4,1,04,1,1,0,125,1,0,1,4,1,27,5,3,2,0,2,0,1,201600051422A01,7,1,1,200054781
201600051424,2016-11-30,2016,novembre,mercredi,08:00,75,75104,48.8567,2.34891,2,2,3,1,1,4,1,04,1,1,0,110,1,0,1,4,1,22,1,3,2,0,2,7,1,201600051424A01,34,1,1,200054781
201600051428,2016-12-03,2016,décembre,samedi,19:15,75,75102,48.8644,2.34667,2,2,6,5,1,4,2,03,1,1,0,100,1,0,1,4,1,20,4,3,2,1,2,1,17,201600051428A01,7,23 / 22,2,200054781
201600051431,2016-12-08,2016,décembre,jeudi,21:10,75,75103,48.861,2.35411,2,1,1,5,1,4,1,02,1,1,0,41,1,0,5,4,1,23,4,3,2,0,2,1,23,201600051431B01,1,13,1,200054781
201600051431,2016-12-08,2016,décembre,jeudi,21:10,75,75103,48.861,2.35411,2,1,1,5,1,4,1,02,1,1,0,41,1,0,5,4,1,31,5,3,2,0,2,1,13,201600051431A01,1,23,1,200054781
201600051439,2016-12-20,2016,décembre,mardi,21:05,75,75103,48.866,2.35376,2,2,6,5,1,4,-1,03,1,1,5,110,1,0,4,4,1,24,0,3,2,8,0,1,5,201600051439A01,,,,200054781
201600051440,2016-12-26,2016,décembre,lundi,14:45,75,75102,48.8689,2.35218,2,2,3,1,1,4,1,02,1,1,0,57,1,0,1,4,2,24,5,3,2,0,2,1,5,201600051440A01,32,1,1,200054781
201600051445,2016-01-09,2016,janvier,samedi,04:25,75,75104,48.8573,2.34922,2,2,6,5,1,4,1,03,1,2,0,80,1,0,0,1,1,25,0,3,2,0,2,0,5,201600051445A01,33,1,1,200054781
201600051453,2016-01-27,2016,janvier,mercredi,20:10,75,75104,48.8551,2.36104,2,1,2,5,2,4,1,01,1,1,0,42,2,6,1,4,2,43,1,1,2,0,2,0,1,201600051453B01,7,22,1,200054781
201600051467,2016-03-04,2016,mars,vendredi,20:00,75,75104,48.8537,2.36896,2,5,3,5,2,4,2,06,1,1,0,270,2,0,1,1,1,29,3,1,2,0,2,1,19,201600051467A01,33,1,1,200054781
201600051472,2016-03-11,2016,mars,vendredi,17:30,75,75104,48.862,2.35013,2,2,6,1,1,4,1,03,1,-1,0,160,1,0,1,1,2,27,0,3,2,0,1,8,7,201600051472A01,,,,200054781
201600051473,2016-03-11,2016,mars,vendredi,19:30,75,75104,48.8533,2.35779,2,2,1,5,1,4,2,03,1,1,0,0,1,0,1,4,2,24,9,3,2,0,2,0,15,201600051473B01,7,13,1,200054781
201600051481,2016-04-02,2016,avril,samedi,10:40,75,75104,48.8535,2.3665,2,3,3,1,1,4,2,04,1,1,0,133,-1,0,5,4,1,45,9,3,2,0,2,1,17,201600051481B01,10,22,1,200054781
201600051488,2016-04-20,2016,avril,mercredi,20:55,75,75104,48.8542,2.36404,2,1,3,5,1,4,2,03,-1,-1,0,0,-1,0,5,4,1,26,0,1,2,0,2,1,1,201600051488B01,30,9,1,200054781
201600051490,2016-04-21,2016,avril,jeudi,21:05,75,75104,48.8559,2.36226,2,3,1,5,1,4,1,01,1,1,0,35,1,0,5,4,1,31,5,2,2,0,2,1,1,201600051490B01,30,13,1,200054781
201600051491,2016-04-26,2016,avril,mardi,08:30,75,75101,48.8588,2.34748,2,5,3,1,8,4,1,03,1,1,0,120,1,0,1,4,2,51,5,2,2,0,2,2,1,201600051491B01,7,1,1,200054781
201600051495,2016-05-04,2016,mai,mercredi,15:45,75,75104,48.8569,2.3538,2,2,3,1,1,4,1,03,1,1,0,105,1,0,1,1,1,36,5,3,2,0,2,1,5,201600051495A01,30,1,1,200054781
201600051498,2016-05-12,2016,mai,jeudi,20:00,75,75104,48.8562,2.36574,2,7,6,2,2,4,-1,01,1,1,0,60,2,0,1,1,1,22,0,3,2,0,1,0,1,201600051498A01,,,,200054781
201600051500,2016-05-19,2016,mai,jeudi,08:35,75,75104,48.8578,2.35156,2,1,2,1,2,4,1,03,2,1,0,120,2,0,1,4,1,66,5,2,2,0,2,1,7,201600051500A01,7,7,1,200054781
201600051507,2016-05-23,2016,mai,lundi,18:30,75,75104,48.8577,2.34776,2,7,6,1,1,4,1,02,-1,-1,0,0,-1,0,0,1,2,26,9,3,2,0,1,2,7,201600051507A01,,,,200054781
201600051513,2016-06-02,2016,juin,jeudi,11:10,75,75109,48.872,2.33998,2,2,3,1,8,4,1,02,1,1,0,88,1,0,1,4,1,68,5,1,2,0,2,1,1,201600051513B01,10,22,1,200054781
201600051525,2016-06-28,2016,juin,mardi,21:00,75,75104,48.8606,2.34934,2,2,6,2,1,4,1,04,1,1,0,120,1,0,1,4,1,23,0,2,2,0,1,0,1,201600051525A01,,,,200054781
201600051526,2016-07-01,2016,juillet,vendredi,19:10,75,75104,48.8482,2.36497,2,4,3,1,1,4,1,02,1,1,0,68,1,0,5,4,1,28,1,1,2,0,2,2,1,201600051526B01,7,16,1,200054781
201600051543,2016-07-25,2016,juillet,lundi,09:40,75,75104,48.849,2.36447,2,4,3,1,1,4,1,02,1,3,0,80,1,0,5,4,2,54,0,1,2,0,2,1,1,201600051543B01,7,16,1,200054781
201600051550,2016-08-10,2016,août,mercredi,20:45,75,75103,48.8572,2.36175,2,2,3,2,1,4,1,01,1,1,0,35,1,0,0,3,1,49,1,2,2,0,2,8,1,201600051550B01,7,1,1,200054781
201600051554,2016-08-19,2016,août,vendredi,14:35,75,75104,48.8551,2.34565,2,1,2,1,2,4,2,03,1,1,0,150,2,0,1,4,1,45,5,1,2,0,2,1,17,201600051554B01,7,22,1,200054781
201600051559,2016-08-23,2016,août,mardi,16:45,75,75104,48.8575,2.35141,2,5,3,1,1,4,1,03,1,-1,0,90,1,0,1,4,1,34,0,3,2,0,2,8,19,201600051559A01,31,15,1,200054781
201600051562,2016-08-25,2016,août,jeudi,10:25,75,75104,48.8525,2.36672,2,2,3,1,1,4,2,03,1,1,0,120,1,0,1,4,1,77,5,2,2,0,2,7,7,201600051562A01,1,7,1,200054781
201600051562,2016-08-25,2016,août,jeudi,10:25,75,75104,48.8525,2.36672,2,2,3,1,1,4,2,03,1,1,0,120,1,0,1,4,1,57,3,2,2,0,2,8,7,201600051562B01,1,7,1,200054781
201600051568,2016-09-02,2016,septembre,vendredi,17:00,75,75104,48.856,2.35089,2,2,6,1,1,4,1,00,1,1,0,50,1,2,0,4,1,29,5,2,2,0,1,1,16,201600051568A01,,,,200054781
201600051571,2016-09-08,2016,septembre,jeudi,08:30,75,75104,48.8517,2.3617,2,1,6,1,1,4,2,07,1,1,0,260,1,0,5,4,1,45,1,1,2,8,0,0,21,201600051571A01,,,,200054781
201600051582,2016-09-30,2016,septembre,vendredi,13:15,75,75104,48.8612,2.35345,2,2,3,1,1,4,1,03,-1,-1,0,100,-1,0,0,4,1,35,0,3,2,0,2,0,7,201600051582B01,7,16,1,200054781
201600051583,2016-10-02,2016,octobre,dimanche,12:13,75,75104,48.8552,2.36113,2,3,5,1,1,4,1,02,1,1,0,75,1,0,1,1,2,21,0,2,2,0,2,1,19,201600051583B01,7 / 33,24 / 1,2,200054781
201600051587,2016-10-15,2016,octobre,samedi,15:25,75,75101,48.8583,2.34337,2,3,3,1,1,4,1,02,1,1,0,126,1,0,1,4,1,43,5,3,2,0,2,5,14,201600051587B01,7,1,1,200054781
201600051594,2016-11-12,2016,novembre,samedi,13:10,75,75104,48.8551,2.35021,2,2,3,1,1,4,1,01,1,-1,0,100,1,0,1,4,1,19,4,1,2,0,2,5,1,201600051594A01,10,1,1,200054781
201600051595,2016-11-16,2016,novembre,mercredi,19:25,75,75104,48.8544,2.35494,2,2,3,5,1,4,2,02,1,1,0,100,1,0,1,4,1,39,9,2,2,0,2,7,15,201600051595A01,31,1,1,200054781
201600051597,2016-11-28,2016,novembre,lundi,17:00,75,75104,48.8526,2.3598,2,3,3,2,1,4,1,02,1,1,0,36,1,0,5,4,2,25,5,3,2,0,2,0,1,201600051597B01,7,16,1,200054781
201600051600,2016-12-01,2016,décembre,jeudi,11:00,75,75104,48.8595,2.35251,2,2,3,1,1,4,1,03,1,1,0,120,1,0,1,4,1,25,1,1,2,0,2,1,7,201600051600B01,10,16,1,200054781
201600051605,2016-12-10,2016,décembre,samedi,19:50,75,75104,48.8585,2.35524,2,2,3,5,1,4,1,01,1,1,0,70,1,0,1,4,1,43,5,1,2,0,2,1,1,201600051605B01,7,22,1,200054781
201600051613,2016-12-27,2016,décembre,mardi,13:15,75,75104,48.8568,2.35104,2,7,3,1,1,4,1,03,1,1,0,100,1,0,1,4,2,56,5,3,2,0,2,8,18,201600051613A01,7,22,1,200054781