Num_Acc,date,an,mois,jour,hrmn,dep,com,lat,long,agg,int,col,lum,atm,catr,circ,nbv,prof,plan,lartpc,larrout,surf,infra,situ,grav,sexe,age,trajet,secuexist,equipement,obs,obsm,choc,manv,vehiculeid,typevehicules,manoeuvehicules,numVehicules,_infos_commune.code_epci
201600052243,2016-03-25,2016,mars,vendredi,11:50,75,75108,48.8706,2.32286,2,4,3,1,1,4,2,06,1,1,0,100,2,0,1,4,1,31,1,3,2,0,2,7,1,201600052243B01,7,9,1,200054781
201600052256,2016-04-05,2016,avril,mardi,14:15,75,75108,48.8642,2.30178,2,5,3,1,1,4,1,01,1,1,0,100,1,0,1,1,1,30,9,3,2,0,2,8,19,201600052256A01,32,1,1,200054781
201600052256,2016-04-05,2016,avril,mardi,14:15,75,75108,48.8642,2.30178,2,5,3,1,1,4,1,01,1,1,0,100,1,0,1,4,2,24,5,3,2,0,2,8,19,201600052256A01,32,1,1,200054781
201600052267,2016-04-11,2016,avril,lundi,09:10,75,75108,48.8747,2.32004,2,5,3,1,2,4,2,02,1,1,0,100,2,0,1,4,1,47,1,3,9,0,2,2,16,201600052267B01,7,13,1,200054781
201600052293,2016-05-01,2016,mai,dimanche,18:05,75,75108,48.869,2.31475,2,2,3,1,1,4,2,03,1,1,0,100,1,0,1,4,2,70,0,3,2,0,2,0,1,201600052293B01,7,16,1,200054781
201600052300,2016-05-04,2016,mai,mercredi,20:25,75,75108,48.8724,2.29949,2,2,3,2,1,4,2,08,1,1,0,240,1,0,1,4,2,31,5,3,2,0,2,7,1,201600052300B01,7,22,1,200054781
201600052307,2016-05-09,2016,mai,lundi,12:00,75,75108,48.8749,2.30541,2,2,3,1,1,4,2,02,2,1,0,0,1,0,1,1,1,53,1,1,2,0,2,0,16,201600052307A01,33,1,1,200054781
201600052312,2016-05-11,2016,mai,mercredi,12:20,75,75108,48.8749,2.30181,2,7,6,1,1,4,2,02,1,1,0,90,1,0,1,1,1,30,5,3,2,0,1,1,1,201600052312A01,,,,200054781
201600052323,2016-05-24,2016,mai,mardi,11:15,75,75116,48.8675,2.29922,2,2,3,1,1,4,2,00,-1,-1,0,0,1,0,1,4,2,36,1,1,2,0,2,1,1,201600052323B01,34,9,1,200054781
201600052324,2016-05-25,2016,mai,mercredi,16:30,75,75108,48.8685,2.30925,2,7,3,1,1,4,2,00,1,1,0,0,1,0,1,4,1,26,1,3,2,0,2,0,1,201600052324B01,7,15,1,200054781
201600052343,2016-06-07,2016,juin,mardi,15:30,75,75108,48.8729,2.31595,2,2,3,1,1,4,1,01,1,1,0,70,1,0,1,4,1,35,4,3,2,0,2,1,18,201600052343A01,2,1,1,200054781
201600052352,2016-06-16,2016,juin,jeudi,23:00,75,75108,48.867,2.30631,2,2,2,1,1,4,4,02,1,1,0,120,2,0,1,4,1,31,5,2,2,0,2,1,1,201600052352A01,7,1,1,200054781
201600052356,2016-06-19,2016,juin,dimanche,06:30,75,75108,48.8666,2.3219,2,7,3,2,1,4,-1,04,-1,-1,0,0,-1,0,1,4,1,25,5,2,2,0,2,0,1,201600052356A01,7,1,1,200054781
201600052361,2016-06-22,2016,juin,mercredi,11:30,75,75108,48.8671,2.31393,2,7,3,1,1,4,-1,02,1,1,0,0,1,0,1,4,1,27,4,2,2,0,2,8,1,201600052361B01,34,14,1,200054781
201600052366,2016-06-26,2016,juin,dimanche,19:40,75,75108,48.8784,2.31553,2,2,3,1,1,4,2,02,2,1,40,80,1,0,1,3,1,26,0,1,2,0,2,1,1,201600052366A01,7,1,1,200054781
201600052368,2016-06-28,2016,juin,mardi,09:00,75,75108,48.8743,2.31793,2,1,3,1,1,4,1,03,1,1,0,150,1,0,1,4,1,26,1,2,2,1,2,3,7,201600052368B01,7,12,1,200054781
201600052377,2016-07-01,2016,juillet,vendredi,09:40,75,75108,48.875,2.32177,2,1,3,1,1,4,1,02,1,1,0,60,1,0,1,4,2,23,1,3,2,0,2,3,7,201600052377B01,7,16,1,200054781
201600052379,2016-07-04,2016,juillet,lundi,08:20,75,75108,48.8768,2.30728,2,1,3,1,1,4,2,02,1,1,0,0,1,0,1,4,2,44,4,3,2,0,2,3,9,201600052379A01,31,1,1,200054781
201600052388,2016-07-08,2016,juillet,vendredi,18:50,75,75108,48.8743,2.30558,2,1,3,1,1,4,1,00,-1,-1,0,0,-1,0,1,4,1,45,9,1,2,0,2,1,1,201600052388B01,7,22,1,200054781
201600052394,2016-07-12,2016,juillet,mardi,21:50,75,75108,48.8737,2.31445,2,2,6,2,1,4,1,00,1,1,0,0,1,0,1,1,1,32,4,3,2,0,1,1,7,201600052394A01,,,,200054781
201600052411,2016-07-28,2016,juillet,jeudi,16:30,75,75108,48.8796,2.327,2,4,2,1,1,4,1,01,1,1,0,130,1,0,1,4,1,66,5,3,2,0,2,1,2,201600052411B01,10,4,1,200054781
201600052414,2016-07-31,2016,juillet,dimanche,20:25,75,75108,48.875,2.30789,2,1,2,2,1,4,2,06,1,1,0,150,1,0,1,4,1,29,9,1,2,0,2,3,7,201600052414B01,7,14,1,200054781
201600052423,2016-08-09,2016,août,mardi,09:20,75,75108,48.8826,2.32335,2,2,3,1,1,4,1,01,1,1,0,0,1,0,1,4,2,28,9,1,2,0,2,1,19,201600052423A01,10,1,1,200054781
201600052437,2016-08-27,2016,août,samedi,22:30,75,75108,48.8793,2.30391,2,1,6,3,6,4,-1,00,1,1,0,80,1,0,5,1,1,22,9,3,2,0,1,1,1,201600052437A01,,,,200054781
201600052440,2016-08-30,2016,août,mardi,09:35,75,75108,48.8742,2.31749,2,2,4,1,1,4,1,02,1,1,0,0,1,0,1,4,1,53,4,3,2,0,0,2,2,201600052440A01,2 / 7,2 / 23,2,200054781
201600052454,2016-09-07,2016,septembre,mercredi,15:27,75,75117,48.8842,2.30266,2,7,3,1,1,4,2,02,1,1,0,0,1,0,1,4,1,29,9,3,2,0,2,6,1,201600052454A01,7,22,1,200054781
201600052456,2016-09-07,2016,septembre,mercredi,19:00,75,75108,48.8739,2.31586,2,2,3,1,1,4,-1,02,-1,-1,0,120,-1,0,0,4,2,25,0,3,2,0,2,8,19,201600052456B01,31,1,1,200054781
201600052472,2016-09-22,2016,septembre,jeudi,07:50,75,75108,48.8642,2.32014,2,7,3,1,1,4,2,08,1,1,0,240,1,0,1,4,2,56,1,3,2,0,2,8,1,201600052472B01,7,15,1,200054781
201600052480,2016-09-30,2016,septembre,vendredi,10:00,75,75108,48.8742,2.31749,2,2,3,1,1,4,1,03,1,1,0,60,1,0,0,4,1,22,4,1,2,0,2,8,7,201600052480B01,7,17,1,200054781
201600052501,2016-10-25,2016,octobre,mardi,10:30,75,75108,48.8756,2.31881,2,7,3,1,1,4,2,05,2,1,0,240,1,0,5,4,1,44,1,3,2,0,2,1,1,201600052501B01,7,22,1,200054781
201600052513,2016-11-04,2016,novembre,vendredi,23:40,75,75108,48.8781,2.32257,2,2,3,5,3,4,-1,00,-1,-1,0,0,-1,0,0,4,1,29,9,1,2,0,2,3,1,201600052513A01,7,1,1,200054781
201600052516,2016-11-09,2016,novembre,mercredi,08:40,75,75108,48.865,2.31369,2,2,3,1,1,4,1,00,1,1,0,90,2,0,1,4,2,24,0,3,2,0,2,7,18,201600052516B01,13,16,1,200054781
201600052526,2016-11-16,2016,novembre,mercredi,16:00,75,75108,48.8666,2.3219,2,7,3,1,1,4,1,03,1,1,0,0,1,0,1,4,1,41,0,1,2,0,2,1,18,201600052526B01,7,1,1,200054781
201600052529,2016-11-17,2016,novembre,jeudi,22:40,75,75108,48.8666,2.3219,2,7,3,5,1,4,1,02,1,1,0,50,1,0,1,4,1,40,5,2,2,0,2,3,1,201600052529B01,33,1,1,200054781
201600052539,2016-11-26,2016,novembre,samedi,02:27,75,75108,48.882,2.32048,2,5,3,5,1,4,-1,01,1,-1,80,60,1,0,0,4,1,24,0,3,2,0,2,0,1,201600052539A01,7,1,1,200054781
201600052549,2016-12-07,2016,décembre,mercredi,23:20,75,75108,48.8756,2.32657,2,7,3,5,1,4,2,03,1,1,0,75,1,5,1,4,1,53,0,3,2,0,2,2,1,201600052549A01,7,1,1,200054781
201600052562,2016-12-23,2016,décembre,vendredi,17:45,75,75108,48.8653,2.30289,2,7,3,5,8,4,1,03,1,1,0,0,1,0,1,4,1,19,5,3,2,0,2,2,7,201600052562B01,7,15,1,200054781
201600052576,2016-01-21,2016,janvier,jeudi,20:00,75,75109,48.8834,2.34763,2,1,6,5,1,4,1,02,1,1,80,80,1,0,5,4,1,66,0,3,2,0,2,5,7,201600052576A01,7,7,1,200054781
201600052582,2016-02-06,2016,février,samedi,20:00,75,75109,48.8841,2.3308,2,3,3,5,1,4,1,01,2,1,0,0,1,0,1,4,1,20,4,3,2,0,2,6,18,201600052582B01,10,16,1,200054781
201600052596,2016-03-07,2016,mars,lundi,16:40,75,75109,48.8766,2.34657,2,5,3,1,1,4,1,03,1,1,0,0,1,0,1,4,1,16,5,3,2,0,2,4,15,201600052596B01,31,17,1,200054781
201600052597,2016-03-08,2016,mars,mardi,07:30,75,75109,48.8739,2.33124,2,1,2,1,1,4,1,02,1,1,0,0,1,0,1,4,1,43,1,1,2,0,2,1,2,201600052597A01,7,2,1,200054781
201600052602,2016-03-25,2016,mars,vendredi,15:30,75,75109,48.8833,2.34689,2,5,3,1,1,4,1,02,1,2,0,0,1,0,1,4,2,33,0,3,2,0,2,7,1,201600052602B01,7,1,1,200054781
201600052604,2016-03-29,2016,mars,mardi,23:20,75,75109,48.8732,2.3311,2,7,3,5,2,4,1,02,1,1,0,60,2,0,0,4,2,24,0,3,2,0,2,1,1,201600052604A01,34,1,1,200054781
201600052621,2016-05-06,2016,mai,vendredi,08:50,75,75109,48.8762,2.33109,2,7,6,1,1,4,2,04,1,1,0,120,1,0,1,1,1,42,1,3,2,0,1,0,5,201600052621A01,,,,200054781
201600052624,2016-05-09,2016,mai,lundi,14:50,75,75109,48.8709,2.34672,2,3,3,1,8,4,2,05,-1,-1,0,0,-1,0,1,4,1,46,5,3,2,0,2,0,7,201600052624B01,7,11,1,200054781
201600052626,2016-05-14,2016,mai,samedi,15:10,75,75109,48.8769,2.3342,2,7,3,1,1,4,1,01,1,1,0,0,1,0,1,4,1,21,1,3,2,0,2,1,13,201600052626B01,7,2,1,200054781
201600052641,2016-06-11,2016,juin,samedi,13:00,75,75109,48.8752,2.3481,2,1,6,1,2,4,1,02,1,1,0,50,2,0,1,4,1,65,5,3,2,1,2,0,0,201600052641B01,2,18,1,200054781
201600052642,2016-06-12,2016,juin,dimanche,17:05,75,75109,48.8741,2.33806,2,2,3,1,1,4,1,01,1,1,0,70,2,0,1,4,1,23,4,2,2,0,2,1,1,201600052642A01,7,1,1,200054781
201600052645,2016-06-24,2016,juin,vendredi,09:00,75,75109,48.8746,2.34161,2,1,3,1,1,4,1,02,1,1,0,0,1,0,1,4,2,49,1,1,2,1,2,3,1,201600052645B01,14,11,1,200054781
201600052647,2016-06-25,2016,juin,samedi,01:30,75,75109,48.873,2.32827,2,5,2,5,1,4,1,01,-1,-1,0,0,-1,0,1,4,1,22,0,2,2,1,2,1,18,201600052647A01,7,22,1,200054781
201600052648,2016-06-25,2016,juin,samedi,13:15,75,75109,48.8762,2.33109,2,5,3,1,1,4,1,02,1,1,0,80,1,0,1,4,2,59,5,2,2,0,2,8,15,201600052648B01,7,1,1,200054781
201600052659,2016-07-21,2016,juillet,jeudi,02:30,75,75109,48.8824,2.3369,2,7,3,5,1,4,1,00,1,1,0,0,1,0,1,4,1,32,5,3,2,0,2,1,5,201600052659A01,7,2,1,200054781
201600052661,2016-07-25,2016,juillet,lundi,10:00,75,75109,48.8741,2.33904,2,2,3,1,1,4,1,01,1,1,0,50,1,0,1,4,2,31,1,3,2,0,2,7,1,201600052661A01,10,7,1,200054781
201600052673,2016-08-25,2016,août,jeudi,19:57,75,75109,48.8833,2.32749,2,7,2,1,1,4,1,03,1,2,0,0,1,0,1,4,1,32,0,2,2,1,2,1,17,201600052673B01,7,22,1,200054781
201600052683,2016-10-01,2016,octobre,samedi,11:40,75,75109,48.8697,2.32647,2,4,3,1,1,4,-1,02,1,1,0,0,1,0,0,4,2,33,0,1,2,0,2,0,1,201600052683B01,7,15,1,200054781
201600052692,2016-10-16,2016,octobre,dimanche,18:48,75,75109,48.8763,2.33366,2,1,6,2,1,4,1,02,1,1,0,0,1,0,1,4,1,62,0,3,2,1,2,4,1,201600052692B01,7,17,1,200054781
201600052701,2016-11-04,2016,novembre,vendredi,00:40,75,75109,48.8843,2.33001,2,1,6,5,1,4,1,00,-1,-1,0,0,-1,0,1,4,1,20,0,3,2,0,2,4,2,201600052701A01,33,2,1,200054781
201600052711,2016-11-19,2016,novembre,samedi,17:10,75,75109,48.8757,2.32775,2,3,6,2,1,4,-1,03,1,1,0,60,1,0,1,4,1,18,0,2,2,0,1,0,7,201600052711A01,,,,200054781
201600052719,2016-12-01,2016,décembre,jeudi,13:30,75,75109,48.8828,2.34444,2,7,3,1,1,4,1,02,1,1,0,0,1,0,1,1,1,46,5,3,2,0,2,0,16,201600052719A01,30,1,1,200054781
201600052737,2016-01-12,2016,janvier,mardi,21:00,75,75110,48.8706,2.35495,2,3,6,5,2,4,1,04,1,1,0,140,2,0,5,4,1,30,0,3,2,8,2,1,7,201600052737B01,7,22,1,200054781
201600052745,2016-01-23,2016,janvier,samedi,09:05,75,75110,48.8737,2.37033,2,5,7,1,1,4,2,03,2,1,0,0,2,0,1,4,1,43,5,1,2,0,0,9,1,201600052745A01,,,,200054781
201600052745,2016-01-23,2016,janvier,samedi,09:05,75,75110,48.8737,2.37033,2,5,7,1,1,4,2,03,2,1,0,0,2,0,1,4,1,7,5,1,2,0,0,9,1,201600052745A01,,,,200054781
201600052745,2016-01-23,2016,janvier,samedi,09:05,75,75110,48.8737,2.37033,2,5,7,1,1,4,2,03,2,1,0,0,2,0,1,4,1,7,5,1,2,0,0,9,1,201600052745A01,,,,200054781
201600052746,2016-01-23,2016,janvier,samedi,15:45,75,75110,48.8717,2.36541,2,3,7,1,1,4,1,00,2,1,0,100,2,0,5,3,1,24,5,3,2,0,0,0,21,201600052746A01,,,,200054781
201600052747,2016-01-23,2016,janvier,samedi,22:00,75,75110,48.88,2.35416,2,1,6,5,1,4,2,02,1,1,20,80,1,0,1,4,2,26,5,3,2,0,2,1,1,201600052747A01,7,22,1,200054781
201600052764,2016-02-08,2016,février,lundi,18:30,75,75110,48.8698,2.36689,2,1,3,5,1,4,1,01,1,1,0,60,2,0,5,4,2,31,5,3,2,0,2,1,1,201600052764B01,7,22,1,200054781
201600052774,2016-02-29,2016,février,lundi,10:25,75,75110,48.8692,2.36184,2,1,2,1,1,4,1,01,1,1,0,0,1,0,1,4,1,52,1,3,2,0,2,4,2,201600052774B01,7,2,1,200054781
201600052777,2016-03-01,2016,mars,mardi,18:30,75,75110,48.8835,2.36896,2,1,3,2,1,4,3,03,1,1,0,90,1,0,0,4,2,28,5,3,2,0,2,1,1,201600052777B01,7,22,1,200054781
201600052778,2016-03-04,2016,mars,vendredi,15:30,75,75110,48.8721,2.35396,2,1,6,1,2,4,1,01,1,1,0,0,2,0,1,4,2,25,1,2,2,1,2,1,2,201600052778B01,10,22,1,200054781
201600052781,2016-03-08,2016,mars,mardi,10:00,75,75110,48.8704,2.37073,2,1,3,1,1,4,1,01,1,1,0,120,1,0,1,4,2,26,4,3,2,0,2,1,1,201600052781B01,7,22,1,200054781
201600052787,2016-03-18,2016,mars,vendredi,14:20,75,75110,48.8762,2.35611,2,2,3,1,1,4,1,01,2,1,0,35,1,0,5,4,1,29,5,2,2,0,2,1,1,201600052787B01,7,16,1,200054781
201600052791,2016-03-23,2016,mars,mercredi,15:30,75,75110,48.8815,2.35134,2,4,3,1,1,4,3,02,1,1,0,0,1,0,5,4,1,60,0,1,2,0,2,1,1,201600052791B01,14,16,1,200054781
201600052794,2016-04-04,2016,avril,lundi,18:55,75,75110,48.8815,2.35134,2,4,6,1,1,4,2,04,1,1,0,120,1,0,1,4,1,23,0,3,2,0,2,1,7,201600052794A01,7,16,1,200054781
201600052804,2016-04-16,2016,avril,samedi,18:10,75,75110,48.8795,2.35772,2,2,3,1,1,4,1,01,1,1,15,30,1,0,1,4,1,36,5,1,2,0,2,1,1,201600052804B01,7,15,1,200054781
201600052805,2016-04-20,2016,avril,mercredi,11:05,75,75110,48.8736,2.37499,2,2,6,1,1,4,1,01,1,1,0,25,1,0,5,1,1,23,5,3,2,0,1,1,21,201600052805A01,,,,200054781
201600052815,2016-05-05,2016,mai,jeudi,15:48,75,75110,48.8732,2.36348,2,3,6,1,1,4,1,00,1,1,0,0,1,0,5,1,1,47,5,3,2,0,1,1,1,201600052815A01,,,,200054781
201600052816,2016-05-06,2016,mai,vendredi,08:30,75,75110,48.8762,2.35611,2,3,3,1,1,4,1,01,2,1,0,0,1,0,5,4,1,53,1,3,2,0,2,0,1,201600052816B01,7,15,1,200054781
201600052821,2016-05-10,2016,mai,mardi,20:30,75,75110,48.87,2.37099,2,2,3,2,2,4,1,01,1,1,0,50,2,5,1,4,1,44,1,2,2,16,2,2,19,201600052821B01,7,15,1,200054781
201600052825,2016-05-14,2016,mai,samedi,20:00,75,75110,48.8732,2.36421,2,2,6,1,1,4,1,02,1,1,0,80,1,0,1,1,1,18,5,3,2,0,1,1,5,201600052825A01,7,23,1,200054781
201600052829,2016-05-21,2016,mai,samedi,01:15,75,75110,48.8806,2.36196,2,7,6,5,1,4,2,04,1,1,0,120,1,0,1,4,2,32,5,3,2,0,2,1,13,201600052829A01,37,17,1,200054781
201600052846,2016-06-17,2016,juin,vendredi,11:15,75,75110,48.8843,2.36378,2,1,6,1,1,4,1,02,2,1,0,0,1,0,5,4,1,65,0,3,2,0,1,1,1,201600052846A01,,,,200054781
201600052850,2016-06-20,2016,juin,lundi,17:20,75,75110,48.8723,2.35592,2,2,1,1,3,4,1,04,1,1,0,250,2,0,1,4,1,53,5,2,2,0,2,1,1,201600052850B01,7,15,1,200054781
201600052867,2016-07-11,2016,juillet,lundi,13:55,75,75110,48.8692,2.3548,2,1,3,1,1,4,2,03,1,1,0,60,1,0,5,4,2,51,4,1,2,0,2,0,1,201600052867B01,7,14,1,200054781
201600052868,2016-07-11,2016,juillet,lundi,21:30,75,75110,48.8689,2.35633,2,1,6,2,1,4,2,04,2,1,0,250,1,0,1,4,1,44,1,3,2,8,2,1,1,201600052868B01,1,19,1,200054781
201600052868,2016-07-11,2016,juillet,lundi,21:30,75,75110,48.8689,2.35633,2,1,6,2,1,4,2,04,2,1,0,250,1,0,1,1,2,34,5,3,2,0,2,0,19,201600052868A01,1,1,1,200054781
201600052883,2016-08-29,2016,août,lundi,19:05,75,75110,48.8704,2.35482,2,1,6,1,1,4,1,03,1,1,0,160,1,0,1,4,2,52,1,3,9,0,1,1,1,201600052883A01,,,,200054781
201600052884,2016-09-01,2016,septembre,jeudi,16:00,75,75110,48.8697,2.35262,2,2,6,1,1,4,2,03,1,1,0,0,1,0,1,1,1,30,0,3,2,0,1,0,1,201600052884A01,,,,200054781
201600052889,2016-09-09,2016,septembre,vendredi,20:20,75,75110,48.874,2.3584,2,1,3,5,1,4,-1,04,-1,-1,0,0,-1,0,1,3,1,21,4,1,2,0,2,8,1,201600052889B01,2,13,1,200054781
201600052900,2016-09-27,2016,septembre,mardi,16:50,75,75110,48.8737,2.35826,2,2,6,1,1,4,3,05,2,-1,0,50,1,0,0,3,1,60,0,2,2,0,1,1,2,201600052900B01,34,2,1,200054781
201600052902,2016-09-28,2016,septembre,mercredi,12:45,75,75110,48.8838,2.35923,2,1,6,1,1,4,2,00,1,1,0,100,1,0,1,4,1,44,0,1,2,0,1,0,7,201600052902A01,,,,200054781
201600052903,2016-09-29,2016,septembre,jeudi,16:50,75,75110,48.8777,2.36539,2,3,6,1,1,4,1,02,1,1,0,0,1,0,5,1,1,20,0,2,2,0,1,0,1,201600052903A01,,,,200054781
201600052904,2016-09-30,2016,septembre,vendredi,11:25,75,75110,48.8795,2.36324,2,1,3,1,1,4,2,02,1,1,0,20,1,0,1,4,2,41,4,3,2,0,0,2,18,201600052904B01,10,22,1,200054781
201600052911,2016-10-13,2016,octobre,jeudi,09:50,75,75110,48.8718,2.36004,2,1,2,1,1,4,3,04,1,1,0,0,1,0,5,4,1,30,1,2,2,1,2,1,1,201600052911B01,10,22,1,200054781
201600052913,2016-10-18,2016,octobre,mardi,11:05,75,75110,48.8807,2.36583,2,1,6,1,1,4,1,01,1,1,0,0,1,0,1,1,2,43,1,1,2,0,1,1,1,201600052913A01,,,,200054781
201600052915,2016-10-26,2016,octobre,mercredi,19:05,75,75110,48.8685,2.36026,2,1,6,5,1,4,1,01,-1,-1,0,0,-1,0,1,4,2,52,0,3,2,0,1,0,1,201600052915A01,,,,200054781
201600052918,2016-11-03,2016,novembre,jeudi,09:35,75,75110,48.8738,2.36301,2,1,6,1,1,4,1,01,2,1,0,0,1,0,5,4,1,34,1,2,2,12,1,1,1,201600052918A01,,,,200054781
201600052926,2016-11-15,2016,novembre,mardi,08:45,75,75110,48.8742,2.35854,2,1,3,1,8,4,2,04,2,1,0,200,2,0,1,4,1,22,1,3,2,0,2,1,7,201600052926B01,7,12,1,200054781
201600052927,2016-11-15,2016,novembre,mardi,18:45,75,75110,48.877,2.36477,2,1,3,5,2,4,1,02,2,1,0,0,2,0,5,4,1,41,5,3,2,0,2,8,13,201600052927B01,7,1,1,200054781
201600052930,2016-11-19,2016,novembre,samedi,14:11,75,75110,48.8793,2.35334,2,2,3,1,1,4,2,01,1,1,0,120,1,0,5,4,2,41,0,1,2,0,2,0,19,201600052930A01,7,16,1,200054781
201600052932,2016-11-19,2016,novembre,samedi,19:40,75,75110,48.8753,2.36917,2,3,3,5,1,4,1,01,1,1,0,30,1,0,1,1,1,25,4,1,2,0,2,7,1,201600052932B01,7,16,1,200054781
201600052938,2016-11-29,2016,novembre,mardi,22:20,75,75110,48.8753,2.35092,2,2,3,5,1,4,1,01,2,1,0,35,1,0,1,4,1,19,4,3,2,0,2,1,5,201600052938A01,7,1,1,200054781
201600052945,2016-12-15,2016,décembre,jeudi,18:30,75,75110,48.8806,2.36196,2,2,6,2,1,4,2,04,2,1,0,0,1,0,1,4,2,35,1,3,2,0,2,6,1,201600052945B01,33,13,1,200054781
201600052948,2016-12-19,2016,décembre,lundi,08:30,75,75110,48.8787,2.36624,2,3,3,1,2,4,1,02,1,1,0,35,1,0,1,4,2,27,0,3,2,0,2,1,1,201600052948B01,7,16,1,200054781
201600052956,2016-01-12,2016,janvier,mardi,17:40,75,75111,48.8572,2.36813,2,1,7,2,1,4,2,03,1,-1,0,180,1,0,1,4,1,68,0,3,2,0,0,0,1,201600052956A01,,,,200054781
201600052961,2016-01-15,2016,janvier,vendredi,14:55,75,75111,48.8513,2.39098,2,1,3,1,1,4,2,02,2,1,0,140,1,0,1,3,2,51,0,3,2,0,2,2,1,201600052961B01,7,9,1,200054781
201600052978,2016-02-02,2016,février,mardi,16:00,75,75111,48.8543,2.37138,2,5,7,1,1,4,1,01,1,1,0,60,2,0,1,4,1,44,0,1,2,0,0,4,15,201600052978A01,,,,200054781
201600053006,2016-03-03,2016,mars,jeudi,22:55,75,75111,48.8507,2.39447,2,2,6,5,1,4,1,00,2,1,0,0,1,0,1,4,2,30,0,3,2,0,2,4,23,201600053006B01,7,2,1,200054781
201600053013,2016-03-08,2016,mars,mardi,10:45,75,75111,48.8625,2.36688,2,2,3,1,1,4,2,02,1,1,0,100,1,0,1,3,2,49,0,3,2,0,2,7,1,201600053013B01,13,22,1,200054781
201600053018,2016-03-16,2016,mars,mercredi,15:10,75,75111,48.8566,2.37099,2,1,6,1,1,4,1,02,1,1,0,120,1,0,5,1,1,36,5,3,2,0,1,1,1,201600053018A01,,,,200054781
201600053019,2016-03-16,2016,mars,mercredi,17:20,75,75111,48.8667,2.36518,2,7,3,1,1,4,2,02,1,1,20,150,1,0,1,4,1,25,1,1,2,0,2,8,1,201600053019B01,14,16,1,200054781
201600053023,2016-03-20,2016,mars,dimanche,02:40,75,75111,48.8513,2.37612,2,2,2,5,1,4,2,02,1,1,0,80,1,0,1,4,1,25,0,2,2,1,2,1,1,201600053023A01,37,23,1,200054781
201600053025,2016-03-20,2016,mars,dimanche,06:00,75,75111,48.8632,2.37195,2,1,7,5,1,4,3,02,1,1,0,180,1,0,1,4,2,28,0,2,2,0,0,0,1,201600053025A01,,,,200054781
201600053031,2016-03-24,2016,mars,jeudi,22:10,75,75111,48.8529,2.37704,2,1,3,5,1,4,2,02,1,1,0,80,1,0,1,4,1,21,5,3,2,0,2,2,1,201600053031B01,7,22,1,200054781
201600053041,2016-04-07,2016,avril,jeudi,16:20,75,75111,48.8662,2.36963,2,2,1,1,1,4,3,01,1,1,0,100,1,5,1,4,1,33,4,3,2,0,2,1,1,201600053041B01,32,13,1,200054781
201600053047,2016-04-18,2016,avril,lundi,09:05,75,75111,48.8539,2.37761,2,1,3,1,1,4,2,01,1,1,0,100,1,0,1,4,1,42,1,2,2,0,2,1,1,201600053047A01,7,15,1,200054781
201600053053,2016-04-25,2016,avril,lundi,17:15,75,75111,48.8676,2.37561,2,3,3,1,2,4,1,01,1,1,0,60,2,0,5,4,1,36,5,3,2,0,2,1,1,201600053053A01,7,15,1,200054781
201600053058,2016-04-30,2016,avril,samedi,14:20,75,75111,48.8519,2.39368,2,3,3,1,2,4,2,02,1,1,0,200,1,0,1,4,2,27,5,2,2,0,2,8,19,201600053058B01,10,1,1,200054781
201600053059,2016-05-02,2016,mai,lundi,08:20,75,75112,48.8458,2.3676,2,2,1,1,1,4,2,08,1,2,0,400,1,0,1,4,1,43,1,3,2,0,2,1,13,201600053059A01,7,1,1,200054781
201600053068,2016-05-12,2016,mai,jeudi,14:00,75,75111,48.864,2.38129,2,5,3,1,2,4,1,01,2,1,0,50,2,0,1,3,1,70,5,3,2,16,2,8,19,201600053068B01,7,15,1,200054781
201600053070,2016-05-14,2016,mai,samedi,11:30,75,75111,48.8573,2.39035,2,1,3,1,1,4,2,02,2,1,0,100,1,0,1,4,1,29,5,1,2,0,2,1,1,201600053070B01,7,10,1,200054781
201600053077,2016-05-19,2016,mai,jeudi,13:55,75,75111,48.8688,2.38062,2,1,2,1,2,4,1,01,1,1,0,50,2,0,1,4,1,18,2,2,2,0,2,0,1,201600053077A01,10,23,1,200054781
201600053083,2016-05-27,2016,mai,vendredi,01:30,75,75111,48.8552,2.37033,2,2,1,5,1,4,1,00,2,1,0,0,1,0,5,4,1,25,0,3,2,0,2,1,1,201600053083A01,7,1,1,200054781
201600053089,2016-06-04,2016,juin,samedi,00:05,75,75111,48.8636,2.37575,2,1,6,5,1,4,-1,02,-1,-1,0,0,-1,0,0,4,1,30,0,3,2,0,2,0,1,201600053089A01,2,10,1,200054781
201600053095,2016-06-09,2016,juin,jeudi,15:55,75,75111,48.8505,2.38905,2,1,3,1,1,4,1,01,2,1,0,0,1,0,1,4,2,31,0,3,2,0,2,7,1,201600053095B01,7,22,1,200054781
201600053096,2016-06-09,2016,juin,jeudi,16:10,75,75111,48.8624,2.37985,2,3,3,1,1,4,1,01,1,1,0,60,1,0,1,3,2,36,5,3,2,0,2,1,1,201600053096B01,7,22,1,200054781
201600053097,2016-06-09,2016,juin,jeudi,13:55,75,75111,48.8653,2.37452,2,5,3,1,1,4,2,02,1,1,0,150,1,0,1,4,1,31,0,3,2,0,2,1,1,201600053097B01,7,22,1,200054781