Num_Acc,date,an,mois,jour,hrmn,dep,com,lat,long,agg,int,col,lum,atm,catr,circ,nbv,prof,plan,lartpc,larrout,surf,infra,situ,grav,sexe,age,trajet,secuexist,equipement,obs,obsm,choc,manv,vehiculeid,typevehicules,manoeuvehicules,numVehicules,_infos_commune.code_epci
201600053103,2016-06-18,2016,juin,samedi,13:15,75,75111,48.8571,2.36883,2,2,2,1,1,4,1,01,1,1,0,70,1,0,1,4,2,55,4,2,2,0,2,6,1,201600053103A01,7,1,1,200054781
201600053105,2016-06-19,2016,juin,dimanche,11:10,75,75111,48.8667,2.36518,2,7,3,1,1,4,4,01,1,1,0,100,1,0,1,4,2,36,0,2,2,0,2,1,19,201600053105B01,7,1,1,200054781
201600053109,2016-06-22,2016,juin,mercredi,13:05,75,75111,48.8541,2.38263,2,3,6,1,1,4,2,02,1,1,0,100,1,0,1,1,1,24,5,2,2,0,1,0,1,201600053109A01,,,,200054781
201600053114,2016-06-26,2016,juin,dimanche,18:45,75,75111,48.8646,2.37798,2,2,6,1,1,4,2,02,2,1,0,0,1,0,1,4,1,36,5,2,2,0,2,5,1,201600053114A01,34,1,1,200054781
201600053118,2016-06-28,2016,juin,mardi,17:00,75,75111,48.8652,2.37516,2,2,2,1,1,4,2,01,2,1,0,150,1,0,1,4,1,52,5,2,2,0,2,1,1,201600053118B01,14,22,1,200054781
201600053121,2016-07-02,2016,juillet,samedi,10:30,75,75111,48.8578,2.37092,2,5,3,1,1,4,3,02,1,1,240,120,1,0,5,4,1,31,4,3,2,0,2,1,1,201600053121B01,10,15,1,200054781
201600053134,2016-07-17,2016,juillet,dimanche,20:20,75,75111,48.8502,2.39476,2,1,2,1,1,4,2,01,1,1,0,115,1,0,1,4,1,19,4,1,2,0,2,1,2,201600053134A01,7,23,1,200054781
201600053139,2016-07-21,2016,juillet,jeudi,12:40,75,75111,48.8653,2.37452,2,5,3,1,1,4,2,02,2,1,0,160,1,0,1,4,1,26,4,1,2,0,2,1,15,201600053139A01,10,1,1,200054781
201600053140,2016-07-21,2016,juillet,jeudi,14:55,75,75111,48.8501,2.3843,2,2,3,1,1,4,-1,01,1,1,0,80,1,0,1,4,1,28,4,3,2,0,2,8,19,201600053140B01,10,1,1,200054781
201600053146,2016-07-24,2016,juillet,dimanche,14:23,75,75111,48.8688,2.37629,2,2,3,1,1,4,1,01,4,1,0,50,1,0,1,4,1,20,4,3,2,0,2,1,1,201600053146B01,7,1,1,200054781
201600053161,2016-08-06,2016,août,samedi,20:40,75,75111,48.8635,2.37166,2,1,5,1,1,4,1,01,-1,-1,0,0,-1,0,1,4,1,15,0,3,2,0,2,0,19,201600053161A01,30 / 31,1,2,200054781
201600053164,2016-08-10,2016,août,mercredi,19:50,75,75111,48.8676,2.37561,2,3,6,1,1,4,1,01,1,1,0,50,1,0,1,4,2,57,9,2,2,0,2,8,1,201600053164A01,7,15,1,200054781
201600053165,2016-08-12,2016,août,vendredi,16:25,75,75111,48.8656,2.36942,2,2,3,1,1,4,-1,00,1,1,0,80,1,0,1,4,2,57,5,2,2,0,2,1,1,201600053165B01,7,15,1,200054781
201600053171,2016-08-20,2016,août,samedi,19:12,75,75111,48.8533,2.37722,2,2,3,1,1,4,2,01,1,1,0,65,1,0,1,3,1,26,0,3,2,0,2,1,1,201600053171B01,7,15,1,200054781
201600053172,2016-08-20,2016,août,samedi,20:25,75,75111,48.8573,2.3713,2,1,6,1,1,4,1,01,1,1,0,100,1,0,5,1,1,36,5,3,2,0,1,2,2,201600053172A01,,,,200054781
201600053174,2016-08-23,2016,août,mardi,19:10,75,75111,48.8635,2.37053,2,1,3,1,1,4,2,00,1,1,0,90,1,0,1,4,1,36,5,3,2,0,2,0,1,201600053174B01,7,22,1,200054781
201600053175,2016-08-30,2016,août,mardi,15:05,75,75111,48.8593,2.38685,2,2,6,1,1,4,1,01,1,1,0,60,1,0,5,1,2,28,0,3,2,0,1,8,1,201600053175A01,,,,200054781
201600053177,2016-09-02,2016,septembre,vendredi,17:15,75,75111,48.8585,2.36845,2,1,3,1,1,4,1,01,1,1,0,30,1,0,1,3,1,49,1,2,2,1,2,5,5,201600053177B01,7,9,1,200054781
201600053182,2016-09-10,2016,septembre,samedi,11:50,75,75111,48.8527,2.38864,2,2,6,1,1,4,2,02,1,1,0,200,1,0,1,4,1,21,1,2,2,0,2,1,1,201600053182A01,7,15,1,200054781
201600053185,2016-09-13,2016,septembre,mardi,19:15,75,75111,48.8552,2.39164,2,1,3,1,1,4,2,01,1,1,0,60,1,0,1,4,1,16,5,3,2,0,2,2,1,201600053185B01,7,22,1,200054781
201600053195,2016-09-21,2016,septembre,mercredi,13:45,75,75111,48.8591,2.37789,2,1,3,1,1,4,2,02,1,1,0,150,1,0,1,4,1,46,5,2,2,0,2,0,13,201600053195B01,2,18,1,200054781
201600053197,2016-09-23,2016,septembre,vendredi,18:20,75,75111,48.8552,2.39164,2,1,4,2,1,4,2,02,1,1,0,140,1,0,1,4,2,44,1,2,2,0,2,8,1,201600053197C01,7,22 / 1,2,200054781
201600053198,2016-09-23,2016,septembre,vendredi,21:00,75,75111,48.8641,2.381,2,3,2,5,1,4,1,01,1,1,0,30,1,0,1,3,1,30,9,2,2,0,2,3,16,201600053198A01,7,16,1,200054781
201600053207,2016-10-01,2016,octobre,samedi,16:30,75,75112,48.8445,2.40626,2,4,3,1,1,4,2,02,1,1,0,300,1,0,5,4,2,26,0,3,2,0,2,8,1,201600053207B01,7,15,1,200054781
201600053210,2016-10-04,2016,octobre,mardi,14:50,75,75111,48.8519,2.37378,2,2,6,1,1,4,2,03,1,1,0,160,1,0,1,1,1,25,0,3,2,0,1,1,7,201600053210A01,,,,200054781
201600053214,2016-10-06,2016,octobre,jeudi,17:37,75,75111,48.8579,2.37696,2,2,3,1,1,4,1,01,1,1,0,40,1,0,5,3,2,71,5,3,2,0,2,8,1,201600053214B01,7,1,1,200054781
201600053215,2016-10-07,2016,octobre,vendredi,09:10,75,75111,48.8589,2.36771,2,1,3,1,8,4,2,02,1,1,20,160,1,0,1,4,1,50,1,1,2,0,2,3,7,201600053215B01,7,12,1,200054781
201600053216,2016-10-07,2016,octobre,vendredi,11:10,75,75111,48.8646,2.36581,2,3,3,1,1,4,1,01,1,1,0,50,1,0,0,3,1,69,5,2,2,0,2,4,16,201600053216B01,32,1,1,200054781
201600053233,2016-10-19,2016,octobre,mercredi,10:05,75,75111,48.8532,2.37022,2,5,6,1,1,4,1,01,1,1,0,100,1,0,1,1,1,28,1,3,2,0,1,8,16,201600053233A01,,,,200054781
201600053234,2016-10-19,2016,octobre,mercredi,22:00,75,75111,48.8507,2.39447,2,2,3,3,1,4,2,01,1,1,0,60,1,0,0,4,2,29,3,3,2,0,2,1,18,201600053234B01,7,22,1,200054781
201600053243,2016-10-26,2016,octobre,mercredi,23:25,75,75111,48.8632,2.37968,2,1,3,5,1,4,1,01,1,1,0,60,1,0,1,4,1,48,5,3,2,0,2,5,1,201600053243B01,31,18,1,200054781
201600053247,2016-11-02,2016,novembre,mercredi,19:20,75,75111,48.8662,2.36963,2,5,3,3,1,4,2,02,2,1,0,100,1,0,1,1,1,21,4,3,2,0,2,1,1,201600053247A01,1,1,1,200054781
201600053247,2016-11-02,2016,novembre,mercredi,19:20,75,75111,48.8662,2.36963,2,5,3,3,1,4,2,02,2,1,0,100,1,0,1,4,2,60,0,3,2,0,2,5,1,201600053247B01,1,1,1,200054781
201600053250,2016-11-04,2016,novembre,vendredi,09:40,75,75111,48.8646,2.37798,2,2,7,1,2,4,2,00,2,1,0,140,2,0,1,4,2,58,1,3,2,0,0,0,1,201600053250A01,,,,200054781
201600053251,2016-11-04,2016,novembre,vendredi,13:15,75,75111,48.8616,2.36759,2,1,6,1,2,4,1,00,1,1,0,60,2,0,5,1,1,19,4,3,2,0,1,0,0,201600053251A01,,,,200054781
201600053260,2016-11-14,2016,novembre,lundi,08:25,75,75111,48.8655,2.37345,2,1,3,1,8,4,2,00,2,1,0,150,1,0,1,4,2,29,1,3,2,0,2,0,11,201600053260A01,7,1,1,200054781
201600053261,2016-11-14,2016,novembre,lundi,09:40,75,75111,48.8598,2.3887,2,2,3,1,1,4,2,02,1,1,10,100,1,0,1,4,2,37,4,1,2,0,2,8,1,201600053261B01,7,16,1,200054781
201600053262,2016-11-14,2016,novembre,lundi,12:55,75,75111,48.8518,2.37638,2,1,3,1,1,4,2,02,1,1,0,100,1,0,1,4,2,47,1,3,2,0,2,8,23,201600053262B01,7,17,1,200054781
201600053263,2016-11-16,2016,novembre,mercredi,19:35,75,75111,48.8656,2.36705,2,3,2,5,8,4,2,02,-1,-1,0,0,-1,0,1,3,1,47,0,2,2,0,2,0,12,201600053263B01,32,1,1,200054781
201600053265,2016-11-19,2016,novembre,samedi,20:45,75,75111,48.8534,2.38823,2,3,3,5,1,4,-1,00,1,1,0,0,1,0,0,3,1,42,9,2,2,0,2,1,1,201600053265B01,7,16,1,200054781
201600053274,2016-12-01,2016,décembre,jeudi,23:55,75,75111,48.866,2.37702,2,1,3,5,1,4,1,01,1,1,0,40,1,0,1,4,2,45,5,3,2,0,2,1,18,201600053274B01,7,22,1,200054781
201600053283,2016-12-16,2016,décembre,vendredi,17:50,75,75111,48.8648,2.36834,2,2,3,5,1,4,2,02,1,1,0,100,1,0,1,4,2,27,0,3,2,0,2,8,18,201600053283B01,1,14,1,200054781
201600053283,2016-12-16,2016,décembre,vendredi,17:50,75,75111,48.8648,2.36834,2,2,3,5,1,4,2,02,1,1,0,100,1,0,1,4,2,63,0,3,2,0,2,4,14,201600053283A01,1,18,1,200054781
201600053292,2016-12-25,2016,décembre,dimanche,14:30,75,75111,48.8589,2.37966,2,1,2,1,1,4,2,02,1,1,0,100,1,0,1,4,2,25,1,2,2,1,2,1,1,201600053292B01,7,22,1,200054781
201600053300,2016-01-05,2016,janvier,mardi,15:20,75,75112,48.8439,2.37319,2,1,3,1,1,4,2,04,1,1,0,120,1,0,1,4,1,34,5,3,2,0,2,3,7,201600053300B01,7,16,1,200054781
201600053302,2016-01-07,2016,janvier,jeudi,23:46,75,75112,48.8458,2.3676,2,2,3,5,1,4,2,06,2,1,0,0,1,0,1,4,1,24,0,3,2,0,2,1,16,201600053302A01,37,16,1,200054781
201600053312,2016-01-14,2016,janvier,jeudi,22:05,75,75112,48.8357,2.40216,2,1,6,5,1,4,-1,02,1,1,0,0,2,6,4,1,1,23,9,2,2,0,1,1,1,201600053312A01,,,,200054781
201600053321,2016-01-23,2016,janvier,samedi,15:55,75,75112,48.8396,2.3981,2,1,3,1,8,4,2,03,1,1,0,0,2,0,1,4,1,25,0,1,2,0,2,0,1,201600053321B01,7,9,1,200054781
201600053342,2016-02-12,2016,février,vendredi,07:20,75,75112,48.8289,2.41969,2,1,6,4,2,4,2,04,1,1,0,100,2,0,1,4,1,43,5,1,2,0,1,1,1,201600053342A01,,,,200054781
201600053347,2016-02-16,2016,février,mardi,08:50,75,75112,48.8464,2.40004,2,3,2,1,1,4,-1,02,1,1,0,20,1,0,5,4,2,28,0,2,2,0,2,1,1,201600053347B01,7,22,1,200054781
201600053352,2016-02-21,2016,février,dimanche,00:35,75,75112,48.8455,2.37124,2,2,3,5,1,4,2,02,1,1,0,100,1,0,1,4,1,30,5,1,2,0,2,1,1,201600053352A01,7,15,1,200054781
201600053377,2016-03-15,2016,mars,mardi,08:15,75,75112,48.8363,2.38501,2,3,2,1,1,4,1,01,1,1,0,0,1,0,1,4,1,60,5,2,2,1,2,0,1,201600053377B01,10,22,1,200054781
201600053380,2016-03-22,2016,mars,mardi,14:45,75,75112,48.8409,2.40468,2,2,3,1,1,4,2,02,1,1,0,80,1,0,1,4,1,29,0,2,2,0,2,0,17,201600053380B01,7,15,1,200054781
201600053402,2016-04-07,2016,avril,jeudi,19:30,75,75112,48.8491,2.37546,2,1,6,1,1,4,1,01,1,1,0,35,1,0,5,1,1,59,1,3,2,0,1,1,1,201600053402A01,,,,200054781
201600053407,2016-04-11,2016,avril,lundi,23:15,75,75112,48.8487,2.37253,2,2,3,5,2,4,2,03,1,1,0,0,2,0,1,4,1,29,5,2,2,0,2,1,7,201600053407B01,7,16,1,200054781
201600053409,2016-04-14,2016,avril,jeudi,16:45,75,75112,48.8423,2.376,2,1,3,1,1,4,2,04,1,1,0,120,1,0,1,3,1,10,2,3,2,0,2,1,19,201600053409B01,37,7,1,200054781
201600053418,2016-04-19,2016,avril,mardi,10:45,75,75112,48.8242,2.42275,2,2,3,1,1,4,2,02,1,1,0,60,1,0,1,4,1,46,5,1,2,0,2,1,1,201600053418B01,7,16,1,200054781
201600053419,2016-04-20,2016,avril,mercredi,10:50,75,75112,48.8458,2.3676,2,7,6,1,1,4,2,03,1,1,0,0,1,0,5,3,2,74,5,1,2,1,0,0,1,201600053419A01,,,,200054781
201600053423,2016-04-26,2016,avril,mardi,09:15,75,75112,48.8434,2.37071,2,2,7,1,8,4,1,01,1,1,0,0,1,0,1,4,1,36,1,2,2,14,0,1,1,201600053423A01,,,,200054781
201600053427,2016-05-01,2016,mai,dimanche,11:40,75,75112,48.8289,2.41969,2,1,3,1,1,4,2,02,1,1,0,80,1,0,1,4,1,54,5,3,2,0,2,8,18,201600053427B01,7,1,1,200054781
201600053430,2016-05-05,2016,mai,jeudi,10:45,75,75112,48.8387,2.46136,2,1,6,1,1,4,2,02,1,1,0,60,1,0,1,4,1,47,5,3,2,1,0,1,14,201600053430A01,,,,200054781
201600053439,2016-05-11,2016,mai,mercredi,12:00,75,75112,48.8365,2.44159,2,1,2,1,1,4,2,02,1,1,0,60,1,0,1,4,1,45,0,3,2,0,2,1,2,201600053439A01,7,23,1,200054781
201600053455,2016-05-25,2016,mai,mercredi,03:48,75,75112,48.8469,2.3694,2,2,3,5,1,4,1,02,1,1,0,60,1,0,1,4,1,23,5,3,2,0,2,1,1,201600053455A01,7,1,1,200054781
201600053464,2016-05-30,2016,mai,lundi,08:20,75,75112,48.8436,2.37053,2,1,7,1,3,4,3,01,1,1,20,30,2,0,5,4,1,50,1,1,2,0,0,2,21,201600053464A01,,,,200054781
201600053465,2016-05-30,2016,mai,lundi,08:40,75,75112,48.843,2.38927,2,1,7,1,2,4,2,02,1,1,0,50,2,0,1,3,2,64,5,2,2,0,0,3,1,201600053465A01,,,,200054781
201600053471,2016-06-06,2016,juin,lundi,14:00,75,75112,48.8391,2.39052,2,1,3,1,1,4,2,04,2,1,0,120,1,0,1,4,1,59,1,1,2,0,2,3,13,201600053471A01,7,1,1,200054781
201600053478,2016-06-11,2016,juin,samedi,17:20,75,75112,48.8458,2.3676,2,2,3,1,1,4,2,03,1,1,10,150,1,2,1,1,1,21,9,3,2,0,2,4,15,201600053478B01,32,1,1,200054781
201600053482,2016-06-15,2016,juin,mercredi,08:40,75,75112,48.8353,2.39275,2,2,2,1,1,4,2,02,2,1,0,60,2,0,1,4,2,45,0,1,2,0,2,1,23,201600053482B01,34,18,1,200054781
201600053485,2016-06-15,2016,juin,mercredi,19:30,75,75112,48.8444,2.38395,2,1,3,1,1,4,1,01,1,1,0,30,1,0,1,4,2,11,0,1,2,0,2,1,19,201600053485A01,7,1,1,200054781
201600053488,2016-06-16,2016,juin,jeudi,19:15,75,75112,48.839,2.38921,2,2,3,1,1,4,2,02,2,1,0,0,1,0,1,4,1,21,1,2,2,0,2,1,1,201600053488B01,7,15,1,200054781
201600053506,2016-06-27,2016,juin,lundi,18:50,75,75111,48.8535,2.36952,2,7,3,1,1,4,1,02,1,1,0,30,1,0,1,4,2,32,0,2,2,0,2,8,11,201600053506B01,7,1,1,200054781
201600053507,2016-06-28,2016,juin,mardi,18:25,75,75112,48.8337,2.4451,2,3,2,1,1,4,1,01,1,1,0,25,1,0,1,3,1,47,5,1,2,0,2,1,1,201600053507A01,1,1,1,200054781
201600053509,2016-06-29,2016,juin,mercredi,16:15,75,75112,48.8237,2.44178,2,1,4,1,1,4,2,02,1,1,0,90,1,0,1,4,1,63,5,1,2,0,2,3,1,201600053509B01,1,1 / 14,2,200054781
201600053509,2016-06-29,2016,juin,mercredi,16:15,75,75112,48.8237,2.44178,2,1,4,1,1,4,2,02,1,1,0,90,1,0,1,4,1,68,5,1,2,0,2,8,1,201600053509C01,1,1 / 14,2,200054781
201600053509,2016-06-29,2016,juin,mercredi,16:15,75,75112,48.8237,2.44178,2,1,4,1,1,4,2,02,1,1,0,90,1,0,1,4,1,55,5,1,2,0,2,5,14,201600053509A01,1,1,2,200054781
201600053515,2016-07-05,2016,juillet,mardi,20:05,75,75112,48.8402,2.43645,2,7,5,1,1,4,1,04,1,2,0,120,1,0,1,4,1,38,5,1,2,0,2,1,1,201600053515B01,7,1,1,200054781
201600053515,2016-07-05,2016,juillet,mardi,20:05,75,75112,48.8402,2.43645,2,7,5,1,1,4,1,04,1,2,0,120,1,0,1,1,1,19,5,1,2,0,2,0,1,201600053515C01,7,1,1,200054781
201600053526,2016-07-19,2016,juillet,mardi,13:30,75,75112,48.8487,2.37253,2,2,6,1,1,4,1,03,1,1,0,90,1,5,1,4,1,24,4,3,2,0,2,0,17,201600053526A01,7,16,1,200054781
201600053533,2016-07-28,2016,juillet,jeudi,08:40,75,75112,48.8374,2.39117,2,2,3,1,1,4,2,02,1,1,0,100,1,0,1,4,2,28,1,3,2,0,2,8,1,201600053533B01,14,16,1,200054781
201600053549,2016-08-08,2016,août,lundi,18:00,75,75112,48.848,2.39283,2,2,3,1,1,4,2,02,1,1,0,80,1,0,1,4,2,29,0,2,2,0,2,8,1,201600053549B01,7,15,1,200054781
201600053564,2016-08-28,2016,août,dimanche,18:35,75,75112,48.8277,2.44377,2,5,6,1,1,4,1,01,1,1,0,50,1,0,5,1,1,26,5,1,2,0,1,0,1,201600053564A01,,,,200054781
201600053565,2016-08-28,2016,août,dimanche,20:05,75,75112,48.8481,2.39335,2,1,2,1,1,4,2,02,1,1,0,80,1,0,1,4,1,20,4,3,2,0,2,0,2,201600053565A01,7,2,1,200054781
201600053574,2016-09-06,2016,septembre,mardi,23:30,75,75112,48.8524,2.37189,2,1,3,5,1,4,2,02,1,1,0,0,-1,0,0,4,2,26,5,3,2,0,2,2,1,201600053574B01,7,22,1,200054781
201600053576,2016-09-08,2016,septembre,jeudi,09:40,75,75112,48.8376,2.39086,2,1,6,1,1,4,2,02,2,1,0,60,1,0,1,4,1,36,5,3,2,0,2,4,2,201600053576A01,33,2,1,200054781
201600053587,2016-09-13,2016,septembre,mardi,19:27,75,75112,48.84,2.43217,2,3,6,1,1,4,2,02,2,1,0,25,-1,0,1,1,1,23,5,1,2,0,1,1,18,201600053587A01,,,,200054781
201600053589,2016-09-14,2016,septembre,mercredi,14:40,75,75112,48.8325,2.40361,2,1,3,1,1,4,2,02,2,1,0,0,1,0,1,4,1,11,5,2,2,0,2,1,19,201600053589B01,7,1,1,200054781
201600053592,2016-09-16,2016,septembre,vendredi,19:00,75,75112,48.8333,2.39892,2,3,6,1,3,4,2,02,2,1,0,110,2,0,1,4,1,63,0,2,2,0,1,1,1,201600053592A01,,,,200054781
201600053603,2016-09-23,2016,septembre,vendredi,08:50,75,75112,48.8495,2.37072,2,4,3,1,1,4,3,02,1,-1,0,0,1,0,1,4,1,45,1,2,2,0,2,7,19,201600053603A01,7,23,1,200054781
201600053605,2016-09-23,2016,septembre,vendredi,14:15,75,75112,48.84,2.43217,2,3,3,1,1,4,2,02,1,2,0,80,1,0,1,4,1,66,5,2,2,0,2,1,1,201600053605A01,7,15,1,200054781
201600053606,2016-09-23,2016,septembre,vendredi,21:00,75,75112,48.8494,2.37448,2,1,2,5,1,4,1,01,1,1,0,30,1,0,1,4,2,52,1,2,2,1,2,2,1,201600053606B01,7,22,1,200054781
201600053611,2016-09-28,2016,septembre,mercredi,16:45,75,75112,48.8343,2.44129,2,1,6,1,1,4,1,02,1,1,2,60,1,0,5,3,1,44,5,1,2,0,0,1,1,201600053611A01,,,,200054781
201600053614,2016-09-29,2016,septembre,jeudi,21:15,75,75112,48.8486,2.39435,2,7,3,5,1,4,1,01,1,2,0,80,1,0,1,4,1,34,1,1,2,0,2,1,5,201600053614B01,7,15,1,200054781
201600053616,2016-09-30,2016,septembre,vendredi,11:20,75,75112,48.8371,2.40219,2,5,3,1,1,4,2,02,2,1,0,0,1,0,5,4,1,76,5,3,2,0,2,1,1,201600053616B01,7,15,1,200054781
201600053618,2016-10-04,2016,octobre,mardi,01:22,75,75112,48.8454,2.36684,2,7,6,5,1,4,1,07,1,1,5,200,1,2,5,4,1,41,5,3,2,0,2,4,2,201600053618A01,34,2,1,200054781
201600053620,2016-10-02,2016,octobre,dimanche,03:45,75,75112,48.8475,2.40242,2,1,2,5,1,4,2,08,1,1,0,0,1,0,1,4,1,36,0,2,2,0,2,0,13,201600053620B01,7,7,1,200054781
201600053630,2016-10-09,2016,octobre,dimanche,23:05,75,75112,48.8483,2.37327,2,1,6,5,1,4,3,04,1,1,4,70,1,0,5,4,1,51,5,2,2,1,0,3,1,201600053630A01,,,,200054781
201600053660,2016-10-31,2016,octobre,lundi,14:00,75,75112,48.8367,2.38435,2,1,6,1,1,4,1,01,1,1,0,30,1,0,1,4,1,20,5,2,2,1,0,7,14,201600053660A01,,,,200054781
201600053670,2016-11-05,2016,novembre,samedi,18:00,75,75112,48.846,2.36735,2,1,7,5,2,4,1,03,1,1,0,80,2,0,4,4,2,32,9,2,2,1,0,0,21,201600053670A01,,,,200054781
201600053673,2016-11-06,2016,novembre,dimanche,13:10,75,75112,48.8265,2.4551,2,1,2,1,1,4,2,02,1,1,0,30,1,0,1,4,1,14,5,1,2,0,2,5,1,201600053673A01,7,23,1,200054781
201600053680,2016-11-08,2016,novembre,mardi,17:40,75,75112,48.8358,2.45314,2,2,3,2,1,4,2,04,1,1,0,120,1,0,1,4,2,14,5,1,2,0,2,8,1,201600053680B01,32,1,1,200054781
201600053685,2016-11-15,2016,novembre,mardi,07:25,75,75112,48.8411,2.39887,2,3,3,1,2,4,2,02,1,1,0,60,2,0,1,4,1,50,1,3,2,0,2,1,1,201600053685B01,7,15,1,200054781
201600053686,2016-11-16,2016,novembre,mercredi,23:20,75,75112,48.8532,2.37022,2,7,6,5,8,4,4,08,1,2,0,0,1,0,1,4,1,27,5,1,2,0,2,0,1,201600053686A01,7,9,1,200054781
201600053702,2016-11-28,2016,novembre,lundi,18:30,75,75112,48.8443,2.41032,2,5,3,5,1,4,2,02,1,1,100,100,1,5,0,4,1,52,1,3,2,0,2,2,1,201600053702B01,34,18,1,200054781
201600053704,2016-11-29,2016,novembre,mardi,08:00,75,75112,48.8405,2.43442,2,7,3,2,1,4,-1,02,1,2,0,60,1,0,1,4,2,54,1,3,2,0,2,1,1,201600053704B01,34,17,1,200054781
201600053707,2016-12-01,2016,décembre,jeudi,18:45,75,75112,48.8378,2.40036,2,1,3,5,1,4,2,01,1,1,0,0,1,0,5,4,2,37,1,3,2,0,2,0,1,201600053707B01,7,15,1,200054781
201600053708,2016-12-02,2016,décembre,vendredi,18:30,75,75112,48.8501,2.3843,2,5,6,1,1,4,2,02,1,1,0,60,1,0,1,1,1,36,1,3,2,0,1,1,1,201600053708A01,,,,200054781
201600053712,2016-12-06,2016,décembre,mardi,08:45,75,75112,48.8507,2.37019,2,1,7,1,1,4,-1,04,1,1,0,120,1,0,5,4,2,41,5,3,2,0,0,0,7,201600053712A01,,,,200054781
201600053714,2016-12-07,2016,décembre,mercredi,17:10,75,75112,48.8445,2.38105,2,2,3,5,1,4,2,02,1,1,0,120,1,0,1,4,1,13,5,1,2,0,2,2,1,201600053714B01,7,9,1,200054781
201600053715,2016-12-08,2016,décembre,jeudi,12:35,75,75112,48.8324,2.40395,2,4,3,1,1,4,2,03,1,1,0,90,1,0,1,4,1,27,4,3,2,0,2,1,1,201600053715B01,7,15,1,200054781
201600053729,2016-12-17,2016,décembre,samedi,12:45,75,75112,48.8238,2.45763,2,7,3,1,1,4,-1,00,-1,-1,0,0,-1,0,0,4,1,59,0,3,2,0,2,0,1,201600053729B01,7,1,1,200054781
201600053744,2016-01-01,2016,janvier,vendredi,13:55,75,75113,48.8303,2.34709,2,5,6,1,1,4,3,02,1,1,0,110,1,0,5,4,1,66,5,1,2,0,2,1,1,201600053744A01,30,16,1,200054781
201600053751,2016-01-08,2016,janvier,vendredi,12:30,75,75113,48.8272,2.36772,2,1,2,1,1,4,2,02,1,1,0,40,1,0,1,4,2,31,1,3,2,0,2,1,2,201600053751A01,7,2,1,200054781
201600053757,2016-01-13,2016,janvier,mercredi,16:50,75,75113,48.8349,2.35315,2,3,3,2,1,4,2,02,1,1,0,70,1,0,1,4,1,18,2,2,2,0,2,1,1,201600053757A01,7,23,1,200054781
201600053757,2016-01-13,2016,janvier,mercredi,16:50,75,75113,48.8349,2.35315,2,3,3,2,1,4,2,02,1,1,0,70,1,0,1,4,1,18,2,2,2,0,2,1,1,201600053757A01,7,23,1,200054781
201600053768,2016-01-25,2016,janvier,lundi,19:15,75,75113,48.8381,2.36036,2,1,7,5,1,4,2,02,2,1,0,60,1,0,1,4,1,38,1,3,2,0,0,0,1,201600053768A01,,,,200054781
201600053773,2016-02-01,2016,février,lundi,18:15,75,75113,48.8229,2.37315,2,4,3,5,1,4,3,04,1,1,0,0,-1,0,1,4,1,27,1,1,2,0,2,3,1,201600053773B01,7,15,1,200054781
201600053816,2016-03-22,2016,mars,mardi,22:25,75,75113,48.8249,2.35768,2,1,2,5,1,4,3,00,1,1,0,0,1,0,5,4,2,41,0,2,2,0,2,1,1,201600053816B01,7,22,1,200054781
201600053821,2016-03-29,2016,mars,mardi,16:40,75,75113,48.8437,2.36457,2,7,3,1,2,4,1,01,1,1,0,60,2,5,0,4,2,29,0,3,2,0,2,7,1,201600053821B01,7,1,1,200054781
201600053823,2016-03-30,2016,mars,mercredi,06:15,75,75113,48.833,2.37872,2,3,3,5,3,4,2,02,1,1,0,90,2,0,5,4,1,48,1,2,2,0,2,3,1,201600053823B01,7,15,1,200054781
201600053827,2016-04-04,2016,avril,lundi,11:05,75,75113,48.8285,2.3788,2,3,3,1,1,4,2,03,1,1,0,250,1,0,5,4,1,20,1,3,2,0,2,1,1,201600053827B01,7,15,1,200054781
201600053840,2016-04-11,2016,avril,lundi,17:40,75,75113,48.8201,2.35681,2,1,7,1,2,4,1,01,1,1,0,60,2,0,5,3,2,56,0,2,2,14,0,0,1,201600053840A01,,,,200054781
201600053850,2016-04-26,2016,avril,mardi,07:40,75,75113,48.8297,2.35064,2,1,3,1,1,4,1,02,2,1,0,50,2,0,1,4,1,32,0,2,2,0,2,2,1,201600053850B01,7,13,1,200054781
201600053854,2016-05-03,2016,mai,mardi,09:10,75,75113,48.8342,2.37716,2,1,3,1,1,4,2,02,1,1,0,60,1,2,5,4,2,21,1,3,2,0,2,1,1,201600053854B01,10,16,1,200054781
201600053863,2016-05-06,2016,mai,vendredi,16:00,75,75113,48.8298,2.35406,2,1,3,1,1,4,1,01,1,1,0,60,1,0,5,4,1,72,0,3,2,0,2,4,14,201600053863B01,33,1,1,200054781
201600053869,2016-05-11,2016,mai,mercredi,09:05,75,75113,48.8216,2.36923,2,5,7,1,1,4,2,02,1,1,0,0,1,4,1,4,1,57,1,1,2,0,0,0,1,201600053869A01,,,,200054781
201600053874,2016-05-14,2016,mai,samedi,23:25,75,75113,48.8195,2.3629,2,3,3,5,1,4,2,00,1,1,0,0,1,0,5,4,1,30,0,3,2,0,2,8,1,201600053874B01,7,9,1,200054781