Num_Acc,date,an,mois,jour,hrmn,dep,com,lat,long,agg,int,col,lum,atm,catr,circ,nbv,prof,plan,lartpc,larrout,surf,infra,situ,grav,sexe,age,trajet,secuexist,equipement,obs,obsm,choc,manv,vehiculeid,typevehicules,manoeuvehicules,numVehicules,_infos_commune.code_epci
201600056871,2016-06-14,2016,juin,mardi,08:55,75,75107,48.8536,2.31467,2,3,2,1,1,4,2,02,1,1,0,140,1,0,1,3,2,25,0,2,2,0,2,6,1,201600056871B01,33,1,1,200054781
201600056872,2016-06-14,2016,juin,mardi,09:43,75,75113,48.8368,2.35183,2,2,3,1,2,4,2,05,1,1,0,0,1,0,1,2,2,23,0,2,2,0,2,4,1,201600056872B01,14,16,1,200054781
201600056880,2016-06-20,2016,juin,lundi,12:26,75,75116,48.8373,2.25906,2,1,2,1,2,4,1,02,1,1,0,26,2,0,1,3,1,51,1,2,2,1,2,7,1,201600056880B01,7,22,1,200054781
201600056883,2016-06-23,2016,juin,jeudi,08:09,75,75113,48.8328,2.35649,2,2,3,1,1,4,2,02,2,1,12,160,1,0,1,3,2,15,2,2,2,0,2,8,13,201600056883B01,10,1,1,200054781
201600056884,2016-06-23,2016,juin,jeudi,17:05,75,75115,48.8415,2.29914,2,5,6,1,1,4,2,02,2,1,0,70,1,5,1,3,1,53,0,2,2,0,0,0,1,201600056884A01,7,11,1,200054781
201600056894,2016-07-06,2016,juillet,mercredi,21:35,75,75114,48.826,2.31255,2,2,3,2,1,4,2,02,1,1,0,102,1,0,1,3,1,14,5,3,2,0,2,8,13,201600056894B01,10,1,1,200054781
201600056904,2016-07-16,2016,juillet,samedi,14:03,75,75112,48.8443,2.38153,2,5,3,1,1,4,2,02,1,1,0,152,1,0,5,3,1,48,0,3,2,0,0,3,1,201600056904B01,38,16,1,200054781
201600056931,2016-08-25,2016,août,jeudi,10:38,75,75112,48.8218,2.45379,2,1,2,1,1,4,2,02,2,1,0,80,1,0,1,2,1,69,5,1,2,1,2,6,1,201600056931A01,10,24,1,200054781
201600056938,2016-08-31,2016,août,mercredi,20:03,75,75103,48.8648,2.35329,2,5,3,2,1,4,1,03,1,1,0,122,1,0,1,3,1,25,5,1,2,0,2,7,1,201600056938B01,33,1,1,200054781
201600056959,2016-09-29,2016,septembre,jeudi,19:00,75,75116,48.862,2.23803,2,1,3,5,1,4,1,03,1,2,0,194,1,0,1,3,1,25,5,1,2,0,2,1,13,201600056959B01,7,15,1,200054781
201600056960,2016-09-30,2016,septembre,vendredi,22:03,75,75110,48.8778,2.36159,2,3,3,5,1,4,2,02,1,1,0,120,2,0,1,3,1,38,5,3,2,0,2,4,1,201600056960B01,7,17,1,200054781
201600056982,2016-10-23,2016,octobre,dimanche,02:20,75,75107,48.8577,2.29143,2,1,7,5,1,4,2,05,2,1,26,134,1,1,5,3,1,62,5,3,2,9,0,7,1,201600056982A01,,,,200054781
201600057001,2016-11-17,2016,novembre,jeudi,20:30,75,75117,48.8848,2.29838,2,2,3,5,1,4,2,02,1,1,0,70,1,0,1,4,1,26,1,2,2,14,2,1,7,201600057001A01,7,15,1,200054781
201600057009,2016-11-26,2016,novembre,samedi,01:30,75,75120,48.8488,2.40125,2,1,7,5,1,4,1,02,1,1,0,137,1,0,5,2,1,40,5,3,2,0,0,8,1,201600057009A01,,,,200054781
201600057012,2016-11-29,2016,novembre,mardi,18:30,75,75112,48.8444,2.42182,2,3,3,5,1,4,1,01,-1,-1,0,80,-1,0,0,3,1,54,1,1,2,0,2,8,1,201600057012B01,7,15,1,200054781
201600057546,2016-01-02,2016,janvier,samedi,08:45,972,97207,0,0,1,1,2,1,1,2,3,00,-1,1,20,116,1,0,1,3,1,55,5,1,2,0,2,4,2,201600057546B02,10,2,1,249720053
201600057557,2016-05-29,2016,mai,dimanche,21:45,972,97217,0,0,2,6,6,5,1,2,2,00,1,2,0,70,1,0,1,3,1,18,5,1,2,0,0,1,1,201600057557B02,7,0,1,249720053
201600057571,2016-02-14,2016,février,dimanche,17:00,972,97230,0,0,1,1,1,1,1,2,3,02,1,1,0,0,1,0,1,3,1,61,5,2,2,0,2,4,11,201600057571B02,7,1,1,200041788
201600057575,2016-08-21,2016,août,dimanche,17:00,972,97222,0,0,2,1,3,1,1,3,2,00,2,3,0,0,1,0,1,3,1,15,5,2,2,0,2,8,13,201600057575B02,7,1,1,200041788
201600057610,2016-09-11,2016,septembre,dimanche,17:15,971,97111,0,0,1,1,3,1,1,4,1,01,1,1,0,40,1,0,1,3,1,16,5,1,2,0,2,1,5,201600057610B02,7,5,1,249710062
201600057616,2016-01-25,2016,janvier,lundi,14:45,971,97107,0,0,1,3,1,1,1,4,2,01,4,1,0,0,1,5,1,3,1,15,5,2,2,0,2,8,1,201600057616A01,7,19,1,249710070
201600057623,2016-04-17,2016,avril,dimanche,10:00,971,97114,0,0,1,1,2,1,1,2,2,00,3,1,0,0,1,0,1,2,1,53,5,3,1,0,0,4,2,201600057623B02,10,2,1,249710062
201600057626,2016-04-29,2016,avril,vendredi,20:30,971,97107,0,0,1,1,5,5,1,2,2,02,1,1,0,0,1,5,1,2,1,17,5,3,2,0,2,0,1,201600057626B02,7 / 33,0 / 19,2,249710070
201600057654,2016-12-13,2016,décembre,mardi,07:00,971,97118,0,0,1,1,2,1,1,2,3,02,1,-1,0,0,1,0,1,2,1,57,1,1,2,0,2,4,2,201600057654B02,7,2,1,249710062
201600057659,2016-03-30,2016,mars,mercredi,21:00,971,97129,0,0,2,1,3,5,2,4,-1,02,2,1,0,0,2,0,1,3,1,23,5,2,4,0,2,1,0,201600057659B02,7,15,1,249710062
201600057662,2016-08-10,2016,août,mercredi,16:45,971,97129,0,0,2,1,3,1,1,2,2,02,2,2,0,70,1,0,1,3,2,19,5,2,2,0,2,3,9,201600057662B02,10,1,1,249710062
201600057666,2016-04-09,2016,avril,samedi,16:15,971,97108,0,0,1,1,3,1,1,3,2,02,-1,3,0,64,1,0,1,3,2,15,5,3,1,0,2,8,19,201600057666B02,10,1,1,249710047
201600057673,2016-10-31,2016,octobre,lundi,21:45,971,97108,0,0,1,1,2,3,1,3,2,02,1,1,0,60,1,0,1,3,1,57,0,2,2,0,2,4,2,201600057673B02,7,2,1,249710047
201600057727,2016-10-09,2016,octobre,dimanche,07:00,971,97116,0,0,1,1,2,1,2,2,3,00,1,1,10,70,2,0,1,3,1,54,5,1,2,0,2,4,11,201600057727B02,7,0,1,200044691
201600057728,2016-10-16,2016,octobre,dimanche,06:00,971,97116,0,0,1,1,2,2,1,2,2,00,1,1,0,70,1,0,1,2,1,56,4,1,2,0,2,4,1,201600057728B02,7,1,1,200044691
201600057737,2016-05-04,2016,mai,mercredi,19:30,973,97305,0,0,1,1,1,3,1,2,2,02,1,1,0,0,1,0,3,2,1,41,1,2,4,0,2,4,2,201600057737B02,7,2,1,249730045
201600057740,2016-07-27,2016,juillet,mercredi,20:45,973,97305,0,0,2,1,1,5,1,9,2,00,-1,1,0,0,1,0,1,3,1,11,3,2,2,0,2,1,1,201600057740B02,7,0,1,249730045
201600057750,2016-01-07,2016,janvier,jeudi,17:30,973,97304,0,0,1,1,1,1,1,3,2,00,-1,1,0,0,1,0,1,3,1,61,5,3,1,0,0,3,0,201600057750B02,7,14,1,200027548
201600057757,2016-03-23,2016,mars,mercredi,07:45,973,97304,0,0,2,3,3,1,1,3,2,02,1,1,0,55,1,0,1,4,2,19,2,3,1,0,2,4,15,201600057757B02,31,1,1,200027548
201600057762,2016-06-25,2016,juin,samedi,15:30,973,97304,0,0,2,1,6,1,1,4,2,02,1,1,0,70,1,0,1,3,1,46,5,2,2,0,2,8,15,201600057762B02,7,0,1,200027548
201600057765,2016-08-18,2016,août,jeudi,18:15,973,97304,0,0,2,1,2,1,1,4,2,00,1,1,2,60,1,0,1,3,2,55,5,1,4,0,0,4,1,201600057765A01,7,2,1,200027548
201600057767,2016-09-20,2016,septembre,mardi,15:15,973,97304,0,0,2,1,1,1,1,9,2,02,-1,1,0,71,1,0,1,2,1,15,0,3,8,0,2,1,10,201600057767B02,7,1,1,200027548
201600057778,2016-01-01,2016,janvier,vendredi,02:30,973,97301,0,0,2,1,7,3,3,4,2,00,1,1,0,0,2,0,3,2,1,35,5,3,1,13,0,1,1,201600057778A01,,,,249730052
201600057789,2016-01-27,2016,janvier,mercredi,13:00,973,97311,0,0,2,1,1,1,1,4,2,02,1,-1,0,0,1,0,1,4,1,11,2,2,2,0,0,2,1,201600057789B02,10,1,1,249730037
201600057792,2016-03-09,2016,mars,mercredi,09:45,973,97311,0,0,2,1,3,1,1,4,2,02,1,1,0,50,1,0,1,3,1,13,2,2,2,0,0,8,19,201600057792B02,7,1,1,249730037
201600057793,2016-03-29,2016,mars,mardi,07:00,973,97311,0,0,2,1,1,1,1,4,2,02,1,1,0,55,1,0,1,4,1,21,1,3,1,0,2,1,15,201600057793A01,7,1,1,249730037
201600057813,2016-08-24,2016,août,mercredi,16:45,973,97306,0,0,1,1,2,3,1,3,2,02,1,1,0,60,1,0,1,2,1,50,5,3,1,0,2,4,13,201600057813A01,7,1,1,249730037
201600057832,2016-04-07,2016,avril,jeudi,21:15,974,97418,0,0,1,1,7,3,1,3,2,01,-1,3,0,80,1,0,3,3,1,15,5,2,2,16,0,0,1,201600057832A01,,,,249740119
201600057855,2016-04-16,2016,avril,samedi,16:30,974,97421,0,0,2,1,6,1,1,3,2,02,2,1,0,80,1,0,1,4,1,28,5,2,2,0,1,1,1,201600057855A01,,,,249740093
201600057877,2016-11-19,2016,novembre,samedi,19:00,974,97415,0,0,2,1,3,5,2,4,1,00,1,1,0,0,2,0,1,3,1,20,5,2,4,0,2,4,19,201600057877B02,7,1,1,249740101
201600057904,2016-04-28,2016,avril,jeudi,06:15,974,97423,0,0,2,1,1,1,1,9,2,00,-1,1,0,59,1,0,1,4,1,22,5,3,1,0,2,1,1,201600057904B02,7,15,1,249740101
201600057905,2016-05-22,2016,mai,dimanche,15:45,974,97423,0,0,1,1,5,1,6,2,-1,02,1,1,0,0,1,0,5,4,1,53,5,1,2,0,2,3,1,201600057905B02,7,20,1,249740101
201600057905,2016-05-22,2016,mai,dimanche,15:45,974,97423,0,0,1,1,5,1,6,2,-1,02,1,1,0,0,1,0,5,3,2,51,5,1,2,0,2,1,1,201600057905C03,7,20,1,249740101
201600057912,2016-12-28,2016,décembre,mercredi,14:00,974,97424,0,0,2,1,1,1,1,3,2,01,2,2,0,58,1,0,1,4,1,18,5,2,2,0,2,1,13,201600057912A01,37,1,1,249740077
201600057928,2016-03-16,2016,mars,mercredi,16:00,974,97412,0,0,2,1,2,1,3,2,2,02,2,1,70,0,2,0,1,3,1,17,5,2,2,0,2,1,1,201600057928A01,7,15,1,249740085
201600057945,2016-09-08,2016,septembre,jeudi,12:45,976,97607,0,0,1,1,1,1,1,2,-1,02,-1,2,0,60,1,0,1,3,1,20,0,2,2,0,2,1,1,201600057945A01,7,21,1,200060457
201600057953,2016-08-12,2016,août,vendredi,18:00,976,97615,0,0,2,1,1,5,1,2,2,00,-1,1,0,0,1,0,1,4,1,49,5,1,2,0,2,1,0,201600057953B02,7,1,1,200050532
201600057958,2016-02-28,2016,février,dimanche,09:30,976,97616,0,0,2,1,5,1,1,3,2,02,2,2,0,70,1,0,1,3,1,43,5,2,2,1,0,1,5,201600057958C03,7,0 / 23,2,200059871
201600057960,2016-06-27,2016,juin,lundi,16:30,976,97617,0,0,1,1,1,1,1,3,-1,00,-1,-1,0,0,-1,0,0,3,1,18,5,2,2,0,0,1,0,201600057960B02,10,23,1,200059871
201600057975,2016-07-28,2016,juillet,jeudi,18:45,971,97103,0,0,1,1,2,1,1,2,3,00,2,1,71,106,1,0,1,2,1,22,4,1,2,0,2,0,2,201600057975B02,7,1,1,200018653
201600057988,2016-03-31,2016,mars,jeudi,13:30,976,97606,0,0,2,1,3,1,1,3,2,00,-1,1,0,72,1,0,1,3,1,15,0,1,2,15,0,8,21,201600057988A01,10,0,1,200060473
201600057994,2016-03-15,2016,mars,mardi,13:00,973,97309,0,0,2,1,1,1,1,3,2,02,2,1,0,0,1,0,3,3,2,21,5,3,1,0,2,3,1,201600057994B02,7,16,1,249730045
201600058010,2016-10-06,2016,octobre,jeudi,00:30,973,97309,0,0,2,1,1,3,1,2,2,00,-1,1,0,65,1,0,1,4,1,15,5,3,4,0,2,1,5,201600058010B02,7,1,1,249730045
201600058017,2016-12-03,2016,décembre,samedi,21:45,973,97309,0,0,2,1,7,5,1,4,2,02,1,1,0,80,1,0,1,4,1,36,5,3,1,0,2,1,18,201600058017A01,,,,249730045
201600058036,2016-01-09,2016,janvier,samedi,07:00,973,97307,0,0,1,1,5,1,7,2,2,02,1,1,0,70,1,0,3,3,1,21,5,2,2,0,2,4,2,201600058036A01,7,2,1,249730045
201600058036,2016-01-09,2016,janvier,samedi,07:00,973,97307,0,0,1,1,5,1,7,2,2,02,1,1,0,70,1,0,3,3,1,21,5,1,2,0,2,4,2,201600058036B02,7,2,1,249730045
201600058052,2016-07-09,2016,juillet,samedi,08:00,973,97307,0,0,2,1,2,1,1,2,2,02,1,1,0,60,1,0,3,4,1,40,5,1,4,0,2,6,1,201600058052A01,7,1,1,249730045
201600058072,2016-05-27,2016,mai,vendredi,19:30,974,97415,0,0,2,1,3,5,1,4,2,00,2,1,0,0,1,5,1,4,1,16,5,2,2,0,2,1,1,201600058072B02,7,15,1,249740101
201600058137,2016-02-03,2016,février,mercredi,16:30,972,97221,0,0,1,1,5,1,1,3,2,02,2,2,72,0,1,0,1,3,1,36,5,1,2,0,2,1,16,201600058137B02,7,1,1,249720053
201600058137,2016-02-03,2016,février,mercredi,16:30,972,97221,0,0,1,1,5,1,1,3,2,02,2,2,72,0,1,0,1,4,1,17,5,1,2,0,2,1,16,201600058137C03,7,1,1,249720053
201600058144,2016-07-27,2016,juillet,mercredi,16:30,972,97207,0,0,1,3,1,1,1,2,2,00,2,3,0,65,1,0,1,3,1,17,5,1,2,0,2,8,15,201600058144A01,7,1,1,249720053
201600058150,2016-02-29,2016,février,lundi,20:15,972,97222,0,0,2,1,3,3,1,2,2,00,1,1,0,0,1,0,1,3,1,17,5,1,2,0,2,8,15,201600058150B02,10,1,1,200041788
201600058151,2016-03-18,2016,mars,vendredi,20:45,972,97222,0,0,1,1,1,5,1,4,2,00,2,1,0,0,1,0,1,3,2,16,5,2,4,0,2,1,1,201600058151B02,7,1,1,200041788
201600058155,2016-08-29,2016,août,lundi,13:45,972,97222,0,0,1,1,1,1,1,4,2,00,2,2,0,40,1,0,1,3,1,17,5,1,2,0,2,1,13,201600058155A01,7,0,1,200041788
201600058181,2016-10-07,2016,octobre,vendredi,13:30,971,97105,0,0,2,1,6,1,1,4,2,02,1,1,0,35,1,0,1,4,1,20,5,1,2,0,1,0,0,201600058181A01,,,,249710070
201600058183,2016-12-02,2016,décembre,vendredi,16:45,971,97105,0,0,2,1,1,1,1,4,2,01,2,-1,0,54,1,0,1,4,1,17,5,2,2,0,0,1,0,201600058183B01,7,0,1,249710070
201600058237,2016-03-06,2016,mars,dimanche,10:30,971,97101,0,0,1,1,4,1,1,2,3,04,1,1,0,0,1,0,1,3,1,53,5,1,2,0,2,4,2,201600058237C01,7,2,1,200018653
201600058237,2016-03-06,2016,mars,dimanche,10:30,971,97101,0,0,1,1,4,1,1,2,3,04,1,1,0,0,1,0,1,3,1,47,0,1,2,0,2,4,2,201600058237B01,7,2,1,200018653
201600058277,2016-07-05,2016,juillet,mardi,06:50,971,97120,0,0,2,6,3,1,1,4,1,01,1,-1,0,0,1,0,1,4,1,48,1,1,2,0,2,0,0,201600058277B01,7,0,1,200018653
201600058280,2016-07-09,2016,juillet,samedi,19:10,971,97101,0,0,2,1,6,5,1,4,2,01,1,-1,0,0,1,0,1,3,1,13,0,1,9,0,2,0,0,201600058280B01,7,2,1,200018653
201600058296,2016-09-09,2016,septembre,vendredi,20:30,971,97113,0,0,1,1,3,5,1,4,-1,00,-1,-1,0,0,-1,0,0,3,1,11,0,3,9,0,2,1,19,201600058296B01,10,0,1,200041507
201600058320,2016-12-20,2016,décembre,mardi,21:40,971,97120,0,0,2,9,6,5,9,3,1,01,1,2,0,0,2,3,1,3,1,31,5,2,9,0,2,0,0,201600058320B01,7,0,1,200018653
201600058345,2016-01-24,2016,janvier,dimanche,13:55,972,97209,0,0,2,3,3,1,1,4,2,01,1,1,0,0,1,0,1,3,1,13,5,2,4,0,2,1,9,201600058345A01,7,1,1,249720061
201600058363,2016-03-02,2016,mars,mercredi,12:15,972,97209,0,0,2,2,6,1,1,4,2,02,1,1,0,0,1,0,1,4,1,14,5,1,2,0,2,3,1,201600058363B01,7,1,1,249720061
201600058371,2016-03-20,2016,mars,dimanche,11:55,972,97209,0,0,2,1,7,1,1,2,3,06,1,1,0,0,1,0,1,4,1,56,5,2,9,16,0,8,13,201600058371A01,,,,249720061
201600058382,2016-06-03,2016,juin,vendredi,18:05,972,97209,0,0,2,1,6,1,1,4,2,02,1,1,0,0,1,0,1,4,1,14,5,2,2,0,2,1,1,201600058382B01,32,2,1,249720061
201600058410,2016-08-25,2016,août,jeudi,12:55,972,97209,0,0,1,2,6,1,1,3,2,02,1,1,,0,1,0,1,4,1,7,0,2,4,0,2,1,13,201600058410A01,7,1,1,249720061
201600058435,2016-11-13,2016,novembre,dimanche,11:15,972,97209,14.62032,-61.05092,2,1,6,1,1,4,-1,00,2,1,0,0,1,0,0,3,2,8,5,2,9,0,2,1,13,201600058435A01,31,1,1,249720061
201600058442,2016-12-14,2016,décembre,mercredi,16:50,972,97213,14.5983,-61.00134,1,6,3,1,1,9,2,02,-1,-1,0,0,-1,0,1,4,1,44,5,3,2,0,2,1,0,201600058442B01,7,1,1,249720061
201600058467,2016-04-17,2016,avril,dimanche,11:20,972,97213,0,0,2,1,2,1,1,3,2,02,1,1,0,0,1,0,1,4,1,42,0,3,4,0,2,4,2,201600058467B01,7,2,1,249720061
201600058516,2016-09-16,2016,septembre,vendredi,14:00,972,97213,0,0,1,1,5,1,1,3,2,00,-1,-1,0,0,-1,0,1,4,1,43,0,1,2,0,0,0,0,201600058516B01,7,11 / 0,2,249720061
201600058517,2016-09-18,2016,septembre,dimanche,07:20,972,97213,0,0,1,1,3,1,1,2,-1,00,-1,-1,0,0,-1,0,0,4,1,41,0,1,2,0,0,0,0,201600058517B01,7,0,1,249720061
201600058546,2016-01-20,2016,janvier,mercredi,16:26,973,97302,4.93303,-52.30963,2,1,3,1,1,4,1,02,1,2,0,70,1,0,1,4,1,43,1,3,9,0,2,3,1,201600058546B01,7,16,1,249730045
201600058564,2016-02-15,2016,février,lundi,18:00,973,97302,0,0,1,1,6,2,1,4,2,00,-1,-1,0,0,-1,0,1,4,1,6,0,3,9,0,2,8,19,201600058564B01,7,1,1,249730045
201600058567,2016-02-15,2016,février,lundi,13:05,973,97302,0,0,2,1,3,1,1,4,-1,01,1,-1,0,0,1,0,1,3,1,39,0,3,9,0,0,1,1,201600058567A01,7,0,1,249730045
201600058579,2016-02-24,2016,février,mercredi,13:26,973,97302,4.89922,-52.32662,1,1,2,1,1,2,1,04,-1,-1,0,0,-1,0,0,3,1,19,1,3,9,0,0,0,0,201600058579A01,10,0,1,249730045
201600058586,2016-02-29,2016,février,lundi,15:06,973,97302,4.55384,-52.18511,2,1,3,1,1,4,2,00,1,1,0,0,1,0,1,3,1,18,0,3,9,0,2,0,14,201600058586B01,7,16,1,249730045
201600058595,2016-03-05,2016,mars,samedi,13:10,973,97302,4.91019,-52.32121,2,6,2,1,1,2,1,02,1,-1,100,40,1,0,1,4,1,17,5,1,2,0,0,4,2,201600058595B01,30,2,1,249730045
201600058598,2016-03-08,2016,mars,mardi,08:30,973,97302,0,0,2,2,3,1,1,4,1,01,-1,-1,0,0,-1,0,0,1,1,30,0,3,9,0,0,0,0,201600058598A01,34,0,1,249730045
201600058608,2016-03-14,2016,mars,lundi,14:05,973,97302,4.92654,-52.31387,2,1,7,1,1,4,2,02,1,1,0,60,1,0,1,4,1,30,0,3,9,0,0,1,0,201600058608A01,,,,249730045
201600058609,2016-03-14,2016,mars,lundi,16:00,973,97302,4.93493,-52.31188,2,1,3,1,1,4,-1,02,1,1,0,100,1,0,0,4,1,14,0,3,9,0,2,8,19,201600058609A01,33,17,1,249730045
201600058615,2016-03-19,2016,mars,samedi,17:29,973,97302,0,0,1,1,2,1,1,4,-1,00,1,-1,0,80,1,0,1,3,1,16,0,3,9,0,9,4,0,201600058615B01,2,0,1,249730045
201600058621,2016-03-23,2016,mars,mercredi,18:12,973,97302,0,0,2,6,3,2,1,4,2,00,1,-1,0,86,1,0,1,4,1,26,0,2,2,0,2,1,2,201600058621B01,7,15,1,249730045
201600058623,2016-03-24,2016,mars,jeudi,21:00,973,97302,0,0,2,1,3,5,1,4,3,00,1,1,0,0,1,0,5,4,1,12,0,1,2,0,2,8,5,201600058623A01,2,0,1,249730045
201600058627,2016-03-31,2016,mars,jeudi,08:06,973,97302,4.92167,-52.33035,2,1,1,1,3,4,3,00,1,1,0,0,2,0,1,4,1,12,2,2,2,0,2,1,15,201600058627B01,7,15,1,249730045
201600058629,2016-04-01,2016,avril,vendredi,18:40,973,97302,4.55129,-5.21845,2,1,1,2,1,3,2,02,1,1,0,70,1,0,1,3,1,23,0,2,2,0,0,0,0,201600058629B01,7,19,1,249730045
201600058640,2016-02-06,2016,février,samedi,12:11,973,97302,4.55495,-52.18178,1,1,1,1,1,4,3,00,1,1,0,0,1,0,1,4,1,31,0,3,2,0,2,1,5,201600058640A01,2,2,1,249730045
201600058648,2016-04-11,2016,avril,lundi,13:50,973,97302,4.9421,-52.32079,1,1,3,1,1,4,2,02,-1,-1,0,0,-1,0,5,4,1,17,5,3,9,0,0,0,0,201600058648B01,7,0,1,249730045
201600058653,2016-04-25,2016,avril,lundi,13:41,973,97302,4.56137,-52.18563,2,1,,1,2,4,-1,00,-1,-1,0,60,1,0,1,4,1,51,0,1,2,0,2,6,1,201600058653B01,7,4,1,249730045
201600058657,2016-05-04,2016,mai,mercredi,13:35,973,97302,0,0,2,1,3,1,1,4,1,02,-1,-1,0,0,-1,0,1,4,2,58,0,2,9,0,2,1,2,201600058657B01,7,15,1,249730045
201600058658,2016-05-05,2016,mai,jeudi,12:00,973,97302,0,0,1,1,6,1,1,4,-1,00,1,1,0,0,1,0,0,4,1,53,0,3,9,0,9,0,1,201600058658A01,,,,249730045
201600058667,2016-05-09,2016,mai,lundi,12:15,973,97302,0,0,1,1,6,1,1,4,3,00,1,-1,0,80,1,0,1,1,1,14,0,2,4,0,1,1,1,201600058667A01,,,,249730045
201600058667,2016-05-09,2016,mai,lundi,12:15,973,97302,0,0,1,1,6,1,1,4,3,00,1,-1,0,80,1,0,1,3,1,12,0,3,8,0,1,1,1,201600058667A01,,,,249730045
201600058674,2016-05-13,2016,mai,vendredi,14:25,973,97302,4.55386,-5.21909,2,1,3,1,1,3,2,02,1,1,0,80,1,0,1,4,2,16,2,1,2,0,0,0,0,201600058674A01,7,1,1,249730045
201600058681,2016-05-20,2016,mai,vendredi,07:45,973,97302,0,0,2,3,3,1,1,4,2,01,1,-1,0,80,1,0,1,4,2,16,2,1,9,0,2,8,1,201600058681B01,37,0,1,249730045
201600058684,2016-05-24,2016,mai,mardi,11:37,973,97302,0,0,2,3,2,1,1,4,2,02,1,1,,50,1,7,1,4,1,24,0,1,2,0,2,1,2,201600058684B01,2,13,1,249730045
201600058702,2016-06-01,2016,juin,mercredi,14:11,973,97302,0,0,1,1,3,1,1,4,-1,01,1,1,0,60,1,0,1,3,1,12,5,2,4,0,2,1,1,201600058702B01,7,15,1,249730045
201600058717,2016-06-10,2016,juin,vendredi,15:07,973,97302,0,0,2,1,1,1,1,4,2,02,1,1,0,0,1,0,0,4,1,16,0,2,9,0,2,1,16,201600058717A01,7,13,1,249730045
201600058726,2016-06-23,2016,juin,jeudi,11:29,973,97302,4.55596,-52.19103,2,1,1,1,1,4,3,00,1,1,0,0,1,0,1,4,1,17,0,1,2,0,2,1,15,201600058726A01,1,2,1,249730045
201600058726,2016-06-23,2016,juin,jeudi,11:29,973,97302,4.55596,-52.19103,2,1,1,1,1,4,3,00,1,1,0,0,1,0,1,4,1,14,0,2,2,0,2,1,2,201600058726B01,1,15,1,249730045
201600058741,2016-07-07,2016,juillet,jeudi,15:15,973,97302,0,0,2,9,6,1,1,4,-1,01,1,-1,0,60,1,0,1,4,1,38,5,3,9,0,2,2,0,201600058741B01,7,0,1,249730045
201600058771,2016-08-13,2016,août,samedi,14:20,973,97302,0,0,2,1,6,1,1,4,2,01,1,1,0,60,1,0,1,4,1,15,5,3,2,0,2,9,2,201600058771B01,7,2,1,249730045
201600058783,2016-08-06,2016,août,samedi,11:15,973,97302,0,0,1,1,2,1,1,4,2,02,-1,-1,0,0,-1,0,1,4,1,32,5,2,2,0,2,4,1,201600058783B01,7,0,1,249730045
201600058786,2016-09-01,2016,septembre,jeudi,12:30,973,97302,0,0,1,1,3,1,1,3,2,02,1,1,0,0,1,0,1,3,2,22,0,2,2,0,0,0,0,201600058786Z01,10,15,1,249730045
201600058805,2016-09-16,2016,septembre,vendredi,15:35,973,97302,4.54135,-5.21859,2,1,1,1,1,2,2,03,1,1,0,100,1,0,0,3,1,36,0,1,4,0,2,1,15,201600058805A01,7,1,1,249730045
201600058809,2016-09-19,2016,septembre,lundi,21:25,973,97302,0,0,2,1,2,5,1,3,1,02,1,2,0,0,1,0,1,4,1,27,9,2,2,0,0,4,2,201600058809B01,7,0,1,249730045
201600058815,2016-09-26,2016,septembre,lundi,22:00,973,97302,0,0,2,6,1,5,1,4,1,02,1,2,0,90,1,5,1,3,1,42,2,2,4,0,2,6,21,201600058815A01,2,21,1,249730045
201600058819,2016-09-28,2016,septembre,mercredi,19:25,973,97302,0,0,2,6,3,5,1,3,1,01,1,1,0,80,1,0,1,3,1,48,0,1,9,0,2,4,1,201600058819B01,7,1,1,249730045
201600058823,2016-10-01,2016,octobre,samedi,06:15,973,97302,0,0,1,1,3,1,1,4,-1,01,1,1,0,60,1,0,1,3,1,31,0,2,4,0,2,1,10,201600058823A01,7,1,1,249730045
201600058827,2016-10-05,2016,octobre,mercredi,18:10,973,97302,0,0,2,1,3,1,1,4,-1,01,1,-1,0,60,1,0,1,4,2,20,0,3,9,0,2,7,0,201600058827B01,7,9,1,249730045
201600058835,2016-10-13,2016,octobre,jeudi,08:05,973,97302,0,0,2,1,3,1,1,4,2,01,1,1,0,60,1,0,1,4,1,21,0,1,2,0,0,0,0,201600058835B01,7,15,1,249730045
201600058837,2016-10-15,2016,octobre,samedi,07:55,973,97302,0,0,2,1,3,1,1,4,-1,00,1,2,0,0,1,0,0,3,2,27,0,2,9,0,2,7,1,201600058837B01,7,9,1,249730045
201600058839,2016-10-18,2016,octobre,mardi,17:30,973,97302,0,0,2,1,3,1,1,4,-1,00,1,-1,0,60,1,0,0,1,1,15,0,1,2,0,2,8,6,201600058839A01,7,0,1,249730045
201600058839,2016-10-18,2016,octobre,mardi,17:30,973,97302,0,0,2,1,3,1,1,4,-1,00,1,-1,0,60,1,0,0,4,1,16,0,1,2,0,2,8,6,201600058839A01,7,0,1,249730045
201600058845,2016-10-26,2016,octobre,mercredi,06:40,973,97302,0,0,2,1,3,1,1,4,2,01,1,-1,0,60,1,0,1,4,1,57,9,2,9,0,2,0,2,201600058845B01,7,2,1,249730045
201600058854,2016-11-05,2016,novembre,samedi,08:50,973,97302,0,0,2,2,3,1,1,4,2,02,1,1,0,80,1,0,0,3,1,62,5,1,9,0,0,0,0,201600058854A01,7,16,1,249730045
201600058855,2016-11-05,2016,novembre,samedi,15:55,973,97302,0,0,2,1,2,1,1,4,-1,00,1,1,0,60,1,0,0,4,1,60,0,1,2,0,0,0,2,201600058855B01,30,2,1,249730045