Num_Acc,date,an,mois,jour,hrmn,dep,com,lat,long,agg,int,col,lum,atm,catr,circ,nbv,prof,plan,lartpc,larrout,surf,infra,situ,grav,sexe,age,trajet,secuexist,equipement,obs,obsm,choc,manv,vehiculeid,typevehicules,manoeuvehicules,numVehicules,_infos_commune.code_epci
201700002316,2017-08-17,2017,août,jeudi,09:45,38,38545,45.04841,5.66844,2,1,6,1,1,3,2,02,4,3,0,0,1,0,1,4,1,41,5,1,2,0,5,1,1,201700002316A01,,,,200040715
201700002320,2017-10-06,2017,octobre,vendredi,18:20,38,38187,44.99569,5.62727,1,1,2,1,6,3,2,02,2,1,0,55,1,0,1,3,1,12,5,2,2,0,2,4,13,201700002320B01,10,17,1,200040715
201700002321,2017-10-17,2017,octobre,mardi,18:45,38,38545,45.03067,5.66463,1,3,3,2,1,3,2,02,2,-1,0,10,1,,,4,1,30,5,1,2,0,2,8,1,201700002321B01,7,15,1,200040715
201700002325,2017-03-15,2017,mars,mercredi,18:15,38,38225,45.12258,5.53062,1,3,3,1,1,3,2,02,2,-1,0,15,1,,,3,1,17,2,2,2,0,2,1,19,201700002325B01,7,1,1,243801024
201700002328,2017-06-02,2017,juin,vendredi,09:00,38,38548,45.07661,5.53701,1,1,6,1,1,3,2,02,1,3,0,0,1,0,1,4,1,72,5,1,2,0,5,1,1,201700002328A01,,,,243801024
201700002331,2017-07-08,2017,juillet,samedi,09:45,38,38548,45.07485,5.49174,1,1,6,1,1,3,2,02,2,1,0,0,1,0,3,3,1,54,5,1,2,14,0,1,1,201700002331A01,,,,243801024
201700002335,2017-01-05,2017,janvier,jeudi,15:40,02,02212,49.63776,3.2699,1,1,3,1,7,4,2,02,1,-1,10,72,2,0,1,2,1,70,5,3,9,0,2,0,0,201700002335B01,7,1,1,200071785
201700002340,2017-05-10,2017,mai,mercredi,12:36,02,02304,49.6598,3.3795,2,1,7,1,1,4,2,02,1,-1,0,145,1,0,1,4,1,15,2,2,9,0,0,0,0,201700002340A01,,,,200071785
201700002343,2017-07-06,2017,juillet,jeudi,14:35,02,02059,49.65907,3.34609,2,3,6,1,1,4,2,02,1,1,0,68,1,0,1,4,1,35,5,1,2,0,0,8,2,201700002343B01,7,16,1,200071785
201700002347,2017-09-26,2017,septembre,mardi,17:55,02,02212,49.63151,3.28076,2,1,7,1,1,3,2,02,1,1,0,60,1,0,4,4,1,15,0,3,9,0,0,0,1,201700002347A01,,,,200071785
201700002353,2017-03-11,2017,mars,samedi,18:45,38,38170,45.24669,5.66295,2,1,2,3,1,4,2,02,1,2,0,0,1,0,1,3,1,79,5,1,4,0,2,4,1,201700002353B01,7,1,1,200040715
201700002354,2017-03-16,2017,mars,jeudi,16:25,38,38565,45.29849,5.62823,1,1,3,1,1,3,3,05,1,-1,0,0,1,0,1,3,1,69,5,1,2,0,2,3,1,201700002354B01,7,1,1,243800984
201700002357,2017-04-22,2017,avril,samedi,19:15,38,38170,45.25781,5.66176,2,1,6,1,1,4,1,01,2,3,0,0,1,0,1,3,1,16,5,2,9,5,0,1,0,201700002357A01,,,,200040715
201700002362,2017-08-09,2017,août,mercredi,08:30,38,38565,45.29587,5.63772,2,1,6,1,1,3,2,02,2,3,0,72,1,0,1,4,1,60,5,1,2,0,1,3,1,201700002362A01,,,,243800984
201700002366,2017-01-11,2017,janvier,mercredi,14:35,38,38562,45.08054,5.77415,2,3,3,1,1,3,2,02,2,-1,7,625,1,,,3,1,38,5,2,2,0,2,1,16,201700002366B01,7,1,1,200040715
201700002370,2017-03-25,2017,mars,samedi,15:00,38,38059,45.13542,5.77149,2,6,3,1,3,3,2,02,2,-1,8,25,1,5,,4,1,72,5,2,2,0,2,1,1,201700002370B01,7,1,1,200040715
201700002374,2017-05-29,2017,mai,lundi,11:15,38,38402,45.01228,5.76237,1,1,7,1,1,3,2,02,1,1,0,70,1,0,1,3,1,50,5,1,2,0,0,0,1,201700002374A01,,,,200040657
201700002375,2017-06-15,2017,juin,jeudi,20:00,38,38562,45.08154,5.77016,2,1,7,2,1,3,2,02,1,-1,0,0,1,0,5,3,1,13,5,2,2,0,0,0,1,201700002375A01,,,,200040715
201700002376,2017-06-21,2017,juin,mercredi,07:07,38,38068,45.10225,5.71401,1,6,3,1,1,2,2,02,1,-1,17,15,1,5,1,2,1,76,5,1,2,0,2,7,1,201700002376B01,10,2,1,200040715
201700002385,2017-09-06,2017,septembre,mercredi,16:00,38,38562,45.0685,5.7622,1,9,3,1,1,3,3,04,1,-1,0,13,1,,,4,1,56,5,1,2,0,2,7,1,201700002385B01,7,9,1,200040715
201700002389,2017-10-05,2017,octobre,jeudi,14:21,38,38200,45.08673,5.74151,2,3,3,1,1,4,2,02,1,-1,0,15,1,,,3,1,24,5,1,2,0,2,1,1,201700002389B01,7,16,1,200040715
201700002428,2017-01-04,2017,janvier,mercredi,10:50,44,44035,47.27634,-1.54796,1,6,3,1,1,3,2,02,3,1,0,10,1,5,1,4,1,53,4,1,2,0,2,0,16,201700002428B01,7,1,1,244400404
201700002433,2017-04-27,2017,avril,jeudi,10:10,44,44035,47.28193,-1.56002,2,6,3,1,7,4,2,02,1,-1,0,15,1,,,3,2,63,3,2,2,0,2,8,15,201700002433B01,7,2,1,244400404
201700002435,2017-06-02,2017,juin,vendredi,10:10,44,44035,47.2955,-1.55497,2,6,2,1,1,3,1,02,1,-1,7,510,1,5,1,3,2,66,5,2,2,0,0,4,1,201700002435B01,7,2,1,244400404
201700002442,2017-03-27,2017,mars,lundi,18:45,38,38110,45.58934,4.86093,1,1,1,1,1,2,2,03,2,-1,0,10,1,,,4,1,55,5,3,2,0,2,3,15,201700002442B01,7,1,1,200077014
201700002455,2017-08-25,2017,août,vendredi,16:27,38,38507,45.75179,5.19578,2,1,3,1,7,3,2,02,1,1,0,0,1,5,1,3,1,9,5,1,2,0,2,8,19,201700002455B01,7,1,1,200068542
201700002510,2017-07-29,2017,juillet,samedi,11:38,42,42328,45.57162,3.98199,1,1,2,1,7,3,2,02,2,4,0,64,1,0,1,4,1,67,5,2,2,0,9,4,1,201700002510B01,7,2,1,200065886
201700002527,2017-04-22,2017,avril,samedi,19:30,42,42211,45.53373,4.23266,2,1,3,1,1,3,2,02,1,1,0,0,1,0,1,3,1,43,0,2,9,0,2,0,1,201700002527A01,10,0,1,200065886
201700002541,2017-02-15,2017,février,mercredi,22:10,42,42168,45.42179,4.67374,2,1,7,5,1,3,2,02,1,1,0,0,1,0,1,3,1,32,5,2,2,0,0,0,1,201700002541A01,,,,244200895
201700002548,2017-05-24,2017,mai,mercredi,08:55,42,42168,45.41638,4.67484,2,4,3,1,1,3,2,02,2,-1,10,10,1,,,3,1,67,5,1,2,0,2,7,2,201700002548B01,7,19,1,244200895
201700002567,2017-03-27,2017,mars,lundi,14:00,73,73328,45.64811,5.89163,1,1,3,1,1,3,2,02,1,1,0,0,1,0,5,3,1,62,5,3,2,0,0,7,17,201700002567A01,1,0,1,200068674
201700002567,2017-03-27,2017,mars,lundi,14:00,73,73328,45.64811,5.89163,1,1,3,1,1,3,2,02,1,1,0,0,1,0,5,1,1,41,5,2,2,0,0,8,0,201700002567B01,1,17,1,200068674
201700002573,2017-12-13,2017,décembre,mercredi,14:10,73,73328,45.64278,5.91082,1,6,3,1,1,3,2,02,1,-1,0,25,1,0,1,3,1,41,5,1,2,0,2,1,1,201700002573B01,7,16,1,200068674
201700002574,2017-01-26,2017,janvier,jeudi,22:40,73,73243,45.59362,6.0062,1,1,1,3,1,3,2,02,2,4,0,68,1,0,1,2,1,42,5,1,9,0,2,1,1,201700002574B01,7,13,1,200069110
201700002579,2017-10-06,2017,octobre,vendredi,14:44,73,73213,45.55362,5.95424,2,8,1,1,1,4,2,02,1,-1,0,14,5,4,,2,1,80,5,3,9,0,4,7,1,201700002579A01,39,1,1,200069110
201700002581,2017-11-30,2017,novembre,jeudi,21:40,73,73064,45.55185,5.98187,2,1,2,5,2,3,2,02,1,1,0,60,2,0,1,2,1,47,5,2,2,0,2,4,1,201700002581B01,7,1,1,200069110
201700002604,2017-08-05,2017,août,samedi,10:45,73,73034,45.688,6.58675,1,1,3,1,1,4,2,02,2,4,0,52,1,0,1,3,2,25,5,1,2,0,2,1,1,201700002604B01,7,1,1,200068997
201700002612,2017-07-01,2017,juillet,samedi,11:20,73,73176,45.60768,6.84479,1,1,5,1,8,3,2,02,1,1,0,71,1,0,1,3,1,54,5,2,2,0,2,8,2,201700002612B01,7,17,1,247300254
201700002612,2017-07-01,2017,juillet,samedi,11:20,73,73176,45.60768,6.84479,1,1,5,1,8,3,2,02,1,1,0,71,1,0,1,1,1,44,5,1,2,0,2,8,2,201700002612C01,7,17,1,247300254
201700002645,2017-08-03,2017,août,jeudi,13:20,73,73306,45.09919,6.42894,1,1,6,1,1,3,2,02,2,4,0,0,1,0,1,3,1,20,5,1,2,0,2,8,3,201700002645A01,7,1,1,247300452
201700002647,2017-09-21,2017,septembre,jeudi,16:00,73,73013,45.19686,6.33241,1,1,3,1,1,3,2,02,1,1,0,58,1,0,1,3,2,59,5,1,2,0,2,1,2,201700002647A01,1,10,1,200070464
201700002647,2017-09-21,2017,septembre,jeudi,16:00,73,73013,45.19686,6.33241,1,1,3,1,1,3,2,02,1,1,0,58,1,0,1,1,1,67,5,1,2,0,2,8,10,201700002647B01,1,2,1,200070464
201700002654,2017-05-20,2017,mai,samedi,17:00,73,73157,45.19438,6.66,2,1,3,1,1,3,2,02,1,1,0,0,1,0,1,3,1,43,1,2,2,0,2,8,1,201700002654B01,10,1,1,200070340
201700002656,2017-07-05,2017,juillet,mercredi,09:45,73,73023,45.21672,6.75384,1,1,3,1,1,3,2,02,1,3,0,0,1,0,1,3,1,65,5,1,2,0,2,8,2,201700002656B01,7,17,1,200070340
201700002657,2017-07-17,2017,juillet,lundi,10:25,73,73223,45.20488,6.62982,1,1,7,1,1,3,2,02,2,2,0,69,1,0,3,2,1,68,5,1,2,0,0,0,1,201700002657A01,,,,200070340
201700002666,2017-07-31,2017,juillet,lundi,12:30,74,74080,45.90606,6.42742,2,1,5,1,1,3,2,02,2,1,0,76,1,0,1,3,1,32,5,1,2,0,2,1,0,201700002666C01,7,19,1,247400617
201700002666,2017-07-31,2017,juillet,lundi,12:30,74,74080,45.90606,6.42742,2,1,5,1,1,3,2,02,2,1,0,76,1,0,1,3,1,67,5,1,2,0,2,1,18,201700002666B01,7,19,1,247400617
201700002671,2017-11-01,2017,novembre,mercredi,16:05,74,74136,45.94005,6.42629,1,1,1,1,1,4,2,02,2,2,0,70,1,0,1,3,1,12,5,1,2,0,2,1,1,201700002671B01,3,1,1,247400617
201700002691,2017-09-27,2017,septembre,mercredi,17:05,74,74143,45.89375,6.78408,2,1,2,1,1,4,2,02,1,3,0,0,1,0,1,3,2,74,5,1,2,0,2,3,1,201700002691B01,37,17,1,200023372
201700002694,2017-04-09,2017,avril,dimanche,08:00,74,74250,46.05964,6.36854,2,3,3,1,1,3,2,02,1,-1,5,810,1,0,1,3,1,61,3,2,9,0,2,8,1,201700002694B01,7,15,1,247400724
201700002706,2017-06-17,2017,juin,samedi,18:30,74,74016,46.12151,6.14083,1,1,2,1,1,3,-1,02,2,1,0,45,1,0,1,3,1,45,5,1,2,0,0,4,1,201700002706A01,7,17,1,247400690
201700002710,2017-12-13,2017,décembre,mercredi,20:15,74,74031,46.10409,6.10504,1,1,2,3,3,3,2,02,1,-1,0,0,2,0,1,3,1,45,1,3,2,0,2,4,1,201700002710B01,7,1,1,247400690
201700002714,2017-05-13,2017,mai,samedi,09:00,74,74220,46.12633,6.24434,2,1,1,1,1,4,2,02,2,-1,5,10,1,0,1,3,1,59,5,1,2,0,2,1,13,201700002714B01,7,1,1,247400583
201700002718,2017-06-04,2017,juin,dimanche,17:00,74,74145,46.22142,6.29429,2,2,3,1,1,4,2,02,1,1,,,1,0,1,3,1,42,5,1,2,0,2,1,1,201700002718B01,7,1,1,200011773
201700002722,2017-08-30,2017,août,mercredi,15:20,74,74040,46.1682,6.3207,2,3,1,1,8,3,2,02,4,-1,0,10,1,0,1,3,1,75,5,1,2,0,2,1,1,201700002722B01,7,15,1,200011773
201700002746,2017-05-17,2017,mai,mercredi,17:15,74,74154,46.40573,6.64881,1,1,2,1,1,3,2,01,1,-1,0,0,1,0,1,3,1,52,5,1,2,0,2,4,2,201700002746B01,7,17,1,200071967
201700002751,2017-04-14,2017,avril,vendredi,05:25,63,63307,0,0,1,1,4,3,1,3,2,03,2,1,0,67,1,0,1,3,1,47,1,1,4,0,2,8,1,201700002751C01,7 / 14,13 / 1,2,246300701
201700002753,2017-06-05,2017,juin,lundi,19:24,63,63263,45.77984,3.01285,2,9,1,1,1,4,2,02,2,-1,5,10,1,,,4,1,44,5,3,9,0,2,2,21,201700002753A01,7,4,1,246300701
201700002756,2017-03-14,2017,mars,mardi,12:30,63,63263,45.79003,3.02119,2,1,1,1,1,3,2,02,2,3,0,48,1,0,1,3,1,38,5,1,2,0,2,7,13,201700002756B01,7,21,1,246300701
201700002759,2017-04-23,2017,avril,dimanche,18:15,63,63254,45.81678,3.05618,1,2,3,1,1,3,,,,,,,,,,3,1,14,5,2,9,0,2,1,19,201700002759A01,7,1,1,246300701
201700002760,2017-06-05,2017,juin,lundi,17:50,63,63263,45.79746,2.99268,2,1,2,1,1,3,2,02,1,1,0,88,1,0,1,3,1,45,0,1,2,0,2,4,2,201700002760B01,7,2,1,246300701
201700002764,2017-06-12,2017,juin,lundi,12:00,63,63213,45.83911,3.2705,2,5,3,1,1,3,4,03,1,-1,0,15,1,,,4,1,26,4,1,2,0,2,2,1,201700002764B01,7,15,1,200070753
201700002775,2017-02-19,2017,février,dimanche,17:30,03,03085,46.54545,3.22904,1,1,3,1,1,3,2,02,1,1,0,64,1,0,1,4,1,47,5,3,9,0,2,3,2,201700002775B01,7,2,1,200071140
201700002777,2017-06-08,2017,juin,jeudi,17:30,03,03121,46.6165,3.3679,1,1,3,1,7,3,2,02,1,1,0,61,1,0,1,2,1,53,5,1,2,0,2,4,2,201700002777B01,7,2,1,200071140
201700002791,2017-06-10,2017,juin,samedi,10:10,03,03300,46.44648,3.63005,2,1,1,1,7,3,2,02,1,1,0,78,1,0,1,4,1,75,0,1,2,0,2,3,1,201700002791B01,7,15,1,200071470
201700002832,2017-01-06,2017,janvier,vendredi,14:00,03,03101,0,0,1,1,6,1,1,3,2,02,3,1,0,70,1,0,1,3,1,67,5,1,2,0,0,0,0,201700002832B01,7,17,1,200071082
201700002844,2017-03-28,2017,mars,mardi,15:25,03,03185,46.34761,2.60258,2,6,6,1,1,4,1,01,1,3,0,0,1,0,1,3,1,66,0,3,2,0,9,0,15,201700002844B01,7,16,1,200071082
201700002853,2017-06-15,2017,juin,jeudi,18:00,03,03185,46.35236,2.59068,2,4,3,1,1,4,2,02,1,1,0,108,1,0,1,3,2,26,0,3,2,0,2,1,1,201700002853B01,7,15,1,200071082
201700002856,2017-08-21,2017,août,lundi,13:40,03,03185,46.34054,2.59328,2,9,3,1,1,4,2,02,1,1,0,100,1,0,1,4,1,48,1,1,2,0,2,1,1,201700002856B01,7,16,1,200071082
201700002862,2017-09-06,2017,septembre,mercredi,15:35,03,03211,46.31472,2.53546,2,1,6,1,1,4,2,02,1,-1,0,0,1,0,1,4,1,16,5,1,2,0,2,0,1,201700002862B01,7,0,1,200071082
201700002869,2017-09-08,2017,septembre,vendredi,17:07,03,03190,46.56114,3.32679,2,1,3,1,1,4,3,04,1,1,0,41,1,0,1,2,2,46,9,2,2,0,2,8,1,201700002869B01,17,1,1,200071140
201700002873,2017-03-25,2017,mars,samedi,10:37,57,57620,49.19137,6.0038,2,1,2,1,1,3,2,02,1,-1,0,0,1,0,1,4,1,61,3,2,9,0,2,0,4,201700002873B01,7,4,1,245701271
201700002877,2017-01-10,2017,janvier,mardi,16:30,57,57039,49.05354,6.11787,1,3,3,1,2,3,2,02,1,,0,80,2,0,1,3,1,79,5,1,2,0,2,6,19,201700002877B01,7,1,1,200039865
201700002886,2017-02-14,2017,février,mardi,15:05,57,57663,49.24231,6.174,2,6,1,1,7,3,1,02,1,-1,700,10,1,,,3,1,90,5,2,2,0,2,7,0,201700002886B01,7,2,1,200039949
201700002898,2017-08-28,2017,août,lundi,13:30,57,57433,49.20619,6.16038,2,1,3,1,1,4,1,01,1,1,0,0,1,0,1,4,2,20,4,1,2,0,2,1,0,201700002898B01,7,1,1,200039949
201700002928,2017-06-25,2017,juin,dimanche,09:00,57,57052,49.06166,6.80844,1,1,6,1,1,3,2,02,1,-1,0,0,1,0,1,3,1,69,5,1,2,0,9,1,2,201700002928A01,1,2,1,245700398
201700002928,2017-06-25,2017,juin,dimanche,09:00,57,57052,49.06166,6.80844,1,1,6,1,1,3,2,02,1,-1,0,0,1,0,1,1,1,56,5,1,2,0,9,4,2,201700002928B01,1,2,1,245700398
201700002929,2017-06-25,2017,juin,dimanche,11:20,57,57669,49.11783,6.88513,2,6,3,1,1,3,1,02,1,-1,0,10,1,,,4,1,28,5,2,2,0,2,8,1,201700002929B01,7,12,1,245700372
201700002930,2017-09-16,2017,septembre,samedi,15:10,57,57316,49.09744,6.85144,2,3,3,1,2,3,2,02,2,-1,7,20,1,,,1,1,10,5,2,9,0,2,1,19,201700002930A01,1,1,1,245700398
201700002930,2017-09-16,2017,septembre,samedi,15:10,57,57316,49.09744,6.85144,2,3,3,1,2,3,2,02,2,-1,7,20,1,,,4,2,63,5,1,2,0,2,1,1,201700002930B01,1,19,1,245700398
201700002948,2017-03-25,2017,mars,samedi,16:45,54,54090,48.74936,6.16344,2,1,3,1,1,9,2,02,1,-1,7,515,1,,,3,1,69,5,1,2,0,2,1,0,201700002948B01,7,9,1,245400601
201700002959,2017-06-24,2017,juin,samedi,10:00,54,54527,48.55481,6.22774,1,1,3,1,1,2,2,02,1,1,0,0,1,0,1,3,1,43,5,1,2,0,2,4,1,201700002959B01,7,1,1,245400189
201700002964,2017-09-22,2017,septembre,vendredi,19:35,54,54397,48.62623,6.10826,2,3,3,2,1,9,,01,,,,,,,,3,1,13,5,2,2,0,2,1,1,201700002964B01,7,1,1,245400171
201700002978,2017-04-04,2017,avril,mardi,00:05,03,03001,46.10125,3.44297,2,1,6,3,1,4,1,01,-1,-1,0,0,-1,0,0,4,1,23,0,3,2,0,2,0,0,201700002978B01,1,0,1,200071363
201700002981,2017-04-23,2017,avril,dimanche,18:55,03,03094,46.16769,3.42476,2,1,6,2,1,4,2,02,1,1,0,100,1,0,0,3,2,43,0,2,9,0,0,0,0,201700002981A01,7,0,1,200071363
201700002993,2017-08-14,2017,août,lundi,09:37,03,03310,46.12183,3.41452,2,3,3,1,1,4,2,02,1,1,0,80,1,0,1,3,2,68,5,1,2,0,2,1,1,201700002993B01,7,15,1,200071363
201700002994,2017-08-23,2017,août,mercredi,22:10,03,03095,46.12787,3,2,3,1,5,1,4,1,01,2,1,0,80,1,0,1,4,1,34,5,2,2,0,2,1,5,201700002994A01,7,15,1,200071363
201700003005,2017-11-09,2017,novembre,jeudi,10:45,54,54020,48.6039,6.43786,1,1,2,1,8,3,2,02,1,1,0,0,1,0,5,3,1,68,5,2,2,0,2,4,1,201700003005B01,7,1,1,245400759
201700003013,2017-04-30,2017,avril,dimanche,10:00,54,54532,48.80133,5.95633,1,1,1,1,7,3,2,02,1,-1,18,910,1,,,3,1,66,0,1,2,0,2,1,5,201700003013B01,7,15,1,200070563
201700003061,2017-04-10,2017,avril,lundi,18:15,88,88401,48.30442,5.77684,1,1,2,1,1,3,2,03,1,1,0,113,1,0,1,3,1,78,5,1,2,0,2,6,2,201700003061B01,7,2,1,200068559
201700003092,2017-09-01,2017,septembre,vendredi,16:02,67,67131,48.48154,7.72499,2,1,3,1,1,4,2,02,1,-1,0,10,5,,,3,1,67,5,3,9,0,2,1,1,201700003092B01,10,16,1,246700488
201700003099,2017-08-29,2017,août,mardi,09:36,67,67130,48.42147,7.65363,2,1,3,1,7,4,2,02,1,-1,0,15,1,,,3,1,83,5,3,9,0,2,7,1,201700003099B01,7,1,1,200067924
201700003105,2017-07-09,2017,juillet,dimanche,11:45,67,67348,48.46891,7.48742,2,1,1,1,1,5,2,02,1,1,0,50,1,0,1,3,1,63,5,1,2,0,2,1,1,201700003105B01,2,1,1,246701080
201700003110,2017-10-21,2017,octobre,samedi,10:05,67,67458,48.82283,7.74122,2,9,3,1,8,3,2,02,1,-1,307,315,1,,,3,1,82,0,2,9,0,2,1,0,201700003110B01,7,0,1,200067874
201700003119,2017-11-28,2017,novembre,mardi,11:50,67,67098,48.54371,7.41112,1,1,7,1,1,3,2,02,1,1,,,1,0,1,2,1,52,5,1,9,0,0,0,1,201700003119A01,,,,246701064
201700003123,2017-05-27,2017,mai,samedi,23:00,67,67300,48.54461,7.50001,2,1,1,3,1,9,2,02,1,-1,0,20,1,0,5,3,1,62,5,1,9,0,0,1,1,201700003123B01,1,0,1,246701064
201700003123,2017-05-27,2017,mai,samedi,23:00,67,67300,48.54461,7.50001,2,1,1,3,1,9,2,02,1,-1,0,20,1,0,5,1,1,19,5,2,9,0,0,1,0,201700003123A01,1,1,1,246701064
201700003126,2017-07-17,2017,juillet,lundi,16:15,67,67300,48.53217,7.50286,2,1,3,1,1,4,2,02,1,-1,6,510,5,,,3,1,79,5,1,2,0,2,4,19,201700003126B01,7,1,1,246701064
201700003128,2017-08-03,2017,août,jeudi,14:30,67,67313,48.53816,7.45768,2,1,3,1,1,3,2,02,1,-1,7,10,1,,,3,1,20,5,2,9,0,2,9,16,201700003128B01,7,1,1,246701064
201700003129,2017-08-24,2017,août,jeudi,18:45,67,67492,48.5899,7.44867,1,1,1,1,1,3,2,02,3,-1,0,15,1,,,4,1,53,5,1,2,0,2,8,1,201700003129B01,7,15,1,200068864
201700003132,2017-10-06,2017,octobre,vendredi,17:50,67,67080,48.54301,7.53331,2,8,3,1,1,3,-1,02,1,-1,10,14,-1,4,,2,2,16,2,3,9,0,4,7,0,201700003132A01,39,0,1,246701064
201700003133,2017-10-13,2017,octobre,vendredi,13:40,67,67008,48.53697,7.53086,1,1,1,1,1,3,2,03,1,-1,10,315,1,,,3,2,80,5,2,2,0,2,8,19,201700003133B01,7,1,1,246701064
201700003138,2017-05-25,2017,mai,jeudi,10:05,67,67368,48.43893,7.36323,1,1,3,1,1,3,2,02,2,3,0,63,1,0,1,3,1,54,5,1,2,0,2,8,13,201700003138B01,33,17,1,246700744
201700003139,2017-06-17,2017,juin,samedi,16:30,67,67428,48.44034,7.41694,1,1,1,1,1,3,2,02,2,2,0,60,1,0,1,3,1,23,5,1,2,0,2,1,13,201700003139B01,7,1,1,246700744
201700003141,2017-11-18,2017,novembre,samedi,10:15,67,67167,48.49027,7.31132,1,1,7,1,1,4,2,02,2,3,0,0,1,0,1,3,1,33,5,2,2,0,0,0,1,201700003141B01,7,17,1,246700744
201700003161,2017-08-21,2017,août,lundi,17:15,67,67205,48.69776,7.78633,2,1,3,1,1,3,2,02,1,-1,5,10,1,,,3,2,82,3,2,2,0,2,2,9,201700003161B01,7,19,1,246700843
201700003166,2017-06-13,2017,juin,mardi,13:35,67,67118,48.58309,7.68877,2,1,3,1,1,4,2,02,1,-1,7,10,1,,,3,1,15,2,3,9,0,2,1,16,201700003166A01,13,1,1,246700488
201700003172,2017-10-10,2017,octobre,mardi,07:10,67,67551,48.5929,7.66899,2,1,3,5,1,3,2,02,1,1,0,0,1,0,1,3,1,41,1,2,2,0,2,7,19,201700003172A01,7,1,1,246700488
201700003173,2017-12-06,2017,décembre,mercredi,18:15,67,67551,48.59221,7.67143,2,1,3,5,8,3,-1,02,1,-1,0,25,1,,,3,1,45,0,1,2,0,0,5,1,201700003173B01,7,9,1,246700488
201700003203,2017-08-27,2017,août,dimanche,11:00,67,67404,48.90246,7.95822,2,1,6,1,1,3,2,02,1,1,0,0,1,0,1,3,1,58,5,1,2,0,5,1,1,201700003203A01,,,,200040178
201700003204,2017-09-26,2017,septembre,mardi,09:00,67,67339,48.89097,7.91809,2,1,3,1,1,4,2,02,1,1,0,63,1,0,1,3,1,26,1,2,9,0,9,0,0,201700003204A01,15,1,1,200040178
201700003219,2017-02-26,2017,février,dimanche,16:00,68,68051,48.02702,7.10011,2,3,1,2,7,3,2,02,2,3,0,81,1,0,1,3,1,57,5,1,2,0,2,1,1,201700003219B02,7,15,1,246800585
201700003231,2017-09-28,2017,septembre,jeudi,09:45,68,68226,48.04196,7.13148,2,6,3,1,1,3,2,02,1,-1,6,10,1,,,3,1,71,5,1,2,0,0,2,1,201700003231B01,7,9,1,246800585
201700003241,2017-03-08,2017,mars,mercredi,15:50,68,68231,48.01317,7.53315,1,1,3,1,6,3,2,02,1,1,0,60,2,0,1,3,1,58,5,3,9,0,2,8,2,201700003241B01,7,2,1,200066025
201700003259,2017-12-02,2017,décembre,samedi,16:30,68,68269,48.18889,7.36015,1,2,3,2,1,3,2,02,1,1,0,66,1,5,1,3,1,67,5,1,4,0,0,7,19,201700003259A01,7,1,1,246800577
201700003284,2017-05-13,2017,mai,samedi,11:15,68,68251,48.00153,7.20476,1,1,3,1,1,3,2,02,2,3,0,56,1,0,1,3,1,45,5,1,2,0,2,8,1,201700003284B01,33,1,1,246800494
201700003294,2017-03-25,2017,mars,samedi,07:40,68,68154,47.77399,7.36153,2,6,3,2,1,3,-1,02,1,-1,0,15,1,,,4,2,53,5,1,4,0,2,1,0,201700003294B01,7,16,1,200066009
201700003297,2017-04-24,2017,avril,lundi,17:30,68,68154,47.76508,7.366,2,1,1,1,1,4,2,02,1,1,0,70,1,0,1,4,1,15,5,2,2,0,2,1,1,201700003297B01,7,13,1,200066009
201700003303,2017-09-29,2017,septembre,vendredi,11:15,68,68154,47.77272,7.36125,2,3,5,1,1,3,2,03,1,1,0,137,5,0,5,4,2,42,5,2,2,0,2,7,1,201700003303B01,7,15 / 23,2,200066009
201700003317,2017-08-14,2017,août,lundi,18:20,68,68163,47.68567,7.50179,2,3,3,2,1,4,2,02,1,-1,6,10,1,,,3,1,17,5,2,2,0,0,7,16,201700003317A01,7,1,1,200066058
201700003319,2017-09-03,2017,septembre,dimanche,11:00,68,68163,47.69793,7.50548,1,1,7,1,1,9,2,02,3,3,0,30,1,0,1,3,1,31,5,2,2,14,0,1,1,201700003319A01,,,,200066058
201700003330,2017-04-08,2017,avril,samedi,14:50,68,68106,47.87549,7.12739,1,2,3,1,1,3,2,02,3,2,0,60,1,0,0,3,1,29,5,1,2,0,2,1,1,201700003330B01,7,19,1,246800205
201700003334,2017-12-07,2017,décembre,jeudi,07:15,68,68334,47.81245,7.09589,2,2,3,5,1,2,2,02,1,-1,10,325,1,0,1,2,1,18,1,2,2,0,0,7,19,201700003334B01,7,1,1,200036465
201700003335,2017-12-13,2017,décembre,mercredi,14:00,68,68348,47.80412,7.13546,2,3,3,1,3,4,2,02,1,1,0,83,1,0,1,3,1,55,1,2,4,0,0,8,15,201700003335B01,7,1,1,200036465
201700003341,2017-02-18,2017,février,samedi,16:00,68,68342,47.82361,7.16347,1,1,6,1,1,3,2,02,2,1,0,60,1,0,1,3,1,57,5,1,2,7,0,1,1,201700003341A01,,,,200036465
201700003346,2017-05-27,2017,mai,samedi,13:05,68,68063,47.79195,7.17009,1,6,3,1,1,2,1,02,1,2,0,100,1,5,1,3,1,54,5,1,2,0,2,1,15,201700003346B01,7,16,1,200036465