Num_Acc,date,an,mois,jour,hrmn,dep,com,lat,long,agg,int,col,lum,atm,catr,circ,nbv,prof,plan,lartpc,larrout,surf,infra,situ,grav,sexe,age,trajet,secuexist,equipement,obs,obsm,choc,manv,vehiculeid,typevehicules,manoeuvehicules,numVehicules,_infos_commune.code_epci
201700003350,2017-07-09,2017,juillet,dimanche,19:15,68,68063,47.81043,7.17881,2,3,1,1,3,3,2,02,1,1,0,60,1,0,1,4,1,36,5,2,2,0,0,8,1,201700003350B01,7,15,1,200036465
201700003357,2017-02-26,2017,février,dimanche,08:10,68,68151,47.88406,6.99444,2,3,3,1,1,3,2,02,1,1,0,65,1,0,1,4,1,54,3,2,9,0,0,7,1,201700003357B01,7,9,1,246800205
201700003362,2017-05-14,2017,mai,dimanche,11:00,68,68089,47.90058,6.97335,1,3,1,1,2,3,2,02,1,1,0,63,2,0,1,4,1,62,5,1,2,0,0,8,1,201700003362B01,7,15,1,246800205
201700003369,2017-08-22,2017,août,mardi,16:00,68,68247,47.91738,6.94885,1,1,6,1,1,3,2,02,2,2,0,63,1,0,3,3,1,71,5,1,2,7,0,1,1,201700003369A01,,,,246800205
201700003370,2017-08-27,2017,août,dimanche,10:15,68,68247,47.93292,7.01055,1,1,3,1,1,3,2,02,2,3,0,70,1,0,1,3,1,44,5,1,2,0,2,3,13,201700003370A01,7,1,1,246800205
201700003371,2017-09-04,2017,septembre,lundi,16:55,68,68344,47.87798,6.93471,1,1,7,1,1,2,2,02,2,3,0,70,1,0,1,3,1,35,5,1,2,0,0,9,1,201700003371A01,,,,246800205
201700003428,2017-04-03,2017,avril,lundi,15:20,21,21105,47.31155,5.18991,1,1,4,1,1,3,2,02,1,1,0,30,1,0,1,3,1,73,5,1,2,0,2,4,23,201700003428C01,7,1,1,242100410
201700003428,2017-04-03,2017,avril,lundi,15:20,21,21105,47.31155,5.18991,1,1,4,1,1,3,2,02,1,1,0,30,1,0,1,4,2,67,5,1,2,0,2,0,23,201700003428B01,7,1,1,242100410
201700003439,2017-12-11,2017,décembre,lundi,18:25,21,21038,47.1997,5.39562,2,1,3,5,1,3,2,02,1,1,0,60,2,0,1,3,1,20,1,2,2,0,2,7,15,201700003439B01,7,1,1,200070902
201700003450,2017-05-14,2017,mai,dimanche,13:10,21,21625,47.20167,4.81754,1,1,7,1,1,3,2,02,4,2,0,39,1,0,0,3,1,36,5,1,2,0,0,0,0,201700003450A01,,,,200070894
201700003463,2017-07-05,2017,juillet,mercredi,07:05,21,21010,47.06552,4.86098,2,1,7,1,1,3,2,02,2,1,0,60,1,0,1,3,1,52,1,2,2,11,0,0,1,201700003463A01,,,,200006682
201700003560,2017-07-20,2017,juillet,jeudi,07:50,89,89337,47.75261,3.674,1,1,2,1,1,3,2,02,1,1,0,56,1,0,3,3,1,74,5,2,2,0,0,4,2,201700003560B01,7,2,1,200067114
201700003587,2017-10-26,2017,octobre,jeudi,18:05,25,25048,47.48352,6.72394,2,1,7,1,1,4,2,02,2,1,0,70,1,0,1,4,1,28,5,1,2,13,0,0,1,201700003587B01,7,15,1,200065647
201700003588,2017-11-22,2017,novembre,mercredi,11:05,25,25048,47.48302,6.74571,2,3,3,1,1,4,,,,,,,,,,3,1,85,5,1,2,0,0,8,0,201700003588B01,7,1,1,200065647
201700003595,2017-07-13,2017,juillet,jeudi,11:55,04,04070,44.0861,6.21243,2,1,3,1,1,4,2,02,1,1,0,61,1,0,5,3,1,69,5,1,2,0,2,1,5,201700003595A01,7,15,1,200067437
201700003605,2017-05-14,2017,mai,dimanche,17:40,39,39009,46.85287,5.9327,2,2,3,1,1,3,2,02,4,1,0,75,1,0,1,3,1,8,5,2,2,0,2,1,9,201700003605A01,7,1,1,200069623
201700003609,2017-10-21,2017,octobre,samedi,22:30,39,39009,46.85409,5.90899,1,1,6,3,2,3,2,02,1,1,0,90,2,0,1,3,1,21,1,1,2,0,2,4,1,201700003609B01,7,1,1,200069623
201700003614,2017-03-10,2017,mars,vendredi,17:45,04,04112,43.8324,5.7625,1,3,3,1,1,3,2,02,-1,-1,0,0,1,5,1,3,1,53,5,2,2,0,2,1,6,201700003614B01,7,0,1,200034700
201700003620,2017-06-10,2017,juin,samedi,13:00,04,04112,43.8421,5.78618,2,1,7,1,1,4,2,02,2,1,0,20,9,0,1,3,2,53,5,1,2,0,0,7,1,201700003620A01,,,,200034700
201700003627,2017-09-29,2017,septembre,vendredi,17:34,04,04112,43.8272,5.78137,2,6,3,1,1,4,2,02,1,1,15,35,1,5,1,4,1,68,5,1,2,0,2,6,1,201700003627A01,7,1,1,200034700
201700003638,2017-05-17,2017,mai,mercredi,19:00,70,70046,47.61996,6.43679,1,2,3,1,1,3,2,02,2,1,0,47,1,0,1,3,1,36,5,1,2,0,2,1,1,201700003638B01,7,19,1,247000664
201700003646,2017-06-04,2017,juin,dimanche,18:30,70,70279,47.4413,5.59154,2,6,3,1,1,9,2,02,1,1,4,15,1,0,1,3,1,14,5,2,2,0,2,1,1,201700003646A01,1,2,1,200036549
201700003646,2017-06-04,2017,juin,dimanche,18:30,70,70279,47.4413,5.59154,2,6,3,1,1,9,2,02,1,1,4,15,1,0,1,1,1,15,5,2,2,0,2,3,2,201700003646B01,1,1,1,200036549
201700003740,2017-05-21,2017,mai,dimanche,10:45,13,13027,43.87332,4.85279,2,1,7,1,1,4,2,02,2,1,0,49,1,0,1,3,2,64,5,2,2,0,0,7,1,201700003740A01,,,,200035087
201700003746,2017-07-12,2017,juillet,mercredi,13:20,13,13027,43.86203,4.8396,1,2,3,1,1,3,2,02,1,,0,0,1,0,1,4,1,51,5,1,2,0,2,2,1,201700003746A01,7,1,1,200035087
201700003748,2017-08-02,2017,août,mercredi,21:30,13,13027,43.88285,4.86269,2,6,3,5,1,3,1,02,1,-1,0,10,1,,,3,1,14,5,2,4,0,2,7,0,201700003748B01,7,9,1,200035087
201700003748,2017-08-02,2017,août,mercredi,21:30,13,13027,43.88285,4.86269,2,6,3,5,1,3,1,02,1,-1,0,10,1,,,1,1,13,5,2,4,0,2,7,0,201700003748B01,7,9,1,200035087
201700003752,2017-11-30,2017,novembre,jeudi,08:50,13,13027,43.89193,4.83857,2,1,2,1,7,4,2,02,1,-1,0,0,1,0,1,3,2,73,0,2,2,0,2,4,2,201700003752B01,7,2,1,200035087
201700003765,2017-05-04,2017,mai,jeudi,20:00,13,13097,43.64436,4.82074,1,6,3,1,1,3,2,02,1,-1,6,10,1,,,3,2,44,5,2,2,0,2,2,1,201700003765B01,7,9,1,241300417
201700003768,2017-09-01,2017,septembre,vendredi,08:35,13,13097,43.63828,4.82348,2,6,3,1,1,4,2,02,1,-1,0,15,1,,,4,1,86,5,3,9,0,2,1,1,201700003768B01,7,9,1,241300417
201700003806,2017-04-01,2017,avril,samedi,11:15,13,13007,43.37211,5.64572,2,1,2,1,8,3,2,02,2,1,0,0,1,0,1,3,1,57,0,2,2,0,2,1,3,201700003806A01,7,1,1,200054807
201700003814,2017-08-28,2017,août,lundi,18:30,13,13086,43.33318,5.60645,1,9,3,1,1,3,2,02,2,-1,0,10,1,,,3,1,12,5,2,2,0,2,1,1,201700003814A01,10,1,1,200054807
201700003857,2017-09-19,2017,septembre,mardi,10:30,13,13084,43.71753,5.30168,1,1,4,1,1,3,2,02,1,1,0,100,1,0,5,4,1,67,5,1,2,0,0,4,2,201700003857D01,14,17,1,200054807
201700003857,2017-09-19,2017,septembre,mardi,10:30,13,13084,43.71753,5.30168,1,1,4,1,1,3,2,02,1,1,0,100,1,0,5,3,1,77,5,1,2,0,0,0,2,201700003857C01,14,17,1,200054807
201700003857,2017-09-19,2017,septembre,mardi,10:30,13,13084,43.71753,5.30168,1,1,4,1,1,3,2,02,1,1,0,100,1,0,5,3,2,62,5,1,2,0,0,4,2,201700003857E01,14,17,1,200054807
201700003857,2017-09-19,2017,septembre,mardi,10:30,13,13084,43.71753,5.30168,1,1,4,1,1,3,2,02,1,1,0,100,1,0,5,3,1,70,5,1,2,0,0,4,2,201700003857F01,14,17,1,200054807
201700003857,2017-09-19,2017,septembre,mardi,10:30,13,13084,43.71753,5.30168,1,1,4,1,1,3,2,02,1,1,0,100,1,0,5,3,1,35,5,1,2,0,2,4,1,201700003857B01,14,17,1,200054807
201700003884,2017-12-04,2017,décembre,lundi,18:40,04,04086,44.3916,6.67906,1,1,2,3,1,3,2,02,1,1,0,69,1,0,1,2,1,46,3,2,4,0,0,6,2,201700003884B01,7,1,1,200072304
201700003909,2017-08-05,2017,août,samedi,09:40,05,05070,44.31621,5.82089,2,3,1,1,1,3,2,02,1,1,,60,1,,1,3,1,62,5,2,2,0,2,8,14,201700003909B01,7,15,1,200068765
201700003921,2017-04-22,2017,avril,samedi,16:20,05,05151,44.83253,6.58322,1,3,3,1,1,2,2,02,2,2,0,73,1,5,3,2,1,52,5,1,2,0,0,8,23,201700003921B01,33,1,1,240500462
201700003925,2017-08-10,2017,août,jeudi,18:30,05,05180,44.82237,6.53489,2,4,1,1,1,3,2,02,2,2,,,,5,1,3,1,56,5,1,2,0,2,1,1,201700003925B01,7,15,1,240500462
201700003957,2017-09-06,2017,septembre,mercredi,16:45,06,06019,43.79212,7.37285,2,1,3,1,1,4,2,02,2,3,0,68,9,0,1,2,1,17,0,1,2,0,2,0,21,201700003957B01,14,1,1,240600593
201700003972,2017-06-24,2017,juin,samedi,18:25,06,06011,43.7056,7.33433,2,1,6,1,1,2,2,02,1,1,0,0,1,0,1,4,1,40,1,1,2,0,1,1,1,201700003972A01,,,,200030195
201700003986,2017-01-27,2017,janvier,vendredi,12:50,06,06157,43.72938,7.11967,2,1,1,1,1,4,2,02,1,-1,65,0,1,0,1,3,1,52,4,1,2,0,2,1,0,201700003986B01,7,0,1,200030195
201700004021,2017-04-12,2017,avril,mercredi,15:45,83,83133,43.59217,6.86327,1,1,3,1,1,3,2,02,2,-1,4,10,1,,,3,1,43,5,1,2,0,2,1,1,201700004021B01,7,9,1,200004802
201700004069,2017-08-05,2017,août,samedi,11:33,83,83107,43.44792,6.63323,2,3,3,1,1,3,2,01,1,-1,0,10,1,,,3,1,78,5,1,2,0,2,1,1,201700004069A01,7,1,1,200035319
201700004077,2017-01-23,2017,janvier,lundi,18:15,83,83068,43.26925,6.54048,1,1,3,5,1,3,2,02,4,3,0,0,1,5,1,3,1,58,0,1,4,0,2,7,19,201700004077B01,10,1,1,200036077
201700004104,2017-04-11,2017,avril,mardi,17:25,83,83094,43.34144,6.56174,1,1,6,1,1,3,2,02,1,1,0,76,1,0,1,3,1,61,5,1,2,0,0,0,1,201700004104A01,,,,200036077
201700004126,2017-04-30,2017,avril,dimanche,09:35,83,83119,43.26751,6.64272,2,1,6,1,1,4,2,02,1,1,0,0,1,6,1,3,1,25,5,1,2,0,1,1,1,201700004126A01,,,,200036077
201700004151,2017-09-28,2017,septembre,jeudi,19:00,83,83016,43.20023,5.81105,2,1,3,1,1,4,2,02,1,-1,0,10,1,,,3,1,11,5,2,2,0,2,1,15,201700004151B01,7,1,1,248300394
201700004195,2017-01-23,2017,janvier,lundi,15:00,84,84054,43.9019,5.05478,1,1,2,1,1,3,2,02,1,1,0,48,1,0,1,2,1,60,5,1,2,0,0,4,1,201700004195B01,7,2,1,248400319
201700004209,2017-11-08,2017,novembre,mercredi,11:30,84,84054,43.92227,5.04257,2,1,2,1,1,4,2,02,1,1,20,60,1,0,1,3,1,14,0,1,9,0,0,0,2,201700004209B01,2,2,1,248400319
201700004238,2017-04-27,2017,avril,jeudi,17:50,84,84129,44.00762,4.87763,2,1,3,1,1,3,2,02,1,1,0,0,1,0,1,4,1,15,2,2,9,0,2,7,19,201700004238B01,7,1,1,248400293
201700004242,2017-06-12,2017,juin,lundi,06:30,84,84016,44.03973,4.89714,2,4,1,1,1,9,2,02,1,1,0,10,1,,1,2,1,79,3,2,4,0,2,1,19,201700004242B01,13,1,1,248400293
201700004250,2017-08-07,2017,août,lundi,12:05,84,84129,44.00594,4.88713,2,6,2,1,1,3,-1,02,1,-1,0,15,1,,,4,1,66,5,1,2,0,0,7,15,201700004250B01,7,16,1,248400293
201700004280,2017-07-22,2017,juillet,samedi,21:50,84,84026,43.73007,5.38621,1,1,2,3,1,3,2,02,1,1,0,35,1,0,1,3,1,31,5,1,2,0,0,4,1,201700004280A01,7,1,1,248400285
201700004283,2017-09-05,2017,septembre,mardi,15:00,84,84026,43.73677,5.36611,2,1,7,1,1,3,2,02,2,1,0,0,1,0,4,3,1,14,5,2,2,12,0,8,1,201700004283A01,,,,248400285
201700004293,2017-06-11,2017,juin,dimanche,11:30,84,84004,44.11407,5.01844,1,1,1,1,1,3,2,02,1,1,68,80,1,0,1,2,1,73,5,1,2,0,2,1,13,201700004293B01,7,1,1,248400053
201700004302,2017-03-02,2017,mars,jeudi,16:30,84,84019,44.28297,4.75085,2,6,3,1,1,4,1,01,1,-1,5,215,1,,,3,1,80,5,2,2,0,2,0,1,201700004302B01,7,9,1,200000628
201700004306,2017-06-20,2017,juin,mardi,08:45,84,84019,44.3107,4.75019,2,3,3,1,1,4,2,02,1,-1,0,10,1,,,3,1,10,2,1,2,0,2,1,15,201700004306B01,7,1,1,200000628
201700004309,2017-09-03,2017,septembre,dimanche,08:45,84,84063,44.26428,4.67523,1,1,4,1,1,3,2,02,1,1,0,57,1,2,1,2,2,53,5,1,2,0,2,4,2,201700004309B01,7,2,1,200000628
201700004309,2017-09-03,2017,septembre,dimanche,08:45,84,84063,44.26428,4.67523,1,1,4,1,1,3,2,02,1,1,0,57,1,2,1,4,1,55,5,1,2,0,2,8,2,201700004309C01,7,2,1,200000628
201700004340,2017-05-16,2017,mai,mardi,11:10,34,34058,43.66803,3.97571,1,6,3,1,1,3,1,02,1,-1,0,15,1,,,4,1,54,0,2,2,0,2,1,1,201700004340B01,7,16,1,243400017
201700004343,2017-06-30,2017,juin,vendredi,18:50,34,34327,43.65364,3.97043,2,1,2,1,1,4,-1,02,1,-1,0,10,1,,,3,1,41,0,2,2,0,2,7,1,201700004343B01,7,4,1,243400017
201700004346,2017-07-29,2017,juillet,samedi,08:35,34,34249,43.73552,3.99037,1,1,3,1,1,3,2,02,1,1,0,0,1,0,1,3,1,56,5,1,2,0,2,4,1,201700004346B01,7,13,1,243400017
201700004356,2017-04-09,2017,avril,dimanche,18:45,34,34344,43.56264,4.08031,2,1,3,1,1,9,2,04,1,1,0,0,1,6,1,4,2,61,5,1,4,0,2,1,19,201700004356A01,7,1,1,243400470
201700004359,2017-07-04,2017,juillet,mardi,18:20,34,34344,43.5613,4.07709,2,1,3,1,7,4,3,03,1,-1,0,15,1,,,4,1,7,5,1,2,0,2,7,19,201700004359B01,7,1,1,243400470
201700004372,2017-04-03,2017,avril,lundi,11:50,34,34340,43.73216,4.13701,2,1,7,1,1,3,2,02,2,-1,0,10,1,,,3,1,74,5,1,2,0,0,0,1,201700004372A01,,,,243400520
201700004381,2017-08-19,2017,août,samedi,16:00,34,34272,43.65809,4.11294,1,1,3,1,1,3,2,02,1,1,0,0,1,0,1,3,1,60,5,1,2,0,2,1,1,201700004381B01,7,15,1,243400520
201700004390,2017-11-13,2017,novembre,lundi,10:50,34,34145,43.67478,4.13211,2,6,3,1,6,3,2,02,1,-1,8,15,1,,,3,2,68,5,2,2,0,2,4,2,201700004390B01,14,2,1,243400520
201700004391,2017-11-18,2017,novembre,samedi,09:57,34,34145,43.67658,4.12964,2,3,3,1,1,4,1,01,1,-1,4,10,1,,,4,2,89,3,2,2,0,2,7,5,201700004391A01,7,15,1,243400520
201700004407,2017-11-23,2017,novembre,jeudi,05:45,34,34240,43.65393,3.9844,1,9,3,3,1,3,2,03,1,-1,12,13,1,,,3,2,53,1,1,4,0,2,7,12,201700004407B01,7,1,1,243400470
201700004432,2017-11-27,2017,novembre,lundi,14:45,34,34081,43.30839,3.16793,1,6,2,1,1,3,1,02,1,-1,0,10,1,,,3,1,81,5,1,2,0,0,4,15,201700004432B01,7,9,1,243400488
201700004453,2017-10-14,2017,octobre,samedi,07:00,34,34199,43.47411,3.40113,1,1,2,3,1,3,2,02,1,1,0,0,1,0,1,2,1,82,5,3,9,0,2,4,1,201700004453B01,7,1,1,243400819
201700004465,2017-09-11,2017,septembre,lundi,08:10,34,34299,43.26949,3.28438,2,6,2,1,1,3,2,02,1,-1,0,15,1,,,3,1,74,5,1,2,0,2,3,9,201700004465B01,7,16,1,243400769
201700004468,2017-09-27,2017,septembre,mercredi,14:30,34,34209,43.30455,3.33193,2,1,3,1,1,4,2,02,2,-1,0,10,1,,,3,1,13,5,2,2,0,2,2,16,201700004468A01,38,1,1,243400819
201700004476,2017-04-29,2017,avril,samedi,12:50,34,34088,43.56112,3.72894,2,1,1,1,1,3,2,02,4,3,0,35,1,0,1,3,1,50,0,3,9,0,2,1,1,201700004476B01,7,1,1,243400017
201700004483,2017-06-16,2017,juin,vendredi,10:10,34,34023,43.44895,3.67919,2,1,3,1,1,4,2,02,1,1,0,0,1,5,1,3,2,69,5,2,2,0,0,8,19,201700004483B01,7,1,1,200066355
201700004520,2017-06-02,2017,juin,vendredi,19:15,11,11091,42.98245,2.00812,2,1,6,1,8,3,2,02,1,3,0,63,2,0,1,3,1,37,5,2,2,12,0,7,1,201700004520A01,,,,200043776
201700004546,2017-11-05,2017,novembre,dimanche,14:20,30,30258,43.64682,4.43386,1,1,5,1,1,3,2,02,1,3,0,70,1,0,1,3,1,33,5,1,2,0,2,0,0,201700004546B01,33,13,1,243000643
201700004546,2017-11-05,2017,novembre,dimanche,14:20,30,30258,43.64682,4.43386,1,1,5,1,1,3,2,02,1,3,0,70,1,0,1,3,1,39,5,1,2,0,2,0,0,201700004546C01,33,13,1,243000643
201700004571,2017-08-12,2017,août,samedi,20:30,66,66037,42.70392,3.02168,2,1,1,1,1,4,1,01,1,1,0,35,1,0,1,3,1,54,5,2,2,0,2,1,5,201700004571B01,7,0,1,200027183
201700004579,2017-08-06,2017,août,dimanche,11:45,66,66065,42.60012,2.97407,2,2,3,1,1,4,1,01,1,-1,0,15,1,,,3,1,55,5,2,2,0,2,7,1,201700004579B01,7,1,1,200043602
201700004599,2017-10-11,2017,octobre,mercredi,07:58,66,66171,42.62259,3.01144,2,1,2,1,1,3,2,02,2,-1,0,0,1,0,1,4,1,57,5,2,2,0,0,4,1,201700004599A01,7,0,1,246600282
201700004601,2017-01-11,2017,janvier,mercredi,08:30,66,66180,42.77005,2.98387,2,1,3,1,1,4,2,02,1,-1,0,40,1,0,1,4,1,9,2,2,9,0,2,1,15,201700004601B01,7,1,1,200027183
201700004616,2017-09-30,2017,septembre,samedi,12:18,66,66210,0,0,1,1,6,1,1,3,2,02,2,1,0,0,1,0,3,3,1,68,5,2,2,16,0,0,13,201700004616A01,,,,246600449
201700004672,2017-07-02,2017,juillet,dimanche,09:00,2A,2A247,41.58739,9.2824,2,3,3,1,1,3,2,02,1,-1,0,10,1,,,4,1,47,5,2,2,0,2,1,2,201700004672B01,7,16,1,200040764
201700004683,2017-09-05,2017,septembre,mardi,09:30,2A,2A247,41.56385,9.26006,2,1,1,1,1,4,2,02,2,1,0,0,1,0,1,3,1,57,5,1,2,0,2,1,1,201700004683B01,7,15,1,200040764
201700004698,2017-03-31,2017,mars,vendredi,18:10,2B,2B036,42.52784,9.30413,1,1,1,1,1,3,2,02,2,2,0,50,1,0,1,4,1,48,5,1,2,0,2,1,13,201700004698A01,7,1,1,200036499
201700004712,2017-08-12,2017,août,samedi,16:50,2B,2B314,42.61378,9.27258,1,1,3,1,1,3,2,02,2,2,0,39,1,0,1,3,1,34,5,1,2,0,2,3,1,201700004712B01,7,13,1,200073120
201700004715,2017-09-10,2017,septembre,dimanche,02:20,2B,2B298,42.67831,9.31021,2,1,2,3,2,3,2,02,1,1,0,55,2,0,1,3,1,49,5,3,9,0,0,4,2,201700004715B01,7,2,1,200073120
201700004784,2017-06-23,2017,juin,vendredi,10:45,05,05023,44.90202,6.63343,2,3,1,1,1,4,2,02,1,1,,60,1,5,0,3,2,49,5,1,2,0,2,1,1,201700004784B01,7,15,1,240500439
201700004786,2017-07-27,2017,juillet,jeudi,12:30,05,05023,44.91446,6.62307,2,1,2,1,1,3,2,02,2,1,0,70,1,0,1,3,1,70,5,1,2,0,2,1,2,201700004786B01,10,17,1,240500439
201700004788,2017-08-02,2017,août,mercredi,20:20,05,05023,44.90032,6.63785,2,1,6,1,1,4,2,01,2,1,0,0,1,0,1,1,1,16,5,2,2,0,1,1,1,201700004788A01,,,,240500439
201700004792,2017-09-26,2017,septembre,mardi,14:25,05,05023,44.88366,6.6271,2,4,3,1,1,4,2,02,1,1,0,60,1,1,1,4,1,62,5,3,9,0,2,2,1,201700004792B01,10,15,1,240500439
201700004800,2017-03-30,2017,mars,jeudi,15:40,05,05061,44.55606,6.07111,2,1,2,1,1,4,2,03,2,3,17,73,1,0,1,3,1,55,5,1,2,0,2,4,3,201700004800B01,7,1,1,200067825
201700004819,2017-06-12,2017,juin,lundi,17:00,05,05061,44.55763,6.05336,1,3,3,1,1,3,2,02,2,1,0,10,1,0,5,4,1,69,5,3,9,0,2,1,1,201700004819B01,7,19,1,200067825
201700004822,2017-06-16,2017,juin,vendredi,16:25,05,05061,44.5596,6.0777,2,1,6,1,1,4,1,01,1,1,0,40,1,0,1,4,2,57,1,3,2,0,2,1,1,201700004822B01,7,22,1,200067825
201700004833,2017-07-24,2017,juillet,lundi,11:53,05,05061,44.55794,6.08227,2,1,6,1,1,4,2,03,1,1,0,100,1,0,1,4,1,56,1,2,2,0,1,1,3,201700004833A01,,,,200067825
201700004835,2017-08-03,2017,août,jeudi,07:45,05,05061,44.56651,6.10616,2,3,3,1,1,4,2,02,1,1,0,69,1,0,1,4,1,76,5,1,2,0,2,1,1,201700004835B01,7,15,1,200067825
201700004841,2017-08-26,2017,août,samedi,12:41,05,05061,44.56389,6.09988,2,3,1,1,1,4,2,02,1,1,13,79,1,0,4,4,1,68,5,2,2,0,2,1,1,201700004841B01,7,9,1,200067825
201700004842,2017-08-21,2017,août,lundi,19:07,05,05061,44.55786,6.06876,2,6,3,1,1,3,4,02,2,-1,0,67,1,5,1,3,1,34,5,3,4,0,2,1,1,201700004842B01,7,9,1,200067825
201700004847,2017-09-01,2017,septembre,vendredi,18:55,05,05061,44.5578,6.06864,2,6,3,1,7,3,2,02,2,1,0,67,1,5,1,3,1,48,1,3,9,0,2,7,1,201700004847B01,7,1,1,200067825
201700004855,2017-09-29,2017,septembre,vendredi,18:15,05,05061,44.54934,6.06357,2,3,1,1,1,4,2,02,1,1,0,0,1,0,1,3,1,59,5,3,9,0,2,1,1,201700004855B01,10,15,1,200067825
201700004868,2017-10-21,2017,octobre,samedi,14:00,05,05061,44.5431,6.0651,2,6,3,1,1,3,2,02,1,1,0,73,1,5,1,3,1,49,5,1,2,0,2,1,1,201700004868A01,7,1,1,200067825
201700004901,2017-03-17,2017,mars,vendredi,22:20,78,78528,49.02035,1.61079,2,1,3,5,1,3,2,02,1,1,0,0,1,0,1,3,2,21,0,2,9,1,2,9,19,201700004901B01,7,0,1,200059889
201700004913,2017-06-06,2017,juin,mardi,09:50,78,78460,49.02802,1.86279,1,1,1,1,1,3,2,02,1,1,40,0,1,0,1,3,1,74,5,1,2,0,2,8,15,201700004913A01,7,2,1,200059889
201700004941,2017-08-07,2017,août,lundi,05:50,78,78470,48.57781,1.78547,1,1,3,2,1,3,2,02,1,1,0,0,1,0,1,3,1,78,0,3,9,0,2,1,1,201700004941B01,10,17,1,200073344
201700004990,2017-12-28,2017,décembre,jeudi,15:45,78,78062,48.84259,1.84137,1,2,1,1,1,3,2,02,1,,98,0,1,5,0,3,1,66,5,1,2,0,2,1,15,201700004990B01,7,1,1,247800618
201700005006,2017-10-04,2017,octobre,mercredi,13:40,78,78087,48.62251,2.01539,1,1,3,1,7,3,2,02,1,1,0,0,1,0,1,3,1,13,5,2,2,0,2,8,10,201700005006B01,7,1,1,200073344
201700005024,2017-02-03,2017,février,vendredi,15:20,91,91200,48.52566,2.01535,2,1,7,1,8,4,1,01,1,1,0,32,2,0,1,4,1,46,5,2,2,0,0,7,5,201700005024A01,,,,249100595
201700005029,2017-05-15,2017,mai,lundi,13:15,91,91547,48.42815,1.9659,2,1,3,1,1,4,2,02,1,1,0,46,1,0,1,3,2,7,5,2,2,0,2,8,19,201700005029B01,7,1,1,200017846
201700005037,2017-02-22,2017,février,mercredi,10:35,91,91318,48.51233,2.25503,2,1,3,1,1,3,2,02,1,1,0,0,1,0,1,4,1,61,5,1,2,1,0,7,1,201700005037B01,7,24,1,249100553
201700005054,2017-03-29,2017,mars,mercredi,07:45,91,91654,48.47423,2.43093,1,1,2,1,7,3,2,02,1,1,0,57,1,0,1,4,1,73,5,1,2,0,2,6,1,201700005054B01,7,17,1,249100157
201700005071,2017-07-16,2017,juillet,dimanche,11:00,91,91662,48.51426,2.12371,2,1,7,1,1,3,2,02,1,1,0,60,1,0,1,2,1,77,5,1,2,0,0,0,1,201700005071A01,,,,249100553
201700005090,2017-03-25,2017,mars,samedi,13:20,91,91579,48.53363,2.30513,2,1,3,1,7,3,2,02,1,1,0,57,1,0,1,4,1,34,5,1,2,0,2,4,15,201700005090A01,7,21,1,249100546
201700005104,2017-04-30,2017,avril,dimanche,11:30,91,91093,48.66907,2.04083,1,1,3,1,1,3,2,02,1,1,0,60,1,0,1,3,1,44,5,1,2,0,2,8,1,201700005104B01,7,17,1,249100074
201700005119,2017-04-11,2017,avril,mardi,11:30,91,91044,48.66819,2.28572,2,6,3,1,1,3,1,01,1,2,3,115,1,,1,3,1,5,5,1,2,0,2,1,19,201700005119B01,7,1,1,200056232
201700005131,2017-11-26,2017,novembre,dimanche,11:45,91,91635,48.73361,2.20452,2,3,2,1,1,3,2,02,4,3,6,510,1,,1,4,1,43,5,1,2,0,2,1,2,201700005131B01,7,23,1,200056232
201700005147,2017-06-07,2017,juin,mercredi,18:50,95,95142,49.1601,1.9371,2,3,3,1,1,3,2,02,2,2,,,1,0,1,4,1,12,5,2,9,0,2,1,1,201700005147B01,7,1,1,200035970
201700005149,2017-08-23,2017,août,mercredi,09:40,95,95142,49.1566,1.9496,1,1,3,1,1,3,2,02,2,1,,,1,0,1,3,1,70,5,1,2,0,2,4,1,201700005149B01,7,17,1,200035970
201700005152,2017-03-20,2017,mars,lundi,17:30,95,95039,49.0706,2.1778,2,1,7,1,1,3,2,02,1,1,,,1,0,1,3,1,37,5,3,9,16,0,9,21,201700005152A01,,,,249500430
201700005162,2017-10-15,2017,octobre,dimanche,10:45,95,95295,49.1063,1.8477,2,1,2,1,1,3,2,02,2,3,,,1,0,0,4,1,57,5,1,2,0,2,9,15,201700005162A01,1,15,1,200035970
201700005162,2017-10-15,2017,octobre,dimanche,10:45,95,95295,49.1063,1.8477,2,1,2,1,1,3,2,02,2,3,,,1,0,0,3,1,51,5,1,2,0,2,1,15,201700005162B01,1,15,1,200035970
201700005180,2017-05-05,2017,mai,vendredi,16:45,77,77453,48.54747,2.76575,1,2,3,1,1,3,2,02,1,1,0,30,1,5,1,3,1,76,5,1,2,0,0,5,1,201700005180B01,7,1,1,200070779