Num_Acc,date,an,mois,jour,hrmn,dep,com,lat,long,agg,int,col,lum,atm,catr,circ,nbv,prof,plan,lartpc,larrout,surf,infra,situ,grav,sexe,age,trajet,secuexist,equipement,obs,obsm,choc,manv,vehiculeid,typevehicules,manoeuvehicules,numVehicules,_infos_commune.code_epci
201700013392,2017-07-11,2017,juillet,mardi,17:30,16,16028,45.50869,-0.17378,1,1,3,1,1,3,2,02,1,3,0,35,1,2,1,4,1,66,5,1,2,0,2,3,13,201700013392A01,7,1,1,200029734
201700013398,2017-10-20,2017,octobre,vendredi,17:05,16,16028,45.47759,-0.14985,2,1,3,1,1,3,2,02,1,1,0,68,1,0,1,4,2,13,2,2,9,0,2,8,19,201700013398B01,7,1,1,200029734
201700013435,2017-07-06,2017,juillet,jeudi,19:15,16,16096,45.79886,0.58786,1,3,3,1,1,3,2,02,1,1,,41,1,0,1,2,1,78,5,2,2,0,2,1,16,201700013435B01,7,1,1,200072049
201700013444,2017-08-26,2017,août,samedi,11:20,36,36045,46.99209,1.16643,2,1,3,1,1,3,2,02,1,1,0,0,1,0,1,2,1,92,5,3,9,0,2,1,19,201700013444A01,7,1,1,200035848
201700013553,2017-06-20,2017,juin,mardi,09:00,10,10232,48.09669,4.3866,2,1,3,1,1,3,2,02,1,2,0,60,1,0,1,3,2,60,5,3,2,0,2,1,16,201700013553B01,14,1,1,200069003
201700013563,2017-02-23,2017,février,jeudi,13:10,10,10345,48.41964,4.52931,2,1,2,1,6,3,2,02,1,1,,50,1,0,1,4,1,42,0,2,2,1,0,1,2,201700013563A01,13,23,1,200040137
201700013569,2017-02-14,2017,février,mardi,08:20,10,10268,48.49336,3.50167,2,1,6,1,1,4,1,01,1,-1,,,1,0,1,1,1,11,2,2,2,0,1,1,5,201700013569A01,,,,200006716
201700013588,2017-04-11,2017,avril,mardi,19:45,10,10323,48.52009,3.72648,2,6,3,1,1,3,2,02,1,-1,5,110,1,,,4,1,18,5,2,2,0,2,1,19,201700013588B01,7,1,1,200000545
201700013593,2017-05-18,2017,mai,jeudi,18:20,10,10114,48.51671,3.64883,2,9,3,1,1,4,2,02,1,-1,,10,1,,,4,1,10,2,1,2,0,2,1,0,201700013593A01,7,0,1,200000545
201700013604,2017-12-08,2017,décembre,vendredi,18:55,10,10368,48.40982,3.93494,1,1,2,3,1,3,2,04,3,3,9,140,1,0,1,2,1,32,5,2,4,0,2,4,2,201700013604B01,7,2,1,200070126
201700013634,2017-06-14,2017,juin,mercredi,11:45,43,43061,45.107,3.89648,1,1,6,1,1,3,2,02,1,3,0,60,1,0,1,3,1,69,5,1,2,14,0,1,1,201700013634A01,,,,200073419
201700013663,2017-05-27,2017,mai,samedi,18:10,43,43007,45.0746,4.13661,1,1,3,1,1,3,2,02,2,1,0,60,1,0,1,3,1,63,5,3,8,0,0,8,1,201700013663B01,7,17,1,244301016
201700013676,2017-09-24,2017,septembre,dimanche,13:45,43,43028,45.1408,4.07212,2,4,3,1,1,3,2,02,1,1,0,60,1,0,1,3,1,9,5,1,2,0,2,2,19,201700013676B01,7,1,1,244301016
201700013681,2017-04-24,2017,avril,lundi,16:15,43,43012,45.3695,4.20397,2,6,3,1,1,3,1,01,1,2,0,35,1,0,1,3,1,80,5,1,2,0,2,7,1,201700013681B01,7,9,1,244301131
201700013683,2017-07-05,2017,juillet,mercredi,14:55,43,43012,0,0,2,3,3,1,1,4,2,02,1,1,0,40,1,0,1,3,2,11,5,3,8,0,2,8,15,201700013683A01,7,1,1,244301131
201700013731,2017-04-03,2017,avril,lundi,12:15,18,18179,47.17448,2.44217,2,1,7,1,1,3,2,02,2,1,0,80,1,0,1,3,1,56,5,2,2,0,0,0,1,201700013731A01,,,,200066330
201700013732,2017-04-10,2017,avril,lundi,17:05,18,18211,47.18626,2.4173,2,1,6,1,1,4,-1,02,2,1,0,53,1,0,1,3,1,57,5,2,2,0,9,1,14,201700013732A01,,,,200066330
201700013750,2017-03-29,2017,mars,mercredi,18:20,18,18038,46.76913,2.42942,2,1,6,1,1,4,2,02,2,1,0,41,1,0,1,3,1,69,5,2,2,1,0,1,1,201700013750A01,,,,200036135
201700013753,2017-08-25,2017,août,vendredi,11:15,18,18197,46.71609,2.54196,1,1,6,1,1,4,2,02,1,1,0,39,1,0,1,1,1,64,5,1,2,0,9,1,1,201700013753C01,13,1,1,200036135
201700013753,2017-08-25,2017,août,vendredi,11:15,18,18197,46.71609,2.54196,1,1,6,1,1,4,2,02,1,1,0,39,1,0,1,2,1,72,5,1,2,0,9,1,1,201700013753B01,13,1,1,200036135
201700013808,2017-04-22,2017,avril,samedi,18:10,18,18134,47.13047,2.05646,2,1,3,1,1,3,2,02,1,1,65,65,1,0,1,3,2,74,5,2,4,0,2,1,1,201700013808B01,7,9,1,200070571
201700013810,2017-06-07,2017,juin,mercredi,17:30,18,18138,47.10359,2.28428,2,3,1,1,1,3,2,01,1,-1,7,10,1,,,3,1,49,5,2,2,0,2,1,21,201700013810B01,7,1,1,241800507
201700013818,2017-04-09,2017,avril,dimanche,17:30,73,73085,45.79833,5.86241,1,1,2,1,1,3,2,02,2,3,0,39,1,0,1,3,1,52,5,1,2,0,2,0,2,201700013818B01,7,2,1,200068674
201700013827,2017-08-21,2017,août,lundi,15:00,73,73059,45.73276,5.8893,1,3,3,1,1,3,2,02,,-1,,,,0,1,3,1,42,5,1,2,0,2,1,18,201700013827A01,7,15,1,200068674
201700013839,2017-03-31,2017,mars,vendredi,13:55,73,73171,45.50063,6.04943,2,3,3,1,1,3,2,02,1,-1,6,10,1,,,3,1,56,5,1,2,0,2,1,1,201700013839B01,7,15,1,200041010
201700013840,2017-07-12,2017,juillet,mercredi,11:10,73,73151,45.50508,6.00249,1,2,1,1,1,3,2,02,1,-1,7,10,1,,,3,1,56,5,2,2,0,2,1,15,201700013840A01,7,19,1,200041010
201700013844,2017-04-07,2017,avril,vendredi,16:30,73,73241,45.6019,6.30388,1,1,3,1,1,3,2,02,2,2,0,70,1,0,1,3,1,74,5,1,2,0,2,2,13,201700013844B01,7,17,1,200068997
201700013855,2017-08-19,2017,août,samedi,13:45,73,73153,45.73225,6.41361,1,1,7,1,7,4,2,02,2,3,0,0,1,0,1,3,2,18,5,2,2,0,0,1,1,201700013855A01,,,,200068997
201700013856,2017-08-30,2017,août,mercredi,16:30,73,73308,45.68976,6.41136,1,1,3,1,1,3,2,02,2,3,0,70,1,0,1,2,1,76,5,1,2,0,2,1,13,201700013856A01,7,14,1,200068997
201700013879,2017-04-23,2017,avril,dimanche,11:15,64,64216,43.25338,-0.17701,1,1,3,1,1,4,2,02,1,1,0,35,1,0,1,3,1,40,5,1,2,0,2,1,13,201700013879A01,7,1,1,200067296
201700013887,2017-10-18,2017,octobre,mercredi,11:10,64,64405,43.35069,-0.25724,1,6,1,1,7,3,-1,01,1,-1,0,15,1,,,3,1,64,5,1,2,0,2,7,1,201700013887B01,7,9,1,200067296
201700013901,2017-04-08,2017,avril,samedi,19:34,64,64536,43.472,-0.34351,2,1,3,2,1,3,2,02,2,1,0,76,1,0,1,3,1,33,5,1,2,0,2,1,1,201700013901B01,7,15,1,200067239
201700013908,2017-06-27,2017,juin,mardi,11:00,64,64134,43.36604,-1.27241,1,1,7,1,1,4,2,02,2,1,0,60,1,0,0,2,1,61,5,1,2,0,0,0,1,201700013908A01,,,,200067106
201700013925,2017-07-26,2017,juillet,mercredi,10:00,64,64495,43.35622,-1.56131,2,3,3,1,1,3,2,02,1,-1,6,10,1,,,4,1,45,0,1,2,0,2,1,1,201700013925B01,7,9,1,200067106
201700013943,2017-05-24,2017,mai,mercredi,15:10,64,64547,43.39988,-1.45648,2,1,3,1,1,3,2,02,1,1,0,0,1,0,1,3,1,30,5,1,2,0,2,1,1,201700013943A01,7,10,1,200067106
201700013950,2017-09-05,2017,septembre,mardi,17:23,64,64547,43.41319,-1.49211,2,1,6,1,1,3,2,02,2,1,0,0,1,0,0,3,1,79,5,1,2,0,2,8,2,201700013950B01,38,2,1,200067106
201700013956,2017-12-24,2017,décembre,dimanche,14:40,64,64038,43.4524,-1.52967,1,3,1,1,7,3,2,02,1,-1,6,510,1,,,4,1,27,5,1,2,0,2,1,1,201700013956B01,7,15,1,200067106
201700013957,2017-02-25,2017,février,samedi,13:30,64,64316,43.03571,-1.04409,1,1,7,1,1,3,2,02,2,4,0,70,1,0,3,4,1,19,5,3,2,13,0,0,0,201700013957A01,,,,200067106
201700013959,2017-05-07,2017,mai,dimanche,17:30,64,64188,43.23958,-0.86995,1,3,3,1,1,3,2,02,1,-1,0,15,-1,,,3,1,84,5,2,2,0,2,8,9,201700013959A01,7,1,1,200067106
201700013963,2017-10-20,2017,octobre,vendredi,18:40,64,64391,43.26609,-0.84625,2,1,2,2,1,3,2,02,2,1,0,70,1,0,1,4,1,62,5,1,2,0,2,4,2,201700013963B01,7,2,1,200067106
201700013997,2017-09-12,2017,septembre,mardi,15:10,45,45019,47.88461,1.62366,1,1,7,1,1,4,2,02,1,1,0,0,1,0,1,3,1,68,5,1,2,0,0,0,0,201700013997A01,,,,200070183
201700014005,2017-05-05,2017,mai,vendredi,17:30,45,45175,47.77543,1.82041,1,1,2,1,1,3,2,02,1,1,0,65,1,0,1,4,1,51,5,1,2,0,0,4,1,201700014005B01,7,1,1,200005932
201700014017,2017-12-29,2017,décembre,vendredi,14:20,45,45182,47.68716,1.77886,2,1,2,1,1,3,2,02,2,-1,0,60,1,0,1,4,1,15,5,2,2,0,2,1,1,201700014017A01,1,1,1,200005932
201700014017,2017-12-29,2017,décembre,vendredi,14:20,45,45182,47.68716,1.77886,2,1,2,1,1,3,2,02,2,-1,0,60,1,0,1,3,1,60,5,1,2,0,2,1,1,201700014017B01,1,1,1,200005932
201700014068,2017-08-21,2017,août,lundi,11:05,45,45224,48.0707,2.06185,2,1,2,1,1,3,2,02,1,1,0,69,1,0,1,2,1,72,3,2,9,12,0,4,2,201700014068B01,7,2,1,244500484
201700014076,2017-01-05,2017,janvier,jeudi,06:20,60,60103,49.40861,2.25058,2,3,3,5,1,4,,,,,,,,,,3,1,74,5,1,4,0,0,2,0,201700014076B01,7,15,1,200067999
201700014082,2017-05-17,2017,mai,mercredi,18:30,60,60646,49.48242,2.0381,2,1,7,1,1,4,1,01,2,-1,0,10,1,0,1,4,1,58,5,3,9,16,0,7,5,201700014082A01,,,,200067999
201700014083,2017-06-19,2017,juin,lundi,19:40,60,60041,49.38129,2.22896,2,1,3,1,1,3,2,02,1,-1,6,10,1,0,1,2,2,18,5,2,2,0,2,8,1,201700014083B01,7,1,1,200067999
201700014086,2017-08-16,2017,août,mercredi,15:15,60,60542,49.40492,2.1824,2,2,6,1,1,3,2,02,1,-1,0,10,5,0,5,2,1,64,5,1,2,8,0,1,1,201700014086A01,,,,200067999
201700014097,2017-06-01,2017,juin,jeudi,10:35,60,60662,49.38154,1.9156,2,1,2,1,1,3,2,02,1,1,0,59,1,0,1,2,1,58,5,2,9,0,2,1,1,201700014097B01,7,4,1,246000913
201700014140,2017-11-19,2017,novembre,dimanche,17:40,60,60664,49.61324,2.29056,2,9,6,5,1,3,2,02,1,-1,0,10,4,,,3,1,57,5,2,4,0,2,0,0,201700014140B01,7,9,1,200068005
201700014147,2017-05-13,2017,mai,samedi,19:45,60,60374,49.55194,2.50888,2,9,3,1,1,3,2,02,1,-1,6,610,1,,3,3,1,8,5,1,2,0,2,1,19,201700014147B01,7,1,1,246000566
201700014158,2017-02-15,2017,février,mercredi,16:15,60,60151,49.4481,2.90288,1,1,3,1,1,3,2,02,1,1,0,73,1,0,0,3,2,62,5,1,2,0,2,1,13,201700014158B01,10,0,1,200067965
201700014159,2017-03-14,2017,mars,mardi,15:00,60,60188,49.40362,2.99961,2,1,3,1,1,2,2,02,1,-1,0,70,1,0,1,3,1,64,,2,2,0,2,8,2,201700014159B01,15,1,1,246000749
201700014162,2017-04-12,2017,avril,mercredi,14:05,60,60188,49.39618,3.0043,2,6,3,1,1,4,2,01,1,-1,0,10,1,,,3,1,14,5,2,2,0,2,1,0,201700014162B01,7,21,1,246000749
201700014207,2017-08-28,2017,août,lundi,12:44,60,60238,49.26215,2.59244,1,1,3,1,1,3,2,02,1,1,0,0,1,0,1,2,1,48,1,2,2,0,2,8,15,201700014207B01,7,17,1,200066975
201700014254,2017-06-09,2017,juin,vendredi,11:45,83,83032,43.46379,6.21154,2,1,7,1,1,3,2,02,2,-1,60,60,1,0,1,2,1,77,5,1,2,0,0,0,0,201700014254A01,,,,200068104
201700014280,2017-07-14,2017,juillet,vendredi,03:00,83,83056,43.55589,6.51633,2,1,7,5,1,3,2,02,2,2,0,56,1,0,3,3,1,49,5,2,9,13,0,1,0,201700014280A01,,,,248300493
201700014289,2017-10-14,2017,octobre,samedi,16:00,90,90104,47.6203,6.8952,1,1,1,1,1,3,2,02,1,-1,5,510,1,,,3,1,71,5,3,9,0,2,0,0,201700014289B01,7,15,1,200069052
201700014316,2017-04-07,2017,avril,vendredi,17:25,50,50046,49.13326,-0.98099,1,1,3,1,1,3,2,02,1,1,0,110,1,0,1,3,1,78,5,2,2,0,0,4,1,201700014316B01,7,2,1,200066389
201700014323,2017-09-23,2017,septembre,samedi,15:40,50,50239,49.12614,-1.17537,1,3,3,1,1,3,2,02,1,1,4,810,1,,1,4,1,12,5,1,2,0,2,8,15,201700014323B01,7,1,1,200066389
201700014340,2017-12-24,2017,décembre,dimanche,15:15,50,50066,48.77075,-1.56972,2,9,6,1,8,4,2,02,1,1,4,710,1,,,3,1,12,3,2,2,0,2,8,1,201700014340B01,7,1,1,200042604
201700014385,2017-05-31,2017,mai,mercredi,15:30,50,50256,48.59804,-1.19273,1,1,3,1,7,3,2,02,2,1,0,63,1,0,1,3,2,75,5,2,2,0,2,8,1,201700014385B01,7,1,1,200069425
201700014416,2017-01-25,2017,janvier,mercredi,14:00,50,50503,49.32136,-1.67028,1,4,3,1,1,3,-1,02,1,-1,505,510,1,,,4,1,84,5,1,2,0,2,1,1,201700014416B01,7,16,1,
201700014426,2017-07-02,2017,juillet,dimanche,08:50,50,50402,49.51658,-1.79912,1,6,3,1,1,3,2,02,1,1,0,15,1,,,4,1,66,5,1,2,0,2,1,1,201700014426B01,10,9,1,200067205
201700014441,2017-06-10,2017,juin,samedi,11:15,50,50103,49.38094,-1.30478,1,1,3,1,1,3,2,02,1,1,0,70,1,0,1,3,1,48,5,1,2,0,2,3,2,201700014441A01,1,2,1,
201700014441,2017-06-10,2017,juin,samedi,11:15,50,50103,49.38094,-1.30478,1,1,3,1,1,3,2,02,1,1,0,70,1,0,1,1,1,47,5,1,2,0,2,5,2,201700014441B01,1,2,1,
201700014448,2017-09-16,2017,septembre,samedi,14:50,50,50523,49.3975,-1.30981,1,1,6,1,1,3,2,02,1,1,0,0,2,0,1,3,1,64,5,1,2,0,0,7,1,201700014448A01,,,,200042729
201700014458,2017-06-16,2017,juin,vendredi,18:35,50,50437,48.98515,-1.33183,2,6,3,1,1,3,1,01,1,1,0,15,1,0,1,2,1,11,5,1,2,0,2,1,5,201700014458B01,38,15,1,200067023
201700014473,2017-07-18,2017,juillet,mardi,17:00,50,50349,48.9912,-1.54613,1,1,7,1,1,3,2,02,2,2,0,0,1,0,1,2,1,48,5,2,2,0,0,0,1,201700014473A01,,,,200067023
201700014476,2017-08-15,2017,août,mardi,18:00,50,50605,48.97344,-1.40762,1,1,2,1,1,3,2,02,2,1,0,0,1,0,1,3,2,14,5,2,9,0,2,4,17,201700014476B01,7,17,1,
201700014479,2017-11-29,2017,novembre,mercredi,13:40,50,50277,48.85492,-1.54989,2,2,3,1,1,3,2,02,2,1,0,0,1,0,1,4,1,74,5,1,2,0,2,7,1,201700014479B01,14,19,1,200042604
201700014496,2017-06-28,2017,juin,mercredi,15:30,50,50182,49.16955,-1.47494,1,1,3,1,8,3,2,02,2,2,0,43,1,0,1,2,1,32,5,1,2,0,2,3,11,201700014496A01,21,5,1,200067031
201700014519,2017-04-22,2017,avril,samedi,11:40,05,05145,44.65781,6.20669,1,1,3,1,1,3,2,02,1,1,0,73,1,0,1,3,2,58,5,1,2,0,2,8,2,201700014519B01,7,2,1,200068096
201700014545,2017-08-18,2017,août,vendredi,16:15,05,05046,44.55778,6.46818,1,1,7,1,1,3,2,02,2,1,0,53,1,0,3,3,1,67,5,1,2,13,0,9,14,201700014545A01,,,,200067742
201700014554,2017-10-22,2017,octobre,dimanche,08:54,14,14670,49.22894,-0.50832,1,1,3,1,1,3,2,02,2,1,0,31,2,0,1,3,1,55,5,1,2,0,2,1,2,201700014554B01,7,17,1,
201700014557,2017-11-07,2017,novembre,mardi,11:10,14,14670,49.23055,-0.52141,1,1,3,1,1,3,2,02,3,1,0,0,1,0,1,1,1,66,5,1,2,0,9,0,1,201700014557A01,1,2,1,
201700014557,2017-11-07,2017,novembre,mardi,11:10,14,14670,49.23055,-0.52141,1,1,3,1,1,3,2,02,3,1,0,0,1,0,1,3,1,69,5,1,2,0,9,8,2,201700014557B01,1,1,1,
201700014602,2017-08-27,2017,août,dimanche,18:30,14,14702,49.10034,-0.58604,1,3,3,1,1,3,2,02,1,-1,4,10,1,,,4,1,21,5,1,2,0,2,1,19,201700014602A01,7,1,1,
201700014636,2017-09-13,2017,septembre,mercredi,16:45,14,14300,49.20178,-0.00872,1,1,3,1,2,3,1,02,2,1,0,51,2,0,1,4,1,14,5,2,2,0,2,7,21,201700014636B01,7,15,1,
201700014646,2017-03-15,2017,mars,mercredi,15:00,14,14554,49.0749,-0.29658,1,3,3,1,1,3,2,02,1,-1,0,89,1,0,1,4,1,73,5,1,2,0,2,6,15,201700014646A01,7,15,1,200065597
201700014677,2017-07-30,2017,juillet,dimanche,18:20,14,14478,49.02155,0.40535,2,2,3,1,1,4,1,01,1,-1,0,10,1,,,3,2,15,5,2,2,0,2,1,0,201700014677B01,7,1,1,200069532
201700014684,2017-10-24,2017,octobre,mardi,17:00,14,14105,48.9729,0.16204,1,1,3,1,1,3,2,02,1,1,21,85,1,0,1,3,1,15,5,1,2,0,0,8,1,201700014684B01,7,1,1,
201700014692,2017-03-02,2017,mars,jeudi,16:10,14,14749,49.0545,-0.11833,1,2,3,1,1,3,2,02,2,1,0,0,1,0,1,3,1,82,5,1,2,0,2,8,19,201700014692A01,7,1,1,
201700014702,2017-06-14,2017,juin,mercredi,11:50,14,14431,49.07424,-0.08745,2,1,6,1,7,4,2,02,1,-1,0,70,1,0,1,4,1,41,1,1,2,1,0,1,2,201700014702A01,,,,200069532
201700014703,2017-06-26,2017,juin,lundi,15:55,14,14345,48.97113,-0.07831,1,2,3,1,1,3,2,02,1,-1,7,510,1,,,3,1,85,5,2,2,0,2,8,15,201700014703A01,7,1,1,241400514
201700014719,2017-04-23,2017,avril,dimanche,14:50,14,14113,0,0,1,1,3,1,1,4,2,02,1,1,0,48,1,0,1,3,1,13,5,2,2,0,2,8,19,201700014719B01,7,1,1,
201700014730,2017-01-18,2017,janvier,mercredi,10:30,06,06079,43.53161,6.94811,2,4,3,1,1,3,2,02,1,-1,7,10,5,,,3,2,61,5,1,2,0,2,3,1,201700014730B01,7,12,1,200039915
201700014736,2017-04-04,2017,avril,mardi,16:15,06,06079,43.52951,6.94761,2,4,3,1,1,3,2,02,1,-1,6,10,1,,,4,1,44,1,3,2,0,2,3,1,201700014736B01,7,16,1,200039915
201700014771,2017-06-07,2017,juin,mercredi,14:45,06,06148,43.70745,7.04127,1,1,7,1,1,3,2,02,2,1,0,65,1,0,1,4,1,70,5,2,2,0,0,0,2,201700014771A01,,,,240600585
201700014777,2017-09-07,2017,septembre,jeudi,10:15,06,06010,43.69427,6.97095,1,1,7,1,1,3,2,02,2,3,15,31,9,0,3,3,1,72,5,1,2,6,0,1,1,201700014777A01,,,,240600585
201700014804,2017-02-28,2017,février,mardi,14:51,06,06150,43.73697,7.39675,1,1,1,1,1,3,2,02,2,1,0,60,1,0,1,3,2,26,5,1,2,0,2,1,17,201700014804B01,7,1,1,240600551
201700014810,2017-04-23,2017,avril,dimanche,13:00,06,06059,43.7271,7.35305,1,1,3,1,1,3,3,04,2,1,0,0,1,0,1,3,1,59,5,1,2,0,2,1,1,201700014810B01,7,3,1,200030195
201700014818,2017-07-07,2017,juillet,vendredi,08:20,06,06032,43.72404,7.39616,2,1,1,1,1,3,2,02,2,1,0,0,1,0,1,3,1,34,5,3,2,0,2,1,1,201700014818B01,7,20,1,200030195
201700014851,2017-02-16,2017,février,jeudi,16:45,72,72075,47.93076,0.004,1,1,5,1,1,3,2,02,1,1,0,0,1,0,1,4,1,65,5,1,2,0,9,8,2,201700014851C01,21,17,1,247200629
201700014851,2017-02-16,2017,février,jeudi,16:45,72,72075,47.93076,0.004,1,1,5,1,1,3,2,02,1,1,0,0,1,0,1,4,1,67,5,1,2,0,2,8,2,201700014851B01,21,17,1,247200629
201700014872,2017-12-06,2017,décembre,mercredi,13:15,72,72169,47.94147,0.04883,1,1,3,1,1,3,2,02,1,1,0,65,1,0,1,3,1,65,5,1,2,0,2,3,1,201700014872C01,10,2,1,247200629
201700014902,2017-01-28,2017,janvier,samedi,15:00,72,72241,48.03795,0.40654,2,1,7,1,1,4,2,02,1,-1,7,20,1,,,3,1,44,5,1,2,0,0,7,16,201700014902A01,,,,200072684
201700014911,2017-05-10,2017,mai,mercredi,14:20,72,72386,48.01215,0.26675,2,1,3,1,1,4,2,02,2,1,0,59,1,0,1,3,1,76,5,1,2,0,2,7,1,201700014911B01,7,20,1,247200132
201700014917,2017-07-18,2017,juillet,mardi,10:15,72,72300,48.02826,0.3804,2,1,5,1,7,3,2,02,1,-1,7,10,1,,,3,1,69,5,1,2,0,2,1,1,201700014917B01,7,15,1,200072684
201700014917,2017-07-18,2017,juillet,mardi,10:15,72,72300,48.02826,0.3804,2,1,5,1,7,3,2,02,1,-1,7,10,1,,,3,1,69,5,1,2,0,2,1,1,201700014917C01,7,15,1,200072684
201700014965,2017-02-06,2017,février,lundi,16:20,72,72021,47.86722,-0.19407,1,1,6,1,2,3,2,02,1,1,0,0,2,0,1,3,1,56,5,2,2,0,5,1,1,201700014965A01,,,,247200090
201700014979,2017-04-23,2017,avril,dimanche,11:50,72,72182,47.74359,0.13529,2,1,3,1,1,3,2,02,1,-1,0,10,1,,,3,1,59,5,3,2,0,2,2,15,201700014979B01,7,1,1,200073112
201700014987,2017-08-14,2017,août,lundi,10:05,72,72154,47.68926,-0.06464,1,1,3,1,1,4,2,02,1,-1,0,10,1,,,4,1,69,5,1,2,0,2,1,1,201700014987A01,7,1,1,247200348
201700014996,2017-04-29,2017,avril,samedi,18:55,72,72104,48.28171,0.27868,1,1,2,1,1,3,2,02,2,3,0,67,1,0,1,2,1,53,5,2,2,0,0,4,1,201700014996B01,7,1,1,200072676
201700014999,2017-05-14,2017,mai,dimanche,16:40,72,72317,48.34733,0.25145,1,1,2,1,1,4,2,02,1,1,0,0,1,0,1,4,1,18,5,3,2,1,0,1,1,201700014999B01,7,23,1,200072676
201700015007,2017-07-28,2017,juillet,vendredi,15:25,72,72189,48.25082,0.31446,2,1,3,1,1,3,2,02,1,-1,0,10,1,,,3,1,58,1,2,2,0,2,3,15,201700015007B01,7,17,1,200072676
201700015114,2017-04-21,2017,avril,vendredi,08:51,14,14220,0,0,2,1,3,1,1,4,1,02,1,2,0,0,1,0,1,4,2,35,5,2,2,0,2,2,1,201700015114B01,7,9,1,241400415
201700015126,2017-05-25,2017,mai,jeudi,20:15,14,14699,49.35106,0.10209,2,1,6,1,1,4,2,02,2,1,0,0,1,0,1,4,1,43,5,2,2,0,2,7,1,201700015126B01,7,15,1,241400415
201700015129,2017-06-07,2017,juin,mercredi,10:45,14,14220,49.36051,0.08439,2,1,7,1,1,3,2,02,1,1,0,0,1,0,1,4,1,92,5,2,2,0,2,8,1,201700015129A01,7,17,1,241400415
201700015139,2017-08-14,2017,août,lundi,19:10,14,14557,49.33596,0.09183,2,2,7,1,1,3,2,02,1,1,0,0,1,0,1,4,1,48,5,1,2,0,2,8,1,201700015139B01,7,9,1,241400415
201700015146,2017-10-15,2017,octobre,dimanche,11:31,14,14715,49.36501,0.08398,2,1,3,1,1,4,2,02,1,1,0,0,1,0,1,4,1,57,1,2,2,0,2,1,1,201700015146B01,7,16,1,241400415
201700015155,2017-03-11,2017,mars,samedi,09:20,66,66024,42.51401,2.82995,2,6,3,1,1,3,2,02,1,-1,0,15,-1,,,3,1,34,5,1,2,0,2,8,2,201700015155B01,7,17,1,246600373
201700015167,2017-07-23,2017,juillet,dimanche,11:00,66,66053,42.52328,3.09767,1,1,1,1,1,3,2,02,2,-1,0,10,5,,,3,1,54,5,1,2,0,2,1,1,201700015167A01,7,16,1,200043602
201700015187,2017-03-10,2017,mars,vendredi,17:50,58,58095,46.83756,3.47912,1,1,4,2,1,3,2,02,1,1,0,60,1,0,1,3,2,59,5,2,2,0,2,4,2,201700015187C01,7,2,1,200067700
201700015187,2017-03-10,2017,mars,vendredi,17:50,58,58095,46.83756,3.47912,1,1,4,2,1,3,2,02,1,1,0,60,1,0,1,3,1,60,5,2,2,0,2,4,2,201700015187B01,7,2,1,200067700
201700015228,2017-11-21,2017,novembre,mardi,13:50,58,58278,46.94766,3.20038,1,1,3,1,1,3,2,02,2,1,0,60,1,0,1,4,1,62,5,1,2,0,2,1,1,201700015228B01,7,13,1,245804406
201700015260,2017-04-28,2017,avril,vendredi,15:00,58,58067,47.10085,3.07498,1,1,3,1,1,3,2,02,2,1,0,0,1,0,1,4,1,53,5,1,2,0,2,8,2,201700015260B01,7,1,1,200068088
201700015267,2017-04-18,2017,avril,mardi,11:30,58,58058,47.39426,3.34417,2,1,1,1,1,4,2,02,1,1,0,50,1,0,1,3,1,10,5,2,2,0,2,8,19,201700015267B01,7,1,1,200067429
201700015273,2017-02-01,2017,février,mercredi,07:55,26,26166,0,0,2,1,6,1,1,3,2,02,1,1,0,28,1,0,1,3,1,13,2,1,9,0,2,8,15,201700015273B01,7,2,1,242600252
201700015277,2017-03-05,2017,mars,dimanche,12:45,26,26124,44.8396,4.88795,2,1,7,1,3,4,2,02,2,-1,0,20,1,,,3,1,66,5,2,2,0,0,0,16,201700015277A01,,,,200068781
201700015281,2017-05-03,2017,mai,mercredi,17:20,26,26144,0,0,1,1,6,1,1,3,2,02,1,-1,0,0,1,0,1,3,1,69,0,3,2,0,2,0,0,201700015281A01,1,0,1,242600252
201700015281,2017-05-03,2017,mai,mercredi,17:20,26,26144,0,0,1,1,6,1,1,3,2,02,1,-1,0,0,1,0,1,4,1,59,5,3,2,0,2,0,0,201700015281B01,1,0,1,242600252
201700015295,2017-04-03,2017,avril,lundi,14:15,26,26183,0,0,1,1,3,1,1,3,2,02,1,1,0,90,1,0,0,4,2,63,5,1,2,0,2,8,1,201700015295B01,7,1,1,200040509
201700015350,2017-03-26,2017,mars,dimanche,19:00,26,26172,0,0,2,1,1,2,1,3,2,02,1,3,0,35,1,0,1,3,1,77,5,1,2,0,2,1,0,201700015350B01,7,13,1,200040491
201700015375,2017-10-22,2017,octobre,dimanche,00:30,70,70576,47.9337,6.00262,1,1,6,3,1,3,2,02,1,3,0,61,1,0,1,1,1,16,5,2,2,0,0,4,1,201700015375B01,7,4,1,200036150
201700015375,2017-10-22,2017,octobre,dimanche,00:30,70,70576,47.9337,6.00262,1,1,6,3,1,3,2,02,1,3,0,61,1,0,1,2,1,16,5,2,2,0,0,4,1,201700015375C01,7,4,1,200036150