Num_Acc,date,an,mois,jour,hrmn,dep,com,lat,long,agg,int,col,lum,atm,catr,circ,nbv,prof,plan,lartpc,larrout,surf,infra,situ,grav,sexe,age,trajet,secuexist,equipement,obs,obsm,choc,manv,vehiculeid,typevehicules,manoeuvehicules,numVehicules,_infos_commune.code_epci
201700016598,2017-05-21,2017,mai,dimanche,11:10,29,29148,48.60639,-4.02109,1,1,7,1,1,4,2,02,3,1,0,65,1,0,3,2,1,72,5,1,2,16,0,0,13,201700016598A01,,,,200067072
201700016609,2017-08-20,2017,août,dimanche,09:00,29,29185,48.6559,-4.1788,2,2,3,1,1,4,2,,,,,,,,,3,1,68,5,1,2,0,2,2,0,201700016609B01,7,1,1,200067072
201700016620,2017-04-09,2017,avril,dimanche,10:00,29,29147,47.89717,-3.59361,1,1,3,1,7,4,2,02,2,1,0,0,1,0,1,3,1,68,0,1,2,0,0,0,1,201700016620A01,7,1,1,242900694
201700016627,2017-08-05,2017,août,samedi,20:35,29,29233,47.87279,-3.56619,2,3,3,1,1,4,-1,,,,,,,,,3,2,19,1,2,2,0,2,1,1,201700016627B01,7,15,1,242900694
201700016639,2017-06-18,2017,juin,dimanche,11:00,29,29150,47.81015,-3.60513,1,1,1,1,7,4,2,02,1,-1,0,0,1,0,1,3,1,65,5,1,2,0,2,1,13,201700016639A01,7,1,1,242900694
201700016648,2017-09-01,2017,septembre,vendredi,18:00,29,29293,47.84212,-3.8652,1,1,6,1,1,4,2,02,2,1,0,0,1,0,1,4,1,55,5,3,2,13,0,1,1,201700016648B01,7,17,1,242900769
201700016649,2017-09-26,2017,septembre,mardi,19:05,29,29153,47.8189,-3.77777,1,1,3,2,7,4,2,02,1,1,0,0,1,0,1,3,1,83,5,2,2,0,0,3,1,201700016649B01,7,1,1,242900769
201700016659,2017-06-12,2017,juin,lundi,17:10,29,29241,47.96159,-3.82977,2,2,2,1,1,4,1,01,,,,,,,,3,1,47,1,2,9,0,0,4,1,201700016659B01,31,2,1,242900769
201700016669,2017-04-29,2017,avril,samedi,11:25,34,34154,43.55709,4.03535,1,1,7,1,1,9,-1,02,1,1,0,0,1,0,5,3,1,51,5,1,2,14,0,1,1,201700016669A01,,,,243400470
201700016671,2017-07-23,2017,juillet,dimanche,08:50,34,34192,43.53427,3.91922,1,1,1,1,1,9,-1,02,4,1,0,40,1,0,5,3,1,44,5,2,2,0,2,1,1,201700016671A01,1,1,1,243400470
201700016671,2017-07-23,2017,juillet,dimanche,08:50,34,34192,43.53427,3.91922,1,1,1,1,1,9,-1,02,4,1,0,40,1,0,5,3,1,87,5,1,2,0,2,1,1,201700016671B01,1,1,1,243400470
201700016684,2017-03-19,2017,mars,dimanche,10:20,35,35351,48.05724,-1.93724,1,3,3,1,1,3,2,02,1,1,0,10,1,0,1,4,1,70,5,1,2,0,2,7,15,201700016684A01,7,1,1,243500139
201700016687,2017-04-22,2017,avril,samedi,12:55,35,35133,48.15507,-2.01609,1,2,3,1,1,3,2,02,1,1,0,15,1,5,1,3,1,70,5,3,2,0,2,8,1,201700016687A01,7,19,1,243500550
201700016693,2017-05-14,2017,mai,dimanche,10:35,35,35277,48.11041,-2.10012,1,1,1,1,1,3,2,02,1,3,0,0,1,0,1,4,1,69,5,1,2,0,2,1,1,201700016693B01,30,13,1,243500550
201700016694,2017-05-15,2017,mai,lundi,22:00,35,35188,48.12935,-1.96767,1,1,2,2,1,3,2,02,2,2,0,0,1,0,3,2,1,55,5,2,9,0,0,4,1,201700016694B01,7,1,1,243500550
201700016696,2017-06-21,2017,juin,mercredi,16:15,35,35227,48.18199,-1.91262,2,1,1,1,1,4,2,02,2,1,0,34,1,0,1,4,2,10,5,3,2,0,2,0,1,201700016696B01,3,1,1,243500550
201700016700,2017-09-23,2017,septembre,samedi,23:30,35,35188,48.13833,-1.96281,2,2,3,5,1,3,2,02,1,-1,10,715,1,0,,3,1,17,5,2,2,0,2,8,1,201700016700A01,7,1,1,243500550
201700016709,2017-08-10,2017,août,jeudi,08:41,35,35021,48.34293,-1.17027,1,6,3,1,8,3,2,02,1,-1,510,20,1,,,2,1,79,5,2,2,0,2,1,19,201700016709A01,15,1,1,200072452
201700016740,2017-07-03,2017,juillet,lundi,11:10,35,35132,48.57435,-1.80092,1,1,2,1,1,3,2,02,1,1,60,0,1,0,1,3,1,65,5,1,2,0,2,1,2,201700016740A01,1,2,1,243500782
201700016740,2017-07-03,2017,juillet,lundi,11:10,35,35132,48.57435,-1.80092,1,1,2,1,1,3,2,02,1,1,60,0,1,0,1,1,1,68,5,1,2,0,0,4,2,201700016740B01,1,2,1,243500782
201700016767,2017-03-03,2017,mars,vendredi,10:00,35,35061,48.13381,-1.10067,1,2,3,1,1,3,2,02,1,1,0,15,1,5,1,3,1,73,5,1,2,0,2,7,1,201700016767B01,7,19,1,200039022
201700016780,2017-10-21,2017,octobre,samedi,16:45,35,35105,48.09156,-1.10098,1,1,2,1,7,3,2,02,1,1,0,105,1,0,1,2,1,36,5,1,2,0,2,4,2,201700016780B01,7,2,1,200039022
201700016802,2017-09-21,2017,septembre,jeudi,10:05,44,44045,47.30149,-1.78572,1,1,7,1,1,4,2,02,1,1,0,35,1,0,1,2,1,63,5,1,2,0,0,0,1,201700016802B01,21,1,1,200072734
201700016833,2017-04-07,2017,avril,vendredi,09:55,44,44015,47.47582,-1.76075,2,1,6,1,1,4,2,02,1,1,0,0,1,0,1,1,2,38,4,3,9,0,1,3,1,201700016833A01,,,,244400453
201700016875,2017-06-28,2017,juin,mercredi,09:10,44,44087,46.9575,-1.85623,1,1,2,1,1,3,2,02,1,1,0,53,1,0,1,2,1,77,5,1,2,0,2,4,2,201700016875B01,7,1,1,200071546
201700016893,2017-06-12,2017,juin,lundi,12:05,44,44116,47.28786,-2.03494,2,3,3,1,7,3,2,02,1,-1,0,10,1,0,1,4,1,11,2,2,2,0,2,7,15,201700016893B01,7,1,1,244400586
201700016898,2017-07-27,2017,juillet,jeudi,08:20,44,44154,47.20613,-2.14002,1,9,3,1,8,4,2,02,1,-1,5,60,1,,,4,1,48,5,1,2,0,0,8,1,201700016898B01,2,17,1,244400586
201700016910,2017-04-19,2017,avril,mercredi,19:40,44,44002,47.08345,-1.41199,2,9,1,1,1,9,2,02,2,-1,7,10,1,,,3,1,60,5,2,2,0,2,1,1,201700016910B01,7,15,1,200067635
201700016917,2017-12-04,2017,décembre,lundi,12:00,44,44043,47.09363,-1.29022,2,1,3,1,1,4,2,02,1,1,0,60,1,0,4,4,2,14,2,1,2,0,2,1,1,201700016917A01,7,1,1,200067635
201700016964,2017-08-02,2017,août,mercredi,13:15,44,44072,47.43255,-2.31204,1,1,6,1,1,3,2,02,1,1,0,60,1,0,1,4,1,13,5,2,4,0,2,7,2,201700016964A01,2,2,1,244400610
201700016985,2017-06-25,2017,juin,dimanche,09:00,25,25152,47.21574,6.18546,1,3,3,1,1,3,-1,02,1,-1,0,10,1,,,3,2,80,5,1,2,0,2,1,13,201700016985B01,7,17,1,242500361
201700016990,2017-11-25,2017,novembre,samedi,08:50,25,25058,47.20956,6.00039,2,6,1,1,3,2,3,02,1,-1,0,20,1,,,3,2,56,1,2,2,0,2,7,6,201700016990B01,7,1,1,242500361
201700016996,2017-08-21,2017,août,lundi,08:20,25,25258,47.22983,5.9382,2,4,1,1,1,4,,,,,,,,,,3,1,25,1,1,4,0,2,1,1,201700016996B01,10,15,1,242500361
201700017000,2017-02-17,2017,février,vendredi,17:05,25,25434,47.1043,6.1377,2,4,1,1,1,3,2,02,2,-1,6,510,1,,,4,1,13,5,2,2,0,2,1,1,201700017000B01,7,15,1,200068070
201700017037,2017-06-01,2017,juin,jeudi,12:00,25,25432,47.13032,6.52551,2,3,1,1,1,3,2,02,2,-1,0,10,1,,,3,1,67,5,1,2,0,2,1,1,201700017037B01,7,15,1,242504181
201700017056,2017-07-18,2017,juillet,mardi,18:15,25,25063,47.38301,6.82602,1,1,3,1,1,3,2,02,2,1,0,60,1,0,1,3,1,63,5,1,2,0,2,0,23,201700017056B01,7,1,1,200065647
201700017071,2017-06-05,2017,juin,lundi,11:00,25,25361,46.79775,6.30272,1,1,7,1,1,3,2,02,1,1,0,0,1,0,1,3,1,51,5,2,2,0,0,0,1,201700017071A01,,,,200069565
201700017088,2017-04-09,2017,avril,dimanche,12:22,39,39109,46.61052,5.73017,1,4,3,1,1,3,2,02,2,1,,,1,0,0,3,1,54,5,1,2,0,2,1,1,201700017088B01,7,15,1,200090579
201700017089,2017-04-23,2017,avril,dimanche,11:50,39,39154,46.57427,5.7473,2,6,2,1,1,3,2,02,1,1,0,15,1,5,1,4,2,55,5,1,2,0,2,4,12,201700017089B01,7,1,1,200090579
201700017106,2017-06-24,2017,juin,samedi,10:25,39,39422,46.71929,5.5568,1,2,2,1,1,3,2,04,1,1,403,615,1,5,1,3,1,78,5,1,2,0,2,4,11,201700017106B01,7,1,1,200069615
201700017113,2017-09-16,2017,septembre,samedi,16:05,39,39027,46.55306,5.49191,2,1,6,1,1,3,2,02,1,1,0,46,1,0,3,3,1,27,9,1,2,6,0,1,21,201700017113B01,7,13,1,200072056
201700017127,2017-10-15,2017,octobre,dimanche,14:00,39,39434,46.81629,5.75721,1,1,2,1,1,2,2,02,1,1,0,75,1,0,1,3,1,69,5,2,2,0,2,6,1,201700017127B01,7,17,1,200071595
201700017143,2017-09-06,2017,septembre,mercredi,18:32,39,39501,47.12635,5.46128,2,3,3,1,1,4,2,02,1,1,,,1,0,0,3,1,5,5,1,2,0,2,1,16,201700017143A01,7,1,1,200010650
201700017148,2017-03-04,2017,mars,samedi,12:30,39,39160,46.78947,5.43927,1,1,1,1,2,4,2,02,1,1,0,32,2,0,1,3,1,59,5,2,2,0,2,1,13,201700017148A01,7,1,1,200069615
201700017176,2017-07-07,2017,juillet,vendredi,10:10,39,39274,46.39991,6.03795,1,1,3,1,1,3,2,02,1,1,0,66,1,0,1,3,1,67,5,1,2,0,2,3,1,201700017176B01,7,17,1,200026573
201700017194,2017-10-11,2017,octobre,mercredi,17:00,39,39271,46.60792,5.9996,2,1,3,1,1,3,2,02,2,2,0,60,1,0,1,3,1,12,5,2,2,0,2,8,1,201700017194B01,10,17,1,243900610
201700017207,2017-04-19,2017,avril,mercredi,12:00,22,22183,48.17956,-2.54976,1,1,7,1,1,4,2,02,1,1,0,52,1,0,3,2,1,73,5,1,2,0,0,0,1,201700017207A01,,,,200067460
201700017227,2017-02-18,2017,février,samedi,17:00,22,22095,48.64293,-3.19406,1,1,6,1,1,4,2,02,1,3,0,41,1,0,3,3,1,51,5,3,9,13,0,0,1,201700017227A01,,,,200067981
201700017249,2017-06-29,2017,juin,jeudi,11:20,22,22158,48.19569,-2.98379,1,1,7,1,2,9,-1,01,2,4,15,0,2,0,1,3,1,10,5,1,2,0,0,0,1,201700017249A01,,,,200067460
201700017255,2017-04-14,2017,avril,vendredi,16:30,22,22229,48.30023,-3.22968,1,3,3,1,1,4,2,02,1,1,,,1,0,0,3,1,15,1,2,9,0,2,1,16,201700017255A01,10,1,1,242200715
201700017270,2017-06-21,2017,juin,mercredi,18:30,22,22387,48.58553,-3.4358,1,1,7,1,1,4,2,02,4,2,0,45,1,0,3,3,1,64,5,2,2,13,0,0,1,201700017270A01,,,,200065928
201700017275,2017-10-04,2017,octobre,mercredi,16:15,22,22226,48.67904,-3.50613,1,1,2,1,1,3,2,02,1,1,0,55,1,0,1,3,1,68,5,1,2,0,0,4,1,201700017275B01,7,1,1,200065928
201700017287,2017-08-16,2017,août,mercredi,15:45,22,22247,48.74223,-3.24497,1,1,7,1,1,4,2,02,2,1,0,49,1,0,0,3,2,11,5,1,2,0,0,0,1,201700017287A01,,,,
201700017293,2017-01-06,2017,janvier,vendredi,08:30,68,68374,48.06839,7.30974,2,2,3,1,1,3,2,03,1,1,0,100,1,0,1,3,2,72,5,2,2,0,2,8,19,201700017293B01,7,15,1,246800726
201700017301,2017-03-12,2017,mars,dimanche,15:20,68,68374,48.07314,7.28929,2,2,3,1,1,4,2,02,1,1,0,50,1,0,1,4,1,39,4,1,2,0,2,1,1,201700017301A01,7,15,1,246800726
201700017309,2017-05-23,2017,mai,mardi,11:45,68,68374,48.07618,7.2866,2,2,5,1,1,4,1,01,1,1,0,40,1,5,1,3,1,61,5,1,2,0,2,1,1,201700017309A01,7,1,1,246800726
201700017309,2017-05-23,2017,mai,mardi,11:45,68,68374,48.07618,7.2866,2,2,5,1,1,4,1,01,1,1,0,40,1,5,1,3,1,67,5,1,2,0,2,1,1,201700017309B01,7,1,1,246800726
201700017315,2017-06-11,2017,juin,dimanche,11:40,68,68161,48.30063,7.2877,1,2,3,1,1,3,2,02,2,1,0,82,1,0,1,3,1,19,5,1,2,0,2,8,15,201700017315A01,33,1,1,246800551
201700017319,2017-08-10,2017,août,jeudi,06:50,68,68155,48.08986,7.31709,2,6,2,2,2,3,2,02,1,2,0,88,2,5,1,4,1,18,1,3,9,0,0,4,1,201700017319B01,7,9,1,246800726
201700017320,2017-08-24,2017,août,jeudi,18:45,68,68374,48.08545,7.31995,2,4,1,1,1,4,2,02,1,1,0,73,1,0,1,4,1,17,5,2,2,0,2,1,15,201700017320A01,7,1,1,246800726
201700017324,2017-10-18,2017,octobre,mercredi,10:45,68,68155,48.1037,7.3035,1,6,7,1,1,3,2,02,1,-1,507,510,1,,,4,1,54,5,2,2,16,0,9,21,201700017324A01,,,,246800726
201700017328,2017-12-11,2017,décembre,lundi,16:30,68,68338,48.08594,7.2804,2,2,3,2,2,3,2,02,1,-1,612,25,1,0,1,4,1,12,2,2,2,0,2,1,19,201700017328A01,7,1,1,246800726
201700017357,2017-09-06,2017,septembre,mercredi,10:15,68,68284,47.53647,7.33585,2,1,2,1,7,3,2,02,1,1,0,61,1,0,1,4,1,63,3,2,2,0,0,4,1,201700017357B01,7,2,1,200066041
201700017375,2017-04-12,2017,avril,mercredi,14:30,68,68031,47.6913,7.15988,1,1,2,1,1,3,2,02,1,1,0,112,1,0,1,2,2,54,5,1,2,0,2,4,2,201700017375B01,7,2,1,
201700017383,2017-08-22,2017,août,mardi,16:40,68,68068,47.63238,7.12146,2,3,3,1,1,3,2,02,1,1,0,61,1,0,1,4,1,12,5,1,2,0,2,1,19,201700017383A01,7,1,1,200066033
201700017412,2017-04-07,2017,avril,vendredi,14:30,68,68267,47.74916,7.23091,2,1,3,1,1,3,2,02,1,1,0,0,1,0,1,3,1,56,0,2,2,0,2,1,1,201700017412B01,7,4,1,200066009
201700017416,2017-06-05,2017,juin,lundi,10:00,68,68384,47.69256,7.30291,2,3,3,1,1,4,2,02,1,1,0,60,1,0,1,4,1,14,5,2,2,0,2,7,16,201700017416B01,7,21,1,200066009
201700017417,2017-06-08,2017,juin,jeudi,07:50,68,68384,47.69688,7.29187,2,2,3,1,1,3,2,02,1,1,0,70,1,0,1,3,1,53,5,1,2,0,2,2,19,201700017417A01,7,1,1,200066009
201700017418,2017-08-06,2017,août,dimanche,11:15,68,68384,47.69687,7.29188,2,2,3,1,1,3,2,02,1,1,0,65,1,0,1,3,1,60,5,1,2,0,2,1,19,201700017418A01,7,1,1,200066009
201700017419,2017-09-22,2017,septembre,vendredi,09:25,68,68267,47.74952,7.22919,2,3,1,1,1,3,2,02,1,4,0,80,1,0,1,3,1,50,3,2,2,0,2,1,15,201700017419A01,7,15,1,200066009
201700017429,2017-05-24,2017,mai,mercredi,17:50,68,68349,47.61712,7.56569,1,1,2,1,1,5,2,02,1,1,0,72,1,0,1,1,1,46,5,1,2,0,2,8,1,201700017429B01,30,17,1,200066058
201700017431,2017-08-06,2017,août,dimanche,19:45,68,68135,47.57831,7.51996,2,1,1,1,1,4,2,02,1,3,0,63,1,0,1,3,1,11,5,1,2,0,2,1,5,201700017431B01,7,1,1,200066058
201700017439,2017-09-30,2017,septembre,samedi,08:15,68,68042,47.60428,7.4953,2,3,3,1,1,4,2,02,1,,0,60,1,0,1,4,1,81,3,2,2,0,0,7,1,201700017439B01,7,16,1,200066058
201700017440,2017-10-18,2017,octobre,mercredi,17:45,68,68121,47.52211,7.46947,2,3,1,2,7,3,2,02,4,4,0,79,1,0,1,4,1,44,1,2,2,0,2,1,1,201700017440B01,7,15,1,200066058
201700017450,2017-05-10,2017,mai,mercredi,16:35,68,68082,47.86582,7.35862,2,3,3,1,7,3,2,02,1,1,0,98,1,5,1,3,1,60,5,1,2,0,2,7,1,201700017450B01,7,9,1,246800445
201700017457,2017-08-09,2017,août,mercredi,12:19,68,68082,47.87328,7.32999,2,2,3,1,1,4,2,02,1,1,0,67,1,5,1,4,2,17,5,2,2,0,2,7,19,201700017457A01,7,1,1,246800445
201700017464,2017-12-06,2017,décembre,mercredi,14:20,68,68228,47.92824,7.35837,1,3,3,1,7,3,2,02,1,1,0,70,1,0,0,3,1,63,5,1,2,0,2,1,15,201700017464A01,7,1,1,246800445
201700017476,2017-07-16,2017,juillet,dimanche,22:45,68,68304,47.75635,7.04938,2,3,3,5,1,3,2,02,1,1,0,88,1,0,1,3,1,19,5,2,2,0,0,8,19,201700017476B01,7,1,1,246800676
201700017488,2017-05-09,2017,mai,mardi,15:40,34,34028,43.6094,3.1487,2,1,6,1,1,4,2,02,4,3,0,40,1,0,1,3,1,27,5,1,2,8,0,1,0,201700017488A01,,,,200042646
201700017494,2017-08-04,2017,août,vendredi,11:30,34,34126,43.58964,3.08309,2,6,3,1,1,3,1,01,1,-1,4,15,1,,,3,1,68,3,1,2,0,2,7,16,201700017494B01,7,9,1,200042646
201700017500,2017-03-28,2017,mars,mardi,09:30,34,34074,43.4557,3.03838,2,1,1,1,7,4,-1,02,1,-1,6,515,1,,,3,1,60,3,2,2,0,2,2,1,201700017500B01,7,19,1,200042653
201700017525,2017-12-15,2017,décembre,vendredi,14:00,34,34139,43.40808,3.22917,1,1,2,1,1,3,3,02,1,-1,0,13,1,,,3,1,65,5,1,2,0,2,4,1,201700017525B01,7,1,1,243400769
201700017546,2017-08-14,2017,août,lundi,11:35,34,34283,43.78518,3.4153,1,1,7,1,1,3,2,02,3,4,0,0,1,0,3,3,1,59,5,1,2,16,0,0,2,201700017546A01,,,,200017341
201700017550,2017-11-20,2017,novembre,lundi,12:10,34,34142,43.73106,3.32394,2,1,3,1,1,4,2,02,1,-1,6,512,1,,,4,2,32,1,2,2,0,0,1,23,201700017550B01,37,15,1,200017341
201700017588,2017-09-06,2017,septembre,mercredi,13:30,15,15014,44.9217,2.44639,2,1,6,1,1,4,2,02,2,1,0,0,1,0,1,3,1,25,5,2,2,1,0,1,1,201700017588B01,7,22,1,241500230
201700017588,2017-09-06,2017,septembre,mercredi,13:30,15,15014,44.9217,2.44639,2,1,6,1,1,4,2,02,2,1,0,0,1,0,1,4,1,35,5,2,2,0,2,1,1,201700017588C01,7,22,1,241500230
201700017598,2017-11-20,2017,novembre,lundi,10:40,15,15014,0,0,2,6,3,1,1,4,2,01,1,1,0,70,1,5,1,4,2,46,4,2,4,0,2,7,1,201700017598B01,10,9,1,241500230
201700017612,2017-08-10,2017,août,jeudi,17:50,34,34332,43.29942,3.40371,2,1,1,1,1,4,2,02,1,1,0,41,1,0,1,3,1,46,5,2,2,0,2,1,17,201700017612B01,7,1,1,243400819
201700017619,2017-04-12,2017,avril,mercredi,15:00,86,86264,46.27912,0.37216,2,7,7,1,1,3,2,02,1,-1,4,10,1,,,3,1,72,5,1,2,0,0,0,21,201700017619A01,,,,200070035
201700017647,2017-03-24,2017,mars,vendredi,10:35,86,86225,46.85663,0.1044,1,4,3,1,1,3,2,02,1,1,4,15,1,5,1,3,1,63,5,1,2,0,2,1,1,201700017647B01,7,5,1,248600447
201700017679,2017-03-29,2017,mars,mercredi,13:20,41,41164,47.27294,1.37628,2,1,2,1,1,3,2,02,1,1,0,0,1,0,1,3,1,31,5,2,2,0,0,0,1,201700017679B01,7,1,1,200072064
201700017701,2017-01-26,2017,janvier,jeudi,08:50,41,41152,47.55242,1.73293,1,1,2,1,7,3,2,02,1,1,0,47,1,0,1,3,2,78,5,2,2,0,0,4,2,201700017701B01,7,2,1,244100780
201700017734,2017-10-14,2017,octobre,samedi,18:00,41,41116,47.85031,1.11168,1,1,3,1,7,3,2,02,1,1,0,35,1,0,1,3,1,71,0,1,2,0,0,6,1,201700017734B01,7,1,1,200040772
201700017735,2017-11-08,2017,novembre,mercredi,07:45,41,41143,47.98047,0.89989,2,1,3,5,2,4,2,02,1,-1,0,25,1,,,3,1,12,2,1,4,0,2,8,15,201700017735B01,3,17,1,244100293
201700017739,2017-09-21,2017,septembre,jeudi,18:20,47,47210,44.2495,0.40009,1,1,2,1,1,3,2,02,1,1,0,0,1,0,3,3,1,71,5,1,2,0,2,4,2,201700017739B01,7,1,1,200068922
201700017748,2017-06-26,2017,juin,lundi,13:45,47,47271,44.6443,0.19461,1,3,3,1,1,3,2,02,1,-1,0,10,1,0,1,3,1,55,5,1,2,0,2,8,15,201700017748B01,7,17,1,244700449
201700017785,2017-03-16,2017,mars,jeudi,10:25,47,47052,44.3256,0.08221,2,3,3,1,1,3,2,02,1,1,0,62,1,0,1,3,1,75,5,2,2,0,2,8,19,201700017785A01,7,1,1,244701355
201700017796,2017-09-10,2017,septembre,dimanche,09:30,47,47328,44.4316,0.90615,1,1,1,1,8,3,2,02,4,4,0,0,2,2,1,3,1,52,5,1,2,0,2,1,13,201700017796A01,1,1,1,200068930
201700017796,2017-09-10,2017,septembre,dimanche,09:30,47,47328,44.4316,0.90615,1,1,1,1,8,3,2,02,4,4,0,0,2,2,1,3,1,57,5,1,2,0,0,1,1,201700017796B01,1,13,1,200068930
201700017810,2017-10-04,2017,octobre,mercredi,15:55,47,47252,44.3905,0.56695,1,4,3,1,1,3,2,02,1,-1,12,910,3,0,1,3,1,86,5,1,2,0,2,7,19,201700017810A01,17,1,1,200023307
201700017859,2017-09-03,2017,septembre,dimanche,17:30,42,42280,45.31476,4.46353,1,1,6,1,1,4,2,02,2,-1,0,0,1,0,1,3,1,68,5,1,9,0,0,0,0,201700017859A01,,,,244200622
201700017870,2017-04-08,2017,avril,samedi,09:30,42,42234,45.53848,4.35857,1,2,3,1,7,3,2,02,1,-1,6,10,1,,,4,1,43,5,1,2,0,2,1,1,201700017870B01,7,19,1,244200770
201700017874,2017-07-03,2017,juillet,lundi,19:45,42,42208,45.53536,4.47692,1,1,1,1,1,3,2,02,2,3,0,61,1,0,1,2,1,44,5,2,2,0,2,1,1,201700017874B01,7,1,1,244200770
201700017884,2017-02-18,2017,février,samedi,14:15,42,42219,45.72309,4.09335,1,1,2,1,1,3,2,02,1,1,0,80,1,0,1,3,1,59,5,1,2,0,2,1,1,201700017884B01,1,1,1,200065886
201700017884,2017-02-18,2017,février,samedi,14:15,42,42219,45.72309,4.09335,1,1,2,1,1,3,2,02,1,1,0,80,1,0,1,3,1,50,5,1,2,0,0,7,1,201700017884A01,1,1,1,200065886
201700017905,2017-09-03,2017,septembre,dimanche,14:13,42,42109,45.77287,3.9355,2,1,7,1,1,4,2,02,2,-1,0,60,1,0,1,3,1,17,0,3,9,0,0,1,1,201700017905A01,,,,
201700017927,2017-10-13,2017,octobre,vendredi,08:50,42,42228,45.5609,4.09748,2,3,1,2,7,3,2,02,2,-1,704,810,1,,,3,1,46,1,1,2,11,2,1,19,201700017927B01,7,15,1,200065886
201700017932,2017-02-18,2017,février,samedi,14:40,42,42149,45.63573,4.24048,2,6,3,1,7,3,2,02,1,-1,6,215,1,,,3,1,60,5,1,2,0,2,7,1,201700017932B01,7,1,1,200065894
201700017934,2017-05-17,2017,mai,mercredi,17:50,42,42323,45.56968,4.29321,2,8,3,1,1,4,2,02,2,-1,5,714,-1,,,3,1,53,1,1,2,0,4,1,1,201700017934B01,39,0,1,200065894
201700017947,2017-10-12,2017,octobre,jeudi,10:30,42,42181,46.01186,4.20391,1,1,7,1,1,3,2,02,2,3,50,0,2,0,1,4,1,54,5,1,2,0,0,7,1,201700017947A01,,,,244200630
201700017953,2017-03-18,2017,mars,samedi,19:20,42,42131,46.17595,4.24334,1,1,7,3,1,3,2,02,2,1,20,60,1,0,1,3,1,54,5,2,2,15,0,0,1,201700017953A01,,,,200035202
201700017954,2017-03-27,2017,mars,lundi,08:35,42,42177,46.14404,4.10992,2,3,3,1,7,4,,,,,,,,,,3,1,77,5,2,2,0,0,8,1,201700017954B01,7,15,1,200035202
201700017955,2017-04-10,2017,avril,lundi,14:50,42,42015,46.16702,4.34825,2,1,7,1,7,3,2,02,2,1,0,60,1,0,1,3,1,25,5,2,2,0,0,1,1,201700017955A01,,,,200035202
201700017972,2017-06-08,2017,juin,jeudi,15:05,42,42004,45.89394,4.02571,1,1,6,1,1,3,2,02,1,1,0,0,1,0,3,3,1,68,5,1,2,1,0,1,1,201700017972A01,,,,
201700018016,2017-08-09,2017,août,mercredi,13:25,12,12063,44.0084,3.16043,2,4,3,1,1,3,2,02,2,-1,0,60,1,0,0,3,2,48,5,1,2,0,0,7,1,201700018016A01,7,15,1,241200906
201700018050,2017-09-23,2017,septembre,samedi,18:30,12,12154,0,0,2,1,7,1,1,4,2,02,1,-1,4,10,1,0,0,2,1,11,5,1,2,12,0,1,1,201700018050A01,,,,200067163
201700018062,2017-06-21,2017,juin,mercredi,08:05,49,49278,47.43204,-0.55498,1,2,3,1,1,3,2,02,3,-1,0,15,1,,,3,1,54,1,1,2,0,0,7,1,201700018062B01,7,1,1,244900015
201700018064,2017-09-29,2017,septembre,vendredi,11:15,49,49035,47.43423,-0.61426,1,3,3,1,1,3,2,02,1,2,0,10,1,5,1,4,1,63,5,1,2,0,2,1,1,201700018064B01,10,9,1,244900015
201700018071,2017-03-19,2017,mars,dimanche,19:40,49,49153,47.24629,-0.60726,1,9,3,3,1,3,2,02,1,-1,0,10,1,,,3,1,68,5,2,2,0,2,3,19,201700018071A01,7,1,1,
201700018077,2017-06-17,2017,juin,samedi,16:00,49,49345,47.26676,-0.50346,2,1,3,1,1,3,2,02,2,1,0,0,1,0,1,4,1,76,5,1,2,0,0,8,1,201700018077B01,2,17,1,200071553
201700018120,2017-05-14,2017,mai,dimanche,17:20,49,49276,47.36369,-1.01472,2,2,3,1,1,3,2,02,4,-1,10,10,1,0,1,4,2,54,5,1,2,0,2,1,1,201700018120A01,7,15,1,
201700018169,2017-06-10,2017,juin,samedi,15:25,49,49030,47.35653,-0.08509,1,1,3,1,1,3,2,02,1,1,0,0,1,0,1,2,2,69,5,3,4,0,2,8,19,201700018169B01,33,1,1,200071876
201700018176,2017-09-02,2017,septembre,samedi,11:20,49,49149,47.34381,-0.23157,2,1,3,1,1,3,2,02,1,1,0,40,1,0,1,3,1,66,5,1,2,0,2,1,1,201700018176B01,7,15,1,
201700018187,2017-06-21,2017,juin,mercredi,19:15,49,49215,47.12849,-0.14571,2,1,3,1,1,9,2,02,1,-1,0,10,1,,,3,1,15,5,3,9,0,2,1,15,201700018187A01,7,1,1,200071876
201700018191,2017-08-25,2017,août,vendredi,09:25,49,49219,47.2231,0.04726,1,6,3,1,1,3,2,02,1,-1,0,15,1,,,3,1,67,5,1,2,0,2,7,1,201700018191B01,7,0,1,200071876
201700018203,2017-07-04,2017,juillet,mardi,20:15,49,49331,47.6926,-0.89232,1,1,7,1,1,4,2,02,1,1,0,0,1,0,1,3,2,40,5,1,2,0,0,4,0,201700018203A01,,,,244900809