Num_Acc,date,an,mois,jour,hrmn,dep,com,lat,long,agg,int,col,lum,atm,catr,circ,nbv,prof,plan,lartpc,larrout,surf,infra,situ,grav,sexe,age,trajet,secuexist,equipement,obs,obsm,choc,manv,vehiculeid,typevehicules,manoeuvehicules,numVehicules,_infos_commune.code_epci
201700020249,2017-04-26,2017,avril,mercredi,13:00,56,56164,47.66668,-2.8009,2,1,3,1,1,4,2,02,1,-1,0,0,1,0,1,4,1,57,1,2,2,0,0,6,15,201700020249B01,7,17,1,200067932
201700020254,2017-07-28,2017,juillet,vendredi,16:00,56,56206,47.71377,-2.75273,2,3,3,1,1,4,-1,00,2,1,,,1,0,0,4,1,15,5,2,9,0,2,1,1,201700020254B01,10,1,1,200067932
201700020255,2017-09-13,2017,septembre,mercredi,09:15,56,56003,47.62639,-2.82914,2,6,1,1,2,3,2,02,1,-1,6,20,1,5,1,3,2,49,5,2,4,0,2,7,1,201700020255B01,7,9,1,200067932
201700020285,2017-05-10,2017,mai,mercredi,15:00,56,56109,47.61591,-2.53905,1,1,7,1,1,3,2,02,2,1,25,25,1,0,1,3,1,71,5,1,2,0,0,0,1,201700020285A01,,,,245614383
201700020290,2017-11-07,2017,novembre,mardi,07:50,56,56231,47.69007,-2.67146,1,1,3,2,1,3,2,02,2,1,0,0,1,0,1,3,1,19,1,2,2,0,0,4,1,201700020290B01,10,2,1,200067932
201700020297,2017-05-27,2017,mai,samedi,11:45,56,56243,47.64963,-2.71627,2,4,3,1,1,3,2,02,1,-1,5,15,1,0,1,3,1,73,5,1,2,0,2,1,1,201700020297B01,7,0,1,200067932
201700020302,2017-08-13,2017,août,dimanche,12:40,56,56005,47.54124,-2.87866,2,9,3,1,1,3,2,02,1,-1,0,10,1,,,3,1,71,5,2,2,0,0,8,19,201700020302B01,7,1,1,200067932
201700020309,2017-07-19,2017,juillet,mercredi,12:00,56,56116,47.56005,-2.93726,2,4,3,1,1,4,1,01,1,1,,,1,0,0,3,1,63,5,2,2,0,2,8,1,201700020309B01,7,16,1,200043123
201700020312,2017-08-14,2017,août,lundi,09:45,56,56186,47.47767,-3.12874,2,6,3,1,1,3,4,02,1,2,0,15,1,5,1,3,2,75,3,2,9,0,2,3,1,201700020312A01,3,16,1,200043123
201700020313,2017-08-20,2017,août,dimanche,17:35,56,56186,47.48283,-3.09724,1,1,6,1,1,4,2,02,1,-1,0,0,1,0,5,1,1,73,5,2,2,0,1,2,17,201700020313A01,,,,200043123
201700020313,2017-08-20,2017,août,dimanche,17:35,56,56186,47.48283,-3.09724,1,1,6,1,1,4,2,02,1,-1,0,0,1,0,5,3,2,54,5,2,9,0,1,2,17,201700020313A01,,,,200043123
201700020315,2017-09-07,2017,septembre,jeudi,10:00,56,56234,47.52751,-3.14368,2,1,3,1,1,4,2,02,1,4,0,56,1,0,1,4,1,70,5,1,2,0,2,0,1,201700020315B01,10,17,1,200043123
201700020329,2017-04-23,2017,avril,dimanche,10:30,56,56096,47.74729,-3.07689,2,2,1,1,1,3,2,02,3,-1,0,10,1,,,3,1,53,5,1,2,0,2,1,1,201700020329B01,7,15,1,200043123
201700020331,2017-05-01,2017,mai,lundi,12:00,56,56177,47.75948,-3.02093,1,1,2,1,1,3,2,02,1,1,0,0,1,0,1,3,1,67,5,1,2,0,0,4,1,201700020331B01,7,1,1,200043123
201700020352,2017-02-14,2017,février,mardi,16:15,56,56078,47.8059,-3.45815,1,3,3,1,1,2,1,01,1,-1,4,13,1,3,1,3,1,44,5,1,2,0,2,1,1,201700020352B01,10,9,1,200042174
201700020356,2017-04-20,2017,avril,jeudi,16:10,56,56078,47.75468,-3.50833,1,1,7,1,1,4,2,02,1,-1,0,0,1,0,3,3,1,53,5,3,9,0,0,0,1,201700020356A01,,,,200042174
201700020360,2017-05-26,2017,mai,vendredi,10:00,56,56179,47.8221,-3.41191,1,2,3,1,1,4,-1,00,1,1,,,1,0,0,4,1,24,5,1,2,0,2,1,1,201700020360B01,7,1,1,200042174
201700020363,2017-06-25,2017,juin,dimanche,11:00,56,56166,47.90677,-3.33591,2,1,3,1,1,3,2,02,2,1,0,50,1,0,1,3,1,16,5,1,2,0,2,1,5,201700020363B01,7,15,1,200042174
201700020378,2017-11-23,2017,novembre,jeudi,18:45,56,56040,47.85213,-3.31652,1,1,2,3,3,3,2,02,1,-1,0,0,2,0,1,2,1,48,0,1,4,0,0,4,2,201700020378B01,7,2,1,200042174
201700020384,2017-04-18,2017,avril,mardi,11:20,56,56013,47.66557,-3.17992,2,1,3,1,1,3,2,02,2,1,0,0,1,0,1,3,2,63,5,2,2,0,2,2,13,201700020384A01,33,1,1,200043123
201700020386,2017-05-24,2017,mai,mercredi,10:00,56,56054,47.64652,-3.15965,2,6,3,1,1,3,2,02,1,-1,6,15,1,,,3,1,71,5,2,2,0,2,1,1,201700020386B01,7,9,1,200043123
201700020391,2017-09-18,2017,septembre,lundi,10:15,56,56062,47.69735,-3.34995,2,2,3,1,1,4,,,1,1,,,1,0,0,3,1,92,5,1,2,0,2,1,16,201700020391A01,7,1,1,200042174
201700020393,2017-10-04,2017,octobre,mercredi,12:50,56,56130,47.73466,-3.2383,2,1,3,1,1,3,2,02,1,1,0,0,1,0,1,3,1,46,5,1,2,0,2,2,1,201700020393B01,7,16,1,245600440
201700020414,2017-03-08,2017,mars,mercredi,15:50,56,56006,47.92226,-2.30257,1,1,6,1,1,3,2,02,2,3,0,65,1,0,1,3,1,17,5,1,2,0,2,8,1,201700020414B01,7,13,1,200066785
201700020443,2017-08-06,2017,août,dimanche,10:10,56,56198,48.07964,-2.76024,1,1,2,1,1,3,2,02,1,-1,0,0,1,0,1,3,1,83,5,1,2,0,0,6,1,201700020443B01,7,1,1,245614433
201700020448,2017-11-18,2017,novembre,samedi,11:00,56,56047,48.04885,-2.73999,1,1,3,1,1,4,2,02,1,1,0,0,1,0,3,2,2,44,5,2,2,0,2,8,1,201700020448B01,21,1,1,245614433
201700020505,2017-09-09,2017,septembre,samedi,16:40,19,19194,45.331,1.68716,1,1,3,1,1,3,2,02,2,1,0,0,2,0,1,3,1,17,5,1,2,0,2,6,2,201700020505A01,7,2,1,241927201
201700020513,2017-08-03,2017,août,jeudi,20:45,19,19229,45.14288,1.45461,2,1,7,1,1,4,2,02,2,1,0,0,1,0,1,3,1,15,5,2,2,0,0,3,1,201700020513A01,,,,200043172
201700020545,2017-05-16,2017,mai,mardi,21:50,19,19241,45.69348,2.09579,2,1,3,2,1,3,2,02,1,1,0,51,1,0,1,3,1,9,5,1,2,0,2,3,9,201700020545B01,7,1,1,200066744
201700020547,2017-04-06,2017,avril,jeudi,15:45,59,59474,50.08177,3.76458,2,3,3,1,1,3,2,02,1,-1,0,10,1,,,3,1,19,5,2,2,0,2,8,19,201700020547A01,7,1,1,200043263
201700020560,2017-10-11,2017,octobre,mercredi,17:05,59,59525,50.09205,4.00483,2,3,6,1,1,4,1,01,1,-1,0,10,1,,,3,1,79,0,2,2,0,2,1,11,201700020560B01,7,1,1,200043263
201700020597,2017-08-10,2017,août,jeudi,08:45,51,51634,48.95872,4.2675,2,1,6,1,1,3,2,02,1,-1,0,0,1,0,1,3,1,48,0,1,2,1,0,1,0,201700020597B01,7,0,1,200066876
201700020599,2017-09-03,2017,septembre,dimanche,12:30,51,51149,48.91536,4.47216,2,2,3,1,1,3,2,02,1,,0,80,1,0,1,3,1,64,5,1,2,0,2,8,0,201700020599B01,7,19,1,200043438
201700020634,2017-10-12,2017,octobre,jeudi,16:00,51,51007,49.09511,4.17624,1,1,7,1,1,3,2,02,2,2,0,63,1,0,1,2,1,67,5,2,2,0,0,1,1,201700020634A01,,,,245100615
201700020635,2017-10-20,2017,octobre,vendredi,17:15,51,51643,49.00934,3.90551,2,1,3,1,1,3,2,02,1,1,0,77,1,0,1,3,1,46,5,3,2,0,2,8,2,201700020635B01,7,2,1,200067684
201700020661,2017-05-28,2017,mai,dimanche,19:50,51,51440,49.29824,4.32354,2,1,3,1,1,3,2,02,1,-1,6,610,1,,,3,2,77,5,2,2,0,2,7,15,201700020661A01,7,1,1,200067213
201700020679,2017-05-21,2017,mai,dimanche,11:27,62,62448,50.66125,1.67509,2,1,1,1,1,3,2,02,4,1,0,0,1,2,1,3,1,53,5,1,2,0,2,3,13,201700020679A01,7,1,1,246200729
201700020691,2017-02-16,2017,février,jeudi,18:40,91,91553,48.63043,2.49193,2,3,3,5,2,4,1,01,1,1,0,20,4,,1,3,2,44,1,3,2,0,2,7,1,201700020691B01,7,15,1,200059228
201700020695,2017-05-02,2017,mai,mardi,07:45,91,91225,48.6384,2.45958,2,6,3,2,2,3,1,02,1,2,8,25,2,,1,4,1,20,2,2,2,0,2,1,1,201700020695B01,7,9,1,200059228
201700020720,2017-06-13,2017,juin,mardi,17:50,91,91272,48.69798,2.12296,2,6,3,1,1,3,1,01,1,2,0,15,1,,1,4,2,54,5,2,2,0,2,1,1,201700020720A01,7,9,1,200056232
201700020738,2017-08-20,2017,août,dimanche,11:00,95,95365,49.0686,2.4348,1,3,1,1,1,3,2,02,1,1,,,1,5,1,2,1,71,5,1,2,0,2,1,15,201700020738B01,7,15,1,200073013
201700020749,2017-06-27,2017,juin,mardi,12:05,89,89239,48.17017,3.34212,2,2,3,1,1,3,2,02,1,-1,0,10,1,,,4,1,54,5,1,2,0,2,1,15,201700020749B01,7,1,1,248900334
201700020752,2017-08-23,2017,août,mercredi,08:55,89,89291,48.10841,3.28506,1,1,3,1,1,3,2,02,3,3,0,0,1,0,1,3,1,58,5,1,4,0,2,8,1,201700020752B01,7,1,1,248900334
201700020760,2017-06-13,2017,juin,mardi,16:15,04,04161,44.4195,6.44607,1,1,2,1,1,3,1,02,1,1,0,73,1,0,1,3,1,54,5,1,2,0,2,1,2,201700020760A01,1,2,1,200072304
201700020760,2017-06-13,2017,juin,mardi,16:15,04,04161,44.4195,6.44607,1,1,2,1,1,3,1,02,1,1,0,73,1,0,1,1,1,29,5,1,2,0,2,4,2,201700020760B01,1,2,1,200072304
201700020773,2017-08-30,2017,août,mercredi,17:00,57,57552,49.04825,6.18446,2,4,3,1,1,4,2,02,2,,0,0,1,5,0,2,1,16,5,2,2,0,2,8,16,201700020773B01,38,1,1,200039865
201700020816,2017-08-01,2017,août,mardi,17:00,57,57064,48.80181,7.24241,2,3,3,1,1,3,2,02,2,,0,79,1,0,1,3,1,11,5,1,2,0,2,1,5,201700020816A01,10,1,1,245700950
201700020835,2017-04-09,2017,avril,dimanche,16:45,57,57628,49.00915,6.99411,1,9,3,1,1,3,2,02,2,-1,7,710,1,,,2,1,31,5,2,2,0,0,8,15,201700020835B01,7,17,1,200070746
201700020873,2017-08-24,2017,août,jeudi,17:50,31,31588,43.52626,1.33517,2,2,1,1,1,4,2,02,1,-1,17,815,5,,,3,1,67,0,2,2,0,2,1,1,201700020873B01,7,16,1,243100518
201700020892,2017-04-16,2017,avril,dimanche,09:55,62,62297,50.81336,2.17458,2,4,2,1,1,3,2,02,,,,,,,,3,1,58,5,1,2,0,2,4,2,201700020892B01,7,9,1,200069037
201700020907,2017-05-21,2017,mai,dimanche,10:20,83,83125,43.52587,5.8647,1,1,3,1,1,3,2,02,1,2,0,35,1,0,1,3,1,51,5,1,2,0,0,1,1,201700020907B01,7,1,1,200040202
201700020924,2017-03-22,2017,mars,mercredi,18:10,83,83067,43.32037,6.28572,2,1,3,1,1,3,2,02,1,-1,0,10,1,,,3,1,45,5,1,2,0,2,7,17,201700020924A01,7,15,1,248300550
201700020926,2017-04-12,2017,avril,mercredi,14:21,83,83026,43.44493,6.20761,1,1,2,1,1,3,2,02,1,4,0,66,1,0,1,3,1,34,5,1,2,0,2,1,21,201700020926A01,7,2,1,248300550
201700020927,2017-04-13,2017,avril,jeudi,17:00,83,83018,43.34628,6.17985,1,1,3,1,1,3,2,02,2,1,30,60,1,0,1,4,1,69,5,1,2,0,0,8,1,201700020927B01,7,17,1,248300550
201700020932,2017-07-11,2017,juillet,mardi,11:00,83,83092,43.29969,6.22829,2,1,3,1,1,3,3,02,1,-1,11,10,1,,,3,1,67,5,3,9,0,2,7,15,201700020932B01,7,0,1,248300550
201700020943,2017-04-08,2017,avril,samedi,18:45,74,74171,46.31299,6.33897,2,1,1,1,1,3,2,02,2,4,0,0,1,0,1,3,2,34,5,1,2,0,2,1,13,201700020943B01,7,1,1,200067551
201700020957,2017-09-21,2017,septembre,jeudi,17:50,74,74070,46.29116,6.27131,1,1,2,1,1,3,2,02,1,1,0,70,1,0,1,3,1,43,1,1,2,0,2,4,1,201700020957B01,7,2,1,200067551
201700020987,2017-05-17,2017,mai,mercredi,14:15,16,16374,45.64189,0.18564,2,3,3,1,1,4,1,01,4,1,0,63,1,0,1,3,1,15,5,3,9,0,2,1,15,201700020987B01,7,1,1,200071827
201700020995,2017-09-27,2017,septembre,mercredi,16:00,16,16166,45.67333,0.19077,1,1,3,1,1,3,2,02,2,2,0,70,1,0,1,3,1,88,5,2,2,0,2,6,10,201700020995B01,7,2,1,200071827
201700021002,2017-08-02,2017,août,mercredi,16:55,16,16102,45.68779,-0.31444,2,2,3,1,1,4,2,02,1,1,0,52,1,0,1,2,2,62,1,2,2,0,2,8,0,201700021002B01,7,1,1,200070514
201700021007,2017-10-04,2017,octobre,mercredi,15:45,16,16102,45.69,-0.32026,2,1,6,1,1,4,2,02,1,1,0,54,1,0,1,3,2,70,5,2,2,0,2,3,1,201700021007B01,7,17,1,200070514
201700021008,2017-10-14,2017,octobre,samedi,21:20,16,16102,45.69317,-0.32566,2,4,3,5,1,4,1,01,2,2,0,40,1,0,1,4,1,26,5,2,9,0,2,1,19,201700021008B01,7,1,1,200070514
201700021011,2017-12-04,2017,décembre,lundi,15:25,16,16089,45.67882,-0.31131,2,6,2,1,1,3,1,02,1,2,100,70,1,0,1,4,2,69,3,2,2,0,2,1,16,201700021011B01,7,9,1,200070514
201700021030,2017-02-10,2017,février,vendredi,07:40,59,59301,50.49497,3.55082,2,1,3,1,1,4,2,02,2,-1,0,0,1,0,1,4,2,44,3,3,4,0,2,1,0,201700021030B01,7,15,1,245901160
201700021037,2017-09-13,2017,septembre,mercredi,13:40,66,66189,42.65845,2.95399,2,9,3,1,1,4,2,02,1,-1,0,15,1,,,3,1,66,5,1,2,0,2,1,1,201700021037B01,7,15,1,200027183
201700021040,2017-01-04,2017,janvier,mercredi,08:45,17,17299,45.94776,-0.97633,2,1,7,1,1,4,2,02,1,1,0,60,7,0,5,4,2,53,1,1,4,12,0,7,0,201700021040A01,,,,200041762
201700021045,2017-02-16,2017,février,jeudi,14:45,17,17299,45.93592,-0.96911,2,4,6,1,1,4,2,02,1,1,0,39,1,0,1,4,1,84,5,1,4,0,2,8,15,201700021045A01,,,,200041762
201700021050,2017-04-07,2017,avril,vendredi,17:40,17,17299,45.92564,-0.95998,2,2,3,1,1,4,2,02,1,2,0,80,1,5,1,4,1,79,5,1,4,0,2,0,0,201700021050A01,7,9,1,200041762
201700021053,2017-05-17,2017,mai,mercredi,08:45,17,17299,45.93709,-0.98285,2,6,3,1,1,4,1,01,1,3,0,75,1,0,1,4,2,53,3,3,4,0,2,1,9,201700021053A01,7,15,1,200041762
201700021054,2017-06-02,2017,juin,vendredi,15:40,17,17449,45.94436,-0.89324,2,1,3,1,1,4,2,02,2,1,0,50,1,0,1,3,1,19,5,2,2,0,2,2,19,201700021054B01,7,21,1,200041762
201700021058,2017-08-03,2017,août,jeudi,07:10,17,17299,45.94337,-0.96031,2,6,3,2,1,4,1,01,1,2,0,49,1,0,1,4,1,42,1,1,9,0,2,5,16,201700021058B01,7,16,1,200041762
201700021074,2017-01-04,2017,janvier,mercredi,12:13,17,17300,46.1591,-1.18278,2,2,6,1,1,4,2,02,1,1,0,58,1,0,1,4,1,6,5,2,2,0,2,1,1,201700021074B01,7,2,1,241700434
201700021086,2017-01-26,2017,janvier,jeudi,07:50,17,17300,46.1665,-1.15321,2,3,3,2,1,4,2,04,1,1,26,11,1,0,1,4,1,13,2,1,2,0,2,1,19,201700021086B01,7,15,1,241700434
201700021096,2017-02-02,2017,février,jeudi,07:55,17,17300,46.16174,-1.15284,2,3,3,5,2,4,1,02,1,1,0,61,2,0,5,4,1,54,1,3,9,0,2,8,2,201700021096B01,7,10,1,241700434
201700021106,2017-02-10,2017,février,vendredi,07:05,17,17300,46.16145,-1.13972,2,6,3,5,1,4,2,02,1,1,0,72,1,0,1,4,1,35,1,2,2,0,2,7,2,201700021106B01,7,9,1,241700434
201700021108,2017-02-13,2017,février,lundi,20:15,17,17300,46.14601,-1.15241,2,6,3,5,1,4,2,02,1,1,0,63,2,0,1,4,2,20,5,2,2,0,2,2,1,201700021108B01,7,9,1,241700434
201700021121,2017-03-06,2017,mars,lundi,15:15,17,17300,46.1388,-1.15455,2,6,3,1,6,4,1,02,2,3,0,71,1,0,5,4,2,22,2,1,9,0,2,4,1,201700021121B01,7,9,1,241700434
201700021124,2017-03-10,2017,mars,vendredi,14:15,17,17300,46.16483,-1.20419,2,1,3,1,1,4,2,02,1,1,0,53,1,0,1,4,1,29,5,2,9,0,2,1,9,201700021124B01,7,1,1,241700434
201700021128,2017-03-13,2017,mars,lundi,09:30,17,17300,46.1691,-1.1499,2,6,3,1,2,4,1,02,1,1,0,82,2,0,5,4,2,37,1,1,2,0,2,8,1,201700021128B01,7,16,1,241700434
201700021130,2017-03-14,2017,mars,mardi,18:16,17,17300,46.15945,-1.20001,2,3,3,1,1,4,2,02,1,1,0,96,1,0,1,3,2,69,5,2,9,0,2,1,1,201700021130B01,7,15,1,241700434
201700021142,2017-04-10,2017,avril,lundi,16:00,17,17300,46.16812,-1.1326,2,1,3,1,1,4,3,04,2,1,19,132,1,0,1,4,2,81,5,2,2,0,2,8,1,201700021142B01,7,20,1,241700434
201700021149,2017-04-21,2017,avril,vendredi,08:50,17,17300,46.14147,-1.13887,2,1,3,1,1,4,2,02,1,1,0,88,1,0,5,3,2,53,5,1,9,0,2,1,1,201700021149B01,7,16,1,241700434
201700021150,2017-04-22,2017,avril,samedi,11:40,17,17300,46.15485,-1.13581,2,2,3,1,1,4,2,04,1,1,0,117,1,0,1,4,1,20,1,1,2,0,2,1,1,201700021150A01,7,1,1,241700434
201700021151,2017-04-23,2017,avril,dimanche,19:50,17,17300,46.15887,-1.14645,2,2,3,1,1,4,1,02,1,1,,39,1,0,1,3,1,14,5,2,2,0,2,7,1,201700021151B01,7,1,1,241700434
201700021159,2017-05-04,2017,mai,jeudi,07:55,17,17300,46.15298,-1.14888,2,2,3,1,1,4,2,02,2,1,0,107,1,0,1,4,2,21,1,2,2,0,2,3,5,201700021159A01,7,1,1,241700434
201700021160,2017-05-05,2017,mai,vendredi,17:30,17,17300,46.17583,-1.17493,1,1,1,1,1,4,2,02,1,1,0,41,1,0,1,4,1,73,5,1,2,2,0,1,21,201700021160B01,30,21,1,241700434
201700021164,2017-05-09,2017,mai,mardi,17:55,17,17300,46.16265,-1.15397,2,1,3,1,1,6,-1,00,1,1,0,0,1,0,1,4,1,26,5,1,9,0,2,1,1,201700021164A01,7,1,1,241700434
201700021170,2017-05-22,2017,mai,lundi,17:44,17,17300,46.16331,-1.18205,2,2,3,1,1,4,2,02,2,1,0,56,1,0,1,4,1,15,2,1,2,0,2,8,0,201700021170B01,7,1,1,241700434
201700021171,2017-05-23,2017,mai,mardi,08:29,17,17300,46.16914,-1.1465,2,1,3,1,1,4,3,02,1,1,48,70,1,0,1,4,1,19,2,1,2,0,2,7,19,201700021171A01,7,1,1,241700434
201700021172,2017-05-24,2017,mai,mercredi,08:45,17,17300,46.15869,-1.15953,2,2,3,1,1,4,2,02,1,1,0,106,1,0,1,4,2,49,1,1,4,0,2,8,2,201700021172A01,7,15,1,241700434
201700021175,2017-05-27,2017,mai,samedi,08:34,17,17300,46.16222,-1.14223,2,3,3,1,1,4,2,02,1,1,0,78,1,0,1,3,1,81,5,2,2,0,2,1,1,201700021175B01,7,15,1,241700434
201700021176,2017-05-30,2017,mai,mardi,08:26,17,17300,46.15381,-1.18378,2,9,3,1,1,4,2,02,1,1,0,0,1,0,1,4,1,20,5,2,2,0,2,8,19,201700021176B01,13,1,1,241700434
201700021185,2017-06-14,2017,juin,mercredi,07:50,17,17300,46.16727,-1.19505,2,2,2,1,1,4,2,02,1,1,0,71,1,0,1,3,1,13,2,1,2,0,2,1,2,201700021185A01,7,2,1,241700434
201700021188,2017-06-17,2017,juin,samedi,10:05,17,17300,46.1612,-1.15305,2,3,3,1,1,4,1,01,1,1,0,33,1,0,1,3,1,60,5,1,2,0,2,7,1,201700021188B01,7,15,1,241700434
201700021189,2017-06-17,2017,juin,samedi,19:09,17,17300,46.14181,-1.13985,1,1,1,1,1,4,1,01,1,1,0,32,1,0,1,4,1,70,5,3,2,0,2,1,2,201700021189B01,7,2,1,241700434
201700021194,2017-06-28,2017,juin,mercredi,16:00,17,17300,46.16776,-1.18299,2,3,3,1,2,4,2,02,1,1,0,48,2,0,1,4,2,18,5,2,2,0,2,1,21,201700021194B01,7,16,1,241700434
201700021198,2017-07-07,2017,juillet,vendredi,12:55,17,17300,46.16038,-1.15568,2,3,3,1,1,4,2,01,1,-1,0,75,1,0,1,4,2,86,5,2,2,0,2,8,9,201700021198B01,31,1,1,241700434
201700021210,2017-07-23,2017,juillet,dimanche,11:50,17,17300,46.16722,-1.17773,2,2,3,1,1,4,2,02,1,3,0,66,1,0,1,3,2,53,5,3,9,6,2,8,2,201700021210B01,7,2,1,241700434
201700021211,2017-07-23,2017,juillet,dimanche,14:50,17,17300,46.15187,-1.14056,2,1,1,1,1,4,2,02,1,3,0,40,1,0,1,3,1,15,5,2,2,0,2,1,13,201700021211B01,7,19,1,241700434
201700021212,2017-07-24,2017,juillet,lundi,11:10,17,17300,46.14094,-1.15754,2,1,3,1,1,4,2,02,1,1,0,65,1,0,5,4,2,54,5,2,2,6,2,8,2,201700021212B01,10,2,1,241700434
201700021218,2017-08-10,2017,août,jeudi,09:10,17,17300,46.16341,-1.16942,2,1,3,1,1,4,1,01,1,1,0,39,1,0,1,4,1,19,2,2,2,0,2,1,21,201700021218B01,10,16,1,241700434
201700021221,2017-08-14,2017,août,lundi,13:10,17,17300,46.14998,-1.20608,2,1,3,1,1,4,2,02,1,1,0,70,1,0,1,4,1,87,5,2,2,0,2,8,2,201700021221B01,7,16,1,241700434
201700021226,2017-08-21,2017,août,lundi,08:45,17,17300,46.15939,-1.16364,2,1,3,1,7,4,2,02,1,1,0,74,1,0,5,4,1,20,1,2,2,0,2,1,1,201700021226B01,7,15,1,241700434
201700021227,2017-08-22,2017,août,mardi,08:30,17,17300,46.16224,-1.14225,2,3,3,1,1,4,2,02,1,1,0,84,1,0,1,4,1,41,1,2,2,0,2,1,0,201700021227B01,7,15,1,241700434
201700021228,2017-08-22,2017,août,mardi,14:00,17,17300,46.16169,-1.20276,2,6,3,1,1,4,2,02,1,1,0,80,1,0,1,4,1,46,4,2,2,0,2,8,2,201700021228B01,7,2,1,241700434
201700021229,2017-08-24,2017,août,jeudi,08:55,17,17300,46.16768,-1.14027,2,1,3,1,1,4,1,01,1,1,0,46,1,0,5,3,1,31,1,2,2,0,2,2,1,201700021229B01,7,20,1,241700434
201700021236,2017-09-04,2017,septembre,lundi,09:15,17,17291,46.17762,-1.11656,2,6,3,1,1,4,2,02,1,1,,25,1,0,1,4,1,34,5,1,2,0,2,7,1,201700021236B01,7,9,1,241700434
201700021248,2017-09-28,2017,septembre,jeudi,15:30,17,17300,46.1584,-1.1507,2,1,1,1,1,4,1,02,1,1,0,84,1,0,1,4,1,39,1,3,9,0,2,1,7,201700021248B01,7,8,1,241700434
201700021250,2017-09-29,2017,septembre,vendredi,08:50,17,17300,46.16617,-1.15103,2,1,4,1,1,4,1,01,1,1,0,50,1,0,1,4,1,21,2,2,2,0,2,4,13,201700021250A01,10 / 7,22 / 2,2,241700434
201700021253,2017-10-03,2017,octobre,mardi,07:55,17,17300,46.15691,1.11942,2,1,3,2,8,4,2,02,1,3,0,93,2,0,1,4,2,13,2,2,2,0,2,1,19,201700021253B01,7,1,1,241700434
201700021264,2017-10-12,2017,octobre,jeudi,13:15,17,17300,46.16253,-1.18223,2,4,3,1,1,4,2,02,3,1,0,71,1,0,1,4,1,58,1,1,2,0,2,6,1,201700021264B01,7,1,1,241700434
201700021266,2017-10-12,2017,octobre,jeudi,17:30,17,17300,46.14098,1.14129,2,3,3,1,1,3,2,02,1,1,0,42,1,0,1,4,1,18,5,2,2,0,2,1,2,201700021266B01,7,15,1,241700434
201700021267,2017-10-12,2017,octobre,jeudi,18:05,17,17200,46.18795,-1.16041,2,1,2,1,1,4,2,02,2,1,0,49,1,0,1,4,1,35,5,1,2,0,2,4,1,201700021267B01,7,2,1,241700434
201700021268,2017-10-14,2017,octobre,samedi,14:09,17,17300,46.13977,-1.1452,2,6,1,1,1,4,1,01,1,2,0,78,1,5,1,3,1,95,5,2,2,0,2,1,5,201700021268A01,7,1,1,241700434
201700021272,2017-10-17,2017,octobre,mardi,16:30,17,17300,46.16087,-1.1231,2,1,3,1,1,4,2,02,1,2,0,74,1,0,1,3,1,15,2,2,2,0,2,8,15,201700021272B01,7,15,1,241700434
201700021275,2017-10-19,2017,octobre,jeudi,15:05,17,17200,46.19021,-1.1466,2,6,2,1,1,3,1,02,1,1,0,89,1,0,1,3,1,55,1,3,9,0,2,1,2,201700021275A01,7,2,1,241700434
201700021285,2017-10-31,2017,octobre,mardi,14:44,17,17300,46.16004,-1.15346,2,1,6,1,1,4,1,01,2,1,0,48,1,0,5,4,1,20,1,3,9,0,1,1,1,201700021285A01,,,,241700434
201700021288,2017-11-03,2017,novembre,vendredi,08:10,17,17300,46.16245,-1.15922,2,1,6,1,1,4,2,02,1,1,0,120,1,0,5,4,2,37,0,1,2,0,2,8,1,201700021288A01,,,,241700434
201700021291,2017-11-09,2017,novembre,jeudi,07:50,17,17300,46.16367,-1.1712,2,3,3,1,1,4,2,02,1,1,0,82,1,0,1,4,1,16,2,3,9,0,2,1,1,201700021291B01,7,15,1,241700434
201700021294,2017-11-14,2017,novembre,mardi,17:10,17,17300,46.16277,-1.15236,2,3,3,1,1,4,1,01,1,1,0,58,1,0,5,3,2,58,1,2,9,0,2,2,1,201700021294B01,1,15,1,241700434
201700021294,2017-11-14,2017,novembre,mardi,17:10,17,17300,46.16277,-1.15236,2,3,3,1,1,4,1,01,1,1,0,58,1,0,5,4,1,14,2,3,9,0,2,2,15,201700021294A01,1,1,1,241700434
201700021295,2017-11-15,2017,novembre,mercredi,14:55,17,17300,46.16551,-1.18891,2,3,3,1,1,4,2,02,1,1,0,60,1,0,1,4,2,45,5,1,4,0,2,0,15,201700021295B01,7,17,1,241700434
201700021297,2017-11-18,2017,novembre,samedi,13:00,17,17300,46.16449,-1.1818,2,6,3,1,1,4,3,02,1,1,0,29,1,5,1,3,1,20,5,1,9,0,2,7,1,201700021297B01,7,1,1,241700434
201700021304,2017-11-28,2017,novembre,mardi,08:22,17,17300,46.16003,-1.14784,2,1,1,1,3,6,-1,00,1,1,0,0,2,0,1,3,1,19,0,2,2,0,2,7,5,201700021304B01,7,1,1,241700434
201700021310,2017-12-12,2017,décembre,mardi,10:17,17,17300,46.16734,-1.14016,2,6,3,1,1,4,1,01,1,1,0,18,1,0,5,3,1,69,5,3,9,0,2,1,19,201700021310B01,7,16,1,241700434