Num_Acc,date,an,mois,jour,hrmn,dep,com,lat,long,agg,int,col,lum,atm,catr,circ,nbv,prof,plan,lartpc,larrout,surf,infra,situ,grav,sexe,age,trajet,secuexist,equipement,obs,obsm,choc,manv,vehiculeid,typevehicules,manoeuvehicules,numVehicules,_infos_commune.code_epci
201700021312,2017-12-15,2017,décembre,vendredi,18:47,17,17200,46.18421,-1.14245,2,3,3,5,1,4,2,02,1,1,0,63,1,0,1,3,1,77,5,2,2,2,2,1,2,201700021312B01,7,15,1,241700434
201700021317,2017-12-18,2017,décembre,lundi,18:50,17,17300,46.16907,-1.14967,2,6,3,5,1,4,1,02,2,2,0,98,1,0,1,4,2,24,1,2,2,0,2,4,19,201700021317B01,7,9,1,241700434
201700021319,2017-12-19,2017,décembre,mardi,08:30,17,17300,46.14045,-1.1655,2,1,2,1,1,4,2,02,1,1,0,38,1,0,1,3,1,44,2,2,2,0,2,6,14,201700021319B01,7,17,1,241700434
201700021319,2017-12-19,2017,décembre,mardi,08:30,17,17300,46.14045,-1.1655,2,1,2,1,1,4,2,02,1,1,0,38,1,0,1,1,1,9,2,1,2,0,2,6,14,201700021319B01,7,17,1,241700434
201700021327,2017-11-14,2017,novembre,mardi,10:31,17,17306,45.62775,-1.02817,2,1,3,1,1,4,2,02,1,1,0,138,1,0,1,4,2,65,5,2,2,0,2,1,1,201700021327B01,7,15,1,241700640
201700021331,2017-11-19,2017,novembre,dimanche,10:59,17,17306,45.62505,-1.00423,2,3,3,1,1,4,2,02,1,1,0,84,1,0,1,3,2,55,9,1,2,0,2,1,1,201700021331B01,7,0,1,241700640
201700021344,2017-02-17,2017,février,vendredi,18:00,17,17333,45.61282,-0.991,2,2,3,1,1,4,2,02,1,1,0,75,1,0,1,3,1,86,5,1,9,0,2,1,0,201700021344B01,7,9,1,241700640
201700021371,2017-06-01,2017,juin,jeudi,08:25,17,17380,45.64733,-1.10993,2,1,3,1,1,4,2,02,1,1,0,81,1,0,1,4,2,61,0,1,2,0,2,7,1,201700021371B01,7,9,1,241700640
201700021372,2017-06-02,2017,juin,vendredi,15:30,17,17380,45.66176,-1.0722,2,1,3,1,1,4,2,02,1,1,0,49,1,0,1,4,1,52,0,1,2,0,2,8,1,201700021372B01,7,9,1,241700640
201700021387,2017-08-04,2017,août,vendredi,00:01,17,17380,45.64352,-1.08963,2,1,1,5,1,4,2,02,1,1,0,50,1,0,1,4,1,23,5,1,2,0,2,2,1,201700021387B01,7,15,1,241700640
201700021390,2017-08-06,2017,août,dimanche,13:30,17,17461,45.63368,-1.06599,2,1,2,1,1,4,2,02,1,1,0,60,1,0,1,4,1,38,9,1,2,0,2,1,2,201700021390A01,7,2,1,241700640
201700021392,2017-08-08,2017,août,mardi,16:15,17,17306,45.62037,-1.03517,2,1,3,1,1,4,2,02,1,1,0,103,1,0,1,4,2,42,9,1,2,0,2,1,2,201700021392B01,7,16,1,241700640
201700021395,2017-08-11,2017,août,vendredi,17:46,17,17306,45.62058,-1.01859,2,1,3,1,1,4,2,02,1,1,0,70,1,0,1,4,1,12,5,2,9,0,2,1,15,201700021395B01,30,18,1,241700640
201700021397,2017-08-12,2017,août,samedi,14:36,17,17306,45.61957,-1.03309,2,1,3,1,1,4,2,02,1,1,0,87,1,0,1,3,2,19,1,2,2,0,2,1,19,201700021397B01,7,1,1,241700640
201700021414,2017-10-07,2017,octobre,samedi,16:30,17,17333,45.60245,-0.99737,2,1,3,1,1,4,1,01,1,1,0,29,1,0,1,3,2,63,5,3,9,1,0,1,1,201700021414B01,7,22,1,241700640
201700021455,2017-01-04,2017,janvier,mercredi,13:15,17,17415,45.74313,-0.64001,2,2,1,1,1,4,2,02,2,1,0,120,1,5,1,4,1,17,5,1,2,0,2,8,1,201700021455B01,7,15,1,200036473
201700021474,2017-05-29,2017,mai,lundi,16:50,17,17415,45.75302,-0.631,2,6,3,1,1,4,2,02,1,1,0,60,1,5,1,4,1,11,5,1,2,0,2,4,1,201700021474B01,7,15,1,200036473
201700021475,2017-06-01,2017,juin,jeudi,16:17,17,17415,45.74067,-0.62671,2,6,2,1,1,4,2,02,1,2,0,60,1,5,1,1,1,16,5,1,2,0,2,4,15,201700021475B01,31,2,1,200036473
201700021476,2017-06-09,2017,juin,vendredi,18:45,17,17415,45.73611,-0.61933,2,3,1,1,1,4,2,02,1,1,0,55,1,5,1,4,1,11,5,1,2,0,2,2,16,201700021476B01,7,15,1,200036473
201700021484,2017-08-09,2017,août,mercredi,08:30,17,17415,45.74643,-0.62024,2,6,6,1,3,4,1,01,1,2,0,45,2,5,1,4,2,18,5,2,9,16,0,1,15,201700021484A01,,,,200036473
201700021494,2017-09-27,2017,septembre,mercredi,09:00,17,17415,45.74387,-0.64528,2,1,2,1,1,4,2,02,1,2,0,70,1,0,1,4,2,30,5,1,2,1,0,1,17,201700021494B01,7,24,1,200036473
201700021504,2017-12-01,2017,décembre,vendredi,13:15,17,17415,45.75301,-0.6459,2,1,7,1,1,4,2,02,1,1,0,55,1,0,1,4,1,16,5,1,4,0,0,7,1,201700021504A01,,,,200036473
201700021506,2017-12-01,2017,décembre,vendredi,18:40,17,17415,45.74533,-0.62722,2,1,6,2,1,4,2,02,1,1,0,60,1,0,1,4,1,17,5,1,2,0,0,1,1,201700021506A01,,,,200036473
201700021507,2017-12-02,2017,décembre,samedi,08:20,17,17415,45.72659,-0.66752,1,1,7,2,1,4,2,02,1,1,0,60,1,0,1,4,2,44,5,1,4,0,0,1,0,201700021507A01,,,,200036473
201700021508,2017-12-02,2017,décembre,samedi,18:24,17,17415,45.74639,-0.61876,2,1,7,2,2,4,2,02,1,1,0,60,1,0,1,4,1,90,5,1,2,0,0,1,1,201700021508A01,,,,200036473
201700021510,2017-12-08,2017,décembre,vendredi,14:46,17,17415,45.75325,-0.63617,2,1,7,1,1,4,2,02,1,1,0,40,1,0,1,4,1,56,5,1,4,0,0,7,1,201700021510A01,,,,200036473
201700021513,2017-12-17,2017,décembre,dimanche,17:35,17,17415,45.74186,-0.63703,2,1,3,2,1,4,2,02,1,1,0,60,1,0,1,4,1,16,5,1,4,0,2,8,9,201700021513B01,7,2,1,200036473
201700021515,2017-12-20,2017,décembre,mercredi,09:02,17,17415,45.74681,-0.62699,2,1,6,1,1,4,2,02,1,1,0,50,1,0,1,4,1,14,5,1,2,1,0,1,22,201700021515B01,7,22,1,200036473
201700021550,2017-03-08,2017,mars,mercredi,14:55,30,30292,44.10206,4.55651,2,3,3,1,1,3,2,02,2,-1,5,10,1,,,3,1,12,5,2,2,0,2,1,1,201700021550B01,7,1,1,200034692
201700021559,2017-08-07,2017,août,lundi,10:20,30,30207,44.04588,4.57604,1,1,2,1,1,3,2,02,1,1,72,72,1,0,1,3,1,55,5,1,2,0,2,8,1,201700021559B01,13,14,1,243000684
201700021573,2017-10-26,2017,octobre,jeudi,06:40,41,41238,47.88313,0.80042,2,1,3,3,5,3,2,02,4,1,6,25,2,5,1,3,1,42,1,1,4,0,2,1,15,201700021573B01,7,1,1,200072072
201700021580,2017-06-16,2017,juin,vendredi,21:15,77,77247,48.76023,3.35031,2,1,2,1,1,3,2,02,2,2,0,0,1,0,1,3,1,33,5,2,2,0,0,4,2,201700021580B01,7,2,1,200072544
201700021593,2017-05-15,2017,mai,lundi,14:00,62,62697,50.26197,3.0222,1,3,3,1,1,3,2,02,1,-1,600,10,1,,,2,1,69,5,1,2,0,2,1,1,201700021593B01,10,19,1,200044048
201700021617,2017-01-05,2017,janvier,jeudi,21:30,62,62770,50.621,2.51919,2,1,2,5,9,3,2,02,1,1,0,0,2,0,1,3,1,46,5,2,9,0,0,0,1,201700021617B01,7,1,1,200072460
201700021621,2017-06-14,2017,juin,mercredi,12:11,62,62473,50.61493,2.47599,2,2,3,1,1,3,2,02,,,,,,5,1,3,1,9,2,1,2,0,2,8,18,201700021621B01,15,15,1,200072460
201700021631,2017-05-04,2017,mai,jeudi,17:00,62,62196,50.47752,1.71995,2,2,1,1,1,3,2,02,,,,,,0,1,3,1,77,5,1,2,0,2,1,1,201700021631B01,7,1,1,200069029
201700021655,2017-03-28,2017,mars,mardi,18:00,62,62045,50.35063,2.58446,2,1,3,1,1,3,2,02,1,3,0,48,1,0,1,3,2,65,5,2,2,0,2,0,2,201700021655B01,7,2,1,200069482
201700021706,2017-10-22,2017,octobre,dimanche,09:00,83,83054,43.15786,6.06587,1,1,3,1,1,3,2,02,1,-1,5,10,5,,,3,1,51,5,1,2,0,2,1,1,201700021706B01,7,15,1,248300410
201700021707,2017-11-06,2017,novembre,lundi,05:55,83,83130,43.18774,6.03796,2,1,1,3,3,4,2,02,2,1,0,63,2,0,1,3,1,51,1,1,2,0,2,1,1,201700021707A01,99,1,1,248300410
201700021721,2017-10-23,2017,octobre,lundi,16:45,87,87001,45.7968,1.14219,2,9,3,1,1,2,2,02,4,-1,0,12,1,0,0,3,1,61,5,1,2,0,2,1,17,201700021721A01,7,15,1,248719288
201700021776,2017-09-04,2017,septembre,lundi,16:40,22,22175,48.47137,-2.34134,1,1,7,1,1,6,-1,00,2,1,0,0,1,0,0,2,1,77,5,1,2,0,0,0,0,201700021776A01,,,,200069391
201700021806,2017-02-01,2017,février,mercredi,16:40,30,30221,44.03558,4.73065,1,1,2,1,1,3,2,02,1,3,0,80,1,0,1,3,2,64,0,1,2,0,2,4,1,201700021806B01,10,1,1,248400251
201700021856,2017-05-23,2017,mai,mardi,17:45,18,18033,47.10553,2.42387,1,1,3,1,1,4,2,02,1,1,0,60,1,0,1,3,1,58,5,1,2,0,2,8,1,201700021856B01,10,17,1,241800507
201700021877,2017-10-11,2017,octobre,mercredi,18:04,18,18033,0,0,1,1,2,1,7,3,2,01,2,1,0,0,1,0,1,3,1,49,5,3,9,0,9,1,19,201700021877B01,7,19,1,241800507
201700022013,2017-06-16,2017,juin,vendredi,13:10,85,85109,46.86775,-1.02477,2,4,3,1,1,4,2,02,1,-1,,,1,,,3,1,54,1,2,9,0,2,4,15,201700022013B01,7,1,1,248500621
201700022069,2017-06-11,2017,juin,dimanche,10:27,44,44001,47.55557,-1.48695,1,1,5,1,1,3,2,02,1,1,0,63,1,0,1,3,1,48,5,1,2,0,0,0,2,201700022069C01,1,2,2,244400537
201700022069,2017-06-11,2017,juin,dimanche,10:27,44,44001,47.55557,-1.48695,1,1,5,1,1,3,2,02,1,1,0,63,1,0,1,4,1,71,5,1,2,0,0,0,2,201700022069B01,1,2,2,244400537
201700022069,2017-06-11,2017,juin,dimanche,10:27,44,44001,47.55557,-1.48695,1,1,5,1,1,3,2,02,1,1,0,63,1,0,1,1,1,57,5,1,2,0,2,0,2,201700022069A01,1,2,2,244400537
201700022081,2017-05-21,2017,mai,dimanche,12:25,72,72299,47.86125,0.31273,1,1,6,1,1,3,2,02,1,1,0,0,1,0,3,3,1,50,5,1,2,0,0,3,2,201700022081B01,7,17,1,247200421
201700022113,2017-06-29,2017,juin,jeudi,09:30,83,83019,43.14621,6.31716,1,1,1,1,1,3,2,02,2,2,0,50,1,0,1,3,1,68,5,1,2,0,2,1,1,201700022113A01,10,1,1,200027100
201700022126,2017-12-30,2017,décembre,samedi,11:30,83,83019,43.1871,6.33074,1,1,3,1,1,3,2,02,2,4,0,46,1,0,0,3,2,58,5,1,2,0,2,3,1,201700022126B01,7,1,1,200027100
201700022141,2017-10-18,2017,octobre,mercredi,17:26,60,60479,49.19849,2.84695,1,1,2,1,1,3,2,02,1,1,0,0,1,0,1,3,1,47,1,2,2,0,2,4,2,201700022141B01,7,2,1,246000871
201700022163,2017-02-23,2017,février,jeudi,15:10,19,19031,45.14353,1.49098,2,1,6,1,1,3,2,02,1,1,0,0,1,0,1,2,1,62,5,1,2,0,2,9,1,201700022163B01,14,1,1,200043172
201700022165,2017-02-28,2017,février,mardi,19:35,19,19031,45.1535,1.50899,2,6,3,5,8,4,2,02,1,1,0,0,1,5,1,4,1,37,0,3,2,0,2,1,1,201700022165B01,7,1,1,200043172
201700022199,2017-06-02,2017,juin,vendredi,09:40,19,19031,45.16348,1.53233,2,1,6,1,1,4,2,02,1,1,0,0,1,0,1,4,2,35,0,3,2,0,2,1,1,201700022199B01,7,22,1,200043172
201700022210,2017-07-18,2017,juillet,mardi,16:45,19,19031,45.14986,1.49792,2,1,3,1,1,4,2,02,1,1,0,0,1,0,1,4,1,45,3,2,2,0,2,1,9,201700022210B01,2,17,1,200043172
201700022224,2017-09-03,2017,septembre,dimanche,15:15,19,19031,45.15557,1.48029,2,6,2,1,1,4,2,02,1,1,0,0,1,0,1,4,1,42,5,3,2,0,2,4,1,201700022224B01,7,2,1,200043172
201700022232,2017-10-02,2017,octobre,lundi,08:00,19,19031,45.14309,1.48323,2,6,3,1,2,3,2,02,1,1,0,0,2,0,1,4,1,30,1,3,2,0,2,1,1,201700022232B01,7,1,1,200043172
201700022239,2017-10-16,2017,octobre,lundi,12:30,19,19031,45.15779,1.54923,2,1,3,1,1,4,2,02,1,1,0,0,1,0,1,4,1,51,0,3,2,0,2,1,9,201700022239A01,7,1,1,200043172
201700022241,2017-10-18,2017,octobre,mercredi,14:30,19,19031,45.15607,1.54782,2,1,3,1,1,4,1,01,1,1,0,0,1,0,1,4,1,14,5,2,2,0,2,1,5,201700022241A01,7,1,1,200043172
201700022263,2017-12-20,2017,décembre,mercredi,16:40,19,19031,45.15941,1.49734,2,2,6,1,1,3,2,02,1,1,0,0,1,0,1,4,1,70,5,1,2,0,2,1,1,201700022263B01,7,15,1,200043172
201700022303,2017-04-04,2017,avril,mardi,18:28,21,21054,47.03189,4.83438,2,1,3,1,1,4,2,02,1,1,0,89,1,0,1,3,2,62,5,2,9,0,2,8,13,201700022303B01,7,17,1,200006682
201700022305,2017-06-02,2017,juin,vendredi,17:15,21,21054,47.00585,4.84996,1,6,3,1,1,3,1,01,1,2,0,0,1,5,1,3,2,82,3,2,2,0,2,2,1,201700022305B01,7,9,1,200006682
201700022313,2017-09-29,2017,septembre,vendredi,11:25,21,21054,47.02628,4.84643,2,7,3,1,7,4,1,01,1,2,0,0,1,0,1,3,2,73,0,1,4,0,2,4,2,201700022313B01,7,2,1,200006682
201700022320,2017-07-12,2017,juillet,mercredi,09:45,74,74263,46.33338,6.3875,2,1,3,1,1,3,2,02,1,1,0,0,1,0,1,3,2,60,5,1,2,0,2,3,2,201700022320B01,15,2,1,200067551
201700022325,2017-01-11,2017,janvier,mercredi,18:18,21,21231,47.32881,5.0676,2,1,6,5,2,4,2,02,1,1,0,70,2,0,1,3,1,59,0,1,2,0,0,1,1,201700022325B01,7,0,1,242100410
201700022326,2017-01-17,2017,janvier,mardi,16:59,21,21355,47.28458,5.06288,2,1,1,1,1,4,3,02,1,1,0,0,1,0,1,3,2,58,0,1,2,0,2,0,0,201700022326B01,37,0,1,242100410
201700022329,2017-03-08,2017,mars,mercredi,17:25,21,21231,47.30047,5.06011,2,3,3,1,2,4,2,04,1,1,0,150,2,0,1,4,1,60,0,1,2,0,0,0,0,201700022329B01,7,15,1,242100410
201700022330,2017-03-16,2017,mars,jeudi,20:21,21,21231,47.31508,5.02972,2,3,3,5,1,4,1,01,1,1,0,0,1,0,1,4,1,21,0,1,9,0,2,1,1,201700022330B01,7,15,1,242100410
201700022354,2017-11-27,2017,novembre,lundi,15:37,21,21231,47.30839,5.01841,2,1,3,1,3,4,2,02,1,1,0,50,2,0,1,4,1,10,2,2,2,0,2,1,19,201700022354A01,7,1,1,242100410
201700022367,2017-03-13,2017,mars,lundi,09:10,22,22113,48.75177,-3.45254,1,6,3,1,1,4,2,02,1,2,0,0,1,5,1,4,1,37,1,1,2,0,2,1,1,201700022367B01,7,9,1,200065928
201700022374,2017-05-11,2017,mai,jeudi,09:30,22,22113,48.72797,-3.4576,2,6,3,1,1,3,1,00,-1,-1,0,0,1,5,1,4,1,42,1,1,2,0,2,7,2,201700022374B01,7,9,1,200065928
201700022384,2017-09-16,2017,septembre,samedi,11:00,22,22113,48.75133,-3.48503,1,1,2,1,8,4,2,02,1,1,0,0,2,0,1,3,1,77,5,1,2,0,9,8,2,201700022384B01,7,17,1,200065928
201700022413,2017-02-06,2017,février,lundi,19:25,22,22215,48.49537,-2.7757,2,1,6,2,2,3,2,02,1,1,0,50,2,0,1,4,2,37,0,2,2,1,0,1,0,201700022413B01,10,22,1,200069409
201700022425,2017-04-03,2017,avril,lundi,16:20,22,22360,48.48623,-2.75056,2,6,3,1,1,3,2,02,1,1,0,50,1,5,0,3,1,49,0,2,2,0,2,7,1,201700022425B01,7,9,1,200069409
201700022437,2017-05-25,2017,mai,jeudi,10:05,22,22187,48.52521,-2.74873,2,3,7,1,1,4,2,02,2,2,0,0,1,0,1,3,2,17,0,1,2,6,0,1,1,201700022437A01,,,,200069409
201700022440,2017-06-04,2017,juin,dimanche,23:23,22,22278,48.5103,-2.78331,1,6,3,5,1,3,4,01,1,2,0,50,1,5,1,4,1,36,0,2,2,0,2,5,0,201700022440B01,7,1,1,200069409
201700022442,2017-06-14,2017,juin,mercredi,16:55,22,22278,48.5016,-2.75898,2,3,3,1,1,4,2,02,2,1,0,50,1,5,1,4,2,52,0,2,2,0,2,1,1,201700022442B01,7,15,1,200069409
201700022454,2017-07-04,2017,juillet,mardi,19:08,22,22106,48.49576,-2.71584,2,1,6,1,1,4,2,02,1,1,0,50,1,0,1,4,1,59,5,2,2,0,2,1,14,201700022454A01,10,1,1,200069409
201700022462,2017-08-03,2017,août,jeudi,16:15,22,22278,48.50128,-2.73432,1,9,6,1,1,3,2,02,4,1,0,40,1,5,1,3,1,48,1,1,2,0,2,1,1,201700022462B01,10,16,1,200069409
201700022464,2017-08-07,2017,août,lundi,15:25,22,22215,48.49153,-2.80445,2,3,2,1,1,3,2,02,1,1,0,0,1,5,1,4,1,44,5,2,2,0,2,4,1,201700022464B01,7,1,1,200069409
201700022474,2017-08-20,2017,août,dimanche,05:30,22,22278,48.51011,-2.74636,2,1,2,5,1,4,2,02,1,1,0,50,1,0,1,4,1,27,0,1,2,0,2,4,1,201700022474B01,7,2,1,200069409
201700022479,2017-09-27,2017,septembre,mercredi,17:30,22,22278,48.50781,-2.76309,2,1,2,1,1,4,2,02,1,1,0,0,1,0,1,4,1,63,0,3,2,0,2,4,9,201700022479B01,7,1,1,200069409
201700022480,2017-10-11,2017,octobre,mercredi,12:15,22,22360,48.48831,-2.74012,2,6,3,1,1,4,4,01,1,2,0,75,1,5,1,3,1,60,3,2,2,0,2,7,0,201700022480B01,7,0,1,200069409
201700022497,2017-11-21,2017,novembre,mardi,18:30,22,22278,48.50904,-2.77362,2,1,6,5,1,4,2,02,1,1,0,35,1,0,5,1,2,17,2,2,2,0,1,1,1,201700022497A01,,,,200069409
201700022497,2017-11-21,2017,novembre,mardi,18:30,22,22278,48.50904,-2.77362,2,1,6,5,1,4,2,02,1,1,0,35,1,0,5,1,2,18,2,2,2,0,1,1,1,201700022497A01,,,,200069409
201700022500,2017-11-28,2017,novembre,mardi,18:30,22,22360,48.48424,-2.75679,2,1,6,3,1,4,2,01,1,1,0,0,1,0,1,1,1,17,0,3,4,0,1,1,1,201700022500A01,,,,200069409
201700022500,2017-11-28,2017,novembre,mardi,18:30,22,22360,48.48424,-2.75679,2,1,6,3,1,4,2,01,1,1,0,0,1,0,1,3,2,24,1,3,8,0,1,1,1,201700022500A01,,,,200069409
201700022506,2017-05-23,2017,mai,mardi,13:40,23,23096,46.17234,1.86762,2,2,3,1,1,4,2,02,2,1,0,69,1,5,1,4,1,21,5,2,2,0,2,0,0,201700022506A01,7,1,1,200034825
201700022519,2017-05-09,2017,mai,mardi,18:40,24,24037,44.82646,0.49384,1,1,2,1,1,3,2,02,1,1,0,76,1,0,1,3,1,57,1,2,9,0,2,4,1,201700022519B01,7,1,1,200070647
201700022527,2017-03-27,2017,mars,lundi,17:15,24,24322,45.19972,0.67498,2,6,1,1,2,3,2,00,1,3,0,61,2,0,1,3,1,68,5,1,2,0,2,1,1,201700022527B01,7,16,1,200040392
201700022538,2017-07-24,2017,juillet,lundi,15:50,24,24322,45.18104,0.7152,2,3,6,1,1,4,,,,,,,,,,3,1,50,9,2,9,0,2,3,5,201700022538A01,7,13,1,200040392
201700022551,2017-02-26,2017,février,dimanche,20:38,25,25056,47.21718,5.96233,2,3,3,5,1,4,2,02,1,1,0,0,1,0,1,4,1,19,0,3,4,0,2,1,15,201700022551A01,7,1,1,242500361
201700022561,2017-03-21,2017,mars,mardi,12:25,25,25056,47.22861,5.98706,2,1,1,1,1,4,2,02,1,1,0,0,-1,0,1,3,1,41,0,1,9,0,2,1,1,201700022561B01,7,16,1,242500361
201700022583,2017-07-05,2017,juillet,mercredi,08:11,25,25056,47.22787,5.98394,2,9,6,1,1,4,2,02,1,1,0,0,1,0,1,4,2,50,9,3,2,0,0,0,1,201700022583B01,10,15,1,242500361
201700022602,2017-09-29,2017,septembre,vendredi,22:47,25,25056,47.24745,6.0066,2,1,2,5,1,4,2,02,1,1,0,0,1,0,1,4,2,19,9,3,2,0,2,4,1,201700022602B01,7,2,1,242500361
201700022608,2017-10-13,2017,octobre,vendredi,13:49,25,25056,47.2387,6.03404,2,6,6,1,1,4,2,02,1,-1,0,0,1,0,1,4,1,51,9,3,2,0,2,0,1,201700022608B01,7,16,1,242500361
201700022611,2017-10-21,2017,octobre,samedi,02:15,25,25056,47.24267,6.02105,2,3,3,5,1,4,,,,,,,,,,4,1,33,9,2,2,0,2,1,0,201700022611B01,7,1,1,242500361
201700022616,2017-11-05,2017,novembre,dimanche,11:00,25,25056,47.2259,5.98405,2,1,6,1,1,4,2,02,-1,1,0,0,1,0,1,3,1,91,0,3,2,0,2,4,0,201700022616A01,7,0,1,242500361
201700022618,2017-11-13,2017,novembre,lundi,16:47,25,25056,47.24261,6.03366,2,1,6,1,2,4,-1,02,1,1,0,0,2,0,1,4,1,10,0,1,4,0,2,8,19,201700022618B01,7,1,1,242500361
201700022635,2017-03-18,2017,mars,samedi,12:00,70,70285,47.57577,6.75948,2,1,3,1,1,3,1,01,1,2,0,39,1,0,1,4,1,15,5,1,9,1,0,0,0,201700022635B01,10,24,1,247000722
201700022655,2017-12-13,2017,décembre,mercredi,09:45,25,25580,47.46604,6.83301,2,1,6,1,1,4,-1,00,1,-1,0,0,1,0,4,2,2,87,5,3,9,0,2,1,0,201700022655B01,10,20,1,200065647
201700022675,2017-06-16,2017,juin,vendredi,07:55,25,25462,46.89418,6.36452,2,1,3,1,1,2,2,02,1,1,20,100,1,0,1,3,1,49,5,1,2,0,2,1,2,201700022675B01,7,0,1,242500338
201700022688,2017-09-21,2017,septembre,jeudi,18:53,25,25462,46.89864,6.34905,2,3,1,1,1,4,2,01,1,1,0,70,1,5,1,3,1,58,5,3,9,0,2,1,15,201700022688B01,7,15,1,242500338
201700022715,2017-05-23,2017,mai,mardi,18:30,26,26094,45.17482,4.92357,1,1,2,1,1,3,2,02,3,1,50,0,1,1,1,3,1,33,5,2,2,0,0,4,1,201700022715B01,10,17,1,200040491
201700022728,2017-07-20,2017,juillet,jeudi,16:00,84,84062,43.89027,5.11698,2,1,2,1,1,3,2,02,2,1,0,35,1,0,1,3,1,59,5,1,2,1,0,1,1,201700022728B01,7,22,1,200040442
201700022737,2017-08-09,2017,août,mercredi,10:15,59,59083,50.91888,2.41022,1,1,3,1,1,3,2,02,1,1,0,0,1,0,1,3,1,79,5,1,2,0,2,8,1,201700022737B01,21,17,1,200040954
201700022745,2017-04-14,2017,avril,vendredi,18:30,79,79106,45.99325,-0.08594,2,2,3,1,1,3,2,02,1,1,,,1,0,0,3,2,13,5,1,2,0,2,1,19,201700022745A01,7,1,1,200069755
201700022770,2017-08-21,2017,août,lundi,10:45,59,59056,50.60464,2.9169,2,1,3,1,1,3,-1,02,1,1,0,0,1,0,1,3,2,47,5,1,2,0,2,1,13,201700022770B01,7,17,1,200093201
201700022779,2017-03-29,2017,mars,mercredi,17:45,01,01033,46.10551,5.82006,2,3,3,1,9,4,,,,,,,,,,4,1,49,5,1,2,0,2,1,1,201700022779B01,2,1,1,240100891
201700022781,2017-06-23,2017,juin,vendredi,19:45,01,01091,46.2107,5.70267,2,4,1,1,1,4,,,,,,,,,,4,1,5,5,2,2,0,2,7,1,201700022781B01,7,15,1,
201700022791,2017-03-15,2017,mars,mercredi,10:45,83,83049,43.23573,6.07121,2,1,2,1,1,3,2,02,1,-1,7,410,1,,,4,2,52,5,2,2,0,0,4,1,201700022791B01,7,0,1,200027100
201700022827,2017-07-27,2017,juillet,jeudi,21:00,26,26198,44.56745,4.75536,2,6,3,1,1,3,2,02,1,1,0,88,1,0,1,4,1,40,5,3,9,0,2,1,1,201700022827B01,7,19,1,200040459
201700022828,2017-09-04,2017,septembre,lundi,19:25,26,26198,44.5833,4.7525,1,1,6,1,1,2,2,02,1,1,0,0,1,0,1,4,1,64,5,3,2,0,0,8,2,201700022828B01,15,17,1,200040459
201700022844,2017-01-30,2017,janvier,lundi,07:35,26,26281,45.04266,5.04717,2,3,3,1,1,4,1,01,2,1,0,0,1,0,1,3,1,59,0,3,9,0,2,1,0,201700022844B01,7,0,1,200068781
201700022845,2017-02-04,2017,février,samedi,09:39,26,26281,45.05328,5.04839,2,1,1,1,1,4,2,02,1,1,0,60,2,0,1,4,1,79,3,2,2,0,2,8,15,201700022845B01,7,17,1,200068781
201700022857,2017-03-29,2017,mars,mercredi,17:00,26,26281,45.06177,5.01673,1,6,3,1,1,4,1,01,1,1,0,0,1,0,1,4,1,27,0,1,2,0,2,1,1,201700022857B01,7,9,1,200068781
201700022860,2017-04-12,2017,avril,mercredi,14:00,26,26281,45.04103,5.02725,2,1,3,1,1,4,2,01,-1,-1,0,0,-1,0,1,4,2,11,5,1,9,0,0,0,0,201700022860B01,7,1,1,200068781
201700022862,2017-05-06,2017,mai,samedi,13:45,26,26057,0,0,2,1,6,1,1,3,2,01,1,1,0,0,2,0,1,1,1,57,5,1,2,0,2,3,0,201700022862A01,30,1,1,200068781
201700022869,2017-05-26,2017,mai,vendredi,09:29,26,26281,45.0487,5.0489,2,6,3,1,1,4,1,01,1,1,0,0,1,0,1,4,1,67,0,2,2,0,2,7,9,201700022869B01,7,1,1,200068781
201700022872,2017-06-12,2017,juin,lundi,09:00,26,26281,45.05982,4.99706,2,2,3,1,1,3,2,02,1,1,0,0,1,0,1,4,1,52,0,3,9,0,2,1,0,201700022872B01,7,0,1,200068781
201700022873,2017-06-17,2017,juin,samedi,17:50,26,26281,45.04757,5.05483,2,2,3,1,1,4,2,02,1,1,0,120,1,5,1,4,1,77,0,3,2,0,2,1,9,201700022873B01,7,1,1,200068781
201700022898,2017-10-10,2017,octobre,mardi,12:06,26,26281,45.04465,5.07136,2,1,3,1,2,4,2,02,1,1,0,0,1,0,1,3,2,59,0,3,9,0,2,1,0,201700022898B01,7,0,1,200068781
201700022902,2017-10-26,2017,octobre,jeudi,23:20,26,26281,45.04397,5.05009,2,2,3,5,1,4,1,01,1,1,0,0,1,0,1,4,1,20,0,3,9,0,2,1,19,201700022902A01,7,2,1,200068781
201700022905,2017-11-16,2017,novembre,jeudi,14:50,26,26281,45.0572,5.06451,2,1,6,1,1,4,-1,00,1,3,0,0,1,0,4,1,2,52,0,2,9,0,1,1,16,201700022905A01,,,,200068781
201700022911,2017-11-27,2017,novembre,lundi,17:00,26,26057,45.03819,5.05546,2,1,3,1,1,3,3,04,1,1,0,0,1,0,4,4,1,23,0,2,2,0,2,8,19,201700022911B01,7,1,1,200068781