Num_Acc,date,an,mois,jour,hrmn,dep,com,lat,long,agg,int,col,lum,atm,catr,circ,nbv,prof,plan,lartpc,larrout,surf,infra,situ,grav,sexe,age,trajet,secuexist,equipement,obs,obsm,choc,manv,vehiculeid,typevehicules,manoeuvehicules,numVehicules,_infos_commune.code_epci
201700022911,2017-11-27,2017,novembre,lundi,17:00,26,26057,45.03819,5.05546,2,1,3,1,1,3,3,04,1,1,0,0,1,0,4,4,1,2017,0,2,2,0,2,8,19,201700022911B01,7,1,1,200068781
201700022933,2017-04-07,2017,avril,vendredi,16:30,26,26362,44.93256,4.89859,2,6,3,1,1,4,2,02,1,2,0,0,1,0,1,3,2,71,0,3,2,0,2,1,1,201700022933B01,7,9,1,200068781
201700022938,2017-05-19,2017,mai,vendredi,13:40,26,26058,44.93892,4.89609,2,2,3,1,1,4,2,02,1,1,0,0,-1,0,1,4,2,21,0,2,2,0,2,1,1,201700022938A01,7,16,1,200068781
201700022959,2017-11-15,2017,novembre,mercredi,08:45,26,26362,0,0,1,6,3,1,1,2,1,01,1,1,0,0,1,0,1,4,1,76,0,3,2,0,2,1,1,201700022959B01,7,9,1,200068781
201700022963,2017-12-01,2017,décembre,vendredi,11:05,26,26362,44.91646,4.91086,2,2,3,1,1,4,2,02,1,1,0,0,1,0,1,3,1,68,5,3,2,0,2,0,1,201700022963B01,7,9,1,200068781
201700022989,2017-05-08,2017,mai,lundi,11:35,06,06033,43.78788,7.18487,2,3,3,1,1,3,2,02,2,-1,0,20,1,,,4,1,43,5,1,2,0,2,1,1,201700022989B01,7,16,1,200030195
201700022990,2017-05-08,2017,mai,lundi,08:15,06,06126,43.81603,7.18829,1,1,2,1,1,3,2,03,1,1,0,0,1,0,1,3,1,39,5,1,2,0,2,4,2,201700022990B01,7,2,1,200030195
201700022991,2017-05-29,2017,mai,lundi,16:30,06,06006,43.7664,7.24212,1,1,3,1,1,3,2,02,2,1,0,0,1,0,1,4,1,41,0,1,2,0,2,4,0,201700022991B01,7,19,1,200030195
201700022996,2017-07-30,2017,juillet,dimanche,11:00,06,06046,43.76587,7.20723,1,1,7,1,1,3,2,03,1,1,0,111,1,0,1,3,1,68,5,1,2,0,0,1,1,201700022996A01,,,,200030195
201700022997,2017-08-03,2017,août,jeudi,10:05,06,06033,43.78895,7.18489,2,1,1,1,1,3,2,02,2,2,0,68,1,0,1,3,1,18,5,1,2,0,2,1,5,201700022997A01,34,1,1,200030195
201700023005,2017-02-19,2017,février,dimanche,16:00,38,38383,45.38557,5.63315,2,6,3,1,1,3,1,01,1,-1,7,10,1,,,3,2,24,5,1,2,0,0,4,1,201700023005A01,7,16,1,243800984
201700023013,2017-05-27,2017,mai,samedi,17:15,38,38383,45.36712,5.62879,1,1,2,1,1,3,2,02,1,1,0,74,1,0,1,3,1,38,5,1,2,0,0,4,13,201700023013B01,33,1,1,243800984
201700023017,2017-06-25,2017,juin,dimanche,11:00,38,38432,45.40995,5.61069,1,1,1,1,1,3,2,02,2,2,0,0,1,0,1,3,1,58,5,1,2,0,2,1,1,201700023017B01,33,13,1,243800984
201700023020,2017-08-25,2017,août,vendredi,08:35,38,38432,45.4004,5.60234,2,1,1,1,1,3,2,02,1,3,0,60,1,0,1,3,2,77,5,2,2,0,2,1,1,201700023020B01,7,13,1,243800984
201700023022,2017-09-27,2017,septembre,mercredi,12:51,38,38368,45.39133,5.52172,1,1,3,1,1,3,2,02,2,3,0,0,1,0,1,4,1,67,5,1,2,0,2,5,17,201700023022A01,37,15,1,243800984
201700023030,2017-01-22,2017,janvier,dimanche,18:30,69,69283,0,0,1,1,2,3,1,3,2,02,2,1,0,59,1,0,1,4,2,60,5,1,4,0,2,8,2,201700023030B01,7,2,1,200046977
201700023035,2017-09-26,2017,septembre,mardi,18:10,69,69283,45.6721,4.93335,2,6,3,2,1,4,1,01,1,-1,10,515,1,,,4,1,30,1,1,4,0,2,2,0,201700023035B01,7,0,1,200046977
201700023037,2017-12-06,2017,décembre,mercredi,16:00,69,69283,45.64793,4.95849,1,1,1,1,1,4,2,02,1,1,0,0,1,0,1,3,1,19,5,1,2,1,0,1,2,201700023037B01,7,23,1,200046977
201700023046,2017-02-28,2017,février,mardi,08:50,58,58086,47.3801,2.90539,2,1,3,1,3,3,2,02,1,-1,0,20,1,,,3,2,54,5,2,9,0,2,1,1,201700023046B01,7,0,1,200067916
201700023055,2017-10-06,2017,octobre,vendredi,15:00,58,58102,47.34962,3.11224,1,1,3,1,1,3,2,02,1,1,0,65,1,0,1,4,1,37,5,1,2,0,0,8,2,201700023055B01,7,17,1,200067916
201700023078,2017-02-01,2017,février,mercredi,15:40,27,27229,0,0,2,3,3,1,1,2,1,02,-1,1,0,0,1,0,1,3,1,17,2,2,2,0,2,1,1,201700023078A01,7,0,1,200071454
201700023108,2017-11-15,2017,novembre,mercredi,18:50,27,27701,49.27138,1.21608,2,1,7,5,1,4,2,02,1,2,0,65,1,0,1,3,2,43,1,3,4,12,0,7,1,201700023108A01,,,,200089456
201700023132,2017-11-04,2017,novembre,samedi,17:35,06,06118,43.66746,6.79655,2,1,5,3,8,3,2,02,1,1,0,0,1,0,1,3,1,46,5,2,2,0,2,8,2,201700023132B01,7,1 / 2,2,200039857
201700023144,2017-06-23,2017,juin,vendredi,14:30,17,17407,46.19097,-1.01298,2,4,3,1,1,4,2,02,1,-1,0,10,1,0,1,3,1,67,5,1,2,0,2,8,19,201700023144B01,7,1,1,241700434
201700023158,2017-04-28,2017,avril,vendredi,09:20,91,91665,48.6686,2.27925,2,1,3,1,2,2,3,02,1,1,0,0,2,0,1,4,1,73,5,2,2,0,2,8,15,201700023158B01,7,1,1,200056232
201700023186,2017-04-06,2017,avril,jeudi,16:25,59,59266,50.54186,2.98218,2,3,3,1,1,3,2,02,1,,0,62,1,0,1,3,1,81,5,2,2,0,2,7,15,201700023186B01,7,1,1,200041960
201700023222,2017-06-11,2017,juin,dimanche,12:00,42,42182,46.05155,3.92383,2,9,3,1,1,3,2,01,2,-1,0,10,1,,,3,1,59,5,3,2,0,2,1,1,201700023222A01,7,1,1,200035731
201700023237,2017-05-18,2017,mai,jeudi,21:10,28,28404,48.73721,1.38143,2,1,1,1,2,4,1,01,1,2,0,30,2,5,1,3,1,50,1,1,2,0,2,0,2,201700023237B01,7,2,1,200040277
201700023238,2017-05-26,2017,mai,vendredi,17:50,28,28134,48.73728,1.38131,2,3,3,1,1,4,1,01,2,1,0,0,1,0,0,2,1,81,0,1,9,0,2,8,16,201700023238B01,7,0,1,200040277
201700023367,2017-07-12,2017,juillet,mercredi,19:10,01,01354,46.24526,6.02339,2,1,2,1,1,4,2,02,1,1,0,70,1,0,1,3,1,39,1,2,2,0,2,1,1,201700023367B01,7,1,1,240100750
201700023388,2017-01-13,2017,janvier,vendredi,16:10,67,67425,48.76713,7.38089,1,1,2,1,1,3,2,02,1,1,0,66,2,0,1,3,1,42,5,2,9,0,2,4,2,201700023388B01,7,2,1,200068112
201700023394,2017-10-21,2017,octobre,samedi,12:10,67,67117,48.76776,7.35733,2,1,3,1,1,4,2,02,2,1,0,48,1,0,1,3,1,8,5,1,2,0,2,1,19,201700023394B01,7,1,1,200068112
201700023405,2017-06-26,2017,juin,lundi,05:40,67,67485,48.6266,7.62729,1,1,3,1,7,3,2,02,1,-1,0,0,1,0,1,3,1,50,1,1,2,0,2,8,2,201700023405B01,7,2,1,200034635
201700023421,2017-12-22,2017,décembre,vendredi,18:30,35,35219,47.82067,-1.90771,1,1,5,3,2,3,2,02,2,1,0,0,2,0,1,2,1,61,3,2,2,0,2,4,1,201700023421A01,7,2,2,243500741
201700023479,2017-08-08,2017,août,mardi,23:40,01,01071,46.30668,6.06628,1,1,3,3,8,3,2,02,1,3,0,0,1,0,1,3,2,29,5,1,2,0,2,6,2,201700023479B01,7,2,1,240100750
201700023502,2017-03-16,2017,mars,jeudi,11:50,64,64410,43.38184,-0.59516,2,1,7,1,1,3,2,02,1,1,0,0,1,0,5,3,2,64,5,1,2,14,0,1,1,201700023502A01,,,,200039204
201700023518,2017-02-25,2017,février,samedi,11:10,68,68253,47.77525,7.51696,1,2,3,1,1,3,2,02,1,-1,6,15,1,,,3,1,54,5,1,2,0,2,3,1,201700023518A01,7,1,1,200066009
201700023521,2017-03-30,2017,mars,jeudi,11:30,68,68020,47.82461,7.51539,2,1,3,1,1,3,2,02,1,1,0,56,1,0,1,4,1,54,5,1,2,1,0,1,2,201700023521B01,7,22,1,200066009
201700023526,2017-10-05,2017,octobre,jeudi,18:45,68,68064,47.81688,7.54171,2,6,2,2,1,3,2,02,2,1,0,73,1,5,1,1,1,35,5,1,2,0,0,4,2,201700023526A01,1,2,1,200066009
201700023526,2017-10-05,2017,octobre,jeudi,18:45,68,68064,47.81688,7.54171,2,6,2,2,1,3,2,02,2,1,0,73,1,5,1,4,1,40,5,1,2,0,2,1,2,201700023526B01,1,2,1,200066009
201700023530,2017-02-17,2017,février,vendredi,11:50,01,01322,45.56222,4.47577,2,1,3,1,7,3,-1,02,1,-1,30,60,-1,,,3,1,54,5,1,2,0,2,0,1,201700023530B01,7,9,1,200042497
201700023532,2017-03-30,2017,mars,jeudi,08:15,01,01398,46.00071,4.8492,2,1,2,1,1,3,2,02,1,1,0,0,1,0,1,3,2,62,1,2,2,0,0,4,2,201700023532A01,10,17,1,200042497
201700023573,2017-12-18,2017,décembre,lundi,08:36,29,29019,48.41233,4.46832,2,1,3,5,2,3,-1,01,1,1,0,0,2,0,1,4,2,56,0,1,2,0,2,1,0,201700023573B01,7,9,1,242900314
201700023579,2017-01-16,2017,janvier,lundi,08:20,29,29019,48.38415,-4.50248,2,3,3,2,1,4,1,00,2,1,0,0,2,0,1,3,1,21,1,2,2,0,2,1,1,201700023579B01,15,1,1,242900314
201700023590,2017-01-03,2017,janvier,mardi,09:10,29,29019,48.40474,-4.47713,2,2,1,1,1,4,2,00,-1,-1,0,0,-1,0,0,4,1,50,1,2,2,0,0,0,0,201700023590B01,7,19,1,242900314
201700023593,2017-02-10,2017,février,vendredi,17:10,29,29019,48.3747,-4.5576,2,1,3,1,1,2,1,01,1,2,0,0,1,0,1,4,1,48,1,1,2,0,2,5,0,201700023593B01,7,0,1,242900314
201700023598,2017-02-16,2017,février,jeudi,18:30,29,29019,48.40485,-4.49529,2,1,3,1,1,4,-1,00,2,1,0,0,1,0,1,4,1,20,5,2,2,1,0,1,1,201700023598B01,7,22,1,242900314
201700023604,2017-02-27,2017,février,lundi,19:10,29,29019,48.4039,-4.4899,2,2,3,1,1,4,-1,00,2,2,0,0,1,0,0,4,1,29,4,1,2,0,2,0,0,201700023604B01,7,0,1,242900314
201700023606,2017-02-23,2017,février,jeudi,20:00,29,29019,48.3981,-4.46512,2,2,2,5,1,9,2,00,2,1,0,0,1,0,1,4,1,22,5,2,2,0,2,4,1,201700023606B01,7,2,1,242900314
201700023612,2017-03-14,2017,mars,mardi,16:50,29,29019,48.40771,-4.47174,2,1,3,1,1,4,2,04,1,-1,0,0,1,0,1,4,1,25,0,3,9,0,2,0,1,201700023612B01,7,15,1,242900314
201700023631,2017-04-05,2017,avril,mercredi,14:15,29,29019,48.41495,-4.47246,2,1,3,1,1,4,1,00,3,1,0,0,1,0,1,4,1,9,2,2,2,0,0,0,0,201700023631B01,7,1,1,242900314
201700023632,2017-04-26,2017,avril,mercredi,12:44,29,29019,48.42761,-4.47654,2,3,6,1,1,4,-1,00,-1,-1,0,0,-1,0,0,4,1,26,0,3,2,0,2,8,1,201700023632B01,7,9,1,242900314
201700023633,2017-03-24,2017,mars,vendredi,08:10,29,29019,48.38866,-4.51691,2,4,3,1,7,4,2,00,-1,-1,0,0,-1,0,1,4,1,57,0,1,2,0,2,1,1,201700023633B01,7,15,1,242900314
201700023642,2017-05-26,2017,mai,vendredi,15:20,29,29019,48.3931,-4.4348,2,1,3,1,1,4,2,02,1,1,0,0,1,0,1,4,1,29,5,1,2,0,2,0,0,201700023642B01,7,0,1,242900314
201700023676,2017-06-20,2017,juin,mardi,19:00,29,29019,48.40629,-4.50211,2,1,3,1,1,4,2,01,2,1,0,0,1,0,1,4,1,27,5,2,2,0,2,8,19,201700023676B01,7,1,1,242900314
201700023685,2017-08-03,2017,août,jeudi,11:25,29,29019,48.40422,-4.46476,2,3,1,1,1,4,,,,,,,,,,4,2,29,0,1,2,0,2,1,1,201700023685B01,10,15,1,242900314
201700023700,2017-08-08,2017,août,mardi,17:00,29,29019,48.38412,-4.48348,2,1,2,1,1,4,2,00,1,1,0,0,1,0,1,4,2,43,1,1,2,0,2,1,2,201700023700A01,7,2,1,242900314
201700023715,2017-10-06,2017,octobre,vendredi,11:45,29,29019,48.4039,-4.489,2,2,1,1,1,4,2,02,2,2,0,0,1,0,1,4,1,47,4,2,9,0,2,1,1,201700023715B01,7,15,1,242900314
201700023719,2017-10-02,2017,octobre,lundi,17:05,29,29019,48.38652,-4.47151,2,1,3,1,2,4,3,00,1,1,0,0,2,0,1,4,2,20,9,1,2,0,2,8,19,201700023719B01,7,1,1,242900314
201700023721,2017-10-28,2017,octobre,samedi,11:00,29,29019,48.40202,-4.4887,2,2,1,1,1,4,2,02,2,2,0,0,1,0,0,4,1,18,2,2,2,0,2,1,1,201700023721A01,7,15,1,242900314
201700023776,2017-07-17,2017,juillet,lundi,08:55,29,29039,47.87723,-3.91152,2,1,3,1,1,4,1,01,1,-1,97,85,1,5,1,4,2,48,5,1,9,0,2,4,13,201700023776B01,10,13,1,242900769
201700023786,2017-09-14,2017,septembre,jeudi,17:35,29,29039,47.88082,-3.93128,2,1,3,1,1,4,2,02,2,1,0,70,1,0,5,4,1,45,5,2,2,0,2,1,1,201700023786B01,7,16,1,242900769
201700023787,2017-09-22,2017,septembre,vendredi,11:25,29,29039,47.87525,-3.92075,2,9,6,1,1,4,2,02,4,1,0,40,1,0,1,4,2,47,1,3,9,14,0,1,14,201700023787A01,,,,242900769
201700023798,2017-10-24,2017,octobre,mardi,17:05,29,29039,47.87931,-3.93032,2,1,7,1,1,4,2,02,1,3,0,0,1,0,5,3,2,53,5,2,2,12,0,2,1,201700023798A01,,,,242900769
201700023801,2017-11-08,2017,novembre,mercredi,19:25,29,29039,47.89001,-3.91597,2,6,3,3,1,3,2,01,2,3,0,52,1,0,1,4,2,26,1,1,4,0,2,1,1,201700023801B01,7,9,1,242900769
201700023829,2017-07-17,2017,juillet,lundi,17:40,76,76238,49.55286,0.24666,1,1,7,1,1,3,2,02,1,1,0,0,1,0,1,4,1,29,0,1,2,0,0,9,0,201700023829A01,,,,200084952
201700023863,2017-03-03,2017,mars,vendredi,12:10,29,29232,47.93405,-4.06922,1,1,2,1,2,3,3,00,-1,1,0,0,2,0,1,3,1,32,0,3,2,0,0,4,1,201700023863B01,7,1,1,200068120
201700023870,2017-03-29,2017,mars,mercredi,08:30,29,29232,47.9876,-4.10881,2,6,3,1,2,4,4,02,1,2,0,0,2,5,1,4,1,49,0,2,2,0,2,7,15,201700023870B01,7,9,1,200068120
201700023873,2017-03-30,2017,mars,jeudi,17:50,29,29232,48.0156,-4.09522,2,1,3,1,1,4,2,02,4,1,0,0,1,0,1,4,1,58,1,1,2,0,2,1,1,201700023873B01,7,15,1,200068120
201700023878,2017-04-06,2017,avril,jeudi,16:00,29,29232,48.00595,-4.09724,2,6,3,1,1,4,2,02,4,1,0,0,1,0,1,4,1,54,0,2,2,0,2,0,0,201700023878B01,7,0,1,200068120
201700023891,2017-05-23,2017,mai,mardi,19:00,29,29232,48.01521,-4.08164,2,6,3,1,1,4,-1,01,1,3,0,0,1,5,1,4,1,10,5,2,9,0,0,8,19,201700023891B01,7,0,1,200068120
201700023930,2017-07-25,2017,juillet,mardi,10:10,29,29232,47.97689,-4.06923,2,1,3,1,1,3,2,04,1,1,0,0,1,0,5,4,1,64,0,3,9,0,2,1,0,201700023930B01,7,15,1,200068120
201700024001,2017-05-17,2017,mai,mercredi,14:45,88,88089,48.18611,6.78679,2,4,3,1,1,3,2,02,1,1,,60,1,5,1,3,1,11,5,1,2,0,2,1,19,201700024001A01,7,1,1,200071066
201700024006,2017-08-22,2017,août,mardi,18:40,88,88349,48.16989,7.01348,2,3,3,1,1,3,2,02,2,1,0,64,1,0,1,3,2,5,5,1,2,0,2,8,9,201700024006A01,7,1,1,200071066
201700024017,2017-05-21,2017,mai,dimanche,15:00,60,60256,49.29704,2.02683,1,9,6,1,1,3,2,02,1,-1,5,810,-1,,,4,1,81,5,1,2,0,0,0,0,201700024017B01,7,17,1,246000582
201700024043,2017-03-28,2017,mars,mardi,18:30,30,30007,44.12913,4.10324,2,1,6,1,7,4,2,03,1,1,0,84,1,0,1,2,1,84,5,3,8,,,,,201700024043B02,7,1,1,200066918
201700024059,2017-06-06,2017,juin,mardi,07:20,30,30007,44.13459,4.09046,2,6,3,1,1,4,1,01,1,2,0,75,1,0,1,3,1,65,9,1,4,0,2,9,1,201700024059B01,7,16,1,200066918
201700024062,2017-06-25,2017,juin,dimanche,08:30,30,30007,44.10949,4.10088,2,6,3,1,1,2,2,00,1,1,0,70,1,0,1,4,1,50,9,1,4,0,2,9,1,201700024062B01,7,9,1,200066918
201700024080,2017-10-05,2017,octobre,jeudi,12:00,30,30007,44.12047,4.09306,2,1,3,1,1,2,2,03,2,1,12,133,1,1,1,4,1,45,5,2,2,0,2,3,1,201700024080B01,7,17,1,200066918
201700024087,2017-11-20,2017,novembre,lundi,16:20,30,30007,44.13926,4.08847,2,6,3,1,1,4,2,00,1,1,0,110,1,0,1,4,1,61,9,1,4,0,2,1,1,201700024087A01,7,1,1,200066918
201700024088,2017-11-21,2017,novembre,mardi,13:25,30,30007,44.13467,4.09076,2,6,3,1,1,4,1,02,1,1,0,60,1,0,0,4,1,47,0,1,4,0,2,1,1,201700024088B01,7,9,1,200066918
201700024089,2017-02-24,2017,février,vendredi,13:00,30,30028,44.1632,4.61182,2,3,3,1,1,4,2,01,1,1,0,80,1,0,1,3,2,17,0,2,9,0,0,0,0,201700024089B01,7,1,1,200034692
201700024120,2017-02-23,2017,février,jeudi,20:25,30,30189,43.83707,4.36586,2,4,1,5,1,4,2,02,1,1,0,82,-1,0,1,4,1,51,0,3,2,0,0,0,0,201700024120B01,7,15,1,243000643
201700024130,2017-03-22,2017,mars,mercredi,11:40,30,30189,43.81806,4.3476,2,6,3,1,1,4,2,02,1,1,0,60,1,0,0,4,1,31,9,2,2,0,2,8,1,201700024130B01,7,1,1,243000643
201700024132,2017-03-31,2017,mars,vendredi,14:25,30,30189,0,0,2,1,2,1,1,3,2,02,1,1,0,60,1,0,1,4,1,74,5,2,2,0,2,4,1,201700024132B01,7,1,1,243000643
201700024135,2017-02-28,2017,février,mardi,15:38,30,30189,43.82939,4.38317,2,6,1,1,1,4,2,01,-1,-1,0,0,-1,0,0,3,1,59,0,1,2,0,2,8,0,201700024135A01,7,0,1,243000643
201700024169,2017-06-17,2017,juin,samedi,08:50,30,30189,43.83216,4.35801,2,2,2,1,1,4,1,01,1,1,0,35,1,0,0,4,1,61,0,3,2,0,2,1,1,201700024169A01,7,0,1,243000643
201700024208,2017-09-11,2017,septembre,lundi,19:00,30,30189,43.82231,4.36232,2,3,3,1,1,4,2,03,1,1,0,0,1,0,1,4,1,53,0,2,2,0,2,8,1,201700024208B01,10,19,1,243000643
201700024209,2017-09-14,2017,septembre,jeudi,18:20,30,30189,43.83886,4.36891,2,3,3,1,1,4,2,02,1,1,0,60,1,0,1,4,2,61,4,2,2,0,2,8,1,201700024209B01,7,15,1,243000643
201700024234,2017-10-19,2017,octobre,jeudi,19:00,30,30189,43.82428,4.36962,2,6,3,5,1,4,2,04,1,1,0,60,1,5,1,4,1,30,9,3,4,0,2,1,1,201700024234B01,7,1,1,243000643
201700024285,2017-11-10,2017,novembre,vendredi,15:40,63,63071,45.76747,2.8974,2,3,3,1,2,3,2,02,2,-1,500,20,1,,,3,1,51,5,1,2,0,2,1,1,201700024285A01,10,1,1,200069169
201700024289,2017-06-10,2017,juin,samedi,15:37,23,23247,46.21907,1.78926,1,1,5,1,1,3,2,02,2,2,0,0,1,0,1,3,1,46,5,1,2,0,2,3,1,201700024289B01,33,1,1,200034825
201700024289,2017-06-10,2017,juin,samedi,15:37,23,23247,46.21907,1.78926,1,1,5,1,1,3,2,02,2,2,0,0,1,0,1,3,1,18,5,1,2,0,2,3,1,201700024289C01,33,1,1,200034825
201700024294,2017-12-30,2017,décembre,samedi,12:10,23,23208,46.17148,1.80563,1,2,3,1,3,3,2,02,1,,0,63,2,0,1,4,1,54,5,1,2,0,2,1,1,201700024294B01,7,19,1,200034825
201700024320,2017-12-09,2017,décembre,samedi,14:10,84,84029,44.1572,4.8636,1,6,3,1,1,3,1,01,1,-1,0,15,1,,,3,1,72,5,1,2,0,2,7,1,201700024320B01,7,9,1,248400160
201700024324,2017-04-04,2017,avril,mardi,16:10,11,11164,43.28773,2.87012,1,3,6,1,6,3,2,02,1,1,,,1,,1,3,1,70,5,1,2,0,2,0,0,201700024324B01,14,1,1,241100593
201700024327,2017-06-07,2017,juin,mercredi,15:50,11,11111,43.19302,2.80094,1,1,3,1,1,3,2,02,1,1,0,64,1,0,1,2,1,72,0,2,2,0,0,4,1,201700024327B01,7,13,1,200035863
201700024334,2017-08-17,2017,août,jeudi,08:30,11,11164,43.28986,2.86841,1,1,2,1,1,3,2,02,1,1,0,60,1,0,1,3,1,73,5,1,2,0,2,6,1,201700024334B01,7,17,1,241100593
201700024343,2017-04-20,2017,avril,jeudi,19:00,35,35318,48.33828,-1.93244,2,1,1,1,1,3,2,02,1,1,0,0,1,0,1,4,1,9,0,1,2,0,2,0,0,201700024343B01,7,1,1,243500733
201700024368,2017-09-10,2017,septembre,dimanche,11:10,27,27230,48.86908,1.4205,1,1,3,1,1,9,2,02,3,-1,0,35,1,0,1,2,1,79,5,1,2,1,0,1,13,201700024368A01,7,24,1,200040277
201700024369,2017-10-06,2017,octobre,vendredi,14:20,27,27278,48.9173,1.4302,2,1,1,1,1,3,2,02,1,1,0,0,1,0,1,4,1,80,5,1,2,1,0,1,1,201700024369A01,7,24,1,200071454
201700024405,2017-10-11,2017,octobre,mercredi,08:10,83,83086,43.47856,6.56629,2,1,1,1,1,3,2,02,1,-1,6,810,1,,,4,1,76,5,1,2,0,2,7,1,201700024405B01,10,15,1,248300493
201700024407,2017-10-20,2017,octobre,vendredi,10:00,83,83148,43.4162,6.42042,2,1,3,1,1,3,2,02,1,-1,3,210,1,,,3,1,79,5,2,2,0,2,7,1,201700024407B01,7,15,1,248300493
201700024414,2017-06-17,2017,juin,samedi,15:35,05,05027,44.8226,6.73597,1,1,1,1,1,3,2,02,2,2,0,70,1,0,1,3,1,62,5,1,2,0,2,1,13,201700024414B01,33,1,1,240500439
201700024415,2017-07-10,2017,juillet,lundi,11:45,05,05027,44.83814,6.7234,1,1,1,1,1,3,2,02,2,4,0,71,1,0,1,2,1,49,5,1,2,0,2,1,13,201700024415B01,33,13,1,240500439
201700024416,2017-07-14,2017,juillet,vendredi,12:05,05,05027,44.85389,6.7257,1,1,1,1,1,3,2,02,2,-1,0,56,1,0,1,3,1,57,5,1,2,0,2,1,1,201700024416B01,33,17,1,240500439
201700024417,2017-07-19,2017,juillet,mercredi,10:45,05,05085,44.92888,6.71503,2,1,3,1,1,2,2,02,2,1,0,73,1,0,1,3,1,43,5,1,2,0,2,1,1,201700024417B01,7,10,1,240500439
201700024430,2017-10-28,2017,octobre,samedi,19:00,67,67445,48.29113,7.45777,1,1,2,3,1,3,2,02,1,1,0,0,1,0,1,4,1,16,5,2,9,0,2,4,1,201700024430B01,7,1,1,246700967
201700024459,2017-09-05,2017,septembre,mardi,07:58,31,31483,43.11286,0.72089,2,6,3,1,1,3,2,02,1,3,0,70,1,5,1,4,2,51,1,1,2,0,2,7,9,201700024459B01,7,9,1,200072643
201700024482,2017-08-01,2017,août,mardi,19:30,69,69280,45.80003,5.079,2,9,1,1,1,4,2,02,1,-1,5,10,1,,,4,1,11,5,2,2,0,2,8,19,201700024482B01,7,1,1,246900575
201700024484,2017-09-21,2017,septembre,jeudi,14:05,69,69285,45.75888,5.05175,2,1,1,1,1,4,2,02,1,-1,0,15,1,,,3,1,80,5,1,2,0,2,8,19,201700024484B01,7,15,1,246900575
201700024491,2017-05-11,2017,mai,jeudi,18:00,85,85199,46.50821,-1.05054,1,1,2,1,1,3,2,02,1,1,0,35,1,0,1,3,1,50,5,1,2,1,0,1,1,201700024491A01,14,24,1,200073260
201700024513,2017-01-15,2017,janvier,dimanche,00:08,31,31555,43.5816,1.4627,2,1,1,5,1,4,2,00,1,1,0,0,1,0,1,4,1,25,5,1,9,0,2,1,1,201700024513B01,7,1,1,243100518
201700024514,2017-01-16,2017,janvier,lundi,09:05,31,31149,43.60924,1.35253,2,6,3,1,2,3,2,02,1,1,0,56,1,0,1,4,1,25,1,2,9,0,2,7,1,201700024514B01,7,9,1,243100518
201700024519,2017-01-19,2017,janvier,jeudi,15:30,31,31555,43.61602,1.45321,2,3,1,1,1,3,2,03,1,1,0,0,1,0,1,4,2,44,5,1,4,0,2,1,1,201700024519B01,7,15,1,243100518
201700024519,2017-01-19,2017,janvier,jeudi,15:30,31,31555,43.61602,1.45321,2,3,1,1,1,3,2,03,1,1,0,0,1,0,1,4,2,9,2,1,4,0,2,1,1,201700024519B01,7,15,1,243100518
201700024525,2017-01-21,2017,janvier,samedi,23:56,31,31555,43.6162,1.43709,2,2,3,5,1,3,2,00,1,1,0,0,1,0,1,3,2,24,5,3,9,0,2,7,15,201700024525B01,7,1,1,243100518
201700024529,2017-01-24,2017,janvier,mardi,17:20,31,31149,43.59705,1.32785,2,3,1,2,1,4,2,02,1,3,0,0,1,0,1,4,1,57,1,1,2,0,2,1,19,201700024529B01,3,16,1,243100518
201700024538,2017-01-31,2017,janvier,mardi,07:50,31,31555,43.59288,1.38932,2,1,3,2,1,3,2,02,1,1,0,0,1,0,1,4,1,61,0,1,2,0,2,0,1,201700024538B01,7,15,1,243100518
201700024543,2017-02-03,2017,février,vendredi,08:30,31,31555,43.59723,1.44553,2,1,3,1,2,4,2,02,1,1,0,0,2,0,1,4,1,56,1,3,9,0,2,0,0,201700024543A01,10,0,1,243100518
201700024547,2017-02-04,2017,février,samedi,03:00,31,31555,43.60568,1.45112,2,2,3,3,1,4,1,02,1,1,0,0,1,0,1,4,1,22,0,3,9,0,2,2,16,201700024547B01,7,1,1,243100518
201700024550,2017-02-06,2017,février,lundi,14:45,31,31555,43.57758,1.49042,2,1,7,1,1,4,2,02,2,4,0,0,1,0,1,3,1,67,5,3,9,0,0,0,1,201700024550A01,,,,243100518
201700024629,2017-03-28,2017,mars,mardi,07:10,31,31555,43.59917,1.41676,2,1,1,2,1,2,2,02,1,1,0,0,1,0,1,3,1,23,2,3,9,0,2,1,1,201700024629B01,33,13,1,243100518
201700024632,2017-03-28,2017,mars,mardi,16:20,31,31149,43.6129,1.33184,2,6,3,1,1,4,1,00,1,1,0,0,1,0,1,4,1,58,9,3,9,0,2,4,1,201700024632B01,7,9,1,243100518
201700024635,2017-03-29,2017,mars,mercredi,07:20,31,31555,43.62674,1.47737,2,1,3,1,1,3,2,00,1,1,0,0,1,0,1,4,1,51,9,3,9,0,0,0,0,201700024635B01,7,1,1,243100518