Num_Acc,date,an,mois,jour,hrmn,dep,com,lat,long,agg,int,col,lum,atm,catr,circ,nbv,prof,plan,lartpc,larrout,surf,infra,situ,grav,sexe,age,trajet,secuexist,equipement,obs,obsm,choc,manv,vehiculeid,typevehicules,manoeuvehicules,numVehicules,_infos_commune.code_epci
201700027588,2017-01-16,2017,janvier,lundi,12:15,38,38516,45.19921,5.7556,2,3,3,1,1,4,2,02,1,1,0,0,5,0,1,4,1,75,0,1,2,0,2,3,1,201700027588B01,7,9,1,200040715
201700027598,2017-02-18,2017,février,samedi,15:15,38,38185,45.1922,5.70746,2,1,1,1,1,4,2,04,1,1,0,0,1,0,1,4,1,78,5,2,2,0,2,1,19,201700027598A01,7,1,1,200040715
201700027602,2017-02-23,2017,février,jeudi,19:30,38,38185,0,0,2,1,3,1,1,3,1,03,1,-1,0,0,1,5,0,3,1,25,1,2,2,0,2,1,9,201700027602B01,7,9,1,200040715
201700027612,2017-03-15,2017,mars,mercredi,07:30,38,38151,45.14545,5.71692,2,1,6,2,1,3,2,02,1,1,0,0,1,0,0,3,1,14,0,1,2,0,2,8,19,201700027612A01,7,1,1,200040715
201700027613,2017-03-16,2017,mars,jeudi,09:15,38,38185,45.16028,5.71955,2,6,3,1,1,4,1,02,1,1,0,63,1,0,5,4,1,21,1,1,2,0,2,2,1,201700027613A01,7,9,1,200040715
201700027629,2017-05-03,2017,mai,mercredi,18:15,38,38421,45.18496,5.76499,2,4,3,1,1,4,2,02,1,1,0,0,1,0,1,4,1,29,1,3,2,0,2,5,2,201700027629B01,7,15,1,200040715
201700027635,2017-05-17,2017,mai,mercredi,20:10,38,38169,45.1961,5.69076,2,1,6,1,1,4,2,02,1,1,0,56,1,0,1,2,1,13,5,2,2,0,2,3,13,201700027635B01,7,17,1,200040715
201700027638,2017-05-28,2017,mai,dimanche,10:20,38,38169,45.19912,5.6748,2,1,6,1,1,4,2,02,1,1,0,75,1,0,1,3,1,84,5,2,2,0,2,8,1,201700027638B01,7,2,1,200040715
201700027644,2017-06-07,2017,juin,mercredi,19:30,38,38185,45.18396,5.70866,2,1,6,1,1,4,2,02,1,1,0,0,1,0,1,4,1,54,0,3,2,0,2,4,2,201700027644B01,7,2,1,200040715
201700027645,2017-06-12,2017,juin,lundi,06:15,38,38185,45.17438,5.71462,1,1,1,1,1,3,1,05,1,1,0,0,1,0,1,4,1,42,9,3,2,0,2,1,1,201700027645A01,37,19,1,200040715
201700027675,2017-11-07,2017,novembre,mardi,11:50,38,38185,45.19021,5.72774,2,1,6,1,1,4,2,02,1,1,0,74,1,4,1,1,1,20,0,1,2,0,1,1,17,201700027675A01,,,,200040715
201700027683,2017-11-29,2017,novembre,mercredi,11:50,38,38185,45.18746,5.73042,2,1,2,1,2,3,1,01,1,3,0,0,1,0,1,4,2,77,0,2,2,0,2,0,13,201700027683B01,7,2,1,200040715
201700027686,2017-11-30,2017,novembre,jeudi,19:30,38,38185,45.19057,5.71238,2,1,6,5,1,4,-1,01,1,1,0,0,1,0,0,1,1,28,1,3,9,0,1,1,1,201700027686A01,,,,200040715
201700027686,2017-11-30,2017,novembre,jeudi,19:30,38,38185,45.19057,5.71238,2,1,6,5,1,4,-1,01,1,1,0,0,1,0,0,4,1,10,5,3,8,0,1,1,1,201700027686A01,,,,200040715
201700027704,2017-05-03,2017,mai,mercredi,16:10,38,38544,45.53189,4.87419,2,4,3,1,1,4,3,00,1,-1,0,0,-1,0,1,3,1,81,0,2,9,0,2,1,15,201700027704B01,7,18,1,200077014
201700027732,2017-05-17,2017,mai,mercredi,08:35,38,38563,45.36109,5.58768,2,3,3,1,1,4,2,02,2,1,0,70,1,0,1,4,1,32,1,1,2,0,2,0,0,201700027732B01,7,15,1,243800984
201700027763,2017-11-22,2017,novembre,mercredi,14:45,39,39411,46.68517,5.61586,1,1,2,1,1,3,2,02,2,1,0,60,1,0,1,2,1,89,5,1,2,0,2,4,1,201700027763B01,7,1,1,200071116
201700027782,2017-05-23,2017,mai,mardi,18:15,40,40192,43.88959,-0.49826,2,1,3,1,1,4,2,02,1,1,0,0,1,0,0,4,2,48,1,3,4,0,2,0,1,201700027782B01,10,14,1,244000808
201700027783,2017-06-12,2017,juin,lundi,13:00,40,40192,43.88895,0.49698,2,2,2,1,1,4,1,01,1,1,0,0,1,0,1,4,1,20,1,2,2,0,2,1,5,201700027783A01,7,1,1,244000808
201700027794,2017-01-19,2017,janvier,jeudi,08:10,41,41018,47.58941,1.30599,2,1,3,1,1,4,2,02,1,1,0,0,1,0,1,4,1,14,5,3,4,0,2,3,19,201700027794B01,7,1,1,200030385
201700027801,2017-03-21,2017,mars,mardi,16:56,41,41018,47.59993,1.31987,2,1,2,1,2,4,2,02,1,-1,0,0,1,0,1,3,2,65,1,1,4,0,9,5,2,201700027801A01,7,0,1,200030385
201700027804,2017-04-17,2017,avril,lundi,23:15,41,41018,47.58725,1.32764,2,1,1,5,1,4,1,02,2,2,0,0,1,0,1,2,1,18,5,2,2,0,2,1,5,201700027804A01,7,1,1,200030385
201700027808,2017-03-28,2017,mars,mardi,11:40,41,41018,47.5968,1.32587,2,3,1,1,1,4,2,02,1,1,0,0,1,0,1,4,1,31,1,2,9,0,2,1,16,201700027808B01,7,1,1,200030385
201700027816,2017-05-20,2017,mai,samedi,20:15,41,41047,47.60957,1.36418,1,1,3,1,1,4,2,02,2,4,0,0,1,0,1,3,1,8,5,2,2,0,0,0,0,201700027816B01,7,1,1,200030385
201700027820,2017-05-18,2017,mai,jeudi,11:37,41,41018,47.59285,1.31353,2,2,3,1,2,4,4,02,1,1,0,0,2,0,1,3,1,18,1,2,4,0,2,8,19,201700027820A01,7,15,1,200030385
201700027826,2017-06-20,2017,juin,mardi,18:15,41,41018,47.58056,1.30117,2,3,3,1,1,4,2,02,1,1,0,0,1,0,1,3,1,13,5,2,2,0,2,1,1,201700027826A01,7,1,1,200030385
201700027830,2017-07-13,2017,juillet,jeudi,18:01,41,41018,47.59967,1.34071,2,1,1,1,1,4,2,02,1,1,0,0,1,0,1,4,2,17,0,3,9,0,2,0,0,201700027830B01,7,0,1,200030385
201700027840,2017-09-14,2017,septembre,jeudi,15:10,41,41018,47.58235,1.32364,2,1,3,1,1,4,1,02,1,3,0,0,1,0,1,4,1,71,5,1,9,0,2,1,9,201700027840B01,10,1,1,200030385
201700027841,2017-09-17,2017,septembre,dimanche,22:30,41,41018,47.60277,1.32295,2,1,7,4,1,4,2,01,1,1,0,0,-1,0,1,4,1,24,1,2,9,10,0,1,14,201700027841A01,,,,200030385
201700027847,2017-09-27,2017,septembre,mercredi,17:30,41,41212,47.57094,1.35341,2,1,7,1,1,4,-1,00,1,1,0,0,1,0,0,3,1,13,5,1,2,0,0,0,1,201700027847A01,,,,200030385
201700027849,2017-10-02,2017,octobre,lundi,17:35,41,41018,47.59996,1.31965,2,1,3,1,2,4,2,04,1,1,0,0,2,0,1,3,1,51,4,1,2,0,2,7,1,201700027849A01,7,1,1,200030385
201700027853,2017-10-09,2017,octobre,lundi,10:10,41,41295,47.59312,1.39035,2,1,3,1,1,4,-1,01,1,3,0,0,1,0,4,4,1,68,5,2,2,0,2,1,1,201700027853B01,7,1,1,200030385
201700027859,2017-11-03,2017,novembre,vendredi,17:23,41,41295,47.58311,1.38211,2,1,3,2,1,4,1,01,1,1,0,0,1,0,1,4,1,15,5,3,2,0,2,1,19,201700027859A01,7,1,1,200030385
201700027869,2017-11-27,2017,novembre,lundi,08:40,41,41295,47.6046,1.4014,2,6,3,1,1,4,2,02,1,1,0,0,1,0,1,3,1,66,5,2,2,0,2,7,0,201700027869B01,7,1,1,200030385
201700027881,2017-02-01,2017,février,mercredi,13:50,41,41269,47.79775,1.06635,2,1,6,1,1,4,-1,00,1,1,0,0,1,0,4,4,1,74,5,1,2,12,0,1,1,201700027881A01,,,,200072072
201700027905,2017-02-16,2017,février,jeudi,08:20,42,42095,45.3897,4.28123,2,6,3,1,1,4,2,02,-1,-1,0,0,-1,0,0,3,2,51,4,1,2,0,2,7,0,201700027905B01,7,0,1,244200770
201700027914,2017-08-04,2017,août,vendredi,07:00,42,42044,45.39893,4.33917,2,1,3,1,7,3,2,02,1,1,0,90,1,0,1,4,1,53,5,1,2,0,2,3,1,201700027914B01,7,15,1,244200770
201700027920,2017-09-21,2017,septembre,jeudi,17:50,42,42095,45.39746,4.29031,2,7,3,1,1,4,3,00,1,1,0,60,1,0,1,3,1,6,5,2,2,0,2,8,19,201700027920A01,7,0,1,244200770
201700027930,2017-11-22,2017,novembre,mercredi,17:55,42,42187,46.05328,4.08558,2,3,3,5,1,4,-1,02,1,1,0,0,1,0,1,4,1,16,0,1,9,0,2,8,0,201700027930B01,7,1,1,200035731
201700027933,2017-11-30,2017,novembre,jeudi,08:40,42,42187,46.04159,4.07365,2,1,3,1,2,4,-1,01,1,1,0,0,2,0,5,4,1,15,2,1,2,0,2,7,2,201700027933B01,7,22,1,200035731
201700027934,2017-12-01,2017,décembre,vendredi,09:15,42,42187,46.03694,4.06545,2,6,3,1,2,4,1,01,2,2,0,0,2,0,1,4,2,17,1,1,2,0,2,7,16,201700027934B01,7,15,1,200035731
201700027949,2017-02-09,2017,février,jeudi,12:15,42,42184,46.04531,4.05268,2,1,6,1,1,6,-1,00,1,1,0,0,1,0,0,4,2,33,5,2,9,0,2,1,0,201700027949A01,7,0,1,200035731
201700027950,2017-02-09,2017,février,jeudi,18:20,42,42187,46.03698,4.06547,2,6,3,5,2,4,1,02,2,2,0,0,2,0,1,4,1,43,5,2,2,0,2,7,0,201700027950B01,10,9,1,200035731
201700027954,2017-02-13,2017,février,lundi,14:00,42,42187,46.04025,4.08303,2,4,6,1,1,4,-1,00,1,1,0,0,1,0,0,4,2,24,9,1,2,0,2,8,1,201700027954B01,7,16,1,200035731
201700027963,2017-12-28,2017,décembre,jeudi,16:30,42,42187,46.02759,4.04819,2,6,6,1,1,4,-1,01,1,3,0,0,1,0,1,4,1,54,5,1,9,0,2,8,0,201700027963B01,7,0,1,200035731
201700027966,2017-04-03,2017,avril,lundi,12:30,42,42187,46.03138,4.04711,1,1,6,1,1,4,2,00,-1,-1,0,0,-1,0,0,4,2,22,0,1,2,0,0,0,0,201700027966A01,,,,200035731
201700027991,2017-06-05,2017,juin,lundi,21:15,42,42184,46.03981,4.05196,2,6,6,2,1,4,1,01,1,2,0,0,1,0,1,4,1,25,5,3,2,0,2,3,1,201700027991B01,7,18,1,200035731
201700027993,2017-06-01,2017,juin,jeudi,11:15,42,42187,46.03151,4.07123,2,6,2,1,1,4,2,02,-1,-1,0,0,1,5,1,4,1,75,0,3,9,0,2,4,0,201700027993B01,7,1,1,200035731
201700028001,2017-07-29,2017,juillet,samedi,16:00,42,42187,46.02656,4.07001,2,2,3,1,1,4,,,,,,,,0,0,4,1,13,0,1,2,0,2,1,16,201700028001B01,7,14,1,200035731
201700028027,2017-10-02,2017,octobre,lundi,09:35,42,42187,46.03004,4.07536,2,1,6,1,1,4,-1,01,1,2,0,80,1,0,1,4,2,44,0,3,9,0,2,8,15,201700028027B01,7,17,1,200035731
201700028047,2017-10-31,2017,octobre,mardi,18:25,42,42187,46.03353,4.05553,2,3,6,5,1,4,-1,00,1,1,0,0,1,0,1,4,1,50,0,3,9,0,2,0,0,201700028047A01,7,1,1,200035731
201700028054,2017-01-04,2017,janvier,mercredi,21:00,42,42218,45.43483,4.38263,2,2,3,5,1,4,1,01,2,1,0,0,1,0,1,4,1,52,0,1,4,0,2,0,1,201700028054B01,7,0,1,244200770
201700028081,2017-02-18,2017,février,samedi,16:50,42,42218,45.45822,4.40603,2,6,1,1,1,3,1,01,2,1,0,0,1,0,1,4,1,61,5,1,2,0,2,7,1,201700028081B01,7,1,1,244200770
201700028102,2017-04-11,2017,avril,mardi,17:25,42,42218,45.42237,4.42311,2,1,1,1,1,4,2,02,1,1,0,0,1,0,1,2,1,21,0,1,2,0,2,1,1,201700028102B01,7,15,1,244200770
201700028120,2017-05-13,2017,mai,samedi,08:00,42,42330,45.46903,4.35606,2,1,2,1,1,3,2,01,1,1,0,40,1,0,1,3,1,69,5,1,2,0,2,4,1,201700028120B01,7,17,1,244200770
201700028161,2017-03-11,2017,mars,samedi,08:30,42,42186,45.53151,4.62502,2,3,3,1,1,3,2,02,1,1,0,60,1,0,5,3,1,73,0,1,2,0,2,4,1,201700028161B01,7,16,1,244200770
201700028165,2017-06-12,2017,juin,lundi,07:30,42,42207,45.47961,4.52666,2,1,3,1,1,4,2,02,1,1,0,90,1,0,1,3,1,69,5,3,2,0,2,1,1,201700028165B01,7,15,1,244200770
201700028196,2017-06-18,2017,juin,dimanche,17:22,43,43157,0,0,2,1,6,1,1,4,1,01,1,1,0,30,1,0,4,1,1,17,5,3,8,0,1,1,1,201700028196A01,,,,200073419
201700028200,2017-08-16,2017,août,mercredi,16:05,43,43046,0,0,2,1,6,1,1,4,2,02,1,1,0,25,1,0,1,1,1,14,5,1,2,0,1,7,1,201700028200A01,,,,200073419
201700028208,2017-01-03,2017,janvier,mardi,08:35,44,44055,47.27284,-2.34321,1,3,3,1,1,4,2,00,2,2,0,0,1,0,1,4,1,51,1,2,2,0,2,7,0,201700028208B01,7,0,1,244400610
201700028209,2017-01-14,2017,janvier,samedi,16:40,44,44132,47.27165,-2.35404,2,1,3,1,8,4,3,02,1,1,0,0,1,0,5,4,1,43,5,1,2,0,2,1,1,201700028209B01,7,15,1,244400644
201700028217,2017-04-29,2017,avril,samedi,16:55,44,44132,47.26265,-2.33432,2,1,3,1,1,3,2,02,1,1,0,0,1,0,1,3,2,78,5,1,2,0,2,8,11,201700028217A01,7,2,1,244400644
201700028219,2017-06-22,2017,juin,jeudi,00:45,44,44132,47.26704,-2.34149,2,2,3,5,1,4,2,02,1,1,0,52,1,0,1,4,1,52,5,2,9,0,2,8,1,201700028219B01,7,1,1,244400644
201700028224,2017-08-08,2017,août,mardi,02:15,44,44055,47.29693,-2.36411,2,1,2,5,1,4,2,02,2,1,0,30,1,0,5,4,2,17,5,3,9,0,2,4,2,201700028224A01,7,0,1,244400610
201700028227,2017-09-05,2017,septembre,mardi,12:00,44,44132,47.25935,-2.34064,2,6,2,1,1,4,3,01,1,-1,10,10,1,0,5,3,2,69,5,2,2,0,2,1,2,201700028227A01,1,2,1,244400644
201700028227,2017-09-05,2017,septembre,mardi,12:00,44,44132,47.25935,-2.34064,2,6,2,1,1,4,3,01,1,-1,10,10,1,0,5,1,1,52,5,2,2,0,2,4,2,201700028227B01,1,2,1,244400644
201700028229,2017-09-26,2017,septembre,mardi,11:03,44,44055,47.29107,-2.39542,2,6,2,1,1,3,3,02,1,3,0,60,1,5,1,4,2,73,5,2,2,0,2,3,1,201700028229A01,7,1,1,244400610
201700028232,2017-10-07,2017,octobre,samedi,17:00,44,44132,47.26534,-2.34525,2,9,3,1,1,4,-1,01,1,-1,10,30,1,0,1,4,1,84,5,2,2,0,2,7,1,201700028232B01,7,9,1,244400644
201700028233,2017-12-04,2017,décembre,lundi,10:19,44,44132,47.26806,-2.34219,2,4,3,1,7,4,2,01,1,1,0,42,1,0,1,3,2,85,5,2,2,0,2,1,1,201700028233A01,7,15,1,244400644
201700028236,2017-11-24,2017,novembre,vendredi,16:45,44,44109,47.26433,-1.57416,2,6,6,1,1,4,-1,00,1,1,0,0,1,0,1,3,1,23,0,2,9,0,2,0,1,201700028236B01,7,1,1,244400404
201700028240,2017-11-17,2017,novembre,vendredi,11:35,44,44143,47.19398,-1.54546,2,1,3,1,1,4,1,02,1,1,0,0,1,0,0,3,2,21,0,3,2,0,4,1,1,201700028240A01,40,1,1,244400404
201700028251,2017-11-30,2017,novembre,jeudi,08:30,44,44162,47.23243,-1.64813,2,1,3,1,1,3,1,02,1,1,0,0,-1,0,1,3,1,43,0,2,2,0,2,7,1,201700028251B01,7,1,1,244400404
201700028265,2017-12-04,2017,décembre,lundi,08:00,44,44109,47.23517,-1.5437,2,1,2,2,1,4,2,00,2,1,0,0,1,0,0,3,1,19,0,2,2,0,2,1,1,201700028265A01,7,1,1,244400404
201700028266,2017-01-27,2017,janvier,vendredi,10:35,44,44109,47.2053,-1.54736,2,3,3,1,1,4,-1,00,-1,-1,0,0,-1,0,0,3,1,26,0,1,2,0,2,0,0,201700028266B01,15,0,1,244400404
201700028278,2017-01-09,2017,janvier,lundi,20:30,44,44143,47.17628,-1.56419,2,2,6,5,2,4,-1,00,-1,-1,0,0,2,0,0,4,1,34,0,1,2,0,2,0,0,201700028278B01,7,0,1,244400404
201700028295,2017-02-10,2017,février,vendredi,23:08,44,44109,47.22057,-1.55517,2,2,6,5,1,4,-1,00,-1,-1,0,0,-1,0,0,3,1,34,0,2,9,0,4,0,1,201700028295A01,40,1,1,244400404
201700028298,2017-02-09,2017,février,jeudi,17:15,44,44114,47.24089,-1.59246,2,1,3,1,1,4,2,02,1,1,0,0,1,0,0,3,2,18,0,3,2,0,2,8,0,201700028298B01,7,0,1,244400404
201700028310,2017-03-04,2017,mars,samedi,16:00,44,44162,47.23125,-1.64891,1,1,2,1,8,3,-1,00,1,1,0,0,-1,0,1,3,2,70,0,2,2,0,0,4,1,201700028310B01,32,1,1,244400404
201700028321,2017-03-30,2017,mars,jeudi,09:10,44,44109,47.23354,-1.51101,2,1,6,1,1,4,-1,00,-1,-1,0,0,-1,0,1,1,1,47,0,1,2,0,1,1,0,201700028321A01,,,,244400404
201700028329,2017-03-14,2017,mars,mardi,20:15,44,44109,47.20927,-1.56666,2,1,6,5,1,4,1,01,1,2,0,0,1,0,1,3,1,45,0,1,2,0,2,0,0,201700028329A01,7,0,1,244400404
201700028341,2017-04-21,2017,avril,vendredi,09:00,44,44109,47.21456,-1.57282,2,3,6,1,1,4,2,00,1,1,0,0,1,0,0,3,1,22,0,1,9,0,2,1,1,201700028341B01,7,15,1,244400404
201700028350,2017-04-06,2017,avril,jeudi,17:12,44,44143,47.19279,-1.55476,2,1,3,1,1,4,1,00,1,2,0,0,1,0,1,4,1,21,0,1,2,0,2,1,1,201700028350B01,7,1,1,244400404
201700028351,2017-05-22,2017,mai,lundi,08:30,44,44109,47.23168,-1.52283,2,1,3,1,1,4,2,00,1,1,0,0,1,0,1,4,1,12,0,3,2,1,0,0,1,201700028351B01,7,15,1,244400404
201700028352,2017-04-22,2017,avril,samedi,18:45,44,44162,47.21984,-1.62406,2,1,6,1,1,4,1,00,1,-1,0,0,1,0,0,4,1,30,0,1,2,0,2,0,1,201700028352B01,7,1,1,244400404
201700028357,2017-04-18,2017,avril,mardi,18:50,44,44109,47.22407,-1.59637,2,1,6,1,1,4,2,00,2,1,0,0,1,0,1,3,1,17,0,3,2,0,0,0,1,201700028357A01,32,1,1,244400404
201700028362,2017-04-26,2017,avril,mercredi,12:15,44,44143,47.18803,-1.55142,2,1,3,1,1,4,2,00,1,1,0,0,1,0,1,3,1,11,0,2,2,0,2,0,1,201700028362B01,7,1,1,244400404
201700028363,2017-04-07,2017,avril,vendredi,23:40,44,44109,47.19702,-1.54291,2,1,6,5,1,4,-1,00,-1,-1,0,0,-1,0,0,4,2,31,0,1,2,0,0,0,1,201700028363B01,7,15,1,244400404
201700028364,2017-04-11,2017,avril,mardi,12:20,44,44109,47.23971,-1.51332,2,1,6,1,1,4,-1,00,-1,-1,0,0,-1,0,0,4,1,52,0,1,2,0,2,1,1,201700028364B01,7,15,1,244400404
201700028373,2017-05-28,2017,mai,dimanche,03:45,44,44109,47.20903,-1.54134,1,1,6,5,1,4,-1,00,1,-1,0,0,1,0,1,4,1,32,0,1,9,0,2,0,1,201700028373B01,7,0,1,244400404
201700028378,2017-05-28,2017,mai,dimanche,20:15,44,44109,47.21649,-1.53359,2,1,6,1,1,4,2,00,1,4,0,0,1,0,1,4,1,14,0,1,9,0,2,0,1,201700028378B01,7,0,1,244400404
201700028378,2017-05-28,2017,mai,dimanche,20:15,44,44109,47.21649,-1.53359,2,1,6,1,1,4,2,00,1,4,0,0,1,0,1,1,1,13,0,1,9,0,2,0,1,201700028378B01,7,0,1,244400404
201700028389,2017-05-05,2017,mai,vendredi,18:30,44,44109,47.23784,-1.54475,2,1,6,1,1,4,-1,00,-1,-1,0,0,-1,0,1,4,1,26,0,1,2,0,2,0,1,201700028389B01,7,0,1,244400404
201700028401,2017-06-01,2017,juin,jeudi,07:58,44,44109,47.2138,-1.57499,2,1,3,1,1,4,2,00,2,1,0,0,1,0,0,3,1,18,0,3,2,1,2,8,2,201700028401B01,7,1,1,244400404
201700028404,2017-06-24,2017,juin,samedi,20:45,44,44109,47.19558,-1.54665,2,1,3,1,1,4,-1,00,-1,-1,0,0,-1,0,0,4,2,47,0,3,2,0,2,0,1,201700028404B01,7,1,1,244400404
201700028411,2017-06-06,2017,juin,mardi,13:10,44,44109,47.23386,-1.53557,2,1,2,1,1,4,2,00,1,1,0,0,1,0,1,3,1,44,1,3,2,0,2,4,15,201700028411B01,7,1,1,244400404
201700028412,2017-06-19,2017,juin,lundi,14:45,44,44109,47.21248,-1.55575,2,1,3,1,1,4,-1,00,-1,-1,0,0,-1,0,0,3,2,17,5,2,2,0,2,8,1,201700028412A01,7,1,1,244400404
201700028414,2017-06-07,2017,juin,mercredi,19:00,44,44109,47.23082,-1.55663,2,6,3,1,1,4,2,02,1,1,0,0,1,0,1,4,2,32,5,2,2,0,2,1,1,201700028414B01,7,19,1,244400404
201700028417,2017-06-02,2017,juin,vendredi,07:40,44,44109,47.21182,-1.54351,2,6,3,1,1,4,3,02,1,1,0,0,1,0,1,4,1,34,0,3,2,0,2,1,1,201700028417A01,7,1,1,244400404
201700028425,2017-06-24,2017,juin,samedi,16:40,44,44109,47.2788,-1.50928,2,1,7,1,1,4,2,02,1,3,0,0,1,0,1,3,2,68,0,2,2,0,0,2,16,201700028425A01,,,,244400404
201700028430,2017-07-03,2017,juillet,lundi,13:35,44,44162,47.22956,-1.60622,2,1,3,1,1,4,2,00,1,1,0,0,1,0,1,3,1,10,0,1,2,0,2,1,16,201700028430B01,7,1,1,244400404
201700028434,2017-07-17,2017,juillet,lundi,18:30,44,44109,47.2227,-1.59737,2,1,6,1,1,4,-1,00,-1,-1,0,0,-1,0,0,3,1,70,0,1,2,0,2,0,1,201700028434A01,7,0,1,244400404
201700028436,2017-07-14,2017,juillet,vendredi,20:00,44,44109,47.20446,-1.55329,2,1,6,2,1,4,-1,00,-1,-1,0,0,-1,0,1,3,1,60,0,1,2,0,2,0,1,201700028436B01,7,1,1,244400404
201700028444,2017-07-16,2017,juillet,dimanche,07:18,44,44114,47.25253,-1.61572,2,1,6,2,7,4,1,00,1,3,0,0,1,0,1,3,1,41,0,1,9,0,2,0,5,201700028444A01,7,1,1,244400404
201700028445,2017-07-06,2017,juillet,jeudi,17:15,44,44109,47.26805,-1.52187,2,1,6,1,1,4,-1,00,-1,-1,0,0,-1,0,0,3,1,60,0,1,9,0,2,0,0,201700028445B01,37,1,1,244400404
201700028455,2017-08-12,2017,août,samedi,11:00,44,44109,47.22055,-1.60323,2,1,6,1,2,4,2,00,1,1,0,0,1,0,0,3,1,27,0,1,2,0,0,0,1,201700028455B01,7,1,1,244400404
201700028456,2017-08-28,2017,août,lundi,16:00,44,44109,47.25361,-1.57612,2,2,6,1,1,4,2,02,1,1,0,0,1,0,1,3,1,55,0,1,2,0,0,0,1,201700028456B01,37,1,1,244400404
201700028468,2017-09-12,2017,septembre,mardi,11:15,44,44190,47.19612,-1.52362,2,1,7,1,1,4,2,02,1,1,0,0,1,0,1,4,2,32,0,3,2,0,2,0,1,201700028468B01,7,1,1,244400404
201700028470,2017-10-06,2017,octobre,vendredi,13:56,44,44109,47.21183,1.57834,2,1,3,1,1,4,2,02,1,1,0,0,1,0,1,3,2,31,0,1,2,0,2,8,1,201700028470B01,7,16,1,244400404
201700028471,2017-09-08,2017,septembre,vendredi,17:00,44,44109,47.26587,-1.52335,2,1,2,1,1,4,-1,00,1,1,0,0,1,0,1,4,1,40,0,3,2,0,2,0,1,201700028471B01,7,1,1,244400404
201700028479,2017-09-23,2017,septembre,samedi,15:20,44,44114,47.25581,-1.62004,2,1,3,1,1,4,2,02,4,3,0,0,1,0,1,3,1,57,5,1,2,0,2,3,1,201700028479A01,7,1,1,244400404
201700028482,2017-10-28,2017,octobre,samedi,22:00,44,44114,47.24233,-1.59191,2,1,3,5,1,4,3,01,1,1,0,0,1,0,5,3,1,33,0,3,2,0,2,8,1,201700028482A01,37,1,1,244400404
201700028488,2017-10-15,2017,octobre,dimanche,02:10,44,44109,47.24194,-1.55636,2,1,3,5,1,4,2,02,1,1,0,0,1,0,1,3,1,23,0,3,2,0,2,7,15,201700028488A01,7,1,1,244400404
201700028505,2017-11-17,2017,novembre,vendredi,09:10,44,44109,47.20724,-1.55888,2,1,2,1,1,4,2,02,1,1,0,0,1,0,1,3,2,24,0,2,2,1,0,1,1,201700028505B01,7,1,1,244400404
201700028514,2017-11-16,2017,novembre,jeudi,18:25,44,44109,47.2222,-1.54898,2,6,6,3,9,4,-1,00,1,1,0,0,1,0,1,3,1,20,0,1,2,0,2,1,5,201700028514A01,2,1,1,244400404
201700028524,2017-02-10,2017,février,vendredi,13:10,44,44184,47.26191,-2.23811,2,3,6,1,1,4,2,02,1,1,0,0,1,0,4,3,1,15,2,2,2,0,2,1,1,201700028524A01,7,16,1,244400644
201700028531,2017-02-21,2017,février,mardi,11:05,44,44184,47.27286,-2.21855,2,3,2,1,1,4,2,00,2,1,0,0,2,0,1,3,2,81,0,1,2,0,2,0,2,201700028531A01,7,0,1,244400644
201700028543,2017-05-03,2017,mai,mercredi,16:45,44,44184,47.25237,-2.26138,2,3,3,1,1,4,-1,00,1,1,0,0,1,0,0,4,1,50,0,1,2,0,2,1,1,201700028543B01,7,15,1,244400644
201700028545,2017-05-15,2017,mai,lundi,16:50,44,44184,47.27829,-2.20971,2,2,1,1,1,4,2,03,1,1,0,0,1,0,1,3,1,70,5,2,2,0,2,1,1,201700028545B01,7,1,1,244400644
201700028555,2017-07-06,2017,juillet,jeudi,19:45,44,44184,47.26482,-2.2433,2,6,3,1,1,4,-1,02,1,-1,0,0,1,0,1,4,2,35,0,1,9,0,2,1,1,201700028555B01,7,9,1,244400644
201700028560,2017-08-13,2017,août,dimanche,15:20,44,44184,47.2596,-2.259,2,2,6,1,1,4,2,02,1,1,0,0,1,0,1,4,1,35,1,1,2,0,2,1,1,201700028560B01,7,9,1,244400644
201700028563,2017-09-06,2017,septembre,mercredi,06:50,44,44184,47.2707,-2.25695,1,3,3,3,1,4,2,02,1,1,0,0,2,0,1,4,1,45,1,1,9,0,2,1,1,201700028563B01,7,15,1,244400644
201700028570,2017-10-08,2017,octobre,dimanche,09:00,44,44184,47.2904,-2.2658,2,2,3,1,2,4,2,02,1,1,0,0,2,0,1,4,1,50,5,1,2,0,2,8,1,201700028570B01,7,1,1,244400644
201700028571,2017-10-09,2017,octobre,lundi,16:45,44,44184,47.26433,-2.25756,2,1,3,1,1,3,2,02,1,3,0,0,1,0,1,4,2,77,5,1,9,0,2,8,1,201700028571B01,7,14,1,244400644
201700028572,2017-10-10,2017,octobre,mardi,17:05,44,44184,47.26535,-2.26772,2,6,3,1,1,4,2,02,1,1,0,0,1,0,1,3,2,63,0,2,2,0,2,0,1,201700028572B01,10,16,1,244400644
201700028595,2017-12-24,2017,décembre,dimanche,17:30,44,44184,47.2833,-2.2137,2,1,1,5,8,4,2,02,1,1,0,0,1,0,1,3,1,13,5,2,2,0,2,8,19,201700028595B01,7,1,1,244400644