Num_Acc,date,an,mois,jour,hrmn,dep,com,lat,long,agg,int,col,lum,atm,catr,circ,nbv,prof,plan,lartpc,larrout,surf,infra,situ,grav,sexe,age,trajet,secuexist,equipement,obs,obsm,choc,manv,vehiculeid,typevehicules,manoeuvehicules,numVehicules,_infos_commune.code_epci
201700030487,2017-06-26,2017,juin,lundi,08:55,54,54184,48.70737,6.24476,2,1,2,1,1,4,2,02,1,1,0,0,1,0,1,4,1,55,5,1,2,0,2,4,2,201700030487B01,7,2,1,245400676
201700030488,2017-06-27,2017,juin,mardi,09:15,54,54395,48.6832,6.16621,2,2,3,1,1,4,1,01,1,1,0,0,1,0,1,4,1,50,5,2,2,0,2,1,5,201700030488A01,7,1,1,245400676
201700030495,2017-07-01,2017,juillet,samedi,08:10,54,54184,48.70833,6.24436,2,6,3,1,1,4,2,04,1,1,0,0,1,0,1,4,1,36,5,2,2,0,2,8,1,201700030495B01,7,1,1,245400676
201700030503,2017-07-11,2017,juillet,mardi,18:04,54,54395,48.69671,6.17463,2,2,3,1,1,4,1,02,1,1,0,0,1,0,1,4,1,19,5,3,9,0,2,1,1,201700030503A01,7,1,1,245400676
201700030515,2017-07-04,2017,juillet,mardi,19:40,54,54184,48.7031,6.22797,2,2,3,1,1,4,2,02,1,-1,0,0,1,0,1,4,1,19,5,3,9,0,2,1,1,201700030515B01,10,16,1,245400676
201700030521,2017-07-18,2017,juillet,mardi,19:20,54,54547,48.66292,6.17249,2,1,3,1,1,4,1,02,1,-1,0,0,1,0,1,4,1,22,1,3,2,0,2,8,1,201700030521B01,7,14,1,245400676
201700030526,2017-08-07,2017,août,lundi,19:25,54,54395,48.68666,6.17134,2,2,1,1,1,4,1,01,1,1,0,0,1,0,1,4,1,47,5,2,2,0,2,1,1,201700030526A01,7,15,1,245400676
201700030529,2017-08-09,2017,août,mercredi,09:15,54,54395,48.69568,6.17664,2,3,3,1,1,4,1,02,1,1,0,0,1,0,1,4,2,67,5,2,2,0,2,1,1,201700030529B01,10,16,1,245400676
201700030532,2017-08-09,2017,août,mercredi,14:55,54,54395,48.68063,6.17893,2,2,3,1,1,4,1,02,1,1,0,0,1,4,1,4,1,13,0,1,2,0,2,1,7,201700030532A01,7,15,1,245400676
201700030547,2017-08-24,2017,août,jeudi,19:25,54,54274,48.6703,6.20901,2,1,3,1,1,4,2,01,1,1,0,0,1,0,1,4,2,30,5,3,2,0,2,1,1,201700030547B01,1,15,1,245400676
201700030547,2017-08-24,2017,août,jeudi,19:25,54,54274,48.6703,6.20901,2,1,3,1,1,4,2,01,1,1,0,0,1,0,1,1,2,21,5,3,2,0,2,7,15,201700030547A01,1,1,1,245400676
201700030556,2017-08-29,2017,août,mardi,16:30,54,54339,48.71678,6.1842,2,3,3,1,1,4,2,02,1,1,0,0,1,0,1,3,1,22,5,3,9,0,2,1,1,201700030556B01,7,1,1,245400676
201700030569,2017-09-17,2017,septembre,dimanche,18:25,54,54395,48.68911,6.16143,2,3,3,1,1,4,2,02,1,1,0,0,1,0,0,4,2,20,0,1,2,0,2,1,14,201700030569B01,7,1,1,245400676
201700030575,2017-09-22,2017,septembre,vendredi,15:25,54,54395,48.70481,6.18332,2,1,6,1,1,4,2,02,1,1,0,0,1,0,4,4,1,67,5,3,2,1,0,1,1,201700030575B01,,,,245400676
201700030582,2017-09-29,2017,septembre,vendredi,07:15,54,54184,48.70398,6.2462,2,1,3,2,1,4,2,02,1,1,0,0,1,0,1,4,1,26,5,3,2,0,2,8,1,201700030582B01,7,17,1,245400676
201700030588,2017-10-04,2017,octobre,mercredi,13:05,54,54395,48.68728,6.19892,2,1,3,1,1,4,1,02,1,1,0,0,1,0,1,4,1,81,5,3,2,0,2,1,1,201700030588B01,7,9,1,245400676
201700030589,2017-10-04,2017,octobre,mercredi,14:00,54,54395,48.67643,6.20611,2,1,3,1,1,4,2,04,1,1,0,0,1,0,1,4,1,59,5,3,2,0,2,8,1,201700030589A01,7,1,1,245400676
201700030604,2017-10-16,2017,octobre,lundi,17:12,54,54395,48.68522,6.16648,2,3,3,1,1,4,1,01,1,1,0,0,1,0,1,4,1,41,5,2,2,0,2,1,5,201700030604A01,7,16,1,245400676
201700030605,2017-10-16,2017,octobre,lundi,18:25,54,54526,48.67841,6.22172,2,1,3,1,1,4,2,02,1,1,0,0,1,0,1,4,1,5,5,3,2,0,2,8,13,201700030605A01,7,1,1,245400676
201700030609,2017-10-20,2017,octobre,vendredi,20:00,54,54578,48.67551,6.15245,2,1,5,5,1,4,2,02,2,-1,0,0,1,0,1,4,1,30,5,2,2,0,2,1,1,201700030609C01,7,17 / 1,2,245400676
201700030619,2017-10-17,2017,octobre,mardi,13:30,54,54274,48.6597,6.20669,2,3,3,1,1,4,2,02,1,1,0,0,1,0,1,4,1,15,5,3,2,0,2,1,1,201700030619B01,7,15,1,245400676
201700030622,2017-11-04,2017,novembre,samedi,14:50,54,54395,48.69973,6.1653,2,3,3,1,1,4,1,02,1,1,0,0,1,0,1,4,1,20,0,1,2,1,2,1,1,201700030622A01,7,1,1,245400676
201700030623,2017-11-08,2017,novembre,mercredi,07:45,54,54395,48.67453,6.17539,2,3,6,1,1,4,1,02,3,1,0,0,2,0,1,1,1,20,0,1,2,0,1,1,7,201700030623A01,,,,245400676
201700030629,2017-11-13,2017,novembre,lundi,18:05,54,54304,48.68458,6.15396,2,3,3,5,1,4,2,03,1,1,0,0,1,0,1,4,1,25,5,3,2,0,2,8,1,201700030629B01,7,15,1,245400676
201700030630,2017-11-08,2017,novembre,mercredi,12:00,54,54395,48.6748,6.19583,2,1,6,1,9,4,2,02,-1,-1,0,0,-1,0,1,4,2,21,2,2,2,0,9,1,1,201700030630B01,1,5,1,245400676
201700030637,2017-11-22,2017,novembre,mercredi,09:25,54,54395,48.66834,6.16215,2,3,3,1,1,4,1,01,2,1,0,0,1,0,1,4,1,69,5,3,2,0,2,8,19,201700030637B01,7,1,1,245400676
201700030644,2017-11-19,2017,novembre,dimanche,22:35,54,54547,48.6665,6.16655,2,7,6,5,1,4,-1,00,1,1,0,0,-1,0,1,4,1,35,0,2,2,0,2,1,19,201700030644B01,,,,245400676
201700030735,2017-04-05,2017,avril,mercredi,18:15,55,55545,49.152,5.38397,1,1,1,1,1,4,2,01,2,1,0,0,1,0,1,4,1,74,5,1,9,0,2,1,1,201700030735B01,10,1,1,200049187
201700030745,2017-09-17,2017,septembre,dimanche,08:55,55,55545,49.158,5.3,2,1,7,1,1,4,1,02,1,1,0,0,1,0,1,3,2,67,5,2,2,0,2,7,1,201700030745B01,7,24,1,200049187
201700030747,2017-12-12,2017,décembre,mardi,13:20,55,55545,49.14602,5.39143,2,3,1,1,1,4,2,02,2,1,0,0,1,0,1,3,1,78,5,1,2,0,2,7,19,201700030747A01,7,1,1,200049187
201700030770,2017-02-01,2017,février,mercredi,08:00,56,56121,47.75485,-3.36326,2,2,3,5,2,4,2,02,1,1,0,0,2,0,1,4,1,40,1,1,2,0,2,1,1,201700030770B01,7,16,1,200042174
201700030772,2017-02-04,2017,février,samedi,18:33,56,56162,47.73769,-3.43922,2,3,3,5,2,4,2,02,1,1,0,0,2,0,1,4,2,43,5,1,2,0,2,8,16,201700030772A01,31,1,1,200042174
201700030772,2017-02-04,2017,février,samedi,18:33,56,56162,47.73769,-3.43922,2,3,3,5,2,4,2,02,1,1,0,0,2,0,1,4,2,8,5,1,2,0,2,8,16,201700030772A01,31,1,1,200042174
201700030780,2017-02-22,2017,février,mercredi,16:40,56,56121,47.75511,-3.36326,2,1,6,1,8,4,2,04,1,1,0,0,1,0,1,3,2,51,0,1,2,0,2,6,2,201700030780B01,7,7,1,200042174
201700030791,2017-03-10,2017,mars,vendredi,07:59,56,56121,47.73643,-3.38301,2,6,3,1,5,3,2,02,4,1,0,0,2,0,1,4,1,12,2,1,2,0,2,2,15,201700030791B01,7,1,1,200042174
201700030799,2017-03-19,2017,mars,dimanche,12:45,56,56162,47.73037,-3.43196,2,1,6,1,1,3,2,02,1,1,0,0,1,0,1,4,1,61,5,1,2,0,2,0,0,201700030799B01,7,0,1,200042174
201700030832,2017-05-08,2017,mai,lundi,14:47,56,56121,47.74664,-3.36626,2,6,3,1,1,9,-1,00,1,1,0,0,1,0,1,4,1,38,0,3,9,0,2,0,0,201700030832B01,7,0,1,200042174
201700030838,2017-05-15,2017,mai,lundi,08:40,56,56121,47.74138,-3.37284,2,1,6,1,1,4,2,02,1,1,0,0,1,0,1,4,1,35,0,1,2,0,9,2,1,201700030838B01,7,22,1,200042174
201700030848,2017-05-30,2017,mai,mardi,10:40,56,56121,47.74268,-3.36069,2,2,3,1,1,4,2,02,1,1,0,0,1,0,1,4,1,77,5,1,2,0,2,1,1,201700030848A01,7,1,1,200042174
201700030859,2017-06-13,2017,juin,mardi,09:55,56,56121,47.75805,-3.36519,2,1,6,1,1,4,2,02,2,1,0,0,1,0,1,4,1,40,5,3,2,0,2,1,1,201700030859B01,7,22,1,200042174
201700030869,2017-06-29,2017,juin,jeudi,19:15,56,56098,47.76991,-3.34252,2,1,1,1,1,4,2,02,4,1,0,0,1,0,1,4,1,13,5,3,2,0,2,1,1,201700030869B01,7,1,1,200042174
201700030884,2017-07-24,2017,juillet,lundi,17:00,56,56121,47.74802,-3.3749,2,1,6,1,1,9,2,02,-1,1,0,0,1,0,1,4,1,37,0,3,9,12,0,7,1,201700030884A01,,,,200042174
201700030885,2017-07-25,2017,juillet,mardi,15:00,56,56121,47.74358,-3.3682,2,1,2,1,1,9,-1,00,-1,-1,0,0,1,0,1,4,1,13,0,3,9,0,2,1,2,201700030885A01,7,2,1,200042174
201700030892,2017-08-10,2017,août,jeudi,13:25,56,56121,47.73352,-3.38526,2,6,3,1,1,3,2,02,1,1,0,0,1,5,1,4,1,53,0,1,2,0,2,5,1,201700030892B01,7,9,1,200042174
201700030896,2017-08-18,2017,août,vendredi,18:15,56,56121,47.74994,-3.3664,2,6,3,1,1,4,2,02,1,1,0,0,1,0,1,4,2,23,4,1,2,0,2,8,15,201700030896B01,7,17,1,200042174
201700030908,2017-09-09,2017,septembre,samedi,16:48,56,56098,47.77096,-3.34594,2,3,3,1,1,4,2,02,4,1,0,0,-1,0,0,4,1,16,5,1,2,0,2,1,16,201700030908A01,7,1,1,200042174
201700030929,2017-10-06,2017,octobre,vendredi,18:27,56,56121,47.75617,-3.39118,2,3,3,1,1,4,2,02,1,1,0,0,1,0,5,4,1,17,2,1,2,0,2,1,1,201700030929B01,7,19,1,200042174
201700030932,2017-10-13,2017,octobre,vendredi,18:40,56,56121,47.73671,-3.38294,2,1,3,1,1,3,2,02,4,1,0,0,1,0,5,4,1,40,5,1,2,0,2,1,1,201700030932B01,7,16,1,200042174
201700030946,2017-10-30,2017,octobre,lundi,16:20,56,56121,47.73929,-3.38032,2,6,3,1,1,4,1,01,1,1,0,0,1,0,1,4,1,13,5,1,2,0,2,5,19,201700030946B01,7,1,1,200042174
201700030947,2017-11-01,2017,novembre,mercredi,01:25,56,56121,47.7482,-3.35771,2,3,6,5,1,4,1,01,1,1,0,0,1,0,1,4,1,19,5,2,2,1,0,1,16,201700030947A01,,,,200042174
201700030959,2017-11-16,2017,novembre,jeudi,14:30,56,56107,47.7069,-3.38385,2,6,3,1,1,4,3,02,1,1,0,0,1,5,1,4,1,19,5,2,2,0,2,7,1,201700030959B01,10,9,1,200042174
201700030961,2017-11-19,2017,novembre,dimanche,04:20,56,56121,47.75322,-3.37555,2,1,7,5,1,9,-1,00,-1,-1,0,0,-1,0,1,4,1,29,0,3,9,16,0,0,0,201700030961A01,,,,200042174
201700030971,2017-11-30,2017,novembre,jeudi,08:30,56,56098,47.75602,-3.34309,2,2,3,2,1,4,2,01,1,1,0,0,1,0,0,4,1,11,2,1,2,0,2,3,19,201700030971B01,7,1,1,200042174
201700030975,2017-12-01,2017,décembre,vendredi,20:10,56,56121,47.74532,-3.36967,2,3,3,5,1,4,1,01,2,1,0,0,1,0,0,2,1,44,5,2,2,0,2,1,16,201700030975B01,37,1,1,200042174
201700030976,2017-12-02,2017,décembre,samedi,13:53,56,56121,47.73776,-3.39119,2,6,3,1,8,3,1,01,1,1,0,0,1,5,1,4,1,46,5,3,2,0,2,7,1,201700030976B01,7,9,1,200042174
201700031006,2017-09-29,2017,septembre,vendredi,13:50,34,34111,43.93303,3.71042,2,1,6,1,1,4,2,02,2,1,0,55,1,0,1,4,1,14,2,2,2,0,1,1,1,201700031006A01,,,,243400736
201700031033,2017-03-01,2017,mars,mercredi,15:45,56,56260,47.66131,-2.75711,2,2,5,1,1,4,1,02,2,1,0,0,1,0,1,4,1,15,5,2,2,0,2,1,1,201700031033B01,7,15,1,200067932
201700031033,2017-03-01,2017,mars,mercredi,15:45,56,56260,47.66131,-2.75711,2,2,5,1,1,4,1,02,2,1,0,0,1,0,1,4,1,15,5,2,2,0,2,1,1,201700031033C01,7,15,1,200067932
201700031044,2017-05-23,2017,mai,mardi,18:20,56,56260,47.64175,-2.76111,2,1,6,1,1,9,2,01,1,1,0,0,1,6,3,1,1,12,5,1,4,0,1,1,2,201700031044A01,,,,200067932
201700031047,2017-06-04,2017,juin,dimanche,10:00,56,56260,47.64622,-2.78018,2,2,3,1,1,4,2,03,1,1,0,98,1,0,0,3,1,47,5,1,2,0,2,1,1,201700031047A01,7,15,1,200067932
201700031049,2017-06-19,2017,juin,lundi,18:45,56,56260,47.66131,-2.7571,2,2,3,1,1,4,2,02,2,1,0,0,1,0,1,3,1,35,1,2,2,0,2,1,1,201700031049B01,7,15,1,200067932
201700031051,2017-06-14,2017,juin,mercredi,20:22,56,56260,47.66446,-2.7812,2,1,3,1,1,3,2,02,1,3,0,0,1,0,1,4,1,60,5,3,9,0,2,7,19,201700031051A01,7,1,1,200067932
201700031055,2017-07-20,2017,juillet,jeudi,20:15,56,56260,47.6332,-2.7456,1,1,2,2,1,3,2,02,1,1,0,0,1,0,5,3,1,28,5,1,2,0,2,1,1,201700031055B01,7,23,1,200067932
201700031058,2017-08-25,2017,août,vendredi,17:25,56,56260,47.66559,-2.78741,2,1,2,1,1,4,2,02,1,1,0,0,1,0,1,3,1,48,3,1,2,0,2,4,1,201700031058B01,7,17,1,200067932
201700031061,2017-09-30,2017,septembre,samedi,09:55,56,56260,47.65307,-2.78328,2,6,3,1,1,4,1,02,1,3,0,0,-1,0,0,3,1,56,5,1,2,0,2,1,19,201700031061A01,7,1,1,200067932
201700031069,2017-12-19,2017,décembre,mardi,11:15,56,56260,47.6487,-2.75468,2,3,3,1,1,3,2,02,3,1,0,55,1,0,1,3,2,25,1,2,9,0,2,0,1,201700031069B01,7,15,1,200067932
201700031101,2017-07-14,2017,juillet,vendredi,09:45,33,33002,44.50332,-0.05213,1,1,6,1,1,4,2,02,1,3,0,48,1,0,3,2,1,71,5,1,2,13,0,0,14,201700031101A01,,,,200044394
201700031112,2017-02-14,2017,février,mardi,14:06,33,33081,44.63493,-0.30851,2,5,3,1,1,3,2,02,1,3,7,110,1,,1,3,1,62,5,2,2,0,2,6,1,201700031112B01,7,16,1,200069581
201700031117,2017-04-11,2017,avril,mardi,18:45,40,40065,43.64847,-1.44393,2,9,3,1,1,9,2,02,1,-1,6,10,1,0,1,3,1,17,5,2,4,0,2,1,19,201700031117B01,7,1,1,244000865
201700031120,2017-09-08,2017,septembre,vendredi,11:15,40,40304,43.66927,-1.43949,2,6,3,1,1,4,1,01,1,-1,0,15,1,,,3,2,57,5,2,2,0,2,4,14,201700031120B01,7,2,1,244000865
201700031121,2017-09-20,2017,septembre,mercredi,19:10,40,40065,43.64411,-1.43284,2,3,3,1,1,4,2,02,1,1,,,1,0,1,2,1,86,5,2,2,0,2,1,1,201700031121B01,7,15,1,244000865
201700031122,2017-11-22,2017,novembre,mercredi,09:08,40,40065,43.64075,-1.42721,2,6,3,1,7,4,1,01,1,1,808,715,1,5,1,3,1,35,1,3,9,0,2,7,1,201700031122B01,7,9,1,244000865
201700031139,2017-02-22,2017,février,mercredi,07:45,57,57597,49.25536,6.06078,2,4,3,1,2,9,2,02,2,1,0,0,2,0,1,4,1,25,0,2,2,0,2,1,15,201700031139A01,7,2,1,245701271
201700031146,2017-08-30,2017,août,mercredi,19:54,57,57283,49.25006,6.17002,2,1,2,1,1,3,1,00,1,2,0,0,1,0,1,3,1,27,5,3,9,0,2,4,2,201700031146A01,7,2,1,200039949
201700031155,2017-01-11,2017,janvier,mercredi,16:45,57,57463,49.13018,6.21085,2,3,3,2,2,4,2,02,1,3,0,60,2,0,1,4,1,12,5,3,9,0,2,1,1,201700031155B01,7,15,1,200039865
201700031156,2017-01-12,2017,janvier,jeudi,16:50,57,57463,49.11922,6.18409,2,4,3,2,1,4,2,03,1,2,0,63,1,0,1,4,1,45,5,1,2,0,2,7,1,201700031156B01,7,10,1,200039865
201700031160,2017-01-28,2017,janvier,samedi,17:20,57,57463,49.11186,6.17114,2,1,3,5,1,4,3,03,1,1,0,110,1,0,1,4,1,15,5,2,2,0,2,7,19,201700031160B01,7,1,1,200039865
201700031177,2017-03-27,2017,mars,lundi,10:50,57,57463,49.10072,6.18854,2,2,1,1,1,4,2,03,4,1,0,80,1,0,1,4,1,18,5,3,2,0,0,0,0,201700031177B01,7,16,1,200039865
201700031208,2017-06-24,2017,juin,samedi,13:42,57,57463,49.11204,6.2184,2,3,3,1,1,4,2,02,1,1,0,0,1,0,1,4,1,30,9,3,9,0,2,1,8,201700031208B01,7,15,1,200039865
201700031219,2017-08-07,2017,août,lundi,19:35,57,57447,49.07232,6.13955,2,2,3,1,1,3,4,03,1,3,0,116,1,5,1,4,1,15,5,1,9,0,2,0,1,201700031219B01,7,9,1,200039865
201700031230,2017-09-24,2017,septembre,dimanche,18:25,57,57480,49.10369,6.15215,2,1,6,1,1,4,2,02,1,1,0,50,1,6,4,1,1,41,5,2,2,0,1,1,5,201700031230A01,,,,200039865
201700031233,2017-10-03,2017,octobre,mardi,09:10,57,57463,49.10687,6.1719,2,4,3,1,1,4,2,03,1,1,0,110,1,0,1,3,2,29,1,3,9,0,2,1,1,201700031233B01,7,9,1,200039865
201700031237,2017-10-20,2017,octobre,vendredi,07:15,57,57463,49.07895,6.18917,2,3,3,5,2,4,2,02,1,1,0,68,2,0,5,4,1,19,1,2,4,0,2,1,5,201700031237A01,7,23,1,200039865
201700031240,2017-11-15,2017,novembre,mercredi,15:45,57,57463,49.10867,6.18005,2,2,3,1,1,4,2,02,1,1,0,107,1,2,1,4,1,10,0,1,2,0,2,7,19,201700031240B01,10,16,1,200039865
201700031242,2017-11-21,2017,novembre,mardi,07:35,57,57463,49.13058,6.15831,2,1,3,5,2,3,2,02,1,1,0,70,2,0,5,4,1,61,1,1,2,0,2,1,1,201700031242B01,7,15,1,200039865
201700031263,2017-09-15,2017,septembre,vendredi,11:35,57,57630,48.74721,7.06384,2,1,2,1,1,4,2,02,1,1,0,0,1,0,1,3,1,45,5,1,2,1,0,1,24,201700031263A01,17,24,1,200068146
201700031266,2017-10-19,2017,octobre,jeudi,05:10,57,57630,48.7427,7.05233,2,1,6,5,1,4,2,02,1,1,0,52,1,0,1,1,1,28,1,3,4,0,1,1,1,201700031266A01,,,,200068146
201700031268,2017-03-27,2017,mars,lundi,18:50,57,57631,49.12352,7.10573,2,1,2,1,1,3,2,02,1,1,0,70,1,0,1,4,1,26,5,1,2,0,2,1,2,201700031268B01,7,2,1,200070746
201700031270,2017-06-16,2017,juin,vendredi,12:05,57,57631,49.11856,7.074,2,1,3,1,1,4,2,02,2,1,0,71,1,0,1,4,1,15,2,3,9,0,2,1,1,201700031270B01,7,1,1,200070746
201700031285,2017-04-17,2017,avril,lundi,17:30,57,57757,49.34919,6.20352,2,6,3,1,1,3,2,02,1,1,0,62,1,0,1,3,1,46,5,1,2,0,2,2,0,201700031285B01,7,9,1,245701362
201700031288,2017-05-09,2017,mai,mardi,17:20,57,57672,49.35666,6.14299,2,1,3,1,1,3,2,04,1,1,18,140,1,0,1,4,1,34,5,2,2,0,2,7,19,201700031288B01,7,16,1,245701362
201700031289,2017-05-10,2017,mai,mercredi,14:11,57,57306,49.31492,6.0573,1,3,3,1,1,3,2,02,1,1,36,108,1,0,1,3,1,65,5,1,2,0,2,1,1,201700031289B01,7,9,1,245701222
201700031294,2017-05-24,2017,mai,mercredi,19:45,57,57672,49.35309,6.17479,2,6,6,1,1,4,2,01,1,2,0,70,1,0,1,4,1,49,5,1,2,0,2,3,13,201700031294A01,7,0,1,245701362
201700031295,2017-05-26,2017,mai,vendredi,09:10,57,57672,49.35223,6.13857,2,1,6,1,1,4,2,01,1,3,0,84,1,0,1,3,2,47,5,2,2,0,2,4,0,201700031295B01,7,16,1,245701362
201700031296,2017-05-26,2017,mai,vendredi,17:05,57,57221,49.32213,6.11406,2,6,3,1,1,3,2,01,1,2,0,77,1,5,1,2,1,83,5,2,2,0,2,2,0,201700031296B01,7,9,1,245701222
201700031304,2017-07-04,2017,juillet,mardi,11:38,57,57221,49.34388,6.11547,1,6,3,1,1,3,1,01,4,3,0,70,1,0,1,2,1,62,5,2,2,0,2,4,0,201700031304B01,7,9,1,245701222
201700031306,2017-07-16,2017,juillet,dimanche,19:15,57,57672,49.36452,6.17218,2,1,3,1,1,4,2,01,1,1,0,60,1,0,1,3,2,22,5,2,2,0,2,8,19,201700031306B01,7,1,1,245701362
201700031317,2017-08-29,2017,août,mardi,16:35,57,57647,49.31872,6.10234,2,3,3,1,1,3,4,03,1,1,0,120,1,0,1,3,1,72,5,1,2,0,2,1,1,201700031317B01,7,15,1,245701222
201700031325,2017-10-12,2017,octobre,jeudi,12:20,57,57757,49.35271,6.19922,2,1,6,1,1,4,2,02,1,1,0,75,1,0,1,3,1,46,1,2,2,0,2,7,19,201700031325B01,7,1,1,245701362
201700031326,2017-10-13,2017,octobre,vendredi,17:00,57,57647,49.31878,6.10245,2,3,3,1,1,3,4,03,1,1,0,102,1,0,1,4,1,16,5,2,2,0,2,7,15,201700031326A01,7,1,1,245701222
201700031329,2017-10-20,2017,octobre,vendredi,15:00,57,57672,49.3523,6.16058,2,1,6,1,1,4,2,02,1,1,0,78,1,0,4,3,1,55,5,1,2,0,2,1,0,201700031329B01,10,9,1,245701362
201700031336,2017-11-24,2017,novembre,vendredi,18:00,57,57672,49.3664,6.1574,2,3,3,5,2,4,2,02,1,2,0,82,2,0,1,4,2,21,1,2,2,0,2,1,0,201700031336A01,7,15,1,245701362
201700031342,2017-12-22,2017,décembre,vendredi,15:30,57,57672,49.35845,6.13094,2,1,6,1,1,3,2,03,1,3,0,88,1,0,1,4,1,64,5,2,2,0,2,1,19,201700031342B01,7,0,1,245701362
201700031355,2017-08-15,2017,août,mardi,09:30,2A,2A362,41.74982,9.17061,2,1,7,1,1,3,2,02,3,1,0,78,1,0,1,2,1,58,5,2,2,0,0,0,1,201700031355A01,,,,242000495
201700031360,2017-02-21,2017,février,mardi,07:35,33,33001,45.02408,-0.15053,1,3,3,2,1,3,2,02,4,-1,5,210,1,,,2,1,73,5,3,9,0,2,6,15,201700031360B01,7,1,1,200070092
201700031363,2017-06-16,2017,juin,vendredi,21:30,33,33138,45.05027,-0.11741,2,1,1,2,1,3,2,02,1,1,0,60,1,0,1,2,2,25,1,2,2,0,2,1,1,201700031363B01,10,13,1,200070092
201700031383,2017-01-10,2017,janvier,mardi,17:55,58,58194,46.98,3.15,2,1,6,2,1,4,1,01,1,1,0,60,1,0,0,4,1,55,1,2,9,0,0,0,0,201700031383B01,7,0,1,245804406
201700031409,2017-04-13,2017,avril,jeudi,22:10,58,58194,0,0,2,1,6,5,1,4,2,02,2,3,0,131,1,0,0,3,1,19,5,3,9,0,0,0,1,201700031409A01,,,,245804406
201700031412,2017-05-16,2017,mai,mardi,18:45,58,58194,47.00353,3.15915,2,1,3,1,1,4,2,02,1,1,0,0,1,0,1,4,1,26,1,2,9,0,2,0,0,201700031412B01,7,15,1,245804406
201700031419,2017-06-08,2017,juin,jeudi,10:00,58,58194,46.99146,3.15614,2,1,7,1,1,4,2,02,2,1,20,60,1,0,1,4,1,60,9,2,9,0,0,0,0,201700031419A01,,,,245804406
201700031423,2017-06-28,2017,juin,mercredi,16:35,58,58194,46.98,3.16,2,1,7,1,1,4,1,01,1,1,0,60,1,0,1,4,2,14,2,1,2,6,0,1,1,201700031423A01,,,,245804406
201700031428,2017-06-30,2017,juin,vendredi,08:35,58,58194,46.99995,3.15543,2,6,3,1,2,4,1,02,1,2,0,60,2,0,1,4,2,54,1,1,9,0,2,4,1,201700031428B01,7,9,1,245804406
201700031430,2017-07-24,2017,juillet,lundi,05:50,58,58194,46.9861,3.1495,2,3,1,5,1,4,1,02,1,1,0,62,1,0,1,3,1,17,9,3,9,0,2,1,1,201700031430A01,7,15,1,245804406
201700031439,2017-08-08,2017,août,mardi,16:25,58,58194,46.9893,3.15042,2,1,6,1,1,4,2,02,1,1,0,60,1,4,1,1,1,55,5,1,2,0,1,7,7,201700031439A01,,,,245804406
201700031456,2017-10-28,2017,octobre,samedi,12:55,58,58194,46.98576,3.15276,2,3,3,1,1,4,2,02,1,1,0,64,1,0,1,4,1,46,3,2,2,0,2,1,1,201700031456A01,7,16,1,245804406
201700031458,2017-11-02,2017,novembre,jeudi,13:30,58,58194,46.99,3.16,2,1,2,1,1,4,1,01,1,3,20,60,1,0,1,4,1,67,5,1,2,0,2,3,1,201700031458A01,7,23,1,245804406
201700031462,2017-11-22,2017,novembre,mercredi,12:00,58,58194,46.9998,3.15551,2,6,7,1,1,4,1,02,1,1,0,0,1,0,1,4,1,79,5,2,2,0,0,0,13,201700031462B01,7,9,1,245804406
201700031463,2017-11-24,2017,novembre,vendredi,10:25,58,58194,46.99,3.16,2,3,7,1,1,4,1,01,1,1,0,40,1,0,1,3,1,56,5,1,2,0,9,4,2,201700031463B01,7,2,1,245804406
201700031466,2017-12-04,2017,décembre,lundi,12:30,58,58194,46.98,3.15,2,1,2,1,1,4,2,02,2,1,1,60,1,0,1,4,1,14,5,1,2,0,2,1,2,201700031466A01,7,2,1,245804406
201700031484,2017-11-26,2017,novembre,dimanche,17:40,95,95436,49.1327,2.2636,1,1,2,3,1,3,2,02,1,1,,,1,0,1,2,1,18,5,2,9,0,2,4,2,201700031484B01,7,1,1,249500489
201700031487,2017-06-26,2017,juin,lundi,15:00,95,95480,49.1241,2.2167,2,1,6,1,1,4,2,01,1,1,,,1,0,1,4,1,47,5,1,2,14,0,1,1,201700031487A01,,,,249500455
201700031517,2017-07-02,2017,juillet,dimanche,11:40,59,59431,50.70392,2.83831,2,1,6,1,2,4,2,02,1,1,0,0,2,0,1,3,2,57,0,2,2,1,0,1,2,201700031517B01,7,22,1,200040947
201700031524,2017-09-06,2017,septembre,mercredi,07:50,59,59017,50.69288,2.869,2,1,3,1,7,4,2,01,1,1,0,0,1,6,1,3,2,47,1,2,2,12,2,4,19,201700031524B01,7,1,1,200093201
201700031549,2017-06-07,2017,juin,mercredi,15:55,59,59616,50.47785,3.58026,2,1,3,1,1,4,2,00,1,1,0,0,1,0,1,3,1,14,5,1,9,0,2,1,19,201700031549A01,7,1,1,245901160
201700031576,2017-06-25,2017,juin,dimanche,17:40,59,59172,50.32145,3.38051,2,3,3,1,1,4,2,02,1,1,0,67,1,0,1,3,1,15,5,2,2,0,2,1,9,201700031576A01,7,1,1,200042190