Num_Acc,date,an,mois,jour,hrmn,dep,com,lat,long,agg,int,col,lum,atm,catr,circ,nbv,prof,plan,lartpc,larrout,surf,infra,situ,grav,sexe,age,trajet,secuexist,equipement,obs,obsm,choc,manv,vehiculeid,typevehicules,manoeuvehicules,numVehicules,_infos_commune.code_epci
201700031591,2017-12-08,2017,décembre,vendredi,08:25,59,59574,50.3701,3.27925,2,3,3,2,9,3,2,02,1,1,0,100,2,0,5,4,2,23,1,3,9,0,2,1,1,201700031591B01,7,16,1,245901152
201700031599,2017-02-05,2017,février,dimanche,11:45,59,59509,50.4192,3.10536,2,6,3,1,2,3,-1,02,1,1,0,60,2,0,1,3,1,77,5,3,9,0,2,1,0,201700031599B01,7,9,1,200044618
201700031624,2017-06-14,2017,juin,mercredi,11:10,59,59509,50.41562,3.1073,2,1,3,1,1,4,2,02,1,1,0,200,1,0,1,3,1,75,0,3,9,0,2,0,1,201700031624B01,7,1,1,200044618
201700031630,2017-07-27,2017,juillet,jeudi,19:40,59,59569,50.34368,3.10525,2,1,6,1,1,4,2,02,1,3,0,50,1,0,1,3,2,14,5,2,2,0,0,4,1,201700031630B01,7,13,1,200044618
201700031636,2017-09-13,2017,septembre,mercredi,12:05,59,59185,50.33663,3.209,2,1,3,1,1,4,2,02,1,1,0,50,1,0,1,4,1,14,2,2,9,0,2,4,5,201700031636A01,7,1,1,245901152
201700031644,2017-10-13,2017,octobre,vendredi,13:50,59,59178,50.39217,3.1078,2,1,3,1,1,3,2,02,1,1,35,140,1,0,5,3,1,28,5,3,9,0,2,8,1,201700031644B01,7,20,1,200044618
201700031653,2017-01-16,2017,janvier,lundi,22:05,59,59183,0,0,2,2,1,5,9,4,2,02,-1,-1,0,0,-1,0,1,2,1,21,5,1,9,0,2,0,0,201700031653B01,7,0,1,245900428
201700031679,2017-08-30,2017,août,mercredi,12:15,59,59271,51.01024,2.29051,2,3,3,1,2,4,2,02,1,1,0,0,2,0,1,3,1,8,5,1,2,0,2,1,15,201700031679B01,7,1,1,245900428
201700031705,2017-01-02,2017,janvier,lundi,19:35,59,59350,50.64105,3.06788,2,1,6,5,1,4,1,01,2,1,10,30,2,0,1,1,1,44,5,3,9,0,1,1,1,201700031705A01,,,,200093201
201700031716,2017-01-09,2017,janvier,lundi,18:30,59,59350,50.63296,3.06476,1,1,3,2,8,4,3,00,-1,-1,0,0,-1,0,5,4,1,26,0,1,2,0,2,0,0,201700031716B01,7,0,1,200093201
201700031723,2017-01-18,2017,janvier,mercredi,08:30,59,59378,50.66266,3.0747,2,3,3,1,1,4,2,01,2,2,0,0,1,5,5,3,1,37,1,3,9,0,2,1,19,201700031723A01,7,1,1,200093201
201700031733,2017-02-27,2017,février,lundi,08:15,59,59507,0,0,2,3,3,1,1,4,2,02,-1,-1,0,0,-1,0,1,3,1,50,1,1,9,0,2,8,0,201700031733B01,7,0,1,200093201
201700031753,2017-04-10,2017,avril,lundi,20:50,59,59328,50.64811,3.04458,2,3,1,2,1,3,2,03,1,1,0,0,1,5,1,4,2,22,2,1,2,0,2,5,19,201700031753B01,7,1,1,200093201
201700031773,2017-06-25,2017,juin,dimanche,01:00,59,59378,50.65927,3.09274,2,1,1,3,1,9,2,01,1,1,0,0,1,0,5,3,1,28,5,1,2,0,2,1,0,201700031773B01,31,0,1,200093201
201700031777,2017-07-12,2017,juillet,mercredi,20:00,59,59350,50.63695,3.07265,2,1,6,1,1,4,2,02,1,3,50,50,1,0,0,4,1,54,0,3,2,0,0,0,0,201700031777B01,7,24,1,200093201
201700031780,2017-07-11,2017,juillet,mardi,18:20,59,59350,50.61793,3.10403,2,4,1,1,1,3,3,02,4,1,0,50,1,0,1,3,1,26,1,2,2,0,2,1,5,201700031780A01,15,16,1,200093201
201700031795,2017-08-27,2017,août,dimanche,10:35,59,59350,50.64861,3.06861,1,1,3,1,1,3,-1,00,1,3,0,0,1,0,1,4,1,32,5,1,2,0,2,7,19,201700031795B01,7,1,1,200093201
201700031802,2017-09-23,2017,septembre,samedi,00:01,59,59560,50.53741,3.05125,1,1,4,5,1,3,2,02,3,1,0,60,1,2,1,1,1,16,5,2,4,13,0,0,2,201700031802C01,10,14,1,200093201
201700031802,2017-09-23,2017,septembre,samedi,00:01,59,59560,50.53741,3.05125,1,1,4,5,1,3,2,02,3,1,0,60,1,2,1,3,1,16,5,2,4,13,0,4,2,201700031802B01,10,14,1,200093201
201700031809,2017-09-30,2017,septembre,samedi,14:45,59,59378,50.6883,3.1085,2,1,4,1,1,3,2,01,2,1,0,0,1,0,1,3,1,15,0,3,9,0,2,4,2,201700031809C01,7,2,1,200093201
201700031809,2017-09-30,2017,septembre,samedi,14:45,59,59378,50.6883,3.1085,2,1,4,1,1,3,2,01,2,1,0,0,1,0,1,3,1,17,0,2,2,0,2,4,2,201700031809B01,7,2,1,200093201
201700031829,2017-10-03,2017,octobre,mardi,09:45,59,59350,50.61785,3.103,2,9,3,1,1,4,1,01,1,2,10,10,1,0,1,4,2,33,1,1,9,0,2,8,2,201700031829B01,13,2,1,200093201
201700031854,2017-11-30,2017,novembre,jeudi,17:00,59,59009,50.6265,3.1499,2,7,3,5,2,4,2,02,1,1,0,0,1,0,1,3,1,17,2,3,9,0,2,1,17,201700031854B01,7,15,1,200093201
201700031855,2017-11-30,2017,novembre,jeudi,17:45,59,59410,50.6403,3.1122,2,1,1,2,2,4,2,01,1,3,0,0,2,0,1,3,1,78,5,1,9,0,2,1,16,201700031855B01,99,15,1,200093201
201700031886,2017-02-07,2017,février,mardi,16:00,59,59339,0,0,2,3,3,1,2,4,2,02,1,1,0,0,2,0,0,3,1,20,9,3,2,0,2,2,2,201700031886B01,7,15,1,200093201
201700031888,2017-07-19,2017,juillet,mercredi,17:50,59,59339,50.68945,3.2353,1,1,7,1,1,5,4,00,1,-1,0,0,6,6,3,2,1,56,0,3,9,16,0,0,1,201700031888A01,,,,200093201
201700031896,2017-03-15,2017,mars,mercredi,12:35,59,59650,50.7067,3.17977,2,6,6,1,1,4,1,00,1,2,0,0,1,0,1,3,2,50,5,1,2,0,0,0,0,201700031896B01,7,0,1,200093201
201700031921,2017-04-29,2017,avril,samedi,17:04,59,59512,50.68515,3.18203,2,1,6,1,1,4,1,01,1,1,0,0,1,0,5,3,1,43,5,2,2,0,2,1,0,201700031921B01,7,17,1,200093201
201700031926,2017-05-15,2017,mai,lundi,17:35,59,59650,50.70986,3.19308,2,1,3,1,1,4,1,02,1,1,0,80,1,0,1,3,2,19,0,1,4,0,2,4,9,201700031926B01,7,9,1,200093201
201700031939,2017-06-13,2017,juin,mardi,16:30,59,59512,50.69333,3.2002,2,1,1,1,1,4,-1,02,1,1,0,0,1,0,1,4,2,50,1,1,2,0,2,6,0,201700031939B01,7,0,1,200093201
201700031940,2017-06-14,2017,juin,mercredi,17:55,59,59646,50.68302,3.12837,2,6,3,1,1,4,2,02,1,1,,,1,5,5,4,2,16,0,2,9,0,2,8,1,201700031940B01,7,1,1,200093201
201700031947,2017-06-29,2017,juin,jeudi,14:10,59,59512,50.69296,3.18873,2,2,3,1,1,3,1,02,2,1,30,30,1,0,1,3,1,60,0,3,2,0,2,1,1,201700031947A01,7,1,1,200093201
201700031955,2017-07-24,2017,juillet,lundi,21:00,59,59512,50.6,3.1,1,1,3,1,1,4,-1,00,1,3,0,0,1,0,1,3,1,69,0,1,9,0,2,1,1,201700031955B01,7,1,1,200093201
201700031958,2017-07-29,2017,juillet,samedi,16:15,59,59650,50.70555,3.19812,2,1,3,1,1,4,2,01,1,1,0,0,1,0,1,4,1,13,5,2,2,0,2,8,19,201700031958B01,7,21,1,200093201
201700031963,2017-08-16,2017,août,mercredi,14:30,59,59512,50.69297,3.19739,2,1,3,1,1,4,2,02,1,1,0,60,1,0,1,3,2,13,5,2,9,0,2,1,2,201700031963B01,7,17,1,200093201
201700031975,2017-08-13,2017,août,dimanche,13:25,59,59512,50.7047,3.18031,2,1,3,1,1,4,3,02,1,1,0,0,1,0,1,3,2,17,5,3,2,0,2,1,15,201700031975A01,7,1,1,200093201
201700031999,2017-11-27,2017,novembre,lundi,22:20,59,59163,50.67391,3.14024,2,1,1,5,2,4,3,02,1,1,0,0,2,0,1,3,1,53,5,3,9,0,2,1,21,201700031999B01,7,16,1,200093201
201700032007,2017-12-14,2017,décembre,jeudi,16:30,59,59650,50.7083,3.19547,2,3,3,1,2,4,2,02,1,1,0,60,2,0,1,3,1,26,0,3,2,0,2,1,1,201700032007B01,7,15,1,200093201
201700032023,2017-01-09,2017,janvier,lundi,14:00,59,59152,50.76725,3.03045,1,6,3,1,1,4,2,02,1,1,0,0,-1,5,1,3,1,67,0,1,2,0,2,1,0,201700032023B01,7,9,1,200093201
201700032039,2017-04-03,2017,avril,lundi,12:10,59,59599,50.72017,3.14935,2,2,1,1,1,4,2,02,1,1,0,0,1,0,0,2,1,17,2,2,2,0,2,3,1,201700032039B01,7,1,1,200093201
201700032053,2017-06-12,2017,juin,lundi,07:15,59,59599,50.71892,3.17009,2,6,1,1,1,3,2,00,2,1,0,0,1,0,1,4,1,51,0,1,2,0,2,7,0,201700032053B01,7,16,1,200093201
201700032087,2017-11-23,2017,novembre,jeudi,15:40,59,59599,50.73298,3.18198,2,2,3,1,1,3,2,02,1,1,0,0,1,0,1,4,1,15,0,3,9,0,2,1,1,201700032087B01,7,1,1,200093201
201700032092,2017-12-19,2017,décembre,mardi,13:55,59,59599,50.73742,3.16527,2,1,3,1,1,3,3,04,1,1,0,0,1,0,1,4,1,67,0,1,2,0,2,8,1,201700032092B01,30,1,1,200093201
201700032113,2017-01-08,2017,janvier,dimanche,01:00,59,59606,0,0,2,2,3,5,5,4,2,02,2,1,0,0,1,0,1,4,2,34,1,1,4,0,2,1,1,201700032113B01,7,15,1,245901160
201700032117,2017-02-03,2017,février,vendredi,07:30,59,59606,50.34951,3.51949,2,1,6,5,1,4,2,04,1,1,0,0,2,5,1,3,1,18,2,2,9,0,2,3,19,201700032117B01,7,1,1,245901160
201700032120,2017-03-22,2017,mars,mercredi,18:00,59,59459,50.37843,3.47338,2,1,3,1,1,4,2,02,3,1,0,0,1,2,1,4,1,33,5,2,2,0,2,8,0,201700032120B01,7,0,1,245901160
201700032127,2017-03-28,2017,mars,mardi,07:45,59,59014,50.37117,3.50758,1,2,3,5,1,4,2,02,1,1,0,0,-1,5,0,4,1,22,1,3,2,0,2,8,0,201700032127B01,7,19,1,245901160
201700032136,2017-04-02,2017,avril,dimanche,18:35,59,59606,50.35677,3.50472,2,6,6,1,1,4,2,02,1,2,0,0,1,5,1,3,1,51,5,3,9,0,2,7,1,201700032136B01,7,9,1,245901160
201700032139,2017-06-07,2017,juin,mercredi,11:00,59,59160,50.40466,3.66585,2,1,3,1,1,3,2,02,1,1,0,0,1,0,1,3,1,76,5,2,9,0,2,8,1,201700032139B01,7,17,1,245901160
201700032144,2017-06-19,2017,juin,lundi,14:00,59,59369,50.31075,3.49916,1,1,2,1,1,3,2,02,2,1,0,0,1,0,1,2,2,59,5,2,9,0,2,4,1,201700032144B01,7,1,1,245901160
201700032190,2017-12-05,2017,décembre,mardi,11:00,59,59606,50.36011,3.51701,2,6,6,1,1,3,1,01,1,1,0,0,1,5,1,4,1,15,9,3,9,0,2,8,19,201700032190B01,7,1,1,245901160
201700032199,2017-07-22,2017,juillet,samedi,16:45,68,68112,47.91428,7.20904,2,2,1,1,1,3,2,02,1,1,0,70,1,0,1,4,1,29,5,2,4,0,2,1,13,201700032199B01,7,1,1,246800569
201700032217,2017-05-26,2017,mai,vendredi,14:30,68,68203,47.90241,7.28594,1,1,7,1,1,3,2,02,1,1,0,70,1,0,1,3,1,17,5,1,2,0,0,1,1,201700032217A01,,,,246800569
201700032228,2017-10-14,2017,octobre,samedi,15:50,68,68343,47.8519,7.28367,1,3,1,1,1,6,-1,00,1,1,0,50,1,0,1,4,1,61,5,2,2,0,0,1,1,201700032228B01,7,15,1,200066009
201700032232,2017-11-22,2017,novembre,mercredi,15:38,68,68159,47.88405,7.19514,2,2,3,1,1,3,2,02,2,-1,6,10,1,0,1,3,1,13,5,3,9,0,2,1,1,201700032232B01,7,1,1,246800569
201700032254,2017-06-17,2017,juin,samedi,10:40,41,41194,47.34209,1.74907,2,6,3,1,1,3,2,02,1,-1,0,10,1,5,1,3,1,87,3,1,9,0,2,7,16,201700032254B01,7,9,1,200018406
201700032259,2017-09-26,2017,septembre,mardi,16:00,41,41068,47.48499,1.64595,1,1,1,1,1,3,2,02,1,1,0,52,1,0,1,2,1,65,5,1,2,0,2,1,1,201700032259B01,7,17,1,200018406
201700032288,2017-07-05,2017,juillet,mercredi,12:46,60,60057,49.47085,2.08303,2,7,1,1,1,4,2,01,-1,4,0,0,1,0,1,4,1,29,0,1,2,0,2,1,1,201700032288B01,7,13,1,200067999
201700032289,2017-07-09,2017,juillet,dimanche,13:10,60,60057,49.44286,2.09236,2,9,3,1,1,6,-1,00,1,1,0,0,1,0,1,4,1,11,5,2,2,0,2,1,19,201700032289B01,7,1,1,200067999
201700032299,2017-08-16,2017,août,mercredi,20:22,60,60057,49.45335,2.07325,2,1,3,2,1,4,2,01,3,2,0,0,-1,0,1,3,2,10,5,2,2,0,2,1,13,201700032299B01,7,1,1,200067999
201700032316,2017-03-19,2017,mars,dimanche,14:50,22,22357,48.55357,-2.1932,1,1,3,1,8,3,2,02,3,1,0,0,1,0,1,3,1,17,5,1,2,1,0,1,5,201700032316B01,7,23,1,
201700032322,2017-09-23,2017,septembre,samedi,11:15,22,22172,48.53754,-2.22424,1,3,2,1,1,3,2,02,1,,0,0,1,5,1,3,1,39,4,1,2,0,2,1,1,201700032322A01,7,23,1,200068989
201700032325,2017-11-21,2017,novembre,mardi,15:15,22,22048,48.48689,-2.19554,1,1,7,1,1,3,2,02,1,-1,0,60,1,0,1,4,1,62,5,1,2,14,0,0,0,201700032325A01,,,,200068989
201700032328,2017-07-26,2017,juillet,mercredi,16:20,22,22188,48.52175,-2.87337,1,1,7,1,1,3,2,02,1,2,0,0,1,0,1,2,1,69,5,1,2,0,0,0,1,201700032328A01,,,,200069086
201700032356,2017-08-18,2017,août,vendredi,14:20,60,60382,49.42438,2.81559,2,3,3,1,1,4,2,02,1,1,0,54,1,0,1,3,1,19,5,3,9,0,2,8,19,201700032356B01,7,1,1,200067965
201700032362,2017-11-28,2017,novembre,mardi,08:30,60,60159,49.40448,2.81082,2,6,7,4,1,4,1,02,1,2,0,0,2,5,5,3,2,43,1,3,9,0,0,0,1,201700032362B01,,,,200067965
201700032377,2017-05-04,2017,mai,jeudi,05:15,60,60175,49.26273,2.47405,2,9,3,5,1,4,-1,00,1,-1,0,0,1,5,1,4,1,40,1,2,4,0,2,0,0,201700032377A01,7,0,1,200068047
201700032396,2017-04-05,2017,avril,mercredi,09:41,84,84088,44.02641,5.05022,1,1,3,1,1,4,2,02,1,-1,0,61,1,0,1,3,2,31,4,2,2,0,2,7,15,201700032396B01,7,1,1,248400293
201700032426,2017-11-16,2017,novembre,jeudi,15:29,74,74225,45.86405,5.94033,2,2,3,1,1,3,2,02,1,1,,,1,5,5,2,2,59,5,2,2,0,2,8,1,201700032426B01,14,1,1,247400740
201700032431,2017-02-08,2017,février,mercredi,18:40,61,61001,48.44135,0.09229,2,1,1,5,1,4,2,02,1,2,0,0,9,0,5,3,1,71,5,2,9,0,2,1,21,201700032431A01,1,21,1,246100663
201700032431,2017-02-08,2017,février,mercredi,18:40,61,61001,48.44135,0.09229,2,1,1,5,1,4,2,02,1,2,0,0,9,0,5,4,1,53,1,1,2,0,2,1,21,201700032431B01,1,21,1,246100663
201700032436,2017-06-26,2017,juin,lundi,01:05,61,61001,48.4167,0.08955,2,1,6,5,1,3,2,02,1,1,0,0,1,0,4,2,1,26,0,2,9,8,0,1,1,201700032436A01,,,,246100663
201700032438,2017-07-06,2017,juillet,jeudi,12:41,61,61001,48.42792,0.08515,2,1,7,1,1,4,2,02,1,1,0,0,1,0,1,3,1,90,3,2,9,16,0,7,1,201700032438A01,,,,246100663
201700032441,2017-07-29,2017,juillet,samedi,15:58,61,61001,48.43503,0.08624,2,1,3,1,1,4,2,02,1,1,0,0,1,0,1,4,1,13,5,2,9,0,2,7,19,201700032441B01,7,1,1,246100663
201700032445,2017-02-03,2017,février,vendredi,18:05,61,61006,48.74882,-0.01279,2,3,5,5,2,3,2,02,1,1,0,93,2,0,5,3,1,17,5,1,4,0,2,3,1,201700032445B01,7,17 / 23,2,200068450
201700032449,2017-07-13,2017,juillet,jeudi,15:35,61,61006,48.74006,-0.00901,2,6,3,1,1,3,2,02,1,3,0,0,1,5,1,4,1,22,5,1,2,0,2,7,1,201700032449B01,7,9,1,200068450
201700032454,2017-09-29,2017,septembre,vendredi,19:00,61,61006,48.74222,-0.02522,2,1,7,2,2,3,2,02,1,1,0,60,2,0,5,3,2,74,5,2,9,16,0,7,1,201700032454A01,,,,200068450
201700032461,2017-01-11,2017,janvier,mercredi,09:15,16,16090,45.59645,-0.05442,2,1,2,1,1,4,2,02,1,1,0,54,1,0,1,3,1,86,5,2,9,0,2,4,1,201700032461B01,7,1,1,200070514
201700032479,2017-08-18,2017,août,vendredi,18:00,17,17010,46.10704,-1.11581,2,1,1,1,1,9,-1,02,1,2,0,30,1,0,5,4,1,20,1,2,2,0,2,1,13,201700032479A01,1,1,1,241700434
201700032479,2017-08-18,2017,août,vendredi,18:00,17,17010,46.10704,-1.11581,2,1,1,1,1,9,-1,02,1,2,0,30,1,0,5,2,2,77,5,2,2,0,2,1,1,201700032479B01,1,13,1,241700434
201700032491,2017-09-03,2017,septembre,dimanche,10:00,60,60454,49.38911,2.32848,1,1,7,1,1,9,-1,01,2,1,0,18,1,0,5,3,1,50,5,1,2,14,0,1,0,201700032491A01,,,,200067999
201700032502,2017-03-30,2017,mars,jeudi,10:35,62,62041,50.2969,2.76701,2,1,6,1,1,4,3,02,2,1,0,0,1,0,5,3,1,59,5,1,2,0,2,1,1,201700032502B01,7,20,1,200033579
201700032520,2017-04-16,2017,avril,dimanche,10:30,62,62516,50.58471,2.4774,1,1,7,1,1,4,2,02,1,1,0,58,1,0,1,3,1,64,5,1,2,0,0,0,1,201700032520A01,,,,200072460
201700032542,2017-11-22,2017,novembre,mercredi,15:48,62,62108,50.40372,1.59613,2,6,6,1,1,3,2,02,1,1,127,87,1,0,1,4,2,59,5,1,2,0,2,1,12,201700032542B01,7,9,1,200069029
201700032554,2017-06-12,2017,juin,lundi,10:00,62,62401,50.50524,2.80855,2,1,3,1,1,3,-1,00,1,1,0,77,1,0,5,1,1,61,0,1,2,0,2,8,21,201700032554B01,7,9,1,200072460
201700032590,2017-01-18,2017,janvier,mercredi,15:00,62,62178,50.46789,2.54783,2,1,3,1,1,4,2,02,1,1,0,43,1,0,1,3,1,13,5,2,2,0,2,5,13,201700032590B01,7,1,1,200072460
201700032604,2017-10-10,2017,octobre,mardi,13:00,62,62178,50.21066,2.74877,2,2,6,1,1,4,2,02,2,1,0,70,1,0,1,3,1,19,2,3,9,0,2,1,1,201700032604A01,7,1,1,200072460
201700032624,2017-06-17,2017,juin,samedi,08:30,62,62193,50.95882,1.84928,2,2,1,1,1,4,1,01,-1,-1,0,0,1,0,1,3,1,60,5,1,2,0,0,0,0,201700032624B01,7,2,1,200090751
201700032650,2017-12-23,2017,décembre,samedi,04:15,62,62193,50.94557,1.83775,2,1,2,5,1,3,1,02,1,2,0,70,1,0,1,3,1,25,1,3,9,0,2,6,1,201700032650B01,7,14,1,200090751
201700032657,2017-11-22,2017,novembre,mercredi,12:45,62,62215,50.48448,2.94254,2,4,3,1,1,4,2,02,1,2,0,0,1,0,1,4,1,25,1,1,9,0,2,1,1,201700032657B01,7,15,1,246200299
201700032658,2017-11-21,2017,novembre,mardi,14:00,62,62427,50.41928,2.93116,2,2,3,1,8,4,2,02,1,1,0,0,1,0,1,4,1,21,9,3,4,0,2,1,1,201700032658B01,10,1,1,246200299
201700032675,2017-12-13,2017,décembre,mercredi,09:25,62,62724,50.40191,2.90666,2,6,3,1,2,4,2,02,1,1,0,0,2,0,1,4,1,12,9,2,4,0,2,0,1,201700032675B01,7,9,1,246200299
201700032686,2017-03-09,2017,mars,jeudi,17:00,62,62413,50.44506,2.90708,2,1,6,1,1,4,2,02,2,1,0,70,1,0,1,4,2,72,5,2,2,0,2,6,1,201700032686B01,7,1,1,246200364
201700032705,2017-04-24,2017,avril,lundi,18:30,62,62065,50.41492,2.84349,1,1,3,1,1,4,2,02,1,1,0,50,1,0,1,3,1,82,5,3,9,0,2,8,1,201700032705B01,37,17,1,246200364
201700032713,2017-04-14,2017,avril,vendredi,17:30,62,62510,50.41844,2.77897,2,2,3,1,1,4,2,02,1,1,0,74,1,0,1,4,1,16,5,2,2,0,2,4,1,201700032713B01,7,1,1,246200364
201700032717,2017-03-19,2017,mars,dimanche,17:25,62,62510,50.43196,2.75484,2,1,3,1,1,4,2,02,1,1,0,0,1,2,1,3,1,12,5,1,9,6,2,8,23,201700032717A01,7,1,1,246200364
201700032719,2017-05-09,2017,mai,mardi,13:10,62,62842,50.45862,2.83771,2,1,3,1,1,4,2,02,1,1,0,0,1,0,1,3,1,36,1,1,2,0,2,8,1,201700032719B01,16,2,1,246200364
201700032724,2017-06-27,2017,juin,mardi,13:40,62,62907,50.48816,2.99135,2,1,6,1,1,3,2,01,1,1,0,95,1,5,1,4,1,43,1,2,2,0,2,3,1,201700032724B01,7,17,1,246200299
201700032742,2017-05-17,2017,mai,mercredi,21:30,62,62510,50.41651,2.77227,2,1,1,2,1,4,2,02,2,1,0,80,1,6,1,4,1,23,9,3,9,0,2,1,1,201700032742B01,2,15,1,246200364
201700032750,2017-07-04,2017,juillet,mardi,19:05,62,62528,50.45523,2.80253,2,2,3,1,1,4,2,02,1,-1,0,49,1,0,1,4,1,16,5,2,9,14,2,0,19,201700032750A01,7,19,1,246200364
201700032750,2017-07-04,2017,juillet,mardi,19:05,62,62528,50.45523,2.80253,2,2,3,1,1,4,2,02,1,-1,0,49,1,0,1,3,1,12,5,2,9,14,2,0,19,201700032750A01,7,19,1,246200364
201700032751,2017-07-07,2017,juillet,vendredi,14:00,62,62186,50.42622,2.72118,2,3,6,1,1,4,2,02,1,1,0,79,1,0,1,4,2,10,5,3,9,0,2,1,19,201700032751A01,7,1,1,246200364
201700032752,2017-07-19,2017,juillet,mercredi,20:50,62,62498,50.4466,2.81464,2,3,3,1,1,4,1,01,1,1,0,0,1,0,1,3,1,12,5,2,9,14,2,8,5,201700032752A01,7,19,1,246200364
201700032764,2017-08-01,2017,août,mardi,11:15,62,62907,50.47685,3.01506,2,1,7,1,1,4,2,02,1,1,0,0,1,0,1,3,2,61,0,2,2,0,2,1,0,201700032764B01,7,0,1,246200299
201700032768,2017-10-15,2017,octobre,dimanche,18:30,62,62570,50.4048,2.8743,1,6,5,2,1,3,1,02,-1,-1,0,0,1,5,1,4,1,5,5,1,2,0,2,8,19,201700032768B01,7,1,1,246200364
201700032768,2017-10-15,2017,octobre,dimanche,18:30,62,62570,50.4048,2.8743,1,6,5,2,1,3,1,02,-1,-1,0,0,1,5,1,4,2,9,5,1,2,0,2,8,19,201700032768C01,7,1,1,246200364
201700032808,2017-05-25,2017,mai,jeudi,20:50,62,62826,50.52791,1.5889,2,2,3,1,1,4,-1,01,1,1,0,0,1,0,1,4,1,25,5,2,2,0,2,1,1,201700032808A01,7,1,1,200069029
201700032834,2017-05-12,2017,mai,vendredi,17:55,63,63113,45.76841,3.10459,2,4,3,1,1,4,2,02,2,1,0,0,1,0,1,3,1,36,4,1,9,0,2,1,1,201700032834B01,7,15,1,246300701
201700032890,2017-02-06,2017,février,lundi,20:20,64,64024,43.4937,-1.5209,2,1,2,3,2,4,3,02,2,1,0,100,2,0,1,3,1,59,0,2,9,0,2,4,1,201700032890A01,7,2,1,200067106
201700032895,2017-02-16,2017,février,jeudi,16:00,64,64024,43.5037,-1.5039,2,2,3,1,1,4,2,02,1,1,0,100,1,0,1,4,2,78,5,1,2,0,2,8,16,201700032895B01,34,16,1,200067106
201700032900,2017-03-18,2017,mars,samedi,17:05,64,64102,43.49528,-1.47844,2,1,7,1,1,4,2,04,1,1,0,120,1,0,1,3,1,58,5,2,2,12,0,1,1,201700032900A01,,,,200067106
201700032905,2017-03-31,2017,mars,vendredi,06:50,64,64102,43.48428,-1.46631,2,1,3,5,1,4,2,02,1,1,0,120,1,0,1,3,1,33,1,2,9,0,2,4,1,201700032905B01,7,1,1,200067106
201700032920,2017-05-03,2017,mai,mercredi,14:00,64,64024,43.47763,-1.52398,2,6,3,1,1,3,2,02,1,1,0,80,1,3,1,3,1,68,5,1,2,0,2,7,1,201700032920B01,7,9,1,200067106
201700032947,2017-08-09,2017,août,mercredi,02:40,64,64024,43.48031,-1.51772,2,1,2,5,1,4,2,03,1,1,0,80,1,0,1,4,1,37,1,3,9,0,2,4,2,201700032947B01,7,2,1,200067106
201700032950,2017-08-18,2017,août,vendredi,11:15,64,64024,43.52044,-1.50238,2,1,7,1,1,4,2,04,1,1,0,80,1,0,5,3,2,57,5,1,2,0,0,0,21,201700032950A01,7,,1,200067106
201700032984,2017-11-20,2017,novembre,lundi,13:30,64,64102,43.4662,-1.49516,2,6,3,1,1,3,3,04,1,1,40,150,1,3,1,3,2,62,0,3,2,0,2,7,1,201700032984B01,7,9,1,200067106
201700033025,2017-06-07,2017,juin,mercredi,19:15,64,64122,43.4787,-1.56474,2,1,3,1,1,4,2,02,1,1,0,0,1,0,1,3,2,62,5,2,9,0,2,1,0,201700033025B01,7,0,1,200067106
201700033038,2017-07-24,2017,juillet,lundi,13:55,64,64122,43.48089,-1.54104,2,1,3,1,1,4,-1,00,1,1,0,0,1,0,1,4,1,56,4,1,9,0,2,7,0,201700033038B01,7,0,1,200067106
201700033043,2017-08-18,2017,août,vendredi,19:30,64,64122,43.46114,-1.54933,2,1,3,1,8,4,2,02,2,1,0,80,1,0,1,4,1,20,1,2,2,0,2,1,17,201700033043B01,7,9,1,200067106
201700033053,2017-10-07,2017,octobre,samedi,17:10,64,64122,43.45923,-1.57206,2,1,7,1,1,4,2,02,2,1,0,74,1,0,5,3,1,68,5,2,2,12,0,1,13,201700033053A01,,,,200067106
201700033073,2017-01-09,2017,janvier,lundi,11:47,64,64445,43.31128,-0.36348,2,1,3,1,1,4,3,02,1,1,0,61,1,0,1,4,2,45,9,2,2,0,2,6,19,201700033073B01,7,1,1,200067254
201700033077,2017-01-14,2017,janvier,samedi,18:42,64,64237,43.27882,-0.37527,1,1,3,5,1,3,-1,00,-1,-1,0,0,-1,0,0,4,1,25,5,1,2,0,0,0,0,201700033077B01,7,15,1,200067254
201700033078,2017-01-17,2017,janvier,mardi,10:10,64,64445,43.31917,-0.3601,2,1,3,1,1,4,2,04,1,1,0,81,1,0,1,4,1,19,0,1,2,0,2,7,19,201700033078B01,7,1,1,200067254
201700033084,2017-01-25,2017,janvier,mercredi,18:20,64,64445,43.29248,-0.3636,2,1,3,5,1,4,2,02,1,1,0,202,1,0,1,4,1,57,5,2,2,0,2,7,1,201700033084B01,7,9,1,200067254
201700033093,2017-02-03,2017,février,vendredi,18:00,64,64445,43.31275,-0.36882,2,1,3,1,2,4,2,02,1,-1,0,0,1,5,1,4,2,52,9,1,2,0,2,3,1,201700033093B01,1,17,1,200067254
201700033093,2017-02-03,2017,février,vendredi,18:00,64,64445,43.31275,-0.36882,2,1,3,1,2,4,2,02,1,-1,0,0,1,5,1,1,1,16,9,1,2,0,2,5,17,201700033093A01,1,1,1,200067254