Num_Acc,date,an,mois,jour,hrmn,dep,com,lat,long,agg,int,col,lum,atm,catr,circ,nbv,prof,plan,lartpc,larrout,surf,infra,situ,grav,sexe,age,trajet,secuexist,equipement,obs,obsm,choc,manv,vehiculeid,typevehicules,manoeuvehicules,numVehicules,_infos_commune.code_epci
201700053138,2017-10-21,2017,octobre,samedi,19:25,75,75104,48.8546,2.35514,2,2,3,2,1,4,-1,01,1,1,0,0,-1,0,1,1,2,60,0,3,2,0,2,8,15,201700053138A01,1,1,1,200054781
201700053138,2017-10-21,2017,octobre,samedi,19:25,75,75104,48.8546,2.35514,2,2,3,2,1,4,-1,01,1,1,0,0,-1,0,1,4,2,49,0,3,2,0,2,8,1,201700053138B01,1,15,1,200054781
201700053161,2017-01-11,2017,janvier,mercredi,18:45,75,75105,48.8461,2.34295,2,2,6,2,1,4,1,01,1,1,0,40,1,0,5,1,1,58,4,1,2,0,1,1,1,201700053161A01,,,,200054781
201700053162,2017-01-11,2017,janvier,mercredi,22:05,75,75105,48.8494,2.35611,2,3,3,5,1,4,1,02,1,2,0,47,1,0,5,4,2,31,5,3,2,0,2,7,1,201700053162B01,7,18,1,200054781
201700053163,2017-01-11,2017,janvier,mercredi,22:55,75,75105,48.838,2.35582,2,2,3,5,1,4,2,04,1,1,0,0,1,0,1,4,2,60,5,3,2,0,2,7,19,201700053163B01,7,1,1,200054781
201700053175,2017-02-22,2017,février,mercredi,09:50,75,75105,48.8528,2.34379,2,2,6,1,1,4,1,00,1,1,0,30,1,0,5,4,1,42,9,3,2,12,2,2,7,201700053175A01,7,4,1,200054781
201700053180,2017-03-03,2017,mars,vendredi,15:10,75,75106,48.8521,2.34008,2,7,6,1,1,4,1,00,1,1,0,130,1,0,1,1,1,60,0,2,2,0,1,0,1,201700053180A01,,,,200054781
201700053181,2017-03-05,2017,mars,dimanche,09:00,75,75105,48.8427,2.35212,2,7,3,1,2,4,2,02,2,1,0,100,2,0,1,4,1,11,0,2,2,0,2,7,12,201700053181B01,7,1,1,200054781
201700053186,2017-03-17,2017,mars,vendredi,12:50,75,75105,48.8406,2.34517,2,3,3,1,1,4,2,02,2,-1,0,120,-1,0,1,4,2,24,5,1,2,0,2,0,3,201700053186B01,7,1,1,200054781
201700053187,2017-03-17,2017,mars,vendredi,19:50,75,75105,48.8496,2.34483,2,2,3,5,1,4,2,03,1,1,0,0,1,0,1,4,1,21,0,3,2,0,2,7,1,201700053187A01,7,1,1,200054781
201700053190,2017-03-24,2017,mars,vendredi,19:45,75,75105,48.8498,2.34896,2,2,6,5,1,4,1,02,-1,-1,0,0,-1,0,1,3,1,72,5,2,2,0,2,3,7,201700053190A01,1,7,1,200054781
201700053191,2017-03-29,2017,mars,mercredi,23:05,75,75105,48.839,2.35395,2,3,3,5,1,4,1,01,1,1,35,35,1,0,1,4,2,24,5,1,2,0,2,3,5,201700053191A01,1,1,1,200054781
201700053191,2017-03-29,2017,mars,mercredi,23:05,75,75105,48.839,2.35395,2,3,3,5,1,4,1,01,1,1,35,35,1,0,1,1,1,28,5,1,2,0,2,3,1,201700053191B01,1,5,1,200054781
201700053192,2017-03-30,2017,mars,jeudi,13:15,75,75105,48.8471,2.34509,2,1,2,1,1,4,-1,01,-1,-1,0,60,-1,0,0,4,2,22,0,2,2,0,2,1,1,201700053192A01,7,23,1,200054781
201700053198,2017-04-06,2017,avril,jeudi,09:45,75,75105,48.8518,2.34333,2,1,6,1,1,4,2,04,1,1,0,0,1,0,1,4,2,27,5,1,2,0,1,1,7,201700053198A01,,,,200054781
201700053199,2017-04-06,2017,avril,jeudi,09:40,75,75105,48.8444,2.35477,2,1,2,1,1,4,2,02,1,1,0,130,1,0,1,4,2,58,0,1,2,0,2,1,2,201700053199A01,1,2,1,200054781
201700053199,2017-04-06,2017,avril,jeudi,09:40,75,75105,48.8444,2.35477,2,1,2,1,1,4,2,02,1,1,0,130,1,0,1,1,1,52,1,1,2,0,2,4,2,201700053199B01,1,2,1,200054781
201700053201,2017-04-08,2017,avril,samedi,00:01,75,75105,48.8466,2.35159,2,5,3,5,1,4,2,02,2,1,0,130,1,5,0,4,1,17,5,3,2,0,2,0,1,201700053201B01,30,15,1,200054781
201700053202,2017-04-08,2017,avril,samedi,02:23,75,75105,48.8496,2.34483,2,2,6,5,1,4,2,04,1,1,0,116,1,0,1,4,1,27,5,3,2,0,2,4,1,201700053202A01,7,16,1,200054781
201700053216,2017-05-14,2017,mai,dimanche,16:40,75,75105,48.8488,2.34172,2,7,7,1,1,4,-1,04,2,-1,0,0,-1,0,0,4,2,24,4,3,2,0,0,0,21,201700053216A01,,,,200054781
201700053217,2017-05-17,2017,mai,mercredi,10:10,75,75105,48.8485,2.35489,2,1,3,1,1,4,2,00,1,-1,0,60,1,0,1,4,2,36,1,1,2,0,2,0,1,201700053217B01,7,10,1,200054781
201700053219,2017-05-22,2017,mai,lundi,17:20,75,75105,48.8506,2.34641,2,3,2,1,1,4,1,01,1,1,10,40,1,0,1,4,1,18,9,3,2,0,2,1,7,201700053219B01,7,7,1,200054781
201700053224,2017-06-02,2017,juin,vendredi,10:15,75,75105,48.8408,2.34461,2,1,3,1,1,4,2,02,2,1,0,120,1,0,1,4,2,66,5,3,2,0,2,2,1,201700053224A01,7,22,1,200054781
201700053230,2017-06-13,2017,juin,mardi,18:25,75,75105,48.8498,2.34944,2,3,6,1,1,4,1,03,1,1,5,120,1,0,1,4,1,45,5,3,2,0,2,1,18,201700053230A01,7,1,1,200054781
201700053234,2017-06-17,2017,juin,samedi,23:40,75,75105,48.8484,2.34142,2,4,3,5,1,4,1,04,2,1,0,0,1,0,1,3,1,24,9,1,2,0,2,2,7,201700053234A01,7,16,1,200054781
201700053235,2017-06-18,2017,juin,dimanche,19:50,75,75105,48.8466,2.35159,2,5,2,1,1,4,2,02,2,1,0,120,1,0,1,4,1,21,1,1,2,0,2,1,1,201700053235A01,7,23,1,200054781
201700053251,2017-07-20,2017,juillet,jeudi,21:40,75,75105,48.8468,2.36095,2,7,3,2,1,4,-1,00,1,1,0,170,1,0,0,4,1,19,0,3,2,0,2,5,19,201700053251A01,7,16,1,200054781
201700053255,2017-08-01,2017,août,mardi,17:20,75,75105,48.8514,2.34314,2,2,3,1,1,4,1,03,1,1,0,160,1,0,1,4,1,28,5,3,2,0,2,0,7,201700053255B01,7,16,1,200054781
201700053264,2017-08-31,2017,août,jeudi,18:55,75,75105,48.8393,2.35978,2,1,3,1,8,4,2,04,1,-1,0,145,1,0,1,3,1,17,5,2,2,0,2,4,15,201700053264B01,34,17,1,200054781
201700053273,2017-10-02,2017,octobre,lundi,19:50,75,75105,48.8514,2.34314,2,2,3,5,1,4,1,04,1,1,0,110,1,0,1,4,1,29,0,3,2,0,2,3,1,201700053273B01,7,16,1,200054781
201700053279,2017-10-10,2017,octobre,mardi,17:00,75,75105,48.8439,2.33896,2,2,6,1,1,4,2,04,1,1,0,120,1,0,1,1,1,21,5,2,2,0,1,1,1,201700053279A01,,,,200054781
201700053280,2017-10-14,2017,octobre,samedi,21:34,75,75105,48.8493,2.34325,2,1,7,5,1,4,1,01,2,1,0,50,1,0,1,4,1,26,4,3,2,0,0,0,1,201700053280A01,,,,200054781
201700053286,2017-10-23,2017,octobre,lundi,20:40,75,75105,48.8494,2.35611,2,4,3,5,2,4,1,03,1,1,0,100,2,0,1,4,2,24,0,3,2,0,2,5,1,201700053286B01,7,13,1,200054781
201700053289,2017-11-02,2017,novembre,jeudi,11:50,75,75105,48.85,2.34243,2,1,6,1,1,4,2,04,2,1,0,180,1,0,1,1,1,61,9,3,2,0,1,1,7,201700053289A01,,,,200054781
201700053292,2017-11-18,2017,novembre,samedi,02:59,75,75105,48.8494,2.35682,2,2,3,5,1,4,1,03,1,1,0,100,1,5,1,4,2,21,5,2,2,0,2,2,1,201700053292B01,7,1,1,200054781
201700053304,2017-01-09,2017,janvier,lundi,18:35,75,75106,48.85,2.32713,2,5,6,5,2,4,1,02,1,1,0,60,1,0,1,1,1,39,1,1,2,0,1,2,1,201700053304A01,,,,200054781
201700053313,2017-02-15,2017,février,mercredi,15:15,75,75106,48.8503,2.32987,2,4,3,1,1,4,2,03,1,1,0,130,1,0,1,4,1,27,0,3,2,0,2,1,1,201700053313B01,7,15,1,200054781
201700053320,2017-02-25,2017,février,samedi,03:15,75,75105,48.8504,2.34267,2,5,3,5,1,4,2,03,1,1,0,0,1,0,0,1,1,24,5,3,2,0,2,4,15,201700053320B01,33,17,1,200054781
201700053322,2017-02-28,2017,février,mardi,08:30,75,75106,48.8514,2.33648,2,1,3,1,8,4,1,02,1,1,0,55,1,0,5,4,2,29,0,3,2,0,2,3,1,201700053322B01,7,17,1,200054781
201700053337,2017-04-13,2017,avril,jeudi,11:55,75,75106,48.8528,2.33216,2,1,4,1,1,4,3,03,1,1,0,0,1,0,1,1,1,29,5,2,2,0,2,1,1,201700053337C01,7,22,1,200054781
201700053337,2017-04-13,2017,avril,jeudi,11:55,75,75106,48.8528,2.33216,2,1,4,1,1,4,3,03,1,1,0,0,1,0,1,4,2,29,5,2,2,1,2,1,1,201700053337B01,7,22,1,200054781
201700053339,2017-04-20,2017,avril,jeudi,11:10,75,75106,48.8452,2.33209,2,1,2,1,1,4,2,02,1,1,0,70,1,0,1,4,2,53,0,2,2,0,2,0,1,201700053339B01,7,1,1,200054781
201700053342,2017-04-22,2017,avril,samedi,18:00,75,75106,48.8466,2.32099,2,1,2,1,1,4,-1,01,1,1,0,70,1,0,1,4,1,19,5,3,2,0,2,1,2,201700053342A01,7,23,1,200054781
201700053343,2017-04-28,2017,avril,vendredi,09:33,75,75106,48.8558,2.33411,2,1,3,1,1,4,1,02,1,1,0,61,2,0,1,3,2,34,1,1,2,0,2,0,1,201700053343B01,14,17,1,200054781
201700053349,2017-05-12,2017,mai,vendredi,10:55,75,75106,48.8529,2.33505,2,3,6,1,1,4,1,02,1,1,0,0,1,0,5,4,1,53,4,3,2,0,2,0,2,201700053349A01,7,2,1,200054781
201700053354,2017-05-25,2017,mai,jeudi,01:20,75,75106,48.8528,2.34379,2,2,2,5,1,4,1,01,1,1,0,140,1,0,1,4,1,24,5,3,2,0,2,1,2,201700053354A01,7,23,1,200054781
201700053358,2017-06-02,2017,juin,vendredi,21:50,75,75106,48.8472,2.3271,2,1,3,5,1,4,2,02,1,1,0,100,2,0,5,4,1,30,0,3,2,0,2,2,1,201700053358A01,7,22,1,200054781
201700053359,2017-06-08,2017,juin,jeudi,20:55,75,75106,48.8451,2.32016,2,5,3,1,1,4,2,06,2,1,0,250,1,0,1,4,1,29,1,1,2,0,2,0,1,201700053359B01,7,10,1,200054781
201700053361,2017-06-10,2017,juin,samedi,21:23,75,75106,48.8539,2.33268,2,3,3,1,1,4,-1,04,1,1,0,0,1,0,1,4,1,44,5,3,2,0,2,0,1,201700053361A01,1,19,1,200054781
201700053361,2017-06-10,2017,juin,samedi,21:23,75,75106,48.8539,2.33268,2,3,3,1,1,4,-1,04,1,1,0,0,1,0,1,1,1,21,5,3,2,0,2,3,19,201700053361B01,1,1,1,200054781
201700053368,2017-07-09,2017,juillet,dimanche,01:30,75,75106,48.8525,2.33881,2,7,6,5,1,4,1,04,1,1,0,0,1,0,5,1,1,29,5,3,2,0,1,2,1,201700053368A01,,,,200054781
201700053373,2017-07-27,2017,juillet,jeudi,19:15,75,75106,48.8524,2.33182,2,5,6,1,1,4,1,02,1,1,0,0,1,0,1,1,1,26,5,3,2,0,1,1,16,201700053373A01,,,,200054781
201700053377,2017-08-05,2017,août,samedi,13:10,75,75106,48.8493,2.33781,2,3,3,1,1,4,2,00,1,1,0,60,1,0,1,4,2,27,5,3,2,0,2,7,1,201700053377A01,7,15,1,200054781
201700053378,2017-08-07,2017,août,lundi,16:35,75,75106,48.8524,2.33182,2,5,6,1,1,4,2,02,1,1,0,205,1,0,1,1,1,26,4,3,2,0,1,1,5,201700053378A01,,,,200054781
201700053394,2017-10-10,2017,octobre,mardi,11:15,75,75106,48.8549,2.33563,2,1,6,1,1,4,1,01,1,-1,0,40,1,0,1,1,1,32,0,1,2,0,1,1,1,201700053394A01,,,,200054781
201700053401,2017-10-25,2017,octobre,mercredi,12:15,75,75106,48.8517,2.32787,2,4,3,1,1,4,2,03,1,1,0,130,1,0,1,4,1,52,5,3,2,0,2,1,17,201700053401B01,7,22,1,200054781
201700053406,2017-11-05,2017,novembre,dimanche,13:00,75,75106,48.8494,2.32914,2,1,3,1,1,4,2,03,1,1,0,129,1,0,1,4,2,51,5,3,2,1,0,1,1,201700053406B01,7,22,1,200054781
201700053407,2017-11-07,2017,novembre,mardi,23:00,75,75106,48.8543,2.34317,2,3,6,5,1,4,1,01,1,1,0,30,1,0,1,3,1,19,4,3,2,0,1,1,7,201700053407A01,,,,200054781
201700053417,2017-11-19,2017,novembre,dimanche,18:15,75,75106,48.8526,2.33833,2,1,3,5,1,4,1,04,1,1,0,140,1,0,1,4,1,24,5,1,2,0,2,6,7,201700053417B01,7,12,1,200054781
201700053425,2017-11-28,2017,novembre,mardi,08:40,75,75106,48.8473,2.32791,2,2,3,1,2,4,2,02,1,1,0,70,2,0,1,4,2,50,9,1,2,0,2,3,1,201700053425B01,7,1,1,200054781
201700053439,2017-01-05,2017,janvier,jeudi,11:10,75,75107,48.8556,2.32525,2,1,7,1,1,4,1,00,1,1,0,0,1,0,1,4,1,38,0,3,2,0,,2,21,201700053439A01,,,,200054781
201700053441,2017-01-12,2017,janvier,jeudi,23:00,75,75107,48.86,2.31479,2,2,6,5,6,4,2,04,1,1,0,0,2,5,1,4,2,26,0,3,2,0,2,1,1,201700053441A01,7,1,1,200054781
201700053446,2017-01-22,2017,janvier,dimanche,17:40,75,75107,48.8611,2.3126,2,1,6,5,1,4,2,04,1,1,0,80,1,0,1,1,1,25,1,2,2,0,1,1,1,201700053446A01,,,,200054781
201700053465,2017-03-17,2017,mars,vendredi,19:20,75,75107,48.8627,2.31902,2,5,3,5,1,4,2,04,1,1,0,140,1,0,1,4,1,31,0,3,2,0,2,0,19,201700053465B01,7,16,1,200054781
201700053466,2017-03-18,2017,mars,samedi,18:45,75,75107,48.8542,2.31963,2,3,3,2,1,4,1,01,1,1,0,0,1,0,1,4,2,41,0,3,2,0,2,4,15,201700053466B01,31,1,1,200054781
201700053467,2017-03-21,2017,mars,mardi,15:56,75,75107,48.8559,2.29349,2,1,3,1,1,4,2,02,1,1,0,0,1,0,1,4,2,67,1,3,2,0,2,4,13,201700053467B01,7,17,1,200054781
201700053471,2017-04-07,2017,avril,vendredi,19:40,75,75107,48.8627,2.31867,2,1,3,1,1,4,2,06,1,1,0,0,1,0,1,4,1,37,5,3,2,0,2,0,19,201700053471A01,7,1,1,200054781
201700053477,2017-04-14,2017,avril,vendredi,10:40,75,75107,48.8522,2.29928,2,2,3,1,1,4,1,01,1,1,0,0,1,0,1,4,1,60,0,3,2,0,2,2,1,201700053477B01,7,22,1,200054781
201700053479,2017-04-15,2017,avril,samedi,00:15,75,75107,48.8624,2.30201,2,7,6,5,1,4,2,05,1,1,0,190,1,2,1,4,2,24,5,1,2,0,2,7,1,201700053479A01,7,16,1,200054781
201700053488,2017-05-05,2017,mai,vendredi,19:15,75,75107,48.8593,2.33019,2,3,6,1,1,4,1,04,1,1,0,0,1,0,1,4,1,31,1,3,2,0,2,4,7,201700053488A01,1,7,1,200054781
201700053498,2017-05-17,2017,mai,mercredi,20:15,75,75107,48.8556,2.32683,2,2,6,2,2,4,1,04,1,1,0,0,2,0,1,3,1,21,0,3,2,1,2,8,1,201700053498A01,7,1,1,200054781
201700053506,2017-05-25,2017,mai,jeudi,20:35,75,75107,48.859,2.29328,2,5,7,2,1,4,1,02,1,1,0,0,1,0,1,4,1,26,5,3,2,0,0,0,1,201700053506A01,,,,200054781
201700053515,2017-06-07,2017,juin,mercredi,17:05,75,75107,48.8461,2.31423,2,4,3,1,1,4,-1,00,1,1,0,0,1,0,1,4,2,24,0,3,2,0,2,0,13,201700053515B01,7,1,1,200054781
201700053517,2017-06-09,2017,juin,vendredi,08:30,75,75107,48.849,2.30721,2,1,7,1,2,4,1,01,1,1,0,0,2,0,1,4,1,30,1,2,2,0,0,2,1,201700053517A01,,,,200054781
201700053522,2017-06-13,2017,juin,mardi,15:00,75,75107,48.8621,2.29959,2,1,6,1,1,4,3,02,1,1,0,0,9,0,5,4,1,45,1,1,2,0,2,7,17,201700053522A01,1,13,1,200054781
201700053527,2017-06-14,2017,juin,mercredi,19:05,75,75107,48.8606,2.29553,2,3,6,1,1,4,-1,02,1,1,0,80,1,0,0,4,1,28,0,2,2,0,2,8,15,201700053527B01,7,1,2,200054781
201700053534,2017-06-23,2017,juin,vendredi,20:20,75,75107,48.8594,2.32914,2,1,2,1,1,4,1,03,1,1,0,0,1,0,1,4,1,23,5,2,2,0,2,4,23,201700053534B01,7,1,1,200054781
201700053537,2017-06-27,2017,juin,mardi,09:17,75,75107,48.8581,2.31456,2,3,3,1,1,4,1,02,-1,-1,0,0,-1,0,1,4,2,27,1,2,2,0,2,8,1,201700053537B01,15,16,1,200054781
201700053540,2017-07-04,2017,juillet,mardi,09:30,75,75107,48.8562,2.31501,2,4,7,1,1,4,2,04,2,1,0,120,8,0,1,4,2,42,1,3,2,0,0,0,1,201700053540A01,,,,200054781
201700053545,2017-07-15,2017,juillet,samedi,02:40,75,75107,48.8585,2.33243,2,2,6,5,1,4,2,01,1,1,200,200,1,2,5,4,1,43,1,3,2,0,1,1,7,201700053545A01,,,,200054781
201700053551,2017-08-06,2017,août,dimanche,21:05,75,75107,48.8585,2.33243,2,2,3,5,1,4,3,00,1,2,0,0,1,0,1,4,1,42,0,3,2,0,2,5,15,201700053551B01,7,15,1,200054781
201700053558,2017-08-30,2017,août,mercredi,09:40,75,75107,48.859,2.29328,2,2,5,1,1,4,2,00,1,2,0,0,1,5,1,4,1,47,9,1,9,0,2,0,19,201700053558A01,7,15,2,200054781
201700053577,2017-10-10,2017,octobre,mardi,08:40,75,75107,48.8572,2.3276,2,1,5,1,1,4,-1,01,1,1,0,0,1,0,1,4,1,53,0,2,2,1,2,1,1,201700053577C01,7,23 / 22,2,200054781
201700053591,2017-11-08,2017,novembre,mercredi,09:15,75,75107,48.8568,2.30924,2,1,3,1,8,4,2,02,1,1,0,0,1,0,1,3,2,30,4,3,2,0,2,1,1,201700053591B01,7,22,1,200054781
201700053602,2017-11-23,2017,novembre,jeudi,15:30,75,75107,48.8579,2.32928,2,2,3,1,3,4,1,01,1,-1,0,0,2,0,5,3,2,72,5,3,2,0,2,8,1,201700053602A01,7,1,1,200054781
201700053609,2017-12-06,2017,décembre,mercredi,21:40,75,75107,48.8518,2.31383,2,2,3,5,1,4,1,01,1,1,0,0,1,0,1,4,1,25,5,1,2,0,2,4,5,201700053609A01,7,1,1,200054781
201700053616,2017-12-12,2017,décembre,mardi,13:12,75,75107,48.8585,2.32187,2,1,3,1,1,4,1,01,1,1,0,65,1,0,1,4,1,26,4,1,2,0,2,2,1,201700053616B01,10,22,1,200054781
201700053636,2017-01-12,2017,janvier,jeudi,09:30,75,75108,48.8642,2.30214,2,7,3,1,2,4,1,02,1,1,0,0,2,0,1,4,1,38,1,3,2,0,2,8,19,201700053636A01,7,1,1,200054781
201700053637,2017-01-16,2017,janvier,lundi,13:20,75,75108,48.8794,2.31429,2,2,6,1,1,4,2,06,-1,-1,0,0,-1,0,1,4,1,27,4,3,2,0,1,1,1,201700053637A01,,,,200054781
201700053640,2017-01-18,2017,janvier,mercredi,11:35,75,75108,48.8826,2.32335,2,2,3,1,1,4,2,04,1,1,100,120,-1,0,5,4,1,48,0,1,2,0,2,1,19,201700053640A01,7,15,1,200054781
201700053651,2017-02-01,2017,février,mercredi,09:55,75,75108,48.8678,2.31384,2,7,2,1,1,4,2,04,1,1,0,120,1,0,1,4,2,39,5,3,2,0,2,8,2,201700053651B01,7,2,1,200054781
201700053683,2017-03-06,2017,mars,lundi,06:45,75,75108,48.8666,2.3219,2,7,3,5,1,4,1,04,1,2,0,260,1,0,1,4,1,54,1,1,2,0,2,0,1,201700053683B01,7,1,1,200054781
201700053689,2017-03-08,2017,mars,mercredi,19:30,75,75108,48.8785,2.31233,2,3,2,5,2,4,1,01,2,1,0,0,2,0,1,4,2,31,0,1,2,1,2,1,5,201700053689A01,10,22,1,200054781
201700053698,2017-03-16,2017,mars,jeudi,18:40,75,75108,48.8735,2.29579,2,7,3,1,1,4,1,00,1,2,0,0,1,0,1,4,1,55,1,1,9,0,2,1,1,201700053698A01,7,1,1,200054781
201700053704,2017-03-22,2017,mars,mercredi,14:45,75,75108,48.8659,2.31989,2,7,3,1,1,4,1,04,1,-1,0,100,1,0,0,4,1,68,0,3,2,0,2,2,11,201700053704A01,10,1,1,200054781
201700053726,2017-04-08,2017,avril,samedi,11:45,75,75108,48.8693,2.32391,2,7,3,1,1,4,1,03,1,3,0,0,1,0,1,3,2,37,5,3,2,0,2,1,1,201700053726A01,7,1,1,200054781
201700053732,2017-04-12,2017,avril,mercredi,09:05,75,75108,48.8752,2.29803,2,1,6,1,1,4,1,01,1,1,0,80,1,0,1,4,1,22,5,1,2,0,1,2,5,201700053732A01,,,,200054781
201700053735,2017-04-19,2017,avril,mercredi,22:05,75,75108,48.875,2.30914,2,2,6,5,1,4,2,03,1,1,0,0,1,0,1,4,2,31,9,1,2,0,2,1,17,201700053735A01,7,22,1,200054781
201700053737,2017-04-20,2017,avril,jeudi,09:30,75,75108,48.874,2.29728,2,2,3,1,1,4,1,01,1,2,0,0,1,0,1,4,2,52,1,2,2,0,2,8,1,201700053737B01,2,1,1,200054781
201700053748,2017-05-04,2017,mai,jeudi,09:55,75,75108,48.8704,2.31291,2,3,3,1,1,4,1,03,1,1,0,100,1,0,1,4,2,53,0,3,2,0,2,1,17,201700053748B01,7,22,1,200054781
201700053749,2017-05-04,2017,mai,jeudi,15:35,75,75108,48.8647,2.31363,2,5,2,1,2,4,2,04,1,2,0,80,1,0,1,4,1,22,1,3,2,0,2,4,2,201700053749B01,13,2,1,200054781
201700053750,2017-05-06,2017,mai,samedi,18:50,75,75108,48.8742,2.29955,2,4,3,1,8,4,2,03,2,1,0,0,2,0,1,4,2,41,5,3,2,0,2,3,18,201700053750B01,7,22,1,200054781
201700053754,2017-05-11,2017,mai,jeudi,12:10,75,75108,48.8664,2.30511,2,3,3,1,1,4,2,03,-1,-1,0,0,-1,0,1,4,2,35,9,3,2,0,2,7,1,201700053754B01,7,9,1,200054781
201700053773,2017-06-02,2017,juin,vendredi,11:00,75,75108,48.8705,2.30531,2,2,2,1,1,4,1,01,1,1,0,0,1,0,1,4,1,46,1,3,2,0,2,4,23,201700053773B01,7,2,1,200054781
201700053777,2017-06-06,2017,juin,mardi,14:00,75,75108,48.8716,2.30678,2,1,6,1,3,4,1,01,1,1,0,50,2,0,1,1,1,35,1,1,2,0,1,1,5,201700053777A01,,,,200054781
201700053782,2017-06-10,2017,juin,samedi,00:30,75,75108,48.8664,2.30511,2,3,3,5,1,4,2,03,1,1,0,0,1,0,1,4,2,58,0,3,2,0,2,0,13,201700053782B01,2,1,1,200054781
201700053788,2017-06-14,2017,juin,mercredi,09:40,75,75108,48.8826,2.32335,2,2,3,1,1,4,1,00,1,1,0,0,1,0,5,4,2,30,5,2,2,0,2,1,1,201700053788B01,7,15,1,200054781
201700053789,2017-06-15,2017,juin,jeudi,08:30,75,75108,48.8642,2.32014,2,7,3,1,1,4,2,04,1,1,0,0,1,0,5,4,1,38,0,3,2,0,2,2,1,201700053789A01,33,1,1,200054781
201700053805,2017-06-30,2017,juin,vendredi,12:15,75,75108,48.8699,2.30733,2,1,2,1,8,4,3,08,1,1,0,250,2,0,1,4,2,30,0,2,2,1,2,6,1,201700053805B01,7,22,1,200054781
201700053824,2017-07-18,2017,juillet,mardi,08:50,75,75116,48.8727,2.28452,2,5,3,1,1,4,1,01,1,1,0,25,1,0,1,4,1,44,0,3,2,0,2,1,1,201700053824B01,7,15,1,200054781
201700053840,2017-08-15,2017,août,mardi,18:15,75,75108,48.8822,2.32171,2,3,6,1,1,4,2,02,1,1,0,80,1,0,0,1,1,23,5,1,2,0,1,0,1,201700053840A01,,,,200054781
201700053858,2017-09-07,2017,septembre,jeudi,20:55,75,75108,48.8713,2.30088,2,1,6,5,1,4,2,02,1,1,0,90,1,0,1,4,2,36,4,3,2,1,2,1,18,201700053858A01,38,1,1,200054781
201700053858,2017-09-07,2017,septembre,jeudi,20:55,75,75108,48.8713,2.30088,2,1,6,5,1,4,2,02,1,1,0,90,1,0,1,4,1,37,5,3,2,1,2,1,18,201700053858A01,38,1,1,200054781
201700053860,2017-09-09,2017,septembre,samedi,15:00,75,75108,48.8749,2.31846,2,2,2,1,8,4,1,03,2,1,0,120,2,0,1,4,1,24,5,3,2,0,2,1,2,201700053860A01,7,2,1,200054781
201700053885,2017-10-05,2017,octobre,jeudi,08:25,75,75108,48.8666,2.3219,2,7,3,1,1,4,1,00,1,1,0,0,1,5,1,4,1,48,1,2,2,0,2,1,1,201700053885B01,10,12,1,200054781
201700053886,2017-10-06,2017,octobre,vendredi,09:30,75,75108,48.865,2.31369,2,5,5,1,1,4,2,02,1,1,0,60,1,0,1,4,1,62,1,2,2,0,2,1,1,201700053886B01,7,2 / 15,2,200054781
201700053891,2017-10-11,2017,octobre,mercredi,09:45,75,75108,48.8647,2.30179,2,7,6,1,8,4,-1,03,1,1,0,0,1,0,1,4,1,47,1,1,2,1,2,8,18,201700053891B01,7,22,1,200054781
201700053892,2017-10-12,2017,octobre,jeudi,13:45,75,75108,48.8751,2.31011,2,1,6,1,1,4,2,06,2,1,0,200,1,0,1,4,2,58,1,2,2,0,2,8,1,201700053892A01,7,17,1,200054781
201700053894,2017-10-15,2017,octobre,dimanche,13:10,75,75108,48.865,2.31369,2,2,3,1,1,4,2,02,1,1,0,0,1,0,1,4,1,33,5,2,2,0,2,1,1,201700053894B01,7,15,1,200054781
201700053896,2017-10-17,2017,octobre,mardi,12:30,75,75108,48.8652,2.30785,2,1,6,1,1,4,1,01,1,1,0,0,1,0,1,1,1,19,4,3,2,0,1,1,5,201700053896A01,,,,200054781
201700053915,2017-10-27,2017,octobre,vendredi,00:01,75,75108,48.8693,2.30914,2,2,6,5,1,4,2,05,1,1,0,200,1,0,1,4,2,34,5,2,2,0,2,1,1,201700053915A01,7,14,1,200054781
201700053939,2017-11-30,2017,novembre,jeudi,14:50,75,75108,48.8796,2.30499,2,2,4,1,2,4,2,04,1,1,20,200,2,0,1,4,1,32,4,2,2,0,2,0,23,201700053939C01,7 / 32,15 / 1,2,200054781
201700053961,2017-12-19,2017,décembre,mardi,18:20,75,75108,48.865,2.3213,2,1,2,5,1,4,1,01,1,-1,0,0,1,0,1,4,1,23,1,1,2,0,2,2,3,201700053961A01,7,1,1,200054781
201700053972,2017-01-03,2017,janvier,mardi,16:20,75,75109,48.8762,2.33536,2,2,3,1,1,4,1,02,1,1,0,120,1,0,1,4,2,29,0,3,2,0,2,1,1,201700053972A01,7,1,1,200054781
201700053980,2017-01-19,2017,janvier,jeudi,08:00,75,75109,48.8833,2.32715,2,7,3,2,1,4,1,02,1,1,0,0,1,0,1,4,2,55,1,1,2,0,2,0,7,201700053980B01,7,7,1,200054781
201700053984,2017-01-27,2017,janvier,vendredi,21:10,75,75109,48.8712,2.33237,2,7,3,5,1,4,2,03,1,1,0,180,1,0,1,4,1,28,0,3,2,0,2,0,1,201700053984B01,31,15,1,200054781
201700053992,2017-02-11,2017,février,samedi,12:50,75,75109,48.8711,2.34568,2,3,3,1,1,4,2,03,1,-1,10,70,1,0,0,4,1,27,1,3,2,0,2,3,7,201700053992A01,10,16,1,200054781