Num_Acc,date,an,mois,jour,hrmn,dep,com,lat,long,agg,int,col,lum,atm,catr,circ,nbv,prof,plan,lartpc,larrout,surf,infra,situ,grav,sexe,age,trajet,secuexist,equipement,obs,obsm,choc,manv,vehiculeid,typevehicules,manoeuvehicules,numVehicules,_infos_commune.code_epci
201700053995,2017-02-16,2017,février,jeudi,08:25,75,75101,48.8613,2.33977,2,3,3,1,1,4,2,03,1,1,0,0,2,0,1,4,1,60,9,3,2,0,2,0,7,201700053995B01,13,17,1,200054781
201700053997,2017-02-23,2017,février,jeudi,13:00,75,75109,48.8802,2.34373,2,2,6,1,1,4,1,01,-1,-1,0,0,-1,0,1,4,1,52,0,3,2,0,0,1,13,201700053997A01,,,,200054781
201700054004,2017-03-07,2017,mars,mardi,16:15,75,75109,48.8824,2.34669,2,3,6,1,1,4,1,01,1,1,0,60,1,0,1,1,1,24,0,2,2,0,1,7,5,201700054004A01,,,,200054781
201700054008,2017-03-13,2017,mars,lundi,12:00,75,75109,48.873,2.33862,2,1,3,1,1,4,1,02,1,1,0,0,1,0,1,4,1,68,0,3,2,0,2,5,12,201700054008B01,2,18,1,200054781
201700054009,2017-03-13,2017,mars,lundi,18:20,75,75109,48.8738,2.33794,2,1,3,1,1,4,1,01,1,1,0,0,1,0,1,4,2,35,1,3,2,0,2,7,1,201700054009B01,7,22,1,200054781
201700054016,2017-03-25,2017,mars,samedi,09:20,75,75109,48.8771,2.33717,2,1,7,1,1,4,1,01,2,1,0,0,1,0,1,4,1,60,0,3,2,0,0,1,1,201700054016A01,,,,200054781
201700054022,2017-04-07,2017,avril,vendredi,17:15,75,75109,48.8773,2.34226,2,2,6,1,1,4,1,01,1,1,0,60,1,0,5,1,1,19,1,3,2,0,1,1,1,201700054022A01,,,,200054781
201700054023,2017-04-11,2017,avril,mardi,09:30,75,75109,48.8736,2.32832,2,2,6,1,1,4,1,02,1,1,0,150,1,0,1,1,2,27,1,3,2,0,0,1,7,201700054023A01,,,,200054781
201700054025,2017-04-13,2017,avril,jeudi,19:00,75,75109,48.8748,2.33976,2,3,6,1,1,4,1,01,1,1,0,50,1,0,1,1,1,24,1,3,2,0,1,1,5,201700054025A01,,,,200054781
201700054028,2017-04-18,2017,avril,mardi,19:20,75,75109,48.873,2.32898,2,1,3,1,1,4,1,01,1,1,0,0,1,0,1,4,1,23,0,2,2,0,2,1,5,201700054028A01,34,9,1,200054781
201700054031,2017-04-24,2017,avril,lundi,09:10,75,75103,48.869,2.35558,2,5,3,1,1,4,-1,03,1,1,0,0,1,0,1,1,1,38,0,2,2,0,2,0,1,201700054031B01,34,1,1,200054781
201700054032,2017-04-24,2017,avril,lundi,09:50,75,75109,48.8719,2.3407,2,1,6,1,1,4,2,02,1,1,0,0,1,0,1,4,1,46,9,2,2,0,2,0,14,201700054032B01,10 / 7,1 / 14,2,200054781
201700054034,2017-04-25,2017,avril,mardi,13:05,75,75109,48.8762,2.33109,2,7,6,1,1,4,2,03,1,1,0,0,1,0,1,1,1,46,0,1,2,0,1,0,1,201700054034A01,,,,200054781
201700054047,2017-05-29,2017,mai,lundi,19:45,75,75109,48.874,2.34428,2,3,3,1,1,4,1,01,1,-1,0,0,1,0,1,4,1,52,0,3,2,0,2,3,18,201700054047B01,7,22,1,200054781
201700054050,2017-06-10,2017,juin,samedi,17:20,75,75109,48.873,2.32827,2,7,3,1,1,4,2,03,1,1,0,0,1,0,1,4,2,35,0,3,2,0,2,0,14,201700054050A01,34,1,1,200054781
201700054074,2017-07-22,2017,juillet,samedi,17:40,75,75109,48.8748,2.34136,2,4,3,1,1,4,1,02,1,3,0,0,1,0,5,4,2,30,9,3,2,0,2,1,1,201700054074B01,7,16,1,200054781
201700054091,2017-09-17,2017,septembre,dimanche,14:10,75,75109,48.8756,2.32683,2,7,2,1,1,4,2,04,1,1,0,0,1,0,1,4,1,49,9,2,2,0,2,1,9,201700054091B01,7,4,1,200054781
201700054097,2017-09-29,2017,septembre,vendredi,04:10,75,75109,48.876,2.34421,2,1,3,5,1,4,1,03,1,1,0,90,1,0,1,4,2,29,5,2,2,0,2,3,7,201700054097B01,7,7,1,200054781
201700054118,2017-11-18,2017,novembre,samedi,20:20,75,75109,48.8712,2.33237,2,7,2,5,1,4,1,03,1,1,0,0,1,0,1,4,1,32,9,2,2,0,2,1,1,201700054118B01,7,23,1,200054781
201700054124,2017-11-23,2017,novembre,jeudi,21:30,75,75109,48.8743,2.33132,2,2,3,5,2,4,2,02,1,1,0,50,2,0,0,4,1,27,4,1,2,0,2,8,1,201700054124B01,7,15,1,200054781
201700054138,2017-01-04,2017,janvier,mercredi,10:00,75,75110,48.8712,2.37008,2,2,6,1,8,4,2,02,1,1,0,0,1,0,1,4,1,21,2,3,2,1,0,1,14,201700054138A01,,,,200054781
201700054139,2017-01-05,2017,janvier,jeudi,18:30,75,75110,48.8778,2.36159,2,3,3,5,1,4,-1,04,1,1,0,0,2,0,1,4,1,35,1,3,2,0,2,0,1,201700054139B01,7,22,1,200054781
201700054141,2017-01-09,2017,janvier,lundi,08:30,75,75110,48.87,2.37099,2,2,6,1,2,4,2,02,1,-1,0,0,2,0,1,4,2,42,0,3,2,0,2,4,1,201700054141A01,13,17,1,200054781
201700054142,2017-01-09,2017,janvier,lundi,10:00,75,75110,48.88,2.36707,2,3,6,1,2,4,2,02,1,-1,0,0,2,5,1,4,2,37,1,3,2,0,2,1,1,201700054142A01,7,1,1,200054781
201700054151,2017-01-30,2017,janvier,lundi,20:30,75,75110,48.8796,2.35685,2,1,3,5,2,4,1,00,1,1,0,0,2,0,1,4,1,28,0,3,2,0,2,0,1,201700054151B01,7,9,1,200054781
201700054155,2017-02-06,2017,février,lundi,18:00,75,75110,48.8792,2.36673,2,3,3,2,1,4,-1,02,-1,-1,0,0,-1,0,0,4,2,39,9,3,2,0,2,1,1,201700054155B01,10,16,1,200054781
201700054158,2017-02-13,2017,février,lundi,19:00,75,75110,48.8823,2.3682,2,1,3,5,1,4,2,04,1,1,0,100,1,0,1,4,1,40,9,3,2,0,2,7,1,201700054158B01,7,9,1,200054781
201700054172,2017-03-08,2017,mars,mercredi,14:35,75,75110,48.8778,2.35121,2,7,3,1,8,4,1,03,2,1,0,100,1,0,5,4,1,51,9,1,2,0,2,7,5,201700054172A01,10,1,1,200054781
201700054174,2017-03-13,2017,mars,lundi,09:00,75,75110,48.8695,2.36635,2,1,2,1,1,4,1,03,1,1,0,70,1,0,1,4,1,35,4,3,2,0,2,1,2,201700054174A01,10,23,1,200054781
201700054180,2017-03-27,2017,mars,lundi,19:30,75,75110,48.8787,2.36624,2,3,3,1,1,4,1,01,1,1,0,40,1,0,1,4,2,28,0,1,2,0,2,3,1,201700054180B01,7,16,1,200054781
201700054184,2017-04-08,2017,avril,samedi,18:00,75,75110,48.875,2.35988,2,1,6,1,1,4,3,02,2,-1,0,35,1,0,5,1,1,30,5,1,4,0,1,1,2,201700054184A01,,,,200054781
201700054185,2017-04-08,2017,avril,samedi,20:50,75,75110,48.8686,2.363,2,7,3,2,1,4,2,04,1,1,0,0,1,0,5,4,1,56,0,3,2,0,2,2,21,201700054185B01,7,24,1,200054781
201700054187,2017-04-13,2017,avril,jeudi,07:40,75,75110,48.8833,2.34975,2,4,3,1,1,4,2,04,2,1,0,0,1,0,1,4,1,27,0,2,2,0,2,3,1,201700054187B01,7,16,1,200054781
201700054197,2017-04-28,2017,avril,vendredi,07:45,75,75110,48.8787,2.36624,2,3,6,1,2,4,1,01,1,1,5,80,2,0,5,4,1,16,2,3,2,0,2,1,1,201700054197A01,10,16,1,200054781
201700054198,2017-04-30,2017,avril,dimanche,19:00,75,75110,48.8787,2.37009,2,1,3,2,3,4,1,02,1,1,0,0,2,0,5,4,2,52,9,3,2,0,2,3,1,201700054198B01,7,16,1,200054781
201700054199,2017-04-30,2017,avril,dimanche,21:30,75,75110,48.8732,2.36567,2,1,6,5,2,4,1,01,-1,-1,0,0,2,0,1,4,1,23,4,1,2,0,2,1,1,201700054199A01,7,5,1,200054781
201700054206,2017-05-12,2017,mai,vendredi,10:25,75,75110,48.8787,2.36624,2,3,3,1,1,4,1,01,2,1,0,0,1,0,5,4,2,26,1,1,2,0,2,0,1,201700054206B01,7,16,1,200054781
201700054207,2017-05-19,2017,mai,vendredi,08:00,75,75110,48.8815,2.35134,2,4,3,1,8,4,1,01,2,1,0,35,1,0,0,4,1,16,0,3,2,0,2,1,1,201700054207B01,10,16,1,200054781
201700054208,2017-05-20,2017,mai,samedi,14:20,75,75110,48.8837,2.35036,2,1,6,1,1,4,1,01,1,1,0,60,1,0,5,1,1,34,0,3,2,0,1,3,19,201700054208A01,,,,200054781
201700054212,2017-05-25,2017,mai,jeudi,03:40,75,75110,48.8714,2.36488,2,1,6,5,1,4,1,01,1,1,0,50,1,0,5,1,1,39,9,3,2,0,1,7,1,201700054212A01,,,,200054781
201700054213,2017-05-26,2017,mai,vendredi,15:50,75,75110,48.884,2.3687,2,7,3,1,7,4,2,02,1,-1,0,0,1,0,1,4,2,19,1,3,2,0,2,2,1,201700054213A01,7,1,1,200054781
201700054215,2017-05-31,2017,mai,mercredi,22:45,75,75110,48.8727,2.3742,2,1,6,5,1,4,1,01,2,1,0,50,1,0,1,3,1,56,9,3,2,1,0,3,1,201700054215A01,,,,200054781
201700054218,2017-06-02,2017,juin,vendredi,18:40,75,75110,48.8716,2.36221,2,1,3,1,2,4,1,01,1,1,0,20,2,0,1,4,2,38,5,3,2,0,2,4,1,201700054218B01,2,18,1,200054781
201700054227,2017-06-26,2017,juin,lundi,22:00,75,75110,48.8711,2.36514,2,1,6,1,1,4,1,00,4,1,0,0,1,0,5,4,1,31,5,2,2,0,1,1,1,201700054227A01,,,,200054781
201700054228,2017-06-27,2017,juin,mardi,08:10,75,75110,48.8843,2.3615,2,5,3,1,8,4,3,02,1,1,10,70,2,0,5,3,2,35,0,2,2,0,2,1,1,201700054228B01,10,16,1,200054781
201700054231,2017-07-02,2017,juillet,dimanche,13:40,75,75110,48.8686,2.363,2,7,3,1,1,4,1,02,2,1,0,0,-1,0,5,4,2,36,5,3,2,0,2,1,1,201700054231B01,7,22,1,200054781
201700054235,2017-07-03,2017,juillet,lundi,19:35,75,75110,48.8793,2.36293,2,3,3,1,1,4,2,02,1,1,0,30,1,0,1,1,2,36,1,3,2,0,2,1,1,201700054235B01,10,16,1,200054781
201700054237,2017-07-07,2017,juillet,vendredi,18:20,75,75110,48.8823,2.37002,2,4,3,1,1,4,2,02,1,1,0,700,1,0,0,4,1,39,5,3,2,0,2,8,15,201700054237B01,7,17,1,200054781
201700054243,2017-07-25,2017,juillet,mardi,19:30,75,75110,48.871,2.36592,2,2,3,2,1,4,1,01,2,1,0,0,1,0,1,4,2,24,5,3,2,0,2,2,1,201700054243A01,7,1,1,200054781
201700054244,2017-07-26,2017,juillet,mercredi,21:10,75,75110,48.8762,2.35611,2,3,3,2,2,4,1,01,2,1,0,0,2,0,0,4,1,32,0,1,2,0,2,0,1,201700054244B01,7,16,1,200054781
201700054249,2017-08-16,2017,août,mercredi,07:00,75,75110,48.8762,2.35611,2,4,3,1,1,4,2,00,1,1,0,0,1,0,5,4,1,38,1,3,2,0,2,0,1,201700054249A01,10,16,1,200054781
201700054251,2017-08-22,2017,août,mardi,12:17,75,75110,48.8753,2.36333,2,3,3,1,1,4,1,01,2,1,0,0,1,0,0,4,2,43,5,3,2,0,2,3,1,201700054251B01,10,16,1,200054781
201700054266,2017-09-12,2017,septembre,mardi,09:00,75,75110,48.878,2.35211,2,7,6,1,1,4,1,03,2,1,0,90,1,0,1,1,1,39,9,3,2,0,1,1,5,201700054266A01,,,,200054781
201700054267,2017-09-12,2017,septembre,mardi,22:20,75,75110,48.8809,2.3678,2,1,6,5,1,4,1,01,1,1,0,30,2,0,5,1,1,18,0,3,2,0,1,8,1,201700054267A01,,,,200054781
201700054272,2017-09-27,2017,septembre,mercredi,12:30,75,75110,48.8827,2.37017,2,2,3,1,1,4,4,06,1,1,0,35,1,0,1,4,1,27,1,2,2,0,2,1,1,201700054272A01,10,1,1,200054781
201700054284,2017-10-24,2017,octobre,mardi,09:10,75,75110,48.8684,2.36283,2,7,3,1,2,4,2,02,1,1,0,100,2,0,1,4,2,47,0,2,2,0,2,3,15,201700054284B01,32,1,1,200054781
201700054289,2017-10-31,2017,octobre,mardi,16:25,75,75110,48.8824,2.3687,2,1,2,1,1,4,3,05,1,1,0,0,1,0,1,4,1,45,1,1,2,0,2,4,13,201700054289B01,7,1,1,200054781
201700054294,2017-11-08,2017,novembre,mercredi,21:10,75,75110,48.8745,2.3628,2,4,3,5,2,4,1,01,2,1,0,35,2,0,5,4,1,45,5,3,2,0,2,3,1,201700054294B01,7,14,1,200054781
201700054304,2017-11-17,2017,novembre,vendredi,15:00,75,75110,48.8807,2.36465,2,1,2,1,8,4,2,02,1,1,0,120,1,0,1,4,1,30,5,3,2,0,2,1,2,201700054304A01,7,23,1,200054781
201700054307,2017-11-18,2017,novembre,samedi,21:00,75,75110,48.8781,2.35125,2,7,6,5,8,4,1,03,2,1,0,150,1,0,5,4,1,25,1,2,2,0,2,8,1,201700054307A01,7,1,1,200054781
201700054308,2017-11-24,2017,novembre,vendredi,11:50,75,75118,48.8845,2.35932,2,2,2,1,8,4,1,01,1,1,0,50,2,0,1,4,2,28,9,3,2,0,2,4,1,201700054308B01,7,1,1,200054781
201700054311,2017-11-28,2017,novembre,mardi,15:20,75,75110,48.8741,2.36285,2,1,6,1,1,4,1,02,4,2,0,0,2,3,5,1,1,29,5,1,2,0,1,1,1,201700054311A01,,,,200054781
201700054313,2017-11-30,2017,novembre,jeudi,08:05,75,75110,48.8717,2.3572,2,3,2,1,1,4,1,01,1,1,10,30,1,0,1,4,1,30,1,2,2,0,2,1,1,201700054313B01,14,15,1,200054781
201700054327,2017-01-04,2017,janvier,mercredi,19:30,75,75111,48.8547,2.38535,2,2,3,5,2,4,2,02,1,1,0,100,2,0,1,4,1,22,4,3,2,0,2,0,15,201700054327A01,31,1,1,200054781
201700054333,2017-01-15,2017,janvier,dimanche,03:05,75,75111,48.8595,2.36759,2,3,6,5,1,4,2,00,1,1,0,0,1,0,1,4,1,28,5,3,2,0,2,0,18,201700054333A01,7,14,1,200054781
201700054337,2017-01-17,2017,janvier,mardi,19:30,75,75111,48.864,2.37068,2,5,6,5,1,4,1,01,1,-1,0,0,-1,0,5,4,1,30,0,3,2,2,2,1,17,201700054337B01,1,15,1,200054781
201700054337,2017-01-17,2017,janvier,mardi,19:30,75,75111,48.864,2.37068,2,5,6,5,1,4,1,01,1,-1,0,0,-1,0,5,1,1,33,0,3,2,0,2,4,15,201700054337A01,1,17,1,200054781
201700054340,2017-01-18,2017,janvier,mercredi,20:10,75,75111,48.8562,2.39101,2,1,2,5,1,4,2,02,2,1,0,120,1,0,1,4,1,47,1,2,2,1,2,1,1,201700054340B01,7,22,1,200054781
201700054347,2017-02-01,2017,février,mercredi,07:30,75,75111,48.8558,2.38158,2,3,3,1,1,4,1,01,1,1,0,60,1,0,5,4,2,29,1,3,2,0,2,1,1,201700054347B01,7,15,1,200054781
201700054350,2017-02-05,2017,février,dimanche,18:20,75,75111,48.8666,2.38125,2,3,3,5,1,4,1,02,1,1,0,0,1,0,1,4,1,15,5,3,2,0,2,2,5,201700054350B01,7,9,1,200054781
201700054355,2017-02-15,2017,février,mercredi,19:50,75,75111,48.8535,2.36952,2,7,2,5,1,4,1,04,1,2,0,200,1,0,1,4,1,39,1,3,2,0,2,4,2,201700054355B01,7,16,1,200054781
201700054358,2017-02-18,2017,février,samedi,18:40,75,75111,48.8494,2.39642,2,1,1,5,1,4,1,01,1,2,0,40,1,0,5,4,2,59,5,3,2,0,2,2,1,201700054358B01,7,9,1,200054781
201700054359,2017-02-20,2017,février,lundi,08:35,75,75111,48.8507,2.39447,2,2,3,1,1,4,2,02,1,1,0,80,1,0,1,4,1,55,9,3,2,0,2,1,1,201700054359B01,7,1,1,200054781
201700054378,2017-03-13,2017,mars,lundi,20:40,75,75111,48.8548,2.37811,2,1,3,5,1,4,2,02,1,1,0,50,1,0,1,4,2,40,1,1,2,0,2,1,1,201700054378B01,7,22,1,200054781
201700054382,2017-03-18,2017,mars,samedi,06:10,75,75111,48.8642,2.38023,2,3,1,5,1,4,2,01,2,1,0,60,1,0,1,3,1,29,9,3,2,0,2,0,13,201700054382B01,7,1,1,200054781
201700054383,2017-03-21,2017,mars,mardi,18:35,75,75111,48.8606,2.38162,2,1,3,2,1,4,1,01,1,1,0,60,1,0,1,4,2,50,1,3,2,0,2,1,1,201700054383B01,7,22,1,200054781
201700054387,2017-04-01,2017,avril,samedi,16:45,75,75111,48.8575,2.37968,2,5,3,1,1,4,3,02,1,2,0,30,1,0,1,4,1,13,5,3,2,0,2,8,13,201700054387B01,32,17,1,200054781
201700054397,2017-04-07,2017,avril,vendredi,19:30,75,75111,48.8501,2.39486,2,1,6,1,3,4,2,01,1,1,0,0,1,0,1,4,2,62,5,3,2,0,2,1,1,201700054397B01,7,22,1,200054781
201700054398,2017-04-07,2017,avril,vendredi,19:10,75,75111,48.8533,2.37701,2,3,6,1,1,4,3,02,1,1,0,0,1,0,1,4,1,49,5,3,2,0,2,6,2,201700054398A01,7,2,1,200054781
201700054399,2017-04-10,2017,avril,lundi,10:30,75,75111,48.8571,2.3712,2,3,6,1,1,4,3,02,1,1,0,180,1,0,5,1,1,44,5,3,2,0,1,1,1,201700054399A01,,,,200054781
201700054400,2017-04-10,2017,avril,lundi,14:55,75,75111,48.8683,2.38135,2,3,3,1,1,4,1,01,1,1,0,0,1,0,0,4,1,39,0,3,2,0,2,3,17,201700054400B01,7,22,1,200054781
201700054401,2017-04-11,2017,avril,mardi,10:30,75,75111,48.8513,2.39822,2,5,3,1,3,4,1,01,1,1,180,70,1,0,1,4,2,35,1,3,2,0,2,4,1,201700054401B01,10,16,1,200054781
201700054406,2017-04-16,2017,avril,dimanche,20:10,75,75111,48.8587,2.38431,2,3,3,1,1,4,2,02,2,1,0,70,1,0,1,4,1,27,4,3,2,0,2,1,1,201700054406A01,7,15,1,200054781
201700054411,2017-04-27,2017,avril,jeudi,14:25,75,75111,48.8574,2.38484,2,1,2,1,1,4,1,01,1,1,0,75,1,0,1,4,2,49,4,2,2,1,2,7,1,201700054411B01,7,22,1,200054781
201700054412,2017-04-27,2017,avril,jeudi,19:00,75,75111,48.8572,2.37897,2,1,2,1,1,4,1,01,1,1,0,50,1,0,1,4,1,58,1,2,2,0,2,0,18,201700054412B01,14,22,1,200054781
201700054421,2017-05-10,2017,mai,mercredi,16:00,75,75111,48.8566,2.37729,2,1,7,1,1,4,1,00,1,1,0,70,1,0,1,4,2,49,5,3,2,0,0,0,1,201700054421A01,,,,200054781
201700054428,2017-05-16,2017,mai,mardi,11:30,75,75111,48.8701,2.3748,2,1,2,1,1,4,1,01,1,1,0,50,1,0,1,4,2,62,0,3,2,0,2,4,1,201700054428B01,10,4,1,200054781
201700054434,2017-05-22,2017,mai,lundi,15:30,75,75111,48.8574,2.38081,2,4,3,1,1,4,1,01,1,3,0,40,1,0,0,4,2,56,1,3,2,0,2,0,15,201700054434B01,31,1,1,200054781
201700054435,2017-05-22,2017,mai,lundi,19:30,75,75111,48.8646,2.37798,2,2,3,1,1,4,2,02,1,1,0,140,1,5,1,4,1,28,9,3,2,0,2,3,15,201700054435A01,32,1,1,200054781
201700054439,2017-05-24,2017,mai,mercredi,20:30,75,75111,48.8539,2.38197,2,3,6,1,1,4,1,01,1,1,0,80,1,0,1,4,1,26,1,3,2,0,2,0,5,201700054439B01,2,1,1,200054781
201700054440,2017-05-25,2017,mai,jeudi,20:45,75,75111,48.8587,2.37857,2,2,3,1,1,4,2,02,1,1,0,140,1,0,1,4,1,30,5,3,2,0,2,0,1,201700054440B01,7,1,1,200054781
201700054444,2017-06-03,2017,juin,samedi,09:45,75,75111,48.8514,2.37559,2,1,3,1,1,4,2,02,1,-1,0,125,1,0,1,4,2,33,9,3,2,0,2,5,1,201700054444B01,13,22,1,200054781
201700054448,2017-06-13,2017,juin,mardi,10:00,75,75111,48.8529,2.38851,2,4,3,1,1,4,3,02,1,1,0,170,1,0,1,4,2,27,1,3,2,0,2,8,15,201700054448B01,7,1,1,200054781
201700054452,2017-06-19,2017,juin,lundi,18:30,75,75111,48.8626,2.3673,2,2,3,1,1,4,1,01,1,1,0,50,1,0,1,1,1,48,5,1,2,0,2,0,17,201700054452A01,2,7,1,200054781
201700054453,2017-06-21,2017,juin,mercredi,15:15,75,75111,48.8606,2.37828,2,3,3,1,1,4,2,02,1,1,0,120,1,0,1,4,2,79,5,2,2,0,2,4,1,201700054453B01,7,17,1,200054781
201700054455,2017-06-22,2017,juin,jeudi,08:10,75,75111,48.8511,2.38994,2,1,6,1,1,4,1,01,1,1,0,50,1,0,1,1,1,40,1,2,2,0,1,7,1,201700054455A01,,,,200054781
201700054462,2017-06-24,2017,juin,samedi,17:30,75,75111,48.85,2.39311,2,1,2,1,1,4,2,02,1,1,0,100,1,0,1,4,1,29,4,2,2,0,2,1,14,201700054462B01,7,23,1,200054781
201700054469,2017-07-09,2017,juillet,dimanche,04:15,75,75111,48.864,2.37068,2,2,3,5,1,4,3,02,1,1,120,80,1,0,1,4,1,26,5,3,2,0,2,2,1,201700054469A01,7,1,1,200054781
201700054471,2017-07-12,2017,juillet,mercredi,18:20,75,75111,48.866,2.37396,2,1,6,1,8,4,2,02,1,1,0,60,1,0,1,4,1,37,5,3,2,1,0,7,14,201700054471A01,,,,200054781
201700054473,2017-07-18,2017,juillet,mardi,15:00,75,75111,48.8683,2.3673,2,1,3,1,1,4,1,02,1,1,0,120,1,0,1,4,1,39,9,3,2,0,2,8,18,201700054473B01,7,20,1,200054781
201700054476,2017-07-21,2017,juillet,vendredi,14:20,75,75111,48.865,2.37052,2,1,6,1,1,4,3,02,1,1,250,80,1,0,1,1,1,22,4,3,2,0,1,1,1,201700054476A01,,,,200054781
201700054477,2017-07-21,2017,juillet,vendredi,19:45,75,75111,48.8625,2.36688,2,2,3,1,1,4,1,01,1,1,0,70,1,0,1,4,2,27,9,3,2,0,2,4,13,201700054477B01,14,1,1,200054781
201700054482,2017-08-05,2017,août,samedi,10:40,75,75111,48.8616,2.38471,2,3,6,1,1,4,1,01,1,1,0,100,1,0,1,1,1,17,0,1,2,0,1,1,16,201700054482A01,,,,200054781
201700054483,2017-08-06,2017,août,dimanche,13:40,75,75111,48.8542,2.38337,2,1,6,1,1,4,2,02,1,1,0,70,1,0,1,4,1,56,3,3,2,0,2,8,19,201700054483A01,32,1,1,200054781
201700054490,2017-08-31,2017,août,jeudi,13:15,75,75111,48.8586,2.37991,2,7,6,1,1,4,2,02,1,1,0,70,1,0,1,4,1,62,1,2,2,0,2,0,1,201700054490A01,30,5,1,200054781
201700054497,2017-09-10,2017,septembre,dimanche,03:30,75,75104,48.8529,2.36834,2,7,3,5,2,4,-1,00,-1,-1,0,0,-1,0,0,4,1,25,0,3,2,0,2,0,1,201700054497B01,7,16,1,200054781
201700054500,2017-09-17,2017,septembre,dimanche,02:07,75,75111,48.86,2.37189,2,1,6,5,1,4,3,02,1,1,0,0,2,0,1,4,1,30,0,2,2,0,2,4,1,201700054500B01,7,1,1,200054781
201700054500,2017-09-17,2017,septembre,dimanche,02:07,75,75111,48.86,2.37189,2,1,6,5,1,4,3,02,1,1,0,0,2,0,1,4,2,27,0,2,2,0,2,4,1,201700054500B01,7,1,1,200054781
201700054502,2017-09-18,2017,septembre,lundi,18:30,75,75111,48.8551,2.38712,2,2,3,1,1,4,-1,01,2,1,0,60,1,0,1,4,1,31,0,3,2,0,2,1,18,201700054502B01,10,22,1,200054781
201700054504,2017-09-20,2017,septembre,mercredi,17:30,75,75111,48.8644,2.36901,2,2,3,1,1,4,2,02,1,1,0,60,1,0,1,4,1,21,5,3,2,0,2,3,18,201700054504B01,7,4,1,200054781
201700054507,2017-09-22,2017,septembre,vendredi,08:55,75,75120,48.8666,2.38354,2,1,6,1,1,4,1,01,1,1,0,0,2,0,5,4,2,27,1,3,2,0,1,1,1,201700054507A01,,,,200054781
201700054516,2017-09-27,2017,septembre,mercredi,09:20,75,75111,48.8505,2.39302,2,1,6,1,8,4,1,01,2,1,0,40,1,0,1,4,1,38,1,1,2,0,1,1,17,201700054516A01,,,,200054781
201700054519,2017-09-29,2017,septembre,vendredi,16:45,75,75111,48.8619,2.37209,2,2,2,1,1,4,1,01,1,1,0,50,1,0,0,4,2,51,1,2,2,1,2,2,1,201700054519B01,7,22,1,200054781
201700054525,2017-10-08,2017,octobre,dimanche,09:55,75,75111,48.8563,2.38258,2,1,2,1,8,4,2,01,1,1,0,80,2,0,1,3,1,46,5,1,2,1,2,1,1,201700054525B01,7,22,1,200054781
201700054528,2017-10-09,2017,octobre,lundi,17:45,75,75111,48.8547,2.38535,2,2,3,1,1,4,-1,01,1,1,0,0,1,0,1,4,2,25,0,3,2,0,2,3,18,201700054528B01,10,16,1,200054781
201700054533,2017-10-13,2017,octobre,vendredi,20:30,75,75111,48.8504,2.38447,2,2,2,5,1,4,1,01,1,1,0,30,1,0,1,4,1,26,1,2,2,0,2,4,15,201700054533B01,30,1,1,200054781
201700054537,2017-10-15,2017,octobre,dimanche,18:15,75,75111,48.8649,2.385,2,3,3,1,1,4,3,01,1,1,80,50,1,0,5,4,2,30,5,2,4,0,2,3,1,201700054537B01,7,16,1,200054781
201700054544,2017-10-21,2017,octobre,samedi,19:20,75,75111,48.864,2.37549,2,3,2,5,1,4,2,02,1,1,0,70,1,0,1,4,2,32,1,1,2,10,2,1,17,201700054544B01,7,1,1,200054781
201700054547,2017-10-23,2017,octobre,lundi,13:45,75,75111,48.8636,2.38335,2,3,2,1,8,4,2,02,1,1,0,120,1,0,1,4,1,28,1,3,2,0,2,1,2,201700054547A01,7,23,1,200054781
201700054560,2017-11-11,2017,novembre,samedi,20:15,75,75111,48.8657,2.37246,2,2,3,5,2,4,2,00,2,1,0,140,2,0,1,4,1,30,1,3,2,0,2,1,1,201700054560A01,7,15,1,200054781
201700054561,2017-11-12,2017,novembre,dimanche,09:30,75,75111,48.8505,2.37938,2,3,3,1,3,4,2,03,1,1,0,140,2,0,1,3,1,66,0,3,2,0,2,8,13,201700054561B01,7,1,1,200054781
201700054567,2017-11-17,2017,novembre,vendredi,09:15,75,75111,48.86,2.37761,2,1,6,1,2,4,1,01,2,1,0,40,2,0,1,4,1,47,0,3,2,1,0,3,13,201700054567A01,,,,200054781
201700054575,2017-11-26,2017,novembre,dimanche,13:05,75,75111,48.8547,2.36951,2,4,6,1,1,4,1,01,1,1,15,30,1,0,1,1,1,20,0,3,2,0,1,1,1,201700054575A01,,,,200054781
201700054580,2017-11-30,2017,novembre,jeudi,09:45,75,75111,48.8585,2.38366,2,2,6,1,1,4,2,02,2,1,0,80,1,0,1,4,2,36,0,2,2,1,0,1,1,201700054580A01,,,,200054781
201700054589,2017-12-15,2017,décembre,vendredi,13:45,75,75111,48.8601,2.37261,2,3,6,1,2,4,-1,00,-1,-1,0,0,-1,0,0,4,1,21,4,3,2,0,2,1,1,201700054589A01,30,6,1,200054781
201700054595,2017-12-29,2017,décembre,vendredi,11:15,75,75111,48.8582,2.38646,2,2,3,1,2,4,1,01,1,1,0,80,2,0,1,4,2,70,5,2,2,0,2,1,1,201700054595A01,7,1,1,200054781