Num_Acc,date,an,mois,jour,hrmn,dep,com,lat,long,agg,int,col,lum,atm,catr,circ,nbv,prof,plan,lartpc,larrout,surf,infra,situ,grav,sexe,age,trajet,secuexist,equipement,obs,obsm,choc,manv,vehiculeid,typevehicules,manoeuvehicules,numVehicules,_infos_commune.code_epci
201700054603,2017-01-05,2017,janvier,jeudi,09:50,75,75112,48.8479,2.39779,2,1,1,1,1,4,1,03,1,1,0,60,1,0,1,4,1,49,9,3,2,0,5,0,5,201700054603A01,7,9,1,200054781
201700054614,2017-01-13,2017,janvier,vendredi,23:30,75,75112,48.85,2.37475,2,1,6,5,1,4,-1,02,1,1,0,60,2,0,0,4,1,23,4,3,2,0,2,7,1,201700054614A01,7,9,1,200054781
201700054633,2017-02-14,2017,février,mardi,19:30,75,75112,48.8379,2.40004,2,1,3,5,1,4,2,02,2,1,0,80,1,0,5,4,1,23,4,3,2,0,2,1,1,201700054633B01,7,16,1,200054781
201700054634,2017-02-16,2017,février,jeudi,10:10,75,75112,48.8467,2.39559,2,1,3,1,2,4,2,01,1,1,0,0,2,0,1,4,2,31,0,3,2,0,2,1,1,201700054634B01,7,22,1,200054781
201700054639,2017-02-21,2017,février,mardi,18:20,75,75112,48.8384,2.39294,2,1,6,5,1,4,2,02,2,1,0,50,1,0,5,4,1,44,1,3,2,0,1,1,1,201700054639A01,,,,200054781
201700054645,2017-02-26,2017,février,dimanche,10:07,75,75112,48.8248,2.44314,2,2,6,1,1,4,2,00,1,1,0,50,1,0,1,4,2,33,5,3,8,0,1,0,1,201700054645Z01,,,,200054781
201700054648,2017-03-02,2017,mars,jeudi,07:25,75,75112,48.8206,2.44532,2,2,3,2,1,4,2,02,1,1,0,60,2,0,1,4,1,56,1,1,2,0,2,3,1,201700054648B01,10,1,1,200054781
201700054659,2017-03-09,2017,mars,jeudi,10:56,75,75112,48.8487,2.37253,2,2,3,1,1,4,1,03,1,1,0,90,1,0,1,4,2,32,1,2,2,0,2,8,5,201700054659B01,7,15,1,200054781
201700054666,2017-03-15,2017,mars,mercredi,18:00,75,75112,48.8346,2.41894,2,1,1,1,1,4,-1,00,1,-1,0,0,1,0,5,4,1,16,5,3,2,0,2,1,13,201700054666A01,1,1,1,200054781
201700054666,2017-03-15,2017,mars,mercredi,18:00,75,75112,48.8346,2.41894,2,1,1,1,1,4,-1,00,1,-1,0,0,1,0,5,4,1,43,5,1,2,0,2,1,1,201700054666B01,1,13,1,200054781
201700054667,2017-03-16,2017,mars,jeudi,23:05,75,75112,48.8513,2.37612,2,5,3,5,1,4,2,04,-1,1,0,0,1,0,1,4,2,23,5,3,2,0,2,8,13,201700054667B01,7,1,1,200054781
201700054675,2017-03-20,2017,mars,lundi,09:15,75,75112,48.8367,2.40144,2,1,3,1,1,4,1,01,1,-1,0,30,1,0,5,4,1,33,1,3,2,0,2,1,1,201700054675B01,31,9,1,200054781
201700054678,2017-03-22,2017,mars,mercredi,15:05,75,75112,48.837,2.43159,2,1,3,1,1,4,2,02,1,1,0,70,1,0,1,4,1,47,5,3,2,0,2,2,17,201700054678B01,7,10,1,200054781
201700054684,2017-03-27,2017,mars,lundi,18:00,75,75112,48.847,2.38376,2,2,3,1,1,4,2,02,1,1,0,60,1,0,5,4,1,12,5,2,2,0,2,1,1,201700054684B01,7,15,1,200054781
201700054688,2017-03-30,2017,mars,jeudi,12:34,75,75112,48.8443,2.41032,2,2,3,1,1,4,2,02,1,1,0,30,1,5,5,4,1,64,5,2,2,0,2,8,16,201700054688B01,14,16,1,200054781
201700054697,2017-04-07,2017,avril,vendredi,08:30,75,75112,48.8385,2.39583,2,1,3,1,1,4,1,01,2,1,0,0,1,0,1,4,2,29,5,3,2,0,2,1,1,201700054697B01,7,9,1,200054781
201700054698,2017-04-07,2017,avril,vendredi,17:20,75,75112,48.8384,2.39868,2,3,7,1,1,4,2,02,3,1,0,40,3,0,0,3,2,58,5,1,2,0,9,0,1,201700054698A01,,,,200054781
201700054699,2017-04-07,2017,avril,vendredi,23:50,75,75112,48.8385,2.38972,2,1,6,5,7,4,2,03,2,1,0,0,1,0,1,3,2,42,0,3,2,0,2,4,2,201700054699A01,7,2,1,200054781
201700054703,2017-04-12,2017,avril,mercredi,19:10,75,75112,48.8444,2.38971,2,3,6,1,1,4,2,01,2,1,0,60,1,0,1,4,2,25,9,2,2,0,2,1,1,201700054703A01,30,15,1,200054781
201700054704,2017-04-12,2017,avril,mercredi,20:10,75,75112,48.8375,2.45197,2,2,3,1,1,4,2,00,1,1,0,70,1,0,1,4,2,21,1,2,2,0,2,1,1,201700054704B01,7,1,1,200054781
201700054705,2017-04-13,2017,avril,jeudi,10:45,75,75112,48.8397,2.39619,2,7,3,1,1,4,1,02,1,2,0,100,1,0,1,4,1,51,1,1,2,0,2,8,1,201700054705B01,7,14,1,200054781
201700054707,2017-04-14,2017,avril,vendredi,21:50,75,75112,48.8473,2.37529,2,5,3,5,1,4,1,01,1,1,0,0,1,0,1,4,1,22,1,3,2,0,2,1,1,201700054707A01,7,15,1,200054781
201700054713,2017-04-21,2017,avril,vendredi,10:35,75,75112,48.8376,2.39092,2,1,3,1,1,4,2,03,2,1,0,90,1,0,1,1,1,24,9,3,2,0,2,4,13,201700054713A01,33,1,1,200054781
201700054716,2017-04-22,2017,avril,samedi,12:30,75,75112,48.8458,2.3676,2,7,3,1,1,4,2,03,1,2,0,0,1,0,0,4,1,55,1,3,2,0,2,4,13,201700054716A01,7,1,1,200054781
201700054717,2017-04-24,2017,avril,lundi,08:50,75,75112,48.8526,2.36962,2,7,3,1,1,4,4,02,1,1,20,60,1,0,1,4,1,50,1,1,2,0,2,3,1,201700054717B01,7,1,1,200054781
201700054733,2017-05-12,2017,mai,vendredi,01:33,75,75112,48.8478,2.39906,2,7,3,5,1,4,2,08,1,1,0,220,1,0,1,3,1,68,5,1,2,0,2,1,1,201700054733A01,7,1,1,200054781
201700054741,2017-05-16,2017,mai,mardi,22:45,75,75112,48.8514,2.36986,2,3,6,5,1,4,3,02,1,-1,20,50,1,0,1,1,1,23,1,3,2,0,1,7,1,201700054741A01,,,,200054781
201700054745,2017-05-23,2017,mai,mardi,12:50,75,75112,48.8458,2.37405,2,2,6,1,1,4,1,03,1,1,0,0,1,0,1,4,1,46,1,2,2,0,2,8,1,201700054745A01,7,16,1,200054781
201700054747,2017-05-24,2017,mai,mercredi,18:45,75,75112,48.8532,2.37022,2,7,3,1,1,4,-1,05,1,2,0,150,1,0,0,4,1,61,1,1,2,0,2,1,18,201700054747B01,7,1,1,200054781
201700054750,2017-05-25,2017,mai,jeudi,19:55,75,75112,48.834,2.44485,2,7,3,1,1,4,2,02,1,1,0,40,1,0,0,4,2,25,5,1,2,0,2,1,1,201700054750B01,1,10,1,200054781
201700054750,2017-05-25,2017,mai,jeudi,19:55,75,75112,48.834,2.44485,2,7,3,1,1,4,2,02,1,1,0,40,1,0,0,1,1,19,5,3,2,0,2,8,10,201700054750A01,1,1,1,200054781
201700054752,2017-05-27,2017,mai,samedi,10:20,75,75112,48.8357,2.38605,2,3,3,1,1,4,2,01,1,1,0,160,1,0,1,4,2,36,5,1,2,0,2,1,18,201700054752A01,37,16,1,200054781
201700054758,2017-05-31,2017,mai,mercredi,16:15,75,75112,48.8391,2.3904,2,1,3,1,1,4,2,02,1,1,0,0,1,6,1,4,1,46,5,2,2,0,2,8,19,201700054758B01,7,1,1,200054781
201700054760,2017-06-01,2017,juin,jeudi,10:00,75,75112,48.845,2.36617,2,1,3,1,1,4,2,07,1,1,0,150,1,2,1,4,2,30,1,3,2,0,2,3,18,201700054760A01,7,7,1,200054781
201700054761,2017-06-01,2017,juin,jeudi,12:30,75,75112,48.851,2.37714,2,3,3,1,1,4,2,00,-1,-1,0,0,-1,0,1,4,2,32,0,3,2,0,2,0,1,201700054761B01,7,22,1,200054781
201700054762,2017-06-02,2017,juin,vendredi,08:30,75,75112,48.8396,2.39689,2,7,3,1,1,4,1,01,-1,-1,0,0,-1,0,1,4,1,34,1,3,2,0,2,4,1,201700054762B01,7,14,1,200054781
201700054768,2017-06-06,2017,juin,mardi,13:10,75,75112,48.8489,2.38409,2,1,2,1,1,4,2,02,1,1,0,80,2,0,1,4,1,32,1,2,2,1,2,1,1,201700054768A01,7,23,1,200054781
201700054770,2017-06-09,2017,juin,vendredi,09:15,75,75112,48.8216,2.43316,2,1,2,1,1,4,2,02,1,1,0,0,1,0,5,1,1,29,1,2,2,0,2,1,17,201700054770A01,1,13,1,200054781
201700054770,2017-06-09,2017,juin,vendredi,09:15,75,75112,48.8216,2.43316,2,1,2,1,1,4,2,02,1,1,0,0,1,0,5,4,2,41,0,2,2,0,2,0,13,201700054770B01,1,17,1,200054781
201700054771,2017-06-10,2017,juin,samedi,10:40,75,75112,48.8501,2.37903,2,2,4,1,1,4,2,02,-1,-1,0,0,-1,0,0,1,2,36,3,1,2,0,2,0,23,201700054771C01,7,2 / 23,2,200054781
201700054776,2017-06-14,2017,juin,mercredi,08:30,75,75112,48.8393,2.39332,2,1,6,1,1,4,2,02,1,1,0,0,1,0,5,4,1,22,5,2,2,1,0,8,21,201700054776A01,,,,200054781
201700054782,2017-06-19,2017,juin,lundi,18:30,75,75112,48.8374,2.39117,2,2,3,1,1,4,2,04,1,1,0,90,1,5,0,4,2,73,1,3,2,0,2,0,1,201700054782B01,7,15,1,200054781
201700054785,2017-06-20,2017,juin,mardi,22:30,75,75112,48.839,2.42848,2,1,2,5,1,4,2,02,1,1,0,50,1,0,1,4,1,22,9,2,2,1,2,0,1,201700054785B01,7,22,1,200054781
201700054788,2017-06-22,2017,juin,jeudi,09:20,75,75112,48.8427,2.38477,2,1,7,1,1,4,2,03,1,1,0,70,1,0,5,4,1,50,1,2,2,0,0,0,1,201700054788A01,,,,200054781
201700054790,2017-06-23,2017,juin,vendredi,17:15,75,75112,48.8312,2.40874,2,2,3,1,1,4,2,02,1,1,0,40,1,0,1,4,1,42,1,2,2,0,2,1,1,201700054790A01,1,1,1,200054781
201700054790,2017-06-23,2017,juin,vendredi,17:15,75,75112,48.8312,2.40874,2,2,3,1,1,4,2,02,1,1,0,40,1,0,1,4,1,22,5,2,9,0,2,3,1,201700054790B01,1,1,1,200054781
201700054803,2017-07-07,2017,juillet,vendredi,08:55,75,75112,48.8279,2.41894,2,7,3,1,1,4,2,02,1,1,0,0,1,0,1,4,1,32,1,3,2,0,2,0,19,201700054803B01,7,1,1,200054781
201700054806,2017-07-08,2017,juillet,samedi,17:50,75,75112,48.8336,2.41424,2,1,3,1,1,4,2,02,1,1,0,150,1,0,1,3,1,40,9,3,2,0,2,7,1,201700054806B01,7,22,1,200054781
201700054817,2017-07-13,2017,juillet,jeudi,17:45,75,75112,48.8222,2.44231,2,7,1,1,1,4,4,01,-1,-1,0,0,-1,0,1,1,2,53,5,1,2,0,2,1,5,201700054817A01,1,1,1,200054781
201700054817,2017-07-13,2017,juillet,jeudi,17:45,75,75112,48.8222,2.44231,2,7,1,1,1,4,4,01,-1,-1,0,0,-1,0,1,4,1,45,5,1,2,0,2,1,1,201700054817B01,1,5,1,200054781
201700054821,2017-07-17,2017,juillet,lundi,18:56,75,75112,48.8474,2.38714,2,1,7,1,1,4,2,00,1,1,0,0,1,0,1,4,1,47,1,3,2,0,0,0,17,201700054821A01,,,,200054781
201700054823,2017-07-19,2017,juillet,mercredi,23:31,75,75112,48.8524,2.36941,2,4,3,5,1,4,2,05,1,3,10,125,1,5,1,4,1,35,5,3,2,0,2,8,1,201700054823A01,7,1,1,200054781
201700054839,2017-08-08,2017,août,mardi,07:55,75,75112,48.8426,2.40515,2,1,3,1,2,4,2,02,1,1,0,78,2,0,1,4,2,37,5,1,2,0,2,4,15,201700054839B01,7,1,1,200054781
201700054845,2017-08-13,2017,août,dimanche,12:00,75,75112,48.8367,2.42391,2,1,3,1,1,4,2,02,1,1,0,0,1,0,1,4,1,31,0,3,2,0,2,2,1,201700054845B01,7,22,1,200054781
201700054846,2017-08-13,2017,août,dimanche,13:45,75,75112,48.8289,2.45206,2,1,3,1,1,4,2,02,1,1,0,100,1,0,1,4,1,11,5,3,2,0,2,1,1,201700054846B01,7,22,1,200054781
201700054848,2017-08-14,2017,août,lundi,12:10,75,75112,48.8356,2.3925,2,1,4,1,1,4,2,02,2,1,0,60,1,0,1,4,1,39,5,3,2,0,2,1,18,201700054848A01,10 / 7,22 / 23,2,200054781
201700054851,2017-08-16,2017,août,mercredi,06:00,75,75112,48.8432,2.37439,2,1,3,5,1,4,2,04,1,1,0,0,1,0,1,4,1,42,1,3,2,0,2,7,1,201700054851B01,10,22,1,200054781
201700054852,2017-08-20,2017,août,dimanche,18:10,75,75112,48.8337,2.4451,2,2,7,1,1,4,1,01,1,1,0,50,1,0,5,3,1,49,5,1,2,0,1,8,1,201700054852A01,,,,200054781
201700054858,2017-08-25,2017,août,vendredi,09:45,75,75112,48.839,2.38921,2,2,3,1,2,4,2,02,1,1,0,120,2,0,1,4,2,33,4,1,2,0,2,3,1,201700054858B01,7,15,1,200054781
201700054859,2017-08-27,2017,août,dimanche,19:45,75,75112,48.8523,2.37215,2,1,2,1,1,4,2,02,1,2,0,0,1,0,1,4,1,24,0,3,2,0,2,1,1,201700054859B01,30,15,1,200054781
201700054865,2017-09-03,2017,septembre,dimanche,16:05,75,75112,48.8366,2.38249,2,3,6,1,1,4,4,00,1,1,0,0,1,0,1,4,1,45,5,3,2,0,2,8,13,201700054865A01,30,17,1,200054781
201700054866,2017-09-06,2017,septembre,mercredi,08:45,75,75112,48.8447,2.40572,2,5,3,1,1,4,2,02,1,1,0,100,1,0,5,4,2,21,2,3,2,0,2,0,1,201700054866B01,7,15,1,200054781
201700054867,2017-09-06,2017,septembre,mercredi,20:00,75,75112,48.8359,2.40564,2,2,3,1,1,4,2,00,1,1,0,0,1,0,5,4,2,33,0,3,2,0,2,2,1,201700054867B01,7,16,1,200054781
201700054879,2017-09-18,2017,septembre,lundi,14:45,75,75112,48.8397,2.40886,2,1,6,1,1,4,2,02,1,1,0,30,1,0,5,4,1,66,5,3,2,0,1,1,1,201700054879A01,,,,200054781
201700054884,2017-09-21,2017,septembre,jeudi,15:55,75,75112,48.8371,2.40219,2,4,3,1,1,4,2,02,-1,-1,0,0,-1,0,1,4,2,12,2,3,2,0,2,0,19,201700054884B01,7,1,1,200054781
201700054890,2017-09-26,2017,septembre,mardi,08:55,75,75112,48.8329,2.39594,2,1,3,1,1,4,2,02,1,1,0,60,2,0,1,4,2,34,1,2,2,0,2,8,15,201700054890A01,33,1,1,200054781
201700054900,2017-10-06,2017,octobre,vendredi,19:45,75,75113,48.8446,2.36545,2,1,3,5,1,4,2,05,1,1,0,0,1,2,1,4,1,31,5,3,2,0,2,3,13,201700054900B01,32,17,1,200054781
201700054905,2017-10-11,2017,octobre,mercredi,13:05,75,75112,48.8519,2.37378,2,3,3,1,1,4,2,03,1,1,0,110,1,0,1,1,1,36,5,2,2,0,2,6,13,201700054905B01,34,1,1,200054781
201700054908,2017-10-12,2017,octobre,jeudi,13:45,75,75112,48.8461,2.37617,2,2,5,1,1,4,-1,00,1,1,0,40,1,0,0,4,1,27,4,1,2,0,2,1,1,201700054908C01,7,23 / 1,2,200054781
201700054919,2017-10-18,2017,octobre,mercredi,18:10,75,75112,48.8377,2.40077,2,3,3,1,1,4,2,02,2,1,0,80,1,0,5,4,1,41,1,1,2,0,2,2,1,201700054919A01,7,16,1,200054781
201700054934,2017-10-28,2017,octobre,samedi,12:20,75,75112,48.8404,2.37898,2,7,3,1,1,4,1,01,1,1,0,0,1,0,1,4,1,26,0,2,2,0,2,8,11,201700054934A01,7,1,1,200054781
201700054944,2017-11-08,2017,novembre,mercredi,07:50,75,75112,48.8478,2.36743,2,1,6,1,1,4,2,02,1,1,0,30,1,0,5,3,1,46,1,1,2,0,1,1,1,201700054944A01,,,,200054781
201700054949,2017-11-10,2017,novembre,vendredi,19:35,75,75111,48.8535,2.36952,2,7,2,5,1,4,1,00,1,-1,200,400,1,0,0,4,2,32,9,3,2,0,2,4,1,201700054949B01,7,1,1,200054781
201700054950,2017-11-10,2017,novembre,vendredi,21:20,75,75111,48.8576,2.36804,2,3,6,5,1,4,2,00,1,1,0,0,1,0,1,4,1,31,0,3,2,0,2,4,23,201700054950A01,30,1,1,200054781
201700054973,2017-11-28,2017,novembre,mardi,14:05,75,75112,48.8326,2.42035,2,4,2,1,1,4,2,02,1,1,0,60,1,0,1,4,1,48,5,3,2,0,2,2,2,201700054973A01,10,23,1,200054781
201700054982,2017-12-06,2017,décembre,mercredi,19:00,75,75112,48.8242,2.42275,2,2,3,5,1,4,2,00,1,1,0,60,1,0,1,4,2,29,5,2,2,0,2,7,19,201700054982B01,7,1,1,200054781
201700054990,2017-12-16,2017,décembre,samedi,11:40,75,75112,48.8506,2.37316,2,4,3,1,1,4,1,01,1,1,0,30,1,0,1,4,1,66,5,3,2,0,2,1,17,201700054990B01,7,22,1,200054781
201700054998,2017-12-23,2017,décembre,samedi,17:40,75,75112,48.8475,2.40288,2,1,3,2,1,4,1,00,1,1,100,10,1,0,1,4,2,21,5,3,2,0,2,3,1,201700054998B01,7,22,1,200054781
201700055025,2017-01-31,2017,janvier,mardi,07:20,75,75113,48.8382,2.35644,2,1,1,5,2,4,2,01,1,1,0,70,2,0,1,4,1,45,1,3,2,0,2,1,7,201700055025B01,7,17,1,200054781
201700055026,2017-02-01,2017,février,mercredi,17:00,75,75113,48.8317,2.37289,2,3,3,1,1,4,1,01,1,1,0,40,1,0,1,4,1,21,1,3,2,1,2,7,1,201700055026B01,7,2,1,200054781
201700055034,2017-02-09,2017,février,jeudi,15:55,75,75113,48.825,2.38888,2,3,3,1,1,4,2,00,1,1,0,125,1,0,5,4,2,36,9,3,2,0,2,0,19,201700055034A01,14,1,1,200054781
201700055035,2017-02-10,2017,février,vendredi,00:18,75,75113,48.8437,2.36457,2,7,3,5,1,4,2,02,1,1,0,0,1,0,1,4,1,37,5,3,2,0,2,8,19,201700055035A01,7,7,1,200054781
201700055048,2017-02-18,2017,février,samedi,11:50,75,75113,48.8259,2.35142,2,1,3,1,1,4,2,03,1,1,0,60,1,0,1,4,1,28,0,1,2,0,2,1,17,201700055048B01,10,22,1,200054781
201700055054,2017-02-25,2017,février,samedi,05:40,75,75113,48.8222,2.34631,2,7,6,5,1,4,2,02,1,1,0,0,1,0,1,4,1,19,5,3,2,0,2,3,1,201700055054A01,7,15,1,200054781
201700055059,2017-03-06,2017,mars,lundi,22:55,75,75113,48.824,2.37702,2,2,3,5,2,4,2,02,1,1,0,0,2,0,1,4,1,23,5,2,9,0,2,7,5,201700055059B01,7,15,1,200054781
201700055065,2017-03-10,2017,mars,vendredi,02:10,75,75113,48.8299,2.3503,2,1,6,5,1,4,1,01,2,1,0,50,1,0,1,4,1,26,0,2,2,1,0,1,13,201700055065A01,,,,200054781
201700055069,2017-03-11,2017,mars,samedi,17:40,75,75113,48.8407,2.36958,2,3,3,1,1,4,2,04,1,1,0,150,1,0,5,4,2,31,0,3,2,0,2,0,1,201700055069B01,7,22,1,200054781
201700055081,2017-03-25,2017,mars,samedi,18:05,75,75106,48.8457,2.33235,2,1,6,1,1,4,-1,01,1,1,0,0,1,0,0,1,2,76,0,1,2,0,1,0,1,201700055081A01,,,,200054781
201700055082,2017-03-26,2017,mars,dimanche,21:20,75,75113,48.8289,2.3737,2,1,2,5,1,4,2,03,2,1,100,100,1,0,1,4,1,19,4,2,2,0,2,1,1,201700055082B01,7,22,1,200054781
201700055084,2017-03-27,2017,mars,lundi,15:00,75,75113,48.836,2.37267,2,1,2,1,1,4,1,01,2,1,0,30,1,0,1,4,1,45,9,3,2,0,2,4,20,201700055084A01,7,1,1,200054781
201700055087,2017-03-28,2017,mars,mardi,19:30,75,75113,48.8399,2.36179,2,4,3,1,1,4,-1,04,1,1,0,0,1,0,1,4,1,47,5,3,2,0,2,5,7,201700055087B01,7,16,1,200054781
201700055090,2017-04-01,2017,avril,samedi,19:55,75,75113,48.8389,2.35836,2,1,3,1,1,4,2,04,1,1,0,0,1,0,1,4,2,29,5,1,2,0,2,3,7,201700055090B01,37,17,1,200054781
201700055096,2017-04-04,2017,avril,mardi,09:45,75,75113,48.8391,2.35918,2,3,3,1,1,4,1,01,1,1,0,80,1,0,1,4,2,28,0,1,2,0,2,1,7,201700055096B01,7,9,1,200054781
201700055108,2017-04-15,2017,avril,samedi,04:45,75,75113,48.8263,2.36146,2,3,6,5,1,4,2,03,2,1,0,0,1,0,1,4,1,23,5,3,2,1,0,1,14,201700055108A01,,,,200054781
201700055114,2017-04-19,2017,avril,mercredi,17:29,75,75113,48.8297,2.34949,2,3,6,1,1,4,1,02,2,1,10,100,1,0,1,1,1,46,1,2,2,0,1,1,1,201700055114A01,,,,200054781
201700055121,2017-04-26,2017,avril,mercredi,12:20,75,75113,48.8247,2.34919,2,1,3,1,1,4,-1,02,-1,-1,0,0,-1,0,0,4,2,26,1,3,2,0,2,1,1,201700055121B01,7,22,1,200054781
201700055127,2017-05-02,2017,mai,mardi,15:40,75,75113,48.8273,2.36852,2,2,3,1,1,4,1,01,2,1,0,45,1,0,1,4,1,23,9,3,2,0,2,8,15,201700055127B01,31,17,1,200054781
201700055132,2017-05-04,2017,mai,jeudi,16:05,75,75113,48.8309,2.35665,2,1,6,1,1,4,3,06,2,1,200,400,1,4,1,1,1,19,9,3,2,0,1,0,19,201700055132A01,,,,200054781
201700055146,2017-05-23,2017,mai,mardi,14:50,75,75113,48.8192,2.35948,2,2,6,1,1,4,3,04,1,1,0,30,1,0,1,4,1,20,4,3,2,0,2,7,15,201700055146B01,7,1,1,200054781
201700055149,2017-05-27,2017,mai,samedi,20:10,75,75113,48.8337,2.37386,2,1,1,1,1,4,2,02,1,1,0,60,1,6,4,1,1,38,5,2,2,0,2,1,1,201700055149B01,1,5,1,200054781
201700055149,2017-05-27,2017,mai,samedi,20:10,75,75113,48.8337,2.37386,2,1,1,1,1,4,2,02,1,1,0,60,1,6,4,4,1,6,5,1,2,0,2,1,5,201700055149A01,1,1,1,200054781
201700055152,2017-05-29,2017,mai,lundi,19:00,75,75113,48.823,2.35658,2,2,6,1,1,4,1,01,1,1,0,32,1,0,1,1,1,27,5,1,2,0,1,7,1,201700055152A01,,,,200054781
201700055154,2017-05-31,2017,mai,mercredi,11:30,75,75113,48.8323,2.37979,2,2,3,1,1,4,3,03,1,1,10,100,1,0,1,4,1,24,0,1,2,0,2,7,19,201700055154B01,7,16,1,200054781
201700055162,2017-06-05,2017,juin,lundi,17:30,75,75113,48.8348,2.34159,2,2,3,1,1,4,3,00,1,1,0,0,1,0,0,4,2,28,0,1,2,0,2,2,1,201700055162B01,7,15,1,200054781
201700055164,2017-06-06,2017,juin,mardi,08:15,75,75106,48.8515,2.33704,2,2,6,1,1,4,1,02,1,1,0,70,2,0,0,1,1,42,1,3,2,0,1,7,1,201700055164A01,,,,200054781
201700055165,2017-06-06,2017,juin,mardi,08:30,75,75106,48.8525,2.33881,2,2,3,1,1,4,1,03,1,1,0,60,1,0,1,4,2,23,1,1,2,0,2,1,7,201700055165B01,7,16,1,200054781
201700055167,2017-06-08,2017,juin,jeudi,08:35,75,75113,48.8268,2.35326,2,2,6,1,1,4,2,01,2,1,0,70,1,0,0,1,1,20,1,2,2,0,1,1,1,201700055167A01,,,,200054781
201700055176,2017-06-12,2017,juin,lundi,22:50,75,75113,48.8332,2.35433,2,3,2,5,1,4,2,02,2,1,0,0,1,0,1,3,1,40,0,3,2,0,2,4,2,201700055176B01,31,2,1,200054781
201700055177,2017-06-13,2017,juin,mardi,18:20,75,75113,48.837,2.3731,2,3,6,1,1,4,1,02,2,-1,0,60,1,0,5,4,1,52,1,3,2,0,1,0,1,201700055177A01,,,,200054781
201700055184,2017-06-19,2017,juin,lundi,18:40,75,75113,48.8234,2.37505,2,3,3,1,1,4,2,02,2,1,0,50,1,0,1,4,1,24,0,3,2,0,2,1,1,201700055184B01,7,16,1,200054781
201700055187,2017-06-20,2017,juin,mardi,19:10,75,75113,48.8209,2.35076,2,2,3,1,1,4,1,01,2,3,0,70,1,0,0,4,2,33,5,2,2,0,2,1,1,201700055187B01,7,15,1,200054781
201700055192,2017-06-26,2017,juin,lundi,21:40,75,75113,48.8258,2.35739,2,3,2,2,1,4,2,04,1,1,0,100,1,0,5,4,1,19,1,3,2,0,2,1,1,201700055192B01,7,22,1,200054781
201700055195,2017-06-28,2017,juin,mercredi,17:45,75,75113,48.8266,2.36354,2,5,6,1,3,4,2,04,1,1,0,0,2,0,1,1,1,20,9,1,2,0,1,1,17,201700055195A01,,,,200054781
201700055196,2017-06-30,2017,juin,vendredi,12:50,75,75113,48.8275,2.35887,2,1,6,1,2,4,-1,00,1,-1,0,0,2,0,4,1,1,17,9,2,2,0,1,1,1,201700055196A01,,,,200054781
201700055197,2017-06-30,2017,juin,vendredi,13:10,75,75113,48.8401,2.37072,2,1,3,1,2,4,1,01,1,1,75,75,1,2,1,1,2,32,4,1,2,0,2,8,2,201700055197B01,1,2,1,200054781
201700055197,2017-06-30,2017,juin,vendredi,13:10,75,75113,48.8401,2.37072,2,1,3,1,2,4,1,01,1,1,75,75,1,2,1,4,2,31,0,1,2,0,2,8,2,201700055197A01,1,2,1,200054781
201700055215,2017-07-16,2017,juillet,dimanche,18:45,75,75113,48.838,2.37325,2,4,6,1,1,4,2,03,1,1,0,40,1,0,5,4,1,17,5,3,2,0,2,1,19,201700055215A01,2,16,1,200054781
201700055228,2017-08-06,2017,août,dimanche,00:15,75,75113,48.8208,2.36675,2,1,3,5,1,4,2,04,1,1,0,0,1,0,1,4,1,30,5,3,2,0,2,2,17,201700055228B01,7,13,1,200054781
201700055239,2017-08-21,2017,août,lundi,20:50,75,75113,48.8259,2.35207,2,1,3,2,1,4,2,03,1,1,0,110,1,0,1,4,1,39,5,3,2,0,2,1,1,201700055239B01,7,22,1,200054781
201700055241,2017-08-24,2017,août,jeudi,15:05,75,75113,48.8284,2.35662,2,3,6,1,1,4,2,01,2,1,0,60,1,0,5,1,1,27,1,3,2,0,1,3,1,201700055241A01,,,,200054781
201700055263,2017-09-19,2017,septembre,mardi,08:20,75,75113,48.8327,2.36217,2,5,6,1,2,4,-1,02,2,1,0,62,2,0,1,1,2,28,1,3,2,0,1,1,7,201700055263A01,,,,200054781
201700055275,2017-09-28,2017,septembre,jeudi,20:30,75,75113,48.8307,2.37358,2,1,6,5,1,4,1,01,2,1,0,60,1,0,1,1,1,37,9,2,2,0,1,1,1,201700055275A01,,,,200054781
201700055276,2017-09-29,2017,septembre,vendredi,08:00,75,75113,48.8368,2.35941,2,1,3,1,1,4,2,03,2,1,0,35,1,0,4,4,1,51,1,2,2,0,2,8,1,201700055276A01,7,9,1,200054781
201700055280,2017-10-05,2017,octobre,jeudi,08:55,75,75113,48.8323,2.37979,2,2,3,1,1,4,2,02,1,1,0,25,1,2,1,1,1,35,1,2,2,0,2,4,19,201700055280B01,2,1,1,200054781
201700055283,2017-10-06,2017,octobre,vendredi,15:45,75,75113,48.8262,2.35729,2,2,3,1,1,4,2,02,2,1,10,200,1,0,5,4,1,69,5,3,2,0,2,2,19,201700055283A01,7,1,1,200054781
201700055293,2017-10-11,2017,octobre,mercredi,17:15,75,75105,48.8528,2.34661,2,3,6,1,1,4,1,02,1,1,0,70,1,0,1,4,1,35,5,2,2,0,2,4,1,201700055293A01,2,1,1,200054781