Num_Acc,date,an,mois,jour,hrmn,dep,com,lat,long,agg,int,col,lum,atm,catr,circ,nbv,prof,plan,lartpc,larrout,surf,infra,situ,grav,sexe,age,trajet,secuexist,equipement,obs,obsm,choc,manv,vehiculeid,typevehicules,manoeuvehicules,numVehicules,_infos_commune.code_epci
201700055299,2017-10-17,2017,octobre,mardi,18:05,75,75113,48.8284,2.38035,2,2,3,1,1,4,2,02,1,1,0,60,1,0,1,4,2,28,1,3,2,0,2,1,1,201700055299B01,7,22,1,200054781
201700055301,2017-10-19,2017,octobre,jeudi,20:05,75,75113,48.8364,2.3713,2,5,6,5,1,4,2,04,1,1,0,100,1,0,1,4,2,38,1,3,2,0,2,8,15,201700055301A01,7,15,1,200054781
201700055311,2017-10-26,2017,octobre,jeudi,20:23,75,75106,48.8441,2.3231,2,7,6,5,1,4,2,04,1,1,0,180,1,0,1,4,1,21,4,1,2,0,2,7,1,201700055311A01,7,14,1,200054781
201700055314,2017-10-31,2017,octobre,mardi,09:30,75,75113,48.8273,2.36852,2,2,3,1,1,4,2,02,1,1,0,70,1,0,1,4,2,23,1,1,2,0,2,8,1,201700055314B01,14,1,1,200054781
201700055321,2017-11-07,2017,novembre,mardi,09:45,75,75113,48.8263,2.36146,2,3,6,1,1,4,2,03,1,1,0,60,1,0,4,1,1,18,2,3,2,0,1,1,1,201700055321A01,,,,200054781
201700055326,2017-11-16,2017,novembre,jeudi,23:15,75,75113,48.8362,2.37145,2,5,3,5,1,4,2,02,1,1,0,80,1,0,1,4,1,35,5,3,2,0,2,1,1,201700055326B01,7,1,1,200054781
201700055328,2017-11-19,2017,novembre,dimanche,04:45,75,75113,48.8272,2.38588,2,1,3,5,2,4,3,00,1,1,0,0,2,0,1,1,1,27,9,3,2,0,2,8,13,201700055328B01,2,1,1,200054781
201700055389,2017-02-03,2017,février,vendredi,10:00,75,75114,48.8297,2.33103,2,2,3,1,1,4,1,01,1,1,0,25,1,0,1,4,2,42,1,3,2,0,2,1,5,201700055389A01,7,16,1,200054781
201700055399,2017-02-07,2017,février,mardi,09:20,75,75114,48.833,2.33597,2,5,3,1,2,4,4,02,2,1,0,50,2,0,1,4,1,47,0,3,2,0,2,1,1,201700055399B01,7,15,1,200054781
201700055403,2017-02-10,2017,février,vendredi,09:50,75,75114,48.8206,2.33752,2,1,3,1,1,4,3,02,2,1,0,60,1,0,5,4,1,57,5,3,2,0,2,7,1,201700055403A01,10,16,1,200054781
201700055413,2017-02-27,2017,février,lundi,09:20,75,75114,48.8348,2.34159,2,2,3,1,1,4,2,00,1,1,0,60,1,0,1,4,1,27,1,3,2,0,2,0,15,201700055413A01,32,1,1,200054781
201700055423,2017-03-16,2017,mars,jeudi,09:45,75,75114,48.8313,2.32984,2,2,3,1,1,4,4,04,1,1,0,0,1,0,1,4,1,41,0,3,2,0,2,6,1,201700055423B01,7,1,1,200054781
201700055427,2017-03-18,2017,mars,samedi,14:45,75,75114,48.84,2.32386,2,1,3,1,1,4,1,01,1,-1,0,50,1,0,1,4,1,18,5,3,2,0,2,1,1,201700055427B01,7,22,1,200054781
201700055429,2017-03-20,2017,mars,lundi,08:55,75,75114,48.8345,2.33411,2,1,3,1,1,4,2,04,1,1,0,0,1,0,5,4,2,45,1,3,2,0,2,0,1,201700055429B01,7,22,1,200054781
201700055435,2017-03-28,2017,mars,mardi,16:10,75,75114,48.8341,2.33328,2,7,3,1,1,4,1,02,1,-1,30,30,1,0,1,4,1,49,1,3,2,0,2,7,1,201700055435B01,7,1,1,200054781
201700055437,2017-03-31,2017,mars,vendredi,09:15,75,75114,48.8237,2.3232,2,2,3,1,1,4,1,01,1,1,0,0,1,0,5,4,1,25,1,3,2,0,2,0,1,201700055437B01,10,16,1,200054781
201700055459,2017-04-27,2017,avril,jeudi,18:40,75,75114,48.8281,2.32145,2,3,2,1,1,4,1,01,1,1,0,0,1,0,1,4,1,16,5,2,2,0,2,1,15,201700055459A01,7,15,1,200054781
201700055470,2017-05-11,2017,mai,jeudi,19:50,75,75114,48.8227,2.32263,2,2,3,1,2,4,4,02,1,1,0,60,1,0,1,4,2,61,5,3,2,0,2,8,1,201700055470B01,7,15,1,200054781
201700055473,2017-05-18,2017,mai,jeudi,00:15,75,75114,48.8311,2.32965,2,1,4,5,2,4,2,05,1,1,0,220,2,0,1,4,2,23,0,1,2,0,2,4,23,201700055473A01,7,2,2,200054781
201700055480,2017-05-24,2017,mai,mercredi,09:20,75,75114,48.831,2.31782,2,4,3,1,1,4,2,01,1,1,0,30,1,0,1,4,1,39,5,3,2,0,2,3,1,201700055480B01,7,17,1,200054781
201700055483,2017-05-31,2017,mai,mercredi,10:15,75,75114,48.8386,2.33665,2,2,3,1,1,4,1,00,1,1,0,30,1,0,1,4,2,25,0,1,2,0,2,0,1,201700055483B01,10,16,1,200054781
201700055486,2017-06-01,2017,juin,jeudi,09:45,75,75114,48.8264,2.31069,2,3,3,1,1,4,1,02,1,1,0,0,1,0,1,4,1,30,0,3,2,0,2,0,1,201700055486B01,7,9,1,200054781
201700055507,2017-06-26,2017,juin,lundi,21:00,75,75114,48.8431,2.32635,2,2,3,2,1,4,-1,00,1,1,0,0,1,0,1,4,1,26,5,2,2,0,2,1,1,201700055507B01,7,10,1,200054781
201700055516,2017-07-07,2017,juillet,vendredi,16:10,75,75107,48.8584,2.31365,2,7,1,1,1,4,-1,01,1,-1,0,0,1,0,1,4,1,30,9,3,2,0,2,1,1,201700055516B01,7,5,1,200054781
201700055517,2017-07-07,2017,juillet,vendredi,19:45,75,75114,48.8337,2.33189,2,7,6,1,1,4,2,00,-1,-1,0,0,-1,0,1,1,1,47,0,3,2,0,1,8,1,201700055517A01,,,,200054781
201700055525,2017-07-19,2017,juillet,mercredi,14:05,75,75114,48.8372,2.3178,2,7,3,1,1,4,-1,01,-1,-1,0,180,1,0,5,4,1,66,0,3,2,0,2,8,1,201700055525A01,14,16,1,200054781
201700055550,2017-09-08,2017,septembre,vendredi,09:18,75,75106,48.8422,2.32898,2,1,3,1,1,4,2,06,1,1,0,210,1,0,1,4,1,31,1,1,2,0,2,0,13,201700055550B01,7,17,1,200054781
201700055552,2017-09-11,2017,septembre,lundi,18:10,75,75114,48.833,2.33597,2,5,6,1,1,4,2,02,1,1,0,80,1,0,1,4,2,56,1,1,2,0,1,1,1,201700055552A01,,,,200054781
201700055565,2017-09-26,2017,septembre,mardi,11:50,75,75114,48.8278,2.32667,2,7,5,1,1,4,2,00,1,1,30,120,1,0,1,4,1,22,5,2,2,1,2,1,7,201700055565B01,10 / 7,22 / 23,2,200054781
201700055571,2017-09-30,2017,septembre,samedi,05:00,75,75114,48.8256,2.32605,2,1,1,5,2,4,3,04,1,1,0,160,2,0,1,4,1,17,0,2,2,0,2,1,1,201700055571B01,7,13,1,200054781
201700055582,2017-10-12,2017,octobre,jeudi,14:05,75,75114,48.8346,2.31924,2,1,1,1,1,4,1,01,1,1,0,40,1,0,1,4,1,79,9,2,2,0,2,0,5,201700055582A01,32,1,1,200054781
201700055587,2017-10-17,2017,octobre,mardi,17:30,75,75114,48.8232,2.32552,2,5,6,1,1,4,2,05,1,1,0,150,1,0,1,4,2,38,5,3,2,0,2,3,19,201700055587A01,7,1,1,200054781
201700055600,2017-11-04,2017,novembre,samedi,11:40,75,75107,48.8529,2.32631,2,1,3,1,8,4,1,02,1,1,30,40,1,0,1,4,2,38,4,2,2,0,2,6,15,201700055600A01,33,1,1,200054781
201700055603,2017-11-07,2017,novembre,mardi,15:31,75,75114,48.8237,2.3232,2,2,3,1,1,4,2,00,1,1,20,90,1,0,5,4,2,25,0,3,2,0,2,3,1,201700055603B01,7,16,1,200054781
201700055635,2017-12-16,2017,décembre,samedi,02:59,75,75114,48.8246,2.31928,2,2,3,5,1,4,3,02,1,1,0,25,2,0,1,4,1,36,5,3,2,0,2,1,1,201700055635A01,7,1,1,200054781
201700055639,2017-12-20,2017,décembre,mercredi,13:50,75,75107,48.8474,2.31817,2,3,2,1,8,4,2,01,1,1,0,0,1,0,1,4,1,42,1,2,2,0,2,1,1,201700055639A01,7,1,1,200054781
201700055640,2017-12-21,2017,décembre,jeudi,09:15,75,75114,48.8202,2.339,2,1,3,1,2,4,1,00,1,1,0,60,2,0,1,4,1,14,2,3,2,0,2,7,19,201700055640A01,2,1,1,200054781
201700055642,2017-12-21,2017,décembre,jeudi,22:35,75,75114,48.8315,2.31528,2,3,5,4,1,4,2,03,1,1,0,80,2,0,1,1,1,51,5,1,2,0,2,8,1,201700055642C01,31 / 7,17 / 15,2,200054781
201700055675,2017-01-26,2017,janvier,jeudi,20:22,75,75115,48.839,2.31657,2,3,3,5,1,4,3,02,1,1,0,80,1,0,5,4,2,57,0,2,2,0,2,0,16,201700055675B01,7,1,1,200054781
201700055678,2017-01-30,2017,janvier,lundi,12:00,75,75115,48.8457,2.30197,2,3,3,1,1,4,2,02,1,1,0,0,2,0,1,4,1,47,0,3,2,0,2,1,1,201700055678B01,7,22,1,200054781
201700055683,2017-02-01,2017,février,mercredi,20:00,75,75115,48.8286,2.30138,2,2,3,5,1,4,2,04,1,1,0,160,1,0,1,4,2,50,1,3,2,0,2,1,1,201700055683B01,7,22,1,200054781
201700055690,2017-02-06,2017,février,lundi,18:45,75,75115,48.8309,2.29228,2,5,3,5,1,4,1,00,2,-1,0,0,1,0,1,4,1,25,0,3,2,0,2,0,19,201700055690B01,7,16,1,200054781
201700055691,2017-02-06,2017,février,lundi,18:30,75,75115,48.8361,2.2782,2,2,3,5,8,4,2,02,1,1,0,55,1,0,5,4,1,37,1,3,2,0,2,0,1,201700055691B01,7,15,1,200054781
201700055704,2017-02-15,2017,février,mercredi,20:35,75,75115,48.8477,2.28415,2,2,3,5,1,4,3,02,1,1,0,0,1,0,0,4,1,25,1,1,2,0,2,1,1,201700055704B01,7,22,1,200054781
201700055717,2017-03-07,2017,mars,mardi,15:40,75,75115,48.8391,2.30003,2,3,2,1,1,4,1,03,1,1,0,100,1,0,1,4,1,32,5,1,2,0,2,1,1,201700055717B01,7,22,1,200054781
201700055724,2017-03-18,2017,mars,samedi,00:35,75,75115,48.8508,2.28426,2,1,6,3,2,4,2,04,1,1,0,0,2,0,1,4,2,27,0,3,2,0,2,4,13,201700055724A01,7,2,1,200054781
201700055740,2017-04-05,2017,avril,mercredi,10:58,75,75115,48.8478,2.29655,2,2,6,1,1,4,1,01,1,1,0,50,1,0,1,1,1,21,0,1,2,0,1,1,1,201700055740A01,,,,200054781
201700055743,2017-04-08,2017,avril,samedi,13:00,75,75115,48.8434,2.31404,2,3,3,1,1,4,1,02,1,1,0,40,1,0,5,4,2,37,9,3,2,0,2,7,1,201700055743B01,7,22,1,200054781
201700055767,2017-04-06,2017,avril,jeudi,09:45,75,75115,48.8323,2.28904,2,7,6,1,1,4,1,01,2,1,0,0,1,0,0,3,2,51,0,3,2,0,1,7,2,201700055767A01,,,,200054781
201700055775,2017-05-12,2017,mai,vendredi,13:00,75,75115,48.8364,2.28232,2,1,3,1,1,4,1,01,1,1,0,0,1,0,1,4,1,31,4,3,2,0,2,0,1,201700055775B01,7,9,1,200054781
201700055777,2017-05-17,2017,mai,mercredi,18:40,75,75115,48.8438,2.32295,2,3,6,1,1,4,1,01,1,3,0,0,1,5,1,4,2,36,1,3,2,0,2,3,1,201700055777A01,7,18,1,200054781
201700055790,2017-06-18,2017,juin,dimanche,12:30,75,75115,48.8459,2.29605,2,1,6,1,1,4,1,01,1,1,0,40,1,0,1,1,1,44,5,2,2,0,1,1,1,201700055790A01,,,,200054781
201700055794,2017-06-21,2017,juin,mercredi,22:35,75,75115,48.8369,2.27834,2,7,3,5,1,4,4,00,1,1,0,90,1,0,1,4,1,49,5,3,2,0,2,6,18,201700055794A01,7,1,1,200054781
201700055818,2017-07-27,2017,juillet,jeudi,08:45,75,75115,48.8393,2.30489,2,2,7,1,2,4,1,01,1,1,0,40,2,0,1,4,2,51,1,1,2,0,0,0,21,201700055818A01,,,,200054781
201700055828,2017-08-14,2017,août,lundi,17:15,75,75115,48.8468,2.28568,2,7,6,1,1,4,2,00,1,1,20,90,1,5,1,1,1,26,1,3,2,0,1,1,1,201700055828A01,,,,200054781
201700055848,2017-09-19,2017,septembre,mardi,16:35,75,75115,48.8414,2.28721,2,1,3,1,1,4,2,02,1,1,0,50,1,0,1,4,2,27,0,3,2,0,2,8,1,201700055848B01,7,22,1,200054781
201700055853,2017-09-23,2017,septembre,samedi,11:30,75,75115,48.8413,2.29817,2,3,3,1,1,4,1,02,1,1,0,100,1,0,1,4,1,56,0,3,2,1,2,2,1,201700055853B01,7,22,1,200054781
201700055868,2017-10-05,2017,octobre,jeudi,12:55,75,75115,48.8446,2.29688,2,3,2,1,1,4,2,02,1,1,0,80,1,0,1,4,1,28,5,2,2,1,2,7,1,201700055868B01,7,22,1,200054781
201700055870,2017-10-06,2017,octobre,vendredi,21:00,75,75115,48.8361,2.2782,2,2,2,5,1,4,1,01,1,1,0,0,1,0,1,4,1,22,1,3,2,0,2,4,23,201700055870B01,7,2,1,200054781
201700055876,2017-10-10,2017,octobre,mardi,19:15,75,75115,48.8314,2.29119,2,1,6,2,1,4,2,01,2,1,0,50,1,0,5,4,1,48,5,2,2,0,1,1,1,201700055876A01,,,,200054781
201700055876,2017-10-10,2017,octobre,mardi,19:15,75,75115,48.8314,2.29119,2,1,6,2,1,4,2,01,2,1,0,50,1,0,5,4,1,28,5,3,8,0,1,1,1,201700055876A01,,,,200054781
201700055885,2017-10-19,2017,octobre,jeudi,21:30,75,75115,48.8269,2.29324,2,1,3,5,1,4,1,01,1,1,0,0,1,0,1,4,1,16,0,3,2,0,2,7,16,201700055885A01,30,1,1,200054781
201700055890,2017-10-28,2017,octobre,samedi,14:50,75,75115,48.8463,2.28206,2,1,3,1,1,4,2,02,1,1,0,90,1,0,0,4,1,16,4,2,2,0,2,3,11,201700055890A01,34,1,1,200054781
201700055895,2017-11-02,2017,novembre,jeudi,08:45,75,75115,48.8404,2.31491,2,7,3,1,1,4,3,02,1,1,0,90,1,5,1,4,1,53,1,1,2,0,2,8,1,201700055895B01,10,15,1,200054781
201700055899,2017-11-06,2017,novembre,lundi,13:50,75,75115,48.8362,2.28959,2,1,6,1,1,4,2,02,1,1,0,0,1,0,1,4,1,26,1,3,2,0,2,1,2,201700055899A01,2,2,1,200054781
201700055908,2017-11-13,2017,novembre,lundi,21:15,75,75115,48.8451,2.32016,2,3,6,5,1,4,1,02,2,1,0,0,1,0,1,1,1,16,4,3,2,0,1,1,1,201700055908A01,,,,200054781
201700055928,2017-12-04,2017,décembre,lundi,19:42,75,75115,48.8481,2.29018,2,2,3,5,1,4,1,01,1,1,0,40,1,0,1,4,2,24,1,3,2,0,2,2,1,201700055928A01,7,1,1,200054781
201700055930,2017-12-05,2017,décembre,mardi,22:15,75,75115,48.8321,2.30294,2,2,3,5,1,4,1,01,2,1,0,0,1,0,5,4,2,31,5,3,2,0,2,1,5,201700055930A01,10,1,1,200054781
201700055939,2017-12-11,2017,décembre,lundi,19:00,75,75107,48.8624,2.30201,2,7,3,5,1,4,2,06,1,1,0,200,2,0,1,4,1,29,9,3,2,0,2,7,19,201700055939B01,7,16,1,200054781
201700055991,2017-02-07,2017,février,mardi,20:15,75,75116,48.8588,2.28906,2,5,3,1,1,4,1,03,1,1,0,0,1,0,1,4,1,29,5,1,2,0,2,5,13,201700055991A01,7,1,1,200054781
201700055996,2017-02-10,2017,février,vendredi,16:10,75,75116,48.8585,2.24489,2,2,3,1,2,4,2,02,1,1,0,0,2,0,1,4,1,53,4,1,2,0,2,8,19,201700055996B01,33,1,1,200054781
201700056014,2017-02-24,2017,février,vendredi,11:30,75,75116,48.8727,2.28452,2,5,6,1,1,4,2,06,1,1,0,0,2,0,1,4,1,40,4,1,2,1,2,8,1,201700056014B01,7,16,1,200054781
201700056015,2017-02-24,2017,février,vendredi,21:00,75,75116,48.8679,2.28107,2,7,6,5,1,4,1,01,1,1,0,100,1,0,1,4,1,23,5,3,2,0,2,8,1,201700056015A01,7,16,1,200054781
201700056028,2017-03-05,2017,mars,dimanche,16:30,75,75116,48.8591,2.22921,2,1,6,1,8,4,1,01,1,3,0,0,2,6,5,1,1,38,5,1,2,16,1,6,1,201700056028A01,,,,200054781
201700056036,2017-03-11,2017,mars,samedi,08:05,75,75116,48.8537,2.2774,2,2,3,1,1,4,2,02,2,1,0,0,1,0,1,4,1,19,2,3,2,0,2,1,1,201700056036A01,7,15,1,200054781
201700056039,2017-03-09,2017,mars,jeudi,12:10,75,75116,48.8732,2.29458,2,7,3,1,1,4,2,02,1,-1,0,0,1,0,1,4,1,41,1,1,2,0,2,2,16,201700056039B01,7,16,1,200054781
201700056046,2017-03-16,2017,mars,jeudi,15:45,75,75116,48.8451,2.2574,2,1,6,1,1,4,1,02,1,-1,0,0,1,6,1,1,1,51,5,3,2,0,1,7,1,201700056046A01,,,,200054781
201700056072,2017-03-30,2017,mars,jeudi,19:30,75,75116,48.8507,2.26717,2,5,2,1,1,4,1,01,2,1,0,0,1,0,0,4,1,15,5,2,2,0,2,1,15,201700056072A01,7,17,1,200054781
201700056097,2017-04-19,2017,avril,mercredi,12:25,75,75116,48.8426,2.26863,2,1,3,1,1,4,2,03,1,1,0,0,1,0,1,4,1,30,5,2,2,0,2,0,1,201700056097A01,7,9,1,200054781
201700056116,2017-05-06,2017,mai,samedi,05:20,75,75116,48.8629,2.29191,2,2,2,5,1,4,2,01,2,3,0,0,1,0,1,4,1,36,5,3,2,0,2,1,2,201700056116A01,7,23,1,200054781
201700056117,2017-05-07,2017,mai,dimanche,12:00,75,75116,48.8758,2.28866,2,1,3,1,1,4,2,03,1,1,0,0,2,0,1,4,1,32,1,3,2,0,2,7,17,201700056117B01,7,1,1,200054781
201700056118,2017-05-07,2017,mai,dimanche,11:20,75,75116,48.8452,2.26189,2,2,3,1,1,4,2,02,1,1,0,0,1,0,1,4,1,51,5,1,2,0,2,1,1,201700056118B01,7,22,1,200054781
201700056123,2017-05-14,2017,mai,dimanche,19:10,75,75116,48.8724,2.27715,2,7,3,1,1,4,-1,02,1,1,0,0,1,0,5,4,2,31,5,3,2,0,2,7,1,201700056123B01,10,1,1,200054781
201700056124,2017-05-15,2017,mai,lundi,09:00,75,75116,48.8707,2.28765,2,3,3,1,1,4,2,02,1,1,0,0,1,0,1,4,2,24,1,3,2,0,2,8,19,201700056124B01,31,17,1,200054781
201700056130,2017-05-21,2017,mai,dimanche,07:20,75,75116,48.8388,2.25681,2,1,2,1,1,4,2,00,1,1,0,0,1,0,1,4,1,39,5,2,2,1,2,7,1,201700056130B01,7,22,1,200054781
201700056137,2017-05-26,2017,mai,vendredi,10:10,75,75116,48.8375,2.25684,2,7,3,1,1,4,1,03,1,1,0,0,1,0,1,4,1,55,9,2,2,0,2,2,9,201700056137A01,7,1,1,200054781
201700056142,2017-05-29,2017,mai,lundi,11:00,75,75116,48.8749,2.27109,2,5,3,1,1,4,2,02,1,1,0,0,1,0,5,4,1,27,9,3,2,0,2,7,1,201700056142B01,7,15,1,200054781
201700056144,2017-06-01,2017,juin,jeudi,09:45,75,75116,48.8558,2.25187,2,1,3,1,1,4,2,02,1,1,0,0,1,0,1,4,2,49,1,3,2,0,2,1,1,201700056144B01,10,22,1,200054781
201700056146,2017-06-02,2017,juin,vendredi,00:15,75,75116,48.8557,2.24299,2,1,6,5,1,4,2,04,1,1,0,0,1,0,1,4,1,24,1,3,2,0,2,8,1,201700056146A01,7,10,1,200054781
201700056153,2017-06-09,2017,juin,vendredi,10:15,75,75116,48.8542,2.27552,2,5,3,1,2,4,1,01,2,1,0,0,2,0,1,4,1,55,1,2,2,0,2,1,1,201700056153B01,33,1,1,200054781
201700056173,2017-06-18,2017,juin,dimanche,19:00,75,75116,48.8487,2.25772,2,7,3,1,1,4,1,01,1,1,0,0,1,6,1,4,1,32,9,2,2,0,2,1,1,201700056173B01,7,1,1,200054781
201700056174,2017-06-18,2017,juin,dimanche,19:30,75,75116,48.8723,2.29527,2,2,3,1,1,4,2,02,1,1,0,0,1,6,1,4,1,18,9,2,2,0,2,8,19,201700056174B01,7,1,1,200054781
201700056176,2017-06-19,2017,juin,lundi,10:00,75,75116,48.8774,2.28374,2,7,6,1,1,4,1,02,1,3,0,0,1,5,1,4,2,56,0,3,2,0,2,7,19,201700056176B01,7,16,1,200054781
201700056199,2017-07-05,2017,juillet,mercredi,18:10,75,75116,48.8651,2.29935,2,1,6,1,1,4,1,03,2,1,0,0,1,0,1,4,1,53,1,1,2,1,0,1,7,201700056199A01,,,,200054781
201700056215,2017-07-19,2017,juillet,mercredi,12:20,75,75116,48.8529,2.28104,2,3,3,1,2,4,2,03,1,1,0,0,2,0,1,4,2,59,5,3,2,0,2,4,15,201700056215B01,31,16,1,200054781
201700056218,2017-07-21,2017,juillet,vendredi,14:30,75,75116,48.8546,2.2422,2,1,6,1,1,4,1,04,1,1,0,0,1,0,0,4,1,30,5,1,2,1,0,1,14,201700056218A01,,,,200054781
201700056228,2017-08-03,2017,août,jeudi,08:30,75,75116,48.8573,2.27299,2,2,1,1,2,4,-1,03,2,1,0,0,2,0,1,4,1,27,9,1,2,0,2,1,15,201700056228A01,10,1,1,200054781
201700056230,2017-08-03,2017,août,jeudi,13:20,75,75116,48.8453,2.25751,2,2,3,1,1,4,2,04,1,-1,0,0,1,0,1,4,1,33,5,1,2,0,2,1,1,201700056230B01,7,15,1,200054781
201700056234,2017-08-08,2017,août,mardi,19:00,75,75116,48.8461,2.27243,2,3,6,1,1,4,2,02,1,1,0,0,1,0,1,4,1,45,0,1,2,1,2,2,1,201700056234B01,7,22,1,200054781
201700056238,2017-08-19,2017,août,samedi,10:15,75,75116,48.863,2.26851,2,2,3,1,1,4,1,02,1,1,0,0,1,0,1,4,1,59,0,3,2,0,2,8,18,201700056238B01,7,16,1,200054781
201700056241,2017-08-24,2017,août,jeudi,16:20,75,75116,48.8623,2.23822,2,2,3,1,1,4,1,01,1,3,0,0,1,0,5,4,1,62,5,1,2,0,2,1,1,201700056241B01,7,16,1,200054781
201700056277,2017-09-21,2017,septembre,jeudi,08:40,75,75116,48.8453,2.25798,2,1,2,1,1,4,2,00,1,1,0,0,1,0,1,4,2,36,1,3,2,0,2,1,2,201700056277A01,7,23,1,200054781
201700056283,2017-09-26,2017,septembre,mardi,16:40,75,75116,48.8664,2.28966,2,3,3,1,1,4,2,03,1,1,0,0,1,0,1,4,1,29,9,1,2,0,2,1,1,201700056283B01,7,15,1,200054781
201700056290,2017-10-03,2017,octobre,mardi,09:50,75,75116,48.8727,2.28452,2,5,3,1,1,4,2,04,1,1,0,0,-1,0,1,4,1,30,1,1,2,0,2,1,1,201700056290B01,7,16,1,200054781
201700056293,2017-10-02,2017,octobre,lundi,15:30,75,75116,48.8657,2.2958,2,2,3,1,1,4,2,02,1,1,0,0,1,0,1,4,2,43,5,3,2,0,2,8,19,201700056293B01,7,15,1,200054781
201700056302,2017-10-06,2017,octobre,vendredi,19:00,75,75116,48.8396,2.26284,2,7,3,2,1,4,1,01,1,1,0,50,1,5,1,4,1,37,1,1,2,0,2,8,16,201700056302B01,7,16,1,200054781
201700056309,2017-10-09,2017,octobre,lundi,13:30,75,75116,48.8648,2.29718,2,1,3,1,1,4,1,01,1,1,0,0,1,0,1,4,2,58,0,3,2,0,2,8,18,201700056309B01,37,1,1,200054781
201700056314,2017-10-14,2017,octobre,samedi,17:20,75,75116,48.8729,2.28215,2,1,6,1,1,4,2,04,1,1,0,0,1,0,4,4,1,7,5,1,2,0,2,3,1,201700056314B01,10,9,1,200054781
201700056323,2017-10-20,2017,octobre,vendredi,11:15,75,75116,48.863,2.23767,2,1,6,1,1,4,-1,01,1,1,0,0,1,0,5,4,1,71,5,3,2,0,2,1,1,201700056323B01,7,16,1,200054781
201700056326,2017-10-17,2017,octobre,mardi,19:00,75,75116,48.8566,2.28615,2,3,3,5,1,4,3,02,1,1,0,0,1,0,1,4,1,28,1,3,2,0,2,1,13,201700056326A01,31,1,1,200054781
201700056356,2017-11-10,2017,novembre,vendredi,20:20,75,75116,48.8409,2.26529,2,2,3,5,1,4,2,02,1,1,0,0,1,6,1,4,2,60,5,3,2,0,2,8,1,201700056356B01,7,15,1,200054781
201700056366,2017-11-17,2017,novembre,vendredi,09:12,75,75116,48.8684,2.26572,2,7,3,1,2,4,2,02,1,1,0,0,2,0,1,4,2,28,1,3,2,0,2,2,10,201700056366A01,7,1,1,200054781
201700056380,2017-11-28,2017,novembre,mardi,08:45,75,75116,48.8576,2.28364,2,1,6,1,2,4,1,01,1,1,1,1,2,0,1,1,1,23,5,3,2,0,1,1,5,201700056380A01,,,,200054781
201700056406,2017-12-13,2017,décembre,mercredi,06:20,75,75116,48.8732,2.29292,2,1,6,2,2,4,1,01,1,2,0,0,2,0,1,4,2,33,1,1,2,1,2,2,1,201700056406B01,10,22,1,200054781
201700056408,2017-12-13,2017,décembre,mercredi,18:20,75,75116,48.8662,2.28623,2,2,2,2,2,4,2,02,1,1,0,0,2,6,1,4,1,66,5,3,2,1,2,1,1,201700056408B01,7,22,1,200054781
201700056421,2017-12-19,2017,décembre,mardi,14:50,75,75116,48.8774,2.28138,2,7,6,1,1,4,1,06,1,2,0,0,1,0,1,4,2,34,4,2,2,0,2,5,1,201700056421A01,7,9,1,200054781
201700056425,2017-12-20,2017,décembre,mercredi,13:50,75,75116,48.8707,2.28765,2,3,3,1,1,4,2,02,1,1,0,0,1,0,1,4,1,23,4,3,2,0,2,2,17,201700056425B01,7,15,1,200054781
201700056458,2017-01-17,2017,janvier,mardi,13:00,75,75117,48.88,2.28833,2,5,3,1,1,4,2,04,1,1,0,0,1,5,1,4,1,57,0,3,2,0,2,0,10,201700056458B01,10,17,1,200054781
201700056460,2017-01-18,2017,janvier,mercredi,08:35,75,75117,48.8806,2.30163,2,1,2,1,1,4,2,02,1,1,0,0,1,0,1,4,2,48,0,2,2,1,2,1,1,201700056460B01,7,22,1,200054781
201700056464,2017-01-21,2017,janvier,samedi,04:30,75,75117,48.8857,2.30867,2,1,6,5,1,4,2,02,1,1,0,0,1,0,1,4,1,26,5,2,2,1,0,3,2,201700056464A01,,,,200054781
201700056469,2017-01-24,2017,janvier,mardi,22:15,75,75117,48.8857,2.31684,2,2,3,5,1,4,1,01,1,1,0,0,1,0,1,4,1,26,1,1,2,0,2,1,1,201700056469A01,7,1,1,200054781
201700056477,2017-01-31,2017,janvier,mardi,09:12,75,75117,48.8788,2.28622,2,1,3,1,1,4,2,01,1,1,0,0,2,0,1,4,1,42,1,1,2,0,2,1,18,201700056477B01,7,22,1,200054781
201700056487,2017-02-09,2017,février,jeudi,12:30,75,75117,48.8848,2.31159,2,1,6,1,1,4,1,01,1,1,0,0,1,0,5,1,1,46,1,1,2,0,1,1,1,201700056487A01,,,,200054781
201700056490,2017-02-14,2017,février,mardi,16:30,75,75117,48.8792,2.29197,2,1,3,1,1,4,2,02,1,1,0,0,1,0,1,4,1,40,4,1,2,0,2,7,17,201700056490A01,7,22,1,200054781
201700056530,2017-03-23,2017,mars,jeudi,09:10,75,75117,48.887,2.30462,2,7,6,1,1,4,2,02,1,1,0,0,1,0,0,4,2,30,1,2,2,0,2,7,1,201700056530A01,10,16,1,200054781
201700056536,2017-03-26,2017,mars,dimanche,13:00,75,75117,48.8796,2.30499,2,2,3,1,1,4,2,03,1,1,0,0,1,0,1,4,2,56,5,3,2,0,2,0,1,201700056536B01,32,1,1,200054781