Num_Acc,date,an,mois,jour,hrmn,dep,com,lat,long,agg,int,col,lum,atm,catr,circ,nbv,prof,plan,lartpc,larrout,surf,infra,situ,grav,sexe,age,trajet,secuexist,equipement,obs,obsm,choc,manv,vehiculeid,typevehicules,manoeuvehicules,numVehicules,_infos_commune.code_epci
201700057472,2017-12-15,2017,décembre,vendredi,15:28,75,75119,48.8784,2.37423,2,2,3,1,2,4,-1,00,-1,-1,0,0,-1,0,0,4,2,24,0,3,2,0,2,1,1,201700057472B01,7,22,1,200054781
201700057474,2017-12-16,2017,décembre,samedi,11:15,75,75119,48.8861,2.38305,2,2,3,1,1,4,2,04,1,1,0,0,1,0,1,4,2,34,4,3,2,0,2,1,19,201700057474B01,7,15,1,200054781
201700057484,2017-01-03,2017,janvier,mardi,08:15,75,75120,48.847,2.41503,2,4,3,1,1,4,-1,05,1,2,0,0,-1,0,0,4,1,42,1,3,2,0,2,6,18,201700057484B01,7,16,1,200054781
201700057491,2017-01-12,2017,janvier,jeudi,07:50,75,75120,48.8781,2.40963,2,7,3,5,1,4,1,02,1,1,0,100,2,0,1,4,1,24,0,3,2,0,2,0,7,201700057491B01,7,16,1,200054781
201700057492,2017-01-15,2017,janvier,dimanche,21:15,75,75120,48.8666,2.38354,2,1,6,5,2,4,2,02,1,1,0,0,2,0,5,1,1,20,9,3,2,0,1,1,1,201700057492A01,,,,200054781
201700057515,2017-02-13,2017,février,lundi,17:30,75,75120,48.8649,2.39722,2,2,6,2,1,4,2,02,1,1,0,0,1,0,1,1,1,29,1,1,2,0,1,1,1,201700057515A01,,,,200054781
201700057517,2017-02-14,2017,février,mardi,17:40,75,75120,48.8581,2.40337,2,3,3,1,1,4,2,02,2,1,0,0,1,0,1,4,2,24,5,1,2,0,2,8,18,201700057517B01,33,15,1,200054781
201700057531,2017-03-02,2017,mars,jeudi,17:00,75,75120,48.8495,2.41128,2,1,3,1,1,4,1,02,1,1,0,0,1,0,0,4,1,51,5,2,2,0,2,1,1,201700057531B01,7,9,1,200054781
201700057538,2017-03-10,2017,mars,vendredi,09:00,75,75120,48.8738,2.40521,2,1,2,1,1,4,2,02,2,1,0,0,1,0,1,4,1,57,9,1,2,0,2,4,15,201700057538B01,33,1,1,200054781
201700057556,2017-03-30,2017,mars,jeudi,08:55,75,75120,48.8635,2.41069,2,2,3,1,1,4,2,02,2,1,0,0,1,0,5,4,1,35,1,2,2,0,2,0,1,201700057556B01,7,15,1,200054781
201700057559,2017-04-02,2017,avril,dimanche,19:45,75,75120,48.8535,2.4106,2,2,3,1,1,4,1,01,1,1,0,0,1,4,0,4,1,26,0,3,2,0,2,1,15,201700057559B01,40,1,1,200054781
201700057566,2017-04-19,2017,avril,mercredi,17:45,75,75120,48.8535,2.40582,2,3,3,1,1,4,2,01,1,1,0,0,1,0,1,4,1,18,5,1,2,0,2,8,1,201700057566B01,7,15,1,200054781
201700057573,2017-04-24,2017,avril,lundi,18:45,75,75120,48.8626,2.4109,2,2,6,1,1,4,2,00,2,1,0,0,1,0,5,1,1,44,1,1,2,0,1,1,1,201700057573A01,,,,200054781
201700057574,2017-04-26,2017,avril,mercredi,08:55,75,75120,48.8634,2.40881,2,3,3,1,1,4,2,02,2,1,0,0,1,0,0,4,1,39,1,3,2,0,2,1,1,201700057574B01,7,16,1,200054781
201700057602,2017-06-09,2017,juin,vendredi,08:50,75,75120,48.8716,2.40321,2,1,6,1,8,4,2,02,1,1,0,125,2,0,1,1,1,37,0,3,2,0,1,1,1,201700057602A01,,,,200054781
201700057604,2017-06-10,2017,juin,samedi,20:20,75,75120,48.868,2.39603,2,4,6,1,1,4,2,01,2,1,0,0,1,0,1,4,2,28,0,3,2,1,1,1,1,201700057604A01,,,,200054781
201700057605,2017-06-10,2017,juin,samedi,21:30,75,75120,48.8529,2.40712,2,1,6,1,1,4,2,02,1,1,0,0,1,0,1,4,1,37,4,1,2,0,2,9,3,201700057605B01,7,23 / 13,2,200054781
201700057606,2017-06-09,2017,juin,vendredi,03:15,75,75120,48.8604,2.38873,2,1,7,5,3,4,1,02,1,1,0,0,2,0,1,4,1,23,0,2,2,12,0,0,1,201700057606A01,,,,200054781
201700057614,2017-06-19,2017,juin,lundi,08:28,75,75120,48.849,2.40772,2,2,3,1,1,4,1,01,1,-1,0,0,1,0,1,4,2,54,0,1,2,0,2,1,1,201700057614A01,7,15,1,200054781
201700057664,2017-08-24,2017,août,jeudi,17:20,75,75120,48.8579,2.40364,2,1,3,1,1,4,2,03,2,1,0,90,1,0,1,4,1,18,5,3,2,1,2,0,1,201700057664B01,7,22,1,200054781
201700057666,2017-08-30,2017,août,mercredi,21:00,75,75120,48.864,2.39186,2,1,7,5,8,4,2,02,4,1,0,90,2,0,5,4,1,24,4,1,2,0,0,0,1,201700057666A01,,,,200054781
201700057667,2017-08-31,2017,août,jeudi,14:50,75,75120,48.8583,2.40317,2,1,6,1,1,4,2,02,2,1,0,40,1,0,1,4,2,44,1,2,2,0,1,1,1,201700057667A01,,,,200054781
201700057670,2017-09-06,2017,septembre,mercredi,09:05,75,75120,48.8558,2.41019,2,1,3,1,1,4,3,02,1,1,50,30,1,0,1,4,1,33,1,3,2,0,2,8,19,201700057670B01,7,1,1,200054781
201700057682,2017-09-19,2017,septembre,mardi,08:45,75,75120,48.8535,2.41086,2,1,6,1,2,4,2,04,1,1,10,100,2,0,5,1,2,27,5,3,2,0,1,1,1,201700057682A01,,,,200054781
201700057683,2017-09-19,2017,septembre,mardi,13:00,75,75120,48.8531,2.40594,2,1,1,1,1,4,2,02,2,1,0,80,2,0,1,4,1,60,1,3,2,0,2,1,1,201700057683B01,30,17,1,200054781
201700057686,2017-09-22,2017,septembre,vendredi,20:55,75,75120,48.8682,2.38773,2,1,6,5,1,4,2,02,-1,-1,0,60,-1,0,1,3,1,29,5,2,2,0,1,1,1,201700057686A01,,,,200054781
201700057694,2017-09-30,2017,septembre,samedi,00:30,75,75120,48.8683,2.38803,2,2,6,5,2,4,2,00,2,1,0,0,2,0,1,4,1,32,0,2,2,0,2,0,1,201700057694B01,7,15,1,200054781
201700057712,2017-10-23,2017,octobre,lundi,20:25,75,75120,48.8715,2.39567,2,3,3,5,2,4,2,00,2,1,0,30,2,0,1,4,1,28,5,3,2,0,2,1,1,201700057712B01,7,15,1,200054781
201700057745,2017-11-29,2017,novembre,mercredi,08:15,75,75120,48.8635,2.41069,2,2,3,1,1,4,2,02,2,1,0,60,1,0,5,4,2,51,1,1,2,0,2,7,1,201700057745B01,7,15,1,200054781
201700057811,2017-03-23,2017,mars,jeudi,12:20,75,75118,48.8937,2.34216,2,1,6,1,1,4,2,02,1,1,10,35,1,0,1,1,1,29,4,1,2,0,1,0,1,201700057811A01,,,,200054781
201700057815,2017-03-28,2017,mars,mardi,08:35,75,75118,48.8999,2.35863,2,1,3,1,1,4,1,01,1,1,0,120,1,0,5,3,1,37,1,3,2,0,2,8,1,201700057815B01,14,16,1,200054781
201700057828,2017-04-08,2017,avril,samedi,11:39,75,75106,48.8577,2.33536,2,5,7,1,1,4,1,06,1,1,0,0,1,0,1,3,1,26,4,1,2,0,0,0,15,201700057828A01,,,,200054781
201700057831,2017-04-09,2017,avril,dimanche,02:30,75,75114,48.8413,2.32486,2,7,3,5,1,4,4,00,1,1,0,0,1,0,1,4,1,29,5,2,2,0,2,1,9,201700057831A01,7,1,1,200054781
201700057836,2017-04-13,2017,avril,jeudi,07:48,75,75112,48.8367,2.40346,2,2,3,1,1,4,2,02,1,1,0,0,1,5,1,3,1,53,1,1,2,0,2,1,1,201700057836B01,14,16,1,200054781
201700057841,2017-04-19,2017,avril,mercredi,09:40,75,75118,48.885,2.34948,2,1,3,1,1,4,2,04,1,1,0,139,1,0,1,3,1,73,9,2,2,0,2,0,7,201700057841B01,7,7,1,200054781
201700057871,2017-05-23,2017,mai,mardi,19:08,75,75109,48.8762,2.34512,2,1,2,1,1,4,1,01,1,1,0,104,1,0,1,4,1,32,1,1,2,1,2,1,7,201700057871B01,7,22,1,200054781
201700057873,2017-05-26,2017,mai,vendredi,17:00,75,75107,48.8624,2.30201,2,2,7,1,1,4,2,02,1,1,0,0,1,0,1,4,1,42,5,2,2,0,0,0,9,201700057873A01,,,,200054781
201700057894,2017-06-16,2017,juin,vendredi,10:10,75,75101,48.8665,2.33413,2,5,3,1,1,4,2,04,1,1,0,190,1,5,1,3,1,44,0,3,2,0,2,8,18,201700057894B01,38,16,1,200054781
201700057915,2017-07-01,2017,juillet,samedi,14:10,75,75108,48.8642,2.30214,2,7,3,1,1,4,1,04,1,1,0,190,1,2,5,3,2,66,0,3,2,0,2,6,1,201700057915B01,38,16,1,200054781
201700057917,2017-07-02,2017,juillet,dimanche,16:00,75,75116,48.865,2.23445,2,5,3,1,1,4,4,01,1,1,0,78,1,5,1,4,1,45,5,3,2,0,2,1,19,201700057917A01,7,1,1,200054781
201700057950,2017-08-02,2017,août,mercredi,15:05,75,75107,48.8582,2.29226,2,3,4,1,1,4,2,04,1,1,34,202,1,0,1,4,1,42,4,1,2,0,2,4,1,201700057950B01,7 / 34,20 / 18,2,200054781
201700057955,2017-08-12,2017,août,samedi,16:10,75,75119,48.8925,2.38818,2,1,1,1,2,4,2,01,1,1,0,25,2,2,5,1,1,51,5,3,2,0,2,1,13,201700057955A01,1,1,1,200054781
201700057955,2017-08-12,2017,août,samedi,16:10,75,75119,48.8925,2.38818,2,1,1,1,2,4,2,01,1,1,0,25,2,2,5,3,2,28,5,3,2,0,2,1,1,201700057955B01,1,13,1,200054781
201700057962,2017-08-21,2017,août,lundi,16:15,75,75114,48.8357,2.31847,2,1,6,1,1,4,1,01,1,1,0,47,1,0,1,1,1,59,5,3,2,0,1,1,1,201700057962A01,,,,200054781
201700057964,2017-08-22,2017,août,mardi,23:34,75,75115,48.8494,2.28155,2,2,3,5,1,4,2,06,1,1,10,214,1,5,1,2,1,50,0,3,2,0,2,1,1,201700057964B01,38,1,1,200054781
201700057974,2017-09-07,2017,septembre,jeudi,12:29,75,75104,48.8517,2.36442,2,1,6,1,1,4,2,03,1,1,0,142,1,0,1,4,1,58,1,3,2,0,1,1,1,201700057974A01,,,,200054781
201700057976,2017-09-10,2017,septembre,dimanche,20:52,75,75106,48.846,2.31811,2,1,6,5,1,4,2,02,4,1,10,187,1,0,1,1,1,46,4,1,2,0,1,1,7,201700057976A01,,,,200054781
201700057979,2017-09-12,2017,septembre,mardi,17:55,75,75116,48.8384,2.25701,2,7,2,1,1,4,4,01,1,2,0,281,1,5,1,4,1,23,4,1,2,0,2,1,2,201700057979A01,7,2,1,200054781
201700058004,2017-10-04,2017,octobre,mercredi,11:36,75,75112,48.8206,2.44532,2,2,3,1,1,4,2,02,1,1,0,71,1,0,1,3,1,50,0,1,2,0,2,0,1,201700058004B01,7,1,1,200054781
201700058009,2017-10-10,2017,octobre,mardi,13:54,75,75103,48.8673,2.36338,2,7,3,1,1,4,2,06,1,1,20,119,1,0,1,1,1,50,4,3,2,0,2,1,1,201700058009B01,1,19,1,200054781
201700058009,2017-10-10,2017,octobre,mardi,13:54,75,75103,48.8673,2.36338,2,7,3,1,1,4,2,06,1,1,20,119,1,0,1,4,2,31,4,1,2,0,2,1,19,201700058009A01,1,1,1,200054781
201700058019,2017-10-22,2017,octobre,dimanche,16:40,75,75105,48.8382,2.34951,2,1,6,1,1,4,1,01,1,1,0,52,1,1,5,1,1,68,5,3,2,0,1,7,1,201700058019A01,,,,200054781
201700058060,2017-11-29,2017,novembre,mercredi,08:35,75,75117,48.8743,2.29449,2,6,3,1,1,4,4,04,1,-1,0,222,1,5,1,2,2,34,1,2,2,0,2,8,16,201700058060B01,14,16,1,200054781
201700058071,2017-12-13,2017,décembre,mercredi,14:41,75,75108,48.8642,2.30214,2,7,3,1,8,4,3,03,1,1,0,190,2,0,1,3,1,26,5,2,2,0,2,2,1,201700058071A01,10,1,1,200054781
201700058652,2017-01-14,2017,janvier,samedi,17:20,971,97134,0,0,2,1,1,2,1,3,2,02,2,2,0,45,1,0,1,3,1,16,5,2,2,0,2,2,13,201700058652B01,7,1,1,249710070
201700058657,2017-07-12,2017,juillet,mercredi,17:30,971,97134,0,0,2,1,3,1,1,6,2,02,4,3,0,55,1,0,1,4,1,11,5,2,2,0,2,8,19,201700058657B01,34,1,1,249710070
201700058673,2017-11-11,2017,novembre,samedi,10:10,971,97121,0,0,2,1,1,1,1,2,2,02,2,1,0,70,1,0,1,3,1,52,5,3,2,0,2,3,1,201700058673B01,7,15,1,249710062
201700058687,2017-01-17,2017,janvier,mardi,08:00,971,97107,0,0,1,1,3,1,1,2,3,04,1,1,0,0,2,3,1,4,1,55,5,1,2,0,2,8,1,201700058687B01,7,1,1,249710070
201700058701,2017-08-02,2017,août,mercredi,11:45,971,97114,0,0,2,1,1,1,8,3,2,02,2,2,0,60,1,0,1,3,1,20,4,1,2,0,2,1,13,201700058701B01,7,1,1,249710062
201700058736,2017-03-31,2017,mars,vendredi,14:00,971,97118,0,0,1,1,2,1,1,2,3,04,1,1,0,70,1,0,1,2,1,31,5,2,9,0,0,4,11,201700058736B01,7,1,1,249710062
201700058789,2017-01-22,2017,janvier,dimanche,10:00,971,97117,0,0,1,1,2,1,1,3,2,02,1,1,0,50,1,0,1,3,1,58,5,1,2,0,2,4,2,201700058789B01,7,2,1,200044691
201700058841,2017-08-23,2017,août,mercredi,15:45,971,97116,0,0,2,4,3,1,1,3,2,02,1,-1,0,10,1,,,3,1,69,5,2,2,0,2,1,16,201700058841A01,10,1,1,200044691
201700058843,2017-09-08,2017,septembre,vendredi,18:50,971,97116,0,0,1,1,1,5,1,3,2,02,1,1,0,0,1,0,1,3,1,19,0,2,2,0,2,1,1,201700058843B01,7,11,1,200044691
201700058851,2017-05-17,2017,mai,mercredi,19:15,973,97305,0,0,1,1,3,3,8,2,2,02,1,1,0,0,2,0,1,3,1,36,5,2,4,0,2,9,1,201700058851B01,7,1,1,249730045
201700058862,2017-10-01,2017,octobre,dimanche,19:00,973,97305,0,0,1,1,3,5,1,9,2,02,1,1,0,0,1,0,1,4,1,9,0,3,9,0,2,0,13,201700058862B01,2,0,1,249730045
201700058873,2017-03-19,2017,mars,dimanche,03:20,973,97304,0,0,2,6,1,5,1,4,2,02,1,-1,7,25,1,,,3,1,52,5,2,9,14,0,1,5,201700058873B01,7,23,1,200027548
201700058875,2017-03-24,2017,mars,vendredi,17:40,973,97304,0,0,2,2,3,1,1,4,2,02,1,-1,0,10,-1,,,3,2,17,3,3,9,0,2,7,19,201700058875B01,7,1,1,200027548
201700058881,2017-05-09,2017,mai,mardi,12:10,973,97304,0,0,2,1,2,1,3,3,2,02,1,-1,600,20,1,,,3,1,49,1,3,9,0,2,4,9,201700058881B01,7,1,1,200027548
201700058884,2017-06-24,2017,juin,samedi,18:42,973,97304,0,0,2,1,1,3,3,4,2,02,1,1,0,70,2,0,1,4,1,71,0,2,9,0,2,7,19,201700058884B01,7,19,1,200027548
201700058895,2017-04-10,2017,avril,lundi,14:30,973,97312,0,0,1,1,2,1,2,2,2,02,1,-1,6,20,1,,,3,1,37,0,2,9,0,2,4,13,201700058895B01,7,1,1,200027548
201700058903,2017-02-10,2017,février,vendredi,20:45,973,97308,0,0,2,1,6,5,1,4,2,02,1,1,0,70,1,0,1,4,1,50,5,3,4,0,2,0,1,201700058903B01,,,,249730052
201700058912,2017-03-12,2017,mars,dimanche,18:50,973,97311,0,0,2,1,1,2,1,3,2,02,1,1,0,0,1,0,1,3,2,14,0,2,2,0,2,1,5,201700058912B01,7,1,1,249730037
201700058920,2017-06-25,2017,juin,dimanche,10:05,973,97311,0,0,2,9,2,1,8,3,2,02,1,-1,5,410,1,,,3,1,40,5,2,4,0,0,4,1,201700058920B01,7,1,1,249730037
201700058926,2017-11-04,2017,novembre,samedi,11:55,973,97311,0,0,2,1,1,1,1,4,2,02,1,-1,0,10,1,,,3,1,24,3,2,9,0,2,1,15,201700058926B01,7,1,1,249730037
201700058926,2017-11-04,2017,novembre,samedi,11:55,973,97311,0,0,2,1,1,1,1,4,2,02,1,-1,0,10,1,,,3,1,51,3,2,9,0,2,1,15,201700058926B01,7,1,1,249730037
201700058929,2017-12-25,2017,décembre,lundi,11:30,973,97311,0,0,2,1,3,1,1,4,2,02,1,-1,5,910,1,,,2,1,14,5,2,2,0,2,3,15,201700058929B01,7,1,1,249730037
201700058935,2017-05-06,2017,mai,samedi,07:00,974,97408,-20.943,55.35582,2,1,1,1,1,4,2,02,2,1,0,60,1,0,1,4,1,44,5,1,2,0,2,1,1,201700058935B01,7,13,1,249740101
201700058937,2017-10-11,2017,octobre,mercredi,15:50,974,97408,-20.93862,55.32765,1,1,1,1,1,4,2,02,1,1,0,0,1,0,1,4,1,12,5,1,2,0,2,8,19,201700058937A01,7,1,1,249740101
201700058958,2017-06-04,2017,juin,dimanche,09:50,974,97406,-21.11519,55.6511,1,1,7,1,1,2,2,02,2,1,0,60,1,0,1,3,1,48,5,1,2,0,0,0,1,201700058958A01,,,,249740093
201700058968,2017-09-15,2017,septembre,vendredi,14:00,974,97415,-21.00808,55.27485,2,2,3,1,1,4,1,02,1,-1,6,710,1,,,3,1,15,5,2,2,0,2,2,19,201700058968B01,7,1,1,249740101
201700058991,2017-02-09,2017,février,jeudi,18:20,974,97412,0,0,1,1,1,1,1,3,2,02,3,3,0,54,1,0,1,3,1,52,5,1,2,0,2,3,1,201700058991B01,38,13,1,249740085
201700059006,2017-10-05,2017,octobre,jeudi,12:00,974,97422,-21.21815,55.54885,2,3,3,1,1,4,2,01,4,-1,6,90,1,,,3,1,14,2,2,2,0,2,1,15,201700059006B01,7,21,1,249740085
201700059009,2017-03-18,2017,mars,samedi,11:15,974,97417,0,0,1,1,1,1,2,2,2,02,1,3,0,0,2,0,1,3,1,42,5,1,2,0,2,8,13,201700059009A01,7,1,1,249740085
201700059028,2017-02-24,2017,février,vendredi,18:30,976,97608,0,0,2,9,2,5,1,2,2,02,1,-1,6,310,1,,,3,1,40,5,1,4,0,2,4,1,201700059028B01,2,17,1,200050532
201700059058,2017-12-31,2017,décembre,dimanche,12:10,971,97103,0,0,2,2,3,1,1,3,2,02,1,-1,,,1,0,1,3,1,22,5,2,9,0,2,1,1,201700059058A01,7,1,1,200018653
201700059062,2017-02-22,2017,février,mercredi,20:00,971,97103,0,0,2,9,3,5,1,6,-1,05,1,-1,0,10,1,,,4,1,11,5,2,2,0,2,1,3,201700059062B01,10,1,1,200018653
201700059089,2017-11-28,2017,novembre,mardi,11:45,976,97613,0,0,2,1,6,1,1,4,2,02,1,2,0,61,1,0,1,2,1,17,0,2,4,0,2,0,5,201700059089A01,14,1,1,200059871
201700059092,2017-01-03,2017,janvier,mardi,16:15,976,97603,0,0,1,1,2,1,1,2,2,02,1,1,0,60,1,0,1,4,1,28,0,1,2,0,2,1,2,201700059092B01,7,2,1,200060473
201700059118,2017-12-29,2017,décembre,vendredi,12:20,976,97603,0,0,2,1,6,1,1,2,2,02,1,-1,0,0,1,0,1,4,1,13,5,2,9,0,0,7,2,201700059118B01,7,20,1,200060473
201700059120,2017-02-09,2017,février,jeudi,07:35,973,97309,0,0,2,1,2,1,3,4,2,02,1,1,0,0,2,0,1,3,1,15,2,2,2,0,2,1,2,201700059120B01,7,23,1,249730045
201700059122,2017-02-21,2017,février,mardi,08:15,973,97309,0,0,1,1,3,1,1,2,2,02,1,1,74,74,1,0,1,2,1,27,9,2,2,0,2,8,1,201700059122B01,10,17,1,249730045
201700059140,2017-07-06,2017,juillet,jeudi,16:40,973,97309,0,0,1,1,2,1,2,2,2,02,1,1,74,74,2,0,3,3,1,25,9,2,4,0,2,4,1,201700059140B01,10,1,1,249730045
201700059161,2017-02-07,2017,février,mardi,17:50,973,97307,0,0,1,1,3,1,1,2,2,02,1,1,0,75,1,0,3,3,1,66,1,1,2,0,2,8,1,201700059161B01,7,14,1,249730045
201700059175,2017-06-15,2017,juin,jeudi,12:30,973,97307,0,0,2,1,6,1,1,2,1,04,1,-1,0,80,1,0,1,3,1,32,0,2,2,3,2,6,19,201700059175B01,7,0,1,249730045
201700059178,2017-07-21,2017,juillet,vendredi,20:00,973,97307,0,0,1,1,6,3,1,3,2,02,1,1,0,86,1,0,1,3,1,22,5,3,2,0,2,0,2,201700059178A01,,,,249730045
201700059185,2017-09-04,2017,septembre,lundi,10:30,973,97307,0,0,2,1,1,1,1,4,2,02,1,1,0,0,1,0,1,3,1,27,5,2,9,0,0,1,1,201700059185B01,10,1,1,249730045
201700059191,2017-10-05,2017,octobre,jeudi,18:50,973,97307,0,0,1,6,3,5,1,2,2,02,1,-1,0,10,1,,,3,1,28,5,2,2,0,2,8,19,201700059191B01,7,1,1,249730045
201700059211,2017-08-02,2017,août,mercredi,06:05,974,97415,-21.04214,55.25371,2,3,3,2,1,3,2,02,2,-1,3,510,1,,,3,1,49,5,1,2,0,2,1,1,201700059211B01,7,15,1,249740101
201700059242,2017-08-18,2017,août,vendredi,18:45,974,97414,-21.33321,55.47368,2,3,1,3,1,3,2,02,2,-1,0,10,1,,,3,1,13,5,2,2,0,2,1,21,201700059242B01,7,15,1,249740077
201700059242,2017-08-18,2017,août,vendredi,18:45,974,97414,-21.33321,55.47368,2,3,1,3,1,3,2,02,2,-1,0,10,1,,,4,1,13,5,2,2,0,2,1,21,201700059242B01,7,15,1,249740077
201700059244,2017-09-06,2017,septembre,mercredi,21:10,974,97414,-21.28171,55.40711,2,4,3,3,1,4,2,02,4,-1,7,10,1,,,3,1,19,5,2,4,0,2,8,15,201700059244A01,7,1,1,249740077
201700059262,2017-06-18,2017,juin,dimanche,16:15,974,97410,-21.0515,55.68428,2,3,3,1,1,3,2,02,4,-1,7,15,1,,,3,1,13,5,2,2,0,2,8,19,201700059262A01,7,1,1,249740093
201700059317,2017-01-23,2017,janvier,lundi,16:15,972,97210,0,0,2,1,7,1,1,4,2,02,2,1,0,0,1,0,1,4,1,60,5,1,9,0,0,0,1,201700059317A01,,,,249720053
201700059348,2017-05-22,2017,mai,lundi,15:05,972,97221,0,0,2,3,3,1,1,3,2,02,2,-1,6,515,1,,,3,1,29,5,1,2,0,2,7,17,201700059348B01,7,15,1,249720053
201700059358,2017-02-03,2017,février,vendredi,14:55,972,97207,0,0,2,3,6,1,1,4,2,02,2,,0,60,1,0,0,4,1,18,5,2,9,15,0,1,15,201700059358A01,,,,249720053
201700059358,2017-02-03,2017,février,vendredi,14:55,972,97207,0,0,2,3,6,1,1,4,2,02,2,,0,60,1,0,0,2,1,15,5,2,9,15,0,1,15,201700059358A01,,,,249720053
201700059394,2017-02-10,2017,février,vendredi,05:15,974,97412,0,0,2,1,6,3,1,2,2,02,1,1,0,120,1,0,5,4,1,21,1,1,4,0,1,1,1,201700059394A01,,,,249740085
201700059398,2017-02-28,2017,février,mardi,20:30,974,97412,-21.38035,55.60846,2,1,3,5,1,2,2,02,2,1,0,69,1,0,1,3,1,44,3,3,9,0,2,1,1,201700059398B01,7,15,1,249740085
201700059418,2017-02-22,2017,février,mercredi,17:55,974,97422,-21.28781,55.50791,2,1,3,1,1,4,2,02,2,-1,0,78,1,0,1,3,1,22,5,2,2,0,2,2,17,201700059418B01,7,9,1,249740085
201700059420,2017-03-26,2017,mars,dimanche,15:55,974,97422,-21.26519,55.49661,2,1,3,1,8,4,2,02,2,3,0,35,2,0,1,4,1,17,5,2,9,0,2,1,13,201700059420A01,7,1,1,249740085
201700059420,2017-03-26,2017,mars,dimanche,15:55,974,97422,-21.26519,55.49661,2,1,3,1,8,4,2,02,2,3,0,35,2,0,1,4,2,16,5,2,9,0,2,1,13,201700059420A01,7,1,1,249740085
201700059423,2017-05-15,2017,mai,lundi,17:05,974,97422,-21.24057,55.50188,2,1,1,1,1,4,2,02,2,2,50,0,1,0,1,3,1,24,5,2,9,0,2,7,13,201700059423A01,7,23,1,249740085
201700059427,2017-07-24,2017,juillet,lundi,16:50,974,97422,-21.26246,55.5197,2,1,1,1,1,4,2,02,2,1,0,70,1,0,1,3,1,54,5,1,2,0,2,4,13,201700059427B01,7,19,1,249740085
201700059449,2017-03-04,2017,mars,samedi,15:00,971,97107,0,0,2,1,3,1,1,4,-1,02,1,1,7,54,1,0,0,3,1,22,5,2,2,1,0,0,0,201700059449A01,7,0,1,249710070
201700059460,2017-10-11,2017,octobre,mercredi,15:45,971,97107,16.24677,-61.33487,2,2,3,1,1,4,1,01,1,1,0,46,1,0,1,3,1,15,0,2,2,0,2,1,9,201700059460A01,7,1,1,249710070
201700059489,2017-03-22,2017,mars,mercredi,17:15,971,97113,0,0,1,1,3,1,1,3,2,02,-1,-1,0,0,-1,0,1,2,1,51,0,3,9,0,2,0,0,201700059489B01,37,1,1,200041507
201700059502,2017-04-29,2017,avril,samedi,05:15,971,97113,16.21731,-61.51503,1,6,2,1,2,4,2,02,1,1,0,35,1,0,1,3,1,22,0,2,2,0,2,1,9,201700059502B01,7,9,1,200041507
201700059513,2017-06-10,2017,juin,samedi,08:55,971,97113,16.21946,-61.51637,2,1,3,1,1,2,-1,02,-1,-1,0,0,-1,0,5,3,1,52,5,1,2,0,2,0,0,201700059513B01,7,0,1,200041507
201700059528,2017-07-29,2017,juillet,samedi,22:20,971,97101,16.26423,-61.51266,2,1,2,5,1,2,3,02,-1,-1,0,144,1,0,0,3,1,41,0,2,4,0,2,4,2,201700059528B01,10,2,1,200018653
201700059546,2017-09-30,2017,septembre,samedi,13:15,971,97120,16.24004,-61.53233,2,2,5,1,1,3,3,02,1,1,0,0,1,0,1,4,1,34,9,1,2,0,2,1,23,201700059546B01,7,16 / 13,2,200018653
201700059635,2017-06-17,2017,juin,samedi,16:04,972,97209,0,0,2,1,7,1,1,3,2,02,2,1,0,0,1,0,3,3,1,57,5,2,4,16,0,1,14,201700059635A01,,,,249720061
201700059690,2017-02-09,2017,février,jeudi,14:55,972,97213,0,0,2,2,3,1,1,4,2,02,1,1,0,0,1,0,1,4,1,27,5,3,2,0,2,1,19,201700059690B01,7,1,1,249720061
201700059695,2017-02-19,2017,février,dimanche,08:00,972,97213,0,0,2,6,3,1,1,3,2,04,1,1,0,0,1,0,1,4,1,52,5,3,2,0,2,8,1,201700059695B01,7,16,1,249720061
201700059714,2017-04-20,2017,avril,jeudi,18:00,972,97213,0,0,2,1,2,2,1,4,2,02,1,1,0,0,1,0,1,4,1,25,5,2,2,0,2,1,2,201700059714A01,1,1,1,249720061
201700059714,2017-04-20,2017,avril,jeudi,18:00,972,97213,0,0,2,1,2,2,1,4,2,02,1,1,0,0,1,0,1,4,1,8,5,3,9,0,2,4,1,201700059714B01,1,2,1,249720061
201700059715,2017-04-20,2017,avril,jeudi,04:05,972,97213,0,0,1,6,3,5,1,1,1,02,1,3,0,0,1,3,1,4,1,19,5,2,2,0,2,6,1,201700059715B01,7,1,1,249720061
201700059715,2017-04-20,2017,avril,jeudi,04:05,972,97213,0,0,1,6,3,5,1,1,1,02,1,3,0,0,1,3,1,4,1,20,5,2,2,0,2,6,1,201700059715B01,7,1,1,249720061
201700059724,2017-05-02,2017,mai,mardi,14:15,972,97213,0,0,2,1,3,1,1,4,2,02,1,1,0,0,1,0,1,4,1,22,3,1,2,0,0,0,0,201700059724B01,7,0,1,249720061
201700059728,2017-05-14,2017,mai,dimanche,08:05,972,97213,0,0,2,1,3,1,1,3,2,02,1,1,0,0,-1,0,0,4,1,54,1,1,2,0,0,0,0,201700059728B01,7,6,1,249720061