Num_Acc,date,an,mois,jour,hrmn,dep,com,lat,long,agg,int,col,lum,atm,catr,circ,nbv,prof,plan,lartpc,larrout,surf,infra,situ,grav,sexe,age,trajet,secuexist,equipement,obs,obsm,choc,manv,vehiculeid,typevehicules,manoeuvehicules,numVehicules,_infos_commune.code_epci
201700059740,2017-06-05,2017,juin,lundi,07:00,972,97213,0,0,1,1,4,1,1,2,1,00,1,1,0,0,1,0,1,2,1,46,5,1,2,0,2,4,2,201700059740B01,7,2,1,249720061
201700059740,2017-06-05,2017,juin,lundi,07:00,972,97213,0,0,1,1,4,1,1,2,1,00,1,1,0,0,1,0,1,4,1,45,5,1,2,0,2,4,2,201700059740C01,7,2,1,249720061
201700059749,2017-06-28,2017,juin,mercredi,08:20,972,97213,0,0,2,1,6,1,1,4,2,01,2,1,0,0,1,0,1,4,2,37,0,3,9,0,2,4,15,201700059749B01,,,,249720061
201700059807,2017-11-20,2017,novembre,lundi,12:00,972,97213,14.62554,-61.00747,1,1,3,1,1,3,2,02,1,1,0,0,1,0,1,4,1,17,0,1,2,0,2,2,1,201700059807B01,7,15,1,249720061
201700059813,2017-01-03,2017,janvier,mardi,10:55,973,97302,0,0,2,1,3,1,1,4,1,02,1,1,0,60,1,0,1,3,1,50,0,2,2,0,2,8,0,201700059813B01,7,2,1,249730045
201700059814,2017-01-03,2017,janvier,mardi,13:00,973,97302,0,0,2,1,3,1,3,4,-1,02,1,-1,0,70,2,0,1,3,1,14,0,2,2,0,2,2,0,201700059814B01,7,0,1,249730045
201700059835,2017-01-25,2017,janvier,mercredi,07:14,973,97302,0,0,2,3,1,1,1,4,2,02,1,-1,0,0,1,0,1,4,2,15,2,2,2,0,2,8,5,201700059835A01,7,16,1,249730045
201700059840,2017-02-01,2017,février,mercredi,08:45,973,97302,0,0,2,1,3,1,1,4,1,00,1,-1,0,0,1,0,1,4,1,32,0,3,9,0,2,1,5,201700059840A01,7,1,1,249730045
201700059841,2017-02-01,2017,février,mercredi,15:05,973,97302,0,0,2,1,2,1,1,4,-1,02,1,1,0,110,1,0,5,3,1,17,2,3,9,0,2,4,1,201700059841A01,7,0,1,249730045
201700059846,2017-02-04,2017,février,samedi,19:38,973,97302,4.92001,-52.31001,2,1,3,5,1,4,2,00,-1,-1,0,0,-1,0,1,3,1,34,0,3,9,0,0,0,0,201700059846A01,30,0,1,249730045
201700059854,2017-02-12,2017,février,dimanche,14:55,973,97302,4.92349,-52.31548,2,1,3,1,1,4,2,02,1,1,0,70,1,0,1,3,1,13,5,2,9,0,2,1,19,201700059854A01,7,1,1,249730045
201700059885,2017-03-13,2017,mars,lundi,17:27,973,97302,4.94389,-52.30908,2,1,3,1,1,4,2,02,1,-1,0,0,1,0,1,1,1,14,0,3,9,0,2,7,14,201700059885A01,2,1,1,249730045
201700059887,2017-03-15,2017,mars,mercredi,08:20,973,97302,0,0,2,1,3,1,1,4,1,01,1,3,0,0,1,5,1,4,2,47,9,2,9,0,2,8,13,201700059887B01,7,16,1,249730045
201700059888,2017-03-15,2017,mars,mercredi,12:22,973,97302,0,0,2,1,3,1,1,4,2,00,1,1,0,0,1,0,1,4,2,18,2,2,2,0,2,8,9,201700059888B01,2,2,1,249730045
201700059925,2017-05-06,2017,mai,samedi,09:50,973,97302,4.93982,-52.33074,2,2,3,1,1,4,1,00,1,1,0,60,1,0,1,4,1,23,0,1,2,0,2,7,1,201700059925B01,7,1,1,249730045
201700059941,2017-05-27,2017,mai,samedi,02:00,973,97302,4.9398,-52.32853,2,3,3,5,1,4,2,02,1,1,60,60,1,0,0,4,1,24,0,1,2,0,2,1,1,201700059941A01,7,1,1,249730045
201700059954,2017-06-05,2017,juin,lundi,17:20,973,97302,4.93728,-52.33538,2,1,3,1,1,4,2,02,1,1,0,0,1,0,1,4,1,19,5,2,2,0,2,1,1,201700059954B01,37,1,1,249730045
201700059956,2017-06-09,2017,juin,vendredi,09:20,973,97302,4.91762,-52.30769,1,1,3,1,2,4,2,01,-1,-1,0,60,2,0,1,3,1,18,1,2,4,0,2,8,2,201700059956B01,7,2,1,249730045
201700059959,2017-06-10,2017,juin,samedi,18:20,973,97302,4.93902,-52.31927,2,1,3,1,1,4,-1,00,1,1,60,60,1,0,0,4,1,10,0,3,9,0,2,7,1,201700059959B01,7,9,1,249730045
201700059960,2017-06-12,2017,juin,lundi,18:00,973,97302,4.91272,-52.30965,2,1,1,1,1,4,1,00,1,1,30,30,1,0,1,3,1,34,0,3,9,0,2,1,1,201700059960B01,7,19,1,249730045
201700059973,2017-06-19,2017,juin,lundi,19:30,973,97302,4.92919,-52.30186,2,3,3,5,1,2,2,02,1,1,60,60,1,0,1,4,1,33,0,2,2,0,2,1,1,201700059973B01,7,15,1,249730045
201700059976,2017-06-22,2017,juin,jeudi,14:10,973,97302,4.90773,-52.32191,2,6,3,1,1,4,2,02,1,3,60,60,1,0,1,4,1,2017,9,2,9,0,9,8,15,201700059976B01,7,16,1,249730045
201700059995,2017-07-13,2017,juillet,jeudi,23:00,973,97302,4.92236,-52.32127,2,1,1,5,1,4,2,01,1,1,0,63,1,0,1,3,1,37,9,2,4,0,2,1,13,201700059995A01,7,1,1,249730045
201700060000,2017-07-19,2017,juillet,mercredi,10:57,973,97302,4.93869,-52.33216,2,3,3,1,1,4,1,01,1,1,60,60,1,0,0,3,1,29,9,3,9,0,2,1,19,201700060000B01,7,9,1,249730045
201700060020,2017-08-04,2017,août,vendredi,21:50,973,97302,4.9342,-52.31685,2,1,2,3,1,4,2,01,1,1,0,80,1,0,1,4,1,54,9,2,4,0,2,1,23,201700060020B01,32,1,1,249730045
201700060023,2017-08-08,2017,août,mardi,19:00,973,97302,0,0,2,6,7,4,1,4,1,02,1,2,30,60,1,0,1,4,2,61,0,2,2,0,0,0,7,201700060023B01,7,7,1,249730045
201700060031,2017-08-16,2017,août,mercredi,17:50,973,97302,4.92771,-52.29175,2,1,1,1,1,4,2,02,1,1,0,0,1,0,5,3,1,27,9,3,9,0,2,0,2,201700060031B01,7,9,1,249730045
201700060039,2017-09-01,2017,septembre,vendredi,00:01,973,97302,4.93359,-52.31237,2,1,2,4,1,4,2,01,1,-1,0,0,1,0,1,3,1,24,5,3,2,0,2,6,19,201700060039A01,7,0,1,249730045
201700060040,2017-09-04,2017,septembre,lundi,14:55,973,97302,4.91726,-52.29922,2,3,7,1,1,4,2,02,1,1,0,60,1,0,1,3,1,37,0,3,9,0,2,4,1,201700060040B01,7,16,1,249730045
201700060044,2017-09-05,2017,septembre,mardi,21:25,973,97302,4.92617,-52.31361,1,1,3,5,1,4,2,01,1,-1,0,80,1,0,1,3,2,31,0,2,4,0,2,1,1,201700060044B01,7,19,1,249730045
201700060051,2017-09-07,2017,septembre,jeudi,14:25,973,97302,4.92953,-52.30751,1,1,3,1,1,4,2,02,1,1,0,30,-1,0,1,3,1,47,0,3,4,0,2,0,13,201700060051A01,7,1,1,249730045
201700060064,2017-09-18,2017,septembre,lundi,06:10,973,97302,4.93711,-52.32501,2,6,3,1,1,4,1,02,1,-1,0,90,1,5,1,4,1,51,9,2,2,0,2,1,1,201700060064B01,7,9,1,249730045
201700060083,2017-10-02,2017,octobre,lundi,13:20,973,97302,4.90001,-52.32001,1,1,2,1,1,2,1,01,1,-1,0,0,1,0,1,3,2,28,9,3,9,0,2,1,16,201700060083B01,7,17,1,249730045
201700060150,2017-11-17,2017,novembre,vendredi,21:25,973,97302,0,0,2,1,3,1,1,4,2,02,1,-1,30,60,1,0,1,3,1,30,5,2,2,9,2,4,7,201700060150B01,31,7,1,249730045
201700060154,2017-11-21,2017,novembre,mardi,18:10,973,97302,4.92793,-52.31851,2,1,3,2,1,4,2,02,1,1,40,80,1,0,3,3,1,35,0,2,2,1,0,1,21,201700060154A01,7,17,1,249730045
201700060168,2017-11-29,2017,novembre,mercredi,14:20,973,97302,0,0,1,1,3,1,1,4,2,01,-1,-1,0,0,1,0,1,4,1,16,0,1,4,0,2,1,1,201700060168B01,7,15,1,249730045
201700060175,2017-12-07,2017,décembre,jeudi,07:00,973,97302,4.93403,-52.33213,1,1,6,1,1,4,1,01,1,1,0,0,1,0,1,4,1,32,0,2,2,1,0,1,1,201700060175B01,,,,249730045
201700060202,2017-01-03,2017,janvier,mardi,18:45,974,97407,-20.93337,55.29241,2,1,2,1,1,6,1,01,1,1,0,40,1,0,0,4,2,24,0,3,2,0,2,0,0,201700060202B01,7,0,1,249740101
201700060212,2017-02-28,2017,février,mardi,18:00,974,97407,-20.93059,55.30859,1,6,3,1,1,2,1,02,1,2,0,70,1,0,1,4,1,51,5,3,9,0,2,8,1,201700060212B01,7,2,1,249740101
201700060248,2017-07-23,2017,juillet,dimanche,19:15,974,97407,-20.93958,55.30324,2,6,3,5,1,4,1,01,-1,-1,0,0,-1,0,1,4,1,33,5,3,9,0,2,8,15,201700060248B01,7,9,1,249740101
201700060258,2017-08-24,2017,août,jeudi,15:10,974,97407,-20.94856,55.29382,2,1,2,1,1,4,1,01,1,1,100,50,1,0,1,4,1,9,5,2,2,1,0,1,2,201700060258B01,7,24,1,249740101
201700060263,2017-10-09,2017,octobre,lundi,15:50,974,97407,-20.94247,55.29183,2,6,1,1,1,4,2,00,1,-1,15,60,1,0,1,3,2,24,5,2,2,0,2,1,5,201700060263B01,7,9,1,249740101
201700060268,2017-08-19,2017,août,samedi,01:05,974,97407,-20.93865,55.29672,2,1,2,5,1,4,2,02,1,1,0,60,1,0,1,4,1,24,5,1,9,0,2,0,0,201700060268B01,7,0,1,249740101
201700060286,2017-11-29,2017,novembre,mercredi,14:30,974,97409,-20.97184,55.67466,2,1,3,1,1,4,2,02,1,1,0,50,1,0,1,3,1,53,5,1,2,0,2,1,1,201700060286B01,7,9,1,249740093
201700060289,2017-07-08,2017,juillet,samedi,07:50,974,97409,-20.93253,55.64798,2,9,3,1,1,3,2,01,1,1,0,64,1,0,1,3,1,10,5,3,9,0,2,3,15,201700060289B01,7,21,1,249740093
201700060300,2017-12-14,2017,décembre,jeudi,18:05,974,97409,-20.96288,55.65863,2,6,7,1,1,3,2,02,1,1,0,40,1,0,1,3,1,59,5,2,2,0,9,8,9,201700060300A01,,,,249740093
201700060336,2017-07-12,2017,juillet,mercredi,06:30,974,97411,-20.90389,55.49506,2,1,6,1,1,4,1,01,2,1,0,40,1,0,1,1,1,28,1,3,9,0,1,1,13,201700060336A01,,,,249740119
201700060342,2017-10-30,2017,octobre,lundi,20:45,974,97411,-20.90548,55.48412,2,6,3,5,3,4,1,02,1,2,0,88,1,5,1,3,1,9,5,3,9,0,2,1,9,201700060342A01,7,15,1,249740119
201700060353,2017-12-20,2017,décembre,mercredi,18:27,974,97411,-20.90899,55.50451,2,1,1,1,1,3,2,02,2,3,0,50,1,0,1,3,1,14,5,3,9,0,2,1,11,201700060353B01,7,21,1,249740119
201700060359,2017-01-10,2017,janvier,mardi,17:00,974,97416,-21.00001,55.50001,1,1,6,1,1,4,1,01,2,-1,40,31,-1,0,1,3,1,16,0,1,9,0,1,0,0,201700060359A01,,,,249740077
201700060361,2017-01-05,2017,janvier,jeudi,18:00,974,97416,-21.28621,55.45551,1,1,2,1,1,3,2,00,1,1,0,0,-1,0,1,4,1,15,5,1,2,0,2,4,13,201700060361B01,7,13,1,249740077
201700060395,2017-03-31,2017,mars,vendredi,09:35,974,97416,-21.33001,55.45001,1,1,6,1,1,4,2,02,-1,-1,0,0,-1,0,5,4,1,53,5,1,2,0,0,0,0,201700060395B01,7,0,1,249740077
201700060397,2017-04-07,2017,avril,vendredi,15:55,974,97416,-21.33593,55.47648,2,1,1,1,1,4,1,01,1,1,0,40,1,0,1,4,1,11,0,2,2,0,2,3,5,201700060397A01,7,1,1,249740077
201700060405,2017-04-17,2017,avril,lundi,06:00,974,97416,-21.29987,55.42295,1,1,1,3,1,2,3,00,1,1,125,106,1,0,1,2,1,52,5,1,2,0,2,4,1,201700060405B01,7,2,1,249740077
201700060414,2017-05-21,2017,mai,dimanche,18:40,974,97416,-21.34356,55.46893,2,6,1,2,1,4,2,02,-1,-1,0,0,-1,0,1,4,1,15,0,2,2,0,2,1,1,201700060414B01,7,16,1,249740077
201700060419,2017-03-03,2017,mars,vendredi,08:34,974,97416,-21.3208,55.47706,1,1,7,1,1,4,2,01,4,2,0,0,1,0,1,4,1,26,0,1,2,14,0,0,1,201700060419A01,,,,249740077
201700060502,2017-10-04,2017,octobre,mercredi,06:40,974,97416,-21.33515,55.4653,2,1,3,1,1,4,2,02,1,1,0,0,1,0,1,3,1,59,5,1,2,0,2,1,2,201700060502B01,7,1,1,249740077
201700060519,2017-11-11,2017,novembre,samedi,13:15,974,97416,-21.31957,55.47825,2,1,6,1,1,4,2,01,2,3,15,15,1,0,1,3,1,14,5,2,2,0,1,1,2,201700060519A01,,,,249740077
201700060634,2017-07-02,2017,juillet,dimanche,16:40,976,97611,-12.78428,45.22953,2,1,1,2,1,2,2,02,2,1,0,0,1,0,1,3,1,19,9,3,9,0,2,4,0,201700060634B01,7,2,1,200060457
201700060653,2017-08-23,2017,août,mercredi,18:55,976,97611,-12.77543,45.23121,1,1,2,2,1,2,2,00,1,1,0,0,1,0,1,4,1,18,9,3,9,14,9,6,17,201700060653B01,7,13,1,200060457
201700060692,2017-11-07,2017,novembre,mardi,19:04,976,97611,-12.76433,45.22543,2,1,6,3,1,2,2,02,1,1,0,0,1,0,1,1,1,18,0,1,9,0,1,1,19,201700060692B01,,,,200060457
201800000004,2018-05-05,2018,mai,samedi,17:35,59,59052,50.51974,2.89123,2,1,3,1,7,3,2,02,1,1,,,1,0,1,3,1,5,5,3,2,0,2,8,0,201800000004B01,7,21,1,200093201
201800000020,2018-05-27,2018,mai,dimanche,16:00,59,59586,50.54129,3.18902,1,1,7,1,1,4,2,02,1,2,,,1,0,1,3,1,21,9,1,2,12,0,7,1,201800000020B01,7,2,1,200041960
201800000044,2018-09-29,2018,septembre,samedi,18:00,59,59400,50.62556,2.62903,1,1,3,1,7,3,2,02,1,1,,,1,0,1,3,1,71,5,3,2,0,0,8,2,201800000044A01,7,17,1,245900758
201800000051,2018-08-26,2018,août,dimanche,15:30,59,59042,50.53908,3.2646,2,1,2,1,2,3,2,01,1,1,,,1,0,1,2,1,78,5,3,2,0,0,4,2,201800000051B01,7,0,1,200041960
201800000056,2018-04-10,2018,avril,mardi,15:20,59,59252,50.68934,2.96942,1,1,2,1,1,3,2,02,1,1,,,1,0,1,3,1,74,5,1,2,0,2,6,2,201800000056B01,7,2,1,200093201
201800000080,2018-11-02,2018,novembre,vendredi,16:50,59,59290,50.10269,3.87925,1,1,2,1,1,3,2,02,4,3,,,1,0,1,3,1,61,5,3,2,0,2,8,2,201800000080B01,7,2,1,200043263
201800000094,2018-08-15,2018,août,mercredi,11:30,59,59450,50.11673,3.64089,1,1,2,1,2,3,2,02,1,1,,,1,0,1,2,1,68,3,3,2,0,0,4,1,201800000094B01,7,2,1,200030633
201800000107,2018-06-01,2018,juin,vendredi,13:30,59,59139,50.12199,3.42028,2,6,3,1,3,4,2,02,1,1,,,2,0,1,4,2,24,3,3,2,0,0,7,0,201800000107B01,7,0,1,200030633
201800000150,2018-09-30,2018,septembre,dimanche,09:45,59,59029,50.48156,3.20767,1,2,3,1,1,3,2,02,1,1,,,1,0,1,4,1,81,5,1,2,0,2,1,19,201800000150B01,33,1,1,200041960
201800000166,2018-04-26,2018,avril,jeudi,19:15,59,59265,50.27426,3.7072,2,1,2,1,1,4,-1,02,1,1,,,9,0,1,3,1,17,5,3,2,0,2,6,5,201800000166B01,21,4,1,200043321
201800000187,2018-02-16,2018,février,vendredi,17:35,62,62173,50.33859,3.01421,2,1,2,1,1,3,3,02,1,1,,,1,0,1,2,1,58,3,2,2,0,0,4,1,201800000187B01,7,2,1,200044048
201800000209,2018-02-04,2018,février,dimanche,17:22,62,62014,50.63717,2.39036,2,6,2,1,1,3,2,01,1,1,,,1,5,4,3,1,12,5,3,2,0,2,8,0,201800000209B01,7,14,1,200069037
201800000213,2018-06-14,2018,juin,jeudi,08:15,62,62811,50.63797,2.25655,2,3,5,1,1,3,2,02,1,1,,,1,0,1,4,2,13,2,3,2,0,2,4,1,201800000213B01,7,15,1,200069037
201800000213,2018-06-14,2018,juin,jeudi,08:15,62,62811,50.63797,2.25655,2,3,5,1,1,3,2,02,1,1,,,1,0,1,4,1,15,2,3,2,0,9,0,1,201800000213C01,7,15,1,200069037
201800000216,2018-10-17,2018,octobre,mercredi,14:50,62,62014,50.62565,2.34829,1,1,1,1,1,4,-1,02,1,4,,,1,0,1,3,1,11,5,2,2,0,2,7,1,201800000216A01,7,1,1,200069037
201800000222,2018-04-11,2018,avril,mercredi,15:45,80,80603,50.10796,1.61532,2,1,2,1,1,3,2,02,1,1,,,1,0,1,3,1,61,5,1,2,0,2,1,1,201800000222A01,1,2,1,200070944
201800000222,2018-04-11,2018,avril,mercredi,15:45,80,80603,50.10796,1.61532,2,1,2,1,1,3,2,02,1,1,,,1,0,1,1,1,57,5,1,2,0,0,4,2,201800000222B01,1,1,1,200070944
201800000284,2018-08-08,2018,août,mercredi,17:40,60,60638,49.35495,2.31735,1,1,7,1,1,3,2,02,1,1,,,1,0,1,4,1,15,5,3,2,0,2,0,1,201800000284B01,7,1,1,200067973
201800000285,2018-08-10,2018,août,vendredi,11:20,60,60313,49.36975,2.25588,1,1,1,1,1,4,2,02,2,3,,,1,0,1,3,1,21,5,1,2,0,2,1,1,201800000285B01,7,1,1,200067999
201800000311,2018-04-11,2018,avril,mercredi,09:15,60,60086,49.19394,2.32817,1,3,3,1,1,3,2,02,1,1,,,1,0,1,3,1,72,0,2,2,0,2,8,16,201800000311B01,7,1,1,200067973
201800000317,2018-10-20,2018,octobre,samedi,12:08,60,60139,49.16692,2.24852,2,6,6,1,1,3,2,02,1,2,,,1,5,1,3,1,67,0,2,2,3,0,1,15,201800000317A01,,,,200067973
201800000326,2018-07-18,2018,juillet,mercredi,08:40,60,60589,49.22083,2.46687,1,6,3,1,1,3,4,02,2,2,,,1,5,1,3,2,69,5,1,2,0,2,6,1,201800000326A01,7,12,1,200068047
201800000356,2018-06-21,2018,juin,jeudi,08:00,76,76239,49.54817,0.33492,1,1,1,1,1,3,2,02,1,1,,,1,0,1,2,1,83,5,1,2,0,2,8,13,201800000356B01,7,1,1,200084952
201800000361,2018-10-09,2018,octobre,mardi,11:00,76,76647,49.52947,0.3428,1,6,2,1,1,3,-1,01,1,2,,,1,0,1,3,1,80,5,1,2,0,0,4,16,201800000361B01,7,16,1,200084952
201800000390,2018-09-17,2018,septembre,lundi,18:25,76,76164,49.52344,0.74967,1,6,2,1,1,3,-1,01,1,1,,,1,0,1,3,2,59,5,2,2,0,2,4,1,201800000390B01,7,9,1,200010700
201800000414,2018-06-16,2018,juin,samedi,14:54,27,27165,48.96176,0.92378,2,3,7,1,1,3,2,02,2,1,,,9,0,3,3,2,65,3,2,2,0,0,0,0,201800000414A01,7,16,1,242700276
201800000416,2018-07-06,2018,juillet,vendredi,14:00,27,27602,49.0034,1.05848,1,1,2,1,1,3,2,02,1,1,,,1,0,1,3,1,13,5,2,9,0,2,6,13,201800000416B01,7,17,1,200071454
201800000428,2018-04-08,2018,avril,dimanche,12:40,27,27448,49.03252,1.39942,1,1,3,1,1,3,2,02,1,1,,,1,0,1,4,1,26,5,2,2,0,2,4,2,201800000428B01,10,2,1,200072312
201800000442,2018-06-03,2018,juin,dimanche,14:00,27,27016,49.25057,1.43906,2,1,1,1,7,4,2,02,2,3,,,1,0,1,3,1,14,5,2,2,0,2,0,19,201800000442B01,7,1,1,200072312
201800000456,2018-09-29,2018,septembre,samedi,08:40,27,27439,49.07842,1.16371,2,2,3,1,1,3,2,02,3,1,,,1,0,1,4,1,81,5,2,2,0,2,1,19,201800000456B01,7,21,1,200071454
201800000462,2018-05-07,2018,mai,lundi,14:35,27,27599,49.15294,1.40368,1,1,3,1,1,3,2,02,2,2,,,1,2,1,4,1,56,5,1,2,0,2,1,1,201800000462B01,7,13,1,200089456
201800000482,2018-09-06,2018,septembre,jeudi,07:10,27,27458,49.32146,1.23025,2,2,1,2,1,3,2,02,1,1,,,1,0,1,4,1,28,1,2,2,0,2,8,9,201800000482B01,10,13,1,200089456
201800000486,2018-11-13,2018,novembre,mardi,10:57,35,35047,48.02378,-1.75675,2,3,1,1,7,4,2,02,1,1,,,1,0,1,4,2,47,0,2,2,0,2,3,1,201800000486B01,7,13,1,243500139
201800000494,2018-06-02,2018,juin,samedi,16:25,35,35076,48.05876,-1.79446,1,1,2,1,1,3,2,02,1,1,,,1,0,1,3,1,22,5,2,4,0,2,4,1,201800000494B01,7,1,1,243500139
201800000495,2018-07-08,2018,juillet,dimanche,12:10,35,35080,48.10245,-1.87465,2,2,3,1,1,4,2,02,4,1,,,1,0,1,2,1,6,5,1,2,0,2,1,1,201800000495A01,7,1,1,243500139
201800000497,2018-11-24,2018,novembre,samedi,16:30,35,35037,48.06077,-1.87576,2,3,1,1,1,2,3,04,2,1,,,1,3,1,3,1,54,5,1,2,0,2,1,1,201800000497B01,7,15,1,243500618
201800000501,2018-07-14,2018,juillet,samedi,11:00,35,35164,48.35932,-1.60516,1,1,1,1,1,4,2,02,1,3,,,1,0,1,4,2,45,5,1,2,0,2,1,1,201800000501B01,7,13,1,200070688
201800000512,2018-03-10,2018,mars,samedi,15:35,35,35236,47.6576,-2.08427,2,6,3,1,1,3,2,01,3,2,,,1,5,1,3,1,57,5,1,2,0,2,7,1,201800000512B01,7,9,1,243500741
201800000568,2018-02-11,2018,février,dimanche,11:00,22,22273,48.55432,-2.5403,1,1,7,1,2,3,2,02,2,1,,,2,0,1,2,1,63,5,1,2,0,0,0,1,201800000568A01,,,,200069391
201800000569,2018-05-04,2018,mai,vendredi,18:00,22,22173,48.55272,-2.55751,1,2,3,1,9,4,2,02,1,1,,,1,0,1,3,1,59,1,1,2,0,2,3,0,201800000569A01,7,1,1,
201800000570,2018-05-06,2018,mai,dimanche,08:15,22,22081,48.48503,-2.646,2,1,7,1,1,3,2,02,1,1,,,1,0,3,3,1,78,5,1,2,0,0,0,1,201800000570A01,,,,200069409
201800000575,2018-07-18,2018,juillet,mercredi,21:00,22,22186,48.59337,-2.55083,2,2,3,1,1,4,1,01,2,1,,,1,0,1,3,1,10,5,2,2,0,2,1,1,201800000575A01,7,2,1,200069391
201800000576,2018-07-21,2018,juillet,samedi,08:40,22,22054,48.61468,-2.47999,2,1,7,1,1,4,2,02,2,2,,,2,0,1,3,1,34,5,2,2,0,0,0,1,201800000576A01,,,,200069391
201800000618,2018-07-08,2018,juillet,dimanche,17:30,22,22179,48.66299,-2.32582,1,1,3,1,1,3,2,02,1,3,,,1,0,1,3,1,67,5,2,2,0,2,7,13,201800000618A01,33,5,1,200068989
201800000620,2018-08-19,2018,août,dimanche,16:45,22,22179,48.6545,-2.37142,1,1,3,1,1,3,2,02,2,2,,,1,0,3,3,2,50,5,2,2,0,2,8,1,201800000620B01,7,1,1,200068989
201800000623,2018-10-20,2018,octobre,samedi,09:10,22,22282,48.58574,-2.2386,1,3,1,1,7,3,2,02,2,1,,,1,5,1,4,1,56,5,1,2,0,2,1,1,201800000623B01,7,15,1,200068989
201800000645,2018-03-03,2018,mars,samedi,11:30,29,29046,48.09563,-4.34364,2,1,6,1,1,4,2,02,2,1,,,1,0,1,4,1,56,5,1,2,0,1,1,1,201800000645A01,,,,242900645
201800000649,2018-07-13,2018,juillet,vendredi,14:40,29,29046,48.08982,-4.32553,2,1,6,1,1,4,2,02,2,1,,,1,0,1,3,1,59,0,2,2,0,2,1,1,201800000649B01,7,22,1,242900645
201800000651,2018-05-15,2018,mai,mardi,18:40,29,29058,47.89419,-4.00455,2,2,3,1,7,4,2,02,,,,,,5,1,4,1,57,5,1,2,0,2,1,1,201800000651B01,7,15,1,242900660
201800000666,2018-12-09,2018,décembre,dimanche,08:30,29,29045,48.42022,-4.25693,1,1,1,2,1,3,2,02,1,1,,,1,0,1,2,1,57,5,1,2,0,2,1,0,201800000666B01,7,0,1,242900801
201800000688,2018-07-18,2018,juillet,mercredi,11:15,56,56007,47.66552,-2.96731,2,1,7,1,1,3,3,02,2,2,,,1,0,3,3,2,75,5,2,2,12,0,7,0,201800000688A01,,,,200043123
201800000690,2018-08-13,2018,août,lundi,14:00,56,56046,47.61311,-3.01129,2,6,3,1,1,4,2,02,1,1,,,1,0,1,4,1,31,5,1,2,0,2,1,0,201800000690B01,7,0,1,200043123
201800000693,2018-09-03,2018,septembre,lundi,17:35,56,56176,47.69969,-2.90935,2,1,4,1,1,3,2,02,1,1,,,1,0,1,3,1,61,5,2,2,9,0,4,1,201800000693B01,7,1,2,200043123
201800000700,2018-07-12,2018,juillet,jeudi,14:40,56,56152,47.34757,-3.16026,2,2,3,1,1,3,2,02,2,1,,,1,0,1,3,2,50,1,2,2,0,2,7,1,201800000700A01,7,15,1,245600465
201800000715,2018-04-18,2018,avril,mercredi,08:30,14,14228,49.29959,-0.38097,2,6,3,1,1,3,2,02,1,3,,,1,0,1,4,1,69,3,3,2,0,2,1,2,201800000715B01,7,2,1,241400860
201800000722,2018-04-24,2018,avril,mardi,09:45,14,14488,49.27865,-0.25948,2,3,3,1,1,4,,,,,,,,,,3,1,12,2,3,2,0,2,1,19,201800000722A01,7,1,1,200065597
201800000733,2018-09-22,2018,septembre,samedi,09:30,14,14530,49.2285,-0.2442,1,2,3,1,1,3,2,02,1,1,,,2,0,1,4,2,40,5,1,2,0,2,1,1,201800000733A01,7,19,1,200065563
201800000736,2018-01-23,2018,janvier,mardi,18:35,14,14047,49.2797,-0.7088,2,1,3,5,2,3,1,02,1,1,0,62,2,0,1,4,2,38,1,1,4,1,0,1,1,201800000736B01,7,22,1,241400555
201800000739,2018-06-27,2018,juin,mercredi,12:00,14,14047,49.27651,-0.71866,2,2,3,1,1,4,,,,,,,,,,4,1,63,0,3,2,0,2,1,1,201800000739A01,7,19,1,241400555
201800000748,2018-12-17,2018,décembre,lundi,19:25,14,14732,49.29891,-0.68619,1,2,3,3,8,3,2,02,1,1,,,2,0,1,3,1,59,5,1,4,0,2,1,1,201800000748B01,13,15,1,241400555
201800000812,2018-01-23,2018,janvier,mardi,16:45,01,01053,46.20415,5.24072,2,1,3,1,1,4,2,02,1,1,0,60,1,0,4,4,2,55,1,2,2,0,2,1,1,201800000812A01,7,9,1,200071751
201800000813,2018-02-05,2018,février,lundi,13:40,01,01053,46.20372,5.21863,2,4,6,1,2,4,2,02,3,1,0,0,2,0,0,4,1,13,5,1,2,0,2,1,9,201800000813B01,7 / 99,9 / 0,2,200071751
201800000827,2018-05-25,2018,mai,vendredi,08:20,01,01053,46.19568,5.2176,2,1,3,1,7,4,1,01,2,1,,,1,0,3,3,1,49,1,1,2,0,2,1,1,201800000827B01,7,16,1,200071751
201800000864,2018-02-23,2018,février,vendredi,07:45,44,44204,47.26468,-1.44397,2,6,3,2,1,7,2,02,1,1,,,1,5,1,4,1,43,1,1,2,0,0,5,1,201800000864B01,7,16,1,244400404
201800000894,2018-09-05,2018,septembre,mercredi,18:55,44,44047,47.21151,-1.71321,2,2,3,1,1,4,2,02,2,1,,,1,0,1,3,1,11,5,1,2,0,2,2,19,201800000894B01,37,1,1,244400404