Num_Acc,date,an,mois,jour,hrmn,dep,com,lat,long,agg,int,col,lum,atm,catr,circ,nbv,prof,plan,lartpc,larrout,surf,infra,situ,grav,sexe,age,trajet,secuexist,equipement,obs,obsm,choc,manv,vehiculeid,typevehicules,manoeuvehicules,numVehicules,_infos_commune.code_epci
201800002269,2018-07-08,2018,juillet,dimanche,19:10,38,38445,45.05982,5.75249,1,4,3,1,1,2,2,02,2,2,,,1,0,1,4,1,25,5,2,2,0,2,1,1,201800002269B01,7,16,1,200040715
201800002281,2018-11-07,2018,novembre,mercredi,13:00,38,38200,45.09225,5.7355,1,1,3,1,1,4,2,02,1,1,,,1,0,1,4,1,46,5,1,2,0,2,1,1,201800002281B01,7,15,1,200040715
201800002291,2018-04-08,2018,avril,dimanche,11:00,38,38176,45.637,5.20249,1,1,5,1,1,3,2,02,1,3,,,1,0,1,4,1,59,5,1,2,1,0,0,1,201800002291D01,7,1 / 13,3,200068542
201800002308,2018-10-19,2018,octobre,vendredi,14:45,38,38539,45.87456,5.34525,1,1,3,1,7,3,2,02,1,3,,,1,0,5,3,2,66,5,3,2,16,2,0,1,201800002308B01,3,21,1,200068542
201800002311,2018-05-06,2018,mai,dimanche,11:00,38,38509,45.57407,5.43911,2,3,6,1,1,4,2,02,2,1,,,1,0,1,3,1,46,5,3,2,0,2,7,1,201800002311B01,7,15,1,200068567
201800002319,2018-11-12,2018,novembre,lundi,16:31,38,38162,45.6008,5.52772,1,1,2,1,7,3,2,02,2,1,,,1,0,1,3,1,78,5,1,2,0,2,6,2,201800002319B01,7,2,1,200068567
201800002327,2018-07-13,2018,juillet,vendredi,09:20,38,38110,45.58113,4.87915,2,2,3,1,1,3,3,02,2,1,,,1,0,1,4,1,70,5,1,2,0,2,8,1,201800002327B01,7,1,1,200077014
201800002334,2018-05-02,2018,mai,mercredi,16:30,38,38085,45.75346,5.14929,2,6,3,1,1,4,-1,02,1,2,,,1,5,1,4,1,74,5,1,2,0,2,5,1,201800002334B01,7,1,1,243800935
201800002344,2018-06-18,2018,juin,lundi,19:00,38,38051,45.32975,4.8874,1,1,3,1,1,3,2,02,1,1,,,1,0,1,2,1,58,5,2,2,0,2,4,2,201800002344B01,7,2,1,200085751
201800002362,2018-08-28,2018,août,mardi,16:02,42,42211,45.53245,4.23275,2,1,2,1,1,3,2,02,1,1,,,1,0,5,3,1,76,5,1,2,1,0,1,2,201800002362A01,15,23,1,200065886
201800002380,2018-08-30,2018,août,jeudi,11:50,42,42147,45.60442,4.07327,2,3,6,1,1,4,,,,,,,,,,4,1,82,0,1,2,0,2,7,1,201800002380B01,7,15,1,200065886
201800002381,2018-09-03,2018,septembre,lundi,18:00,42,42328,45.57662,3.99642,1,2,1,1,1,3,,,,,,,,,,3,1,67,5,1,2,0,2,1,1,201800002381B01,7,15,1,200065886
201800002383,2018-10-19,2018,octobre,vendredi,13:15,42,42147,45.60905,4.05509,2,6,3,1,1,3,2,02,1,1,,,1,5,1,4,1,63,5,1,2,0,0,5,1,201800002383B01,7,0,1,200065886
201800002404,2018-12-05,2018,décembre,mercredi,13:30,42,42304,45.54058,4.18744,2,2,3,1,1,3,1,01,1,1,,,1,0,1,3,1,70,5,1,2,0,2,1,1,201800002404A01,7,6,1,200065886
201800002417,2018-10-07,2018,octobre,dimanche,15:50,42,42214,45.67283,4.28382,1,1,5,1,1,4,-1,01,1,2,,,1,0,1,3,1,29,5,1,2,0,2,1,1,201800002417B01,7,1,1,200065894
201800002417,2018-10-07,2018,octobre,dimanche,15:50,42,42214,45.67283,4.28382,1,1,5,1,1,4,-1,01,1,2,,,1,0,1,4,1,26,5,1,2,0,2,1,1,201800002417C01,7,1,1,200065894
201800002430,2018-10-11,2018,octobre,jeudi,14:45,73,73155,45.64265,5.92794,2,3,3,1,1,3,2,02,1,1,,,1,0,1,3,2,72,5,1,2,0,2,8,2,201800002430B01,7,17,1,200068674
201800002442,2018-05-31,2018,mai,jeudi,12:00,73,73036,45.73159,6.10963,1,1,6,1,1,3,2,02,2,1,,,1,0,3,3,2,15,9,1,2,8,0,1,14,201800002442A01,,,,200069110
201800002444,2018-02-28,2018,février,mercredi,07:55,73,73179,45.59392,5.88667,1,1,3,1,1,3,3,04,1,1,,,1,5,1,3,1,17,1,2,2,0,2,5,1,201800002444A01,7,1,1,200069110
201800002446,2018-08-11,2018,août,samedi,08:46,73,73314,45.51262,6.13767,2,4,7,1,1,3,2,02,2,1,,,1,0,1,2,1,64,5,1,2,0,0,0,1,201800002446A01,,,,200041010
201800002458,2018-07-03,2018,juillet,mardi,17:30,73,73034,45.72135,6.56637,1,3,3,1,1,4,2,02,2,1,,,1,0,1,3,1,63,0,3,2,0,2,1,15,201800002458A01,7,1,1,200068997
201800002463,2018-06-29,2018,juin,vendredi,09:50,73,73054,45.61852,6.77089,2,6,3,1,1,3,1,01,1,2,,,1,5,1,3,1,70,5,1,2,15,2,3,1,201800002463B01,14,1,1,247300254
201800002468,2018-10-02,2018,octobre,mardi,16:00,73,73285,45.62029,6.78887,2,3,1,1,1,3,2,02,1,1,,,1,0,1,4,1,38,5,2,2,0,2,1,1,201800002468B01,7,15,1,247300254
201800002472,2018-06-25,2018,juin,lundi,08:55,73,73003,45.49946,6.51057,2,3,3,1,1,3,2,02,4,1,,,1,0,1,3,2,50,5,1,2,0,2,1,1,201800002472B01,7,19,1,247300015
201800002475,2018-07-15,2018,juillet,dimanche,11:45,73,73187,45.44113,6.37862,1,1,6,1,1,3,2,02,2,2,,,1,0,1,3,2,49,5,1,2,10,0,7,15,201800002475A01,,,,247300015
201800002482,2018-11-01,2018,novembre,jeudi,15:00,73,73003,45.50987,6.48942,2,9,3,1,2,3,2,02,2,1,,,1,0,1,4,1,57,5,1,2,0,2,1,1,201800002482B01,7,0,1,247300015
201800002483,2018-11-28,2018,novembre,mercredi,14:00,73,73187,45.53735,6.46716,1,1,2,1,1,3,2,02,1,1,,,1,0,1,4,2,14,5,2,2,0,2,4,2,201800002483B01,7,2,1,247300015
201800002487,2018-03-28,2018,mars,mercredi,13:30,73,73203,45.31764,6.32857,1,1,2,1,1,3,2,02,1,1,,,1,0,1,4,1,53,5,1,2,0,0,6,1,201800002487B01,7,1,1,
201800002490,2018-07-07,2018,juillet,samedi,02:00,73,73248,45.27592,6.34789,2,4,7,5,1,4,1,01,1,1,,,1,0,1,3,1,21,5,2,2,14,0,0,1,201800002490A01,,,,200070464
201800002495,2018-08-10,2018,août,vendredi,10:40,73,73248,45.27158,6.35147,2,3,3,1,1,3,2,02,1,1,,,1,0,1,3,1,85,5,1,2,0,2,6,1,201800002495A01,7,9,1,200070464
201800002514,2018-08-15,2018,août,mercredi,11:20,74,74136,45.96452,6.43794,1,1,2,1,1,3,2,02,3,1,,,1,0,1,3,1,66,5,1,2,0,0,4,2,201800002514B01,2,2,1,247400617
201800002528,2018-10-13,2018,octobre,samedi,19:00,74,74024,46.08195,6.43005,2,1,7,5,1,3,2,02,2,1,,,1,0,1,3,1,51,5,2,4,0,0,1,1,201800002528A01,,,,200000172
201800002530,2018-10-20,2018,octobre,samedi,21:40,74,74042,46.07176,6.46069,1,1,2,3,5,3,2,02,1,1,,,1,0,1,4,1,38,5,2,4,0,0,4,1,201800002530B01,7,1,1,200000172
201800002536,2018-08-03,2018,août,vendredi,10:50,74,74266,45.94527,6.78468,2,2,3,1,1,3,2,02,1,1,,,1,5,1,4,1,50,5,1,2,0,2,0,1,201800002536B01,7,1,1,200023372
201800002543,2018-07-22,2018,juillet,dimanche,15:50,74,74250,46.04662,6.37566,1,1,1,1,1,3,2,02,2,3,,,1,0,1,4,1,51,5,2,4,0,2,1,5,201800002543B01,7,1,1,247400724
201800002545,2018-08-18,2018,août,samedi,12:30,74,74116,46.05164,6.26726,1,1,3,1,1,3,2,01,1,1,,,1,0,1,3,1,57,5,1,2,0,2,4,2,201800002545B01,10,2,1,247400724
201800002550,2018-06-01,2018,juin,vendredi,22:30,74,74216,46.09336,6.09257,1,1,2,3,1,3,2,02,3,1,,,1,0,1,2,1,18,5,2,4,0,0,4,0,201800002550A01,7,0,1,247400690
201800002553,2018-10-20,2018,octobre,samedi,18:50,74,74016,46.13485,6.13364,2,9,3,5,1,4,2,02,2,3,,,1,0,1,3,1,28,0,2,4,0,2,1,1,201800002553B01,7,16,1,247400690
201800002562,2018-04-29,2018,avril,dimanche,13:50,74,74094,46.19961,6.28832,2,3,3,1,1,4,2,02,1,1,,,1,6,1,3,2,10,5,2,2,0,2,1,9,201800002562A01,7,1,1,200011773
201800002568,2018-06-17,2018,juin,dimanche,16:08,74,74185,46.15261,6.19197,2,1,2,1,1,3,2,02,1,1,,,1,0,1,3,1,45,5,1,2,0,2,1,2,201800002568B01,7,0,1,247400583
201800002578,2018-10-22,2018,octobre,lundi,13:50,74,74220,46.13085,6.26173,2,4,3,1,1,3,2,02,2,3,,,1,0,1,3,1,16,9,2,2,0,2,8,1,201800002578B01,7,15,1,247400583
201800002588,2018-08-16,2018,août,jeudi,14:05,74,74063,46.25631,6.82986,2,1,1,1,1,4,2,02,2,1,,,1,0,1,3,1,29,5,1,2,0,0,1,1,201800002588B01,10,19,1,200071967
201800002633,2018-05-21,2018,mai,lundi,17:25,03,03015,46.64538,3.20463,2,1,3,1,1,3,2,02,2,1,,,1,0,1,4,1,14,5,2,2,0,2,8,9,201800002633A01,7,1,1,200071140
201800002672,2018-06-20,2018,juin,mercredi,09:00,03,03113,46.03608,3.64714,1,1,7,1,1,3,2,02,4,1,,,1,0,1,2,1,78,5,1,2,0,0,0,0,201800002672A01,,,,200071363
201800002680,2018-07-15,2018,juillet,dimanche,10:10,03,03266,46.24918,3.47166,1,1,7,1,1,3,2,02,4,2,,,1,0,3,3,1,22,5,1,2,0,0,0,1,201800002680B01,7,15,1,200071470
201800002728,2018-05-22,2018,mai,mardi,14:15,57,57350,49.06321,6.0796,2,3,3,1,1,3,2,03,1,1,,,1,5,1,3,1,40,5,1,2,0,2,1,1,201800002728B01,10,15,1,200070738
201800002729,2018-07-29,2018,juillet,dimanche,16:45,57,57212,49.03133,6.11621,1,1,6,1,1,3,2,02,1,1,,,1,0,1,3,1,51,5,1,2,1,0,2,2,201800002729A01,7,23,1,200039865
201800002737,2018-04-07,2018,avril,samedi,11:30,57,57546,49.1669,6.11224,2,1,5,1,1,4,2,02,2,3,,,1,0,1,1,1,18,5,1,2,0,2,3,13,201800002737A01,7,1,1,200039949
201800002737,2018-04-07,2018,avril,samedi,11:30,57,57546,49.1669,6.11224,2,1,5,1,1,4,2,02,2,3,,,1,0,1,4,1,57,5,1,2,0,2,1,1,201800002737C01,7,1,1,200039949
201800002749,2018-06-25,2018,juin,lundi,19:35,57,57160,49.20179,6.69272,2,1,2,1,1,4,1,01,1,1,,,1,0,1,3,1,13,5,2,2,0,2,1,19,201800002749A01,7,1,1,245701164
201800002768,2018-05-07,2018,mai,lundi,20:15,57,57207,49.12388,6.87585,2,1,6,1,1,4,2,02,4,1,,,1,5,4,3,1,9,5,1,2,4,0,1,0,201800002768A01,,,,245700398
201800002832,2018-09-12,2018,septembre,mercredi,16:40,54,54370,48.81706,5.89055,1,1,7,1,1,4,2,02,4,2,,,1,0,1,3,1,55,5,1,2,0,0,0,2,201800002832A01,1,2,1,200070563
201800002832,2018-09-12,2018,septembre,mercredi,16:40,54,54370,48.81706,5.89055,1,1,7,1,1,4,2,02,4,2,,,1,0,1,3,1,51,5,1,2,0,0,1,2,201800002832B01,1,2,1,200070563
201800002837,2018-04-18,2018,avril,mercredi,13:30,55,55366,48.79054,5.06464,1,1,2,1,7,3,2,02,1,1,,,1,0,1,2,2,66,5,3,2,0,0,4,0,201800002837B01,7,2,1,200033025
201800002876,2018-09-20,2018,septembre,jeudi,11:05,88,88355,48.34825,6.35569,1,1,1,1,1,5,2,02,1,2,,,1,0,5,3,1,65,5,1,2,0,9,1,13,201800002876B01,1,13,1,200068757
201800002876,2018-09-20,2018,septembre,jeudi,11:05,88,88355,48.34825,6.35569,1,1,1,1,1,5,2,02,1,2,,,1,0,5,3,1,74,5,1,2,0,9,1,13,201800002876A01,1,13,1,200068757
201800002905,2018-07-28,2018,juillet,samedi,17:35,88,88196,48.064,6.85196,2,4,1,1,1,3,2,02,1,1,,,1,0,1,3,1,46,5,1,2,0,2,8,1,201800002905B01,7,15,1,200096642
201800002909,2018-04-04,2018,avril,mercredi,10:04,67,67397,48.31687,7.70515,2,6,2,1,1,4,3,02,1,3,,,2,0,1,4,1,63,0,3,2,0,2,5,1,201800002909B01,7,0,1,200067924
201800002923,2018-03-03,2018,mars,samedi,12:15,67,67130,48.42815,7.65991,2,3,1,1,1,4,,,,,,,,,,4,1,81,0,3,2,0,2,1,15,201800002923B01,7,1,1,200067924
201800002932,2018-07-23,2018,juillet,lundi,19:01,67,67348,48.46473,7.493,2,3,3,1,1,4,2,02,1,1,,,1,0,1,3,1,17,5,3,2,0,2,1,1,201800002932B01,7,1,1,246701080
201800002933,2018-08-06,2018,août,lundi,11:10,67,67348,48.452,7.48773,1,6,6,1,1,3,-1,01,1,3,,,1,0,1,4,2,45,5,1,2,0,2,1,1,201800002933A01,7,16,1,246701080
201800002938,2018-03-20,2018,mars,mardi,14:50,67,67067,48.72465,7.7143,1,3,1,1,1,3,2,02,2,1,,,1,0,1,3,1,50,5,1,2,0,2,8,15,201800002938A01,7,1,1,200067874
201800002941,2018-06-14,2018,juin,jeudi,10:00,67,67087,48.83445,7.67587,1,1,7,1,1,3,2,02,2,1,,,1,0,1,2,1,59,5,1,2,0,0,0,1,201800002941A01,,,,200067874
201800002942,2018-10-01,2018,octobre,lundi,10:00,67,67023,48.77866,7.71922,1,2,3,1,8,3,2,02,2,1,,,1,5,1,4,1,45,5,1,2,0,2,1,1,201800002942A01,7,19,1,200067874
201800002956,2018-06-23,2018,juin,samedi,18:00,67,67128,48.55709,7.56646,1,1,2,1,1,3,2,02,1,1,,,1,0,1,4,1,18,5,1,2,0,2,4,11,201800002956B01,7,13,1,246701064
201800002958,2018-07-10,2018,juillet,mardi,14:45,67,67127,48.57594,7.5351,1,1,1,1,1,9,2,02,1,1,,,1,0,1,1,1,53,5,3,2,0,9,1,1,201800002958A01,1,1,1,246701064
201800002958,2018-07-10,2018,juillet,mardi,14:45,67,67127,48.57594,7.5351,1,1,1,1,1,9,2,02,1,1,,,1,0,1,4,1,49,5,1,2,0,9,1,1,201800002958B01,1,1,1,246701064
201800002962,2018-08-29,2018,août,mercredi,06:40,67,67168,48.53756,7.43762,1,1,1,2,1,9,2,01,4,3,,,1,0,5,4,1,51,1,1,2,0,2,1,1,201800002962A01,1,13,1,246701064
201800002962,2018-08-29,2018,août,mercredi,06:40,67,67168,48.53756,7.43762,1,1,1,2,1,9,2,01,4,3,,,1,0,5,1,1,39,1,1,2,0,2,1,13,201800002962B01,1,1,1,246701064
201800002966,2018-10-15,2018,octobre,lundi,15:55,67,67112,48.52931,7.56764,2,3,1,1,1,4,,,,,,,,,,3,1,82,5,3,2,0,0,1,19,201800002966B01,7,15,1,246701064
201800002984,2018-07-26,2018,juillet,jeudi,20:50,67,67350,48.59548,7.63844,1,1,7,1,1,3,2,02,2,1,,,1,0,1,3,1,20,5,3,2,0,0,0,0,201800002984A01,,,,246700488
201800002986,2018-02-13,2018,février,mardi,14:45,67,67010,48.38793,7.42118,2,3,3,1,1,3,2,02,1,1,,,1,0,1,4,2,69,5,1,2,0,0,5,1,201800002986A01,7,1,1,200034270
201800002987,2018-05-07,2018,mai,lundi,15:30,67,67084,48.32596,7.42417,2,3,3,1,1,4,,,,,,,,,,3,1,58,5,1,2,0,2,1,1,201800002987B01,7,15,1,200034270
201800003000,2018-07-05,2018,juillet,jeudi,16:18,67,67351,48.96722,7.98779,2,1,1,1,1,3,2,02,1,1,,,2,0,1,4,1,18,2,1,2,1,2,2,14,201800003000B01,7,1,1,246700926
201800003020,2018-04-26,2018,avril,jeudi,15:15,68,68226,48.04025,7.13937,2,7,3,1,1,6,-1,00,1,2,0,60,1,0,1,4,1,25,5,2,4,0,2,1,16,201800003020B01,7,15,1,246800585
201800003029,2018-06-30,2018,juin,samedi,01:15,68,68311,47.97451,7.04779,1,1,6,3,1,3,2,02,2,2,0,55,1,0,3,3,1,46,5,1,4,0,6,9,1,201800003029A01,,,,246800585
201800003031,2018-07-26,2018,juillet,jeudi,22:30,68,68329,48.05347,7.1054,2,1,7,5,1,4,2,02,1,1,,,1,0,1,4,2,30,9,3,2,0,0,9,1,201800003031A01,,,,246800585
201800003035,2018-11-08,2018,novembre,jeudi,13:00,68,68193,48.03314,7.11154,2,1,2,1,1,3,2,02,2,1,,,1,0,1,4,1,77,5,2,2,0,2,4,15,201800003035B01,7,2,1,246800585
201800003068,2018-04-04,2018,avril,mercredi,17:30,68,68287,47.9563,7.29431,2,1,3,1,1,3,2,02,1,1,0,65,1,0,4,4,2,11,5,2,2,7,2,8,21,201800003068A01,7,1,1,246800494
201800003074,2018-11-21,2018,novembre,mercredi,07:30,68,68287,47.94587,7.27517,1,1,6,2,8,3,2,02,1,1,,,1,0,1,4,1,13,2,1,4,0,2,6,15,201800003074B01,7,2,1,246800494
201800003076,2018-04-03,2018,avril,mardi,13:15,68,68154,47.76504,7.3773,2,9,3,1,1,6,-1,00,1,1,0,0,1,0,1,4,1,24,1,3,2,0,2,1,1,201800003076A01,7,1,1,200066009
201800003096,2018-09-08,2018,septembre,samedi,13:40,68,68348,47.80787,7.11956,2,1,1,1,1,3,1,01,1,3,,,1,0,5,4,1,50,5,3,2,0,2,1,5,201800003096A01,1,1,1,200036465
201800003096,2018-09-08,2018,septembre,samedi,13:40,68,68348,47.80787,7.11956,2,1,1,1,1,3,1,01,1,3,,,1,0,5,3,1,66,5,1,2,0,0,1,1,201800003096B01,1,5,1,200036465
201800003100,2018-12-02,2018,décembre,dimanche,00:45,68,68372,47.85188,7.08008,1,1,2,3,8,2,2,02,1,1,,,1,0,1,3,1,16,5,3,2,0,2,4,1,201800003100B01,7,1,1,200036465
201800003106,2018-07-29,2018,juillet,dimanche,22:45,68,68063,47.80009,7.17482,2,9,3,5,1,3,2,02,2,1,,,1,0,1,4,2,18,1,2,2,0,0,8,19,201800003106A01,7,1,1,200036465
201800003119,2018-08-12,2018,août,dimanche,11:50,68,68247,47.93302,7.01073,1,1,5,1,1,3,2,02,2,3,,,9,0,1,4,1,13,5,1,2,0,2,1,1,201800003119A01,7,1,2,246800205
201800003121,2018-10-15,2018,octobre,lundi,08:45,68,68199,47.86611,7.03914,2,6,3,2,7,2,2,02,1,1,,,1,0,1,4,2,24,1,2,2,0,2,7,19,201800003121B01,7,1,1,246800205
201800003128,2018-06-09,2018,juin,samedi,16:15,08,08188,49.82238,4.82803,2,1,1,1,1,4,-1,02,1,1,,,1,0,1,4,1,70,5,2,2,0,0,4,1,201800003128B01,7,9,1,200041630
201800003173,2018-08-30,2018,août,jeudi,14:30,21,21021,47.3388,5.20083,1,6,3,1,1,3,1,01,1,2,,,1,0,1,4,1,78,5,1,2,0,2,2,12,201800003173B01,7,15,1,200069540
201800003178,2018-12-12,2018,décembre,mercredi,13:40,21,21038,47.2092,5.41479,1,2,3,1,1,3,2,02,4,1,,,1,0,1,3,1,71,5,1,2,0,2,1,1,201800003178B01,7,19,1,200070902
201800003196,2018-08-06,2018,août,lundi,08:45,21,21464,47.13608,4.95487,2,6,2,1,7,3,2,02,1,1,,,1,5,1,3,1,68,5,1,2,0,0,4,15,201800003196A01,7,1,1,200070894
201800003201,2018-03-05,2018,mars,lundi,16:15,58,58160,47.00185,3.0994,1,1,3,1,1,3,2,02,1,1,,,1,0,1,3,1,74,0,3,2,0,2,1,0,201800003201A01,10,1,1,245804406
201800003203,2018-07-30,2018,juillet,lundi,18:30,58,58214,47.07111,3.10497,2,1,3,1,1,3,2,02,1,1,,,1,0,1,3,1,68,5,3,2,0,0,3,1,201800003203B01,7,17,1,245804406
201800003205,2018-08-11,2018,août,samedi,00:40,58,58121,47.04218,3.0937,2,1,2,3,1,3,2,02,1,1,,,1,0,1,1,1,37,5,1,9,0,0,4,2,201800003205B01,7,2,1,245804406
201800003205,2018-08-11,2018,août,samedi,00:40,58,58121,47.04218,3.0937,2,1,2,3,1,3,2,02,1,1,,,1,0,1,4,2,4,5,1,2,0,0,4,2,201800003205B01,7,2,1,245804406
201800003214,2018-07-12,2018,juillet,jeudi,11:30,71,71574,46.37255,4.7318,1,1,3,1,1,3,2,02,1,3,,,1,0,1,4,1,74,5,1,2,0,2,8,1,201800003214B01,7,17,1,200070308
201800003232,2018-09-28,2018,septembre,vendredi,16:20,71,71328,46.6264,4.81199,1,1,1,1,7,4,2,02,1,3,,,1,0,1,2,2,33,5,1,9,0,2,1,1,201800003232B01,7,1,1,247103765
201800003255,2018-09-05,2018,septembre,mercredi,10:30,71,71453,46.23213,4.04063,1,2,1,1,1,4,2,02,1,1,,,1,0,1,3,1,74,5,1,2,0,2,2,1,201800003255A01,7,1,1,247100639
201800003264,2018-07-19,2018,juillet,jeudi,08:00,71,71342,46.45023,4.12784,2,2,3,1,1,3,2,02,2,1,,,1,5,1,3,1,68,5,1,2,0,2,1,1,201800003264B01,7,0,1,200071884
201800003299,2018-11-05,2018,novembre,lundi,18:20,89,89083,47.84662,3.48241,1,1,2,3,1,3,2,02,1,1,,,2,0,3,3,1,66,5,2,2,0,2,6,2,201800003299B01,7,2,1,200067114
201800003304,2018-05-24,2018,mai,jeudi,16:35,89,89206,47.98089,3.39901,2,1,6,1,1,3,2,02,1,1,,,1,0,1,3,1,65,5,2,9,1,0,0,0,201800003304B01,7,22,1,248900938
201800003306,2018-09-07,2018,septembre,vendredi,19:15,89,89206,47.97467,3.35987,1,1,2,2,1,3,2,02,1,1,,,1,0,3,4,1,62,5,2,2,0,2,4,0,201800003306B01,7,0,1,248900938
201800003325,2018-02-09,2018,février,vendredi,12:25,25,25632,47.47855,6.76748,2,1,3,1,8,3,2,02,1,1,,,1,0,1,4,1,56,1,1,4,0,2,1,19,201800003325B01,7,1,1,200065647
201800003326,2018-05-19,2018,mai,samedi,13:25,25,25048,47.48352,6.72394,2,9,3,1,1,4,2,02,1,1,,,1,0,1,3,1,10,5,1,2,0,2,8,19,201800003326B01,7,1,1,200065647
201800003352,2018-12-18,2018,décembre,mardi,15:50,04,04070,44.0919,6.23141,2,7,3,1,1,4,2,01,1,1,0,0,1,0,3,3,2,58,5,1,2,0,2,4,9,201800003352B01,7,15,1,200067437
201800003444,2018-06-10,2018,juin,dimanche,10:30,13,13048,43.59688,5.64524,1,1,6,1,1,3,2,02,1,1,,,1,0,1,3,1,49,5,1,2,0,9,3,13,201800003444B01,33,1,1,200054807
201800003460,2018-08-31,2018,août,vendredi,08:35,13,13015,43.45403,5.40139,2,1,2,1,1,3,2,02,1,1,,,1,0,5,2,1,71,5,1,2,0,0,4,2,201800003460B01,10,2,1,200054807
201800003468,2018-01-04,2018,janvier,jeudi,17:50,13,13004,0,0,1,1,2,3,1,3,2,02,1,-1,0,60,1,0,3,2,2,17,5,2,4,0,0,4,1,201800003468B01,7,14,1,241300417
201800003483,2018-05-25,2018,mai,vendredi,18:00,13,13027,43.88505,4.84948,2,2,2,1,1,3,2,02,1,3,,,1,0,1,3,2,81,5,3,2,0,2,1,9,201800003483B01,7,9,1,200035087
201800003485,2018-07-22,2018,juillet,dimanche,10:40,13,13027,43.85833,4.84207,1,2,3,1,1,3,2,02,1,1,,,1,5,1,3,1,44,5,3,2,0,2,1,1,201800003485B01,7,1,1,200035087
201800003501,2018-06-03,2018,juin,dimanche,11:15,13,13097,43.64272,4.79963,1,6,3,1,1,3,1,01,1,2,,,1,0,1,4,1,84,5,3,2,0,2,1,16,201800003501A01,7,15,1,241300417
201800003528,2018-09-23,2018,septembre,dimanche,10:50,13,13030,43.2758,5.70389,1,1,1,1,1,2,2,02,2,4,,,1,0,1,4,1,60,5,3,2,0,2,1,5,201800003528A01,7,1,1,200054807
201800003533,2018-02-08,2018,février,jeudi,11:35,13,13022,43.23698,5.55939,1,1,1,1,1,3,2,02,2,3,,,1,0,1,2,1,68,5,2,4,0,2,1,13,201800003533A01,15,1,1,200054807
201800003551,2018-12-05,2018,décembre,mercredi,13:00,13,13101,43.4123,5.52476,2,3,3,1,1,3,1,01,1,1,,,1,5,1,3,1,76,5,1,2,0,2,2,1,201800003551B01,7,15,1,200054807
201800003562,2018-07-26,2018,juillet,jeudi,09:15,13,13016,43.39432,5.5877,2,3,3,1,1,4,2,02,1,1,,,1,0,1,3,1,12,0,3,2,0,2,1,19,201800003562B01,7,1,1,200054807
201800003568,2018-05-20,2018,mai,dimanche,10:00,13,13092,43.52744,5.06977,2,3,3,1,1,3,2,02,2,1,,,1,5,1,3,1,69,5,1,2,0,2,4,1,201800003568B01,7,15,1,200054807
201800003605,2018-10-11,2018,octobre,jeudi,10:45,13,13081,43.50432,5.22068,1,6,2,1,1,3,,,,,,,,,,3,1,67,5,2,9,0,2,4,1,201800003605B01,7,9,1,200054807
201800003609,2018-03-23,2018,mars,vendredi,16:30,13,13084,43.70859,5.36242,1,3,3,1,1,3,2,02,1,1,,,1,0,1,3,1,64,5,1,2,0,2,1,1,201800003609B01,7,15,1,200054807
201800003611,2018-07-08,2018,juillet,dimanche,05:00,13,13050,43.66826,5.23622,1,1,7,2,1,4,2,01,2,3,,,1,0,1,2,1,67,5,2,2,0,0,0,1,201800003611A01,,,,200054807
201800003673,2018-12-20,2018,décembre,jeudi,15:10,05,05166,44.41548,5.71211,1,1,1,1,1,3,2,02,1,2,,,1,0,1,4,1,70,5,1,2,0,2,1,0,201800003673B01,7,13,1,200068765
201800003682,2018-09-12,2018,septembre,mercredi,10:10,05,05063,45.04651,6.31163,1,4,1,1,1,3,-1,02,2,3,,,1,0,1,4,1,51,5,1,2,0,2,1,1,201800003682A01,7,15,1,240500439
201800003687,2018-07-02,2018,juillet,lundi,15:00,05,05065,44.66037,6.65862,2,1,3,1,1,3,2,02,2,1,,,1,0,1,4,1,18,5,1,2,0,2,1,1,201800003687B01,7,19,1,200067452
201800003688,2018-07-28,2018,juillet,samedi,13:10,05,05136,44.70836,6.58982,2,1,3,1,3,3,2,02,2,4,,,2,0,1,3,2,51,5,1,2,0,2,1,16,201800003688A01,7,1,1,200067452
201800003706,2018-10-22,2018,octobre,lundi,16:40,06,06117,43.82039,7.23904,2,1,7,1,1,9,-1,01,2,1,,,1,0,1,3,1,14,5,2,2,0,0,0,0,201800003706A01,,,,200030195
201800003720,2018-04-14,2018,avril,samedi,17:00,06,06157,43.72452,7.10491,2,1,3,1,1,7,2,02,1,1,,,1,0,1,4,1,49,5,1,2,1,0,1,2,201800003720B01,7,22,1,200030195
201800003725,2018-06-29,2018,juin,vendredi,07:45,06,06157,43.72489,7.10348,2,4,1,1,1,7,2,02,2,2,,,1,0,1,3,1,38,5,2,2,0,2,8,1,201800003725B01,7,15,1,200030195
201800003727,2018-08-02,2018,août,jeudi,10:20,06,06017,43.80839,7.0988,1,1,6,1,1,3,2,02,2,1,,,1,0,1,3,1,66,5,1,2,0,0,1,2,201800003727A01,1,2,2,240600585
201800003727,2018-08-02,2018,août,jeudi,10:20,06,06017,43.80839,7.0988,1,1,6,1,1,3,2,02,2,1,,,1,0,1,3,1,73,5,1,2,0,0,1,2,201800003727B01,1,2,2,240600585