Num_Acc,date,an,mois,jour,hrmn,dep,com,lat,long,agg,int,col,lum,atm,catr,circ,nbv,prof,plan,lartpc,larrout,surf,infra,situ,grav,sexe,age,trajet,secuexist,equipement,obs,obsm,choc,manv,vehiculeid,typevehicules,manoeuvehicules,numVehicules,_infos_commune.code_epci
201800011458,2018-07-29,2018,juillet,dimanche,08:40,28,28240,48.49163,1.0192,1,1,4,1,1,3,2,02,1,1,,,1,0,1,3,1,74,5,1,2,13,2,4,2,201800011458B01,7,2,1,200070167
201800011467,2018-11-02,2018,novembre,vendredi,09:57,27,27350,48.8183,1.26837,2,9,1,1,1,3,2,02,1,3,,,1,0,1,4,1,78,3,3,2,0,0,8,0,201800011467B01,7,15,1,200071454
201800011492,2018-06-18,2018,juin,lundi,17:25,27,27462,49.09,0.4283,1,3,1,1,1,3,2,02,1,1,,,1,0,1,2,1,85,5,2,2,0,2,3,15,201800011492B01,10,1,1,200066017
201800011495,2018-09-28,2018,septembre,vendredi,18:00,27,27463,49.13486,0.63081,1,1,2,1,1,4,2,02,2,2,,,1,0,1,3,1,14,2,2,2,0,2,4,1,201800011495A01,99,1,1,200066413
201800011497,2018-10-06,2018,octobre,samedi,10:00,27,27629,49.14462,0.44965,1,6,3,1,7,3,,,,,,,,,,3,2,67,5,1,2,0,0,6,2,201800011497B01,7,2,1,200066017
201800011500,2018-12-26,2018,décembre,mercredi,15:00,27,27207,49.10208,0.43461,1,1,3,1,1,3,2,02,1,1,,,1,0,1,3,1,74,5,2,2,0,2,8,2,201800011500B01,7,2,1,200066017
201800011501,2018-12-31,2018,décembre,lundi,10:05,27,27547,49.05243,0.40819,1,1,2,1,2,3,2,02,1,1,,,2,0,1,3,1,66,5,1,2,0,0,4,1,201800011501B01,7,13,1,200066017
201800011553,2018-09-19,2018,septembre,mercredi,08:30,27,27467,49.35014,0.52062,2,6,3,1,1,3,1,02,1,2,,,1,0,1,4,2,35,1,2,2,0,2,1,1,201800011553B01,7,9,1,200065787
201800011565,2018-10-31,2018,octobre,mercredi,07:45,27,27661,49.35734,0.874,1,1,3,1,1,4,2,02,1,1,,,1,0,1,4,1,18,1,2,2,0,2,8,1,201800011565B01,10,17,1,200066405
201800011574,2018-06-28,2018,juin,jeudi,17:50,27,27435,49.28253,0.52371,1,2,3,1,1,3,,,,,,,,,,3,2,79,5,2,2,0,2,8,15,201800011574B01,7,17,1,200066017
201800011607,2018-07-04,2018,juillet,mercredi,10:15,85,85246,46.74719,-1.20136,1,1,6,1,1,3,2,02,1,1,,,1,0,1,3,1,76,5,1,2,0,9,1,1,201800011607A01,,,,248500340
201800011612,2018-10-05,2018,octobre,vendredi,11:20,85,85202,46.72727,-1.08873,1,2,3,1,7,4,2,02,1,1,,,1,0,1,2,1,77,5,1,2,0,2,1,1,201800011612B01,7,1,1,248500340
201800011641,2018-01-13,2018,janvier,samedi,07:45,85,85001,46.33399,-1.30435,2,9,3,2,1,4,2,02,1,1,,,1,0,1,3,1,91,5,2,9,0,2,2,1,201800011641B01,7,1,1,200073260
201800011648,2018-07-28,2018,juillet,samedi,20:45,85,85049,46.38353,-1.14507,2,1,2,1,1,3,2,02,1,1,,,1,0,1,3,1,82,5,2,4,0,2,6,1,201800011648B01,7,1,1,200073260
201800011664,2018-09-02,2018,septembre,dimanche,10:13,85,85132,46.33989,-0.77161,1,2,2,1,1,3,2,02,1,1,,,1,0,1,4,1,52,5,1,2,0,0,4,23,201800011664B01,7,1,1,248500563
201800011666,2018-08-30,2018,août,jeudi,16:50,85,85092,46.4639,-0.79226,2,7,3,1,1,4,-1,02,1,1,,,1,0,1,4,2,48,0,2,9,0,2,7,0,201800011666B01,10,0,1,200071934
201800011669,2018-03-25,2018,mars,dimanche,12:30,85,85264,46.67701,-0.68935,1,1,7,1,1,3,2,02,2,1,,,1,0,1,3,1,17,5,2,9,13,0,0,1,201800011669A01,,,,248500415
201800011717,2018-06-20,2018,juin,mercredi,09:30,85,85029,46.99644,-1.99757,1,1,4,1,1,3,2,02,1,1,,,1,0,1,3,1,66,5,1,2,0,9,9,1,201800011717B01,1,1,4,200071629
201800011717,2018-06-20,2018,juin,mercredi,09:30,85,85029,46.99644,-1.99757,1,1,4,1,1,3,2,02,1,1,,,1,0,1,3,1,72,5,1,2,0,9,9,1,201800011717A01,1,1,4,200071629
201800011717,2018-06-20,2018,juin,mercredi,09:30,85,85029,46.99644,-1.99757,1,1,4,1,1,3,2,02,1,1,,,1,0,1,4,1,62,5,1,2,0,9,9,1,201800011717D01,1,1,4,200071629
201800011717,2018-06-20,2018,juin,mercredi,09:30,85,85029,46.99644,-1.99757,1,1,4,1,1,3,2,02,1,1,,,1,0,1,4,1,67,5,1,2,0,9,9,1,201800011717E01,1,1,4,200071629
201800011717,2018-06-20,2018,juin,mercredi,09:30,85,85029,46.99644,-1.99757,1,1,4,1,1,3,2,02,1,1,,,1,0,1,4,1,67,5,1,2,0,9,9,1,201800011717C01,1,1,4,200071629
201800011723,2018-09-29,2018,septembre,samedi,00:48,85,85029,46.97096,-2.00002,2,9,1,5,1,3,2,02,1,1,,,1,0,1,3,1,18,5,2,4,0,2,1,15,201800011723B01,7,1,1,200071629
201800011730,2018-06-23,2018,juin,samedi,11:15,04,04040,44.1894,6.14144,1,1,6,1,1,3,2,02,2,2,,,1,0,1,3,1,54,5,1,2,0,5,1,1,201800011730A01,,,,200067437
201800011761,2018-09-08,2018,septembre,samedi,10:05,04,04108,44.0432,6.02988,1,6,2,1,7,3,1,01,1,2,,,1,0,1,4,1,69,5,1,2,0,0,4,2,201800011761B01,7,2,1,200067437
201800011768,2018-12-08,2018,décembre,samedi,10:30,04,04013,44.1138,5.9505,1,1,5,1,9,3,2,02,1,1,0,0,1,0,1,1,1,45,5,2,2,0,0,8,1,201800011768C01,21,17,1,200071033
201800011768,2018-12-08,2018,décembre,samedi,10:30,04,04013,44.1138,5.9505,1,1,5,1,9,3,2,02,1,1,0,0,1,0,1,4,1,36,5,1,2,0,0,8,1,201800011768B01,21,17,1,200071033
201800011796,2018-06-12,2018,juin,mardi,10:10,04,04124,43.7359,6.07972,1,1,6,1,1,4,2,02,1,1,,,1,0,3,3,1,68,5,1,2,2,0,0,1,201800011796A01,,,,200034700
201800011797,2018-06-30,2018,juin,samedi,09:30,04,04144,43.7727,6.32513,1,1,3,1,1,3,2,02,2,3,,,1,0,1,4,1,57,5,1,2,0,2,3,1,201800011797B01,7,17,1,200068625
201800011818,2018-07-31,2018,juillet,mardi,08:35,04,04045,43.8565,5.59219,2,1,3,1,1,4,2,02,2,1,,,1,0,1,4,1,71,5,1,2,0,2,1,1,201800011818B01,7,13,1,200040624
201800011827,2018-05-23,2018,mai,mercredi,13:00,04,04065,44.1182,5.82193,1,1,7,1,2,3,2,02,2,1,,,2,0,1,2,1,61,5,1,2,0,0,0,0,201800011827A01,,,,240400440
201800011836,2018-07-05,2018,juillet,jeudi,09:53,04,04139,44.1695,5.82238,1,1,4,1,1,3,2,02,2,1,,,1,0,1,4,1,49,4,1,2,0,2,1,2,201800011836A01,1,2,2,200071033
201800011836,2018-07-05,2018,juillet,jeudi,09:53,04,04139,44.1695,5.82238,1,1,4,1,1,3,2,02,2,1,,,1,0,1,3,1,42,4,1,2,0,2,1,2,201800011836B01,1,2,2,200071033
201800011836,2018-07-05,2018,juillet,jeudi,09:53,04,04139,44.1695,5.82238,1,1,4,1,1,3,2,02,2,1,,,1,0,1,1,1,52,4,1,2,0,2,4,2,201800011836C01,1,2,2,200071033
201800011851,2018-09-24,2018,septembre,lundi,13:45,24,24026,45.17329,0.81516,1,1,3,1,1,4,2,02,2,2,,,1,0,1,3,1,51,1,2,2,0,9,0,1,201800011851B01,31,2,1,200040392
201800011889,2018-09-11,2018,septembre,mardi,10:25,24,24451,45.5153,0.64667,1,2,3,1,1,3,2,02,1,1,,,1,0,1,3,1,63,5,1,2,0,2,0,15,201800011889A01,10,1,1,200071819
201800011924,2018-07-09,2018,juillet,lundi,09:15,24,24412,44.99392,1.25337,2,2,3,1,1,3,,,,,,,,,,3,1,61,5,1,2,0,2,0,16,201800011924A01,7,0,1,200040830
201800011962,2018-08-21,2018,août,mardi,12:00,40,40274,43.92839,-0.63963,2,3,3,1,1,3,2,02,1,1,,,1,0,1,4,1,65,5,1,2,0,2,1,1,201800011962B01,7,15,1,244000808
201800011993,2018-09-14,2018,septembre,vendredi,11:45,40,40284,43.65581,-1.30106,1,1,3,1,1,3,2,02,1,3,,,1,0,1,3,1,76,5,1,9,0,2,0,2,201800011993B01,7,17,1,244000865
201800012007,2018-04-29,2018,avril,dimanche,09:00,40,40046,44.45197,-1.1075,1,3,3,1,1,3,2,02,1,1,,,1,0,1,4,1,42,5,1,2,0,2,1,1,201800012007B01,7,16,1,244000873
201800012018,2018-10-05,2018,octobre,vendredi,16:00,40,40333,43.99223,-0.70297,1,1,3,1,1,3,2,02,1,2,,,1,0,1,3,1,56,5,1,2,0,2,6,1,201800012018B01,10,2,1,244000691
201800012037,2018-08-26,2018,août,dimanche,20:10,40,40228,43.62823,-0.82802,2,3,3,2,1,3,2,02,1,1,,,-1,0,0,4,1,47,5,2,4,0,2,8,1,201800012037B01,7,15,1,244000881
201800012061,2018-07-28,2018,juillet,samedi,09:15,21,21128,47.26295,4.50957,1,1,7,1,1,4,2,02,1,1,,,1,0,3,3,2,71,5,1,2,16,0,0,1,201800012061A01,,,,200071207
201800012072,2018-10-13,2018,octobre,samedi,10:40,21,21366,47.11416,5.18799,1,2,3,1,1,3,2,02,1,1,,,1,0,1,3,1,56,5,1,2,0,2,1,1,201800012072A01,7,1,1,242101509
201800012132,2018-12-27,2018,décembre,jeudi,16:00,21,21271,47.52635,4.46959,1,1,7,1,1,3,2,02,1,1,,,1,0,1,2,1,59,5,1,2,0,0,0,1,201800012132A01,,,,242101459
201800012137,2018-11-02,2018,novembre,vendredi,18:55,53,53141,48.06543,-0.6247,1,6,3,5,1,3,1,02,1,3,,,1,0,1,4,1,28,5,1,2,0,2,5,1,201800012137B01,7,9,1,200083392
201800012138,2018-12-29,2018,décembre,samedi,11:30,53,53264,48.00631,-0.33041,1,1,6,1,1,4,2,02,1,1,,,1,0,1,4,1,34,5,1,2,0,5,1,1,201800012138A01,,,,200033298
201800012140,2018-01-11,2018,janvier,jeudi,12:10,53,53097,48.15057,-0.3837,2,6,3,1,1,3,-1,01,1,1,,,2,5,1,3,2,67,1,3,2,0,2,7,1,201800012140B01,7,9,1,200033298
201800012145,2018-07-16,2018,juillet,lundi,07:00,53,53207,48.13026,-0.43878,1,1,2,1,7,3,2,02,2,1,,,1,0,1,3,1,35,1,3,2,0,0,4,2,201800012145B01,7,2,1,
201800012149,2018-04-05,2018,avril,jeudi,15:15,53,53015,48.16934,-0.9444,1,1,2,1,1,3,2,02,2,1,,,1,0,1,3,1,83,5,1,2,0,0,4,1,201800012149B01,7,17,1,245300355
201800012152,2018-05-29,2018,mai,mardi,18:50,53,53137,48.0628,-0.93457,2,2,3,1,1,3,2,02,1,1,,,1,5,1,4,1,7,5,3,2,0,2,1,19,201800012152A01,7,13,1,200083392
201800012161,2018-06-08,2018,juin,vendredi,09:00,53,53078,47.78629,-0.64231,1,1,2,1,1,3,2,02,1,1,,,1,0,1,3,1,81,5,1,2,0,0,4,1,201800012161B01,7,2,1,245300447
201800012174,2018-07-22,2018,juillet,dimanche,08:30,53,53188,47.79481,-1.06092,2,6,3,1,7,3,2,02,1,2,,,1,0,1,3,2,84,5,3,2,0,2,2,1,201800012174B01,7,9,1,200048551
201800012188,2018-07-06,2018,juillet,vendredi,11:45,53,53147,48.28577,-0.62305,2,6,3,1,7,3,1,02,1,2,,,1,0,1,2,1,66,0,3,2,0,2,7,1,201800012188B01,7,1,1,200055887
201800012192,2018-08-21,2018,août,mardi,18:35,53,53146,48.19623,-0.66653,1,6,7,1,1,3,2,02,2,1,,,8,0,1,3,1,52,5,1,2,0,0,7,1,201800012192A01,,,,200055887
201800012199,2018-02-22,2018,février,jeudi,13:55,53,53107,48.41103,-0.80581,2,6,3,1,1,3,1,01,1,1,,,1,0,1,3,1,79,5,3,2,0,0,4,1,201800012199B01,7,9,1,245300389
201800012201,2018-07-07,2018,juillet,samedi,11:55,53,53096,48.29847,-0.93804,2,1,6,1,1,4,2,02,2,1,,,1,0,1,3,1,67,5,1,2,0,2,1,13,201800012201B01,7,13,1,245300355
201800012217,2018-10-25,2018,octobre,jeudi,16:15,53,53112,48.37052,-0.35132,1,9,6,1,1,4,2,02,2,3,,,1,0,1,3,1,60,5,1,2,0,5,2,0,201800012217A01,,,,200042182
201800012232,2018-01-18,2018,janvier,jeudi,13:15,07,07288,44.71779,4.56759,1,3,3,1,1,3,2,02,1,1,,,1,0,1,4,2,57,1,3,2,0,2,1,1,201800012232B01,7,16,1,200071413
201800012242,2018-06-17,2018,juin,dimanche,11:35,07,07349,44.80941,4.78303,2,1,6,1,1,4,2,02,2,3,,,1,0,4,3,1,59,5,1,2,1,0,1,13,201800012242A01,,,,200071413
201800012252,2018-11-10,2018,novembre,samedi,12:25,07,07349,44.80706,4.78403,2,1,2,1,1,3,2,02,1,1,,,1,0,1,4,1,42,5,1,2,0,2,1,1,201800012252B01,7,1,1,200071413
201800012264,2018-12-03,2018,décembre,lundi,10:00,07,07300,44.50298,4.62947,2,6,1,1,2,3,2,02,1,3,,,2,0,1,4,2,61,0,3,2,0,2,0,0,201800012264B01,7,16,1,200071405
201800012275,2018-12-26,2018,décembre,mercredi,16:25,07,07199,44.49276,4.26156,1,6,2,1,7,3,4,03,1,1,,,1,0,1,3,2,43,5,1,2,0,2,4,14,201800012275B01,7,1,1,240700302
201800012325,2018-07-13,2018,juillet,vendredi,10:20,07,07197,45.21159,4.65987,1,1,1,1,1,3,2,02,1,1,,,1,0,3,2,1,79,5,1,2,0,2,1,1,201800012325B01,7,1,1,200072015
201800012329,2018-07-27,2018,juillet,vendredi,10:35,07,07344,45.32291,4.69603,1,1,6,1,1,3,2,02,2,1,,,1,0,1,3,1,65,5,3,2,0,0,8,0,201800012329A01,,,,200072015
201800012356,2018-06-23,2018,juin,samedi,11:50,07,07114,45.03169,4.49434,1,1,7,1,1,3,2,01,1,1,,,1,0,1,3,1,48,5,1,2,0,0,0,1,201800012356C01,7,2,1,200016905
201800012356,2018-06-23,2018,juin,samedi,11:50,07,07114,45.03169,4.49434,1,1,7,1,1,3,2,01,1,1,,,1,0,1,1,1,49,5,1,2,0,0,1,1,201800012356B01,7,2,1,200016905
201800012379,2018-07-01,2018,juillet,dimanche,10:15,16,16263,45.53056,0.04067,1,2,3,1,1,3,2,02,2,1,55,107,1,5,1,3,1,47,5,1,4,0,2,1,1,201800012379A01,7,1,1,200071827
201800012396,2018-02-21,2018,février,mercredi,15:55,16,16379,45.78861,0.41803,1,6,2,1,1,3,1,01,1,2,140,85,1,5,1,4,1,62,5,1,9,0,2,4,1,201800012396B01,10,9,1,200068914
201800012455,2018-10-19,2018,octobre,vendredi,01:50,16,16268,45.9699,0.27648,1,1,7,3,1,4,2,02,2,1,0,36,1,0,1,3,1,59,5,2,4,0,0,0,2,201800012455A01,,,,200043016
201800012483,2018-03-25,2018,mars,dimanche,16:40,36,36018,46.62717,1.08672,2,1,3,1,1,4,2,02,3,1,,,1,0,1,1,1,55,5,1,2,0,9,2,1,201800012483A01,1,1,1,243600319
201800012483,2018-03-25,2018,mars,dimanche,16:40,36,36018,46.62717,1.08672,2,1,3,1,1,4,2,02,3,1,,,1,0,1,3,1,64,5,1,2,0,9,3,1,201800012483B01,1,1,1,243600319
201800012491,2018-08-05,2018,août,dimanche,08:00,36,36231,46.73706,1.66794,1,1,3,1,1,3,2,02,1,1,,,1,0,1,3,1,81,5,1,2,0,2,8,2,201800012491B01,7,17,1,200068872
201800012492,2018-08-18,2018,août,samedi,10:30,36,36049,46.51113,1.42478,1,1,7,1,7,3,2,02,2,3,,,1,0,1,3,2,63,5,1,2,0,0,0,0,201800012492A01,,,,243600319
201800012494,2018-09-02,2018,septembre,dimanche,09:00,36,36062,46.4808,1.61402,1,1,1,1,1,3,2,02,2,4,0,0,1,0,1,3,1,79,5,1,2,0,2,1,13,201800012494A01,7,1,1,200068872
201800012498,2018-07-10,2018,juillet,mardi,09:47,10,10140,48.09496,3.86129,1,1,3,1,1,2,2,02,2,1,,,1,0,3,3,1,59,3,1,2,0,0,6,14,201800012498B01,10,13,1,200071041
201800012560,2018-04-19,2018,avril,jeudi,09:30,10,10323,48.50955,3.72435,2,2,3,1,7,4,2,02,1,1,,,1,0,1,3,1,70,5,1,2,0,0,8,1,201800012560B01,7,1,1,200000545
201800012564,2018-07-08,2018,juillet,dimanche,19:10,10,10323,48.51057,3.72573,1,1,3,1,1,3,2,02,1,1,,,1,0,1,4,1,10,0,3,2,0,0,2,13,201800012564A01,7,17,1,200000545
201800012603,2018-08-01,2018,août,mercredi,12:45,43,43181,45.09,4.02125,1,1,3,1,1,3,2,02,2,3,0,60,1,0,1,3,1,75,5,1,2,0,2,3,13,201800012603A01,7,1,1,200073419
201800012613,2018-05-18,2018,mai,vendredi,09:45,43,43112,45.0902,3.49444,1,3,3,1,1,3,2,02,2,2,0,70,1,0,1,3,1,84,5,1,2,0,2,1,1,201800012613B01,10,15,1,200073393
201800012618,2018-10-22,2018,octobre,lundi,10:09,43,43112,0,0,2,2,3,1,1,4,2,02,2,1,0,50,1,0,1,4,1,18,5,3,8,0,2,1,1,201800012618A01,7,16,1,200073393
201800012644,2018-07-26,2018,juillet,jeudi,08:45,43,43012,0,0,1,1,1,1,1,4,2,02,1,3,0,30,1,0,1,3,1,23,5,1,2,0,2,1,13,201800012644A01,7,1,1,244301131
201800012646,2018-09-28,2018,septembre,vendredi,11:15,43,43012,0,0,2,1,3,1,7,4,2,02,2,2,0,40,1,0,1,3,1,35,5,1,2,0,2,1,1,201800012646B01,14,17,1,244301131
201800012650,2018-03-16,2018,mars,vendredi,12:00,43,43184,0,0,1,1,6,1,1,4,2,02,1,1,0,49,1,0,1,4,1,65,5,1,2,0,1,1,1,201800012650A01,,,,244301131
201800012663,2018-06-07,2018,juin,jeudi,17:00,43,43244,45.1174,4.2881,2,1,6,1,2,3,2,02,1,1,0,50,2,0,1,2,1,87,5,1,2,0,0,0,1,201800012663A01,,,,244301107
201800012676,2018-09-08,2018,septembre,samedi,15:50,18,18139,47.06941,2.97338,1,1,2,1,1,3,2,02,1,1,,,1,0,1,4,1,8,5,1,2,0,2,6,1,201800012676B01,7,1,1,200011781
201800012699,2018-11-16,2018,novembre,vendredi,09:00,18,18109,47.29861,2.53698,1,1,2,1,1,3,2,02,1,1,,,2,0,1,3,1,41,5,1,4,0,0,4,2,201800012699B01,7,2,1,200066330
201800012703,2018-02-05,2018,février,lundi,12:15,18,18197,46.72543,2.51201,2,3,3,1,1,3,2,02,1,1,,,1,0,1,3,1,42,5,1,2,0,2,8,19,201800012703A01,7,1,1,200036135
201800012704,2018-04-15,2018,avril,dimanche,12:00,18,18197,46.72714,2.50028,2,6,4,1,7,3,1,01,1,2,,,1,5,1,3,1,51,5,3,2,0,2,0,1,201800012704B01,7,16,1,200036135
201800012704,2018-04-15,2018,avril,dimanche,12:00,18,18197,46.72714,2.50028,2,6,4,1,7,3,1,01,1,2,,,1,5,1,1,2,45,5,3,2,0,0,0,1,201800012704C01,7,16,1,200036135
201800012705,2018-05-03,2018,mai,jeudi,08:00,18,18169,46.72489,2.44771,1,1,3,1,2,3,2,02,1,1,,,1,0,1,3,2,41,1,1,2,0,0,6,15,201800012705B01,7,17,1,200036135
201800012706,2018-06-04,2018,juin,lundi,08:50,18,18197,46.72036,2.51215,2,1,7,1,1,4,1,01,1,1,,,1,0,1,1,2,15,2,3,2,0,0,0,17,201800012706B01,1,2,1,200036135
201800012706,2018-06-04,2018,juin,lundi,08:50,18,18197,46.72036,2.51215,2,1,7,1,1,4,1,01,1,1,,,1,0,1,4,2,74,5,3,2,0,0,0,2,201800012706A01,1,17,1,200036135
201800012724,2018-05-07,2018,mai,lundi,11:30,18,18058,46.85735,2.31789,2,3,3,1,1,3,2,02,1,1,,,1,0,1,3,2,74,9,3,2,0,2,7,1,201800012724B01,7,15,1,200027076
201800012732,2018-10-09,2018,octobre,mardi,11:45,18,18126,46.92565,2.40695,2,1,2,1,1,4,2,02,1,1,,,1,0,1,4,2,40,5,3,2,0,2,1,23,201800012732B01,7,4,1,200027076
201800012748,2018-06-21,2018,juin,jeudi,10:15,18,18159,47.37258,2.21934,1,1,7,1,1,3,2,02,1,1,,,1,0,1,3,1,70,5,1,2,0,0,0,1,201800012748A01,,,,200000933
201800012750,2018-07-12,2018,juillet,jeudi,19:08,18,18011,47.55931,2.46404,1,1,6,1,1,3,2,02,1,1,,,1,0,1,3,1,59,5,1,2,0,0,1,1,201800012750A01,,,,200000933
201800012759,2018-06-13,2018,juin,mercredi,21:15,18,18141,47.14446,2.22398,2,2,3,1,1,3,2,02,2,1,,,1,0,1,4,1,17,5,1,2,0,2,1,1,201800012759B01,7,1,1,241800507
201800012762,2018-10-12,2018,octobre,vendredi,16:50,18,18186,47.07793,2.1808,1,6,3,1,1,3,-1,02,1,2,,,1,5,1,4,1,56,5,3,2,0,2,5,2,201800012762B01,7,1,1,200070571
201800012772,2018-06-05,2018,juin,mardi,09:00,73,73103,45.65826,5.92762,2,6,2,1,1,3,1,01,1,2,,,1,5,1,3,1,56,5,1,2,0,2,4,1,201800012772B01,7,9,1,200068674
201800012773,2018-06-10,2018,juin,dimanche,14:15,73,73010,45.77178,5.86803,1,1,2,1,1,3,2,02,1,1,,,1,0,1,3,1,59,5,3,2,0,2,4,1,201800012773B01,7,14,1,200068674
201800012775,2018-08-02,2018,août,jeudi,09:05,73,73062,45.81573,5.86542,1,1,3,1,7,3,2,02,2,1,,,1,0,1,3,1,71,5,1,2,0,2,8,1,201800012775B01,7,17,1,
201800012776,2018-08-04,2018,août,samedi,08:55,73,73128,45.72653,5.93051,1,5,3,1,1,3,2,02,2,2,,,1,0,1,3,1,71,5,1,2,0,2,1,19,201800012776A01,7,19,1,200068674
201800012780,2018-09-24,2018,septembre,lundi,16:50,73,73300,45.65974,5.89477,1,1,2,1,1,3,3,02,1,1,,,1,0,5,3,1,51,5,1,2,0,0,4,2,201800012780A01,1,2,1,200068674
201800012780,2018-09-24,2018,septembre,lundi,16:50,73,73300,45.65974,5.89477,1,1,2,1,1,3,3,02,1,1,,,1,0,5,1,2,22,2,2,2,0,2,1,2,201800012780B01,1,2,1,200068674
201800012786,2018-04-03,2018,avril,mardi,15:00,73,73183,45.50982,5.98582,1,2,3,1,1,3,2,02,1,1,,,1,0,1,4,1,61,5,1,2,0,2,1,1,201800012786B01,7,1,1,200041010
201800012792,2018-11-29,2018,novembre,jeudi,14:15,73,73240,45.48058,6.04093,1,2,3,1,1,3,2,02,1,1,,,1,5,1,4,1,60,5,1,2,0,0,5,1,201800012792A01,7,16,1,200041010
201800012799,2018-05-24,2018,mai,jeudi,11:55,73,73130,45.65422,6.38194,2,1,2,1,1,3,2,02,1,1,,,1,0,1,3,1,80,5,1,2,0,2,2,1,201800012799B01,7,4,1,200068997
201800012802,2018-06-01,2018,juin,vendredi,08:25,73,73032,45.62548,6.45072,2,3,1,1,1,4,2,02,1,1,,,1,0,1,3,1,9,2,1,2,0,2,8,19,201800012802B01,7,1,1,200068997
201800012807,2018-08-12,2018,août,dimanche,09:30,73,73292,45.71194,6.40604,1,3,3,1,1,3,2,02,1,1,,,1,5,1,4,1,60,5,1,2,0,2,7,1,201800012807B01,10,16,1,200068997
201800012809,2018-08-30,2018,août,jeudi,12:00,73,73124,45.64794,6.34252,1,1,3,1,1,4,2,02,1,1,,,1,0,1,3,2,66,5,3,2,0,2,8,2,201800012809A01,7,2,1,200068997
201800012823,2018-06-21,2018,juin,jeudi,11:40,73,73231,45.33127,6.28514,1,1,1,1,1,3,2,02,2,2,,,1,0,1,3,1,53,5,1,2,0,2,1,0,201800012823B01,33,13,1,247300361
201800012832,2018-03-15,2018,mars,jeudi,14:15,64,64511,43.3681,-0.40857,1,1,1,1,1,3,2,02,1,1,0,0,1,0,1,2,1,47,5,1,2,0,2,0,10,201800012832B01,7,1,1,200067239
201800012838,2018-09-03,2018,septembre,lundi,09:00,64,64060,43.3177,-0.4547,2,1,6,1,1,3,2,02,1,1,0,0,1,0,1,2,1,68,5,2,2,0,2,4,11,201800012838B01,7,2,1,200067254
201800012864,2018-03-14,2018,mars,mercredi,16:45,64,64148,43.1168,-0.3019,1,1,3,1,1,4,2,02,2,3,0,0,9,0,1,4,1,13,5,3,2,0,2,1,1,201800012864B01,10,1,1,246401756
201800012866,2018-06-02,2018,juin,samedi,14:50,64,64526,43.2688,-0.19703,2,6,3,1,1,3,1,01,1,2,0,0,1,0,1,3,2,76,5,1,2,0,2,7,2,201800012866B01,7,9,1,200067296
201800012869,2018-09-19,2018,septembre,mercredi,15:16,64,64386,43.1832,-0.2456,2,6,2,1,1,3,-1,02,1,2,0,0,1,0,1,3,1,58,5,2,2,0,0,4,18,201800012869A01,7,15,1,246401756
201800012876,2018-06-17,2018,juin,dimanche,09:25,64,64457,43.5455,-0.38976,1,2,3,1,1,3,2,02,1,1,0,0,1,0,1,3,1,61,5,1,2,0,2,7,1,201800012876B01,7,19,1,200067239
201800012888,2018-07-22,2018,juillet,dimanche,08:45,64,64256,43.379,-1.34677,1,1,1,1,1,3,2,02,2,3,0,0,1,0,1,4,1,49,5,1,2,0,2,0,13,201800012888A01,7,1,1,200067106
201800012902,2018-11-15,2018,novembre,jeudi,12:25,64,64065,43.3599,-1.63446,1,1,5,1,1,3,2,02,1,1,0,0,1,0,3,3,1,63,5,1,2,0,2,8,1,201800012902A01,99,17,1,200067106
201800012902,2018-11-15,2018,novembre,jeudi,12:25,64,64065,43.3599,-1.63446,1,1,5,1,1,3,2,02,1,1,0,0,1,0,3,4,1,64,5,1,2,0,2,8,1,201800012902B01,99,17,1,200067106
201800012928,2018-08-04,2018,août,samedi,12:05,64,64316,43.0131,-0.96343,1,1,1,1,1,3,2,02,2,2,0,0,1,0,1,4,1,30,5,1,2,0,2,1,1,201800012928A01,7,1,1,200067106
201800012929,2018-09-15,2018,septembre,samedi,09:30,64,64371,43.2312,-0.87895,2,6,3,1,1,3,1,01,1,1,0,0,1,5,1,4,1,63,5,1,2,0,2,1,1,201800012929B01,7,9,1,200067106
201800012940,2018-08-15,2018,août,mercredi,08:30,64,64484,43.1729,-1.18474,1,1,3,1,1,3,2,02,1,1,0,0,1,0,1,3,1,53,5,1,2,0,0,8,1,201800012940A01,10,2,1,200067106
201800012952,2018-05-25,2018,mai,vendredi,16:45,64,64029,43.1293,-0.71941,1,1,7,1,1,4,2,02,4,2,0,0,1,0,1,3,2,58,5,2,2,0,0,0,1,201800012952A01,,,,200067262
201800012957,2018-08-19,2018,août,dimanche,12:10,64,64204,42.9685,-0.36966,1,1,3,1,1,3,2,02,2,4,0,0,1,0,1,3,1,31,5,1,2,0,2,8,1,201800012957A01,31,1,1,246400337
201800012982,2018-02-02,2018,février,vendredi,19:20,45,45182,47.68904,1.78473,1,1,2,3,1,3,2,02,2,1,,,1,0,1,3,1,50,1,1,4,0,0,4,1,201800012982B01,7,2,1,200005932
201800012986,2018-05-22,2018,mai,mardi,16:45,45,45175,47.74945,1.81238,2,6,7,1,2,3,1,01,1,2,,,2,0,1,3,1,67,5,1,2,0,0,0,0,201800012986A01,,,,200005932