Num_Acc,date,an,mois,jour,hrmn,dep,com,lat,long,agg,int,col,lum,atm,catr,circ,nbv,prof,plan,lartpc,larrout,surf,infra,situ,grav,sexe,age,trajet,secuexist,equipement,obs,obsm,choc,manv,vehiculeid,typevehicules,manoeuvehicules,numVehicules,_infos_commune.code_epci
201800030161,2018-08-11,2018,août,samedi,11:25,17,17420,46.09904,-1.04827,1,1,7,1,1,9,-1,01,2,1,,,1,0,1,2,1,66,5,2,9,0,0,0,1,201800030161A01,,,,241700434
201800030162,2018-08-18,2018,août,samedi,10:00,17,17413,46.08215,-1.07056,2,1,3,1,7,3,2,02,1,1,,61,1,0,1,3,1,81,5,2,9,0,2,8,1,201800030162B01,7,17,1,241700434
201800030163,2018-10-03,2018,octobre,mercredi,10:30,17,17193,46.12727,-1.06169,2,1,2,1,1,3,2,02,1,1,,,1,0,1,3,1,39,5,1,2,0,2,4,1,201800030163B01,10,2,1,241700434
201800030350,2018-01-17,2018,janvier,mercredi,17:50,62,62523,50.43333,2.85,2,1,3,2,1,3,2,02,1,1,0,0,1,0,1,3,1,16,5,2,2,0,2,0,1,201800030350B01,7,15,1,246200364
201800030370,2018-03-29,2018,mars,jeudi,15:30,62,62427,50.42233,2.94803,2,1,3,1,1,3,1,02,1,1,0,0,1,6,1,4,1,15,5,2,2,0,2,7,19,201800030370B01,7,1,1,246200299
201800030371,2018-03-26,2018,mars,lundi,07:30,62,62032,50.40944,2.75682,2,6,3,3,1,3,2,02,1,1,0,67,1,0,1,3,2,56,1,1,2,0,2,1,1,201800030371B01,7,9,1,246200364
201800030377,2018-02-23,2018,février,vendredi,13:55,62,62724,50.40371,2.90783,2,1,3,1,1,4,2,02,1,1,0,50,1,0,1,3,1,12,2,2,2,1,2,8,15,201800030377B01,7,17,1,246200299
201800030458,2018-05-01,2018,mai,mardi,16:05,62,62826,50.53092,1.59364,2,1,6,1,1,4,-1,01,1,1,,,1,0,3,1,1,10,0,1,2,0,1,1,0,201800030458A01,,,,200069029
201800030533,2018-02-27,2018,février,mardi,17:40,64,64024,43.4932,-1.51029,2,1,3,1,1,4,2,02,1,1,0,90,1,0,1,4,1,64,5,1,2,0,2,1,1,201800030533B01,7,15,1,200067106
201800030551,2018-04-03,2018,avril,mardi,10:15,64,64102,43.4658,-1.49509,2,6,3,1,1,3,4,04,1,3,0,0,1,5,3,4,1,30,5,1,2,0,2,7,1,201800030551B01,7,9,1,200067106
201800030553,2018-04-15,2018,avril,dimanche,14:50,64,64024,43.5002,-1.53527,2,3,3,1,8,4,2,00,2,3,0,0,1,0,3,4,1,19,5,1,2,0,2,1,15,201800030553B01,7,1,1,200067106
201800030554,2018-04-18,2018,avril,mercredi,16:20,64,64024,43.5003,-1.53903,2,1,7,1,1,4,2,02,2,1,0,0,1,0,3,3,1,33,5,1,2,0,0,8,1,201800030554A01,,,,200067106
201800030561,2018-05-06,2018,mai,dimanche,11:50,64,64024,43.4967,-1.50879,2,6,3,1,1,4,2,02,1,1,0,0,1,5,3,4,1,44,5,1,2,0,2,8,1,201800030561B01,7,16,1,200067106
201800030589,2018-07-11,2018,juillet,mercredi,14:40,64,64024,43.4988,-1.54264,2,3,3,1,1,4,2,02,1,1,0,0,1,0,3,3,1,24,5,3,2,0,2,1,1,201800030589B01,7,15,1,200067106
201800030598,2018-08-12,2018,août,dimanche,11:25,64,64102,43.4953,-1.47834,2,2,3,1,1,4,4,04,1,4,0,0,1,5,3,3,1,27,5,3,2,0,2,7,19,201800030598B01,33,1,1,200067106
201800030603,2018-08-21,2018,août,mardi,16:00,64,64024,43.5271,-1.52123,2,1,3,1,1,6,-1,00,1,1,0,0,1,0,3,4,1,70,5,1,2,0,2,1,0,201800030603A01,2,1,1,200067106
201800030622,2018-10-08,2018,octobre,lundi,14:25,64,64102,43.4908,-1.49426,2,1,3,1,1,4,2,03,2,1,0,0,1,0,3,3,1,75,5,1,2,0,2,8,21,201800030622A01,7,1,1,200067106
201800030630,2018-11-02,2018,novembre,vendredi,15:20,64,64024,43.4877,-1.53599,2,1,3,1,1,4,4,02,1,3,0,0,1,5,1,2,2,87,3,2,2,0,2,8,18,201800030630B01,14,1,1,200067106
201800030685,2018-08-08,2018,août,mercredi,11:05,64,64122,43.4818,-1.55572,2,9,3,1,1,4,2,02,2,1,0,0,1,0,3,4,1,35,1,3,2,0,2,7,17,201800030685B01,7,15,1,200067106
201800030689,2018-08-21,2018,août,mardi,10:00,64,64125,43.4382,-1.58272,2,1,6,1,1,3,2,02,2,3,0,0,1,0,2,4,1,41,5,3,2,0,1,1,9,201800030689A01,,,,200067106
201800030689,2018-08-21,2018,août,mardi,10:00,64,64125,43.4382,-1.58272,2,1,6,1,1,3,2,02,2,3,0,0,1,0,2,4,2,27,5,3,3,0,1,1,9,201800030689A01,,,,200067106
201800030692,2018-08-26,2018,août,dimanche,11:30,64,64122,43.4845,-1.54301,2,9,3,1,1,4,-1,02,1,1,0,0,1,0,3,4,1,53,5,1,2,0,2,2,0,201800030692A01,7,15,1,200067106
201800030711,2018-01-02,2018,janvier,mardi,04:35,64,64284,43.2787,-0.38851,2,6,3,5,2,3,2,02,1,1,0,50,2,0,1,4,1,29,1,1,2,0,2,4,1,201800030711B01,7,9,1,200067254
201800030718,2018-01-09,2018,janvier,mardi,18:28,64,64445,43.3023,-0.35405,2,1,2,5,1,4,2,02,1,1,0,62,1,0,5,4,1,39,1,1,2,0,2,4,2,201800030718B01,7,2,1,200067254
201800030720,2018-01-10,2018,janvier,mercredi,07:30,64,64445,43.3177,-0.37837,2,1,3,5,1,4,2,01,1,1,0,100,1,0,1,4,2,17,2,2,2,0,2,7,1,201800030720B01,7,1,1,200067254
201800030721,2018-01-10,2018,janvier,mercredi,15:30,64,64348,43.3371,-0.46063,2,6,3,1,1,3,2,02,1,2,0,150,1,5,1,4,1,64,5,1,2,0,2,3,9,201800030721A01,33,2,1,200067254
201800030727,2018-01-12,2018,janvier,vendredi,10:03,64,64445,43.3078,-0.33918,2,6,3,1,2,4,2,02,1,1,14,200,1,0,1,4,1,60,9,1,9,0,2,1,1,201800030727B01,7,9,1,200067254
201800030740,2018-02-05,2018,février,lundi,08:00,64,64445,43.3101,-0.36079,2,2,3,2,2,4,2,02,1,1,0,0,1,0,1,4,1,18,0,3,9,0,2,1,1,201800030740B01,7,1,1,200067254
201800030745,2018-02-12,2018,février,lundi,10:15,64,64269,43.2976,-0.30382,2,1,6,1,1,4,2,03,1,1,0,90,1,0,1,4,1,62,1,2,2,0,2,3,1,201800030745B01,7,14,1,200067254
201800030753,2018-02-21,2018,février,mercredi,11:50,64,64445,43.3022,-0.36061,2,1,3,1,2,4,2,02,1,1,0,88,1,0,1,4,2,50,0,3,2,0,2,3,9,201800030753B01,37,17,1,200067254
201800030761,2018-03-14,2018,mars,mercredi,19:20,64,64445,43.3003,-0.36607,2,3,3,2,1,4,1,01,1,1,0,40,1,0,0,4,1,48,1,1,4,0,2,2,15,201800030761A01,32,1,1,200067254
201800030767,2018-03-24,2018,mars,samedi,01:30,64,64445,43.2946,-0.37716,2,1,6,5,2,4,2,02,2,1,0,0,2,0,1,4,1,32,1,2,4,0,2,1,9,201800030767B01,7,15,1,200067254
201800030776,2018-04-01,2018,avril,dimanche,15:20,64,64445,43.3382,-0.37973,2,9,3,1,1,3,1,02,1,1,0,0,1,0,1,4,2,21,1,1,2,0,2,5,1,201800030776B01,7,9,1,200067254
201800030792,2018-04-30,2018,avril,lundi,18:25,64,64445,43.3083,-0.32949,2,1,6,1,1,4,2,03,1,1,0,0,1,0,3,4,1,20,1,3,8,0,2,1,1,201800030792B01,7,16,1,200067254
201800030793,2018-05-04,2018,mai,vendredi,09:05,64,64445,43.3028,-0.36161,2,9,3,1,2,4,2,02,1,1,0,0,2,0,3,4,1,59,1,1,2,0,2,1,1,201800030793B01,7,15,1,200067254
201800030807,2018-05-31,2018,mai,jeudi,10:35,64,64445,43.3024,-0.36049,2,3,3,1,8,4,2,02,1,1,0,0,1,0,3,4,1,46,3,3,2,0,2,8,16,201800030807B01,10,16,1,200067254
201800030814,2018-06-08,2018,juin,vendredi,11:55,64,64445,43.3119,-0.34588,2,3,3,1,1,4,2,02,1,1,0,0,1,0,3,4,1,67,5,1,2,0,2,1,1,201800030814B01,7,16,1,200067254
201800030815,2018-06-08,2018,juin,vendredi,19:10,64,64445,43.3061,-0.33372,2,6,3,1,1,4,1,02,1,2,0,0,1,0,3,4,1,21,9,1,2,0,2,7,1,201800030815B01,7,9,1,200067254
201800030817,2018-06-09,2018,juin,samedi,10:05,64,64445,43.3302,-0.35587,2,6,3,1,2,3,1,02,1,2,0,0,1,0,3,4,1,45,9,1,2,0,2,7,1,201800030817B01,7,9,1,200067254
201800030825,2018-06-21,2018,juin,jeudi,16:55,64,64445,43.3022,-0.36501,2,1,3,1,1,4,1,01,1,1,0,0,1,0,3,4,2,35,0,3,2,0,2,3,1,201800030825B01,7,15,1,200067254
201800030827,2018-06-23,2018,juin,samedi,23:40,64,64445,43.2968,-0.36637,2,2,3,5,1,4,1,02,1,1,0,0,1,0,3,4,1,21,9,1,2,0,2,1,19,201800030827A01,7,1,1,200067254
201800030828,2018-06-24,2018,juin,dimanche,17:45,64,64445,43.3018,-0.35823,2,1,3,1,1,4,1,01,1,1,0,0,1,0,3,4,1,12,5,3,8,0,2,7,19,201800030828B01,7,1,1,200067254
201800030829,2018-06-25,2018,juin,lundi,09:30,64,64445,43.3104,-0.33238,2,3,3,1,1,4,2,02,1,1,0,0,1,0,3,4,1,72,9,1,2,0,2,2,10,201800030829B01,7,1,1,200067254
201800030832,2018-07-04,2018,juillet,mercredi,18:07,64,64445,43.2941,-0.3753,2,1,1,1,1,4,2,02,4,3,0,0,2,0,3,4,1,46,9,3,2,0,2,1,1,201800030832B01,7,1,1,200067254
201800030838,2018-07-13,2018,juillet,vendredi,22:53,64,64445,43.2944,-0.36889,2,9,1,5,1,4,1,01,1,1,0,0,1,0,1,3,1,87,5,3,2,0,2,1,1,201800030838B01,7,22,1,200067254
201800030844,2018-07-27,2018,juillet,vendredi,21:00,64,64445,43.2993,-0.36337,2,3,3,2,1,4,1,01,1,1,0,0,1,0,3,4,1,29,9,3,2,0,2,7,1,201800030844A01,7,1,1,200067254
201800030845,2018-07-27,2018,juillet,vendredi,11:55,64,64445,43.3074,-0.37531,2,3,3,1,1,4,2,02,1,1,0,0,1,0,3,3,2,54,5,3,2,0,2,1,1,201800030845B01,7,15,1,200067254
201800030847,2018-08-03,2018,août,vendredi,08:10,64,64132,43.3042,-0.31781,2,1,3,1,1,4,2,02,1,1,0,0,1,0,1,4,1,65,9,1,2,0,2,4,1,201800030847B01,7,15,1,200067254
201800030850,2018-08-07,2018,août,mardi,17:20,64,64348,43.3294,-0.37987,2,1,2,1,1,4,2,02,1,1,0,0,1,5,3,4,1,46,1,1,2,0,2,4,2,201800030850B01,7,16,1,200067254
201800030852,2018-08-09,2018,août,jeudi,08:59,64,64335,43.3187,-0.4319,2,1,3,1,1,4,1,02,2,1,0,0,1,0,1,4,2,33,1,1,2,0,2,1,1,201800030852B01,7,9,1,200067254
201800030854,2018-08-16,2018,août,jeudi,09:55,64,64445,43.294,-0.37604,2,1,3,1,1,4,2,02,1,2,0,0,1,0,3,4,1,67,5,3,2,0,2,1,23,201800030854A01,7,15,1,200067254
201800030856,2018-08-20,2018,août,lundi,07:25,64,64445,43.3074,-0.34008,2,3,3,2,1,4,1,01,1,1,0,0,1,0,3,4,1,59,1,1,2,0,2,2,1,201800030856B01,7,16,1,200067254
201800030861,2018-08-31,2018,août,vendredi,09:07,64,64445,43.3121,-0.36727,2,1,4,1,1,4,2,04,1,1,0,0,1,0,3,4,2,48,1,3,2,0,2,0,0,201800030861C01,7,1,2,200067254
201800030864,2018-09-02,2018,septembre,dimanche,17:10,64,64445,43.3112,-0.36332,2,6,2,1,1,4,1,02,1,3,0,0,1,0,1,4,2,55,5,3,2,0,2,0,0,201800030864B01,7,2,1,200067254
201800030865,2018-09-03,2018,septembre,lundi,15:34,64,64445,43.3012,-0.35917,2,3,3,1,1,4,1,01,1,1,0,0,1,0,1,4,2,77,9,3,2,0,2,1,1,201800030865B01,7,1,1,200067254
201800030866,2018-09-03,2018,septembre,lundi,16:35,64,64445,43.2993,-0.36455,2,1,3,1,1,4,1,01,1,1,0,0,1,0,3,3,2,66,5,3,3,1,0,1,1,201800030866B01,7,22,1,200067254
201800030867,2018-09-04,2018,septembre,mardi,19:40,64,64284,43.2921,-0.39656,2,1,1,1,1,4,3,01,1,1,0,0,1,0,1,4,1,13,5,3,2,0,2,1,19,201800030867B01,7,1,1,200067254
201800030870,2018-09-07,2018,septembre,vendredi,08:00,64,64445,43.2985,-0.33557,2,3,3,1,8,4,2,02,1,1,0,0,1,0,3,3,1,79,5,3,2,0,2,1,16,201800030870A01,7,1,1,200067254
201800030879,2018-09-14,2018,septembre,vendredi,19:05,64,64445,43.3056,-0.37509,2,1,3,1,1,4,2,02,1,1,0,0,1,0,1,4,1,53,5,1,2,0,2,3,1,201800030879B01,7,23,1,200067254
201800030880,2018-09-15,2018,septembre,samedi,08:40,64,64445,43.304,-0.35612,2,6,3,1,1,4,2,02,1,1,0,0,1,0,3,4,1,85,5,1,2,0,2,1,2,201800030880B01,10,9,1,200067254
201800030882,2018-09-15,2018,septembre,samedi,18:20,64,64445,43.3182,-0.37833,2,9,3,1,9,4,1,02,1,2,0,0,1,0,3,3,2,49,0,3,2,0,2,3,2,201800030882B01,7,16,1,200067254
201800030887,2018-09-15,2018,septembre,samedi,11:40,64,64132,43.2989,-0.32184,2,6,3,1,1,4,2,02,1,1,0,0,1,5,1,4,1,66,5,1,2,0,2,1,2,201800030887B01,7,9,1,200067254
201800030888,2018-09-18,2018,septembre,mardi,09:40,64,64129,43.3044,-0.40039,2,1,3,1,1,4,2,05,1,1,0,0,1,0,3,3,2,56,4,1,2,0,2,8,1,201800030888B01,7,15,1,200067254
201800030889,2018-09-18,2018,septembre,mardi,18:00,64,64445,43.3006,-0.36031,2,1,2,1,1,4,2,02,1,1,0,0,1,0,3,4,1,20,5,3,3,0,2,1,1,201800030889A01,7,23,1,200067254
201800030891,2018-09-20,2018,septembre,jeudi,12:30,64,64445,43.3056,-0.34505,2,1,3,1,1,4,1,01,1,1,0,0,1,0,3,4,1,14,5,3,2,0,2,8,0,201800030891A01,7,1,1,200067254
201800030891,2018-09-20,2018,septembre,jeudi,12:30,64,64445,43.3056,-0.34505,2,1,3,1,1,4,1,01,1,1,0,0,1,0,3,4,1,12,5,3,2,0,2,8,0,201800030891A01,7,1,1,200067254
201800030902,2018-10-02,2018,octobre,mardi,10:12,64,64445,43.3039,-0.35227,2,1,3,1,1,4,2,02,1,1,0,0,1,0,3,4,2,40,5,3,2,0,2,0,2,201800030902B01,7,22,1,200067254
201800030905,2018-10-03,2018,octobre,mercredi,08:45,64,64445,43.3142,-0.33316,2,3,3,1,7,4,2,03,1,1,0,0,1,0,1,4,1,76,5,1,2,0,2,0,1,201800030905B01,7,15,1,200067254
201800030909,2018-10-06,2018,octobre,samedi,15:15,64,64445,43.3144,-0.35285,2,9,3,1,1,4,2,02,1,2,0,0,1,0,1,3,2,80,5,3,2,0,2,9,19,201800030909B01,7,1,1,200067254
201800030911,2018-10-09,2018,octobre,mardi,14:45,64,64445,43.3188,-0.30804,2,6,6,1,1,4,2,02,1,1,0,0,1,0,3,4,1,65,0,1,2,0,2,0,1,201800030911B01,2,16,1,200067254
201800030913,2018-10-10,2018,octobre,mercredi,10:30,64,64445,43.313,-0.37746,2,1,3,1,1,4,2,02,1,1,0,0,1,0,1,4,1,16,2,3,2,1,0,1,1,201800030913B01,7,24,1,200067254
201800030917,2018-10-16,2018,octobre,mardi,14:20,64,64445,43.3074,-0.36442,2,1,1,1,1,4,2,02,1,1,0,0,1,0,1,4,1,34,9,3,3,0,2,1,1,201800030917B01,7,1,1,200067254
201800030920,2018-10-22,2018,octobre,lundi,13:55,64,64348,43.323,-0.3895,2,1,2,1,1,4,2,02,1,1,0,0,1,0,3,4,1,17,1,1,2,0,2,1,1,201800030920A01,7,23,1,200067254
201800030922,2018-10-23,2018,octobre,mardi,16:25,64,64445,43.3009,-0.35969,2,3,3,1,1,4,2,02,1,1,0,0,1,0,1,4,1,44,5,3,2,0,2,1,1,201800030922B01,7,19,1,200067254
201800030927,2018-10-30,2018,octobre,mardi,17:00,64,64132,43.2883,-0.35277,2,2,3,1,1,4,2,03,1,1,0,0,1,0,3,4,2,38,5,1,2,0,2,2,1,201800030927B01,7,15,1,200067254
201800030936,2018-11-16,2018,novembre,vendredi,07:10,64,64445,43.303,-0.35216,2,2,1,5,1,4,2,02,1,1,0,0,1,0,1,4,2,59,1,1,2,0,2,1,1,201800030936B01,7,15,1,200067254
201800030943,2018-11-26,2018,novembre,lundi,09:40,64,64445,43.3136,-0.36517,2,1,3,1,2,6,-1,00,1,2,0,0,2,0,1,4,1,20,2,3,3,0,2,1,1,201800030943B01,7,9,1,200067254
201800030956,2018-12-07,2018,décembre,vendredi,13:50,64,64445,43.288,-0.38028,2,3,3,1,1,4,1,01,1,1,0,0,1,0,1,4,1,58,9,3,2,0,2,1,19,201800030956A01,10,16,1,200067254
201800030962,2018-12-13,2018,décembre,jeudi,16:55,64,64445,43.3205,-0.35921,2,1,3,2,3,4,1,02,1,1,0,0,2,0,3,4,2,17,2,3,2,0,2,0,19,201800030962A01,7,1,1,200067254
201800030968,2018-12-24,2018,décembre,lundi,07:25,64,64445,43.2926,-0.378,2,1,3,5,1,4,2,03,1,1,0,0,1,0,1,4,1,29,0,3,2,0,2,1,1,201800030968B01,7,15,1,200067254
201800030977,2018-01-24,2018,janvier,mercredi,17:30,64,64483,43.3909,-1.65922,2,1,1,1,1,4,2,02,1,1,0,0,1,0,1,4,2,43,5,1,2,0,2,1,1,201800030977B01,7,15,1,200067106
201800030977,2018-01-24,2018,janvier,mercredi,17:30,64,64483,43.3909,-1.65922,2,1,1,1,1,4,2,02,1,1,0,0,1,0,1,4,2,4,5,1,2,0,2,1,1,201800030977B01,7,15,1,200067106
201800030995,2018-05-02,2018,mai,mercredi,08:15,64,64483,43.3837,-1.65994,2,1,3,1,1,4,2,02,1,1,0,0,1,0,3,1,1,69,0,3,2,0,2,1,19,201800030995A01,1,1,1,200067106
201800030995,2018-05-02,2018,mai,mercredi,08:15,64,64483,43.3837,-1.65994,2,1,3,1,1,4,2,02,1,1,0,0,1,0,3,4,1,64,5,3,2,0,2,1,1,201800030995B01,1,19,1,200067106
201800030998,2018-05-14,2018,mai,lundi,12:30,64,64260,43.354,-1.77974,2,1,2,1,1,3,2,02,1,3,0,0,1,0,3,4,1,56,5,3,8,0,2,1,2,201800030998A01,7,1,1,200067106
201800031011,2018-06-22,2018,juin,vendredi,11:20,64,64260,43.3496,-1.77442,2,1,3,1,1,3,2,02,1,2,0,0,1,0,3,4,1,44,0,1,2,0,2,1,1,201800031011B01,7,15,1,200067106
201800031018,2018-07-11,2018,juillet,mercredi,11:30,64,64545,43.3865,-1.71479,1,1,2,1,1,3,-1,02,2,1,0,0,1,0,3,4,1,74,5,3,3,0,2,1,1,201800031018A01,13,23,1,200067106
201800031024,2018-07-15,2018,juillet,dimanche,13:35,64,64260,43.3914,-1.6861,2,1,6,1,1,3,2,02,1,1,0,0,1,0,3,3,1,69,0,1,2,1,0,1,1,201800031024B01,7,22,1,200067106
201800031029,2018-07-31,2018,juillet,mardi,10:40,64,64130,43.3543,-1.76888,2,1,3,1,1,4,2,02,1,2,0,0,1,0,3,4,1,60,0,1,2,0,2,1,13,201800031029A01,30,1,1,200067106
201800031032,2018-08-04,2018,août,samedi,14:45,64,64260,43.3529,-1.78145,2,1,3,1,1,3,1,01,1,1,0,0,1,0,3,4,2,69,0,3,2,0,2,1,17,201800031032A01,7,15,1,200067106
201800031051,2018-09-02,2018,septembre,dimanche,10:15,64,64545,43.3289,-1.68221,2,1,6,1,1,3,-1,02,2,1,0,0,1,0,3,3,1,52,0,1,2,0,5,1,1,201800031051A01,,,,200067106
201800031069,2018-10-05,2018,octobre,vendredi,18:50,64,64545,43.3598,-1.72726,2,1,2,1,7,3,2,03,2,1,0,0,1,0,3,4,1,59,5,1,2,0,2,4,2,201800031069B01,10,2,1,200067106
201800031073,2018-10-09,2018,octobre,mardi,14:48,64,64545,43.3746,-1.68628,1,1,6,1,1,4,-1,02,1,2,0,0,1,0,1,4,1,70,0,1,2,0,2,1,1,201800031073B01,7,5,1,200067106
201800031104,2018-09-26,2018,septembre,mercredi,10:48,65,65286,43.09914,-0.07663,2,3,3,1,1,3,2,02,1,3,,,1,5,3,4,1,53,5,1,2,0,2,1,0,201800031104B01,14,16,1,200069300
201800031142,2018-11-28,2018,novembre,mercredi,19:20,65,65440,43.24461,0.07335,2,2,6,5,1,3,2,03,1,1,,,1,0,3,3,1,14,5,1,2,0,2,8,19,201800031142B01,7,15,1,200069300
201800031151,2018-06-26,2018,juin,mardi,10:00,09,09075,43.12813,1.33872,2,6,7,1,1,3,2,02,1,1,,,1,5,1,3,1,74,0,2,2,0,0,1,0,201800031151A01,,,,200066223
201800031166,2018-07-18,2018,juillet,mercredi,08:20,73,73218,45.85071,5.83413,1,1,2,1,1,3,2,02,1,1,,,1,0,1,3,1,61,5,1,2,0,2,4,2,201800031166B01,7,2,1,200068674
201800031167,2018-09-09,2018,septembre,dimanche,10:30,73,73218,45.85719,5.84072,1,1,4,1,1,3,2,02,4,1,,,1,0,1,3,2,27,5,1,2,0,2,4,2,201800031167C01,7,2,1,200068674
201800031167,2018-09-09,2018,septembre,dimanche,10:30,73,73218,45.85719,5.84072,1,1,4,1,1,3,2,02,4,1,,,1,0,1,4,1,29,5,1,2,0,2,4,2,201800031167B01,7,2,1,200068674
201800031187,2018-02-08,2018,février,jeudi,18:10,66,66136,42.6886,2.9101,2,1,3,1,1,4,1,01,1,1,0,50,1,1,1,4,1,27,5,1,4,0,2,8,13,201800031187A01,7,1,1,200027183
201800031191,2018-02-12,2018,février,lundi,07:50,66,66136,42.69403,2.93593,2,1,6,1,1,4,2,01,1,2,0,70,1,0,1,4,1,16,0,1,9,0,2,1,21,201800031191B01,7,9,1,200027183
201800031400,2018-06-13,2018,juin,mercredi,12:30,06,06149,43.73471,7.30456,2,1,1,1,1,7,2,02,1,1,,,1,5,1,4,1,16,5,2,2,0,2,1,11,201800031400A01,7,1,1,200030195
201800031421,2018-12-04,2018,décembre,mardi,12:15,67,67371,48.87617,7.32319,1,1,1,1,8,3,2,02,2,2,,,2,0,1,4,1,38,5,1,2,0,9,1,1,201800031421A01,10,1,1,200067783
201800031429,2018-05-16,2018,mai,mercredi,16:50,85,85042,46.39416,-1.02427,2,1,3,1,1,3,2,02,1,1,,,1,0,1,3,1,46,5,2,2,0,2,8,13,201800031429B01,15,2,1,200073260
201800031453,2018-09-17,2018,septembre,lundi,09:30,17,17284,45.82556,-0.86432,2,3,3,1,1,3,2,02,1,2,,,1,0,1,2,1,76,5,2,9,0,2,2,1,201800031453A01,7,15,1,241700517
201800031501,2018-10-04,2018,octobre,jeudi,15:20,52,52182,48.61021,4.88551,1,1,2,1,1,3,2,02,2,1,,,1,0,1,4,1,28,5,3,3,0,0,4,1,201800031501B01,7,17,1,200068666
201800031561,2018-11-13,2018,novembre,mardi,07:35,86,86221,46.82999,0.3499,1,1,2,2,1,3,2,02,3,1,,,2,0,1,2,1,59,5,1,2,0,0,4,2,201800031561B01,7,2,1,248600413
201800031568,2018-03-01,2018,mars,jeudi,19:30,38,38114,45.4131,4.77961,1,1,2,3,1,3,2,02,1,1,,,1,0,1,3,1,28,2,3,2,0,0,4,1,201800031568B01,7,1,1,200085751
201800031593,2018-07-20,2018,juillet,vendredi,08:55,83,83072,43.48905,6.35443,2,6,3,1,1,3,1,01,1,3,,,1,0,1,3,1,49,5,1,2,0,2,8,17,201800031593B01,7,16,1,248300493
201800031604,2018-07-21,2018,juillet,samedi,14:45,24,24350,45.16252,0.5972,2,1,1,1,1,3,2,02,1,1,,,1,0,1,3,1,48,5,1,2,0,2,1,1,201800031604B01,7,13,1,200040392
201800031608,2018-01-18,2018,janvier,jeudi,17:54,67,67462,48.26318,7.44092,2,2,3,5,3,4,2,03,1,1,0,92,2,0,1,4,1,14,5,2,2,0,2,7,19,201800031608B01,3,1,1,246700967
201800031609,2018-03-08,2018,mars,jeudi,10:10,67,67462,48.25742,7.45393,2,1,6,1,1,4,-1,01,1,1,0,0,1,0,4,1,1,56,0,3,9,0,1,0,15,201800031609A01,,,,246700967
201800031617,2018-07-26,2018,juillet,jeudi,20:48,67,67462,0,0,2,2,3,1,1,4,2,02,1,1,,,1,0,3,4,2,41,0,1,2,0,2,1,19,201800031617B01,13,16,1,246700967
201800031622,2018-01-01,2018,janvier,lundi,05:40,67,67482,48.55443,7.76622,2,2,3,5,2,4,2,04,1,1,0,90,2,5,1,4,1,37,5,2,2,0,2,8,19,201800031622A01,10,15,1,246700488
201800031630,2018-01-13,2018,janvier,samedi,00:41,67,67482,48.5689,7.75165,2,2,3,5,1,4,2,02,1,1,0,70,1,4,1,4,1,24,5,1,4,0,4,1,1,201800031630A01,40,1,1,246700488
201800031633,2018-01-16,2018,janvier,mardi,13:05,67,67482,48.57872,7.7454,2,1,6,1,1,4,2,02,1,1,0,60,1,0,1,4,1,11,2,3,9,0,2,1,19,201800031633B01,7,1,1,246700488
201800031639,2018-01-19,2018,janvier,vendredi,18:00,67,67482,48.59376,7.77173,2,1,1,5,2,4,1,01,1,1,0,20,2,0,5,4,1,46,0,1,4,0,2,0,1,201800031639B01,1,1,1,246700488
201800031639,2018-01-19,2018,janvier,vendredi,18:00,67,67482,48.59376,7.77173,2,1,1,5,2,4,1,01,1,1,0,20,2,0,5,4,1,43,1,1,4,0,2,0,1,201800031639A01,1,1,1,246700488
201800031648,2018-01-31,2018,janvier,mercredi,17:50,67,67482,48.59199,7.76947,2,2,3,5,2,4,2,00,1,1,0,80,2,0,1,4,2,21,9,3,9,0,2,7,1,201800031648B01,7,19,1,246700488
201800031649,2018-01-31,2018,janvier,mercredi,20:10,67,67482,48.56053,7.69319,2,6,3,5,2,4,2,02,1,3,0,80,2,0,1,4,1,43,0,3,9,0,2,6,16,201800031649A01,7,16,1,246700488
201800031658,2018-02-12,2018,février,lundi,01:05,67,67482,48.5859,7.77413,2,2,3,5,1,4,2,02,1,1,0,60,1,0,5,4,1,87,1,1,2,0,2,8,1,201800031658B01,7,16,1,246700488
201800031663,2018-02-13,2018,février,mardi,16:40,67,67482,48.5893,7.74986,2,2,3,1,1,4,1,01,1,1,0,60,1,0,1,4,2,16,9,3,9,0,2,0,1,201800031663A01,7,1,1,246700488
201800031675,2018-03-08,2018,mars,jeudi,05:50,67,67482,48.57173,7.75493,2,4,3,5,2,4,-1,02,1,1,0,40,2,5,1,3,1,56,0,3,9,0,2,8,19,201800031675B01,7,15,1,246700488
201800031676,2018-03-08,2018,mars,jeudi,09:00,67,67482,48.57665,7.74139,2,1,6,1,1,4,1,01,1,1,0,30,1,0,1,1,1,33,0,3,9,0,1,1,1,201800031676A01,,,,246700488
201800031677,2018-03-09,2018,mars,vendredi,01:00,67,67482,48.56165,7.6958,2,1,1,5,1,4,2,00,1,1,0,60,1,0,1,4,1,23,5,2,9,0,2,3,1,201800031677A01,7,1,1,246700488
201800031680,2018-03-12,2018,mars,lundi,07:55,67,67482,48.57076,7.71009,2,3,6,1,2,4,2,02,1,1,15,60,2,4,1,4,1,56,1,3,9,0,4,1,1,201800031680A01,40,1,1,246700488