Num_Acc,date,an,mois,jour,hrmn,dep,com,lat,long,agg,int,col,lum,atm,catr,circ,nbv,prof,plan,lartpc,larrout,surf,infra,situ,grav,sexe,age,trajet,secuexist,equipement,obs,obsm,choc,manv,vehiculeid,typevehicules,manoeuvehicules,numVehicules,_infos_commune.code_epci
201800031686,2018-03-16,2018,mars,vendredi,20:05,67,67482,48.59884,7.7529,2,1,3,5,1,4,2,04,1,1,20,57,-1,0,1,4,2,21,5,2,2,0,2,7,19,201800031686B01,7,15,1,246700488
201800031690,2018-03-26,2018,mars,lundi,19:00,67,67482,48.58074,7.72763,2,3,3,1,1,4,3,04,1,1,0,200,1,0,1,4,1,22,0,3,9,0,2,8,19,201800031690A01,7,1,1,246700488
201800031691,2018-03-27,2018,mars,mardi,13:50,67,67043,48.61081,7.76645,2,3,3,1,1,4,2,02,1,1,0,60,1,0,1,4,2,34,1,3,9,0,2,1,19,201800031691B01,7,16,1,246700488
201800032026,2018-11-26,2018,novembre,lundi,13:41,67,67482,48.58565,7.75549,2,1,6,1,8,4,3,04,1,1,,,1,4,1,1,2,19,1,3,3,0,1,1,1,201800032026A01,,,,246700488
201800032061,2018-04-19,2018,avril,jeudi,17:00,26,26139,45.0854,5.0862,1,1,5,1,1,3,2,02,2,3,,,1,0,1,2,1,48,5,1,2,0,2,1,0,201800032061C01,7,0 / 1,2,200068781
201800032066,2018-07-31,2018,juillet,mardi,09:15,26,26077,45.15616,5.02692,1,1,2,1,7,3,2,02,1,1,,,1,0,1,3,1,62,5,1,2,0,0,4,1,201800032066B01,7,17,1,200073096
201800032068,2018-09-04,2018,septembre,mardi,19:45,26,26140,45.12991,5.07821,2,3,1,2,1,4,2,02,2,2,,,1,0,1,3,1,15,5,2,2,0,2,1,1,201800032068B01,7,1,1,200068781
201800032071,2018-10-16,2018,octobre,mardi,16:00,26,26323,45.07303,5.11281,1,6,3,1,1,3,2,02,1,2,,,1,0,1,4,1,58,5,1,2,0,2,1,1,201800032071B01,7,1,1,200068781
201800032079,2018-03-28,2018,mars,mercredi,13:10,91,91235,48.63621,2.35996,2,6,3,1,2,3,3,04,1,3,,,2,0,1,3,1,29,9,2,2,0,2,8,13,201800032079B01,7,1,1,200057859
201800032089,2018-08-08,2018,août,mercredi,10:25,62,62265,50.61532,2.21322,2,2,3,1,1,3,2,02,4,1,,,1,0,1,3,1,67,5,1,2,0,2,1,1,201800032089B01,7,1,1,200069037
201800032097,2018-01-06,2018,janvier,samedi,00:12,68,68066,48.08133,7.35336,2,2,3,5,2,3,1,04,1,1,0,140,2,0,1,3,1,19,5,2,2,0,2,8,19,201800032097A01,7,9,1,246800726
201800032099,2018-01-05,2018,janvier,vendredi,18:02,68,68066,48.06931,7.33142,2,6,3,3,1,3,1,01,1,1,0,80,1,0,0,3,1,23,5,3,9,0,2,1,1,201800032099B01,7,1,1,246800726
201800032106,2018-05-02,2018,mai,mercredi,04:50,68,68066,48.07821,7.35361,2,1,6,5,1,4,1,03,1,2,,,1,0,3,4,1,25,5,1,2,0,0,0,0,201800032106A01,7,1,1,246800726
201800032107,2018-04-28,2018,avril,samedi,12:39,68,68066,48.07481,7.35951,2,1,6,1,1,4,2,02,1,1,,,1,0,3,1,1,35,0,1,2,0,1,1,1,201800032107A01,,,,246800726
201800032151,2018-02-06,2018,février,mardi,09:30,68,68224,47.73983,7.3026,2,3,3,1,1,3,3,02,1,1,46,189,1,0,5,3,2,79,3,2,2,0,2,5,1,201800032151B01,7,9,1,200066009
201800032191,2018-10-10,2018,octobre,mercredi,13:37,68,68297,47.59343,7.55459,2,6,3,1,1,4,,,,,,,,,,4,1,18,9,2,2,,,,,201800032191B01,7,,1,200066058
201800032210,2018-09-02,2018,septembre,dimanche,10:45,01,01244,45.90216,5.19361,2,9,1,1,1,4,2,02,1,1,,,1,0,1,3,1,24,5,1,2,0,2,1,1,201800032210B01,7,15,1,240100883
201800032222,2018-07-10,2018,juillet,mardi,11:15,01,01424,45.88287,4.96905,1,3,1,1,1,3,2,02,1,1,,,1,0,1,4,1,80,5,1,2,0,2,1,13,201800032222A01,7,1,1,240100800
201800032224,2018-09-05,2018,septembre,mercredi,14:00,01,01443,45.98515,5.07872,1,1,3,1,1,4,2,02,1,1,,,1,0,1,4,1,75,5,1,2,13,2,3,1,201800032224B01,21,14,1,200069193
201800032234,2018-01-02,2018,janvier,mardi,16:05,69,69091,45.58935,4.77103,2,9,3,1,1,3,2,00,1,1,0,94,1,3,1,4,1,27,5,1,2,0,2,8,1,201800032234B01,7,15,1,200046977
201800032236,2018-01-30,2018,janvier,mardi,19:30,69,69091,45.59402,4.76995,2,1,3,5,1,4,2,02,1,1,16,78,1,0,1,4,1,43,5,2,2,0,2,1,6,201800032236B01,7,1,1,200046977
201800032351,2018-01-23,2018,janvier,mardi,07:45,69,69290,45.7086,4.9192,2,2,3,2,8,4,3,05,1,1,0,84,2,5,1,3,1,33,1,1,2,0,2,4,19,201800032351B01,7,1,1,200046977
201800032357,2018-01-26,2018,janvier,vendredi,08:15,69,69266,45.77784,4.88155,2,2,5,1,2,4,2,02,1,1,0,0,2,0,1,4,1,25,1,2,2,0,2,1,1,201800032357C01,7,16 / 1,2,200046977
201800032358,2018-01-31,2018,janvier,mercredi,08:50,69,69266,45.77296,4.85975,2,2,3,1,1,4,3,04,1,1,31,92,1,0,1,4,1,23,1,2,2,0,2,5,19,201800032358A01,7,16,1,200046977
201800032366,2018-02-06,2018,février,mardi,19:05,69,69282,45.77034,4.99287,2,6,3,5,2,4,2,02,1,2,0,84,2,5,1,4,2,60,0,1,2,0,2,7,1,201800032366B01,7,9,1,200046977
201800032379,2018-02-26,2018,février,lundi,18:10,69,69266,45.757,4.88,2,3,3,2,1,4,2,02,1,1,0,61,1,0,1,4,1,31,5,2,2,0,2,3,1,201800032379B01,7,15,1,200046977
201800032399,2018-03-19,2018,mars,lundi,16:00,69,69275,45.77242,4.95693,2,8,3,1,1,4,2,02,1,1,0,90,1,0,0,4,1,86,5,3,9,0,4,7,19,201800032399B01,40,1,1,200046977
201800032401,2018-03-23,2018,mars,vendredi,16:15,69,69266,45.75659,4.92124,2,1,1,1,1,4,2,03,1,1,0,0,1,0,1,4,1,70,5,2,2,0,2,1,5,201800032401B01,7,1,1,200046977
201800032506,2018-07-12,2018,juillet,jeudi,14:15,69,69266,45.76335,4.91337,2,5,3,1,1,4,2,12,1,1,,,1,0,3,4,1,21,0,3,9,0,2,0,19,201800032506B01,99,0,1,200046977
201800032530,2018-08-20,2018,août,lundi,08:30,69,69266,45.75435,4.88567,2,2,3,1,1,4,2,02,1,1,,,1,0,3,4,2,20,1,3,9,0,2,1,19,201800032530B01,7,1,1,200046977
201800032576,2018-09-27,2018,septembre,jeudi,08:45,69,69282,45.77857,5.01862,2,1,3,1,7,7,2,02,1,1,,,1,0,2,4,1,11,2,1,2,0,2,0,0,201800032576B01,7,1,1,200046977
201800032679,2018-08-05,2018,août,dimanche,12:20,2A,2A021,41.82326,9.02665,2,9,1,1,1,3,2,02,2,2,,,1,0,1,4,1,12,5,2,2,0,2,1,5,201800032679B01,7,1,1,242010130
201800032692,2018-01-12,2018,janvier,vendredi,18:05,51,51649,48.72523,4.60502,2,6,3,3,1,4,2,02,1,2,,,1,5,1,3,1,61,5,2,4,0,2,4,9,201800032692B01,7,9,1,200034718
201800032740,2018-05-13,2018,mai,dimanche,16:25,86,86140,46.40004,0.71681,2,1,1,1,1,3,2,02,2,1,,,1,0,3,1,1,18,5,3,2,0,2,1,1,201800032740B01,31,11,1,200070043
201800032744,2018-09-08,2018,septembre,samedi,16:15,86,86228,46.38984,0.53544,1,1,2,1,1,3,2,01,2,1,,,1,0,1,3,1,46,5,1,2,1,0,1,2,201800032744B01,21,23,1,200070043
201800032765,2018-03-03,2018,mars,samedi,19:45,87,87157,45.9542,1.48063,1,1,4,3,1,3,2,02,2,1,0,0,1,0,1,2,1,16,5,1,9,0,0,4,2,201800032765B01,10 / 7,2 / 1,2,200066512
201800032779,2018-04-25,2018,avril,mercredi,19:10,62,62204,50.39458,1.88339,2,1,1,1,1,3,2,02,1,1,,,1,0,1,4,1,15,5,3,2,0,2,0,19,201800032779B01,7,1,1,200044030
201800032807,2018-07-10,2018,juillet,mardi,15:50,08,08083,49.66642,5.05627,1,1,2,1,1,4,2,02,1,1,,,1,0,1,3,1,15,5,2,2,0,2,4,2,201800032807A01,7,2,1,240800847
201800032809,2018-09-27,2018,septembre,jeudi,20:20,08,08053,49.68273,4.97373,2,1,3,5,1,3,2,02,2,1,,,1,3,1,4,1,25,5,3,2,0,2,1,1,201800032809B01,7,15,1,200041630
201800032815,2018-05-26,2018,mai,samedi,18:15,54,54345,48.59373,6.26187,1,2,3,1,1,3,2,02,2,1,,,1,0,1,3,1,76,5,1,2,0,2,1,1,201800032815B01,7,1,1,245400189
201800032820,2018-11-03,2018,novembre,samedi,14:20,54,54462,48.60141,6.34246,1,1,2,1,1,3,2,02,1,1,,,1,2,1,4,1,14,5,2,2,0,2,4,11,201800032820B01,7,2,1,245400189
201800032821,2018-11-08,2018,novembre,jeudi,14:50,54,54462,48.58402,6.37154,1,1,1,1,1,3,2,02,4,2,,,1,0,1,4,1,54,5,2,2,0,2,0,13,201800032821A01,7,21,1,245400189
201800032834,2018-01-23,2018,janvier,mardi,13:20,71,71076,46.79396,4.85264,2,6,3,1,1,4,2,02,1,2,0,121,1,0,1,3,1,57,1,1,2,0,2,7,1,201800032834B01,7,9,1,247100589
201800032837,2018-03-26,2018,mars,lundi,17:18,71,71076,46.78744,4.83873,2,2,3,1,1,4,2,05,1,1,0,0,1,0,1,2,1,81,5,2,2,0,2,0,19,201800032837A01,7,1,1,247100589
201800032864,2018-01-22,2018,janvier,lundi,09:15,71,71153,46.79505,4.43233,2,6,6,1,2,4,1,02,1,2,0,0,2,5,1,4,2,31,1,1,2,0,0,8,1,201800032864B01,7,14,1,247100290
201800032881,2018-08-30,2018,août,jeudi,18:05,71,71540,46.77557,4.44602,1,1,2,1,1,4,2,03,1,1,,,1,0,3,4,1,21,9,3,9,0,2,4,0,201800032881B01,7,0,1,247100290
201800032908,2018-06-29,2018,juin,vendredi,13:45,35,35245,48.24403,-1.88166,1,1,2,1,1,4,2,02,1,2,,,1,0,1,3,1,84,5,2,2,0,2,4,2,201800032908B01,7,2,1,243500139
201800032914,2018-02-06,2018,février,mardi,06:40,71,71497,46.3394,4.84691,2,1,2,3,2,3,2,05,1,1,0,0,2,2,1,3,1,31,1,1,4,0,2,4,1,201800032914B01,7,9,1,200070308
201800033069,2018-04-24,2018,avril,mardi,20:25,12,12263,44.34468,1.95287,1,2,3,1,1,3,2,02,3,1,,,1,0,1,2,1,12,5,3,2,0,2,8,19,201800033069B01,7,1,1,200069383
201800033079,2018-10-16,2018,octobre,mardi,14:55,12,12300,44.37327,2.01441,2,4,3,1,1,3,2,02,1,3,,,1,0,1,3,1,63,5,3,2,0,2,1,2,201800033079A01,1,15,1,200069383
201800033079,2018-10-16,2018,octobre,mardi,14:55,12,12300,44.37327,2.01441,2,4,3,1,1,3,2,02,1,3,,,1,0,1,1,1,79,5,1,2,0,2,4,15,201800033079B01,1,2,1,200069383
201800033093,2018-02-02,2018,février,vendredi,18:30,72,72181,48.02558,0.18164,2,6,3,5,2,4,3,04,1,1,0,0,2,5,1,3,1,14,3,2,2,0,2,1,15,201800033093B01,7,15,1,247200132
201800033098,2018-02-20,2018,février,mardi,11:55,72,72181,47.96755,0.21487,2,1,6,1,2,4,2,02,1,1,0,0,2,0,1,4,2,58,9,2,2,0,2,1,1,201800033098B01,7,22,1,247200132
201800033219,2018-05-20,2018,mai,dimanche,10:10,83,83043,43.23983,6.34946,1,1,1,1,2,3,-1,02,2,3,,,1,0,3,3,2,46,5,1,2,0,2,1,13,201800033219B01,7,1,1,200027100
201800033226,2018-03-24,2018,mars,samedi,15:30,37,37063,47.58565,0.90338,2,3,3,1,1,3,2,02,1,1,,,1,0,1,3,1,17,5,2,2,0,2,1,5,201800033226A01,7,1,1,243700499
201800033243,2018-01-20,2018,janvier,samedi,13:15,73,73008,45.6966,5.90752,2,6,3,1,2,3,3,03,1,1,0,0,2,0,1,3,1,70,3,1,4,0,2,1,9,201800033243B01,7,9,1,200068674
201800033248,2018-03-27,2018,mars,mardi,17:35,73,73008,45.68811,5.90973,2,6,3,2,2,3,2,02,2,1,0,90,2,5,1,3,1,26,1,1,2,0,2,5,1,201800033248B01,7,9,1,200068674
201800033253,2018-03-25,2018,mars,dimanche,10:15,73,73011,45.6639,6.36414,2,2,3,1,1,4,2,02,1,1,0,0,1,0,0,4,2,57,5,2,9,0,2,1,21,201800033253B01,7,16,1,200068997
201800033256,2018-06-21,2018,juin,jeudi,08:36,73,73011,45.66386,6.36415,2,3,3,1,1,3,2,02,1,1,,,1,5,1,4,1,14,0,3,3,0,2,1,1,201800033256B01,7,16,1,200068997
201800033283,2018-03-23,2018,mars,vendredi,21:30,73,73065,45.56486,5.92408,2,1,3,5,1,4,-1,00,1,1,0,0,1,6,0,4,1,16,5,3,2,0,2,0,1,201800033283A01,30,,1,200069110
201800033346,2018-08-20,2018,août,lundi,15:20,37,37031,47.27477,0.17707,1,3,1,1,1,3,2,02,-1,-1,,,,0,1,3,2,89,3,2,2,0,2,8,15,201800033346B01,7,13,1,200072981
201800033353,2018-01-14,2018,janvier,dimanche,07:45,74,74010,45.91476,6.12952,2,6,6,2,1,4,2,00,1,2,0,55,1,0,1,3,2,49,1,2,9,0,9,2,1,201800033353B02,7,9,1,200066793
201800033381,2018-06-12,2018,juin,mardi,19:53,74,74010,45.90534,6.12393,2,1,6,1,2,4,2,02,1,1,,,2,0,3,1,1,25,5,3,4,0,1,2,19,201800033381A01,,,,200066793
201800033384,2018-06-30,2018,juin,samedi,15:30,74,74093,45.89611,6.11127,2,9,3,1,1,4,1,01,2,1,,,1,5,3,4,1,70,0,3,4,0,2,3,1,201800033384B01,7,1,1,
201800033412,2018-01-12,2018,janvier,vendredi,08:35,74,74012,46.19378,6.22838,2,6,3,1,1,4,1,02,1,2,0,40,1,0,1,4,2,42,9,1,2,0,2,5,16,201800033412A01,7,15,1,200011773
201800033417,2018-01-17,2018,janvier,mercredi,18:50,74,74133,46.188,6.2101,2,1,6,5,1,4,2,00,1,1,0,0,1,6,4,4,1,26,9,2,9,1,0,4,2,201800033417A01,,,,200011773
201800033433,2018-02-16,2018,février,vendredi,11:30,74,74012,46.19662,6.24243,2,1,7,1,1,4,2,02,1,1,0,70,1,0,3,4,2,21,4,1,2,12,0,8,15,201800033433A01,,,,200011773
201800033434,2018-02-24,2018,février,samedi,20:25,74,74012,46.19277,6.22907,2,6,3,5,1,3,2,02,1,1,0,0,1,0,1,4,1,30,1,2,9,0,2,2,2,201800033434B01,7,9,1,200011773
201800033548,2018-10-08,2018,octobre,lundi,13:55,74,74012,46.19565,6.24431,2,9,3,1,1,4,2,02,1,1,,,1,0,1,4,1,4,2,3,4,0,2,1,0,201800033548B01,13,16,1,200011773
201800033607,2018-09-11,2018,septembre,mardi,08:20,49,49244,47.36065,-1.00666,2,3,1,1,1,3,,,,,,,,,,4,1,13,2,3,2,0,2,1,1,201800033607B01,7,15,1,200060010
201800033615,2018-05-19,2018,mai,samedi,08:50,50,50199,48.68743,-1.46072,1,1,4,1,7,3,2,02,2,1,,,1,0,1,2,2,38,5,3,2,0,2,4,1,201800033615B01,7,1,1,200069425
201800033615,2018-05-19,2018,mai,samedi,08:50,50,50199,48.68743,-1.46072,1,1,4,1,7,3,2,02,2,1,,,1,0,1,4,2,10,5,1,2,0,2,0,1,201800033615C01,7,1,1,200069425
201800033650,2018-08-27,2018,août,lundi,11:05,2B,2B291,42.38059,9.3774,1,1,6,1,1,3,2,02,2,3,,,1,0,1,3,1,51,5,1,2,10,0,1,19,201800033650A01,,,,200073252
201800033736,2018-03-09,2018,mars,vendredi,19:00,76,76351,49.51271,0.11068,2,2,3,5,1,4,2,01,1,1,0,53,2,0,1,4,1,44,5,2,2,0,2,1,1,201800033736B01,7,1,1,200084952
201800033936,2018-01-31,2018,janvier,mercredi,12:45,76,76681,49.42048,1.08563,2,3,3,1,2,4,2,02,1,1,0,0,2,0,1,4,1,42,1,1,2,0,2,2,1,201800033936B01,7,15,1,200023414
201800034213,2018-03-27,2018,mars,mardi,17:00,77,77058,48.835,2.70582,2,6,3,1,2,3,2,02,1,3,0,0,2,5,1,3,1,41,0,3,2,0,2,7,1,201800034213B01,7,1,1,247700594
201800034249,2018-10-04,2018,octobre,jeudi,09:30,77,77058,48.83215,2.7233,2,6,3,1,1,4,2,02,1,3,,,1,0,1,4,1,64,0,3,3,0,2,8,19,201800034249B01,7,16,1,247700594
201800034269,2018-12-13,2018,décembre,jeudi,14:15,77,77464,48.89904,2.71323,2,6,2,1,7,3,2,02,2,1,,,1,5,1,4,1,65,5,1,2,0,2,0,0,201800034269B01,7,2,1,247700594
201800034384,2018-12-20,2018,décembre,jeudi,13:30,77,77122,48.65902,2.56358,2,1,3,1,1,4,2,02,1,1,,,1,0,3,4,1,14,2,3,3,0,2,1,19,201800034384B01,7,1,1,200059228
201800034516,2018-04-19,2018,avril,jeudi,18:25,77,77118,48.94732,2.69071,2,1,3,1,1,3,2,02,2,1,,,1,0,3,4,1,25,0,1,2,0,2,3,3,201800034516B01,7,1,1,200055655
201800034597,2018-03-19,2018,mars,lundi,08:00,78,78498,48.94414,2.06192,1,1,6,1,9,3,2,02,-1,-1,0,0,5,0,1,4,1,40,0,3,9,0,2,8,0,201800034597B01,10,0,1,200059889
201800034665,2018-01-06,2018,janvier,samedi,00:44,78,78401,49.00694,1.91856,2,1,7,5,9,6,-1,00,2,1,0,0,2,0,3,2,1,17,5,2,2,6,0,1,1,201800034665A01,,,,200059889
201800034668,2018-01-18,2018,janvier,jeudi,07:50,78,78440,48.995,1.93354,2,3,3,3,2,3,2,02,1,1,10,10,2,0,1,3,1,31,1,2,9,0,2,1,1,201800034668B01,7,9,1,200059889
201800034682,2018-05-08,2018,mai,mardi,19:00,78,78440,48.98214,1.91636,2,9,6,1,1,6,-1,00,1,1,,,1,0,3,1,1,11,5,3,3,0,1,1,0,201800034682A01,,,,200059889
201800034682,2018-05-08,2018,mai,mardi,19:00,78,78440,48.98214,1.91636,2,9,6,1,1,6,-1,00,1,1,,,1,0,3,4,1,11,5,3,3,0,1,1,0,201800034682A01,,,,200059889
201800034698,2018-10-14,2018,octobre,dimanche,14:25,78,78440,48.99242,1.90299,2,1,6,1,1,3,2,02,1,1,,,1,0,3,3,1,50,0,3,8,0,2,0,0,201800034698B02,7,2,1,200059889
201800034872,2018-05-17,2018,mai,jeudi,20:00,79,79191,46.32765,-0.46612,2,3,3,1,1,4,1,01,1,1,,,1,0,3,4,1,14,2,1,2,0,2,1,1,201800034872A01,7,1,1,200041317
201800034874,2018-05-24,2018,mai,jeudi,18:35,79,79191,46.33856,-0.4468,2,1,3,1,1,3,2,02,1,1,,120,1,0,3,4,2,47,1,1,9,0,2,3,1,201800034874B01,7,15,1,200041317
201800034875,2018-05-25,2018,mai,vendredi,08:25,79,79191,46.31069,-0.47416,2,3,1,1,1,4,2,02,1,1,,50,1,0,1,3,2,7,2,1,9,0,2,2,5,201800034875B01,7,1,1,200041317
201800034882,2018-08-21,2018,août,mardi,08:45,79,79191,46.32265,-0.46187,2,7,2,1,1,4,1,01,1,1,,,1,0,3,4,1,60,1,3,9,0,2,0,21,201800034882B01,10,20,1,200041317
201800034883,2018-08-24,2018,août,vendredi,13:40,79,79081,46.33985,-0.40369,2,9,2,1,1,3,3,04,1,1,25,225,1,3,1,3,1,23,1,3,9,0,2,4,2,201800034883B01,7,2,1,200041317
201800034889,2018-09-19,2018,septembre,mercredi,11:51,79,79191,46.31979,-0.45483,2,6,2,1,1,4,2,02,2,1,,110,1,5,3,3,2,50,1,3,9,0,2,4,2,201800034889B01,7,2,1,200041317
201800034891,2018-10-23,2018,octobre,mardi,11:20,79,79191,46.32455,-0.4556,2,1,6,1,1,4,2,02,1,1,,70,1,0,3,1,1,22,5,1,2,0,1,2,1,201800034891A01,,,,200041317
201800034971,2018-01-26,2018,janvier,vendredi,15:15,80,80021,49.89602,2.29769,2,2,3,1,1,4,1,01,3,1,0,0,1,0,1,4,1,24,9,1,2,0,2,1,1,201800034971B01,7,1,1,248000531
201800034977,2018-02-02,2018,février,vendredi,16:40,80,80021,49.88258,2.32182,2,2,2,1,1,4,1,02,3,1,0,0,1,0,1,4,1,18,9,1,2,0,2,3,5,201800034977A01,7,16,1,248000531
201800034979,2018-02-05,2018,février,lundi,08:00,80,80021,49.91434,2.25644,2,1,3,2,1,4,2,02,1,1,0,0,1,0,1,4,2,17,9,1,2,0,2,1,19,201800034979A01,7,1,1,248000531
201800034985,2018-02-16,2018,février,vendredi,13:50,80,80021,49.88557,2.27972,2,1,2,1,1,4,1,01,1,1,0,0,1,0,1,4,1,20,9,1,2,0,2,1,1,201800034985A01,7,1,1,248000531
201800034991,2018-02-23,2018,février,vendredi,16:45,80,80489,49.87318,2.35568,2,1,6,1,1,4,2,02,1,1,0,0,1,0,1,4,1,17,9,1,2,0,1,1,1,201800034991A01,,,,248000531
201800034996,2018-03-08,2018,mars,jeudi,07:40,80,80021,49.89389,2.29423,2,2,3,1,1,4,1,01,1,1,0,0,1,0,1,4,1,60,9,1,2,0,2,1,1,201800034996B01,3,1,1,248000531
201800035002,2018-03-15,2018,mars,jeudi,14:20,80,80021,49.87957,2.30848,2,1,6,1,1,4,1,01,1,1,0,0,1,0,1,4,1,20,9,1,2,1,0,1,1,201800035002B01,7,22,1,248000531
201800035014,2018-03-30,2018,mars,vendredi,08:30,80,80021,49.88703,2.26819,2,1,1,1,1,4,2,02,1,1,0,0,1,0,1,4,2,19,5,2,9,0,2,1,13,201800035014A01,7,1,1,248000531
201800035054,2018-05-11,2018,mai,vendredi,17:55,80,80021,49.89242,2.29985,2,1,6,1,1,4,3,04,1,1,,,1,6,1,4,1,7,5,3,3,0,1,1,1,201800035054A01,,,,248000531
201800035246,2018-03-06,2018,mars,mardi,07:45,82,82033,44.04508,1.11477,2,6,3,1,1,3,2,02,1,1,0,83,2,5,1,4,1,49,1,2,2,0,2,5,2,201800035246B01,7,9,1,200066322
201800035327,2018-09-28,2018,septembre,vendredi,18:10,83,83050,43.53415,6.45806,2,1,6,1,1,3,2,04,1,1,,,1,5,3,4,1,49,0,3,2,0,2,1,1,201800035327B01,7,15,1,248300493
201800035500,2018-01-31,2018,janvier,mercredi,17:40,83,83137,43.12968,5.92062,2,1,3,2,1,4,2,01,2,1,0,75,1,0,1,4,2,20,0,2,2,0,2,1,1,201800035500B01,7,13,1,248300543
201800035508,2018-02-19,2018,février,lundi,06:40,83,83062,43.12863,6.01921,2,1,2,5,2,4,1,01,1,-1,30,60,2,5,5,3,1,54,1,1,4,0,2,4,1,201800035508A01,7,16,1,248300543
201800035694,2018-01-24,2018,janvier,mercredi,19:55,84,84031,44.04497,5.04848,2,1,6,5,1,4,2,02,1,1,0,0,1,0,0,3,1,21,9,2,2,0,2,3,1,201800035694B01,7,16,1,248400053
201800035778,2018-03-08,2018,mars,jeudi,11:20,85,85166,46.53747,1.77638,2,2,3,1,1,3,2,02,2,1,0,0,1,0,1,2,1,69,5,1,2,0,2,8,1,201800035778B01,7,19,1,
201800035842,2018-01-23,2018,janvier,mardi,19:30,86,86194,46.57818,0.35073,2,2,1,2,2,4,3,03,1,1,10,70,2,2,1,4,1,27,5,3,9,0,2,1,2,201800035842B01,7,15,1,200069854
201800035843,2018-01-25,2018,janvier,jeudi,19:40,86,86194,46.56983,0.31506,2,1,3,5,2,4,2,02,1,1,0,60,2,0,1,3,1,30,0,3,9,0,2,1,1,201800035843B01,7,15,1,200069854
201800035850,2018-02-02,2018,février,vendredi,08:10,86,86194,46.57252,0.35896,2,6,3,1,1,4,1,00,1,2,0,0,1,0,1,4,2,48,0,3,4,0,2,7,13,201800035850B01,7,9,1,200069854
201800035870,2018-03-29,2018,mars,jeudi,09:00,86,86158,46.62766,0.30556,2,1,6,1,1,3,2,02,1,1,0,60,1,0,1,4,2,52,5,3,9,0,2,7,1,201800035870B01,7,9,1,200069854
201800035972,2018-01-06,2018,janvier,samedi,08:48,87,87085,45.8412,1.26182,2,1,6,2,2,4,2,02,1,1,0,60,2,0,1,4,2,27,1,3,2,0,2,2,1,201800035972B01,7,22,1,248719312
201800035985,2018-01-24,2018,janvier,mercredi,17:11,87,87085,45.8249,1.27476,2,3,3,1,1,3,2,04,1,1,0,120,1,0,1,4,1,68,5,3,9,0,2,1,1,201800035985B01,7,15,1,248719312
201800035988,2018-01-22,2018,janvier,lundi,13:44,87,87085,45.8363,1.26441,2,1,3,1,1,4,3,02,2,1,0,60,1,0,1,4,1,27,5,3,9,0,2,1,1,201800035988B01,7,20,1,248719312
201800036082,2018-05-23,2018,mai,mercredi,13:46,87,87050,45.8671,1.25917,2,9,6,1,1,4,1,02,2,2,0,0,1,0,3,4,2,37,1,1,2,0,2,3,1,201800036082B01,7,16,1,248719312
201800036090,2018-06-01,2018,juin,vendredi,17:00,87,87085,45.8097,1.23534,2,1,6,1,1,4,2,02,2,1,0,0,1,0,3,4,1,32,5,1,2,0,2,8,1,201800036090A01,7,17,1,248719312
201800036092,2018-06-04,2018,juin,lundi,17:31,87,87085,45.8849,1.28129,2,1,6,1,1,4,3,03,1,1,0,0,1,0,3,4,1,33,5,1,2,0,2,8,1,201800036092B01,10,22,1,248719312
201800036103,2018-06-14,2018,juin,jeudi,08:35,87,87085,45.8241,1.23827,2,2,3,1,1,4,2,02,1,1,0,0,1,0,3,4,2,24,1,1,2,0,2,8,1,201800036103B01,7,1,1,248719312
201800036105,2018-06-15,2018,juin,vendredi,19:39,87,87085,45.8342,1.26109,1,1,2,1,1,4,2,02,1,1,0,0,1,0,3,4,1,19,5,1,2,0,2,1,2,201800036105A01,7,2,1,248719312
201800036120,2018-07-04,2018,juillet,mercredi,15:45,87,87085,45.8673,1.26936,2,6,7,1,3,4,3,03,2,1,0,0,2,5,3,4,2,53,4,1,2,0,0,0,1,201800036120A01,,,,248719312
201800036121,2018-07-02,2018,juillet,lundi,17:22,87,87114,45.8284,1.30682,2,1,7,1,1,4,2,02,1,1,0,0,1,0,3,3,1,15,5,3,3,12,0,1,0,201800036121A01,,,,248719312
201800036123,2018-07-08,2018,juillet,dimanche,11:09,87,87085,45.8241,1.25448,2,1,6,1,1,4,2,02,1,1,0,0,1,0,3,3,1,56,5,3,3,0,0,1,1,201800036123A01,,,,248719312
201800036138,2018-07-29,2018,juillet,dimanche,19:18,87,87114,45.8229,1.31904,1,1,6,1,1,4,2,02,1,2,0,0,1,0,3,4,1,38,5,3,3,0,0,1,16,201800036138A01,,,,248719312
201800036146,2018-08-07,2018,août,mardi,09:08,87,87085,45.876,1.28311,2,1,3,1,1,4,2,02,2,1,0,0,1,0,3,4,1,15,5,3,3,0,2,1,9,201800036146A01,7,0,1,248719312
201800036150,2018-08-13,2018,août,lundi,22:24,87,87085,45.8199,1.24926,2,1,6,5,1,4,3,04,1,1,0,0,1,0,3,4,2,18,1,1,2,12,0,1,0,201800036150A01,,,,248719312
201800036152,2018-08-18,2018,août,samedi,15:33,87,87085,45.8295,1.27231,1,1,6,1,1,5,-1,01,1,1,0,0,1,0,3,4,2,8,5,1,2,0,0,0,1,201800036152A01,,,,248719312