Num_Acc,date,an,mois,jour,hrmn,dep,com,lat,long,agg,int,col,lum,atm,catr,circ,nbv,prof,plan,lartpc,larrout,surf,infra,situ,grav,sexe,age,trajet,secuexist,equipement,obs,obsm,choc,manv,vehiculeid,typevehicules,manoeuvehicules,numVehicules,_infos_commune.code_epci
201800036164,2018-08-29,2018,août,mercredi,13:49,87,87085,45.8294,1.26248,2,1,7,1,1,4,2,03,1,1,0,0,1,0,4,4,1,29,5,1,2,0,0,0,0,201800036164A01,,,,248719312
201800036169,2018-09-05,2018,septembre,mercredi,16:30,87,87085,45.8213,1.25164,2,3,3,1,1,4,2,02,1,1,0,0,1,0,3,4,2,25,5,3,3,0,2,3,1,201800036169B01,7,9,1,248719312
201800036176,2018-09-11,2018,septembre,mardi,17:41,87,87085,45.8944,1.28909,2,1,6,1,1,4,2,02,1,4,0,0,1,0,3,4,1,61,5,1,2,0,2,8,13,201800036176A01,7,1,1,248719312
201800036189,2018-09-26,2018,septembre,mercredi,17:37,87,87075,45.7994,1.22753,2,1,3,1,1,2,2,03,1,1,0,0,1,2,3,3,1,72,5,1,2,0,2,1,1,201800036189B01,7,15,1,248719312
201800036209,2018-10-19,2018,octobre,vendredi,17:31,87,87085,45.8265,1.24299,2,3,3,1,1,4,2,02,1,1,0,0,1,0,3,4,2,39,5,3,3,0,2,1,1,201800036209B01,7,15,1,248719312
201800036241,2018-11-24,2018,novembre,samedi,20:55,87,87085,45.8294,1.24469,2,2,3,5,1,4,2,02,1,1,0,0,1,0,2,4,1,23,5,1,2,0,2,1,1,201800036241A01,7,15,1,248719312
201800036250,2018-12-03,2018,décembre,lundi,19:19,87,87075,45.8191,1.18781,1,1,2,2,3,3,2,02,1,1,0,0,2,0,3,3,1,39,5,3,3,0,2,4,2,201800036250A01,7,2,1,248719312
201800036256,2018-12-07,2018,décembre,vendredi,11:32,87,87085,45.8326,1.26656,2,1,7,1,2,4,3,04,2,1,0,0,2,0,3,4,1,87,5,3,3,0,0,8,1,201800036256A01,,,,248719312
201800036333,2018-03-25,2018,mars,dimanche,15:47,89,89387,48.18588,3.27224,1,4,3,1,1,4,2,02,1,-1,0,0,1,0,1,4,1,70,5,3,2,0,2,1,15,201800036333B01,7,1,1,248900334
201800036354,2018-01-16,2018,janvier,mardi,12:14,90,90099,47.66929,6.84212,2,1,6,1,3,6,2,02,1,3,0,0,3,0,1,1,1,19,9,2,2,0,1,1,1,201800036354A01,,,,200069052
201800036407,2018-02-23,2018,février,vendredi,10:30,91,91457,48.57545,2.27224,1,1,3,1,1,3,3,04,1,3,0,0,1,0,1,4,1,74,5,1,2,0,2,1,19,201800036407B01,7,1,1,200057859
201800036513,2018-11-18,2018,novembre,dimanche,15:37,91,91103,48.588,2.305,2,1,3,1,1,4,2,02,1,1,,,1,0,3,3,1,15,9,1,2,0,2,1,1,201800036513A01,7,9,1,200057859
201800036621,2018-03-16,2018,mars,vendredi,12:35,91,91174,48.61086,2.45334,2,6,2,1,9,3,1,01,1,2,0,0,-1,5,1,3,1,65,9,3,4,0,2,4,16,201800036621B01,7,1,1,200059228
201800036687,2018-01-05,2018,janvier,vendredi,12:20,91,91223,48.41457,2.19726,1,1,3,1,2,3,2,02,1,1,0,0,2,0,1,3,1,53,5,3,2,0,2,6,1,201800036687B01,7,17,1,200017846
201800037035,2018-01-05,2018,janvier,vendredi,07:30,91,91477,48.7142,2.25825,2,6,3,5,1,3,1,01,1,3,70,70,1,5,1,4,1,55,9,1,2,0,2,7,1,201800037035B01,7,1,1,200056232
201800037038,2018-03-25,2018,mars,dimanche,07:15,91,91477,48.71058,2.25265,2,1,3,5,1,4,2,03,1,1,0,0,1,0,1,3,1,25,9,2,9,0,2,3,19,201800037038B01,7,13,1,200056232
201800037065,2018-03-03,2018,mars,samedi,19:30,91,91549,48.63532,2.35358,2,1,3,3,1,3,2,02,1,1,0,0,1,0,1,4,1,32,5,1,4,0,2,7,19,201800037065B01,7,1,1,200057859
201800037077,2018-10-16,2018,octobre,mardi,10:35,91,91549,48.64876,2.31834,2,6,3,1,2,4,2,02,1,1,,,1,5,2,3,1,70,9,3,2,0,2,7,19,201800037077B01,10,9,1,200057859
201800037079,2018-10-09,2018,octobre,mardi,17:35,91,91570,48.62249,2.32111,2,1,3,1,1,4,2,02,1,1,,,1,0,3,3,1,17,5,1,2,1,2,8,19,201800037079B01,7,1,1,200057859
201800037157,2018-07-06,2018,juillet,vendredi,13:30,92,92014,48.78489,2.30974,2,2,3,1,1,3,2,03,1,1,0,0,1,0,1,4,2,39,9,2,2,0,2,8,1,201800037157B01,7,15,1,200054781
201800037157,2018-07-06,2018,juillet,vendredi,13:30,92,92014,48.78489,2.30974,2,2,3,1,1,3,2,03,1,1,0,0,1,0,1,4,1,3,9,1,2,0,2,8,1,201800037157B01,7,15,1,200054781
201800037234,2018-02-03,2018,février,samedi,17:55,92,92004,0,0,2,1,6,1,1,3,1,01,1,1,0,0,1,0,1,1,1,44,1,1,2,0,1,4,15,201800037234A01,,,,200054781
201800037238,2018-03-30,2018,mars,vendredi,23:50,92,92004,48.9097,2.28033,2,1,6,5,1,3,2,02,1,1,0,0,1,0,1,4,1,17,5,2,9,0,2,1,1,201800037238B01,7,15,1,200054781
201800037263,2018-06-13,2018,juin,mercredi,19:00,92,92004,48.9131,2.28432,2,1,6,1,1,3,2,02,1,1,0,0,1,0,1,1,1,47,0,2,9,0,2,1,15,201800037263A01,1,1,1,200054781
201800037263,2018-06-13,2018,juin,mercredi,19:00,92,92004,48.9131,2.28432,2,1,6,1,1,3,2,02,1,1,0,0,1,0,1,4,1,50,0,3,9,0,2,7,1,201800037263B01,1,15,1,200054781
201800037403,2018-01-30,2018,janvier,mardi,08:45,92,92012,0,0,2,2,3,1,1,4,1,01,1,1,0,0,1,0,1,4,2,51,4,2,9,0,2,1,1,201800037403A01,7,1,1,200054781
201800037420,2018-03-26,2018,mars,lundi,19:40,92,92012,48.83586,2.2391,2,3,3,2,1,4,2,00,1,1,0,0,1,0,1,1,2,54,9,2,2,0,2,1,2,201800037420B01,3,15,1,200054781
201800037422,2018-04-05,2018,avril,jeudi,13:05,92,92012,48.8461,2.22705,2,1,2,1,1,3,1,02,1,1,0,0,1,0,1,3,1,48,5,1,2,0,2,3,2,201800037422B01,7,1,1,200054781
201800037427,2018-04-13,2018,avril,vendredi,09:25,92,92012,48.83693,2.23655,2,1,2,1,1,4,1,01,1,1,0,0,1,0,1,4,2,62,9,2,9,0,9,8,0,201800037427B01,7,4,1,200054781
201800037433,2018-05-02,2018,mai,mercredi,05:20,92,92012,48.83205,2.25305,2,2,3,2,1,3,2,02,1,1,0,0,1,0,1,4,1,55,1,2,2,0,2,7,1,201800037433A01,10,1,1,200054781
201800037438,2018-05-13,2018,mai,dimanche,20:35,92,92012,48.83465,2.24634,2,2,3,1,1,3,2,04,1,1,0,0,1,0,0,4,2,28,5,3,9,0,2,4,15,201800037438B01,7,15,1,200054781
201800037459,2018-06-27,2018,juin,mercredi,17:00,92,92012,48.83879,2.24,2,1,3,1,1,4,1,01,1,1,25,75,1,0,1,4,2,55,5,1,2,0,2,1,2,201800037459B01,7,22,1,200054781
201800037545,2018-05-24,2018,mai,jeudi,08:15,92,92019,48.76489,2.26539,2,3,3,1,1,3,2,02,2,1,0,97,1,0,1,3,1,39,1,2,2,0,2,7,19,201800037545B01,10,16,1,200054781
201800037568,2018-02-01,2018,février,jeudi,08:45,92,92023,48.80765,2.26395,2,2,3,1,3,4,2,02,1,1,0,0,2,0,1,4,1,47,1,1,2,0,2,1,1,201800037568B01,10,15,1,200054781
201800037610,2018-06-08,2018,juin,vendredi,16:40,92,92023,48.79242,2.26842,2,1,1,1,1,3,1,01,1,1,0,0,1,0,5,3,1,69,5,1,2,0,2,1,2,201800037610B01,7,15,1,200054781
201800037621,2018-06-30,2018,juin,samedi,02:30,92,92023,48.80492,2.26879,2,9,2,5,1,4,2,02,1,1,0,0,1,0,1,4,1,24,0,3,9,0,2,4,7,201800037621B01,34,7,1,200054781
201800037622,2018-06-13,2018,juin,mercredi,18:10,92,92023,48.78026,2.22846,2,4,6,1,1,4,1,01,1,1,0,0,1,0,1,4,1,9,9,2,9,0,2,7,19,201800037622B01,7,7,1,200054781
201800037628,2018-06-29,2018,juin,vendredi,10:05,92,92060,48.78194,2.25273,2,1,6,1,1,3,1,02,1,1,0,0,1,0,1,4,2,73,5,1,2,0,2,3,1,201800037628B01,7,17,1,200054781
201800037634,2018-07-03,2018,juillet,mardi,09:05,92,92023,48.81226,2.26194,2,3,3,1,1,4,2,02,1,1,0,0,1,0,1,4,1,28,1,1,2,0,2,8,15,201800037634B01,7,1,1,200054781
201800037667,2018-01-05,2018,janvier,vendredi,13:25,92,92024,48.9033,2.31363,2,1,3,1,1,3,2,02,1,1,0,0,1,0,1,4,2,60,4,2,2,0,2,1,1,201800037667B01,10,20,1,200054781
201800037681,2018-04-04,2018,avril,mercredi,13:20,92,92024,48.90766,2.29881,2,2,3,1,1,3,2,04,1,1,0,0,1,0,1,4,1,31,0,3,2,0,2,7,1,201800037681B01,7,10,1,200054781
201800037688,2018-04-28,2018,avril,samedi,12:30,92,92024,48.90322,2.28989,2,6,4,1,1,3,2,03,1,1,0,0,1,0,1,4,2,51,5,2,2,0,2,4,1,201800037688A01,10 / 7,1,2,200054781
201800037689,2018-04-07,2018,avril,samedi,11:50,92,92024,48.90199,2.30909,2,1,3,1,1,4,1,01,1,1,0,0,1,0,1,4,2,43,5,2,2,0,2,2,1,201800037689B01,7,20,1,200054781
201800037695,2018-05-02,2018,mai,mercredi,21:25,92,92024,48.90083,2.31546,2,2,3,5,2,3,2,02,1,1,0,0,2,0,1,4,1,20,3,2,2,0,2,7,1,201800037695B01,7,1,1,200054781
201800037700,2018-05-17,2018,mai,jeudi,17:30,92,92024,48.90023,2.30886,2,1,3,1,1,3,1,03,1,1,0,0,1,0,1,1,2,30,1,2,2,0,2,8,7,201800037700B01,34,3,1,200054781
201800037716,2018-06-10,2018,juin,dimanche,18:55,92,92024,48.90122,2.30506,2,2,3,1,1,3,1,03,1,2,0,0,2,0,1,4,1,19,9,2,2,0,2,1,1,201800037716A01,7,1,1,200054781
201800037792,2018-04-22,2018,avril,dimanche,19:10,92,92025,48.9244,2.22,2,1,1,1,1,3,2,00,1,1,0,0,1,0,1,4,1,27,0,1,2,0,2,1,0,201800037792A01,7,0,1,200054781
201800037815,2018-06-25,2018,juin,lundi,17:20,92,92025,48.9244,2.25933,2,2,1,1,1,4,2,00,1,1,0,0,1,0,1,4,1,25,9,1,2,0,2,1,5,201800037815A01,33,15,1,200054781
201800037830,2018-07-17,2018,juillet,mardi,13:00,92,92025,0,0,2,1,1,1,1,1,2,00,1,1,0,0,1,0,1,4,1,55,0,1,2,0,2,1,0,201800037830A01,7,1,1,200054781
201800037926,2018-06-11,2018,juin,lundi,18:40,92,92026,48.89,2.26,2,1,3,1,3,4,2,02,1,1,0,0,2,0,1,4,1,13,5,3,2,0,2,7,17,201800037926A01,7,15,1,200054781
201800037935,2018-07-05,2018,juillet,jeudi,18:05,92,92026,48.89904,2.26162,2,1,1,1,1,4,1,01,1,-1,0,0,1,0,1,3,2,35,0,1,2,0,2,1,5,201800037935B01,7,0,1,200054781
201800037942,2018-07-22,2018,juillet,dimanche,18:00,92,92026,48.92568,2.21584,2,2,3,1,1,4,2,02,1,1,0,0,1,0,1,4,1,41,1,1,4,0,2,1,9,201800037942B01,2,2,1,200054781
201800037996,2018-03-09,2018,mars,vendredi,18:30,92,92026,48.8877,2.2531,2,1,6,2,2,9,2,01,2,1,10,30,2,6,1,1,2,44,1,2,2,0,1,1,1,201800037996A01,,,,200054781
201800037996,2018-03-09,2018,mars,vendredi,18:30,92,92026,48.8877,2.2531,2,1,6,2,2,9,2,01,2,1,10,30,2,6,1,4,2,87,0,3,8,0,1,1,1,201800037996A01,,,,200054781
201800038012,2018-11-09,2018,novembre,vendredi,18:00,92,92062,48.89,2.23,2,1,7,5,1,9,-1,00,1,1,,,1,6,3,4,1,32,1,1,2,0,0,1,0,201800038012A01,,,,200054781
201800038112,2018-06-15,2018,juin,vendredi,21:30,92,92036,48,2.2,2,1,2,5,1,3,3,04,1,1,0,80,1,0,1,4,1,32,1,3,9,0,2,4,0,201800038112A01,2,0,1,200054781
201800038123,2018-07-12,2018,juillet,jeudi,10:40,92,92036,48.92343,2.32122,2,2,3,1,1,3,2,02,1,1,0,0,1,0,1,2,2,23,3,2,2,0,2,0,0,201800038123B01,15,15,1,200054781
201800038207,2018-05-14,2018,mai,lundi,19:15,92,92040,48.82277,2.26347,2,4,3,1,2,3,1,02,2,1,0,56,2,0,1,3,1,48,1,2,2,0,2,1,1,201800038207B01,7,9,1,200054781
201800038208,2018-05-16,2018,mai,mercredi,17:30,92,92040,48.821,2.25924,2,1,2,1,1,4,2,02,1,1,0,0,1,0,1,4,1,17,5,3,9,0,2,1,2,201800038208B01,7,23,1,200054781
201800038227,2018-09-25,2018,septembre,mardi,10:44,92,92040,48.82734,2.27745,2,1,6,1,1,4,2,02,1,1,,,1,0,3,4,2,44,1,1,2,0,2,1,1,201800038227B01,10,24,1,200054781
201800038272,2018-04-14,2018,avril,samedi,14:14,92,92044,48.89276,2.28547,2,9,3,1,1,4,3,02,1,1,0,0,1,0,1,4,1,37,5,1,9,0,2,1,2,201800038272B01,7,16,1,200054781
201800038278,2018-05-07,2018,mai,lundi,19:45,92,92044,48.89276,2.28547,2,1,3,1,1,4,2,02,1,1,0,0,1,0,5,4,1,41,5,3,9,0,2,8,1,201800038278B01,37,1,1,200054781
201800038291,2018-05-06,2018,mai,dimanche,12:00,92,92044,48.89276,2.28547,2,1,6,1,1,4,1,01,1,1,0,0,1,0,1,4,1,58,0,3,9,14,0,1,18,201800038291B01,,,,200054781
201800038292,2018-05-27,2018,mai,dimanche,18:45,92,92044,48.89276,2.28547,2,1,3,1,1,4,1,02,1,1,0,0,1,0,1,4,1,44,5,1,2,0,2,8,1,201800038292B01,7,14,1,200054781
201800038295,2018-07-06,2018,juillet,vendredi,16:50,92,92044,48.89276,2.28547,2,1,2,1,1,4,1,02,1,1,0,0,1,0,1,3,1,25,5,2,9,1,0,1,1,201800038295A01,7,23,1,200054781
201800038297,2018-06-05,2018,juin,mardi,17:55,92,92044,48.89276,2.28547,2,1,6,1,1,4,1,02,1,1,0,0,1,0,1,1,1,21,5,1,2,0,2,1,1,201800038297A01,99,0,1,200054781
201800038357,2018-03-14,2018,mars,mercredi,15:29,92,92048,48.8079,2.23595,2,2,6,1,1,4,2,02,1,1,30,60,1,0,1,4,2,45,5,2,2,0,0,0,2,201800038357B01,7,17,1,200054781
201800038375,2018-07-01,2018,juillet,dimanche,09:50,92,92048,48.81772,2.20428,2,2,3,1,1,3,2,02,1,1,0,70,1,0,1,3,1,36,5,1,2,0,2,1,1,201800038375E01,7,1,1,200054781
201800038420,2018-03-16,2018,mars,vendredi,20:05,92,92020,48.80103,2.28107,2,1,7,5,2,4,2,02,2,1,0,86,2,0,1,3,2,48,1,1,4,0,9,8,13,201800038420A01,,,,200054781
201800038439,2018-05-28,2018,mai,lundi,18:30,92,92049,48.81835,2.31959,2,2,3,1,2,3,2,04,1,1,40,20,1,0,1,4,2,33,1,2,2,0,2,7,19,201800038439B01,7,15,1,200054781
201800038530,2018-01-13,2018,janvier,samedi,15:55,92,92050,48.88975,2.1868,2,2,3,1,1,9,4,01,1,1,0,0,1,0,1,4,1,56,0,2,9,0,0,1,5,201800038530B01,7,19,1,200054781
201800038566,2018-05-09,2018,mai,mercredi,16:55,92,92050,48.88858,2.2241,2,1,2,1,1,4,2,01,2,1,0,0,1,0,1,3,1,50,5,2,9,1,0,1,1,201800038566B01,7,24,1,200054781
201800038581,2018-06-01,2018,juin,vendredi,19:50,92,92050,0,0,2,1,6,1,2,3,1,01,2,1,0,30,2,0,5,4,1,29,0,2,2,0,2,3,5,201800038581B01,,,,200054781
201800038588,2018-06-20,2018,juin,mercredi,16:00,92,92050,48.8914,2.20025,2,7,1,1,1,4,2,04,1,1,0,120,1,0,1,4,1,43,5,3,9,0,2,1,1,201800038588A01,7,15,1,200054781
201800038629,2018-10-05,2018,octobre,vendredi,16:30,92,92050,48.89487,0.20937,2,1,3,1,1,4,2,01,1,1,,,1,0,3,4,2,18,0,3,9,0,2,7,15,201800038629A01,7,0,1,200054781
201800038633,2018-10-12,2018,octobre,vendredi,08:25,92,92050,48.88856,2.19391,2,4,3,1,2,4,1,01,1,1,,,2,0,3,4,2,58,1,3,9,0,2,7,0,201800038633B01,7,0,1,200054781
201800038672,2018-02-21,2018,février,mercredi,18:15,92,92051,48.8858,2.27047,2,1,6,2,1,4,2,02,1,1,0,0,1,0,5,1,1,40,5,3,2,0,1,1,1,201800038672A01,,,,200054781
201800038678,2018-03-19,2018,mars,lundi,12:30,92,92051,0,0,2,1,3,1,8,4,2,02,1,1,0,0,1,0,0,4,2,17,2,2,9,0,2,8,19,201800038678B01,7,21,1,200054781
201800038699,2018-05-25,2018,mai,vendredi,16:30,92,92051,48.88007,2.79664,2,1,1,1,3,4,2,02,1,1,0,35,2,0,1,3,1,23,1,1,2,0,2,3,1,201800038699B01,33,17,1,200054781
201800038740,2018-02-02,2018,février,vendredi,09:50,92,92062,48.88202,2.23472,2,1,6,1,1,4,1,01,1,1,0,0,1,0,1,1,1,41,1,1,2,0,1,1,1,201800038740A01,,,,200054781
201800038752,2018-05-04,2018,mai,vendredi,16:45,92,92062,48.88456,2.22673,2,1,7,1,1,4,2,02,1,1,0,0,1,0,1,4,1,36,1,2,2,0,0,0,0,201800038752B01,7,13,1,200054781
201800038759,2018-06-15,2018,juin,vendredi,08:30,92,92062,48.87779,2.23992,2,1,2,1,1,4,1,01,1,1,0,40,1,0,1,4,1,32,1,2,2,0,2,1,2,201800038759A01,34,21,1,200054781
201800038762,2018-06-26,2018,juin,mardi,20:10,92,92062,48.88124,2.22643,2,2,3,1,1,3,2,02,2,1,0,0,1,0,1,4,1,38,0,3,2,0,2,8,2,201800038762B01,7,15,1,200054781
201800038816,2018-05-24,2018,mai,jeudi,08:40,92,92063,48.88142,2.18412,2,2,6,1,1,3,3,04,1,1,10,120,1,5,1,4,2,33,5,1,9,0,2,8,1,201800038816B01,38,1,1,200054781
201800038824,2018-06-07,2018,juin,jeudi,08:10,92,92063,48.88946,2.17882,2,3,3,1,1,4,2,02,1,1,0,70,1,0,1,4,2,33,1,2,9,0,2,3,15,201800038824B01,7,17,1,200054781
201800038826,2018-06-08,2018,juin,vendredi,07:45,92,92063,48.86469,2.18833,2,3,3,1,1,4,2,02,2,1,0,70,1,0,1,4,1,23,1,3,9,0,2,1,19,201800038826A01,7,1,1,200054781
201800038913,2018-05-22,2018,mai,mardi,13:35,92,92064,48.84587,2.21877,2,2,3,1,1,4,2,04,2,1,0,0,1,0,1,4,2,58,1,2,9,0,2,1,19,201800038913B01,7,15,1,200054781
201800038927,2018-06-23,2018,juin,samedi,10:40,92,92033,48.84062,2.19357,2,3,3,1,7,3,3,02,1,1,10,41,1,0,1,4,1,34,5,1,2,0,2,1,1,201800038927B01,7,15,1,200054781
201800038935,2018-08-01,2018,août,mercredi,10:05,92,92064,48.82993,2.22148,1,1,6,1,1,5,-1,01,2,3,,,1,0,3,3,1,51,5,3,3,0,1,1,21,201800038935A01,,,,200054781
201800038967,2018-10-23,2018,octobre,mardi,17:15,92,92064,48.83541,2.21716,2,1,6,1,1,9,4,01,2,1,,,1,0,3,4,1,4,5,3,3,0,1,8,0,201800038967A01,,,,200054781
201800038985,2018-02-02,2018,février,vendredi,08:40,92,92072,48.82194,2.20661,2,1,3,1,2,3,2,04,1,3,0,100,2,5,1,4,1,40,1,1,2,0,2,8,9,201800038985B01,7,9,1,200054781
201800038995,2018-03-09,2018,mars,vendredi,09:25,92,92022,48.80051,2.18932,2,6,3,1,1,4,4,01,3,-1,0,100,1,0,1,4,2,33,9,2,2,0,9,8,13,201800038995B01,34,13,1,200054781
201800039006,2018-04-23,2018,avril,lundi,08:05,92,92072,48.8248,2.21378,2,1,6,1,1,3,3,04,1,1,30,130,1,0,1,1,1,43,1,3,2,0,1,1,1,201800039006A01,,,,200054781
201800039008,2018-05-10,2018,mai,jeudi,12:55,92,92072,48.82711,2.22347,2,1,6,1,1,3,2,02,1,3,25,130,1,0,1,1,1,29,5,1,2,0,1,1,1,201800039008A01,,,,200054781
201800039009,2018-05-15,2018,mai,mardi,09:30,92,92022,48.81014,2.19036,2,9,2,1,1,3,2,04,1,1,0,120,1,0,1,4,1,42,5,2,2,0,2,1,19,201800039009B01,7,4,1,200054781
201800039024,2018-07-21,2018,juillet,samedi,01:15,92,92072,48.81139,2.21147,2,6,7,5,1,3,1,02,-1,3,0,0,1,5,1,4,1,28,5,1,9,0,0,0,16,201800039024A01,,,,200054781
201800039028,2018-07-23,2018,juillet,lundi,12:30,92,92022,48.803,2.18837,2,1,3,1,1,3,2,02,1,1,0,70,1,0,1,4,1,13,5,2,2,0,2,1,1,201800039028B01,7,9,1,200054781
201800039057,2018-01-11,2018,janvier,jeudi,07:50,92,92073,48.86625,2.22066,2,1,3,5,8,4,3,02,2,1,0,0,2,0,1,4,1,43,1,1,2,0,2,7,1,201800039057B01,7,11,1,200054781
201800039097,2018-11-08,2018,novembre,jeudi,10:20,92,92073,48.881,2.22771,2,4,3,1,1,4,2,02,2,2,,,1,0,1,4,1,47,0,3,9,0,2,7,16,201800039097B01,7,15,1,200054781
201800039114,2018-01-22,2018,janvier,lundi,08:50,92,92046,48.8132,2.2968,2,1,3,1,2,4,2,02,1,1,0,0,2,0,1,4,2,48,1,2,2,0,2,1,19,201800039114Y01,7,2,1,200054781
201800039116,2018-02-14,2018,février,mercredi,14:45,92,92046,48.82129,2.30368,2,1,2,1,1,4,2,01,1,1,0,0,1,0,1,4,2,18,5,2,9,0,2,1,1,201800039116B01,7,4,1,200054781
201800039123,2018-04-03,2018,avril,mardi,08:40,92,92075,48.82104,2.28842,2,1,7,2,1,4,2,02,2,1,28,100,1,0,1,4,2,27,9,1,2,0,1,1,1,201800039123A01,,,,200054781
201800039126,2018-04-10,2018,avril,mardi,14:33,92,92075,48.82672,2.28626,2,1,7,1,1,4,2,02,2,1,0,0,1,0,1,4,1,70,1,3,2,0,0,0,1,201800039126A01,,,,200054781
201800039128,2018-03-21,2018,mars,mercredi,07:50,92,92046,48.8193,2.2954,2,2,3,2,1,4,2,02,1,1,0,0,1,0,1,4,1,55,1,2,2,0,2,3,19,201800039128B01,14,16,1,200054781
201800039138,2018-05-04,2018,mai,vendredi,09:40,92,92046,48.81932,2.30464,2,1,6,1,1,4,2,02,1,1,0,0,1,0,1,1,1,34,1,2,2,0,1,1,1,201800039138A01,,,,200054781
201800039140,2018-06-29,2018,juin,vendredi,11:00,92,92075,48.8142,2.2781,2,2,7,1,1,4,2,00,1,1,0,0,1,0,1,1,1,37,5,1,4,0,0,0,9,201800039140B01,34,21,1,200054781
201800039142,2018-06-26,2018,juin,mardi,08:35,92,92075,48.81332,2.27917,2,2,3,1,1,4,1,01,2,1,0,0,1,0,1,4,1,20,0,2,2,0,2,7,1,201800039142A01,7,1,1,200054781
201800039143,2018-06-22,2018,juin,vendredi,08:30,92,92075,48.81779,2.30169,2,3,3,1,1,4,1,01,-1,1,0,0,1,0,1,4,2,34,0,1,9,0,2,1,1,201800039143B01,7,4,1,200054781
201800039145,2018-07-05,2018,juillet,jeudi,10:10,92,92075,48.81879,2.28596,2,1,7,1,1,4,2,02,2,1,0,0,1,0,1,4,1,16,9,1,2,1,0,1,1,201800039145A01,,,,200054781
201800039150,2018-06-28,2018,juin,jeudi,09:30,92,92075,48.48426,2.16504,2,2,3,1,1,3,2,02,2,1,0,0,1,0,1,4,2,45,0,1,2,0,2,1,1,201800039150B01,7,1,1,200054781
201800039151,2018-07-10,2018,juillet,mardi,18:30,92,92046,48.4859,2.17425,2,4,3,1,1,4,2,02,1,2,0,0,1,0,1,3,1,42,5,1,2,0,2,1,1,201800039151B01,7,1,1,200054781
201800039193,2018-06-21,2018,juin,jeudi,19:40,92,92078,48.93485,2.32064,2,1,3,1,1,4,1,02,1,3,0,60,1,3,0,4,1,36,9,2,9,0,9,7,19,201800039193B01,7,0,1,200054781
201800039222,2018-02-03,2018,février,samedi,13:45,93,93001,48,2.3,2,2,3,1,8,4,2,02,1,1,0,0,2,0,1,3,1,45,9,2,2,0,2,7,15,201800039222B01,7,16,1,200054781
201800039229,2018-02-22,2018,février,jeudi,13:10,93,93001,48.907,2.39,2,1,3,1,1,4,1,01,1,1,0,0,1,0,4,3,1,61,1,3,9,0,2,1,1,201800039229B01,7,16,1,200054781
201800039244,2018-04-19,2018,avril,jeudi,17:00,93,93001,0,0,2,2,6,1,1,4,2,02,1,1,0,120,1,0,1,4,1,28,1,2,2,0,2,7,1,201800039244A01,7,1,1,200054781
201800039265,2018-06-12,2018,juin,mardi,00:30,93,93001,0,0,2,1,3,5,2,4,3,04,1,1,0,0,2,0,1,4,1,31,0,3,9,0,2,7,0,201800039265A01,7,0,1,200054781
201800039267,2018-06-18,2018,juin,lundi,14:30,93,93001,48.91931,2.38253,2,1,6,1,1,4,2,02,1,1,0,50,1,5,1,4,2,45,1,3,9,0,2,8,1,201800039267B01,10,15,1,200054781
201800039341,2018-01-31,2018,janvier,mercredi,10:20,93,93005,48.93947,2.49578,2,9,3,1,3,3,1,00,1,1,0,0,2,0,1,4,1,64,9,3,9,0,2,3,1,201800039341A01,7,14,1,200054781
201800039347,2018-03-07,2018,mars,mercredi,15:55,93,93005,48.92596,2.48667,2,1,3,1,4,4,2,02,1,4,0,0,2,0,1,3,1,35,1,3,2,0,2,7,19,201800039347B01,10,1,1,200054781
201800039363,2018-04-24,2018,avril,mardi,21:10,93,93005,0,0,2,1,6,5,1,4,2,00,1,1,0,0,1,0,1,4,2,18,0,2,2,0,2,0,21,201800039363A01,7,21,1,200054781
201800039377,2018-05-28,2018,mai,lundi,11:32,93,93005,0,0,2,1,1,1,1,4,2,01,1,1,0,0,1,0,1,4,1,31,5,3,9,0,2,0,9,201800039377B01,7,2,1,200054781
201800039426,2018-09-25,2018,septembre,mardi,17:50,93,93005,0,0,2,1,6,1,1,4,-1,00,1,1,,,1,0,3,4,1,14,5,3,2,0,2,0,19,201800039426B01,7,2,1,200054781
201800039433,2018-10-15,2018,octobre,lundi,18:00,93,93005,0,0,2,6,3,1,1,4,-1,02,1,3,,,1,0,3,1,1,36,0,1,2,0,2,4,2,201800039433B01,10,9,1,200054781
201800039567,2018-06-30,2018,juin,samedi,16:45,93,93008,0,0,2,1,1,1,1,9,2,00,1,2,0,0,1,6,5,4,1,59,5,1,2,0,2,1,1,201800039567B01,31,21,1,200054781
201800039630,2018-05-04,2018,mai,vendredi,14:45,93,93010,48.91709,2.47952,2,1,2,1,1,4,3,02,1,-1,0,30,1,0,1,4,1,45,5,2,2,0,2,1,2,201800039630B01,7,2,1,200054781
201800039639,2018-06-17,2018,juin,dimanche,19:44,93,93010,0,0,2,3,1,1,1,4,1,00,2,-1,0,0,1,0,1,4,1,20,0,3,9,0,2,1,21,201800039639B01,7,9,1,200054781
201800039724,2018-06-15,2018,juin,vendredi,15:03,93,93014,0,0,2,4,6,1,1,4,2,01,2,1,38,36,1,0,1,1,1,13,5,1,2,0,1,1,15,201800039724A01,,,,200054781
201800039734,2018-07-15,2018,juillet,dimanche,20:45,93,93047,48.905,2.5588,2,9,3,1,1,6,2,02,1,1,0,0,1,6,1,4,2,19,0,2,2,0,2,1,19,201800039734B01,99,0,1,200054781