Num_Acc,date,an,mois,jour,hrmn,dep,com,lat,long,agg,int,col,lum,atm,catr,circ,nbv,prof,plan,lartpc,larrout,surf,infra,situ,grav,sexe,age,trajet,secuexist,equipement,obs,obsm,choc,manv,vehiculeid,typevehicules,manoeuvehicules,numVehicules,_infos_commune.code_epci
201800052929,2018-01-26,2018,janvier,vendredi,11:30,75,75115,48.8457,2.29138,2,7,3,1,1,4,1,01,1,1,0,45,1,0,1,4,2,45,4,1,2,0,2,8,1,201800052929B01,7,9,1,200054781
201800052934,2018-01-31,2018,janvier,mercredi,19:00,75,75115,48.8404,2.31491,2,7,2,5,2,4,-1,00,-1,-1,0,0,-1,0,0,4,1,35,0,3,2,0,2,5,23,201800052934B01,7,1,1,200054781
201800052940,2018-02-14,2018,février,mercredi,09:05,75,75115,48.8524,2.29058,2,2,3,1,8,4,1,01,1,1,120,50,1,0,5,4,1,49,1,3,2,0,2,1,1,201800052940B01,7,16,1,200054781
201800052944,2018-02-22,2018,février,jeudi,09:45,75,75115,48.8494,2.28155,2,3,3,1,1,4,3,04,1,1,0,100,1,0,1,3,1,19,0,1,2,0,2,7,14,201800052944A01,31,1,1,200054781
201800052945,2018-02-28,2018,février,mercredi,15:00,75,75115,48.8405,2.29943,2,2,6,1,1,4,2,02,2,1,0,60,1,0,1,4,1,17,5,3,2,1,0,1,1,201800052945A01,,,,200054781
201800052947,2018-03-06,2018,mars,mardi,20:50,75,75115,48.8524,2.29662,2,3,3,5,1,4,1,01,1,1,0,60,2,0,1,4,1,83,5,3,2,0,2,1,1,201800052947A01,10,15,1,200054781
201800052948,2018-03-08,2018,mars,jeudi,08:15,75,75115,48.8451,2.28949,2,2,3,1,8,4,2,02,1,1,0,0,1,0,1,4,1,33,9,3,2,0,2,3,18,201800052948B01,7,22,1,200054781
201800052950,2018-03-09,2018,mars,vendredi,18:35,75,75115,48.8441,2.3231,2,7,3,2,2,4,2,06,2,4,20,250,2,0,1,4,2,56,1,3,2,0,2,6,1,201800052950B01,37,15,1,200054781
201800052984,2018-04-26,2018,avril,jeudi,08:00,75,75115,48.8264,2.29556,2,1,3,1,1,4,1,01,1,1,0,60,1,0,4,4,1,70,9,3,2,0,2,1,5,201800052984A01,7,9,1,200054781
201800052985,2018-04-26,2018,avril,jeudi,11:45,75,75115,48.8459,2.31835,2,1,3,1,1,4,2,04,2,1,0,210,1,0,0,4,2,53,0,3,2,0,2,1,7,201800052985B01,7,22,1,200054781
201800052993,2018-05-03,2018,mai,jeudi,14:25,75,75115,48.8316,2.29066,2,1,7,1,1,4,1,02,2,1,0,50,1,0,5,4,1,70,5,2,2,12,0,1,14,201800052993A01,,,,200054781
201800053007,2018-05-11,2018,mai,vendredi,18:00,75,75115,48.8414,2.27781,2,1,2,1,1,4,2,00,1,1,0,40,1,0,1,4,1,47,1,1,2,1,2,1,22,201800053007B01,7,1,1,200054781
201800053020,2018-05-20,2018,mai,dimanche,20:15,75,75115,48.8403,2.28584,2,2,3,2,1,4,1,01,1,1,0,40,1,0,1,4,1,34,4,3,2,0,2,5,1,201800053020B01,7,1,1,200054781
201800053029,2018-05-30,2018,mai,mercredi,17:15,75,75115,48.8277,2.3001,2,2,3,1,1,4,2,01,1,1,0,60,1,0,1,4,1,11,0,3,2,0,2,1,19,201800053029B01,7,1,1,200054781
201800053031,2018-05-31,2018,mai,jeudi,19:15,75,75115,48.8501,2.28669,2,1,3,1,1,4,1,01,1,1,0,30,1,0,0,3,1,23,0,3,2,0,2,1,1,201800053031B01,7,22,1,200054781
201800053039,2018-06-12,2018,juin,mardi,16:10,75,75115,48.8467,2.28886,2,2,6,1,1,4,2,02,1,-1,18,70,1,0,1,1,1,42,0,1,2,0,1,2,1,201800053039A01,,,,200054781
201800053045,2018-06-19,2018,juin,mardi,23:15,75,75115,48.8395,2.28997,2,1,6,5,1,4,2,02,1,1,0,50,1,0,1,4,1,37,1,1,2,0,2,8,1,201800053045A01,30,14,1,200054781
201800053051,2018-06-23,2018,juin,samedi,19:20,75,75115,48.8339,2.28528,2,3,6,1,1,4,3,04,2,1,114,50,1,0,1,4,1,49,1,3,2,0,1,7,17,201800053051A01,,,,200054781
201800053059,2018-06-27,2018,juin,mercredi,19:20,75,75115,48.8472,2.27917,2,3,3,1,1,4,2,00,1,1,0,0,1,0,1,4,2,28,9,3,2,0,2,8,19,201800053059B01,7,1,1,200054781
201800053062,2018-06-29,2018,juin,vendredi,20:00,75,75115,48.8488,2.29071,2,1,6,1,1,4,1,01,1,1,0,0,1,0,1,1,1,46,4,3,2,0,1,2,1,201800053062A01,,,,200054781
201800053066,2018-07-06,2018,juillet,vendredi,06:00,75,75115,48.8336,2.30919,2,2,3,1,1,4,2,02,1,1,0,0,1,0,1,4,1,20,5,2,2,0,2,3,1,201800053066A01,7,1,1,200054781
201800053076,2018-07-16,2018,juillet,lundi,04:15,75,75115,48.8462,2.29514,2,2,3,5,1,4,1,01,1,1,0,26,1,0,1,4,1,42,5,2,9,0,2,5,1,201800053076B01,7,1,1,200054781
201800053229,2018-01-02,2018,janvier,mardi,15:55,75,75116,48.8713,2.28906,2,1,3,1,2,4,2,02,1,-1,1,1,2,0,1,4,2,26,5,3,2,0,2,3,1,201800053229A01,7,14,1,200054781
201800053234,2018-01-08,2018,janvier,lundi,10:30,75,75116,48.8559,2.26473,2,3,2,1,1,4,1,01,1,1,10,10,1,0,1,4,1,25,4,3,2,0,2,6,15,201800053234B01,10,4,1,200054781
201800053235,2018-01-08,2018,janvier,lundi,20:10,75,75116,48.8668,2.22995,2,1,6,5,1,4,2,04,2,1,0,0,1,2,1,4,1,56,1,1,2,0,2,4,2,201800053235A01,7,2,1,200054781
201800053248,2018-01-25,2018,janvier,jeudi,18:15,75,75116,48.8717,2.2758,2,6,3,5,1,4,1,03,1,2,0,0,1,0,1,4,1,17,5,2,2,0,2,1,9,201800053248B01,7,1,1,200054781
201800053256,2018-01-30,2018,janvier,mardi,09:20,75,75116,48.8449,2.25728,2,1,2,1,1,4,2,02,1,1,0,0,1,0,1,4,1,31,1,1,9,0,2,1,1,201800053256B01,7,9,1,200054781
201800053264,2018-02-10,2018,février,samedi,18:30,75,75116,48.8737,2.29411,2,6,3,5,1,4,2,01,1,1,0,0,1,0,1,4,1,46,9,2,2,0,2,8,19,201800053264A01,34,1,1,200054781
201800053299,2018-03-15,2018,mars,jeudi,17:35,75,75116,48.8577,2.26351,2,7,3,1,1,4,2,01,1,1,0,0,1,0,5,4,2,50,1,1,2,0,2,8,1,201800053299B01,7,16,1,200054781
201800053300,2018-03-15,2018,mars,jeudi,19:15,75,75116,48.8581,2.24688,2,2,3,5,2,4,2,02,1,1,0,0,2,0,1,4,1,22,9,3,2,0,2,7,19,201800053300B01,34,1,1,200054781
201800053314,2018-03-26,2018,mars,lundi,22:15,75,75116,48.8774,2.28374,2,7,3,5,1,4,2,04,1,1,0,0,1,0,1,4,2,20,5,2,2,0,2,1,1,201800053314B01,7,16,1,200054781
201800053321,2018-04-06,2018,avril,vendredi,12:50,75,75116,48.8652,2.28517,2,1,6,1,1,4,1,01,1,1,0,0,1,0,5,1,1,22,1,3,2,0,1,1,1,201800053321A01,,,,200054781
201800053334,2018-04-15,2018,avril,dimanche,10:50,75,75116,48.8561,2.23747,2,1,2,1,1,4,2,02,1,1,0,0,1,0,5,4,2,26,5,1,2,0,2,4,2,201800053334A01,1,2,1,200054781
201800053334,2018-04-15,2018,avril,dimanche,10:50,75,75116,48.8561,2.23747,2,1,2,1,1,4,2,02,1,1,0,0,1,0,5,4,1,77,5,1,2,0,2,1,2,201800053334B01,1,2,1,200054781
201800053337,2018-04-17,2018,avril,mardi,18:55,75,75116,48.8605,2.27345,2,1,6,1,1,4,1,01,1,1,0,0,1,0,1,1,1,54,1,2,2,0,1,1,1,201800053337A01,,,,200054781
201800053355,2018-05-03,2018,mai,jeudi,09:20,75,75116,48.8483,2.26035,2,2,3,1,1,4,1,01,1,1,0,0,1,0,1,4,1,36,1,1,2,0,2,1,1,201800053355B01,7,9,1,200054781
201800053372,2018-05-23,2018,mai,mercredi,17:00,75,75116,48.8545,2.28359,2,3,3,1,1,4,1,03,1,1,0,75,1,0,1,4,1,79,5,3,2,0,2,8,19,201800053372B01,38,7,1,200054781
201800053383,2018-05-29,2018,mai,mardi,22:10,75,75116,48.8398,2.26759,2,1,1,5,3,4,4,02,1,1,10,10,2,0,5,4,2,20,5,1,2,0,2,1,5,201800053383A01,1,1,1,200054781
201800053383,2018-05-29,2018,mai,mardi,22:10,75,75116,48.8398,2.26759,2,1,1,5,3,4,4,02,1,1,10,10,2,0,5,4,1,32,5,1,2,0,2,1,1,201800053383B01,1,5,1,200054781
201800053384,2018-05-30,2018,mai,mercredi,10:44,75,75116,48.8618,2.23025,2,7,6,1,1,4,-1,00,-1,-1,0,0,-1,0,0,3,1,66,5,1,2,0,2,1,1,201800053384B01,13,23,1,200054781
201800053395,2018-06-06,2018,juin,mercredi,19:45,75,75116,48.877,2.28307,2,7,3,2,2,4,1,03,1,2,25,150,2,5,1,4,1,53,5,1,2,0,2,1,18,201800053395B01,7,22,1,200054781
201800053403,2018-06-10,2018,juin,dimanche,19:00,75,75116,48.8624,2.28699,2,7,3,1,2,4,1,00,1,1,10,10,2,0,1,4,1,37,0,1,2,0,2,2,15,201800053403A01,7,1,1,200054781
201800053429,2018-07-01,2018,juillet,dimanche,14:50,75,75116,48.862,2.23043,2,1,2,1,1,4,2,02,1,1,0,0,1,0,5,4,2,62,5,1,2,0,2,1,1,201800053429B01,7,24,1,200054781
201800053430,2018-07-03,2018,juillet,mardi,10:35,75,75116,48.8618,2.23025,2,3,6,1,1,4,2,03,1,1,0,0,1,0,5,4,1,77,5,1,2,1,0,6,1,201800053430A01,,,,200054781
201800053434,2018-07-04,2018,juillet,mercredi,13:35,75,75116,48.8727,2.28452,2,2,3,1,1,4,4,02,1,1,0,0,1,5,5,4,2,58,5,1,2,0,2,1,1,201800053434B01,7,16,1,200054781
201800053435,2018-07-04,2018,juillet,mercredi,21:00,75,75116,48.8678,2.25104,2,2,3,1,1,4,2,04,1,1,0,0,1,0,1,4,1,41,5,3,2,0,2,8,1,201800053435B01,7,15,1,200054781
201800053445,2018-07-13,2018,juillet,vendredi,10:30,75,75116,48.8543,2.2374,2,1,2,1,1,4,2,02,1,1,0,0,1,0,5,4,1,44,5,1,2,1,2,4,1,201800053445B01,10,23,1,200054781
201800053446,2018-07-14,2018,juillet,samedi,19:30,75,75116,48.8641,2.27801,2,1,3,1,1,4,2,04,1,1,0,0,1,0,1,4,1,52,4,1,2,0,2,5,1,201800053446B01,32,15,1,200054781
201800053674,2018-01-20,2018,janvier,samedi,11:30,75,75117,48.8788,2.29341,2,1,4,1,2,4,2,02,1,1,1,1,2,0,1,4,1,22,4,2,2,0,2,4,23,201800053674B01,7,1 / 23,2,200054781
201800053678,2018-01-24,2018,janvier,mercredi,17:20,75,75117,48.8845,2.3148,2,3,5,2,1,4,1,01,1,1,0,0,1,0,1,4,1,26,4,1,2,0,2,1,5,201800053678A01,7,1,2,200054781
201800053680,2018-01-25,2018,janvier,jeudi,07:55,75,75117,48.8878,2.28897,2,1,3,5,2,4,2,03,1,1,0,0,2,0,1,4,2,50,5,2,2,0,2,4,19,201800053680B01,7,1,1,200054781
201800053697,2018-02-12,2018,février,lundi,21:30,75,75117,48.8951,2.31556,2,1,3,5,1,4,1,01,1,1,0,0,1,0,1,4,1,23,4,1,2,0,2,1,1,201800053697B01,7,9,1,200054781
201800053758,2018-04-15,2018,avril,dimanche,00:25,75,75117,48.8848,2.29793,2,7,3,5,1,4,1,03,1,2,0,0,1,0,1,4,1,39,0,3,2,0,2,3,19,201800053758B01,7,1,1,200054781
201800053763,2018-04-19,2018,avril,jeudi,19:40,75,75117,48.8782,2.28123,2,7,6,1,1,4,1,02,1,2,0,0,1,0,1,4,1,43,1,3,2,0,2,6,1,201800053763A01,7,14,1,200054781
201800053768,2018-04-22,2018,avril,dimanche,04:40,75,75117,48.8785,2.29471,2,1,2,5,1,4,2,02,2,1,0,0,1,0,1,4,1,27,0,3,2,0,2,1,2,201800053768A01,7,23,1,200054781
201800053789,2018-05-27,2018,mai,dimanche,21:30,75,75117,48.8888,2.30885,2,3,1,2,1,4,1,01,1,1,0,0,1,0,1,4,2,26,5,3,2,0,2,1,5,201800053789B01,10,1,1,200054781
201800053790,2018-05-28,2018,mai,lundi,20:00,75,75117,48.8963,2.31022,2,2,3,1,8,4,1,01,1,1,0,0,1,5,1,3,1,28,9,3,2,0,2,2,19,201800053790B01,7,16,1,200054781
201800053792,2018-05-29,2018,mai,mardi,09:15,75,75117,48.8845,2.3148,2,3,6,1,8,4,1,01,1,1,0,0,1,0,1,4,1,32,4,3,2,0,2,2,1,201800053792B01,10,22,1,200054781
201800053820,2018-06-27,2018,juin,mercredi,13:40,75,75117,48.8822,2.30185,2,1,3,1,1,4,2,02,1,1,0,0,1,0,1,1,1,35,4,3,2,1,2,1,1,201800053820A01,7,22,1,200054781
201800053831,2018-07-05,2018,juillet,jeudi,16:10,75,75108,48.8818,2.31963,2,1,6,1,1,4,3,04,1,1,0,0,1,0,5,1,1,29,0,3,2,0,1,1,1,201800053831A01,,,,200054781
201800053991,2018-01-22,2018,janvier,lundi,11:20,75,75118,48.8902,2.36022,2,3,6,1,3,4,1,01,1,1,0,0,2,0,5,1,1,29,5,2,2,0,1,1,1,201800053991A01,,,,200054781
201800053994,2018-01-27,2018,janvier,samedi,02:30,75,75118,48.896,2.34594,2,7,6,5,1,4,2,04,1,1,10,210,1,5,1,4,1,23,5,3,9,11,2,4,1,201800053994B01,10,1,1,200054781
201800054019,2018-02-19,2018,février,lundi,18:25,75,75118,48.8912,2.3516,2,2,6,5,1,4,-1,00,-1,-1,0,0,-1,0,0,4,1,33,1,3,2,0,2,1,1,201800054019A01,7,22,1,200054781
201800054031,2018-03-12,2018,mars,lundi,18:41,75,75118,48.8839,2.34946,2,5,3,1,1,4,1,02,1,-1,0,20,1,0,1,4,2,61,1,3,2,0,2,8,13,201800054031A01,7,1,1,200054781
201800054041,2018-03-23,2018,mars,vendredi,09:15,75,75118,48.8838,2.3393,2,1,3,1,8,4,1,01,2,1,0,0,1,0,1,4,2,48,1,1,2,0,2,2,14,201800054041B01,2,1,1,200054781
201800054055,2018-04-06,2018,avril,vendredi,19:37,75,75118,48.8893,2.3418,2,3,3,1,1,4,1,01,2,1,0,60,1,0,1,4,2,27,0,3,2,0,2,2,19,201800054055B01,31,1,1,200054781
201800054058,2018-04-07,2018,avril,samedi,15:50,75,75118,48.8996,2.35229,2,4,3,2,1,4,2,02,1,1,0,60,1,0,1,4,1,63,5,3,2,0,2,3,15,201800054058B01,31,1,1,200054781
201800054076,2018-04-19,2018,avril,jeudi,17:05,75,75118,48.8979,2.33992,2,1,3,1,1,4,1,02,1,1,35,35,1,0,1,4,1,67,1,3,2,0,2,1,17,201800054076B01,10,22,1,200054781
201800054077,2018-04-21,2018,avril,samedi,18:53,75,75109,48.8827,2.34394,2,2,6,1,1,4,1,00,1,1,0,0,1,6,5,1,1,30,0,3,2,0,1,1,1,201800054077A01,,,,200054781
201800054098,2018-05-18,2018,mai,vendredi,05:40,75,75118,48.8908,2.35987,2,4,2,2,1,4,2,05,1,1,0,0,1,0,1,4,1,32,0,3,2,0,2,1,1,201800054098B01,7,4,1,200054781
201800054101,2018-05-20,2018,mai,dimanche,13:45,75,75118,48.8978,2.33738,2,5,3,1,1,4,2,02,1,1,0,60,1,5,1,4,1,33,0,3,2,0,2,8,1,201800054101B01,7,14,1,200054781
201800054120,2018-06-13,2018,juin,mercredi,08:15,75,75118,48.8987,2.37027,2,2,6,1,1,4,1,03,1,1,0,50,1,0,1,4,1,54,0,1,2,0,2,4,19,201800054120B01,7,1 / 23,2,200054781
201800054128,2018-06-19,2018,juin,mardi,13:10,75,75118,48.8966,2.37034,2,1,3,1,1,4,2,02,1,1,0,0,1,0,1,4,1,22,1,2,2,0,2,1,1,201800054128B01,10,9,1,200054781
201800054131,2018-06-22,2018,juin,vendredi,14:00,75,75118,48.8987,2.35905,2,2,3,1,1,4,1,03,1,1,0,0,1,0,1,4,1,20,4,3,2,0,2,7,1,201800054131B01,7,1,1,200054781
201800054137,2018-06-28,2018,juin,jeudi,22:45,75,75118,48.8907,2.35397,2,1,5,5,1,4,2,02,1,1,0,0,1,0,1,3,2,57,0,2,2,0,2,2,1,201800054137B01,7 / 2,22 / 21,2,200054781
201800054142,2018-07-01,2018,juillet,dimanche,08:51,75,75118,48.8884,2.34956,2,2,7,1,1,4,1,01,1,1,0,60,1,0,1,4,2,32,5,1,2,0,0,2,21,201800054142A01,,,,200054781
201800054145,2018-07-02,2018,juillet,lundi,21:56,75,75118,48.8845,2.35932,2,2,3,5,1,4,2,04,1,-1,0,0,1,0,0,3,1,21,0,3,2,0,2,8,15,201800054145B01,34,17,1,200054781
201800054151,2018-07-05,2018,juillet,jeudi,10:15,75,75118,48.8843,2.35573,2,2,3,1,8,4,4,02,2,3,0,0,1,0,5,4,2,30,9,2,2,0,2,1,1,201800054151B01,7,16,1,200054781
201800054154,2018-07-05,2018,juillet,jeudi,15:40,75,75118,48.8845,2.36263,2,1,3,1,1,4,1,01,1,1,30,60,1,0,5,4,1,75,5,2,2,0,2,1,1,201800054154B01,14,16,1,200054781
201800054155,2018-07-09,2018,juillet,lundi,17:00,75,75118,48.8936,2.36271,2,1,6,1,1,4,1,01,1,1,0,0,1,0,1,1,1,33,0,1,2,0,1,2,1,201800054155A01,,,,200054781
201800054156,2018-07-10,2018,juillet,mardi,18:25,75,75118,48.8877,2.35626,2,1,2,1,1,4,-1,02,1,1,0,30,1,0,1,4,1,35,5,2,2,1,2,0,1,201800054156B01,7,22,1,200054781
201800054158,2018-07-11,2018,juillet,mercredi,20:10,75,75118,48.8927,2.34327,2,3,2,1,1,4,2,03,1,1,0,100,1,0,1,4,2,35,0,2,2,0,2,0,7,201800054158B01,7,15,1,200054781
201800054160,2018-07-14,2018,juillet,samedi,13:15,75,75118,48.8868,2.35963,2,3,3,1,1,4,2,04,1,1,0,0,1,0,1,4,1,71,0,3,2,0,2,8,16,201800054160B01,7,1,1,200054781
201800054161,2018-07-16,2018,juillet,lundi,03:35,75,75118,48.8925,2.34886,2,2,6,5,1,4,1,02,1,1,0,0,1,5,1,4,1,21,5,3,2,0,2,8,1,201800054161B01,7,1,1,200054781
201800054225,2018-10-08,2018,octobre,lundi,19:00,75,75118,48.89,2.33,2,1,6,5,1,4,2,04,1,1,,,1,0,5,1,1,27,0,1,2,0,1,1,7,201800054225A01,,,,200054781
201800054308,2018-01-10,2018,janvier,mercredi,18:30,75,75119,48.8904,2.37283,2,1,6,5,2,4,1,01,1,1,0,0,2,0,1,1,1,26,0,3,2,0,1,8,1,201800054308A01,,,,200054781
201800054316,2018-01-16,2018,janvier,mardi,08:30,75,75110,48.8843,2.3615,2,2,3,1,2,4,-1,00,-1,-1,0,0,-1,0,0,4,1,42,0,3,2,0,2,1,1,201800054316B01,10,16,1,200054781
201800054318,2018-01-17,2018,janvier,mercredi,05:35,75,75119,48.8982,2.38619,2,2,3,5,2,4,-1,02,1,1,0,0,2,0,1,4,1,33,0,3,2,0,2,7,1,201800054318A01,7,15,1,200054781
201800054322,2018-01-27,2018,janvier,samedi,19:50,75,75119,48.8823,2.37071,2,1,3,5,1,4,2,03,1,1,30,50,1,0,1,4,1,24,4,2,2,0,2,7,1,201800054322B01,7,11,1,200054781
201800054324,2018-01-30,2018,janvier,mardi,17:50,75,75119,48.8865,2.36923,2,2,6,2,1,4,1,02,1,1,0,0,2,0,5,4,1,55,1,1,2,0,2,1,1,201800054324A01,30,5,1,200054781
201800054332,2018-02-12,2018,février,lundi,10:20,75,75119,48.8896,2.36873,2,1,6,1,1,4,1,01,1,1,0,0,1,0,5,1,1,39,9,3,2,0,1,1,1,201800054332A01,,,,200054781
201800054334,2018-02-16,2018,février,vendredi,18:20,75,75119,48.8893,2.37125,2,5,3,2,8,4,-1,00,-1,-1,0,0,-1,0,0,3,2,22,1,3,2,0,2,1,1,201800054334B01,7,22,1,200054781
201800054339,2018-02-21,2018,février,mercredi,13:00,75,75119,48.8897,2.36807,2,3,6,1,1,4,-1,00,-1,-1,0,0,-1,0,0,1,1,27,4,3,2,0,1,1,1,201800054339A01,,,,200054781
201800054340,2018-02-23,2018,février,vendredi,01:20,75,75119,48.8764,2.37685,2,3,6,5,1,4,3,02,2,1,0,100,1,0,1,1,1,25,5,3,2,0,1,1,1,201800054340A01,,,,200054781
201800054353,2018-03-10,2018,mars,samedi,00:20,75,75119,48.8872,2.38076,2,3,6,5,1,4,1,01,1,1,0,30,1,0,5,4,2,54,5,3,2,0,2,7,1,201800054353A01,7,15,1,200054781
201800054370,2018-03-28,2018,mars,mercredi,10:10,75,75119,48.8801,2.37566,2,2,3,1,2,4,1,01,2,1,0,0,2,0,1,4,2,23,2,1,2,0,2,1,5,201800054370A01,7,15,1,200054781
201800054382,2018-04-18,2018,avril,mercredi,08:40,75,75119,48.8998,2.38781,2,2,3,1,1,4,2,06,1,1,0,240,1,0,1,4,1,23,5,2,2,0,2,1,19,201800054382B01,7,16,1,200054781
201800054397,2018-05-02,2018,mai,mercredi,16:05,75,75119,48.8886,2.39253,2,1,6,1,1,4,2,01,1,1,0,0,1,0,5,4,2,35,5,2,2,1,2,1,1,201800054397B01,7,22,1,200054781
201800054398,2018-05-03,2018,mai,jeudi,11:10,75,75119,48.8803,2.37418,2,4,3,1,1,4,1,01,1,1,0,30,1,0,1,4,1,42,1,1,2,0,2,1,1,201800054398B01,7,10,1,200054781
201800054409,2018-05-12,2018,mai,samedi,18:50,75,75119,48.8789,2.37042,2,1,3,1,2,4,1,01,2,1,0,80,2,0,1,4,1,30,0,1,2,0,2,3,13,201800054409B01,30,17,1,200054781
201800054410,2018-05-14,2018,mai,lundi,12:25,75,75119,48.8843,2.36761,2,3,2,1,2,4,1,00,1,1,0,0,2,0,1,4,1,24,4,1,2,0,2,1,16,201800054410A01,10,16,1,200054781
201800054414,2018-05-15,2018,mai,mardi,17:15,75,75119,48.882,2.40247,2,2,3,1,1,4,2,02,2,1,0,0,1,0,1,4,1,25,0,3,2,0,2,1,1,201800054414B01,7,22,1,200054781
201800054430,2018-05-24,2018,mai,jeudi,13:50,75,75119,48.8861,2.37142,2,1,6,1,1,4,1,02,1,1,0,0,1,0,1,1,1,22,0,3,2,0,1,1,7,201800054430A01,,,,200054781
201800054435,2018-05-29,2018,mai,mardi,09:10,75,75119,48.8869,2.37784,2,1,6,1,8,4,-1,01,1,1,0,20,2,6,4,4,2,27,0,1,2,0,1,1,21,201800054435A01,,,,200054781
201800054440,2018-06-03,2018,juin,dimanche,14:40,75,75119,48.8893,2.38367,2,5,3,1,1,4,2,00,1,1,0,0,1,0,1,4,1,16,5,3,2,0,2,8,19,201800054440B01,7,1,1,200054781
201800054445,2018-06-10,2018,juin,dimanche,02:10,75,75119,48.8849,2.36985,2,1,6,5,1,4,1,02,1,1,0,80,1,0,1,4,1,29,5,2,2,1,0,1,14,201800054445A01,,,,200054781
201800054459,2018-06-23,2018,juin,samedi,15:15,75,75119,48.8818,2.38836,2,4,3,1,1,4,1,01,2,1,0,40,1,0,1,4,1,34,1,1,2,0,2,8,1,201800054459B01,7,17,1,200054781
201800054463,2018-06-28,2018,juin,jeudi,04:45,75,75119,48.8786,2.40206,2,1,3,5,1,4,1,02,2,1,40,40,1,0,5,4,1,39,9,2,2,0,2,3,1,201800054463B01,7,16,1,200054781
201800054464,2018-06-28,2018,juin,jeudi,23:50,75,75119,48.885,2.38326,2,2,6,5,1,4,1,01,2,1,0,50,1,5,1,4,1,22,0,2,2,0,2,6,1,201800054464A01,7,15,1,200054781
201800054478,2018-07-12,2018,juillet,jeudi,09:20,75,75119,48.8899,2.37609,2,1,2,1,1,4,1,02,1,1,100,100,1,0,1,4,2,19,0,2,2,0,2,8,7,201800054478B01,7,17,1,200054781
201800054639,2018-01-11,2018,janvier,jeudi,15:15,75,75120,48.8691,2.39141,2,3,3,1,8,4,2,02,2,1,0,60,2,0,1,4,2,47,1,3,2,0,2,0,1,201800054639B01,7,15,1,200054781
201800054640,2018-01-13,2018,janvier,samedi,20:25,75,75120,48.8693,2.3926,2,1,6,5,1,4,2,02,2,1,0,70,1,0,1,4,1,51,5,1,2,8,2,8,1,201800054640A01,30,5,1,200054781
201800054652,2018-01-24,2018,janvier,mercredi,18:00,75,75120,48.8711,2.39302,2,3,3,2,1,4,2,01,1,1,0,60,1,0,1,3,1,61,1,1,2,0,2,1,1,201800054652B01,7,15,1,200054781
201800054661,2018-02-03,2018,février,samedi,18:35,75,75120,48.8643,2.3929,2,1,3,5,2,4,2,02,2,1,0,25,2,0,1,4,1,19,4,1,2,0,2,8,10,201800054661A01,33,1,1,200054781
201800054676,2018-03-06,2018,mars,mardi,09:50,75,75120,48.8466,2.41598,2,2,3,1,1,4,2,04,1,1,0,280,1,0,1,4,1,36,1,1,2,0,2,3,1,201800054676B01,7,15,1,200054781
201800054677,2018-03-07,2018,mars,mercredi,20:40,75,75120,48.8679,2.38657,2,3,6,5,1,4,2,02,2,1,0,68,1,0,1,4,2,20,1,1,2,0,2,2,1,201800054677A01,10,9,1,200054781
201800054691,2018-04-13,2018,avril,vendredi,08:55,75,75120,48.8544,2.39613,2,2,3,1,1,4,2,01,1,1,0,0,1,0,1,4,2,31,1,2,2,0,2,8,1,201800054691B01,13,15,1,200054781
201800054693,2018-04-15,2018,avril,dimanche,01:20,75,75111,48.8658,2.37168,2,1,6,5,1,4,2,04,2,1,0,80,1,0,1,1,1,22,5,3,2,1,1,1,1,201800054693A01,,,,200054781
201800054698,2018-04-20,2018,avril,vendredi,08:15,75,75120,48.8649,2.3981,2,7,2,1,1,4,1,04,1,2,0,150,1,0,1,4,2,35,1,1,2,0,2,6,23,201800054698B01,10,1,1,200054781
201800054705,2018-04-24,2018,avril,mardi,17:45,75,75120,48.8647,2.39862,2,7,3,1,1,4,1,04,1,-1,30,80,1,5,1,4,2,38,1,3,2,0,2,8,1,201800054705A01,31,1,1,200054781
201800054713,2018-05-06,2018,mai,dimanche,18:45,75,75120,48.872,2.39184,2,2,3,1,1,4,2,01,2,1,0,30,1,0,1,4,1,46,5,2,2,0,2,1,19,201800054713B01,7,15,1,200054781
201800054721,2018-05-18,2018,mai,vendredi,00:01,75,75120,48.8584,2.40297,2,1,3,5,1,4,2,02,2,1,0,100,1,0,1,4,1,19,9,3,2,0,2,8,13,201800054721B01,30,17,1,200054781
201800054722,2018-05-18,2018,mai,vendredi,15:15,75,75120,48.8484,2.41633,2,3,3,1,1,4,1,01,1,1,0,35,1,0,1,4,1,82,5,3,2,0,2,1,1,201800054722B01,33,9,1,200054781
201800054725,2018-05-19,2018,mai,samedi,20:50,75,75120,48.8494,2.40649,2,3,3,1,1,4,2,00,1,1,0,0,1,0,1,4,1,13,5,3,2,0,2,2,9,201800054725B01,33,1,1,200054781
201800054736,2018-06-01,2018,juin,vendredi,14:20,75,75120,48.847,2.41503,2,6,5,1,8,4,1,02,1,1,0,89,1,3,1,4,1,57,5,2,2,0,2,8,19,201800054736A01,7 / 34,23 / 3,2,200054781
201800054738,2018-06-03,2018,juin,dimanche,17:15,75,75120,48.8567,2.40925,2,3,3,1,1,4,2,01,2,1,0,25,1,0,5,4,1,32,5,3,2,0,2,1,1,201800054738A01,7,15,1,200054781