Num_Acc,date,an,mois,jour,hrmn,dep,com,lat,long,agg,int,col,lum,atm,catr,circ,nbv,prof,plan,lartpc,larrout,surf,infra,situ,grav,sexe,age,trajet,secuexist,equipement,obs,obsm,choc,manv,vehiculeid,typevehicules,manoeuvehicules,numVehicules,_infos_commune.code_epci
201900000257,2019-05-26,2019,mai,dimanche,08:00,49,49023,47.184186,-1.106836,2,1,1,1,2,4,1,1,1,2,,,1,0,1,4,1,62,5,1,2,0,0,1,5,201900000257A01,7,1,1,200060010
201900000293,2019-05-29,2019,mai,mercredi,12:50,27,27335,49.134632,1.18879,2,4,1,1,8,3,2,2,2,3,,,1,0,5,3,1,12,9,2,,0,2,1,5,201900000293B01,7,1,1,200089456
201900000305,2019-05-12,2019,mai,dimanche,11:44,62,62170,50.421835,2.660736,2,1,2,1,1,3,2,2,4,1,,,1,0,1,4,1,21,5,1,6 / 2,0,0,4,1,201900000305B01,33,1,1,246200364
201900000320,2019-08-16,2019,août,vendredi,20:00,64,64445,43.29653,-0.37307,2,1,6,1,1,4,2,1,2,3,,,1,0,1,1,1,15,5,2,,0,1,1,1,201900000320A01,,,,200067254
201900000337,2019-08-14,2019,août,mercredi,18:10,56,56121,47.74587,-3.38045,2,6,7,1,2,4,2,1,1,3,,,2,5,1,3,1,25,4,1,2,0,0,7,16,201900000337A01,,,,200042174
201900000360,2019-08-15,2019,août,jeudi,12:25,44,44132,47.259607,-2.339075,2,6,3,1,1,4,1,2,1,2,,,1,0,1,1,1,16,5,2,,0,2,1,16,201900000360A01,1,9,1,244400644
201900000360,2019-08-15,2019,août,jeudi,12:25,44,44132,47.259607,-2.339075,2,6,3,1,1,4,1,2,1,2,,,1,0,1,4,2,64,5,2,,0,2,1,9,201900000360B01,1,16,1,244400644
201900000478,2019-10-24,2019,octobre,jeudi,08:30,75,75118,48.8881149,2.3598786,2,1,3,1,1,4,2,4,1,1,,,1,0,1,4,2,30,1,1,2,0,2,7,12,201900000478B01,14,1,1,200054781
201900000480,2019-10-24,2019,octobre,jeudi,19:55,75,75115,48.8361386,2.297221,2,2,6,5,1,4,1,1,2,1,,,1,0,1,1,1,23,5,1,2,0,1,1,1,201900000480A01,,,,200054781
201900000483,2019-10-24,2019,octobre,jeudi,20:10,75,75108,48.8756728,2.3195863,2,7,6,5,1,4,2,4,1,1,,,1,0,1,4,2,20,2,1,2,0,2,6,9,201900000483A01,30,1,1,200054781
201900000528,2019-10-24,2019,octobre,jeudi,14:40,3,03082,46.2949333,2.7353721,2,2,3,1,1,4,2,2,1,1,,,1,0,1,3,1,60,5,2,,0,2,1,1,201900000528B01,7,1,1,200071512
201900000530,2019-10-25,2019,octobre,vendredi,11:50,1,01093,46.10735,4.962772,1,3,1,1,1,3,2,2,1,1,,,1,0,1,3,1,14,5,1,2,13,0,4,15,201900000530B01,7,21,1,200069193
201900000538,2019-10-25,2019,octobre,vendredi,17:25,4,04004,43.777829,6.02769,1,1,7,1,1,3,2,2,2,3,,,1,0,1,4,1,70,5,1,2,0,0,0,1,201900000538A01,,,,200034700
201900000558,2019-11-29,2019,novembre,vendredi,19:26,75,75105,48.8384763,2.3570239,2,2,6,5,1,4,2,4,1,1,,,1,0,1,1,1,41,1,1,2,0,1,8,1,201900000558A01,,,,200054781
201900000603,2019-11-30,2019,novembre,samedi,17:10,51,51660,49.3481234,4.2125039,2,9,1,2,1,3,2,2,1,1,,,1,5,1,2,1,79,9,2,,0,2,7,19,201900000603B01,7,1,1,200067213
201900000613,2019-11-29,2019,novembre,vendredi,15:35,47,47147,44.636076,0.241719,1,3,1,1,7,3,2,2,2,3,,,1,0,1,2,1,71,5,1,2,0,2,1,1,201900000613B01,7,15,1,244700449
201900000634,2019-11-29,2019,novembre,vendredi,20:45,33,33199,44.63651,-1.09566,2,1,2,4,1,3,2,2,1,1,,,1,0,1,3,1,76,5,2,,0,0,4,2,201900000634B01,7,2,1,243300563
201900000641,2019-11-27,2019,novembre,mercredi,11:51,67,67205,48.690649,7.784627,2,6,3,1,1,4,2,2,1,1,,,1,5,1,4,2,63,5,2,,0,2,7,1,201900000641B01,7,1,1,246700843
201900000669,2019-11-27,2019,novembre,mercredi,06:20,75,75116,48.863709,2.2401166,2,2,3,5,1,4,2,4,1,1,,,2,0,1,4,1,23,1,1,2,0,2,8,1,201900000669B01,10,15,1,200054781
201900000670,2019-11-28,2019,novembre,jeudi,18:30,75,75115,48.844185,2.322892,2,3,3,5,1,4,3,3,1,1,,,1,0,1,4,2,32,0,1,2,0,2,1,17,201900000670B01,7,22,1,200054781
201900000701,2019-08-28,2019,août,mercredi,19:35,51,51612,48.9069063,4.0173334,2,1,2,1,1,3,2,2,1,1,,,1,9,1,3,1,44,5,1,2,0,2,1,2,201900000701A01,7,2,1,200067684
201900000708,2019-10-22,2019,octobre,mardi,17:15,29,29075,48.432311,-4.4413739,1,1,3,1,1,2,1,1,1,1,,,1,3,1,4,1,70,5,1,2,0,2,7,12,201900000708A01,33,1,1,242900314
201900000717,2019-11-28,2019,novembre,jeudi,17:50,88,88307,48.024493,5.809052,1,1,3,3,2,3,2,2,1,2,,,2,0,1,3,1,13,5,2,,0,2,1,15,201900000717B01,7,17,1,200068773
201900000774,2019-09-15,2019,septembre,dimanche,11:00,22,22278,48.51941,-2.788268,2,2,3,1,1,4,-1,2,1,1,,,1,0,1,4,1,76,5,1,2,0,2,0,1,201900000774A01,1,15,1,200069409
201900000774,2019-09-15,2019,septembre,dimanche,11:00,22,22278,48.51941,-2.788268,2,2,3,1,1,4,-1,2,1,1,,,1,0,1,1,1,11,5,1,2,0,2,1,15,201900000774B01,1,1,1,200069409
201900000793,2019-09-19,2019,septembre,jeudi,09:00,5,05061,44.56723,6.09719,2,6,3,1,1,2,2,2,1,1,,,1,0,1,4,2,50,1,1,2,0,2,7,19,201900000793B01,7,16,1,200067825
201900000807,2019-09-20,2019,septembre,vendredi,19:25,75,75113,48.8259651,2.3531906,2,1,6,2,1,4,2,4,1,1,,,1,0,6,4,1,18,2,1,2,0,2,4,7,201900000807A01,10,7,1,200054781
201900000810,2019-09-20,2019,septembre,vendredi,15:35,75,75112,48.834114,2.443568,2,1,6,1,1,4,2,2,1,1,,,1,0,5,4,1,74,5,1,2,1,0,1,1,201900000810B01,,,,200054781
201900000812,2019-09-20,2019,septembre,vendredi,15:45,75,75108,48.8771953,2.3230354,2,3,6,1,1,4,2,4,2,1,,,1,0,6,4,2,27,5,1,2,0,2,1,1,201900000812A01,7,22,1,200054781
201900000815,2019-09-20,2019,septembre,vendredi,17:20,75,75104,48.8552101,2.3458059,2,1,6,1,1,4,1,4,1,1,,,1,0,6,1,1,24,9,1,2,0,1,1,7,201900000815A01,,,,200054781
201900000857,2019-09-20,2019,septembre,vendredi,09:00,62,62473,50.61849,2.470579,2,7,2,1,1,9,2,2,1,1,,,1,0,1,3,1,85,5,2,,0,2,4,23,201900000857A01,7,1,1,200072460
201900000858,2019-09-20,2019,septembre,vendredi,19:45,41,41149,47.746789,0.864361,2,1,6,3,1,4,2,2,1,1,,,1,0,1,1,1,25,5,1,2,0,2,5,2,201900000858B01,1,2,1,200072072
201900000858,2019-09-20,2019,septembre,vendredi,19:45,41,41149,47.746789,0.864361,2,1,6,3,1,4,2,2,1,1,,,1,0,1,2,1,61,5,1,2,0,9,0,2,201900000858A01,1,2,1,200072072
201900000866,2019-09-20,2019,septembre,vendredi,15:20,65,65036,42.9876438,-0.0565356,1,1,6,1,1,3,2,2,2,3,,,1,0,1,3,1,66,5,1,2,10,0,1,1,201900000866A01,,,,200070811
201900000879,2019-09-21,2019,septembre,samedi,15:35,50,50507,49.495011,-1.265644,1,1,2,1,1,3,2,2,1,1,,,1,0,1,4,1,59,5,1,2,0,2,4,2,201900000879B01,7,2,1,200067205
201900000887,2019-09-20,2019,septembre,vendredi,07:45,49,49132,47.649357,-0.441874,2,3,6,1,1,4,2,2,1,1,,,1,0,1,3,1,80,5,2,,0,2,8,5,201900000887B01,38,15,1,200068955
201900000888,2019-09-14,2019,septembre,samedi,16:10,35,35131,48.129351,-1.809516,2,2,3,1,1,4,2,2,1,1,,,1,0,1,1,1,71,5,2,,0,9,2,19,201900000888B01,50,1,1,243500139
201900000889,2019-09-21,2019,septembre,samedi,10:30,38,38289,45.12633,6.04324,1,1,6,1,1,3,2,1,2,2,,,2,0,1,3,1,35,5,1,2,0,2,1,2,201900000889A01,1,2,1,243800745
201900000889,2019-09-21,2019,septembre,samedi,10:30,38,38289,45.12633,6.04324,1,1,6,1,1,3,2,1,2,2,,,2,0,1,3,1,41,5,1,2,0,0,4,2,201900000889B01,1,2,1,243800745
201900000907,2019-09-20,2019,septembre,vendredi,11:15,27,27016,49.249335,1.439052,2,1,1,1,1,4,2,2,1,1,,,1,0,1,4,1,18,2,2,,0,2,7,19,201900000907B01,7,1,1,200072312
201900000991,2019-10-13,2019,octobre,dimanche,12:10,63,63113,45.7928399,3.1198883,2,3,5,1,1,7,2,2,1,1,,,1,0,3,1,1,26,0,2,,0,2,1,1,201900000991B01,7 / 2,9 / 1,2,246300701
201900001003,2019-02-14,2019,février,jeudi,13:36,67,67433,48.377278,7.619137,1,4,3,1,7,3,2,2,1,2,,,1,5,1,3,1,62,5,1,2 / 6,0,2,7,1,201900001003B01,7,16,1,200067924
201900001022,2019-01-30,2019,janvier,mercredi,18:10,69,69191,45.812488,4.818348,2,1,6,5,1,3,2,2,2,1,,,1,0,1,3,1,28,9,1,2,0,2,1,1,201900001022B01,7,15,1,200046977
201900001041,2019-02-17,2019,février,dimanche,12:48,76,76024,49.750305,1.284603,1,1,2,1,6,3,2,2,1,1,,,1,0,1,3,1,33,5,1,2,0,2,1,2,201900001041A01,7,23,1,200070068
201900001049,2019-02-14,2019,février,jeudi,17:35,59,59571,50.177752,3.4714876,1,1,3,1,7,3,2,2,2,1,,,1,0,1,3,1,35,5,1,2,0,2,8,2,201900001049B01,99,2,1,245901038
201900001142,2019-02-12,2019,février,mardi,08:45,69,69389,45.77422,4.8029,2,1,3,1,1,4,2,2,1,1,,,1,0,1,4,1,50,1,1,2,0,2,1,1,201900001142B01,7,9,1,200046977
201900001156,2019-02-12,2019,février,mardi,16:40,83,83069,43.12447,6.18875,1,9,3,1,1,4,3,2,2,1,,,1,0,1,3,1,76,5,2,,0,2,1,19,201900001156A01,33,1,1,248300543
201900001174,2019-02-11,2019,février,lundi,15:25,64,64024,43.48037,-1.52226,2,1,7,1,2,4,2,2,1,1,,,2,0,1,3,2,64,5,2,,12,0,2,26,201900001174A01,,,,200067106
201900001190,2019-05-23,2019,mai,jeudi,08:30,59,59400,50.64362,2.640108,2,1,3,1,1,3,2,2,1,1,,,1,0,1,3,1,81,5,2,,0,2,8,1,201900001190A01,10,17,1,245900758
201900001454,2019-06-06,2019,juin,jeudi,17:00,92,92050,48.892305,2.209408,2,1,2,1,1,3,3,2,1,1,,,1,0,1,4,1,50,0,2,,1,0,1,17,201900001454B01,7,24,1,200054781
201900001471,2019-08-08,2019,août,jeudi,09:10,14,14118,49.17256,-0.35453,2,3,3,1,1,4,2,-1,2,1,,,1,0,1,4,1,41,-1,2,,0,0,0,1,201900001471B01,7,1,1,200065597
201900001499,2019-08-13,2019,août,mardi,09:00,13,13209,43.248784,5.441706,2,1,1,1,1,3,2,2,1,1,,,1,0,1,4,1,54,5,1,2,0,2,1,1,201900001499B01,7,15,1,200054807
201900001545,2019-08-14,2019,août,mercredi,08:25,5,05023,44.9056,6.6302,2,1,6,1,1,2,2,2,2,1,,,1,0,1,1,1,28,1,2,,0,1,1,1,201900001545A01,,,,240500439
201900001590,2019-08-15,2019,août,jeudi,22:00,75,75118,48.8989116,2.3590122,2,4,6,5,2,4,1,2,1,1,,,2,0,1,4,1,23,0,1,2,0,2,4,1,201900001590A01,7,14,1,200054781
201900001618,2019-06-11,2019,juin,mardi,10:45,87,87157,45.938611,1.458649,1,1,2,1,2,4,-1,1,3,2,,,2,0,1,3,1,62,5,2,,0,2,1,2,201900001618A01,7,1,1,200066512
201900001625,2019-08-13,2019,août,mardi,15:30,75,75109,48.8765705,2.3465735,2,3,3,1,1,4,2,3,1,1,,,1,0,1,4,1,41,5,1,2,0,2,1,1,201900001625B01,10,16,1,200054781
201900001633,2019-08-16,2019,août,vendredi,00:01,75,75102,48.8708792,2.3467142,2,3,3,5,1,4,2,3,1,1,,,1,0,1,4,2,30,0,1,2,0,2,8,15,201900001633A01,7,1,1,200054781
201900001636,2019-08-15,2019,août,jeudi,15:45,75,75103,48.8586818,2.3587801,2,2,3,1,8,4,1,0,1,1,,,1,0,1,4,1,18,5,1,2,0,2,0,18,201900001636B01,7,20,1,200054781
201900001736,2019-08-17,2019,août,samedi,14:15,84,84069,44.160748,5.146865,1,1,3,1,1,3,2,2,2,3,,,1,0,1,3,1,55,5,1,2,0,2,3,13,201900001736B01,7,1,1,248400053
201900001737,2019-07-25,2019,juillet,jeudi,12:50,84,84126,44.205186,5.022307,1,6,3,1,1,3,3,1,1,3,,,1,5,1,3,1,61,5,1,2,0,2,2,26,201900001737B01,7,26,1,248400335
201900001738,2019-08-16,2019,août,vendredi,11:45,31,31547,43.504047,1.248368,1,2,3,1,1,3,2,2,1,1,,,1,5,1,4,1,59,5,1,2,0,2,1,1,201900001738B01,7,19,1,200068641
201900001740,2019-08-14,2019,août,mercredi,15:55,68,68162,48.137359,7.322725,1,1,7,1,1,3,2,2,2,2,,,1,0,3,3,1,87,5,1,2,16,0,8,14,201900001740A01,,,,246800551
201900001754,2019-10-24,2019,octobre,jeudi,17:45,57,57433,49.208354,6.154247,2,1,3,1,1,3,3,2,1,1,,,1,9,1,4,2,12,5,2,,0,2,1,19,201900001754B01,7,1,1,200039949
201900001857,2019-10-23,2019,octobre,mercredi,17:10,75,75118,48.8986751,2.367013,2,1,3,1,8,4,3,2,1,1,,,2,9,1,4,1,47,5,1,2,0,2,1,1,201900001857B01,10,22,1,200054781
201900001858,2019-10-23,2019,octobre,mercredi,16:00,75,75118,48.89121,2.3396426,2,5,3,1,2,4,1,1,2,1,,,2,0,1,4,2,51,5,1,2,0,2,1,1,201900001858B01,7,1,1,200054781
201900001859,2019-10-23,2019,octobre,mercredi,14:30,75,75110,48.8732275,2.364203,2,2,6,1,8,4,1,2,1,1,,,1,0,5,4,1,34,4,1,2,0,1,1,5,201900001859A01,,,,200054781
201900001860,2019-10-23,2019,octobre,mercredi,10:38,75,75118,48.88683,2.35969,2,3,3,1,8,4,3,4,1,1,,,1,0,1,3,1,24,0,1,2,0,2,1,1,201900001860A01,10,1,1,200054781
201900001869,2019-10-23,2019,octobre,mercredi,11:50,75,75112,48.8481109,2.3974879,2,7,3,1,1,4,4,4,1,1,,,1,0,1,4,1,14,0,1,2,0,2,4,11,201900001869B01,10,1,1,200054781
201900001870,2019-10-23,2019,octobre,mercredi,18:30,75,75110,48.869863,2.36073,2,2,3,5,1,4,4,1,1,1,,,1,0,5,4,2,27,0,1,2,0,2,8,1,201900001870B01,10,1,1,200054781
201900001907,2019-10-23,2019,octobre,mercredi,16:00,64,64371,43.2208915,-0.8878753,2,1,6,1,8,3,1,1,1,1,,,1,0,4,1,1,13,5,2,,0,1,1,25,201900001907A01,,,,200067106
201900001927,2019-11-28,2019,novembre,jeudi,17:20,44,44052,47.3449961,-2.0706043,2,1,6,2,1,4,2,2,1,1,,,1,9,8,1,1,13,2,2,,0,1,1,1,201900001927A01,,,,244400644
201900001967,2019-11-26,2019,novembre,mardi,16:45,76,76498,49.43174,1.0702,2,1,2,1,1,4,1,1,1,1,,,1,0,1,4,1,25,5,2,,0,2,4,2,201900001967A01,7,2,1,200023414
201900001969,2019-11-25,2019,novembre,lundi,17:30,76,76351,49.53184,0.10316,2,6,3,5,1,3,1,2,1,2,,,1,0,1,4,1,48,0,1,2,0,2,7,1,201900001969B01,7,9,1,200084952
201900002028,2019-11-27,2019,novembre,mercredi,20:32,75,75120,48.8745444,2.3866577,2,1,1,5,1,4,2,2,2,1,,,1,-1,6,4,2,50,9,1,2,0,2,1,17,201900002028B01,37,7,1,200054781
201900002071,2019-11-27,2019,novembre,mercredi,12:00,68,68075,47.532419,7.333235,1,1,7,1,1,9,2,1,1,1,,,1,0,5,3,2,47,5,1,2 / 6 / 9,0,0,9,0,201900002071A01,,,,200066041
201900002073,2019-11-23,2019,novembre,samedi,17:25,29,29298,47.913356,-4.316286,1,1,2,2,8,3,2,2,2,4,,,2,0,1,4,1,53,5,1,2,0,2,4,1,201900002073B01,7,1,1,242900710
201900002083,2019-11-28,2019,novembre,jeudi,05:45,974,97422,-21.221707,55.560441,2,1,3,1,1,2,2,2,2,3,,,1,0,1,2,1,14,2,2,,0,2,1,13,201900002083A01,37,1,1,249740085
201900002109,2019-12-20,2019,décembre,vendredi,15:15,974,97411,-20.8894413,55.4799324,2,1,1,1,1,4,2,2,2,1,,,1,0,1,4,1,26,5,2,,0,2,1,16,201900002109B01,7,1,1,249740119
201900002137,2019-12-02,2019,décembre,lundi,09:55,6,06088,43.71696,7.255523,2,3,3,1,1,4,2,2,2,1,,,2,0,1,4,1,24,0,2,,0,2,1,1,201900002137A01,7,2,1,200030195
201900002151,2019-12-16,2019,décembre,lundi,13:25,76,76575,49.39208,1.08704,2,6,3,1,1,4,-1,1,1,1,,,1,0,1,4,2,35,1,1,2 / 4,0,2,0,9,201900002151A01,7,9,1,200023414
201900002172,2019-09-11,2019,septembre,mercredi,08:25,29,29019,48.4023988,-4.4885748,2,1,3,1,8,4,2,0,1,2,,,2,0,1,4,1,19,0,1,2,0,0,8,2,201900002172B01,7,17,1,242900314
201900002187,2019-09-15,2019,septembre,dimanche,10:30,6,06088,43.665226,7.2029889,2,4,3,1,1,7,1,1,2,3,,,1,9,1,3,1,62,5,1,2,0,2,8,19,201900002187A01,7,1,1,200030195
201900002191,2019-07-06,2019,juillet,samedi,11:25,10,10245,48.256033,4.207581,2,1,7,1,1,3,2,2,2,1,,,1,0,3,2,1,62,5,1,2,0,0,0,1,201900002191A01,,,,200069250
201900002192,2019-09-29,2019,septembre,dimanche,18:05,38,38012,45.590693,5.613507,2,3,3,1,1,3,2,2,1,2,,,1,5,1,4,2,56,5,1,2 / 6,0,2,4,1,201900002192B01,7,15,1,200068567
201900002200,2019-08-05,2019,août,lundi,12:00,61,61215,48.518779,0.370725,1,1,3,1,1,4,2,2,2,1,,,1,0,1,4,1,17,5,1,6 / 9,13,2,8,1,201900002200B01,7,17,1,200035103
201900002255,2019-07-01,2019,juillet,lundi,11:40,6,06077,43.882081,7.359446,1,1,6,1,7,3,2,2,1,1,,,1,0,1,3,1,54,5,1,2,8,0,1,1,201900002255A01,,,,240600593
201900002318,2019-09-17,2019,septembre,mardi,11:40,64,64122,43.47037,-1.56886,2,1,6,1,1,4,1,2,2,1,,,1,0,1,4,2,40,5,2,,0,0,0,1,201900002318B01,7,16,1,200067106
201900002352,2019-09-19,2019,septembre,jeudi,18:50,75,75120,48.86416,2.39223,2,3,6,1,1,4,2,2,2,1,,,1,0,1,4,1,48,1,1,2,0,2,1,1,201900002352A01,7,15,1,200054781
201900002363,2019-09-18,2019,septembre,mercredi,09:20,75,75116,48.8375241,2.2567195,2,7,3,1,1,4,4,3,1,3,,,1,0,1,4,2,42,1,1,2,0,2,8,1,201900002363B01,7,16,1,200054781
201900002365,2019-09-19,2019,septembre,jeudi,20:00,75,75120,48.8470311,2.4114947,2,7,3,2,1,4,2,6,1,1,,,1,0,1,4,2,14,5,1,2,0,2,8,16,201900002365A01,32,1,1,200054781
201900002371,2019-09-19,2019,septembre,jeudi,10:30,75,75104,48.854347,2.344929,2,2,3,1,1,4,2,4,1,1,,,1,0,6,4,2,17,0,1,2,0,2,0,13,201900002371B01,37,7,1,200054781
201900002423,2019-09-20,2019,septembre,vendredi,10:25,34,34096,43.562476,3.180636,1,4,6,1,1,3,2,3,2,2,,,1,0,1,2,1,83,5,1,2,0,2,8,19,201900002423A01,7,1,1,200071058
201900002432,2019-09-20,2019,septembre,vendredi,10:05,18,18015,47.515828,2.402235,1,1,2,1,7,3,2,2,1,1,,,1,0,1,3,1,72,5,1,2 / 9,0,2,4,1,201900002432B01,14,1,1,200000933
201900002455,2019-02-11,2019,février,lundi,15:07,47,47001,44.20562,0.6165,2,4,3,1,1,4,1,1,1,3,,,1,0,1,3,1,38,9,2,,0,2,1,1,201900002455A01,7,15,1,200096956
201900002479,2019-02-12,2019,février,mardi,15:45,29,29019,48.4018237,-4.5024778,2,6,3,1,1,4,-1,0,1,1,,,1,0,1,4,1,22,-1,1,2,0,2,8,19,201900002479B01,7,0,1,242900314
201900002518,2019-02-11,2019,février,lundi,11:43,75,75103,48.860114,2.366463,2,3,3,1,1,4,-1,2,2,1,,,1,0,1,3,1,57,0,2,,0,2,2,1,201900002518A01,7,16,1,200054781
201900002542,2019-02-12,2019,février,mardi,15:10,44,44010,47.267527,-2.454216,1,6,3,1,1,3,2,2,1,3,,,1,5,1,3,2,64,5,2,,0,0,7,1,201900002542B01,7,9,1,244400610
201900002563,2019-02-13,2019,février,mercredi,14:50,26,26146,44.4208698,4.8708923,1,1,3,1,1,3,2,2,2,1,,,1,0,1,3,1,30,5,1,2 / 9,0,2,1,19,201900002563A01,7,0,1,200040681
201900002566,2019-02-14,2019,février,jeudi,16:25,64,64230,43.239106,-0.422236,1,1,2,1,1,3,2,2,1,1,,,1,0,1,4,1,47,5,1,2,1,0,1,1,201900002566A01,15,23,1,200067254
201900002567,2019-02-14,2019,février,jeudi,13:50,24,24347,44.716965,0.799439,1,3,1,1,1,3,2,2,2,2,,,1,0,1,2,1,72,5,1,2,0,2,8,16,201900002567A01,7,1,1,200034833
201900002579,2019-02-05,2019,février,mardi,19:10,42,42187,46.043042,4.053541,2,1,1,5,1,4,1,2,1,1,,,1,0,1,4,2,7,0,1,2,0,2,2,19,201900002579B01,7,2,1,200035731
201900002579,2019-02-05,2019,février,mardi,19:10,42,42187,46.043042,4.053541,2,1,1,5,1,4,1,2,1,1,,,1,0,1,4,1,33,0,2,,0,2,2,19,201900002579B01,7,2,1,200035731
201900002642,2019-07-08,2019,juillet,lundi,17:25,88,88413,48.292707,6.935753,2,1,2,1,1,4,3,2,1,1,,,1,0,1,4,1,20,0,2,,0,2,1,2,201900002642A01,10,2,1,200071066
201900002671,2019-05-27,2019,mai,lundi,17:45,50,50647,48.84038,-1.55919,2,6,7,1,1,3,2,2,1,1,,,1,0,3,4,1,21,1,1,2,0,0,1,15,201900002671A01,,,,200042604
201900002683,2019-07-09,2019,juillet,mardi,13:10,34,34172,43.6042871,3.8835333,2,9,3,1,1,4,2,2,2,1,,,2,0,1,4,1,31,9,2,,0,2,0,1,201900002683B01,7,0,1,243400017
201900002899,2019-07-25,2019,juillet,jeudi,18:30,29,29103,48.447445,-4.270032,2,4,3,1,1,4,2,2,1,1,,,1,5,5,4,1,16,5,2,,0,2,3,11,201900002899B01,37,1,1,242900801
201900002960,2019-08-16,2019,août,vendredi,18:35,62,62571,50.435051,1.609329,1,1,3,1,1,3,2,2,1,1,,,1,0,5,3,1,77,5,1,2,0,2,1,1,201900002960B01,7,15,1,200069029
201900002992,2019-06-08,2019,juin,samedi,13:55,68,68019,48.095981,7.533486,1,3,1,1,1,3,2,1,1,1,,,1,0,1,3,1,7,5,1,2,0,0,8,0,201900002992B01,2,0,1,200066025
201900002994,2019-08-13,2019,août,mardi,14:40,79,79213,46.609602,-0.235509,2,1,3,1,1,3,2,2,1,1,18,65,1,0,1,3,1,83,5,1,9,0,0,0,2,201900002994B01,13,2,1,200041333
201900003008,2019-08-14,2019,août,mercredi,12:00,65,65006,42.8877072,0.321338,1,1,2,1,1,3,2,2,2,1,,,1,0,1,4,1,37,5,1,2,0,2,1,2,201900003008A01,7,2,1,246500573
201900003010,2019-08-14,2019,août,mercredi,12:00,65,65138,42.855629,-0.12805,1,1,6,1,1,3,2,2,2,3,,,1,0,1,3,1,33,5,1,2,13,0,2,21,201900003010B01,7,10,1,200070811
201900003013,2019-06-04,2019,juin,mardi,16:15,974,97422,-21.255737,55.5226,2,1,6,1,1,2,2,2,2,1,,,1,6,1,4,1,36,5,2,,0,1,1,17,201900003013A01,,,,249740085
201900003036,2019-08-15,2019,août,jeudi,07:55,12,12239,44.429019,2.962818,1,2,3,1,2,3,2,2,1,1,,,1,0,1,2,1,67,5,1,2,0,2,1,1,201900003036B01,7,15,1,200068484
201900003045,2019-06-08,2019,juin,samedi,15:45,84,84029,44.152063,4.884916,1,1,2,1,1,3,2,2,1,1,,,1,0,1,4,2,53,5,1,2,0,2,4,1,201900003045B01,7,1,1,248400160
201900003069,2019-06-16,2019,juin,dimanche,11:20,76,76167,49.5857,0.1207,2,3,3,1,1,4,2,-1,1,1,,,1,0,1,4,1,36,5,1,2,0,2,1,16,201900003069B01,7,1,1,200084952
201900003076,2019-06-01,2019,juin,samedi,15:00,28,28269,48.395566,1.492814,2,2,3,1,1,3,2,2,1,1,,,1,0,1,3,1,91,5,1,4,0,2,1,19,201900003076A01,7,1,1,200033181
201900003088,2019-04-16,2019,avril,mardi,15:30,35,35219,47.828951,-1.950293,1,1,6,1,1,3,2,2,2,3,,,1,0,1,3,1,57,5,2,,1,0,1,0,201900003088A01,,,,243500741
201900003089,2019-08-16,2019,août,vendredi,17:30,25,25050,47.11792,6.614027,1,2,7,1,1,3,2,2,3,1,,,1,0,3,3,1,15,5,1,2,13,0,0,0,201900003089A01,,,,242504116
201900003114,2019-10-22,2019,octobre,mardi,18:15,75,75120,48.85102,2.41581,2,4,3,2,1,4,2,2,1,1,,,1,0,1,1,1,119,0,1,2,0,2,8,13,201900003114B01,1,17,1,200054781
201900003114,2019-10-22,2019,octobre,mardi,18:15,75,75120,48.85102,2.41581,2,4,3,2,1,4,2,2,1,1,,,1,0,1,4,2,43,0,1,2,0,2,7,17,201900003114A01,1,13,1,200054781
201900003121,2019-10-22,2019,octobre,mardi,20:55,75,75119,48.9001468,2.3873126,2,7,5,5,1,4,1,4,1,1,,,1,0,5,4,2,19,0,1,2,0,2,9,1,201900003121C01,7 / 10,1,2,200054781
201900003124,2019-06-08,2019,juin,samedi,09:15,58,58086,47.411123,2.925737,1,1,7,1,1,3,2,2,1,1,,,1,0,1,3,1,36,5,2,,0,0,0,0,201900003124A01,,,,200067916
201900003128,2019-06-07,2019,juin,vendredi,17:25,971,97132,15.970065,-61.642862,2,1,3,1,1,4,2,2,2,4,,,1,0,1,4,1,20,5,2,,0,2,1,18,201900003128A01,7,16,1,249710070
201900003131,2019-06-06,2019,juin,jeudi,17:45,62,62261,50.506947,1.627314,2,9,3,1,1,3,1,1,1,1,,,1,0,1,4,1,18,2,2,,0,2,1,26,201900003131A01,10,1,1,200069029
201900003142,2019-06-03,2019,juin,lundi,16:20,974,97413,-21.216661,55.308087,2,3,3,1,1,3,2,2,2,1,,,1,0,1,4,1,32,5,2,,0,2,1,1,201900003142B01,7,15,1,249740101
201900003152,2019-10-22,2019,octobre,mardi,16:15,75,75111,48.8535785,2.3804157,2,2,6,1,1,4,2,2,1,1,,,1,0,1,1,2,47,1,2,,0,1,1,1,201900003152A01,,,,200054781