Num_Acc,date,an,mois,jour,hrmn,dep,com,lat,long,agg,int,col,lum,atm,catr,circ,nbv,prof,plan,lartpc,larrout,surf,infra,situ,grav,sexe,age,trajet,secuexist,equipement,obs,obsm,choc,manv,vehiculeid,typevehicules,manoeuvehicules,numVehicules,_infos_commune.code_epci
201900003155,2019-10-22,2019,octobre,mardi,00:45,75,75114,48.8245899,2.319397,2,2,2,5,1,4,3,6,1,1,,,1,5,1,4,1,29,0,1,2,0,2,4,2,201900003155B01,7,2,1,200054781
201900003166,2019-08-17,2019,août,samedi,12:05,50,50487,48.524847,-1.310096,1,1,4,1,2,3,2,2,2,1,,,2,0,1,3,1,69,5,1,2,0,2,4,1,201900003166E01,7,2 / 1,2,200069425
201900003166,2019-08-17,2019,août,samedi,12:05,50,50487,48.524847,-1.310096,1,1,4,1,2,3,2,2,2,1,,,2,0,1,3,1,60,5,1,2,0,2,4,2,201900003166D01,7,2 / 1,2,200069425
201900003166,2019-08-17,2019,août,samedi,12:05,50,50487,48.524847,-1.310096,1,1,4,1,2,3,2,2,2,1,,,2,0,1,4,1,76,5,1,2,0,2,4,2,201900003166C01,7,2 / 1,2,200069425
201900003222,2019-08-13,2019,août,mardi,18:20,27,27260,49.412183,0.424112,1,1,2,1,2,3,2,2,1,1,,,1,0,1,3,1,65,5,1,2 / 4,0,2,4,1,201900003222B01,7,1,1,200066827
201900003224,2019-08-14,2019,août,mercredi,11:35,17,17459,45.917438,-0.445377,1,1,3,1,1,3,2,2,1,1,,,1,0,1,3,1,68,5,2,,0,2,8,1,201900003224B01,7,1,1,200041689
201900003243,2019-08-02,2019,août,vendredi,10:05,30,30241,43.970626,4.2786,1,1,1,1,1,4,2,2,1,4,,,1,0,1,3,1,77,5,1,9,0,2,3,1,201900003243B01,7,13,1,243000643
201900003245,2019-10-19,2019,octobre,samedi,18:38,49,49026,47.498301,-0.807234,2,2,3,2,2,9,2,2,1,1,,,1,0,1,4,1,12,5,2,,0,2,1,11,201900003245A01,7,1,1,200071868
201900003256,2019-07-30,2019,juillet,mardi,17:50,88,88358,48.108333,6.566853,2,3,1,1,8,3,2,2,1,3,,,1,5,1,4,1,26,1,1,2,0,2,1,1,201900003256B01,7,15,1,200068757
201900003265,2019-08-13,2019,août,mardi,08:20,69,69244,45.76381,4.773522,2,1,1,1,1,4,1,1,2,2,,,1,0,1,4,1,43,0,1,2,0,2,1,1,201900003265B01,10,5,1,200046977
201900003293,2019-10-23,2019,octobre,mercredi,19:30,73,73252,45.4358454,6.2800275,2,1,3,3,2,3,2,2,1,4,,,2,0,1,4,1,30,5,2,,0,2,3,1,201900003293B01,7,1,1,247300676
201900003336,2019-08-14,2019,août,mercredi,16:10,5,05065,44.654947,6.652125,2,6,3,1,1,3,-1,1,4,1,,,1,0,1,4,1,60,5,1,2,0,2,5,1,201900003336B01,7,16,1,200067452
201900003362,2019-09-25,2019,septembre,mercredi,17:53,974,97415,-21.06878,55.289326,1,1,1,1,1,3,2,2,2,2,,,1,0,1,3,1,16,5,2,,0,2,1,13,201900003362B01,7,1,1,249740101
201900003363,2019-10-21,2019,octobre,lundi,19:30,973,97304,5.155978,-52.659886,2,1,1,5,1,4,2,2,1,1,,,1,0,5,3,1,13,5,2,,0,2,0,0,201900003363A01,2,0,1,200027548
201900003371,2019-08-16,2019,août,vendredi,16:30,68,68193,47.992462,7.130306,1,1,7,1,1,9,2,2,2,2,,,9,0,1,3,2,47,5,1,2 / 9,0,0,9,1,201900003371A01,,,,246800585
201900003376,2019-08-16,2019,août,vendredi,16:25,67,67184,48.901206,7.977999,2,1,3,1,1,4,2,2,1,1,,,1,0,1,4,1,9,5,1,2,0,2,1,16,201900003376B01,7,1,1,200040178
201900003379,2019-05-31,2019,mai,vendredi,09:50,78,78300,48.889532,1.722326,1,2,3,1,7,3,-1,2,1,1,,,1,5,1,3,1,77,5,1,2,0,2,8,1,201900003379B01,7,15,1,200059889
201900003388,2019-06-04,2019,juin,mardi,23:54,67,67448,48.478239,7.218146,2,1,2,5,1,3,2,2,1,1,,,1,0,1,3,1,44,1,2,,0,2,4,1,201900003388A01,7,1,1,246700306
201900003410,2019-06-06,2019,juin,jeudi,11:25,2B,2B096,42.304745,9.157492,2,1,3,1,1,2,2,2,2,3,,,1,1,1,3,1,36,4,1,2,0,2,1,13,201900003410B01,14,1,1,242020071
201900003437,2019-08-07,2019,août,mercredi,10:15,44,44047,47.219992,-1.724669,2,1,3,1,1,7,2,2,2,1,,,1,0,1,3,1,64,5,1,2,0,0,8,1,201900003437B01,7,17,1,244400404
201900003476,2019-03-27,2019,mars,mercredi,14:00,22,22282,48.627377,-2.266111,2,1,7,1,1,3,2,2,1,1,,,1,0,5,2,1,79,5,2,,0,0,0,0,201900003476A01,,,,200068989
201900003478,2019-03-14,2019,mars,jeudi,12:55,60,60141,49.186824,2.459594,2,1,1,1,1,9,1,1,1,2,,,1,0,1,3,1,77,0,2,,0,2,1,13,201900003478B01,7,9,1,246000764
201900003522,2019-03-25,2019,mars,lundi,19:40,69,69387,45.75218,4.84723,2,2,3,5,8,7,1,1,1,1,,,1,0,1,4,2,28,9,2,,0,2,1,5,201900003522B01,7,15,1,200046977
201900003590,2019-11-25,2019,novembre,lundi,13:32,973,97302,4.930229,-52.308941,2,1,3,1,1,4,2,2,1,1,,,1,0,1,4,1,17,2,2,,0,2,7,1,201900003590B01,7,9,1,249730045
201900003681,2019-11-26,2019,novembre,mardi,18:00,75,75113,48.8345773,2.367362,2,3,3,5,1,4,3,2,2,1,,,2,0,5,4,1,49,1,1,2,0,2,1,1,201900003681B01,10,16,1,200054781
201900003682,2019-11-26,2019,novembre,mardi,08:45,75,75113,48.8311376,2.3718955,2,3,3,1,8,4,2,2,2,1,,,1,0,5,4,2,39,0,1,2,0,2,1,1,201900003682A01,7,15,1,200054781
201900003685,2019-11-25,2019,novembre,lundi,22:15,75,75112,48.8514329,2.3699002,2,3,3,5,2,4,2,4,1,1,,,2,0,1,4,2,20,5,1,2,0,2,8,16,201900003685A01,37,1,1,200054781
201900003686,2019-11-26,2019,novembre,mardi,19:00,75,75111,48.861858,2.3834096,2,3,3,5,8,4,1,1,2,1,,,2,0,1,4,1,44,0,1,2,0,2,2,1,201900003686B01,10,22,1,200054781
201900003688,2019-11-26,2019,novembre,mardi,19:45,75,75104,48.8595305,2.3487901,2,2,6,5,2,4,1,4,1,1,,,2,0,5,4,2,42,1,1,2,0,2,0,1,201900003688A01,7,15,1,200054781
201900003689,2019-11-25,2019,novembre,lundi,09:15,75,75101,48.8680848,2.33114,2,1,6,1,1,4,2,2,1,1,,,1,0,5,1,1,30,1,1,2,0,1,1,1,201900003689A01,,,,200054781
201900003839,2019-11-28,2019,novembre,jeudi,17:50,29,29212,48.373345,-4.588391,2,1,3,3,2,4,2,2,1,1,,,1,0,1,4,2,14,5,1,2 / 4 / 9,0,2,7,19,201900003839B01,7,1,1,242900314
201900003852,2019-09-20,2019,septembre,vendredi,08:05,75,75111,48.8660025,2.3706578,2,2,3,1,1,4,2,2,2,1,,,1,0,1,4,2,31,1,1,2,0,2,1,1,201900003852A01,7,16,1,200054781
201900003891,2019-09-15,2019,septembre,dimanche,11:00,38,38200,45.08832,5.731,2,6,3,1,1,2,1,2,1,2,,,1,0,1,4,1,57,5,1,2,0,2,1,16,201900003891B01,7,9,1,200040715
201900003929,2019-09-17,2019,septembre,mardi,14:25,87,87085,45.82936,1.2447,2,2,3,1,1,4,2,2,1,1,,,1,0,1,3,1,25,5,2,,0,2,1,9,201900003929A01,7,9,1,248719312
201900003953,2019-09-17,2019,septembre,mardi,17:10,56,56121,47.7438357,-3.3810682,2,2,3,1,1,4,2,4,1,1,,,1,5,1,4,1,51,4,1,2,0,2,8,1,201900003953B01,10,15,1,200042174
201900003980,2019-09-18,2019,septembre,mercredi,16:00,14,14327,49.20686,-0.31564,2,9,3,1,1,3,2,0,1,1,,,1,9,1,4,1,26,-1,2,,0,0,9,1,201900003980B01,7,1,1,200065597
201900003981,2019-09-18,2019,septembre,mercredi,12:05,14,14341,49.14867,-0.34011,2,1,3,1,1,4,2,2,1,1,,,1,0,1,4,2,62,5,2,,0,2,3,19,201900003981B01,7,1,1,200065597
201900003998,2019-09-18,2019,septembre,mercredi,13:40,75,75116,48.863301,2.286661,2,7,2,1,1,4,1,4,1,2,,,1,0,1,4,1,50,1,1,2,0,2,4,2,201900003998B01,7,2,1,200054781
201900004001,2019-09-18,2019,septembre,mercredi,16:25,75,75115,48.836752,2.299544,2,2,3,1,1,4,2,2,1,1,,,1,0,5,4,2,62,0,1,2,0,2,8,1,201900004001B01,10,1,1,200054781
201900004034,2019-09-17,2019,septembre,mardi,09:40,59,59309,50.98406,2.590168,2,1,7,1,1,3,2,2,1,1,,,9,0,1,3,2,68,5,1,2,0,0,1,1,201900004034A01,,,,200040954
201900004054,2019-09-19,2019,septembre,jeudi,09:45,2,02656,49.381142,3.828831,1,1,2,1,7,3,2,2,1,1,,,1,0,1,3,1,71,5,1,2 / 6,0,0,4,1,201900004054B01,7,2,1,240200576
201900004057,2019-09-18,2019,septembre,mercredi,19:05,60,60509,49.3003579,2.6038163,2,3,1,1,1,3,2,2,1,1,,,1,0,1,3,1,9,0,2,,0,2,0,0,201900004057A01,7,1,1,246000921
201900004060,2019-09-19,2019,septembre,jeudi,07:20,64,64371,43.2152791,-0.8962425,2,1,2,2,8,3,2,2,1,1,,,1,0,1,4,1,2,2,1,2 / 3 / 4,0,0,6,15,201900004060B01,7,18,1,200067106
201900004060,2019-09-19,2019,septembre,jeudi,07:20,64,64371,43.2152791,-0.8962425,2,1,2,2,8,3,2,2,1,1,,,1,0,1,1,1,33,2,1,2,0,0,6,15,201900004060B01,7,18,1,200067106
201900004063,2019-07-09,2019,juillet,mardi,20:10,14,14118,49.19496,-0.35987,2,1,6,1,1,4,2,2,1,1,,,1,0,1,3,2,42,1,1,2,12,0,1,26,201900004063A01,,,,200065597
201900004088,2019-07-08,2019,juillet,lundi,09:00,75,75115,48.831387,2.291577,2,1,3,1,1,4,1,1,2,1,,,1,0,5,1,1,33,5,1,2,0,2,8,13,201900004088A01,1,17,1,200054781
201900004088,2019-07-08,2019,juillet,lundi,09:00,75,75115,48.831387,2.291577,2,1,3,1,1,4,1,1,2,1,,,1,0,5,4,1,39,1,1,2,0,2,7,17,201900004088B01,1,13,1,200054781
201900004093,2019-07-09,2019,juillet,mardi,13:20,75,75113,48.823434,2.375058,2,3,3,1,1,4,1,3,2,1,,,1,0,5,4,1,19,5,1,2,0,2,4,1,201900004093B01,7,16,1,200054781
201900004094,2019-07-09,2019,juillet,mardi,11:05,75,75109,48.875101,2.341022,2,2,6,1,1,4,1,1,1,1,,,1,0,1,1,1,20,9,1,2,0,1,1,1,201900004094A01,,,,200054781
201900004131,2019-07-06,2019,juillet,samedi,14:10,84,84069,44.155943,5.147494,1,1,3,1,1,3,2,2,2,2,,,1,0,1,3,1,52,5,1,2,0,2,1,26,201900004131A01,7,21,1,248400053
201900004133,2019-07-10,2019,juillet,mercredi,08:30,35,35226,48.426844,-1.890597,1,2,3,1,1,3,2,2,1,1,,,1,5,1,4,1,38,5,1,2 / 6,0,2,8,1,201900004133A01,7,19,1,243500733
201900004136,2019-07-10,2019,juillet,mercredi,10:15,65,65340,43.2786164,0.1092397,2,3,3,1,1,2,2,2,1,1,,,1,0,1,4,1,25,5,1,2,0,2,6,1,201900004136B01,7,19,1,200069300
201900004156,2019-07-09,2019,juillet,mardi,21:00,2,02678,49.71972,4.074759,2,3,1,2,1,3,2,2,1,1,,,1,0,1,3,1,13,5,2,,0,2,1,5,201900004156A01,10,1,1,240200634
201900004170,2019-07-09,2019,juillet,mardi,11:45,971,97134,16.057793,-61.762092,1,1,3,1,1,4,2,2,2,1,,,1,0,1,3,1,6,0,2,,0,2,1,0,201900004170A01,7,26,1,249710070
201900004178,2019-07-08,2019,juillet,lundi,14:45,54,54397,48.61349,6.118669,2,1,7,1,1,3,2,2,1,1,,,1,0,1,3,1,45,9,1,2,12,0,2,0,201900004178A01,,,,245400171
201900004181,2019-07-10,2019,juillet,mercredi,10:50,26,26182,44.332301,5.10751,1,1,7,1,1,3,2,-1,1,1,,,1,0,1,4,1,70,5,1,2,0,9,0,1,201900004181A01,,,,200068229
201900004186,2019-07-10,2019,juillet,mercredi,10:20,44,44110,47.437846,-1.499895,2,6,2,1,1,3,-1,1,1,3,,,1,5,1,3,2,79,5,2,,0,0,4,9,201900004186B01,7,9,1,244400503
201900004201,2019-07-05,2019,juillet,vendredi,18:15,63,63113,45.7715838,3.0832312,2,2,3,1,1,4,2,1,1,1,,,1,9,1,4,1,17,5,2,,0,2,8,19,201900004201B01,7,16,1,246300701
201900004222,2019-07-08,2019,juillet,lundi,06:55,69,69385,45.75684,4.81603,2,1,6,1,1,4,2,2,1,1,,,1,6,1,1,1,60,1,2,,0,1,0,1,201900004222A01,,,,200046977
201900004229,2019-07-06,2019,juillet,samedi,15:35,80,80702,49.84181,2.31178,2,1,3,1,1,4,2,2,2,1,,,1,0,1,4,1,44,0,1,2,0,2,0,15,201900004229B01,7,1,1,248000531
201900004231,2019-07-07,2019,juillet,dimanche,12:40,76,76540,49.45286,1.0935,2,3,3,1,1,4,2,2,1,1,,,1,0,1,3,1,20,5,2,,0,2,1,0,201900004231A01,7,1,1,200023414
201900004235,2019-07-06,2019,juillet,samedi,13:30,76,76305,49.50349,0.21402,2,3,6,1,1,4,2,2,2,1,,,1,0,1,4,1,18,5,1,2,6,0,1,13,201900004235A01,,,,200084952
201900004235,2019-07-06,2019,juillet,samedi,13:30,76,76305,49.50349,0.21402,2,3,6,1,1,4,2,2,2,1,,,1,0,1,4,1,17,5,1,2,6,0,1,13,201900004235A01,,,,200084952
201900004236,2019-07-05,2019,juillet,vendredi,11:50,67,67482,48.569461,7.763097,2,3,3,1,1,4,1,2,1,1,,,1,0,1,4,2,51,0,2,,0,2,7,1,201900004236B01,7,16,1,246700488
201900004260,2019-02-08,2019,février,vendredi,21:45,91,91326,48.690764,2.380234,2,2,3,5,8,3,2,2,1,1,,,1,5,1,4,1,49,9,2,,0,2,3,19,201900004260B01,7,19,1,200054781
201900004295,2019-02-11,2019,février,lundi,09:56,71,71270,46.3018561,4.8315016,2,1,6,1,1,3,3,5,1,1,,,1,0,1,3,2,78,9,2,,0,2,0,2,201900004295C01,17 / 16,2,2,200070308
201900004312,2019-02-08,2019,février,vendredi,08:05,64,64445,43.32339,-0.36027,2,3,3,1,1,4,2,2,1,1,,,1,0,1,4,1,17,2,2,,0,2,7,1,201900004312B01,7,16,1,200067254
201900004440,2019-04-09,2019,avril,mardi,21:35,62,62498,50.43037,2.81351,2,3,3,5,2,4,2,-1,1,1,,,2,0,1,3,1,25,1,2,,0,2,8,15,201900004440B01,7,1,1,246200364
201900004511,2019-04-23,2019,avril,mardi,13:05,69,69386,45.76363,4.84386,2,2,3,1,1,4,1,1,1,1,,,2,0,1,4,1,22,4,2,,0,2,1,1,201900004511A01,7,19,1,200046977
201900004534,2019-04-28,2019,avril,dimanche,18:45,69,69389,45.77567,4.80277,2,3,3,1,2,4,2,2,1,1,,,2,0,1,4,1,26,1,2,,0,2,1,1,201900004534B01,7,16,1,200046977
201900004558,2019-04-19,2019,avril,vendredi,21:15,91,91377,48.73738,2.26968,2,3,3,5,1,4,2,2,1,1,,,1,0,1,4,1,19,5,1,5,0,2,1,1,201900004558B01,7,15,1,200056232
201900004597,2019-03-21,2019,mars,jeudi,09:50,69,69388,45.73924,4.88304,2,1,6,1,1,4,2,1,1,1,,,1,0,1,1,1,48,1,2,,0,1,1,2,201900004597A01,,,,200046977
201900004612,2019-03-22,2019,mars,vendredi,15:00,69,69381,45.76772,4.83788,2,2,3,1,1,7,1,4,1,1,,,1,0,1,4,1,56,1,2,,0,2,1,2,201900004612B01,7,12,1,200046977
201900004616,2019-03-21,2019,mars,jeudi,17:30,69,69389,45.78985,4.81244,2,3,3,1,1,4,2,2,1,1,,,1,0,1,4,2,52,1,2,,0,2,1,21,201900004616B01,7,9,1,200046977
201900004671,2019-03-20,2019,mars,mercredi,16:20,82,82121,44.012728,1.346214,2,2,3,1,1,4,1,3,1,1,,,1,0,1,3,2,28,9,2,,0,2,1,1,201900004671B01,14,16,1,248200099
201900004686,2019-03-24,2019,mars,dimanche,17:30,76,76351,49.51851,0.11696,2,2,3,1,1,4,2,5,1,1,,,1,4,1,4,1,17,0,2,,0,2,8,15,201900004686A01,7,1,1,200084952
201900004706,2019-03-20,2019,mars,mercredi,14:00,69,69091,45.60194,4.77023,2,2,3,1,1,3,2,2,1,1,,,1,5,1,3,1,60,5,1,2 / 6,0,2,1,18,201900004706B01,7,16,1,200046977
201900004722,2019-03-22,2019,mars,vendredi,07:45,64,64189,43.38453,-1.66645,2,1,3,2,1,4,1,1,1,2,,,1,0,1,4,1,50,0,1,2,0,2,1,1,201900004722B01,7,9,1,200067106
201900004728,2019-03-22,2019,mars,vendredi,09:50,64,64122,43.4799185,-1.5355393,2,1,6,1,1,4,2,2,2,2,,,1,0,1,3,1,29,1,2,,12,0,1,11,201900004728A01,,,,200067106
201900004729,2019-03-22,2019,mars,vendredi,10:20,64,64122,43.4684589,-1.5547749,2,1,6,1,1,4,2,2,1,1,,,1,0,1,4,2,56,5,1,2,1,0,1,1,201900004729B01,7,22,1,200067106
201900004760,2019-10-17,2019,octobre,jeudi,16:30,44,44047,47.2347489,-1.6644483,2,1,3,1,7,4,2,2,4,2,,,2,0,5,4,1,46,1,2,,0,2,1,1,201900004760B01,7,15,1,244400404
201900004780,2019-10-19,2019,octobre,samedi,12:00,63,63164,45.8417909,3.1577969,2,6,3,1,8,3,2,-1,1,1,,,1,0,1,4,1,58,0,1,2,0,2,7,1,201900004780B01,7,9,1,246300701
201900004856,2019-10-18,2019,octobre,vendredi,16:30,8,08105,49.754962,4.719891,2,3,3,1,1,4,1,2,2,1,,,1,0,1,3,1,46,1,2,,0,2,1,1,201900004856B01,7,16,1,200041630
201900004864,2019-10-21,2019,octobre,lundi,08:50,75,75115,48.8453443,2.278554,2,2,3,1,8,4,2,2,1,1,,,2,0,1,4,2,59,5,1,2,0,2,8,18,201900004864B01,14,1,1,200054781
201900004867,2019-10-21,2019,octobre,lundi,18:43,75,75110,48.883729,2.351254,2,3,6,5,1,4,1,2,1,1,,,1,0,5,1,2,32,1,1,2,0,1,1,1,201900004867A01,,,,200054781
201900004893,2019-10-20,2019,octobre,dimanche,16:05,68,68253,47.777209,7.505569,1,1,7,1,1,4,-1,1,2,1,,,1,0,8,2,1,64,5,1,2,0,0,0,1,201900004893A01,,,,200066009
201900004898,2019-10-21,2019,octobre,lundi,17:30,79,79179,46.724987,-0.58828,2,6,3,1,1,3,2,2,1,3,,80,1,0,1,3,1,86,5,1,2,0,2,8,1,201900004898B01,7,9,1,200040244
201900004914,2019-10-22,2019,octobre,mardi,19:15,67,67327,48.987203,8.100013,1,1,2,3,1,3,2,2,1,2,,,1,0,1,2,1,31,5,2,,0,2,4,2,201900004914B01,37,2,1,200041283
201900004926,2019-10-12,2019,octobre,samedi,14:30,44,44047,47.2459,-1.728937,1,1,3,1,1,7,2,2,1,1,,,1,0,1,3,1,49,5,1,2,0,2,3,1,201900004926B01,7,15,1,244400404
201900004929,2019-10-22,2019,octobre,mardi,15:30,27,27343,49.064244,1.374582,1,2,3,1,1,3,2,2,1,1,,,1,0,1,4,2,51,5,2,,0,2,1,1,201900004929B01,7,1,1,200072312
201900004944,2019-06-13,2019,juin,jeudi,16:25,32,32280,43.330526,0.569102,1,9,3,1,1,3,2,2,1,1,,,1,0,1,3,2,79,5,1,2,0,2,8,13,201900004944A01,21,1,1,200072320
201900004991,2019-06-04,2019,juin,mardi,17:30,49,49377,47.549251,-0.490137,1,1,2,1,1,3,2,2,1,1,,,1,0,1,3,1,31,1,2,,1,0,1,2,201900004991A01,7,24,1,244900015
201900005020,2019-05-25,2019,mai,samedi,11:00,34,34292,43.633375,3.322321,1,1,6,1,1,3,-1,2,1,1,,,1,0,1,3,1,40,4,1,2,0,5,2,1,201900005020A01,,,,243400355
201900005025,2019-06-07,2019,juin,vendredi,07:35,68,68290,47.943065,7.446724,1,1,2,1,1,3,2,2,1,1,,,1,0,1,3,1,59,5,1,2 / 6,0,0,4,1,201900005025B01,7,1,1,200066025
201900005026,2019-06-05,2019,juin,mercredi,18:05,68,68140,47.914737,7.44538,2,1,3,1,1,3,2,2,1,1,,,1,0,1,4,1,14,5,2,,0,2,3,13,201900005026A01,7,17,1,200066025
201900005033,2019-06-05,2019,juin,mercredi,10:40,68,68338,48.090613,7.237519,1,1,2,1,1,3,2,2,2,1,,,1,0,1,4,1,85,5,1,2 / 6,0,0,4,1,201900005033B01,7,17,1,246800726
201900005034,2019-06-01,2019,juin,samedi,10:30,68,68374,48.073901,7.260871,1,3,3,1,7,4,2,2,1,1,,,1,0,5,4,1,65,5,1,2,0,2,1,1,201900005034B01,33,26,1,246800726
201900005036,2019-05-31,2019,mai,vendredi,09:50,22,22247,48.731513,-3.242472,2,1,6,1,1,3,2,2,1,1,,,1,0,1,1,1,23,5,1,2,0,1,7,1,201900005036A01,,,,
201900005046,2019-06-02,2019,juin,dimanche,11:30,39,39306,46.657304,5.539687,2,1,3,1,1,3,2,2,2,1,,,1,0,1,3,1,66,5,1,2,0,2,3,10,201900005046A01,7,21,1,200071116
201900005047,2019-06-13,2019,juin,jeudi,20:00,25,25373,47.154314,6.679168,2,1,6,2,1,4,-1,2,2,1,,,1,0,1,3,1,46,5,1,2,0,2,1,1,201900005047B01,7,4,1,242504355
201900005048,2019-06-14,2019,juin,vendredi,18:30,25,25114,47.347939,6.841339,2,1,6,1,1,4,2,2,1,1,,,1,0,1,3,1,52,5,2,,0,2,1,1,201900005048A01,21,1,1,200023075
201900005051,2019-06-10,2019,juin,lundi,14:40,44,44189,47.437614,-2.164827,1,3,3,1,1,3,2,2,1,1,,,1,0,1,2,2,13,5,2,,0,2,8,15,201900005051B01,10,17,1,200000438
201900005053,2019-06-01,2019,juin,samedi,09:35,44,44098,47.4618148,-2.2080269,1,2,3,1,1,4,2,2,1,1,,,1,0,1,3,1,51,5,1,2,0,2,7,1,201900005053A01,7,16,1,200000438
201900005090,2019-06-12,2019,juin,mercredi,14:15,38,38354,45.49269,5.706189,1,3,3,1,1,3,2,2,2,1,,,1,0,1,3,1,70,5,1,2,0,2,2,15,201900005090B01,7,15,1,200068567
201900005101,2019-06-12,2019,juin,mercredi,13:45,3,03254,46.3134683,3.2871316,2,1,3,1,1,6,-1,-1,1,1,,,1,0,8,4,1,16,0,2,,0,0,1,1,201900005101A01,7,1,1,200071389
201900005118,2019-06-05,2019,juin,mercredi,17:45,70,70339,47.743196,6.556301,1,2,3,1,1,3,2,2,1,1,,,1,0,1,3,2,63,5,1,2,0,0,8,1,201900005118B01,7,19,1,247000854
201900005134,2019-07-14,2019,juillet,dimanche,02:35,59,59452,50.470697,3.045967,1,1,7,3,1,3,-1,2,1,1,,,1,0,8,2,1,82,5,2,,0,0,0,0,201900005134A01,,,,200041960
201900005236,2019-08-12,2019,août,lundi,18:57,17,17300,46.15724,-1.15691,2,3,3,1,1,4,1,1,1,1,,,1,0,1,4,2,19,5,2,,0,2,7,2,201900005236B01,7,15,1,241700434
201900005237,2019-08-12,2019,août,lundi,18:10,17,17300,46.15993,-1.16761,2,1,3,1,1,4,2,2,2,1,,,1,0,1,4,1,13,0,1,2,0,2,1,1,201900005237B01,7,15,1,241700434
201900005240,2019-08-08,2019,août,jeudi,09:15,14,14118,49.17254,-0.35452,2,2,3,1,1,4,3,3,2,1,,,1,0,1,4,1,41,5,2,,0,2,1,1,201900005240A01,7,15,1,200065597
201900005279,2019-08-13,2019,août,mardi,11:30,42,42322,45.413047,4.536485,1,4,1,1,1,3,4,2,4,1,,,1,0,1,3,1,66,5,1,2 / 6,0,2,1,1,201900005279A01,7,9,1,244200770
201900005284,2019-08-13,2019,août,mardi,15:15,82,82013,43.879625,0.991025,2,6,3,1,1,3,1,1,1,2,,,1,5,1,4,1,75,5,2,,0,2,7,15,201900005284B01,7,15,1,248200065
201900005289,2019-08-11,2019,août,dimanche,09:40,42,42017,45.368744,4.516079,2,1,6,1,1,3,1,1,2,1,,,1,0,1,4,1,64,5,1,2,12,1,8,18,201900005289A01,,,,244200622
201900005292,2019-08-05,2019,août,lundi,10:15,35,35302,48.187185,-2.168862,1,4,3,1,1,2,1,1,2,1,,,1,3,1,3,1,75,9,2,,0,2,1,1,201900005292B01,13,15,1,200038990
201900005293,2019-08-13,2019,août,mardi,16:00,38,38074,45.233149,5.44361,1,1,4,1,1,3,2,2,1,1,,,1,0,1,1,2,19,5,2,,0,2,4,1,201900005293C01,7,1,1,200070431
201900005293,2019-08-13,2019,août,mardi,16:00,38,38074,45.233149,5.44361,1,1,4,1,1,3,2,2,1,1,,,1,0,1,4,1,19,5,2,,0,2,4,1,201900005293B01,7,1,1,200070431
201900005335,2019-11-26,2019,novembre,mardi,17:20,68,68195,47.75847,7.286432,2,3,7,5,1,3,2,2,1,1,,,1,0,5,4,1,37,1,2,,0,0,9,1,201900005335A01,,,,200066009
201900005336,2019-11-26,2019,novembre,mardi,17:10,22,22251,48.56178,-2.810318,1,6,3,2,1,3,3,4,1,1,,,1,0,1,4,1,17,1,2,,0,2,7,12,201900005336B01,7,1,1,200069409
201900005340,2019-11-27,2019,novembre,mercredi,11:00,60,60509,49.290322,2.605368,2,1,6,1,2,4,2,2,1,3,,,2,0,1,4,1,5,5,2,,0,2,0,0,201900005340B01,7,20,1,246000921
201900005362,2019-11-26,2019,novembre,mardi,20:30,80,80049,49.621932,2.550283,2,1,2,5,2,3,2,2,1,1,,,2,0,1,2,1,62,0,2,,0,0,4,1,201900005362B01,7,1,1,200070977
201900005393,2019-11-23,2019,novembre,samedi,08:50,971,97113,16.22107,-61.52106,1,1,4,1,1,2,3,3,1,1,,,1,0,1,3,1,27,9,1,2,0,2,4,1,201900005393F01,7 / 99,2 / 0,5,200041507
201900005471,2019-11-25,2019,novembre,lundi,20:00,75,75119,48.8930387,2.3776844,2,1,3,5,1,4,1,2,1,1,,,1,-1,6,4,1,31,9,1,2,0,2,1,7,201900005471B01,7,16,1,200054781
201900005520,2019-08-17,2019,août,samedi,20:30,75,75110,48.8804013,2.3643155,2,3,3,2,3,4,2,2,1,1,,,2,0,1,1,1,20,4,1,2,0,2,7,15,201900005520B01,31,1,1,200054781
201900005528,2019-05-04,2019,mai,samedi,07:00,971,97125,16.251439,-61.209995,1,1,4,1,1,3,2,2,1,1,,,1,0,1,4,1,51,5,1,2,0,2,4,1,201900005528C01,7,2,1,200041507
201900005528,2019-05-04,2019,mai,samedi,07:00,971,97125,16.251439,-61.209995,1,1,4,1,1,3,2,2,1,1,,,1,0,1,3,1,57,5,1,2,0,2,4,1,201900005528B01,7,2,1,200041507
201900005534,2019-06-17,2019,juin,lundi,10:42,6,06029,43.546257,7.046298,2,1,6,1,2,4,2,2,1,1,,,1,0,1,2,1,76,5,1,2,0,9,1,1,201900005534B01,31,1,1,200039915
201900005542,2019-07-14,2019,juillet,dimanche,10:30,73,73191,45.5992209,5.766353,1,1,2,1,1,3,2,2,2,1,,,1,0,1,3,1,80,5,2,,0,2,4,2,201900005542B01,7,17,1,247300668