Num_Acc,date,an,mois,jour,hrmn,dep,com,lat,long,agg,int,col,lum,atm,catr,circ,nbv,prof,plan,lartpc,larrout,surf,infra,situ,grav,sexe,age,trajet,secuexist,equipement,obs,obsm,choc,manv,vehiculeid,typevehicules,manoeuvehicules,numVehicules,_infos_commune.code_epci
201900005668,2019-11-28,2019,novembre,jeudi,09:32,63,63032,45.75381,3.09936,2,1,2,1,2,4,2,2,1,1,,,2,0,1,4,1,21,0,1,2 / 6,0,2,1,1,201900005668A01,7,26,1,246300701
201900005676,2019-07-07,2019,juillet,dimanche,17:45,56,56121,47.74864,-3.36538,2,1,7,1,1,4,-1,0,1,1,,,1,0,1,4,2,42,0,2,,0,0,0,0,201900005676A01,,,,200042174
201900005698,2019-07-06,2019,juillet,samedi,20:30,45,45068,48.021393,2.724681,2,1,7,1,1,4,2,2,1,2,,,1,0,1,4,1,28,0,2,,0,0,0,0,201900005698A01,,,,244500203
201900005712,2019-07-08,2019,juillet,lundi,13:59,34,34172,43.62343,3.89199,2,3,1,1,1,4,1,1,1,3,,,1,0,1,4,1,77,0,2,,0,2,1,1,201900005712A01,7,1,1,243400017
201900005728,2019-07-07,2019,juillet,dimanche,14:00,12,12089,44.5584,2.25467,2,1,2,1,1,6,-1,-1,1,1,,,1,0,1,3,1,14,5,1,2,0,2,1,2,201900005728A01,7,2,1,200067064
201900005732,2019-07-08,2019,juillet,lundi,14:50,6,06088,43.667835,7.209404,2,1,2,1,1,4,1,1,1,1,,,1,0,1,1,1,62,5,1,2,0,2,0,13,201900005732A01,33,1,1,200030195
201900005746,2019-07-08,2019,juillet,lundi,09:40,75,75110,48.870842,2.353936,2,1,2,1,1,4,1,1,1,1,,,1,0,1,1,2,35,1,1,2,0,2,6,14,201900005746B01,2,1,1,200054781
201900005747,2019-07-08,2019,juillet,lundi,20:15,75,75108,48.867756,2.313968,2,7,5,1,1,4,2,6,1,1,,,1,0,1,4,1,49,9,1,2,0,2,3,23,201900005747C01,33 / 7,1 / 16,2,200054781
201900005750,2019-07-07,2019,juillet,dimanche,02:00,75,75101,48.860181,2.333211,2,2,3,5,1,4,1,4,1,1,,,1,0,1,4,1,24,5,1,2,0,2,2,5,201900005750A01,7,2,1,200054781
201900005770,2019-07-09,2019,juillet,mardi,10:45,83,83136,43.454128,6.29898,2,1,3,1,3,3,2,2,2,1,,,2,0,1,2,1,31,5,1,2,0,2,1,1,201900005770B01,7,15,1,248300550
201900005778,2019-07-07,2019,juillet,dimanche,17:00,56,56193,47.721623,-3.33313,2,6,3,1,1,3,2,2,1,4,,,1,0,1,3,1,23,5,1,2,0,9,3,2,201900005778B01,7,9,1,200042174
201900005790,2019-07-08,2019,juillet,lundi,15:45,68,68094,47.551873,7.449151,2,4,3,1,1,3,2,2,2,2,,,1,0,1,3,1,23,5,1,2,0,2,6,0,201900005790B01,15,12,1,200066058
201900005795,2019-07-07,2019,juillet,dimanche,16:20,35,35361,48.6028625,-1.7748411,2,3,3,1,7,3,2,2,1,1,,,1,5,1,4,1,30,5,1,2,0,2,1,1,201900005795B01,7,15,1,200070670
201900005818,2019-07-05,2019,juillet,vendredi,09:30,77,77317,48.59057,2.89297,1,1,3,1,1,3,2,2,1,1,,,1,0,1,4,1,63,5,1,2,0,2,4,13,201900005818B01,7,17,1,247700701
201900005821,2019-07-09,2019,juillet,mardi,10:15,38,38135,45.775729,5.381222,2,1,6,1,1,4,2,2,2,1,,,1,0,3,3,1,61,5,1,2,6,0,1,1,201900005821A01,,,,200068542
201900005824,2019-07-09,2019,juillet,mardi,07:15,85,85226,46.7402,-1.95338,1,1,2,1,1,3,2,2,1,1,,,1,0,1,2,1,67,5,1,2,0,0,4,2,201900005824B01,7,2,1,200023778
201900005859,2019-07-07,2019,juillet,dimanche,16:20,91,91589,48.69045,2.33929,2,6,3,1,1,4,1,1,1,1,,,1,0,3,4,1,29,5,2,,0,2,1,9,201900005859A01,7,9,1,200054781
201900005870,2019-09-14,2019,septembre,samedi,16:00,18,18216,46.765635,2.112577,1,1,7,1,1,3,2,2,2,1,,,1,0,1,3,1,51,5,2,,0,0,0,0,201900005870A01,,,,200049484
201900005894,2019-09-19,2019,septembre,jeudi,15:45,60,60317,49.332361,2.309087,1,3,3,1,1,3,2,2,1,1,,,1,9,1,2,1,64,5,1,2,0,2,7,15,201900005894A01,7,1,1,200067973
201900005945,2019-09-16,2019,septembre,lundi,10:30,71,71270,46.30043,4.82426,2,3,3,1,1,4,1,1,2,1,,,1,0,1,4,1,19,0,2,,0,2,1,19,201900005945A01,7,11,1,200070308
201900005959,2019-09-17,2019,septembre,mardi,14:05,64,64445,43.3038,-0.3509,2,3,3,1,1,4,2,1,1,1,,,1,0,1,4,1,96,0,2,,0,2,1,1,201900005959B01,7,16,1,200067254
201900005986,2019-09-06,2019,septembre,vendredi,10:45,44,44132,47.249,-2.308,2,2,3,1,1,4,2,2,1,1,,,1,9,1,4,2,56,5,1,2,0,2,1,26,201900005986B01,7,15,1,244400644
201900006010,2019-09-17,2019,septembre,mardi,17:20,6,06069,43.643889,6.947396,2,9,3,1,1,4,2,2,1,1,,,1,0,1,4,1,16,5,2,,0,2,8,19,201900006010B01,7,23,1,200039857
201900006014,2019-09-16,2019,septembre,lundi,19:30,5,05061,44.61061,6.12638,1,1,7,2,1,3,2,2,2,3,,,9,0,1,3,1,60,5,1,2,0,0,1,1,201900006014A01,,,,200067825
201900006021,2019-09-17,2019,septembre,mardi,19:00,75,75106,48.8520937,2.3393228,2,1,3,1,1,4,1,4,1,1,,,1,0,6,4,2,23,5,2,,0,2,0,13,201900006021B01,7,17,1,200054781
201900006022,2019-09-17,2019,septembre,mardi,08:15,75,75119,48.881327,2.396689,2,5,3,1,1,4,2,2,2,1,,,1,0,1,4,1,13,2,2,,0,2,7,15,201900006022B01,10,1,1,200054781
201900006025,2019-09-16,2019,septembre,lundi,08:35,75,75115,48.849175,2.301287,2,1,3,1,1,4,1,1,1,1,,,1,0,1,4,2,44,1,1,2,0,2,1,1,201900006025B01,10,22,1,200054781
201900006026,2019-09-17,2019,septembre,mardi,19:45,75,75114,48.8312642,2.3090114,2,1,1,2,1,4,2,2,1,1,,,1,8,5,4,1,42,1,2,,0,2,1,1,201900006026B01,50,13,1,200054781
201900006028,2019-09-17,2019,septembre,mardi,16:35,75,75112,48.847905,2.391538,2,1,7,1,1,4,2,2,1,1,,,1,0,5,3,1,70,5,2,,0,0,2,21,201900006028A01,,,,200054781
201900006030,2019-09-17,2019,septembre,mardi,06:31,75,75108,48.871881,2.308411,2,1,3,2,1,4,1,1,1,1,,,1,0,1,4,1,36,0,2,,0,2,1,1,201900006030B01,7,22,1,200054781
201900006136,2019-02-10,2019,février,dimanche,06:26,75,75109,48.876535,2.330954,2,7,1,5,2,4,1,1,2,1,,,2,0,1,4,1,22,5,1,2,0,2,1,5,201900006136A01,7,1,1,200054781
201900006146,2019-02-11,2019,février,lundi,09:42,75,75120,48.862585,2.410908,2,3,1,1,1,4,2,2,2,1,,,1,0,1,4,1,34,4,1,2 / 6,0,2,1,1,201900006146B01,7,16,1,200054781
201900006158,2019-02-09,2019,février,samedi,18:30,75,75116,48.868501,2.265332,2,7,3,2,1,4,2,2,1,1,,,1,0,1,4,2,63,5,1,2,0,2,1,1,201900006158B01,10,15,1,200054781
201900006159,2019-02-08,2019,février,vendredi,11:35,75,75116,48.863685,2.297774,2,1,2,1,1,4,2,4,1,1,,,1,0,1,4,1,71,5,1,2,0,2,3,2,201900006159A01,10,23,1,200054781
201900006161,2019-02-12,2019,février,mardi,11:00,75,75115,48.840824,2.316381,2,1,3,1,1,4,3,2,1,1,,,1,0,1,4,2,24,5,1,2,0,2,1,1,201900006161B01,10,22,1,200054781
201900006165,2019-02-06,2019,février,mercredi,12:15,75,75115,48.842827,2.286185,2,3,6,1,1,4,1,1,1,1,,,1,0,1,4,2,65,5,1,2,0,2,2,1,201900006165A01,30,17,1,200054781
201900006166,2019-02-12,2019,février,mardi,19:30,75,75114,48.819512,2.343098,2,1,6,5,1,4,3,2,1,1,,,1,0,5,4,1,59,1,1,2,0,1,1,1,201900006166A01,,,,200054781
201900006171,2019-02-12,2019,février,mardi,11:55,75,75113,48.826945,2.380301,2,3,6,1,1,4,3,2,1,1,,,1,8,1,4,2,45,5,1,2,12,2,7,18,201900006171B01,7,22,1,200054781
201900006172,2019-02-11,2019,février,lundi,19:00,75,75113,48.832976,2.378769,2,3,3,5,1,4,2,2,1,1,,,1,0,1,4,1,30,1,1,2,0,2,8,1,201900006172B01,7,15,1,200054781
201900006177,2019-02-08,2019,février,vendredi,08:40,75,75113,48.84314,2.366221,2,1,3,1,1,4,2,4,1,1,,,2,0,5,4,1,34,1,1,2,0,2,7,1,201900006177B01,7,16,1,200054781
201900006185,2019-02-08,2019,février,vendredi,22:02,75,75111,48.870741,2.378169,2,2,6,5,3,4,3,2,1,1,,,2,0,1,4,1,24,1,1,2,0,2,8,1,201900006185A01,7,1,1,200054781
201900006190,2019-02-12,2019,février,mardi,13:52,75,75109,48.876563,2.346552,2,4,3,1,1,4,2,3,1,1,,,1,0,1,4,1,22,4,1,2 / 6,0,2,7,17,201900006190A01,30,1,1,200054781
201900006192,2019-02-11,2019,février,lundi,09:40,75,75109,48.872605,2.335808,2,2,3,1,8,4,1,3,1,1,,,1,0,1,4,1,35,1,1,2,0,2,7,15,201900006192A01,33,1,1,200054781
201900006195,2019-02-08,2019,février,vendredi,21:35,75,75108,48.871236,2.309644,2,1,3,5,2,4,1,1,1,1,,,2,0,1,4,1,56,9,1,2,0,2,0,18,201900006195B01,7,22,1,200054781
201900006199,2019-02-09,2019,février,samedi,19:57,75,75104,48.853469,2.349592,2,1,6,5,1,4,1,1,1,1,,,1,0,1,1,1,20,5,2,,0,1,1,1,201900006199A01,,,,200054781
201900006236,2019-03-20,2019,mars,mercredi,09:10,56,56121,47.73635,-3.38551,2,2,3,1,1,4,2,2,1,1,,,1,0,1,4,1,14,5,1,2,0,2,1,1,201900006236B01,7,1,1,200042174
201900006326,2019-03-22,2019,mars,vendredi,09:25,29,29232,47.98334,-4.07544,2,1,3,1,1,4,1,1,1,2,,,1,0,1,4,1,65,5,1,2,0,2,4,0,201900006326B01,7,26,1,200068120
201900006337,2019-03-23,2019,mars,samedi,18:50,25,25056,47.2503,6.00493,2,3,1,5,1,4,2,4,1,1,,,1,0,1,3,1,18,0,2,,0,2,1,19,201900006337B01,7,1,1,242500361
201900006338,2019-03-22,2019,mars,vendredi,23:50,22,22215,48.4900098,-2.8118166,2,1,2,3,5,3,2,2,1,1,,,1,0,1,3,1,17,5,2,,0,2,4,1,201900006338B01,7,1,1,200069409
201900006415,2019-04-21,2019,avril,dimanche,08:55,85,85191,46.68435,-1.43995,2,1,3,1,1,4,-1,2,1,2,,,1,0,1,3,2,61,5,1,2 / 4,0,2,8,19,201900006415B01,10,1,1,248500589
201900006438,2019-04-17,2019,avril,mercredi,20:05,80,80021,49.88919,2.31053,2,1,3,1,1,4,2,2,1,2,,,1,0,1,4,1,25,0,1,2,0,2,0,17,201900006438B01,7,15,1,248000531
201900006490,2019-04-18,2019,avril,jeudi,13:45,72,72181,48.00658,0.20673,2,3,2,1,1,4,2,2,1,1,,,1,0,1,4,1,29,5,2,,0,2,1,1,201900006490A01,7,1,1,247200132
201900006501,2019-04-16,2019,avril,mardi,09:10,69,69266,45.76462,4.89046,2,3,3,1,2,4,1,2,1,1,,,2,0,1,4,2,47,1,1,4,0,2,7,1,201900006501B01,7,9,1,200046977
201900006506,2019-04-24,2019,avril,mercredi,12:00,69,69091,45.59561,4.76763,2,1,3,1,2,4,2,2,1,1,,,2,0,1,4,1,10,5,1,2,0,2,8,19,201900006506B01,7,26,1,200046977
201900006524,2019-04-24,2019,avril,mercredi,10:00,64,64445,43.3304047,-0.3555918,2,9,3,1,1,3,1,2,1,2,,,1,5,1,4,1,24,1,2,,0,2,1,1,201900006524B01,7,9,1,200067254
201900006565,2019-04-25,2019,avril,jeudi,16:01,56,56121,47.73936,-3.38025,2,6,3,1,1,4,1,1,1,3,,,1,5,1,4,1,3,5,1,2,0,2,3,1,201900006565B01,7,16,1,200042174
201900006565,2019-04-25,2019,avril,jeudi,16:01,56,56121,47.73936,-3.38025,2,6,3,1,1,4,1,1,1,3,,,1,5,1,1,2,36,5,1,2,0,2,3,1,201900006565B01,7,16,1,200042174
201900006639,2019-10-20,2019,octobre,dimanche,11:30,75,75114,48.831975,2.3135625,2,3,7,1,2,4,2,3,1,1,,,8,0,1,4,1,40,5,1,2,0,0,7,1,201900006639A01,,,,200054781
201900006641,2019-10-20,2019,octobre,dimanche,03:14,75,75112,48.8383652,2.3760779,2,3,1,5,1,4,1,2,1,2,,,2,0,1,4,1,25,0,1,2,0,2,1,5,201900006641A01,7,1,1,200054781
201900006645,2019-10-19,2019,octobre,samedi,21:10,75,75109,48.8831798,2.3463485,2,1,3,5,2,4,3,2,1,1,,,2,0,5,4,1,39,1,1,2,0,2,7,1,201900006645B01,7,14,1,200054781
201900006664,2019-10-20,2019,octobre,dimanche,11:20,56,56222,47.845046,-2.72821,2,2,3,1,1,3,2,2,3,1,,,1,0,1,3,1,63,0,1,2 / 4,0,2,3,1,201900006664B01,7,19,1,200096683
201900006685,2019-10-20,2019,octobre,dimanche,16:30,973,97311,5.474958,-54.023366,2,3,3,1,1,4,2,2,3,1,,,1,0,1,4,1,11,0,2,,0,2,8,19,201900006685B01,7,1,1,249730037
201900006694,2019-10-16,2019,octobre,mercredi,10:30,21,21564,47.122947,5.099139,1,2,3,1,1,3,2,2,1,1,,,1,5,1,3,1,61,5,1,2,0,2,1,1,201900006694B01,7,19,1,200070894
201900006704,2019-06-28,2019,juin,vendredi,11:20,44,44103,47.330167,-2.134706,2,6,3,1,1,4,2,2,1,1,,,1,0,1,3,2,71,5,2,,0,2,2,1,201900006704B01,7,26,1,244400644
201900006770,2019-06-09,2019,juin,dimanche,11:00,72,72277,48.149818,0.506603,1,3,3,1,1,3,2,2,1,1,,,1,0,1,3,1,83,5,2,,0,2,8,1,201900006770A01,7,1,1,247200686
201900006781,2019-05-04,2019,mai,samedi,12:35,6,06112,43.6739691,7.0047599,2,9,3,1,2,3,-1,4,1,1,,,1,0,1,3,1,47,5,1,2,0,2,1,5,201900006781B01,7,15,1,240600585
201900006799,2019-06-19,2019,juin,mercredi,17:30,90,90042,47.682481,6.802877,2,8,1,1,1,3,2,2,1,1,,,1,4,8,2,1,71,5,2,,0,4,8,0,201900006799B01,39,26,1,200069052
201900006853,2019-06-06,2019,juin,jeudi,08:45,16,16282,45.8115,0.3139,1,1,6,1,1,3,2,2,2,1,0,5.6,1,0,1,3,1,67,5,1,2,13,0,7,14,201900006853A01,,,,200068914
201900006863,2019-06-12,2019,juin,mercredi,23:00,53,53103,48.11185,-0.907776,1,1,2,3,1,3,2,2,1,1,,,1,0,1,3,1,16,5,2,,0,2,4,1,201900006863B01,7,1,1,200083392
201900006904,2019-06-19,2019,juin,mercredi,11:00,85,85047,46.85104,-1.88968,2,6,3,1,1,4,-1,1,1,2,,,1,5,1,3,2,60,5,2,,0,2,8,1,201900006904B01,7,16,1,200071629
201900006922,2019-08-04,2019,août,dimanche,10:40,67,67526,48.402907,7.566282,1,3,3,1,1,3,2,2,1,1,,,1,0,1,3,1,79,5,2,,0,2,8,15,201900006922B01,7,17,1,200067924
201900006935,2019-06-03,2019,juin,lundi,08:30,28,28227,48.586267,1.587099,2,6,2,1,2,3,2,2,1,2,,,1,5,1,4,1,85,5,1,2,0,2,7,17,201900006935B01,7,11,1,200033181
201900006952,2019-06-16,2019,juin,dimanche,10:50,87,87154,45.88493,0.826412,1,1,3,1,1,3,2,2,2,1,,,1,0,1,3,1,72,5,1,2,0,2,1,1,201900006952B01,7,26,1,200059400
201900006983,2019-08-11,2019,août,dimanche,16:15,75,75119,48.874119,2.376294,2,1,3,1,1,4,1,3,2,1,,,1,0,1,4,1,6,5,1,2,0,2,1,19,201900006983B01,7,1,1,200054781
201900006987,2019-08-11,2019,août,dimanche,22:50,75,75101,48.862318,2.345545,2,1,1,5,1,4,2,2,1,1,,,1,6,6,4,2,29,5,1,2,0,2,1,1,201900006987B01,50,13,1,200054781
201900007010,2019-08-10,2019,août,samedi,11:30,31,31470,42.806666,0.548417,2,1,6,1,1,4,2,2,3,2,,,1,0,1,3,1,7,5,1,2,6,0,1,1,201900007010A01,,,,200072635
201900007020,2019-08-11,2019,août,dimanche,16:10,40,40282,43.753608,-0.570711,2,6,3,1,1,4,2,2,1,1,,,1,9,1,3,1,46,5,2,,0,2,8,16,201900007020B01,7,1,1,200069649
201900007021,2019-08-11,2019,août,dimanche,10:25,4,04132,44.010275,5.616364,1,3,1,1,1,3,2,2,1,1,,,1,0,1,3,1,54,5,1,2,0,2,1,1,201900007021B01,7,15,1,200071025
201900007031,2019-08-11,2019,août,dimanche,16:05,38,38005,45.2081,6.04487,1,1,7,1,1,3,2,2,2,2,,,1,0,1,3,1,19,5,1,2,14,0,0,1,201900007031A01,,,,243800745
201900007036,2019-08-10,2019,août,samedi,18:00,5,05134,44.650854,6.579636,2,4,3,1,7,3,2,2,2,3,,,1,0,1,4,1,41,5,2,,0,2,1,0,201900007036A01,7,15,1,200067452
201900007043,2019-08-12,2019,août,lundi,10:10,17,17283,45.576681,-0.530499,1,1,2,1,1,3,2,2,2,1,,,1,0,1,2,1,60,5,1,2,0,2,4,2,201900007043B01,10,2,1,200041523
201900007045,2019-08-11,2019,août,dimanche,17:00,44,44176,47.352981,-2.183676,2,3,1,1,1,4,2,2,1,1,,,1,0,1,3,2,14,5,2,,0,2,1,16,201900007045B01,7,1,1,244400644
201900007046,2019-08-10,2019,août,samedi,14:00,22,22143,48.6010585,-2.2856938,2,1,7,1,1,9,-1,2,1,1,,,1,0,5,3,1,64,5,2,,13,0,0,0,201900007046A01,,,,200068989
201900007061,2019-06-18,2019,juin,mardi,07:40,72,72181,48.00972,0.20134,2,1,3,1,1,4,3,5,2,1,,,1,4,2,4,1,33,0,2,,0,2,7,1,201900007061B01,7,22,1,247200132
201900007111,2019-08-08,2019,août,jeudi,17:10,69,69382,45.74843,4.82868,2,2,3,1,1,4,-1,2,1,1,,,1,0,1,4,1,45,5,2,,0,2,8,26,201900007111B01,7,26,1,200046977
201900007146,2019-11-25,2019,novembre,lundi,19:30,974,97408,-20.933364,55.332796,2,9,1,2,1,4,2,2,1,1,,,1,0,1,4,1,15,5,2,,0,2,1,1,201900007146B01,7,15,1,249740101
201900007159,2019-11-25,2019,novembre,lundi,18:15,33,33273,44.845044,-0.79493,2,3,3,5,8,4,2,2,1,1,,,2,0,1,3,1,15,5,2,,0,2,1,1,201900007159A01,7,15,1,243300316
201900007205,2019-11-24,2019,novembre,dimanche,14:45,75,75116,48.851771,2.23295,2,1,2,1,1,4,2,2,1,3,,,1,0,1,4,1,76,5,1,2,0,2,1,2,201900007205A01,1,2,1,200054781
201900007205,2019-11-24,2019,novembre,dimanche,14:45,75,75116,48.851771,2.23295,2,1,2,1,1,4,2,2,1,3,,,1,0,1,1,1,58,5,1,2,0,2,4,2,201900007205B01,1,2,1,200054781
201900007213,2019-11-23,2019,novembre,samedi,21:15,75,75102,48.8689464,2.3494693,2,3,3,5,1,4,2,2,3,1,,,1,0,5,4,1,25,4,1,2,0,2,1,1,201900007213A01,7,15,1,200054781
201900007250,2019-11-25,2019,novembre,lundi,05:35,77,77088,48.3209741,2.5768902,2,1,2,5,1,3,2,2,1,1,,,2,9,1,3,1,19,1,1,4 / 9,0,0,4,0,201900007250A01,7,2,1,200072346
201900007269,2019-11-23,2019,novembre,samedi,12:35,50,50294,49.59466,-1.657335,2,1,3,1,1,3,2,2,1,1,,,1,0,1,4,1,18,5,2,,0,2,3,15,201900007269B01,7,17,1,200067205
201900007300,2019-07-07,2019,juillet,dimanche,13:31,17,17300,46.15099,-1.12093,2,1,1,1,1,4,2,2,2,1,,,1,0,1,3,2,6,5,2,,0,2,2,19,201900007300B01,7,1,1,241700434
201900007313,2019-07-07,2019,juillet,dimanche,01:05,75,75120,48.849327,2.416221,2,2,3,5,1,4,2,2,1,1,,,1,8,5,4,1,52,9,1,2,0,2,7,19,201900007313A01,7,1,1,200054781
201900007317,2019-07-07,2019,juillet,dimanche,18:35,75,75112,48.832297,2.44173,2,1,4,1,1,4,2,2,1,1,,,1,0,5,4,1,37,5,1,2,0,2,1,2,201900007317C01,1,2,2,200054781
201900007317,2019-07-07,2019,juillet,dimanche,18:35,75,75112,48.832297,2.44173,2,1,4,1,1,4,2,2,1,1,,,1,0,5,4,1,27,5,1,2,0,2,1,2,201900007317B01,1,2,2,200054781
201900007317,2019-07-07,2019,juillet,dimanche,18:35,75,75112,48.832297,2.44173,2,1,4,1,1,4,2,2,1,1,,,1,0,5,1,1,27,5,1,2,0,2,4,2,201900007317A01,1,2,2,200054781
201900007319,2019-07-07,2019,juillet,dimanche,19:55,75,75107,48.862574,2.310396,2,2,3,1,1,4,2,4,1,1,,,1,8,5,4,2,33,5,1,2,0,2,7,19,201900007319A01,7,1,1,200054781
201900007367,2019-07-07,2019,juillet,dimanche,10:45,35,35360,48.120574,-1.206482,2,1,3,1,9,4,2,2,1,1,,,1,0,1,4,1,22,3,2,,0,2,1,9,201900007367B01,7,1,1,200039022
201900007383,2019-07-06,2019,juillet,samedi,18:10,52,52450,47.894181,5.093292,2,2,1,1,1,3,2,2,1,1,,,1,0,1,2,2,8,5,2,,0,2,8,15,201900007383B01,7,1,1,200027308
201900007417,2019-07-04,2019,juillet,jeudi,18:00,71,71040,46.69898,4.37926,2,1,7,1,1,4,2,2,1,1,,,1,0,1,4,1,42,5,1,2,13,0,1,14,201900007417A01,,,,247100290
201900007425,2019-07-04,2019,juillet,jeudi,17:20,45,45147,47.9341,1.9291,2,1,3,1,1,4,2,2,1,1,,,1,0,1,4,1,20,5,2,,0,0,3,11,201900007425B01,7,1,1,244500468
201900007482,2019-11-27,2019,novembre,mercredi,18:57,87,87085,45.83284,1.25192,2,2,6,5,2,4,3,4,2,1,,,2,5,1,1,1,43,1,1,2,0,1,1,7,201900007482A01,,,,248719312
201900007536,2019-12-03,2019,décembre,mardi,08:00,45,45234,47.9084905,1.9382799,2,3,3,1,1,4,3,2,1,1,,,1,-1,1,4,1,58,1,2,,0,2,3,19,201900007536B01,7,16,1,244500468
201900007538,2019-11-28,2019,novembre,jeudi,17:48,45,45234,47.825,1.9319,2,1,3,3,2,4,2,2,1,1,,,2,0,1,4,1,42,5,2,,0,2,8,9,201900007538A01,7,1,1,244500468
201900007601,2019-12-01,2019,décembre,dimanche,16:35,76,76429,49.4177,1.14644,2,1,3,1,1,3,2,2,1,1,,,1,0,1,4,1,70,0,2,,0,2,8,13,201900007601A01,7,1,1,200023414
201900007645,2019-09-08,2019,septembre,dimanche,10:15,12,12168,44.022365,3.302044,2,9,3,1,1,3,2,2,1,2,,,1,0,3,3,1,34,9,1,2,0,2,1,17,201900007645B01,7,15,1,241200906
201900007663,2019-09-18,2019,septembre,mercredi,18:40,2,02215,49.461718,3.81899,2,9,2,1,7,3,2,2,1,1,,,1,0,1,2,2,70,0,2,,0,2,4,2,201900007663B01,7,2,1,240200592
201900007684,2019-09-18,2019,septembre,mercredi,09:00,17,17421,45.678859,-0.930981,2,1,3,1,1,3,2,2,3,1,,,1,2,1,4,2,70,5,2,,0,2,8,2,201900007684A01,7,17,1,241700640
201900007751,2019-09-16,2019,septembre,lundi,20:15,54,54395,48.687147,6.202903,2,1,6,5,1,4,2,2,1,1,,,1,0,1,3,2,52,0,2,,0,2,0,1,201900007751B01,7,1,1,245400676
201900007758,2019-09-16,2019,septembre,lundi,08:15,44,44109,47.194,-1.53136,2,1,3,1,1,4,2,0,1,1,,,1,0,1,4,1,32,0,1,2,0,2,1,2,201900007758B01,10,16,1,244400404
201900007796,2019-09-16,2019,septembre,lundi,09:45,75,75115,48.8428714,2.3123891,2,2,3,1,1,4,3,4,2,1,,,1,5,5,4,1,31,1,1,2,0,2,1,1,201900007796A01,10,16,1,200054781
201900007797,2019-09-16,2019,septembre,lundi,18:20,75,75111,48.8640025,2.3706871,2,2,6,1,1,4,3,3,1,1,,,1,0,5,1,1,23,5,1,2,0,1,1,1,201900007797A01,,,,200054781
201900007948,2019-02-08,2019,février,vendredi,11:50,31,31455,43.253361,1.200593,2,6,3,1,1,3,2,2,1,4,,,1,0,1,3,1,79,5,1,2,0,2,7,1,201900007948B01,7,9,1,200066819
201900007953,2019-02-08,2019,février,vendredi,19:45,2,02453,49.3826632,3.7356379,1,1,3,3,1,3,2,2,1,3,,,1,0,1,4,1,16,2,1,4,0,2,8,1,201900007953B01,7,17,1,240200576
201900007964,2019-02-13,2019,février,mercredi,15:40,58,58095,46.793056,3.508517,1,1,2,1,1,3,2,2,1,1,,,1,0,1,1,1,63,5,1,2,0,0,4,1,201900007964B01,1,1,1,200067700
201900007964,2019-02-13,2019,février,mercredi,15:40,58,58095,46.793056,3.508517,1,1,2,1,1,3,2,2,1,1,,,1,0,1,3,1,62,5,1,2,0,2,1,1,201900007964A01,1,1,1,200067700
201900007967,2019-02-11,2019,février,lundi,07:40,72,72346,47.889848,0.032254,2,1,3,1,2,9,2,2,1,1,,,2,5,1,3,1,38,1,2,,0,2,2,1,201900007967A01,7,15,1,247200629
201900007981,2019-02-09,2019,février,samedi,08:30,16,16044,46.02642,0.252207,1,1,1,1,2,3,2,2,2,1,0,3.8,2,0,1,3,1,67,5,1,2,0,2,1,1,201900007981B01,7,21,1,200043016
201900007984,2019-02-11,2019,février,lundi,08:36,53,53084,47.847026,-0.948238,2,6,3,1,1,3,-1,1,1,3,,,1,5,1,3,1,20,1,1,4,0,2,0,0,201900007984A01,7,9,1,200048551
201900007985,2019-02-08,2019,février,vendredi,11:50,40,40089,43.69161,-0.649718,2,1,2,1,1,3,2,2,2,1,,,1,0,1,3,1,36,5,1,2,0,2,5,18,201900007985B01,7,11,1,200069631
201900008020,2019-03-19,2019,mars,mardi,19:32,3,03023,46.1091934,3.4105062,2,2,3,1,1,4,1,1,1,1,,,1,0,1,3,1,53,5,1,2,0,2,8,19,201900008020B01,7,1,1,200071363
201900008036,2019-03-23,2019,mars,samedi,17:55,75,75106,48.85191,2.34105,2,1,3,2,1,4,1,3,1,1,,,1,0,6,4,1,22,5,2,,0,2,7,7,201900008036B01,31,18,1,200054781
201900008041,2019-03-25,2019,mars,lundi,20:40,75,75120,48.863289,2.399704,2,2,3,5,1,4,2,2,2,1,,,1,0,1,4,1,32,5,1,2,0,2,0,1,201900008041A01,7,15,1,200054781
201900008049,2019-03-25,2019,mars,lundi,15:15,75,75119,48.875582,2.381873,2,2,3,1,1,4,2,2,2,1,,,1,0,1,4,2,29,0,1,2,0,2,3,15,201900008049B01,43,21,1,200054781
201900008050,2019-03-25,2019,mars,lundi,09:50,75,75119,48.884988,2.383271,2,2,3,1,1,4,1,2,1,1,,,1,0,5,4,1,25,1,1,2,0,2,1,1,201900008050B01,7,15,1,200054781