Num_Acc,date,an,mois,jour,hrmn,dep,com,lat,long,agg,int,col,lum,atm,catr,circ,nbv,prof,plan,lartpc,larrout,surf,infra,situ,grav,sexe,age,trajet,secuexist,equipement,obs,obsm,choc,manv,vehiculeid,typevehicules,manoeuvehicules,numVehicules,_infos_commune.code_epci
201900008062,2019-03-25,2019,mars,lundi,10:30,75,75116,48.84527,2.260474,2,2,3,1,1,4,2,2,1,1,,,1,0,1,4,2,71,5,1,2,0,2,1,1,201900008062B01,7,9,1,200054781
201900008063,2019-03-24,2019,mars,dimanche,15:25,75,75116,48.860665,2.237319,2,1,6,1,1,4,-1,1,1,1,,,1,0,5,1,1,17,0,1,2,0,1,1,1,201900008063A01,,,,200054781
201900008079,2019-03-20,2019,mars,mercredi,08:00,75,75114,48.832576,2.338915,2,1,3,1,1,4,1,2,2,1,,,1,0,5,4,1,56,1,1,2,0,2,1,1,201900008079B01,7,16,1,200054781
201900008081,2019-03-24,2019,mars,dimanche,19:30,75,75113,48.82678,2.364771,2,1,6,5,1,4,2,3,1,1,,,1,0,1,4,1,51,1,1,2,1,0,1,21,201900008081A01,,,,200054781
201900008083,2019-03-22,2019,mars,vendredi,10:40,75,75113,48.825989,2.353651,2,8,3,1,1,4,2,3,1,1,,,1,0,1,4,1,48,0,1,2,0,2,7,17,201900008083A01,33,15,1,200054781
201900008095,2019-03-21,2019,mars,jeudi,08:00,75,75110,48.880625,2.352153,2,3,6,1,1,4,2,4,2,1,,,1,0,1,4,1,60,0,1,2,0,0,0,21,201900008095A01,,,,200054781
201900008100,2019-03-21,2019,mars,jeudi,11:19,75,75109,48.876309,2.333454,2,1,3,1,1,4,1,3,1,1,,,1,0,1,4,2,24,1,1,2,0,2,1,1,201900008100B01,7,22,1,200054781
201900008110,2019-03-22,2019,mars,vendredi,20:50,75,75101,48.862106,2.341425,2,1,6,5,1,4,2,4,1,1,,,1,0,1,4,1,30,0,2,,0,1,1,1,201900008110A01,,,,200054781
201900008111,2019-03-20,2019,mars,mercredi,12:35,75,75104,48.855791,2.363828,2,1,7,1,1,4,2,1,1,1,,,1,9,1,4,1,70,9,2,,0,0,0,21,201900008111B01,,,,200054781
201900008112,2019-03-20,2019,mars,mercredi,09:10,75,75104,48.853561,2.356505,2,4,1,1,1,4,2,1,1,1,,,1,0,5,1,1,31,1,2,,0,2,1,1,201900008112A01,1,9,1,200054781
201900008112,2019-03-20,2019,mars,mercredi,09:10,75,75104,48.853561,2.356505,2,4,1,1,1,4,2,1,1,1,,,1,0,5,4,2,29,1,2,,0,2,0,9,201900008112B01,1,1,1,200054781
201900008154,2019-03-21,2019,mars,jeudi,16:50,93,93051,48.84133,2.55966,2,6,3,1,1,4,1,2,1,2,,,1,0,1,4,1,48,1,2,,0,2,1,1,201900008154B01,7,9,1,200054781
201900008238,2019-10-19,2019,octobre,samedi,17:15,75,75110,48.8693256,2.3633875,2,2,6,1,1,4,2,2,1,1,,,1,0,5,1,2,34,5,1,2,0,1,1,1,201900008238A01,,,,200054781
201900008247,2019-10-19,2019,octobre,samedi,08:40,92,92072,48.8256956,2.2196266,2,1,3,1,2,3,2,2,2,1,,,2,0,1,4,2,26,0,1,2,0,2,1,17,201900008247B01,10,15,1,200054781
201900008378,2019-04-16,2019,avril,mardi,10:50,56,56083,47.80206,-3.27877,2,6,3,1,1,3,2,1,2,1,,,1,5,1,3,2,23,4,1,2,0,2,9,16,201900008378B01,10,16,1,200042174
201900008416,2019-04-18,2019,avril,jeudi,18:12,45,45286,47.8852813,1.924427,2,3,3,1,1,4,3,5,1,1,,,1,0,1,4,2,62,1,2,,0,2,1,0,201900008416B01,7,16,1,244500468
201900008422,2019-04-24,2019,avril,mercredi,17:00,44,44184,47.27678,-2.211162,2,2,3,1,1,4,1,1,1,1,,,1,0,1,4,1,15,5,2,,0,2,6,1,201900008422A01,7,1,1,244400644
201900008436,2019-04-23,2019,avril,mardi,18:30,39,39198,47.08455,5.47547,2,1,7,1,1,4,2,2,4,1,,,1,0,1,3,1,51,-1,2,,0,0,1,0,201900008436A01,,,,200010650
201900008440,2019-04-23,2019,avril,mardi,12:30,38,38185,45.18868,5.71509,2,1,6,1,1,4,-1,1,1,1,,,1,6,1,1,1,31,0,2,,0,1,1,1,201900008440A01,,,,200040715
201900008478,2019-04-21,2019,avril,dimanche,20:15,34,34172,43.59189,3.88115,2,9,3,2,1,4,1,2,1,1,,,1,0,1,4,1,12,5,2,,0,2,1,1,201900008478B01,7,1,1,243400017
201900008481,2019-04-19,2019,avril,vendredi,18:03,34,34172,43.6146,3.83575,2,1,6,1,1,4,2,2,1,1,,,9,8,1,4,1,24,9,1,2,0,2,1,25,201900008481A01,7,16,1,243400017
201900008482,2019-04-18,2019,avril,jeudi,09:40,34,34172,43.62379,3.86201,2,2,2,1,1,4,2,4,1,1,,,1,5,1,4,2,21,2,1,2,0,2,1,1,201900008482A01,7,23,1,243400017
201900008486,2019-04-19,2019,avril,vendredi,06:30,33,33063,44.83288,-0.58182,2,2,1,5,1,4,2,4,1,1,,,1,0,1,4,1,45,1,1,6,0,2,1,1,201900008486A01,7,1,1,243300316
201900008527,2019-04-23,2019,avril,mardi,08:45,29,29019,48.4205423,-4.4869022,2,1,1,1,1,4,-1,0,2,1,,,1,0,1,4,1,38,0,2,,0,2,0,0,201900008527B01,7,9,1,242900314
201900008546,2019-04-25,2019,avril,jeudi,04:50,21,21231,47.33888,5.06346,2,1,3,5,2,4,1,2,1,2,,,2,0,1,4,1,60,0,1,2,0,2,2,1,201900008546B01,7,9,1,242100410
201900008559,2019-06-13,2019,juin,jeudi,19:30,87,87119,45.693126,1.342846,1,1,3,1,1,3,2,2,4,3,,,1,5,1,3,1,30,5,1,2,0,2,1,1,201900008559B01,7,15,1,200040814
201900008584,2019-06-02,2019,juin,dimanche,14:40,8,08122,50.122116,4.792937,1,2,3,1,1,3,2,2,2,1,,,1,0,1,3,1,14,5,2,,0,2,8,15,201900008584A01,33,17,1,240800821
201900008592,2019-04-20,2019,avril,samedi,19:30,95,95039,49.069554,2.138471,2,1,2,2,1,3,2,2,1,1,,,1,0,1,4,1,11,5,2,,0,2,4,2,201900008592A01,7,1,1,249500430
201900008631,2019-06-17,2019,juin,lundi,16:56,31,31451,43.457915,2.003297,2,6,3,1,1,3,2,2,1,3,,,1,0,1,3,1,61,3,2,,0,2,8,18,201900008631B01,13,16,1,243100567
201900008653,2019-06-01,2019,juin,samedi,17:00,38,38052,45.054993,6.02912,1,1,7,1,1,3,2,2,2,1,,,1,0,1,4,1,34,5,1,2,0,0,0,1,201900008653A01,,,,243800745
201900008663,2019-06-02,2019,juin,dimanche,16:45,69,69043,45.707906,4.747422,2,6,3,1,1,4,2,1,2,1,,,1,0,1,4,1,13,5,2,,0,0,9,2,201900008663B01,7,1,1,246900757
201900008678,2019-06-03,2019,juin,lundi,17:30,95,95250,49.0975578,2.508406,2,1,1,1,1,4,2,2,2,1,,,1,0,1,4,1,10,5,2,,0,2,1,16,201900008678B01,7,1,1,200055655
201900008715,2019-06-01,2019,juin,samedi,19:50,973,97305,5.0127056,-52.4749192,2,2,3,5,3,4,1,1,1,1,,,2,0,1,4,1,17,5,2,,0,2,1,5,201900008715B01,7,1,1,249730045
201900008729,2019-06-16,2019,juin,dimanche,09:00,45,45039,47.7952241,2.3813604,2,1,3,1,1,3,2,2,1,1,,,1,9,5,4,1,73,5,1,2,0,2,1,1,201900008729B01,7,9,1,200070100
201900008732,2019-05-31,2019,mai,vendredi,08:50,45,45096,47.771816,2.607221,1,2,1,1,1,3,2,2,1,1,,,1,5,1,3,1,77,5,2,,0,2,3,1,201900008732B01,7,19,1,244500211
201900008736,2019-06-09,2019,juin,dimanche,09:00,77,77437,49.03574,2.79598,2,2,3,1,1,3,2,2,3,1,,,1,5,1,4,1,86,5,1,2,0,2,8,0,201900008736B01,7,19,1,200072130
201900008771,2019-08-08,2019,août,jeudi,10:10,74,74010,45.8998,6.1216,2,1,6,1,1,4,2,2,1,1,,,1,0,1,1,2,61,5,1,2,0,1,1,25,201900008771A01,,,,200066793
201900008792,2019-08-09,2019,août,vendredi,11:00,64,64445,43.30566,-0.37591,2,1,3,1,1,4,2,2,1,1,,,1,9,1,3,1,31,5,2,,0,2,8,26,201900008792B01,7,18,1,200067254
201900008812,2019-08-09,2019,août,vendredi,08:14,57,57672,49.35365,6.176283,2,1,6,1,1,4,2,2,1,3,,,1,0,1,3,1,52,1,2,,0,2,8,19,201900008812B01,14,1,1,245701362
201900008829,2019-08-07,2019,août,mercredi,08:45,44,44109,47.21062,-1.53569,2,1,1,1,1,4,-1,0,1,1,,,1,0,1,4,1,47,0,1,2,0,2,1,1,201900008829B01,50,1,1,244400404
201900008862,2019-08-09,2019,août,vendredi,17:50,29,29039,47.8767,-3.91503,2,9,3,1,1,6,-1,-1,1,1,,,1,9,1,4,2,47,0,2,,0,2,0,5,201900008862B01,7,15,1,242900769
201900008870,2019-08-02,2019,août,vendredi,11:45,22,22106,48.49918,-2.6909,2,3,3,1,1,4,2,2,1,1,,,1,0,1,4,1,48,5,1,2,0,2,1,1,201900008870B01,10,1,1,200069409
201900008872,2019-08-04,2019,août,dimanche,15:20,22,22113,48.73333,-3.46597,2,1,1,1,1,4,1,2,2,2,,,1,0,1,4,1,30,5,2,,8,2,1,5,201900008872B01,7,21,1,200065928
201900008914,2019-08-07,2019,août,mercredi,09:00,5,05023,44.89414,6.63538,2,1,1,1,1,4,2,2,1,2,,,1,0,1,4,1,46,5,1,2,0,2,1,1,201900008914B01,7,15,1,240500439
201900008943,2019-11-23,2019,novembre,samedi,16:50,34,34172,43.57512,3.85974,2,9,3,2,1,3,-1,2,1,3,,,1,0,1,4,1,45,0,2,,0,2,6,26,201900008943A01,7,16,1,243400017
201900009008,2019-11-23,2019,novembre,samedi,16:00,973,97309,4.893199,-52.287317,2,3,3,1,1,4,2,2,1,1,,,1,0,1,3,1,11,5,2,,0,2,3,5,201900009008B01,7,1,1,249730045
201900009104,2019-11-22,2019,novembre,vendredi,08:05,45,45234,47.89059,1.90998,2,3,3,2,8,4,2,2,1,1,,,2,0,1,4,2,14,2,1,2,0,2,8,1,201900009104B01,7,15,1,244500468
201900009105,2019-11-22,2019,novembre,vendredi,07:55,45,45234,47.9171656,1.9375136,2,1,1,5,1,4,2,2,1,1,,,2,0,1,4,1,12,2,2,,0,2,3,15,201900009105B01,7,1,1,244500468
201900009110,2019-07-04,2019,juillet,jeudi,20:11,87,87085,45.82088,1.2469,2,1,3,1,1,4,3,4,2,1,,,1,0,1,3,1,43,1,1,2,0,2,5,1,201900009110B01,7,9,1,248719312
201900009140,2019-07-05,2019,juillet,vendredi,11:25,72,72181,47.97635,0.16726,2,1,3,1,1,4,2,2,1,1,,,1,0,1,3,1,76,5,2,,0,2,1,15,201900009140A01,14,26,1,247200132
201900009170,2019-06-29,2019,juin,samedi,08:30,56,56260,47.66705,-2.74482,2,4,3,1,1,4,2,2,2,1,,,1,0,1,4,1,57,1,1,2,0,2,1,1,201900009170B01,7,15,1,200067932
201900009222,2019-07-04,2019,juillet,jeudi,19:35,34,34172,43.597931,3.893139,2,9,3,1,1,4,2,2,1,1,,,1,0,1,4,1,32,0,1,2,0,2,8,0,201900009222B01,10,15,1,243400017
201900009263,2019-07-06,2019,juillet,samedi,07:40,17,17300,46.17303,-1.21997,2,1,3,1,1,4,2,2,1,3,,,1,0,1,4,1,53,0,1,2,0,2,8,11,201900009263B01,7,17,1,241700434
201900009273,2019-07-04,2019,juillet,jeudi,07:40,14,14118,49.20283,-0.39197,2,6,3,1,1,3,2,-1,1,1,,,1,5,1,4,1,49,-1,2,,0,0,7,1,201900009273B01,7,1,1,200065597
201900009328,2019-12-02,2019,décembre,lundi,18:00,6,06069,43.640832,6.917178,2,3,3,5,1,4,2,2,2,1,,,1,0,1,4,1,17,0,2,,0,2,1,1,201900009328B01,7,15,1,200039857
201900009339,2019-11-28,2019,novembre,jeudi,18:00,37,37273,47.395205,0.772795,2,2,3,3,8,4,2,2,1,1,,,1,0,1,4,1,46,9,1,2,0,2,1,19,201900009339B01,7,16,1,200073161
201900009354,2019-12-14,2019,décembre,samedi,11:15,45,45130,47.7953237,1.7113202,2,1,3,1,1,4,2,2,1,1,,,1,0,1,4,1,66,5,1,2,0,2,3,0,201900009354B01,7,17,1,200070183
201900009366,2019-12-19,2019,décembre,jeudi,10:50,75,75119,48.878601,2.400545,2,1,3,1,2,4,1,1,2,1,,,2,8,1,4,1,47,1,1,2,0,2,1,1,201900009366B01,7,9,1,200054781
201900009386,2019-09-12,2019,septembre,jeudi,17:25,42,42218,45.449573,4.4055,2,1,6,1,1,4,2,-1,-1,-1,,,1,-1,5,2,2,9,5,2,,2,0,1,-1,201900009386A01,,,,244200770
201900009468,2019-09-17,2019,septembre,mardi,18:30,62,62869,50.246158,2.721349,1,1,1,1,1,4,2,2,2,4,,,1,0,1,3,1,16,2,2,,0,0,1,13,201900009468A01,7,1,1,200033579
201900009471,2019-09-16,2019,septembre,lundi,09:30,82,82025,43.948365,1.323341,1,1,3,1,1,4,2,2,1,1,,,1,0,1,2,1,68,5,2,,0,2,7,1,201900009471B01,10,19,1,248200099
201900009484,2019-09-17,2019,septembre,mardi,15:30,50,50486,49.407837,-1.624602,1,1,7,1,1,4,2,2,1,1,,,1,0,1,3,1,70,5,1,2,14,0,0,1,201900009484A01,,,,200067205
201900009486,2019-09-16,2019,septembre,lundi,13:30,36,36088,46.959983,1.988428,2,2,3,1,1,4,2,2,2,1,,,1,0,1,3,1,11,2,2,,0,2,1,19,201900009486A01,7,21,1,243600236
201900009501,2019-09-10,2019,septembre,mardi,12:35,69,69074,46.00841,4.636864,1,2,3,1,1,3,2,2,2,1,,,1,0,1,3,1,73,5,1,2,0,2,1,1,201900009501A01,7,1,1,200040590
201900009533,2019-09-13,2019,septembre,vendredi,19:55,81,81244,44.047544,2.13332,2,2,3,2,1,4,2,0,2,1,,,1,0,1,3,1,12,5,2,,0,2,1,1,201900009533A01,7,1,1,200040905
201900009538,2019-09-15,2019,septembre,dimanche,15:35,64,64445,43.32628,-0.36843,2,1,3,1,1,4,2,2,1,1,,,1,0,1,4,1,46,5,2,,0,2,1,1,201900009538B01,7,15,1,200067254
201900009539,2019-09-15,2019,septembre,dimanche,08:57,64,64348,43.32101,-0.39176,2,6,3,1,1,3,-1,2,1,3,,,1,9,1,3,1,46,5,1,2,0,2,1,1,201900009539B01,7,9,1,200067254
201900009561,2019-09-15,2019,septembre,dimanche,14:30,75,75118,48.8919584,2.3474028,2,1,3,1,1,4,2,2,1,1,,,1,0,1,4,1,39,5,1,2,0,2,1,1,201900009561B01,7,22,1,200054781
201900009593,2019-09-16,2019,septembre,lundi,16:00,76,76536,49.45858,1.165627,1,1,6,1,1,3,2,2,2,1,,,1,0,3,2,1,72,5,1,2,2,0,0,1,201900009593A01,,,,200023414
201900009696,2019-03-20,2019,mars,mercredi,17:20,33,33138,45.038417,-0.103201,2,6,2,1,1,3,2,2,1,1,,,1,0,1,3,1,75,5,1,2 / 6 / 4,0,2,4,21,201900009696B01,7,9,1,200070092
201900009709,2019-03-13,2019,mars,mercredi,19:20,1,01354,46.239399,6.034289,1,6,3,5,2,3,2,2,1,3,,,1,3,1,4,1,41,1,2,,0,2,8,19,201900009709A01,7,9,1,240100750
201900009743,2019-03-25,2019,mars,lundi,18:24,82,82019,44.092083,1.009005,1,3,5,1,1,3,2,2,1,1,,,1,0,1,2,1,17,5,2,,13,2,4,2,201900009743B01,7 / 10,2,2,200066322
201900009745,2019-03-23,2019,mars,samedi,16:08,65,65080,43.152036,0.024399,2,1,3,1,1,3,2,2,1,4,,,1,0,1,3,1,60,5,1,2,0,2,8,1,201900009745B01,21,1,1,200069300
201900009763,2019-03-22,2019,mars,vendredi,16:00,34,34036,43.684938,3.363799,1,1,2,1,1,3,2,2,1,1,,,1,0,1,3,1,71,0,1,2,0,0,8,2,201900009763B01,7,2,1,200017341
201900009771,2019-03-15,2019,mars,vendredi,12:30,29,29260,48.4278562,-4.6287391,2,2,3,1,8,4,2,2,4,1,,,1,0,1,4,2,27,1,1,2,0,2,1,1,201900009771B01,7,15,1,242900074
201900009774,2019-03-25,2019,mars,lundi,17:07,2,02478,49.516654,3.503972,2,3,3,1,1,3,2,2,1,1,,,1,0,1,3,1,8,5,1,2,0,2,1,19,201900009774A01,7,1,1,200071769
201900009784,2019-03-16,2019,mars,samedi,15:20,58,58057,46.743848,3.121176,1,1,7,1,1,4,2,2,1,1,,,1,0,3,2,1,61,5,1,2,0,0,0,0,201900009784A01,,,,245804497
201900009785,2019-03-24,2019,mars,dimanche,15:30,54,54049,49.443162,5.735589,1,1,2,1,1,4,2,2,1,2,,,1,0,1,4,1,15,5,1,2,0,0,4,1,201900009785A01,7,2,1,200043693
201900009809,2019-03-25,2019,mars,lundi,17:25,24,24286,45.26553,0.491039,1,2,3,1,1,4,2,2,2,1,,,1,0,1,3,1,31,3,2,,0,2,1,1,201900009809A01,7,1,1,200040400
201900009820,2019-03-26,2019,mars,mardi,17:20,17,17256,45.858626,-0.461956,1,1,1,1,1,3,2,2,1,1,,,1,0,1,2,1,83,5,1,2,0,2,1,1,201900009820B01,10,17,1,200041689
201900009840,2019-03-22,2019,mars,vendredi,17:50,38,38052,45.069215,6.040822,1,1,7,1,1,3,2,2,2,2,,,1,0,1,3,1,61,5,1,2 / 4 / 9,0,0,1,1,201900009840A01,,,,243800745
201900009879,2019-02-08,2019,février,vendredi,23:03,987,98714,-16.498888,-145.738218,2,9,3,5,1,2,2,2,1,1,,,1,0,1,3,1,43,5,2,,0,2,6,26,201900009879B01,7,1,1,
201900009881,2019-02-10,2019,février,dimanche,19:30,987,98722,-17.566833,-149.329009,2,1,3,3,1,2,2,2,1,1,,,1,2,1,3,1,23,5,2,,0,2,0,13,201900009881A01,7,21,1,
201900009889,2019-02-08,2019,février,vendredi,08:45,973,97312,5.3462575,-52.9347897,1,1,3,1,1,2,2,2,1,1,,,1,0,1,2,1,21,5,2,,0,2,9,13,201900009889B01,7,17,1,200027548
201900009890,2019-02-07,2019,février,jeudi,15:30,973,97304,5.14976,-52.671504,1,1,2,1,1,2,2,2,1,1,,,1,2,1,4,1,61,0,2,,0,2,4,13,201900009890B01,10,2,1,200027548
201900009960,2019-02-08,2019,février,vendredi,11:00,59,59363,50.212937,3.641278,1,1,3,1,6,3,2,2,3,1,,,1,0,1,3,1,66,0,2,,0,2,8,2,201900009960B01,17,2,1,200043321
201900009962,2019-02-11,2019,février,lundi,18:55,59,59611,50.698461,3.015071,1,1,2,3,1,3,2,2,1,1,,,1,0,1,3,1,20,5,2,,0,0,4,2,201900009962B01,7,2,1,200093201
201900010076,2019-10-18,2019,octobre,vendredi,08:25,75,75119,48.8923245,2.3791355,2,2,3,1,2,4,1,2,1,1,,,2,5,1,4,1,37,1,2,,0,2,3,1,201900010076B01,2,1,1,200054781
201900010081,2019-10-18,2019,octobre,vendredi,18:30,75,75111,48.855012,2.384833,2,1,3,2,1,4,2,2,1,1,,,1,0,5,4,1,23,9,2,,0,2,1,1,201900010081B01,7,10,1,200054781
201900010084,2019-10-18,2019,octobre,vendredi,21:00,75,75107,48.8625492,2.3104058,2,2,3,5,1,4,2,4,1,1,,,1,0,5,4,1,27,0,1,2,0,2,2,1,201900010084A01,7,1,1,200054781
201900010087,2019-10-16,2019,octobre,mercredi,19:55,75,75104,48.861212,2.349725,2,3,3,5,2,4,2,2,1,1,,,2,0,5,4,1,20,0,1,2,0,2,2,1,201900010087B01,7,15,1,200054781
201900010135,2019-10-09,2019,octobre,mercredi,11:10,22,22018,48.655863,-3.227361,1,1,7,1,1,4,2,2,1,1,,,1,0,3,2,1,70,5,1,2,0,0,0,13,201900010135A01,,,,200067981
201900010212,2019-10-15,2019,octobre,mardi,15:58,76,76402,49.52836,1.04168,2,2,6,1,1,3,2,2,1,1,,,2,0,4,1,1,19,1,2,,0,1,1,25,201900010212A01,,,,200023414
201900010215,2019-10-17,2019,octobre,jeudi,19:37,74,74093,45.895549,6.112145,2,1,3,5,2,4,2,2,1,1,,,2,0,1,4,1,72,0,1,2,0,2,2,0,201900010215B01,7,1,1,
201900010216,2019-10-17,2019,octobre,jeudi,12:15,71,71153,46.79908,4.44008,2,1,7,1,3,4,2,2,2,1,,,2,0,1,4,1,51,1,2,,0,0,0,26,201900010216A01,,,,247100290
201900010305,2019-06-19,2019,juin,mercredi,17:20,48,48198,44.439262,3.921635,2,1,1,1,1,3,2,2,2,4,,,1,2,1,3,2,51,5,1,2,0,2,1,2,201900010305B01,2,2,1,200069128
201900010314,2019-06-05,2019,juin,mercredi,08:45,34,34143,43.4568948,3.6105155,1,3,2,1,7,3,2,2,2,1,,,1,9,1,3,1,71,5,1,2,0,2,4,15,201900010314B01,33,1,1,200066355
201900010326,2019-06-14,2019,juin,vendredi,07:15,84,84019,44.285227,4.750928,2,6,3,2,2,4,2,2,1,2,,,2,0,1,4,1,53,1,2,,0,2,1,15,201900010326B01,3,1,1,200000628
201900010327,2019-04-22,2019,avril,lundi,14:55,11,11262,43.18942,2.9851,2,6,3,1,1,4,1,2,1,2,,,1,0,1,4,2,56,0,2,,0,2,7,1,201900010327B01,7,9,1,241100593
201900010333,2019-04-23,2019,avril,mardi,15:15,11,11069,43.21484,2.34733,2,3,3,1,1,4,1,2,1,1,,,1,0,1,3,1,26,0,1,2,0,0,0,3,201900010333A01,7,0,1,200035715
201900010336,2019-06-19,2019,juin,mercredi,09:15,83,83035,43.20281,5.775745,1,1,2,1,1,3,2,2,1,1,,,1,0,1,3,1,40,5,1,2,0,0,4,2,201900010336A01,7,2,1,248300394
201900010366,2019-06-01,2019,juin,samedi,15:30,83,83151,43.434057,6.141465,1,1,3,1,1,3,2,2,1,3,,,1,0,1,4,1,22,5,2,,0,0,4,15,201900010366B01,33,1,1,200068104
201900010384,2019-04-19,2019,avril,vendredi,17:25,6,06027,43.6545542,7.145312,2,1,6,1,1,7,2,3,2,1,,,1,0,1,2,1,83,9,2,,0,2,8,3,201900010384B01,10,0,1,200030195
201900010389,2019-04-17,2019,avril,mercredi,18:30,5,05061,44.513,6.0557,1,2,3,1,1,3,2,2,2,1,,,1,5,1,4,1,37,0,1,2,0,2,1,1,201900010389B01,7,19,1,200067825
201900010398,2019-05-22,2019,mai,mercredi,15:40,13,13014,43.472148,5.167471,2,9,3,1,1,5,-1,1,1,1,,,1,0,8,4,1,64,5,2,,0,2,2,1,201900010398B01,7,1,1,200054807
201900010403,2019-06-08,2019,juin,samedi,10:00,13,13073,43.401752,5.564804,1,3,1,1,1,3,2,2,3,1,,,1,0,1,3,1,78,5,1,2 / 6 / 9,0,2,7,1,201900010403B01,99,15,1,200054807
201900010453,2019-04-28,2019,avril,dimanche,14:45,75,75120,48.851858,2.401374,2,2,6,1,2,4,1,2,1,1,,,2,0,1,1,1,59,0,1,2,0,1,7,1,201900010453A01,,,,200054781
201900010474,2019-04-25,2019,avril,jeudi,19:40,75,75119,48.873825,2.37511,2,2,6,1,1,4,1,2,1,1,,,1,0,5,1,1,30,0,1,2,0,1,1,1,201900010474A01,,,,200054781
201900010476,2019-04-22,2019,avril,lundi,17:20,75,75119,48.88285,2.374543,2,3,3,1,1,4,1,1,1,3,,,1,0,1,1,1,18,5,1,2,0,2,8,5,201900010476A01,32,5,1,200054781
201900010489,2019-05-31,2019,mai,vendredi,20:30,67,67519,48.657336,7.829466,2,3,3,1,1,3,2,2,1,1,,,1,0,1,4,1,56,5,2,,0,2,0,1,201900010489A01,7,15,1,246700488
201900010491,2019-05-28,2019,mai,mardi,06:25,67,67067,48.714582,7.690159,1,1,3,2,1,3,2,2,3,1,,,1,0,1,4,1,29,1,1,2 / 4,0,0,8,2,201900010491A01,7,2,1,200067874
201900010501,2019-04-25,2019,avril,jeudi,19:25,75,75117,48.891124,2.299223,2,1,3,1,1,4,1,1,1,1,,,1,0,1,4,2,27,5,1,2,0,2,8,19,201900010501A01,7,1,1,200054781
201900010502,2019-04-25,2019,avril,jeudi,11:45,75,75117,48.887306,2.297835,2,7,2,1,1,4,2,2,1,1,,,1,0,1,4,1,25,4,1,2,0,2,0,1,201900010502B01,30,18,1,200054781
201900010503,2019-06-09,2019,juin,dimanche,18:45,55,55169,49.52625,5.459309,2,3,3,1,1,4,1,1,2,1,,,1,0,1,3,1,10,5,2,,0,2,0,0,201900010503B01,7,15,1,245501259
201900010518,2019-04-26,2019,avril,vendredi,15:40,75,75116,48.858565,2.244883,2,2,3,1,1,4,2,4,1,1,,,1,0,1,4,1,47,5,1,2,0,2,2,17,201900010518B01,10,15,1,200054781
201900010534,2019-04-18,2019,avril,jeudi,20:20,75,75116,48.861024,2.229922,2,1,3,1,1,4,2,2,1,1,,,1,0,1,4,1,36,5,1,2,0,2,1,1,201900010534B01,7,10,1,200054781
201900010543,2019-06-03,2019,juin,lundi,16:30,74,74185,46.1565665,6.2011052,1,1,6,1,1,3,2,2,2,3,,,1,0,1,2,1,18,5,2,,13,0,3,0,201900010543A01,,,,247400583
201900010569,2019-06-17,2019,juin,lundi,19:30,26,26315,45.021034,5.444404,2,1,7,1,1,4,2,2,2,1,,,1,0,1,2,1,61,5,2,,0,0,7,1,201900010569A01,,,,200067767
201900010572,2019-06-19,2019,juin,mercredi,09:25,7,07264,44.32158,4.625814,1,1,3,1,1,3,2,2,1,1,,,1,0,3,3,1,61,5,1,2,0,0,4,2,201900010572B01,10,2,1,240700864
201900010587,2019-05-07,2019,mai,mardi,16:20,69,69014,45.67925,4.47901,2,2,3,1,1,3,2,2,2,1,,,1,0,1,3,1,65,0,1,2,0,2,1,1,201900010587B01,7,19,1,200066587
201900010592,2019-06-02,2019,juin,dimanche,11:10,1,01248,45.882839,4.883735,1,6,3,1,1,3,4,2,1,2,,,1,5,1,4,1,43,0,2,,0,2,8,1,201900010592B01,7,17,1,200069193
201900010601,2019-06-15,2019,juin,samedi,08:50,79,79049,46.846004,-0.482241,2,6,3,1,1,3,2,2,1,1,,,1,0,1,4,1,56,1,2,,0,2,1,1,201900010601B01,7,9,1,200040244
201900010603,2019-08-07,2019,août,mercredi,21:00,75,75105,48.8511324,2.3513039,2,2,6,2,1,4,2,4,1,1,,,1,0,1,1,1,31,1,1,2,0,1,4,1,201900010603A01,,,,200054781
201900010627,2019-08-10,2019,août,samedi,14:40,75,75112,48.8373405,2.408157,2,3,3,1,1,4,3,3,2,1,,,1,0,5,4,2,38,5,1,2,0,2,1,1,201900010627B01,7,1,1,200054781
201900010632,2019-08-07,2019,août,mercredi,17:10,75,75111,48.8600775,2.3725909,2,3,6,1,1,4,3,2,1,1,,,1,0,1,4,1,31,1,1,2,1,0,1,13,201900010632A01,,,,200054781
201900010636,2019-08-10,2019,août,samedi,12:30,75,75109,48.8742349,2.3352668,2,2,3,1,1,4,2,2,1,1,,,1,0,5,4,1,26,0,1,2,0,2,1,1,201900010636B01,7,1,1,200054781
201900010682,2019-08-07,2019,août,mercredi,14:30,92,92048,48.78726,2.21846,2,1,6,1,1,4,2,2,1,1,,,1,0,1,1,1,58,1,2,,0,1,1,1,201900010682A01,,,,200054781
201900010744,2019-08-09,2019,août,vendredi,18:20,2A,2A362,41.699046,9.351277,2,9,3,1,1,2,2,2,1,1,,,1,0,1,4,2,53,5,2,,0,2,1,1,201900010744B01,10,11,1,242000495