Num_Acc,date,an,mois,jour,hrmn,dep,com,lat,long,agg,int,col,lum,atm,catr,circ,nbv,prof,plan,lartpc,larrout,surf,infra,situ,grav,sexe,age,trajet,secuexist,equipement,obs,obsm,choc,manv,vehiculeid,typevehicules,manoeuvehicules,numVehicules,_infos_commune.code_epci
201900010750,2019-08-08,2019,août,jeudi,08:20,65,65442,43.295499,0.62445,1,1,4,1,1,3,2,2,1,1,,,1,0,1,2,1,60,5,1,2,0,2,4,1,201900010750B01,7,1,1,200070795
201900010750,2019-08-08,2019,août,jeudi,08:20,65,65442,43.295499,0.62445,1,1,4,1,1,3,2,2,1,1,,,1,0,1,3,1,57,5,1,2,0,2,4,1,201900010750C01,7,1,1,200070795
201900010750,2019-08-08,2019,août,jeudi,08:20,65,65442,43.295499,0.62445,1,1,4,1,1,3,2,2,1,1,,,1,0,1,3,1,73,5,1,2,0,2,0,1,201900010750D01,7,1,1,200070795
201900010763,2019-08-10,2019,août,samedi,11:30,55,55537,49.20944,5.48572,1,2,5,1,1,2,2,2,1,1,,,1,0,1,1,1,49,5,1,2,0,2,8,1,201900010763B01,7,19,1,200049187
201900010763,2019-08-10,2019,août,samedi,11:30,55,55537,49.20944,5.48572,1,2,5,1,1,2,2,2,1,1,,,1,0,1,4,1,28,5,1,2,0,2,0,19,201900010763C01,7,19,1,200049187
201900010764,2019-08-08,2019,août,jeudi,17:25,55,55533,48.600175,5.66911,1,1,3,1,1,3,2,2,1,1,,,1,0,1,2,1,14,5,2,,0,2,3,2,201900010764A01,7,17,1,200066157
201900010769,2019-08-03,2019,août,samedi,10:40,46,46089,44.515845,1.078582,1,1,7,1,1,4,2,2,1,1,,,1,2,1,3,1,80,5,2,,0,0,9,1,201900010769A01,,,,244600433
201900010774,2019-07-15,2019,juillet,lundi,18:50,22,22055,48.644245,-2.833847,2,6,2,1,7,4,2,2,1,1,,,1,0,1,3,1,12,5,2,,0,2,8,1,201900010774B01,7,17,1,200069409
201900010782,2019-08-07,2019,août,mercredi,17:15,38,38249,45.22342,5.81462,2,6,3,1,1,3,3,4,1,2,,,1,9,1,4,1,36,0,2,,0,2,3,2,201900010782B01,7,16,1,200018166
201900010790,2019-08-09,2019,août,vendredi,17:30,15,15122,44.710393,2.200305,2,1,3,1,1,3,2,2,2,1,,,1,0,1,1,1,19,9,1,2,0,2,1,1,201900010790B01,7,1,1,200066678
201900010835,2019-07-05,2019,juillet,vendredi,10:55,75,75106,48.852478,2.338739,2,7,6,1,1,4,1,3,1,1,,,1,0,6,1,1,71,5,1,2,0,1,1,7,201900010835A01,,,,200054781
201900010836,2019-07-05,2019,juillet,vendredi,09:05,75,75106,48.841135,2.337403,2,1,4,1,1,4,2,3,1,1,,,1,0,6,4,2,30,5,1,2,0,2,3,7,201900010836C01,7,17,1,200054781
201900010836,2019-07-05,2019,juillet,vendredi,09:05,75,75106,48.841135,2.337403,2,1,4,1,1,4,2,3,1,1,,,1,0,6,4,2,72,0,1,2,0,2,3,7,201900010836B01,7,17,1,200054781
201900010844,2019-07-04,2019,juillet,jeudi,14:23,75,75119,48.872534,2.378545,2,3,2,1,1,4,2,2,2,1,,,1,0,1,4,1,13,0,1,2,0,2,7,2,201900010844A01,37,23,1,200054781
201900010845,2019-07-03,2019,juillet,mercredi,23:00,75,75119,48.89443,2.381497,2,7,6,5,1,4,1,1,1,1,,,1,8,1,4,2,14,5,1,2,0,2,3,1,201900010845A01,10,1,1,200054781
201900010853,2019-07-06,2019,juillet,samedi,06:20,75,75116,48.845447,2.254039,2,1,3,2,1,4,1,2,1,1,,,1,0,1,4,1,40,1,1,2,0,2,3,14,201900010853A01,7,1,1,200054781
201900010857,2019-07-05,2019,juillet,vendredi,02:00,75,75116,48.851477,2.279832,2,1,1,4,1,4,2,2,1,1,,,1,0,5,4,1,24,4,1,2,0,2,1,1,201900010857B01,80,1,1,200054781
201900010864,2019-07-05,2019,juillet,vendredi,18:00,75,75114,48.819599,2.341928,2,3,3,1,1,4,2,5,1,1,,,1,0,5,4,1,22,1,1,2,0,2,1,1,201900010864B01,7,16,1,200054781
201900010866,2019-07-05,2019,juillet,vendredi,23:45,75,75113,48.82267,2.372843,2,4,3,5,1,4,2,6,2,1,,,1,0,1,4,1,22,5,1,2,0,2,1,1,201900010866B01,7,15,1,200054781
201900010867,2019-07-05,2019,juillet,vendredi,20:00,75,75113,48.835011,2.34504,2,2,3,1,1,4,2,4,1,1,,,1,0,1,4,1,59,5,1,2,0,2,1,1,201900010867B01,7,15,1,200054781
201900010870,2019-07-05,2019,juillet,vendredi,12:45,75,75111,48.865998,2.37068,2,2,3,1,1,4,2,2,2,1,,,1,0,1,4,2,32,4,1,2,0,2,3,16,201900010870B01,10,10,1,200054781
201900010872,2019-07-04,2019,juillet,jeudi,09:10,75,75104,48.854025,2.368933,2,2,3,1,1,4,2,4,1,1,,,1,0,1,4,2,36,5,1,2,0,2,0,1,201900010872B01,14,14,1,200054781
201900010874,2019-07-06,2019,juillet,samedi,14:50,75,75110,48.878525,2.35404,2,5,3,1,1,4,2,4,1,1,,,1,0,5,4,2,34,9,1,2,0,2,8,19,201900010874B01,7,1,1,200054781
201900010875,2019-07-02,2019,juillet,mardi,14:35,75,75109,48.873228,2.333892,2,1,3,1,1,4,1,2,1,1,,,1,0,1,4,2,57,9,1,2,0,2,8,13,201900010875A01,7,1,1,200054781
201900011036,2019-11-21,2019,novembre,jeudi,20:40,75,75106,48.8537523,2.3442794,2,7,6,5,1,4,2,4,1,1,,,1,0,6,1,1,37,0,1,2,0,1,8,7,201900011036A01,,,,200054781
201900011038,2019-11-22,2019,novembre,vendredi,17:00,75,75119,48.884462,2.376636,2,1,3,5,1,4,2,4,1,1,,,1,0,5,4,1,24,0,1,2,0,2,1,1,201900011038B01,7,22,1,200054781
201900011049,2019-11-22,2019,novembre,vendredi,15:15,75,75109,48.87657,2.3461103,2,3,6,1,1,4,1,1,1,1,,,1,0,1,1,1,37,0,1,2,0,1,2,1,201900011049A01,,,,200054781
201900011099,2019-11-22,2019,novembre,vendredi,09:10,49,49018,47.552568,-0.185009,1,1,2,1,1,3,3,1,1,1,,,1,0,1,2,2,41,1,1,4,0,2,4,2,201900011099B01,7,2,1,244900882
201900011103,2019-11-21,2019,novembre,jeudi,17:35,31,31451,43.457757,2.009761,2,2,3,5,1,4,-1,2,1,1,,,1,0,1,3,1,45,1,2,,1,2,9,15,201900011103B01,7,1,1,243100567
201900011110,2019-11-22,2019,novembre,vendredi,19:00,60,60348,49.5743043,2.9661612,1,1,2,3,8,3,2,2,2,1,,,1,0,1,2,1,77,5,1,4 / 9,0,2,4,2,201900011110B01,7,2,1,246000756
201900011184,2019-12-31,2019,décembre,mardi,14:30,22,22098,48.427392,-2.538835,2,1,1,1,5,3,2,2,2,1,,,2,0,1,3,1,63,5,1,2,0,2,1,1,201900011184B01,7,1,1,200069391
201900011189,2019-07-20,2019,juillet,samedi,13:52,75,75105,48.8502089,2.3452202,2,2,2,1,1,4,1,2,2,1,,,1,0,1,4,1,55,5,1,2,0,2,1,21,201900011189A01,7,23,1,200054781
201900011274,2019-12-17,2019,décembre,mardi,18:00,31,31555,43.599641,1.440551,2,2,3,5,1,4,1,2,1,1,,,1,0,1,3,1,19,9,1,2,0,2,0,1,201900011274A01,10,15,1,243100518
201900011310,2019-12-16,2019,décembre,lundi,20:50,75,75117,48.884809,2.307714,2,1,3,5,1,4,2,3,1,1,,,1,0,5,4,1,40,1,1,2,0,2,1,1,201900011310B01,7,22,1,200054781
201900011311,2019-12-17,2019,décembre,mardi,16:15,75,75116,48.8696621,2.2823882,2,1,6,1,2,4,1,2,1,1,,,2,0,1,4,1,23,9,1,2,0,1,1,5,201900011311A01,,,,200054781
201900011319,2019-12-17,2019,décembre,mardi,23:40,75,75113,48.834906,2.353177,2,3,6,5,1,4,2,4,2,1,,,1,0,1,4,2,27,0,1,2,0,2,6,15,201900011319A01,34,1,1,200054781
201900011320,2019-12-17,2019,décembre,mardi,09:03,75,75113,48.8209896,2.3506273,2,3,3,1,1,4,3,2,2,1,,,1,0,1,4,1,28,1,1,2,0,2,1,16,201900011320B01,33,16,1,200054781
201900011321,2019-12-18,2019,décembre,mercredi,07:15,75,75112,48.8393467,2.375312,2,1,3,2,1,4,2,2,2,1,,,1,0,1,1,1,47,0,1,2,0,2,6,13,201900011321B01,1,17,1,200054781
201900011321,2019-12-18,2019,décembre,mercredi,07:15,75,75112,48.8393467,2.375312,2,1,3,2,1,4,2,2,2,1,,,1,0,1,4,1,47,1,1,2,0,2,1,17,201900011321A01,1,13,1,200054781
201900011322,2019-12-18,2019,décembre,mercredi,16:25,75,75111,48.859742,2.376877,2,2,1,1,1,4,2,4,1,1,,,1,0,5,1,1,35,5,1,2,0,2,3,13,201900011322A01,1,1,1,200054781
201900011322,2019-12-18,2019,décembre,mercredi,16:25,75,75111,48.859742,2.376877,2,2,1,1,1,4,2,4,1,1,,,1,0,5,4,1,71,5,1,2,0,2,1,1,201900011322B01,1,13,1,200054781
201900011323,2019-12-18,2019,décembre,mercredi,22:45,75,75110,48.878522,2.354068,2,5,6,5,1,4,1,2,1,1,,,1,0,6,4,1,67,5,1,2,0,2,8,7,201900011323A01,7,1,1,200054781
201900011330,2019-12-18,2019,décembre,mercredi,13:50,75,75117,48.879153,2.3030841,2,5,3,1,1,4,2,4,1,1,,,1,0,1,4,1,63,0,1,2,0,2,3,1,201900011330A01,43,1,1,200054781
201900011335,2019-12-18,2019,décembre,mercredi,20:00,75,75107,48.8588564,2.3129869,2,7,2,5,1,4,1,3,1,2,,,1,0,1,4,2,41,9,1,2,0,2,4,23,201900011335B01,7,2,1,200054781
201900011336,2019-12-18,2019,décembre,mercredi,17:10,75,75107,48.859996,2.321688,2,2,3,5,1,4,1,3,1,1,,,1,0,1,1,1,34,0,1,2,0,2,1,12,201900011336A01,32,1,1,200054781
201900011339,2019-12-18,2019,décembre,mercredi,20:20,75,75104,48.85236,2.360489,2,3,7,5,1,4,2,4,1,1,,,1,0,1,4,1,28,5,1,2,0,0,0,21,201900011339A01,,,,200054781
201900011355,2019-12-02,2019,décembre,lundi,05:18,93,93066,48.9344353,2.3589878,2,5,3,5,1,4,1,3,1,1,,,1,0,1,4,1,30,1,2,,0,2,1,9,201900011355B01,14,9,1,200054781
201900011368,2019-07-21,2019,juillet,dimanche,10:30,62,62543,50.616372,2.303959,1,2,6,1,1,3,2,2,2,1,,,1,0,1,3,1,51,5,1,2,0,2,7,19,201900011368B01,7,1,1,200069037
201900011400,2019-09-14,2019,septembre,samedi,15:40,50,50532,48.8142,-1.5678,2,1,1,1,1,4,1,1,1,1,,,1,0,1,4,1,52,5,2,,0,2,1,5,201900011400A01,10,1,1,200042604
201900011402,2019-09-14,2019,septembre,samedi,09:00,45,45075,47.8930822,1.8478691,2,3,3,1,1,3,3,2,1,1,,,1,0,1,4,2,71,5,2,,0,2,8,25,201900011402B01,7,16,1,244500468
201900011406,2019-09-13,2019,septembre,vendredi,08:10,37,37214,47.41989,0.66385,2,1,2,1,1,4,2,2,1,1,,,1,0,1,4,1,10,2,2,,0,2,1,25,201900011406B01,7,16,1,243700754
201900011413,2019-09-13,2019,septembre,vendredi,20:15,28,28404,48.72739,1.33998,2,9,3,2,1,4,2,1,1,1,,,1,0,1,3,1,12,5,2,,0,2,1,1,201900011413B01,7,1,1,200040277
201900011423,2019-09-14,2019,septembre,samedi,22:30,6,06004,43.608718,7.124743,2,1,5,5,1,3,2,2,1,1,,,1,0,6,1,1,15,5,2,,0,2,4,2,201900011423C01,34 / 7,18 / 1,2,240600585
201900011425,2019-09-14,2019,septembre,samedi,14:07,1,01053,46.2112739,5.2326152,2,1,3,1,1,4,2,2,1,2,,,1,0,1,4,2,10,5,2,,0,2,1,19,201900011425A01,7,1,1,200071751
201900011431,2019-09-14,2019,septembre,samedi,20:30,75,75112,48.847071,2.410751,2,1,6,5,1,4,2,4,1,1,,,1,0,5,4,2,15,5,1,2,0,2,0,19,201900011431A01,7,2,1,200054781
201900011433,2019-09-14,2019,septembre,samedi,16:40,75,75113,48.820661,2.34945,2,3,2,1,1,4,2,4,2,1,,,1,0,1,4,1,35,1,1,2,0,2,1,1,201900011433A01,7,23,1,200054781
201900011456,2019-09-14,2019,septembre,samedi,10:25,71,71227,46.686091,3.921907,1,1,2,1,1,3,2,2,3,2,,,1,0,1,3,1,48,5,1,2,0,0,4,2,201900011456B01,7,2,1,200070316
201900011457,2019-09-14,2019,septembre,samedi,17:52,33,33138,45.044637,-0.121724,2,3,3,1,1,3,2,2,1,1,,,1,0,1,3,1,13,5,2,,0,2,8,15,201900011457A01,7,1,1,200070092
201900011472,2019-09-14,2019,septembre,samedi,09:40,42,42206,45.533394,4.319912,1,3,3,1,1,3,2,2,1,1,,,1,0,1,4,1,46,5,1,2,0,2,1,1,201900011472B01,7,15,1,244200770
201900011474,2019-09-14,2019,septembre,samedi,20:30,39,39478,46.378129,5.810302,1,1,2,3,1,3,3,4,2,1,,,1,0,1,3,1,24,5,2,,0,2,4,1,201900011474B01,7,1,1,200026573
201900011487,2019-09-15,2019,septembre,dimanche,09:10,16,16086,45.850502,0.760484,2,2,3,1,1,3,2,2,2,1,0,6,1,0,1,3,1,53,5,1,2,0,2,1,1,201900011487A01,7,1,1,200072049
201900011512,2019-09-15,2019,septembre,dimanche,10:20,55,55169,49.527307,5.462086,2,1,7,1,1,3,2,2,1,3,,,1,0,1,3,1,82,5,1,2,0,0,0,0,201900011512A01,,,,245501259
201900011514,2019-09-15,2019,septembre,dimanche,11:30,42,42179,45.662397,4.025983,2,1,6,1,1,4,2,2,4,3,,,1,0,3,3,2,64,5,1,2,15,0,1,1,201900011514A01,,,,200065886
201900011552,2019-03-21,2019,mars,jeudi,14:59,77,77217,48.69401,2.69425,1,3,3,1,1,3,2,2,1,1,,,1,5,1,4,1,75,5,1,2,0,2,1,13,201900011552B01,7,17,1,200070779
201900011579,2019-03-24,2019,mars,dimanche,05:30,67,67118,48.584535,7.678197,2,3,3,2,1,7,2,2,1,1,,,1,0,1,3,1,28,1,2,,0,2,1,1,201900011579B01,7,15,1,246700488
201900011586,2019-03-26,2019,mars,mardi,16:45,69,69009,45.92845,4.70422,1,3,3,1,1,3,2,2,2,1,,,1,0,1,3,1,65,5,1,2,0,2,1,1,201900011586B01,10,15,1,200040574
201900011693,2019-03-19,2019,mars,mardi,15:30,69,69259,45.71819,4.89215,2,1,3,1,1,6,-1,-1,1,1,,,1,0,1,4,1,67,5,1,2,0,2,1,1,201900011693A01,7,15,1,200046977
201900011712,2019-03-18,2019,mars,lundi,09:00,76,76481,49.5664,0.1372,1,1,6,1,1,4,2,2,1,1,,,1,0,1,4,2,17,1,1,2,0,2,3,1,201900011712A01,7,17,1,200084952
201900011744,2019-02-06,2019,février,mercredi,17:35,69,69199,45.68864,4.86171,2,2,3,2,1,3,2,2,1,1,,,1,0,1,4,1,44,9,2,,0,2,8,19,201900011744A01,7,1,1,200046977
201900011745,2019-02-06,2019,février,mercredi,16:00,69,69383,45.74884,4.87803,2,1,3,1,1,4,2,3,1,1,,,1,0,1,4,1,47,1,2,,0,2,8,19,201900011745B01,7,1,1,200046977
201900011780,2019-02-05,2019,février,mardi,17:48,36,36044,46.8140183,1.6847452,2,1,3,2,1,4,2,0,1,1,,,1,0,1,4,1,27,0,2,,0,2,8,2,201900011780A01,7,17,1,243600327
201900011811,2019-02-06,2019,février,mercredi,10:00,75,75110,48.877908,2.351607,2,2,3,1,1,4,1,4,2,1,,,1,0,1,4,1,37,4,1,2,0,2,1,1,201900011811B01,10,1,1,200054781
201900011812,2019-02-05,2019,février,mardi,10:00,75,75109,48.87647,2.346181,2,3,3,1,1,4,1,1,1,1,,,1,0,1,4,1,31,9,1,2,0,2,0,16,201900011812B01,7,16,1,200054781
201900011823,2019-02-06,2019,février,mercredi,17:30,31,31445,43.583806,1.529006,2,1,6,1,1,4,3,1,1,1,,,1,0,1,1,1,42,5,1,2,0,1,1,1,201900011823A01,,,,243100518
201900011847,2019-02-07,2019,février,jeudi,15:45,77,77175,48.64942,2.65142,1,1,7,1,1,3,2,2,1,1,,,2,0,1,3,1,44,5,2,,0,0,0,17,201900011847A01,,,,200070779
201900011872,2019-01-16,2019,janvier,mercredi,18:35,974,97407,-20.9378,55.30214,2,1,7,2,1,4,1,1,1,1,,,1,0,1,4,1,36,5,2,,0,0,1,1,201900011872A01,,,,249740101
201900011927,2019-10-16,2019,octobre,mercredi,09:30,50,50173,49.645,-1.64778,2,3,2,2,2,4,2,2,1,1,,,2,0,1,4,1,76,5,2,,0,2,4,23,201900011927B01,7,1,1,
201900011941,2019-10-17,2019,octobre,jeudi,07:50,34,34172,43.60803,3.85427,2,1,1,5,1,4,2,2,1,1,,,1,0,2,4,1,13,2,2,,0,2,0,26,201900011941B01,7,0,1,243400017
201900011971,2019-10-17,2019,octobre,jeudi,18:00,75,75106,48.8469218,2.3406054,2,4,6,1,8,4,2,4,1,1,,,1,-1,6,4,1,42,9,1,2,0,1,1,7,201900011971A01,,,,200054781
201900011972,2019-10-17,2019,octobre,jeudi,22:50,75,75111,48.868932,2.3804671,2,2,3,5,1,4,3,2,1,1,,,1,0,1,4,1,22,1,1,2,0,2,2,14,201900011972B01,37,9,1,200054781
201900011973,2019-10-17,2019,octobre,jeudi,18:30,75,75120,48.8479425,2.4113542,2,3,3,1,1,4,3,4,1,1,,,1,0,1,3,1,29,0,1,2,0,2,1,18,201900011973B01,7,16,1,200054781
201900011983,2019-10-16,2019,octobre,mercredi,23:10,75,75113,48.8383317,2.3727992,2,3,6,5,2,4,2,5,1,1,,,2,0,5,4,1,26,9,1,2,0,2,1,1,201900011983A01,7,16,1,200054781
201900011987,2019-10-16,2019,octobre,mercredi,10:05,75,75111,48.8648771,2.3765928,2,1,3,1,2,4,2,2,1,1,,,2,0,1,4,1,25,1,1,2,0,2,0,18,201900011987B01,7,1,1,200054781
201900011990,2019-10-17,2019,octobre,jeudi,18:30,75,75102,48.8641035,2.3501137,2,2,3,2,8,4,2,4,1,1,,,1,0,5,4,1,22,1,1,2,0,2,1,13,201900011990B01,80,1,1,200054781
201900012026,2019-10-16,2019,octobre,mercredi,15:00,26,26210,45.199956,5.120562,1,1,2,2,7,3,2,2,1,1,,,1,0,1,4,1,72,5,1,2,0,2,6,1,201900012026B01,7,17,1,200068781
201900012034,2019-10-17,2019,octobre,jeudi,13:20,971,97125,16.277011,-61.285175,1,1,2,1,1,2,2,1,1,1,,,1,0,1,2,1,62,0,2,,0,2,0,0,201900012034B01,7,0,1,200041507
201900012039,2019-10-16,2019,octobre,mercredi,14:00,67,67080,48.56195,7.530063,1,2,3,1,1,3,2,2,1,1,,,1,5,1,3,1,52,5,1,2,0,2,1,1,201900012039B01,7,15,1,246701064
201900012091,2019-04-18,2019,avril,jeudi,19:00,75,75115,48.832955,2.291971,2,1,3,1,1,4,1,1,2,1,,,1,0,1,4,1,24,5,1,2,0,2,1,1,201900012091B01,7,22,1,200054781
201900012112,2019-04-18,2019,avril,jeudi,05:45,75,75113,48.829185,2.343311,2,1,6,5,1,4,2,4,1,1,,,1,0,1,4,1,34,1,1,2,1,0,7,14,201900012112A01,,,,200054781
201900012113,2019-04-25,2019,avril,jeudi,19:50,75,75112,48.846445,2.378942,2,2,3,1,1,4,1,1,1,1,,,1,0,5,4,1,26,5,1,2,0,2,1,1,201900012113B01,7,15,1,200054781
201900012122,2019-04-25,2019,avril,jeudi,08:00,75,75111,48.868402,2.379552,2,3,2,1,2,4,1,2,2,1,,,2,0,1,4,2,32,1,1,2,0,2,4,1,201900012122B01,32,21,1,200054781
201900012123,2019-04-23,2019,avril,mardi,08:45,75,75111,48.868664,2.367065,2,3,6,1,1,4,1,3,1,1,,,1,0,5,4,1,47,0,1,2,0,1,1,1,201900012123A01,,,,200054781
201900012124,2019-04-22,2019,avril,lundi,20:45,75,75111,48.859837,2.388755,2,3,3,2,1,4,2,3,2,1,,,1,0,5,4,2,22,5,1,2,0,2,8,1,201900012124B01,7,15,1,200054781
201900012130,2019-04-18,2019,avril,jeudi,15:35,75,75111,48.857934,2.376999,2,2,3,1,1,4,1,1,1,1,,,1,0,1,4,2,68,5,1,2,0,2,7,1,201900012130A01,7,1,1,200054781
201900012132,2019-04-23,2019,avril,mardi,12:10,75,75110,48.881334,2.364755,2,2,3,1,1,4,2,3,1,1,,,1,0,1,4,2,58,5,1,2,0,2,5,13,201900012132B01,10,17,1,200054781
201900012136,2019-04-23,2019,avril,mardi,22:37,75,75109,48.873044,2.343058,2,4,6,5,1,4,1,2,1,1,,,1,0,1,4,1,88,5,1,2,0,2,0,1,201900012136A01,30,16,1,200054781
201900012142,2019-04-21,2019,avril,dimanche,17:30,75,75108,48.867739,2.313989,2,7,6,1,1,4,-1,6,1,1,,,1,0,1,4,1,76,5,2,,11,0,1,12,201900012142A01,,,,200054781
201900012155,2019-04-25,2019,avril,jeudi,16:05,75,75103,48.864701,2.352709,2,1,3,1,1,4,3,3,1,1,,,1,0,1,1,1,69,3,1,2,0,2,0,11,201900012155A01,2,1,1,200054781
201900012164,2019-04-25,2019,avril,jeudi,08:25,75,75101,48.860913,2.340849,2,2,3,1,1,4,-1,4,1,1,,,1,0,1,4,1,49,1,1,2,0,2,1,17,201900012164B01,10,1,1,200054781
201900012260,2019-04-18,2019,avril,jeudi,14:25,93,93050,48.856768,2.53014,2,1,2,1,1,3,3,4,1,1,,,1,0,1,4,1,67,0,2,,0,2,0,0,201900012260Y01,10,1,1,200054781
201900012288,2019-08-11,2019,août,dimanche,11:00,6,06150,43.746979,7.401424,2,1,3,1,1,3,2,2,2,1,,,1,0,1,4,1,67,5,1,2,0,2,1,17,201900012288B01,7,15,1,240600551
201900012291,2019-08-11,2019,août,dimanche,10:00,5,05029,44.642614,6.166022,1,1,2,1,1,3,2,2,1,1,,,1,0,1,3,1,71,5,1,2,0,0,4,2,201900012291B01,7,2,1,200068096
201900012301,2019-08-09,2019,août,vendredi,09:10,64,64160,43.3604473,-1.3826789,2,1,2,1,1,3,2,2,2,1,,,1,0,1,3,1,62,5,1,2,0,2,4,1,201900012301B01,7,1,1,200067106
201900012305,2019-08-08,2019,août,jeudi,17:30,43,43159,45.17178,4.285172,1,1,1,1,1,3,2,2,1,1,,,1,0,1,2,1,61,5,2,,0,2,1,0,201900012305B01,7,0,1,244300307
201900012354,2019-08-02,2019,août,vendredi,22:25,91,91659,48.591972,2.456704,2,1,3,5,1,4,2,2,4,1,,,1,0,1,4,1,13,5,2,,0,2,8,13,201900012354B01,7,17,1,200059228
201900012358,2019-08-10,2019,août,samedi,07:50,66,66037,42.70101,3.00968,2,6,3,1,1,3,1,2,1,2,,,1,5,1,3,1,45,5,1,2,0,0,5,1,201900012358B01,7,9,1,200027183
201900012360,2019-08-06,2019,août,mardi,11:10,66,66037,42.7052,3.006095,2,1,3,1,1,4,1,1,1,1,,,1,5,5,3,1,85,5,2,,0,2,0,2,201900012360B01,7,2,1,200027183
201900012361,2019-08-09,2019,août,vendredi,10:35,34,34344,43.560498,4.088044,2,1,3,1,1,4,2,3,1,1,,,1,6,1,3,2,53,5,2,,0,2,1,19,201900012361B01,7,1,1,243400470
201900012378,2019-08-10,2019,août,samedi,16:24,71,71440,46.919093,4.090304,1,1,3,1,1,3,3,2,2,1,,,1,0,1,3,1,60,5,1,2,0,2,3,26,201900012378A01,7,1,1,200070530
201900012381,2019-08-09,2019,août,vendredi,19:25,68,68351,48.016947,7.571852,1,6,7,2,1,3,4,1,2,2,,,1,9,1,2,1,57,1,2,,0,0,0,1,201900012381A01,,,,200066025
201900012401,2019-08-09,2019,août,vendredi,21:15,9,09194,43.089554,1.876135,2,2,3,5,1,4,2,2,1,1,,,1,0,1,2,1,76,5,2,,0,2,7,1,201900012401A01,1,5,1,200044469
201900012401,2019-08-09,2019,août,vendredi,21:15,9,09194,43.089554,1.876135,2,2,3,5,1,4,2,2,1,1,,,1,0,1,1,1,40,5,2,,0,2,1,5,201900012401B01,1,1,1,200044469
201900012406,2019-08-09,2019,août,vendredi,09:35,64,64067,43.2543467,-0.2973434,2,2,3,1,1,3,2,2,1,1,,,1,0,1,4,1,67,5,1,2,0,2,1,1,201900012406A01,7,15,1,246401756
201900012407,2019-08-08,2019,août,jeudi,19:20,40,40283,43.75131,-0.994871,2,1,1,1,1,4,2,2,2,3,,,1,0,1,3,2,53,5,2,,0,2,1,1,201900012407B01,7,13,1,244000675
201900012517,2019-06-15,2019,juin,samedi,12:01,57,57245,49.427426,6.289613,1,1,2,1,1,3,2,2,1,3,,,1,0,1,3,1,18,5,1,2,1,0,1,2,201900012517B01,7,2,1,245700695
201900012521,2019-06-02,2019,juin,dimanche,16:00,62,62899,50.889159,1.693959,1,1,3,1,1,3,2,2,2,1,,,1,0,1,3,2,54,5,2,,0,2,8,2,201900012521B01,7,17,1,246200380
201900012690,2019-07-05,2019,juillet,vendredi,18:20,68,68082,47.871429,7.351833,2,4,3,1,1,3,2,2,1,1,,,1,5,8,4,1,49,0,2,,0,0,6,1,201900012690B01,7,1,1,246800445
201900012691,2019-07-05,2019,juillet,vendredi,08:20,68,68258,47.836683,7.30611,2,1,7,1,1,3,2,2,1,1,,,1,0,5,4,1,21,1,1,2,12,0,0,1,201900012691A01,,,,200066009
201900012701,2019-07-04,2019,juillet,jeudi,14:30,35,35246,48.53482,-1.799947,1,1,3,1,7,3,2,2,2,3,,,1,0,3,4,1,49,5,1,2 / 6,0,2,3,2,201900012701B01,21,2,1,200070670
201900012704,2019-07-04,2019,juillet,jeudi,18:44,29,29260,48.421831,-4.623389,1,1,3,1,7,3,2,2,2,1,,,1,0,1,4,1,51,5,1,2,0,2,8,2,201900012704B01,10,2,1,242900074
201900012714,2019-07-05,2019,juillet,vendredi,10:50,15,15003,45.186803,2.310813,1,1,2,1,1,3,2,2,1,1,,,1,0,1,4,1,78,5,1,2 / 6,0,0,0,1,201900012714A01,1,1,1,241501139
201900012714,2019-07-05,2019,juillet,vendredi,10:50,15,15003,45.186803,2.310813,1,1,2,1,1,3,2,2,1,1,,,1,0,1,4,1,82,5,1,2 / 6,0,2,1,1,201900012714B01,1,1,1,241501139
201900012718,2019-07-06,2019,juillet,samedi,08:20,26,26113,44.754326,5.37096,2,3,6,1,1,4,1,-1,1,1,,,1,0,1,3,1,19,-1,1,2,0,1,0,5,201900012718A01,,,,242600534
201900012753,2019-07-06,2019,juillet,samedi,11:30,30,30280,43.934444,3.653328,1,1,3,1,1,3,2,2,2,3,,,1,0,1,3,1,48,5,1,2 / 6,0,2,8,1,201900012753A01,7,1,1,243000270
201900012778,2019-07-05,2019,juillet,vendredi,10:35,38,38550,45.088337,6.0355,1,1,1,1,1,3,2,2,2,3,,,1,0,1,3,1,54,5,1,2,0,2,1,1,201900012778A01,10,1,1,243800745
201900012779,2019-06-01,2019,juin,samedi,12:15,38,38191,45.082121,6.058571,1,1,7,1,1,4,2,2,2,1,,,1,0,1,4,1,42,5,1,2,0,0,0,1,201900012779A01,,,,243800745