Num_Acc,date,an,mois,jour,hrmn,dep,com,lat,long,agg,int,col,lum,atm,catr,circ,nbv,prof,plan,lartpc,larrout,surf,infra,situ,grav,sexe,age,trajet,secuexist,equipement,obs,obsm,choc,manv,vehiculeid,typevehicules,manoeuvehicules,numVehicules,_infos_commune.code_epci
201900012797,2019-07-04,2019,juillet,jeudi,09:00,77,77508,48.81778,2.86122,1,1,3,1,1,3,2,2,1,1,,,1,0,1,3,1,63,5,1,2,0,2,4,0,201900012797B01,7,0,1,247700339
201900012800,2019-07-04,2019,juillet,jeudi,20:00,77,77470,48.740265,2.758605,2,3,2,2,1,4,1,1,1,1,,,1,0,5,4,1,18,5,2,,0,0,4,0,201900012800B01,7,0,1,200023125
201900012814,2019-07-05,2019,juillet,vendredi,07:13,89,89037,47.970416,3.3437705,1,1,3,1,1,3,2,2,2,1,,,1,0,1,2,2,65,5,1,2,0,0,8,2,201900012814B01,15,2,1,248900938
201900012817,2019-07-06,2019,juillet,samedi,15:17,71,71512,46.638891,4.873961,2,3,1,1,1,4,2,2,2,1,,,1,0,1,3,1,11,5,2,,0,0,4,15,201900012817B01,7,17,1,247103765
201900012879,2019-11-21,2019,novembre,jeudi,18:15,75,75119,48.890996,2.376397,2,1,6,5,2,4,1,2,1,1,,,2,0,6,1,2,61,5,1,2,0,1,3,1,201900012879A01,,,,200054781
201900012883,2019-11-21,2019,novembre,jeudi,14:30,75,75116,48.854961,2.228796,2,1,1,1,1,4,2,3,1,3,,,1,0,5,1,1,68,3,1,2,0,2,1,5,201900012883A01,1,1,1,200054781
201900012883,2019-11-21,2019,novembre,jeudi,14:30,75,75116,48.854961,2.228796,2,1,1,1,1,4,2,3,1,3,,,1,0,5,4,1,64,5,1,2,0,2,1,1,201900012883B01,1,5,1,200054781
201900012889,2019-11-20,2019,novembre,mercredi,16:15,75,75115,48.829683,2.301758,2,4,3,1,1,4,2,2,1,1,,,1,0,1,4,2,30,0,1,2,0,2,1,18,201900012889B01,14,1,1,200054781
201900012890,2019-11-19,2019,novembre,mardi,12:00,75,75115,48.8487229,2.2852167,2,3,3,1,1,4,2,2,1,1,,,1,0,1,4,2,58,5,1,2,0,2,7,19,201900012890A01,7,15,1,200054781
201900012894,2019-11-21,2019,novembre,jeudi,10:23,75,75113,48.831105,2.344241,2,2,3,1,1,4,2,4,1,1,,,1,0,1,1,1,36,0,1,2,0,2,8,16,201900012894A01,33,1,1,200054781
201900012936,2019-11-22,2019,novembre,vendredi,08:45,47,47165,44.500206,0.001631,1,1,2,1,1,4,2,2,1,1,,,1,0,1,1,2,29,2,2,,0,0,4,2,201900012936B01,7,2,1,200030674
201900012936,2019-11-22,2019,novembre,vendredi,08:45,47,47165,44.500206,0.001631,1,1,2,1,1,4,2,2,1,1,,,1,0,1,3,2,3,5,2,,0,0,4,2,201900012936B01,7,2,1,200030674
201900012936,2019-11-22,2019,novembre,vendredi,08:45,47,47165,44.500206,0.001631,1,1,2,1,1,4,2,2,1,1,,,1,0,1,4,1,4,5,2,,0,0,4,2,201900012936B01,7,2,1,200030674
201900012958,2019-11-22,2019,novembre,vendredi,14:25,90,90041,47.719028,6.931505,1,4,3,1,1,3,2,2,1,1,,,1,0,1,3,1,42,5,1,2,0,2,3,1,201900012958B01,10,15,1,200069060
201900012975,2019-11-22,2019,novembre,vendredi,17:40,45,45082,47.860684,2.191274,2,1,3,3,1,3,-1,2,1,1,,,1,0,1,3,1,43,5,2,,0,0,8,0,201900012975A01,7,1,1,244500427
201900012988,2019-11-22,2019,novembre,vendredi,15:50,60,60317,49.3330532,2.3066279,1,3,3,1,1,3,2,2,1,1,,,1,5,1,4,1,67,5,1,2,0,2,1,0,201900012988B01,7,15,1,200067973
201900013004,2019-07-15,2019,juillet,lundi,05:15,75,75107,48.862315,2.301962,2,7,3,5,1,4,3,0,1,1,,,1,8,1,4,1,33,9,1,2,0,2,0,1,201900013004B01,7,1,1,200054781
201900013051,2019-12-17,2019,décembre,mardi,16:40,35,35206,48.039876,-1.683713,1,6,3,1,1,3,2,2,2,3,,,2,5,1,3,1,75,5,1,2 / 4,0,2,7,1,201900013051B01,7,9,1,243500139
201900013102,2019-12-31,2019,décembre,mardi,15:10,37,37122,47.3524895,0.6883621,2,1,6,1,5,4,1,1,1,1,,,1,5,5,4,1,32,5,2,,0,2,2,15,201900013102A01,7,9,1,243700754
201900013231,2019-09-13,2019,septembre,vendredi,07:55,85,85191,46.66473,-1.42375,2,6,3,1,1,3,-1,2,1,3,,,1,5,1,3,1,47,1,1,2,0,2,7,1,201900013231B01,7,0,1,248500589
201900013244,2019-09-12,2019,septembre,jeudi,18:05,71,71153,46.80979,4.43122,2,4,1,1,7,4,2,2,2,2,,,1,0,1,4,1,79,5,1,2,0,2,1,0,201900013244B01,10,15,1,247100290
201900013245,2019-09-12,2019,septembre,jeudi,15:33,71,71076,46.78808,4.86498,2,1,2,1,1,4,1,2,1,2,,,1,0,1,3,1,69,5,2,,0,2,1,1,201900013245B01,7,0,1,247100589
201900013333,2019-09-13,2019,septembre,vendredi,08:30,75,75120,48.8712234,2.4106896,2,4,3,1,1,4,2,4,1,1,,,1,9,1,4,2,47,0,1,2,0,2,6,19,201900013333B01,10,1,1,200054781
201900013334,2019-09-13,2019,septembre,vendredi,08:20,75,75120,48.8642975,2.3930598,2,1,1,1,8,4,2,2,2,1,,,1,0,1,4,1,46,0,1,2,0,2,1,9,201900013334A01,7,1,1,200054781
201900013341,2019-09-13,2019,septembre,vendredi,16:00,75,75115,48.835747,2.279887,2,1,6,1,1,4,1,3,1,1,,,1,8,5,4,2,28,5,1,2,12,0,8,14,201900013341A01,,,,200054781
201900013342,2019-09-13,2019,septembre,vendredi,09:35,75,75115,48.835206,2.2816935,2,1,6,1,1,4,3,2,1,1,,,1,0,5,4,2,64,1,1,2,12,0,1,14,201900013342A01,,,,200054781
201900013347,2019-09-13,2019,septembre,vendredi,20:00,75,75109,48.875259,2.332291,2,2,2,5,1,4,1,2,1,1,,,1,0,1,4,2,28,1,1,2,0,2,4,1,201900013347A01,33,1,1,200054781
201900013353,2019-09-12,2019,septembre,jeudi,19:45,75,75104,48.86096,2.349575,2,1,3,5,1,4,3,4,1,1,,,1,0,5,4,1,18,2,1,2,0,2,2,1,201900013353B01,7,15,1,200054781
201900013403,2019-03-18,2019,mars,lundi,11:35,75,75116,48.836658,2.255104,2,4,3,1,1,4,2,4,1,1,,,1,0,1,4,1,24,5,1,2,0,2,2,13,201900013403A01,31,1,1,200054781
201900013412,2019-03-18,2019,mars,lundi,00:01,75,75101,48.857242,2.347113,2,7,3,5,1,4,2,4,1,1,,,1,5,1,4,1,31,0,1,2,0,2,0,1,201900013412B01,7,1,1,200054781
201900013444,2019-03-16,2019,mars,samedi,18:05,1,01347,45.955253,4.754946,1,6,3,2,1,3,1,2,1,2,,,1,0,1,3,1,48,5,2,,0,2,7,12,201900013444A01,7,18,1,200042497
201900013452,2019-03-19,2019,mars,mardi,13:00,42,42302,45.485635,4.449517,2,3,3,1,1,3,2,2,2,1,,,1,0,1,3,1,54,5,1,2,0,2,1,1,201900013452B01,7,15,1,244200770
201900013460,2019-03-19,2019,mars,mardi,14:15,45,45175,47.749515,1.812234,2,6,3,1,1,3,2,2,1,2,,,1,5,1,4,1,60,5,1,2,0,2,1,1,201900013460B01,7,9,1,200005932
201900013461,2019-03-19,2019,mars,mardi,14:30,18,18281,47.188462,2.170385,1,1,7,1,1,3,4,2,2,1,,,9,8,1,3,1,73,5,1,2,0,0,0,26,201900013461A01,,,,200090561
201900013476,2019-03-19,2019,mars,mardi,12:05,62,62318,50.517308,1.640002,2,1,2,1,1,3,2,2,1,1,,,1,0,1,3,1,18,5,1,2,0,2,1,2,201900013476B01,7,2,1,200069029
201900013515,2019-03-16,2019,mars,samedi,22:10,76,76351,49.52306,0.10975,2,9,3,3,1,6,-1,-1,1,1,,,1,0,1,4,1,19,5,2,,0,2,3,1,201900013515A01,7,0,1,200084952
201900013516,2019-03-18,2019,mars,lundi,16:50,74,74012,46.19419,6.24006,2,1,3,1,1,4,1,0,1,1,,,1,0,1,4,1,37,0,1,2,0,2,7,19,201900013516A01,7,1,1,200011773
201900013550,2019-02-04,2019,février,lundi,11:30,66,66136,42.69016,2.90211,2,1,6,1,1,4,2,1,1,1,,,1,0,1,4,1,20,9,2,,0,2,1,1,201900013550B01,7,16,1,200027183
201900013565,2019-02-04,2019,février,lundi,08:40,56,56121,47.74503,-3.39005,2,3,3,2,2,4,2,2,1,1,,,2,0,1,4,1,21,0,1,2,0,2,8,19,201900013565B01,7,1,1,200042174
201900013634,2019-02-01,2019,février,vendredi,14:00,5,05061,44.55593,6.07582,2,3,3,1,3,2,2,3,1,1,,,2,0,1,4,1,22,4,1,2,0,2,1,1,201900013634B01,7,16,1,200067825
201900013645,2019-02-04,2019,février,lundi,13:50,75,75119,48.899077,2.386741,2,1,2,1,8,4,1,3,2,1,,,1,0,6,4,1,27,5,1,2,0,2,1,17,201900013645B01,10,4,1,200054781
201900013659,2019-02-05,2019,février,mardi,16:00,75,75111,48.851322,2.390992,2,1,3,1,1,4,2,2,1,1,,,1,0,1,4,2,70,0,1,2,0,2,5,1,201900013659B01,7,9,1,200054781
201900013682,2019-02-04,2019,février,lundi,17:10,11,11203,43.190359,2.754722,2,1,2,1,1,4,2,2,1,1,,,1,0,1,3,1,34,2,2,,0,2,4,1,201900013682B01,7,1,1,200035863
201900013685,2019-02-04,2019,février,lundi,18:30,62,62221,50.3826,2.4658548,1,1,2,3,9,3,2,2,1,1,,,2,0,1,3,1,48,5,2,,0,0,4,2,201900013685B01,7,0,1,200069482
201900013701,2019-02-04,2019,février,lundi,19:15,38,38130,45.353177,5.264841,2,9,2,1,1,3,2,2,1,1,,,1,0,1,3,1,17,5,2,,0,2,4,1,201900013701A01,7,0,1,200059392
201900013735,2019-10-15,2019,octobre,mardi,15:50,62,62178,50.482535,2.542203,2,6,3,1,1,4,1,1,1,2,,,1,0,1,4,1,34,3,2,,0,2,1,1,201900013735B01,7,9,1,200072460
201900013745,2019-10-16,2019,octobre,mercredi,18:40,44,44143,47.16915,-1.55124,2,6,3,1,8,4,-1,2,2,3,,,2,5,1,4,2,20,0,2,,0,2,1,1,201900013745B01,7,9,1,244400404
201900013772,2019-10-16,2019,octobre,mercredi,15:15,75,75110,48.883671,2.350383,2,1,6,1,2,4,3,2,1,1,,,2,0,5,1,1,27,0,1,2,0,1,1,1,201900013772A01,,,,200054781
201900013796,2019-10-15,2019,octobre,mardi,10:15,22,22091,48.623881,-3.191353,1,3,1,1,3,3,2,2,2,1,,,2,9,1,4,1,67,5,1,2,0,2,1,1,201900013796B01,3,15,1,200067981
201900013802,2019-10-15,2019,octobre,mardi,18:08,38,38188,45.143865,5.803231,1,4,3,2,2,4,2,2,2,3,,,2,0,1,4,1,11,5,1,2,0,2,1,16,201900013802B01,7,1,1,200040715
201900013825,2019-09-06,2019,septembre,vendredi,08:05,73,73065,45.5687457,5.9286014,2,1,2,1,1,4,2,2,1,1,,,1,0,1,4,1,13,0,1,2,0,2,1,2,201900013825A01,7,2,1,200069110
201900013880,2019-10-15,2019,octobre,mardi,04:10,91,91103,48.5788,2.30086,1,1,7,3,2,3,2,1,1,1,,,2,0,1,3,1,39,1,2,,8,0,1,1,201900013880A01,,,,200057859
201900013899,2019-04-21,2019,avril,dimanche,10:50,93,93008,48.9090075,2.472931,2,3,3,1,1,3,3,2,1,1,,,1,0,1,4,1,45,5,2,,0,2,8,15,201900013899B01,7,15,1,200054781
201900013964,2019-04-21,2019,avril,dimanche,13:00,2A,2A212,42.2604757,8.6819382,1,1,5,1,1,3,2,2,2,2,,,1,0,1,3,1,29,5,1,2,0,2,1,13,201900013964B01,7,1,1,200067049
201900013964,2019-04-21,2019,avril,dimanche,13:00,2A,2A212,42.2604757,8.6819382,1,1,5,1,1,3,2,2,2,2,,,1,0,1,3,1,37,5,1,2,0,2,1,13,201900013964A01,7,1,1,200067049
201900013975,2019-04-20,2019,avril,samedi,17:39,6,06060,43.762039,7.26064,2,1,1,1,1,7,2,2,2,1,,,1,0,1,3,1,37,5,1,2,0,2,1,1,201900013975A01,34,1,1,200030195
201900014016,2019-04-19,2019,avril,vendredi,19:10,42,42199,46.031544,3.92958,2,2,3,1,1,4,2,2,1,1,,,1,0,1,3,1,13,5,2,,0,2,1,19,201900014016B01,7,1,1,200035731
201900014082,2019-07-29,2019,juillet,lundi,17:30,63,63070,45.73349,3.06396,2,2,6,1,1,7,2,-1,2,3,,,1,0,1,4,1,39,9,2,,0,0,0,26,201900014082B01,7,0,1,246300701
201900014117,2019-08-01,2019,août,jeudi,17:43,87,87085,45.89439,1.28882,1,1,3,1,1,4,2,2,2,1,,,1,0,1,3,1,72,5,2,,0,2,8,25,201900014117A01,7,1,1,248719312
201900014140,2019-08-05,2019,août,lundi,17:37,64,64445,43.30813,-0.37648,2,3,3,1,1,4,2,2,1,1,,,1,0,1,4,1,66,5,1,2,0,2,3,2,201900014140B01,7,16,1,200067254
201900014166,2019-08-03,2019,août,samedi,09:00,41,41018,47.60019,1.3197,2,2,3,1,1,4,4,3,1,1,,,1,5,1,2,2,72,0,2,,0,2,7,19,201900014166B01,7,15,1,200030385
201900014168,2019-08-03,2019,août,samedi,19:05,39,39300,46.68,5.55545,2,1,3,1,1,4,2,2,2,2,,,1,0,1,3,1,14,5,1,2,0,2,3,19,201900014168B01,7,1,1,200071116
201900014174,2019-08-06,2019,août,mardi,08:45,34,34172,43.624364,3.8365041,2,1,1,1,1,4,2,-1,1,1,,,1,0,1,4,1,46,5,1,2,0,2,1,1,201900014174B01,80,15,1,243400017
201900014188,2019-08-05,2019,août,lundi,23:00,27,27681,49.07598,1.507738,2,1,6,5,1,4,-1,1,2,1,,,1,0,1,3,1,36,0,2,,6,0,2,26,201900014188A01,,,,200072312
201900014191,2019-08-04,2019,août,dimanche,10:35,26,26198,44.537141,4.764337,2,6,3,1,1,3,1,1,1,2,,,1,9,1,3,1,85,5,2,,0,2,1,1,201900014191B01,7,1,1,200040459
201900014226,2019-08-04,2019,août,dimanche,13:15,5,05023,44.8985,6.6287,2,1,3,1,1,2,2,2,1,3,,,1,2,1,4,1,17,5,1,2,0,2,1,2,201900014226B01,33,13,1,240500439
201900014232,2019-08-05,2019,août,lundi,20:44,75,75101,48.8630797,2.3232082,2,1,7,2,1,4,1,3,1,1,,,1,0,1,3,2,20,5,1,2,0,0,7,1,201900014232A01,,,,200054781
201900014234,2019-08-06,2019,août,mardi,16:30,75,75119,48.8777771,2.4081677,2,7,3,1,3,4,2,2,1,1,,,2,5,1,4,1,48,5,1,2,0,2,7,19,201900014234B01,10,16,1,200054781
201900014235,2019-08-05,2019,août,lundi,10:40,75,75120,48.8513042,2.4118916,2,2,3,1,1,4,2,2,1,1,,,1,0,1,4,1,33,4,1,2,0,2,2,1,201900014235A01,7,15,1,200054781
201900014241,2019-08-04,2019,août,dimanche,16:10,75,75117,48.8866,2.304373,2,1,3,1,1,4,2,4,1,1,,,1,0,1,4,1,18,0,1,2,0,2,1,1,201900014241B01,7,22,1,200054781
201900014245,2019-08-04,2019,août,dimanche,19:35,75,75114,48.823993,2.322337,2,1,6,1,1,4,3,2,1,1,,,1,0,5,4,1,70,5,1,2,0,2,1,1,201900014245A01,1,5,1,200054781
201900014252,2019-08-06,2019,août,mardi,08:30,75,75111,48.8557651,2.3913253,2,2,3,1,1,4,2,2,2,1,,,1,5,1,4,2,60,0,1,2,0,2,1,17,201900014252A01,31,15,1,200054781
201900014442,2019-07-05,2019,juillet,vendredi,10:25,33,33435,44.563575,-0.244083,1,6,3,1,7,3,2,4,1,1,,,1,0,1,3,1,45,5,2,,0,2,1,13,201900014442B01,7,1,1,200043974
201900014443,2019-07-06,2019,juillet,samedi,09:36,33,33227,44.54398,-0.2577,2,1,3,1,1,3,2,5,1,1,,,1,0,1,3,1,55,5,2,,0,2,2,19,201900014443B01,7,2,1,200043974
201900014502,2019-07-01,2019,juillet,lundi,08:42,41,41018,47.57735,1.33964,2,1,3,1,1,4,2,-1,1,1,,,1,0,1,4,1,11,2,2,,0,2,1,9,201900014502B01,37,1,1,200030385
201900014526,2019-06-17,2019,juin,lundi,16:25,78,78092,48.867689,2.141573,2,1,3,1,1,3,3,4,1,1,,,1,0,1,3,1,37,1,2,,0,2,6,3,201900014526U01,15,1,1,247800584
201900014532,2019-07-02,2019,juillet,mardi,15:15,72,72181,47.99466,0.21618,2,6,1,1,1,4,2,2,1,1,,,1,0,1,4,1,44,0,2,,0,2,1,5,201900014532A01,7,16,1,247200132
201900014554,2019-07-03,2019,juillet,mercredi,15:00,45,45234,47.8199983,1.9299131,2,1,6,1,1,4,3,4,1,1,,,1,0,1,4,1,85,5,2,,1,0,1,1,201900014554A01,,,,244500468
201900014556,2019-07-03,2019,juillet,mercredi,12:00,44,44162,47.2233,-1.61267,2,1,6,1,1,7,2,0,1,1,,,1,0,1,1,1,42,0,2,,0,0,0,0,201900014556B01,37,26,1,244400404
201900014558,2019-05-05,2019,mai,dimanche,17:10,44,44109,47.20118,-1.54601,2,1,6,1,1,4,2,0,1,1,,,1,0,1,3,1,37,5,1,2,1,0,0,1,201900014558B01,7,22,1,244400404
201900014574,2019-07-02,2019,juillet,mardi,08:38,14,14118,49.19224,-0.37495,2,1,7,1,1,4,2,-1,1,1,,,1,0,1,4,1,50,-1,2,,0,0,1,1,201900014574A01,,,,200065597
201900014660,2019-11-20,2019,novembre,mercredi,17:44,45,45286,47.8910802,1.9210049,2,1,3,5,1,4,2,3,1,1,,,1,0,5,4,1,29,5,2,,0,2,1,1,201900014660B01,7,16,1,244500468
201900014666,2019-11-20,2019,novembre,mercredi,19:20,37,37261,47.38378,0.67284,2,1,6,3,1,4,2,2,1,1,,,1,0,1,3,1,54,1,1,2,1,0,1,1,201900014666B01,7,24,1,243700754
201900014739,2019-11-20,2019,novembre,mercredi,17:55,88,88250,48.119658,6.574969,1,1,2,3,5,3,2,2,1,1,,,1,0,1,3,1,49,0,1,9,0,0,4,2,201900014739B01,7,2,1,200068757
201900014756,2019-11-20,2019,novembre,mercredi,13:45,1,01376,45.836544,4.982859,2,2,3,1,1,4,-1,2,1,1,,,1,0,1,4,1,12,5,2,,0,2,1,26,201900014756B01,33,1,1,240100800
201900014821,2019-12-31,2019,décembre,mardi,09:30,34,34164,43.749117,3.958736,2,2,1,1,1,3,2,2,1,1,,,1,0,1,3,1,80,5,1,2 / 4,0,2,1,1,201900014821B01,7,1,1,243400017
201900014908,2019-12-30,2019,décembre,lundi,17:30,75,75119,48.872677,2.37641,2,1,3,5,1,4,3,1,1,1,,,1,0,1,4,1,27,0,1,2,0,2,7,19,201900014908B01,33,1,1,200054781
201900014909,2019-12-30,2019,décembre,lundi,09:10,75,75115,48.8326491,2.2814197,2,1,3,1,1,4,2,5,1,1,,,1,2,5,1,1,24,1,1,2,0,2,1,1,201900014909B01,31,15,1,200054781
201900014911,2019-12-30,2019,décembre,lundi,18:35,75,75111,48.855703,2.378706,2,2,6,5,1,4,1,1,1,1,,,1,0,5,4,2,30,0,1,2,0,2,8,1,201900014911B01,7,16,1,200054781
201900014912,2019-12-30,2019,décembre,lundi,14:12,75,75108,48.867787,2.313851,2,7,3,1,1,4,2,8,1,1,,,1,0,1,4,1,49,1,1,2,0,2,8,1,201900014912B01,7,15,1,200054781
201900014913,2019-12-30,2019,décembre,lundi,12:27,75,75108,48.879483,2.321849,2,5,3,1,1,4,2,2,1,1,,,1,0,1,4,1,26,4,1,2,0,2,1,5,201900014913A01,30,1,1,200054781
201900014914,2019-12-30,2019,décembre,lundi,20:30,75,75110,48.869685,2.352662,2,3,3,5,1,4,2,3,1,1,,,1,0,5,4,1,24,0,1,2,0,2,0,1,201900014914B01,7,14,1,200054781
201900014989,2019-03-18,2019,mars,lundi,20:10,75,75114,48.83274,2.311537,2,2,3,5,1,4,2,2,1,1,,,1,0,5,4,1,28,2,1,2,0,2,2,1,201900014989B01,7,16,1,200054781
201900014991,2019-03-18,2019,mars,lundi,10:30,75,75111,48.866933,2.374542,2,3,6,1,1,4,1,2,1,1,,,1,0,1,4,2,28,4,1,2,0,1,1,1,201900014991A01,,,,200054781
201900014992,2019-03-18,2019,mars,lundi,17:50,75,75110,48.868517,2.363015,2,7,3,1,1,4,2,4,1,1,,,1,0,1,4,1,30,1,1,2,0,2,3,1,201900014992B01,30,5,1,200054781
201900015052,2019-03-19,2019,mars,mardi,10:45,67,67065,48.5709538,7.5834201,1,3,3,1,1,7,2,2,3,2,,,1,5,1,2,1,70,5,1,2,0,2,0,15,201900015052B01,10,1,1,246700488
201900015098,2019-03-17,2019,mars,dimanche,18:15,45,45234,47.9067135,1.8888915,2,1,3,1,1,4,2,2,1,1,,,1,0,1,4,1,13,0,2,,0,2,8,13,201900015098A01,7,2,1,244500468
201900015102,2019-03-15,2019,mars,vendredi,09:00,34,34172,43.61894,3.91358,2,6,3,1,1,4,1,2,1,1,,,1,0,1,4,2,26,0,2,,0,2,8,19,201900015102A01,7,1,1,243400017
201900015115,2019-03-17,2019,mars,dimanche,21:15,75,75118,48.884678,2.32942,2,3,6,5,1,4,1,3,1,1,,,1,0,1,4,1,48,9,2,,0,2,0,0,201900015115B01,7,0,1,200054781
201900015157,2019-03-08,2019,mars,vendredi,17:20,45,45224,48.089295,2.040394,1,1,6,1,3,3,2,2,1,1,,,2,0,1,3,1,64,9,2,,0,2,0,1,201900015157B01,7,17,1,244500484
201900015195,2019-09-13,2019,septembre,vendredi,16:20,56,56186,47.475115,-3.102291,2,1,2,1,1,4,2,2,2,2,,,1,0,5,4,1,79,5,2,,0,2,1,1,201900015195B01,7,20,1,200043123
201900015234,2019-09-10,2019,septembre,mardi,18:10,38,38537,45.636757,5.142649,2,1,3,1,1,3,2,2,1,1,,,1,0,1,3,1,50,1,2,,0,9,7,1,201900015234B01,7,22,1,243800604
201900015237,2019-09-07,2019,septembre,samedi,11:15,76,76610,49.61849,0.787695,2,1,3,1,1,4,2,2,1,1,,,1,0,1,4,1,19,1,2,,0,2,1,9,201900015237A01,7,1,1,247600620
201900015293,2019-09-12,2019,septembre,jeudi,11:40,64,64132,43.29139,-0.35785,2,1,6,1,1,4,2,0,1,1,,,1,0,1,4,1,19,1,2,,1,0,0,13,201900015293B01,7,24,1,200067254
201900015308,2019-09-12,2019,septembre,jeudi,11:25,50,50129,49.63817,-1.62522,2,2,3,1,1,4,2,2,1,1,,,1,0,1,4,2,47,5,2,,0,2,1,1,201900015308A01,7,1,1,200067205
201900015442,2019-01-16,2019,janvier,mercredi,13:20,75,75112,48.842596,2.385076,2,1,3,1,1,4,2,2,1,1,,,1,9,1,4,1,19,4,1,2,0,2,1,1,201900015442B01,7,16,1,200054781
201900015444,2019-01-16,2019,janvier,mercredi,11:50,75,75109,48.876309,2.333465,2,1,2,1,1,4,2,3,1,1,,,1,0,1,4,2,45,0,1,2,0,2,4,1,201900015444A01,7,16,1,200054781
201900015455,2019-01-16,2019,janvier,mercredi,19:15,62,62649,50.146637,2.475241,1,1,3,3,2,3,2,2,1,1,,,2,0,1,4,1,14,5,2,,0,2,8,1,201900015455A01,7,1,1,200069482
201900015496,2019-01-31,2019,janvier,jeudi,15:00,69,69386,45.77452,4.84625,2,2,3,1,2,4,1,1,1,1,,,2,0,1,4,2,30,5,2,,0,2,8,19,201900015496B01,7,1,1,200046977
201900015560,2019-10-14,2019,octobre,lundi,12:20,69,69275,45.76903,4.95117,2,8,3,1,1,4,2,2,1,1,,,1,4,6,4,1,12,2,2,,0,4,8,9,201900015560B01,40,1,1,200046977
201900015636,2019-10-09,2019,octobre,mercredi,13:05,50,50173,49.65045,-1.6494,2,1,6,1,2,4,2,2,1,1,,,2,0,1,4,1,17,5,2,,1,0,0,0,201900015636A01,,,,
201900015648,2019-10-16,2019,octobre,mercredi,01:12,44,44109,47.22893,-1.56221,2,2,1,5,3,4,2,0,1,1,,,2,0,1,4,1,34,0,2,,0,2,1,1,201900015648A01,7,15,1,244400404
201900015650,2019-10-14,2019,octobre,lundi,21:15,44,44109,47.21208,-1.54237,2,1,1,5,1,4,2,0,1,1,,,2,0,1,4,1,22,0,2,,0,2,7,1,201900015650B01,7,9,1,244400404
201900015694,2019-10-31,2019,octobre,jeudi,17:50,26,26362,44.92738,4.89248,2,3,6,5,1,4,2,2,1,1,,,2,0,1,4,1,15,5,2,,0,2,1,1,201900015694B01,7,15,1,200068781
201900015697,2019-10-10,2019,octobre,jeudi,19:00,22,22360,48.488928,-2.75788,2,1,2,3,1,4,-1,2,1,1,,,1,0,1,3,2,48,0,1,2,0,2,5,2,201900015697A01,7,0,1,200069409
201900015719,2019-04-23,2019,avril,mardi,10:00,76,76177,49.596146,1.198242,1,1,2,1,1,3,2,2,1,1,,,1,0,1,2,1,67,5,2,,0,2,5,0,201900015719B01,7,17,1,200070449
201900015727,2019-04-19,2019,avril,vendredi,15:45,80,80680,49.831266,2.723844,1,2,3,1,7,3,2,2,1,1,,,1,0,1,3,1,56,0,1,2 / 6,0,2,7,1,201900015727B01,10,19,1,200070928
201900015736,2019-04-19,2019,avril,vendredi,15:20,82,82134,44.074541,1.529635,2,6,3,1,1,3,2,2,1,2,,,1,5,1,3,1,67,5,2,,0,2,8,0,201900015736B01,7,16,1,200066884
201900015741,2019-04-29,2019,avril,lundi,19:50,33,33459,44.85589,-0.11986,2,3,3,2,7,3,2,2,1,2,,,1,5,1,3,1,38,1,2,,0,2,3,1,201900015741B01,7,15,1,200035533
201900015760,2019-04-29,2019,avril,lundi,07:50,89,89034,47.8233688,3.7550503,1,1,2,1,1,3,4,3,1,3,,,1,0,1,2,1,72,5,1,2 / 4,0,0,4,1,201900015760B01,10,1,1,200067080
201900015773,2019-04-28,2019,avril,dimanche,15:15,46,46268,44.488543,1.631882,1,1,2,1,1,3,2,2,1,1,,,1,0,1,2,1,58,5,2,,0,0,4,1,201900015773B01,7,17,1,200023737
201900015800,2019-04-26,2019,avril,vendredi,16:30,44,44188,47.025093,-1.641115,1,1,3,1,1,4,2,2,1,3,,,1,0,1,3,1,16,3,2,,0,2,1,15,201900015800B01,7,1,1,244400438
201900015801,2019-04-25,2019,avril,jeudi,22:15,44,44169,47.252601,-1.376642,1,1,2,3,2,3,2,2,1,1,,,2,0,1,2,1,55,1,1,2 / 4,0,2,4,2,201900015801B01,7,2,1,200067866
201900015825,2019-04-20,2019,avril,samedi,18:00,2,02680,49.582361,3.410341,1,2,3,1,1,3,2,2,1,1,,,1,0,1,4,1,33,5,2,,0,0,1,9,201900015825A01,7,1,1,200071785
201900015845,2019-04-21,2019,avril,dimanche,19:30,70,70427,47.749204,5.999041,2,2,1,1,1,3,2,2,2,1,,,1,0,1,3,1,14,5,2,,0,2,8,5,201900015845A01,7,1,1,200041879
201900015847,2019-04-17,2019,avril,mercredi,17:15,26,26272,44.493181,4.875217,1,1,1,1,1,3,2,2,2,3,,,1,0,1,3,1,49,5,1,2,0,2,1,1,201900015847B01,7,15,1,200040459
201900015853,2019-04-21,2019,avril,dimanche,17:40,66,66053,42.526543,3.058734,1,1,7,1,1,4,2,2,2,1,,,1,0,1,3,1,29,5,1,2,16,0,0,1,201900015853A01,,,,200043602