Num_Acc,date,an,mois,jour,hrmn,dep,com,lat,long,agg,int,col,lum,atm,catr,circ,nbv,prof,plan,lartpc,larrout,surf,infra,situ,grav,sexe,age,trajet,secuexist,equipement,obs,obsm,choc,manv,vehiculeid,typevehicules,manoeuvehicules,numVehicules,_infos_commune.code_epci
201900015864,2019-04-23,2019,avril,mardi,16:08,6,06038,43.674265,6.97368,2,1,2,1,3,3,3,2,1,1,,,2,0,1,4,1,39,5,1,2,0,2,4,1,201900015864A01,7,1,1,240600585
201900015881,2019-04-20,2019,avril,samedi,14:10,50,50484,48.535972,-1.17111,1,1,3,1,1,3,2,2,1,1,,,1,0,1,3,1,11,5,2,,0,2,3,9,201900015881B01,7,1,1,200069425
201900015885,2019-04-27,2019,avril,samedi,05:00,90,90023,47.699659,6.834972,1,1,1,3,3,3,2,2,1,1,,,2,0,1,2,1,62,0,2,,0,2,1,1,201900015885C01,7,17,1,200069060
201900015893,2019-04-23,2019,avril,mardi,08:10,60,60155,49.258949,2.332541,2,9,3,1,1,3,2,2,1,1,,,1,9,1,2,1,5,2,2,,0,2,2,19,201900015893B01,15,26,1,200067973
201900015898,2019-08-05,2019,août,lundi,11:15,75,75110,48.8725499,2.3632908,2,3,2,1,1,4,2,2,1,1,,,1,0,1,4,1,18,9,1,2,0,2,1,2,201900015898B01,10,2,1,200054781
201900015941,2019-08-04,2019,août,dimanche,17:10,62,62550,50.371441,2.029214,2,6,3,1,1,3,2,2,1,2,,,1,5,1,4,2,30,5,1,2,0,9,1,15,201900015941B01,7,6,1,200044030
201900015952,2019-08-05,2019,août,lundi,06:05,33,33221,44.56422,0.043441,1,1,2,3,1,3,2,2,1,1,,,1,0,1,2,1,62,9,2,,0,2,4,1,201900015952B01,7,1,1,200044394
201900015985,2019-08-07,2019,août,mercredi,08:00,74,74267,45.843477,6.151163,2,1,3,1,2,3,2,2,1,1,,,2,6,1,3,1,81,5,2,,0,0,8,19,201900015985B01,7,1,1,200066793
201900015995,2019-06-16,2019,juin,dimanche,17:10,65,65032,42.961308,-0.245958,1,1,5,1,1,3,2,2,2,1,,,1,0,1,4,2,47,5,1,2,0,2,1,5,201900015995B01,33,1,1,200070811
201900015995,2019-06-16,2019,juin,dimanche,17:10,65,65032,42.961308,-0.245958,1,1,5,1,1,3,2,2,2,1,,,1,0,1,3,1,52,5,1,2,0,2,1,5,201900015995A01,33,1,1,200070811
201900016019,2019-07-29,2019,juillet,lundi,15:40,29,29028,48.047459,-4.646627,1,1,7,1,1,3,2,2,4,3,,,1,0,1,3,1,14,5,1,2,0,0,8,1,201900016019A01,,,,242900629
201900016022,2019-08-07,2019,août,mercredi,09:25,84,84009,43.785219,5.625915,1,6,2,1,1,3,2,2,1,2,,,1,0,1,3,1,71,5,1,2,0,2,4,1,201900016022B01,7,1,1,248400285
201900016024,2019-08-06,2019,août,mardi,10:35,1,01038,46.305544,5.249783,1,1,2,1,1,4,2,2,1,1,,,1,0,1,3,2,72,5,1,2,0,2,4,1,201900016024B01,7,17,1,200071751
201900016027,2019-08-05,2019,août,lundi,04:50,26,26213,45.288534,4.984168,1,1,3,3,1,3,2,2,2,1,,,1,0,1,4,1,32,1,2,,0,0,8,1,201900016027A01,7,0,1,200040491
201900016035,2019-08-07,2019,août,mercredi,16:13,50,50551,49.383541,-1.540442,2,1,2,1,7,3,2,2,2,1,,,1,0,1,2,1,59,5,1,2,0,0,4,2,201900016035B01,7,2,1,200067205
201900016047,2019-06-24,2019,juin,lundi,12:15,40,40150,43.87176,-1.299832,2,6,2,1,1,3,1,1,1,2,,,1,9,1,3,2,53,5,2,,0,2,5,12,201900016047B01,7,9,1,244000857
201900016053,2019-08-06,2019,août,mardi,05:35,37,37250,47.257989,0.694458,1,1,3,3,1,4,2,2,1,1,,,1,0,1,4,1,37,1,2,,0,2,1,1,201900016053A01,7,15,1,200072650
201900016067,2019-08-05,2019,août,lundi,12:08,68,68278,47.751407,7.390264,2,1,6,1,1,4,2,2,1,1,,,1,9,5,3,1,70,5,2,,0,0,0,26,201900016067A01,,,,200066009
201900016075,2019-08-07,2019,août,mercredi,08:45,77,77420,49.04277,2.68142,1,1,2,1,1,3,2,2,2,1,,,1,0,1,3,1,60,5,2,,0,2,4,14,201900016075B01,7,17,1,200055655
201900016118,2019-07-02,2019,juillet,mardi,19:30,1,01419,46.226416,5.97012,2,2,3,1,1,3,2,2,1,1,,,1,0,1,3,1,45,0,1,2,0,2,1,1,201900016118B01,7,15,1,240100750
201900016133,2019-07-03,2019,juillet,mercredi,10:00,68,68150,48.040467,7.269041,1,1,7,1,1,4,2,2,2,3,,,1,0,1,4,1,18,5,1,2 / 6,0,0,2,1,201900016133A01,,,,246800494
201900016141,2019-07-02,2019,juillet,mardi,16:25,50,50219,49.065321,-1.467386,1,1,2,1,1,3,1,2,1,1,,,1,0,1,3,1,45,5,1,2,0,0,4,2,201900016141B01,7,2,1,200067023
201900016142,2019-07-04,2019,juillet,jeudi,08:30,83,83032,43.470901,6.200759,1,1,1,1,1,3,2,2,1,3,,,1,0,1,3,1,68,5,1,2,0,2,1,1,201900016142B01,7,15,1,200068104
201900016149,2019-06-30,2019,juin,dimanche,17:30,973,97303,5.4839991,-53.2779408,1,1,2,1,1,2,-1,2,1,1,,,1,0,1,3,1,16,5,2,,0,2,4,0,201900016149B01,7,1,1,200027548
201900016158,2019-07-03,2019,juillet,mercredi,09:30,19,19098,45.1832,1.814272,1,1,7,1,1,4,2,2,4,4,,,1,0,3,3,1,80,5,2,,0,0,1,0,201900016158A01,,,,241927201
201900016159,2019-05-31,2019,mai,vendredi,17:40,17,17225,45.694162,-1.173656,2,3,3,1,1,4,2,2,1,1,,,1,5,1,4,1,65,5,1,2 / 6 / 4,0,2,2,1,201900016159A01,7,15,1,241700640
201900016160,2019-07-03,2019,juillet,mercredi,22:15,17,17121,46.198334,-1.42626,2,9,3,2,1,3,3,2,1,1,,,1,9,1,3,2,18,5,2,,0,2,7,6,201900016160B01,7,1,1,241700459
201900016168,2019-07-03,2019,juillet,mercredi,11:15,91,91377,48.7227,2.27612,1,1,2,1,1,3,1,3,2,1,,,1,0,3,4,1,67,0,2,,0,2,4,1,201900016168B01,7,9,1,200056232
201900016182,2019-07-01,2019,juillet,lundi,19:39,63,63113,45.7771233,3.0815499,2,1,6,1,1,4,-1,2,1,1,,,1,9,1,4,1,37,0,2,,8,0,0,1,201900016182A01,,,,246300701
201900016195,2019-07-03,2019,juillet,mercredi,00:20,69,69387,45.74781,4.83308,2,1,7,5,1,7,-1,0,1,1,,,1,6,1,4,1,36,5,2,,0,0,1,0,201900016195A01,,,,200046977
201900016224,2019-06-28,2019,juin,vendredi,22:40,67,67482,48.58196,7.71277,2,1,6,5,1,4,2,2,1,1,,,1,0,1,4,2,5,5,2,,0,2,1,19,201900016224B01,7,16,1,246700488
201900016226,2019-07-01,2019,juillet,lundi,23:00,66,66136,42.69686,2.88204,2,1,1,5,1,4,1,2,1,1,,,1,0,1,4,1,17,5,2,,0,2,1,1,201900016226B01,7,16,1,200027183
201900016232,2019-07-02,2019,juillet,mardi,08:45,61,61006,48.748944,-0.011912,2,3,3,1,1,3,2,4,1,1,,,1,0,5,4,1,24,1,1,2,0,2,1,1,201900016232B01,7,15,1,200068450
201900016289,2019-05-01,2019,mai,mercredi,08:40,50,50218,48.837567,-1.543314,1,1,7,1,1,3,2,2,1,1,,,1,0,1,4,1,65,5,1,2,0,0,1,1,201900016289A01,,,,200042604
201900016296,2019-05-09,2019,mai,jeudi,14:55,41,41295,47.58167,1.36655,2,1,7,1,1,9,-1,1,1,1,,,1,0,1,3,1,20,5,1,2,0,0,1,1,201900016296A01,,,,200030385
201900016304,2019-05-13,2019,mai,lundi,08:55,22,22278,48.512272,-2.754194,2,1,3,1,1,4,2,3,1,1,,,1,2,1,4,2,37,1,1,2,1,0,1,1,201900016304B01,7,23,1,200069409
201900016369,2019-05-29,2019,mai,mercredi,16:35,988,98818,-22.2259,166.48075,1,1,3,1,1,4,2,2,2,1,,,1,0,1,4,2,41,0,1,2,0,2,8,1,201900016369B01,10,16,1,
201900016385,2019-05-10,2019,mai,vendredi,13:30,988,98818,-22.27606,166.44389,2,1,7,1,1,4,2,2,4,1,,,1,0,1,3,1,39,0,2,,8,0,1,1,201900016385A01,,,,
201900016388,2019-05-06,2019,mai,lundi,08:30,988,98818,-22.30175,166.4358,2,1,6,1,1,4,2,4,1,1,,,1,0,1,4,2,51,5,1,2,14,0,1,26,201900016388A01,,,,
201900016391,2019-05-02,2019,mai,jeudi,04:45,988,98818,-22.25061,166.4637,1,1,6,5,1,4,2,2,4,1,,,1,0,1,4,1,33,1,2,,14,2,3,21,201900016391B01,,,,
201900016428,2019-11-17,2019,novembre,dimanche,11:10,72,72181,48.00999,0.20151,2,1,3,1,1,4,3,2,2,1,,,1,0,1,4,1,38,0,1,2,0,2,6,2,201900016428B01,7,2,1,247200132
201900016477,2019-11-19,2019,novembre,mardi,16:20,75,75118,48.895835,2.345836,2,7,1,1,1,4,1,2,1,1,,,1,0,1,4,1,48,9,1,2,0,2,1,5,201900016477B01,10,1,1,200054781
201900016625,2019-12-29,2019,décembre,dimanche,06:20,75,75119,48.884383,2.369195,2,2,6,5,1,4,3,2,1,2,,,1,0,5,4,1,19,0,1,2,0,2,3,1,201900016625A01,7,16,1,200054781
201900016631,2019-12-29,2019,décembre,dimanche,10:15,75,75115,48.841487,2.30795,2,2,6,1,1,4,1,3,1,1,,,1,0,1,1,1,55,5,1,2,0,1,1,16,201900016631A01,,,,200054781
201900016634,2019-12-29,2019,décembre,dimanche,15:25,75,75112,48.846352,2.378079,2,1,2,1,1,4,2,4,1,1,,,1,0,1,4,1,32,0,1,2,0,2,1,2,201900016634A01,7,23,1,200054781
201900016642,2019-12-29,2019,décembre,dimanche,20:50,93,93001,48.91089,2.38508,2,1,3,5,1,3,2,2,1,1,,,1,0,1,4,1,31,5,2,,0,2,0,0,201900016642V01,7,2,1,200054781
201900016659,2019-12-30,2019,décembre,lundi,09:45,59,59074,50.092755,3.439534,2,1,2,1,7,3,2,2,1,1,,,1,0,1,3,1,50,5,2,,0,2,4,2,201900016659B01,13,2,1,200030633
201900016664,2019-12-27,2019,décembre,vendredi,17:20,2B,2B050,42.563694,8.742092,2,1,3,3,1,3,2,2,1,1,,,1,0,1,4,1,45,5,1,6 / 2,0,2,1,2,201900016664B01,2,18,1,242020105
201900016669,2019-12-28,2019,décembre,samedi,10:15,49,49323,47.520661,-0.466462,2,6,3,1,1,4,-1,2,1,4,,,2,0,1,3,1,74,5,2,,0,2,2,1,201900016669B01,7,16,1,244900015
201900016671,2019-12-30,2019,décembre,lundi,16:24,1,01034,45.758036,5.705912,1,6,3,1,1,3,2,2,2,3,,,1,5,1,3,2,54,5,2,,0,2,0,18,201900016671B01,14,16,1,200040350
201900016725,2019-12-28,2019,décembre,samedi,14:35,34,34172,43.620998,3.848825,2,3,3,1,1,4,2,2,1,1,,,1,0,1,4,1,29,5,2,,0,2,8,15,201900016725A01,7,1,1,243400017
201900016737,2019-12-28,2019,décembre,samedi,17:40,75,75113,48.8234,2.375032,2,3,3,5,1,4,2,2,2,1,,,1,0,5,4,1,32,5,1,2,0,2,1,1,201900016737B01,7,16,1,200054781
201900016740,2019-12-28,2019,décembre,samedi,00:01,75,75110,48.872859,2.359128,2,1,3,5,1,4,2,4,1,1,,,1,0,6,4,1,31,5,1,2,0,2,1,7,201900016740B01,7,14,1,200054781
201900016800,2019-03-18,2019,mars,lundi,08:40,38,38565,45.269736,5.652931,1,1,3,1,1,3,2,2,1,1,,,1,0,5,4,2,55,1,2,,0,2,1,1,201900016800B01,7,1,1,243800984
201900016864,2019-03-16,2019,mars,samedi,08:20,69,69388,45.7391,4.85977,2,3,3,1,1,4,3,6,1,1,,,1,9,1,4,1,45,0,2,,0,2,5,26,201900016864B01,7,16,1,200046977
201900016879,2019-03-14,2019,mars,jeudi,18:30,69,69152,45.69744,4.82125,2,1,6,5,2,4,-1,2,1,1,,,2,0,1,4,1,28,1,2,,0,6,1,26,201900016879B01,7,22,1,
201900016882,2019-03-14,2019,mars,jeudi,08:30,69,69385,45.75703,4.82109,2,1,7,1,1,7,2,2,2,1,,,1,0,2,4,1,54,1,1,2 / 6,0,0,1,1,201900016882A01,,,,200046977
201900016921,2019-03-13,2019,mars,mercredi,17:45,67,67482,48.582888,7.740798,2,1,6,1,2,4,2,3,1,1,,,2,8,1,4,1,26,5,1,2,0,1,1,1,201900016921A01,,,,246700488
201900016926,2019-03-15,2019,mars,vendredi,15:25,65,65440,43.221,0.0612,2,6,3,1,1,2,3,4,1,1,,,1,0,1,3,1,52,1,1,2,0,2,3,2,201900016926B01,10,15,1,200069300
201900017002,2019-01-31,2019,janvier,jeudi,08:45,42,42187,46.04667,4.07436,2,1,6,1,1,4,2,2,1,1,,,1,0,1,4,2,61,1,2,,1,0,1,1,201900017002B01,7,24,1,200035731
201900017054,2019-01-10,2019,janvier,jeudi,13:47,22,22187,48.5345899,-2.7523733,2,1,2,1,1,4,4,2,1,1,,,1,0,1,4,1,62,5,2,,0,2,4,1,201900017054B01,7,1,1,200069409
201900017111,2019-09-12,2019,septembre,jeudi,19:45,75,75116,48.864037,2.234237,2,1,3,1,1,4,1,2,1,3,,,1,0,5,4,1,35,5,1,2,0,2,8,1,201900017111B01,7,14,1,200054781
201900017118,2019-09-12,2019,septembre,jeudi,09:40,75,75107,48.8598198,2.3028583,2,3,3,1,1,4,1,3,1,1,,,1,0,1,4,2,36,0,1,2,0,2,1,5,201900017118A01,7,20,1,200054781
201900017138,2019-09-11,2019,septembre,mercredi,15:40,86,86187,46.576565,0.77692,2,9,3,1,1,3,1,1,1,3,,,1,0,1,4,2,26,5,1,2,0,2,1,26,201900017138B01,7,9,1,200070043
201900017141,2019-09-13,2019,septembre,vendredi,15:25,6,06161,43.634517,7.135144,2,4,3,1,1,3,3,1,1,1,,,1,0,1,3,1,42,1,2,,0,2,1,5,201900017141B01,7,16,1,240600585
201900017145,2019-09-12,2019,septembre,jeudi,16:45,62,62491,50.629045,2.770652,2,1,3,1,1,9,2,2,1,1,,,1,0,1,4,1,66,5,1,2,0,2,2,17,201900017145B01,7,19,1,245900758
201900017156,2019-09-13,2019,septembre,vendredi,08:00,71,71332,46.633395,4.974276,1,1,2,1,1,3,2,2,1,1,,,1,0,1,2,1,67,5,1,2 / 4,0,2,4,1,201900017156B01,7,1,1,200071538
201900017159,2019-09-12,2019,septembre,jeudi,12:25,47,47325,44.361927,0.271624,1,1,2,1,1,3,2,2,1,1,,,1,0,1,2,1,76,5,1,2,0,2,4,0,201900017159A01,7,1,1,200030674
201900017162,2019-09-12,2019,septembre,jeudi,17:15,68,68384,47.69816,7.305476,2,2,3,1,7,3,2,2,1,1,,,1,0,5,4,1,10,2,1,2,0,0,8,19,201900017162B01,7,1,1,200066009
201900017163,2019-07-27,2019,juillet,samedi,11:50,29,29235,48.3950874,-4.4084914,2,6,3,1,1,3,2,2,1,1,,,1,5,1,3,1,58,5,1,2,0,0,5,1,201900017163B01,7,9,1,242900314
201900017180,2019-09-13,2019,septembre,vendredi,08:35,67,67471,48.634882,7.739597,2,1,6,1,7,4,1,1,1,1,,,1,0,1,3,1,59,1,1,2,1,0,1,21,201900017180A01,7,24,1,246700488
201900017189,2019-09-12,2019,septembre,jeudi,18:00,973,97311,5.4858373,-54.0163141,2,3,3,1,1,4,2,2,1,1,,,1,0,1,3,2,31,1,2,,0,2,6,0,201900017189B01,7,1,1,249730037
201900017198,2019-09-13,2019,septembre,vendredi,06:15,74,74094,46.180768,6.293143,2,1,1,3,1,3,2,2,2,4,,,1,0,1,3,1,57,1,1,2,0,2,1,1,201900017198B01,7,1,1,200011773
201900017265,2019-09-06,2019,septembre,vendredi,07:25,71,71270,46.3006,4.81872,2,1,3,2,1,9,-1,0,1,1,,,1,0,1,4,2,58,0,2,,0,2,0,26,201900017265A01,7,2,1,200070308
201900017278,2019-09-10,2019,septembre,mardi,08:15,56,56083,47.8076683,-3.2713294,2,1,6,1,1,4,2,2,1,1,,,1,9,4,1,1,32,5,1,2,0,1,1,25,201900017278A01,,,,200042174
201900017315,2019-10-14,2019,octobre,lundi,11:25,75,75105,48.851393,2.343172,2,2,6,1,1,4,2,4,2,1,,,1,-1,6,4,1,21,1,1,2,0,2,1,7,201900017315A01,7,16,1,200054781
201900017322,2019-10-14,2019,octobre,lundi,09:10,75,75110,48.8821744,2.3507755,2,1,3,1,1,4,1,1,2,1,,,1,0,5,4,2,39,0,1,2,0,2,4,1,201900017322B01,10,22,1,200054781
201900017380,2019-10-16,2019,octobre,mercredi,14:10,69,69244,45.7546,4.7811,2,1,3,1,1,9,4,3,2,1,,,1,9,6,3,1,73,5,1,2,0,2,8,1,201900017380A01,38,1,1,200046977
201900017384,2019-10-15,2019,octobre,mardi,18:00,77,77420,49.037429,2.696533,2,2,3,1,1,3,2,2,1,1,,,1,0,1,4,1,37,5,1,2,0,2,1,1,201900017384B01,7,15,1,200055655
201900017389,2019-10-11,2019,octobre,vendredi,11:40,67,67263,49.002862,7.793789,2,3,3,1,1,4,2,2,4,1,,,1,0,1,3,2,2,2,1,2,0,2,7,10,201900017389B01,7,16,1,200013050
201900017412,2019-10-14,2019,octobre,lundi,08:35,75,75117,48.8946862,2.31475,2,1,6,1,1,4,3,3,1,1,,,1,0,5,1,1,26,1,1,2,0,1,8,1,201900017412A01,,,,200054781
201900017450,2019-10-04,2019,octobre,vendredi,08:20,38,38249,45.22484,5.8082,2,3,3,1,1,4,2,2,2,1,,,1,0,5,4,1,25,1,1,2,0,2,1,25,201900017450A01,7,1,1,200018166
201900017454,2019-10-15,2019,octobre,mardi,07:45,5,05017,44.5647564,6.1984831,2,3,3,2,3,3,2,2,1,1,,,1,0,1,4,2,12,2,2,,0,2,8,1,201900017454B01,7,1,1,200067320
201900017479,2019-04-22,2019,avril,lundi,15:25,64,64148,43.1266424,-0.3041451,2,1,2,1,1,3,2,2,1,1,,,1,0,1,4,1,69,5,1,2,0,0,4,1,201900017479B01,7,17,1,246401756
201900017495,2019-04-27,2019,avril,samedi,13:30,16,16011,45.771714,0.201188,1,1,2,1,1,3,2,2,2,1,0,6,1,0,1,3,1,67,5,1,2,0,0,4,13,201900017495B01,7,17,1,200072023
201900017504,2019-04-21,2019,avril,dimanche,10:45,21,21496,47.301501,5.445778,1,1,5,1,1,3,2,2,1,1,,,1,0,1,3,1,18,5,1,2,0,2,3,17,201900017504A01,7 / 21,1,2,200070902
201900017508,2019-04-29,2019,avril,lundi,18:30,40,40312,43.537033,-1.460906,2,1,5,1,1,3,2,2,2,1,,,1,8,1,1,1,5,5,1,2,0,2,7,19,201900017508C01,7,1,1,244000659
201900017508,2019-04-29,2019,avril,lundi,18:30,40,40312,43.537033,-1.460906,2,1,5,1,1,3,2,2,2,1,,,1,8,1,4,1,31,5,2,,0,2,7,19,201900017508B01,7,1,1,244000659
201900017509,2019-04-26,2019,avril,vendredi,17:20,40,40312,43.55233,-1.465069,1,1,2,1,1,3,3,4,2,1,,,1,0,1,3,1,6,5,1,2,0,2,4,13,201900017509B01,7,1,1,244000659
201900017520,2019-04-21,2019,avril,dimanche,18:50,85,85221,46.94308,-1.9589,1,1,3,1,1,4,2,2,1,1,,,1,0,1,3,2,67,5,2,,0,2,1,1,201900017520A01,21,1,1,200071629
201900017535,2019-04-16,2019,avril,mardi,13:00,37,37113,46.91367,0.806092,1,1,1,1,1,3,2,2,3,3,,,2,0,1,3,1,65,5,2,,6,2,1,1,201900017535B01,7,13,1,200071587
201900017550,2019-02-13,2019,février,mercredi,15:00,88,88144,48.249569,6.074275,1,1,6,1,1,3,2,2,1,1,,,1,0,1,2,1,16,5,1,2,0,0,1,0,201900017550A01,,,,200068682
201900017570,2019-04-21,2019,avril,dimanche,14:25,42,42042,45.461771,4.228803,1,1,3,1,1,3,2,2,2,3,,,1,0,1,3,1,48,5,1,2 / 6,0,0,4,0,201900017570B01,7,0,1,200065886
201900017627,2019-04-24,2019,avril,mercredi,12:45,45,45082,47.8628814,2.2321586,2,1,2,1,1,4,2,2,1,1,,,1,0,1,3,1,14,2,2,,0,2,7,1,201900017627B01,7,4,1,244500427
201900017648,2019-04-25,2019,avril,jeudi,18:55,66,66065,42.600006,2.970795,2,3,3,1,1,4,2,2,1,1,,,1,0,1,3,1,12,5,2,,0,2,8,1,201900017648B01,7,1,1,200043602
201900017660,2019-04-24,2019,avril,mercredi,13:40,84,84129,44.011744,4.874941,2,1,2,1,1,9,1,1,1,1,,,1,9,1,3,1,17,5,1,2,0,2,1,2,201900017660B01,7,23,1,248400293
201900017669,2019-08-06,2019,août,mardi,11:30,71,71510,46.267682,4.096364,2,2,3,1,1,3,2,2,1,1,,,1,0,1,3,2,76,5,1,2 / 6,0,2,1,1,201900017669A01,7,1,1,247103864
201900017673,2019-08-05,2019,août,lundi,10:20,68,68063,47.806534,7.200363,1,1,1,1,1,9,2,2,2,3,,,1,0,5,3,1,78,5,1,2 / 6,0,0,3,1,201900017673B01,1,1,1,200036465
201900017673,2019-08-05,2019,août,lundi,10:20,68,68063,47.806534,7.200363,1,1,1,1,1,9,2,2,2,3,,,1,0,5,1,1,43,1,1,2 / 6,0,2,2,1,201900017673A01,1,1,1,200036465
201900017674,2019-08-04,2019,août,dimanche,10:20,68,68296,48.259091,7.300403,1,1,7,1,1,3,2,2,2,2,,,9,0,1,3,1,25,5,1,2,14,0,1,1,201900017674A01,,,,246800577
201900017686,2019-08-03,2019,août,samedi,11:15,14,14658,48.839915,-1.048247,2,9,1,1,1,3,-1,2,2,1,,,1,0,1,3,1,17,5,2,,0,2,1,0,201900017686B01,7,15,1,200068799
201900017778,2019-07-30,2019,juillet,mardi,15:30,76,76351,49.50033,0.1354,2,1,6,1,1,3,2,2,1,1,,,1,0,1,1,1,34,0,2,,0,1,0,25,201900017778A01,,,,200084952
201900017783,2019-08-03,2019,août,samedi,11:25,72,72181,48.01222,0.18156,2,1,3,1,1,7,3,2,1,1,,,1,4,1,4,2,35,5,2,,0,2,4,1,201900017783B01,7,1,1,247200132
201900017786,2019-08-01,2019,août,jeudi,18:35,71,71306,46.67752,4.3785,2,3,3,1,1,4,2,2,1,1,,,1,0,1,4,1,62,0,1,2,0,2,7,1,201900017786B01,7,19,1,247100290
201900017792,2019-07-31,2019,juillet,mercredi,18:15,67,67482,48.569572,7.713104,2,1,6,1,1,4,2,2,1,1,,,1,2,1,3,1,49,1,2,,10,0,0,0,201900017792A01,,,,246700488
201900017796,2019-08-03,2019,août,samedi,08:10,64,64348,43.32598,-0.38714,1,1,6,1,7,4,1,1,1,2,,,1,0,1,4,1,33,5,1,2,0,2,7,2,201900017796C01,7,9,1,200067254
201900017796,2019-08-03,2019,août,samedi,08:10,64,64348,43.32598,-0.38714,1,1,6,1,7,4,1,1,1,2,,,1,0,1,4,1,35,5,1,2,0,2,7,0,201900017796B01,7,9,1,200067254
201900017822,2019-07-31,2019,juillet,mercredi,19:45,45,45234,47.8990454,1.9041713,2,2,3,1,1,4,1,2,1,1,,,1,0,1,4,1,21,5,2,,0,2,7,1,201900017822B01,7,1,1,244500468
201900017840,2019-08-02,2019,août,vendredi,09:55,34,34172,43.6087721,3.8967407,2,1,3,1,1,4,2,2,2,1,,,1,0,1,4,1,39,0,1,2,0,2,8,19,201900017840B01,0,0,1,243400017
201900017866,2019-07-02,2019,juillet,mardi,14:10,75,75120,48.85813,2.404645,2,2,3,1,1,4,1,1,1,1,,,1,0,1,4,1,19,5,1,2,0,2,0,1,201900017866A01,7,1,1,200054781
201900017867,2019-07-02,2019,juillet,mardi,06:15,75,75118,48.8899,2.364422,2,1,1,1,1,4,1,1,1,1,,,1,2,1,4,1,29,1,2,,0,2,1,1,201900017867B01,1,1,1,200054781
201900017867,2019-07-02,2019,juillet,mardi,06:15,75,75118,48.8899,2.364422,2,1,1,1,1,4,1,1,1,1,,,1,2,1,4,1,38,5,2,,0,2,1,1,201900017867A01,1,1,1,200054781
201900017873,2019-07-02,2019,juillet,mardi,12:30,75,75115,48.85107,2.291664,2,1,3,1,1,4,1,2,1,1,,,1,0,1,4,1,50,5,2,,0,2,0,1,201900017873B01,10,22,1,200054781
201900017877,2019-07-02,2019,juillet,mardi,11:30,75,75110,48.882349,2.368678,2,1,2,1,1,4,2,3,1,1,,,1,0,1,4,1,22,5,1,2,0,2,1,2,201900017877B01,7,23,1,200054781
201900017905,2019-07-02,2019,juillet,mardi,15:00,93,93001,48.909527,2.382123,2,3,6,1,1,4,2,2,1,1,,,1,0,1,4,1,56,0,2,,0,1,8,11,201900017905A01,,,,200054781
201900017924,2019-07-02,2019,juillet,mardi,10:50,56,56184,47.66257,-2.44076,2,1,2,1,7,4,2,2,1,1,,,1,0,1,3,1,77,5,1,2,0,2,4,2,201900017924B01,7,2,1,245614383
201900017929,2019-07-03,2019,juillet,mercredi,09:42,80,80582,49.80834,2.106762,1,1,3,1,1,3,2,2,1,1,,,1,2,1,4,1,17,5,1,2,1,0,1,2,201900017929B01,7,2,1,200071181
201900017934,2019-07-02,2019,juillet,mardi,10:40,68,68046,47.801674,7.037308,1,1,7,1,7,3,2,2,2,1,,,1,0,1,2,1,72,5,1,2 / 6,0,0,0,1,201900017934A01,,,,200036465
201900017937,2019-05-24,2019,mai,vendredi,16:10,29,29146,47.922502,-3.814776,1,3,3,1,1,3,2,2,1,1,,,1,0,1,3,1,70,5,1,2,0,2,7,21,201900017937B01,7,15,1,242900769
201900017943,2019-07-02,2019,juillet,mardi,23:10,45,45095,48.070644,2.121525,1,1,5,3,1,3,2,2,1,1,,,1,0,1,3,1,19,5,2,,0,0,4,1,201900017943C01,7 / 30,1,2,200066280
201900017951,2019-06-26,2019,juin,mercredi,13:50,37,37016,47.2056897,0.9694791,2,3,3,1,1,3,2,2,2,1,,,1,0,1,4,1,17,5,2,,0,2,1,9,201900017951B01,7,1,1,200071587
201900017952,2019-07-03,2019,juillet,mercredi,08:30,48,48075,44.370255,3.534914,2,1,1,1,1,3,2,2,1,1,,,1,0,1,4,1,79,5,2,,0,2,8,19,201900017952B01,13,1,1,200069151
201900017954,2019-07-02,2019,juillet,mardi,14:00,67,67212,48.559021,7.636697,2,6,7,1,1,7,-1,2,1,2,,,8,9,1,4,1,66,5,1,2,0,0,0,1,201900017954A01,,,,246700488
201900017966,2019-07-02,2019,juillet,mardi,08:20,67,67348,48.463468,7.431637,2,2,3,1,1,4,2,2,1,1,,,1,8,5,4,1,64,5,2,,0,2,3,1,201900017966B01,7,1,1,246701080
201900017997,2019-06-04,2019,juin,mardi,20:40,75,75115,48.83675,2.299527,2,2,3,1,1,4,1,1,1,1,,,1,0,1,4,2,52,5,1,2,0,2,1,1,201900017997B01,34,1,1,200054781
201900018000,2019-06-04,2019,juin,mardi,09:10,75,75111,48.865181,2.36773,2,2,6,1,2,4,2,2,1,1,,,1,0,5,1,2,76,0,1,2,0,1,1,21,201900018000A01,,,,200054781
201900018017,2019-06-30,2019,juin,dimanche,11:15,45,45284,47.9081841,1.9782268,2,1,1,1,1,4,2,2,1,1,,,1,0,5,1,1,28,9,2,,0,2,1,1,201900018017B01,1,5,1,244500468