Num_Acc,date,an,mois,jour,hrmn,dep,com,lat,long,agg,int,col,lum,atm,catr,circ,nbv,prof,plan,lartpc,larrout,surf,infra,situ,grav,sexe,age,trajet,secuexist,equipement,obs,obsm,choc,manv,vehiculeid,typevehicules,manoeuvehicules,numVehicules,_infos_commune.code_epci
201900018017,2019-06-30,2019,juin,dimanche,11:15,45,45284,47.9081841,1.9782268,2,1,1,1,1,4,2,2,1,1,,,1,0,5,4,2,73,0,2,,0,2,1,5,201900018017A01,1,1,1,244500468
201900018026,2019-07-01,2019,juillet,lundi,08:45,69,69149,45.71047,4.81345,2,1,6,1,1,4,2,2,1,1,,,1,0,1,4,1,42,1,2,,1,0,1,1,201900018026B01,7,24,1,200046977
201900018038,2019-05-19,2019,mai,dimanche,16:35,974,97411,-20.90243,55.50319,2,1,3,1,1,2,1,2,1,1,,,1,0,1,4,1,14,5,2,,0,2,1,18,201900018038B01,7,16,1,249740119
201900018056,2019-05-25,2019,mai,samedi,04:00,974,97407,-20.93798,55.29854,2,1,6,5,1,4,2,2,2,1,,,1,0,1,3,1,30,0,2,,0,2,0,26,201900018056B01,30,1,1,249740101
201900018127,2019-05-14,2019,mai,mardi,21:45,69,69388,45.74332,4.87426,2,2,1,5,1,4,1,3,1,1,,,1,0,1,4,1,20,4,2,,9,0,2,1,201900018127A01,7,1,1,200046977
201900018130,2019-05-13,2019,mai,lundi,23:55,69,69387,45.7423613,4.8506751,2,2,3,5,1,7,1,2,1,1,,,1,0,1,4,1,28,0,2,,9,0,7,5,201900018130B01,7,1,1,200046977
201900018131,2019-05-10,2019,mai,vendredi,13:55,69,69386,45.765829,4.8425406,2,2,3,1,1,4,2,2,1,1,,,1,0,1,4,2,24,0,1,2,0,2,1,2,201900018131A01,7,2,1,200046977
201900018143,2019-05-07,2019,mai,mardi,18:30,69,69383,45.75485,4.86899,2,1,3,1,1,4,2,2,1,1,,,1,0,1,4,1,28,1,2,,0,2,8,2,201900018143B01,10,26,1,200046977
201900018151,2019-05-02,2019,mai,jeudi,21:50,69,69386,45.76699,4.84639,2,2,3,5,1,4,1,1,1,1,,,1,0,1,4,1,30,0,2,,0,2,4,1,201900018151B01,7,1,1,200046977
201900018155,2019-05-02,2019,mai,jeudi,07:45,69,69386,45.7658739,4.8557049,2,1,3,1,1,4,1,3,1,1,,,1,0,1,4,1,42,1,1,2,1,0,7,3,201900018155B01,10,22,1,200046977
201900018166,2019-04-30,2019,avril,mardi,07:40,69,69383,45.7435755,4.8769721,2,2,1,1,1,4,2,4,1,1,,,1,0,1,4,1,19,2,2,,0,2,1,1,201900018166B01,7,15,1,200046977
201900018226,2019-11-18,2019,novembre,lundi,17:20,91,91589,48.688528,2.368883,2,3,3,5,2,4,2,2,1,1,,,2,0,1,4,1,52,0,1,2 / 4,0,2,1,1,201900018226B01,7,15,1,200054781
201900018287,2019-11-17,2019,novembre,dimanche,03:35,75,75110,48.8748112,2.3573878,2,2,3,5,1,4,2,2,1,1,,,1,0,5,4,1,26,9,1,2 / 6,0,2,1,1,201900018287B01,7,16,1,200054781
201900018339,2019-11-17,2019,novembre,dimanche,00:45,61,61167,48.838972,0.494891,1,1,2,3,1,3,2,2,1,1,,,2,0,1,3,1,64,5,2,,0,2,4,1,201900018339B01,7,2,1,200068468
201900018511,2019-03-14,2019,mars,jeudi,16:20,75,75118,48.892652,2.352354,2,3,3,1,2,4,-1,2,1,1,,,2,0,1,4,2,44,1,1,2,0,2,1,1,201900018511B01,7,10,1,200054781
201900018519,2019-03-14,2019,mars,jeudi,09:00,75,75114,48.834606,2.314032,2,1,3,1,2,4,1,1,1,1,,,2,0,5,4,1,44,1,1,2,0,2,1,1,201900018519B01,7,5,1,200054781
201900018521,2019-03-14,2019,mars,jeudi,14:00,75,75113,48.83833,2.372799,2,3,3,2,2,4,1,1,1,1,,,2,0,5,4,2,43,5,1,2,0,2,8,5,201900018521B01,7,16,1,200054781
201900018523,2019-03-15,2019,mars,vendredi,17:50,75,75112,48.8481,2.376431,2,1,6,1,8,4,2,2,1,1,,,1,0,1,1,1,28,0,1,2,0,1,1,1,201900018523A01,,,,200054781
201900018537,2019-03-13,2019,mars,mercredi,10:20,75,75107,48.8534,2.326382,2,2,2,1,1,4,2,4,1,1,,,1,0,1,4,1,23,4,1,2,0,2,4,11,201900018537A01,7,1,1,200054781
201900018603,2019-11-05,2019,novembre,mardi,18:05,7,07107,44.636144,4.254718,2,9,1,3,1,3,2,2,2,1,,,1,0,1,3,1,18,5,1,9,0,2,1,9,201900018603B01,7,1,1,200039824
201900018642,2019-12-25,2019,décembre,mercredi,11:45,64,64445,43.30809,-0.37651,2,2,3,1,1,4,2,3,1,1,,,1,0,1,4,1,16,0,2,,0,2,8,1,201900018642B01,7,15,1,200067254
201900018643,2019-12-27,2019,décembre,vendredi,05:30,64,64122,43.4711702,-1.5360582,2,1,7,5,1,3,2,2,1,1,,,1,0,1,4,1,55,1,1,2,0,0,0,5,201900018643A01,,,,200067106
201900018674,2019-12-26,2019,décembre,jeudi,07:10,75,75114,48.8196464,2.3419298,2,1,3,5,1,4,3,2,2,1,,,1,0,5,1,1,27,1,1,2,0,2,0,9,201900018674A01,1,1,1,200054781
201900018674,2019-12-26,2019,décembre,jeudi,07:10,75,75114,48.8196464,2.3419298,2,1,3,5,1,4,3,2,2,1,,,1,0,5,3,1,44,1,1,2,0,2,0,1,201900018674B01,1,9,1,200054781
201900018710,2019-12-28,2019,décembre,samedi,13:30,63,63066,45.864235,3.639966,1,3,1,1,1,3,2,2,2,1,,,1,0,1,2,1,61,5,1,2,0,2,1,1,201900018710B01,7,15,1,200070712
201900018726,2019-12-28,2019,décembre,samedi,10:30,24,24547,45.1099,1.30871,1,1,2,1,1,3,2,2,2,2,,,1,0,1,4,1,66,5,1,2 / 6,0,2,4,2,201900018726B01,7,2,1,200041150
201900018773,2019-02-02,2019,février,samedi,02:25,75,75120,48.847548,2.406314,2,2,3,5,3,4,2,3,1,1,,,2,5,1,4,1,29,0,1,2,0,2,5,15,201900018773B01,7,1,1,200054781
201900018775,2019-01-31,2019,janvier,jeudi,08:15,75,75120,48.864591,2.387277,2,3,2,5,1,4,1,1,1,1,,,1,0,1,4,2,35,1,1,2,0,2,1,1,201900018775B01,10,4,1,200054781
201900018797,2019-02-03,2019,février,dimanche,16:00,75,75115,48.843149,2.293509,2,1,2,1,1,4,1,1,1,1,,,1,0,1,4,1,16,5,1,2,0,2,1,18,201900018797B01,14,22,1,200054781
201900018804,2019-02-01,2019,février,vendredi,19:10,75,75114,48.82618,2.319583,2,2,6,5,2,4,1,1,1,1,,,2,5,1,4,1,71,5,2,,0,2,7,19,201900018804A01,7,1,1,200054781
201900018881,2019-02-03,2019,février,dimanche,12:30,80,80740,49.715634,2.399266,1,2,3,1,1,3,2,2,1,1,,,1,0,1,3,1,50,5,1,2,0,2,1,1,201900018881A01,7,1,1,200070969
201900018987,2019-09-11,2019,septembre,mercredi,16:16,75,75119,48.885543,2.365805,2,2,3,1,1,4,2,2,1,1,,,1,0,5,4,1,22,5,1,2,0,2,1,1,201900018987B01,7,16,1,200054781
201900018988,2019-09-11,2019,septembre,mercredi,19:50,75,75117,48.874607,2.293113,2,2,3,5,1,4,2,8,2,1,,,1,5,1,4,2,33,5,1,2,0,2,1,5,201900018988B01,33,1,1,200054781
201900018991,2019-09-11,2019,septembre,mercredi,17:40,75,75112,48.8335532,2.4147756,2,1,3,1,1,4,2,2,1,1,,,1,0,1,4,1,42,0,1,2,0,2,2,1,201900018991B01,7,22,1,200054781
201900018995,2019-09-11,2019,septembre,mercredi,09:00,75,75104,48.8508089,2.3614436,2,2,6,1,8,4,1,2,1,1,,,1,0,5,4,1,41,0,1,2,0,2,1,2,201900018995A01,7,2,1,200054781
201900019016,2019-09-12,2019,septembre,jeudi,11:50,77,77069,48.4768,2.63707,1,1,7,1,1,3,2,2,1,1,,,1,0,3,3,1,52,5,1,2 / 6,14,0,2,14,201900019016A01,,,,200072346
201900019021,2019-09-07,2019,septembre,samedi,16:50,32,32160,43.612266,1.078685,2,1,2,1,1,4,2,2,2,1,,,1,0,1,3,1,54,5,1,2,0,2,4,2,201900019021B01,7,2,1,200023620
201900019025,2019-09-12,2019,septembre,jeudi,13:50,47,47310,44.387524,0.317258,2,1,3,1,1,3,2,2,1,1,,,1,0,1,4,1,54,5,1,2,0,2,8,0,201900019025A01,15,2,1,200030674
201900019060,2019-09-04,2019,septembre,mercredi,08:35,38,38381,45.55501,5.481863,1,4,3,1,1,3,2,2,3,1,,,1,0,1,3,1,44,1,1,2,0,2,1,1,201900019060B01,7,15,1,200068567
201900019062,2019-09-11,2019,septembre,mercredi,12:26,38,38474,45.207851,5.662571,2,3,1,1,1,3,2,3,1,1,,,1,9,1,4,1,11,2,2,,0,2,3,25,201900019062A01,7,1,1,200040715
201900019082,2019-09-09,2019,septembre,lundi,07:50,45,45298,47.8933233,1.8762337,2,1,4,1,1,4,2,4,1,1,,,1,5,1,4,1,53,1,2,,0,2,0,19,201900019082C01,7,2,2,244500468
201900019106,2019-09-04,2019,septembre,mercredi,09:50,83,83069,43.0827022,6.1501063,2,6,3,1,1,3,1,2,1,2,,,1,0,1,4,1,80,5,1,2,0,2,1,1,201900019106B01,7,1,1,248300543
201900019122,2019-09-10,2019,septembre,mardi,13:55,56,56260,47.64443,-2.74406,2,6,2,1,1,4,1,1,1,1,,,1,5,1,4,1,41,5,1,2,0,2,5,9,201900019122B01,7,0,1,200067932
201900019125,2019-09-07,2019,septembre,samedi,02:40,56,56121,47.75588,-3.36387,2,3,3,5,1,4,2,5,1,1,,,1,0,1,3,1,56,5,1,2,0,2,8,1,201900019125B01,10,15,1,200042174
201900019134,2019-10-13,2019,octobre,dimanche,11:22,69,69093,46.04481,4.45728,1,3,2,1,1,3,2,2,2,2,,,1,0,1,3,1,61,5,1,2,0,2,1,1,201900019134B01,7,16,1,200040566
201900019199,2019-10-13,2019,octobre,dimanche,18:05,75,75119,48.880943,2.38015,2,1,1,1,1,4,2,2,1,1,,,1,0,1,4,1,43,0,1,2,0,2,9,15,201900019199B01,7,1,1,200054781
201900019207,2019-10-13,2019,octobre,dimanche,20:00,75,75109,48.8757067,2.327775,2,3,7,5,1,4,2,3,1,1,,,1,0,6,4,1,23,0,2,,0,0,0,7,201900019207A01,,,,200054781
201900019222,2019-10-13,2019,octobre,dimanche,15:49,68,68005,48.115402,7.237991,1,1,7,1,1,3,2,2,2,2,,,1,0,1,3,1,48,5,1,2,5,0,9,1,201900019222A01,,,,246800551
201900019245,2019-10-13,2019,octobre,dimanche,18:54,3,03118,46.100456,3.2264977,1,1,3,1,1,3,2,2,1,1,,,1,0,1,3,1,48,5,1,2,0,2,8,1,201900019245A01,7,17,1,200071389
201900019268,2019-08-18,2019,août,dimanche,06:50,971,97103,16.254291,-61.551594,1,1,5,1,1,2,3,4,1,1,,,1,0,1,3,1,47,5,1,2,0,0,8,2,201900019268B01,7,2,1,200018653
201900019268,2019-08-18,2019,août,dimanche,06:50,971,97103,16.254291,-61.551594,1,1,5,1,1,2,3,4,1,1,,,1,0,1,4,1,20,5,1,2,0,0,8,2,201900019268A01,7,2,1,200018653
201900019281,2019-10-13,2019,octobre,dimanche,07:45,33,33498,44.55228,-0.92116,1,1,2,3,1,3,2,2,1,1,,,1,0,1,3,1,26,5,2,,0,0,4,2,201900019281B01,7,2,1,243301405
201900019321,2019-04-19,2019,avril,vendredi,11:35,6,06157,43.734424,7.122543,1,9,7,1,9,7,2,2,1,1,,,1,0,1,2,1,86,5,1,2 / 6,1,0,0,1,201900019321A01,,,,200030195
201900019334,2019-04-25,2019,avril,jeudi,08:55,13,13111,43.560548,5.622568,1,1,1,1,8,3,2,2,2,3,,,1,0,1,4,1,50,1,1,2,0,2,1,13,201900019334A01,7,16,1,200054807
201900019363,2019-04-26,2019,avril,vendredi,11:50,42,42324,45.555259,4.231204,1,1,4,1,1,3,2,2,1,1,,,1,0,1,2,2,22,5,1,2,0,2,4,2,201900019363B01,21 / 7,2 / 26,2,200065886
201900019365,2019-04-22,2019,avril,lundi,16:30,38,38468,45.33271,4.80578,1,1,2,1,1,2,2,2,1,1,,,1,0,3,2,1,62,5,1,2,0,2,4,2,201900019365B01,7,1,1,200085751
201900019387,2019-04-22,2019,avril,lundi,11:30,81,81039,43.766099,1.909373,1,2,6,1,1,3,2,2,1,2,,,1,0,1,3,1,65,5,1,2,0,2,0,1,201900019387A01,7,15,1,200066124
201900019400,2019-04-19,2019,avril,vendredi,08:10,49,49193,47.156284,-0.894358,1,1,2,1,1,3,2,2,1,1,,,1,0,1,3,1,37,0,2,,13,2,4,1,201900019400B01,10,1,1,200071678
201900019401,2019-03-23,2019,mars,samedi,14:45,44,44210,47.3066207,-2.217247,1,3,3,1,1,9,2,2,2,1,,,1,0,1,3,1,9,5,2,,0,0,8,1,201900019401B01,7,1,1,244400644
201900019412,2019-04-26,2019,avril,vendredi,13:45,22,22389,48.4548142,-2.7040701,1,1,3,1,2,3,2,2,2,4,,,2,0,1,4,2,65,5,1,2,0,2,3,1,201900019412B01,7,17,1,200069409
201900019413,2019-04-18,2019,avril,jeudi,14:45,35,35256,48.621157,-2.131676,2,3,3,1,1,4,2,2,2,1,,,1,9,5,1,2,14,5,2,,0,2,3,15,201900019413B01,1,1,1,243500725
201900019413,2019-04-18,2019,avril,jeudi,14:45,35,35256,48.621157,-2.131676,2,3,3,1,1,4,2,2,2,1,,,1,9,5,4,2,68,5,2,,0,2,1,1,201900019413A01,1,15,1,243500725
201900019428,2019-04-19,2019,avril,vendredi,08:15,2,02798,48.8967766,3.4184142,1,1,2,1,1,3,2,2,1,1,,,1,0,1,2,1,61,5,2,,0,2,4,1,201900019428B01,10,17,1,240200584
201900019433,2019-04-28,2019,avril,dimanche,12:15,62,62861,50.373076,2.832795,1,1,2,1,2,3,2,2,1,1,,,2,0,1,4,1,47,5,1,2 / 9,0,0,4,1,201900019433B01,7,1,1,246200364
201900019503,2019-07-01,2019,juillet,lundi,17:50,81,81004,43.9292447,2.1992639,2,1,3,1,1,4,2,2,1,1,,,1,9,1,4,1,51,5,1,2,0,2,7,14,201900019503B01,7,9,1,248100737
201900019507,2019-06-28,2019,juin,vendredi,19:35,80,80021,49.89233,2.30767,2,2,3,1,1,4,2,2,1,1,,,1,0,1,4,1,19,5,2,,0,2,1,1,201900019507B01,7,15,1,248000531
201900019539,2019-06-30,2019,juin,dimanche,17:15,33,33119,44.85577,-0.53478,2,3,3,1,1,4,3,8,1,1,,,1,0,1,4,1,42,0,2,,0,2,0,5,201900019539B01,7,1,1,243300316
201900019573,2019-06-29,2019,juin,samedi,21:20,75,75115,48.839257,2.291985,2,2,3,5,1,4,2,2,1,1,,,1,0,1,4,1,23,1,1,2,0,2,8,19,201900019573A01,30,1,1,200054781
201900019582,2019-07-01,2019,juillet,lundi,09:00,75,75114,48.822616,2.312863,2,1,3,1,1,4,1,1,1,1,,,1,8,4,4,2,62,9,1,2,0,2,1,25,201900019582A01,33,1,1,200054781
201900019586,2019-07-01,2019,juillet,lundi,19:35,75,75111,48.865664,2.372429,2,2,3,1,1,4,2,2,1,1,,,1,0,1,4,2,22,1,1,2,0,2,7,1,201900019586B01,7,15,1,200054781
201900019604,2019-06-30,2019,juin,dimanche,09:45,68,68178,47.94008,7.14849,1,1,7,1,1,3,2,2,2,1,,,1,0,1,4,1,48,5,1,2,0,0,0,2,201900019604A01,,,,246800569
201900019605,2019-07-01,2019,juillet,lundi,09:50,17,17015,45.557228,-0.879423,1,2,1,1,1,3,2,2,1,1,,,9,0,1,3,2,79,5,2,,0,2,1,5,201900019605A01,7,15,1,241700640
201900019619,2019-06-29,2019,juin,samedi,09:00,68,68384,47.670537,7.318147,2,1,7,1,1,9,-1,1,2,1,,,1,0,8,3,1,18,5,1,2,0,0,0,1,201900019619A01,,,,200066009
201900019632,2019-06-30,2019,juin,dimanche,14:45,85,85307,46.34055,-1.33927,2,1,2,1,1,3,2,2,1,1,,,1,0,1,4,1,64,5,1,2,0,2,6,1,201900019632B01,7,17,1,
201900019635,2019-07-01,2019,juillet,lundi,18:40,28,28280,48.302107,0.81454,1,1,1,1,1,3,2,2,1,1,,,1,0,1,3,1,20,5,2,,0,2,1,5,201900019635B01,7,1,1,200006971
201900019641,2019-07-01,2019,juillet,lundi,15:35,17,17323,46.038528,-1.379384,2,1,1,1,1,4,2,2,1,1,,,1,0,1,3,2,71,5,2,,0,2,3,1,201900019641A01,14,1,1,241700624
201900019642,2019-07-02,2019,juillet,mardi,14:05,41,41136,47.704006,1.506763,2,1,6,1,1,9,1,1,2,1,,,1,0,1,1,1,14,9,2,,0,1,1,1,201900019642A01,,,,200055481
201900019654,2019-07-01,2019,juillet,lundi,07:00,69,69131,45.70313,4.69607,1,1,3,1,1,3,2,2,2,1,,,1,0,1,3,1,72,5,1,2,0,2,3,13,201900019654B01,10,17,1,246900724
201900019659,2019-07-01,2019,juillet,lundi,17:10,22,22277,48.401321,-2.892308,1,1,2,1,7,3,2,2,2,1,,,1,0,1,4,1,17,1,2,,0,2,4,2,201900019659B01,10,2,1,200069409
201900019690,2019-08-01,2019,août,jeudi,09:35,29,29039,47.86983,-3.90615,2,6,3,1,7,3,1,1,1,2,,,1,5,1,4,2,64,5,1,2,0,2,1,2,201900019690B01,7,9,1,242900769
201900019701,2019-08-02,2019,août,vendredi,08:45,17,17449,45.944215,-0.892896,2,6,3,1,1,4,2,2,2,1,,,1,5,1,4,1,54,5,2,,0,2,7,1,201900019701B01,7,9,1,200041762
201900019737,2019-08-03,2019,août,samedi,00:08,75,75119,48.8721169,2.3770365,2,2,3,5,1,4,3,2,1,1,,,1,0,1,4,1,36,0,1,2,0,2,1,1,201900019737B01,7,15,1,200054781
201900019745,2019-08-01,2019,août,jeudi,19:00,75,75113,48.832242,2.379803,2,2,2,1,1,4,2,5,1,1,,,1,2,1,4,1,15,5,1,2,0,2,1,2,201900019745A01,7,23,1,200054781
201900019746,2019-08-02,2019,août,vendredi,18:10,75,75112,48.8242405,2.4199743,2,2,3,1,1,4,2,2,1,1,,,1,0,5,4,1,69,9,1,2,0,2,7,1,201900019746B01,31,15,1,200054781
201900019747,2019-08-01,2019,août,jeudi,18:15,75,75112,48.846111,2.394623,2,1,3,1,1,4,2,2,1,1,,,1,0,1,4,2,27,1,1,2,0,2,1,1,201900019747B01,7,22,1,200054781
201900019825,2019-08-03,2019,août,samedi,09:30,36,36191,47.074112,1.785707,1,1,2,1,7,3,2,2,2,1,,,1,0,1,3,1,65,5,1,9,0,2,4,2,201900019825B01,7,2,1,200068880
201900019836,2019-07-29,2019,juillet,lundi,10:00,84,84061,44.227128,4.850292,2,3,3,1,1,3,2,2,2,1,,,1,0,1,4,1,74,5,1,2 / 6,0,0,8,15,201900019836B01,7,13,1,248400160
201900019850,2019-08-01,2019,août,jeudi,09:45,83,83097,43.527357,5.735618,1,1,5,1,1,3,2,2,2,3,,,1,0,1,3,1,59,5,1,2,0,2,1,1,201900019850C01,7,1 / 0,2,200068104
201900019854,2019-08-04,2019,août,dimanche,12:40,74,74236,45.89139,6.710713,1,1,3,1,1,3,2,2,2,1,,,1,0,1,3,1,49,5,1,2,0,2,1,1,201900019854B01,7,15,1,200034882
201900019856,2019-08-04,2019,août,dimanche,11:40,67,67276,48.522615,7.290578,2,4,1,1,1,4,2,2,2,3,,,1,9,1,3,1,44,5,1,2 / 6 / 9,0,2,1,16,201900019856B01,7,1,1,246700306
201900019858,2019-05-14,2019,mai,mardi,10:18,69,69382,45.73908,4.81752,2,9,3,1,1,4,1,2,1,1,,,1,0,1,4,2,44,5,2,,0,2,3,5,201900019858B01,7,16,1,200046977
201900019873,2019-05-04,2019,mai,samedi,23:35,69,69382,45.75742,4.82891,2,2,3,5,8,4,1,4,1,1,,,1,0,1,4,1,27,4,2,,0,2,1,1,201900019873A01,7,1,1,200046977
201900019878,2019-05-02,2019,mai,jeudi,08:20,69,69384,45.77253,4.81987,2,3,3,1,1,4,2,4,1,1,,,1,0,1,4,1,32,0,2,,0,2,1,1,201900019878B01,7,15,1,200046977
201900019914,2019-05-16,2019,mai,jeudi,17:20,2A,2A004,41.95259,8.7847,2,1,2,1,1,2,2,2,1,1,,,1,0,1,3,1,33,0,1,2,0,2,1,2,201900019914B01,7,23,1,242010056
201900019953,2019-05-23,2019,mai,jeudi,16:45,91,91589,48.68533,2.34205,2,3,3,1,1,4,2,2,1,1,,,1,0,1,4,1,10,2,1,2,0,2,8,1,201900019953B01,7,1,1,200054781
201900019959,2019-05-17,2019,mai,vendredi,17:30,91,91645,48.743419,2.256395,2,3,3,1,1,4,2,1,1,1,,,1,0,1,4,1,27,2,1,2,0,2,7,1,201900019959A01,7,2,1,200056232
201900019960,2019-05-10,2019,mai,vendredi,10:30,91,91064,48.74407,2.18885,1,9,3,1,1,4,-1,2,1,3,,,1,0,1,4,1,56,1,1,2,0,2,1,26,201900019960A01,7,1,1,247800584
201900019962,2019-05-05,2019,mai,dimanche,19:20,91,91477,48.7129,2.2412,2,1,3,1,1,4,2,2,1,1,,,1,0,1,4,1,23,5,1,2,0,2,6,1,201900019962B01,7,9,1,200056232
201900019996,2019-05-27,2019,mai,lundi,18:00,91,91103,48.60572,2.31768,2,6,3,1,1,4,1,2,1,3,,,1,0,1,4,2,23,0,2,,0,2,0,0,201900019996B01,7,0,1,200057859
201900020007,2019-05-10,2019,mai,vendredi,14:50,91,91021,48.59,2.255,2,9,7,1,1,4,-1,0,1,1,,,1,9,1,4,1,73,5,2,,0,0,0,21,201900020007A01,,,,200057859
201900020112,2019-11-16,2019,novembre,samedi,16:50,91,91377,48.73754,2.27255,2,6,2,1,1,7,1,2,1,2,,,1,5,1,4,1,52,0,1,2,0,2,4,12,201900020112B01,7,15,1,200056232
201900020223,2019-03-15,2019,mars,vendredi,18:52,92,92026,48.90042,2.26079,2,2,3,5,1,3,2,5,1,1,,,1,0,1,4,1,38,1,2,,0,2,1,7,201900020223A01,10,16,1,200054781
201900020238,2019-02-27,2019,février,mercredi,06:11,68,68253,47.78958,7.522027,1,3,3,5,1,3,2,2,1,1,,,1,0,1,3,1,65,5,1,2,0,2,1,1,201900020238B01,15,9,1,200066009
201900020242,2019-03-15,2019,mars,vendredi,18:45,978,97801,17.85329,-63.325196,2,1,1,3,1,4,2,2,1,1,,,1,0,1,3,1,13,5,2,,0,2,1,26,201900020242B01,10,1,1,
201900020242,2019-03-15,2019,mars,vendredi,18:45,978,97801,17.85329,-63.325196,2,1,1,3,1,4,2,2,1,1,,,1,0,1,1,1,17,5,2,,0,2,1,26,201900020242B01,10,1,1,
201900020294,2019-03-16,2019,mars,samedi,16:10,10,10013,48.184007,4.05463,1,3,2,1,1,3,2,2,1,1,,,1,0,1,3,1,73,5,1,2,0,2,1,1,201900020294B01,7,15,1,200069250
201900020305,2019-03-12,2019,mars,mardi,11:00,30,30089,43.841829,4.619072,1,3,3,1,1,3,2,2,1,1,,,1,9,1,3,1,71,5,1,2 / 6,0,2,8,15,201900020305B01,7,15,1,243000684
201900020308,2019-03-15,2019,mars,vendredi,18:30,13,13051,43.546515,5.148676,1,2,1,2,1,3,2,2,1,1,,,1,0,1,4,1,50,0,1,2,0,2,8,21,201900020308B01,7,15,1,200054807
201900020309,2019-03-16,2019,mars,samedi,05:30,973,97309,4.8788038,-52.2956085,2,1,2,3,1,3,2,2,1,1,,,1,0,3,3,1,58,0,2,,0,2,6,0,201900020309B01,7,2,1,249730045
201900020313,2019-03-15,2019,mars,vendredi,06:15,971,97103,16.27235,-61.580881,2,1,6,2,1,4,2,2,2,2,,,1,0,1,4,1,55,5,1,2,0,2,1,1,201900020313B01,7,15,1,200018653
201900020349,2019-03-15,2019,mars,vendredi,19:35,22,22143,48.5975095,-2.2866486,2,1,7,5,1,3,2,2,1,1,,,1,0,1,4,1,47,5,2,,0,0,0,0,201900020349A01,,,,200068989
201900020453,2019-12-26,2019,décembre,jeudi,15:35,75,75120,48.8618569,2.388033,2,1,3,1,1,4,2,2,1,1,,,1,0,5,1,1,28,1,1,2,0,2,7,17,201900020453B01,1,14,1,200054781
201900020453,2019-12-26,2019,décembre,jeudi,15:35,75,75120,48.8618569,2.388033,2,1,3,1,1,4,2,2,1,1,,,1,0,5,4,2,52,0,1,2,0,2,8,14,201900020453A01,1,17,1,200054781
201900020456,2019-12-17,2019,décembre,mardi,09:45,75,75116,48.8589064,2.2656566,2,1,3,1,1,4,2,2,1,1,,,1,0,1,4,2,30,1,1,2,0,2,1,1,201900020456B01,10,22,1,200054781
201900020458,2019-12-26,2019,décembre,jeudi,15:55,75,75115,48.849618,2.291457,2,3,6,1,1,4,1,1,1,1,,,1,0,5,1,1,20,5,1,2,0,1,1,1,201900020458A01,,,,200054781
201900020479,2019-12-27,2019,décembre,vendredi,13:50,9,09061,43.110447,1.370887,1,1,3,1,1,3,2,2,1,1,,,1,0,1,3,1,75,5,1,2 / 9,0,2,8,1,201900020479B01,7,17,1,200066223
201900020492,2019-12-10,2019,décembre,mardi,14:05,68,68320,47.680029,7.217452,2,2,3,1,1,3,2,2,1,1,,,1,0,1,4,1,72,5,1,2,0,0,8,19,201900020492B01,33,1,1,200066041
201900020508,2019-12-27,2019,décembre,vendredi,13:15,974,97408,-20.931821,55.359307,2,4,2,1,1,4,1,1,2,1,,,1,0,1,3,1,15,5,2,,6,2,6,1,201900020508A01,7,1,1,249740101
201900020509,2019-12-26,2019,décembre,jeudi,20:30,973,97305,4.984596,-52.446265,1,1,1,3,1,2,2,2,1,1,,,1,0,1,2,1,45,9,2,,0,2,1,0,201900020509B01,7,1,1,249730045
201900020515,2019-12-27,2019,décembre,vendredi,20:10,34,34151,43.665678,4.160117,1,1,2,3,1,3,2,2,1,1,,,1,0,1,3,1,15,5,2,,0,2,4,1,201900020515A01,7,1,1,243400520
201900020566,2019-12-25,2019,décembre,mercredi,18:00,31,31410,43.711172,1.448107,1,1,6,2,1,4,2,2,1,1,,,1,0,1,1,1,32,5,1,2 / 6,0,1,1,2,201900020566A01,,,,243100815
201900020583,2019-12-26,2019,décembre,jeudi,17:30,55,55463,48.884971,5.535169,1,1,4,3,2,3,2,3,2,1,,,2,0,1,4,1,18,5,1,2 / 4,0,2,0,2,201900020583A01,7,17 / 23 / 2,3,245500327
201900020630,2019-02-02,2019,février,samedi,05:30,32,32300,43.550412,0.610301,1,1,2,3,2,3,2,2,1,1,,,2,0,1,2,1,34,4,1,4,0,2,4,2,201900020630B01,7,1,1,200072320
201900020713,2019-01-29,2019,janvier,mardi,08:20,71,71076,46.78799,4.84992,2,1,6,1,1,4,2,2,1,1,,,1,0,1,4,1,40,0,1,2,0,2,1,1,201900020713B01,7,22,1,247100589
201900020738,2019-01-29,2019,janvier,mardi,09:00,69,69384,45.77962,4.82053,2,2,3,1,1,4,2,2,2,1,,,1,0,1,3,2,39,0,1,2,0,2,0,0,201900020738B01,7,15,1,200046977
201900020764,2019-01-29,2019,janvier,mardi,09:05,76,76351,49.50211,0.10349,2,2,1,1,2,3,2,2,4,1,,,2,0,1,4,1,16,0,1,2,0,2,0,1,201900020764A01,7,1,1,200084952
201900020774,2019-10-12,2019,octobre,samedi,19:30,34,34172,43.61278,3.86751,2,2,3,5,1,4,1,2,2,1,,,1,0,1,4,2,27,5,2,,0,2,3,2,201900020774A01,7,16,1,243400017