Num_Acc,date,an,mois,jour,hrmn,dep,com,lat,long,agg,int,col,lum,atm,catr,circ,nbv,prof,plan,lartpc,larrout,surf,infra,situ,grav,sexe,age,trajet,secuexist,equipement,obs,obsm,choc,manv,vehiculeid,typevehicules,manoeuvehicules,numVehicules,_infos_commune.code_epci
201900020823,2019-08-23,2019,août,vendredi,09:50,91,91649,48.546713,2.348672,1,6,2,1,1,3,2,2,1,3,,,1,0,1,3,1,51,0,1,2,0,2,4,1,201900020823B01,7,9,1,249100546
201900020864,2019-10-13,2019,octobre,dimanche,11:00,33,33199,44.544937,-1.083686,1,1,4,1,1,3,2,2,1,1,,,1,0,1,4,2,15,9,1,2,0,9,0,2,201900020864A01,7,2,1,243300563
201900020864,2019-10-13,2019,octobre,dimanche,11:00,33,33199,44.544937,-1.083686,1,1,4,1,1,3,2,2,1,1,,,1,0,1,4,1,15,5,1,2,0,2,1,1,201900020864B01,7,2,1,243300563
201900020864,2019-10-13,2019,octobre,dimanche,11:00,33,33199,44.544937,-1.083686,1,1,4,1,1,3,2,2,1,1,,,1,0,1,4,1,58,5,1,2,0,2,1,2,201900020864C01,7,2,1,243300563
201900020902,2019-10-10,2019,octobre,jeudi,21:00,75,75115,48.83907,2.292356,2,4,3,5,1,4,2,2,1,1,,,1,0,1,4,1,22,4,1,2,0,2,1,15,201900020902A01,34,1,1,200054781
201900020906,2019-10-11,2019,octobre,vendredi,08:50,75,75108,48.8722858,2.3093919,2,1,6,1,1,4,1,1,1,1,,,1,0,1,1,2,34,1,1,2,0,1,1,1,201900020906A01,,,,200054781
201900020948,2019-10-11,2019,octobre,vendredi,18:00,74,74043,46.266723,6.375745,2,1,3,1,7,3,3,2,1,1,,,1,0,1,3,1,52,5,1,2,0,2,3,2,201900020948B01,7,2,1,200067551
201900020962,2019-10-02,2019,octobre,mercredi,09:45,29,29221,48.4996257,-4.7641466,2,4,3,1,1,3,2,2,2,3,,,1,0,1,4,1,52,5,1,2,0,2,1,1,201900020962B01,7,15,1,242900074
201900021005,2019-06-06,2019,juin,jeudi,12:10,3,03013,46.5871671,3.3156939,2,6,3,1,1,3,2,1,1,3,,,1,0,1,3,1,60,1,2,,0,2,3,1,201900021005B01,7,16,1,200071140
201900021015,2019-09-10,2019,septembre,mardi,12:25,75,75112,48.84538,2.404111,2,1,6,1,1,4,2,2,1,1,,,1,0,5,4,1,13,5,1,2,0,1,1,1,201900021015A01,,,,200054781
201900021017,2019-09-10,2019,septembre,mardi,20:40,75,75107,48.848296,2.315779,2,3,3,5,1,4,2,2,1,1,,,1,0,1,4,1,22,0,1,2,0,2,8,15,201900021017B01,33,17,1,200054781
201900021046,2019-09-11,2019,septembre,mercredi,19:05,62,62115,50.268331,2.669212,2,1,7,1,1,3,2,2,2,1,,,1,0,1,4,1,15,5,2,,0,0,0,0,201900021046A01,,,,200069482
201900021094,2019-09-05,2019,septembre,jeudi,13:10,45,45284,47.9193587,1.9837126,1,3,3,1,1,4,2,2,1,1,,,1,0,1,4,1,20,5,2,,0,2,1,15,201900021094B01,10,16,1,244500468
201900021144,2019-09-06,2019,septembre,vendredi,17:35,56,56083,47.80908,-3.2625,2,1,3,1,1,3,3,2,2,1,,,1,0,1,4,1,16,2,1,2,0,2,1,1,201900021144B01,7,16,1,200042174
201900021223,2019-04-17,2019,avril,mercredi,18:45,69,69386,45.76636,4.86715,2,2,3,1,1,4,1,1,1,1,,,1,0,1,4,1,9,5,2,,0,2,7,9,201900021223B01,7,1,1,200046977
201900021231,2019-04-16,2019,avril,mardi,07:37,87,87113,45.87667,1.30422,2,6,3,2,2,3,1,2,1,2,,,2,0,1,3,1,33,1,2,,0,2,3,1,201900021231B01,7,17,1,248719312
201900021241,2019-04-16,2019,avril,mardi,19:00,59,59569,50.37134,3.10304,2,1,6,1,1,4,-1,1,1,1,,,1,0,1,1,2,11,5,2,,0,1,1,1,201900021241A01,,,,200044618
201900021245,2019-04-17,2019,avril,mercredi,16:05,56,56260,47.6552,-2.7639,2,1,2,1,1,4,1,1,2,1,,,1,0,1,4,1,17,5,2,,0,2,1,2,201900021245A01,7,23,1,200067932
201900021281,2019-04-17,2019,avril,mercredi,12:30,75,75106,48.851676,2.342038,2,2,3,1,1,4,1,4,1,1,,,1,0,6,4,1,56,1,1,2,0,2,0,7,201900021281B01,10,16,1,200054781
201900021282,2019-04-17,2019,avril,mercredi,10:55,75,75105,48.843662,2.355005,2,3,2,1,1,4,2,2,1,1,,,1,0,1,4,2,30,1,1,2,0,0,1,1,201900021282B01,14,23,1,200054781
201900021321,2019-04-18,2019,avril,jeudi,19:50,60,60395,49.226625,2.126978,2,3,1,1,1,4,-1,2,1,1,,,1,0,1,4,1,11,5,2,,0,2,1,1,201900021321B01,7,1,1,246000582
201900021325,2019-04-18,2019,avril,jeudi,10:25,80,80211,49.74992,2.161763,1,1,2,1,1,3,2,1,1,1,,,1,0,1,4,1,65,5,1,2,0,0,4,1,201900021325B01,7,2,1,200071181
201900021345,2019-06-29,2019,juin,samedi,09:15,74,74133,46.17992,6.21533,2,9,2,1,1,4,1,2,1,2,,,1,5,1,4,2,39,1,2,,0,2,0,0,201900021345B01,10,1,1,200011773
201900021349,2019-06-30,2019,juin,dimanche,18:00,64,64445,43.3079,-0.33848,2,6,3,1,7,4,2,2,1,1,,,1,0,1,4,1,76,0,1,2,0,2,7,1,201900021349B01,7,9,1,200067254
201900021353,2019-06-30,2019,juin,dimanche,21:10,50,50218,48.840976,-1.5961387,2,1,7,1,1,9,-1,0,1,1,,,1,6,1,1,1,16,5,1,2,0,0,4,25,201900021353A01,,,,200042604
201900021353,2019-06-30,2019,juin,dimanche,21:10,50,50218,48.840976,-1.5961387,2,1,7,1,1,9,-1,0,1,1,,,1,6,1,4,2,16,5,1,2,0,0,4,25,201900021353A01,,,,200042604
201900021369,2019-06-30,2019,juin,dimanche,20:00,75,75120,48.868176,2.381835,2,1,3,1,1,4,1,3,1,1,,,1,0,1,4,1,48,1,2,,0,2,2,17,201900021369B01,7,22,1,200054781
201900021370,2019-06-30,2019,juin,dimanche,09:05,75,75120,48.869966,2.394491,2,2,3,1,1,4,2,1,2,1,,,1,0,1,4,1,27,5,2,,0,2,1,1,201900021370A01,7,1,1,200054781
201900021374,2019-06-30,2019,juin,dimanche,11:50,75,75116,48.837617,2.257522,2,7,3,1,1,4,1,3,1,2,,,1,0,1,4,1,32,5,1,2,0,2,8,9,201900021374A01,7,1,1,200054781
201900021384,2019-06-30,2019,juin,dimanche,14:40,1,01427,45.940129,4.779986,2,9,3,1,1,3,2,2,1,1,,,1,0,1,4,1,11,5,2,,0,2,1,19,201900021384B01,7,1,1,200042497
201900021399,2019-06-30,2019,juin,dimanche,15:45,11,11088,43.170736,2.350361,1,1,7,1,1,3,2,2,2,1,,,1,0,1,2,1,62,5,2,,0,0,1,1,201900021399A01,,,,200035715
201900021403,2019-06-30,2019,juin,dimanche,08:45,55,55066,48.633944,5.492051,1,1,6,1,1,3,2,2,1,1,,,1,0,1,4,1,66,5,1,2 / 6,0,2,8,2,201900021403B01,7,17,1,200066157
201900021412,2019-07-01,2019,juillet,lundi,11:10,3,03082,46.2881777,2.7554356,2,6,3,1,1,3,2,2,1,3,,,1,5,1,4,1,18,5,1,2 / 6,0,2,3,1,201900021412A01,7,9,1,200071512
201900021416,2019-07-01,2019,juillet,lundi,11:35,50,50403,49.152136,-1.585662,1,1,6,1,1,3,2,2,1,1,,,1,0,1,3,2,69,5,2,,0,2,0,2,201900021416B01,10,2,1,200067031
201900021447,2019-06-28,2019,juin,vendredi,22:00,57,57206,49.305677,6.103457,2,1,1,2,1,4,2,2,1,1,,,1,0,1,3,1,10,5,2,,0,2,7,19,201900021447B01,7,1,1,245701222
201900021448,2019-07-01,2019,juillet,lundi,17:50,3,03102,46.5201538,3.6835027,2,2,6,1,1,3,2,2,2,1,,,1,0,1,4,1,17,5,2,,0,2,8,1,201900021448B01,7,15 / 23,2,200071470
201900021498,2019-06-04,2019,juin,mardi,12:00,56,56121,47.75376,-3.36221,2,2,3,1,2,4,2,4,1,1,,,2,5,5,4,1,23,5,2,,0,2,3,8,201900021498B01,7,15,1,200042174
201900021508,2019-07-31,2019,juillet,mercredi,06:00,33,33394,44.91042,-0.19417,1,1,3,2,1,3,2,2,1,1,,,1,0,1,3,1,22,1,1,4,0,2,3,15,201900021508B01,7,17,1,200035533
201900021528,2019-08-02,2019,août,vendredi,15:00,29,29037,47.87358,-4.155104,1,1,2,1,1,4,2,2,1,1,,,1,0,3,4,1,53,5,2,,0,2,8,2,201900021528B01,7,17,1,242900702
201900021534,2019-08-01,2019,août,jeudi,18:10,2,02095,49.988128,3.452419,2,2,3,1,1,3,2,2,2,1,,,1,0,1,1,1,42,5,1,2,0,9,1,1,201900021534B01,1,19,1,240200493
201900021534,2019-08-01,2019,août,jeudi,18:10,2,02095,49.988128,3.452419,2,2,3,1,1,3,2,2,2,1,,,1,0,1,2,1,32,3,2,,0,2,8,19,201900021534A01,1,1,1,240200493
201900021538,2019-08-02,2019,août,vendredi,19:40,72,72039,48.177764,0.42452,2,1,3,1,1,9,2,2,1,1,,,1,0,1,4,1,60,5,2,,0,2,8,15,201900021538A01,10,17,1,200072676
201900021542,2019-08-02,2019,août,vendredi,18:30,14,14752,49.083039,-0.654039,2,4,3,1,1,3,2,2,2,1,,,1,0,1,3,1,38,3,2,,0,2,8,19,201900021542A01,7,1,1,200069524
201900021557,2019-07-14,2019,juillet,dimanche,11:50,21,21060,47.357712,5.236779,1,1,2,1,1,3,2,2,1,1,,,1,0,1,4,1,51,5,1,2,0,2,0,1,201900021557B01,7,2,1,200072825
201900021571,2019-08-02,2019,août,vendredi,20:00,37,37206,47.4838875,0.6624535,2,3,3,1,1,3,2,2,2,1,,,1,0,1,3,1,37,5,1,2,0,2,1,1,201900021571B01,7,15,1,200073237
201900021601,2019-07-28,2019,juillet,dimanche,19:00,66,66171,42.618305,3.017773,2,1,3,1,1,4,3,2,1,1,,,1,0,5,4,1,23,1,2,,0,2,1,26,201900021601B01,7,1,1,246600282
201900021608,2019-08-01,2019,août,jeudi,11:10,13,13007,43.352967,5.659405,1,1,1,1,1,3,2,2,2,2,,,1,0,1,3,1,72,5,1,2,0,2,1,13,201900021608A01,7,1,1,200054807
201900021612,2019-08-01,2019,août,jeudi,18:15,67,67451,48.993616,8.03491,2,4,3,1,1,4,2,2,1,2,,,1,0,1,3,2,80,5,1,2,0,9,2,26,201900021612B01,7,1,1,246700926
201900021615,2019-08-04,2019,août,dimanche,12:00,74,74003,45.893281,6.225613,2,4,7,1,1,4,2,-1,1,1,,,1,0,1,2,2,63,5,1,2,0,0,0,1,201900021615A01,,,,247400617
201900021621,2019-08-03,2019,août,samedi,11:38,69,69141,45.62559,4.661627,1,1,7,1,1,3,2,2,2,1,,,1,0,1,3,1,74,5,1,2,0,0,0,1,201900021621A01,,,,246900740
201900021622,2019-08-03,2019,août,samedi,09:05,69,69141,45.624944,4.667608,2,6,2,1,1,3,-1,1,1,1,,,1,0,1,3,1,79,0,2,,0,2,4,0,201900021622B01,3,9,1,246900740
201900021633,2019-08-04,2019,août,dimanche,15:10,85,85222,46.701634,-1.933751,2,1,3,1,1,4,2,2,1,1,,,1,0,5,3,2,67,5,2,,0,2,5,26,201900021633A01,7,19,1,200023778
201900021638,2019-08-04,2019,août,dimanche,17:50,27,27465,48.992448,1.343082,1,1,2,1,1,3,2,2,1,1,,,1,0,1,2,1,62,5,1,2,0,0,4,2,201900021638B01,7,2,1,200072312
201900021640,2019-08-01,2019,août,jeudi,08:30,60,60139,49.153438,2.25326,2,1,3,1,1,4,2,2,1,1,,,1,0,1,3,1,16,1,2,,0,2,8,0,201900021640B01,7,1,1,200067973
201900021672,2019-06-24,2019,juin,lundi,10:20,76,76575,49.40511,1.06763,2,1,1,1,1,3,2,2,1,1,,,1,0,1,4,1,24,0,2,,0,2,3,0,201900021672A01,21,0,1,200023414
201900021713,2019-05-02,2019,mai,jeudi,17:45,87,87085,45.82408,1.24539,2,1,7,1,2,4,2,2,1,1,,,2,0,1,4,1,52,5,2,,0,0,0,1,201900021713A01,,,,248719312
201900021782,2019-05-23,2019,mai,jeudi,14:00,81,81004,43.9191078,2.1505829,2,1,3,1,1,4,-1,2,1,1,,,1,0,1,4,2,22,0,1,2,0,2,4,13,201900021782B01,7,2,1,248100737
201900021786,2019-05-27,2019,mai,lundi,23:10,80,80021,49.9025,2.29993,2,1,6,5,1,4,2,2,2,1,,,1,0,1,4,1,39,0,1,2,12,0,0,1,201900021786A01,,,,248000531
201900021793,2019-05-21,2019,mai,mardi,00:35,80,80021,49.874397,2.306528,2,1,3,5,1,4,2,2,2,1,,,1,0,1,4,1,32,0,1,2,0,2,7,1,201900021793B01,7,1,1,248000531
201900021796,2019-05-15,2019,mai,mercredi,13:45,80,80021,49.87093,2.31432,2,1,3,1,1,4,2,2,1,1,,,1,0,1,3,1,32,1,2,,0,2,8,1,201900021796B01,7,1,1,248000531
201900021804,2019-05-02,2019,mai,jeudi,13:20,80,80021,49.89153,2.30222,2,1,3,1,3,4,1,1,1,1,,,2,0,1,4,1,14,0,1,2,0,2,1,1,201900021804B01,7,1,1,248000531
201900021887,2019-03-12,2019,mars,mardi,20:15,75,75114,48.833828,2.314692,2,1,6,5,2,4,2,2,1,1,,,2,0,1,1,1,32,0,2,,0,1,1,1,201900021887A01,,,,200054781
201900021890,2019-03-13,2019,mars,mercredi,16:30,75,75112,48.833789,2.445168,2,1,6,1,1,4,-1,0,1,3,,,1,0,1,4,1,62,5,1,2,14,0,1,1,201900021890A01,,,,200054781
201900021898,2019-03-12,2019,mars,mardi,15:50,75,75103,48.866078,2.361124,2,4,6,1,1,4,1,3,1,1,,,1,0,1,4,2,62,5,2,,0,2,1,17,201900021898B01,10 / 7,1 / 7,2,200054781
201900021904,2019-03-13,2019,mars,mercredi,19:30,94,94038,48.76,2.332,2,9,7,5,1,4,1,0,1,1,,,1,0,1,4,1,14,0,2,,1,0,0,23,201900021904A01,,,,200054781
201900022016,2019-03-11,2019,mars,lundi,18:00,62,62193,50.95464,1.89313,2,1,3,1,7,7,1,2,1,1,,,1,9,2,3,1,28,1,2,,0,2,1,19,201900022016B01,7,19,1,200090751
201900022056,2019-11-12,2019,novembre,mardi,19:20,82,82121,44.0244,1.3641,2,1,3,5,1,4,2,4,2,1,,,1,0,1,4,1,21,1,2,,0,2,1,1,201900022056B01,7,15,1,248200099
201900022080,2019-11-14,2019,novembre,jeudi,13:50,64,64445,43.31,-0.3773,2,1,1,1,1,4,3,2,1,1,,,1,0,1,4,1,24,0,2,,0,2,1,13,201900022080A01,7,1,1,200067254
201900022097,2019-11-14,2019,novembre,jeudi,21:00,44,44162,47.22857,-1.60567,2,1,1,5,1,4,-1,0,1,1,,,1,0,1,3,2,25,0,1,2 / 4,0,1,1,26,201900022097B01,7,26,1,244400404
201900022139,2019-11-10,2019,novembre,dimanche,12:40,75,75120,48.8715375,2.3775932,2,1,3,1,1,4,3,2,1,1,,,1,0,5,4,1,34,0,1,2,0,2,1,1,201900022139B01,7,22,1,200054781
201900022146,2019-11-15,2019,novembre,vendredi,06:00,75,75116,48.864506,2.266503,2,4,3,5,2,4,2,2,1,1,,,2,0,1,1,1,52,0,1,2,0,2,4,13,201900022146A01,7,17,1,200054781
201900022150,2019-11-15,2019,novembre,vendredi,19:50,75,75114,48.8309,2.3367,2,4,6,5,2,4,1,1,2,1,,,2,0,5,4,1,35,1,1,2,0,1,1,1,201900022150A01,,,,200054781
201900022223,2019-12-24,2019,décembre,mardi,13:25,13,13087,43.470164,5.614841,2,3,3,1,1,3,-1,2,1,1,,,1,0,1,4,1,59,1,2,,0,2,1,21,201900022223B01,38,9,1,200054807
201900022234,2019-12-25,2019,décembre,mercredi,17:00,33,33449,44.856751,-0.74162,1,1,2,1,7,4,2,2,1,1,,,1,0,1,3,1,52,5,2,,0,0,6,2,201900022234B01,7,2,1,243300316
201900022238,2019-12-26,2019,décembre,jeudi,11:30,59,59411,50.480546,3.098166,2,1,5,1,1,3,2,2,1,1,,,1,0,1,3,1,52,5,1,2,0,2,1,1,201900022238B01,7,22,1,200041960
201900022238,2019-12-26,2019,décembre,jeudi,11:30,59,59411,50.480546,3.098166,2,1,5,1,1,3,2,2,1,1,,,1,0,1,4,1,27,5,1,2,1,2,1,1,201900022238C01,7,22,1,200041960
201900022301,2019-01-29,2019,janvier,mardi,18:05,45,45234,47.898104,1.91339,2,1,3,5,2,4,2,2,1,1,,,2,0,1,4,1,47,0,2,,0,2,8,19,201900022301B01,7,1,1,244500468
201900022351,2019-01-30,2019,janvier,mercredi,17:55,17,17415,45.74879,-0.65884,2,6,6,2,2,4,1,1,1,1,,,2,5,1,4,1,54,5,2,,0,2,5,1,201900022351B01,7,11,1,200036473
201900022357,2019-01-29,2019,janvier,mardi,15:15,14,14383,49.16066,-0.39509,2,6,3,1,1,4,-1,2,1,1,,,1,0,1,3,2,65,0,1,2,0,2,1,2,201900022357B01,7,16,1,200065597
201900022372,2019-12-24,2019,décembre,mardi,17:00,75,75119,48.87539,2.390057,2,1,6,5,1,4,2,2,1,1,,,1,0,1,1,1,30,0,1,2,0,1,8,17,201900022372A01,,,,200054781
201900022385,2019-01-28,2019,janvier,lundi,12:50,11,11262,43.18496,3.00058,2,3,3,1,1,4,1,3,1,1,,,1,2,1,4,1,37,1,2,,0,2,7,19,201900022385B01,7,1,1,241100593
201900022426,2019-01-30,2019,janvier,mercredi,13:30,75,75113,48.8204484,2.3643941,2,1,2,1,1,4,2,2,1,1,,,2,0,1,4,2,57,1,2,,0,2,0,21,201900022426B01,7,22,1,200054781
201900022467,2019-12-25,2019,décembre,mercredi,16:15,5,05168,44.473104,5.993154,1,1,7,1,9,3,2,2,2,3,,,7,0,1,3,1,68,5,2,,0,0,0,1,201900022467A01,,,,200067825
201900022483,2019-12-24,2019,décembre,mardi,19:47,5,05122,44.75715,6.5739,1,1,2,3,1,2,2,2,1,1,,,2,0,1,4,1,31,9,2,,0,2,4,2,201900022483B01,7,2,1,240500462
201900022546,2019-01-30,2019,janvier,mercredi,18:45,9,09332,43.074022,1.645328,2,6,3,5,2,3,-1,2,1,2,,,2,9,1,3,1,23,1,2,,0,2,6,1,201900022546B01,7,1,1,200067791
201900022581,2019-07-09,2019,juillet,mardi,08:30,987,98734,-17.723379,-149.50573,1,1,2,1,1,6,1,1,1,1,,,1,0,8,3,1,31,0,2,,1,0,1,26,201900022581A01,10,26,1,
201900022582,2019-07-05,2019,juillet,vendredi,14:00,987,98734,-17.723379,-149.50573,1,1,2,1,2,2,2,2,1,1,,,2,0,1,3,1,35,1,2,,0,2,4,14,201900022582B01,7,1,1,
201900022597,2019-10-11,2019,octobre,vendredi,16:45,38,38382,45.23678,5.65983,1,9,3,1,1,3,3,2,2,3,,,1,9,5,3,1,52,5,1,2,0,2,8,21,201900022597A01,80,13,1,200040715
201900022654,2019-10-10,2019,octobre,jeudi,07:35,74,74305,46.2025,6.2559,2,9,3,2,1,3,2,3,2,2,,,2,9,2,4,1,56,1,1,2 / 6,0,2,1,1,201900022654B01,7,11,1,200011773
201900022674,2019-10-03,2019,octobre,jeudi,12:01,45,45208,47.999243,2.728965,2,1,3,1,1,4,1,2,1,2,,,1,0,1,3,1,50,9,2,,3,2,8,1,201900022674B01,7,0,1,244500203
201900022707,2019-10-10,2019,octobre,jeudi,19:35,75,75118,48.8929894,2.3410362,2,1,3,5,1,4,2,2,1,1,,,1,0,1,4,1,27,0,1,2,0,2,3,1,201900022707B01,7,22,1,200054781
201900022713,2019-10-08,2019,octobre,mardi,16:00,75,75116,48.8480887,2.258014,2,7,3,1,2,4,2,2,1,1,,,2,0,1,4,1,86,0,1,2,0,2,7,1,201900022713A01,7,1,1,200054781
201900022721,2019-10-10,2019,octobre,jeudi,18:20,75,75107,48.856722,2.3270456,2,4,3,1,1,4,2,2,1,1,,,1,0,5,4,1,24,0,1,2,0,2,3,1,201900022721B01,30,1,1,200054781
201900022751,2019-09-09,2019,septembre,lundi,09:05,45,45234,47.900877,1.920468,2,6,3,1,1,4,2,6,1,1,,,1,5,1,4,1,40,1,2,,0,2,1,19,201900022751A01,7,16,1,244500468
201900022787,2019-09-09,2019,septembre,lundi,20:30,75,75120,48.8515836,2.3998432,2,4,6,5,1,4,2,2,1,1,,,1,0,1,4,2,35,5,1,2,0,2,2,17,201900022787A01,7,22,1,200054781
201900022790,2019-09-09,2019,septembre,lundi,12:30,75,75117,48.890269,2.320759,2,2,3,1,1,4,2,3,2,1,,,1,0,1,4,1,21,4,1,2,0,2,1,1,201900022790A01,7,1,1,200054781
201900022792,2019-09-09,2019,septembre,lundi,20:00,75,75116,48.87492,2.271104,2,2,3,5,1,4,2,2,1,1,,,1,5,1,1,1,14,5,1,2,0,2,7,1,201900022792A01,34,1,1,200054781
201900022792,2019-09-09,2019,septembre,lundi,20:00,75,75116,48.87492,2.271104,2,2,3,5,1,4,2,2,1,1,,,1,5,1,1,1,13,5,1,2,0,2,7,1,201900022792A01,34,1,1,200054781
201900022918,2019-09-08,2019,septembre,dimanche,20:15,75,75120,48.866761,2.391487,2,1,3,2,1,4,1,1,2,1,,,1,8,1,1,1,39,0,1,2,0,2,7,1,201900022918B01,30,17,1,200054781
201900022937,2019-04-18,2019,avril,jeudi,10:40,29,29146,47.889304,-3.797524,1,2,3,1,1,3,2,2,1,1,,,1,0,1,4,1,66,5,1,2,0,2,8,1,201900022937B01,7,19,1,242900769
201900022938,2019-02-26,2019,février,mardi,18:05,29,29076,48.428481,-4.599142,2,6,3,1,1,3,2,2,1,3,,,1,5,1,4,1,36,1,1,2 / 6,0,2,6,18,201900022938B01,7,2,1,242900074
201900022942,2019-04-17,2019,avril,mercredi,17:25,18,18242,46.827595,2.917586,2,1,6,1,1,3,2,2,1,1,,,1,0,1,3,2,64,0,2,,1,0,0,1,201900022942A01,,,,241800432
201900022945,2019-04-17,2019,avril,mercredi,12:50,24,24291,45.049414,1.151509,1,3,3,1,1,3,2,2,1,1,,,1,0,1,3,1,22,1,2,,0,2,8,15,201900022945B01,7,17,1,200041168
201900022951,2019-04-18,2019,avril,jeudi,08:10,78,78356,48.738326,2.036853,2,1,7,1,1,4,2,2,1,1,,,1,0,1,3,1,57,0,1,2,0,0,0,0,201900022951A01,,,,200058782
201900022967,2019-04-16,2019,avril,mardi,17:20,26,26071,45.052261,4.927546,1,6,3,1,1,3,2,2,1,2,,,1,0,1,4,1,47,5,2,,0,2,7,0,201900022967A01,7,9,1,200073096
201900022970,2019-04-11,2019,avril,jeudi,11:50,33,33238,44.73064,-0.59777,2,3,3,1,1,4,2,2,1,2,,,1,0,1,4,2,15,5,2,,0,2,4,1,201900022970A01,7,9,1,243301264
201900023040,2019-04-15,2019,avril,lundi,15:00,42,42316,45.40766,4.25427,2,6,3,1,1,3,2,2,1,1,,,1,0,1,1,2,47,5,1,2,0,2,0,15,201900023040B01,7,1,1,244200770
201900023063,2019-04-15,2019,avril,lundi,08:10,5,05061,44.5622,6.0958,2,1,1,1,1,4,2,2,2,1,,,1,0,1,3,1,71,0,1,2,0,2,7,13,201900023063A01,7,1,1,200067825
201900023068,2019-04-16,2019,avril,mardi,15:40,75,75105,48.845306,2.341552,2,1,6,1,1,4,2,3,2,1,,,1,0,6,4,1,38,1,1,2,0,2,1,17,201900023068B01,10,1,1,200054781
201900023072,2019-04-16,2019,avril,mardi,09:35,75,75117,48.885669,2.291459,2,2,3,1,1,4,3,5,1,1,,,1,0,1,4,2,32,1,1,2,0,2,2,1,201900023072B01,7,15,1,200054781
201900023109,2019-04-17,2019,avril,mercredi,12:05,65,65025,43.003314,-0.099006,2,3,5,1,1,3,2,2,2,1,,,1,0,1,2,1,63,5,1,2,0,2,1,17,201900023109B01,7 / 31,1,2,200070811
201900023228,2019-06-24,2019,juin,lundi,13:50,67,67482,48.587786,7.764816,2,3,5,1,1,4,3,4,1,1,,,1,0,1,2,1,61,4,2,,0,2,4,0,201900023228C01,7,15 / 1,2,246700488
201900023233,2019-06-28,2019,juin,vendredi,09:30,64,64445,43.3024,-0.37938,2,9,3,1,1,4,2,3,1,2,,,1,0,1,4,2,18,5,2,,0,2,3,15,201900023233B01,7,2,1,200067254
201900023234,2019-06-27,2019,juin,jeudi,09:35,64,64445,43.2934,-0.38265,2,1,2,1,7,4,2,2,1,1,,,1,0,1,4,2,47,0,1,2,0,2,4,1,201900023234B01,7,1,1,200067254
201900023245,2019-06-27,2019,juin,jeudi,09:35,56,56121,47.7659,-3.40063,2,6,3,1,1,4,2,2,1,1,,,1,5,1,4,1,62,0,1,2,0,2,1,1,201900023245B01,7,19,1,200042174
201900023246,2019-06-27,2019,juin,jeudi,08:40,56,56098,47.75693,-3.34485,2,1,4,1,1,4,1,1,1,1,,,1,0,1,4,1,24,1,1,2,0,2,1,2,201900023246C01,7,20,1,200042174
201900023246,2019-06-27,2019,juin,jeudi,08:40,56,56098,47.75693,-3.34485,2,1,4,1,1,4,1,1,1,1,,,1,0,1,4,1,56,1,1,2,0,2,1,2,201900023246A01,7,20,1,200042174
201900023247,2019-06-26,2019,juin,mercredi,15:40,56,56162,47.73504,-3.4282,2,1,3,1,1,6,-1,-1,1,1,,,1,0,1,4,1,18,5,2,,0,2,1,1,201900023247A01,7,1,1,200042174
201900023255,2019-06-29,2019,juin,samedi,16:10,45,45234,47.8898023,1.9056968,2,3,3,1,1,4,2,2,1,1,,,1,4,1,4,1,16,5,2,,0,2,1,1,201900023255A01,7,1,1,244500468
201900023263,2019-05-06,2019,mai,lundi,07:50,44,44162,47.22704,-1.65143,2,6,3,1,1,7,2,2,1,1,,,1,5,1,4,2,53,1,2,,0,2,7,1,201900023263B01,7,9,1,244400404
201900023266,2019-06-22,2019,juin,samedi,18:45,41,41295,47.58296,1.37944,2,3,3,1,1,4,2,2,1,1,,,1,0,1,4,1,20,5,2,,0,2,1,9,201900023266A01,7,1,1,200030385
201900023268,2019-06-29,2019,juin,samedi,12:50,38,38421,45.18557,5.76905,2,1,6,1,1,4,2,2,1,1,,,1,0,1,3,1,63,0,2,,0,2,8,1,201900023268B01,7,0,1,200040715
201900023282,2019-07-30,2019,juillet,mardi,21:20,80,80021,49.89382,2.3089,2,1,3,1,1,4,1,1,1,1,,,1,0,1,4,2,16,0,1,2,0,2,0,1,201900023282B01,2,1,1,248000531
201900023298,2019-07-18,2019,juillet,jeudi,14:53,44,44135,47.2779,-2.43835,1,6,3,1,1,4,2,2,1,1,,,1,9,1,3,1,23,0,2,,0,2,0,1,201900023298B01,7,1,1,244400610
201900023317,2019-07-31,2019,juillet,mercredi,15:23,75,75106,48.851471,2.337041,2,2,3,1,1,4,2,2,1,1,,,1,0,1,3,2,47,1,1,2,0,2,1,1,201900023317B01,7,1,1,200054781
201900023371,2019-07-30,2019,juillet,mardi,17:10,67,67309,48.647137,7.72491,1,1,2,1,1,7,3,4,1,1,,,1,3,1,3,1,77,5,2,,0,0,4,3,201900023371B01,7,3,1,246700488
201900023374,2019-07-31,2019,juillet,mercredi,14:40,972,97228,14.755855,-60.995962,1,1,2,1,1,3,2,2,2,1,,,1,0,1,2,1,17,5,2,,0,2,4,13,201900023374B01,7,13,1,200041788