Num_Acc,date,an,mois,jour,hrmn,dep,com,lat,long,agg,int,col,lum,atm,catr,circ,nbv,prof,plan,lartpc,larrout,surf,infra,situ,grav,sexe,age,trajet,secuexist,equipement,obs,obsm,choc,manv,vehiculeid,typevehicules,manoeuvehicules,numVehicules,_infos_commune.code_epci
201900023378,2019-07-31,2019,juillet,mercredi,19:02,74,74128,46.159997,6.318393,1,3,1,1,1,4,2,2,1,1,,,1,0,1,3,1,8,5,1,2,0,2,2,19,201900023378B01,37,1,1,247400666
201900023500,2019-05-03,2019,mai,vendredi,11:10,76,76351,49.48969,0.09773,2,3,7,1,1,4,2,2,1,1,,,1,0,1,4,1,63,5,1,2,0,0,0,0,201900023500A01,,,,200084952
201900023525,2019-05-10,2019,mai,vendredi,15:20,74,74010,45.9037,6.1245,2,1,6,1,1,4,2,2,1,3,,,1,6,1,1,1,16,0,2,,0,1,1,26,201900023525A01,,,,200066793
201900023529,2019-05-28,2019,mai,mardi,13:00,72,72181,48.00392,0.19933,2,1,6,1,3,4,2,3,1,1,,,2,0,1,4,1,22,4,2,,0,1,1,1,201900023529A01,7,23,1,247200132
201900023613,2019-03-12,2019,mars,mardi,17:30,75,75116,48.869726,2.285051,2,7,3,1,8,4,2,2,2,1,,,1,0,1,4,1,12,5,2,,0,2,8,19,201900023613B01,32,1,1,200054781
201900023661,2019-03-13,2019,mars,mercredi,13:07,6,06059,43.729797,7.359764,1,1,3,1,1,3,2,4,1,3,,,1,0,1,4,1,51,5,1,2,0,2,0,1,201900023661B01,7,1,1,200030195
201900023683,2019-03-12,2019,mars,mardi,06:00,59,59357,50.285895,3.874664,1,1,2,3,6,2,2,2,4,3,,,1,0,1,3,1,21,0,2,,0,2,4,2,201900023683A01,10,2,1,200043321
201900023723,2019-03-11,2019,mars,lundi,07:50,64,64445,43.3044735,-0.3675141,2,6,1,2,2,4,2,2,1,1,,,2,9,1,4,1,21,9,2,,0,2,1,15,201900023723B01,7,1,1,200067254
201900023730,2019-03-09,2019,mars,samedi,14:55,56,56162,47.73012,-3.496,2,1,2,1,1,3,2,2,1,1,,,1,0,1,4,1,43,5,2,,0,2,4,1,201900023730B01,7,2,1,200042174
201900023739,2019-03-11,2019,mars,lundi,14:30,45,45208,47.99194,2.73228,2,3,6,1,6,4,-1,1,1,1,,,1,0,4,4,1,22,-1,2,,12,0,1,21,201900023739A01,,,,244500203
201900023790,2019-11-15,2019,novembre,vendredi,16:15,971,97114,16.152521,-61.584703,1,1,5,1,1,2,1,2,1,1,,,1,0,2,4,1,56,5,1,2 / 6,0,2,6,2,201900023790C01,7,14,1,249710062
201900023790,2019-11-15,2019,novembre,vendredi,16:15,971,97114,16.152521,-61.584703,1,1,5,1,1,2,1,2,1,1,,,1,0,2,2,1,50,5,1,2 / 6,0,2,6,26,201900023790B01,7,14,1,249710062
201900023897,2019-11-14,2019,novembre,jeudi,09:55,75,75118,48.883837,2.349478,2,2,3,1,1,4,3,2,1,1,,,1,0,1,4,2,24,0,1,2,0,2,1,1,201900023897B01,7,15,1,200054781
201900023898,2019-11-13,2019,novembre,mercredi,19:55,75,75116,48.8749121,2.2711113,2,2,5,3,1,4,2,4,1,1,,,1,0,1,4,2,30,5,1,2,0,2,3,15,201900023898A01,7 / 34,1,2,200054781
201900023905,2019-11-13,2019,novembre,mercredi,11:35,75,75110,48.8824474,2.3640507,2,1,3,1,2,4,2,2,1,1,,,2,0,1,4,2,30,1,1,2,0,2,1,1,201900023905B01,10,22,1,200054781
201900023942,2019-11-15,2019,novembre,vendredi,14:30,63,63021,45.6558,3.194921,1,4,1,1,1,3,2,2,1,1,,,1,0,1,3,1,75,5,1,2,0,2,1,1,201900023942B01,7,15,1,200069177
201900023949,2019-11-01,2019,novembre,vendredi,13:45,38,38224,44.873562,5.716006,2,1,3,2,8,3,2,2,2,3,,,2,0,1,3,1,57,5,1,2,0,2,1,0,201900023949B01,10,15,1,200040657
201900023951,2019-01-29,2019,janvier,mardi,15:50,68,68154,47.763776,7.347579,2,6,3,1,1,9,2,2,1,1,,,1,5,1,4,2,79,5,2,,0,2,7,0,201900023951B01,7,0,1,200066009
201900023952,2019-01-26,2019,janvier,samedi,12:00,67,67055,48.328224,7.691069,2,3,4,1,2,3,2,2,1,1,,,2,0,1,4,1,64,5,2,,0,2,3,1,201900023952C01,2 / 7,1 / 15,2,200067924
201900023961,2019-01-24,2019,janvier,jeudi,15:00,72,72154,47.688428,-0.019337,1,1,3,1,1,3,2,2,1,3,,,1,0,1,3,1,66,5,2,,0,2,8,19,201900023961B01,7,0,1,247200348
201900023999,2019-01-28,2019,janvier,lundi,11:00,69,69383,45.75921,4.85233,2,2,3,1,2,4,1,1,1,1,,,2,0,1,4,1,39,0,2,,0,2,1,19,201900023999B01,10,16,1,200046977
201900024040,2019-01-28,2019,janvier,lundi,16:50,34,34172,43.60529,3.87531,2,1,2,1,1,4,2,3,1,1,,,1,0,1,1,1,35,0,2,,0,2,8,19,201900024040A01,33,1,1,243400017
201900024060,2019-01-28,2019,janvier,lundi,17:00,75,75115,48.843893,2.286447,2,1,3,1,1,4,1,1,1,1,,,1,0,5,4,2,49,1,2,,0,2,5,5,201900024060B01,7,9,1,200054781
201900024098,2019-01-29,2019,janvier,mardi,10:50,17,17396,46.221669,-0.877568,1,1,2,1,2,3,2,2,2,1,,,2,0,1,3,2,69,5,2,,0,2,4,2,201900024098A01,7,2,1,200041499
201900024110,2019-01-28,2019,janvier,lundi,19:15,49,49021,47.433714,-0.225887,1,1,2,3,1,3,2,2,1,1,,,1,0,1,3,2,62,5,1,4,0,2,4,2,201900024110B01,3,2,1,244900882
201900024131,2019-10-10,2019,octobre,jeudi,17:30,63,63074,45.464825,3.20897,2,3,3,1,1,3,2,2,2,3,,,1,0,1,4,1,11,5,1,2,0,2,1,1,201900024131B01,7,1,1,200070407
201900024147,2019-10-11,2019,octobre,vendredi,17:00,64,64417,43.179525,-0.258834,2,6,3,1,1,9,-1,1,1,1,,,1,0,1,4,1,28,5,2,,0,2,1,2,201900024147B01,10,2,1,246401756
201900024174,2019-10-11,2019,octobre,vendredi,16:45,69,69255,45.7357,4.66114,2,1,1,1,1,3,2,2,1,1,,,1,0,1,4,1,9,2,1,2,0,2,2,15,201900024174B01,7,1,1,246900724
201900024205,2019-10-08,2019,octobre,mardi,20:21,45,45302,47.9432525,1.9073716,2,9,3,5,8,4,-1,0,1,1,,,1,2,1,3,1,48,9,1,2,0,2,1,1,201900024205A01,7,9,1,244500468
201900024206,2019-07-06,2019,juillet,samedi,11:20,41,41018,47.58025,1.30043,2,1,3,1,1,4,2,2,1,1,,,1,0,1,4,1,12,5,2,,0,2,1,25,201900024206B01,7,9,1,200030385
201900024249,2019-10-08,2019,octobre,mardi,09:25,64,64102,43.48091,-1.46351,2,1,3,1,1,4,2,3,1,1,,,1,0,1,4,1,41,5,1,2 / 6,0,2,8,1,201900024249B01,7,14,1,200067106
201900024296,2019-10-09,2019,octobre,mercredi,10:50,75,75115,48.8409,2.31327,2,1,7,1,2,4,2,2,1,1,,,2,0,5,4,2,62,5,1,2,0,0,1,21,201900024296A01,,,,200054781
201900024300,2019-10-09,2019,octobre,mercredi,09:30,75,75114,48.8257434,2.3145081,2,3,3,1,2,4,3,2,1,1,,,2,0,5,4,1,32,4,1,2,0,2,1,1,201900024300B01,10,16,1,200054781
201900024301,2019-10-09,2019,octobre,mercredi,20:30,75,75113,48.8383304,2.3728006,2,3,3,5,1,4,2,4,1,1,,,1,0,5,4,2,30,5,1,2,0,2,1,1,201900024301B01,7,16,1,200054781
201900024306,2019-10-08,2019,octobre,mardi,21:55,75,75111,48.855129,2.387104,2,2,3,5,2,4,2,2,1,1,,,2,0,1,4,1,27,0,1,2,0,2,7,1,201900024306B01,7,1,1,200054781
201900024379,2019-12-16,2019,décembre,lundi,09:50,45,45234,47.84569,1.94058,2,2,3,1,2,4,2,2,1,1,,,2,0,5,4,2,21,2,2,,0,2,1,1,201900024379B01,10,19,1,244500468
201900024403,2019-12-18,2019,décembre,mercredi,17:45,13,13001,43.512818,5.437339,2,6,3,5,1,4,1,1,2,2,,,1,0,1,4,1,16,0,2,,12,0,8,2,201900024403B01,7,2,1,200054807
201900024411,2019-12-23,2019,décembre,lundi,17:45,75,75105,48.84033,2.362023,2,4,6,5,1,4,2,6,4,1,,,1,0,6,1,1,15,5,1,2,0,1,1,7,201900024411A01,,,,200054781
201900024413,2019-12-23,2019,décembre,lundi,15:50,75,75112,48.846592,2.4138948,2,7,3,1,1,4,1,4,1,2,,,1,0,5,4,1,29,0,1,2,0,2,8,19,201900024413B01,7,16,1,200054781
201900024453,2019-12-23,2019,décembre,lundi,17:35,62,62407,50.588044,2.447575,1,1,2,3,1,3,2,2,1,1,,,1,0,1,3,1,34,5,1,4,0,0,4,2,201900024453B01,10,2,1,200072460
201900024481,2019-12-23,2019,décembre,lundi,16:30,66,66227,42.632321,2.919876,2,3,3,1,1,4,2,2,1,1,,,1,0,1,3,1,14,5,2,,0,2,1,15,201900024481B01,7,1,1,200027183
201900024492,2019-12-24,2019,décembre,mardi,12:55,60,60446,49.1387502,2.8084599,2,3,1,1,7,4,2,2,2,1,,,2,0,1,4,1,32,0,2,,0,0,1,1,201900024492B01,7,15,1,246000871
201900024506,2019-09-06,2019,septembre,vendredi,14:40,15,15258,44.96576,2.618712,2,1,6,1,1,3,2,2,4,3,,,9,0,1,3,1,62,5,1,2,12,0,9,1,201900024506A01,,,,241501089
201900024524,2019-09-08,2019,septembre,dimanche,17:45,973,97312,5.3731172,-52.9548526,2,3,3,1,1,4,2,2,1,1,,,1,0,1,3,2,8,5,2,,0,2,1,26,201900024524B01,10,1,1,200027548
201900024529,2019-09-09,2019,septembre,lundi,15:20,34,34276,43.774351,3.870291,2,6,2,1,1,3,1,2,1,2,,,1,0,1,4,1,21,5,1,2,0,2,4,1,201900024529B01,7,9,1,200022986
201900024532,2019-09-08,2019,septembre,dimanche,09:15,57,57474,49.259513,6.158684,2,6,3,1,1,3,1,1,1,3,,,1,0,1,4,1,40,3,2,,0,2,3,1,201900024532A01,7,16,1,200039949
201900024536,2019-09-08,2019,septembre,dimanche,09:50,62,62201,50.575173,1.583474,2,6,3,1,1,4,1,1,1,3,,,1,0,1,3,1,54,5,2,,0,2,4,9,201900024536B01,7,9,1,200069029
201900024550,2019-09-04,2019,septembre,mercredi,16:00,45,45285,47.9131,1.8738,2,1,6,1,1,4,2,2,1,1,,,1,0,4,4,1,34,0,1,2,15,0,1,25,201900024550A01,,,,244500468
201900024604,2019-09-05,2019,septembre,jeudi,09:15,74,74012,46.19136,6.24222,2,2,3,1,1,4,2,3,1,1,,,1,0,1,4,1,38,0,2,,0,2,8,1,201900024604B01,7,16,1,200011773
201900024609,2019-09-06,2019,septembre,vendredi,09:13,71,71306,46.67604,4.37608,2,1,3,1,1,4,1,2,1,2,,,1,9,1,3,1,77,5,1,2,0,2,4,1,201900024609B01,7,16,1,247100290
201900024627,2019-09-05,2019,septembre,jeudi,21:44,64,64445,43.31311,-0.36852,2,6,2,5,1,4,1,1,1,2,,,1,0,1,4,1,48,5,2,,0,2,4,15,201900024627B01,7,16,1,200067254
201900024629,2019-09-05,2019,septembre,jeudi,23:16,63,63113,45.77184,3.08989,2,1,3,5,1,4,1,2,1,1,,,1,0,1,4,1,18,0,1,2,0,2,1,1,201900024629B01,7,1,1,246300701
201900024661,2019-01-06,2019,janvier,dimanche,08:55,54,54395,48.69574,6.17106,2,3,1,1,1,4,-1,2,1,1,,,1,0,1,4,1,73,0,2,,0,2,0,0,201900024661B01,7,15,1,245400676
201900024671,2019-04-12,2019,avril,vendredi,17:45,29,29190,48.344449,-4.718713,2,2,3,1,1,4,2,2,1,1,,,1,0,1,4,2,16,5,2,,0,0,8,15,201900024671A01,7,17,1,242900074
201900024672,2019-04-17,2019,avril,mercredi,18:10,31,31118,43.813767,1.373149,1,3,3,1,1,3,2,2,1,1,,,1,0,1,3,1,22,5,1,2,0,2,1,1,201900024672B01,7,1,1,200034957
201900024716,2019-04-15,2019,avril,lundi,16:10,974,97411,-20.88909,55.44769,2,9,1,1,1,4,1,1,2,1,,,1,0,1,3,2,46,0,2,,0,2,1,5,201900024716B01,7,26,1,249740119
201900024752,2019-04-13,2019,avril,samedi,23:00,74,74093,45.9088,6.0977,2,3,6,5,1,4,2,2,4,1,,,1,0,1,3,1,15,5,2,,0,2,1,15,201900024752A01,7,1,2,
201900024752,2019-04-13,2019,avril,samedi,23:00,74,74093,45.9088,6.0977,2,3,6,5,1,4,2,2,4,1,,,1,0,1,4,1,17,5,2,,0,2,1,15,201900024752A01,7,1,2,
201900024817,2019-04-15,2019,avril,lundi,13:40,75,75118,48.891564,2.349594,2,2,3,1,1,4,2,6,1,1,,,1,0,6,4,1,25,0,1,2,0,2,2,7,201900024817B01,7,14,1,200054781
201900024820,2019-04-15,2019,avril,lundi,11:15,75,75117,48.875715,2.288939,2,3,3,1,1,4,2,8,2,1,,,1,0,5,4,1,39,1,1,2,0,2,1,1,201900024820B01,7,22,1,200054781
201900024825,2019-04-15,2019,avril,lundi,17:25,75,75113,48.825941,2.345215,2,2,2,1,1,4,2,4,1,1,,,1,0,1,4,1,52,5,1,2,0,2,4,1,201900024825B01,50,18,1,200054781
201900024863,2019-06-28,2019,juin,vendredi,08:30,32,32013,43.63353,0.58831,2,3,3,1,1,4,2,2,1,1,,,1,0,1,4,1,17,1,2,,0,2,1,9,201900024863A01,7,1,1,200066926
201900024883,2019-06-26,2019,juin,mercredi,21:55,19,19272,45.26784,1.77233,2,1,3,2,1,4,1,2,1,1,,,1,0,1,4,1,30,0,2,,0,2,7,2,201900024883B01,7,11,1,241927201
201900024913,2019-06-27,2019,juin,jeudi,12:19,1,01053,46.20723,5.23853,2,9,3,1,1,3,-1,4,1,1,,,1,0,1,4,2,56,1,1,2,0,2,1,25,201900024913A01,7,26,1,200071751
201900024936,2019-06-27,2019,juin,jeudi,16:50,75,75118,48.888352,2.349577,2,2,6,1,1,4,2,4,1,1,,,1,0,6,1,1,31,9,2,,0,1,8,7,201900024936A01,,,,200054781
201900024941,2019-06-26,2019,juin,mercredi,12:40,75,75116,48.861974,2.230391,2,3,2,1,1,4,1,1,1,1,,,1,0,5,4,1,27,5,1,2,0,2,1,1,201900024941B01,7,23,1,200054781
201900024942,2019-06-29,2019,juin,samedi,13:05,75,75115,48.838639,2.30526,2,2,3,1,1,4,2,2,1,1,,,1,0,1,4,2,33,5,1,2,0,2,8,1,201900024942B01,10,1,1,200054781
201900024950,2019-06-26,2019,juin,mercredi,20:30,75,75113,48.819215,2.362054,2,3,3,1,1,4,3,6,1,4,,,1,4,1,3,1,33,9,1,2,0,4,1,19,201900024950A01,40,1,1,200054781
201900024951,2019-06-29,2019,juin,samedi,15:18,75,75112,48.846613,2.400182,2,3,3,1,1,4,-1,1,1,1,,,1,0,1,4,1,12,5,1,2,0,2,7,15,201900024951A01,33,1,1,200054781
201900024965,2019-06-27,2019,juin,jeudi,06:40,75,75107,48.858588,2.328597,2,1,6,2,1,4,1,1,1,1,,,1,0,1,1,1,27,0,2,,0,1,1,1,201900024965A01,,,,200054781
201900024966,2019-06-26,2019,juin,mercredi,18:50,75,75107,48.854276,2.305443,2,5,2,1,1,4,-1,1,1,1,,,1,0,1,4,1,44,9,2,,0,2,4,1,201900024966B01,10,1,1,200054781
201900024971,2019-06-26,2019,juin,mercredi,19:50,75,75104,48.852183,2.367888,2,1,3,1,1,4,1,0,1,1,,,1,9,1,4,2,23,5,2,,0,2,1,1,201900024971B01,7,22,1,200054781
201900025047,2019-07-29,2019,juillet,lundi,11:25,56,56121,47.74944,-3.35746,2,3,3,1,2,4,2,1,2,1,,,2,0,1,4,1,31,5,2,,0,2,0,1,201900025047B01,7,1,1,200042174
201900025110,2019-07-28,2019,juillet,dimanche,20:15,11,11262,43.18166,2.9812,2,3,6,1,1,4,2,2,2,1,,,1,0,1,4,1,18,5,1,2,0,0,8,9,201900025110B01,7,9,1,241100593
201900025114,2019-07-29,2019,juillet,lundi,08:40,6,06088,43.69572,7.26979,2,1,3,1,1,4,1,1,1,1,,,1,0,1,4,1,24,0,2,,0,2,1,17,201900025114A01,10,1,1,200030195
201900025128,2019-07-29,2019,juillet,lundi,09:45,75,75119,48.900925,2.370298,2,4,3,1,1,4,1,2,1,1,,,1,0,5,4,1,36,0,1,2,0,2,9,1,201900025128B01,14,16,1,200054781
201900025136,2019-07-30,2019,juillet,mardi,18:20,75,75112,48.8438842,2.4103087,2,1,1,1,1,4,2,1,2,1,,,1,0,5,1,1,44,1,1,2,0,2,1,5,201900025136A01,1,1,1,200054781
201900025136,2019-07-30,2019,juillet,mardi,18:20,75,75112,48.8438842,2.4103087,2,1,1,1,1,4,2,1,2,1,,,1,0,5,4,2,27,5,1,2,0,2,1,1,201900025136B01,1,5,1,200054781
201900025140,2019-07-29,2019,juillet,lundi,18:10,75,75111,48.8540433,2.3689348,2,4,3,1,1,4,3,2,1,1,,,1,0,1,4,1,26,1,1,2,0,2,3,18,201900025140A01,7,23,1,200054781
201900025147,2019-07-30,2019,juillet,mardi,18:20,75,75106,48.8511078,2.3262762,2,1,2,1,1,4,2,2,1,1,,,1,0,1,4,2,33,5,1,2,0,2,4,2,201900025147B01,7,2,1,200054781
201900025149,2019-07-28,2019,juillet,dimanche,20:30,75,75102,48.8709583,2.3341594,2,2,3,2,1,4,2,3,1,1,,,1,0,1,4,1,40,0,1,2,0,2,1,18,201900025149B01,7,22,1,200054781
201900025194,2019-07-30,2019,juillet,mardi,10:15,49,49334,47.526899,-0.22419,1,2,4,1,1,4,2,2,1,1,,,1,0,1,4,1,72,5,1,2,0,2,0,21,201900025194C01,36,15,1,200068955
201900025194,2019-07-30,2019,juillet,mardi,10:15,49,49334,47.526899,-0.22419,1,2,4,1,1,4,2,2,1,1,,,1,0,1,3,1,70,5,1,2,0,2,7,21,201900025194B01,36,15,1,200068955
201900025213,2019-03-11,2019,mars,lundi,08:30,75,75106,48.853754,2.344279,2,7,3,1,8,4,1,5,1,1,,,1,0,1,4,1,27,1,1,2,0,2,7,5,201900025213B01,32,1,1,200054781
201900025254,2019-03-12,2019,mars,mardi,12:05,70,70096,47.583433,6.793917,2,1,1,1,1,4,2,2,1,3,,,1,0,1,4,2,11,5,1,2,0,2,1,13,201900025254A01,7,1,1,247000722
201900025262,2019-03-07,2019,mars,jeudi,11:00,66,66012,42.704381,2.832323,1,6,3,1,8,3,1,2,1,2,,,1,0,1,3,1,70,5,1,2,0,2,1,1,201900025262A01,7,9,1,200027183
201900025340,2019-03-11,2019,mars,lundi,10:00,56,56089,47.951009,-3.242005,1,1,2,1,1,3,2,2,2,1,,,1,0,1,2,1,63,5,1,2,0,2,4,1,201900025340B01,7,1,1,200042174
201900025399,2019-04-26,2019,avril,vendredi,19:25,68,68066,48.081341,7.331761,2,1,3,1,1,9,2,2,1,1,,,1,0,1,4,1,10,5,2,,0,2,1,25,201900025399B01,7,25,1,246800726
201900025438,2019-05-15,2019,mai,mercredi,22:00,66,66136,42.68866,2.89472,2,1,6,5,1,4,-1,1,1,1,,,1,0,1,4,1,16,5,1,2,0,2,1,1,201900025438B01,7,9,1,200027183
201900025443,2019-04-30,2019,avril,mardi,08:45,66,66136,42.677,2.913,2,1,3,1,1,4,-1,2,1,2,,,1,0,1,4,1,83,5,2,,0,2,3,9,201900025443A01,7,9,1,200027183
201900025445,2019-04-26,2019,avril,vendredi,19:20,66,66136,42.6871736,2.9018003,2,2,3,1,1,4,2,0,1,1,,,1,0,1,4,1,50,5,2,,0,2,2,0,201900025445A01,7,1,1,200027183
201900025451,2019-05-14,2019,mai,mardi,11:00,64,64483,43.3969625,-1.6450471,2,1,2,1,1,3,2,2,1,1,,,1,0,1,4,1,64,0,2,,0,2,4,2,201900025451B01,7,2,1,200067106
201900025464,2019-05-15,2019,mai,mercredi,17:20,64,64445,43.3012037,-0.3710348,2,9,3,1,1,4,2,2,1,1,,,1,0,1,4,1,24,5,2,,0,2,1,19,201900025464B01,10,1,1,200067254
201900025485,2019-05-07,2019,mai,mardi,10:40,64,64122,43.48123,-1.56243,2,9,7,1,8,4,1,1,1,1,,,1,0,1,3,1,75,5,1,2,0,0,0,26,201900025485A01,,,,200067106
201900025508,2019-05-14,2019,mai,mardi,17:10,63,63113,45.7731,3.0957,2,1,2,1,1,4,2,2,1,1,,,1,0,1,4,1,18,0,2,,0,2,1,2,201900025508A01,7,2,1,246300701
201900025612,2019-11-13,2019,novembre,mercredi,10:20,988,98818,-22.30744,166.44828,2,1,6,1,1,4,2,2,4,3,,,1,9,1,4,1,33,5,1,2,0,1,1,1,201900025612A01,,,,
201900025659,2019-11-09,2019,novembre,samedi,09:00,47,47032,44.18857,0.66027,2,1,3,2,1,4,2,2,1,1,,,1,0,1,4,2,64,5,1,2,0,2,8,1,201900025659B01,7,17,1,200096956
201900025702,2019-11-13,2019,novembre,mercredi,09:50,75,75118,48.8917229,2.3487301,2,2,3,1,8,4,2,2,1,1,,,1,0,1,4,1,27,0,1,2,0,2,2,17,201900025702B01,7,10,1,200054781
201900025703,2019-11-13,2019,novembre,mercredi,09:45,75,75117,48.8955646,2.3282861,2,2,3,1,1,4,2,3,1,1,,,1,0,1,4,1,17,2,1,2,0,2,2,1,201900025703B01,7,1,1,200054781
201900025703,2019-11-13,2019,novembre,mercredi,09:45,75,75117,48.8955646,2.3282861,2,2,3,1,1,4,2,3,1,1,,,1,0,1,4,1,17,1,1,2,0,2,2,1,201900025703B01,7,1,1,200054781
201900025706,2019-11-13,2019,novembre,mercredi,16:00,75,75116,48.854154,2.237366,2,1,3,1,1,4,2,2,1,1,,,1,0,1,3,1,77,5,1,2,12,2,7,1,201900025706B01,7,10,1,200054781
201900025709,2019-11-13,2019,novembre,mercredi,19:15,75,75110,48.881574,2.3657,2,2,3,5,1,4,2,2,1,1,,,1,0,1,4,2,29,1,1,2,0,2,3,1,201900025709B01,7,14,1,200054781
201900025739,2019-11-13,2019,novembre,mercredi,18:30,56,56005,47.546558,-2.901479,2,9,1,5,3,9,-1,2,2,1,,,2,9,5,4,1,40,5,2,,0,9,1,0,201900025739B01,50,0,1,200067932
201900025796,2019-12-21,2019,décembre,samedi,19:50,75,75120,48.871453,2.404171,2,1,3,5,2,4,2,2,2,1,,,2,0,1,4,1,41,1,1,2,0,2,6,13,201900025796A01,30,17,1,200054781
201900025809,2019-12-21,2019,décembre,samedi,07:35,75,75107,48.85473,2.325996,2,4,3,5,1,4,1,1,1,1,,,1,0,5,4,2,23,0,1,2,0,2,1,1,201900025809B01,7,16,1,200054781
201900025810,2019-12-21,2019,décembre,samedi,11:35,75,75104,48.8510483,2.3611412,2,4,6,1,1,4,2,1,1,1,,,1,6,1,4,1,59,5,1,2,12,0,7,16,201900025810A01,,,,200054781
201900025811,2019-12-20,2019,décembre,vendredi,17:45,75,75101,48.8643902,2.3301115,2,3,2,5,1,4,2,5,1,1,,,1,0,5,4,1,34,9,1,2,0,2,1,2,201900025811A01,1,2,1,200054781
201900025811,2019-12-20,2019,décembre,vendredi,17:45,75,75101,48.8643902,2.3301115,2,3,2,5,1,4,2,5,1,1,,,1,0,5,1,1,39,9,1,2,0,2,4,2,201900025811B01,1,2,1,200054781
201900025848,2019-12-21,2019,décembre,samedi,15:30,1,01151,46.0808076,5.2614802,1,1,6,1,2,3,2,2,1,4,,,2,0,1,4,1,55,5,1,2,0,2,1,2,201900025848A01,1,2,1,200071751
201900025848,2019-12-21,2019,décembre,samedi,15:30,1,01151,46.0808076,5.2614802,1,1,6,1,2,3,2,2,1,4,,,2,0,1,4,1,38,5,1,2,0,5,1,2,201900025848B01,1,2,1,200071751
201900026040,2019-10-07,2019,octobre,lundi,07:50,67,67482,48.59125,7.72318,2,1,6,1,8,7,3,4,1,3,,,1,9,1,1,1,19,0,2,,0,1,1,14,201900026040Z01,,,,246700488
201900026045,2019-10-08,2019,octobre,mardi,08:45,64,64129,43.299511,-0.391441,2,1,3,1,1,4,2,1,1,1,,,1,0,1,4,1,26,5,2,,0,2,1,1,201900026045B01,7,16,1,200067254
201900026066,2019-10-08,2019,octobre,mardi,07:30,44,44162,47.21738,-1.64366,2,1,3,5,2,4,-1,0,1,1,,,2,0,1,4,2,54,1,2,,0,2,7,1,201900026066B01,7,1,1,244400404
201900026129,2019-01-27,2019,janvier,dimanche,16:05,75,75119,48.885102,2.383768,2,2,3,1,2,4,1,1,1,1,,,2,0,1,4,1,39,5,1,2,0,2,1,1,201900026129A01,7,1,1,200054781
201900026165,2019-01-27,2019,janvier,dimanche,20:25,987,98734,-17.721252,-149.496638,2,1,1,5,1,2,2,2,1,1,,,1,0,1,2,1,14,5,2,,0,2,2,0,201900026165B01,10,1,1,
201900026191,2019-01-19,2019,janvier,samedi,15:28,22,22106,48.50623,-2.70326,1,1,2,1,2,4,2,2,2,1,,,2,0,1,4,1,51,5,1,2,0,2,4,1,201900026191B01,7,2,1,200069409
201900026239,2019-01-24,2019,janvier,jeudi,07:05,91,91182,48.62525,2.40682,2,1,3,5,1,3,4,3,1,1,,,1,0,1,3,1,45,4,2,,0,2,5,1,201900026239B01,7,1,1,
201900026280,2019-09-17,2019,septembre,mardi,13:20,44,44184,47.2703,-2.2254,2,1,6,1,1,4,3,2,1,1,,,1,0,1,4,1,57,5,2,,0,2,1,1,201900026280B01,3,26,1,244400644
201900026305,2019-09-06,2019,septembre,vendredi,21:25,34,34172,43.6001832,3.8441908,2,3,3,5,1,4,2,2,1,1,,,1,0,1,4,1,25,5,2,,0,2,8,11,201900026305B01,7,1,1,243400017
201900026315,2019-09-06,2019,septembre,vendredi,15:20,32,32013,43.65586,0.55522,1,1,2,1,1,3,2,2,2,3,,,1,0,1,3,1,81,5,1,2,0,2,8,1,201900026315B01,7,1,1,200066926
201900026366,2019-09-05,2019,septembre,jeudi,18:50,5,05061,44.5653756,6.0927504,2,6,3,1,1,2,2,2,1,1,,,1,5,1,4,1,47,5,2,,0,2,8,19,201900026366B01,7,1,1,200067825
201900026380,2019-09-03,2019,septembre,mardi,20:15,75,75113,48.8206261,2.3494568,2,3,3,5,1,4,1,1,1,1,,,1,0,1,4,1,14,0,1,2,0,2,1,19,201900026380B01,7,16,1,200054781
201900026382,2019-09-04,2019,septembre,mercredi,13:20,75,75120,48.87671,2.404962,2,1,3,1,1,4,2,2,1,1,,,1,0,1,4,1,33,0,1,2,0,2,4,2,201900026382B01,7,2,1,200054781
201900026386,2019-09-05,2019,septembre,jeudi,08:45,75,75117,48.886468,2.29577,2,5,3,1,1,4,3,2,1,1,,,1,0,1,4,2,22,2,1,2,0,2,1,1,201900026386B01,7,10,1,200054781
201900026391,2019-09-06,2019,septembre,vendredi,17:30,75,75116,48.8484932,2.2421175,2,7,3,1,1,4,1,2,1,2,,,1,0,1,4,1,60,5,1,2,0,2,3,14,201900026391A01,7,1,1,200054781
201900026397,2019-09-06,2019,septembre,vendredi,07:00,75,75115,48.840612,2.314975,2,7,7,2,1,4,3,2,2,1,,,1,5,1,4,2,61,1,1,2,0,0,0,1,201900026397A01,,,,200054781
201900026400,2019-09-04,2019,septembre,mercredi,09:45,75,75114,48.829299,2.322656,2,2,3,1,1,4,1,2,1,1,,,1,0,1,4,2,30,1,1,2,0,2,3,13,201900026400A01,37,1,1,200054781