Num_Acc,date,an,mois,jour,hrmn,dep,com,lat,long,agg,int,col,lum,atm,catr,circ,nbv,prof,plan,lartpc,larrout,surf,infra,situ,grav,sexe,age,trajet,secuexist,equipement,obs,obsm,choc,manv,vehiculeid,typevehicules,manoeuvehicules,numVehicules,_infos_commune.code_epci
201900026405,2019-09-05,2019,septembre,jeudi,21:00,75,75113,48.8398467,2.3616955,2,4,6,5,1,4,2,4,2,1,,,1,0,6,4,1,29,5,1,2,0,1,1,7,201900026405A01,,,,200054781
201900026409,2019-09-06,2019,septembre,vendredi,09:35,75,75111,48.86674,2.36516,2,7,6,1,1,4,2,2,1,1,,,1,0,5,4,2,68,1,1,2,0,2,6,15,201900026409A01,1,2,1,200054781
201900026416,2019-09-04,2019,septembre,mercredi,13:15,75,75109,48.872362,2.337426,2,2,4,1,1,4,1,2,1,1,,,1,0,1,4,1,48,1,1,2,0,2,1,3,201900026416A01,7 / 14,1,2,200054781
201900026496,2019-06-28,2019,juin,vendredi,14:45,63,63163,45.7675828,2.744447,1,1,1,1,1,3,2,2,1,1,,,1,0,1,3,1,74,0,1,2,0,2,4,13,201900026496A01,7,1,1,200069169
201900026498,2019-06-30,2019,juin,dimanche,10:50,1,01021,45.997678,4.832301,1,1,3,1,1,3,2,2,4,1,,,1,0,1,4,1,50,5,1,2 / 6,0,0,8,1,201900026498A01,15,17,1,200042497
201900026565,2019-06-28,2019,juin,vendredi,04:30,34,34154,43.552337,3.995214,1,1,3,3,1,3,3,4,1,1,,,1,0,1,2,1,29,5,2,,0,2,7,1,201900026565A01,7,1,1,243400470
201900026579,2019-06-29,2019,juin,samedi,11:05,15,15113,45.085535,2.673826,1,1,1,1,1,3,2,2,2,4,,,1,0,1,3,1,51,5,2,,0,2,1,0,201900026579B01,7,0,1,241500230
201900026599,2019-06-28,2019,juin,vendredi,17:45,14,14738,49.153357,-0.466582,2,1,3,1,1,4,2,2,2,2,,,1,0,1,3,1,12,5,2,,0,2,1,1,201900026599A01,7,1,1,200065597
201900026609,2019-06-27,2019,juin,jeudi,09:00,73,73059,45.7275489,5.8884361,2,3,3,1,1,4,2,2,1,1,,,1,0,1,4,1,61,5,1,2,0,2,2,15,201900026609B01,7,1,1,200068674
201900026619,2019-06-28,2019,juin,vendredi,18:40,21,21007,47.389144,4.301072,2,3,3,1,7,3,2,3,2,1,,,1,5,1,3,1,59,5,2,,0,2,0,1,201900026619B01,7,16,1,200071017
201900026620,2019-06-29,2019,juin,samedi,09:45,40,40284,43.665562,-1.288955,2,3,3,1,1,3,2,2,1,1,,,1,5,5,3,1,43,5,2,,0,2,1,1,201900026620B01,14,16,1,244000865
201900026621,2019-06-30,2019,juin,dimanche,08:45,24,24325,44.88619,1.407541,2,1,4,1,1,3,2,2,1,1,,,1,0,1,3,1,63,5,1,2,16,0,4,1,201900026621B01,7,1,1,200040830
201900026621,2019-06-30,2019,juin,dimanche,08:45,24,24325,44.88619,1.407541,2,1,4,1,1,3,2,2,1,1,,,1,0,1,4,1,16,5,1,2,16,0,4,1,201900026621C01,7,1,1,200040830
201900026625,2019-06-29,2019,juin,samedi,11:45,4,04045,43.853057,5.561887,1,1,3,1,1,4,2,2,1,1,,,1,0,1,4,1,54,5,1,2,0,2,8,1,201900026625B01,21,17,1,200040624
201900026626,2019-06-29,2019,juin,samedi,09:25,4,04031,43.923789,6.140075,1,1,4,1,1,3,2,2,3,1,,,1,0,1,4,1,51,5,1,2,0,2,4,1,201900026626B01,7,17,1,200067437
201900026626,2019-06-29,2019,juin,samedi,09:25,4,04031,43.923789,6.140075,1,1,4,1,1,3,2,2,3,1,,,1,0,1,4,1,53,5,1,2,0,2,4,1,201900026626C01,7,17,1,200067437
201900026648,2019-04-08,2019,avril,lundi,22:32,35,35210,48.145095,-1.783548,1,1,2,3,1,2,3,4,1,1,,,1,0,2,3,1,31,1,2,,0,0,6,2,201900026648A01,10,2,1,243500139
201900026649,2019-06-26,2019,juin,mercredi,18:15,74,74081,46.059981,6.577799,2,1,3,1,7,9,2,2,1,1,,,1,0,5,4,1,77,3,2,,0,2,8,26,201900026649B01,7,26,1,200033116
201900026676,2019-04-10,2019,avril,mercredi,18:30,33,33478,45.01118,0.01464,1,1,3,1,1,3,2,2,1,1,,,1,0,1,3,1,24,5,1,2,0,2,8,2,201900026676B01,7,17,1,200070092
201900026677,2019-04-06,2019,avril,samedi,16:45,36,36026,46.9523367,1.7518821,1,1,2,1,1,3,2,2,2,1,,,1,0,1,4,1,22,5,1,2,0,2,4,1,201900026677B01,7,2,1,243600293
201900026698,2019-04-11,2019,avril,jeudi,16:07,44,44049,47.287952,-2.50961,2,6,3,1,1,4,2,2,1,3,,,1,0,1,3,1,73,5,2,,0,2,8,16,201900026698B01,7,1,1,244400610
201900026781,2019-04-10,2019,avril,mercredi,08:15,63,63014,45.7492441,3.111759,2,1,6,1,2,7,2,2,1,1,,,2,0,3,4,1,13,1,1,2,0,2,1,5,201900026781C01,7,0,1,246300701
201900026808,2019-04-12,2019,avril,vendredi,15:15,69,69387,45.75097,4.84825,2,2,3,1,1,4,1,1,1,1,,,1,0,1,3,1,23,0,2,,0,2,8,1,201900026808B01,14,16,1,200046977
201900026812,2019-04-11,2019,avril,jeudi,07:50,69,69386,45.76819,4.85892,2,2,1,2,1,4,2,4,1,1,,,1,0,1,2,1,51,0,2,,0,2,7,1,201900026812B01,38,1,1,200046977
201900026817,2019-04-13,2019,avril,samedi,04:40,69,69382,45.75803,4.83379,2,3,1,5,1,7,1,3,1,1,,,1,0,1,4,1,33,5,2,,0,2,1,5,201900026817B01,7,1,1,200046977
201900026860,2019-07-24,2019,juillet,mercredi,13:00,49,49307,47.414836,-0.316695,2,1,2,1,1,4,2,2,1,1,,,1,0,1,3,1,61,1,2,,0,2,4,2,201900026860B01,7,2,1,244900015
201900026869,2019-07-28,2019,juillet,dimanche,17:10,44,44046,47.276583,-2.05992,2,2,3,1,1,3,2,2,1,1,,,1,5,1,3,1,68,5,1,2 / 4 / 6,0,2,1,1,201900026869B01,7,1,1,244400586
201900026877,2019-07-30,2019,juillet,mardi,10:15,38,38218,45.34814,5.18136,2,2,1,1,1,3,2,2,2,4,,,1,0,1,3,1,82,5,1,2,0,2,1,26,201900026877A01,7,26,1,200059392
201900026878,2019-07-30,2019,juillet,mardi,07:45,2,02243,49.395511,3.361954,2,1,3,1,1,3,2,2,1,1,,,1,0,1,2,1,70,5,2,,0,2,8,2,201900026878B01,15,1,1,240200477
201900026892,2019-07-24,2019,juillet,mercredi,09:30,58,58144,46.775344,3.074484,2,1,6,1,1,3,2,2,1,1,,,1,0,5,3,1,78,5,1,2,0,2,1,21,201900026892C01,7,9,1,245804497
201900026892,2019-07-24,2019,juillet,mercredi,09:30,58,58144,46.775344,3.074484,2,1,6,1,1,3,2,2,1,1,,,1,0,5,1,1,71,5,1,2,0,9,4,21,201900026892B01,7,9,1,245804497
201900026896,2019-07-31,2019,juillet,mercredi,14:50,50,50349,48.992386,-1.50729,1,1,2,1,1,4,2,2,2,1,,,1,0,1,4,1,54,5,1,2,0,2,1,1,201900026896A01,7,4,1,200067023
201900026909,2019-07-30,2019,juillet,mardi,11:00,21,21501,47.261505,4.557098,2,1,2,1,1,3,2,2,1,1,,,1,0,5,4,1,15,5,1,2,0,2,1,1,201900026909A01,7,1,1,200071207
201900026910,2019-07-29,2019,juillet,lundi,06:10,40,40181,43.853186,-1.392091,1,1,2,2,1,3,2,2,1,1,,,1,0,1,4,2,18,5,2,,0,2,4,2,201900026910B01,7,2,1,244000865
201900026920,2019-07-31,2019,juillet,mercredi,15:15,52,52405,47.654134,5.282281,1,4,7,1,1,3,2,2,2,2,,,1,0,1,2,1,17,5,2,,0,0,1,1,201900026920A01,,,,200027308
201900026939,2019-07-30,2019,juillet,mardi,10:40,13,13104,43.338605,5.107429,2,3,1,1,1,4,2,2,2,1,,,1,0,1,2,1,82,5,1,2,0,2,3,25,201900026939B01,7,15,1,200054807
201900026942,2019-07-28,2019,juillet,dimanche,11:20,77,77415,48.950993,3.0191,2,1,7,1,1,4,2,2,2,3,,,1,0,8,3,1,54,5,1,2,6,0,1,1,201900026942A01,,,,200090504
201900026943,2019-07-30,2019,juillet,mardi,10:05,78,78601,48.569104,1.895425,1,1,5,1,1,3,2,2,1,1,,,1,0,1,1,1,72,5,1,2,0,0,4,2,201900026943B01,7,2,1,200073344
201900026943,2019-07-30,2019,juillet,mardi,10:05,78,78601,48.569104,1.895425,1,1,5,1,1,3,2,2,1,1,,,1,0,1,1,1,64,5,1,2,0,0,4,2,201900026943C01,7,2,1,200073344
201900026943,2019-07-30,2019,juillet,mardi,10:05,78,78601,48.569104,1.895425,1,1,5,1,1,3,2,2,1,1,,,1,0,1,3,1,72,5,1,2,0,0,4,2,201900026943D01,7,2,1,200073344
201900026943,2019-07-30,2019,juillet,mardi,10:05,78,78601,48.569104,1.895425,1,1,5,1,1,3,2,2,1,1,,,1,0,1,3,1,65,5,1,2,0,0,4,2,201900026943E01,7,2,1,200073344
201900026951,2019-07-27,2019,juillet,samedi,10:20,6,06122,43.746226,7.138519,2,1,2,1,1,4,-1,2,2,1,,,1,0,1,3,1,66,5,1,2 / 6,0,2,1,1,201900026951A01,7,9,1,200030195
201900026975,2019-07-24,2019,juillet,mercredi,07:30,27,27097,49.200812,1.378723,1,1,2,1,1,3,2,2,1,1,,,1,0,1,3,1,40,5,1,2,0,2,1,2,201900026975A01,7,2,1,200072312
201900027046,2019-03-06,2019,mars,mercredi,14:45,974,97409,-20.95705,55.64965,2,3,3,1,3,4,2,2,2,1,,,2,0,2,4,1,18,2,2,,0,2,1,17,201900027046A01,7,16,1,249740093
201900027051,2019-03-08,2019,mars,vendredi,11:30,69,69386,45.76964,4.86166,2,2,3,1,1,4,1,4,1,1,,,1,0,1,4,2,21,5,1,2,0,2,0,1,201900027051B01,7,1,1,200046977
201900027056,2019-03-06,2019,mars,mercredi,20:00,69,69388,45.73502,4.86319,2,1,3,5,1,9,2,0,1,1,,,1,4,1,4,1,22,5,2,,0,4,7,19,201900027056B01,40,1,1,200046977
201900027058,2019-03-05,2019,mars,mardi,19:40,69,69383,45.75662,4.8683,2,2,3,5,1,4,-1,1,1,1,,,1,0,1,3,1,24,1,2,,0,2,7,1,201900027058B01,7,1,1,200046977
201900027059,2019-03-05,2019,mars,mardi,17:00,69,69383,45.75974,4.84098,2,1,6,1,1,4,2,0,1,1,,,1,0,1,4,1,36,0,2,,0,0,1,26,201900027059B01,,,,200046977
201900027071,2019-03-08,2019,mars,vendredi,16:30,69,69389,45.7623,4.8026,2,7,3,1,1,7,2,2,1,1,,,1,9,1,4,1,87,5,1,2,0,2,8,25,201900027071B01,7,9,1,200046977
201900027096,2019-03-06,2019,mars,mercredi,10:40,91,91691,48.71096,2.49129,2,6,3,1,2,4,3,0,1,2,,,9,0,1,4,2,22,4,1,2,0,2,2,1,201900027096B01,7,1,1,200058477
201900027117,2019-03-08,2019,mars,vendredi,23:20,81,81004,43.93882,2.17101,2,1,5,4,1,2,1,4,3,1,,,1,0,1,2,1,37,5,2,,0,0,4,0,201900027117B01,10 / 7,2 / 0,2,248100737
201900027171,2019-03-07,2019,mars,jeudi,15:15,62,62643,50.7043,1.59787,2,1,1,1,1,4,1,1,1,1,,,1,0,2,3,1,64,1,1,2,1,2,1,0,201900027171B01,7,22,1,246200729
201900027251,2019-05-13,2019,mai,lundi,08:30,56,56260,47.666066,-2.770065,2,6,3,2,1,4,1,2,1,3,,,1,5,5,4,1,34,1,1,2,0,2,6,1,201900027251B01,7,9,1,200067932
201900027258,2019-05-23,2019,mai,jeudi,17:30,56,56121,47.73376,-3.3851,2,1,3,1,1,4,2,3,1,1,,,1,0,1,4,1,12,0,1,2,0,2,1,19,201900027258B01,7,1,1,200042174
201900027266,2019-05-14,2019,mai,mardi,17:25,56,56121,47.74522,-3.35853,2,2,3,1,1,4,2,2,1,1,,,1,0,1,3,2,33,1,1,2,0,2,7,1,201900027266B01,7,16,1,200042174
201900027276,2019-04-26,2019,avril,vendredi,12:50,56,56121,47.75052,-3.36299,2,2,3,1,1,4,2,2,1,1,,,1,0,1,4,1,34,5,1,2,0,2,1,1,201900027276A01,7,1,1,200042174
201900027331,2019-05-02,2019,mai,jeudi,09:40,50,50218,48.837567,-1.543314,1,1,7,1,1,3,2,2,2,1,,,1,0,1,4,2,61,1,1,2,0,0,0,1,201900027331A01,,,,200042604
201900027388,2019-11-07,2019,novembre,jeudi,07:35,42,42147,45.606505,4.068655,2,6,2,2,8,4,2,2,1,2,,,2,5,1,4,1,37,1,1,2,0,2,5,1,201900027388B01,7,9,1,200065886
201900027441,2019-11-08,2019,novembre,vendredi,15:50,91,91103,48.5877,2.3006,2,9,3,1,1,4,-1,2,1,1,,,1,0,1,3,2,50,0,1,2,0,2,1,21,201900027441B01,7,21,1,200057859
201900027447,2019-11-11,2019,novembre,lundi,18:12,77,77083,48.8404175,2.5862647,2,2,3,5,8,4,2,2,1,1,,,2,5,1,4,1,57,5,2,,0,2,1,19,201900027447B01,7,1,1,200057958
201900027448,2019-11-10,2019,novembre,dimanche,14:32,76,76498,49.42226,1.05689,2,1,3,1,1,4,1,1,2,1,,,1,0,1,4,1,15,5,2,,0,2,1,5,201900027448A01,7,16,1,200023414
201900027605,2019-12-20,2019,décembre,vendredi,12:35,44,44109,47.1846,-1.5246,2,1,3,1,1,4,2,0,1,1,,,2,0,1,4,2,56,1,1,2,0,2,7,1,201900027605B01,7,1,1,244400404
201900027663,2019-12-17,2019,décembre,mardi,08:15,75,75117,48.88502,2.296647,2,7,3,1,1,4,2,4,1,1,,,1,0,5,4,2,25,0,1,2,0,2,7,1,201900027663B01,10,14,1,200054781
201900027669,2019-12-19,2019,décembre,jeudi,22:15,75,75119,48.898287,2.370489,2,1,3,5,2,4,2,2,2,1,,,2,0,5,3,1,28,9,1,2,0,2,1,1,201900027669B01,7,16,1,200054781
201900027676,2019-12-19,2019,décembre,jeudi,10:25,75,75112,48.838449,2.398683,2,3,3,1,2,4,2,2,2,1,,,2,0,1,4,2,48,1,1,2,0,2,1,13,201900027676B01,10,1,1,200054781
201900027680,2019-12-20,2019,décembre,vendredi,09:25,75,75108,48.864408,2.32179,2,7,6,1,2,4,1,6,1,1,,,2,0,1,4,1,51,1,1,2,0,2,1,13,201900027680A01,1,1,1,200054781
201900027683,2019-12-20,2019,décembre,vendredi,10:45,75,75107,48.8588441,2.3314485,2,1,3,1,8,4,1,3,1,1,,,2,0,5,4,1,52,0,1,2,0,2,0,17,201900027683B01,1,13,1,200054781
201900027683,2019-12-20,2019,décembre,vendredi,10:45,75,75107,48.8588441,2.3314485,2,1,3,1,8,4,1,3,1,1,,,2,0,5,1,1,25,0,1,2,0,2,8,13,201900027683A01,1,17,1,200054781
201900027686,2019-12-20,2019,décembre,vendredi,07:55,75,75102,48.8708478,2.3369398,2,1,3,2,2,4,2,1,1,1,,,2,0,1,4,1,41,0,1,2,0,2,0,1,201900027686B01,7,15,1,200054781
201900027725,2019-10-08,2019,octobre,mardi,12:50,75,75119,48.8857674,2.3943731,2,3,3,1,2,4,2,4,2,1,,,2,0,1,4,1,24,0,1,2,0,2,1,1,201900027725B01,7,16,1,200054781
201900027804,2019-10-08,2019,octobre,mardi,17:45,973,97309,4.919608,-52.279067,2,6,3,1,1,3,2,1,1,2,,,1,0,1,4,2,45,1,2,,0,2,8,1,201900027804B01,33,16,1,249730045
201900027808,2019-10-09,2019,octobre,mercredi,12:10,34,34276,43.761543,3.863464,2,6,3,1,1,3,1,2,1,2,,,1,0,1,4,2,54,3,2,,0,0,2,1,201900027808A01,7,9,1,200022986
201900027812,2019-10-08,2019,octobre,mardi,17:15,7,07323,44.904751,4.822311,2,3,3,1,1,3,2,2,1,1,,,1,0,1,3,1,78,5,1,2 / 6,0,2,5,17,201900027812B01,7,15,1,200041366
201900027871,2019-10-07,2019,octobre,lundi,12:00,81,81065,43.60517,2.23723,2,1,2,1,1,3,1,3,1,1,,,1,0,1,4,2,86,3,2,,0,2,8,1,201900027871B01,14,16,1,248100430
201900027910,2019-01-25,2019,janvier,vendredi,07:55,66,66136,42.696,2.9056,2,1,3,1,1,4,2,2,1,1,,,1,0,1,4,1,17,5,2,,0,2,2,15,201900027910A01,7,1,1,200027183
201900027913,2019-01-23,2019,janvier,mercredi,16:23,66,66136,42.7276,2.90455,2,1,6,1,1,4,1,2,1,2,,,1,5,1,4,1,61,5,2,,0,2,1,1,201900027913B01,7,9,1,200027183
201900027918,2019-01-25,2019,janvier,vendredi,20:25,64,64445,43.3043747,-0.3675705,2,6,3,1,1,4,1,1,1,2,,,2,0,1,4,1,25,4,2,,0,2,1,1,201900027918B01,7,9,1,200067254
201900027931,2019-01-26,2019,janvier,samedi,14:00,56,56260,47.65611,-2.76446,2,6,3,1,8,4,1,1,1,2,,,2,9,1,4,2,59,1,1,2,0,2,7,0,201900027931B01,7,1,1,200067932
201900027941,2019-01-24,2019,janvier,jeudi,12:00,50,50173,49.64899,-1.64397,2,3,3,1,1,3,3,4,1,1,,,1,5,1,4,1,64,5,1,2,0,2,1,19,201900027941A01,7,16,1,
201900028039,2019-01-23,2019,janvier,mercredi,14:10,75,75106,48.843722,2.333507,2,1,2,1,2,4,2,2,2,1,,,2,0,1,1,2,19,2,1,2,0,2,4,14,201900028039A01,2,1,1,200054781
201900028048,2019-01-26,2019,janvier,samedi,13:26,75,75119,48.900412,2.371502,2,7,6,1,8,4,-1,6,1,2,,,1,5,5,4,1,27,1,1,2,0,2,8,1,201900028048B01,7,16,1,200054781
201900028049,2019-01-25,2019,janvier,vendredi,07:55,75,75119,48.87511,2.382457,2,1,3,2,2,4,2,2,1,1,,,2,0,1,4,2,55,1,2,,0,2,3,1,201900028049B01,7,17,1,200054781
201900028064,2019-01-26,2019,janvier,samedi,17:00,75,75115,48.849943,2.29915,2,3,3,5,2,4,2,1,1,1,,,2,0,1,4,1,41,0,1,2,0,2,1,1,201900028064B01,7,22,1,200054781
201900028082,2019-01-26,2019,janvier,samedi,18:25,75,75110,48.877862,2.351663,2,2,3,5,2,4,1,3,2,1,,,2,0,1,4,2,61,9,1,2,0,2,7,19,201900028082A01,32,1,1,200054781
201900028083,2019-01-25,2019,janvier,vendredi,17:55,75,75110,48.868372,2.362855,2,3,3,5,2,4,2,4,1,1,,,2,0,1,4,1,55,3,2,,0,2,5,15,201900028083B01,7,1,1,200054781
201900028112,2019-09-04,2019,septembre,mercredi,15:15,95,95313,49.11269,2.21413,2,1,3,1,1,3,1,1,1,1,,,1,0,1,4,1,21,5,2,,1,0,1,1,201900028112B01,7,22,1,249500455
201900028115,2019-09-07,2019,septembre,samedi,09:15,31,31497,43.697307,1.479535,2,4,2,1,7,3,2,2,2,3,,,1,5,8,3,1,52,5,1,2 / 6,0,2,4,1,201900028115B01,7,2,1,243100815
201900028133,2019-09-07,2019,septembre,samedi,16:03,58,58086,47.393342,2.922757,2,1,3,1,1,3,2,2,2,1,,,1,0,3,4,1,18,5,2,,0,2,1,26,201900028133A01,7,15,1,200067916
201900028176,2019-09-06,2019,septembre,vendredi,09:30,35,35015,48.1750798,-1.2109084,1,2,3,1,7,3,2,2,1,1,,,1,0,1,3,1,25,5,1,2,0,2,8,19,201900028176B01,7,1,1,200039022
201900028177,2019-09-07,2019,septembre,samedi,02:05,29,29155,48.461671,-5.061733,1,4,1,3,8,3,2,2,2,3,,,2,0,1,3,2,55,5,1,9,0,2,1,1,201900028177B01,7,13,1,
201900028186,2019-09-04,2019,septembre,mercredi,09:00,38,38422,45.15351,5.841101,2,1,2,1,1,3,2,2,2,1,,,1,0,1,4,1,44,5,1,2,0,0,4,0,201900028186B01,7,15,1,200018166
201900028188,2019-09-07,2019,septembre,samedi,08:50,3,03126,46.0763185,3.4414674,1,6,3,1,1,3,2,2,1,2,,,1,0,1,4,1,54,5,1,2,0,0,3,1,201900028188B01,7,16,1,200071363
201900028195,2019-09-06,2019,septembre,vendredi,13:45,14,14726,48.808934,-0.718405,1,1,1,1,1,4,2,2,2,3,,,1,0,1,3,1,50,5,1,2 / 9,0,2,1,13,201900028195A01,10,1,1,200068799
201900028202,2019-09-08,2019,septembre,dimanche,13:15,60,60553,49.441603,2.624838,1,1,5,1,1,3,2,2,1,1,,,1,0,1,4,1,67,5,1,2,0,2,1,1,201900028202D01,33,13,1,246000566
201900028202,2019-09-08,2019,septembre,dimanche,13:15,60,60553,49.441603,2.624838,1,1,5,1,1,3,2,2,1,1,,,1,0,1,3,1,64,5,1,2,0,2,1,1,201900028202C01,33,13,1,246000566
201900028202,2019-09-08,2019,septembre,dimanche,13:15,60,60553,49.441603,2.624838,1,1,5,1,1,3,2,2,1,1,,,1,0,1,2,1,56,5,1,2,0,2,1,1,201900028202B01,33,13,1,246000566
201900028204,2019-09-08,2019,septembre,dimanche,11:45,64,64320,42.9789089,-0.4188858,1,4,3,1,1,3,2,2,2,2,,,1,9,1,3,1,46,5,1,2 / 4 / 6,0,2,1,1,201900028204B01,7,15,1,246400337
201900028259,2019-09-05,2019,septembre,jeudi,13:40,4,04096,44.379159,6.781929,1,1,7,1,1,4,2,2,2,1,,,1,0,1,3,1,63,5,1,2,0,0,0,1,201900028259A01,,,,200072304
201900028260,2019-09-03,2019,septembre,mardi,17:00,13,13094,43.791074,4.728875,1,1,3,1,1,3,2,2,1,1,,,1,0,1,3,1,80,5,1,2,0,2,3,13,201900028260A01,15,1,1,241300375
201900028300,2019-06-27,2019,juin,jeudi,20:30,83,83115,43.310163,6.631485,2,3,1,2,1,4,2,2,1,1,,,1,0,1,3,1,16,5,2,,0,2,1,15,201900028300B01,7,1,1,200036077
201900028314,2019-06-25,2019,juin,mardi,21:30,67,67309,48.642027,7.716812,2,9,1,2,1,3,4,2,1,1,,,1,1,5,4,1,39,5,1,2,0,2,1,1,201900028314A01,2,5,1,246700488
201900028316,2019-06-27,2019,juin,jeudi,16:45,67,67282,48.622258,7.49202,2,6,3,1,7,3,1,1,1,1,,,1,5,8,3,1,17,0,2,,0,0,7,26,201900028316B01,7,1,1,200068864
201900028317,2019-06-28,2019,juin,vendredi,17:10,67,67348,48.463126,7.494306,2,1,3,1,1,4,1,1,1,1,,,1,0,1,4,1,81,5,2,,0,2,3,19,201900028317A01,10,1,1,246701080
201900028323,2019-06-29,2019,juin,samedi,17:25,74,74037,46.212849,6.398393,1,3,3,1,7,3,2,2,2,1,,,1,0,1,3,1,23,5,1,2,0,2,1,1,201900028323B01,7,15,1,247400047
201900028325,2019-06-29,2019,juin,samedi,10:20,73,73135,45.2913907,6.3548136,1,1,2,1,1,3,2,2,1,1,,,1,0,1,3,1,63,5,1,2,0,2,6,2,201900028325B01,10,2,1,200070464
201900028332,2019-06-29,2019,juin,samedi,07:30,26,26196,44.855469,4.921379,1,2,3,1,1,3,2,-1,1,1,,,1,0,1,4,2,62,5,1,2,0,2,4,1,201900028332A01,7,15,1,200068781
201900028340,2019-06-28,2019,juin,vendredi,11:30,69,69040,45.798294,4.782191,2,1,3,1,1,9,2,2,1,1,,,1,0,4,3,1,40,0,2,,0,2,1,0,201900028340B01,7,1,1,200046977
201900028347,2019-06-24,2019,juin,lundi,08:30,49,49278,47.420271,-0.58226,1,6,2,2,1,3,2,2,1,2,,,1,0,1,3,1,68,5,1,2,0,2,2,1,201900028347B01,10,9,1,244900015
201900028411,2019-06-26,2019,juin,mercredi,12:00,69,69383,45.7618,4.84821,2,1,6,1,1,4,1,3,1,1,,,1,0,1,1,1,20,0,2,,0,2,1,25,201900028411A01,,,,200046977
201900028439,2019-06-25,2019,juin,mardi,08:40,64,64445,43.3170507,-0.3442029,2,3,3,1,1,4,2,3,1,1,,,1,0,1,4,1,40,0,2,,0,2,1,15,201900028439A01,7,16,1,200067254
201900028455,2019-06-26,2019,juin,mercredi,17:00,34,34172,43.60106,3.88471,2,2,3,1,1,4,2,4,2,1,,,1,9,1,4,1,40,1,2,,0,2,1,1,201900028455A01,7,1,1,243400017
201900028498,2019-04-10,2019,avril,mercredi,13:00,64,64348,43.33612,-0.38635,2,3,3,1,1,4,-1,2,1,1,,,1,0,1,4,1,68,5,2,,0,2,7,1,201900028498B01,7,16,1,200067254
201900028499,2019-04-09,2019,avril,mardi,14:25,64,64122,43.4586,-1.54739,2,6,2,1,1,4,1,1,1,2,,,1,0,1,4,1,82,5,2,,0,2,4,2,201900028499B01,7,2,1,200067106
201900028540,2019-04-12,2019,avril,vendredi,08:10,34,34003,43.29042,3.51406,2,6,3,1,1,4,3,4,1,1,,,1,0,1,2,1,71,5,2,,0,2,8,19,201900028540B01,7,1,1,243400819
201900028598,2019-04-13,2019,avril,samedi,14:00,1,01451,46.24766,5.23011,1,3,3,1,1,3,2,2,4,1,,,1,0,1,4,1,17,5,2,,0,2,1,15,201900028598B01,7,15,1,200071751
201900028629,2019-04-11,2019,avril,jeudi,21:50,75,75117,48.895411,2.311666,2,3,3,5,1,4,2,3,1,1,,,1,0,1,4,1,23,5,1,2,0,2,3,1,201900028629B01,7,16,1,200054781
201900028637,2019-04-11,2019,avril,jeudi,20:10,75,75115,48.843767,2.286365,2,2,3,2,1,4,2,1,1,1,,,1,5,1,4,1,60,5,1,2,0,2,8,1,201900028637B01,7,15,1,200054781
201900028642,2019-07-26,2019,juillet,vendredi,06:00,988,98818,-22.26714,166.46356,2,6,3,1,1,4,2,2,1,2,,,1,0,3,3,2,35,1,2,,0,2,1,15,201900028642B01,10,9,1,
201900028691,2019-07-25,2019,juillet,jeudi,18:30,71,71153,46.80742,4.43252,2,6,3,1,1,9,-1,2,1,3,,,1,0,1,4,1,15,9,2,,0,2,8,0,201900028691B01,7,9,1,247100290
201900028701,2019-07-25,2019,juillet,jeudi,17:00,67,67482,48.57821,7.73306,2,3,3,1,1,4,1,1,1,1,,,1,5,1,1,1,35,0,2,,0,2,1,1,201900028701A01,1,19,1,246700488
201900028701,2019-07-25,2019,juillet,jeudi,17:00,67,67482,48.57821,7.73306,2,3,3,1,1,4,1,1,1,1,,,1,5,1,4,2,47,0,2,,0,2,2,19,201900028701B01,1,1,1,246700488
201900028758,2019-07-27,2019,juillet,samedi,02:00,44,44109,47.21325,-1.54473,2,2,3,3,8,4,2,0,1,1,,,1,9,1,4,1,25,0,2,,0,0,0,1,201900028758B01,7,15,1,244400404
201900028775,2019-03-09,2019,mars,samedi,15:50,45,45234,47.914413,1.897262,2,1,6,1,1,4,2,2,1,1,,,1,0,5,4,1,15,5,2,,0,1,1,1,201900028775B01,,,,244500468
201900028807,2019-07-26,2019,juillet,vendredi,07:30,26,26362,44.892604,4.880684,2,3,3,1,1,3,2,2,1,1,,,1,0,5,3,1,75,5,1,2,0,2,7,19,201900028807A01,13,15,1,200068781
201900028858,2019-03-05,2019,mars,mardi,20:45,34,34172,43.62005,3.8512,2,2,5,5,1,4,2,4,2,1,,,1,0,1,3,1,46,0,2,,0,2,7,19,201900028858A01,7,1,2,243400017
201900028985,2019-03-09,2019,mars,samedi,19:00,75,75120,48.858041,2.409896,2,1,7,5,1,4,2,2,2,1,,,1,0,1,4,2,31,0,1,2,0,0,8,21,201900028985A01,,,,200054781
201900028986,2019-03-07,2019,mars,jeudi,21:05,75,75120,48.868666,2.389656,2,3,6,5,1,4,2,2,1,1,,,1,0,1,4,1,30,4,1,2,0,1,1,1,201900028986A01,,,,200054781