Num_Acc,date,an,mois,jour,hrmn,dep,com,lat,long,agg,int,col,lum,atm,catr,circ,nbv,prof,plan,lartpc,larrout,surf,infra,situ,grav,sexe,age,trajet,secuexist,equipement,obs,obsm,choc,manv,vehiculeid,typevehicules,manoeuvehicules,numVehicules,_infos_commune.code_epci
201900029017,2019-05-26,2019,mai,dimanche,11:25,45,45147,47.92735,1.91995,1,3,1,1,1,4,3,2,1,1,,,1,0,1,4,1,89,0,2,,0,2,8,15,201900029017B01,7,15,1,244500468
201900029020,2019-05-23,2019,mai,jeudi,09:30,45,45234,47.908564,1.898554,2,1,7,1,1,4,1,1,1,1,,,1,0,1,4,2,23,1,2,,0,0,1,14,201900029020A01,,,,244500468
201900029030,2019-05-16,2019,mai,jeudi,12:10,45,45232,47.85897,1.91257,2,1,2,1,1,4,2,2,1,1,,,1,2,1,3,1,20,0,1,2,0,2,1,2,201900029030A01,7,23,1,244500468
201900029031,2019-05-15,2019,mai,mercredi,20:20,45,45285,47.9068933,1.8816138,2,2,3,1,1,4,1,1,1,1,,,1,0,1,4,1,12,5,1,2,0,2,8,1,201900029031A01,7,1,1,244500468
201900029034,2019-05-15,2019,mai,mercredi,06:40,45,45075,47.8916925,1.8426896,2,6,3,2,7,4,2,2,1,1,,,1,0,1,4,1,61,1,1,2 / 6,0,2,4,1,201900029034B01,10,9,1,244500468
201900029039,2019-05-13,2019,mai,lundi,16:45,45,45075,47.899382,1.855698,2,1,1,1,1,4,2,2,1,1,,,1,0,5,1,1,49,1,1,2,0,2,1,1,201900029039B01,1,1,1,244500468
201900029039,2019-05-13,2019,mai,lundi,16:45,45,45075,47.899382,1.855698,2,1,1,1,1,4,2,2,1,1,,,1,0,5,4,1,27,2,2,,9,2,1,1,201900029039A01,1,1,1,244500468
201900029043,2019-05-10,2019,mai,vendredi,17:05,45,45234,47.90355,1.90792,2,2,3,1,2,4,1,1,1,1,,,2,0,1,4,2,32,0,2,,0,2,1,1,201900029043A01,7,1,1,244500468
201900029044,2019-05-10,2019,mai,vendredi,13:15,45,45234,47.89927,1.90938,2,1,6,1,1,4,1,1,2,1,,,1,6,1,4,1,23,0,2,,0,1,1,2,201900029044A01,,,,244500468
201900029049,2019-05-06,2019,mai,lundi,09:10,45,45075,47.89291,1.84725,2,1,7,1,1,2,3,4,1,1,,,1,0,1,4,2,17,1,2,,12,0,7,14,201900029049A01,,,,244500468
201900029070,2019-04-29,2019,avril,lundi,09:40,44,44184,47.27,-2.23913,2,6,3,1,1,4,3,2,1,3,,,1,0,1,4,1,67,5,1,2,0,2,7,1,201900029070B01,7,9,1,244400644
201900029078,2019-05-22,2019,mai,mercredi,20:10,44,44109,47.230264,-1.523922,2,1,3,1,1,4,2,0,1,2,,,1,5,1,4,1,32,0,2,,0,2,7,1,201900029078B01,7,15,1,244400404
201900029141,2019-05-05,2019,mai,dimanche,17:10,38,38185,45.17332,5.7421,2,1,3,1,1,4,-1,2,1,1,,,1,0,1,4,1,9,5,2,,0,0,8,19,201900029141A01,7,1,1,200040715
201900029264,2019-11-11,2019,novembre,lundi,01:10,75,75117,48.893004,2.327429,2,5,6,5,1,4,2,4,2,1,,,1,0,1,4,1,38,0,1,2,0,2,8,15,201900029264A01,7,1,1,200054781
201900029267,2019-11-11,2019,novembre,lundi,17:50,75,75111,48.870612,2.378354,2,1,3,2,1,4,3,1,1,1,,,1,0,5,4,2,25,9,1,2,0,2,1,17,201900029267B01,7,22,1,200054781
201900029309,2019-11-12,2019,novembre,mardi,07:40,34,34299,43.28592,3.273837,2,1,1,1,1,4,2,2,1,1,,,1,0,1,4,1,12,2,1,2,0,2,1,17,201900029309B01,7,1,1,243400769
201900029376,2019-12-20,2019,décembre,vendredi,13:20,35,35263,48.6765,-1.895,1,1,3,1,1,3,2,2,1,2,,,1,0,1,3,1,73,5,1,2 / 4 / 6,0,2,7,1,201900029376B01,7,17,1,243500782
201900029384,2019-07-13,2019,juillet,samedi,10:30,14,14294,49.098074,-0.256291,2,3,1,1,1,3,2,2,1,1,,,1,5,1,3,1,75,5,1,2,0,2,1,1,201900029384B01,7,15,1,
201900029411,2019-12-20,2019,décembre,vendredi,20:50,74,74220,46.152257,6.252234,1,1,2,5,2,3,2,2,1,1,,,2,0,1,3,2,47,1,1,2 / 4,0,2,4,1,201900029411B01,7,14,1,247400583
201900029491,2019-12-19,2019,décembre,jeudi,18:45,44,44109,47.24207,-1.52352,2,1,1,5,3,4,-1,0,1,1,,,2,0,1,3,1,55,0,2,,0,2,1,1,201900029491B01,7,15,1,244400404
201900029520,2019-12-18,2019,décembre,mercredi,07:50,75,75113,48.835683,2.37538,2,3,3,1,8,4,2,2,1,1,,,1,0,5,4,1,30,1,1,2,0,2,2,1,201900029520B01,7,15,1,200054781
201900029521,2019-12-19,2019,décembre,jeudi,09:20,75,75112,48.834267,2.404724,2,3,3,1,8,4,2,2,2,1,,,1,0,5,4,1,26,1,1,2,0,2,1,19,201900029521B01,7,16,1,200054781
201900029527,2019-12-19,2019,décembre,jeudi,19:10,75,75107,48.852362,2.3236245,2,1,7,5,1,4,1,1,1,1,,,1,0,5,4,2,59,5,1,2,0,0,0,1,201900029527A01,,,,200054781
201900029529,2019-12-19,2019,décembre,jeudi,11:30,75,75104,48.851027,2.361127,2,4,7,1,8,4,2,2,2,1,,,3,6,6,4,1,72,9,1,2,0,0,7,16,201900029529A01,,,,200054781
201900029559,2019-10-07,2019,octobre,lundi,20:10,75,75106,48.8568023,2.3392779,2,1,1,5,1,4,1,4,1,1,,,1,0,6,4,1,43,0,1,2,0,2,1,8,201900029559B01,33,14,1,200054781
201900029567,2019-10-07,2019,octobre,lundi,10:00,75,75117,48.8832241,2.3253237,2,3,3,1,1,4,3,2,1,1,,,1,0,5,4,2,25,1,1,2,0,2,8,1,201900029567B01,7,15,1,200054781
201900029574,2019-10-07,2019,octobre,lundi,15:00,75,75112,48.8339963,2.4455832,2,7,6,1,1,4,1,2,1,2,,,1,0,1,4,2,81,5,1,2,0,2,4,2,201900029574A01,10,2,1,200054781
201900029580,2019-10-07,2019,octobre,lundi,15:30,75,75104,48.8554569,2.3600888,2,3,6,1,1,4,1,2,1,1,,,1,0,5,1,2,55,0,1,2,0,1,8,1,201900029580A01,,,,200054781
201900029607,2019-10-07,2019,octobre,lundi,15:20,76,76408,49.616823,0.350705,1,1,3,1,1,3,2,2,1,1,,,1,0,1,4,1,58,5,1,2,0,2,3,1,201900029607B01,21,17,1,247600505
201900029641,2019-10-03,2019,octobre,jeudi,11:55,29,29161,47.902169,-4.02828,2,6,3,1,1,3,2,2,2,1,,,1,6,1,3,2,73,5,2,,0,2,5,19,201900029641A01,7,9,1,242900660
201900029704,2019-10-05,2019,octobre,samedi,23:20,75,75103,48.8670271,2.3544618,2,1,3,5,1,4,1,2,1,1,,,1,0,6,4,1,42,5,1,2,0,2,3,13,201900029704B01,7,7,1,200054781
201900029720,2019-10-07,2019,octobre,lundi,15:30,31,31065,43.39168,1.151915,1,1,7,1,1,3,2,2,2,1,,,9,8,1,2,1,78,5,1,2,0,0,1,0,201900029720A01,,,,200068815
201900029724,2019-01-25,2019,janvier,vendredi,15:20,75,75110,48.87248,2.355382,2,1,6,1,8,4,1,1,1,1,,,1,9,5,1,1,30,9,1,2,0,1,2,1,201900029724B01,,,,200054781
201900029857,2019-01-25,2019,janvier,vendredi,14:45,37,37139,47.4261434,0.494701,1,1,3,1,1,3,2,2,1,1,,,2,0,1,3,1,63,5,1,2,13,0,8,1,201900029857B01,7,17,1,243700754
201900029883,2019-01-23,2019,janvier,mercredi,14:25,971,97116,16.351926,-61.450515,1,1,1,1,1,4,2,2,1,3,,,1,0,1,4,1,19,0,2,,0,2,1,13,201900029883B01,7,1,1,200044691
201900029885,2019-01-25,2019,janvier,vendredi,11:50,44,44020,47.1766854,-1.6192442,2,1,3,1,1,7,3,2,2,2,,,1,0,5,4,1,50,5,2,,0,2,8,1,201900029885B01,10,2,1,244400404
201900029887,2019-01-24,2019,janvier,jeudi,15:30,78,78616,48.871355,1.803598,2,1,2,1,1,3,2,2,1,1,,,2,0,1,3,1,69,5,1,2,0,2,0,2,201900029887B01,7,2,1,247800618
201900029905,2019-01-14,2019,janvier,lundi,14:26,69,69050,45.87284,4.636308,1,1,1,1,1,9,-1,1,1,2,,,6,0,8,4,1,37,5,1,2,0,2,1,1,201900029905B01,33,21,1,200040574
201900029927,2019-09-07,2019,septembre,samedi,19:50,62,62001,50.390091,2.720925,2,1,3,2,2,3,2,2,1,1,,,2,0,1,3,1,17,5,2,,0,0,8,10,201900029927B01,7,1,1,246200364
201900029928,2019-06-17,2019,juin,lundi,13:00,59,59634,50.729771,2.476153,2,6,3,1,1,3,2,2,1,1,,,1,0,1,3,1,53,1,2,,0,2,2,1,201900029928B01,7,1,1,200040947
201900030012,2019-09-04,2019,septembre,mercredi,08:08,72,72181,48.01662,0.15812,2,3,3,1,1,4,2,2,1,1,,,1,0,2,4,2,55,1,2,,0,2,4,1,201900030012B01,7,15,1,247200132
201900030013,2019-09-03,2019,septembre,mardi,12:10,71,71076,46.77376,4.84139,2,1,3,1,1,4,2,2,2,2,,,1,0,1,3,1,50,1,2,,0,2,1,1,201900030013B01,7,17,1,247100589
201900030018,2019-08-24,2019,août,samedi,14:35,62,62516,50.547451,2.491536,2,2,3,1,1,4,3,2,1,1,,,1,0,1,3,1,58,5,1,2,0,2,2,0,201900030018A01,7,0,1,200072460
201900030065,2019-09-04,2019,septembre,mercredi,16:15,75,75118,48.883852,2.349476,2,2,6,1,1,4,2,4,1,1,,,1,0,6,1,1,48,5,1,2,0,1,1,7,201900030065A01,,,,200054781
201900030069,2019-09-04,2019,septembre,mercredi,17:05,75,75115,48.8477752,2.3015701,2,7,3,1,1,4,1,2,1,2,,,1,5,1,4,1,55,1,1,2,0,2,4,1,201900030069B01,7,1,1,200054781
201900030071,2019-09-03,2019,septembre,mardi,18:35,75,75114,48.826513,2.31104,2,1,3,1,1,4,3,2,1,1,,,1,0,1,1,1,56,5,1,2,0,2,8,19,201900030071A01,32,1,1,200054781
201900030072,2019-09-04,2019,septembre,mercredi,17:00,75,75113,48.8284661,2.3729348,2,2,3,1,1,4,2,3,2,1,,,1,0,1,1,1,21,1,1,2,0,2,6,13,201900030072A01,33,17,1,200054781
201900030073,2019-09-04,2019,septembre,mercredi,07:47,75,75113,48.8267561,2.3570893,2,3,3,1,1,4,2,4,1,1,,,1,0,5,4,1,25,0,1,2,0,2,7,1,201900030073A01,7,16,1,200054781
201900030074,2019-09-04,2019,septembre,mercredi,14:30,75,75111,48.85046,2.392937,2,3,3,1,1,4,2,2,2,1,,,1,1,1,4,1,38,9,1,2,0,2,1,18,201900030074B01,7,22,1,200054781
201900030078,2019-09-04,2019,septembre,mercredi,15:45,75,75107,48.857884,2.31589,2,1,3,1,1,4,1,1,1,1,,,1,0,1,4,2,21,2,1,2,0,2,7,1,201900030078B01,10,22,1,200054781
201900030118,2019-06-26,2019,juin,mercredi,12:45,75,75111,48.861404,2.374093,2,1,1,1,2,4,2,2,1,1,,,1,0,1,4,1,26,4,2,,0,2,1,17,201900030118A01,7,1,1,200054781
201900030119,2019-06-26,2019,juin,mercredi,08:55,75,75111,48.854281,2.369945,2,1,2,1,1,4,1,1,1,1,,,1,0,1,4,2,40,5,1,2,0,2,7,17,201900030119B01,7,22,1,200054781
201900030122,2019-06-26,2019,juin,mercredi,19:40,75,75108,48.878279,2.299069,2,1,3,1,1,4,2,4,1,1,,,1,0,1,4,2,60,1,2,,0,2,4,17,201900030122B01,7,1,1,200054781
201900030123,2019-06-25,2019,juin,mardi,23:30,75,75107,48.86259,2.310428,2,2,3,5,1,4,3,2,1,1,,,1,0,1,4,1,22,5,2,,0,2,1,19,201900030123A01,7,1,1,200054781
201900030150,2019-06-26,2019,juin,mercredi,08:40,1,01030,46.002161,4.753374,2,3,1,1,1,3,2,2,1,1,,,1,0,1,3,2,62,5,2,,0,2,1,23,201900030150B01,7,13,1,200042497
201900030159,2019-06-27,2019,juin,jeudi,07:20,61,61145,48.5872254,-0.6280341,2,3,3,1,7,4,2,2,2,1,,,1,0,1,3,1,17,5,1,2,0,2,3,1,201900030159B01,7,15,1,200071520
201900030159,2019-06-27,2019,juin,jeudi,07:20,61,61145,48.5872254,-0.6280341,2,3,3,1,7,4,2,2,2,1,,,1,0,1,3,1,16,5,1,2,0,2,3,1,201900030159B01,7,15,1,200071520
201900030160,2019-06-27,2019,juin,jeudi,19:45,42,42107,45.533048,3.995042,1,3,3,2,1,3,2,2,2,1,,,1,0,1,3,1,18,5,1,2,0,2,1,1,201900030160B01,7,15,1,200065886
201900030177,2019-06-27,2019,juin,jeudi,16:40,13,13051,43.613485,5.138696,1,2,2,1,1,3,2,2,1,1,,,1,0,1,3,1,16,2,2,,0,2,4,15,201900030177B01,7,17,1,200054807
201900030193,2019-06-27,2019,juin,jeudi,07:00,16,16232,45.679923,0.270891,1,1,6,1,1,3,2,2,1,1,0,6.4,1,0,1,3,1,59,5,1,2,0,6,1,1,201900030193A01,,,,200071827
201900030194,2019-06-26,2019,juin,mercredi,18:20,33,33413,44.86416,-0.31052,1,3,3,1,1,4,2,2,1,1,,,1,0,1,3,1,42,5,1,2,0,2,1,1,201900030194B01,7,1,1,200070092
201900030244,2019-06-21,2019,juin,vendredi,09:40,73,73065,45.560764,5.9308855,1,3,1,1,1,3,2,2,2,1,,,1,0,1,4,1,45,5,1,2,0,2,1,5,201900030244A01,7,1,1,200069110
201900030250,2019-06-24,2019,juin,lundi,17:25,65,65440,43.228843,0.088378,2,6,2,1,1,2,2,2,1,1,,,1,0,1,3,1,69,5,1,2,0,2,1,2,201900030250A01,7,1,1,200069300
201900030262,2019-04-11,2019,avril,jeudi,11:10,75,75115,48.83824,2.308355,2,2,3,1,1,4,1,1,1,1,,,1,0,1,3,2,47,4,1,2,12,2,5,18,201900030262A01,15,1,1,200054781
201900030275,2019-04-10,2019,avril,mercredi,23:00,75,75111,48.85252,2.383246,2,2,3,5,1,4,1,1,1,1,,,1,0,1,4,1,45,0,2,,0,2,1,1,201900030275B01,30,5,1,200054781
201900030276,2019-04-13,2019,avril,samedi,09:19,75,75110,48.872903,2.363739,2,2,3,1,1,4,1,3,2,1,,,1,0,1,4,2,26,0,1,6,0,2,1,1,201900030276B01,10,1,1,200054781
201900030287,2019-04-12,2019,avril,vendredi,14:50,75,75101,48.86039,2.340581,2,7,1,1,1,4,2,3,1,1,,,1,0,1,4,1,31,1,1,2,0,2,1,17,201900030287B01,43,1,1,200054781
201900030304,2019-04-12,2019,avril,vendredi,13:25,94,94059,48.81588,2.56236,2,1,3,1,1,3,2,2,1,2,,,1,0,1,4,2,81,5,2,,0,2,2,1,201900030304B01,7,17,1,200054781
201900030369,2019-04-04,2019,avril,jeudi,09:45,62,62706,50.5926594,2.7426445,2,2,3,1,1,3,2,2,1,1,,,1,0,1,4,2,67,5,2,,0,2,1,1,201900030369B01,10,19,1,200072460
201900030380,2019-04-08,2019,avril,lundi,22:00,59,59445,50.048607,4.116171,1,1,2,3,2,3,2,2,1,1,,,2,0,1,3,1,18,5,1,9,0,2,4,1,201900030380B01,0,0,1,200043404
201900030395,2019-04-14,2019,avril,dimanche,15:45,12,12165,44.493893,2.57188,1,1,1,1,1,3,2,2,2,3,,,1,0,1,4,1,50,5,1,2 / 6,0,2,1,13,201900030395A01,7,1,1,241200641
201900030412,2019-04-14,2019,avril,dimanche,10:30,1,01432,46.337738,5.337384,1,1,1,1,1,3,2,2,1,1,,,1,0,1,3,1,75,5,1,2,0,2,3,15,201900030412B01,7,17,1,200071751
201900030417,2019-04-12,2019,avril,vendredi,18:55,72,72217,48.07389,0.2253176,2,3,6,1,7,3,2,2,1,1,,,1,0,1,3,1,52,5,1,2,0,2,8,1,201900030417B01,7,17,1,200068963
201900030454,2019-03-05,2019,mars,mardi,14:20,75,75117,48.882646,2.29259,2,3,3,1,1,4,2,2,1,1,,,1,0,1,4,1,28,1,1,2,0,2,1,16,201900030454A01,7,1,1,200054781
201900030466,2019-03-07,2019,mars,jeudi,09:35,75,75115,48.845351,2.278579,2,2,7,1,1,4,2,2,1,1,,,1,0,1,4,2,42,1,1,2,0,0,0,21,201900030466A01,,,,200054781
201900030472,2019-03-07,2019,mars,jeudi,16:30,75,75114,48.837487,2.320207,2,3,3,1,2,4,1,1,1,1,,,2,0,1,4,1,27,0,1,2,0,2,2,1,201900030472A01,7,15,1,200054781
201900030474,2019-03-04,2019,mars,lundi,09:55,75,75115,48.840358,2.314897,2,7,3,1,2,4,3,2,3,1,,,2,0,1,4,1,40,0,1,2,0,2,1,1,201900030474B01,7,1,1,200054781
201900030476,2019-03-07,2019,mars,jeudi,18:30,75,75112,48.845682,2.372678,2,3,6,2,2,4,2,4,1,1,,,2,0,1,1,2,39,1,1,2,0,1,1,1,201900030476A01,,,,200054781
201900030481,2019-03-06,2019,mars,mercredi,13:40,75,75111,48.859476,2.367605,2,3,3,1,8,4,2,3,1,1,,,2,0,6,4,1,28,1,1,2,0,2,1,7,201900030481A01,7,16,1,200054781
201900030482,2019-03-05,2019,mars,mardi,09:30,75,75111,48.868841,2.376308,2,2,6,1,1,4,1,2,1,1,,,2,0,1,4,1,50,4,1,4,0,2,6,1,201900030482B01,10,1,1,200054781
201900030483,2019-03-09,2019,mars,samedi,14:40,75,75110,48.874275,2.362625,2,2,3,1,1,4,1,1,1,1,,,1,0,1,4,2,33,9,1,2,0,2,3,1,201900030483B01,32,1,1,200054781
201900030489,2019-03-06,2019,mars,mercredi,18:20,75,75109,48.876201,2.345143,2,1,6,3,2,4,1,3,1,1,,,2,0,6,4,2,28,1,1,2,0,2,0,7,201900030489B01,7,22,1,200054781
201900030490,2019-03-06,2019,mars,mercredi,17:11,75,75102,48.870692,2.332526,2,7,6,1,8,4,1,2,1,1,,,1,0,1,1,1,27,0,1,2,0,1,1,1,201900030490A01,,,,200054781
201900030496,2019-03-06,2019,mars,mercredi,09:30,75,75107,48.860593,2.325954,2,1,3,1,1,4,1,2,1,1,,,1,0,1,4,1,24,4,1,2,4,2,7,17,201900030496B01,15,1,1,200054781
201900030498,2019-03-04,2019,mars,lundi,14:10,75,75107,48.850351,2.306859,2,7,3,1,8,4,1,2,1,3,,,1,0,1,4,1,15,0,1,2,0,2,2,19,201900030498B01,7,16,1,200054781
201900030581,2019-03-08,2019,mars,vendredi,08:15,37,37178,47.15017,0.396783,2,1,7,1,1,4,2,2,2,1,,,1,0,1,2,2,70,3,2,,0,0,0,1,201900030581A01,,,,200072668
201900030600,2019-03-04,2019,mars,lundi,20:00,67,67448,48.482313,7.204925,2,1,2,5,1,3,2,2,1,1,,,1,0,1,3,1,32,5,1,9,0,0,4,1,201900030600B01,3,1,1,246700306
201900030614,2019-03-06,2019,mars,mercredi,13:20,89,89419,47.732038,3.303005,2,1,3,1,8,3,3,2,2,1,,,2,0,1,3,1,23,5,1,2,0,2,1,1,201900030614B01,7,20,1,200067130
201900030636,2019-03-07,2019,mars,jeudi,11:30,29,29153,47.815552,-3.788125,2,2,3,1,7,4,2,2,1,1,,,2,0,1,3,1,67,5,2,,0,2,1,1,201900030636B01,7,15,1,242900769
201900030656,2019-07-26,2019,juillet,vendredi,08:35,75,75120,48.8769855,2.4064654,2,2,2,1,1,4,2,2,2,1,,,1,0,1,4,2,59,1,1,2,0,2,4,2,201900030656B01,32,2,1,200054781
201900030657,2019-07-25,2019,juillet,jeudi,00:05,75,75120,48.852707,2.406129,2,2,3,5,1,4,2,2,1,1,,,1,6,1,1,1,44,5,1,2,0,2,6,1,201900030657B01,30,17,1,200054781
201900030661,2019-07-27,2019,juillet,samedi,00:20,75,75118,48.892408,2.344999,2,2,3,5,3,4,2,2,1,1,,,2,0,1,4,1,21,0,1,2,0,2,1,1,201900030661A01,7,15,1,200054781
201900030676,2019-07-27,2019,juillet,samedi,13:59,75,75108,48.87052,2.305286,2,2,3,1,1,4,2,2,1,1,,,1,6,1,4,2,41,5,1,2,0,2,7,1,201900030676B01,30,13,1,200054781
201900030679,2019-07-24,2019,juillet,mercredi,09:15,75,75108,48.864686,2.313657,2,2,6,1,1,4,2,2,1,1,,,1,2,1,4,1,34,9,1,2,8,0,1,21,201900030679A01,,,,200054781
201900030682,2019-07-26,2019,juillet,vendredi,18:30,75,75102,48.8689211,2.3400825,2,2,3,1,1,4,1,3,1,1,,,1,0,1,4,2,24,0,1,2,0,2,6,1,201900030682B01,7,16,1,200054781
201900030716,2019-07-26,2019,juillet,vendredi,21:15,92,92075,48.81221,2.28021,2,1,6,2,1,4,2,2,2,1,,,1,0,1,1,1,27,1,1,2,0,1,1,2,201900030716A01,,,,200054781
201900030733,2019-07-27,2019,juillet,samedi,08:20,51,51262,48.6964677,4.5938604,2,1,1,1,2,3,-1,2,1,1,,,2,0,1,3,2,39,5,2,,0,2,1,1,201900030733A01,7,13,1,200034718
201900030756,2019-07-21,2019,juillet,dimanche,09:45,974,97413,-21.232255,55.297379,1,3,3,1,1,2,2,2,1,1,,,1,0,5,3,1,67,5,1,2,0,2,1,2,201900030756B01,7,16,1,249740101
201900030762,2019-07-28,2019,juillet,dimanche,11:20,62,62799,50.458928,1.72174,1,1,2,1,1,3,2,2,2,1,,,1,0,1,1,1,29,5,1,2 / 6,0,0,4,2,201900030762B01,1,2,1,200069029
201900030762,2019-07-28,2019,juillet,dimanche,11:20,62,62799,50.458928,1.72174,1,1,2,1,1,3,2,2,2,1,,,1,0,1,3,2,33,5,1,2 / 6,0,9,4,2,201900030762A01,1,2,1,200069029
201900030772,2019-07-28,2019,juillet,dimanche,09:15,56,56193,47.734119,-3.310991,1,1,3,1,1,3,2,2,1,2,,,1,0,1,3,1,55,5,1,2,0,2,8,1,201900030772B01,7,14,1,200042174
201900030774,2019-07-26,2019,juillet,vendredi,17:10,56,56186,47.474928,-3.101528,2,1,3,1,1,4,2,2,2,3,,,1,0,3,3,1,47,5,2,,0,2,8,1,201900030774A01,7,16,1,200043123
201900030798,2019-07-26,2019,juillet,vendredi,09:10,29,29206,48.650157,-4.207302,1,1,3,1,1,3,2,2,1,1,,,1,0,1,4,1,53,5,1,2,0,2,8,1,201900030798B01,7,17,1,200067072
201900030819,2019-07-27,2019,juillet,samedi,19:50,64,64386,43.1892419,-0.2503662,2,2,3,1,2,3,2,2,1,1,,,2,0,1,3,1,49,5,1,2,0,2,1,1,201900030819B01,7,15,1,246401756
201900030823,2019-05-03,2019,mai,vendredi,12:14,36,36202,46.8136816,1.6106451,1,1,3,1,1,3,-1,2,1,1,,,1,0,1,4,2,72,5,1,2,0,0,8,1,201900030823B01,7,17,1,243600327
201900030859,2019-05-02,2019,mai,jeudi,18:35,35,35238,48.101024,-1.685151,2,3,3,1,1,4,3,3,2,1,,,1,0,1,4,2,38,1,2,,0,2,4,1,201900030859B01,7,16,1,243500139
201900030869,2019-05-27,2019,mai,lundi,12:00,34,34172,43.58529,3.85996,2,1,3,1,1,4,2,5,1,1,,,1,0,1,4,1,60,0,2,,0,2,1,19,201900030869A01,7,15,1,243400017
201900030872,2019-05-23,2019,mai,jeudi,18:00,34,34172,43.60646,3.83709,2,2,2,1,1,4,2,2,2,1,,,1,5,1,4,1,15,5,2,,0,2,4,1,201900030872B01,10,16,1,243400017
201900030875,2019-05-23,2019,mai,jeudi,18:50,34,34172,43.60653,3.87219,2,2,3,1,1,4,1,2,1,1,,,1,4,1,4,1,24,5,2,,0,2,1,1,201900030875B01,10,1,1,243400017
201900030885,2019-05-10,2019,mai,vendredi,18:25,34,34172,43.61083,3.86664,2,1,6,1,1,4,1,1,1,1,,,1,0,1,1,1,26,0,2,,0,1,2,1,201900030885A01,,,,243400017
201900030916,2019-05-15,2019,mai,mercredi,07:50,33,33039,44.804584,-0.57215,2,3,2,1,1,4,2,2,1,1,,,1,0,1,4,2,25,1,2,,0,2,3,1,201900030916B01,7,16,1,243300316
201900030918,2019-05-24,2019,mai,vendredi,19:48,33,33550,44.778229,-0.57068,2,6,3,1,1,4,3,0,1,3,,,1,0,1,4,1,18,0,2,,0,2,4,9,201900030918B01,7,9,1,243300316
201900030926,2019-05-22,2019,mai,mercredi,12:45,33,33069,44.866034,-0.595246,2,2,3,1,1,4,2,2,1,1,,,1,0,1,4,2,22,4,2,,0,2,4,1,201900030926B01,32,1,1,243300316
201900030966,2019-05-22,2019,mai,mercredi,17:25,32,32013,43.65567,0.59236,2,1,7,1,1,5,2,1,1,1,,,9,9,1,4,2,50,9,2,,15,0,1,16,201900030966A01,,,,200066926
201900031032,2019-11-09,2019,novembre,samedi,12:00,75,75109,48.8766588,2.3394497,2,4,6,1,1,4,1,2,2,2,,,1,0,1,1,1,20,0,1,2,0,1,1,1,201900031032A01,,,,200054781
201900031039,2019-10-27,2019,octobre,dimanche,09:15,17,17442,45.628096,-0.778245,1,1,3,1,1,3,2,2,1,1,,,1,0,1,3,1,64,5,1,2,0,2,8,1,201900031039B01,7,1,1,241700632
201900031053,2019-11-11,2019,novembre,lundi,16:45,42,42325,45.937095,4.135269,1,1,6,1,1,3,2,2,2,2,,,9,0,1,3,1,50,5,1,2 / 4,0,1,1,2,201900031053A01,,,,244200630
201900031077,2019-11-11,2019,novembre,lundi,14:50,22,22198,48.7733877,-3.5203692,2,6,3,1,8,3,2,2,1,1,,,1,0,1,2,1,16,5,1,2,0,2,4,1,201900031077B01,7,9,1,200065928
201900031155,2019-11-09,2019,novembre,samedi,17:00,68,68162,48.1347431,7.290382,1,2,3,2,1,3,2,2,1,1,,,1,0,1,4,2,56,1,2,,0,2,2,1,201900031155A01,7,9,1,246800551
201900031165,2019-11-09,2019,novembre,samedi,14:45,68,68088,47.848056,7.278889,1,6,3,1,1,3,2,2,1,1,,,1,0,1,3,1,65,0,2,,0,2,1,1,201900031165B01,7,16,1,200066009
201900031167,2019-10-11,2019,octobre,vendredi,09:00,44,44116,47.286649,-2.025695,2,1,2,1,7,4,2,2,1,1,,,1,0,1,2,2,74,3,2,,0,2,4,2,201900031167B01,3,2,1,244400586
201900031217,2019-12-18,2019,décembre,mercredi,18:15,33,33088,45.01522,-0.04382,2,1,3,5,1,3,2,2,1,1,,,2,0,5,3,2,20,5,2,,0,2,1,5,201900031217B01,7,9,1,200070092
201900031219,2019-12-19,2019,décembre,jeudi,07:45,76,76238,49.5588577,0.234114,1,1,2,3,1,3,2,2,2,3,,,1,0,1,3,1,25,1,2,,0,2,4,1,201900031219B01,16,1,1,200084952
201900031227,2019-12-19,2019,décembre,jeudi,20:15,79,79079,46.93081,-0.822244,1,1,6,3,3,3,2,2,1,1,,73,2,0,1,4,1,31,5,2,,0,0,0,1,201900031227A01,,,,200040244
201900031255,2019-12-16,2019,décembre,lundi,07:00,74,74268,45.884385,6.108725,2,4,1,5,1,3,3,2,2,1,,,1,0,5,4,1,31,1,2,,0,2,1,1,201900031255B01,7,16,1,
201900031271,2019-12-19,2019,décembre,jeudi,08:40,29,29046,48.075769,-4.311758,1,6,3,2,2,3,1,1,1,2,,,2,0,1,4,2,24,0,2,,0,0,7,2,201900031271B01,7,2,1,242900645
201900031295,2019-12-16,2019,décembre,lundi,07:20,75,75120,48.861179,2.409347,2,1,6,5,3,4,2,4,2,1,,,2,0,5,4,1,56,1,1,2,8,0,1,1,201900031295A01,,,,200054781