Num_Acc,date,an,mois,jour,hrmn,dep,com,lat,long,agg,int,col,lum,atm,catr,circ,nbv,prof,plan,lartpc,larrout,surf,infra,situ,grav,sexe,age,trajet,secuexist,equipement,obs,obsm,choc,manv,vehiculeid,typevehicules,manoeuvehicules,numVehicules,_infos_commune.code_epci
201900031296,2019-12-16,2019,décembre,lundi,07:30,75,75117,48.887323,2.297886,2,7,3,5,3,4,1,2,1,1,,,2,0,6,4,2,31,1,1,2,0,2,7,7,201900031296B01,7,16,1,200054781
201900031336,2019-07-21,2019,juillet,dimanche,11:10,47,47256,44.637572,0.798421,1,3,5,1,1,4,2,2,1,1,,,1,0,1,4,1,68,5,1,2,0,0,0,1,201900031336C01,7,15,1,200036523
201900031336,2019-07-21,2019,juillet,dimanche,11:10,47,47256,44.637572,0.798421,1,3,5,1,1,4,2,2,1,1,,,1,0,1,3,1,73,5,1,2,0,2,1,1,201900031336B01,7,15,1,200036523
201900031357,2019-12-16,2019,décembre,lundi,11:45,3,03138,46.2536056,3.6261443,2,1,7,1,1,4,2,2,1,1,,,1,0,4,3,1,75,3,2,,0,0,1,14,201900031357A01,,,,240300491
201900031368,2019-11-24,2019,novembre,dimanche,11:15,18,18041,46.641808,2.493388,1,1,3,1,1,3,2,2,2,1,,,1,2,1,3,2,46,5,1,2,0,2,8,1,201900031368B01,1,14,1,200049484
201900031368,2019-11-24,2019,novembre,dimanche,11:15,18,18041,46.641808,2.493388,1,1,3,1,1,3,2,2,2,1,,,1,2,1,4,1,63,5,1,2,0,2,7,14,201900031368A01,1,1,1,200049484
201900031373,2019-12-17,2019,décembre,mardi,17:35,17,17385,45.936669,-1.303769,2,3,3,3,2,4,2,2,1,1,,,2,0,1,3,1,9,5,1,2,0,2,7,15,201900031373B01,7,1,1,241700624
201900031419,2019-08-28,2019,août,mercredi,16:00,74,74010,45.856506,6.08908,2,1,1,1,1,3,2,2,2,2,,,1,0,1,3,1,57,5,1,2,0,2,1,1,201900031419B01,7,15,1,200066793
201900031467,2019-10-05,2019,octobre,samedi,17:10,74,74012,46.19823,6.26443,2,1,3,1,1,4,2,2,2,1,,,1,0,1,4,1,18,9,2,,0,2,3,15,201900031467B01,7,1,1,200011773
201900031496,2019-10-05,2019,octobre,samedi,18:00,6,06069,43.650129,6.919899,2,1,2,1,1,4,2,2,2,1,,,1,0,1,4,1,16,5,2,,0,2,1,1,201900031496A01,10,1,1,200039857
201900031498,2019-10-05,2019,octobre,samedi,03:30,75,75118,48.8857448,2.3649831,2,3,3,5,1,4,1,1,1,1,,,1,0,1,4,1,32,0,1,2,0,2,1,5,201900031498A01,7,1,1,200054781
201900031539,2019-10-02,2019,octobre,mercredi,18:00,74,74010,45.946784,6.121058,2,1,1,2,1,3,2,2,1,2,,,2,0,5,4,1,45,0,1,2,0,9,1,1,201900031539B01,1,1,1,200066793
201900031539,2019-10-02,2019,octobre,mercredi,18:00,74,74010,45.946784,6.121058,2,1,1,2,1,3,2,2,1,2,,,2,0,5,1,1,18,0,2,,0,9,1,1,201900031539A01,1,1,1,200066793
201900031553,2019-10-02,2019,octobre,mercredi,19:30,32,32160,43.611683,1.075805,2,1,1,1,1,4,1,1,1,3,,,1,0,1,4,2,7,5,2,,0,2,1,5,201900031553B01,7,1,1,200023620
201900031559,2019-09-13,2019,septembre,vendredi,11:45,47,47054,44.397567,0.495029,2,6,3,1,7,3,2,2,1,1,,,1,5,1,3,1,60,5,1,2 / 6,0,0,5,15,201900031559A01,7,9,1,244701405
201900031560,2019-10-05,2019,octobre,samedi,14:35,47,47051,44.172997,0.691239,1,2,3,1,8,3,2,2,3,1,,,1,0,1,3,1,16,5,2,,0,2,8,13,201900031560A01,7,17,1,200096956
201900031624,2019-01-22,2019,janvier,mardi,08:30,69,69386,45.76636,4.86714,2,2,3,1,1,4,1,1,1,1,,,1,0,1,3,2,29,1,2,,0,2,6,2,201900031624B01,7,19,1,200046977
201900031637,2019-01-22,2019,janvier,mardi,13:40,66,66136,42.6812,2.91059,2,1,3,1,1,4,2,2,1,2,,,1,5,1,4,2,28,0,2,,0,2,1,1,201900031637B01,7,9,1,200027183
201900031639,2019-01-20,2019,janvier,dimanche,20:30,62,62270,50.47922,2.47953,2,1,3,4,8,4,2,2,2,1,,,1,0,1,3,1,18,0,2,,0,2,1,1,201900031639B01,7,15,1,200072460
201900031722,2019-01-15,2019,janvier,mardi,15:30,33,33093,44.72707,-0.33087,1,1,7,1,1,3,2,2,2,1,,,1,0,8,2,1,48,5,1,2,0,0,0,0,201900031722A01,,,,243301215
201900031754,2019-06-25,2019,juin,mardi,21:10,44,44162,47.22724,-1.65102,2,1,3,2,1,4,2,0,1,1,,,1,0,1,3,1,83,9,2,,0,2,1,1,201900031754B01,7,26,1,244400404
201900031789,2019-06-25,2019,juin,mardi,19:00,75,75118,48.889983,2.326457,2,1,4,1,1,4,2,4,2,1,,,1,0,5,4,2,38,1,2,,0,2,1,1,201900031789C01,7,24 / 22,2,200054781
201900031800,2019-06-25,2019,juin,mardi,09:10,75,75108,48.876197,2.296894,2,1,7,1,1,4,2,8,2,1,,,1,0,6,4,2,56,9,1,2,0,0,7,13,201900031800A01,,,,200054781
201900031801,2019-06-25,2019,juin,mardi,16:20,75,75107,48.858966,2.296043,2,1,6,1,1,4,-1,0,1,1,,,1,6,8,4,1,12,5,2,,0,1,1,1,201900031801A01,,,,200054781
201900031815,2019-09-03,2019,septembre,mardi,18:30,31,31418,43.6270489,1.5305128,2,1,3,1,7,3,2,2,2,1,,,1,0,1,3,2,51,1,1,2,0,2,1,1,201900031815A01,7,15,1,243100518
201900031825,2019-09-04,2019,septembre,mercredi,17:45,74,74019,45.9399,6.144243,2,6,3,1,7,4,2,2,1,1,,,1,0,6,4,1,85,0,2,,0,0,7,19,201900031825B01,2,9,1,200066793
201900031850,2019-06-24,2019,juin,lundi,18:00,83,83072,43.493197,6.361146,2,6,3,1,1,3,-1,2,1,1,,,1,5,1,4,1,56,5,2,,0,0,6,1,201900031850A01,7,16,1,248300493
201900031864,2019-09-04,2019,septembre,mercredi,18:45,5,05010,44.525316,5.772364,2,1,3,1,1,4,2,2,3,4,,,1,0,1,3,1,14,5,1,2,0,2,3,1,201900031864B01,7,1,1,200067445
201900031866,2019-06-25,2019,juin,mardi,15:00,76,76238,49.563069,0.233962,2,3,3,1,1,3,2,2,1,1,,,1,0,1,4,1,13,2,1,2,0,2,8,15,201900031866B01,7,1,1,200084952
201900031875,2019-08-27,2019,août,mardi,10:00,87,87027,45.613587,1.000359,1,1,7,1,2,3,2,2,2,3,,,2,0,1,3,1,43,5,1,2,0,0,1,2,201900031875A01,,,,200070506
201900031906,2019-09-04,2019,septembre,mercredi,17:25,84,84138,44.373468,4.936951,1,1,2,1,1,3,2,2,1,1,,,1,0,1,3,1,60,5,1,2,0,2,4,1,201900031906B01,7,1,1,200040681
201900031912,2019-09-05,2019,septembre,jeudi,11:10,67,67544,49.026776,7.946182,2,9,1,1,1,6,1,1,1,1,,,1,0,1,3,2,49,3,2,,0,0,1,19,201900031912B01,7,1,1,246700926
201900031913,2019-09-02,2019,septembre,lundi,08:00,54,54509,48.631347,6.372344,2,4,3,1,1,3,2,2,1,1,,,1,0,1,3,1,37,2,1,2,0,2,8,0,201900031913B01,33,1,1,245400189
201900031934,2019-06-18,2019,juin,mardi,10:40,28,28051,48.182719,1.389839,2,2,7,1,1,3,2,-1,1,1,,,1,0,1,2,1,71,5,2,,0,0,0,1,201900031934A01,,,,242852465
201900031955,2019-09-03,2019,septembre,mardi,14:30,69,69264,45.98409,4.73891,2,6,3,1,1,3,-1,2,1,2,,,1,5,1,4,1,64,5,2,,0,2,3,11,201900031955A01,10,1,1,200040590
201900031976,2019-06-25,2019,juin,mardi,10:50,42,42041,45.696685,4.175493,1,1,2,1,1,3,2,2,1,1,,,1,0,1,4,1,65,5,1,2 / 6,1,0,1,2,201900031976B01,7,24,1,200065894
201900032037,2019-04-05,2019,avril,vendredi,18:00,44,44109,47.20612,-1.6014,2,1,3,1,2,7,-1,0,1,1,,,1,0,1,4,1,23,4,2,,0,-1,0,0,201900032037A01,40,0,1,244400404
201900032086,2019-09-03,2019,septembre,mardi,15:35,75,75114,48.8284772,2.3274158,2,1,3,1,1,4,2,5,1,1,,,1,0,1,4,1,39,4,1,2,0,2,8,19,201900032086A01,33,1,1,200054781
201900032118,2019-03-06,2019,mars,mercredi,17:55,3,03072,46.4831668,2.5258305,2,1,3,2,8,3,2,2,1,1,,,2,0,1,4,1,5,5,2,,0,0,0,19,201900032118B01,7,17,1,240300657
201900032169,2019-03-09,2019,mars,samedi,12:25,973,97309,4.8856356,-52.2965774,2,3,3,1,1,3,2,2,1,1,,,1,0,1,3,1,16,5,2,,0,2,8,19,201900032169A01,7,21,1,249730045
201900032178,2019-03-07,2019,mars,jeudi,18:00,69,69033,45.86225,4.89358,1,1,2,2,1,3,2,2,1,1,,,1,0,5,4,1,81,5,1,2,0,2,4,1,201900032178B01,14,1,1,200046977
201900032193,2019-02-27,2019,février,mercredi,16:30,974,97408,-20.944477,55.338617,2,3,3,1,1,4,1,1,2,4,,,1,0,1,3,1,46,5,1,2,0,2,7,5,201900032193B01,7,15,1,249740101
201900032209,2019-04-13,2019,avril,samedi,16:50,67,67130,48.422784,7.697831,1,1,5,1,2,9,2,1,1,4,,,2,9,5,4,1,31,5,1,2,0,2,1,1,201900032209C01,1,1,2,200067924
201900032209,2019-04-13,2019,avril,samedi,16:50,67,67130,48.422784,7.697831,1,1,5,1,2,9,2,1,1,4,,,2,9,5,4,1,42,5,1,2,0,2,1,1,201900032209B01,1,1,2,200067924
201900032209,2019-04-13,2019,avril,samedi,16:50,67,67130,48.422784,7.697831,1,1,5,1,2,9,2,1,1,4,,,2,9,5,4,1,41,5,1,2,0,2,1,1,201900032209A01,1,1,2,200067924
201900032215,2019-04-12,2019,avril,vendredi,16:30,74,74042,46.0784436,6.4007643,2,2,1,1,1,4,2,2,1,1,,,1,0,1,3,1,61,5,1,2,0,2,7,15,201900032215B01,7,1,1,200000172
201900032221,2019-03-07,2019,mars,jeudi,08:00,13,13015,43.454315,5.395395,2,3,1,1,1,3,2,2,2,1,,,1,0,1,4,1,60,1,2,,0,2,1,1,201900032221B01,7,15,1,200054807
201900032234,2019-04-13,2019,avril,samedi,11:30,29,29022,48.272349,-4.595659,2,6,3,1,1,3,2,2,1,2,,,1,0,1,4,1,52,5,1,2,0,2,7,1,201900032234B01,7,9,1,200066868
201900032382,2019-04-10,2019,avril,mercredi,12:50,69,69383,45.75704,4.85859,2,2,3,1,1,4,2,3,1,1,,,1,0,1,4,1,31,0,2,,0,2,8,0,201900032382B01,7,1,1,200046977
201900032399,2019-04-10,2019,avril,mercredi,14:15,65,65440,43.2213,0.05825,2,6,3,1,1,2,1,1,1,3,,,1,9,1,3,2,69,3,2,,0,2,1,1,201900032399B01,7,9,1,200069300
201900032403,2019-04-09,2019,avril,mardi,21:55,64,64102,43.4857826,-1.4734707,2,1,1,5,1,3,3,4,4,1,,,1,0,1,4,1,35,5,2,,0,2,1,5,201900032403A01,7,21,1,200067106
201900032414,2019-04-10,2019,avril,mercredi,13:00,45,45235,47.9509852,1.8431068,2,1,3,1,1,4,2,2,1,1,,,1,0,1,4,1,47,1,1,2,0,2,8,26,201900032414A01,7,1,1,244500468
201900032441,2019-04-10,2019,avril,mercredi,22:15,75,75119,48.884341,2.366869,2,3,3,5,1,4,1,2,1,1,,,1,5,1,4,1,28,4,2,,0,2,1,1,201900032441B01,7,16,1,200054781
201900032442,2019-04-10,2019,avril,mercredi,16:40,75,75119,48.896032,2.374171,2,1,3,1,2,4,2,2,1,1,,,2,0,1,4,1,36,1,2,,0,2,3,19,201900032442B01,30,17,1,200054781
201900032460,2019-04-08,2019,avril,lundi,21:36,75,75101,48.866549,2.334075,2,3,3,5,1,4,-1,6,1,1,,,1,0,6,4,1,30,0,1,2,0,2,2,7,201900032460B01,7,16,1,200054781
201900032482,2019-07-25,2019,juillet,jeudi,07:49,43,43038,45.348616,3.341987,1,3,3,1,7,2,2,2,1,1,,,1,0,1,3,1,59,0,2,,0,2,1,1,201900032482B01,7,16,1,200085728
201900032515,2019-07-26,2019,juillet,vendredi,09:10,38,38289,45.14387,6.05818,1,1,3,1,1,3,2,2,2,2,,,1,0,1,3,1,43,5,1,2,0,2,1,5,201900032515A01,7,1,1,243800745
201900032526,2019-07-28,2019,juillet,dimanche,04:10,988,98814,-20.77789,167.12846,1,1,6,3,8,4,2,2,2,3,,,1,0,1,4,1,23,5,2,,0,1,1,1,201900032526A01,,,,
201900032532,2019-07-28,2019,juillet,dimanche,11:10,84,84004,44.099725,5.06147,1,2,3,1,1,3,2,2,1,1,,,1,0,1,3,1,52,5,2,,0,2,1,1,201900032532B01,7,15,1,248400053
201900032533,2019-07-24,2019,juillet,mercredi,12:17,13,13081,43.504358,5.220708,1,6,2,1,1,3,1,1,1,2,,,1,0,1,4,1,60,5,1,2,0,2,4,1,201900032533B01,7,9,1,200054807
201900032542,2019-07-26,2019,juillet,vendredi,09:30,3,03298,46.3170801,3.3953399,2,1,3,1,1,2,2,2,1,1,,,1,5,1,4,1,74,3,2,,0,2,1,23,201900032542B01,17,1,1,200071470
201900032544,2019-07-27,2019,juillet,samedi,14:20,63,63077,45.5740651,2.8861494,1,1,1,1,2,3,2,2,2,3,,,2,0,1,3,1,39,5,1,2,0,2,1,1,201900032544B01,7,13,1,246300966
201900032557,2019-07-26,2019,juillet,vendredi,18:20,69,69153,45.8523992,4.7960784,2,3,3,1,1,3,2,2,2,1,,,1,0,1,4,1,32,5,1,2,0,2,1,17,201900032557A01,7,15,1,200046977
201900032571,2019-07-28,2019,juillet,dimanche,19:10,76,76130,49.7071088,1.4918661,1,1,7,1,1,3,2,2,2,1,,,1,8,1,4,1,43,5,1,2 / 9,0,0,0,1,201900032571A01,,,,200070068
201900032627,2019-07-23,2019,juillet,mardi,17:30,72,72181,47.97902,0.22552,1,1,3,1,1,4,2,2,1,1,,,1,0,1,4,1,30,0,2,,0,2,8,1,201900032627B01,7,17,1,247200132
201900032649,2019-07-24,2019,juillet,mercredi,07:40,34,34003,43.31066,3.51852,1,1,3,1,1,4,3,0,1,1,,,1,0,1,3,1,72,5,2,,0,2,7,19,201900032649A01,33,1,1,243400819
201900032699,2019-05-25,2019,mai,samedi,19:05,27,27229,49.00666,1.15766,2,1,3,1,1,4,1,2,1,1,,,1,0,1,4,1,7,0,2,,0,2,1,1,201900032699B01,7,1,1,200071454
201900032700,2019-05-16,2019,mai,jeudi,12:25,26,26058,44.95006,4.89206,2,1,2,1,1,4,2,-1,1,1,,,1,0,1,3,1,40,1,1,2,0,2,4,1,201900032700B01,7,1,1,200068781
201900032714,2019-05-23,2019,mai,jeudi,14:00,25,25056,47.22517,6.03188,2,1,3,1,1,5,2,2,1,2,,,1,0,1,4,1,54,0,1,2,0,6,8,2,201900032714B01,1,1,1,242500361
201900032714,2019-05-23,2019,mai,jeudi,14:00,25,25056,47.22517,6.03188,2,1,3,1,1,5,2,2,1,2,,,1,0,1,3,1,68,0,2,,0,6,7,1,201900032714A01,1,2,1,242500361
201900032728,2019-05-15,2019,mai,mercredi,19:55,22,22278,48.51811,-2.80993,1,1,7,1,1,4,-1,2,1,1,,,1,0,1,3,1,35,5,1,2,0,0,0,0,201900032728A01,,,,200069409
201900032734,2019-05-14,2019,mai,mardi,10:50,22,22113,48.763009,-3.4726179,2,1,3,1,1,3,2,2,1,3,,,1,0,1,3,2,69,5,1,2,0,2,8,1,201900032734B01,15,17,1,200065928
201900032799,2019-05-27,2019,mai,lundi,18:35,14,14118,49.18303,-0.35579,2,1,3,1,1,4,2,-1,1,1,,,1,0,1,3,1,19,-1,2,,0,2,9,1,201900032799D01,7,1,1,200065597
201900032889,2019-12-14,2019,décembre,samedi,17:40,4,04197,43.802821,5.77847,1,4,2,3,1,3,2,2,1,1,,,1,0,1,4,1,23,5,2,,0,2,4,15,201900032889A01,7,1,1,200034700
201900032901,2019-11-07,2019,novembre,jeudi,07:40,76,76540,49.44877,1.09952,2,2,3,2,1,3,2,4,1,1,,,2,0,1,4,1,20,5,2,,0,2,1,1,201900032901B01,7,16,1,200023414
201900032941,2019-12-15,2019,décembre,dimanche,08:30,972,97209,14.61148,-61.07853,2,6,3,1,1,3,4,2,1,3,,,1,5,1,3,1,43,5,2,,0,2,7,0,201900032941B01,10,9,1,249720061
201900033018,2019-12-15,2019,décembre,dimanche,16:10,75,75116,48.8578254,2.2288065,2,1,6,1,1,4,1,1,1,1,,,1,0,5,4,1,42,5,1,2,0,1,1,1,201900033018A01,,,,200054781
201900033034,2019-11-08,2019,novembre,vendredi,16:30,75,75106,48.850279,2.329938,2,4,3,1,1,4,2,2,1,1,,,1,0,1,4,1,46,0,1,2,0,2,3,18,201900033034B01,7,20,1,200054781
201900033036,2019-11-07,2019,novembre,jeudi,10:30,75,75106,48.8418703,2.3322345,2,4,2,1,1,4,2,2,1,1,,,2,0,1,4,2,46,2,1,2,0,2,1,1,201900033036B01,10,4,1,200054781
201900033037,2019-11-08,2019,novembre,vendredi,13:40,75,75120,48.859151,2.40646,2,1,6,1,1,4,2,2,2,1,,,1,0,4,4,1,40,3,1,2,0,1,1,25,201900033037A01,,,,200054781
201900033046,2019-11-08,2019,novembre,vendredi,16:10,75,75116,48.8579035,2.2807574,2,3,6,1,1,4,1,2,1,1,,,1,0,1,1,1,16,1,1,2,0,1,1,5,201900033046A01,,,,200054781
201900033051,2019-11-08,2019,novembre,vendredi,12:02,75,75115,48.849624,2.286154,2,2,3,1,1,4,3,1,1,1,,,1,0,1,4,1,58,0,1,2,0,2,8,18,201900033051B01,7,22,1,200054781
201900033053,2019-11-07,2019,novembre,jeudi,09:15,75,75115,48.83223,2.2896,2,1,7,1,1,4,2,2,1,1,,,2,0,5,4,2,36,1,1,2,0,0,1,21,201900033053A01,,,,200054781
201900033058,2019-11-08,2019,novembre,vendredi,10:56,75,75109,48.8814238,2.3356149,2,1,3,1,1,4,1,1,1,1,,,1,0,1,4,2,30,0,1,2,0,2,1,5,201900033058B01,30,15,1,200054781
201900033096,2019-12-15,2019,décembre,dimanche,11:40,59,59641,50.988097,2.528203,1,2,1,1,1,3,2,2,1,1,,,2,0,1,3,1,71,5,1,2,0,2,8,19,201900033096B01,7,1,1,200040954
201900033098,2019-12-15,2019,décembre,dimanche,17:19,30,30226,44.236802,4.638007,1,9,2,3,1,3,2,2,2,1,,,1,0,1,3,2,42,5,1,2,0,2,4,14,201900033098A01,7,18,1,200034692
201900033104,2019-12-03,2019,décembre,mardi,15:25,49,49307,47.425322,-0.3434963,1,8,7,1,1,3,2,2,1,1,,,1,4,6,3,1,64,5,1,2 / 6,14,0,1,1,201900033104A01,,,,244900015
201900033112,2019-12-16,2019,décembre,lundi,14:30,16,16103,45.518195,0.429541,1,4,7,1,1,3,2,2,2,1,0,5.1,1,0,1,3,1,73,5,1,2,0,0,1,1,201900033112A01,,,,200070282
201900033116,2019-12-11,2019,décembre,mercredi,16:40,67,67291,48.864959,7.681493,2,6,2,5,3,4,-1,2,1,2,,,2,9,1,3,1,57,0,1,2,0,0,4,2,201900033116B01,7,9,1,246701098
201900033126,2019-12-15,2019,décembre,dimanche,05:40,973,97303,5.47863,-53.194947,1,1,3,3,1,2,2,2,1,1,,,2,0,1,3,1,39,0,2,,0,0,0,2,201900033126B01,10,2,1,200027548
201900033138,2019-12-13,2019,décembre,vendredi,10:45,85,85178,46.77041,-1.505667,2,6,3,1,1,3,2,2,1,1,,,1,5,1,3,1,66,3,2,,0,2,8,1,201900033138B01,7,1,1,200072882
201900033184,2019-10-05,2019,octobre,samedi,17:20,34,34192,43.522961,3.919062,2,3,5,1,1,4,2,2,1,1,,,1,9,1,3,1,58,5,2,,0,2,1,1,201900033184A01,7,23 / 15,2,243400470
201900033188,2019-10-05,2019,octobre,samedi,15:22,3,03062,46.1885011,3.1852195,1,2,2,1,8,3,2,2,1,1,,,1,0,1,3,1,44,5,1,2,0,0,1,2,201900033188A01,1,2,1,200071389
201900033188,2019-10-05,2019,octobre,samedi,15:22,3,03062,46.1885011,3.1852195,1,2,2,1,8,3,2,2,1,1,,,1,0,1,1,1,38,5,1,2 / 6,0,0,4,2,201900033188B01,1,2,1,200071389
201900033216,2019-10-05,2019,octobre,samedi,17:15,22,22173,48.545315,-2.59572,1,3,3,1,1,4,2,2,2,1,,,1,0,1,3,1,71,5,1,2,0,2,1,1,201900033216B01,7,15,1,
201900033332,2019-10-04,2019,octobre,vendredi,12:15,75,75120,48.8690599,2.4088319,2,4,3,1,8,4,1,1,4,1,,,1,0,5,4,1,23,1,1,2,0,2,3,1,201900033332B01,10,16,1,200054781
201900033339,2019-10-04,2019,octobre,vendredi,18:45,75,75115,48.8383398,2.2707986,2,3,3,1,1,4,1,3,2,1,,,1,0,5,1,1,19,0,1,2,0,2,8,13,201900033339A01,1,17,1,200054781
201900033339,2019-10-04,2019,octobre,vendredi,18:45,75,75115,48.8383398,2.2707986,2,3,3,1,1,4,1,3,2,1,,,1,0,5,4,1,49,5,1,2,0,2,7,17,201900033339B01,1,13,1,200054781
201900033341,2019-10-04,2019,octobre,vendredi,16:15,75,75113,48.8208509,2.3555582,2,1,6,1,1,4,3,4,2,1,,,1,5,5,4,2,33,9,1,2,0,1,2,1,201900033341A01,,,,200054781
201900033441,2019-06-24,2019,juin,lundi,19:30,75,75111,48.864228,2.369337,2,1,6,1,1,4,2,4,1,1,,,1,0,5,1,1,59,5,2,,0,1,1,1,201900033441A01,,,,200054781
201900033445,2019-06-24,2019,juin,lundi,14:07,75,75104,48.850015,2.366872,2,1,3,1,1,4,2,0,1,1,,,1,0,5,4,1,52,9,1,2,0,2,2,1,201900033445B01,7,22,1,200054781
201900033476,2019-06-19,2019,juin,mercredi,18:30,67,67362,48.247018,7.333693,1,1,7,1,1,3,2,2,2,2,,,1,0,3,3,2,53,5,1,2,2,0,4,1,201900033476A01,,,,246700967
201900033481,2019-06-25,2019,juin,mardi,07:50,62,62043,50.900921,1.942396,2,1,2,1,1,9,2,2,1,1,,,1,0,1,2,1,66,5,1,2,0,0,4,2,201900033481B01,7,1,1,200090751
201900033486,2019-06-24,2019,juin,lundi,11:45,71,71580,46.662959,5.219291,1,1,3,1,1,3,2,2,1,1,,,1,0,1,4,1,19,1,2,,0,0,3,1,201900033486B01,7,17,1,200071579
201900033487,2019-06-25,2019,juin,mardi,13:15,89,89201,47.923403,3.652432,2,2,3,1,1,3,2,2,2,1,,,1,0,1,3,1,47,5,1,2 / 6,0,2,1,1,201900033487B01,7,1,1,200067304
201900033493,2019-06-24,2019,juin,lundi,08:30,39,39149,47.020857,5.717431,2,1,1,1,1,3,2,2,1,3,,,1,0,1,3,1,61,5,1,2,0,2,1,13,201900033493A01,7,1,1,243900420
201900033495,2019-06-23,2019,juin,dimanche,10:40,31,31396,43.355673,1.62284,1,6,2,1,1,3,2,2,1,1,,,1,0,1,1,1,32,5,2,,0,2,4,1,201900033495B01,1,1,1,200071298
201900033495,2019-06-23,2019,juin,dimanche,10:40,31,31396,43.355673,1.62284,1,6,2,1,1,3,2,2,1,1,,,1,0,1,3,1,71,5,2,,0,2,1,1,201900033495A01,1,1,1,200071298
201900033497,2019-06-19,2019,juin,mercredi,10:15,66,66106,42.4902658,2.8026526,2,6,3,1,1,3,-1,2,1,1,,,1,5,1,3,1,43,5,2,,0,2,7,1,201900033497B01,7,1,1,246600373
201900033511,2019-06-24,2019,juin,lundi,17:15,91,91200,48.542677,1.994376,1,9,3,1,1,3,2,2,1,1,,,1,0,1,3,1,60,5,1,2 / 6,0,0,8,9,201900033511A01,10,1,1,249100595
201900033512,2019-06-17,2019,juin,lundi,14:20,78,78128,48.679508,1.945257,1,1,3,1,1,3,2,2,1,1,,,1,0,1,4,1,57,5,1,2 / 4,0,2,8,1,201900033512B01,10,17,1,200073344
201900033522,2019-06-25,2019,juin,mardi,10:00,63,63417,45.8468282,3.02315,1,1,5,1,1,3,2,2,2,3,,,1,0,1,4,1,64,5,1,2,0,2,0,1,201900033522C01,7,13,1,200070753
201900033522,2019-06-25,2019,juin,mardi,10:00,63,63417,45.8468282,3.02315,1,1,5,1,1,3,2,2,2,3,,,1,0,1,2,1,62,5,1,2,0,2,8,13,201900033522B01,7,13,1,200070753
201900033524,2019-06-24,2019,juin,lundi,09:49,38,38200,45.099662,5.741787,2,3,3,1,1,4,2,2,2,1,,,1,0,1,3,1,22,1,2,,0,2,7,26,201900033524B01,7,15,1,200040715
201900033570,2019-01-21,2019,janvier,lundi,08:45,91,91345,48.688331,2.32275,2,1,2,1,9,4,2,1,2,2,,,1,0,1,4,1,38,1,2,,0,2,4,14,201900033570B01,7,0,1,200056232
201900033601,2019-01-20,2019,janvier,dimanche,08:45,56,56121,47.7597,-3.39436,2,1,7,1,1,4,2,2,1,1,,,7,0,1,4,1,66,0,2,,16,0,0,1,201900033601A01,,,,200042174
201900033644,2019-01-21,2019,janvier,lundi,20:45,75,75113,48.831271,2.356264,2,7,2,5,1,4,1,0,1,2,,,1,0,1,4,1,33,1,1,2 / 4,0,2,5,1,201900033644B01,7,1,1,200054781
201900033645,2019-01-21,2019,janvier,lundi,14:20,75,75113,48.818589,2.352493,2,1,3,1,1,4,2,2,1,1,,,1,0,1,4,1,15,2,2,,0,2,1,9,201900033645A01,7,1,1,200054781
201900033722,2019-08-30,2019,août,vendredi,18:45,30,30060,43.795708,4.377818,2,1,1,1,1,4,2,2,1,1,,,1,0,1,4,1,70,5,2,,1,0,1,1,201900033722B01,7,24,1,243000643
201900033724,2019-09-02,2019,septembre,lundi,23:20,30,30356,43.832885,4.430125,1,1,2,3,1,3,3,2,1,1,,,1,0,1,3,1,26,1,2,,0,2,4,1,201900033724A01,0,0,1,243000643
201900033731,2019-09-03,2019,septembre,mardi,15:12,2,02810,49.265503,3.099976,1,3,3,1,1,2,1,1,3,1,,,1,0,1,3,2,68,5,2,,0,0,1,1,201900033731B01,15,16,1,200071991
201900033732,2019-09-04,2019,septembre,mercredi,08:50,26,26108,44.735278,5.009919,2,3,3,1,1,3,2,2,1,1,,,1,0,1,3,1,65,5,1,2,0,2,1,1,201900033732B01,7,16,1,200040509
201900033739,2019-08-31,2019,août,samedi,18:03,85,85234,46.78455,-2.07079,2,1,6,1,1,4,2,2,1,1,,,1,0,1,3,2,61,5,2,,1,0,0,26,201900033739B01,7,24,1,248500258
201900033753,2019-09-03,2019,septembre,mardi,19:15,91,91017,48.591914,2.067108,2,1,1,2,1,3,2,2,1,1,,,1,0,1,4,1,50,5,2,,0,2,3,1,201900033753B01,7,1,1,249100074
201900033759,2019-09-03,2019,septembre,mardi,20:50,67,67046,48.752419,7.847605,2,6,3,3,1,3,1,1,1,1,,,1,0,1,4,1,19,1,2,,0,2,3,2,201900033759B01,7,2,1,200067874
201900033763,2019-09-04,2019,septembre,mercredi,14:15,64,64230,43.236912,-0.391196,2,1,2,1,1,4,2,2,2,1,,,1,0,1,4,2,58,5,1,2,0,2,2,1,201900033763B01,1,15,1,200067254