Num_Acc,date,an,mois,jour,hrmn,dep,com,lat,long,agg,int,col,lum,atm,catr,circ,nbv,prof,plan,lartpc,larrout,surf,infra,situ,grav,sexe,age,trajet,secuexist,equipement,obs,obsm,choc,manv,vehiculeid,typevehicules,manoeuvehicules,numVehicules,_infos_commune.code_epci
201900033763,2019-09-04,2019,septembre,mercredi,14:15,64,64230,43.236912,-0.391196,2,1,2,1,1,4,2,2,2,1,,,1,0,1,1,1,32,4,2,,0,0,0,15,201900033763A01,1,1,1,200067254
201900033764,2019-02-20,2019,février,mercredi,04:56,44,44026,47.287734,-1.464039,1,1,2,3,1,7,2,2,1,1,,,1,0,1,3,1,21,1,2,,0,0,4,2,201900033764B01,10,2,1,244400404
201900033805,2019-08-30,2019,août,vendredi,14:05,76,76351,49.49199,0.13268,1,6,6,1,1,4,3,6,2,1,,,1,0,1,4,1,22,4,1,2,0,2,1,13,201900033805A01,7,1,1,200084952
201900033807,2019-08-31,2019,août,samedi,17:30,76,76351,49.52428,0.09686,2,2,3,1,1,3,2,2,1,1,,,1,0,1,4,1,12,5,1,2,0,2,1,19,201900033807A01,7,1,1,200084952
201900033815,2019-08-31,2019,août,samedi,11:45,64,64024,43.4804,-1.5281,2,1,7,1,8,4,2,4,1,1,,,1,0,3,3,1,55,9,2,,12,0,1,14,201900033815A01,,,,200067106
201900033823,2019-08-28,2019,août,mercredi,03:05,44,44055,47.27231,-2.348032,2,2,3,5,1,4,-1,0,1,1,,,1,0,1,3,1,21,5,2,,0,2,0,1,201900033823B01,7,1,1,244400610
201900033828,2019-09-02,2019,septembre,lundi,15:50,34,34198,43.5825593,3.9256348,2,1,3,1,1,4,1,-1,1,1,,,1,0,1,4,1,35,0,1,2,0,2,1,25,201900033828A01,10,1,1,243400017
201900033883,2019-09-02,2019,septembre,lundi,13:30,62,62271,50.63683,2.188937,2,1,4,1,1,3,2,2,1,2,,,1,0,1,3,1,17,5,2,,0,2,4,1,201900033883C01,7,1 / 17,2,246201016
201900033886,2019-09-02,2019,septembre,lundi,14:10,62,62748,50.944236,2.126717,2,3,2,1,7,3,2,2,1,1,,,1,0,1,3,1,13,5,2,,0,2,8,2,201900033886B01,7,2,1,246200844
201900033930,2019-03-03,2019,mars,dimanche,12:05,29,29232,47.9808333,-4.1212528,2,1,3,1,3,4,2,2,1,1,,,2,0,1,4,1,42,5,1,2,0,2,3,1,201900033930B01,7,15,1,200068120
201900033943,2019-03-04,2019,mars,lundi,09:20,75,75118,48.893663,2.347949,2,4,6,1,8,4,-1,4,1,1,,,2,9,5,4,2,42,1,1,2,0,2,4,1,201900033943A01,30,13,1,200054781
201900033945,2019-03-03,2019,mars,dimanche,18:05,75,75114,48.825458,2.302308,2,2,3,2,1,4,2,4,1,1,,,1,0,1,4,1,21,4,1,2,0,2,2,17,201900033945A01,7,15,1,200054781
201900033990,2019-03-05,2019,mars,mardi,12:30,16,16032,45.656978,-0.093685,1,1,3,1,1,3,2,2,1,1,0,5.2,1,0,1,4,1,56,5,1,2,0,2,1,1,201900033990B01,7,4,1,200070514
201900033993,2019-03-03,2019,mars,dimanche,11:10,17,17018,46.056906,-0.878825,1,1,7,1,1,3,2,2,1,1,,,1,0,1,3,1,56,5,1,2,16,0,1,1,201900033993A01,,,,200041614
201900034009,2019-03-05,2019,mars,mardi,14:20,22,22093,48.4554195,-2.5363441,1,1,6,1,6,3,2,2,2,4,,,1,0,1,3,1,58,5,1,2,0,0,1,21,201900034009A01,7,21,1,200069391
201900034075,2019-03-01,2019,mars,vendredi,09:30,974,97407,-20.9375,55.3158,1,1,3,1,1,4,2,2,1,1,,,1,0,3,4,2,19,0,2,,0,2,0,19,201900034075B01,7,1,1,249740101
201900034079,2019-04-02,2019,avril,mardi,14:50,2A,2A212,42.2556376,8.6697597,1,1,6,1,1,3,2,2,2,3,,,1,0,1,3,1,54,5,2,,6,0,0,13,201900034079A01,,,,200067049
201900034095,2019-04-11,2019,avril,jeudi,11:00,84,84030,44.130178,5.100973,1,1,7,1,1,3,2,2,1,4,,,8,0,1,3,1,69,5,1,2,0,0,0,1,201900034095A01,,,,248400053
201900034108,2019-04-08,2019,avril,lundi,09:30,31,31263,43.408026,1.385643,2,2,3,1,1,3,2,2,1,1,,,1,5,1,3,2,58,5,1,2,0,2,1,1,201900034108B01,7,19,1,200068807
201900034121,2019-04-07,2019,avril,dimanche,19:00,95,95060,49.01655,2.20017,2,1,1,1,1,4,2,1,1,1,,,1,0,1,4,1,12,5,1,2,0,2,1,1,201900034121B01,7,1,1,200058485
201900034151,2019-04-07,2019,avril,dimanche,18:20,974,97407,-20.94979,55.29718,2,1,3,5,1,4,-1,2,1,1,,,1,9,1,4,1,12,5,2,,0,2,1,16,201900034151B01,7,1,1,249740101
201900034154,2019-04-09,2019,avril,mardi,07:22,69,69387,45.7316,4.82392,2,2,3,1,1,4,2,5,1,1,,,1,4,1,4,1,38,0,2,,0,2,8,26,201900034154B01,7,19,1,200046977
201900034162,2019-04-08,2019,avril,lundi,09:40,69,69384,45.77565,4.81058,2,5,3,1,1,3,3,5,1,1,,,1,9,1,4,1,24,0,1,2,0,2,1,1,201900034162B01,7,16,1,200046977
201900034196,2019-04-06,2019,avril,samedi,17:00,64,64102,43.48819,-1.49167,2,6,3,1,1,4,4,2,1,2,,,1,5,1,3,1,76,5,1,2,0,2,7,1,201900034196B01,7,9,1,200067106
201900034206,2019-04-06,2019,avril,samedi,01:25,56,56107,47.7194,-3.3745,2,1,6,3,1,4,2,2,1,1,,,1,0,1,1,1,26,5,1,2,0,1,1,1,201900034206A01,,,,200042174
201900034261,2019-07-24,2019,juillet,mercredi,03:45,11,11069,43.211726,2.387366,1,1,2,3,1,3,3,2,2,2,1,8,2,9,1,2,1,41,5,2,,0,2,4,1,201900034261B01,10,1,1,200035715
201900034274,2019-07-23,2019,juillet,mardi,10:00,75,75115,48.853699,2.287678,2,3,7,1,1,4,2,-1,1,1,,,1,0,5,4,1,34,1,1,2,0,0,0,1,201900034274A01,,,,200054781
201900034276,2019-07-24,2019,juillet,mercredi,10:20,75,75109,48.876042,2.340208,2,7,3,1,1,4,1,2,1,1,,,1,0,1,4,1,51,9,1,2,0,2,1,1,201900034276A01,10,1,1,200054781
201900034300,2019-07-25,2019,juillet,jeudi,17:00,63,63163,45.7856654,2.7485565,2,1,3,1,1,4,2,2,2,1,,,1,0,1,3,1,16,5,2,,0,2,1,26,201900034300A01,7,1,1,200069169
201900034306,2019-07-25,2019,juillet,jeudi,05:20,57,57082,49.057281,6.7788273,1,1,2,2,1,3,2,2,1,1,,,1,0,1,4,1,49,1,1,6 / 4,0,2,8,2,201900034306A01,7,2,1,200067502
201900034308,2019-07-25,2019,juillet,jeudi,10:05,56,56078,47.799542,-3.476931,1,6,2,1,1,3,2,2,1,3,,,1,5,1,3,1,69,5,1,2,0,2,4,2,201900034308A01,7,2,1,200042174
201900034343,2019-07-25,2019,juillet,jeudi,00:00,34,34327,43.65811,3.963145,1,2,3,3,1,3,4,3,1,1,,,1,5,1,4,1,17,5,2,,0,2,1,11,201900034343B01,7,1,1,243400017
201900034403,2019-07-22,2019,juillet,lundi,11:00,56,56162,47.73546,-3.50034,2,1,6,1,1,3,2,2,1,1,,,2,0,1,1,2,31,5,1,2,0,0,8,1,201900034403C01,10,23,1,200042174
201900034403,2019-07-22,2019,juillet,lundi,11:00,56,56162,47.73546,-3.50034,2,1,6,1,1,3,2,2,1,1,,,2,0,1,4,1,52,5,1,2,16,0,0,1,201900034403B01,10,23,1,200042174
201900034411,2019-07-23,2019,juillet,mardi,12:20,45,45234,47.9005,1.9135,2,3,3,1,1,4,1,1,1,1,,,1,0,1,4,1,73,5,1,2,0,2,7,1,201900034411B01,7,1,1,244500468
201900034477,2019-05-21,2019,mai,mardi,17:20,13,13002,43.33523,5.47776,2,4,7,1,1,3,2,-1,1,1,,,1,0,1,4,1,57,5,1,2,0,6,0,0,201900034477A01,,,,200054807
201900034500,2019-05-16,2019,mai,jeudi,21:00,13,13215,43.3312,5.36494,2,1,2,1,1,4,2,2,1,1,,,1,0,1,4,1,10,0,2,,0,2,4,19,201900034500B01,7,17,1,200054807
201900034514,2019-05-12,2019,mai,dimanche,09:00,13,13212,43.301972,5.422685,2,3,3,1,1,4,2,2,2,1,,,1,0,1,3,1,51,5,2,,0,2,1,1,201900034514B01,7,16,1,200054807
201900034635,2019-12-13,2019,décembre,vendredi,20:35,29,29039,47.87117,-3.92188,2,1,6,5,2,4,1,1,1,1,,,2,0,1,1,1,51,5,2,,0,1,8,26,201900034635A01,,,,242900769
201900034688,2019-12-14,2019,décembre,samedi,15:18,32,32171,43.525526,0.985401,1,1,2,1,1,3,2,2,3,1,,,1,0,1,3,1,60,5,1,2,0,2,5,1,201900034688B01,7,17,1,243200599
201900034691,2019-12-15,2019,décembre,dimanche,12:45,12,12253,44.175775,2.730238,1,1,2,1,1,3,2,2,2,2,,,1,0,1,3,1,71,5,2,,0,0,4,2,201900034691A01,7,2,1,241200765
201900034761,2019-12-13,2019,décembre,vendredi,07:30,78,78440,48.99348,1.91128,2,2,3,5,3,4,2,2,1,1,,,2,0,1,4,1,27,1,2,,0,2,0,1,201900034761C01,10,26,1,200059889
201900034762,2019-12-12,2019,décembre,jeudi,18:22,77,77445,48.5872,2.5951,2,6,1,5,3,3,2,2,1,1,,,2,5,5,4,1,57,5,2,,0,2,7,19,201900034762B01,7,26,1,200059228
201900034773,2019-12-13,2019,décembre,vendredi,16:45,64,64445,43.32451,-0.32558,2,3,3,2,3,4,2,1,1,1,,,2,0,1,4,2,28,0,1,2,0,2,1,1,201900034773B01,7,9,1,200067254
201900034786,2019-12-01,2019,décembre,dimanche,08:40,44,44184,47.270408,-2.224752,2,1,1,1,1,4,2,2,1,1,,,1,0,1,3,1,26,5,1,2,0,2,1,1,201900034786B01,7,5,1,244400644
201900034801,2019-11-09,2019,novembre,samedi,11:30,12,12106,44.47313,2.801424,1,1,6,1,1,4,2,2,2,1,,,1,0,1,3,1,59,5,2,,14,0,1,1,201900034801A01,,,,200067478
201900034816,2019-11-07,2019,novembre,jeudi,18:35,72,72056,48.39709,0.136278,1,1,4,3,1,3,2,2,1,1,,,1,0,1,4,1,15,2,2,,0,0,8,1,201900034816A01,7,1,2,246100663
201900034887,2019-06-16,2019,juin,dimanche,11:50,5,05046,44.564634,6.494116,2,1,7,1,1,3,2,2,2,1,,,1,0,1,2,1,60,5,1,2 / 6,9,0,0,1,201900034887A01,,,,200067742
201900034955,2019-11-06,2019,novembre,mercredi,13:44,75,75118,48.8902718,2.3599148,2,2,3,1,1,4,2,4,2,1,,,1,0,5,4,1,34,4,1,2,0,2,3,1,201900034955B01,32,1,1,200054781
201900035012,2019-06-23,2019,juin,dimanche,08:10,75,75112,48.844343,2.441665,2,1,5,1,1,4,2,2,1,1,,,1,0,1,4,1,40,5,1,2,0,2,1,9,201900035012A01,38 / 7,24 / 21,2,200054781
201900035052,2019-06-24,2019,juin,lundi,08:20,15,15154,44.944636,2.556255,1,1,3,1,1,2,2,4,3,2,,,1,0,1,3,1,77,5,1,2,0,2,8,1,201900035052B01,10,13,1,241501089
201900035055,2019-06-24,2019,juin,lundi,07:00,5,05046,44.5565823,6.472248,1,1,1,1,1,3,2,2,2,3,,,1,0,1,3,1,58,1,1,2,0,2,1,13,201900035055B01,38,1,1,200067742
201900035074,2019-06-23,2019,juin,dimanche,16:10,95,95371,49.0906769,2.5007503,2,1,3,1,1,4,2,2,2,3,,,1,0,4,3,1,47,5,2,,1,0,8,13,201900035074B01,7,1,1,200055655
201900035078,2019-06-22,2019,juin,samedi,16:00,77,77029,48.6434519,2.8765214,1,1,1,1,1,3,2,2,1,1,,,1,0,1,3,1,52,5,1,2,0,2,8,1,201900035078A01,7,13,1,200070779
201900035082,2019-06-19,2019,juin,mercredi,11:30,84,84078,44.23838,4.711649,1,1,6,1,1,9,2,1,1,2,,,1,9,5,2,1,69,5,1,2,8,0,1,26,201900035082A01,,,,200000628
201900035109,2019-06-18,2019,juin,mardi,18:25,45,45284,47.9163245,1.9660526,2,1,3,1,1,4,2,2,1,1,,,1,0,1,4,1,10,9,2,,0,2,1,19,201900035109A01,7,2,1,244500468
201900035127,2019-06-20,2019,juin,jeudi,10:35,69,69387,45.75506,4.84281,2,9,6,1,1,9,-1,0,1,1,,,1,6,1,1,1,50,0,2,,0,0,0,25,201900035127A01,,,,200046977
201900035169,2019-09-26,2019,septembre,jeudi,08:15,35,35120,48.208623,-1.755548,1,6,3,1,8,3,1,2,1,2,,,1,5,1,4,1,44,1,1,2,0,0,7,26,201900035169A01,7,9,1,243500139
201900035177,2019-10-02,2019,octobre,mercredi,18:40,62,62337,50.308293,2.217012,1,1,6,1,1,3,2,2,1,1,,,1,0,1,4,1,12,5,2,,0,0,0,1,201900035177B01,2,2,1,200069672
201900035185,2019-10-05,2019,octobre,samedi,11:40,65,65025,43.003223,-0.106074,2,4,3,1,1,3,2,2,2,1,,,1,0,1,3,1,60,5,1,2,0,2,1,5,201900035185A01,7,1,1,200070811
201900035203,2019-09-08,2019,septembre,dimanche,05:40,987,98745,-16.630833,-151.504028,1,1,2,2,1,3,2,2,1,1,,,1,0,1,2,2,67,5,2,,0,0,4,13,201900035203B01,7,1,1,
201900035220,2019-10-05,2019,octobre,samedi,11:15,59,59449,50.472555,3.247709,2,1,1,1,1,3,1,1,1,1,,,1,0,1,4,1,49,5,2,,0,2,1,5,201900035220B01,7,9,1,200041960
201900035296,2019-10-03,2019,octobre,jeudi,18:25,14,14167,49.20001,-0.29579,1,1,1,1,1,4,-1,1,1,1,,,1,0,1,4,1,32,1,2,,0,2,1,1,201900035296B01,7,0,1,200065597
201900035318,2019-10-02,2019,octobre,mercredi,12:35,75,75114,48.8293008,2.322665,2,2,3,1,1,4,1,3,1,1,,,1,-1,6,4,2,30,5,1,2,0,2,1,1,201900035318B01,10,22,1,200054781
201900035320,2019-10-03,2019,octobre,jeudi,08:55,75,75108,48.8790604,2.3232349,2,7,6,1,1,4,1,1,1,1,,,1,0,1,1,1,29,1,1,2,0,1,1,16,201900035320A01,,,,200054781
201900035321,2019-10-03,2019,octobre,jeudi,00:01,75,75107,48.857547,2.3240402,2,1,3,5,1,4,1,4,1,1,,,1,-1,6,4,1,23,0,1,2,0,2,2,25,201900035321B01,37,8,1,200054781
201900035326,2019-10-03,2019,octobre,jeudi,17:40,94,94003,48.8099,2.32747,2,3,3,1,1,3,2,1,1,1,,,1,0,6,4,1,19,9,2,,0,2,1,1,201900035326B01,7,15,1,200054781
201900035352,2019-01-20,2019,janvier,dimanche,14:25,69,69387,45.74582,4.83469,2,9,3,1,1,4,1,3,1,1,,,1,0,1,4,1,20,0,2,,0,2,1,15,201900035352B01,7,26,1,200046977
201900035384,2019-01-19,2019,janvier,samedi,17:25,91,91114,48.7075,2.5169,2,1,3,5,2,4,2,2,1,1,,,2,0,1,3,1,42,9,2,,0,2,1,19,201900035384B01,10,1,1,200058477
201900035442,2019-01-16,2019,janvier,mercredi,12:15,52,52121,48.08466,5.14588,2,1,2,1,1,3,2,2,1,1,,,1,0,4,4,1,21,2,2,,1,0,-1,-1,201900035442C01,7,24,1,200068658
201900035453,2019-01-18,2019,janvier,vendredi,00:06,49,49007,47.47637,-0.54109,2,1,7,5,1,4,1,1,1,1,,,1,0,1,4,1,32,0,1,2,1,0,1,1,201900035453A01,,,,244900015
201900035462,2019-01-17,2019,janvier,jeudi,15:45,44,44114,47.25289,-1.62477,1,1,3,1,1,7,2,2,1,1,,,1,0,1,3,1,61,5,1,2,0,2,3,2,201900035462B01,14,1,1,244400404
201900035463,2019-01-17,2019,janvier,jeudi,15:30,44,44109,47.25289,-1.62477,1,1,3,1,1,4,2,-1,1,1,,,1,0,1,4,1,72,5,2,,0,2,1,1,201900035463B01,7,1,1,244400404
201900035508,2019-09-03,2019,septembre,mardi,07:30,52,52242,47.840546,5.466125,1,1,6,1,1,2,2,2,2,2,,,1,0,3,3,1,76,5,2,,0,0,0,1,201900035508B01,17,17,1,200070332
201900035509,2019-09-01,2019,septembre,dimanche,16:00,88,88372,48.407361,6.842858,2,3,1,1,8,3,2,3,1,1,,,1,5,1,3,1,40,5,1,2,0,2,1,1,201900035509B01,7,15,1,200071066
201900035515,2019-09-02,2019,septembre,lundi,14:15,971,97116,16.314598,-61.484367,2,4,3,1,1,2,2,2,1,1,,,1,0,1,4,1,43,5,1,2,0,2,8,1,201900035515B01,7,16,1,200044691
201900035521,2019-09-01,2019,septembre,dimanche,18:10,74,74143,45.9055347,6.762415,1,1,6,1,1,3,2,2,2,3,,,1,0,1,3,1,70,5,2,,0,2,3,13,201900035521B01,10,1,1,200023372
201900035581,2019-09-01,2019,septembre,dimanche,19:00,62,62094,50.4628771,1.7750913,1,1,3,1,1,3,2,2,1,1,,,1,0,1,3,1,41,0,2,,0,2,8,0,201900035581B01,7,13,1,200069029
201900035582,2019-08-31,2019,août,samedi,14:30,74,74278,46.077563,6.525101,2,1,7,1,1,4,2,2,1,3,,,9,8,1,3,1,65,5,1,2,0,0,0,1,201900035582A01,,,,200033116
201900035591,2019-09-01,2019,septembre,dimanche,16:19,53,53226,48.224506,-0.932071,2,1,3,1,1,4,2,2,1,1,,,1,0,1,4,2,12,5,1,2,0,2,1,1,201900035591A01,7,1,1,245300355
201900035600,2019-09-01,2019,septembre,dimanche,12:00,77,77270,48.868522,2.995139,1,2,3,1,1,3,2,2,1,1,,,1,0,1,3,1,50,5,1,2,0,2,3,19,201900035600B01,7,0,1,200090504
201900035601,2019-09-01,2019,septembre,dimanche,11:55,95,95409,49.042184,2.338758,2,1,3,1,1,9,1,1,1,1,,,1,0,1,4,1,57,5,1,2,0,2,1,25,201900035601B01,7,1,1,200056380
201900035610,2019-09-02,2019,septembre,lundi,08:40,57,57013,49.179334,6.998373,2,9,3,1,1,3,2,2,1,1,,,1,0,1,3,1,59,5,1,2,0,2,1,9,201900035610A01,7,2,1,245700372
201900035671,2019-03-02,2019,mars,samedi,10:45,69,69387,45.74791,4.85618,2,2,3,1,2,4,1,5,1,1,,,2,0,1,4,1,61,0,2,,0,2,1,19,201900035671B01,7,19,1,200046977
201900035676,2019-02-28,2019,février,jeudi,17:00,69,69383,45.76057,4.84111,2,1,6,1,7,4,2,1,1,1,,,1,0,1,3,1,4,5,2,,0,1,1,1,201900035676A01,,,,200046977
201900035676,2019-02-28,2019,février,jeudi,17:00,69,69383,45.76057,4.84111,2,1,6,1,7,4,2,1,1,1,,,1,0,1,1,1,18,0,1,2,0,1,1,1,201900035676A01,,,,200046977
201900035717,2019-02-27,2019,février,mercredi,16:50,91,91657,48.70373,2.4255,2,3,6,1,1,4,2,2,1,1,,,1,6,1,4,2,65,5,2,,0,2,1,16,201900035717P01,10,15,1,200058477
201900035739,2019-02-27,2019,février,mercredi,13:45,85,85191,46.66791,-1.43779,2,1,2,1,1,3,2,2,1,1,,,1,0,3,4,1,30,1,1,2,0,2,2,2,201900035739B01,7,17,1,248500589
201900035748,2019-02-27,2019,février,mercredi,18:10,80,80021,49.87923,2.30625,2,3,3,1,1,4,2,2,1,1,,,1,0,1,1,1,54,0,1,2,0,2,0,15,201900035748A01,1,16,1,248000531
201900035748,2019-02-27,2019,février,mercredi,18:10,80,80021,49.87923,2.30625,2,3,3,1,1,4,2,2,1,1,,,1,0,1,4,1,19,0,1,2,0,2,0,16,201900035748B01,1,15,1,248000531
201900035766,2019-02-23,2019,février,samedi,11:20,74,74118,46.17515,6.22187,2,1,7,1,1,3,2,2,2,1,,,1,0,1,3,1,84,0,2,,0,0,0,26,201900035766A01,,,,200011773
201900035768,2019-02-28,2019,février,jeudi,17:45,72,72095,48.0242,0.20336,2,1,3,1,1,4,2,2,2,1,,,1,0,1,4,1,18,5,2,,0,2,1,2,201900035768A01,7,9,1,247200132
201900035768,2019-02-28,2019,février,jeudi,17:45,72,72095,48.0242,0.20336,2,1,3,1,1,4,2,2,2,1,,,1,0,1,1,1,15,5,2,,0,2,1,2,201900035768A01,7,9,1,247200132
201900035778,2019-02-27,2019,février,mercredi,09:00,69,69266,45.77225,4.86604,2,6,3,1,1,4,2,2,1,1,,,1,0,1,4,2,33,0,2,,0,2,1,0,201900035778B01,7,9,1,200046977
201900035790,2019-02-25,2019,février,lundi,08:20,67,67482,48.5734,7.75211,2,1,6,1,1,4,2,3,1,1,,,1,0,1,1,1,28,0,2,,0,1,1,1,201900035790A01,,,,246700488
201900035798,2019-03-01,2019,mars,vendredi,13:25,64,64445,43.32315,-0.34891,2,1,2,1,1,4,2,3,1,1,,,1,0,1,4,1,23,2,2,,0,2,1,2,201900035798A01,7,1,1,200067254
201900035858,2019-04-09,2019,avril,mardi,08:30,75,75117,48.894503,2.319818,2,3,3,1,1,4,1,2,1,1,,,1,0,1,4,1,30,0,2,,0,2,0,1,201900035858A01,10,1,1,200054781
201900035872,2019-04-08,2019,avril,lundi,15:15,75,75111,48.852937,2.377103,2,1,2,1,1,4,2,2,1,1,,,1,0,1,4,1,50,1,2,,0,2,1,1,201900035872A01,7,23,1,200054781
201900035873,2019-04-09,2019,avril,mardi,11:50,75,75109,48.873078,2.327704,2,3,6,1,1,4,1,1,1,1,,,1,0,1,4,1,38,1,2,,0,2,1,1,201900035873B01,10,22,1,200054781
201900035926,2019-04-08,2019,avril,lundi,16:00,83,83073,43.394903,6.314254,2,1,2,1,1,3,2,2,1,1,,,1,0,1,3,1,53,5,1,2,0,2,4,2,201900035926B01,7,2,1,248300550
201900035928,2019-04-09,2019,avril,mardi,16:30,56,56179,47.836542,-3.394162,1,1,6,1,1,3,2,2,2,2,,,1,0,1,3,1,81,5,1,2,6,0,0,1,201900035928A01,,,,200042174
201900035933,2019-04-10,2019,avril,mercredi,13:26,89,89237,47.599431,3.6808,2,4,3,1,1,3,2,2,1,1,,,1,0,1,4,1,54,5,2,,0,2,1,1,201900035933B01,7,15,1,200067080
201900035941,2019-04-09,2019,avril,mardi,14:10,44,44185,47.623445,-2.045065,1,1,3,1,1,3,2,2,1,1,,,1,0,1,2,1,61,5,2,,0,2,3,1,201900035941B01,7,17,1,243500741
201900035970,2019-04-08,2019,avril,lundi,15:25,45,45317,47.762682,1.601406,2,1,1,1,1,4,2,2,4,3,,,1,0,1,3,1,70,5,1,2,0,2,0,5,201900035970A01,7,1,1,200070183
201900035982,2019-04-07,2019,avril,dimanche,09:20,69,69179,45.586718,4.695744,2,1,7,1,1,3,2,2,1,1,,,1,9,1,3,1,67,5,1,2,14,0,0,1,201900035982A01,,,,246900740
201900035985,2019-04-09,2019,avril,mardi,07:45,81,81054,43.569115,2.13249,1,1,3,1,2,2,2,2,1,1,,,2,9,1,2,1,71,5,2,,0,2,6,19,201900035985A01,7,1,1,248100158
201900036027,2019-07-23,2019,juillet,mardi,21:10,75,75101,48.865067,2.32801,2,1,3,1,1,4,1,5,1,1,,,1,0,1,4,2,31,5,1,2,0,2,0,13,201900036027A01,7,1,1,200054781
201900036067,2019-07-24,2019,juillet,mercredi,12:35,29,29228,48.0302406,-4.6166718,1,1,3,1,1,3,2,2,1,1,,,1,0,1,3,1,75,5,2,,0,0,8,2,201900036067B01,7,2,1,242900629
201900036078,2019-07-24,2019,juillet,mercredi,09:05,73,73186,45.806209,6.5172303,2,1,1,1,1,3,2,2,2,2,,,1,0,1,4,1,34,5,1,2,0,2,1,5,201900036078B01,7,1,1,200068997
201900036096,2019-06-02,2019,juin,dimanche,15:00,13,13072,43.446161,5.638012,2,1,5,1,1,3,2,2,2,2,,,1,0,1,3,1,18,9,1,2,0,2,1,5,201900036096D01,7,1,1,200054807
201900036096,2019-06-02,2019,juin,dimanche,15:00,13,13072,43.446161,5.638012,2,1,5,1,1,3,2,2,2,2,,,1,0,1,4,1,17,9,1,2,0,2,1,5,201900036096C01,7,1,1,200054807
201900036096,2019-06-02,2019,juin,dimanche,15:00,13,13072,43.446161,5.638012,2,1,5,1,1,3,2,2,2,2,,,1,0,1,3,1,18,9,1,2,0,2,1,5,201900036096B01,7,1,1,200054807
201900036104,2019-07-24,2019,juillet,mercredi,10:30,35,35228,48.606759,-2.067666,1,1,3,1,1,3,2,2,1,1,,,1,0,1,2,2,76,5,2,,0,2,8,1,201900036104B01,7,1,1,243500725
201900036119,2019-03-11,2019,mars,lundi,19:30,86,86001,46.233158,0.757179,1,1,2,3,1,2,2,2,1,2,,,1,0,1,3,1,27,3,1,2,0,2,4,1,201900036119A01,10,2,1,200070043
201900036131,2019-07-20,2019,juillet,samedi,13:30,91,91103,48.61341,2.278,2,1,3,1,1,4,2,2,1,1,,,1,0,3,4,2,38,1,1,2,0,2,8,1,201900036131B01,7,21,1,200057859
201900036160,2019-07-20,2019,juillet,samedi,13:10,56,56121,47.74518,-3.37402,2,1,3,1,1,4,2,2,1,1,,,1,0,1,4,1,18,9,2,,0,2,0,19,201900036160A01,7,1,1,200042174
201900036182,2019-07-22,2019,juillet,lundi,08:15,75,75119,48.897068,2.384747,2,1,6,1,1,4,2,3,1,1,,,1,6,5,4,1,52,9,1,2,8,2,1,21,201900036182A01,7,16,1,200054781
201900036185,2019-07-21,2019,juillet,dimanche,20:30,75,75116,48.858574,2.244859,2,2,6,1,1,4,2,4,1,1,,,1,0,1,4,1,55,5,1,2,0,2,1,1,201900036185B01,7,22,1,200054781
201900036188,2019-07-22,2019,juillet,lundi,07:40,75,75104,48.856924,2.353902,2,2,3,1,1,4,1,2,1,1,,,1,0,5,4,1,59,1,1,2,0,2,2,1,201900036188B01,7,15,1,200054781
201900036232,2019-12-11,2019,décembre,mercredi,21:25,75,75114,48.8241117,2.3212317,2,4,3,5,2,4,3,3,1,1,,,2,0,5,4,1,51,0,1,2,0,2,1,1,201900036232B01,7,22,1,200054781
201900036233,2019-12-13,2019,décembre,vendredi,19:20,75,75104,48.856959,2.353714,2,3,3,5,2,4,2,2,1,1,,,2,0,5,4,2,27,0,1,2,0,2,1,1,201900036233A01,7,1,1,200054781
201900036237,2019-12-13,2019,décembre,vendredi,09:45,75,75113,48.838656,2.372371,2,3,3,1,2,4,2,3,1,1,,,2,0,5,4,2,22,9,1,2,0,2,2,1,201900036237B01,7,15,1,200054781
201900036239,2019-12-13,2019,décembre,vendredi,17:00,75,75108,48.881095,2.321001,2,1,3,1,1,4,2,3,1,1,,,1,0,5,4,2,30,1,1,2,0,2,1,1,201900036239B01,7,22,1,200054781
201900036242,2019-12-13,2019,décembre,vendredi,10:30,75,75108,48.875524,2.299227,2,1,3,1,1,4,2,2,1,1,,,2,0,1,4,2,55,0,1,2,0,2,3,10,201900036242B01,33,5,1,200054781
201900036244,2019-12-13,2019,décembre,vendredi,08:15,75,75107,48.858635,2.319824,2,3,6,1,2,4,1,1,1,1,,,2,0,1,4,1,46,1,1,2,15,0,1,1,201900036244A01,,,,200054781
201900036353,2019-07-29,2019,juillet,lundi,17:30,49,49278,47.427859,-0.557472,1,1,3,1,1,3,2,2,1,1,,,1,0,1,3,1,73,5,2,,0,2,8,9,201900036353A01,7,1,1,244900015
201900036383,2019-05-07,2019,mai,mardi,17:00,10,10081,48.30807,4.04333,2,9,3,1,1,4,-1,2,1,1,,,1,5,1,4,1,8,5,2,,0,2,1,26,201900036383B01,10,1,1,200069250