Num_Acc,date,an,mois,jour,hrmn,dep,com,lat,long,agg,int,col,lum,atm,catr,circ,nbv,prof,plan,lartpc,larrout,surf,infra,situ,grav,sexe,age,trajet,secuexist,equipement,obs,obsm,choc,manv,vehiculeid,typevehicules,manoeuvehicules,numVehicules,_infos_commune.code_epci
201900036440,2019-05-06,2019,mai,lundi,11:05,6,06069,43.641547,6.93698,2,1,2,1,1,3,2,3,2,1,,,1,3,1,4,1,81,5,1,2,0,2,4,1,201900036440B01,7,12,1,200039857
201900036442,2019-05-01,2019,mai,mercredi,11:15,6,06069,43.6638579,6.9230765,2,1,1,1,1,4,2,2,2,1,,,1,0,1,4,1,7,5,1,2,0,2,3,9,201900036442B01,7,1,1,200039857
201900036525,2019-05-28,2019,mai,mardi,05:20,75,75116,48.83751,2.256814,2,7,3,2,1,4,1,3,1,1,,,1,0,1,2,1,39,0,1,2,0,2,3,18,201900036525B01,37,16,1,200054781
201900036546,2019-05-28,2019,mai,mardi,15:30,75,75105,48.840146,2.358779,2,1,2,1,1,4,1,2,1,1,,,1,0,1,4,1,76,5,2,,0,2,1,5,201900036546A01,7,23,1,200054781
201900036551,2019-05-24,2019,mai,vendredi,01:15,75,75106,48.852959,2.342799,2,4,3,5,1,4,1,2,1,1,,,1,0,1,4,1,27,5,2,,0,2,2,1,201900036551B01,7,9,1,200054781
201900036556,2019-05-15,2019,mai,mercredi,08:45,75,75106,48.846175,2.317873,2,3,3,1,1,4,1,2,1,1,,,1,9,1,4,1,53,1,1,2,0,2,7,13,201900036556A01,1,13,1,200054781
201900036556,2019-05-15,2019,mai,mercredi,08:45,75,75106,48.846175,2.317873,2,3,3,1,1,4,1,2,1,1,,,1,9,1,4,2,61,0,1,2,0,2,8,13,201900036556B01,1,13,1,200054781
201900036561,2019-04-30,2019,avril,mardi,22:15,75,75106,48.847915,2.327768,2,2,3,5,1,4,3,2,1,1,,,1,0,1,4,1,25,4,2,,0,2,8,19,201900036561A01,33,1,1,200054781
201900036562,2019-05-29,2019,mai,mercredi,18:10,75,75120,48.861521,2.400259,2,1,6,1,1,4,2,2,2,1,,,1,0,1,4,2,27,1,2,,0,2,7,1,201900036562A01,7,13,1,200054781
201900036590,2019-11-06,2019,novembre,mercredi,16:00,91,91573,48.610669,2.510765,2,1,2,1,2,4,2,2,1,1,,,2,0,1,3,1,65,9,1,2,14,0,1,2,201900036590B01,10,2,1,200059228
201900036597,2019-11-08,2019,novembre,vendredi,14:25,89,89384,47.904785,3.333892,1,2,3,2,1,3,2,2,1,1,,,1,0,1,4,1,70,5,1,2,0,2,1,1,201900036597B01,7,1,1,248900524
201900036630,2019-11-04,2019,novembre,lundi,08:35,69,69236,45.56599,4.703051,1,3,3,2,2,3,2,2,1,1,,,2,0,1,3,1,60,5,1,2,0,2,7,1,201900036630B01,7,19,1,200077014
201900036632,2019-11-04,2019,novembre,lundi,11:20,31,31395,43.436153,1.322306,2,6,3,1,1,2,1,2,1,1,,,1,9,1,3,1,66,5,1,2,0,2,3,1,201900036632B01,7,16,1,200068641
201900036746,2019-06-20,2019,juin,jeudi,17:30,91,91687,48.65587,2.3696,2,1,1,1,1,4,2,2,1,1,,,1,0,2,4,1,11,0,2,,0,2,1,19,201900036746B01,7,1,1,200054781
201900036793,2019-06-22,2019,juin,samedi,08:20,65,65286,43.1068748,-0.0397503,2,6,3,1,1,2,1,2,1,2,,,1,0,1,3,1,68,5,2,,0,2,1,15,201900036793B01,7,1,1,200069300
201900036795,2019-06-21,2019,juin,vendredi,22:25,64,64445,43.3041337,-0.3668135,2,6,2,5,1,4,1,2,1,2,,,1,0,1,4,1,33,5,2,,0,2,4,26,201900036795A01,7,0,1,200067254
201900036796,2019-06-21,2019,juin,vendredi,18:45,64,64445,43.30423,-0.36742,2,6,2,1,2,4,1,1,1,1,,,2,5,1,4,2,23,1,2,,0,2,5,1,201900036796B01,7,1,1,200067254
201900036833,2019-06-21,2019,juin,vendredi,13:30,45,45234,47.9123187,1.8942288,2,3,3,1,1,4,-1,2,1,1,,,1,0,5,4,2,57,1,1,2,0,2,1,1,201900036833B01,80,9,1,244500468
201900036837,2019-06-22,2019,juin,samedi,10:15,41,41269,47.80059,1.0474,2,9,3,1,1,9,4,1,1,3,,,1,0,1,4,2,76,5,2,,0,2,0,1,201900036837B01,7,9,1,200072072
201900036865,2019-06-12,2019,juin,mercredi,17:30,33,33063,44.840558,-0.559069,2,3,2,1,1,4,1,3,2,1,,,1,0,1,1,1,17,5,2,,0,2,1,1,201900036865A01,50,1,1,243300316
201900036950,2019-10-03,2019,octobre,jeudi,20:30,68,68082,47.842461,7.344292,1,1,2,3,1,3,2,2,1,1,,,1,0,1,3,1,33,0,2,,0,2,4,2,201900036950B01,7,2,1,246800445
201900036966,2019-10-03,2019,octobre,jeudi,15:17,4,04088,43.968368,5.768743,2,1,3,1,1,4,2,2,1,4,,,1,0,1,4,1,60,5,1,2,0,2,8,1,201900036966B01,7,13,1,240400440
201900036983,2019-06-24,2019,juin,lundi,16:00,987,98714,-16.495417,-151.738889,1,1,7,1,1,2,2,2,1,1,,,1,0,1,3,1,51,5,1,2,14,0,1,1,201900036983A01,,,,
201900036987,2019-04-09,2019,avril,mardi,20:00,987,98714,-16.439938,-151.757378,1,1,7,5,1,4,2,2,2,4,,,1,0,8,2,1,17,5,2,,13,0,0,14,201900036987A01,,,,
201900036990,2019-05-10,2019,mai,vendredi,05:45,987,98758,-16.739804,-151.457002,2,1,1,2,1,4,2,2,1,1,,,1,0,1,3,1,22,1,2,,0,2,1,26,201900036990B01,7,15,1,
201900036992,2019-05-11,2019,mai,samedi,18:00,987,98747,-17.745657,-149.242081,1,1,1,4,1,2,2,2,1,1,,,1,0,1,2,1,14,5,2,,0,2,7,19,201900036992B01,7,2,1,
201900036997,2019-06-02,2019,juin,dimanche,03:00,987,98733,-17.679314,-149.587707,2,1,1,5,1,2,2,2,1,1,,,1,0,1,2,1,18,5,2,,0,2,1,1,201900036997B01,10,1,1,
201900036997,2019-06-02,2019,juin,dimanche,03:00,987,98733,-17.679314,-149.587707,2,1,1,5,1,2,2,2,1,1,,,1,0,1,3,1,17,5,2,,0,2,1,1,201900036997B01,10,1,1,
201900037050,2019-10-02,2019,octobre,mercredi,20:30,69,69382,45.75925,4.82941,2,2,1,5,1,4,1,5,1,1,,,1,5,1,4,2,32,0,2,,0,2,1,1,201900037050B01,7,15,1,200046977
201900037080,2019-10-02,2019,octobre,mercredi,08:30,44,44114,47.26958,-1.61423,2,1,3,1,1,4,2,0,2,1,,,1,0,1,4,1,73,5,1,2,0,1,7,9,201900037080B01,7,9,1,244400404
201900037085,2019-10-02,2019,octobre,mercredi,13:20,34,34172,43.57489,3.85993,2,6,3,1,1,4,1,2,1,2,,,1,5,1,4,2,47,1,2,,0,2,7,1,201900037085B01,7,9,1,243400017
201900037184,2019-01-17,2019,janvier,jeudi,10:50,75,75105,48.84734,2.340844,2,3,2,1,1,4,2,2,2,1,,,1,0,1,4,2,80,0,2,,0,2,4,1,201900037184B01,7,21,1,200054781
201900037193,2019-01-17,2019,janvier,jeudi,14:15,75,75118,48.898595,2.363305,2,1,7,1,1,4,1,1,1,1,,,1,0,1,4,2,22,1,2,,0,0,0,21,201900037193A01,,,,200054781
201900037194,2019-01-16,2019,janvier,mercredi,18:30,75,75118,48.890406,2.355828,2,2,3,5,1,4,2,2,1,1,,,1,0,1,4,2,30,1,1,2,0,2,7,15,201900037194A01,7,1,1,200054781
201900037215,2019-01-20,2019,janvier,dimanche,14:25,75,75112,48.847341,2.386779,2,2,2,1,1,4,2,4,1,1,,,1,5,1,1,1,14,5,2,,0,2,6,15,201900037215A01,32,17,1,200054781
201900037220,2019-01-16,2019,janvier,mercredi,20:55,75,75112,48.847983,2.376628,2,3,3,5,1,4,1,1,1,1,,,1,0,1,4,2,29,5,1,2,0,2,6,15,201900037220B01,30,17,1,200054781
201900037225,2019-01-17,2019,janvier,jeudi,21:00,75,75110,48.876848,2.364688,2,1,3,5,1,4,1,2,2,1,,,1,0,5,4,1,28,4,1,2 / 6,0,2,1,1,201900037225B01,7,22,1,200054781
201900037236,2019-01-19,2019,janvier,samedi,10:00,75,75107,48.862897,2.316959,2,1,6,1,1,4,2,3,1,1,,,1,0,5,4,1,60,0,1,2,0,2,0,1,201900037236B01,7,22,1,200054781
201900037237,2019-01-18,2019,janvier,vendredi,16:58,75,75107,48.859374,2.319556,2,3,7,2,1,4,1,2,1,1,,,1,0,1,4,1,65,0,1,2,0,0,0,1,201900037237A01,,,,200054781
201900037243,2019-01-17,2019,janvier,jeudi,12:40,75,75111,48.865907,2.365043,2,1,3,1,8,4,2,2,1,1,,,2,0,1,4,1,69,1,1,2 / 6,0,2,2,1,201900037243B01,7,14,1,200054781
201900037251,2019-01-17,2019,janvier,jeudi,09:30,94,94076,48.80434,2.36446,2,1,7,1,1,3,1,0,2,1,,,3,0,1,1,1,35,0,1,2,0,1,7,25,201900037251A01,,,,200054781
201900037326,2019-08-24,2019,août,samedi,19:01,87,87050,45.87585,1.19148,1,1,6,1,1,3,2,2,1,1,,,1,0,1,4,2,9,5,1,2,0,2,4,0,201900037326A01,7,0,1,248719312
201900037332,2019-08-26,2019,août,lundi,13:20,85,85194,46.49965,-1.75645,2,6,3,1,1,4,1,2,1,2,,,1,0,1,4,1,56,1,2,,0,2,0,1,201900037332B01,7,16,1,200071165
201900037337,2019-08-28,2019,août,mercredi,17:15,80,80021,49.87531,2.27996,2,1,3,1,1,4,2,2,1,1,,,1,0,3,4,1,35,5,2,,0,2,1,1,201900037337B01,7,9,1,248000531
201900037375,2019-08-29,2019,août,jeudi,10:04,66,66136,42.68712,2.8704,2,1,1,1,1,4,3,2,1,1,,,1,0,1,4,1,81,5,1,2,0,2,1,1,201900037375B01,10,16,1,200027183
201900037381,2019-08-27,2019,août,mardi,12:00,64,64483,43.38359,-1.65989,2,9,3,1,1,4,2,3,1,1,,,1,0,3,4,1,28,0,2,,0,2,1,15,201900037381A01,7,15,1,200067106
201900037383,2019-08-31,2019,août,samedi,17:20,64,64445,43.30872,-0.35482,2,1,6,1,1,4,2,2,1,1,,,1,0,1,4,2,24,0,2,,0,2,1,1,201900037383B01,7,24,1,200067254
201900037386,2019-08-30,2019,août,vendredi,10:00,63,63300,45.90669,3.12528,2,6,3,1,1,3,3,2,1,1,,,1,5,1,3,1,55,5,1,2,0,2,6,1,201900037386B01,7,1,1,200070753
201900037403,2019-08-30,2019,août,vendredi,09:25,56,56121,47.75152,-3.3694,2,6,6,2,1,4,2,2,1,3,,,1,5,1,4,1,35,5,1,2,12,0,1,16,201900037403A01,,,,200042174
201900037416,2019-08-28,2019,août,mercredi,11:10,54,54549,48.634221,6.321005,2,1,1,1,7,3,2,2,1,1,,,1,0,1,3,1,49,5,2,,0,2,1,1,201900037416B01,7,15,1,245400189
201900037418,2019-08-24,2019,août,samedi,11:26,52,52121,48.1262,5.136,2,3,3,1,1,3,2,2,1,2,,,1,0,1,3,1,69,5,2,,0,2,1,1,201900037418B01,7,19,1,200068658
201900037442,2019-03-01,2019,mars,vendredi,09:55,56,56098,47.78335,-3.33826,2,6,3,1,1,3,2,2,1,1,,,1,5,1,4,1,58,1,2,,0,2,1,9,201900037442A01,7,1,1,200042174
201900037497,2019-02-14,2019,février,jeudi,15:50,41,41018,47.5862,1.32939,2,1,3,1,1,4,-1,3,1,1,,,1,0,1,4,1,24,5,2,,0,2,1,7,201900037497B01,7,23,1,200030385
201900037554,2019-02-16,2019,février,samedi,13:07,29,29232,47.99428,-4.09625,2,1,7,1,1,4,2,2,1,1,,,1,0,1,4,1,17,5,1,5,1,0,1,14,201900037554A01,,,,200068120
201900037576,2019-02-15,2019,février,vendredi,19:00,22,22187,48.55337,-2.7187562,2,1,1,2,1,3,2,0,1,3,,,1,0,1,4,2,27,5,2,,0,2,1,1,201900037576B01,33,13,1,200069409
201900037643,2019-04-06,2019,avril,samedi,11:50,91,91114,48.69892,2.51127,2,1,6,1,1,4,1,1,1,1,,,1,9,1,4,1,54,9,2,,0,1,1,1,201900037643A01,,,,200058477
201900037681,2019-04-08,2019,avril,lundi,12:26,973,97353,3.6414425,-54.0305582,2,1,2,1,8,4,2,2,2,3,,,2,0,1,3,1,14,1,2,,0,2,1,1,201900037681A01,1,1,1,249730037
201900037681,2019-04-08,2019,avril,lundi,12:26,973,97353,3.6414425,-54.0305582,2,1,2,1,8,4,2,2,2,3,,,2,0,1,1,1,12,2,2,,0,2,4,1,201900037681B01,1,1,1,249730037
201900037690,2019-04-06,2019,avril,samedi,15:00,76,76396,49.551128,1.284277,1,1,6,1,1,3,2,2,2,3,,,1,0,1,4,1,63,5,1,2,0,2,8,2,201900037690B01,7,2,1,200070449
201900037690,2019-04-06,2019,avril,samedi,15:00,76,76396,49.551128,1.284277,1,1,6,1,1,3,2,2,2,3,,,1,0,1,3,1,54,5,1,2,0,2,8,2,201900037690C01,7,2,1,200070449
201900037699,2019-04-07,2019,avril,dimanche,10:00,49,49307,47.446089,-0.410862,2,1,3,1,1,3,2,2,1,1,,,1,0,1,3,1,60,5,2,,1,0,2,22,201900037699B01,7,24,1,244900015
201900037700,2019-03-29,2019,mars,vendredi,12:40,41,41198,47.260917,1.362036,2,9,1,1,7,5,-1,2,2,1,,,1,0,1,3,1,34,3,2,,0,2,8,15,201900037700B01,7,16,1,200072064
201900037717,2019-04-08,2019,avril,lundi,12:45,83,83107,43.373715,6.673267,1,1,2,1,1,3,2,2,1,1,,,1,0,1,3,1,65,5,1,2,0,2,4,2,201900037717B01,14,17,1,200035319
201900037727,2019-04-08,2019,avril,lundi,16:25,60,60041,49.3847362,2.2201033,1,1,2,1,1,3,2,2,1,1,,,1,0,1,4,1,18,9,2,,0,0,4,2,201900037727B01,7,2,1,200067999
201900037756,2019-04-03,2019,avril,mercredi,07:20,974,97411,-20.896294,55.44716,2,1,2,1,1,4,2,2,2,1,,,1,0,1,3,1,31,1,1,2,0,2,1,1,201900037756A01,7,1,1,249740119
201900037771,2019-04-04,2019,avril,jeudi,07:10,69,69383,45.76208,4.85158,2,1,3,1,2,9,-1,0,1,1,,,2,6,1,4,1,33,0,2,,0,2,0,0,201900037771B01,10,9,1,200046977
201900037792,2019-04-06,2019,avril,samedi,10:30,91,91326,48.69707,2.37192,2,9,6,1,1,9,-1,0,1,1,,,1,9,1,1,2,23,4,1,2,0,1,0,25,201900037792A01,,,,200054781
201900037794,2019-04-03,2019,avril,mercredi,18:08,91,91223,48.43502,2.16816,2,3,3,1,1,2,1,1,2,1,,,2,0,1,4,2,69,9,2,,0,2,1,1,201900037794B01,7,16,1,200017846
201900037819,2019-07-22,2019,juillet,lundi,19:30,57,57467,49.129928,6.243158,1,3,3,1,1,3,2,2,1,1,,,1,0,8,3,2,59,5,2,,0,2,8,1,201900037819B01,7,26,1,200039865
201900037829,2019-07-14,2019,juillet,dimanche,13:20,49,49050,47.3545884,-0.4491704,2,1,7,1,1,3,2,2,1,3,,,1,0,1,3,1,76,5,1,2 / 9,0,1,0,1,201900037829A01,,,,200071553
201900037858,2019-07-22,2019,juillet,lundi,10:00,83,83064,43.322783,6.028205,1,1,2,1,1,3,2,2,1,1,,,1,0,1,3,1,70,5,1,2,0,2,4,2,201900037858B01,7,2,1,200068104
201900037860,2019-07-23,2019,juillet,mardi,08:45,13,13111,43.553924,5.692477,1,1,7,1,7,3,2,2,2,1,,,1,0,3,3,1,75,5,2,,0,0,7,1,201900037860A01,,,,200054807
201900037861,2019-07-21,2019,juillet,dimanche,11:30,68,68142,48.074568,7.135108,1,1,1,1,1,3,2,2,2,3,,,1,0,1,1,1,41,5,2,,0,2,1,13,201900037861B01,33,1,1,246800585
201900037916,2019-07-21,2019,juillet,dimanche,13:45,75,75119,48.876611,2.381258,2,1,7,1,1,4,2,-1,2,2,,,1,0,1,4,1,58,5,1,2,0,0,0,1,201900037916A01,,,,200054781
201900037922,2019-07-21,2019,juillet,dimanche,11:30,75,75115,48.833562,2.309218,2,2,3,1,1,4,2,3,1,1,,,1,0,1,4,2,71,5,1,2,0,2,2,12,201900037922A01,7,1,1,200054781
201900037928,2019-07-22,2019,juillet,lundi,14:00,9,09149,42.944507,1.171479,1,1,3,1,1,3,2,2,1,1,,,1,0,1,4,1,83,5,1,2,0,2,8,2,201900037928B01,7,17,1,200067940
201900037933,2019-07-21,2019,juillet,dimanche,08:15,31,31113,43.514259,1.485114,2,1,1,1,1,3,2,2,2,2,,,1,0,1,2,1,53,5,1,2,0,2,1,1,201900037933A01,7,13,1,243100633
201900037938,2019-06-29,2019,juin,samedi,20:00,974,97410,-21.088578,55.637839,1,1,2,3,2,2,2,2,1,1,,,1,0,5,3,1,38,5,2,,0,0,8,2,201900037938A01,7,2,1,249740093
201900037943,2019-07-20,2019,juillet,samedi,05:40,83,83047,43.126023,6.073738,2,1,6,5,1,3,2,2,1,1,,,1,9,1,3,1,17,1,1,2 / 4 / 9,0,2,8,1,201900037943B01,7,1,1,248300543
201900037957,2019-07-20,2019,juillet,samedi,16:30,22,22147,48.190634,-2.40819,2,1,7,1,1,3,2,2,2,1,,,1,0,4,3,1,79,5,1,4,0,0,0,0,201900037957A01,,,,200067460
201900037975,2019-07-18,2019,juillet,jeudi,07:34,85,85012,46.86362,-2.11554,1,3,3,1,1,3,2,2,1,1,,,1,0,1,3,2,82,5,2,,0,2,0,15,201900037975B01,10,17,1,248500258
201900038055,2019-12-12,2019,décembre,jeudi,09:05,51,51454,49.2243907,4.0309509,2,6,3,1,1,4,2,1,1,3,,,1,5,1,4,2,24,0,1,2,0,2,7,1,201900038055B01,10,9,1,200067213
201900038077,2019-12-12,2019,décembre,jeudi,13:25,27,27229,49.02325,1.16929,2,6,3,1,2,4,2,2,1,3,,,2,0,1,4,1,42,0,2,,0,2,0,0,201900038077B01,7,0,1,200071454
201900038080,2019-12-02,2019,décembre,lundi,13:25,27,27229,49.01955,1.13901,2,2,3,1,1,4,2,2,1,1,,,1,0,1,4,1,19,0,2,,0,2,1,1,201900038080B01,7,15,1,200071454
201900038089,2019-05-20,2019,mai,lundi,19:15,75,75120,48.865387,2.398104,2,1,2,1,1,4,2,2,2,1,,,1,0,1,4,1,65,1,2,,0,2,4,23,201900038089B01,7,2,1,200054781
201900038098,2019-05-10,2019,mai,vendredi,13:00,75,75120,48.864966,2.396757,2,1,3,1,1,4,2,2,1,1,,,1,0,1,1,1,24,5,1,2,0,2,3,19,201900038098B01,32,17,1,200054781
201900038110,2019-12-11,2019,décembre,mercredi,07:45,8,08105,49.744494,4.715398,2,3,3,5,3,4,1,2,1,1,,,2,0,1,3,1,41,1,1,4,0,2,1,1,201900038110B01,7,12,1,200041630
201900038122,2019-12-12,2019,décembre,jeudi,17:25,75,75105,48.842635,2.361623,2,1,6,5,2,4,2,2,1,1,,,2,0,5,1,2,36,9,1,2,0,1,1,1,201900038122A01,,,,200054781
201900038127,2019-12-12,2019,décembre,jeudi,18:15,75,75119,48.8806739,2.3882413,2,4,6,5,3,4,1,2,2,1,,,2,0,1,4,1,30,5,1,2,0,2,4,2,201900038127A01,30,2,1,200054781
201900038141,2019-05-17,2019,mai,vendredi,12:00,75,75119,48.884739,2.377653,2,1,3,1,1,4,2,1,1,1,,,1,0,5,4,1,66,0,1,2,0,2,1,1,201900038141B01,10,16,1,200054781
201900038145,2019-05-13,2019,mai,lundi,18:00,75,75119,48.89072,2.376699,2,2,3,1,1,4,1,2,1,1,,,1,0,6,4,1,34,0,1,2,0,2,3,7,201900038145B01,7,16,1,200054781
201900038160,2019-12-12,2019,décembre,jeudi,06:05,75,75113,48.8193297,2.3445776,2,2,3,5,1,4,3,2,1,1,,,1,0,5,4,1,37,0,1,2,0,2,6,1,201900038160B01,7,12,1,200054781
201900038176,2019-05-20,2019,mai,lundi,17:20,75,75118,48.897779,2.339788,2,1,6,1,1,4,1,2,1,1,,,1,0,1,4,1,29,1,2,,0,2,4,23,201900038176A01,2,2,1,200054781
201900038184,2019-12-12,2019,décembre,jeudi,19:30,75,75108,48.876857,2.321665,2,5,7,5,2,4,1,2,2,1,,,2,5,1,4,1,33,1,1,2,0,0,0,18,201900038184A01,,,,200054781
201900038196,2019-05-09,2019,mai,jeudi,19:00,75,75118,48.896608,2.343749,2,2,3,1,1,4,1,1,1,1,,,1,0,1,1,2,1,0,1,2,0,2,8,1,201900038196B01,7,22,1,200054781
201900038196,2019-05-09,2019,mai,jeudi,19:00,75,75118,48.896608,2.343749,2,2,3,1,1,4,1,1,1,1,,,1,0,1,4,1,30,0,1,2,0,2,8,1,201900038196B01,7,22,1,200054781
201900038239,2019-05-13,2019,mai,lundi,22:20,75,75117,48.891253,2.319065,2,4,3,5,1,4,2,3,1,1,,,1,0,1,4,1,29,9,1,2,0,2,1,15,201900038239B01,30,5,1,200054781
201900038250,2019-05-08,2019,mai,mercredi,04:30,75,75117,48.88971,2.321721,2,2,3,5,2,4,2,3,2,1,,,2,0,1,4,1,31,0,1,2,0,2,7,13,201900038250A01,7,1,1,200054781
201900038256,2019-04-29,2019,avril,lundi,10:00,75,75117,48.880706,2.285283,2,2,3,1,1,4,3,4,1,1,,,1,0,1,3,1,39,1,1,2,0,2,3,18,201900038256A01,38,16,1,200054781
201900038264,2019-05-26,2019,mai,dimanche,12:10,75,75116,48.877375,2.281365,2,7,3,1,1,4,1,1,1,2,,,1,5,1,4,2,42,5,2,,0,2,7,1,201900038264B01,7,1,1,200054781
201900038272,2019-12-12,2019,décembre,jeudi,12:15,34,34310,43.40314,3.16613,1,1,1,1,1,3,2,2,1,3,,,1,0,3,4,1,53,5,1,2,0,2,4,1,201900038272B01,7,1,1,200071058
201900038278,2019-05-23,2019,mai,jeudi,11:25,75,75116,48.875093,2.283967,2,2,3,1,1,4,2,1,1,1,,,1,0,1,4,2,36,5,2,,0,2,7,1,201900038278B01,7,1,1,200054781
201900038325,2019-05-10,2019,mai,vendredi,08:40,75,75115,48.847276,2.283841,2,2,3,1,1,4,1,1,1,1,,,1,0,1,4,1,14,0,1,2,0,2,2,19,201900038325B01,33,1,1,200054781
201900038332,2019-04-30,2019,avril,mardi,14:35,75,75115,48.832518,2.281369,2,1,3,1,1,4,1,2,1,1,,,1,0,4,4,1,32,5,2,,0,2,1,1,201900038332A01,10,9,1,200054781
201900038335,2019-05-27,2019,mai,lundi,16:25,75,75114,48.825457,2.30231,2,2,3,1,1,4,2,4,1,1,,,1,0,5,4,2,65,0,1,2,0,2,1,1,201900038335A01,32,16,1,200054781
201900038346,2019-05-15,2019,mai,mercredi,07:42,75,75114,48.831368,2.329928,2,3,7,1,1,4,2,5,1,1,,,1,0,6,4,1,36,0,2,,0,0,0,15,201900038346A01,,,,200054781
201900038353,2019-05-06,2019,mai,lundi,08:50,75,75114,48.83648,2.326263,2,1,3,1,1,4,2,4,1,1,,,1,9,5,4,1,63,1,1,2,0,2,8,1,201900038353B01,1,12,1,200054781
201900038353,2019-05-06,2019,mai,lundi,08:50,75,75114,48.83648,2.326263,2,1,3,1,1,4,2,4,1,1,,,1,9,5,1,1,24,1,1,2,0,2,7,12,201900038353A01,1,1,1,200054781
201900038354,2019-05-04,2019,mai,samedi,16:25,75,75115,48.844764,2.283903,2,2,7,1,2,4,1,1,1,1,,,2,0,1,4,1,30,0,1,2,0,0,8,21,201900038354A01,,,,200054781
201900038357,2019-05-02,2019,mai,jeudi,09:20,75,75115,48.841282,2.317324,2,1,2,1,2,4,1,2,1,1,,,2,8,1,4,1,60,1,1,2,0,2,4,1,201900038357B01,7,2,1,200054781
201900038361,2019-05-28,2019,mai,mardi,10:20,75,75113,48.840134,2.370364,2,1,3,1,1,4,2,2,1,1,,,1,0,5,4,1,45,1,2,,0,2,1,1,201900038361B01,10,16,1,200054781
201900038362,2019-05-25,2019,mai,samedi,15:00,75,75105,48.840282,2.346039,2,2,3,1,2,4,2,4,1,1,,,2,0,1,4,2,44,5,2,,0,2,7,15,201900038362A01,30,1,1,200054781
201900038373,2019-06-21,2019,juin,vendredi,18:30,7,07102,44.93302,4.85945,2,6,3,1,1,4,2,2,1,1,,,1,0,1,4,2,72,0,2,,0,2,1,1,201900038373B01,7,16,1,200041366
201900038413,2019-06-20,2019,juin,jeudi,08:10,75,75117,48.878341,2.294293,2,4,6,1,2,4,2,2,2,1,,,2,0,6,4,2,31,1,1,2,0,2,1,7,201900038413A01,7,15,1,200054781
201900038426,2019-06-21,2019,juin,vendredi,19:30,75,75113,48.830366,2.354566,2,3,2,1,1,4,1,3,1,1,,,1,0,1,4,1,65,1,1,2,0,2,4,1,201900038426A01,7,1,1,200054781
201900038428,2019-06-21,2019,juin,vendredi,17:40,75,75105,48.837111,2.349008,2,2,3,1,1,4,2,0,2,1,,,1,9,6,4,2,18,9,1,2,0,2,3,7,201900038428B01,7,10,1,200054781
201900038430,2019-06-20,2019,juin,jeudi,11:30,75,75113,48.830692,2.369895,2,1,6,1,1,4,1,1,1,1,,,1,0,5,1,1,43,1,2,,0,1,1,1,201900038430A01,,,,200054781
201900038439,2019-06-21,2019,juin,vendredi,16:17,75,75111,48.86018,2.386432,2,3,3,1,1,4,1,0,2,1,,,1,0,1,4,2,68,9,2,,0,2,1,1,201900038439A01,50,1,1,200054781
201900038445,2019-06-21,2019,juin,vendredi,18:39,75,75108,48.874198,2.299726,2,3,3,1,1,4,2,3,1,1,,,1,0,1,4,1,29,4,1,2,0,2,1,1,201900038445A01,7,16,1,200054781
201900038453,2019-06-20,2019,juin,jeudi,09:30,75,75103,48.861044,2.355854,2,1,3,1,1,4,2,2,1,1,,,2,0,1,4,2,27,1,1,2,0,2,1,1,201900038453B01,10,22,1,200054781
201900038455,2019-06-22,2019,juin,samedi,18:30,75,75103,48.863403,2.350951,2,2,6,1,1,4,1,4,1,1,,,1,0,5,4,1,24,5,1,2,0,1,2,1,201900038455A01,,,,200054781
201900038456,2019-06-21,2019,juin,vendredi,13:30,75,75102,48.871485,2.343044,2,2,3,1,1,4,2,3,1,1,,,1,0,5,4,1,29,0,2,,0,2,1,1,201900038456B01,7,22,1,200054781
201900038534,2019-06-21,2019,juin,vendredi,21:30,1,01450,45.916684,5.236332,2,3,3,5,1,4,2,2,1,1,,,1,0,1,3,1,11,5,2,,0,2,0,15,201900038534A01,7,0,1,240100883
201900038544,2019-06-16,2019,juin,dimanche,00:30,10,10037,48.20878,3.892518,2,1,7,3,1,3,2,2,3,1,,,1,0,1,3,1,66,5,1,2,14,0,0,1,201900038544A01,,,,241000447
201900038606,2019-10-30,2019,octobre,mercredi,16:15,45,45234,47.902754,1.9046853,2,9,6,1,8,4,1,1,1,4,,,1,0,4,4,1,48,0,2,,8,0,1,1,201900038606A01,,,,244500468
201900038698,2019-10-30,2019,octobre,mercredi,11:35,75,75103,48.8634,2.350945,2,2,3,1,1,4,2,2,1,1,,,1,0,5,3,2,31,1,1,2,0,2,7,1,201900038698B01,7,7,1,200054781
201900038705,2019-10-30,2019,octobre,mercredi,08:30,75,75120,48.8733868,2.3826038,2,3,3,1,8,4,1,1,2,1,,,2,0,1,4,1,46,4,1,2,0,2,7,5,201900038705B01,7,15,1,200054781
201900038707,2019-11-01,2019,novembre,vendredi,13:10,75,75119,48.8797822,2.3704239,2,1,3,1,8,4,3,2,2,1,,,2,0,5,4,1,29,0,1,2,0,2,1,1,201900038707B01,7,16,1,200054781