Num_Acc,date,an,mois,jour,hrmn,dep,com,lat,long,agg,int,col,lum,atm,catr,circ,nbv,prof,plan,lartpc,larrout,surf,infra,situ,grav,sexe,age,trajet,secuexist,equipement,obs,obsm,choc,manv,vehiculeid,typevehicules,manoeuvehicules,numVehicules,_infos_commune.code_epci
201900038710,2019-10-30,2019,octobre,mercredi,15:30,75,75118,48.8965729,2.359242,2,1,6,1,1,4,2,4,1,1,,,1,0,1,1,1,22,0,2,,0,1,7,1,201900038710A01,,,,200054781
201900038711,2019-10-31,2019,octobre,jeudi,09:30,75,75117,48.890379,2.3243691,2,1,6,1,1,4,1,1,1,1,,,1,0,5,4,2,40,1,1,2,0,2,1,1,201900038711A01,1,9,1,200054781
201900038738,2019-11-02,2019,novembre,samedi,16:55,75,75101,48.859089,2.346445,2,2,6,1,1,4,1,3,1,1,,,1,0,5,1,1,29,4,1,2,0,1,1,1,201900038738A01,,,,200054781
201900038756,2019-10-02,2019,octobre,mercredi,21:10,75,75119,48.8824769,2.3703847,2,4,3,5,1,4,2,2,2,1,,,1,0,1,1,2,22,9,1,2,0,2,2,19,201900038756A01,32,1,1,200054781
201900038809,2019-09-25,2019,septembre,mercredi,10:50,17,17299,45.944921,-0.963338,2,1,1,1,3,4,2,2,1,1,,,2,0,1,4,1,16,2,1,2,1,0,1,1,201900038809B01,7,22,1,200041762
201900038816,2019-10-03,2019,octobre,jeudi,10:00,34,34327,43.647747,3.954417,1,3,3,1,1,2,2,2,1,1,,,1,0,1,3,1,74,5,2,,0,2,8,16,201900038816B01,15,16,1,243400017
201900038884,2019-09-30,2019,septembre,lundi,18:25,56,56121,47.75485,-3.36332,2,3,3,1,2,4,2,4,1,1,,,2,5,1,4,2,57,5,1,2,0,2,1,1,201900038884B01,15,16,1,200042174
201900038885,2019-09-30,2019,septembre,lundi,07:15,56,56098,47.75036,-3.33842,2,1,2,5,1,4,2,2,1,1,,,1,0,1,4,1,37,4,1,2,0,2,7,1,201900038885B01,7,20,1,200042174
201900038902,2019-09-27,2019,septembre,vendredi,07:45,33,33529,44.6267,-1.1415,2,6,3,2,1,3,1,1,1,2,,,1,5,1,4,2,59,1,2,,0,2,5,1,201900038902B01,10,1,1,243300563
201900038907,2019-10-01,2019,octobre,mardi,07:35,29,29019,48.37729,-4.52661,2,1,3,5,2,4,2,2,2,1,,,2,0,1,4,1,34,1,1,2,0,2,7,1,201900038907B01,7,20,1,242900314
201900038944,2019-01-17,2019,janvier,jeudi,16:30,84,84142,43.957482,5.028479,1,6,3,1,1,3,2,2,1,1,,,1,5,1,3,1,64,5,2,,0,0,7,16,201900038944A01,7,1,1,248400251
201900038953,2019-01-19,2019,janvier,samedi,16:00,972,97216,14.805327,-61.035393,1,1,1,1,1,3,2,2,2,4,,,1,0,1,3,1,15,5,2,,0,2,1,1,201900038953A01,7,1,1,200041788
201900038955,2019-01-20,2019,janvier,dimanche,10:05,62,62621,50.888597,2.043532,2,1,3,1,1,4,2,1,1,1,,,1,0,1,4,1,53,5,2,,0,2,3,1,201900038955B01,7,1,1,246200844
201900038961,2019-01-18,2019,janvier,vendredi,08:30,1,01354,46.249467,6.037674,2,3,7,1,9,4,2,-1,1,1,,,7,0,1,3,1,63,1,2,,0,0,0,1,201900038961A01,,,,240100750
201900038974,2019-01-19,2019,janvier,samedi,11:15,22,22193,48.388461,-2.447069,1,3,3,1,7,3,2,2,1,1,,,2,0,1,3,1,51,5,1,2,0,2,0,1,201900038974B01,7,15,1,200069391
201900038994,2019-01-18,2019,janvier,vendredi,10:00,89,89074,48.309388,3.162012,1,1,3,1,1,3,2,3,1,1,,,1,0,1,4,1,46,0,1,4,0,2,8,1,201900038994B01,7,1,1,248900896
201900039005,2019-01-17,2019,janvier,jeudi,14:05,46,46029,44.931913,1.848731,2,2,3,1,2,3,2,2,1,1,,,2,5,1,3,1,88,5,2,,0,2,8,16,201900039005B01,7,1,1,200066371
201900039016,2019-01-19,2019,janvier,samedi,11:30,29,29061,48.454531,-4.464859,2,3,3,1,1,4,2,2,1,1,,,1,0,1,3,1,72,3,2,,0,2,1,1,201900039016B01,7,16,1,242900314
201900039042,2019-01-17,2019,janvier,jeudi,16:55,85,85179,46.47875,-1.53856,1,1,4,1,1,3,2,2,1,1,,,1,0,8,2,1,80,5,1,2,0,0,0,21,201900039042C01,1,21,2,200071900
201900039042,2019-01-17,2019,janvier,jeudi,16:55,85,85179,46.47875,-1.53856,1,1,4,1,1,3,2,2,1,1,,,1,0,8,4,1,81,5,1,2,0,0,0,21,201900039042B01,1,21,2,200071900
201900039042,2019-01-17,2019,janvier,jeudi,16:55,85,85179,46.47875,-1.53856,1,1,4,1,1,3,2,2,1,1,,,1,0,8,4,1,64,5,1,2,0,0,0,21,201900039042A01,1,21,2,200071900
201900039086,2019-01-19,2019,janvier,samedi,09:13,77,77508,48.818811,2.818022,1,6,3,1,1,3,2,2,1,1,,,1,5,1,3,1,56,5,1,2,0,2,2,1,201900039086B01,7,9,1,247700339
201900039093,2019-01-18,2019,janvier,vendredi,16:30,2B,2B205,42.699167,9.353889,2,3,3,1,1,4,2,2,1,1,,,1,0,1,4,1,15,0,2,,0,2,1,9,201900039093B01,7,1,1,200073120
201900039108,2019-08-28,2019,août,mercredi,21:55,45,45234,47.8868262,1.906895,2,1,3,5,1,4,2,2,1,1,,,1,4,6,3,1,22,4,1,2,0,4,8,15,201900039108A01,40,1,1,244500468
201900039141,2019-06-15,2019,juin,samedi,16:00,34,34003,43.30804,3.47336,2,2,3,1,1,4,-1,1,1,3,,,1,0,1,4,1,43,1,1,2,0,2,1,19,201900039141A01,10,23,1,243400819
201900039150,2019-08-28,2019,août,mercredi,00:30,33,33192,44.76646,-0.6196,2,3,3,5,1,4,2,1,2,1,,,1,0,5,4,1,18,0,1,2,0,2,1,1,201900039150A01,7,1,1,243300316
201900039195,2019-08-25,2019,août,dimanche,13:00,14,14117,49.2837,0.13386,2,1,3,1,1,3,2,2,1,1,,,1,0,1,4,1,50,5,1,2,0,2,0,0,201900039195B01,7,15,1,200065563
201900039226,2019-08-27,2019,août,mardi,11:05,13,13005,43.28781,5.5279,1,1,6,1,1,3,2,2,1,1,,,1,0,1,3,2,73,5,1,2,0,2,8,13,201900039226B01,7,17,1,200054807
201900039233,2019-08-31,2019,août,samedi,10:10,10,10343,48.2756,4.089,2,6,3,1,1,4,1,1,1,3,,,1,0,1,4,1,49,0,2,,0,2,1,15,201900039233B01,7,9,1,200069250
201900039256,2019-08-28,2019,août,mercredi,08:40,5,05023,44.89943,6.63115,2,1,1,1,8,2,2,2,2,3,,,1,0,1,3,1,70,5,1,2,0,2,1,13,201900039256B01,7,1,1,240500439
201900039265,2019-08-31,2019,août,samedi,17:37,75,75105,48.851388,2.343183,2,2,6,1,1,4,1,4,1,1,,,1,0,1,1,1,18,0,1,2,0,1,0,7,201900039265A01,,,,200054781
201900039266,2019-08-28,2019,août,mercredi,12:30,75,75106,48.853668,2.3383981,2,5,6,1,1,4,2,2,1,1,,,1,0,1,1,1,35,4,1,2,0,1,1,1,201900039266A01,,,,200054781
201900039270,2019-08-27,2019,août,mardi,15:15,75,75120,48.868764,2.390046,2,3,7,1,1,4,1,2,2,1,,,1,0,1,4,1,15,5,1,2,0,0,1,1,201900039270A01,,,,200054781
201900039274,2019-08-28,2019,août,mercredi,08:00,75,75120,48.8743999,2.3862904,2,3,3,1,1,4,2,2,1,1,,,1,0,1,4,1,57,0,1,2,0,2,6,18,201900039274B01,17,16,1,200054781
201900039285,2019-08-26,2019,août,lundi,12:20,75,75115,48.835188,2.281551,2,1,6,1,1,4,3,2,1,1,,,1,0,5,4,2,32,0,1,2,12,0,0,14,201900039285A01,,,,200054781
201900039319,2019-02-27,2019,février,mercredi,16:25,10,10343,48.2701,4.0892,2,9,3,1,1,4,2,2,4,1,,,1,0,1,4,1,70,5,2,,0,2,3,9,201900039319B01,7,9,1,200069250
201900039321,2019-02-28,2019,février,jeudi,11:57,8,08105,49.760634,4.718444,2,3,3,1,1,4,1,1,1,1,,,1,0,1,3,1,35,0,2,,0,2,7,15,201900039321B01,7,15,1,200041630
201900039349,2019-02-26,2019,février,mardi,13:10,75,75117,48.888643,2.303407,2,1,2,1,1,4,1,1,1,1,,,1,0,1,2,1,62,9,1,2,0,2,4,5,201900039349B01,7,4,1,200054781
201900039366,2019-02-28,2019,février,jeudi,12:05,75,75119,48.898772,2.374105,2,3,3,1,1,4,-1,0,1,1,,,1,9,1,4,1,11,5,1,2,0,2,1,19,201900039366B01,10,1,1,200054781
201900039368,2019-02-26,2019,février,mardi,08:35,75,75119,48.891465,2.377986,2,1,3,1,1,4,3,2,1,1,,,1,0,5,4,1,43,1,1,2,0,2,1,1,201900039368A01,14,22,1,200054781
201900039369,2019-02-25,2019,février,lundi,14:00,75,75119,48.898874,2.379562,2,1,3,1,1,4,-1,1,1,1,,,1,0,1,4,1,20,5,1,2,0,2,1,19,201900039369A01,7,1,1,200054781
201900039374,2019-02-27,2019,février,mercredi,15:30,75,75118,48.892709,2.359729,2,3,3,1,1,4,2,4,1,1,,,1,0,1,4,2,33,0,2,,0,2,3,1,201900039374A01,14,14,1,200054781
201900039380,2019-02-26,2019,février,mardi,10:50,75,75117,48.887228,2.297968,2,7,2,1,1,4,1,2,1,2,,,1,0,1,4,1,54,4,1,2,0,2,4,2,201900039380B01,7,2,1,200054781
201900039383,2019-03-01,2019,mars,vendredi,12:35,75,75116,48.849939,2.272204,2,2,3,1,1,4,1,1,2,1,,,1,0,1,4,1,25,5,1,2,0,2,3,1,201900039383B01,10,15,1,200054781
201900039388,2019-02-26,2019,février,mardi,18:45,75,75116,48.861168,2.239832,2,1,3,2,1,4,2,2,1,1,,,1,0,1,4,1,39,0,1,2,0,2,5,19,201900039388B01,7,1,1,200054781
201900039389,2019-02-25,2019,février,lundi,12:30,75,75116,48.862942,2.23879,2,1,6,1,1,4,1,2,1,1,,,1,0,1,4,1,70,5,1,2,1,0,2,14,201900039389A01,,,,200054781
201900039405,2019-02-26,2019,février,mardi,12:20,75,75105,48.838216,2.342908,2,1,3,1,1,4,3,5,2,1,,,1,0,6,4,1,28,5,1,2,0,2,1,7,201900039405B01,14,15,1,200054781
201900039406,2019-02-25,2019,février,lundi,21:10,75,75113,48.830977,2.355558,2,7,6,5,1,4,1,4,1,2,,,1,0,1,4,1,52,1,1,2,0,2,4,2,201900039406A01,7,2,1,200054781
201900039409,2019-02-28,2019,février,jeudi,01:50,75,75111,48.851301,2.376141,2,2,2,5,1,4,1,1,1,1,,,1,0,1,4,1,29,0,1,2,0,2,1,1,201900039409A01,7,15,1,200054781
201900039411,2019-02-27,2019,février,mercredi,16:25,75,75112,48.844024,2.410076,2,1,3,1,1,4,1,2,1,1,,,1,0,1,4,1,81,5,2,,0,2,8,19,201900039411A01,2,1,1,200054781
201900039412,2019-02-26,2019,février,mardi,15:40,75,75112,48.841175,2.412339,2,1,3,1,1,4,2,2,2,1,,,1,0,1,4,1,68,5,1,2,1,2,4,1,201900039412B01,7,17,1,200054781
201900039420,2019-02-26,2019,février,mardi,09:00,75,75111,48.86124,2.367715,2,3,3,1,1,4,1,2,1,1,,,1,0,5,4,1,33,5,1,2,0,2,1,1,201900039420B01,7,15,1,200054781
201900039421,2019-02-25,2019,février,lundi,19:20,75,75111,48.864009,2.381194,2,2,3,5,1,4,2,2,1,1,,,1,0,1,4,2,31,5,1,2,0,2,2,1,201900039421B01,10,22,1,200054781
201900039438,2019-02-25,2019,février,lundi,22:35,75,75104,48.850824,2.361429,2,2,6,5,1,4,1,2,1,1,,,1,0,1,4,1,27,0,1,2,0,2,4,1,201900039438A01,2,1,1,200054781
201900039458,2019-02-28,2019,février,jeudi,07:00,94,94041,48.81363,2.38883,2,1,3,2,1,3,3,0,1,1,,,1,0,1,4,1,47,1,2,,0,2,1,7,201900039458B01,10,16,1,200054781
201900039510,2019-04-06,2019,avril,samedi,01:15,64,64445,43.29645,-0.37427,2,1,1,5,2,4,2,2,2,1,,,2,0,1,4,2,28,5,2,,0,2,1,1,201900039510B01,7,15,1,200067254
201900039510,2019-04-06,2019,avril,samedi,01:15,64,64445,43.29645,-0.37427,2,1,1,5,2,4,2,2,2,1,,,2,0,1,4,2,29,5,2,,0,2,1,1,201900039510B01,7,15,1,200067254
201900039511,2019-04-04,2019,avril,jeudi,23:00,64,64129,43.3050194,-0.4018754,2,6,3,5,1,4,1,2,1,2,,,1,0,1,4,2,56,5,2,,0,2,1,16,201900039511A01,7,9,1,200067254
201900039521,2019-04-04,2019,avril,jeudi,13:45,56,56121,47.74846,-3.36552,2,1,3,1,1,4,2,2,1,1,,,1,0,1,4,1,44,5,1,2,0,2,8,1,201900039521B01,10,16,1,200042174
201900039536,2019-03-30,2019,mars,samedi,17:05,42,42207,45.45656,4.50462,2,1,3,1,1,4,2,2,2,1,,,1,0,1,3,1,13,5,2,,0,2,0,13,201900039536B01,33,21,1,244200770
201900039607,2019-04-04,2019,avril,jeudi,12:20,11,11262,43.18211,3.00414,2,1,7,1,8,4,1,1,1,1,,,2,0,1,4,2,45,4,2,,0,0,0,15,201900039607A01,,,,241100593
201900039657,2019-04-05,2019,avril,vendredi,18:20,75,75117,48.880101,2.287881,2,2,3,1,1,4,1,4,1,1,,,1,0,1,4,1,39,1,1,2,0,2,3,2,201900039657B01,7,16,1,200054781
201900039662,2019-04-04,2019,avril,jeudi,12:00,75,75116,48.856603,2.23751,2,1,3,1,1,4,2,2,1,3,,,1,6,5,4,1,70,9,1,2,0,2,7,17,201900039662A01,1,1,1,200054781
201900039662,2019-04-04,2019,avril,jeudi,12:00,75,75116,48.856603,2.23751,2,1,3,1,1,4,2,2,1,3,,,1,6,5,4,2,87,9,1,2,0,2,8,1,201900039662B01,1,17,1,200054781
201900039683,2019-07-16,2019,juillet,mardi,13:20,69,69264,45.9952621,4.7207288,2,6,3,1,1,4,1,1,1,1,,,1,0,1,4,1,71,5,1,2,0,2,5,9,201900039683B01,7,9,1,200040590
201900039684,2019-07-16,2019,juillet,mardi,15:48,63,63113,45.79241,3.11885,2,3,3,1,1,7,2,6,1,1,,,1,9,1,4,1,31,1,1,2,0,2,1,1,201900039684B01,7,19,1,246300701
201900039703,2019-07-20,2019,juillet,samedi,03:30,69,69387,45.7317115,4.8240828,2,2,3,5,1,7,1,4,1,2,,,1,0,1,4,1,21,1,2,,0,2,8,1,201900039703B01,7,1,1,200046977
201900039755,2019-07-19,2019,juillet,vendredi,09:40,76,76540,49.44169,1.08348,2,2,3,1,1,3,2,6,1,1,,,1,0,1,3,1,28,1,2,,0,2,1,19,201900039755B01,7,16,1,200023414
201900039766,2019-07-18,2019,juillet,jeudi,19:08,67,67447,48.60698,7.74532,2,3,1,1,1,4,2,2,1,1,,,1,0,1,4,2,55,0,2,,0,2,5,1,201900039766B01,7,0,1,246700488
201900039802,2019-06-12,2019,juin,mercredi,19:55,38,38053,45.60792,5.25393,2,1,3,1,7,3,1,2,1,2,,,1,9,1,3,1,64,5,2,,0,2,7,12,201900039802B01,7,1,1,243800604
201900039811,2019-07-20,2019,juillet,samedi,19:35,34,34172,43.59727,3.84006,2,9,6,1,1,4,1,2,1,3,,,1,5,1,4,2,62,5,1,2,0,2,7,15,201900039811B01,7,19,1,243400017
201900039838,2019-12-08,2019,décembre,dimanche,14:45,27,27438,48.770358,1.19936,2,3,3,1,1,4,2,2,2,1,,,1,9,1,4,1,12,5,2,,0,2,1,19,201900039838B01,7,1,1,200040277
201900039880,2019-12-10,2019,décembre,mardi,15:10,71,71306,46.67429,4.362,2,1,1,1,1,4,1,2,1,1,,,1,0,1,3,1,39,5,2,,0,2,1,5,201900039880A01,7,1,1,247100290
201900039971,2019-12-11,2019,décembre,mercredi,21:57,75,75113,48.834168,2.344854,2,2,3,3,8,4,1,2,1,1,,,2,0,1,4,1,26,5,1,2,0,2,8,1,201900039971A01,37,1,1,200054781
201900039976,2019-12-11,2019,décembre,mercredi,10:40,75,75108,48.878239,2.319837,2,5,3,1,8,4,1,1,1,1,,,2,0,1,4,1,37,4,1,2,0,2,1,1,201900039976B01,7,22,1,200054781
201900039980,2019-12-11,2019,décembre,mercredi,19:00,75,75107,48.854678,2.314847,2,1,6,5,1,4,2,2,1,1,,,1,0,1,4,2,67,0,2,,0,1,8,1,201900039980A01,,,,200054781
201900039980,2019-12-11,2019,décembre,mercredi,19:00,75,75107,48.854678,2.314847,2,1,6,5,1,4,2,2,1,1,,,1,0,1,1,1,26,1,1,2,0,1,8,1,201900039980A01,,,,200054781
201900039981,2019-12-08,2019,décembre,dimanche,14:50,75,75101,48.864097,2.332362,2,1,3,1,1,4,1,2,1,1,,,1,0,1,2,1,55,5,1,2,0,2,0,1,201900039981B01,7,22,1,200054781
201900040022,2019-05-17,2019,mai,vendredi,12:35,75,75105,48.83999,2.36174,2,4,3,1,1,4,2,3,1,1,,,1,0,1,4,1,17,2,2,,0,2,1,17,201900040022B01,37,19,1,200054781
201900040035,2019-05-29,2019,mai,mercredi,09:45,75,75112,48.838243,2.392689,2,1,3,1,1,4,2,2,2,1,,,1,0,1,4,1,40,1,1,2,0,2,3,17,201900040035B01,7,20,1,200054781
201900040037,2019-05-25,2019,mai,samedi,19:05,75,75112,48.829921,2.400672,2,1,3,1,1,4,2,4,1,1,,,1,0,1,4,1,55,5,1,6,0,2,1,1,201900040037B01,10,10,1,200054781
201900040057,2019-05-09,2019,mai,jeudi,15:45,75,75112,48.847003,2.383774,2,2,6,1,8,4,2,2,2,1,,,1,0,5,4,2,47,3,1,2,0,2,8,1,201900040057A01,7,13,1,200054781
201900040058,2019-05-07,2019,mai,mardi,16:00,75,75112,48.845891,2.393775,2,1,6,1,1,4,2,2,1,1,,,1,0,1,1,1,32,1,1,2,0,1,1,1,201900040058A01,,,,200054781
201900040062,2019-05-07,2019,mai,mardi,09:45,75,75112,48.848921,2.371991,2,3,3,1,1,4,1,1,1,1,,,1,0,1,4,2,25,0,1,2,0,2,1,19,201900040062B01,33,16,1,200054781
201900040063,2019-05-28,2019,mai,mardi,09:50,75,75111,48.859591,2.379161,2,1,3,1,8,4,2,2,1,1,,,1,0,1,4,2,57,0,1,2,0,2,1,22,201900040063A01,7,22,1,200054781
201900040066,2019-05-26,2019,mai,dimanche,15:35,75,75111,48.854698,2.385315,2,2,3,1,1,4,2,4,1,1,,,1,0,5,4,2,28,1,1,2,0,2,1,17,201900040066A01,50,15,1,200054781
201900040074,2019-05-14,2019,mai,mardi,08:55,75,75111,48.853426,2.379595,2,1,6,1,1,4,2,2,1,1,,,1,0,1,1,2,27,1,1,2,0,1,7,1,201900040074A01,,,,200054781
201900040086,2019-05-27,2019,mai,lundi,20:30,75,75110,48.876039,2.356288,2,3,3,1,1,4,2,4,1,1,,,1,0,5,4,1,40,1,1,2,0,2,1,1,201900040086B01,10,16,1,200054781
201900040087,2019-05-27,2019,mai,lundi,09:30,75,75110,48.868938,2.358789,2,3,7,1,1,4,1,1,1,1,,,1,0,1,4,2,54,1,2,,0,0,1,21,201900040087A01,,,,200054781
201900040088,2019-05-23,2019,mai,jeudi,18:00,75,75110,48.884308,2.359362,2,5,3,1,1,4,2,3,1,1,,,1,0,1,4,1,29,1,2,,0,2,1,1,201900040088B01,32,15,1,200054781
201900040091,2019-05-14,2019,mai,mardi,19:05,75,75102,48.869914,2.351605,2,1,3,1,1,4,1,3,1,1,,,1,0,1,4,1,27,0,1,2,0,2,4,13,201900040091B01,33,1,1,200054781
201900040097,2019-04-30,2019,avril,mardi,08:35,75,75110,48.878117,2.354422,2,1,6,1,1,4,2,6,2,1,,,1,0,5,4,2,32,1,2,,1,0,8,17,201900040097A01,,,,200054781
201900040098,2019-05-26,2019,mai,dimanche,17:00,75,75109,48.873406,2.337811,2,3,3,1,8,4,1,1,1,1,,,1,0,1,4,1,51,0,2,,0,2,1,1,201900040098B01,7,22,1,200054781
201900040102,2019-05-19,2019,mai,dimanche,19:58,75,75109,48.872165,2.343196,2,1,6,2,2,4,1,2,2,2,,,2,0,1,4,1,37,4,1,2,0,2,1,7,201900040102A01,7,4,1,200054781
201900040109,2019-05-10,2019,mai,vendredi,10:20,75,75118,48.883678,2.327563,2,7,2,1,1,4,1,4,1,1,,,1,0,1,4,1,45,0,1,2,0,2,4,23,201900040109B01,7,2,1,200054781
201900040110,2019-04-29,2019,avril,lundi,16:30,75,75109,48.872219,2.332819,2,7,6,1,1,4,1,0,1,1,,,1,0,1,1,1,52,4,1,2,0,1,1,1,201900040110A01,,,,200054781
201900040137,2019-05-24,2019,mai,vendredi,10:45,75,75107,48.852185,2.309166,2,1,3,1,1,4,2,2,1,1,,,1,0,1,4,2,45,9,2,,0,2,7,1,201900040137B01,7,22,1,200054781
201900040160,2019-05-04,2019,mai,samedi,11:25,75,75104,48.853501,2.352041,2,1,1,1,2,4,1,2,1,2,,,2,0,1,4,1,31,4,1,2,0,2,1,5,201900040160A01,7,9,1,200054781
201900040161,2019-05-02,2019,mai,jeudi,13:55,75,75104,48.854119,2.364191,2,1,3,1,2,4,2,4,1,1,,,2,9,1,4,2,72,0,1,2,0,2,5,19,201900040161A01,33,1,1,200054781
201900040162,2019-04-30,2019,avril,mardi,19:20,75,75104,48.853921,2.364842,2,2,3,1,1,4,2,3,1,1,,,1,0,1,4,1,24,5,2,,0,2,1,1,201900040162A01,50,1,1,200054781
201900040163,2019-05-28,2019,mai,mardi,10:20,75,75103,48.860818,2.36134,2,3,3,1,1,4,1,1,1,1,,,1,0,1,4,1,28,1,2,,0,2,1,5,201900040163B01,7,1,1,200054781
201900040169,2019-05-28,2019,mai,mardi,08:20,75,75101,48.862218,2.339184,2,3,7,1,2,4,1,2,1,1,,,2,0,1,4,1,30,1,1,2,0,0,3,21,201900040169A01,,,,200054781
201900040171,2019-05-21,2019,mai,mardi,13:45,75,75102,48.870784,2.341109,2,1,6,1,1,4,1,1,1,1,,,2,0,1,4,2,25,9,1,2,1,2,5,18,201900040171A01,7,22,1,200054781
201900040172,2019-05-15,2019,mai,mercredi,19:45,75,75104,48.854607,2.355176,2,2,3,1,1,4,1,2,1,1,,,1,0,1,4,2,25,0,2,,0,2,2,1,201900040172A01,7,1,1,200054781
201900040174,2019-05-13,2019,mai,lundi,16:45,75,75102,48.870532,2.348689,2,3,3,1,1,4,2,5,1,1,,,1,0,1,4,1,30,0,1,2,0,2,2,1,201900040174A01,7,16,1,200054781
201900040187,2019-05-03,2019,mai,vendredi,10:30,75,75101,48.859495,2.345188,2,3,3,1,1,4,1,0,1,1,,,1,0,5,4,1,32,0,1,2,0,2,1,1,201900040187B01,7,15,1,200054781
201900040213,2019-06-21,2019,juin,vendredi,12:15,95,95026,49.150087,2.380048,1,1,2,1,1,3,2,2,1,1,,,1,0,1,3,1,74,5,2,,0,0,6,15,201900040213B01,10,17,1,200073013
201900040232,2019-06-19,2019,juin,mercredi,17:30,11,11206,43.054415,2.212927,2,6,3,1,1,3,1,2,1,2,,,1,0,1,3,1,72,0,2,,0,2,0,1,201900040232B01,7,1,1,200071926
201900040235,2019-06-20,2019,juin,jeudi,14:40,63,63322,45.8531516,3.1765103,1,6,3,1,1,3,1,2,1,1,,,1,5,1,3,1,71,5,1,2,0,2,7,16,201900040235B01,7,9,1,200070753
201900040241,2019-06-22,2019,juin,samedi,10:20,49,49014,47.716283,-0.799104,1,3,6,1,1,3,2,2,1,1,,,1,0,1,3,1,15,3,2,,0,2,0,9,201900040241A01,7,1,1,
201900040245,2019-06-22,2019,juin,samedi,15:15,47,47315,44.4534193,0.894208,1,1,3,1,1,3,2,2,1,1,,,1,0,1,3,1,84,5,1,2,0,2,0,2,201900040245B01,7,2,1,200068930
201900040253,2019-06-21,2019,juin,vendredi,21:00,35,35106,47.8255355,-1.514046,1,3,3,2,7,3,2,2,1,1,,,1,0,1,4,1,14,5,2,,0,2,2,16,201900040253A01,7,1,1,200070662
201900040256,2019-06-20,2019,juin,jeudi,17:56,2,02361,49.900623,3.6303,2,6,2,1,1,3,1,1,1,2,,,1,0,1,4,2,67,3,2,,0,0,7,1,201900040256A01,7,2,1,200071983
201900040263,2019-06-20,2019,juin,jeudi,15:00,70,70284,47.836614,6.297478,2,3,3,1,1,3,2,2,1,2,,,1,0,1,3,1,65,5,1,2,0,2,1,2,201900040263B01,7,9,1,200041721
201900040266,2019-06-21,2019,juin,vendredi,15:30,58,58295,47.318386,2.906008,1,1,3,1,1,3,2,2,2,4,,,1,0,1,3,1,71,5,1,2,0,0,4,1,201900040266B01,7,17,1,200067916
201900040267,2019-06-23,2019,juin,dimanche,10:00,72,72386,48.016947,0.258759,1,1,7,1,1,3,2,2,2,1,,,1,0,1,3,1,52,5,1,2,0,0,0,0,201900040267A01,,,,247200132
201900040283,2019-06-22,2019,juin,samedi,12:40,7,07192,45.080794,4.459151,1,1,2,1,1,3,2,2,2,3,,,1,0,1,4,1,49,5,1,2,0,0,4,1,201900040283A01,2,1,1,200041465
201900040289,2019-06-20,2019,juin,jeudi,09:30,24,24211,45.014759,0.450642,2,1,3,1,1,3,2,2,2,1,,,1,0,1,3,1,68,5,2,,0,2,1,1,201900040289B01,7,9,1,200069094
201900040296,2019-06-21,2019,juin,vendredi,17:05,28,28359,48.7627912,1.2294761,2,4,1,1,1,3,2,2,1,2,,,1,0,1,4,2,65,5,2,,0,2,1,1,201900040296B01,7,15,1,200040277
201900040302,2019-06-20,2019,juin,jeudi,15:50,48,48016,44.463571,3.455187,1,1,7,1,1,3,2,2,2,1,,,1,0,1,3,1,62,5,2,,0,0,0,1,201900040302A01,,,,244800405
201900040363,2019-06-03,2019,juin,lundi,11:45,17,17155,45.727801,-1.089676,2,1,7,1,1,4,2,2,1,1,,,1,0,3,3,1,37,5,1,2,8,0,1,0,201900040363A01,,,,241700640
201900040452,2019-10-31,2019,octobre,jeudi,16:15,60,60559,49.410004,2.293737,2,1,3,1,1,4,2,2,1,1,,,1,0,1,4,1,11,5,2,,0,2,1,9,201900040452B01,7,1,1,200067999
201900040483,2019-10-28,2019,octobre,lundi,17:50,79,79174,46.175626,-0.169105,2,1,3,2,8,3,2,2,2,1,,46,1,0,1,3,1,15,5,2,,0,2,3,0,201900040483A01,7,1,1,200069755
201900040487,2019-10-30,2019,octobre,mercredi,13:20,32,32304,43.378472,0.57541,1,1,1,1,1,3,2,2,2,4,,,1,0,1,3,1,77,5,1,2,0,2,1,13,201900040487A01,15,1,1,200072320
201900040531,2019-10-30,2019,octobre,mercredi,08:20,37,37104,47.303156,0.771266,1,1,3,1,2,4,2,2,1,1,,,2,0,1,3,1,52,1,1,4,0,2,3,1,201900040531A01,7,1,1,200072650
201900040534,2019-09-17,2019,septembre,mardi,16:20,987,98734,-17.723379,-149.50573,2,3,3,1,1,2,2,2,1,1,,,1,0,3,3,1,43,1,2,,0,2,8,1,201900040534B01,7,15,1,
201900040559,2019-10-31,2019,octobre,jeudi,11:00,34,34199,43.460675,3.4105524,2,6,3,1,1,3,-1,1,1,2,,,2,0,1,4,1,76,5,2,,0,2,1,9,201900040559A01,7,9,1,243400819
201900040587,2019-10-22,2019,octobre,mardi,17:00,80,80625,49.727097,2.532312,2,1,2,1,1,3,2,2,1,1,,,2,0,1,4,1,28,5,1,2 / 6,0,2,2,2,201900040587A01,7,2,1,200070977