Num_Acc,date,an,mois,jour,hrmn,dep,com,lat,long,agg,int,col,lum,atm,catr,circ,nbv,prof,plan,lartpc,larrout,surf,infra,situ,grav,sexe,age,trajet,secuexist,equipement,obs,obsm,choc,manv,vehiculeid,typevehicules,manoeuvehicules,numVehicules,_infos_commune.code_epci
201900040596,2019-01-19,2019,janvier,samedi,14:00,64,64139,43.215537,-0.33652,1,1,3,1,1,3,2,2,2,3,,,1,0,1,4,1,57,5,1,2,0,2,8,13,201900040596A01,7,1,1,200067254
201900040598,2019-01-17,2019,janvier,jeudi,14:30,33,33376,44.90703,-0.74489,1,6,3,1,7,4,2,2,1,1,,,2,5,1,4,1,75,5,1,2,0,2,7,1,201900040598B01,7,9,1,243300316
201900040605,2019-01-17,2019,janvier,jeudi,11:50,56,56176,47.674344,-2.95861,2,1,2,1,1,3,2,2,2,1,,,1,0,1,3,1,62,5,1,2,0,2,1,2,201900040605A01,7,1,1,200043123
201900040606,2019-01-18,2019,janvier,vendredi,21:10,29,29055,48.5663218,-4.3536751,2,1,3,3,2,3,2,2,1,1,,,2,0,1,3,2,63,0,2,,0,0,6,1,201900040606A01,10,17,1,242900793
201900040657,2019-01-14,2019,janvier,lundi,12:15,76,76351,49.49123,0.12473,2,3,3,1,1,4,2,2,1,1,,,1,0,1,4,1,64,0,1,2,0,2,5,1,201900040657A01,7,16,1,200084952
201900040708,2019-01-15,2019,janvier,mardi,07:45,37,37261,47.41838,0.70446,2,1,3,1,1,4,3,2,1,1,,,1,0,1,1,1,13,2,2,,0,2,4,19,201900040708B01,32,1,1,243700754
201900040733,2019-01-15,2019,janvier,mardi,14:20,75,75106,48.848229,2.331016,2,2,6,1,1,4,2,2,1,1,,,1,0,4,4,1,75,5,1,2,0,1,3,25,201900040733A01,,,,200054781
201900040736,2019-01-15,2019,janvier,mardi,21:00,75,75118,48.891561,2.3496,2,2,6,5,1,4,2,4,1,1,,,1,0,1,1,1,44,3,1,2,0,1,1,1,201900040736A01,,,,200054781
201900040739,2019-01-15,2019,janvier,mardi,18:50,75,75117,48.89233,2.324293,2,1,3,5,1,4,2,3,1,1,,,1,0,1,4,1,15,5,1,2,0,2,1,1,201900040739B01,7,22,1,200054781
201900040770,2019-10-01,2019,octobre,mardi,12:45,75,75116,48.8537189,2.2774148,2,2,2,1,1,4,2,2,2,1,,,2,0,1,3,1,26,0,1,2,0,2,4,2,201900040770B01,7,2,1,200054781
201900040782,2019-09-30,2019,septembre,lundi,07:00,75,75114,48.8217542,2.3325128,2,1,6,2,1,4,3,4,1,1,,,1,0,5,4,1,33,1,1,2,9,0,1,1,201900040782A01,,,,200054781
201900040783,2019-10-01,2019,octobre,mardi,09:30,75,75112,48.8292648,2.4199601,2,1,6,1,2,4,2,2,1,1,,,2,6,1,4,1,55,1,1,2,0,1,1,1,201900040783A01,,,,200054781
201900040789,2019-10-01,2019,octobre,mardi,07:20,75,75104,48.858526,2.348194,2,2,2,2,1,4,1,4,1,1,,,1,-1,6,4,1,38,1,1,2,0,2,1,18,201900040789A01,7,23,1,200054781
201900040823,2019-10-02,2019,octobre,mercredi,08:50,44,44133,47.117273,-1.738884,2,8,2,1,1,3,2,2,1,1,,,1,4,6,3,2,20,1,2,,0,4,6,26,201900040823B01,39,1,1,200067346
201900040843,2019-10-01,2019,octobre,mardi,20:45,68,68036,48.050594,7.556102,1,1,6,3,1,3,2,2,3,1,,,1,0,1,4,1,49,1,1,2 / 4 / 9,0,0,8,1,201900040843B01,7,17,1,200066025
201900040848,2019-09-30,2019,septembre,lundi,16:45,22,22070,48.560839,-3.149281,2,1,7,1,2,4,1,1,2,1,,,2,6,1,3,1,14,2,2,,0,0,1,1,201900040848A01,,,,200067981
201900040870,2019-09-19,2019,septembre,jeudi,19:43,36,36044,46.8116785,1.6943303,2,1,3,1,1,4,1,1,1,1,,,1,0,1,4,1,15,9,1,2,0,2,1,2,201900040870A01,7,20,1,243600327
201900041076,2019-03-03,2019,mars,dimanche,15:50,65,65290,43.149485,0.17874,2,1,3,1,1,4,2,2,1,1,,,1,0,1,4,1,11,5,2,,0,2,1,26,201900041076B01,7,1,1,200070803
201900041080,2019-02-25,2019,février,lundi,13:45,22,22020,48.314953,-2.247311,2,1,3,1,1,4,2,2,1,1,,,1,0,1,4,1,27,1,2,,10,2,3,15,201900041080A01,7,17,1,200068989
201900041117,2019-02-26,2019,février,mardi,07:35,41,41016,47.3207314,1.496678,1,6,3,2,1,3,1,1,1,1,,,1,3,1,2,1,38,1,1,6,0,2,8,0,201900041117C01,17,16,1,200018406
201900041118,2019-03-03,2019,mars,dimanche,16:00,65,65371,42.993391,-0.070255,2,9,3,1,1,3,2,2,1,1,,,1,9,1,3,1,68,5,1,2,0,2,1,1,201900041118B01,21,9,1,200070811
201900041137,2019-08-28,2019,août,mercredi,00:30,75,75113,48.8409524,2.3692435,2,1,1,5,1,4,2,2,1,1,,,1,0,5,4,1,18,5,1,2,0,2,1,13,201900041137B01,1,1,1,200054781
201900041137,2019-08-28,2019,août,mercredi,00:30,75,75113,48.8409524,2.3692435,2,1,1,5,1,4,2,2,1,1,,,1,0,5,4,2,39,1,1,2,0,2,1,1,201900041137A01,1,13,1,200054781
201900041138,2019-08-30,2019,août,vendredi,18:30,75,75112,48.839472,2.4506595,2,1,3,1,1,4,3,4,1,1,,,1,0,1,4,1,58,0,1,2,0,2,1,19,201900041138B01,7,1,1,200054781
201900041142,2019-08-26,2019,août,lundi,19:20,75,75112,48.839614,2.437393,2,1,3,1,1,4,2,2,1,1,,,1,0,1,4,1,16,4,1,2,0,2,8,19,201900041142B01,10,1,1,200054781
201900041143,2019-08-26,2019,août,lundi,09:40,75,75112,48.8420442,2.4491497,2,4,3,1,1,4,2,4,1,1,,,1,0,1,4,1,61,9,1,2,0,2,3,15,201900041143A01,7,1,1,200054781
201900041152,2019-08-31,2019,août,samedi,05:35,75,75109,48.8804522,2.3350702,2,5,3,5,1,4,1,1,2,1,,,1,0,1,4,2,31,5,1,2,0,2,8,5,201900041152B01,7,1,1,200054781
201900041247,2019-08-28,2019,août,mercredi,16:15,92,92026,48.892189,2.245886,2,9,1,1,7,3,2,1,2,2,,,1,9,3,4,1,66,0,1,2,0,6,1,0,201900041247B01,1,25,1,200054781
201900041291,2019-08-31,2019,août,samedi,10:30,81,81295,43.836077,2.329223,1,1,2,1,1,3,2,2,1,1,,,1,0,1,3,1,66,5,1,2,0,2,4,1,201900041291B01,7,17,1,200034031
201900041294,2019-08-27,2019,août,mardi,19:00,68,68295,48.015699,7.353509,1,1,6,2,1,3,2,2,1,3,,,1,0,1,4,1,47,5,1,2,2,0,1,1,201900041294A01,,,,246800726
201900041298,2019-08-29,2019,août,jeudi,12:45,5,05027,44.8775835,6.6818279,1,1,3,1,1,3,2,2,1,1,,,1,0,1,3,1,49,5,1,2,0,2,0,2,201900041298B01,7,2,1,240500439
201900041322,2019-04-06,2019,avril,samedi,08:10,75,75115,48.843631,2.306116,2,1,6,1,1,4,1,1,1,1,,,1,8,1,4,1,40,5,2,,0,2,8,1,201900041322A01,7,5,1,200054781
201900041324,2019-04-04,2019,avril,jeudi,12:35,75,75115,48.834153,2.277235,2,2,2,1,1,4,1,4,1,1,,,1,0,1,4,1,29,4,1,2,0,2,1,1,201900041324A01,7,23,1,200054781
201900041328,2019-04-04,2019,avril,jeudi,08:35,75,75115,48.837352,2.305995,2,2,6,1,1,4,2,2,1,1,,,1,0,1,1,1,39,1,1,2,0,1,8,1,201900041328A01,,,,200054781
201900041332,2019-04-05,2019,avril,vendredi,13:15,75,75112,48.835907,2.386475,2,3,6,1,1,4,2,2,1,1,,,1,0,1,1,1,28,1,2,,0,1,1,15,201900041332A01,,,,200054781
201900041333,2019-04-05,2019,avril,vendredi,08:05,75,75112,48.844669,2.405732,2,2,3,1,1,4,2,2,1,1,,,1,0,1,4,2,23,1,2,,0,2,0,15,201900041333B01,7,1,1,200054781
201900041334,2019-04-04,2019,avril,jeudi,20:00,75,75112,48.840085,2.436717,2,4,3,1,1,4,2,2,1,1,,,1,0,1,4,2,64,5,1,2,0,2,7,19,201900041334B01,7,1,1,200054781
201900041341,2019-04-06,2019,avril,samedi,00:25,75,75110,48.88267,2.369875,2,5,6,5,1,4,2,2,1,1,,,1,0,1,4,2,27,0,2,,0,2,8,1,201900041341A01,7,14,1,200054781
201900041342,2019-04-04,2019,avril,jeudi,17:10,75,75110,48.876375,2.368741,2,1,2,1,1,4,1,1,1,1,,,1,8,1,4,1,18,5,1,2,0,2,0,18,201900041342B01,37,1,1,200054781
201900041343,2019-04-06,2019,avril,samedi,16:23,75,75102,48.863867,2.349026,2,5,3,1,1,4,2,1,1,1,,,1,0,1,4,1,73,5,1,2,0,2,8,1,201900041343B01,7,10,1,200054781
201900041345,2019-04-04,2019,avril,jeudi,09:50,75,75109,48.874036,2.342424,2,2,7,1,1,4,2,2,1,1,,,1,0,5,4,1,41,0,1,2,0,0,1,1,201900041345A01,,,,200054781
201900041349,2019-04-03,2019,avril,mercredi,11:55,75,75117,48.880641,2.310796,2,1,6,1,1,4,2,2,1,1,,,1,0,1,4,2,43,9,1,2,0,2,8,19,201900041349A01,30,1,1,200054781
201900041352,2019-04-04,2019,avril,jeudi,19:40,75,75102,48.86365,2.350003,2,2,3,1,1,4,2,4,1,1,,,1,0,5,4,1,33,5,2,,0,2,1,1,201900041352B01,10,1,1,200054781
201900041427,2019-04-04,2019,avril,jeudi,14:45,33,33250,44.61368,-0.02753,1,3,6,1,2,3,2,2,1,1,,,2,0,1,3,1,64,5,1,2,0,2,2,15,201900041427B01,10,23,1,200044394
201900041427,2019-04-04,2019,avril,jeudi,14:45,33,33250,44.61368,-0.02753,1,3,6,1,2,3,2,2,1,1,,,2,0,1,4,1,64,5,1,2,0,2,2,15,201900041427C01,10,23,1,200044394
201900041444,2019-04-04,2019,avril,jeudi,16:20,66,66141,42.74476,2.91743,2,1,3,1,1,4,1,1,1,1,,,1,0,1,3,1,14,2,2,,0,2,8,19,201900041444B01,7,0,1,200070365
201900041468,2019-04-05,2019,avril,vendredi,23:30,63,63338,46.167815,2.832361,2,3,3,5,1,3,2,2,2,1,,,1,0,1,4,1,16,5,2,,0,2,1,1,201900041468A01,7,15,1,200072080
201900041471,2019-04-07,2019,avril,dimanche,15:55,42,42267,46.1541,4.12307,2,1,6,1,1,4,2,2,2,1,,,1,0,1,3,1,13,5,2,,1,0,7,1,201900041471A01,,,,200035202
201900041485,2019-04-06,2019,avril,samedi,14:35,38,38027,45.42874,5.97804,2,3,1,1,1,3,2,2,1,1,,,1,0,1,3,1,82,5,2,,0,2,1,1,201900041485B01,7,15,1,200018166
201900041498,2019-04-07,2019,avril,dimanche,12:30,6,06068,43.7205797,6.9746067,1,1,7,1,2,3,2,2,2,1,,,2,8,1,3,1,48,5,1,2,0,0,0,0,201900041498A01,,,,240600585
201900041501,2019-04-05,2019,avril,vendredi,09:45,50,50031,49.378624,-1.742282,1,2,3,1,2,3,2,2,3,1,,,2,5,1,4,1,31,5,1,2 / 6,0,2,1,1,201900041501A01,7,19,1,200067205
201900041511,2019-07-19,2019,juillet,vendredi,17:08,17,17300,46.167643,-1.123983,2,2,3,1,1,4,1,0,1,1,,,1,5,1,3,2,88,0,1,2,0,2,7,1,201900041511B01,7,19,1,241700434
201900041515,2019-07-18,2019,juillet,jeudi,12:05,14,14118,49.18315,-0.38454,2,2,3,1,8,4,2,-1,2,1,,,1,0,1,4,1,29,0,2,,0,0,8,1,201900041515B01,20,1,1,200065597
201900041548,2019-07-17,2019,juillet,mercredi,10:25,5,05023,44.90554,6.63031,2,1,3,1,1,2,2,2,2,1,,,1,9,1,4,2,31,5,1,2,0,2,3,18,201900041548B01,7,16,1,240500439
201900041569,2019-07-18,2019,juillet,jeudi,10:00,75,75120,48.870271,2.385191,2,1,2,1,1,4,2,2,2,1,,,1,0,1,4,2,24,1,1,2,0,2,1,2,201900041569B01,10,4,1,200054781
201900041571,2019-07-19,2019,juillet,vendredi,16:00,75,75119,48.896337,2.37578,2,1,3,1,1,4,2,2,1,2,,,1,0,1,4,1,16,5,2,,0,2,3,9,201900041571B01,7,1,1,200054781
201900041575,2019-07-18,2019,juillet,jeudi,09:20,75,75118,48.891721,2.348723,2,5,3,1,1,4,2,3,1,1,,,1,0,6,4,1,33,9,2,,0,2,1,7,201900041575B01,33,15,1,200054781
201900041576,2019-07-18,2019,juillet,jeudi,02:40,75,75118,48.896009,2.346,2,7,3,5,1,4,4,6,1,1,,,1,0,1,3,1,40,9,1,2,0,2,1,15,201900041576A01,7,1,1,200054781
201900041579,2019-07-19,2019,juillet,vendredi,08:40,75,75117,48.890115,2.30378,2,2,3,1,1,4,2,1,1,1,,,1,0,1,4,2,26,1,2,,0,2,8,13,201900041579B01,33,1,1,200054781
201900041592,2019-07-18,2019,juillet,jeudi,06:50,75,75114,48.81593,2.343922,2,7,6,1,1,4,2,2,1,2,,,1,0,1,4,1,24,4,1,2,0,2,7,1,201900041592B01,15,13,1,200054781
201900041595,2019-07-18,2019,juillet,jeudi,12:45,75,75111,48.856442,2.373506,2,2,6,1,1,4,1,1,1,1,,,1,0,1,1,1,30,4,2,,0,1,1,1,201900041595A01,,,,200054781
201900041597,2019-07-20,2019,juillet,samedi,15:20,75,75110,48.871588,2.371336,2,1,3,1,1,4,1,1,2,1,,,1,0,1,4,2,27,0,1,2,0,2,1,1,201900041597B01,7,22,1,200054781
201900041607,2019-07-19,2019,juillet,vendredi,09:15,75,75104,48.854115,2.3558,2,3,3,1,1,4,2,2,1,1,,,1,0,5,4,1,46,9,1,2,0,2,3,1,201900041607B01,7,16,1,200054781
201900041669,2019-07-18,2019,juillet,jeudi,02:45,22,22259,48.473625,-2.087815,1,1,1,3,1,4,2,2,2,1,,,1,0,1,3,1,21,5,2,,0,2,1,1,201900041669B01,7,13,1,200068989
201900041688,2019-07-19,2019,juillet,vendredi,18:50,41,41010,47.848962,0.99542,2,1,3,1,1,3,2,2,1,1,,,1,0,1,3,1,16,3,2,,0,2,7,13,201900041688A01,7,1,1,200072072
201900041690,2019-07-18,2019,juillet,jeudi,13:15,31,31157,43.539039,1.339499,2,6,3,1,1,3,2,2,1,1,,,1,0,1,3,1,75,5,1,2,0,2,7,1,201900041690A01,7,0,1,243100518
201900041724,2019-12-12,2019,décembre,jeudi,13:35,37,37109,47.4036904,0.6031199,2,1,3,1,2,4,2,2,1,1,,,2,0,1,3,1,6,5,1,2,0,2,0,26,201900041724B01,99,1,1,243700754
201900041865,2019-12-10,2019,décembre,mardi,09:30,6,06069,43.679793,6.948297,2,1,3,1,1,3,2,2,1,2,,,1,0,1,4,1,72,5,1,2,0,2,1,13,201900041865A01,7,1,1,200039857
201900041921,2019-05-16,2019,mai,jeudi,15:40,94,94037,48.81428,2.34693,2,1,6,1,1,3,1,1,1,1,,,1,0,2,4,2,56,0,2,,1,0,1,1,201900041921B01,7,22,1,200054781
201900041997,2019-05-10,2019,mai,vendredi,09:00,94,94018,48.8214429,2.4138524,2,3,3,1,1,3,1,2,1,1,,,1,0,1,4,1,32,1,2,,0,2,7,15,201900041997B01,7,1,1,200054781
201900042012,2019-05-17,2019,mai,vendredi,16:37,94,94044,48.74235,2.49125,2,9,3,1,1,3,1,1,1,1,,,1,0,1,4,1,73,9,2,,0,2,3,0,201900042012B01,7,26,1,200054781
201900042098,2019-06-14,2019,juin,vendredi,10:45,63,63113,45.785714,3.119518,2,3,6,1,1,7,3,-1,1,1,,,1,0,4,4,2,65,-1,1,2,0,2,1,5,201900042098C01,10,1,1,246300701
201900042119,2019-06-12,2019,juin,mercredi,18:00,21,21231,47.31181,5.08085,2,1,3,1,1,4,2,2,1,1,,,1,0,1,3,2,60,5,2,,0,2,7,1,201900042119B01,7,26,1,242100410
201900042137,2019-05-30,2019,mai,jeudi,19:00,13,13206,43.28643,5.38589,2,1,6,1,1,4,1,1,4,1,,,1,0,1,1,1,61,0,2,,0,1,1,26,201900042137A01,,,,200054807
201900042205,2019-06-02,2019,juin,dimanche,20:10,974,97409,-20.89457,55.45976,2,1,3,1,1,4,-1,2,2,1,,,1,0,1,4,1,30,0,2,,0,2,1,0,201900042205B01,7,1,1,249740093
201900042206,2019-05-29,2019,mai,mercredi,12:15,974,97409,-20.96342,55.6437,2,1,3,1,1,4,2,1,1,1,,,1,0,1,4,1,13,5,2,,0,2,1,16,201900042206A01,7,15,1,249740093
201900042210,2019-06-03,2019,juin,lundi,16:30,974,97407,-20.93947,55.3028,2,1,3,1,1,4,3,2,1,1,,,1,0,1,4,1,57,1,2,,1,0,1,1,201900042210B01,7,22,1,249740101
201900042213,2019-05-28,2019,mai,mardi,18:10,974,97407,-20.93956,55.30267,2,3,6,5,1,4,1,1,1,1,,,1,0,1,3,1,17,0,2,,0,2,3,0,201900042213B01,,,,249740101
201900042344,2019-11-05,2019,novembre,mardi,08:50,34,34172,43.59362,3.90594,2,1,3,1,1,4,3,4,1,1,,,1,0,1,4,1,47,1,1,2,0,2,8,1,201900042344B01,10,0,1,243400017
201900042380,2019-11-05,2019,novembre,mardi,17:40,75,75118,48.8854128,2.3495246,2,1,3,5,1,4,2,4,2,1,,,1,0,5,3,1,56,4,1,2,0,2,0,1,201900042380B01,10,22,1,200054781
201900042383,2019-11-06,2019,novembre,mercredi,15:10,75,75120,48.872271,2.389356,2,1,6,1,1,4,2,2,3,1,,,1,0,1,1,1,22,5,1,2,0,1,1,1,201900042383A01,,,,200054781
201900042393,2019-11-05,2019,novembre,mardi,15:00,75,75114,48.836451,2.32193,2,1,3,1,1,4,1,1,1,1,,,1,0,5,4,1,29,5,1,2,0,2,2,1,201900042393B01,10,22,1,200054781
201900042394,2019-11-06,2019,novembre,mercredi,18:05,75,75111,48.8610043,2.3748363,2,3,6,5,2,4,2,4,1,1,,,2,0,5,1,1,22,5,1,2,0,1,0,1,201900042394A01,,,,200054781
201900042413,2019-03-02,2019,mars,samedi,12:20,68,68222,47.527897,7.413582,1,1,3,1,1,3,2,2,2,2,,,1,0,1,4,1,43,5,1,2,0,0,7,1,201900042413B01,1,13,1,200066041
201900042413,2019-03-02,2019,mars,samedi,12:20,68,68222,47.527897,7.413582,1,1,3,1,1,3,2,2,2,2,,,1,0,1,3,1,51,5,1,2,0,2,8,13,201900042413A01,1,1,1,200066041
201900042463,2019-02-27,2019,février,mercredi,16:50,50,50639,48.841933,-1.219258,2,3,3,1,1,3,2,2,2,1,,,1,0,1,4,1,21,5,1,2,0,2,1,9,201900042463B01,7,1,1,200043354
201900042469,2019-02-25,2019,février,lundi,17:35,64,64493,43.3158207,-1.0199473,2,1,3,1,7,3,2,2,1,1,,,1,0,1,4,1,55,1,2,,0,2,8,1,201900042469B01,7,17,1,200067106
201900042476,2019-02-26,2019,février,mardi,16:20,53,53147,48.301087,-0.623701,2,6,2,1,1,3,-1,1,1,1,,,1,0,1,4,1,65,5,1,2,0,2,4,1,201900042476B01,7,1,1,200055887
201900042499,2019-02-24,2019,février,dimanche,11:50,78,78406,48.7305,2.039943,1,1,7,1,1,4,2,2,2,1,,,1,0,8,2,1,64,5,1,2,0,0,0,0,201900042499A01,,,,200033173
201900042511,2019-03-01,2019,mars,vendredi,15:40,973,97309,4.8909047,-52.2882485,2,1,3,1,1,3,2,2,1,1,,,1,0,1,4,1,28,4,2,,0,2,8,1,201900042511B01,7,17,1,249730045
201900042514,2019-02-14,2019,février,jeudi,17:00,33,33192,44.76489,-0.61755,2,3,6,1,1,4,2,2,1,1,,,1,0,1,3,1,44,5,2,,0,0,0,1,201900042514B01,7,15,1,243300316
201900042565,2019-01-08,2019,janvier,mardi,08:19,83,83112,43.180408,5.710327,2,1,1,1,1,4,2,2,2,1,,,1,0,8,4,1,8,2,1,2,0,2,2,19,201900042565B01,7,1,1,248300394
201900042571,2019-02-24,2019,février,dimanche,11:20,13,13030,43.275512,5.715673,2,2,3,1,1,3,2,2,2,2,,,1,5,1,4,1,44,5,1,2,0,2,1,1,201900042571A01,33,19,1,200054807
201900042572,2019-02-26,2019,février,mardi,12:05,13,13072,43.43363,5.627,2,1,2,1,1,3,2,2,2,1,,,1,0,5,4,1,62,5,1,2,0,0,6,1,201900042572A01,14,17,1,200054807
201900042579,2019-02-25,2019,février,lundi,17:40,57,57303,49.219778,6.187485,1,1,3,1,1,3,2,2,1,1,,,1,0,1,4,1,65,5,2,,0,0,8,1,201900042579B01,7,1,1,200039949
201900042585,2019-02-27,2019,février,mercredi,04:30,73,73228,45.544596,5.8819426,1,1,2,3,1,3,2,2,1,1,,,1,0,1,3,1,20,1,2,,0,2,4,1,201900042585B01,38,1,1,200069110
201900042586,2019-02-25,2019,février,lundi,14:50,42,42319,45.712563,4.298025,1,1,3,1,1,3,2,2,1,1,,,1,0,1,4,1,62,5,2,,0,2,8,1,201900042586B01,7,13,1,200065894
201900042590,2019-02-22,2019,février,vendredi,16:50,38,38474,45.21308,5.66156,2,6,3,1,1,3,1,3,1,1,,,1,0,1,4,2,58,1,1,2,0,2,8,2,201900042590B01,7,2,1,200040715
201900042611,2019-01-16,2019,janvier,mercredi,04:00,63,63453,45.791965,3.298582,1,1,7,3,1,3,2,2,2,1,,,1,0,1,3,1,38,1,1,2,0,2,0,2,201900042611A01,,,,200067627
201900042637,2019-09-30,2019,septembre,lundi,11:15,75,75111,48.868439,2.374935,2,2,6,1,1,4,1,1,1,1,,,1,0,5,4,2,36,1,1,2,0,2,1,1,201900042637A01,30,9,1,200054781
201900042769,2019-09-30,2019,septembre,lundi,10:15,83,83107,43.421619,6.680874,1,1,3,1,7,3,2,2,1,1,,,1,0,1,3,1,77,5,1,2 / 6,0,2,8,1,201900042769B01,7,15,1,200035319
201900042774,2019-01-14,2019,janvier,lundi,13:40,37,37261,47.40158,0.66838,2,2,3,1,1,4,1,1,1,1,,,1,5,1,4,1,43,5,2,,0,2,1,25,201900042774A01,7,1,1,243700754
201900042776,2019-10-01,2019,octobre,mardi,09:20,64,64230,43.2370466,-0.3899496,1,6,3,1,1,2,1,1,1,2,,,1,0,1,4,1,68,5,1,2,0,2,7,15,201900042776A01,7,1,1,200067254
201900042832,2019-01-14,2019,janvier,lundi,17:05,75,75113,48.826182,2.357273,2,2,6,5,1,4,2,7,1,1,,,1,0,1,4,2,42,1,1,2,0,1,2,1,201900042832A01,,,,200054781
201900042879,2019-09-28,2019,septembre,samedi,10:07,50,50165,48.85247,-1.5624,2,1,2,1,1,3,2,2,2,1,,,1,5,1,3,2,26,0,2,,0,2,4,1,201900042879B01,3,2,1,200042604
201900042888,2019-01-15,2019,janvier,mardi,14:20,89,89459,48.153851,3.168753,1,3,3,1,1,3,2,2,1,3,,,1,0,1,3,1,71,5,1,2,0,2,7,15,201900042888A01,7,1,1,248900748
201900042913,2019-01-15,2019,janvier,mardi,15:28,13,13029,43.572091,5.075345,1,3,1,1,1,3,2,2,2,1,,,1,0,1,2,1,55,5,1,2,0,2,8,15,201900042913B01,7,21,1,200054807
201900042975,2019-09-01,2019,septembre,dimanche,18:30,69,69046,45.65185,4.79632,2,2,3,1,1,4,2,2,1,1,,,1,5,1,4,1,14,5,2,,0,2,1,0,201900042975A01,7,1,1,200046977
201900042975,2019-09-01,2019,septembre,dimanche,18:30,69,69046,45.65185,4.79632,2,2,3,1,1,4,2,2,1,1,,,1,5,1,4,1,13,5,2,,0,2,1,0,201900042975A01,7,1,1,200046977
201900042997,2019-08-27,2019,août,mardi,10:25,77,77051,48.409994,3.2344814,2,3,3,1,1,4,2,2,1,1,,,1,0,1,4,1,22,5,2,,0,2,4,1,201900042997A01,10,15,1,200040251
201900042998,2019-08-28,2019,août,mercredi,20:10,67,67414,48.457833,7.208285,2,6,3,2,1,3,2,2,1,3,,,1,5,1,4,1,49,5,1,2,0,2,2,1,201900042998B01,7,9,1,246700306
201900043007,2019-08-30,2019,août,vendredi,16:00,80,80010,49.75684,2.362976,2,3,1,1,1,3,2,2,2,1,,,1,0,1,4,1,41,5,1,2,0,2,2,15,201900043007B01,7,15,1,200070969
201900043016,2019-08-26,2019,août,lundi,08:20,11,11170,43.11163,3.09486,2,4,6,1,8,7,2,-1,-1,-1,,,-1,-1,-1,3,1,42,5,1,2,0,0,0,15,201900043016A01,7,1,1,241100593
201900043023,2019-08-23,2019,août,vendredi,09:00,63,63350,45.724787,3.27844,1,2,1,1,1,3,2,2,1,1,,,1,0,1,3,1,72,5,1,2,0,2,6,19,201900043023B01,7,1,1,200069177
201900043039,2019-08-25,2019,août,dimanche,11:00,39,39261,46.463607,5.448756,1,1,3,1,1,3,2,2,1,1,,,1,2,1,4,1,51,5,1,2,0,2,7,14,201900043039B01,1,13,1,200072056
201900043039,2019-08-25,2019,août,dimanche,11:00,39,39261,46.463607,5.448756,1,1,3,1,1,3,2,2,1,1,,,1,2,1,4,1,53,5,1,2,10,2,8,13,201900043039A01,1,14,1,200072056
201900043047,2019-08-27,2019,août,mardi,17:15,29,29249,48.162914,-3.788576,2,1,6,1,1,4,2,2,2,1,,,1,0,3,3,1,7,5,2,,13,0,1,26,201900043047A01,,,,242900561
201900043049,2019-08-25,2019,août,dimanche,10:11,29,29135,47.8338018,-4.1706952,2,3,2,1,1,3,2,2,1,1,,,1,0,5,3,2,69,5,2,,0,0,6,19,201900043049B01,7,1,1,242900702
201900043054,2019-08-28,2019,août,mercredi,13:15,38,38229,45.21177,5.78988,2,3,3,1,1,4,2,2,1,1,,,1,6,5,3,2,62,1,1,2,0,2,1,1,201900043054B01,7,1,1,200040715
201900043062,2019-08-27,2019,août,mardi,18:45,1,01231,46.348959,4.900161,1,3,3,1,1,3,2,2,1,1,,,1,2,1,3,1,67,5,1,2,0,2,5,1,201900043062A01,7,15,1,200071371
201900043094,2019-08-31,2019,août,samedi,10:45,45,45182,47.678635,1.781159,1,1,3,1,1,3,2,2,2,3,,,1,0,1,3,1,52,5,1,2,16,0,4,2,201900043094A01,1,2,1,200005932
201900043094,2019-08-31,2019,août,samedi,10:45,45,45182,47.678635,1.781159,1,1,3,1,1,3,2,2,2,3,,,1,0,1,3,1,58,5,1,2,16,0,1,2,201900043094B01,1,2,1,200005932
201900043128,2019-08-29,2019,août,jeudi,17:30,27,27056,49.080254,0.596629,2,9,3,1,1,4,2,2,2,2,,,1,0,1,4,1,14,5,2,,0,2,8,1,201900043128B01,7,15,1,200066413
201900043132,2019-08-31,2019,août,samedi,08:00,17,17392,45.439883,-0.756042,1,1,2,1,1,3,-1,2,1,1,,,1,0,1,3,2,76,5,1,4,0,2,4,1,201900043132B01,7,1,1,
201900043167,2019-04-07,2019,avril,dimanche,15:30,13,13051,43.534311,5.112646,1,1,2,1,1,3,2,2,1,1,,,1,0,1,2,1,77,5,1,2,0,2,4,1,201900043167B01,7,17,1,200054807
201900043185,2019-04-05,2019,avril,vendredi,11:12,91,91386,48.567187,2.426204,2,6,6,1,1,3,-1,2,1,3,,,1,9,1,2,1,77,5,2,,0,0,0,17,201900043185B01,7,16,1,249100546
201900043197,2019-04-05,2019,avril,vendredi,13:40,58,58117,47.01238,3.078561,2,6,3,1,1,3,2,2,1,2,,,1,0,1,4,1,26,5,1,2 / 4,0,2,7,26,201900043197B01,7,9,1,245804406