Num_Acc,date,an,mois,jour,hrmn,dep,com,lat,long,agg,int,col,lum,atm,catr,circ,nbv,prof,plan,lartpc,larrout,surf,infra,situ,grav,sexe,age,trajet,secuexist,equipement,obs,obsm,choc,manv,vehiculeid,typevehicules,manoeuvehicules,numVehicules,_infos_commune.code_epci
201900043198,2019-03-27,2019,mars,mercredi,13:50,67,67223,48.502708,7.566938,1,1,3,1,1,3,2,2,1,2,,,1,0,1,3,1,38,5,1,2,0,2,6,1,201900043198B01,10,1,1,246701080
201900043337,2019-07-19,2019,juillet,vendredi,18:30,76,76605,49.909831,0.9579206,2,3,1,1,1,4,-1,2,1,1,,,1,0,1,4,1,31,5,2,,0,2,0,0,201900043337B01,7,15,1,247600786
201900043376,2019-07-19,2019,juillet,vendredi,15:20,6,06038,43.673095,6.991492,1,3,1,1,1,3,2,2,2,1,,,1,0,1,3,2,28,5,1,2,0,2,1,1,201900043376A01,7,9,1,240600585
201900043388,2019-07-21,2019,juillet,dimanche,14:50,36,36001,46.446616,1.807853,1,1,2,1,1,3,2,2,1,2,,,1,0,1,3,1,52,5,1,2,0,0,4,2,201900043388A01,7,17,1,200007052
201900043393,2019-07-18,2019,juillet,jeudi,12:15,40,40128,43.682838,-0.598156,1,1,3,1,1,3,2,2,1,1,,,1,0,1,3,2,72,0,2,,0,9,0,1,201900043393A01,21,17,1,200069649
201900043409,2019-07-18,2019,juillet,jeudi,11:00,30,30006,43.684331,4.207728,1,6,3,1,1,3,3,2,1,2,,,1,0,1,3,1,73,5,1,2,0,2,1,16,201900043409B01,7,9,1,243000593
201900043435,2019-06-27,2019,juin,jeudi,08:13,18,18285,47.025707,2.210339,1,2,3,1,1,3,2,2,4,1,,,1,5,1,3,1,79,5,1,2,0,2,8,1,201900043435B01,7,1,1,241800457
201900043460,2019-07-18,2019,juillet,jeudi,10:50,73,73329,45.6176261,5.8821021,1,1,3,1,1,3,2,2,1,1,,,1,0,1,3,1,70,5,2,,0,2,8,13,201900043460B01,33,17,1,200068674
201900043464,2019-07-20,2019,juillet,samedi,05:50,38,38348,45.583441,5.321333,1,1,3,2,1,3,3,4,1,1,,,1,0,1,3,1,64,5,1,2 / 9,0,2,9,1,201900043464A01,7,12,1,243800604
201900043471,2019-07-17,2019,juillet,mercredi,11:00,17,17161,46.179612,-1.33344,1,6,3,1,1,3,2,2,1,1,,,1,0,1,4,1,10,5,1,2,0,0,1,1,201900043471B01,7,5,1,241700459
201900043481,2019-07-20,2019,juillet,samedi,19:05,59,59466,50.520994,3.117386,2,1,1,1,7,4,2,2,1,2,,,1,0,1,3,2,58,5,2,,0,0,1,1,201900043481B01,7,1,1,200041960
201900043531,2019-12-10,2019,décembre,mardi,09:20,75,75115,48.8355172,2.2801791,2,1,2,1,1,4,3,2,1,1,,,1,0,5,4,2,46,1,1,2,0,2,4,2,201900043531B01,1,2,1,200054781
201900043531,2019-12-10,2019,décembre,mardi,09:20,75,75115,48.8355172,2.2801791,2,1,2,1,1,4,3,2,1,1,,,1,0,5,1,1,20,1,1,2,0,2,1,2,201900043531A01,1,2,1,200054781
201900043534,2019-12-10,2019,décembre,mardi,13:01,75,75109,48.875867,2.329183,2,1,6,1,1,4,2,3,1,1,,,1,0,6,1,1,53,5,1,2,0,1,1,7,201900043534A01,,,,200054781
201900043536,2019-12-10,2019,décembre,mardi,19:15,75,75108,48.8649441,2.3193693,2,7,3,5,2,4,1,4,1,1,,,2,0,1,4,2,22,1,1,2,0,2,4,14,201900043536B01,33,1,1,200054781
201900043540,2019-12-10,2019,décembre,mardi,08:50,75,75104,48.853645,2.3569073,2,1,3,1,1,4,2,4,1,1,,,1,0,1,4,1,61,0,1,2,0,2,6,15,201900043540B01,33,1,1,200054781
201900043577,2019-12-02,2019,décembre,lundi,17:55,38,38229,45.20894,5.775417,2,1,3,5,1,4,2,2,1,1,,,1,0,5,3,1,61,1,1,2 / 4 / 9,0,2,1,1,201900043577B01,7,16,1,200040715
201900043694,2019-12-04,2019,décembre,mercredi,18:50,27,27229,49.03032,1.17925,2,1,3,5,5,4,2,2,1,1,,,2,0,1,4,1,16,9,2,,0,2,0,19,201900043694B01,7,1,1,200071454
201900043811,2019-05-27,2019,mai,lundi,12:35,93,93057,48.913037,2.506315,2,9,7,1,1,3,-1,1,1,1,,,1,0,1,4,1,24,9,2,,12,2,0,1,201900043811Y01,,,,200054781
201900043886,2019-05-14,2019,mai,mardi,09:25,92,92075,48.8143,2.2874,2,6,3,1,1,4,1,0,1,2,,,1,0,1,4,2,51,0,2,,0,2,2,15,201900043886B01,3,26,1,200054781
201900044012,2019-06-14,2019,juin,vendredi,20:20,91,91589,48.69113,2.35031,2,2,3,1,1,4,2,2,1,1,,,1,0,1,4,1,12,5,1,2,0,2,1,1,201900044012A01,7,1,1,200054781
201900044020,2019-06-17,2019,juin,lundi,07:00,91,91161,48.70944,2.29746,2,9,3,1,1,3,-1,2,1,1,,,1,0,1,4,1,60,1,2,,0,2,0,0,201900044020B01,7,9,1,200056232
201900044047,2019-06-14,2019,juin,vendredi,17:57,87,87085,45.83161,1.25351,2,1,2,1,3,4,2,4,2,1,,,2,0,1,4,1,26,5,1,2,0,2,1,2,201900044047A01,7,23,1,248719312
201900044059,2019-06-04,2019,juin,mardi,18:43,87,87085,45.83919,1.21185,2,1,3,1,1,4,2,2,1,1,,,1,0,1,4,1,53,5,2,,0,2,1,1,201900044059B01,7,15,1,248719312
201900044088,2019-02-25,2019,février,lundi,16:15,60,60671,49.1619448,2.772411,1,1,7,1,1,4,2,2,3,1,,,1,0,1,2,1,64,5,1,2,0,0,0,1,201900044088A01,,,,246000871
201900044090,2019-02-26,2019,février,mardi,18:00,62,62014,50.636053,2.393617,2,1,2,1,7,4,2,2,1,1,,,1,0,1,2,1,74,5,2,,0,2,4,1,201900044090B01,7,1,1,200069037
201900044240,2019-10-31,2019,octobre,jeudi,16:15,81,81105,43.764201,1.983257,2,1,3,1,1,4,2,2,1,1,,,1,0,1,4,2,11,5,2,,0,2,1,13,201900044240B01,7,1,1,200066124
201900044249,2019-10-29,2019,octobre,mardi,15:10,22,22272,48.566988,-3.131589,1,2,3,1,3,3,2,2,2,1,,,2,5,1,4,1,21,1,2,,0,2,1,1,201900044249B01,10,19,1,200067981
201900044257,2019-11-07,2019,novembre,jeudi,18:35,27,27448,48.99733,1.345587,1,1,2,3,2,3,2,2,1,1,,,2,0,1,3,1,52,0,1,2 / 4 / 9,0,0,4,2,201900044257B01,7,2,1,200072312
201900044292,2019-02-23,2019,février,samedi,09:00,64,64545,43.3460849,-1.7522329,1,1,3,1,1,3,2,2,1,1,,,1,0,1,4,1,63,0,1,2,0,2,8,2,201900044292B01,10,17,1,200067106
201900044324,2019-11-02,2019,novembre,samedi,05:00,971,97101,16.25384,-61.54103,1,1,2,5,2,9,1,2,1,2,,,1,5,1,4,1,56,1,1,2 / 4,0,2,4,1,201900044324B01,7,0,1,200018653
201900044347,2019-02-17,2019,février,dimanche,13:22,22,22187,48.5325003,-2.7308621,2,1,7,1,1,4,2,2,2,1,,,1,0,1,2,1,51,5,1,2,0,0,0,1,201900044347A01,,,,200069409
201900044389,2019-02-23,2019,février,samedi,17:50,75,75115,48.836755,2.29806,2,2,3,1,1,4,2,2,1,1,,,1,0,1,4,1,51,9,1,2,0,2,2,1,201900044389B01,7,22,1,200054781
201900044438,2019-01-13,2019,janvier,dimanche,18:50,17,17300,46.1669,-1.19237,2,1,6,5,1,4,4,2,1,1,,,1,2,4,4,1,47,5,2,,0,1,1,1,201900044438A01,,,,241700434
201900044451,2019-01-13,2019,janvier,dimanche,14:55,75,75118,48.889304,2.333555,2,3,6,1,1,4,1,1,1,1,,,1,0,1,3,1,47,5,1,2,12,2,1,17,201900044451B01,7,22,1,200054781
201900044471,2019-01-13,2019,janvier,dimanche,13:10,33,33381,44.74867,-0.43238,2,6,3,1,2,3,2,2,1,1,,,2,0,1,4,1,35,5,1,2,0,2,7,15,201900044471B01,7,9,1,243301439
201900044484,2019-01-12,2019,janvier,samedi,16:15,24,24532,44.6691,0.46533,1,2,3,1,2,3,2,2,2,1,,,2,5,1,3,1,74,5,2,,0,2,1,9,201900044484A01,10,1,1,200040889
201900044492,2019-01-13,2019,janvier,dimanche,19:30,974,97415,-21.0148224,55.2707248,2,1,1,5,1,2,3,2,1,3,,,1,0,1,2,1,34,5,2,,0,2,1,6,201900044492A01,7,1,1,249740101
201900044494,2019-01-14,2019,janvier,lundi,07:30,973,97304,5.1663751,-52.6398857,2,3,2,1,7,4,2,2,1,1,,,1,0,1,4,1,15,2,1,2,0,2,5,1,201900044494B01,7,15,1,200027548
201900044531,2019-01-07,2019,janvier,lundi,17:45,974,97407,-20.930632,55.308082,1,6,3,1,8,2,2,2,1,1,,,1,5,1,4,1,52,5,1,2,0,2,8,19,201900044531B01,10,1,1,249740101
201900044541,2019-01-10,2019,janvier,jeudi,17:30,69,69388,45.7361,4.86209,2,1,6,5,1,4,3,3,1,1,,,1,0,2,4,1,47,0,2,,1,0,0,0,201900044541B01,7,24,1,200046977
201900044546,2019-01-08,2019,janvier,mardi,08:25,69,69383,45.75556,4.87519,2,1,3,1,2,4,2,3,1,1,,,2,0,1,4,2,35,0,1,2,1,0,1,1,201900044546B01,7,22,1,200046977
201900044546,2019-01-08,2019,janvier,mardi,08:25,69,69383,45.75556,4.87519,2,1,3,1,2,4,2,3,1,1,,,2,0,1,4,1,2,0,1,3,1,0,1,1,201900044546B01,7,22,1,200046977
201900044612,2019-01-09,2019,janvier,mercredi,17:24,87,87085,45.83648,1.2652,2,3,3,2,1,4,3,4,2,1,,,1,0,1,4,1,59,1,1,2,0,2,1,7,201900044612A01,7,15,1,248719312
201900044619,2019-01-08,2019,janvier,mardi,18:35,85,85194,46.505838,-1.785317,2,2,3,5,1,4,2,2,1,1,,,1,5,1,3,2,28,9,2,,0,2,1,15,201900044619A01,7,1,1,200071165
201900044621,2019-09-28,2019,septembre,samedi,12:25,70,70489,47.8366858,6.7139078,1,1,2,1,1,3,2,2,2,1,,,1,0,1,3,2,44,5,1,2,0,0,4,2,201900044621B01,7,2,1,247000854
201900044646,2019-09-30,2019,septembre,lundi,13:30,4,04106,43.957433,5.866923,1,3,6,1,1,3,2,2,2,1,,,1,0,8,3,1,51,5,1,2,16,0,0,16,201900044646A01,,,,240400440
201900044648,2019-08-13,2019,août,mardi,08:05,13,13004,43.668689,4.740591,1,1,1,1,1,3,2,2,1,1,,,1,0,1,3,1,75,5,1,2,1,2,1,1,201900044648B01,36,23,1,241300417
201900044698,2019-09-28,2019,septembre,samedi,10:08,32,32013,43.66281,0.5994,2,6,3,1,1,2,2,2,1,1,,,1,0,1,4,1,62,5,2,,0,2,7,1,201900044698B01,7,9,1,200066926
201900044714,2019-09-28,2019,septembre,samedi,18:30,75,75116,48.849273,2.276782,2,1,2,1,1,4,1,4,1,1,,,1,0,1,4,1,40,0,1,2,0,2,2,2,201900044714B01,7,2,1,200054781
201900044716,2019-09-28,2019,septembre,samedi,12:57,75,75116,48.863866,2.2366033,2,4,2,1,1,4,1,2,1,3,,,1,0,5,4,1,49,5,1,2,0,2,1,2,201900044716B01,1,2,1,200054781
201900044716,2019-09-28,2019,septembre,samedi,12:57,75,75116,48.863866,2.2366033,2,4,2,1,1,4,1,2,1,3,,,1,0,5,4,1,56,5,1,2,0,2,4,2,201900044716A01,1,2,1,200054781
201900044744,2019-09-28,2019,septembre,samedi,20:15,74,74070,46.285395,6.263274,1,1,5,3,1,3,2,2,1,1,,,1,0,1,2,1,52,5,1,2,0,0,4,2,201900044744B01,7,2,1,200067551
201900044744,2019-09-28,2019,septembre,samedi,20:15,74,74070,46.285395,6.263274,1,1,5,3,1,3,2,2,1,1,,,1,0,1,2,1,50,5,1,2,0,0,4,2,201900044744C01,7,2,1,200067551
201900044749,2019-09-29,2019,septembre,dimanche,09:10,81,81325,43.5529964,2.1872413,1,1,5,1,1,3,2,2,1,1,,,1,0,1,3,1,73,5,1,2,0,2,8,1,201900044749B01,7,17,1,248100158
201900044749,2019-09-29,2019,septembre,dimanche,09:10,81,81325,43.5529964,2.1872413,1,1,5,1,1,3,2,2,1,1,,,1,0,1,4,1,71,5,1,2,0,2,8,1,201900044749C01,7,17,1,248100158
201900044756,2019-09-28,2019,septembre,samedi,18:10,38,38065,45.443542,5.429532,1,3,3,2,7,3,2,2,1,3,,,1,5,1,3,2,63,5,1,2,0,2,8,1,201900044756B01,10,15,1,243801073
201900044760,2019-09-29,2019,septembre,dimanche,11:50,64,64559,43.257856,-0.879187,1,1,6,1,7,3,2,2,1,3,,,1,0,1,4,1,57,5,1,2,0,2,9,2,201900044760A01,1,2,1,200067106
201900044760,2019-09-29,2019,septembre,dimanche,11:50,64,64559,43.257856,-0.879187,1,1,6,1,7,3,2,2,1,3,,,1,0,1,1,1,49,5,1,2,0,0,4,2,201900044760B01,1,2,1,200067106
201900044764,2019-09-28,2019,septembre,samedi,21:45,40,40046,44.379071,-1.138048,2,1,3,3,1,3,-1,2,1,1,,,1,0,1,3,1,17,5,2,,0,2,0,2,201900044764B01,7,17,1,244000873
201900044768,2019-09-29,2019,septembre,dimanche,19:15,30,30006,43.698886,4.203182,2,6,2,1,1,4,2,2,1,1,,,1,0,1,4,1,18,5,2,,0,2,1,19,201900044768B01,7,1,1,243000593
201900044823,2019-08-30,2019,août,vendredi,15:18,974,97420,-20.907238,55.582805,2,1,6,1,8,9,2,2,1,1,,,1,0,8,3,1,64,5,2,,0,2,8,10,201900044823A01,2,1,1,249740119
201900044840,2019-08-25,2019,août,dimanche,11:00,95,95690,49.103552,1.834443,1,1,6,1,1,3,2,2,1,1,,,1,0,1,3,1,44,5,1,2,13,9,1,1,201900044840A01,,,,249500513
201900044843,2019-08-28,2019,août,mercredi,16:54,78,78655,48.68222,1.886907,1,2,3,1,1,3,2,2,1,1,,,1,0,1,3,1,15,5,1,2,0,2,7,19,201900044843B01,7,1,1,200073344
201900044850,2019-08-27,2019,août,mardi,06:36,84,84019,44.288246,4.752045,2,6,3,1,1,4,-1,1,1,2,,,1,0,1,3,1,80,5,2,,0,2,1,1,201900044850B01,7,9,1,200000628
201900044865,2019-08-31,2019,août,samedi,10:40,68,68344,47.881977,6.921672,1,1,1,1,1,2,2,2,2,3,,,1,0,1,4,1,58,5,1,2,0,0,3,1,201900044865B01,33,17,1,246800205
201900044866,2019-08-29,2019,août,jeudi,17:55,68,68063,47.800575,7.182363,2,1,2,1,1,3,2,2,1,1,,,1,0,1,3,1,13,5,2,,0,0,6,13,201900044866A01,7,1,1,200036465
201900044868,2019-08-18,2019,août,dimanche,10:35,67,67100,48.717053,7.651308,2,1,7,1,1,9,2,2,1,1,,,1,0,5,2,1,40,5,1,2,0,0,0,1,201900044868A01,,,,200067874
201900044896,2019-06-29,2019,juin,samedi,16:00,9,09302,42.806461,1.420566,1,1,7,1,1,3,1,1,2,3,,,1,0,3,3,1,58,9,1,2,1,0,0,1,201900044896A01,,,,
201900044898,2019-08-25,2019,août,dimanche,18:55,17,17121,46.198445,-1.426166,1,9,3,1,1,3,3,2,1,1,,,1,0,1,3,2,26,5,2,,0,2,1,1,201900044898A01,7,1,1,241700459
201900044899,2019-08-31,2019,août,samedi,18:55,33,33268,45.040824,-0.674255,2,3,3,1,7,3,2,2,2,3,,,1,0,1,4,2,69,3,2,,0,2,1,15,201900044899A01,7,15,1,243301447
201900044902,2019-08-29,2019,août,jeudi,13:00,33,33519,44.90544,-0.68632,2,1,3,1,7,4,2,2,1,1,,,1,0,1,3,1,7,5,2,,0,2,1,9,201900044902B01,7,1,1,243300316
201900044910,2019-08-25,2019,août,dimanche,19:30,22,22201,48.658917,-2.326382,1,3,7,1,1,3,2,2,1,1,,,1,0,3,3,1,12,5,1,2,0,0,0,0,201900044910A01,,,,200068989
201900044913,2019-08-21,2019,août,mercredi,19:00,27,27168,49.255567,1.270458,2,1,3,1,1,3,2,2,1,3,,,1,0,1,4,1,33,5,1,2,0,2,8,2,201900044913A01,7,17,1,200089456
201900044922,2019-08-28,2019,août,mercredi,15:20,60,60628,49.425166,2.134741,2,2,6,1,1,4,2,2,3,1,,,1,5,8,4,1,25,0,2,,0,0,7,11,201900044922B01,7,0,1,200067999
201900044970,2019-04-02,2019,avril,mardi,12:21,75,75115,48.832137,2.302973,2,2,6,1,1,4,1,1,1,1,,,1,0,1,4,1,26,4,1,2,0,2,0,1,201900044970A01,2,1,1,200054781
201900044972,2019-04-03,2019,avril,mercredi,09:00,75,75119,48.875973,2.372661,2,1,3,1,1,4,1,2,1,1,,,1,8,5,4,1,27,2,2,,0,2,1,1,201900044972B01,7,16,1,200054781
201900044976,2019-04-03,2019,avril,mercredi,18:20,75,75113,48.827782,2.385272,2,1,1,1,1,4,2,1,1,2,,,1,1,5,4,1,30,1,1,2,0,2,1,13,201900044976A01,50,13,1,200054781
201900044979,2019-04-02,2019,avril,mardi,13:40,75,75112,48.844078,2.372827,2,1,4,1,1,4,2,4,1,1,,,2,0,1,4,1,34,1,1,2,0,2,1,1,201900044979B01,7,1 / 22,2,200054781
201900045021,2019-04-03,2019,avril,mercredi,07:05,44,44087,46.991571,-1.808758,2,1,2,3,2,4,2,2,1,1,,,1,0,1,3,1,31,1,2,,0,0,4,1,201900045021A01,7,1,1,200071546
201900045028,2019-03-28,2019,mars,jeudi,20:15,88,88160,48.130658,6.432855,1,1,3,3,1,3,2,2,2,1,,,1,0,1,3,1,56,3,2,,0,2,9,1,201900045028A01,7,1,1,200068757
201900045069,2019-04-02,2019,avril,mardi,17:00,972,97209,14.63869,-61.08226,1,1,3,1,1,3,2,2,2,1,,,1,0,1,4,1,15,5,2,,0,2,3,26,201900045069B01,7,17,1,249720061
201900045081,2019-04-02,2019,avril,mardi,16:15,91,91174,48.60887,2.44716,2,1,3,1,1,4,2,2,1,1,,,1,0,1,4,1,23,5,1,2,0,2,1,11,201900045081A01,7,1,1,200059228
201900045107,2019-04-01,2019,avril,lundi,14:20,56,56121,47.73703,-3.38263,2,1,7,1,1,4,2,2,2,1,,,1,0,1,4,2,60,5,1,2,16,0,0,14,201900045107A01,,,,200042174
201900045114,2019-04-02,2019,avril,mardi,18:10,45,45234,47.904148,1.904352,2,1,7,1,2,4,2,2,1,1,,,2,6,1,3,2,32,5,2,,0,0,8,1,201900045114A01,,,,244500468
201900045174,2019-07-17,2019,juillet,mercredi,08:03,91,91692,48.67556,2.19234,1,6,3,1,1,3,1,2,1,2,,,1,3,3,4,1,55,5,1,2,0,2,5,1,201900045174B01,7,9,1,200056232
201900045176,2019-07-16,2019,juillet,mardi,09:46,87,87050,45.88771,1.22138,1,2,3,1,1,4,2,2,1,1,,,1,0,1,4,1,60,5,2,,0,2,1,1,201900045176B01,7,9,1,248719312
201900045212,2019-07-16,2019,juillet,mardi,21:30,33,33069,44.86365,-0.59455,2,6,3,1,1,4,2,2,1,2,,,1,0,1,4,2,51,0,2,,0,0,6,1,201900045212B01,30,1,1,243300316
201900045250,2019-07-16,2019,juillet,mardi,18:55,75,75115,48.840641,2.314982,2,2,6,1,1,4,2,6,2,1,,,1,0,1,4,1,61,5,1,2,0,1,1,1,201900045250A01,,,,200054781
201900045286,2019-07-18,2019,juillet,jeudi,09:45,68,68030,47.927463,7.232648,1,9,1,1,1,4,2,2,2,2,,,1,0,1,2,1,80,0,2,,0,2,1,1,201900045286B01,7,1,1,246800569
201900045289,2019-07-17,2019,juillet,mercredi,18:30,23,23245,46.200404,1.827623,1,6,2,1,1,3,1,1,1,2,,,1,9,1,4,2,40,5,2,,0,2,8,26,201900045289B01,7,26,1,200034825
201900045290,2019-07-16,2019,juillet,mardi,11:45,67,67539,48.721278,7.635344,1,9,2,1,1,3,2,2,2,1,,,1,2,6,3,1,54,5,1,2,0,2,8,23,201900045290A01,7,26,1,246700959
201900045301,2019-07-16,2019,juillet,mardi,15:20,76,76618,49.952,1.2211,1,1,3,1,1,3,2,2,1,1,,,1,0,1,4,1,80,5,1,2,0,2,8,1,201900045301B01,7,1,1,247600729
201900045303,2019-07-17,2019,juillet,mercredi,14:30,86,86207,46.788719,0.807678,2,3,1,1,1,3,-1,2,4,1,,,1,0,1,3,1,52,4,2,,0,2,1,1,201900045303B01,7,15,1,248600413
201900045305,2019-07-17,2019,juillet,mercredi,08:45,29,29061,48.449212,-4.4763849,2,6,3,1,1,3,2,2,1,1,,,1,0,1,3,2,33,1,1,2,0,0,7,1,201900045305B01,7,9,1,242900314
201900045307,2019-07-13,2019,juillet,samedi,10:40,15,15198,44.872013,2.864406,1,1,7,1,1,3,2,2,2,1,,,1,0,1,3,2,33,5,1,2,0,0,0,1,201900045307A01,,,,200066660
201900045309,2019-07-16,2019,juillet,mardi,12:15,66,66003,42.476565,2.665526,2,9,6,1,1,4,2,2,1,1,,,1,0,1,1,1,52,5,1,2,0,1,1,1,201900045309A01,,,,246600548
201900045317,2019-07-18,2019,juillet,jeudi,09:35,85,85018,46.91101,-2.04706,2,6,3,1,1,3,1,1,1,2,,,1,0,1,4,1,13,5,2,,0,2,1,1,201900045317B01,7,9,1,200071629
201900045342,2019-12-09,2019,décembre,lundi,14:20,75,75119,48.8761248,2.3937154,2,1,3,1,2,4,2,2,2,1,,,2,0,5,4,2,51,0,1,2,0,2,1,1,201900045342B01,7,9,1,200054781
201900045350,2019-12-09,2019,décembre,lundi,14:10,75,75114,48.8281134,2.3197944,2,1,3,1,1,4,1,1,1,1,,,2,0,4,4,1,18,1,1,2,0,2,1,25,201900045350A01,7,9,1,200054781
201900045351,2019-12-09,2019,décembre,lundi,08:10,75,75114,48.824105,2.32776,2,4,3,2,3,4,2,3,1,1,,,2,0,5,4,1,16,2,1,2,0,2,1,1,201900045351B01,7,15,1,200054781
201900045356,2019-12-09,2019,décembre,lundi,12:50,75,75109,48.883449,2.3333313,2,1,6,1,1,4,3,2,1,1,,,2,0,1,4,2,23,2,1,2,0,2,2,2,201900045356A01,7,2,1,200054781
201900045359,2019-12-09,2019,décembre,lundi,17:05,75,75104,48.858234,2.349077,2,3,6,5,1,4,1,3,1,1,,,1,0,5,1,1,24,5,1,2,0,1,7,1,201900045359A01,,,,200054781
201900045383,2019-12-10,2019,décembre,mardi,16:11,25,25410,47.22035,6.081842,1,1,3,1,7,2,3,4,2,1,,,1,0,1,3,1,63,5,1,2,0,2,8,2,201900045383A01,14,2,1,242500361
201900045394,2019-12-07,2019,décembre,samedi,16:15,61,61145,48.58709,-0.614587,1,1,1,1,1,4,2,2,1,4,,,6,0,1,3,1,70,5,1,2,0,2,1,1,201900045394B01,10,13,1,200071520
201900045488,2019-12-07,2019,décembre,samedi,23:55,75,75119,48.890624,2.37685,2,2,3,5,1,4,1,2,1,1,,,1,0,6,4,1,25,0,1,2,0,2,8,1,201900045488B01,7,16,1,200054781
201900045497,2019-12-07,2019,décembre,samedi,12:44,75,75108,48.8677213,2.3076868,2,4,3,1,1,4,2,3,1,1,,,1,0,6,4,1,29,5,1,2,0,2,1,7,201900045497B01,10,15,1,200054781
201900045499,2019-12-08,2019,décembre,dimanche,19:45,75,75107,48.8527256,2.3031753,2,1,2,5,1,4,2,4,1,1,,,1,0,1,4,2,18,1,1,2,0,2,4,2,201900045499B01,30,2,1,200054781
201900045501,2019-12-08,2019,décembre,dimanche,21:45,75,75103,48.856058,2.366615,2,7,7,5,2,4,1,2,1,1,,,2,0,1,4,1,29,5,1,2,0,0,0,1,201900045501A01,,,,200054781
201900045511,2019-12-07,2019,décembre,samedi,10:30,51,51608,48.8421184,4.8529512,1,1,7,1,1,3,2,2,1,1,,,2,0,1,3,1,51,5,1,2,0,0,0,0,201900045511A01,,,,200067379
201900045680,2019-05-05,2019,mai,dimanche,11:42,35,35276,48.265383,-1.84015,1,2,3,1,1,3,2,2,1,1,,,1,0,1,3,1,77,5,1,2,0,2,1,1,201900045680B01,7,19,1,243500667
201900045711,2019-06-16,2019,juin,dimanche,09:25,85,85194,46.49211,-1.77191,2,1,6,1,1,4,1,1,2,1,,,1,0,1,3,2,69,5,2,,0,2,0,0,201900045711B01,7,24,1,200071165
201900045748,2019-06-17,2019,juin,lundi,13:22,80,80021,49.87492,2.28157,2,1,3,1,1,4,2,4,1,1,,,1,0,1,4,1,53,1,2,,0,2,1,1,201900045748B01,10,16,1,248000531
201900045750,2019-06-14,2019,juin,vendredi,07:15,80,80021,49.905868,2.289663,2,1,3,1,2,4,2,2,2,1,,,2,0,1,4,1,54,1,2,,0,2,1,1,201900045750B01,7,20,1,248000531
201900045755,2019-06-11,2019,juin,mardi,09:15,80,80021,49.89626,2.29634,2,3,3,1,1,4,1,2,1,1,,,1,0,1,4,1,21,0,1,2,0,2,4,1,201900045755B01,7,1,1,248000531
201900045763,2019-06-14,2019,juin,vendredi,10:28,79,79329,46.97971,-0.21659,2,1,6,1,1,3,2,3,1,1,,110,1,5,1,1,1,62,5,2,,0,1,1,26,201900045763A01,,,,247900798
201900045793,2019-06-13,2019,juin,jeudi,15:35,77,77058,48.8335,2.7059,2,1,6,1,1,3,3,3,1,1,,,1,0,1,4,2,25,5,2,,0,0,7,19,201900045793B01,7,1,1,247700594
201900045826,2019-06-03,2019,juin,lundi,17:05,74,74012,46.1945,6.2515,2,6,2,1,1,4,2,2,4,1,,,1,5,2,4,1,13,9,1,2,0,2,1,21,201900045826A01,10,2,1,200011773
201900045832,2019-06-17,2019,juin,lundi,09:14,72,72095,48.02783,0.20235,2,1,3,1,1,3,2,2,1,1,,,1,0,1,4,1,15,2,2,,0,2,1,1,201900045832B01,7,16,1,247200132
201900045847,2019-06-13,2019,juin,jeudi,21:55,71,71270,46.30419,4.82971,2,1,3,1,1,9,1,1,4,1,,,1,0,1,4,1,18,9,2,,0,2,1,26,201900045847A01,7,1,1,200070308
201900045901,2019-02-24,2019,février,dimanche,12:15,95,95039,49.084581,2.174028,1,1,3,1,1,4,2,2,2,1,,,1,9,1,4,1,52,5,1,2 / 6,0,2,3,2,201900045901B01,7,2,1,249500430
201900045923,2019-02-21,2019,février,jeudi,18:30,71,71445,46.77453,4.89015,2,1,3,2,1,4,2,-1,1,1,,,1,0,1,4,1,5,5,2,,0,2,1,2,201900045923A01,7,2,1,247100589
201900045959,2019-02-23,2019,février,samedi,17:55,69,69383,45.75727,4.84076,2,3,5,2,1,4,1,2,1,1,,,1,0,1,4,2,11,5,2,,0,2,8,19,201900045959C01,7,15,1,200046977
201900045960,2019-02-23,2019,février,samedi,15:30,69,69383,45.75395,4.84674,2,1,1,1,1,4,1,4,1,1,,,1,0,1,4,1,17,0,2,,0,0,1,5,201900045960B01,7,1,1,200046977
201900045963,2019-02-22,2019,février,vendredi,21:00,69,69387,45.73388,4.8427,2,3,3,5,1,4,2,2,1,1,,,1,5,1,4,1,26,1,2,,0,2,1,1,201900045963B01,7,15,1,200046977
201900046008,2019-02-22,2019,février,vendredi,09:35,62,62193,50.95621,1.84982,2,7,3,1,8,4,3,4,1,1,,,2,0,1,4,1,31,1,2,,0,2,1,3,201900046008B01,7,10,1,200090751
201900046010,2019-02-21,2019,février,jeudi,12:15,62,62041,50.2954899,2.7711859,2,3,3,1,1,4,2,3,1,1,,,1,5,1,3,2,57,5,2,,0,2,1,15,201900046010B01,7,26,1,200033579