Num_Acc,date,an,mois,jour,hrmn,dep,com,lat,long,agg,int,col,lum,atm,catr,circ,nbv,prof,plan,lartpc,larrout,surf,infra,situ,grav,sexe,age,trajet,secuexist,equipement,obs,obsm,choc,manv,vehiculeid,typevehicules,manoeuvehicules,numVehicules,_infos_commune.code_epci
201900046025,2019-02-23,2019,février,samedi,17:05,45,45298,47.8871,1.87688,2,3,3,1,1,4,2,2,1,1,,,1,0,1,4,1,56,5,1,2,0,2,2,23,201900046025B01,7,15,1,244500468
201900046094,2019-11-05,2019,novembre,mardi,19:50,6,06079,43.532246,6.949036,2,1,2,5,1,3,2,2,1,1,,,1,0,1,3,1,36,1,1,9,0,0,4,1,201900046094B01,7,26,1,200039915
201900046113,2019-11-03,2019,novembre,dimanche,15:25,2B,2B134,42.634713,8.938672,2,6,7,1,6,4,2,2,4,1,,,2,0,3,2,1,70,0,2,,10,0,0,5,201900046113A01,,,,200073104
201900046115,2019-11-05,2019,novembre,mardi,15:42,84,84132,43.919457,4.981754,1,3,6,1,1,3,2,2,1,3,,,1,0,3,3,1,77,5,2,,0,0,7,1,201900046115A01,,,,248400319
201900046168,2019-11-04,2019,novembre,lundi,10:00,75,75106,48.8527125,2.3377536,2,2,7,1,1,4,1,4,1,1,,,1,0,6,4,1,28,0,1,2,0,0,7,21,201900046168A01,,,,200054781
201900046175,2019-10-31,2019,octobre,jeudi,16:15,75,75115,48.8411159,2.2878709,2,2,3,1,7,4,2,3,1,1,,,1,0,5,4,1,21,5,1,2 / 6,0,2,8,1,201900046175B01,10,16,1,200054781
201900046176,2019-11-04,2019,novembre,lundi,12:10,75,75114,48.8344667,2.333839,2,1,3,1,1,4,2,4,2,1,,,2,0,1,4,1,28,5,1,2,0,2,1,15,201900046176A01,7,1,1,200054781
201900046258,2019-01-07,2019,janvier,lundi,14:45,67,67482,48.5845,7.74082,2,3,3,1,8,4,1,1,1,1,,,1,2,1,3,1,20,5,2,,0,2,1,19,201900046258A01,7,1,1,246700488
201900046295,2019-01-08,2019,janvier,mardi,08:29,51,51454,49.23675,4.01355,2,2,3,1,1,4,-1,2,1,1,,,2,0,1,4,2,28,1,1,2,0,2,1,26,201900046295B01,7,15,1,200067213
201900046312,2019-01-09,2019,janvier,mercredi,20:23,44,44162,47.2161,-1.6369,2,9,3,5,1,4,2,0,1,1,,,1,0,1,4,1,55,0,2,,0,2,8,15,201900046312B01,7,17,1,244400404
201900046314,2019-01-09,2019,janvier,mercredi,12:15,44,44109,47.21584,-1.53164,2,1,5,1,1,4,3,0,1,1,,,1,0,1,4,1,30,1,2,,0,2,8,1,201900046314B01,20 / 10,16 / 24,2,244400404
201900046384,2019-09-27,2019,septembre,vendredi,14:30,91,91044,48.675175,2.295107,1,4,5,1,1,2,2,1,1,3,,,1,3,5,3,1,54,5,1,2 / 6,0,2,3,19,201900046384B01,33 / 7,9 / 1,2,200056232
201900046391,2019-09-29,2019,septembre,dimanche,19:25,67,67348,48.464391,7.494826,2,2,1,5,1,4,1,1,1,1,,,1,5,1,4,1,12,5,2,,0,2,7,19,201900046391B01,7,1,1,246701080
201900046408,2019-09-25,2019,septembre,mercredi,12:20,63,63113,45.7832041,3.1343382,2,1,3,1,1,7,1,1,1,1,,,1,9,1,4,1,42,0,2,,0,2,1,25,201900046408A01,7,9,1,246300701
201900046445,2019-09-24,2019,septembre,mardi,17:10,77,77243,48.87925,2.70618,2,9,6,1,1,4,1,1,1,1,,,1,0,2,1,1,36,5,2,,0,1,1,1,201900046445A01,,,,247700594
201900046453,2019-09-27,2019,septembre,vendredi,17:00,72,72181,48.01093,0.18164,2,2,3,1,1,7,3,4,1,1,,,1,0,1,4,1,19,9,2,,0,2,1,1,201900046453A01,7,1,1,247200132
201900046475,2019-09-26,2019,septembre,jeudi,13:35,50,50602,49.64682,-1.58051,2,9,3,1,1,4,1,1,1,1,,,1,0,2,4,1,12,2,1,2,0,2,2,1,201900046475B01,2,1,1,
201900046480,2019-09-27,2019,septembre,vendredi,11:45,34,34172,43.60171,3.90025,2,1,3,1,1,4,1,3,1,1,,,1,0,1,4,2,68,5,1,2,0,2,7,19,201900046480A01,7,1,1,243400017
201900046514,2019-09-27,2019,septembre,vendredi,13:00,75,75116,48.8625224,2.2872586,2,7,3,1,2,4,1,2,1,1,,,2,0,1,4,2,16,2,1,2,0,2,4,1,201900046514B01,7,1,1,200054781
201900046516,2019-09-26,2019,septembre,jeudi,09:15,75,75114,48.8387025,2.330837,2,3,3,1,8,4,2,4,1,1,,,1,0,6,4,1,38,1,1,2,0,2,8,7,201900046516B01,7,14,1,200054781
201900046519,2019-09-27,2019,septembre,vendredi,12:35,75,75112,48.832564,2.400133,2,3,6,1,1,4,2,8,2,1,,,1,0,5,1,1,28,1,1,2,0,1,1,1,201900046519A01,,,,200054781
201900046526,2019-09-26,2019,septembre,jeudi,12:35,75,75103,48.8640351,2.3639198,2,3,6,1,8,4,2,2,1,1,,,3,0,1,4,1,40,0,1,2,0,2,0,1,201900046526A01,1,16,1,200054781
201900046636,2019-08-25,2019,août,dimanche,06:29,75,75108,48.8665992,2.3220152,2,7,3,2,1,4,1,6,1,1,,,1,0,1,4,2,25,5,1,2,0,2,1,1,201900046636A01,7,1,1,200054781
201900046638,2019-08-25,2019,août,dimanche,06:10,75,75107,48.862435,2.301601,2,7,3,2,1,4,2,4,1,1,,,1,8,1,4,1,26,0,1,2,0,2,0,1,201900046638A01,7,1,1,200054781
201900046656,2019-08-26,2019,août,lundi,09:00,77,77421,48.734747,3.306773,2,1,3,1,1,3,2,2,1,1,,,1,0,1,3,1,70,5,1,2 / 9,0,2,1,1,201900046656B01,7,1,1,200072544
201900046659,2019-08-26,2019,août,lundi,07:25,56,56013,47.667966,-3.181227,2,1,3,2,1,3,-1,2,1,1,,,1,0,1,4,1,57,1,1,2 / 9,12,2,8,2,201900046659A01,7,2,1,200043123
201900046662,2019-08-26,2019,août,lundi,19:15,76,76317,49.651108,0.401774,1,2,3,1,1,3,2,2,1,2,,,1,0,1,4,1,16,5,2,,0,2,1,19,201900046662B01,7,1,1,247600505
201900046709,2019-08-26,2019,août,lundi,13:30,57,57256,49.1176444,6.0384705,1,1,7,1,1,3,2,3,2,1,,,1,0,1,3,2,22,5,2,,0,0,0,0,201900046709A01,,,,200039865
201900046713,2019-08-25,2019,août,dimanche,14:45,65,65145,42.9129155,-0.0371969,1,1,3,1,1,3,2,2,2,2,,,1,0,1,3,1,47,5,1,2 / 4,0,2,8,1,201900046713B01,7,17,1,200070811
201900046731,2019-08-22,2019,août,jeudi,08:52,91,91027,48.72442,2.4072,2,1,6,1,1,4,2,3,1,3,,,1,0,1,4,1,32,1,2,,0,2,0,25,201900046731B01,7,17,1,200054781
201900046734,2019-08-22,2019,août,jeudi,22:20,34,34172,43.62308,3.83273,2,1,3,5,1,3,2,4,1,1,,,1,0,1,4,1,27,0,2,,0,2,8,19,201900046734B01,33,1,1,243400017
201900046752,2019-04-01,2019,avril,lundi,16:40,94,94060,48.794,2.5941,2,9,3,1,1,4,2,2,1,1,,,1,9,1,4,1,64,5,2,,0,2,1,1,201900046752Y01,10,1,1,200054781
201900046793,2019-04-03,2019,avril,mercredi,16:29,2,02128,49.523943,3.664883,2,9,7,1,1,4,2,2,1,1,,,1,0,1,3,1,13,5,2,,0,0,8,15,201900046793A01,,,,200043495
201900046795,2019-04-02,2019,avril,mardi,09:40,70,70258,47.825075,6.411955,2,6,3,1,1,3,2,2,1,1,,,1,9,1,3,1,64,5,1,2,0,2,1,1,201900046795B01,7,1,1,247000755
201900046798,2019-04-03,2019,avril,mercredi,16:05,58,58303,47.009336,3.150407,2,1,3,1,2,3,3,2,1,1,,,2,0,5,3,1,51,5,2,,0,0,1,1,201900046798B01,7,15,1,245804406
201900046806,2019-03-22,2019,mars,vendredi,20:08,28,28227,48.59589,1.597635,1,1,3,3,1,3,2,2,1,1,,,1,0,1,3,1,60,5,2,,0,2,8,11,201900046806B01,7,1,1,200033181
201900046814,2019-04-02,2019,avril,mardi,20:00,973,97305,5.052757,-52.582578,1,1,1,3,2,4,2,2,1,1,,,1,0,1,2,1,42,5,2,,0,2,1,1,201900046814B01,7,1,1,249730045
201900046847,2019-04-01,2019,avril,lundi,15:40,69,69382,45.76494,4.83627,2,1,2,1,1,4,1,1,1,1,,,1,0,1,4,2,60,0,2,,0,2,4,15,201900046847B01,7,1,1,200046977
201900046864,2019-03-31,2019,mars,dimanche,12:10,72,72181,47.99687,0.20492,2,1,6,1,1,4,1,1,1,1,,,1,0,2,4,1,35,5,2,,0,2,1,1,201900046864B01,7,22,1,247200132
201900046927,2019-07-17,2019,juillet,mercredi,18:30,37,37129,47.1082121,0.2694023,1,3,1,1,1,3,2,2,1,1,,,1,0,1,3,1,16,5,2,,0,2,7,19,201900046927B01,7,1,1,200072668
201900046938,2019-07-17,2019,juillet,mercredi,18:15,17,17161,46.190017,-1.328217,2,1,2,1,1,4,2,2,1,1,,,1,0,1,4,1,14,9,2,,0,2,1,2,201900046938B01,2,23,1,241700459
201900046941,2019-07-17,2019,juillet,mercredi,11:40,44,44215,47.178866,-1.446379,2,8,3,1,1,7,2,2,1,2,,,1,4,1,3,1,62,5,1,2 / 6,9,4,1,1,201900046941A01,39,1,1,244400404
201900046943,2019-07-17,2019,juillet,mercredi,12:27,14,14724,49.256052,-0.133984,1,2,3,1,1,3,2,2,1,1,,,1,0,1,3,2,68,5,2,,0,2,8,19,201900046943B01,7,1,1,200065563
201900046944,2019-07-18,2019,juillet,jeudi,13:10,14,14488,49.278726,-0.250245,2,1,3,1,1,4,1,1,1,1,,,1,0,1,4,1,19,1,2,,0,2,8,19,201900046944B01,7,26,1,200065597
201900046959,2019-07-15,2019,juillet,lundi,14:00,63,63113,45.78749,3.09845,2,1,3,1,1,4,2,4,1,1,,,1,9,1,4,2,41,1,1,2,0,2,8,2,201900046959B01,7,2,1,246300701
201900046975,2019-07-16,2019,juillet,mardi,18:50,91,91421,48.7012,2.46597,2,9,3,1,7,4,2,2,2,3,,,1,0,1,4,1,52,0,2,,0,2,0,0,201900046975B01,7,16,1,200058477
201900046988,2019-07-15,2019,juillet,lundi,10:10,67,67482,48.565,7.73862,2,1,3,1,1,4,2,2,1,1,,,1,0,1,4,1,52,1,2,,0,2,1,1,201900046988B01,10,16,1,246700488
201900046994,2019-07-15,2019,juillet,lundi,14:55,56,56121,47.76172,-3.37588,2,6,3,1,1,4,1,0,1,3,,,1,5,1,4,1,15,0,2,,0,2,1,9,201900046994A01,7,1,1,200042174
201900047036,2019-07-16,2019,juillet,mardi,12:10,75,75115,48.838598,2.289431,2,2,6,1,1,4,2,2,1,1,,,1,0,1,4,1,27,5,1,2,0,2,1,1,201900047036B01,7,22,1,200054781
201900047037,2019-07-16,2019,juillet,mardi,16:00,75,75113,48.836998,2.359606,2,1,6,1,1,4,2,4,2,1,,,1,0,1,4,1,44,3,1,2,0,2,2,1,201900047037B01,7,22,1,200054781
201900047069,2019-07-17,2019,juillet,mercredi,10:45,49,49244,47.360637,-1.037324,2,1,1,1,2,9,2,2,1,1,,,1,0,5,3,1,70,5,1,9,0,9,1,1,201900047069A01,1,1,1,200060010
201900047072,2019-07-17,2019,juillet,mercredi,18:00,83,83048,43.194353,6.581095,2,1,3,1,1,4,2,2,1,1,,,1,0,1,3,1,25,1,2,,0,2,1,26,201900047072B01,7,15,1,200036077
201900047084,2019-07-17,2019,juillet,mercredi,16:00,49,49362,47.217072,-0.061991,2,2,3,1,1,4,2,2,1,1,,,1,0,1,4,1,27,5,2,,0,2,7,1,201900047084B01,7,19,1,200071876
201900047094,2019-07-15,2019,juillet,lundi,09:30,30,30133,43.552944,4.143449,1,1,2,1,1,3,3,4,1,1,,,1,0,1,3,1,66,5,2,,0,0,4,1,201900047094B01,14,1,1,243000650
201900047105,2019-07-16,2019,juillet,mardi,21:40,973,97311,5.5037349,-53.968792,1,1,1,3,1,3,2,2,1,1,,,1,0,1,3,1,62,0,2,,0,2,1,0,201900047105B01,7,0,1,249730037
201900047128,2019-12-09,2019,décembre,lundi,17:00,55,55079,48.707655,5.091456,1,1,7,3,2,3,2,2,1,2,,,2,0,1,4,1,46,5,2,,0,0,0,1,201900047128A01,,,,200066108
201900047159,2019-12-09,2019,décembre,lundi,15:30,34,34145,43.672969,4.124781,2,9,3,1,1,9,3,1,1,2,,,1,6,1,4,1,11,2,2,,0,2,8,19,201900047159B01,7,1,1,243400520
201900047185,2019-12-07,2019,décembre,samedi,22:20,69,69381,45.76767,4.83789,2,1,6,5,1,4,1,4,1,1,,,1,0,1,1,1,31,5,2,,0,1,1,1,201900047185A01,,,,200046977
201900047235,2019-12-07,2019,décembre,samedi,04:25,75,75120,48.86793,2.386616,2,3,3,5,1,4,2,2,2,1,,,2,0,6,4,1,35,5,1,2,0,2,1,7,201900047235B01,7,15,1,200054781
201900047236,2019-12-07,2019,décembre,samedi,16:15,75,75116,48.862554,2.293899,2,1,6,1,1,4,2,2,1,1,,,1,0,5,4,1,29,0,1,2,0,1,2,1,201900047236A01,,,,200054781
201900047242,2019-12-07,2019,décembre,samedi,15:10,75,75112,48.839478,2.437549,2,1,6,1,1,4,-1,0,1,1,,,1,0,1,4,1,26,9,1,2,0,2,0,1,201900047242A01,7,17,1,200054781
201900047242,2019-12-07,2019,décembre,samedi,15:10,75,75112,48.839478,2.437549,2,1,6,1,1,4,-1,0,1,1,,,1,0,1,1,2,25,9,1,2,0,2,0,1,201900047242B01,7,17,1,200054781
201900047243,2019-12-07,2019,décembre,samedi,16:30,75,75111,48.849875,2.386061,2,1,2,1,8,4,2,2,1,1,,,1,0,1,4,1,16,0,1,2,0,2,6,2,201900047243B01,30,2,1,200054781
201900047246,2019-12-07,2019,décembre,samedi,09:35,75,75104,48.859021,2.353719,2,2,7,1,2,4,2,2,1,1,,,2,0,5,4,2,38,5,1,2,0,0,0,16,201900047246A01,,,,200054781
201900047314,2019-05-28,2019,mai,mardi,12:30,84,84142,43.974329,5.03881,1,3,3,1,1,3,2,2,1,2,,,1,0,1,3,1,82,1,2,,0,2,8,15,201900047314B01,7,1,1,248400251
201900047323,2019-05-16,2019,mai,jeudi,17:45,33,33352,44.57962,-0.0297,2,1,3,1,1,3,2,2,1,1,,,1,0,1,4,1,16,9,2,,0,2,3,19,201900047323A01,7,1,1,200044394
201900047325,2019-05-24,2019,mai,vendredi,13:40,17,17230,45.5773065,-0.9838423,1,1,3,1,1,3,2,2,4,3,,,1,0,1,3,1,65,5,1,2,0,2,3,1,201900047325B01,7,19,1,241700640
201900047328,2019-05-10,2019,mai,vendredi,19:00,6,06044,43.682928,7.091124,2,4,3,2,1,3,2,2,1,3,,,1,0,1,4,1,59,5,1,2,0,2,8,1,201900047328B01,7,15,1,240600585
201900047330,2019-05-29,2019,mai,mercredi,14:15,36,36230,47.071377,1.809685,2,1,2,1,1,3,2,2,1,1,,,1,0,1,3,1,77,5,1,2,0,2,0,17,201900047330B01,10,15,1,200068880
201900047338,2019-05-07,2019,mai,mardi,17:00,31,31282,43.671067,1.45092,2,7,1,1,1,4,1,1,2,1,,,1,0,1,3,2,64,5,2,,0,2,1,5,201900047338B01,7,15,1,243100518
201900047352,2019-05-22,2019,mai,mercredi,15:30,81,81026,43.919716,2.302886,1,1,1,1,1,3,2,2,2,2,,,1,0,1,3,1,66,5,1,2,0,2,1,13,201900047352A01,10,1,1,200034031
201900047367,2019-05-22,2019,mai,mercredi,11:45,28,28088,48.071216,1.33739,2,2,3,1,1,3,2,2,1,1,,,1,5,1,4,2,48,1,1,2,0,2,3,26,201900047367A01,7,16,1,200069961
201900047371,2019-05-22,2019,mai,mercredi,16:00,69,69277,45.7279304,5.0212294,2,6,3,1,1,3,2,2,1,3,,,1,5,5,4,1,77,5,1,2,0,0,8,2,201900047371A01,10,2,1,246900575
201900047402,2019-05-28,2019,mai,mardi,11:30,1,01285,45.92083,4.815083,2,9,3,1,1,4,2,2,1,4,,,1,0,1,3,1,73,5,1,2,0,2,7,1,201900047402B01,7,9,1,200042497
201900047404,2019-05-24,2019,mai,vendredi,15:00,1,01194,45.995949,4.752972,2,6,3,1,1,3,1,1,1,1,,,1,0,1,4,1,63,3,2,,0,9,4,1,201900047404A01,7,1,1,200040590
201900047411,2019-05-01,2019,mai,mercredi,11:30,62,62338,50.644926,2.848619,1,1,6,1,1,3,2,2,1,1,,,1,0,1,3,1,45,5,1,2,0,1,1,2,201900047411A01,,,,245900758
201900047423,2019-05-20,2019,mai,lundi,06:10,974,97414,-21.277236,55.436634,2,1,3,2,1,2,2,2,2,1,,,1,0,1,3,1,36,5,2,,0,2,1,1,201900047423A01,10,26,1,249740077
201900047428,2019-05-17,2019,mai,vendredi,12:10,51,51031,49.152056,4.3486084,1,1,2,1,1,3,2,2,1,1,,,1,0,1,4,1,61,1,2,,0,2,8,2,201900047428B01,7,17,1,200066876
201900047446,2019-05-18,2019,mai,samedi,09:30,72,72058,47.987259,0.280874,2,1,3,1,2,9,2,2,1,3,,,2,0,1,3,1,26,5,2,,0,2,8,1,201900047446B01,7,15,1,247200421
201900047546,2019-05-29,2019,mai,mercredi,12:05,67,67447,48.60946,7.765255,2,1,1,1,1,4,2,-1,1,1,,,1,5,1,4,1,13,2,2,,0,2,8,19,201900047546B01,7,1,1,246700488
201900047583,2019-06-13,2019,juin,jeudi,08:45,64,64132,43.30345,-0.3222,2,1,1,1,1,4,3,2,1,1,,,1,0,1,4,1,54,0,2,,0,2,1,5,201900047583A01,7,1,1,200067254
201900047584,2019-06-13,2019,juin,jeudi,08:00,64,64445,43.29095,-0.37885,2,1,3,1,1,4,2,2,1,1,,,1,0,1,1,1,42,1,1,2,0,2,1,13,201900047584A01,32,1,1,200067254
201900047586,2019-06-11,2019,juin,mardi,07:55,64,64284,43.2835,-0.3864,2,2,3,1,1,4,2,4,1,3,,,2,0,1,4,1,15,0,2,,0,2,4,16,201900047586B01,7,17,1,200067254
201900047591,2019-06-06,2019,juin,jeudi,15:45,64,64348,43.3209611,-0.3920649,2,6,3,1,1,3,1,2,1,2,,,1,0,1,4,1,60,0,2,,0,2,1,1,201900047591B01,7,16,1,200067254
201900047634,2019-06-14,2019,juin,vendredi,18:16,61,61169,48.74705,-0.54719,2,1,3,1,1,4,2,2,1,3,,,1,0,1,3,1,10,5,2,,0,2,1,19,201900047634B01,7,1,1,200035814
201900047714,2019-02-22,2019,février,vendredi,00:50,75,75118,48.894334,2.345379,2,2,6,5,1,4,1,1,1,1,,,1,0,1,4,2,26,0,2,,0,2,4,1,201900047714A01,32,1,1,200054781
201900047727,2019-02-22,2019,février,vendredi,10:50,75,75115,48.833279,2.270352,2,1,3,1,1,4,2,2,1,1,,,1,0,1,4,1,25,9,2,,0,2,8,9,201900047727A01,10,1,1,200054781
201900047729,2019-02-21,2019,février,jeudi,15:50,75,75115,48.83661,2.28132,2,4,3,1,1,4,1,2,1,2,,,1,9,1,4,1,14,0,1,2,0,2,7,19,201900047729A01,7,1,1,200054781
201900047731,2019-02-19,2019,février,mardi,00:12,75,75114,48.831732,2.323987,2,4,7,5,1,4,1,1,1,1,,,1,0,1,4,1,49,0,2,,0,0,0,1,201900047731A01,,,,200054781
201900047736,2019-02-23,2019,février,samedi,16:25,75,75111,48.855122,2.387139,2,2,3,1,1,4,2,2,1,1,,,1,0,1,4,1,40,0,1,2,0,2,3,18,201900047736B01,7,22,1,200054781
201900047738,2019-02-21,2019,février,jeudi,16:50,75,75111,48.861583,2.382583,2,2,3,1,1,4,1,1,2,1,,,1,0,1,4,2,53,5,1,2,0,2,7,1,201900047738B01,7,22,1,200054781
201900047739,2019-02-23,2019,février,samedi,19:05,75,75110,48.875779,2.35652,2,3,6,5,1,4,2,4,1,1,,,1,6,1,1,1,20,5,1,2,0,1,0,1,201900047739A01,,,,200054781
201900047742,2019-02-20,2019,février,mercredi,10:10,75,75108,48.880799,2.32706,2,3,5,1,1,4,1,2,2,1,,,1,0,1,4,2,39,1,1,2,1,2,2,13,201900047742B01,10,23 / 22,2,200054781
201900047753,2019-02-20,2019,février,mercredi,11:30,94,94037,48.81497,2.35227,2,1,6,1,1,3,1,1,1,1,,,1,0,1,4,2,38,0,2,,1,0,1,2,201900047753B01,7,22,1,200054781
201900047833,2019-02-24,2019,février,dimanche,09:15,72,72260,47.933679,0.277772,1,1,2,1,7,3,2,2,2,1,,,1,0,1,4,1,58,5,1,2,0,0,4,2,201900047833A01,7,2,1,247200132
201900047838,2019-02-24,2019,février,dimanche,11:10,77,77435,48.50511,2.53421,2,1,3,1,1,3,2,2,1,1,,,1,0,1,3,2,53,5,1,2,0,2,1,1,201900047838B01,7,1,1,200072346
201900047841,2019-02-22,2019,février,vendredi,20:25,51,51232,49.283127,4.2098794,1,1,2,3,1,3,2,2,1,1,,,1,0,1,2,1,21,5,2,,0,0,4,1,201900047841B01,7,1,1,200067213
201900047888,2019-11-05,2019,novembre,mardi,08:55,68,68296,48.225893,7.386993,1,2,3,1,1,3,2,2,1,1,,,1,0,1,3,2,67,5,1,2,0,2,8,19,201900047888A01,7,1,1,246800577
201900047891,2019-10-30,2019,octobre,mercredi,10:45,65,65328,43.076417,0.069479,2,9,3,1,1,3,2,2,2,2,,,1,0,1,3,1,70,5,1,2,0,2,1,15,201900047891B01,7,1,1,246500482
201900047963,2019-11-02,2019,novembre,samedi,15:00,75,75115,48.83833,2.29394,2,3,3,1,8,4,2,2,1,1,,,1,0,1,4,1,4,5,1,2,0,2,8,19,201900047963B01,30,1,1,200054781
201900047970,2019-11-02,2019,novembre,samedi,10:30,75,75109,48.88201,2.3465948,2,5,6,1,1,4,1,1,2,1,,,1,0,1,1,1,39,0,1,2,0,1,1,1,201900047970A01,,,,200054781
201900047981,2019-02-22,2019,février,vendredi,17:45,84,84069,44.183947,5.124325,1,3,1,1,1,3,2,2,1,1,,,1,0,1,3,1,32,3,2,,0,2,0,15,201900047981A01,7,1,1,248400053
201900047992,2019-11-03,2019,novembre,dimanche,16:30,59,59094,50.942309,2.195345,2,3,3,1,1,3,2,2,1,1,,,1,0,1,3,1,12,0,2,,0,2,8,26,201900047992B01,7,1,1,245900428
201900048014,2019-10-30,2019,octobre,mercredi,17:55,70,70428,47.647393,6.137805,2,6,3,5,1,3,-1,1,1,3,,,2,0,1,4,1,49,5,1,2 / 4 / 9,0,2,7,16,201900048014B01,7,9,1,247000011
201900048025,2019-10-31,2019,octobre,jeudi,00:30,27,27044,48.940481,1.114933,1,1,3,3,2,3,2,2,1,1,,,2,0,1,4,1,21,1,1,4 / 9,0,2,8,1,201900048025A01,0,17,1,200071454
201900048072,2019-01-08,2019,janvier,mardi,15:15,6,06088,43.71234,7.26174,2,3,3,1,8,4,1,1,1,1,,,1,0,1,3,2,58,0,2,,0,2,1,1,201900048072A01,7,1,1,200030195
201900048098,2019-01-10,2019,janvier,jeudi,10:45,75,75105,48.843782,2.352301,2,2,3,1,1,4,1,1,2,1,,,1,0,1,4,1,30,1,1,2,0,2,2,1,201900048098B01,10,1,1,200054781
201900048112,2019-01-12,2019,janvier,samedi,11:15,75,75117,48.885448,2.31644,2,1,2,1,1,4,1,2,1,1,,,1,0,1,4,1,64,0,2,,0,2,1,1,201900048112A01,7,22,1,200054781
201900048118,2019-01-09,2019,janvier,mercredi,09:35,75,75117,48.895492,2.31128,2,1,3,1,1,4,3,4,1,1,,,1,0,1,4,1,45,4,1,2,0,2,3,1,201900048118A01,7,1,1,200054781
201900048144,2019-01-10,2019,janvier,jeudi,16:00,75,75113,48.821554,2.369384,2,2,3,1,1,4,1,1,1,1,,,1,0,1,4,1,57,1,1,2,0,2,1,1,201900048144A01,7,15,1,200054781
201900048161,2019-01-09,2019,janvier,mercredi,20:15,75,75110,48.870134,2.366588,2,1,6,3,1,4,1,1,1,1,,,1,0,5,1,1,25,0,2,,0,1,1,1,201900048161A01,,,,200054781
201900048165,2019-01-09,2019,janvier,mercredi,00:23,75,75108,48.87393,2.315892,2,2,3,5,1,4,1,1,2,1,,,1,0,1,3,1,44,0,1,2,0,2,0,1,201900048165A01,34,1,1,200054781
201900048181,2019-01-08,2019,janvier,mardi,14:00,75,75101,48.865312,2.327257,2,3,3,1,8,4,1,0,1,1,,,1,0,5,4,1,57,5,1,2,0,2,1,1,201900048181B01,14,16,1,200054781
201900048228,2019-09-27,2019,septembre,vendredi,17:45,64,64492,43.1242133,-1.2450004,1,1,7,1,1,3,-1,2,2,1,,,1,0,3,2,1,62,5,1,2,13,0,1,1,201900048228A01,,,,200067106
201900048229,2019-09-23,2019,septembre,lundi,13:20,73,73096,45.5288753,6.0894319,2,1,1,1,1,3,2,2,2,1,,,1,0,1,3,1,41,5,1,2,0,2,1,1,201900048229B01,7,15,1,200041010
201900048241,2019-09-28,2019,septembre,samedi,17:10,1,01281,46.2636851,6.1025363,2,1,3,1,1,3,2,2,2,1,,,1,0,1,3,1,28,0,1,2,0,2,1,2,201900048241B01,7,15,1,240100750
201900048245,2019-09-28,2019,septembre,samedi,17:00,31,31486,43.421137,1.281518,2,1,1,1,1,3,2,2,1,1,,,1,0,1,3,1,60,5,1,2,0,2,3,1,201900048245B01,7,1,1,200068641
201900048282,2019-09-26,2019,septembre,jeudi,12:45,69,69387,45.75382,4.84722,2,1,6,1,1,4,2,4,1,1,,,1,0,1,1,1,26,0,2,,0,1,1,1,201900048282A01,,,,200046977
201900048300,2019-09-26,2019,septembre,jeudi,16:30,64,64445,43.3179846,-0.3183738,2,3,1,1,1,4,2,2,1,1,,,1,0,1,4,1,32,1,1,2,0,2,1,1,201900048300B01,7,19,1,200067254
201900048301,2019-09-22,2019,septembre,dimanche,03:50,62,62758,50.716338,1.638057,2,1,7,3,3,4,2,2,4,1,,,2,9,1,3,1,42,0,1,2,0,0,0,26,201900048301A01,,,,246200729
201900048326,2019-09-26,2019,septembre,jeudi,10:30,32,32013,43.64949,0.59717,2,1,2,1,1,3,2,6,2,1,,,1,0,1,4,1,70,5,2,,0,2,1,1,201900048326A01,99,1,1,200066926
201900048341,2019-09-26,2019,septembre,jeudi,10:10,75,75105,48.849406,2.3567876,2,4,3,1,1,4,1,2,1,1,,,1,8,1,4,2,64,0,1,2,0,2,8,16,201900048341B01,15,14,1,200054781
201900048344,2019-09-26,2019,septembre,jeudi,15:50,75,75119,48.884672,2.379837,2,2,3,1,8,4,1,4,2,1,,,1,0,1,4,1,15,0,1,2,0,2,3,16,201900048344A01,7,1,1,200054781
201900048354,2019-09-24,2019,septembre,mardi,12:45,75,75102,48.868952,2.349473,2,3,6,1,2,4,1,2,1,1,,,2,0,5,4,1,26,1,1,2,0,2,1,1,201900048354A01,7,15,1,200054781
201900048383,2019-09-12,2019,septembre,jeudi,14:00,68,68026,48.13099,7.356395,2,1,6,1,1,3,2,2,4,1,,,1,0,4,4,1,67,5,2,,12,0,1,1,201900048383A01,,,,246800577
201900048416,2019-08-20,2019,août,mardi,15:09,87,87085,45.83675,1.22472,2,1,7,1,1,4,2,2,1,2,,,1,0,1,4,1,15,5,2,,0,0,0,1,201900048416A01,,,,248719312