Num_Acc,date,an,mois,jour,hrmn,dep,com,lat,long,agg,int,col,lum,atm,catr,circ,nbv,prof,plan,lartpc,larrout,surf,infra,situ,grav,sexe,age,trajet,secuexist,equipement,obs,obsm,choc,manv,vehiculeid,typevehicules,manoeuvehicules,numVehicules,_infos_commune.code_epci
201900048424,2019-08-20,2019,août,mardi,14:55,80,80021,49.87094,2.28078,2,1,3,1,1,4,2,4,3,1,,,1,0,1,4,1,22,1,2,,0,2,1,19,201900048424B01,7,1,1,248000531
201900048436,2019-08-22,2019,août,jeudi,08:30,67,67204,48.62445,7.74139,1,1,6,1,1,7,2,2,1,1,,,1,9,1,1,1,25,1,2,,0,1,1,1,201900048436A01,,,,246700488
201900048439,2019-08-22,2019,août,jeudi,09:20,64,64129,43.3010188,-0.3942833,2,9,6,1,1,4,1,1,1,2,,,1,0,3,4,1,58,5,2,,0,2,1,1,201900048439B01,31,16,1,200067254
201900048450,2019-08-22,2019,août,jeudi,14:00,56,56098,47.76676,-3.34214,2,1,3,1,1,4,1,1,1,1,,,1,9,1,4,1,17,5,1,2,0,2,1,25,201900048450B01,20,26,1,200042174
201900048464,2019-08-20,2019,août,mardi,17:25,50,50416,49.65569,-1.69943,1,1,1,1,1,3,2,2,4,1,,,1,0,1,4,1,17,1,2,,0,2,1,1,201900048464A01,7,1,1,
201900048472,2019-08-22,2019,août,jeudi,11:30,44,44184,47.2565,-2.2588,2,1,6,1,1,4,1,2,1,1,,,1,0,4,4,1,51,5,2,,0,1,1,25,201900048472A01,,,,244400644
201900048473,2019-08-24,2019,août,samedi,14:00,44,44114,47.2434719,-1.5977798,2,1,3,1,1,4,3,0,1,1,,,1,0,1,4,2,49,5,2,,0,2,8,1,201900048473A01,7,1,1,244400404
201900048543,2019-08-23,2019,août,vendredi,09:37,75,75119,48.8827862,2.3702819,2,7,6,1,1,4,3,3,1,1,,,1,0,1,4,1,17,0,1,2,12,0,1,14,201900048543A01,,,,200054781
201900048547,2019-08-24,2019,août,samedi,18:35,75,75114,48.8230617,2.3254943,2,7,6,1,1,4,2,8,1,1,,,1,0,1,3,1,24,0,1,2,14,0,1,14,201900048547A01,,,,200054781
201900048554,2019-08-22,2019,août,jeudi,08:20,75,75113,48.8216993,2.3693634,2,2,3,1,1,4,1,1,1,1,,,1,0,1,4,1,38,0,1,2,0,2,8,1,201900048554A01,7,1,1,200054781
201900048555,2019-08-24,2019,août,samedi,08:50,75,75112,48.820608,2.445354,2,3,3,1,1,4,2,2,1,1,,,1,0,1,4,1,82,5,1,2,0,2,1,1,201900048555B01,7,1,1,200054781
201900048558,2019-08-22,2019,août,jeudi,16:05,75,75110,48.880624,2.36201,2,2,3,1,1,4,1,1,2,1,,,1,0,1,4,1,30,0,1,2,0,2,6,1,201900048558A01,33,1,1,200054781
201900048569,2019-07-17,2019,juillet,mercredi,10:45,5,05079,45.028981,6.446351,1,1,3,1,1,3,2,2,2,1,,,1,0,1,4,1,71,5,1,2,0,2,8,2,201900048569B01,33,2,1,240500439
201900048578,2019-07-16,2019,juillet,mardi,07:50,33,33274,44.71819,-0.53958,2,6,3,1,1,3,2,2,1,2,,,1,5,1,1,2,1,0,1,2 / 3,0,2,8,9,201900048578B01,7,1,1,243301264
201900048578,2019-07-16,2019,juillet,mardi,07:50,33,33274,44.71819,-0.53958,2,6,3,1,1,3,2,2,1,2,,,1,5,1,3,2,29,1,2,,0,2,8,9,201900048578B01,7,1,1,243301264
201900048581,2019-07-15,2019,juillet,lundi,21:45,22,22162,48.765475,-3.058305,1,1,1,1,1,4,2,2,1,1,,,1,0,1,3,1,12,5,2,,0,2,1,17,201900048581B01,7,1,1,200067981
201900048582,2019-07-10,2019,juillet,mercredi,17:34,22,22093,48.4667625,-2.5081245,2,6,3,1,1,3,1,1,1,3,,,1,5,1,3,2,44,5,2,,0,2,1,15,201900048582B01,7,9,1,200069391
201900048583,2019-07-16,2019,juillet,mardi,22:00,35,35236,47.653207,-2.097991,2,1,2,2,1,3,2,2,2,1,,,1,0,1,4,1,46,5,2,,0,2,4,2,201900048583A01,33,17,1,243500741
201900048619,2019-07-15,2019,juillet,lundi,09:50,91,91201,48.68181,2.40513,2,3,1,1,1,4,2,2,3,1,,,1,8,3,4,1,56,1,2,,0,2,1,2,201900048619B01,7,15,1,200058477
201900048637,2019-07-14,2019,juillet,dimanche,19:09,74,74013,46.35535,6.44737,1,1,6,1,1,4,2,2,1,1,,,1,0,1,3,1,15,5,1,2,12,0,0,25,201900048637B01,7,13,1,200067551
201900048641,2019-07-12,2019,juillet,vendredi,14:15,67,67482,48.584923,7.740476,2,1,6,1,1,4,3,2,1,1,,,1,0,1,4,2,27,0,2,,0,1,1,1,201900048641A01,,,,246700488
201900048685,2019-04-01,2019,avril,lundi,05:18,92,92050,48.905661,2.210251,2,1,3,5,1,3,2,2,1,1,,,1,0,1,4,1,79,0,2,,0,2,1,25,201900048685A01,7,9,1,200054781
201900048703,2019-03-31,2019,mars,dimanche,12:15,31,31053,43.656019,1.5548,1,1,3,1,1,3,2,2,2,2,,,1,0,1,3,1,54,5,1,2,0,2,8,2,201900048703B01,7,17,1,243100518
201900048707,2019-04-02,2019,avril,mardi,06:50,10,10263,48.270375,3.781667,1,1,2,3,2,3,2,2,2,1,,,2,0,1,2,1,25,1,2,,0,0,4,1,201900048707B01,7,1,1,241000447
201900048709,2019-03-22,2019,mars,vendredi,09:38,10,10349,48.316337,3.970666,1,1,2,1,1,3,2,2,2,1,,,1,0,1,2,1,46,5,1,2,0,0,4,2,201900048709B01,7,2,1,200069250
201900048714,2019-03-21,2019,mars,jeudi,17:20,974,97404,-21.267501,55.33469,2,3,3,1,1,2,2,2,1,2,,,1,0,5,4,2,69,5,1,2,0,2,1,26,201900048714A01,7,26,1,249740077
201900048718,2019-04-02,2019,avril,mardi,05:30,83,83004,43.457467,6.48828,1,1,1,3,1,4,2,2,1,1,,,1,0,1,4,1,41,1,2,,0,2,1,1,201900048718B01,1,1,1,248300493
201900048718,2019-04-02,2019,avril,mardi,05:30,83,83004,43.457467,6.48828,1,1,1,3,1,4,2,2,1,1,,,1,0,1,4,1,25,1,2,,0,9,1,1,201900048718A01,1,1,1,248300493
201900048749,2019-03-21,2019,mars,jeudi,17:45,19,19289,45.204249,1.391083,1,1,1,1,1,4,3,2,1,1,,,1,0,1,4,1,25,5,1,2,0,2,1,5,201900048749A01,7,5,1,200043172
201900048755,2019-04-01,2019,avril,lundi,18:15,82,82096,44.027638,1.205953,1,2,3,1,1,3,2,2,1,1,,,1,0,1,3,2,79,5,2,,0,2,3,19,201900048755B01,7,21,1,200066322
201900048795,2019-03-30,2019,mars,samedi,11:50,38,38130,45.393217,5.26534,2,3,3,1,1,3,2,2,1,1,,,1,0,1,4,1,52,5,1,2,0,2,1,9,201900048795B01,7,2,1,200059392
201900048812,2019-03-31,2019,mars,dimanche,18:40,72,72020,48.2345796,0.6522596,1,9,7,1,1,3,2,2,2,2,,,1,0,1,3,1,15,5,1,2,0,0,7,1,201900048812A01,,,,247200686
201900048831,2019-06-23,2019,juin,dimanche,09:00,6,06095,43.640127,6.893502,2,3,6,1,7,4,3,2,2,3,,,1,0,1,4,1,80,5,2,,0,1,1,16,201900048831A01,,,,200039857
201900048850,2019-07-16,2019,juillet,mardi,08:30,62,62297,50.804713,2.147382,2,3,2,1,1,3,2,2,2,2,,,1,0,1,3,1,75,5,1,2,0,0,4,2,201900048850B01,7,9,1,200069037
201900048861,2019-04-01,2019,avril,lundi,14:10,13,13032,43.568347,5.353911,1,1,2,1,1,3,2,2,1,1,,,1,0,1,4,1,70,5,1,2,0,0,4,2,201900048861B01,10,2,1,200054807
201900048862,2019-07-16,2019,juillet,mardi,09:10,56,56123,47.6912313,-2.342931,1,4,3,1,7,3,2,2,4,4,,,1,0,1,2,1,68,5,1,2,0,2,1,1,201900048862B01,7,15,1,245614383
201900048895,2019-04-01,2019,avril,lundi,10:30,25,25097,47.529015,6.856484,1,1,2,1,1,3,2,2,2,1,,,1,0,1,3,1,58,5,1,2,0,2,8,1,201900048895B01,7,17,1,200065647
201900048906,2019-04-01,2019,avril,lundi,16:25,17,17064,45.712637,-1.04924,1,1,7,1,1,4,2,2,1,1,,,1,0,3,2,1,70,5,1,2,0,0,0,1,201900048906A01,,,,241700640
201900048909,2019-03-20,2019,mars,mercredi,11:00,49,49301,47.119545,-0.995123,2,1,6,1,1,3,2,2,1,1,,,1,0,5,3,1,69,5,1,2 / 4 / 6,0,6,1,1,201900048909A01,,,,200060010
201900048939,2019-05-31,2019,mai,vendredi,09:30,83,83120,43.382714,5.706575,2,1,2,1,1,3,2,2,1,2,,,1,5,1,3,2,55,5,2,,0,2,8,15,201900048939B01,7,4,1,200054807
201900048945,2019-05-12,2019,mai,dimanche,12:20,31,31588,43.525575,1.344976,2,3,3,1,1,3,2,2,1,1,,,1,0,1,3,1,69,5,1,2,0,2,8,15,201900048945B01,7,9,1,243100518
201900048947,2019-05-26,2019,mai,dimanche,10:00,57,57260,49.182862,7.033478,1,1,6,1,1,9,2,2,1,1,,,1,0,5,4,1,60,5,1,2 / 6,0,1,1,2,201900048947A01,,,,200070746
201900048947,2019-05-26,2019,mai,dimanche,10:00,57,57260,49.182862,7.033478,1,1,6,1,1,9,2,2,1,1,,,1,0,5,1,1,51,5,2,,0,1,1,2,201900048947A01,,,,200070746
201900048966,2019-05-03,2019,mai,vendredi,14:25,51,51362,49.295299,3.9455876,2,3,1,1,8,3,2,2,2,3,,,1,0,1,4,1,59,5,1,2,0,2,1,16,201900048966A01,7,1,1,200067213
201900048969,2019-05-20,2019,mai,lundi,11:00,19,19252,45.417149,2.458869,1,1,3,1,2,3,2,2,1,1,,,2,0,1,4,1,71,5,1,2,0,2,8,2,201900048969B01,7,2,1,200066744
201900048981,2019-05-29,2019,mai,mercredi,16:10,56,56169,47.697946,-3.252874,2,1,3,1,1,3,2,2,1,1,,,1,0,1,4,1,16,5,1,2 / 9,0,2,7,1,201900048981B01,7,22,1,245600440
201900048982,2019-05-26,2019,mai,dimanche,10:45,56,56169,47.6817,-3.2102,2,6,3,1,1,3,1,1,1,2,,,1,5,1,4,1,59,5,1,2,0,2,7,13,201900048982B01,7,2,1,245600440
201900048984,2019-05-15,2019,mai,mercredi,15:15,56,56177,47.782775,-3.012772,2,3,6,1,1,4,2,2,1,3,,,1,1,1,2,1,36,5,2,,0,1,1,16,201900048984A01,,,,200043123
201900048990,2019-05-20,2019,mai,lundi,08:30,56,56240,47.519321,-2.661445,1,1,2,2,1,3,2,2,1,3,,,1,9,1,3,1,66,5,1,2,0,0,4,2,201900048990B01,7,2,1,200067932
201900048993,2019-05-20,2019,mai,lundi,09:20,56,56184,47.62205,-2.406312,1,2,2,1,1,3,4,2,1,1,,,1,5,1,3,1,76,5,1,2,0,2,4,15,201900048993B01,7,1,1,245614383
201900049009,2019-05-20,2019,mai,lundi,12:00,67,67281,48.157948,7.549175,2,3,3,1,1,4,2,2,1,1,,,1,0,1,4,1,10,2,2,,0,2,1,19,201900049009B01,7,1,1,200030526
201900049013,2019-05-05,2019,mai,dimanche,09:30,76,76015,49.830458,0.794134,2,9,6,1,1,3,2,2,1,1,,,1,0,1,3,1,44,5,1,2,0,9,1,1,201900049013B01,1,26,1,200069839
201900049013,2019-05-05,2019,mai,dimanche,09:30,76,76015,49.830458,0.794134,2,9,6,1,1,3,2,2,1,1,,,1,0,1,1,1,35,5,1,2,0,0,0,26,201900049013A01,1,1,1,200069839
201900049066,2019-05-21,2019,mai,mardi,17:35,65,65401,43.1822137,0.1020803,2,1,2,1,1,3,2,2,1,1,,,1,0,1,3,1,72,5,1,2,0,0,0,2,201900049066B01,1,2,1,200069300
201900049066,2019-05-21,2019,mai,mardi,17:35,65,65401,43.1822137,0.1020803,2,1,2,1,1,3,2,2,1,1,,,1,0,1,3,1,67,5,1,2,0,2,0,2,201900049066A01,1,2,1,200069300
201900049162,2019-05-18,2019,mai,samedi,10:30,63,63089,45.860698,3.237113,1,1,6,1,2,3,2,2,2,1,,,2,0,1,1,1,56,5,1,2,0,0,0,1,201900049162B01,1,1,1,200070753
201900049162,2019-05-18,2019,mai,samedi,10:30,63,63089,45.860698,3.237113,1,1,6,1,2,3,2,2,2,1,,,2,0,1,3,1,46,5,1,2,0,9,8,1,201900049162A01,1,1,1,200070753
201900049227,2019-12-05,2019,décembre,jeudi,11:50,45,45234,47.90834,1.90683,2,3,3,1,1,4,4,4,1,1,,,1,0,1,4,2,49,0,2,,0,2,2,19,201900049227B01,7,14,1,244500468
201900049270,2019-12-06,2019,décembre,vendredi,13:05,75,75120,48.853982,2.402621,2,2,3,1,2,4,1,1,1,1,,,2,0,1,4,2,62,5,1,2,0,2,1,1,201900049270B01,7,1,1,200054781
201900049278,2019-12-06,2019,décembre,vendredi,07:35,75,75114,48.820405,2.338811,2,1,7,2,8,4,3,2,2,1,,,2,0,5,3,1,39,1,1,2,0,0,0,1,201900049278A01,,,,200054781
201900049281,2019-12-06,2019,décembre,vendredi,06:20,75,75111,48.868529,2.367167,2,1,3,5,1,4,3,2,1,1,,,1,0,1,4,1,31,1,1,2,0,2,8,13,201900049281A01,30,1,1,200054781
201900049283,2019-12-06,2019,décembre,vendredi,10:10,75,75110,48.876521,2.355859,2,4,6,1,2,4,2,4,2,1,,,2,0,5,4,1,31,0,1,2,1,0,3,13,201900049283A01,,,,200054781
201900049314,2019-06-05,2019,juin,mercredi,08:00,56,56121,47.75574,-3.36382,2,8,3,1,1,4,2,4,1,1,,,1,4,1,4,1,54,5,1,2,0,2,7,1,201900049314B01,30,10,1,200042174
201900049333,2019-06-16,2019,juin,dimanche,10:55,54,54469,49.17569,5.99822,1,4,3,1,7,3,2,2,1,1,,,1,0,1,3,1,49,5,1,2,0,2,1,1,201900049333B01,7,15,1,200070845
201900049410,2019-06-14,2019,juin,vendredi,15:45,45,45147,47.9347298,1.9090564,2,2,3,1,1,4,2,2,1,1,,,1,0,1,4,2,66,9,2,,0,2,1,0,201900049410B01,7,16,1,244500468
201900049433,2019-06-01,2019,juin,samedi,19:30,45,45208,47.99948,2.72108,2,2,3,1,1,4,2,2,1,1,,,1,0,1,4,1,19,0,2,,0,2,8,13,201900049433A01,7,1,1,244500203
201900049438,2019-06-02,2019,juin,dimanche,10:35,44,44184,47.25646,-2.26294,2,1,3,1,1,4,2,2,1,1,,,1,0,1,4,1,65,5,1,2,0,2,1,1,201900049438B01,7,20,1,244400644
201900049440,2019-06-16,2019,juin,dimanche,03:05,44,44109,47.20401,-1.56623,2,1,7,5,1,4,2,0,1,1,,,1,0,1,4,2,25,5,2,,0,0,0,0,201900049440A01,,,,244400404
201900049443,2019-06-13,2019,juin,jeudi,19:00,44,44162,47.22081,-1.62998,2,1,3,1,1,4,1,0,1,1,,,1,0,1,4,1,42,1,1,2,0,2,8,1,201900049443B01,7,16,1,244400404
201900049444,2019-06-13,2019,juin,jeudi,17:20,44,44143,47.17711,-1.54415,2,1,2,1,1,4,2,0,1,1,,,1,0,1,4,1,35,5,1,2,0,2,1,1,201900049444A01,10,23,1,244400404
201900049445,2019-06-13,2019,juin,jeudi,12:10,44,44109,47.25197,-1.55128,2,1,2,1,1,4,2,0,1,1,,,1,0,1,3,1,20,1,2,,0,2,1,1,201900049445A01,7,26,1,244400404
201900049447,2019-06-03,2019,juin,lundi,14:05,44,44109,47.21751,-1.60424,2,1,7,1,1,4,-1,0,1,1,,,1,0,1,4,1,61,0,2,,0,0,0,1,201900049447A01,,,,244400404
201900049484,2019-02-22,2019,février,vendredi,11:30,80,80443,49.842729,1.913212,1,1,3,1,1,3,2,2,1,1,,,1,0,1,3,1,71,5,1,2,0,2,8,2,201900049484B01,7,2,1,200071181
201900049492,2019-02-21,2019,février,jeudi,16:45,71,71514,46.731848,5.277742,1,1,3,1,1,3,2,2,2,2,,,1,0,1,3,1,80,5,1,4,0,2,8,10,201900049492A01,33,1,1,200042414
201900049515,2019-02-23,2019,février,samedi,14:15,26,26144,44.756788,4.849719,1,1,1,1,1,3,2,2,1,1,,,1,0,1,2,2,55,5,2,,0,2,1,1,201900049515B01,7,5,1,242600252
201900049531,2019-02-23,2019,février,samedi,15:10,73,73270,45.5616819,6.1542868,2,2,3,1,1,3,2,2,2,1,,,1,5,1,3,1,46,5,1,2,0,2,2,1,201900049531B01,7,15,1,200041010
201900049535,2019-02-23,2019,février,samedi,10:05,7,07260,44.69304,4.710917,1,1,2,1,1,3,2,2,1,3,,,1,0,1,3,2,37,5,2,,0,0,6,2,201900049535B01,7,2,1,200071405
201900049561,2019-02-20,2019,février,mercredi,16:50,971,97103,16.241903,-61.621847,1,3,3,1,1,4,2,2,4,3,,,1,0,1,3,1,15,5,2,,0,2,3,15,201900049561A01,7,1,1,200018653
201900049565,2019-02-22,2019,février,vendredi,17:30,974,97403,-21.249563,55.470764,2,1,6,1,1,9,2,2,1,2,,,2,0,1,1,1,17,5,2,,0,1,1,1,201900049565A01,,,,249740085
201900049597,2019-02-22,2019,février,vendredi,15:30,44,44103,47.332825,-2.178087,2,2,6,1,1,4,2,2,1,1,,,1,5,5,4,2,62,5,2,,0,2,7,1,201900049597B01,,,,244400644
201900049657,2019-02-20,2019,février,mercredi,07:00,69,69388,45.74465,4.8679,2,1,6,2,1,4,2,3,1,1,,,1,0,1,4,2,29,1,1,2,1,0,0,0,201900049657B01,7,24,1,200046977
201900049670,2019-11-03,2019,novembre,dimanche,08:40,34,34202,43.580114,3.767569,2,9,3,1,2,4,2,2,1,3,,,2,5,1,4,1,77,5,1,2,0,2,8,19,201900049670B01,7,1,1,243400017
201900049741,2019-10-28,2019,octobre,lundi,05:40,64,64122,43.47803,-1.56663,2,1,7,3,1,5,-1,1,1,1,,,1,6,4,2,1,74,5,1,2,11,0,1,1,201900049741A01,,,,200067106
201900049750,2019-10-29,2019,octobre,mardi,19:00,44,44109,47.19882,-1.58407,2,1,2,5,2,4,2,0,1,1,,,2,0,1,3,2,35,0,2,,0,2,8,19,201900049750B01,7,1,1,244400404
201900049772,2019-10-28,2019,octobre,lundi,20:10,75,75120,48.8739368,2.3853622,2,5,6,5,1,4,2,2,2,1,,,1,0,1,4,1,28,5,1,2,0,2,7,1,201900049772A01,7,15,1,200054781
201900049773,2019-10-29,2019,octobre,mardi,09:05,75,75118,48.8868708,2.3596372,2,3,3,1,2,4,2,4,1,1,,,2,5,1,4,1,14,5,2,,0,2,8,9,201900049773B01,37,1,1,200054781
201900049782,2019-10-29,2019,octobre,mardi,08:00,75,75108,48.8640686,2.3201196,2,7,3,1,2,4,2,6,1,1,,,2,8,1,4,1,51,5,1,2,0,2,8,1,201900049782A01,7,1,1,200054781
201900049783,2019-10-28,2019,octobre,lundi,21:20,75,75108,48.8715057,2.3231129,2,2,6,5,1,4,1,1,1,1,,,1,0,1,1,1,27,5,1,2,0,1,1,1,201900049783A01,,,,200054781
201900049802,2019-10-25,2019,octobre,vendredi,15:35,86,86224,46.900711,0.408721,2,1,3,1,1,4,2,2,1,2,,,1,0,1,3,1,11,5,2,,0,2,3,0,201900049802B01,7,2,1,248600413
201900049807,2019-10-30,2019,octobre,mercredi,16:00,59,59478,50.959465,2.43365,2,1,3,1,1,3,2,2,1,1,,,1,9,1,3,1,12,5,2,,0,2,8,25,201900049807A01,14,1,1,200040954
201900049811,2019-10-29,2019,octobre,mardi,14:20,87,87202,45.892768,1.111612,1,1,3,1,1,4,2,2,2,1,,,1,0,1,2,1,73,5,1,2,0,0,8,1,201900049811B01,1,21,1,248719312
201900049811,2019-10-29,2019,octobre,mardi,14:20,87,87202,45.892768,1.111612,1,1,3,1,1,4,2,2,2,1,,,1,0,1,4,1,69,5,1,2,0,9,1,21,201900049811A01,1,1,1,248719312
201900049849,2019-10-28,2019,octobre,lundi,11:15,35,35352,48.045309,-1.601674,2,3,2,1,3,4,2,2,2,1,,,2,0,1,4,2,54,3,2,,0,2,4,15,201900049849A01,2,17,1,243500139
201900049869,2019-01-10,2019,janvier,jeudi,10:41,6,06161,43.642926,7.143527,2,1,6,1,1,4,2,2,2,1,,,1,9,1,4,1,48,9,2,,0,0,3,1,201900049869A01,,,,240600585
201900049918,2019-01-13,2019,janvier,dimanche,11:40,82,82184,44.007535,1.521224,1,1,2,1,2,3,2,2,1,1,,,2,0,1,3,1,42,5,1,2 / 4 / 6,0,2,4,13,201900049918B01,7,17,1,200066884
201900049932,2019-01-07,2019,janvier,lundi,18:45,49,49045,47.360533,0.028245,1,1,2,3,8,3,2,2,1,1,,,2,0,1,4,1,28,1,1,4,0,0,4,0,201900049932B01,7,1,1,200071876
201900049981,2019-01-12,2019,janvier,samedi,14:40,4,04166,43.818598,6.090556,2,3,3,1,1,3,2,2,1,3,,,1,0,1,4,1,23,5,2,,0,2,1,9,201900049981A01,7,15,1,200034700
201900050038,2019-09-22,2019,septembre,dimanche,15:55,14,14370,49.242576,-0.872536,2,1,6,1,1,3,2,-1,1,1,,,1,0,1,1,1,45,-1,1,2,0,1,1,1,201900050038A01,,,,200066801
201900050110,2019-09-19,2019,septembre,jeudi,09:10,91,91228,48.6403,2.42906,1,9,3,1,1,2,1,1,1,1,,,1,0,1,4,1,29,1,1,2,0,2,2,19,201900050110B01,7,14,1,200059228
201900050177,2019-09-25,2019,septembre,mercredi,14:25,75,75119,48.9008494,2.388944,2,4,6,1,1,4,1,3,1,1,,,1,0,5,1,1,20,4,1,2,0,1,8,1,201900050177A01,,,,200054781
201900050184,2019-09-24,2019,septembre,mardi,12:18,75,75112,48.841673,2.393399,2,1,6,1,2,4,2,2,1,1,,,2,0,1,4,2,21,0,1,2,0,2,0,1,201900050184A01,10,13,1,200054781
201900050191,2019-09-24,2019,septembre,mardi,08:50,75,75109,48.8721277,2.3391918,2,3,3,1,8,4,1,2,1,1,,,1,0,1,1,1,49,0,1,2,0,2,6,1,201900050191B01,30,17,1,200054781
201900050213,2019-09-25,2019,septembre,mercredi,20:05,86,86165,46.419628,0.87644,1,1,2,3,2,3,2,2,1,1,,,2,0,1,3,1,42,1,2,,0,0,8,2,201900050213B01,7,17,1,200070043
201900050214,2019-09-26,2019,septembre,jeudi,16:00,54,54090,48.747163,6.166328,1,2,4,1,8,3,2,2,1,1,,,2,5,1,4,1,44,5,1,2,0,2,8,18,201900050214C01,99 / 14,16,2,245400601
201900050216,2019-08-22,2019,août,jeudi,13:50,94,94073,48.76651,2.39342,2,2,6,1,1,4,2,2,1,1,,,1,0,3,3,1,29,1,1,2,0,2,8,15,201900050216B01,,,,200054781
201900050243,2019-08-21,2019,août,mercredi,07:05,92,92072,48.8287045,2.2241014,2,1,2,1,8,3,2,6,1,1,,,1,9,1,4,1,36,1,1,2 / 6,0,2,1,1,201900050243B01,7,23,1,200054781
201900050268,2019-08-23,2019,août,vendredi,17:05,17,17425,45.604437,-0.911483,1,1,3,1,1,4,2,4,1,1,,,1,6,1,3,1,68,5,2,,0,2,8,19,201900050268A01,7,1,1,241700640
201900050280,2019-08-22,2019,août,jeudi,21:15,63,63061,45.992431,3.247348,1,1,2,3,1,3,2,2,1,1,,,1,0,1,2,1,19,5,2,,0,2,8,0,201900050280A01,0,0,1,200071199
201900050282,2019-08-22,2019,août,jeudi,17:00,83,83048,43.206218,6.566466,2,1,3,1,1,4,2,2,1,1,,,1,0,1,3,1,50,1,2,,0,2,1,1,201900050282B01,7,15,1,200036077
201900050294,2019-08-23,2019,août,vendredi,16:10,57,57097,49.184587,6.493033,2,2,6,1,1,4,2,2,1,1,,,1,0,1,3,1,16,5,2,,0,2,8,19,201900050294B01,7,1,1,200067650
201900050326,2019-08-22,2019,août,jeudi,10:25,49,49238,47.525258,-0.43497,2,1,4,1,1,3,2,2,1,1,,,1,9,1,1,1,53,5,1,2,0,9,7,2,201900050326C01,1,2,2,
201900050326,2019-08-22,2019,août,jeudi,10:25,49,49238,47.525258,-0.43497,2,1,4,1,1,3,2,2,1,1,,,1,9,1,3,1,74,5,1,2,0,9,7,2,201900050326B01,1,2,2,
201900050326,2019-08-22,2019,août,jeudi,10:25,49,49238,47.525258,-0.43497,2,1,4,1,1,3,2,2,1,1,,,1,9,1,3,1,70,5,1,2,14,0,1,2,201900050326A01,1,2,2,
201900050330,2019-08-24,2019,août,samedi,11:50,68,68126,47.565652,7.53423,1,3,3,1,1,3,2,2,1,1,,,1,0,1,3,2,74,5,2,,0,2,2,1,201900050330B01,7,16,1,200066058
201900050336,2019-08-24,2019,août,samedi,18:42,25,25111,47.27152,6.084784,1,6,3,1,7,3,1,1,1,2,,,1,5,1,3,2,50,5,1,4,0,0,4,2,201900050336B01,7,9,1,242500361
201900050398,2019-08-23,2019,août,vendredi,18:05,68,68118,47.730035,7.416511,2,1,3,1,1,3,2,2,1,1,,,1,0,1,4,1,70,3,2,,0,0,3,1,201900050398B01,10,17,1,200066009
201900050405,2019-08-24,2019,août,samedi,12:10,95,95409,49.043699,2.339021,2,1,3,1,1,3,2,2,1,2,,,1,2,1,4,1,25,1,2,,0,2,1,1,201900050405B01,7,15,1,200056380
201900050434,2019-03-30,2019,mars,samedi,18:09,75,75116,48.861974,2.230402,2,3,7,1,1,4,1,1,1,3,,,1,9,1,3,1,36,5,2,,0,0,0,1,201900050434A01,,,,200054781
201900050436,2019-07-13,2019,juillet,samedi,08:55,31,31451,43.458322,2.010267,2,2,3,1,1,4,2,2,1,1,,,1,0,1,4,2,82,3,2,,0,2,8,1,201900050436B01,7,1,1,243100567
201900050447,2019-03-31,2019,mars,dimanche,14:40,75,75112,48.827985,2.443891,2,2,3,1,1,4,1,1,1,1,,,1,0,5,4,1,56,5,1,2,0,2,7,1,201900050447A01,1,1,1,200054781
201900050447,2019-03-31,2019,mars,dimanche,14:40,75,75112,48.827985,2.443891,2,2,3,1,1,4,1,1,1,1,,,1,0,5,1,1,38,5,2,,0,2,0,1,201900050447B01,1,1,1,200054781
201900050452,2019-03-31,2019,mars,dimanche,13:35,75,75108,48.876769,2.326897,2,1,3,1,1,4,1,2,2,1,,,1,0,1,4,2,20,5,2,,1,2,8,1,201900050452B01,7,22,1,200054781
201900050453,2019-03-31,2019,mars,dimanche,18:25,75,75107,48.85171,2.323522,2,2,3,1,1,4,1,1,1,1,,,1,0,1,4,1,76,5,1,2,0,2,8,1,201900050453B01,7,9,1,200054781
201900050455,2019-03-30,2019,mars,samedi,08:45,75,75101,48.863283,2.346323,2,3,3,1,1,4,1,1,1,1,,,1,0,5,4,2,26,1,1,2,0,2,0,1,201900050455B01,30,9,1,200054781
201900050456,2019-07-03,2019,juillet,mercredi,16:30,60,60636,49.4743294,2.8832737,2,3,3,1,1,3,2,2,1,1,,,1,0,1,4,1,51,5,1,2,0,2,1,18,201900050456B01,7,15,1,246000772
201900050467,2019-07-16,2019,juillet,mardi,11:45,48,48003,44.539579,3.658263,2,3,1,1,1,4,2,2,2,1,,,1,0,1,4,1,14,5,1,2,0,2,1,16,201900050467A01,7,1,1,200069128
201900050492,2019-07-16,2019,juillet,mardi,10:10,71,71510,46.262456,4.090606,1,1,6,1,1,3,2,2,2,2,,,1,0,1,3,1,70,5,1,2 / 6,0,0,0,1,201900050492A01,1,1,1,247103864
201900050492,2019-07-16,2019,juillet,mardi,10:10,71,71510,46.262456,4.090606,1,1,6,1,1,3,2,2,2,2,,,1,0,1,4,1,66,5,1,2 / 6,0,2,1,1,201900050492B01,1,1,1,247103864