Num_Acc,date,an,mois,jour,hrmn,dep,com,lat,long,agg,int,col,lum,atm,catr,circ,nbv,prof,plan,lartpc,larrout,surf,infra,situ,grav,sexe,age,trajet,secuexist,equipement,obs,obsm,choc,manv,vehiculeid,typevehicules,manoeuvehicules,numVehicules,_infos_commune.code_epci
201900050529,2019-03-29,2019,mars,vendredi,08:35,988,98818,-22.27262,166.4403,2,2,6,1,1,4,1,1,1,1,,,1,0,1,1,1,51,0,2,,0,1,8,5,201900050529A01,,,,
201900050562,2019-07-14,2019,juillet,dimanche,08:50,77,77407,48.53617,2.53418,2,1,2,1,1,4,2,2,2,1,,,1,0,1,2,1,62,5,1,2,0,2,1,2,201900050562A01,1,2,1,247700057
201900050562,2019-07-14,2019,juillet,dimanche,08:50,77,77407,48.53617,2.53418,2,1,2,1,1,4,2,2,2,1,,,1,0,1,1,1,46,5,1,2,0,2,4,2,201900050562B01,1,2,1,247700057
201900050626,2019-07-14,2019,juillet,dimanche,12:10,22,22021,48.392574,-2.126697,1,1,2,1,1,3,2,2,1,1,,,1,0,1,3,1,51,5,1,2,0,0,4,2,201900050626B01,7,2,1,200068989
201900050630,2019-06-17,2019,juin,lundi,13:16,84,84069,44.160707,5.146872,1,1,3,1,1,3,2,2,2,3,,,1,0,1,3,1,46,0,1,2,0,2,3,13,201900050630A01,7,1,1,248400053
201900050650,2019-07-13,2019,juillet,samedi,11:25,11,11020,42.955944,2.494139,1,1,1,1,1,3,2,2,2,3,,,1,0,1,4,1,58,5,1,2,0,0,1,1,201900050650B01,33,13,1,200035863
201900050663,2019-07-15,2019,juillet,lundi,15:25,68,68082,47.865032,7.345316,2,3,3,1,1,3,2,2,1,1,,,1,5,1,4,1,59,0,2,,0,0,3,19,201900050663A01,7,1,1,246800445
201900050678,2019-03-29,2019,mars,vendredi,11:10,69,69282,45.76843,4.99116,2,6,3,1,1,4,3,4,1,1,,,1,0,1,4,2,78,5,2,,0,2,4,6,201900050678B01,7,16,1,200046977
201900050721,2019-03-29,2019,mars,vendredi,06:15,64,64445,43.30354,-0.36041,2,1,1,2,1,4,2,2,1,1,,,1,0,1,4,2,23,1,2,,0,2,1,1,201900050721B01,7,26,1,200067254
201900050723,2019-07-13,2019,juillet,samedi,21:40,973,97305,4.9421281,-52.4138832,1,1,1,3,1,2,2,2,1,1,,,1,0,6,3,1,43,0,2,,0,2,7,15,201900050723B01,7,1,1,249730045
201900050727,2019-07-14,2019,juillet,dimanche,09:15,37,37089,47.160631,0.32995,2,1,3,1,1,3,2,2,2,3,,,1,0,1,3,1,32,5,1,2,0,2,1,1,201900050727B01,7,15,1,200043081
201900050746,2019-07-09,2019,juillet,mardi,14:30,59,59268,50.639954,2.720191,2,1,6,1,1,3,2,2,1,1,,,1,0,1,3,2,21,5,2,,1,0,1,1,201900050746B01,7,22,1,245900758
201900050784,2019-05-24,2019,mai,vendredi,17:20,61,61072,48.964415,0.268475,1,1,2,1,1,3,2,2,4,1,,,1,0,1,4,1,64,5,1,2 / 9,0,2,1,2,201900050784B01,1,1,1,200069458
201900050784,2019-05-24,2019,mai,vendredi,17:20,61,61072,48.964415,0.268475,1,1,2,1,1,3,2,2,4,1,,,1,0,1,3,1,62,5,1,2 / 9,0,0,4,1,201900050784A01,1,2,1,200069458
201900050794,2019-05-03,2019,mai,vendredi,17:40,49,49176,47.628002,-0.723506,2,9,6,1,1,4,2,2,1,1,,,1,0,1,3,1,13,9,1,2,0,2,1,1,201900050794A01,7,4,1,200071868
201900050819,2019-05-06,2019,mai,lundi,15:00,46,46203,44.739775,2.01705,2,1,6,1,1,3,2,2,1,1,,,1,0,1,3,1,79,5,2,,0,0,7,1,201900050819A01,,,,200067361
201900050860,2019-04-11,2019,avril,jeudi,15:55,68,68374,48.088217,7.316191,2,3,3,1,1,4,2,2,1,1,,,1,0,1,4,1,40,5,2,,0,2,1,21,201900050860B01,7,26,1,246800726
201900050869,2019-05-25,2019,mai,samedi,13:27,39,39286,46.386033,5.778243,1,1,4,1,1,3,2,2,2,1,,,1,0,1,4,1,24,5,1,2,0,2,4,1,201900050869C01,7,1,1,200026573
201900050869,2019-05-25,2019,mai,samedi,13:27,39,39286,46.386033,5.778243,1,1,4,1,1,3,2,2,2,1,,,1,0,1,3,1,23,5,1,2,0,2,4,1,201900050869B01,7,1,1,200026573
201900050877,2019-05-19,2019,mai,dimanche,16:40,25,25084,47.144423,5.889981,1,2,3,1,2,3,2,2,1,1,,,2,0,1,2,1,82,0,1,2,0,0,8,19,201900050877B01,7,19,1,242500361
201900050881,2019-05-21,2019,mai,mardi,16:20,44,44010,47.278445,-2.464434,2,1,2,1,1,3,2,2,1,1,,,1,0,5,3,1,72,5,1,2,0,2,1,1,201900050881B01,10,16,1,244400610
201900050893,2019-05-29,2019,mai,mercredi,07:45,44,44003,47.3732555,-1.1790481,2,6,3,1,1,3,1,1,1,2,,,1,5,1,3,2,51,1,2,,0,2,1,1,201900050893B01,7,9,1,244400552
201900050914,2019-05-27,2019,mai,lundi,13:25,29,29212,48.381978,-4.609447,2,6,2,1,1,4,2,2,1,1,,,1,9,1,3,1,31,1,1,2,0,0,4,15,201900050914B01,7,9,1,242900314
201900050916,2019-05-15,2019,mai,mercredi,11:00,29,29069,48.418862,-4.559745,1,6,2,1,1,3,1,1,2,2,,,1,0,1,4,1,60,5,1,2,0,2,4,1,201900050916B01,7,9,1,242900314
201900050927,2019-05-27,2019,mai,lundi,17:45,31,31107,43.284558,1.18847,2,1,7,1,1,4,2,2,1,1,,,1,4,1,4,1,14,5,1,2,0,0,0,0,201900050927A01,,,,200066819
201900050941,2019-05-02,2019,mai,jeudi,08:00,38,38140,45.266066,5.898214,1,3,3,1,1,3,2,2,3,1,,,1,0,1,4,1,56,1,1,4,0,0,3,1,201900050941B01,7,9,1,200018166
201900050958,2019-05-25,2019,mai,samedi,12:10,84,84066,43.945782,5.300952,1,1,1,1,1,3,2,2,2,3,,,1,0,1,3,1,63,5,1,2,0,2,1,13,201900050958A01,7,1,1,200040624
201900050959,2019-05-25,2019,mai,samedi,12:25,84,84085,43.96887,5.241307,1,1,3,1,1,3,2,2,2,1,,,1,0,1,4,1,54,5,1,2,0,2,8,1,201900050959A01,7,17,1,200040624
201900050986,2019-12-07,2019,décembre,samedi,09:51,62,62043,50.906401,1.932724,2,2,3,1,1,3,2,2,1,1,,,1,0,1,4,1,64,5,1,2,0,2,1,1,201900050986B01,7,1,1,200090751
201900051011,2019-12-07,2019,décembre,samedi,07:30,973,97309,4.923969,-52.283873,2,1,2,1,1,3,2,2,1,1,,,2,0,1,3,1,51,5,1,2,0,2,1,1,201900051011A01,7,2,1,249730045
201900051080,2019-12-02,2019,décembre,lundi,08:30,76,76165,49.2839027,1.012373,2,3,6,1,1,4,2,1,1,1,,,1,0,1,4,1,28,1,2,,0,2,2,1,201900051080B01,7,1,1,200023414
201900051096,2019-12-01,2019,décembre,dimanche,17:00,56,56121,47.73949,-3.39388,2,1,3,1,1,4,2,2,1,2,,,1,0,1,3,1,12,5,1,2,0,2,7,19,201900051096B01,7,1,1,200042174
201900051102,2019-12-04,2019,décembre,mercredi,07:40,44,44143,47.18583,-1.55608,2,1,2,5,1,4,1,0,1,1,,,7,0,1,4,1,53,0,2,,0,2,4,1,201900051102B01,7,9,1,244400404
201900051126,2019-12-05,2019,décembre,jeudi,20:15,75,75105,48.853421,2.344182,2,3,6,5,1,4,2,3,2,1,,,1,0,1,4,1,29,1,1,2,0,2,1,2,201900051126A01,7,2,1,200054781
201900051131,2019-12-05,2019,décembre,jeudi,22:30,75,75116,48.8724919,2.2919798,2,3,6,5,5,4,2,4,1,1,,,1,0,1,4,1,38,1,1,2,0,2,4,3,201900051131A01,2,2,1,200054781
201900051135,2019-12-05,2019,décembre,jeudi,06:50,75,75115,48.8310141,2.2923485,2,3,3,5,8,4,1,2,2,1,,,1,0,1,4,1,41,0,1,2,0,2,1,1,201900051135B01,7,1,1,200054781
201900051190,2019-06-13,2019,juin,jeudi,09:30,34,34129,43.57248,3.89365,2,1,3,1,1,3,3,3,1,1,,,1,0,1,3,2,67,5,1,2 / 6,0,2,1,0,201900051190B01,7,16,1,243400017
201900051199,2019-05-28,2019,mai,mardi,16:00,34,34172,43.60976,3.89551,2,3,3,1,1,4,1,1,1,1,,,1,5,1,4,2,37,0,2,,0,2,0,19,201900051199A01,7,1,1,243400017
201900051200,2019-05-31,2019,mai,vendredi,18:00,34,34172,43.59972,3.87559,2,3,6,1,1,4,2,3,1,1,,,1,0,1,4,2,60,0,1,2,0,2,2,1,201900051200A01,31,1,1,243400017
201900051210,2019-06-15,2019,juin,samedi,19:45,33,33281,44.81479,-0.63479,2,3,3,1,1,4,3,4,1,1,,,1,0,1,3,2,48,0,2,,0,2,1,1,201900051210B01,7,1,1,243300316
201900051211,2019-06-14,2019,juin,vendredi,16:55,33,33063,44.81318,-0.57331,2,3,3,1,1,4,2,2,1,1,,,1,0,1,4,1,42,5,2,,0,0,8,15,201900051211B01,33,17,1,243300316
201900051214,2019-05-22,2019,mai,mercredi,11:30,33,33063,44.869918,-0.550713,2,2,6,1,1,4,1,0,1,1,,,1,0,1,4,1,58,1,2,,0,2,1,1,201900051214B01,7,1,1,243300316
201900051215,2019-06-12,2019,juin,mercredi,13:00,33,33063,44.83824,-0.609304,2,3,2,1,3,4,1,1,1,1,,,2,0,1,4,1,13,2,2,,1,0,1,1,201900051215B01,10,24,1,243300316
201900051218,2019-05-17,2019,mai,vendredi,08:30,33,33063,44.836599,-0.5988884,2,2,6,1,2,4,3,7,1,1,,,2,0,1,1,2,32,0,2,,0,2,0,1,201900051218A01,7,1,1,243300316
201900051221,2019-05-13,2019,mai,lundi,09:30,33,33063,44.83451,-0.58845,2,2,6,1,1,4,3,6,1,1,,,1,0,1,1,1,42,0,2,,0,1,1,1,201900051221A01,,,,243300316
201900051223,2019-06-09,2019,juin,dimanche,01:05,33,33063,44.83799,-0.56772,2,4,3,5,1,4,2,3,1,1,,,1,0,1,4,2,30,0,2,,0,2,8,19,201900051223B01,7,1,1,243300316
201900051249,2019-05-10,2019,mai,vendredi,02:00,33,33063,44.8599767,-0.5645395,2,3,6,5,1,4,1,2,1,1,,,1,0,1,4,1,36,0,2,,0,2,0,1,201900051249B01,7,0,1,243300316
201900051331,2019-02-19,2019,février,mardi,15:20,80,80021,49.88636,2.27714,2,1,3,1,1,4,2,2,2,1,,,1,0,1,4,1,18,0,1,2,0,2,0,1,201900051331B01,7,15,1,248000531
201900051343,2019-02-20,2019,février,mercredi,17:36,45,45285,47.92252,1.88222,2,3,3,1,1,4,2,2,1,1,,,1,0,1,4,2,14,0,2,,0,2,7,16,201900051343A01,37,1,1,244500468
201900051347,2019-02-20,2019,février,mercredi,17:54,37,37233,47.3949086,0.7221094,2,3,3,1,1,4,2,2,1,1,,,1,0,1,4,1,40,0,2,,0,2,7,19,201900051347B01,7,15,1,243700754
201900051390,2019-02-19,2019,février,mardi,23:40,75,75104,48.854055,2.358446,2,1,6,5,1,4,1,2,1,1,,,1,0,1,4,1,56,5,2,,0,2,7,23,201900051390A01,30,15,1,200054781
201900051444,2019-02-20,2019,février,mercredi,15:10,85,85232,46.68439,-1.12997,2,9,7,1,1,3,2,2,2,1,,,1,9,1,4,1,62,5,1,2,14,0,1,1,201900051444A01,,,,248500340
201900051475,2019-02-18,2019,février,lundi,11:20,91,91471,48.696399,2.19657,2,6,3,1,1,4,1,2,1,2,,,1,0,1,4,2,71,0,2,,0,0,0,0,201900051475B01,32,0,1,200056232
201900051487,2019-02-19,2019,février,mardi,17:05,69,69266,45.75491,4.8903,2,1,6,1,1,4,1,1,1,1,,,1,0,1,4,2,20,1,2,,0,1,1,1,201900051487A01,,,,200046977
201900051583,2019-10-28,2019,octobre,lundi,08:35,75,75120,48.86356,2.390032,2,1,3,1,1,4,2,2,2,1,,,1,0,1,4,1,20,0,1,2,0,2,1,1,201900051583B01,7,22,1,200054781
201900051645,2019-09-25,2019,septembre,mercredi,14:15,49,49018,47.625252,-0.095073,1,1,1,1,2,4,-1,2,1,3,,,2,0,1,3,1,14,5,1,2,0,2,1,13,201900051645A01,7,1,1,244900882
201900051666,2019-10-28,2019,octobre,lundi,08:20,40,40175,43.834429,-0.36697,1,3,3,1,1,3,2,2,1,1,,,1,5,1,3,1,67,5,2,,0,2,8,15,201900051666B01,7,15,1,244000824
201900051669,2019-10-28,2019,octobre,lundi,16:40,973,97307,4.892403,-52.348456,1,3,3,1,7,2,2,2,1,1,,,1,5,1,3,1,75,9,2,,0,2,3,15,201900051669B01,7,1,1,249730045
201900051785,2019-01-04,2019,janvier,vendredi,16:40,64,64125,43.43648,-1.5651,2,1,6,1,1,4,2,2,1,1,,,1,0,1,4,1,16,5,1,2,12,0,0,14,201900051785A01,,,,200067106
201900051820,2019-01-07,2019,janvier,lundi,19:55,75,75120,48.868562,2.397606,2,1,3,5,1,4,1,1,2,1,,,1,0,5,4,1,33,0,1,2 / 4,0,2,1,1,201900051820B01,30,9,1,200054781
201900051827,2019-01-07,2019,janvier,lundi,07:25,75,75109,48.876087,2.337122,2,2,3,5,1,4,2,2,1,1,,,1,0,6,4,2,26,1,1,2,0,2,1,8,201900051827A01,10,15,1,200054781
201900051835,2019-01-06,2019,janvier,dimanche,10:45,972,97221,14.522417,-60.966411,1,1,7,1,1,3,2,2,3,1,,,1,0,1,3,1,17,5,2,,0,0,0,21,201900051835A01,,,,249720053
201900051838,2019-01-06,2019,janvier,dimanche,10:30,62,62750,50.574942,2.411124,2,1,3,1,1,3,2,2,1,1,,,1,9,1,3,1,70,5,1,2,0,2,1,1,201900051838B01,21,1,1,200072460
201900051859,2019-01-07,2019,janvier,lundi,12:12,973,97309,4.904838,-52.275044,2,1,1,1,1,4,2,2,1,1,,,1,0,1,3,1,14,2,2,,0,2,7,15,201900051859B01,7,1,1,249730045
201900051892,2019-09-15,2019,septembre,dimanche,17:50,26,26243,44.530272,5.01422,1,1,3,1,1,3,2,2,1,1,,,1,0,1,1,1,28,9,2,,0,2,8,13,201900051892B01,33,17,1,242600492
201900051902,2019-09-25,2019,septembre,mercredi,11:30,13,13080,43.630619,5.456142,1,1,2,1,1,3,2,2,2,1,,,1,0,5,3,2,48,5,1,2 / 4,0,0,4,1,201900051902B01,7,1,1,200054807
201900051905,2019-09-26,2019,septembre,jeudi,07:10,973,97309,4.910082,-52.283829,2,2,7,1,1,4,2,2,1,1,,,1,0,1,4,2,12,2,2,,16,0,7,21,201900051905A01,,,,249730045
201900051957,2019-09-23,2019,septembre,lundi,09:39,87,87085,45.83723,1.25184,2,1,7,1,1,4,2,2,2,1,,,1,0,1,4,2,30,5,2,,0,0,1,1,201900051957A01,,,,248719312
201900051979,2019-09-21,2019,septembre,samedi,16:00,56,56121,47.7472118,-3.376474,2,6,3,1,1,4,2,2,4,1,,,1,5,1,4,1,73,5,1,2,0,2,1,1,201900051979B01,7,9,1,200042174
201900052028,2019-09-23,2019,septembre,lundi,14:05,5,05061,44.53706,6.0627,2,1,7,1,1,3,2,-1,1,1,,,9,0,4,4,1,14,5,1,2,0,0,0,1,201900052028A01,,,,200067825
201900052038,2019-09-24,2019,septembre,mardi,11:00,75,75120,48.867545,2.385091,2,3,1,1,2,4,2,2,2,1,,,2,0,1,4,1,24,9,1,2,0,2,8,13,201900052038B01,37,1,1,200054781
201900052042,2019-09-24,2019,septembre,mardi,07:30,75,75118,48.8993669,2.3441495,2,2,6,1,1,4,2,6,1,1,,,1,0,5,4,1,65,1,1,2,0,2,8,1,201900052042A01,7,14,1,200054781
201900052046,2019-09-24,2019,septembre,mardi,17:50,75,75115,48.846974,2.300203,2,1,3,1,2,4,2,2,1,1,,,2,0,1,4,1,40,5,1,2,0,2,2,1,201900052046B01,7,22,1,200054781
201900052065,2019-08-21,2019,août,mercredi,18:00,67,67118,48.574712,7.686855,2,2,3,1,1,7,3,2,1,1,,,1,0,1,3,1,53,5,1,2,0,2,8,1,201900052065B01,7,1,1,246700488
201900052072,2019-08-23,2019,août,vendredi,07:45,26,26313,44.964257,4.941178,2,2,3,1,1,4,2,2,1,1,,,1,0,1,3,1,54,1,1,2,0,2,1,1,201900052072B01,7,15,1,200068781
201900052082,2019-08-23,2019,août,vendredi,17:20,22,22170,48.447788,-2.857611,2,2,3,1,1,4,2,2,2,1,,,1,0,1,3,2,60,3,2,,0,2,2,1,201900052082A01,7,16,1,200069409
201900052090,2019-08-25,2019,août,dimanche,11:15,62,62054,50.8389662,1.598182,1,3,3,1,1,3,2,2,2,1,,,1,0,1,3,1,55,5,1,2,0,2,1,1,201900052090B01,7,15,1,246200380
201900052130,2019-08-20,2019,août,mardi,11:50,85,85194,46.49848,-1.77665,2,1,6,1,1,4,1,1,1,1,,,1,0,1,4,2,19,1,2,,0,1,1,5,201900052130A01,,,,200071165
201900052147,2019-08-08,2019,août,jeudi,15:20,34,34003,43.28008,3.48095,2,1,3,1,1,4,2,1,1,1,,,1,0,1,3,1,43,1,1,2,0,2,8,1,201900052147B01,7,16,1,243400819
201900052155,2019-08-18,2019,août,dimanche,08:55,22,22106,48.492423,-2.709223,2,9,1,1,1,4,-1,2,1,1,,,1,0,1,4,1,52,3,1,2,0,2,3,21,201900052155B01,7,15,1,200069409
201900052167,2019-08-21,2019,août,mercredi,08:45,75,75112,48.8242006,2.4226909,2,1,2,1,1,4,2,2,1,1,,,1,0,5,4,2,47,1,1,2,0,2,4,2,201900052167B01,80,2,1,200054781
201900052168,2019-08-21,2019,août,mercredi,19:35,75,75104,48.855518,2.357748,2,2,3,1,1,4,2,2,1,1,,,1,0,5,4,2,24,5,1,2,0,2,1,5,201900052168B01,7,15,1,200054781
201900052181,2019-08-06,2019,août,mardi,19:45,86,86165,46.42189,0.866236,2,1,1,1,1,3,2,2,2,3,,,1,0,1,3,1,16,5,2,,0,2,7,13,201900052181A01,7,13,1,200070043
201900052197,2019-08-22,2019,août,jeudi,10:15,15,15153,45.139501,2.230269,2,1,1,1,1,3,2,2,1,1,,,1,0,1,4,2,54,5,1,2 / 6,0,2,1,1,201900052197B01,7,15,1,241501139
201900052221,2019-08-22,2019,août,jeudi,15:00,95,95483,49.107202,1.926968,1,2,3,1,1,3,2,2,1,1,,,1,0,1,3,1,67,5,1,2,0,2,8,2,201900052221B01,10,1,1,200035970
201900052245,2019-03-29,2019,mars,vendredi,07:35,44,44109,47.20702,-1.5723,2,1,5,1,1,7,3,0,1,1,,,1,0,1,3,1,30,1,1,2,0,2,0,19,201900052245B01,7,23 / 1,2,244400404
201900052287,2019-07-11,2019,juillet,jeudi,07:45,69,69387,45.75436,4.84565,2,1,2,1,1,4,2,4,1,1,,,1,0,1,4,1,25,0,2,,0,2,1,2,201900052287A01,7,2,1,200046977
201900052317,2019-07-12,2019,juillet,vendredi,20:10,91,91657,48.70411,2.42874,2,3,6,1,7,4,2,2,1,1,,,1,0,3,4,2,65,0,2,,0,2,1,1,201900052317B01,7,15,1,200058477
201900052320,2019-03-28,2019,mars,jeudi,16:45,29,29232,47.99423,-4.106,2,4,3,1,1,4,1,2,1,3,,,1,0,1,4,1,13,2,2,,0,2,2,19,201900052320B01,7,1,1,200068120
201900052323,2019-07-11,2019,juillet,jeudi,16:58,87,87085,45.82477,1.22882,2,1,6,1,1,4,2,2,1,1,,,1,0,1,4,1,20,5,1,2,1,0,1,1,201900052323B01,7,22,1,248719312
201900052326,2019-07-10,2019,juillet,mercredi,21:45,87,87085,45.83414,1.25987,2,5,3,1,1,4,1,1,2,1,,,1,5,1,4,1,48,5,1,2,0,2,1,1,201900052326B01,7,19,1,248719312
201900052369,2019-03-28,2019,mars,jeudi,10:45,6,06004,43.5553345,7.1336321,2,9,3,1,1,4,2,2,2,1,,,1,0,1,3,1,63,5,1,2,0,2,1,1,201900052369B01,1,1,1,240600585
201900052369,2019-03-28,2019,mars,jeudi,10:45,6,06004,43.5553345,7.1336321,2,9,3,1,1,4,2,2,2,1,,,1,0,1,3,2,63,5,1,2,0,2,3,1,201900052369A01,1,1,1,240600585
201900052383,2019-03-29,2019,mars,vendredi,11:35,75,75105,48.84162,2.363025,2,1,3,1,1,4,2,2,1,1,,,1,0,6,3,1,55,0,2,,0,2,1,7,201900052383B01,7,22,1,200054781
201900052387,2019-03-30,2019,mars,samedi,16:10,75,75105,48.851137,2.3513,2,2,6,1,1,4,2,4,1,1,,,1,8,5,4,1,31,5,1,2,0,1,1,1,201900052387A01,,,,200054781
201900052391,2019-03-28,2019,mars,jeudi,14:40,75,75106,48.848415,2.331664,2,2,3,1,1,4,2,2,1,1,,,1,0,1,4,1,58,5,1,2,0,2,1,18,201900052391B01,13,22,1,200054781
201900052393,2019-03-28,2019,mars,jeudi,11:00,75,75105,48.849409,2.356787,2,2,3,1,1,4,1,2,1,1,,,1,2,5,4,1,21,2,1,2,0,2,1,1,201900052393B01,14,16,1,200054781
201900052395,2019-03-29,2019,mars,vendredi,08:45,75,75120,48.852523,2.406697,2,3,3,1,1,4,2,2,1,1,,,1,0,1,4,1,14,2,2,,0,2,1,9,201900052395B01,7,1,1,200054781
201900052398,2019-07-10,2019,juillet,mercredi,16:20,66,66136,42.69967,2.9283,2,1,7,1,1,4,2,2,2,1,,,1,0,1,3,1,31,0,2,,0,2,0,2,201900052398A01,,,,200027183
201900052402,2019-03-29,2019,mars,vendredi,08:25,75,75119,48.876459,2.378037,2,1,6,1,1,4,2,2,2,2,,,1,6,1,1,2,31,1,2,,11,1,1,13,201900052402A01,,,,200054781
201900052441,2019-07-11,2019,juillet,jeudi,18:00,56,56121,47.74672,-3.36632,2,6,3,1,1,4,2,4,2,1,,,1,0,1,4,1,36,9,2,,0,2,1,1,201900052441B01,7,9,1,200042174
201900052443,2019-07-11,2019,juillet,jeudi,15:58,56,56121,47.75729,-3.38765,2,6,3,1,1,4,1,2,1,1,,,1,5,1,3,1,61,0,2,,0,2,0,1,201900052443B01,7,9,1,200042174
201900052446,2019-07-10,2019,juillet,mercredi,18:00,56,56162,47.71204,-3.47026,2,1,7,1,1,4,2,2,1,1,,,1,0,1,4,2,39,0,2,,12,0,0,0,201900052446A01,,,,200042174
201900052447,2019-03-30,2019,mars,samedi,16:50,75,75101,48.860846,2.330132,2,3,3,1,1,4,2,4,1,1,,,1,1,1,4,2,59,5,1,2,0,2,1,1,201900052447B01,1,19,1,200054781
201900052447,2019-03-30,2019,mars,samedi,16:50,75,75101,48.860846,2.330132,2,3,3,1,1,4,2,4,1,1,,,1,1,1,1,1,17,5,1,2,0,2,4,19,201900052447A01,1,1,1,200054781
201900052469,2019-03-28,2019,mars,jeudi,14:30,94,94060,48.78611,2.57758,2,3,3,1,1,4,1,1,1,1,,,1,0,1,4,1,32,1,2,,0,2,8,23,201900052469B01,7,1,1,200054781
201900052500,2019-07-11,2019,juillet,jeudi,18:30,44,44109,47.259517,-1.51119,2,2,3,1,1,4,2,0,1,1,,,1,0,1,4,1,42,0,1,2,0,2,1,0,201900052500B01,7,16,1,244400404
201900052511,2019-06-19,2019,juin,mercredi,12:10,40,40088,43.7159,-1.05252,2,1,3,1,1,4,2,3,1,1,,,1,0,1,3,1,42,5,2,,0,2,3,2,201900052511B01,2,2,1,244000675
201900052513,2019-03-29,2019,mars,vendredi,18:50,93,93001,48.903838,2.391818,2,3,3,2,1,3,-1,2,1,1,,,1,5,1,4,2,41,1,1,2,0,2,3,9,201900052513B01,7,10,1,200054781
201900052540,2019-07-07,2019,juillet,dimanche,17:00,33,33039,44.80135,-0.54003,2,1,6,1,7,4,2,2,1,4,,,1,0,1,4,1,16,5,2,,0,2,1,19,201900052540B01,7,1,1,243300316
201900052564,2019-07-08,2019,juillet,lundi,11:55,14,14069,49.13026,0.247595,2,3,3,1,1,3,2,2,1,1,,,1,0,1,4,1,64,5,1,2,0,2,1,1,201900052564A01,7,16,1,200069532
201900052588,2019-10-15,2019,octobre,mardi,19:00,84,84037,44.058498,4.834511,2,3,3,2,1,3,2,2,2,1,,,1,0,1,4,1,58,5,1,2,0,2,1,1,201900052588B01,7,1,1,248400236
201900052607,2019-12-05,2019,décembre,jeudi,14:10,29,29135,47.8329096,-4.1750976,2,1,1,1,1,3,2,2,1,1,,,1,0,1,4,1,42,5,1,6,0,2,3,1,201900052607B01,7,15,1,242900702
201900052611,2019-12-05,2019,décembre,jeudi,19:00,83,83025,43.532778,5.981899,1,1,3,3,1,3,3,2,1,1,,,2,0,1,4,1,32,5,1,4 / 9,0,9,0,1,201900052611B01,3,0,1,200040202
201900052614,2019-12-04,2019,décembre,mercredi,17:15,7,07236,45.092721,4.633752,1,1,6,2,1,3,2,2,2,2,,,1,0,1,3,1,63,5,1,2,0,0,0,5,201900052614B01,7,1,1,200073096
201900052696,2019-12-04,2019,décembre,mercredi,18:05,91,91421,48.69565,2.4635,2,3,2,5,1,4,2,1,1,1,,,1,0,1,4,1,15,0,2,,0,2,4,19,201900052696A01,7,1,1,200058477
201900052725,2019-11-27,2019,novembre,mercredi,07:45,67,67462,48.2643369,7.4589385,2,6,3,2,8,3,1,1,1,2,,,2,5,1,4,2,50,1,1,4,0,2,8,2,201900052725B01,15,2,1,246700967
201900052780,2019-05-23,2019,mai,jeudi,16:10,70,70413,47.704992,6.721697,1,1,3,1,1,3,2,2,1,4,,,1,0,1,3,1,61,5,1,2,0,9,8,1,201900052780B01,17,17,1,247000821
201900052787,2019-05-07,2019,mai,mardi,15:15,26,26011,44.714889,5.068519,1,1,3,1,1,3,2,2,1,1,,,1,0,1,3,2,59,5,2,,0,2,8,5,201900052787A01,7,1,1,200040509
201900052800,2019-04-09,2019,avril,mardi,15:25,54,54055,49.015688,6.000589,1,1,3,1,1,3,2,2,1,1,,,1,0,1,3,1,72,5,1,2,0,2,7,1,201900052800B01,7,4,1,200070738
201900052821,2019-05-25,2019,mai,samedi,15:20,6,06068,43.717591,6.971746,1,1,7,1,1,3,2,2,1,1,,,1,0,8,3,1,62,5,2,,10,0,1,1,201900052821A01,,,,240600585
201900052823,2019-05-11,2019,mai,samedi,08:20,6,06112,43.673123,7.006578,2,1,3,1,1,4,2,1,2,3,,,1,0,1,4,1,8,5,2,,0,2,2,5,201900052823B01,10,1,1,240600585
201900052834,2019-05-26,2019,mai,dimanche,10:00,14,14055,49.262233,0.107133,1,1,2,1,1,3,2,2,2,3,,,1,0,1,1,1,56,5,1,2,0,9,4,1,201900052834B01,1,1,1,241400878
201900052834,2019-05-26,2019,mai,dimanche,10:00,14,14055,49.262233,0.107133,1,1,2,1,1,3,2,2,2,3,,,1,0,1,3,1,53,5,1,2,0,9,1,1,201900052834A01,1,1,1,241400878
201900052839,2019-05-31,2019,mai,vendredi,19:00,14,14026,49.210786,-0.593306,2,3,3,1,1,3,2,2,1,1,,,1,0,1,4,2,17,5,2,,0,2,3,15,201900052839B01,7,1,1,200069516
201900052866,2019-05-15,2019,mai,mercredi,17:40,60,60513,49.2101106,2.3782787,2,2,1,1,1,4,2,2,1,1,,,1,5,1,4,1,11,5,1,2,0,2,7,1,201900052866B01,7,1,1,200067973
201900052879,2019-05-14,2019,mai,mardi,11:00,64,64495,43.356179,-1.566878,2,3,3,1,1,3,2,2,2,1,,,1,8,1,4,1,58,5,1,2,0,2,1,1,201900052879B01,7,19,1,200067106
201900052893,2019-04-14,2019,avril,dimanche,11:10,73,73151,45.5073092,6.0236289,1,2,3,1,1,3,2,2,1,1,,,1,0,1,3,1,69,5,1,2,0,2,7,19,201900052893B01,7,1,1,200041010