Num_Acc,date,an,mois,jour,hrmn,dep,com,lat,long,agg,int,col,lum,atm,catr,circ,nbv,prof,plan,lartpc,larrout,surf,infra,situ,grav,sexe,age,trajet,secuexist,equipement,obs,obsm,choc,manv,vehiculeid,typevehicules,manoeuvehicules,numVehicules,_infos_commune.code_epci
201900052895,2019-05-31,2019,mai,vendredi,12:00,18,18037,47.555059,2.183388,1,1,2,1,7,3,2,2,1,1,,,1,0,1,3,1,32,5,1,2,0,2,4,1,201900052895B01,7,17,1,200000933
201900052912,2019-05-02,2019,mai,jeudi,10:20,43,43154,44.769432,3.882181,1,1,5,1,1,2,2,2,2,1,,,1,0,1,4,1,77,5,1,2 / 4,0,2,5,1,201900052912C01,7,17,1,244301123
201900052912,2019-05-02,2019,mai,jeudi,10:20,43,43154,44.769432,3.882181,1,1,5,1,1,2,2,2,2,1,,,1,0,1,3,1,67,5,1,2 / 4,0,2,5,1,201900052912B01,7,17,1,244301123
201900052954,2019-06-04,2019,juin,mardi,16:05,19,19275,45.545899,2.30517,2,3,3,1,1,3,4,3,1,1,,,1,5,1,4,1,15,5,2,,0,2,3,9,201900052954B01,7,15,1,200066744
201900052984,2019-06-08,2019,juin,samedi,17:45,14,14220,49.36178,0.07977,2,1,1,1,1,4,2,4,1,1,,,1,0,1,4,1,12,5,2,,0,2,2,19,201900052984B01,7,1,1,241400415
201900052990,2019-06-01,2019,juin,samedi,19:30,14,14536,49.41162,0.25945,1,6,3,1,7,3,1,2,1,2,,,1,0,1,4,1,40,5,1,2,0,2,3,1,201900052990B01,7,9,1,200066827
201900053092,2019-05-31,2019,mai,vendredi,12:10,13,13004,43.67488,4.63338,2,1,5,1,7,4,2,1,1,1,,,1,0,1,4,1,48,0,2,,0,2,7,19,201900053092B01,13 / 7,23 / 1,2,241300417
201900053145,2019-02-18,2019,février,lundi,19:20,75,75116,48.858468,2.258004,2,1,3,5,1,4,2,4,1,1,,,1,0,1,4,1,48,5,1,2,0,2,8,19,201900053145B01,33,1,1,200054781
201900053148,2019-02-19,2019,février,mardi,19:25,75,75108,48.87146,2.315208,2,1,3,5,1,4,1,2,1,1,,,1,0,1,4,1,57,4,2,,0,2,3,1,201900053148B01,7,22,1,200054781
201900053163,2019-02-18,2019,février,lundi,13:50,77,77227,48.48179,3.31833,1,1,3,1,1,3,2,2,1,1,,,1,0,1,4,1,58,5,1,2 / 6 / 4,0,2,7,2,201900053163B01,7,17,1,200040251
201900053165,2019-02-20,2019,février,mercredi,17:20,32,32213,43.448655,0.884986,1,1,1,1,7,3,2,2,1,1,,,1,0,1,3,1,58,5,1,2,0,2,1,1,201900053165B01,7,1,1,243200599
201900053182,2019-02-18,2019,février,lundi,17:45,973,97309,4.890109,-52.287595,1,3,1,1,1,3,2,2,1,1,,,1,0,1,3,1,68,5,2,,0,2,5,5,201900053182B01,7,0,1,249730045
201900053208,2019-02-18,2019,février,lundi,09:25,69,69386,45.76391,4.85304,2,1,6,1,1,4,1,1,1,1,,,1,0,1,1,1,39,0,2,,0,1,1,1,201900053208A01,,,,200046977
201900053221,2019-02-02,2019,février,samedi,09:05,73,73065,45.5816887,5.887307,2,6,3,1,8,3,2,2,1,1,,,2,9,5,4,1,16,0,2,,0,2,1,1,201900053221A01,3,1,1,200069110
201900053236,2019-02-17,2019,février,dimanche,05:25,56,56121,47.743551,-3.36828,2,3,1,5,8,4,2,2,1,1,,,2,0,1,4,2,21,5,2,,0,2,1,1,201900053236A01,7,1,1,200042174
201900053269,2019-02-18,2019,février,lundi,11:25,6,06123,43.66664,7.19608,2,9,3,1,1,4,1,1,1,2,,,1,9,1,4,1,67,5,2,,0,2,2,15,201900053269B01,7,15,1,200030195
201900053280,2019-02-18,2019,février,lundi,12:15,75,75110,48.87286,2.359124,2,1,3,1,1,4,2,6,1,1,,,1,0,1,4,1,17,1,1,2,0,2,3,10,201900053280A01,32,1,1,200054781
201900053330,2019-01-06,2019,janvier,dimanche,18:15,75,75104,48.848758,2.36462,2,1,1,5,8,4,1,3,1,1,,,2,0,5,1,1,6,5,1,2,0,2,0,13,201900053330A01,50,1,1,200054781
201900053361,2019-01-06,2019,janvier,dimanche,00:35,987,98722,-17.594031,-149.396227,2,1,5,5,3,2,2,2,2,1,,,2,0,1,4,1,55,5,2,,0,2,7,5,201900053361C01,7,1 / 13,2,
201900053367,2019-01-07,2019,janvier,lundi,07:45,67,67526,48.394798,7.58298,2,1,2,2,1,3,2,2,1,1,,,2,0,3,2,1,80,5,2,,0,2,4,1,201900053367A01,7,2,1,200067924
201900053381,2019-09-24,2019,septembre,mardi,20:35,75,75111,48.865639,2.37736,2,2,6,5,1,4,1,1,1,1,,,2,0,1,4,1,26,0,1,2,0,2,1,2,201900053381A01,7,2,1,200054781
201900053463,2019-09-22,2019,septembre,dimanche,16:30,976,97610,-12.746181,45.187838,2,1,1,1,1,4,1,1,4,2,,,1,0,1,3,1,15,5,2,,0,2,1,5,201900053463B01,7,1,1,200060465
201900053477,2019-09-24,2019,septembre,mardi,17:40,83,83036,43.169757,6.533293,2,7,3,1,1,4,2,2,1,1,,,1,9,1,3,1,72,5,2,,0,2,7,1,201900053477B01,38,15,1,200036077
201900053498,2019-01-03,2019,janvier,jeudi,13:25,76,76351,49.50951,0.15226,2,1,3,1,1,4,3,2,1,1,,,1,0,1,4,1,23,5,2,,0,2,7,1,201900053498B01,7,26,1,200084952
201900053540,2019-10-27,2019,octobre,dimanche,15:30,75,75111,48.859137,2.379496,2,3,6,1,2,4,-1,4,1,1,,,2,0,1,4,1,26,0,2,,0,2,3,18,201900053540A01,7,22,1,200054781
201900053551,2019-10-27,2019,octobre,dimanche,01:20,75,75104,48.8553251,2.3527582,2,3,3,5,1,4,2,2,1,1,,,1,0,1,4,1,32,9,2,,0,2,1,15,201900053551A01,7,1,1,200054781
201900053563,2019-09-25,2019,septembre,mercredi,11:30,38,38239,45.32698,5.55578,2,1,2,1,1,3,2,2,1,1,,,1,0,1,3,1,71,5,2,,1,2,8,2,201900053563A01,37,17,1,243800984
201900053572,2019-09-25,2019,septembre,mercredi,10:00,79,79049,46.886099,-0.476962,1,1,2,1,2,3,2,2,1,1,,54,2,0,1,3,1,76,5,1,9,13,2,4,2,201900053572B01,15,2,1,200040244
201900053610,2019-09-22,2019,septembre,dimanche,14:30,71,71040,46.678284,4.3876,2,1,1,1,1,4,2,2,1,1,,,1,0,1,4,1,15,5,2,,0,2,8,19,201900053610A01,7,1,1,247100290
201900053621,2019-10-28,2019,octobre,lundi,14:20,50,50058,49.064946,-1.582761,2,4,3,1,2,4,2,2,2,1,,,2,0,1,4,1,33,3,2,,0,2,1,1,201900053621B01,7,1,1,200067023
201900053644,2019-10-27,2019,octobre,dimanche,18:45,987,98747,-17.751545,-149.240354,1,1,1,5,1,2,2,2,1,1,,,1,0,1,3,1,55,5,2,,0,2,1,5,201900053644B01,32,1,1,
201900053658,2019-10-27,2019,octobre,dimanche,18:40,11,11198,43.2990742,2.541217,1,1,2,3,1,3,2,2,1,1,,,1,0,1,2,1,31,5,2,,0,0,7,2,201900053658B01,7,2,1,200035715
201900053664,2019-10-28,2019,octobre,lundi,15:45,89,89156,47.989288,3.594341,1,1,2,1,1,3,2,2,1,1,,,1,0,1,4,1,19,5,2,,0,2,6,1,201900053664B01,14,14,1,200067304
201900053667,2019-09-21,2019,septembre,samedi,11:33,87,87114,45.83702,1.29394,2,1,6,1,1,3,2,2,1,1,,,1,0,1,4,2,58,5,2,,0,2,8,1,201900053667B01,7,17,1,248719312
201900053668,2019-10-28,2019,octobre,lundi,14:40,38,38565,45.299455,5.628125,2,1,3,1,1,3,3,4,2,1,,,1,0,1,4,1,34,1,2,,0,2,1,1,201900053668B01,7,16,1,243800984
201900053673,2019-10-26,2019,octobre,samedi,17:00,40,40125,43.649984,-1.098184,1,1,3,1,1,3,2,2,2,1,,,1,0,1,3,2,62,5,1,2,0,2,8,2,201900053673B01,7,17,1,244000675
201900053704,2019-09-20,2019,septembre,vendredi,18:08,66,66136,42.69703,2.90036,2,3,3,1,1,4,1,1,1,1,,,1,0,1,4,1,36,9,2,,0,2,1,5,201900053704A01,7,1,1,200027183
201900053705,2019-09-23,2019,septembre,lundi,15:40,64,64445,43.30986,-0.37704,2,1,6,1,1,4,2,2,1,1,,,1,0,1,4,1,26,9,2,,1,0,1,1,201900053705A01,7,22,1,200067254
201900053768,2019-10-26,2019,octobre,samedi,12:55,64,64445,43.30197,-0.37415,2,1,3,1,1,4,1,1,1,1,,,1,0,1,4,1,11,5,2,,1,2,1,5,201900053768A01,7,20,1,200067254
201900053810,2019-10-26,2019,octobre,samedi,16:20,75,75116,48.8625333,2.2868256,2,7,6,1,1,4,1,3,1,2,,,1,0,1,4,1,62,5,1,2,0,2,8,1,201900053810A01,7,16,1,200054781
201900053854,2019-07-11,2019,juillet,jeudi,19:00,6,06027,43.6585189,7.1696198,2,1,6,1,1,7,2,2,1,1,,,1,0,1,4,1,51,5,2,,1,0,1,0,201900053854B01,7,22,1,200030195
201900053866,2019-07-13,2019,juillet,samedi,01:05,75,75105,48.84066,2.353977,2,3,6,5,1,4,1,1,2,3,,,1,0,1,4,2,25,5,1,2,1,0,1,16,201900053866A01,,,,200054781
201900053881,2019-07-11,2019,juillet,jeudi,08:30,75,75116,48.841433,2.269157,2,4,3,1,1,4,2,3,1,1,,,1,0,1,4,1,26,1,1,2,0,2,3,15,201900053881B01,33,1,1,200054781
201900053893,2019-07-13,2019,juillet,samedi,18:10,75,75113,48.822267,2.367827,2,1,6,1,1,4,1,2,1,1,,,1,0,1,4,2,27,5,1,2,0,2,2,1,201900053893B01,7,22,1,200054781
201900053903,2019-07-13,2019,juillet,samedi,18:30,75,75109,48.883605,2.349534,2,2,6,1,1,4,1,2,1,1,,,1,0,5,4,1,56,5,1,2,12,0,1,2,201900053903A01,,,,200054781
201900053905,2019-07-12,2019,juillet,vendredi,08:35,75,75110,48.877325,2.355145,2,2,3,1,1,4,1,1,2,1,,,1,9,5,4,2,56,9,2,,0,2,0,1,201900053905B01,32,16,1,200054781
201900053931,2019-03-30,2019,mars,samedi,15:54,62,62233,50.369306,1.680483,1,1,7,1,1,3,2,2,1,1,,,1,0,3,3,1,68,5,1,2,16,0,0,1,201900053931A01,,,,200069029
201900053932,2019-07-12,2019,juillet,vendredi,16:30,75,75107,48.862401,2.310401,2,2,3,1,1,4,2,2,1,1,,,1,0,1,4,2,18,9,2,,0,2,8,19,201900053932B01,34,1,1,200054781
201900054000,2019-03-31,2019,mars,dimanche,08:30,61,61324,48.477423,-0.782435,1,1,2,1,7,3,2,2,2,1,,,1,0,1,3,1,69,5,2,,0,2,6,1,201900054000B01,7,1,1,200068443
201900054002,2019-03-28,2019,mars,jeudi,16:45,42,42081,45.600437,4.264766,1,3,3,1,1,3,2,2,2,1,,,1,0,1,3,1,17,5,2,,0,2,3,9,201900054002B01,7,1,1,200065894
201900054022,2019-03-29,2019,mars,vendredi,17:05,22,22310,48.615018,-3.236247,2,2,3,1,1,4,2,2,1,1,,,1,0,1,3,1,13,5,2,,0,0,1,26,201900054022A01,7,1,1,200067981
201900054059,2019-07-11,2019,juillet,jeudi,08:30,62,62550,50.37152,2.029225,2,6,5,1,1,3,4,1,1,1,,,1,5,1,4,1,34,5,1,2,0,2,7,19,201900054059C01,7,1,1,200044030
201900054059,2019-07-11,2019,juillet,jeudi,08:30,62,62550,50.37152,2.029225,2,6,5,1,1,3,4,1,1,1,,,1,5,1,4,1,39,5,1,2,0,2,7,15,201900054059B01,7,1,1,200044030
201900054080,2019-07-14,2019,juillet,dimanche,09:20,9,09181,43.068049,1.354333,1,1,1,3,1,3,2,2,2,3,,,2,1,1,3,1,28,5,1,2 / 6,0,2,1,1,201900054080B01,7,1,1,200066223
201900054111,2019-07-12,2019,juillet,vendredi,08:40,35,35085,48.414989,-1.734039,2,1,6,1,2,4,2,2,1,1,,,1,0,5,1,1,17,5,2,,0,1,0,1,201900054111A01,,,,243500733
201900054136,2019-07-12,2019,juillet,vendredi,00:05,74,74112,45.927511,6.084675,2,1,2,5,1,3,2,2,1,1,,,1,2,1,2,1,23,5,2,,0,2,4,2,201900054136B01,7,2,1,200066793
201900054164,2019-08-19,2019,août,lundi,13:10,56,56121,47.73971,-3.37812,2,1,2,1,1,4,2,2,1,1,,,1,0,1,4,2,53,1,1,2,0,2,6,1,201900054164B01,7,2,1,200042174
201900054208,2019-03-23,2019,mars,samedi,17:30,33,33245,44.80487,-0.44099,1,3,3,1,1,3,2,2,1,1,,,1,0,1,3,1,46,5,1,2,0,2,1,2,201900054208B01,10,16,1,243301439
201900054209,2019-03-29,2019,mars,vendredi,10:35,77,77270,48.86729,2.9966,1,1,3,1,1,3,2,2,1,1,,,1,0,1,4,1,19,5,1,2,0,2,3,1,201900054209A01,7,17,1,200090504
201900054252,2019-08-20,2019,août,mardi,20:00,75,75112,48.84978,2.377011,2,2,3,1,1,4,1,2,1,1,,,1,5,5,3,1,29,1,1,2,0,2,6,1,201900054252B01,33,1,1,200054781
201900054257,2019-03-30,2019,mars,samedi,13:30,74,74265,45.802119,6.337926,1,1,7,1,1,3,2,2,2,2,,,1,0,3,2,1,24,5,2,,3,0,2,15,201900054257A01,,,,247400617
201900054258,2019-08-20,2019,août,mardi,07:55,75,75119,48.8986303,2.3704988,2,2,3,1,1,4,2,4,1,1,,,1,0,1,4,1,42,9,1,2,0,2,1,19,201900054258B01,43,1,1,200054781
201900054265,2019-03-31,2019,mars,dimanche,14:35,1,01160,46.2496315,6.1016653,2,4,3,1,1,3,2,2,1,2,,,1,0,1,4,1,54,5,1,2,0,2,5,2,201900054265B01,7,16,1,240100750
201900054268,2019-08-20,2019,août,mardi,14:10,75,75107,48.8624421,2.3015982,2,2,3,1,1,4,2,6,1,1,,,1,8,1,4,1,26,0,1,2,0,2,0,1,201900054268A01,32,1,1,200054781
201900054274,2019-03-26,2019,mars,mardi,13:15,79,79024,46.4148,-0.2467,1,1,3,1,1,4,2,2,1,1,,40,1,0,1,4,2,24,5,2,,0,2,8,9,201900054274A01,7,1,1,200041994
201900054286,2019-03-30,2019,mars,samedi,14:35,59,59611,50.678602,2.97666,1,1,3,1,1,4,2,2,1,2,,,1,0,1,3,1,54,5,2,,0,2,8,1,201900054286B01,7,1,1,200093201
201900054298,2019-08-19,2019,août,lundi,15:25,94,94054,48.741421,2.405006,2,1,6,1,1,4,1,0,2,1,,,1,0,1,4,1,43,0,2,,0,1,0,0,201900054298A01,,,,200054781
201900054312,2019-08-19,2019,août,lundi,12:30,9,09109,43.20389,1.464016,1,3,3,1,1,3,2,2,1,1,,,1,0,1,3,1,38,5,2,,0,2,8,1,201900054312B01,10,15,1,200066223
201900054321,2019-08-19,2019,août,lundi,17:45,56,56186,47.488442,-3.118926,2,1,6,1,1,4,2,2,1,3,,,1,0,5,4,2,31,5,2,,0,1,2,1,201900054321A01,,,,200043123
201900054330,2019-08-20,2019,août,mardi,14:55,41,41043,47.276232,1.493253,2,2,3,1,1,4,2,2,1,1,,,1,0,1,4,1,14,5,2,,0,2,3,15,201900054330A01,7,17,1,200072064
201900054347,2019-08-16,2019,août,vendredi,17:35,66,66065,42.597004,2.974865,2,1,1,1,1,4,2,2,1,1,,,1,0,1,3,2,63,3,2,,0,2,8,1,201900054347B01,7,19,1,200043602
201900054372,2019-08-14,2019,août,mercredi,19:45,63,63014,45.75537,3.14598,2,6,2,1,1,7,1,2,1,1,,,1,0,1,4,1,31,0,1,2,0,2,1,2,201900054372A01,7,2,1,246300701
201900054391,2019-05-17,2019,mai,vendredi,14:30,36,36139,46.791278,1.486205,1,3,3,1,1,3,2,2,1,2,,,1,5,1,4,1,20,5,2,,0,2,3,16,201900054391A01,7,1,1,243600301
201900054420,2019-05-18,2019,mai,samedi,11:55,53,53161,48.129226,-0.57601,1,1,2,1,1,3,2,2,1,1,,,1,0,1,3,1,17,5,1,2,0,2,1,2,201900054420A01,7,23,1,200033298
201900054434,2019-05-27,2019,mai,lundi,13:30,40,40333,43.975431,-0.737651,1,1,2,1,2,3,2,2,1,1,,,2,0,1,3,1,71,5,1,2,1,0,1,1,201900054434B01,7,24,1,244000691
201900054452,2019-05-24,2019,mai,vendredi,15:00,4,04138,43.935062,5.853281,1,3,3,1,1,3,2,2,1,1,,,1,0,1,4,1,67,5,1,2,0,2,3,15,201900054452B01,7,17,1,240400440
201900054462,2019-05-19,2019,mai,dimanche,05:20,85,85234,46.79961,-2.05961,2,1,2,3,1,3,2,2,1,1,,,1,0,1,2,1,31,5,2,,0,0,4,1,201900054462A01,7,2,1,248500258
201900054467,2019-05-14,2019,mai,mardi,11:30,85,85146,46.97041,-1.30751,2,6,3,1,1,4,-1,2,1,2,,,1,5,1,4,1,13,0,2,,0,2,1,19,201900054467B01,7,26,1,200070233
201900054483,2019-05-29,2019,mai,mercredi,15:40,17,17385,45.927415,-1.284296,1,2,3,1,1,3,2,2,1,1,,,1,5,1,3,2,67,5,1,2,0,2,3,19,201900054483A01,13,1,1,241700624
201900054511,2019-05-29,2019,mai,mercredi,13:50,30,30325,43.97494,3.716526,2,1,3,1,1,3,2,2,1,1,,,1,0,4,3,1,9,5,1,2,0,2,1,5,201900054511B01,7,5,1,243400736
201900054524,2019-05-31,2019,mai,vendredi,15:30,48,48013,44.533156,3.54576,2,3,3,1,1,4,2,2,2,1,,,1,0,1,3,1,71,5,1,2 / 6,0,2,1,1,201900054524B01,7,15,1,244800405
201900054575,2019-05-06,2019,mai,lundi,12:40,35,35210,48.148471,-1.762833,2,6,3,1,1,4,2,2,1,1,,,1,0,1,4,1,25,5,1,2,0,2,1,1,201900054575B01,7,9,1,243500139
201900054584,2019-05-02,2019,mai,jeudi,17:15,973,97309,4.9069697,-52.2776076,2,1,3,1,1,4,2,2,1,1,,,1,9,1,4,1,14,9,2,,0,2,3,19,201900054584B01,7,1,1,249730045
201900054625,2019-11-30,2019,novembre,samedi,13:00,75,75116,48.850508,2.2670711,2,1,6,1,1,4,1,2,1,1,,,1,0,1,3,1,50,5,1,2,1,0,1,14,201900054625A01,,,,200054781
201900054628,2019-12-04,2019,décembre,mercredi,16:50,75,75115,48.841102,2.287892,2,2,3,1,1,4,2,3,1,1,,,1,5,1,4,1,31,1,1,2,0,2,8,1,201900054628B01,7,15,1,200054781
201900054634,2019-12-04,2019,décembre,mercredi,20:40,75,75111,48.85591,2.36918,2,2,3,5,1,4,1,2,1,1,,,1,0,1,4,1,47,0,1,2,0,2,8,19,201900054634B01,7,1,1,200054781
201900054648,2019-12-04,2019,décembre,mercredi,19:05,93,93053,48.8994066,2.4587288,2,9,2,5,1,3,1,3,1,3,,,1,9,1,4,1,54,1,1,2,0,1,4,16,201900054648A01,7,16,1,200054781
201900054674,2019-11-29,2019,novembre,vendredi,10:10,44,44102,47.0420093,-1.4739259,1,1,3,1,7,3,2,2,1,1,,,1,0,1,4,1,73,5,1,2,0,2,8,2,201900054674B01,7,2,1,244400438
201900054724,2019-12-03,2019,décembre,mardi,18:00,75,75116,48.8717439,2.2953808,2,4,3,2,1,4,2,2,1,1,,,1,0,1,4,1,38,4,2,,0,2,8,17,201900054724A01,7,23,1,200054781
201900054727,2019-12-03,2019,décembre,mardi,08:30,75,75112,48.841909,2.375954,2,1,6,1,1,4,2,2,1,1,,,1,0,1,4,2,50,1,1,2,0,2,8,1,201900054727A01,7,17,1,200054781
201900054766,2019-12-03,2019,décembre,mardi,16:25,3,03076,46.5912077,3.4012275,1,1,2,2,7,3,2,2,1,1,,,1,0,1,3,1,63,5,1,2,0,0,4,1,201900054766B01,7,1,1,200071140
201900054774,2019-12-04,2019,décembre,mercredi,11:00,85,85277,46.50228,-1.34789,1,2,3,1,1,3,2,2,2,3,,,1,0,1,3,1,53,5,2,,0,2,1,1,201900054774A01,7,15,1,200071900
201900054776,2019-02-19,2019,février,mardi,09:50,76,76669,49.6849082,0.3172731,1,2,1,1,1,3,2,2,2,1,,,2,5,1,4,1,41,5,1,2 / 6,0,2,1,2,201900054776B01,7,2,1,247600505
201900054782,2019-02-18,2019,février,lundi,13:10,39,39132,46.82759,5.467357,1,2,3,1,1,3,2,2,1,1,,,1,0,1,3,2,16,5,1,2,0,2,3,19,201900054782A01,7,1,1,200069615
201900054809,2019-02-19,2019,février,mardi,17:35,55,55120,48.753039,5.126783,1,1,2,1,1,3,2,2,1,1,,,1,0,1,3,2,54,1,1,2 / 4 / 6,0,0,4,2,201900054809B01,7,2,1,200033025
201900054810,2019-02-17,2019,février,dimanche,16:33,69,69255,45.73675,4.68366,2,2,3,2,7,3,2,2,2,1,,,1,0,1,4,1,47,5,1,2,0,2,1,1,201900054810B01,7,15,1,246900724
201900054812,2019-02-18,2019,février,lundi,14:50,69,69072,45.806072,4.736525,1,1,2,1,1,3,2,2,1,1,,,1,0,1,4,1,67,5,1,2,0,2,6,2,201900054812B01,33,2,1,200046977
201900054821,2019-02-19,2019,février,mardi,16:00,80,80421,49.782405,2.790898,1,1,3,1,1,3,2,2,1,1,,,1,0,1,3,1,47,5,2,,0,0,8,2,201900054821A01,7,17,1,200070977
201900054877,2019-06-14,2019,juin,vendredi,11:15,6,06123,43.6764,7.1909,2,1,1,1,1,7,2,2,1,1,,,1,0,1,4,2,32,5,1,2,0,2,8,26,201900054877A01,7,1,1,200030195
201900054900,2019-06-08,2019,juin,samedi,08:39,6,06004,43.5999,7.12549,2,1,6,1,1,3,2,4,1,1,,,1,0,1,3,1,60,5,2,,0,2,4,1,201900054900C01,7,14,1,240600585
201900054900,2019-06-08,2019,juin,samedi,08:39,6,06004,43.5999,7.12549,2,1,6,1,1,3,2,4,1,1,,,1,0,1,3,1,66,5,2,,0,2,4,2,201900054900B01,7,14,1,240600585
201900054905,2019-06-08,2019,juin,samedi,17:45,5,05061,44.55345,6.07873,2,1,2,1,1,3,2,2,2,1,,,1,0,1,4,1,69,5,1,2,0,2,1,2,201900054905A01,1,2,1,200067825
201900054905,2019-06-08,2019,juin,samedi,17:45,5,05061,44.55345,6.07873,2,1,2,1,1,3,2,2,2,1,,,1,0,1,1,2,63,5,1,2,0,2,4,2,201900054905B01,1,2,1,200067825
201900054911,2019-02-16,2019,février,samedi,09:20,69,69259,45.72204,4.8796,2,1,3,1,7,4,1,1,1,1,,,1,0,1,4,1,78,9,1,2,0,2,7,15,201900054911B01,10,1,1,200046977
201900054914,2019-06-14,2019,juin,vendredi,07:50,5,05023,44.90153,6.6443,2,1,1,1,8,2,2,2,1,1,,,1,0,1,3,1,53,5,1,2,0,2,1,1,201900054914B01,7,15,1,240500439
201900054921,2019-02-14,2019,février,jeudi,19:05,69,69388,45.72282,4.87746,2,3,3,5,1,4,2,2,1,1,,,1,0,1,4,1,20,4,2,,0,2,8,19,201900054921B01,7,15,1,200046977
201900054925,2019-06-18,2019,juin,mardi,15:59,3,03185,46.3480127,2.6022499,2,6,3,1,1,4,1,2,1,2,,,1,9,1,3,1,51,3,2,,0,2,4,1,201900054925B01,7,16,1,200071082
201900054952,2019-02-15,2019,février,vendredi,14:05,69,69384,45.77991,4.83978,2,1,3,1,1,4,2,2,4,3,,,1,0,1,4,1,20,4,2,,0,2,1,1,201900054952B01,7,1,1,200046977
201900055008,2019-06-19,2019,juin,mercredi,13:02,75,75104,48.850781,2.361428,2,2,3,1,1,4,1,1,1,1,,,1,0,5,3,2,58,9,2,,0,2,1,1,201900055008B01,7,16,1,200054781
201900055039,2019-05-29,2019,mai,mercredi,14:10,75,75118,48.900388,2.359075,2,1,3,1,1,4,1,2,2,1,,,1,0,1,4,1,40,5,2,,0,2,1,5,201900055039B01,33,1,1,200054781
201900055048,2019-06-11,2019,juin,mardi,15:39,75,75106,48.84531,2.325275,2,1,3,1,1,4,2,2,1,1,,,1,0,5,4,1,21,5,1,2,0,2,5,1,201900055048B01,7,9,1,200054781
201900055059,2019-06-18,2019,juin,mardi,16:45,75,75120,48.868305,2.388171,2,2,3,1,1,4,2,5,2,1,,,1,0,1,4,1,23,5,2,,0,2,1,14,201900055059A01,7,23,1,200054781
201900055084,2019-06-19,2019,juin,mercredi,17:45,75,75119,48.898178,2.385991,2,2,3,1,1,4,1,4,1,1,,,1,0,5,4,1,47,1,2,,0,2,1,1,201900055084B01,7,22,1,200054781
201900055093,2019-06-08,2019,juin,samedi,16:10,75,75119,48.889646,2.382605,2,4,6,1,1,4,2,2,1,1,,,1,0,5,4,1,24,1,1,2,0,1,1,1,201900055093A01,,,,200054781
201900055103,2019-06-07,2019,juin,vendredi,09:01,75,75119,48.885419,2.370556,2,1,6,1,8,4,1,3,1,1,,,1,0,6,4,2,52,0,1,2,0,2,1,7,201900055103A01,7,14,1,200054781
201900055107,2019-06-01,2019,juin,samedi,09:48,75,75119,48.89013,2.383566,2,3,6,1,1,4,2,2,1,1,,,1,0,5,1,1,28,1,2,,0,1,3,1,201900055107A01,,,,200054781
201900055127,2019-01-02,2019,janvier,mercredi,16:05,42,42187,46.05484,4.08078,2,8,3,1,1,4,3,2,1,1,,,1,4,1,3,1,35,5,1,2,0,2,7,26,201900055127A01,7,1,1,200035731
201900055155,2019-01-02,2019,janvier,mercredi,18:35,26,26058,44.94853,4.89279,2,6,3,2,1,4,2,2,1,1,,,1,0,1,3,1,57,0,1,2,0,2,0,0,201900055155B01,7,9,1,200068781
201900055200,2019-10-26,2019,octobre,samedi,15:15,65,65185,43.273309,-0.115507,1,1,3,1,1,3,2,2,2,1,,,1,0,1,3,1,82,5,1,2 / 9,0,2,8,1,201900055200B01,0,13,1,200069300
201900055247,2019-01-05,2019,janvier,samedi,09:05,75,75120,48.869655,2.382176,2,2,7,1,1,4,2,2,2,1,,,1,0,1,4,1,61,5,1,2,0,0,0,1,201900055247A01,,,,200054781
201900055251,2019-01-03,2019,janvier,jeudi,19:43,75,75120,48.862665,2.410982,2,2,6,5,1,4,2,5,2,1,,,1,0,1,4,1,23,5,1,2,0,2,1,1,201900055251A01,7,1,1,200054781
201900055277,2019-10-27,2019,octobre,dimanche,13:15,38,38059,45.13108,5.77665,2,3,3,1,1,3,2,2,2,1,,,1,0,1,2,1,48,5,1,2,0,2,1,1,201900055277B01,21,15,1,200040715
201900055297,2019-01-03,2019,janvier,jeudi,13:35,75,75114,48.831432,2.338012,2,3,3,1,1,4,2,2,1,1,,,1,0,1,4,2,29,1,1,2,0,2,1,1,201900055297A01,7,15,1,200054781
201900055343,2019-09-23,2019,septembre,lundi,19:45,75,75117,48.8838196,2.3047593,2,2,3,2,1,4,2,2,1,1,,,1,0,1,4,1,22,1,1,2,0,2,1,1,201900055343B01,7,15,1,200054781
201900055367,2019-09-23,2019,septembre,lundi,16:10,75,75113,48.8294431,2.3562697,2,1,3,1,1,4,2,4,2,1,,,1,0,5,4,1,27,5,1,2,0,2,1,1,201900055367B01,7,22,1,200054781
201900055373,2019-09-23,2019,septembre,lundi,13:30,75,75111,48.8540016,2.3689672,2,4,2,1,1,4,3,3,1,1,,,1,5,1,4,2,47,5,1,2,0,2,5,14,201900055373A01,10,1,1,200054781
201900055400,2019-10-25,2019,octobre,vendredi,07:15,91,91201,48.68778,2.42391,2,2,3,2,1,4,1,1,1,1,,,1,0,-1,4,1,19,0,2,,0,2,1,26,201900055400B01,3,26,1,200058477