Num_Acc,date,an,mois,jour,hrmn,dep,com,lat,long,agg,int,col,lum,atm,catr,circ,nbv,prof,plan,lartpc,larrout,surf,infra,situ,grav,sexe,age,trajet,secuexist,equipement,obs,obsm,choc,manv,vehiculeid,typevehicules,manoeuvehicules,numVehicules,_infos_commune.code_epci
201900055406,2019-10-24,2019,octobre,jeudi,15:40,85,85194,46.50229,-1.74084,2,6,3,1,8,4,2,2,1,1,,,2,5,1,4,2,55,5,2,,0,2,7,2,201900055406B01,7,0,1,200071165
201900055432,2019-09-19,2019,septembre,jeudi,16:50,38,38425,45.400137,4.772161,2,1,6,1,1,4,2,2,2,1,,,1,0,4,3,1,13,5,2,,12,0,1,5,201900055432A01,,,,200085751
201900055440,2019-09-11,2019,septembre,mercredi,14:00,49,49355,47.134976,-0.811896,1,1,7,1,1,3,2,2,1,1,,,1,0,1,2,1,72,5,1,2,0,0,0,1,201900055440A01,,,,200071678
201900055458,2019-09-18,2019,septembre,mercredi,17:30,63,63180,45.86363,3.302087,2,1,1,1,1,3,2,2,1,1,,,1,0,1,4,1,31,5,1,2,0,2,3,1,201900055458B01,7,15,1,246301097
201900055480,2019-09-14,2019,septembre,samedi,11:00,43,43062,45.067954,3.773363,2,1,6,1,1,4,2,2,2,1,,,1,0,1,3,1,71,5,1,2,0,5,1,1,201900055480A01,,,,200073419
201900055483,2019-09-23,2019,septembre,lundi,15:00,53,53097,48.150573,-0.395925,2,6,3,1,1,4,1,1,1,2,,,1,5,1,4,1,55,5,2,,0,2,7,1,201900055483A01,7,1,1,200033298
201900055500,2019-10-25,2019,octobre,vendredi,19:25,59,59426,50.756135,3.163629,1,1,2,3,1,7,2,0,1,1,,,1,9,1,4,1,19,0,1,2,0,0,0,0,201900055500B01,7,17,1,200093201
201900055510,2019-09-23,2019,septembre,lundi,16:50,974,97415,-21.07516,55.227369,2,6,3,2,1,4,2,2,1,1,,,1,0,1,3,1,57,5,1,2,0,2,5,1,201900055510B01,7,9,1,249740101
201900055528,2019-09-23,2019,septembre,lundi,19:40,38,38317,45.129867,5.695518,2,1,3,2,1,7,2,2,1,1,,,1,0,1,4,2,12,5,2,,0,2,8,1,201900055528A01,7,1,1,200040715
201900055548,2019-01-01,2019,janvier,mardi,10:45,974,97413,-21.143998,55.272366,1,1,4,1,1,2,2,2,1,1,,,1,0,5,3,1,50,5,1,2,0,2,4,0,201900055548C01,7,0,1,249740101
201900055548,2019-01-01,2019,janvier,mardi,10:45,974,97413,-21.143998,55.272366,1,1,4,1,1,2,2,2,1,1,,,1,0,5,3,1,48,5,1,2,0,2,4,0,201900055548B01,7,0,1,249740101
201900055613,2019-10-25,2019,octobre,vendredi,15:45,29,29019,48.39884,-4.49449,2,1,3,1,1,4,2,0,1,1,,,1,0,1,4,1,28,0,2,,0,2,1,19,201900055613B01,37,1,1,242900314
201900055644,2019-09-19,2019,septembre,jeudi,08:30,75,75116,48.8622868,2.2383142,2,2,3,1,1,4,-1,2,1,1,,,1,0,5,4,1,41,5,1,2,0,2,1,17,201900055644B01,1,13,1,200054781
201900055644,2019-09-19,2019,septembre,jeudi,08:30,75,75116,48.8622868,2.2383142,2,2,3,1,1,4,-1,2,1,1,,,1,0,5,1,2,18,2,1,2,0,2,8,13,201900055644A01,1,17,1,200054781
201900055647,2019-09-21,2019,septembre,samedi,11:25,75,75115,48.8332625,2.2993017,2,1,6,1,1,4,2,2,1,1,,,1,0,1,1,1,46,5,1,2,0,1,1,1,201900055647A01,,,,200054781
201900055648,2019-09-21,2019,septembre,samedi,08:15,75,75115,48.8399731,2.2903582,2,2,7,1,1,4,2,3,1,1,,,1,5,1,4,2,59,5,1,2,0,0,8,21,201900055648A01,,,,200054781
201900055649,2019-09-22,2019,septembre,dimanche,10:16,75,75113,48.8419153,2.3678797,2,2,3,1,8,4,2,4,3,1,,,1,0,6,4,1,35,5,1,2,0,2,1,7,201900055649B01,7,15,1,200054781
201900055670,2019-09-23,2019,septembre,lundi,14:15,68,68315,47.885417,7.227546,2,1,1,1,1,4,1,1,4,1,,,1,0,1,4,1,15,5,2,,0,2,1,1,201900055670B01,7,1,1,246800569
201900055684,2019-07-10,2019,juillet,mercredi,18:25,86,86209,46.470766,0.39671,1,2,3,2,7,3,2,2,2,1,,,1,0,1,4,2,59,5,1,6 / 2,0,2,1,1,201900055684B01,7,19,1,200043628
201900055686,2019-07-12,2019,juillet,vendredi,17:50,68,68115,47.749096,7.092541,2,3,1,1,1,3,2,2,1,1,,,1,0,1,4,1,73,5,1,2,0,2,1,1,201900055686B01,7,15,1,246800676
201900055691,2019-07-05,2019,juillet,vendredi,16:30,44,44063,47.076289,-1.248501,2,3,3,1,1,4,2,2,2,1,,,1,0,1,4,1,12,5,2,,0,2,7,26,201900055691B01,7,1,1,200067635
201900055698,2019-06-21,2019,juin,vendredi,14:20,38,38039,45.271896,5.868795,2,1,2,1,1,3,2,2,2,1,,,1,0,1,4,1,60,5,1,2,0,2,1,1,201900055698B01,7,15,1,200018166
201900055715,2019-07-13,2019,juillet,samedi,05:10,14,14738,49.155337,-0.460284,1,3,2,2,1,3,2,2,4,1,,,1,0,1,4,1,58,1,1,2 / 4 / 9,0,0,4,1,201900055715A01,7,0,1,200065597
201900055722,2019-07-12,2019,juillet,vendredi,09:55,73,73159,45.4710523,6.0785374,1,2,3,1,1,3,2,2,3,1,,,1,0,1,4,1,49,5,1,2,0,2,1,19,201900055722B01,7,1,1,200041010
201900055736,2019-07-12,2019,juillet,vendredi,11:10,4,04166,43.818407,6.101075,2,1,7,1,1,3,2,2,2,1,,,1,0,1,4,1,15,5,1,2,0,0,8,1,201900055736A01,,,,200034700
201900055775,2019-07-05,2019,juillet,vendredi,17:00,77,77183,48.945052,3.129435,2,1,3,1,1,4,2,2,1,1,,,1,0,1,4,1,41,3,2,,0,9,5,15,201900055775A01,1,1,1,200090504
201900055777,2019-07-12,2019,juillet,vendredi,13:00,95,95301,49.076529,1.679851,2,1,1,1,1,3,2,2,1,1,,,1,0,1,3,1,69,5,1,6,0,2,1,1,201900055777B01,7,13,1,249500513
201900055785,2019-06-16,2019,juin,dimanche,11:00,83,83071,43.176724,6.21233,1,1,7,1,1,3,2,2,1,1,,,1,0,1,3,1,66,5,1,2,0,0,0,0,201900055785A01,,,,200027100
201900055788,2019-07-12,2019,juillet,vendredi,10:30,83,83059,43.333366,6.0748,1,1,2,1,1,3,2,2,1,1,,,1,0,1,3,1,85,5,1,2,0,2,4,1,201900055788B01,7,1,1,200068104
201900055789,2019-07-13,2019,juillet,samedi,07:40,6,06075,43.829863,7.239129,1,1,1,1,7,7,2,2,2,2,,,1,0,1,3,1,73,5,1,2,0,2,1,13,201900055789A01,2,1,1,200030195
201900055801,2019-07-10,2019,juillet,mercredi,19:30,68,68223,48.026734,7.086759,2,3,1,1,1,4,2,2,4,1,,,1,0,1,4,1,9,5,1,2,0,2,7,1,201900055801B01,7,15,1,246800585
201900055812,2019-07-12,2019,juillet,vendredi,09:40,33,33243,44.906832,-0.235048,2,1,3,1,7,4,2,2,1,1,,,1,0,1,4,1,86,0,2,,0,2,7,0,201900055812B01,7,0,1,200070092
201900055833,2019-07-13,2019,juillet,samedi,10:30,91,91377,48.7274,2.2882,1,1,3,1,1,3,3,3,1,1,,,1,0,3,4,1,72,0,1,2,0,2,4,2,201900055833B01,10,2,1,200056232
201900055917,2019-03-27,2019,mars,mercredi,18:45,974,97416,-20.94432,55.64933,1,1,6,3,2,3,2,2,2,1,,,1,0,1,3,1,34,0,2,,0,2,1,1,201900055917B01,7,15,1,249740077
201900055946,2019-03-26,2019,mars,mardi,17:15,64,64445,43.32314,-0.34589,2,3,3,1,1,4,2,2,1,1,,,1,0,1,4,2,73,5,2,,0,2,1,1,201900055946B01,7,15,1,200067254
201900055951,2019-03-26,2019,mars,mardi,09:05,56,56107,47.70958,-3.3844,2,6,3,1,1,4,2,2,1,1,,,1,5,1,4,2,41,0,1,2,0,2,7,0,201900055951B01,7,9,1,200042174
201900056003,2019-03-27,2019,mars,mercredi,09:15,75,75106,48.852917,2.336982,2,2,3,1,1,4,1,3,1,1,,,1,0,6,4,2,61,5,2,,0,2,4,7,201900056003B01,10,16,1,200054781
201900056015,2019-03-27,2019,mars,mercredi,10:10,75,75107,48.853957,2.309531,2,2,3,1,1,4,2,3,1,1,,,1,0,1,4,1,85,5,2,,0,2,1,1,201900056015A01,33,1,1,200054781
201900056067,2019-08-16,2019,août,vendredi,16:10,56,56107,47.71786,-3.37001,2,1,6,1,2,6,-1,-1,1,1,,,2,0,1,4,2,59,5,1,2,12,0,7,14,201900056067A01,,,,200042174
201900056094,2019-08-19,2019,août,lundi,19:15,14,14338,49.3,0.076,2,3,1,1,1,4,1,1,1,1,,,1,0,1,4,1,16,5,2,,0,2,1,0,201900056094B01,7,19,1,200065563
201900056103,2019-08-18,2019,août,dimanche,16:10,75,75117,48.8818519,2.2855592,2,3,3,1,1,4,2,5,1,1,,,1,0,1,4,1,67,5,1,2,0,2,1,5,201900056103A01,7,1,1,200054781
201900056132,2019-08-20,2019,août,mardi,14:30,83,83070,43.159079,6.432396,2,1,2,1,7,4,2,2,2,3,,,1,0,1,4,2,66,5,1,2,12,0,4,1,201900056132B01,2,1,1,200027100
201900056137,2019-08-20,2019,août,mardi,17:55,80,80410,49.762247,3.079892,1,1,3,1,1,3,2,2,1,1,,,1,0,5,3,1,18,0,2,,0,2,9,15,201900056137B01,14,17,1,200070985
201900056147,2019-08-20,2019,août,mardi,05:30,26,26178,44.666627,5.428438,1,1,3,3,1,3,2,2,1,1,,,2,0,1,3,1,29,3,1,9,0,2,2,1,201900056147A01,7,0,1,242600534
201900056171,2019-08-20,2019,août,mardi,14:05,974,97418,-20.89778,55.533525,2,4,3,1,1,4,2,2,2,1,,,1,0,1,3,1,18,5,2,,0,2,1,1,201900056171B01,17,15,1,249740119
201900056181,2019-08-18,2019,août,dimanche,10:05,74,74155,46.282489,6.520466,2,2,3,1,1,3,2,2,2,1,,,1,0,1,4,1,67,5,1,2,0,2,1,1,201900056181B01,7,9,1,247400682
201900056187,2019-08-18,2019,août,dimanche,10:45,29,29198,48.584195,-4.281803,1,1,2,1,1,3,2,2,1,1,,,1,0,1,3,1,72,5,1,2,0,2,1,2,201900056187A01,1,2,1,242900793
201900056187,2019-08-18,2019,août,dimanche,10:45,29,29198,48.584195,-4.281803,1,1,2,1,1,3,2,2,1,1,,,1,0,1,1,1,74,5,1,2,0,2,4,2,201900056187B01,1,2,1,242900793
201900056203,2019-06-19,2019,juin,mercredi,08:55,91,91657,48.69939,2.41708,2,1,2,1,1,4,1,2,2,1,,,1,0,1,4,2,60,0,1,2,0,2,1,1,201900056203B01,7,23,1,200058477
201900056210,2019-08-17,2019,août,samedi,11:00,74,74281,46.3521349,6.4396622,1,1,5,1,1,3,2,2,2,2,,,1,2,1,4,1,83,5,1,2,0,0,0,0,201900056210C01,7,17 / 0,2,200067551
201900056213,2019-08-18,2019,août,dimanche,11:50,64,64189,43.38339,-1.66749,2,1,2,1,1,4,2,2,1,1,,,1,0,1,4,1,67,0,2,,0,2,1,2,201900056213A01,7,1,1,200067106
201900056231,2019-08-17,2019,août,samedi,13:45,3,03185,46.3527198,2.5878609,2,1,6,1,1,4,2,4,1,1,,,1,0,1,3,2,64,5,2,,1,0,1,21,201900056231B01,7,22,1,200071082
201900056240,2019-05-13,2019,mai,lundi,12:30,6,06152,43.6444471,7.0492435,1,6,3,1,1,3,-1,2,1,2,,,1,0,1,3,1,52,5,1,2,0,2,7,1,201900056240B01,7,26,1,240600585
201900056302,2019-05-13,2019,mai,lundi,16:40,86,86096,46.81375,0.316845,1,2,3,1,1,3,2,2,1,1,,,1,5,1,3,1,71,0,2,,0,2,8,19,201900056302A01,17,1,1,248600413
201900056353,2019-02-13,2019,février,mercredi,08:35,64,64284,43.2857279,-0.3995755,2,6,2,1,1,3,2,2,1,1,,,1,0,1,4,1,41,9,1,2,0,2,6,0,201900056353B01,7,9,1,200067254
201900056362,2019-12-02,2019,décembre,lundi,11:30,75,75116,48.858211,2.255027,2,1,3,1,1,4,2,2,1,1,,,1,0,5,4,1,44,1,1,2,0,2,7,5,201900056362B01,7,16,1,200054781
201900056394,2019-12-02,2019,décembre,lundi,18:00,75,75111,48.864032,2.370751,2,2,3,5,1,4,1,3,1,1,,,1,0,5,4,1,35,0,1,2,0,2,3,1,201900056394B01,7,15,1,200054781
201900056415,2019-02-13,2019,février,mercredi,19:55,56,56121,47.73586,-3.37473,2,6,3,4,1,3,2,2,1,1,,,1,0,1,4,1,26,5,2,,0,2,7,19,201900056415B01,7,16,1,200042174
201900056440,2019-02-12,2019,février,mardi,19:35,50,50129,49.63501,-1.60095,2,2,3,5,1,3,3,4,1,1,,,1,5,1,3,1,35,0,2,,0,2,1,19,201900056440A01,7,1,1,200067205
201900056442,2019-02-15,2019,février,vendredi,17:40,47,47323,44.4148,0.76179,1,3,3,1,7,4,2,2,1,1,,,1,0,1,3,1,48,5,1,2,0,2,7,1,201900056442B01,7,16,1,200023307
201900056452,2019-05-25,2019,mai,samedi,12:50,973,97305,5.0011941,-52.4583119,1,1,3,1,1,2,2,2,1,1,,,1,0,1,3,1,17,5,2,,0,2,8,1,201900056452B01,7,17,1,249730045
201900056564,2019-05-22,2019,mai,mercredi,19:30,95,95351,49.048044,2.50645,2,3,3,1,1,3,2,2,2,1,,,1,0,1,3,1,46,5,1,2 / 6 / 9,14,2,1,1,201900056564A01,13,15,1,200055655
201900056580,2019-06-18,2019,juin,mardi,20:40,75,75117,48.892101,2.325641,2,1,1,1,1,4,1,2,1,1,,,1,0,5,4,1,37,1,1,2,0,2,1,1,201900056580B01,32,13,1,200054781
201900056585,2019-06-17,2019,juin,lundi,15:55,75,75117,48.885391,2.291303,2,7,6,1,1,4,3,2,1,1,,,1,0,1,4,1,47,5,2,,12,0,1,15,201900056585A01,,,,200054781
201900056600,2019-05-12,2019,mai,dimanche,10:35,78,78062,48.850651,1.894942,1,3,3,1,1,3,2,2,2,1,,,1,5,1,3,1,30,5,1,2,0,2,1,1,201900056600B01,7,15,1,247800618
201900056602,2019-12-02,2019,décembre,lundi,15:29,88,88196,48.075905,6.876399,2,2,3,1,1,3,2,2,1,1,,,1,0,5,4,1,39,0,2,,0,2,1,1,201900056602B01,7,15,1,200096642
201900056610,2019-05-12,2019,mai,dimanche,12:00,78,78590,48.686398,1.981136,1,1,6,1,1,3,2,2,1,2,,,1,0,1,4,1,42,5,1,2,0,2,1,0,201900056610B01,33,13,1,200033173
201900056613,2019-06-11,2019,juin,mardi,11:05,75,75117,48.88491,2.325034,2,3,6,1,1,4,1,1,1,1,,,1,0,1,1,1,26,1,1,2,0,1,1,15,201900056613A01,,,,200054781
201900056635,2019-06-02,2019,juin,dimanche,23:47,75,75117,48.891109,2.318052,2,3,3,5,1,4,2,2,1,1,,,1,0,1,4,1,28,5,2,,0,2,3,13,201900056635A01,7,1,1,200054781
201900056663,2019-05-09,2019,mai,jeudi,08:50,66,66037,42.697049,3.029858,2,6,3,1,1,4,2,2,1,2,,,1,0,1,4,1,64,5,1,2,0,0,8,1,201900056663B01,7,1,1,200027183
201900056666,2019-06-13,2019,juin,jeudi,13:30,75,75116,48.872081,2.27553,2,7,3,1,1,4,1,1,1,1,,,1,0,1,4,2,77,5,2,,0,2,4,1,201900056666B01,7,14,1,200054781
201900056714,2019-06-05,2019,juin,mercredi,17:00,75,75116,48.854148,2.278079,2,1,6,1,2,4,1,2,2,1,,,2,0,1,4,1,45,4,2,,1,0,2,14,201900056714A01,,,,200054781
201900056743,2019-05-29,2019,mai,mercredi,20:30,75,75116,48.876854,2.282647,2,7,3,1,1,4,1,3,1,1,,,1,0,1,4,1,49,5,1,2,0,2,1,1,201900056743B01,7,9,1,200054781
201900056748,2019-06-19,2019,juin,mercredi,07:15,75,75106,48.846178,2.317866,2,3,3,1,1,4,2,2,1,1,,,1,0,6,4,1,57,1,2,,0,2,8,1,201900056748B01,7,14,1,200054781
201900056753,2019-06-18,2019,juin,mardi,19:30,75,75115,48.833502,2.286556,2,3,3,1,1,4,1,2,1,1,,,1,0,5,4,1,33,1,2,,0,2,1,1,201900056753B01,10,16,1,200054781
201900056768,2019-06-14,2019,juin,vendredi,08:45,75,75115,48.828932,2.294156,2,2,3,1,1,4,2,4,1,1,,,1,0,6,4,1,61,4,1,2,0,2,1,7,201900056768B01,10,16,1,200054781
201900056769,2019-06-13,2019,juin,jeudi,00:30,75,75115,48.847796,2.301413,2,7,3,5,1,4,2,3,1,1,,,1,0,1,4,1,43,5,2,,0,2,1,18,201900056769B01,7,22,1,200054781
201900056806,2019-06-12,2019,juin,mercredi,20:35,75,75114,48.840567,2.326964,2,1,6,1,8,4,1,1,1,1,,,2,0,1,4,1,29,9,1,2,1,2,1,2,201900056806A01,1,2,1,200054781
201900056806,2019-06-12,2019,juin,mercredi,20:35,75,75114,48.840567,2.326964,2,1,6,1,8,4,1,1,1,1,,,2,0,1,4,1,28,9,1,2,0,2,1,2,201900056806B01,1,2,1,200054781
201900056818,2019-02-16,2019,février,samedi,17:49,75,75110,48.868154,2.365417,2,4,6,1,1,4,2,2,1,1,,,1,0,1,3,2,52,0,2,,0,1,1,1,201900056818A01,,,,200054781
201900056819,2019-06-07,2019,juin,vendredi,10:35,75,75114,48.833703,2.331926,2,7,6,1,2,4,2,4,1,1,,,2,0,1,4,1,28,4,1,2,0,2,0,1,201900056819B01,10,14,1,200054781
201900056827,2019-06-01,2019,juin,samedi,13:00,75,75114,48.829115,2.306422,2,3,6,1,1,4,1,2,1,1,,,1,9,5,4,1,68,0,1,2,0,2,1,19,201900056827A01,10,1,1,200054781
201900056835,2019-06-18,2019,juin,mardi,20:00,75,75113,48.823591,2.377387,2,1,3,1,1,4,2,3,1,1,,,1,0,5,4,1,49,0,1,2,0,2,1,1,201900056835B01,10,16,1,200054781
201900056855,2019-02-13,2019,février,mercredi,22:55,75,75119,48.889493,2.375124,2,1,3,5,1,4,1,1,1,1,,,1,0,1,3,1,21,0,1,2,0,2,2,19,201900056855B01,43,1,1,200054781
201900056863,2019-06-13,2019,juin,jeudi,09:40,75,75113,48.828533,2.384387,2,1,6,1,2,4,2,6,1,1,,,1,0,5,4,1,48,4,1,2,0,1,2,1,201900056863A01,,,,200054781
201900056866,2019-06-12,2019,juin,mercredi,09:40,75,75113,48.84307,2.366334,2,3,3,1,1,4,2,4,1,1,,,1,0,5,4,2,24,1,1,2,0,2,1,1,201900056866B01,10,16,1,200054781
201900056871,2019-02-14,2019,février,jeudi,14:40,75,75117,48.881139,2.315052,2,1,6,1,1,4,2,5,1,1,,,1,0,5,1,1,28,9,1,2,0,1,7,1,201900056871A01,,,,200054781
201900056875,2019-06-04,2019,juin,mardi,19:00,75,75113,48.83656,2.359287,2,2,2,1,1,4,3,2,1,1,,,2,0,1,4,1,37,1,1,2,0,2,1,14,201900056875A01,10,23,1,200054781
201900056888,2019-11-30,2019,novembre,samedi,15:20,75,75109,48.874294,2.3332561,2,1,6,1,1,4,1,1,1,1,,,1,0,5,4,1,20,4,1,2,0,1,1,1,201900056888A01,,,,200054781
201900056890,2019-12-01,2019,décembre,dimanche,01:55,94,94067,48.84593,2.42368,2,1,2,5,1,3,2,4,1,1,,,1,0,1,4,1,27,9,1,2,0,2,4,0,201900056890B01,10,0,1,200054781
201900056891,2019-02-15,2019,février,vendredi,20:34,75,75106,48.84593,2.31834,2,1,3,5,1,4,2,6,1,1,,,1,0,1,4,2,41,5,1,2,0,2,5,19,201900056891B01,32,1,1,200054781
201900056893,2019-02-15,2019,février,vendredi,19:50,75,75115,48.835239,2.300469,2,2,3,5,1,4,1,2,1,1,,,1,0,1,4,2,31,4,1,2,0,2,1,1,201900056893B01,7,9,1,200054781
201900056911,2019-06-14,2019,juin,vendredi,20:00,75,75112,48.82118,2.452776,2,3,3,1,1,4,2,2,1,1,,,1,0,1,4,1,32,5,1,2,0,2,7,19,201900056911B01,7,14,1,200054781
201900056912,2019-06-13,2019,juin,jeudi,17:45,75,75112,48.842818,2.409997,2,1,6,1,3,4,1,2,1,1,,,2,0,5,4,1,24,1,2,,0,2,8,1,201900056912A01,1,17,1,200054781
201900056919,2019-05-31,2019,mai,vendredi,20:45,75,75112,48.839207,2.391928,2,1,4,1,1,4,2,2,1,1,,,1,0,1,4,1,38,5,1,2,0,2,7,1,201900056919B01,7 / 50,22 / 1,2,200054781
201900056923,2019-05-30,2019,mai,jeudi,15:50,75,75112,48.849845,2.374013,2,1,6,1,1,4,1,1,1,1,,,1,0,1,1,1,25,5,1,2,0,1,1,1,201900056923A01,,,,200054781
201900056927,2019-06-15,2019,juin,samedi,16:05,75,75111,48.87132,2.377523,2,1,3,1,1,4,3,1,1,1,,,1,0,1,4,2,39,5,1,2,0,2,3,9,201900056927B01,7,1,1,200054781
201900056929,2019-06-06,2019,juin,jeudi,10:30,75,75111,48.858135,2.371983,2,3,3,1,1,4,1,1,1,1,,,1,0,1,4,1,30,0,2,,0,2,2,17,201900056929B01,7,15,1,200054781
201900056932,2019-05-31,2019,mai,vendredi,17:20,75,75111,48.853421,2.369484,2,7,3,1,1,4,1,2,1,1,,,1,8,1,4,1,50,0,1,2,0,2,3,11,201900056932B01,7,1,1,200054781
201900056934,2019-06-15,2019,juin,samedi,01:34,75,75110,48.87697,2.348866,2,1,6,5,2,4,2,1,2,1,,,2,9,5,1,2,27,5,1,2 / 4,0,1,1,1,201900056934A01,,,,200054781
201900056938,2019-06-06,2019,juin,jeudi,10:35,75,75110,48.8842,2.359407,2,5,3,1,1,4,2,2,1,1,,,1,2,1,4,2,32,1,1,2,0,2,6,1,201900056938B01,10,14,1,200054781
201900056951,2019-06-19,2019,juin,mercredi,09:15,75,75108,48.86876,2.311062,2,7,3,1,1,4,4,4,1,1,,,1,5,1,4,2,26,9,2,,0,2,6,13,201900056951A01,31,1,1,200054781
201900056980,2019-06-17,2019,juin,lundi,13:25,75,75102,48.869542,2.336788,2,2,3,1,1,4,1,3,1,1,,,1,0,6,4,1,28,4,2,,0,2,1,1,201900056980B01,10,22,1,200054781
201900056981,2019-06-17,2019,juin,lundi,09:53,75,75104,48.853947,2.364748,2,3,3,1,1,4,2,4,1,1,,,1,9,5,4,2,63,1,1,2,0,2,1,1,201900056981B01,7,4,1,200054781
201900056987,2019-06-04,2019,juin,mardi,19:30,75,75103,48.864384,2.361814,2,2,3,1,1,4,-1,1,1,1,,,1,0,1,1,1,21,0,1,2,0,2,0,1,201900056987B01,50,1,1,200054781
201900056990,2019-06-01,2019,juin,samedi,11:20,75,75101,48.857712,2.347753,2,7,2,1,1,4,1,4,1,1,,,1,0,1,4,1,69,1,2,,0,2,4,23,201900056990B01,7,1,1,200054781
201900057002,2019-07-10,2019,juillet,mercredi,17:15,69,69383,45.7589883,4.8491802,2,2,3,1,1,4,1,1,1,1,,,1,0,1,3,1,30,0,2,,0,2,1,9,201900057002A01,7,1,1,200046977
201900057005,2019-07-09,2019,juillet,mardi,19:42,69,69386,45.7637379,4.8637665,2,2,1,1,1,4,1,1,1,1,,,1,0,1,4,1,43,1,2,,0,2,1,1,201900057005A01,7,15,1,200046977
201900057017,2019-07-09,2019,juillet,mardi,11:12,87,87085,45.82408,1.22595,2,2,6,1,1,4,1,2,1,2,,,1,5,1,4,2,35,5,2,,0,2,7,1,201900057017B01,7,16,1,248719312
201900057022,2019-06-26,2019,juin,mercredi,13:10,85,85191,46.65738,-1.42388,2,1,3,1,7,4,-1,2,1,1,,,1,0,1,4,2,21,5,1,2,0,2,7,1,201900057022B01,7,9,1,248500589
201900057038,2019-07-09,2019,juillet,mardi,10:35,72,72181,47.99011,0.20638,2,1,3,1,1,4,3,2,1,1,,,1,0,1,4,1,42,0,2,,1,0,3,1,201900057038B01,7,22,1,247200132
201900057047,2019-07-08,2019,juillet,lundi,19:00,69,69275,45.7722816,4.9599023,2,1,1,1,1,4,2,2,2,1,,,1,0,1,3,1,11,5,1,2,0,2,3,19,201900057047B01,7,1,1,200046977
201900057049,2019-07-09,2019,juillet,mardi,18:00,67,67482,48.57578,7.77827,2,1,3,1,1,4,3,4,1,1,,,1,0,1,3,1,19,0,2,,0,2,1,1,201900057049B01,7,16,1,246700488
201900057058,2019-01-04,2019,janvier,vendredi,13:45,44,44151,47.333901,-2.331001,1,3,2,1,1,3,2,2,1,1,,,1,0,1,3,1,70,5,1,2,1,0,1,1,201900057058B01,7,23,1,244400644
201900057059,2019-01-05,2019,janvier,samedi,16:00,31,31462,43.670551,1.517941,2,1,2,1,7,3,2,2,2,1,,,1,0,1,3,1,68,5,1,2,0,0,6,3,201900057059A01,7,2,1,243100815
201900057085,2019-07-10,2019,juillet,mercredi,16:25,34,34172,43.61619,3.83605,2,1,7,1,1,4,2,2,1,1,,,1,0,1,1,1,33,5,2,,0,1,1,1,201900057085A01,,,,243400017
201900057133,2019-07-10,2019,juillet,mercredi,19:45,75,75118,48.89464,2.34713,2,2,6,1,1,4,1,2,1,1,,,1,0,5,4,1,37,9,2,,0,2,1,1,201900057133A01,30,16,1,200054781
201900057134,2019-01-02,2019,janvier,mercredi,18:10,85,85294,46.35489,-1.45385,2,1,6,2,1,9,2,2,2,1,,,1,0,5,1,1,14,5,1,2,0,1,1,1,201900057134A01,,,,200073260
201900057135,2019-07-10,2019,juillet,mercredi,18:40,75,75118,48.888776,2.349622,2,1,3,1,1,4,-1,1,1,1,,,1,0,5,4,1,47,9,2,,0,2,3,1,201900057135B01,7,22,1,200054781
201900057151,2019-07-10,2019,juillet,mercredi,07:30,75,75113,48.830649,2.352643,2,2,3,1,1,4,1,2,2,1,,,1,0,5,4,1,30,1,2,,0,2,0,1,201900057151B01,7,16,1,200054781
201900057153,2019-01-02,2019,janvier,mercredi,17:50,973,97307,4.8862846,-52.3409822,2,2,3,1,1,4,1,1,1,1,,,1,0,1,4,2,15,5,2,,0,2,1,0,201900057153A01,2,0,1,249730045
201900057159,2019-07-10,2019,juillet,mercredi,10:10,75,75108,48.865056,2.300206,2,2,6,1,1,4,2,6,4,1,,,1,0,1,4,1,33,5,1,2,0,2,1,1,201900057159A01,7,22,1,200054781
201900057163,2019-07-09,2019,juillet,mardi,18:20,75,75104,48.853623,2.356298,2,4,6,1,1,4,-1,1,1,1,,,1,0,1,1,1,27,5,1,2,0,1,1,1,201900057163A01,,,,200054781
201900057164,2019-01-02,2019,janvier,mercredi,12:30,973,97309,4.8889914,-52.2901695,2,1,3,1,1,3,2,2,1,4,,,1,0,1,4,2,32,1,1,2,0,2,8,1,201900057164B01,7,14,1,249730045
201900057166,2019-01-05,2019,janvier,samedi,14:30,6,06018,43.626163,7.096694,2,2,3,1,1,9,2,2,1,1,,,1,0,1,4,1,56,5,1,2,0,2,1,1,201900057166B01,7,15,1,240600585
201900057226,2019-07-10,2019,juillet,mercredi,11:00,78,78417,48.890661,1.629335,2,3,3,1,1,4,-1,2,2,2,,,1,0,1,4,1,34,0,1,2,0,2,8,13,201900057226A01,7,13,1,247800550