Num_Acc,date,an,mois,jour,hrmn,dep,com,lat,long,agg,int,col,lum,atm,catr,circ,nbv,prof,plan,lartpc,larrout,surf,infra,situ,grav,sexe,age,trajet,secuexist,equipement,obs,obsm,choc,manv,vehiculeid,typevehicules,manoeuvehicules,numVehicules,_infos_commune.code_epci
201900057228,2019-07-07,2019,juillet,dimanche,09:30,49,49135,47.612142,-0.585109,1,6,3,1,1,3,2,2,1,1,,,1,5,1,4,1,36,5,1,2,0,2,7,1,201900057228B01,7,9,1,244900015
201900057234,2019-07-08,2019,juillet,lundi,12:40,44,44003,47.382781,-1.179236,2,6,3,1,7,4,2,2,1,1,,,1,0,1,3,1,33,1,2,,0,2,1,1,201900057234A01,7,1,1,244400552
201900057268,2019-10-25,2019,octobre,vendredi,21:10,75,75112,48.8444986,2.3899318,2,2,3,5,1,4,2,2,1,1,,,1,0,1,1,1,25,4,1,2,0,2,4,15,201900057268B01,32,1,1,200054781
201900057270,2019-10-25,2019,octobre,vendredi,18:05,75,75112,48.8337901,2.4451656,2,7,7,3,1,4,1,2,1,1,,,1,0,1,4,1,41,1,1,2,0,0,1,1,201900057270A01,,,,200054781
201900057278,2019-10-25,2019,octobre,vendredi,08:25,75,75112,48.842466,2.385519,2,3,3,1,1,4,2,3,1,1,,,1,0,5,4,1,26,1,1,2,0,2,8,1,201900057278B01,10,16,1,200054781
201900057282,2019-10-25,2019,octobre,vendredi,17:20,75,75104,48.8543721,2.3549423,2,2,3,1,8,4,2,5,1,1,,,1,0,1,4,2,22,0,1,2,0,2,8,19,201900057282A01,31,1,1,200054781
201900057290,2019-07-11,2019,juillet,jeudi,16:05,28,28179,48.188814,1.73475,1,1,3,1,1,3,2,2,1,1,,,1,0,1,3,1,67,5,2,,0,2,4,15,201900057290B01,7,17,1,
201900057308,2019-06-21,2019,juin,vendredi,12:00,2A,2A215,41.5005642,9.0348249,1,1,2,1,1,2,2,2,1,1,,,1,0,1,3,1,57,5,1,2,0,2,4,2,201900057308B01,7,2,1,200040764
201900057354,2019-07-10,2019,juillet,mercredi,09:40,88,88201,48.165676,6.308378,2,4,3,1,1,3,2,2,2,3,,,1,5,1,3,1,64,5,1,2,0,2,3,16,201900057354B01,10,15,1,200068757
201900057400,2019-04-18,2019,avril,jeudi,17:10,84,84003,43.876469,5.392434,2,3,3,1,1,3,2,2,1,1,,,1,0,1,4,1,40,5,1,2,0,2,1,17,201900057400A01,7,15,1,200040624
201900057448,2019-03-27,2019,mars,mercredi,18:35,29,29175,48.2491125,-3.8224304,2,6,3,1,1,3,2,2,1,2,,,1,5,1,4,1,18,5,2,,0,2,2,1,201900057448B01,7,9,1,242900561
201900057470,2019-05-29,2019,mai,mercredi,11:30,6,06097,43.8639096,7.0922346,2,1,2,1,1,3,2,2,2,1,,,1,9,1,1,1,71,5,1,2,0,2,4,2,201900057470B01,1,2,1,200039931
201900057470,2019-05-29,2019,mai,mercredi,11:30,6,06097,43.8639096,7.0922346,2,1,2,1,1,3,2,2,2,1,,,1,9,1,3,1,66,5,1,2,0,9,1,2,201900057470A01,1,2,1,200039931
201900057471,2019-02-14,2019,février,jeudi,16:20,75,75114,48.837271,2.318749,2,7,3,1,1,4,1,2,1,2,,,1,0,1,4,2,25,0,1,2,0,2,2,1,201900057471B01,10,1,1,200054781
201900057486,2019-03-27,2019,mars,mercredi,16:55,14,14431,49.073584,-0.069693,2,6,3,1,1,3,1,1,1,3,,,1,0,1,3,2,14,5,2,,0,2,1,1,201900057486B01,7,9,1,200069532
201900057489,2019-10-25,2019,octobre,vendredi,15:55,2B,2B049,42.550266,8.795779,1,6,3,1,1,3,2,2,1,2,,,1,0,1,4,1,55,5,2,,0,0,8,26,201900057489B01,2,1,1,242020105
201900057493,2019-03-25,2019,mars,lundi,17:15,45,45067,47.880527,1.771079,2,1,6,1,1,4,2,2,1,1,,,1,0,1,3,1,13,5,2,,1,0,6,1,201900057493A01,,,,200070183
201900057502,2019-05-26,2019,mai,dimanche,11:20,6,06057,43.81147,7.356824,1,1,1,1,2,3,2,2,2,1,,,2,0,5,3,1,53,5,2,,0,2,1,0,201900057502B01,7,13,1,240600593
201900057524,2019-02-17,2019,février,dimanche,03:30,75,75110,48.884312,2.359363,2,2,3,5,1,4,2,3,1,1,,,1,8,1,4,1,32,0,1,2,0,2,1,1,201900057524B01,7,1,1,200054781
201900057560,2019-02-17,2019,février,dimanche,16:55,75,75103,48.867339,2.363376,2,7,6,1,1,4,2,6,1,1,,,1,5,1,1,2,20,5,1,2,0,1,4,1,201900057560A01,,,,200054781
201900057566,2019-02-15,2019,février,vendredi,10:30,75,75102,48.865202,2.351418,2,2,3,1,1,4,1,1,1,1,,,1,0,1,4,2,38,1,1,2,0,2,2,1,201900057566A01,10,1,1,200054781
201900057573,2019-02-16,2019,février,samedi,01:00,75,75102,48.870691,2.332521,2,7,3,5,1,4,2,0,1,1,,,1,0,1,4,1,27,5,2,,0,2,5,1,201900057573A01,7,1,1,200054781
201900057579,2019-03-27,2019,mars,mercredi,17:15,33,33494,44.95049,-0.85679,1,2,3,1,1,3,2,2,1,1,,,1,0,5,2,1,69,5,1,2,0,2,8,1,201900057579B01,7,1,1,243301389
201900057584,2019-05-05,2019,mai,dimanche,16:10,13,13066,43.831547,4.900423,2,1,1,1,6,4,2,2,1,1,,,1,0,1,2,1,67,1,2,,0,2,1,1,201900057584B01,7,1,1,200035087
201900057596,2019-05-23,2019,mai,jeudi,19:30,13,13041,43.456779,5.482619,2,1,3,1,1,4,2,2,1,1,,,1,0,1,3,1,42,0,1,2,0,2,7,2,201900057596B01,7,15,1,200054807
201900057700,2019-10-26,2019,octobre,samedi,13:00,971,97110,16.305516,-61.059375,1,1,1,1,1,3,2,2,2,2,,,1,0,1,3,1,34,5,2,,0,2,1,1,201900057700A01,7,1,1,200041507
201900057705,2019-05-24,2019,mai,vendredi,13:45,59,59560,50.55128,3.03058,2,1,3,1,1,4,4,2,1,1,,,1,0,1,4,1,16,0,1,2,0,2,1,1,201900057705B01,7,16,1,200093201
201900057720,2019-09-21,2019,septembre,samedi,18:25,45,45234,47.888678,1.909075,2,3,3,1,1,4,2,2,1,1,,,1,0,1,4,1,8,5,2,,0,2,1,25,201900057720B01,7,1,1,244500468
201900057743,2019-02-15,2019,février,vendredi,09:10,92,92044,48.8984962,2.2941829,2,5,6,1,1,3,2,2,1,1,,,1,0,1,1,1,33,1,1,2,0,1,1,7,201900057743A01,,,,200054781
201900057764,2019-08-15,2019,août,jeudi,16:01,1,01239,45.765597,5.761262,1,3,3,1,1,3,2,2,1,1,,,1,0,1,3,1,82,5,1,2,0,0,1,19,201900057764A01,2,1,1,200040350
201900057799,2019-04-30,2019,avril,mardi,19:20,71,71219,46.66329,4.944783,2,3,1,1,1,3,2,2,1,4,,,1,0,1,3,1,53,5,2,,0,2,1,1,201900057799B01,7,15,1,247103765
201900057813,2019-02-14,2019,février,jeudi,16:20,29,29277,48.400096,-4.020877,1,4,3,1,1,4,2,1,2,1,,,1,5,1,3,1,70,5,1,2,0,2,3,15,201900057813A01,7,17,1,242900751
201900057843,2019-05-22,2019,mai,mercredi,15:45,68,68051,48.023993,7.099881,2,1,3,1,1,4,2,2,1,1,,,1,0,1,4,2,69,5,1,2,0,2,8,1,201900057843B01,7,15,1,246800585
201900057851,2019-02-04,2019,février,lundi,19:45,6,06161,43.6402382,7.1400716,2,1,1,5,1,3,2,2,1,1,,,1,0,5,3,1,35,1,2,,0,0,1,1,201900057851A01,1,5,1,240600585
201900057851,2019-02-04,2019,février,lundi,19:45,6,06161,43.6402382,7.1400716,2,1,1,5,1,3,2,2,1,1,,,1,0,5,1,2,56,5,2,,0,9,1,5,201900057851B01,1,1,1,240600585
201900057865,2019-02-17,2019,février,dimanche,17:00,10,10412,48.309594,4.136299,1,1,6,1,1,3,-1,2,1,1,,,1,0,1,4,1,18,5,2,,0,0,8,1,201900057865C01,7,2,1,200069250
201900057865,2019-02-17,2019,février,dimanche,17:00,10,10412,48.309594,4.136299,1,1,6,1,1,3,-1,2,1,1,,,1,0,1,3,2,49,5,2,,0,0,8,1,201900057865B01,7,2,1,200069250
201900057879,2019-09-21,2019,septembre,samedi,12:30,75,75117,48.894222,2.3205936,2,2,3,1,1,4,2,2,1,1,,,1,0,1,4,1,42,5,1,2,0,2,1,1,201900057879A01,10,15,1,200054781
201900057886,2019-02-16,2019,février,samedi,16:30,12,12157,44.394341,2.708781,2,3,3,1,1,2,2,2,1,3,,,1,2,1,4,1,60,5,1,2,0,2,8,1,201900057886B01,7,15,1,200067478
201900057893,2019-05-19,2019,mai,dimanche,15:25,67,67397,48.319423,7.702629,2,1,2,1,1,3,2,2,1,1,,,1,0,1,4,1,41,5,1,2,0,2,1,4,201900057893B01,7,26,1,200067924
201900057923,2019-05-01,2019,mai,mercredi,12:40,57,57039,49.058517,6.12028,1,3,3,1,1,3,2,2,1,1,,,1,5,1,4,1,51,5,1,2,0,2,8,1,201900057923A01,7,14,1,200039865
201900057924,2019-09-21,2019,septembre,samedi,17:20,75,75115,48.8477589,2.301743,2,7,2,1,1,4,1,2,1,2,,,1,0,1,4,1,33,0,1,2,0,2,2,2,201900057924A01,7,23,1,200054781
201900057936,2019-09-21,2019,septembre,samedi,17:15,75,75115,48.8396525,2.296533,2,2,3,1,1,4,1,1,1,1,,,1,0,1,4,1,17,5,1,2,0,2,7,1,201900057936A01,7,1,1,200054781
201900057938,2019-02-16,2019,février,samedi,10:20,59,59319,50.9827416,2.4673681,2,2,3,1,7,3,2,2,1,1,,,1,9,1,3,1,47,5,1,2,0,2,0,0,201900057938B01,7,26,1,200040954
201900057943,2019-08-03,2019,août,samedi,10:45,38,38382,45.237397,5.66913,2,4,3,1,7,4,2,2,1,1,,,1,0,5,3,1,71,3,2,,0,0,3,1,201900057943B01,7,15,1,200040715
201900057952,2019-08-17,2019,août,samedi,11:45,33,33238,44.72708,-0.5974,2,4,2,1,1,3,2,2,1,1,,,1,0,1,4,2,38,3,2,,0,0,4,13,201900057952B01,2,21,1,243301264
201900057952,2019-08-17,2019,août,samedi,11:45,33,33238,44.72708,-0.5974,2,4,2,1,1,3,2,2,1,1,,,1,0,1,4,2,7,5,1,2,0,0,4,13,201900057952B01,2,21,1,243301264
201900057969,2019-09-20,2019,septembre,vendredi,17:35,75,75115,48.8289399,2.2941148,2,2,3,1,1,4,2,2,1,1,,,1,0,1,4,1,71,0,1,2,0,2,7,1,201900057969B01,7,15,1,200054781
201900058016,2019-05-07,2019,mai,mardi,18:30,44,44035,47.283163,-1.586455,2,2,3,1,1,7,2,2,1,1,,,1,0,1,3,1,26,5,1,2,0,2,1,1,201900058016B01,7,19,1,244400404
201900058021,2019-03-26,2019,mars,mardi,08:30,45,45004,47.999033,2.748446,2,3,3,1,1,4,2,2,1,1,,,1,0,1,4,1,16,2,2,,0,2,1,1,201900058021B01,7,15,1,244500203
201900058022,2019-05-29,2019,mai,mercredi,20:45,38,38509,45.588343,5.446926,2,1,1,2,1,4,2,2,1,1,,,1,0,1,3,1,11,5,2,,0,2,8,19,201900058022B01,7,1,1,200068567
201900058034,2019-03-26,2019,mars,mardi,08:18,44,44114,47.25343,-1.59718,2,6,3,1,1,7,2,0,2,1,,,1,0,1,4,2,51,1,2,,0,0,0,1,201900058034B01,7,9,1,244400404
201900058071,2019-09-20,2019,septembre,vendredi,23:50,75,75104,48.8501027,2.3589169,2,3,2,5,1,4,2,4,1,1,,,1,0,5,4,1,18,0,1,2,0,2,5,2,201900058071A01,7,23,1,200054781
201900058076,2019-05-07,2019,mai,mardi,14:30,26,26037,44.847394,4.960404,1,1,3,1,1,3,2,2,1,1,,,1,0,1,4,1,20,5,2,,0,2,0,19,201900058076B01,7,1,1,200068781
201900058091,2019-05-29,2019,mai,mercredi,18:40,1,01043,45.83781,5.009217,2,1,3,1,1,3,3,2,1,1,,,1,0,3,4,1,33,5,1,2,0,2,1,1,201900058091B01,7,15,1,240100800
201900058096,2019-06-18,2019,juin,mardi,17:00,56,56098,47.767234,-3.345033,2,3,3,1,1,4,2,2,2,1,,,1,0,1,4,1,49,5,1,2,0,2,1,1,201900058096B01,7,16,1,200042174
201900058104,2019-08-12,2019,août,lundi,08:10,45,45234,47.88191,1.90554,2,1,3,1,1,4,2,2,1,2,,,1,0,1,4,2,51,5,2,,0,2,1,21,201900058104B01,7,22,1,244500468
201900058115,2019-09-21,2019,septembre,samedi,16:05,93,93027,48.92873,2.38358,2,1,3,1,1,3,2,1,1,1,,,1,0,3,4,1,13,5,2,,0,2,3,25,201900058115B01,3,9,1,200054781
201900058145,2019-08-12,2019,août,lundi,14:10,988,98818,-22.26972,166.44,2,9,6,1,1,4,2,1,1,1,,,1,0,1,4,2,7,0,2,,0,1,7,26,201900058145A01,,,,
201900058145,2019-08-12,2019,août,lundi,14:10,988,98818,-22.26972,166.44,2,9,6,1,1,4,2,1,1,1,,,1,0,1,1,1,22,0,2,,0,1,7,26,201900058145A01,,,,
201900058180,2019-05-07,2019,mai,mardi,12:45,69,69051,45.6502251,4.6477367,1,2,3,1,1,4,2,2,1,1,,,1,0,1,4,1,36,5,1,2 / 6,0,2,1,15,201900058180B01,10,1,1,246900740
201900058211,2019-05-28,2019,mai,mardi,12:10,69,69278,45.889374,4.823128,2,1,3,1,1,7,1,1,1,1,,,2,8,8,4,1,34,9,2,,0,2,8,21,201900058211A01,7,23,1,200046977
201900058220,2019-05-23,2019,mai,jeudi,13:40,69,69055,45.886373,4.738197,1,1,2,1,1,3,2,2,1,1,,,1,2,1,3,1,71,5,1,2,0,0,4,1,201900058220A01,10,2,1,200040574
201900058223,2019-05-21,2019,mai,mardi,13:55,69,69049,45.864846,4.751638,1,1,2,1,1,3,2,2,2,1,,,1,0,1,4,1,47,5,1,2,0,0,4,1,201900058223A01,7,2,1,200040574
201900058229,2019-03-26,2019,mars,mardi,14:58,75,75116,48.861972,2.230384,2,3,2,1,1,4,1,2,1,1,,,1,0,1,3,1,54,5,1,2,0,2,1,2,201900058229A01,1,2,1,200054781
201900058229,2019-03-26,2019,mars,mardi,14:58,75,75116,48.861972,2.230384,2,3,2,1,1,4,1,2,1,1,,,1,0,1,1,1,20,5,1,2,0,2,0,2,201900058229B01,1,2,1,200054781
201900058234,2019-03-26,2019,mars,mardi,02:20,75,75119,48.877761,2.370599,2,7,3,5,1,4,1,3,1,1,,,1,0,1,4,1,26,0,1,2,0,2,1,1,201900058234A01,7,1,1,200054781
201900058241,2019-03-26,2019,mars,mardi,07:20,75,75117,48.885673,2.316821,2,2,3,1,1,4,2,2,1,1,,,1,0,1,4,1,33,1,1,2,0,2,1,9,201900058241A01,37,1,1,200054781
201900058259,2019-03-26,2019,mars,mardi,08:50,75,75110,48.871239,2.370118,2,2,3,1,1,4,2,2,1,1,,,1,0,1,4,2,36,1,1,2,0,2,8,1,201900058259B01,30,1,1,200054781
201900058266,2019-03-26,2019,mars,mardi,17:00,94,94016,48.78612,2.32777,2,1,1,1,1,3,2,0,1,1,,,1,0,1,3,2,58,0,2,,0,2,3,1,201900058266B01,7,15,1,200054781
201900058277,2019-05-21,2019,mai,mardi,04:00,9,09235,43.02135,1.023898,1,1,6,3,2,4,2,2,4,2,,,2,0,3,2,1,34,5,2,,2,0,1,1,201900058277A01,,,,200067940
201900058290,2019-05-01,2019,mai,mercredi,16:30,9,09107,43.004042,1.756197,1,1,7,1,1,3,2,2,2,4,,,1,0,1,3,1,52,5,1,2,0,0,0,1,201900058290A01,,,,200044469
201900058302,2019-02-15,2019,février,vendredi,14:30,39,39034,46.958458,5.466979,1,1,3,1,1,3,2,2,1,1,,,1,0,1,3,1,82,5,1,2,0,2,8,1,201900058302B01,7,17,1,243901089
201900058311,2019-09-20,2019,septembre,vendredi,15:25,17,17209,45.594976,-0.393352,2,2,3,1,1,3,2,2,1,1,,,1,0,1,3,1,68,5,1,2,0,2,2,1,201900058311A01,7,1,1,200041523
201900058348,2019-02-17,2019,février,dimanche,01:00,44,44174,47.043069,-1.715302,1,1,2,3,1,3,2,2,2,1,,,1,0,1,2,1,50,9,2,,0,2,4,2,201900058348B01,7,2,1,244400438
201900058393,2019-03-23,2019,mars,samedi,17:00,57,57041,49.415038,5.93792,1,1,2,1,1,3,2,2,1,1,,,1,0,1,4,1,56,5,1,2,0,2,1,2,201900058393B01,7,26,1,245701404
201900058405,2019-03-27,2019,mars,mercredi,11:30,33,33305,44.46255,-0.29169,2,3,3,1,7,3,2,2,1,1,,,1,0,1,3,1,47,5,1,2,0,2,3,15,201900058405B01,7,1,1,200043982
201900058416,2019-02-15,2019,février,vendredi,16:43,1,01034,45.7536127,5.7081449,1,1,7,1,1,3,2,2,2,3,,,1,0,3,3,1,80,5,1,2,16,0,1,1,201900058416A01,,,,200040350
201900058456,2019-05-31,2019,mai,vendredi,19:25,73,73008,45.701327,5.9091103,2,4,3,1,1,3,3,2,1,1,,,1,0,1,3,1,47,0,1,2,0,2,1,18,201900058456B01,7,16,1,200068674
201900058461,2019-08-16,2019,août,vendredi,09:40,71,71153,46.7856194,4.4364605,2,6,3,1,1,3,-1,2,1,3,,,1,0,1,2,1,82,0,1,2,0,2,7,0,201900058461B01,7,9,1,247100290
201900058469,2019-06-08,2019,juin,samedi,16:35,75,75103,48.862465,2.35212,2,1,3,1,2,4,1,1,1,1,,,2,0,1,4,2,41,5,2,,0,2,3,18,201900058469B01,7,22,1,200054781
201900058477,2019-05-31,2019,mai,vendredi,21:10,75,75102,48.863671,2.350017,2,2,3,5,1,4,2,4,1,1,,,1,0,6,4,1,26,5,2,,0,2,1,1,201900058477A01,7,7,1,200054781
201900058501,2019-06-17,2019,juin,lundi,17:45,94,94077,48.7296069,2.4434775,2,1,6,1,1,4,1,1,1,1,,,1,0,5,1,1,58,5,2,,0,1,1,25,201900058501A01,,,,200054781
201900058652,2019-12-02,2019,décembre,lundi,18:17,38,38012,45.61282,5.61471,1,1,2,3,1,3,2,2,1,1,,,1,0,1,2,1,44,9,2,,0,2,4,0,201900058652B01,7,1,1,200068567
201900058694,2019-12-02,2019,décembre,lundi,12:30,27,27348,49.330333,1.154039,2,1,2,1,1,3,2,2,2,1,,,1,0,1,2,1,45,5,1,6,0,0,4,1,201900058694B01,7,1,1,200089456
201900058778,2019-11-30,2019,novembre,samedi,17:25,75,75112,48.8485984,2.372486,2,2,3,5,1,4,3,2,1,1,,,1,0,1,4,1,33,1,1,2,0,2,1,15,201900058778B01,7,1,1,200054781
201900058782,2019-11-30,2019,novembre,samedi,14:15,75,75104,48.854942,2.361977,2,1,6,1,1,4,2,4,1,1,,,1,0,5,4,1,69,3,1,2,14,0,0,1,201900058782A01,,,,200054781
201900058819,2019-12-01,2019,décembre,dimanche,07:20,973,97309,4.8705585,-52.2761919,1,1,2,1,1,3,2,2,1,1,,,1,0,1,2,1,15,5,2,,0,0,4,2,201900058819B01,7,2,1,249730045
202000000031,2020-03-04,2020,mars,mercredi,20:00,75,75117,48.889165,2.29753,2,3,3,3,2,4,3,4,1,1,,-1,2,0,1,4,1,26,5,1,2,0,2,8,19,202000000031A01,7,1,1,200054781
202000000032,2020-03-06,2020,mars,vendredi,20:40,75,75114,48.834481,2.334212,2,1,3,5,1,4,2,4,1,1,,-1,1,0,5,4,2,21,9,2,,0,2,8,1,202000000032B01,2,16,1,200054781
202000000035,2020-03-06,2020,mars,vendredi,21:00,75,75104,48.857181,2.347327,2,7,3,5,1,4,1,3,1,1,,-1,1,0,6,4,1,27,5,2,,0,2,5,12,202000000035A01,7,7,1,200054781
202000000067,2020-03-07,2020,mars,samedi,12:30,64,64108,43.519797,-0.915459,2,6,3,1,1,3,2,2,1,2,,-1,1,5,1,4,1,58,5,1,2 / 6 / 9,0,2,7,1,202000000067B01,7,1,1,200039204
202000000075,2020-03-07,2020,mars,samedi,15:50,37,37159,47.2777185,0.6221262,2,1,3,1,1,3,2,2,2,1,,-1,1,0,1,3,1,81,5,2,,12,2,8,2,202000000075B01,15,17,1,200072650
202000000076,2020-03-06,2020,mars,vendredi,09:50,30,30075,43.820886,4.260786,2,1,-1,1,1,4,2,2,1,1,,4,1,9,6,3,1,68,5,1,2,0,0,0,1,202000000076B01,10,19,1,243000643
202000000109,2020-03-06,2020,mars,vendredi,18:05,972,97209,14.61368,-61.07018,2,3,1,2,1,4,1,1,1,1,,5,1,0,1,4,1,9,5,2,,0,2,1,1,202000000109B01,7,1,1,249720061
202000000152,2020-09-21,2020,septembre,lundi,19:00,971,97128,16.252798,-61.372265,2,1,6,5,1,3,-1,2,3,2,,-1,1,0,3,4,1,42,0,2,,0,0,4,0,202000000152A01,,,,200041507
202000000164,2020-09-21,2020,septembre,lundi,14:20,73,73248,45.2756154,6.3554903,2,6,3,1,1,3,1,1,1,2,,-1,1,5,1,3,1,61,5,2,,0,2,7,26,202000000164B01,7,9,1,200070464
202000000180,2020-09-18,2020,septembre,vendredi,20:15,988,98818,-22.28788,166.44455,2,3,5,5,1,4,3,2,1,1,,-1,1,0,1,4,1,16,5,1,2 / 2,0,2,8,19,202000000180C01,7,23 / 1,2,
202000000213,2020-09-20,2020,septembre,dimanche,01:30,75,75113,48.82215,2.352689,2,2,3,5,1,4,-1,2,2,1,,-1,1,0,1,3,2,19,9,2,,0,2,1,1,202000000213A01,7,1,1,200054781
202000000213,2020-09-20,2020,septembre,dimanche,01:30,75,75113,48.82215,2.352689,2,2,3,5,1,4,-1,2,2,1,,-1,1,0,1,4,1,20,9,2,,0,2,1,1,202000000213A01,7,1,1,200054781
202000000214,2020-09-20,2020,septembre,dimanche,18:50,75,75112,48.833833,2.444897,2,7,-1,1,1,4,-1,1,1,1,,-1,1,-1,5,4,1,42,5,1,2,0,2,1,1,202000000214A01,1,1,1,200054781
202000000216,2020-09-20,2020,septembre,dimanche,15:00,75,75104,48.855488,2.360099,2,3,6,1,1,4,2,4,1,1,,-1,1,-1,5,4,1,52,5,2,,0,0,1,12,202000000216A01,,,,200054781
202000000218,2020-09-20,2020,septembre,dimanche,18:15,94,94034,48.756884,2.315351,2,1,3,1,1,3,2,2,1,1,,-1,1,0,1,4,1,30,4,1,2,0,2,8,26,202000000218B01,7,12,1,200054781
202000000237,2020-09-19,2020,septembre,samedi,15:00,62,62773,50.638816,1.7431366,2,3,-1,1,1,3,2,2,2,1,,-1,8,0,1,4,2,39,0,2,,0,0,0,0,202000000237A01,21,1,1,200018083
202000000242,2020-09-20,2020,septembre,dimanche,13:00,65,65362,42.95835,-0.077666,2,1,7,1,1,3,2,2,2,2,,-1,1,0,1,3,1,36,5,1,2,6,0,7,1,202000000242A01,,,,200070811
202000000243,2020-09-21,2020,septembre,lundi,13:45,33,33236,44.72485,-1.21931,2,1,3,1,2,4,2,2,1,2,,-1,2,0,5,2,2,49,5,2,,0,2,1,1,202000000243B01,7,26,1,243301504
202000000264,2020-09-21,2020,septembre,lundi,07:45,21,21534,47.040867,4.910906,1,1,2,1,7,3,2,2,1,1,,-1,1,0,1,4,1,48,1,2,,0,0,8,2,202000000264B01,7,2,1,200006682
202000000265,2020-09-17,2020,septembre,jeudi,16:30,40,40245,44.032168,-0.324367,2,1,6,1,1,4,1,1,2,1,,-1,1,0,1,1,1,14,2,2,,0,1,1,5,202000000265A01,,,,200035541
202000000283,2020-09-18,2020,septembre,vendredi,09:50,39,39097,46.747955,5.918654,2,1,2,1,1,4,2,2,1,1,,-1,1,0,1,3,1,88,3,2,,0,2,4,1,202000000283B01,7,1,1,200069623
202000000290,2020-09-21,2020,septembre,lundi,17:35,85,85178,46.777822,-1.487898,1,3,1,1,1,4,2,2,1,1,,-1,1,0,1,2,1,12,2,1,2,0,2,1,15,202000000290B01,7,1,1,200072882
202000000322,2020-06-24,2020,juin,mercredi,00:45,75,75118,48.892014,2.35984,2,3,-1,5,1,4,2,4,1,1,,-1,1,0,1,4,1,43,9,1,2,0,2,8,1,202000000322A01,7,14,1,200054781
202000000334,2020-06-24,2020,juin,mercredi,09:37,75,75106,48.858526,2.332465,2,3,7,1,7,4,1,3,1,1,,-1,1,-1,5,4,1,40,5,2,,0,0,0,21,202000000334A01,,,,200054781
202000000351,2020-06-25,2020,juin,jeudi,08:45,12,12265,44.542572,2.685213,1,2,1,1,1,3,2,2,1,2,,-1,1,0,1,4,1,62,5,2,,0,2,1,1,202000000351B01,7,15,1,200067478
202000000357,2020-06-24,2020,juin,mercredi,19:45,56,56057,48.064767,-3.480745,1,1,7,1,1,3,2,2,1,1,,-1,1,0,3,3,1,41,5,2,,4,0,0,0,202000000357A01,,,,245614417
202000000365,2020-06-24,2020,juin,mercredi,20:15,31,31118,43.793367,1.372466,1,6,3,1,1,3,2,2,1,1,,-1,1,0,1,3,1,50,5,1,2,0,2,7,1,202000000365B01,7,9,1,200034957
202000000370,2020-06-25,2020,juin,jeudi,20:25,05,05054,44.675413,6.070343,2,1,-1,1,1,4,2,2,2,1,,-1,1,0,1,4,1,35,5,2,,0,0,1,2,202000000370A01,1,2,1,200068096
202000000370,2020-06-25,2020,juin,jeudi,20:25,05,05054,44.675413,6.070343,2,1,-1,1,1,4,2,2,2,1,,-1,1,0,1,4,1,10,5,1,2,0,0,1,2,202000000370B01,1,2,1,200068096
202000000379,2020-06-22,2020,juin,lundi,20:05,77,77490,49.033581,3.104185,2,3,1,1,1,4,3,2,1,1,,4,1,0,1,4,1,17,5,2,,0,2,8,1,202000000379B01,38,1,1,247700065
202000000379,2020-06-22,2020,juin,lundi,20:05,77,77490,49.033581,3.104185,2,3,1,1,1,4,3,2,1,1,,4,1,0,1,3,1,9,5,2,,0,2,8,1,202000000379B01,38,1,1,247700065
202000000381,2020-06-25,2020,juin,jeudi,10:20,66,66144,42.642416,2.87911,1,6,2,1,1,3,2,2,1,2,,-1,1,0,1,3,1,60,5,1,2,0,0,4,2,202000000381B01,7,9,1,200027183
202000000481,2020-10-16,2020,octobre,vendredi,19:40,63,63113,45.79814,3.14676,1,6,-1,5,8,7,4,0,1,2,,-1,2,0,1,4,1,28,1,1,4,0,2,2,9,202000000481B01,7,9,1,246300701
202000000523,2020-10-19,2020,octobre,lundi,13:00,75,75114,48.81982,2.340725,2,1,3,1,1,4,1,4,2,1,,-1,1,-1,5,4,2,47,5,2,,0,2,3,1,202000000523B01,80,17,1,200054781
202000000526,2020-10-19,2020,octobre,lundi,19:35,75,75111,48.863765,2.370109,2,2,3,5,1,4,2,2,1,1,,-1,1,-1,5,1,1,18,9,2,,0,2,4,1,202000000526B01,32,1,1,200054781
202000000528,2020-10-19,2020,octobre,lundi,09:55,75,75109,48.883193,2.349877,2,4,3,1,1,4,1,1,1,1,,-1,1,-1,5,4,2,26,1,2,,0,2,1,1,202000000528A01,10,1,1,200054781
202000000553,2020-10-19,2020,octobre,lundi,15:32,68,68300,47.784982,7.367736,2,6,3,1,1,3,2,2,1,3,,-1,1,5,1,4,1,42,5,2,,0,2,8,1,202000000553B01,7,16,1,200066009
202000000563,2020-10-16,2020,octobre,vendredi,17:30,34,34036,43.679387,3.395977,1,1,3,1,1,3,2,2,1,1,,-1,1,0,1,3,1,72,5,1,2,0,0,4,2,202000000563A01,7,2,1,200017341
202000000569,2020-09-15,2020,septembre,mardi,08:00,60,60067,49.294996,2.814987,2,1,3,2,7,3,2,2,1,1,,-1,1,0,1,4,1,48,9,2,,0,2,2,2,202000000569B01,7,2,1,200067965