Num_Acc,date,an,mois,jour,hrmn,dep,com,lat,long,agg,int,col,lum,atm,catr,circ,nbv,prof,plan,lartpc,larrout,surf,infra,situ,grav,sexe,age,trajet,secuexist,equipement,obs,obsm,choc,manv,vehiculeid,typevehicules,manoeuvehicules,numVehicules,_infos_commune.code_epci
202000000607,2020-08-26,2020,août,mercredi,08:30,13,13069,43.626213,5.150506,1,6,3,1,1,3,2,2,1,2,,-1,1,0,1,3,1,66,5,2,,0,2,2,1,202000000607B01,7,9,1,200054807
202000000622,2020-08-05,2020,août,mercredi,08:05,38,38317,45.131944,5.699935,2,1,6,1,1,3,1,1,1,1,,-1,1,0,5,3,2,44,5,1,2,0,1,1,21,202000000622A01,,,,200040715
202000000623,2020-08-13,2020,août,jeudi,00:30,17,17019,46.210034,-1.512825,2,1,1,3,1,4,2,2,1,3,,-1,2,0,5,1,1,19,5,2,,0,2,3,1,202000000623B01,1,1,1,241700459
202000000623,2020-08-13,2020,août,jeudi,00:30,17,17019,46.210034,-1.512825,2,1,1,3,1,4,2,2,1,3,,-1,2,0,5,3,1,53,5,2,,0,9,3,1,202000000623A01,1,1,1,241700459
202000000624,2020-08-24,2020,août,lundi,10:30,40,40184,44.207089,-1.295276,2,2,3,1,1,4,2,2,1,1,,-1,1,0,1,3,1,14,5,1,2,0,2,1,19,202000000624B01,7,1,1,244000543
202000000672,2020-08-22,2020,août,samedi,19:40,54,54339,48.709095,6.1809909,2,1,6,1,1,4,2,2,1,1,,-1,1,0,1,3,2,55,0,2,,16,0,1,15,202000000672A01,,,,245400676
202000000706,2020-08-23,2020,août,dimanche,23:20,75,75116,48.857924,2.287931,2,3,3,5,1,4,2,4,1,1,,-1,1,-1,5,4,1,27,5,1,2,0,2,4,19,202000000706B01,33,1,1,200054781
202000000712,2020-08-24,2020,août,lundi,18:30,75,75101,48.863725,2.332044,2,7,1,1,1,4,2,2,1,1,,-1,1,-1,5,4,2,29,1,1,2,0,2,1,1,202000000712A01,50,13,1,200054781
202000000746,2020-08-25,2020,août,mardi,08:25,65,65439,43.317466,-0.009538,2,1,6,1,1,3,2,2,2,1,,-1,1,0,1,3,1,72,5,1,2 / 6,16,6,7,1,202000000746A01,,,,200072106
202000000765,2020-12-17,2020,décembre,jeudi,17:25,93,93055,48.9013125,2.4022089,2,1,3,2,1,4,2,2,1,1,,-1,1,0,4,2,2,3,9,2,,0,2,0,26,202000000765Y01,38,9,1,200054781
202000000859,2020-06-28,2020,juin,dimanche,09:00,85,85074,46.52495,-1.26262,2,1,-1,1,1,3,2,-1,1,1,,-1,1,0,1,4,1,56,5,1,2,0,5,0,1,202000000859A01,1,1,1,200073260
202000000859,2020-06-28,2020,juin,dimanche,09:00,85,85074,46.52495,-1.26262,2,1,-1,1,1,3,2,-1,1,1,,-1,1,0,1,4,1,20,5,1,2,0,5,0,1,202000000859B01,1,1,1,200073260
202000000883,2020-07-01,2020,juillet,mercredi,00:05,75,75110,48.869644,2.35443,2,1,3,5,1,4,1,2,1,1,,-1,1,-1,5,4,1,60,9,2,,0,2,1,1,202000000883A01,7,22,1,200054781
202000000916,2020-12-01,2020,décembre,mardi,14:50,75,75120,48.858118,2.403376,2,3,2,1,1,4,2,2,1,1,,-1,1,0,1,4,1,36,9,1,2,0,2,4,2,202000000916A01,7,2,1,200054781
202000000918,2020-12-01,2020,décembre,mardi,17:15,75,75119,48.882146,2.400504,2,1,7,5,8,4,2,4,2,2,,-1,2,-1,5,4,1,38,9,1,2,0,0,0,1,202000000918A01,,,,200054781
202000000920,2020-12-01,2020,décembre,mardi,06:55,75,75119,48.874555,2.385085,2,1,3,5,1,4,1,1,1,1,,-1,2,0,1,4,2,32,1,1,2,0,2,2,1,202000000920B01,7,22,1,200054781
202000000926,2020-12-01,2020,décembre,mardi,11:19,75,75107,48.861044,2.313252,2,2,3,1,1,4,2,6,1,1,,-1,1,0,1,4,2,48,9,1,2,0,2,7,13,202000000926B01,7,1,1,200054781
202000000951,2020-10-23,2020,octobre,vendredi,07:45,80,80521,49.982963,2.850967,1,1,4,3,5,3,2,2,1,3,,-1,2,0,1,3,1,38,1,2,,0,2,4,2,202000000951B01,10,2,1,200037059
202000000951,2020-10-23,2020,octobre,vendredi,07:45,80,80521,49.982963,2.850967,1,1,4,3,5,3,2,2,1,3,,-1,2,0,1,3,1,25,1,2,,0,2,4,2,202000000951C01,10,2,1,200037059
202000000954,2020-11-28,2020,novembre,samedi,10:45,25,25527,47.188506,5.854307,2,1,1,1,1,4,2,2,4,3,,-1,1,0,1,3,2,14,5,2,,0,2,0,0,202000000954B01,7,21,1,242500361
202000000998,2020-11-30,2020,novembre,lundi,17:15,75,75116,48.862984,2.287901,2,7,3,2,1,4,1,4,1,1,,-1,1,0,1,4,2,54,1,1,2,0,2,3,1,202000000998B01,7,1,1,200054781
202000001004,2020-11-30,2020,novembre,lundi,18:38,75,75108,48.875416,2.325415,2,1,3,5,1,4,2,5,1,1,,-1,1,-1,5,4,2,17,5,1,2,0,2,1,1,202000001004B01,7,22,1,200054781
202000001024,2020-11-28,2020,novembre,samedi,16:15,89,89419,47.734225,3.29781,2,1,2,1,1,3,2,2,1,1,,-1,1,9,1,3,1,65,5,1,2 / 6,0,2,4,1,202000001024B01,7,1,1,200067130
202000001030,2020-11-28,2020,novembre,samedi,10:20,72,72172,48.069438,0.587618,2,1,3,1,7,3,2,2,4,1,,-1,1,0,1,3,2,64,5,2,,0,0,6,2,202000001030B01,7,2,1,247200686
202000001072,2020-03-06,2020,mars,vendredi,07:30,45,45234,47.9277,1.93773,2,6,3,2,7,4,2,2,1,2,,-1,1,0,1,4,1,50,0,2,,0,2,7,1,202000001072B01,7,9,1,244500468
202000001097,2020-03-06,2020,mars,vendredi,09:22,14,14167,49.20596,-0.29914,2,1,2,1,1,4,-1,0,1,1,,-1,1,0,1,4,2,44,4,2,,0,2,1,1,202000001097B01,10,20,1,200065597
202000001109,2020-03-05,2020,mars,jeudi,20:45,75,75106,48.854031,2.330189,2,1,3,5,2,4,1,1,1,1,,-1,2,0,1,4,2,27,1,1,2,0,2,8,13,202000001109B01,32,17,1,200054781
202000001112,2020-03-05,2020,mars,jeudi,13:45,75,75120,48.874739,2.403073,2,1,3,1,8,4,2,2,1,1,,-1,2,0,1,4,1,66,5,1,2,0,2,1,1,202000001112B01,7,17,1,200054781
202000001124,2020-03-06,2020,mars,vendredi,09:00,75,75110,48.8733964,2.3526469,2,3,-1,1,1,4,1,1,1,1,,-1,2,0,1,4,1,44,1,2,,0,2,1,16,202000001124B01,10,22,1,200054781
202000001135,2020-03-03,2020,mars,mardi,11:35,94,94058,48.85,2.5,2,1,5,1,1,3,1,2,1,1,,-1,1,0,1,4,2,16,2,2,,0,2,8,19,202000001135Y01,7,1,2,200054781
202000001161,2020-03-03,2020,mars,mardi,13:30,74,74256,45.937271,6.627109,2,2,3,1,1,4,1,1,1,1,,-1,1,0,1,3,1,14,5,1,2,0,2,1,1,202000001161A01,7,1,1,200034882
202000001192,2020-03-06,2020,mars,vendredi,10:00,24,24194,44.837017,0.332873,2,9,3,1,1,3,2,2,1,1,,-1,2,0,1,3,2,48,0,2,,0,0,3,1,202000001192B01,15,2,1,200070647
202000001212,2020-03-07,2020,mars,samedi,15:30,69,69094,45.741138,4.690989,2,6,2,1,1,3,2,2,1,3,,-1,2,0,1,4,1,44,5,2,,0,0,4,18,202000001212A01,7,2,1,246900724
202000001216,2020-03-06,2020,mars,vendredi,16:00,14,14762,48.869648,-0.868735,2,3,3,1,1,3,2,2,1,1,,-1,1,0,1,3,1,63,5,1,6,0,2,2,1,202000001216B01,7,16,1,200068799
202000001280,2020-05-22,2020,mai,vendredi,11:30,05,05004,44.631776,6.205478,1,1,7,1,1,3,2,2,2,1,,-1,1,0,1,4,1,63,5,1,2,0,0,0,1,202000001280A01,,,,200068096
202000001284,2020-05-22,2020,mai,vendredi,10:00,85,85127,46.43424,-1.50449,1,1,7,1,1,3,2,2,1,1,,4,1,0,1,3,1,82,5,1,2,0,0,0,1,202000001284A01,,,,200071900
202000001285,2020-05-21,2020,mai,jeudi,19:15,87,87154,45.912948,0.899881,1,2,3,1,7,4,2,2,1,1,,-1,1,0,1,3,1,15,5,2,,0,0,6,1,202000001285A01,7,13,1,200059400
202000001300,2020-05-20,2020,mai,mercredi,10:10,56,56176,47.680566,-2.935378,1,1,7,1,1,3,2,2,1,1,,-1,1,0,1,2,1,70,5,1,2,0,0,0,1,202000001300A01,,,,200043123
202000001358,2020-05-19,2020,mai,mardi,19:30,54,54395,48.70583,6.1734,2,3,3,1,1,4,1,1,1,1,,-1,1,0,1,4,1,30,0,2,,0,2,0,19,202000001358A01,1,16,1,245400676
202000001358,2020-05-19,2020,mai,mardi,19:30,54,54395,48.70583,6.1734,2,3,3,1,1,4,1,1,1,1,,-1,1,0,1,1,1,14,0,2,,0,2,0,16,202000001358B01,1,19,1,245400676
202000001407,2020-05-20,2020,mai,mercredi,16:45,75,75119,48.889496,2.381131,2,1,3,1,1,4,1,1,1,1,,-1,1,-1,5,4,2,44,5,1,2,0,2,7,1,202000001407A01,60,19,1,200054781
202000001408,2020-05-20,2020,mai,mercredi,17:05,75,75119,48.898872,2.379324,2,1,6,1,1,4,1,1,1,1,,-1,1,-1,5,1,2,24,1,2,,0,1,7,1,202000001408A01,,,,200054781
202000001410,2020-05-20,2020,mai,mercredi,14:50,75,75117,48.884255,2.302688,2,2,3,1,1,4,2,2,1,1,,-1,1,-1,5,4,2,22,1,2,,0,2,1,1,202000001410B01,7,15,1,200054781
202000001429,2020-09-11,2020,septembre,vendredi,08:15,83,83129,43.095175,5.84476,2,9,3,1,1,4,2,2,1,1,,-1,1,0,1,4,1,11,2,2,,0,2,1,9,202000001429A01,7,16,1,248300543
202000001440,2020-09-19,2020,septembre,samedi,13:00,51,51454,49.257605,4.0277438,2,1,3,1,1,4,1,1,1,1,,-1,1,0,1,4,1,45,0,2,,0,2,3,21,202000001440B01,7,1,1,200067213
202000001454,2020-09-18,2020,septembre,vendredi,23:55,75,75105,48.843186,2.364158,2,4,3,5,1,4,1,1,1,3,,-1,1,0,1,3,2,62,5,2,,0,2,8,19,202000001454A01,2,16,1,200054781
202000001503,2020-09-19,2020,septembre,samedi,13:50,57,57617,48.929136,6.241339,2,3,3,1,1,3,2,2,2,1,,-1,1,0,1,3,1,8,5,2,,0,2,1,1,202000001503B01,7,1,1,200039907
202000001547,2020-09-20,2020,septembre,dimanche,10:45,77,77257,49.043818,3.020918,1,3,-1,1,1,3,2,2,1,2,,-1,1,0,1,3,1,74,5,1,2,0,2,3,15,202000001547B01,7,1,1,247700065
202000001549,2020-09-19,2020,septembre,samedi,20:30,34,34311,43.44379,3.398659,1,1,6,3,3,2,2,2,1,1,,-1,2,0,1,4,1,66,0,2,,0,9,4,1,202000001549A01,,,,243400819
202000001611,2020-06-23,2020,juin,mardi,10:40,45,45234,47.9141193,1.8957877,2,2,1,1,1,4,2,3,1,1,,9,1,0,1,4,2,18,2,1,2,0,2,7,1,202000001611B01,7,15,1,244500468
202000001640,2020-06-23,2020,juin,mardi,11:45,75,75120,48.850266,2.412093,2,1,3,1,1,4,2,2,1,1,,-1,1,-1,5,4,1,69,9,1,2,0,2,1,1,202000001640B01,7,9,1,200054781
202000001646,2020-06-23,2020,juin,mardi,15:05,75,75115,48.832127,2.302981,2,2,3,1,1,4,2,2,2,1,,-1,1,0,1,4,2,71,5,1,2,0,2,1,1,202000001646A01,7,1,1,200054781
202000001648,2020-06-22,2020,juin,lundi,18:48,75,75115,48.844184,2.322901,2,2,3,1,1,4,2,2,1,1,,-1,1,0,1,4,2,49,1,1,2,0,2,2,1,202000001648B01,7,15,1,200054781
202000001652,2020-06-23,2020,juin,mardi,20:20,75,75111,48.866343,2.368853,2,2,3,1,1,4,2,4,1,1,,-1,1,0,1,1,1,40,9,1,2,0,2,0,13,202000001652A01,30,1,1,200054781
202000001655,2020-06-22,2020,juin,lundi,10:15,75,75104,48.854344,2.344912,2,2,3,1,1,4,-1,2,1,1,,-1,1,-1,5,4,1,36,1,2,,0,2,1,1,202000001655A01,7,16,1,200054781
202000001656,2020-06-23,2020,juin,mardi,21:30,75,75108,48.873692,2.314469,2,2,3,1,1,4,1,2,2,1,,-1,1,0,1,3,1,28,5,1,2,0,2,7,1,202000001656A01,31,1,1,200054781
202000001686,2020-06-24,2020,juin,mercredi,07:45,974,97404,-21.276643,55.337561,1,1,1,1,1,2,-1,2,1,1,,-1,1,9,5,4,1,44,5,1,2,0,9,1,1,202000001686B01,1,17,1,249740077
202000001686,2020-06-24,2020,juin,mercredi,07:45,974,97404,-21.276643,55.337561,1,1,1,1,1,2,-1,2,1,1,,-1,1,9,5,2,1,61,5,1,2,0,0,1,17,202000001686A01,1,1,1,249740077
202000001690,2020-06-24,2020,juin,mercredi,09:05,56,56017,47.873796,-2.767873,1,2,6,1,1,3,2,2,4,1,,-1,1,0,3,2,1,69,5,2,,13,0,1,21,202000001690A01,,,,200096683
202000001701,2020-06-23,2020,juin,mardi,13:00,14,14230,49.251339,0.104056,1,1,2,1,1,3,2,2,2,1,,5.5,1,0,1,3,1,71,5,1,2,0,2,8,2,202000001701B01,7,17,1,241400878
202000001718,2020-06-24,2020,juin,mercredi,06:15,67,67295,48.392624,7.45417,1,1,2,1,7,3,2,2,2,1,,-1,1,0,1,3,1,54,1,2,,0,2,8,1,202000001718B01,10,1,1,200034270
202000001720,2020-06-23,2020,juin,mardi,17:30,42,42147,45.609125,4.054867,2,6,3,1,1,3,2,2,1,1,,5.5,1,0,1,4,1,12,5,2,,0,2,0,1,202000001720B01,7,1,1,200065886
202000001724,2020-06-23,2020,juin,mardi,14:10,09,09268,43.005192,1.126957,1,6,3,1,7,3,1,1,1,2,,-1,1,9,1,4,2,61,1,1,2,0,2,7,1,202000001724B01,7,9,1,200067940
202000001763,2020-05-06,2020,mai,mercredi,13:55,78,78545,48.799798,2.067412,2,3,3,1,1,3,2,2,4,1,,-1,1,0,1,3,1,15,5,2,,0,2,1,25,202000001763C01,7,16,1,247800584
202000001783,2020-06-22,2020,juin,lundi,08:30,45,45234,47.897914,1.907138,2,3,3,1,1,4,2,2,1,1,,-1,1,0,1,4,1,43,1,2,,0,2,2,19,202000001783B01,32,1,1,244500468
202000001816,2020-10-18,2020,octobre,dimanche,17:15,75,75114,48.834356,2.313642,2,2,3,1,1,4,2,3,1,3,,-1,1,-1,5,4,2,26,5,1,2,0,2,1,1,202000001816B01,7,16,1,200054781
202000001934,2020-08-25,2020,août,mardi,08:00,13,13109,43.511032,5.486957,2,2,3,1,1,3,2,2,1,1,,-1,1,0,1,3,1,37,1,1,2,0,2,1,1,202000001934B01,7,15,1,200054807
202000001935,2020-08-24,2020,août,lundi,09:20,70,70310,47.675022,6.518884,2,1,3,1,1,3,2,2,1,1,,-1,1,0,1,3,1,68,5,2,,0,2,8,13,202000001935A01,7,1,1,247000664
202000001938,2020-10-17,2020,octobre,samedi,11:50,75,75112,48.831704,2.397896,2,2,3,1,1,4,2,3,1,1,,-1,1,0,1,4,1,24,5,2,,0,2,8,15,202000001938A01,10,1,1,200054781
202000001941,2020-10-16,2020,octobre,vendredi,21:30,75,75108,48.879436,2.314265,2,2,7,5,1,4,2,6,1,1,,-1,1,-1,5,4,1,16,5,2,,0,0,1,1,202000001941A01,,,,200054781
202000001945,2020-06-24,2020,juin,mercredi,15:30,73,73179,45.5975712,5.8753155,2,3,3,1,1,5,2,2,1,1,,-1,1,0,1,3,1,31,3,2,,0,2,1,1,202000001945B01,7,1,1,200069110
202000001998,2020-10-18,2020,octobre,dimanche,11:27,54,54109,48.5173932,6.1556321,1,1,3,1,1,3,2,2,2,1,,-1,1,0,1,3,1,77,5,1,2,0,2,8,15,202000001998B01,7,13,1,200035772
202000001999,2020-10-17,2020,octobre,samedi,10:15,51,51649,48.7286085,4.5870305,2,6,2,1,1,2,2,2,1,3,,-1,1,0,1,4,1,38,0,2,,0,0,4,23,202000001999B01,7,2,1,200034718
202000002001,2020-10-18,2020,octobre,dimanche,12:00,17,17010,46.10109,-1.0986396,2,6,3,1,1,3,1,1,1,2,,-1,1,0,1,3,1,56,5,1,2,0,2,7,1,202000002001A01,7,9,1,241700434
202000002028,2020-10-18,2020,octobre,dimanche,11:17,80,80722,49.958426,2.225976,1,1,2,1,1,3,2,2,4,1,,-1,2,0,1,3,1,46,5,1,2,0,0,6,1,202000002028A01,7,1,1,248000531
202000002064,2020-10-17,2020,octobre,samedi,14:05,14,14743,49.159713,-0.010622,1,1,7,1,1,3,2,2,1,1,,-1,1,0,1,4,1,60,5,1,2 / 4 / 6,0,0,0,1,202000002064A01,,,,200065563
202000002065,2020-02-02,2020,février,dimanche,19:20,75,75117,48.888994,2.293361,2,1,2,5,2,4,2,4,1,1,,-1,2,0,1,4,1,33,5,1,2 / 4,0,2,4,1,202000002065B01,7,17,1,200054781
202000002075,2020-08-23,2020,août,dimanche,11:55,75,75120,48.854053,2.399933,2,2,3,1,1,4,2,2,1,1,,-1,1,0,1,4,1,36,9,1,2,0,2,7,1,202000002075B01,7,1,1,200054781
202000002078,2020-08-23,2020,août,dimanche,15:35,75,75119,48.888644,2.392552,2,1,6,1,1,4,2,4,1,1,,-1,1,-1,5,4,1,51,5,1,2,14,0,0,14,202000002078A01,,,,200054781
202000002081,2020-02-03,2020,février,lundi,10:05,75,75113,48.82703,2.38547,2,1,3,1,1,4,1,5,1,1,,-1,1,-1,5,4,2,46,1,2,,0,2,4,19,202000002081A01,33,1,1,200054781
202000002086,2020-02-03,2020,février,lundi,22:30,75,75111,48.863592,2.386456,2,1,3,5,3,4,1,1,1,1,,-1,2,-1,5,4,1,34,5,2,,0,2,1,1,202000002086B01,7,16,1,200054781
202000002087,2020-08-23,2020,août,dimanche,15:40,75,75112,48.84423,2.381691,2,3,3,1,1,4,2,4,1,1,,-1,1,-1,5,4,1,40,5,1,2,0,2,8,1,202000002087B01,10,16,1,200054781
202000002092,2020-10-15,2020,octobre,jeudi,16:30,83,83071,43.136091,6.228942,2,1,6,1,1,3,2,2,1,1,,-1,1,0,5,4,1,79,5,1,2,0,1,1,2,202000002092A01,,,,200027100
202000002093,2020-02-03,2020,février,lundi,09:30,75,75111,48.856969,2.373005,2,1,3,1,8,4,1,2,1,1,,-1,2,0,1,4,2,30,4,1,2,0,2,1,1,202000002093B01,10,22,1,200054781
202000002107,2020-10-17,2020,octobre,samedi,18:05,01,01313,46.254541,6.080654,2,6,3,1,1,3,2,2,1,1,,-1,1,5,1,4,1,12,5,1,2,0,2,1,1,202000002107B01,7,9,1,240100750
202000002135,2020-08-22,2020,août,samedi,15:05,68,68315,47.891456,7.112789,1,1,3,1,1,3,2,2,2,2,,-1,1,0,1,4,1,51,5,1,2,0,0,8,1,202000002135B01,33,17,1,246800569
202000002156,2020-02-04,2020,février,mardi,13:10,56,56078,47.807026,-3.464035,1,6,3,1,8,3,-1,1,1,2,,-1,1,0,1,3,2,51,5,1,2,0,2,5,1,202000002156B01,7,1,1,200042174
202000002161,2020-02-02,2020,février,dimanche,11:55,31,31351,43.677199,1.306407,1,1,3,1,1,3,2,2,1,2,,4,1,0,1,4,1,55,5,1,2,0,2,3,2,202000002161B01,10,17,1,243100518
202000002162,2020-08-23,2020,août,dimanche,16:53,22,22194,48.651754,-3.631962,2,1,3,1,1,6,-1,-1,1,1,,-1,1,9,8,4,1,14,5,2,,0,0,6,26,202000002162B01,3,20,1,200065928
202000002175,2020-02-03,2020,février,lundi,18:15,02,02173,49.627892,3.23631,2,6,3,5,3,3,2,2,1,1,,-1,2,5,1,2,1,60,1,2,,0,2,0,1,202000002175B01,7,9,1,200071785
202000002203,2020-08-23,2020,août,dimanche,09:17,987,98725,-17.562591,-149.476051,1,1,5,1,1,4,2,2,1,3,,-1,1,0,1,3,2,24,5,1,2,0,2,1,1,202000002203B01,7,13 / 21,2,
202000002237,2020-08-23,2020,août,dimanche,17:20,38,38061,45.335665,5.622007,1,1,6,1,1,4,2,2,2,2,,-1,1,9,1,4,1,61,5,2,,0,0,0,0,202000002237A01,,,,243800984
202000002242,2020-08-14,2020,août,vendredi,15:00,69,69163,45.92108,4.755728,2,1,3,1,1,3,2,2,1,1,,-1,1,5,1,4,1,16,5,1,2,0,2,8,1,202000002242B01,7,9,1,200046977
202000002337,2020-08-22,2020,août,samedi,17:45,75,75120,48.863307,2.389016,2,1,3,1,1,4,2,4,2,1,,-1,1,0,1,4,1,53,5,2,,0,2,1,1,202000002337B01,7,12,1,200054781
202000002400,2020-07-22,2020,juillet,mercredi,18:45,75,75112,48.849598,2.37509,2,1,2,1,1,4,1,1,1,1,,-1,1,0,1,3,1,18,5,2,,0,2,1,1,202000002400B01,10,4,1,200054781
202000002407,2020-07-22,2020,juillet,mercredi,21:45,75,75111,48.857218,2.39286,2,1,3,5,1,4,1,2,1,1,,-1,1,0,1,4,1,44,9,2,,0,2,3,1,202000002407B01,7,22,1,200054781
202000002408,2020-07-23,2020,juillet,jeudi,16:30,75,75109,48.883481,2.348325,2,1,3,1,1,4,1,3,1,1,,-1,1,-1,6,4,2,8,5,1,2,0,2,1,13,202000002408A01,7,7,1,200054781
202000002414,2020-07-23,2020,juillet,jeudi,17:00,75,75103,48.866233,2.352534,2,2,3,1,1,4,1,5,1,1,,-1,1,-1,5,4,1,54,1,1,2,0,2,1,1,202000002414B01,50,19,1,200054781
202000002441,2020-07-23,2020,juillet,jeudi,18:10,56,56178,48.065931,-2.968385,2,3,3,1,1,4,2,3,1,1,,-1,1,0,1,4,1,46,5,1,2,0,2,8,1,202000002441A01,7,16,1,245614433
202000002447,2020-07-23,2020,juillet,jeudi,11:37,22,22232,48.641452,-2.891142,1,6,3,1,1,3,1,1,1,2,,-1,1,9,1,3,2,63,5,1,2 / 6,0,2,0,26,202000002447B01,10,0,1,200069409
202000002451,2020-07-23,2020,juillet,jeudi,09:15,02,02543,49.169755,3.261952,2,1,3,1,1,3,-1,2,2,1,,-1,1,0,1,3,1,63,5,1,2,0,2,1,1,202000002451B01,7,9,1,200072031
202000002462,2020-07-24,2020,juillet,vendredi,11:45,48,48089,44.844482,3.363233,1,3,3,1,1,3,2,2,2,1,,-1,1,0,1,3,1,69,5,1,2,0,2,1,1,202000002462B01,7,15,1,200069185
202000002467,2020-07-24,2020,juillet,vendredi,18:30,69,69143,45.8863968,4.8315037,2,1,3,1,1,3,2,2,1,1,,-1,1,0,5,3,2,61,5,1,4 / 2,0,2,0,1,202000002467B01,14,16,1,200046977
202000002481,2020-07-23,2020,juillet,jeudi,10:30,74,74160,45.86007,6.352887,1,1,3,1,7,3,2,2,2,1,,-1,1,0,1,4,1,41,5,1,2,0,2,1,1,202000002481B01,10,11,1,247400617
202000002546,2020-06-19,2020,juin,vendredi,20:45,59,59616,50.472137,3.5657541,2,9,3,1,1,4,2,1,1,1,,-1,1,0,8,3,1,19,5,2,,0,2,7,19,202000002546B01,7,1,1,245901160
202000002565,2020-02-08,2020,février,samedi,16:53,72,72050,47.97701,-0.241254,1,1,7,1,2,3,2,2,3,1,,-1,2,0,3,2,1,67,0,2,,0,0,0,0,202000002565A01,,,,200040475
202000002574,2020-11-26,2020,novembre,jeudi,16:15,38,38054,45.78083,5.44888,1,2,1,2,1,3,2,2,2,1,,-1,1,5,1,2,1,80,5,2,,0,2,7,15,202000002574B01,7,1,1,200068542
202000002586,2020-11-18,2020,novembre,mercredi,06:00,972,97213,14.62157,-61.00648,2,1,3,3,1,3,1,2,1,2,,-1,2,5,1,3,1,54,1,2,,0,2,1,1,202000002586B01,7,9,1,249720061
202000002627,2020-07-10,2020,juillet,vendredi,19:50,26,26362,44.93097,4.90304,2,1,2,1,1,4,1,2,1,1,,-1,1,0,1,4,1,19,0,1,2,0,2,0,1,202000002627B01,7,4,1,200068781
202000002660,2020-06-26,2020,juin,vendredi,17:00,45,45234,47.9175508,1.8987048,2,1,1,1,1,4,2,2,1,1,,-1,1,0,1,4,1,53,0,1,2,0,9,3,13,202000002660B01,30,1,1,244500468
202000002663,2020-11-23,2020,novembre,lundi,16:50,64,64102,43.4983,-1.49356,2,6,3,1,1,4,1,2,1,2,,-1,1,9,1,4,1,63,9,2,,0,2,2,1,202000002663B01,7,9,1,200067106
202000002706,2020-11-29,2020,novembre,dimanche,21:45,75,75112,48.845849,2.36763,2,2,3,5,1,4,1,2,1,1,,-1,1,2,1,3,1,22,9,2,,0,2,8,11,202000002706A01,7,1,1,200054781
202000002731,2020-11-27,2020,novembre,vendredi,10:15,86,86145,46.497126,0.250551,1,1,6,1,1,4,2,2,1,1,,-1,1,0,1,3,1,42,5,1,2,1,0,1,2,202000002731A01,,,,200043628
202000002753,2020-11-29,2020,novembre,dimanche,10:05,44,44074,47.199423,-1.670512,2,2,3,1,1,7,3,2,1,1,,-1,1,0,1,4,1,32,5,1,2,0,0,0,26,202000002753B01,7,9,1,244400404
202000002793,2020-11-27,2020,novembre,vendredi,17:30,25,25056,47.24648,5.99794,2,2,3,5,1,4,3,4,2,1,,-1,1,5,1,4,2,18,0,2,,0,2,1,1,202000002793B01,7,15,1,242500361
202000002802,2020-11-28,2020,novembre,samedi,12:05,75,75105,48.839989,2.356407,2,7,6,1,1,4,2,2,1,1,,-1,1,0,1,1,1,17,5,2,,0,1,1,5,202000002802A01,,,,200054781
202000002810,2020-11-28,2020,novembre,samedi,22:05,75,75110,48.878939,2.362363,2,4,3,5,1,4,2,2,1,1,,-1,1,0,1,3,1,30,4,2,,0,2,1,1,202000002810B01,2,1,1,200054781
202000002836,2020-11-29,2020,novembre,dimanche,15:15,12,12133,44.31737,2.549665,1,1,7,2,1,4,2,2,2,4,,-1,1,0,8,3,1,75,0,2,,0,0,0,1,202000002836A01,,,,241200187
202000002839,2020-11-29,2020,novembre,dimanche,10:50,72,72062,48.220291,0.593584,2,9,3,2,1,3,2,2,1,1,,-1,1,0,1,4,1,60,5,1,2,0,0,8,15,202000002839B01,7,1,1,247200686
202000002843,2020-11-28,2020,novembre,samedi,16:35,37,37136,47.1479303,0.7849588,1,2,7,1,1,3,2,2,1,2,,-1,1,0,1,3,1,65,5,1,2,0,0,9,16,202000002843A01,,,,200071587
202000002864,2020-05-06,2020,mai,mercredi,17:25,14,14333,49.40451,0.2315,1,3,1,1,1,4,2,2,1,3,,-1,1,0,1,4,2,6,5,1,2,0,2,1,1,202000002864B01,7,16,1,200066827
202000002875,2020-05-20,2020,mai,mercredi,07:55,75,75115,48.834005,2.304551,2,1,7,1,1,4,1,1,2,1,,-1,1,0,1,4,1,36,1,2,,0,0,0,1,202000002875A01,,,,200054781
202000002878,2020-05-20,2020,mai,mercredi,07:20,75,75112,48.838992,2.389236,2,2,3,1,1,4,2,3,1,1,,-1,1,-1,5,4,2,53,1,1,2,0,2,1,1,202000002878B01,7,15,1,200054781
202000002880,2020-05-20,2020,mai,mercredi,14:00,75,75110,48.883861,2.368584,2,2,3,1,1,4,-1,2,1,1,,-1,1,5,1,4,2,34,1,2,,0,2,7,1,202000002880A01,43,1,1,200054781
202000002904,2020-05-21,2020,mai,jeudi,17:30,95,95313,49.1038751,2.2494528,1,1,3,1,1,3,2,2,1,1,,5,1,0,8,4,1,45,5,1,2 / 6,0,0,1,1,202000002904B01,7,16,1,249500455