Num_Acc,date,an,mois,jour,hrmn,dep,com,lat,long,agg,int,col,lum,atm,catr,circ,nbv,prof,plan,lartpc,larrout,surf,infra,situ,grav,sexe,age,trajet,secuexist,equipement,obs,obsm,choc,manv,vehiculeid,typevehicules,manoeuvehicules,numVehicules,_infos_commune.code_epci
202000002905,2020-05-20,2020,mai,mercredi,22:45,06,06161,43.625555,7.132794,1,1,2,5,1,3,2,2,1,1,,-1,1,0,1,3,1,18,5,2,,0,0,8,15,202000002905B01,7,1,1,240600585
202000002908,2020-05-21,2020,mai,jeudi,09:00,28,28024,48.400966,1.485096,2,1,7,1,1,3,2,2,1,1,,-1,1,0,1,2,1,73,5,1,2,0,0,0,0,202000002908A01,,,,200033181
202000002915,2020-05-20,2020,mai,mercredi,15:00,61,61362,48.702831,-0.529282,1,4,2,1,1,3,2,2,1,1,,7,1,0,1,3,1,71,5,1,2,0,2,4,1,202000002915A01,7,1,1,200035814
202000002919,2020-05-20,2020,mai,mercredi,16:35,29,29259,48.678359,-3.981267,2,3,1,1,7,3,2,2,2,2,,7,1,5,1,3,1,17,5,1,2 / 6,0,2,1,1,202000002919B01,7,15,1,200067072
202000002926,2020-05-16,2020,mai,samedi,16:20,14,14254,49.144408,-0.417931,1,1,2,1,1,3,2,2,1,1,,7,1,0,1,3,1,53,5,1,2,0,2,4,1,202000002926A01,10,2,1,200065597
202000002929,2020-05-21,2020,mai,jeudi,16:35,73,73297,45.6471527,6.3179832,2,1,7,1,7,3,2,2,2,1,,5.5,1,0,1,3,2,49,5,1,2,0,0,9,1,202000002929A01,,,,200068997
202000002932,2020-05-20,2020,mai,mercredi,19:50,16,16134,45.891193,0.668714,2,1,7,1,1,3,2,2,2,1,0,5.8,1,9,1,4,1,35,5,2,,16,0,9,1,202000002932A01,,,,200072049
202000002934,2020-05-21,2020,mai,jeudi,12:00,04,04163,44.095876,5.512755,1,1,2,1,1,3,2,2,2,1,,-1,1,0,1,4,1,50,5,1,2,0,2,1,1,202000002934A01,21,2,1,200071025
202000002936,2020-05-21,2020,mai,jeudi,11:50,85,85101,46.495312,-1.390361,1,1,3,1,1,3,-1,2,1,1,,-1,1,0,1,3,1,19,5,1,2,0,2,0,1,202000002936B01,7,1,1,200071900
202000002969,2020-05-18,2020,mai,lundi,16:15,81,81163,43.49103,2.37565,2,1,3,1,1,4,1,2,1,1,,-1,1,0,1,4,1,60,5,1,2,1,0,0,0,202000002969B01,7,24,1,248100430
202000003032,2020-05-17,2020,mai,dimanche,16:55,05,05061,44.56383,6.09561,2,6,7,1,1,4,2,2,1,1,,-1,1,0,1,3,2,41,5,2,,12,0,1,1,202000003032A01,,,,200067825
202000003038,2020-05-19,2020,mai,mardi,01:10,75,75120,48.868821,2.383285,2,1,6,5,1,4,1,1,1,1,,-1,1,0,1,4,1,54,9,1,2,1,0,0,14,202000003038A01,,,,200054781
202000003041,2020-03-05,2020,mars,jeudi,15:00,45,45234,47.886134,1.907421,2,3,1,1,3,4,2,2,1,1,,-1,2,-1,6,4,1,16,0,2,,0,2,1,1,202000003041B01,7,15,1,244500468
202000003113,2020-05-07,2020,mai,jeudi,15:00,67,67191,49.0275989,7.0802123,1,1,2,1,1,3,2,2,2,1,,-1,1,0,1,4,1,14,5,2,,0,2,6,13,202000003113B01,7,21,1,200067841
202000003114,2020-03-05,2020,mars,jeudi,17:50,75,75117,48.88206,2.319634,2,3,3,2,3,4,3,2,1,1,,-1,2,0,1,4,1,27,9,1,2,0,2,7,1,202000003114A01,1,5,1,200054781
202000003114,2020-03-05,2020,mars,jeudi,17:50,75,75117,48.88206,2.319634,2,3,3,2,3,4,3,2,1,1,,-1,2,0,1,1,1,20,9,1,2,0,2,1,5,202000003114B01,1,1,1,200054781
202000003115,2020-05-20,2020,mai,mercredi,09:00,82,82161,44.042582,1.457239,1,6,3,1,1,3,2,2,1,2,,-1,1,5,1,3,1,64,5,1,2,0,2,5,1,202000003115B01,7,16,1,200066884
202000003116,2020-03-04,2020,mars,mercredi,00:19,75,75116,48.872286,2.295296,2,5,3,5,1,4,2,2,1,1,,-1,1,5,1,4,1,21,1,2,,0,2,8,15,202000003116B01,7,1,1,200054781
202000003118,2020-03-05,2020,mars,jeudi,08:50,75,75114,48.828932,2.331158,2,2,3,1,2,4,2,2,1,1,,-1,2,0,1,4,2,24,1,1,2,0,2,2,1,202000003118B01,7,1,1,200054781
202000003120,2020-05-20,2020,mai,mercredi,19:40,61,61005,48.344153,0.556886,2,4,1,1,1,3,2,2,1,1,,-1,1,0,1,3,1,13,5,2,,0,2,3,13,202000003120A01,7,1,1,200071504
202000003123,2020-03-05,2020,mars,jeudi,19:35,75,75111,48.866871,2.373361,2,2,3,5,2,4,2,2,1,1,,-1,2,0,1,4,2,32,5,1,2,0,2,8,18,202000003123B01,7,16,1,200054781
202000003130,2020-03-05,2020,mars,jeudi,10:10,75,75109,48.87146,2.336999,2,3,3,1,2,4,2,4,1,1,,-1,2,0,1,1,2,26,1,1,2,0,2,4,15,202000003130B01,30,1,1,200054781
202000003131,2020-03-04,2020,mars,mercredi,14:40,75,75101,48.86095,2.330009,2,2,1,1,2,4,2,3,1,1,,-1,2,6,1,1,1,30,4,2,,0,2,1,1,202000003131A01,1,5,1,200054781
202000003131,2020-03-04,2020,mars,mercredi,14:40,75,75101,48.86095,2.330009,2,2,1,1,2,4,2,3,1,1,,-1,2,6,1,4,1,30,9,2,,0,2,1,5,202000003131B01,1,1,1,200054781
202000003182,2020-03-03,2020,mars,mardi,19:05,01,01262,45.848183,5.0470879,2,6,1,5,1,3,2,2,1,1,,-1,1,5,1,3,2,16,5,2,,0,2,7,1,202000003182B01,7,1,1,240100610
202000003225,2020-03-02,2020,mars,lundi,15:38,63,63113,45.78203,3.11817,2,1,2,1,1,7,2,4,1,1,,-1,2,0,1,4,2,54,0,2,,0,2,4,2,202000003225B01,7,2,1,246300701
202000003229,2020-03-04,2020,mars,mercredi,11:30,59,59131,50.9919,2.35332,1,6,3,1,1,4,-1,1,1,1,,-1,1,9,1,3,1,77,5,1,2,0,2,0,0,202000003229B01,7,9,1,245900428
202000003238,2020-03-04,2020,mars,mercredi,19:00,44,44162,47.2294577,-1.6337736,2,6,3,3,2,4,1,2,1,1,,-1,2,0,1,4,2,25,1,1,2,0,2,1,15,202000003238B01,7,1,1,244400404
202000003252,2020-03-02,2020,mars,lundi,17:10,22,22278,48.51291,-2.76595,2,1,6,1,1,4,1,1,2,1,,-1,1,0,1,4,1,16,0,1,2,0,1,1,1,202000003252A01,,,,200069409
202000003332,2020-09-18,2020,septembre,vendredi,19:00,75,75108,48.863768,2.301622,2,1,3,2,1,4,1,3,1,1,,-1,1,-1,6,3,1,29,9,2,,0,2,7,12,202000003332B01,7,11,1,200054781
202000003333,2020-09-18,2020,septembre,vendredi,16:00,75,75117,48.878855,2.301764,2,4,6,1,1,4,2,4,1,1,,-1,1,0,4,4,2,16,1,2,,8,0,1,25,202000003333A01,,,,200054781
202000003335,2020-09-18,2020,septembre,vendredi,09:40,75,75117,48.879152,2.303151,2,5,-1,1,1,4,2,4,1,1,,-1,1,-1,5,4,2,35,9,2,,0,2,1,1,202000003335A01,7,22,1,200054781
202000003336,2020-09-17,2020,septembre,jeudi,22:40,75,75117,48.890263,2.320751,2,2,3,5,1,4,2,2,2,1,,-1,1,-1,6,4,2,27,9,1,2,0,2,2,7,202000003336B01,30,10,1,200054781
202000003341,2020-09-17,2020,septembre,jeudi,18:15,75,75116,48.857578,2.237326,2,1,3,1,1,4,2,2,1,1,,-1,1,0,1,4,1,47,5,1,2,0,2,1,1,202000003341B01,1,13,1,200054781
202000003341,2020-09-17,2020,septembre,jeudi,18:15,75,75116,48.857578,2.237326,2,1,3,1,1,4,2,2,1,1,,-1,1,0,1,1,1,27,5,1,2,0,2,4,13,202000003341A01,1,1,1,200054781
202000003342,2020-09-18,2020,septembre,vendredi,20:15,75,75113,48.8314,2.37588,2,2,3,5,1,4,2,5,1,1,,-1,1,-1,5,4,1,60,1,2,,0,2,8,1,202000003342A01,7,15,1,200054781
202000003344,2020-09-17,2020,septembre,jeudi,23:20,75,75113,48.841035,2.369116,2,1,3,5,1,4,2,5,1,1,,-1,1,-1,5,4,1,21,5,1,2,0,2,8,1,202000003344B01,7,12,1,200054781
202000003348,2020-09-18,2020,septembre,vendredi,09:00,75,75116,48.858474,2.257737,2,1,3,1,1,4,3,1,1,1,,-1,1,0,1,4,2,41,5,2,,0,2,6,19,202000003348B01,43,18,1,200054781
202000003350,2020-09-18,2020,septembre,vendredi,12:50,75,75104,48.852911,2.358971,2,3,7,1,1,4,-1,2,1,1,,-1,1,0,1,4,1,59,4,2,,0,0,1,1,202000003350A01,,,,200054781
202000003401,2020-09-19,2020,septembre,samedi,16:00,34,34114,43.653757,3.552162,2,3,2,1,1,3,2,2,1,1,,-1,1,0,1,3,1,13,5,2,,0,0,8,19,202000003401B01,7,1,1,243400694
202000003401,2020-09-19,2020,septembre,samedi,16:00,34,34114,43.653757,3.552162,2,3,2,1,1,3,2,2,1,1,,-1,1,0,1,3,1,13,5,2,,0,0,8,19,202000003401B01,7,1,1,243400694
202000003415,2020-09-19,2020,septembre,samedi,08:55,07,07349,44.79752,4.762917,1,1,4,1,1,3,2,2,2,1,,-1,1,0,1,3,1,47,5,1,2,0,2,1,13,202000003415A01,7,1,1,200071413
202000003415,2020-09-19,2020,septembre,samedi,08:55,07,07349,44.79752,4.762917,1,1,4,1,1,3,2,2,2,1,,-1,1,0,1,1,1,40,5,1,2,0,0,4,1,202000003415B01,7,1,1,200071413
202000003421,2020-09-16,2020,septembre,mercredi,10:30,13,13051,43.597622,5.091893,1,6,3,1,1,3,2,2,1,1,,-1,1,0,1,3,1,31,5,2,,0,0,5,0,202000003421A01,7,19,1,200054807
202000003455,2020-06-20,2020,juin,samedi,15:50,14,14366,49.14179,0.243967,2,3,3,1,1,4,2,2,1,1,,-1,1,0,1,4,1,29,5,1,2,0,2,1,13,202000003455B01,7,15,1,200069532
202000003477,2020-06-22,2020,juin,lundi,20:30,75,75118,48.888351,2.349585,2,2,6,2,1,4,3,6,4,1,,-1,1,-1,5,1,2,33,1,1,2,0,1,1,1,202000003477A01,,,,200054781
202000003478,2020-06-22,2020,juin,lundi,20:10,75,75117,48.892324,2.317194,2,3,6,1,1,4,2,3,1,1,,-1,1,-1,5,1,1,28,5,2,,0,1,1,1,202000003478A01,,,,200054781
202000003481,2020-06-22,2020,juin,lundi,09:30,75,75115,48.835385,2.307575,2,1,7,1,1,4,2,2,1,1,,-1,1,0,1,4,2,25,1,2,,0,0,1,1,202000003481A01,,,,200054781
202000003483,2020-06-22,2020,juin,lundi,07:40,75,75112,48.83378,2.445165,2,5,3,1,1,4,1,1,1,2,,-1,1,-1,5,4,1,38,9,1,2,0,2,1,1,202000003483B01,10,15,1,200054781
202000003487,2020-06-22,2020,juin,lundi,19:55,75,75101,48.859532,2.347928,2,3,1,1,1,4,1,1,1,1,,-1,1,6,1,4,2,20,9,2,,0,2,1,1,202000003487A01,1,1,1,200054781
202000003488,2020-06-22,2020,juin,lundi,12:20,75,75103,48.857243,2.36176,2,2,7,1,1,4,1,1,1,1,,-1,1,0,1,4,1,33,3,2,,0,0,0,1,202000003488A01,,,,200054781
202000003509,2020-06-20,2020,juin,samedi,13:45,01,01054,45.88875,5.150753,2,1,3,1,1,4,2,2,2,1,,-1,1,0,1,3,1,77,5,1,2 / 6,0,2,1,26,202000003509B01,7,15,1,240100883
202000003513,2020-06-23,2020,juin,mardi,13:00,38,38188,45.149184,5.783159,1,1,1,1,1,3,2,2,2,4,,-1,1,0,1,3,1,45,5,1,2,0,2,1,1,202000003513B01,14,1,1,200040715
202000003517,2020-06-23,2020,juin,mardi,11:35,56,56097,47.762991,-3.110311,2,3,5,1,1,3,2,2,2,1,,-1,1,0,1,4,1,60,5,1,2,0,2,1,1,202000003517B01,7,15 / 23,2,200043123
202000003546,2020-06-20,2020,juin,samedi,13:30,67,67130,48.416897,7.696046,2,1,1,1,2,9,2,2,2,2,,-1,2,2,5,1,1,53,1,2,,0,0,1,0,202000003546A01,1,0,1,200067924
202000003546,2020-06-20,2020,juin,samedi,13:30,67,67130,48.416897,7.696046,2,1,1,1,2,9,2,2,2,2,,-1,2,2,5,4,1,54,5,1,2,0,0,1,0,202000003546B01,1,0,1,200067924
202000003600,2020-06-20,2020,juin,samedi,23:40,75,75117,48.882212,2.320345,2,2,3,5,1,4,1,4,1,1,,-1,1,0,1,4,1,25,9,2,,0,2,5,19,202000003600A01,33,1,1,200054781
202000003602,2020-06-20,2020,juin,samedi,13:45,75,75111,48.848612,2.394357,2,7,7,1,1,4,2,2,1,1,,-1,1,5,1,3,1,36,9,2,,12,0,1,14,202000003602A01,,,,200054781
202000003634,2020-06-22,2020,juin,lundi,10:15,14,14239,49.387813,-0.948923,1,3,-1,1,1,3,2,2,2,2,,-1,1,0,1,4,1,17,5,1,2,0,2,1,2,202000003634C01,10,15,1,200066801
202000003634,2020-06-22,2020,juin,lundi,10:15,14,14239,49.387813,-0.948923,1,3,-1,1,1,3,2,2,2,2,,-1,1,0,1,1,1,48,5,1,2,0,0,4,21,202000003634B01,10,15,1,200066801
202000003638,2020-06-19,2020,juin,vendredi,13:10,36,36018,46.630763,1.058089,2,1,3,2,1,3,2,2,2,2,,-1,1,0,1,4,1,69,1,2,,0,2,8,1,202000003638B01,31,17,1,243600319
202000003648,2020-02-01,2020,février,samedi,13:20,75,75115,48.845091,2.279153,2,1,3,1,2,4,2,2,1,1,,-1,2,0,1,4,1,71,5,2,,0,2,1,1,202000003648B01,7,10,1,200054781
202000003667,2020-02-01,2020,février,samedi,19:52,74,74011,45.923203,6.136562,2,6,3,5,2,4,1,2,2,3,,-1,2,5,1,4,1,31,9,1,4,0,2,1,1,202000003667A01,7,9,1,
202000003670,2020-02-03,2020,février,lundi,11:20,89,89167,47.870935,3.436146,1,2,3,1,2,3,2,2,2,1,,-1,2,0,1,4,1,30,5,1,9 / 2,0,2,1,1,202000003670B01,7,1,1,248900524
202000003671,2020-02-03,2020,février,lundi,13:20,63,63109,45.56483,3.160543,1,2,2,1,1,3,2,2,1,1,,-1,1,0,1,4,1,70,5,1,2,0,2,1,0,202000003671B01,7,19,1,200070407
202000003698,2020-02-02,2020,février,dimanche,12:00,33,33234,44.80406,-0.50054,2,3,6,1,1,3,2,2,2,1,,-1,1,0,3,3,1,17,5,1,2 / 6,6,0,1,1,202000003698A01,,,,243301439
202000003701,2020-02-02,2020,février,dimanche,10:33,68,68063,47.809051,7.172379,2,2,3,1,2,4,2,2,1,1,,-1,2,0,1,4,1,52,5,2,,0,0,7,1,202000003701B01,7,1,1,200036465
202000003764,2020-02-01,2020,février,samedi,14:05,75,75119,48.886682,2.374542,2,3,6,1,1,4,2,1,1,1,,3,1,-1,5,4,2,32,5,2,,0,1,1,1,202000003764A01,,,,200054781
202000003772,2020-02-01,2020,février,samedi,01:40,75,75109,48.882708,2.335753,2,1,6,5,1,4,1,1,1,1,,-1,1,0,1,4,1,34,5,2,,1,0,1,14,202000003772B01,,,,200054781
202000003774,2020-01-30,2020,janvier,jeudi,12:45,75,75108,48.8748506,2.3198769,2,7,3,1,2,4,3,8,1,1,,24,2,-1,6,4,1,23,4,1,2,0,2,4,7,202000003774B01,10,7,1,200054781
202000003826,2020-01-23,2020,janvier,jeudi,13:15,59,59310,50.325043,3.826675,2,3,1,1,1,3,2,2,1,1,,-1,1,0,1,3,1,75,5,1,2,0,2,0,0,202000003826B01,7,13,1,200043321
202000003856,2020-07-20,2020,juillet,lundi,10:16,971,97101,16.25156,-61.51325,1,2,3,1,1,3,2,-1,1,1,,-1,1,0,1,4,1,16,5,2,,0,2,2,26,202000003856B01,7,15,1,200018653
202000003925,2020-07-21,2020,juillet,mardi,20:20,75,75112,48.85064,2.378805,2,4,3,1,1,4,1,3,1,1,,-1,1,-1,5,4,1,30,5,1,2,0,2,8,1,202000003925B01,30,16,1,200054781
202000003927,2020-07-22,2020,juillet,mercredi,09:20,75,75109,48.871046,2.331907,2,7,3,1,1,4,-1,4,1,1,,-1,1,-1,6,4,2,35,1,2,,0,2,1,7,202000003927B01,14,22,1,200054781
202000003952,2020-07-22,2020,juillet,mercredi,19:15,83,83072,43.494768,6.354507,2,1,1,2,1,4,2,2,2,1,,-1,1,0,1,3,1,11,5,2,,0,2,4,2,202000003952B01,10,2,1,248300493
202000003954,2020-07-23,2020,juillet,jeudi,11:30,22,22368,48.568202,-2.059733,1,1,3,1,1,3,2,2,1,1,,-1,1,0,1,2,1,62,5,1,2,0,2,0,1,202000003954A01,21,1,1,243500725
202000003965,2020-07-19,2020,juillet,dimanche,09:00,41,41106,47.595992,2.022745,2,3,3,1,1,3,2,-1,1,1,,-1,1,0,1,3,1,31,5,2,,0,2,1,19,202000003965B01,7,1,1,200000800
202000003968,2020-07-23,2020,juillet,jeudi,09:33,44,44194,47.26005,-1.65795,2,3,3,1,1,7,2,2,1,1,,-1,1,0,1,3,1,59,3,2,,0,2,1,1,202000003968B01,7,15,1,244400404
202000003970,2020-07-23,2020,juillet,jeudi,08:55,26,26324,44.345849,4.755015,2,6,3,1,1,3,1,1,1,1,,-1,1,0,1,2,1,65,5,2,,0,2,1,1,202000003970B01,7,9,1,200042901
202000003991,2020-07-23,2020,juillet,jeudi,12:30,69,69007,45.501279,4.802321,1,3,-1,1,1,3,2,2,2,1,,-1,1,0,1,3,1,59,5,1,2 / 6,0,2,1,1,202000003991B01,7,15,1,200077014
202000004091,2020-08-22,2020,août,samedi,22:30,75,75107,48.846907,2.316814,2,2,2,5,1,4,2,3,1,3,,-1,1,-1,5,4,1,44,9,2,,0,2,1,1,202000004091B01,7,4,1,200054781
202000004136,2020-08-22,2020,août,samedi,17:10,35,35094,48.336233,-1.716941,1,1,3,1,1,3,2,2,1,1,,-1,1,0,1,3,1,76,5,1,2,0,2,0,10,202000004136A01,7,17,1,243500733
202000004167,2020-10-16,2020,octobre,vendredi,17:40,75,75115,48.835768,2.279232,2,1,6,1,1,4,3,2,1,1,,-1,1,-1,5,4,2,17,9,2,,9,0,1,1,202000004167A01,,,,200054781
202000004176,2020-10-16,2020,octobre,vendredi,17:50,75,75104,48.850884,2.361111,2,1,7,1,1,4,2,2,1,1,,-1,1,-1,5,4,2,73,5,1,2,0,0,7,1,202000004176A01,,,,200054781
202000004179,2020-10-15,2020,octobre,jeudi,09:20,75,75104,48.853912,2.355341,2,1,6,1,1,4,2,2,1,1,,-1,1,-1,5,4,2,44,1,1,2,0,1,1,1,202000004179A01,,,,200054781
202000004198,2020-08-23,2020,août,dimanche,18:00,95,95678,49.075918,2.248292,1,1,1,1,1,3,2,2,2,2,,-1,1,0,1,2,2,60,5,1,2,0,2,1,1,202000004198B01,7,13,1,249500455
202000004231,2020-10-16,2020,octobre,vendredi,08:00,92,92071,48.7835209,2.3057234,2,1,3,2,1,3,2,2,2,1,,-1,1,0,1,4,1,18,0,2,,1,0,1,2,202000004231B01,7,24,1,200054781
202000004238,2020-08-23,2020,août,dimanche,10:36,22,22389,48.463147,-2.650956,1,1,7,1,1,3,2,2,1,1,,-1,1,0,1,4,1,65,5,1,2,0,0,1,1,202000004238A01,,,,200069409
202000004355,2020-10-17,2020,octobre,samedi,16:07,09,09293,42.972038,1.520813,1,1,6,1,1,3,2,2,2,1,,-1,1,0,1,4,1,35,5,1,2,0,1,1,17,202000004355A01,,,,200067791
202000004362,2020-08-21,2020,août,vendredi,07:45,14,14118,49.20599,-0.35935,2,2,-1,1,1,4,2,2,1,1,,-1,1,0,1,4,1,47,1,2,,0,2,4,23,202000004362B01,37,1,1,200065597
202000004380,2020-08-21,2020,août,vendredi,19:20,75,75118,48.897766,2.334053,2,3,3,1,1,4,1,3,1,1,,-1,1,0,1,4,1,71,5,2,,0,2,1,13,202000004380B01,33,1,1,200054781
202000004383,2020-08-21,2020,août,vendredi,21:30,75,75115,48.84242,2.277614,2,2,-1,5,1,4,1,1,1,1,,-1,1,0,1,4,2,83,5,2,,0,2,1,19,202000004383A01,30,1,1,200054781
202000004392,2020-08-21,2020,août,vendredi,18:30,75,75109,48.873753,2.342675,2,1,3,1,1,4,1,2,1,1,,-1,1,0,1,4,2,27,9,2,,0,2,7,17,202000004392B01,7,22,1,200054781
202000004424,2020-11-29,2020,novembre,dimanche,11:35,38,38298,45.378494,4.804346,2,6,1,1,1,4,2,2,3,1,,-1,1,0,1,4,1,15,5,2,,0,2,1,5,202000004424B01,7,16,1,200085751
202000004433,2020-12-16,2020,décembre,mercredi,18:00,17,17010,46.113103,-1.116807,1,1,1,3,2,4,2,2,1,3,,-1,2,0,1,3,1,42,3,2,,0,2,1,1,202000004433B01,7,1,1,241700434
202000004439,2020-10-08,2020,octobre,jeudi,08:35,73,73065,45.570275,5.916717,2,3,3,1,1,4,2,2,1,1,,-1,1,0,5,4,2,48,0,2,,0,2,8,1,202000004439B01,7,16,1,200069110
202000004535,2020-06-17,2020,juin,mercredi,18:45,73,73213,45.555247,5.951382,1,9,3,1,1,3,2,2,1,3,,-1,1,6,5,4,2,28,5,1,2,0,2,0,19,202000004535B01,17,1,1,200069110
202000004543,2020-11-24,2020,novembre,mardi,10:15,11,11262,43.1816,3.00759,2,1,7,1,1,4,2,2,1,1,,-1,1,0,1,1,1,39,9,1,2,0,1,0,0,202000004543A01,,,,241100593
202000004588,2020-06-09,2020,juin,mardi,09:05,27,27229,49.03393,1.18349,2,2,2,1,1,4,-1,1,1,1,,-1,1,0,1,4,1,26,5,1,2 / 6,0,2,4,1,202000004588B01,7,9,1,200071454
202000004593,2020-12-15,2020,décembre,mardi,17:57,05,05061,44.55123,6.06746,2,1,6,4,2,4,2,2,1,1,,-1,2,0,1,1,1,43,5,2,,0,1,1,1,202000004593A01,,,,200067825
202000004663,2020-11-27,2020,novembre,vendredi,10:20,75,75113,48.843159,2.366232,2,1,6,1,1,4,2,4,1,1,,-1,1,-1,5,4,1,54,1,1,2,0,1,1,1,202000004663A01,,,,200054781
202000004665,2020-11-27,2020,novembre,vendredi,20:08,75,75102,48.868887,2.33856,2,2,3,5,1,4,1,2,1,1,,-1,1,0,1,4,1,59,1,1,2,0,2,0,1,202000004665B01,7,1,1,200054781
202000004701,2020-11-25,2020,novembre,mercredi,14:30,26,26005,44.499226,4.786381,2,3,1,1,1,3,2,2,1,1,,-1,1,0,1,4,1,12,5,2,,0,2,1,11,202000004701B01,7,1,1,200040459
202000004710,2020-11-28,2020,novembre,samedi,16:40,24,24067,44.907008,0.943515,1,1,2,1,1,3,2,2,1,1,,-1,1,0,1,2,2,55,3,2,,0,0,4,1,202000004710B01,33,2,1,200041168
202000004713,2020-11-28,2020,novembre,samedi,10:45,67,67152,48.516739,7.654333,2,6,3,1,8,7,2,2,1,3,,-1,1,5,1,3,1,56,9,2,,0,2,5,14,202000004713B01,7,1,1,246700488
202000004721,2020-11-28,2020,novembre,samedi,11:50,01,01043,45.833273,4.993286,2,6,3,1,1,3,1,1,1,2,,-1,1,0,5,2,1,80,0,2,,0,2,8,26,202000004721B01,7,16,1,240100800
202000004796,2020-11-24,2020,novembre,mardi,16:35,12,12202,44.35676,2.58092,2,6,2,1,1,4,2,2,1,1,,-1,1,5,1,4,1,20,5,2,,0,2,1,2,202000004796A01,7,1,1,241200187
202000004799,2020-05-19,2020,mai,mardi,19:00,26,26099,44.384182,4.89683,1,9,3,1,6,3,2,2,2,1,,-1,1,0,1,4,1,22,5,1,2,0,2,0,21,202000004799B01,7,17,1,200040681
202000004800,2020-05-19,2020,mai,mardi,16:15,58,58095,46.818153,3.450694,2,1,3,1,1,3,2,2,4,1,,-1,1,0,1,3,2,63,3,1,2 / 6,0,2,7,1,202000004800B01,7,16,1,200067700
202000004828,2020-05-20,2020,mai,mercredi,15:50,81,81225,43.910094,1.983402,2,1,3,1,1,3,2,2,1,1,,-1,1,0,1,3,1,75,5,1,2,0,2,1,1,202000004828B01,7,15,1,200066124
202000004859,2020-05-15,2020,mai,vendredi,15:38,95,95018,48.940665,2.234484,2,1,6,1,1,4,2,0,1,1,,-1,1,0,1,2,1,35,9,1,2,12,0,0,26,202000004859A01,,,,200054781
202000004868,2020-05-18,2020,mai,lundi,19:34,81,81004,43.95483,2.1154,2,1,1,1,1,3,2,2,2,1,,-1,1,0,1,2,1,23,5,1,2,0,2,1,0,202000004868B01,7,0,1,248100737
202000004901,2020-05-17,2020,mai,dimanche,23:25,75,75120,48.868422,2.388624,2,1,3,5,1,4,2,2,2,1,,-1,1,0,1,4,1,34,4,2,,0,2,1,17,202000004901B01,7,10,1,200054781
202000004905,2020-05-18,2020,mai,lundi,17:55,75,75109,48.872378,2.337413,2,2,3,1,1,4,1,3,1,1,,-1,1,0,1,4,2,52,1,1,2,0,2,2,15,202000004905B01,34,1,1,200054781
202000004907,2020-05-18,2020,mai,lundi,09:15,75,75102,48.868922,2.354041,2,2,1,1,1,4,2,4,1,1,,-1,1,-1,5,4,1,50,1,1,2,0,2,1,5,202000004907A01,1,1,1,200054781
202000004907,2020-05-18,2020,mai,lundi,09:15,75,75102,48.868922,2.354041,2,2,1,1,1,4,2,4,1,1,,-1,1,-1,5,4,2,46,1,2,,0,2,1,1,202000004907B01,1,5,1,200054781
202000004926,2020-05-19,2020,mai,mardi,13:56,67,67173,48.634607,7.675699,1,3,1,1,1,3,2,2,2,1,,5.5,1,5,1,2,1,69,5,2,,0,2,1,1,202000004926B01,7,15,1,200034635
202000004928,2020-05-07,2020,mai,jeudi,19:30,50,50363,48.961877,-1.12361,1,1,1,1,1,3,2,2,2,3,,-1,9,0,1,3,1,18,5,2,,0,2,1,13,202000004928A01,7,1,1,200066389
202000004934,2020-05-19,2020,mai,mardi,10:30,12,12102,44.312518,2.68899,1,1,7,1,1,4,2,2,4,3,,-1,9,0,3,3,1,64,5,1,2,0,0,0,13,202000004934A01,,,,241200658
202000004936,2020-05-18,2020,mai,lundi,18:30,41,41106,47.608019,2.026218,2,1,3,1,1,3,2,2,1,1,,5.5,1,0,1,3,2,47,5,1,2,0,2,3,2,202000004936B01,7,17,1,200000800
202000004938,2020-05-17,2020,mai,dimanche,11:10,29,29135,47.833033,-4.168625,2,1,3,1,1,4,2,2,1,1,,5,1,0,1,4,2,52,5,2,,1,0,1,1,202000004938B01,7,22,1,242900702
202000004940,2020-05-18,2020,mai,lundi,18:20,84,84002,43.742414,5.510867,1,1,1,1,1,4,2,2,2,3,,-1,1,0,1,3,1,14,5,2,,0,2,8,1,202000004940B01,7,16,1,248400285
202000004948,2020-05-19,2020,mai,mardi,09:20,60,60655,49.5605497,3.091943,1,1,3,1,1,3,2,2,1,1,,-1,1,0,1,3,1,28,0,1,2,13,2,8,23,202000004948B01,10,1,1,246000756
202000004950,2020-05-19,2020,mai,mardi,12:00,73,73043,45.7496697,5.9262892,1,1,2,1,1,3,2,3,2,1,,10.5,1,0,1,3,1,57,5,2,,0,2,4,2,202000004950B01,7,2,1,200068674
202000004969,2020-05-16,2020,mai,samedi,19:15,69,69272,45.605984,4.828556,2,1,3,1,1,4,1,1,1,1,,5,1,0,1,3,1,10,5,2,,0,0,0,26,202000004969B01,7,1,1,246900765
202000005007,2020-03-04,2020,mars,mercredi,09:00,75,75116,48.857351,2.264669,2,2,3,1,1,4,2,6,1,1,,-1,1,0,5,4,2,57,9,2,,0,2,6,13,202000005007A01,1,17,1,200054781