Num_Acc,date,an,mois,jour,hrmn,dep,com,lat,long,agg,int,col,lum,atm,catr,circ,nbv,prof,plan,lartpc,larrout,surf,infra,situ,grav,sexe,age,trajet,secuexist,equipement,obs,obsm,choc,manv,vehiculeid,typevehicules,manoeuvehicules,numVehicules,_infos_commune.code_epci
202000005007,2020-03-04,2020,mars,mercredi,09:00,75,75116,48.857351,2.264669,2,2,3,1,1,4,2,6,1,1,,-1,1,0,5,1,1,38,9,2,,0,2,2,17,202000005007B01,1,13,1,200054781
202000005010,2020-03-04,2020,mars,mercredi,09:50,75,75115,48.833651,2.276453,2,2,3,1,1,4,1,2,1,1,,-1,1,5,1,4,2,29,1,1,2,0,2,1,1,202000005010B01,7,1,1,200054781
202000005013,2020-03-04,2020,mars,mercredi,19:00,75,75111,48.860683,2.3753,2,3,3,5,2,4,2,2,1,1,,-1,2,0,5,4,1,24,9,2,,0,2,1,1,202000005013A01,30,15,1,200054781
202000005046,2020-03-04,2020,mars,mercredi,07:00,31,31341,43.718231,1.305876,1,1,2,3,2,3,2,2,1,1,,5,2,0,1,3,1,49,1,2,,0,0,4,2,202000005046B01,7,2,1,200071314
202000005055,2020-03-05,2020,mars,jeudi,06:20,08,08067,49.625647,5.178352,2,1,2,5,2,3,2,2,1,1,,-1,2,0,1,3,1,60,4,2,,0,0,4,2,202000005055A01,14,2,1,240800847
202000005059,2020-03-05,2020,mars,jeudi,00:30,971,97103,16.254179,-61.566192,2,1,2,3,1,2,3,4,1,1,,-1,1,0,1,2,1,22,9,2,,0,2,4,2,202000005059A01,7,2,1,200018653
202000005128,2020-02-28,2020,février,vendredi,08:56,80,80021,49.88706,2.31616,2,1,3,1,1,4,1,1,2,1,,-1,1,0,1,4,1,28,0,2,,0,2,1,19,202000005128A01,7,1,1,248000531
202000005164,2020-03-02,2020,mars,lundi,07:35,50,50129,49.61296,-1.65051,1,1,3,2,2,3,2,2,1,1,,-1,2,0,1,4,1,29,1,1,4,0,2,8,1,202000005164B01,7,17,1,200067205
202000005230,2020-09-16,2020,septembre,mercredi,17:10,28,28134,48.74238,1.34665,2,1,2,1,1,7,2,2,2,1,,-1,1,0,5,4,1,7,5,2,,0,2,0,1,202000005230B01,7,4,1,200040277
202000005231,2020-09-16,2020,septembre,mercredi,20:45,27,27375,49.2097,1.1631,2,1,-1,3,1,3,2,2,1,1,,-1,1,0,1,4,1,37,0,2,,0,2,7,19,202000005231B01,7,1,1,200089456
202000005244,2020-09-17,2020,septembre,jeudi,13:45,12,12145,44.11632,3.06702,2,6,3,1,1,4,2,2,2,1,,-1,1,0,1,4,1,44,1,1,2,0,2,1,17,202000005244A01,7,1,1,241200567
202000005256,2020-09-16,2020,septembre,mercredi,22:32,75,75119,48.898821,2.386811,2,1,1,5,1,4,-1,5,1,1,,-1,1,-1,6,4,1,54,9,2,,0,2,1,5,202000005256A01,30,7,1,200054781
202000005260,2020-09-15,2020,septembre,mardi,22:40,75,75116,48.858816,2.289003,2,3,2,3,1,4,2,8,1,1,,-1,1,0,1,4,1,22,9,1,2,0,2,1,2,202000005260B01,7,20,1,200054781
202000005267,2020-09-17,2020,septembre,jeudi,16:15,75,75111,48.866348,2.368855,2,2,3,1,1,4,2,4,1,1,,-1,1,0,1,4,1,15,9,1,2,0,2,1,1,202000005267A01,33,1,1,200054781
202000005268,2020-09-16,2020,septembre,mercredi,23:10,75,75109,48.877095,2.339325,2,1,3,5,1,4,1,2,2,1,,-1,1,0,1,4,2,19,5,2,,0,2,3,11,202000005268B01,7,17,1,200054781
202000005271,2020-09-17,2020,septembre,jeudi,09:50,75,75108,48.871609,2.312097,2,1,2,1,1,4,1,1,1,1,,-1,1,0,1,4,1,28,1,1,2,0,2,4,2,202000005271A01,7,2,1,200054781
202000005273,2020-09-17,2020,septembre,jeudi,11:45,75,75107,48.862828,2.313461,2,2,3,1,1,4,2,4,1,1,,-1,1,0,1,4,1,18,5,1,2,0,2,3,1,202000005273B01,10,15,1,200054781
202000005274,2020-09-17,2020,septembre,jeudi,18:20,75,75104,48.858733,2.348347,2,3,3,1,1,4,1,5,1,1,,-1,1,-1,6,4,2,37,9,1,2,0,2,3,7,202000005274B01,7,17,1,200054781
202000005285,2020-09-16,2020,septembre,mercredi,10:25,94,94019,48.8028,2.5524,2,1,3,1,1,4,2,2,1,1,,-1,1,0,1,4,2,61,5,2,,0,2,5,0,202000005285Y01,7,17,1,200054781
202000005306,2020-09-15,2020,septembre,mardi,11:55,67,67061,48.8244357,7.4802247,2,1,6,1,1,4,2,2,2,1,,-1,1,0,1,1,1,9,2,2,,0,1,1,0,202000005306A01,,,,200067783
202000005306,2020-09-15,2020,septembre,mardi,11:55,67,67061,48.8244357,7.4802247,2,1,6,1,1,4,2,2,2,1,,-1,1,0,1,1,2,44,5,2,,0,1,1,0,202000005306A01,,,,200067783
202000005317,2020-09-18,2020,septembre,vendredi,13:50,81,81063,43.9389141,2.0779455,2,6,3,1,1,3,2,2,2,1,,-1,1,0,1,3,1,68,5,1,2,0,2,1,5,202000005317A01,7,21,1,248100737
202000005319,2020-09-12,2020,septembre,samedi,09:50,44,44154,47.244793,-2.162182,2,6,3,1,1,3,1,1,1,2,,-1,1,5,1,3,1,30,5,2,,0,0,7,1,202000005319B01,7,9,1,244400586
202000005322,2020-09-18,2020,septembre,vendredi,18:35,38,38384,45.355372,5.335906,1,6,3,1,1,3,1,2,1,2,,-1,1,5,1,4,1,56,5,2,,0,2,7,9,202000005322B01,10,9,1,200059392
202000005347,2020-09-18,2020,septembre,vendredi,08:00,78,78120,48.623488,1.98845,2,1,5,1,1,3,2,2,1,1,,-1,1,0,1,3,1,49,5,1,2,0,0,3,1,202000005347B01,7,2,1,200073344
202000005347,2020-09-18,2020,septembre,vendredi,08:00,78,78120,48.623488,1.98845,2,1,5,1,1,3,2,2,1,1,,-1,1,0,1,3,2,55,5,1,2,0,0,3,1,202000005347C01,7,2,1,200073344
202000005351,2020-09-18,2020,septembre,vendredi,17:00,39,39210,46.759682,5.953157,1,1,7,1,1,4,2,2,2,3,,-1,1,0,1,3,1,66,5,1,2,0,0,7,1,202000005351A01,,,,200069623
202000005360,2020-09-18,2020,septembre,vendredi,10:55,22,22173,48.54535,-2.595767,1,2,6,1,1,4,2,2,2,1,,-1,1,0,1,3,1,23,4,1,2,0,2,1,1,202000005360A01,,,,
202000005363,2020-08-16,2020,août,dimanche,11:30,60,60041,49.3927519,2.2073582,2,8,7,1,3,3,2,2,1,1,,-1,2,4,1,3,1,67,5,1,2,0,0,0,1,202000005363A01,,,,200067999
202000005379,2020-06-21,2020,juin,dimanche,00:00,987,98739,-23.868998,-147.675272,1,1,1,3,1,4,2,2,2,1,,-1,1,0,1,2,1,44,0,2,,0,2,0,0,202000005379B01,7,1,1,
202000005385,2020-06-22,2020,juin,lundi,17:29,34,34157,43.436865,3.589917,2,9,3,1,1,4,2,2,1,1,,-1,1,0,1,3,1,23,1,2,,0,2,1,16,202000005385A01,7,1,1,200066355
202000005390,2020-06-19,2020,juin,vendredi,18:25,21,21370,47.2764792,5.1723965,2,1,3,1,1,4,2,2,1,1,,-1,1,0,1,3,1,18,5,2,,0,2,1,19,202000005390B01,7,1,1,242100410
202000005458,2020-06-20,2020,juin,samedi,16:14,75,75119,48.88126,2.373246,2,2,3,1,1,4,2,2,4,1,,-1,1,0,1,4,2,47,9,2,,0,2,8,1,202000005458B01,30,1,1,200054781
202000005462,2020-06-20,2020,juin,samedi,06:45,75,75111,48.864713,2.370121,2,3,3,2,1,4,1,2,1,1,,-1,1,-1,5,4,1,59,5,2,,0,2,7,1,202000005462B01,10,22,1,200054781
202000005464,2020-06-20,2020,juin,samedi,10:20,75,75110,48.876182,2.356047,2,3,6,1,1,4,1,1,1,1,,-1,1,-1,5,1,1,32,1,1,2,0,1,1,1,202000005464A01,,,,200054781
202000005525,2020-06-21,2020,juin,dimanche,19:23,55,55433,48.620758,5.703111,2,4,7,1,1,3,2,2,1,1,,-1,9,0,1,4,2,40,5,2,,0,0,0,0,202000005525A01,,,,200066157
202000005545,2020-01-31,2020,janvier,vendredi,19:30,65,65440,43.230692,0.081502,2,1,6,2,1,4,1,2,1,1,,-1,1,0,1,4,2,6,5,1,2,1,0,6,14,202000005545A01,,,,200069300
202000005545,2020-01-31,2020,janvier,vendredi,19:30,65,65440,43.230692,0.081502,2,1,6,2,1,4,1,2,1,1,,-1,1,0,1,4,1,35,5,1,2,1,0,6,14,202000005545A01,,,,200069300
202000005558,2020-06-21,2020,juin,dimanche,09:15,64,64259,43.293388,-1.241734,1,1,3,1,1,3,2,2,2,4,,-1,1,0,1,4,1,59,5,1,2,0,2,3,2,202000005558A01,99,17,1,200067106
202000005578,2020-06-21,2020,juin,dimanche,17:00,77,77078,48.967988,3.138818,2,9,1,1,1,9,-1,2,2,3,,4,1,0,1,4,1,12,5,2,,0,2,0,0,202000005578B01,10,0,1,200090504
202000005596,2020-06-21,2020,juin,dimanche,15:30,01,01187,46.034446,5.674219,2,3,3,1,1,3,2,1,4,2,,-1,1,0,1,3,1,11,5,2,,0,2,1,5,202000005596B01,14,1,1,200040350
202000005596,2020-06-21,2020,juin,dimanche,15:30,01,01187,46.034446,5.674219,2,3,3,1,1,3,2,1,4,2,,-1,1,0,1,4,1,9,5,2,,0,2,1,5,202000005596B01,14,1,1,200040350
202000005609,2020-06-18,2020,juin,jeudi,15:30,59,59250,50.583032,2.903094,1,1,-1,1,1,4,2,2,1,1,,4,1,0,1,3,1,18,5,2,,0,2,6,19,202000005609A01,33,21,1,200093201
202000005643,2020-01-30,2020,janvier,jeudi,17:15,75,75112,48.8382369,2.3764302,2,1,-1,1,1,4,2,2,1,1,,-1,1,-1,5,4,1,43,1,1,2,0,2,1,13,202000005643A01,1,1,1,200054781
202000005709,2020-02-01,2020,février,samedi,18:10,67,67463,48.895925,8.108111,2,3,1,5,2,3,2,2,1,1,,4,2,0,1,3,2,16,5,2,,0,2,1,26,202000005709B01,7,1,1,200041283
202000005740,2020-02-01,2020,février,samedi,11:00,17,17444,45.654473,-0.652764,1,1,2,1,2,3,2,2,3,1,,7,2,0,1,4,1,46,5,1,2,0,0,4,13,202000005740A01,7,17,1,200036473
202000005833,2020-07-21,2020,juillet,mardi,20:15,75,75119,48.883287,2.369353,2,7,3,1,1,4,2,4,1,1,,-1,1,-1,5,4,1,48,5,1,2,0,2,8,1,202000005833A01,30,14,1,200054781
202000005837,2020-07-20,2020,juillet,lundi,22:25,75,75111,48.850401,2.392506,2,5,3,5,1,4,2,2,1,1,,-1,1,0,1,4,1,32,9,1,2,0,2,8,1,202000005837B01,7,1,1,200054781
202000005838,2020-10-07,2020,octobre,mercredi,19:15,75,75110,48.870943,2.366048,2,1,3,2,1,4,1,2,1,1,,-1,1,-1,5,4,2,41,1,1,2,0,2,1,17,202000005838A01,7,22,1,200054781
202000005842,2020-07-15,2020,juillet,mercredi,18:25,75,75104,48.855006,2.361351,2,1,3,2,1,4,1,1,1,1,,-1,1,-1,5,4,1,18,9,1,2,0,2,1,9,202000005842A01,1,1,1,200054781
202000005842,2020-07-15,2020,juillet,mercredi,18:25,75,75104,48.855006,2.361351,2,1,3,2,1,4,1,1,1,1,,-1,1,-1,5,1,2,26,9,1,2,0,2,1,1,202000005842B01,1,9,1,200054781
202000005843,2020-07-21,2020,juillet,mardi,11:26,75,75104,48.85342,2.367191,2,3,7,1,1,4,2,4,1,1,,-1,1,0,1,4,1,43,1,1,2,0,0,1,16,202000005843A01,,,,200054781
202000005868,2020-07-21,2020,juillet,mardi,09:10,17,17245,46.155612,-1.012014,2,1,-1,1,7,3,2,2,1,1,,5,1,0,1,4,1,65,5,1,2,14,0,1,1,202000005868C01,7,1,1,241700434
202000005868,2020-07-21,2020,juillet,mardi,09:10,17,17245,46.155612,-1.012014,2,1,-1,1,7,3,2,2,1,1,,5,1,0,1,4,1,76,5,1,2,14,0,1,1,202000005868B01,7,1,1,241700434
202000005868,2020-07-21,2020,juillet,mardi,09:10,17,17245,46.155612,-1.012014,2,1,-1,1,7,3,2,2,1,1,,5,1,0,1,1,1,60,5,1,2,0,9,1,1,202000005868D01,7,1,1,241700434
202000005870,2020-07-22,2020,juillet,mercredi,08:50,71,71047,46.621667,3.7675298,2,2,3,1,1,3,2,2,4,1,,-1,1,0,1,4,1,11,5,1,2,0,2,1,1,202000005870B01,7,19,1,200070316
202000005875,2020-07-19,2020,juillet,dimanche,11:16,01,01194,45.98559,4.754398,2,3,3,1,1,3,2,2,1,1,,-1,1,0,1,3,1,52,5,1,2,0,2,1,1,202000005875A01,7,6,1,200040590
202000005878,2020-07-21,2020,juillet,mardi,07:00,59,59016,50.965353,2.346423,2,2,3,1,1,3,2,2,1,1,,-1,1,0,1,3,1,51,1,1,2,0,0,1,26,202000005878B01,7,15,1,245900428
202000005888,2020-07-18,2020,juillet,samedi,18:35,80,80649,50.344023,1.645052,1,1,7,1,1,3,2,2,1,1,,-1,1,0,3,4,1,43,5,1,2,0,0,0,1,202000005888A01,,,,200070936
202000005892,2020-07-21,2020,juillet,mardi,18:00,49,49135,47.562497,-0.585408,1,2,3,1,7,3,2,2,1,1,,-1,1,5,1,3,1,57,5,1,2 / 6,0,2,1,1,202000005892B01,10,19,1,244900015
202000005896,2020-07-21,2020,juillet,mardi,09:44,84,84020,43.814572,5.328562,1,1,6,1,1,3,2,2,2,4,,-1,1,0,1,3,1,66,5,1,2,0,9,1,1,202000005896A01,,,,200040624
202000005899,2020-07-22,2020,juillet,mercredi,09:40,83,83095,43.555865,6.116756,1,1,7,1,1,3,2,2,2,1,,-1,1,0,1,4,1,79,5,1,2,0,0,1,0,202000005899A01,,,,200040202
202000006019,2020-10-13,2020,octobre,mardi,17:27,49,49007,47.47642,-0.547547,2,1,3,2,1,4,-1,2,1,1,,-1,1,0,1,4,1,22,0,1,2,0,2,1,0,202000006019B01,7,1,1,244900015
202000006052,2020-10-14,2020,octobre,mercredi,09:10,75,75120,48.868647,2.389575,2,2,3,1,8,4,2,2,2,1,,-1,2,0,1,4,2,48,3,1,2,0,2,1,1,202000006052B01,7,15,1,200054781
202000006056,2020-10-14,2020,octobre,mercredi,22:36,75,75116,48.853726,2.277434,2,2,7,5,1,4,2,2,2,1,,-1,1,0,1,4,1,26,5,1,2,0,0,1,1,202000006056A01,,,,200054781
202000006073,2020-10-14,2020,octobre,mercredi,08:50,75,75101,48.859527,2.348797,2,2,7,1,2,4,1,5,1,1,,-1,2,-1,5,4,2,38,1,1,2,0,0,8,1,202000006073A01,,,,200054781
202000006074,2020-10-14,2020,octobre,mercredi,09:00,75,75101,48.860631,2.341774,2,1,2,1,2,4,2,4,1,1,,-1,2,-1,5,1,2,30,1,1,2,0,2,1,23,202000006074B01,1,1,1,200054781
202000006074,2020-10-14,2020,octobre,mercredi,09:00,75,75101,48.860631,2.341774,2,1,2,1,2,4,2,4,1,1,,-1,2,-1,5,4,1,31,1,1,2,0,2,1,1,202000006074A01,1,23,1,200054781
202000006111,2020-10-15,2020,octobre,jeudi,15:10,44,44069,47.287381,-2.410727,1,1,2,1,1,3,2,2,1,3,,-1,1,0,1,3,1,70,5,1,2,1,0,1,1,202000006111A01,7,23,1,244400610
202000006142,2020-09-21,2020,septembre,lundi,19:40,59,59581,50.679261,2.764472,1,4,3,1,1,4,2,2,1,1,,-1,1,0,1,4,2,14,5,2,,0,2,2,1,202000006142A01,31,13,1,200040947
202000006163,2020-08-22,2020,août,samedi,10:05,55,55344,48.5261713,5.6902541,1,1,3,1,1,3,2,2,2,1,,-1,1,0,1,4,2,30,5,2,,0,9,0,1,202000006163A01,1,2,1,200066157
202000006163,2020-08-22,2020,août,samedi,10:05,55,55344,48.5261713,5.6902541,1,1,3,1,1,3,2,2,2,1,,-1,1,0,1,1,1,36,5,2,,0,9,6,2,202000006163B01,1,1,1,200066157
202000006165,2020-08-18,2020,août,mardi,11:00,12,12241,44.32133,2.646375,1,2,3,1,1,3,2,2,2,2,,-1,1,0,1,3,1,70,5,1,2,0,2,2,1,202000006165A01,21,19,1,241200187
202000006265,2020-08-19,2020,août,mercredi,19:45,75,75116,48.856471,2.237539,2,1,3,1,1,4,2,2,3,1,,-1,1,-1,5,4,2,56,5,1,2,0,2,3,1,202000006265B01,1,1,1,200054781
202000006265,2020-08-19,2020,août,mercredi,19:45,75,75116,48.856471,2.237539,2,1,3,1,1,4,2,2,3,1,,-1,1,-1,5,4,1,50,5,1,2,0,2,2,1,202000006265A01,1,1,1,200054781
202000006271,2020-08-20,2020,août,jeudi,18:25,75,75104,48.853932,2.364856,2,3,7,1,1,4,2,4,1,1,,-1,1,-1,5,4,1,40,1,1,2,0,0,8,1,202000006271A01,,,,200054781
202000006290,2020-08-20,2020,août,jeudi,16:25,06,06161,43.658048,7.1239,2,1,-1,5,1,3,2,1,1,1,,-1,1,0,1,4,2,72,5,1,2,0,2,3,1,202000006290A01,7,15,1,240600585
202000006296,2020-08-19,2020,août,mercredi,18:15,51,51605,49.078306,3.849461,1,1,7,1,1,3,2,2,2,3,,-1,1,0,1,2,2,28,5,2,,0,0,8,1,202000006296A01,,,,200066850
202000006297,2020-08-20,2020,août,jeudi,08:10,51,51434,49.0137683,4.0713728,1,1,2,1,1,3,2,2,1,2,,-1,1,0,1,4,1,52,5,1,2,0,0,6,2,202000006297B01,10,2,1,200067684
202000006313,2020-08-20,2020,août,jeudi,13:00,29,29183,48.572582,-3.610025,2,1,7,1,1,4,2,2,1,1,,-1,1,0,1,2,1,56,5,1,2,0,0,0,1,202000006313A01,,,,242900835
202000006329,2020-08-21,2020,août,vendredi,10:00,01,01427,45.938564,4.779922,2,6,2,1,1,3,3,1,1,1,,-1,1,5,1,4,1,36,3,2,,0,2,4,15,202000006329B01,15,1,1,200042497
202000006344,2020-08-21,2020,août,vendredi,14:40,69,69086,45.847157,4.670541,1,6,3,1,1,3,2,2,2,2,,-1,1,5,1,2,1,85,5,2,,0,2,2,1,202000006344B01,7,9,1,246900625
202000006366,2020-07-14,2020,juillet,mardi,19:08,85,85019,46.78268,-1.37758,1,1,7,1,1,4,2,-1,1,1,,-1,1,0,1,2,1,64,1,2,,0,0,8,1,202000006366A01,,,,200072882
202000006367,2020-11-11,2020,novembre,mercredi,12:10,19,19272,45.27309,1.78388,2,1,7,1,1,3,2,2,2,4,,-1,2,0,1,3,1,49,5,1,2,0,0,0,0,202000006367A01,,,,241927201
202000006416,2020-12-22,2020,décembre,mardi,10:00,44,44131,47.124852,-2.127169,2,6,3,1,1,4,1,1,1,3,,-1,1,5,1,3,2,57,1,2,,0,2,8,1,202000006416B01,7,16,1,200067346
202000006421,2020-07-24,2020,juillet,vendredi,21:25,26,26281,45.0453,5.03402,2,1,1,2,1,4,-1,1,1,1,,-1,1,0,8,4,1,9,5,2,,0,2,8,19,202000006421B01,10,1,1,200068781
202000006428,2020-12-21,2020,décembre,lundi,15:45,2A,2A004,41.9270334,8.7393716,2,9,-1,1,1,2,2,3,1,1,,-1,2,0,1,4,1,16,1,2,,0,2,8,19,202000006428B01,32,1,1,242010056
202000006435,2020-12-28,2020,décembre,lundi,16:32,69,69244,45.766269,4.784154,2,1,3,1,1,3,2,2,2,1,,-1,1,0,1,4,1,23,5,1,2,0,2,4,1,202000006435B01,7,15,1,200046977
202000006510,2020-06-07,2020,juin,dimanche,09:10,49,49092,47.173517,-0.668846,1,1,7,1,1,3,2,2,1,2,,-1,1,0,1,2,1,70,5,1,2,0,0,0,0,202000006510A01,,,,200060010
202000006536,2020-12-30,2020,décembre,mercredi,16:00,54,54581,49.111864,5.880716,1,3,3,1,1,3,2,2,1,1,,-1,1,0,1,4,1,70,5,1,2,0,2,7,1,202000006536B01,7,16,1,200070845
202000006551,2020-11-26,2020,novembre,jeudi,06:47,75,75117,48.894315,2.313768,2,2,2,5,1,4,3,2,1,1,,-1,1,0,1,4,2,35,1,1,2,0,2,4,23,202000006551B01,14,15,1,200054781
202000006553,2020-11-26,2020,novembre,jeudi,20:05,75,75113,48.828783,2.370142,2,1,6,5,1,4,2,2,2,1,,-1,1,-1,5,4,1,26,4,1,2,0,1,1,1,202000006553A01,,,,200054781
202000006566,2020-11-25,2020,novembre,mercredi,17:30,93,93032,48.8765163,2.5614912,2,1,1,2,1,4,2,2,2,1,,-1,1,0,1,4,1,14,5,2,,0,2,1,10,202000006566B01,7,1,1,200054781
202000006597,2020-11-26,2020,novembre,jeudi,13:30,973,97311,5.495683,-54.030279,2,1,2,1,1,3,2,2,1,1,,-1,1,0,1,3,1,20,0,1,2,0,2,1,18,202000006597B01,3,15,1,249730037
202000006598,2020-11-24,2020,novembre,mardi,19:00,971,97122,16.416635,-61.528636,2,2,1,4,1,4,2,2,1,1,,-1,1,5,1,3,1,50,5,2,,0,2,1,13,202000006598B01,7,26,1,200044691
202000006666,2020-11-25,2020,novembre,mercredi,15:15,75,75105,48.850102,2.350665,2,1,3,1,1,4,1,2,1,1,,-1,1,0,1,4,2,26,5,2,,0,2,1,18,202000006666B01,10,22,1,200054781
202000006667,2020-11-24,2020,novembre,mardi,20:47,75,75105,48.850344,2.342636,2,5,3,5,1,4,2,3,1,1,,-1,1,-1,5,4,1,35,2,1,2,0,2,1,1,202000006667B01,7,16,1,200054781
202000006671,2020-11-25,2020,novembre,mercredi,15:30,75,75116,48.864332,2.272967,2,5,2,1,1,4,-1,2,1,1,,-1,1,0,1,4,2,35,9,2,,0,2,0,1,202000006671B01,7,13,1,200054781
202000006673,2020-11-25,2020,novembre,mercredi,13:00,75,75112,48.845731,2.393425,2,3,3,1,8,4,2,2,1,1,,-1,1,0,1,4,2,66,3,2,,0,2,7,1,202000006673A01,7,22,1,200054781
202000006674,2020-11-25,2020,novembre,mercredi,08:00,75,75111,48.864216,2.371198,2,2,6,1,1,4,1,1,1,1,,-1,1,-1,5,1,1,34,9,2,,0,1,1,1,202000006674A01,,,,200054781
202000006690,2020-11-25,2020,novembre,mercredi,11:50,26,26133,45.213111,4.905574,1,1,7,1,1,4,2,2,2,1,,-1,1,0,1,3,1,41,5,1,2,0,0,0,0,202000006690A01,,,,200040491
202000006691,2020-11-26,2020,novembre,jeudi,15:30,83,83070,43.1353799,6.3513166,2,1,1,1,1,3,3,2,1,1,,-1,1,5,1,3,2,88,3,2,,0,2,1,9,202000006691B01,10,1,1,200027100
202000006706,2020-11-14,2020,novembre,samedi,14:00,53,53062,47.828184,-0.689556,2,9,6,1,1,4,-1,1,2,1,,-1,1,0,8,4,1,16,3,2,,0,1,1,2,202000006706A01,,,,245300447
202000006708,2020-11-26,2020,novembre,jeudi,07:20,67,67343,48.603694,7.690918,2,2,3,5,5,7,2,2,1,1,,-1,1,5,5,4,1,52,1,1,9,0,2,4,1,202000006708B01,7,16,1,246700488
202000006713,2020-11-26,2020,novembre,jeudi,12:30,83,83099,43.456533,6.683577,2,1,1,1,1,4,2,2,1,1,,-1,1,0,1,3,1,12,2,2,,0,2,1,9,202000006713A01,7,1,1,200035319
202000006717,2020-11-25,2020,novembre,mercredi,15:55,26,26084,44.992112,4.91734,1,1,7,1,1,4,-1,2,2,1,,-1,1,0,1,2,1,82,5,1,2,0,0,0,1,202000006717A01,,,,200068781
202000006760,2020-05-17,2020,mai,dimanche,12:10,75,75115,48.834714,2.305184,2,2,3,1,1,4,2,1,1,1,,-1,1,-1,6,4,2,48,5,1,2,0,2,3,15,202000006760B01,7,17,1,200054781
202000006761,2020-05-17,2020,mai,dimanche,15:00,75,75112,48.82715,2.46463,2,7,3,1,1,4,2,8,1,1,,-1,1,0,1,4,1,50,5,1,2,0,2,3,1,202000006761A01,7,1,1,200054781
202000006784,2020-05-16,2020,mai,samedi,15:15,82,82176,43.965531,1.545553,1,1,7,1,1,3,2,2,1,1,,7,1,0,1,3,1,22,5,2,,0,0,0,2,202000006784A01,,,,200066884
202000006794,2020-05-16,2020,mai,samedi,18:20,49,49329,47.381843,-0.653949,1,1,3,1,1,3,2,2,1,1,,5,1,0,1,3,1,54,5,2,,0,2,8,10,202000006794B01,7,17,1,244900015
202000006796,2020-05-15,2020,mai,vendredi,15:45,42,42043,45.576494,4.316683,2,1,7,1,1,3,2,2,1,1,,4,1,0,3,3,1,54,5,1,2,0,0,1,1,202000006796A01,,,,244200770
202000006820,2020-05-15,2020,mai,vendredi,15:45,95,95042,49.068313,2.282624,1,1,7,1,1,3,2,2,1,2,,5,1,0,1,3,1,73,5,1,2,0,0,7,1,202000006820A01,,,,200073013
202000006824,2020-05-17,2020,mai,dimanche,10:30,68,68252,48.164225,7.366687,1,3,3,1,1,3,2,1,1,1,,-1,1,0,1,3,1,50,5,1,2,0,2,1,1,202000006824B01,7,15,1,246800577
202000006826,2020-05-16,2020,mai,samedi,17:25,67,67464,48.3241537,7.5716773,1,2,3,1,7,3,2,2,1,1,,4,1,0,1,4,1,58,5,1,2,0,2,1,1,202000006826B01,7,1,1,200067924
202000006878,2020-05-16,2020,mai,samedi,04:38,75,75105,48.836981,2.352296,2,1,3,5,1,4,2,3,1,1,,-1,1,0,1,4,1,57,9,1,2,0,2,8,1,202000006878B01,7,1,1,200054781
202000006880,2020-05-16,2020,mai,samedi,17:50,75,75119,48.894303,2.381726,2,2,3,1,1,4,1,0,1,1,,-1,1,-1,5,4,1,77,5,2,,0,2,1,19,202000006880A01,7,1,1,200054781
202000006881,2020-05-16,2020,mai,samedi,16:30,75,75118,48.884197,2.354315,2,1,3,1,1,4,1,1,1,1,,-1,1,-1,5,4,1,59,9,2,,0,2,1,5,202000006881B01,7,22,1,200054781
202000006883,2020-05-16,2020,mai,samedi,18:00,75,75116,48.857742,2.237261,2,1,3,1,1,4,1,2,2,1,,-1,1,-1,5,4,1,44,5,1,2 / 6,0,2,1,1,202000006883B01,7,10,1,200054781
202000006884,2020-05-16,2020,mai,samedi,11:30,75,75115,48.85392,2.287361,2,1,6,1,1,4,1,1,2,1,,-1,1,9,1,4,1,25,4,2,,12,0,1,1,202000006884A01,,,,200054781
202000006885,2020-05-16,2020,mai,samedi,15:40,75,75114,48.83447,2.333851,2,1,6,1,1,4,-1,0,2,1,,-1,1,0,4,1,2,9,5,1,2,0,1,1,25,202000006885A01,,,,200054781
202000006887,2020-05-16,2020,mai,samedi,17:50,75,75112,48.837146,2.3904787,2,1,2,1,1,4,2,2,1,1,,-1,1,-1,5,4,2,34,5,1,2,0,2,2,1,202000006887B01,10,22,1,200054781
202000006890,2020-05-16,2020,mai,samedi,11:15,75,75101,48.859087,2.34645,2,2,3,1,1,4,-1,2,1,1,,-1,1,-1,5,4,1,36,9,2,,0,2,1,1,202000006890B01,10,10,1,200054781
202000006922,2020-05-16,2020,mai,samedi,16:20,29,29130,48.355921,-4.659383,2,1,7,1,1,4,2,2,2,1,,-1,1,0,1,3,1,17,5,1,2,0,0,0,1,202000006922A01,,,,242900074
202000006925,2020-05-16,2020,mai,samedi,12:00,84,84020,43.85672,5.288143,1,2,3,1,1,4,2,2,1,1,,-1,1,0,1,3,1,78,5,1,2,0,2,1,1,202000006925B01,7,1,1,200040624
202000006961,2020-03-03,2020,mars,mardi,17:00,29,29019,48.4335359,-4.4994485,2,6,3,1,1,4,2,0,1,1,,-1,1,5,1,4,1,20,2,1,2,0,0,8,2,202000006961B01,7,17,1,242900314
202000007059,2020-02-25,2020,février,mardi,20:00,80,80021,49.87153,2.28447,2,3,3,5,1,4,2,2,1,1,,-1,1,0,1,4,2,36,0,2,,0,2,1,16,202000007059B01,7,1,1,248000531