Num_Acc,date,an,mois,jour,hrmn,dep,com,lat,long,agg,int,col,lum,atm,catr,circ,nbv,prof,plan,lartpc,larrout,surf,infra,situ,grav,sexe,age,trajet,secuexist,equipement,obs,obsm,choc,manv,vehiculeid,typevehicules,manoeuvehicules,numVehicules,_infos_commune.code_epci
202000009048,2020-02-28,2020,février,vendredi,00:50,75,75111,48.855525,2.374438,2,3,5,5,1,4,1,2,1,1,,4,1,0,1,4,1,30,9,2,,0,2,4,1,202000009048B01,7,1,2,200054781
202000009139,2020-09-14,2020,septembre,lundi,20:15,14,14118,49.20857,-0.37665,2,2,3,2,1,3,2,4,1,1,,-1,1,0,1,4,1,20,0,2,,0,2,1,1,202000009139A01,7,1,1,200065597
202000009160,2020-09-15,2020,septembre,mardi,10:15,75,75112,48.84878,2.368024,2,3,3,1,1,4,1,2,1,1,,-1,1,-1,5,3,1,36,1,1,2,0,2,7,1,202000009160A01,50,19,1,200054781
202000009169,2020-09-15,2020,septembre,mardi,01:15,75,75118,48.891066,2.349596,2,2,3,5,1,4,2,6,1,1,,-1,1,0,1,4,2,26,9,1,2,0,2,0,15,202000009169A01,7,1,1,200054781
202000009176,2020-09-15,2020,septembre,mardi,19:35,75,75110,48.875171,2.367185,2,3,3,2,1,4,1,1,3,1,,-1,1,0,1,4,2,45,1,1,2,0,2,8,9,202000009176B01,50,1,1,200054781
202000009178,2020-09-15,2020,septembre,mardi,19:52,75,75116,48.864183,2.301561,2,3,3,5,1,4,2,4,1,1,,-1,1,0,1,4,2,43,5,1,2,0,2,7,1,202000009178A01,32,1,1,200054781
202000009179,2020-09-15,2020,septembre,mardi,18:50,75,75108,48.868283,2.309996,2,7,1,1,1,4,2,6,1,1,,-1,1,-1,5,4,1,25,9,1,2,0,2,0,1,202000009179A01,50,5,1,200054781
202000009209,2020-09-16,2020,septembre,mercredi,14:00,41,41194,47.340054,1.749409,2,9,2,1,1,4,2,2,1,1,,-1,1,5,1,4,1,52,1,1,2,0,2,1,1,202000009209B01,7,12,1,200018406
202000009225,2020-09-13,2020,septembre,dimanche,10:20,29,29206,48.621172,-4.193484,1,1,7,1,1,4,2,2,2,1,,-1,1,0,1,3,1,56,5,1,2 / 6 / 9,0,0,7,1,202000009225A01,,,,200067072
202000009235,2020-09-15,2020,septembre,mardi,11:25,17,17385,45.952284,-1.251326,1,1,-1,1,1,3,2,2,1,3,,-1,1,0,1,3,1,72,5,1,2,0,0,0,2,202000009235A01,15,17,1,241700624
202000009285,2020-01-29,2020,janvier,mercredi,18:00,75,75115,48.8484781,2.2992479,2,1,6,2,1,4,2,2,2,1,,-1,1,-1,5,1,1,25,5,1,2,0,1,1,1,202000009285A01,,,,200054781
202000009288,2020-01-29,2020,janvier,mercredi,18:00,75,75110,48.8804796,2.3525196,2,7,2,5,1,4,1,2,1,1,,5,1,0,1,4,1,73,5,1,2,0,2,1,2,202000009288B01,7,2,1,200054781
202000009290,2020-01-29,2020,janvier,mercredi,17:26,75,75101,48.8627187,2.3352569,2,7,7,5,1,4,1,1,1,1,,3,1,-1,5,4,2,44,5,1,2,0,0,0,1,202000009290A01,,,,200054781
202000009335,2020-01-30,2020,janvier,jeudi,18:25,48,48039,44.4658752,3.3449372,2,9,7,5,2,3,2,2,1,1,,-1,2,0,1,2,1,72,5,2,,16,0,1,15,202000009335A01,,,,200069268
202000009386,2020-01-27,2020,janvier,lundi,08:50,67,67267,48.5623661,7.6862656,2,3,1,1,1,4,2,2,3,1,,-1,1,0,1,4,1,15,2,2,,0,2,1,16,202000009386B01,7,16,1,246700488
202000009429,2020-01-28,2020,janvier,mardi,07:09,75,75119,48.89441,2.381503,2,2,3,5,1,4,1,2,1,1,,7,1,-1,5,4,1,51,1,2,,0,2,7,12,202000009429B01,33,1,1,200054781
202000009442,2020-07-19,2020,juillet,dimanche,13:30,32,32304,43.38091,0.576782,1,1,7,1,1,4,2,2,2,1,,-1,1,0,8,2,1,81,5,1,2,0,0,0,0,202000009442A01,,,,200072320
202000009443,2020-07-20,2020,juillet,lundi,08:10,32,32253,43.973284,0.790208,1,1,1,1,1,3,2,2,1,1,,-1,1,0,1,2,1,55,5,1,2,0,2,1,1,202000009443B01,99,13,1,243200391
202000009446,2020-07-18,2020,juillet,samedi,10:40,44,44049,47.28626,-2.518696,2,3,3,1,1,3,2,2,1,1,,-1,1,0,1,4,1,61,5,2,,0,2,1,17,202000009446B01,7,15,1,244400610
202000009447,2020-07-19,2020,juillet,dimanche,09:00,29,29056,48.443437,-4.302092,1,1,5,1,1,3,2,2,2,1,,-1,1,0,1,4,1,65,5,1,2 / 6,0,2,0,2,202000009447C01,1,2,3,242900801
202000009447,2020-07-19,2020,juillet,dimanche,09:00,29,29056,48.443437,-4.302092,1,1,5,1,1,3,2,2,2,1,,-1,1,0,1,4,1,49,5,1,2 / 6,0,2,0,2,202000009447B01,1,2,3,242900801
202000009447,2020-07-19,2020,juillet,dimanche,09:00,29,29056,48.443437,-4.302092,1,1,5,1,1,3,2,2,2,1,,-1,1,0,1,3,1,62,5,1,2 / 6,0,2,0,2,202000009447D01,1,2,3,242900801
202000009447,2020-07-19,2020,juillet,dimanche,09:00,29,29056,48.443437,-4.302092,1,1,5,1,1,3,2,2,2,1,,-1,1,0,1,4,1,36,5,1,2 / 6,0,2,0,2,202000009447A01,1,2,3,242900801
202000009453,2020-07-19,2020,juillet,dimanche,08:15,06,06079,43.531662,6.948169,2,4,3,1,1,3,2,2,1,3,,-1,1,0,1,3,1,71,5,1,2,0,2,3,15,202000009453B01,7,1,1,200039915
202000009467,2020-07-20,2020,juillet,lundi,11:30,48,48064,44.816984,3.115654,2,1,1,1,1,3,2,2,1,1,,-1,1,0,1,4,1,59,5,1,2 / 6,0,2,1,1,202000009467B01,7,15,1,200069144
202000009474,2020-07-19,2020,juillet,dimanche,09:25,77,77110,48.1684167,2.6507413,1,1,-1,1,1,3,2,2,1,1,,-1,1,0,1,4,1,50,5,1,2,0,0,7,2,202000009474B01,1,26,1,200023919
202000009474,2020-07-19,2020,juillet,dimanche,09:25,77,77110,48.1684167,2.6507413,1,1,-1,1,1,3,2,2,1,1,,-1,1,0,1,3,1,74,5,1,2,0,0,8,26,202000009474A01,1,2,1,200023919
202000009475,2020-07-20,2020,juillet,lundi,08:55,77,77138,48.657255,2.910309,2,1,3,1,1,4,2,2,2,1,,-1,1,0,1,3,1,66,0,2,,1,0,1,1,202000009475A01,14,23,1,200072874
202000009476,2020-07-19,2020,juillet,dimanche,10:00,78,78601,48.61208,1.872847,1,2,1,1,7,4,2,2,1,1,,-1,1,0,1,3,1,48,5,1,2,0,2,1,16,202000009476A01,7,1,1,200073344
202000009477,2020-07-19,2020,juillet,dimanche,11:10,78,78128,48.676496,1.987184,1,3,2,1,1,3,2,2,1,1,,-1,1,5,1,4,1,58,5,1,2,0,2,4,15,202000009477B01,33,17,1,200073344
202000009478,2020-07-19,2020,juillet,dimanche,11:15,78,78108,48.725202,1.843922,1,1,7,1,1,4,2,2,1,1,,-1,1,0,1,3,1,48,5,1,2 / 6,0,0,1,0,202000009478A01,,,,200073344
202000009481,2020-07-19,2020,juillet,dimanche,13:00,05,05101,44.895799,6.444726,1,1,3,1,1,3,2,2,2,1,,-1,1,0,1,3,1,44,5,1,2,0,2,2,17,202000009481B01,7,15,1,240500462
202000009486,2020-07-19,2020,juillet,dimanche,13:30,74,74058,46.295639,6.781571,2,1,-1,1,1,3,2,2,1,1,,-1,1,0,1,3,1,57,5,1,2,0,1,8,1,202000009486A01,1,1,1,200071967
202000009486,2020-07-19,2020,juillet,dimanche,13:30,74,74058,46.295639,6.781571,2,1,-1,1,1,3,2,2,1,1,,-1,1,0,1,1,1,50,5,1,2,0,5,8,1,202000009486B01,1,1,1,200071967
202000009487,2020-07-19,2020,juillet,dimanche,09:30,38,38494,45.688423,5.356854,1,1,3,1,1,3,2,2,1,1,,-1,1,0,1,3,1,73,5,1,2,0,2,8,13,202000009487B01,10,17,1,200068542
202000009557,2020-07-18,2020,juillet,samedi,16:40,75,75116,48.876419,2.264608,2,1,6,1,1,4,2,2,1,1,,-1,1,0,1,4,2,51,5,1,2,1,0,5,1,202000009557A01,,,,200054781
202000009576,2020-07-18,2020,juillet,samedi,09:25,40,40304,43.663161,-1.420058,2,3,3,1,7,3,2,2,4,1,,-1,1,0,5,4,1,61,3,2,,0,2,1,1,202000009576B01,7,15,1,244000865
202000009581,2020-07-19,2020,juillet,dimanche,10:00,74,74152,45.903859,6.032041,1,1,5,1,1,3,2,2,1,1,,-1,1,0,1,3,1,73,5,1,2 / 6,0,2,8,1,202000009581C01,7,0,1,247400567
202000009581,2020-07-19,2020,juillet,dimanche,10:00,74,74152,45.903859,6.032041,1,1,5,1,1,3,2,2,1,1,,-1,1,0,1,1,1,49,5,1,2 / 6,0,2,8,1,202000009581D01,7,0,1,247400567
202000009595,2020-07-18,2020,juillet,samedi,18:45,22,22181,48.2243029,-3.1782572,2,4,1,1,7,3,2,2,1,2,,-1,1,0,1,2,1,69,5,2,,0,2,1,26,202000009595B01,7,13,1,242200715
202000009599,2020-07-18,2020,juillet,samedi,10:20,03,03273,46.2055257,3.445238,1,6,3,1,1,3,2,2,1,2,,-1,1,0,1,3,1,64,5,1,2 / 9,0,2,7,0,202000009599B01,10,0,1,200071363
202000009628,2020-07-19,2020,juillet,dimanche,08:20,72,72154,47.697738,-0.074702,2,1,3,1,7,3,2,2,1,1,,-1,1,0,1,3,1,16,1,2,,0,2,7,19,202000009628B01,7,1,1,247200348
202000009655,2020-06-18,2020,juin,jeudi,09:10,75,75101,48.865296,2.327295,2,3,3,1,1,4,2,5,1,1,,-1,1,5,1,3,1,31,1,2,,0,2,7,15,202000009655A01,33,1,1,200054781
202000009657,2020-06-18,2020,juin,jeudi,20:55,75,75120,48.851659,2.407002,2,2,3,1,1,4,2,2,1,1,,-1,1,-1,5,4,1,36,1,2,,0,2,5,1,202000009657A01,1,1,1,200054781
202000009657,2020-06-18,2020,juin,jeudi,20:55,75,75120,48.851659,2.407002,2,2,3,1,1,4,2,2,1,1,,-1,1,-1,5,1,1,39,1,1,2,0,2,5,1,202000009657B01,1,1,1,200054781
202000009662,2020-06-17,2020,juin,mercredi,18:50,75,75116,48.867338,2.277874,2,1,2,1,1,4,2,2,1,1,,-1,1,0,1,4,1,76,1,2,,0,2,0,1,202000009662B01,7,1,1,200054781
202000009666,2020-06-17,2020,juin,mercredi,19:10,75,75114,48.838821,2.320464,2,1,3,1,1,4,2,2,1,1,,-1,1,8,1,4,2,26,9,2,,0,2,1,1,202000009666B01,7,9,1,200054781
202000009667,2020-06-17,2020,juin,mercredi,16:45,75,75114,48.827083,2.307831,2,1,3,1,1,4,3,8,1,1,,-1,1,-1,5,4,1,17,5,2,,0,2,2,1,202000009667B01,10,22,1,200054781
202000009670,2020-06-18,2020,juin,jeudi,10:57,75,75111,48.858242,2.379375,2,7,-1,1,1,4,3,2,1,1,,-1,1,-1,5,4,2,36,1,2,,0,2,1,1,202000009670B01,7,22,1,200054781
202000009673,2020-06-18,2020,juin,jeudi,20:20,75,75108,48.871396,2.299985,2,2,3,1,1,4,1,2,1,1,,-1,1,0,1,4,1,55,9,2,,0,2,1,5,202000009673A01,7,1,1,200054781
202000009687,2020-06-18,2020,juin,jeudi,16:20,60,60623,49.5498301,1.850281,2,4,1,1,1,4,2,2,1,1,,-1,1,0,1,3,1,13,5,2,,0,2,8,5,202000009687B01,7,1,1,246000848
202000009692,2020-06-18,2020,juin,jeudi,19:15,28,28173,48.469905,1.537861,2,1,3,1,1,3,2,2,1,1,,-1,1,0,1,3,1,34,0,1,2,0,2,8,15,202000009692B01,7,2,1,200033181
202000009696,2020-06-18,2020,juin,jeudi,22:05,83,83096,43.4702556,5.7758657,1,1,2,5,1,3,2,2,3,1,,-1,1,0,1,4,1,59,1,2,,0,2,4,1,202000009696B01,7,1,1,200068104
202000009699,2020-06-18,2020,juin,jeudi,17:30,80,80811,49.761433,2.994525,1,1,3,1,1,3,2,2,1,1,,-1,2,0,1,3,1,69,0,2,,0,2,7,13,202000009699A01,7,18,1,200070985
202000009704,2020-06-18,2020,juin,jeudi,16:30,25,25434,47.107433,6.138954,2,1,2,1,1,4,2,2,1,1,,-1,1,0,1,4,1,21,5,1,2,1,2,1,2,202000009704A01,7,2,1,200068070
202000009709,2020-06-18,2020,juin,jeudi,12:28,06,06010,43.696046,6.967948,1,3,1,1,1,3,2,3,2,1,,-1,1,0,1,4,1,40,5,1,2,0,2,1,0,202000009709B01,7,15,1,240600585
202000009715,2020-06-18,2020,juin,jeudi,16:15,73,73010,45.7903617,5.9427541,2,3,3,1,1,3,2,2,2,4,,-1,1,0,1,3,1,15,5,2,,0,2,0,1,202000009715A01,7,1,1,200068674
202000009780,2020-06-11,2020,juin,jeudi,09:48,63,63075,45.7814382,3.0691819,2,1,-1,1,1,4,2,2,1,1,,-1,1,0,1,4,1,75,0,2,,0,2,8,2,202000009780B01,14,0,1,246300701
202000009819,2020-06-16,2020,juin,mardi,16:30,75,75118,48.892707,2.348753,2,4,3,1,8,4,2,6,1,1,,-1,1,-1,5,4,1,39,9,2,,0,2,3,13,202000009819B01,7,1,1,200054781
202000009821,2020-06-17,2020,juin,mercredi,20:45,75,75116,48.863219,2.296181,2,3,3,1,1,4,2,4,1,1,,-1,1,0,1,4,2,41,1,1,2,0,2,1,1,202000009821B01,7,16,1,200054781
202000009824,2020-06-17,2020,juin,mercredi,11:50,75,75116,48.864831,2.296621,2,1,3,1,1,4,1,3,2,1,,-1,1,-1,5,4,2,57,3,2,,0,2,2,1,202000009824B01,7,22,1,200054781
202000009895,2020-10-12,2020,octobre,lundi,19:03,75,75114,48.829418,2.322333,2,1,6,2,1,4,2,3,1,1,,-1,1,-1,5,4,1,45,1,1,2,0,1,1,1,202000009895A01,,,,200054781
202000009896,2020-10-13,2020,octobre,mardi,18:57,75,75105,48.837327,2.3515,2,1,3,5,1,4,1,2,1,1,,-1,1,0,1,4,2,20,9,2,,0,2,8,11,202000009896A01,31,1,1,200054781
202000009902,2020-10-09,2020,octobre,vendredi,17:10,75,75113,48.824798,2.375826,2,1,2,1,1,4,2,2,2,1,,-1,1,0,1,4,1,19,9,2,,0,2,1,1,202000009902A01,7,23,1,200054781
202000009903,2020-10-13,2020,octobre,mardi,07:35,75,75112,48.831693,2.397823,2,2,3,2,2,4,2,3,1,1,,-1,2,-1,5,4,2,34,1,2,,0,2,1,1,202000009903B01,7,1,1,200054781
202000009908,2020-10-13,2020,octobre,mardi,21:20,75,75104,48.856943,2.353818,2,2,6,5,1,4,2,4,1,1,,-1,1,-1,5,1,1,27,1,1,2,0,1,1,1,202000009908A01,,,,200054781
202000009957,2020-10-13,2020,octobre,mardi,09:45,13,13053,43.728102,5.178061,2,2,3,1,1,3,2,2,1,1,,-1,1,0,1,4,1,29,5,1,2,0,2,3,1,202000009957B01,7,15,1,200054807
202000010022,2020-08-19,2020,août,mercredi,07:10,973,97304,5.155196,-52.655274,2,1,3,1,1,4,2,2,1,1,,-1,1,0,1,3,1,52,1,2,,0,2,0,25,202000010022B01,7,1,1,200027548
202000010039,2020-08-15,2020,août,samedi,12:00,67,67098,48.5419972,7.4140884,1,3,3,1,1,3,2,2,1,1,,-1,1,5,1,4,1,20,5,2,,0,2,8,13,202000010039A01,7,17,1,246701064
202000010040,2020-08-17,2020,août,lundi,18:15,67,67473,48.57633,7.478428,1,6,3,1,1,3,2,2,1,3,,-1,1,5,1,4,2,17,5,2,,0,2,8,19,202000010040A01,7,16,1,246701064
202000010043,2020-08-18,2020,août,mardi,16:25,74,74056,45.913836,6.86042,2,9,3,1,1,4,1,1,1,1,,-1,1,0,1,3,1,89,5,2,,0,2,3,15,202000010043A01,7,17,1,200023372
202000010050,2020-08-19,2020,août,mercredi,17:30,01,01403,45.808394,5.455495,1,1,3,1,1,3,2,2,2,2,,-1,1,0,1,3,1,46,5,2,,0,2,8,1,202000010050B01,21,17,1,240100883
202000010115,2020-08-10,2020,août,lundi,19:22,05,05061,44.56144,6.0814,2,1,7,1,2,3,1,2,1,1,,-1,2,0,4,4,1,15,5,2,,0,0,0,25,202000010115A01,,,,200067825
202000010124,2020-08-18,2020,août,mardi,18:59,75,75120,48.852699,2.406123,2,2,4,1,1,4,2,2,1,1,,-1,1,0,1,4,1,31,5,2,,0,2,1,16,202000010124A01,7 / 34,23 / 1,3,200054781
202000010125,2020-08-18,2020,août,mardi,15:01,75,75119,48.895921,2.379519,2,2,3,1,1,4,1,1,1,3,,-1,1,1,1,4,1,48,5,1,2,0,2,6,1,202000010125B01,10,21,1,200054781
202000010125,2020-08-18,2020,août,mardi,15:01,75,75119,48.895921,2.379519,2,2,3,1,1,4,1,1,1,3,,-1,1,1,1,4,2,5,5,1,2,0,2,6,1,202000010125B01,10,21,1,200054781
202000010125,2020-08-18,2020,août,mardi,15:01,75,75119,48.895921,2.379519,2,2,3,1,1,4,1,1,1,3,,-1,1,1,1,4,1,3,5,1,2,0,2,6,1,202000010125B01,10,21,1,200054781
202000010127,2020-08-18,2020,août,mardi,18:45,75,75117,48.900478,2.320687,2,3,7,1,1,4,1,1,1,1,,-1,1,0,4,4,1,14,5,2,,0,0,0,25,202000010127A01,,,,200054781
202000010128,2020-08-16,2020,août,dimanche,14:00,75,75116,48.874424,2.293007,2,2,3,1,1,4,3,4,1,1,,-1,1,0,1,4,2,32,5,1,2,0,2,2,19,202000010128A01,10,1,1,200054781
202000010129,2020-08-18,2020,août,mardi,14:30,75,75115,48.839652,2.296531,2,2,3,1,1,4,1,1,1,1,,-1,1,0,1,4,1,59,5,1,2,0,2,1,1,202000010129A01,7,1,1,200054781
202000010133,2020-08-18,2020,août,mardi,21:24,75,75111,48.861108,2.38115,2,2,3,4,1,4,1,1,1,1,,-1,1,0,1,4,1,31,9,2,,0,2,8,1,202000010133B01,7,1,1,200054781
202000010135,2020-08-18,2020,août,mardi,18:35,75,75107,48.862451,2.301952,2,7,3,1,1,4,2,2,1,1,,-1,1,-1,5,4,2,50,9,2,,0,2,1,1,202000010135B01,7,16,1,200054781
202000010264,2020-12-26,2020,décembre,samedi,17:42,29,29019,48.3929914,-4.4878416,2,1,2,2,8,4,2,4,2,1,,-1,1,-1,5,4,1,35,3,1,2 / 4,0,2,4,1,202000010264B01,7,7,1,242900314
202000010264,2020-12-26,2020,décembre,samedi,17:42,29,29019,48.3929914,-4.4878416,2,1,2,2,8,4,2,4,2,1,,-1,1,-1,5,4,1,1,3,1,3 / 4,0,2,4,1,202000010264B01,7,7,1,242900314
202000010271,2020-12-29,2020,décembre,mardi,12:29,75,75117,48.891258,2.319075,2,4,3,1,1,4,2,2,1,1,,-1,1,0,1,4,1,31,5,1,2,0,2,1,1,202000010271A01,7,15,1,200054781
202000010274,2020-12-29,2020,décembre,mardi,20:08,75,75102,48.868468,2.34224,2,4,6,5,2,4,1,3,1,1,,-1,2,0,1,4,1,61,9,2,,8,0,0,13,202000010274A01,,,,200054781
202000010296,2020-12-30,2020,décembre,mercredi,10:30,83,83048,43.20602,6.56549,2,1,1,1,1,3,2,2,2,1,,-1,1,0,1,4,1,51,5,1,2,0,2,1,1,202000010296B01,7,10,1,200036077
202000010304,2020-12-29,2020,décembre,mardi,15:30,34,34074,43.461517,3.024845,1,1,7,1,1,3,2,2,1,1,,-1,1,0,1,3,1,67,5,2,,0,0,0,1,202000010304A01,,,,200042653
202000010307,2020-12-22,2020,décembre,mardi,14:15,15,15215,44.968411,2.500312,1,1,3,1,1,3,2,2,1,1,,-1,1,0,1,1,1,52,5,1,2,0,9,2,17,202000010307A01,1,1,1,241500230
202000010307,2020-12-22,2020,décembre,mardi,14:15,15,15215,44.968411,2.500312,1,1,3,1,1,3,2,2,1,1,,-1,1,0,1,4,1,48,5,1,2,0,9,3,1,202000010307B01,1,17,1,241500230
202000010396,2020-12-28,2020,décembre,lundi,19:10,75,75117,48.884239,2.289246,2,1,7,5,2,4,3,1,1,1,,-1,3,0,1,4,1,47,1,1,2,0,0,0,1,202000010396A01,,,,200054781
202000010399,2020-12-28,2020,décembre,lundi,10:10,75,75115,48.840888,2.305888,2,3,7,1,8,4,2,3,1,1,,-1,2,-1,5,4,2,25,5,2,,0,0,0,21,202000010399A01,,,,200054781
202000010412,2020-11-21,2020,novembre,samedi,09:00,44,44223,47.065328,-1.508238,1,3,3,1,1,4,2,2,1,1,,-1,1,0,1,4,2,55,5,1,2 / 6,0,2,3,1,202000010412A01,7,15,1,244400438
202000010429,2020-11-24,2020,novembre,mardi,08:45,83,83119,43.2532853,6.6405772,1,1,3,1,1,3,2,2,2,1,,-1,1,0,1,2,1,34,3,2,,0,2,3,13,202000010429B01,7,17,1,200036077
202000010460,2020-11-22,2020,novembre,dimanche,13:00,75,75110,48.87924,2.366735,2,3,3,1,1,4,1,2,1,1,,-1,1,-1,5,4,2,58,1,1,2,0,2,1,1,202000010460A01,1,16,1,200054781
202000010462,2020-11-22,2020,novembre,dimanche,17:05,75,75101,48.859011,2.339873,2,3,1,2,1,4,1,4,1,1,,-1,1,0,1,4,2,31,5,1,2,0,2,0,16,202000010462B01,7,15,1,200054781
202000010548,2020-11-20,2020,novembre,vendredi,23:07,75,75111,48.863774,2.370102,2,2,3,5,1,4,2,4,1,1,,-1,1,-1,5,2,1,22,9,1,2,0,2,7,1,202000010548B01,7,1,1,200054781
202000010549,2020-11-21,2020,novembre,samedi,14:00,75,75118,48.896639,2.345443,2,1,6,1,1,4,2,6,1,1,,-1,1,-1,5,1,2,30,9,1,2,0,1,1,1,202000010549A01,,,,200054781
202000010551,2020-11-21,2020,novembre,samedi,20:20,75,75115,48.834909,2.304571,2,1,2,5,1,4,2,3,1,1,,-1,1,-1,6,1,1,40,1,2,,0,2,8,23,202000010551B01,30,7,1,200054781
202000010552,2020-11-21,2020,novembre,samedi,16:25,75,75115,48.840929,2.292168,2,1,6,1,1,4,1,1,1,1,,-1,1,0,1,4,1,15,5,2,,0,1,1,1,202000010552A01,,,,200054781
202000010557,2020-11-21,2020,novembre,samedi,17:15,75,75101,48.86532,2.32732,2,3,6,2,1,4,1,3,1,1,,-1,1,-1,5,4,1,27,5,2,,12,0,3,15,202000010557A01,,,,200054781
202000010558,2020-11-21,2020,novembre,samedi,16:35,75,75101,48.863728,2.33224,2,2,7,2,1,4,2,4,1,1,,-1,1,-1,5,4,2,53,9,2,,0,0,0,1,202000010558A01,,,,200054781
202000010621,2020-05-12,2020,mai,mardi,12:28,34,34172,43.608507,3.869467,2,1,-1,1,1,4,1,1,1,1,,-1,1,0,1,4,1,4,5,1,2,0,2,1,5,202000010621B01,7,1,1,243400017
202000010632,2020-05-14,2020,mai,jeudi,19:20,75,75119,48.888025,2.377219,2,4,6,1,1,4,2,3,1,1,,-1,1,0,1,1,1,27,9,1,2,0,1,8,16,202000010632A01,,,,200054781
202000010639,2020-05-14,2020,mai,jeudi,17:40,75,75101,48.863727,2.332239,2,2,3,1,1,4,2,5,1,1,,-1,1,-1,5,4,2,26,9,1,2,0,2,1,1,202000010639B01,7,15,1,200054781
202000010665,2020-05-15,2020,mai,vendredi,17:06,02,02750,49.521778,3.235162,2,1,7,1,1,4,2,2,1,1,,-1,1,0,1,4,1,54,5,2,,0,0,0,1,202000010665A01,,,,200071769
202000010671,2020-05-15,2020,mai,vendredi,15:00,28,28422,48.278773,1.576881,1,3,1,1,7,3,2,2,1,1,,-1,1,0,1,3,1,22,5,1,2,0,2,8,19,202000010671A01,7,1,1,200070159
202000010680,2020-05-14,2020,mai,jeudi,08:15,21,21209,47.337735,5.154429,2,6,3,1,1,3,2,2,1,2,,-1,1,5,1,3,2,56,1,2,,0,2,1,1,202000010680B01,7,16,1,200069540
202000010700,2020-04-14,2020,avril,mardi,19:00,80,80021,49.88552,2.31214,2,6,3,1,1,4,2,2,1,2,,-1,1,0,1,4,1,30,0,2,,0,2,7,9,202000010700B01,2,9,1,248000531
202000010727,2020-05-13,2020,mai,mercredi,08:50,75,75120,48.863941,2.391646,2,3,3,1,1,4,2,2,2,1,,-1,1,0,1,4,2,23,1,1,2,0,2,8,15,202000010727A01,32,1,1,200054781
202000010731,2020-05-12,2020,mai,mardi,14:40,75,75112,48.839988,2.394113,2,1,3,1,1,4,2,2,1,1,,-1,1,0,1,4,1,57,5,1,2,0,2,1,1,202000010731B01,7,10,1,200054781
202000010750,2020-05-13,2020,mai,mercredi,13:30,67,67434,48.940082,7.086155,2,1,1,1,1,3,2,2,1,1,,7,1,0,1,3,1,16,5,2,,0,2,1,9,202000010750B01,7,1,1,200067841
202000010803,2020-02-25,2020,février,mardi,15:40,75,75102,48.867033,2.352973,2,3,7,1,2,4,1,4,1,1,,12,2,-1,5,4,2,45,5,1,2,0,0,0,1,202000010803A01,,,,200054781
202000010961,2020-03-03,2020,mars,mardi,10:15,28,28041,48.320048,1.275562,1,1,3,1,1,3,2,2,1,1,,-1,1,0,1,3,1,37,5,1,2,0,0,4,2,202000010961B01,7,2,1,200058360
202000010981,2020-01-28,2020,janvier,mardi,10:12,75,75111,48.86185,2.383387,2,3,3,1,8,4,1,2,2,1,,4,2,0,1,4,1,50,9,2,,0,2,7,1,202000010981B01,30,18,1,200054781
202000010983,2020-01-28,2020,janvier,mardi,19:02,75,75108,48.873258,2.295617,2,7,3,5,2,4,1,4,1,1,,12,2,0,1,4,1,45,9,2,,0,2,2,9,202000010983B01,7,1,1,200054781
202000010984,2020-01-28,2020,janvier,mardi,18:30,75,75108,48.876662,2.301465,2,3,3,5,2,4,2,1,1,1,,3,2,0,1,4,2,33,1,2,,0,2,1,1,202000010984B01,7,15,1,200054781
202000010986,2020-01-28,2020,janvier,mardi,13:00,75,75104,48.860612,2.349404,2,2,3,1,1,4,1,2,1,1,,4,1,-1,5,4,1,41,1,2,,0,2,8,1,202000010986B01,50,9,1,200054781
202000010987,2020-01-28,2020,janvier,mardi,15:40,75,75101,48.860892,2.340821,2,2,3,1,1,4,1,5,1,1,,15,1,-1,5,4,1,46,9,2,,0,2,1,1,202000010987B01,7,15,1,200054781
202000010989,2020-01-28,2020,janvier,mardi,11:00,75,75104,48.854792,2.362411,2,3,1,1,1,4,2,1,1,4,,3,1,0,1,4,1,50,9,2,,0,2,1,11,202000010989B01,1,1,1,200054781
202000010989,2020-01-28,2020,janvier,mardi,11:00,75,75104,48.854792,2.362411,2,3,1,1,1,4,2,1,1,4,,3,1,0,1,1,1,37,9,2,,0,2,1,1,202000010989A01,1,11,1,200054781
202000011003,2020-01-28,2020,janvier,mardi,10:50,93,93005,48.92233,2.48919,2,3,2,1,2,4,1,1,1,1,,-1,2,0,1,4,1,13,2,1,2,0,0,4,0,202000011003B01,7,9,1,200054781
202000011006,2020-01-28,2020,janvier,mardi,12:10,92,92051,48.8815148,2.271536,2,1,3,1,1,4,3,5,1,1,,-1,1,0,1,4,2,59,0,2,,0,2,8,16,202000011006B01,10,16,1,200054781
202000011029,2020-01-29,2020,janvier,mercredi,17:40,60,60035,49.6554296,2.8521939,1,1,-1,2,1,3,2,2,1,1,,4,1,0,1,4,1,16,5,2,,0,0,4,2,202000011029B01,7,2,1,246000855
202000011029,2020-01-29,2020,janvier,mercredi,17:40,60,60035,49.6554296,2.8521939,1,1,-1,2,1,3,2,2,1,1,,4,1,0,1,4,1,15,5,2,,0,0,4,2,202000011029C01,7,2,1,246000855