Num_Acc,date,an,mois,jour,hrmn,dep,com,lat,long,agg,int,col,lum,atm,catr,circ,nbv,prof,plan,lartpc,larrout,surf,infra,situ,grav,sexe,age,trajet,secuexist,equipement,obs,obsm,choc,manv,vehiculeid,typevehicules,manoeuvehicules,numVehicules,_infos_commune.code_epci
202000011030,2020-01-29,2020,janvier,mercredi,10:30,60,60286,49.665552,1.94186,2,3,1,1,1,3,2,2,1,1,,5.5,1,0,1,4,1,70,5,1,2,0,2,0,2,202000011030B01,7,2,1,246000848
202000011033,2020-01-28,2020,janvier,mardi,15:00,04,04049,44.090425,6.008465,2,1,7,1,1,4,2,2,2,1,,-1,1,0,1,2,1,60,5,2,,0,0,0,1,202000011033A01,,,,200067437
202000011039,2020-01-17,2020,janvier,vendredi,18:40,973,97307,4.8756216,-52.3248031,2,1,1,4,1,4,2,2,1,1,,-1,1,0,1,3,1,18,5,2,,0,2,1,21,202000011039B01,32,21,1,249730045
202000011056,2020-01-29,2020,janvier,mercredi,15:00,62,62380,50.394552,2.647741,1,1,4,1,1,3,2,2,2,1,,-1,1,0,1,3,1,26,5,2,,0,2,4,2,202000011056B01,7,2,1,246200364
202000011056,2020-01-29,2020,janvier,mercredi,15:00,62,62380,50.394552,2.647741,1,1,4,1,1,3,2,2,2,1,,-1,1,0,1,4,1,52,5,2,,0,2,4,2,202000011056D01,7,2,1,246200364
202000011056,2020-01-29,2020,janvier,mercredi,15:00,62,62380,50.394552,2.647741,1,1,4,1,1,3,2,2,2,1,,-1,1,0,1,4,1,46,5,2,,0,2,4,2,202000011056C01,7,2,1,246200364
202000011121,2020-01-27,2020,janvier,lundi,20:10,33,33522,44.79882,-0.5827,2,6,3,5,2,4,2,3,1,1,,-1,2,0,1,4,1,28,0,2,,0,2,1,1,202000011121B01,7,1,1,243300316
202000011153,2020-01-27,2020,janvier,lundi,19:36,75,75113,48.82616,2.359976,2,5,3,5,2,4,2,3,1,1,,9,2,-1,5,4,2,44,1,1,2,0,2,1,1,202000011153B01,7,16,1,200054781
202000011223,2020-09-11,2020,septembre,vendredi,14:15,80,80021,49.8962,2.29397,2,1,3,1,1,4,2,2,1,1,,-1,1,0,1,4,1,30,5,2,,0,2,1,1,202000011223B01,7,15,1,248000531
202000011240,2020-09-12,2020,septembre,samedi,09:42,66,66136,42.69858,2.88978,2,3,3,1,1,4,1,1,1,1,,-1,1,0,1,4,2,73,0,2,,0,2,2,1,202000011240B01,7,9,1,200027183
202000011286,2020-09-14,2020,septembre,lundi,15:45,27,27229,49.0193,1.152,2,9,3,1,1,4,2,4,2,1,,-1,1,0,1,4,1,18,0,1,2,0,0,0,0,202000011286Y01,7,1,1,200071454
202000011328,2020-09-13,2020,septembre,dimanche,07:25,75,75119,48.885971,2.368631,2,1,1,1,1,4,2,3,1,1,,-1,1,0,1,2,2,23,5,1,2,0,2,1,13,202000011328B01,10,1,1,200054781
202000011329,2020-09-12,2020,septembre,samedi,17:37,75,75107,48.861783,2.321862,2,1,1,1,1,4,2,4,1,1,,-1,1,0,1,2,1,49,9,2,,14,2,0,18,202000011329A01,7,1,1,200054781
202000011330,2020-09-14,2020,septembre,lundi,20:50,75,75118,48.897992,2.3424,2,3,3,5,1,4,3,7,1,1,,-1,1,0,1,4,1,46,9,1,2,0,2,7,19,202000011330A01,50,1,1,200054781
202000011339,2020-09-14,2020,septembre,lundi,16:05,75,75112,48.840143,2.408828,2,1,3,1,1,4,2,6,1,1,,-1,1,0,1,4,2,20,9,1,2,0,2,8,19,202000011339B01,30,1,1,200054781
202000011389,2020-09-15,2020,septembre,mardi,09:40,2B,2B049,42.462157,8.751211,1,1,-1,1,1,3,2,2,2,1,,-1,1,0,1,3,1,73,5,1,2,0,2,0,0,202000011389B01,1,2,1,242020105
202000011389,2020-09-15,2020,septembre,mardi,09:40,2B,2B049,42.462157,8.751211,1,1,-1,1,1,3,2,2,2,1,,-1,1,0,1,3,1,65,5,1,2,0,2,0,2,202000011389A01,1,0,1,242020105
202000011420,2020-07-17,2020,juillet,vendredi,20:20,75,75118,48.884124,2.349483,2,3,2,1,1,4,2,4,1,1,,-1,1,0,1,4,2,29,9,1,2,0,2,1,2,202000011420A01,7,2,1,200054781
202000011423,2020-07-17,2020,juillet,vendredi,20:05,75,75117,48.885995,2.2891,2,4,3,1,1,4,2,4,1,1,,-1,1,0,1,4,1,17,5,1,2,0,2,1,1,202000011423B01,7,1,1,200054781
202000011447,2020-07-17,2020,juillet,vendredi,11:15,75,75109,48.87276,2.326476,2,4,1,1,1,4,2,4,2,1,,-1,1,-1,5,4,2,37,1,1,2,0,2,1,1,202000011447B01,50,14,1,200054781
202000011451,2020-07-16,2020,juillet,jeudi,23:15,75,75109,48.872946,2.333295,2,5,2,5,1,4,1,3,1,1,,-1,1,0,1,4,2,41,5,2,,0,2,6,1,202000011451A01,30,2,1,200054781
202000011457,2020-07-16,2020,juillet,jeudi,09:30,75,75115,48.854826,2.288548,2,2,6,1,1,4,3,2,1,1,,-1,1,0,1,4,2,31,9,1,2,9,0,3,15,202000011457A01,,,,200054781
202000011458,2020-07-17,2020,juillet,vendredi,04:00,75,75101,48.857492,2.345304,2,1,7,5,1,4,4,10,2,1,,-1,1,0,1,4,1,29,5,1,2,0,0,1,1,202000011458A01,,,,200054781
202000011460,2020-07-17,2020,juillet,vendredi,13:00,75,75104,48.857518,2.351454,2,2,3,1,1,4,1,3,1,3,,-1,1,-1,5,4,2,28,5,1,2,0,2,8,1,202000011460B01,32,1,1,200054781
202000011469,2020-09-14,2020,septembre,lundi,08:45,87,87185,45.884046,1.073631,1,1,1,1,7,3,2,2,1,1,,-1,1,0,3,3,1,77,5,1,2,0,2,8,1,202000011469B01,7,17,1,200059400
202000011471,2020-08-15,2020,août,samedi,09:50,30,30021,43.992218,4.334075,1,2,3,1,1,3,2,2,1,1,,-1,2,0,1,3,1,77,5,1,2,0,2,1,1,202000011471B01,3,9,1,200034379
202000011478,2020-09-12,2020,septembre,samedi,10:20,35,35210,48.180495,-1.778519,1,3,3,1,7,3,2,2,2,1,,-1,1,0,1,4,1,48,5,1,2 / 6,0,2,2,1,202000011478B01,7,16,1,243500139
202000011488,2020-09-12,2020,septembre,samedi,09:50,78,78120,48.646917,1.987495,1,1,-1,1,1,3,2,2,1,1,,-1,1,0,1,3,1,37,5,1,2,0,2,1,1,202000011488A01,1,1,1,200073344
202000011488,2020-09-12,2020,septembre,samedi,09:50,78,78120,48.646917,1.987495,1,1,-1,1,1,3,2,2,1,1,,-1,1,0,1,1,1,42,5,1,2,0,9,4,1,202000011488B01,1,1,1,200073344
202000011508,2020-07-18,2020,juillet,samedi,14:30,71,71054,46.911969,5.028357,2,1,-1,1,1,3,2,2,1,1,,-1,1,0,1,3,1,13,5,1,2,0,2,8,9,202000011508A01,7,1,1,200040038
202000011511,2020-07-18,2020,juillet,samedi,16:15,74,74242,45.823803,6.172708,2,3,3,1,1,3,2,2,2,2,,-1,1,0,1,3,1,54,5,1,2,0,2,1,1,202000011511B01,7,15,1,200066793
202000011528,2020-07-18,2020,juillet,samedi,12:20,52,52519,47.708079,5.177023,1,2,3,1,1,3,2,2,1,1,,-1,1,5,1,3,1,57,5,1,2,0,2,2,1,202000011528B01,7,1,1,200027308
202000011550,2020-07-16,2020,juillet,jeudi,10:15,33,33238,44.708209,-0.607059,2,3,5,1,1,3,2,2,1,1,,-1,1,5,1,3,1,67,5,2,,0,2,8,23,202000011550C01,7,1,2,243301264
202000011567,2020-06-16,2020,juin,mardi,18:40,75,75108,48.867049,2.320672,2,7,2,1,1,4,1,4,1,2,,-1,1,0,1,4,1,35,5,2,,0,2,6,15,202000011567B01,7,1,1,200054781
202000011568,2020-06-17,2020,juin,mercredi,14:53,75,75104,48.857874,2.350213,2,2,7,1,1,4,-1,0,1,1,,-1,1,-1,5,4,2,57,9,2,,0,2,1,21,202000011568A01,,,,200054781
202000011590,2020-06-18,2020,juin,jeudi,17:20,38,38536,45.424446,4.918192,1,1,-1,1,1,3,2,2,1,1,,-1,1,0,8,1,1,21,0,2,,0,0,0,2,202000011590C01,7,17,2,200085751
202000011608,2020-06-12,2020,juin,vendredi,10:20,40,40328,43.788546,-1.396487,2,6,2,1,1,3,-1,1,1,3,,-1,1,0,1,4,2,65,5,2,,0,2,4,16,202000011608B01,7,16,1,244000865
202000011610,2020-05-24,2020,mai,dimanche,22:00,27,27226,49.319468,1.635455,1,1,5,2,1,3,2,2,1,1,,-1,1,0,1,1,1,16,5,2,,0,0,4,1,202000011610D01,7,1,1,200071843
202000011610,2020-05-24,2020,mai,dimanche,22:00,27,27226,49.319468,1.635455,1,1,5,2,1,3,2,2,1,1,,-1,1,0,1,4,2,15,5,2,,0,0,4,1,202000011610C01,7,1,1,200071843
202000011610,2020-05-24,2020,mai,dimanche,22:00,27,27226,49.319468,1.635455,1,1,5,2,1,3,2,2,1,1,,-1,1,0,1,3,1,16,5,2,,0,0,4,1,202000011610B01,7,1,1,200071843
202000011690,2020-06-15,2020,juin,lundi,18:10,05,05061,44.55768,6.05538,1,6,2,1,1,3,1,1,1,2,,-1,1,0,1,4,2,53,5,2,,0,2,0,14,202000011690B01,7,2,1,200067825
202000011699,2020-06-16,2020,juin,mardi,16:30,75,75117,48.888623,2.315664,2,7,3,1,1,4,3,2,1,1,,-1,1,0,1,4,1,18,9,2,,0,2,1,1,202000011699B01,43,1,1,200054781
202000011700,2020-06-16,2020,juin,mardi,13:00,75,75117,48.889365,2.32234,2,3,7,1,1,4,2,2,2,1,,-1,1,0,1,4,1,54,1,2,,0,0,0,1,202000011700A01,,,,200054781
202000011702,2020-06-15,2020,juin,lundi,08:55,75,75114,48.834545,2.332615,2,7,3,1,1,4,1,4,1,3,,-1,1,-1,6,4,2,51,1,1,2,0,2,1,7,202000011702B01,10,16,1,200054781
202000011704,2020-06-16,2020,juin,mardi,14:00,75,75110,48.883613,2.34949,2,2,6,1,1,4,1,2,1,1,,-1,1,0,1,1,1,50,9,2,,0,1,1,1,202000011704A01,,,,200054781
202000011705,2020-06-16,2020,juin,mardi,14:10,75,75109,48.873419,2.329698,2,3,3,1,1,4,1,3,1,1,,-1,1,-1,6,4,1,31,9,1,2,0,2,1,7,202000011705A01,10,16,1,200054781
202000011707,2020-06-13,2020,juin,samedi,12:00,75,75107,48.862914,2.318807,2,1,6,1,1,4,2,2,1,1,,-1,1,6,1,1,1,11,5,1,2,0,1,1,1,202000011707A01,,,,200054781
202000011709,2020-06-16,2020,juin,mardi,15:45,75,75104,48.852354,2.36049,2,3,6,1,1,4,2,6,1,1,,-1,1,-1,5,4,1,62,1,2,,12,0,7,14,202000011709A01,,,,200054781
202000011737,2020-06-17,2020,juin,mercredi,15:50,2B,2B207,42.463328,9.460731,1,1,1,1,1,3,2,2,2,2,,-1,1,0,1,4,1,49,5,1,2 / 6,0,2,1,1,202000011737B01,10,13,1,200073252
202000011760,2020-10-05,2020,octobre,lundi,07:30,85,85194,46.51425,-1.76848,2,6,3,5,1,3,3,2,1,1,,-1,1,5,1,4,1,28,0,1,2,0,2,7,1,202000011760B01,10,9,1,200071165
202000011844,2020-10-12,2020,octobre,lundi,19:25,75,75119,48.888704,2.392792,2,1,6,5,1,4,2,4,1,1,,-1,1,-1,5,1,1,29,1,1,2,1,1,1,1,202000011844A01,,,,200054781
202000011849,2020-10-12,2020,octobre,lundi,09:10,75,75115,48.83783,2.313953,2,1,6,1,1,4,1,1,1,1,,-1,1,-1,5,1,1,38,1,1,2,0,1,8,1,202000011849A01,,,,200054781
202000011850,2020-08-13,2020,août,jeudi,20:25,05,05023,44.90973,6.66383,1,1,2,3,3,2,2,2,1,1,,-1,2,0,1,4,1,49,5,1,2,0,2,1,1,202000011850A01,7,15,1,240500439
202000011852,2020-08-17,2020,août,lundi,17:45,75,75113,48.830985,2.356958,2,1,3,1,1,4,3,2,2,1,,-1,1,0,1,4,1,31,5,1,2,0,2,1,1,202000011852B01,7,9,1,200054781
202000011853,2020-10-12,2020,octobre,lundi,13:20,75,75113,48.836757,2.374367,2,3,3,1,8,4,2,2,1,1,,-1,1,-1,5,4,1,34,9,1,2,0,2,1,1,202000011853B01,7,16,1,200054781
202000011855,2020-08-17,2020,août,lundi,09:30,75,75113,48.819223,2.362074,2,2,3,1,1,4,3,2,1,1,,-1,1,0,1,4,1,65,5,1,2,0,2,8,1,202000011855B01,1,13,1,200054781
202000011855,2020-08-17,2020,août,lundi,09:30,75,75113,48.819223,2.362074,2,2,3,1,1,4,3,2,1,1,,-1,1,0,1,1,1,33,9,1,2,0,2,7,13,202000011855A01,1,1,1,200054781
202000011857,2020-08-17,2020,août,lundi,12:55,75,75112,48.830026,2.386698,2,1,1,1,2,4,2,4,2,3,,-1,2,-1,5,4,1,20,9,1,2,0,2,1,1,202000011857B01,1,13,1,200054781
202000011857,2020-08-17,2020,août,lundi,12:55,75,75112,48.830026,2.386698,2,1,1,1,2,4,2,4,2,3,,-1,2,-1,5,4,2,54,5,1,2,0,2,1,13,202000011857A01,1,1,1,200054781
202000011859,2020-08-16,2020,août,dimanche,17:30,75,75112,48.829477,2.415608,2,1,6,1,1,4,-1,0,1,1,,-1,1,0,1,1,1,39,5,2,,0,1,2,13,202000011859A01,,,,200054781
202000011860,2020-10-12,2020,octobre,lundi,16:00,75,75112,48.841022,2.394111,2,3,3,1,1,4,2,2,1,1,,-1,1,8,1,4,1,14,2,1,2,0,2,2,15,202000011860A01,30,1,1,200054781
202000011861,2020-08-17,2020,août,lundi,10:35,75,75111,48.865178,2.36896,2,1,6,1,1,4,2,2,1,1,,-1,1,0,1,1,1,40,5,1,2,0,1,1,1,202000011861A01,,,,200054781
202000011865,2020-08-16,2020,août,dimanche,16:20,75,75110,48.881718,2.358391,2,1,-1,1,1,4,2,3,1,1,,-1,1,0,1,4,1,36,9,2,,0,2,1,2,202000011865B01,7,22,1,200054781
202000011868,2020-10-12,2020,octobre,lundi,20:15,75,75111,48.867066,2.375029,2,1,1,5,1,4,1,2,2,1,,-1,1,-1,5,4,1,34,1,1,2 / 4,0,2,1,1,202000011868A01,1,13,1,200054781
202000011869,2020-10-11,2020,octobre,dimanche,21:50,75,75111,48.856176,2.376178,2,1,-1,5,1,4,1,1,1,1,,-1,1,0,1,4,1,26,5,2,,0,2,1,18,202000011869B01,7,22,1,200054781
202000011870,2020-07-30,2020,juillet,jeudi,17:55,75,75103,48.867704,2.354869,2,3,3,1,1,4,1,2,1,1,,-1,1,0,1,4,1,46,1,2,,0,2,1,1,202000011870A01,30,13,1,200054781
202000011929,2020-09-04,2020,septembre,vendredi,10:20,44,44126,47.152464,-2.216883,2,3,1,1,1,4,1,1,1,3,,-1,1,0,1,3,1,54,5,1,2,0,2,2,1,202000011929B01,7,15,1,200067346
202000011932,2020-10-08,2020,octobre,jeudi,15:50,58,58225,46.921549,3.083838,1,1,7,1,1,4,2,2,2,3,,-1,1,0,1,3,1,52,5,1,2,0,0,8,1,202000011932A01,,,,245804406
202000011936,2020-08-18,2020,août,mardi,10:55,72,72223,47.875008,-0.106516,2,1,-1,1,1,3,2,2,3,3,,-1,8,2,1,4,2,77,5,1,2,0,0,0,1,202000011936A01,21,1,1,200040475
202000011949,2020-10-12,2020,octobre,lundi,17:40,06,06152,43.643135,7.011876,2,3,3,1,1,3,2,2,1,1,,-1,1,5,1,3,2,77,0,2,,0,2,7,1,202000011949B01,7,9,1,240600585
202000011962,2020-10-09,2020,octobre,vendredi,16:15,29,29147,47.89724,-3.576522,1,1,7,1,1,3,2,2,1,1,,-1,1,0,1,4,1,45,5,1,2 / 6,0,0,9,1,202000011962A01,,,,242900694
202000011972,2020-10-12,2020,octobre,lundi,17:10,67,67046,48.764464,7.8586,2,1,3,1,2,3,2,2,1,1,,-1,2,0,1,3,1,10,9,1,2,0,2,3,19,202000011972A01,7,1,1,200067874
202000012015,2020-08-16,2020,août,dimanche,00:07,75,75115,48.844708,2.309765,2,1,7,5,1,4,2,3,1,1,,-1,1,-1,5,3,1,22,5,2,,0,9,1,21,202000012015A01,,,,200054781
202000012020,2020-08-16,2020,août,dimanche,17:16,75,75119,48.878432,2.370448,2,7,4,1,1,4,1,2,2,2,,-1,1,0,1,4,2,38,9,2,,0,2,4,23,202000012020B01,7,1 / 23,2,200054781
202000012031,2020-08-16,2020,août,dimanche,13:40,75,75101,48.859496,2.345188,2,3,3,1,1,4,2,3,1,1,,-1,1,0,1,4,2,41,5,1,2,0,2,0,1,202000012031B01,7,15,1,200054781
202000012053,2020-10-11,2020,octobre,dimanche,12:30,75,75105,48.839421,2.33754,2,2,3,1,1,4,2,4,1,1,,-1,1,-1,6,4,1,56,9,2,,0,2,1,7,202000012053B01,7,10,1,200054781
202000012066,2020-08-15,2020,août,samedi,11:35,76,76188,49.651189,1.240844,1,9,7,1,1,3,2,2,2,3,,-1,1,0,1,3,1,58,5,1,2 / 6 / 4,0,0,9,0,202000012066A01,,,,200070449
202000012068,2020-07-23,2020,juillet,jeudi,18:00,2A,2A362,41.700434,9.348797,2,1,3,1,1,2,2,2,1,1,,-1,1,0,4,4,1,13,5,2,,0,2,2,14,202000012068A01,15,1,1,242000495
202000012104,2020-08-15,2020,août,samedi,11:00,38,38285,45.05134,5.9872,2,1,2,1,1,3,2,2,2,1,,-1,1,9,1,3,1,22,5,1,2,0,2,1,1,202000012104B01,7,1,1,243800745
202000012278,2020-12-26,2020,décembre,samedi,11:46,75,75111,48.855934,2.39235,2,3,2,1,1,4,2,2,1,1,,-1,1,0,1,3,1,76,5,1,2,0,2,1,23,202000012278B01,7,4,1,200054781
202000012279,2020-12-26,2020,décembre,samedi,18:10,75,75101,48.864135,2.34547,2,3,2,5,1,4,1,1,1,1,,-1,2,0,1,4,1,51,5,2,,0,2,1,1,202000012279B01,7,24,1,200054781
202000012279,2020-12-26,2020,décembre,samedi,18:10,75,75101,48.864135,2.34547,2,3,2,5,1,4,1,1,1,1,,-1,2,0,1,1,2,4,5,1,2,0,2,1,1,202000012279B01,7,24,1,200054781
202000012428,2020-11-20,2020,novembre,vendredi,17:30,75,75111,48.859747,2.376845,2,2,3,2,1,4,1,1,2,1,,-1,1,0,1,4,1,31,9,1,2,0,2,2,16,202000012428A01,33,1,1,200054781
202000012461,2020-11-17,2020,novembre,mardi,14:30,44,44036,47.709105,-1.381681,2,1,1,1,1,3,2,2,2,1,,-1,1,0,1,3,1,73,3,2,,0,2,1,5,202000012461B01,7,1,1,200072726
202000012471,2020-11-20,2020,novembre,vendredi,16:15,85,85224,46.996529,-1.327887,2,6,3,1,1,3,2,2,3,1,,-1,1,5,1,3,1,55,5,1,2,0,2,7,1,202000012471B01,7,1,1,
202000012547,2020-05-12,2020,mai,mardi,11:00,75,75110,48.873244,2.374774,2,3,2,1,1,4,1,1,1,1,,-1,1,-1,5,4,1,40,9,2,,0,2,8,1,202000012547B01,7,4,1,200054781
202000012568,2020-05-12,2020,mai,mardi,16:55,77,77141,48.850899,2.839144,1,1,3,1,1,3,2,2,1,2,,7,1,5,1,4,1,71,5,1,2,0,0,8,1,202000012568B01,7,17,1,200090504
202000012577,2020-05-13,2020,mai,mercredi,16:10,70,70154,47.438618,6.144539,1,4,1,1,2,3,2,2,1,3,,5.5,2,0,1,4,1,49,5,1,2,0,2,1,1,202000012577B01,7,15,1,247000706
202000012585,2020-05-13,2020,mai,mercredi,17:15,64,64498,43.1620162,-0.1556495,1,1,7,1,2,3,2,2,2,3,,-1,2,0,1,4,1,54,5,1,2,0,0,0,1,202000012585A01,,,,246401756
202000012634,2020-05-11,2020,mai,lundi,08:35,75,75119,48.889726,2.396671,2,7,3,1,2,4,3,3,1,3,,-1,2,0,1,4,1,31,1,1,2,0,2,8,1,202000012634B01,10,1,1,200054781
202000012639,2020-05-11,2020,mai,lundi,08:50,75,75107,48.852683,2.308584,2,2,7,1,6,4,2,2,1,1,,-1,1,0,1,4,2,43,1,1,2,0,0,8,1,202000012639A01,,,,200054781
202000012679,2020-05-12,2020,mai,mardi,07:53,38,38133,45.345188,5.632339,1,1,7,1,1,3,2,2,2,3,,-1,2,0,1,3,1,33,5,1,2,0,0,2,0,202000012679A01,,,,243800984
202000012680,2020-05-12,2020,mai,mardi,17:10,69,69122,45.907671,4.707908,1,4,-1,1,1,4,2,2,1,1,,-1,1,0,1,3,1,11,5,1,2,0,2,1,15,202000012680B01,10,1,1,200040574
202000012680,2020-05-12,2020,mai,mardi,17:10,69,69122,45.907671,4.707908,1,4,-1,1,1,4,2,2,1,1,,-1,1,0,1,4,1,11,5,1,2,0,2,1,14,202000012680A01,10,1,1,200040574
202000012703,2020-05-10,2020,mai,dimanche,14:40,75,75110,48.86909,2.367458,2,1,3,1,8,4,1,3,2,1,,-1,1,-1,5,4,1,39,5,2,,0,2,3,1,202000012703B01,10,23,1,200054781
202000012707,2020-05-10,2020,mai,dimanche,17:40,972,97232,14.545796,-60.85815,2,1,1,1,1,4,2,2,2,2,,-1,1,0,1,4,2,13,5,2,,0,2,1,13,202000012707B01,7,1,1,249720053
202000012716,2020-05-05,2020,mai,mardi,18:45,53,53096,48.3001,-0.920121,2,2,3,1,1,4,2,2,2,1,,7,1,0,1,3,2,83,5,2,,0,2,7,1,202000012716B01,3,19,1,245300355
202000012797,2020-02-26,2020,février,mercredi,10:20,29,29137,48.334164,-4.288264,1,1,3,1,1,3,2,2,1,1,,-1,1,0,1,2,2,64,5,1,2,0,2,4,1,202000012797B01,7,17,1,242900801
202000012799,2020-01-27,2020,janvier,lundi,08:40,49,49021,47.435715,-0.223315,1,6,3,1,2,3,2,2,1,2,,-1,2,5,1,3,1,69,5,2,,0,2,7,26,202000012799B01,7,26,1,244900882
202000012804,2020-03-01,2020,mars,dimanche,11:00,34,34319,43.55424,3.30027,2,2,1,1,1,3,2,2,2,3,,-1,1,0,1,3,1,48,5,1,2,0,2,8,1,202000012804B01,7,15,1,200071058
202000012816,2020-03-02,2020,mars,lundi,15:36,44,44043,47.109113,-1.243256,2,1,1,1,1,4,2,1,1,1,,-1,1,0,1,4,1,72,5,1,2,0,0,1,13,202000012816B01,7,13,1,200067635
202000012861,2020-02-29,2020,février,samedi,09:45,02,02694,49.743954,3.192891,1,1,3,1,1,3,2,2,1,1,,-1,1,0,1,3,1,45,5,1,2 / 6,0,0,8,1,202000012861B01,3,17,1,200071892
202000012866,2020-02-19,2020,février,mercredi,16:30,03,03160,46.2274646,3.4007654,1,1,2,1,1,3,2,2,1,1,,-1,1,0,1,1,1,71,5,1,2,0,2,4,1,202000012866B01,1,17,1,200071389
202000012866,2020-02-19,2020,février,mercredi,16:30,03,03160,46.2274646,3.4007654,1,1,2,1,1,3,2,2,1,1,,-1,1,0,1,3,1,68,5,1,2,0,2,1,17,202000012866A01,1,1,1,200071389
202000012908,2020-03-01,2020,mars,dimanche,12:15,60,60536,49.3086252,2.7053755,1,1,3,1,2,3,2,2,1,1,,-1,2,0,1,4,1,58,5,1,2,0,0,8,15,202000012908A01,7,1,1,246000921
202000012914,2020-01-21,2020,janvier,mardi,08:40,75,75107,48.8628473,2.3057476,2,1,6,1,4,4,-1,4,2,1,,12,7,6,1,4,2,43,9,1,2,12,0,0,1,202000012914A01,,,,200054781
202000012966,2020-01-26,2020,janvier,dimanche,18:40,76,76255,50.053867,1.395017,2,1,1,5,2,3,2,2,1,1,,-1,2,0,1,3,1,14,5,2,,0,2,1,25,202000012966A01,7,1,1,247600588
202000012984,2020-02-28,2020,février,vendredi,14:00,34,34337,43.535131,3.862016,2,3,3,1,1,4,2,2,1,1,,-1,1,0,1,4,1,14,2,2,,0,2,3,16,202000012984A01,7,1,1,243400017
202000012988,2020-02-29,2020,février,samedi,14:10,95,95151,49.0582646,2.2773966,1,1,2,1,6,3,2,2,2,1,,-1,1,0,1,3,2,39,5,1,2,0,2,4,1,202000012988B01,10,1,1,249500455
202000012991,2020-01-26,2020,janvier,dimanche,12:30,40,40282,43.77133,-0.56969,2,1,2,1,1,6,-1,2,1,1,,-1,1,0,8,3,2,52,5,2,,0,2,6,20,202000012991B01,7,20,1,200069649
202000013031,2020-02-28,2020,février,vendredi,19:20,974,97408,-20.9656137,55.3325753,2,4,3,2,2,4,2,1,2,3,,-1,2,0,1,3,1,15,5,2,,0,2,7,1,202000013031B01,7,15,1,249740101
202000013096,2020-07-16,2020,juillet,jeudi,07:35,974,97407,-20.94535,55.32448,1,9,3,1,1,2,-1,2,1,1,,-1,1,2,5,4,1,71,1,1,2,0,2,8,26,202000013096B01,14,14,1,249740101
202000013153,2020-07-15,2020,juillet,mercredi,18:00,75,75113,48.834722,2.36698,2,3,3,1,1,4,3,2,1,1,,-1,1,-1,5,4,1,30,4,1,2,0,2,1,1,202000013153B01,7,16,1,200054781
202000013156,2020-07-16,2020,juillet,jeudi,18:30,75,75109,48.883058,2.329413,2,7,6,1,1,4,2,2,1,1,,-1,1,-1,5,1,2,35,5,1,2,0,1,1,1,202000013156A01,,,,200054781
202000013161,2020-07-16,2020,juillet,jeudi,18:05,94,94046,48.800664,2.430693,2,4,3,1,1,3,2,2,2,3,,-1,1,0,1,4,1,41,5,2,,12,2,0,12,202000013161B01,7,16,1,200054781
202000013195,2020-07-16,2020,juillet,jeudi,12:00,42,42092,45.485793,4.379506,2,2,3,1,1,3,2,2,1,1,,-1,1,0,1,3,1,41,5,1,2,0,2,1,1,202000013195B01,7,15,1,244200770
202000013197,2020-07-15,2020,juillet,mercredi,20:40,44,44056,47.40922,-1.794645,2,3,3,1,1,4,2,2,1,1,,-1,1,0,1,4,1,17,0,2,,0,2,6,9,202000013197B01,7,1,1,244400503
202000013200,2020-07-12,2020,juillet,dimanche,15:10,26,26243,44.533881,5.011514,2,4,6,1,1,4,2,2,2,3,,-1,1,0,8,3,1,20,5,2,,6,0,3,1,202000013200A01,,,,242600492
202000013203,2020-07-16,2020,juillet,jeudi,18:30,14,14406,49.252761,-0.560909,2,3,3,1,7,3,2,2,1,1,,-1,1,0,1,4,1,62,5,1,2,0,2,1,15,202000013203B01,7,19,1,200069516
202000013212,2020-07-17,2020,juillet,vendredi,11:45,85,85023,46.53795,-1.19877,1,1,2,1,1,3,2,2,1,1,,-1,1,0,1,3,1,74,5,1,2 / 4,0,0,4,2,202000013212B01,7,2,1,200073260
202000013229,2020-09-14,2020,septembre,lundi,09:20,44,44209,47.32981,-1.657184,1,1,2,1,7,3,2,2,2,1,,-1,1,0,1,3,1,61,5,1,2,0,0,4,1,202000013229B01,7,1,1,244400503
202000013231,2020-09-15,2020,septembre,mardi,15:55,38,38442,45.348865,5.78059,1,1,6,1,1,3,2,2,2,4,,-1,1,0,1,4,1,24,5,1,2 / 6,0,0,0,26,202000013231A01,,,,200040111
202000013232,2020-09-15,2020,septembre,mardi,16:05,38,38442,45.323204,5.794709,1,1,6,1,1,3,2,2,2,2,,-1,1,0,3,4,2,60,5,1,2,0,0,9,1,202000013232A01,,,,200040111
202000013234,2020-09-13,2020,septembre,dimanche,02:00,40,40182,44.070428,-1.17264,1,1,2,3,1,3,2,2,2,1,,-1,1,0,1,4,1,23,5,2,,0,2,0,1,202000013234A01,7,2,1,244000543
202000013239,2020-09-11,2020,septembre,vendredi,12:00,14,14365,49.30142,-0.329594,2,2,3,1,1,3,2,2,2,1,,-1,1,0,1,3,1,71,5,1,2,0,2,1,1,202000013239A01,7,19,1,200065597