Num_Acc,date,an,mois,jour,hrmn,dep,com,lat,long,agg,int,col,lum,atm,catr,circ,nbv,prof,plan,lartpc,larrout,surf,infra,situ,grav,sexe,age,trajet,secuexist,equipement,obs,obsm,choc,manv,vehiculeid,typevehicules,manoeuvehicules,numVehicules,_infos_commune.code_epci
202000013242,2020-07-16,2020,juillet,jeudi,17:51,69,69179,45.590814,4.727354,1,1,2,1,1,3,2,2,1,1,,-1,1,0,1,4,1,51,5,1,2,0,0,4,1,202000013242B01,7,1,1,246900740
202000013254,2020-07-17,2020,juillet,vendredi,01:40,02,02282,49.555981,3.708529,1,1,2,4,1,3,2,2,1,1,,-1,1,0,1,3,1,64,1,1,4 / 9,0,2,4,2,202000013254B01,7,2,1,200043495
202000013290,2020-05-13,2020,mai,mercredi,15:45,59,59588,51.02263,2.41969,1,4,3,1,1,4,2,2,1,1,,-1,1,0,1,3,1,66,5,2,,0,0,0,0,202000013290B01,7,2,1,245900428
202000013346,2020-09-12,2020,septembre,samedi,11:00,75,75120,48.849062,2.411536,2,2,6,1,1,4,1,1,1,1,,-1,1,-1,5,1,2,33,5,1,2,0,1,1,1,202000013346A01,,,,200054781
202000013348,2020-09-13,2020,septembre,dimanche,16:10,75,75119,48.882595,2.390432,2,3,2,1,1,4,2,2,2,1,,-1,1,0,1,4,2,39,9,1,2,0,2,1,2,202000013348B01,7,2,1,200054781
202000013350,2020-09-12,2020,septembre,samedi,21:10,75,75118,48.892695,2.348826,2,3,3,5,1,4,1,6,1,1,,-1,1,0,1,4,1,29,9,1,2,0,2,0,11,202000013350B01,7,1,1,200054781
202000013352,2020-09-13,2020,septembre,dimanche,10:45,75,75113,48.840258,2.37021,2,1,3,1,1,4,2,4,1,1,,-1,1,-1,5,1,1,73,5,1,2,0,2,1,18,202000013352B01,1,14,1,200054781
202000013352,2020-09-13,2020,septembre,dimanche,10:45,75,75113,48.840258,2.37021,2,1,3,1,1,4,2,4,1,1,,-1,1,-1,5,4,1,75,5,1,2,0,2,4,14,202000013352A01,1,18,1,200054781
202000013353,2020-09-13,2020,septembre,dimanche,17:00,75,75112,48.824085,2.426754,2,1,3,1,1,4,2,2,1,1,,-1,1,0,4,4,1,71,5,1,2,0,2,2,25,202000013353B01,7,22,1,200054781
202000013356,2020-09-13,2020,septembre,dimanche,15:20,75,75101,48.862918,2.350694,2,3,3,1,1,4,2,5,1,1,,-1,1,-1,5,4,1,29,9,1,2,0,2,1,1,202000013356B01,7,15,1,200054781
202000013358,2020-09-13,2020,septembre,dimanche,08:15,75,75101,48.86093,2.34086,2,2,3,1,1,4,2,5,1,1,,-1,1,-1,5,4,1,58,5,1,2,0,2,1,1,202000013358B01,37,16,1,200054781
202000013379,2020-09-14,2020,septembre,lundi,09:10,65,65272,43.199948,0.19519,1,1,2,1,1,3,2,3,2,1,,-1,1,0,1,4,1,72,5,1,2,0,0,6,1,202000013379B01,10,1,1,200070803
202000013386,2020-09-14,2020,septembre,lundi,11:30,80,80533,50.059973,1.408975,2,6,3,1,1,3,1,1,1,2,,-1,1,0,1,3,2,62,5,2,,0,2,3,1,202000013386B01,7,16,1,247600588
202000013409,2020-09-13,2020,septembre,dimanche,16:40,21,21256,47.3236503,5.3081775,1,1,2,1,1,3,2,2,1,1,,-1,1,0,1,3,1,23,5,1,2,0,2,4,2,202000013409B01,7,17,1,200070902
202000013413,2020-09-13,2020,septembre,dimanche,16:30,87,87046,45.825181,1.045337,1,4,3,1,7,3,2,2,2,2,,-1,1,0,1,2,2,29,5,1,2,0,2,8,1,202000013413B01,7,15,1,200066520
202000013415,2020-09-13,2020,septembre,dimanche,19:00,52,52470,47.991745,5.738066,2,3,3,1,1,4,2,2,2,1,,-1,1,0,1,3,1,11,5,2,,0,2,1,1,202000013415A01,7,1,1,200070332
202000013416,2020-09-14,2020,septembre,lundi,08:40,88,88468,47.883582,6.757842,2,3,3,1,7,2,2,2,1,1,,-1,1,0,1,3,1,72,5,1,2 / 4,0,2,1,1,202000013416B01,7,15,1,200033868
202000013425,2020-09-13,2020,septembre,dimanche,09:30,29,29233,47.843497,-3.57899,1,1,2,1,1,3,3,2,2,1,,-1,1,0,1,3,1,50,5,1,2,0,2,4,1,202000013425A01,7,0,1,242900694
202000013433,2020-09-10,2020,septembre,jeudi,11:30,71,71453,46.2476645,4.0527548,1,9,7,1,1,9,-1,2,1,1,,-1,1,0,5,3,1,58,5,1,2,14,9,1,1,202000013433A01,,,,247100639
202000013483,2020-06-14,2020,juin,dimanche,14:20,73,73178,45.694497,6.127281,1,1,3,1,1,3,2,2,2,1,,-1,1,0,1,4,2,22,5,1,2 / 9,0,2,6,10,202000013483A01,7,17,1,200069110
202000013540,2020-06-14,2020,juin,dimanche,12:10,54,54328,48.6189122,6.1768306,2,6,3,1,1,3,1,1,1,3,,-1,1,0,1,4,1,56,0,2,,0,2,7,0,202000013540B01,7,9,1,245400676
202000013571,2020-06-15,2020,juin,lundi,16:10,75,75119,48.876118,2.380759,2,1,3,1,1,4,2,2,1,1,,-1,1,0,1,4,1,19,5,1,2,0,2,0,18,202000013571B01,7,12,1,200054781
202000013574,2020-06-15,2020,juin,lundi,16:45,75,75113,48.835071,2.360414,2,1,3,1,1,4,1,1,2,1,,-1,1,0,1,4,2,51,1,1,2,0,2,1,1,202000013574B01,7,22,1,200054781
202000013577,2020-06-15,2020,juin,lundi,18:50,75,75104,48.855077,2.361032,2,1,6,1,1,4,1,2,1,1,,-1,1,9,1,4,2,55,9,1,2,14,0,0,11,202000013577A01,,,,200054781
202000013601,2020-06-16,2020,juin,mardi,09:50,12,12197,44.035186,2.528969,2,1,3,1,1,3,2,2,1,1,,-1,1,0,1,4,1,13,3,2,,0,2,3,13,202000013601A01,7,17,1,241200542
202000013615,2020-06-16,2020,juin,mardi,16:45,38,38124,45.603484,5.548875,1,1,-1,1,1,3,2,2,1,1,,-1,1,0,1,3,2,15,5,2,,0,2,7,19,202000013615B01,7,1,1,200068542
202000013617,2020-06-16,2020,juin,mardi,15:15,70,70137,47.516259,6.357737,1,1,2,1,1,3,2,2,1,1,,5.5,1,0,1,2,1,73,5,1,2,0,2,1,1,202000013617A01,1,1,1,200041853
202000013632,2020-06-16,2020,juin,mardi,09:00,34,34157,43.464196,3.552125,1,2,3,1,1,9,2,1,2,1,,3,9,0,1,3,1,61,5,1,2,0,2,1,1,202000013632B01,7,1,1,200066355
202000013633,2020-06-16,2020,juin,mardi,11:15,83,83077,43.303179,5.987098,1,1,2,1,1,3,2,2,1,1,,-1,1,0,1,4,1,68,5,1,9,0,2,4,1,202000013633B01,7,17,1,200068104
202000013788,2020-08-14,2020,août,vendredi,19:50,75,75106,48.845096,2.320115,2,5,3,1,1,4,1,1,1,1,,-1,1,0,1,4,2,25,9,1,2,0,2,7,1,202000013788A01,10,9,1,200054781
202000013797,2020-08-13,2020,août,jeudi,13:20,75,75110,48.878861,2.362302,2,4,3,1,1,4,2,3,1,1,,-1,1,0,1,4,2,20,9,1,2,0,2,3,1,202000013797B01,37,12,1,200054781
202000013799,2020-08-14,2020,août,vendredi,13:10,75,75104,48.853384,2.367649,2,3,7,1,1,4,2,4,2,1,,-1,1,-1,5,4,2,38,9,1,2,0,0,0,15,202000013799A01,,,,200054781
202000013831,2020-08-14,2020,août,vendredi,17:20,32,32391,43.995531,0.568317,1,1,7,1,1,4,-1,2,3,1,,-1,1,0,1,3,1,55,5,2,,0,0,9,1,202000013831A01,,,,243200391
202000013839,2020-08-15,2020,août,samedi,16:30,31,31390,43.084346,0.574197,2,1,6,1,1,3,2,2,4,1,,-1,2,0,4,3,1,73,5,1,6,12,0,0,1,202000013839A01,,,,200072643
202000013852,2020-08-14,2020,août,vendredi,19:30,38,38530,45.611264,5.20237,1,1,2,1,7,4,2,2,1,1,,-1,1,0,1,4,1,42,0,2,,0,0,4,1,202000013852B01,7,1,1,243800604
202000013854,2020-08-10,2020,août,lundi,11:20,33,33005,44.732806,-1.079238,2,2,3,1,1,3,2,2,1,1,,-1,1,0,8,4,1,75,5,2,,0,2,8,9,202000013854A01,43,1,1,243301504
202000013860,2020-10-11,2020,octobre,dimanche,07:04,75,75119,48.882841,2.389432,2,3,1,5,1,4,1,2,1,2,,-1,2,0,1,4,1,50,9,2,,0,2,1,1,202000013860A01,7,15,1,200054781
202000013863,2020-10-10,2020,octobre,samedi,11:20,75,75119,48.892363,2.385438,2,3,5,1,1,4,2,3,1,1,,-1,1,-1,5,4,1,14,9,1,2,0,2,2,1,202000013863C01,33,14,1,200054781
202000013863,2020-10-10,2020,octobre,samedi,11:20,75,75119,48.892363,2.385438,2,3,5,1,1,4,2,3,1,1,,-1,1,-1,5,4,1,34,9,1,2,0,2,3,1,202000013863B01,33,14,1,200054781
202000013865,2020-10-11,2020,octobre,dimanche,13:20,75,75117,48.894344,2.313648,2,2,3,1,1,4,2,2,1,1,,-1,1,0,1,4,1,63,5,2,,0,2,1,1,202000013865A01,7,1,1,200054781
202000013870,2020-10-11,2020,octobre,dimanche,02:50,75,75109,48.882992,2.334872,2,3,7,5,2,4,1,1,1,1,,-1,2,-1,6,4,1,17,5,2,,0,0,1,7,202000013870A01,,,,200054781
202000013985,2020-10-10,2020,octobre,samedi,20:40,75,75118,48.888912,2.358223,2,3,3,5,1,4,2,2,1,1,,-1,1,0,1,1,1,36,4,1,2,0,2,0,15,202000013985B01,30,17,1,200054781
202000013986,2020-10-10,2020,octobre,samedi,19:40,75,75117,48.88504,2.326732,2,3,1,5,1,4,2,4,1,1,,-1,1,-1,5,4,1,26,9,1,2,0,2,1,1,202000013986A01,7,5,1,200054781
202000013990,2020-10-10,2020,octobre,samedi,14:40,75,75116,48.864035,2.267039,2,4,3,1,1,4,2,2,1,2,,-1,1,0,1,4,1,31,5,1,2 / 6,0,2,1,1,202000013990B01,7,22,1,200054781
202000013994,2020-10-10,2020,octobre,samedi,17:30,75,75113,48.83674,2.374356,2,3,3,1,1,4,2,4,1,1,,-1,1,-1,5,4,1,19,1,1,2,0,2,1,1,202000013994B01,7,15,1,200054781
202000013998,2020-10-10,2020,octobre,samedi,17:40,75,75107,48.862823,2.313459,2,2,3,1,1,4,2,6,1,3,,-1,1,-1,5,4,2,75,5,1,2,0,2,0,1,202000013998B01,7,16,1,200054781
202000013999,2020-10-10,2020,octobre,samedi,17:20,75,75104,48.855232,2.361116,2,3,6,1,1,4,2,4,1,1,,-1,1,-1,5,4,2,52,5,1,2,14,0,1,13,202000013999A01,,,,200054781
202000014039,2020-10-11,2020,octobre,dimanche,08:50,02,02820,49.633646,3.265557,1,6,3,2,1,3,2,1,1,1,,-1,2,0,1,4,1,59,5,1,2,0,2,1,1,202000014039B01,7,1,1,200071785
202000014050,2020-10-09,2020,octobre,vendredi,16:15,68,68375,47.804736,7.2376,2,1,3,1,1,3,2,2,1,1,,-1,1,0,1,4,1,82,5,1,2 / 6,0,2,6,1,202000014050B01,7,10,1,200066009
202000014073,2020-12-18,2020,décembre,vendredi,22:30,75,75117,48.886809,2.293649,2,1,7,5,1,4,1,2,1,1,,-1,1,0,1,4,2,52,9,2,,0,0,1,14,202000014073A01,,,,200054781
202000014094,2020-12-23,2020,décembre,mercredi,13:55,12,12086,44.177672,3.125803,1,1,2,1,1,3,2,2,1,1,,-1,1,2,1,4,1,50,5,1,2,0,2,4,1,202000014094B01,7,17,1,241200567
202000014106,2020-12-26,2020,décembre,samedi,14:00,37,37050,47.346856,0.7071738,2,2,1,1,1,3,1,1,1,1,,-1,1,0,1,3,1,27,1,2,,0,2,1,5,202000014106B01,7,1,1,243700754
202000014114,2020-11-20,2020,novembre,vendredi,17:15,971,97117,16.327923,-61.396151,1,9,2,2,1,3,2,2,1,4,,-1,1,0,1,4,1,56,5,1,2,0,0,4,2,202000014114A01,7,2,1,200044691
202000014224,2020-12-16,2020,décembre,mercredi,13:00,31,31377,43.431917,1.725664,1,1,6,1,6,3,4,2,2,1,,-1,1,8,6,3,1,62,5,1,2 / 9,14,0,1,11,202000014224A01,,,,200071298
202000014227,2020-12-24,2020,décembre,jeudi,18:10,50,50077,49.660329,-1.510373,1,1,3,3,6,3,2,2,1,1,,-1,1,0,1,3,1,47,1,1,9,0,2,8,2,202000014227A01,10,2,1,200067205
202000014232,2020-12-25,2020,décembre,vendredi,19:45,988,98805,-22.205479,166.476678,2,1,3,5,1,4,2,2,1,3,,-1,1,0,1,3,1,7,5,2,,0,2,7,19,202000014232B01,10,25,1,
202000014271,2020-11-18,2020,novembre,mercredi,21:40,75,75115,48.85458,2.28885,2,2,3,5,1,4,2,6,1,1,,-1,1,-1,5,4,1,19,9,1,2,0,2,6,15,202000014271A01,7,1,1,200054781
202000014274,2020-11-19,2020,novembre,jeudi,18:40,75,75110,48.883784,2.359218,2,1,2,1,2,4,-1,2,1,1,,-1,2,-1,6,4,2,40,9,2,,0,2,1,8,202000014274B01,7,8,1,200054781
202000014277,2020-11-19,2020,novembre,jeudi,10:00,75,75101,48.85722,2.347098,2,2,3,1,1,4,1,0,1,1,,-1,1,-1,5,4,1,42,1,1,2,0,2,6,1,202000014277B01,10,16,1,200054781
202000014332,2020-11-19,2020,novembre,jeudi,14:10,987,98729,-17.481931,-149.8007995,1,1,2,1,2,2,2,2,1,1,,-1,2,0,1,3,1,49,5,2,,0,2,4,19,202000014332B01,7,17,1,
202000014408,2020-11-18,2020,novembre,mercredi,16:15,75,75112,48.848442,2.37418,2,1,6,1,1,4,2,2,1,1,,-1,1,0,1,1,1,42,5,1,2,0,1,1,1,202000014408A01,,,,200054781
202000014412,2020-11-18,2020,novembre,mercredi,16:15,75,75116,48.863571,2.268983,2,1,2,1,1,4,2,2,1,1,,-1,1,0,1,4,1,15,5,1,2,0,2,1,2,202000014412A01,7,23,1,200054781
202000014413,2020-11-18,2020,novembre,mercredi,16:20,75,75116,48.865043,2.288711,2,2,3,1,1,4,2,4,1,1,,-1,1,0,1,4,2,43,1,1,2 / 6,0,2,1,2,202000014413B01,7,22,1,200054781
202000014416,2020-11-18,2020,novembre,mercredi,10:52,75,75117,48.882508,2.310527,2,7,3,1,1,4,2,4,1,2,,-1,1,0,1,3,1,42,9,1,2,0,2,8,15,202000014416A01,7,17,1,200054781
202000014454,2020-05-11,2020,mai,lundi,16:55,70,70310,47.678066,6.50654,2,9,3,1,3,4,2,2,1,1,,6,2,0,1,3,1,25,5,2,,0,2,1,15,202000014454A01,7,1,1,247000664
202000014457,2020-05-11,2020,mai,lundi,12:20,69,69278,45.8967,4.8197,2,6,3,1,1,3,4,2,1,2,,5.5,1,0,1,4,1,63,5,1,2,0,2,7,12,202000014457B01,7,16,1,200046977
202000014474,2020-05-09,2020,mai,samedi,19:30,75,75120,48.856992,2.393726,2,1,3,1,1,4,1,1,1,1,,-1,2,0,1,4,2,54,5,2,,0,2,7,1,202000014474A01,7,1,1,200054781
202000014485,2020-05-09,2020,mai,samedi,13:50,35,35024,48.1794262,-1.6618252,2,1,1,1,1,4,2,2,1,2,,5,1,0,1,4,1,10,5,1,2,0,2,1,5,202000014485B01,7,1,1,243500139
202000014487,2020-05-10,2020,mai,dimanche,08:40,71,71158,46.5596106,4.9970774,2,1,3,1,1,4,2,2,2,2,,-1,1,0,1,4,1,59,3,2,,0,2,8,2,202000014487B01,7,26,1,200071538
202000014489,2020-05-08,2020,mai,vendredi,18:57,12,12148,44.480463,2.224844,2,3,3,1,7,4,2,2,2,3,,-1,1,0,1,4,1,12,5,1,2,0,2,8,16,202000014489B01,7,1,1,241200674
202000014490,2020-05-10,2020,mai,dimanche,15:45,68,68208,47.564757,7.441107,2,1,7,1,1,3,2,2,2,1,,-1,1,0,1,3,2,40,5,2,,0,0,9,1,202000014490A01,,,,200066058
202000014495,2020-05-09,2020,mai,samedi,14:20,73,73262,45.813621,6.5080444,1,3,3,1,1,3,2,2,2,1,,5.5,1,0,1,3,2,31,1,1,2 / 9,0,2,1,26,202000014495B01,7,15,1,200068997
202000014520,2020-05-08,2020,mai,vendredi,16:40,75,75119,48.880513,2.388415,2,1,7,1,1,4,2,2,2,1,,-1,1,-1,6,4,1,16,9,1,2,0,0,1,1,202000014520A01,,,,200054781
202000014522,2020-05-07,2020,mai,jeudi,17:55,75,75117,48.892993,2.310028,2,1,-1,1,1,4,1,1,1,1,,-1,1,-1,5,4,1,40,4,2,,0,2,4,21,202000014522A01,1,1,1,200054781
202000014573,2020-05-06,2020,mai,mercredi,15:45,54,54580,49.46107,5.91945,2,1,2,1,1,4,1,2,1,2,,-1,1,0,1,3,1,5,5,1,2,0,2,5,0,202000014573B01,7,15,1,245701404
202000014587,2020-05-07,2020,mai,jeudi,16:00,75,75116,48.873722,2.294068,2,7,3,1,1,4,1,5,1,2,,-1,1,9,1,4,1,69,9,2,,0,2,7,16,202000014587A01,7,1,1,200054781
202000014588,2020-05-07,2020,mai,jeudi,19:10,75,75112,48.846137,2.376054,2,2,6,1,1,4,1,1,1,1,,-1,1,0,1,4,1,60,9,2,,0,0,3,21,202000014588A01,,,,200054781
202000014593,2020-05-06,2020,mai,mercredi,16:10,94,94021,48.7677,2.36624,2,1,3,1,1,5,1,1,1,1,,-1,1,0,1,4,1,9,5,2,,0,2,1,1,202000014593B01,7,4,1,200054781
202000014658,2020-01-25,2020,janvier,samedi,20:55,75,75119,48.8752305,2.3786499,2,4,3,5,1,4,2,2,4,1,,-1,1,0,1,4,2,32,9,1,2,0,2,3,15,202000014658B01,7,15,1,200054781
202000014660,2020-01-25,2020,janvier,samedi,10:50,75,75116,48.841429,2.263788,2,2,-1,1,5,4,1,3,1,1,,9,1,0,1,1,1,26,9,1,2,0,2,0,1,202000014660A01,7,1,1,200054781
202000014692,2020-01-25,2020,janvier,samedi,10:00,31,31517,43.3323211,1.3774222,1,1,-1,1,1,3,2,2,3,1,,5.5,1,0,1,3,1,37,5,1,2,0,0,4,2,202000014692B01,0,2,1,200066819
202000014703,2020-01-25,2020,janvier,samedi,11:15,69,69117,45.8711914,4.7459811,2,1,3,1,1,3,2,2,1,1,,5.5,1,0,1,4,1,50,5,1,2,0,2,1,1,202000014703B01,7,15,1,200046977
202000014810,2020-01-24,2020,janvier,vendredi,15:35,75,75102,48.8709323,2.3459297,2,3,3,1,1,4,2,2,1,1,,5,1,0,1,4,1,59,5,1,2,0,2,3,1,202000014810B01,10,15,1,200054781
202000014811,2020-01-22,2020,janvier,mercredi,21:50,75,75102,48.8706888,2.3479119,2,2,3,4,1,4,2,4,1,1,,12,1,0,1,1,1,28,9,1,2,0,2,1,15,202000014811A01,32,1,1,200054781
202000014844,2020-07-15,2020,juillet,mercredi,08:50,35,35238,48.0876554,-1.651057,2,6,3,1,1,4,1,2,1,1,,-1,1,0,1,4,2,47,1,1,2,0,2,7,0,202000014844B01,7,16,1,243500139
202000014863,2020-02-23,2020,février,dimanche,13:30,42,42094,45.74376,4.225091,2,1,3,1,1,3,2,2,1,1,,5.5,1,0,1,4,1,16,0,1,2,0,2,1,1,202000014863B01,7,15,1,200065894
202000014892,2020-07-15,2020,juillet,mercredi,09:07,75,75106,48.851259,2.333792,2,3,3,1,1,4,1,2,1,1,,-1,1,-1,5,4,1,39,1,1,2,0,2,6,1,202000014892B01,7,16,1,200054781
202000014900,2020-02-28,2020,février,vendredi,18:00,29,29124,48.57747,-4.312241,2,1,1,1,8,4,2,2,1,3,,-1,2,0,5,3,1,13,5,2,,0,2,1,5,202000014900B01,7,1,1,242900793
202000014908,2020-07-15,2020,juillet,mercredi,14:10,75,75116,48.845844,2.268545,2,1,1,1,1,4,2,2,1,1,,-1,1,0,1,4,1,22,4,1,2,0,2,1,13,202000014908A01,7,1,1,200054781
202000014921,2020-07-15,2020,juillet,mercredi,11:18,75,75109,48.871961,2.340039,2,5,2,1,1,4,2,5,1,1,,-1,1,0,1,4,2,27,9,1,2,0,2,5,11,202000014921A01,7,1,1,200054781
202000014998,2020-07-15,2020,juillet,mercredi,17:35,72,72031,48.068614,0.489219,1,9,2,1,1,3,2,2,1,2,,-1,1,0,1,3,1,60,5,1,2,0,2,4,2,202000014998B01,7,2,1,247200686
202000015029,2020-07-10,2020,juillet,vendredi,11:15,73,73116,45.2313117,6.305452,1,1,6,1,1,3,2,2,2,2,,-1,1,0,3,3,1,77,5,1,2,13,0,1,1,202000015029A01,,,,200070464
202000015116,2020-07-14,2020,juillet,mardi,15:25,75,75102,48.863398,2.350956,2,2,3,1,8,4,1,4,1,1,,-1,1,-1,5,4,1,43,9,2,,0,2,0,19,202000015116B01,7,15,1,200054781
202000015153,2020-07-05,2020,juillet,dimanche,10:50,19,19177,45.285184,1.293211,1,1,7,1,1,3,2,2,2,1,,-1,1,0,1,2,1,71,5,1,2 / 6,0,0,3,1,202000015153A01,,,,200043172
202000015154,2020-07-15,2020,juillet,mercredi,12:30,79,79014,47.048765,-0.24614,1,1,7,1,1,3,2,2,1,1,,6,1,0,1,2,1,74,5,1,2,0,0,0,1,202000015154A01,,,,247900798
202000015176,2020-07-14,2020,juillet,mardi,20:15,73,73312,45.653022,6.315368,2,2,3,1,1,4,2,2,2,1,,-1,1,0,1,3,1,11,5,1,2,0,2,1,19,202000015176B01,7,1,1,200068997
202000015183,2020-07-15,2020,juillet,mercredi,09:50,85,85008,46.566053,-1.470505,1,1,3,1,1,3,2,2,1,1,,-1,1,0,1,4,1,68,5,1,2,0,0,3,1,202000015183B01,7,1,1,248500589
202000015223,2020-09-12,2020,septembre,samedi,12:20,54,54357,48.7129568,6.1597493,2,1,3,1,1,4,2,2,1,1,,-1,1,0,1,4,1,47,0,2,,0,2,1,1,202000015223B01,7,15,1,245400676
202000015256,2020-09-11,2020,septembre,vendredi,23:30,75,75117,48.877915,2.294339,2,4,3,5,1,4,2,2,2,1,,-1,1,0,1,4,1,33,9,2,,0,2,1,1,202000015256B01,7,9,1,200054781
202000015257,2020-09-12,2020,septembre,samedi,08:40,75,75115,48.831183,2.291847,2,3,3,1,1,4,3,2,2,1,,-1,1,-1,5,4,1,34,1,2,,0,2,1,1,202000015257B01,7,16,1,200054781
202000015258,2020-09-12,2020,septembre,samedi,21:20,75,75112,48.845903,2.374347,2,5,6,5,1,4,1,3,1,1,,-1,1,-1,5,4,1,34,5,1,2,0,1,1,1,202000015258A01,,,,200054781
202000015259,2020-09-12,2020,septembre,samedi,14:30,75,75112,48.836127,2.405056,2,1,4,1,1,4,2,3,1,1,,-1,1,0,1,4,1,20,4,2,,0,2,3,1,202000015259C01,34 / 7,17 / 13,2,200054781
202000015264,2020-09-12,2020,septembre,samedi,15:35,75,75108,48.864889,2.307152,2,1,6,1,1,4,2,2,1,1,,-1,1,-1,5,4,2,32,5,2,,0,1,1,1,202000015264A01,,,,200054781
202000015293,2020-09-09,2020,septembre,mercredi,14:40,01,01399,46.296069,6.075794,2,1,-1,1,1,3,2,2,1,1,,-1,1,0,1,4,1,5,5,2,,0,2,0,25,202000015293A01,7,21,1,240100750
202000015301,2020-09-13,2020,septembre,dimanche,11:45,57,57226,49.35673,5.997456,2,1,1,1,1,3,2,2,2,1,,-1,1,0,1,3,1,59,5,1,2 / 9,0,2,1,1,202000015301B01,7,1,1,245701362
202000015303,2020-09-13,2020,septembre,dimanche,09:15,74,74225,45.866839,5.938824,2,3,3,1,1,3,2,2,1,1,,-1,1,0,5,4,1,71,5,1,2,0,2,7,1,202000015303B01,10,16,1,247400740
202000015304,2020-09-12,2020,septembre,samedi,20:30,77,77509,48.478839,3.051796,1,1,2,3,1,3,2,2,1,1,,-1,1,0,1,3,1,64,3,2,,0,2,4,1,202000015304A01,7,2,1,200040251
202000015315,2020-09-12,2020,septembre,samedi,08:29,38,38070,45.280262,5.930729,2,6,3,2,1,3,2,2,1,1,,-1,1,0,1,4,2,61,0,1,2,0,2,7,1,202000015315B01,7,26,1,200018166
202000015318,2020-09-13,2020,septembre,dimanche,09:00,84,84114,43.87903,5.216178,2,1,7,1,1,3,2,2,2,1,,-1,1,9,1,2,1,60,5,2,,0,0,3,1,202000015318A01,,,,200040624
202000015319,2020-09-11,2020,septembre,vendredi,18:30,03,03214,46.4236424,3.0332613,2,1,7,1,1,4,2,2,2,3,,-1,1,0,1,2,1,45,5,2,,0,0,7,1,202000015319A01,,,,200071496
202000015351,2020-09-12,2020,septembre,samedi,13:55,13,13062,43.4235,5.485079,1,1,3,1,1,3,2,2,2,1,,-1,1,0,1,3,1,48,5,1,2 / 9,0,0,3,1,202000015351A01,7,1,1,200054807
202000015353,2020-09-12,2020,septembre,samedi,09:50,68,68135,47.572776,7.500594,1,6,3,1,1,3,2,2,2,1,,-1,1,0,1,1,1,61,5,1,2,0,0,4,1,202000015353B01,33,1,1,200066058
202000015378,2020-02-26,2020,février,mercredi,09:00,75,75111,48.85857,2.376513,2,4,3,1,1,4,1,2,1,1,,4,1,0,1,4,2,41,1,2,,0,2,2,1,202000015378A01,7,15,1,200054781
202000015451,2020-06-14,2020,juin,dimanche,09:15,56,56055,47.655544,-3.20282,2,1,3,1,1,4,2,2,1,1,,-1,1,0,6,1,1,54,5,2,,0,9,0,1,202000015451A01,1,19,1,200043123
202000015451,2020-06-14,2020,juin,dimanche,09:15,56,56055,47.655544,-3.20282,2,1,3,1,1,4,2,2,1,1,,-1,1,0,6,4,1,73,5,2,,0,0,0,19,202000015451B01,1,1,1,200043123
202000015454,2020-06-15,2020,juin,lundi,09:40,82,82134,44.072051,1.523467,2,6,2,1,1,3,-1,1,1,3,,-1,1,0,1,4,2,66,5,2,,0,0,5,2,202000015454B01,7,0,1,200066884
202000015461,2020-06-15,2020,juin,lundi,08:50,03,03036,46.5850252,3.0579949,2,3,3,1,1,4,1,1,1,1,,-1,1,0,1,4,1,59,1,2,,0,2,1,0,202000015461B01,7,15,1,200071496
202000015476,2020-06-15,2020,juin,lundi,09:55,69,69244,45.7640593,4.7816672,2,6,3,1,1,9,2,2,2,3,,5.5,1,0,1,3,2,66,5,2,,0,2,1,1,202000015476B01,14,16,1,200046977
202000015483,2020-06-14,2020,juin,dimanche,10:45,34,34276,43.774849,3.867601,1,1,3,1,1,3,2,2,1,1,,5.5,1,0,1,4,1,63,5,1,2,0,2,8,2,202000015483A01,7,17,1,200022986
202000015487,2020-06-14,2020,juin,dimanche,11:00,71,71062,46.926762,4.251645,1,1,3,1,1,3,2,2,1,1,,-1,1,0,1,3,1,60,5,1,2,0,2,8,1,202000015487B01,7,20,1,200070530
202000015489,2020-06-14,2020,juin,dimanche,13:30,50,50611,49.664204,-1.752459,1,1,1,1,1,4,2,2,2,2,,-1,1,0,1,3,1,37,5,1,2,0,2,1,1,202000015489B01,7,1,1,
202000015492,2020-06-15,2020,juin,lundi,06:45,27,27412,49.2366437,1.0884856,2,1,2,1,1,3,2,2,1,1,,5,1,0,1,3,1,51,1,2,,6,0,4,2,202000015492B01,7,0,1,200089456
202000015535,2020-06-13,2020,juin,samedi,02:20,75,75119,48.877559,2.394794,2,1,2,5,1,4,2,3,1,1,,-1,1,-1,5,3,2,39,9,1,2,0,2,8,2,202000015535A01,50,2,1,200054781
202000015536,2020-06-13,2020,juin,samedi,02:38,75,75119,48.87924,2.370433,2,1,6,5,1,4,3,2,1,1,,-1,1,-1,5,4,1,30,9,1,2,1,0,1,13,202000015536A01,,,,200054781
202000015542,2020-06-13,2020,juin,samedi,09:20,75,75114,48.822881,2.327432,2,1,3,1,8,4,3,2,1,1,,-1,1,-1,5,4,2,38,1,1,2,0,2,1,1,202000015542B01,7,22,1,200054781