Num_Acc,date,an,mois,jour,hrmn,dep,com,lat,long,agg,int,col,lum,atm,catr,circ,nbv,prof,plan,lartpc,larrout,surf,infra,situ,grav,sexe,age,trajet,secuexist,equipement,obs,obsm,choc,manv,vehiculeid,typevehicules,manoeuvehicules,numVehicules,_infos_commune.code_epci
202000015545,2020-06-13,2020,juin,samedi,02:55,75,75110,48.872177,2.36285,2,1,2,5,1,4,2,2,1,1,,-1,1,0,1,4,2,27,5,1,2,0,2,4,2,202000015545A01,7,2,1,200054781
202000015550,2020-06-13,2020,juin,samedi,16:15,75,75101,48.858811,2.340054,2,1,6,1,1,4,2,1,1,1,,-1,1,6,1,1,1,27,9,1,2,0,1,4,1,202000015550A01,,,,200054781
202000015562,2020-06-13,2020,juin,samedi,14:20,92,92050,48.8868398,2.203306,2,1,2,1,8,3,1,2,2,1,,-1,1,0,5,4,2,58,5,2,,1,0,2,21,202000015562B01,7,22,1,200054781
202000015572,2020-06-13,2020,juin,samedi,20:00,91,91573,48.615811,2.509056,2,9,3,2,8,7,2,2,1,1,,-1,1,0,1,4,1,53,5,2,,0,2,8,19,202000015572B01,7,1,1,200059228
202000015577,2020-06-13,2020,juin,samedi,19:45,80,80415,49.754842,2.60383,2,2,1,1,1,3,1,1,1,1,,-1,1,0,1,3,2,13,5,2,,0,2,8,19,202000015577A01,7,1,1,200070969
202000015583,2020-06-14,2020,juin,dimanche,14:30,42,42138,45.646133,4.352796,1,3,3,1,1,3,2,2,1,1,,5.5,1,0,1,3,1,57,5,1,2,0,2,1,1,202000015583A01,7,15,1,200066587
202000015675,2020-08-12,2020,août,mercredi,18:33,75,75106,48.842079,2.329544,2,2,3,1,1,4,2,4,1,1,,-1,1,0,1,2,1,59,1,1,2,0,2,8,19,202000015675A01,7,1,1,200054781
202000015676,2020-08-12,2020,août,mercredi,16:45,75,75116,48.878441,2.279831,2,2,3,1,1,4,3,3,1,3,,-1,1,-1,5,4,1,41,9,1,2,0,2,1,1,202000015676B01,13,16,1,200054781
202000015677,2020-08-12,2020,août,mercredi,10:11,75,75116,48.858706,2.275925,2,1,6,1,1,4,2,4,1,1,,-1,1,0,4,1,1,15,3,1,2,0,1,1,25,202000015677A01,,,,200054781
202000015695,2020-08-13,2020,août,jeudi,08:56,40,40296,43.687426,-1.425562,1,1,2,1,1,3,2,2,1,1,,-1,1,0,1,3,1,78,5,2,,0,2,4,11,202000015695B01,7,1,1,244000865
202000015699,2020-08-12,2020,août,mercredi,12:35,62,62044,50.48436,1.7447105,2,9,1,1,1,4,2,2,1,1,,-1,1,0,1,3,1,62,5,1,6,0,2,1,1,202000015699B01,21,19,1,200069029
202000015711,2020-08-14,2020,août,vendredi,09:30,34,34175,43.606251,3.354006,1,1,2,1,1,3,2,2,1,2,,-1,1,0,1,2,1,71,5,1,2,0,9,0,0,202000015711B01,33,0,1,243400355
202000015718,2020-08-08,2020,août,samedi,14:45,29,29015,48.485951,-4.468946,1,1,7,1,1,3,2,2,1,4,,-1,1,0,1,3,1,47,5,1,2,0,0,9,1,202000015718B01,,,,242900553
202000015721,2020-08-13,2020,août,jeudi,20:00,15,15044,45.138946,2.826576,1,1,7,1,1,3,2,2,2,1,,-1,1,0,1,3,1,38,5,1,2,0,0,2,1,202000015721A01,,,,
202000015741,2020-08-12,2020,août,mercredi,08:25,971,97128,16.226681,-61.391156,1,1,1,1,1,3,2,2,4,3,,-1,1,0,1,3,1,27,5,1,2,0,2,1,0,202000015741B01,7,1,1,200041507
202000015754,2020-08-14,2020,août,vendredi,08:38,59,59535,50.780109,2.737956,2,4,1,1,5,3,2,2,2,1,,-1,1,0,1,3,1,32,5,1,2,0,2,1,1,202000015754B01,7,15,1,200040947
202000015905,2020-10-08,2020,octobre,jeudi,16:12,75,75119,48.87841,2.374254,2,2,3,1,1,4,1,2,1,1,,-1,1,0,1,4,2,41,1,2,,0,2,2,1,202000015905B01,32,9,1,200054781
202000015909,2020-10-08,2020,octobre,jeudi,22:40,75,75115,48.845655,2.287985,2,2,3,5,1,4,2,2,1,1,,-1,1,0,1,4,1,26,9,2,,0,2,4,1,202000015909A01,7,1,1,200054781
202000015913,2020-10-09,2020,octobre,vendredi,15:30,75,75111,48.861092,2.381149,2,2,1,1,1,4,2,2,1,1,,-1,1,0,1,4,1,45,5,2,,0,2,1,1,202000015913B01,30,15,1,200054781
202000015914,2020-10-09,2020,octobre,vendredi,10:45,75,75117,48.897504,2.32431,2,5,3,1,8,4,1,6,1,1,,-1,2,-1,6,4,1,15,5,2,,0,4,1,19,202000015914A01,40,1,1,200054781
202000015946,2020-10-09,2020,octobre,vendredi,18:00,56,56032,47.956885,-2.297811,2,3,3,1,1,4,2,2,1,1,,-1,1,0,1,3,1,9,5,1,2,0,2,8,19,202000015946A01,7,1,1,200066777
202000015958,2020-10-10,2020,octobre,samedi,12:10,83,83028,43.574021,6.563714,1,1,-1,1,1,3,2,2,1,1,,-1,1,0,1,1,1,48,5,1,2,0,2,1,1,202000015958C01,33,2,1,248300493
202000015958,2020-10-10,2020,octobre,samedi,12:10,83,83028,43.574021,6.563714,1,1,-1,1,1,3,2,2,1,1,,-1,1,0,1,3,1,40,5,1,2,0,2,8,10,202000015958B01,33,2,1,248300493
202000015975,2020-09-03,2020,septembre,jeudi,18:50,33,33056,44.909174,-0.638532,2,2,3,1,1,4,2,4,1,1,,-1,1,0,1,3,1,66,5,1,2,0,2,8,16,202000015975B01,7,15,1,243300316
202000016091,2020-12-15,2020,décembre,mardi,14:05,22,22362,48.790878,-3.230415,2,6,3,1,1,3,2,2,1,1,,-1,1,5,1,3,1,66,5,1,2 / 4 / 6,0,2,1,9,202000016091B01,7,26,1,200065928
202000016099,2020-12-23,2020,décembre,mercredi,12:50,52,52058,48.199464,5.136693,2,3,3,1,1,4,2,2,1,1,,-1,1,0,1,3,1,67,5,1,2,0,2,1,1,202000016099B01,7,15,1,200068658
202000016100,2020-12-16,2020,décembre,mercredi,19:15,06,06152,43.625429,6.997283,1,1,2,5,1,3,2,2,1,1,,-1,1,0,1,3,1,60,1,1,2,0,2,4,1,202000016100A01,10,0,1,240600585
202000016106,2020-12-23,2020,décembre,mercredi,19:30,973,97304,5.155146,-52.676783,1,1,2,3,1,2,2,2,1,1,,-1,1,0,1,2,1,29,5,2,,0,2,4,2,202000016106B01,7,2,1,200027548
202000016109,2020-12-23,2020,décembre,mercredi,17:00,06,06128,43.691456,7.130041,1,1,1,1,1,3,3,4,2,2,,-1,1,0,3,2,1,63,5,1,2 / 6,0,2,0,0,202000016109B01,7,14,1,240600585
202000016215,2020-11-17,2020,novembre,mardi,07:45,65,65433,43.211281,0.100328,2,3,3,2,1,4,2,2,1,1,,-1,1,0,1,4,1,53,1,2,,0,2,8,15,202000016215B01,10,15,1,200069300
202000016236,2020-11-16,2020,novembre,lundi,10:15,05,05061,44.554839,6.075151,2,6,3,1,1,2,1,2,1,2,,-1,2,0,1,3,1,72,5,1,2,0,2,5,1,202000016236B01,7,9,1,200067825
202000016238,2020-11-17,2020,novembre,mardi,10:00,75,75116,48.8641,2.300954,2,7,6,1,1,4,1,0,2,1,,-1,1,0,4,1,1,33,5,2,,0,1,1,25,202000016238A01,,,,200054781
202000016240,2020-11-17,2020,novembre,mardi,17:50,75,75101,48.866395,2.323467,2,2,1,5,1,4,-1,0,1,1,,-1,1,-1,5,1,1,21,1,2,,0,2,1,1,202000016240B01,2,1,1,200054781
202000016262,2020-11-18,2020,novembre,mercredi,09:35,31,31157,43.5399,1.337425,2,1,3,1,1,3,2,2,1,1,,-1,1,0,1,3,1,71,5,1,2 / 6,0,2,8,2,202000016262B01,10,17,1,243100518
202000016273,2020-11-17,2020,novembre,mardi,09:20,40,40266,44.068504,-1.229301,2,3,-1,2,1,3,-1,2,1,1,,-1,1,0,1,3,2,82,3,2,,0,2,3,23,202000016273B01,10,19,1,244000857
202000016276,2020-11-17,2020,novembre,mardi,15:30,74,74067,45.88198,6.062168,2,3,3,1,1,4,2,2,2,3,,-1,1,0,1,3,1,38,5,1,2,0,2,1,13,202000016276B01,21,1,1,200066793
202000016321,2020-11-13,2020,novembre,vendredi,13:20,63,63113,45.7801523,3.0738951,2,1,2,1,1,4,2,2,1,1,,-1,1,0,1,3,1,52,1,1,2,0,2,1,2,202000016321B01,7,20,1,246300701
202000016353,2020-11-16,2020,novembre,lundi,17:55,75,75113,48.820986,2.35063,2,3,3,5,1,4,2,4,2,1,,-1,1,-1,5,4,2,29,9,1,2,0,2,1,1,202000016353B01,10,16,1,200054781
202000016355,2020-11-16,2020,novembre,lundi,13:25,75,75108,48.875035,2.309203,2,2,7,1,1,4,2,3,2,1,,-1,1,0,1,4,1,38,9,1,2,0,2,7,14,202000016355A01,,,,200054781
202000016378,2020-05-06,2020,mai,mercredi,13:50,75,75115,48.83723,2.296436,2,2,3,1,1,4,2,3,1,1,,-1,1,0,1,4,2,38,1,1,2,0,2,3,1,202000016378A01,2,15,1,200054781
202000016396,2020-05-05,2020,mai,mardi,16:00,63,63003,45.52233,3.741242,1,1,7,1,1,3,2,2,2,1,,4,1,0,1,2,2,66,3,2,,0,0,0,1,202000016396A01,,,,200070761
202000016400,2020-05-07,2020,mai,jeudi,16:40,73,73265,45.7509942,5.9760932,1,3,5,1,1,4,2,2,4,3,,4,1,0,1,4,1,55,5,1,2 / 6,0,2,1,1,202000016400C01,7,15,1,200068674
202000016400,2020-05-07,2020,mai,jeudi,16:40,73,73265,45.7509942,5.9760932,1,3,5,1,1,4,2,2,4,3,,4,1,0,1,3,1,55,5,1,2 / 6,0,2,1,1,202000016400B01,7,15,1,200068674
202000016408,2020-04-30,2020,avril,jeudi,07:30,72,72154,47.704863,-0.080788,2,1,1,1,1,4,2,2,1,2,,5,1,0,1,3,1,56,1,2,,0,2,2,1,202000016408B01,10,15,1,247200348
202000016437,2020-05-05,2020,mai,mardi,09:10,75,75107,48.862819,2.313461,2,3,3,1,2,4,2,4,1,1,,-1,2,0,1,4,1,26,5,1,2,0,2,1,15,202000016437A01,7,1,1,200054781
202000016438,2020-05-05,2020,mai,mardi,16:55,75,75101,48.862442,2.32519,2,3,6,1,8,4,1,5,1,1,,-1,1,0,4,4,1,53,1,1,2,15,0,7,16,202000016438A01,,,,200054781
202000016444,2020-05-06,2020,mai,mercredi,15:00,02,02131,49.390991,3.381895,2,9,3,1,1,4,2,2,1,1,,-1,1,0,1,3,1,13,5,2,,0,2,0,26,202000016444A01,7,1,1,240200501
202000016467,2020-05-06,2020,mai,mercredi,11:40,21,21435,47.88262,4.564079,1,1,2,1,1,3,2,2,2,1,0,7.2,1,0,1,3,1,29,3,2,,0,2,7,15,202000016467B01,7,0,1,242101434
202000016470,2020-05-05,2020,mai,mardi,18:50,973,97307,4.826271,-52.361784,1,1,2,2,8,3,2,2,1,1,,-1,1,0,1,3,2,38,5,2,,0,0,4,2,202000016470B01,7,2,1,249730045
202000016487,2020-02-25,2020,février,mardi,17:45,66,66136,42.69132,2.89626,2,1,-1,1,1,4,2,1,1,1,,-1,1,0,1,4,1,45,9,2,,0,2,7,19,202000016487B01,7,1,1,200027183
202000016512,2020-05-02,2020,mai,samedi,19:02,13,13206,43.29116,5.38067,2,2,3,1,1,4,1,2,1,1,,-1,1,0,1,3,1,60,0,2,,0,2,7,19,202000016512A01,7,1,1,200054807
202000016528,2020-04-03,2020,avril,vendredi,20:15,971,97129,16.3053255,-61.6564513,2,1,7,3,1,3,3,2,3,1,,-1,1,0,3,3,1,58,1,1,2,13,0,0,0,202000016528A01,,,,249710062
202000016554,2020-05-04,2020,mai,lundi,18:20,74,74131,46.022584,5.925254,2,1,1,1,7,4,2,2,2,3,,-1,1,0,1,4,1,10,5,2,,0,2,1,1,202000016554B01,7,1,1,200070852
202000016580,2020-01-22,2020,janvier,mercredi,08:00,44,44183,47.387593,-2.435585,1,2,3,2,8,3,2,2,1,1,,-1,1,5,1,4,1,68,5,1,2,0,2,8,1,202000016580A01,7,19,1,244400610
202000016581,2020-01-23,2020,janvier,jeudi,15:30,29,29097,48.4939314,-4.0468605,2,6,3,1,7,3,-1,1,1,2,,-1,1,0,1,4,2,73,5,1,2,0,2,2,12,202000016581B01,7,1,1,242900751
202000016656,2020-01-09,2020,janvier,jeudi,23:25,36,36044,46.8126548,1.6848028,2,2,3,5,1,4,2,2,2,1,,-1,1,2,1,3,2,31,1,2,,0,2,1,1,202000016656B01,7,16,1,243600327
202000016689,2020-01-23,2020,janvier,jeudi,12:15,75,75119,48.8814228,2.3728171,2,1,2,1,8,4,2,3,2,1,,-1,1,0,1,4,2,34,9,1,2,0,2,4,2,202000016689B01,7,2,1,200054781
202000016694,2020-01-21,2020,janvier,mardi,22:30,75,75115,48.8406112,2.3049795,2,3,2,5,1,4,1,2,1,1,,7,1,-1,6,4,1,16,5,1,2,0,2,1,2,202000016694A01,7,23,1,200054781
202000016698,2020-01-22,2020,janvier,mercredi,11:05,75,75114,48.837577,2.3229271,2,5,3,1,1,4,2,5,2,1,,-1,1,0,1,3,2,55,9,1,2,0,2,5,1,202000016698A01,7,1,1,200054781
202000016699,2020-01-23,2020,janvier,jeudi,15:30,75,75113,48.8229732,2.3778056,2,3,6,1,1,4,3,2,1,1,,5,1,-1,5,1,1,54,1,1,2,0,1,1,1,202000016699A01,,,,200054781
202000016701,2020-01-22,2020,janvier,mercredi,10:10,75,75112,48.8431837,2.4145192,2,3,2,1,1,4,2,2,1,1,,5,1,0,1,4,2,58,1,1,2,0,2,1,1,202000016701B01,10,4,1,200054781
202000016760,2020-07-14,2020,juillet,mardi,11:20,13,13034,43.733957,4.943676,1,1,4,1,1,3,2,2,2,1,,-1,1,0,1,3,1,59,5,1,2,0,2,4,11,202000016760B01,33,21,1,241300375
202000016760,2020-07-14,2020,juillet,mardi,11:20,13,13034,43.733957,4.943676,1,1,4,1,1,3,2,2,2,1,,-1,1,0,1,3,1,58,5,1,2,0,2,1,11,202000016760C01,33,21,1,241300375
202000016776,2020-07-13,2020,juillet,lundi,08:30,988,98818,-22.30186,166.43525,2,1,6,1,1,4,2,2,1,3,,-1,1,0,5,3,2,49,5,1,2,0,9,1,26,202000016776A01,,,,
202000016794,2020-07-11,2020,juillet,samedi,12:05,87,87085,45.92387,1.30241,1,1,-1,1,1,3,2,2,1,1,,-1,1,0,1,3,1,53,5,1,2,0,2,0,1,202000016794A01,7,1,1,248719312
202000016861,2020-07-13,2020,juillet,lundi,10:00,75,75120,48.851858,2.401371,2,2,2,1,1,4,2,2,1,1,,-1,1,0,1,4,1,22,9,2,,0,2,1,1,202000016861B01,10,23,1,200054781
202000016864,2020-07-12,2020,juillet,dimanche,12:30,75,75115,48.840089,2.315462,2,1,3,1,1,4,2,3,2,1,,-1,1,-1,5,4,2,22,5,1,2,0,2,8,1,202000016864A01,7,9,1,200054781
202000016867,2020-07-13,2020,juillet,lundi,16:00,75,75112,48.839794,2.395606,2,7,3,1,1,4,-1,3,1,3,,-1,1,0,1,4,1,48,5,2,,0,2,1,1,202000016867A01,7,9,1,200054781
202000016871,2020-07-13,2020,juillet,lundi,20:00,75,75104,48.853319,2.357817,2,2,3,1,1,4,2,5,2,1,,-1,1,0,1,4,1,20,9,2,,0,2,3,15,202000016871B01,33,1,1,200054781
202000016903,2020-07-13,2020,juillet,lundi,09:20,74,74256,45.936421,6.646738,2,1,3,1,1,3,2,2,1,1,,-1,1,0,1,4,2,61,3,1,2,0,2,3,11,202000016903B01,7,11,1,200034882
202000016906,2020-07-14,2020,juillet,mardi,11:32,76,76655,49.870276,0.708479,2,1,7,1,2,4,2,2,2,1,,-1,2,0,1,4,1,55,5,2,,0,0,7,1,202000016906A01,,,,200069839
202000016907,2020-07-14,2020,juillet,mardi,07:10,2B,2B346,42.500441,9.465896,2,9,3,1,1,2,3,2,1,1,,-1,1,0,3,4,1,45,5,1,2,0,2,2,1,202000016907B01,7,9,1,200073252
202000016921,2020-07-13,2020,juillet,lundi,19:00,02,02681,49.813498,3.844357,1,1,3,1,1,4,2,2,1,1,,-1,1,0,1,3,1,12,5,1,6,0,2,8,2,202000016921B01,33,17,1,240200444
202000016926,2020-07-11,2020,juillet,samedi,15:05,06,06077,43.931742,7.317932,1,1,6,1,7,3,2,2,2,3,,-1,1,0,1,4,2,62,5,1,2 / 6,3,0,3,13,202000016926A01,,,,240600593
202000016976,2020-02-23,2020,février,dimanche,20:20,54,54395,48.6988141,6.1877865,2,3,3,5,2,4,1,5,1,1,,-1,2,0,1,4,1,30,0,2,,0,2,1,1,202000016976B01,7,16,1,245400676
202000017018,2020-02-24,2020,février,lundi,10:55,75,75116,48.864692,2.294143,2,7,3,1,1,4,1,4,1,2,,-1,1,0,1,4,1,23,1,2,,0,2,8,13,202000017018A01,32,2,1,200054781
202000017069,2020-02-21,2020,février,vendredi,21:37,25,25043,47.484598,6.771376,1,1,2,3,1,3,2,2,1,1,,-1,1,0,1,3,1,71,5,1,4 / 9,0,2,4,1,202000017069B01,7,1,1,200065647
202000017096,2020-02-22,2020,février,samedi,11:28,45,45208,47.992103,2.732174,2,2,3,1,1,3,2,2,1,1,,-1,1,0,1,4,2,24,0,2,,0,2,7,15,202000017096B01,7,1,1,244500203
202000017116,2020-02-22,2020,février,samedi,23:35,75,75113,48.818886,2.359565,2,2,3,5,1,4,2,0,1,1,,0,1,-1,6,4,1,31,3,2,,0,2,8,13,202000017116A01,7,7,1,200054781
202000017118,2020-02-23,2020,février,dimanche,18:02,75,75110,48.870815,2.366085,2,1,6,5,1,4,1,1,1,1,,-1,1,-1,5,4,1,30,5,2,,1,1,1,21,202000017118A01,,,,200054781
202000017119,2020-02-23,2020,février,dimanche,07:17,75,75110,48.873772,2.358313,2,2,2,2,1,4,2,4,1,1,,12,1,0,1,4,1,75,5,2,,0,2,4,23,202000017119B01,10,1,1,200054781
202000017120,2020-02-21,2020,février,vendredi,21:50,75,75109,48.876124,2.343967,2,1,3,5,1,4,1,1,1,1,,-1,1,0,1,4,1,29,9,2,,0,2,3,18,202000017120B01,7,23,1,200054781
202000017121,2020-02-23,2020,février,dimanche,02:30,75,75103,48.861975,2.350158,2,2,3,5,1,4,1,4,1,3,,12,1,-1,5,4,1,34,5,2,,0,2,1,19,202000017121A01,50,1,1,200054781
202000017189,2020-09-11,2020,septembre,vendredi,20:15,75,75107,48.856057,2.308167,2,4,-1,2,1,4,2,2,1,1,,-1,1,0,1,4,1,64,5,1,2,0,2,1,1,202000017189A01,7,22,1,200054781
202000017191,2020-09-11,2020,septembre,vendredi,17:15,75,75106,48.846743,2.328336,2,2,2,1,1,4,1,2,2,1,,-1,1,0,1,4,1,18,5,2,,0,2,6,2,202000017191A01,7,23,1,200054781
202000017194,2020-09-11,2020,septembre,vendredi,13:45,75,75111,48.868622,2.372055,2,3,6,1,1,4,2,2,1,1,,-1,1,0,1,1,1,25,2,2,,0,1,1,1,202000017194A01,,,,200054781
202000017236,2020-09-10,2020,septembre,jeudi,17:40,57,57661,49.051349,7.600833,1,3,3,1,7,3,2,2,1,1,,-1,1,0,1,4,1,49,5,1,2,0,2,8,1,202000017236B01,7,15,1,200069441
202000017264,2020-09-12,2020,septembre,samedi,10:56,06,06068,43.720552,6.973062,1,1,1,1,1,3,2,2,3,4,,-1,1,0,1,3,1,48,5,1,2,0,2,3,13,202000017264B01,33,21,1,240600585
202000017275,2020-09-11,2020,septembre,vendredi,17:00,35,35210,48.176469,-1.760736,1,3,3,1,1,3,2,2,1,1,,-1,1,0,1,2,1,47,5,1,2 / 6,0,2,8,15,202000017275B01,7,1,1,243500139
202000017279,2020-09-07,2020,septembre,lundi,11:30,33,33527,44.623293,-1.024486,2,6,3,1,1,3,2,2,1,1,,-1,1,5,8,3,1,72,5,1,2,0,2,7,1,202000017279B01,7,9,1,243300563
202000017281,2020-09-12,2020,septembre,samedi,13:45,84,84144,43.926855,5.55346,1,4,1,1,1,3,2,2,2,2,,-1,1,0,1,3,1,25,0,1,2 / 6 / 9,0,2,2,0,202000017281B01,7,1,1,200040624
202000017288,2020-09-11,2020,septembre,vendredi,18:00,32,32200,43.621561,0.503086,1,1,5,1,1,3,2,2,1,1,,-1,1,0,1,2,1,16,5,1,2,0,2,1,1,202000017288B01,7,21,1,200072320
202000017288,2020-09-11,2020,septembre,vendredi,18:00,32,32200,43.621561,0.503086,1,1,5,1,1,3,2,2,1,1,,-1,1,0,1,2,1,46,5,2,,0,2,1,1,202000017288C01,7,21,1,200072320
202000017415,2020-06-12,2020,juin,vendredi,07:30,75,75117,48.882916,2.30904,2,7,7,1,2,4,2,4,1,1,,-1,2,0,1,4,1,52,1,1,4,0,0,0,1,202000017415A01,,,,200054781
202000017420,2020-06-12,2020,juin,vendredi,16:10,75,75112,48.834977,2.419816,2,2,3,1,1,4,2,2,1,1,,-1,1,5,1,4,1,34,9,2,,0,2,1,1,202000017420B01,7,15,1,200054781
202000017421,2020-06-11,2020,juin,jeudi,18:55,75,75112,48.835798,2.422139,2,1,3,1,1,4,2,2,1,1,,-1,1,0,1,4,2,8,5,1,2,0,2,1,19,202000017421B01,7,1,1,200054781
202000017453,2020-06-13,2020,juin,samedi,02:15,65,65083,43.175436,0.102793,1,1,4,3,1,3,2,2,1,1,,5.5,1,0,1,2,1,16,5,2,,0,2,4,2,202000017453B01,7,2,1,200069300
202000017453,2020-06-13,2020,juin,samedi,02:15,65,65083,43.175436,0.102793,1,1,4,3,1,3,2,2,1,1,,5.5,1,0,1,3,1,16,5,2,,0,2,4,2,202000017453C01,7,2,1,200069300
202000017462,2020-06-13,2020,juin,samedi,10:30,72,72319,48.125084,0.101259,1,3,3,1,8,4,2,2,1,3,,-1,1,0,1,3,1,48,5,1,2,0,2,8,16,202000017462B01,7,1,1,200072718
202000017464,2020-06-13,2020,juin,samedi,10:15,60,60641,49.47084,3.008264,2,3,1,1,1,3,2,2,1,1,,-1,1,0,1,4,1,45,5,1,2,0,2,1,1,202000017464B01,7,15,1,246000749
202000017465,2020-06-13,2020,juin,samedi,12:20,64,64040,43.036368,-0.746856,1,1,-1,1,1,3,2,2,2,2,,-1,1,0,1,4,1,26,5,1,2 / 6,0,2,1,1,202000017465C01,7,13,1,200067262
202000017465,2020-06-13,2020,juin,samedi,12:20,64,64040,43.036368,-0.746856,1,1,-1,1,1,3,2,2,2,2,,-1,1,0,1,3,1,30,5,1,2 / 6,0,2,1,1,202000017465B01,7,13,1,200067262
202000017483,2020-06-12,2020,juin,vendredi,19:30,68,68040,47.821277,7.0749,1,1,7,1,1,3,2,2,2,1,,-1,1,0,1,2,1,72,5,1,2,0,0,0,1,202000017483A01,,,,200036465
202000017534,2020-08-12,2020,août,mercredi,09:45,75,75115,48.8408,2.299382,2,1,6,1,1,4,2,2,2,1,,-1,1,0,1,4,1,32,1,1,2,12,0,1,14,202000017534A01,,,,200054781
202000017540,2020-08-11,2020,août,mardi,17:40,75,75104,48.855394,2.36037,2,1,6,2,2,4,2,4,1,1,,-1,2,-1,5,4,2,33,1,1,2,14,0,1,13,202000017540A01,,,,200054781
202000017577,2020-08-13,2020,août,jeudi,05:00,25,25512,47.151377,6.69724,1,1,1,2,1,4,2,2,1,1,,-1,1,0,1,3,2,37,5,2,,0,2,1,1,202000017577B01,7,1,1,242504355
202000017581,2020-08-12,2020,août,mercredi,13:00,38,38006,45.39173,6.10139,1,1,6,1,1,3,2,2,2,3,,-1,1,0,3,2,1,26,5,1,2,3,0,3,1,202000017581A01,,,,200018166
202000017601,2020-10-09,2020,octobre,vendredi,20:45,59,59139,50.105813,3.405097,1,1,3,3,1,3,2,2,1,1,,-1,1,0,1,3,1,50,1,1,2 / 4,0,2,4,2,202000017601B01,7,2,1,200030633
202000017610,2020-08-12,2020,août,mercredi,18:12,68,68012,47.786879,7.131221,1,1,3,1,1,3,2,2,1,1,,-1,1,0,1,4,1,44,5,1,2,0,0,8,1,202000017610A01,7,2,1,200036465
202000017618,2020-08-11,2020,août,mardi,19:10,38,38205,45.14339,5.60992,1,1,-1,1,1,3,2,2,2,3,,-1,1,0,1,4,1,32,5,1,2,0,2,1,1,202000017618B01,7,10,1,243801024
202000017618,2020-08-11,2020,août,mardi,19:10,38,38205,45.14339,5.60992,1,1,-1,1,1,3,2,2,2,3,,-1,1,0,1,4,1,25,5,1,2,0,2,1,1,202000017618A01,7,10,1,243801024
202000017755,2020-10-08,2020,octobre,jeudi,15:29,75,75118,48.888364,2.349597,2,2,6,1,8,4,3,4,1,1,,-1,1,-1,5,4,1,21,9,2,,0,1,0,21,202000017755A01,,,,200054781
202000017757,2020-10-08,2020,octobre,jeudi,09:20,75,75118,48.888414,2.348027,2,5,3,1,1,4,2,2,1,1,,-1,1,0,1,4,1,26,1,2,,0,2,8,1,202000017757B01,7,10,1,200054781
202000017760,2020-10-08,2020,octobre,jeudi,17:30,75,75114,48.828936,2.333245,2,3,2,1,1,4,2,3,4,1,,-1,1,0,1,1,1,19,5,2,,0,2,1,1,202000017760A01,1,1,1,200054781
202000017760,2020-10-08,2020,octobre,jeudi,17:30,75,75114,48.828936,2.333245,2,3,2,1,1,4,2,3,4,1,,-1,1,0,1,4,1,23,5,2,,0,2,6,1,202000017760B01,1,1,1,200054781
202000017766,2020-10-08,2020,octobre,jeudi,15:05,75,75113,48.82778,2.356768,2,3,7,1,1,4,-1,6,1,1,,-1,1,-1,5,4,1,29,1,2,,0,0,0,1,202000017766A01,,,,200054781
202000017781,2020-08-11,2020,août,mardi,13:40,75,75109,48.878989,2.336838,2,4,7,1,7,4,2,2,2,1,,-1,1,0,1,4,2,64,5,1,2,0,0,0,15,202000017781A01,,,,200054781
202000017782,2020-08-11,2020,août,mardi,17:05,75,75102,48.865373,2.34695,2,1,7,1,2,4,1,1,1,1,,-1,2,6,1,4,2,56,5,1,2,0,0,1,1,202000017782A01,,,,200054781
202000017785,2020-10-08,2020,octobre,jeudi,09:25,75,75103,48.859981,2.364557,2,3,3,1,1,4,2,2,1,1,,-1,2,0,1,4,2,28,9,1,2,0,2,1,1,202000017785B01,10,22,1,200054781
202000017818,2020-10-08,2020,octobre,jeudi,17:00,971,97133,15.958456,-61.70888,1,1,1,1,1,3,2,2,1,2,,-1,1,0,1,2,1,54,5,1,2,0,2,1,1,202000017818B01,7,17,1,249710070
202000017829,2020-10-09,2020,octobre,vendredi,16:45,68,68259,47.467244,7.347374,1,3,3,1,1,3,2,2,2,2,,-1,1,0,1,4,1,55,5,2,,0,2,1,1,202000017829B01,7,15,1,200066041
202000017845,2020-10-09,2020,octobre,vendredi,15:40,95,95678,49.075342,2.243571,1,1,3,1,1,3,2,2,1,1,,-1,1,0,1,4,1,28,5,1,2,0,2,6,2,202000017845B01,0,17,1,249500455
202000017849,2020-10-09,2020,octobre,vendredi,16:25,07,07010,45.239296,4.690701,2,6,2,1,1,3,1,1,2,3,,-1,1,0,1,2,1,75,5,1,2 / 9,0,2,8,2,202000017849B01,14,2,1,200072015
202000017857,2020-10-09,2020,octobre,vendredi,10:05,57,57209,49.033732,6.596228,1,6,3,1,2,3,2,2,1,1,,-1,2,5,1,3,1,53,5,1,4,0,2,5,1,202000017857B01,7,9,1,245700133