Num_Acc,date,an,mois,jour,hrmn,dep,com,lat,long,agg,int,col,lum,atm,catr,circ,nbv,prof,plan,lartpc,larrout,surf,infra,situ,grav,sexe,age,trajet,secuexist,equipement,obs,obsm,choc,manv,vehiculeid,typevehicules,manoeuvehicules,numVehicules,_infos_commune.code_epci
202000017866,2020-10-09,2020,octobre,vendredi,17:25,59,59012,49.9939561,4.1246194,2,3,1,1,1,3,2,2,1,3,,-1,1,0,1,3,1,13,5,2,,0,2,1,26,202000017866B01,10,1,1,200043404
202000017925,2020-12-22,2020,décembre,mardi,19:35,94,94080,48.848,2.44036,2,1,3,5,2,3,2,2,1,1,,-1,2,0,1,4,2,32,0,2,,1,0,1,1,202000017925B01,7,24,1,200054781
202000017955,2020-12-23,2020,décembre,mercredi,11:15,31,31225,43.201645,1.173976,1,3,3,1,1,3,2,2,1,1,,-1,1,0,1,3,1,74,5,2,,0,2,1,15,202000017955B01,7,1,1,200066819
202000017964,2020-12-21,2020,décembre,lundi,09:00,973,97307,4.895704,-52.32964,1,1,5,1,1,2,3,4,1,1,,-1,1,0,2,4,1,35,1,1,2,0,2,6,1,202000017964A01,7,12 / 21,2,249730045
202000018073,2020-12-19,2020,décembre,samedi,11:55,05,05061,44.55496,6.07461,2,3,3,1,2,2,2,1,1,1,,-1,2,0,1,4,1,32,5,1,2,0,2,1,19,202000018073B01,7,9,1,200067825
202000018083,2020-12-21,2020,décembre,lundi,08:50,75,75111,48.857535,2.386947,2,2,3,1,3,4,2,2,1,1,,-1,2,-1,5,4,1,44,1,1,2,0,2,1,1,202000018083A01,7,1,1,200054781
202000018101,2020-11-16,2020,novembre,lundi,19:00,65,65044,43.27237,0.23886,2,1,1,5,1,3,2,2,1,1,,-1,1,0,1,3,1,77,5,1,2,0,2,1,1,202000018101B01,7,1,1,200070803
202000018180,2020-11-16,2020,novembre,lundi,06:52,49,49101,47.648506,-0.072441,1,1,3,3,1,3,2,2,1,1,,-1,1,0,1,4,1,40,5,2,,0,0,8,2,202000018180B01,17,13,1,
202000018184,2020-11-15,2020,novembre,dimanche,13:30,976,97608,-12.785829,45.279272,2,1,-1,1,1,3,2,2,1,1,,-1,1,0,4,3,1,13,5,2,,3,0,0,2,202000018184B01,7,2,1,200050532
202000018193,2020-11-14,2020,novembre,samedi,14:30,68,68370,47.982268,6.957921,1,1,7,1,1,3,2,2,2,2,,-1,1,0,1,3,1,53,5,2,,0,0,9,1,202000018193A01,,,,246800205
202000018195,2020-11-16,2020,novembre,lundi,07:42,38,38565,45.30273,5.62637,2,1,3,1,1,3,3,4,1,1,,-1,1,0,1,3,1,51,1,1,2 / 4 / 9,0,0,7,19,202000018195B01,7,1,1,243800984
202000018196,2020-11-15,2020,novembre,dimanche,12:30,64,64430,43.472138,-0.809185,2,1,2,1,1,4,2,2,2,1,,-1,1,0,3,3,1,53,5,1,2,0,2,1,1,202000018196B01,10,4,1,200039204
202000018240,2020-11-14,2020,novembre,samedi,19:00,75,75105,48.841496,2.355317,2,1,3,5,1,4,2,2,1,1,,-1,1,0,1,1,1,19,9,2,,0,2,8,1,202000018240B01,30,13,1,200054781
202000018242,2020-11-13,2020,novembre,vendredi,07:20,75,75115,48.851087,2.285707,2,1,1,5,1,9,2,0,1,1,,-1,1,6,8,4,1,49,1,1,2,0,2,0,1,202000018242A01,50,13,1,200054781
202000018287,2020-05-03,2020,mai,dimanche,19:15,13,13038,43.725755,4.704307,2,1,1,1,1,4,2,2,1,1,,-1,1,0,1,3,1,29,5,2,,0,1,6,1,202000018287B01,7,1,1,241300375
202000018287,2020-05-03,2020,mai,dimanche,19:15,13,13038,43.725755,4.704307,2,1,1,1,1,4,2,2,1,1,,-1,1,0,1,4,1,3,5,2,,0,1,6,1,202000018287B01,7,1,1,241300375
202000018379,2020-04-30,2020,avril,jeudi,12:20,75,75119,48.900849,2.388951,2,7,3,1,1,4,1,2,1,1,,-1,1,0,1,4,1,30,4,1,2 / 6,0,2,8,19,202000018379B01,7,1,1,200054781
202000018380,2020-04-29,2020,avril,mercredi,15:45,75,75113,48.828305,2.372608,2,1,3,1,2,4,2,3,2,1,,-1,2,0,1,4,1,38,3,2,,0,2,1,1,202000018380A01,7,10,1,200054781
202000018415,2020-04-30,2020,avril,jeudi,06:30,988,98818,-22.24202,166.45744,2,4,3,1,1,4,2,2,3,1,,-1,1,5,1,4,1,42,1,1,2,0,2,5,1,202000018415B01,7,15,1,
202000018419,2020-04-29,2020,avril,mercredi,09:00,81,81004,43.9240868,2.1892512,2,6,3,1,1,4,2,2,1,1,,-1,1,0,1,3,1,69,3,2,,0,2,1,26,202000018419B01,10,26,1,248100737
202000018452,2020-04-30,2020,avril,jeudi,12:50,60,60139,49.1690073,2.2446866,2,2,1,1,1,3,2,2,1,1,,-1,1,0,1,4,1,61,3,2,,0,2,1,0,202000018452B01,7,15,1,200067973
202000018459,2020-01-12,2020,janvier,dimanche,09:00,95,95509,49.068567,2.485296,1,1,3,1,7,3,2,2,1,1,,-1,1,0,1,3,1,61,5,1,2,0,2,8,1,202000018459B01,7,1,1,200055655
202000018576,2020-01-21,2020,janvier,mardi,22:35,75,75117,48.881563,2.300708,2,2,3,5,1,4,2,4,1,1,,12,1,0,1,4,1,30,5,1,2,0,2,8,19,202000018576A01,43,1,1,200054781
202000018579,2020-01-22,2020,janvier,mercredi,18:05,75,75113,48.8296885,2.3494247,2,3,6,5,1,4,3,2,2,1,,-1,1,-1,5,1,1,30,1,1,2,0,1,1,1,202000018579A01,,,,200054781
202000018583,2020-01-22,2020,janvier,mercredi,10:30,75,75111,48.8652864,2.3745435,2,5,7,1,1,4,2,3,1,1,,9,1,0,1,4,1,28,4,1,2,0,0,2,21,202000018583A01,,,,200054781
202000018586,2020-01-22,2020,janvier,mercredi,09:30,75,75107,48.8626609,2.3190755,2,3,1,1,1,4,2,6,1,1,,18,1,-1,5,1,1,32,1,1,2,0,2,0,17,202000018586A01,50,1,1,200054781
202000018587,2020-01-22,2020,janvier,mercredi,14:20,75,75103,48.8609702,2.3578944,2,1,7,1,1,4,1,1,1,1,,-1,1,0,1,4,2,34,5,1,2,0,0,8,1,202000018587A01,,,,200054781
202000018588,2020-01-21,2020,janvier,mardi,18:15,75,75101,48.8660294,2.3250475,2,3,4,5,1,4,2,1,1,1,,3,1,-1,6,4,1,52,1,1,2,0,2,8,7,202000018588B01,32 / 7,2,2,200054781
202000018615,2020-01-22,2020,janvier,mercredi,17:50,29,29106,48.086182,-4.064775,2,1,6,5,1,4,2,2,2,1,,-1,1,0,8,3,1,51,0,2,,13,0,9,1,202000018615A01,,,,200068120
202000018678,2020-07-12,2020,juillet,dimanche,05:50,78,78048,48.80567,1.675945,2,1,7,1,1,4,2,2,2,1,,-1,1,0,1,3,2,30,5,2,,0,0,9,0,202000018678A01,,,,247800550
202000018685,2020-07-13,2020,juillet,lundi,15:45,85,85226,46.72321,-1.948552,2,1,3,1,7,4,2,2,1,1,,-1,1,6,8,4,1,49,5,2,,0,2,8,19,202000018685B01,31,1,1,200023778
202000018739,2020-07-11,2020,juillet,samedi,00:02,75,75103,48.862472,2.366889,2,2,-1,5,1,4,2,4,1,1,,-1,1,-1,6,3,1,18,9,1,2,0,2,4,12,202000018739A01,31,18,1,200054781
202000018741,2020-07-12,2020,juillet,dimanche,14:00,75,75119,48.895452,2.39429,2,1,1,1,1,4,2,2,1,1,,-1,1,0,1,1,1,21,5,1,2,0,2,1,14,202000018741A01,1,1,1,200054781
202000018741,2020-07-12,2020,juillet,dimanche,14:00,75,75119,48.895452,2.39429,2,1,1,1,1,4,2,2,1,1,,-1,1,0,1,4,2,31,9,1,2,0,2,0,1,202000018741B01,1,14,1,200054781
202000018743,2020-07-12,2020,juillet,dimanche,09:30,75,75119,48.898852,2.379849,2,2,1,1,1,4,1,4,1,1,,-1,1,-1,5,1,1,41,9,1,2,0,2,1,1,202000018743B01,50,5,1,200054781
202000018745,2020-07-12,2020,juillet,dimanche,01:55,75,75113,48.835244,2.352937,2,1,3,5,1,4,2,4,2,1,,-1,1,0,1,4,1,18,5,1,2,0,2,8,9,202000018745B01,43,1,1,200054781
202000018750,2020-07-12,2020,juillet,dimanche,13:15,75,75107,48.846846,2.316698,2,2,3,1,1,4,2,4,1,3,,-1,1,-1,5,4,1,29,9,1,2,0,2,1,1,202000018750A01,50,15,1,200054781
202000018775,2020-07-12,2020,juillet,dimanche,11:20,83,83031,43.379632,6.361921,1,1,3,1,1,3,2,2,1,1,,-1,1,0,1,3,1,59,5,1,2 / 4,0,2,3,21,202000018775B01,7,17,1,248300550
202000018791,2020-07-12,2020,juillet,dimanche,19:25,29,29225,47.938395,-4.399837,1,1,6,1,1,3,2,2,1,1,,-1,1,-1,1,3,1,61,5,1,2,0,1,7,1,202000018791A01,,,,242900710
202000018794,2020-07-13,2020,juillet,lundi,11:37,64,64504,43.324617,-1.600832,1,1,6,1,1,3,2,2,1,1,,-1,1,0,1,1,1,60,0,1,2,0,1,1,1,202000018794A01,,,,200067106
202000018796,2020-07-12,2020,juillet,dimanche,08:30,18,18231,46.731279,2.624413,1,1,5,1,7,3,2,2,1,1,,-1,1,0,1,4,1,81,5,1,2,0,2,0,2,202000018796C01,7,2,1,200036135
202000018796,2020-07-12,2020,juillet,dimanche,08:30,18,18231,46.731279,2.624413,1,1,5,1,7,3,2,2,1,1,,-1,1,0,1,2,1,81,5,1,2,0,2,4,2,202000018796B01,7,2,1,200036135
202000018798,2020-07-12,2020,juillet,dimanche,17:30,53,53136,47.865011,-0.730591,1,1,3,1,1,4,2,2,1,1,,-1,1,0,1,2,1,60,5,2,,0,2,0,1,202000018798A01,21,1,1,245300447
202000018802,2020-07-13,2020,juillet,lundi,15:15,04,04159,44.0580142,5.6210729,1,1,1,1,1,3,-1,2,2,2,,-1,1,0,1,3,1,40,5,1,2,0,2,1,1,202000018802B01,7,13,1,200071025
202000018822,2020-07-12,2020,juillet,dimanche,14:20,05,05079,45.060548,6.411209,1,1,7,1,1,3,2,2,4,4,,-1,1,0,8,4,1,30,5,2,,0,0,1,0,202000018822A01,,,,240500439
202000018829,2020-07-13,2020,juillet,lundi,01:25,56,56069,47.640808,-3.436543,1,1,6,3,1,4,2,2,2,1,,-1,1,0,1,4,1,33,5,2,,0,1,1,1,202000018829A01,,,,200042174
202000018855,2020-02-04,2020,février,mardi,16:00,95,95313,49.110816,2.212166,2,9,7,1,1,4,-1,2,1,1,,-1,1,0,1,4,1,74,5,1,2,0,0,1,26,202000018855A01,,,,249500455
202000018858,2020-02-24,2020,février,lundi,14:40,42,42085,45.417823,4.563553,1,1,7,1,9,3,2,2,2,2,,4,2,0,1,3,1,44,5,1,2,0,0,0,1,202000018858A01,,,,244200770
202000018859,2020-02-22,2020,février,samedi,10:45,51,51079,49.078237,4.153723,2,1,7,1,1,3,2,2,1,1,,-1,1,0,1,3,1,46,5,1,2,0,9,1,2,202000018859A01,,,,245100615
202000018909,2020-02-22,2020,février,samedi,20:05,91,91161,48.71532,2.29822,2,9,6,5,1,2,2,5,1,1,,-1,1,0,1,3,1,25,1,2,,0,2,0,19,202000018909Y01,,,,200056232
202000018950,2020-02-22,2020,février,samedi,17:45,75,75106,48.851388,2.343167,2,2,6,1,1,4,2,4,2,1,,12,1,0,1,1,2,29,9,2,,0,1,8,16,202000018950A01,,,,200054781
202000018951,2020-02-22,2020,février,samedi,17:40,75,75120,48.877683,2.408265,2,7,-1,5,1,4,2,6,1,1,,18,1,0,1,4,2,32,5,1,2,0,2,8,1,202000018951A01,7,16,1,200054781
202000018952,2020-02-22,2020,février,samedi,01:15,75,75119,48.872853,2.379852,2,2,6,5,1,4,2,2,2,1,,5,1,0,1,4,1,44,9,2,,1,0,1,1,202000018952A01,,,,200054781
202000018982,2020-02-22,2020,février,samedi,15:00,71,71377,46.5552596,4.8288903,1,1,6,1,1,3,2,2,2,2,,-1,1,0,1,3,1,71,5,1,2,0,0,1,1,202000018982A01,,,,200069698
202000018992,2020-02-22,2020,février,samedi,18:50,02,02650,50.0182901,3.9650361,1,1,3,3,1,3,2,2,1,1,,5.5,1,0,1,4,1,22,5,1,9,0,2,3,1,202000018992B01,0,0,1,240200444
202000019039,2020-02-20,2020,février,jeudi,13:40,66,66136,42.6881492,2.9091807,2,1,-1,1,1,4,1,2,1,1,,-1,1,0,1,4,1,18,9,1,2,0,2,2,1,202000019039B01,7,1,1,200027183
202000019045,2020-02-21,2020,février,vendredi,12:55,63,63113,45.7848744,3.0996595,2,1,-1,1,1,4,1,1,1,2,,-1,1,9,8,1,1,51,0,1,2,0,2,1,1,202000019045A01,2,1,1,246300701
202000019121,2020-09-09,2020,septembre,mercredi,19:30,75,75115,48.829737,2.295647,2,5,3,2,1,4,1,2,1,1,,-1,1,0,1,4,2,27,5,1,2,0,2,8,19,202000019121B01,7,1,1,200054781
202000019128,2020-09-10,2020,septembre,jeudi,16:15,75,75111,48.862672,2.369874,2,1,6,1,1,4,1,2,2,1,,-1,1,-1,5,1,1,32,9,2,,0,1,1,1,202000019128A01,,,,200054781
202000019132,2020-09-10,2020,septembre,jeudi,23:40,75,75101,48.859339,2.34568,2,3,1,5,1,4,2,3,1,1,,-1,1,-1,5,4,1,27,5,2,,0,2,1,5,202000019132A01,1,1,1,200054781
202000019132,2020-09-10,2020,septembre,jeudi,23:40,75,75101,48.859339,2.34568,2,3,1,5,1,4,2,3,1,1,,-1,1,-1,5,4,2,27,5,2,,0,2,1,1,202000019132B01,1,5,1,200054781
202000019163,2020-08-13,2020,août,jeudi,08:30,2A,2A308,41.6830358,9.0408018,1,1,3,1,1,3,2,2,2,3,,-1,1,0,1,3,1,19,5,1,2,0,2,3,13,202000019163B01,14,1,1,242000495
202000019165,2020-09-09,2020,septembre,mercredi,16:20,68,68162,48.129013,7.3142709,1,3,1,1,1,3,2,2,1,1,,-1,1,0,8,4,1,44,5,1,2 / 9,0,0,1,1,202000019165B01,17,15,1,246800551
202000019166,2020-09-10,2020,septembre,jeudi,18:00,67,67173,48.627307,7.68432,1,1,4,1,1,3,4,2,2,1,,-1,1,9,5,3,1,54,5,1,2 / 9,0,2,4,1,202000019166B01,7,1 / 14,2,200034635
202000019175,2020-09-04,2020,septembre,vendredi,17:50,74,74051,46.023206,6.035936,1,1,7,1,1,3,2,2,1,1,,-1,1,0,8,2,1,52,5,1,2,0,0,0,13,202000019175A01,,,,247400112
202000019182,2020-09-10,2020,septembre,jeudi,18:10,81,81064,43.957279,1.858159,1,1,2,2,1,3,2,2,3,1,,-1,1,0,1,3,1,56,5,1,2,0,2,4,1,202000019182B01,10,1,1,200066124
202000019188,2020-09-11,2020,septembre,vendredi,14:20,42,42011,45.8176603,4.1851057,2,2,3,1,1,3,2,2,1,1,,-1,1,5,1,3,1,31,5,2,,0,2,8,15,202000019188B01,10,1,1,200065894
202000019194,2020-09-11,2020,septembre,vendredi,21:45,31,31232,43.770311,1.283716,2,1,2,3,1,3,2,2,1,1,,-1,1,0,1,4,1,18,5,2,,0,0,4,2,202000019194A01,10,2,1,200071314
202000019200,2020-09-10,2020,septembre,jeudi,11:30,31,31112,43.042006,0.991532,1,1,2,1,1,3,2,2,1,1,,-1,1,0,1,4,1,44,5,1,2,1,0,1,1,202000019200A01,7,24,1,200073146
202000019201,2020-09-11,2020,septembre,vendredi,11:30,64,64436,43.23301,-1.298771,2,1,3,1,1,3,2,2,1,1,,-1,1,0,1,3,1,61,5,1,2,0,2,8,1,202000019201B01,7,1,1,200067106
202000019204,2020-09-11,2020,septembre,vendredi,12:00,73,73151,45.4956275,5.9903439,2,2,2,1,1,4,2,2,1,1,,-1,1,0,1,4,1,42,5,1,2,0,2,1,1,202000019204B01,10,4,1,200041010
202000019228,2020-09-10,2020,septembre,jeudi,17:05,03,03286,46.4874818,3.345428,1,1,7,1,1,3,2,2,1,1,,-1,1,0,1,3,1,76,5,1,2 / 6,0,0,8,14,202000019228A01,,,,200071140
202000019231,2020-09-11,2020,septembre,vendredi,16:30,38,38170,45.248531,5.666574,2,1,1,1,1,3,3,1,1,1,,-1,1,0,5,4,1,16,5,1,2,1,0,1,1,202000019231A01,7,23,1,200040715
202000019294,2020-06-11,2020,juin,jeudi,17:00,75,75120,48.873785,2.388318,2,3,3,1,1,4,2,2,2,1,,-1,2,0,1,4,1,84,5,1,2,0,2,8,1,202000019294A01,7,15,1,200054781
202000019298,2020-06-10,2020,juin,mercredi,21:45,75,75110,48.869274,2.366573,2,1,3,2,1,4,1,2,1,1,,-1,1,-1,5,4,1,61,5,1,2,0,2,6,1,202000019298A01,7,14,1,200054781
202000019299,2020-06-11,2020,juin,jeudi,20:05,75,75108,48.879654,2.327012,2,2,3,1,1,4,1,2,2,1,,-1,1,-1,6,4,1,27,1,1,2,0,2,7,7,202000019299B01,80,16,1,200054781
202000019342,2020-05-24,2020,mai,dimanche,10:15,91,91338,48.661674,2.092639,1,2,3,1,1,3,2,2,1,1,,-1,1,5,1,3,2,52,5,1,2,0,2,8,19,202000019342B01,7,1,1,249100074
202000019369,2020-06-11,2020,juin,jeudi,08:05,988,98818,-22.24202,166.4573,2,3,3,1,1,4,2,2,1,1,,-1,1,5,1,3,1,50,1,2,,0,2,1,1,202000019369B01,10,16,1,
202000019442,2020-08-11,2020,août,mardi,15:45,62,62297,50.81082,2.138568,2,1,3,1,1,4,2,2,1,1,,-1,1,0,1,3,1,15,5,2,,0,2,1,19,202000019442A01,7,1,1,200069037
202000019447,2020-08-12,2020,août,mercredi,08:40,76,76618,49.94036,1.142342,2,1,3,1,1,3,2,2,1,1,,-1,1,0,1,4,1,70,5,1,2,0,2,1,1,202000019447B01,7,19,1,247600729
202000019449,2020-08-12,2020,août,mercredi,15:30,68,68307,47.816051,6.865951,1,1,1,1,1,3,2,2,2,4,,-1,1,0,1,3,1,59,5,1,2,0,2,1,1,202000019449B01,14,1,1,246800676
202000019452,2020-08-12,2020,août,mercredi,09:40,29,29272,47.9596977,-3.9493138,1,3,3,1,1,4,2,2,1,1,,-1,1,0,1,3,1,77,5,1,2,0,2,1,1,202000019452B01,7,19,1,242900769
202000019472,2020-08-06,2020,août,jeudi,08:50,27,27129,49.078701,0.560045,1,1,5,1,1,3,2,2,1,1,,-1,1,0,1,3,1,31,5,1,2,0,2,6,2,202000019472D01,7,2,1,200066413
202000019472,2020-08-06,2020,août,jeudi,08:50,27,27129,49.078701,0.560045,1,1,5,1,1,3,2,2,1,1,,-1,1,0,1,4,1,29,5,1,2,0,2,6,2,202000019472C01,7,2,1,200066413
202000019472,2020-08-06,2020,août,jeudi,08:50,27,27129,49.078701,0.560045,1,1,5,1,1,3,2,2,1,1,,-1,1,0,1,1,1,34,5,1,2,0,0,0,2,202000019472B01,7,2,1,200066413
202000019521,2020-08-11,2020,août,mardi,19:36,71,71090,46.2084181,4.7714515,2,1,6,1,1,3,2,2,1,1,,-1,1,0,4,4,1,25,5,2,,12,0,1,1,202000019521A01,,,,200070308
202000019581,2020-10-07,2020,octobre,mercredi,13:00,75,75120,48.870565,2.388241,2,4,2,1,1,4,1,1,2,2,,-1,1,0,1,4,2,36,9,2,,0,2,1,1,202000019581B01,7,4,1,200054781
202000019584,2020-10-07,2020,octobre,mercredi,21:30,75,75116,48.849684,2.276004,2,3,3,5,1,4,2,4,1,1,,-1,1,0,1,4,1,18,9,2,,0,2,8,15,202000019584B01,30,1,1,200054781
202000019590,2020-10-07,2020,octobre,mercredi,07:27,75,75113,48.82105,2.350629,2,3,1,5,2,4,2,4,1,3,,-1,2,0,1,4,1,26,9,2,,0,2,1,1,202000019590B01,7,15,1,200054781
202000019593,2020-10-07,2020,octobre,mercredi,07:35,75,75112,48.824079,2.420897,2,1,4,2,2,4,2,2,1,1,,-1,2,0,1,4,1,48,1,1,2 / 4,0,2,2,17,202000019593A01,7,23 / 20,2,200054781
202000019597,2020-10-07,2020,octobre,mercredi,16:50,75,75110,48.883769,2.351693,2,1,7,1,1,4,1,2,1,1,,-1,1,-1,5,4,1,39,1,2,,0,0,0,21,202000019597B01,,,,200054781
202000019599,2020-10-07,2020,octobre,mercredi,18:20,75,75109,48.872195,2.346719,2,3,6,1,1,4,1,0,1,1,,-1,1,-1,5,4,2,40,9,2,,0,1,1,1,202000019599A01,,,,200054781
202000019607,2020-10-07,2020,octobre,mercredi,13:10,75,75101,48.863128,2.323463,2,1,7,1,1,4,2,3,1,1,,-1,1,-1,5,4,2,37,1,1,2,0,0,1,21,202000019607A01,,,,200054781
202000019728,2020-08-06,2020,août,jeudi,18:45,19,19057,45.057516,1.663833,1,1,7,1,1,3,2,2,4,2,,-1,1,0,1,3,1,71,5,2,,0,0,0,1,202000019728A01,,,,200066769
202000019729,2020-08-11,2020,août,mardi,11:35,74,74011,45.922265,6.17588,2,1,5,1,1,3,2,2,1,1,,-1,1,0,5,4,2,68,5,1,2,0,2,1,1,202000019729B01,7,16,1,
202000019729,2020-08-11,2020,août,mardi,11:35,74,74011,45.922265,6.17588,2,1,5,1,1,3,2,2,1,1,,-1,1,0,5,4,1,71,5,1,2,0,2,1,1,202000019729C01,7,16,1,
202000019729,2020-08-11,2020,août,mardi,11:35,74,74011,45.922265,6.17588,2,1,5,1,1,3,2,2,1,1,,-1,1,0,5,4,1,61,5,1,2,0,2,1,1,202000019729D01,7,16,1,
202000019738,2020-08-10,2020,août,lundi,10:00,15,15026,45.013262,2.780228,1,1,7,1,1,3,2,2,2,4,,-1,1,0,1,3,1,52,5,1,2,0,0,0,2,202000019738A01,,,,200066660
202000019749,2020-09-11,2020,septembre,vendredi,18:15,29,29247,47.948665,-3.997163,1,1,3,1,1,4,2,2,1,1,,-1,1,0,1,3,1,13,5,1,2 / 9,0,2,8,15,202000019749B01,2,17,1,242900660
202000019832,2020-12-17,2020,décembre,jeudi,16:40,65,65272,43.200468,0.195876,1,1,3,1,1,3,2,2,1,1,,-1,1,9,1,4,1,77,5,1,2,0,0,0,1,202000019832B01,7,17,1,200070803
202000019856,2020-12-22,2020,décembre,mardi,14:15,40,40228,43.62914,-0.820788,1,3,1,1,1,3,2,2,1,3,,-1,1,0,1,2,1,60,5,1,2,0,2,1,1,202000019856B01,7,15,1,244000881
202000019891,2020-12-19,2020,décembre,samedi,10:40,971,97120,16.23603,-61.53384,2,9,2,1,1,4,1,1,1,1,,-1,1,0,4,4,1,14,0,1,2,0,2,0,0,202000019891B01,7,4,1,200018653
202000019929,2020-12-17,2020,décembre,jeudi,15:53,29,29232,47.9777258,-4.1234325,2,3,3,1,1,3,2,2,2,1,,-1,1,-1,5,3,1,45,0,2,,0,2,3,2,202000019929B01,7,15,1,200068120
202000019954,2020-12-20,2020,décembre,dimanche,08:50,75,75112,48.84509,2.404831,2,1,6,1,1,4,2,2,1,1,,-1,1,-1,5,1,1,48,5,1,2,0,1,1,1,202000019954A01,,,,200054781
202000019957,2020-12-19,2020,décembre,samedi,17:15,94,94033,48.84435,2.4507,2,9,1,5,1,4,1,1,1,1,,-1,1,0,1,4,1,9,5,2,,0,2,8,19,202000019957B01,7,1,1,200054781
202000019991,2020-12-20,2020,décembre,dimanche,15:20,59,59432,50.146848,3.254967,2,1,1,1,1,4,2,2,1,1,,-1,1,0,1,3,1,21,5,2,,0,0,1,1,202000019991A01,2,1,1,200068500
202000020065,2020-11-13,2020,novembre,vendredi,15:40,75,75118,48.893662,2.347949,2,4,3,1,1,4,2,4,1,1,,-1,1,0,1,4,1,21,9,1,2,0,2,3,19,202000020065A01,7,1,1,200054781
202000020066,2020-11-13,2020,novembre,vendredi,14:50,75,75118,48.897234,2.352684,2,1,3,1,1,4,2,2,1,1,,-1,1,0,1,4,1,38,3,1,2,0,2,7,1,202000020066B01,7,22,1,200054781
202000020068,2020-11-13,2020,novembre,vendredi,15:00,75,75117,48.895297,2.31638,2,3,3,1,1,4,3,2,1,1,,-1,1,-1,5,4,1,33,3,1,2,0,2,3,1,202000020068A01,10,16,1,200054781
202000020070,2020-11-13,2020,novembre,vendredi,09:00,75,75116,48.873573,2.287971,2,3,3,1,8,4,3,1,1,1,,-1,1,0,1,4,2,27,9,1,2,0,2,7,12,202000020070B01,33,1,1,200054781
202000020071,2020-11-13,2020,novembre,vendredi,07:30,75,75116,48.862751,2.267084,2,7,7,2,1,4,1,4,1,1,,-1,1,0,1,4,1,36,1,1,2,0,0,0,1,202000020071A01,,,,200054781
202000020072,2020-11-12,2020,novembre,jeudi,15:10,75,75116,48.877083,2.283464,2,4,3,1,1,4,2,2,1,1,,-1,1,0,1,4,1,41,9,1,2,0,2,1,19,202000020072B01,7,16,1,200054781
202000020074,2020-11-13,2020,novembre,vendredi,21:00,75,75113,48.833971,2.364743,2,2,3,3,1,4,3,1,2,1,,-1,1,-1,5,4,2,35,9,1,2,0,2,7,5,202000020074A01,7,1,1,200054781
202000020092,2020-11-13,2020,novembre,vendredi,07:50,93,93057,48.9094682,2.5112177,2,2,3,1,1,4,1,1,1,1,,-1,1,0,1,4,1,47,1,2,,0,2,0,0,202000020092B01,10,0,1,200054781
202000020110,2020-11-11,2020,novembre,mercredi,14:45,86,86271,46.767459,0.241565,2,2,3,1,1,3,2,2,1,2,,-1,1,0,1,4,1,39,5,2,,0,2,8,5,202000020110A01,10,1,1,200069763
202000020120,2020-11-14,2020,novembre,samedi,07:40,37,37159,47.2775061,0.6377993,2,3,3,2,1,3,2,2,1,1,,-1,1,0,1,3,1,34,9,2,,0,0,1,23,202000020120B01,7,15,1,200072650
202000020122,2020-11-10,2020,novembre,mardi,14:00,973,97309,4.904641,-52.273309,2,3,3,1,1,3,2,2,1,2,,-1,1,0,1,4,2,57,5,2,,0,2,1,11,202000020122B01,7,11,1,249730045
202000020123,2020-11-13,2020,novembre,vendredi,19:30,987,98724,-16.727384,-151.01125,1,1,1,3,1,9,2,2,2,1,,-1,1,0,1,4,1,28,0,2,,0,2,1,1,202000020123B01,1,13,1,
202000020123,2020-11-13,2020,novembre,vendredi,19:30,987,98724,-16.727384,-151.01125,1,1,1,3,1,9,2,2,2,1,,-1,1,0,1,2,1,64,9,2,,0,2,1,13,202000020123A01,1,1,1,
202000020186,2020-11-12,2020,novembre,jeudi,09:02,75,75106,48.852093,2.34031,2,4,3,1,1,4,1,3,1,1,,-1,1,-1,6,4,2,24,4,1,2,0,2,8,7,202000020186A01,7,1,1,200054781
202000020189,2020-11-12,2020,novembre,jeudi,10:25,75,75115,48.846074,2.298409,2,1,6,1,1,4,2,2,1,1,,-1,1,0,4,1,1,78,5,1,2,0,1,7,25,202000020189A01,,,,200054781
202000020208,2020-04-28,2020,avril,mardi,05:10,26,26252,44.88855,4.863607,2,2,2,5,2,4,2,2,1,1,,-1,2,0,1,3,2,44,0,2,,0,2,0,0,202000020208B01,15,0,1,200068781
202000020209,2020-04-24,2020,avril,vendredi,08:25,11,11262,43.1879747,3.0087633,2,1,-1,1,1,4,2,2,1,1,,-1,1,0,1,3,2,49,9,1,2,0,2,0,19,202000020209B01,7,1,1,241100593
202000020213,2020-04-28,2020,avril,mardi,19:10,75,75119,48.88902,2.372226,2,1,1,1,1,4,2,2,1,1,,-1,1,0,1,4,1,43,5,2,,0,2,2,5,202000020213A01,7,1,1,200054781
202000020214,2020-04-28,2020,avril,mardi,15:00,75,75119,48.878546,2.400115,2,2,3,1,1,4,1,1,2,1,,-1,1,0,1,4,1,28,9,2,,0,2,6,1,202000020214A01,10,1,1,200054781