Num_Acc,date,an,mois,jour,hrmn,dep,com,lat,long,agg,int,col,lum,atm,catr,circ,nbv,prof,plan,lartpc,larrout,surf,infra,situ,grav,sexe,age,trajet,secuexist,equipement,obs,obsm,choc,manv,vehiculeid,typevehicules,manoeuvehicules,numVehicules,_infos_commune.code_epci
202000022477,2020-01-19,2020,janvier,dimanche,06:55,75,75112,48.8333956,2.4019134,2,1,3,2,1,4,3,2,1,1,,-1,1,-1,5,4,1,36,1,1,2,0,2,7,17,202000022477B01,1,13,1,200054781
202000022491,2020-01-11,2020,janvier,samedi,11:10,47,47169,44.1560227,0.6273555,1,1,2,1,7,2,2,2,4,1,,-1,1,0,1,3,1,48,5,1,2,0,0,4,2,202000022491B01,7,2,1,200096956
202000022525,2020-07-09,2020,juillet,jeudi,09:08,75,75116,48.862279,2.238304,2,2,3,1,1,4,2,2,1,1,,-1,1,0,1,4,1,52,9,1,2,0,2,4,15,202000022525A01,7,16,1,200054781
202000022527,2020-07-10,2020,juillet,vendredi,16:38,75,75115,48.836556,2.267939,2,4,6,1,1,4,3,2,2,3,,-1,1,0,1,4,2,71,9,1,2,12,0,1,16,202000022527A01,,,,200054781
202000022528,2020-07-10,2020,juillet,vendredi,12:20,75,75115,48.853798,2.294166,2,2,3,1,1,4,1,1,1,1,,-1,1,0,1,4,1,49,1,1,2,0,2,1,1,202000022528A01,7,1,1,200054781
202000022529,2020-07-09,2020,juillet,jeudi,21:40,75,75115,48.843858,2.275136,2,1,3,5,1,4,2,4,1,1,,-1,1,0,1,4,2,47,5,1,2,0,2,8,1,202000022529B01,37,17,1,200054781
202000022531,2020-07-09,2020,juillet,jeudi,19:00,75,75113,48.822207,2.358523,2,2,3,1,1,4,2,4,1,1,,-1,1,0,1,4,1,54,5,1,2,0,2,1,1,202000022531A01,10,15,1,200054781
202000022532,2020-07-09,2020,juillet,jeudi,12:25,75,75112,48.844745,2.404882,2,1,3,1,1,4,2,2,2,1,,-1,1,-1,5,4,2,36,5,1,2,0,2,8,1,202000022532B01,7,15,1,200054781
202000022533,2020-07-10,2020,juillet,vendredi,13:15,75,75111,48.855205,2.381972,2,1,3,1,1,4,2,2,1,1,,-1,1,-1,5,4,1,55,9,1,2,0,2,1,1,202000022533A01,30,15,1,200054781
202000022537,2020-07-10,2020,juillet,vendredi,14:35,75,75104,48.8563,2.364939,2,7,3,1,1,4,1,1,1,1,,-1,1,0,1,4,1,74,5,1,2,0,2,1,9,202000022537A01,37,1,1,200054781
202000022554,2020-07-09,2020,juillet,jeudi,19:40,92,92050,48.8908159,2.215797,2,3,3,1,1,4,2,2,1,1,,-1,1,9,1,4,2,56,9,2,,0,2,1,19,202000022554B01,7,15,1,200054781
202000022557,2020-07-10,2020,juillet,vendredi,15:10,86,86182,46.864602,0.321473,1,1,7,1,1,3,2,2,2,1,,-1,1,0,1,2,1,68,5,2,,0,0,0,1,202000022557A01,,,,248600413
202000022558,2020-07-11,2020,juillet,samedi,03:50,67,67426,48.351005,7.284665,1,1,7,3,8,3,2,2,2,1,,-1,1,0,1,3,1,18,5,2,,0,0,0,1,202000022558A01,,,,246700777
202000022561,2020-07-10,2020,juillet,vendredi,21:00,56,56033,47.819063,-2.121171,1,1,2,1,1,4,2,2,1,1,,-1,1,0,1,3,2,71,5,1,2,0,2,4,1,202000022561B01,7,2,1,200066785
202000022565,2020-07-11,2020,juillet,samedi,11:55,76,76152,49.590903,1.210819,1,1,2,1,1,3,2,2,1,1,,-1,1,0,1,4,1,31,5,1,2,0,2,8,2,202000022565B01,7,2,1,200070449
202000022573,2020-07-10,2020,juillet,vendredi,21:50,49,49205,47.758328,-0.491349,2,3,3,2,1,3,2,2,1,1,,-1,1,0,1,3,2,57,1,2,,0,2,1,1,202000022573B01,7,16,1,200071868
202000022574,2020-07-04,2020,juillet,samedi,15:00,49,49088,47.7770915,-1.0973027,1,1,3,1,1,3,2,2,2,1,,-1,1,0,1,4,1,61,5,1,2,0,2,8,1,202000022574B01,10,17,1,
202000022582,2020-07-11,2020,juillet,samedi,10:45,29,29004,47.932544,-3.700215,2,1,3,1,1,4,1,1,1,1,,-1,1,0,1,3,1,14,5,2,,0,2,3,9,202000022582A01,7,1,1,242900694
202000022617,2020-07-09,2020,juillet,jeudi,16:20,38,38507,45.733887,5.173059,2,2,3,1,7,4,2,2,1,1,,-1,9,0,1,3,1,39,5,2,,0,2,7,1,202000022617A01,7,15,1,200068542
202000022651,2020-07-09,2020,juillet,jeudi,12:30,69,69383,45.7553032,4.8430689,2,2,3,1,1,4,2,4,1,1,,-1,1,0,1,4,2,24,0,2,,0,2,1,1,202000022651B01,7,16,1,200046977
202000022709,2020-02-20,2020,février,jeudi,21:40,34,34172,43.5889795,3.8896474,2,6,3,5,1,4,1,2,1,1,,-1,1,5,1,4,1,22,4,2,,0,2,1,1,202000022709B01,7,9,1,243400017
202000022741,2020-02-05,2020,février,mercredi,20:50,75,75101,48.860119,2.333347,2,2,3,5,1,4,3,2,1,1,,7,1,2,1,4,1,34,9,2,,12,2,1,19,202000022741A01,7,16,1,200054781
202000022761,2020-02-16,2020,février,dimanche,08:00,974,97413,-21.16946,55.288063,2,1,7,1,1,4,2,2,1,1,,-1,1,9,1,3,1,63,5,1,2,0,0,0,1,202000022761A01,,,,249740101
202000022780,2020-02-17,2020,février,lundi,15:30,35,35297,48.187284,-2.190984,2,4,2,1,1,3,2,2,2,3,,-1,1,5,1,4,2,22,1,2,,0,2,6,16,202000022780B01,7,17,1,200038990
202000022784,2020-02-20,2020,février,jeudi,16:30,70,70119,47.336525,5.907426,2,2,3,1,7,3,2,2,2,1,,5.5,1,0,1,4,1,48,5,2,,0,2,1,1,202000022784B01,7,19,1,200041887
202000022785,2020-02-21,2020,février,vendredi,16:45,72,72090,48.054089,0.480802,1,1,2,1,1,3,2,2,1,1,,-1,1,0,3,3,2,55,5,2,,0,2,4,2,202000022785B01,7,2,1,200072684
202000022790,2020-02-21,2020,février,vendredi,14:20,18,18138,47.107497,2.248147,1,3,3,1,1,3,2,2,4,2,,-1,1,0,1,3,1,71,5,1,2,0,2,8,19,202000022790B01,7,1,1,241800507
202000022812,2020-02-20,2020,février,jeudi,16:40,62,62003,50.382887,2.884231,2,1,3,1,2,3,2,2,1,1,,-1,2,0,4,4,1,73,5,2,,0,2,2,1,202000022812A01,7,1,1,246200364
202000022850,2020-02-19,2020,février,mercredi,14:50,54,54395,48.6840777,6.1765949,2,2,3,1,1,4,1,2,1,1,,-1,1,0,1,4,1,22,0,2,,0,2,1,1,202000022850A01,7,1,1,245400676
202000022857,2020-02-19,2020,février,mercredi,20:15,35,35238,48.1083,-1.6778,2,1,6,5,1,4,2,2,1,1,,-1,1,0,4,1,1,18,4,1,2,0,1,1,0,202000022857A01,,,,243500139
202000022887,2020-02-19,2020,février,mercredi,11:30,75,75105,48.841879,2.347574,2,1,6,1,1,4,2,2,1,1,,-1,1,0,1,4,1,53,5,1,2,1,0,1,21,202000022887A01,,,,200054781
202000022889,2020-02-18,2020,février,mardi,09:00,75,75116,48.852443,2.281181,2,1,1,1,1,4,1,1,1,1,,3,1,-1,5,1,1,42,1,1,2,0,2,1,13,202000022889A01,50,2,1,200054781
202000022892,2020-02-19,2020,février,mercredi,17:10,75,75112,48.844658,2.405729,2,5,-1,1,2,4,2,3,4,1,,9,2,-1,5,4,1,79,5,2,,0,2,0,1,202000022892A01,7,0,1,200054781
202000022893,2020-02-19,2020,février,mercredi,18:00,75,75111,48.864713,2.370144,2,2,6,3,2,4,1,4,1,1,,12,2,0,1,1,1,39,1,1,2,0,1,1,15,202000022893A01,,,,200054781
202000022894,2020-02-19,2020,février,mercredi,09:50,75,75110,48.872395,2.350119,2,1,3,1,1,4,1,1,1,1,,-1,1,0,1,4,2,29,9,2,,0,2,1,18,202000022894B01,7,22,1,200054781
202000022902,2020-09-09,2020,septembre,mercredi,11:05,67,67326,48.623818,7.720551,2,1,1,1,1,4,2,2,1,1,,-1,1,9,1,2,1,70,0,1,2,0,0,8,19,202000022902B01,10,1,1,246700488
202000022914,2020-09-07,2020,septembre,lundi,07:00,44,44204,47.282355,-1.453779,1,6,3,1,1,7,3,2,1,2,,-1,1,0,1,4,1,20,1,1,4,0,2,8,1,202000022914B01,7,1,1,244400404
202000023012,2020-09-08,2020,septembre,mardi,13:30,14,14118,49.18756,-0.39344,2,2,3,1,1,4,-1,2,4,3,,-1,1,0,1,4,1,68,5,2,,0,2,1,5,202000023012A01,10,1,1,200065597
202000023032,2020-09-08,2020,septembre,mardi,17:55,75,75120,48.87021,2.38445,2,2,1,2,1,4,2,2,2,1,,-1,1,0,1,4,1,18,9,1,2,0,2,1,13,202000023032A01,10,23,1,200054781
202000023037,2020-09-08,2020,septembre,mardi,16:40,75,75117,48.886287,2.326166,2,4,3,1,1,4,2,3,1,1,,-1,1,-1,5,4,2,16,9,1,2,0,2,5,1,202000023037A01,30,13,1,200054781
202000023042,2020-09-07,2020,septembre,lundi,16:40,75,75114,48.840861,2.321669,2,1,3,1,1,4,2,4,1,1,,-1,1,-1,6,4,1,47,1,2,,0,2,8,7,202000023042B01,7,12,1,200054781
202000023045,2020-09-08,2020,septembre,mardi,09:55,75,75103,48.865771,2.357472,2,2,7,1,1,4,2,4,1,1,,-1,1,-1,5,4,2,28,9,1,2,0,0,1,21,202000023045A01,,,,200054781
202000023067,2020-09-09,2020,septembre,mercredi,17:17,68,68058,47.923662,7.197268,1,9,3,1,1,3,2,2,1,1,,-1,1,0,1,4,1,13,2,1,2,0,0,7,19,202000023067B01,7,16,1,246800569
202000023070,2020-09-09,2020,septembre,mercredi,12:10,86,86058,46.6553245,0.5728337,2,4,3,1,1,4,2,2,2,1,,-1,1,0,8,3,2,6,5,1,2,0,2,8,9,202000023070A01,7,1,1,200069854
202000023078,2020-09-08,2020,septembre,mardi,19:30,74,74180,46.352175,6.299431,2,6,3,1,1,3,1,1,1,1,,-1,1,0,1,3,2,70,9,2,,0,2,7,2,202000023078B01,7,2,1,200067551
202000023079,2020-09-08,2020,septembre,mardi,18:40,56,56078,47.788278,-3.4806382,1,6,2,1,1,4,2,2,1,2,,-1,1,5,1,3,1,56,5,2,,0,2,4,1,202000023079B01,7,1,1,200042174
202000023113,2020-08-09,2020,août,dimanche,11:45,60,60590,49.540738,1.995645,1,1,1,1,1,3,2,2,1,2,,-1,1,0,1,4,1,18,5,1,2,0,2,1,5,202000023113B01,7,1,1,246000848
202000023128,2020-08-09,2020,août,dimanche,12:00,65,65116,42.898022,0.313185,1,1,6,1,1,3,2,2,2,4,,-1,1,0,3,3,1,14,5,1,2,13,0,0,21,202000023128A01,,,,246500573
202000023138,2020-08-09,2020,août,dimanche,09:05,29,29027,48.180231,-3.859119,1,1,7,1,1,4,2,2,2,1,,-1,1,0,1,3,1,65,5,1,6 / 2,0,0,0,0,202000023138A01,,,,242900561
202000023150,2020-08-07,2020,août,vendredi,15:20,50,50151,49.21319,-1.57229,1,3,3,1,1,3,2,2,1,1,,-1,1,5,1,4,2,68,0,2,,0,2,8,1,202000023150B01,15,17,1,200067031
202000023157,2020-08-08,2020,août,samedi,11:50,28,28240,48.473739,1.003082,1,3,3,1,7,3,2,2,1,1,,-1,1,0,1,3,1,77,5,1,2,0,2,8,1,202000023157B01,7,16,1,200070167
202000023181,2020-08-08,2020,août,samedi,08:35,81,81225,43.917989,1.963388,2,1,-1,1,1,3,2,2,1,1,,-1,1,0,1,4,1,43,5,2,,1,0,1,1,202000023181B01,10,23,1,200066124
202000023184,2020-08-09,2020,août,dimanche,11:45,85,85092,46.466012,-0.805714,2,1,3,1,1,4,2,2,1,1,,-1,1,0,3,3,2,77,3,2,,0,2,3,2,202000023184B01,7,2,1,200071934
202000023259,2020-08-06,2020,août,jeudi,12:40,54,54395,48.690025,6.1717636,2,1,6,1,1,4,1,2,1,1,,-1,1,0,1,1,1,28,0,2,,0,1,1,1,202000023259A01,,,,245400676
202000023313,2020-06-07,2020,juin,dimanche,01:55,13,13201,43.2977,5.3813,2,1,-1,5,1,4,1,2,1,1,,5,1,0,1,4,1,50,0,2,,0,2,4,0,202000023313C01,7,0 / 1,2,200054807
202000023329,2020-06-07,2020,juin,dimanche,23:10,75,75118,48.883849,2.349476,2,2,3,5,1,4,2,6,1,1,,-1,1,-1,5,4,1,29,9,1,2,0,2,0,1,202000023329B01,7,16,1,200054781
202000023333,2020-06-08,2020,juin,lundi,16:20,75,75113,48.820424,2.359065,2,3,2,1,1,4,2,3,1,1,,-1,1,0,1,4,1,33,5,2,,0,2,1,1,202000023333A01,7,23,1,200054781
202000023339,2020-06-08,2020,juin,lundi,09:40,75,75111,48.859435,2.382755,2,4,1,1,8,4,1,1,1,1,,-1,1,-1,5,4,2,27,1,1,2,0,2,1,1,202000023339B01,7,15,1,200054781
202000023344,2020-06-08,2020,juin,lundi,15:15,75,75104,48.855065,2.361677,2,3,7,1,1,4,1,4,1,1,,-1,1,0,1,4,1,55,1,2,,14,0,0,12,202000023344A01,,,,200054781
202000023346,2020-06-08,2020,juin,lundi,12:20,75,75103,48.8668,2.362002,2,4,3,1,1,4,1,2,1,1,,-1,1,-1,5,4,2,40,1,1,2,0,2,3,1,202000023346B01,7,15,1,200054781
202000023347,2020-08-07,2020,août,vendredi,08:28,75,75106,48.857687,2.337173,2,1,1,1,1,4,2,5,1,1,,-1,1,-1,5,4,1,47,1,1,2,0,2,3,1,202000023347B01,50,13,1,200054781
202000023383,2020-06-08,2020,juin,lundi,20:05,56,56078,47.776979,-3.516034,2,1,6,1,1,4,2,2,1,1,,-1,1,0,1,1,1,53,5,1,2 / 6 / 9,0,1,0,0,202000023383A01,,,,200042174
202000023390,2020-05-15,2020,mai,vendredi,16:40,44,44152,47.456427,-2.005182,1,4,3,1,1,4,2,2,1,1,,-1,1,0,1,4,1,15,5,2,,0,0,1,5,202000023390A01,2,1,1,200000438
202000023402,2020-06-08,2020,juin,lundi,10:30,07,07304,44.392488,4.378052,1,1,7,1,1,3,2,2,2,3,,-1,1,0,1,3,1,67,5,1,2,0,0,0,1,202000023402A01,,,,200039808
202000023403,2020-06-07,2020,juin,dimanche,18:55,07,07280,44.34021,4.15185,2,3,-1,1,1,4,2,2,1,1,,-1,1,0,1,3,1,12,5,1,2,0,2,1,16,202000023403B01,7,1,1,200039832
202000023412,2020-06-03,2020,juin,mercredi,15:40,34,34056,43.43131,3.44401,1,1,1,1,1,3,2,2,1,1,,5,1,0,1,4,1,47,5,1,2,0,2,8,1,202000023412B01,7,26,1,243400819
202000023462,2020-06-07,2020,juin,dimanche,17:00,75,75119,48.893278,2.380001,2,1,6,1,1,4,1,2,1,1,,-1,1,-1,5,4,1,32,5,1,2,12,1,1,1,202000023462A01,,,,200054781
202000023463,2020-06-07,2020,juin,dimanche,19:30,75,75118,48.889684,2.339795,2,4,3,1,1,4,2,2,2,3,,-1,1,5,1,4,1,12,5,1,2,0,2,8,19,202000023463A01,7,16,1,200054781
202000023493,2020-10-05,2020,octobre,lundi,12:25,06,06088,43.71,7.2563,1,3,3,1,1,4,-1,0,1,1,,-1,1,0,1,3,1,53,0,1,2,0,2,0,0,202000023493B01,14,16,1,200030195
202000023509,2020-10-05,2020,octobre,lundi,20:00,75,75110,48.870495,2.359537,2,2,3,5,2,4,1,1,1,1,,-1,2,-1,5,4,2,27,5,2,,0,2,1,1,202000023509B01,7,16,1,200054781
202000023522,2020-10-04,2020,octobre,dimanche,21:00,75,75108,48.877032,2.317205,2,1,2,5,2,4,3,4,1,1,,-1,2,-1,5,4,1,21,1,2,,0,2,1,1,202000023522A01,7,24,1,200054781
202000023525,2020-10-05,2020,octobre,lundi,21:10,75,75102,48.868409,2.353617,2,1,6,5,2,4,1,4,1,1,,-1,2,-1,5,4,1,49,4,2,,0,1,1,1,202000023525Z01,,,,200054781
202000023583,2020-10-05,2020,octobre,lundi,15:30,83,83048,43.208476,6.569261,2,1,3,1,1,3,2,2,2,1,,-1,1,0,1,3,1,89,5,2,,0,2,8,13,202000023583B01,37,17,1,200036077
202000023600,2020-11-06,2020,novembre,vendredi,19:30,26,26198,44.530894,4.745591,2,6,3,5,1,2,1,2,1,3,,-1,1,5,1,4,1,26,0,1,4,0,2,4,2,202000023600B01,7,9,1,200040459
202000023631,2020-11-09,2020,novembre,lundi,08:45,75,75105,48.842199,2.35993,2,1,3,1,1,4,2,2,1,1,,-1,1,-1,5,4,1,45,1,1,2,0,2,1,1,202000023631B01,10,22,1,200054781
202000023636,2020-09-27,2020,septembre,dimanche,11:20,974,97421,-21.058265,55.524782,1,1,6,1,1,3,2,2,2,4,,-1,1,0,1,3,1,45,5,1,2,4,0,1,1,202000023636A01,,,,249740093
202000023640,2020-11-09,2020,novembre,lundi,07:50,75,75112,48.84804,2.392859,2,2,3,1,1,4,1,1,2,1,,-1,1,-1,5,4,2,47,9,1,2,0,2,2,1,202000023640B01,10,1,1,200054781
202000023641,2020-11-09,2020,novembre,lundi,08:40,75,75110,48.870546,2.361196,2,2,6,1,1,4,2,6,1,1,,-1,1,0,4,1,1,16,2,2,,0,1,1,25,202000023641A01,,,,200054781
202000023700,2020-11-09,2020,novembre,lundi,07:33,29,29024,48.277088,-3.559383,2,6,3,2,1,4,2,2,1,1,,-1,1,5,1,3,1,13,2,1,2,0,2,7,1,202000023700B01,7,9,1,242900744
202000023712,2020-11-03,2020,novembre,mardi,06:35,53,53097,48.147806,-0.412749,2,6,3,5,9,3,2,2,1,1,,-1,2,0,1,3,2,20,1,1,9,0,2,7,1,202000023712B01,7,1,1,200033298
202000023715,2020-10-03,2020,octobre,samedi,18:40,80,80001,50.11594,1.82765,2,3,7,1,1,4,1,1,2,1,,-1,1,0,1,3,1,35,3,2,,0,0,0,1,202000023715A01,,,,200070993
202000023721,2020-10-24,2020,octobre,samedi,16:10,67,67049,48.5044444,7.6027826,2,1,-1,1,1,7,2,2,1,1,,-1,1,0,4,3,1,55,5,1,2,1,0,3,25,202000023721B01,7,22,1,246700488
202000023792,2020-11-08,2020,novembre,dimanche,19:35,75,75115,48.854665,2.288919,2,2,1,5,1,4,2,2,1,1,,-1,1,-1,5,4,2,27,9,1,2,0,2,1,1,202000023792A01,7,1,1,200054781
202000023794,2020-11-08,2020,novembre,dimanche,09:10,75,75110,48.881408,2.351416,2,4,7,1,1,4,3,4,2,1,,-1,1,-1,5,4,2,60,9,2,,0,0,0,1,202000023794A01,,,,200054781
202000023807,2020-09-29,2020,septembre,mardi,14:30,76,76562,49.868322,1.198046,1,1,-1,1,1,3,2,2,4,3,,-1,1,0,1,3,1,65,5,2,,0,0,0,2,202000023807A01,1,2,1,247600729
202000023807,2020-09-29,2020,septembre,mardi,14:30,76,76562,49.868322,1.198046,1,1,-1,1,1,3,2,2,4,3,,-1,1,0,1,1,1,64,5,1,2,0,0,0,2,202000023807B01,1,2,1,247600729
202000023816,2020-11-06,2020,novembre,vendredi,18:50,29,29165,47.810921,-4.238706,1,1,6,3,1,4,2,2,1,1,,-1,1,0,1,4,1,61,5,1,2 / 4 / 9,0,1,1,1,202000023816A01,,,,242900702
202000023823,2020-11-09,2020,novembre,lundi,07:50,17,17337,45.991073,-1.361167,1,1,2,1,1,3,2,2,1,1,,-1,1,0,1,2,1,66,3,2,,0,2,4,2,202000023823B01,7,17,1,241700624
202000023828,2020-11-09,2020,novembre,lundi,07:50,973,97309,4.91315,-52.273099,2,1,3,1,1,3,2,2,1,1,,-1,1,9,8,3,1,15,2,2,,0,2,2,19,202000023828B01,7,1,1,249730045
202000023860,2020-12-18,2020,décembre,vendredi,12:50,92,92025,48.92476,2.252725,2,4,1,1,1,3,2,4,1,1,,-1,1,0,1,3,1,16,2,2,,0,2,1,1,202000023860B01,10,15,1,200054781
202000023877,2020-12-18,2020,décembre,vendredi,16:45,61,61230,48.570644,0.758743,1,1,7,1,8,3,2,2,2,3,,-1,2,0,1,2,2,65,1,2,,0,0,0,1,202000023877A01,,,,200068856
202000023899,2020-12-19,2020,décembre,samedi,14:55,77,77196,48.948154,2.742805,1,1,2,1,1,2,3,4,1,1,,-1,2,0,1,3,1,39,0,2,,0,2,0,0,202000023899A01,0,0,1,200033090
202000023900,2020-12-16,2020,décembre,mercredi,07:30,30,30211,43.83119,4.497086,2,3,3,2,1,3,2,2,1,1,,-1,2,0,1,3,1,12,2,2,,0,2,2,0,202000023900B01,7,1,1,243000643
202000023994,2020-12-17,2020,décembre,jeudi,15:00,75,75115,48.835183,2.277708,2,1,3,1,1,4,3,4,1,1,,-1,1,0,1,4,1,37,9,2,,0,2,1,1,202000023994B01,7,12,1,200054781
202000023996,2020-12-17,2020,décembre,jeudi,17:40,75,75114,48.831709,2.330234,2,1,6,5,1,4,2,7,1,1,,-1,1,0,4,1,1,45,9,1,2,0,1,1,25,202000023996A01,,,,200054781
202000023999,2020-12-17,2020,décembre,jeudi,15:30,75,75109,48.872948,2.333247,2,5,3,1,1,4,1,3,1,1,,-1,1,0,1,4,2,45,3,1,2,0,2,1,1,202000023999B01,7,14,1,200054781
202000024000,2020-12-17,2020,décembre,jeudi,14:33,75,75108,48.864076,2.320127,2,7,3,1,1,4,2,4,1,1,,-1,1,0,1,4,2,33,9,2,,0,2,7,19,202000024000A01,14,1,1,200054781
202000024001,2020-12-17,2020,décembre,jeudi,12:45,75,75108,48.866832,2.310255,2,2,7,1,1,4,2,4,1,1,,-1,2,0,1,4,2,27,4,2,,0,0,0,1,202000024001A01,,,,200054781
202000024041,2020-12-17,2020,décembre,jeudi,07:20,71,71310,46.7486337,4.4932413,1,6,1,3,1,2,3,4,1,2,,-1,1,9,1,4,1,51,1,1,2 / 4 / 9,0,2,2,1,202000024041B01,7,9,1,247100290
202000024050,2020-04-20,2020,avril,lundi,10:45,75,75110,48.880881,2.363004,2,1,2,1,1,4,-1,1,1,1,,-1,1,0,1,4,1,26,4,2,,0,2,1,1,202000024050A01,7,23,1,200054781
202000024129,2020-04-17,2020,avril,vendredi,18:35,75,75106,48.845522,2.319145,2,2,3,1,1,4,4,2,1,1,,-1,1,0,1,4,1,43,1,2,,0,2,1,5,202000024129A01,7,15,1,200054781
202000024130,2020-04-17,2020,avril,vendredi,20:50,75,75108,48.864645,2.311896,2,1,7,2,1,4,2,2,1,1,,-1,1,0,1,4,2,52,4,1,2,0,0,1,1,202000024130A01,,,,200054781
202000024174,2020-04-17,2020,avril,vendredi,18:15,22,22190,48.539107,-2.048167,2,1,2,1,1,3,2,2,1,3,,4,1,0,1,3,2,17,5,2,,0,0,1,0,202000024174B01,0,0,1,200068989
202000024176,2020-04-17,2020,avril,vendredi,14:50,79,79083,46.110816,-0.06827,2,1,1,1,1,3,2,2,4,2,,5.2,1,0,1,3,2,68,5,2,,0,2,1,13,202000024176A01,7,1,1,200069755
202000024208,2020-04-16,2020,avril,jeudi,18:20,75,75104,48.855218,2.361122,2,3,6,1,1,4,2,4,1,1,,-1,1,-1,5,4,2,58,3,2,,12,0,1,13,202000024208A01,,,,200054781
202000024228,2020-01-29,2020,janvier,mercredi,09:25,14,14258,48.898207,-0.200152,2,3,-1,1,1,3,2,2,2,1,,-1,1,9,1,3,1,19,1,2,,0,2,7,19,202000024228B01,7,16,1,241400514
202000024242,2020-01-19,2020,janvier,dimanche,10:45,50,50182,49.172906,-1.491119,1,1,-1,1,9,3,2,2,2,1,,-1,7,0,1,4,1,63,5,1,2 / 4,0,0,1,1,202000024242C01,1,1,2,200067031
202000024242,2020-01-19,2020,janvier,dimanche,10:45,50,50182,49.172906,-1.491119,1,1,-1,1,9,3,2,2,2,1,,-1,7,0,1,3,1,63,5,1,2 / 4,0,0,1,1,202000024242B01,1,1,2,200067031
202000024242,2020-01-19,2020,janvier,dimanche,10:45,50,50182,49.172906,-1.491119,1,1,-1,1,9,3,2,2,2,1,,-1,7,0,1,4,1,71,5,1,2 / 4,0,0,1,1,202000024242A01,1,1,2,200067031
202000024274,2020-01-18,2020,janvier,samedi,14:15,72,72154,47.693547,-0.065073,2,6,3,1,1,3,-1,1,1,2,,-1,1,0,1,4,1,72,0,2,,0,2,7,0,202000024274B01,7,0,1,247200348
202000024335,2020-01-18,2020,janvier,samedi,19:30,75,75120,48.8695724,2.379979,2,3,3,5,1,4,3,2,1,1,,-1,1,-1,5,4,1,34,5,1,2,0,2,4,1,202000024335B01,7,16,1,200054781
202000024336,2020-01-18,2020,janvier,samedi,00:30,75,75120,48.8671073,2.3832808,2,2,3,5,1,4,3,4,1,1,,12,1,0,1,4,2,31,5,1,2,0,2,1,19,202000024336B01,7,15,1,200054781
202000024341,2020-01-18,2020,janvier,samedi,18:30,75,75117,48.8891101,2.322734,2,2,6,5,1,4,2,2,2,1,,4,1,0,1,1,1,29,1,1,2,0,1,1,1,202000024341A01,,,,200054781
202000024346,2020-01-18,2020,janvier,samedi,14:30,75,75111,48.8629138,2.371518,2,2,3,1,1,4,3,2,1,1,,-1,1,0,1,4,1,34,9,1,2,0,2,8,11,202000024346B01,30,1,1,200054781
202000024348,2020-01-18,2020,janvier,samedi,20:00,75,75108,48.865878,2.32203,2,7,3,5,1,4,3,8,1,1,,24,1,0,1,4,1,49,1,1,2,0,2,3,1,202000024348B01,7,12,1,200054781
202000024384,2020-01-19,2020,janvier,dimanche,10:50,36,36200,46.618873,1.52646,1,1,5,1,1,3,2,2,1,3,,3.5,1,0,1,3,1,48,5,1,2,0,2,1,1,202000024384B01,7,1,1,200068872
202000024384,2020-01-19,2020,janvier,dimanche,10:50,36,36200,46.618873,1.52646,1,1,5,1,1,3,2,2,1,3,,3.5,1,0,1,4,1,48,5,1,2,0,2,1,1,202000024384C01,7,1,1,200068872
202000024384,2020-01-19,2020,janvier,dimanche,10:50,36,36200,46.618873,1.52646,1,1,5,1,1,3,2,2,1,3,,3.5,1,0,1,4,1,47,5,1,2,0,2,1,1,202000024384D01,7,1,1,200068872
202000024384,2020-01-19,2020,janvier,dimanche,10:50,36,36200,46.618873,1.52646,1,1,5,1,1,3,2,2,1,3,,3.5,1,0,1,4,1,54,5,1,2,0,2,1,1,202000024384E01,7,1,1,200068872
202000024384,2020-01-19,2020,janvier,dimanche,10:50,36,36200,46.618873,1.52646,1,1,5,1,1,3,2,2,1,3,,3.5,1,0,1,4,1,53,5,1,2,0,2,1,1,202000024384F01,7,1,1,200068872
202000024454,2020-07-09,2020,juillet,jeudi,21:30,75,75118,48.890403,2.355827,2,3,3,2,1,4,2,2,1,1,,-1,1,0,1,4,1,15,5,1,2,0,2,1,9,202000024454B01,7,1,1,200054781
202000024458,2020-07-09,2020,juillet,jeudi,14:25,75,75115,48.848885,2.296215,2,1,1,1,1,4,2,2,1,1,,-1,1,0,1,4,1,46,5,1,2,0,2,1,1,202000024458B01,30,13,1,200054781
202000024460,2020-07-09,2020,juillet,jeudi,16:15,75,75114,48.828887,2.330063,2,2,3,1,1,4,2,2,1,1,,-1,1,0,1,4,2,26,1,1,2,0,2,7,16,202000024460B01,7,22,1,200054781
202000024463,2020-07-09,2020,juillet,jeudi,13:57,75,75112,48.846445,2.378947,2,2,3,1,1,4,2,4,1,1,,-1,1,0,1,4,2,45,5,1,2,0,2,4,1,202000024463B01,30,13,1,200054781
202000024464,2020-07-09,2020,juillet,jeudi,07:22,75,75111,48.854685,2.38533,2,2,3,1,7,4,2,3,1,1,,-1,1,-1,5,4,2,62,1,1,2,0,2,8,1,202000024464B01,7,15,1,200054781