Num_Acc,date,an,mois,jour,hrmn,dep,com,lat,long,agg,int,col,lum,atm,catr,circ,nbv,prof,plan,lartpc,larrout,surf,infra,situ,grav,sexe,age,trajet,secuexist,equipement,obs,obsm,choc,manv,vehiculeid,typevehicules,manoeuvehicules,numVehicules,_infos_commune.code_epci
202000024467,2020-07-09,2020,juillet,jeudi,10:15,75,75110,48.879207,2.370096,2,1,3,1,1,4,3,2,1,1,,-1,1,-1,5,4,2,34,4,1,2,0,2,6,1,202000024467B01,10,16,1,200054781
202000024495,2020-07-09,2020,juillet,jeudi,19:20,26,26031,44.547711,4.84688,1,1,3,1,1,3,2,2,1,1,,-1,1,0,1,3,1,40,1,2,,0,2,8,19,202000024495A01,7,13,1,200040459
202000024508,2020-07-09,2020,juillet,jeudi,18:30,56,56185,47.789567,-3.421313,2,6,3,1,1,3,1,1,1,2,,-1,1,5,1,4,2,47,3,1,2,0,2,1,1,202000024508B01,7,9,1,200042174
202000024512,2020-07-09,2020,juillet,jeudi,09:50,81,81130,43.5804165,2.2767451,2,3,3,1,1,3,2,2,1,1,,-1,1,5,1,3,1,74,5,1,2,0,2,8,15,202000024512A01,7,17,1,248100430
202000024547,2020-07-10,2020,juillet,vendredi,12:50,55,55170,49.362613,5.34634,2,1,3,1,1,3,2,2,1,1,,-1,1,0,1,3,2,17,5,2,,0,2,1,1,202000024547B01,7,1,1,200066173
202000024584,2020-07-07,2020,juillet,mardi,12:50,69,69387,45.75193,4.83688,2,2,5,1,1,4,1,4,1,1,,-1,1,0,5,4,2,52,0,2,,0,2,7,19,202000024584C01,7,16,2,200046977
202000024639,2020-02-20,2020,février,jeudi,10:30,43,43110,45.322552,3.410182,1,1,3,1,1,3,2,2,1,1,,-1,1,0,1,3,1,78,5,1,2,15,2,8,2,202000024639B01,21,17,1,200085728
202000024680,2020-02-18,2020,février,mardi,17:10,974,97411,-20.887797,55.482293,2,1,1,1,1,4,1,1,1,1,,-1,1,0,4,4,1,57,5,2,,0,2,1,25,202000024680B01,7,15,1,249740119
202000024690,2020-02-18,2020,février,mardi,20:15,69,69387,45.7388,4.8251,2,1,6,3,1,9,-1,0,1,1,,-1,1,9,8,4,1,35,5,2,,0,1,1,0,202000024690B01,,,,200046977
202000024786,2020-02-14,2020,février,vendredi,18:18,63,63014,45.75228,3.10793,2,2,-1,1,1,7,2,2,1,1,,4,1,0,1,3,2,15,0,2,,0,2,1,1,202000024786A01,7,1,1,246300701
202000024810,2020-08-05,2020,août,mercredi,19:00,44,44068,47.521454,-2.004282,1,1,3,1,7,3,2,2,1,1,,-1,1,0,1,3,2,49,5,1,2,0,2,8,13,202000024810B01,7,17,1,200000438
202000024814,2020-09-09,2020,septembre,mercredi,12:20,60,60440,49.491594,2.629734,2,2,3,1,1,3,2,2,1,1,,-1,1,0,1,3,1,73,5,1,2,0,2,1,1,202000024814B01,7,15,1,246000566
202000024817,2020-08-20,2020,août,jeudi,17:30,18,18145,47.228057,2.486086,2,1,6,1,1,4,2,2,4,3,,-1,1,0,3,3,1,15,5,2,,2,0,1,13,202000024817A01,,,,200066330
202000024819,2020-09-09,2020,septembre,mercredi,14:30,53,53144,48.311126,-0.498443,1,3,1,1,1,9,-1,2,2,1,,-1,1,0,1,3,1,12,5,2,,0,2,1,15,202000024819A01,7,1,1,200055887
202000024823,2020-09-09,2020,septembre,mercredi,15:00,08,08486,50.087724,4.716585,2,1,7,1,1,4,2,2,3,1,,-1,1,0,1,2,1,74,5,2,,0,0,0,1,202000024823A01,,,,240800821
202000024828,2020-09-07,2020,septembre,lundi,17:45,68,68118,47.731559,7.416828,2,3,3,1,1,3,2,2,1,1,,-1,1,0,1,4,1,58,1,1,2,0,2,1,19,202000024828B01,7,16,1,200066009
202000024832,2020-09-05,2020,septembre,samedi,13:45,974,97406,-21.147858,55.615955,2,3,3,1,1,2,2,2,2,1,,-1,1,0,1,3,1,19,1,2,,0,2,1,1,202000024832A01,7,1,1,249740093
202000024840,2020-09-09,2020,septembre,mercredi,07:10,88,88388,48.136924,6.389998,1,1,5,2,7,3,2,2,1,2,,-1,1,0,1,3,1,46,5,1,2 / 6 / 9,0,2,8,1,202000024840B01,7 / 33,1 / 17,2,200068757
202000024933,2020-09-07,2020,septembre,lundi,17:00,27,27375,49.20096,1.18579,2,3,1,1,1,3,2,2,1,1,,-1,1,0,1,3,1,18,5,1,2,0,2,0,0,202000024933B01,7,15,1,200089456
202000024935,2020-09-07,2020,septembre,lundi,17:25,25,25056,47.22745,6.00815,2,1,3,1,1,4,2,2,2,1,,-1,1,0,1,4,2,17,5,2,,0,2,7,19,202000024935B01,7,2,1,242500361
202000024955,2020-09-07,2020,septembre,lundi,18:30,75,75118,48.882642,2.336907,2,3,6,1,8,4,1,3,1,1,,-1,1,-1,5,1,2,34,1,1,2,0,1,1,1,202000024955A01,,,,200054781
202000024956,2020-09-07,2020,septembre,lundi,17:15,75,75118,48.895806,2.329409,2,1,-1,1,1,4,1,1,1,1,,-1,1,0,1,4,1,56,1,1,2,0,2,3,18,202000024956B01,7,22,1,200054781
202000024960,2020-09-07,2020,septembre,lundi,17:55,75,75113,48.833174,2.356679,2,2,3,1,1,4,2,4,2,1,,-1,1,-1,6,4,1,28,1,1,2,0,2,1,8,202000024960A01,7,15,1,200054781
202000024962,2020-09-07,2020,septembre,lundi,09:30,75,75112,48.84478,2.404508,2,1,3,1,1,4,2,4,2,1,,-1,1,-1,5,4,1,40,1,1,2,0,2,1,1,202000024962B01,7,15,1,200054781
202000024963,2020-09-07,2020,septembre,lundi,21:00,75,75110,48.876199,2.357888,2,5,-1,5,1,4,2,2,1,1,,-1,1,0,1,4,2,46,1,1,2 / 4,0,2,1,1,202000024963B01,7,22,1,200054781
202000024964,2020-09-07,2020,septembre,lundi,18:25,75,75110,48.870528,2.361196,2,2,3,1,1,4,2,6,1,1,,-1,1,-1,5,4,1,21,5,1,2,0,2,1,1,202000024964B01,7,15,1,200054781
202000024965,2020-09-07,2020,septembre,lundi,03:27,75,75109,48.875581,2.326597,2,7,3,5,1,4,1,6,1,1,,-1,1,0,1,4,1,20,5,2,,0,2,1,1,202000024965B01,7,1,1,200054781
202000024966,2020-09-07,2020,septembre,lundi,19:20,75,75102,48.870865,2.346723,2,3,3,1,1,4,2,2,1,1,,-1,1,0,1,4,1,30,1,2,,0,2,0,1,202000024966B01,7,14,1,200054781
202000024989,2020-09-07,2020,septembre,lundi,07:30,22,22050,48.455598,-2.04924,2,1,7,1,1,3,2,2,1,1,,-1,1,0,1,2,1,54,1,2,,0,0,0,0,202000024989A01,,,,200068989
202000024990,2020-09-08,2020,septembre,mardi,09:10,37,37074,47.2462871,0.1625377,2,2,2,1,7,3,2,2,1,1,,-1,1,0,1,3,1,72,5,1,2,0,2,4,16,202000024990B01,7,1,1,200043081
202000025022,2020-08-08,2020,août,samedi,10:15,71,71178,46.360814,4.4822849,2,1,6,1,1,3,2,2,1,1,,-1,1,0,1,1,1,33,5,1,2,0,1,1,1,202000025022A01,,,,200071645
202000025031,2020-08-06,2020,août,jeudi,21:15,44,44014,47.124049,-1.496678,1,1,2,2,7,3,2,2,1,1,,-1,1,0,1,2,1,72,5,2,,13,0,4,2,202000025031B01,7,2,1,244400438
202000025049,2020-07-27,2020,juillet,lundi,15:45,27,27470,49.334201,1.273593,2,3,3,1,1,3,2,2,1,1,,-1,1,0,1,3,2,19,3,2,,0,2,1,1,202000025049B01,7,16,1,200070142
202000025065,2020-08-08,2020,août,samedi,11:20,38,38412,45.35786,5.756536,1,1,6,1,1,3,2,2,2,2,,-1,1,0,8,3,1,66,5,1,2 / 6,5,9,2,0,202000025065A01,,,,200040111
202000025066,2020-08-06,2020,août,jeudi,09:00,26,26037,44.898478,4.940742,1,3,5,1,1,3,2,3,1,3,,-1,1,5,1,4,1,69,5,1,2,0,2,1,1,202000025066C01,7,14,1,200068781
202000025066,2020-08-06,2020,août,jeudi,09:00,26,26037,44.898478,4.940742,1,3,5,1,1,3,2,3,1,3,,-1,1,5,1,4,1,68,5,2,,0,2,1,1,202000025066B01,7,14,1,200068781
202000025072,2020-08-08,2020,août,samedi,12:30,29,29181,48.470762,-4.278848,1,1,1,1,1,3,2,2,1,2,,-1,1,-1,5,3,1,58,5,1,2 / 4 / 6,0,2,3,1,202000025072B01,2,1,1,242900801
202000025129,2020-06-07,2020,juin,dimanche,10:20,31,31022,43.671127,1.427289,2,1,3,1,1,3,2,2,1,1,,-1,1,0,1,3,1,86,3,2,,0,2,1,11,202000025129B01,7,1,1,243100518
202000025141,2020-06-07,2020,juin,dimanche,09:50,972,97227,14.47056,-60.946832,1,1,2,1,1,2,2,3,1,1,,-1,1,0,1,3,1,54,5,1,2,0,2,4,1,202000025141B01,7,14,1,249720053
202000025191,2020-11-06,2020,novembre,vendredi,19:10,75,75109,48.872378,2.337429,2,2,3,5,1,4,1,2,1,1,,-1,1,0,1,4,1,40,5,1,2,0,2,1,1,202000025191A01,30,1,1,200054781
202000025198,2020-06-03,2020,juin,mercredi,12:10,31,31045,43.028134,0.611007,1,6,3,1,2,2,2,2,1,3,,-1,2,5,1,4,1,63,5,1,2 / 6,0,2,7,1,202000025198B01,7,9,1,200072635
202000025202,2020-06-08,2020,juin,lundi,17:15,72,72248,47.837617,0.431329,2,1,-1,1,1,3,2,1,1,1,,3,1,0,1,4,1,9,5,1,2 / 9,0,2,7,5,202000025202B01,7,1,1,200070373
202000025210,2020-11-06,2020,novembre,vendredi,13:40,35,35120,48.212368,-1.766918,1,1,3,1,1,3,2,2,2,1,,-1,1,0,1,3,1,50,5,2,,0,2,8,2,202000025210B01,7,17,1,243500139
202000025211,2020-06-07,2020,juin,dimanche,17:30,43,43132,45.107734,3.520571,1,1,1,1,1,4,2,1,2,2,,3,1,0,1,4,1,5,5,2,,0,2,1,5,202000025211B01,7,1,1,200073393
202000025229,2020-08-05,2020,août,mercredi,12:55,12,12202,44.36149,2.58036,2,1,1,1,1,4,1,1,2,3,,-1,1,0,1,3,1,34,5,2,,0,2,1,5,202000025229A01,10,1,1,241200187
202000025238,2020-06-07,2020,juin,dimanche,10:45,17,17101,45.984528,-0.341005,1,1,4,1,1,3,2,2,2,1,,7,1,0,1,3,1,17,5,1,2,13,0,4,1,202000025238A01,7,1,1,200041689
202000025238,2020-06-07,2020,juin,dimanche,10:45,17,17101,45.984528,-0.341005,1,1,4,1,1,3,2,2,2,1,,7,1,0,1,3,1,45,5,1,2,0,0,0,1,202000025238B01,7,1,1,200041689
202000025254,2020-08-05,2020,août,mercredi,23:35,75,75113,48.824039,2.377007,2,2,3,5,1,4,1,2,2,1,,-1,1,-1,5,4,1,25,9,2,,0,2,1,1,202000025254B01,10,16,1,200054781
202000025261,2020-08-06,2020,août,jeudi,08:10,75,75107,48.863135,2.314315,2,1,6,1,1,4,1,1,1,1,,-1,1,6,1,1,1,25,9,1,2,0,1,1,1,202000025261A01,,,,200054781
202000025262,2020-08-06,2020,août,jeudi,11:40,75,75104,48.857237,2.34711,2,2,7,1,1,4,2,4,1,1,,-1,1,8,1,4,1,40,1,1,2,0,0,1,1,202000025262A01,,,,200054781
202000025295,2020-08-06,2020,août,jeudi,19:11,05,05093,45.017562,6.632127,2,1,3,1,1,4,2,2,2,3,,-1,1,0,1,3,1,18,1,2,,15,2,0,5,202000025295A01,7,1,1,240500439
202000025386,2020-06-06,2020,juin,samedi,10:25,14,14242,49.22024,-0.3711,2,3,3,1,8,4,2,-1,1,1,,-1,1,0,1,4,1,12,5,2,,0,2,1,2,202000025386A01,7,1,1,200065597
202000025423,2020-06-06,2020,juin,samedi,20:10,75,75118,48.885305,2.326607,2,3,3,1,1,4,2,4,1,1,,-1,1,0,1,4,2,18,5,2,,0,2,1,5,202000025423A01,7,15,1,200054781
202000025439,2020-06-06,2020,juin,samedi,15:05,75,75111,48.851345,2.394095,2,1,3,1,1,4,2,2,1,1,,-1,1,0,1,4,1,36,5,1,2,0,2,2,1,202000025439B01,7,22,1,200054781
202000025440,2020-06-06,2020,juin,samedi,17:00,75,75104,48.855223,2.361107,2,3,6,1,1,4,2,2,1,1,,-1,1,-1,5,4,2,58,5,1,2,14,0,7,12,202000025440A01,,,,200054781
202000025441,2020-10-04,2020,octobre,dimanche,13:15,04,04122,44.041098,6.070762,1,1,3,1,1,2,2,2,1,1,,-1,1,0,5,3,1,47,5,1,2,0,2,6,2,202000025441B01,7,14,1,200067437
202000025455,2020-11-06,2020,novembre,vendredi,13:40,75,75110,48.87924,2.366744,2,3,3,1,1,4,1,2,2,1,,-1,1,-1,5,4,2,29,4,1,2,0,2,2,1,202000025455A01,10,16,1,200054781
202000025458,2020-11-06,2020,novembre,vendredi,10:35,75,75103,48.866803,2.361993,2,4,7,1,1,4,2,4,1,1,,-1,1,-1,5,4,1,61,5,1,2,0,0,0,1,202000025458A01,,,,200054781
202000025462,2020-09-21,2020,septembre,lundi,17:40,973,97309,4.893983,-52.258176,2,1,3,1,1,3,2,2,1,1,,-1,1,9,8,4,1,64,0,2,,0,2,1,21,202000025462B01,10,16,1,249730045
202000025499,2020-10-03,2020,octobre,samedi,11:25,60,60103,49.409106,2.251076,2,1,3,1,1,4,1,1,1,1,,-1,1,0,1,4,1,13,5,2,,0,2,8,19,202000025499A01,7,1,1,200067999
202000025511,2020-06-07,2020,juin,dimanche,11:15,49,49279,47.365034,-0.296942,1,1,7,1,1,4,-1,1,1,1,,-1,1,0,8,3,1,69,5,1,2 / 6,0,0,1,0,202000025511A01,,,,
202000025562,2020-11-06,2020,novembre,vendredi,17:45,978,97801,18.059456,-63.100593,2,1,2,3,1,4,2,1,1,1,,-1,1,0,1,3,1,12,5,2,,0,2,0,0,202000025562B01,0,0,1,
202000025567,2020-06-06,2020,juin,samedi,18:50,74,74159,45.991532,6.623393,2,3,1,1,2,4,-1,2,2,1,,-1,2,0,1,3,2,31,5,2,,0,2,1,26,202000025567B01,7,16,1,200033116
202000025586,2020-11-07,2020,novembre,samedi,06:30,60,60542,49.4136944,2.1872675,1,1,3,3,5,2,2,4,1,1,,-1,1,0,1,4,1,18,5,2,,0,2,8,2,202000025586B01,7,2,1,200067999
202000025670,2020-10-03,2020,octobre,samedi,00:56,75,75111,48.858537,2.383702,2,2,-1,5,2,4,2,4,2,1,,-1,2,0,1,4,2,27,9,2,,0,2,7,1,202000025670A01,7,1,1,200054781
202000025673,2020-10-03,2020,octobre,samedi,15:45,75,75103,48.858335,2.363854,2,3,6,1,1,4,1,1,1,1,,-1,1,0,1,4,1,67,9,2,,0,1,1,1,202000025673A01,,,,200054781
202000025710,2020-10-01,2020,octobre,jeudi,15:20,974,97414,-21.276403,55.415758,2,2,3,1,1,4,2,2,1,1,,-1,1,5,1,3,1,16,0,2,,0,2,7,15,202000025710A01,7,1,1,249740077
202000025743,2020-10-04,2020,octobre,dimanche,14:50,66,66230,42.645718,2.51154,1,1,2,1,1,2,2,2,1,1,,-1,1,0,1,4,1,27,5,1,2,0,2,4,1,202000025743B01,7,17,1,200049211
202000025749,2020-10-02,2020,octobre,vendredi,15:30,02,02684,49.91944,4.123188,2,9,3,1,2,4,2,2,2,1,,-1,2,5,1,3,1,21,5,2,,0,2,1,16,202000025749A01,10,1,1,240200600
202000025773,2020-04-15,2020,avril,mercredi,13:30,75,75109,48.875205,2.348112,2,1,6,1,1,4,1,1,1,1,,-1,1,0,1,1,1,28,4,2,,0,1,8,5,202000025773A01,,,,200054781
202000025780,2020-04-09,2020,avril,jeudi,12:15,02,02765,49.518841,3.554047,2,9,3,1,1,3,2,2,1,1,,-1,1,5,1,3,1,53,5,2,,0,0,8,2,202000025780B01,7,15,1,200043495
202000025817,2020-04-12,2020,avril,dimanche,10:30,56,56098,47.75952,-3.32544,2,1,7,1,1,4,2,2,4,1,,-1,1,0,1,4,1,27,5,2,,0,0,0,26,202000025817A01,,,,200042174
202000025827,2020-04-14,2020,avril,mardi,19:00,75,75115,48.841098,2.287904,2,2,2,1,1,4,2,2,1,1,,5,1,0,1,4,1,43,5,1,4,0,2,4,1,202000025827A01,7,1,1,200054781
202000025861,2020-04-14,2020,avril,mardi,07:50,67,67445,48.2879181,7.4276447,2,3,1,1,7,3,2,2,2,1,,5.5,1,5,1,2,1,86,3,1,4,0,2,1,15,202000025861A01,7,1,1,246700967
202000025870,2020-04-14,2020,avril,mardi,16:10,03,03084,46.4741217,2.8234217,2,9,7,1,1,3,2,2,2,1,,-1,1,0,1,4,1,37,1,2,,0,0,1,0,202000025870A01,,,,200071512
202000025873,2020-04-09,2020,avril,jeudi,00:10,973,97312,5.3795824,-52.9578495,2,1,3,5,1,4,2,2,1,1,,5,1,0,1,4,1,36,0,2,,0,2,8,1,202000025873A01,7,15,1,200027548
202000025876,2020-04-13,2020,avril,lundi,15:35,33,33498,44.586965,-0.775797,1,1,6,1,7,3,2,2,1,1,,7,1,0,3,2,1,57,5,2,,13,0,0,14,202000025876A01,,,,243301405
202000025890,2020-04-11,2020,avril,samedi,09:50,29,29039,47.88839,-3.91887,2,6,3,1,1,4,-1,3,1,1,,-1,1,0,5,4,2,76,3,1,2,0,2,4,9,202000025890B01,7,9,1,242900769
202000025898,2020-04-12,2020,avril,dimanche,16:15,62,62859,50.228931,2.209239,2,2,3,1,1,3,2,2,1,1,,-1,1,0,1,3,1,13,5,2,,0,2,1,19,202000025898A01,7,1,1,200069672
202000025928,2020-04-12,2020,avril,dimanche,03:10,38,38412,45.38303,5.70953,1,1,1,3,1,3,2,2,1,2,,-1,1,0,1,3,1,60,9,1,9,0,2,1,5,202000025928B01,7,1,1,200040111
202000025955,2020-12-18,2020,décembre,vendredi,11:00,72,72054,48.007611,0.338173,1,6,3,1,1,3,1,1,1,1,,-1,1,0,1,3,1,45,5,1,2 / 9,0,2,7,1,202000025955B01,7,9,1,247200132
202000025960,2020-12-17,2020,décembre,jeudi,17:50,18,18124,47.09575,2.09208,1,1,2,3,1,3,2,2,1,1,,-1,1,0,1,4,1,61,5,1,2 / 4 / 9,13,2,6,1,202000025960B01,7,17,1,200070571
202000025983,2020-12-17,2020,décembre,jeudi,11:30,66,66210,42.628081,2.756753,2,6,3,1,8,3,2,2,1,2,,-1,1,0,1,3,1,43,5,2,,0,2,5,1,202000025983A01,7,9,1,246600449
202000026009,2020-12-16,2020,décembre,mercredi,16:15,974,97411,-20.90765,55.50047,2,1,3,1,1,4,2,0,1,1,,-1,1,0,1,4,1,16,9,2,,0,2,1,1,202000026009B01,10,1,1,249740119
202000026029,2020-12-16,2020,décembre,mercredi,18:30,73,73065,45.58188,5.88741,2,6,1,5,1,3,-1,-1,1,1,,-1,1,5,8,4,1,120,0,2,,0,2,7,0,202000026029B01,7,9,1,200069110
202000026074,2020-10-16,2020,octobre,vendredi,13:45,75,75119,48.891135,2.377556,2,3,6,1,1,4,1,3,1,1,,-1,1,-1,5,1,1,36,1,2,,0,1,0,1,202000026074A01,,,,200054781
202000026077,2020-12-16,2020,décembre,mercredi,19:12,75,75115,48.835966,2.293689,2,3,3,5,1,4,1,1,1,1,,-1,1,-1,5,4,1,29,5,2,,0,2,1,1,202000026077B01,7,15,1,200054781
202000026079,2020-12-14,2020,décembre,lundi,18:00,75,75115,48.836622,2.298559,2,1,6,5,8,4,2,2,2,1,,-1,2,-1,5,1,1,39,9,1,2,0,1,1,1,202000026079A01,,,,200054781
202000026082,2020-12-16,2020,décembre,mercredi,14:50,75,75111,48.854808,2.39553,2,1,3,1,1,4,1,2,1,1,,-1,1,-1,5,4,2,63,9,1,2,0,2,8,1,202000026082B01,7,17,1,200054781
202000026085,2020-12-16,2020,décembre,mercredi,11:40,75,75103,48.861593,2.362691,2,1,7,1,1,4,1,2,1,1,,-1,1,0,1,4,1,15,5,2,,0,0,0,5,202000026085A01,,,,200054781
202000026086,2020-12-15,2020,décembre,mardi,17:55,75,75104,48.85522,2.361148,2,3,6,5,1,4,2,4,1,1,,-1,1,-1,5,4,1,70,3,1,2,14,0,0,14,202000026086A01,,,,200054781
202000026087,2020-12-15,2020,décembre,mardi,16:00,75,75102,48.870611,2.332055,2,7,3,1,1,4,2,6,1,1,,-1,1,-1,6,4,2,37,4,1,2,0,2,7,7,202000026087B01,14,16,1,200054781
202000026122,2020-12-16,2020,décembre,mercredi,14:30,80,80620,49.931793,2.941326,2,1,-1,1,1,4,2,2,1,2,,-1,1,0,1,3,2,51,1,2,,1,0,2,1,202000026122B01,7,22,1,200037059
202000026131,2020-12-17,2020,décembre,jeudi,15:40,01,01304,46.046165,5.337816,2,3,3,1,2,4,2,2,1,1,,-1,2,0,1,3,1,13,5,2,,0,2,4,16,202000026131B01,7,1,1,200029999
202000026136,2020-12-17,2020,décembre,jeudi,15:45,53,53266,48.295414,-0.28676,1,1,2,2,1,3,2,2,2,1,,-1,1,0,1,2,1,63,5,1,2 / 4,0,0,4,2,202000026136B01,7,2,1,200033298
202000026152,2020-01-17,2020,janvier,vendredi,08:49,77,77487,48.53421,2.6839,2,6,3,1,2,3,2,2,1,1,,-1,2,0,1,3,1,40,1,2,,0,2,7,2,202000026152B01,7,9,1,247700057
202000026216,2020-01-16,2020,janvier,jeudi,07:04,75,75117,48.8966753,2.3095669,2,2,3,5,1,4,3,2,1,1,,-1,1,0,1,2,1,35,1,1,2,0,2,7,14,202000026216B01,14,1,1,200054781
202000026225,2020-01-17,2020,janvier,vendredi,15:40,75,75113,48.836049,2.349533,2,3,3,1,8,4,2,1,1,1,,3,1,-1,5,4,2,25,9,1,2,0,2,1,1,202000026225B01,10,16,1,200054781
202000026227,2020-01-17,2020,janvier,vendredi,01:45,75,75111,48.866876,2.373362,2,2,2,5,1,4,2,4,1,1,,12,1,0,1,4,1,21,5,1,2,0,2,1,2,202000026227A01,7,23,1,200054781
202000026229,2020-01-17,2020,janvier,vendredi,11:19,75,75108,48.864674,2.313652,2,2,3,1,1,4,2,6,1,1,,18,2,-1,5,4,1,39,1,1,2,0,2,2,19,202000026229B01,2,16,1,200054781
202000026230,2020-01-17,2020,janvier,vendredi,09:26,75,75108,48.868802,2.3011147,2,1,7,1,1,4,2,2,2,1,,-1,2,0,1,4,1,62,1,1,2,0,0,0,1,202000026230A01,,,,200054781
202000026231,2020-01-16,2020,janvier,jeudi,20:55,75,75101,48.859045,2.337875,2,1,7,5,1,4,-1,4,1,1,,12,1,6,4,4,2,23,5,1,2,0,0,1,25,202000026231A01,,,,200054781
202000026340,2020-01-10,2020,janvier,vendredi,12:10,76,76351,49.49122,0.10336,2,2,3,1,1,4,1,2,1,1,,-1,1,0,1,4,1,14,2,2,,0,2,2,1,202000026340B01,7,1,1,200084952
202000026382,2020-07-07,2020,juillet,mardi,18:40,75,75117,48.880451,2.296452,2,2,1,1,1,4,1,1,1,1,,-1,1,-1,5,4,1,52,1,1,2,0,2,1,1,202000026382B01,2,17,1,200054781
202000026384,2020-07-08,2020,juillet,mercredi,16:15,75,75116,48.856924,2.287281,2,1,3,1,1,4,1,1,1,1,,-1,1,-1,5,4,1,35,9,2,,0,2,1,1,202000026384B01,7,16,1,200054781
202000026386,2020-07-08,2020,juillet,mercredi,18:10,75,75116,48.873755,2.294104,2,7,3,1,1,4,2,1,1,1,,-1,1,0,1,4,1,18,1,2,,0,2,5,19,202000026386A01,33,1,1,200054781
202000026388,2020-07-08,2020,juillet,mercredi,14:30,75,75115,48.842617,2.302706,2,2,-1,1,1,4,2,2,2,1,,-1,1,0,1,4,1,38,5,2,,0,2,4,1,202000026388A01,1,1,1,200054781
202000026391,2020-07-07,2020,juillet,mardi,21:15,75,75115,48.849144,2.298044,2,2,3,1,1,4,1,1,1,1,,-1,1,0,1,3,1,51,9,2,,0,2,8,1,202000026391B01,7,14,1,200054781
202000026397,2020-07-08,2020,juillet,mercredi,19:10,75,75107,48.863169,2.301738,2,1,3,1,1,4,1,4,1,1,,-1,1,-1,5,4,1,59,9,1,2,0,2,1,1,202000026397B01,7,22,1,200054781
202000026430,2020-07-08,2020,juillet,mercredi,10:35,77,77101,48.4023357,3.0967444,1,1,3,1,1,3,2,2,1,1,,-1,1,0,1,3,1,68,5,1,2,0,2,8,1,202000026430B01,7,1,1,200040251
202000026441,2020-07-08,2020,juillet,mercredi,18:10,38,38150,45.210196,5.831804,1,6,3,1,1,3,1,2,1,1,,-1,1,0,5,4,1,29,1,2,,0,2,8,1,202000026441B01,7,16,1,200040715
202000026459,2020-07-09,2020,juillet,jeudi,16:15,38,38289,45.127986,6.045399,1,4,3,1,1,3,2,2,1,3,,-1,1,5,1,3,1,36,5,1,2,0,2,1,1,202000026459B01,7,15,1,243800745
202000026464,2020-07-08,2020,juillet,mercredi,16:00,971,97116,16.32052,-61.460567,1,4,1,1,1,3,2,2,1,1,,-1,1,0,1,3,1,13,5,2,,0,2,1,9,202000026464B01,10,1,1,200044691
202000026472,2020-07-08,2020,juillet,mercredi,17:50,42,42299,45.612409,4.079849,2,1,1,1,1,3,2,2,1,1,,-1,1,0,1,4,1,18,0,2,,0,2,8,19,202000026472A01,7,1,1,200065886
202000026478,2020-07-07,2020,juillet,mardi,10:30,85,85035,46.63111,-1.842517,1,1,2,1,1,3,2,2,1,1,,-1,1,0,5,3,2,73,3,2,,0,0,2,1,202000026478B01,21,4,1,200023778
202000026551,2020-02-11,2020,février,mardi,08:45,45,45147,47.94493,1.921,1,1,3,1,8,3,2,2,1,1,,5.5,1,0,5,4,2,49,1,1,2,0,2,8,1,202000026551B01,10,16,1,244500468
202000026569,2020-01-05,2020,janvier,dimanche,20:00,34,34172,43.62162,3.86866,2,2,3,5,1,4,1,2,1,1,,-1,1,5,1,4,1,28,4,2,,0,2,1,5,202000026569A01,7,1,1,243400017
202000026649,2020-02-18,2020,février,mardi,10:45,75,75107,48.855313,2.314912,2,1,6,1,1,4,2,4,1,1,,12,1,0,1,4,2,27,9,2,,1,0,4,1,202000026649A01,,,,200054781
202000026676,2020-02-14,2020,février,vendredi,12:00,60,60157,49.382949,2.402685,2,2,3,1,1,4,2,2,1,1,,4,1,0,1,4,1,59,5,1,2,0,2,0,1,202000026676B01,7,11,1,246000376
202000026677,2020-02-19,2020,février,mercredi,15:55,22,22014,48.445372,-2.282324,1,2,3,1,1,3,2,2,4,1,,-1,1,0,1,3,1,74,5,1,2,0,2,1,2,202000026677B01,7,9,1,200068989
202000026707,2020-02-19,2020,février,mercredi,11:45,06,06105,43.687538,7.070331,1,1,3,1,1,3,2,2,2,4,,-1,1,0,1,3,1,68,5,1,2 / 6,0,2,8,2,202000026707B01,10,17,1,240600585
202000026742,2020-09-08,2020,septembre,mardi,08:50,38,38410,45.085066,5.199612,1,1,2,1,1,3,2,2,1,1,,-1,1,0,1,3,1,75,0,1,2,0,0,4,1,202000026742B01,10,1,1,200070431
202000026749,2020-09-08,2020,septembre,mardi,16:30,72,72050,47.960258,-0.229238,2,1,6,1,1,4,-1,-1,3,1,,-1,1,0,8,1,1,18,5,2,,0,1,2,0,202000026749A01,,,,200040475
202000026758,2020-09-08,2020,septembre,mardi,10:15,17,17241,45.20669,-0.157765,1,2,1,1,1,3,2,2,1,1,,-1,1,5,1,3,1,57,5,1,2,0,0,0,16,202000026758B01,17,23,1,200041523