Num_Acc,date,an,mois,jour,hrmn,dep,com,lat,long,agg,int,col,lum,atm,catr,circ,nbv,prof,plan,lartpc,larrout,surf,infra,situ,grav,sexe,age,trajet,secuexist,equipement,obs,obsm,choc,manv,vehiculeid,typevehicules,manoeuvehicules,numVehicules,_infos_commune.code_epci
202000026759,2020-09-08,2020,septembre,mardi,09:25,48,48009,44.741734,3.287691,1,3,3,1,1,3,2,2,2,1,,-1,1,5,1,3,1,62,5,1,2,0,2,1,1,202000026759B01,7,15,1,200069144
202000026769,2020-09-07,2020,septembre,lundi,18:00,38,38052,45.07297,6.0129,1,1,7,1,1,3,2,2,1,1,,-1,1,0,1,3,1,67,5,1,2,0,0,0,1,202000026769A01,,,,243800745
202000026783,2020-09-08,2020,septembre,mardi,10:12,09,09282,43.240455,1.572107,2,1,3,1,1,3,2,2,1,1,,-1,1,0,1,3,1,73,5,1,2,0,2,8,1,202000026783B01,15,17,1,200066231
202000026834,2020-09-06,2020,septembre,dimanche,10:20,03,03321,46.5535121,3.3639192,2,6,2,1,1,3,1,1,1,2,,-1,1,5,1,3,2,59,0,2,,0,2,4,1,202000026834B01,7,9,1,200071140
202000026841,2020-09-06,2020,septembre,dimanche,13:40,75,75113,48.822207,2.35853,2,2,3,1,8,4,3,2,1,1,,-1,2,0,1,4,1,35,5,2,,0,2,1,1,202000026841A01,7,15,1,200054781
202000026842,2020-09-06,2020,septembre,dimanche,13:15,75,75113,48.833852,2.365134,2,2,7,1,2,4,1,2,1,1,,-1,2,-1,5,4,2,48,5,2,,0,0,0,1,202000026842A01,,,,200054781
202000026845,2020-09-06,2020,septembre,dimanche,16:25,75,75107,48.860777,2.325329,2,7,1,1,1,4,2,2,1,1,,-1,1,-1,5,1,1,17,5,2,,0,2,1,1,202000026845B01,1,13,1,200054781
202000026845,2020-09-06,2020,septembre,dimanche,16:25,75,75107,48.860777,2.325329,2,7,1,1,1,4,2,2,1,1,,-1,1,-1,5,4,1,44,5,2,,0,2,1,13,202000026845A01,1,1,1,200054781
202000026847,2020-09-06,2020,septembre,dimanche,17:05,75,75101,48.860484,2.342138,2,4,3,1,1,4,2,3,1,1,,-1,1,-1,5,4,2,28,5,2,,0,2,3,1,202000026847B01,1,11,1,200054781
202000026847,2020-09-06,2020,septembre,dimanche,17:05,75,75101,48.860484,2.342138,2,4,3,1,1,4,2,3,1,1,,-1,1,-1,5,1,1,21,9,2,,0,2,3,11,202000026847A01,1,1,1,200054781
202000026848,2020-09-06,2020,septembre,dimanche,16:15,75,75103,48.863746,2.354889,2,2,3,1,8,4,1,3,1,1,,-1,1,0,1,1,1,20,9,1,2,0,2,8,15,202000026848B01,32,1,1,200054781
202000026857,2020-08-05,2020,août,mercredi,20:15,22,22050,48.46398,-2.042738,2,1,1,1,1,4,2,2,1,1,,-1,1,0,1,3,1,62,5,1,2,0,2,8,1,202000026857B01,7,1,1,200068989
202000026862,2020-09-06,2020,septembre,dimanche,16:50,74,74034,46.283043,6.616666,1,4,3,1,1,3,2,2,1,1,,-1,1,0,1,4,1,55,5,1,2,0,2,8,2,202000026862B01,7,2,1,247400682
202000026873,2020-09-07,2020,septembre,lundi,09:30,57,57317,48.775396,7.15983,1,1,2,1,1,3,2,2,1,1,,-1,1,0,1,3,1,45,5,1,2,0,0,8,1,202000026873A01,7,17,1,245700950
202000026915,2020-09-06,2020,septembre,dimanche,10:50,974,97418,-20.897596,55.517526,1,1,2,1,1,9,-1,2,1,1,,-1,9,9,5,1,1,52,5,2,,0,9,0,17,202000026915B01,1,13,1,249740119
202000026915,2020-09-06,2020,septembre,dimanche,10:50,974,97418,-20.897596,55.517526,1,1,2,1,1,9,-1,2,1,1,,-1,9,9,5,3,1,67,5,1,2,0,9,0,13,202000026915A01,1,17,1,249740119
202000026924,2020-09-06,2020,septembre,dimanche,15:30,73,73256,45.1979377,6.4642718,1,1,1,1,1,3,2,2,2,4,,-1,1,8,1,3,1,37,5,1,2,0,2,1,17,202000026924B01,7,21,1,247300452
202000026943,2020-08-06,2020,août,jeudi,10:25,85,85302,46.967611,-1.005606,1,1,3,1,1,3,2,2,2,4,,-1,1,0,1,3,1,60,5,1,2,0,2,8,1,202000026943B01,15,17,1,248500662
202000026964,2020-08-02,2020,août,dimanche,07:22,971,97116,16.315279,-61.482797,1,1,4,1,7,2,2,2,1,3,,-1,1,0,2,4,1,56,5,1,2 / 6 / 9,0,0,4,1,202000026964B01,7,14,1,200044691
202000026964,2020-08-02,2020,août,dimanche,07:22,971,97116,16.315279,-61.482797,1,1,4,1,7,2,2,2,1,3,,-1,1,0,2,4,1,57,5,1,2 / 6 / 9,0,0,4,1,202000026964C01,7,14,1,200044691
202000026969,2020-08-05,2020,août,mercredi,08:05,83,83107,43.463168,6.635793,1,6,3,1,7,3,2,4,1,2,,-1,1,0,1,3,2,62,5,1,2,0,0,4,1,202000026969B01,7,1,1,200035319
202000026974,2020-08-06,2020,août,jeudi,22:30,57,57206,49.292673,6.104279,2,1,7,5,1,4,2,2,2,1,,-1,1,0,1,3,1,10,5,2,,0,0,1,0,202000026974A01,,,,245701222
202000026977,2020-08-05,2020,août,mercredi,18:21,38,38344,45.37305,4.81287,2,1,3,1,1,3,2,2,2,1,,-1,1,0,4,4,1,13,5,1,2,0,2,8,1,202000026977B01,7,1,1,200085751
202000026978,2020-08-07,2020,août,vendredi,07:00,38,38565,45.30826,5.61237,1,1,1,1,1,4,2,2,1,3,,-1,1,0,5,4,1,57,1,1,2,0,9,1,0,202000026978B01,1,0,1,243800984
202000026978,2020-08-07,2020,août,vendredi,07:00,38,38565,45.30826,5.61237,1,1,1,1,1,4,2,2,1,3,,-1,1,0,5,4,1,50,1,1,2,0,9,1,0,202000026978A01,1,0,1,243800984
202000026980,2020-08-06,2020,août,jeudi,10:00,26,26064,44.891056,5.016704,1,1,2,1,1,3,2,2,1,1,,-1,1,0,1,4,1,77,5,1,2 / 6,0,2,3,1,202000026980B01,7,1,1,200068781
202000027068,2020-04-11,2020,avril,samedi,16:40,14,14384,49.313988,-0.352496,2,1,7,1,1,3,2,2,1,1,,-1,1,0,1,2,1,62,5,2,,0,0,9,1,202000027068A01,,,,241400860
202000027124,2020-04-08,2020,avril,mercredi,22:23,75,75115,48.833504,2.298692,2,2,6,5,1,4,-1,2,2,1,,5,1,0,1,3,1,52,9,2,,1,0,1,14,202000027124A01,,,,200054781
202000027135,2020-03-10,2020,mars,mardi,09:14,974,97415,-21.066155,55.280365,2,1,1,1,1,9,2,2,2,1,,-1,1,0,1,3,1,18,4,2,,0,2,1,0,202000027135B01,10,0,1,249740101
202000027142,2020-08-05,2020,août,mercredi,15:45,27,27229,49.0221,1.152,2,1,2,1,1,4,1,1,1,4,,-1,1,0,1,4,1,18,0,1,2 / 6,0,2,1,1,202000027142A01,7,1,1,200071454
202000027184,2020-11-05,2020,novembre,jeudi,12:40,75,75115,48.84919,2.290434,2,1,3,1,1,4,1,2,1,1,,-1,1,0,1,4,2,44,9,1,2,0,2,1,1,202000027184B01,7,22,1,200054781
202000027185,2020-11-05,2020,novembre,jeudi,09:00,75,75113,48.826174,2.35792,2,1,3,1,1,4,2,3,2,1,,-1,1,0,1,4,1,56,1,1,2,0,2,3,1,202000027185B01,33,17,1,200054781
202000027213,2020-08-04,2020,août,mardi,23:10,75,75116,48.863867,2.271978,2,2,6,5,1,4,1,2,1,1,,-1,1,0,1,3,1,27,9,2,,1,0,2,14,202000027213A01,,,,200054781
202000027222,2020-08-05,2020,août,mercredi,19:30,75,75118,48.898707,2.359361,2,2,3,1,1,4,1,3,1,1,,-1,1,-1,5,1,1,49,3,1,2,0,2,6,19,202000027222A01,43,1,1,200054781
202000027240,2020-08-05,2020,août,mercredi,10:40,75,75113,48.838854,2.361001,2,2,3,1,1,4,2,2,2,1,,-1,1,0,1,4,1,20,1,2,,0,2,6,1,202000027240A01,10,9,1,200054781
202000027255,2020-08-05,2020,août,mercredi,20:50,75,75107,48.861925,2.29884,2,1,3,1,1,4,2,4,1,1,,-1,1,-1,5,4,2,49,5,2,,0,2,8,10,202000027255A01,50,1,1,200054781
202000027273,2020-11-04,2020,novembre,mercredi,12:06,11,11203,43.182203,2.747998,2,1,3,1,1,3,2,2,1,1,,-1,1,0,1,3,1,31,1,2,,0,2,0,13,202000027273B01,7,17,1,200035863
202000027305,2020-04-08,2020,avril,mercredi,18:30,76,76452,49.54358,1.104201,2,6,7,1,1,3,2,2,1,1,,-1,1,0,1,3,2,58,5,2,,0,0,8,1,202000027305A01,,,,200070449
202000027324,2020-10-01,2020,octobre,jeudi,11:30,83,83069,43.1288856,6.1551195,2,1,2,1,1,4,1,2,1,2,,-1,1,0,1,4,1,83,5,2,,0,2,4,1,202000027324Y01,7,9,1,248300543
202000027326,2020-11-05,2020,novembre,jeudi,14:45,07,07132,44.536478,4.294474,1,1,1,1,8,3,2,2,1,2,,-1,1,0,1,4,1,68,5,1,2,0,2,1,1,202000027326B01,7,13,1,240700617
202000027379,2020-11-05,2020,novembre,jeudi,17:02,01,01160,46.259511,6.111059,2,6,3,2,8,3,4,4,1,1,,-1,1,8,1,4,2,27,1,2,,0,2,2,1,202000027379B01,7,1,1,240100750
202000027505,2020-02-14,2020,février,vendredi,13:00,75,75108,48.871084,2.303526,2,3,2,1,1,4,2,6,1,1,,18,1,-1,5,4,1,29,9,1,2,0,2,6,1,202000027505B01,10,16,1,200054781
202000027536,2020-06-04,2020,juin,jeudi,10:05,63,63164,45.8271374,3.150878,2,6,3,1,1,4,2,2,1,1,,-1,1,0,1,3,1,70,5,1,2,0,2,2,1,202000027536B01,7,9,1,246300701
202000027563,2020-11-04,2020,novembre,mercredi,18:25,75,75119,48.900305,2.387057,2,7,3,3,1,4,1,4,1,2,,-1,1,0,1,4,2,22,9,2,,0,2,7,19,202000027563B01,34,1,1,200054781
202000027574,2020-11-04,2020,novembre,mercredi,17:15,75,75113,48.822205,2.358525,2,2,3,5,1,4,2,2,1,1,,-1,1,0,1,4,1,60,1,2,,0,2,3,1,202000027574B01,7,15,1,200054781
202000027577,2020-11-04,2020,novembre,mercredi,08:15,75,75111,48.852784,2.376998,2,1,3,1,1,4,2,2,1,1,,-1,1,-1,6,4,2,30,9,1,2,0,2,1,1,202000027577B01,10,22,1,200054781
202000027581,2020-04-07,2020,avril,mardi,10:05,75,75120,48.864668,2.394516,2,3,3,1,1,4,2,2,2,1,,7,1,0,1,4,1,32,9,1,2,0,2,7,1,202000027581B01,99,15,1,200054781
202000027582,2020-06-04,2020,juin,jeudi,09:54,45,45068,48.0180825,2.7151919,2,1,7,1,3,3,2,2,1,1,,4,3,0,1,4,1,21,1,2,,0,0,8,1,202000027582A01,,,,244500203
202000027604,2020-10-02,2020,octobre,vendredi,08:10,75,75116,48.872138,2.279571,2,2,6,1,3,4,2,4,1,1,,-1,2,-1,5,1,1,32,1,1,2,0,1,1,1,202000027604A01,,,,200054781
202000027627,2020-10-02,2020,octobre,vendredi,08:00,75,75110,48.871947,2.368896,2,1,2,1,2,4,2,2,2,1,,-1,2,0,1,4,1,17,2,2,,0,2,5,1,202000027627B01,10,20,1,200054781
202000027636,2020-05-29,2020,mai,vendredi,16:08,29,29019,48.4226187,-4.4759439,2,6,3,1,1,4,2,0,1,3,,-1,1,5,1,4,1,47,0,1,2,0,0,0,0,202000027636B01,7,6,1,242900314
202000027667,2020-06-03,2020,juin,mercredi,15:00,05,05061,44.56657,6.08746,2,1,7,1,1,4,2,2,2,1,,-1,1,0,1,3,1,25,9,2,,0,0,0,1,202000027667A01,,,,200067825
202000027669,2020-06-05,2020,juin,vendredi,20:35,75,75120,48.86491,2.410777,2,1,7,1,2,4,2,4,2,1,,-1,2,-1,6,4,1,28,5,2,,0,0,1,7,202000027669A01,,,,200054781
202000027671,2020-06-05,2020,juin,vendredi,19:10,75,75120,48.857638,2.403903,2,2,3,2,1,4,2,3,1,1,,-1,1,0,1,4,2,27,5,2,,0,2,8,17,202000027671A01,10,15,1,200054781
202000027678,2020-06-05,2020,juin,vendredi,12:50,75,75116,48.860812,2.275216,2,3,6,1,8,4,2,2,1,1,,-1,1,0,1,4,1,31,9,2,,0,1,7,1,202000027678A01,,,,200054781
202000027689,2020-06-05,2020,juin,vendredi,17:50,75,75114,48.827839,2.328951,2,3,2,1,8,4,2,3,1,1,,-1,1,0,1,4,1,18,5,2,,0,2,1,1,202000027689A01,7,23,1,200054781
202000027691,2020-06-05,2020,juin,vendredi,09:19,75,75113,48.843073,2.366322,2,4,3,1,1,4,1,1,1,1,,-1,1,-1,5,4,1,42,1,2,,0,2,1,1,202000027691B01,7,16,1,200054781
202000027700,2020-06-04,2020,juin,jeudi,13:30,75,75108,48.871089,2.303486,2,3,3,1,2,4,2,8,1,1,,-1,2,-1,5,4,1,32,4,1,2,0,2,1,1,202000027700B01,7,16,1,200054781
202000027702,2020-06-05,2020,juin,vendredi,11:00,75,75103,48.856821,2.366033,2,2,3,1,1,4,1,1,1,1,,-1,1,0,1,4,2,24,9,2,,0,2,3,1,202000027702B01,7,1,1,200054781
202000027748,2020-10-01,2020,octobre,jeudi,12:40,66,66149,42.623598,2.442167,1,1,3,1,1,2,2,2,1,1,,-1,1,0,1,3,1,64,5,1,2,0,2,3,2,202000027748B01,7,17,1,200049211
202000027767,2020-06-06,2020,juin,samedi,15:45,45,45247,48.0041179,2.6748758,1,3,3,1,1,4,2,2,1,1,,7,1,0,1,3,1,57,5,1,2,0,0,1,1,202000027767B01,7,15,1,244500203
202000027778,2020-10-02,2020,octobre,vendredi,07:40,91,91661,48.698516,2.230267,2,1,1,2,3,4,2,2,2,1,,-1,2,0,1,3,2,59,1,2,,0,2,1,1,202000027778B01,7,11,1,200056232
202000027783,2020-06-06,2020,juin,samedi,10:20,49,49125,47.192993,-0.289528,2,6,2,1,1,4,-1,2,1,2,,7,1,0,1,4,1,68,5,2,,0,0,4,26,202000027783B01,7,26,1,200071876
202000027786,2020-06-04,2020,juin,jeudi,15:56,31,31095,43.032902,0.743712,1,1,7,1,1,3,2,2,2,3,,-1,1,0,1,3,1,77,5,2,,0,0,0,0,202000027786A01,,,,200073146
202000027794,2020-06-03,2020,juin,mercredi,10:30,64,64499,43.471894,-0.924154,2,7,1,1,1,3,2,2,1,1,,-1,1,0,1,3,1,52,3,1,2,0,2,1,1,202000027794B01,7,1,1,200067288
202000027818,2020-06-06,2020,juin,samedi,11:30,34,34226,43.352949,2.986801,1,2,3,1,1,3,2,1,1,3,,3.5,1,0,1,3,1,24,5,1,2 / 6,0,2,6,9,202000027818B01,7,1,1,200042653
202000027820,2020-06-06,2020,juin,samedi,10:20,13,13022,43.229297,5.55022,2,3,-1,1,1,3,2,2,1,1,,7,1,5,1,4,1,50,5,2,,0,2,1,1,202000027820C01,1,1 / 19,2,200054807
202000027820,2020-06-06,2020,juin,samedi,10:20,13,13022,43.229297,5.55022,2,3,-1,1,1,3,2,2,1,1,,7,1,5,1,3,1,46,5,2,,0,2,1,1,202000027820B01,1,1 / 19,2,200054807
202000027820,2020-06-06,2020,juin,samedi,10:20,13,13022,43.229297,5.55022,2,3,-1,1,1,3,2,2,1,1,,7,1,5,1,4,2,16,5,2,,0,2,3,19,202000027820A01,1,1,2,200054807
202000027822,2020-06-02,2020,juin,mardi,19:20,57,57207,49.115008,6.860495,2,4,4,1,1,4,2,2,2,3,,-1,1,0,1,3,1,37,5,1,2,0,2,1,1,202000027822B01,7,15,1,245700398
202000027822,2020-06-02,2020,juin,mardi,19:20,57,57207,49.115008,6.860495,2,4,4,1,1,4,2,2,2,3,,-1,1,0,1,4,2,30,5,1,2,0,2,1,1,202000027822C01,7,15,1,245700398
202000027884,2020-06-04,2020,juin,jeudi,10:55,27,27562,49.10428,1.45999,2,9,3,1,1,4,-1,2,1,1,,-1,1,0,1,4,1,67,3,2,,0,2,8,0,202000027884B01,7,16,1,200072312
202000027999,2020-12-15,2020,décembre,mardi,17:17,75,75105,48.850172,2.348126,2,3,1,2,2,4,1,3,1,1,,-1,2,-1,6,1,1,22,1,1,2,0,2,1,1,202000027999B01,50,5,1,200054781
202000028008,2020-12-15,2020,décembre,mardi,17:15,75,75112,48.838089,2.399715,2,3,7,5,2,4,2,2,2,1,,-1,2,-1,5,4,2,25,1,1,2,0,0,2,1,202000028008A01,,,,200054781
202000028042,2020-12-16,2020,décembre,mercredi,10:40,31,31157,43.544642,1.345531,2,3,3,1,1,4,2,2,1,1,,-1,1,9,5,4,1,13,2,2,,0,2,1,1,202000028042B01,10,16,1,243100518
202000028092,2020-01-16,2020,janvier,jeudi,10:27,57,57463,49.1146,6.18009,2,1,3,1,1,9,1,1,1,1,,-1,1,0,1,4,2,77,0,2,,0,2,1,1,202000028092B01,7,1,1,200039865
202000028137,2020-01-15,2020,janvier,mercredi,10:55,75,75105,48.848598,2.341598,2,1,6,1,1,4,2,4,2,1,,-1,1,-1,6,4,1,51,9,1,2,0,1,1,7,202000028137A01,,,,200054781
202000028151,2020-01-16,2020,janvier,jeudi,22:20,75,75111,48.8658116,2.3715333,2,4,3,5,1,4,2,2,1,1,,4,1,0,1,4,1,32,5,1,2,0,2,2,1,202000028151B01,7,22,1,200054781
202000028153,2020-01-16,2020,janvier,jeudi,18:00,75,75110,48.8769024,2.3610298,2,1,1,5,1,4,2,4,2,1,,-1,1,-1,5,4,1,19,2,1,2,0,2,0,1,202000028153B01,50,12,1,200054781
202000028154,2020-01-15,2020,janvier,mercredi,12:50,75,75110,48.8745766,2.3507117,2,1,3,1,1,4,1,1,2,1,,-1,1,0,1,4,1,31,4,1,2,0,2,0,17,202000028154B01,7,22,1,200054781
202000028158,2020-01-16,2020,janvier,jeudi,09:30,75,75101,48.8605592,2.3493534,2,2,6,1,1,4,1,4,1,1,,12,1,-1,5,1,1,27,1,1,2,0,1,1,1,202000028158A01,,,,200054781
202000028199,2020-01-16,2020,janvier,jeudi,18:35,973,97305,4.9321293,-52.3999712,1,1,2,2,1,2,2,2,1,1,,-1,2,0,1,3,1,10,5,2,,0,0,4,1,202000028199B01,7,1,1,249730045
202000028232,2020-01-14,2020,janvier,mardi,19:00,85,85191,46.67344,-1.42814,2,1,3,5,1,4,2,2,1,1,,-1,1,0,1,4,1,21,2,2,,1,0,2,0,202000028232B01,7,22,1,248500589
202000028297,2020-07-07,2020,juillet,mardi,12:20,75,75116,48.865011,2.288691,2,5,5,1,1,4,2,2,1,1,,-1,1,0,1,1,1,34,5,1,2,0,2,1,1,202000028297C01,30 / 7,1 / 15,2,200054781
202000028298,2020-07-07,2020,juillet,mardi,07:50,75,75108,48.873761,2.317716,2,1,3,1,1,4,1,1,1,1,,-1,1,0,1,4,2,49,9,1,2 / 4,0,2,4,1,202000028298B01,7,18,1,200054781
202000028302,2020-07-07,2020,juillet,mardi,16:05,75,75113,48.824172,2.376807,2,2,6,1,1,4,1,2,2,1,,-1,1,-1,5,1,1,27,1,2,,0,1,1,1,202000028302A01,,,,200054781
202000028306,2020-07-05,2020,juillet,dimanche,11:00,75,75112,48.835892,2.405636,2,4,3,1,1,4,2,4,1,1,,-1,1,0,1,4,1,56,5,1,2,0,2,8,1,202000028306B01,7,15,1,200054781
202000028381,2020-07-07,2020,juillet,mardi,13:52,85,85128,46.45627,-1.15568,2,1,-1,1,1,3,2,2,1,1,,-1,1,0,1,4,1,40,0,2,,0,0,8,2,202000028381A01,2,2,1,200073260
202000028392,2020-07-06,2020,juillet,lundi,10:40,83,83035,43.252658,5.77529,1,6,2,1,1,3,2,2,1,3,,-1,1,9,1,3,1,80,5,1,2,0,2,1,2,202000028392B01,33,2,1,248300394
202000028437,2020-07-06,2020,juillet,lundi,15:50,77,77482,48.3610619,2.9180472,2,1,2,1,1,3,3,4,1,1,,-1,1,5,1,2,1,77,5,1,2,0,2,8,1,202000028437B01,10,17,1,247700107
202000028480,2020-02-15,2020,février,samedi,12:25,75,75116,48.847189,2.258479,2,1,3,1,1,4,2,4,1,1,,-1,1,0,1,4,2,50,5,1,2,0,2,1,1,202000028480B01,7,22,1,200054781
202000028483,2020-02-17,2020,février,lundi,16:30,75,75112,48.847554,2.401889,2,1,3,1,1,4,1,1,1,1,,-1,1,0,1,4,1,35,1,1,2,0,2,1,1,202000028483B01,7,22,1,200054781
202000028485,2020-02-16,2020,février,dimanche,23:15,75,75111,48.855117,2.387137,2,2,3,5,2,4,2,2,2,1,,4,2,0,1,4,2,30,9,1,2,0,2,7,1,202000028485B01,7,1,1,200054781
202000028539,2020-02-16,2020,février,dimanche,06:18,988,98818,-22.25959,166.47488,2,1,7,1,1,4,2,2,1,1,,-1,9,0,1,4,1,53,5,1,2,0,0,0,1,202000028539A01,,,,
202000028575,2020-02-16,2020,février,dimanche,20:20,75,75118,48.898011,2.34244,2,3,-1,5,2,4,3,2,1,1,,4,2,-1,5,4,1,13,9,2,,0,2,1,15,202000028575A01,7,16,1,200054781
202000028577,2020-02-16,2020,février,dimanche,15:30,75,75107,48.85995,2.31311,2,2,3,1,1,4,1,3,1,1,,10.5,1,-1,5,4,1,30,1,1,2 / 6,0,2,1,1,202000028577B01,7,15,1,200054781
202000028598,2020-02-17,2020,février,lundi,07:20,35,35009,48.507954,-1.74081,1,1,2,3,1,3,2,2,2,1,,-1,1,0,1,3,2,23,1,1,4 / 9,0,2,4,1,202000028598B01,7,1,1,200070670
202000028600,2020-02-17,2020,février,lundi,06:00,70,70339,47.737245,6.550341,1,1,3,3,1,3,2,2,3,1,,7,1,0,1,4,1,61,1,1,4,0,0,8,1,202000028600B01,7,2,1,247000854
202000028614,2020-02-14,2020,février,vendredi,15:30,77,77168,48.175884,2.871761,1,9,-1,2,8,6,-1,-1,1,1,,-1,1,0,8,3,1,71,5,1,2,0,2,6,1,202000028614B01,10,4,1,200023919
202000028620,2020-02-17,2020,février,lundi,18:20,07,07324,45.072236,4.822344,2,1,3,5,2,3,2,2,1,3,,-1,2,0,1,4,2,17,1,2,,0,2,7,19,202000028620A01,7,1,1,200073096
202000028660,2020-02-15,2020,février,samedi,14:45,13,13204,43.306236,5.393988,2,1,-1,1,1,4,2,2,2,1,,-1,1,0,1,3,1,50,5,1,2,1,2,3,1,202000028660B01,7,22,1,200054807
202000028660,2020-02-15,2020,février,samedi,14:45,13,13204,43.306236,5.393988,2,1,-1,1,1,4,2,2,2,1,,-1,1,0,1,1,1,5,5,1,2,1,2,3,1,202000028660B01,7,22,1,200054807
202000028723,2020-09-05,2020,septembre,samedi,10:15,33,33063,44.86574,-0.57634,2,7,3,1,1,4,1,5,1,2,,-1,1,0,8,4,2,38,0,2,,0,2,1,19,202000028723B01,7,16,1,243300316
202000028723,2020-09-05,2020,septembre,samedi,10:15,33,33063,44.86574,-0.57634,2,7,3,1,1,4,1,5,1,2,,-1,1,0,8,4,2,3,0,2,,0,2,1,19,202000028723B01,7,16,1,243300316
202000028745,2020-09-05,2020,septembre,samedi,10:35,75,75112,48.847344,2.375323,2,3,7,1,1,4,2,1,1,1,,-1,1,-1,5,4,2,32,5,2,,0,0,0,21,202000028745A01,,,,200054781
202000028746,2020-09-05,2020,septembre,samedi,10:45,75,75110,48.87262,2.374003,2,1,3,1,1,4,1,1,2,1,,-1,1,0,1,4,1,31,1,2,,0,2,2,1,202000028746B01,7,9,1,200054781
202000028793,2020-09-06,2020,septembre,dimanche,11:05,18,18001,47.290888,2.451196,1,1,2,1,1,4,2,2,1,1,,-1,1,0,1,4,2,55,5,1,2,0,2,1,2,202000028793B01,1,2,1,200066330
202000028793,2020-09-06,2020,septembre,dimanche,11:05,18,18001,47.290888,2.451196,1,1,2,1,1,4,2,2,1,1,,-1,1,0,1,3,1,62,5,1,2,0,2,1,2,202000028793A01,1,2,1,200066330
202000028949,2020-04-04,2020,avril,samedi,19:00,972,97213,14.63348,-61.00841,1,1,-1,4,1,3,2,2,1,1,,5,1,0,1,3,1,67,0,2,,0,2,4,1,202000028949B01,7,1,1,249720061
202000028957,2020-04-04,2020,avril,samedi,11:23,75,75103,48.868419,2.355274,2,2,3,1,1,4,1,3,1,1,,9,1,0,1,4,2,42,1,2,,0,2,2,1,202000028957A01,7,22,1,200054781
202000028969,2020-04-05,2020,avril,dimanche,12:10,60,60029,49.363846,1.973205,1,6,3,1,1,3,1,2,1,2,,-1,1,0,1,3,1,49,3,2,,0,2,1,1,202000028969B01,7,1,1,200067999
202000029112,2020-08-03,2020,août,lundi,23:45,75,75116,48.858679,2.284637,2,7,3,5,1,4,1,2,1,2,,-1,1,0,1,4,1,29,9,1,2,0,2,7,1,202000029112A01,7,1,1,200054781
202000029115,2020-08-03,2020,août,lundi,09:00,75,75112,48.844671,2.405736,2,5,3,1,1,4,2,4,1,1,,-1,1,0,1,4,1,63,9,1,2,0,2,7,9,202000029115B01,7,16,1,200054781
202000029118,2020-08-04,2020,août,mardi,15:20,75,75108,48.86437,2.320364,2,7,6,1,1,4,4,6,1,1,,-1,1,-1,5,4,2,70,5,2,,12,0,8,13,202000029118A01,,,,200054781
202000029141,2020-08-04,2020,août,mardi,14:00,974,97422,-21.276998,55.501894,1,3,3,1,1,4,2,2,4,1,,-1,1,0,1,3,1,11,5,2,,0,2,1,1,202000029141A01,13,1,1,249740085
202000029145,2020-08-04,2020,août,mardi,17:35,74,74025,46.283228,6.346825,1,2,3,1,1,3,2,2,2,1,,-1,1,5,1,3,1,37,1,1,2,0,2,1,1,202000029145B01,10,19,1,200067551
202000029155,2020-08-05,2020,août,mercredi,10:40,42,42204,45.421392,4.06316,2,6,3,1,1,3,1,2,1,2,,-1,1,0,1,4,1,41,5,1,2,0,2,7,2,202000029155B01,7,2,1,200065886
202000029159,2020-08-02,2020,août,dimanche,10:00,34,34279,43.506379,3.101985,1,1,1,1,1,3,2,2,2,3,,-1,1,0,1,3,1,51,5,1,2,0,2,3,1,202000029159A01,7,1,1,200071058
202000029161,2020-08-05,2020,août,mercredi,17:30,29,29292,47.8893546,-4.3412894,1,3,3,1,1,3,2,2,1,1,,-1,1,5,1,3,1,65,5,1,2,0,2,8,15,202000029161A01,2,1,1,242900702
202000029165,2020-08-04,2020,août,mardi,08:30,72,72381,47.93858,0.111591,1,6,3,1,1,3,2,2,1,2,,-1,1,5,1,4,1,47,5,1,2,0,2,8,1,202000029165B01,7,16,1,247200629
202000029170,2020-08-05,2020,août,mercredi,10:40,16,16213,45.73659,0.525831,1,1,2,1,7,3,2,2,2,1,0,6.4,1,0,1,2,1,75,5,1,2 / 6 / 9,0,2,4,1,202000029170B01,7,1,1,200072049
202000029177,2020-08-04,2020,août,mardi,10:20,85,85128,46.450802,-1.162378,2,6,3,1,1,3,2,2,1,1,,-1,1,5,1,3,1,78,3,2,,0,2,8,26,202000029177B01,7,0,1,200073260
202000029188,2020-08-01,2020,août,samedi,08:15,32,32117,43.665893,0.557942,1,3,7,1,1,2,2,2,3,1,,-1,1,0,1,3,1,82,5,1,2,0,0,9,1,202000029188A01,,,,200066926
202000029295,2020-11-03,2020,novembre,mardi,13:25,75,75113,48.822206,2.35852,2,2,3,1,1,4,2,4,1,1,,-1,1,0,1,4,2,30,9,2,,0,2,1,19,202000029295B01,7,1,1,200054781
202000029297,2020-11-03,2020,novembre,mardi,09:05,75,75111,48.865293,2.37449,2,2,-1,1,1,4,2,1,2,1,,-1,1,0,1,4,2,50,9,2,,0,2,4,21,202000029297A01,10,17,1,200054781