Num_Acc,date,an,mois,jour,hrmn,dep,com,lat,long,agg,int,col,lum,atm,catr,circ,nbv,prof,plan,lartpc,larrout,surf,infra,situ,grav,sexe,age,trajet,secuexist,equipement,obs,obsm,choc,manv,vehiculeid,typevehicules,manoeuvehicules,numVehicules,_infos_commune.code_epci
202000029302,2020-11-03,2020,novembre,mardi,19:10,94,94046,48.815618,2.440918,2,1,2,5,1,4,2,2,1,1,,-1,1,0,1,4,2,16,0,2,,0,2,3,1,202000029302B01,7,1,1,200054781
202000029363,2020-10-27,2020,octobre,mardi,13:58,47,47032,44.187366,0.663758,2,3,3,1,1,4,2,2,1,1,,-1,1,0,1,4,1,73,5,1,2 / 6,0,2,1,17,202000029363B01,7,15,1,200096956
202000029385,2020-11-02,2020,novembre,lundi,16:55,75,75118,48.885254,2.349518,2,3,6,3,2,4,2,4,1,1,,-1,2,-1,5,1,1,32,9,1,2,0,1,1,1,202000029385A01,,,,200054781
202000029434,2020-06-01,2020,juin,lundi,18:25,75,75105,48.848333,2.354592,2,1,6,1,1,4,2,2,1,1,,-1,1,0,1,1,1,21,1,2,,0,1,1,1,202000029434A01,,,,200054781
202000029496,2020-06-03,2020,juin,mercredi,15:40,22,22222,48.687736,-2.931083,2,3,3,1,1,3,2,2,1,1,,-1,1,0,1,4,1,71,5,1,2,0,2,1,1,202000029496B01,7,15,1,200069086
202000029503,2020-06-03,2020,juin,mercredi,12:00,01,01321,46.160984,5.3455,1,2,3,1,1,3,2,2,1,1,,-1,1,0,1,3,1,76,5,1,2,0,2,6,1,202000029503B01,7,1,1,200071751
202000029525,2020-06-05,2020,juin,vendredi,16:20,85,85084,46.777963,-1.237813,2,2,3,1,1,3,2,2,1,1,,5,1,0,1,4,1,15,5,2,,0,2,1,1,202000029525A01,7,1,1,200071918
202000029606,2020-10-01,2020,octobre,jeudi,07:05,75,75117,48.883974,2.290879,2,2,3,2,2,4,1,1,1,1,,-1,2,0,1,4,1,44,9,1,2,0,2,8,1,202000029606B01,7,1,1,200054781
202000029615,2020-10-01,2020,octobre,jeudi,17:05,75,75113,48.824041,2.377011,2,2,6,1,2,4,2,4,2,1,,-1,2,0,1,4,1,21,1,1,2,0,1,1,1,202000029615A01,,,,200054781
202000029621,2020-10-01,2020,octobre,jeudi,17:35,75,75119,48.899717,2.371128,2,2,3,1,8,4,3,3,1,1,,-1,1,-1,6,4,1,31,4,1,2,0,2,7,5,202000029621A01,37,7,1,200054781
202000029637,2020-10-01,2020,octobre,jeudi,21:20,75,75107,48.862828,2.313466,2,2,3,5,8,4,2,5,1,1,,-1,1,-1,5,4,1,58,1,1,2,0,2,7,1,202000029637B01,7,16,1,200054781
202000029678,2020-06-03,2020,juin,mercredi,13:25,45,45232,47.8443271,1.9201453,2,3,4,1,1,4,2,1,1,1,,3,1,0,1,4,2,51,1,2,,0,2,8,1,202000029678A01,7,16,2,244500468
202000029681,2020-06-04,2020,juin,jeudi,00:10,34,34172,43.59522,3.86188,2,3,3,5,2,4,2,4,2,1,,-1,2,5,5,3,1,28,4,2,,0,2,1,1,202000029681B01,7,15,1,243400017
202000029692,2020-06-02,2020,juin,mardi,19:00,22,22278,48.5168345,-2.7773738,2,1,3,1,1,4,2,2,1,1,,-1,1,0,1,4,1,20,5,1,2,0,2,1,1,202000029692B01,7,26,1,200069409
202000029700,2020-10-01,2020,octobre,jeudi,05:20,51,51030,49.0511352,4.0147916,2,1,7,5,1,4,2,2,1,1,,-1,1,0,1,4,1,35,1,2,,15,0,3,1,202000029700A01,,,,245100615
202000029742,2020-06-03,2020,juin,mercredi,12:45,75,75119,48.898235,2.386206,2,2,3,1,1,4,2,2,1,1,,-1,1,0,5,4,1,23,4,2,,0,2,3,1,202000029742Y01,33,15,1,200054781
202000029756,2020-08-18,2020,août,mardi,14:00,10,10021,48.447186,4.250799,2,9,3,1,1,3,2,2,1,1,,-1,1,0,1,4,1,48,5,1,2,0,2,3,1,202000029756B01,7,15,1,241000223
202000029761,2020-06-03,2020,juin,mercredi,12:40,75,75104,48.853918,2.364845,2,2,6,1,1,4,2,4,1,1,,-1,1,0,5,1,1,59,5,2,,0,1,8,7,202000029761A01,,,,200054781
202000029764,2020-10-01,2020,octobre,jeudi,15:45,33,33042,44.440475,-0.812581,1,1,1,1,1,3,2,2,1,1,,-1,1,0,1,3,1,67,5,1,2 / 4 / 6,0,2,1,1,202000029764B01,7,13,1,243301405
202000029767,2020-09-30,2020,septembre,mercredi,11:15,14,14228,49.294635,-0.377735,2,6,3,1,1,3,2,2,1,1,,-1,1,0,1,3,2,70,5,2,,0,0,7,1,202000029767B01,7,9,1,241400860
202000029886,2020-12-13,2020,décembre,dimanche,22:18,75,75115,48.833882,2.308113,2,2,3,5,2,4,2,2,1,1,,-1,2,0,1,4,1,38,4,1,2,0,2,2,1,202000029886A01,7,15,1,200054781
202000029889,2020-12-14,2020,décembre,lundi,15:45,75,75112,48.850865,2.370167,2,1,3,1,1,4,1,4,1,1,,-1,2,-1,6,1,1,42,9,1,2,0,2,8,13,202000029889A01,50,17,1,200054781
202000029890,2020-12-13,2020,décembre,dimanche,15:05,75,75112,48.847344,2.386785,2,2,2,1,2,4,2,2,1,1,,-1,2,0,1,4,2,26,3,2,,0,2,1,15,202000029890A01,7,23,1,200054781
202000029892,2020-12-14,2020,décembre,lundi,13:30,75,75111,48.867522,2.368638,2,1,6,1,8,4,2,2,1,1,,-1,2,-1,5,1,1,21,5,1,2,0,1,1,1,202000029892A01,,,,200054781
202000029920,2020-12-15,2020,décembre,mardi,16:00,62,62100,50.423185,1.894197,2,1,2,1,1,3,2,2,1,1,,-1,1,0,1,3,1,75,5,2,,0,2,4,2,202000029920B01,7,2,1,200044030
202000029936,2020-12-15,2020,décembre,mardi,19:00,02,02173,49.615048,3.215899,2,6,3,5,1,3,2,1,1,1,,-1,2,0,1,4,1,37,3,2,,0,2,0,1,202000029936B01,7,1,1,200071785
202000029938,2020-12-15,2020,décembre,mardi,14:00,14,14578,49.367032,0.142608,1,1,2,1,1,3,2,2,1,1,,-1,1,0,1,4,1,70,5,1,2,1,0,1,2,202000029938B01,15,24,1,241400415
202000029956,2020-12-11,2020,décembre,vendredi,18:40,69,69072,45.81086,4.73043,1,1,2,2,2,4,2,2,1,1,,-1,2,0,1,4,1,27,1,2,,0,2,4,14,202000029956A01,7,2,1,200046977
202000030031,2020-01-13,2020,janvier,lundi,08:54,05,05061,44.56106,6.07723,2,1,3,1,1,4,1,2,1,2,,-1,1,0,1,4,1,12,9,2,,0,2,2,19,202000030031B01,7,1,1,200067825
202000030037,2020-01-14,2020,janvier,mardi,09:40,75,75119,48.878138,2.371781,2,1,3,1,8,4,2,2,2,1,,-1,1,0,1,4,1,28,1,1,2,0,2,1,1,202000030037B01,7,22,1,200054781
202000030038,2020-01-14,2020,janvier,mardi,19:00,75,75118,48.8866059,2.32601,2,3,3,5,1,4,2,3,1,1,,10.5,1,0,1,1,1,21,9,1,2,0,2,8,23,202000030038B01,33,17,1,200054781
202000030043,2020-01-13,2020,janvier,lundi,18:15,75,75116,48.858564,2.244887,2,2,5,2,2,4,2,3,1,1,,9,2,0,1,4,2,38,9,1,2,0,2,8,25,202000030043C01,7,15 / 1,2,200054781
202000030045,2020-01-14,2020,janvier,mardi,20:50,75,75110,48.876713,2.354202,2,1,3,5,1,4,2,2,1,1,,-1,1,-1,5,4,2,37,9,1,2,0,2,1,1,202000030045B01,7,22,1,200054781
202000030047,2020-01-14,2020,janvier,mardi,18:00,75,75109,48.8717602,2.3413842,2,1,6,5,1,4,2,3,1,1,,-1,1,-1,6,1,1,35,9,1,2,0,1,0,7,202000030047A01,,,,200054781
202000030048,2020-01-14,2020,janvier,mardi,13:30,75,75108,48.8641413,2.3203214,2,7,6,1,1,4,2,4,1,1,,9,1,-1,5,4,1,77,5,1,2,12,0,8,1,202000030048A01,,,,200054781
202000030092,2020-01-14,2020,janvier,mardi,17:25,973,97309,4.8865662,-52.2759832,2,2,3,1,1,4,2,2,2,1,,-1,1,0,1,3,1,17,9,2,,0,2,3,26,202000030092B01,10,1,1,249730045
202000030196,2020-01-14,2020,janvier,mardi,23:50,75,75105,48.8456902,2.3459051,2,7,3,5,1,4,1,2,1,1,,7,1,0,1,4,2,26,5,1,2,0,2,1,19,202000030196B01,7,1,1,200054781
202000030207,2020-07-06,2020,juillet,lundi,12:45,75,75117,48.882915,2.309044,2,7,7,1,1,4,2,2,1,1,,-1,1,0,1,4,1,18,9,2,,0,0,1,1,202000030207A01,,,,200054781
202000030209,2020-07-06,2020,juillet,lundi,18:30,75,75116,48.864985,2.290332,2,3,2,1,1,4,1,1,2,1,,-1,1,0,1,4,1,38,9,1,2,0,2,1,1,202000030209A01,7,23,1,200054781
202000030212,2020-07-06,2020,juillet,lundi,17:50,75,75118,48.885058,2.351316,2,3,1,1,1,4,1,1,2,1,,-1,1,0,1,4,1,42,9,2,,0,2,1,5,202000030212B01,7,5,1,200054781
202000030214,2020-07-06,2020,juillet,lundi,00:20,75,75109,48.883864,2.328579,2,4,3,5,1,4,1,2,1,1,,-1,1,-1,6,4,2,41,5,2,,0,2,1,19,202000030214B01,7,7,1,200054781
202000030217,2020-07-06,2020,juillet,lundi,19:15,75,75107,48.862828,2.313456,2,2,3,1,1,4,2,6,1,1,,-1,1,-1,5,1,2,28,5,2,,0,2,5,15,202000030217B01,50,1,1,200054781
202000030219,2020-07-05,2020,juillet,dimanche,02:35,75,75101,48.859093,2.346434,2,2,1,5,1,4,2,3,1,1,,-1,1,-1,5,1,1,26,5,2,,0,2,7,1,202000030219B01,50,13,1,200054781
202000030220,2020-07-06,2020,juillet,lundi,18:05,75,75102,48.86505,2.344056,2,3,3,1,1,4,2,2,1,1,,-1,1,0,1,4,1,33,5,1,2,0,2,2,17,202000030220B01,30,17,1,200054781
202000030260,2020-07-07,2020,juillet,mardi,12:00,47,47195,44.134833,0.339074,2,4,3,1,1,3,2,2,1,1,,-1,1,0,1,3,1,11,5,2,,0,2,8,19,202000030260B01,15,1,1,200068948
202000030281,2020-07-07,2020,juillet,mardi,09:15,67,67506,48.665608,7.715623,2,2,3,1,1,4,1,2,1,1,,-1,1,0,1,4,2,51,1,2,,0,2,1,1,202000030281B01,7,12,1,246700488
202000030285,2020-06-27,2020,juin,samedi,21:10,987,98715,-17.558223,-149.597878,2,9,6,5,1,4,2,2,2,2,,-1,1,0,3,2,1,40,5,1,4,15,0,1,26,202000030285A01,,,,
202000030290,2020-07-07,2020,juillet,mardi,16:55,45,45244,47.767567,2.478259,2,1,3,1,1,3,2,2,1,1,,-1,1,0,1,4,1,17,5,2,,0,0,3,0,202000030290B01,7,0,1,200070100
202000030292,2020-07-02,2020,juillet,jeudi,05:00,25,25632,47.476427,6.770673,2,1,6,2,2,9,-1,1,2,1,,-1,2,2,1,2,1,42,5,2,,5,0,1,1,202000030292A01,,,,200065647
202000030295,2020-07-06,2020,juillet,lundi,15:30,01,01160,46.257789,6.114132,2,2,3,1,1,3,2,2,1,1,,-1,1,5,1,3,1,79,5,2,,0,2,8,1,202000030295A01,2,1,1,240100750
202000030297,2020-07-05,2020,juillet,dimanche,11:00,69,69254,45.960451,4.415517,1,1,3,1,1,3,2,2,2,2,,7,1,0,1,3,1,80,5,1,2,0,0,8,1,202000030297B01,7,17,1,200040566
202000030373,2020-07-05,2020,juillet,dimanche,12:50,75,75107,48.861125,2.324189,2,3,7,1,1,4,1,1,1,1,,-1,1,-1,5,4,1,25,5,2,,0,0,0,1,202000030373A01,,,,200054781
202000030402,2020-02-15,2020,février,samedi,04:15,75,75107,48.851653,2.312544,2,2,-1,5,1,4,1,2,1,1,,5,1,0,1,4,1,29,1,1,2,0,2,3,16,202000030402A01,7,1,1,200054781
202000030508,2020-02-12,2020,février,mercredi,09:49,63,63113,45.78528,3.14178,2,1,-1,1,1,7,2,3,1,1,,-1,1,0,1,4,2,28,0,2,,0,2,4,1,202000030508B01,7,12,1,246300701
202000030566,2020-02-14,2020,février,vendredi,08:50,75,75117,48.892442,2.324789,2,2,3,1,1,4,2,2,1,1,,7,1,-1,5,4,1,32,1,2,,0,2,0,15,202000030566A01,34,1,1,200054781
202000030571,2020-02-14,2020,février,vendredi,08:07,75,75108,48.874605,2.326855,2,1,3,1,1,4,1,3,2,1,,-1,1,0,1,4,1,49,9,1,2,0,2,8,13,202000030571A01,32,1,1,200054781
202000030572,2020-02-14,2020,février,vendredi,21:30,75,75101,48.866731,2.328278,2,1,6,5,1,4,1,1,1,1,,-1,1,0,1,4,1,56,9,2,,1,0,1,14,202000030572A01,,,,200054781
202000030608,2020-04-01,2020,avril,mercredi,18:00,973,97307,4.874712,-52.331703,2,9,2,1,9,4,2,2,1,1,,-1,2,5,1,3,1,22,3,2,,0,9,4,1,202000030608B01,7,1,1,249730045
202000030618,2020-03-28,2020,mars,samedi,20:39,63,63113,45.77551,3.08209,2,2,3,5,1,4,1,1,1,1,,-1,1,9,1,4,1,20,0,2,,0,2,0,1,202000030618B01,7,1,1,246300701
202000030618,2020-03-28,2020,mars,samedi,20:39,63,63113,45.77551,3.08209,2,2,3,5,1,4,1,1,1,1,,-1,1,9,1,3,2,17,5,2,,0,2,0,1,202000030618B01,7,1,1,246300701
202000030630,2020-02-12,2020,février,mercredi,14:20,95,95352,49.121558,2.402937,1,1,2,1,1,3,2,2,1,3,,-1,1,0,1,3,1,76,5,1,2 / 9,0,2,1,1,202000030630A01,1,1,1,200073013
202000030630,2020-02-12,2020,février,mercredi,14:20,95,95352,49.121558,2.402937,1,1,2,1,1,3,2,2,1,3,,-1,1,0,1,4,1,69,5,1,2 / 9,0,2,4,1,202000030630B01,1,1,1,200073013
202000030706,2020-03-25,2020,mars,mercredi,20:30,75,75106,48.856106,2.340414,2,2,3,5,1,4,2,5,1,1,,-1,1,-1,5,4,2,69,9,1,2,0,2,7,1,202000030706B01,7,16,1,200054781
202000030709,2020-03-26,2020,mars,jeudi,21:25,75,75111,48.868837,2.376299,2,2,3,5,1,4,2,2,1,1,,-1,1,-1,5,4,1,26,1,1,2,0,2,1,1,202000030709B01,10,1,1,200054781
202000030801,2020-09-03,2020,septembre,jeudi,12:35,63,63113,45.77376,3.07537,2,5,-1,1,1,4,1,2,1,2,,-1,1,9,1,4,2,25,1,1,2,0,2,4,1,202000030801B01,7,2,1,246300701
202000030806,2020-09-04,2020,septembre,vendredi,17:45,54,54395,48.68913,6.20123,2,3,3,1,1,4,2,4,1,1,,-1,1,0,1,4,1,16,0,1,2,0,2,1,19,202000030806B01,7,16,1,245400676
202000030864,2020-09-04,2020,septembre,vendredi,19:00,75,75120,48.849039,2.411467,2,2,6,1,1,4,1,1,1,1,,-1,1,0,1,1,1,27,9,1,2,0,1,1,1,202000030864A01,,,,200054781
202000030866,2020-09-04,2020,septembre,vendredi,20:00,75,75117,48.891957,2.322471,2,3,6,2,1,4,-1,1,1,1,,-1,1,-1,6,4,1,18,5,2,,14,0,1,7,202000030866A01,,,,200054781
202000030871,2020-09-04,2020,septembre,vendredi,14:05,75,75115,48.839583,2.301291,2,7,3,1,1,4,4,3,1,1,,-1,1,-1,5,4,1,34,1,2,,0,2,1,1,202000030871B01,7,15,1,200054781
202000030872,2020-09-04,2020,septembre,vendredi,13:59,75,75113,48.835718,2.358635,2,3,3,1,1,4,2,4,2,1,,-1,1,0,1,4,2,43,1,1,2,0,2,2,1,202000030872B01,10,22,1,200054781
202000030876,2020-09-04,2020,septembre,vendredi,15:15,75,75102,48.868774,2.333131,2,2,6,1,1,4,2,4,1,1,,-1,1,-1,5,1,2,18,9,2,,0,1,7,1,202000030876A01,,,,200054781
202000030877,2020-09-04,2020,septembre,vendredi,09:15,75,75101,48.862408,2.336263,2,7,7,1,7,4,2,4,1,1,,-1,1,-1,5,4,1,31,1,2,,0,0,0,1,202000030877A01,,,,200054781
202000030928,2020-09-05,2020,septembre,samedi,09:00,68,68201,47.749882,7.001011,1,3,3,1,1,3,2,2,2,1,,-1,1,5,8,4,1,43,5,1,2,0,0,7,1,202000030928B01,7,16,1,246800676
202000030932,2020-09-05,2020,septembre,samedi,11:43,01,01373,46.139077,5.553052,2,3,3,1,1,3,2,2,1,1,,-1,1,0,1,3,1,69,5,1,2,0,2,7,1,202000030932A01,7,23,1,200042935
202000030940,2020-09-05,2020,septembre,samedi,10:00,40,40142,43.858026,-1.003774,1,1,2,1,1,3,2,2,1,1,,-1,1,0,1,3,1,67,5,1,2,0,2,4,1,202000030940B01,7,17,1,244000766
202000030966,2020-09-05,2020,septembre,samedi,16:10,50,50041,49.645944,-1.850467,2,1,3,1,1,3,2,2,2,1,,-1,1,0,1,3,1,58,5,1,2,0,2,8,1,202000030966B01,7,17,1,200067205
202000030967,2020-09-02,2020,septembre,mercredi,09:05,22,22343,48.7689335,-3.5635727,2,6,3,1,1,3,2,2,1,2,,-1,1,5,1,3,1,71,5,1,2,0,2,7,1,202000030967B01,7,15,1,200065928
202000031027,2020-11-02,2020,novembre,lundi,16:00,68,68163,47.672829,7.498448,2,1,7,1,1,3,2,2,1,1,,-1,1,0,1,4,1,67,5,1,2,1,0,1,1,202000031027B01,,,,200066058
202000031057,2020-10-29,2020,octobre,jeudi,10:40,75,75102,48.869469,2.342296,2,7,3,1,1,4,1,4,1,1,,-1,1,-1,6,4,2,33,1,1,2,0,2,1,7,202000031057A01,10,16,1,200054781
202000031063,2020-10-31,2020,octobre,samedi,18:45,92,92049,48.8184496,2.3256717,2,1,3,5,2,3,3,4,1,1,,-1,2,0,1,3,1,73,0,2,,0,2,7,19,202000031063A01,2,1,1,200054781
202000031068,2020-11-01,2020,novembre,dimanche,11:45,65,65436,43.240921,0.174446,1,1,3,1,1,3,2,2,1,1,,-1,1,0,1,4,1,52,5,1,2,0,2,1,21,202000031068A01,7,26,1,200070803
202000031120,2020-10-29,2020,octobre,jeudi,12:50,54,54304,48.6851685,6.1558487,2,2,3,1,1,4,2,2,1,1,,-1,1,0,1,4,2,54,0,2,,0,2,1,1,202000031120B01,7,1,1,245400676
202000031140,2020-10-28,2020,octobre,mercredi,11:37,14,14118,49.178484,-0.361437,2,2,3,1,8,4,2,0,1,1,,-1,1,0,1,4,1,23,0,2,,0,2,1,19,202000031140B01,7,15,1,200065597
202000031155,2020-10-30,2020,octobre,vendredi,15:30,75,75118,48.891122,2.329398,2,2,6,1,8,4,1,0,2,3,,-1,1,0,1,4,1,49,1,1,2,0,1,7,1,202000031155A01,,,,200054781
202000031171,2020-10-27,2020,octobre,mardi,12:20,75,75103,48.861936,2.364599,2,5,7,1,1,4,1,1,1,1,,-1,2,0,1,3,1,46,9,1,2,0,0,7,16,202000031171A01,,,,200054781
202000031172,2020-07-25,2020,juillet,samedi,17:30,75,75117,48.88187,2.318718,2,3,7,1,8,4,3,2,1,1,,-1,1,-1,5,4,1,6,5,1,2,0,0,0,1,202000031172A01,,,,200054781
202000031173,2020-07-26,2020,juillet,dimanche,19:20,75,75101,48.863212,2.333801,2,3,7,1,1,4,2,5,1,1,,-1,1,-1,5,4,1,47,5,1,2,0,0,0,21,202000031173A01,,,,200054781
202000031174,2020-08-02,2020,août,dimanche,18:08,75,75116,48.840301,2.268042,2,1,1,1,1,4,2,2,1,1,,-1,1,-1,5,4,1,73,5,1,2,0,2,1,1,202000031174B01,50,5,1,200054781
202000031178,2020-08-02,2020,août,dimanche,22:30,75,75111,48.866404,2.380486,2,3,2,5,1,4,2,2,1,1,,-1,1,-1,6,4,1,21,5,2,,0,2,1,7,202000031178A01,7,23,1,200054781
202000031204,2020-07-26,2020,juillet,dimanche,12:30,84,84069,44.155973,5.147406,1,1,3,1,1,3,2,2,2,3,,-1,1,0,1,3,1,29,5,1,2,0,2,1,1,202000031204B01,7,1,1,248400053
202000031207,2020-08-02,2020,août,dimanche,10:20,62,62233,50.3517076,1.6483892,1,9,3,1,1,3,2,2,1,1,,-1,1,0,5,4,1,73,5,1,2,0,2,1,1,202000031207B01,7,19,1,200069029
202000031220,2020-05-26,2020,mai,mardi,17:25,01,01173,46.334047,6.059786,2,6,-1,1,1,3,-1,1,2,2,,-1,1,5,1,4,1,48,5,1,2,0,0,1,9,202000031220A01,7,9,1,240100750
202000031263,2020-08-01,2020,août,samedi,16:30,08,08200,49.416594,4.629002,2,1,1,1,1,3,2,2,1,1,,-1,1,0,1,3,1,10,5,2,,0,2,5,19,202000031263B01,7,5,1,240800920
202000031289,2020-08-03,2020,août,lundi,16:40,30,30132,44.209838,4.029744,2,6,3,1,1,4,4,5,1,1,,-1,1,5,1,4,1,48,3,2,,0,2,7,16,202000031289A01,7,9,1,200066918
202000031298,2020-06-03,2020,juin,mercredi,08:20,67,67300,48.532828,7.513192,1,6,3,1,1,3,2,2,1,3,,4,1,0,1,4,1,56,1,2,,0,0,3,2,202000031298B01,7,2,1,246701064
202000031300,2020-08-03,2020,août,lundi,12:15,67,67131,48.487163,7.729263,2,9,3,1,1,9,2,2,1,1,,-1,1,9,5,3,1,65,5,2,,0,2,7,1,202000031300B01,7,1,1,246700488
202000031312,2020-07-30,2020,juillet,jeudi,11:35,69,69116,45.841208,4.777647,1,1,3,1,1,3,2,2,2,3,,-1,1,0,1,3,1,72,5,1,2 / 6,0,2,8,13,202000031312A01,7,1,1,200046977
202000031380,2020-08-02,2020,août,dimanche,18:40,26,26198,44.560139,4.747924,2,1,1,1,8,4,1,1,1,1,,-1,1,0,8,4,1,17,9,1,2,0,2,8,19,202000031380B01,7,1,1,200040459
202000031400,2020-06-02,2020,juin,mardi,17:45,45,45234,47.8358953,1.9343571,2,1,3,1,1,4,3,4,1,1,,-1,1,0,1,4,2,36,1,2,,0,2,1,1,202000031400B01,7,22,1,244500468
202000031408,2020-08-01,2020,août,samedi,07:45,75,75117,48.890106,2.303785,2,2,2,1,1,4,2,6,2,1,,-1,1,0,1,4,1,50,5,2,,0,2,1,13,202000031408A01,7,23,1,200054781
202000031413,2020-08-02,2020,août,dimanche,15:00,75,75113,48.823704,2.358042,2,1,1,1,1,4,2,0,1,1,,-1,1,-1,5,1,1,38,9,2,,0,2,1,1,202000031413B01,50,5,1,200054781
202000031416,2020-08-02,2020,août,dimanche,21:15,75,75101,48.863291,2.322542,2,1,7,4,1,4,-1,0,1,1,,-1,1,-1,5,4,1,35,9,2,,0,0,0,1,202000031416A01,,,,200054781
202000031447,2020-08-01,2020,août,samedi,11:40,71,71147,46.53929,4.6399538,1,2,3,1,7,3,2,2,2,1,,-1,1,0,1,3,1,65,5,2,,0,2,8,1,202000031447B01,7,1,1,200040293
202000031473,2020-07-31,2020,juillet,vendredi,13:30,42,42115,45.317497,4.357173,1,4,5,1,1,3,2,2,2,3,,-1,1,0,1,3,1,58,5,1,2,8,0,1,1,202000031473C01,10,11,1,244200622
202000031473,2020-07-31,2020,juillet,vendredi,13:30,42,42115,45.317497,4.357173,1,4,5,1,1,3,2,2,2,3,,-1,1,0,1,3,1,59,5,1,2,0,2,1,1,202000031473B01,10,11,1,244200622
202000031524,2020-06-02,2020,juin,mardi,20:45,68,68253,47.77486,7.51703,1,1,2,2,1,3,2,2,1,1,,-1,1,0,1,4,1,61,5,1,2,1,0,1,1,202000031524B01,7,23,1,200066009
202000031529,2020-05-29,2020,mai,vendredi,16:30,74,74208,45.903274,6.713535,1,1,2,1,1,3,-1,2,2,2,,-1,1,0,1,3,1,55,5,1,2,0,2,1,2,202000031529A01,10,1,1,200034882
202000031536,2020-06-03,2020,juin,mercredi,17:40,84,84072,44.060329,5.10345,1,1,3,1,1,3,2,2,1,1,,-1,1,0,1,3,1,39,5,2,,0,2,8,1,202000031536B01,7,5,1,248400053
202000031541,2020-06-02,2020,juin,mardi,11:20,64,64495,43.365676,-1.598044,1,1,2,1,1,3,2,2,1,3,,-1,1,0,1,3,1,61,5,1,2 / 9,0,2,6,13,202000031541A01,7,17,1,200067106
202000031545,2020-06-02,2020,juin,mardi,16:55,10,10268,48.492919,3.502037,2,6,2,1,1,4,-1,1,1,2,,-1,1,5,1,4,2,73,3,2,,0,2,5,1,202000031545B01,7,15,1,200006716
202000031580,2020-09-29,2020,septembre,mardi,07:50,63,63113,45.80588,3.10669,2,2,3,1,1,7,2,-1,1,1,,-1,1,-1,5,4,1,20,0,2,,0,2,7,1,202000031580B01,7,1,1,246300701
202000031624,2020-09-30,2020,septembre,mercredi,17:25,75,75119,48.884684,2.398838,2,3,6,1,1,4,2,4,2,1,,-1,1,-1,5,4,2,50,1,1,2,0,9,1,1,202000031624A01,,,,200054781
202000031632,2020-09-30,2020,septembre,mercredi,14:45,75,75111,48.856826,2.370493,2,4,6,1,1,4,1,3,1,1,,-1,1,-1,5,1,1,20,5,2,,0,1,1,1,202000031632A01,,,,200054781
202000031634,2020-09-30,2020,septembre,mercredi,13:40,75,75107,48.862472,2.310405,2,2,3,1,8,4,2,5,1,3,,-1,1,-1,5,4,1,22,9,2,,9,2,1,1,202000031634B01,7,16,1,200054781
202000031635,2020-09-29,2020,septembre,mardi,21:15,75,75103,48.867915,2.355019,2,2,1,5,1,4,1,2,1,1,,-1,1,-1,6,4,1,24,5,2,,0,2,1,8,202000031635B01,7,7,1,200054781
202000031636,2020-09-30,2020,septembre,mercredi,08:20,75,75104,48.848927,2.364521,2,3,3,1,8,4,2,3,1,1,,-1,2,-1,5,4,1,63,1,1,2,0,2,1,1,202000031636A01,10,16,1,200054781
202000031668,2020-09-30,2020,septembre,mercredi,15:50,77,77101,48.413294,3.100441,2,1,3,1,8,3,2,2,1,3,,-1,1,2,1,4,2,40,5,1,2,0,2,1,1,202000031668B01,7,5,1,200040251
202000031677,2020-09-29,2020,septembre,mardi,18:30,29,29191,48.524046,-3.717555,2,2,3,1,1,3,2,-1,1,1,,-1,1,5,1,4,1,10,5,1,2,0,2,8,19,202000031677A01,7,1,1,242900835
202000031678,2020-09-30,2020,septembre,mercredi,08:20,31,31011,43.0017032,0.9049584,1,1,1,1,1,3,2,2,1,1,,-1,1,0,1,3,1,78,5,2,,0,2,3,15,202000031678B01,31,17,1,200073146
202000031698,2020-09-30,2020,septembre,mercredi,19:00,69,69009,45.926308,4.708393,1,6,3,1,1,3,-1,2,1,2,,-1,1,5,1,4,2,35,2,1,2,0,2,5,2,202000031698A01,7,1,1,200040574
202000031727,2020-09-28,2020,septembre,lundi,07:30,80,80021,49.87827,2.29099,2,2,3,2,1,4,2,2,1,1,,-1,1,0,1,4,1,13,0,1,2,0,2,1,1,202000031727A01,7,1,1,248000531
202000031765,2020-11-18,2020,novembre,mercredi,15:30,57,57269,49.296786,6.202973,2,3,1,1,1,4,2,2,2,1,,-1,1,0,1,3,1,82,5,2,,0,2,1,5,202000031765A01,7,16,1,245701354
202000031796,2020-12-09,2020,décembre,mercredi,07:30,38,38565,45.288,5.64091,2,1,2,5,1,4,2,2,1,1,,-1,1,0,1,4,1,13,2,2,,0,0,4,1,202000031796B01,7,2,1,243800984
202000031856,2020-12-11,2020,décembre,vendredi,20:19,75,75116,48.865875,2.270981,2,1,3,5,2,4,2,4,1,1,,-1,2,0,1,4,2,24,9,1,2,0,2,1,1,202000031856B01,7,22,1,200054781
202000031859,2020-12-12,2020,décembre,samedi,18:45,75,75113,48.8271,2.356985,2,1,6,5,1,4,2,4,1,1,,-1,2,-1,5,4,1,45,1,2,,0,1,1,1,202000031859A01,,,,200054781