Num_Acc,date,an,mois,jour,hrmn,dep,com,lat,long,agg,int,col,lum,atm,catr,circ,nbv,prof,plan,lartpc,larrout,surf,infra,situ,grav,sexe,age,trajet,secuexist,equipement,obs,obsm,choc,manv,vehiculeid,typevehicules,manoeuvehicules,numVehicules,_infos_commune.code_epci
202000031863,2020-12-12,2020,décembre,samedi,12:20,75,75104,48.858789,2.34998,2,1,6,1,1,4,2,0,1,1,,-1,1,-1,6,1,1,28,4,2,,0,1,1,1,202000031863A01,,,,200054781
202000031878,2020-12-12,2020,décembre,samedi,12:29,68,68253,47.804016,7.532858,1,1,7,1,1,3,2,2,1,1,,-1,2,0,5,3,1,61,5,1,2,0,0,9,1,202000031878A01,,,,200066009
202000031886,2020-08-02,2020,août,dimanche,10:30,34,34025,43.410862,3.255821,2,2,1,1,1,4,1,2,1,1,,-1,1,0,1,4,1,56,5,1,2,0,2,1,1,202000031886B01,7,15,1,243400769
202000031946,2020-01-14,2020,janvier,mardi,16:40,75,75106,48.8499663,2.3235971,2,1,3,1,1,4,2,4,1,1,,-1,1,-1,6,4,1,36,4,1,2,0,2,1,1,202000031946B01,10,22,1,200054781
202000031951,2020-01-15,2020,janvier,mercredi,10:20,75,75119,48.8811921,2.3876247,2,1,3,1,1,4,2,2,2,1,,-1,1,-1,6,1,1,23,5,1,2,0,2,8,9,202000031951A01,50,7,1,200054781
202000031956,2020-01-15,2020,janvier,mercredi,09:45,75,75116,48.841123,2.268795,2,1,2,1,1,4,1,1,2,1,,3,1,-1,5,4,1,28,9,1,2,0,2,4,2,202000031956B01,33,2,1,200054781
202000031964,2020-01-15,2020,janvier,mercredi,14:30,75,75111,48.8683071,2.3673311,2,1,4,1,8,4,1,2,1,1,,-1,1,0,1,4,1,24,5,1,2,0,2,1,1,202000031964B01,7,22 / 1,2,200054781
202000031965,2020-01-15,2020,janvier,mercredi,14:00,75,75109,48.8750817,2.3284645,2,1,6,1,1,4,1,1,1,1,,-1,1,6,1,1,1,28,4,1,2,0,1,1,1,202000031965A01,,,,200054781
202000031968,2020-01-13,2020,janvier,lundi,18:15,75,75103,48.863415,2.356041,2,1,7,5,1,4,1,1,1,1,,-1,1,8,1,4,1,56,1,1,2,0,0,2,1,202000031968A01,,,,200054781
202000032012,2020-01-12,2020,janvier,dimanche,10:00,29,29184,48.631221,-3.988417,2,6,3,1,2,4,1,1,1,2,,-1,2,0,1,4,1,45,5,1,2,0,0,5,1,202000032012B01,7,9,1,200067072
202000032031,2020-01-15,2020,janvier,mercredi,16:50,971,97125,16.257314,-61.270648,2,1,5,1,1,3,2,2,1,1,,-1,1,0,1,4,1,15,5,2,,0,2,1,5,202000032031A01,7,1,2,200041507
202000032036,2020-01-15,2020,janvier,mercredi,21:10,38,38348,45.588438,5.297426,1,1,3,3,1,3,2,2,1,1,,-1,1,0,1,4,1,21,5,2,,0,2,0,13,202000032036A01,7,1,1,243800604
202000032064,2020-01-13,2020,janvier,lundi,08:55,91,91122,48.697663,2.155664,2,2,3,1,1,4,2,2,1,2,,-1,1,0,1,4,1,41,0,1,2,0,2,8,1,202000032064B01,7,1,1,200056232
202000032080,2020-01-11,2020,janvier,samedi,07:45,73,73065,45.56804,5.92097,2,3,3,5,1,4,1,3,1,1,,-1,1,5,1,4,1,19,1,2,,0,2,7,19,202000032080B01,7,1,1,200069110
202000032144,2020-07-06,2020,juillet,lundi,09:40,77,77385,48.8513701,3.2497438,1,1,2,1,1,3,2,2,1,1,,-1,1,0,1,2,1,59,5,1,2 / 6,0,0,4,1,202000032144A01,7,17,1,200072544
202000032157,2020-07-04,2020,juillet,samedi,17:16,70,70103,47.809919,6.456855,2,1,6,1,1,4,2,2,2,1,,-1,9,0,1,2,1,66,5,1,6,14,0,1,2,202000032157A01,,,,247000854
202000032165,2020-07-02,2020,juillet,jeudi,16:18,85,85234,46.79102,-2.056155,2,6,3,1,1,4,2,2,1,1,,-1,1,0,1,3,2,82,3,2,,0,2,0,0,202000032165B01,7,0,1,248500258
202000032181,2020-06-30,2020,juin,mardi,13:50,09,09160,42.930478,1.837351,2,1,-1,1,1,4,2,2,1,1,,-1,1,0,1,3,1,10,5,2,,0,2,1,16,202000032181A01,7,1,1,240900464
202000032183,2020-07-06,2020,juillet,lundi,16:35,64,64422,43.188774,-0.609865,2,1,7,1,8,3,2,2,2,2,,-1,1,0,4,3,1,21,5,2,,6,0,1,0,202000032183A01,,,,200067262
202000032245,2020-07-04,2020,juillet,samedi,17:20,75,75118,48.884887,2.359345,2,7,3,1,1,4,2,6,1,1,,-1,1,-1,5,4,1,26,9,1,2,0,2,1,1,202000032245B01,7,1,1,200054781
202000032254,2020-07-04,2020,juillet,samedi,16:50,75,75107,48.862429,2.301605,2,2,2,1,1,4,2,5,1,1,,-1,1,-1,5,4,2,66,5,1,2,0,2,2,2,202000032254A01,50,2,1,200054781
202000032257,2020-07-04,2020,juillet,samedi,11:20,75,75101,48.86496,2.328367,2,1,7,1,8,4,2,4,1,1,,-1,1,-1,5,4,1,57,9,1,2,14,0,1,14,202000032257A01,,,,200054781
202000032287,2020-07-05,2020,juillet,dimanche,12:00,68,68343,47.869755,7.302314,1,1,1,1,1,9,-1,2,1,1,,-1,1,0,5,3,1,66,5,1,2,0,2,1,1,202000032287B01,1,13,1,200066009
202000032287,2020-07-05,2020,juillet,dimanche,12:00,68,68343,47.869755,7.302314,1,1,1,1,1,9,-1,2,1,1,,-1,1,0,5,1,1,6,5,1,2,0,0,4,13,202000032287A01,1,1,1,200066009
202000032292,2020-07-05,2020,juillet,dimanche,11:34,51,51576,49.050161,4.14206,1,1,1,1,1,3,2,2,1,1,,-1,1,0,1,4,1,11,5,1,2,0,2,1,13,202000032292A01,7,21,1,245100615
202000032302,2020-07-01,2020,juillet,mercredi,11:15,12,12001,44.357525,2.680278,2,7,3,1,1,3,2,2,2,1,,-1,1,0,1,3,1,65,5,1,2,0,2,1,1,202000032302B01,7,15,1,241200658
202000032309,2020-07-05,2020,juillet,dimanche,16:05,38,38564,45.485113,5.706056,1,1,6,1,1,3,2,2,2,1,,-1,1,0,1,4,1,44,5,1,6,0,0,0,1,202000032309A01,,,,243800984
202000032316,2020-07-04,2020,juillet,samedi,13:15,06,06086,43.922514,7.408406,1,1,6,1,1,3,-1,2,2,3,,-1,1,0,1,2,1,42,5,1,2,4,0,1,1,202000032316A01,,,,240600551
202000032317,2020-07-05,2020,juillet,dimanche,13:13,14,14257,49.1004032,-0.4998631,2,1,1,1,1,3,2,2,3,1,,-1,1,0,1,3,1,26,5,1,2,0,2,1,13,202000032317A01,7,1,1,200066728
202000032372,2020-02-26,2020,février,mercredi,09:50,44,44109,47.19907,-1.58304,2,1,3,1,1,4,2,0,1,1,,-1,1,0,1,3,2,23,0,2,,0,2,8,19,202000032372B01,7,1,1,244400404
202000032382,2020-03-18,2020,mars,mercredi,09:00,68,68023,48.161112,7.341152,1,3,3,1,1,3,2,2,1,2,,-1,1,0,1,3,1,32,5,2,,0,2,8,1,202000032382B01,7,1,1,246800577
202000032419,2020-03-24,2020,mars,mardi,17:15,42,42294,46.007678,4.117438,2,1,1,1,1,4,2,1,2,3,,4,1,0,1,4,1,9,5,1,2,0,2,1,1,202000032419B01,7,1,1,200035731
202000032428,2020-03-23,2020,mars,lundi,19:00,35,35091,48.205864,-2.145649,1,1,3,1,7,3,2,2,1,2,,-1,1,0,1,4,1,26,1,2,,0,0,0,23,202000032428B01,10,2,1,200038990
202000032431,2020-02-15,2020,février,samedi,15:15,74,74011,45.928438,6.177492,1,1,3,1,1,3,2,2,2,4,,-1,2,0,1,3,1,48,5,1,2 / 6,0,2,8,16,202000032431B01,38,15,1,
202000032437,2020-02-26,2020,février,mercredi,18:39,67,67152,48.523906,7.69091,2,9,3,5,1,7,2,2,1,1,,-1,1,6,8,3,1,31,3,2,,0,2,7,19,202000032437B01,7,1,1,246700488
202000032458,2020-02-15,2020,février,samedi,16:40,60,60151,49.4495236,2.877534,1,1,6,1,1,3,2,2,1,3,,-1,1,0,1,4,1,56,5,1,2,12,0,7,1,202000032458A01,,,,200067965
202000032475,2020-03-23,2020,mars,lundi,08:10,69,69244,45.766127,4.764999,2,1,2,1,1,3,2,2,2,1,,6,1,0,1,3,1,25,1,1,2 / 9,12,2,8,1,202000032475B01,7,2,1,200046977
202000032480,2020-02-22,2020,février,samedi,12:58,974,97415,-21.037977,55.2187216,2,6,2,1,1,4,1,1,1,2,,-1,1,0,1,4,2,39,1,1,2,0,2,6,1,202000032480A01,7,9,1,249740101
202000032482,2020-02-15,2020,février,samedi,10:25,974,97415,-21.0990818,55.2426606,1,3,3,1,2,2,2,2,1,1,,-1,1,0,1,4,1,14,5,1,9,0,2,8,25,202000032482A01,7,23,1,249740101
202000032563,2020-03-20,2020,mars,vendredi,14:40,72,72181,47.9707,0.2137,2,1,3,1,1,4,2,2,1,1,,-1,1,0,1,4,1,7,5,1,2,0,2,2,26,202000032563A01,7,1,1,247200132
202000032600,2020-02-13,2020,février,jeudi,14:15,54,54274,48.668205,6.208662,2,6,-1,1,3,3,2,2,2,2,,-1,2,0,1,4,2,52,1,2,,0,2,2,9,202000032600B01,7,9,1,245400676
202000032603,2020-02-13,2020,février,jeudi,10:20,54,54323,49.523543,5.764453,2,3,2,1,1,3,2,2,1,1,,-1,1,0,1,4,1,34,5,2,,0,2,6,26,202000032603B01,7,9,1,245400262
202000032673,2020-02-13,2020,février,jeudi,20:15,75,75118,48.883996,2.351532,2,1,6,5,2,4,1,2,1,1,,-1,2,-1,5,1,1,31,1,2,,0,1,1,1,202000032673A01,,,,200054781
202000032680,2020-02-13,2020,février,jeudi,16:05,75,75107,48.860641,2.295459,2,2,3,1,1,4,2,4,1,1,,-1,1,-1,5,4,1,54,9,2,,0,2,0,1,202000032680A01,7,1,1,200054781
202000032682,2020-02-13,2020,février,jeudi,15:25,75,75101,48.855219,2.345803,2,1,6,1,2,4,2,4,1,1,,-1,2,0,1,1,1,19,9,2,,0,1,1,1,202000032682A01,,,,200054781
202000032711,2020-02-13,2020,février,jeudi,19:35,11,11203,43.162274,2.730124,1,1,1,3,1,3,2,2,1,1,,-1,1,0,1,2,1,43,0,2,,0,2,4,5,202000032711B01,7,1,1,200035863
202000032715,2020-02-14,2020,février,vendredi,11:30,80,80627,49.8012837,2.2165149,1,1,2,1,1,3,2,2,3,1,,-1,1,0,1,2,1,76,5,2,,0,2,4,2,202000032715B01,33,2,1,200071181
202000032716,2020-02-14,2020,février,vendredi,06:50,49,49347,47.614604,-0.465052,2,2,3,5,1,4,1,1,1,1,,-1,1,0,1,3,1,13,2,2,,0,2,8,1,202000032716A01,10,1,1,200068955
202000032802,2020-09-03,2020,septembre,jeudi,08:30,75,75105,48.844752,2.339444,2,1,-1,1,1,4,2,4,1,1,,-1,1,-1,5,4,2,34,1,1,2,0,2,8,1,202000032802B01,10,22,1,200054781
202000032803,2020-09-03,2020,septembre,jeudi,18:10,75,75120,48.863454,2.410863,2,2,-1,1,1,4,2,2,1,1,,-1,1,-1,5,4,1,57,1,1,2,0,2,1,1,202000032803A01,7,16,1,200054781
202000032811,2020-09-03,2020,septembre,jeudi,16:50,75,75111,48.853983,2.382333,2,3,3,1,1,4,2,2,1,1,,-1,1,0,1,3,2,40,9,1,2,0,2,5,15,202000032811B01,10,13,1,200054781
202000032812,2020-09-03,2020,septembre,jeudi,13:20,75,75108,48.880679,2.318239,2,3,-1,1,1,4,1,0,1,1,,-1,1,0,1,4,1,8,9,1,2,0,2,1,1,202000032812B01,10,22,1,200054781
202000032812,2020-09-03,2020,septembre,jeudi,13:20,75,75108,48.880679,2.318239,2,3,-1,1,1,4,1,0,1,1,,-1,1,0,1,4,2,45,9,1,2,0,2,1,1,202000032812B01,10,22,1,200054781
202000032817,2020-09-03,2020,septembre,jeudi,19:30,75,75104,48.853221,2.368609,2,7,2,1,1,4,2,4,1,1,,-1,1,-1,5,4,2,43,9,1,2,0,2,4,1,202000032817B01,1,13,1,200054781
202000032817,2020-09-03,2020,septembre,jeudi,19:30,75,75104,48.853221,2.368609,2,7,2,1,1,4,2,4,1,1,,-1,1,-1,5,1,1,27,9,1,2,0,2,1,13,202000032817A01,1,1,1,200054781
202000032819,2020-09-03,2020,septembre,jeudi,08:50,75,75104,48.855475,2.360097,2,3,6,1,1,4,2,4,1,1,,-1,1,0,1,4,2,64,1,1,2,14,0,0,11,202000032819A01,,,,200054781
202000032842,2020-09-04,2020,septembre,vendredi,09:30,2A,2A348,42.1518407,8.7554132,1,1,2,1,1,3,2,2,3,4,,-1,1,0,1,3,1,69,5,1,2,0,2,4,2,202000032842B01,7,1,1,200067049
202000032861,2020-09-03,2020,septembre,jeudi,08:55,74,74289,45.933334,5.874767,1,1,7,1,1,3,2,2,3,1,,-1,1,0,1,2,1,75,5,1,2,0,0,0,0,202000032861A01,,,,247400740
202000032867,2020-09-03,2020,septembre,jeudi,16:20,65,65479,43.139503,0.062632,2,3,7,1,1,3,2,2,2,1,,-1,1,0,1,3,1,69,5,1,2,0,0,0,16,202000032867A01,,,,200069300
202000032889,2020-09-04,2020,septembre,vendredi,10:50,40,40328,43.786184,-1.39432,2,3,5,1,1,4,2,2,1,1,,-1,1,0,1,3,2,54,5,1,2,0,2,1,1,202000032889B01,10,21,1,244000865
202000032889,2020-09-04,2020,septembre,vendredi,10:50,40,40328,43.786184,-1.39432,2,3,5,1,1,4,2,2,1,1,,-1,1,0,1,4,1,73,5,1,2,0,2,1,1,202000032889C01,10,21,1,244000865
202000032939,2020-10-30,2020,octobre,vendredi,20:30,987,98748,-17.801663,-149.295804,2,1,1,3,1,2,2,2,1,1,,-1,1,0,1,3,1,16,5,2,,0,2,0,1,202000032939A01,2,1,1,
202000033026,2020-08-02,2020,août,dimanche,11:45,38,38317,45.132032,5.711002,2,3,3,1,7,4,2,2,1,3,,-1,1,0,1,3,1,77,5,1,2,0,2,3,26,202000033026B01,7,15,1,200040715
202000033082,2020-10-29,2020,octobre,jeudi,18:35,75,75120,48.862421,2.409159,2,3,3,5,2,4,2,2,1,1,,-1,2,-1,5,4,2,18,9,2,,0,2,7,16,202000033082A01,7,1,1,200054781
202000033099,2020-07-31,2020,juillet,vendredi,20:45,25,25031,47.485545,6.841317,2,1,3,1,1,3,2,2,1,1,,-1,1,0,8,3,1,4,0,2,,0,2,0,0,202000033099B01,7,17,1,200065647
202000033107,2020-10-29,2020,octobre,jeudi,20:50,75,75101,48.859107,2.346434,2,3,6,5,1,4,3,3,1,1,,-1,1,-1,5,1,1,24,5,2,,0,1,1,1,202000033107A01,,,,200054781
202000033107,2020-10-29,2020,octobre,jeudi,20:50,75,75101,48.859107,2.346434,2,3,6,5,1,4,3,3,1,1,,-1,1,-1,5,1,2,24,5,2,,0,1,1,1,202000033107A01,,,,200054781
202000033108,2020-10-29,2020,octobre,jeudi,17:40,75,75101,48.861641,2.338698,2,1,6,2,8,4,4,3,1,1,,-1,1,-1,5,4,2,57,5,1,2,11,0,1,13,202000033108A01,,,,200054781
202000033112,2020-10-29,2020,octobre,jeudi,08:50,75,75104,48.854773,2.362423,2,3,1,1,1,4,2,3,1,1,,-1,1,-1,5,4,1,23,1,2,,0,2,0,1,202000033112B01,50,13,1,200054781
202000033131,2020-08-01,2020,août,samedi,20:00,75,75118,48.884685,2.35362,2,1,3,1,1,4,1,1,1,1,,-1,1,0,1,4,1,32,9,2,,0,2,1,14,202000033131A01,7,1,1,200054781
202000033137,2020-08-01,2020,août,samedi,14:15,75,75116,48.866794,2.248525,2,1,2,1,1,4,2,4,1,1,,-1,1,0,1,4,1,29,5,1,2,0,2,1,1,202000033137A01,7,23,1,200054781
202000033141,2020-08-01,2020,août,samedi,14:30,75,75114,48.832743,2.311557,2,2,3,1,1,4,1,3,1,1,,-1,1,-1,5,4,1,30,9,2,,0,2,4,1,202000033141B01,10,16,1,200054781
202000033149,2020-07-29,2020,juillet,mercredi,21:15,75,75101,48.860071,2.349095,2,2,4,2,1,4,2,5,1,1,,-1,1,-1,6,4,1,32,1,1,2,0,2,3,17,202000033149B01,7 / 10,1 / 22,2,200054781
202000033156,2020-10-29,2020,octobre,jeudi,21:45,17,17373,46.138571,-1.009058,2,1,1,3,1,3,2,2,1,1,,-1,1,0,1,3,1,16,5,1,2 / 4 / 9,0,2,1,1,202000033156B01,7,1,1,241700434
202000033164,2020-10-28,2020,octobre,mercredi,19:40,972,97225,14.754735,-61.182775,1,1,-1,3,1,3,2,2,1,1,,-1,2,2,1,4,1,16,5,2,,0,2,4,2,202000033164B01,7,2,1,200041788
202000033164,2020-10-28,2020,octobre,mercredi,19:40,972,97225,14.754735,-61.182775,1,1,-1,3,1,3,2,2,1,1,,-1,2,2,1,4,1,13,5,2,,0,2,4,2,202000033164B01,7,2,1,200041788
202000033167,2020-10-30,2020,octobre,vendredi,10:30,58,58193,47.526895,2.879641,1,1,3,1,1,4,2,2,1,1,,-1,1,0,1,3,1,83,5,1,2 / 6 / 4,0,2,4,15,202000033167B01,7,17,1,200067916
202000033190,2020-10-29,2020,octobre,jeudi,17:25,58,58151,46.87005,3.459706,1,1,-1,2,1,3,2,2,1,1,,-1,2,0,1,4,1,17,5,1,2 / 6,0,2,1,2,202000033190B01,7,2,1,200067700
202000033194,2020-10-29,2020,octobre,jeudi,15:30,05,05124,44.58087,6.125779,1,1,3,1,1,3,2,2,2,3,,-1,1,0,1,3,1,19,5,1,2,0,2,1,13,202000033194A01,7,1,1,200067320
202000033236,2020-08-02,2020,août,dimanche,16:30,39,39397,46.523429,5.616364,2,3,3,1,8,3,2,2,2,3,,-1,1,0,1,3,1,59,5,2,,0,2,1,16,202000033236A01,7,1,1,200090579
202000033274,2020-09-28,2020,septembre,lundi,13:55,75,75118,48.898524,2.336815,2,1,3,1,2,4,2,2,1,1,,-1,2,0,1,4,1,35,9,2,,0,2,1,19,202000033274A01,33,1,1,200054781
202000033277,2020-08-01,2020,août,samedi,14:20,18,18289,46.972109,2.588043,2,3,3,1,1,3,2,2,1,1,,-1,1,0,1,3,1,9,5,1,2,0,2,6,19,202000033277A01,7,1,1,241800374
202000033290,2020-09-29,2020,septembre,mardi,19:30,75,75116,48.867132,2.280546,2,1,2,5,1,4,2,2,1,1,,-1,1,0,1,4,1,31,4,2,,0,2,3,1,202000033290A01,7,23,1,200054781
202000033300,2020-09-29,2020,septembre,mardi,09:00,75,75115,48.828363,2.303046,2,3,3,2,2,4,3,4,1,1,,-1,2,-1,5,4,2,31,1,2,,0,2,8,1,202000033300B01,10,16,1,200054781
202000033310,2020-09-29,2020,septembre,mardi,08:50,75,75112,48.840404,2.378942,2,7,7,1,2,4,1,1,1,1,,-1,2,-1,5,4,2,56,9,1,2,4,0,1,14,202000033310A01,,,,200054781
202000033311,2020-06-01,2020,juin,lundi,11:35,06,06088,43.70649,7.25608,2,3,-1,1,1,4,2,2,1,1,,-1,1,0,1,3,2,67,5,1,2,0,2,0,1,202000033311B01,7,16,1,200030195
202000033319,2020-09-29,2020,septembre,mardi,07:55,75,75111,48.850328,2.394738,2,1,3,1,2,4,2,2,1,1,,-1,2,0,1,4,1,16,2,2,,0,2,3,1,202000033319B01,7,9,1,200054781
202000033334,2020-05-31,2020,mai,dimanche,20:45,75,75119,48.8782234,2.4033518,2,1,3,1,1,4,2,4,2,1,,-1,1,-1,5,4,2,27,5,1,2,0,2,3,1,202000033334B01,7,15,1,200054781
202000033365,2020-07-31,2020,juillet,vendredi,19:15,06,06091,43.80331,7.400402,2,1,-1,1,1,3,2,2,2,1,,-1,1,0,1,3,1,70,5,1,2,1,0,1,0,202000033365B01,7,24,1,240600593
202000033423,2020-05-31,2020,mai,dimanche,10:25,51,51555,48.7418706,4.3089799,1,1,7,1,1,3,2,2,3,1,,-1,1,0,8,2,1,62,5,1,2,0,0,0,1,202000033423A01,,,,200066876
202000033438,2020-06-01,2020,juin,lundi,11:15,82,82134,44.078776,1.580122,1,2,5,1,7,3,2,2,1,1,,-1,1,0,1,3,1,36,5,1,2,0,2,1,1,202000033438A01,7,19,1,200066884
202000033438,2020-06-01,2020,juin,lundi,11:15,82,82134,44.078776,1.580122,1,2,5,1,7,3,2,2,1,1,,-1,1,0,1,4,1,33,5,1,2,0,2,1,1,202000033438B01,7,19,1,200066884
202000033454,2020-06-01,2020,juin,lundi,11:10,35,35163,48.302134,-1.157636,1,1,3,1,1,3,2,2,1,1,,-1,1,0,1,3,1,59,3,2,,0,2,0,1,202000033454B01,10,17,1,200072452
202000033456,2020-09-30,2020,septembre,mercredi,17:35,60,60686,49.209005,2.394816,2,1,-1,1,1,3,2,2,1,1,,-1,1,0,1,3,1,10,5,1,2,0,2,1,19,202000033456B01,7,1,1,200067973
202000033505,2020-09-30,2020,septembre,mercredi,17:20,74,74243,46.130611,6.079042,1,1,1,1,1,3,2,2,2,3,,-1,1,0,1,3,1,46,0,1,2 / 6,0,2,1,13,202000033505B01,7,1,1,247400690
202000033525,2020-05-31,2020,mai,dimanche,09:15,31,31433,43.51842,1.395725,2,9,3,1,7,4,2,2,1,1,,-1,1,0,1,3,2,43,3,2,,0,2,8,1,202000033525B01,7,15,1,200068641
202000033575,2020-05-31,2020,mai,dimanche,11:20,73,73029,45.5642,5.943966,2,6,3,1,1,3,2,2,1,2,,7,1,5,1,3,1,62,5,2,,0,2,4,26,202000033575Y01,7,9,1,200069110
202000033676,2020-05-31,2020,mai,dimanche,18:15,75,75120,48.867102,2.383288,2,2,3,1,1,4,3,1,1,1,,-1,1,-1,6,4,1,57,5,1,2,0,2,1,18,202000033676B01,37,7,1,200054781
202000033679,2020-05-30,2020,mai,samedi,00:45,75,75120,48.848234,2.400959,2,1,6,3,1,4,1,1,1,1,,-1,1,0,1,3,1,24,9,1,2,15,0,1,1,202000033679A01,,,,200054781
202000033686,2020-05-31,2020,mai,dimanche,19:40,75,75118,48.886068,2.356615,2,2,3,1,1,4,1,1,1,1,,-1,1,0,1,4,2,26,9,1,2,0,2,0,1,202000033686B01,7,1,1,200054781
202000033699,2020-05-31,2020,mai,dimanche,19:10,75,75104,48.855224,2.361112,2,3,1,1,1,4,2,4,1,1,,-1,1,-1,5,1,1,26,9,1,2,0,2,1,1,202000033699A01,1,13,1,200054781
202000033699,2020-05-31,2020,mai,dimanche,19:10,75,75104,48.855224,2.361112,2,3,1,1,1,4,2,4,1,1,,-1,1,-1,5,4,1,48,9,1,2,0,2,1,13,202000033699B01,1,1,1,200054781
202000033733,2020-12-11,2020,décembre,vendredi,15:48,75,75115,48.85091,2.292607,2,2,3,1,3,4,1,1,1,1,,-1,2,0,1,4,1,25,9,1,2,0,2,1,1,202000033733B01,10,16,1,200054781
202000033741,2020-12-11,2020,décembre,vendredi,09:30,75,75113,48.824018,2.377006,2,3,6,1,1,4,-1,6,4,1,,-1,2,0,1,1,1,39,1,1,2,0,1,1,1,202000033741A01,,,,200054781
202000033744,2020-12-11,2020,décembre,vendredi,15:20,75,75111,48.864612,2.378028,2,2,3,1,2,4,2,4,2,1,,-1,2,0,1,4,1,58,9,1,2,0,2,1,1,202000033744B01,7,15,1,200054781
202000033746,2020-12-11,2020,décembre,vendredi,09:00,75,75110,48.872912,2.363736,2,3,7,1,2,4,1,2,2,1,,-1,2,-1,5,4,2,30,1,2,,0,0,8,1,202000033746A01,,,,200054781
202000033749,2020-12-11,2020,décembre,vendredi,14:10,75,75109,48.877184,2.348989,2,2,6,1,2,4,1,3,1,1,,-1,2,0,1,1,2,26,9,2,,0,1,1,1,202000033749A01,,,,200054781
202000033755,2020-12-10,2020,décembre,jeudi,12:45,75,75104,48.853951,2.364726,2,2,3,1,1,4,2,3,1,1,,-1,1,0,1,4,1,32,5,2,,0,2,0,1,202000033755B01,7,16,1,200054781
202000033781,2020-12-11,2020,décembre,vendredi,17:46,44,44043,47.096974,-1.272048,1,6,3,4,2,3,2,2,1,1,,-1,2,5,1,3,1,13,5,2,,0,0,7,1,202000033781B01,38,9,1,200067635
202000033796,2020-12-12,2020,décembre,samedi,15:00,02,02463,49.804047,3.770478,2,1,7,1,8,3,2,2,2,1,,-1,2,0,1,3,1,18,5,2,,0,0,0,1,202000033796A01,,,,240200444
202000033875,2020-01-13,2020,janvier,lundi,18:05,75,75106,48.8445601,2.3245389,2,4,6,5,2,4,2,3,1,1,,9,2,0,1,1,1,18,2,1,2,0,1,1,1,202000033875A01,,,,200054781
202000033876,2020-01-13,2020,janvier,lundi,07:45,75,75105,48.849592,2.344876,2,2,3,5,8,4,2,4,1,1,,12,1,0,1,4,1,19,2,1,2,0,2,1,13,202000033876A01,7,1,1,200054781
202000033882,2020-01-13,2020,janvier,lundi,09:55,75,75119,48.8759986,2.3813281,2,5,3,1,1,4,2,2,1,1,,7,1,0,1,4,1,70,9,1,2,0,2,7,15,202000033882B01,33,1,1,200054781
202000033884,2020-01-13,2020,janvier,lundi,13:05,75,75118,48.889485,2.3496,2,2,3,1,2,4,1,4,2,1,,12,2,-1,5,4,2,60,9,1,2,0,2,1,1,202000033884B01,7,1,1,200054781
202000033886,2020-01-13,2020,janvier,lundi,10:50,75,75117,48.8817361,2.3145892,2,4,3,1,1,4,2,2,1,1,,4,1,0,1,4,2,36,9,1,2,0,2,0,1,202000033886A01,7,22,1,200054781
202000033888,2020-01-13,2020,janvier,lundi,09:00,75,75115,48.8325711,2.2792272,2,3,3,1,1,4,2,1,1,1,,3,1,0,1,4,2,35,1,1,2,0,2,1,15,202000033888B01,31,17,1,200054781
202000033893,2020-01-13,2020,janvier,lundi,08:00,75,75111,48.850463,2.389958,2,3,3,1,1,4,2,1,1,1,,3,1,-1,5,4,1,38,1,1,2,0,2,7,14,202000033893A01,7,1,1,200054781
202000033895,2020-01-13,2020,janvier,lundi,10:00,75,75110,48.8809645,2.3579477,2,1,6,1,1,4,2,2,1,1,,-1,1,-1,6,1,1,33,9,1,2,0,1,1,7,202000033895A01,,,,200054781
202000033896,2020-01-13,2020,janvier,lundi,13:12,75,75109,48.8770751,2.3485009,2,1,-1,1,8,4,2,4,1,1,,-1,2,-1,5,4,1,31,4,1,2,0,2,3,1,202000033896A01,7,1,1,200054781
202000033918,2020-01-14,2020,janvier,mardi,07:40,59,59107,51.064007,2.520435,2,1,2,5,2,4,2,2,1,1,,-1,2,0,1,2,2,54,9,1,2,0,2,4,2,202000033918B01,7,2,1,245900428
202000033953,2020-01-11,2020,janvier,samedi,07:35,971,97125,16.255764,-61.246894,1,1,2,1,1,3,2,1,1,1,,-1,1,0,1,2,1,78,5,2,,0,2,4,0,202000033953B01,7,1,1,200041507
202000033997,2020-01-10,2020,janvier,vendredi,18:35,71,71270,46.3091286,4.8333775,2,1,3,5,1,3,2,2,3,1,,-1,1,0,1,4,1,28,1,1,2,0,2,1,1,202000033997B01,7,15,1,200070308
202000034017,2020-01-10,2020,janvier,vendredi,08:00,56,56121,47.74387,-3.38108,2,2,3,5,1,4,2,4,1,1,,-1,1,5,1,4,2,20,2,1,2,0,2,1,1,202000034017B01,7,15,1,200042174
202000034023,2020-01-10,2020,janvier,vendredi,18:15,45,45338,47.98993,2.72462,2,1,1,3,1,3,2,2,4,2,,-1,1,0,1,4,1,19,4,2,,0,2,1,1,202000034023B01,10,13,1,244500203