Num_Acc,date,an,mois,jour,hrmn,dep,com,lat,long,agg,int,col,lum,atm,catr,circ,nbv,prof,plan,lartpc,larrout,surf,infra,situ,grav,sexe,age,trajet,secuexist,equipement,obs,obsm,choc,manv,vehiculeid,typevehicules,manoeuvehicules,numVehicules,_infos_commune.code_epci
202000034045,2020-01-07,2020,janvier,mardi,17:20,22,22113,48.74693,-3.45995,2,1,1,5,8,4,2,2,1,1,,-1,1,0,5,4,1,14,9,1,2,0,2,1,0,202000034045B01,7,26,1,200065928
202000034071,2020-07-04,2020,juillet,samedi,11:45,37,37166,47.5110572,0.9092855,2,3,3,1,1,3,2,2,2,1,,-1,1,0,1,4,1,13,5,2,,0,2,8,15,202000034071B01,7,1,1,200043065
202000034084,2020-07-05,2020,juillet,dimanche,10:06,69,69228,45.595423,4.650677,1,2,3,1,1,4,2,1,1,1,,3,1,0,1,4,1,55,5,1,2,0,2,8,1,202000034084B01,7,1,1,246900740
202000034088,2020-07-05,2020,juillet,dimanche,11:15,14,14047,49.270545,-0.707277,2,6,3,1,2,3,2,2,1,1,,-1,2,0,1,3,1,45,5,1,2,0,2,7,1,202000034088B01,7,9,1,241400555
202000034188,2020-07-02,2020,juillet,jeudi,22:50,75,75104,48.852926,2.368422,2,2,6,5,1,4,1,3,1,1,,-1,1,-1,6,3,2,43,5,1,2,14,0,1,13,202000034188A01,,,,200054781
202000034189,2020-07-03,2020,juillet,vendredi,18:01,75,75105,48.848929,2.349828,2,5,-1,1,1,4,1,2,2,1,,-1,1,0,1,4,2,22,5,2,,0,2,3,1,202000034189A01,7,16,1,200054781
202000034195,2020-07-02,2020,juillet,jeudi,18:40,75,75116,48.861662,2.237896,2,1,3,1,1,4,2,2,1,3,,-1,1,-1,5,1,1,45,5,1,2,0,2,4,14,202000034195A01,1,1,1,200054781
202000034195,2020-07-02,2020,juillet,jeudi,18:40,75,75116,48.861662,2.237896,2,1,3,1,1,4,2,2,1,3,,-1,1,-1,5,4,1,34,5,1,2,0,2,1,1,202000034195B01,1,14,1,200054781
202000034199,2020-07-03,2020,juillet,vendredi,16:55,75,75115,48.843401,2.299773,2,1,6,1,1,4,1,1,1,1,,-1,1,0,1,1,1,24,5,2,,0,1,1,5,202000034199A01,,,,200054781
202000034200,2020-07-02,2020,juillet,jeudi,09:20,75,75114,48.836136,2.330749,2,1,-1,1,1,4,1,1,1,1,,-1,1,0,1,4,2,25,1,1,2,1,2,8,1,202000034200B01,7,17,1,200054781
202000034203,2020-07-03,2020,juillet,vendredi,02:35,75,75111,48.863999,2.370678,2,2,-1,5,1,4,1,3,1,1,,-1,1,-1,5,4,1,29,9,2,,0,2,1,1,202000034203A01,7,1,1,200054781
202000034238,2020-07-04,2020,juillet,samedi,10:50,60,60088,49.224717,2.205012,2,1,7,1,1,3,2,2,1,3,,-1,1,0,1,4,1,61,5,1,2 / 4,0,0,0,0,202000034238A01,,,,246000582
202000034248,2020-07-04,2020,juillet,samedi,01:10,74,74103,45.916635,6.64829,1,1,2,3,1,3,2,2,1,1,,-1,1,0,1,2,1,44,5,2,,0,0,4,2,202000034248B01,7,1,1,200034882
202000034255,2020-07-04,2020,juillet,samedi,08:05,12,12069,43.876211,2.674677,1,1,3,1,1,3,2,2,2,1,,-1,1,0,1,3,1,72,5,1,2,0,2,8,1,202000034255B01,10,2,1,200067163
202000034305,2020-03-18,2020,mars,mercredi,17:00,60,60481,49.292714,2.858596,2,1,3,1,1,3,2,2,1,1,,4,1,0,1,3,1,15,5,2,,0,2,1,26,202000034305B01,7,1,1,246000871
202000034332,2020-03-15,2020,mars,dimanche,09:36,63,63113,45.79279,3.09166,2,3,-1,1,1,4,2,2,1,1,,-1,1,0,1,4,2,13,0,1,2 / 6,0,2,8,15,202000034332B01,7,4,1,246300701
202000034338,2020-03-15,2020,mars,dimanche,18:30,37,37122,47.3465104,0.6548812,2,1,-1,1,1,7,2,3,1,1,,-1,1,0,5,4,2,79,5,2,,0,2,0,0,202000034338B01,7,0,1,243700754
202000034366,2020-02-14,2020,février,vendredi,16:00,02,02475,49.421603,3.997715,1,1,3,1,1,3,3,2,1,3,,-1,1,9,1,3,1,15,2,2,,0,2,8,25,202000034366B01,17,1,1,
202000034452,2020-09-03,2020,septembre,jeudi,10:45,44,44195,47.360801,-1.955743,2,6,3,1,1,3,2,2,1,4,,-1,1,9,1,3,2,67,3,1,2,0,0,4,26,202000034452B01,7,16,1,200072734
202000034495,2020-09-01,2020,septembre,mardi,11:30,59,59350,50.6271,3.03921,2,2,5,1,1,4,2,4,1,1,,-1,1,0,1,4,1,15,0,2,,0,2,7,15,202000034495B01,7,1,1,200093201
202000034495,2020-09-01,2020,septembre,mardi,11:30,59,59350,50.6271,3.03921,2,2,5,1,1,4,2,4,1,1,,-1,1,0,1,1,1,16,0,2,,0,2,2,15,202000034495C01,7,1,1,200093201
202000034499,2020-09-01,2020,septembre,mardi,15:35,52,52121,48.1063,5.13582,2,1,3,1,1,4,1,-1,-1,-1,,-1,-1,-1,-1,4,1,81,5,2,,0,2,2,1,202000034499B01,7,20,1,200068658
202000034513,2020-09-02,2020,septembre,mercredi,14:15,26,26362,44.9345,4.9064,2,1,3,1,1,4,2,2,1,1,,-1,1,0,1,4,1,17,9,2,,0,2,1,1,202000034513B01,7,16,1,200068781
202000034560,2020-09-03,2020,septembre,jeudi,09:20,11,11156,43.3204295,2.2770989,1,1,7,1,1,3,2,2,1,1,,-1,1,0,3,3,1,47,5,1,2,0,0,0,1,202000034560A01,,,,200042463
202000034583,2020-01-22,2020,janvier,mercredi,16:20,28,28136,48.708153,1.416786,1,1,2,2,7,3,2,2,2,1,,-1,1,0,1,3,1,72,5,1,2,0,2,8,1,202000034583B01,7,17,1,200040277
202000034596,2020-02-09,2020,février,dimanche,10:24,06,06152,43.642706,7.025226,1,1,-1,1,1,3,2,2,3,1,,-1,1,0,1,4,1,39,5,1,2,12,0,0,1,202000034596A01,7,17,1,240600585
202000034604,2020-09-02,2020,septembre,mercredi,16:45,15,15248,45.054197,2.92114,1,1,3,1,1,3,2,2,1,1,,-1,1,0,1,3,2,62,5,1,2,0,2,8,2,202000034604B01,15,17,1,200066660
202000034605,2020-02-14,2020,février,vendredi,07:35,33,33203,45.20145,-1.07348,1,1,3,3,5,3,2,2,1,1,,-1,1,0,1,3,1,69,5,2,,0,0,6,2,202000034605B01,10,2,1,200070720
202000034618,2020-09-03,2020,septembre,jeudi,12:00,04,04217,44.136257,6.132576,2,3,3,1,1,3,2,2,1,1,,-1,1,0,1,4,1,58,5,1,2,0,0,1,21,202000034618B01,7,15,1,200067437
202000034624,2020-09-03,2020,septembre,jeudi,18:20,38,38173,45.04073,6.12449,1,1,6,2,1,3,2,2,2,3,,-1,1,0,3,4,1,32,5,1,2,3,0,1,1,202000034624A01,,,,243800745
202000034638,2020-09-02,2020,septembre,mercredi,18:00,21,21021,47.3459944,5.1865618,2,4,2,1,1,3,2,2,1,2,,-1,1,0,1,4,1,57,5,1,2 / 6,0,2,1,1,202000034638A01,7,1,1,200069540
202000034715,2020-02-12,2020,février,mercredi,16:10,45,45234,47.90219,1.93125,2,1,3,1,1,4,2,2,2,1,,-1,1,0,5,4,1,18,0,2,,0,2,1,1,202000034715B01,7,20,1,244500468
202000034737,2020-02-12,2020,février,mercredi,12:30,14,14118,49.17179,-0.34857,2,2,3,1,1,4,2,0,1,1,,-1,1,0,1,4,1,12,5,2,,0,2,8,12,202000034737B01,7,16,1,200065597
202000034758,2020-02-12,2020,février,mercredi,15:40,75,75117,48.87949,2.290572,2,1,3,1,1,4,2,4,1,1,,-1,1,0,1,4,2,50,9,1,6,0,2,1,1,202000034758B01,7,22,1,200054781
202000034761,2020-02-11,2020,février,mardi,22:28,75,75115,48.833488,2.286588,2,3,-1,5,8,4,3,2,2,1,,-1,2,0,1,4,1,42,9,1,2,0,2,4,19,202000034761A01,30,0,1,200054781
202000034790,2020-02-13,2020,février,jeudi,18:50,974,97414,-21.279047,55.413322,1,1,3,2,1,4,2,2,2,1,,-1,1,6,1,3,1,16,5,2,,0,2,8,19,202000034790B01,7,1,1,249740077
202000034801,2020-01-31,2020,janvier,vendredi,16:30,31,31522,43.296254,0.823127,1,1,6,1,1,3,2,2,1,3,,-1,1,0,1,3,1,71,5,1,2,0,5,1,1,202000034801A01,,,,200072643
202000034884,2020-07-31,2020,juillet,vendredi,00:01,75,75117,48.886608,2.326002,2,3,1,5,1,4,2,3,1,1,,-1,1,-1,5,4,1,31,9,2,,0,2,1,1,202000034884B01,7,13,1,200054781
202000034885,2020-07-31,2020,juillet,vendredi,17:30,75,75116,48.849142,2.242051,2,1,3,1,1,4,2,2,1,1,,-1,1,0,1,4,2,46,1,1,2,0,2,7,1,202000034885B01,7,22,1,200054781
202000034889,2020-07-31,2020,juillet,vendredi,08:05,75,75115,48.845004,2.310651,2,2,3,1,1,4,1,2,1,1,,-1,1,-1,5,4,2,50,1,2,,0,2,6,19,202000034889B01,32,1,1,200054781
202000034891,2020-07-30,2020,juillet,jeudi,11:27,75,75113,48.843029,2.366369,2,1,3,1,1,4,2,4,1,1,,-1,1,-1,5,1,1,20,9,2,,0,2,1,13,202000034891A01,50,1,1,200054781
202000034892,2020-07-31,2020,juillet,vendredi,18:55,75,75112,48.85146,2.369225,2,3,2,1,1,4,1,3,1,1,,-1,1,-1,5,4,2,54,1,1,2,0,2,2,23,202000034892A01,1,1,1,200054781
202000034894,2020-07-30,2020,juillet,jeudi,20:20,75,75107,48.85851,2.292735,2,1,3,1,1,4,2,2,4,1,,-1,1,-1,5,1,1,33,9,2,,0,2,0,1,202000034894B01,1,17,1,200054781
202000034894,2020-07-30,2020,juillet,jeudi,20:20,75,75107,48.85851,2.292735,2,1,3,1,1,4,2,2,4,1,,-1,1,-1,5,4,1,60,9,1,2,0,2,0,17,202000034894A01,1,1,1,200054781
202000034931,2020-08-01,2020,août,samedi,15:45,56,56251,47.629084,-2.667471,2,3,3,1,1,4,2,2,1,1,,-1,1,0,1,4,1,15,3,2,,0,2,1,16,202000034931B01,7,1,1,200067932
202000034942,2020-07-31,2020,juillet,vendredi,07:30,39,39470,46.467561,6.06853,1,4,3,1,7,3,2,2,1,1,,-1,1,5,1,3,2,51,5,1,2,0,2,1,1,202000034942B01,7,15,1,243900354
202000034945,2020-08-01,2020,août,samedi,10:20,35,35297,48.183303,-2.18504,2,1,3,1,1,3,2,2,1,1,,-1,1,0,1,2,1,84,5,2,,0,2,8,15,202000034945B01,7,17,1,200038990
202000034972,2020-09-28,2020,septembre,lundi,07:50,26,26362,44.92808,4.90625,2,1,2,1,2,4,1,1,1,1,,-1,2,0,5,3,2,14,2,1,2,0,0,0,0,202000034972B01,37,1,1,200068781
202000034993,2020-07-31,2020,juillet,vendredi,11:10,44,44195,47.370505,-1.95187,2,6,3,1,1,3,2,2,1,1,,-1,1,0,1,3,1,46,5,1,2,0,2,1,1,202000034993B01,7,1,1,200072734
202000035003,2020-09-27,2020,septembre,dimanche,23:57,75,75106,48.852095,2.340302,2,2,3,5,2,4,1,3,1,1,,-1,2,0,1,4,2,41,9,2,,0,2,8,1,202000035003A01,7,16,1,200054781
202000035014,2020-09-28,2020,septembre,lundi,10:00,75,75113,48.83584,2.352502,2,2,2,1,2,4,2,6,2,1,,-1,2,0,1,4,1,23,1,1,2 / 4,0,2,3,1,202000035014A01,10,1,1,200054781
202000035016,2020-09-27,2020,septembre,dimanche,23:45,75,75113,48.822286,2.371643,2,2,3,5,2,4,3,3,2,1,,-1,2,0,1,4,2,21,5,2,,0,2,1,1,202000035016B01,7,1,1,200054781
202000035020,2020-09-28,2020,septembre,lundi,08:15,75,75111,48.866645,2.36729,2,3,3,1,2,4,2,4,1,1,,-1,2,-1,5,4,1,56,9,2,,0,2,1,1,202000035020B01,7,15,1,200054781
202000035022,2020-09-28,2020,septembre,lundi,16:30,75,75110,48.873159,2.375569,2,1,2,1,1,4,1,2,1,1,,-1,1,-1,5,4,1,55,9,2,,0,2,3,1,202000035022B01,10,22,1,200054781
202000035023,2020-09-28,2020,septembre,lundi,18:20,75,75108,48.881767,2.323983,2,1,2,1,1,4,1,1,2,1,,-1,1,0,1,4,1,63,5,2,,0,2,1,1,202000035023A01,1,10,1,200054781
202000035148,2020-09-28,2020,septembre,lundi,16:40,50,50210,49.254778,-1.386198,1,1,3,1,1,3,2,2,1,1,,-1,1,0,1,2,1,64,5,1,2 / 6,0,9,3,1,202000035148A01,21,1,1,200067031
202000035160,2020-09-29,2020,septembre,mardi,10:27,66,66213,42.661267,2.822928,1,1,2,1,1,3,2,2,1,1,,-1,1,0,2,2,1,44,5,2,,0,0,4,1,202000035160A01,7,14,1,200027183
202000035216,2020-06-01,2020,juin,lundi,13:55,72,72127,47.956454,0.09105,2,1,1,1,1,4,2,2,1,1,,5,1,0,1,3,1,19,0,2,,0,2,8,15,202000035216B01,7,1,1,247200629
202000035227,2020-06-01,2020,juin,lundi,10:25,16,16287,45.577523,0.033925,1,6,3,1,1,3,1,1,1,2,8.8,7.8,1,5,1,2,1,66,5,1,2,0,2,5,16,202000035227B01,7,16,1,200071827
202000035242,2020-05-31,2020,mai,dimanche,16:00,87,87045,45.990641,1.047778,2,1,2,1,1,3,2,2,2,1,,-1,1,0,1,4,2,40,5,1,2,0,2,1,23,202000035242B01,7,23,1,200071942
202000035282,2020-05-30,2020,mai,samedi,14:05,78,78548,48.710872,2.001733,1,1,1,1,1,3,2,2,1,1,,7,1,0,1,3,1,63,5,1,2,0,2,1,13,202000035282B01,33,1,1,200033173
202000035290,2020-01-11,2020,janvier,samedi,13:05,75,75120,48.8725996,2.3961092,2,2,3,1,1,4,2,2,1,1,,4,1,-1,5,4,1,36,5,1,2,0,2,2,1,202000035290A01,30,9,1,200054781
202000035291,2020-01-12,2020,janvier,dimanche,10:05,75,75116,48.8685964,2.2775696,2,1,7,1,1,4,1,1,1,1,,-1,1,0,1,4,1,52,5,1,2,0,0,0,1,202000035291A01,,,,200054781
202000035299,2020-01-12,2020,janvier,dimanche,18:50,75,75112,48.8496123,2.3742761,2,2,6,5,1,4,2,1,1,1,,3,1,0,1,1,1,17,5,1,2,0,1,1,1,202000035299A01,,,,200054781
202000035302,2020-06-01,2020,juin,lundi,14:45,08,08328,49.79786,4.759376,1,1,7,1,7,9,2,2,1,1,,-1,1,0,1,3,1,58,5,1,6,0,0,1,1,202000035302A01,,,,200041630
202000035305,2020-01-11,2020,janvier,samedi,23:35,75,75109,48.8710783,2.3347968,2,2,6,5,1,4,2,5,1,1,,15,1,0,1,4,1,24,1,1,2,0,1,1,1,202000035305A01,,,,200054781
202000035310,2020-01-12,2020,janvier,dimanche,12:12,75,75108,48.8666666,2.3220178,2,7,3,1,1,4,1,4,1,1,,18,1,0,1,3,2,27,9,1,2,0,2,1,1,202000035310A01,7,1,1,200054781
202000035365,2020-01-13,2020,janvier,lundi,09:00,56,56078,47.7928668,-3.4915522,2,6,3,1,2,4,-1,2,1,1,,5,2,0,1,3,2,62,0,2,,0,2,8,1,202000035365B01,7,9,1,200042174
202000035378,2020-09-27,2020,septembre,dimanche,19:45,75,75115,48.849415,2.303793,2,2,3,4,2,4,2,2,1,1,,-1,2,0,1,1,1,19,5,2,,0,2,8,15,202000035378A01,2,17,1,200054781
202000035394,2020-10-28,2020,octobre,mercredi,14:00,75,75108,48.866065,2.320974,2,7,3,1,8,4,4,8,1,2,,-1,1,0,1,4,2,58,1,2,,0,2,8,1,202000035394B01,37,17,1,200054781
202000035403,2020-09-27,2020,septembre,dimanche,02:20,75,75103,48.86443,2.351517,2,2,3,5,2,4,1,4,1,1,,-1,2,-1,5,4,1,27,5,2,,0,2,1,1,202000035403B01,7,15,1,200054781
202000035413,2020-10-25,2020,octobre,dimanche,14:50,75,75107,48.858612,2.292878,2,1,7,1,2,4,-1,2,1,1,,-1,2,-1,5,4,1,21,5,2,,0,0,8,1,202000035413A01,,,,200054781
202000035419,2020-10-28,2020,octobre,mercredi,18:45,75,75101,48.860434,2.342324,2,2,6,3,1,4,1,1,1,1,,-1,1,-1,5,4,2,55,9,2,,14,0,0,17,202000035419A01,,,,200054781
202000035424,2020-06-01,2020,juin,lundi,09:00,60,60346,49.153359,2.429191,2,6,1,1,1,4,1,1,1,2,,-1,1,0,1,4,1,71,3,2,,0,2,7,1,202000035424B01,7,9,1,246000764
202000035465,2020-12-10,2020,décembre,jeudi,12:50,75,75112,48.845873,2.367671,2,2,3,1,1,4,1,3,2,1,,-1,1,-1,5,4,1,68,1,2,,0,2,1,1,202000035465B01,80,1,1,200054781
202000035479,2020-12-10,2020,décembre,jeudi,07:55,75,75111,48.866345,2.368856,2,2,3,2,1,4,2,4,1,1,,-1,1,0,1,4,1,62,9,1,2,0,2,3,1,202000035479A01,30,1,1,200054781
202000035485,2020-01-11,2020,janvier,samedi,17:55,78,78398,48.763474,1.825865,1,1,2,3,1,3,2,2,2,1,,-1,1,0,1,3,1,72,5,1,2 / 4,0,0,4,1,202000035485B01,7,0,1,247800618
202000035497,2020-12-10,2020,décembre,jeudi,08:45,75,75109,48.883611,2.349514,2,2,3,2,1,4,4,1,1,1,,-1,1,0,1,4,1,44,1,1,2,0,2,1,1,202000035497B01,10,1,1,200054781
202000035499,2020-12-09,2020,décembre,mercredi,09:20,75,75109,48.87594,2.345548,2,2,3,1,1,4,1,2,1,1,,-1,1,0,1,1,2,42,9,2,,0,2,1,1,202000035499B01,1,1,1,200054781
202000035499,2020-12-09,2020,décembre,mercredi,09:20,75,75109,48.87594,2.345548,2,2,3,1,1,4,1,2,1,1,,-1,1,0,1,4,1,54,9,2,,0,2,8,1,202000035499A01,1,1,1,200054781
202000035546,2020-10-28,2020,octobre,mercredi,19:05,74,74026,45.960555,6.034992,1,1,3,3,2,3,2,2,1,1,,-1,2,0,1,3,2,23,0,2,,0,0,0,2,202000035546A01,0,2,1,247400567
202000035598,2020-10-29,2020,octobre,jeudi,17:50,03,03166,46.1287166,3.1671713,1,1,2,3,1,3,2,2,2,1,,-1,1,0,1,3,1,50,5,1,2,0,2,4,1,202000035598B01,7,1,1,200071389
202000035614,2020-10-29,2020,octobre,jeudi,08:25,64,64145,43.194074,-0.271772,2,9,3,1,1,3,2,2,1,1,,-1,1,9,1,4,1,49,5,1,2 / 9,0,2,8,1,202000035614B01,13,17,1,246401756
202000035621,2020-01-11,2020,janvier,samedi,15:30,75,75116,48.8632061,2.2961761,2,3,4,1,1,4,2,4,1,1,,-1,1,-1,6,4,1,49,5,1,2,0,2,1,7,202000035621C01,7 / 33,16 / 18,2,200054781
202000035623,2020-01-10,2020,janvier,vendredi,08:10,75,75116,48.8769984,2.2769237,2,4,3,1,8,4,2,2,1,1,,7,2,-1,5,4,1,69,1,2,,0,2,7,19,202000035623B01,7,1,1,200054781
202000035641,2020-01-11,2020,janvier,samedi,02:25,75,75112,48.8500131,2.3705201,2,1,3,5,1,4,2,3,1,1,,-1,1,0,1,4,1,29,5,1,2,0,2,1,13,202000035641A01,7,1,1,200054781
202000035677,2020-12-07,2020,décembre,lundi,08:00,974,97422,-21.248467,55.525275,1,9,6,1,1,2,3,2,1,1,,-1,1,6,1,3,1,13,2,2,,0,2,1,2,202000035677A01,,,,249740085
202000035680,2020-05-30,2020,mai,samedi,14:50,75,75114,48.8236447,2.3256404,2,1,3,1,1,4,2,5,1,1,,-1,1,-1,5,4,1,57,9,1,2,0,2,1,1,202000035680B01,7,16,1,200054781
202000035683,2020-01-11,2020,janvier,samedi,17:35,75,75104,48.8602203,2.3491686,2,1,7,2,1,4,2,4,1,1,,-1,1,0,1,4,2,30,9,1,2,0,0,0,1,202000035683A01,,,,200054781
202000035685,2020-05-30,2020,mai,samedi,13:00,75,75114,48.8223779,2.3291271,2,3,3,1,1,4,3,2,1,1,,-1,1,0,1,4,2,22,5,1,2,0,2,1,1,202000035685B01,7,22,1,200054781
202000035693,2020-05-30,2020,mai,samedi,14:35,75,75110,48.8710682,2.3611258,2,7,6,1,1,4,2,2,1,1,,-1,1,-1,5,1,2,18,5,1,2,0,1,2,1,202000035693A01,,,,200054781
202000035703,2020-05-30,2020,mai,samedi,09:10,75,75110,48.8736396,2.3750159,2,2,3,1,1,4,3,3,1,1,,-1,1,-1,5,4,2,39,4,1,2,0,2,0,1,202000035703B01,10,16,1,200054781
202000035729,2020-05-30,2020,mai,samedi,20:30,75,75101,48.8601128,2.3333437,2,2,3,1,1,4,1,4,1,1,,-1,1,0,1,4,1,74,5,1,2,0,2,1,1,202000035729B01,30,1,1,200054781
202000035732,2020-05-27,2020,mai,mercredi,21:00,75,75104,48.8536186,2.3690504,2,7,3,2,1,4,2,6,1,1,,-1,1,-1,5,4,1,36,5,1,2,0,2,1,1,202000035732B01,7,22,1,200054781
202000035752,2020-01-12,2020,janvier,dimanche,11:30,83,83085,43.496053,6.521522,1,1,-1,1,1,3,2,2,2,3,,4,1,0,1,3,1,77,5,1,2,0,2,1,1,202000035752B01,7,26,1,248300493
202000035776,2020-12-07,2020,décembre,lundi,08:45,78,78196,48.860773,1.968967,1,1,2,1,1,3,2,2,1,1,,-1,1,0,1,3,2,51,1,1,2 / 6,0,0,4,26,202000035776B01,7,21,1,200034130
202000035787,2020-11-04,2020,novembre,mercredi,14:55,21,21515,47.3205983,5.1243902,1,3,3,1,8,3,2,2,1,2,,6.9,1,0,1,4,1,71,5,1,2,0,2,8,0,202000035787B01,7,1,1,242100410
202000035794,2020-05-31,2020,mai,dimanche,11:25,01,01105,45.90471,4.877285,1,1,2,1,1,3,2,2,1,1,,-1,1,0,1,4,1,33,5,1,2,0,2,4,2,202000035794B01,7,1,1,200042497
202000035802,2020-05-29,2020,mai,vendredi,09:58,31,31389,43.632899,1.520107,1,9,1,1,1,3,2,2,1,3,,-1,1,5,1,3,1,54,5,1,2,0,2,1,1,202000035802B01,7,15,1,243100518
202000035821,2020-05-31,2020,mai,dimanche,11:40,19,19107,45.1020001,1.3873061,1,1,3,1,1,3,2,2,2,3,,5,1,0,1,3,1,68,5,1,2,13,0,8,2,202000035821B01,15,17,1,200043172
202000035827,2020-01-10,2020,janvier,vendredi,16:10,974,97415,-21.0520726,55.227744,2,3,3,1,1,2,2,2,2,1,,-1,1,0,1,3,1,56,0,2,,1,0,0,21,202000035827B01,7,19,1,249740101
202000035839,2020-01-12,2020,janvier,dimanche,18:45,83,83115,43.3137742,6.663678,1,1,2,2,1,3,2,2,2,1,,-1,1,0,1,2,1,61,1,2,,0,0,4,2,202000035839B01,7,2,1,200036077
202000035842,2020-01-11,2020,janvier,samedi,10:20,13,13042,43.297411,5.623603,2,6,3,1,1,3,2,2,1,1,,-1,1,0,1,3,1,58,5,1,2 / 6,0,2,7,1,202000035842B01,7,1,1,200054807
202000035856,2020-01-11,2020,janvier,samedi,16:15,31,31420,43.492061,1.403743,1,6,3,1,7,3,-1,1,1,1,,3,1,0,1,3,1,83,5,1,2,0,0,5,15,202000035856B01,7,9,1,200068641
202000035884,2020-05-30,2020,mai,samedi,19:30,45,45062,47.9887639,1.8823745,2,1,6,1,1,3,2,2,1,1,,-1,1,0,1,3,1,13,5,2,,8,0,1,0,202000035884A01,,,,200035764
202000035886,2020-05-31,2020,mai,dimanche,19:30,48,48034,44.382589,3.280948,1,1,7,1,1,3,3,2,1,1,,-1,1,0,1,4,1,17,5,1,2,0,0,9,1,202000035886A01,,,,200069268
202000035916,2020-01-10,2020,janvier,vendredi,17:55,75,75106,48.8455844,2.328646,2,2,3,5,2,4,3,2,1,1,,-1,2,0,1,4,2,34,9,1,2,0,2,1,1,202000035916A01,7,15,1,200054781
202000035935,2020-01-10,2020,janvier,vendredi,11:00,75,75115,48.834727,2.2827659,2,1,7,1,8,4,3,2,1,1,,-1,2,-1,5,4,1,34,5,1,2,0,0,1,12,202000035935A01,,,,200054781
202000035943,2020-01-09,2020,janvier,jeudi,17:40,75,75112,48.8334763,2.4021119,2,2,3,2,2,4,3,2,1,1,,-1,2,0,1,4,2,47,9,1,2,0,2,7,19,202000035943B01,30,1,1,200054781
202000035980,2020-12-09,2020,décembre,mercredi,08:45,75,75112,48.847998,2.371433,2,2,3,1,1,4,2,3,1,1,,-1,1,-1,6,4,2,28,1,2,,0,2,8,19,202000035980B01,7,8,1,200054781
202000035981,2020-12-09,2020,décembre,mercredi,09:20,75,75107,48.858112,2.326845,2,1,3,1,1,4,2,2,1,1,,-1,1,8,1,4,1,55,1,2,,0,2,1,1,202000035981B01,7,22,1,200054781
202000035982,2020-12-09,2020,décembre,mercredi,20:00,75,75104,48.848936,2.364521,2,2,3,5,1,4,1,2,1,1,,-1,1,-1,5,4,1,58,1,2,,0,2,1,19,202000035982A01,7,15,1,200054781
202000035988,2020-07-03,2020,juillet,vendredi,21:00,02,02238,49.610985,3.510129,2,3,3,1,1,3,2,2,1,1,,-1,1,0,1,3,1,11,5,2,,0,2,8,15,202000035988A01,7,1,1,200043495
202000036007,2020-07-03,2020,juillet,vendredi,19:40,70,70528,47.419972,5.703223,2,1,2,1,1,4,2,1,1,1,,-1,1,0,1,4,1,12,5,1,2,0,2,4,2,202000036007B01,7,2,1,200036549
202000036018,2020-07-04,2020,juillet,samedi,13:00,60,60065,49.339934,2.209963,1,1,3,1,2,4,-1,2,1,2,,-1,2,0,1,3,1,58,5,1,2 / 9,0,2,0,13,202000036018B01,7,13,1,200067973
202000036103,2020-07-02,2020,juillet,jeudi,12:35,75,75105,48.84112,2.35263,2,2,3,1,1,4,2,2,1,1,,-1,1,0,1,4,2,61,3,1,2,0,2,4,1,202000036103A01,30,1,1,200054781
202000036104,2020-07-01,2020,juillet,mercredi,09:10,75,75105,48.839043,2.356139,2,1,1,1,1,4,2,2,2,1,,-1,1,-1,5,4,1,41,1,1,2,0,2,1,1,202000036104B01,1,5,1,200054781
202000036104,2020-07-01,2020,juillet,mercredi,09:10,75,75105,48.839043,2.356139,2,1,1,1,1,4,2,2,2,1,,-1,1,-1,5,4,2,24,1,2,,0,2,1,5,202000036104A01,1,1,1,200054781
202000036105,2020-07-02,2020,juillet,jeudi,19:10,75,75118,48.890137,2.360631,2,1,6,1,1,4,2,2,1,1,,-1,1,-1,5,1,1,35,9,1,2,0,1,8,1,202000036105A01,,,,200054781
202000036109,2020-07-01,2020,juillet,mercredi,17:45,75,75114,48.831657,2.330199,2,1,7,1,3,4,2,5,1,1,,-1,2,-1,5,4,1,50,5,1,2,0,0,0,1,202000036109A01,,,,200054781
202000036110,2020-07-02,2020,juillet,jeudi,17:40,75,75113,48.828316,2.356615,2,3,2,1,1,4,2,4,1,1,,-1,1,-1,5,4,1,42,1,1,2,0,2,1,1,202000036110B01,7,4,1,200054781
202000036143,2020-07-02,2020,juillet,jeudi,15:30,47,47191,44.475946,0.107664,1,2,3,1,1,3,2,2,1,1,,-1,1,0,1,4,1,56,5,1,2,0,2,8,1,202000036143B01,7,1,1,200030674
202000036150,2020-07-03,2020,juillet,vendredi,10:15,42,42097,45.488659,4.329541,1,3,3,1,1,3,2,2,1,1,,10.5,1,0,1,3,1,58,5,1,2,0,2,3,1,202000036150B01,7,15,1,244200770
202000036156,2020-07-03,2020,juillet,vendredi,11:00,64,64037,43.337807,-0.518855,1,1,7,1,1,3,2,2,3,1,,4,1,0,1,2,1,67,5,1,2,0,0,0,1,202000036156A01,,,,200067254