Num_Acc,date,an,mois,jour,hrmn,dep,com,lat,long,agg,int,col,lum,atm,catr,circ,nbv,prof,plan,lartpc,larrout,surf,infra,situ,grav,sexe,age,trajet,secuexist,equipement,obs,obsm,choc,manv,vehiculeid,typevehicules,manoeuvehicules,numVehicules,_infos_commune.code_epci
202000036174,2020-07-01,2020,juillet,mercredi,14:30,13,13027,43.8828,4.862507,2,6,1,1,1,3,1,2,1,1,,-1,1,0,6,4,1,14,5,2,,0,0,8,19,202000036174B01,10,16,1,200035087
202000036175,2020-07-02,2020,juillet,jeudi,17:40,67,67127,48.5732465,7.5390101,1,1,2,1,1,3,2,2,3,3,,-1,1,0,1,4,1,45,5,1,2,0,2,6,2,202000036175B01,7,2,1,246701064
202000036179,2020-07-03,2020,juillet,vendredi,08:15,38,38540,45.27343,5.61519,2,1,1,1,1,4,2,2,2,3,,-1,1,0,1,3,1,14,0,1,2,0,2,1,1,202000036179B01,7,1,1,200040715
202000036214,2020-03-15,2020,mars,dimanche,17:10,27,27375,49.2231,1.173,2,2,3,1,1,4,2,0,1,1,,-1,1,5,1,3,2,41,5,1,2,0,2,0,0,202000036214B01,7,1,1,200089456
202000036219,2020-03-15,2020,mars,dimanche,01:12,75,75105,48.8513851,2.343196,2,2,3,5,1,4,1,4,2,1,,-1,1,-1,6,4,1,21,5,1,2,0,2,8,7,202000036219B01,7,16,1,200054781
202000036222,2020-03-15,2020,mars,dimanche,21:00,75,75119,48.885173,2.37937,2,3,3,5,1,4,2,6,1,1,,-1,1,0,1,4,1,22,9,1,2,0,2,3,15,202000036222A01,7,1,1,200054781
202000036327,2020-03-13,2020,mars,vendredi,04:10,75,75119,48.876397,2.378883,2,1,6,5,1,4,2,2,2,1,,-1,1,0,1,3,1,31,5,2,,1,0,1,14,202000036327A01,,,,200054781
202000036328,2020-03-14,2020,mars,samedi,15:05,75,75114,48.840524,2.324277,2,4,2,1,8,4,2,2,1,1,,-1,2,0,1,4,1,20,9,1,2,0,2,1,2,202000036328B01,7,23,1,200054781
202000036362,2020-03-13,2020,mars,vendredi,16:40,15,15215,44.958755,2.477181,1,1,2,1,7,3,2,2,2,1,,5,1,0,5,3,1,79,5,1,2,1,0,1,26,202000036362B01,7,24,1,241500230
202000036364,2020-03-15,2020,mars,dimanche,10:15,01,01001,46.150052,4.922782,2,1,3,1,1,4,2,2,1,1,,4,1,0,1,4,1,11,5,1,2,0,2,1,19,202000036364B01,7,1,1,200069193
202000036414,2020-09-01,2020,septembre,mardi,21:30,13,13117,43.446358,5.239831,1,1,2,3,1,3,2,3,2,1,,-1,1,0,1,4,1,20,1,2,,0,2,4,2,202000036414B01,7,2,1,200054807
202000036428,2020-08-31,2020,août,lundi,16:35,75,75117,48.879433,2.290838,2,7,2,1,1,4,2,4,1,1,,-1,1,0,1,4,1,16,2,1,2,0,2,1,2,202000036428A01,13,23,1,200054781
202000036469,2020-09-02,2020,septembre,mercredi,10:40,47,47138,44.293015,0.75237,1,3,3,1,1,4,2,2,1,1,,-1,1,0,1,4,1,11,5,1,2,0,2,1,13,202000036469A01,10,1,1,200023307
202000036483,2020-09-01,2020,septembre,mardi,08:15,21,21633,47.32621,4.457365,1,1,2,1,7,3,2,2,1,1,,-1,1,0,1,4,2,48,1,2,,0,0,4,2,202000036483B01,7,2,1,200071017
202000036503,2020-08-30,2020,août,dimanche,09:30,33,33498,44.56707,-0.79554,1,1,3,1,1,3,2,2,1,1,,-1,1,0,1,3,1,39,5,1,2,0,2,8,1,202000036503B01,7,14,1,243301405
202000036551,2020-02-24,2020,février,lundi,13:15,75,75117,48.896247,2.318671,2,1,6,1,1,4,-1,2,1,1,,-1,1,6,4,1,1,23,1,1,2,0,1,2,25,202000036551A01,,,,200054781
202000036604,2020-02-06,2020,février,jeudi,16:00,56,56177,47.764495,-3.000024,1,1,2,1,1,3,2,2,1,1,,-1,1,0,1,3,1,74,5,1,2,0,2,4,2,202000036604B01,7,2,1,200043123
202000036605,2020-02-08,2020,février,samedi,18:30,59,59282,50.815463,2.481952,1,1,3,5,1,3,2,2,2,1,,-1,1,0,1,3,1,60,5,1,2 / 4 / 9,0,0,8,2,202000036605B01,7,2,1,200040947
202000036641,2020-02-12,2020,février,mercredi,04:30,987,98734,-17.723379,-149.50573,2,1,1,5,1,2,2,2,1,1,,-1,2,0,1,2,1,51,1,2,,0,2,4,13,202000036641B01,7,2,1,
202000036646,2020-02-12,2020,février,mercredi,06:40,973,97309,4.917736,-52.277219,2,3,1,1,1,3,2,2,1,1,,-1,1,0,5,3,1,24,0,2,,0,2,1,5,202000036646B01,7,16,1,249730045
202000036662,2020-02-08,2020,février,samedi,09:30,83,83115,43.300587,6.625485,2,6,3,1,1,3,2,2,1,1,,5.5,1,5,1,3,1,80,5,1,2,0,2,7,1,202000036662B01,7,9,1,200036077
202000036676,2020-02-12,2020,février,mercredi,16:00,01,01342,45.894025,5.050177,2,1,5,1,1,3,2,2,2,1,,-1,1,0,1,4,1,17,5,1,2,0,2,2,1,202000036676C01,7,20,1,240100610
202000036676,2020-02-12,2020,février,mercredi,16:00,01,01342,45.894025,5.050177,2,1,5,1,1,3,2,2,2,1,,-1,1,0,1,4,1,16,5,1,2,0,2,2,1,202000036676B01,7,20,1,240100610
202000036726,2020-02-10,2020,février,lundi,07:20,66,66136,42.69286,2.8859,2,3,3,5,1,4,2,2,1,1,,-1,1,0,1,4,1,62,1,1,2,0,2,1,16,202000036726B01,7,1,1,200027183
202000036755,2020-01-10,2020,janvier,vendredi,02:30,75,75109,48.879673,2.349531,2,5,2,5,2,4,2,2,4,1,,5,2,5,1,4,1,32,9,1,2,0,2,1,2,202000036755A01,7,23,1,200054781
202000036758,2020-01-10,2020,janvier,vendredi,02:40,75,75104,48.8595129,2.3487702,2,2,2,5,2,4,1,4,1,1,,12,2,-1,6,4,1,30,5,1,2,0,2,1,2,202000036758A01,7,23,1,200054781
202000036813,2020-01-11,2020,janvier,samedi,11:50,04,04166,43.8154557,6.0947581,2,3,3,1,1,3,2,2,4,1,,-1,1,0,1,4,1,24,5,1,2,0,2,8,1,202000036813B01,7,15,1,200034700
202000036826,2020-01-10,2020,janvier,vendredi,18:20,29,29042,48.282293,-4.506369,1,1,2,3,1,3,2,2,1,1,,-1,1,0,1,3,1,20,5,2,,0,0,4,2,202000036826B01,7,2,1,200066868
202000036887,2020-05-29,2020,mai,vendredi,15:00,35,35047,48.0620644,-1.7553678,1,6,2,1,1,3,2,2,1,1,,-1,1,0,1,4,1,56,5,1,2,0,0,4,2,202000036887B01,7,2,1,243500139
202000036907,2020-01-09,2020,janvier,jeudi,08:00,34,34172,43.58746,3.87206,2,4,3,1,1,4,2,3,1,2,,-1,1,5,5,4,1,43,1,2,,0,2,4,1,202000036907B01,10,15,1,243400017
202000036912,2020-01-08,2020,janvier,mercredi,07:20,29,29019,48.4019632,-4.50257,2,6,3,5,2,3,-1,4,1,1,,-1,2,0,1,4,1,36,1,1,2,0,2,7,1,202000036912B01,7,0,1,242900314
202000036952,2020-01-09,2020,janvier,jeudi,19:30,75,75105,48.8523546,2.3482643,2,2,6,5,2,4,2,3,1,1,,10.5,2,-1,5,1,1,53,1,1,2,0,1,4,1,202000036952A01,,,,200054781
202000036965,2020-01-08,2020,janvier,mercredi,18:55,75,75115,48.84858,2.29056,2,1,5,5,1,4,2,2,1,1,,5,1,-1,5,4,1,55,1,1,2,0,2,7,1,202000036965B01,7,23 / 9,2,200054781
202000036967,2020-01-08,2020,janvier,mercredi,09:40,75,75115,48.848721,2.285218,2,3,3,1,1,4,2,1,1,1,,3,1,0,1,4,1,37,1,1,2,0,2,7,1,202000036967A01,7,15,1,200054781
202000036972,2020-01-09,2020,janvier,jeudi,08:00,75,75113,48.8333963,2.3542124,2,2,6,5,8,4,2,4,2,1,,12,2,-1,6,1,1,25,1,1,2,0,1,1,7,202000036972A01,,,,200054781
202000036981,2020-01-09,2020,janvier,jeudi,20:00,75,75101,48.864392,2.3301088,2,3,6,5,1,4,2,1,1,1,,3,1,-1,5,1,2,50,9,1,2,0,1,1,1,202000036981A01,,,,200054781
202000037046,2020-05-29,2020,mai,vendredi,08:55,75,75118,48.8987158,2.3703678,2,2,3,1,1,4,2,2,1,1,,-1,1,0,1,4,1,47,1,1,2,0,4,6,1,202000037046B01,40,1,1,200054781
202000037054,2020-05-28,2020,mai,jeudi,14:05,75,75112,48.84663,2.380548,2,1,2,1,1,4,2,3,1,1,,-1,1,0,1,4,1,31,5,2,,0,2,1,1,202000037054A01,7,23,1,200054781
202000037055,2020-05-29,2020,mai,vendredi,20:15,75,75110,48.8815943,2.3657459,2,2,3,1,1,4,2,3,1,1,,-1,1,0,1,4,1,43,1,1,2,0,2,1,1,202000037055B01,10,15,1,200054781
202000037056,2020-05-29,2020,mai,vendredi,13:40,75,75110,48.8754819,2.3578143,2,2,3,1,1,4,2,6,1,1,,-1,1,-1,5,4,1,35,9,1,2,0,2,8,1,202000037056B01,7,1,1,200054781
202000037058,2020-05-17,2020,mai,dimanche,17:20,75,75107,48.859657,2.301339,2,5,3,1,1,4,-1,2,1,1,,-1,1,0,1,1,2,54,9,2,,0,2,1,1,202000037058A01,1,1,1,200054781
202000037058,2020-05-17,2020,mai,dimanche,17:20,75,75107,48.859657,2.301339,2,5,3,1,1,4,-1,2,1,1,,-1,1,0,1,4,2,60,9,2,,0,2,4,1,202000037058B01,1,1,1,200054781
202000037060,2020-05-29,2020,mai,vendredi,13:17,75,75103,48.865913,2.358118,2,2,6,1,1,4,2,4,1,1,,-1,1,-1,5,1,1,28,1,1,2,0,1,1,1,202000037060A01,,,,200054781
202000037061,2020-05-29,2020,mai,vendredi,15:35,75,75104,48.85363,2.3670502,2,1,6,1,1,4,2,4,1,1,,-1,1,-1,5,4,1,58,5,1,2,15,0,1,13,202000037061A01,,,,200054781
202000037108,2020-05-30,2020,mai,samedi,18:20,31,31224,43.060987,0.592232,1,5,3,1,1,4,2,2,1,1,,-1,1,0,1,3,1,52,5,1,2 / 6 / 4,0,2,8,1,202000037108B01,7,19,1,200072635
202000037123,2020-05-30,2020,mai,samedi,15:15,88,88302,47.917687,6.792882,1,1,2,1,1,3,2,2,2,1,,-1,1,0,3,2,1,67,5,1,2,0,0,4,2,202000037123B01,7,2,1,200033868
202000037126,2020-05-27,2020,mai,mercredi,09:55,78,78356,48.723217,2.089661,2,2,3,1,1,3,2,2,1,1,,-1,1,0,1,3,2,61,0,2,,0,0,1,1,202000037126B01,7,15,1,200058782
202000037172,2020-07-29,2020,juillet,mercredi,09:55,75,75116,48.849099,2.27655,2,4,3,1,1,4,1,1,1,1,,-1,1,0,1,4,1,27,1,1,2,0,2,6,11,202000037172A01,33,1,1,200054781
202000037175,2020-07-30,2020,juillet,jeudi,18:30,75,75106,48.843624,2.324642,2,3,3,1,1,4,3,6,1,1,,-1,1,0,1,4,2,56,9,2,,0,2,6,11,202000037175B01,33,1,1,200054781
202000037182,2020-07-30,2020,juillet,jeudi,17:00,75,75111,48.848821,2.392994,2,4,3,1,1,4,2,4,1,1,,-1,1,-1,5,4,1,19,1,2,,0,2,0,1,202000037182B01,7,15,1,200054781
202000037216,2020-07-30,2020,juillet,jeudi,18:47,68,68112,47.901973,7.232308,2,1,3,1,1,3,2,2,1,1,,-1,1,0,1,4,1,14,5,2,,0,2,7,15,202000037216A01,33,26,1,246800569
202000037239,2020-07-31,2020,juillet,vendredi,10:00,80,80758,49.726255,2.416992,1,2,3,1,1,3,2,2,1,1,,-1,1,0,1,4,1,45,5,1,2 / 6,0,2,1,1,202000037239B01,7,19,1,200070969
202000037249,2020-07-30,2020,juillet,jeudi,18:05,11,11272,43.1733382,2.388644,2,4,3,1,1,3,3,2,1,1,,-1,1,0,1,3,1,46,0,1,2,0,2,8,1,202000037249B01,7,15,1,200035715
202000037284,2020-07-31,2020,juillet,vendredi,09:10,07,07185,45.137856,4.6452,1,1,3,1,1,3,-1,2,1,1,,-1,1,0,1,3,1,61,5,1,2,0,2,3,0,202000037284A01,7,2,1,240700716
202000037316,2020-07-31,2020,juillet,vendredi,16:20,976,97608,-12.789108,45.279847,2,1,1,1,1,3,2,2,2,1,,-1,1,0,1,4,1,22,0,2,,0,2,0,26,202000037316B01,7,1,1,200050532
202000037316,2020-07-31,2020,juillet,vendredi,16:20,976,97608,-12.789108,45.279847,2,1,1,1,1,3,2,2,2,1,,-1,1,0,1,4,1,17,0,2,,0,2,0,26,202000037316B01,7,1,1,200050532
202000037321,2020-07-26,2020,juillet,dimanche,07:00,28,28371,48.845189,1.394792,1,1,2,1,7,3,2,2,1,1,,-1,1,0,1,3,2,20,1,2,,0,2,4,1,202000037321A01,7,1,1,200040277
202000037324,2020-09-25,2020,septembre,vendredi,11:00,41,41214,47.925754,1.207187,2,3,3,1,8,3,2,2,1,1,,-1,1,0,1,4,1,64,5,1,2,0,2,8,1,202000037324B01,7,15,1,200040772
202000037367,2020-09-26,2020,septembre,samedi,17:50,36,36192,46.6333995,1.4276193,2,6,3,1,1,3,2,2,2,3,,-1,1,0,1,2,1,71,5,2,,0,2,5,0,202000037367B01,7,1,1,200068872
202000037368,2020-09-27,2020,septembre,dimanche,15:30,40,40312,43.546774,-1.46082,2,1,3,1,1,3,3,2,4,1,,-1,1,0,6,4,2,14,5,2,,0,2,7,6,202000037368B01,7,1,1,244000659
202000037373,2020-09-26,2020,septembre,samedi,14:15,17,17187,45.440501,-0.51352,2,3,3,1,8,3,2,2,1,1,,-1,2,0,1,4,1,16,5,2,,0,2,1,1,202000037373B01,7,1,1,200041523
202000037489,2020-10-26,2020,octobre,lundi,18:52,63,63113,45.77623,3.09711,2,1,3,1,1,4,-1,2,1,1,,-1,1,0,1,4,1,27,1,2,,0,2,0,26,202000037489A01,7,1,1,246300701
202000037542,2020-10-27,2020,octobre,mardi,23:34,29,29232,47.9880347,-4.1066001,2,1,7,5,1,4,2,2,2,1,,-1,2,0,1,3,1,17,1,2,,12,0,0,1,202000037542A01,,,,200068120
202000037628,2020-09-23,2020,septembre,mercredi,08:26,29,29019,48.4007433,-4.4997479,2,6,3,1,1,4,2,-1,1,1,,-1,1,0,1,4,2,19,0,1,2,0,2,2,1,202000037628B01,7,9,1,242900314
202000037710,2020-10-27,2020,octobre,mardi,12:00,75,75110,48.869097,2.368342,2,1,3,1,2,4,1,2,2,1,,-1,2,-1,6,4,1,33,1,1,2,0,2,3,7,202000037710B01,10,10,1,200054781
202000037712,2020-12-08,2020,décembre,mardi,17:40,75,75111,48.865034,2.375777,2,1,6,5,1,4,1,2,1,1,,-1,1,-1,5,1,1,26,5,1,2,0,1,1,1,202000037712A01,,,,200054781
202000037727,2020-10-27,2020,octobre,mardi,12:20,75,75109,48.878042,2.328912,2,1,6,1,2,4,1,2,1,1,,-1,2,0,1,1,1,24,9,1,2,0,1,1,5,202000037727A01,,,,200054781
202000037729,2020-12-08,2020,décembre,mardi,16:30,75,75104,48.854787,2.362441,2,3,1,1,1,4,2,4,1,1,,-1,1,-1,5,4,2,29,1,2,,0,2,1,1,202000037729B01,1,13,1,200054781
202000037729,2020-12-08,2020,décembre,mardi,16:30,75,75104,48.854787,2.362441,2,3,1,1,1,4,2,4,1,1,,-1,1,-1,5,1,2,29,3,2,,0,2,1,13,202000037729A01,1,1,1,200054781
202000037730,2020-09-26,2020,septembre,samedi,20:55,75,75116,48.851471,2.278247,2,2,3,5,2,4,2,2,1,1,,-1,2,0,1,4,1,25,1,2,,0,2,7,1,202000037730B01,7,22,1,200054781
202000037731,2020-10-26,2020,octobre,lundi,15:13,75,75108,48.865843,2.319885,2,7,3,1,1,4,1,4,1,1,,-1,1,0,1,4,2,47,5,1,2,0,2,2,1,202000037731A01,7,16,1,200054781
202000037820,2020-09-26,2020,septembre,samedi,20:15,01,01419,46.23761,6.005144,1,1,2,3,2,3,2,2,2,1,,-1,2,0,1,4,1,51,5,1,2,0,2,6,1,202000037820A01,7,1,1,240100750
202000037847,2020-07-01,2020,juillet,mercredi,10:00,75,75119,48.88387,2.374383,2,1,-1,1,1,4,2,4,1,1,,-1,1,-1,5,4,2,37,9,2,,0,2,7,1,202000037847B01,7,22,1,200054781
202000037854,2020-07-01,2020,juillet,mercredi,09:35,75,75117,48.88353,2.326861,2,3,2,1,1,4,1,3,1,1,,-1,1,0,1,4,1,27,1,2,,0,2,7,1,202000037854A01,1,19,1,200054781
202000037854,2020-07-01,2020,juillet,mercredi,09:35,75,75117,48.88353,2.326861,2,3,2,1,1,4,1,3,1,1,,-1,1,0,1,4,2,52,9,1,2,0,2,8,19,202000037854B01,1,1,1,200054781
202000037855,2020-08-05,2020,août,mercredi,17:50,61,61168,48.589074,-0.365751,2,2,3,1,1,3,3,2,4,1,,-1,1,5,5,3,1,18,5,1,2,0,2,1,1,202000037855B01,7,15,1,200035814
202000037861,2020-06-30,2020,juin,mardi,00:20,75,75114,48.832524,2.332933,2,1,-1,5,1,4,1,1,1,1,,-1,1,0,1,4,2,23,5,2,,0,2,1,14,202000037861A01,31,1,1,200054781
202000037874,2020-09-27,2020,septembre,dimanche,09:38,29,29126,48.5569243,-4.4014374,1,1,6,1,1,4,-1,1,2,4,,-1,1,0,8,4,1,50,5,1,2,13,0,9,0,202000037874A01,,,,242900553
202000037882,2020-10-26,2020,octobre,lundi,08:40,45,45315,47.762414,2.333726,1,2,3,1,1,3,2,2,1,1,,-1,1,0,1,3,1,68,5,1,2,0,2,1,1,202000037882A01,7,19,1,200070100
202000037883,2020-06-30,2020,juin,mardi,19:37,75,75103,48.861985,2.350189,2,3,2,1,1,4,1,3,1,1,,-1,1,-1,6,4,1,47,1,2,,0,2,4,7,202000037883A01,1,7,1,200054781
202000037889,2020-09-27,2020,septembre,dimanche,09:15,50,50403,49.157804,-1.567708,1,1,6,1,1,3,2,2,1,3,,-1,1,0,1,3,1,88,5,1,2 / 6,0,5,2,1,202000037889A01,,,,200067031
202000037939,2020-06-30,2020,juin,mardi,18:20,74,74263,46.333278,6.387786,2,1,3,1,1,3,2,2,1,1,,-1,1,0,8,3,1,71,5,2,,0,2,8,15,202000037939B01,7,1,1,200067551
202000037942,2020-07-01,2020,juillet,mercredi,12:00,57,57193,49.223662,6.214222,2,1,1,1,1,4,2,2,1,1,,-1,1,6,1,4,1,6,5,1,2,0,2,7,19,202000037942B01,7,19,1,200039949
202000037959,2020-07-02,2020,juillet,jeudi,07:45,42,42134,45.682337,4.036837,1,1,2,1,1,3,2,2,1,1,,7,1,0,1,3,1,63,5,1,2,0,2,4,1,202000037959B01,7,17,1,200065886
202000037971,2020-07-01,2020,juillet,mercredi,18:25,68,68207,47.592812,7.465242,2,1,-1,1,1,4,2,2,1,1,,-1,1,0,1,3,1,4,5,2,,0,2,3,26,202000037971B01,7,1,1,200066058
202000038029,2020-07-01,2020,juillet,mercredi,11:45,67,67154,48.375694,7.706067,2,1,7,1,1,4,2,2,1,1,,-1,1,0,1,3,1,13,2,2,,0,0,1,1,202000038029A01,,,,200067924
202000038036,2020-07-01,2020,juillet,mercredi,13:45,74,74080,45.895015,6.42675,2,1,3,1,1,4,2,2,2,2,,-1,1,0,3,3,2,13,5,2,,0,2,2,5,202000038036A01,7,1,1,247400617
202000038043,2020-07-02,2020,juillet,jeudi,19:30,81,81105,43.7615974,2.0136646,2,3,3,1,1,4,1,1,1,1,,-1,1,0,1,3,1,11,5,2,,0,2,1,9,202000038043B01,7,1,1,200066124
202000038045,2020-10-24,2020,octobre,samedi,19:10,74,74012,46.19116,6.25066,2,1,3,5,1,3,1,1,3,1,,-1,1,0,1,4,1,8,5,2,,0,2,0,0,202000038045B01,7,1,1,200011773
202000038125,2020-03-15,2020,mars,dimanche,16:20,64,64067,43.263421,-0.293804,1,1,6,1,1,9,2,2,1,1,,-1,1,0,1,3,1,52,0,2,,0,9,0,0,202000038125A01,,,,246401756
202000038126,2020-03-15,2020,mars,dimanche,09:10,49,49258,47.137483,-1.045611,1,2,3,1,1,3,2,2,1,1,,-1,1,0,1,3,1,58,5,2,,0,2,1,1,202000038126B01,7,1,1,
202000038128,2020-03-15,2020,mars,dimanche,15:15,59,59482,50.7089464,3.0095853,2,1,7,1,1,7,2,2,1,1,,-1,1,0,5,3,1,59,5,1,2,0,0,0,1,202000038128A01,,,,200093201
202000038229,2020-03-12,2020,mars,jeudi,00:21,75,75117,48.890688,2.326652,2,4,1,5,1,4,2,3,2,1,,-1,1,-1,6,3,1,40,5,1,2,0,2,1,13,202000038229A01,7,5,1,200054781
202000038233,2020-03-12,2020,mars,jeudi,20:15,75,75118,48.889506,2.349649,2,2,3,5,1,4,2,6,1,1,,-1,1,-1,5,4,1,28,9,2,,0,2,1,1,202000038233B01,7,16,1,200054781
202000038239,2020-03-13,2020,mars,vendredi,08:59,75,75107,48.859944,2.313102,2,2,3,1,1,4,2,4,1,1,,-1,1,0,5,4,1,33,5,1,2,0,2,1,1,202000038239B01,32,15,1,200054781
202000038240,2020-03-13,2020,mars,vendredi,15:50,75,75104,48.853949,2.364756,2,3,3,1,1,4,2,4,1,1,,-1,1,0,5,4,2,43,9,1,2,0,2,1,1,202000038240B01,7,16,1,200054781
202000038327,2020-08-31,2020,août,lundi,16:45,75,75115,48.840476,2.295725,2,2,3,1,1,4,2,3,1,1,,-1,1,-1,5,4,2,26,1,1,2,0,2,1,1,202000038327B01,7,15,1,200054781
202000038328,2020-08-31,2020,août,lundi,10:35,75,75115,48.838673,2.314574,2,2,3,1,1,4,1,1,1,1,,-1,1,0,1,4,2,60,5,1,2,0,2,1,1,202000038328A01,10,15,1,200054781
202000038355,2020-08-25,2020,août,mardi,11:17,06,06130,43.70909,6.864352,1,1,2,1,1,3,2,2,2,3,,-1,1,0,1,3,1,65,5,1,2,0,9,1,2,202000038355B01,1,2,1,200039857
202000038355,2020-08-25,2020,août,mardi,11:17,06,06130,43.70909,6.864352,1,1,2,1,1,3,2,2,2,3,,-1,1,0,1,3,1,68,5,1,2,0,9,1,2,202000038355A01,1,2,1,200039857
202000038360,2020-08-31,2020,août,lundi,18:50,74,74164,46.104415,6.483221,1,1,7,1,1,3,2,2,2,3,,-1,2,0,3,2,1,40,5,1,2,16,0,0,21,202000038360A01,,,,200000172
202000038361,2020-08-01,2020,août,samedi,15:35,74,74275,45.85154,6.216111,1,3,3,1,1,3,2,2,2,1,,-1,1,0,1,4,1,23,5,1,2,0,2,3,1,202000038361B01,7,15,1,200066793
202000038373,2020-09-01,2020,septembre,mardi,10:50,06,06007,43.607774,6.915513,2,1,3,1,1,3,2,2,1,1,,-1,1,0,1,4,2,45,5,1,2,0,2,8,2,202000038373B01,7,17,1,200039857
202000038376,2020-08-31,2020,août,lundi,15:00,18,18015,47.486381,2.443792,2,1,-1,1,1,3,2,2,1,1,,-1,1,0,3,3,1,14,5,2,,1,0,1,25,202000038376B01,7,24,1,200000933
202000038379,2020-08-30,2020,août,dimanche,06:30,17,17353,45.986437,-1.011257,1,1,1,3,1,4,2,2,2,1,,-1,1,0,1,3,2,54,5,1,9,0,2,1,0,202000038379B01,7,13,1,200041762
202000038399,2020-08-31,2020,août,lundi,08:55,44,44172,47.275047,-1.468582,2,6,3,1,1,7,3,2,1,2,,-1,1,5,1,3,1,29,1,2,,0,2,2,1,202000038399B01,7,9,1,244400404
202000038454,2020-08-29,2020,août,samedi,16:50,92,92025,48.93432,2.255879,2,2,1,1,2,3,2,4,1,1,,-1,2,0,1,4,1,15,5,2,,0,2,2,19,202000038454Y01,7,1,1,200054781
202000038458,2020-08-05,2020,août,mercredi,10:30,24,24442,45.12221,0.495753,2,6,1,1,1,3,1,1,2,2,,-1,1,5,1,4,1,59,5,1,2,0,2,3,23,202000038458A01,7,11,1,200040095
202000038468,2020-08-30,2020,août,dimanche,11:55,63,63040,45.7353958,3.33581,2,1,3,1,1,3,2,2,4,1,,-1,1,0,1,4,1,67,5,1,2,0,2,8,2,202000038468B01,7,2,1,200067627
202000038475,2020-08-29,2020,août,samedi,14:40,29,29168,48.0373539,-4.7141109,1,3,3,1,1,3,1,1,2,1,,-1,1,0,1,4,1,58,5,1,2,0,2,1,5,202000038475A01,7,1,1,242900629
202000038510,2020-02-08,2020,février,samedi,15:35,05,05061,44.54071,6.05715,2,4,3,1,1,2,2,2,2,1,,-1,1,0,1,4,1,26,5,1,2,0,2,7,1,202000038510B01,7,16,1,200067825
202000038517,2020-02-10,2020,février,lundi,14:15,75,75116,48.851344,2.278489,2,7,7,1,2,4,2,2,1,1,,5,2,0,1,4,1,16,5,2,,0,0,0,1,202000038517A01,,,,200054781
202000038577,2020-02-07,2020,février,vendredi,17:00,25,25056,47.24456,5.99303,2,2,3,2,1,3,3,2,1,1,,-1,1,0,1,4,2,21,0,2,,0,2,1,19,202000038577A01,7,1,1,242500361
202000038641,2020-01-09,2020,janvier,jeudi,22:30,38,38133,45.36532,5.62145,1,1,-1,3,2,3,2,2,3,2,,-1,2,0,3,3,1,25,1,1,9 / 9 / 9,0,2,0,0,202000038641B01,7,1,1,243800984
202000038652,2020-01-07,2020,janvier,mardi,15:45,32,32163,43.5853606,0.0288275,1,1,2,1,7,3,2,2,1,1,,-1,1,0,1,3,2,66,0,2,,0,0,0,1,202000038652B01,7,17,1,243200508
202000038662,2020-01-27,2020,janvier,lundi,10:30,68,68166,47.7892,7.31517,2,6,3,1,1,4,2,2,1,1,,-1,1,0,1,4,2,41,5,2,,0,2,1,0,202000038662B01,7,1,1,200066009
202000038678,2020-02-08,2020,février,samedi,05:30,39,39198,47.091967,5.490633,2,1,1,5,1,4,1,2,1,1,,-1,1,0,1,3,1,40,1,2,,0,0,0,1,202000038678B01,7,13,1,200010650
202000038685,2020-01-10,2020,janvier,vendredi,07:35,66,66217,42.61313,2.81037,2,1,-1,1,1,3,2,2,2,1,,-1,2,0,1,3,2,50,1,1,4,0,2,1,1,202000038685B01,7,13,1,246600449
202000038702,2020-02-08,2020,février,samedi,07:30,75,75105,48.85309,2.346843,2,2,3,2,1,4,1,3,1,1,,10.5,1,-1,5,4,1,30,1,2,,0,2,1,1,202000038702A01,7,1,1,200054781
202000038722,2020-02-08,2020,février,samedi,17:50,75,75108,48.877041,2.302762,2,1,3,2,2,4,2,2,2,1,,-1,2,0,1,4,2,39,1,2,,0,2,1,1,202000038722B01,7,10,1,200054781
202000038724,2020-02-08,2020,février,samedi,06:50,75,75108,48.864884,2.321189,2,7,-1,5,8,4,1,8,1,1,,24,1,-1,5,4,1,23,1,2,,0,2,0,1,202000038724A01,7,22,1,200054781
202000038732,2020-01-08,2020,janvier,mercredi,11:55,974,97407,-20.939695,55.303143,1,3,-1,1,1,4,1,1,1,1,,-1,1,9,1,4,1,13,5,2,,0,2,1,9,202000038732B01,7,26,1,249740101
202000038783,2020-01-08,2020,janvier,mercredi,13:50,45,45286,47.8832,1.92258,2,2,3,1,2,4,2,2,1,1,,-1,2,0,1,4,1,55,9,1,2,0,2,1,16,202000038783B01,7,15,1,244500468
202000038785,2020-01-08,2020,janvier,mercredi,11:45,45,45285,47.9062658,1.8746642,2,1,6,1,2,4,-1,0,2,1,,-1,2,0,4,1,1,14,3,2,,0,1,7,25,202000038785A01,,,,244500468
202000038790,2020-01-08,2020,janvier,mercredi,15:05,34,34172,43.6310254,3.8851427,2,3,3,1,1,4,2,2,2,1,,-1,1,0,1,3,2,32,0,1,2,0,2,1,26,202000038790A01,7,15,1,243400017