Num_Acc,date,an,mois,jour,hrmn,dep,com,lat,long,agg,int,col,lum,atm,catr,circ,nbv,prof,plan,lartpc,larrout,surf,infra,situ,grav,sexe,age,trajet,secuexist,equipement,obs,obsm,choc,manv,vehiculeid,typevehicules,manoeuvehicules,numVehicules,_infos_commune.code_epci
202000047124,2020-12-02,2020,décembre,mercredi,18:35,75,75107,48.859943,2.321769,2,2,3,2,1,4,1,4,1,1,,-1,2,-1,6,4,1,71,1,1,2,0,2,3,13,202000047124A01,37,17,1,200054781
202000047128,2020-05-21,2020,mai,jeudi,10:30,29,29060,47.926713,-4.09561,2,1,3,1,1,4,2,2,1,1,,4,1,0,1,3,2,65,5,1,2,0,2,8,2,202000047128B01,7,2,1,242900660
202000047132,2020-08-25,2020,août,mardi,18:00,75,75107,48.858437,2.312531,2,7,3,1,1,4,-1,3,1,1,,-1,1,0,1,4,2,30,9,1,2,0,0,4,1,202000047132B01,7,1,1,200054781
202000047159,2020-08-25,2020,août,mardi,14:35,75,75118,48.897914,2.338986,2,1,-1,1,1,4,1,4,1,1,,-1,1,-1,5,4,1,31,1,2,,0,2,0,17,202000047159B01,7,22,1,200054781
202000047179,2020-07-21,2020,juillet,mardi,08:30,27,27229,49.0227,1.1407,2,3,3,1,1,3,2,2,1,1,,-1,1,0,1,4,1,64,0,1,2 / 4,0,2,3,1,202000047179B01,7,9,1,200071454
202000047184,2020-07-24,2020,juillet,vendredi,07:40,17,17300,46.165188,-1.19274,2,3,3,1,7,4,1,1,1,2,,-1,1,9,1,4,1,18,1,2,,0,2,3,1,202000047184Y01,7,15,1,241700434
202000047193,2020-02-01,2020,février,samedi,22:10,85,85194,46.48338,-1.72415,2,1,2,5,2,3,2,2,2,1,,-1,2,0,1,4,1,44,5,2,,0,2,4,1,202000047193B01,7,1,1,200071165
202000047202,2020-08-25,2020,août,mardi,15:45,75,75112,48.837308,2.391208,2,2,3,1,1,4,2,2,1,1,,-1,1,0,1,4,1,18,5,2,,0,2,7,1,202000047202B01,7,1,1,200054781
202000047204,2020-08-25,2020,août,mardi,16:20,75,75110,48.872308,2.355901,2,2,6,1,1,4,2,5,2,1,,-1,1,-1,5,1,1,40,9,1,2,0,1,1,1,202000047204A01,,,,200054781
202000047229,2020-12-02,2020,décembre,mercredi,07:45,41,41194,47.361414,1.742834,2,1,3,5,2,3,2,2,1,1,,-1,2,0,1,4,1,13,2,1,9,1,0,2,1,202000047229B01,7,22,1,200018406
202000047248,2020-10-20,2020,octobre,mardi,08:49,13,13206,43.289106,5.384114,2,2,2,1,1,4,1,1,1,1,,-1,1,0,1,4,2,30,1,2,,0,2,1,9,202000047248Y01,32,9,1,200054807
202000047259,2020-01-01,2020,janvier,mercredi,16:30,42,42332,46.01592,4.053568,1,1,3,1,7,3,2,2,1,1,,5.5,1,0,1,3,1,40,5,1,2,0,2,8,2,202000047259B01,7,2,1,200035731
202000047306,2020-10-20,2020,octobre,mardi,09:00,75,75119,48.879792,2.370442,2,1,3,1,2,4,1,2,1,1,,-1,2,-1,5,4,2,23,1,1,2,0,2,1,1,202000047306B01,7,16,1,200054781
202000047330,2020-10-20,2020,octobre,mardi,16:40,75,75114,48.837884,2.335799,2,1,3,1,2,4,1,3,1,1,,-1,2,-1,5,4,2,56,9,2,,0,2,1,1,202000047330B01,7,16,1,200054781
202000047335,2020-10-19,2020,octobre,lundi,17:00,75,75112,48.837747,2.382573,2,1,6,1,1,4,1,1,1,1,,-1,1,0,1,4,1,44,5,2,,0,5,7,1,202000047335A01,,,,200054781
202000047342,2020-08-23,2020,août,dimanche,19:35,41,41161,47.544395,2.074034,1,4,3,1,1,3,2,2,1,2,,-1,1,0,1,3,1,6,5,2,,0,2,1,26,202000047342B01,7,1,1,200000800
202000047343,2020-10-20,2020,octobre,mardi,11:30,75,75108,48.878654,2.315241,2,1,7,1,8,4,2,4,1,1,,-1,1,0,1,4,1,35,5,2,,0,0,0,21,202000047343A01,,,,200054781
202000047371,2020-07-24,2020,juillet,vendredi,19:40,75,75120,48.846918,2.415083,2,7,3,1,1,4,1,1,1,1,,-1,1,-1,5,1,1,24,5,1,2,0,2,7,5,202000047371A01,33,16,1,200054781
202000047374,2020-08-26,2020,août,mercredi,13:20,15,15092,45.417025,2.502651,1,1,7,1,1,3,2,2,2,3,,-1,1,0,1,4,1,25,5,2,,0,0,0,1,202000047374A01,,,,241501055
202000047380,2020-07-24,2020,juillet,vendredi,10:00,75,75119,48.888767,2.393068,2,3,3,1,1,4,2,3,1,1,,-1,1,-1,5,4,2,31,1,1,2,0,2,1,1,202000047380B01,7,16,1,200054781
202000047383,2020-07-24,2020,juillet,vendredi,16:39,75,75118,48.888385,2.352641,2,1,6,1,1,4,2,2,1,1,,-1,1,0,1,1,1,31,5,1,2,0,1,8,1,202000047383A01,,,,200054781
202000047387,2020-07-24,2020,juillet,vendredi,11:20,75,75117,48.875089,2.290899,2,1,3,1,1,4,2,8,1,1,,-1,1,-1,5,4,1,59,4,1,2,0,2,0,1,202000047387B01,10,16,1,200054781
202000047397,2020-07-24,2020,juillet,vendredi,22:10,75,75112,48.851436,2.369914,2,3,3,5,1,4,2,6,1,1,,-1,1,-1,6,4,1,21,1,1,2,0,2,1,14,202000047397B01,7,17,1,200054781
202000047399,2020-07-24,2020,juillet,vendredi,15:05,75,75112,48.827255,2.46438,2,7,3,1,1,4,2,4,1,1,,-1,1,0,1,4,2,16,9,1,2,0,2,8,9,202000047399B01,7,1,1,200054781
202000047401,2020-07-23,2020,juillet,jeudi,14:30,75,75112,48.822183,2.454511,2,1,3,1,1,4,2,2,2,1,,-1,1,0,1,4,2,77,5,1,2,0,2,1,1,202000047401B01,7,22,1,200054781
202000047410,2020-12-03,2020,décembre,jeudi,14:30,01,01027,45.833195,5.115037,1,3,3,1,1,3,2,2,1,2,,-1,1,9,1,2,1,77,5,1,2,0,2,8,19,202000047410B01,17,1,1,240100610
202000047412,2020-07-24,2020,juillet,vendredi,14:30,75,75104,48.855238,2.361124,2,3,7,1,8,4,2,4,1,1,,-1,1,-1,5,4,2,46,1,1,2,0,0,0,21,202000047412A01,,,,200054781
202000047422,2020-08-26,2020,août,mercredi,15:50,53,53161,48.140436,-0.555684,2,3,-1,1,1,3,2,2,2,1,,-1,1,0,1,3,1,17,5,1,2 / 9,0,2,1,1,202000047422B01,7,15,1,200033298
202000047425,2020-10-17,2020,octobre,samedi,15:30,47,47015,44.065362,0.649717,2,3,1,1,1,2,2,2,2,1,,-1,1,0,1,4,1,14,5,1,2 / 6 / 9,0,2,1,1,202000047425B01,7,15,1,200096956
202000047441,2020-12-03,2020,décembre,jeudi,08:30,45,45315,47.760413,2.374045,2,2,3,1,8,3,2,2,1,1,,-1,2,0,1,4,1,8,2,1,2,0,2,7,15,202000047441A01,7,1,1,200070100
202000047453,2020-10-20,2020,octobre,mardi,15:45,67,67106,48.757383,7.958061,2,1,-1,1,1,3,2,2,1,1,,-1,1,0,1,4,1,65,3,2,,1,0,1,1,202000047453B01,7,24,1,200041325
202000047475,2020-05-21,2020,mai,jeudi,13:00,75,75119,48.881403,2.380701,2,4,3,1,1,4,2,2,1,1,,-1,1,0,1,4,1,59,9,2,,0,2,1,17,202000047475B01,7,10,1,200054781
202000047513,2020-10-20,2020,octobre,mardi,14:00,47,47325,44.383778,0.298262,1,2,3,1,1,3,2,2,1,1,,-1,1,0,1,2,1,80,5,2,,0,2,8,15,202000047513B01,15,17,1,200030674
202000047531,2020-10-17,2020,octobre,samedi,12:45,06,06079,43.546169,6.943043,2,1,3,1,1,4,2,2,1,1,,-1,1,0,1,3,1,62,0,1,2,0,2,3,1,202000047531A01,7,15,1,200039915
202000047532,2020-10-20,2020,octobre,mardi,17:00,14,14614,49.2082663,-1.025961,2,1,3,1,1,3,2,2,1,1,,-1,1,0,1,4,2,13,5,2,,0,2,3,15,202000047532B01,7,17,1,200066801
202000047542,2020-07-24,2020,juillet,vendredi,17:55,59,59653,50.574332,2.941772,2,3,3,1,1,4,2,2,1,1,,4,1,0,1,3,2,56,5,2,,0,2,1,16,202000047542A01,21,1,1,200093201
202000047547,2020-09-23,2020,septembre,mercredi,17:35,971,97117,16.331136,-61.343912,2,3,3,1,1,4,1,1,1,1,,-1,1,0,5,3,1,59,5,2,,0,2,1,5,202000047547B01,7,15,1,200044691
202000047569,2020-10-20,2020,octobre,mardi,14:55,74,74003,45.899135,6.213678,1,1,3,1,1,3,3,2,1,3,,-1,1,0,1,3,1,68,5,1,2,0,2,8,15,202000047569B01,7,1,1,247400617
202000047590,2020-05-19,2020,mai,mardi,18:50,56,56190,47.9717536,-2.74029,2,3,3,1,7,3,3,2,2,1,,-1,1,0,1,3,1,9,5,1,2,0,2,1,19,202000047590B01,7,21,1,245614433
202000047602,2020-07-25,2020,juillet,samedi,02:30,31,31182,43.6714544,1.400421,1,1,1,5,1,3,2,2,1,2,,-1,1,0,1,2,1,53,5,2,,0,2,1,1,202000047602B01,33,5,1,243100518
202000047617,2020-07-25,2020,juillet,samedi,10:30,70,70115,47.604051,6.313469,1,1,7,1,1,3,2,2,2,1,,-1,1,0,1,3,2,25,5,1,2,0,0,0,0,202000047617A01,,,,200041861
202100000001,2021-11-30,2021,novembre,mardi,07:32,30,30319,44.038958,4.348022,1,1,1,2,1,3,2,2,1,1,,-1,1,0,1,3,1,21,1,1,9,0,2,1,1,202100000001B01,7,17,1,200034379
202100000006,2021-11-23,2021,novembre,mardi,11:10,68,68004,47.614239,7.234336,2,3,2,1,1,4,2,2,1,1,,4,1,0,1,4,1,12,2,2,,0,0,5,1,202100000006B01,7,1,1,200066041
202100000038,2021-09-02,2021,septembre,jeudi,11:00,71,71540,46.766889,4.456624,2,1,2,1,1,4,2,2,1,1,,-1,1,0,1,3,1,20,5,2,,0,2,1,1,202100000038B01,0,17,1,247100290
202100000101,2021-10-21,2021,octobre,jeudi,16:00,90,90071,47.60102,7.006327,1,1,6,1,7,4,-1,1,1,1,,-1,9,6,5,2,1,83,5,1,2,14,0,1,1,202100000101A01,1,1,1,200069052
202100000101,2021-10-21,2021,octobre,jeudi,16:00,90,90071,47.60102,7.006327,1,1,6,1,7,4,-1,1,1,1,,-1,9,6,5,4,1,71,5,1,2,14,0,1,1,202100000101B01,1,1,1,200069052
202100000175,2021-06-30,2021,juin,mercredi,08:30,11,11294,43.05858,2.043908,1,1,7,1,1,3,2,2,2,2,,-1,1,0,1,2,1,67,5,1,2,0,0,8,1,202100000175A01,,,,200071926
202100000181,2021-10-29,2021,octobre,vendredi,18:00,73,73241,45.614975,6.319102,2,3,1,2,7,3,2,2,1,1,,-1,1,2,1,3,2,69,5,2,,0,2,1,1,202100000181B01,7,15,1,200068997
202100000195,2021-12-20,2021,décembre,lundi,07:01,74,74229,46.224829,6.301786,2,8,3,2,1,3,2,2,1,1,,-1,1,4,6,3,1,24,1,1,2,0,4,0,26,202100000195A01,39,1,1,200011773
202100000203,2021-10-18,2021,octobre,lundi,15:37,88,88213,48.339778,7.058394,1,1,7,1,1,3,2,2,2,1,,-1,1,0,1,3,2,77,5,1,2,0,0,8,1,202100000203A01,,,,200071066
202100000226,2021-06-04,2021,juin,vendredi,11:30,73,73065,45.5703281257,5.9167166719,2,3,3,1,8,4,2,2,1,1,,-1,1,-1,5,4,1,61,0,1,2,0,2,1,1,202100000226B01,7,16,1,200069110
202100000349,2021-10-27,2021,octobre,mercredi,11:15,75,75108,48.880491,2.312992,2,3,3,1,1,4,3,6,2,1,,-1,1,-1,5,4,2,28,1,2,,0,2,1,1,202100000349B01,10,22,1,200054781
202100000371,2021-10-25,2021,octobre,lundi,14:34,65,65417,43.223768,0.094108,2,6,3,1,1,3,1,2,1,2,,-1,1,-1,1,4,1,69,5,1,2,1,2,7,1,202100000371B01,7,9,1,200069300
202100000442,2021-09-28,2021,septembre,mardi,12:00,38,38511,45.3528241,5.961199,1,1,1,1,1,3,2,2,1,1,,-1,1,0,1,3,1,20,1,2,,0,2,1,5,202100000442A01,10,1,1,200018166
202100000451,2021-10-05,2021,octobre,mardi,16:30,973,97309,4.877093,-52.297856,1,1,2,1,1,3,2,2,1,1,,-1,1,0,1,3,1,67,1,2,,0,0,4,0,202100000451A01,7,2,1,249730045
202100000559,2021-11-09,2021,novembre,mardi,12:40,65,65440,43.237722,0.041849,1,6,3,1,1,3,1,2,1,2,,-1,1,0,1,3,1,55,3,1,2,0,2,1,1,202100000559B01,7,16,1,200069300
202100000586,2021-12-04,2021,décembre,samedi,09:35,78,78466,48.923944,1.995472,1,6,3,1,1,3,1,2,1,1,,-1,1,0,1,3,1,43,5,1,2,0,2,1,1,202100000586B01,7,9,1,200059889
202100000593,2021-11-08,2021,novembre,lundi,15:27,54,54395,48.6822242291,6.1779042612,2,2,3,1,1,4,2,2,1,1,,-1,1,0,1,4,2,53,0,1,2,0,2,1,1,202100000593B01,7,15,1,245400676
202100000625,2021-12-28,2021,décembre,mardi,16:45,38,38193,45.615767,5.225716,2,6,3,2,2,3,3,0,1,1,,0,2,5,1,4,2,12,5,2,,0,2,8,19,202100000625B01,7,1,1,243800604
202100000660,2021-12-31,2021,décembre,vendredi,15:00,91,91458,48.664593,2.213681,1,1,2,1,1,3,2,2,1,1,,-1,1,0,1,4,1,39,1,1,2,0,0,4,1,202100000660B01,7,1,1,200056232
202100000669,2021-12-31,2021,décembre,vendredi,11:50,68,68007,48.058994,7.429032,1,1,2,1,1,3,2,2,1,1,,-1,1,0,1,3,1,67,5,2,,0,0,4,1,202100000669B01,7,1,1,246800726
202100000706,2021-12-29,2021,décembre,mercredi,18:14,09,09181,43.087018,1.372171,1,1,2,1,1,3,2,2,1,1,,-1,1,0,1,4,1,68,3,1,9,0,0,4,0,202100000706A01,0,0,1,200066223
202100000780,2021-12-31,2021,décembre,vendredi,10:07,75,75119,48.898194,2.386009,2,2,3,1,1,4,1,3,1,1,,-1,1,0,1,4,1,46,9,2,,0,2,1,1,202100000780A01,13,22,1,200054781
202100000868,2021-12-30,2021,décembre,jeudi,12:15,27,27306,49.003824,1.176934,2,6,3,1,1,4,1,1,1,2,,-1,1,5,1,4,1,56,5,1,2 / 4,0,2,2,1,202100000868B01,7,9,1,200071454
202100000888,2021-12-30,2021,décembre,jeudi,07:05,75,75120,48.869612,2.394799,2,1,6,5,1,4,2,2,2,1,,-1,2,0,1,4,2,29,1,2,,0,2,2,1,202100000888B01,10,22,1,200054781
202100000940,2021-12-30,2021,décembre,jeudi,17:00,71,71512,46.6358876566,4.8710922884,2,1,3,1,1,3,2,2,1,1,,-1,1,0,1,3,1,61,3,2,,0,2,8,19,202100000940B01,7,21,1,247103765
202100000945,2021-12-30,2021,décembre,jeudi,16:45,22,22173,48.5431608637,-2.6066163174,1,1,1,2,1,4,2,2,2,1,,3.5,1,0,1,3,1,51,5,1,2,0,2,1,1,202100000945B01,7,15,1,
202100000962,2021-09-21,2021,septembre,mardi,14:25,29,29232,47.978387,-4.128973,1,1,7,1,1,3,3,4,1,1,,-1,1,0,2,2,1,58,5,1,2,0,0,0,1,202100000962A01,,,,200068120
202100000979,2021-12-27,2021,décembre,lundi,16:10,80,80724,49.86092,2.23988,2,1,3,1,1,4,2,2,1,1,,-1,2,0,1,4,1,46,0,1,2,0,2,1,1,202100000979B01,7,15,1,248000531
202100001019,2021-12-28,2021,décembre,mardi,12:24,35,35238,48.10327,-1.7113,2,1,3,1,1,4,2,2,1,1,,-1,1,0,1,4,1,22,1,2,,0,2,4,9,202100001019B01,7,1,1,243500139
202100001063,2021-12-28,2021,décembre,mardi,19:52,75,75110,48.88133,2.364722,2,2,3,5,1,4,2,2,1,1,,-1,2,0,1,4,2,39,9,2,,0,2,7,1,202100001063B01,7,1,1,200054781
202100001100,2021-12-29,2021,décembre,mercredi,11:00,80,80368,50.088556,1.547179,2,1,7,1,3,3,1,2,1,1,,4,2,0,1,4,2,71,5,2,,0,0,1,21,202100001100A01,,,,200070944
202100001107,2021-12-30,2021,décembre,jeudi,10:25,50,50619,49.621182,-1.360658,2,3,6,1,2,3,2,2,2,1,,-1,2,5,3,4,1,20,1,2,,6,0,1,1,202100001107A01,,,,200067205
202100001122,2021-12-30,2021,décembre,jeudi,16:40,16,16232,45.677244,0.265871,1,1,2,1,1,3,2,2,1,1,,-1,1,0,1,1,1,45,5,2,,0,0,4,1,202100001122B01,1,1,1,200071827
202100001122,2021-12-30,2021,décembre,jeudi,16:40,16,16232,45.677244,0.265871,1,1,2,1,1,3,2,2,1,1,,-1,1,0,1,3,1,10,5,1,2,0,2,1,1,202100001122A01,1,1,1,200071827
202100001241,2021-12-27,2021,décembre,lundi,17:45,91,91156,48.550578,2.277448,2,1,3,5,1,3,2,2,1,1,,-1,1,0,8,4,1,12,5,2,,0,2,2,1,202100001241B01,7,15,1,200057859
202100001242,2021-12-29,2021,décembre,mercredi,14:30,13,13014,43.481251,5.176136,2,3,3,1,1,7,3,2,1,1,,-1,1,5,1,4,1,17,9,2,,0,2,1,19,202100001242B01,7,1,1,200054807
202100001293,2021-12-26,2021,décembre,dimanche,20:40,75,75115,48.846759,2.285647,2,2,3,5,2,4,2,2,1,1,,-1,2,0,1,4,1,23,1,2,,0,2,1,1,202100001293A01,7,1,1,200054781
202100001330,2021-12-27,2021,décembre,lundi,11:30,987,98729,-17.478295,-149.779052,2,1,3,1,1,2,2,2,1,1,,-1,1,0,1,3,2,27,5,2,,0,2,3,0,202100001330A01,10,0,1,
202100001331,2021-12-27,2021,décembre,lundi,10:45,987,98729,-17.494944,-149.763275,2,3,3,1,1,2,2,2,4,2,,-1,1,0,5,3,2,23,5,2,,0,2,1,1,202100001331A01,7,23,1,
202100001366,2021-12-23,2021,décembre,jeudi,19:40,91,91103,48.60332,2.30648,2,9,3,5,1,4,2,2,1,1,,-1,1,0,5,4,1,58,0,2,,0,2,3,1,202100001366Y01,7,15,1,200057859
202100001379,2021-12-25,2021,décembre,samedi,15:40,75,75120,48.863162,2.388583,2,1,3,1,2,4,2,3,2,1,,-1,2,-1,5,4,2,49,5,2,,0,2,8,19,202100001379B01,32,1,1,200054781
202100001414,2021-12-27,2021,décembre,lundi,08:03,49,49323,47.49743,-0.49299,1,6,2,2,1,3,3,4,1,1,,-1,2,5,1,4,1,19,1,2,,0,0,4,1,202100001414B01,15,2,1,244900015
202100001495,2021-12-24,2021,décembre,vendredi,18:40,75,75115,48.835613,2.302778,2,4,7,5,2,4,1,1,2,1,,-1,2,-1,5,4,1,84,5,2,,0,0,0,5,202100001495A01,,,,200054781
202100001503,2021-12-19,2021,décembre,dimanche,16:10,75,75102,48.871722,2.34162,2,4,3,1,1,4,2,5,1,1,,-1,1,-1,5,4,2,29,5,2,,0,2,8,1,202100001503B01,7,22,1,200054781
202100001521,2021-12-26,2021,décembre,dimanche,10:00,65,65278,43.045229,0.300643,1,1,6,1,1,3,2,2,2,3,,-1,1,0,1,3,1,40,5,1,2,0,5,1,1,202100001521A01,,,,200070787
202100001607,2021-12-23,2021,décembre,jeudi,19:35,27,27229,49.0217166232,1.1816073151,2,3,3,5,1,4,2,2,1,1,,-1,1,0,1,4,1,39,5,2,,0,2,1,1,202100001607B01,7,1,1,200071454
202100001746,2021-12-22,2021,décembre,mercredi,12:20,75,75112,48.844276,2.381581,2,2,3,1,1,4,2,4,1,1,,-1,1,-1,5,4,1,44,9,1,2,0,2,2,1,202100001746B01,7,15,1,200054781
202100001749,2021-12-22,2021,décembre,mercredi,18:15,75,75108,48.870943,2.303981,2,1,6,5,1,4,2,8,1,1,,-1,1,-1,5,4,2,19,4,2,,0,1,1,1,202100001749A01,,,,200054781
202100001777,2021-12-23,2021,décembre,jeudi,15:50,12,12177,44.395339,2.83487,1,1,3,1,1,3,2,2,1,1,,-1,1,0,1,3,1,76,5,1,2,0,2,8,10,202100001777A01,7,17,1,200068484
202100001784,2021-12-24,2021,décembre,vendredi,13:50,29,29195,48.61957,-4.554369,2,3,3,1,1,4,2,2,2,3,,4,1,0,1,3,1,8,5,1,2,0,2,8,1,202100001784A01,10,1,1,242900553
202100001817,2021-12-22,2021,décembre,mercredi,14:10,60,60367,49.260985,1.909046,1,1,3,1,9,3,2,2,1,3,,-1,7,0,1,4,1,72,5,1,2,0,2,4,1,202100001817B01,7,17,1,246000707
202100001868,2021-12-21,2021,décembre,mardi,09:00,54,54482,48.70081,6.20196,2,3,3,1,1,4,2,2,1,1,,-1,1,0,1,4,2,59,0,1,2,0,2,8,15,202100001868B01,7,1,1,245400676
202100001887,2021-12-21,2021,décembre,mardi,08:50,27,27229,49.02193,1.17069,2,9,3,1,1,4,2,1,1,1,,-1,1,0,1,4,1,20,5,1,2 / 6,0,2,1,1,202100001887B01,7,1,1,200071454
202100001984,2021-12-21,2021,décembre,mardi,11:40,988,98818,-22.22402,166.48104,2,3,3,1,1,1,1,1,2,3,,-1,1,3,1,3,2,23,4,1,2 / 4,0,2,9,1,202100001984B01,7,16,1,
202100002046,2021-12-20,2021,décembre,lundi,13:45,75,75111,48.862383,2.372528,2,4,3,1,1,4,4,4,1,2,,-1,1,-1,5,4,1,64,9,2,,0,2,1,1,202100002046A01,50,1,1,200054781
202100002048,2021-12-20,2021,décembre,lundi,09:56,75,75107,48.856338,2.309819,2,4,6,1,1,4,-1,0,1,1,,-1,1,0,4,1,1,58,1,2,,0,1,1,25,202100002048A01,,,,200054781
202100002062,2021-12-22,2021,décembre,mercredi,15:30,71,71498,46.619711,4.681849,1,1,2,1,1,3,2,2,2,4,,-1,1,0,1,3,1,35,5,1,2,1,0,1,1,202100002062A01,10,23,1,247104094
202100002070,2021-12-21,2021,décembre,mardi,16:07,32,32107,43.959405,0.367768,2,1,6,1,1,3,2,2,1,1,,-1,1,0,1,3,1,81,5,2,,0,9,1,2,202100002070B01,10,0,1,243200417
202100002094,2021-12-21,2021,décembre,mardi,17:30,49,49292,47.332868,-0.653413,1,2,1,2,1,3,2,2,2,1,,-1,1,0,1,3,1,11,5,2,,0,2,8,19,202100002094A01,14,1,1,200071553
202100002177,2021-12-21,2021,décembre,mardi,14:10,80,80205,50.001982,2.034925,1,1,2,1,1,3,2,2,2,1,,-1,1,0,1,3,1,60,5,1,2,0,0,4,2,202100002177B01,10,2,1,200070993
202100002192,2021-12-21,2021,décembre,mardi,07:55,64,64213,43.340778,-1.443361,2,2,1,2,1,3,2,1,2,1,,-1,1,0,1,3,1,55,5,1,2 / 6 / 4,0,2,1,1,202100002192B01,10,15,1,200067106
202100002197,2021-12-20,2021,décembre,lundi,12:35,24,24189,44.869295,0.18629,1,2,3,1,1,3,2,2,2,1,,-1,1,0,1,3,1,13,5,2,,0,2,0,15,202100002197B01,7,17,1,200034197
202100002265,2021-12-18,2021,décembre,samedi,12:45,75,75119,48.874382,2.374501,2,3,3,1,1,4,3,2,1,1,,-1,1,-1,5,4,1,53,9,2,,0,2,3,1,202100002265A01,7,16,1,200054781
202100002317,2021-12-17,2021,décembre,vendredi,15:45,60,60129,49.515386,3.020188,2,2,2,1,1,3,2,2,1,1,,-1,1,0,1,3,1,60,5,1,2,0,2,2,1,202100002317B01,7,0,1,246000756
202100002328,2021-12-19,2021,décembre,dimanche,09:50,66,66088,42.6777555974,2.632920742,2,6,2,1,1,3,1,1,1,2,,-1,1,9,1,3,2,35,5,1,2,0,0,0,1,202100002328A01,0,0,1,246600415
202100002419,2021-12-17,2021,décembre,vendredi,19:00,35,35238,48.0925254567,-1.6509854794,2,3,1,5,1,4,2,2,1,1,,-1,1,0,5,3,1,21,9,2,,0,2,1,1,202100002419B01,7,15,1,243500139
202100002454,2021-12-17,2021,décembre,vendredi,16:30,75,75109,48.882976,2.33486,2,3,3,5,1,4,1,1,1,1,,-1,1,-1,5,1,2,19,9,2,,0,2,8,15,202100002454B01,50,17,1,200054781
202100002455,2021-12-17,2021,décembre,vendredi,09:30,75,75117,48.883275,2.307251,2,2,3,1,8,4,2,4,1,1,,-1,1,-1,5,1,1,31,1,1,2,0,2,1,1,202100002455B01,1,1,1,200054781
202100002455,2021-12-17,2021,décembre,vendredi,09:30,75,75117,48.883275,2.307251,2,2,3,1,8,4,2,4,1,1,,-1,1,-1,5,4,2,51,9,1,2,0,2,7,1,202100002455A01,1,1,1,200054781
202100002461,2021-12-17,2021,décembre,vendredi,09:02,75,75114,48.821209,2.334299,2,2,6,1,1,4,2,2,1,1,,-1,1,-1,5,4,1,43,1,2,,0,2,1,1,202100002461A01,7,22,1,200054781
202100002463,2021-12-17,2021,décembre,vendredi,11:23,75,75113,48.831887,2.355849,2,7,2,1,1,4,2,2,1,1,,-1,1,0,1,4,2,50,1,2,,0,2,6,11,202100002463B01,7,1,1,200054781
202100002467,2021-12-17,2021,décembre,vendredi,16:10,75,75111,48.863058,2.379303,2,2,3,1,1,4,1,1,1,1,,-1,1,-1,5,4,1,18,4,2,,0,2,1,1,202100002467B01,2,9,1,200054781
202100002486,2021-12-19,2021,décembre,dimanche,12:05,54,54108,48.5812066815,6.267271042,1,2,3,1,5,3,2,2,1,1,,-1,1,0,1,3,1,51,5,1,2,0,2,1,15,202100002486B01,7,1,1,245400189
202100002510,2021-12-18,2021,décembre,samedi,17:05,29,29206,48.6188982102,-4.1994300485,2,3,1,2,1,4,2,2,1,1,,6,1,5,1,3,1,53,5,1,2,0,2,1,5,202100002510B01,7,9,1,200067072
202100002517,2021-12-18,2021,décembre,samedi,16:35,72,72054,48.002583,0.331564,1,1,2,1,1,3,2,2,1,1,,-1,1,0,1,4,1,61,5,1,2 / 4,0,2,4,2,202100002517B01,7,2,1,247200132
202100002519,2021-12-19,2021,décembre,dimanche,14:00,45,45195,48.104816,2.193146,2,1,1,1,8,3,2,2,1,1,,-1,2,0,5,4,2,57,5,2,,0,2,1,13,202100002519B01,2,1,1,200066280
202100002524,2021-12-18,2021,décembre,samedi,16:35,85,85160,46.592258,-1.397592,2,1,2,1,1,4,2,2,2,1,,4,1,0,1,4,2,40,5,2,,0,0,6,1,202100002524A01,7,1,1,248500589
202100002549,2021-12-19,2021,décembre,dimanche,02:30,80,80576,49.727947,2.958927,1,1,2,3,5,3,2,2,1,1,,-1,2,0,1,2,1,44,5,1,4 / 9,0,0,4,1,202100002549B01,7,1,1,200070985
202100002646,2021-12-16,2021,décembre,jeudi,11:25,75,75114,48.833198,2.319332,2,3,7,1,1,4,1,1,1,1,,-1,1,0,1,4,1,41,1,1,2,0,0,1,21,202100002646A01,,,,200054781
202100002649,2021-12-16,2021,décembre,jeudi,00:10,75,75111,48.85131,2.391015,2,1,3,5,1,4,2,4,1,1,,-1,1,-1,5,4,2,27,5,2,,0,2,8,1,202100002649B01,7,14,1,200054781
202100002683,2021-12-18,2021,décembre,samedi,15:15,70,70433,47.615338,6.167949,2,6,3,2,1,3,2,2,1,1,,6,1,0,1,4,1,76,5,2,,0,2,2,9,202100002683B01,7,9,1,247000011
202100002757,2021-12-13,2021,décembre,lundi,14:57,47,47001,44.197565,0.626939,2,1,3,1,1,3,2,2,1,1,,-1,1,0,1,4,1,53,0,2,,0,2,8,19,202100002757B01,7,1,1,200096956
202100002785,2021-12-15,2021,décembre,mercredi,10:00,06,06029,43.55159,7.01642,2,1,3,1,1,4,3,2,1,1,,-1,1,0,1,3,1,68,5,1,2,0,2,1,1,202100002785B01,7,11,1,200039915