Num_Acc,date,an,mois,jour,hrmn,dep,com,lat,long,agg,int,col,lum,atm,catr,circ,nbv,prof,plan,lartpc,larrout,surf,infra,situ,grav,sexe,age,trajet,secuexist,equipement,obs,obsm,choc,manv,vehiculeid,typevehicules,manoeuvehicules,numVehicules,_infos_commune.code_epci
202100006301,2021-11-25,2021,novembre,jeudi,17:25,75,75107,48.857566,2.317533,2,2,2,2,2,4,1,1,1,1,,-1,2,0,1,4,2,51,9,2,,0,2,3,1,202100006301B01,7,1,1,200054781
202100006303,2021-11-25,2021,novembre,jeudi,00:38,75,75107,48.860975,2.314963,2,2,3,5,1,4,2,4,1,1,,-1,1,-1,5,4,2,30,9,2,,0,2,1,1,202100006303B01,7,16,1,200054781
202100006361,2021-10-27,2021,octobre,mercredi,15:50,22,22168,48.801009,-3.473386,2,2,3,1,1,4,2,2,1,1,,5.5,1,0,1,4,2,36,5,2,,0,2,8,1,202100006361B01,7,15,1,200065928
202100006431,2021-11-23,2021,novembre,mardi,07:05,29,29019,48.41328,-4.49138,2,2,3,5,1,4,2,3,2,2,,-1,1,5,1,3,2,28,1,1,2,0,2,8,23,202100006431B01,7,15,1,242900314
202100006439,2021-11-24,2021,novembre,mercredi,07:45,14,14118,49.175,-0.37926,2,3,3,2,1,4,-1,2,1,1,,-1,1,0,1,4,1,14,2,2,,0,2,2,26,202100006439A01,7,0,1,200065597
202100006458,2021-11-24,2021,novembre,mercredi,22:15,75,75106,48.842413,2.329555,2,4,6,5,1,4,1,2,1,1,,-1,1,0,1,4,1,41,9,2,,12,0,3,13,202100006458A01,,,,200054781
202100006459,2021-11-24,2021,novembre,mercredi,15:40,75,75105,48.8511147922,2.3512780666,2,2,2,1,1,4,2,3,1,1,,-1,1,-1,5,4,2,50,9,2,,0,2,4,23,202100006459B01,1,2,1,200054781
202100006459,2021-11-24,2021,novembre,mercredi,15:40,75,75105,48.8511147922,2.3512780666,2,2,2,1,1,4,2,3,1,1,,-1,1,-1,5,1,2,26,9,2,,0,2,1,2,202100006459A01,1,23,1,200054781
202100006462,2021-11-24,2021,novembre,mercredi,12:20,75,75115,48.833506,2.286527,2,2,6,1,1,4,1,1,1,1,,-1,1,-1,5,1,1,45,1,1,2 / 4,0,1,7,1,202100006462A01,,,,200054781
202100006463,2021-11-24,2021,novembre,mercredi,09:28,75,75115,48.832348,2.287678,2,3,3,1,1,4,1,2,1,1,,-1,1,-1,5,4,1,47,1,1,2,0,2,5,1,202100006463B01,7,22,1,200054781
202100006471,2021-11-24,2021,novembre,mercredi,11:24,75,75107,48.851741,2.326768,2,2,3,1,1,4,2,4,1,1,,-1,1,-1,5,4,2,60,9,1,2,0,2,4,1,202100006471B01,14,16,1,200054781
202100006480,2021-11-24,2021,novembre,mercredi,16:15,93,93071,48.9298212021,2.5147832086,1,1,2,1,1,4,-1,2,1,1,,-1,1,0,1,4,1,49,1,2,,0,2,4,2,202100006480B01,7,2,1,200054781
202100006507,2021-11-23,2021,novembre,mardi,16:10,72,72334,48.173184,-0.12248,1,1,4,2,7,3,2,2,2,1,,-1,1,0,1,3,1,61,5,1,2,0,2,8,1,202100006507A01,7,1 / 2,2,200072718
202100006525,2021-11-24,2021,novembre,mercredi,17:15,77,77453,48.5463949976,2.7833057843,1,3,3,2,1,3,2,2,1,1,,-1,1,2,1,2,1,55,5,2,,0,0,8,15,202100006525B01,7,17,1,200070779
202100006626,2021-11-22,2021,novembre,lundi,13:50,65,65440,43.22128,0.061014,2,6,3,1,1,2,1,2,1,2,,-1,1,5,1,4,1,79,5,1,2,0,2,3,1,202100006626B01,7,14,1,200069300
202100006718,2021-11-23,2021,novembre,mardi,11:49,75,75104,48.850817,2.361436,2,2,3,1,1,4,2,3,1,1,,-1,1,-1,5,3,1,57,5,2,,0,2,4,1,202100006718B01,14,16,1,200054781
202100006723,2021-11-23,2021,novembre,mardi,19:50,75,75114,48.83582,2.328125,2,1,6,5,1,4,2,4,2,1,,-1,1,-1,5,1,2,34,9,1,2,0,1,1,1,202100006723A01,,,,200054781
202100006746,2021-11-24,2021,novembre,mercredi,21:00,974,97422,-21.26481,55.504684,2,1,1,5,1,4,2,2,2,2,,-1,1,0,1,3,1,16,5,2,,0,2,1,5,202100006746A01,7,1,1,249740085
202100006773,2021-11-24,2021,novembre,mercredi,11:30,13,13069,43.634775,5.152057,2,1,7,1,1,7,2,2,1,1,,-1,1,0,1,4,1,32,5,1,2,0,0,3,2,202100006773B01,7,2,1,200054807
202100006785,2021-11-23,2021,novembre,mardi,11:00,29,29181,48.478260437,-4.2864918708,1,6,6,1,1,3,1,2,1,1,,-1,1,5,1,3,1,69,5,1,2,0,2,7,1,202100006785B01,7,9,1,242900801
202100006817,2021-11-22,2021,novembre,lundi,10:50,75,75113,48.825803,2.357382,2,3,1,1,1,4,1,1,2,2,,-1,1,-1,5,4,1,30,4,2,,0,2,1,1,202100006817B01,14,16,1,200054781
202100006844,2021-11-22,2021,novembre,lundi,19:10,76,76238,49.563284,0.223718,2,2,1,5,1,3,2,2,1,1,,-1,1,0,1,3,1,37,1,2,,0,2,1,1,202100006844B01,7,15,1,200084952
202100006864,2021-11-23,2021,novembre,mardi,13:15,50,50567,49.574744,-1.49634,1,1,7,1,1,3,2,2,2,3,,-1,1,0,1,2,1,61,3,2,,0,0,0,0,202100006864A01,,,,200067205
202100006925,2021-11-21,2021,novembre,dimanche,16:00,29,29019,48.39296,-4.47928,2,6,2,1,7,4,-1,1,2,1,,-1,1,5,1,4,2,30,1,1,2,0,2,1,9,202100006925B01,10,9,1,242900314
202100006959,2021-11-22,2021,novembre,lundi,08:10,01,01069,46.116625,5.277563,1,2,3,2,5,3,2,2,1,1,,4,1,0,1,4,1,52,1,2,,0,2,6,15,202100006959A01,7,1,1,200071751
202100006976,2021-11-16,2021,novembre,mardi,16:25,06,06065,43.721793,7.167211,2,3,3,1,7,7,2,2,1,3,,-1,1,0,1,3,1,68,5,1,2 / 6,0,2,3,1,202100006976B01,99,15,1,200030195
202100007044,2021-11-20,2021,novembre,samedi,11:35,75,75120,48.870539,2.388247,2,4,7,1,8,4,1,1,2,1,,-1,1,-1,5,4,1,29,9,2,,0,0,0,1,202100007044A01,,,,200054781
202100007046,2021-11-20,2021,novembre,samedi,11:10,75,75116,48.841507,2.266543,2,3,3,1,1,4,-1,2,1,1,,-1,1,0,1,4,1,48,9,2,,0,2,8,15,202100007046A01,30,1,1,200054781
202100007212,2021-11-18,2021,novembre,jeudi,08:07,63,63113,45.7763,3.09006,2,2,3,5,1,4,3,4,2,1,,-1,1,0,1,4,1,53,0,2,,0,2,1,1,202100007212B01,7,1,1,246300701
202100007283,2021-11-18,2021,novembre,jeudi,18:00,29,29019,48.3887,-4.50466,2,1,6,1,1,4,-1,0,1,1,,-1,1,0,1,4,1,15,2,2,,0,4,1,19,202100007283A01,40,1,1,242900314
202100007317,2021-11-19,2021,novembre,vendredi,18:05,06,06088,43.695165,7.273122,2,1,3,5,1,4,1,1,1,1,,-1,1,6,1,4,2,55,9,1,2,0,2,0,19,202100007317B01,50,1,1,200030195
202100007334,2021-11-19,2021,novembre,vendredi,19:45,75,75119,48.878021,2.37069,2,7,2,5,1,4,2,2,2,1,,-1,1,0,1,4,1,30,9,2,,0,2,1,1,202100007334B01,30,17,1,200054781
202100007339,2021-11-19,2021,novembre,vendredi,16:05,75,75114,48.8291352692,2.3084324598,2,3,7,1,1,4,1,1,1,1,,-1,1,0,1,1,1,73,5,2,,0,2,0,15,202100007339A01,33,1,1,200054781
202100007342,2021-11-16,2021,novembre,mardi,18:55,75,75109,48.873762,2.340673,2,1,3,5,1,4,1,1,1,1,,-1,1,0,1,4,1,33,5,1,2,0,2,5,18,202100007342B01,7,22,1,200054781
202100007343,2021-11-19,2021,novembre,vendredi,16:30,75,75107,48.858067,2.310007,2,2,6,1,1,4,1,2,1,1,,-1,1,0,1,4,1,72,5,2,,0,2,1,1,202100007343B01,7,22,1,200054781
202100007346,2021-11-18,2021,novembre,jeudi,10:50,75,75107,48.84982,2.32329,2,3,3,1,1,4,2,2,1,1,,-1,1,0,1,4,1,32,9,1,2,0,2,8,1,202100007346B01,10,2,1,200054781
202100007380,2021-11-19,2021,novembre,vendredi,13:10,38,38373,45.358833,5.558172,2,1,3,1,1,3,2,2,1,1,,-1,1,0,1,3,1,61,5,1,2,0,2,8,1,202100007380B01,10,17,1,243800984
202100007405,2021-11-13,2021,novembre,samedi,18:10,973,97303,5.480184623,-53.2111483812,1,1,3,3,1,2,2,2,1,1,,7,1,0,1,3,1,62,5,2,,0,2,1,13,202100007405B01,7,17,1,200027548
202100007433,2021-11-09,2021,novembre,mardi,21:10,75,75106,48.847165,2.328017,2,1,1,5,1,4,-1,1,1,1,,-1,1,0,1,1,1,24,9,1,2,0,2,1,13,202100007433A01,1,1,1,200054781
202100007433,2021-11-09,2021,novembre,mardi,21:10,75,75106,48.847165,2.328017,2,1,1,5,1,4,-1,1,1,1,,-1,1,0,1,4,1,51,9,1,2,0,2,1,1,202100007433B01,1,13,1,200054781
202100007437,2021-11-17,2021,novembre,mercredi,14:15,75,75120,48.8634349223,2.3896336555,2,1,1,1,1,4,2,4,2,1,,-1,1,-1,5,1,2,25,9,1,2,0,2,1,13,202100007437A01,1,1,1,200054781
202100007440,2021-11-18,2021,novembre,jeudi,09:43,75,75113,48.832269,2.362794,2,1,6,1,1,4,2,3,1,1,,-1,1,-1,5,1,1,46,5,1,2,0,1,7,1,202100007440A01,,,,200054781
202100007442,2021-11-18,2021,novembre,jeudi,09:00,75,75111,48.857056,2.371203,2,3,2,1,1,4,1,2,1,1,,-1,1,8,1,4,2,24,9,2,,0,2,1,1,202100007442A01,10,23,1,200054781
202100007447,2021-11-18,2021,novembre,jeudi,09:50,75,75107,48.860365,2.32497,2,1,6,1,1,4,-1,1,2,1,,-1,1,6,1,1,1,73,9,2,,0,1,1,1,202100007447A01,,,,200054781
202100007493,2021-11-18,2021,novembre,jeudi,13:45,44,44030,47.445011,-2.245438,2,6,1,1,1,3,2,2,1,1,,-1,1,5,1,4,2,61,3,2,,0,2,0,1,202100007493B01,7,9,1,244400644
202100007515,2021-11-16,2021,novembre,mardi,15:30,971,97112,15.887025,-61.315365,2,4,3,1,1,2,2,2,2,1,,-1,1,0,1,3,1,62,1,2,,0,2,0,1,202100007515A01,7,15,1,249710047
202100007527,2021-11-19,2021,novembre,vendredi,13:15,14,14488,49.280159,-0.251758,2,3,3,1,1,3,2,2,1,1,,4,1,0,1,3,1,15,5,2,,0,2,3,16,202100007527B01,7,1,1,200065597
202100007529,2021-11-18,2021,novembre,jeudi,16:00,22,22081,48.485197,-2.6402,2,1,7,1,1,4,-1,2,1,1,,4,1,0,1,3,1,74,5,1,2,6,0,1,1,202100007529A01,,,,200069409
202100007657,2021-11-16,2021,novembre,mardi,10:05,75,75115,48.833083,2.287427,2,1,7,1,1,4,3,3,1,1,,-1,1,-1,5,4,1,73,5,1,2,0,2,7,21,202100007657A01,,,,200054781
202100007665,2021-11-17,2021,novembre,mercredi,14:00,75,75111,48.863093,2.368495,2,1,1,1,1,4,1,1,1,1,,-1,1,0,1,1,2,33,9,1,2,0,2,1,5,202100007665A01,34,17,1,200054781
202100007665,2021-11-17,2021,novembre,mercredi,14:00,75,75111,48.863093,2.368495,2,1,1,1,1,4,1,1,1,1,,-1,1,0,1,4,1,4,9,1,3,0,2,1,5,202100007665A01,34,17,1,200054781
202100007714,2021-10-11,2021,octobre,lundi,14:40,88,88516,48.192573,5.92685,1,1,7,1,1,3,3,4,4,1,,-1,1,0,3,2,1,71,5,1,2,0,0,0,1,202100007714A01,,,,200068682
202100007728,2021-11-17,2021,novembre,mercredi,14:40,81,81225,43.919272,1.964622,1,1,3,1,1,3,-1,2,1,1,,-1,1,0,1,4,2,21,9,2,,0,2,1,11,202100007728B01,13,17,1,200066124
202100007776,2021-11-15,2021,novembre,lundi,09:50,78,78029,48.961455,1.857959,2,6,3,1,8,3,1,2,1,1,,-1,1,0,1,4,2,81,0,2,,0,2,0,5,202100007776B01,7,9,1,200059889
202100007801,2021-11-11,2021,novembre,jeudi,01:12,54,54395,48.67989,6.2008,2,1,7,3,1,4,2,1,1,1,,-1,1,0,5,2,1,42,0,2,,0,0,0,0,202100007801A01,,,,245400676
202100007839,2021-11-15,2021,novembre,lundi,12:40,10,10362,48.30248,4.02826,1,9,3,1,2,3,1,2,1,3,,-1,2,5,1,4,1,31,4,1,2,0,2,0,0,202100007839B01,7,0,1,200069250
202100007885,2021-10-27,2021,octobre,mercredi,17:00,68,68269,48.191854,7.336341,2,1,3,1,1,3,2,2,1,1,,-1,1,0,1,4,2,33,1,2,,0,2,7,0,202100007885B01,7,19,1,246800577
202100007925,2021-11-17,2021,novembre,mercredi,15:30,50,50298,49.274308,-1.278416,1,3,6,1,7,3,2,2,1,1,,-1,1,0,1,1,1,23,5,1,2,0,2,1,1,202100007925B01,7,15,1,200042729
202100007925,2021-11-17,2021,novembre,mercredi,15:30,50,50298,49.274308,-1.278416,1,3,6,1,7,3,2,2,1,1,,-1,1,0,1,4,1,58,5,1,2,0,2,1,1,202100007925E01,7,15,1,200042729
202100007925,2021-11-17,2021,novembre,mercredi,15:30,50,50298,49.274308,-1.278416,1,3,6,1,7,3,2,2,1,1,,-1,1,0,1,3,1,71,9,1,2,0,2,1,1,202100007925D01,7,15,1,200042729
202100007925,2021-11-17,2021,novembre,mercredi,15:30,50,50298,49.274308,-1.278416,1,3,6,1,7,3,2,2,1,1,,-1,1,0,1,4,1,61,5,1,2,0,2,1,1,202100007925C01,7,15,1,200042729
202100008006,2021-11-12,2021,novembre,vendredi,14:12,63,63164,45.82825,3.1433,2,1,2,1,1,4,1,2,1,1,,-1,1,0,1,4,1,65,0,1,2,0,2,1,26,202100008006A01,7,1,1,246300701
202100008008,2021-11-15,2021,novembre,lundi,20:12,54,54395,48.6873,6.18365,2,1,3,5,1,4,2,3,1,1,,-1,1,0,1,4,1,31,0,2,,0,2,8,13,202100008008A01,7,1,1,245400676
202100008016,2021-11-13,2021,novembre,samedi,16:58,47,47001,44.20442,0.61418,2,1,6,1,1,4,4,2,1,1,,-1,1,0,1,1,1,14,5,2,,0,1,3,1,202100008016A01,,,,200096956
202100008046,2021-11-15,2021,novembre,lundi,18:00,75,75119,48.887319,2.39474,2,3,6,5,1,4,2,3,1,1,,-1,1,0,1,4,1,40,9,2,,0,2,1,1,202100008046B01,7,22,1,200054781
202100008050,2021-10-22,2021,octobre,vendredi,08:40,75,75114,48.840158,2.321885,2,4,3,1,1,4,1,1,1,1,,-1,1,0,1,3,1,34,9,2,,0,2,1,1,202100008050B01,7,22,1,200054781
202100008054,2021-11-15,2021,novembre,lundi,17:50,75,75108,48.876647,2.3177,2,2,3,5,2,4,1,2,1,1,,-1,2,-1,5,4,2,31,9,2,,0,2,1,1,202100008054B01,7,16,1,200054781
202100008055,2021-11-15,2021,novembre,lundi,14:45,75,75107,48.854747,2.325931,2,4,3,1,8,4,1,0,1,1,,-1,1,-1,6,4,1,55,5,2,,0,2,8,13,202100008055B01,37,7,1,200054781
202100008074,2021-11-14,2021,novembre,dimanche,19:00,51,51346,49.082861,3.734837,1,1,3,3,1,3,2,2,2,1,,-1,1,0,1,3,1,20,5,2,,0,2,3,1,202100008074B01,10,17,1,200066850
202100008145,2021-11-14,2021,novembre,dimanche,20:00,75,75109,48.878307,2.337548,2,7,2,5,1,4,1,1,1,2,,-1,1,0,1,4,1,35,4,2,,0,2,4,1,202100008145B01,7,1,1,200054781
202100008173,2021-11-15,2021,novembre,lundi,12:30,76,76595,49.635672,0.190507,1,4,6,1,1,3,2,2,1,2,,4,1,0,1,3,1,60,5,1,2,0,2,8,15,202100008173B01,7,1,1,200084952
202100008361,2021-11-12,2021,novembre,vendredi,07:45,75,75119,48.889221,2.393878,2,1,3,2,1,4,1,2,1,1,,-1,1,-1,5,4,1,29,9,2,,0,2,1,1,202100008361B01,7,16,1,200054781
202100008363,2021-11-12,2021,novembre,vendredi,17:55,75,75116,48.872482,2.293958,2,2,6,5,1,4,1,1,1,1,,-1,1,-1,5,1,1,30,2,1,2 / 6,0,1,1,1,202100008363A01,,,,200054781
202100008369,2021-11-12,2021,novembre,vendredi,19:45,75,75109,48.876009,2.344522,2,3,2,5,1,4,1,3,1,1,,-1,1,0,1,4,2,21,5,2,,0,2,4,13,202100008369A01,30,17,1,200054781
202100008386,2021-10-28,2021,octobre,jeudi,15:30,84,84069,44.175552,5.131645,2,1,3,1,1,3,2,2,1,1,,-1,1,0,1,3,1,71,5,1,2,0,2,6,1,202100008386B01,10,11,1,248400053
202100008394,2021-11-12,2021,novembre,vendredi,14:30,55,55083,49.516845,5.260731,2,1,7,1,1,4,2,2,1,1,,4,1,0,1,3,1,67,5,1,2,0,0,9,1,202100008394A01,,,,200066132
202100008427,2021-11-09,2021,novembre,mardi,16:00,62,62865,50.33328,2.984738,2,6,3,1,7,3,-1,1,1,2,,-1,1,0,1,3,1,68,5,2,,0,2,1,1,202100008427B01,7,1,1,200044048
202100008464,2021-11-11,2021,novembre,jeudi,11:25,54,54304,48.68516,6.15581,2,2,1,1,1,4,1,1,1,1,,-1,1,0,1,4,1,48,0,1,2,0,2,1,1,202100008464B01,7,1,1,245400676
202100008466,2021-11-10,2021,novembre,mercredi,18:35,54,54395,48.6985,6.1668,2,2,3,5,1,4,2,2,1,1,,-1,1,0,1,4,1,20,5,1,2,0,2,8,1,202100008466B01,7,17,1,245400676
202100008501,2021-11-11,2021,novembre,jeudi,02:30,75,75113,48.834558,2.3578,2,2,6,5,1,4,2,4,2,1,,-1,1,-1,5,4,1,26,9,2,,12,0,0,14,202100008501A01,,,,200054781
202100008502,2021-11-11,2021,novembre,jeudi,08:14,75,75109,48.871999,2.340043,2,5,3,1,1,4,1,2,1,1,,-1,1,0,1,4,1,46,9,2,,0,2,7,1,202100008502B01,7,1,1,200054781
202100008570,2021-11-11,2021,novembre,jeudi,10:30,29,29058,47.898031,-4.014473,2,6,2,1,1,3,1,2,1,1,,-1,1,5,1,3,1,68,5,1,2,0,2,4,15,202100008570B01,7,15,1,242900660
202100008597,2021-11-09,2021,novembre,mardi,08:35,75,75115,48.837234,2.296442,2,2,7,1,1,4,2,2,2,1,,-1,1,0,1,4,2,27,1,2,,0,0,1,1,202100008597A01,,,,200054781
202100008599,2021-11-10,2021,novembre,mercredi,17:30,75,75113,48.831459,2.376003,2,2,6,2,1,4,-1,1,3,1,,-1,1,0,4,4,2,54,1,1,2,0,1,1,25,202100008599A01,,,,200054781
202100008605,2021-11-10,2021,novembre,mercredi,10:00,75,75116,48.836394,2.263773,2,4,3,1,1,4,1,2,1,1,,-1,1,-1,5,4,2,33,9,1,2,0,2,5,19,202100008605B01,32,1,1,200054781
202100008631,2021-11-11,2021,novembre,jeudi,11:45,62,62105,50.746193,1.758779,2,1,7,1,1,3,2,2,1,1,,-1,2,0,1,3,1,58,5,1,2,0,0,0,1,202100008631A01,,,,200018083
202100008734,2021-11-08,2021,novembre,lundi,14:30,14,14327,49.20746,-0.31724,2,3,3,1,1,3,3,2,4,3,,-1,1,0,1,3,1,61,0,2,,0,2,1,1,202100008734B01,21,15,1,200065597
202100008749,2021-11-09,2021,novembre,mardi,19:45,75,75117,48.881201,2.315555,2,3,3,5,1,4,2,4,1,1,,-1,1,0,1,4,2,65,1,2,,0,2,4,15,202100008749B01,32,14,1,200054781
202100008757,2021-11-09,2021,novembre,mardi,17:15,75,75112,48.84333,2.405384,2,3,3,2,1,4,2,2,1,1,,-1,1,0,1,4,2,65,5,1,2 / 4,0,2,8,13,202100008757A01,7,17,1,200054781
202100008758,2021-11-09,2021,novembre,mardi,16:50,75,75112,48.847345,2.386735,2,2,6,1,1,4,2,2,1,1,,-1,1,-1,5,1,1,41,1,1,2,0,1,5,1,202100008758A01,,,,200054781
202100008761,2021-11-09,2021,novembre,mardi,09:10,75,75107,48.858068,2.310007,2,2,3,1,1,4,2,2,1,1,,-1,1,-1,6,4,1,23,1,2,,0,2,7,5,202100008761A01,7,15,1,200054781
202100008843,2021-11-08,2021,novembre,lundi,10:00,75,75116,48.858767,2.275033,2,1,2,1,1,4,2,2,1,1,,-1,1,0,1,4,1,23,5,2,,0,2,1,2,202100008843A01,7,23,1,200054781
202100008845,2021-11-07,2021,novembre,dimanche,02:25,75,75115,48.828623,2.301422,2,2,3,5,1,4,1,3,1,1,,-1,2,-1,5,4,1,18,9,2,,0,2,1,1,202100008845A01,7,1,1,200054781
202100008845,2021-11-07,2021,novembre,dimanche,02:25,75,75115,48.828623,2.301422,2,2,3,5,1,4,1,3,1,1,,-1,2,-1,5,1,1,19,9,2,,0,2,1,1,202100008845A01,7,1,1,200054781
202100008849,2021-11-08,2021,novembre,lundi,09:30,75,75108,48.874676,2.320048,2,2,4,1,1,4,1,4,1,1,,-1,1,5,1,4,1,48,5,2,,0,2,8,23,202100008849B01,37 / 7,16 / 23,2,200054781
202100008850,2021-11-08,2021,novembre,lundi,08:00,75,75107,48.852699,2.308558,2,2,3,1,1,4,2,2,1,1,,-1,1,0,1,4,1,16,2,2,,1,0,2,1,202100008850B01,7,22,1,200054781
202100008883,2021-11-08,2021,novembre,lundi,15:00,14,14100,49.0504473312,-0.319895,2,1,2,1,1,3,2,2,1,1,,-1,1,0,1,4,1,51,0,2,,0,2,1,2,202100008883A01,7,2,1,200066710
202100008885,2021-10-27,2021,octobre,mercredi,15:15,45,45193,47.78114,2.018598,1,1,3,1,7,3,2,2,1,1,,-1,1,0,1,4,2,73,5,1,4,0,2,3,2,202100008885B01,7,2,1,200005932
202100008963,2021-11-07,2021,novembre,dimanche,15:45,75,75119,48.883018,2.369588,2,7,2,1,1,4,1,1,1,3,,-1,1,-1,5,4,1,47,3,2,,0,2,4,11,202100008963A01,7,1,1,200054781
202100008966,2021-11-07,2021,novembre,dimanche,11:32,75,75116,48.841689,2.266865,2,3,3,1,1,4,3,3,1,1,,-1,1,0,1,4,1,34,5,1,2 / 4,0,2,1,1,202100008966A01,7,10,1,200054781
202100008968,2021-11-07,2021,novembre,dimanche,16:50,75,75112,48.828123,2.409682,2,1,3,2,1,4,2,1,1,1,,-1,1,0,1,1,2,28,5,2,,0,2,1,17,202100008968A01,50,10,1,200054781
202100008969,2021-11-07,2021,novembre,dimanche,01:30,75,75112,48.82919,2.390262,2,3,3,5,1,4,2,2,1,1,,-1,1,0,1,4,2,25,9,2,,0,2,1,19,202100008969A01,7,16,1,200054781
202100008971,2021-11-07,2021,novembre,dimanche,22:45,75,75103,48.865242,2.351978,2,2,3,5,1,4,1,3,1,1,,-1,1,0,1,4,1,40,9,2,,0,2,1,16,202100008971B01,30,15,1,200054781
202100008989,2021-11-08,2021,novembre,lundi,16:00,51,51146,48.893682,4.236351,1,2,3,1,1,3,2,2,1,1,,-1,1,0,1,4,1,73,5,1,4 / 2,0,2,2,1,202100008989B01,7,1,1,200066876
202100009000,2021-10-13,2021,octobre,mercredi,17:00,14,14740,49.005073,0.396569,1,1,1,1,1,3,2,2,1,1,,-1,1,0,1,4,1,46,5,1,2,0,2,1,1,202100009000B01,16,19,1,200069532
202100009011,2021-11-05,2021,novembre,vendredi,16:50,40,40317,43.686884,-1.334799,2,4,1,2,1,3,2,2,1,3,,-1,1,5,1,4,1,64,5,2,,0,2,0,1,202100009011B01,7,15,1,244000865
202100009016,2021-11-08,2021,novembre,lundi,13:45,69,69244,45.765789,4.751675,2,6,3,1,1,7,1,1,1,2,,4,1,9,1,3,1,67,5,1,2 / 6,0,2,1,1,202100009016B01,10,9,1,200046977
202100009118,2021-11-06,2021,novembre,samedi,01:50,75,75116,48.873294,2.295539,2,7,3,5,1,4,1,5,1,2,,-1,1,0,1,4,1,24,9,2,,0,2,1,1,202100009118B01,7,16,1,200054781
202100009120,2021-11-06,2021,novembre,samedi,00:55,75,75113,48.84025,2.370215,2,1,7,5,1,4,2,4,2,1,,-1,1,-1,5,4,1,29,5,2,,0,0,0,1,202100009120A01,,,,200054781
202100009179,2021-10-10,2021,octobre,dimanche,09:00,57,57124,49.401978,6.248447,1,9,3,1,7,3,2,2,1,2,,-1,1,0,1,3,1,66,5,1,2,0,2,3,1,202100009179B01,7,17,1,245700695
202100009233,2021-11-05,2021,novembre,vendredi,13:07,65,65440,43.232336,0.071293,2,9,6,1,3,9,-1,0,1,1,,-1,2,0,4,1,1,28,1,2,,0,1,0,25,202100009233A01,,,,200069300
202100009282,2021-11-04,2021,novembre,jeudi,09:00,75,75103,48.866466,2.364778,2,7,3,1,8,4,2,4,1,3,,-1,2,-1,5,2,1,31,9,1,2,0,2,4,1,202100009282B01,14,16,1,200054781
202100009284,2021-11-05,2021,novembre,vendredi,13:30,75,75119,48.898899,2.380959,2,1,6,1,1,4,1,1,1,1,,-1,1,-1,5,1,1,46,1,1,2 / 6,0,1,2,1,202100009284A01,,,,200054781
202100009286,2021-11-05,2021,novembre,vendredi,08:20,75,75118,48.899916,2.335818,2,1,2,1,8,4,2,4,2,1,,-1,1,0,1,4,2,55,1,2,,0,2,4,13,202100009286B01,7,1,1,200054781
202100009293,2021-11-05,2021,novembre,vendredi,10:00,75,75111,48.86664,2.367312,2,4,3,1,8,4,2,4,1,1,,-1,1,-1,5,4,1,29,9,1,2,0,2,1,1,202100009293B01,7,15,1,200054781
202100009294,2021-11-03,2021,novembre,mercredi,19:00,75,75104,48.858229,2.349102,2,3,1,5,1,4,2,4,1,1,,-1,1,-1,5,4,2,43,5,1,2,0,2,1,1,202100009294B01,80,13,1,200054781
202100009336,2021-11-05,2021,novembre,vendredi,14:10,49,49030,47.362207,-0.040794,1,1,2,1,1,3,2,2,1,1,,-1,1,0,1,3,1,18,5,1,2,0,2,5,1,202100009336B01,7,1,1,200071876
202100009368,2021-11-05,2021,novembre,vendredi,07:30,68,68287,47.960373,7.305756,2,3,3,2,2,4,2,2,1,1,,6,2,0,1,3,2,58,1,2,,0,0,7,1,202100009368B01,7,15,1,246800494
202100009372,2021-11-05,2021,novembre,vendredi,17:25,22,22008,48.413903,-2.096323,1,1,3,1,7,4,2,2,1,1,,5,1,0,1,3,1,76,5,2,,0,0,8,1,202100009372B01,7,2,1,200068989
202100009393,2021-08-10,2021,août,mardi,14:55,75,75116,48.850233,2.266975,2,1,6,1,1,4,1,2,4,1,,-1,1,0,1,1,2,49,3,1,2,0,1,1,1,202100009393A01,,,,200054781
202100009443,2021-11-04,2021,novembre,jeudi,17:30,26,26198,44.531289,4.744591,2,1,1,5,1,2,2,2,1,1,,-1,1,0,1,4,1,35,1,1,2 / 6,0,2,0,1,202100009443B01,7,15,1,200040459
202100009459,2021-11-04,2021,novembre,jeudi,17:23,75,75105,48.837694,2.345507,2,2,3,3,2,4,2,4,1,1,,-1,2,0,1,1,1,63,1,2,,0,2,0,19,202100009459B01,32,1,1,200054781
202100009461,2021-11-04,2021,novembre,jeudi,17:00,75,75115,48.832699,2.288363,2,3,7,2,3,4,1,1,1,1,,-1,2,-1,5,4,1,49,1,2,,0,0,0,1,202100009461A01,,,,200054781