Num_Acc,date,an,mois,jour,hrmn,dep,com,lat,long,agg,int,col,lum,atm,catr,circ,nbv,prof,plan,lartpc,larrout,surf,infra,situ,grav,sexe,age,trajet,secuexist,equipement,obs,obsm,choc,manv,vehiculeid,typevehicules,manoeuvehicules,numVehicules,_infos_commune.code_epci
202100009462,2021-11-04,2021,novembre,jeudi,08:45,75,75114,48.822839,2.327596,2,1,6,1,8,4,2,8,1,1,,-1,2,-1,5,4,1,60,1,2,,9,0,1,1,202100009462A01,,,,200054781
202100009465,2021-11-04,2021,novembre,jeudi,14:05,75,75111,48.857799,2.37094,2,2,6,1,8,4,1,2,1,1,,-1,1,-1,5,4,1,36,9,2,,0,0,0,21,202100009465A01,,,,200054781
202100009504,2021-11-04,2021,novembre,jeudi,21:45,62,62502,50.614515,2.688893,2,1,2,5,3,3,2,2,1,1,,-1,2,0,5,4,1,21,5,1,9,0,0,4,2,202100009504A01,7,2,1,245900758
202100009515,2021-11-04,2021,novembre,jeudi,10:37,44,44154,47.2214092436,-2.1612864733,2,2,3,1,1,4,2,2,1,1,,5,2,0,1,3,2,76,0,2,,0,2,1,2,202100009515B01,7,19,1,244400586
202100009613,2021-11-03,2021,novembre,mercredi,16:15,75,75120,48.857599,2.399338,2,2,3,1,8,4,2,2,1,1,,-1,2,0,1,4,1,23,4,1,2,0,2,8,13,202100009613A01,32,17,1,200054781
202100009624,2021-11-03,2021,novembre,mercredi,11:40,75,75110,48.872564,2.376232,2,4,7,1,1,4,2,2,1,1,,-1,1,-1,5,4,1,17,9,1,2,0,0,1,21,202100009624A01,,,,200054781
202100009626,2021-11-02,2021,novembre,mardi,19:00,75,75109,48.873417,2.329695,2,3,3,5,1,4,1,4,1,1,,-1,1,-1,6,4,1,22,9,1,2,0,2,8,7,202100009626B01,32,16,1,200054781
202100009654,2021-10-28,2021,octobre,jeudi,17:15,31,31022,43.674899657,1.4324254293,2,4,3,1,1,4,2,2,1,1,,4,1,0,1,3,2,39,1,2,,0,0,7,11,202100009654B01,7,17,1,243100518
202100009658,2021-11-02,2021,novembre,mardi,16:00,66,66021,42.726603,2.94661,1,6,3,1,7,3,1,1,1,3,,-1,1,0,1,3,1,71,5,1,2,0,2,7,1,202100009658B01,7,1,1,200027183
202100009695,2021-11-03,2021,novembre,mercredi,22:35,79,79049,46.834912,-0.481505,2,6,3,5,1,3,-1,2,1,1,,-1,1,5,1,4,1,36,5,1,4,0,2,7,1,202100009695B01,7,1,1,200040244
202100009697,2021-11-03,2021,novembre,mercredi,11:00,22,22388,48.436518,-2.144641,1,4,3,1,7,2,3,4,1,1,,-1,1,3,1,4,1,67,0,1,2,0,2,7,1,202100009697B01,7,15,1,200068989
202100009825,2021-10-21,2021,octobre,jeudi,15:35,31,31035,43.535413,1.483905,2,1,2,1,1,3,2,2,1,1,,4,1,0,6,3,1,21,5,1,2,0,2,3,1,202100009825B01,37,17,1,243100633
202100009845,2021-11-02,2021,novembre,mardi,14:50,53,53155,48.282529,-0.877157,1,1,7,1,1,4,2,2,2,1,,-1,1,0,3,2,1,62,5,1,2 / 4,13,0,0,13,202100009845A01,,,,245300355
202100009948,2021-10-07,2021,octobre,jeudi,06:45,74,74165,45.827805,5.988525,1,1,6,3,1,3,2,2,1,2,,-1,1,0,1,3,1,18,1,1,2,0,2,0,2,202100009948B01,13,2,1,247400740
202100010042,2021-10-31,2021,octobre,dimanche,14:30,75,75112,48.8437,2.410097,2,3,3,1,2,4,1,2,1,1,,-1,2,0,5,4,1,20,9,2,,0,2,1,1,202100010042B01,7,9,1,200054781
202100010074,2021-10-31,2021,octobre,dimanche,16:25,39,39434,46.835849,5.708564,2,1,7,1,1,4,1,1,2,1,,1.4,1,0,4,3,1,41,5,2,,0,0,0,26,202100010074A01,,,,200071595
202100010095,2021-11-01,2021,novembre,lundi,11:10,95,95042,49.057122,2.297087,1,1,5,1,7,3,2,2,1,3,,-1,1,0,1,4,1,45,5,1,2 / 6,0,2,1,13,202100010095A01,7,1,1,200073013
202100010095,2021-11-01,2021,novembre,lundi,11:10,95,95042,49.057122,2.297087,1,1,5,1,7,3,2,2,1,3,,-1,1,0,1,4,1,43,5,1,2 / 6,0,2,3,13,202100010095B01,7,1,1,200073013
202100010167,2021-10-29,2021,octobre,vendredi,23:57,75,75119,48.894771,2.382329,2,3,3,5,2,4,3,5,1,1,,-1,2,0,1,4,1,41,9,2,,0,2,1,17,202100010167A01,30,16,1,200054781
202100010209,2021-10-09,2021,octobre,samedi,10:55,44,44195,47.341007,-1.896064,1,1,1,1,1,4,2,2,1,2,,4,1,0,3,4,1,41,5,1,2,0,2,7,23,202100010209B01,7,1,1,200072734
202100010305,2021-10-29,2021,octobre,vendredi,19:00,54,54159,48.62909,6.36344,1,1,6,2,1,3,2,2,1,1,,-1,1,0,1,4,1,15,5,2,,0,2,4,1,202100010305C01,10,26,1,245400189
202100010305,2021-10-29,2021,octobre,vendredi,19:00,54,54159,48.62909,6.36344,1,1,6,2,1,3,2,2,1,1,,-1,1,0,1,4,1,14,5,2,,0,2,4,1,202100010305B01,10,26,1,245400189
202100010344,2021-10-29,2021,octobre,vendredi,01:05,75,75120,48.864421,2.398071,2,2,3,5,1,4,2,2,1,1,,-1,1,0,1,1,1,26,9,2,,0,2,2,1,202100010344B01,30,1,1,200054781
202100010347,2021-10-29,2021,octobre,vendredi,09:50,75,75116,48.85793,2.287914,2,3,2,1,1,4,1,3,1,1,,-1,1,0,1,1,1,17,9,1,2,0,2,4,19,202100010347A01,33,1,1,200054781
202100010349,2021-10-29,2021,octobre,vendredi,13:00,75,75114,48.837542,2.323024,2,2,3,1,2,4,1,1,1,1,,-1,2,0,5,4,1,24,5,2,,0,2,1,1,202100010349B01,43,9,1,200054781
202100010372,2021-10-27,2021,octobre,mercredi,16:10,93,93066,48.9181622246,2.3571313876,2,3,3,1,1,3,1,2,1,1,,-1,1,0,1,3,1,51,1,2,,0,2,1,1,202100010372B01,37,16,1,200054781
202100010399,2021-09-02,2021,septembre,jeudi,15:30,51,51287,49.0933360557,3.9403481312,1,1,7,1,1,3,2,2,1,1,,-1,1,0,3,4,1,28,5,1,2,0,0,0,1,202100010399A01,,,,245100615
202100010408,2021-10-28,2021,octobre,jeudi,12:20,44,44029,47.267433,-1.342027,2,6,3,1,1,3,1,1,1,1,,-1,1,5,1,3,1,65,5,2,,0,2,3,16,202100010408B01,7,16,1,200067866
202100010443,2021-10-29,2021,octobre,vendredi,17:20,69,69069,45.745918,4.732394,2,3,3,1,1,4,2,2,1,1,,-1,1,0,1,3,1,56,3,1,2 / 4,0,2,5,1,202100010443B01,7,9,1,200046977
202100010509,2021-10-27,2021,octobre,mercredi,07:56,63,63113,45.78793,3.12252,2,5,1,4,1,7,2,3,1,1,,4,1,5,1,2,1,44,1,2,,0,2,1,1,202100010509B01,7,15,1,246300701
202100010559,2021-10-27,2021,octobre,mercredi,16:40,75,75117,48.894262,2.31361,2,2,6,1,1,4,2,6,1,1,,-1,1,-1,5,1,2,53,1,2,,0,1,1,1,202100010559A01,,,,200054781
202100010563,2021-10-27,2021,octobre,mercredi,20:30,75,75114,48.824699,2.325971,2,3,3,5,1,4,2,3,1,1,,-1,1,-1,5,4,2,26,5,2,,0,2,8,1,202100010563A01,2,16,1,200054781
202100010570,2021-10-27,2021,octobre,mercredi,20:45,75,75102,48.870296,2.33269,2,7,3,5,1,4,1,2,1,1,,-1,1,-1,6,4,2,26,9,1,2,0,2,8,1,202100010570A01,1,1,1,200054781
202100010570,2021-10-27,2021,octobre,mercredi,20:45,75,75102,48.870296,2.33269,2,7,3,5,1,4,1,2,1,1,,-1,1,-1,6,1,1,23,5,2,,0,2,1,1,202100010570B01,1,1,1,200054781
202100010597,2021-10-28,2021,octobre,jeudi,14:00,12,12208,43.955866,2.859723,1,2,3,1,1,3,2,1,1,1,,3.5,1,0,1,4,1,14,5,2,,0,2,7,19,202100010597B01,7,1,1,200067155
202100010601,2021-10-27,2021,octobre,mercredi,16:55,28,28022,48.473817,1.410949,1,1,2,1,1,3,2,2,1,1,,-1,1,0,1,3,1,43,5,2,,0,0,4,1,202100010601B01,7,1,1,200033181
202100010602,2021-10-28,2021,octobre,jeudi,13:58,85,85215,46.848443,-1.169616,2,1,3,1,1,4,1,2,1,1,,4,1,0,1,4,1,10,5,2,,0,2,1,19,202100010602B01,7,1,1,200071918
202100010616,2021-10-28,2021,octobre,jeudi,16:45,38,38416,45.14733,5.307212,2,6,2,1,1,3,2,2,1,1,,-1,1,0,5,4,2,54,0,2,,0,0,6,1,202100010616B01,7,12,1,200070431
202100010623,2021-10-28,2021,octobre,jeudi,14:40,90,90044,47.709233,6.965686,1,3,3,1,7,3,2,2,2,1,,-1,1,0,1,3,1,96,5,1,2 / 4,0,2,1,1,202100010623B01,7,15,1,200069060
202100010631,2021-10-28,2021,octobre,jeudi,12:25,95,95394,49.069315,2.179375,2,1,6,1,1,3,2,2,1,1,,-1,1,0,5,4,1,72,5,1,2 / 6,0,0,8,1,202100010631A01,,,,249500455
202100010641,2021-10-29,2021,octobre,vendredi,12:45,74,74079,45.857447,6.329311,1,4,3,1,1,3,2,2,2,1,,-1,1,0,1,3,1,55,0,1,2,0,2,1,1,202100010641B01,7,15,1,247400617
202100010656,2021-10-28,2021,octobre,jeudi,12:00,59,59133,50.52184306,2.96295052,2,6,3,1,1,7,2,2,1,2,,-1,1,0,1,4,1,43,5,1,2 / 6,0,2,1,2,202100010656B01,10,2,1,200093201
202100010701,2021-10-19,2021,octobre,mardi,14:41,63,63113,45.79545,3.10436,1,1,2,1,1,7,3,5,1,1,,-1,1,0,1,2,1,77,5,2,,0,2,4,0,202100010701B01,7,1,1,246300701
202100010738,2021-10-27,2021,octobre,mercredi,19:35,75,75116,48.863921,2.2905,2,2,2,5,1,4,3,6,2,1,,-1,1,-1,6,4,1,60,9,1,2,0,2,4,2,202100010738B01,7,2,1,200054781
202100010742,2021-10-27,2021,octobre,mercredi,12:40,75,75101,48.860552,2.349354,2,2,6,1,1,4,2,4,1,1,,-1,1,-1,5,1,1,34,4,2,,0,1,1,1,202100010742A01,,,,200054781
202100010761,2021-10-27,2021,octobre,mercredi,16:40,86,86183,46.951979,0.6466357,1,1,2,1,1,3,2,2,1,1,,-1,1,0,1,3,1,72,5,1,2,0,2,4,2,202100010761B01,7,2,1,248600413
202100010790,2021-10-27,2021,octobre,mercredi,17:02,45,45146,47.719994,1.930992,1,1,3,1,7,4,2,2,1,1,,4,1,0,1,4,2,41,5,2,,0,2,0,1,202100010790B01,7,1,1,200005932
202100010807,2021-10-26,2021,octobre,mardi,11:40,67,67329,48.451268,7.521225,1,2,1,1,1,3,2,2,1,1,,-1,1,0,1,4,1,13,5,2,,0,2,3,19,202100010807B01,7,1,1,246701080
202100010810,2021-10-28,2021,octobre,jeudi,17:15,54,54196,48.559944,6.1852812762,1,2,6,2,1,3,2,1,2,1,,-1,1,0,1,4,1,46,5,1,2,0,2,1,1,202100010810C01,7,15,1,245400171
202100010810,2021-10-28,2021,octobre,jeudi,17:15,54,54196,48.559944,6.1852812762,1,2,6,2,1,3,2,1,2,1,,-1,1,0,1,4,1,17,5,1,2,0,2,1,1,202100010810B01,7,15,1,245400171
202100010817,2021-10-28,2021,octobre,jeudi,09:08,44,44215,47.177375,-1.463413,2,6,3,1,1,7,-1,1,1,1,,-1,1,5,1,3,1,59,5,1,9,0,2,8,12,202100010817B01,7,11,1,244400404
202100010918,2021-10-25,2021,octobre,lundi,19:40,14,14137,49.18958,-0.44182,2,1,6,3,1,3,-1,1,1,1,,-1,2,0,1,3,1,21,1,2,,0,2,0,2,202100010918B01,7,0,1,200065597
202100010923,2021-10-25,2021,octobre,lundi,20:45,12,12176,44.39666,2.5071,1,1,2,3,1,3,2,2,1,1,,-1,1,0,1,3,1,21,5,2,,0,2,4,1,202100010923B01,7,2,1,241200187
202100010938,2021-10-26,2021,octobre,mardi,09:25,75,75110,48.873969,2.348576,2,1,1,1,1,4,2,2,1,1,,-1,1,-1,5,4,1,37,1,1,2,0,2,1,1,202100010938B01,7,13,1,200054781
202100010960,2021-10-26,2021,octobre,mardi,15:55,01,01075,46.023543,4.793893,1,2,3,1,1,4,3,2,1,1,,4,1,0,1,3,1,21,0,1,2,0,2,1,1,202100010960B01,7,1,1,200070118
202100010964,2021-10-27,2021,octobre,mercredi,13:30,83,83057,43.37932,6.208949,1,1,2,1,1,3,2,2,1,1,,-1,1,0,1,3,1,89,5,1,2 / 4,0,0,4,1,202100010964B01,13,17,1,248300550
202100010978,2021-10-26,2021,octobre,mardi,18:50,38,38140,45.276895,5.87263,2,6,3,5,9,3,1,2,1,2,,-1,1,0,1,4,1,25,1,1,1,0,2,7,1,202100010978B01,7,2,1,200018166
202100010979,2021-10-25,2021,octobre,lundi,10:45,38,38140,45.283966,5.882783,2,1,3,1,7,3,-1,2,1,1,,-1,1,0,1,4,1,54,5,1,2,0,2,1,9,202100010979B01,10,20,1,200018166
202100010984,2021-10-26,2021,octobre,mardi,15:10,14,14172,49.336952,-0.732694,1,1,7,1,1,3,2,2,3,1,,-1,1,0,3,3,1,68,5,1,2,0,0,8,1,202100010984A01,,,,241400555
202100010996,2021-10-26,2021,octobre,mardi,19:45,973,97304,5.1755634617,-52.6497318596,2,1,1,3,1,4,2,2,1,1,,4,1,5,8,2,1,72,5,2,,0,2,1,9,202100010996B01,7,0,1,200027548
202100011000,2021-10-26,2021,octobre,mardi,20:00,13,13096,43.463853,4.396119,1,1,2,3,1,3,2,2,1,1,,-1,1,0,1,3,2,57,5,2,,0,0,4,2,202100011000B01,10,2,1,241300417
202100011000,2021-10-26,2021,octobre,mardi,20:00,13,13096,43.463853,4.396119,1,1,2,3,1,3,2,2,1,1,,-1,1,0,1,3,2,52,5,2,,0,0,4,2,202100011000C01,10,2,1,241300417
202100011040,2021-10-25,2021,octobre,lundi,17:50,06,06123,43.667543,7.192388,2,1,3,1,1,7,2,2,1,1,,-1,1,6,4,4,1,16,5,2,,0,2,6,20,202100011040A01,7,0,1,200030195
202100011110,2021-10-24,2021,octobre,dimanche,03:00,75,75106,48.854103,2.343585,2,1,1,5,1,4,2,4,1,1,,-1,1,-1,5,4,1,26,5,1,2,0,2,1,1,202100011110A01,1,13,1,200054781
202100011149,2021-10-16,2021,octobre,samedi,17:18,49,49307,47.447975,-0.409477,2,3,3,2,1,3,2,2,1,1,,-1,1,0,1,4,1,13,5,2,,0,2,1,0,202100011149B01,7,1,1,244900015
202100011153,2021-10-25,2021,octobre,lundi,17:40,68,68192,47.631308,7.059317,2,3,3,2,7,3,2,2,1,1,,-1,1,2,1,4,1,58,0,1,2,0,0,8,16,202100011153B01,7,15,1,200066033
202100011160,2021-10-24,2021,octobre,dimanche,13:55,43,43216,45.134132,3.812116,2,3,1,1,1,3,2,2,1,1,,-1,1,0,1,3,2,72,5,1,2,0,2,1,1,202100011160B01,3,15,1,200073419
202100011168,2021-10-26,2021,octobre,mardi,06:55,987,98724,-16.699237,-150.994871,1,1,1,1,1,2,2,2,1,3,,-1,1,0,1,3,1,47,5,2,,0,2,1,1,202100011168B01,2,13,1,
202100011173,2021-10-26,2021,octobre,mardi,09:50,38,38236,45.424201,5.705091,1,4,3,1,1,3,2,2,1,1,,-1,1,0,1,3,1,46,5,1,2 / 6,0,2,8,1,202100011173B01,7,15,1,200040111
202100011233,2021-10-24,2021,octobre,dimanche,00:55,75,75118,48.888351,2.349604,2,3,3,5,1,4,2,4,1,1,,-1,1,-1,5,1,1,28,5,1,2,0,2,1,1,202100011233B01,32,1,1,200054781
202100011240,2021-10-24,2021,octobre,dimanche,18:30,75,75111,48.862305,2.372572,2,2,3,1,1,4,3,2,1,2,,-1,1,-1,5,4,1,31,9,1,2,0,2,6,1,202100011240A01,7,15,1,200054781
202100011243,2021-10-24,2021,octobre,dimanche,06:15,75,75110,48.869319,2.354299,2,2,3,5,1,4,2,5,1,1,,-1,1,-1,5,4,1,26,5,1,2,0,2,1,1,202100011243B01,7,15,1,200054781
202100011244,2021-10-23,2021,octobre,samedi,17:15,75,75104,48.84712,2.364974,2,4,1,1,1,4,2,0,1,1,,-1,1,0,5,4,2,49,9,1,2,0,2,1,1,202100011244A01,1,13,1,200054781
202100011277,2021-10-16,2021,octobre,samedi,15:25,39,39261,46.461591,5.438677,1,1,7,1,1,3,2,2,2,1,,-1,1,0,1,3,1,71,5,1,2,0,0,0,1,202100011277A01,,,,200072056
202100011284,2021-10-24,2021,octobre,dimanche,16:15,70,70356,47.379871,5.933454,1,1,3,1,1,3,2,2,1,1,,-1,1,0,1,2,1,83,5,1,2,0,2,0,0,202100011284A01,7,2,1,247000706
202100011305,2021-10-25,2021,octobre,lundi,04:00,2A,2A247,41.599109,9.277933,2,1,1,3,1,3,2,2,1,1,,-1,1,0,1,3,1,13,5,2,,0,2,4,2,202100011305B01,32,2,1,200040764
202100011415,2021-10-22,2021,octobre,vendredi,18:35,75,75105,48.848899,2.347463,2,2,7,1,1,4,1,2,1,1,,-1,1,0,1,4,2,21,1,2,,0,0,0,1,202100011415A01,,,,200054781
202100011416,2021-10-23,2021,octobre,samedi,14:40,75,75119,48.873944,2.385404,2,2,6,1,1,4,2,2,2,1,,-1,1,5,1,1,1,61,5,1,2,0,2,8,19,202100011416B01,30,1,1,200054781
202100011427,2021-10-23,2021,octobre,samedi,05:50,75,75104,48.85104,2.362246,2,3,7,5,1,4,2,3,1,1,,-1,1,0,5,4,1,39,9,1,2,0,0,1,1,202100011427A01,,,,200054781
202100011428,2021-10-22,2021,octobre,vendredi,22:14,75,75104,48.856472,2.364354,2,2,3,5,1,4,1,1,1,1,,-1,1,5,1,4,1,29,9,2,,0,2,7,1,202100011428B01,7,1,1,200054781
202100011440,2021-10-23,2021,octobre,samedi,18:46,92,92062,48.8781257887,2.2427693009,2,9,3,2,1,3,3,6,1,1,,-1,1,2,1,4,1,55,0,2,,0,2,0,0,202100011440B01,7,18,1,200054781
202100011460,2021-10-24,2021,octobre,dimanche,12:30,61,61345,48.432279,0.775411,2,1,7,1,1,3,2,2,2,1,,-1,1,0,1,2,1,68,5,2,,0,2,1,1,202100011460A01,1,1,1,200068435
202100011471,2021-10-24,2021,octobre,dimanche,16:00,70,70427,47.749635,6.00097,2,1,7,1,1,3,2,2,2,1,,-1,1,0,1,2,1,70,5,1,2 / 9,0,0,0,1,202100011471A01,,,,200041879
202100011476,2021-10-23,2021,octobre,samedi,14:10,10,10063,48.36362,4.532547,1,1,3,1,1,3,2,2,1,1,,-1,1,0,3,3,1,72,3,2,,0,2,8,2,202100011476B01,7,2,1,200040137
202100011486,2021-10-21,2021,octobre,jeudi,15:50,88,88075,48.014175,6.885424,1,3,3,1,1,3,2,2,2,1,,-1,1,0,1,3,1,23,5,1,2,0,2,1,1,202100011486B01,7,15,1,200096634
202100011491,2021-10-20,2021,octobre,mercredi,08:00,33,33199,44.633757,-1.059633,2,6,3,2,1,4,2,2,1,3,,4,1,0,1,4,1,15,2,2,,0,2,7,1,202100011491A01,7,1,1,243300563
202100011627,2021-10-22,2021,octobre,vendredi,05:25,10,10357,48.300417,4.108746,2,6,3,5,8,3,-1,2,1,1,,-1,2,5,1,4,1,35,0,1,2,0,2,0,0,202100011627B01,7,9,1,200069250
202100011628,2021-10-22,2021,octobre,vendredi,17:15,06,06088,43.703946,7.267851,2,2,3,1,1,4,2,2,1,1,,-1,1,0,1,3,1,57,0,1,2,0,2,8,1,202100011628B01,7,15,1,200030195
202100011635,2021-10-22,2021,octobre,vendredi,14:45,75,75119,48.880141,2.375682,2,5,3,1,1,4,1,1,2,1,,-1,1,0,1,4,2,28,1,1,2,0,2,1,18,202100011635B01,7,16,1,200054781
202100011641,2021-10-22,2021,octobre,vendredi,08:00,75,75114,48.834526,2.332655,2,7,3,1,1,4,2,2,1,1,,-1,1,6,5,4,2,16,2,1,2,8,2,6,1,202100011641B01,37,14,1,200054781
202100011645,2021-10-22,2021,octobre,vendredi,09:07,75,75114,48.841956,2.329593,2,2,6,1,1,4,1,1,1,1,,-1,1,0,1,4,1,25,9,2,,12,0,7,14,202100011645A01,,,,200054781
202100011705,2021-10-23,2021,octobre,samedi,09:15,06,06038,43.683511,6.973223,1,1,3,1,1,3,2,2,2,4,,-1,1,0,1,3,1,46,5,1,2 / 6,0,2,1,1,202100011705B01,10,10,1,240600585
202100011716,2021-10-23,2021,octobre,samedi,17:30,48,48072,44.504249,3.340402,1,1,7,1,1,3,2,2,2,1,,-1,1,0,3,3,2,59,5,1,2,0,0,0,1,202100011716A01,,,,244800470
202100011727,2021-10-23,2021,octobre,samedi,17:00,55,55069,48.84383,4.990776,1,1,3,1,7,3,2,2,1,3,,-1,1,0,3,4,1,42,0,2,,0,0,8,1,202100011727B01,7,1,1,245501184
202100011836,2021-10-20,2021,octobre,mercredi,12:15,10,10362,48.29371,4.05357,2,1,3,1,1,4,2,2,1,1,,-1,1,0,4,4,1,11,0,1,2,0,2,1,25,202100011836B01,7,26,1,200069250
202100011844,2021-10-20,2021,octobre,mercredi,08:30,75,75120,48.864778,2.395745,2,2,3,1,2,4,2,1,2,1,,-1,2,-1,5,4,2,34,9,2,,0,2,1,1,202100011844B01,7,16,1,200054781
202100011849,2021-10-21,2021,octobre,jeudi,18:25,75,75115,48.833903,2.290131,2,4,6,1,1,4,1,3,1,1,,-1,2,-1,5,1,2,46,1,1,2,0,1,1,1,202100011849A01,,,,200054781
202100011850,2021-10-21,2021,octobre,jeudi,00:01,75,75114,48.822167,2.330368,2,2,7,5,6,4,2,2,1,1,,-1,2,0,1,4,2,21,5,2,,0,0,0,1,202100011850A01,,,,200054781
202100011851,2021-10-20,2021,octobre,mercredi,22:00,75,75114,48.836017,2.327642,2,2,6,5,1,4,2,0,2,1,,-1,1,-1,5,1,1,41,9,2,,0,1,1,21,202100011851A01,,,,200054781
202100011852,2021-10-21,2021,octobre,jeudi,15:00,75,75113,48.822872,2.377755,2,3,3,1,3,4,2,4,1,1,,-1,2,-1,5,4,1,35,1,1,2,0,2,8,1,202100011852B01,14,15,1,200054781
202100011857,2021-10-21,2021,octobre,jeudi,14:15,75,75103,48.865903,2.358133,2,2,3,1,3,4,2,2,1,1,,-1,2,-1,5,4,1,16,5,2,,0,2,7,1,202100011857A01,10,1,1,200054781
202100011893,2021-10-19,2021,octobre,mardi,07:25,59,59371,50.618617,2.880221,2,1,3,3,2,4,2,2,1,2,,4,2,0,1,4,1,52,0,1,2,0,2,8,1,202100011893A01,10,1,1,200093201
202100011897,2021-10-22,2021,octobre,vendredi,05:45,56,56226,47.961781,-2.149077,1,1,1,3,2,3,2,2,2,1,,-1,2,0,1,4,1,31,1,2,,0,2,1,1,202100011897B01,7,1,1,200066785
202100011917,2021-10-18,2021,octobre,lundi,12:50,14,14691,49.111004,-0.305927,2,6,1,1,1,3,2,2,1,1,,-1,1,5,1,4,1,56,5,2,,0,2,1,15,202100011917B01,7,6,1,
202100011959,2021-10-19,2021,octobre,mardi,16:45,47,47201,44.19105,0.5989,2,1,2,1,1,4,2,2,2,1,,-1,1,0,1,3,1,78,5,2,,0,2,4,1,202100011959B01,7,1,1,200096956
202100011963,2021-07-29,2021,juillet,jeudi,11:10,74,74080,45.875187,6.454178,1,1,5,1,1,3,2,2,2,3,,-1,1,0,1,2,1,67,5,1,2,0,2,1,1,202100011963C01,7 / 33,1 / 17,2,247400617
202100012043,2021-10-20,2021,octobre,mercredi,14:00,75,75120,48.864482,2.408397,2,7,3,1,1,4,1,1,1,1,,-1,1,-1,5,4,2,31,4,1,2,0,2,3,1,202100012043B01,14,14,1,200054781
202100012048,2021-10-20,2021,octobre,mercredi,12:40,75,75112,48.84652,2.4002,2,3,2,1,8,4,1,2,1,1,,-1,1,0,1,4,2,44,1,2,,0,2,7,9,202100012048B01,7,4,1,200054781
202100012053,2021-10-20,2021,octobre,mercredi,14:20,75,75101,48.864189,2.333481,2,1,3,1,1,4,1,1,1,1,,-1,1,0,1,4,1,42,1,2,,0,2,1,1,202100012053B01,10,22,1,200054781
202100012096,2021-10-21,2021,octobre,jeudi,13:35,44,44063,47.067107,-1.200793,1,1,2,1,1,3,2,2,1,1,,-1,1,0,1,2,1,69,5,2,,0,2,4,1,202100012096B01,10,1,1,200067635
202100012118,2021-10-20,2021,octobre,mercredi,13:10,89,89085,47.954441,3.493574,1,2,3,1,1,3,2,2,1,1,,-1,1,0,1,4,1,62,5,1,2,0,2,1,2,202100012118B01,7,19,1,248900383
202100012123,2021-10-21,2021,octobre,jeudi,13:55,26,26313,44.97698,4.961749,1,3,2,1,1,3,2,2,1,1,,-1,1,0,1,4,2,50,1,1,2,0,2,6,15,202100012123B01,31,17,1,200068781
202100012126,2021-10-19,2021,octobre,mardi,15:45,85,85092,46.465406,-0.822505,2,3,1,1,1,6,-1,-1,-1,-1,,-1,1,0,-1,4,1,64,5,1,4,0,0,8,1,202100012126B01,7,15,1,200071934
202100012132,2021-10-21,2021,octobre,jeudi,14:10,59,59523,50.585764,3.167281,2,6,3,1,8,7,-1,1,1,3,,-1,2,9,1,4,2,25,0,2,,0,2,8,26,202100012132B01,7,17,1,200093201
202100012219,2021-10-19,2021,octobre,mardi,08:55,27,27229,49.03,1.136,2,1,3,1,1,4,2,2,3,1,,-1,2,0,1,4,2,40,5,1,2 / 6,0,2,2,1,202100012219B01,7,13,1,200071454
202100012220,2021-10-19,2021,octobre,mardi,07:15,27,27229,49.02427,1.14979,2,1,7,2,2,4,1,1,1,1,,-1,2,0,4,4,2,58,1,1,2 / 4,0,0,0,1,202100012220A01,,,,200071454
202100012242,2021-10-19,2021,octobre,mardi,17:25,75,75105,48.853507,2.345226,2,1,6,1,1,4,2,5,1,1,,-1,1,0,5,1,1,23,1,1,2,0,1,6,1,202100012242A01,,,,200054781
202100012247,2021-10-19,2021,octobre,mardi,18:10,75,75118,48.883415,2.334312,2,3,3,2,1,4,3,2,1,1,,-1,1,0,6,4,1,27,9,1,2,0,2,6,11,202100012247B01,33,7,1,200054781
202100012248,2021-10-19,2021,octobre,mardi,17:30,75,75116,48.841433,2.263454,2,1,6,1,1,4,3,2,1,1,,-1,1,0,5,4,2,48,1,1,2,0,1,1,1,202100012248A01,,,,200054781
202100012251,2021-10-18,2021,octobre,lundi,20:20,75,75114,48.836762,2.32075,2,2,3,5,2,4,2,2,1,1,,-1,2,0,1,4,1,23,1,1,2,0,2,1,1,202100012251A01,7,1,1,200054781
202100012252,2021-10-19,2021,octobre,mardi,16:45,75,75113,48.836567,2.351175,2,3,3,1,1,4,1,3,2,3,,-1,1,0,6,4,2,80,5,1,2,0,2,8,13,202100012252A01,37,15,1,200054781
202100012286,2021-10-18,2021,octobre,lundi,10:45,33,33138,45.039207,-0.105561,2,1,3,1,1,3,2,2,1,1,,-1,1,0,1,4,2,47,5,2,,0,2,3,1,202100012286A01,2,17,1,200070092
202100012294,2021-10-19,2021,octobre,mardi,16:00,42,42210,45.489258,4.634101,1,1,1,1,1,7,2,2,2,2,,-1,1,0,1,4,1,60,5,1,2,0,2,1,11,202100012294A01,7,1,1,244200770
202100012307,2021-10-18,2021,octobre,lundi,13:10,29,29061,48.42596,-4.457416,2,6,2,1,3,4,2,1,1,2,,3.5,2,5,1,3,1,35,1,2,,0,2,4,1,202100012307B01,7,9,1,242900314