Num_Acc,date,an,mois,jour,hrmn,dep,com,lat,long,agg,int,col,lum,atm,catr,circ,nbv,prof,plan,lartpc,larrout,surf,infra,situ,grav,sexe,age,trajet,secuexist,equipement,obs,obsm,choc,manv,vehiculeid,typevehicules,manoeuvehicules,numVehicules,_infos_commune.code_epci
202100012310,2021-10-20,2021,octobre,mercredi,13:35,38,38006,45.394777,6.072183,2,2,3,1,7,3,2,2,3,1,,-1,1,0,1,4,1,73,5,1,2,0,2,1,1,202100012310B01,7,15,1,200018166
202100012318,2021-10-19,2021,octobre,mardi,07:50,37,37179,47.4486482994,0.7275679921,1,6,3,2,1,7,2,2,1,2,,-1,1,5,1,3,1,56,1,1,2 / 4 / 6,0,2,2,1,202100012318A01,7,9,1,243700754
202100012329,2021-10-19,2021,octobre,mardi,13:15,13,13014,43.474836,5.168665,2,1,1,1,1,4,1,2,1,1,,4,1,0,1,1,1,48,1,2,,0,1,1,1,202100012329A01,,,,200054807
202100012335,2021-10-20,2021,octobre,mercredi,07:40,33,33442,45.0386115357,-0.2091508951,1,1,2,2,1,3,2,2,2,1,,-1,1,0,1,2,1,59,1,2,,0,0,4,0,202100012335B01,10,1,1,200070092
202100012456,2021-10-17,2021,octobre,dimanche,08:50,29,29019,48.44902,-4.51137,1,6,3,1,1,7,1,2,1,2,,-1,1,5,1,4,1,58,5,1,2,0,2,0,1,202100012456B01,10,9,1,242900314
202100012477,2021-10-18,2021,octobre,lundi,20:40,75,75119,48.895271,2.371927,2,2,3,5,3,4,2,2,1,3,,-1,2,0,5,4,1,33,5,1,2,0,2,8,1,202100012477A01,7,16,1,200054781
202100012479,2021-10-18,2021,octobre,lundi,20:00,75,75118,48.894942,2.368271,2,1,2,5,2,4,1,1,1,1,,-1,2,0,1,4,1,32,9,2,,0,2,1,2,202100012479B01,7,23,1,200054781
202100012510,2021-10-18,2021,octobre,lundi,15:30,52,52538,47.986192,5.191302,1,1,2,1,1,3,2,2,1,1,,-1,1,0,1,2,1,75,5,1,2,0,2,1,1,202100012510B01,1,1,1,245200597
202100012510,2021-10-18,2021,octobre,lundi,15:30,52,52538,47.986192,5.191302,1,1,2,1,1,3,2,2,1,1,,-1,1,0,1,1,1,68,5,1,2,0,0,4,1,202100012510A01,1,1,1,245200597
202100012539,2021-10-19,2021,octobre,mardi,06:15,26,26252,44.8578869,4.871865,1,6,3,5,1,3,1,2,1,2,,-1,1,0,1,3,1,64,1,1,4,0,2,7,1,202100012539B01,7,1,1,200068781
202100012575,2021-10-17,2021,octobre,dimanche,14:40,74,74056,45.936012,6.877196,1,1,2,1,7,4,2,2,1,1,,5.5,1,0,1,3,1,65,5,2,,0,2,3,1,202100012575B01,7,1,1,200023372
202100012582,2021-10-17,2021,octobre,dimanche,11:05,85,85009,46.436423,-0.866482,1,1,7,1,1,4,2,2,2,1,,4,1,0,1,2,1,76,5,1,2,0,0,0,0,202100012582A01,,,,200071934
202100012588,2021-10-18,2021,octobre,lundi,18:40,60,60141,49.1776394589,2.4552766979,2,3,3,5,1,3,-1,1,1,1,,4,1,0,1,4,2,16,0,2,,0,2,1,19,202100012588B01,7,15,1,246000764
202100012614,2021-06-03,2021,juin,jeudi,11:20,69,69003,45.870204,4.832204,2,9,1,1,1,4,2,2,2,3,,4,1,0,1,4,1,46,5,1,2,0,2,1,1,202100012614B01,7,13,1,200046977
202100012678,2021-10-17,2021,octobre,dimanche,12:00,75,75110,48.875314,2.350921,2,2,1,1,1,4,1,2,1,1,,-1,1,0,1,3,2,18,5,2,,0,2,2,5,202100012678B01,30,1,1,200054781
202100012684,2021-10-17,2021,octobre,dimanche,12:55,75,75107,48.862876,2.31519,2,3,1,1,1,4,2,2,1,1,,-1,1,-1,5,4,2,42,5,1,2,0,2,1,1,202100012684B01,1,17,1,200054781
202100012684,2021-10-17,2021,octobre,dimanche,12:55,75,75107,48.862876,2.31519,2,3,1,1,1,4,2,2,1,1,,-1,1,-1,5,1,2,26,5,2,,0,2,1,17,202100012684A01,1,1,1,200054781
202100012699,2021-10-16,2021,octobre,samedi,10:55,68,68173,48.102119,7.193629,2,4,6,1,1,3,2,1,2,2,,5.5,1,0,3,3,1,47,5,1,2,6,0,7,1,202100012699A01,,,,246800551
202100012736,2021-10-17,2021,octobre,dimanche,09:50,07,07188,45.190657,4.686913,2,6,3,1,1,3,1,1,1,2,,-1,1,0,1,4,1,73,5,1,2,0,0,0,0,202100012736B01,7,0,1,200072015
202100012737,2021-10-16,2021,octobre,samedi,16:10,85,85090,46.857711,-0.822258,1,4,5,1,1,4,2,2,2,3,,4,1,0,1,4,1,38,5,2,,0,2,1,13,202100012737B01,7,26 / 1,2,248500464
202100012765,2021-10-17,2021,octobre,dimanche,15:30,63,63204,45.826792,3.199017,1,4,3,1,1,3,2,2,1,2,,4,1,0,1,2,1,54,5,1,2,0,2,8,9,202100012765A01,7,1,1,200070753
202100012769,2021-10-12,2021,octobre,mardi,20:15,38,38087,45.572596,4.811572,1,1,1,3,1,3,2,2,1,1,,-1,1,0,1,3,1,49,0,2,,0,2,3,3,202100012769B01,7,1,1,200077014
202100012773,2021-10-17,2021,octobre,dimanche,11:30,17,17051,46.19105,-1.369807,2,2,3,1,1,4,-1,2,1,1,,4,1,0,1,3,1,60,0,2,,0,2,1,0,202100012773B01,7,19,1,241700459
202100012832,2021-10-16,2021,octobre,samedi,14:50,54,54578,48.67212,6.14424,2,3,3,1,1,7,1,1,2,1,,-1,1,-1,1,4,1,52,0,1,2,0,2,4,1,202100012832B01,7,1,1,245400676
202100012860,2021-10-16,2021,octobre,samedi,09:47,10,10387,48.2941468325,4.0778331086,2,2,6,1,5,4,1,2,1,1,,-1,1,0,5,4,1,27,0,2,,0,0,0,0,202100012860B01,7,19,1,200069250
202100012866,2021-10-16,2021,octobre,samedi,16:15,75,75118,48.899337,2.344059,2,3,2,1,1,4,2,5,1,1,,-1,1,0,1,4,1,40,9,2,,0,2,7,15,202100012866A01,30,1,1,200054781
202100012875,2021-10-16,2021,octobre,samedi,13:00,75,75112,48.827057,2.464548,2,2,2,1,1,4,3,2,1,1,,-1,1,0,1,4,1,65,9,1,2,0,2,1,1,202100012875B01,7,16,1,200054781
202100012879,2021-10-16,2021,octobre,samedi,08:36,75,75102,48.869041,2.332954,2,3,3,1,1,4,2,4,1,1,,-1,1,-1,6,4,2,27,9,2,,0,2,6,15,202100012879B01,7,1,1,200054781
202100012917,2021-10-05,2021,octobre,mardi,14:00,56,56140,47.961745,-2.826962,1,1,2,1,1,3,2,2,3,2,,-1,1,0,1,4,1,52,5,1,2 / 4 / 6,0,2,6,1,202100012917B01,7,2,1,200096683
202100012949,2021-10-16,2021,octobre,samedi,11:30,58,58050,47.320251,3.592642,1,1,7,1,1,3,2,2,2,1,,-1,1,0,1,2,1,76,5,1,2 / 6,0,0,0,0,202100012949A01,,,,200067692
202100012971,2021-10-15,2021,octobre,vendredi,19:30,78,78246,49.035566,1.742993,1,1,2,2,1,3,2,2,1,1,,-1,1,0,1,4,1,26,5,1,2 / 6,0,0,0,0,202100012971A01,7,0,1,200059889
202100012972,2021-10-16,2021,octobre,samedi,11:30,2A,2A041,41.401198,9.16749,2,1,7,1,1,2,-1,2,1,1,,7,1,0,1,3,1,49,5,1,2,0,0,1,0,202100012972A01,,,,200040764
202100012976,2021-10-02,2021,octobre,samedi,11:15,13,13020,43.392731,5.54816,2,1,3,1,1,7,-1,2,1,1,,-1,1,0,5,4,1,50,5,1,2,0,2,3,1,202100012976B01,7,2,1,200054807
202100012994,2021-10-15,2021,octobre,vendredi,09:05,14,14758,49.240098,-0.40084,1,1,1,1,7,4,2,2,1,1,,5,1,0,3,3,2,23,1,2,,0,2,1,23,202100012994B01,7,1,1,200065597
202100013056,2021-10-15,2021,octobre,vendredi,13:30,63,63300,45.8913065486,3.1102305651,2,4,3,1,1,3,3,2,1,1,,-1,1,0,1,3,1,54,5,2,,0,2,8,19,202100013056B01,7,1,1,200070753
202100013107,2021-10-15,2021,octobre,vendredi,10:45,75,75119,48.873287,2.381915,2,3,6,1,1,4,2,2,2,1,,-1,1,0,1,4,1,18,2,2,,0,1,1,1,202100013107A01,,,,200054781
202100013108,2021-10-14,2021,octobre,jeudi,19:30,75,75116,48.872151,2.263386,2,1,1,5,1,4,2,2,1,1,,-1,1,-1,5,4,1,55,1,1,4,0,2,1,1,202100013108B01,50,13,1,200054781
202100013109,2021-10-14,2021,octobre,jeudi,09:40,75,75116,48.857831,2.250269,2,2,2,1,1,4,2,2,1,1,,-1,1,0,1,3,1,28,9,1,2,0,2,4,13,202100013109B01,34,1,1,200054781
202100013111,2021-10-15,2021,octobre,vendredi,08:55,75,75114,48.825948,2.331703,2,2,3,1,1,4,2,2,2,1,,-1,1,-1,5,4,1,26,2,2,,0,2,1,1,202100013111B01,7,15,1,200054781
202100013115,2021-10-15,2021,octobre,vendredi,08:50,75,75109,48.872958,2.333291,2,5,3,1,1,4,1,3,1,1,,-1,1,0,1,4,1,62,1,1,2,0,2,3,1,202100013115B01,30,1,1,200054781
202100013156,2021-10-13,2021,octobre,mercredi,16:15,32,32155,43.760229,-0.194079,1,1,3,1,1,3,2,2,2,2,,-1,1,0,1,4,1,79,5,1,2,0,2,9,2,202100013156C01,7,17,1,243200409
202100013156,2021-10-13,2021,octobre,mercredi,16:15,32,32155,43.760229,-0.194079,1,1,3,1,1,3,2,2,2,2,,-1,1,0,1,4,2,74,5,1,2,0,2,9,2,202100013156B01,7,17,1,243200409
202100013168,2021-10-15,2021,octobre,vendredi,16:45,53,53150,47.788097,-0.680246,1,1,6,1,1,3,2,2,1,1,,-1,1,0,1,2,1,72,5,1,2,0,2,2,13,202100013168A01,7,0,1,245300447
202100013170,2021-10-15,2021,octobre,vendredi,08:00,85,85047,46.839623,-1.865445,2,6,1,2,1,3,1,2,1,2,,4,1,5,1,3,1,13,2,2,,0,2,7,19,202100013170B01,10,9,1,200071629
202100013176,2021-10-15,2021,octobre,vendredi,17:15,95,95371,49.0956886788,2.5136429071,2,1,7,1,1,3,3,2,1,1,,-1,1,0,1,4,1,53,5,1,2 / 6,0,0,0,1,202100013176A01,,,,200055655
202100013182,2021-10-15,2021,octobre,vendredi,15:50,38,38061,45.316317,5.62205,1,9,1,1,1,3,2,2,1,1,,-1,1,0,1,4,1,55,5,1,2 / 6,0,2,7,1,202100013182B01,7,19,1,243800984
202100013253,2021-10-13,2021,octobre,mercredi,18:20,54,54547,48.6603709737,6.1596169498,2,1,3,1,1,4,2,2,1,1,,-1,1,0,1,4,1,22,0,1,2,0,2,1,1,202100013253B01,7,15,1,245400676
202100013299,2021-10-14,2021,octobre,jeudi,09:51,06,06004,43.580905,7.112865,2,1,3,1,1,4,2,2,2,1,,-1,1,0,1,4,1,46,1,2,,0,2,8,21,202100013299B01,7,15,1,240600585
202100013304,2021-10-14,2021,octobre,jeudi,21:05,75,75116,48.862294,2.229339,2,3,6,5,1,4,2,2,1,1,,-1,1,0,1,4,1,34,5,1,2,0,0,1,1,202100013304A01,,,,200054781
202100013305,2021-10-14,2021,octobre,jeudi,11:30,75,75116,48.837202,2.259601,2,3,3,1,1,4,1,1,1,1,,-1,1,-1,5,4,1,47,9,2,,0,2,7,1,202100013305A01,7,15,1,200054781
202100013309,2021-10-14,2021,octobre,jeudi,03:05,75,75112,48.837816,2.390598,2,1,6,5,1,4,-1,2,1,1,,-1,1,0,1,4,1,41,9,2,,1,0,2,13,202100013309A01,,,,200054781
202100013316,2021-10-14,2021,octobre,jeudi,08:20,75,75104,48.855347,2.352838,2,2,3,1,1,4,2,4,1,1,,-1,1,-1,5,3,1,45,9,1,2 / 6,0,2,8,19,202100013316B01,32,1,1,200054781
202100013339,2021-10-14,2021,octobre,jeudi,18:40,92,92020,48.80909,2.29839,2,1,3,2,1,3,2,2,1,1,,-1,1,0,1,4,1,75,9,2,,1,0,1,1,202100013339B01,7,22,1,200054781
202100013354,2021-10-12,2021,octobre,mardi,17:45,26,26235,44.370564,4.695899,2,6,3,1,1,4,2,2,1,1,,4,1,0,1,4,1,41,3,2,,0,2,7,1,202100013354B01,7,9,1,200042901
202100013356,2021-10-13,2021,octobre,mercredi,17:25,33,33238,44.734997,-0.59854,2,1,3,1,1,3,2,2,1,1,,-1,1,0,1,3,1,26,5,1,2,0,2,1,1,202100013356B01,7,19,1,243301264
202100013386,2021-10-12,2021,octobre,mardi,09:30,75,75112,48.848031,2.392891,2,2,3,1,1,4,2,2,1,1,,-1,1,0,1,4,1,29,9,2,,0,2,3,18,202100013386B01,10,22,1,200054781
202100013387,2021-10-13,2021,octobre,mercredi,19:50,75,75111,48.860989,2.374841,2,3,6,5,1,4,2,4,1,1,,-1,1,0,1,4,1,29,9,1,2,0,1,1,1,202100013387A01,,,,200054781
202100013390,2021-10-13,2021,octobre,mercredi,09:43,75,75108,48.866279,2.313842,2,1,3,1,1,4,2,5,1,1,,-1,1,-1,5,4,2,55,9,2,,0,2,1,1,202100013390B01,10,20,1,200054781
202100013430,2021-09-30,2021,septembre,jeudi,15:45,28,28158,48.40928,1.4204,1,1,1,1,1,9,2,2,1,3,,-1,1,0,5,4,1,18,1,1,2,0,2,1,1,202100013430B01,1,1,1,200033181
202100013430,2021-09-30,2021,septembre,jeudi,15:45,28,28158,48.40928,1.4204,1,1,1,1,1,9,2,2,1,3,,-1,1,0,5,3,1,69,5,1,2,0,2,1,1,202100013430A01,1,1,1,200033181
202100013452,2021-10-13,2021,octobre,mercredi,19:40,60,60029,49.357869,1.983637,1,1,2,3,1,3,2,2,1,3,,-1,1,0,1,4,1,48,5,2,,0,0,4,1,202100013452A01,20,1,1,200067999
202100013475,2021-10-14,2021,octobre,jeudi,17:39,59,59602,50.609392,3.180177,2,2,3,2,1,7,2,2,1,1,,-1,1,5,1,3,1,65,0,1,2,0,2,1,0,202100013475B01,7,16,1,200093201
202100013476,2021-10-13,2021,octobre,mercredi,14:55,59,59581,50.6805745001,2.7584983899,1,1,5,1,1,3,2,2,1,1,,-1,1,0,1,4,1,17,5,1,2,0,2,8,15,202100013476B01,10,1,1,200040947
202100013476,2021-10-13,2021,octobre,mercredi,14:55,59,59581,50.6805745001,2.7584983899,1,1,5,1,1,3,2,2,1,1,,-1,1,0,1,4,1,33,5,1,2,0,2,8,15,202100013476C01,10,1,1,200040947
202100013515,2021-10-12,2021,octobre,mardi,18:44,63,63113,45.77129,3.12746,2,1,3,2,1,4,2,2,1,1,,-1,1,0,5,4,1,24,0,1,2,0,2,8,1,202100013515B01,7,26,1,246300701
202100013553,2021-10-12,2021,octobre,mardi,14:15,05,05061,44.5177,6.0644,1,1,7,1,1,3,2,2,1,1,,-1,9,0,1,4,1,72,5,1,2,0,0,0,9,202100013553A01,,,,200067825
202100013554,2021-10-12,2021,octobre,mardi,12:45,05,05061,44.56739,6.08337,2,3,3,1,1,2,2,2,2,1,,-1,1,0,1,4,1,20,5,2,,0,2,1,17,202100013554A01,7,15,1,200067825
202100013572,2021-05-23,2021,mai,dimanche,09:00,80,80021,49.8776153679,2.2828602791,2,2,3,1,1,4,-1,2,1,1,,-1,1,0,1,4,1,19,0,2,,0,2,2,15,202100013572A01,7,1,1,248000531
202100013629,2021-10-09,2021,octobre,samedi,12:57,63,63113,45.77742,3.08451,2,1,6,1,1,4,2,2,2,1,,-1,1,0,1,4,1,26,0,1,2,1,0,1,1,202100013629A01,,,,246300701
202100013640,2021-10-12,2021,octobre,mardi,17:30,54,54395,48.66962,6.16981,2,3,3,1,1,4,1,3,1,1,,-1,1,0,1,4,1,23,0,1,2 / 4,0,2,1,1,202100013640A01,7,15,1,245400676
202100013680,2021-10-12,2021,octobre,mardi,08:00,75,75120,48.864659,2.405655,2,5,3,1,1,4,1,2,1,1,,-1,1,-1,5,1,1,32,1,2,,0,2,1,1,202100013680B01,31,15,1,200054781
202100013692,2021-10-12,2021,octobre,mardi,08:40,75,75110,48.876823,2.361007,2,1,6,1,8,4,2,4,2,1,,-1,1,-1,5,1,1,23,2,2,,0,1,1,1,202100013692A01,,,,200054781
202100013693,2021-10-12,2021,octobre,mardi,18:40,75,75109,48.873072,2.34684,2,3,3,1,1,4,1,1,1,1,,-1,1,-1,5,4,2,25,9,1,2,0,2,1,16,202100013693B01,10,1,1,200054781
202100013694,2021-10-12,2021,octobre,mardi,08:30,75,75109,48.875845,2.343869,2,2,3,1,1,4,1,2,1,1,,-1,1,0,1,4,2,33,9,2,,0,2,7,1,202100013694B01,43,1,1,200054781
202100013702,2021-10-12,2021,octobre,mardi,09:20,94,94034,48.75381,2.33361,2,6,3,1,1,4,2,2,1,1,,-1,1,5,1,4,1,63,0,2,,15,0,0,0,202100013702A01,37,0,1,200054781
202100013733,2021-10-12,2021,octobre,mardi,18:30,31,31448,43.488533,1.465001,1,1,7,2,1,3,2,2,2,3,,-1,9,0,1,3,1,40,1,1,2,0,0,0,5,202100013733A01,,,,243100633
202100013750,2021-10-12,2021,octobre,mardi,17:45,29,29037,47.88451,-4.169151,1,6,3,1,1,3,2,2,1,1,,-1,1,9,1,3,1,68,5,1,2,0,2,1,1,202100013750B01,7,9,1,242900702
202100013752,2021-10-05,2021,octobre,mardi,17:00,54,54205,48.676519,5.802239,1,1,7,3,2,9,2,2,1,1,,-1,2,9,8,2,1,74,3,2,,0,0,1,0,202100013752A01,,,,200070563
202100013762,2021-08-02,2021,août,lundi,16:30,30,30212,43.934495,4.557111,2,1,2,1,1,3,2,2,1,1,,-1,1,5,1,3,1,59,5,2,,0,2,4,1,202100013762B01,7,16,1,243000684
202100013771,2021-10-12,2021,octobre,mardi,13:50,973,97304,5.17471,-52.653469,2,1,7,1,1,3,2,2,1,1,,-1,1,0,1,4,1,14,2,2,,0,2,0,10,202100013771A01,32,21,1,200027548
202100013782,2021-10-13,2021,octobre,mercredi,09:30,29,29057,47.896471,-3.970699,1,3,3,1,1,4,2,2,1,1,,4,1,0,1,4,2,55,1,2,,0,2,7,1,202100013782B01,7,1,1,242900660
202100013841,2021-10-05,2021,octobre,mardi,18:44,63,63113,45.77565,3.09651,2,1,3,2,1,4,3,4,1,1,,-1,1,0,1,4,1,20,0,1,2,0,2,8,19,202100013841B01,7,1,1,246300701
202100013842,2021-10-05,2021,octobre,mardi,18:08,63,63113,45.78346,3.09441,2,2,3,2,1,4,1,1,1,1,,-1,1,0,1,4,1,19,0,1,2,0,2,1,0,202100013842A01,7,1,1,246300701
202100013872,2021-10-11,2021,octobre,lundi,09:05,27,27229,49.02044,1.18201,2,1,3,2,1,4,1,1,1,1,,-1,1,0,1,4,1,59,0,1,2 / 6,0,2,1,1,202100013872B01,7,9,1,200071454
202100013877,2021-10-11,2021,octobre,lundi,18:40,13,13210,43.28048,5.40836,2,1,2,1,1,4,-1,2,1,1,,-1,1,0,1,4,1,13,0,1,2,0,2,1,15,202100013877B01,7,1,1,200054807
202100013890,2021-10-11,2021,octobre,lundi,09:27,75,75119,48.888382,2.374157,2,2,3,1,1,4,2,6,1,1,,-1,1,-1,5,4,2,27,1,1,2,0,2,8,21,202100013890B01,30,1,1,200054781
202100013892,2021-10-11,2021,octobre,lundi,14:30,75,75115,48.842015,2.300628,2,2,6,1,1,4,1,0,1,1,,-1,1,0,1,4,2,15,2,2,,12,0,1,1,202100013892A01,,,,200054781
202100013935,2021-10-12,2021,octobre,mardi,14:30,29,29220,47.866413,-4.229304,2,6,3,1,1,4,2,1,1,3,,5,1,0,1,4,1,28,0,2,,0,2,1,1,202100013935B01,7,9,1,242900702
202100013939,2021-10-12,2021,octobre,mardi,14:19,60,60509,49.3010211509,2.6044335364,2,3,3,1,1,3,2,2,1,1,,-1,1,0,1,4,1,67,5,2,,0,2,8,2,202100013939A01,7,2,1,246000921
202100014004,2021-10-09,2021,octobre,samedi,17:20,14,14118,49.17942,-0.34905,2,1,3,1,1,4,1,4,1,1,,-1,1,2,8,4,1,13,5,1,2,0,2,1,0,202100014004B01,7,19,1,200065597
202100014013,2021-10-10,2021,octobre,dimanche,13:30,75,75120,48.856284,2.409986,2,4,3,1,1,4,3,2,1,1,,-1,1,0,1,4,1,31,9,1,2,0,2,1,1,202100014013B01,7,12,1,200054781
202100014019,2021-10-09,2021,octobre,samedi,10:45,75,75113,48.819285,2.36202,2,2,3,1,1,4,2,4,1,1,,-1,1,0,1,4,2,50,5,2,,0,2,4,19,202100014019B01,7,1,1,200054781
202100014042,2021-10-10,2021,octobre,dimanche,14:30,67,67261,48.9651786714,8.1847715378,1,6,3,1,1,3,2,2,1,2,,-1,1,0,1,4,1,71,5,1,2,0,0,0,0,202100014042B01,7,16,1,200041283
202100014050,2021-10-10,2021,octobre,dimanche,15:37,14,14149,49.096727,-0.12006,1,1,7,1,1,4,-1,1,2,1,,3,1,0,1,4,2,9,5,2,,0,0,0,0,202100014050A01,,,,200065589
202100014054,2021-10-10,2021,octobre,dimanche,18:15,07,07160,45.200894,4.507388,1,1,1,1,1,4,2,2,2,3,,-1,1,0,1,4,1,39,5,1,2,0,2,8,1,202100014054A01,7,1,1,200072015
202100014070,2021-10-10,2021,octobre,dimanche,19:30,45,45191,48.284792,2.416563,1,1,7,2,1,3,2,2,2,3,,-1,1,0,3,2,1,62,5,2,,0,0,0,1,202100014070A01,,,,200071850
202100014071,2021-10-10,2021,octobre,dimanche,10:25,45,45346,47.944446,2.278113,2,1,6,1,1,9,2,2,1,1,,-1,1,0,1,4,1,54,5,1,2,0,0,0,1,202100014071C01,7,17,1,244500427
202100014071,2021-10-10,2021,octobre,dimanche,10:25,45,45346,47.944446,2.278113,2,1,6,1,1,9,2,2,1,1,,-1,1,0,1,3,1,65,5,1,2,0,0,8,1,202100014071B01,7,17,1,244500427
202100014086,2021-10-10,2021,octobre,dimanche,10:15,29,29006,47.879322,-4.106607,2,6,3,1,1,3,1,2,1,1,,-1,1,5,1,4,1,73,5,1,2,0,2,4,1,202100014086B01,3,16,1,242900660
202100014198,2021-10-09,2021,octobre,samedi,18:20,75,75106,48.84517,2.32854,2,2,3,1,1,4,2,4,2,1,,-1,1,0,1,4,2,49,5,2,,0,2,8,15,202100014198A01,33,1,1,200054781
202100014204,2021-10-09,2021,octobre,samedi,19:30,75,75115,48.828494,2.301386,2,2,3,5,1,4,2,1,4,1,,-1,1,0,1,4,1,32,9,1,2,0,2,1,1,202100014204B01,7,15,1,200054781
202100014237,2021-10-06,2021,octobre,mercredi,13:20,41,41194,47.342212,1.749012,2,6,3,1,1,3,1,1,1,2,,-1,1,0,1,4,1,25,1,2,,0,2,1,1,202100014237B01,7,9,1,200018406
202100014304,2021-10-06,2021,octobre,mercredi,21:35,971,97101,16.25166,-61.52075,2,6,6,3,1,3,3,2,1,1,,-1,1,0,1,4,1,65,9,2,,0,2,0,26,202100014304B01,7,26,1,200018653
202100014387,2021-10-08,2021,octobre,vendredi,09:00,26,26198,44.55375,4.74443,2,1,1,1,1,3,-1,2,1,1,,-1,1,0,8,4,1,40,9,1,2,0,2,1,19,202100014387A01,7,15,1,200040459
202100014403,2021-10-07,2021,octobre,jeudi,08:30,75,75105,48.851915,2.346145,2,1,6,1,1,4,1,3,1,1,,-1,1,0,5,4,1,29,9,1,2,14,0,8,17,202100014403A01,,,,200054781
202100014407,2021-10-07,2021,octobre,jeudi,19:30,75,75115,48.839053,2.282826,2,1,3,5,1,4,2,2,1,1,,-1,1,0,1,4,1,73,5,2,,0,2,1,1,202100014407B01,7,22,1,200054781
202100014408,2021-10-07,2021,octobre,jeudi,18:10,75,75115,48.8411,2.287943,2,2,3,1,1,4,2,3,1,1,,-1,1,0,5,4,2,22,1,1,2,0,2,1,1,202100014408B01,7,16,1,200054781
202100014415,2021-10-08,2021,octobre,vendredi,16:45,75,75104,48.855956,2.357983,2,2,3,1,1,4,2,4,1,1,,-1,1,-1,5,1,1,39,9,1,2,0,2,4,18,202100014415A01,50,1,1,200054781
202100014456,2021-10-08,2021,octobre,vendredi,07:50,51,51122,48.7734701904,4.6787756681,1,3,1,1,1,3,2,2,2,1,,-1,1,0,1,3,1,41,1,1,2 / 9,0,2,1,1,202100014456B01,7,15,1,200067379
202100014463,2021-10-09,2021,octobre,samedi,10:55,69,69046,45.6644714561,4.7933861947,2,1,3,1,1,7,2,2,1,1,,-1,1,0,4,4,2,51,5,2,,0,2,0,2,202100014463B01,7,15,1,200046977
202100014472,2021-10-09,2021,octobre,samedi,15:10,61,61422,48.696994,0.636156,1,1,3,1,1,3,2,2,1,1,,-1,1,0,3,4,2,56,5,1,2,0,2,6,26,202100014472B01,10,14,1,200068468
202100014492,2021-10-09,2021,octobre,samedi,17:15,50,50252,48.887016,-1.459841,1,1,3,1,7,3,2,2,4,3,,-1,1,0,1,3,1,79,5,1,2,0,2,1,1,202100014492B01,7,1,1,200042604
202100014513,2021-10-09,2021,octobre,samedi,10:45,67,67492,48.594158,7.47095,1,3,1,1,1,3,2,2,2,1,,-1,1,0,1,3,1,47,5,1,2,0,2,1,1,202100014513B01,7,15,1,200068864
202100014630,2021-10-07,2021,octobre,jeudi,08:40,75,75119,48.888656,2.392559,2,1,3,1,1,4,2,5,1,1,,-1,1,0,5,4,2,40,9,1,2,0,2,1,1,202100014630B01,10,22,1,200054781
202100014635,2021-10-07,2021,octobre,jeudi,15:55,75,75113,48.829028,2.357702,2,3,3,1,1,4,2,3,1,1,,-1,1,0,1,4,2,16,9,1,2,0,2,1,1,202100014635B01,7,22,1,200054781
202100014638,2021-10-07,2021,octobre,jeudi,22:15,75,75111,48.869319,2.371568,2,3,3,5,1,4,2,2,1,1,,-1,1,0,1,1,1,25,5,1,2,0,2,4,1,202100014638B01,30,17,1,200054781
202100014640,2021-10-07,2021,octobre,jeudi,12:55,75,75101,48.866024,2.325025,2,3,3,1,1,4,2,6,1,1,,-1,1,0,5,4,2,33,9,1,2,0,2,1,1,202100014640A01,50,13,1,200054781
202100014641,2021-10-07,2021,octobre,jeudi,10:15,75,75104,48.854807,2.368743,2,3,3,1,1,4,2,4,1,1,,-1,1,0,6,4,2,61,9,1,2,0,2,3,7,202100014641B01,7,15,1,200054781
202100014674,2021-10-08,2021,octobre,vendredi,07:30,83,83148,43.42965,6.436502,2,1,3,1,1,4,2,2,1,1,,4,1,0,1,4,1,10,1,1,2 / 4,0,2,1,19,202100014674B01,7,1,1,248300493
202100014682,2021-10-07,2021,octobre,jeudi,19:00,57,57102,49.277689,6.215917,2,1,3,2,1,3,2,1,2,1,,-1,1,0,1,3,2,52,5,1,2,0,2,0,1,202100014682B01,10,21,1,245701354
202100014710,2021-09-30,2021,septembre,jeudi,11:40,69,69234,45.86571,4.509389,1,1,2,1,1,3,2,2,1,1,,-1,1,0,1,3,1,73,5,2,,0,2,4,1,202100014710B01,7,1,1,200040566
202100014812,2021-10-05,2021,octobre,mardi,13:50,14,14118,49.17064,-0.333,2,1,3,1,2,4,2,2,1,1,,-1,2,0,5,4,1,16,0,2,,0,2,1,2,202100014812B01,7,15,1,200065597
202100014831,2021-10-06,2021,octobre,mercredi,17:05,75,75120,48.869037,2.380675,2,2,3,1,1,4,1,2,1,1,,-1,1,0,6,4,1,26,9,2,,0,2,0,19,202100014831B01,32,7,1,200054781
202100014833,2021-10-06,2021,octobre,mercredi,14:10,75,75119,48.876822,2.385308,2,3,7,1,1,4,2,2,1,1,,-1,1,0,5,4,2,26,5,2,,0,2,1,21,202100014833A01,7,13,1,200054781