Num_Acc,date,an,mois,jour,hrmn,dep,com,lat,long,agg,int,col,lum,atm,catr,circ,nbv,prof,plan,lartpc,larrout,surf,infra,situ,grav,sexe,age,trajet,secuexist,equipement,obs,obsm,choc,manv,vehiculeid,typevehicules,manoeuvehicules,numVehicules,_infos_commune.code_epci
202100017257,2021-09-25,2021,septembre,samedi,16:00,10,10209,48.27571,4.302564,1,1,6,1,1,3,2,2,1,4,,5.5,1,0,1,4,1,57,5,1,2,0,2,8,2,202100017257B01,99,2,1,200069250
202100017261,2021-09-23,2021,septembre,jeudi,16:40,21,21180,47.289171,5.48825,1,1,2,1,1,3,2,2,1,1,,-1,1,9,1,3,1,69,5,1,2,0,2,4,1,202100017261B01,0,2,1,200070902
202100017319,2021-09-25,2021,septembre,samedi,09:20,44,44066,47.373706,-1.60497,1,2,3,1,1,3,2,2,1,1,,-1,1,5,1,3,2,69,5,2,,0,2,7,1,202100017319B01,7,15,1,244400503
202100017325,2021-09-23,2021,septembre,jeudi,14:15,79,79048,46.348542,-0.309151,2,4,3,1,1,3,2,-1,1,3,,8.4,1,0,1,3,1,22,0,2,,0,2,1,19,202100017325B01,7,1,1,200041994
202100017337,2021-09-26,2021,septembre,dimanche,10:00,60,60446,49.137193,2.777696,1,1,7,1,1,3,2,2,1,1,,-1,1,0,1,4,1,59,5,1,2,0,0,0,1,202100017337C01,1,1,3,246000871
202100017337,2021-09-26,2021,septembre,dimanche,10:00,60,60446,49.137193,2.777696,1,1,7,1,1,3,2,2,1,1,,-1,1,0,1,4,1,75,5,1,2,0,9,0,1,202100017337A01,1,1,3,246000871
202100017337,2021-09-26,2021,septembre,dimanche,10:00,60,60446,49.137193,2.777696,1,1,7,1,1,3,2,2,1,1,,-1,1,0,1,4,1,47,5,1,2,0,0,0,1,202100017337B01,1,1,3,246000871
202100017337,2021-09-26,2021,septembre,dimanche,10:00,60,60446,49.137193,2.777696,1,1,7,1,1,3,2,2,1,1,,-1,1,0,1,3,1,66,5,1,2,0,0,0,1,202100017337D01,1,1,3,246000871
202100017341,2021-09-23,2021,septembre,jeudi,18:00,59,59051,50.527704,2.803627,2,6,3,1,1,4,1,2,1,1,,5,1,0,1,4,1,30,0,2,,0,2,1,16,202100017341B01,7,1,1,200093201
202100017489,2021-09-22,2021,septembre,mercredi,21:09,75,75118,48.888351,2.34958,2,2,3,5,1,4,2,4,2,1,,-1,1,5,1,4,2,31,9,1,2,0,2,1,1,202100017489B01,10,1,1,200054781
202100017501,2021-09-22,2021,septembre,mercredi,11:15,75,75112,48.846774,2.381749,2,2,3,1,7,4,2,3,1,1,,-1,1,0,1,4,2,45,1,1,2,0,2,8,1,202100017501B01,10,15,1,200054781
202100017503,2021-09-22,2021,septembre,mercredi,01:05,75,75120,48.857039939,2.398146987,2,3,1,5,1,4,2,2,1,1,,-1,1,0,5,4,1,50,9,1,2,0,2,4,1,202100017503B01,30,5,1,200054781
202100017547,2021-09-23,2021,septembre,jeudi,08:20,47,47073,44.319394,0.576137,1,1,2,2,5,3,3,2,1,1,,-1,1,0,1,2,2,66,0,2,,0,0,4,2,202100017547B01,10,2,1,200068922
202100017569,2021-09-22,2021,septembre,mercredi,14:45,95,95592,49.038075,1.87193,1,1,7,1,1,4,2,2,1,1,,-1,1,0,5,3,1,62,5,1,2,0,0,0,26,202100017569A01,,,,200035970
202100017570,2021-09-21,2021,septembre,mardi,08:05,78,78615,48.853283,1.909545,1,3,1,2,7,3,2,2,2,1,,-1,1,5,1,3,1,54,5,1,2 / 9,0,2,1,1,202100017570B01,7,15,1,247800618
202100017578,2021-09-23,2021,septembre,jeudi,15:00,74,74056,45.901403,6.829151,1,1,7,1,1,3,2,2,2,2,,-1,1,0,1,2,1,60,5,1,2,0,0,1,1,202100017578A01,,,,200023372
202100017583,2021-09-22,2021,septembre,mercredi,09:00,44,44026,47.293217,-1.493497,2,6,1,1,7,7,1,1,1,3,,-1,1,0,1,3,1,73,0,1,9,0,0,6,9,202100017583A01,7,1,1,244400404
202100017585,2021-05-20,2021,mai,jeudi,10:42,59,59146,50.611077,3.203051,2,1,3,1,1,7,2,2,1,2,,-1,1,0,1,4,1,49,0,1,2,0,2,8,1,202100017585B01,7,17,1,200093201
202100017600,2021-09-21,2021,septembre,mardi,08:10,94,94068,48.79091,2.49899,2,1,3,1,1,4,2,2,1,1,,-1,1,0,1,4,2,61,5,1,2,0,2,0,2,202100017600B01,10,2,1,200054781
202100017632,2021-09-21,2021,septembre,mardi,19:16,60,60175,49.246379,2.470789,2,6,6,1,1,3,1,1,2,3,,-1,1,5,1,4,1,31,3,2,,0,0,7,19,202100017632B01,7,16,1,200068047
202100017671,2021-09-21,2021,septembre,mardi,17:35,75,75119,48.876314,2.38762,2,2,3,1,1,4,2,2,1,1,,-1,1,0,5,4,1,29,9,1,2,0,2,1,1,202100017671B01,30,15,1,200054781
202100017672,2021-09-21,2021,septembre,mardi,10:20,75,75119,48.882062,2.374277,2,1,3,1,1,4,1,1,1,1,,-1,1,0,1,4,1,17,9,1,2,0,2,2,1,202100017672B01,10,22,1,200054781
202100017673,2021-09-21,2021,septembre,mardi,09:21,75,75119,48.8898824096,2.3966277761,2,2,3,1,1,4,2,5,1,1,,-1,1,0,5,4,1,32,1,1,2,0,2,8,1,202100017673B01,43,16,1,200054781
202100017675,2021-09-21,2021,septembre,mardi,15:40,75,75113,48.83885,2.360986,2,4,3,1,1,4,2,5,1,1,,-1,1,0,1,4,1,24,5,1,2,0,2,3,12,202100017675A01,33,1,1,200054781
202100017676,2021-09-21,2021,septembre,mardi,10:15,75,75113,48.838322,2.372783,2,3,3,1,1,4,2,5,1,1,,-1,1,0,5,4,2,25,5,1,2,0,2,1,1,202100017676B01,10,16,1,200054781
202100017682,2021-09-21,2021,septembre,mardi,13:00,75,75104,48.852162643,2.3608944705,2,1,3,1,1,4,2,4,1,1,,-1,1,0,5,1,1,27,1,1,2,0,2,1,9,202100017682A01,80,1,1,200054781
202100017722,2021-09-22,2021,septembre,mercredi,17:15,71,71029,46.855807,5.363399,1,1,2,1,1,3,2,2,1,3,,-1,1,0,1,3,1,12,5,2,,0,2,8,13,202100017722B01,7,17,1,247100647
202100017734,2021-09-21,2021,septembre,mardi,10:00,85,85127,46.424511,-1.49411,2,6,3,1,1,3,2,2,1,2,,-1,1,0,1,4,1,69,5,1,2,0,2,8,1,202100017734B01,7,1,1,200071900
202100017754,2021-09-07,2021,septembre,mardi,18:00,38,38317,45.138511,5.702575,2,1,3,1,1,7,3,4,1,1,,-1,1,0,5,3,2,52,1,2,,0,2,3,1,202100017754B01,7,19,1,200040715
202100017756,2021-09-21,2021,septembre,mardi,17:15,01,01249,45.82594,4.947994,2,2,3,1,1,3,2,2,2,2,,4,1,5,1,4,1,19,5,1,2,0,2,1,1,202100017756B01,7,15,1,240100800
202100017757,2021-08-31,2021,août,mardi,12:35,24,24405,44.912745,0.667784,1,1,2,1,1,3,2,2,1,1,,-1,1,0,1,4,1,21,5,1,2,0,2,4,2,202100017757C01,10,2,1,200034833
202100017757,2021-08-31,2021,août,mardi,12:35,24,24405,44.912745,0.667784,1,1,2,1,1,3,2,2,1,1,,-1,1,0,1,4,1,58,5,2,,0,2,4,2,202100017757B01,10,2,1,200034833
202100017807,2021-09-11,2021,septembre,samedi,10:00,80,80021,49.8792258371,2.3352421757,2,3,3,1,1,4,2,2,1,1,,-1,1,0,1,4,2,54,5,2,,0,2,1,1,202100017807B01,7,0,1,248000531
202100017811,2021-09-14,2021,septembre,mardi,07:40,80,80021,49.87797,2.2809,2,1,3,1,2,4,2,2,1,1,,-1,2,0,1,4,1,16,2,2,,0,2,1,1,202100017811B01,7,16,1,248000531
202100017826,2021-09-20,2021,septembre,lundi,14:17,63,63075,45.77591,3.06801,2,5,3,1,1,7,1,2,1,1,,-1,1,0,1,4,1,61,1,1,2,0,2,7,1,202100017826B01,7,15,1,246300701
202100017878,2021-09-20,2021,septembre,lundi,13:45,75,75113,48.8345736359,2.3673703775,2,3,6,1,8,4,3,3,1,1,,-1,1,0,5,1,2,25,2,1,2,0,1,1,1,202100017878A01,,,,200054781
202100017939,2021-09-16,2021,septembre,jeudi,10:50,37,37139,47.3901996306,0.5469410894,2,2,1,1,1,7,2,2,2,1,,4,1,0,1,3,1,13,2,2,,0,2,1,19,202100017939A01,7,1,1,243700754
202100017940,2021-09-21,2021,septembre,mardi,15:45,973,97307,4.8813646562,-52.3446563333,2,3,3,1,1,4,2,2,2,1,,4,1,0,1,3,1,18,5,2,,0,2,1,1,202100017940A01,99,1,1,249730045
202100017948,2021-09-21,2021,septembre,mardi,11:50,84,84067,44.088101,5.007201,1,1,6,1,1,9,2,1,1,1,,3,1,0,1,3,1,62,5,1,2,0,0,0,0,202100017948A01,,,,248400053
202100018028,2021-09-19,2021,septembre,dimanche,12:35,75,75111,48.8652,2.367681,2,2,6,1,1,4,2,4,1,1,,-1,1,0,5,4,1,47,9,1,2,0,1,1,1,202100018028A01,,,,200054781
202100018030,2021-09-19,2021,septembre,dimanche,18:40,75,75101,48.8605034015,2.3421397805,2,3,1,2,1,4,2,4,1,1,,-1,1,0,5,4,1,36,5,1,2,0,2,1,13,202100018030A01,50,1,1,200054781
202100018075,2021-09-11,2021,septembre,samedi,11:30,13,13081,43.494806,5.216789,1,9,3,1,1,7,2,4,1,1,,-1,1,3,1,3,1,59,5,1,2,0,2,2,12,202100018075B01,7,9,1,200054807
202100018081,2021-09-13,2021,septembre,lundi,08:15,38,38562,45.082657,5.766149,2,6,3,1,1,4,2,2,1,3,,-1,1,0,6,3,1,43,1,2,,0,2,8,19,202100018081B01,7,16,1,200040715
202100018170,2021-09-18,2021,septembre,samedi,16:25,75,75120,48.848252,2.4008,2,1,6,1,1,4,1,1,1,1,,-1,1,0,1,1,1,58,9,1,2,1,1,1,1,202100018170A01,,,,200054781
202100018174,2021-09-18,2021,septembre,samedi,19:40,75,75113,48.832861,2.35554,2,3,3,2,1,4,2,2,1,1,,-1,1,0,5,4,2,41,5,1,2,0,2,3,1,202100018174A01,30,15,1,200054781
202100018181,2021-09-17,2021,septembre,vendredi,20:45,75,75109,48.876009,2.344516,2,3,3,5,1,4,1,2,1,1,,-1,1,0,1,4,1,29,9,2,,0,2,2,1,202100018181B01,7,16,1,200054781
202100018198,2021-09-18,2021,septembre,samedi,16:55,92,92026,48.8934401631,2.252124846,2,6,3,1,1,4,2,2,1,1,,-1,1,5,1,3,1,55,5,2,,0,2,1,9,202100018198A01,7,0,1,200054781
202100018237,2021-09-18,2021,septembre,samedi,09:45,56,56140,47.936759,-2.809005,1,1,4,1,5,3,2,2,4,3,,-1,2,0,1,4,2,60,5,1,2,0,2,1,2,202100018237C01,1,2 / 1,2,200096683
202100018237,2021-09-18,2021,septembre,samedi,09:45,56,56140,47.936759,-2.809005,1,1,4,1,5,3,2,2,4,3,,-1,2,0,1,4,1,77,5,1,2,0,2,1,2,202100018237B01,1,2 / 1,2,200096683
202100018237,2021-09-18,2021,septembre,samedi,09:45,56,56140,47.936759,-2.809005,1,1,4,1,5,3,2,2,4,3,,-1,2,0,1,3,2,63,5,1,2,0,2,4,1,202100018237A01,1,2,2,200096683
202100018246,2021-09-19,2021,septembre,dimanche,11:15,44,44028,47.318015,-1.346953,2,1,7,1,1,3,2,2,2,1,,-1,1,0,1,2,1,52,5,1,2,12,0,1,1,202100018246A01,,,,244400552
202100018259,2021-09-19,2021,septembre,dimanche,14:40,06,06018,43.626675,7.095503,2,9,3,1,1,3,2,2,2,2,,-1,1,0,1,3,1,50,5,1,2,0,2,1,1,202100018259B01,7,26,1,240600585
202100018275,2021-09-18,2021,septembre,samedi,10:20,26,26220,44.362388,5.129168,2,1,6,1,1,3,2,2,2,1,,-1,1,0,1,1,1,78,5,1,2,0,1,1,1,202100018275A01,,,,200068229
202100018317,2021-09-17,2021,septembre,vendredi,06:30,71,71118,46.79610164,4.8114015321,2,1,7,2,1,3,-1,2,1,1,,-1,1,0,1,4,1,43,0,2,,9,0,1,1,202100018317A01,,,,247100589
202100018370,2021-09-17,2021,septembre,vendredi,13:50,27,27229,49.025141,1.180432,2,1,6,1,1,4,2,2,1,1,,-1,1,0,1,4,1,25,5,2,,0,2,1,1,202100018370A01,7,0,1,200071454
202100018378,2021-09-16,2021,septembre,jeudi,21:15,14,14118,49.18225,-0.35966,2,1,3,5,1,4,2,2,1,1,,-1,1,0,1,4,1,34,0,2,,1,0,1,26,202100018378A01,7,22,1,200065597
202100018397,2021-09-17,2021,septembre,vendredi,20:45,75,75119,48.883104,2.388062,2,4,1,5,1,4,1,1,2,1,,-1,1,0,1,4,1,32,9,2,,0,2,1,5,202100018397B01,33,1,1,200054781
202100018399,2021-09-17,2021,septembre,vendredi,20:30,75,75117,48.884537,2.326983,2,3,3,5,1,4,2,2,1,1,,-1,1,0,5,4,1,26,5,2,,0,0,5,1,202100018399B01,7,13,1,200054781
202100018400,2021-09-17,2021,septembre,vendredi,19:45,75,75117,48.886505,2.292861,2,3,1,1,1,4,2,0,1,1,,-1,1,0,4,4,1,45,5,2,,0,2,1,25,202100018400A01,2,25,1,200054781
202100018404,2021-09-16,2021,septembre,jeudi,13:00,75,75116,48.8395749791,2.2626918162,2,4,1,1,1,4,1,3,1,1,,-1,1,0,6,4,1,16,5,1,2,0,2,7,5,202100018404A01,33,1,1,200054781
202100018408,2021-09-17,2021,septembre,vendredi,15:18,75,75111,48.850669,2.394493,2,2,3,1,1,4,2,0,1,1,,-1,1,0,5,1,1,21,9,2,,0,2,1,1,202100018408A01,2,1,1,200054781
202100018454,2021-09-16,2021,septembre,jeudi,11:30,56,56091,47.955329,-2.566445,2,1,3,1,1,3,2,2,1,1,,-1,1,0,1,3,1,75,5,1,2,0,2,8,2,202100018454B01,15,16,1,200066777
202100018456,2021-09-18,2021,septembre,samedi,09:15,2B,2B299,42.426900722,9.4297109799,1,1,7,1,1,3,2,2,2,3,,-1,1,0,1,2,1,71,5,1,2,0,0,0,0,202100018456A01,,,,200073252
202100018459,2021-09-18,2021,septembre,samedi,01:20,86,86277,46.773084,0.190802,1,3,2,3,1,3,2,2,1,1,,-1,1,0,1,2,1,14,5,2,,0,0,4,2,202100018459B01,7,1,1,
202100018462,2021-09-18,2021,septembre,samedi,09:15,68,68349,47.599609,7.576994,2,6,3,1,1,3,1,1,1,2,,-1,1,0,1,4,1,57,0,2,,0,0,3,2,202100018462B01,7,2,1,200066058
202100018494,2021-09-12,2021,septembre,dimanche,14:50,68,68334,47.815777,7.10618,2,1,3,1,1,4,2,2,2,1,,4,1,0,1,3,1,17,5,2,,0,2,1,1,202100018494B01,7,19,1,200036465
202100018582,2021-09-16,2021,septembre,jeudi,07:50,29,29019,48.40054,-4.454627,2,1,3,1,1,4,-1,2,1,1,,-1,1,0,1,4,1,60,0,1,2,0,2,8,1,202100018582B01,7,9,1,242900314
202100018583,2021-09-16,2021,septembre,jeudi,15:56,27,27229,49.02925,1.15205,2,1,7,1,1,4,2,2,1,1,,-1,1,0,1,4,1,18,5,1,2,0,0,0,1,202100018583A01,,,,200071454
202100018584,2021-09-14,2021,septembre,mardi,18:50,27,27229,49.01948,1.15773,2,1,7,1,8,4,1,3,2,3,,-1,1,0,1,4,1,65,5,1,2 / 6,12,0,1,9,202100018584A01,,,,200071454
202100018590,2021-09-16,2021,septembre,jeudi,11:45,17,17291,46.1803,-1.12424,2,1,6,1,1,4,2,2,1,1,,-1,1,-1,5,4,2,65,0,2,,0,1,4,26,202100018590A01,,,,241700434
202100018604,2021-09-15,2021,septembre,mercredi,16:00,75,75117,48.877963,2.287885,2,7,7,1,2,4,1,2,1,1,,-1,2,0,1,4,2,61,5,1,2,0,0,0,1,202100018604A01,,,,200054781
202100018607,2021-09-15,2021,septembre,mercredi,20:40,75,75114,48.833697,2.331936,2,7,3,5,8,4,1,4,1,1,,-1,2,0,1,4,2,37,5,1,2,0,2,1,1,202100018607B01,10,16,1,200054781
202100018608,2021-09-16,2021,septembre,jeudi,21:05,75,75112,48.8480921572,2.3991871743,2,2,5,5,1,4,3,3,1,1,,-1,1,0,1,4,1,33,1,1,2,0,2,1,2,202100018608C01,30 / 7,1 / 2,2,200054781
202100018616,2021-09-16,2021,septembre,jeudi,09:25,75,75101,48.8630011016,2.323764941,2,1,1,1,1,4,2,2,1,1,,-1,1,1,1,4,1,43,1,1,2,0,2,0,1,202100018616A01,1,13,1,200054781
202100018616,2021-09-16,2021,septembre,jeudi,09:25,75,75101,48.8630011016,2.323764941,2,1,1,1,1,4,2,2,1,1,,-1,1,1,1,4,1,36,1,1,2,0,2,0,13,202100018616B01,1,1,1,200054781
202100018632,2021-08-15,2021,août,dimanche,17:20,974,97415,-21.070389,55.286635,1,1,1,1,1,4,2,1,2,1,,-1,1,0,1,3,1,30,5,2,,0,2,2,13,202100018632A01,2,1,1,249740101
202100018641,2021-08-13,2021,août,vendredi,14:50,57,57527,49.029656,6.240615,1,1,6,1,1,3,2,2,1,1,,-1,1,0,1,3,1,49,5,1,2,0,0,4,2,202100018641B01,7,2,1,200039907
202100018645,2021-09-15,2021,septembre,mercredi,11:00,56,56119,47.686987,-3.124022,1,3,2,1,1,3,2,2,1,1,,-1,1,0,1,4,1,65,5,2,,0,2,1,2,202100018645A01,7,16,1,200043123
202100018646,2021-09-16,2021,septembre,jeudi,11:30,2B,2B283,41.905711,9.389287,1,2,1,1,1,2,2,2,1,1,,7,1,0,1,3,1,71,5,2,,0,2,8,13,202100018646B01,7,1,1,200033827
202100018655,2021-09-17,2021,septembre,vendredi,09:15,64,64094,43.478538,-1.188819,2,1,7,1,1,3,2,2,1,1,,-1,1,0,1,3,2,75,5,1,2,0,0,0,1,202100018655A01,,,,200067106
202100018681,2021-09-17,2021,septembre,vendredi,16:25,81,81283,43.933523,1.956065,1,1,2,1,1,3,-1,2,1,1,,-1,1,0,1,1,1,66,5,1,2,0,9,4,26,202100018681B01,1,2,1,200066124
202100018681,2021-09-17,2021,septembre,vendredi,16:25,81,81283,43.933523,1.956065,1,1,2,1,1,3,-1,2,1,1,,-1,1,0,1,4,1,54,5,1,2,0,2,1,2,202100018681A01,1,26,1,200066124
202100018685,2021-09-14,2021,septembre,mardi,06:50,33,33056,44.927101,-0.634962,2,9,3,5,1,4,2,2,1,1,,3.5,1,0,1,3,1,50,0,1,2,0,2,8,19,202100018685B01,7,16,1,243300316
202100018804,2021-09-15,2021,septembre,mercredi,08:50,75,75111,48.865168,2.367759,2,2,3,1,2,4,2,4,1,1,,-1,2,0,1,4,2,37,1,1,2,0,2,8,15,202100018804A01,33,1,1,200054781
202100018840,2021-09-11,2021,septembre,samedi,10:15,71,71340,46.558978,4.190292,1,2,6,1,1,3,2,1,2,1,,3,1,0,1,3,1,70,5,1,2,0,5,1,1,202100018840A01,,,,200071884
202100018843,2021-08-02,2021,août,lundi,11:25,49,49218,47.281079,-1.118952,2,1,3,1,1,3,2,2,2,1,,-1,1,0,1,4,1,69,5,1,2,0,2,1,1,202100018843B01,7,15,1,200060010
202100018844,2021-09-16,2021,septembre,jeudi,18:20,68,68290,47.944101,7.456096,2,1,1,1,1,4,2,1,1,1,,3.5,1,0,1,3,1,7,5,1,2,0,2,1,15,202100018844B01,10,1,1,200066025
202100018862,2021-09-11,2021,septembre,samedi,15:15,35,35353,48.1188222508,-1.7597611848,2,1,3,1,1,4,2,2,1,1,,-1,1,0,1,3,1,55,5,1,2 / 9,0,2,7,17,202100018862B01,7,20,1,243500139
202100018871,2021-09-12,2021,septembre,dimanche,18:40,83,83101,43.220431,6.648391,1,1,7,1,1,3,2,2,2,1,,-1,1,0,5,3,1,67,3,2,,13,0,0,2,202100018871B01,7,2,1,200036077
202100018876,2021-09-08,2021,septembre,mercredi,18:30,57,57212,49.031284,6.112905,2,6,3,2,1,2,2,2,1,1,,-1,1,0,1,3,1,60,5,2,,0,2,2,1,202100018876B01,7,1,1,200039865
202100018880,2021-09-12,2021,septembre,dimanche,10:45,59,59558,50.2407854627,3.4422455431,2,3,1,1,1,3,2,2,1,2,,-1,1,0,1,3,1,36,5,1,2,0,2,1,1,202100018880B01,7,15,1,245901038
202100018903,2021-07-02,2021,juillet,vendredi,10:32,75,75120,48.854586,2.413438,2,7,3,1,1,4,1,5,1,2,,-1,1,2,1,2,2,32,9,1,2,0,2,7,1,202100018903A01,7,1,1,200054781
202100018937,2021-09-14,2021,septembre,mardi,07:00,63,63113,45.78039,3.08367,2,4,3,5,1,4,2,2,1,1,,-1,1,0,1,4,2,23,0,1,2,0,2,4,2,202100018937B01,7,15,1,246300701
202100018938,2021-09-09,2021,septembre,jeudi,08:23,63,63113,45.77124,3.08339,2,2,3,1,1,4,3,4,1,1,,-1,1,0,1,4,2,48,0,1,2,0,2,8,18,202100018938B01,14,9,1,246300701
202100018939,2021-09-10,2021,septembre,vendredi,17:16,63,63113,45.7716295903,3.0832176589,2,2,3,1,1,4,3,2,1,1,,-1,1,0,1,4,2,22,0,1,2,0,2,8,19,202100018939B01,7,2,1,246300701
202100018942,2021-09-11,2021,septembre,samedi,11:34,63,63113,45.7932,3.08674,2,2,3,1,1,4,2,2,1,1,,-1,1,0,1,4,1,65,0,1,2,0,2,1,9,202100018942B01,7,15,1,246300701
202100018983,2021-09-14,2021,septembre,mardi,14:20,75,75106,48.844134,2.323037,2,3,6,1,1,4,2,4,1,1,,-1,1,0,1,1,1,25,4,1,2,0,1,8,1,202100018983A01,,,,200054781
202100018986,2021-09-14,2021,septembre,mardi,05:55,75,75118,48.9007309355,2.3440280557,2,2,3,5,3,4,2,6,1,1,,-1,2,0,5,4,1,56,1,1,2,0,2,1,1,202100018986B01,7,15,1,200054781
202100018996,2021-09-14,2021,septembre,mardi,12:10,75,75114,48.819653,2.341925,2,1,3,1,1,4,3,2,1,1,,-1,1,0,5,4,1,29,9,1,2,0,2,0,1,202100018996B01,10,16,1,200054781
202100018998,2021-09-14,2021,septembre,mardi,17:20,75,75113,48.8430738815,2.3663305414,2,1,3,1,1,4,2,5,1,1,,-1,1,0,5,4,2,30,9,1,2,0,2,1,16,202100018998B01,1,1,1,200054781
202100018998,2021-09-14,2021,septembre,mardi,17:20,75,75113,48.8430738815,2.3663305414,2,1,3,1,1,4,2,5,1,1,,-1,1,0,5,4,1,36,9,1,2,0,2,1,1,202100018998A01,1,16,1,200054781
202100019003,2021-09-14,2021,septembre,mardi,19:10,75,75110,48.883183,2.349837,2,4,3,2,2,4,2,2,2,3,,-1,2,0,5,4,2,27,9,1,2,0,2,7,1,202100019003B01,7,15,1,200054781
202100019005,2021-09-14,2021,septembre,mardi,08:55,75,75109,48.876958,2.348113,2,1,3,1,3,4,2,4,2,1,,-1,2,0,5,4,2,48,1,1,2,0,2,8,13,202100019005A01,10,1,1,200054781
202100019011,2021-09-14,2021,septembre,mardi,12:30,75,75104,48.8550626965,2.3616790376,2,3,6,1,8,4,2,4,1,1,,-1,2,0,5,4,1,70,3,1,2,14,0,7,13,202100019011A01,,,,200054781
202100019012,2021-09-14,2021,septembre,mardi,12:20,75,75103,48.866875,2.362003,2,3,3,1,1,4,1,2,1,1,,-1,1,0,5,1,1,34,9,1,2,0,2,1,1,202100019012B01,1,15,1,200054781
202100019012,2021-09-14,2021,septembre,mardi,12:20,75,75103,48.866875,2.362003,2,3,3,1,1,4,1,2,1,1,,-1,1,0,5,4,2,58,5,1,2,0,2,1,15,202100019012A01,1,1,1,200054781
202100019040,2021-09-14,2021,septembre,mardi,15:45,42,42213,45.900178,4.313711,1,1,6,1,1,3,2,2,2,1,,-1,1,0,1,2,1,87,5,1,2,0,2,4,14,202100019040B01,7,18,1,200065894
202100019045,2021-09-14,2021,septembre,mardi,18:15,32,32426,43.497593,0.583949,1,1,7,1,1,3,2,2,2,1,,-1,1,0,1,3,1,53,1,2,,0,0,9,0,202100019045A01,,,,200072320
202100019059,2021-09-15,2021,septembre,mercredi,16:15,50,50236,49.265067,-1.568438,1,2,3,1,1,3,2,2,1,1,,-1,1,0,1,4,1,72,5,1,2,0,2,2,1,202100019059A01,7,1,1,200067031
202100019064,2021-09-14,2021,septembre,mardi,09:06,85,85282,46.703737,-0.978988,2,1,6,1,1,3,2,2,2,1,,-1,1,0,1,1,1,85,5,2,,0,1,1,1,202100019064A01,,,,248500340
202100019071,2021-09-14,2021,septembre,mardi,11:25,38,38486,45.158865,5.696329,2,1,2,1,1,7,2,2,1,1,,4,1,0,5,4,1,56,5,2,,0,2,1,1,202100019071B01,10,23,1,200040715
202100019090,2021-09-15,2021,septembre,mercredi,10:05,01,01249,45.826844,4.952951,2,2,3,1,1,3,2,2,2,1,,4,2,0,1,4,1,23,5,2,,0,2,1,1,202100019090B01,7,15,1,240100800
202100019093,2021-09-15,2021,septembre,mercredi,10:55,29,29295,48.515039,-4.242632,1,1,5,1,1,3,2,2,1,2,,-1,1,5,1,4,1,78,5,1,2 / 4 / 6,0,2,8,2,202100019093C01,7 / 10,17 / 1,2,242900801
202100019200,2021-09-13,2021,septembre,lundi,10:10,75,75119,48.884343,2.366881,2,2,3,1,1,4,3,2,1,1,,-1,1,0,5,4,1,31,1,1,2,0,2,1,1,202100019200B01,13,16,1,200054781
202100019203,2021-09-13,2021,septembre,lundi,09:30,75,75116,48.849103,2.242044,2,1,3,1,1,4,2,2,1,1,,-1,1,0,5,4,2,35,1,1,2,0,2,1,19,202100019203B01,30,1,1,200054781
202100019207,2021-09-13,2021,septembre,lundi,09:00,75,75115,48.844441,2.317707,2,2,6,1,1,4,2,3,1,1,,-1,1,0,5,1,1,19,2,1,2,0,1,8,1,202100019207A01,,,,200054781
202100019240,2021-09-14,2021,septembre,mardi,09:10,25,25116,47.281532,6.262855,1,1,1,1,1,3,2,2,1,1,,-1,1,0,1,3,1,22,0,2,,0,2,1,13,202100019240B01,13,1,1,242504447
202100019242,2021-09-13,2021,septembre,lundi,14:20,67,67073,48.279395,7.402055,2,3,1,1,1,3,2,2,2,4,,-1,9,8,4,3,1,47,5,1,2,0,2,1,5,202100019242A01,10,11,1,246700967
202100019274,2021-09-04,2021,septembre,samedi,19:00,87,87154,45.90415,0.931504,2,1,1,2,1,3,2,2,1,1,,-1,1,0,1,3,1,84,0,1,2,0,2,0,0,202100019274A01,7,1,1,200059400
202100019324,2021-09-12,2021,septembre,dimanche,16:50,91,91161,48.69958,2.31606,2,2,6,1,1,3,2,2,1,1,,-1,1,0,8,4,1,14,5,2,,0,1,2,0,202100019324B01,7,0,2,200056232
202100019335,2021-09-11,2021,septembre,samedi,17:02,61,61397,48.424,0.0613,2,1,2,1,1,3,2,2,1,1,,-1,1,2,1,4,1,37,5,1,2,0,2,1,2,202100019335A01,7,2,1,246100663
202100019362,2021-09-12,2021,septembre,dimanche,10:20,06,06069,43.641463,6.911282,2,6,3,1,1,3,1,1,2,1,,-1,1,0,1,4,2,44,5,1,2,0,2,7,26,202100019362B01,7,9,1,200039857