Num_Acc,date,an,mois,jour,hrmn,dep,com,lat,long,agg,int,col,lum,atm,catr,circ,nbv,prof,plan,lartpc,larrout,surf,infra,situ,grav,sexe,age,trajet,secuexist,equipement,obs,obsm,choc,manv,vehiculeid,typevehicules,manoeuvehicules,numVehicules,_infos_commune.code_epci
202100019363,2021-09-12,2021,septembre,dimanche,12:05,06,06069,43.631692,6.957585,2,6,3,1,1,3,2,2,1,1,,-1,1,0,1,4,1,43,5,1,2,0,2,1,1,202100019363B01,7,9,1,200039857
202100019367,2021-09-11,2021,septembre,samedi,12:50,75,75116,48.851941,2.264545,2,1,6,1,1,4,1,1,4,1,,-1,1,0,1,1,1,39,5,1,2,0,1,1,1,202100019367A01,,,,200054781
202100019375,2021-09-11,2021,septembre,samedi,13:30,75,75107,48.862637,2.31906,2,3,6,1,1,4,1,3,1,1,,-1,1,5,5,4,1,22,5,1,2,12,0,7,14,202100019375A01,,,,200054781
202100019400,2021-09-13,2021,septembre,lundi,16:45,79,79235,46.871234,-0.757322,1,9,6,1,1,4,2,2,4,3,,4,1,0,1,4,1,61,5,2,,0,9,3,21,202100019400B01,37,1,1,200040244
202100019420,2021-09-13,2021,septembre,lundi,07:50,16,16104,46.03749,0.214834,1,1,2,1,7,3,2,2,2,1,0,5.2,1,0,1,2,1,28,1,2,,0,2,4,2,202100019420B01,7,2,1,200043016
202100019436,2021-09-13,2021,septembre,lundi,17:30,69,69249,45.672893336,4.6453928947,1,9,3,1,1,3,2,2,1,1,,-1,1,0,1,3,1,43,5,1,2,0,2,1,1,202100019436B01,7,15,1,246900724
202100019504,2021-09-11,2021,septembre,samedi,01:30,10,10387,48.2956,4.08158,2,7,3,5,1,4,1,1,1,1,,-1,1,0,1,3,1,22,5,1,2,0,2,7,19,202100019504A01,7,0,1,200069250
202100019512,2021-09-10,2021,septembre,vendredi,23:50,75,75114,48.828415,2.326704,2,1,3,5,1,4,2,5,1,1,,-1,1,0,1,4,1,43,9,1,2,0,2,8,9,202100019512A01,31,1,1,200054781
202100019515,2021-09-11,2021,septembre,samedi,09:25,75,75112,48.837715,2.425638,2,1,6,1,1,4,2,2,1,1,,-1,1,0,1,4,1,29,5,1,2,0,1,1,1,202100019515A01,,,,200054781
202100019536,2021-09-11,2021,septembre,samedi,19:05,51,51649,48.716921,4.590113,2,1,3,1,1,4,2,2,1,1,,4,1,9,5,3,1,11,5,2,,0,2,7,1,202100019536B01,31,1,1,200034718
202100019539,2021-09-11,2021,septembre,samedi,16:45,52,52076,48.087497,5.008585,1,1,3,1,1,3,2,2,1,1,,-1,1,0,1,3,1,90,5,1,2,0,2,8,2,202100019539B01,7,17,1,245200597
202100019542,2021-09-12,2021,septembre,dimanche,10:40,67,67548,48.641115,7.60646,2,3,1,1,1,3,2,2,1,1,,-1,1,0,1,4,1,66,5,1,2,0,2,8,1,202100019542B01,7,15,1,200034635
202100019555,2021-09-12,2021,septembre,dimanche,16:05,39,39434,46.853243,5.685468,1,1,2,1,1,5,2,2,1,1,,3,1,0,1,4,1,77,5,1,2,0,2,4,1,202100019555B01,2,17,1,200071595
202100019557,2021-09-12,2021,septembre,dimanche,17:30,44,44145,47.178107,-1.866451,2,1,7,1,1,3,2,2,2,1,,-1,1,0,1,3,1,64,5,2,,0,0,0,0,202100019557A01,,,,200067346
202100019562,2021-09-11,2021,septembre,samedi,17:30,03,03053,46.23344,3.14683,1,1,2,1,1,3,2,2,1,1,,-1,1,0,1,4,1,16,5,2,,0,0,6,1,202100019562B01,7,2,1,200071389
202100019569,2021-09-12,2021,septembre,dimanche,10:50,90,90097,47.567072,6.860565,2,1,3,1,1,3,2,2,1,1,,-1,1,6,1,4,2,32,5,1,2,0,0,5,19,202100019569B01,2,1,1,200069052
202100019575,2021-09-11,2021,septembre,samedi,15:09,08,08190,50.133585,4.851911,2,6,3,1,1,3,1,1,1,2,,-1,1,0,1,4,1,72,5,2,,0,2,1,0,202100019575B01,7,0,1,240800821
202100019595,2021-09-02,2021,septembre,jeudi,22:00,26,26220,44.372644,5.12465,1,1,6,3,1,4,2,1,2,1,,3.5,1,0,3,3,1,53,5,2,,13,0,1,1,202100019595A01,,,,200068229
202100019637,2021-09-07,2021,septembre,mardi,08:00,80,80489,49.8641720205,2.3491147198,1,1,6,1,1,3,2,2,1,1,,-1,9,0,5,4,1,38,9,2,,0,1,1,1,202100019637A01,,,,248000531
202100019715,2021-09-10,2021,septembre,vendredi,11:02,06,06123,43.682965,7.188716,2,6,3,1,1,7,2,2,1,2,,-1,1,0,1,3,1,53,5,1,2,0,2,3,1,202100019715B01,7,9,1,200030195
202100019718,2021-09-08,2021,septembre,mercredi,22:49,75,75106,48.844044,2.323431,2,7,3,5,2,4,1,3,1,1,,-1,2,0,1,4,2,42,5,1,2 / 6,0,2,6,1,202100019718A01,33,15,1,200054781
202100019725,2021-09-10,2021,septembre,vendredi,17:45,75,75113,48.823387,2.375028,2,3,3,1,2,4,2,2,1,1,,-1,2,0,5,4,1,13,2,1,2,0,2,1,1,202100019725B01,10,16,1,200054781
202100019760,2021-09-11,2021,septembre,samedi,09:50,34,34217,43.700642,3.862518,2,6,3,1,1,7,2,2,1,1,,-1,1,0,1,3,1,56,5,1,2,0,0,8,2,202100019760B01,7,2,1,243400017
202100019768,2021-08-11,2021,août,mercredi,12:30,65,65017,42.8218737417,0.1755069437,1,1,2,1,1,3,2,2,2,1,,-1,1,0,1,4,2,29,5,1,2,0,2,4,2,202100019768B01,10,17,1,246500573
202100019769,2021-09-10,2021,septembre,vendredi,16:20,11,11305,42.962743,2.706338,1,1,6,1,1,3,2,2,2,3,,-1,1,0,1,3,1,57,5,1,2,0,9,3,13,202100019769B01,7,1,1,200035863
202100019787,2021-09-09,2021,septembre,jeudi,19:30,973,97307,4.836096,-52.326647,2,1,1,5,1,4,2,2,1,1,,4,1,0,1,3,1,22,0,2,,0,2,1,1,202100019787B01,10,13,1,249730045
202100019801,2021-09-09,2021,septembre,jeudi,11:00,33,33042,44.551609,-0.786304,1,1,6,1,1,3,2,2,1,1,,7,1,0,1,3,1,34,9,1,2,0,0,0,1,202100019801A01,33,1,1,243301405
202100019885,2021-09-08,2021,septembre,mercredi,15:20,14,14118,49.20967,-0.37224,2,9,3,1,1,3,2,6,1,1,,-1,1,9,1,4,1,34,5,1,2 / 6,0,2,1,1,202100019885B01,37,16,1,200065597
202100019899,2021-09-09,2021,septembre,jeudi,00:01,75,75116,48.8718485623,2.2770264745,2,1,2,5,2,4,2,4,1,1,,-1,2,0,1,4,1,26,9,1,2,0,2,4,2,202100019899A01,7,2,1,200054781
202100019903,2021-09-09,2021,septembre,jeudi,08:50,75,75114,48.824901,2.318405,2,2,3,1,1,4,3,2,1,1,,-1,1,0,1,4,1,34,9,1,2,0,2,0,1,202100019903B01,13,13,1,200054781
202100019941,2021-09-09,2021,septembre,jeudi,15:30,84,84111,44.231735,5.100282,1,1,1,1,8,3,2,2,2,1,,-1,1,0,1,3,1,42,5,1,2,0,2,1,1,202100019941B01,10,13,1,248400335
202100019950,2021-09-05,2021,septembre,dimanche,08:40,74,74208,45.918733,6.704225,2,1,3,1,1,6,-1,-1,1,3,,4,1,0,1,3,2,88,3,2,,0,2,1,0,202100019950B01,7,1,1,200034882
202100019964,2021-09-10,2021,septembre,vendredi,08:25,14,14256,49.321856,-0.797185,2,1,6,1,2,4,-1,1,1,1,,-1,2,0,1,2,1,71,5,1,2,9,0,1,1,202100019964A01,,,,200066801
202100020100,2021-09-08,2021,septembre,mercredi,22:00,75,75120,48.851029,2.412688,2,3,1,5,8,4,1,1,1,1,,-1,2,0,1,4,1,29,9,2,,0,2,1,13,202100020100B01,7,1,1,200054781
202100020104,2021-09-08,2021,septembre,mercredi,14:15,75,75116,48.861789,2.285728,2,4,6,1,1,4,2,2,1,1,,-1,1,0,1,1,1,19,9,2,,0,1,2,5,202100020104A01,,,,200054781
202100020105,2021-09-08,2021,septembre,mercredi,07:50,75,75114,48.822249,2.330308,2,2,3,1,1,4,2,8,1,1,,-1,1,0,5,4,2,24,1,2,,0,2,3,1,202100020105A01,7,1,1,200054781
202100020108,2021-09-08,2021,septembre,mercredi,10:05,75,75112,48.848629,2.372542,2,2,3,1,1,4,1,2,1,1,,-1,1,0,5,4,2,29,1,1,2,0,2,8,1,202100020108A01,30,1,1,200054781
202100020179,2021-09-08,2021,septembre,mercredi,08:30,13,13097,43.645982,4.804866,2,6,3,1,1,3,1,1,1,3,,-1,1,0,1,3,1,44,5,1,2,0,2,7,2,202100020179B01,7,9,1,241300417
202100020182,2021-09-07,2021,septembre,mardi,09:30,67,67205,48.694888,7.786379,2,1,2,1,1,3,3,2,1,3,,-1,1,0,4,3,2,86,5,2,,0,2,8,25,202100020182B01,7,4,1,246700843
202100020191,2021-09-08,2021,septembre,mercredi,16:40,62,62318,50.50659,1.668602,1,1,2,1,1,3,2,2,1,1,,-1,1,0,1,3,1,17,5,1,2,0,2,1,1,202100020191B01,3,26,1,200069029
202100020244,2021-09-03,2021,septembre,vendredi,13:50,80,80489,49.86947,2.35986,2,1,6,1,1,4,-1,0,1,1,,-1,1,0,5,1,1,23,9,2,,0,1,1,1,202100020244A01,,,,248000531
202100020267,2021-09-04,2021,septembre,samedi,21:17,63,63113,45.76944,3.09097,2,2,3,5,1,4,1,2,1,1,,-1,1,0,1,4,1,18,4,2,,0,2,4,19,202100020267B01,7,1,1,246300701
202100020272,2021-09-01,2021,septembre,mercredi,10:37,63,63113,45.77771,3.08089,2,1,6,1,1,4,1,2,1,1,,-1,1,0,1,4,1,72,0,1,2,1,0,1,2,202100020272B01,10,24,1,246300701
202100020302,2021-09-07,2021,septembre,mardi,14:55,27,27229,49.0163,1.16228,2,1,7,1,1,4,2,2,2,3,,-1,1,0,4,4,1,28,5,1,2 / 6,9,0,1,1,202100020302A01,,,,200071454
202100020327,2021-09-07,2021,septembre,mardi,19:40,75,75114,48.831206,2.32979,2,3,3,1,1,4,2,4,1,1,,-1,1,8,1,4,1,46,1,1,2,0,2,3,1,202100020327B01,7,12,1,200054781
202100020328,2021-09-06,2021,septembre,lundi,11:50,75,75107,48.851771,2.313862,2,2,3,1,1,4,2,4,1,1,,-1,1,0,1,4,1,16,5,1,2,0,2,7,1,202100020328A01,7,1,1,200054781
202100020328,2021-09-06,2021,septembre,lundi,11:50,75,75107,48.851771,2.313862,2,2,3,1,1,4,2,4,1,1,,-1,1,0,1,4,2,16,5,1,2,0,2,7,1,202100020328A01,7,1,1,200054781
202100020330,2021-09-07,2021,septembre,mardi,15:00,75,75112,48.830075,2.392533,2,1,6,1,1,4,2,4,1,1,,-1,1,0,4,1,1,60,5,2,,0,1,1,25,202100020330A01,,,,200054781
202100020331,2021-09-07,2021,septembre,mardi,11:15,75,75112,48.8288201013,2.4196848823,2,4,3,1,1,4,1,2,1,1,,-1,1,0,5,4,2,54,9,2,,0,2,2,19,202100020331A01,7,1,1,200054781
202100020347,2021-09-07,2021,septembre,mardi,10:40,93,93072,48.97176,2.37916,2,1,3,1,1,4,3,2,1,1,,-1,1,0,1,3,1,68,0,2,,1,0,1,26,202100020347B01,10,22,1,200054781
202100020385,2021-09-08,2021,septembre,mercredi,09:30,25,25222,47.148312,6.241264,1,1,2,1,1,3,2,2,1,1,,-1,1,0,3,3,2,73,5,2,,0,2,4,2,202100020385A01,7,0,1,242504181
202100020389,2021-09-08,2021,septembre,mercredi,13:40,29,29269,47.960456,-3.627105,2,1,2,1,1,3,2,2,1,1,,-1,1,0,1,3,1,77,5,1,2 / 6,0,2,1,1,202100020389B01,7,4,1,242900694
202100020412,2021-08-31,2021,août,mardi,13:40,30,30139,44.138887,3.405204,1,1,6,1,1,3,2,2,2,3,,-1,1,0,1,3,1,60,5,1,2,0,0,0,1,202100020412A01,,,,200034601
202100020562,2021-09-06,2021,septembre,lundi,08:40,75,75107,48.85189,2.299761,2,1,6,1,1,4,2,2,1,1,,-1,1,0,1,4,2,33,1,1,2,14,0,1,1,202100020562A01,,,,200054781
202100020563,2021-09-05,2021,septembre,dimanche,11:25,75,75115,48.854617,2.288852,2,2,3,1,1,4,2,4,1,1,,-1,1,0,1,4,2,9,5,1,2,0,2,7,19,202100020563B01,7,1,1,200054781
202100020566,2021-09-06,2021,septembre,lundi,15:30,75,75113,48.825869,2.351548,2,1,7,1,1,4,3,4,1,1,,-1,1,0,1,4,1,68,1,2,,0,0,1,21,202100020566B01,7,22,1,200054781
202100020606,2021-09-07,2021,septembre,mardi,08:15,71,71443,46.938949,4.904816,2,1,6,1,7,4,2,2,1,2,,4,1,0,1,1,2,39,2,2,,0,2,4,1,202100020606B01,7,1,1,247100589
202100020606,2021-09-07,2021,septembre,mardi,08:15,71,71443,46.938949,4.904816,2,1,6,1,7,4,2,2,1,2,,4,1,0,1,4,2,7,2,2,,0,2,4,1,202100020606C01,7,1,1,247100589
202100020611,2021-09-06,2021,septembre,lundi,17:50,76,76304,49.651477,0.435821,2,3,3,1,7,3,2,2,1,1,,-1,1,0,1,3,1,10,5,2,,0,2,7,0,202100020611B01,10,1,1,247600505
202100020614,2021-08-31,2021,août,mardi,10:55,33,33394,44.896764,-0.152618,2,3,3,1,1,3,2,2,1,1,,-1,1,0,1,3,1,63,5,1,2,0,2,1,15,202100020614B01,7,1,1,200035533
202100020621,2021-09-07,2021,septembre,mardi,15:00,61,61484,48.254313,0.699885,1,1,2,1,7,3,2,3,2,1,,-1,1,0,1,3,1,53,5,1,2,0,2,4,1,202100020621A01,7,1,1,200071504
202100020622,2021-09-07,2021,septembre,mardi,09:48,46,46273,44.869002,1.875124,2,1,2,1,1,3,2,3,1,1,,-1,1,5,1,3,1,87,5,2,,0,0,4,13,202100020622B01,7,1,1,200066371
202100020650,2021-09-05,2021,septembre,dimanche,10:10,57,57535,49.053856,7.33883,1,1,7,1,1,3,3,2,1,2,,-1,1,5,1,3,1,47,5,1,2 / 9,0,0,9,1,202100020650B01,0,19,1,200069441
202100020655,2021-09-01,2021,septembre,mercredi,17:50,33,33483,44.895428,-0.362416,2,1,3,1,1,4,2,2,1,2,,4,1,0,1,4,1,42,1,2,,0,2,1,1,202100020655A01,7,13,1,243301249
202100020658,2021-09-07,2021,septembre,mardi,08:45,35,35191,48.453883,-1.312298,1,1,1,1,1,3,2,2,1,1,,-1,1,0,1,2,1,59,5,1,2,0,2,0,13,202100020658B01,10,1,1,200070688
202100020687,2021-09-04,2021,septembre,samedi,16:53,65,65417,43.2323,0.1054,2,3,3,1,1,4,2,1,1,1,,-1,1,0,1,4,1,21,5,1,2,0,2,8,1,202100020687B01,7,1,1,200069300
202100020722,2021-09-04,2021,septembre,samedi,23:00,75,75110,48.882442,2.369184,2,4,4,5,1,4,2,3,1,1,,-1,1,0,6,1,1,29,5,1,2,0,2,1,7,202100020722C01,7,10,1,200054781
202100020722,2021-09-04,2021,septembre,samedi,23:00,75,75110,48.882442,2.369184,2,4,4,5,1,4,2,3,1,1,,-1,1,0,6,4,1,27,5,1,2,0,2,0,7,202100020722B01,7,10,1,200054781
202100020738,2021-09-05,2021,septembre,dimanche,18:40,49,49017,47.64168,-0.346883,1,1,5,1,1,3,-1,2,1,1,,-1,1,0,1,4,1,47,5,1,2 / 4,0,2,8,1,202100020738C01,7 / 10,1 / 17,2,200068955
202100020745,2021-09-05,2021,septembre,dimanche,14:45,26,26002,45.241445,4.820198,1,6,3,1,1,2,2,2,1,3,,-1,1,5,1,3,2,69,5,2,,0,2,3,2,202100020745B01,7,21,1,200040491
202100020761,2021-09-04,2021,septembre,samedi,18:10,63,63302,45.711098,3.155866,2,6,7,1,1,3,2,2,1,1,,-1,1,0,1,3,1,70,5,1,2,12,0,0,2,202100020761B01,15,2,1,200069177
202100020767,2021-09-03,2021,septembre,vendredi,13:15,39,39354,46.898802,5.647354,2,1,1,1,7,4,2,2,2,2,,3,1,0,1,3,1,10,2,1,2,0,2,1,13,202100020767A01,7,1,1,200071595
202100020776,2021-09-06,2021,septembre,lundi,10:45,14,14371,49.01382,0.253496,1,1,7,1,1,3,2,1,1,1,,-1,1,2,1,3,1,52,5,1,2,0,0,0,1,202100020776A01,,,,200069532
202100020786,2021-08-29,2021,août,dimanche,11:25,29,29233,47.875168,-3.547104,2,1,1,1,1,4,2,2,2,1,,-1,1,0,1,4,1,59,5,1,2,0,2,1,1,202100020786B01,7,20,1,242900694
202100020792,2021-09-04,2021,septembre,samedi,11:15,13,13015,43.447584,5.432906,2,3,3,1,1,7,2,2,1,1,,-1,1,5,1,4,1,51,5,1,2,0,9,1,1,202100020792C01,7,15,1,200054807
202100020792,2021-09-04,2021,septembre,samedi,11:15,13,13015,43.447584,5.432906,2,3,3,1,1,7,2,2,1,1,,-1,1,5,1,3,1,55,5,1,2,0,2,1,1,202100020792B01,7,15,1,200054807
202100020877,2021-09-04,2021,septembre,samedi,22:38,06,06088,43.685276,7.236174,2,1,3,5,1,7,3,6,1,1,,-1,1,0,1,4,1,39,0,2,,0,0,0,0,202100020877B01,32,1,1,200030195
202100020884,2021-09-04,2021,septembre,samedi,13:05,75,75110,48.875791,2.363756,2,1,7,1,1,4,1,2,2,1,,-1,9,0,1,4,1,38,9,1,2,0,0,0,1,202100020884A01,,,,200054781
202100020923,2021-09-04,2021,septembre,samedi,19:30,29,29146,47.906461,-3.838296,2,1,3,1,1,4,2,2,1,1,,-1,1,0,1,3,1,50,5,1,2,0,2,1,1,202100020923B01,7,1,1,242900769
202100020933,2021-09-05,2021,septembre,dimanche,13:15,14,14339,49.1283846,-0.314847,2,1,7,1,1,3,-1,1,1,1,,3,1,0,5,4,1,74,0,2,,0,0,1,0,202100020933A01,,,,
202100020942,2021-09-01,2021,septembre,mercredi,18:20,30,30133,43.519684,4.131871,2,6,1,1,1,4,2,2,1,1,,4,1,0,1,3,1,61,0,2,,0,2,0,1,202100020942B01,7,1,1,243000650
202100020951,2021-08-30,2021,août,lundi,20:45,91,91292,48.573626,2.259364,1,6,1,2,1,3,4,2,1,3,,-1,1,0,1,4,1,31,5,1,2,0,2,7,19,202100020951B01,7,21,1,200057859
202100020959,2021-09-04,2021,septembre,samedi,18:30,74,74082,46.12501,6.165926,1,1,7,2,1,3,2,2,2,4,,-1,1,0,1,3,1,25,5,1,2,13,0,0,1,202100020959A01,,,,247400690
202100021046,2021-09-02,2021,septembre,jeudi,21:25,47,47032,44.19289,0.64655,2,1,2,5,1,3,3,4,3,1,,-1,1,2,1,3,1,36,1,2,,9,0,4,1,202100021046B01,7,2,1,200096956
202100021049,2021-08-27,2021,août,vendredi,17:50,41,41018,47.58466,1.31743,1,1,3,1,1,3,2,2,1,1,,-1,1,5,1,4,2,53,0,2,,0,2,1,9,202100021049B01,7,1,1,200030385
202100021064,2021-09-03,2021,septembre,vendredi,08:20,27,27684,49.01529,1.18709,2,6,3,1,1,4,-1,2,1,1,,-1,1,0,1,4,1,41,5,1,2 / 4,0,-1,-1,1,202100021064B01,7,1,1,200071454
202100021085,2021-09-03,2021,septembre,vendredi,07:45,75,75118,48.886536,2.349555,2,2,2,1,1,4,2,4,1,1,,-1,1,0,6,4,1,21,5,1,2,0,2,1,2,202100021085A01,7,23,1,200054781
202100021087,2021-09-03,2021,septembre,vendredi,01:00,75,75117,48.884578,2.300219,2,1,3,5,1,4,2,2,1,1,,-1,1,0,1,4,2,24,5,1,2,0,2,2,1,202100021087B01,7,22,1,200054781
202100021090,2021-09-03,2021,septembre,vendredi,14:00,75,75116,48.876131,2.246359,2,2,3,1,1,4,3,1,1,3,,-1,1,0,5,4,2,54,9,1,2,0,2,1,1,202100021090B01,10,16,1,200054781
202100021091,2021-09-03,2021,septembre,vendredi,11:15,75,75116,48.864192,2.301555,2,2,6,1,1,4,2,3,2,1,,-1,1,0,5,4,2,50,5,2,,0,1,1,16,202100021091A01,,,,200054781
202100021091,2021-09-03,2021,septembre,vendredi,11:15,75,75116,48.864192,2.301555,2,2,6,1,1,4,2,3,2,1,,-1,1,0,5,1,1,32,9,1,2,0,1,1,16,202100021091A01,,,,200054781
202100021092,2021-09-03,2021,septembre,vendredi,12:51,75,75115,48.848185,2.283395,2,1,3,1,1,4,2,5,1,1,,-1,1,0,1,4,2,45,9,1,2,0,2,7,1,202100021092A01,7,22,1,200054781
202100021095,2021-09-03,2021,septembre,vendredi,17:10,75,75112,48.846656,2.372052,2,5,3,1,1,4,2,3,1,1,,-1,1,0,6,4,2,33,1,1,2,0,2,5,1,202100021095A01,7,7,1,200054781
202100021096,2021-09-03,2021,septembre,vendredi,18:15,75,75110,48.869019,2.362529,2,4,6,1,1,4,2,4,1,1,,-1,1,0,6,1,1,27,1,1,2,0,1,1,7,202100021096A01,,,,200054781
202100021100,2021-09-03,2021,septembre,vendredi,18:45,75,75102,48.867893,2.353457,2,2,3,1,1,4,1,5,1,1,,-1,1,0,5,4,1,57,1,1,2,0,2,0,1,202100021100B01,7,15,1,200054781
202100021129,2021-09-04,2021,septembre,samedi,16:30,51,51326,49.112324,4.309537,2,2,3,1,1,3,2,1,1,1,,-1,1,0,1,4,1,12,5,2,,0,2,8,19,202100021129A01,7,1,1,200066876
202100021249,2021-09-01,2021,septembre,mercredi,08:06,54,54328,48.61846,6.17725,2,6,3,1,7,4,2,2,1,1,,-1,1,0,1,4,1,32,1,1,2,0,2,1,1,202100021249B01,7,1,1,245400676
202100021280,2021-09-01,2021,septembre,mercredi,19:20,06,06088,43.698075,7.27279,2,2,1,1,1,4,2,2,1,1,,-1,1,0,5,1,-1,2021,-1,1,8,0,2,1,1,202100021280B01,1,1,1,200030195
202100021280,2021-09-01,2021,septembre,mercredi,19:20,06,06088,43.698075,7.27279,2,2,1,1,1,4,2,2,1,1,,-1,1,0,5,4,2,75,5,1,8,0,2,1,1,202100021280A01,1,1,1,200030195
202100021295,2021-09-02,2021,septembre,jeudi,08:45,75,75112,48.818409,2.451584,2,3,3,1,7,4,2,2,1,1,,-1,1,0,5,4,2,40,1,1,2,0,2,6,1,202100021295B01,7,15,1,200054781
202100021298,2021-09-02,2021,septembre,jeudi,15:21,75,75107,48.851775,2.313849,2,2,3,1,1,4,1,2,1,1,,-1,1,0,1,1,1,18,1,1,2,0,2,7,15,202100021298A01,31,1,1,200054781
202100021299,2021-09-02,2021,septembre,jeudi,10:15,75,75113,48.8193400865,2.3619745459,2,2,3,1,1,4,3,2,1,1,,-1,1,0,5,4,2,26,1,1,2,0,2,1,17,202100021299B01,7,22,1,200054781
202100021331,2021-09-02,2021,septembre,jeudi,10:00,79,79205,46.209364,0.06678,1,2,3,1,1,3,2,2,1,1,,6,1,0,1,2,1,71,5,1,9,0,2,1,19,202100021331A01,7,1,1,
202100021340,2021-09-01,2021,septembre,mercredi,18:45,71,71305,46.459708,4.880612,1,3,2,1,1,3,2,1,1,1,,3,1,0,1,4,1,17,5,2,,0,2,8,2,202100021340A01,7,2,1,200069698
202100021346,2021-08-31,2021,août,mardi,17:00,86,86177,46.703842,0.263608,1,3,3,1,1,4,2,2,1,1,,4,1,0,1,3,1,13,5,2,,0,2,1,1,202100021346A01,7,15,1,200069763
202100021350,2021-09-02,2021,septembre,jeudi,14:40,38,38345,45.200512,5.454613,1,1,2,1,1,3,3,2,1,1,,-1,1,0,1,3,1,84,5,1,2,0,0,4,1,202100021350A01,10,1,1,200070431
202100021364,2021-09-03,2021,septembre,vendredi,10:14,40,40046,44.390441,-1.166214,2,6,3,1,1,4,-1,2,1,2,,4,1,0,1,3,1,95,3,2,,0,2,0,1,202100021364B01,7,9,1,244000873
202100021366,2021-09-03,2021,septembre,vendredi,14:45,17,17447,46.092906,-0.915298,1,1,3,1,1,3,2,2,2,1,,-1,1,2,1,3,1,66,5,1,2,0,2,3,1,202100021366B01,7,2,1,200041614
202100021378,2021-09-03,2021,septembre,vendredi,05:50,78,78263,48.79826,1.716908,1,1,5,3,8,3,2,2,1,1,,-1,2,0,1,2,1,17,5,2,,0,2,4,2,202100021378B01,7,2,1,247800618
202100021378,2021-09-03,2021,septembre,vendredi,05:50,78,78263,48.79826,1.716908,1,1,5,3,8,3,2,2,1,1,,-1,2,0,1,1,1,17,5,2,,0,0,0,2,202100021378C01,7,2,1,247800618
202100021386,2021-09-02,2021,septembre,jeudi,16:30,33,33548,44.972062,-0.340662,1,3,3,1,1,3,2,2,1,1,,-1,1,0,1,3,1,48,5,1,2,0,0,3,1,202100021386B01,7,1,1,243301397
202100021443,2021-08-31,2021,août,mardi,13:40,59,59508,50.723051,3.110904,2,1,6,1,1,7,-1,2,2,1,,-1,1,0,1,4,1,35,0,1,2,0,1,1,26,202100021443BA01,,,,200093201
202100021463,2021-09-01,2021,septembre,mercredi,18:15,14,14118,49.18101,-0.37007,2,6,3,1,1,4,1,2,1,2,,-1,1,0,1,3,2,66,0,2,,0,2,0,0,202100021463A01,7,9,1,200065597
202100021477,2021-09-01,2021,septembre,mercredi,11:45,75,75118,48.896700116,2.370608747,2,1,3,1,1,4,2,5,2,1,,-1,1,0,5,4,1,37,9,1,2,0,2,1,1,202100021477A01,10,15,1,200054781
202100021479,2021-09-01,2021,septembre,mercredi,08:40,75,75116,48.849903,2.277153,2,4,1,1,1,4,2,3,2,1,,-1,1,0,5,1,1,48,1,1,2,0,2,8,17,202100021479A01,80,1,1,200054781
202100021481,2021-09-01,2021,septembre,mercredi,08:40,75,75113,48.823266,2.37763,2,1,7,1,1,4,2,4,1,1,,-1,1,0,5,4,2,38,1,1,2,0,0,1,1,202100021481A01,,,,200054781
202100021507,2021-08-27,2021,août,vendredi,16:45,22,22182,48.542921,-2.960966,1,1,2,1,1,3,2,2,2,1,,-1,1,0,1,3,1,72,5,1,2,0,2,4,1,202100021507B01,7,17,1,200069086
202100021522,2021-09-01,2021,septembre,mercredi,14:30,25,25320,46.787932,6.277742,1,2,3,1,1,3,2,2,1,1,,-1,1,5,1,4,1,76,5,1,2,0,2,1,1,202100021522B01,7,15,1,200069565
202100021524,2021-08-30,2021,août,lundi,16:00,29,29260,48.426449,-4.603347,2,3,3,1,1,4,2,2,1,1,,-1,1,0,1,4,1,16,5,1,2,0,2,2,19,202100021524A01,7,1,1,242900074
202100021572,2021-05-27,2021,mai,jeudi,11:15,73,73002,45.53209,6.306732,1,1,1,1,1,3,2,2,2,4,,-1,1,8,1,3,1,45,5,1,2,4,2,1,1,202100021572A01,7,1,1,
202100021573,2021-05-23,2021,mai,dimanche,11:40,73,73053,45.551528,6.208616,1,6,3,1,7,3,-1,2,1,2,,4,1,5,1,4,1,70,5,1,2,0,2,1,15,202100021573B01,7,9,1,200041010
202100021685,2021-08-14,2021,août,samedi,12:55,59,59083,50.90192,2.415937,1,1,7,1,1,4,2,1,1,1,,3,1,0,8,2,1,64,5,1,2,0,0,0,0,202100021685A01,,,,200040954
202100021801,2021-08-30,2021,août,lundi,13:15,75,75106,48.848238,2.33104,2,2,3,1,1,4,2,2,1,1,,-1,1,0,1,4,2,72,5,2,,0,2,1,1,202100021801B01,7,22,1,200054781
202100021866,2021-08-30,2021,août,lundi,19:15,18,18226,47.128695,2.463813,1,1,3,1,1,3,2,2,1,1,,-1,1,0,1,3,1,17,5,1,2,0,2,1,15,202100021866A01,7,17,1,241800507