Num_Acc,date,an,mois,jour,hrmn,dep,com,lat,long,agg,int,col,lum,atm,catr,circ,nbv,prof,plan,lartpc,larrout,surf,infra,situ,grav,sexe,age,trajet,secuexist,equipement,obs,obsm,choc,manv,vehiculeid,typevehicules,manoeuvehicules,numVehicules,_infos_commune.code_epci
202100021876,2021-08-29,2021,août,dimanche,18:00,971,97103,16.236277,-61.604859,2,1,3,1,1,4,2,2,1,1,,5,1,0,1,4,1,16,5,2,,0,0,3,2,202100021876B01,31,17,1,200018653
202100021909,2021-06-29,2021,juin,mardi,10:45,83,83016,43.218246,5.810963,1,1,3,1,1,3,2,2,2,1,,-1,1,0,1,3,1,61,5,1,2,0,2,0,1,202100021909B01,15,17,1,248300394
202100021923,2021-08-27,2021,août,vendredi,15:10,65,65226,43.2409654402,0.0185206532,1,1,1,1,1,3,2,2,1,1,,-1,1,0,1,4,2,21,3,2,,0,2,1,15,202100021923B01,7,11,1,200069300
202100021964,2021-08-29,2021,août,dimanche,15:30,05,05027,44.877616,6.739211,1,1,3,1,1,3,2,2,2,3,,-1,1,0,1,3,1,39,5,1,2,0,2,3,13,202100021964A01,7,1,1,240500439
202100021970,2021-08-28,2021,août,samedi,19:50,74,74299,45.895692,6.166003,2,9,3,2,1,3,-1,2,3,1,,-1,1,0,5,4,1,56,5,1,2,0,2,1,1,202100021970B01,7,15,1,200066793
202100021980,2021-08-29,2021,août,dimanche,15:20,49,49235,47.225101,0.010456,2,1,7,1,1,4,2,1,3,1,,3,1,0,1,2,1,71,5,2,,0,0,0,1,202100021980A01,,,,200071876
202100021997,2021-08-29,2021,août,dimanche,10:55,10,10251,48.108205,3.951538,1,1,7,1,1,3,2,2,3,3,,4,1,0,3,2,1,69,5,1,2,0,0,0,0,202100021997A01,,,,200071041
202100022002,2021-08-25,2021,août,mercredi,04:30,85,85012,46.88889,-2.111604,2,6,6,5,1,3,2,2,1,1,,-1,1,0,1,3,1,20,1,1,4 / 9,0,0,4,1,202100022002B01,0,0,1,248500258
202100022011,2021-08-28,2021,août,samedi,14:00,74,74010,45.878018,6.09355,2,6,1,1,1,4,1,2,1,1,,6,1,5,6,4,1,50,5,1,2,0,2,1,1,202100022011B01,7,15,1,200066793
202100022015,2021-08-29,2021,août,dimanche,22:16,77,77327,48.571567,2.999589,1,1,1,3,1,3,2,2,1,1,,-1,1,0,1,3,1,44,5,2,,0,2,1,14,202100022015B01,7,13,1,247700701
202100022025,2021-08-26,2021,août,jeudi,12:05,44,44026,47.308292,-1.480519,2,6,2,1,7,7,2,2,1,3,,-1,1,0,1,4,1,59,5,1,2,0,2,4,1,202100022025B01,7,2,1,244400404
202100022106,2021-08-27,2021,août,vendredi,01:35,75,75105,48.8468,2.343347,2,2,1,5,1,4,2,2,1,1,,-1,1,0,5,3,1,54,9,1,2,0,2,0,1,202100022106B01,7,16,1,200054781
202100022156,2021-08-29,2021,août,dimanche,10:20,29,29041,48.06468,-3.836106,1,1,2,1,1,3,2,2,1,1,,-1,1,0,1,3,1,69,5,1,2,0,2,8,1,202100022156B01,7,13,1,242900561
202100022165,2021-08-28,2021,août,samedi,19:30,60,60471,49.5751835058,3.0053971083,2,3,3,1,1,4,2,2,1,1,,-1,1,0,1,3,1,13,0,2,,0,2,1,15,202100022165B01,7,1,1,246000756
202100022191,2021-08-27,2021,août,vendredi,16:45,69,69036,46.119124,4.661116,1,3,1,1,1,3,2,3,1,1,,-1,1,0,1,4,1,48,5,1,2,0,2,3,19,202100022191B01,7,15,1,200067817
202100022195,2021-08-29,2021,août,dimanche,12:40,50,50612,48.675202,-1.452822,1,2,3,1,1,3,2,1,1,1,,3,1,0,1,3,1,42,0,2,,7,0,8,1,202100022195B01,7,1,1,200069425
202100022197,2021-08-29,2021,août,dimanche,15:20,60,60141,49.189575,2.462755,2,1,3,1,2,3,2,2,1,1,,-1,2,0,1,4,1,36,5,1,9,0,0,3,1,202100022197B01,7,17,1,246000764
202100022251,2021-08-27,2021,août,vendredi,07:25,54,54395,48.6852490599,6.1665079157,2,4,3,1,1,4,1,1,4,1,,-1,1,-1,1,3,1,27,0,1,2,0,2,8,1,202100022251B01,7,16,1,245400676
202100022299,2021-08-27,2021,août,vendredi,22:20,75,75113,48.825131,2.357576,2,3,3,5,1,4,2,4,1,1,,-1,1,0,5,4,2,21,5,2,,0,2,1,1,202100022299B01,7,22,1,200054781
202100022303,2021-08-27,2021,août,vendredi,16:30,75,75101,48.861496,2.339143,2,2,1,1,1,4,2,3,1,1,,-1,1,0,5,4,1,47,5,2,,0,9,8,1,202100022303A01,1,5,1,200054781
202100022317,2021-08-25,2021,août,mercredi,09:45,35,35002,48.000303,-1.495889,1,1,3,1,1,3,2,2,2,1,,-1,1,0,1,3,2,12,5,1,2,0,2,8,19,202100022317B01,7,1,1,243500634
202100022321,2021-08-28,2021,août,samedi,14:25,54,54067,49.435427,5.6595039368,1,1,3,1,1,3,2,2,2,1,,-1,1,0,1,3,1,72,5,1,2,0,2,8,13,202100022321B01,7,17,1,200043693
202100022323,2021-08-27,2021,août,vendredi,16:40,67,67194,48.731076,7.907549,2,6,3,1,1,3,2,2,1,3,,-1,1,5,1,3,1,65,0,2,,0,0,2,26,202100022323B01,7,9,1,200041325
202100022330,2021-08-26,2021,août,jeudi,07:45,65,65057,43.195357,-0.000644,1,1,3,2,7,3,2,2,1,1,,-1,1,0,1,3,1,27,1,2,,0,2,8,1,202100022330B01,7,2,1,200069300
202100022334,2021-08-26,2021,août,jeudi,15:00,63,63195,45.823181,3.379235,2,6,3,1,1,3,2,2,1,2,,-1,1,5,1,3,1,71,5,1,2,0,0,7,2,202100022334B01,7,9,1,246301097
202100022350,2021-08-28,2021,août,samedi,19:09,05,05092,44.484015,6.027868,1,1,1,1,1,3,2,2,2,1,,-1,1,0,1,2,1,30,5,1,2,0,2,1,1,202100022350B01,7,17,1,200067825
202100022371,2021-08-27,2021,août,vendredi,19:20,973,97305,4.982307,-52.469105,1,1,5,3,1,3,2,2,1,1,,-1,1,0,1,4,1,54,1,2,,0,0,4,2,202100022371C01,10,1,1,249730045
202100022371,2021-08-27,2021,août,vendredi,19:20,973,97305,4.982307,-52.469105,1,1,5,3,1,3,2,2,1,1,,-1,1,0,1,3,1,46,1,2,,0,0,4,2,202100022371B01,10,1,1,249730045
202100022420,2021-08-26,2021,août,jeudi,12:25,65,65440,43.23431,0.07258,2,4,3,1,1,4,2,2,1,1,,-1,1,0,1,4,2,43,5,2,,0,2,7,1,202100022420B01,7,15,1,200069300
202100022473,2021-08-26,2021,août,jeudi,17:40,75,75111,48.867938,2.381807,2,1,6,1,1,4,1,1,1,1,,-1,1,0,5,1,1,34,5,2,,0,1,3,1,202100022473A01,,,,200054781
202100022497,2021-08-27,2021,août,vendredi,08:50,62,62571,50.458361,1.601445,2,1,5,1,1,3,2,2,1,1,,-1,2,0,1,3,1,15,5,1,2,0,2,3,1,202100022497B01,7,26 / 15,2,200069029
202100022517,2021-08-25,2021,août,mercredi,09:05,34,34178,43.439576,3.137176,2,1,1,1,1,3,2,2,2,1,,-1,1,0,1,1,2,67,5,1,2,0,0,4,2,202100022517A01,1,2,1,200071058
202100022517,2021-08-25,2021,août,mercredi,09:05,34,34178,43.439576,3.137176,2,1,1,1,1,3,2,2,2,1,,-1,1,0,1,3,1,71,5,1,2,0,2,1,2,202100022517B01,1,2,1,200071058
202100022524,2021-08-26,2021,août,jeudi,11:40,03,03029,46.240444,3.440191,1,1,3,1,1,3,2,2,1,1,,-1,1,0,1,3,1,84,5,1,2,0,2,3,1,202100022524B01,13,17,1,200071363
202100022527,2021-08-27,2021,août,vendredi,06:40,54,54157,48.839115,6.057869,2,1,3,2,1,4,2,2,1,1,,6,1,0,1,3,1,58,5,2,,0,2,8,15,202100022527B01,14,1,1,200041515
202100022528,2021-08-26,2021,août,jeudi,18:40,14,14193,49.131436,0.331725,1,1,5,1,1,4,2,2,1,1,,-1,1,0,1,4,1,16,5,2,,0,2,1,1,202100022528C01,50 / 2,1,2,200069532
202100022532,2021-08-26,2021,août,jeudi,17:50,73,73308,45.6898113281,6.4114165425,1,1,3,1,1,3,2,2,2,4,,-1,1,0,1,2,1,52,5,1,2,0,2,3,13,202100022532A01,99,1,1,200068997
202100022535,2021-08-27,2021,août,vendredi,08:20,40,40255,43.879146,-0.345018,1,2,3,1,5,3,2,2,1,1,,-1,1,0,1,3,1,73,5,1,2,0,2,1,19,202100022535A01,10,1,1,244000774
202100022547,2021-08-26,2021,août,jeudi,10:38,05,05079,45.0427450762,6.4164431651,1,1,5,1,1,3,2,2,2,4,,-1,1,0,1,3,1,49,5,1,2,0,2,1,5,202100022547C01,7,1,1,240500439
202100022547,2021-08-26,2021,août,jeudi,10:38,05,05079,45.0427450762,6.4164431651,1,1,5,1,1,3,2,2,2,4,,-1,1,0,1,3,1,36,5,1,2,0,2,1,13,202100022547A01,7,1,1,240500439
202100022547,2021-08-26,2021,août,jeudi,10:38,05,05079,45.0427450762,6.4164431651,1,1,5,1,1,3,2,2,2,4,,-1,1,0,1,3,1,39,5,1,2,0,2,1,13,202100022547B01,7,1,1,240500439
202100022548,2021-08-26,2021,août,jeudi,22:10,04,04143,43.922951,5.911524,2,6,3,5,1,3,2,2,1,1,,-1,1,0,1,4,1,30,5,1,2 / 4,0,2,1,9,202100022548B01,7,9,1,200034700
202100022556,2021-08-27,2021,août,vendredi,07:00,07,07324,45.071276,4.8254093,2,1,7,2,1,3,2,2,1,1,,4,1,0,5,3,1,19,0,2,,0,0,0,0,202100022556A01,,,,200073096
202100022559,2021-08-26,2021,août,jeudi,09:15,85,85198,46.9913,-1.042365,2,3,3,1,1,3,2,2,1,1,,-1,1,5,1,4,1,64,9,2,,0,2,0,2,202100022559B01,7,15,1,248500662
202100022659,2021-08-24,2021,août,mardi,15:00,75,75116,48.863347,2.237465,2,1,1,1,1,4,1,1,1,1,,-1,1,0,5,4,1,50,5,1,2,0,2,1,1,202100022659B01,50,5,1,200054781
202100022719,2021-08-23,2021,août,lundi,18:40,34,34172,43.64447,3.84154,2,1,3,1,1,4,1,1,1,1,,-1,1,0,1,4,1,19,0,2,,0,2,7,19,202100022719B01,7,1,1,243400017
202100022749,2021-08-24,2021,août,mardi,08:40,75,75116,48.8513748078,2.2738601267,2,1,2,1,1,4,1,1,1,1,,-1,1,0,1,4,2,43,3,2,,0,2,1,1,202100022749B01,10,4,1,200054781
202100022751,2021-08-24,2021,août,mardi,08:10,75,75109,48.877425,2.337304,2,1,3,1,1,4,2,1,2,1,,-1,1,0,1,4,1,54,9,2,,0,2,2,17,202100022751B01,10,13,1,200054781
202100022793,2021-08-20,2021,août,vendredi,18:15,80,80021,49.9310495701,2.2780133666,1,1,3,1,1,6,-1,-1,1,1,,-1,1,0,5,4,1,26,0,1,2,0,2,1,1,202100022793A01,7,26,1,248000531
202100022851,2021-08-23,2021,août,lundi,12:30,64,64256,43.38212,-1.313344,2,1,2,1,1,3,2,2,1,1,,-1,1,0,1,3,1,65,5,1,2,0,0,4,1,202100022851B01,7,1,1,200067106
202100022857,2021-08-24,2021,août,mardi,11:00,48,48194,44.334946,3.874075,1,1,6,1,1,3,2,2,2,3,,-1,1,2,1,3,1,65,5,1,2 / 6,6,0,1,2,202100022857A01,,,,200069136
202100022866,2021-08-19,2021,août,jeudi,17:25,45,45210,47.857076,2.824628,2,3,3,1,1,3,2,2,2,3,,3,1,0,1,4,1,69,5,1,2,0,2,6,1,202100022866A01,7,15,1,200067676
202100022874,2021-08-24,2021,août,mardi,06:25,33,33517,45.049244,-0.692332,1,1,1,3,1,3,2,2,1,1,,-1,1,0,1,3,1,33,1,2,,0,2,1,0,202100022874A01,13,13,1,243301447
202100022879,2021-08-24,2021,août,mardi,14:45,60,60170,49.197285442,2.5452930292,1,1,3,1,1,4,2,2,1,4,,5,1,0,1,4,1,18,5,1,2,0,2,3,5,202100022879A01,7,1,1,200066975
202100022928,2021-08-22,2021,août,dimanche,18:50,75,75104,48.854758,2.362418,2,3,3,1,1,4,2,5,1,2,,-1,1,0,5,4,1,20,9,1,2,0,2,1,1,202100022928B01,7,11,1,200054781
202100022936,2021-08-23,2021,août,lundi,14:55,86,86276,46.253897,0.523531,1,1,2,1,1,3,2,2,3,1,,-1,1,0,1,2,1,25,3,2,,0,0,4,0,202100022936B01,10,2,1,200070043
202100022957,2021-08-23,2021,août,lundi,11:36,03,03024,46.33348,3.711657,1,1,6,1,1,3,2,2,2,1,,-1,1,0,1,3,2,69,5,1,2,0,9,1,1,202100022957A01,,,,240300491
202100022960,2021-08-20,2021,août,vendredi,11:30,14,14191,49.3318172693,-0.4630093576,2,1,3,1,1,3,2,3,1,1,,7,1,0,1,4,1,48,5,2,,0,2,7,17,202100022960A01,7,2,1,241400860
202100022988,2021-08-23,2021,août,lundi,03:15,14,14384,49.30727,-0.359384,2,1,2,5,1,3,2,2,1,1,,-1,1,0,1,1,1,18,5,2,,0,0,4,1,202100022988B01,1,2,1,241400860
202100022988,2021-08-23,2021,août,lundi,03:15,14,14384,49.30727,-0.359384,2,1,2,5,1,3,2,2,1,1,,-1,1,0,1,4,1,19,5,2,,0,2,1,2,202100022988A01,1,1,1,241400860
202100023006,2021-08-02,2021,août,lundi,16:05,988,98818,-22.30362,166.44642,2,1,2,1,1,4,3,4,1,1,,-1,1,0,1,3,1,59,5,1,2 / 2,0,2,1,21,202100023006B01,7,20,1,
202100023145,2021-08-21,2021,août,samedi,19:45,93,93010,48.903858,2.475272,2,1,3,1,1,4,2,2,1,1,,-1,1,0,1,1,1,35,0,2,,0,1,1,1,202100023145A01,,,,200054781
202100023159,2021-08-22,2021,août,dimanche,08:30,56,56178,48.069097,-2.968556,2,1,7,1,8,4,2,2,2,2,,-1,1,0,1,3,1,48,5,1,2,14,0,0,1,202100023159A01,,,,245614433
202100023160,2021-08-22,2021,août,dimanche,09:30,56,56147,47.551028,-2.254086,1,1,5,1,1,3,2,2,2,1,,-1,1,0,1,4,1,54,5,1,2,0,2,1,1,202100023160D01,7,13,1,200027027
202100023160,2021-08-22,2021,août,dimanche,09:30,56,56147,47.551028,-2.254086,1,1,5,1,1,3,2,2,2,1,,-1,1,0,1,4,1,56,5,1,2,0,2,1,1,202100023160C01,7,13,1,200027027
202100023160,2021-08-22,2021,août,dimanche,09:30,56,56147,47.551028,-2.254086,1,1,5,1,1,3,2,2,2,1,,-1,1,0,1,4,1,37,5,1,2,0,2,1,1,202100023160E01,7,13,1,200027027
202100023160,2021-08-22,2021,août,dimanche,09:30,56,56147,47.551028,-2.254086,1,1,5,1,1,3,2,2,2,1,,-1,1,0,1,4,1,53,5,1,2,0,2,1,1,202100023160B01,7,13,1,200027027
202100023161,2021-08-22,2021,août,dimanche,02:15,79,79195,46.944683,-0.593058,2,1,7,5,1,3,2,2,2,1,,6,1,0,4,4,1,33,5,2,,0,0,1,0,202100023161A01,,,,200040244
202100023162,2021-08-21,2021,août,samedi,16:45,79,79009,46.263228,-0.583037,1,4,3,1,1,3,2,2,1,1,,5,1,0,1,3,2,14,5,2,,0,2,1,15,202100023162A01,7,1,1,200041317
202100023176,2021-08-21,2021,août,samedi,15:35,70,70421,47.689161,6.042443,2,3,3,1,1,3,2,1,2,1,,3.5,1,0,1,3,2,62,5,1,2,0,2,3,15,202100023176B01,7,26,1,200041879
202100023241,2021-08-20,2021,août,vendredi,15:25,14,14118,49.18069,-0.35822,2,1,6,1,1,4,1,1,1,1,,-1,1,0,1,1,1,53,5,2,,0,1,1,1,202100023241A01,,,,200065597
202100023309,2021-08-20,2021,août,vendredi,15:25,05,05023,44.88312,6.62858,2,9,3,1,1,4,2,2,1,1,,-1,1,0,1,4,1,10,5,2,,0,2,1,16,202100023309A01,99,1,1,240500439
202100023317,2021-08-20,2021,août,vendredi,12:20,75,75111,48.863764,2.370116,2,2,3,1,1,4,2,4,1,1,,-1,1,0,1,4,1,24,5,1,2,0,2,3,15,202100023317B01,30,2,1,200054781
202100023348,2021-08-20,2021,août,vendredi,11:50,44,44182,47.179409,-2.153878,2,6,3,1,1,4,-1,1,1,1,,3,1,5,1,3,1,49,5,1,2,0,0,7,1,202100023348B01,7,1,1,200067346
202100023349,2021-08-20,2021,août,vendredi,15:45,29,29037,47.8760186832,-4.1318826377,2,1,5,1,1,4,2,2,1,1,,-1,1,0,1,3,1,82,5,1,2,0,2,1,1,202100023349C01,2 / 7,1 / 15,2,242900702
202100023361,2021-08-18,2021,août,mercredi,18:45,07,07329,44.598229,4.078074,2,1,2,2,1,3,2,2,2,2,,-1,1,0,1,3,1,55,5,1,2,0,0,4,2,202100023361B01,7,2,1,240700302
202100023364,2021-08-16,2021,août,lundi,15:00,30,30059,43.673102,4.236801,2,2,6,1,1,3,2,2,1,1,,-1,1,5,1,4,1,10,5,2,,0,2,8,5,202100023364B01,7,1,1,243000593
202100023379,2021-08-21,2021,août,samedi,10:00,38,38565,45.296645,5.616615,1,1,4,1,1,9,2,2,1,1,,-1,1,0,5,3,1,74,5,1,2,0,2,1,2,202100023379D01,1,2 / 15,3,243800984
202100023379,2021-08-21,2021,août,samedi,10:00,38,38565,45.296645,5.616615,1,1,4,1,1,9,2,2,1,1,,-1,1,0,5,4,1,48,5,1,2,0,2,1,2,202100023379C01,1,2 / 15,3,243800984
202100023379,2021-08-21,2021,août,samedi,10:00,38,38565,45.296645,5.616615,1,1,4,1,1,9,2,2,1,1,,-1,1,0,5,4,1,61,5,1,2,0,2,1,2,202100023379B01,1,2 / 15,3,243800984
202100023379,2021-08-21,2021,août,samedi,10:00,38,38565,45.296645,5.616615,1,1,4,1,1,9,2,2,1,1,,-1,1,0,5,4,1,53,5,1,2,0,0,4,15,202100023379A01,1,2,3,243800984
202100023386,2021-08-20,2021,août,vendredi,18:30,59,59659,50.018129,4.023904,2,9,1,1,1,3,2,2,4,3,,-1,1,0,1,3,1,17,5,1,2,0,2,1,5,202100023386A01,7,21,1,200043404
202100023452,2021-08-18,2021,août,mercredi,13:20,75,75105,48.840275,2.346033,2,2,3,1,1,4,2,2,2,1,,-1,1,0,1,4,2,69,5,1,2,0,2,0,15,202100023452A01,30,1,1,200054781
202100023460,2021-08-19,2021,août,jeudi,19:50,75,75107,48.858805,2.331577,2,1,1,1,1,4,2,5,1,1,,-1,1,0,5,1,1,32,5,1,2,0,2,0,13,202100023460B01,1,1,1,200054781
202100023460,2021-08-19,2021,août,jeudi,19:50,75,75107,48.858805,2.331577,2,1,1,1,1,4,2,5,1,1,,-1,1,0,5,4,1,49,5,1,2,0,2,1,1,202100023460A01,1,13,1,200054781
202100023475,2021-08-15,2021,août,dimanche,11:40,86,86174,46.77329,0.482608,2,2,3,1,1,3,2,2,1,1,,-1,1,0,1,3,1,47,5,1,2,0,2,1,1,202100023475A01,10,1,1,248600413
202100023481,2021-08-19,2021,août,jeudi,12:00,63,63116,45.97792,3.094874,1,1,7,1,1,3,2,2,4,1,,-1,1,0,1,4,1,67,0,1,2,0,0,0,2,202100023481A01,,,,200072098
202100023493,2021-08-19,2021,août,jeudi,18:00,49,49218,47.270581,-0.985615,1,2,1,1,1,3,2,2,2,1,,-1,1,0,1,3,1,18,5,1,2,0,2,8,15,202100023493A01,7,1,1,200060010
202100023500,2021-08-20,2021,août,vendredi,11:20,26,26183,44.708484,5.093459,1,3,1,1,1,3,2,2,1,1,,-1,1,0,1,2,2,83,5,2,,0,2,7,15,202100023500B01,7,1,1,200040509
202100023514,2021-08-20,2021,août,vendredi,15:40,85,85018,46.88886,-2.072479,1,1,2,1,1,3,2,2,1,1,,-1,1,0,1,3,1,71,5,1,2,0,2,6,2,202100023514B01,10,2,1,200071629
202100023516,2021-08-11,2021,août,mercredi,08:10,87,87030,45.874346,0.853007,1,1,3,1,1,3,2,2,2,1,,-1,1,0,1,3,1,71,5,1,2,0,2,1,0,202100023516B01,10,17,1,200059400
202100023519,2021-08-19,2021,août,jeudi,09:47,88,88426,47.858213,6.828625,2,3,3,1,1,3,2,2,1,1,,4,1,0,1,3,1,71,5,2,,0,2,2,19,202100023519B01,7,1,1,200033868
202100023607,2021-08-17,2021,août,mardi,10:11,05,05061,44.56655,6.10167,2,1,2,1,1,4,2,2,1,1,,-1,1,0,1,4,1,30,5,1,2,0,2,1,1,202100023607A01,7,1,1,200067825
202100023609,2021-08-16,2021,août,lundi,07:35,05,05061,44.55687,6.07717,2,1,3,1,1,4,1,1,1,1,,-1,1,0,1,4,1,43,0,1,2,0,2,8,19,202100023609B01,7,1,1,200067825
202100023612,2021-08-18,2021,août,mercredi,11:25,75,75118,48.8964241853,2.3592988802,2,3,3,1,1,4,2,4,1,1,,-1,1,0,6,4,1,49,9,1,2,0,2,0,1,202100023612B01,10,16,1,200054781
202100023613,2021-08-17,2021,août,mardi,14:00,75,75116,48.858469,2.288644,2,1,3,1,1,4,2,4,1,1,,-1,1,0,6,1,1,31,4,1,2,0,2,2,9,202100023613A01,1,1,1,200054781
202100023613,2021-08-17,2021,août,mardi,14:00,75,75116,48.858469,2.288644,2,1,3,1,1,4,2,4,1,1,,-1,1,0,6,4,1,37,4,1,2,0,2,1,1,202100023613B01,1,9,1,200054781
202100023614,2021-08-17,2021,août,mardi,18:35,75,75112,48.841554,2.391278,2,1,3,1,8,4,1,1,1,1,,-1,1,0,1,4,2,32,5,1,2,0,2,7,1,202100023614B01,7,22,1,200054781
202100023615,2021-08-17,2021,août,mardi,16:50,75,75112,48.845019,2.405814,2,1,3,1,1,4,2,3,2,1,,-1,1,0,1,4,1,18,9,1,2,0,2,1,1,202100023615B01,7,22,1,200054781
202100023627,2021-08-13,2021,août,vendredi,17:20,31,31044,43.608356,1.488138,2,1,3,1,7,7,3,4,1,3,,-1,1,6,1,4,1,61,1,1,2,0,2,7,19,202100023627A01,7,16,1,243100518
202100023634,2021-08-19,2021,août,jeudi,15:00,89,89420,47.566783,3.20112,1,1,1,1,1,3,2,2,1,1,,4,1,0,1,2,1,63,5,1,2,0,2,0,5,202100023634A01,14,1,1,200067130
202100023638,2021-08-18,2021,août,mercredi,16:24,38,38427,45.28498,5.36783,1,1,1,1,1,4,-1,2,2,3,,-1,1,0,1,3,1,61,5,1,2,0,2,1,1,202100023638A01,21,1,1,200059392
202100023704,2021-08-17,2021,août,mardi,19:24,54,54197,48.62618,6.21828,1,9,3,2,1,7,4,1,2,1,,-1,1,2,1,4,1,37,0,1,2,0,2,1,1,202100023704A01,7,1,1,245400676
202100023705,2021-08-17,2021,août,mardi,13:45,54,54578,48.6682023228,6.1474279805,2,1,2,1,1,4,2,2,2,1,,-1,1,0,1,4,2,19,1,1,2,0,2,1,2,202100023705A01,7,2,1,245400676
202100023718,2021-08-17,2021,août,mardi,17:00,26,26362,44.91932,4.90126,2,1,3,1,1,4,2,2,1,1,,-1,1,0,1,4,2,45,1,1,2,1,0,1,1,202100023718B01,7,24,1,200068781
202100023757,2021-08-15,2021,août,dimanche,16:00,14,14764,48.885503,-0.415184,1,1,7,1,1,3,2,2,2,1,,-1,1,0,1,4,1,41,5,2,,0,0,0,1,202100023757A01,,,,241400514
202100023760,2021-08-17,2021,août,mardi,10:00,01,01092,45.963982,5.258272,1,1,5,1,1,3,2,2,1,1,,-1,1,0,1,2,1,72,5,2,,0,2,1,1,202100023760B01,7,17,1,200069193
202100023760,2021-08-17,2021,août,mardi,10:00,01,01092,45.963982,5.258272,1,1,5,1,1,3,2,2,1,1,,-1,1,0,1,2,1,72,5,2,,0,2,1,1,202100023760C01,7,17,1,200069193
202100023761,2021-08-17,2021,août,mardi,17:00,69,69279,45.7997676594,5.0597459078,2,6,3,1,1,7,2,2,1,2,,-1,1,5,1,3,1,60,5,1,2,0,2,7,1,202100023761A01,7,9,1,200046977
202100023764,2021-08-18,2021,août,mercredi,08:10,74,74213,45.914863,6.053833,2,1,1,1,1,3,2,2,1,3,,4,1,0,5,3,1,21,5,2,,0,9,1,5,202100023764A01,1,1,1,200066793
202100023764,2021-08-18,2021,août,mercredi,08:10,74,74213,45.914863,6.053833,2,1,1,1,1,3,2,2,1,3,,4,1,0,5,1,1,63,5,1,2,0,9,1,1,202100023764B01,1,5,1,200066793
202100023770,2021-08-15,2021,août,dimanche,09:40,71,71318,46.5499592732,5.1706275317,1,4,7,1,1,3,2,2,1,1,,4,1,0,1,3,1,52,5,1,2,0,0,2,16,202100023770A01,,,,200071538
202100023772,2021-08-17,2021,août,mardi,13:45,61,61168,48.575095,-0.372639,1,1,2,1,1,3,2,2,1,3,,-1,1,0,1,4,1,61,5,1,2,0,2,4,2,202100023772B01,7,2,1,200035814
202100023777,2021-08-16,2021,août,lundi,19:00,44,44005,47.132099,-1.881638,1,3,2,1,1,3,2,2,1,1,,-1,1,0,1,3,1,18,1,2,,0,0,9,9,202100023777A01,7,1,1,200067346
202100023785,2021-08-17,2021,août,mardi,13:45,06,06038,43.683484,6.973121,1,1,7,1,1,3,2,2,2,4,,-1,1,0,1,4,1,21,5,1,2,6,0,3,2,202100023785A01,17,26,1,240600585
202100023791,2021-08-15,2021,août,dimanche,10:10,45,45061,48.0378932619,2.7475909169,1,3,3,1,7,3,2,2,2,1,,-1,1,0,1,3,1,67,5,1,2,0,2,3,1,202100023791B01,7,9,1,244500203
202100023792,2021-08-12,2021,août,jeudi,12:57,64,64065,43.359861,-1.634334,2,9,2,1,1,3,2,2,1,1,,-1,1,0,1,3,2,75,5,2,,0,0,0,17,202100023792B01,38,1,1,200067106
202100023797,2021-08-17,2021,août,mardi,10:00,30,30133,43.525931,4.149442,2,6,6,1,1,3,2,4,1,1,,-1,1,9,1,3,2,69,5,2,,0,2,8,19,202100023797C01,7,1 / 23,2,243000650
202100023810,2021-08-18,2021,août,mercredi,13:00,83,83016,43.192589,5.819581,1,1,1,1,1,4,2,1,1,3,,3,1,0,1,4,2,16,0,2,,0,2,1,0,202100023810B01,7,1,1,248300394
202100023819,2021-08-17,2021,août,mardi,21:25,47,47094,44.454149,0.233793,2,1,2,2,1,3,3,2,1,1,,-1,1,0,1,2,1,44,5,2,,0,0,4,1,202100023819B01,7,1,1,200030674
202100023821,2021-08-17,2021,août,mardi,18:15,62,62793,50.406156,2.641612,2,1,3,1,2,4,2,2,1,1,,-1,2,0,1,2,2,71,5,2,,0,2,8,26,202100023821B01,10,17,1,246200364
202100023868,2021-08-15,2021,août,dimanche,13:50,71,71118,46.79343,4.823677,2,3,3,1,1,4,2,2,1,1,,-1,1,5,5,3,1,66,0,1,2,0,2,0,1,202100023868B01,7,15,1,247100589
202100023944,2021-08-14,2021,août,samedi,12:40,44,44126,47.144944,-2.18265,2,1,3,1,1,4,2,1,1,1,,3,1,0,1,3,1,51,5,2,,0,2,3,13,202100023944A01,7,1,1,200067346
202100023947,2021-08-10,2021,août,mardi,15:10,29,29165,47.798674,-4.214416,2,1,3,1,1,4,2,2,1,1,,4,1,0,1,4,2,74,5,1,2,0,2,7,17,202100023947B01,1,13,1,242900702
202100023947,2021-08-10,2021,août,mardi,15:10,29,29165,47.798674,-4.214416,2,1,3,1,1,4,2,2,1,1,,4,1,0,1,1,2,44,5,2,,0,2,8,13,202100023947A01,1,17,1,242900702