Num_Acc,date,an,mois,jour,hrmn,dep,com,lat,long,agg,int,col,lum,atm,catr,circ,nbv,prof,plan,lartpc,larrout,surf,infra,situ,grav,sexe,age,trajet,secuexist,equipement,obs,obsm,choc,manv,vehiculeid,typevehicules,manoeuvehicules,numVehicules,_infos_commune.code_epci
202100023949,2021-08-16,2021,août,lundi,13:22,38,38150,45.208091,5.850338,2,1,7,1,1,7,2,2,1,1,,-1,1,0,1,4,2,18,1,2,,12,0,0,1,202100023949A01,38,17,1,200040715
202100023950,2021-08-17,2021,août,mardi,18:30,01,01036,45.875706,5.664804,2,1,1,1,1,3,2,2,2,1,,-1,1,0,1,2,2,37,5,1,2,6,2,1,0,202100023950A01,10,1,1,200040350
202100023973,2021-08-13,2021,août,vendredi,07:00,01,01043,45.833344,4.993587,2,6,3,1,1,3,-1,2,1,3,,-1,1,0,5,4,1,49,1,1,4,0,2,7,1,202100023973A01,7,2,1,240100800
202100024024,2021-08-14,2021,août,samedi,12:00,75,75120,48.8562025326,2.4049311175,2,5,3,1,1,4,2,2,2,1,,-1,1,0,1,4,1,59,5,1,2,0,2,1,1,202100024024B01,7,15,1,200054781
202100024025,2021-08-15,2021,août,dimanche,22:00,75,75118,48.894616,2.329104,2,3,3,5,1,4,1,1,1,1,,-1,1,0,1,4,1,41,5,1,2,0,2,1,5,202100024025B01,7,15,1,200054781
202100024039,2021-08-15,2021,août,dimanche,11:15,54,54411,48.483462,6.186966,1,1,7,1,1,3,2,2,2,1,,-1,1,0,1,3,1,21,5,2,,0,0,0,1,202100024039A01,,,,200035772
202100024041,2021-08-15,2021,août,dimanche,12:46,84,84008,44.143541,5.10533,1,3,3,1,1,3,2,2,1,4,,-1,1,0,1,3,1,52,5,1,2,0,0,8,1,202100024041B01,7,15,1,248400053
202100024042,2021-08-14,2021,août,samedi,17:50,62,62439,50.799005,1.872252,1,9,3,1,1,3,2,2,2,1,,-1,1,0,1,3,1,37,5,2,,0,2,1,0,202100024042B01,7,0,1,200072478
202100024044,2021-08-16,2021,août,lundi,04:30,62,62205,50.724326,2.331269,1,1,2,3,1,3,2,2,1,1,,-1,1,2,1,3,1,50,1,1,9,0,2,4,1,202100024044B01,7,1,1,200069037
202100024054,2021-06-21,2021,juin,lundi,19:15,29,29018,48.3513701228,-3.8490495667,1,1,6,1,1,3,2,2,4,3,,3,1,0,1,4,1,40,5,1,2,0,5,2,1,202100024054A01,,,,200067197
202100024088,2021-08-16,2021,août,lundi,14:15,38,38449,45.640692,5.110123,1,1,3,1,1,3,1,4,1,1,,-1,1,0,6,4,2,47,0,2,,0,2,0,26,202100024088B01,7,1,1,243800604
202100024090,2021-08-15,2021,août,dimanche,10:30,65,65123,42.945456,0.220606,1,1,2,1,1,3,2,2,2,1,,-1,1,0,1,3,1,55,5,1,2,0,2,1,2,202100024090A01,7,1,1,246500482
202100024150,2021-08-13,2021,août,vendredi,22:30,75,75102,48.869366,2.354257,2,2,3,5,1,4,2,4,1,1,,-1,1,0,5,4,2,59,5,2,,0,2,2,1,202100024150A01,7,1,1,200054781
202100024177,2021-08-13,2021,août,vendredi,20:20,25,25058,47.204908,5.995054,2,3,3,1,1,4,2,2,1,1,,4,1,0,1,3,1,39,0,1,6,0,2,1,1,202100024177B01,7,15,1,242500361
202100024201,2021-08-14,2021,août,samedi,19:40,33,33214,45.001391,-1.180275,1,1,3,1,7,4,2,2,2,1,,4,1,0,1,2,2,13,4,2,,7,2,8,19,202100024201B01,7,1,1,200070720
202100024211,2021-08-15,2021,août,dimanche,08:26,73,73114,45.821478,6.531405,1,1,1,1,1,3,2,2,2,2,,-1,1,2,1,3,1,26,5,1,2,0,2,1,1,202100024211B01,7,13,1,200068997
202100024217,2021-08-13,2021,août,vendredi,22:35,56,56114,47.294949,-3.106363,1,1,3,3,1,3,2,2,1,1,,-1,1,0,1,3,1,75,3,2,,0,2,1,1,202100024217A01,7,1,1,245600465
202100024309,2021-08-12,2021,août,jeudi,23:40,75,75105,48.846916,2.34284,2,2,6,5,1,4,2,2,2,1,,-1,1,0,1,4,1,30,5,1,2,1,0,1,1,202100024309A01,,,,200054781
202100024318,2021-08-13,2021,août,vendredi,19:18,75,75101,48.860052,2.349061,2,2,6,1,1,4,2,5,1,1,,-1,1,0,5,1,1,31,5,2,,0,1,1,1,202100024318A01,,,,200054781
202100024349,2021-08-12,2021,août,jeudi,17:30,38,38115,44.965132,5.637832,1,1,3,1,1,3,2,2,1,1,,-1,1,0,1,4,1,68,5,2,,0,2,8,10,202100024349A01,7,21,1,200030658
202100024359,2021-08-14,2021,août,samedi,12:00,33,33046,44.371861,-0.243668,2,3,3,1,1,2,2,2,1,1,,-1,1,0,1,4,2,14,5,1,2,0,0,2,15,202100024359B01,7,18,1,200043982
202100024359,2021-08-14,2021,août,samedi,12:00,33,33046,44.371861,-0.243668,2,3,3,1,1,2,2,2,1,1,,-1,1,0,1,3,1,45,5,2,,0,0,2,15,202100024359B01,7,18,1,200043982
202100024365,2021-08-14,2021,août,samedi,09:00,63,63037,45.635602,3.680087,1,1,3,1,1,4,2,2,1,2,,-1,1,0,1,3,1,71,5,1,2 / 6,0,2,8,1,202100024365A01,7,13,1,200070761
202100024369,2021-08-12,2021,août,jeudi,09:30,47,47054,44.401097,0.497738,1,1,7,1,9,3,2,2,2,1,,-1,1,0,8,2,1,74,9,1,2,0,0,0,0,202100024369A01,,,,244701405
202100024398,2021-08-12,2021,août,jeudi,17:30,72,72349,48.204076,0.201305,1,9,3,1,1,4,2,2,1,1,,5,1,0,1,4,1,40,5,1,2,0,2,1,1,202100024398B01,7,1,1,200068963
202100024401,2021-08-06,2021,août,vendredi,17:36,05,05164,44.513743,6.372207,1,3,3,1,7,3,2,2,2,1,,-1,1,0,1,3,1,72,5,1,2,0,2,8,15,202100024401B01,7,9,1,200067742
202100024403,2021-08-04,2021,août,mercredi,08:00,83,83083,43.473835,6.130393,1,4,3,1,1,3,2,1,1,1,,3,1,0,1,3,1,71,5,1,2,0,2,7,1,202100024403B01,10,9,1,200068104
202100024423,2021-08-13,2021,août,vendredi,15:30,08,08291,49.682229,5.286065,1,1,2,1,1,3,2,2,2,3,,-1,1,0,1,3,1,56,5,1,2,0,0,4,1,202100024423B01,7,1,1,240800847
202100024454,2021-08-12,2021,août,jeudi,15:40,68,68106,47.891485,7.107639,1,1,7,1,1,3,2,2,2,1,,-1,1,0,3,3,2,64,5,1,2,0,0,0,1,202100024454A01,,,,246800205
202100024455,2021-08-14,2021,août,samedi,10:50,68,68145,48.080974,7.394124,2,2,3,1,1,3,2,2,1,1,,4,1,5,5,3,1,83,3,2,,0,2,2,1,202100024455A01,7,15,1,246800726
202100024456,2021-08-11,2021,août,mercredi,17:55,67,67263,49.031516,7.75933,1,1,6,1,1,3,2,2,1,1,,-1,1,0,1,3,1,70,5,1,2 / 6,0,2,2,1,202100024456A01,1,1,1,200013050
202100024456,2021-08-11,2021,août,mercredi,17:55,67,67263,49.031516,7.75933,1,1,6,1,1,3,2,2,1,1,,-1,1,0,1,1,1,38,5,1,2 / 6,0,2,4,1,202100024456B01,1,1,1,200013050
202100024464,2021-08-13,2021,août,vendredi,09:45,09,09334,42.772912,1.489871,1,1,3,1,1,3,2,2,2,1,,-1,1,0,1,4,1,37,5,1,2,0,2,8,13,202100024464B01,7,17,1,200066363
202100024552,2021-08-12,2021,août,jeudi,19:00,75,75112,48.822811,2.442125,2,1,2,1,1,4,2,2,1,1,,-1,1,0,5,4,1,49,5,1,2,0,2,1,2,202100024552B01,1,2,1,200054781
202100024552,2021-08-12,2021,août,jeudi,19:00,75,75112,48.822811,2.442125,2,1,2,1,1,4,2,2,1,1,,-1,1,0,5,4,1,20,5,1,2,0,2,4,2,202100024552A01,1,2,1,200054781
202100024553,2021-08-11,2021,août,mercredi,19:20,75,75112,48.844675,2.369144,2,3,1,1,1,4,2,2,1,1,,-1,1,0,5,4,1,63,1,2,,0,2,1,1,202100024553B01,50,13,1,200054781
202100024628,2021-08-11,2021,août,mercredi,09:01,75,75114,48.834654,2.338221,2,3,3,1,1,4,2,4,1,1,,-1,1,0,5,4,2,49,9,1,2,0,2,1,1,202100024628B01,7,15,1,200054781
202100024630,2021-08-10,2021,août,mardi,23:15,75,75109,48.878136,2.330116,2,3,3,5,1,4,1,2,2,1,,-1,1,0,6,4,2,19,5,1,2,0,2,8,13,202100024630B01,37,17,1,200054781
202100024658,2021-08-12,2021,août,jeudi,11:05,34,34169,43.668524,3.868282,1,1,2,1,1,7,2,2,1,1,,-1,1,0,5,2,1,70,5,1,2,1,0,1,1,202100024658B01,7,23,1,243400017
202100024666,2021-08-09,2021,août,lundi,13:05,45,45234,47.8196713444,1.9467618513,2,3,1,1,1,7,2,2,2,1,,-1,1,8,1,4,1,18,0,2,,0,2,1,0,202100024666B01,7,16,1,244500468
202100024668,2021-08-11,2021,août,mercredi,10:30,16,16003,45.78467,0.342148,2,1,2,1,1,3,2,2,1,1,0,6,1,0,1,3,1,64,5,1,2,0,2,4,1,202100024668A01,7,2,1,200068914
202100024685,2021-08-11,2021,août,mercredi,11:00,13,13096,43.546106,4.3505,1,1,2,1,1,3,2,2,2,1,,-1,1,2,1,4,1,44,5,2,,12,0,4,2,202100024685A01,7,17,1,241300417
202100024685,2021-08-11,2021,août,mercredi,11:00,13,13096,43.546106,4.3505,1,1,2,1,1,3,2,2,2,1,,-1,1,2,1,4,1,46,5,2,,12,0,4,2,202100024685B01,7,17,1,241300417
202100024694,2021-08-11,2021,août,mercredi,17:35,33,33449,44.893711,-0.71773,2,1,3,1,1,4,1,0,1,1,,0,1,0,6,4,2,29,5,1,2,0,2,1,1,202100024694B01,7,1,1,243300316
202100024729,2021-08-10,2021,août,mardi,17:20,65,65100,43.25828,0.03957,2,6,3,1,1,3,2,2,1,1,,-1,1,5,1,4,2,30,1,2,,0,2,7,26,202100024729B01,7,9,1,200069300
202100024772,2021-08-10,2021,août,mardi,19:25,75,75104,48.851842,2.361485,2,1,3,1,1,4,2,6,1,1,,-1,1,0,5,1,1,44,5,1,2,0,2,7,14,202100024772A01,50,1,1,200054781
202100024794,2021-08-10,2021,août,mardi,15:30,42,42302,45.50414,4.435092,2,1,3,1,1,7,2,2,2,3,,-1,1,0,1,4,1,65,5,1,2,0,2,8,1,202100024794B01,7,15,1,244200770
202100024804,2021-08-11,2021,août,mercredi,10:25,90,90063,47.489644,6.976007,2,1,3,1,1,3,2,2,1,1,,-1,1,0,1,2,1,25,5,1,2,0,2,8,2,202100024804B01,21,2,1,249000241
202100024811,2021-08-09,2021,août,lundi,12:30,74,74221,45.991569,6.47341,1,1,3,1,1,3,2,2,2,1,,-1,1,0,1,3,1,32,5,1,2,13,2,1,17,202100024811B01,7,15,1,200033116
202100024818,2021-08-11,2021,août,mercredi,14:45,55,55435,48.743717,5.022308,1,1,7,1,1,3,2,2,2,1,,-1,9,0,1,3,1,76,5,1,2,0,0,1,1,202100024818A01,,,,200033025
202100024822,2021-08-10,2021,août,mardi,09:30,38,38382,45.228258,5.684089,2,2,3,1,1,7,2,2,1,1,,-1,1,0,1,3,1,67,5,2,,0,2,1,1,202100024822B01,7,16,1,200040715
202100024893,2021-07-14,2021,juillet,mercredi,20:00,75,75116,48.863629,2.236969,2,1,6,1,1,4,2,1,1,1,,-1,1,0,5,1,1,26,5,1,2 / 4,0,1,1,1,202100024893A01,,,,200054781
202100024897,2021-08-08,2021,août,dimanche,14:50,75,75112,48.829207,2.390266,2,3,3,1,1,4,2,5,1,1,,-1,1,5,1,4,1,34,9,2,,0,2,0,19,202100024897B01,7,15,1,200054781
202100024898,2021-08-09,2021,août,lundi,08:55,75,75111,48.862931,2.387517,2,2,6,1,2,4,3,4,2,1,,-1,2,0,1,1,1,34,1,2,,0,1,1,1,202100024898A01,,,,200054781
202100024899,2021-08-09,2021,août,lundi,12:50,75,75110,48.881074,2.370093,2,1,7,1,1,4,-1,1,1,1,,-1,2,0,5,4,2,34,1,2,,0,0,0,1,202100024899A01,,,,200054781
202100024901,2021-08-09,2021,août,lundi,16:20,75,75107,48.861566,2.297713,2,1,3,1,1,4,2,5,1,1,,-1,1,0,5,4,2,52,9,2,,0,2,1,1,202100024901A01,50,11,1,200054781
202100024924,2021-08-08,2021,août,dimanche,12:30,63,63219,45.794325,2.900434,1,1,7,1,8,3,2,2,2,3,,-1,9,0,1,4,1,29,5,1,2,0,0,0,1,202100024924A01,1,1,1,200069169
202100024924,2021-08-08,2021,août,dimanche,12:30,63,63219,45.794325,2.900434,1,1,7,1,8,3,2,2,2,3,,-1,9,0,1,4,1,51,5,1,2,0,0,0,1,202100024924B01,1,1,1,200069169
202100024931,2021-08-09,2021,août,lundi,18:20,82,82187,44.147406,1.855633,1,3,3,1,1,3,2,2,2,1,,4,1,0,1,3,1,8,5,2,,0,2,1,15,202100024931B01,7,1,1,248200107
202100024939,2021-08-10,2021,août,mardi,07:50,39,39255,46.534419,5.427433,1,3,3,1,1,3,2,2,1,1,,-1,1,0,1,3,1,18,5,2,,0,2,1,16,202100024939A01,7,1,1,200072056
202100024940,2021-08-08,2021,août,dimanche,11:30,31,31317,43.30688,1.108407,2,1,7,1,1,3,2,2,2,3,,-1,1,0,3,2,1,65,5,1,2 / 6,0,0,0,1,202100024940A01,,,,200068815
202100024942,2021-08-09,2021,août,lundi,18:15,38,38547,45.264227,5.900452,2,6,3,1,1,3,2,2,1,2,,4,1,5,1,4,1,13,5,1,2,0,2,1,15,202100024942B01,7,16,1,200018166
202100024953,2021-08-08,2021,août,dimanche,12:15,43,43039,44.934956,3.879969,2,3,7,1,1,3,2,2,2,1,,-1,1,0,1,3,1,65,5,2,,0,0,0,16,202100024953A01,,,,200073419
202100024957,2021-08-08,2021,août,dimanche,11:10,85,85204,46.82305,-1.75968,2,4,3,1,1,3,2,2,4,1,,-1,1,0,1,3,1,62,5,1,2,0,2,1,1,202100024957B01,7,15,1,200071629
202100024963,2021-08-03,2021,août,mardi,10:15,84,84129,43.993092,4.864647,1,1,7,1,1,3,3,2,1,1,,-1,1,0,1,4,1,73,5,2,,0,2,0,25,202100024963B01,15,1,1,248400293
202100024965,2021-08-07,2021,août,samedi,08:15,83,83064,43.330813,6.046563,2,6,3,1,1,3,-1,2,1,1,,-1,1,5,1,3,2,67,5,2,,0,0,4,1,202100024965B01,7,1,1,200068104
202100025013,2021-08-02,2021,août,lundi,17:00,05,05023,44.89755,6.63726,2,1,6,1,1,3,2,2,2,1,,-1,1,9,1,1,1,20,5,1,2,0,1,1,17,202100025013A01,,,,240500439
202100025015,2021-08-08,2021,août,dimanche,11:52,75,75105,48.850816,2.345529,2,2,3,1,1,4,1,2,1,1,,-1,1,0,6,4,1,29,9,1,2,0,2,1,7,202100025015B01,7,16,1,200054781
202100025017,2021-08-08,2021,août,dimanche,18:45,75,75119,48.889061,2.393942,2,1,3,1,1,4,2,5,1,1,,-1,1,0,5,4,1,38,5,1,2,0,2,0,1,202100025017B01,50,5,1,200054781
202100025026,2021-08-09,2021,août,lundi,18:35,71,71145,46.529225,4.68596,1,2,3,1,1,3,3,2,1,1,,-1,1,0,1,3,1,91,5,1,2,0,2,1,19,202100025026A01,17,1,1,247103765
202100025037,2021-08-09,2021,août,lundi,10:40,81,81192,43.7000671,2.9222729,1,1,1,1,1,3,2,2,2,2,,-1,1,9,1,3,1,41,5,1,2,0,2,1,1,202100025037B01,7,1,1,200066553
202100025046,2021-08-09,2021,août,lundi,12:43,03,03044,46.069833,3.380597,1,2,3,1,2,3,2,2,1,1,,-1,2,5,1,3,1,63,5,2,,0,2,1,1,202100025046B01,10,1,1,200071363
202100025054,2021-08-08,2021,août,dimanche,09:10,43,43130,45.061001,4.242249,1,2,6,1,1,3,2,1,2,3,,-1,1,0,1,3,1,65,5,1,2,0,5,2,0,202100025054A01,,,,244301107
202100025055,2021-08-02,2021,août,lundi,15:55,43,43016,45.3909015,3.353034,1,1,5,1,1,3,2,2,1,3,,-1,1,0,1,1,1,65,5,1,2,0,2,0,1,202100025055C01,21,17,1,244301099
202100025055,2021-08-02,2021,août,lundi,15:55,43,43016,45.3909015,3.353034,1,1,5,1,1,3,2,2,1,3,,-1,1,0,1,3,2,63,5,1,2,0,2,8,1,202100025055B01,21,17,1,244301099
202100025059,2021-08-08,2021,août,dimanche,10:00,42,42279,45.494371,4.237048,2,1,3,1,1,4,2,2,1,1,,4,1,0,1,3,1,46,5,1,2,0,0,3,1,202100025059B01,7,19,1,200065886
202100025083,2021-08-08,2021,août,dimanche,15:30,49,49023,47.19841,-0.994552,2,3,3,1,1,4,2,2,4,1,,7,1,0,1,3,1,11,5,2,,0,2,5,1,202100025083A01,7,1,1,200060010
202100025126,2021-08-03,2021,août,mardi,17:35,27,27229,49.0255994415,1.1625931248,2,3,6,1,8,4,2,2,4,3,,-1,1,0,1,4,2,8,5,2,,1,0,1,16,202100025126A01,,,,200071454
202100025141,2021-08-07,2021,août,samedi,15:20,75,75105,48.839708,2.356596,2,2,3,1,1,4,1,2,1,1,,-1,1,0,1,1,1,37,9,2,,0,2,7,1,202100025141B01,30,1,1,200054781
202100025143,2021-08-07,2021,août,samedi,14:20,75,75106,48.847139,2.327236,2,1,6,1,1,4,2,2,1,1,,-1,1,0,1,4,1,29,5,2,,0,1,1,1,202100025143A01,,,,200054781
202100025166,2021-08-08,2021,août,dimanche,16:15,05,05027,44.822562,6.735928,1,1,3,1,1,3,2,2,2,4,,-1,1,0,1,3,1,46,5,1,2,0,2,8,1,202100025166B01,33,1,1,240500439
202100025185,2021-08-07,2021,août,samedi,15:30,46,46059,44.7180632,1.60843,2,2,3,1,1,3,2,2,1,3,,-1,1,0,1,4,1,11,5,2,,0,2,1,1,202100025185B01,7,1,1,200066371
202100025188,2021-08-06,2021,août,vendredi,14:40,29,29273,48.706818,-4.015326,1,1,5,1,1,4,2,1,2,4,,3,1,0,1,1,2,13,5,2,,0,0,0,1,202100025188C01,7,1,1,200067072
202100025188,2021-08-06,2021,août,vendredi,14:40,29,29273,48.706818,-4.015326,1,1,5,1,1,4,2,1,2,4,,3,1,0,1,4,1,13,5,2,,0,2,1,17,202100025188B01,7,1,1,200067072
202100025196,2021-08-06,2021,août,vendredi,18:30,50,50267,49.21765,-1.531525,2,6,3,1,1,3,4,2,1,1,,-1,1,0,1,4,1,49,0,2,,0,2,1,1,202100025196B01,7,9,1,200067031
202100025197,2021-08-08,2021,août,dimanche,13:00,50,50260,48.676482,-0.98525,1,1,2,1,1,3,2,2,1,1,,-1,1,0,1,4,1,65,5,1,2 / 9,0,2,4,1,202100025197B01,7,1,1,200069425
202100025204,2021-08-05,2021,août,jeudi,23:45,40,40266,44.04741,-1.235232,1,1,2,3,1,3,2,2,1,1,,-1,1,0,1,2,1,76,5,2,,0,2,4,2,202100025204A01,7,2,2,244000857
202100025218,2021-08-08,2021,août,dimanche,08:30,13,13073,43.386883,5.555735,2,1,1,1,1,7,2,2,1,1,,-1,1,0,1,4,1,56,5,2,,0,2,1,1,202100025218B01,7,15,1,200054807
202100025220,2021-08-08,2021,août,dimanche,15:25,81,81271,43.769724,1.704621,2,1,2,1,1,4,2,2,1,1,,-1,1,0,1,3,2,65,5,1,2,12,2,4,1,202100025220A01,7,0,1,200034023
202100025269,2021-08-06,2021,août,vendredi,19:25,69,69266,45.76459,4.89129,2,1,3,1,1,4,1,0,2,1,,-1,1,0,1,3,2,48,5,2,,0,2,0,1,202100025269B01,7,1,1,200046977
202100025319,2021-08-06,2021,août,vendredi,19:35,06,06088,43.701863,7.273303,2,2,3,1,1,4,1,1,1,1,,-1,1,0,1,3,1,45,1,2,,0,2,1,1,202100025319A01,33,1,1,200030195
202100025321,2021-08-05,2021,août,jeudi,12:20,06,06027,43.6627,7.152998,2,6,3,1,1,4,2,2,1,4,,-1,1,5,1,4,1,52,9,2,,0,2,1,19,202100025321Y01,7,16,1,200030195
202100025331,2021-08-06,2021,août,vendredi,01:04,75,75118,48.891185,2.351618,2,2,3,5,1,4,2,2,1,1,,-1,1,5,1,4,1,33,9,2,,0,2,1,1,202100025331B01,7,1,1,200054781
202100025335,2021-08-05,2021,août,jeudi,10:05,75,75115,48.852472,2.290602,2,2,3,1,1,4,2,2,1,1,,-1,1,0,5,4,1,30,1,1,2,0,2,1,1,202100025335B01,7,16,1,200054781
202100025338,2021-08-06,2021,août,vendredi,19:51,75,75101,48.860918,2.340805,2,2,6,1,1,4,2,3,1,1,,-1,1,0,1,4,2,26,9,2,,0,1,1,21,202100025338A01,,,,200054781
202100025361,2021-08-06,2021,août,vendredi,08:45,46,46157,44.521586,1.943454,2,1,2,1,1,3,2,2,1,1,,-1,1,0,1,1,1,54,5,1,2,0,2,4,1,202100025361B01,1,2,1,200067361
202100025361,2021-08-06,2021,août,vendredi,08:45,46,46157,44.521586,1.943454,2,1,2,1,1,3,2,2,1,1,,-1,1,0,1,3,1,50,5,1,2,0,2,1,2,202100025361A01,1,1,1,200067361
202100025391,2021-08-07,2021,août,samedi,12:00,26,26235,44.375493,4.698654,2,6,3,1,8,4,1,2,1,2,,4,1,9,1,3,2,18,0,2,,0,2,0,1,202100025391B01,7,9,1,200042901
202100025436,2021-08-05,2021,août,jeudi,12:35,65,65440,43.233507473,0.0731760263,2,1,6,1,1,9,1,2,1,1,,-1,1,0,1,4,2,60,0,2,,0,1,0,26,202100025436B01,,,,200069300
202100025475,2021-08-05,2021,août,jeudi,14:06,06,06088,43.668687,7.203912,2,1,2,1,7,7,1,3,1,1,,-1,1,0,1,3,1,51,0,1,2,0,2,4,1,202100025475B01,7,14,1,200030195
202100025484,2021-08-05,2021,août,jeudi,20:20,75,75111,48.8635539958,2.3788929702,2,3,6,1,1,4,1,1,1,1,,-1,1,0,1,4,2,26,9,2,,0,2,8,1,202100025484B01,10,22,1,200054781
202100025506,2021-08-05,2021,août,jeudi,18:50,31,31113,43.521792,1.519375,1,1,7,1,1,4,-1,2,1,1,,4,1,0,5,2,1,71,5,2,,0,0,0,1,202100025506A01,,,,243100633
202100025532,2021-08-06,2021,août,vendredi,08:45,45,45272,47.829981965,1.9700758159,2,6,7,1,1,4,1,1,1,1,,5.5,1,0,1,3,1,74,5,1,2 / 4,0,0,0,1,202100025532A01,,,,244500468
202100025539,2021-08-05,2021,août,jeudi,18:10,17,17208,46.224295,-0.994112,2,2,2,1,1,3,2,2,1,1,,3,2,0,1,3,1,14,5,2,,8,0,4,19,202100025539B01,7,0,1,200041499
202100025546,2021-08-06,2021,août,vendredi,07:15,971,97102,16.47681,-61.501765,1,4,5,1,7,3,2,2,3,3,,-1,1,0,1,2,1,66,5,1,2,0,2,1,0,202100025546B01,10,15,1,200044691
202100025546,2021-08-06,2021,août,vendredi,07:15,971,97102,16.47681,-61.501765,1,4,5,1,7,3,2,2,3,3,,-1,1,0,1,4,1,49,5,1,2,0,2,1,1,202100025546C01,10,15,1,200044691
202100025551,2021-08-05,2021,août,jeudi,17:00,67,67118,48.583726,7.689191,2,1,7,1,1,4,2,2,1,1,,-1,2,0,5,3,2,36,1,2,,0,0,0,17,202100025551A01,,,,246700488
202100025558,2021-08-06,2021,août,vendredi,19:40,59,59477,50.512274,2.91371,2,3,3,1,2,7,2,2,1,1,,4,2,0,1,3,1,39,0,2,,0,0,1,19,202100025558B01,7,1,1,200093201
202100025658,2021-08-04,2021,août,mercredi,10:55,19,19001,45.503016,1.712365,1,1,7,1,8,3,2,2,2,2,,-1,2,0,1,3,1,49,5,2,,0,0,0,1,202100025658A01,,,,200066645
202100025659,2021-08-04,2021,août,mercredi,19:00,56,56166,47.910043,-3.290062,1,3,2,1,2,3,2,2,2,1,,-1,2,0,1,3,1,20,5,2,,0,2,0,1,202100025659A01,7,18,1,200042174
202100025666,2021-06-29,2021,juin,mardi,19:15,29,29020,48.103155,-4.000562,2,3,1,1,1,4,2,2,1,1,,4,1,0,1,4,2,14,5,1,2,0,2,7,1,202100025666B01,10,15,1,200068120
202100025683,2021-08-02,2021,août,lundi,11:40,77,77493,48.643745,2.829975,2,3,7,1,1,3,2,2,2,3,,-1,1,0,3,3,1,24,5,1,2,0,0,0,1,202100025683A01,10,15,1,247700701
202100025764,2021-08-03,2021,août,mardi,07:30,75,75118,48.900723,2.344283,2,2,3,1,2,4,2,2,1,1,,-1,2,0,1,4,1,60,1,1,2,0,2,1,1,202100025764A01,7,16,1,200054781
202100025765,2021-08-02,2021,août,lundi,18:30,75,75116,48.864009,2.236062,2,4,2,1,1,4,1,2,1,1,,-1,1,0,1,4,2,46,5,1,2,0,2,1,2,202100025765A01,7,23,1,200054781
202100025770,2021-08-03,2021,août,mardi,18:20,75,75112,48.835687,2.402195,2,1,3,1,1,4,2,2,1,1,,-1,1,0,1,4,1,34,5,2,,0,2,1,1,202100025770B01,10,22,1,200054781
202100025773,2021-08-03,2021,août,mardi,11:40,75,75108,48.86611,2.313828,2,1,3,1,1,4,2,4,1,1,,-1,1,0,1,4,2,72,5,1,2,0,2,2,1,202100025773A01,7,22,1,200054781
202100025809,2021-08-03,2021,août,mardi,10:00,03,03018,46.247873,3.265675,2,2,3,1,8,3,2,2,1,1,,-1,1,0,1,3,1,76,5,1,2 / 4,0,2,3,15,202100025809B01,10,1,1,200071389
202100025861,2021-03-30,2021,mars,mardi,17:45,38,38463,45.179851,5.359078,1,1,1,1,7,4,2,2,1,1,,-1,1,0,1,3,1,7,5,2,,0,2,0,26,202100025861B01,7,1,1,200070431
202100025866,2021-03-09,2021,mars,mardi,15:15,38,38158,45.14539,5.742792,2,1,3,1,1,4,-1,2,2,1,,-1,1,9,1,3,2,75,5,2,,0,2,1,19,202100025866A01,7,1,1,200040715
202100025875,2021-08-01,2021,août,dimanche,16:45,75,75101,48.862732,2.335245,2,3,3,1,1,4,2,3,1,1,,-1,1,0,1,4,2,30,1,2,,0,2,1,1,202100025875B01,7,15,1,200054781
202100025914,2021-07-29,2021,juillet,jeudi,09:35,72,72381,47.9284230391,0.1017340421,1,6,3,1,1,3,2,2,1,1,,-1,1,5,1,4,1,26,5,1,2,0,0,5,0,202100025914B01,10,1,1,247200629
202100025940,2021-07-27,2021,juillet,mardi,21:00,67,67084,48.323529,7.429676,2,1,7,5,3,3,2,2,1,1,,-1,2,6,4,3,1,39,5,2,,12,0,0,1,202100025940A01,,,,200034270
202100025942,2021-08-02,2021,août,lundi,18:15,38,38156,45.536933,5.293546,1,2,3,1,1,3,2,2,2,1,,-1,1,5,1,3,1,69,0,2,,0,2,8,9,202100025942B01,7,9,1,243800604
202100026003,2021-08-01,2021,août,dimanche,12:15,06,06004,43.61191,7.12718,1,1,3,1,1,3,2,4,1,1,,-1,1,0,5,4,1,25,0,2,,0,2,1,1,202100026003B01,7,16,1,240600585
202100026010,2021-08-01,2021,août,dimanche,17:50,75,75101,48.861019,2.334023,2,1,7,1,1,4,-1,0,1,1,,-1,1,6,4,4,1,66,9,2,,15,0,1,1,202100026010A01,,,,200054781
202100026011,2021-08-01,2021,août,dimanche,02:45,75,75101,48.860943,2.330059,2,3,3,5,1,4,1,2,1,1,,-1,1,0,1,4,1,19,9,1,2,0,2,1,1,202100026011A01,7,1,1,200054781
202100026021,2021-08-01,2021,août,dimanche,12:25,84,84069,44.175841,5.12929,2,9,2,1,7,3,2,2,1,1,,-1,1,0,1,3,1,47,5,1,2,0,2,1,1,202100026021A01,7,1,1,248400053