Num_Acc,date,an,mois,jour,hrmn,dep,com,lat,long,agg,int,col,lum,atm,catr,circ,nbv,prof,plan,lartpc,larrout,surf,infra,situ,grav,sexe,age,trajet,secuexist,equipement,obs,obsm,choc,manv,vehiculeid,typevehicules,manoeuvehicules,numVehicules,_infos_commune.code_epci
202100026025,2021-08-01,2021,août,dimanche,10:00,974,97405,-21.350132,55.562239,2,9,7,1,1,4,1,1,2,3,,3,1,0,4,3,1,12,3,2,,12,0,1,26,202100026025A01,,,,249740077
202100026064,2021-08-02,2021,août,lundi,09:30,17,17224,45.863223,-0.317338,2,3,3,1,1,4,2,2,2,4,,-1,1,0,1,4,2,18,1,2,,0,2,7,1,202100026064A01,7,16,1,200041689
202100026066,2021-07-31,2021,juillet,samedi,11:00,30,30291,44.150312,4.003315,1,1,3,1,1,3,2,2,3,2,,-1,1,0,1,3,1,70,5,1,2 / 6,0,2,1,1,202100026066B01,7,13,1,200066918
202100026085,2021-07-31,2021,juillet,samedi,17:00,69,69101,45.9798374927,4.6294417977,2,1,7,1,2,4,2,2,2,3,,-1,8,0,1,2,1,69,5,2,,0,0,0,1,202100026085A01,,,,
202100026088,2021-08-01,2021,août,dimanche,10:05,14,14488,49.288631,-0.264503,2,2,3,1,1,3,2,2,2,1,,-1,1,0,1,3,1,51,5,2,,0,2,1,19,202100026088A01,7,1,1,200065597
202100026090,2021-08-02,2021,août,lundi,16:30,59,59105,50.43628,3.244953,2,1,1,1,1,4,2,2,1,2,,-1,1,9,1,4,1,16,5,1,2,0,2,1,5,202100026090B01,38,1,1,200041960
202100026152,2021-07-31,2021,juillet,samedi,16:45,75,75117,48.88293,2.29638,2,2,3,1,1,4,2,2,1,1,,-1,1,0,1,4,1,32,1,1,2,0,2,4,17,202100026152B01,7,13,1,200054781
202100026157,2021-07-31,2021,juillet,samedi,16:35,75,75111,48.864456,2.378832,2,1,3,1,1,4,2,0,1,1,,-1,1,0,5,4,1,19,9,2,,1,0,3,1,202100026157B01,7,22,1,200054781
202100026182,2021-08-01,2021,août,dimanche,09:55,95,95652,49.112907,2.36529,1,1,6,1,1,3,2,2,2,1,,-1,1,0,1,4,1,46,5,1,2,0,9,1,1,202100026182A01,,,,200073013
202100026189,2021-08-01,2021,août,dimanche,17:50,82,82059,43.847767,0.952919,1,1,1,1,1,4,2,2,1,1,,-1,1,0,1,4,1,65,5,2,,0,2,2,1,202100026189B01,10,1,1,248200065
202100026193,2021-08-01,2021,août,dimanche,13:50,68,68201,47.776216,7.000034,2,1,6,1,1,3,2,2,2,1,,-1,2,0,4,2,1,49,5,1,2,8,0,1,1,202100026193A01,,,,246800676
202100026196,2021-07-31,2021,juillet,samedi,20:05,38,38195,45.1522,5.369786,1,1,1,2,2,4,2,2,1,1,,-1,2,0,1,3,1,9,5,2,,0,2,2,19,202100026196B01,7,1,1,200070431
202100026202,2021-08-01,2021,août,dimanche,08:20,05,05184,44.4108,5.954386,1,1,7,1,1,3,2,2,2,1,,-1,1,0,1,3,1,43,5,1,2,0,0,0,26,202100026202A01,,,,200067825
202100026208,2021-07-31,2021,juillet,samedi,10:30,85,85234,46.79577,-2.048328,2,6,2,1,1,3,2,2,1,3,,5,1,0,1,3,1,89,3,2,,0,2,0,2,202100026208B01,7,2,1,248500258
202100026229,2021-08-01,2021,août,dimanche,15:14,71,71123,46.230092,3.950309,1,1,3,1,1,4,2,2,1,3,,-1,1,0,1,3,2,10,5,2,,0,2,3,13,202100026229A01,10,21,1,247100639
202100026331,2021-07-29,2021,juillet,jeudi,14:00,75,75115,48.841336,2.287394,2,1,3,1,1,4,2,3,1,1,,-1,1,0,1,4,1,35,9,1,2,0,2,1,1,202100026331B01,10,22,1,200054781
202100026334,2021-07-30,2021,juillet,vendredi,09:35,75,75110,48.86927,2.356798,2,4,3,1,1,4,1,1,1,1,,-1,1,0,5,4,2,54,1,1,2,0,2,0,1,202100026334A01,10,22,1,200054781
202100026359,2021-07-29,2021,juillet,jeudi,16:30,65,65193,42.9868459475,0.5739980937,1,1,7,1,8,3,2,2,1,1,,-1,1,0,1,4,1,67,5,1,2,0,0,2,21,202100026359B01,17,17,1,200070829
202100026374,2021-07-30,2021,juillet,vendredi,21:30,39,39299,46.94634,5.355685,1,1,2,3,1,3,2,2,1,1,,-1,1,0,1,3,2,17,5,2,,0,2,5,1,202100026374B01,7,1,1,243901089
202100026382,2021-07-30,2021,juillet,vendredi,16:40,85,85128,46.460185,-1.169266,2,6,3,1,8,4,2,2,1,1,,4,1,5,1,3,1,21,5,2,,0,2,8,9,202100026382A01,7,1,1,200073260
202100026383,2021-07-29,2021,juillet,jeudi,17:00,28,28405,48.760404,1.309631,1,1,2,1,1,3,2,2,1,1,,-1,1,0,1,4,1,23,1,2,,0,2,4,1,202100026383B01,7,1,1,200040277
202100026395,2021-07-30,2021,juillet,vendredi,12:20,67,67416,49.030138,7.916604,1,1,3,1,1,3,2,2,2,1,,-1,1,0,1,3,1,56,5,1,2,0,0,8,1,202100026395A01,7,2,1,246700926
202100026437,2021-07-27,2021,juillet,mardi,14:00,80,80021,49.89242,2.29975,2,1,1,1,1,4,2,1,1,1,,-1,1,0,1,1,1,20,5,1,2,0,2,1,1,202100026437A01,50,1,1,248000531
202100026456,2021-07-26,2021,juillet,lundi,15:50,54,54395,48.6951,6.18837,2,1,3,1,1,4,1,2,1,1,,-1,1,0,1,4,1,49,0,1,2,0,2,1,1,202100026456B01,7,24,1,245400676
202100026471,2021-07-29,2021,juillet,jeudi,16:25,29,29232,47.99137,-4.07343,2,6,3,1,1,4,4,2,1,2,,-1,1,5,1,4,2,33,0,2,,0,2,2,1,202100026471B01,10,9,1,200068120
202100026502,2021-07-29,2021,juillet,jeudi,17:05,75,75109,48.87512,2.3267,2,1,3,1,1,4,2,4,1,1,,-1,1,0,1,4,2,35,5,1,2,0,2,3,13,202100026502B01,10,1,1,200054781
202100026503,2021-07-28,2021,juillet,mercredi,18:15,75,75102,48.870151,2.350481,2,3,3,1,1,4,2,5,1,1,,-1,1,0,1,4,2,26,1,2,,0,2,1,1,202100026503B01,7,22,1,200054781
202100026522,2021-07-29,2021,juillet,jeudi,17:00,41,41104,47.592318,1.453135,2,3,1,1,1,3,2,1,2,1,,-1,1,0,1,3,1,60,5,1,2,0,2,2,15,202100026522B01,7,1,1,244100798
202100026533,2021-07-29,2021,juillet,jeudi,22:27,56,56034,47.591516,-3.083485,2,1,6,3,1,3,2,2,1,1,,-1,1,0,1,3,2,38,5,1,9,0,2,4,2,202100026533C01,7,2,1,200043123
202100026533,2021-07-29,2021,juillet,jeudi,22:27,56,56034,47.591516,-3.083485,2,1,6,3,1,3,2,2,1,1,,-1,1,0,1,2,1,13,5,1,9,0,2,4,2,202100026533B01,7,2,1,200043123
202100026535,2021-07-11,2021,juillet,dimanche,19:40,67,67029,48.882441,7.149868,1,6,3,1,1,3,2,2,1,1,,-1,1,0,1,4,1,54,0,1,2,0,2,6,16,202100026535B01,7,9,1,200067841
202100026549,2021-07-30,2021,juillet,vendredi,12:50,84,84123,44.111976,5.3931,1,1,6,1,1,3,2,2,2,3,,-1,1,0,3,3,1,61,5,2,,13,0,1,0,202100026549A01,,,,200035723
202100026550,2021-07-30,2021,juillet,vendredi,16:00,03,03304,46.167015,3.336228,1,1,2,1,1,3,2,2,1,1,,-1,1,0,1,3,2,38,5,1,2,0,2,3,1,202100026550A01,14,17,1,200071363
202100026579,2021-07-30,2021,juillet,vendredi,10:45,06,06091,43.778251,7.398078,2,1,3,1,1,3,2,2,1,3,,-1,1,0,1,3,1,17,5,1,2,0,2,3,1,202100026579B01,31,17,1,240600593
202100026588,2021-07-29,2021,juillet,jeudi,17:55,22,22384,48.281972,-2.833094,2,3,1,1,1,4,2,2,2,2,,-1,1,0,1,4,1,16,5,2,,0,2,1,5,202100026588A01,1,16,1,200067460
202100026588,2021-07-29,2021,juillet,jeudi,17:55,22,22384,48.281972,-2.833094,2,3,1,1,1,4,2,2,2,2,,-1,1,0,1,3,1,48,1,2,,0,2,1,16,202100026588B01,1,5,1,200067460
202100026684,2021-07-28,2021,juillet,mercredi,11:10,75,75112,48.829266,2.390371,2,3,3,1,1,4,2,6,1,1,,-1,2,0,1,4,1,59,5,1,2,0,2,1,1,202100026684B01,10,15,1,200054781
202100026685,2021-07-28,2021,juillet,mercredi,19:15,75,75111,48.853306,2.37732,2,2,3,1,1,4,2,2,1,1,,-1,1,0,1,4,1,37,1,2,,0,2,1,1,202100026685B01,10,22,1,200054781
202100026686,2021-07-28,2021,juillet,mercredi,18:15,75,75110,48.880667,2.352078,2,7,6,1,1,4,1,1,2,1,,-1,1,0,5,1,1,29,5,2,,0,1,1,1,202100026686A01,,,,200054781
202100026723,2021-07-29,2021,juillet,jeudi,16:20,58,58202,47.074612,3.70898,1,2,6,1,1,3,2,2,1,1,,-1,1,0,1,3,1,15,5,1,2 / 9,0,2,8,19,202100026723B01,7,21,1,200067882
202100026751,2021-07-29,2021,juillet,jeudi,09:15,34,34027,43.7214231332,4.0225614369,2,6,3,1,1,7,-1,2,1,1,,4,1,0,1,3,1,64,5,1,2,0,2,1,1,202100026751B01,7,9,1,243400017
202100026753,2021-07-28,2021,juillet,mercredi,17:10,38,38474,45.204957,5.667561,2,2,3,1,1,4,2,2,1,1,,4,1,5,5,1,1,54,1,1,2 / 4,0,2,1,1,202100026753B01,1,0,1,200040715
202100026753,2021-07-28,2021,juillet,mercredi,17:10,38,38474,45.204957,5.667561,2,2,3,1,1,4,2,2,1,1,,4,1,5,5,3,1,67,5,2,,0,2,2,0,202100026753A01,1,1,1,200040715
202100026858,2021-07-26,2021,juillet,lundi,20:10,75,75104,48.848939,2.364616,2,3,7,1,1,4,1,2,1,1,,-1,1,0,5,4,2,17,5,2,,0,0,1,1,202100026858A01,,,,200054781
202100026861,2021-07-23,2021,juillet,vendredi,09:15,94,94080,48.849105,2.423052,2,2,1,1,1,3,1,1,1,1,,-1,1,0,5,4,2,37,1,2,,0,2,1,1,202100026861Y01,7,19,1,200054781
202100026875,2021-07-27,2021,juillet,mardi,15:40,60,60225,49.4198483226,2.3615262508,2,3,3,1,2,3,2,2,2,3,,-1,2,0,1,4,1,15,5,2,,0,2,1,26,202100026875B01,14,1,1,246000376
202100026903,2021-07-28,2021,juillet,mercredi,12:30,27,27198,48.843254,1.011922,2,1,6,1,1,4,2,2,2,1,,-1,6,0,3,2,2,14,5,2,,2,0,1,1,202100026903A01,,,,200066462
202100026917,2021-07-27,2021,juillet,mardi,18:45,67,67137,48.487024,7.697114,2,1,2,1,1,6,-1,-1,1,1,,4,1,9,8,4,1,4,5,2,,0,2,0,0,202100026917B01,7,4,1,246700488
202100026941,2021-03-06,2021,mars,samedi,11:10,73,73085,45.791826,5.862837,1,1,2,1,1,3,2,2,2,4,,-1,1,0,1,3,1,30,5,1,2,0,2,1,1,202100026941A01,10,23,1,200068674
202100026947,2021-07-26,2021,juillet,lundi,19:50,75,75111,48.850394,2.392522,2,2,3,1,8,4,2,-1,1,1,,-1,1,0,1,1,2,28,1,2,,0,2,8,15,202100026947B01,31,17,1,200054781
202100026948,2021-07-26,2021,juillet,lundi,15:20,75,75111,48.861942,2.37277,2,3,1,1,8,4,1,2,1,1,,-1,2,0,5,4,1,47,1,1,2,0,2,1,15,202100026948A01,1,5,1,200054781
202100026976,2021-07-10,2021,juillet,samedi,11:30,88,88505,48.175004,6.845974,1,1,7,1,1,4,-1,2,2,1,,-1,1,0,1,2,1,51,5,2,,0,0,0,1,202100026976A01,,,,200071066
202100027004,2021-07-27,2021,juillet,mardi,13:30,07,07198,44.799505,4.723971,1,1,7,1,1,3,2,2,2,4,,-1,1,0,1,3,1,52,5,2,,16,0,1,1,202100027004A01,,,,200071413
202100027014,2021-07-26,2021,juillet,lundi,21:00,11,11145,43.231134,3.200455,1,1,2,2,1,3,2,2,1,1,,-1,1,0,1,3,1,39,5,1,2,0,2,4,1,202100027014B01,7,1,1,241100593
202100027023,2021-07-27,2021,juillet,mardi,09:40,74,74136,45.966454,6.423815,1,1,7,1,1,4,2,2,2,1,,-1,1,0,1,2,1,69,5,1,2,0,0,0,1,202100027023A01,,,,247400617
202100027044,2021-03-07,2021,mars,dimanche,11:45,90,90091,47.689977,6.959753,1,6,3,1,1,3,-1,1,1,1,,-1,1,5,1,3,2,73,5,1,2,0,2,8,15,202100027044B01,7,16,1,200069060
202100027060,2021-07-12,2021,juillet,lundi,00:27,73,73008,45.684,5.91259,2,1,3,5,1,4,2,2,1,1,,-1,1,0,1,4,1,18,5,2,,1,0,1,1,202100027060B01,7,22,1,200068674
202100027061,2021-07-25,2021,juillet,dimanche,11:42,65,65331,43.199504,0.060051,2,3,1,1,1,4,2,2,1,2,,-1,1,0,1,4,1,45,5,2,,0,2,1,1,202100027061A01,7,9,1,200069300
202100027090,2021-07-25,2021,juillet,dimanche,14:00,75,75111,48.857194,2.372811,2,2,7,1,2,4,1,2,1,1,,-1,2,0,5,4,1,28,5,2,,0,2,0,9,202100027090B01,7,15,1,200054781
202100027091,2021-07-22,2021,juillet,jeudi,12:43,75,75108,48.866796,2.322082,2,7,3,1,1,4,2,6,1,1,,-1,1,0,1,4,2,25,9,2,,0,2,1,1,202100027091B01,10,15,1,200054781
202100027120,2021-07-20,2021,juillet,mardi,14:00,38,38345,45.179095,5.496383,1,1,7,3,2,3,2,2,2,1,,-1,2,1,1,3,1,80,5,1,2 / 9,0,0,1,1,202100027120A01,,,,200070431
202100027124,2021-07-26,2021,juillet,lundi,10:15,54,54130,48.468451,6.408345,1,3,3,1,1,3,2,2,2,1,,-1,1,0,1,3,2,76,5,1,2,0,0,1,1,202100027124B01,7,9,1,200067643
202100027137,2021-07-24,2021,juillet,samedi,09:15,73,73298,45.661076,6.433235,2,1,3,1,1,3,2,2,1,1,,-1,1,0,1,3,1,71,5,1,2,0,2,4,2,202100027137B01,7,2,1,200068997
202100027244,2021-07-14,2021,juillet,mercredi,18:45,44,44144,47.517028,-1.293746,2,3,3,1,1,3,2,2,1,1,,-1,1,5,1,4,1,30,5,1,2,0,2,3,6,202100027244B01,7,1,1,244400552
202100027249,2021-07-24,2021,juillet,samedi,09:20,83,83148,43.403442,6.39297,1,6,6,1,1,3,2,2,1,3,,-1,9,5,3,3,1,45,5,1,2,8,0,0,1,202100027249A01,,,,248300493
202100027302,2021-07-23,2021,juillet,vendredi,17:10,22,22143,48.598774,-2.286701,2,1,3,1,1,6,-1,0,1,1,,0,1,0,8,4,1,44,5,1,2,0,2,1,1,202100027302A01,7,1,1,200068989
202100027354,2021-07-22,2021,juillet,jeudi,18:35,54,54395,48.69385,6.19186,2,2,3,1,1,4,1,3,1,1,,-1,1,0,1,3,1,38,0,2,,0,2,7,19,202100027354A01,7,19,1,245400676
202100027381,2021-07-23,2021,juillet,vendredi,22:00,75,75119,48.887999,2.395355,2,1,3,5,1,4,3,5,2,1,,-1,1,0,5,4,1,24,9,2,,0,2,1,1,202100027381B01,1,9,1,200054781
202100027381,2021-07-23,2021,juillet,vendredi,22:00,75,75119,48.887999,2.395355,2,1,3,5,1,4,3,5,2,1,,-1,1,0,5,1,1,31,9,2,,0,2,1,9,202100027381A01,1,1,1,200054781
202100027382,2021-07-23,2021,juillet,vendredi,22:42,75,75118,48.891191,2.351632,2,2,3,5,1,4,2,2,1,1,,-1,1,0,1,4,1,66,1,1,2 / 6,0,2,3,1,202100027382B01,7,15,1,200054781
202100027387,2021-07-23,2021,juillet,vendredi,20:00,75,75116,48.864915,2.249097,2,3,3,1,1,4,2,6,1,1,,-1,1,0,1,4,1,44,5,1,2,0,2,7,1,202100027387A01,7,15,1,200054781
202100027389,2021-07-21,2021,juillet,mercredi,20:45,75,75116,48.861887,2.23042,2,1,2,1,1,4,2,2,1,3,,-1,1,0,5,4,2,32,5,1,2,0,9,4,17,202100027389A01,1,13,1,200054781
202100027416,2021-07-24,2021,juillet,samedi,12:50,56,56204,47.893156,-2.752856,1,1,1,1,2,3,2,2,2,3,,-1,2,0,1,4,1,33,0,2,,0,2,1,1,202100027416B01,7,1,1,200096683
202100027431,2021-07-24,2021,juillet,samedi,12:10,29,29003,48.023917,-4.55909,2,1,1,1,8,4,2,2,1,1,,4,2,0,1,4,1,15,5,1,2,0,2,1,1,202100027431B01,7,15,1,242900629
202100027439,2021-07-23,2021,juillet,vendredi,20:40,64,64490,43.23736,-1.310817,2,1,1,1,1,3,2,2,2,2,,-1,1,0,1,4,1,12,5,2,,0,2,1,13,202100027439A01,7,1,1,200067106
202100027446,2021-07-24,2021,juillet,samedi,12:35,04,04135,43.856274,6.197968,1,1,7,1,1,3,2,2,4,3,,-1,1,0,3,4,1,65,5,1,2,0,0,1,1,202100027446A01,,,,200067437
202100027488,2021-07-22,2021,juillet,jeudi,12:40,75,75112,48.845309,2.388956,2,3,3,1,1,4,2,2,4,1,,-1,1,0,1,4,1,30,1,2,,0,2,2,1,202100027488A01,10,14,1,200054781
202100027534,2021-07-22,2021,juillet,jeudi,20:25,47,47323,44.4044,0.6911,2,1,3,1,1,3,1,1,1,2,,-1,1,0,1,3,2,23,1,2,,0,2,7,21,202100027534Y01,7,18,1,200023307
202100027565,2021-07-22,2021,juillet,jeudi,15:43,75,75119,48.883308,2.371998,2,1,3,1,1,4,1,1,1,1,,-1,1,0,5,4,2,37,9,2,,0,2,7,17,202100027565A01,1,13,1,200054781
202100027565,2021-07-22,2021,juillet,jeudi,15:43,75,75119,48.883308,2.371998,2,1,3,1,1,4,1,1,1,1,,-1,1,0,5,1,1,33,9,2,,0,2,8,13,202100027565B01,1,17,1,200054781
202100027566,2021-07-21,2021,juillet,mercredi,21:35,75,75119,48.877459,2.370989,2,1,3,2,1,4,1,1,1,1,,-1,1,0,1,4,2,41,1,2,,0,2,0,1,202100027566B01,7,22,1,200054781
202100027567,2021-07-22,2021,juillet,jeudi,01:30,75,75119,48.892318,2.379151,2,2,3,5,1,4,4,4,1,1,,-1,1,0,1,4,1,33,9,2,,0,2,7,1,202100027567A01,7,15,1,200054781
202100027571,2021-07-21,2021,juillet,mercredi,23:15,75,75111,48.868896,2.380431,2,2,3,5,1,4,2,2,1,1,,-1,1,0,1,4,1,30,5,2,,0,2,3,1,202100027571B01,10,16,1,200054781
202100027573,2021-07-22,2021,juillet,jeudi,14:05,75,75108,48.87476,2.29577,2,1,3,1,1,4,2,2,1,1,,-1,1,0,1,4,2,30,5,2,,0,2,7,19,202100027573B01,7,1,1,200054781
202100027574,2021-07-22,2021,juillet,jeudi,13:55,75,75102,48.87009,2.329051,2,4,3,1,1,4,2,4,1,1,,-1,1,0,6,4,2,47,9,2,,0,2,1,1,202100027574B01,10,22,1,200054781
202100027575,2021-07-22,2021,juillet,jeudi,12:00,75,75104,48.852652,2.352187,2,2,7,1,1,4,-1,1,1,1,,-1,1,0,1,4,2,20,9,2,,0,0,2,26,202100027575A01,,,,200054781
202100027598,2021-07-23,2021,juillet,vendredi,11:30,52,52365,48.063992,4.946852,1,2,2,1,1,3,2,2,1,1,,-1,1,0,1,3,2,72,3,1,2,0,2,4,15,202100027598B01,15,2,1,245200597
202100027602,2021-07-22,2021,juillet,jeudi,15:30,67,67374,48.658237,7.650953,1,3,3,1,1,3,2,2,1,1,,-1,1,0,5,4,1,50,5,1,2,0,2,1,1,202100027602A01,21,15,1,
202100027620,2021-07-22,2021,juillet,jeudi,19:45,42,42243,45.848215,3.996454,2,1,1,2,7,4,2,2,1,1,,4,1,0,1,4,1,17,5,2,,0,2,1,13,202100027620B01,10,1,1,244200614
202100027627,2021-07-22,2021,juillet,jeudi,10:00,02,02191,49.527848,3.584585,2,1,7,1,1,3,2,2,1,1,,-1,1,0,1,2,1,66,5,2,,0,0,0,1,202100027627A01,,,,200043495
202100027651,2021-07-22,2021,juillet,jeudi,17:50,05,05079,45.060624,6.411477,1,1,2,1,1,3,2,2,2,2,,-1,1,0,1,3,1,67,5,1,2,0,2,1,17,202100027651A01,7,0,1,240500439
202100027655,2021-07-23,2021,juillet,vendredi,07:20,26,26235,44.368517,4.694166,2,6,2,2,1,2,2,3,1,1,,-1,1,5,1,3,1,29,1,1,2,0,0,5,26,202100027655B01,10,9,1,200042901
202100027658,2021-06-25,2021,juin,vendredi,18:50,59,59069,50.254559,3.544378,1,1,3,1,1,3,2,2,1,1,,-1,1,0,1,4,1,33,5,1,2,0,2,8,1,202100027658A01,7,14,1,245901038
202100027758,2021-07-21,2021,juillet,mercredi,15:45,75,75120,48.868331,2.401426,2,5,6,1,1,4,2,2,2,1,,-1,1,0,5,3,2,31,9,2,,4,0,1,13,202100027758A01,,,,200054781
202100027762,2021-07-12,2021,juillet,lundi,14:10,75,75114,48.822626,2.335137,2,3,7,1,2,4,1,1,2,1,,-1,2,0,5,4,1,48,1,2,,0,0,0,21,202100027762A01,,,,200054781
202100027765,2021-07-21,2021,juillet,mercredi,14:45,75,75111,48.850636,2.378824,2,4,3,1,1,4,2,2,1,1,,-1,1,0,6,4,2,48,9,2,,0,2,0,7,202100027765B01,7,13,1,200054781
202100027766,2021-07-20,2021,juillet,mardi,22:34,75,75111,48.850386,2.392521,2,5,3,5,1,4,2,4,1,1,,-1,1,0,5,4,1,38,9,1,2,0,2,8,1,202100027766A01,43,1,1,200054781
202100027771,2021-07-20,2021,juillet,mardi,20:40,75,75101,48.864178,2.347633,2,2,7,2,1,4,2,3,1,1,,-1,1,0,1,4,2,27,9,1,2,0,0,0,1,202100027771A01,,,,200054781
202100027803,2021-07-04,2021,juillet,dimanche,14:40,51,51030,49.042986,4.041287,1,1,7,1,1,4,2,2,2,1,,5.5,2,0,5,3,1,59,5,2,,0,0,0,1,202100027803A01,,,,245100615
202100027812,2021-07-20,2021,juillet,mardi,18:00,89,89255,48.313234,3.220518,1,2,1,1,1,3,2,2,1,1,,-1,1,5,1,4,1,65,5,2,,0,2,9,1,202100027812B01,7,15,1,248900896
202100027814,2021-07-09,2021,juillet,vendredi,08:00,61,61044,48.847395,-0.4893479,1,1,6,1,8,3,2,2,2,1,,-1,1,0,1,4,1,37,1,1,2,0,6,6,1,202100027814A01,,,,200035814
202100027819,2021-07-21,2021,juillet,mercredi,14:55,46,46225,44.515978,1.189656,1,1,7,1,1,3,2,2,1,1,,-1,1,0,1,3,2,61,5,1,2,14,0,0,1,202100027819A01,,,,244600433
202100027821,2021-07-21,2021,juillet,mercredi,19:15,29,29140,48.353162,-4.320223,1,1,7,1,1,4,2,2,2,1,,4,1,0,1,4,2,61,5,2,,0,0,0,1,202100027821A01,,,,242900801
202100027828,2021-07-22,2021,juillet,jeudi,10:05,58,58215,47.283341,2.956202,2,1,7,1,1,3,2,2,1,1,,-1,1,0,1,3,2,58,3,2,,0,0,0,0,202100027828B01,15,17,1,200067916
202100027901,2021-07-20,2021,juillet,mardi,09:00,71,71270,46.30836,4.83201,2,6,3,1,1,3,2,2,1,3,,-1,1,5,5,4,2,53,0,2,,0,2,8,1,202100027901B01,7,16,1,200070308
202100027916,2021-07-19,2021,juillet,lundi,18:11,49,49007,47.47794,-0.54343,2,1,3,1,1,4,2,2,1,1,,-1,1,0,1,4,2,19,5,2,,0,2,3,19,202100027916B01,7,19,1,244900015
202100027933,2021-07-20,2021,juillet,mardi,10:18,26,26362,44.922283,4.890713,2,6,3,1,1,4,2,2,1,1,,-1,1,2,1,2,1,75,3,2,,0,2,7,1,202100027933B01,7,9,1,200068781
202100027952,2021-07-20,2021,juillet,mardi,11:45,75,75106,48.85429,2.343174,2,3,2,1,1,4,2,4,1,1,,-1,1,0,5,4,1,15,5,1,2,0,2,1,2,202100027952A01,50,23,1,200054781
202100027956,2021-07-20,2021,juillet,mardi,21:00,75,75117,48.880857,2.312545,2,2,3,1,1,4,2,4,1,1,,-1,1,0,1,3,2,33,5,1,2,0,2,2,13,202100027956A01,37,17,1,200054781
202100027966,2021-07-20,2021,juillet,mardi,19:10,75,75110,48.877745,2.370135,2,7,4,1,1,4,1,3,1,1,,-1,1,0,1,4,1,38,1,1,2,0,2,4,2,202100027966A01,7,2,2,200054781
202100027969,2021-07-20,2021,juillet,mardi,13:00,75,75109,48.87937,2.33143,2,1,7,1,1,4,1,1,2,1,,-1,1,0,1,4,2,22,9,1,2,0,0,1,5,202100027969A01,,,,200054781
202100027971,2021-07-19,2021,juillet,lundi,20:10,75,75107,48.859539,2.329291,2,3,2,1,1,4,1,1,1,1,,-1,1,2,1,4,1,39,9,2,,0,2,4,2,202100027971A01,7,2,1,200054781
202100027972,2021-07-20,2021,juillet,mardi,17:30,75,75103,48.858153,2.364469,2,2,6,1,1,4,2,2,1,1,,-1,1,0,1,4,2,54,9,1,2,0,1,1,1,202100027972A01,,,,200054781
202100027999,2021-07-21,2021,juillet,mercredi,17:40,04,04126,44.412003,6.346986,1,1,7,1,1,3,2,2,2,1,,-1,1,0,3,3,1,16,5,2,,0,0,0,1,202100027999A01,,,,200067437
202100028001,2021-07-04,2021,juillet,dimanche,10:15,56,56214,47.522682,-2.830262,1,1,5,1,1,4,2,2,1,3,,5,1,0,1,1,1,60,5,1,2,0,2,1,1,202100028001B01,31,1,1,200067932
202100028001,2021-07-04,2021,juillet,dimanche,10:15,56,56214,47.522682,-2.830262,1,1,5,1,1,4,2,2,1,3,,5,1,0,1,1,1,66,5,1,2,0,2,1,1,202100028001C01,31,1,1,200067932
202100028001,2021-07-04,2021,juillet,dimanche,10:15,56,56214,47.522682,-2.830262,1,1,5,1,1,4,2,2,1,3,,5,1,0,1,3,1,73,5,1,2,0,2,1,1,202100028001D01,31,1,1,200067932
202100028001,2021-07-04,2021,juillet,dimanche,10:15,56,56214,47.522682,-2.830262,1,1,5,1,1,4,2,2,1,3,,5,1,0,1,4,1,61,5,1,2,0,2,1,1,202100028001E01,31,1,1,200067932
202100028003,2021-07-20,2021,juillet,mardi,21:30,76,76189,49.807153,0.722415,2,1,1,2,1,4,2,1,2,2,,3,1,0,1,3,1,15,5,2,,0,2,1,1,202100028003B01,10,1,1,200069839
202100028015,2021-07-20,2021,juillet,mardi,07:30,34,34215,43.61424,3.51695,2,1,1,2,1,4,2,1,2,2,,3,1,0,1,3,1,72,5,1,2,0,2,1,1,202100028015B01,7,1,1,243400694
202100028055,2021-07-21,2021,juillet,mercredi,08:00,73,73290,45.293607,6.922417,1,1,3,1,7,3,2,2,2,3,,-1,1,0,1,4,1,46,5,2,,0,2,3,1,202100028055B01,33,17,1,200070340
202100028060,2021-07-21,2021,juillet,mercredi,16:45,40,40184,44.208296,-1.295979,2,2,3,1,1,3,2,2,1,1,,-1,1,0,1,3,1,16,5,2,,0,2,2,5,202100028060A01,7,1,1,244000543
202100028063,2021-07-20,2021,juillet,mardi,18:45,22,22353,48.825316,-3.492633,2,1,1,1,1,3,2,2,1,1,,-1,1,0,3,3,1,66,5,2,,0,2,1,1,202100028063B01,7,13,1,200065928
202100028064,2021-07-21,2021,juillet,mercredi,11:05,27,27114,48.962222,1.427067,2,2,1,1,1,3,2,2,1,1,,-1,1,0,1,3,1,72,5,1,2,0,2,8,15,202100028064B01,7,16,1,200072312
202100028160,2021-07-19,2021,juillet,lundi,22:25,75,75106,48.857517,2.338121,2,1,2,5,1,4,2,3,1,2,,-1,1,0,5,4,1,25,5,2,,0,2,1,17,202100028160A01,1,15,1,200054781