Num_Acc,date,an,mois,jour,hrmn,dep,com,lat,long,agg,int,col,lum,atm,catr,circ,nbv,prof,plan,lartpc,larrout,surf,infra,situ,grav,sexe,age,trajet,secuexist,equipement,obs,obsm,choc,manv,vehiculeid,typevehicules,manoeuvehicules,numVehicules,_infos_commune.code_epci
202100028160,2021-07-19,2021,juillet,lundi,22:25,75,75106,48.857517,2.338121,2,1,2,5,1,4,2,3,1,2,,-1,1,0,5,1,1,32,5,2,,0,2,6,15,202100028160B01,1,17,1,200054781
202100028161,2021-07-19,2021,juillet,lundi,12:10,75,75105,48.849593,2.344873,2,2,3,1,1,4,1,4,2,1,,-1,1,0,5,4,2,27,5,2,,0,2,1,16,202100028161B01,7,16,1,200054781
202100028167,2021-07-18,2021,juillet,dimanche,16:00,75,75115,48.849375,2.281551,2,2,3,1,1,4,2,5,1,1,,-1,1,0,1,4,2,50,9,1,2,0,2,8,19,202100028167B01,7,16,1,200054781
202100028191,2021-07-20,2021,juillet,mardi,07:30,09,09124,43.174074,1.424489,1,1,3,1,7,3,2,2,2,1,,-1,1,0,1,3,1,62,5,1,2 / 6,0,0,6,2,202100028191B01,10,1,1,200066223
202100028215,2021-07-19,2021,juillet,lundi,12:45,01,01334,46.2208207689,4.9234011769,1,2,3,1,1,3,2,2,2,1,,-1,1,0,1,3,1,71,5,1,2,0,2,4,19,202100028215B01,7,1,1,200070555
202100028225,2021-07-20,2021,juillet,mardi,10:15,24,24392,44.956842,1.273298,2,3,3,1,1,3,2,2,1,1,,3,1,0,1,3,2,57,5,1,2,0,2,1,1,202100028225B01,7,15,1,200040830
202100028238,2021-07-18,2021,juillet,dimanche,10:20,13,13032,43.541954,5.368356,1,6,2,1,1,7,2,2,1,2,,7,1,0,1,4,1,42,5,1,2,0,2,4,1,202100028238B01,7,1,1,200054807
202100028266,2021-03-26,2021,mars,vendredi,10:10,74,74236,45.8947175751,6.6981625557,1,3,3,1,1,3,2,2,2,1,,-1,1,0,1,3,2,48,5,1,2 / 9,0,0,8,1,202100028266B01,7,15,1,200034882
202100028279,2021-07-17,2021,juillet,samedi,19:13,95,95323,49.01085,2.04618,2,1,3,1,7,4,2,2,2,1,,-1,1,0,1,3,1,3,5,1,2,0,2,8,1,202100028279B01,7,26,1,249500109
202100028313,2021-07-18,2021,juillet,dimanche,00:04,75,75105,48.849393,2.356807,2,2,3,5,1,4,2,5,1,1,,-1,1,0,1,4,1,31,5,1,2,0,2,1,19,202100028313A01,34,16,1,200054781
202100028322,2021-07-18,2021,juillet,dimanche,01:10,75,75105,48.846855,2.360967,2,3,1,5,1,4,2,4,1,1,,-1,1,0,6,4,1,20,5,1,2,0,2,1,5,202100028322A01,7,1,1,200054781
202100028351,2021-07-14,2021,juillet,mercredi,11:00,06,06025,43.830425,7.177473,1,1,2,1,1,7,2,2,1,1,,-1,1,0,1,3,1,65,5,1,2,0,2,4,13,202100028351B01,7,17,1,200030195
202100028373,2021-07-19,2021,juillet,lundi,15:15,12,12248,43.880851,2.601587,2,1,6,1,1,3,2,2,4,3,,-1,1,2,1,3,1,40,0,2,,12,0,7,13,202100028373A01,,,,200067163
202100028374,2021-07-17,2021,juillet,samedi,06:05,42,42323,45.561202,4.277158,2,1,3,2,8,3,2,2,1,1,,-1,1,0,1,3,1,13,3,2,,0,0,6,15,202100028374B01,10,13,1,200065894
202100028389,2021-07-19,2021,juillet,lundi,19:10,45,45160,48.182284,2.111617,2,2,3,1,1,3,2,2,1,1,,4,1,0,1,4,1,13,5,2,,0,0,2,19,202100028389A01,17,1,1,244500542
202100028394,2021-07-18,2021,juillet,dimanche,09:45,28,28116,48.448557,1.251529,2,3,3,1,1,3,2,2,1,1,,-1,1,0,1,3,1,56,5,1,2,0,2,1,1,202100028394B01,7,9,1,200058360
202100028415,2021-07-18,2021,juillet,dimanche,12:30,67,67052,48.448504,7.315156,1,1,1,1,1,3,2,2,2,4,,-1,1,0,1,3,1,50,5,1,2 / 9,0,2,1,0,202100028415A01,7,1,1,246700744
202100028419,2021-07-15,2021,juillet,jeudi,12:15,65,65173,42.876483,0.008578,1,1,5,1,1,3,2,2,2,1,,-1,1,0,1,3,1,47,5,1,2,0,2,1,1,202100028419C01,1,1 / 19,2,200070811
202100028419,2021-07-15,2021,juillet,jeudi,12:15,65,65173,42.876483,0.008578,1,1,5,1,1,3,2,2,2,1,,-1,1,0,1,4,1,47,5,1,2,0,2,1,1,202100028419B01,1,1 / 19,2,200070811
202100028419,2021-07-15,2021,juillet,jeudi,12:15,65,65173,42.876483,0.008578,1,1,5,1,1,3,2,2,2,1,,-1,1,0,1,4,1,38,5,1,2,0,2,0,19,202100028419A01,1,1,2,200070811
202100028421,2021-07-18,2021,juillet,dimanche,18:37,49,49301,47.038256,-1.119533,2,3,3,1,1,3,2,2,2,1,,5,1,0,1,3,1,5,5,1,2,0,2,0,0,202100028421A01,7,1,1,200060010
202100028423,2021-07-19,2021,juillet,lundi,08:45,22,22306,48.363716,-1.970437,1,2,3,1,1,3,2,2,1,1,,3.5,1,0,1,3,2,64,0,2,,0,2,3,9,202100028423A01,7,1,1,200068989
202100028497,2021-07-16,2021,juillet,vendredi,23:30,75,75116,48.836538,2.255982,2,2,3,5,1,4,1,3,1,1,,-1,1,0,1,4,1,35,9,2,,0,2,1,15,202100028497A01,7,1,1,200054781
202100028537,2021-07-18,2021,juillet,dimanche,09:40,35,35227,48.175974,-1.925933,1,6,2,1,1,3,1,1,3,1,,-1,1,5,1,3,1,36,5,1,2,0,2,4,1,202100028537B01,7,1,1,243500550
202100028539,2021-07-18,2021,juillet,dimanche,12:10,84,84017,44.120195,5.233366,1,1,1,1,1,3,2,2,2,2,,-1,1,0,1,3,1,24,5,1,2,0,2,1,13,202100028539A01,7,1,1,248400053
202100028554,2021-07-18,2021,juillet,dimanche,20:06,27,27313,49.230111,0.993342,2,2,3,1,1,4,2,2,1,1,,-1,1,0,1,4,1,55,5,2,,0,2,8,1,202100028554B01,7,1,1,200089456
202100028557,2021-07-12,2021,juillet,lundi,18:20,67,67471,48.632313,7.748516,2,2,3,1,1,4,2,2,1,1,,4,1,0,5,3,1,69,5,2,,0,2,2,1,202100028557B01,7,1,1,246700488
202100028571,2021-07-18,2021,juillet,dimanche,15:45,38,38548,45.068471,5.535049,1,1,1,1,1,3,2,2,2,3,,-1,1,0,1,3,1,9,5,1,2,0,2,1,1,202100028571A01,7,1,1,243801024
202100028576,2021-07-17,2021,juillet,samedi,19:10,33,33366,45.001262,-0.429945,2,9,3,1,1,3,2,2,1,1,,-1,1,0,1,3,2,7,5,2,,0,2,8,26,202100028576B01,7,1,1,243301223
202100028598,2021-07-16,2021,juillet,vendredi,04:20,75,75112,48.8215162124,2.4620640278,1,1,3,3,2,1,3,4,1,2,,-1,2,0,1,4,1,28,5,1,2,0,2,1,5,202100028598A01,10,1,1,200054781
202100028659,2021-07-12,2021,juillet,lundi,10:30,26,26198,44.54576,4.75555,2,6,2,1,1,4,1,1,1,4,,-1,1,0,1,3,1,73,5,1,2,0,2,5,1,202100028659B01,7,9,1,200040459
202100028677,2021-07-16,2021,juillet,vendredi,14:50,75,75106,48.845246,2.325212,2,1,3,1,1,4,-1,2,1,1,,-1,1,0,5,4,1,26,5,2,,0,2,3,1,202100028677B01,7,15,1,200054781
202100028681,2021-07-16,2021,juillet,vendredi,13:50,75,75117,48.882927,2.296383,2,2,3,1,1,4,-1,0,1,1,,-1,1,0,1,4,1,27,4,1,2,0,2,1,1,202100028681A01,10,22,1,200054781
202100028683,2021-07-16,2021,juillet,vendredi,19:55,75,75115,48.84262,2.302705,2,2,5,1,1,4,2,3,1,1,,-1,1,0,1,4,1,25,5,2,,0,2,4,9,202100028683B01,7,1,2,200054781
202100028691,2021-07-16,2021,juillet,vendredi,18:00,75,75108,48.866006,2.319169,2,4,2,1,1,4,2,8,1,1,,-1,1,0,1,4,2,25,9,2,,0,2,5,2,202100028691A01,7,23,1,200054781
202100028740,2021-07-17,2021,juillet,samedi,09:15,18,18025,47.103002,3.009117,1,9,3,1,1,3,2,2,1,1,,-1,1,0,1,3,1,69,5,1,2,0,2,6,2,202100028740B01,7,17,1,200032514
202100028745,2021-07-17,2021,juillet,samedi,11:45,85,85288,46.464016,-1.690834,2,1,5,1,1,4,2,2,1,1,,4,1,0,1,1,1,52,5,1,2,0,9,9,2,202100028745A01,1,2,2,200071900
202100028745,2021-07-17,2021,juillet,samedi,11:45,85,85288,46.464016,-1.690834,2,1,5,1,1,4,2,2,1,1,,4,1,0,1,4,1,53,5,1,2,0,9,8,2,202100028745B01,1,2,2,200071900
202100028745,2021-07-17,2021,juillet,samedi,11:45,85,85288,46.464016,-1.690834,2,1,5,1,1,4,2,2,1,1,,4,1,0,1,3,1,55,5,1,2,0,9,7,2,202100028745C01,1,2,2,200071900
202100028762,2021-07-17,2021,juillet,samedi,12:20,91,91330,48.527057,2.293046,2,6,1,1,1,3,2,2,1,1,,-1,1,5,8,2,1,82,5,2,,0,0,1,16,202100028762B01,7,0,1,249100553
202100028770,2021-07-16,2021,juillet,vendredi,13:15,17,17228,45.624558,-0.965402,2,2,3,1,1,3,2,2,2,1,,4,1,0,1,3,1,62,5,1,2,0,0,8,1,202100028770A01,7,1,1,241700640
202100028773,2021-07-16,2021,juillet,vendredi,17:32,50,50616,48.663743,-1.353689,1,1,2,1,1,3,1,2,4,1,,-1,1,0,1,2,1,67,5,2,,0,2,6,2,202100028773B01,7,2,1,200069425
202100028851,2021-07-14,2021,juillet,mercredi,22:04,75,75111,48.85356,2.392713,2,2,3,5,1,4,2,2,2,1,,-1,1,5,1,3,1,32,9,2,,0,2,3,19,202100028851B01,33,1,1,200054781
202100028856,2021-07-15,2021,juillet,jeudi,16:00,75,75115,48.833944,2.285361,2,3,3,1,1,4,3,3,2,1,,-1,1,0,5,4,2,53,1,1,2,0,2,8,1,202100028856B01,7,16,1,200054781
202100028861,2021-07-15,2021,juillet,jeudi,01:30,75,75111,48.865131,2.375265,2,2,1,5,1,4,1,1,1,1,,-1,1,0,1,4,1,21,9,1,2,0,2,1,5,202100028861A01,30,1,1,200054781
202100028863,2021-07-15,2021,juillet,jeudi,02:10,75,75103,48.863721,2.361102,2,2,3,5,1,4,1,2,1,1,,-1,1,0,1,4,1,20,9,1,2,0,2,2,1,202100028863A01,7,1,1,200054781
202100028915,2021-07-15,2021,juillet,jeudi,10:52,38,38350,45.242065,5.909207,1,1,1,1,2,3,2,2,2,1,,-1,2,0,1,3,2,15,5,1,2,0,2,1,5,202100028915B01,7,1,1,200018166
202100028929,2021-07-06,2021,juillet,mardi,13:20,78,78380,48.907703,1.849796,2,1,1,1,1,3,2,2,2,1,,-1,1,0,1,3,1,34,9,2,,0,2,1,13,202100028929A01,7,1,1,200034130
202100028931,2021-07-10,2021,juillet,samedi,19:30,84,84049,44.16377,4.974414,1,1,3,1,1,3,2,2,2,1,,-1,1,0,1,3,1,26,5,1,2,0,2,7,15,202100028931A01,7,1,1,248400053
202100028974,2021-07-14,2021,juillet,mercredi,19:42,14,14118,49.18529,-0.34505,2,2,3,1,1,4,2,2,4,1,,-1,1,0,1,4,1,32,5,2,,0,0,0,0,202100028974B01,7,1,1,200065597
202100028985,2021-07-14,2021,juillet,mercredi,17:25,75,75118,48.890706,2.345518,2,4,3,1,1,4,1,1,1,1,,-1,1,0,1,4,2,29,9,2,,0,2,1,1,202100028985B01,7,22,1,200054781
202100028990,2021-07-14,2021,juillet,mercredi,18:10,75,75109,48.875817,2.343716,2,2,1,1,1,4,2,1,1,1,,-1,1,0,5,4,1,56,9,2,,0,2,1,1,202100028990B01,1,15,1,200054781
202100028990,2021-07-14,2021,juillet,mercredi,18:10,75,75109,48.875817,2.343716,2,2,1,1,1,4,2,1,1,1,,-1,1,0,5,1,1,21,5,2,,0,2,1,15,202100028990A01,1,1,1,200054781
202100029009,2021-07-14,2021,juillet,mercredi,23:00,58,58086,47.432442,2.933328,2,1,2,3,1,3,2,2,1,1,,-1,1,0,1,4,1,52,5,2,,0,2,4,0,202100029009A01,0,0,1,200067916
202100029014,2021-07-15,2021,juillet,jeudi,11:30,56,56239,47.684206,-2.137983,1,3,3,1,1,3,2,2,1,3,,-1,1,5,1,4,1,45,5,1,2,0,2,1,1,202100029014B01,10,15,1,243500741
202100029023,2021-07-14,2021,juillet,mercredi,10:45,61,61179,48.724718,-0.261011,1,1,2,1,1,3,2,2,1,1,,-1,1,0,1,2,1,73,5,1,2,0,2,9,2,202100029023B01,7,2,1,
202100029024,2021-07-14,2021,juillet,mercredi,21:20,68,68082,47.860297,7.34377,2,1,7,5,3,3,2,2,1,1,,-1,3,0,1,4,1,18,5,2,,0,0,9,1,202100029024A01,,,,246800445
202100029025,2021-07-14,2021,juillet,mercredi,16:29,44,44069,47.370011,-2.384312,2,1,1,1,1,3,2,2,1,3,,-1,1,0,1,3,1,49,5,1,2,0,2,1,2,202100029025A01,21,1,1,244400610
202100029026,2021-07-14,2021,juillet,mercredi,21:30,29,29030,48.6844855527,-4.096583426,1,2,3,1,1,4,2,1,1,1,,3,1,0,1,3,1,51,5,2,,0,2,1,16,202100029026B01,10,1,1,200067072
202100029028,2021-07-11,2021,juillet,dimanche,01:45,29,29197,48.024055,-4.534079,2,1,2,4,1,4,2,2,1,1,,-1,1,0,1,4,2,15,5,2,,0,2,4,2,202100029028B01,7,2,1,242900629
202100029038,2021-07-15,2021,juillet,jeudi,19:30,17,17323,46.034811,-1.374836,2,2,3,1,1,4,1,1,1,1,,-1,1,0,1,4,1,23,0,1,2,0,2,8,1,202100029038A01,7,19,1,241700624
202100029069,2021-01-29,2021,janvier,vendredi,10:28,06,06029,43.551599,6.976161,2,1,7,1,1,4,1,-1,1,1,,-1,1,0,1,2,1,86,5,2,,-1,0,0,1,202100029069A01,,,,200039915
202100029081,2021-07-03,2021,juillet,samedi,10:10,88,88415,48.04876,6.59753,1,1,3,1,1,3,2,2,1,1,,-1,1,0,1,4,2,52,0,1,2,0,2,2,1,202100029081B01,7,9,1,200068377
202100029112,2021-07-08,2021,juillet,jeudi,19:15,63,63113,45.78188,3.09511,2,1,5,1,1,4,1,2,2,1,,-1,1,-1,4,4,1,31,0,2,,0,9,1,1,202100029112B01,1,1,2,246300701
202100029112,2021-07-08,2021,juillet,jeudi,19:15,63,63113,45.78188,3.09511,2,1,5,1,1,4,1,2,2,1,,-1,1,-1,4,4,1,29,5,2,,0,9,1,1,202100029112A01,1,1,2,246300701
202100029161,2021-07-13,2021,juillet,mardi,17:35,75,75111,48.848245,2.397512,2,7,6,1,3,4,3,3,1,1,,-1,2,0,5,1,1,22,9,1,2,0,1,1,1,202100029161A01,,,,200054781
202100029298,2021-07-12,2021,juillet,lundi,10:10,49,49007,47.48331,-0.52756,2,1,3,1,8,4,2,2,1,1,,-1,2,0,1,4,2,88,5,2,,0,2,0,0,202100029298B01,7,9,1,244900015
202100029328,2021-07-12,2021,juillet,lundi,19:50,75,75108,48.872067,2.300484,2,3,3,1,2,4,2,7,1,1,,-1,2,0,1,4,1,15,9,2,,0,2,7,1,202100029328A01,2,5,1,200054781
202100029328,2021-07-12,2021,juillet,lundi,19:50,75,75108,48.872067,2.300484,2,3,3,1,2,4,2,7,1,1,,-1,2,0,1,1,1,16,5,2,,0,2,7,1,202100029328A01,2,5,1,200054781
202100029333,2021-07-12,2021,juillet,lundi,15:20,75,75103,48.867331,2.363346,2,7,7,1,1,4,2,7,1,1,,-1,2,0,1,4,1,57,9,2,,0,0,8,21,202100029333A01,,,,200054781
202100029334,2021-07-12,2021,juillet,lundi,13:40,75,75104,48.855209,2.361128,2,3,6,1,1,4,2,3,1,1,,-1,1,0,5,4,1,71,5,2,,12,0,1,11,202100029334A01,,,,200054781
202100029335,2021-07-11,2021,juillet,dimanche,14:00,75,75101,48.86055,2.349352,2,2,3,1,1,4,2,5,1,1,,-1,1,0,5,4,2,30,5,2,,0,2,2,17,202100029335A01,50,15,1,200054781
202100029366,2021-07-11,2021,juillet,dimanche,10:45,89,89286,47.756558,3.342462,1,1,2,1,1,3,2,2,1,3,,-1,1,0,1,3,1,74,5,2,,0,0,4,2,202100029366B01,7,2,1,200067130
202100029440,2021-07-11,2021,juillet,dimanche,16:20,75,75114,48.828801,2.327707,2,4,6,1,1,4,2,5,1,1,,-1,1,0,5,1,1,29,5,1,2,0,1,1,1,202100029440A01,,,,200054781
202100029446,2021-07-11,2021,juillet,dimanche,02:40,75,75108,48.864087,2.320112,2,7,3,5,1,4,2,8,1,1,,-1,1,0,1,4,1,29,9,1,2,0,2,0,1,202100029446B01,7,1,1,200054781
202100029481,2021-07-09,2021,juillet,vendredi,14:25,49,49050,47.325807,-0.39422,1,2,3,1,8,3,2,2,1,1,,-1,1,0,1,4,1,17,5,2,,0,2,4,19,202100029481B01,33,0,1,200071553
202100029497,2021-07-11,2021,juillet,dimanche,12:15,38,38561,45.311073,5.212138,2,1,6,1,1,3,2,1,2,1,,3.5,1,0,1,3,2,22,0,2,,0,0,0,0,202100029497A01,,,,200059392
202100029507,2021-07-12,2021,juillet,lundi,11:50,73,73312,45.663347,6.311126,1,2,1,1,1,3,2,2,2,3,,-1,1,0,1,3,1,64,5,1,2,0,2,2,15,202100029507A01,31,1,1,200068997
202100029535,2021-06-29,2021,juin,mardi,18:40,38,38478,45.053621,5.801532,1,1,3,1,1,7,3,4,1,1,,-1,1,0,1,3,1,62,0,1,2 / 6,0,2,8,2,202100029535B01,7,1,1,200040715
202100029538,2021-07-11,2021,juillet,dimanche,20:00,72,72154,47.714924,-0.059845,2,9,2,1,1,4,2,2,1,1,,5,1,0,1,3,1,11,5,2,,6,2,4,0,202100029538B01,7,2,1,247200348
202100029615,2021-07-09,2021,juillet,vendredi,11:55,75,75120,48.866043,2.38402,2,3,3,1,1,4,3,2,1,1,,-1,1,0,5,3,2,40,9,1,2,0,2,8,1,202100029615B01,10,16,1,200054781
202100029625,2021-07-10,2021,juillet,samedi,17:20,75,75101,48.864382,2.330124,2,3,7,1,1,4,2,4,1,1,,-1,1,0,5,4,2,64,3,1,2,14,0,0,16,202100029625A01,,,,200054781
202100029646,2021-07-11,2021,juillet,dimanche,11:00,68,68178,47.937536,7.098144,1,1,5,1,1,3,2,2,2,3,,-1,2,0,1,4,1,27,5,1,2,0,0,8,1,202100029646C01,33,1,1,246800569
202100029646,2021-07-11,2021,juillet,dimanche,11:00,68,68178,47.937536,7.098144,1,1,5,1,1,3,2,2,2,3,,-1,2,0,1,4,1,28,5,1,2,0,0,8,1,202100029646B01,33,1,1,246800569
202100029672,2021-07-10,2021,juillet,samedi,18:11,29,29199,48.569657,-3.70508,2,1,6,1,1,4,2,2,1,1,,-1,1,0,4,1,1,22,5,1,2,0,1,1,1,202100029672A01,,,,242900835
202100029681,2021-07-11,2021,juillet,dimanche,11:35,14,14335,49.188681,-0.078186,1,1,7,1,1,3,-1,2,1,2,,-1,1,0,1,4,1,30,5,1,2,0,0,7,21,202100029681A01,7,11,1,200065563
202100029691,2021-07-11,2021,juillet,dimanche,08:30,76,76660,49.4526208982,0.271359086,1,1,3,1,1,2,3,4,2,1,,-1,1,2,5,4,1,68,5,1,2 / 4,0,2,3,2,202100029691B01,7,2,1,200084952
202100029694,2021-07-10,2021,juillet,samedi,11:15,38,38534,44.9846,6.12906,1,1,2,1,1,3,2,2,2,4,,-1,1,0,1,2,1,56,5,1,2 / 6,0,9,0,13,202100029694B01,33,21,1,
202100029791,2021-06-01,2021,juin,mardi,09:40,36,36202,46.779,1.67493,1,1,2,1,1,4,2,2,1,1,,-1,1,0,1,3,1,55,5,1,2,0,2,3,2,202100029791B01,7,20,1,243600327
202100029818,2021-07-08,2021,juillet,jeudi,23:23,75,75106,48.857862,2.336231,2,3,2,5,1,4,2,5,1,1,,-1,1,0,5,4,1,29,5,2,,0,2,1,2,202100029818A01,1,2,1,200054781
202100029818,2021-07-08,2021,juillet,jeudi,23:23,75,75106,48.857862,2.336231,2,3,2,5,1,4,2,5,1,1,,-1,1,0,5,4,2,30,9,2,,0,2,4,2,202100029818B01,1,2,1,200054781
202100029823,2021-07-08,2021,juillet,jeudi,08:50,75,75115,48.836746,2.299555,2,2,3,1,1,4,1,1,1,1,,-1,1,0,1,4,2,29,1,1,2,0,2,1,1,202100029823A01,7,1,1,200054781
202100029825,2021-07-09,2021,juillet,vendredi,02:15,75,75113,48.826462,2.341775,2,5,3,5,1,4,2,4,2,1,,-1,1,0,1,4,1,36,5,1,2,0,2,1,1,202100029825A01,33,1,1,200054781
202100029832,2021-07-09,2021,juillet,vendredi,00:45,75,75101,48.861806,2.327205,2,1,1,5,1,4,1,3,1,1,,-1,1,0,1,4,1,32,9,1,2,0,2,1,5,202100029832A01,7,1,1,200054781
202100029833,2021-07-09,2021,juillet,vendredi,17:55,75,75107,48.852702,2.309565,2,2,6,1,1,4,2,2,1,1,,-1,1,0,1,4,2,25,9,1,2,0,1,1,1,202100029833A01,,,,200054781
202100029834,2021-07-09,2021,juillet,vendredi,14:05,75,75107,48.859359,2.305773,2,1,3,1,1,4,1,1,1,1,,-1,1,0,1,4,2,27,9,1,2,0,2,1,1,202100029834B01,7,22,1,200054781
202100029835,2021-07-09,2021,juillet,vendredi,16:30,75,75108,48.864103,2.32011,2,7,6,1,1,4,3,4,1,1,,-1,1,0,1,4,1,48,9,1,2,14,0,2,14,202100029835A01,,,,200054781
202100029914,2021-07-09,2021,juillet,vendredi,07:00,69,69296,45.64242,4.82683,1,6,2,1,7,7,1,1,1,3,,-1,1,0,1,3,1,47,1,1,2 / 9,0,2,4,1,202100029914B01,7,1,1,200046977
202100029920,2021-07-09,2021,juillet,vendredi,12:45,60,60402,49.3562909381,2.7583375013,2,2,3,1,1,3,2,2,1,1,,-1,1,0,1,3,1,66,5,1,2,0,2,2,1,202100029920B01,7,9,1,200067965
202100029970,2021-07-07,2021,juillet,mercredi,23:08,63,63113,45.7648941468,3.1238318793,2,1,2,5,1,7,2,3,1,1,,-1,1,0,1,4,1,42,0,1,2,0,2,7,1,202100029970B01,7,26,1,246300701
202100030007,2021-07-08,2021,juillet,jeudi,00:20,75,75106,48.848699,2.332802,2,2,3,5,1,4,2,2,1,1,,-1,1,0,1,4,1,30,9,1,2,0,2,1,18,202100030007A01,7,22,1,200054781
202100030008,2021-07-08,2021,juillet,jeudi,11:40,75,75120,48.855873,2.410307,2,2,1,1,1,4,2,2,2,1,,-1,1,0,5,4,1,23,5,1,2,0,2,1,13,202100030008A01,50,1,1,200054781
202100030009,2021-07-07,2021,juillet,mercredi,13:40,75,75118,48.890885,2.353254,2,3,3,1,1,4,2,2,1,1,,-1,1,0,1,4,1,26,1,1,2,0,2,2,1,202100030009B01,7,22,1,200054781
202100030015,2021-07-07,2021,juillet,mercredi,12:05,75,75114,48.823314,2.324384,2,3,3,1,1,4,3,3,1,1,,-1,1,0,1,4,1,65,5,1,2,0,2,3,1,202100030015B01,10,12,1,200054781
202100030016,2021-07-08,2021,juillet,jeudi,18:55,75,75113,48.821777,2.378684,2,1,3,1,1,4,2,4,1,1,,-1,1,0,1,4,1,47,1,2,,0,2,2,1,202100030016B01,10,22,1,200054781
202100030017,2021-07-08,2021,juillet,jeudi,15:40,75,75112,48.851596,2.374841,2,3,3,1,1,4,2,2,1,1,,-1,1,0,5,4,2,30,1,1,2,0,2,1,1,202100030017B01,7,16,1,200054781
202100030018,2021-07-08,2021,juillet,jeudi,10:45,75,75111,48.859758,2.376842,2,2,3,1,1,4,2,-1,1,1,,-1,1,0,5,4,1,30,9,2,,0,2,8,1,202100030018B01,10,16,1,200054781
202100030019,2021-07-08,2021,juillet,jeudi,07:35,75,75111,48.85878,2.373785,2,3,3,1,1,4,1,-1,2,1,,-1,1,0,1,4,2,36,1,2,,0,2,1,1,202100030019B01,10,22,1,200054781
202100030020,2021-07-07,2021,juillet,mercredi,22:15,75,75111,48.866191,2.369675,2,2,3,5,1,4,3,2,1,1,,-1,1,0,1,4,2,28,9,1,2,0,2,8,19,202100030020A01,7,1,1,200054781
202100030021,2021-07-08,2021,juillet,jeudi,16:20,75,75110,48.874857,2.357288,2,5,3,1,1,4,3,2,2,1,,-1,1,5,5,4,1,25,9,1,2,0,2,1,1,202100030021B01,7,16,1,200054781
202100030024,2021-07-08,2021,juillet,jeudi,15:15,75,75108,48.869032,2.31476,2,2,3,1,1,4,2,2,1,1,,-1,1,0,1,4,1,31,9,2,,0,2,3,1,202100030024A01,7,15,1,200054781
202100030029,2021-07-08,2021,juillet,jeudi,20:20,75,75101,48.861221,2.349727,2,3,3,1,1,4,2,4,1,1,,-1,1,0,5,4,2,38,5,2,,0,2,7,15,202100030029A01,50,1,1,200054781
202100030056,2021-07-08,2021,juillet,jeudi,10:20,83,83072,43.475719,6.375069,1,1,5,1,1,3,2,2,1,1,,7,1,0,1,2,1,64,5,1,2,0,2,8,1,202100030056C01,7,13,1,248300493
202100030056,2021-07-08,2021,juillet,jeudi,10:20,83,83072,43.475719,6.375069,1,1,5,1,1,3,2,2,1,1,,7,1,0,1,2,1,66,5,1,2,0,2,8,1,202100030056B01,7,13,1,248300493
202100030062,2021-07-08,2021,juillet,jeudi,12:00,28,28104,48.484951,1.591392,2,1,6,1,1,3,2,2,1,1,,-1,1,0,1,4,1,61,5,1,2,0,5,1,0,202100030062A01,,,,200033181
202100030065,2021-07-08,2021,juillet,jeudi,15:30,35,35024,48.159894,-1.625086,1,1,3,1,1,3,2,2,1,1,,-1,1,0,1,3,1,66,5,1,2,0,2,8,1,202100030065B01,10,17,1,243500139
202100030069,2021-07-09,2021,juillet,vendredi,14:00,80,80186,49.812346,2.823272,1,1,7,1,1,3,2,2,2,1,,-1,1,0,1,3,1,56,0,2,,0,0,0,1,202100030069A01,,,,200070928
202100030078,2021-07-08,2021,juillet,jeudi,19:45,31,31358,43.716979,1.609303,1,1,2,1,1,3,2,2,1,1,,-1,1,0,1,3,1,43,5,1,2,0,2,4,1,202100030078B01,7,17,1,243100732
202100030079,2021-07-08,2021,juillet,jeudi,09:25,84,84017,44.135415,5.166631,1,1,6,1,1,3,2,2,2,2,,-1,1,0,1,4,1,51,5,2,,0,2,3,1,202100030079B01,7,1,1,248400053
202100030079,2021-07-08,2021,juillet,jeudi,09:25,84,84017,44.135415,5.166631,1,1,6,1,1,3,2,2,2,2,,-1,1,0,1,4,1,26,5,2,,0,9,1,1,202100030079C01,7,1,1,248400053
202100030087,2021-07-07,2021,juillet,mercredi,12:00,07,07204,45.016925,4.402792,2,3,1,1,8,3,2,2,2,2,,-1,1,5,1,3,2,58,5,1,2,0,2,1,0,202100030087B01,7,15,1,200041465
202100030090,2021-07-08,2021,juillet,jeudi,09:10,04,04006,44.291122,6.569387,2,1,3,1,1,3,2,2,1,2,,-1,1,0,1,3,1,64,5,1,2,0,0,8,1,202100030090B01,10,15,1,200068625
202100030103,2021-06-27,2021,juin,dimanche,11:15,28,28279,48.635142,1.502692,1,6,3,1,3,3,-1,1,1,2,,-1,2,9,1,3,1,82,5,1,2,0,2,7,12,202100030103A01,7,0,1,200069953
202100030149,2021-07-07,2021,juillet,mercredi,10:45,69,69386,45.77189,4.84874,2,1,3,1,1,4,1,1,1,1,,-1,1,0,1,4,2,31,5,2,,0,2,8,1,202100030149B01,3,1,1,200046977