Num_Acc,date,an,mois,jour,hrmn,dep,com,lat,long,agg,int,col,lum,atm,catr,circ,nbv,prof,plan,lartpc,larrout,surf,infra,situ,grav,sexe,age,trajet,secuexist,equipement,obs,obsm,choc,manv,vehiculeid,typevehicules,manoeuvehicules,numVehicules,_infos_commune.code_epci
202100032188,2021-06-26,2021,juin,samedi,13:40,18,18141,47.115956,2.209384,2,1,1,1,8,4,2,1,1,2,,3,1,0,1,3,2,65,5,1,2,0,2,1,1,202100032188B01,7,1,1,241800507
202100032205,2021-06-27,2021,juin,dimanche,07:00,971,97106,16.182844,-61.782137,1,1,3,1,1,2,2,2,3,4,,-1,1,0,1,2,1,59,5,1,2,0,0,8,2,202100032205B01,7,17,1,249710070
202100032215,2021-06-26,2021,juin,samedi,16:30,26,26206,44.853602,5.007266,1,1,2,1,1,3,2,2,1,1,,-1,1,0,1,3,2,29,5,1,2,0,2,4,2,202100032215B01,7,2,1,200068781
202100032289,2021-06-15,2021,juin,mardi,17:55,29,29019,48.3909027428,-4.5061773969,2,3,3,1,1,4,2,2,1,1,,-1,1,0,1,4,1,15,5,2,,0,2,1,25,202100032289A01,7,1,1,242900314
202100032291,2021-06-24,2021,juin,jeudi,13:14,27,27229,49.03427,1.14802,1,1,3,1,1,4,-1,2,2,3,,-1,1,0,1,4,1,80,5,1,2 / 6,0,0,0,0,202100032291B01,7,17,1,200071454
202100032302,2021-06-22,2021,juin,mardi,13:41,06,06004,43.595775,7.12542,1,1,2,1,1,3,2,2,1,1,,-1,1,0,5,3,1,57,1,1,2,0,2,4,2,202100032302B01,7,2,1,240600585
202100032311,2021-06-25,2021,juin,vendredi,19:20,75,75105,48.83892,2.353238,2,3,6,1,8,4,2,2,1,1,,-1,1,0,1,4,1,48,1,1,2,1,0,1,14,202100032311A01,,,,200054781
202100032317,2021-06-25,2021,juin,vendredi,20:37,75,75109,48.883759,2.332282,2,2,3,1,1,4,3,2,1,1,,-1,1,0,6,4,2,48,9,1,2,0,2,3,13,202100032317B01,37,7,1,200054781
202100032322,2021-06-25,2021,juin,vendredi,17:40,75,75113,48.825709,2.348406,2,2,6,1,1,4,2,3,1,1,,-1,1,0,1,1,1,34,5,1,2,0,1,1,1,202100032322A01,,,,200054781
202100032326,2021-06-25,2021,juin,vendredi,15:45,75,75110,48.87137,2.355433,2,1,3,1,2,4,1,3,1,1,,-1,2,0,5,4,2,51,9,1,2,0,2,2,1,202100032326B01,7,22,1,200054781
202100032367,2021-06-23,2021,juin,mercredi,13:30,67,67383,48.665546,7.476384,2,3,3,1,1,3,2,2,2,1,,-1,1,0,1,3,2,10,5,1,2,0,2,8,16,202100032367A01,10,1,1,200068864
202100032382,2021-06-25,2021,juin,vendredi,15:40,65,65192,42.736399,-0.027069,1,1,6,1,1,3,2,2,2,4,,-1,1,0,1,4,1,45,5,2,,0,5,0,21,202100032382A01,,,,200070811
202100032385,2021-06-26,2021,juin,samedi,09:50,42,42192,45.384014,4.128714,1,1,2,1,1,7,2,2,1,1,,-1,1,0,1,3,1,71,5,1,2,0,0,4,1,202100032385B01,7,17,1,244200770
202100032387,2021-06-02,2021,juin,mercredi,16:30,22,22248,48.619215,-3.087121,2,9,7,1,1,3,2,2,1,1,,-1,1,0,1,4,2,12,5,1,2,0,0,7,1,202100032387A01,,,,200069086
202100032393,2021-06-26,2021,juin,samedi,11:25,15,15076,44.862071,2.175851,1,1,7,1,1,3,2,2,2,2,,-1,1,0,1,3,1,74,5,1,2,0,0,0,1,202100032393A01,,,,200066678
202100032399,2021-06-26,2021,juin,samedi,11:00,37,37130,47.0164326224,0.8417402208,1,2,3,1,1,3,2,1,1,1,,3,1,0,1,4,1,10,5,1,2 / 4,0,2,4,15,202100032399B01,7,17,1,200071587
202100032407,2021-06-25,2021,juin,vendredi,18:30,973,97311,5.4701752597,-54.0339730807,2,1,3,1,1,4,2,2,1,1,,5.5,1,0,1,4,1,11,5,2,,0,2,1,16,202100032407B01,7,1,1,249730037
202100032409,2021-06-25,2021,juin,vendredi,16:36,84,84141,43.967757,4.921495,1,1,2,1,1,3,2,1,1,1,,-1,1,0,1,3,1,46,5,1,2,0,2,4,26,202100032409A01,7,21,1,248400251
202100032415,2021-06-25,2021,juin,vendredi,13:45,42,42174,45.737715,4.163531,1,3,3,1,1,3,2,2,1,1,,-1,1,0,1,4,1,15,5,2,,0,2,8,15,202100032415B01,7,17,1,200065894
202100032416,2021-06-26,2021,juin,samedi,17:15,38,38382,45.235768,5.675501,2,1,2,1,1,7,1,1,1,1,,-1,1,0,1,4,1,61,5,1,2,0,2,2,1,202100032416C01,7,1 / 23,2,200040715
202100032480,2021-06-22,2021,juin,mardi,16:19,54,54483,48.63231,6.30694,2,1,6,1,1,3,1,1,2,1,,-1,1,9,4,1,1,58,0,2,,0,1,2,25,202100032480A01,,,,245400189
202100032481,2021-06-23,2021,juin,mercredi,09:57,47,47001,44.19402,0.6409,2,2,3,1,1,4,1,1,1,1,,-1,1,0,1,4,1,74,0,2,,0,2,8,9,202100032481B01,7,1,1,200096956
202100032497,2021-06-04,2021,juin,vendredi,16:55,22,22278,48.511458755,-2.7856349945,2,1,2,1,1,3,2,2,1,1,,-1,1,0,1,4,1,31,5,1,2,0,2,6,19,202100032497B01,7,1,1,200069409
202100032508,2021-06-24,2021,juin,jeudi,16:50,75,75119,48.87567,2.373017,2,1,7,1,1,4,1,1,1,1,,-1,1,0,5,4,1,42,9,2,,0,0,0,21,202100032508A01,,,,200054781
202100032511,2021-06-23,2021,juin,mercredi,20:10,75,75116,48.875222,2.279517,2,2,3,1,1,4,2,4,1,3,,-1,1,0,6,4,1,48,9,1,2,0,2,6,7,202100032511B01,7,16,1,200054781
202100032517,2021-06-23,2021,juin,mercredi,08:15,75,75113,48.819147,2.359491,2,2,3,1,2,4,3,2,2,3,,-1,2,0,5,4,2,27,1,1,2,0,2,2,17,202100032517A01,1,13,1,200054781
202100032517,2021-06-23,2021,juin,mercredi,08:15,75,75113,48.819147,2.359491,2,2,3,1,2,4,3,2,2,3,,-1,2,0,5,1,1,61,5,1,2,0,2,3,13,202100032517B01,1,17,1,200054781
202100032519,2021-06-23,2021,juin,mercredi,23:30,75,75111,48.862965,2.387193,2,2,3,5,1,4,2,4,2,1,,-1,1,0,5,4,2,56,9,1,2,0,2,1,1,202100032519B01,1,10,1,200054781
202100032519,2021-06-23,2021,juin,mercredi,23:30,75,75111,48.862965,2.387193,2,2,3,5,1,4,2,4,2,1,,-1,1,0,5,1,1,18,9,1,2,0,2,0,10,202100032519A01,1,1,1,200054781
202100032520,2021-06-24,2021,juin,jeudi,19:13,75,75104,48.857019,2.347911,2,1,2,1,8,4,1,3,1,1,,-1,1,2,1,4,1,57,1,1,2,0,2,4,1,202100032520A01,43,1,1,200054781
202100032546,2021-06-24,2021,juin,jeudi,13:50,26,26301,45.119652,4.997272,1,3,3,1,2,3,2,2,4,1,,-1,2,0,1,2,1,62,5,1,2 / 6,3,0,0,1,202100032546B01,15,1,1,200073096
202100032567,2021-06-23,2021,juin,mercredi,10:15,01,01457,46.22932,4.992841,2,2,3,1,1,4,-1,2,1,1,,6,1,0,1,4,1,13,2,2,,0,2,2,9,202100032567B01,7,1,1,200070555
202100032570,2021-06-22,2021,juin,mardi,07:35,06,06079,43.534525,6.945524,2,6,3,1,1,3,2,2,1,1,,-1,1,0,1,3,2,53,5,1,2,0,2,1,26,202100032570B01,7,9,1,200039915
202100032599,2021-06-24,2021,juin,jeudi,18:40,987,98722,-17.565361,-149.327459,1,1,3,3,2,2,2,2,2,1,,-1,2,2,1,3,1,42,5,2,,0,2,8,19,202100032599A01,7,1,1,
202100032611,2021-06-24,2021,juin,jeudi,13:45,14,14258,48.906304,-0.208307,2,1,2,1,1,3,3,2,1,3,,-1,1,0,1,3,1,73,5,1,2,0,0,4,1,202100032611B01,7,2,1,241400514
202100032676,2021-06-23,2021,juin,mercredi,08:50,26,26362,44.93003,4.90835,2,1,3,1,1,4,1,1,1,1,,-1,1,0,1,4,2,43,1,2,,0,2,0,1,202100032676B01,7,1,1,200068781
202100032698,2021-06-23,2021,juin,mercredi,12:56,75,75118,48.882862,2.336183,2,3,2,1,8,4,1,1,2,1,,-1,1,0,1,4,1,25,4,1,2,0,2,1,2,202100032698B01,10,23,1,200054781
202100032701,2021-06-22,2021,juin,mardi,09:35,75,75115,48.832712,2.288391,2,2,3,1,1,4,1,2,1,1,,-1,1,0,1,4,2,25,9,2,,0,2,1,1,202100032701B01,14,16,1,200054781
202100032703,2021-06-22,2021,juin,mardi,10:50,75,75113,48.822181,2.348692,2,1,2,1,1,4,2,2,1,1,,-1,1,0,1,4,1,24,1,2,,0,2,1,1,202100032703A01,7,23,1,200054781
202100032706,2021-06-23,2021,juin,mercredi,08:25,75,75110,48.880396,2.364305,2,3,3,1,2,4,2,2,1,1,,-1,2,0,1,4,2,28,1,1,2,0,2,2,15,202100032706B01,33,1,1,200054781
202100032749,2021-06-23,2021,juin,mercredi,11:00,63,63229,45.777162,3.350422,1,2,3,1,1,3,2,2,1,1,,4,1,0,1,3,1,55,5,1,2,0,2,1,0,202100032749B01,7,15,1,246301097
202100032750,2021-06-15,2021,juin,mardi,14:05,61,61328,48.743881,0.120485,1,1,7,1,1,4,2,2,1,1,,-1,1,0,1,3,2,77,5,1,2,0,0,0,2,202100032750B01,,,,200068450
202100032756,2021-06-23,2021,juin,mercredi,10:00,25,25015,47.035663,6.07501,1,1,2,1,1,3,2,2,1,1,,-1,1,0,1,3,1,68,5,1,2,0,2,4,1,202100032756B01,10,17,1,200068070
202100032788,2021-06-23,2021,juin,mercredi,17:20,38,38057,45.142079,5.741134,2,4,3,1,1,7,2,2,2,1,,4,1,5,1,3,1,53,5,1,2 / 6,0,2,1,1,202100032788B01,7,15,1,200040715
202100032790,2021-06-20,2021,juin,dimanche,09:30,31,31291,43.599375,1.25467,2,1,7,1,2,4,2,2,1,1,,4,2,0,8,2,1,57,5,1,2,0,0,0,0,202100032790A01,,,,243100781
202100032791,2021-06-23,2021,juin,mercredi,16:35,64,64430,43.477446,-0.761922,2,6,3,1,1,3,2,2,1,2,,-1,1,5,1,3,2,76,3,2,,0,2,8,2,202100032791B01,7,2,1,200039204
202100032861,2021-06-21,2021,juin,lundi,21:46,63,63113,45.78835,3.09551,2,2,3,1,1,4,2,2,1,1,,-1,1,0,1,4,1,48,9,1,2,0,2,8,9,202100032861B01,7,16,1,246300701
202100032868,2021-06-21,2021,juin,lundi,14:22,54,54526,48.6815,6.216,2,2,3,1,1,7,2,5,1,1,,-1,1,0,1,3,2,23,0,1,2,0,2,8,1,202100032868A01,10,1,1,245400676
202100032870,2021-06-21,2021,juin,lundi,08:45,54,54395,48.6789398145,6.1971477047,2,1,3,1,1,7,2,5,1,1,,-1,1,-1,1,4,1,33,1,1,2,0,2,2,1,202100032870B01,7,22,1,245400676
202100032887,2021-06-22,2021,juin,mardi,07:35,27,27375,49.2117,1.15481,2,3,3,2,2,4,2,2,2,1,,-1,2,0,1,4,1,15,2,2,,0,2,1,1,202100032887B01,7,15,1,200089456
202100032912,2021-06-16,2021,juin,mercredi,12:10,75,75104,48.851164,2.362507,2,3,3,1,1,4,2,3,1,1,,-1,1,0,5,4,1,19,9,1,2,0,2,2,1,202100032912A01,33,1,1,200054781
202100032972,2021-06-22,2021,juin,mardi,11:00,971,97103,16.238904,-61.621714,2,1,3,1,1,4,2,1,2,1,,3,1,0,1,3,1,19,5,2,,0,2,8,11,202100032972B01,7,1,1,200018653
202100033073,2021-06-21,2021,juin,lundi,15:54,75,75105,48.846991,2.353836,2,1,3,1,1,4,2,3,1,1,,-1,1,0,1,4,1,29,9,1,2,0,2,4,10,202100033073B01,33,17,1,200054781
202100033075,2021-06-21,2021,juin,lundi,17:31,75,75120,48.871684,2.404377,2,5,3,1,1,4,2,2,2,1,,-1,1,0,1,4,1,57,5,1,2,0,2,8,1,202100033075A01,7,17,1,200054781
202100033079,2021-06-20,2021,juin,dimanche,21:15,75,75119,48.892489,2.385553,2,3,1,1,1,4,1,1,1,2,,-1,2,0,1,4,2,28,5,1,2,0,2,1,5,202100033079A01,10,1,1,200054781
202100033119,2021-06-22,2021,juin,mardi,11:45,49,49030,47.382304,-0.085477,1,1,2,1,1,3,2,2,4,2,,-1,1,2,1,3,1,71,5,1,2 / 9,0,2,4,2,202100033119B01,10,2,1,200071876
202100033195,2021-06-18,2021,juin,vendredi,21:00,34,34032,43.36371,3.23901,2,1,6,1,1,4,2,2,1,1,,-1,1,0,1,3,1,35,5,2,,0,2,7,1,202100033195B01,7,17,1,243400769
202100033209,2021-06-20,2021,juin,dimanche,14:30,75,75118,48.898484,2.353614,2,1,1,1,1,4,1,-1,2,1,,-1,1,0,5,4,1,78,5,2,,0,2,1,1,202100033209A01,1,13,1,200054781
202100033211,2021-06-20,2021,juin,dimanche,09:50,75,75116,48.864551,2.233833,2,1,1,1,1,4,1,2,1,1,,-1,1,0,1,4,1,51,5,1,2 / 6,0,2,1,1,202100033211B01,7,5,1,200054781
202100033212,2021-06-19,2021,juin,samedi,12:35,75,75116,48.848992,2.266261,2,5,6,1,1,4,2,2,1,1,,-1,2,8,1,4,1,22,4,1,2,0,1,1,5,202100033212A01,,,,200054781
202100033213,2021-06-19,2021,juin,samedi,21:00,75,75113,48.831881,2.355859,2,7,3,1,8,4,2,4,1,3,,-1,2,0,1,1,1,19,4,1,2,0,2,2,1,202100033213B01,32,1,1,200054781
202100033216,2021-06-20,2021,juin,dimanche,12:00,75,75116,48.854638,2.273826,2,1,3,1,1,4,1,1,1,1,,-1,1,0,1,4,1,49,5,2,,0,2,7,1,202100033216B01,7,22,1,200054781
202100033217,2021-06-15,2021,juin,mardi,12:11,75,75108,48.864143,2.3204,2,7,6,1,1,4,2,8,1,1,,-1,1,0,5,3,2,75,5,1,2,12,0,2,14,202100033217A01,,,,200054781
202100033218,2021-06-20,2021,juin,dimanche,13:30,75,75101,48.862477,2.336252,2,3,3,1,1,4,3,3,1,1,,-1,1,0,5,4,1,23,4,2,,0,2,2,1,202100033218A01,50,19,1,200054781
202100033236,2021-06-21,2021,juin,lundi,10:50,38,38337,45.35174,5.50054,2,1,7,1,1,3,2,2,2,3,,-1,1,0,1,2,1,45,0,2,,0,0,9,13,202100033236A01,,,,243800984
202100033253,2021-06-20,2021,juin,dimanche,13:35,70,70037,47.532806,5.695735,2,4,3,1,1,3,2,2,1,3,,-1,1,9,1,3,1,76,5,1,2,0,2,8,1,202100033253B01,7,15,1,247000623
202100033277,2021-06-16,2021,juin,mercredi,10:23,38,38540,45.268218,5.620357,2,1,3,1,1,7,4,3,1,1,,-1,1,5,1,4,1,69,5,1,2,0,2,3,19,202100033277B01,10,19,1,200040715
202100033297,2021-06-19,2021,juin,samedi,20:30,75,75111,48.862998,2.36723,2,1,6,1,2,4,2,2,1,1,,-1,2,0,5,4,2,25,5,1,2,0,1,1,1,202100033297B01,,,,200054781
202100033423,2021-06-18,2021,juin,vendredi,12:40,75,75118,48.890849,2.359921,2,4,3,1,1,4,2,4,1,1,,-1,1,0,6,4,2,16,9,1,2,0,2,8,8,202100033423A01,34,1,1,200054781
202100033425,2021-06-19,2021,juin,samedi,12:00,75,75117,48.891053,2.302528,2,3,3,1,1,4,2,6,1,1,,-1,1,0,6,4,1,47,9,1,2,0,2,3,7,202100033425B01,7,17,1,200054781
202100033429,2021-06-19,2021,juin,samedi,17:30,75,75115,48.844682,2.290541,2,3,2,1,3,4,2,2,1,1,,-1,2,0,1,4,1,49,1,1,2,0,2,1,2,202100033429A01,7,2,1,200054781
202100033467,2021-06-19,2021,juin,samedi,12:10,25,25434,47.104912,6.158422,2,3,3,1,1,3,2,2,1,2,,-1,1,0,1,3,2,65,5,1,2,0,2,7,1,202100033467B01,7,9,1,200068070
202100033469,2021-06-20,2021,juin,dimanche,09:30,29,29150,47.804688,-3.677212,1,3,3,1,2,3,2,2,1,1,,4,2,5,1,3,1,69,5,2,,0,2,3,15,202100033469A01,7,1,1,242900694
202100033493,2021-06-17,2021,juin,jeudi,06:20,987,98722,-17.5667792268,-149.3269264698,1,3,3,2,1,2,-1,1,4,1,,-1,1,0,1,3,1,52,0,2,,0,2,1,19,202100033493A01,7,1,1,
202100033503,2021-06-18,2021,juin,vendredi,17:25,31,31291,43.606313,1.231155,2,1,6,1,1,4,2,1,1,1,,3,1,0,1,1,1,63,5,2,,0,1,1,1,202100033503A01,,,,243100781
202100033599,2021-06-14,2021,juin,lundi,14:45,34,34032,43.3533917661,3.2250532508,2,6,3,1,1,4,1,2,1,2,,-1,1,0,1,3,1,22,3,2,,0,2,2,1,202100033599B01,7,9,1,243400769
202100033629,2021-06-18,2021,juin,vendredi,10:20,75,75119,48.891734,2.374557,2,1,1,1,1,4,1,1,1,1,,-1,1,0,1,4,2,56,9,1,2,0,2,8,9,202100033629B01,1,5,1,200054781
202100033629,2021-06-18,2021,juin,vendredi,10:20,75,75119,48.891734,2.374557,2,1,1,1,1,4,1,1,1,1,,-1,1,0,1,1,1,39,9,1,2,0,2,1,5,202100033629A01,1,9,1,200054781
202100033635,2021-06-18,2021,juin,vendredi,10:15,75,75115,48.847967,2.30185,2,7,7,1,1,4,3,3,1,1,,-1,1,0,5,4,2,64,5,1,2,0,0,0,1,202100033635A01,,,,200054781
202100033638,2021-06-18,2021,juin,vendredi,12:50,75,75113,48.831076,2.343172,2,1,3,1,1,4,3,1,2,1,,-1,1,0,5,4,2,35,1,1,2,0,2,1,1,202100033638B01,30,9,1,200054781
202100033642,2021-06-18,2021,juin,vendredi,08:45,75,75111,48.869995,2.371048,2,2,6,1,1,4,2,2,1,1,,-1,1,0,1,1,1,28,1,1,2,0,1,8,15,202100033642A01,,,,200054781
202100033644,2021-06-18,2021,juin,vendredi,14:15,75,75110,48.870608,2.354991,2,3,3,1,1,4,2,5,1,1,,-1,1,0,5,4,1,34,4,1,2,0,2,1,1,202100033644B01,7,15,1,200054781
202100033648,2021-06-18,2021,juin,vendredi,15:50,75,75107,48.853677,2.314746,2,3,7,1,1,4,2,4,1,1,,-1,1,0,1,4,2,38,9,1,2,0,0,0,1,202100033648A01,,,,200054781
202100033649,2021-06-18,2021,juin,vendredi,18:15,75,75103,48.866238,2.352535,2,2,6,1,1,4,2,5,1,1,,-1,2,0,6,1,1,20,4,1,2,0,1,2,7,202100033649A01,,,,200054781
202100033651,2021-06-16,2021,juin,mercredi,20:10,75,75101,48.857178,2.346587,2,1,1,2,1,4,2,2,1,1,,-1,1,6,1,1,1,28,5,1,2,0,2,1,1,202100033651B01,1,13,1,200054781
202100033651,2021-06-16,2021,juin,mercredi,20:10,75,75101,48.857178,2.346587,2,1,1,2,1,4,2,2,1,1,,-1,1,6,1,4,2,27,9,1,2,0,2,1,13,202100033651A01,1,1,1,200054781
202100033692,2021-06-19,2021,juin,samedi,15:50,976,97610,-12.751612,45.230415,2,6,3,1,1,2,2,2,1,2,,-1,1,5,1,4,1,22,5,2,,0,2,4,1,202100033692B01,2,2,1,200060465
202100033696,2021-06-18,2021,juin,vendredi,18:25,88,88349,48.119526,7.041845,1,3,3,1,1,3,2,2,2,3,,-1,1,0,1,3,1,47,5,1,2,0,2,1,1,202100033696B01,7,15,1,200071066
202100033707,2021-06-18,2021,juin,vendredi,21:15,81,81227,43.644375,2.275049,1,1,3,1,1,3,2,2,2,1,,-1,1,0,1,2,1,23,5,2,,0,2,3,11,202100033707B01,7,17,1,200066561
202100033721,2021-06-19,2021,juin,samedi,11:45,73,73124,45.657428,6.350183,2,1,6,1,7,3,2,2,1,1,,-1,1,-1,5,3,1,70,5,1,2,0,0,9,1,202100033721A01,,,,200068997
202100033724,2021-06-19,2021,juin,samedi,08:00,07,07129,44.998538,4.566189,1,1,1,1,1,3,2,2,2,4,,-1,1,0,3,2,1,64,5,1,2,0,2,1,13,202100033724B01,7,1,1,200016905
202100033733,2021-06-17,2021,juin,jeudi,19:05,06,06152,43.61798,7.057192,1,3,7,1,1,3,2,2,2,1,,4,1,0,5,3,2,25,0,1,2,12,0,1,1,202100033733A01,,,,240600585
202100033740,2021-06-18,2021,juin,vendredi,09:15,84,84054,43.911907,5.067916,2,3,3,1,1,4,2,2,1,1,,-1,1,0,1,3,2,68,3,2,,0,2,1,1,202100033740B01,7,15,1,248400319
202100033741,2021-06-19,2021,juin,samedi,10:25,83,83146,43.636345,5.936348,2,9,6,1,1,3,2,2,1,1,,-1,1,0,1,1,1,36,5,1,2,0,1,2,1,202100033741A01,,,,200040202
202100033803,2021-06-16,2021,juin,mercredi,07:30,71,71153,46.80723,4.434716,2,9,1,1,1,4,-1,2,1,1,,-1,1,0,1,4,1,12,2,2,,0,2,1,25,202100033803B01,7,26,1,247100290
202100033864,2021-06-12,2021,juin,samedi,15:20,12,12202,44.36538,2.55103,2,4,3,1,1,3,2,2,2,1,,-1,1,0,1,3,1,66,5,2,,0,2,1,1,202100033864B01,33,16,1,241200187
202100033875,2021-06-17,2021,juin,jeudi,18:15,75,75119,48.88222,2.388239,2,1,3,1,1,4,1,1,2,1,,-1,1,0,1,4,1,36,5,1,2,0,2,1,5,202100033875B01,7,9,1,200054781
202100033876,2021-06-15,2021,juin,mardi,23:30,75,75115,48.841273,2.307206,2,3,3,5,1,4,1,2,1,1,,-1,1,0,5,4,2,30,9,1,2,0,2,1,1,202100033876B01,7,15,1,200054781
202100033881,2021-06-17,2021,juin,jeudi,08:25,75,75108,48.869286,2.309176,2,3,3,1,1,4,2,8,1,3,,-1,1,0,1,4,2,41,1,2,,0,2,1,1,202100033881B01,10,16,1,200054781
202100033924,2021-06-17,2021,juin,jeudi,17:40,56,56186,47.482343,-3.106105,2,6,3,1,1,4,2,2,1,3,,4,1,5,1,3,2,72,5,2,,0,2,3,2,202100033924B01,7,16,1,200043123
202100033934,2021-06-01,2021,juin,mardi,16:00,01,01193,45.640568,5.644087,1,3,3,1,1,3,2,2,1,2,,-1,1,0,1,4,2,68,5,2,,0,2,3,2,202100033934B01,10,2,1,200040350
202100033936,2021-06-17,2021,juin,jeudi,11:45,72,72176,47.6475056811,0.1529760363,2,9,3,1,1,3,2,2,1,1,,-1,1,0,1,4,2,38,5,2,,0,2,8,1,202100033936B01,15,16,1,200073112
202100033937,2021-06-06,2021,juin,dimanche,11:00,14,14303,49.121885,0.283054,2,2,3,1,1,3,2,2,1,1,,-1,1,0,1,4,1,48,5,2,,0,2,1,19,202100033937A01,7,1,1,200069532
202100033961,2021-06-14,2021,juin,lundi,17:25,67,67194,48.73434,7.910703,2,3,3,1,7,3,2,2,1,4,,-1,1,0,5,3,2,74,5,2,,0,2,1,1,202100033961B01,7,9,1,200041325
202100033962,2021-06-16,2021,juin,mercredi,07:03,67,67378,48.471552,7.72311,2,3,3,1,1,4,2,2,1,1,,4,1,0,1,3,1,82,5,2,,0,2,1,15,202100033962A01,7,15,1,246700488
202100033997,2021-06-14,2021,juin,lundi,12:30,75,75116,48.860494,2.229751,2,1,2,1,1,4,2,3,1,3,,-1,1,0,1,2,1,58,5,1,2,0,2,1,1,202100033997B01,10,24,1,200054781
202100033998,2021-06-14,2021,juin,lundi,13:30,75,75120,48.871394,2.400087,2,1,6,1,1,4,1,0,2,1,,-1,1,0,5,1,1,22,4,1,2,0,1,1,1,202100033998A01,,,,200054781
202100034002,2021-06-16,2021,juin,mercredi,19:35,75,75113,48.827143,2.367162,2,3,6,1,1,4,2,3,2,1,,-1,1,0,1,4,1,51,5,1,2,0,1,8,1,202100034002A01,,,,200054781
202100034076,2021-06-15,2021,juin,mardi,09:13,17,17300,46.15879,-1.15949,2,2,3,1,7,4,2,2,1,1,,-1,1,5,1,4,2,24,1,1,2,0,2,1,19,202100034076B01,7,1,1,241700434
202100034077,2021-06-16,2021,juin,mercredi,15:15,14,14437,49.17095,-0.309014,2,6,3,1,1,3,-1,2,1,2,,-1,1,5,1,4,2,24,5,2,,0,2,1,1,202100034077A01,7,1,1,200065597
202100034091,2021-06-16,2021,juin,mercredi,17:50,75,75117,48.877527,2.294386,2,1,6,1,1,4,2,3,2,1,,-1,1,0,1,4,1,25,4,1,2,0,1,1,1,202100034091A01,,,,200054781
202100034092,2021-06-16,2021,juin,mercredi,17:40,75,75117,48.88001,2.307152,2,1,3,1,1,4,1,1,1,1,,-1,1,0,1,4,1,35,9,1,2,0,2,1,18,202100034092A01,10,20,1,200054781
202100034093,2021-06-16,2021,juin,mercredi,12:20,75,75116,48.868024,2.275858,2,1,3,1,1,4,2,2,1,1,,-1,1,0,1,4,1,64,5,1,2,0,2,8,1,202100034093A01,7,17,1,200054781
202100034095,2021-06-16,2021,juin,mercredi,09:45,75,75115,48.832134,2.302995,2,2,2,1,1,4,2,2,1,1,,-1,1,0,1,4,2,20,2,1,2,0,2,4,2,202100034095B01,7,2,1,200054781
202100034097,2021-06-15,2021,juin,mardi,18:05,75,75113,48.835632,2.348287,2,2,3,1,1,4,2,4,2,1,,-1,1,0,5,4,1,36,1,1,2,0,2,1,1,202100034097A01,7,15,1,200054781
202100034100,2021-06-16,2021,juin,mercredi,19:30,75,75110,48.874223,2.362863,2,3,7,1,1,4,1,2,2,1,,-1,1,0,5,4,2,46,5,1,2,0,0,0,21,202100034100A01,,,,200054781
202100034101,2021-06-16,2021,juin,mercredi,17:45,75,75110,48.8811,2.365166,2,2,3,1,1,4,2,2,1,1,,-1,1,0,1,4,1,33,9,1,2,0,2,7,1,202100034101B01,7,1,1,200054781
202100034103,2021-06-16,2021,juin,mercredi,09:46,75,75110,48.875886,2.363848,2,1,3,1,1,4,1,1,2,1,,-1,1,0,1,4,1,66,9,1,2,0,2,8,1,202100034103B01,1,17,1,200054781
202100034103,2021-06-16,2021,juin,mercredi,09:46,75,75110,48.875886,2.363848,2,1,3,1,1,4,1,1,2,1,,-1,1,0,1,4,1,42,9,1,2,0,2,0,17,202100034103A01,1,1,1,200054781
202100034108,2021-06-16,2021,juin,mercredi,12:00,75,75107,48.857558,2.306673,2,1,3,1,1,4,2,2,1,1,,-1,1,0,1,4,1,22,9,1,2,0,2,7,1,202100034108B01,30,9,1,200054781
202100034143,2021-06-15,2021,juin,mardi,09:30,01,01143,46.347774,6.128126,2,1,3,1,1,4,2,2,1,1,,5.5,1,8,1,3,1,71,5,1,2,0,2,1,1,202100034143B01,7,1,1,240100750
202100034144,2021-06-16,2021,juin,mercredi,14:45,22,22032,48.290635,-2.206337,1,2,3,1,1,3,2,2,1,1,,-1,1,0,1,3,2,60,5,1,2,0,2,1,1,202100034144B01,7,19,1,200068989
202100034150,2021-06-15,2021,juin,mardi,14:15,61,61232,48.627218,-0.662881,1,4,7,1,7,3,2,2,2,2,,4,1,0,3,3,1,80,5,1,2,16,0,9,1,202100034150A01,,,,200071520
202100034177,2021-06-14,2021,juin,lundi,09:35,84,84026,43.7225851687,5.392870903,1,3,1,1,1,3,2,2,1,1,,-1,1,5,1,4,1,62,5,1,9,0,2,3,1,202100034177B01,7,26,1,248400285
202100034186,2021-06-16,2021,juin,mercredi,16:15,44,44205,47.436281,-1.459726,1,1,1,1,1,3,2,2,1,1,,-1,1,0,1,3,1,78,3,2,,0,2,1,0,202100034186B01,10,9,1,244400503
202100034272,2021-06-15,2021,juin,mardi,18:25,35,35238,48.11167,-1.65612,2,3,3,1,1,4,2,2,2,1,,-1,1,0,1,4,1,53,0,2,,0,2,1,1,202100034272B01,7,15,1,243500139