Num_Acc,date,an,mois,jour,hrmn,dep,com,lat,long,agg,int,col,lum,atm,catr,circ,nbv,prof,plan,lartpc,larrout,surf,infra,situ,grav,sexe,age,trajet,secuexist,equipement,obs,obsm,choc,manv,vehiculeid,typevehicules,manoeuvehicules,numVehicules,_infos_commune.code_epci
202100034283,2021-05-29,2021,mai,samedi,18:30,22,22278,48.51882,-2.78074,2,1,2,1,1,4,2,0,1,1,,-1,1,0,1,4,1,17,0,2,,15,2,4,1,202100034283B01,7,1,1,200069409
202100034309,2021-06-15,2021,juin,mardi,14:50,75,75117,48.882986,2.324107,2,2,3,1,1,4,3,2,1,1,,-1,1,0,6,4,2,58,5,1,2,0,2,7,19,202100034309A01,1,7,1,200054781
202100034312,2021-06-15,2021,juin,mardi,08:10,75,75112,48.845871,2.374294,2,5,3,1,1,4,2,2,1,1,,-1,1,0,5,4,2,24,9,1,2,0,2,2,1,202100034312A01,7,15,1,200054781
202100034313,2021-06-14,2021,juin,lundi,22:15,75,75104,48.852254,2.360731,2,1,1,1,1,4,2,2,1,1,,-1,1,0,5,4,1,42,9,2,,0,2,1,1,202100034313A01,1,15,1,200054781
202100034339,2021-06-16,2021,juin,mercredi,15:45,52,52331,48.496428,4.772637,1,1,2,1,1,4,2,1,1,2,,3,1,0,1,3,1,76,5,1,2,0,2,1,2,202100034339B01,1,2,1,200068666
202100034339,2021-06-16,2021,juin,mercredi,15:45,52,52331,48.496428,4.772637,1,1,2,1,1,4,2,1,1,2,,3,1,0,1,4,2,14,5,1,2,0,0,0,2,202100034339A01,1,2,1,200068666
202100034346,2021-06-16,2021,juin,mercredi,09:10,56,56204,47.918514,-2.727292,2,1,1,2,7,3,2,2,1,1,,-1,1,0,1,3,1,73,5,1,2,0,0,4,23,202100034346A01,7,2,1,200096683
202100034360,2021-06-15,2021,juin,mardi,09:00,29,29158,47.796953,-4.356358,2,1,2,1,1,4,2,2,1,1,,5,1,0,1,3,1,65,5,1,2 / 6,0,2,4,2,202100034360B01,7,2,1,242900702
202100034381,2021-06-15,2021,juin,mardi,16:30,44,44213,47.36991,-1.015876,1,9,3,1,1,3,2,2,1,1,,-1,1,2,1,3,1,63,5,2,,0,2,8,2,202100034381B01,15,1,1,244400552
202100034427,2021-06-14,2021,juin,lundi,12:00,75,75120,48.869201,2.391917,2,3,3,1,1,4,2,2,2,1,,-1,1,0,1,4,2,31,5,2,,0,2,1,1,202100034427A01,7,9,1,200054781
202100034430,2021-06-14,2021,juin,lundi,20:00,75,75117,48.893542,2.324557,2,1,6,1,1,4,1,1,1,1,,-1,1,0,1,4,1,41,9,2,,1,0,1,14,202100034430A01,,,,200054781
202100034433,2021-06-14,2021,juin,lundi,15:15,75,75107,48.858818,2.331504,2,1,6,1,1,4,1,2,1,1,,-1,1,0,5,4,1,28,9,1,2 / 6,12,0,1,21,202100034433A01,,,,200054781
202100034438,2021-06-14,2021,juin,lundi,12:35,75,75111,48.865995,2.370712,2,4,3,1,1,4,2,-1,1,1,,-1,1,0,1,4,1,43,9,2,,0,2,6,15,202100034438B01,34,1,1,200054781
202100034457,2021-06-13,2021,juin,dimanche,11:00,29,29277,48.3736247958,-4.0208406937,2,1,6,1,1,4,2,2,1,1,,-1,1,0,1,3,1,45,5,1,2,0,5,1,1,202100034457A01,,,,242900751
202100034458,2021-06-15,2021,juin,mardi,08:00,37,37193,47.2809403228,0.2008770884,1,1,3,1,7,3,2,2,1,1,,-1,1,0,1,4,1,53,1,2,,0,0,8,1,202100034458B01,7,17,1,200072981
202100034465,2021-06-15,2021,juin,mardi,04:20,10,10276,48.23421,3.721549,2,9,2,4,1,3,2,2,2,1,,-1,1,0,1,4,1,29,1,2,,0,2,4,15,202100034465B01,7,2,1,241000447
202100034472,2021-06-15,2021,juin,mardi,08:00,89,89373,48.213152,3.348507,2,3,1,1,7,3,2,2,1,1,,-1,1,9,1,3,1,74,5,1,2,0,2,1,1,202100034472B01,7,15,1,248900334
202100034473,2021-06-13,2021,juin,dimanche,08:45,56,56078,47.795485,-3.465285,1,3,7,1,7,3,2,2,4,1,,-1,1,5,1,4,1,48,5,1,2,0,0,0,21,202100034473B01,7,23,1,200042174
202100034474,2021-06-15,2021,juin,mardi,19:15,76,76035,49.76753,1.75273,2,5,1,1,1,3,2,2,1,1,,-1,1,0,1,3,2,65,0,2,,0,2,1,26,202100034474B01,7,26,1,200069722
202100034475,2021-06-15,2021,juin,mardi,14:30,65,65470,43.0625257868,-0.0429609418,1,3,3,1,1,3,2,2,4,1,,-1,1,0,1,2,1,66,5,1,2,0,2,1,1,202100034475B01,7,15,1,200069300
202100034477,2021-06-15,2021,juin,mardi,10:45,71,71414,47.0096588416,4.2952944362,1,1,2,1,1,3,2,2,1,1,,-1,1,0,1,4,1,83,5,1,2,0,2,6,1,202100034477B01,7,1,1,200070530
202100034498,2021-06-15,2021,juin,mardi,08:10,64,64317,43.384006,-1.444423,1,1,4,1,1,3,2,3,1,1,,-1,1,0,1,1,1,62,5,1,2 / 6,0,9,4,2,202100034498A01,1,2,3,200067106
202100034498,2021-06-15,2021,juin,mardi,08:10,64,64317,43.384006,-1.444423,1,1,4,1,1,3,2,3,1,1,,-1,1,0,1,1,1,57,5,1,2 / 6,0,9,1,2,202100034498B01,1,2,3,200067106
202100034498,2021-06-15,2021,juin,mardi,08:10,64,64317,43.384006,-1.444423,1,1,4,1,1,3,2,3,1,1,,-1,1,0,1,4,1,62,5,1,2 / 6,0,9,1,2,202100034498C01,1,2,3,200067106
202100034498,2021-06-15,2021,juin,mardi,08:10,64,64317,43.384006,-1.444423,1,1,4,1,1,3,2,3,1,1,,-1,1,0,1,3,1,62,5,1,2 / 6,0,9,1,2,202100034498D01,1,2,3,200067106
202100034501,2021-06-14,2021,juin,lundi,08:55,16,16106,46.014612,0.675549,2,3,1,1,7,3,2,2,2,1,0,6,1,0,1,4,1,64,5,1,4,0,2,1,1,202100034501B01,7,15,1,200072049
202100034505,2021-06-14,2021,juin,lundi,13:30,27,27284,49.2762260512,1.7545284071,2,6,3,1,1,3,2,2,1,1,,-1,1,5,1,3,1,75,5,1,2,0,2,1,1,202100034505B01,7,9,1,200071843
202100034514,2021-06-15,2021,juin,mardi,06:15,45,45049,47.856739,2.352256,1,1,4,2,1,3,2,2,1,1,,-1,1,0,1,3,1,39,5,2,,0,2,4,2,202100034514C01,7,2,1,244500427
202100034514,2021-06-15,2021,juin,mardi,06:15,45,45049,47.856739,2.352256,1,1,4,2,1,3,2,2,1,1,,-1,1,0,1,3,1,47,5,1,2 / 4,0,2,4,2,202100034514B01,7,2,1,244500427
202100034520,2021-06-15,2021,juin,mardi,13:00,68,68359,47.84018,7.166305,1,1,7,1,1,3,2,2,2,3,,-1,1,0,1,3,1,63,5,1,2 / 6,0,0,0,0,202100034520A01,,,,200036465
202100034521,2021-06-15,2021,juin,mardi,11:00,68,68287,47.963965,7.293549,2,4,7,1,7,4,2,2,2,1,,4,1,0,1,3,2,67,5,1,2,0,0,0,1,202100034521A01,,,,246800494
202100034524,2021-06-14,2021,juin,lundi,20:15,69,69211,46.1207808147,4.7376072407,2,9,3,1,1,3,-1,2,1,1,,-1,1,5,5,3,1,66,5,2,,0,2,8,19,202100034524B01,7,1,1,
202100034525,2021-06-11,2021,juin,vendredi,15:50,69,69227,45.627994,4.530809,1,1,2,1,1,3,2,2,1,2,,-1,1,0,1,4,1,62,5,1,2,0,2,4,2,202100034525B01,7,2,1,200066587
202100034567,2021-06-13,2021,juin,dimanche,17:35,69,69029,45.73866,4.91716,2,3,2,1,1,4,1,1,1,3,,-1,1,9,1,4,1,51,5,2,,0,2,4,1,202100034567B01,32,1,1,200046977
202100034567,2021-06-13,2021,juin,dimanche,17:35,69,69029,45.73866,4.91716,2,3,2,1,1,4,1,1,1,3,,-1,1,9,1,4,2,1,5,1,3,0,2,4,1,202100034567B01,32,1,1,200046977
202100034567,2021-06-13,2021,juin,dimanche,17:35,69,69029,45.73866,4.91716,2,3,2,1,1,4,1,1,1,3,,-1,1,9,1,4,2,1,5,1,3,0,2,4,1,202100034567B01,32,1,1,200046977
202100034588,2021-06-13,2021,juin,dimanche,11:00,27,27554,49.10422,1.43318,1,1,3,1,1,3,-1,2,2,3,,-1,1,0,1,4,2,58,5,1,2,0,2,1,1,202100034588B01,7,15,1,200072312
202100034609,2021-06-13,2021,juin,dimanche,14:15,75,75119,48.889251,2.371275,2,2,6,1,1,4,1,2,1,1,,-1,1,0,5,1,1,20,4,1,2,0,2,1,1,202100034609A01,,,,200054781
202100034614,2021-06-12,2021,juin,samedi,21:00,75,75114,48.82791,2.326867,2,7,3,1,1,4,2,4,1,1,,-1,1,5,6,4,2,28,9,1,2,0,2,2,1,202100034614A01,30,1,1,200054781
202100034636,2021-06-13,2021,juin,dimanche,06:40,26,26140,45.117374,5.101491,1,1,2,2,1,3,2,2,1,1,,-1,1,0,1,3,1,77,5,1,2,0,0,4,2,202100034636B01,7,2,1,200068781
202100034638,2021-06-13,2021,juin,dimanche,10:35,73,73091,45.795162,5.818162,2,9,3,1,1,3,2,2,2,2,,-1,1,9,1,3,1,53,5,1,2,0,2,1,1,202100034638B01,7,15,1,200068674
202100034639,2021-06-10,2021,juin,jeudi,16:30,71,71047,46.595604,3.793011,1,1,2,1,1,3,2,2,1,1,,-1,1,0,1,4,2,55,5,1,2 / 4,0,2,4,2,202100034639B01,7,17,1,200070316
202100034649,2021-06-13,2021,juin,dimanche,22:30,71,71398,46.7558825327,4.9558815832,1,1,1,3,1,3,2,2,1,1,,-1,1,0,1,3,1,29,5,2,,0,2,0,1,202100034649B01,7,1,1,200071538
202100034654,2021-06-13,2021,juin,dimanche,09:05,79,79226,46.560219,-0.443251,1,1,7,1,1,4,2,2,1,1,,0,1,0,1,3,1,41,5,1,9,0,2,0,1,202100034654B01,7,1,1,200041333
202100034656,2021-06-12,2021,juin,samedi,18:15,80,80686,50.026487,2.390299,1,3,3,1,1,3,2,2,1,3,,5,1,0,1,3,1,18,5,2,,0,2,1,9,202100034656A01,7,1,1,200070951
202100034663,2021-06-09,2021,juin,mercredi,16:36,44,44036,47.718259,-1.36984,2,1,1,1,1,4,2,2,2,1,,-1,1,0,1,3,1,13,5,2,,0,2,1,13,202100034663A01,7,1,1,200072726
202100034665,2021-06-13,2021,juin,dimanche,18:40,29,29175,48.265955,-3.810207,1,1,7,1,1,3,2,2,2,1,,-1,1,0,1,4,1,60,5,2,,0,0,1,1,202100034665A01,,,,242900561
202100034667,2021-06-14,2021,juin,lundi,10:30,31,31085,42.917621,0.757585,1,1,1,1,1,3,2,2,2,3,,-1,1,0,1,3,1,57,5,1,2,0,2,1,1,202100034667B01,7,5,1,200072635
202100034669,2021-06-12,2021,juin,samedi,09:45,84,84084,43.7583286313,5.5068111427,1,1,6,1,1,3,2,2,1,1,,-1,1,0,1,3,1,67,5,1,2,0,5,1,1,202100034669A01,,,,248400285
202100034677,2021-06-14,2021,juin,lundi,14:40,50,50591,48.5255901218,-0.9197777511,1,1,3,1,1,3,2,2,1,1,,-1,1,0,1,3,1,73,5,1,2,0,2,8,0,202100034677A01,10,17,1,200069425
202100034678,2021-06-13,2021,juin,dimanche,10:15,07,07292,45.1657,4.655735,1,1,3,1,1,3,2,2,2,1,,-1,1,0,1,3,1,64,5,1,2,0,2,3,1,202100034678B01,7,17,1,240700716
202100034691,2021-06-14,2021,juin,lundi,15:45,69,69027,45.674444,4.760426,2,6,3,1,1,4,2,2,1,3,,-1,1,0,1,4,2,51,0,1,2,0,2,1,1,202100034691A01,7,9,1,246900757
202100034702,2021-06-14,2021,juin,lundi,11:15,81,81105,43.765767,1.979717,2,9,3,1,7,4,-1,2,1,1,,6.5,1,0,1,4,1,33,1,2,,0,0,7,1,202100034702B01,7,9,1,200066124
202100034703,2021-06-13,2021,juin,dimanche,09:30,81,81039,43.754756,1.930976,1,1,3,1,1,3,2,2,1,1,,-1,1,0,1,4,1,72,5,1,2,0,2,8,1,202100034703B01,7,1,1,200066124
202100034748,2021-06-12,2021,juin,samedi,09:30,64,64545,43.378464,-1.6708229,2,3,3,1,1,3,2,2,4,1,,-1,1,0,1,2,1,58,5,1,2,0,2,1,1,202100034748B01,10,15,1,200067106
202100034783,2021-06-12,2021,juin,samedi,12:00,75,75113,48.818994,2.359532,2,2,3,1,1,4,3,2,1,1,,-1,1,5,1,4,1,46,5,1,2,0,2,7,15,202100034783A01,7,1,1,200054781
202100034786,2021-06-12,2021,juin,samedi,15:00,75,75111,48.850469,2.390594,2,2,3,1,1,4,2,2,2,1,,-1,1,0,5,4,2,29,9,1,2,0,2,1,1,202100034786A01,34,1,1,200054781
202100034789,2021-06-12,2021,juin,samedi,00:55,75,75109,48.876976,2.348111,2,1,1,5,1,4,2,4,2,1,,-1,1,0,5,4,1,39,5,1,2,0,2,1,1,202100034789B01,50,5,1,200054781
202100034791,2021-06-12,2021,juin,samedi,08:29,75,75107,48.860965,2.314964,2,2,3,1,1,4,2,4,1,1,,-1,1,0,5,4,1,27,9,1,2,0,2,1,1,202100034791A01,10,1,1,200054781
202100034792,2021-06-10,2021,juin,jeudi,12:50,75,75103,48.868663,2.35389,2,2,3,1,1,4,2,5,1,1,,-1,1,0,1,4,1,30,4,1,2,0,2,1,1,202100034792A01,7,15,1,200054781
202100034856,2021-06-12,2021,juin,samedi,17:10,53,53096,48.298705,-0.933409,2,2,5,1,7,4,2,2,1,1,,4,1,0,1,3,1,18,9,1,2,0,2,1,17,202100034856B01,7,15,1,245300355
202100034856,2021-06-12,2021,juin,samedi,17:10,53,53096,48.298705,-0.933409,2,2,5,1,7,4,2,2,1,1,,4,1,0,1,4,1,18,9,1,2,0,2,1,17,202100034856C01,7,15,1,245300355
202100034856,2021-06-12,2021,juin,samedi,17:10,53,53096,48.298705,-0.933409,2,2,5,1,7,4,2,2,1,1,,4,1,0,1,4,1,18,9,1,2,0,2,1,17,202100034856D01,7,15,1,245300355
202100034856,2021-06-12,2021,juin,samedi,17:10,53,53096,48.298705,-0.933409,2,2,5,1,7,4,2,2,1,1,,4,1,0,1,4,1,18,9,1,2,0,2,1,17,202100034856E01,7,15,1,245300355
202100034861,2021-06-12,2021,juin,samedi,16:30,27,27318,49.191433,0.780448,2,4,6,1,1,3,2,2,1,3,,-1,1,0,1,4,1,69,5,1,2,0,2,8,1,202100034861B01,7,15,1,200066413
202100034890,2021-06-12,2021,juin,samedi,16:05,68,68171,47.942394,6.970943,1,1,7,1,1,3,2,2,4,2,,-1,1,0,3,4,1,67,5,1,2,0,0,1,1,202100034890A01,,,,246800205
202100034971,2021-06-11,2021,juin,vendredi,07:57,65,65440,43.239594,0.073825,2,9,3,1,1,3,2,2,1,1,,-1,1,5,1,4,1,16,5,2,,0,2,0,1,202100034971B01,7,1,1,200069300
202100035022,2021-06-09,2021,juin,mercredi,14:00,29,29019,48.4125,-4.4756,2,6,3,1,1,4,1,1,1,3,,-1,1,5,1,4,2,29,5,1,2 / 4,0,2,0,1,202100035022B01,7,9,1,242900314
202100035045,2021-06-11,2021,juin,vendredi,08:43,06,06069,43.631658,6.957496,1,6,2,1,1,3,1,2,1,2,,-1,1,5,1,4,2,50,0,2,,0,2,4,16,202100035045B01,7,16,1,200039857
202100035052,2021-06-10,2021,juin,jeudi,15:01,75,75115,48.830915,2.292326,2,2,3,1,1,4,3,3,2,1,,-1,1,5,1,2,1,26,9,1,2,0,2,8,18,202100035052B01,14,16,1,200054781
202100035054,2021-06-11,2021,juin,vendredi,09:37,75,75105,48.841658,2.337792,2,2,3,1,1,4,1,0,2,1,,-1,1,0,6,4,1,37,1,1,2,0,2,8,7,202100035054B01,32,15,1,200054781
202100035057,2021-06-11,2021,juin,vendredi,09:00,75,75119,48.893555,2.376022,2,4,1,1,1,4,1,2,1,1,,-1,1,0,6,1,1,27,9,2,,0,2,1,9,202100035057A01,1,1,1,200054781
202100035057,2021-06-11,2021,juin,vendredi,09:00,75,75119,48.893555,2.376022,2,4,1,1,1,4,1,2,1,1,,-1,1,0,6,4,2,29,9,2,,0,2,1,1,202100035057B01,1,9,1,200054781
202100035062,2021-06-10,2021,juin,jeudi,11:55,75,75116,48.862547,2.264332,2,2,3,1,1,4,2,6,1,1,,-1,1,0,5,4,1,68,5,1,2,0,2,1,1,202100035062B01,7,14,1,200054781
202100035063,2021-06-11,2021,juin,vendredi,08:30,75,75115,48.833792,2.297844,2,3,6,1,1,4,1,2,2,1,,-1,1,0,1,1,1,19,5,2,,0,1,1,1,202100035063A01,,,,200054781
202100035067,2021-06-11,2021,juin,vendredi,15:00,75,75109,48.87906,2.345547,2,1,6,1,1,4,1,2,2,1,,-1,1,0,5,1,1,48,1,2,,0,1,1,1,202100035067A01,,,,200054781
202100035070,2021-06-11,2021,juin,vendredi,19:05,75,75107,48.862387,2.309241,2,3,7,1,1,4,2,1,1,1,,-1,1,0,1,4,2,36,5,2,,0,0,1,1,202100035070A01,,,,200054781
202100035101,2021-06-09,2021,juin,mercredi,20:00,14,14207,48.997135,-0.447682,2,1,1,2,1,4,2,2,1,1,,4,1,0,1,4,1,12,5,2,,0,2,1,13,202100035101B01,7,21,1,200066710
202100035154,2021-06-11,2021,juin,vendredi,20:20,971,97116,16.310327,-61.487651,2,3,1,5,1,2,2,2,1,1,,-1,1,0,1,2,1,66,0,2,,0,2,1,13,202100035154A01,7,1,1,200044691
202100035173,2021-06-10,2021,juin,jeudi,17:15,33,33080,44.724887,-0.526845,2,3,3,1,1,1,1,1,3,1,,-1,1,3,1,3,1,57,0,2,,0,2,0,1,202100035173B01,15,16,1,243301264
202100035209,2021-06-09,2021,juin,mercredi,12:15,988,98818,-22.28748,166.45757,2,1,2,1,1,4,2,2,1,1,,-1,1,0,5,1,1,60,5,1,2 / 2,0,2,1,1,202100035209A01,1,1,1,
202100035209,2021-06-09,2021,juin,mercredi,12:15,988,98818,-22.28748,166.45757,2,1,2,1,1,4,2,2,1,1,,-1,1,0,5,4,1,72,5,2,,0,2,4,1,202100035209B01,1,1,1,
202100035275,2021-06-08,2021,juin,mardi,07:08,29,29019,48.39087,-4.44466,2,1,3,1,1,4,2,2,1,1,,-1,1,0,5,4,1,58,0,2,,0,2,1,1,202100035275B01,7,15,1,242900314
202100035300,2021-06-10,2021,juin,jeudi,19:20,75,75120,48.851992,2.402134,2,1,3,1,1,4,2,2,1,1,,-1,1,0,1,3,1,20,9,1,2,0,2,1,1,202100035300B01,7,15,1,200054781
202100035304,2021-06-10,2021,juin,jeudi,09:14,75,75119,48.881259,2.373251,2,2,3,1,1,4,1,2,1,1,,-1,1,0,1,4,2,32,1,1,2,0,2,7,1,202100035304A01,10,1,1,200054781
202100035310,2021-06-09,2021,juin,mercredi,11:00,75,75116,48.857593,2.228651,2,1,2,1,1,4,2,4,1,1,,-1,1,0,5,4,1,65,5,1,2,0,2,1,2,202100035310A01,14,23,1,200054781
202100035320,2021-06-10,2021,juin,jeudi,20:28,75,75110,48.877359,2.349632,2,2,3,2,1,4,2,2,2,1,,-1,1,0,1,4,1,29,9,1,2,0,2,7,1,202100035320B01,7,1,1,200054781
202100035325,2021-06-10,2021,juin,jeudi,09:49,75,75108,48.864267,2.303035,2,1,3,1,1,4,3,3,1,1,,-1,1,0,1,4,2,25,1,1,2,0,2,5,12,202100035325B01,7,2,1,200054781
202100035327,2021-06-09,2021,juin,mercredi,23:40,75,75108,48.866795,2.322074,2,7,3,5,1,4,1,8,1,1,,-1,1,0,1,4,1,69,5,1,2,0,2,1,1,202100035327B01,10,1,1,200054781
202100035328,2021-06-09,2021,juin,mercredi,23:33,75,75108,48.88222,2.320389,2,2,3,5,1,4,3,3,1,1,,-1,1,5,1,3,2,22,9,1,2,0,2,0,19,202100035328B01,33,1,1,200054781
202100035330,2021-06-10,2021,juin,jeudi,10:50,75,75102,48.867348,2.344004,2,5,1,1,1,4,2,2,1,1,,-1,1,0,5,4,2,24,1,1,2,0,2,1,1,202100035330A01,7,1,1,200054781
202100035331,2021-06-09,2021,juin,mercredi,18:00,75,75104,48.855817,2.35636,2,2,3,1,1,4,2,2,1,1,,-1,1,0,1,1,2,26,5,1,2,0,2,8,13,202100035331B01,1,1,1,200054781
202100035331,2021-06-09,2021,juin,mercredi,18:00,75,75104,48.855817,2.35636,2,2,3,1,1,4,2,2,1,1,,-1,1,0,1,4,2,26,5,1,2,0,2,7,1,202100035331A01,1,13,1,200054781
202100035364,2021-06-09,2021,juin,mercredi,17:00,71,71490,46.543602,4.111397,1,1,7,1,2,3,2,2,1,1,,-1,2,0,3,3,1,72,5,1,2,0,0,0,2,202100035364A01,,,,200071884
202100035368,2021-06-10,2021,juin,jeudi,16:15,46,46021,44.581328,1.957734,1,1,5,1,1,3,2,2,2,1,,-1,1,0,1,1,1,76,5,1,2,0,0,0,26,202100035368H01,7,17 / 21,2,200067361
202100035368,2021-06-10,2021,juin,jeudi,16:15,46,46021,44.581328,1.957734,1,1,5,1,1,3,2,2,2,1,,-1,1,0,1,1,1,71,5,1,2,0,0,0,26,202100035368G01,7,17 / 21,2,200067361
202100035368,2021-06-10,2021,juin,jeudi,16:15,46,46021,44.581328,1.957734,1,1,5,1,1,3,2,2,2,1,,-1,1,0,1,1,1,70,5,1,2,0,0,0,26,202100035368F01,7,17 / 21,2,200067361
202100035368,2021-06-10,2021,juin,jeudi,16:15,46,46021,44.581328,1.957734,1,1,5,1,1,3,2,2,2,1,,-1,1,0,1,1,2,68,5,1,2,0,0,0,26,202100035368E01,7,17 / 21,2,200067361
202100035368,2021-06-10,2021,juin,jeudi,16:15,46,46021,44.581328,1.957734,1,1,5,1,1,3,2,2,2,1,,-1,1,0,1,1,1,64,5,1,2,0,0,0,14,202100035368D01,7,17 / 21,2,200067361
202100035368,2021-06-10,2021,juin,jeudi,16:15,46,46021,44.581328,1.957734,1,1,5,1,1,3,2,2,2,1,,-1,1,0,1,2,1,80,5,1,2,0,2,1,13,202100035368A01,7,17 / 21,2,200067361
202100035375,2021-06-11,2021,juin,vendredi,14:30,29,29228,48.029768,-4.597886,1,1,3,1,1,3,2,2,1,1,,-1,1,0,1,3,1,68,5,1,2,0,2,8,2,202100035375B01,7,17,1,242900629
202100035382,2021-05-31,2021,mai,lundi,09:30,45,45175,47.755548,1.826694,1,1,2,1,1,3,2,2,1,1,,-1,1,0,1,3,1,73,5,1,2,0,2,4,15,202100035382B01,2,17,1,200005932
202100035389,2021-06-11,2021,juin,vendredi,10:00,28,28071,48.410634,1.06596,1,1,7,1,1,3,2,2,1,1,,-1,1,0,1,3,1,45,5,1,2,0,0,7,1,202100035389A01,,,,200070167
202100035407,2021-06-11,2021,juin,vendredi,20:00,84,84119,43.959835,4.941165,1,1,2,1,1,3,2,2,1,1,,-1,1,0,3,2,1,55,5,1,2,0,2,4,1,202100035407B01,7,18,1,248400251
202100035447,2021-06-09,2021,juin,mercredi,17:30,988,98818,-22.30756,166.45017,2,1,3,2,1,4,2,2,2,1,,-1,1,0,1,4,1,34,5,1,2 / 2,0,2,1,1,202100035447B01,3,16,1,
202100035485,2021-06-09,2021,juin,mercredi,07:49,63,63113,45.77753,3.09526,2,3,3,1,1,4,2,2,1,1,,-1,1,0,1,4,1,27,0,2,,0,2,1,1,202100035485B01,7,15,1,246300701
202100035506,2021-06-01,2021,juin,mardi,17:20,34,34108,43.4257718675,3.7311324477,2,1,3,1,1,4,3,3,1,1,,-1,1,0,1,3,2,25,5,1,2,0,2,8,19,202100035506A01,10,1,1,200066355
202100035538,2021-06-08,2021,juin,mardi,21:45,75,75117,48.88205,2.30106,2,3,2,5,1,4,1,1,1,1,,-1,1,0,1,4,2,54,4,1,2,0,2,4,23,202100035538B01,7,1,1,200054781
202100035543,2021-06-09,2021,juin,mercredi,18:30,75,75111,48.86585,2.371575,2,4,3,1,1,4,2,5,1,1,,-1,1,0,5,4,1,29,4,1,2,0,2,1,1,202100035543B01,32,1,1,200054781
202100035549,2021-06-09,2021,juin,mercredi,19:30,75,75107,48.857435,2.291105,2,3,3,1,1,4,2,4,1,1,,-1,1,0,5,1,2,34,5,1,2,0,2,0,14,202100035549A01,1,1,1,200054781
202100035549,2021-06-09,2021,juin,mercredi,19:30,75,75107,48.857435,2.291105,2,3,3,1,1,4,2,4,1,1,,-1,1,0,5,4,1,29,5,1,2,0,2,0,1,202100035549B01,1,14,1,200054781
202100035550,2021-06-09,2021,juin,mercredi,17:30,75,75107,48.862852,2.312841,2,1,7,1,1,4,2,6,1,1,,-1,1,0,5,4,2,43,9,1,2,0,0,0,1,202100035550A01,,,,200054781
202100035552,2021-06-09,2021,juin,mercredi,16:38,75,75104,48.855268,2.360885,2,1,6,1,7,4,2,4,1,1,,-1,1,0,5,4,1,62,5,1,2,14,0,1,14,202100035552A01,,,,200054781
202100035553,2021-06-09,2021,juin,mercredi,14:00,75,75104,48.855268,2.360885,2,1,6,1,1,4,2,4,1,1,,-1,1,0,5,4,2,64,5,1,2,14,0,1,14,202100035553A01,,,,200054781
202100035554,2021-06-08,2021,juin,mardi,09:55,75,75103,48.865459,2.356117,2,2,3,1,1,4,1,4,1,1,,-1,1,0,1,4,1,33,5,2,,0,2,7,1,202100035554B01,10,15,1,200054781
202100035597,2021-06-09,2021,juin,mercredi,10:45,51,51582,49.2978240716,3.8950003128,2,1,7,1,1,3,2,2,2,3,,-1,1,0,1,3,1,68,5,1,2,0,5,0,1,202100035597A01,,,,200067213
202100035600,2021-06-09,2021,juin,mercredi,17:15,80,80811,49.771498,2.98392,2,1,1,1,1,3,2,2,1,1,,-1,1,0,1,4,1,45,5,1,2,0,2,1,1,202100035600B01,7,26,1,200070985
202100035609,2021-06-10,2021,juin,jeudi,16:11,02,02820,49.624654,3.271308,1,2,3,1,7,3,2,2,1,1,,-1,1,0,1,3,1,69,5,2,,0,2,1,1,202100035609A01,37,1,1,200071785
202100035615,2021-06-08,2021,juin,mardi,14:25,45,45008,48.057857,1.876098,1,1,3,1,1,3,2,2,1,1,,-1,1,0,1,3,1,18,5,2,,0,2,8,1,202100035615B01,10,17,1,200035764
202100035619,2021-06-10,2021,juin,jeudi,16:48,53,53062,47.828218,-0.723327,2,3,3,1,1,4,2,1,2,1,,3,1,0,1,3,1,15,5,2,,0,2,1,15,202100035619A01,7,1,1,245300447
202100035620,2021-06-08,2021,juin,mardi,18:57,24,24009,45.319995,1.12091,1,1,7,1,1,4,2,2,2,2,,-1,1,0,1,3,1,58,0,2,,0,0,0,1,202100035620A01,,,,242401024
202100035621,2021-06-08,2021,juin,mardi,14:45,27,27693,48.894758,1.076564,2,3,3,1,1,4,-1,1,2,1,,3,1,0,1,3,1,61,5,1,2,0,2,1,2,202100035621A01,7,16,1,200066462
202100035638,2021-06-10,2021,juin,jeudi,00:05,85,85083,46.98428,-2.27241,2,1,6,3,1,9,2,2,1,1,,-1,1,0,5,1,1,28,1,2,,0,1,2,0,202100035638A01,,,,248500191
202100035697,2021-06-08,2021,juin,mardi,08:40,65,65440,43.241172,0.078278,2,1,6,1,1,3,-1,2,1,1,,-1,1,0,1,1,1,31,1,2,,0,1,1,1,202100035697A01,,,,200069300
202100035746,2021-06-08,2021,juin,mardi,17:55,75,75120,48.871831,2.392047,2,1,3,1,1,4,2,2,2,1,,-1,1,0,1,4,1,44,1,2,,0,2,8,1,202100035746A01,7,17,1,200054781
202100035749,2021-06-08,2021,juin,mardi,10:20,75,75120,48.864964,2.395537,2,2,3,1,1,4,2,4,2,1,,-1,1,0,1,4,1,27,1,2,,0,2,1,1,202100035749B01,7,15,1,200054781
202100035751,2021-06-08,2021,juin,mardi,13:40,75,75118,48.892423,2.333607,2,3,6,1,1,4,-1,0,1,1,,-1,1,0,1,1,1,39,9,2,,0,1,1,1,202100035751A01,,,,200054781