Num_Acc,date,an,mois,jour,hrmn,dep,com,lat,long,agg,int,col,lum,atm,catr,circ,nbv,prof,plan,lartpc,larrout,surf,infra,situ,grav,sexe,age,trajet,secuexist,equipement,obs,obsm,choc,manv,vehiculeid,typevehicules,manoeuvehicules,numVehicules,_infos_commune.code_epci
202100035758,2021-06-08,2021,juin,mardi,10:00,75,75112,48.845498,2.371261,2,2,3,1,1,4,1,2,1,1,,-1,1,0,5,4,1,24,1,2,,0,2,1,1,202100035758B01,7,16,1,200054781
202100035759,2021-06-08,2021,juin,mardi,17:40,75,75111,48.8607563284,2.3842786252,2,1,3,1,1,4,1,1,1,1,,-1,1,0,5,4,1,33,1,1,2,0,2,3,18,202100035759B01,7,22,1,200054781
202100035760,2021-06-08,2021,juin,mardi,12:34,75,75110,48.871573,2.353625,2,3,3,1,1,4,1,1,1,1,,-1,1,0,1,4,2,47,9,2,,0,2,1,1,202100035760B01,10,15,1,200054781
202100035763,2021-06-07,2021,juin,lundi,18:50,75,75103,48.868085,2.361453,2,1,1,1,1,4,2,5,2,1,,-1,1,0,1,4,2,59,1,1,2,0,2,1,1,202100035763B01,32,13,1,200054781
202100035772,2021-06-07,2021,juin,lundi,16:05,93,93050,48.8564,2.52631,2,1,3,1,1,3,2,2,1,1,,-1,1,0,1,4,1,43,5,2,,0,2,1,19,202100035772Y01,7,1,1,200054781
202100035805,2021-06-08,2021,juin,mardi,17:00,67,67066,48.478339857,7.2149464488,2,3,3,1,1,3,2,1,1,3,,3,1,0,6,4,1,10,0,2,,0,2,1,0,202100035805B01,7,0,1,246700306
202100035806,2021-06-07,2021,juin,lundi,17:00,79,79202,46.63908,-0.240932,2,1,3,1,1,3,2,2,1,1,,7,1,0,1,3,1,21,1,2,,0,2,0,9,202100035806A01,15,2,1,200041333
202100035811,2021-06-09,2021,juin,mercredi,08:00,42,42313,45.7266305789,4.0198681486,2,4,2,1,1,4,2,1,1,2,,4,1,0,1,4,1,70,5,2,,0,0,4,9,202100035811A01,10,1,1,200065886
202100035813,2021-06-08,2021,juin,mardi,14:11,22,22365,48.3376810026,-3.2685184479,1,1,3,1,1,3,2,2,2,1,,-1,1,8,1,3,1,68,5,1,6 / 2,0,2,3,1,202100035813A01,20,26,1,242200715
202100035834,2021-06-09,2021,juin,mercredi,09:00,83,83042,43.245246,6.534103,1,1,1,1,1,3,2,2,1,1,,-1,1,0,1,3,1,65,5,1,2,0,2,1,1,202100035834B01,37,15,1,200036077
202100035835,2021-06-09,2021,juin,mercredi,08:15,83,83068,43.269687,6.5415,1,1,2,1,1,3,2,2,2,3,,-1,1,0,1,3,1,84,5,1,2,0,0,4,9,202100035835A01,7,1,1,200036077
202100035837,2021-06-08,2021,juin,mardi,16:20,67,67131,48.481588,7.724526,2,3,3,1,1,4,2,2,1,1,,4,1,0,1,4,2,87,0,2,,0,2,1,19,202100035837A01,7,16,1,246700488
202100035838,2021-06-08,2021,juin,mardi,17:00,63,63263,45.8068051489,3.0133575544,2,1,7,1,1,7,2,2,2,1,,-1,1,0,1,3,1,70,5,1,2,0,9,0,1,202100035838A01,,,,246300701
202100035839,2021-06-08,2021,juin,mardi,18:00,69,69204,45.698012,4.794631,2,2,3,1,1,7,2,3,1,1,,9,1,0,1,4,2,13,5,1,2,0,0,8,19,202100035839B01,7,15,1,200046977
202100035840,2021-06-08,2021,juin,mardi,17:45,81,81140,43.691692,1.800342,2,6,3,1,1,3,2,1,1,1,,4,1,5,1,3,1,60,5,2,,0,0,1,9,202100035840B01,7,9,1,200034023
202100035863,2021-06-07,2021,juin,lundi,19:00,79,79191,46.32443,-0.46169,2,1,7,1,1,4,1,1,1,1,,-1,1,6,1,1,1,18,5,2,,0,1,1,19,202100035863A01,,,,200041317
202100035892,2021-04-19,2021,avril,lundi,07:50,65,65440,43.22845,0.07583,2,6,3,1,1,4,2,2,1,1,,-1,1,0,1,4,1,53,0,2,,0,2,1,1,202100035892B01,7,9,1,200069300
202100035895,2021-06-05,2021,juin,samedi,14:57,63,63113,45.78413,3.14296,2,1,2,1,1,7,3,4,1,1,,-1,1,0,1,4,1,43,0,1,2,0,2,4,2,202100035895B01,7,26,1,246300701
202100035940,2021-06-07,2021,juin,lundi,20:50,75,75105,48.843183,2.364269,2,4,1,1,1,4,2,6,1,1,,-1,1,0,6,3,1,28,9,1,2,0,2,2,1,202100035940B01,30,5,1,200054781
202100035941,2021-06-07,2021,juin,lundi,18:40,75,75120,48.851851,2.401382,2,2,6,1,1,4,2,2,1,1,,-1,1,0,1,1,1,34,4,1,2,0,1,2,1,202100035941A01,,,,200054781
202100035943,2021-06-07,2021,juin,lundi,14:30,75,75118,48.899151,2.336264,2,2,2,1,1,4,2,4,1,1,,-1,1,0,1,4,1,42,4,1,2,0,2,4,1,202100035943B01,30,17,1,200054781
202100035947,2021-06-07,2021,juin,lundi,13:20,75,75111,48.858318,2.367898,2,1,3,1,1,4,2,2,1,1,,-1,1,0,6,4,1,25,9,1,2,0,2,8,17,202100035947B01,7,13,1,200054781
202100035949,2021-06-07,2021,juin,lundi,18:55,75,75114,48.827995,2.326271,2,1,3,1,1,4,2,3,1,1,,-1,1,0,1,4,2,27,9,1,2,0,2,1,17,202100035949B01,7,22,1,200054781
202100035975,2021-06-07,2021,juin,lundi,14:10,22,22234,48.505922,-2.895294,1,1,7,1,1,4,2,2,1,2,,4,1,0,1,2,1,64,5,1,2,0,0,0,1,202100035975A01,,,,200069086
202100035978,2021-05-31,2021,mai,lundi,18:30,974,97414,-21.28785,55.41284,2,2,3,4,1,4,1,1,1,1,,4,1,0,1,3,1,16,3,2,,0,2,8,9,202100035978A01,10,1,1,249740077
202100035985,2021-06-08,2021,juin,mardi,09:30,51,51030,49.046634,4.089924,2,3,1,1,1,3,2,2,1,1,,5.5,1,0,8,3,1,69,5,2,,0,2,5,1,202100035985B01,7,1,1,245100615
202100035987,2021-06-05,2021,juin,samedi,16:45,76,76195,49.79257,0.55675,1,1,7,1,1,3,2,2,2,4,,-1,1,0,1,3,1,63,5,2,,0,0,0,1,202100035987A01,,,,200069839
202100036009,2021-06-06,2021,juin,dimanche,11:20,53,53007,48.087644,-0.636343,2,1,2,1,1,3,2,2,4,1,,-1,1,0,1,3,1,38,5,1,2,0,2,1,2,202100036009A01,1,1,1,200083392
202100036009,2021-06-06,2021,juin,dimanche,11:20,53,53007,48.087644,-0.636343,2,1,2,1,1,3,2,2,4,1,,-1,1,0,1,1,1,68,5,1,2,0,2,4,1,202100036009B01,1,2,1,200083392
202100036027,2021-05-29,2021,mai,samedi,10:30,67,67442,48.59402,7.496502,2,1,3,1,1,4,2,2,2,1,,4,1,0,1,3,2,77,5,2,,0,2,7,1,202100036027B01,7,26,1,200068864
202100036029,2021-06-07,2021,juin,lundi,18:45,64,64422,43.198966,-0.612069,2,1,6,1,1,3,2,2,1,1,,-1,1,0,5,3,1,62,0,2,,0,2,8,1,202100036029B01,7,17,1,200067262
202100036034,2021-06-07,2021,juin,lundi,16:30,35,35287,48.631299,-2.099773,2,1,3,1,1,3,2,2,2,1,,-1,1,0,1,3,1,82,5,1,2,0,2,8,2,202100036034A01,7,2,1,243500725
202100036037,2021-06-07,2021,juin,lundi,13:00,59,59181,50.175104,3.954855,1,3,3,1,1,3,2,2,1,1,,5,1,0,1,2,1,19,5,1,2,0,2,8,15,202100036037B01,7,1,1,200043263
202100036093,2021-06-06,2021,juin,dimanche,10:28,75,75116,48.860609,2.229851,2,1,4,1,1,4,2,2,1,1,,-1,1,-1,5,4,1,48,5,1,2,0,2,4,2,202100036093C01,1,2,2,200054781
202100036093,2021-06-06,2021,juin,dimanche,10:28,75,75116,48.860609,2.229851,2,1,4,1,1,4,2,2,1,1,,-1,1,-1,5,4,1,47,5,1,2,0,2,4,2,202100036093B01,1,2,2,200054781
202100036093,2021-06-06,2021,juin,dimanche,10:28,75,75116,48.860609,2.229851,2,1,4,1,1,4,2,2,1,1,,-1,1,-1,5,3,1,58,5,1,2,0,2,1,2,202100036093A01,1,2,2,200054781
202100036097,2021-06-05,2021,juin,samedi,21:49,75,75113,48.826173,2.357275,2,2,3,5,1,4,2,5,1,1,,-1,1,0,1,4,1,28,4,1,2,1,2,8,19,202100036097A01,7,1,1,200054781
202100036098,2021-06-06,2021,juin,dimanche,17:45,75,75111,48.858329,2.3897,2,4,3,1,1,4,3,4,1,1,,-1,1,0,1,4,1,30,9,2,,0,2,1,1,202100036098A01,7,16,1,200054781
202100036103,2021-06-06,2021,juin,dimanche,19:10,75,75102,48.868668,2.353893,2,2,3,1,1,4,1,4,1,1,,-1,1,0,1,4,1,25,5,2,,0,2,2,1,202100036103B01,7,22,1,200054781
202100036119,2021-06-07,2021,juin,lundi,10:20,26,26031,44.555196,4.851526,1,6,3,1,1,3,-1,1,1,2,,-1,1,5,1,3,1,46,5,1,2,0,2,2,1,202100036119B01,7,9,1,200040459
202100036127,2021-06-06,2021,juin,dimanche,11:45,59,59326,50.9474806525,2.5896546,1,1,6,1,1,3,2,2,1,1,,-1,1,0,1,4,1,30,5,1,2,0,5,4,0,202100036127A01,,,,200040954
202100036134,2021-06-06,2021,juin,dimanche,11:50,82,82031,44.0286097031,1.0405482352,2,2,3,1,1,4,2,2,1,1,,4,1,0,1,4,1,10,5,2,,0,2,2,19,202100036134B01,7,1,1,200066322
202100036136,2021-06-05,2021,juin,samedi,14:30,61,61075,48.464004,-0.641686,1,1,7,1,1,3,2,2,1,1,,-1,1,0,1,2,1,61,5,1,2,0,0,0,1,202100036136A01,,,,200068443
202100036139,2021-06-06,2021,juin,dimanche,10:50,44,44129,47.437801,-2.088137,2,3,3,1,1,3,2,2,1,1,,-1,1,0,1,3,1,54,5,1,2,0,2,1,18,202100036139B01,7,15,1,200000438
202100036142,2021-06-06,2021,juin,dimanche,10:00,29,29218,48.046074,-4.522988,1,1,4,1,1,4,2,2,2,2,,-1,1,0,1,4,1,51,5,1,2,0,2,0,2,202100036142C01,1,1 / 17,2,242900629
202100036142,2021-06-06,2021,juin,dimanche,10:00,29,29218,48.046074,-4.522988,1,1,4,1,1,4,2,2,2,2,,-1,1,0,1,4,1,21,5,1,2,0,2,0,1,202100036142B01,1,2 / 17,2,242900629
202100036142,2021-06-06,2021,juin,dimanche,10:00,29,29218,48.046074,-4.522988,1,1,4,1,1,4,2,2,2,2,,-1,1,0,1,3,1,70,5,1,2,0,2,4,17,202100036142A01,1,2 / 1,2,242900629
202100036145,2021-06-06,2021,juin,dimanche,17:40,03,03021,46.118332,3.120139,2,1,7,1,8,3,2,2,1,1,,-1,1,0,1,3,1,12,5,2,,0,0,0,26,202100036145A01,,,,200071389
202100036163,2021-05-31,2021,mai,lundi,12:35,24,24150,44.74264,1.187719,1,1,1,1,1,4,2,2,1,3,,-1,1,0,1,3,1,20,5,1,2,0,2,0,1,202100036163A01,7,1,1,200041440
202100036177,2021-06-05,2021,juin,samedi,21:30,68,68342,47.81948,7.177237,2,9,3,2,1,4,2,1,2,3,,3,1,0,1,3,1,50,5,2,,0,2,1,0,202100036177B01,7,0,1,200036465
202100036239,2021-06-04,2021,juin,vendredi,14:20,54,54329,48.58074,6.51012,2,1,2,1,1,4,2,4,1,1,,-1,1,0,1,3,1,64,5,1,2,0,2,4,1,202100036239B01,7,2,1,200070324
202100036264,2021-06-05,2021,juin,samedi,19:00,75,75119,48.898821,2.372939,2,1,3,1,1,4,2,2,1,1,,-1,1,0,1,4,1,19,9,2,,0,2,2,9,202100036264A01,7,1,1,200054781
202100036266,2021-06-05,2021,juin,samedi,20:30,75,75115,48.84548,2.309578,2,4,3,1,1,4,3,3,1,1,,-1,1,0,5,4,1,41,9,1,2,0,2,2,5,202100036266A01,50,1,1,200054781
202100036268,2021-06-05,2021,juin,samedi,17:50,75,75111,48.852828,2.393164,2,1,3,1,1,4,2,2,1,1,,-1,1,0,1,4,2,26,9,1,2,0,2,1,1,202100036268A01,10,22,1,200054781
202100036300,2021-06-05,2021,juin,samedi,15:21,79,79163,46.15359,0.082242,2,3,3,1,1,3,2,2,1,3,,6.6,1,5,1,1,1,16,5,2,,0,0,0,16,202100036300A01,2,21,1,200069755
202100036306,2021-05-13,2021,mai,jeudi,09:25,56,56027,47.923151,-2.6760186,1,2,5,1,1,3,2,2,1,1,,-1,1,0,1,4,1,83,5,1,2,0,0,8,1,202100036306B01,7,19,1,200096683
202100036306,2021-05-13,2021,mai,jeudi,09:25,56,56027,47.923151,-2.6760186,1,2,5,1,1,3,2,2,1,1,,-1,1,0,1,4,1,83,5,1,2,0,2,3,1,202100036306C01,7,19,1,200096683
202100036325,2021-06-06,2021,juin,dimanche,10:00,06,06041,43.770071,6.972027,1,1,6,1,1,3,2,2,2,1,,-1,1,0,1,3,1,30,9,1,2,13,0,2,1,202100036325A01,,,,240600585
202100036469,2021-06-04,2021,juin,vendredi,14:15,75,75115,48.849532,2.29854,2,3,3,1,8,4,2,2,1,1,,-1,2,0,1,4,1,25,4,2,,0,2,3,15,202100036469B01,32,1,1,200054781
202100036497,2021-06-05,2021,juin,samedi,09:30,95,95313,49.1114577856,2.2217327356,2,1,3,1,1,3,2,2,1,1,,-1,1,0,1,3,1,61,1,2,,1,2,6,19,202100036497B01,7,1,1,249500455
202100036505,2021-06-04,2021,juin,vendredi,13:20,06,06033,43.784178,7.177229,1,1,1,1,1,7,2,2,2,4,,-1,1,0,1,2,1,27,5,1,2,0,2,1,1,202100036505B01,7,1,1,200030195
202100036506,2021-06-01,2021,juin,mardi,14:45,74,74180,46.352045,6.298578,2,1,6,1,1,3,2,2,1,1,,-1,1,0,1,3,1,14,5,2,,0,2,0,13,202100036506B01,7,1,1,200067551
202100036513,2021-06-04,2021,juin,vendredi,16:50,38,38167,45.467786,5.321363,2,1,1,1,1,4,2,2,1,1,,-1,1,0,1,4,1,41,5,1,2,0,2,1,0,202100036513B01,7,15,1,243801073
202100036539,2021-06-04,2021,juin,vendredi,08:15,2B,2B042,42.5577,9.441472,2,1,3,1,1,2,2,2,2,1,,-1,1,9,5,3,1,68,5,2,,0,0,8,1,202100036539B01,7,15,1,200036499
202100036542,2021-06-04,2021,juin,vendredi,14:10,89,89257,47.958337,3.504065,1,4,1,1,1,3,2,2,1,3,,-1,1,5,1,4,1,15,5,2,,0,2,7,15,202100036542A01,7,1,1,248900383
202100036679,2021-06-03,2021,juin,jeudi,13:00,2A,2A024,41.775184,9.089384,1,1,6,1,1,3,-1,2,1,3,,-1,1,0,1,3,1,78,5,1,2,0,6,8,1,202100036679A01,,,,242000495
202100036685,2021-06-04,2021,juin,vendredi,10:00,04,04102,44.463579,6.36217,1,1,6,1,1,3,2,2,1,1,,-1,1,0,1,4,1,63,5,1,2,0,5,8,1,202100036685A01,,,,200072304
202100036686,2021-05-29,2021,mai,samedi,14:35,51,51009,48.582452,3.811805,2,1,7,1,1,4,-1,1,1,1,,3,1,0,8,2,1,14,5,2,,0,0,0,26,202100036686A01,,,,200066835
202100036688,2021-05-31,2021,mai,lundi,14:15,56,56204,47.919053,-2.72064,2,2,3,1,1,3,2,2,3,1,,5.5,1,0,1,3,1,74,5,1,2,0,2,1,1,202100036688B01,7,9,1,200096683
202100036697,2021-06-03,2021,juin,jeudi,19:00,03,03293,46.626777,2.589517,2,2,3,1,1,3,2,2,1,1,,-1,1,0,1,3,2,10,5,2,,0,2,1,1,202100036697B01,7,1,1,240300558
202100036711,2021-06-04,2021,juin,vendredi,15:00,91,91461,48.585957,2.221121,2,2,3,1,1,4,2,2,2,1,,5,1,0,1,3,1,28,1,2,,0,2,1,0,202100036711B01,7,26,1,200057859
202100036718,2021-06-02,2021,juin,mercredi,18:00,67,67028,48.366265,7.590512,2,1,3,1,1,4,2,2,1,1,,4,1,9,1,3,1,12,5,1,2,0,0,8,19,202100036718B01,7,1,1,200067924
202100036770,2021-06-01,2021,juin,mardi,18:55,83,83126,43.10542,5.856504,2,9,6,1,2,7,3,4,1,1,,-1,2,0,5,4,1,51,1,2,,0,2,0,19,202100036770B01,7,1,1,248300543
202100036793,2021-06-02,2021,juin,mercredi,09:50,54,54395,48.6839200714,6.1808502674,2,1,3,1,1,4,1,1,1,1,,-1,1,-1,1,4,1,82,5,1,2,0,2,7,1,202100036793B01,7,26,1,245400676
202100036831,2021-06-02,2021,juin,mercredi,14:15,75,75106,48.843111,2.338469,2,1,2,1,1,4,2,4,1,1,,-1,1,0,5,4,1,17,5,2,,0,2,1,1,202100036831B01,10,20,1,200054781
202100036835,2021-06-02,2021,juin,mercredi,19:00,75,75117,48.890239,2.31722,2,3,3,1,1,4,-1,2,1,1,,-1,1,0,1,4,2,19,4,1,2,0,2,3,1,202100036835B01,7,14,1,200054781
202100036836,2021-05-31,2021,mai,lundi,18:08,75,75116,48.877265,2.278577,2,3,3,1,1,4,2,4,1,1,,-1,1,0,1,4,2,69,5,2,,0,2,3,1,202100036836B01,7,12,1,200054781
202100036837,2021-06-02,2021,juin,mercredi,14:30,75,75115,48.847386,2.300796,2,1,3,1,1,4,2,3,1,1,,-1,1,0,1,4,1,22,5,2,,0,2,8,19,202100036837A01,2,1,1,200054781
202100036838,2021-06-02,2021,juin,mercredi,09:10,75,75115,48.833886,2.301618,2,1,3,1,1,4,2,2,2,1,,-1,1,0,1,4,2,32,1,2,,0,2,7,17,202100036838B01,10,22,1,200054781
202100036843,2021-06-02,2021,juin,mercredi,18:40,75,75107,48.857723,2.291555,2,1,2,1,1,4,2,2,1,1,,-1,1,0,1,4,1,17,5,1,2,0,2,3,2,202100036843A01,1,1,1,200054781
202100036843,2021-06-02,2021,juin,mercredi,18:40,75,75107,48.857723,2.291555,2,1,2,1,1,4,2,2,1,1,,-1,1,0,1,1,1,36,1,1,2,0,2,4,1,202100036843B01,1,2,1,200054781
202100036863,2021-05-31,2021,mai,lundi,08:20,93,93029,48.92005,2.45139,2,1,3,1,1,3,2,2,1,1,,-1,1,0,1,4,1,18,2,2,,0,2,2,20,202100036863B01,7,23,1,200054781
202100036868,2021-06-02,2021,juin,mercredi,10:50,92,92046,48.8216368732,2.297641933,2,1,6,1,1,3,2,0,2,1,,-1,1,9,5,4,2,38,9,2,,0,1,1,26,202100036868A01,,,,200054781
202100036880,2021-06-03,2021,juin,jeudi,12:00,31,31382,43.450824,1.074225,1,2,3,1,1,4,-1,2,1,1,,-1,1,0,1,3,1,77,5,1,2,0,2,8,1,202100036880B01,7,1,1,200068815
202100036887,2021-06-02,2021,juin,mercredi,18:50,51,51389,49.133025,4.337186,1,2,3,1,1,3,2,2,1,1,,-1,1,0,1,4,1,39,5,1,2,0,2,8,1,202100036887B01,7,19,1,200066876
202100036899,2021-06-02,2021,juin,mercredi,10:00,25,25559,47.259784,6.855791,1,1,6,1,1,4,2,2,1,1,,-1,1,0,1,2,1,89,5,1,2,14,0,0,1,202100036899A01,,,,200023075
202100036924,2021-06-02,2021,juin,mercredi,18:40,57,57260,49.161951,7.031593,2,1,6,1,1,4,-1,2,1,1,,-1,1,0,8,1,1,30,5,1,2,0,1,1,17,202100036924A01,,,,200070746
202100036924,2021-06-02,2021,juin,mercredi,18:40,57,57260,49.161951,7.031593,2,1,6,1,1,4,-1,2,1,1,,-1,1,0,8,3,2,67,5,2,,0,1,1,17,202100036924A01,,,,200070746
202100037025,2021-05-30,2021,mai,dimanche,17:40,14,14341,49.15245,-0.35102,2,1,2,1,1,4,2,2,1,1,,-1,1,0,1,3,1,44,5,2,,0,2,6,1,202100037025B01,2,1,1,200065597
202100037044,2021-06-01,2021,juin,mardi,09:20,75,75116,48.864942,2.291219,2,1,3,1,1,4,-1,0,2,1,,-1,1,0,1,4,1,29,1,2,,0,2,1,18,202100037044A01,7,22,1,200054781
202100037054,2021-06-01,2021,juin,mardi,18:20,75,75108,48.864078,2.320143,2,7,7,1,1,4,1,4,1,1,,-1,1,0,5,4,2,58,1,2,,12,0,7,14,202100037054A01,,,,200054781
202100037056,2021-05-31,2021,mai,lundi,21:35,75,75103,48.867149,2.363725,2,7,3,5,1,4,2,4,1,1,,-1,1,0,1,4,2,28,9,2,,0,2,7,19,202100037056B01,32,17,1,200054781
202100037104,2021-06-01,2021,juin,mardi,08:00,43,43135,44.94071,3.993477,2,3,3,1,1,4,1,1,1,1,,3.5,1,0,1,3,1,12,2,1,2 / 6,0,2,1,9,202100037104A01,7,1,1,200073401
202100037111,2021-05-22,2021,mai,samedi,17:35,35,35131,48.130097,-1.805143,1,2,3,1,1,7,2,2,2,3,,-1,1,5,1,4,1,69,5,1,2,0,2,1,1,202100037111A01,10,19,1,243500139
202100037122,2021-05-31,2021,mai,lundi,14:50,88,88196,48.080808,6.896445,2,3,3,1,1,3,2,2,1,1,,-1,1,0,5,3,1,42,5,1,2 / 6,0,2,1,1,202100037122B01,10,16,1,200096642
202100037128,2021-06-02,2021,juin,mercredi,07:55,62,62861,50.368295,2.799894,2,4,3,1,1,3,2,2,2,1,,-1,1,0,1,4,1,38,1,1,2,0,2,1,1,202100037128B01,7,1,1,246200364
202100037203,2021-05-03,2021,mai,lundi,18:30,71,71105,46.31279,4.78576,2,6,3,1,1,3,1,2,1,2,,-1,1,5,1,4,1,62,1,1,2,0,2,7,2,202100037203B01,7,9,1,200070308
202100037261,2021-05-04,2021,mai,mardi,13:55,27,27554,49.0937997661,1.3860303868,2,2,3,1,1,4,2,2,1,3,,-1,1,0,1,4,1,10,2,2,,0,2,2,13,202100037261B01,7,16,1,200072312
202100037283,2021-05-30,2021,mai,dimanche,20:09,75,75116,48.859862,2.278758,2,1,1,1,1,4,1,1,1,1,,-1,1,0,5,4,1,33,4,2,,0,2,3,1,202100037283B01,30,5,1,200054781
202100037285,2021-05-30,2021,mai,dimanche,18:50,75,75115,48.837224,2.29633,2,2,3,1,1,4,2,2,1,1,,-1,1,0,1,4,1,27,5,1,2,0,2,1,1,202100037285B01,7,15,1,200054781
202100037290,2021-05-31,2021,mai,lundi,18:40,75,75112,48.847178,2.395696,2,1,2,1,1,4,2,2,1,1,,-1,1,0,1,4,1,28,5,2,,0,2,1,2,202100037290A01,7,2,1,200054781
202100037292,2021-05-31,2021,mai,lundi,12:00,75,75112,48.827463,2.419385,2,3,5,1,1,4,2,4,1,1,,-1,1,0,1,4,2,39,5,2,,0,2,7,19,202100037292A01,7 / 15,1,2,200054781
202100037295,2021-05-31,2021,mai,lundi,17:40,75,75107,48.85164,2.312524,2,2,7,1,1,4,1,2,1,1,,-1,1,6,5,4,1,21,5,2,,0,0,0,21,202100037295A01,,,,200054781
202100037296,2021-05-31,2021,mai,lundi,08:11,75,75107,48.854921,2.319962,2,2,6,1,1,4,1,1,1,1,,-1,1,6,1,1,2,45,1,1,2,0,1,3,16,202100037296A01,,,,200054781
202100037298,2021-05-30,2021,mai,dimanche,21:22,75,75103,48.859966,2.364547,2,3,3,2,1,4,2,2,1,1,,-1,1,0,1,4,2,43,5,2,,0,2,3,1,202100037298B01,7,15,1,200054781
202100037329,2021-06-01,2021,juin,mardi,14:25,73,73218,45.847613,5.807412,1,1,7,1,1,3,2,2,1,1,,-1,1,0,3,3,1,82,5,1,2,0,0,9,26,202100037329B01,7,1,1,200068674
202100037336,2021-05-31,2021,mai,lundi,17:05,33,33140,44.7719425679,-0.3510586223,2,1,5,1,1,3,2,2,1,1,,-1,1,0,1,2,1,62,5,2,,0,2,7,3,202100037336A01,15 / 14,1,2,243301215
202100037346,2021-05-30,2021,mai,dimanche,19:00,26,26353,44.664181,4.791123,2,1,1,1,1,2,2,2,1,1,,-1,1,0,1,3,1,32,5,2,,0,2,7,6,202100037346B01,10,1,1,200040459
202100037354,2021-06-01,2021,juin,mardi,10:55,53,53128,47.941848,-1.08446,2,6,3,1,1,3,2,2,1,1,,-1,1,5,1,3,1,60,5,1,2,0,2,1,9,202100037354B01,7,9,1,200048551
202100037366,2021-06-01,2021,juin,mardi,07:55,91,91461,48.600041,2.236415,2,1,6,1,1,3,3,1,1,1,,3,1,0,1,4,1,13,2,1,2,0,2,0,0,202100037366B01,7,0,1,200057859
202100037367,2021-05-30,2021,mai,dimanche,10:00,78,78193,48.708295,1.977925,1,1,3,1,1,4,2,2,2,1,,5,1,0,1,3,1,71,5,1,2,0,2,8,2,202100037367B01,7,2,1,200033173
202100037373,2021-05-31,2021,mai,lundi,14:00,68,68178,47.905699,7.089615,1,1,7,1,1,3,2,2,2,3,,-1,1,0,1,3,1,63,5,1,2,0,0,9,1,202100037373A01,,,,246800569
202100037427,2021-05-30,2021,mai,dimanche,18:25,42,42207,45.4573755716,4.5047198832,2,3,3,1,1,7,2,2,1,1,,-1,1,0,1,4,1,12,5,1,2,0,2,8,25,202100037427A01,7,16,1,244200770
202100037446,2021-05-30,2021,mai,dimanche,12:30,75,75116,48.860389,2.291258,2,7,3,1,1,4,2,8,1,1,,-1,1,2,1,4,1,29,5,1,2,0,2,1,2,202100037446A01,50,19,1,200054781
202100037451,2021-05-30,2021,mai,dimanche,11:15,75,75108,48.876196,2.296801,2,1,3,1,1,4,2,2,2,1,,-1,1,0,5,4,1,47,5,1,2,0,2,1,1,202100037451B01,7,16,1,200054781
202100037454,2021-05-30,2021,mai,dimanche,07:50,75,75101,48.858799,2.347458,2,2,7,1,1,4,2,1,1,1,,-1,1,6,1,4,2,26,5,2,,0,0,1,13,202100037454A01,,,,200054781
202100037478,2021-05-31,2021,mai,lundi,07:55,74,74234,45.756969,6.317525,1,2,1,1,1,4,2,2,1,1,,4,1,0,5,3,1,17,1,1,2,0,2,8,1,202100037478B01,7,1,1,247400773
202100037480,2021-05-30,2021,mai,dimanche,18:30,80,80334,49.795315,2.188999,1,1,1,1,1,4,2,2,1,1,,-1,1,0,1,2,1,31,5,1,2 / 9,0,2,1,1,202100037480B01,7,3,1,200071181
202100037493,2021-05-31,2021,mai,lundi,15:47,58,58151,46.89066,3.466916,2,1,3,1,1,3,2,2,2,1,,-1,1,0,1,4,1,12,2,2,,0,2,8,19,202100037493A01,7,1,1,200067700
202100037494,2021-05-31,2021,mai,lundi,14:00,66,66124,42.506148,2.031285,2,1,3,1,1,3,2,2,2,1,,-1,1,0,1,3,1,22,4,1,2,0,2,1,0,202100037494B01,10,15,1,246600464
202100037532,2021-05-30,2021,mai,dimanche,08:40,22,22376,48.220276,-2.7677,1,1,2,1,1,4,2,2,2,1,,-1,1,0,1,1,1,71,5,1,2,0,9,1,1,202100037532B01,1,0,1,200067460
202100037532,2021-05-30,2021,mai,dimanche,08:40,22,22376,48.220276,-2.7677,1,1,2,1,1,4,2,2,2,1,,-1,1,0,1,3,1,66,5,1,2,0,9,4,0,202100037532A01,1,1,1,200067460
202100037607,2021-05-29,2021,mai,samedi,11:45,75,75119,48.889696,2.368129,2,2,3,1,1,4,1,3,1,1,,-1,1,0,1,4,1,20,9,2,,0,2,7,9,202100037607B01,31,1,1,200054781
202100037612,2021-05-28,2021,mai,vendredi,16:50,75,75116,48.864518,2.266512,2,4,1,1,1,4,1,1,1,2,,-1,1,0,1,4,1,51,5,2,,0,2,1,5,202100037612A01,10,15,1,200054781
202100037617,2021-05-29,2021,mai,samedi,17:45,75,75110,48.871277,2.36055,2,7,5,1,1,4,1,2,1,1,,-1,1,0,4,4,2,57,1,1,2,0,2,0,23,202100037617C01,33,21,1,200054781
202100037617,2021-05-29,2021,mai,samedi,17:45,75,75110,48.871277,2.36055,2,7,5,1,1,4,1,2,1,1,,-1,1,0,4,4,2,55,1,1,2,0,2,0,23,202100037617D01,33,21,1,200054781