Num_Acc,date,an,mois,jour,hrmn,dep,com,lat,long,agg,int,col,lum,atm,catr,circ,nbv,prof,plan,lartpc,larrout,surf,infra,situ,grav,sexe,age,trajet,secuexist,equipement,obs,obsm,choc,manv,vehiculeid,typevehicules,manoeuvehicules,numVehicules,_infos_commune.code_epci
202100037617,2021-05-29,2021,mai,samedi,17:45,75,75110,48.871277,2.36055,2,7,5,1,1,4,1,2,1,1,,-1,1,0,4,4,2,61,1,1,2,0,2,0,23,202100037617B01,33,21,1,200054781
202100037619,2021-05-28,2021,mai,vendredi,19:35,75,75108,48.870213,2.31105,2,2,3,1,1,4,1,1,1,1,,-1,1,0,1,4,1,20,9,2,,0,2,1,1,202100037619A01,7,1,1,200054781
202100037621,2021-05-29,2021,mai,samedi,21:20,75,75104,48.858039,2.351752,2,1,2,4,1,4,1,3,1,1,,-1,1,0,6,4,1,31,5,1,2,0,2,1,2,202100037621A01,1,2,1,200054781
202100037621,2021-05-29,2021,mai,samedi,21:20,75,75104,48.858039,2.351752,2,1,2,4,1,4,1,3,1,1,,-1,1,0,6,1,2,28,9,1,2,0,2,4,2,202100037621B01,1,2,1,200054781
202100037622,2021-05-29,2021,mai,samedi,18:00,75,75101,48.862471,2.350441,2,3,7,1,1,4,2,5,1,1,,-1,1,0,5,4,2,31,9,2,,0,0,0,1,202100037622A01,,,,200054781
202100037623,2021-05-29,2021,mai,samedi,15:30,75,75102,48.867032,2.352974,2,2,7,1,1,4,2,4,1,1,,-1,1,0,5,4,1,50,5,2,,0,0,0,21,202100037623A01,,,,200054781
202100037646,2021-05-28,2021,mai,vendredi,17:55,59,59462,50.516995,3.017898,2,6,2,1,1,3,1,1,1,2,,-1,1,0,1,3,1,53,5,2,,0,0,4,2,202100037646A01,7,15,1,200041960
202100037693,2021-05-30,2021,mai,dimanche,15:30,77,77005,48.922355,2.724202,1,1,1,1,1,3,2,2,1,1,,-1,1,0,1,4,1,44,5,1,2,0,2,1,1,202100037693B01,7,16,1,200033090
202100037701,2021-05-29,2021,mai,samedi,15:00,68,68171,47.943462,6.980092,1,1,3,1,1,3,2,2,2,1,,-1,1,0,1,1,1,33,5,1,2,0,2,5,1,202100037701B01,1,1,1,246800205
202100037701,2021-05-29,2021,mai,samedi,15:00,68,68171,47.943462,6.980092,1,1,3,1,1,3,2,2,2,1,,-1,1,0,1,3,1,43,5,1,2,0,2,3,1,202100037701A01,1,1,1,246800205
202100037708,2021-05-30,2021,mai,dimanche,09:26,22,22168,48.804722,-3.474619,2,1,7,1,1,4,2,2,1,1,,-1,1,0,8,2,1,58,5,1,2,0,0,0,1,202100037708A01,,,,200065928
202100037807,2021-05-26,2021,mai,mercredi,16:15,14,14118,49.20601,-0.361628,2,3,3,1,1,3,2,4,1,1,,-1,1,0,1,3,1,73,5,2,,0,2,1,1,202100037807B01,7,1,1,200065597
202100037808,2021-05-27,2021,mai,jeudi,10:20,14,14181,49.1536,-0.3283,2,1,3,1,1,4,1,2,1,1,,-1,1,0,1,4,2,22,5,2,,0,2,1,1,202100037808B01,7,1,1,200065597
202100037830,2021-05-28,2021,mai,vendredi,08:50,75,75118,48.897812,2.333489,2,3,3,1,1,4,1,2,1,1,,-1,1,0,5,1,1,16,2,2,,0,2,1,2,202100037830B01,1,10,1,200054781
202100037830,2021-05-28,2021,mai,vendredi,08:50,75,75118,48.897812,2.333489,2,3,3,1,1,4,1,2,1,1,,-1,1,0,5,4,1,54,1,2,,0,2,3,10,202100037830A01,1,2,1,200054781
202100037840,2021-05-28,2021,mai,vendredi,21:45,75,75111,48.858208,2.377552,2,1,3,5,1,4,1,1,2,1,,-1,1,0,1,4,1,40,5,2,,0,2,1,1,202100037840B01,7,22,1,200054781
202100037841,2021-05-28,2021,mai,vendredi,12:45,75,75109,48.877233,2.34519,2,1,3,1,1,4,-1,2,1,1,,-1,1,0,1,4,1,29,9,2,,0,2,1,1,202100037841B01,10,4,1,200054781
202100037888,2021-05-29,2021,mai,samedi,12:25,2B,2B207,42.446063,9.473047,1,1,1,1,1,3,2,2,1,2,,-1,9,2,1,3,1,56,5,1,2,0,2,1,13,202100037888B01,7,1,1,200073252
202100037890,2021-05-27,2021,mai,jeudi,12:40,65,65473,42.953906,-0.064995,1,1,2,1,1,3,2,2,1,2,,-1,1,0,1,1,1,34,5,1,2,0,2,4,1,202100037890B01,1,2,1,200070811
202100037890,2021-05-27,2021,mai,jeudi,12:40,65,65473,42.953906,-0.064995,1,1,2,1,1,3,2,2,1,2,,-1,1,0,1,3,2,32,5,1,2,0,2,1,2,202100037890A01,1,1,1,200070811
202100037894,2021-05-26,2021,mai,mercredi,18:57,12,12145,44.020711,3.147787,1,1,6,1,8,3,2,2,1,2,,-1,1,0,3,3,1,42,5,1,2,1,0,1,14,202100037894A01,,,,241200567
202100037897,2021-05-28,2021,mai,vendredi,17:30,34,34101,43.361375,3.487658,1,6,3,1,1,3,2,2,1,1,,-1,1,5,1,3,1,67,5,1,2,0,2,1,9,202100037897B01,7,9,1,243400819
202100037903,2021-05-29,2021,mai,samedi,16:30,15,15215,44.97681,2.519249,1,1,2,1,1,3,2,2,1,1,,-1,1,0,5,1,1,51,5,1,2 / 6,0,9,1,2,202100037903B01,1,2,1,241500230
202100037903,2021-05-29,2021,mai,samedi,16:30,15,15215,44.97681,2.519249,1,1,2,1,1,3,2,2,1,1,,-1,1,0,5,3,1,68,5,1,2 / 6,0,9,1,2,202100037903A01,1,2,1,241500230
202100037916,2021-05-29,2021,mai,samedi,11:00,48,48176,44.191559,3.23616,1,1,6,1,1,3,2,2,2,2,,-1,1,0,3,2,1,80,5,1,2,13,0,2,1,202100037916A01,,,,200069151
202100037919,2021-05-28,2021,mai,vendredi,19:39,973,97307,4.815773,-52.350025,1,1,2,3,1,2,2,2,1,1,,-1,1,0,1,2,1,57,0,1,2,0,0,4,1,202100037919A01,0,1,1,249730045
202100037924,2021-05-29,2021,mai,samedi,12:00,34,34238,43.84793,3.646345,1,1,7,1,1,3,2,2,1,1,,-1,1,0,1,3,1,69,5,2,,0,0,0,1,202100037924A01,,,,200022986
202100037925,2021-05-29,2021,mai,samedi,09:30,84,84138,44.371907,4.96618,2,3,6,1,1,3,2,2,1,1,,-1,1,0,1,4,1,49,5,1,2,0,9,1,1,202100037925A01,14,15,1,200040681
202100037925,2021-05-29,2021,mai,samedi,09:30,84,84138,44.371907,4.96618,2,3,6,1,1,3,2,2,1,1,,-1,1,0,1,4,1,57,5,1,2,0,9,1,1,202100037925B01,14,15,1,200040681
202100037931,2021-05-29,2021,mai,samedi,18:30,63,63470,45.870529,3.025725,1,1,2,1,1,3,3,4,2,2,,-1,1,0,1,3,1,44,5,1,2,0,2,4,2,202100037931B01,7,2,1,200070753
202100037938,2021-04-22,2021,avril,jeudi,11:40,22,22093,48.484962,-2.460503,1,3,3,1,1,3,2,2,1,2,,4,1,0,1,3,1,73,5,1,2 / 6,0,2,2,1,202100037938B01,7,16,1,200069391
202100038021,2021-05-26,2021,mai,mercredi,14:50,26,26198,44.555265,4.752038,2,1,3,1,1,4,1,1,2,1,,-1,1,0,1,4,1,51,5,1,2,0,2,0,1,202100038021B01,7,0,1,200040459
202100038040,2021-05-27,2021,mai,jeudi,15:21,75,75111,48.857915,2.367992,2,1,3,1,1,4,2,2,1,1,,-1,1,0,1,4,1,25,1,2,,0,2,8,1,202100038040B01,7,9,1,200054781
202100038044,2021-05-27,2021,mai,jeudi,22:30,75,75105,48.852356,2.348228,2,2,7,5,1,4,1,3,1,1,,-1,1,2,5,4,2,65,5,2,,0,0,0,21,202100038044A01,,,,200054781
202100038046,2021-05-27,2021,mai,jeudi,08:00,75,75103,48.865461,2.356113,2,2,3,1,1,4,1,2,1,1,,-1,1,0,1,4,1,14,9,2,,0,2,7,19,202100038046B01,7,1,1,200054781
202100038047,2021-05-26,2021,mai,mercredi,15:20,94,94068,48.80188,2.49336,2,1,3,1,2,3,2,1,1,1,,-1,2,0,1,4,1,12,5,2,,0,2,5,19,202100038047A01,7,1,1,200054781
202100038073,2021-05-27,2021,mai,jeudi,16:53,86,86132,46.516342,1.022229,1,1,2,1,1,3,2,2,1,1,,-1,1,0,1,2,1,78,5,1,4 / 2,0,2,4,2,202100038073B01,10,2,1,200070043
202100038077,2021-05-28,2021,mai,vendredi,15:15,56,56078,47.805587,-3.47065,1,1,2,1,1,3,2,2,1,1,,-1,1,0,1,2,1,70,5,1,2,1,0,1,1,202100038077A01,13,24,1,200042174
202100038090,2021-05-27,2021,mai,jeudi,17:20,38,38058,45.35204,5.31577,1,3,1,1,1,4,2,2,1,1,,-1,1,5,1,4,1,17,1,2,,0,2,1,15,202100038090B01,7,16,1,200059392
202100038096,2021-05-27,2021,mai,jeudi,13:50,70,70085,47.376674,6.009693,1,1,2,1,1,3,2,2,2,1,,-1,1,0,1,4,1,57,5,1,2 / 9,0,2,4,13,202100038096B01,1,1,1,247000706
202100038096,2021-05-27,2021,mai,jeudi,13:50,70,70085,47.376674,6.009693,1,1,2,1,1,3,2,2,2,1,,-1,1,0,1,4,1,73,5,1,2 / 9,0,2,1,1,202100038096A01,1,13,1,247000706
202100038097,2021-05-27,2021,mai,jeudi,11:20,26,26183,44.715717,5.097849,2,3,3,1,1,4,2,2,1,3,,-1,1,0,1,3,1,68,5,1,9,0,2,6,1,202100038097B01,7,15,1,200040509
202100038221,2021-05-25,2021,mai,mardi,10:12,75,75114,48.835998,2.315319,2,4,1,1,8,4,3,3,1,2,,-1,1,0,5,4,2,39,1,2,,0,2,1,1,202100038221B01,50,13,1,200054781
202100038228,2021-05-25,2021,mai,mardi,22:00,75,75101,48.860073,2.349087,2,2,2,5,2,4,1,4,1,1,,-1,2,5,5,4,1,32,4,2,,0,2,1,2,202100038228B01,7,15,1,200054781
202100038260,2021-05-26,2021,mai,mercredi,10:45,65,65447,43.184351,0.242777,2,3,3,1,1,3,2,2,1,1,,-1,1,0,1,4,2,70,5,1,2,0,2,3,1,202100038260B01,7,16,1,200070803
202100038268,2021-05-23,2021,mai,dimanche,14:50,72,72199,48.24851,0.06816,1,1,3,1,1,3,2,2,1,1,,-1,1,0,1,3,1,26,5,1,2,0,2,4,0,202100038268B01,33,2,1,200072700
202100038281,2021-05-25,2021,mai,mardi,14:40,987,98714,-16.521981,-151.725376,1,3,3,1,1,2,2,2,1,1,,-1,1,0,1,3,1,45,5,2,,0,2,1,1,202100038281A01,7,1,1,
202100038291,2021-05-27,2021,mai,jeudi,10:25,55,55122,48.757085865,5.5879479647,2,2,1,1,1,3,2,2,2,1,,-1,1,0,1,4,1,40,5,2,,0,2,1,1,202100038291A01,7,1,1,200066157
202100038298,2021-05-19,2021,mai,mercredi,10:30,22,22161,48.565596,-3.14504,2,1,3,1,1,3,2,2,2,1,,-1,1,0,1,3,1,70,5,1,2,12,2,3,1,202100038298B01,7,17,1,200067981
202100038299,2021-05-27,2021,mai,jeudi,09:00,59,59449,50.470675,3.248193,2,1,3,1,1,4,2,2,1,1,,-1,1,0,1,4,1,26,1,2,,0,2,1,15,202100038299B01,10,17,1,200041960
202100038345,2021-05-21,2021,mai,vendredi,13:05,63,63113,45.7642030717,3.0920617278,2,1,3,1,1,4,2,2,1,1,,-1,1,-1,1,4,2,22,0,1,2,0,2,1,1,202100038345B01,7,9,1,246300701
202100038386,2021-05-24,2021,mai,lundi,19:29,06,06088,43.66728,7.21624,2,1,5,1,1,4,2,7,1,1,,-1,1,9,1,2,1,23,0,2,,0,2,1,19,202100038386A01,7 / 33,1,2,200030195
202100038392,2021-05-25,2021,mai,mardi,13:30,75,75120,48.864685,2.404147,2,2,6,1,1,4,1,2,2,1,,-1,1,0,1,4,1,41,1,2,,0,1,1,1,202100038392A01,,,,200054781
202100038401,2021-05-25,2021,mai,mardi,20:15,75,75109,48.882203,2.337702,2,7,6,2,1,4,1,3,1,1,,-1,1,0,1,1,1,31,9,2,,0,1,1,1,202100038401A01,,,,200054781
202100038428,2021-05-25,2021,mai,mardi,14:45,40,40296,43.708555,-1.417451,1,1,1,1,1,3,2,2,1,4,,-1,1,9,5,4,1,62,5,2,,0,2,1,1,202100038428C01,7,14,1,244000865
202100038428,2021-05-25,2021,mai,mardi,14:45,40,40296,43.708555,-1.417451,1,1,1,1,1,3,2,2,1,4,,-1,1,9,5,3,2,63,5,2,,0,2,1,1,202100038428B01,7,14,1,244000865
202100038442,2021-05-26,2021,mai,mercredi,13:45,38,38384,45.342743,5.333406,1,2,3,1,1,3,2,2,1,1,,-1,1,5,1,3,1,15,5,2,,0,2,1,1,202100038442B01,7,1,1,200059392
202100038446,2021-05-25,2021,mai,mardi,16:30,06,06148,43.711142,6.997685,1,1,7,1,1,3,2,1,3,4,,-1,1,0,1,3,1,57,5,1,2,0,0,0,0,202100038446A01,,,,240600585
202100038451,2021-05-25,2021,mai,mardi,18:30,07,07007,44.923051,4.72631,1,1,1,1,1,3,2,2,1,2,,-1,1,0,1,4,1,22,0,1,2 / 6,0,0,1,13,202100038451B01,7,1,1,200041366
202100038454,2021-05-24,2021,mai,lundi,07:40,28,28280,48.322249,0.817012,2,1,1,2,2,6,-1,2,1,3,,0,2,0,1,4,1,19,1,2,,0,2,1,9,202100038454B01,7,16,1,200006971
202100038470,2021-05-23,2021,mai,dimanche,18:20,69,69013,46.0312774389,4.7175848889,1,1,2,1,1,3,2,2,1,1,,-1,1,0,3,3,1,56,5,1,2,0,2,6,0,202100038470B01,7,1,1,200040590
202100038530,2021-05-24,2021,mai,lundi,17:00,75,75111,48.865155,2.374922,2,5,3,1,8,4,1,1,2,1,,-1,2,0,5,4,2,24,5,2,,0,2,1,1,202100038530B01,7,15,1,200054781
202100038531,2021-05-24,2021,mai,lundi,11:40,75,75110,48.876654,2.367205,2,1,3,1,1,4,1,1,1,1,,-1,1,0,1,4,1,47,5,2,,0,2,7,1,202100038531B01,7,22,1,200054781
202100038564,2021-05-24,2021,mai,lundi,12:20,61,61153,48.717951,-0.124353,2,1,6,1,2,4,2,2,1,1,,-1,2,0,1,1,1,45,0,2,,0,1,1,0,202100038564A01,,,,200068450
202100038647,2021-05-23,2021,mai,dimanche,13:08,75,75119,48.88718,2.396117,2,3,3,1,1,4,1,2,1,1,,-1,1,0,5,4,1,34,9,2,,0,2,1,1,202100038647B01,33,20,1,200054781
202100038688,2021-05-22,2021,mai,samedi,16:30,06,06148,43.71436,7.065357,2,1,7,1,1,4,-1,2,1,1,,4,1,0,1,4,2,42,5,2,,0,0,0,1,202100038688A01,,,,240600585
202100038700,2021-05-22,2021,mai,samedi,18:10,33,33090,44.766096,-0.65345,2,1,6,1,1,4,2,2,1,1,,-1,1,0,1,1,1,15,3,2,,0,1,1,1,202100038700A01,,,,243301165
202100038711,2021-05-23,2021,mai,dimanche,10:30,69,69163,45.920961,4.755718,1,2,2,1,1,7,2,2,1,1,,-1,1,0,1,4,1,52,5,1,2,0,0,4,2,202100038711B01,7,2,1,200046977
202100038713,2021-05-23,2021,mai,dimanche,18:35,79,79049,46.853236,-0.456126,2,6,3,1,1,3,2,2,1,1,,-1,1,5,1,4,1,17,5,2,,0,2,5,1,202100038713B01,7,1,1,200040244
202100038715,2021-05-23,2021,mai,dimanche,14:50,85,85002,46.65655,-1.85083,1,1,3,1,1,5,2,2,1,3,,-1,1,0,1,3,1,40,5,1,2 / 6,0,2,1,16,202100038715A01,7,15,1,200023778
202100038760,2021-05-21,2021,mai,vendredi,18:00,27,27554,49.095859,1.378484,2,1,1,1,2,3,1,1,2,1,,-1,2,0,1,3,1,52,5,1,2,0,2,1,5,202100038760B01,7,1,1,200072312
202100038762,2021-05-21,2021,mai,vendredi,12:05,27,27375,49.21545,1.17216,2,6,1,1,1,4,1,0,1,1,,-1,1,0,1,4,2,70,0,2,,0,2,1,16,202100038762B01,7,16,1,200089456
202100038779,2021-05-22,2021,mai,samedi,11:40,75,75111,48.851182,2.384048,2,4,3,1,1,4,2,2,1,1,,-1,1,0,1,4,2,42,5,1,2,0,2,1,1,202100038779B01,10,22,1,200054781
202100038811,2021-05-23,2021,mai,dimanche,10:25,51,51571,49.1911485098,4.196418487,1,1,2,1,1,3,2,1,1,1,,-1,1,0,1,3,1,73,5,1,2,0,0,4,1,202100038811B01,7,1,1,200067213
202100038825,2021-05-23,2021,mai,dimanche,13:15,06,06079,43.518859,6.939722,1,1,3,1,1,3,2,1,2,2,,3,1,0,1,3,2,53,5,1,2 / 8,0,2,8,1,202100038825B01,7,17,1,200039915
202100038831,2021-05-23,2021,mai,dimanche,10:00,37,37041,47.6278811168,0.5492552518,1,1,6,1,1,4,2,1,2,4,,3,1,0,3,2,1,66,5,2,,6,0,0,1,202100038831A01,7,1,1,200073237
202100038851,2021-05-23,2021,mai,dimanche,18:30,74,74185,46.158343,6.201031,1,1,7,1,1,3,2,2,2,1,,-1,1,0,3,3,1,17,5,1,2 / 9 / 6,0,0,0,19,202100038851A01,,,,247400583
202100038856,2021-05-21,2021,mai,vendredi,09:10,86,86095,46.702874,0.435413,2,3,3,1,1,3,2,2,2,1,,-1,1,0,1,3,1,29,5,1,2,0,2,1,1,202100038856B01,7,15,1,200069854
202100038880,2021-05-21,2021,mai,vendredi,15:36,972,97213,14.59806,-60.99724,1,1,3,1,1,4,1,2,1,1,,-1,1,0,1,4,1,25,0,1,2,0,2,7,1,202100038880Y01,7,9,1,249720061
202100038909,2021-05-20,2021,mai,jeudi,15:25,63,63113,45.78756,3.10575,2,2,3,1,1,4,3,2,1,1,,-1,1,-1,1,4,2,18,0,1,2,0,2,1,1,202100038909B01,7,15,1,246300701
202100038909,2021-05-20,2021,mai,jeudi,15:25,63,63113,45.78756,3.10575,2,2,3,1,1,4,3,2,1,1,,-1,1,-1,1,4,1,19,0,1,2,0,2,1,1,202100038909B01,7,15,1,246300701
202100038918,2021-05-19,2021,mai,mercredi,13:00,47,47323,44.4092991878,0.7023951709,2,2,3,1,1,4,1,1,2,1,,-1,1,0,1,3,1,56,0,2,,0,2,1,1,202100038918Y01,7,1,1,200023307
202100038958,2021-05-20,2021,mai,jeudi,13:05,75,75119,48.898846,2.378115,2,3,3,1,8,4,2,4,1,1,,-1,2,0,5,4,1,50,5,1,2,0,2,5,1,202100038958B01,10,16,1,200054781
202100038966,2021-05-21,2021,mai,vendredi,16:20,75,75112,48.834189,2.442796,2,1,7,1,1,4,-1,0,1,1,,-1,1,0,5,4,1,61,5,2,,0,0,0,1,202100038966A01,,,,200054781
202100038970,2021-05-21,2021,mai,vendredi,15:18,75,75109,48.873269,2.340551,2,3,3,1,1,4,1,1,1,1,,-1,1,0,1,4,1,25,5,2,,0,2,7,5,202100038970A01,1,1,1,200054781
202100038973,2021-05-21,2021,mai,vendredi,19:30,75,75104,48.847367,2.364763,2,1,7,1,1,4,-1,1,1,1,,-1,1,1,1,4,1,31,9,1,2,0,0,1,26,202100038973A01,,,,200054781
202100039022,2021-05-21,2021,mai,vendredi,19:30,58,58083,47.253951,3.678333,2,1,2,1,1,3,2,2,1,1,,-1,1,0,1,4,1,23,5,2,,0,2,4,16,202100039022A01,7,15,1,200067692
202100039028,2021-05-21,2021,mai,vendredi,19:30,987,98734,-17.723379,-149.50573,2,1,3,5,1,2,2,2,1,1,,-1,1,0,1,2,1,50,0,2,,0,2,7,12,202100039028A01,7,1,1,
202100039031,2021-05-21,2021,mai,vendredi,11:50,91,91661,48.700967,2.252465,2,2,3,1,1,3,2,2,2,1,,-1,1,0,1,4,1,32,5,1,2,0,2,1,0,202100039031B01,7,0,1,200056232
202100039119,2021-04-24,2021,avril,samedi,15:45,22,22187,48.540279,-2.77112,2,2,3,1,1,4,2,2,1,1,,-1,1,0,1,4,1,21,1,2,,0,2,1,15,202100039119A01,7,1,1,200069409
202100039125,2021-05-19,2021,mai,mercredi,17:10,15,15014,44.9301,2.44991,2,1,3,1,1,4,2,2,1,1,,-1,1,0,1,4,1,18,0,1,2,0,2,3,1,202100039125B01,7,15,1,241500230
202100039140,2021-05-20,2021,mai,jeudi,21:15,75,75120,48.852703,2.406109,2,2,2,2,1,4,2,2,1,1,,-1,1,0,1,4,2,43,9,2,,0,2,6,15,202100039140A01,2,17,1,200054781
202100039141,2021-05-20,2021,mai,jeudi,20:00,75,75116,48.849938,2.272244,2,2,3,2,1,4,2,2,1,1,,-1,1,5,1,1,1,25,4,1,2 / 6,0,2,5,15,202100039141A01,2,1,1,200054781
202100039145,2021-05-20,2021,mai,jeudi,18:00,75,75111,48.857991,2.38158,2,3,2,1,1,4,2,2,2,1,,-1,1,0,1,4,1,25,9,2,,0,2,1,2,202100039145A01,10,2,1,200054781
202100039147,2021-05-20,2021,mai,jeudi,14:30,75,75107,48.860045,2.324575,2,2,1,1,1,4,1,1,1,1,,-1,1,0,1,4,1,32,4,2,,0,2,0,13,202100039147A01,10,1,1,200054781
202100039148,2021-05-18,2021,mai,mardi,15:40,75,75104,48.858504,2.348215,2,2,6,1,2,4,2,4,1,1,,-1,2,0,5,4,1,20,2,1,2,0,1,8,1,202100039148A01,,,,200054781
202100039173,2021-05-18,2021,mai,mardi,16:30,91,91665,48.658619,2.270565,2,1,7,1,1,4,1,1,1,1,,-1,1,0,1,3,1,15,2,2,,0,0,8,2,202100039173A01,,,,200056232
202100039175,2021-05-16,2021,mai,dimanche,14:30,62,62580,50.39898,2.432533,2,1,1,1,1,3,2,2,1,1,,-1,1,0,1,3,1,12,5,2,,0,2,8,19,202100039175A01,10,1,1,200069672
202100039189,2021-05-12,2021,mai,mercredi,16:26,31,31553,43.715403,1.168306,1,2,1,1,1,3,2,2,1,1,,-1,1,0,1,4,1,14,5,2,,0,2,1,1,202100039189B01,7,15,1,200071314
202100039267,2021-05-17,2021,mai,lundi,14:50,80,80021,49.88101,2.3308,2,1,2,1,1,4,2,2,2,1,,-1,1,0,1,4,1,21,4,1,2,0,2,1,2,202100039267A01,7,23,1,248000531
202100039339,2021-05-18,2021,mai,mardi,17:05,972,97210,14.585821,-60.914581,1,1,3,2,1,4,2,2,2,1,,-1,1,0,1,3,1,11,5,2,,0,2,2,1,202100039339A01,7,1,1,249720053
202100039375,2021-05-20,2021,mai,jeudi,08:00,91,91461,48.595504,2.227435,2,1,6,1,1,3,2,1,1,3,,4,1,0,5,4,1,13,2,2,,0,2,1,0,202100039375B01,7,0,1,200057859
202100039382,2021-05-20,2021,mai,jeudi,07:30,33,33060,44.562661,-0.342663,1,4,1,1,1,3,2,2,1,3,,-1,1,0,1,2,1,41,5,1,2 / 6 / 9,0,2,1,1,202100039382B01,7,15,1,200043974
202100039474,2021-05-18,2021,mai,mardi,18:30,75,75119,48.888194,2.373911,2,1,3,1,2,4,3,3,1,1,,-1,2,0,6,4,1,48,1,1,2,0,2,2,7,202100039474B01,7,16,1,200054781
202100039476,2021-05-18,2021,mai,mardi,06:40,75,75117,48.887525,2.294735,2,5,3,1,1,4,2,6,1,1,,-1,1,0,5,4,2,62,5,1,2,0,2,3,1,202100039476B01,14,16,1,200054781
202100039495,2021-05-18,2021,mai,mardi,18:55,67,67078,48.658927,7.427869,2,1,3,1,1,4,-1,2,1,1,,-1,1,0,4,4,2,11,5,2,,0,2,2,25,202100039495B01,7,26,1,200068864
202100039499,2021-05-14,2021,mai,vendredi,17:40,69,69088,45.833035,4.846714,2,1,1,1,1,7,2,2,1,1,,-1,1,0,1,4,2,20,5,2,,0,2,8,19,202100039499B01,7,1,1,200046977
202100039502,2021-05-18,2021,mai,mardi,15:10,49,49029,47.398672,-0.420544,2,1,3,1,1,4,2,2,2,3,,-1,1,0,1,3,1,72,5,1,2 / 6,0,2,3,13,202100039502A01,7,1,1,200071553
202100039508,2021-05-10,2021,mai,lundi,09:30,84,84148,44.076811,5.263052,1,1,7,1,6,3,2,2,2,2,,-1,1,0,1,2,2,57,5,2,,5,0,2,1,202100039508A01,,,,200035723
202100039509,2021-05-11,2021,mai,mardi,16:50,03,03082,46.288196,2.755423,2,6,2,1,2,3,1,1,1,2,,-1,2,0,1,3,1,14,2,1,2,0,2,4,16,202100039509B01,7,1,1,200071512
202100039528,2021-05-19,2021,mai,mercredi,19:40,66,66065,42.604885,2.968769,2,9,1,2,1,3,2,2,1,1,,-1,1,5,1,3,1,12,5,2,,0,2,7,19,202100039528B01,7,1,1,200043602
202100039532,2021-03-23,2021,mars,mardi,15:35,73,73285,45.624157,6.796859,2,1,3,1,1,3,2,2,2,1,,-1,1,0,1,3,1,65,5,1,2,0,2,1,1,202100039532B01,7,15,1,247300254
202100039579,2021-04-07,2021,avril,mercredi,08:00,36,36044,46.80495,1.68825,2,3,3,1,1,4,3,4,1,1,,-1,1,0,1,4,2,25,1,2,,0,2,7,16,202100039579B01,7,0,1,243600327
202100039607,2021-05-17,2021,mai,lundi,14:30,75,75115,48.842996,2.312797,2,2,3,1,8,4,2,3,1,1,,-1,2,5,5,4,2,21,5,2,,0,2,7,1,202100039607B01,7,15,1,200054781
202100039610,2021-05-17,2021,mai,lundi,17:15,75,75111,48.854343,2.371464,2,2,6,1,1,4,1,1,1,1,,-1,2,0,1,4,2,22,5,2,,0,1,1,1,202100039610A01,,,,200054781
202100039610,2021-05-17,2021,mai,lundi,17:15,75,75111,48.854343,2.371464,2,2,6,1,1,4,1,1,1,1,,-1,2,0,1,1,1,18,5,2,,0,1,1,1,202100039610A01,,,,200054781
202100039651,2021-04-28,2021,avril,mercredi,17:45,17,17347,45.946177,-0.522191,2,1,1,1,1,4,-1,2,1,1,,-1,1,0,1,3,1,58,5,2,,0,2,1,1,202100039651B01,7,4,1,200041689
202100039691,2021-05-16,2021,mai,dimanche,14:39,54,54395,48.69707,6.1949,2,2,6,1,1,4,1,2,1,1,,-1,1,0,1,3,2,37,0,1,2,0,2,1,25,202100039691A01,7 / 3,1,2,245400676
202100039692,2021-05-16,2021,mai,dimanche,09:50,54,54395,48.6893473664,6.1761865765,2,1,3,1,1,4,1,2,1,1,,-1,2,0,1,4,1,52,0,1,2,0,2,1,1,202100039692B01,7,16,1,245400676
202100039706,2021-05-16,2021,mai,dimanche,21:05,75,75120,48.869054,2.380701,2,2,3,2,2,4,3,2,1,1,,-1,2,0,6,4,1,28,1,1,2,0,2,3,7,202100039706B01,7,16,1,200054781
202100039713,2021-05-16,2021,mai,dimanche,16:20,75,75115,48.845323,2.310144,2,1,6,1,8,4,1,3,1,1,,-1,1,0,1,4,1,67,5,1,2,14,0,7,12,202100039713A01,,,,200054781
202100039719,2021-05-16,2021,mai,dimanche,14:05,75,75108,48.87537,2.32503,2,1,3,1,2,4,2,4,1,1,,-1,2,0,1,4,1,33,4,1,2,0,2,1,9,202100039719A01,7,1,1,200054781
202100039739,2021-05-14,2021,mai,vendredi,14:40,30,30014,44.001104,4.385519,1,1,7,1,1,3,2,2,1,1,,-1,1,0,1,3,1,21,5,1,2 / 6,0,0,0,2,202100039739A01,,,,200034379
202100039742,2021-05-11,2021,mai,mardi,16:25,79,79204,46.180358,-0.241066,2,2,3,1,1,4,2,2,1,1,,4,1,0,1,3,1,76,0,1,2,13,2,1,19,202100039742B01,7,26,1,200069755
202100039757,2021-05-14,2021,mai,vendredi,10:15,68,68375,47.808464,7.239743,2,3,3,1,1,3,2,2,1,1,,4,1,0,1,4,1,30,5,1,9,0,2,2,17,202100039757A01,7,2,1,200066009
202100039762,2021-05-13,2021,mai,jeudi,21:30,988,98821,-22.02183,166.229244,1,1,1,3,1,2,2,2,1,1,,-1,1,0,1,4,1,47,5,2,,0,2,9,5,202100039762B01,7,1,1,
202100039766,2021-05-17,2021,mai,lundi,17:40,78,78263,48.774226,1.671129,2,1,3,1,2,3,2,2,1,1,,-1,2,0,1,3,1,14,0,2,,0,2,3,13,202100039766B01,38,2,1,247800618
202100039768,2021-05-13,2021,mai,jeudi,16:30,66,66008,42.581147,3.032634,1,1,2,1,1,3,2,2,1,1,,-1,1,0,3,3,1,68,5,1,2,1,0,1,1,202100039768A01,7,23,1,200043602