Num_Acc,date,an,mois,jour,hrmn,dep,com,lat,long,agg,int,col,lum,atm,catr,circ,nbv,prof,plan,lartpc,larrout,surf,infra,situ,grav,sexe,age,trajet,secuexist,equipement,obs,obsm,choc,manv,vehiculeid,typevehicules,manoeuvehicules,numVehicules,_infos_commune.code_epci
202100041815,2021-05-01,2021,mai,samedi,17:30,75,75112,48.82231,2.44224,2,6,1,1,1,4,-1,1,1,2,,-1,1,6,1,1,1,25,5,2,,0,2,1,1,202100041815B01,1,5,1,200054781
202100041815,2021-05-01,2021,mai,samedi,17:30,75,75112,48.82231,2.44224,2,6,1,1,1,4,-1,1,1,2,,-1,1,6,1,4,1,28,5,2,,0,2,1,5,202100041815A01,1,1,1,200054781
202100041817,2021-05-01,2021,mai,samedi,01:40,75,75111,48.860533,2.379369,2,1,6,5,1,4,1,1,2,1,,-1,1,0,1,4,1,27,9,1,2,1,0,8,14,202100041817A01,,,,200054781
202100041818,2021-05-01,2021,mai,samedi,17:05,75,75110,48.872816,2.356189,2,1,6,1,2,4,1,3,1,1,,-1,2,0,5,1,1,35,5,1,2,0,0,0,1,202100041818A01,,,,200054781
202100041855,2021-04-30,2021,avril,vendredi,12:20,67,67112,48.522302,7.568569,2,1,3,1,2,3,2,2,1,1,,-1,2,0,4,4,2,59,1,2,,0,0,1,25,202100041855A01,7,26,1,246701064
202100041902,2021-04-03,2021,avril,samedi,10:27,36,36044,46.8101,1.68773,2,6,3,1,1,4,2,2,1,1,,-1,1,0,1,4,2,59,3,2,,0,2,1,9,202100041902B01,7,9,1,243600327
202100041925,2021-04-30,2021,avril,vendredi,09:05,75,75118,48.884505,2.364212,2,4,3,1,1,4,1,3,1,3,,-1,1,0,5,4,1,68,5,1,2,0,2,4,1,202100041925B01,10,16,1,200054781
202100041927,2021-04-30,2021,avril,vendredi,11:08,75,75115,48.846479,2.297378,2,1,3,1,1,4,1,1,1,1,,-1,1,0,5,4,2,31,5,1,2,0,2,1,1,202100041927B01,2,9,1,200054781
202100041928,2021-04-30,2021,avril,vendredi,15:30,75,75114,48.824471,2.338349,2,3,6,1,1,4,2,2,2,1,,-1,1,0,4,4,1,23,9,2,,0,1,1,25,202100041928A01,,,,200054781
202100041929,2021-04-30,2021,avril,vendredi,16:45,75,75112,48.845969,2.400786,2,1,3,1,1,4,2,2,1,1,,-1,1,0,5,4,1,40,9,1,2,0,2,8,1,202100041929B01,7,16,1,200054781
202100041930,2021-04-30,2021,avril,vendredi,09:30,75,75110,48.877632,2.370391,2,7,3,1,1,4,1,1,1,2,,-1,1,0,1,4,1,37,9,1,2 / 6,0,2,7,16,202100041930B01,7,1,1,200054781
202100041981,2021-03-26,2021,mars,vendredi,18:15,81,81099,43.904945,1.894272,2,1,2,2,2,3,2,2,1,1,,-1,2,0,1,4,1,14,5,1,2,0,2,1,1,202100041981A01,7,1,1,200066124
202100041982,2021-05-01,2021,mai,samedi,11:30,33,33077,44.602256,-0.555549,2,1,2,1,8,3,2,2,1,1,,-1,1,0,1,4,2,8,5,2,,0,2,6,13,202100041982B01,7,1,1,243301264
202100042052,2021-04-29,2021,avril,jeudi,13:15,75,75119,48.885335,2.371821,2,3,3,1,1,4,1,2,1,1,,-1,1,0,5,4,1,14,5,2,,0,2,1,19,202100042052A01,1,1,1,200054781
202100042052,2021-04-29,2021,avril,jeudi,13:15,75,75119,48.885335,2.371821,2,3,3,1,1,4,1,2,1,1,,-1,1,0,5,1,1,38,5,2,,0,2,1,1,202100042052B01,1,19,1,200054781
202100042057,2021-04-29,2021,avril,jeudi,18:30,75,75111,48.85404,2.373765,2,1,3,1,1,4,1,1,1,1,,-1,1,0,5,4,1,31,1,2,,0,2,2,1,202100042057B01,30,9,1,200054781
202100042060,2021-04-29,2021,avril,jeudi,11:20,75,75107,48.858596,2.321666,2,1,3,1,1,4,1,1,1,1,,-1,1,0,1,4,1,27,4,2,,0,2,3,1,202100042060B01,7,17,1,200054781
202100042099,2021-04-28,2021,avril,mercredi,15:45,44,44213,47.38485,-1.029153,2,2,2,1,1,3,2,2,1,1,,-1,1,0,1,3,1,80,5,2,,0,2,1,1,202100042099B01,2,15,1,244400552
202100042103,2021-04-30,2021,avril,vendredi,15:30,50,50582,48.702029,-0.927395,1,1,1,1,1,3,-1,1,2,2,,-1,9,1,8,3,1,84,5,2,,6,0,1,15,202100042103A01,,,,200069425
202100042108,2021-04-30,2021,avril,vendredi,12:30,27,27511,49.144966,0.995303,2,3,3,1,1,3,2,2,1,1,,-1,1,0,1,3,1,14,5,2,,0,2,1,19,202100042108B01,7,1,1,242700607
202100042109,2021-04-29,2021,avril,jeudi,10:00,27,27576,49.164967,0.847363,2,1,3,1,1,4,2,2,4,2,,-1,1,0,1,1,1,64,5,1,2,0,2,8,2,202100042109B01,1,2,1,242700607
202100042109,2021-04-29,2021,avril,jeudi,10:00,27,27576,49.164967,0.847363,2,1,3,1,1,4,2,2,4,2,,-1,1,0,1,3,1,70,5,1,2,0,2,8,2,202100042109A01,1,2,1,242700607
202100042125,2021-04-29,2021,avril,jeudi,18:05,89,89289,47.95391,3.368113,2,1,3,1,1,3,2,2,2,1,,-1,1,0,1,4,2,29,5,1,2,0,2,1,1,202100042125A01,2,10,1,248900938
202100042133,2021-04-29,2021,avril,jeudi,17:45,44,44047,47.234559,-1.67247,2,1,2,1,1,4,2,2,1,1,,7,1,0,1,3,2,72,5,2,,0,0,4,9,202100042133A01,7,1,1,244400404
202100042151,2021-04-27,2021,avril,mardi,07:12,974,97411,-20.89745,55.47574,2,9,1,2,3,2,2,2,1,3,,-1,2,9,5,1,2,19,2,2,,0,2,1,25,202100042151A01,60,0,1,249740119
202100042172,2021-04-28,2021,avril,mercredi,01:31,63,63113,45.7837,3.07669,2,2,3,5,1,7,1,2,1,1,,-1,1,0,1,3,1,27,0,2,,0,2,0,19,202100042172A01,10,19,1,246300701
202100042186,2021-04-28,2021,avril,mercredi,18:55,35,35238,48.09744,-1.64203,2,3,6,1,1,4,2,2,1,1,,-1,1,5,1,4,1,41,1,2,,0,2,1,15,202100042186B01,7,15,1,243500139
202100042210,2021-04-28,2021,avril,mercredi,20:20,75,75118,48.885561,2.34953,2,2,3,1,1,4,1,4,2,1,,-1,1,0,5,4,1,31,9,2,,0,2,2,1,202100042210B01,7,22,1,200054781
202100042212,2021-04-28,2021,avril,mercredi,13:50,75,75115,48.844832,2.29398,2,7,6,1,1,4,2,2,1,1,,-1,1,0,5,1,1,40,4,2,,0,1,1,1,202100042212A01,,,,200054781
202100042215,2021-04-27,2021,avril,mardi,12:45,75,75104,48.853251,2.368612,2,7,1,1,1,4,1,4,1,3,,-1,1,0,5,4,1,28,9,1,2,0,2,1,5,202100042215A01,1,1,1,200054781
202100042215,2021-04-27,2021,avril,mardi,12:45,75,75104,48.853251,2.368612,2,7,1,1,1,4,1,4,1,3,,-1,1,0,5,1,1,36,9,1,2,0,2,1,1,202100042215B01,1,5,1,200054781
202100042216,2021-04-27,2021,avril,mardi,09:00,75,75103,48.865459,2.356123,2,2,3,1,1,4,1,2,1,1,,-1,1,0,1,4,2,34,9,1,2,0,2,7,19,202100042216B01,32,21,1,200054781
202100042264,2021-04-29,2021,avril,jeudi,08:45,81,81099,43.899918,1.898553,2,7,3,1,2,3,2,2,1,1,,-1,2,9,8,4,1,18,1,2,,0,2,2,26,202100042264B01,7,1,1,200066124
202100042323,2021-04-27,2021,avril,mardi,13:45,29,29232,47.99359,-4.09589,2,3,3,1,1,4,2,2,1,1,,-1,1,5,1,4,1,47,0,1,2,0,2,7,17,202100042323B01,7,15,1,200068120
202100042344,2021-04-27,2021,avril,mardi,17:20,75,75119,48.880704,2.373963,2,1,2,1,1,4,2,2,2,3,,-1,1,0,1,4,1,38,9,2,,0,2,4,17,202100042344B01,7,1,1,200054781
202100042347,2021-04-27,2021,avril,mardi,15:35,75,75117,48.883268,2.312745,2,5,3,1,1,4,1,2,1,1,,-1,1,0,5,4,1,36,9,2,,0,2,8,1,202100042347B01,33,1,1,200054781
202100042352,2021-04-27,2021,avril,mardi,17:15,75,75115,48.846879,2.292414,2,2,3,1,1,4,2,2,1,1,,-1,1,0,1,4,1,38,5,2,,0,2,7,1,202100042352A01,7,1,1,200054781
202100042355,2021-04-27,2021,avril,mardi,10:20,75,75111,48.863051,2.371302,2,3,3,1,1,4,2,4,1,1,,-1,1,0,1,4,2,32,9,1,2,0,2,1,15,202100042355A01,43,17,1,200054781
202100042359,2021-04-15,2021,avril,jeudi,17:00,75,75107,48.862779,2.311658,2,3,7,1,1,4,2,4,1,1,,-1,1,0,1,4,2,28,1,1,2,0,0,0,1,202100042359A01,,,,200054781
202100042457,2021-03-04,2021,mars,jeudi,13:20,65,65047,43.2474453298,0.0869691802,2,3,3,1,1,3,2,2,1,1,,-1,1,0,1,4,1,22,1,2,,0,2,0,1,202100042457B01,7,9,1,200069300
202100042478,2021-04-26,2021,avril,lundi,18:20,27,27701,49.272736,1.22085,2,1,3,1,1,4,2,2,1,1,,-1,1,0,1,3,1,15,0,2,,0,2,8,0,202100042478B01,7,1,1,200089456
202100042494,2021-04-26,2021,avril,lundi,19:25,75,75119,48.889863,2.380043,2,1,2,1,1,4,1,1,1,1,,-1,1,0,1,4,2,32,9,1,2,0,2,3,1,202100042494B01,10,4,1,200054781
202100042494,2021-04-26,2021,avril,lundi,19:25,75,75119,48.889863,2.380043,2,1,2,1,1,4,1,1,1,1,,-1,1,0,1,1,2,3,9,1,3 / 2,0,2,3,1,202100042494B01,10,4,1,200054781
202100042507,2021-04-26,2021,avril,lundi,08:00,75,75102,48.868587,2.34973,2,2,7,1,1,4,1,1,1,1,,-1,1,0,1,4,1,47,1,2,,0,0,0,1,202100042507A01,,,,200054781
202100042508,2021-04-25,2021,avril,dimanche,13:10,75,75104,48.854393,2.354986,2,2,3,1,1,4,2,4,1,1,,-1,1,0,5,4,1,25,9,2,,0,2,1,1,202100042508B01,7,16,1,200054781
202100042523,2021-04-27,2021,avril,mardi,11:00,80,80835,49.974385,2.112449,1,1,1,1,1,3,2,2,2,1,,-1,1,0,1,2,1,20,5,1,2,0,0,1,1,202100042523B01,21,1,1,200071223
202100042527,2021-04-24,2021,avril,samedi,17:50,61,61446,48.756695,0.47896,1,1,7,1,1,3,2,2,2,4,,-1,1,0,3,4,1,10,5,1,2,13,0,1,19,202100042527A01,,,,200069458
202100042528,2021-04-24,2021,avril,samedi,19:00,49,49180,47.375729,-0.110783,2,2,3,1,1,4,3,-1,1,1,,-1,1,0,1,3,1,17,5,2,,0,2,1,19,202100042528B01,7,1,1,200071876
202100042531,2021-04-26,2021,avril,lundi,17:30,68,68349,47.605595,7.571179,2,2,3,1,1,3,2,2,1,1,,-1,1,0,1,3,1,54,5,1,2,0,2,1,1,202100042531B01,7,15,1,200066058
202100042537,2021-04-27,2021,avril,mardi,11:55,05,05127,44.486176,6.273435,1,1,7,1,1,3,2,2,2,2,,-1,1,0,1,4,1,63,5,1,2,0,0,7,2,202100042537A01,,,,200067320
202100042544,2021-04-26,2021,avril,lundi,18:10,28,28057,48.259184,1.375426,2,1,3,1,1,9,2,0,1,1,,0,1,0,1,4,2,5,5,2,,0,2,1,0,202100042544B01,10,20,1,242852465
202100042551,2021-04-23,2021,avril,vendredi,18:00,84,84065,43.745615,5.307266,1,6,3,1,1,3,1,1,1,2,,-1,1,5,1,4,1,74,5,2,,0,2,7,1,202100042551B01,7,9,1,200040442
202100042555,2021-04-26,2021,avril,lundi,12:50,88,88173,48.359471,6.243539,1,1,7,1,1,3,2,2,1,1,,-1,1,8,1,3,1,57,5,1,2,0,0,1,18,202100042555A01,,,,200068757
202100042557,2021-04-26,2021,avril,lundi,15:00,49,49301,47.156491,-1.16387,1,1,6,1,1,3,2,2,2,1,,-1,1,0,1,3,1,69,0,2,,0,2,0,9,202100042557B01,7,1,1,200060010
202100042560,2021-04-27,2021,avril,mardi,17:00,22,22364,48.437202,-2.112122,2,1,3,1,7,3,2,2,1,3,,-1,1,0,1,4,2,72,5,1,2 / 4 / 9,0,2,3,1,202100042560B01,7,17,1,200068989
202100042595,2021-04-23,2021,avril,vendredi,13:40,29,29232,47.99253,-4.08247,2,1,1,1,1,4,2,2,1,1,,-1,1,8,1,4,1,33,1,2,,0,2,1,13,202100042595B01,7,1,1,200068120
202100042597,2021-04-25,2021,avril,dimanche,17:55,27,27229,49.01931,1.11895,2,1,2,1,1,3,2,0,1,1,,-1,1,0,1,4,1,44,2,1,2,0,0,4,15,202100042597B01,31,2,1,200071454
202100042601,2021-04-25,2021,avril,dimanche,02:40,75,75120,48.868307,2.38818,2,2,3,5,1,4,2,2,2,1,,-1,1,0,1,4,1,19,5,2,,0,2,1,1,202100042601B01,7,1,1,200054781
202100042603,2021-04-25,2021,avril,dimanche,10:45,75,75112,48.835891,2.405671,2,2,3,1,1,4,2,2,1,1,,-1,1,0,5,4,2,30,5,2,,0,2,1,1,202100042603B01,7,16,1,200054781
202100042626,2021-04-24,2021,avril,samedi,18:30,57,57706,48.825023,6.769794,1,1,2,1,1,3,2,2,4,1,,-1,1,0,1,3,1,56,5,1,2,0,0,3,1,202100042626B01,7,1,1,245701206
202100042630,2021-04-26,2021,avril,lundi,12:15,69,69133,45.633665261,4.7907040791,1,1,1,1,8,4,2,2,2,3,,-1,1,0,1,4,2,50,5,1,2,0,2,1,15,202100042630B01,7,1,1,246900757
202100042640,2021-04-25,2021,avril,dimanche,10:06,64,64495,43.351295,-1.54948,2,6,3,1,8,3,-1,1,1,2,,-1,1,5,1,3,1,69,5,1,2,0,2,3,1,202100042640B01,7,16,1,200067106
202100042643,2021-04-21,2021,avril,mercredi,11:49,974,97410,-21.048871,55.71358,2,6,3,1,1,4,1,2,1,2,,4,1,5,1,4,1,16,5,1,9,11,2,8,17,202100042643A01,37,1,1,249740093
202100042684,2021-04-24,2021,avril,samedi,22:15,54,54395,48.7011791434,6.1768108606,2,4,3,5,1,4,1,2,1,1,,-1,1,0,1,4,1,48,0,1,2,0,2,7,1,202100042684A01,7,1,1,245400676
202100042699,2021-04-22,2021,avril,jeudi,13:10,75,75116,48.863642,2.237093,2,1,4,1,1,4,1,1,1,3,,-1,1,-1,5,4,1,23,5,1,2,0,2,5,2,202100042699B01,1,2,2,200054781
202100042699,2021-04-22,2021,avril,jeudi,13:10,75,75116,48.863642,2.237093,2,1,4,1,1,4,1,1,1,3,,-1,1,-1,5,4,1,35,5,1,2,0,2,1,2,202100042699A01,1,2,2,200054781
202100042699,2021-04-22,2021,avril,jeudi,13:10,75,75116,48.863642,2.237093,2,1,4,1,1,4,1,1,1,3,,-1,1,-1,5,1,1,36,5,1,2,0,2,1,2,202100042699C01,1,2,2,200054781
202100042700,2021-04-22,2021,avril,jeudi,11:15,75,75116,48.8783322045,2.2810739279,2,7,3,1,1,4,2,4,1,3,,-1,1,0,1,4,1,39,5,2,,0,2,8,18,202100042700B01,14,1,1,200054781
202100042703,2021-04-24,2021,avril,samedi,12:20,75,75112,48.844403,2.4402,2,1,3,1,1,4,2,4,1,1,,-1,1,-1,5,4,2,50,5,1,2,0,2,2,1,202100042703B01,7,9,1,200054781
202100042704,2021-04-24,2021,avril,samedi,10:45,75,75112,48.834239,2.442464,2,1,3,1,1,4,3,1,1,1,,-1,1,-1,5,1,1,32,5,1,2,0,2,8,19,202100042704B01,1,1,1,200054781
202100042704,2021-04-24,2021,avril,samedi,10:45,75,75112,48.834239,2.442464,2,1,3,1,1,4,3,1,1,1,,-1,1,-1,5,4,1,43,5,1,2,0,2,1,1,202100042704A01,1,19,1,200054781
202100042705,2021-04-24,2021,avril,samedi,19:00,75,75111,48.8528225019,2.3884873746,2,4,3,1,1,4,2,2,1,1,,-1,1,-1,5,4,1,25,9,1,2,0,2,1,1,202100042705B01,7,15,1,200054781
202100042708,2021-04-24,2021,avril,samedi,15:45,75,75101,48.863164,2.335533,2,5,2,1,1,4,-1,0,1,3,,-1,1,0,1,4,2,37,9,2,,0,2,4,12,202100042708B01,7,1,1,200054781
202100042729,2021-04-24,2021,avril,samedi,12:01,01,01353,45.983216,4.790125,1,1,2,1,1,3,2,2,1,2,,-1,1,0,1,3,1,61,5,1,2,0,0,4,2,202100042729B01,7,2,1,200042497
202100042734,2021-04-23,2021,avril,vendredi,18:00,74,74256,45.937258,6.628318,2,1,1,1,1,4,1,1,1,1,,3,1,0,1,3,1,14,5,2,,0,2,1,0,202100042734B01,7,1,1,200034882
202100042783,2021-04-24,2021,avril,samedi,16:00,01,01313,46.259772,6.080803,2,2,3,1,1,4,2,2,1,1,,-1,1,0,1,4,1,33,0,2,,0,2,1,9,202100042783B01,7,1,1,240100750
202100042791,2021-04-24,2021,avril,samedi,14:50,62,62089,50.829871,1.655571,1,1,2,1,1,3,2,2,1,1,,-1,1,0,1,3,1,22,5,2,,0,0,4,1,202100042791B01,7,17,1,246200380
202100042907,2021-04-23,2021,avril,vendredi,09:40,75,75105,48.846858,2.354044,2,1,2,1,1,4,2,1,2,1,,-1,1,0,1,4,1,26,2,1,2,0,2,1,1,202100042907A01,10,22,1,200054781
202100042914,2021-04-23,2021,avril,vendredi,09:45,75,75108,48.874849,2.301801,2,2,2,1,1,4,2,2,2,1,,-1,1,0,1,4,1,60,5,2,,0,2,1,1,202100042914A01,7,22,1,200054781
202100042915,2021-04-22,2021,avril,jeudi,22:10,75,75107,48.847389,2.318205,2,3,2,5,1,4,2,3,1,1,,-1,1,-1,5,4,1,32,9,2,,0,2,1,2,202100042915A01,7,23,1,200054781
202100042942,2021-04-23,2021,avril,vendredi,17:51,31,31418,43.622112,1.523623,2,1,1,1,1,7,2,2,2,1,,-1,1,0,1,3,1,45,5,1,2,0,2,1,1,202100042942A01,7,15,1,243100518
202100042943,2021-04-16,2021,avril,vendredi,18:30,68,68038,48.096301,7.436872,2,1,1,1,1,3,2,2,1,1,,-1,1,0,1,4,1,16,5,2,,0,0,1,1,202100042943B01,7,17,1,246800726
202100042952,2021-04-24,2021,avril,samedi,12:00,51,51149,48.9002,4.440612,2,2,3,1,1,3,2,2,1,1,,-1,1,5,1,4,1,65,5,1,2,0,2,7,1,202100042952B01,7,1,1,200043438
202100042964,2021-04-22,2021,avril,jeudi,15:25,35,35071,48.445166,-1.245886,1,1,6,1,1,3,2,2,1,1,,-1,1,0,1,4,1,72,5,1,2,0,9,1,0,202100042964A01,,,,200070688
202100042976,2021-04-24,2021,avril,samedi,07:45,13,13032,43.577904,5.336545,1,1,4,1,1,7,2,2,1,1,,-1,1,0,1,2,1,45,1,1,2,0,2,1,1,202100042976B01,7,17,1,200054807
202100042976,2021-04-24,2021,avril,samedi,07:45,13,13032,43.577904,5.336545,1,1,4,1,1,7,2,2,1,1,,-1,1,0,1,4,1,24,1,1,2,0,2,0,1,202100042976C01,7,17,1,200054807
202100042981,2021-04-22,2021,avril,jeudi,14:30,06,06128,43.691782,7.118266,1,1,3,1,7,4,2,2,2,4,,-1,1,0,1,3,1,54,5,1,2,0,2,2,0,202100042981B01,13,0,1,240600585
202100042986,2021-04-24,2021,avril,samedi,15:37,64,64230,43.209068,-0.395424,2,1,7,1,1,4,2,2,2,3,,-1,1,0,1,4,1,15,5,2,,0,0,0,1,202100042986A01,,,,200067254
202100042987,2021-04-23,2021,avril,vendredi,11:20,33,33554,44.886435,-0.469344,1,3,3,1,1,3,2,2,4,3,,-1,1,0,1,3,1,46,5,1,2,0,2,1,1,202100042987B01,7,15,1,243301249
202100043055,2021-04-22,2021,avril,jeudi,08:50,75,75120,48.852948,2.400779,2,2,6,1,1,4,1,1,1,1,,-1,1,0,1,4,1,48,9,2,,0,1,1,21,202100043055A01,,,,200054781
202100043062,2021-04-21,2021,avril,mercredi,13:55,75,75110,48.869627,2.362034,2,1,6,1,1,4,2,6,1,1,,-1,1,-1,5,4,1,30,5,2,,0,1,8,1,202100043062A01,,,,200054781
202100043063,2021-04-22,2021,avril,jeudi,18:00,75,75101,48.858989,2.339879,2,3,7,1,1,4,2,3,1,1,,-1,1,0,1,4,1,28,9,2,,0,2,0,21,202100043063A01,10,14,1,200054781
202100043087,2021-04-22,2021,avril,jeudi,15:20,74,74208,45.921259,6.71365,2,6,3,1,1,3,2,2,1,1,,-1,1,0,1,3,1,68,5,2,,0,2,2,1,202100043087A01,10,9,1,200034882
202100043090,2021-04-22,2021,avril,jeudi,14:15,32,32160,43.602654,1.154337,1,1,2,1,1,3,2,2,1,1,,-1,1,0,1,3,1,67,5,1,2,0,2,1,1,202100043090A01,1,1,1,200023620
202100043090,2021-04-22,2021,avril,jeudi,14:15,32,32160,43.602654,1.154337,1,1,2,1,1,3,2,2,1,1,,-1,1,0,1,1,1,71,5,1,2,0,2,4,1,202100043090B01,1,1,1,200023620
202100043091,2021-04-22,2021,avril,jeudi,17:20,47,47195,44.1347518763,0.3400436145,2,1,2,1,1,3,3,2,2,1,,-1,1,0,1,3,1,39,5,1,2,14,0,1,1,202100043091A01,7,15,1,200068948
202100043098,2021-04-23,2021,avril,vendredi,17:24,05,05132,44.684285,6.075193,2,3,1,1,1,3,2,2,1,3,,-1,1,0,1,4,1,36,5,1,2,0,2,1,1,202100043098B01,7,15,1,200068096
202100043106,2021-04-23,2021,avril,vendredi,15:50,41,41008,47.741217,1.543268,1,1,3,1,1,3,2,2,1,1,,-1,1,0,1,2,1,49,5,2,,0,2,1,1,202100043106B01,7,1,1,200055481
202100043107,2021-04-15,2021,avril,jeudi,16:10,66,66008,42.550614,2.999643,1,1,3,1,1,4,2,2,1,1,,-1,1,0,1,3,2,74,5,2,,0,2,8,1,202100043107B01,7,17,1,200043602
202100043110,2021-04-22,2021,avril,jeudi,13:20,33,33519,44.895936,-0.669222,1,1,1,1,1,4,2,2,1,1,,-1,1,2,5,1,1,21,0,2,,0,2,0,1,202100043110B01,1,1,1,243300316
202100043110,2021-04-22,2021,avril,jeudi,13:20,33,33519,44.895936,-0.669222,1,1,1,1,1,4,2,2,1,1,,-1,1,2,5,3,1,74,5,1,2,0,2,0,1,202100043110A01,1,1,1,243300316
202100043113,2021-04-18,2021,avril,dimanche,10:00,29,29103,48.438568,-4.268355,2,6,3,1,1,3,1,2,2,1,,-1,1,5,1,4,1,54,5,1,2,0,2,1,1,202100043113A01,7,15,1,242900801
202100043132,2021-04-21,2021,avril,mercredi,14:44,69,69382,45.7456016201,4.8248311242,2,1,6,1,8,4,1,1,1,1,,-1,1,0,5,1,2,24,1,2,,0,1,1,1,202100043132A01,,,,200046977
202100043190,2021-04-21,2021,avril,mercredi,16:53,06,06088,43.66778,7.20427,2,9,3,1,1,7,1,3,1,1,,-1,1,0,1,3,1,46,5,2,,0,2,6,1,202100043190B01,7,13,1,200030195
202100043200,2021-04-21,2021,avril,mercredi,16:10,75,75111,48.862869,2.387283,2,5,3,1,1,4,2,2,2,1,,-1,1,0,1,4,1,19,5,2,,0,2,3,10,202100043200A01,33,1,1,200054781
202100043201,2021-04-21,2021,avril,mercredi,14:10,75,75111,48.855901,2.383306,2,4,3,1,1,4,2,4,1,1,,-1,1,-1,5,4,1,49,5,1,2,0,2,3,1,202100043201B01,33,10,1,200054781
202100043203,2021-04-21,2021,avril,mercredi,13:00,75,75109,48.881877,2.330091,2,1,3,1,1,4,2,2,1,1,,-1,1,-1,5,4,2,31,9,1,2,0,2,1,1,202100043203B01,7,9,1,200054781
202100043205,2021-04-21,2021,avril,mercredi,12:30,75,75108,48.882447,2.327131,2,1,6,1,1,4,2,2,2,1,,-1,1,0,1,1,2,20,5,1,2,0,1,1,1,202100043205A01,,,,200054781
202100043225,2021-04-21,2021,avril,mercredi,18:55,17,17425,45.610157,-0.923823,2,1,3,1,1,4,2,2,2,1,,-1,1,0,1,3,2,19,5,2,,0,2,7,12,202100043225A01,10,1,1,241700640
202100043233,2021-04-21,2021,avril,mercredi,13:00,41,41190,47.80948,1.157631,1,1,2,1,1,3,2,2,1,1,,-1,1,0,1,3,1,52,5,1,2,0,0,4,2,202100043233B01,7,2,1,200072072
202100043247,2021-04-20,2021,avril,mardi,17:20,29,29108,48.001054,-4.335641,2,2,3,1,1,4,2,2,1,1,,5,1,9,1,4,1,15,5,2,,0,2,1,9,202100043247A01,10,1,1,242900710
202100043252,2021-04-22,2021,avril,jeudi,15:50,54,54238,48.4081878552,6.2547826776,2,1,7,1,1,3,4,2,1,1,,-1,1,0,1,2,1,83,5,1,2,0,0,1,3,202100043252A01,,,,200035772
202100043255,2021-04-21,2021,avril,mercredi,14:00,45,45196,47.8465979978,1.7914614036,2,3,3,1,1,4,2,2,1,1,,5,1,0,1,3,1,11,5,2,,0,2,8,15,202100043255B01,7,1,1,200070183
202100043256,2021-04-22,2021,avril,jeudi,18:15,18,18013,46.760701,2.55622,1,1,7,1,1,3,2,2,1,1,,-1,1,0,3,2,1,76,5,2,,16,0,1,13,202100043256A01,,,,200036135
202100043259,2021-04-19,2021,avril,lundi,10:20,07,07319,44.553799,4.688316,2,6,3,1,1,2,2,2,1,2,,-1,1,5,1,3,1,86,5,1,2,0,2,7,1,202100043259B01,7,1,1,200071405
202100043261,2021-04-21,2021,avril,mercredi,10:20,04,04004,43.806868,6.006507,1,1,7,1,1,3,2,2,2,1,,-1,1,0,1,3,1,60,5,2,,0,0,7,1,202100043261A01,,,,200034700
202100043282,2021-04-20,2021,avril,mardi,16:00,26,26250,45.032652,4.892993,1,1,3,1,1,3,2,2,1,1,,-1,1,0,1,3,1,61,5,1,2 / 6,0,9,0,1,202100043282A01,21,26,1,200073096
202100043289,2021-04-22,2021,avril,jeudi,19:30,59,59534,50.122791,3.893524,1,2,3,1,1,3,2,2,4,1,,-1,1,0,1,3,1,16,5,2,,0,2,1,1,202100043289B01,7,1,1,200043263
202100043351,2021-04-20,2021,avril,mardi,09:20,75,75115,48.840387,2.315132,2,2,3,1,1,4,1,1,1,1,,-1,1,-1,5,4,2,33,9,1,2 / 6,0,2,3,1,202100043351B01,7,15,1,200054781
202100043381,2021-04-20,2021,avril,mardi,15:45,49,49050,47.354234,-0.450284,2,1,6,1,1,4,2,2,4,2,,-1,1,0,8,3,1,13,5,2,,6,0,1,1,202100043381A01,,,,200071553
202100043462,2021-04-18,2021,avril,dimanche,17:10,75,75104,48.850464,2.360248,2,1,2,1,8,4,1,2,1,1,,-1,1,2,1,4,1,54,3,2,,0,2,1,1,202100043462A01,7,23,1,200054781
202100043503,2021-04-20,2021,avril,mardi,16:00,46,46231,44.500908,1.109464,1,2,3,1,1,4,2,2,1,1,,-1,1,0,1,2,1,69,3,2,,0,2,1,1,202100043503B01,7,1,1,244600433
202100043506,2021-04-20,2021,avril,mardi,11:00,50,50256,48.616491,-1.212831,2,3,3,1,1,3,2,2,1,1,,-1,1,0,1,3,1,12,5,2,,0,2,0,15,202100043506B01,7,21,1,200069425
202100043556,2021-04-18,2021,avril,dimanche,14:30,75,75119,48.877699,2.381287,2,3,3,1,1,4,2,2,1,2,,-1,1,0,1,4,1,35,9,1,2,0,2,1,1,202100043556B01,7,22,1,200054781
202100043557,2021-04-17,2021,avril,samedi,20:00,75,75117,48.894998,2.317661,2,4,3,1,1,4,1,1,1,1,,-1,1,-1,5,4,1,21,4,2,,0,2,1,1,202100043557B01,30,9,1,200054781
202100043572,2021-04-18,2021,avril,dimanche,15:55,88,88115,48.16874,6.880059,2,1,3,1,1,4,2,2,2,2,,-1,1,0,1,3,1,15,5,1,2,0,2,1,19,202100043572B01,10,21,1,200071066