Num_Acc,date,an,mois,jour,hrmn,dep,com,lat,long,agg,int,col,lum,atm,catr,circ,nbv,prof,plan,lartpc,larrout,surf,infra,situ,grav,sexe,age,trajet,secuexist,equipement,obs,obsm,choc,manv,vehiculeid,typevehicules,manoeuvehicules,numVehicules,_infos_commune.code_epci
202100043577,2021-04-18,2021,avril,dimanche,15:00,56,56041,48.116987,-3.0361,1,1,7,1,1,4,2,2,2,1,,-1,1,0,1,3,2,72,5,2,,0,0,0,1,202100043577A01,,,,245614433
202100043584,2021-04-19,2021,avril,lundi,14:55,38,38082,45.427713,5.515224,2,1,3,1,1,3,2,2,1,1,,-1,1,0,1,3,1,12,5,1,2,0,2,1,13,202100043584B01,7,0,1,243800984
202100043592,2021-04-14,2021,avril,mercredi,15:00,27,27074,49.153577,0.652313,2,1,1,1,1,4,2,2,1,1,,-1,1,0,1,3,1,10,5,1,2,0,2,8,19,202100043592B01,10,1,1,200066413
202100043596,2021-03-14,2021,mars,dimanche,10:50,84,84122,44.097048,4.945382,1,1,1,1,6,3,2,2,1,2,,-1,1,0,1,3,1,53,5,2,,0,2,3,1,202100043596B01,2,1,1,248400053
202100043596,2021-03-14,2021,mars,dimanche,10:50,84,84122,44.097048,4.945382,1,1,1,1,6,3,2,2,1,2,,-1,1,0,1,1,1,50,5,1,2,0,2,3,1,202100043596C01,2,1,1,248400053
202100043600,2021-04-17,2021,avril,samedi,11:50,14,14106,49.240024,-0.225917,2,1,2,1,1,3,2,2,1,1,,-1,1,0,1,3,1,66,5,1,2,0,2,1,1,202100043600A01,1,2,1,200065563
202100043600,2021-04-17,2021,avril,samedi,11:50,14,14106,49.240024,-0.225917,2,1,2,1,1,3,2,2,1,1,,-1,1,0,1,1,1,72,5,1,2,0,2,4,2,202100043600B01,1,1,1,200065563
202100043646,2021-04-15,2021,avril,jeudi,10:00,75,75105,48.8445754175,2.3642498445,2,7,3,1,1,4,2,3,1,3,,-1,1,0,1,4,2,45,5,1,2,0,2,4,13,202100043646B01,14,1,1,200054781
202100043651,2021-04-17,2021,avril,samedi,16:40,75,75113,48.8316990236,2.3443740606,2,4,2,1,1,4,2,2,1,1,,-1,1,0,1,4,2,31,9,2,,0,2,6,15,202100043651B01,32,2,1,200054781
202100043652,2021-04-17,2021,avril,samedi,16:20,75,75110,48.870692,2.35654,2,3,2,1,1,4,1,2,1,1,,-1,1,0,1,4,2,34,9,1,2,0,2,1,1,202100043652B01,7,22,1,200054781
202100043674,2021-03-24,2021,mars,mercredi,15:50,83,83031,43.394417,6.331467,2,6,2,1,1,3,2,2,1,1,,-1,1,0,1,3,1,49,0,2,,0,0,5,1,202100043674B01,7,9,1,248300550
202100043678,2021-04-18,2021,avril,dimanche,14:53,32,32458,43.735008,-0.013592,1,2,3,1,1,3,2,2,1,1,,-1,1,4,1,3,1,70,5,1,2,0,2,3,1,202100043678B01,7,15,1,243200409
202100043688,2021-04-17,2021,avril,samedi,15:20,50,50272,48.941417,-1.537507,1,2,3,1,1,4,2,2,1,1,,-1,1,9,1,3,2,60,5,1,2 / 6,0,2,3,1,202100043688B01,7,1,1,200067023
202100043698,2021-04-14,2021,avril,mercredi,14:40,88,88332,48.224369,5.926931,1,1,2,1,1,3,2,2,1,1,,-1,1,0,1,3,2,85,5,1,2,0,2,4,2,202100043698B01,7,2,1,200068682
202100043708,2021-04-17,2021,avril,samedi,14:50,21,21565,47.206104,5.011649,2,4,3,1,1,3,2,2,3,2,,-1,1,0,1,3,1,59,5,1,2,0,2,1,1,202100043708A01,7,1,1,200070894
202100043710,2021-04-18,2021,avril,dimanche,11:45,38,38442,45.31738,5.79919,1,1,6,1,1,3,2,2,2,2,,-1,1,0,1,4,1,17,5,2,,0,0,0,1,202100043710A01,,,,200040111
202100043714,2021-04-17,2021,avril,samedi,17:30,53,53094,48.001933,-0.712287,2,1,3,1,1,3,2,2,2,1,,-1,1,6,1,4,1,13,5,2,,0,2,7,19,202100043714B01,10,1,1,200083392
202100043716,2021-04-18,2021,avril,dimanche,17:30,76,76522,49.52795,0.40859,1,1,1,1,1,3,2,2,1,1,,-1,1,0,1,3,1,13,5,2,,0,2,6,9,202100043716A01,7,1,1,200084952
202100043792,2021-04-15,2021,avril,jeudi,08:40,75,75120,48.865872,2.399334,2,4,3,1,1,4,2,3,2,1,,-1,1,-1,5,3,2,55,9,1,2,0,2,3,1,202100043792B01,37,16,1,200054781
202100043819,2021-04-17,2021,avril,samedi,15:20,36,36034,47.257996,1.653689,2,1,6,1,8,4,2,2,2,1,,-1,1,0,1,3,1,14,5,2,,0,9,1,0,202100043819A01,,,,243600202
202100043839,2021-03-25,2021,mars,jeudi,10:00,971,97117,16.32692,-61.366244,1,2,3,1,1,3,2,2,1,1,,-1,1,0,1,3,1,56,5,1,2,0,2,1,19,202100043839B01,7,1,1,200044691
202100043892,2021-04-15,2021,avril,jeudi,16:10,27,27229,49.02315,1.12446,2,1,2,1,1,3,2,2,1,1,,-1,1,0,1,4,1,44,5,1,2,0,2,4,15,202100043892B01,2,17,1,200071454
202100043892,2021-04-15,2021,avril,jeudi,16:10,27,27229,49.02315,1.12446,2,1,2,1,1,3,2,2,1,1,,-1,1,0,1,4,1,1,5,1,3,0,2,4,15,202100043892B01,2,17,1,200071454
202100043907,2021-04-15,2021,avril,jeudi,09:30,75,75114,48.833253,2.331536,2,3,3,1,1,4,2,4,1,1,,-1,1,0,1,4,1,43,1,1,2,0,2,4,21,202100043907B01,32,1,1,200054781
202100043908,2021-04-14,2021,avril,mercredi,09:30,75,75114,48.832499,2.312166,2,1,2,1,1,4,2,2,1,1,,-1,1,0,1,4,2,58,5,1,2,0,2,4,17,202100043908B01,7,17,1,200054781
202100043914,2021-04-15,2021,avril,jeudi,13:30,75,75110,48.870274,2.349895,2,1,3,1,1,4,2,3,1,1,,-1,1,-1,5,4,1,27,4,1,2,0,2,1,1,202100043914B01,10,16,1,200054781
202100043950,2021-04-15,2021,avril,jeudi,05:50,68,68161,48.111368,7.293801,1,1,2,3,1,3,2,3,1,1,,-1,1,0,1,3,1,24,0,2,,0,0,4,1,202100043950A01,7,1,1,246800551
202100043984,2021-04-15,2021,avril,jeudi,11:15,17,17225,45.713967,-1.142369,2,2,3,1,1,3,2,2,1,1,,-1,1,5,1,3,2,63,5,2,,0,2,1,1,202100043984B01,7,16,1,241700640
202100044044,2021-04-14,2021,avril,mercredi,15:00,75,75119,48.890138,2.371692,2,1,3,1,1,4,1,2,1,1,,-1,1,-1,5,4,2,24,1,2,,0,2,1,5,202100044044A01,2,19,1,200054781
202100044047,2021-04-13,2021,avril,mardi,17:00,75,75115,48.84717,2.289321,2,3,7,1,1,4,1,1,1,1,,-1,1,0,1,4,2,76,9,2,,0,2,1,21,202100044047A01,,,,200054781
202100044049,2021-04-14,2021,avril,mercredi,14:25,75,75110,48.8747997902,2.3572348779,2,5,1,1,1,4,1,0,1,1,,-1,1,-1,5,4,1,33,9,2,,0,2,1,1,202100044049B01,50,5,1,200054781
202100044050,2021-04-14,2021,avril,mercredi,11:20,75,75109,48.882049,2.337525,2,7,6,1,1,4,1,2,1,3,,-1,1,0,1,1,1,24,1,2,,0,1,8,5,202100044050A01,,,,200054781
202100044052,2021-04-14,2021,avril,mercredi,12:00,75,75104,48.855067603,2.3616632115,2,4,6,1,1,4,2,4,1,1,,-1,1,-1,5,4,1,30,1,1,2,12,0,1,14,202100044052A01,,,,200054781
202100044053,2021-04-14,2021,avril,mercredi,10:00,75,75103,48.866242,2.352533,2,2,3,1,1,4,1,4,1,1,,-1,1,-1,6,4,1,31,1,2,,0,2,8,7,202100044053B01,10,16,1,200054781
202100044072,2021-04-15,2021,avril,jeudi,14:50,68,68005,48.128869,7.298092,2,3,3,1,1,4,2,2,1,1,,-1,1,0,1,3,1,63,5,2,,0,0,8,15,202100044072B01,10,1,1,246800551
202100044100,2021-04-13,2021,avril,mardi,11:20,69,69040,45.801898,4.792437,2,1,1,1,1,4,1,1,2,3,,-1,1,0,1,4,1,48,4,1,2 / 4,0,2,1,5,202100044100A01,7,1,1,200046977
202100044103,2021-04-15,2021,avril,jeudi,08:55,59,59011,50.539781,2.921033,1,1,3,1,1,7,2,2,1,1,,-1,1,0,1,4,1,19,0,2,,0,2,8,9,202100044103A01,13,1,1,200093201
202100044160,2021-04-13,2021,avril,mardi,08:40,75,75120,48.871165,2.396543,2,1,6,1,1,4,2,2,2,1,,-1,1,-1,5,1,1,31,1,2,,0,1,1,1,202100044160A01,,,,200054781
202100044169,2021-04-13,2021,avril,mardi,09:20,75,75110,48.875224,2.370318,2,2,3,1,1,4,2,0,2,1,,-1,1,0,1,4,2,24,3,2,,0,2,8,9,202100044169B01,32,1,1,200054781
202100044171,2021-04-13,2021,avril,mardi,13:50,75,75101,48.863399,2.350949,2,2,3,1,1,4,2,4,1,1,,-1,1,-1,5,4,1,42,5,2,,0,2,1,15,202100044171A01,7,1,1,200054781
202100044186,2021-04-13,2021,avril,mardi,14:00,92,92025,48.9230844966,2.2540450577,2,3,3,1,1,3,2,4,1,1,,-1,1,0,1,4,1,15,5,2,,0,2,1,19,202100044186B01,10,16,1,200054781
202100044192,2021-04-14,2021,avril,mercredi,17:30,2B,2B286,42.485802,9.484307,2,1,1,1,1,4,2,2,1,1,,-1,1,0,1,4,1,50,5,2,,0,2,3,1,202100044192B01,7,1,1,200073252
202100044209,2021-04-13,2021,avril,mardi,12:40,78,78683,48.813187,1.881816,2,3,1,1,1,4,2,2,2,1,,-1,1,0,1,4,1,41,5,1,2,0,2,1,1,202100044209A01,10,15,1,247800618
202100044259,2021-02-19,2021,février,vendredi,15:36,63,63113,45.76727,3.10632,2,1,3,1,1,4,2,4,1,1,,-1,1,0,1,4,1,29,0,2,,0,2,1,19,202100044259B01,7,1,1,246300701
202100044260,2021-02-19,2021,février,vendredi,12:20,63,63113,45.76704,3.10669,2,1,6,1,1,4,2,3,1,1,,-1,1,0,1,4,2,52,4,2,,1,0,1,1,202100044260B01,10,22,1,246300701
202100044267,2021-04-12,2021,avril,lundi,16:40,54,54304,48.6947121108,6.1379329115,2,6,3,1,1,4,4,3,2,1,,-1,1,5,1,3,1,27,0,1,2,0,2,8,1,202100044267B01,7,1,1,245400676
202100044293,2021-04-12,2021,avril,lundi,18:35,75,75120,48.865074363,2.3983442728,2,7,3,1,8,4,2,2,2,1,,-1,1,0,1,4,1,58,1,2,,0,2,3,1,202100044293A01,33,1,1,200054781
202100044294,2021-04-12,2021,avril,lundi,08:50,75,75119,48.888552,2.379224,2,3,3,1,1,4,1,1,1,1,,-1,1,0,1,4,1,33,9,2,,0,2,8,19,202100044294B01,7,15,1,200054781
202100044296,2021-04-12,2021,avril,lundi,10:50,75,75117,48.886956,2.303036,2,1,3,1,1,4,1,1,1,1,,-1,1,0,1,4,2,20,9,2,,0,2,1,1,202100044296A01,7,22,1,200054781
202100044303,2021-04-12,2021,avril,lundi,10:45,75,75104,48.851206,2.362686,2,3,6,1,1,4,2,3,1,1,,-1,1,0,1,1,1,29,1,2,,0,1,1,1,202100044303A01,,,,200054781
202100044320,2021-04-12,2021,avril,lundi,18:10,37,37074,47.2476339248,0.1610974968,2,3,2,1,1,3,2,2,2,1,,-1,1,0,1,3,1,13,5,2,,0,2,4,15,202100044320B01,3,1,1,200043081
202100044328,2021-04-12,2021,avril,lundi,10:30,14,14191,49.3223279825,-0.4558146,2,6,2,1,1,3,1,1,1,3,,-1,1,0,1,2,2,61,0,2,,0,0,4,1,202100044328B01,0,0,1,241400860
202100044335,2021-04-12,2021,avril,lundi,18:20,40,40046,44.386156,-1.167582,2,3,2,1,7,4,2,2,1,1,,-1,1,0,1,3,2,67,3,2,,0,0,4,1,202100044335B01,7,2,1,244000873
202100044393,2021-04-10,2021,avril,samedi,15:35,32,32180,43.877804,0.216079,1,1,7,1,1,3,2,2,4,3,,-1,1,0,1,3,1,70,5,1,2,0,0,9,1,202100044393A01,,,,243200417
202100044457,2021-04-10,2021,avril,samedi,11:35,54,54547,48.65525,6.1629,2,4,3,1,1,4,2,2,3,1,,-1,1,0,1,4,1,44,0,1,2,0,2,1,16,202100044457A01,7,1,1,245400676
202100044482,2021-04-10,2021,avril,samedi,21:35,75,75114,48.8385553098,2.3226102324,2,4,6,5,3,4,2,4,1,1,,-1,2,0,1,4,1,18,4,1,2,0,2,1,1,202100044482B01,7,9,1,200054781
202100044483,2021-04-10,2021,avril,samedi,10:15,75,75114,48.825325,2.31638,2,1,3,1,2,4,3,3,1,1,,-1,2,-1,5,4,1,31,5,1,2,0,2,1,1,202100044483B01,7,16,1,200054781
202100044487,2021-04-10,2021,avril,samedi,02:30,75,75109,48.8745,2.34081,2,1,7,5,2,4,1,1,1,1,,-1,2,0,1,4,2,28,9,1,2,0,0,0,1,202100044487A01,,,,200054781
202100044506,2021-04-10,2021,avril,samedi,17:20,12,12052,44.580526,2.077226,2,4,3,1,1,4,2,2,1,1,,-1,1,0,1,4,1,15,5,2,,0,2,7,2,202100044506A01,1,2,1,200067361
202100044506,2021-04-10,2021,avril,samedi,17:20,12,12052,44.580526,2.077226,2,4,3,1,1,4,2,2,1,1,,-1,1,0,1,1,1,15,5,2,,0,2,1,2,202100044506B01,1,2,1,200067361
202100044566,2021-04-09,2021,avril,vendredi,17:40,53,53130,48.064795,-0.790202,2,1,3,1,8,4,-1,0,1,1,,-1,1,5,5,3,2,89,5,1,2,0,2,3,19,202100044566B01,0,18,1,200083392
202100044592,2021-04-09,2021,avril,vendredi,11:00,75,75117,48.891561,2.318486,2,2,4,1,1,4,2,5,1,1,,-1,1,0,1,4,2,21,5,2,,0,2,8,16,202100044592B01,60 / 14,16,2,200054781
202100044594,2021-04-09,2021,avril,vendredi,13:15,75,75113,48.827677,2.356808,2,1,3,1,1,4,2,6,1,1,,-1,1,-1,5,4,1,43,5,2,,0,2,1,1,202100044594B01,2,9,1,200054781
202100044621,2021-03-09,2021,mars,mardi,07:55,71,71230,46.600821,4.050457,2,1,7,1,1,4,2,2,1,1,,-1,1,0,1,4,1,18,1,2,,0,0,0,0,202100044621A01,,,,200070316
202100044623,2021-04-10,2021,avril,samedi,11:00,39,39498,47.166154,5.795133,2,2,3,1,1,4,2,2,1,1,,-1,1,0,1,4,1,54,5,1,2,0,2,3,1,202100044623A01,7,19,1,243900560
202100044627,2021-04-09,2021,avril,vendredi,17:30,84,84009,43.786579,5.645224,1,3,3,1,1,3,2,2,1,1,,-1,1,0,1,3,1,58,5,1,2,0,0,8,15,202100044627A01,2,15,1,248400285
202100044640,2021-04-10,2021,avril,samedi,14:05,64,64478,43.28831,-0.438171,1,3,3,1,1,3,2,2,1,2,,-1,1,2,1,4,1,73,5,1,2,0,2,3,1,202100044640B01,7,1,1,200067254
202100044703,2021-04-07,2021,avril,mercredi,17:35,10,10321,48.2911718501,4.0295737982,2,3,3,1,1,3,2,2,1,1,,-1,1,0,1,4,1,40,1,2,,0,2,1,1,202100044703A01,7,23,1,200069250
202100044714,2021-04-08,2021,avril,jeudi,15:30,75,75114,48.819713,2.341356,2,1,6,1,1,4,2,6,2,1,,-1,1,-1,5,1,1,26,9,2,,0,1,7,1,202100044714A01,,,,200054781
202100044717,2021-04-08,2021,avril,jeudi,13:20,75,75105,48.844786,2.365939,2,1,3,1,1,4,1,4,1,1,,-1,1,2,1,4,2,27,9,1,2,0,2,5,19,202100044717B01,43,1,1,200054781
202100044732,2021-04-08,2021,avril,jeudi,13:45,62,62473,50.627932,2.436261,1,1,3,1,1,3,2,1,4,1,,-1,1,0,5,4,2,67,5,2,,0,2,8,1,202100044732A01,7,1,1,200072460
202100044747,2021-04-08,2021,avril,jeudi,17:00,03,03195,46.287353,2.661738,2,1,7,1,1,3,2,2,1,1,,-1,9,8,1,3,1,79,5,1,2,0,0,1,0,202100044747A01,,,,200071512
202100044753,2021-04-08,2021,avril,jeudi,15:15,07,07289,44.628802,4.412969,2,3,3,1,1,3,2,2,2,1,,-1,1,0,1,3,1,8,5,2,,0,2,8,1,202100044753A01,7,1,1,200073245
202100044766,2021-04-08,2021,avril,jeudi,16:20,06,06075,43.849705,7.223518,2,1,1,1,1,7,2,2,1,1,,-1,1,0,1,3,1,17,1,2,,0,2,1,19,202100044766A01,38,1,1,200030195
202100044813,2021-04-06,2021,avril,mardi,16:01,63,63113,45.77367,3.07539,2,6,3,1,1,4,1,2,1,1,,-1,1,0,1,4,1,32,0,2,,0,2,7,0,202100044813B01,7,9,1,246300701
202100044838,2021-04-07,2021,avril,mercredi,19:15,75,75101,48.8644300946,2.3466914892,2,2,2,1,1,4,-1,3,1,1,,-1,1,0,1,4,1,22,9,2,,0,2,0,9,202100044838B01,7,1,1,200054781
202100044839,2021-04-07,2021,avril,mercredi,08:45,75,75103,48.8673377785,2.3633641762,2,3,3,1,1,4,2,6,1,1,,-1,1,0,1,4,2,40,9,2,,0,2,8,18,202100044839B01,13,15,1,200054781
202100044863,2021-04-08,2021,avril,jeudi,12:00,56,56033,47.80939,-2.125034,1,2,3,1,1,3,2,2,1,3,,-1,1,5,1,2,1,70,5,1,2,0,2,1,19,202100044863B01,7,1,1,200066785
202100044866,2021-04-07,2021,avril,mercredi,16:00,82,82112,44.125819,1.070405,1,3,3,1,1,3,2,2,1,1,,-1,1,0,1,3,1,13,5,2,,0,2,8,15,202100044866B01,7,17,1,200066322
202100044868,2021-04-07,2021,avril,mercredi,16:47,61,61097,48.485197,0.652104,2,3,3,1,1,4,2,2,1,3,,-1,1,0,1,3,1,10,5,2,,0,2,1,19,202100044868A01,7,1,1,200036069
202100044871,2021-04-07,2021,avril,mercredi,11:30,47,47203,44.387339,0.80367,1,3,3,1,1,3,2,2,1,1,,-1,1,0,1,4,1,26,3,2,,0,2,3,9,202100044871A01,10,1,1,200068930
202100044881,2021-04-07,2021,avril,mercredi,18:05,03,03118,46.096113,3.195825,2,3,3,1,1,4,2,2,2,1,,-1,1,0,1,3,1,13,5,2,,0,2,1,19,202100044881A01,7,1,1,200071389
202100044896,2021-04-07,2021,avril,mercredi,09:40,978,97801,18.066061,-63.073947,2,1,1,1,1,9,2,2,2,1,,-1,1,0,1,4,1,15,5,2,,0,2,1,2,202100044896B01,2,1,1,
202100044899,2021-04-08,2021,avril,jeudi,08:00,50,50531,48.683509,-1.259351,1,1,2,1,1,3,2,2,1,1,,-1,1,0,1,3,1,70,5,1,2 / 6,0,0,4,2,202100044899B01,10,1,1,200069425
202100044909,2021-04-06,2021,avril,mardi,18:50,69,69382,45.75271,4.82811,2,2,3,1,1,4,1,1,1,1,,-1,1,0,1,4,1,17,5,2,,0,2,7,1,202100044909Y01,7,1,1,200046977
202100044954,2021-04-06,2021,avril,mardi,09:30,29,29232,47.9872744275,-4.1273725033,2,6,3,1,9,4,-1,1,1,3,,-1,1,0,1,4,1,80,5,1,2,0,2,1,1,202100044954B01,7,0,1,200068120
202100044965,2021-04-02,2021,avril,vendredi,17:21,11,11262,43.18821,3.00359,2,1,1,1,1,4,2,2,1,1,,-1,1,9,6,4,2,27,9,2,,0,2,1,1,202100044965B01,38,26,1,241100593
202100044971,2021-04-02,2021,avril,vendredi,14:24,05,05061,44.56232,6.07742,2,1,7,1,1,4,1,2,1,1,,-1,1,0,4,4,2,52,4,1,2,12,0,0,15,202100044971A01,,,,200067825
202100044975,2021-04-05,2021,avril,lundi,21:35,75,75109,48.883852,2.328605,2,4,3,5,1,4,3,3,1,1,,-1,1,0,1,4,1,24,4,2,,0,2,3,19,202100044975B01,34,1,1,200054781
202100044976,2021-04-05,2021,avril,lundi,16:20,75,75109,48.882121,2.328089,2,1,2,1,2,4,1,2,3,1,,-1,2,0,1,4,1,23,1,2,,0,2,4,2,202100044976B01,7,2,1,200054781
202100044977,2021-04-06,2021,avril,mardi,08:45,75,75101,48.858524,2.348228,2,2,3,1,1,4,1,3,1,1,,-1,1,-1,5,4,2,20,2,1,2,0,2,1,1,202100044977B01,10,15,1,200054781
202100044996,2021-04-06,2021,avril,mardi,07:10,974,97414,-21.270514,55.44339,2,2,3,2,1,2,2,2,2,1,,-1,1,0,1,3,1,17,2,1,2,0,2,1,1,202100044996B01,7,15,1,249740077
202100045027,2021-04-05,2021,avril,lundi,13:10,29,29019,48.4016354766,-4.4671051204,2,6,3,1,1,4,2,2,1,3,,-1,1,5,1,4,1,21,5,2,,0,2,0,1,202100045027B01,7,9,1,242900314
202100045065,2021-04-02,2021,avril,vendredi,16:50,31,31424,43.592087,1.285298,1,6,7,1,1,3,3,2,1,3,,-1,1,0,1,2,1,44,5,1,2,0,0,0,0,202100045065A01,,,,243100781
202100045067,2021-04-04,2021,avril,dimanche,09:50,70,70058,47.500416,5.667561,1,1,4,1,1,3,2,2,1,1,,-1,1,0,1,4,1,67,5,1,2,0,2,1,2,202100045067A01,1,2,2,247000623
202100045067,2021-04-04,2021,avril,dimanche,09:50,70,70058,47.500416,5.667561,1,1,4,1,1,3,2,2,1,1,,-1,1,0,1,1,1,67,5,1,2,0,0,4,2,202100045067B01,1,2,2,247000623
202100045067,2021-04-04,2021,avril,dimanche,09:50,70,70058,47.500416,5.667561,1,1,4,1,1,3,2,2,1,1,,-1,1,0,1,4,1,76,5,1,2,0,2,1,2,202100045067C01,1,2,2,247000623
202100045075,2021-04-06,2021,avril,mardi,09:58,95,95394,49.0617650695,2.1758744631,2,1,3,1,1,4,1,1,1,1,,-1,1,0,1,4,1,79,5,1,2,0,2,1,16,202100045075B01,7,1,1,249500455
202100045085,2021-04-06,2021,avril,mardi,13:50,04,04086,44.404891,6.710715,1,1,7,1,1,3,2,2,1,1,,-1,1,0,1,4,2,16,5,2,,0,0,0,1,202100045085A01,,,,200072304
202100045089,2021-04-03,2021,avril,samedi,12:15,65,65401,43.185853,0.101709,2,9,2,1,8,3,2,2,1,1,,-1,1,0,1,3,1,54,5,1,2,0,0,1,1,202100045089A01,1,1,1,200069300
202100045089,2021-04-03,2021,avril,samedi,12:15,65,65401,43.185853,0.101709,2,9,2,1,8,3,2,2,1,1,,-1,1,0,1,1,1,58,5,1,2,0,9,4,1,202100045089B01,1,1,1,200069300
202100045090,2021-04-03,2021,avril,samedi,17:00,17,17036,45.876057,-0.996215,2,6,3,1,1,3,2,2,1,1,,-1,1,5,1,3,1,75,5,2,,0,2,3,15,202100045090B01,2,1,1,200041762
202100045131,2021-04-04,2021,avril,dimanche,16:39,25,25056,47.2393,6.00551,2,4,3,1,1,4,2,2,1,3,,-1,1,0,1,3,2,12,0,2,,0,2,1,1,202100045131B01,7,1,1,242500361
202100045142,2021-04-04,2021,avril,dimanche,18:25,75,75115,48.828975,2.299729,2,1,6,1,1,4,2,0,1,1,,-1,1,-1,5,1,2,36,5,2,,0,1,1,21,202100045142A01,,,,200054781
202100045144,2021-04-04,2021,avril,dimanche,16:06,75,75107,48.853674,2.314736,2,3,6,1,1,4,2,5,1,1,,-1,1,-1,5,4,1,54,9,1,2,8,0,1,21,202100045144A01,,,,200054781
202100045184,2021-04-05,2021,avril,lundi,08:30,978,97801,18.080284,-63.070664,2,1,1,1,1,2,2,2,2,3,,-1,1,0,1,3,1,65,5,1,2,0,2,1,1,202100045184B01,7,1,1,
202100045188,2021-04-04,2021,avril,dimanche,10:15,987,98747,-17.7463241945,-149.2020235062,1,1,1,1,1,2,2,2,1,1,,-1,1,0,1,3,1,49,5,2,,0,2,1,13,202100045188A01,7,1,1,
202100045191,2021-04-05,2021,avril,lundi,12:30,11,11192,43.299119,2.051525,1,1,1,1,1,3,2,2,1,1,,-1,1,0,1,3,1,59,0,1,2 / 4,0,2,1,5,202100045191B01,7,1,1,200035855
202100045192,2021-04-02,2021,avril,vendredi,10:10,34,34299,43.264613,3.284225,1,1,3,1,7,3,2,2,1,1,,-1,1,0,1,4,2,72,5,1,2,0,2,3,2,202100045192B01,7,17,1,243400769
202100045239,2021-04-02,2021,avril,vendredi,20:00,75,75119,48.878883,2.401875,2,2,3,5,1,4,3,3,2,1,,-1,1,0,1,4,1,18,5,2,,0,2,1,9,202100045239B01,7,1,1,200054781
202100045244,2021-04-03,2021,avril,samedi,19:20,75,75114,48.8295913276,2.3284519812,2,2,6,1,1,4,2,4,1,1,,-1,1,0,1,4,1,43,1,2,,8,2,8,21,202100045244A01,10,16,1,200054781
202100045249,2021-04-03,2021,avril,samedi,12:55,75,75103,48.861898,2.35692,2,2,3,1,1,4,1,1,1,1,,-1,1,0,1,4,2,66,3,2,,0,2,0,16,202100045249B01,7,22,1,200054781
202100045266,2021-04-04,2021,avril,dimanche,10:30,83,83043,43.206318,6.295016,1,1,5,1,1,3,2,2,2,2,,-1,1,0,1,3,1,56,5,1,2,0,2,1,5,202100045266C01,33,13,1,200027100
202100045266,2021-04-04,2021,avril,dimanche,10:30,83,83043,43.206318,6.295016,1,1,5,1,1,3,2,2,2,2,,-1,1,0,1,3,1,54,5,1,2,0,2,1,5,202100045266B01,33,13,1,200027100
202100045275,2021-04-04,2021,avril,dimanche,18:20,42,42271,45.487599,4.571737,2,1,3,1,1,7,2,2,1,1,,-1,1,0,1,4,2,14,5,1,2,0,2,3,15,202100045275B01,7,2,1,244200770
202100045278,2021-03-11,2021,mars,jeudi,12:45,56,56015,47.632067,-2.55886,1,1,3,1,1,4,2,2,1,1,,-1,1,0,1,3,1,53,5,1,2,0,2,1,1,202100045278B01,7,1,1,245614383
202100045280,2021-04-04,2021,avril,dimanche,11:55,74,74011,45.9242,6.172262,2,1,2,1,1,3,2,2,2,2,,-1,1,0,1,4,1,18,5,2,,0,2,1,1,202100045280B01,7,17,1,
202100045300,2021-04-03,2021,avril,samedi,18:15,14,14589,49.003139,-0.30045,2,1,7,1,1,3,2,2,1,1,,-1,1,0,1,4,1,16,5,2,,0,0,0,1,202100045300A01,,,,200066710
202100045311,2021-04-04,2021,avril,dimanche,15:50,17,17140,45.917363,-1.227036,1,1,5,1,1,4,2,2,1,1,,-1,1,0,1,1,1,35,5,2,,0,2,4,13,202100045311C01,7,21,1,241700624
202100045311,2021-04-04,2021,avril,dimanche,15:50,17,17140,45.917363,-1.227036,1,1,5,1,1,4,2,2,1,1,,-1,1,0,1,3,1,17,5,2,,0,2,1,13,202100045311B01,7,21,1,241700624
202100045368,2021-04-02,2021,avril,vendredi,18:55,71,71306,46.67361,4.37423,2,1,3,1,1,4,2,2,1,1,,-1,1,0,1,4,1,20,5,2,,0,2,1,19,202100045368A01,7,1,1,247100290
202100045428,2021-04-02,2021,avril,vendredi,15:00,75,75111,48.858422,2.380015,2,2,6,1,1,4,2,2,1,1,,-1,1,0,4,1,1,29,5,1,2,0,1,4,25,202100045428A01,,,,200054781
202100045434,2021-03-31,2021,mars,mercredi,17:45,75,75104,48.85338,2.367659,2,3,7,1,1,4,2,2,1,1,,-1,1,-1,5,4,1,36,4,2,,0,0,0,21,202100045434A01,,,,200054781
202100045463,2021-04-02,2021,avril,vendredi,19:00,974,97415,-21.077948,55.268097,2,1,1,3,1,3,2,2,2,3,,-1,1,0,1,4,1,43,5,2,,0,2,1,13,202100045463A01,7,1,1,249740101
202100045502,2021-04-02,2021,avril,vendredi,12:25,13,13015,43.457358,5.413079,2,2,1,1,1,7,2,2,2,4,,-1,1,0,1,3,1,34,5,1,2,0,2,1,1,202100045502B01,7,15,1,200054807