Num_Acc,date,an,mois,jour,hrmn,dep,com,lat,long,agg,int,col,lum,atm,catr,circ,nbv,prof,plan,lartpc,larrout,surf,infra,situ,grav,sexe,age,trajet,secuexist,equipement,obs,obsm,choc,manv,vehiculeid,typevehicules,manoeuvehicules,numVehicules,_infos_commune.code_epci
202100045629,2021-04-01,2021,avril,jeudi,22:40,75,75113,48.833172,2.356768,2,2,6,5,1,4,1,2,3,1,,-1,1,0,1,4,1,30,1,2,,12,0,1,1,202100045629A01,,,,200054781
202100045631,2021-03-31,2021,mars,mercredi,19:40,75,75113,48.837117,2.353079,2,3,3,1,1,4,2,4,1,1,,-1,1,-1,6,4,2,26,1,2,,0,2,8,13,202100045631A01,7,7,1,200054781
202100045634,2021-04-01,2021,avril,jeudi,12:10,75,75111,48.865928,2.378554,2,3,6,1,1,4,1,1,2,1,,-1,1,0,1,1,1,33,1,2,,0,1,2,5,202100045634A01,,,,200054781
202100045636,2021-04-01,2021,avril,jeudi,09:00,75,75110,48.882497,2.369231,2,4,6,1,1,4,1,5,1,1,,-1,1,0,1,4,1,38,1,2,,0,0,1,16,202100045636A01,,,,200054781
202100045637,2021-04-01,2021,avril,jeudi,18:35,75,75109,48.873421,2.329698,2,3,3,1,1,4,1,3,1,1,,-1,1,-1,6,4,2,59,1,2,,0,2,0,13,202100045637B01,7,17,1,200054781
202100045638,2021-04-01,2021,avril,jeudi,14:05,75,75108,48.870112,2.306578,2,2,2,1,1,4,1,2,1,1,,-1,1,0,1,4,2,42,3,2,,0,2,8,23,202100045638B01,7,1,1,200054781
202100045640,2021-03-31,2021,mars,mercredi,14:35,75,75101,48.864413,2.330124,2,3,2,1,1,4,2,3,1,1,,-1,1,-1,5,4,1,14,5,2,,0,2,0,2,202100045640A01,1,2,1,200054781
202100045640,2021-03-31,2021,mars,mercredi,14:35,75,75101,48.864413,2.330124,2,3,2,1,1,4,2,3,1,1,,-1,1,-1,5,1,1,20,5,2,,0,2,4,2,202100045640B01,1,2,1,200054781
202100045668,2021-04-02,2021,avril,vendredi,07:00,974,97415,-21.006698,55.276283,2,1,3,1,1,4,2,2,1,1,,-1,1,0,1,1,1,15,2,2,,0,0,0,1,202100045668C01,10 / 33,1 / 17,2,249740101
202100045671,2021-04-01,2021,avril,jeudi,16:00,34,34111,43.961407,3.706083,1,1,7,1,1,3,-1,1,1,1,,-1,1,0,6,3,1,53,5,1,2,0,0,0,13,202100045671A01,,,,243400736
202100045687,2021-04-01,2021,avril,jeudi,16:15,64,64198,43.36715,-0.521475,1,1,6,1,1,4,-1,2,1,1,,-1,1,0,1,4,1,61,5,2,,0,1,1,2,202100045687A01,,,,200067254
202100045693,2021-04-01,2021,avril,jeudi,15:30,68,68118,47.739274,7.416527,2,3,3,1,1,3,2,2,1,1,,-1,1,0,8,4,2,13,5,2,,0,2,1,25,202100045693B01,7,15,1,200066009
202100045695,2021-03-23,2021,mars,mardi,14:30,91,91579,48.540563,2.351933,1,6,2,1,7,3,1,2,1,2,,-1,1,0,1,3,1,79,5,1,2,0,0,4,2,202100045695A01,7,2,1,249100546
202100045699,2021-03-24,2021,mars,mercredi,14:15,73,73065,45.594522,5.905323,2,6,2,1,1,4,1,1,1,2,,-1,1,5,1,4,1,48,4,1,2,0,2,5,1,202100045699B01,7,9,1,200069110
202100045709,2021-03-29,2021,mars,lundi,07:40,27,27188,49.297122,1.069681,1,1,2,1,7,3,2,2,1,1,,-1,1,0,1,3,1,55,1,1,4,0,0,4,1,202100045709B01,10,1,1,200089456
202100045729,2021-03-31,2021,mars,mercredi,09:55,972,97213,14.6174576623,-60.95954597,1,9,1,1,1,2,2,2,1,4,,-1,1,0,1,3,1,64,5,1,2 / 6,0,2,2,15,202100045729B01,7,15,1,249720061
202100045737,2021-03-29,2021,mars,lundi,11:55,80,80021,49.8898090199,2.2818701871,2,1,6,1,1,4,2,2,1,1,,-1,1,0,1,1,1,19,0,1,2,0,1,1,1,202100045737A01,,,,248000531
202100045773,2021-03-30,2021,mars,mardi,13:50,14,14327,49.207,-0.34041,2,2,3,1,1,4,2,2,1,1,,-1,1,0,1,4,2,21,5,2,,0,2,1,1,202100045773B01,7,1,1,200065597
202100045787,2021-03-31,2021,mars,mercredi,18:10,75,75119,48.885079,2.370078,2,1,3,1,1,4,1,3,1,1,,-1,1,-1,6,4,1,50,9,2,,0,2,1,7,202100045787B01,7,22,1,200054781
202100045790,2021-03-31,2021,mars,mercredi,17:50,75,75116,48.862968,2.269169,2,7,7,1,1,4,1,1,1,1,,-1,1,-1,5,4,2,53,5,1,2,0,0,0,1,202100045790A01,,,,200054781
202100045792,2021-03-29,2021,mars,lundi,14:45,75,75116,48.858413,2.258892,2,3,6,1,1,4,2,2,1,1,,-1,1,-1,5,1,1,82,5,1,2,0,1,1,1,202100045792A01,,,,200054781
202100045797,2021-03-31,2021,mars,mercredi,14:10,75,75106,48.856431,2.339911,2,3,3,1,1,4,2,2,1,1,,-1,1,-1,5,1,1,53,5,1,2,0,2,8,18,202100045797A01,50,16,1,200054781
202100045798,2021-03-31,2021,mars,mercredi,19:15,75,75101,48.864007,2.331345,2,3,2,1,1,4,2,5,1,1,,-1,1,-1,5,1,1,55,1,1,2,0,2,4,23,202100045798B01,1,1,1,200054781
202100045798,2021-03-31,2021,mars,mercredi,19:15,75,75101,48.864007,2.331345,2,3,2,1,1,4,2,5,1,1,,-1,1,-1,5,4,1,37,1,2,,0,2,1,1,202100045798A01,1,23,1,200054781
202100045799,2021-03-30,2021,mars,mardi,19:50,75,75102,48.870683,2.338692,2,1,7,1,1,4,2,2,1,1,,-1,1,-1,5,4,1,52,9,1,2,0,0,0,21,202100045799A01,,,,200054781
202100045802,2021-03-31,2021,mars,mercredi,21:35,94,94041,48.82173,2.39346,2,9,1,5,1,3,2,7,1,1,,-1,1,0,5,4,1,23,0,2,,0,2,1,1,202100045802A01,60,13,1,200054781
202100045808,2021-03-31,2021,mars,mercredi,18:36,93,93072,48.9539331418,2.3904931849,2,1,3,1,1,4,-1,2,1,1,,-1,1,0,1,4,1,9,5,2,,0,0,0,0,202100045808B01,7,2,1,200054781
202100045828,2021-03-29,2021,mars,lundi,08:26,95,95313,49.1105297744,2.2252072624,2,1,3,1,1,3,-1,2,1,1,,-1,1,0,4,4,1,13,2,2,,0,2,1,25,202100045828B01,10,16,1,249500455
202100045829,2021-03-31,2021,mars,mercredi,20:00,42,42162,46.019056,4.000354,1,3,3,2,1,3,-1,2,1,1,,-1,1,0,1,4,1,43,1,1,2,0,2,8,2,202100045829B01,7,2,1,200035731
202100045830,2021-03-31,2021,mars,mercredi,19:25,31,31113,43.51721,1.501817,2,1,1,1,1,4,1,1,1,3,,-1,1,0,1,4,1,10,5,2,,0,2,1,5,202100045830B01,7,1,1,243100633
202100045845,2021-04-01,2021,avril,jeudi,18:05,55,55132,48.611698,5.084911,2,1,1,1,1,4,2,2,1,3,,-1,1,0,1,3,1,46,1,2,,0,2,1,1,202100045845B01,7,5,1,200066108
202100045852,2021-03-31,2021,mars,mercredi,12:05,31,31347,43.398267,0.794154,1,2,3,1,1,3,2,2,1,1,,-1,1,0,1,4,1,43,5,1,2 / 9,0,2,1,1,202100045852B01,7,19,1,200072643
202100045856,2021-04-01,2021,avril,jeudi,09:45,90,90052,47.737386,6.835594,2,6,2,1,1,3,1,1,1,2,,-1,1,5,1,4,1,45,5,1,6,0,2,4,2,202100045856B01,7,2,1,200069060
202100045858,2021-03-31,2021,mars,mercredi,18:00,43,43152,45.0662591493,3.8507992029,1,6,3,1,7,2,2,2,1,2,,-1,1,0,1,3,1,26,5,1,2,0,2,2,26,202100045858B01,7,9,1,200073419
202100045862,2021-03-31,2021,mars,mercredi,17:40,08,08039,49.458819,4.090243,2,1,2,1,1,3,2,2,1,2,,-1,1,0,1,4,2,43,3,2,,0,2,4,2,202100045862B01,7,2,1,200043156
202100045870,2021-03-31,2021,mars,mercredi,08:50,67,67118,48.574662,7.692372,2,1,3,1,1,9,2,1,1,3,,-1,1,0,1,1,1,23,1,1,2,0,2,8,13,202100045870A01,80,17,1,246700488
202100045876,2021-03-31,2021,mars,mercredi,17:45,69,69117,45.8565923895,4.7381329536,1,3,3,1,1,7,2,2,2,1,,-1,1,0,1,4,1,18,5,1,2,0,0,1,1,202100045876B01,7,15,1,200046977
202100045879,2021-03-29,2021,mars,lundi,18:55,35,35363,48.01335,-1.70794,2,1,7,1,1,4,-1,2,1,1,,-1,1,0,1,2,1,58,5,2,,0,0,0,1,202100045879A01,,,,243500139
202100045900,2021-03-27,2021,mars,samedi,19:10,75,75116,48.857987,2.265083,2,1,6,3,1,4,-1,2,1,1,,-1,1,0,4,1,1,21,9,2,,0,1,1,25,202100045900A01,,,,200054781
202100045954,2021-03-30,2021,mars,mardi,17:27,27,27229,49.02245,1.15092,2,2,1,1,7,4,2,2,1,1,,-1,1,0,1,3,1,18,0,2,,0,2,0,15,202100045954B01,7,1,1,200071454
202100045970,2021-03-29,2021,mars,lundi,17:01,75,75101,48.866293,2.324181,2,3,3,1,1,4,3,3,1,1,,-1,1,-1,6,4,1,30,9,2,,0,2,7,16,202100045970B01,33,7,1,200054781
202100045978,2021-03-29,2021,mars,lundi,17:50,75,75114,48.833572,2.336321,2,7,3,1,1,4,2,5,1,1,,-1,1,0,1,4,1,59,1,2,,0,2,3,15,202100045978A01,7,1,1,200054781
202100045979,2021-03-30,2021,mars,mardi,16:45,75,75113,48.834974,2.344993,2,2,3,1,1,4,2,2,1,1,,-1,1,0,1,4,2,47,5,2,,0,2,3,15,202100045979B01,37,13,1,200054781
202100045981,2021-03-30,2021,mars,mardi,08:40,75,75110,48.87767,2.354836,2,1,3,1,1,4,1,1,1,1,,-1,1,-1,5,4,2,38,9,2,,0,2,7,1,202100045981B01,1,18,1,200054781
202100045981,2021-03-30,2021,mars,mardi,08:40,75,75110,48.87767,2.354836,2,1,3,1,1,4,1,1,1,1,,-1,1,-1,5,4,1,18,9,2,,0,2,8,18,202100045981A01,1,1,1,200054781
202100045983,2021-03-29,2021,mars,lundi,21:15,75,75108,48.864334813,2.3204702139,2,7,6,5,1,4,2,4,1,1,,-1,1,-1,5,4,2,53,1,1,2,12,0,0,14,202100045983A01,,,,200054781
202100045985,2021-03-30,2021,mars,mardi,14:50,75,75101,48.862951,2.350645,2,3,7,1,1,4,2,5,1,1,,-1,1,-1,5,4,2,24,1,2,,0,0,0,1,202100045985A01,,,,200054781
202100046009,2021-03-31,2021,mars,mercredi,15:00,84,84135,44.232958,4.796761,1,1,7,1,1,4,2,2,2,1,,-1,1,0,1,3,1,64,5,1,2 / 6,14,0,0,1,202100046009A01,,,,248400160
202100046017,2021-03-31,2021,mars,mercredi,10:09,25,25623,47.226009,6.441797,2,9,3,1,7,3,2,2,2,1,,-1,1,0,1,3,1,70,5,1,2,0,2,8,1,202100046017B01,7,15,1,242504181
202100046018,2021-03-14,2021,mars,dimanche,12:00,44,44069,47.296823,-2.393875,2,1,3,1,6,3,2,2,1,3,,-1,1,0,1,3,1,72,5,2,,0,2,8,13,202100046018B01,7,17,1,244400610
202100046035,2021-03-30,2021,mars,mardi,15:30,55,55258,48.774267,5.69372,1,1,2,1,1,3,2,2,1,1,,-1,1,0,1,3,1,53,5,1,2,0,0,2,1,202100046035A01,1,1,1,200034874
202100046035,2021-03-30,2021,mars,mardi,15:30,55,55258,48.774267,5.69372,1,1,2,1,1,3,2,2,1,1,,-1,1,0,1,1,1,32,5,1,2,0,0,4,1,202100046035B01,1,1,1,200034874
202100046038,2021-03-30,2021,mars,mardi,15:45,31,31568,43.480079,1.691165,1,2,3,1,1,3,2,2,2,1,,-1,1,5,1,3,1,86,5,1,2,0,2,8,19,202100046038A01,10,21,1,243100633
202100046043,2021-03-30,2021,mars,mardi,17:30,60,60439,49.315931,2.315594,2,9,1,1,1,5,1,1,1,1,,-1,1,9,8,4,1,8,0,2,,0,0,1,2,202100046043A01,7,4,1,246000376
202100046046,2021-03-27,2021,mars,samedi,08:15,59,59497,50.719159,2.360552,1,1,7,1,1,4,2,2,1,1,,-1,1,0,3,2,1,71,5,2,,0,0,0,0,202100046046A01,,,,200040947
202100046136,2021-03-29,2021,mars,lundi,17:20,75,75105,48.842732,2.36195,2,1,3,1,1,4,-1,2,1,1,,-1,1,-1,5,4,2,34,5,2,,0,2,7,9,202100046136B01,1,1,1,200054781
202100046136,2021-03-29,2021,mars,lundi,17:20,75,75105,48.842732,2.36195,2,1,3,1,1,4,-1,2,1,1,,-1,1,-1,5,1,1,41,9,2,,0,2,1,1,202100046136A01,1,9,1,200054781
202100046138,2021-03-28,2021,mars,dimanche,19:15,75,75118,48.897799,2.337434,2,2,3,1,1,4,1,1,1,1,,-1,1,0,1,3,2,7,9,2,,0,2,1,19,202100046138B01,7,1,1,200054781
202100046142,2021-03-29,2021,mars,lundi,19:50,75,75110,48.881712,2.364082,2,1,3,1,1,4,1,2,2,1,,-1,1,0,1,4,1,37,1,1,2,0,2,1,1,202100046142A01,7,22,1,200054781
202100046161,2021-03-30,2021,mars,mardi,08:25,17,17171,45.857449,-0.759476,1,2,3,1,7,3,2,2,1,1,,-1,1,0,1,3,1,27,5,2,,0,2,8,19,202100046161A01,10,1,1,241700517
202100046180,2021-03-29,2021,mars,lundi,15:00,53,53243,48.155141,-0.877608,1,2,3,1,1,4,2,2,1,1,,-1,1,0,1,3,1,53,5,1,2,0,2,0,2,202100046180B01,14,17,1,200083392
202100046191,2021-03-26,2021,mars,vendredi,11:00,67,67067,48.72866,7.716882,2,1,3,1,1,3,2,2,1,1,,-1,1,0,4,3,1,77,5,2,,0,0,7,1,202100046191A01,7,19,1,200067874
202100046199,2021-03-30,2021,mars,mardi,17:55,59,59011,50.531346,2.938489,2,4,7,1,1,4,2,2,1,1,,-1,1,5,1,3,1,54,5,2,,0,0,0,14,202100046199B01,7,21,1,200093201
202100046244,2021-03-28,2021,mars,dimanche,17:30,75,75115,48.835399,2.281022,2,3,7,1,1,4,1,3,1,1,,-1,1,0,1,4,2,32,5,2,,12,0,1,14,202100046244A01,,,,200054781
202100046277,2021-03-28,2021,mars,dimanche,16:40,15,15108,44.898641,3.226896,1,3,2,1,7,3,2,2,1,3,,-1,1,0,1,4,1,52,5,1,2,0,2,4,15,202100046277B01,33,17,1,200066660
202100046279,2021-03-27,2021,mars,samedi,10:30,50,50260,48.687214,-0.980396,1,1,2,1,7,3,2,2,2,1,,-1,1,0,1,3,1,51,5,1,2,0,0,4,1,202100046279B01,7,2,1,200069425
202100046309,2021-03-28,2021,mars,dimanche,17:05,68,68211,47.87196,7.006426,2,1,3,1,1,3,2,2,2,1,,-1,1,0,1,4,1,8,5,2,,0,2,1,19,202100046309A01,7,1,1,246800205
202100046312,2021-03-28,2021,mars,dimanche,17:00,65,65320,43.120973,0.10613,2,2,1,1,1,4,2,2,1,1,,-1,1,0,1,3,1,61,5,1,2,0,2,1,15,202100046312B01,7,1,1,246500482
202100046365,2021-03-25,2021,mars,jeudi,20:30,75,75111,48.8579192999,2.3679874976,2,1,2,5,1,4,2,4,1,1,,-1,1,-1,5,3,1,18,9,1,2,0,2,4,2,202100046365A01,30,2,1,200054781
202100046371,2021-03-26,2021,mars,vendredi,22:30,75,75119,48.8832179531,2.3716319802,2,1,6,5,2,4,1,2,1,1,,-1,2,0,1,4,1,38,1,1,2,0,2,8,1,202100046371A01,7,22,1,200054781
202100046375,2021-03-27,2021,mars,samedi,10:05,75,75115,48.852906,2.286571,2,3,1,1,1,4,2,1,1,1,,-1,1,-1,5,4,1,37,5,2,,0,2,1,1,202100046375B01,1,14,1,200054781
202100046375,2021-03-27,2021,mars,samedi,10:05,75,75115,48.852906,2.286571,2,3,1,1,1,4,2,1,1,1,,-1,1,-1,5,4,2,20,4,2,,0,2,1,14,202100046375A01,1,1,1,200054781
202100046379,2021-03-27,2021,mars,samedi,15:30,75,75113,48.827952,2.34244,2,1,3,1,1,4,1,2,1,1,,-1,1,0,1,4,2,18,9,2,,0,2,7,1,202100046379B01,10,22,1,200054781
202100046383,2021-03-26,2021,mars,vendredi,09:20,75,75108,48.872660056,2.3081980147,2,4,3,1,1,4,1,1,1,1,,-1,1,0,1,4,2,51,4,2,,0,2,1,1,202100046383B01,7,22,1,200054781
202100046387,2021-03-25,2021,mars,jeudi,11:15,75,75102,48.869353,2.340331,2,3,6,1,8,4,2,2,1,1,,-1,1,-1,5,1,1,32,5,1,2,0,1,1,1,202100046387A01,,,,200054781
202100046424,2021-03-27,2021,mars,samedi,16:15,67,67183,48.935867,7.021152,1,1,1,1,1,3,2,2,1,1,,-1,1,0,1,3,2,64,0,1,2,0,2,4,2,202100046424B01,7,2,1,200067841
202100046432,2021-03-27,2021,mars,samedi,16:30,63,63368,45.6998727392,3.3351786732,1,1,3,1,1,3,2,2,1,1,,-1,1,0,1,3,1,51,5,1,2,0,2,8,2,202100046432B01,7,2,1,200067627
202100046438,2021-03-27,2021,mars,samedi,17:00,39,39572,46.932763,5.750163,1,1,7,1,1,3,2,2,1,1,,-1,1,0,1,3,1,55,5,1,2,0,2,1,1,202100046438A01,,,,200071595
202100046448,2021-03-27,2021,mars,samedi,12:40,45,45272,47.811847,1.952643,2,1,4,1,1,4,2,2,1,1,,-1,1,0,1,3,1,51,5,1,2,0,2,7,1,202100046448C01,10,4,1,244500468
202100046448,2021-03-27,2021,mars,samedi,12:40,45,45272,47.811847,1.952643,2,1,4,1,1,4,2,2,1,1,,-1,1,0,1,4,1,62,5,1,2,0,2,2,1,202100046448B01,10,4,1,244500468
202100046449,2021-03-28,2021,mars,dimanche,09:10,45,45193,47.764552,2.021071,2,2,3,1,1,3,2,2,1,1,,-1,1,0,1,3,1,71,5,2,,0,2,1,1,202100046449B01,7,15,1,200005932
202100046462,2021-03-28,2021,mars,dimanche,10:45,66,66099,42.548354,2.753084,1,1,1,1,1,3,2,2,2,1,,-1,1,0,1,2,1,78,5,1,2,0,2,1,17,202100046462B01,33,0,1,246600449
202100046466,2021-03-28,2021,mars,dimanche,17:40,57,57499,49.07667,7.060947,2,1,7,1,1,3,2,2,2,1,,-1,1,0,1,3,1,35,5,2,,0,0,0,1,202100046466A01,,,,200070746
202100046472,2021-03-27,2021,mars,samedi,17:00,16,16415,45.728158,0.110314,1,1,6,1,1,3,2,2,2,3,0,3.6,1,0,3,2,1,62,5,1,2,13,0,1,1,202100046472A01,,,,200071827
202100046512,2021-03-25,2021,mars,jeudi,16:31,63,63113,45.78231,3.07288,2,2,3,1,1,7,1,2,1,1,,-1,1,0,1,4,2,19,9,1,2,0,2,7,26,202100046512A01,7,0,1,246300701
202100046513,2021-03-25,2021,mars,jeudi,16:18,63,63113,45.77012,3.07619,2,3,3,1,1,4,1,2,1,1,,-1,1,0,1,4,1,24,0,2,,0,2,7,1,202100046513B01,7,26,1,246300701
202100046580,2021-03-23,2021,mars,mardi,09:30,80,80021,49.88715,2.28341,2,1,3,1,1,4,2,4,1,1,,-1,1,0,1,4,1,24,0,1,2,0,0,0,0,202100046580B01,7,22,1,248000531
202100046586,2021-03-24,2021,mars,mercredi,13:00,73,73065,45.566385,5.937998,2,3,3,1,1,3,2,3,1,1,,-1,1,-1,1,3,1,69,5,2,,0,2,1,15,202100046586C01,7,16,1,200069110
202100046590,2021-03-25,2021,mars,jeudi,17:16,65,65440,43.225669,0.082263,2,3,3,1,1,4,2,2,1,1,,-1,1,0,1,4,1,33,1,2,,0,2,1,1,202100046590B01,7,9,1,200069300
202100046616,2021-03-24,2021,mars,mercredi,09:05,27,27299,49.0504,1.1646,2,3,3,1,1,3,2,2,1,1,,-1,1,0,1,4,1,51,5,1,2 / 4,0,2,2,1,202100046616B01,10,15,1,200071454
202100046644,2021-03-25,2021,mars,jeudi,18:00,75,75110,48.87881,2.363798,2,1,6,1,1,4,2,2,1,1,,-1,1,-1,5,1,1,36,1,1,2,0,1,2,1,202100046644A01,,,,200054781
202100046645,2021-03-25,2021,mars,jeudi,09:00,75,75110,48.873156,2.36219,2,1,3,1,2,4,2,2,1,1,,-1,2,0,1,4,1,54,1,1,2,0,2,0,1,202100046645B01,10,22,1,200054781
202100046646,2021-03-25,2021,mars,jeudi,08:45,75,75110,48.871797,2.376247,2,1,3,1,2,4,1,2,1,1,,-1,2,0,1,4,1,34,1,1,2,0,2,8,18,202100046646B01,15,1,1,200054781
202100046647,2021-03-25,2021,mars,jeudi,16:00,75,75109,48.879725,2.332806,2,3,3,1,1,4,1,1,1,1,,-1,1,0,1,4,1,14,9,1,2,0,2,1,15,202100046647A01,34,17,1,200054781
202100046648,2021-03-25,2021,mars,jeudi,16:00,75,75104,48.853948,2.364729,2,3,3,1,1,4,2,4,1,1,,-1,1,-1,5,4,1,30,5,1,2,0,2,4,1,202100046648B01,7,16,1,200054781
202100046673,2021-03-25,2021,mars,jeudi,17:40,44,44024,47.169157,-1.720192,2,4,3,1,1,7,2,2,1,1,,-1,1,0,1,3,1,47,1,1,2,0,0,8,23,202100046673B01,15,17,1,244400404
202100046684,2021-03-26,2021,mars,vendredi,12:30,32,32053,43.38902,0.607038,1,1,7,1,1,3,2,2,1,1,,-1,1,0,1,3,1,87,5,2,,0,0,8,1,202100046684A01,,,,200072320
202100046687,2021-03-26,2021,mars,vendredi,11:15,39,39408,46.589446,5.711907,1,1,3,1,1,3,2,2,1,1,,-1,1,0,1,4,1,77,5,1,2,0,2,8,1,202100046687B01,7,17,1,200090579
202100046697,2021-03-25,2021,mars,jeudi,14:15,34,34199,43.467135,3.429698,2,1,3,1,1,3,2,2,1,1,,-1,1,0,1,3,1,75,5,1,2,0,2,3,13,202100046697B01,7,1,1,243400819
202100046699,2021-03-25,2021,mars,jeudi,16:56,52,52449,47.835795,5.322329,1,1,6,1,1,4,-1,1,4,1,,-1,1,9,3,3,1,21,5,1,2,8,0,0,1,202100046699A01,,,,200072999
202100046765,2021-03-23,2021,mars,mardi,08:05,14,14030,49.20366,-0.42207,2,1,3,1,1,3,2,2,1,1,,-1,1,0,1,4,2,44,0,2,,0,2,4,23,202100046765B01,10,1,1,200065597
202100046777,2021-03-24,2021,mars,mercredi,20:00,75,75120,48.873387,2.410265,2,3,1,5,1,4,1,1,2,1,,-1,1,-1,5,4,1,49,1,1,4,0,2,1,9,202100046777B01,32,5,1,200054781
202100046783,2021-03-24,2021,mars,mercredi,10:55,75,75115,48.841518,2.314018,2,2,6,1,1,4,1,1,2,1,,-1,1,-1,5,4,2,67,9,1,2,12,0,0,1,202100046783A01,,,,200054781
202100046788,2021-03-24,2021,mars,mercredi,19:15,75,75112,48.844831,2.380447,2,4,3,5,1,4,2,2,1,1,,-1,1,-1,5,4,2,57,9,1,2,0,2,1,1,202100046788A01,2,15,1,200054781
202100046791,2021-03-24,2021,mars,mercredi,18:05,75,75104,48.854776,2.362418,2,3,1,1,1,4,2,4,1,3,,-1,1,-1,5,4,1,45,5,2,,0,2,1,17,202100046791A01,1,1,1,200054781
202100046791,2021-03-24,2021,mars,mercredi,18:05,75,75104,48.854776,2.362418,2,3,1,1,1,4,2,4,1,3,,-1,1,-1,5,4,2,45,5,2,,0,2,1,1,202100046791B01,1,17,1,200054781
202100046792,2021-03-24,2021,mars,mercredi,16:56,75,75103,48.865144,2.362245,2,3,1,1,1,4,1,1,1,1,,-1,1,-1,5,4,1,33,5,2,,0,2,1,16,202100046792A01,1,1,1,200054781
202100046792,2021-03-24,2021,mars,mercredi,16:56,75,75103,48.865144,2.362245,2,3,1,1,1,4,1,1,1,1,,-1,1,-1,5,1,1,38,1,2,,0,2,1,1,202100046792B01,1,16,1,200054781
202100046794,2021-03-03,2021,mars,mercredi,20:40,94,94080,48.845005,2.434286,2,1,3,5,1,3,2,4,1,1,,-1,1,0,1,4,1,30,0,2,,0,2,3,1,202100046794B01,2,19,1,200054781
202100046834,2021-03-24,2021,mars,mercredi,18:35,02,02361,49.906137,3.599042,1,1,3,1,1,3,2,2,1,1,,-1,1,0,1,4,2,18,9,2,,0,0,3,1,202100046834B01,7,1,1,200071983
202100046841,2021-03-24,2021,mars,mercredi,17:50,37,37097,47.1634876241,0.890548451,2,2,2,1,1,3,2,2,1,1,,-1,1,0,1,3,1,13,0,2,,0,2,8,19,202100046841B01,7,1,1,200071587
202100046842,2021-03-24,2021,mars,mercredi,15:07,973,97309,4.893486,-52.273808,2,3,1,1,1,3,2,2,1,1,,-1,1,0,1,3,1,14,2,2,,0,2,4,2,202100046842B01,7,2,1,249730045
202100046844,2021-03-24,2021,mars,mercredi,12:42,34,34329,43.250611,3.257189,1,1,2,1,1,3,2,2,1,1,,-1,1,0,1,3,1,52,5,1,2,0,2,8,1,202100046844B01,7,2,1,243400488
202100046850,2021-03-24,2021,mars,mercredi,15:30,33,33449,44.881171,-0.697196,2,6,3,1,1,4,2,2,1,2,,-1,1,9,1,3,1,15,3,2,,0,2,2,15,202100046850B01,7,9,1,243300316
202100046852,2021-03-10,2021,mars,mercredi,07:50,85,85092,46.467416,-0.82508,2,6,3,2,8,3,2,2,1,2,,-1,1,0,1,3,1,58,1,1,2 / 4 / 6,0,2,3,21,202100046852B01,7,17,1,200071934
202100046904,2021-03-22,2021,mars,lundi,18:20,63,63113,45.776230673,3.0957567147,2,1,3,1,1,4,1,4,2,1,,-1,1,0,1,4,1,13,2,2,,0,2,7,19,202100046904B01,7,26,1,246300701
202100046905,2021-03-22,2021,mars,lundi,17:37,63,63113,45.80836,3.10694,2,3,3,1,1,4,2,3,1,1,,-1,1,0,5,4,1,45,1,1,2,0,2,7,2,202100046905B01,7,15,1,246300701
202100046908,2021-03-22,2021,mars,lundi,16:55,54,54329,48.58808,6.49524,2,3,3,1,1,3,2,2,1,1,,-1,1,-1,1,4,1,14,2,1,2,0,2,1,5,202100046908B01,7,9,1,200070324
202100046942,2021-03-23,2021,mars,mardi,14:55,06,06004,43.56493,7.13746,2,1,3,1,1,4,2,2,1,1,,-1,1,0,1,4,1,17,5,2,,0,2,1,14,202100046942B01,3,2,1,240600585
202100046946,2021-03-23,2021,mars,mardi,16:07,75,75105,48.838473,2.357028,2,2,6,1,1,4,1,2,1,1,,-1,1,0,1,1,2,34,9,1,2,0,1,3,1,202100046946A01,,,,200054781
202100046948,2021-03-23,2021,mars,mardi,11:30,75,75119,48.883095,2.371474,2,3,3,1,1,4,2,3,1,1,,-1,1,0,1,4,2,25,9,1,2,0,2,8,19,202100046948B01,32,5,1,200054781
202100046949,2021-03-23,2021,mars,mardi,08:00,75,75119,48.878851,2.401886,2,2,7,1,8,4,1,2,2,3,,-1,1,0,1,4,1,17,9,2,,0,0,0,21,202100046949A01,,,,200054781
202100046952,2021-03-23,2021,mars,mardi,10:50,75,75112,48.846503,2.400021,2,4,6,1,1,4,2,4,1,1,,-1,1,-1,5,4,2,25,9,2,,0,1,3,1,202100046952A01,,,,200054781
202100046971,2021-03-23,2021,mars,mardi,16:00,46,46063,44.278269,1.354655,1,1,3,1,1,3,2,2,1,1,,-1,1,0,1,2,1,97,5,2,,0,2,8,1,202100046971B01,7,17,1,200039519
202100046973,2021-03-23,2021,mars,mardi,09:30,83,83019,43.13950197,6.35760064,2,9,3,1,1,4,-1,2,1,1,,-1,1,6,6,4,1,64,5,1,2,0,2,1,23,202100046973B01,7,16,1,200027100
202100046989,2021-03-24,2021,mars,mercredi,14:10,28,28116,48.449699,1.24977,2,3,3,1,1,4,2,2,1,1,,-1,1,0,1,3,1,9,5,2,,0,2,1,19,202100046989A01,7,1,1,200058360