Num_Acc,date,an,mois,jour,hrmn,dep,com,lat,long,agg,int,col,lum,atm,catr,circ,nbv,prof,plan,lartpc,larrout,surf,infra,situ,grav,sexe,age,trajet,secuexist,equipement,obs,obsm,choc,manv,vehiculeid,typevehicules,manoeuvehicules,numVehicules,_infos_commune.code_epci
202100049135,2021-03-05,2021,mars,vendredi,01:20,75,75111,48.867151,2.368229,2,1,6,5,1,4,1,1,1,1,,-1,2,0,1,4,1,25,1,2,,1,0,1,14,202100049135A01,,,,200054781
202100049141,2021-03-03,2021,mars,mercredi,14:20,75,75101,48.862169,2.349374,2,2,7,1,1,4,-1,1,1,1,,-1,1,6,1,4,1,25,5,2,,0,0,0,1,202100049141A01,,,,200054781
202100049167,2021-03-06,2021,mars,samedi,14:00,74,74171,46.325916,6.2925,1,2,3,1,1,3,2,2,1,1,,-1,1,0,1,2,1,76,5,1,2 / 6,0,2,7,19,202100049167B01,7,1,1,200067551
202100049180,2021-03-06,2021,mars,samedi,14:55,53,53202,48.412788,-0.927626,1,1,6,1,1,3,2,2,1,1,,-1,1,0,1,1,1,75,5,1,2,0,9,4,0,202100049180A01,1,0,1,245300389
202100049180,2021-03-06,2021,mars,samedi,14:55,53,53202,48.412788,-0.927626,1,1,6,1,1,3,2,2,1,1,,-1,1,0,1,2,1,75,5,1,2,0,2,1,0,202100049180B01,1,0,1,245300389
202100049273,2021-03-03,2021,mars,mercredi,09:33,75,75120,48.864559,2.407341,2,2,3,1,1,4,2,2,4,1,,-1,1,-1,5,4,1,48,1,1,2 / 6,0,2,8,1,202100049273B01,7,1,1,200054781
202100049274,2021-03-04,2021,mars,jeudi,15:25,75,75119,48.884379,2.369193,2,2,7,1,2,4,1,1,1,1,,-1,2,-1,5,4,2,26,1,1,2,2,0,1,1,202100049274A01,,,,200054781
202100049276,2021-03-04,2021,mars,jeudi,18:50,75,75118,48.893448,2.337662,2,1,2,5,1,4,2,2,1,1,,-1,1,-1,5,3,2,31,9,2,,0,2,4,1,202100049276A01,7,1,1,200054781
202100049278,2021-03-04,2021,mars,jeudi,15:30,75,75116,48.8720661479,2.2837346792,2,1,2,1,2,4,1,1,1,1,,-1,2,0,1,4,2,59,5,2,,0,2,1,1,202100049278B01,10,22,1,200054781
202100049283,2021-03-03,2021,mars,mercredi,13:05,75,75109,48.875782,2.337124,2,1,6,1,1,4,1,1,1,1,,-1,1,0,1,1,1,23,4,2,,0,1,4,1,202100049283A01,,,,200054781
202100049286,2021-03-03,2021,mars,mercredi,09:15,75,75108,48.865675,2.321806,2,7,7,1,1,4,-1,0,1,1,,-1,1,0,1,4,2,58,2,1,2 / 6,0,0,0,1,202100049286A01,,,,200054781
202100049287,2021-03-03,2021,mars,mercredi,19:30,75,75104,48.855828,2.354146,2,7,1,5,1,4,1,1,1,2,,-1,1,0,1,4,1,31,9,2,,0,2,1,5,202100049287A01,2,1,1,200054781
202100049310,2021-02-01,2021,février,lundi,11:45,41,41059,47.423462,1.439184,2,9,3,1,1,6,-1,-1,1,1,,-1,1,0,6,3,2,57,1,2,,0,2,1,0,202100049310A01,7,1,1,200072064
202100049311,2021-03-04,2021,mars,jeudi,09:45,41,41043,47.272681,1.482693,1,1,1,1,1,4,2,2,2,3,,-1,1,0,1,3,1,19,5,2,,0,0,1,1,202100049311A01,21,1,1,200072064
202100049318,2021-03-02,2021,mars,mardi,17:20,24,24479,45.492747,0.746502,2,1,6,1,1,3,1,1,1,1,,-1,1,0,1,4,1,45,5,2,,0,1,1,1,202100049318A01,,,,200071819
202100049368,2021-03-03,2021,mars,mercredi,17:00,83,83069,43.1165,6.1467,1,9,1,1,1,4,-1,1,1,2,,-1,1,9,1,4,1,50,9,2,,0,2,7,9,202100049368Y01,7,9,1,248300543
202100049396,2021-03-01,2021,mars,lundi,17:30,25,25056,47.243755,5.999399,2,3,3,1,1,4,2,2,1,1,,-1,1,0,1,4,1,72,0,2,,0,2,1,19,202100049396A01,7,0,1,242500361
202100049412,2021-03-01,2021,mars,lundi,22:41,75,75113,48.820412,2.359095,2,3,2,5,1,4,2,4,1,1,,-1,1,0,1,4,1,48,9,2,,0,2,4,13,202100049412B01,10,1,1,200054781
202100049414,2021-03-03,2021,mars,mercredi,12:50,75,75110,48.871298,2.351567,2,1,6,1,1,4,1,1,1,1,,-1,1,0,1,1,1,35,1,2,,0,1,1,1,202100049414A01,,,,200054781
202100049433,2021-02-23,2021,février,mardi,19:45,973,97353,3.645203,-54.027677,2,1,1,3,2,4,2,2,4,2,,-1,2,0,1,1,1,14,5,2,,0,2,0,1,202100049433B01,2,0,1,249730037
202100049434,2021-03-04,2021,mars,jeudi,13:55,76,76238,49.565288,0.221888,2,2,3,1,1,4,1,1,1,1,,-1,1,0,1,4,1,17,5,2,,0,2,1,15,202100049434A01,7,1,1,200084952
202100049437,2021-03-04,2021,mars,jeudi,09:00,19,19274,45.168563,1.46484,1,3,3,1,1,3,2,2,1,1,,-1,1,5,1,3,1,85,3,2,,0,2,8,16,202100049437A01,7,1,1,200043172
202100049453,2021-02-25,2021,février,jeudi,16:15,07,07182,44.634555,4.296019,2,3,1,1,7,3,2,2,4,1,,-1,1,0,1,3,1,44,1,1,2,0,2,1,1,202100049453B01,10,15,1,200039824
202100049487,2021-03-02,2021,mars,mardi,12:25,65,65440,43.228352,0.075421,2,6,2,1,1,4,1,1,1,3,,-1,1,5,1,4,1,42,5,2,,0,2,1,2,202100049487A01,10,23,1,200069300
202100049494,2021-03-01,2021,mars,lundi,12:45,54,54304,48.684784228,6.1558547616,2,4,3,1,1,7,1,1,1,1,,-1,1,0,1,4,2,56,1,1,2,0,2,1,1,202100049494B01,7,24,1,245400676
202100049506,2021-03-01,2021,mars,lundi,15:15,22,22113,48.724299,-3.435497,2,1,2,1,1,3,2,2,1,1,,-1,1,0,1,4,1,80,5,1,2,0,2,6,1,202100049506B01,7,2,1,200065928
202100049521,2021-03-02,2021,mars,mardi,10:23,75,75119,48.887801,2.389298,2,2,3,1,1,4,2,3,1,1,,-1,1,-1,5,3,2,27,9,2,,0,2,8,1,202100049521B01,13,16,1,200054781
202100049529,2021-03-02,2021,mars,mardi,16:30,75,75112,48.847801,2.39909,2,2,3,1,1,4,1,1,1,1,,-1,1,0,1,4,1,57,5,2,,0,2,1,1,202100049529B01,7,22,1,200054781
202100049530,2021-03-01,2021,mars,lundi,17:45,75,75112,48.846461,2.366899,2,3,3,1,1,4,2,2,1,1,,-1,1,-1,5,4,1,28,5,2,,0,2,1,1,202100049530B01,1,15,1,200054781
202100049530,2021-03-01,2021,mars,lundi,17:45,75,75112,48.846461,2.366899,2,3,3,1,1,4,2,2,1,1,,-1,1,-1,5,1,1,58,5,2,,0,2,2,15,202100049530A01,1,1,1,200054781
202100049531,2021-03-02,2021,mars,mardi,10:45,75,75111,48.860984,2.374798,2,4,6,1,1,4,2,2,1,1,,-1,1,-1,5,4,1,62,1,2,,0,1,3,1,202100049531A01,,,,200054781
202100049554,2021-03-02,2021,mars,mardi,16:55,77,77357,48.656227,3.078806,2,2,3,1,1,3,2,2,1,1,,-1,1,0,1,3,1,38,1,1,2,0,2,1,17,202100049554B01,7,15,1,200072874
202100049555,2021-03-01,2021,mars,lundi,15:50,61,61167,48.822759,0.507238,1,1,3,1,1,3,2,2,1,1,,-1,1,0,1,3,2,33,5,2,,0,2,8,1,202100049555B01,7,1,1,200068468
202100049569,2021-03-02,2021,mars,mardi,13:15,61,61234,48.450294,0.046603,1,1,3,1,1,3,2,2,1,1,,-1,1,0,1,4,1,55,5,2,,0,2,3,2,202100049569A01,33,17,1,246100663
202100049570,2021-02-28,2021,février,dimanche,16:30,22,22327,48.492812,-2.041778,1,2,1,1,1,4,2,2,1,1,,-1,1,0,1,3,1,18,5,2,,0,2,2,9,202100049570B01,7,1,1,200068989
202100049665,2021-03-01,2021,mars,lundi,16:30,75,75102,48.867062,2.352961,2,2,7,1,1,4,2,5,1,1,,-1,1,-1,5,4,1,63,5,2,,0,2,1,21,202100049665A01,,,,200054781
202100049722,2021-03-01,2021,mars,lundi,17:30,56,56152,47.332133,-3.164738,1,1,1,1,1,3,2,2,1,1,,-1,1,0,1,2,2,62,5,2,,0,2,1,1,202100049722B01,7,5,1,245600465
202100049725,2021-02-28,2021,février,dimanche,11:45,60,60666,49.103473,2.68899,1,9,3,1,1,3,2,2,2,2,,-1,1,5,1,3,1,41,5,1,2 / 9,0,2,1,1,202100049725B01,7,15,1,246000871
202100049746,2021-02-20,2021,février,samedi,16:40,78,78624,48.95506,2.0156,1,1,7,1,1,4,-1,2,1,1,,-1,1,0,1,3,1,11,5,2,,0,2,0,0,202100049746Y01,31,1,1,200059889
202100049755,2021-02-27,2021,février,samedi,19:50,59,59350,50.6381276311,3.07928022,2,9,3,5,1,4,2,2,1,2,,-1,1,0,5,4,2,30,0,2,,16,9,3,2,202100049755P01,7,2,1,200093201
202100049770,2021-02-28,2021,février,dimanche,12:50,75,75113,48.836805,2.351857,2,5,2,1,1,4,2,4,1,1,,-1,1,-1,6,4,1,40,5,1,2,0,2,4,7,202100049770B01,37,7,1,200054781
202100049773,2021-02-28,2021,février,dimanche,13:10,75,75107,48.862463,2.305422,2,3,7,1,1,4,2,6,1,1,,-1,1,-1,5,4,2,22,9,2,,0,0,0,1,202100049773A01,,,,200054781
202100049776,2021-02-28,2021,février,dimanche,08:40,75,75108,48.864068,2.320125,2,2,6,1,1,4,2,2,1,1,,-1,1,-1,5,4,1,46,9,2,,11,0,1,1,202100049776A01,,,,200054781
202100049777,2021-02-27,2021,février,samedi,17:40,75,75104,48.855528,2.357761,2,2,6,1,1,4,1,1,1,1,,-1,1,-1,5,1,2,20,5,2,,0,1,5,1,202100049777A01,,,,200054781
202100049777,2021-02-27,2021,février,samedi,17:40,75,75104,48.855528,2.357761,2,2,6,1,1,4,1,1,1,1,,-1,1,-1,5,1,1,21,5,2,,0,1,5,1,202100049777A01,,,,200054781
202100049789,2021-01-31,2021,janvier,dimanche,13:18,31,31082,43.599101709,1.7123354245,2,9,3,1,8,3,2,2,2,1,,-1,2,0,1,3,1,15,5,2,,0,2,1,15,202100049789A01,10,1,1,200071298
202100049803,2021-02-28,2021,février,dimanche,15:45,68,68374,48.061098,7.234899,1,1,3,1,7,3,2,2,1,1,,-1,1,0,1,4,1,56,5,2,,0,0,8,1,202100049803B01,10,17,1,246800726
202100049806,2021-02-28,2021,février,dimanche,15:45,29,29259,48.682684,-3.985897,2,1,2,1,1,3,2,2,1,1,,-1,1,0,1,3,1,16,5,1,2,0,2,1,2,202100049806B01,7,2,1,200067072
202100049809,2021-02-25,2021,février,jeudi,17:30,31,31587,43.782326,1.435624,1,1,3,1,1,3,2,2,1,1,,-1,1,0,1,4,1,54,5,1,2,0,2,8,15,202100049809B01,7,17,1,200034957
202100049878,2021-02-27,2021,février,samedi,17:22,47,47201,44.19397,0.5992,2,1,2,1,1,3,2,4,1,1,,-1,1,0,1,4,1,18,5,1,2,0,2,1,2,202100049878A01,10,2,1,200096956
202100049921,2021-02-27,2021,février,samedi,09:20,51,51171,49.3780024577,3.8749670519,1,1,2,1,1,3,2,2,3,1,,-1,1,0,1,2,1,68,5,1,2,0,0,4,1,202100049921B01,7,1,1,200067213
202100049928,2021-02-28,2021,février,dimanche,15:55,69,69267,46.171325736,4.6855291148,1,4,3,1,1,3,2,2,4,3,,-1,1,0,1,3,1,58,5,2,,0,2,8,1,202100049928B01,2,15,1,200067817
202100049966,2021-02-28,2021,février,dimanche,16:45,38,38155,45.43057,5.74866,2,3,3,1,1,3,2,2,1,1,,-1,1,0,1,4,2,17,5,2,,0,2,3,15,202100049966A01,1,1,1,200040111
202100049966,2021-02-28,2021,février,dimanche,16:45,38,38155,45.43057,5.74866,2,3,3,1,1,3,2,2,1,1,,-1,1,0,1,1,1,60,5,1,2 / 6,0,2,1,1,202100049966B01,1,15,1,200040111
202100049968,2021-02-27,2021,février,samedi,16:25,40,40278,44.232962,-1.181374,1,1,6,1,1,4,2,2,1,2,,-1,1,0,1,2,1,86,5,2,,0,2,3,17,202100049968B01,7,1,1,244000543
202100050050,2021-02-26,2021,février,vendredi,13:15,06,06027,43.65683,7.1647,2,1,2,1,1,7,2,4,1,1,,-1,1,0,1,4,1,47,5,2,,0,2,4,14,202100050050A01,7,26,1,200030195
202100050057,2021-02-26,2021,février,vendredi,08:50,75,75116,48.858087,2.288352,2,5,3,1,1,4,2,2,1,1,,-1,1,-1,5,1,1,26,1,1,2,0,2,8,13,202100050057B01,50,17,1,200054781
202100050058,2021-02-25,2021,février,jeudi,09:12,75,75116,48.873203,2.295127,2,7,2,1,1,4,1,1,1,2,,-1,1,0,1,4,1,36,9,1,2,0,2,1,1,202100050058A01,7,23,1,200054781
202100050060,2021-02-25,2021,février,jeudi,13:20,75,75115,48.842462,2.31108,2,3,3,1,1,4,1,3,1,1,,-1,1,-1,5,4,1,40,5,2,,0,0,0,1,202100050060B01,7,15,1,200054781
202100050065,2021-02-26,2021,février,vendredi,08:25,75,75102,48.87097,2.33415,2,2,2,1,1,4,2,2,1,1,,-1,1,0,1,4,2,31,1,1,2,0,2,7,1,202100050065B01,10,22,1,200054781
202100050108,2021-02-26,2021,février,vendredi,18:10,60,60513,49.2099427328,2.3709797501,2,1,1,1,1,3,2,2,1,1,,-1,1,0,1,4,1,12,5,1,2,0,2,2,19,202100050108B01,7,1,1,200067973
202100050216,2021-02-22,2021,février,lundi,13:30,75,75116,48.874925,2.271104,2,2,3,1,8,4,2,4,1,1,,-1,1,0,1,4,1,83,9,2,,0,2,8,1,202100050216B01,10,1,1,200054781
202100050217,2021-02-25,2021,février,jeudi,08:40,75,75115,48.837235,2.296433,2,2,7,1,1,4,2,3,1,1,,-1,1,0,1,4,2,29,1,2,,0,0,0,1,202100050217A01,,,,200054781
202100050222,2021-02-25,2021,février,jeudi,15:40,75,75101,48.863402,2.350951,2,2,3,1,1,4,1,4,1,1,,-1,1,-1,5,4,1,54,9,1,2,0,2,2,1,202100050222A01,7,1,1,200054781
202100050248,2021-02-26,2021,février,vendredi,12:00,56,56224,47.794061,-2.314548,1,1,7,1,1,3,2,2,3,1,,-1,1,0,1,2,1,75,5,2,,0,0,0,1,202100050248A01,,,,200066785
202100050250,2021-02-25,2021,février,jeudi,16:05,74,74299,45.874212,6.182331,2,1,6,1,1,3,2,2,1,1,,-1,1,0,4,3,1,60,5,1,2,9,0,1,1,202100050250A01,,,,200066793
202100050254,2021-02-25,2021,février,jeudi,15:05,55,55359,48.576399,5.246902,2,9,6,1,1,4,2,2,2,3,,-1,1,0,4,3,1,13,5,2,,6,0,8,16,202100050254A01,,,,200066108
202100050278,2021-02-24,2021,février,mercredi,17:20,63,63200,45.839296,3.215446,2,6,3,1,1,3,2,2,1,1,,-1,1,5,1,3,1,57,5,1,2 / 6,0,2,1,1,202100050278B01,7,1,1,200070753
202100050314,2021-02-20,2021,février,samedi,09:05,80,80131,49.86396,2.34978,1,1,4,1,1,3,2,2,1,1,,-1,1,0,1,4,1,66,5,1,2,0,2,8,0,202100050314C01,7,1,2,248000531
202100050328,2021-02-24,2021,février,mercredi,17:50,54,54339,48.7252448522,6.181153357,1,1,1,1,1,4,2,-1,1,1,,-1,1,0,8,4,1,13,0,2,,0,2,1,26,202100050328B01,7,26,1,245400676
202100050359,2021-02-24,2021,février,mercredi,08:40,75,75118,48.889673,2.331496,2,1,2,1,1,4,2,2,2,1,,-1,1,0,1,4,2,32,9,1,2,0,2,4,23,202100050359B01,7,1,1,200054781
202100050360,2021-02-24,2021,février,mercredi,17:30,75,75117,48.8821916483,2.3011690378,2,4,3,2,1,4,2,2,1,1,,-1,1,0,1,4,2,52,1,1,2,0,2,2,1,202100050360B01,7,22,1,200054781
202100050361,2021-02-24,2021,février,mercredi,14:25,75,75115,48.835495,2.292766,2,3,3,1,1,4,1,4,1,1,,-1,1,-1,5,4,2,20,1,2,,0,2,1,1,202100050361B01,7,15,1,200054781
202100050363,2021-02-23,2021,février,mardi,20:55,75,75111,48.860972,2.388212,2,3,3,5,1,4,1,1,1,1,,-1,1,-1,5,4,2,53,1,2,,0,2,1,1,202100050363B01,7,22,1,200054781
202100050394,2021-02-24,2021,février,mercredi,14:15,46,46089,44.505573,1.080426,1,2,3,1,7,3,2,2,1,1,,-1,1,0,1,4,1,77,5,2,,0,2,3,1,202100050394B01,10,1,1,244600433
202100050396,2021-02-10,2021,février,mercredi,16:50,34,34192,43.5303129008,3.936798778,2,4,3,1,1,4,-1,2,1,1,,-1,1,8,1,3,2,67,5,2,,0,2,0,26,202100050396B01,7,16,1,243400470
202100050397,2021-02-24,2021,février,mercredi,15:45,38,38511,45.355493,5.953121,1,2,2,1,1,3,3,2,1,1,,-1,1,5,1,4,1,53,5,1,2,0,0,4,11,202100050397B01,32,1,1,200018166
202100050401,2021-02-24,2021,février,mercredi,17:10,43,43224,45.220622,4.207463,1,9,1,1,1,3,2,2,4,2,,-1,1,0,1,4,1,17,5,1,2,0,2,8,1,202100050401B01,3,1,1,200073427
202100050414,2021-02-25,2021,février,jeudi,17:00,71,71342,46.444267,4.124873,2,1,3,1,1,9,2,2,1,1,,-1,1,0,5,3,1,44,5,1,2,0,2,7,1,202100050414B01,1,13,1,200071884
202100050414,2021-02-25,2021,février,jeudi,17:00,71,71342,46.444267,4.124873,2,1,3,1,1,9,2,2,1,1,,-1,1,0,5,1,1,64,5,1,2,0,2,8,13,202100050414A01,1,1,1,200071884
202100050415,2021-02-25,2021,février,jeudi,14:30,52,52366,47.91714,5.189506,1,3,1,1,1,3,2,2,2,1,,-1,1,0,1,2,1,65,5,1,2,0,2,3,15,202100050415B01,7,1,1,200072999
202100050452,2021-02-23,2021,février,mardi,09:15,65,65417,43.227127,0.104313,2,1,7,1,1,4,-1,2,1,1,,-1,1,0,1,4,1,55,5,1,2,0,0,0,26,202100050452A01,,,,200069300
202100050481,2021-02-23,2021,février,mardi,14:10,75,75114,48.831051,2.31751,2,4,3,1,1,4,2,2,1,1,,-1,1,-1,6,4,2,57,5,2,,0,2,8,7,202100050481B01,7,15,1,200054781
202100050483,2021-02-23,2021,février,mardi,17:35,75,75112,48.845851,2.367637,2,2,6,2,1,4,-1,2,1,1,,-1,1,-1,5,4,1,40,5,1,2,0,1,3,1,202100050483A01,,,,200054781
202100050508,2021-02-23,2021,février,mardi,21:30,38,38115,44.984729,5.647509,1,1,3,3,1,3,2,2,2,1,,-1,1,0,1,4,1,25,5,2,,0,2,1,5,202100050508B01,7,1,1,200030658
202100050513,2021-02-23,2021,février,mardi,13:50,68,68073,47.805409,6.935983,2,3,1,1,1,4,2,2,2,1,,-1,1,0,1,3,1,12,5,1,2,0,2,1,1,202100050513A01,7,15,1,246800676
202100050516,2021-02-23,2021,février,mardi,15:10,44,44211,47.3765,-2.459779,1,2,3,1,1,3,2,2,1,1,,-1,1,5,1,3,1,70,5,1,2 / 6,0,2,1,1,202100050516B01,7,1,1,244400610
202100050518,2021-02-24,2021,février,mercredi,15:15,14,14103,49.256132,-0.86927,1,1,7,1,1,3,2,2,1,1,,-1,1,0,1,3,1,69,5,1,2 / 6 / 4,0,0,0,16,202100050518A01,,,,200066801
202100050524,2021-02-24,2021,février,mercredi,17:23,53,53109,48.294251,-0.480663,1,1,7,1,1,3,2,2,1,1,,-1,1,0,1,3,1,29,5,2,,0,0,0,1,202100050524A01,,,,200055887
202100050531,2021-02-23,2021,février,mardi,15:25,06,06157,43.723103,7.082738,2,6,3,1,1,7,4,5,1,1,,-1,1,0,1,3,1,72,5,1,2,0,2,7,26,202100050531B01,7,9,1,200030195
202100050616,2021-02-23,2021,février,mardi,09:00,42,42320,45.551353,4.517848,1,1,7,1,1,7,2,2,2,3,,-1,8,0,1,4,1,67,5,1,2,0,0,0,16,202100050616A01,,,,244200770
202100050621,2021-02-21,2021,février,dimanche,15:35,89,89404,48.171767,3.21672,1,1,2,1,7,3,2,2,2,1,,-1,1,0,1,4,1,52,5,1,2,0,0,4,1,202100050621B01,7,1,1,248900748
202100050631,2021-02-21,2021,février,dimanche,16:25,07,07055,44.854644,4.838212,2,9,3,1,7,3,2,2,1,1,,-1,1,0,1,4,2,38,5,2,,0,2,0,19,202100050631B01,7,16,1,200041366
202100050632,2021-02-21,2021,février,dimanche,11:05,21,21505,47.396748,4.304999,1,1,3,1,1,3,2,2,1,1,,-1,1,0,1,4,1,65,5,2,,0,2,8,1,202100050632B01,7,17,1,200071017
202100050640,2021-02-20,2021,février,samedi,17:45,67,67230,48.7911836909,7.8289377391,2,2,3,5,1,4,2,2,1,1,,-1,1,0,1,4,1,18,0,2,,0,2,1,1,202100050640B01,7,1,1,200067874
202100050643,2021-02-21,2021,février,dimanche,16:35,69,69208,45.874352,4.603827,1,2,3,1,1,3,2,2,1,2,,-1,1,0,1,3,1,10,5,2,,0,2,7,26,202100050643B01,7,1,1,246900625
202100050645,2021-02-22,2021,février,lundi,12:00,29,29058,47.8979779797,-4.0144985187,2,6,3,1,1,3,1,2,4,2,,-1,1,5,1,4,1,22,0,2,,0,2,3,9,202100050645A01,7,1,1,242900660
202100050658,2021-02-21,2021,février,dimanche,13:00,75,75110,48.878429,2.370095,2,7,3,1,1,4,1,3,1,1,,-1,1,-1,5,4,2,29,5,1,2,0,2,3,1,202100050658B01,7,16,1,200054781
202100050667,2021-02-22,2021,février,lundi,10:08,01,01419,46.23611,6.009028,1,1,2,1,1,4,2,2,1,1,,-1,1,0,1,3,1,64,1,2,,0,2,4,2,202100050667B01,7,2,1,240100750
202100050674,2021-02-20,2021,février,samedi,14:15,56,56122,47.998607,-2.383802,1,1,7,1,1,3,2,2,1,3,,-1,1,0,1,3,1,52,5,2,,0,0,1,2,202100050674B01,7,1,1,200066777
202100050680,2021-02-21,2021,février,dimanche,17:20,89,89351,47.448454,4.080015,2,1,6,1,1,4,2,2,1,3,,-1,1,0,3,3,1,45,0,2,,15,0,0,21,202100050680A01,,,,200039758
202100050765,2021-02-20,2021,février,samedi,17:10,75,75118,48.898453,2.336874,2,1,7,1,1,4,2,2,1,1,,-1,1,0,1,4,1,60,5,1,2,0,0,0,21,202100050765A01,,,,200054781
202100050768,2021-02-20,2021,février,samedi,11:25,75,75112,48.834986,2.419802,2,2,3,1,1,4,2,2,1,1,,-1,1,0,1,4,1,46,5,2,,0,2,8,1,202100050768B01,7,15,1,200054781
202100050770,2021-02-20,2021,février,samedi,17:30,75,75111,48.856179,2.38283,2,2,6,1,1,4,2,4,1,1,,-1,1,-1,5,1,1,44,5,1,2,0,1,0,1,202100050770A01,,,,200054781
202100050795,2021-02-21,2021,février,dimanche,11:45,74,74150,46.272817,6.313287,2,1,1,1,1,3,2,2,2,1,,-1,1,0,1,4,1,67,5,1,2,0,2,1,1,202100050795B01,7,1,1,200067551
202100050797,2021-02-20,2021,février,samedi,13:00,95,95594,49.1254065456,2.3975953962,1,1,2,1,1,3,2,2,3,2,,-1,1,0,3,4,1,24,5,1,2,0,2,4,2,202100050797B01,7,1,1,200073013
202100050802,2021-02-21,2021,février,dimanche,10:30,11,11390,43.110359,2.757429,1,3,3,1,1,3,2,2,1,2,,-1,1,0,1,4,1,28,5,1,2 / 6,0,2,8,1,202100050802B01,7,15,1,200035863
202100050809,2021-02-19,2021,février,vendredi,10:00,31,31232,43.770327,1.286495,2,6,3,1,1,3,2,2,1,1,,-1,1,0,1,3,1,59,5,1,2 / 6,0,2,7,1,202100050809B01,7,9,1,200071314
202100050814,2021-02-20,2021,février,samedi,14:28,14,14506,49.156595,-0.839133,1,1,2,1,1,4,-1,2,1,1,,-1,1,0,1,3,1,72,5,1,2,0,0,0,2,202100050814B01,1,1,1,200066801
202100050814,2021-02-20,2021,février,samedi,14:28,14,14506,49.156595,-0.839133,1,1,2,1,1,4,-1,2,1,1,,-1,1,0,1,3,2,57,5,1,2,0,0,0,1,202100050814A01,1,2,1,200066801
202100050821,2021-02-21,2021,février,dimanche,09:00,53,53229,48.13022,-0.751032,2,6,3,1,1,3,1,1,1,2,,-1,1,5,1,4,1,35,5,1,2 / 6,12,2,7,2,202100050821A01,1,2,1,200083392
202100050821,2021-02-21,2021,février,dimanche,09:00,53,53229,48.13022,-0.751032,2,6,3,1,1,3,1,1,1,2,,-1,1,5,1,3,1,49,5,1,2 / 6,12,2,8,2,202100050821B01,1,2,1,200083392
202100050822,2021-02-20,2021,février,samedi,07:15,40,40046,44.390766,-1.160849,2,1,3,2,1,3,2,2,1,1,,-1,1,0,1,3,1,46,1,1,2 / 9,0,2,8,1,202100050822B01,7,15,1,244000873
202100050831,2021-02-20,2021,février,samedi,21:10,973,97305,4.9406024639,-52.4118833543,1,1,2,3,1,2,2,2,1,1,,-1,1,0,1,2,1,54,0,2,,0,2,4,2,202100050831B01,7,1,1,249730045
202100050836,2021-02-19,2021,février,vendredi,15:15,73,73303,45.74629,6.416611,2,1,6,1,1,9,2,-1,1,1,,-1,1,-1,5,1,1,22,5,1,2,0,1,1,1,202100050836A01,,,,200068997
202100050887,2021-02-18,2021,février,jeudi,19:45,54,54395,48.69893,6.16795,2,2,3,5,1,4,1,1,1,1,,-1,1,0,1,4,1,32,0,1,2,0,2,7,1,202100050887B01,7,0,1,245400676
202100050909,2021-02-18,2021,février,jeudi,08:55,25,25056,47.228093,5.976498,2,1,3,1,1,4,2,2,1,1,,-1,1,0,1,4,2,45,0,1,2,0,2,8,1,202100050909B01,7,15,1,242500361
202100050923,2021-02-19,2021,février,vendredi,12:50,75,75105,48.83839,2.357027,2,2,3,1,1,4,4,4,1,1,,-1,1,-1,6,3,1,47,9,2,,0,2,1,16,202100050923A01,37,7,1,200054781
202100050929,2021-02-19,2021,février,vendredi,14:50,75,75117,48.884474,2.319502,2,2,2,1,1,4,1,1,1,1,,-1,1,0,1,4,2,28,4,1,2,0,2,2,17,202100050929A01,10,4,1,200054781
202100050933,2021-02-19,2021,février,vendredi,19:05,75,75113,48.829352,2.375906,2,1,3,5,1,4,1,1,1,1,,-1,1,0,1,4,1,49,9,2,,0,2,0,1,202100050933B01,7,22,1,200054781
202100050938,2021-02-19,2021,février,vendredi,18:05,75,75111,48.854827,2.369578,2,4,6,2,1,4,1,2,1,1,,-1,1,-1,5,4,2,32,1,1,2,0,1,1,1,202100050938A01,,,,200054781
202100050940,2021-02-19,2021,février,vendredi,17:25,75,75104,48.858052,2.349646,2,3,7,1,1,4,2,5,1,1,,-1,1,-1,5,4,1,30,9,2,,0,2,1,1,202100050940A01,,,,200054781
202100050961,2021-02-20,2021,février,samedi,10:24,57,57708,49.022195,6.198778,1,1,2,1,7,3,2,3,3,1,,-1,1,0,1,4,1,41,5,1,2,0,2,4,2,202100050961B01,7,2,1,200039907
202100050973,2021-02-19,2021,février,vendredi,15:40,25,25074,47.200531,6.711692,1,1,6,1,1,4,2,2,2,1,,-1,1,0,1,3,1,83,5,2,,0,1,1,1,202100050973A01,,,,242504355