Num_Acc,date,an,mois,jour,hrmn,dep,com,lat,long,agg,int,col,lum,atm,catr,circ,nbv,prof,plan,lartpc,larrout,surf,infra,situ,grav,sexe,age,trajet,secuexist,equipement,obs,obsm,choc,manv,vehiculeid,typevehicules,manoeuvehicules,numVehicules,_infos_commune.code_epci
202100054179,2021-01-15,2021,janvier,vendredi,18:26,974,97407,-20.93652,55.30388,2,1,2,2,1,4,1,1,1,1,,-1,1,0,4,1,1,19,5,2,,0,1,4,25,202100054179A01,,,,249740101
202100054245,2021-01-21,2021,janvier,jeudi,11:20,75,75111,48.858709,2.384338,2,3,3,1,1,4,1,1,1,1,,-1,1,8,1,4,2,37,9,2,,0,2,1,17,202100054245A01,7,15,1,200054781
202100054254,2021-01-20,2021,janvier,mercredi,18:10,94,94042,48.82449,2.47329,2,1,1,5,1,4,2,2,1,1,,-1,1,0,6,4,1,9,0,2,,0,2,4,26,202100054254B01,7,1,1,200054781
202100054254,2021-01-20,2021,janvier,mercredi,18:10,94,94042,48.82449,2.47329,2,1,1,5,1,4,2,2,1,1,,-1,1,0,6,4,2,38,0,2,,0,2,4,26,202100054254B01,7,1,1,200054781
202100054264,2021-01-22,2021,janvier,vendredi,09:10,35,35245,48.208002,-1.885689,1,1,2,1,7,7,2,2,2,2,,-1,2,0,1,2,2,70,5,1,2,0,2,4,2,202100054264B01,10,2,1,243500139
202100054277,2021-01-21,2021,janvier,jeudi,18:20,72,72328,48.022772,0.230965,1,6,3,5,2,4,2,2,1,1,,-1,2,5,1,4,2,20,1,1,4,0,2,2,1,202100054277B01,7,16,1,247200132
202100054297,2021-01-22,2021,janvier,vendredi,16:25,59,59258,50.526919,3.239679,1,1,2,1,1,3,2,2,1,3,,-1,1,0,1,4,1,55,5,1,2,0,0,4,2,202100054297B01,7,2,1,200041960
202100054320,2021-01-14,2021,janvier,jeudi,07:13,63,63063,45.83127,3.08666,2,6,3,5,1,7,-1,2,1,1,,-1,1,0,1,4,1,20,1,2,,0,2,0,1,202100054320B01,7,26,1,246300701
202100054338,2021-01-19,2021,janvier,mardi,15:40,31,31555,43.64284,1.46756,2,1,6,1,1,7,3,4,1,1,,-1,1,0,1,2,1,64,5,2,,0,2,1,19,202100054338B01,10,1,1,243100518
202100054361,2021-01-20,2021,janvier,mercredi,08:15,75,75104,48.852472,2.360209,2,1,6,2,1,4,2,4,1,1,,-1,1,-1,5,4,1,13,2,1,2,8,0,1,1,202100054361A01,,,,200054781
202100054396,2021-01-20,2021,janvier,mercredi,16:17,971,97114,16.148071,-61.583573,1,1,3,1,1,2,2,3,1,1,,-1,1,0,1,2,1,65,5,1,2,0,2,0,13,202100054396A01,7,17,1,249710062
202100054398,2021-01-08,2021,janvier,vendredi,13:10,67,67028,48.372081,7.592787,2,6,3,1,1,3,2,2,1,2,,-1,1,0,1,4,1,36,1,1,6,0,2,1,1,202100054398B01,7,16,1,200067924
202100054431,2021-01-18,2021,janvier,lundi,14:20,55,55029,48.77636,5.15678,2,6,6,1,1,4,1,1,1,3,,-1,1,0,1,1,1,28,5,2,,0,1,1,16,202100054431B01,,,,200033025
202100054454,2021-01-18,2021,janvier,lundi,08:10,27,27229,49.0143,1.16088,2,1,2,2,1,4,2,2,1,1,,-1,1,0,1,4,1,46,0,2,,0,2,4,15,202100054454B01,10,1,1,200071454
202100054470,2021-01-19,2021,janvier,mardi,21:40,75,75112,48.833354,2.402269,2,2,3,4,1,4,2,2,1,1,,-1,1,-1,5,3,1,39,5,2,,0,2,2,1,202100054470B01,7,16,1,200054781
202100054500,2021-01-20,2021,janvier,mercredi,17:35,88,88181,48.183178,7.003226,2,3,3,5,8,3,2,2,1,1,,-1,2,9,1,3,1,71,3,2,,0,2,7,19,202100054500A01,7,1,1,200071066
202100054565,2021-01-14,2021,janvier,jeudi,19:35,80,80021,49.89131,2.29659,2,1,1,5,2,4,1,1,3,1,,-1,2,0,1,4,1,28,0,1,2,0,2,1,5,202100054565B01,7,1,1,248000531
202100054602,2021-01-18,2021,janvier,lundi,17:30,75,75120,48.866366,2.383667,2,1,6,2,1,4,1,1,1,1,,-1,1,-1,5,4,1,19,2,2,,0,1,1,1,202100054602A01,,,,200054781
202100054606,2021-01-17,2021,janvier,dimanche,20:15,75,75111,48.864617,2.378038,2,2,3,5,8,4,2,2,1,1,,-1,2,0,1,4,1,32,9,2,,0,2,2,19,202100054606A01,34,1,1,200054781
202100054651,2021-01-18,2021,janvier,lundi,17:20,44,44047,47.228589,-1.710788,1,3,3,2,1,7,2,2,1,1,,-1,1,0,1,4,2,59,5,2,,0,2,8,15,202100054651B01,7,17,1,244400404
202100054707,2021-01-17,2021,janvier,dimanche,17:10,35,35359,47.938977,-1.288667,1,1,2,1,1,4,2,2,1,1,,-1,1,0,1,3,1,82,5,2,,0,2,4,2,202100054707B01,7,2,1,200039022
202100054716,2021-01-15,2021,janvier,vendredi,06:50,61,61272,48.747399,0.296797,1,1,7,3,2,4,2,2,2,1,,-1,2,0,1,3,1,59,1,2,,0,0,0,1,202100054716A01,,,,200069458
202100054773,2021-01-16,2021,janvier,samedi,18:00,26,26198,44.55518,4.75933,2,6,3,3,1,3,2,2,1,4,,-1,1,0,1,4,1,52,9,2,,0,2,1,1,202100054773B01,7,9,1,200040459
202100054782,2021-01-16,2021,janvier,samedi,12:10,75,75116,48.855558,2.275051,2,4,6,1,4,4,1,1,2,1,,-1,5,0,1,1,1,22,1,1,6,0,1,1,1,202100054782A01,,,,200054781
202100054784,2021-01-16,2021,janvier,samedi,17:50,75,75115,48.845293,2.276037,2,1,6,5,2,4,1,2,1,1,,-1,2,-1,5,4,1,18,5,2,,12,0,1,1,202100054784A01,,,,200054781
202100054787,2021-01-16,2021,janvier,samedi,14:50,75,75111,48.854299,2.377877,2,1,3,1,4,4,2,2,1,1,,-1,5,0,1,4,1,29,4,1,2,0,2,3,1,202100054787B01,7,22,1,200054781
202100054806,2021-01-15,2021,janvier,vendredi,15:00,51,51662,49.2947566128,4.1249895544,2,3,3,1,1,4,2,2,2,1,,-1,1,0,1,4,1,24,5,1,2 / 9,0,2,1,1,202100054806B01,7,15,1,200067213
202100054918,2021-01-14,2021,janvier,jeudi,17:00,75,75105,48.846845,2.360971,2,3,3,5,2,4,2,4,1,1,,-1,2,-1,5,4,1,58,5,2,,0,2,8,13,202100054918B01,1,17,1,200054781
202100054918,2021-01-14,2021,janvier,jeudi,17:00,75,75105,48.846845,2.360971,2,3,3,5,2,4,2,4,1,1,,-1,2,-1,5,1,1,57,9,2,,0,2,7,17,202100054918A01,1,13,1,200054781
202100054919,2021-01-14,2021,janvier,jeudi,13:40,75,75105,48.8474056904,2.3528152528,2,2,3,1,8,4,2,5,1,1,,-1,2,0,1,4,2,63,9,1,2,0,2,1,1,202100054919B01,7,22,1,200054781
202100054924,2021-01-15,2021,janvier,vendredi,21:01,75,75110,48.871236,2.370145,2,2,3,5,1,4,2,3,2,1,,-1,1,0,1,4,1,30,4,1,2,0,2,3,18,202100054924B01,7,16,1,200054781
202100054925,2021-01-14,2021,janvier,jeudi,19:16,75,75108,48.875252,2.324273,2,7,6,5,2,4,2,4,1,1,,-1,2,0,1,1,1,38,1,1,2,0,1,1,1,202100054925A01,,,,200054781
202100054926,2021-01-15,2021,janvier,vendredi,14:25,75,75101,48.862404,2.341595,2,3,3,1,1,4,2,4,1,1,,-1,1,0,1,4,2,50,1,1,2,0,2,3,15,202100054926A01,31,1,1,200054781
202100054927,2021-01-15,2021,janvier,vendredi,17:13,75,75104,48.852222,2.366028,2,4,7,1,1,4,2,4,1,1,,-1,1,-1,6,4,1,36,5,1,2,0,0,1,7,202100054927A01,,,,200054781
202100054928,2021-01-15,2021,janvier,vendredi,12:50,75,75102,48.8706687871,2.3479188617,2,3,3,1,1,4,2,4,1,1,,-1,1,-1,5,4,2,26,9,1,2,0,2,1,17,202100054928B01,10,22,1,200054781
202100054930,2021-01-15,2021,janvier,vendredi,13:10,94,94046,48.806543,2.443312,2,3,6,1,1,3,2,2,1,1,,-1,1,0,1,1,1,62,0,1,2,0,1,8,1,202100054930A01,,,,200054781
202100055063,2021-01-13,2021,janvier,mercredi,09:10,06,06030,43.5672,6.97019,2,1,2,1,1,3,2,2,1,1,,-1,2,0,1,3,1,68,5,1,2,0,2,1,2,202100055063B01,13,1,1,200039915
202100055066,2021-01-13,2021,janvier,mercredi,22:45,75,75120,48.86649,2.412672,2,4,5,5,2,4,1,2,1,1,,-1,2,0,1,4,2,61,1,1,2,0,2,8,19,202100055066B01,60 / 7,19 / 1,2,200054781
202100055070,2021-01-14,2021,janvier,jeudi,09:40,75,75114,48.824907,2.330667,2,1,3,1,1,4,2,2,2,1,,-1,1,0,1,4,1,55,4,2,,0,2,1,1,202100055070B01,10,22,1,200054781
202100055097,2021-01-14,2021,janvier,jeudi,14:55,972,97221,14.507192,-60.981417,1,1,2,1,1,2,2,4,1,1,,-1,1,0,1,3,1,70,5,1,2,0,2,4,2,202100055097B01,10,2,1,249720053
202100055108,2021-01-13,2021,janvier,mercredi,16:40,22,22220,48.209242,-3.264404,1,1,7,1,2,3,2,2,1,1,,-1,2,0,8,2,1,73,5,1,2 / 6,0,0,0,0,202100055108A01,,,,242200715
202100055110,2021-01-13,2021,janvier,mercredi,15:25,44,44158,47.27005,-1.762501,2,6,2,1,1,4,2,1,1,1,,-1,1,0,1,3,1,66,5,1,2 / 6,0,2,5,1,202100055110B01,7,1,1,200072734
202100055203,2021-01-13,2021,janvier,mercredi,21:04,75,75105,48.846845,2.360977,2,3,3,5,2,4,2,3,1,1,,-1,2,0,1,4,1,50,9,2,,0,2,1,11,202100055203A01,7,1,1,200054781
202100055206,2021-01-13,2021,janvier,mercredi,20:10,75,75120,48.848937,2.405469,2,2,3,5,1,4,1,2,1,1,,-1,2,-1,5,4,2,32,9,2,,0,2,1,1,202100055206B01,30,5,1,200054781
202100055212,2021-01-13,2021,janvier,mercredi,09:30,75,75112,48.844287,2.381566,2,2,3,1,2,4,2,2,1,1,,-1,2,-1,5,4,2,39,1,2,,0,2,8,1,202100055212B01,7,15,1,200054781
202100055215,2021-01-13,2021,janvier,mercredi,09:00,75,75108,48.87711,2.326913,2,3,3,1,2,4,2,2,2,1,,-1,2,0,1,4,1,18,5,2,,0,2,0,1,202100055215B01,7,15,1,200054781
202100055239,2021-01-14,2021,janvier,jeudi,08:25,56,56120,47.76025,-2.7676,2,1,3,2,2,3,2,2,1,1,,-1,2,0,1,4,1,11,2,1,2,0,2,1,19,202100055239A01,7,1,1,200067932
202100055240,2021-01-13,2021,janvier,mercredi,14:15,11,11102,43.132885,2.307821,1,1,1,1,1,3,2,2,1,2,,-1,1,0,1,4,1,51,5,1,2,0,0,1,1,202100055240B01,7,1,1,200035715
202100055333,2021-01-11,2021,janvier,lundi,14:00,27,27229,49.02132,1.13645,2,1,2,1,8,3,2,2,1,1,,-1,1,0,1,4,1,32,5,1,2 / 6,0,0,0,0,202100055333B01,7,4,1,200071454
202100055363,2021-01-11,2021,janvier,lundi,19:45,75,75104,48.85926,2.350832,2,1,7,5,1,4,2,0,1,1,,-1,1,6,1,4,1,25,4,2,,0,0,0,1,202100055363A01,,,,200054781
202100055529,2021-01-10,2021,janvier,dimanche,19:50,75,75111,48.8545127779,2.3780304193,2,4,6,5,1,4,2,2,1,1,,-1,1,0,1,4,1,22,4,2,,0,1,1,1,202100055529A01,,,,200054781
202100055530,2021-01-11,2021,janvier,lundi,10:20,75,75110,48.879328,2.357094,2,2,3,1,8,4,2,4,2,1,,-1,1,-1,5,4,2,36,5,2,,0,2,3,1,202100055530B01,7,16,1,200054781
202100055532,2021-01-11,2021,janvier,lundi,12:00,75,75108,48.864361,2.320338,2,7,7,1,1,4,1,4,1,1,,-1,1,-1,5,4,1,83,3,1,2,14,0,0,1,202100055532A01,,,,200054781
202100055533,2021-01-11,2021,janvier,lundi,11:25,75,75117,48.882039,2.301056,2,4,3,1,8,4,2,2,1,1,,-1,1,0,1,4,1,36,4,2,,0,2,8,1,202100055533B01,14,2,1,200054781
202100055534,2021-01-11,2021,janvier,lundi,08:20,75,75108,48.874793,2.299932,2,1,6,2,1,4,1,1,1,1,,-1,1,0,1,4,1,48,1,2,,9,0,1,19,202100055534A01,,,,200054781
202100055535,2021-01-11,2021,janvier,lundi,17:42,75,75107,48.862832,2.313455,2,2,7,2,1,4,2,2,1,1,,-1,1,-1,5,4,1,52,1,1,2,0,0,0,21,202100055535B01,,,,200054781
202100055536,2021-01-10,2021,janvier,dimanche,15:15,75,75101,48.8595394521,2.3487913769,2,2,6,1,1,4,1,5,1,1,,-1,1,0,1,1,1,48,9,2,,0,1,1,1,202100055536A01,,,,200054781
202100055594,2021-01-11,2021,janvier,lundi,06:00,53,53097,48.149581,-0.40879,2,1,2,5,2,4,2,2,1,1,,-1,2,0,1,3,1,17,1,1,2 / 4 / 9,0,0,4,0,202100055594A01,7,0,1,200033298
202100055637,2021-01-08,2021,janvier,vendredi,15:35,77,77470,48.746834,2.788237,2,1,1,1,8,4,2,2,1,1,,-1,1,0,1,3,1,71,5,1,2,0,2,1,5,202100055637A01,7,1,1,200023125
202100055669,2021-01-08,2021,janvier,vendredi,16:50,26,26198,44.5326,4.7392,2,1,3,1,1,2,2,3,1,1,,-1,1,0,1,4,1,17,9,1,2,0,2,1,5,202100055669B01,7,9,1,200040459
202100055683,2021-01-09,2021,janvier,samedi,11:20,75,75110,48.883869,2.368592,2,2,2,1,1,4,1,3,1,1,,-1,1,0,1,4,1,29,5,1,2 / 6,0,2,1,1,202100055683A01,7,14,1,200054781
202100055684,2021-01-08,2021,janvier,vendredi,17:45,75,75108,48.875022,2.321286,2,1,3,5,1,4,1,3,1,1,,-1,1,-1,6,4,1,36,1,1,2,0,2,4,13,202100055684B01,33,17,1,200054781
202100055685,2021-01-09,2021,janvier,samedi,14:25,75,75103,48.866801,2.362003,2,4,3,1,1,4,2,6,1,2,,-1,1,-1,5,4,2,55,1,1,2,0,2,1,1,202100055685B01,7,15,1,200054781
202100055697,2021-01-09,2021,janvier,samedi,19:20,92,92073,48.8827467088,2.2236063555,2,2,3,5,1,3,2,0,1,1,,-1,1,0,1,4,1,16,0,2,,0,2,8,19,202100055697B01,7,19,1,200054781
202100055703,2021-01-10,2021,janvier,dimanche,15:00,33,33205,44.612126,-0.372207,1,3,3,1,1,3,2,2,1,1,,-1,1,0,1,3,1,51,5,1,2,0,2,7,1,202100055703B01,7,15,1,200069581
202100055708,2021-01-09,2021,janvier,samedi,15:00,29,29174,47.8778176242,-4.2468126814,1,1,3,1,1,3,2,2,1,1,,-1,1,0,1,3,1,62,5,2,,0,2,8,15,202100055708B01,10,17,1,242900710
202100055723,2021-01-08,2021,janvier,vendredi,13:53,67,67120,48.375685,7.43848,1,2,1,1,7,3,2,2,2,3,,-1,1,5,1,3,1,67,0,2,,0,2,1,1,202100055723B01,7,15,1,200034270
202100055731,2021-01-09,2021,janvier,samedi,16:40,22,22174,48.614254,-2.336869,1,3,3,1,1,3,2,2,3,3,,-1,1,5,1,4,1,16,5,2,,0,2,8,9,202100055731B01,7,1,1,200068989
202100055762,2021-01-07,2021,janvier,jeudi,17:59,80,80021,49.91007,2.30049,2,3,3,5,2,4,2,2,1,1,,-1,2,0,1,4,1,29,0,1,2,0,2,7,1,202100055762A01,7,15,1,248000531
202100055767,2021-01-08,2021,janvier,vendredi,19:10,69,69256,45.76377,4.93337,2,2,3,5,1,4,2,4,1,1,,-1,1,0,1,2,1,35,1,1,2,0,2,7,19,202100055767B01,7,1,1,200046977
202100055830,2021-01-07,2021,janvier,jeudi,20:15,75,75108,48.864089,2.32011,2,7,7,5,2,4,3,2,1,1,,-1,2,-1,5,4,2,29,5,1,2,0,0,1,1,202100055830A01,,,,200054781
202100055872,2021-01-08,2021,janvier,vendredi,19:25,973,97309,4.887064,-52.276801,2,9,1,5,3,4,2,2,1,1,,-1,2,0,1,4,1,55,0,2,,0,2,2,11,202100055872A01,7,1,1,249730045
202100055876,2021-01-09,2021,janvier,samedi,10:30,95,95409,49.0430577885,2.3387010399,2,1,3,1,1,3,1,1,3,3,,-1,1,0,1,4,1,64,5,1,2,0,2,8,19,202100055876B01,7,19,1,200056380
202100055943,2021-01-07,2021,janvier,jeudi,18:00,75,75112,48.848926,2.380025,2,1,3,5,2,4,2,2,1,1,,-1,2,0,1,4,1,24,1,1,2,0,2,1,1,202100055943B01,7,9,1,200054781
202100055944,2021-01-07,2021,janvier,jeudi,08:05,75,75112,48.835202,2.407015,2,7,1,2,2,4,1,3,1,1,,-1,2,-1,5,4,1,71,5,1,2,0,2,1,1,202100055944B01,1,5,1,200054781
202100055944,2021-01-07,2021,janvier,jeudi,08:05,75,75112,48.835202,2.407015,2,7,1,2,2,4,1,3,1,1,,-1,2,-1,5,1,1,45,1,1,2,0,2,1,5,202100055944A01,1,1,1,200054781
202100055977,2021-01-08,2021,janvier,vendredi,07:55,89,89460,48.335242,3.064156,2,2,1,2,2,3,2,2,2,1,,-1,2,5,1,3,1,14,2,2,,0,2,8,0,202100055977B01,7,1,1,248900896
202100055978,2021-01-06,2021,janvier,mercredi,12:10,76,76711,50.060445,1.372696,2,1,1,1,1,3,2,2,2,1,,-1,1,0,1,4,1,22,1,2,,0,2,1,1,202100055978B01,7,13,1,247600588
202100055998,2021-01-04,2021,janvier,lundi,17:15,06,06019,43.781266,7.337862,2,6,2,5,8,3,1,1,1,1,,-1,2,0,1,3,1,40,1,1,2 / 9,0,0,4,16,202100055998B01,7,9,1,240600593
202100056066,2021-01-06,2021,janvier,mercredi,16:00,75,75116,48.86228,2.238321,2,5,2,1,1,4,-1,2,1,1,,-1,1,-1,5,4,1,16,5,1,2,0,2,1,1,202100056066A01,7,23,1,200054781
202100056069,2021-01-06,2021,janvier,mercredi,16:15,75,75112,48.8446739656,2.4057128628,2,5,3,2,8,4,2,2,1,1,,-1,1,-1,5,3,2,50,5,2,,0,2,8,1,202100056069B01,7,14,1,200054781
202100056088,2021-01-06,2021,janvier,mercredi,16:51,64,64410,43.372621,-0.62871,2,3,7,1,1,3,2,2,2,1,,-1,1,0,1,4,1,68,5,1,2,12,0,0,1,202100056088B01,7,15,1,200039204
202100056184,2021-01-04,2021,janvier,lundi,17:35,75,75103,48.862396,2.355522,2,1,7,5,1,4,1,1,1,1,,-1,9,0,1,4,1,58,9,1,2,0,0,1,21,202100056184A01,,,,200054781
202100056215,2021-01-05,2021,janvier,mardi,15:25,95,95446,49.116388,2.180909,1,1,7,1,8,3,2,2,1,1,,-1,1,0,1,3,1,37,5,2,,0,0,3,1,202100056215A01,,,,249500430
202100056276,2021-01-04,2021,janvier,lundi,18:25,75,75119,48.881683,2.381055,2,3,3,5,2,4,2,2,1,1,,-1,2,0,1,4,2,51,9,1,2 / 6,0,2,3,1,202100056276B01,7,17,1,200054781
202100056283,2021-01-04,2021,janvier,lundi,19:40,75,75101,48.864964,2.334768,2,4,6,5,1,4,2,4,1,1,,-1,1,0,1,1,1,27,5,2,,0,1,1,1,202100056283A01,,,,200054781
202100056300,2021-01-04,2021,janvier,lundi,17:05,34,34111,43.932254,3.711287,2,6,3,2,1,3,4,2,1,1,,-1,1,5,1,4,1,13,2,2,,0,2,1,25,202100056300A01,7,9,1,243400736
202100056307,2021-01-04,2021,janvier,lundi,14:50,47,47283,44.473198,0.939744,2,1,2,1,1,3,2,2,1,1,,-1,1,9,1,4,1,68,5,1,2,9,0,4,1,202100056307B01,7,1,1,200068930
202100056312,2021-01-04,2021,janvier,lundi,16:40,24,24520,44.87505,1.224686,2,1,3,1,1,3,2,2,1,1,,-1,1,0,1,3,2,16,5,2,,0,2,3,25,202100056312A01,17,1,1,200027217
202100056317,2021-01-02,2021,janvier,samedi,18:30,44,44168,47.377789,-2.197641,2,1,3,5,1,3,2,2,1,2,,-1,1,0,1,4,1,35,5,2,,0,0,8,1,202100056317B01,7,14,1,244400644
202100056362,2021-01-04,2021,janvier,lundi,08:20,64,64138,43.230946,-0.276584,2,3,1,1,1,3,2,2,1,1,,-1,1,0,1,4,1,53,1,1,2,0,2,0,1,202100056362B01,7,15,1,246401756
202100056404,2021-01-01,2021,janvier,vendredi,16:55,54,54395,48.6849869839,6.1760189384,2,2,3,5,1,4,1,2,1,1,,-1,1,-1,1,4,1,12,5,1,2,0,2,1,25,202100056404A01,7,1,1,245400676
202100056424,2021-01-02,2021,janvier,samedi,15:40,75,75110,48.876905,2.366594,2,1,3,1,8,4,1,1,2,1,,-1,1,-1,5,4,2,43,5,2,,0,2,1,1,202100056424A01,7,9,1,200054781
202100056508,2021-01-01,2021,janvier,vendredi,12:20,64,64400,43.146573,-0.195544,1,1,7,1,1,4,2,2,2,2,,-1,2,0,1,3,1,46,5,1,2 / 6,0,0,8,1,202100056508A01,,,,246401756
202200000016,2022-10-21,2022,octobre,vendredi,16:32,75,75106,48.847999,2.330176,2,1,3,1,1,4,2,2,1,1,,-1,1,0,1,4,1,40,9,2,,0,2,1,1,202200000016B01,7,22,1,200054781
202200000017,2022-10-20,2022,octobre,jeudi,13:00,75,75105,48.851387,2.343186,2,2,3,1,1,4,1,3,1,1,,-1,1,0,5,4,1,19,5,2,,0,2,0,1,202200000017B01,10,16,1,200054781
202200000046,2022-10-21,2022,octobre,vendredi,19:40,93,93049,48.8587,2.50654,2,2,3,5,1,4,1,2,1,1,,-1,1,0,1,4,1,34,1,2,,0,2,0,1,202200000046B01,7,1,1,200054781
202200000058,2022-10-21,2022,octobre,vendredi,20:00,92,92048,48.81288,2.2462,2,1,2,5,1,4,2,2,4,1,,-1,1,0,1,4,2,32,1,2,,0,2,2,1,202200000058A01,7,23,1,200054781
202200000087,2022-10-18,2022,octobre,mardi,11:03,29,29075,48.431226,-4.402658,2,6,3,1,1,3,1,1,1,2,,-1,1,5,1,3,1,54,1,1,2,0,2,1,1,202200000087A01,7,9,1,242900314
202200000092,2022-10-12,2022,octobre,mercredi,10:45,09,09173,43.036357,1.540797,1,1,2,1,1,3,2,2,2,1,,-1,1,0,1,3,1,64,5,1,2 / 6,0,2,6,1,202200000092B01,10,17,1,200067791
202200000120,2022-09-10,2022,septembre,samedi,16:00,56,56262,47.638231,-2.952866,2,1,3,1,1,3,3,2,2,1,,7,1,0,1,3,1,57,5,1,2,0,2,3,1,202200000120B01,7,17,1,200067932
202200000147,2022-10-20,2022,octobre,jeudi,12:00,75,75105,48.839552,2.337271,2,3,3,1,1,4,3,4,1,1,,-1,1,0,6,4,1,43,1,2,,0,2,1,1,202200000147A01,7,17,1,200054781
202200000152,2022-10-20,2022,octobre,jeudi,08:18,75,75115,48.84061,2.321498,2,1,7,2,2,4,2,4,2,1,,-1,2,0,1,4,2,29,1,2,,0,0,0,21,202200000152A01,,,,200054781
202200000157,2022-10-20,2022,octobre,jeudi,19:20,75,75111,48.854984,2.382112,2,1,6,5,3,4,2,2,1,1,,-1,3,0,5,1,1,27,1,1,2,0,1,1,1,202200000157A01,,,,200054781
202200000164,2022-08-07,2022,août,dimanche,04:23,49,49007,47.47312,-0.55637,2,1,7,5,1,4,2,2,1,1,,-1,1,0,1,4,2,30,0,2,,0,0,0,1,202200000164A01,,,,244900015
202200000184,2022-08-09,2022,août,mardi,02:30,75,75120,48.859163,2.402127,2,2,3,5,1,4,2,3,2,1,,-1,1,0,1,4,1,28,5,2,,0,2,7,1,202200000184A01,7,1,1,200054781
202200000203,2022-08-09,2022,août,mardi,19:40,92,92064,48.8442803244,2.2075653076,2,3,7,1,1,3,2,-1,1,1,,-1,1,0,1,4,1,58,5,1,2 / 6,0,0,1,15,202200000203A01,,,,200054781
202200000217,2022-07-21,2022,juillet,jeudi,10:05,79,79284,46.44336,-0.44768,2,1,3,1,1,4,2,2,1,1,,5,1,0,1,3,1,14,5,1,2,12,2,6,14,202200000217B01,7,1,1,200069748
202200000226,2022-08-09,2022,août,mardi,08:00,01,01039,45.857641,5.74277,2,1,2,1,1,3,2,2,2,2,,-1,1,0,1,4,1,63,5,1,2,0,0,4,2,202200000226B01,7,2,1,
202200000253,2022-08-10,2022,août,mercredi,07:55,29,29169,48.072151,-4.193553,1,1,3,1,1,3,2,2,1,1,,-1,1,8,1,4,1,19,1,1,2,0,2,8,13,202200000253B01,7,2,1,200068120
202200000319,2022-08-06,2022,août,samedi,18:31,47,47027,44.4155,0.6619,1,1,6,1,1,9,2,0,1,1,,-1,1,5,5,3,1,73,5,2,,15,0,1,26,202200000319Y01,,,,200023307
202200000377,2022-04-21,2022,avril,jeudi,16:40,29,29019,48.407405,-4.522259,2,3,3,1,1,4,-1,2,1,1,,-1,1,-1,1,4,1,77,5,1,2,0,2,8,9,202200000377Y01,7,1,1,242900314
202200000392,2022-05-04,2022,mai,mercredi,07:06,75,75119,48.896181,2.375056,2,1,2,1,1,4,2,2,1,1,,-1,1,0,1,4,1,39,5,1,2,0,2,4,2,202200000392A01,7,2,1,200054781
202200000394,2022-04-30,2022,avril,samedi,00:50,75,75119,48.891438,2.385017,2,1,1,5,1,4,2,3,1,1,,-1,1,-1,5,1,-1,2022,-1,2,,0,2,0,13,202200000394Z01,1,1,1,200054781
202200000394,2022-04-30,2022,avril,samedi,00:50,75,75119,48.891438,2.385017,2,1,1,5,1,4,2,3,1,1,,-1,1,-1,5,3,1,32,9,1,2,0,2,0,1,202200000394A01,1,13,1,200054781
202200000402,2022-05-04,2022,mai,mercredi,15:00,75,75107,48.862573,2.310408,2,2,3,1,1,4,2,3,1,1,,-1,1,5,5,4,2,22,9,1,2,0,2,2,1,202200000402B01,7,15,1,200054781
202200000403,2022-05-04,2022,mai,mercredi,14:30,75,75104,48.860325,2.353003,2,3,7,1,1,4,2,3,1,1,,-1,1,0,6,4,2,66,5,1,2,0,0,1,1,202200000403A01,,,,200054781
202200000405,2022-05-03,2022,mai,mardi,17:00,75,75101,48.860909,2.340839,2,2,3,1,1,4,2,4,1,1,,-1,1,-1,5,4,1,23,1,1,2,0,2,1,1,202200000405B01,7,15,1,200054781
202200000407,2022-05-03,2022,mai,mardi,09:10,75,75104,48.855097,2.36168,2,3,7,1,1,4,2,4,1,1,,-1,1,-1,5,4,1,59,1,1,2,0,0,5,1,202200000407A01,,,,200054781
202200000427,2022-05-06,2022,mai,vendredi,13:30,80,80016,49.989772,2.63891,1,1,2,1,1,3,2,2,2,1,,-1,1,0,1,4,1,30,5,1,2,0,2,1,1,202200000427A01,1,1,1,248000747
202200000427,2022-05-06,2022,mai,vendredi,13:30,80,80016,49.989772,2.63891,1,1,2,1,1,3,2,2,2,1,,-1,1,0,1,1,1,45,5,1,2,0,2,4,1,202200000427B01,1,1,1,248000747
202200000446,2022-05-06,2022,mai,vendredi,15:20,41,41149,47.78101,0.800822,1,1,7,1,1,4,2,2,2,2,,4,1,0,1,3,1,74,5,1,2,0,0,0,1,202200000446A01,,,,200072072
202200000452,2022-10-20,2022,octobre,jeudi,18:20,75,75111,48.853314,2.375732,2,3,3,4,8,4,1,1,1,1,,-1,1,0,1,4,2,32,9,2,,0,2,1,1,202200000452A01,60,19,1,200054781
202200000457,2022-05-02,2022,mai,lundi,16:53,82,82112,44.102915,1.086879,2,2,1,1,1,3,2,2,1,1,,-1,1,0,1,3,1,43,1,2,,0,2,1,1,202200000457B01,7,15,1,200066322
202200000480,2022-03-25,2022,mars,vendredi,16:30,38,38035,45.514131,5.078947,2,1,3,1,1,3,2,1,1,1,,3.5,1,0,1,4,1,10,2,1,2 / 6,0,2,8,13,202200000480B01,7,1,1,200059392