Num_Acc,date,an,mois,jour,hrmn,dep,com,lat,long,agg,int,col,lum,atm,catr,circ,nbv,prof,plan,lartpc,larrout,surf,infra,situ,grav,sexe,age,trajet,secuexist,equipement,obs,obsm,choc,manv,vehiculeid,typevehicules,manoeuvehicules,numVehicules,_infos_commune.code_epci
202200000497,2022-03-23,2022,mars,mercredi,14:05,53,53097,48.147645,-0.413017,2,6,2,1,1,3,2,1,1,1,,-1,1,0,1,3,1,85,5,1,2 / 9,0,2,5,1,202200000497A01,7,9,1,200033298
202200000507,2022-10-19,2022,octobre,mercredi,16:15,31,31467,43.686733,1.420261,2,1,3,1,1,4,2,2,1,3,,4,1,0,1,3,1,12,5,1,2,0,0,8,19,202200000507A01,7,1,1,243100518
202200000578,2022-10-09,2022,octobre,dimanche,10:46,16,16096,45.813513,0.540773,1,1,2,2,1,3,2,2,2,1,,5,1,0,1,3,1,42,5,1,2,0,2,6,1,202200000578B01,10,2,1,200072049
202200000592,2022-09-28,2022,septembre,mercredi,13:15,22,22050,48.456479,-2.051172,2,1,2,1,2,4,2,2,1,1,,6,2,0,1,3,1,17,2,2,,0,2,1,1,202200000592B01,7,23,1,200068989
202200000634,2022-08-03,2022,août,mercredi,18:50,73,73065,45.5675845444,5.9245372676,2,3,2,1,1,4,2,4,4,3,,-1,1,5,1,4,1,57,5,2,,0,2,1,1,202200000634B01,7,23,1,200069110
202200000657,2022-10-18,2022,octobre,mardi,14:40,13,13041,43.457822,5.463292,2,6,1,1,1,7,4,3,1,1,,-1,1,5,8,3,1,22,2,2,,0,2,8,19,202200000657B01,7,19,1,200054807
202200000658,2022-03-24,2022,mars,jeudi,21:37,973,97302,4.9396,-52.32849,2,2,6,5,1,4,2,2,1,1,,-1,1,0,8,4,1,24,0,2,,0,0,0,0,202200000658B01,7,26,1,249730045
202200000668,2022-03-25,2022,mars,vendredi,00:15,69,69383,45.75084,4.86074,2,4,3,5,1,4,2,3,1,1,,-1,1,0,6,4,1,32,5,2,,12,2,8,19,202200000668B01,32,1,1,200046977
202200000672,2022-10-20,2022,octobre,jeudi,06:30,69,69089,45.733355,4.775861,2,9,1,5,2,7,2,2,2,1,,-1,2,5,1,3,1,52,1,1,4 / 2,0,2,1,8,202200000672A01,7,15,1,200046977
202200000678,2022-09-25,2022,septembre,dimanche,12:30,33,33449,44.893709,-0.717722,2,9,3,1,1,4,1,1,1,1,,-1,1,0,1,3,1,63,5,1,2,0,2,1,19,202200000678A01,7,1,1,243300316
202200000684,2022-12-31,2022,décembre,samedi,16:24,63,63113,45.78798,3.05592,2,1,7,1,1,7,2,2,1,1,,-1,1,0,1,2,1,86,0,1,2,0,0,1,1,202200000684A01,,,,246300701
202200000689,2022-03-24,2022,mars,jeudi,16:50,85,85191,46.67206,-1.42744,2,3,3,1,1,4,2,2,1,1,,-1,1,0,1,4,1,48,5,2,,0,2,1,1,202200000689B01,7,0,1,248500589
202200000730,2022-09-10,2022,septembre,samedi,08:50,73,73297,45.643699,6.317697,2,9,3,1,1,3,2,2,2,1,,4,1,0,1,4,1,44,5,1,2,0,2,7,17,202200000730A01,7,15,1,200068997
202200000770,2022-04-11,2022,avril,lundi,10:15,93,93064,48.862251,2.488219,2,1,2,1,1,4,1,1,1,1,,-1,1,0,1,4,1,41,1,1,2,0,0,0,0,202200000770B01,10,2,1,200054781
202200000784,2022-10-30,2022,octobre,dimanche,15:50,14,14191,49.322399,-0.455288,2,6,3,1,7,3,2,2,1,1,,-1,1,0,1,2,2,60,5,2,,0,2,1,1,202200000784B01,7,9,1,241400860
202200000788,2022-10-18,2022,octobre,mardi,17:30,14,14762,48.866704,-0.870611,2,6,1,1,1,3,1,2,1,3,,-1,1,5,1,2,2,65,5,1,2,0,2,3,1,202200000788B01,14,16,1,200068799
202200000819,2022-10-19,2022,octobre,mercredi,10:25,69,69259,45.72855,4.85898,2,6,3,1,1,4,1,2,1,1,,-1,1,0,6,4,2,63,0,2,,0,2,7,1,202200000819B01,7,9,1,200046977
202200000838,2022-03-24,2022,mars,jeudi,15:50,75,75119,48.875243,2.382312,2,3,7,1,1,4,2,2,1,1,,-1,1,0,5,4,2,29,5,2,,0,0,1,1,202200000838A01,,,,200054781
202200000841,2022-03-24,2022,mars,jeudi,12:30,75,75116,48.86978,2.292217,2,1,3,1,1,4,2,3,1,1,,-1,1,0,1,4,1,26,1,2,,0,2,8,11,202200000841B01,7,1,1,200054781
202200000843,2022-10-11,2022,octobre,mardi,15:00,63,63113,45.7815,3.08848,2,4,3,1,1,4,2,2,1,1,,-1,2,0,1,4,1,50,0,1,2,0,2,1,19,202200000843B01,7,15,1,246300701
202200000858,2022-11-30,2022,novembre,mercredi,12:40,74,74010,45.843934,6.057723,1,6,3,1,1,3,1,1,1,2,,-1,1,9,1,3,1,79,5,1,2,0,2,8,26,202200000858B01,7,12,1,200066793
202200000901,2022-10-21,2022,octobre,vendredi,07:59,29,29147,47.8675599,-3.584593,2,6,3,2,3,2,1,1,1,2,,-1,2,3,1,4,2,40,0,1,2 / 4,0,2,7,1,202200000901B01,7,9,1,242900694
202200000920,2022-04-29,2022,avril,vendredi,16:50,62,62040,50.718347,2.325642,1,2,3,1,1,3,3,2,1,1,,-1,1,0,1,3,1,19,0,2,,0,2,7,9,202200000920B01,10,0,1,200069037
202200000921,2022-12-18,2022,décembre,dimanche,16:10,74,74305,46.20153,6.24554,2,1,3,1,1,4,1,1,1,1,,-1,1,0,1,4,2,13,5,2,,0,0,0,0,202200000921B01,7,1,1,200011773
202200000928,2022-12-05,2022,décembre,lundi,09:00,74,74010,45.90543,6.11963,2,3,2,1,8,4,2,4,1,1,,-1,2,0,5,4,2,67,3,2,,0,2,4,1,202200000928B01,7,16,1,200066793
202200000944,2022-10-10,2022,octobre,lundi,12:15,69,69386,45.77007,4.85698,2,3,3,1,1,4,2,2,1,1,,-1,1,0,1,3,1,39,0,2,,0,2,1,1,202200000944B01,7,16,1,200046977
202200000981,2022-09-18,2022,septembre,dimanche,14:24,67,67306,48.515846,7.293726,1,1,5,1,1,3,2,2,2,3,,-1,1,0,4,4,2,42,5,1,2,3,2,0,25,202200000981B01,7,13,1,246700306
202200000981,2022-09-18,2022,septembre,dimanche,14:24,67,67306,48.515846,7.293726,1,1,5,1,1,3,2,2,2,3,,-1,1,0,4,3,2,12,5,1,2,3,2,0,25,202200000981C01,7,13,1,246700306
202200000998,2022-09-18,2022,septembre,dimanche,11:30,03,03084,46.477798,2.85269,1,1,3,1,1,3,2,2,1,1,,-1,1,0,1,3,1,76,5,1,9,0,2,8,0,202200000998B01,7,2,1,200071512
202200001002,2022-09-19,2022,septembre,lundi,19:00,60,60667,49.310886,2.736685,2,1,7,1,1,4,2,2,1,1,,5,1,0,1,4,1,39,5,1,2,0,0,0,0,202200001002A01,,,,200067965
202200001028,2022-09-17,2022,septembre,samedi,13:00,67,67237,48.675894,7.84588,2,6,3,1,1,3,1,2,1,2,,-1,1,5,1,4,2,48,5,1,2,0,2,7,26,202200001028B01,7,9,1,200041325
202200001098,2022-09-17,2022,septembre,samedi,18:40,75,75116,48.8385927303,2.2523018718,2,4,2,1,1,4,2,2,1,1,,-1,1,0,1,4,1,25,5,2,,0,2,1,19,202200001098A01,7,16,1,200054781
202200001139,2022-09-17,2022,septembre,samedi,15:40,93,93051,48.8484584888,2.5502522934,2,1,1,1,1,4,1,1,1,1,,-1,1,0,1,4,1,13,5,1,2,0,2,1,0,202200001139A01,7,0,1,200054781
202200001157,2022-07-04,2022,juillet,lundi,19:59,49,49007,47.4625863605,-0.5550026894,2,8,7,1,1,4,1,1,1,1,,-1,1,4,1,3,1,62,0,2,,14,0,0,1,202200001157A01,,,,244900015
202200001198,2022-07-05,2022,juillet,mardi,17:35,75,75115,48.848734,2.282562,2,1,3,1,1,4,2,4,1,1,,-1,1,-1,5,4,2,65,9,1,2,0,2,7,1,202200001198B01,7,23,1,200054781
202200001201,2022-07-04,2022,juillet,lundi,11:50,75,75114,48.822886,2.327401,2,1,6,1,1,4,2,8,1,1,,-1,1,0,1,3,2,63,9,1,2,12,0,1,12,202200001201A01,,,,200054781
202200001202,2022-07-05,2022,juillet,mardi,23:05,75,75113,48.825361,2.361636,2,1,6,5,1,4,1,2,1,1,,-1,1,-1,5,4,1,29,1,2,,8,0,0,13,202200001202A01,,,,200054781
202200001203,2022-07-05,2022,juillet,mardi,13:10,75,75113,48.821003,2.350788,2,3,3,1,1,4,2,5,4,1,,-1,1,-1,5,1,1,62,1,1,2 / 6,0,2,7,17,202200001203A01,50,1,1,200054781
202200001204,2022-07-05,2022,juillet,mardi,19:00,75,75112,48.839531,2.395223,2,7,3,1,1,4,1,2,1,1,,-1,1,0,1,1,1,29,9,2,,0,2,4,1,202200001204B01,30,1,1,200054781
202200001210,2022-07-05,2022,juillet,mardi,17:45,75,75103,48.868515,2.354782,2,1,6,1,1,4,1,1,1,1,,-1,1,0,1,1,1,55,5,2,,0,1,1,1,202200001210A01,,,,200054781
202200001289,2022-08-08,2022,août,lundi,07:30,75,75113,48.840405,2.368846,2,3,2,1,1,4,2,4,1,1,,-1,1,-1,6,4,1,44,1,2,,0,2,6,13,202200001289B01,37,1,1,200054781
202200001313,2022-08-09,2022,août,mardi,20:00,76,76224,49.63444,0.33787,1,2,3,2,1,3,2,1,1,1,,7.4,1,0,1,3,1,24,5,2,,0,2,7,19,202200001313B01,7,1,1,247600505
202200001316,2022-08-08,2022,août,lundi,19:00,89,89143,48.212506,3.074788,2,3,3,1,1,3,2,2,1,1,,-1,1,0,1,4,1,9,5,1,2,0,2,1,1,202200001316A01,7,1,1,248900748
202200001317,2022-08-09,2022,août,mardi,13:25,61,61464,48.606153,0.184354,2,1,2,1,1,4,2,2,1,1,,7,1,0,1,3,1,78,9,2,,0,2,4,2,202200001317B01,7,2,1,200035111
202200001331,2022-08-08,2022,août,lundi,15:50,85,85234,46.7847527,-2.07366809,2,1,7,1,1,4,1,1,1,1,,-1,1,6,4,3,1,65,0,2,,12,0,3,0,202200001331A01,,,,248500258
202200001343,2022-08-08,2022,août,lundi,21:20,13,13111,43.554893,5.544834,1,1,1,2,1,3,2,2,2,1,,-1,1,0,1,3,2,24,1,2,,0,2,3,1,202200001343B01,7,1,1,200054807
202200001350,2022-08-08,2022,août,lundi,18:30,60,60553,49.447701,2.604287,1,1,3,2,1,3,2,2,1,1,,-1,1,0,1,3,1,68,5,2,,0,2,8,1,202200001350B01,7,1,1,246000566
202200001352,2022-08-08,2022,août,lundi,13:10,60,60395,49.2420625674,2.1387387514,2,1,3,1,1,4,1,2,1,1,,4,1,0,1,4,2,71,3,1,2,0,2,7,12,202200001352B01,7,18,1,246000582
202200001391,2022-08-07,2022,août,dimanche,18:50,54,54375,48.89463,5.97877,1,1,2,1,7,3,2,0,2,4,,-1,1,0,1,4,1,42,5,2,,0,2,6,1,202200001391B01,7,1,1,200041515
202200001414,2022-08-07,2022,août,dimanche,12:30,75,75116,48.847936,2.271404,2,4,4,1,1,4,1,1,1,1,,-1,1,0,1,4,1,19,4,2,,0,2,7,1,202200001414C01,7,1 / 22,2,200054781
202200001415,2022-08-07,2022,août,dimanche,10:10,75,75115,48.840479,2.314907,2,2,3,1,1,4,1,1,1,1,,-1,1,0,1,4,1,29,9,2,,0,2,7,1,202200001415B01,7,15,1,200054781
202200001441,2022-08-07,2022,août,dimanche,17:45,46,46039,44.580515,1.830565,1,1,6,1,7,3,2,2,2,1,,-1,1,0,1,3,2,13,5,1,2,13,0,8,13,202200001441A01,,,,200067361
202200001465,2022-05-01,2022,mai,dimanche,13:30,01,01386,45.892767,5.362294,1,1,7,1,1,3,2,2,2,4,,-1,1,0,1,4,1,21,5,1,2,0,0,0,1,202200001465A01,,,,240100883
202200001490,2022-05-02,2022,mai,lundi,17:15,974,97407,-20.94945,55.30245,1,9,1,1,1,4,-1,1,1,3,,-1,1,6,1,4,1,18,5,2,,0,2,7,0,202200001490B01,7,9,1,249740101
202200001492,2022-08-07,2022,août,dimanche,20:00,987,98747,-17.756,-148.736,2,1,1,5,1,2,2,2,4,4,,-1,1,0,1,2,1,45,5,2,,0,2,1,13,202200001492A01,10,1,1,
202200001571,2022-05-03,2022,mai,mardi,09:15,75,75115,48.843236,2.313586,2,3,3,1,1,4,2,4,1,1,,-1,1,-1,5,4,1,56,1,1,2,0,2,1,17,202200001571B01,50,13,1,200054781
202200001574,2022-05-03,2022,mai,mardi,08:00,75,75110,48.8809404779,2.3678997159,2,1,3,1,1,4,1,2,1,1,,-1,1,0,1,4,1,39,5,1,2,0,2,1,1,202200001574B01,7,22,1,200054781
202200001586,2022-04-30,2022,avril,samedi,18:15,75,75103,48.8632214163,2.3567162454,2,1,6,1,1,4,2,2,1,1,,-1,1,-1,5,1,-1,2022,-1,2,,0,1,1,1,202200001586Z01,,,,200054781
202200001602,2022-03-23,2022,mars,mercredi,16:30,51,51244,48.8034339766,4.3924498558,1,1,7,1,1,3,2,2,3,1,,-1,1,0,8,2,1,63,5,1,2 / 6,0,0,0,1,202200001602A01,,,,200043438
202200001606,2022-05-03,2022,mai,mardi,02:40,93,93064,48.8776007345,2.4793213606,2,9,3,5,1,3,1,2,1,2,,-1,1,0,1,4,1,19,1,2,,0,2,1,9,202200001606B01,7,26,1,200054781
202200001620,2022-03-25,2022,mars,vendredi,18:40,29,29004,47.921663,-3.650508,1,1,2,2,1,3,2,2,2,1,,-1,1,0,1,3,1,77,5,2,,0,2,4,2,202200001620B01,7,2,1,242900694
202200001631,2022-05-05,2022,mai,jeudi,11:10,86,86159,46.218683,0.696945,1,1,2,1,1,3,2,2,1,1,,5.5,1,0,1,3,1,69,5,1,2,0,2,4,1,202200001631B01,7,17,1,200070043
202200001637,2022-03-24,2022,mars,jeudi,18:00,48,48030,44.482532,3.519026,1,3,3,2,7,3,2,2,1,1,,-1,1,0,1,4,1,48,5,1,2 / 4 / 6,0,2,1,1,202200001637B01,7,16,1,200069128
202200001640,2022-03-25,2022,mars,vendredi,08:50,49,49080,47.661543,-0.57207,2,3,3,1,1,4,2,2,1,2,,4,1,0,1,4,1,12,2,2,,0,2,3,16,202200001640A01,37,1,1,200071868
202200001651,2022-03-25,2022,mars,vendredi,14:00,83,83101,43.243665,6.648465,2,1,3,1,1,3,2,1,1,1,,-1,1,0,3,3,1,74,5,1,2,0,2,3,1,202200001651B01,10,14,1,200036077
202200001663,2022-03-25,2022,mars,vendredi,16:00,74,74128,46.155489,6.319113,1,1,2,1,1,3,2,2,1,1,,-1,1,0,1,3,1,20,5,1,4,0,0,4,2,202200001663B01,10,2,1,247400666
202200001671,2022-03-25,2022,mars,vendredi,07:35,26,26196,44.860755,4.927374,1,2,1,2,1,4,2,2,2,1,,4,1,0,1,3,1,55,5,1,2,0,2,1,1,202200001671B01,7,15,1,200068781
202200001693,2022-03-24,2022,mars,jeudi,16:35,59,59408,50.449495,3.073999,2,1,7,1,1,3,2,2,2,3,,-1,1,0,1,3,2,19,5,1,2,0,0,1,1,202200001693A01,,,,200041960
202200001718,2022-12-23,2022,décembre,vendredi,13:55,43,43041,45.04139,3.93654,2,1,7,1,8,3,2,2,1,1,,-1,1,0,3,3,1,81,5,1,2 / 6,12,0,1,14,202200001718A01,,,,200073419
202200001722,2022-11-02,2022,novembre,mercredi,12:00,38,38053,45.60188,5.26702,2,6,7,1,1,3,1,1,1,2,,-1,1,0,1,3,1,76,0,1,2,0,2,0,0,202200001722B01,10,0,1,243800604
202200001764,2022-05-01,2022,mai,dimanche,18:20,971,97101,16.2498701697,-61.5294510126,2,9,1,1,1,2,1,2,1,2,,-1,1,9,1,4,2,23,5,2,,0,2,1,5,202200001764B01,7,15,1,200018653
202200001795,2022-04-27,2022,avril,mercredi,09:00,80,80021,49.88581,2.31896,2,1,6,1,1,4,2,3,2,1,,-1,1,2,5,1,2,18,0,1,2,0,1,1,1,202200001795A01,,,,248000531
202200001799,2022-11-27,2022,novembre,dimanche,11:00,64,64393,43.3217986518,-0.553147251,1,4,1,1,1,3,2,2,2,3,,-1,1,5,1,3,1,45,5,1,2,0,2,1,1,202200001799B01,7,15,1,200039204
202200001809,2022-11-26,2022,novembre,samedi,18:45,987,98729,-17.577,-150.202,1,1,3,3,1,2,2,2,1,1,,-1,1,0,1,3,1,58,5,2,,0,2,3,19,202200001809A01,7,1,1,
202200001824,2022-04-21,2022,avril,jeudi,08:58,93,93055,48.890654,2.400302,2,1,1,1,1,3,2,2,1,1,,-1,1,6,5,4,2,23,1,2,,0,2,1,1,202200001824B01,7,1,1,200054781
202200001835,2022-03-22,2022,mars,mardi,18:50,72,72181,48.00697,0.19156,2,2,3,2,1,4,2,2,1,1,,-1,1,5,1,4,1,49,9,2,,0,2,0,15,202200001835A01,7,1,1,247200132
202200001851,2022-03-23,2022,mars,mercredi,16:23,65,65440,43.233141,0.070984,2,1,3,1,1,4,1,1,1,1,,-1,1,0,1,4,1,47,5,1,2,1,0,1,2,202200001851B01,7,22,1,200069300
202200001893,2022-08-23,2022,août,mardi,12:30,69,69266,45.77362,4.88822,2,2,3,1,1,4,2,2,1,1,,-1,1,0,1,4,2,50,0,2,,0,2,0,0,202200001893E01,30,21,1,200046977
202200001898,2022-03-23,2022,mars,mercredi,16:30,35,35051,48.1070634338,-1.6162830591,2,6,3,1,1,7,2,2,1,1,,-1,1,0,1,4,1,17,0,2,,0,2,1,1,202200001898A01,7,9,1,243500139
202200001943,2022-03-22,2022,mars,mardi,11:30,44,44109,47.225103,-1.537698,2,4,3,1,1,4,1,1,1,2,,-1,1,5,1,4,2,23,2,1,2,0,2,1,1,202200001943C01,7,15,1,244400404
202200001951,2022-11-24,2022,novembre,jeudi,15:45,69,69387,45.73146,4.82993,2,2,3,1,1,4,2,2,1,1,,-1,1,0,1,4,2,39,5,1,2,0,2,3,1,202200001951B01,7,15,1,200046977
202200001975,2022-11-24,2022,novembre,jeudi,20:30,69,69385,45.7645998655,4.8290920257,2,1,3,5,1,4,2,2,1,1,,-1,1,2,1,3,1,16,0,2,,0,2,5,19,202200001975B01,37,1,1,200046977
202200001979,2022-03-23,2022,mars,mercredi,19:15,75,75105,48.846856,2.360961,2,3,6,2,1,4,2,2,1,1,,-1,1,6,5,1,1,35,1,2,,0,1,1,1,202200001979A01,,,,200054781
202200001982,2022-11-24,2022,novembre,jeudi,17:45,69,69384,45.7729621773,4.8210740089,2,1,3,5,1,4,1,3,2,1,,-1,1,0,1,3,2,63,0,1,2,12,2,0,0,202200001982B01,7,0,1,200046977
202200001989,2022-03-23,2022,mars,mercredi,06:30,75,75119,48.87721,2.406913,2,2,2,1,1,4,2,2,1,1,,-1,1,0,1,4,2,55,1,2,,0,2,8,1,202200001989B01,7,1,1,200054781
202200002000,2022-03-23,2022,mars,mercredi,11:10,75,75108,48.870849,2.306012,2,1,3,1,1,4,1,2,1,1,,-1,1,0,1,4,1,32,4,2,,0,2,1,18,202200002000B01,7,22,1,200054781
202200002004,2022-03-23,2022,mars,mercredi,00:30,75,75108,48.874811,2.305981,2,5,7,5,1,4,2,4,1,1,,-1,1,0,1,4,1,44,5,2,,0,0,0,1,202200002004A01,,,,200054781
202200002005,2022-10-19,2022,octobre,mercredi,21:35,75,75115,48.844427,2.317701,2,2,1,5,1,4,2,0,1,1,,-1,1,0,1,4,2,23,9,2,,0,2,2,15,202200002005A01,2,1,1,200054781
202200002012,2022-03-23,2022,mars,mercredi,18:50,75,75107,48.857666,2.300245,2,5,2,1,1,4,1,1,1,1,,-1,1,0,1,4,2,17,2,2,,0,2,1,1,202200002012B01,10,20,1,200054781
202200002015,2022-10-19,2022,octobre,mercredi,12:20,75,75113,48.830342,2.345891,2,2,2,1,1,4,1,3,1,1,,-1,1,0,1,4,1,46,1,2,,0,2,4,23,202200002015B01,7,1,1,200054781
202200002019,2022-10-19,2022,octobre,mercredi,17:50,75,75112,48.852135,2.369608,2,7,1,1,1,4,-1,2,1,1,,-1,1,0,1,1,1,35,1,1,2,0,2,1,17,202200002019A01,1,18,1,200054781
202200002019,2022-10-19,2022,octobre,mercredi,17:50,75,75112,48.852135,2.369608,2,7,1,1,1,4,-1,2,1,1,,-1,1,0,1,4,1,58,5,2,,0,2,1,18,202200002019B01,1,17,1,200054781
202200002027,2022-10-19,2022,octobre,mercredi,19:30,75,75111,48.855573,2.390122,2,3,6,2,1,4,2,2,2,1,,-1,1,0,1,1,1,47,9,2,,0,1,1,1,202200002027A01,,,,200054781
202200002035,2022-09-24,2022,septembre,samedi,00:04,74,74010,45.89777,6.11081,2,1,2,5,1,4,1,1,1,1,,-1,1,0,1,3,1,19,5,2,,1,0,6,14,202200002035A01,7,0,1,200066793
202200002041,2022-04-13,2022,avril,mercredi,19:00,73,73065,45.597612,5.916454,2,2,3,2,1,3,3,5,2,1,,-1,1,5,1,4,2,51,5,2,,0,2,1,1,202200002041B01,10,16,1,200069110
202200002046,2022-10-18,2022,octobre,mardi,09:48,75,75108,48.871064,2.31649,2,7,2,1,1,4,1,1,1,1,,-1,1,0,1,4,2,29,9,2,,0,2,1,17,202200002046A01,7,1,1,200054781
202200002055,2022-11-24,2022,novembre,jeudi,07:50,76,76322,49.4209507954,1.0513132811,2,6,1,1,1,7,1,2,1,1,,-1,1,-1,6,4,1,15,2,2,,0,2,0,0,202200002055B01,7,1,1,200023414
202200002065,2022-11-24,2022,novembre,jeudi,20:10,69,69266,45.76552,4.90109,2,2,3,5,1,4,2,2,3,1,,-1,1,0,1,4,1,24,2,1,2,0,2,8,1,202200002065B01,7,15,1,200046977
202200002077,2022-10-19,2022,octobre,mercredi,21:05,93,93055,48.8898189215,2.4100582144,2,3,1,5,1,3,2,2,1,1,,-1,1,0,1,4,1,22,0,2,,0,2,1,15,202200002077B01,30,1,1,200054781
202200002108,2022-11-22,2022,novembre,mardi,17:50,67,67482,48.61025,7.77718,2,1,2,2,1,4,2,2,1,1,,-1,1,0,1,4,1,13,5,2,,0,2,4,2,202200002108B01,7,2,1,246700488
202200002134,2022-03-23,2022,mars,mercredi,04:20,92,92036,48.941739772,2.2953439504,2,6,3,5,1,4,2,2,1,1,,-1,1,0,1,4,1,45,0,1,2,0,2,1,0,202200002134B01,7,0,1,200054781
202200002145,2022-11-24,2022,novembre,jeudi,16:05,59,59507,50.60159,3.07938,2,2,6,1,1,4,2,2,1,1,,-1,1,0,1,4,1,75,0,2,,0,2,3,1,202200002145B01,7,1,1,200093201
202200002150,2022-03-21,2022,mars,lundi,22:40,92,92024,48.9002038117,2.3174665421,2,1,3,5,1,4,1,4,1,1,,-1,1,0,3,4,2,27,1,1,2,1,0,1,1,202200002150B01,7,22,1,200054781
202200002159,2022-03-23,2022,mars,mercredi,13:05,35,35250,48.0185395703,-1.5769886971,1,3,3,1,1,7,2,2,1,3,,-1,1,5,1,4,1,53,4,1,2,0,2,8,16,202200002159B01,38,1,1,243500139
202200002179,2022-06-04,2022,juin,samedi,13:30,27,27284,49.283921,1.768783,2,6,5,1,1,4,2,2,2,1,,5,1,0,1,4,1,17,9,2,,0,2,1,5,202200002179C01,7,26,1,200071843
202200002179,2022-06-04,2022,juin,samedi,13:30,27,27284,49.283921,1.768783,2,6,5,1,1,4,2,2,2,1,,5,1,0,1,3,1,18,9,2,,0,2,1,5,202200002179B01,7,26,1,200071843
202200002201,2022-08-23,2022,août,mardi,16:45,89,89451,48.093722,3.515438,2,1,7,1,1,3,2,2,1,1,,-1,1,0,1,2,1,64,5,1,9,0,0,0,1,202200002201A01,,,,248900664
202200002217,2022-06-04,2022,juin,samedi,13:15,52,52242,47.8470671304,5.5845186106,1,1,7,1,1,3,2,2,2,1,,-1,1,0,3,2,1,57,5,2,,0,0,9,0,202200002217A01,,,,200070332
202200002241,2022-11-24,2022,novembre,jeudi,08:00,35,35281,48.0698809471,-1.7103736103,2,3,1,2,1,4,2,2,1,1,,-1,2,0,1,4,1,48,1,1,2 / 4,0,2,1,1,202200002241B01,7,15,1,243500139
202200002254,2022-11-24,2022,novembre,jeudi,04:15,33,33063,44.87022,-0.56546,2,1,1,5,8,4,3,2,1,1,,-1,2,0,5,3,1,23,0,2,,0,2,1,5,202200002254A01,7,1,1,243300316
202200002279,2022-06-04,2022,juin,samedi,11:25,60,60432,49.114648,2.597929,2,1,2,1,1,4,2,2,1,1,,4,1,0,1,4,1,9,5,1,2,0,2,1,1,202200002279B01,10,4,1,246000764
202200002293,2022-06-03,2022,juin,vendredi,14:05,973,97306,5.59845,-53.706387,1,9,6,1,1,3,2,2,1,2,,4,1,0,3,3,1,29,1,2,,0,2,0,0,202200002293B01,7,13,1,249730037
202200002297,2022-05-31,2022,mai,mardi,17:35,971,97102,16.467242,-61.49507,1,1,2,1,1,2,2,2,1,1,,-1,1,0,1,3,1,70,0,2,,0,0,4,2,202200002297B01,7,2,1,200044691
202200002300,2022-10-19,2022,octobre,mercredi,16:10,50,50288,48.6938,-1.373886,2,6,3,1,1,3,1,1,1,2,,-1,1,5,1,3,2,60,3,1,2,0,2,7,1,202200002300B01,7,9,1,200069425
202200002314,2022-10-20,2022,octobre,jeudi,08:15,60,60338,49.356887,2.782883,2,2,3,1,2,4,2,2,1,1,,5,2,0,1,4,1,11,2,1,2,0,2,1,1,202200002314B01,7,1,1,200067965
202200002319,2022-06-04,2022,juin,samedi,10:00,77,77095,48.968868,2.757713,2,2,3,1,1,3,2,2,1,1,,-1,1,0,1,4,1,18,5,2,,0,0,7,19,202200002319A01,10,1,1,200033090
202200002333,2022-08-28,2022,août,dimanche,09:00,35,35238,48.0933561213,-1.6710222512,2,1,3,1,1,4,2,2,1,1,,-1,1,0,1,4,1,42,5,1,2,0,2,3,0,202200002333B01,7,22,1,243500139
202200002344,2022-06-05,2022,juin,dimanche,10:40,2A,2A247,41.6107380503,9.278841839,2,1,3,1,1,2,2,2,1,1,,-1,1,0,3,3,1,43,5,1,2,0,2,1,2,202200002344B01,7,16,1,200040764
202200002439,2022-10-28,2022,octobre,vendredi,21:00,92,92044,48.8939491801,2.3004314303,2,9,3,5,1,4,2,1,2,1,,-1,1,1,4,4,2,41,5,2,,0,2,1,25,202200002439B01,7,9,1,200054781
202200002448,2022-06-02,2022,juin,jeudi,16:48,67,67298,48.700744,7.648963,2,3,3,1,1,3,2,2,1,1,,4,1,0,1,3,1,11,5,2,,0,0,8,1,202200002448B01,10,1,1,200067874
202200002458,2022-06-04,2022,juin,samedi,11:40,38,38529,45.114295,5.83057,1,1,3,1,1,7,2,2,2,1,,5.5,1,0,1,3,1,51,5,1,2,0,2,1,0,202200002458B01,7,15,1,200040715
202200002481,2022-10-18,2022,octobre,mardi,19:45,54,54395,48.69513,6.13818,2,2,3,5,1,4,2,2,2,1,,-1,1,0,1,4,1,32,0,1,2,0,2,0,15,202200002481B01,7,15,1,245400676
202200002494,2022-06-03,2022,juin,vendredi,11:45,22,22155,48.227038,-2.733466,2,3,3,1,1,3,2,2,1,1,,4,1,0,1,4,1,14,5,2,,0,2,1,16,202200002494B01,15,1,1,200067460
202200002501,2022-10-17,2022,octobre,lundi,16:35,49,49099,47.0502370073,-0.8847749233,2,3,3,1,1,4,2,2,1,3,,-1,2,0,1,4,1,19,5,1,2,0,2,1,2,202200002501B01,7,16,1,200071678