Num_Acc,date,an,mois,jour,hrmn,dep,com,lat,long,agg,int,col,lum,atm,catr,circ,nbv,prof,plan,lartpc,larrout,surf,infra,situ,grav,sexe,age,trajet,secuexist,equipement,obs,obsm,choc,manv,vehiculeid,typevehicules,manoeuvehicules,numVehicules,_infos_commune.code_epci
202200004369,2022-09-15,2022,septembre,jeudi,08:50,75,75116,48.875854,2.262204,2,2,2,1,1,4,2,2,1,1,,-1,1,0,1,4,2,53,1,1,2,0,2,1,1,202200004369A01,7,23,1,200054781
202200004374,2022-09-15,2022,septembre,jeudi,15:10,75,75115,48.84926,2.298197,2,3,3,1,1,4,2,2,1,1,,-1,1,0,1,4,1,59,2,2,,0,2,1,22,202200004374B01,7,1,1,200054781
202200004375,2022-09-14,2022,septembre,mercredi,11:50,75,75115,48.839255,2.291966,2,2,2,1,1,4,2,2,1,1,,-1,1,0,1,4,2,18,2,1,2,0,2,4,2,202200004375A01,7,2,1,200054781
202200004379,2022-09-15,2022,septembre,jeudi,20:15,75,75112,48.846684,2.413822,2,2,3,5,1,4,-1,3,1,3,,-1,1,0,1,4,1,42,5,2,,0,2,8,12,202200004379B01,43,16,1,200054781
202200004380,2022-09-15,2022,septembre,jeudi,19:20,75,75110,48.868488,2.362945,2,7,7,2,1,4,2,-1,1,1,,-1,1,0,1,4,2,29,9,2,,0,0,0,9,202200004380A01,,,,200054781
202200004405,2022-09-15,2022,septembre,jeudi,08:45,93,93029,48.9218253732,2.4554775437,2,3,3,1,1,3,2,2,1,1,,-1,1,0,1,3,2,26,0,2,,0,2,8,2,202200004405B01,17,16,1,200054781
202200004425,2022-09-15,2022,septembre,jeudi,16:10,41,41045,47.478,1.19001,2,1,6,1,1,3,2,2,2,2,,-1,1,0,4,3,1,73,5,1,2 / 6,1,0,2,1,202200004425A01,,,,200030385
202200004429,2022-09-15,2022,septembre,jeudi,18:00,59,59107,51.068922,2.508949,2,9,6,1,1,4,2,2,1,1,,-1,1,6,5,1,1,19,5,1,2 / 5,0,1,1,1,202200004429A01,,,,245900428
202200004455,2022-07-04,2022,juillet,lundi,15:50,61,61385,48.799988,0.338354,1,1,2,1,1,3,2,2,1,1,,-1,1,0,3,1,1,76,5,1,2 / 6,0,2,0,21,202200004455C01,1,21 / 1,2,200069458
202200004455,2022-07-04,2022,juillet,lundi,15:50,61,61385,48.799988,0.338354,1,1,2,1,1,3,2,2,1,1,,-1,1,0,3,4,2,66,5,1,2 / 6,0,2,1,21,202200004455B01,1,21 / 1,2,200069458
202200004455,2022-07-04,2022,juillet,lundi,15:50,61,61385,48.799988,0.338354,1,1,2,1,1,3,2,2,1,1,,-1,1,0,3,1,1,74,5,1,2 / 6,12,0,1,1,202200004455A01,1,21,2,200069458
202200004466,2022-06-27,2022,juin,lundi,19:30,45,45006,47.823197,1.859467,1,1,3,2,1,3,2,2,1,1,,-1,1,0,1,3,1,26,5,2,,0,2,8,1,202200004466B01,7,17,1,200005932
202200004482,2022-07-04,2022,juillet,lundi,11:26,57,57209,49.0667647049,6.5948923587,2,1,7,1,1,4,2,2,1,1,,7,1,0,1,2,1,67,5,1,2 / 6,0,0,0,0,202200004482A01,,,,245700133
202200004484,2022-07-05,2022,juillet,mardi,08:15,38,38188,45.13693,5.79525,2,3,3,1,1,4,2,2,1,1,,4,1,0,1,4,1,10,2,1,2,0,2,1,1,202200004484B01,7,26,1,200040715
202200004488,2022-07-04,2022,juillet,lundi,15:50,69,69112,45.81721,4.664903,2,6,3,1,1,3,2,2,1,1,,-1,1,0,1,4,1,12,5,1,2,0,2,8,1,202200004488B01,7,1,1,246900625
202200004496,2022-07-05,2022,juillet,mardi,08:20,60,60639,49.453919,2.099177,1,9,3,1,1,3,1,1,1,3,,5.5,1,5,1,4,1,46,1,2,,0,2,8,19,202200004496B01,10,19,1,200067999
202200004546,2022-07-03,2022,juillet,dimanche,03:45,75,75120,48.862812,2.399928,2,1,6,5,1,4,2,2,2,1,,-1,1,0,1,4,1,34,5,2,,1,0,1,14,202200004546A01,,,,200054781
202200004548,2022-07-02,2022,juillet,samedi,09:45,75,75116,48.857228,2.237412,2,1,2,1,1,4,-1,0,1,1,,-1,1,0,5,4,1,74,5,1,2,0,2,1,1,202200004548A01,15,24,1,200054781
202200004551,2022-07-02,2022,juillet,samedi,12:30,75,75107,48.859155,2.293403,2,1,1,1,1,4,2,1,2,1,,-1,1,1,5,4,1,67,5,2,,0,0,0,1,202200004551B01,1,13,1,200054781
202200004551,2022-07-02,2022,juillet,samedi,12:30,75,75107,48.859155,2.293403,2,1,1,1,1,4,2,1,2,1,,-1,1,1,5,4,1,19,5,2,,0,0,1,13,202200004551A01,1,1,1,200054781
202200004553,2022-07-03,2022,juillet,dimanche,20:50,93,93078,48.95829,2.55851,2,2,3,1,1,3,3,4,1,1,,-1,1,5,1,4,1,14,0,2,,0,2,6,19,202200004553B01,7,2,1,200054781
202200004558,2022-07-02,2022,juillet,samedi,22:45,93,93027,48.93008,2.38708,2,1,3,3,1,3,2,2,1,1,,-1,1,0,1,3,1,24,0,2,,0,2,7,19,202200004558B01,7,1,1,200054781
202200004568,2022-07-03,2022,juillet,dimanche,10:50,68,68173,48.095437,7.204006,1,4,3,1,7,3,2,2,2,3,,-1,1,0,1,3,1,55,5,1,2 / 6,0,2,8,0,202200004568B01,33,17,1,246800551
202200004595,2022-07-01,2022,juillet,vendredi,12:34,64,64147,43.459633,-1.329962,2,1,7,1,1,3,-1,2,1,1,,-1,1,0,1,2,1,69,5,1,2,0,0,0,1,202200004595A01,,,,200067106
202200004602,2022-07-03,2022,juillet,dimanche,07:50,87,87064,45.727379,1.754122,1,3,3,1,1,3,2,2,2,1,,-1,1,0,1,2,1,82,5,1,6,0,2,2,0,202200004602A01,7,1,1,248719353
202200004605,2022-07-04,2022,juillet,lundi,09:50,88,88306,48.402234,7.018096,1,1,2,1,1,3,2,2,1,3,,-1,1,0,1,3,1,65,5,2,,0,2,4,2,202200004605B01,7,2,1,200071066
202200004616,2022-07-03,2022,juillet,dimanche,17:50,971,97106,16.142279,-61.767256,2,4,1,1,1,3,2,2,2,2,,-1,1,9,1,3,1,20,5,1,9,0,2,1,5,202200004616B01,7,1,1,249710070
202200004622,2022-07-04,2022,juillet,lundi,15:30,71,71581,46.3487181844,4.028265126,2,2,3,1,1,3,2,2,1,1,,-1,1,0,1,2,1,27,5,2,,0,2,7,1,202200004622A01,17,1,1,247100639
202200004625,2022-07-03,2022,juillet,dimanche,17:30,68,68154,47.7768645962,7.3542167991,2,1,1,1,1,9,-1,2,2,3,,-1,1,6,5,4,1,9,5,1,2,0,0,1,1,202200004625B01,33,1,1,200066009
202200004633,2022-07-03,2022,juillet,dimanche,11:30,60,60138,49.220193,2.611163,2,2,3,1,1,4,2,2,1,1,,5,1,0,1,3,1,45,5,1,2,0,2,1,26,202200004633B01,7,1,1,200066975
202200004667,2022-08-05,2022,août,vendredi,10:15,47,47001,44.19489,0.6127,2,1,1,1,1,4,2,3,2,1,,-1,1,5,1,4,1,23,0,2,,0,2,1,9,202200004667B01,7,9,1,200096956
202200004675,2022-08-05,2022,août,vendredi,11:45,35,35051,48.1144037049,-1.6102722287,2,6,3,1,1,4,2,2,1,2,,-1,1,0,1,4,2,23,1,2,,0,2,8,1,202200004675B01,7,16,1,243500139
202200004686,2022-08-04,2022,août,jeudi,08:44,10,10333,48.2821,4.0599,2,6,3,1,1,4,2,2,1,1,,-1,1,0,1,4,1,82,9,2,,0,2,3,1,202200004686B01,7,1,1,200069250
202200004695,2022-08-05,2022,août,vendredi,15:30,75,75116,48.870851,2.285042,2,3,3,1,1,4,2,1,1,1,,-1,1,0,1,4,1,33,9,2,,0,2,8,9,202200004695A01,7,15,1,200054781
202200004724,2022-08-06,2022,août,samedi,07:15,06,06161,43.632891,7.125943,2,1,7,2,1,4,1,1,2,2,,-1,1,0,4,3,1,56,5,1,2,12,0,1,14,202200004724A01,,,,240600585
202200004755,2022-11-18,2022,novembre,vendredi,16:31,63,63113,45.77433,3.09396,2,1,2,1,1,4,1,3,1,1,,-1,1,0,1,4,1,22,0,1,2,0,2,4,1,202200004755B01,7,2,1,246300701
202200004772,2022-08-05,2022,août,vendredi,17:00,40,40320,43.916869,-0.532944,1,1,2,1,1,3,2,2,1,1,,-1,1,0,1,3,1,78,5,2,,0,2,4,1,202200004772B01,7,1,1,244000808
202200004788,2022-11-22,2022,novembre,mardi,12:20,56,56121,47.75711,-3.35532,2,1,3,1,7,4,2,2,1,1,,-1,1,0,1,4,1,42,5,1,2,0,2,8,19,202200004788B01,7,1,1,200042174
202200004825,2022-11-23,2022,novembre,mercredi,10:35,35,35238,48.12821,-1.63747,2,1,2,1,1,4,2,2,1,1,,-1,1,0,5,4,1,23,1,2,,0,2,1,1,202200004825A01,7,23,1,243500139
202200004830,2022-11-23,2022,novembre,mercredi,07:30,32,32013,43.64912,0.59613,2,3,3,-1,1,3,2,1,1,1,,5,1,5,1,4,1,33,0,2,,0,2,1,1,202200004830A01,7,9,1,200066926
202200004861,2022-02-12,2022,février,samedi,16:50,94,94076,48.79366,2.36323,2,2,6,1,1,4,1,1,1,1,,-1,1,0,1,4,2,14,5,2,,0,2,7,1,202200004861B01,7,0,1,200054781
202200004907,2022-08-03,2022,août,mercredi,08:00,974,97407,-20.9524,55.2951,2,1,3,1,1,4,1,2,1,1,,-1,1,9,1,4,1,59,0,1,2,0,2,1,26,202200004907A01,7,1,1,249740101
202200004914,2022-09-15,2022,septembre,jeudi,11:20,95,95355,49.1544034643,1.7869600654,2,1,3,1,1,4,2,2,4,1,,5,1,0,1,3,2,65,3,2,,1,0,7,1,202200004914B01,7,22,1,249500513
202200004928,2022-11-21,2022,novembre,lundi,18:50,75,75113,48.82576,2.349422,2,1,3,5,1,4,2,3,1,1,,-1,2,0,1,3,1,49,1,2,,0,2,1,1,202200004928B01,7,22,1,200054781
202200004945,2022-11-23,2022,novembre,mercredi,10:45,75,75114,48.833697,2.33192,2,7,3,1,3,4,2,4,1,1,,-1,2,0,1,4,1,48,5,1,2,0,2,8,1,202200004945B01,10,14,1,200054781
202200004984,2022-11-23,2022,novembre,mercredi,13:00,93,93070,48.913564,2.335749,2,1,3,1,2,3,1,2,1,1,,-1,2,0,8,4,2,37,2,1,2 / 4,0,2,3,1,202200004984B01,99,12,1,200054781
202200004984,2022-11-23,2022,novembre,mercredi,13:00,93,93070,48.913564,2.335749,2,1,3,1,2,3,1,2,1,1,,-1,2,0,8,4,1,3,2,1,2 / 4,0,2,3,1,202200004984B01,99,12,1,200054781
202200004999,2022-02-13,2022,février,dimanche,12:45,32,32307,43.612991,0.588065,2,1,3,1,1,3,2,2,1,1,,-1,1,9,1,2,2,74,5,2,,0,2,8,1,202200004999B01,7,17,1,200066926
202200005061,2022-06-03,2022,juin,vendredi,15:15,27,27701,49.27298,1.21184,2,1,2,1,3,4,-1,2,1,2,,-1,2,0,1,4,1,18,2,2,,0,2,4,16,202200005061B01,7,14,1,200089456
202200005068,2022-11-24,2022,novembre,jeudi,09:15,83,83035,43.257003,5.750906,1,6,3,1,1,3,2,2,1,3,,-1,1,5,1,3,1,49,5,1,2,0,2,7,1,202200005068B01,7,9,1,248300394
202200005088,2022-11-23,2022,novembre,mercredi,07:15,73,73213,45.548427,5.95687,1,3,3,2,1,3,2,2,1,1,,-1,2,5,1,3,1,46,1,2,,0,2,3,1,202200005088B01,7,15,1,200069110
202200005170,2022-06-02,2022,juin,jeudi,16:20,14,14701,49.308564,0.083294,1,1,2,1,1,3,2,2,1,1,,-1,1,0,1,4,1,52,5,1,2,0,2,4,2,202200005170B01,7,1,1,241400415
202200005173,2022-12-31,2022,décembre,samedi,22:47,10,10357,48.30207,4.1032,2,1,2,5,1,3,2,2,1,1,,-1,1,2,1,2,1,51,0,2,,0,2,4,2,202200005173B01,7,2,1,200069250
202200005179,2022-09-21,2022,septembre,mercredi,17:02,14,14738,49.156432,-0.448525,2,6,3,1,1,3,2,2,1,1,,-1,1,0,1,4,2,63,5,1,2,0,2,1,6,202200005179B01,7,9,1,200065597
202200005182,2022-12-26,2022,décembre,lundi,19:55,973,97302,4.9301929265,-52.3215776682,2,1,1,5,1,4,2,2,1,1,,-1,1,0,1,4,1,18,0,2,,0,2,1,0,202200005182B01,2,0,1,249730045
202200005197,2022-12-30,2022,décembre,vendredi,05:00,69,69381,45.76892,4.83498,2,1,7,4,2,4,1,1,2,1,,-1,2,0,1,4,1,27,5,2,,0,0,0,1,202200005197A01,,,,200046977
202200005229,2022-11-21,2022,novembre,lundi,07:15,973,97302,4.93733,-52.31556,2,1,2,1,2,3,2,2,1,1,,-1,2,0,1,4,1,16,2,2,,0,2,0,2,202200005229B01,30,2,1,249730045
202200005259,2022-03-21,2022,mars,lundi,06:30,69,69029,45.7181120876,4.9096561966,2,1,3,2,1,7,2,3,2,2,,-1,1,0,1,4,1,41,1,1,2,0,2,8,1,202200005259B01,7,17,1,200046977
202200005352,2022-12-29,2022,décembre,jeudi,15:40,44,44184,47.27887,-2.24339,2,6,2,1,3,4,1,2,1,2,,-1,2,5,1,3,1,72,0,1,2,0,2,5,9,202200005352B01,7,9,1,244400644
202200005373,2022-03-21,2022,mars,lundi,10:55,35,35238,48.086511,-1.664679,2,3,3,1,1,4,2,2,1,1,,-1,1,9,5,4,2,14,0,2,,0,2,3,26,202200005373B01,7,9,1,243500139
202200005429,2022-06-04,2022,juin,samedi,01:55,75,75105,48.841247,2.34364,2,2,7,5,1,4,-1,2,2,1,,-1,1,0,1,4,2,30,5,2,,0,0,1,15,202200005429A01,,,,200054781
202200005433,2022-06-03,2022,juin,vendredi,23:36,75,75105,48.851388,2.343168,2,2,2,5,1,4,2,4,2,1,,-1,1,0,1,4,1,33,5,2,,0,2,1,2,202200005433A01,7,2,1,200054781
202200005436,2022-06-03,2022,juin,vendredi,18:20,75,75105,48.851116,2.351288,2,2,1,1,1,4,1,3,1,1,,-1,1,-1,5,1,1,40,9,2,,0,2,1,13,202200005436A01,1,1,1,200054781
202200005436,2022-06-03,2022,juin,vendredi,18:20,75,75105,48.851116,2.351288,2,2,1,1,1,4,1,3,1,1,,-1,1,-1,5,4,1,29,1,1,2,0,2,1,1,202200005436B01,1,13,1,200054781
202200005444,2022-06-02,2022,juin,jeudi,18:40,75,75106,48.848628,2.332582,2,4,6,1,1,4,2,3,1,1,,-1,1,0,1,1,2,24,9,2,,0,1,1,1,202200005444A01,,,,200054781
202200005460,2022-06-05,2022,juin,dimanche,19:45,75,75119,48.876340041,2.3761770129,2,1,7,1,8,4,2,2,2,3,,-1,2,0,1,4,1,44,9,1,2,0,0,0,1,202200005460A01,,,,200054781
202200005480,2022-03-21,2022,mars,lundi,09:05,75,75111,48.858922,2.389171,2,1,6,1,7,4,2,2,1,1,,-1,1,0,1,4,2,57,9,2,,0,0,2,17,202200005480B01,10,22,1,200054781
202200005494,2022-12-31,2022,décembre,samedi,14:33,60,60509,49.312927,2.621564,2,1,1,1,1,4,2,2,1,1,,5,1,0,1,4,1,66,0,1,2,0,2,0,26,202200005494B01,7,1,1,246000921
202200005497,2022-12-31,2022,décembre,samedi,16:00,36,36207,46.4704877517,1.6337227821,1,1,3,1,1,3,2,2,2,2,,-1,1,0,8,3,1,70,5,1,2 / 6,0,2,0,1,202200005497B01,7,13,1,200007052
202200005503,2022-06-02,2022,juin,jeudi,23:30,75,75117,48.892187,2.317556,2,3,3,5,1,4,2,2,2,1,,-1,1,0,1,4,1,31,9,2,,0,2,3,1,202200005503A01,7,15,1,200054781
202200005511,2022-06-02,2022,juin,jeudi,20:50,75,75116,48.8633125831,2.2375094891,2,1,4,1,1,4,1,1,1,1,,-1,1,-1,5,4,1,43,5,1,2,0,2,1,1,202200005511A01,1,1,3,200054781
202200005511,2022-06-02,2022,juin,jeudi,20:50,75,75116,48.8633125831,2.2375094891,2,1,4,1,1,4,1,1,1,1,,-1,1,-1,5,1,1,34,5,1,2,0,2,1,1,202200005511C01,1,1,3,200054781
202200005511,2022-06-02,2022,juin,jeudi,20:50,75,75116,48.8633125831,2.2375094891,2,1,4,1,1,4,1,1,1,1,,-1,1,-1,5,1,1,27,5,1,2,0,2,1,1,202200005511D01,1,1,3,200054781
202200005511,2022-06-02,2022,juin,jeudi,20:50,75,75116,48.8633125831,2.2375094891,2,1,4,1,1,4,1,1,1,1,,-1,1,-1,5,4,1,21,5,1,2,0,2,1,1,202200005511B01,1,1,3,200054781
202200005527,2022-06-02,2022,juin,jeudi,08:15,75,75116,48.854322,2.262715,2,1,3,1,1,4,2,4,1,1,,-1,1,0,1,4,1,53,9,2,,0,2,5,12,202200005527A01,34,1,1,200054781
202200005539,2022-06-03,2022,juin,vendredi,15:35,75,75115,48.842868,2.312381,2,2,7,1,2,4,3,3,2,1,,-1,2,-1,5,4,2,50,5,2,,0,0,0,1,202200005539A01,,,,200054781
202200005559,2022-06-03,2022,juin,vendredi,20:35,75,75114,48.834094,2.324353,2,4,2,1,1,4,2,3,1,1,,-1,1,-1,6,1,2,17,5,2,,0,2,4,7,202200005559B01,1,7,1,200054781
202200005559,2022-06-03,2022,juin,vendredi,20:35,75,75114,48.834094,2.324353,2,4,2,1,1,4,2,3,1,1,,-1,1,-1,6,4,2,54,5,2,,0,2,1,7,202200005559A01,1,7,1,200054781
202200005561,2022-03-22,2022,mars,mardi,10:30,26,26139,45.065554,5.092925,1,6,3,1,1,3,2,2,1,1,,-1,1,0,1,4,1,64,5,2,,0,0,5,1,202200005561B01,10,1,1,200068781
202200005564,2022-06-03,2022,juin,vendredi,14:55,75,75114,48.82631,2.323301,2,1,5,1,2,4,1,1,1,1,,-1,2,0,1,1,1,20,5,1,2,0,2,0,19,202200005564A01,2 / 7,1,2,200054781
202200005566,2022-12-26,2022,décembre,lundi,18:30,971,97107,16.0474,-61.5641,2,1,2,2,1,3,1,1,1,1,,-1,1,0,1,4,1,16,5,2,,1,0,4,23,202200005566B01,7,1,1,249710070
202200005580,2022-03-21,2022,mars,lundi,19:45,80,80424,49.807437,2.260276,1,1,2,2,1,3,2,2,1,1,,7,1,0,1,2,1,76,3,2,,0,0,4,2,202200005580B01,7,2,1,248000531
202200005585,2022-03-22,2022,mars,mardi,13:20,71,71073,46.903824,4.755991,2,6,3,1,1,3,2,2,1,1,,-1,1,5,1,4,1,11,2,1,2,0,2,7,1,202200005585B01,7,9,1,200006682
202200005611,2022-12-28,2022,décembre,mercredi,13:00,62,62133,50.419869,2.911084,2,7,3,1,2,4,-1,1,1,1,,-1,2,0,1,2,1,76,5,1,2,0,2,1,19,202200005611B01,10,9,1,246200364
202200005613,2022-06-03,2022,juin,vendredi,10:00,75,75110,48.88161,2.365782,2,2,2,1,1,4,2,3,1,1,,-1,1,-1,6,4,2,23,1,2,,0,2,1,7,202200005613A01,7,7,1,200054781
202200005620,2022-04-30,2022,avril,samedi,18:58,13,13103,43.65008,5.09126,2,3,3,1,1,7,1,3,1,1,,-1,1,9,1,4,1,63,5,2,,0,2,8,1,202200005620B01,7,1,1,200054807
202200005623,2022-06-05,2022,juin,dimanche,12:30,75,75109,48.8722437439,2.3383008689,2,2,3,1,1,4,1,2,1,1,,-1,1,0,1,4,1,30,9,1,2,0,2,7,1,202200005623B01,7,18,1,200054781
202200005624,2022-12-29,2022,décembre,jeudi,18:45,59,59122,50.18159,3.24844,2,9,3,5,1,3,2,2,1,1,,-1,2,0,1,4,1,34,0,2,,0,2,7,19,202200005624A01,7,1,1,200068500
202200005629,2022-06-02,2022,juin,jeudi,09:00,75,75108,48.87554,2.317816,2,1,3,1,1,4,1,1,1,1,,-1,1,0,1,4,2,42,1,2,,0,2,3,1,202200005629B01,7,14,1,200054781
202200005630,2022-12-28,2022,décembre,mercredi,16:03,54,54431,48.90318,6.05578,2,7,3,1,1,3,2,-1,1,3,,-1,1,9,1,4,1,61,5,2,,0,2,5,1,202200005630B01,7,15,1,200041515
202200005632,2022-03-19,2022,mars,samedi,03:45,987,98715,-17.584522,-149.568578,1,9,6,2,1,2,2,2,1,2,,-1,1,0,5,4,1,15,0,2,,0,2,0,1,202200005632D01,7,26,1,
202200005632,2022-03-19,2022,mars,samedi,03:45,987,98715,-17.584522,-149.568578,1,9,6,2,1,2,2,2,1,2,,-1,1,0,5,4,1,16,0,2,,0,2,0,1,202200005632C01,7,26,1,
202200005632,2022-03-19,2022,mars,samedi,03:45,987,98715,-17.584522,-149.568578,1,9,6,2,1,2,2,2,1,2,,-1,1,0,5,4,1,11,0,2,,0,2,0,1,202200005632B01,7,26,1,
202200005645,2022-06-05,2022,juin,dimanche,15:05,75,75107,48.861119,2.324179,2,3,3,1,8,4,2,5,1,1,,-1,1,-1,5,4,1,27,9,1,2,0,2,2,1,202200005645A01,30,1,1,200054781
202200005651,2022-03-16,2022,mars,mercredi,17:15,971,97129,16.353225,-61.734608,1,1,3,1,1,2,2,2,4,1,,-1,1,0,1,4,1,67,0,1,2,0,2,3,2,202200005651B01,13,17,1,249710062
202200005654,2022-12-29,2022,décembre,jeudi,13:55,35,35238,48.106852,-1.728065,2,1,3,1,1,2,3,4,1,1,,-1,1,0,6,3,1,18,1,2,,0,2,3,1,202200005654A01,7,19,1,243500139
202200005669,2022-04-30,2022,avril,samedi,15:30,75,75105,48.838475,2.35703,2,2,3,1,1,4,2,4,1,1,,-1,1,0,1,4,1,23,4,1,2,0,2,1,17,202200005669A01,7,15,1,200054781
202200005670,2022-06-02,2022,juin,jeudi,18:15,75,75103,48.861446,2.353623,2,3,7,1,1,4,1,2,1,1,,-1,1,0,1,4,1,18,1,2,,0,0,0,21,202200005670A01,,,,200054781
202200005673,2022-04-29,2022,avril,vendredi,11:18,75,75106,48.8501029623,2.3297668325,2,4,3,1,1,4,2,2,1,1,,-1,1,0,1,4,2,54,9,1,2,0,2,1,1,202200005673B01,7,22,1,200054781
202200005674,2022-06-02,2022,juin,jeudi,08:35,75,75104,48.851254,2.36115,2,4,6,1,1,4,2,2,4,1,,-1,1,0,1,4,1,42,1,1,2,12,0,7,12,202200005674A01,,,,200054781
202200005677,2022-06-01,2022,juin,mercredi,09:10,75,75104,48.850091,2.358915,2,3,7,1,1,4,2,3,1,1,,-1,1,0,1,4,2,29,2,2,,0,0,8,1,202200005677A01,,,,200054781
202200005686,2022-04-30,2022,avril,samedi,11:03,75,75118,48.8902394297,2.3599885404,2,2,3,1,1,4,2,5,1,1,,-1,1,-1,5,4,2,16,9,1,2,0,2,1,1,202200005686A01,7,1,1,200054781
202200005689,2022-04-30,2022,avril,samedi,16:20,75,75116,48.8744318881,2.2929735482,2,2,3,1,1,4,2,6,1,1,,-1,1,0,1,4,2,18,9,1,2,0,2,1,1,202200005689A01,7,1,1,200054781
202200005723,2022-12-30,2022,décembre,vendredi,19:00,75,75118,48.898638,2.370516,2,2,3,5,2,4,1,2,2,1,,-1,2,0,5,4,1,19,5,2,,0,2,1,1,202200005723B01,10,16,1,200054781
202200005723,2022-12-30,2022,décembre,vendredi,19:00,75,75118,48.898638,2.370516,2,2,3,5,2,4,1,2,2,1,,-1,2,0,5,1,1,16,5,2,,0,2,1,1,202200005723B01,10,16,1,200054781
202200005734,2022-12-30,2022,décembre,vendredi,17:45,75,75115,48.852361,2.285785,2,1,1,5,2,4,-1,2,1,1,,-1,2,0,5,4,2,28,9,2,,0,2,1,1,202200005734A01,50,13,1,200054781
202200005784,2022-06-04,2022,juin,samedi,11:10,93,93064,48.8652237624,2.4957662523,2,3,6,1,1,3,1,1,1,1,,-1,1,0,5,4,1,77,0,2,,0,2,1,1,202200005784B01,0,-1,1,200054781
202200005788,2022-05-01,2022,mai,dimanche,10:05,60,60359,49.482454,1.942617,1,1,7,1,1,3,2,2,2,1,,5,1,0,1,3,1,38,5,1,4 / 2,0,0,0,1,202200005788A01,,,,246000913
202200005855,2022-05-02,2022,mai,lundi,13:00,29,29165,47.815907,-4.22868,1,1,6,1,1,3,2,2,1,1,,-1,1,0,5,4,1,73,5,2,,8,0,1,1,202200005855A01,,,,242900702
202200005858,2022-04-30,2022,avril,samedi,13:40,31,31413,43.734996,1.107023,1,1,6,1,1,3,2,2,1,1,,-1,1,0,1,3,1,58,5,1,2,1,0,1,1,202200005858A01,7,24,1,200071314
202200005868,2022-03-20,2022,mars,dimanche,11:30,75,75116,48.858018,2.253182,2,1,6,1,1,4,2,2,1,1,,-1,1,0,1,4,1,59,5,1,2,0,1,1,1,202200005868A01,,,,200054781
202200005870,2022-03-20,2022,mars,dimanche,10:10,75,75115,48.8393859695,2.3162443936,2,3,3,1,1,4,2,6,2,1,,-1,1,0,1,4,1,23,9,1,2,0,2,3,1,202200005870A01,7,9,1,200054781
202200005871,2022-05-01,2022,mai,dimanche,19:10,72,72071,47.696589,0.420515,2,7,7,1,1,6,-1,-1,1,1,,5,1,0,1,2,1,74,5,2,,0,0,0,0,202200005871A01,,,,200070373
202200005911,2022-12-30,2022,décembre,vendredi,16:00,64,64065,43.337922,-1.615763,1,1,1,1,6,3,2,2,2,3,,-1,1,0,1,3,1,50,5,1,2,2,2,1,13,202200005911B01,7,1,1,200067106
202200005956,2022-10-17,2022,octobre,lundi,18:45,75,75108,48.875897,2.296595,2,3,6,2,2,4,2,6,2,1,,-1,2,-1,5,4,2,58,5,1,2,12,0,0,14,202200005956A01,,,,200054781
202200005959,2022-10-16,2022,octobre,dimanche,18:55,75,75102,48.867026,2.358001,2,2,7,2,1,4,2,4,1,1,,-1,1,0,5,4,2,32,5,2,,0,2,0,1,202200005959A01,,,,200054781
202200005965,2022-10-16,2022,octobre,dimanche,10:50,93,93066,48.9311900232,2.3586568669,2,1,2,1,1,4,1,1,1,1,,-1,1,0,1,1,1,33,3,2,,0,2,1,1,202200005965B01,7,4,1,200054781
202200005965,2022-10-16,2022,octobre,dimanche,10:50,93,93066,48.9311900232,2.3586568669,2,1,2,1,1,4,1,1,1,1,,-1,1,0,1,3,1,2,3,1,2 / 3,0,2,1,1,202200005965B01,7,4,1,200054781
202200005971,2022-09-13,2022,septembre,mardi,16:50,64,64227,43.3639918151,-0.2120658895,2,2,2,1,1,3,2,2,1,3,,-1,1,0,1,3,1,58,5,2,,0,2,1,2,202200005971B01,10,23,1,200067296
202200005980,2022-09-16,2022,septembre,vendredi,15:45,88,88468,47.861193,6.744913,1,1,3,1,8,3,2,2,2,1,,-1,9,0,1,3,1,75,5,1,2,0,2,3,13,202200005980B01,7,17,1,200033868
202200006000,2022-09-15,2022,septembre,jeudi,17:20,59,59139,50.132268,3.423548,2,3,3,1,1,3,2,2,2,1,,-1,1,0,1,2,1,65,3,2,,0,2,1,9,202200006000B01,15,1,1,200030633
202200006101,2022-07-30,2022,juillet,samedi,09:50,55,55015,48.640264,5.117392,1,1,2,1,1,3,2,2,1,1,,-1,1,0,1,4,1,65,5,1,2,0,2,4,2,202200006101B01,7,2,1,200066108
202200006119,2022-09-14,2022,septembre,mercredi,20:15,34,34172,43.60269,3.9031,2,1,2,3,1,4,2,4,1,1,,-1,1,0,1,4,1,29,0,2,,0,2,4,1,202200006119B01,7,18,1,243400017
202200006134,2022-10-16,2022,octobre,dimanche,17:25,75,75112,48.848039,2.392853,2,2,3,1,1,4,2,2,2,1,,-1,1,0,1,4,2,21,9,1,2,0,2,8,1,202200006134B01,7,15,1,200054781