Num_Acc,date,an,mois,jour,hrmn,dep,com,lat,long,agg,int,col,lum,atm,catr,circ,nbv,prof,plan,lartpc,larrout,surf,infra,situ,grav,sexe,age,trajet,secuexist,equipement,obs,obsm,choc,manv,vehiculeid,typevehicules,manoeuvehicules,numVehicules,_infos_commune.code_epci
202200013927,2022-02-04,2022,février,vendredi,17:30,29,29105,48.509283,-4.0562,2,1,2,2,1,3,2,2,2,1,,-1,1,0,1,3,1,47,5,1,2 / 6 / 4,0,2,4,2,202200013927B01,7,2,1,242900751
202200013928,2022-04-26,2022,avril,mardi,15:40,01,01036,45.902231,5.635418,1,4,1,1,1,3,2,1,2,3,,3,1,0,1,3,2,38,5,1,2,0,2,1,1,202200013928B01,13,15,1,200040350
202200013939,2022-02-06,2022,février,dimanche,10:30,36,36070,46.4589463922,1.602168603,1,1,1,1,8,3,2,2,2,3,,-1,2,0,1,3,1,40,5,1,2,0,2,1,1,202200013939B01,10,1,1,200068872
202200013945,2022-04-26,2022,avril,mardi,10:50,07,07143,45.338421,4.75781,1,1,3,1,1,3,2,2,1,1,,-1,1,0,1,3,1,68,5,1,2,0,2,8,2,202200013945B01,7,13,1,200072015
202200013990,2022-04-27,2022,avril,mercredi,00:00,86,86189,46.2194750111,0.4798579216,1,1,7,2,1,3,2,2,1,1,,-1,1,0,8,2,1,65,5,1,2,0,0,0,0,202200013990A01,,,,200070035
202200014087,2022-09-22,2022,septembre,jeudi,16:30,73,73065,45.58257,5.90691,2,1,6,1,1,9,2,2,4,1,,-1,1,1,5,2,1,88,5,1,2,0,1,9,21,202200014087A01,,,,200069110
202200014091,2022-04-24,2022,avril,dimanche,19:20,75,75117,48.8977159347,2.3280050182,2,1,3,1,1,4,3,3,1,1,,-1,1,-1,5,4,2,29,5,1,2,0,2,4,1,202200014091B01,7,14,1,200054781
202200014093,2022-10-11,2022,octobre,mardi,18:20,75,75104,48.860574,2.349373,2,2,3,1,1,4,1,5,1,1,,-1,1,0,1,4,1,25,4,2,,0,2,7,19,202200014093B01,33,1,1,200054781
202200014105,2022-10-10,2022,octobre,lundi,13:20,75,75106,48.851146,2.328871,2,1,6,1,1,4,1,1,1,1,,-1,1,0,1,1,2,21,2,2,,0,1,2,1,202200014105A01,,,,200054781
202200014106,2022-04-24,2022,avril,dimanche,16:02,75,75107,48.8627051723,2.3184055597,2,1,2,1,1,4,2,6,1,1,,-1,1,-1,5,1,2,27,5,1,2,0,2,4,2,202200014106B01,1,2,1,200054781
202200014106,2022-04-24,2022,avril,dimanche,16:02,75,75107,48.8627051723,2.3184055597,2,1,2,1,1,4,2,6,1,1,,-1,1,-1,5,4,1,28,5,1,2,0,2,1,2,202200014106A01,1,2,1,200054781
202200014108,2022-10-12,2022,octobre,mercredi,11:15,75,75119,48.883873,2.368606,2,7,3,1,1,4,1,3,1,1,,-1,1,0,5,4,2,62,9,2,,0,2,8,1,202200014108B01,34,1,1,200054781
202200014123,2022-10-12,2022,octobre,mercredi,12:00,75,75113,48.832972,2.378758,2,3,3,1,1,4,2,4,1,1,,-1,1,0,5,4,2,63,5,2,,0,2,7,1,202200014123B01,7,16,1,200054781
202200014125,2022-10-12,2022,octobre,mercredi,17:20,75,75112,48.848,2.37142,2,2,6,1,1,4,2,1,1,1,,-1,1,6,4,4,1,75,5,2,,8,0,7,25,202200014125A01,,,,200054781
202200014127,2022-10-12,2022,octobre,mercredi,16:45,75,75112,48.834839,2.436725,2,1,2,1,1,4,1,0,1,1,,-1,1,6,5,4,1,76,5,1,2,0,2,1,2,202200014127A01,1,2,1,200054781
202200014127,2022-10-12,2022,octobre,mercredi,16:45,75,75112,48.834839,2.436725,2,1,2,1,1,4,1,0,1,1,,-1,1,6,5,4,2,62,9,1,2,0,2,4,2,202200014127B01,1,2,1,200054781
202200014129,2022-10-12,2022,octobre,mercredi,14:00,75,75111,48.862315,2.37256,2,2,3,1,1,4,2,2,1,1,,-1,1,0,1,1,1,32,5,2,,0,2,7,23,202200014129B01,1,14,1,200054781
202200014129,2022-10-12,2022,octobre,mercredi,14:00,75,75111,48.862315,2.37256,2,2,3,1,1,4,2,2,1,1,,-1,1,0,1,4,1,37,4,1,2,0,2,8,14,202200014129A01,1,23,1,200054781
202200014131,2022-10-12,2022,octobre,mercredi,04:25,75,75103,48.861019,2.362757,2,1,7,5,1,4,1,1,1,1,,-1,1,0,5,4,1,25,5,2,,0,0,0,5,202200014131A01,,,,200054781
202200014169,2022-06-28,2022,juin,mardi,20:25,75,75118,48.895052,2.368754,2,1,2,1,1,4,1,1,1,1,,-1,1,8,1,4,1,23,9,2,,0,2,1,1,202200014169B01,7,1,1,200054781
202200014183,2022-06-28,2022,juin,mardi,07:30,75,75111,48.850308,2.398616,2,4,3,1,1,4,1,2,1,1,,-1,1,-1,5,4,2,40,9,2,,0,2,1,1,202200014183B01,10,16,1,200054781
202200014195,2022-06-28,2022,juin,mardi,09:15,75,75107,48.857499,2.291019,2,3,1,1,1,4,2,4,1,1,,-1,1,-1,5,4,2,24,1,1,2,0,2,2,15,202200014195A01,1,1,1,200054781
202200014195,2022-06-28,2022,juin,mardi,09:15,75,75107,48.857499,2.291019,2,3,1,1,1,4,2,4,1,1,,-1,1,-1,5,1,1,58,1,1,2,0,2,1,1,202200014195B01,1,15,1,200054781
202200014213,2022-10-07,2022,octobre,vendredi,15:15,21,21651,47.411765,4.902917,2,2,7,1,1,3,2,1,1,2,,3,1,0,1,4,1,73,5,1,2,0,2,1,1,202200014213D01,7,19,1,200039063
202200014213,2022-10-07,2022,octobre,vendredi,15:15,21,21651,47.411765,4.902917,2,2,7,1,1,3,2,1,1,2,,3,1,0,1,4,1,57,5,1,2,0,9,1,1,202200014213C01,7,19,1,200039063
202200014213,2022-10-07,2022,octobre,vendredi,15:15,21,21651,47.411765,4.902917,2,2,7,1,1,3,2,1,1,2,,3,1,0,1,4,1,79,5,1,2,0,2,1,1,202200014213B01,7,19,1,200039063
202200014217,2022-10-13,2022,octobre,jeudi,07:00,28,28324,48.481669,1.240972,1,1,2,3,9,3,2,2,2,1,,-1,2,0,1,2,1,49,5,2,,0,2,4,1,202200014217B01,7,1,1,200058360
202200014254,2022-06-23,2022,juin,jeudi,07:45,69,69084,46.192309,4.704241,2,3,1,1,1,3,2,2,2,1,,-1,1,0,1,3,2,45,1,1,2,0,2,8,1,202200014254B01,7,15,1,200067817
202200014259,2022-06-20,2022,juin,lundi,12:50,41,41106,47.597598,2.022466,2,1,3,1,1,3,2,2,1,1,,-1,1,0,1,4,1,23,1,2,,0,2,4,17,202200014259B01,7,18,1,200000800
202200014263,2022-10-11,2022,octobre,mardi,06:45,973,97302,4.9295,-52.30323,2,6,7,2,1,3,4,2,1,1,,-1,1,0,1,4,1,59,1,2,,0,9,0,21,202200014263A01,,,,249730045
202200014282,2022-06-28,2022,juin,mardi,10:20,30,30064,43.95762,3.390634,1,1,1,1,1,3,2,2,2,2,,-1,1,0,1,3,1,73,5,1,2,0,0,3,1,202200014282B01,14,1,1,243000270
202200014294,2022-10-11,2022,octobre,mardi,20:00,77,77243,48.87748,2.69796,2,3,3,5,1,4,2,2,1,1,,-1,1,9,1,4,1,35,1,2,,0,2,1,1,202200014294B01,7,15,1,247700594
202200014306,2022-08-25,2022,août,jeudi,14:30,2A,2A247,41.633425767,9.2591669708,1,1,1,1,1,3,-1,2,2,2,,-1,1,0,1,4,1,45,5,1,2,0,2,1,1,202200014306B01,7,13,1,200040764
202200014311,2022-06-28,2022,juin,mardi,16:10,70,70310,47.675719,6.522735,2,6,3,1,1,3,1,1,1,2,,-1,1,0,1,3,2,57,0,2,,0,2,8,2,202200014311B01,7,2,1,247000664
202200014315,2022-06-29,2022,juin,mercredi,16:30,42,42041,45.698709,4.176822,2,1,6,1,1,3,2,2,1,1,,-1,1,9,1,4,1,74,5,1,2,11,0,0,0,202200014315A01,,,,200065894
202200014320,2022-06-29,2022,juin,mercredi,12:20,22,22054,48.634921,-2.435702,1,1,7,1,1,4,2,2,1,1,,4,1,0,1,2,1,63,5,2,,0,0,1,1,202200014320A01,,,,200069391
202200014333,2022-10-10,2022,octobre,lundi,09:06,56,56121,47.74784,-3.36489,2,6,3,1,1,4,2,2,1,1,,-1,1,5,1,4,2,35,0,1,2,0,2,8,8,202200014333B01,7,15,1,200042174
202200014361,2022-10-11,2022,octobre,mardi,08:55,27,27701,49.27053,1.20796,2,1,3,1,1,4,1,2,1,1,,-1,1,5,1,4,1,15,5,1,2,0,2,7,0,202200014361B01,7,1,1,200089456
202200014370,2022-10-10,2022,octobre,lundi,13:45,22,22113,48.73535,-3.45391,2,1,3,1,1,4,2,2,1,1,,-1,1,0,1,4,1,16,2,1,2,0,2,3,15,202200014370B01,7,16,1,200065928
202200014384,2022-08-01,2022,août,lundi,20:10,29,29075,48.416168,-4.437356,2,3,1,1,1,4,2,2,1,1,,6,1,0,1,4,1,19,1,1,2,0,2,1,16,202200014384B01,7,1,1,242900314
202200014390,2022-10-11,2022,octobre,mardi,18:25,75,75117,48.8796810445,2.3055973649,2,1,3,1,1,4,2,4,1,1,,-1,1,0,1,4,2,49,1,1,2,0,2,8,13,202200014390A01,10,1,1,200054781
202200014405,2022-07-31,2022,juillet,dimanche,20:10,12,12254,44.411237,2.519925,2,1,1,1,1,4,2,2,2,1,,3.5,1,0,1,4,1,11,5,2,,0,2,3,5,202200014405A01,33,1,1,241200641
202200014428,2022-07-29,2022,juillet,vendredi,20:30,33,33199,44.640258,-1.071634,2,1,2,1,1,4,2,2,1,1,,4,1,0,1,3,1,52,5,1,2,0,2,5,17,202200014428B01,7,1,1,243300563
202200014435,2022-07-30,2022,juillet,samedi,11:22,74,74041,46.306756459,6.6774203538,1,1,5,1,1,3,2,2,2,1,,-1,1,0,3,3,1,70,0,1,2,0,0,8,1,202200014435C01,7,15,1,200071967
202200014435,2022-07-30,2022,juillet,samedi,11:22,74,74041,46.306756459,6.6774203538,1,1,5,1,1,3,2,2,2,1,,-1,1,0,3,4,1,22,5,1,2,0,0,8,1,202200014435B01,7,15,1,200071967
202200014436,2022-07-30,2022,juillet,samedi,19:00,38,38498,45.52802,5.339098,2,1,3,1,7,3,2,2,2,1,,-1,1,0,1,3,1,10,5,2,,0,2,7,19,202200014436B01,10,1,1,243800604
202200014492,2022-07-29,2022,juillet,vendredi,08:50,69,69382,45.75178,4.82837,2,1,6,1,1,4,-1,0,1,1,,-1,1,6,6,1,1,28,4,2,,0,1,2,0,202200014492A01,,,,200046977
202200014525,2022-11-17,2022,novembre,jeudi,22:15,75,75113,48.824168,2.376767,2,2,7,5,1,4,2,2,2,1,,-1,2,0,1,4,1,30,9,1,2,0,0,0,1,202200014525A01,,,,200054781
202200014532,2022-11-17,2022,novembre,jeudi,08:00,75,75110,48.871246,2.370135,2,2,2,1,1,4,2,2,1,1,,-1,2,0,1,4,1,32,9,2,,0,2,4,1,202200014532A01,14,23,1,200054781
202200014603,2022-07-29,2022,juillet,vendredi,16:20,75,75120,48.849044,2.41037,2,1,3,1,1,4,1,2,1,1,,-1,1,0,1,4,1,50,9,1,2,0,2,0,1,202200014603B01,7,22,1,200054781
202200014630,2022-11-18,2022,novembre,vendredi,09:50,974,97404,-21.259524,55.341315,1,4,1,1,1,3,2,2,2,4,,-1,1,0,1,4,1,43,5,1,2,0,2,1,1,202200014630B01,37,5,1,249740077
202200014647,2022-07-29,2022,juillet,vendredi,17:06,75,75107,48.850536,2.319568,2,3,3,1,1,4,1,1,1,1,,-1,1,0,1,4,2,26,1,2,,0,2,7,5,202200014647A01,33,15,1,200054781
202200014652,2022-05-29,2022,mai,dimanche,08:15,13,13085,43.256768,5.591687,1,3,1,1,1,3,2,3,2,1,,-1,1,0,1,3,1,49,5,1,2,0,2,1,1,202200014652B01,7,15,1,200054807
202200014676,2022-05-29,2022,mai,dimanche,12:00,974,97407,-20.936736,55.309211,1,1,3,1,1,2,2,2,1,1,,-1,1,0,1,4,1,15,5,2,,0,2,1,1,202200014676A01,7,1,1,249740101
202200014738,2022-07-28,2022,juillet,jeudi,15:34,65,65175,42.915609,0.51228,1,1,6,1,8,3,2,2,2,4,,-1,9,0,1,3,1,59,5,1,2,5,0,1,1,202200014738A01,,,,200070829
202200014770,2022-05-29,2022,mai,dimanche,18:50,75,75118,48.899147,2.336281,2,2,3,1,1,4,2,6,1,1,,-1,1,-1,5,4,2,27,1,1,2,0,2,1,1,202200014770B01,7,16,1,200054781
202200014771,2022-11-16,2022,novembre,mercredi,19:05,91,91347,48.656029,2.289741,1,1,2,3,2,4,2,2,1,1,,-1,2,0,1,3,1,49,1,1,4,0,2,4,2,202200014771B01,7,2,1,200057859
202200014777,2022-07-24,2022,juillet,dimanche,18:55,23,23263,46.3284143924,1.7189311981,1,1,1,1,1,3,2,2,1,2,,-1,1,0,1,3,1,72,5,1,4,0,2,1,13,202200014777A01,7,1,1,242320109
202200014789,2022-05-29,2022,mai,dimanche,14:30,75,75104,48.857297,2.35238,2,3,6,1,8,4,2,4,1,1,,-1,1,-1,5,1,-1,2022,-1,2,,0,1,1,1,202200014789Z01,,,,200054781
202200014798,2022-07-30,2022,juillet,samedi,17:50,71,71061,46.56395,5.029507,1,2,7,1,1,3,2,2,1,1,,4,1,0,1,4,1,33,5,2,,0,0,9,1,202200014798A01,,,,200071538
202200014809,2022-05-29,2022,mai,dimanche,14:42,92,92020,48.8104223044,2.2989851832,2,1,2,1,8,3,2,3,1,1,,-1,1,0,1,4,1,35,4,1,6,0,2,1,1,202200014809A01,7,1,1,200054781
202200014815,2022-05-30,2022,mai,lundi,08:35,35,35178,48.3014713377,-1.4322238415,2,1,3,1,1,3,2,2,2,1,,-1,1,0,1,3,1,44,1,1,2,0,2,7,1,202200014815A01,7,11,1,243500774
202200014877,2022-03-15,2022,mars,mardi,12:20,10,10387,48.29126,4.0906,2,1,1,1,8,4,1,1,1,1,,-1,1,0,1,1,1,16,0,1,1,0,2,1,26,202200014877A01,50,1,1,200069250
202200014908,2022-04-05,2022,avril,mardi,09:00,86,86115,46.672267,0.375391,2,6,3,1,1,3,1,2,1,3,,-1,1,0,1,3,1,58,1,1,2,0,2,1,15,202200014908A01,7,16,1,200069854
202200014916,2022-12-23,2022,décembre,vendredi,16:50,61,61483,48.579894,-0.417432,2,3,3,2,1,3,2,2,1,1,,-1,1,0,1,3,1,20,5,1,2,1,2,8,1,202200014916B01,7,15,1,200068443
202200014922,2022-11-16,2022,novembre,mercredi,17:49,35,35238,48.0913012321,-1.6690501571,2,6,3,2,2,4,3,2,1,1,,-1,2,0,1,3,2,27,1,2,,0,2,0,1,202200014922B01,10,0,1,243500139
202200014924,2022-03-15,2022,mars,mardi,13:30,75,75115,48.8453648703,2.3020581901,2,3,6,1,2,4,1,1,1,1,,-1,2,0,1,1,1,32,1,1,2,0,1,1,2,202200014924A01,,,,200054781
202200014946,2022-05-24,2022,mai,mardi,18:05,22,22177,48.634812,-2.9388,2,1,7,1,1,3,2,2,2,2,,-1,1,0,4,3,1,58,0,2,,12,0,0,0,202200014946A01,,,,200069086
202200014952,2022-05-23,2022,mai,lundi,16:00,22,22190,48.533629,-2.080579,2,2,3,1,3,9,2,1,1,1,,3,2,5,1,4,1,20,5,1,2,0,2,7,1,202200014952A01,7,15,1,200068989
202200014962,2022-02-05,2022,février,samedi,16:15,34,34157,43.4348657311,3.5974557254,2,2,3,1,7,4,2,2,2,1,,-1,1,0,1,4,1,12,5,2,,0,2,1,11,202200014962B01,10,1,1,200066355
202200014981,2022-05-26,2022,mai,jeudi,10:30,49,49092,47.18824,-0.791831,1,1,3,1,1,3,2,2,1,1,,-1,1,0,1,3,1,61,5,1,2,0,2,3,1,202200014981B01,7,1,1,200060010
202200014982,2022-02-05,2022,février,samedi,23:10,57,57160,49.195163,6.681796,2,1,3,5,1,4,2,2,1,1,,-1,1,0,1,3,1,20,1,2,,0,2,1,19,202200014982A01,7,21,1,245701164
202200015002,2022-03-12,2022,mars,samedi,13:20,51,51193,49.012513,4.564143,1,1,3,1,1,3,2,2,2,3,,-1,1,0,1,4,1,58,5,1,2,0,2,8,2,202200015002B01,10,2,1,200043438
202200015020,2022-03-15,2022,mars,mardi,12:15,65,65220,43.164975,0.035706,2,4,6,1,1,3,2,2,4,2,,-1,1,9,1,2,1,68,5,1,2,6,9,1,15,202200015020A01,,,,200069300
202200015064,2022-02-03,2022,février,jeudi,06:50,33,33063,44.86567,-0.57434,2,1,2,2,1,4,2,2,1,1,,-1,1,0,1,3,2,24,1,2,,0,2,4,19,202200015064B01,7,1,1,243300316
202200015113,2022-12-22,2022,décembre,jeudi,14:50,75,75118,48.8888229661,2.3465688491,2,3,3,1,2,4,2,2,2,1,,-1,2,0,1,4,2,36,9,2,,0,2,3,1,202200015113A01,10,1,1,200054781
202200015134,2022-05-28,2022,mai,samedi,11:30,56,56195,47.521135,-2.299876,2,1,2,1,1,3,3,2,2,1,,-1,1,0,1,3,1,15,5,1,2,0,2,1,2,202200015134B01,7,1,1,200027027
202200015135,2022-12-22,2022,décembre,jeudi,12:05,75,75114,48.835619,2.33358,2,1,3,1,2,4,2,3,1,1,,-1,2,0,5,4,2,37,9,2,,1,0,1,1,202200015135B01,7,23,1,200054781
202200015221,2022-03-14,2022,mars,lundi,19:00,75,75117,48.883746,2.312084,2,1,6,5,1,4,2,2,1,1,,-1,1,0,1,1,1,34,5,2,,0,1,2,1,202200015221A01,,,,200054781
202200015253,2022-03-14,2022,mars,lundi,09:20,75,75111,48.860075,2.372589,2,3,6,1,1,4,2,0,1,1,,-1,1,0,1,4,1,49,5,1,2,0,5,1,1,202200015253A01,,,,200054781
202200015346,2022-09-07,2022,septembre,mercredi,14:00,71,71486,46.64523,4.34186,2,3,3,1,1,4,2,2,1,1,,-1,1,0,1,4,1,17,0,2,,0,2,1,1,202200015346A01,10,0,1,247100290
202200015397,2022-03-13,2022,mars,dimanche,18:30,33,33505,44.760067,-0.315342,1,1,1,1,1,3,2,2,1,2,,-1,1,0,1,3,1,54,5,1,2,0,2,3,1,202200015397B01,10,1,1,243301215
202200015447,2022-12-22,2022,décembre,jeudi,19:00,17,17331,45.485429,-0.579937,1,1,2,3,3,3,2,2,1,1,,-1,2,0,1,2,1,20,5,2,,0,2,4,13,202200015447B01,7,17,1,200041523
202200015459,2022-12-21,2022,décembre,mercredi,14:20,42,42279,45.5061534095,4.2458950281,2,6,3,1,1,3,2,2,1,3,,-1,1,5,1,3,1,75,5,1,2,0,2,2,16,202200015459B01,7,16,1,200065886
202200015479,2022-02-04,2022,février,vendredi,13:00,75,75101,48.859897,2.343995,2,2,2,1,1,4,1,4,1,1,,-1,1,0,5,1,1,38,1,1,2,0,2,4,23,202200015479B01,80,2,1,200054781
202200015501,2022-09-08,2022,septembre,jeudi,05:45,75,75115,48.838031,2.294685,2,2,3,5,1,4,2,4,1,1,,-1,1,0,1,4,1,60,1,1,2,0,2,7,1,202200015501A01,7,15,1,200054781
202200015504,2022-12-22,2022,décembre,jeudi,15:25,21,21138,47.173393,5.293651,1,1,2,1,8,3,2,2,1,1,,-1,1,0,1,3,1,68,5,1,2,0,0,0,1,202200015504A01,10,2,1,200070902
202200015505,2022-09-08,2022,septembre,jeudi,19:25,75,75114,48.841878,2.322628,2,3,7,1,1,4,2,4,1,1,,-1,1,0,1,4,2,56,9,1,2,0,0,0,21,202200015505A01,,,,200054781
202200015510,2022-09-08,2022,septembre,jeudi,17:47,75,75113,48.826182,2.357273,2,2,3,1,1,4,2,6,1,1,,-1,1,0,1,4,1,49,1,1,2,0,2,5,16,202200015510B01,7,1,1,200054781
202200015569,2022-12-20,2022,décembre,mardi,18:40,33,33063,44.82813,-0.5525,2,1,3,5,2,4,2,2,1,1,,-1,2,0,1,4,1,26,0,2,,0,2,7,1,202200015569B01,7,20,1,243300316
202200015578,2022-09-08,2022,septembre,jeudi,20:00,41,41230,47.610268,1.259522,1,1,2,2,1,3,2,2,1,1,,-1,1,0,1,3,1,46,1,2,,0,0,4,1,202200015578B01,10,1,1,200030385
202200015618,2022-09-07,2022,septembre,mercredi,14:00,34,34150,43.374323,3.533652,1,1,3,1,1,3,2,2,1,1,,-1,1,0,1,3,2,53,5,1,2,0,2,3,15,202200015618A01,10,17,1,200066355
202200015627,2022-09-08,2022,septembre,jeudi,16:15,44,44075,47.636695,-1.438544,1,1,3,1,1,3,2,2,1,1,,-1,1,0,1,3,1,35,5,2,,0,2,7,1,202200015627A01,2,1,1,200072726
202200015669,2022-09-08,2022,septembre,jeudi,23:00,85,85307,46.33155,-1.327392,2,1,6,3,1,4,2,2,1,1,,-1,1,0,1,3,1,59,5,2,,1,0,2,1,202200015669A01,,,,
202200015673,2022-09-07,2022,septembre,mercredi,21:15,37,37179,47.474113,0.757037,1,1,2,3,2,7,2,2,1,1,,-1,2,2,1,3,2,35,1,2,,0,0,4,2,202200015673B01,10,2,1,243700754
202200015678,2022-12-19,2022,décembre,lundi,16:30,69,69383,45.7532887893,4.8561635613,2,3,3,2,1,4,1,1,1,1,,-1,1,0,1,4,1,41,0,1,2,0,2,1,8,202200015678B01,7,7,1,200046977
202200015679,2022-09-09,2022,septembre,vendredi,13:55,38,38212,45.069641,5.870401,1,1,7,1,1,3,2,2,2,1,,-1,1,0,1,3,1,56,5,1,2,0,0,0,0,202200015679A01,14,2,1,243800745
202200015691,2022-09-08,2022,septembre,jeudi,08:10,13,13015,43.426448,5.388139,2,1,6,1,1,3,2,2,1,1,,-1,1,9,1,4,1,25,1,1,2 / 6,0,1,1,17,202200015691A01,,,,200054807
202200015695,2022-09-08,2022,septembre,jeudi,15:20,69,69023,46.029046,4.649405,1,1,2,1,1,3,2,2,2,1,,-1,1,0,1,3,1,71,5,1,2,0,2,4,1,202200015695B01,7,17,1,200040590
202200015733,2022-09-06,2022,septembre,mardi,12:00,85,85194,46.46662,-1.73148,2,3,3,1,2,3,-1,2,1,1,,-1,2,0,1,3,1,67,5,2,,0,2,1,1,202200015733B01,7,15,1,200071165
202200015741,2022-09-05,2022,septembre,lundi,13:15,72,72181,48.0249166137,0.1789140699,2,1,3,1,1,4,2,2,1,3,,-1,1,0,5,4,1,18,0,1,2,0,2,1,1,202200015741B01,10,16,1,247200132
202200015758,2022-04-23,2022,avril,samedi,15:45,41,41174,47.759089,1.158339,1,1,6,1,1,4,2,2,2,1,,4,1,0,1,1,2,17,5,1,2,0,2,1,2,202200015758C01,7,1,1,200072072
202200015758,2022-04-23,2022,avril,samedi,15:45,41,41174,47.759089,1.158339,1,1,6,1,1,4,2,2,2,1,,4,1,0,1,4,1,21,5,1,2,0,2,1,2,202200015758B01,7,1,1,200072072
202200015763,2022-04-25,2022,avril,lundi,19:55,65,65301,43.301181,0.218195,1,3,3,2,1,3,2,2,2,1,,-1,1,5,1,4,1,22,5,1,2,0,2,7,21,202200015763B01,7,19,1,200070803
202200015788,2022-02-16,2022,février,mercredi,12:42,67,67152,48.533093,7.691637,1,1,7,1,1,7,-1,5,1,2,,-1,1,0,5,4,2,59,1,2,,0,0,0,1,202200015788A01,50,17,1,246700488
202200015860,2022-06-27,2022,juin,lundi,09:00,35,35238,48.1086609803,-1.6537092626,2,1,3,1,1,4,2,2,1,1,,-1,1,0,1,4,1,27,1,2,,0,2,1,1,202200015860B01,7,22,1,243500139
202200015890,2022-04-23,2022,avril,samedi,18:30,75,75106,48.857812533,2.3352950066,2,3,2,1,1,4,2,5,1,1,,-1,1,-1,5,4,1,63,1,1,2,0,2,4,15,202200015890B01,1,1,1,200054781
202200015890,2022-04-23,2022,avril,samedi,18:30,75,75106,48.857812533,2.3352950066,2,3,2,1,1,4,2,5,1,1,,-1,1,-1,5,1,1,56,1,1,2,0,2,1,1,202200015890A01,1,15,1,200054781
202200015892,2022-04-23,2022,avril,samedi,10:15,75,75119,48.8968771487,2.3846420063,2,1,3,1,1,4,2,6,1,1,,-1,1,-1,4,4,1,31,5,1,2,0,2,1,25,202200015892B01,7,9,1,200054781
202200015895,2022-04-23,2022,avril,samedi,12:20,75,75116,48.838803,2.261319,2,3,2,1,1,4,1,1,1,1,,-1,1,0,1,4,1,19,5,1,2,0,2,1,2,202200015895A01,7,2,1,200054781
202200015898,2022-06-27,2022,juin,lundi,17:40,75,75106,48.842394,2.328405,2,3,6,1,1,4,2,6,1,1,,-1,1,-1,6,1,1,41,9,2,,0,1,1,7,202200015898A01,,,,200054781
202200015900,2022-06-27,2022,juin,lundi,12:15,75,75106,48.850748,2.337149,2,1,2,1,1,4,2,2,1,1,,-1,1,0,1,4,2,32,5,2,,0,2,1,1,202200015900B01,7,22,1,200054781
202200015901,2022-04-23,2022,avril,samedi,00:10,75,75111,48.8628871975,2.3872338673,2,5,3,5,1,4,2,4,1,1,,-1,1,5,1,4,2,49,9,1,2,0,2,3,1,202200015901B01,7,15,1,200054781
202200015907,2022-06-27,2022,juin,lundi,10:10,75,75119,48.891132,2.377572,2,2,3,1,1,4,3,3,1,1,,-1,1,-1,5,4,1,38,1,1,2 / 4,0,2,1,1,202200015907B01,7,15,1,200054781
202200015919,2022-06-27,2022,juin,lundi,13:55,75,75111,48.864604,2.378052,2,2,3,1,1,4,1,2,1,1,,-1,1,8,5,4,2,30,9,2,,0,2,2,1,202200015919A01,32,1,1,200054781
202200015921,2022-06-26,2022,juin,dimanche,12:45,75,75111,48.857796,2.370936,2,2,6,1,1,4,1,3,1,1,,-1,1,0,1,4,1,27,9,1,2,1,0,1,16,202200015921A01,,,,200054781
202200015964,2022-04-24,2022,avril,dimanche,10:25,30,30282,44.135291,4.47488,1,2,3,1,8,3,2,2,2,1,,-1,2,5,1,3,1,53,5,1,2,0,2,1,1,202200015964B01,7,19,1,200034692
202200015973,2022-06-15,2022,juin,mercredi,22:15,34,34194,43.5359768891,3.4550525048,1,1,1,3,1,3,2,2,1,1,,-1,1,0,1,4,1,16,5,2,,0,2,1,1,202200015973B01,10,17,1,243400355
202200015993,2022-04-22,2022,avril,vendredi,13:13,66,66124,42.498831,2.032202,2,1,7,1,1,3,2,2,2,1,,-1,9,0,1,3,1,65,5,1,2,0,9,0,0,202200015993A01,,,,246600464
202200016011,2022-10-11,2022,octobre,mardi,08:55,75,75117,48.885231,2.325412,2,3,6,1,1,4,2,2,1,1,,-1,1,-1,5,1,1,25,1,2,,0,1,1,1,202200016011A01,,,,200054781
202200016021,2022-10-11,2022,octobre,mardi,10:15,75,75116,48.83948,2.26729,2,1,1,1,1,4,1,1,1,1,,-1,1,0,1,4,1,59,9,1,2,0,2,1,14,202200016021A01,10,1,1,200054781
202200016024,2022-10-11,2022,octobre,mardi,15:30,75,75115,48.842604,2.273072,2,1,3,1,1,4,2,2,2,1,,-1,1,0,1,4,1,80,5,1,2,0,2,3,1,202200016024B01,10,15,1,200054781
202200016043,2022-06-28,2022,juin,mardi,17:00,69,69094,45.749199,4.686141,2,3,3,1,7,3,2,2,1,3,,7,1,0,1,3,1,33,5,1,2,0,2,1,9,202200016043B01,7,15,1,246900724
202200016049,2022-10-11,2022,octobre,mardi,18:20,75,75107,48.855605,2.331089,2,1,7,2,1,4,1,1,1,1,,-1,1,0,1,4,1,32,4,2,,0,0,0,1,202200016049A01,,,,200054781