Num_Acc,date,an,mois,jour,hrmn,dep,com,lat,long,agg,int,col,lum,atm,catr,circ,nbv,prof,plan,lartpc,larrout,surf,infra,situ,grav,sexe,age,trajet,secuexist,equipement,obs,obsm,choc,manv,vehiculeid,typevehicules,manoeuvehicules,numVehicules,_infos_commune.code_epci
202200018326,2022-11-10,2022,novembre,jeudi,12:20,67,67482,48.58624,7.74568,2,3,1,1,1,4,2,2,1,1,,-1,1,0,1,4,2,27,0,2,,0,2,3,1,202200018326B01,7,15,1,246700488
202200018350,2022-11-10,2022,novembre,jeudi,07:28,65,65440,43.232145,0.078387,2,3,3,5,1,4,1,1,1,1,,-1,1,0,1,3,1,45,1,2,,0,2,1,17,202200018350B01,20,15,1,200069300
202200018355,2022-11-14,2022,novembre,lundi,14:55,64,64445,43.321085,-0.363918,1,1,1,1,2,4,1,0,1,1,,-1,2,0,1,4,1,24,0,2,,0,2,1,1,202200018355A01,7,15,1,200067254
202200018358,2022-07-29,2022,juillet,vendredi,14:25,34,34145,43.66889,4.143506,2,2,1,1,1,3,2,1,1,1,,-1,1,5,1,4,1,18,1,2,,0,2,8,19,202200018358B01,7,15,1,243400520
202200018373,2022-07-16,2022,juillet,samedi,18:05,67,67286,48.44998,7.543091,2,2,3,1,1,4,2,2,1,1,,4,1,0,1,3,1,47,5,1,2,0,2,8,1,202200018373B01,7,15,1,246701080
202200018388,2022-01-25,2022,janvier,mardi,11:30,13,13056,43.36944,5.06029,1,3,3,1,1,3,2,2,3,1,,-1,1,5,1,3,1,79,5,1,2,0,2,1,19,202200018388A01,7,1,1,200054807
202200018400,2022-02-02,2022,février,mercredi,18:45,06,06088,43.712326,7.261518,2,1,2,1,1,4,1,1,1,1,,-1,1,0,1,4,2,58,5,2,,0,2,1,2,202200018400B01,10,2,1,200030195
202200018415,2022-11-09,2022,novembre,mercredi,16:40,54,54547,48.663517,6.189247,2,1,1,1,1,4,2,-1,1,1,,-1,1,0,5,4,1,47,1,1,2,0,2,1,1,202200018415B01,50,1,1,245400676
202200018429,2022-11-10,2022,novembre,jeudi,09:40,51,51454,49.27466,4.03312,1,6,3,1,1,4,2,2,1,1,,-1,1,0,1,4,2,62,0,1,2,0,2,5,26,202200018429B01,7,26,1,200067213
202200018441,2022-02-02,2022,février,mercredi,11:15,75,75114,48.827821,2.32896,2,3,2,1,8,4,2,2,1,1,,-1,1,0,1,4,2,52,9,2,,0,2,4,21,202200018441B01,7,1,1,200054781
202200018444,2022-11-10,2022,novembre,jeudi,16:13,49,49007,47.4746,-0.56054,2,1,7,1,1,4,2,2,1,1,,-1,1,0,1,4,1,20,5,2,,0,0,1,1,202200018444A01,,,,244900015
202200018450,2022-02-02,2022,février,mercredi,08:30,75,75113,48.829129,2.370772,2,1,3,1,1,4,1,1,1,1,,-1,2,0,5,4,1,34,1,2,,0,2,1,1,202200018450B01,7,9,1,200054781
202200018495,2022-11-14,2022,novembre,lundi,17:25,35,35238,48.091589674,-1.6585144401,2,6,3,5,1,4,2,-1,1,1,,-1,1,0,1,4,2,50,1,2,,0,2,7,1,202200018495B01,10,1,1,243500139
202200018499,2022-11-14,2022,novembre,lundi,08:15,35,35238,48.13466,-1.65892,2,2,3,1,2,4,3,2,2,1,,-1,2,0,1,4,1,48,1,1,2,0,2,4,1,202200018499B01,7,15,1,243500139
202200018532,2022-11-10,2022,novembre,jeudi,14:40,31,31149,43.60495,1.30754,2,6,3,1,1,7,1,1,2,3,,-1,1,0,1,4,1,68,5,1,2,0,2,8,2,202200018532B01,10,1,1,243100518
202200018542,2022-01-30,2022,janvier,dimanche,12:00,56,56130,47.732786,-3.252329,1,1,7,1,1,9,-1,-1,1,1,,-1,1,0,1,2,1,62,5,2,,0,0,0,1,202200018542A01,,,,245600440
202200018544,2022-11-08,2022,novembre,mardi,18:30,31,31555,43.5745,1.45733,2,2,3,2,1,4,2,4,1,1,,-1,1,0,5,3,1,18,2,2,,0,2,1,1,202200018544B01,7,15,1,243100518
202200018578,2022-11-10,2022,novembre,jeudi,16:45,25,25056,47.243024,6.007688,2,6,3,1,1,4,1,1,1,2,,-1,1,0,1,4,1,20,0,2,,0,2,1,9,202200018578B01,7,1,1,242500361
202200018579,2022-07-26,2022,juillet,mardi,18:05,80,80021,49.88919,2.30565,2,3,3,1,1,4,2,4,1,1,,-1,1,0,5,4,1,23,0,1,2,0,2,8,1,202200018579B01,7,16,1,248000531
202200018601,2022-07-27,2022,juillet,mercredi,17:40,69,69266,45.76313,4.91398,2,3,1,1,1,4,2,3,1,1,,-1,1,0,1,4,1,45,0,2,,0,2,1,5,202200018601B01,7,16,1,200046977
202200018605,2022-07-27,2022,juillet,mercredi,17:55,69,69266,45.75828,4.89735,2,3,2,1,1,4,2,2,1,1,,-1,1,0,1,4,1,34,0,1,2,1,2,1,2,202200018605B01,7,23,1,200046977
202200018716,2022-07-25,2022,juillet,lundi,10:00,05,05023,44.90979,6.66403,1,2,3,1,1,2,2,2,1,1,,-1,1,0,5,4,2,71,5,1,2,0,2,1,1,202200018716B01,7,15,1,240500439
202200018722,2022-07-27,2022,juillet,mercredi,13:30,75,75105,48.849976,2.354875,2,2,3,1,1,4,1,2,1,1,,-1,1,0,5,4,1,18,5,2,,0,2,4,16,202200018722A01,33,16,1,200054781
202200018723,2022-05-26,2022,mai,jeudi,03:30,75,75105,48.85122,2.346602,2,1,6,3,1,4,2,2,1,1,,-1,1,-1,5,4,1,35,5,1,2,1,0,1,13,202200018723A01,,,,200054781
202200018733,2022-07-27,2022,juillet,mercredi,20:00,75,75116,48.862566,2.230802,2,1,5,2,1,4,1,3,1,1,,-1,1,0,5,4,1,31,5,1,2,0,2,7,13,202200018733A01,1,1,2,200054781
202200018733,2022-07-27,2022,juillet,mercredi,20:00,75,75116,48.862566,2.230802,2,1,5,2,1,4,1,3,1,1,,-1,1,0,5,4,1,19,5,1,2,0,2,7,1,202200018733B01,1,13 / 1,2,200054781
202200018734,2022-05-28,2022,mai,samedi,18:00,75,75120,48.8737070398,2.3895405406,2,4,6,1,1,4,2,3,1,2,,-1,1,0,1,1,1,19,9,1,2,0,1,1,1,202200018734A01,,,,200054781
202200018744,2022-07-27,2022,juillet,mercredi,10:30,75,75113,48.830345,2.345885,2,2,7,1,1,4,1,4,2,1,,-1,1,0,5,4,2,30,5,2,,0,0,0,1,202200018744A01,,,,200054781
202200018746,2022-07-26,2022,juillet,mardi,23:02,75,75112,48.836622,2.393176,2,2,3,5,1,4,1,1,1,1,,-1,1,0,1,3,1,19,9,2,,0,2,1,1,202200018746B01,37,1,1,200054781
202200018751,2022-07-27,2022,juillet,mercredi,19:00,75,75111,48.863223,2.376061,2,1,3,1,1,4,2,2,1,1,,-1,1,0,1,4,1,68,5,1,2,0,2,1,1,202200018751B01,10,22,1,200054781
202200018752,2022-05-26,2022,mai,jeudi,10:00,75,75117,48.8837876495,2.2968123387,2,1,2,1,2,4,2,3,1,1,,-1,2,0,1,4,2,27,5,1,2,0,2,4,2,202200018752B01,7,2,1,200054781
202200018756,2022-07-27,2022,juillet,mercredi,18:20,75,75101,48.865936,2.327891,2,2,2,1,1,4,1,1,1,1,,-1,1,0,1,4,1,61,9,2,,1,0,7,1,202200018756B01,7,22,1,200054781
202200018760,2022-07-27,2022,juillet,mercredi,11:00,75,75104,48.855472,2.360103,2,3,7,1,1,4,2,2,1,1,,-1,1,0,5,4,1,79,5,1,2,0,0,0,1,202200018760A01,,,,200054781
202200018767,2022-05-26,2022,mai,jeudi,17:08,75,75114,48.832505,2.318309,2,1,6,1,1,4,2,2,1,1,,-1,1,-1,5,1,1,21,5,1,2,0,1,1,1,202200018767A01,,,,200054781
202200018776,2022-01-28,2022,janvier,vendredi,16:00,80,80725,49.87049,2.24257,2,1,6,1,1,3,2,3,1,1,,-1,1,0,1,1,1,62,0,1,2,0,2,1,1,202200018776C01,7,15,1,248000531
202200018776,2022-01-28,2022,janvier,vendredi,16:00,80,80725,49.87049,2.24257,2,1,6,1,1,3,2,3,1,1,,-1,1,0,1,4,2,58,0,1,2,0,2,1,1,202200018776B01,7,15,1,248000531
202200018780,2022-05-27,2022,mai,vendredi,19:50,75,75112,48.8459929132,2.3750001309,2,1,3,1,1,4,1,2,1,1,,-1,1,-1,5,4,2,21,5,1,2,0,2,1,1,202200018780B01,7,22,1,200054781
202200018786,2022-05-28,2022,mai,samedi,20:25,75,75110,48.878213,2.355559,2,2,2,1,1,4,2,3,2,1,,-1,1,0,1,4,1,41,9,1,2,0,2,4,17,202200018786A01,30,1,1,200054781
202200018791,2022-05-26,2022,mai,jeudi,13:45,75,75110,48.8793150301,2.3570858375,2,2,3,1,1,4,2,2,1,1,,-1,1,0,1,4,1,27,9,1,2,0,2,0,18,202200018791B01,7,1,1,200054781
202200018797,2022-05-28,2022,mai,samedi,18:00,75,75108,48.86907566,2.3103194052,2,7,3,1,1,4,1,3,1,1,,-1,1,0,1,4,1,18,5,1,2,0,2,1,19,202200018797A01,7,1,1,200054781
202200018804,2022-05-26,2022,mai,jeudi,04:00,75,75107,48.862907,2.317506,2,1,7,5,1,4,2,4,1,1,,-1,1,-1,5,4,2,23,5,1,2,0,0,0,1,202200018804A01,,,,200054781
202200018806,2022-05-25,2022,mai,mercredi,13:15,75,75103,48.8578140625,2.3604411632,2,1,6,1,1,4,1,1,1,1,,-1,1,0,1,4,2,27,3,1,2,0,2,3,18,202200018806A01,15,14,1,200054781
202200018818,2022-07-27,2022,juillet,mercredi,08:50,84,84027,44.096901,4.730526,1,6,3,1,1,3,1,2,1,2,,-1,1,0,1,4,1,75,5,1,2,0,2,7,21,202200018818B01,10,9,1,248400236
202200018827,2022-07-27,2022,juillet,mercredi,07:50,56,56094,47.759356,-3.28311,1,6,3,1,1,3,1,2,1,3,,-1,1,5,1,4,1,43,1,1,2,0,2,7,1,202200018827B01,7,9,1,245600440
202200018828,2022-07-27,2022,juillet,mercredi,20:20,67,67544,49.04462,7.953286,1,1,3,1,1,3,2,2,4,1,,-1,1,9,1,3,1,27,5,1,2,0,2,1,1,202200018828B01,7,10,1,246700926
202200018858,2022-07-27,2022,juillet,mercredi,19:00,15,15163,44.840739,2.390272,1,3,1,1,7,3,2,2,1,1,,-1,1,0,1,3,1,37,5,1,2,0,2,3,1,202200018858B01,7,15,1,200066678
202200018869,2022-07-10,2022,juillet,dimanche,21:28,45,45069,48.057578,2.292264,2,6,3,1,1,3,2,2,1,1,,-1,1,0,1,4,2,16,5,2,,0,0,7,1,202200018869B01,7,2,1,200071850
202200018889,2022-07-28,2022,juillet,jeudi,17:15,30,30221,44.03587,4.76394,1,3,3,1,1,3,2,2,2,1,,4,1,0,1,2,2,24,1,2,,0,2,8,9,202200018889A01,7,1,1,248400251
202200018910,2022-06-17,2022,juin,vendredi,13:45,44,44035,47.27445,-1.54761,2,3,1,1,1,1,1,1,1,1,,10.5,1,0,1,3,2,49,9,2,,0,2,1,19,202200018910A01,7,1,1,244400404
202200018960,2022-03-12,2022,mars,samedi,19:30,973,97361,5.741153,-53.921134,2,1,6,3,1,3,2,2,1,1,,-1,1,0,1,2,1,44,5,2,,0,0,1,0,202200018960B01,7,1,1,249730037
202200018985,2022-03-12,2022,mars,samedi,12:15,01,01060,46.056189,5.593226,1,1,2,1,6,3,2,2,1,1,,-1,1,0,1,3,1,57,5,1,2,1,0,1,2,202200018985A01,15,23,1,200042935
202200019012,2022-04-29,2022,avril,vendredi,09:30,70,70134,47.625734,6.073852,1,1,7,1,1,3,2,2,2,1,,-1,1,0,1,2,1,60,5,2,,0,0,0,2,202200019012A01,,,,247000011
202200019016,2022-04-28,2022,avril,jeudi,16:30,16,16223,45.668521,0.504569,2,1,7,1,1,3,2,2,4,4,,7,1,0,1,3,1,70,5,1,2,0,2,1,1,202200019016A01,,,,200068914
202200019038,2022-12-16,2022,décembre,vendredi,19:25,75,75108,48.871084,2.303528,2,3,3,5,1,4,2,3,2,1,,-1,1,0,5,3,1,52,9,1,2,0,2,1,1,202200019038B01,30,16,1,200054781
202200019041,2022-12-20,2022,décembre,mardi,10:30,75,75105,48.845149,2.339632,2,1,7,1,2,4,2,4,1,1,,-1,2,0,5,4,1,30,9,2,,0,0,0,1,202200019041A01,,,,200054781
202200019056,2022-04-02,2022,avril,samedi,14:30,60,60555,49.642177533,2.3461773097,1,2,3,1,1,3,2,2,1,1,,-1,1,5,5,3,1,55,0,1,2,0,2,1,1,202200019056B01,10,19,1,200068005
202200019073,2022-11-05,2022,novembre,samedi,02:35,75,75110,48.871901,2.36011,2,1,3,5,1,4,2,6,2,2,,-1,1,0,5,4,1,37,9,2,,0,2,4,1,202200019073A01,80,11,1,200054781
202200019075,2022-05-16,2022,mai,lundi,17:35,35,35195,48.3059610293,-1.6759776324,2,3,3,1,1,4,2,2,1,1,,5,1,0,3,4,1,13,5,1,2,0,2,1,1,202200019075B01,7,1,1,243500667
202200019078,2022-12-21,2022,décembre,mercredi,07:20,75,75109,48.880405,2.34045,2,5,3,5,8,4,1,1,1,1,,-1,2,0,1,4,1,69,5,2,,0,2,1,1,202200019078B01,14,15,1,200054781
202200019093,2022-12-20,2022,décembre,mardi,19:50,75,75114,48.834713,2.331244,2,7,2,5,2,4,-1,-1,1,1,,-1,2,0,1,4,2,30,1,1,2 / 4,0,2,4,1,202200019093A01,7,16,1,200054781
202200019102,2022-12-20,2022,décembre,mardi,08:55,75,75101,48.867947,2.324584,2,2,3,1,1,4,1,2,1,1,,-1,1,0,1,4,2,28,9,1,2,1,0,1,1,202200019102B01,7,22,1,200054781
202200019131,2022-12-20,2022,décembre,mardi,17:10,93,93066,48.935779,2.367929,2,6,3,5,2,4,2,2,1,3,,-1,2,0,1,4,1,32,0,2,,0,2,5,1,202200019131B01,7,9,1,200054781
202200019141,2022-12-21,2022,décembre,mercredi,10:10,93,93048,48.8603163156,2.4434146285,2,1,1,1,1,4,2,2,1,1,,-1,1,0,1,4,1,14,0,2,,1,0,1,1,202200019141B01,10,20,1,200054781
202200019246,2022-09-06,2022,septembre,mardi,09:05,75,75114,48.839455,2.330515,2,4,3,1,1,4,3,2,1,1,,-1,1,-1,6,4,1,46,1,1,2,0,2,1,7,202200019246B01,10,15,1,200054781
202200019262,2022-12-19,2022,décembre,lundi,20:40,80,80284,49.723168,3.032337,1,1,6,3,8,3,2,2,1,1,,-1,1,0,1,2,1,47,5,2,,0,2,0,0,202200019262A01,0,0,1,200070985
202200019264,2022-03-11,2022,mars,vendredi,12:45,75,75115,48.843815,2.281944,2,2,3,1,2,4,2,2,1,1,,-1,2,0,1,4,1,47,9,2,,0,2,3,1,202200019264B01,7,15,1,200054781
202200019265,2022-09-06,2022,septembre,mardi,22:50,75,75111,48.865271,2.374532,2,2,3,5,1,4,2,2,1,1,,-1,1,0,1,4,1,31,1,1,2,0,2,1,17,202200019265B01,7,13,1,200054781
202200019269,2022-09-06,2022,septembre,mardi,15:00,75,75111,48.865999,2.370725,2,2,3,1,1,4,2,4,1,1,,-1,1,0,1,4,2,26,9,1,2,0,2,0,1,202200019269B01,7,1,1,200054781
202200019271,2022-09-06,2022,septembre,mardi,20:15,75,75110,48.87262,2.355002,2,1,3,2,1,4,2,2,1,1,,-1,1,0,1,4,2,45,5,1,2,0,2,8,1,202200019271A01,7,17,1,200054781
202200019274,2022-09-06,2022,septembre,mardi,11:00,75,75108,48.874864,2.319898,2,7,3,1,1,4,2,3,1,3,,-1,1,-1,5,4,1,30,9,1,2,0,2,3,1,202200019274A01,7,1,1,200054781
202200019276,2022-09-05,2022,septembre,lundi,13:45,75,75101,48.85911,2.346433,2,2,6,1,1,4,2,3,1,1,,-1,1,0,5,1,1,59,4,2,,0,1,1,1,202200019276A01,,,,200054781
202200019277,2022-03-11,2022,mars,vendredi,11:15,75,75114,48.819814,2.341657,2,3,3,1,2,4,2,2,1,1,,-1,2,9,5,4,2,25,9,2,,0,2,3,1,202200019277B01,10,16,1,200054781
202200019288,2022-03-11,2022,mars,vendredi,17:15,75,75104,48.854806,2.36874,2,3,3,1,2,4,2,2,1,1,,-1,2,0,6,4,1,18,4,2,,0,2,0,7,202200019288A01,30,8,1,200054781
202200019296,2022-03-10,2022,mars,jeudi,08:35,75,75108,48.864215,2.301795,2,2,7,1,7,4,2,4,1,1,,-1,1,2,5,4,2,44,1,2,,0,0,0,1,202200019296A01,,,,200054781
202200019304,2022-09-06,2022,septembre,mardi,07:00,93,93066,48.9039435692,2.3643105139,2,1,3,1,8,4,2,2,1,1,,-1,1,0,1,4,2,22,1,1,1,0,2,3,15,202200019304B01,32,17,1,200054781
202200019326,2022-09-06,2022,septembre,mardi,19:00,92,92012,48.8391822176,2.2455668449,2,2,3,1,1,3,2,4,1,1,,-1,1,0,1,4,2,26,0,1,2,0,2,7,15,202200019326Y01,32,1,1,200054781
202200019375,2022-09-07,2022,septembre,mercredi,09:45,42,42311,45.48198,4.389853,2,4,1,1,7,7,2,2,1,1,,-1,1,5,1,4,1,33,5,1,2,0,2,1,1,202200019375B01,7,15,1,244200770
202200019380,2022-03-12,2022,mars,samedi,15:00,51,51564,49.099347,4.117424,2,1,7,1,1,3,2,2,4,1,,-1,1,0,4,3,1,44,5,1,2,7,0,0,14,202200019380A01,,,,245100615
202200019383,2022-03-12,2022,mars,samedi,19:00,67,67342,48.54915,7.316993,2,3,6,5,1,4,2,1,2,2,,3,1,0,1,4,1,18,5,2,,0,2,2,0,202200019383B01,7,0,1,246701064
202200019385,2022-03-12,2022,mars,samedi,14:30,80,80126,49.943374,1.643009,1,1,2,1,1,3,2,3,2,2,,-1,1,0,1,2,1,58,5,1,2,0,0,4,2,202200019385B01,33,2,1,200069722
202200019389,2022-09-07,2022,septembre,mercredi,17:20,01,01422,46.1385768622,5.305569317,1,1,3,1,8,3,2,2,1,1,,-1,1,0,1,2,1,15,1,1,2 / 4,0,2,8,19,202200019389B01,7,1,1,200071751
202200019395,2022-09-07,2022,septembre,mercredi,09:30,14,14570,49.0742931032,0.3249667883,1,1,7,1,1,3,2,1,2,1,,3,1,0,1,4,1,10,5,2,,0,0,0,1,202200019395A01,,,,200069532
202200019427,2022-09-06,2022,septembre,mardi,12:45,73,73304,45.432784,7.017339,1,1,2,1,1,3,2,2,2,3,,-1,1,0,1,3,1,48,5,1,2,0,2,4,2,202200019427A01,33,2,1,247300254
202200019429,2022-09-02,2022,septembre,vendredi,12:10,987,98714,-16.479732,-151.732221,1,1,3,1,1,2,2,2,1,3,,-1,1,0,1,4,2,34,5,2,,0,2,8,1,202200019429B01,7,17,1,
202200019435,2022-09-04,2022,septembre,dimanche,10:00,37,37171,47.4209419675,0.8918841183,2,1,3,1,1,3,2,2,1,1,,-1,1,0,1,3,1,86,5,1,2,1,0,7,21,202200019435B01,7,24,1,200043065
202200019478,2022-04-18,2022,avril,lundi,16:55,74,74209,46.134508,6.393405,1,6,3,1,1,3,2,2,1,2,,-1,1,5,1,4,1,27,5,1,2,0,2,7,1,202200019478B01,7,26,1,247400666
202200019479,2022-04-18,2022,avril,lundi,10:35,74,74052,46.074782,6.055924,1,1,3,1,1,3,2,1,2,1,,-1,1,0,1,4,1,55,5,1,2,0,2,8,1,202200019479B01,7,17,1,247400112
202200019537,2022-09-04,2022,septembre,dimanche,05:45,21,21231,47.322111,5.037867,2,2,3,5,1,4,-1,1,1,1,,-1,1,6,6,3,1,28,9,2,,0,2,4,1,202200019537B01,7,1,1,242100410
202200019563,2022-09-05,2022,septembre,lundi,09:20,75,75116,48.86364,2.239487,2,1,2,1,1,4,2,1,1,3,,-1,1,0,5,4,2,58,1,1,2,0,2,1,1,202200019563B01,80,1,1,200054781
202200019565,2022-09-04,2022,septembre,dimanche,09:50,75,75116,48.861881,2.230392,2,3,2,1,1,4,1,2,1,1,,-1,1,0,5,3,1,49,5,1,2,0,2,1,2,202200019565A01,1,2,1,200054781
202200019565,2022-09-04,2022,septembre,dimanche,09:50,75,75116,48.861881,2.230392,2,3,2,1,1,4,1,2,1,1,,-1,1,0,5,1,1,53,5,1,2,0,2,4,2,202200019565B01,1,2,1,200054781
202200019570,2022-09-05,2022,septembre,lundi,20:45,75,75108,48.871373,2.3026,2,4,6,5,8,4,1,6,1,1,,-1,2,0,5,1,1,31,9,2,,0,1,1,1,202200019570A01,,,,200054781
202200019581,2022-09-05,2022,septembre,lundi,15:25,94,94004,48.7449034581,2.511895448,2,2,3,1,1,2,2,4,1,1,,-1,1,0,1,4,2,17,0,2,,0,2,8,1,202200019581B01,7,9,1,200054781
202200019592,2022-04-23,2022,avril,samedi,12:30,19,19151,45.098041,1.521574,1,3,6,1,8,1,2,-1,1,1,,-1,1,3,1,4,1,49,5,1,2,0,2,1,1,202200019592B01,7,15,1,200043172
202200019617,2022-04-11,2022,avril,lundi,16:24,04,04076,43.947663,6.811298,2,1,6,1,1,3,2,2,2,2,,-1,1,0,1,3,1,31,5,1,2,6,0,1,1,202200019617A01,,,,200068625
202200019624,2022-06-12,2022,juin,dimanche,09:55,35,35116,48.5903567597,-1.8576610833,2,1,1,1,7,3,2,2,1,1,,-1,1,0,1,3,1,77,5,1,2,0,2,1,1,202200019624B01,7,26,1,243500782
202200019655,2022-04-22,2022,avril,vendredi,16:00,42,42165,45.787012,4.340989,2,3,3,1,1,3,2,2,2,3,,-1,1,0,1,3,1,67,5,1,2,0,2,1,15,202200019655A01,7,1,1,200065894
202200019663,2022-06-10,2022,juin,vendredi,10:00,88,88527,48.409619,6.586668,1,1,5,1,7,3,2,2,1,1,,-1,1,0,1,4,1,49,5,1,2 / 9,0,2,0,1,202200019663C01,7,17,1,200005957
202200019663,2022-06-10,2022,juin,vendredi,10:00,88,88527,48.409619,6.586668,1,1,5,1,7,3,2,2,1,1,,-1,1,0,1,4,1,50,5,1,2 / 9,0,2,1,1,202200019663B01,7,17,1,200005957
202200019687,2022-06-26,2022,juin,dimanche,11:00,62,62369,50.3334894711,2.8881477713,1,2,3,1,7,3,2,2,1,1,,-1,1,0,1,4,1,68,5,1,2,0,2,2,1,202200019687A01,7,19,1,200033579
202200019739,2022-04-15,2022,avril,vendredi,15:22,54,54329,48.59227,6.51003,2,6,3,1,1,3,2,2,1,1,,-1,1,5,1,3,1,77,0,1,2,0,2,1,1,202200019739B01,7,9,1,200070324
202200019784,2022-04-20,2022,avril,mercredi,18:40,75,75120,48.870445,2.387193,2,1,7,1,1,4,2,2,2,1,,-1,1,0,1,4,1,46,1,1,2,0,0,1,1,202200019784A01,,,,200054781
202200019791,2022-06-22,2022,juin,mercredi,14:25,71,71270,46.31661,4.82665,2,1,7,1,2,4,-1,0,2,3,,-1,2,0,4,4,1,17,5,2,,0,0,1,0,202200019791A01,,,,200070308
202200019797,2022-04-20,2022,avril,mercredi,00:00,75,75111,48.8486279275,2.3943630606,2,7,3,5,1,4,3,2,1,1,,-1,1,-1,5,4,2,26,9,1,2,0,2,8,19,202200019797B01,10,1,1,200054781
202200019800,2022-04-20,2022,avril,mercredi,10:30,75,75108,48.871855,2.308342,2,1,3,1,1,4,1,1,1,1,,-1,1,0,1,4,2,25,9,1,2,0,2,8,18,202200019800A01,13,14,1,200054781
202200019803,2022-04-20,2022,avril,mercredi,15:30,75,75107,48.856801,2.314902,2,1,6,1,1,4,1,1,1,1,,-1,1,0,1,1,1,32,4,1,2,0,1,7,1,202200019803A01,,,,200054781
202200019806,2022-04-19,2022,avril,mardi,12:30,75,75107,48.8584528818,2.3123726249,2,6,2,1,1,4,1,3,1,1,,-1,1,8,1,4,2,56,1,1,2,0,2,5,2,202200019806B01,7,2,1,200054781
202200019809,2022-04-19,2022,avril,mardi,08:10,75,75104,48.852107,2.365651,2,3,3,1,1,4,2,4,1,1,,-1,1,-1,6,4,2,25,2,1,2,0,2,8,7,202200019809A01,7,17,1,200054781
202200019810,2022-06-24,2022,juin,vendredi,18:50,54,54395,48.6856875923,6.1719265581,2,3,3,1,1,4,1,3,1,1,,-1,1,0,4,4,1,17,0,2,,0,2,1,25,202200019810A01,7,1,1,245400676
202200019864,2022-10-09,2022,octobre,dimanche,11:05,82,82064,43.806381,1.031213,2,1,7,1,1,3,-1,2,2,3,,-1,9,0,1,3,1,55,5,1,2,0,0,1,1,202200019864A01,,,,248200065
202200019890,2022-10-09,2022,octobre,dimanche,15:10,84,84133,43.730543,5.552157,1,4,2,1,1,3,3,2,3,1,,-1,1,0,1,3,1,72,5,2,,0,2,4,2,202200019890B01,7,2,1,248400285
202200019906,2022-04-22,2022,avril,vendredi,11:00,50,50619,49.610529,-1.373806,1,1,7,1,1,3,2,2,2,1,,-1,1,0,1,3,2,71,5,2,,0,0,0,1,202200019906A01,,,,200067205
202200019924,2022-04-21,2022,avril,jeudi,19:40,68,68292,47.880353,7.037536,2,4,1,1,1,4,2,2,2,4,,4,1,0,1,4,1,17,0,1,2,0,2,3,1,202200019924B01,21,1,1,246800205
202200019927,2022-04-21,2022,avril,jeudi,18:40,67,67021,48.408608,7.435362,1,1,7,1,1,4,2,1,4,4,,3,1,0,1,3,1,64,5,2,,0,0,0,1,202200019927A01,,,,200034270
202200019939,2022-04-22,2022,avril,vendredi,17:10,60,60575,49.303076,2.198081,1,1,2,1,1,3,-1,0,2,1,,0,1,0,1,2,1,65,5,1,2,0,2,4,1,202200019939B01,10,1,1,200067973
202200019941,2022-04-21,2022,avril,jeudi,15:45,59,59034,50.5398448239,3.0837796032,2,1,7,1,1,4,2,2,1,1,,-1,1,0,8,2,1,69,5,2,,0,0,0,1,202200019941A01,,,,200041960
202200019951,2022-06-24,2022,juin,vendredi,10:40,75,75119,48.886006,2.398167,2,2,3,1,1,4,2,3,4,2,,-1,1,0,5,4,2,43,9,2,,0,2,1,1,202200019951B01,7,15,1,200054781
202200019961,2022-04-19,2022,avril,mardi,09:55,974,97407,-20.9562,55.3123,1,1,1,1,1,4,1,4,1,1,,-1,1,0,1,3,1,73,0,2,,0,2,8,9,202200019961B01,7,1,1,249740101
202200019966,2022-06-24,2022,juin,vendredi,21:17,75,75111,48.857729,2.380342,2,5,7,1,1,4,2,2,1,1,,-1,1,0,5,4,1,55,9,1,2,0,0,0,1,202200019966A01,,,,200054781
202200019969,2022-06-24,2022,juin,vendredi,19:00,75,75110,48.876165,2.372134,2,3,2,1,1,4,1,2,1,1,,-1,1,0,1,4,1,37,1,1,2,0,2,4,11,202200019969B01,10,1,1,200054781
202200020009,2022-06-24,2022,juin,vendredi,06:55,93,93039,48.9389,2.33979,2,1,1,2,8,4,4,1,2,1,,-1,2,0,1,4,1,35,5,2,,0,0,0,0,202200020009B01,7,2,1,200054781
202200020060,2022-10-06,2022,octobre,jeudi,11:35,973,97302,4.9271295898,-52.3228141665,2,1,1,1,1,4,2,2,1,1,,-1,1,0,1,4,2,17,0,2,,0,2,0,0,202200020060B01,1,0,1,249730045
202200020060,2022-10-06,2022,octobre,jeudi,11:35,973,97302,4.9271295898,-52.3228141665,2,1,1,1,1,4,2,2,1,1,,-1,1,0,1,1,2,12,2,2,,0,2,0,0,202200020060Z01,1,0,1,249730045
202200020072,2022-10-06,2022,octobre,jeudi,16:35,91,91691,48.71709,2.48808,2,9,6,1,1,3,2,2,1,1,,-1,1,0,8,4,1,38,9,2,,0,1,1,26,202200020072A01,,,,200058477
202200020077,2022-10-05,2022,octobre,mercredi,10:32,86,86066,46.821037,0.5475,2,6,3,1,1,4,1,2,1,1,,-1,1,0,1,3,1,57,5,2,,0,2,7,1,202200020077B01,7,1,1,248600413