Num_Acc,date,an,mois,jour,hrmn,dep,com,lat,long,agg,int,col,lum,atm,catr,circ,nbv,prof,plan,lartpc,larrout,surf,infra,situ,grav,sexe,age,trajet,secuexist,equipement,obs,obsm,choc,manv,vehiculeid,typevehicules,manoeuvehicules,numVehicules,_infos_commune.code_epci
202200024334,2022-11-12,2022,novembre,samedi,04:35,11,11266,43.026141,3.010297,1,1,2,3,1,3,3,4,1,1,,-1,1,0,1,3,1,18,5,2,,0,2,8,2,202200024334B01,10,2,1,241100593
202200024356,2022-07-24,2022,juillet,dimanche,10:35,01,01375,46.283584,5.117951,2,1,7,1,1,4,2,2,4,1,,4,1,0,1,3,1,65,5,1,2 / 9,0,0,0,1,202200024356A01,,,,200071751
202200024378,2022-07-25,2022,juillet,lundi,19:05,06,06018,43.625034,7.101096,2,9,2,1,1,3,2,2,1,2,,4,1,0,1,3,1,27,5,1,2,0,0,3,21,202200024378B01,7,15,1,240600585
202200024382,2022-05-24,2022,mai,mardi,12:50,42,42092,45.500113,4.38524,1,1,7,1,1,7,2,2,2,1,,5.5,1,0,3,3,1,52,5,1,2,0,0,1,1,202200024382A01,,,,244200770
202200024389,2022-05-20,2022,mai,vendredi,12:45,34,34173,43.732689,3.492429,1,1,1,1,1,3,2,1,2,3,,-1,1,0,1,3,1,45,5,1,2,0,2,8,1,202200024389A01,10,1,1,243400694
202200024401,2022-11-07,2022,novembre,lundi,16:18,75,75106,48.856056,2.340462,2,2,3,1,8,4,1,1,1,1,,-1,1,0,1,4,2,18,5,2,,0,2,3,18,202200024401B01,7,1,1,200054781
202200024410,2022-07-25,2022,juillet,lundi,10:30,67,67458,48.827125,7.755173,2,3,2,1,1,4,2,1,1,1,,3.5,1,0,1,1,1,61,5,2,,0,2,8,15,202200024410B01,7,15,1,200067874
202200024410,2022-07-25,2022,juillet,lundi,10:30,67,67458,48.827125,7.755173,2,3,2,1,1,4,2,1,1,1,,3.5,1,0,1,4,2,2,5,1,2 / 3,0,2,8,15,202200024410B01,7,15,1,200067874
202200024411,2022-11-11,2022,novembre,vendredi,17:15,75,75119,48.888466,2.373891,2,2,5,2,1,4,4,3,1,1,,-1,1,0,1,4,1,35,5,2,,0,2,0,1,202200024411C01,7,19 / 1,2,200054781
202200024414,2022-05-18,2022,mai,mercredi,12:45,29,29169,48.099636,-4.104091,1,1,7,1,1,4,2,2,2,1,,-1,1,0,1,2,1,69,5,1,2,0,0,0,1,202200024414A01,,,,200068120
202200024425,2022-05-22,2022,mai,dimanche,10:10,38,38126,45.225556,5.764936,2,1,6,1,1,7,2,2,2,2,,-1,1,0,1,1,1,31,5,1,2,0,1,1,1,202200024425A01,,,,200040715
202200024477,2022-05-22,2022,mai,dimanche,11:35,73,73129,45.596354,6.241586,1,1,7,1,1,3,2,2,2,1,,-1,1,0,1,3,2,65,5,2,,0,0,9,1,202200024477A01,,,,200068997
202200024509,2022-05-24,2022,mai,mardi,09:45,04,04124,43.735879,6.07928,1,1,7,1,1,4,2,2,2,1,,-1,1,0,1,3,1,64,5,1,2,0,0,8,1,202200024509A01,,,,200034700
202200024551,2022-07-23,2022,juillet,samedi,02:10,75,75115,48.842298,2.310568,2,3,1,5,1,4,2,0,1,1,,-1,2,-1,5,1,1,19,5,1,2,0,2,1,11,202200024551B01,1,1,1,200054781
202200024551,2022-07-23,2022,juillet,samedi,02:10,75,75115,48.842298,2.310568,2,3,1,5,1,4,2,0,1,1,,-1,2,-1,5,4,1,51,5,1,2,0,2,1,1,202200024551A01,1,11,1,200054781
202200024557,2022-05-23,2022,mai,lundi,13:00,38,38547,45.238418,5.888369,2,1,3,1,1,3,2,2,1,1,,-1,1,6,1,3,2,60,5,1,2,0,0,8,2,202200024557B01,15,17,1,200018166
202200024584,2022-07-23,2022,juillet,samedi,12:30,92,92077,48.8235176513,2.1964971721,2,1,2,1,1,4,2,2,2,1,,-1,1,0,1,4,1,27,5,1,2,0,2,1,1,202200024584A01,7,1,1,200054781
202200024602,2022-12-15,2022,décembre,jeudi,07:15,974,97407,-20.94781,55.29928,2,1,3,1,1,2,1,1,1,3,,-1,1,0,1,4,2,21,2,2,,0,2,2,19,202200024602B01,37,1,1,249740101
202200024604,2022-05-23,2022,mai,lundi,20:10,34,34162,43.478642,3.51864,1,1,3,2,1,3,2,2,2,1,,-1,1,0,1,3,1,45,5,2,,0,2,3,0,202200024604B01,7,17,1,243400819
202200024611,2022-07-23,2022,juillet,samedi,12:10,51,51572,49.017712,4.618061,1,2,3,1,1,3,2,2,1,1,,-1,1,0,1,4,1,48,5,2,,0,2,1,1,202200024611B01,7,19,1,200042620
202200024619,2022-05-23,2022,mai,lundi,14:00,04,04148,43.79729,6.628897,1,1,3,1,1,3,2,2,1,1,,-1,1,0,1,3,1,54,5,1,2,0,2,3,15,202200024619B01,10,17,1,200068625
202200024639,2022-07-24,2022,juillet,dimanche,09:20,29,29037,47.89813085,-4.18558824,1,2,3,1,1,3,2,2,1,1,,-1,1,5,1,4,1,72,5,1,2,0,2,8,1,202200024639B01,7,19,1,242900702
202200024643,2022-05-21,2022,mai,samedi,18:15,69,69219,45.6356966642,4.685838384,1,1,3,1,1,4,2,2,2,3,,5,1,0,1,3,1,15,5,1,2,0,2,1,1,202200024643B01,10,1,1,246900740
202200024651,2022-07-21,2022,juillet,jeudi,09:50,01,01447,46.166873,5.400939,1,3,2,1,1,3,2,2,3,1,,-1,1,5,1,4,1,20,5,1,2,0,2,4,24,202200024651B01,7,1,1,200071751
202200024671,2022-05-11,2022,mai,mercredi,19:39,60,60107,49.3604390663,2.4227659106,2,6,3,1,1,3,2,2,1,1,,7,1,0,1,4,1,67,9,2,,0,2,1,2,202200024671B01,7,2,1,246000376
202200024675,2022-07-24,2022,juillet,dimanche,11:50,18,18108,46.958217,2.920719,1,1,1,1,1,3,2,2,2,3,,-1,1,0,1,3,1,41,5,1,2,0,2,1,1,202200024675B01,7,13,1,200011781
202200024681,2022-12-15,2022,décembre,jeudi,12:20,69,69266,45.77189,4.87001,2,6,3,1,2,4,2,2,1,3,,-1,2,5,1,3,1,17,2,2,,0,2,7,15,202200024681B01,7,9,1,200046977
202200024683,2022-05-22,2022,mai,dimanche,12:00,974,97411,-20.89035,55.4657,2,3,3,1,1,2,3,6,1,1,,-1,1,0,1,4,1,46,0,2,,0,2,1,1,202200024683B01,7,15,1,249740119
202200024712,2022-07-23,2022,juillet,samedi,10:00,27,27565,48.899491,0.851923,1,1,3,1,1,3,2,2,1,1,,-1,1,0,1,4,1,74,5,1,2,0,2,8,1,202200024712A01,7,2,1,200066462
202200024730,2022-05-03,2022,mai,mardi,15:45,85,85191,46.65056,-1.43727,2,6,3,1,1,4,2,1,1,1,,-1,1,5,5,2,1,75,5,2,,0,2,8,0,202200024730A01,7,9,1,248500589
202200024802,2022-05-23,2022,mai,lundi,16:30,54,54395,48.683545,6.181192,2,3,3,1,1,4,1,2,1,1,,-1,1,0,1,4,2,48,0,1,2,0,2,1,2,202200024802B01,10,23,1,245400676
202200024803,2022-07-24,2022,juillet,dimanche,10:10,35,35107,48.255491,-1.531101,1,1,4,1,1,3,2,2,1,1,,-1,1,0,1,1,1,65,5,1,2 / 4,0,2,0,0,202200024803E01,1,1 / 2,4,243500774
202200024803,2022-07-24,2022,juillet,dimanche,10:10,35,35107,48.255491,-1.531101,1,1,4,1,1,3,2,2,1,1,,-1,1,0,1,4,1,43,5,1,2 / 4,0,2,0,1,202200024803D01,1,0 / 1 / 2,4,243500774
202200024803,2022-07-24,2022,juillet,dimanche,10:10,35,35107,48.255491,-1.531101,1,1,4,1,1,3,2,2,1,1,,-1,1,0,1,4,1,68,5,1,2 / 4,0,2,0,1,202200024803C01,1,0 / 1 / 2,4,243500774
202200024803,2022-07-24,2022,juillet,dimanche,10:10,35,35107,48.255491,-1.531101,1,1,4,1,1,3,2,2,1,1,,-1,1,0,1,3,1,62,5,1,2 / 4,0,2,0,1,202200024803B01,1,0 / 1 / 2,4,243500774
202200024803,2022-07-24,2022,juillet,dimanche,10:10,35,35107,48.255491,-1.531101,1,1,4,1,1,3,2,2,1,1,,-1,1,0,1,1,1,62,5,1,2 / 4,0,2,0,2,202200024803A01,1,0 / 1,4,243500774
202200024804,2022-12-15,2022,décembre,jeudi,08:10,75,75118,48.885545,2.365801,2,2,3,1,8,4,2,1,1,1,,-1,1,0,5,1,2,52,1,2,,0,2,3,1,202200024804B01,7,13,1,200054781
202200024832,2022-12-13,2022,décembre,mardi,18:50,75,75112,48.840456,2.39202,2,3,3,5,1,4,2,4,3,1,,-1,1,0,5,4,1,45,9,2,,0,2,1,1,202200024832A01,7,22,1,200054781
202200024838,2022-12-14,2022,décembre,mercredi,22:55,75,75103,48.868363,2.359513,2,1,3,5,1,4,1,2,1,1,,-1,1,0,5,4,1,15,5,2,,0,2,4,10,202200024838B01,7,1,1,200054781
202200024841,2022-12-15,2022,décembre,jeudi,14:48,75,75101,48.863752,2.33209,2,7,6,1,1,4,1,3,1,1,,-1,1,0,5,4,2,28,5,2,,12,0,1,13,202200024841A01,,,,200054781
202200024842,2022-05-23,2022,mai,lundi,07:30,33,33063,44.83724,-0.55603,2,1,1,1,8,4,2,2,1,1,,-1,1,0,1,4,1,45,1,2,,0,2,1,1,202200024842B01,7,17,1,243300316
202200024866,2022-07-22,2022,juillet,vendredi,08:55,974,97409,-20.93234,55.64602,2,6,3,1,1,3,2,2,1,1,,-1,1,0,1,4,1,61,5,2,,0,2,1,9,202200024866A01,7,26,1,249740093
202200024882,2022-12-13,2022,décembre,mardi,13:15,85,85109,46.86254,-1.0068523,2,1,6,1,1,4,2,2,1,1,,4,1,8,1,3,1,68,5,1,2,13,0,1,1,202200024882A01,,,,248500621
202200024967,2022-03-07,2022,mars,lundi,22:45,75,75102,48.8701448938,2.3427204788,2,4,3,5,1,4,2,3,1,3,,-1,1,-1,5,4,1,31,4,1,2,0,2,3,1,202200024967B01,7,15,1,200054781
202200024976,2022-03-08,2022,mars,mardi,17:41,92,92063,48.8900314759,2.174329251,2,9,3,1,1,4,-1,0,1,1,,-1,1,9,4,4,1,11,5,2,,0,0,0,0,202200024976B01,7,25,1,200054781
202200024988,2022-03-05,2022,mars,samedi,15:30,68,68253,47.786511,7.5065,2,3,7,1,1,3,2,1,1,1,,3.5,1,0,1,3,2,79,5,1,2,0,0,1,1,202200024988B01,7,15,1,200066009
202200024988,2022-03-05,2022,mars,samedi,15:30,68,68253,47.786511,7.5065,2,3,7,1,1,3,2,1,1,1,,3.5,1,0,1,3,1,81,5,1,2,0,0,1,1,202200024988C01,7,15,1,200066009
202200025002,2022-02-27,2022,février,dimanche,16:00,31,31405,42.974001,0.646906,1,2,3,1,1,2,2,3,1,1,,-1,1,5,1,3,1,72,5,1,2,0,2,3,15,202200025002B01,7,19,1,200072635
202200025021,2022-03-08,2022,mars,mardi,12:45,59,59268,50.6409455043,2.7222380117,2,4,3,1,1,4,2,1,2,1,,3,1,0,8,3,2,22,1,2,,0,2,1,1,202200025021B01,7,1,1,245900758
202200025046,2022-03-07,2022,mars,lundi,14:10,974,97409,-20.97452,55.64623,2,1,2,1,1,4,2,2,1,1,,-1,1,0,1,4,1,55,5,2,,0,2,1,17,202200025046B01,7,4,1,249740093
202200025109,2022-03-07,2022,mars,lundi,19:05,75,75120,48.8649641385,2.3955479264,2,2,3,5,1,4,2,2,2,1,,-1,1,-1,5,4,1,34,9,1,2,0,2,1,1,202200025109B01,34,16,1,200054781
202200025116,2022-03-06,2022,mars,dimanche,04:50,75,75102,48.871038,2.334582,2,4,3,5,1,4,2,4,1,1,,-1,1,0,1,4,1,27,9,1,2,0,2,0,1,202200025116B01,30,14,1,200054781
202200025149,2022-09-03,2022,septembre,samedi,15:35,76,76711,50.0598579563,1.3772138566,2,1,2,1,1,3,2,2,2,3,,-1,2,0,1,3,1,38,0,2,,0,2,1,1,202200025149B01,7,1,1,247600588
202200025183,2022-09-02,2022,septembre,vendredi,22:34,66,66180,42.772053,3.01712,1,1,1,3,1,3,2,2,1,1,,-1,1,0,1,2,1,14,5,2,,0,2,8,5,202200025183B01,7,5,1,200027183
202200025197,2022-09-03,2022,septembre,samedi,12:11,59,59096,50.555236,3.245398,1,1,3,1,1,3,2,2,1,1,,-1,1,0,1,4,1,56,5,1,2,0,2,1,1,202200025197B01,7,15,1,200041960
202200025243,2022-09-01,2022,septembre,jeudi,20:04,54,54323,49.524258,5.764515,2,3,3,5,1,3,2,2,1,1,,-1,1,0,1,4,1,30,5,1,2,0,2,1,1,202200025243B01,7,15,1,245400262
202200025271,2022-08-31,2022,août,mercredi,08:49,10,10387,48.30554,4.06231,2,1,6,1,1,4,2,2,1,1,,-1,1,0,1,1,1,37,0,2,,0,1,1,26,202200025271A01,,,,200069250
202200025272,2022-08-29,2022,août,lundi,14:00,03,03095,46.13533,3.43317,2,6,6,1,1,4,1,2,1,2,,-1,1,5,1,3,2,58,1,1,2,0,2,7,1,202200025272B01,7,9,1,200071363
202200025287,2022-09-01,2022,septembre,jeudi,09:35,75,75109,48.876058,2.337138,2,2,7,1,1,4,1,3,1,1,,-1,1,0,1,1,2,38,1,1,2,0,0,0,1,202200025287B01,32,21,1,200054781
202200025303,2022-04-16,2022,avril,samedi,11:45,92,92072,48.8259859856,2.2271650135,2,1,6,1,1,3,2,1,1,1,,-1,1,0,6,4,1,71,5,1,2,11,0,1,11,202200025303A01,,,,200054781
202200025317,2022-04-18,2022,avril,lundi,13:30,83,83043,43.2572660938,6.4312005043,1,1,1,1,1,3,2,2,2,1,,-1,1,0,1,3,1,59,5,2,,0,9,1,0,202200025317B01,32,0,1,200027100
202200025319,2022-06-01,2022,juin,mercredi,15:30,90,90037,47.678276,6.863708,1,1,5,1,1,3,2,2,4,4,,-1,1,0,1,3,2,52,5,1,2,0,2,1,1,202200025319C01,7,21 / 17,2,200069052
202200025325,2022-03-26,2022,mars,samedi,16:30,45,45066,47.94726,2.544209,2,3,3,1,1,3,2,2,1,1,,-1,1,0,1,4,1,13,5,2,,0,2,1,15,202200025325A01,7,1,1,200067676
202200025328,2022-09-01,2022,septembre,jeudi,16:25,92,92012,48.8301703801,2.2326959967,2,9,3,1,1,3,3,3,1,1,,-1,1,0,1,4,1,17,0,2,,0,2,8,19,202200025328B01,7,1,1,200054781
202200025334,2022-06-16,2022,juin,jeudi,13:05,36,36088,46.9567312586,2.0016494393,2,1,3,1,1,4,-1,2,1,1,,-1,1,0,4,3,1,46,9,2,,1,2,1,25,202200025334B01,7,9,1,243600236
202200025384,2022-08-31,2022,août,mercredi,11:00,71,71119,46.919083,4.808616,1,1,7,1,1,4,2,1,1,1,,-1,1,0,1,2,1,70,5,1,2,0,0,9,1,202200025384A01,,,,200006682
202200025387,2022-04-17,2022,avril,dimanche,10:30,73,73300,45.667239,5.894873,1,1,1,1,1,9,-1,-1,1,1,,3,1,0,6,3,2,32,5,1,2,0,9,0,0,202200025387B01,60,10,1,200068674
202200025393,2022-04-17,2022,avril,dimanche,01:00,07,07319,44.559876,4.691677,1,1,3,5,1,3,2,2,1,2,,-1,1,0,1,4,1,61,5,1,2 / 4,0,0,7,1,202200025393B01,7,9,1,200071405
202200025396,2022-06-23,2022,juin,jeudi,10:13,52,52042,47.904142,5.240849,2,4,7,1,1,3,2,2,1,3,,-1,1,0,1,2,1,62,5,1,2,0,0,9,1,202200025396A01,,,,200072999
202200025415,2022-06-22,2022,juin,mercredi,08:15,64,64304,43.495507,-1.411808,1,1,2,1,1,3,2,2,1,1,,-1,9,8,1,3,1,53,5,1,2,0,2,1,1,202200025415A01,10,23,1,200067106
202200025419,2022-06-23,2022,juin,jeudi,11:00,35,35257,48.416434,-1.384948,2,6,3,1,1,4,2,2,2,2,,7,1,0,1,4,1,76,5,1,2,0,2,5,1,202200025419B01,7,1,1,200070688
202200025424,2022-04-17,2022,avril,dimanche,15:45,971,97117,16.314826,-61.346422,2,1,1,1,1,3,2,2,2,2,,-1,1,0,1,3,1,19,9,1,2,0,2,1,5,202200025424A01,7,1,1,200044691
202200025465,2022-04-19,2022,avril,mardi,11:41,63,63063,45.81703,3.110219,2,1,3,1,1,4,2,2,1,1,,-1,1,0,1,4,1,61,0,1,2,0,2,8,19,202200025465B01,7,1,1,246300701
202200025509,2022-06-20,2022,juin,lundi,11:30,73,73029,45.553788,5.935731,2,1,2,1,1,3,2,2,2,3,,-1,1,0,1,3,1,64,5,1,2 / 4,0,2,6,1,202200025509A01,7,0,1,200069110
202200025516,2022-06-21,2022,juin,mardi,05:55,69,69259,45.71514,4.89567,2,1,1,2,1,7,2,6,1,1,,-1,1,-1,5,1,-1,2022,-1,2,,0,2,1,0,202200025516A01,50,0,1,200046977
202200025555,2022-04-14,2022,avril,jeudi,08:50,44,44109,47.26231,-1.5834,2,1,3,1,7,4,3,4,1,1,,-1,1,0,1,3,2,42,0,1,2,0,2,0,0,202200025555B01,14,26,1,244400404
202200025602,2022-06-21,2022,juin,mardi,09:10,75,75105,48.839897,2.361765,2,4,2,1,1,4,2,4,1,1,,-1,1,0,1,4,1,39,1,1,2,0,2,1,17,202200025602B01,7,23,1,200054781
202200025606,2022-06-21,2022,juin,mardi,09:10,75,75118,48.893603,2.347995,2,4,3,1,1,4,2,4,1,1,,-1,1,0,1,4,2,30,1,2,,0,2,3,18,202200025606B01,14,1,1,200054781
202200025612,2022-04-15,2022,avril,vendredi,10:30,75,75116,48.8593801301,2.2293392525,2,1,6,1,1,4,2,3,1,1,,-1,1,-1,5,4,1,52,5,1,2,0,1,1,1,202200025612A01,,,,200054781
202200025617,2022-04-15,2022,avril,vendredi,08:30,75,75115,48.837234,2.296444,2,2,3,1,1,4,2,2,1,1,,-1,1,0,1,4,1,47,5,1,2,0,2,1,1,202200025617A01,7,15,1,200054781
202200025618,2022-06-20,2022,juin,lundi,19:10,75,75116,48.838399,2.256997,2,7,3,1,1,4,1,3,1,2,,-1,1,-1,5,4,1,52,1,1,2,0,2,2,1,202200025618A01,30,9,1,200054781
202200025619,2022-04-14,2022,avril,jeudi,12:20,75,75115,48.842463,2.311079,2,3,3,1,1,4,1,3,2,2,,-1,1,0,5,4,1,20,9,2,,0,2,2,1,202200025619B01,10,15,1,200054781
202200025632,2022-04-15,2022,avril,vendredi,18:09,75,75110,48.8807484489,2.3700677293,2,1,3,1,1,4,3,2,1,1,,-1,1,-1,5,4,2,59,1,1,2,0,2,8,1,202200025632B01,1,17,1,200054781
202200025632,2022-04-15,2022,avril,vendredi,18:09,75,75110,48.8807484489,2.3700677293,2,1,3,1,1,4,3,2,1,1,,-1,1,-1,5,1,1,34,5,1,2,0,2,7,17,202200025632A01,1,1,1,200054781
202200025634,2022-04-15,2022,avril,vendredi,11:12,75,75110,48.8778906745,2.3516564553,2,7,3,1,1,4,2,3,1,1,,-1,1,-1,5,4,1,31,5,1,2,0,2,1,1,202200025634B01,10,15,1,200054781
202200025638,2022-06-21,2022,juin,mardi,10:25,75,75107,48.855461,2.307073,2,3,6,1,1,4,2,2,1,1,,-1,1,0,1,4,1,41,9,2,,0,1,0,21,202200025638A01,,,,200054781
202200025710,2022-04-17,2022,avril,dimanche,16:08,54,54583,48.650498,5.981605,1,1,7,1,7,5,-1,2,1,1,,-1,1,0,6,2,1,63,5,2,,0,0,0,1,202200025710A01,,,,200070563
202200025747,2022-01-26,2022,janvier,mercredi,15:25,75,75115,48.83638,2.306465,2,7,3,1,1,4,4,1,1,1,,-1,1,0,1,4,1,61,9,2,,0,2,8,9,202200025747A01,37,1,1,200054781
202200025750,2022-01-27,2022,janvier,jeudi,15:25,75,75110,48.871618,2.349906,2,2,6,1,1,4,1,1,1,1,,-1,1,0,1,1,1,18,2,1,2,0,1,8,1,202200025750A01,,,,200054781
202200025751,2022-01-27,2022,janvier,jeudi,05:30,75,75108,48.882239,2.32174,2,3,3,5,1,4,3,2,1,1,,-1,1,0,1,4,1,23,9,1,2,0,2,1,9,202200025751A01,33,1,1,200054781
202200025765,2022-01-26,2022,janvier,mercredi,16:00,92,92036,48.9362948024,2.2600155026,2,1,3,1,1,3,2,2,1,1,,-1,1,0,1,4,2,38,0,1,2,0,2,4,19,202200025765A01,34,21,1,200054781
202200025795,2022-01-27,2022,janvier,jeudi,06:55,85,85146,46.982196,-1.305482,2,6,3,5,5,3,2,1,1,1,,-1,2,0,1,3,1,27,1,1,9,0,2,1,1,202200025795B01,10,9,1,200070233
202200025799,2022-01-27,2022,janvier,jeudi,16:20,30,30133,43.555049,4.146481,1,1,6,1,1,3,1,4,1,1,,-1,1,0,1,3,2,69,5,1,2,0,2,4,2,202200025799C01,7,2,1,243000650
202200025799,2022-01-27,2022,janvier,jeudi,16:20,30,30133,43.555049,4.146481,1,1,6,1,1,3,1,4,1,1,,-1,1,0,1,2,1,76,5,2,,0,2,4,2,202200025799B01,7,2,1,243000650
202200025809,2022-01-27,2022,janvier,jeudi,10:30,83,83016,43.1792091723,5.8250659704,1,1,2,1,1,3,2,2,2,2,,-1,1,0,1,4,1,59,5,1,2 / 6,0,0,4,2,202200025809B01,7,2,1,248300394
202200025811,2022-01-27,2022,janvier,jeudi,18:35,83,83104,43.6277775702,5.7654476166,1,1,5,3,1,3,2,2,1,3,,-1,1,0,1,2,1,60,1,1,2 / 4 / 9,0,2,8,1,202200025811C01,7,17 / 1,2,200040202
202200025819,2022-10-04,2022,octobre,mardi,15:45,75,75102,48.869683,2.352654,2,3,3,1,1,4,2,4,1,1,,-1,1,-1,5,4,1,60,1,2,,0,2,8,1,202200025819A01,30,1,1,200054781
202200025828,2022-01-27,2022,janvier,jeudi,17:28,60,60259,49.1996166392,2.2818128765,1,2,3,2,1,3,2,2,2,1,,-1,1,0,1,3,1,22,0,2,,0,2,1,1,202200025828B01,10,19,1,200067973
202200025849,2022-10-05,2022,octobre,mercredi,16:20,93,93070,48.9083796187,2.3442242156,2,1,3,1,1,3,2,2,1,1,,-1,1,0,1,4,1,40,0,2,,0,2,7,1,202200025849B01,7,24,1,200054781
202200025856,2022-10-05,2022,octobre,mercredi,09:07,93,93062,48.90135,2.51242,2,2,1,1,1,3,2,2,1,1,,-1,1,0,1,3,2,53,0,2,,0,2,1,1,202200025856B01,7,15,1,200054781
202200025903,2022-09-30,2022,septembre,vendredi,15:45,10,10363,48.183943,4.165235,1,1,3,1,1,3,2,2,1,1,,4,1,0,1,4,1,70,5,1,2,0,2,8,1,202200025903B01,10,17,1,200069250
202200025919,2022-10-05,2022,octobre,mercredi,16:30,83,83019,43.1346609816,6.3511329889,2,4,3,1,1,3,2,2,3,1,,-1,1,0,1,3,2,61,5,2,,0,2,8,1,202200025919B01,7,15,1,200027100
202200025920,2022-11-12,2022,novembre,samedi,10:00,50,50258,49.477264,-1.370437,1,1,3,1,7,3,3,2,2,1,,-1,1,0,1,2,1,76,5,2,,0,0,7,19,202200025920B01,7,19,1,200067205
202200025943,2022-10-06,2022,octobre,jeudi,11:50,71,71230,46.60345,4.055382,2,2,3,1,1,3,2,2,1,1,,-1,1,0,1,4,1,11,2,1,2,0,2,1,1,202200025943A01,10,1,1,200070316
202200025954,2022-01-26,2022,janvier,mercredi,00:17,75,75105,48.843795,2.352304,2,2,3,5,1,4,2,4,1,1,,-1,1,0,1,4,1,26,9,2,,0,2,8,15,202200025954A01,32,1,1,200054781
202200025997,2022-10-05,2022,octobre,mercredi,16:35,40,40178,43.868696,-0.453465,1,1,3,1,1,3,2,2,1,1,,-1,1,0,1,3,1,87,5,1,2,0,0,8,2,202200025997B01,15,17,1,244000808
202200026022,2022-11-09,2022,novembre,mercredi,18:15,69,69387,45.73527,4.839,2,4,1,4,2,4,2,2,1,1,,-1,2,0,1,4,1,26,1,2,,0,2,8,9,202200026022B01,7,1,1,200046977
202200026023,2022-10-06,2022,octobre,jeudi,09:30,84,84141,43.980626,4.906366,2,6,3,1,1,4,-1,1,1,2,,4,1,0,1,4,1,70,0,2,,0,2,7,1,202200026023B01,7,9,1,248400251
202200026025,2022-10-05,2022,octobre,mercredi,17:50,67,67285,48.395178,7.623546,2,4,3,1,1,3,2,2,1,3,,4,1,0,1,2,2,87,0,2,,0,2,1,9,202200026025B01,7,1,1,200067924
202200026031,2022-10-06,2022,octobre,jeudi,18:15,69,69153,45.8506805387,4.7952076793,1,1,5,1,1,7,2,2,2,1,,-1,1,9,1,2,1,50,5,1,2 / 9,0,2,1,13,202200026031C01,7,1,2,200046977
202200026061,2022-10-04,2022,octobre,mardi,07:45,974,97416,-21.298449,55.456807,1,1,3,1,1,4,2,2,4,1,,-1,1,0,1,4,1,16,2,1,2,1,2,1,17,202200026061B01,7,15,1,249740077
202200026071,2022-11-09,2022,novembre,mercredi,08:00,59,59098,50.76256,3.07803,1,1,3,1,1,7,2,2,1,1,,-1,1,0,1,4,1,20,1,2,,9,2,8,1,202200026071B01,7,17,1,200093201
202200026077,2022-11-08,2022,novembre,mardi,13:30,54,54395,48.7082795519,6.1793830991,2,3,1,1,1,4,2,2,1,1,,-1,1,2,1,4,1,30,0,1,2,0,2,1,1,202200026077A01,10,1,1,245400676
202200026091,2022-11-09,2022,novembre,mercredi,12:10,35,35238,48.12911,-1.69595,2,6,3,1,1,4,2,2,1,3,,-1,1,0,1,4,1,59,1,2,,0,2,1,0,202200026091B01,7,16,1,243500139
202200026127,2022-10-04,2022,octobre,mardi,06:50,60,60175,49.2655665343,2.4718408837,2,3,3,5,5,4,2,2,1,1,,-1,2,0,1,3,1,36,0,2,,0,2,0,0,202200026127B01,10,19,1,200068047
202200026129,2022-05-22,2022,mai,dimanche,17:15,14,14118,49.210288,-0.377844,2,3,3,1,1,3,2,3,2,1,,-1,1,0,1,3,1,21,0,2,,0,2,8,2,202200026129B01,7,2,1,200065597
202200026146,2022-11-10,2022,novembre,jeudi,18:00,75,75119,48.884987,2.383267,2,2,3,5,1,4,1,2,2,1,,-1,1,0,5,4,2,31,9,2,,0,2,8,1,202200026146B01,7,15,1,200054781
202200026150,2022-11-10,2022,novembre,jeudi,10:20,75,75119,48.884735,2.377657,2,3,3,1,1,4,-1,2,1,1,,-1,1,0,5,4,1,44,9,2,,0,2,1,1,202200026150B01,7,16,1,200054781
202200026160,2022-11-09,2022,novembre,mercredi,13:30,75,75116,48.872201,2.291312,2,1,3,1,1,4,2,2,1,1,,-1,1,0,1,4,1,25,4,2,,1,0,1,2,202200026160B01,7,22,1,200054781
202200026164,2022-11-10,2022,novembre,jeudi,09:00,75,75115,48.838621,2.313459,2,3,6,1,1,4,1,2,2,1,,-1,1,0,1,1,1,23,9,2,,0,1,1,1,202200026164A01,,,,200054781
202200026168,2022-11-10,2022,novembre,jeudi,19:00,75,75114,48.831551,2.31532,2,3,3,5,1,4,1,2,1,1,,-1,1,0,1,1,1,18,5,2,,0,2,6,15,202200026168A01,30,1,1,200054781
202200026172,2022-05-22,2022,mai,dimanche,07:37,06,06029,43.549,6.99008,2,1,6,1,1,4,2,2,1,1,,-1,1,0,1,2,1,85,5,1,2,0,2,4,1,202200026172B01,7,5,1,200039915
202200026173,2022-11-10,2022,novembre,jeudi,13:20,75,75112,48.851469,2.369196,2,2,3,1,1,4,1,2,1,1,,-1,1,0,1,4,1,32,9,2,,0,2,7,15,202200026173A01,33,1,1,200054781
202200026174,2022-11-10,2022,novembre,jeudi,08:35,75,75104,48.853884,2.36514,2,1,3,1,1,4,2,4,1,1,,-1,2,0,5,1,1,16,1,1,2,0,2,8,13,202200026174B01,1,17,1,200054781