Num_Acc,date,an,mois,jour,hrmn,dep,com,lat,long,agg,int,col,lum,atm,catr,circ,nbv,prof,plan,lartpc,larrout,surf,infra,situ,grav,sexe,age,trajet,secuexist,equipement,obs,obsm,choc,manv,vehiculeid,typevehicules,manoeuvehicules,numVehicules,_infos_commune.code_epci
202200026174,2022-11-10,2022,novembre,jeudi,08:35,75,75104,48.853884,2.36514,2,1,3,1,1,4,2,4,1,1,,-1,2,0,5,4,2,56,1,2,,0,2,7,17,202200026174A01,1,13,1,200054781
202200026181,2022-10-03,2022,octobre,lundi,16:15,34,34032,43.34496,3.23975,2,1,3,1,1,6,-1,-1,1,1,,-1,1,9,1,4,1,11,2,1,2,0,2,7,19,202200026181B01,7,1,1,243400769
202200026208,2022-05-23,2022,mai,lundi,08:35,75,75119,48.8801414293,2.3919745535,2,2,6,1,1,4,2,2,2,1,,-1,2,0,1,4,1,43,4,1,2,1,2,1,1,202200026208A01,10,22,1,200054781
202200026210,2022-10-04,2022,octobre,mardi,09:00,27,27229,49.0189,1.14691,2,1,3,1,1,4,2,2,2,1,,-1,1,0,1,3,1,73,5,2,,0,2,8,1,202200026210B01,7,17,1,200071454
202200026259,2022-11-11,2022,novembre,vendredi,09:45,81,81128,43.6423312053,2.3192591965,1,1,3,1,1,3,2,2,2,2,,-1,2,2,1,2,1,27,5,1,2,0,2,8,13,202200026259B01,10,1,1,200066561
202200026269,2022-10-04,2022,octobre,mardi,14:55,05,05061,44.5619,6.08347,2,1,2,1,1,2,2,5,1,1,,-1,1,0,5,4,1,69,5,1,2,0,2,4,1,202200026269B01,7,1,1,200067825
202200026271,2022-05-23,2022,mai,lundi,23:35,75,75111,48.8600728346,2.3725774884,2,4,6,5,2,4,3,3,1,1,,-1,2,-1,5,4,2,34,5,1,2,0,1,1,1,202200026271A01,,,,200054781
202200026275,2022-05-22,2022,mai,dimanche,14:10,75,75111,48.859439,2.38894,2,1,6,1,8,4,3,2,1,1,,-1,1,-1,5,1,1,31,9,1,2,0,1,1,1,202200026275A01,,,,200054781
202200026281,2022-05-23,2022,mai,lundi,08:20,75,75110,48.868616,2.359844,2,3,3,1,8,4,2,2,1,3,,-1,2,0,1,4,2,44,9,1,2,0,2,3,18,202200026281B01,7,16,1,200054781
202200026284,2022-11-11,2022,novembre,vendredi,11:40,15,15221,44.89033,2.375289,1,2,3,1,1,3,2,2,2,1,,-1,1,0,1,4,1,72,5,1,2,0,2,1,1,202200026284A01,7,9,1,241500230
202200026286,2022-05-23,2022,mai,lundi,17:05,75,75109,48.8757814213,2.3285154998,2,3,6,1,1,4,2,3,1,1,,-1,1,0,1,1,1,20,5,1,2,0,1,1,1,202200026286A01,,,,200054781
202200026286,2022-05-23,2022,mai,lundi,17:05,75,75109,48.8757814213,2.3285154998,2,3,6,1,1,4,2,3,1,1,,-1,1,0,1,1,2,20,5,1,2,0,1,1,1,202200026286A01,,,,200054781
202200026297,2022-05-21,2022,mai,samedi,22:15,75,75107,48.86245,2.301816,2,7,3,5,1,4,2,8,1,1,,-1,1,0,1,4,1,32,9,1,2,0,2,3,13,202200026297B01,30,1,1,200054781
202200026302,2022-05-23,2022,mai,lundi,07:50,75,75104,48.8600716582,2.3490746319,2,3,3,1,2,4,2,5,1,1,,-1,2,-1,5,4,2,32,1,1,2,0,2,1,1,202200026302B01,13,15,1,200054781
202200026320,2022-11-10,2022,novembre,jeudi,16:28,64,64131,43.46647,-0.750396,1,6,2,1,1,3,2,1,1,3,,-1,1,9,1,3,1,79,5,1,2 / 9,0,0,6,1,202200026320A01,7,9,1,200039204
202200026324,2022-11-11,2022,novembre,vendredi,06:45,60,60341,49.091861,2.743049,2,1,6,3,1,3,2,2,1,1,,4,1,0,1,3,1,24,-1,1,2 / 4,0,2,1,1,202200026324B01,7,5,1,246000871
202200026351,2022-05-23,2022,mai,lundi,08:55,92,92033,48.85366,2.1967,2,9,3,1,2,4,2,2,2,1,,-1,2,0,1,4,1,41,1,2,,1,0,0,1,202200026351B01,7,22,1,200054781
202200026354,2022-05-22,2022,mai,dimanche,12:00,92,92064,48.8414618222,2.2225632817,2,1,2,1,1,3,3,4,1,1,,-1,1,0,3,4,1,49,5,1,2 / 6,0,2,0,1,202200026354B01,7,2,1,200054781
202200026403,2022-07-22,2022,juillet,vendredi,11:00,26,26198,44.556948,4.748046,2,1,3,1,1,4,2,2,1,1,,-1,1,0,1,4,2,51,9,2,,0,2,4,1,202200026403B01,7,9,1,200040459
202200026435,2022-07-22,2022,juillet,vendredi,03:15,75,75105,48.849408,2.356766,2,2,3,5,1,4,2,0,1,1,,-1,1,0,1,4,1,23,5,2,,0,2,1,1,202200026435A01,7,1,1,200054781
202200026442,2022-07-22,2022,juillet,vendredi,09:30,75,75118,48.890245,2.359912,2,2,3,1,1,4,2,2,1,1,,-1,1,0,1,4,2,60,9,1,2,0,2,3,1,202200026442B01,33,1,1,200054781
202200026462,2022-07-21,2022,juillet,jeudi,14:58,75,75114,48.829125,2.306416,2,3,3,1,1,4,1,2,1,1,,-1,1,0,1,4,1,39,1,2,,0,2,7,19,202200026462A01,34,1,1,200054781
202200026470,2022-04-21,2022,avril,jeudi,14:15,974,97406,-21.141179,55.609328,2,1,1,1,1,4,2,2,2,3,,4,1,0,1,4,1,60,5,2,,0,2,1,13,202200026470A01,21,1,1,249740093
202200026471,2022-07-22,2022,juillet,vendredi,12:50,75,75111,48.868407,2.379546,2,3,3,1,2,4,1,1,2,1,,-1,2,0,1,4,2,34,5,1,2,0,2,7,1,202200026471A01,7,1,1,200054781
202200026482,2022-07-20,2022,juillet,mercredi,23:37,75,75107,48.858965,2.293385,2,3,2,5,1,4,1,4,1,1,,-1,1,-1,5,4,1,57,5,2,,0,2,0,1,202200026482B01,7,22,1,200054781
202200026489,2022-07-21,2022,juillet,jeudi,17:45,75,75102,48.867893,2.353464,2,3,3,1,1,4,2,5,1,1,,-1,1,-1,5,4,1,22,9,1,2,0,2,7,17,202200026489B01,1,21,1,200054781
202200026489,2022-07-21,2022,juillet,jeudi,17:45,75,75102,48.867893,2.353464,2,3,3,1,1,4,2,5,1,1,,-1,1,-1,5,4,2,20,5,1,2,0,2,8,21,202200026489A01,1,17,1,200054781
202200026514,2022-12-14,2022,décembre,mercredi,11:10,33,33063,44.8255655457,-0.598577857,2,1,3,1,8,4,-1,4,3,3,,-1,2,-1,1,4,1,19,2,2,,0,2,8,5,202200026514B01,37,7,1,243300316
202200026541,2022-12-14,2022,décembre,mercredi,17:40,75,75117,48.885394,2.297257,2,7,2,5,1,4,1,4,1,2,,-1,1,5,1,4,2,28,5,1,2 / 6,0,2,4,1,202200026541B01,7,14,1,200054781
202200026542,2022-07-17,2022,juillet,dimanche,12:24,01,01325,45.960973,5.149675,1,4,3,1,1,3,2,1,2,1,,3,1,0,1,3,1,61,5,2,,0,2,1,1,202200026542B01,7,1,1,240100883
202200026546,2022-12-13,2022,décembre,mardi,11:05,75,75114,48.832592,2.325009,2,2,3,1,1,4,2,5,1,1,,-1,1,0,1,4,2,16,2,2,,0,2,8,9,202200026546A01,32,1,1,200054781
202200026555,2022-12-13,2022,décembre,mardi,19:30,75,75107,48.862878,2.316901,2,1,2,5,1,4,2,1,1,1,,-1,1,0,5,4,1,23,1,1,2,0,2,4,2,202200026555A01,1,2,1,200054781
202200026572,2022-07-23,2022,juillet,samedi,10:40,54,54103,49.131417177,5.9156012516,2,3,1,1,1,3,2,2,2,4,,-1,1,0,1,3,1,49,5,1,2,0,2,1,1,202200026572B01,10,15,1,200070845
202200026682,2022-12-15,2022,décembre,jeudi,14:15,66,66145,42.626306,2.8104831,2,3,3,1,1,4,2,2,2,1,,4,1,0,1,3,1,54,5,2,,0,2,1,1,202200026682B01,7,15,1,200027183
202200026703,2022-07-23,2022,juillet,samedi,07:40,17,17337,45.975813,-1.352611,2,6,2,1,7,3,2,1,1,1,,4,1,9,1,3,1,78,3,1,2,0,2,4,9,202200026703B01,7,1,1,241700624
202200026719,2022-07-23,2022,juillet,samedi,02:15,74,74010,45.885251,6.109364,2,1,7,5,1,3,3,2,2,1,,-1,1,0,1,3,1,52,0,2,,0,0,0,0,202200026719A01,,,,200066793
202200026779,2022-12-13,2022,décembre,mardi,07:30,51,51454,49.23651,4.07134,2,1,3,5,1,3,-1,2,1,3,,-1,1,0,1,4,1,18,0,2,,0,2,1,1,202200026779B01,7,9,1,200067213
202200026790,2022-12-12,2022,décembre,lundi,18:05,35,35238,48.11355,-1.6751,2,2,3,5,1,4,1,1,2,1,,-1,1,0,1,4,1,17,2,2,,0,2,1,1,202200026790B01,7,19,1,243500139
202200026791,2022-06-16,2022,juin,jeudi,12:30,59,59219,50.252947,3.303956,1,1,3,1,7,3,2,2,1,1,,-1,1,0,1,3,1,74,5,1,2,0,2,8,2,202200026791B01,7,2,1,200068500
202200026860,2022-03-01,2022,mars,mardi,08:00,72,72373,48.059897,0.728531,2,2,3,1,1,3,2,2,1,1,,-1,2,5,1,4,1,51,1,1,2 / 6 / 9,0,2,1,1,202200026860B01,10,1,1,200072692
202200026861,2022-03-07,2022,mars,lundi,14:45,60,60188,49.389081,3.006274,2,1,6,1,1,3,2,2,1,1,,-1,1,0,1,3,1,74,5,1,2,1,0,1,0,202200026861B01,,,,246000749
202200026929,2022-03-06,2022,mars,dimanche,18:00,75,75114,48.8418762352,2.3226240277,2,3,6,1,1,4,2,1,1,1,,-1,1,0,1,1,1,30,4,1,2,0,1,1,18,202200026929A01,,,,200054781
202200026930,2022-03-06,2022,mars,dimanche,12:25,75,75114,48.829304,2.328158,2,1,3,1,1,4,2,4,1,1,,-1,1,-1,4,4,1,27,4,1,2,0,2,8,25,202200026930B01,7,22,1,200054781
202200026981,2022-02-23,2022,février,mercredi,10:00,83,83094,43.318828,6.544998,1,1,6,1,1,3,2,2,2,1,,-1,1,0,1,3,1,76,5,1,2,0,5,1,19,202200026981A01,,,,200036077
202200027055,2022-09-01,2022,septembre,jeudi,15:20,18,18008,46.973049,2.352405,1,1,3,1,1,3,2,2,1,1,,-1,1,0,1,3,1,68,5,1,2,0,2,8,1,202200027055B01,10,1,1,241800507
202200027058,2022-08-31,2022,août,mercredi,10:10,24,24259,44.933909,0.459301,1,2,3,1,1,3,2,2,1,1,,4,1,5,1,3,1,74,5,1,2 / 6,0,2,1,1,202200027058A01,7,19,1,200069094
202200027069,2022-09-01,2022,septembre,jeudi,09:00,34,34145,43.680132,4.14508,2,1,3,1,1,2,2,2,1,1,,5,1,6,1,3,2,13,2,2,,0,2,8,13,202200027069B01,7,1,1,243400520
202200027073,2022-09-01,2022,septembre,jeudi,09:10,26,26170,44.889635,4.968165,1,2,3,1,1,3,2,1,1,1,,3,1,0,1,3,1,66,5,1,2,0,2,7,1,202200027073B01,7,1,1,200068781
202200027146,2022-08-30,2022,août,mardi,17:45,75,75106,48.8437650355,2.324308455,2,7,3,1,1,4,2,4,1,3,,-1,1,-1,6,1,1,26,1,2,,0,2,1,15,202200027146B01,50,1,1,200054781
202200027153,2022-08-31,2022,août,mercredi,10:25,75,75115,48.836605,2.276252,2,1,6,1,1,4,1,1,1,1,,-1,1,0,1,4,2,51,9,1,2,0,2,0,1,202200027153A01,32,1,1,200054781
202200027154,2022-08-31,2022,août,mercredi,09:35,75,75112,48.823188,2.430561,2,1,6,1,1,4,2,3,1,1,,-1,1,8,5,1,1,49,1,1,2,0,1,1,1,202200027154A01,,,,200054781
202200027157,2022-08-27,2022,août,samedi,21:25,75,75107,48.859229,2.297725,2,3,7,1,1,4,2,1,1,1,,-1,1,0,1,4,1,15,5,2,,0,0,0,1,202200027157A01,,,,200054781
202200027158,2022-08-31,2022,août,mercredi,20:20,75,75101,48.863915,2.338193,2,3,7,2,1,4,1,1,1,1,,-1,1,0,1,4,1,46,5,2,,0,0,1,13,202200027158A01,,,,200054781
202200027171,2022-08-30,2022,août,mardi,13:45,93,93014,48.9077055862,2.5558064638,2,1,3,1,1,4,2,2,1,1,,-1,1,0,1,4,1,40,0,2,,0,0,0,0,202200027171Y01,7,0,1,200054781
202200027188,2022-04-15,2022,avril,vendredi,13:50,53,53005,48.170973,-0.792823,1,1,7,1,1,3,2,2,2,1,,-1,1,0,1,4,2,56,5,1,2,0,0,1,1,202200027188A01,,,,245300355
202200027198,2022-09-01,2022,septembre,jeudi,18:40,31,31547,43.505005,1.322082,2,1,1,1,1,3,-1,2,1,1,,-1,1,0,1,3,1,12,5,2,,0,2,8,25,202200027198A01,7,1,1,200068641
202200027203,2022-09-01,2022,septembre,jeudi,07:20,74,74213,45.919695,6.083599,1,6,3,1,1,3,1,1,1,3,,-1,1,0,1,3,1,73,5,1,2,0,2,1,19,202200027203B01,7,1,1,200066793
202200027226,2022-06-19,2022,juin,dimanche,08:40,74,74208,45.926628,6.682414,1,1,2,1,7,3,2,2,2,4,,-1,1,0,1,4,1,47,5,2,,0,0,4,2,202200027226B01,7,2,1,200034882
202200027237,2022-04-16,2022,avril,samedi,17:50,973,97305,4.912797,-52.371976,1,1,5,1,1,2,2,2,1,1,,7,1,0,3,3,2,42,5,1,2,0,2,4,1,202200027237B01,7,1,1,249730045
202200027237,2022-04-16,2022,avril,samedi,17:50,973,97305,4.912797,-52.371976,1,1,5,1,1,2,2,2,1,1,,7,1,0,3,3,2,43,5,1,2,0,0,4,1,202200027237A01,7,1,1,249730045
202200027241,2022-08-31,2022,août,mercredi,16:25,01,01159,46.336927,4.890773,2,1,3,1,1,3,2,2,2,1,,-1,1,0,4,3,2,80,5,2,,0,2,1,25,202200027241B01,7,26,1,200071371
202200027248,2022-06-22,2022,juin,mercredi,14:00,65,65006,42.880367,0.321436,1,1,7,1,1,3,2,2,2,1,,-1,9,0,1,4,1,30,5,1,2,0,0,8,1,202200027248A01,,,,246500573
202200027262,2022-09-01,2022,septembre,jeudi,06:55,987,98724,-16.73442,-150.99884,2,1,1,1,1,2,2,2,2,4,,-1,1,0,1,3,2,56,5,2,,0,2,3,1,202200027262B01,2,13,1,
202200027284,2022-08-31,2022,août,mercredi,17:00,71,71026,46.66458,4.866439,1,1,2,1,1,3,2,2,1,1,,-1,1,0,1,3,1,44,3,1,2,0,2,4,1,202200027284B01,7,14,1,247103765
202200027294,2022-08-31,2022,août,mercredi,15:38,81,81105,43.760614,1.999681,2,1,7,1,1,4,2,2,1,1,,-1,1,0,1,3,1,65,5,2,,0,9,1,1,202200027294A01,,,,200066124
202200027296,2022-08-31,2022,août,mercredi,11:00,85,85178,46.767793,-1.510121,2,4,7,1,1,4,2,2,2,3,,5.5,1,0,1,3,1,74,5,1,2,0,0,0,15,202200027296A01,,,,200072882
202200027306,2022-05-22,2022,mai,dimanche,18:05,45,45272,47.82324,1.954665,1,2,3,1,1,3,2,2,1,1,,4,1,5,5,4,1,48,5,1,2,0,2,8,1,202200027306B01,7,16,1,244500468
202200027307,2022-04-14,2022,avril,jeudi,13:35,69,69034,45.81318,4.84967,2,1,7,1,1,4,1,1,2,1,,-1,1,0,1,4,1,35,0,1,2,0,0,0,26,202200027307A01,,,,200046977
202200027325,2022-06-22,2022,juin,mercredi,11:10,85,85210,46.8226178657,-1.6260493269,1,2,3,1,1,3,2,2,1,1,,4,1,0,1,3,1,60,5,1,2 / 6,0,2,8,1,202200027325A01,7,19,1,200072882
202200027330,2022-06-22,2022,juin,mercredi,11:30,30,30265,43.9555064413,4.0137004852,1,1,7,1,1,3,2,2,2,1,,-1,9,0,1,3,2,68,5,2,,0,0,0,1,202200027330A01,,,,200034411
202200027350,2022-06-19,2022,juin,dimanche,11:00,34,34145,43.664199,4.149456,1,1,3,1,1,4,2,2,1,1,,-1,1,0,1,4,1,63,5,1,2 / 9,0,2,8,1,202200027350B01,7,16,1,243400520
202200027354,2022-06-21,2022,juin,mardi,11:30,06,06057,43.832485,7.35295,2,9,3,1,1,3,2,3,2,1,,-1,1,5,1,3,1,23,5,1,2,0,2,1,1,202200027354A01,7,15,1,240600593
202200027360,2022-06-21,2022,juin,mardi,15:09,04,04062,44.451941,6.742795,1,1,3,1,8,3,2,2,1,2,,-1,1,0,1,4,1,43,5,1,2,0,2,8,1,202200027360B01,7,17,1,200072304
202200027377,2022-06-20,2022,juin,lundi,17:00,16,16355,45.747838,-0.437897,1,1,1,1,1,3,2,2,1,1,,4.3,1,0,1,4,1,17,5,1,2,0,2,1,1,202200027377B01,7,13,1,
202200027382,2022-06-22,2022,juin,mercredi,01:30,60,60612,49.212058,2.593635,2,1,3,5,1,3,2,2,2,1,,-1,1,0,1,3,1,17,0,2,,0,2,1,2,202200027382A01,0,2,1,200066975
202200027407,2022-04-13,2022,avril,mercredi,16:00,06,06069,43.658885,6.925997,2,9,7,1,1,3,1,1,1,3,,-1,1,0,1,4,1,58,5,2,,0,0,0,0,202200027407A01,,,,200039857
202200027430,2022-04-14,2022,avril,jeudi,18:45,75,75112,48.845391,2.366799,2,1,1,1,1,4,1,3,2,1,,-1,1,1,5,1,1,2022,9,2,,0,2,1,13,202200027430Z01,50,1,1,200054781
202200027439,2022-06-20,2022,juin,lundi,01:20,75,75115,48.836457,2.299154,2,3,6,5,3,4,2,2,1,1,,-1,2,0,1,4,1,46,5,2,,1,0,2,14,202200027439A01,,,,200054781
202200027444,2022-04-14,2022,avril,jeudi,14:30,75,75107,48.855187,2.325659,2,1,7,1,1,4,1,1,1,1,,-1,1,0,5,4,2,56,1,1,2,1,0,0,21,202200027444A01,,,,200054781
202200027446,2022-04-14,2022,avril,jeudi,16:15,75,75103,48.861903,2.356934,2,2,3,1,1,4,1,1,1,1,,-1,1,0,1,4,1,19,2,2,,1,0,7,1,202200027446B01,10,24,1,200054781
202200027456,2022-06-20,2022,juin,lundi,13:25,69,69388,45.73385,4.87756,2,2,3,1,1,4,2,2,1,1,,-1,1,0,1,4,2,12,0,1,2,0,2,1,1,202200027456B01,7,1,1,200046977
202200027469,2022-06-20,2022,juin,lundi,21:30,2A,2A004,41.9422241349,8.7502847315,2,6,3,5,1,4,4,3,1,2,,-1,1,9,8,4,1,51,5,1,2,0,2,7,9,202200027469B01,7,9,1,242010056
202200027496,2022-06-10,2022,juin,vendredi,21:00,69,69264,45.98881,4.72699,2,6,3,1,1,4,2,2,1,2,,-1,1,9,1,4,1,8,5,2,,0,2,0,0,202200027496B01,7,0,1,200040590
202200027497,2022-04-16,2022,avril,samedi,15:35,01,01354,46.242743,6.019853,2,1,2,1,1,4,2,2,1,1,,5.5,1,0,1,4,1,44,5,1,2,0,2,1,2,202200027497B01,7,23,1,240100750
202200027517,2022-04-14,2022,avril,jeudi,17:22,80,80054,49.90594,2.904468,1,1,3,1,1,3,2,2,1,1,,-1,1,0,1,3,1,64,9,1,2,0,2,0,10,202200027517B01,7,17,1,200037059
202200027521,2022-04-16,2022,avril,samedi,15:35,71,71181,46.452953,4.730344,1,1,3,1,1,3,2,2,2,3,,-1,1,0,1,3,2,50,5,1,2,14,2,8,1,202200027521B01,10,17,1,200040293
202200027560,2022-04-15,2022,avril,vendredi,18:15,64,64123,43.459532,-1.143966,1,1,1,1,1,3,2,2,1,3,,-1,1,0,1,3,1,41,5,1,2,0,2,1,1,202200027560B01,7,1,1,200067106
202200027564,2022-04-16,2022,avril,samedi,13:25,73,73043,45.756655,5.928626,2,3,3,1,1,3,2,2,1,1,,-1,1,0,1,3,2,30,5,1,2,0,2,8,1,202200027564B01,7,15,1,200068674
202200027566,2022-06-07,2022,juin,mardi,17:35,28,28085,48.44605,1.51554,2,3,3,1,1,4,2,2,1,1,,-1,1,0,4,3,1,54,0,2,,0,2,7,25,202200027566Y01,0,9,1,200033181
202200027605,2022-06-20,2022,juin,lundi,18:10,75,75114,48.819728,2.341616,2,1,3,1,1,4,2,8,2,1,,-1,1,0,1,4,2,59,5,2,,0,4,8,11,202200027605A01,40,1,1,200054781
202200027621,2022-01-25,2022,janvier,mardi,08:45,81,81065,43.5982166577,2.2424031794,2,1,2,1,1,4,2,2,1,1,,-1,1,9,1,4,2,43,4,1,2,0,9,2,1,202200027621A01,7,2,1,248100430
202200027649,2022-06-20,2022,juin,lundi,14:40,56,56118,47.725537,-3.323944,1,6,3,1,1,3,2,2,1,2,,-1,1,5,1,3,1,52,1,2,,0,2,7,1,202200027649B01,7,9,1,200042174
202200027703,2022-01-24,2022,janvier,lundi,12:40,63,63113,45.79849,3.11422,2,3,3,1,1,7,2,2,1,1,,-1,1,0,1,4,1,73,0,1,2,0,2,8,25,202200027703B01,7,16,1,246300701
202200027794,2022-01-25,2022,janvier,mardi,17:50,35,35238,48.116571,-1.657179,2,1,3,5,1,4,2,2,1,1,,-1,1,0,1,4,2,13,5,2,,0,2,1,26,202200027794B01,7,1,1,243500139
202200027825,2022-11-09,2022,novembre,mercredi,09:15,75,75108,48.875649,2.29981,2,1,3,1,1,4,2,2,1,1,,-1,1,0,1,4,2,34,1,1,2,0,2,8,1,202200027825B01,7,16,1,200054781
202200027839,2022-11-09,2022,novembre,mercredi,18:20,93,93062,48.9013304465,2.5124031901,2,2,3,5,1,3,2,2,2,1,,-1,1,0,1,4,1,68,0,2,,0,2,8,9,202200027839B01,7,1,1,200054781
202200027852,2022-11-09,2022,novembre,mercredi,08:50,92,92009,48.913535,2.273189,2,1,6,1,1,3,1,1,1,1,,-1,1,0,1,1,1,27,0,2,,0,1,1,17,202200027852A01,,,,200054781
202200027857,2022-11-06,2022,novembre,dimanche,18:25,41,41150,47.567609,1.445378,2,1,3,5,1,4,2,2,4,1,,-1,1,0,1,4,2,17,5,2,,0,2,3,15,202200027857B01,7,15,1,244100798
202200027858,2022-11-10,2022,novembre,jeudi,11:15,76,76624,49.877029,1.220957,2,3,3,1,1,4,2,2,1,1,,-1,1,0,1,4,1,13,2,2,,0,2,3,1,202200027858A01,7,0,1,247600729
202200027870,2022-11-09,2022,novembre,mercredi,16:15,74,74282,45.979954,6.132441,1,1,5,1,1,3,2,2,1,2,,-1,1,0,5,3,2,77,5,1,2 / 4,0,2,4,2,202200027870C01,80 / 7,2,2,200066793
202200027870,2022-11-09,2022,novembre,mercredi,16:15,74,74282,45.979954,6.132441,1,1,5,1,1,3,2,2,1,2,,-1,1,0,5,3,2,70,5,1,2 / 4,0,2,4,2,202200027870B01,80 / 7,2,2,200066793
202200027877,2022-09-30,2022,septembre,vendredi,07:25,88,88160,48.18034,6.4542,2,6,3,5,1,4,2,2,1,1,,4,1,0,1,4,1,49,0,2,,0,2,1,1,202200027877B01,10,15,1,200068757
202200027879,2022-11-09,2022,novembre,mercredi,15:45,22,22377,48.662496,-2.883482,1,1,3,1,1,3,3,2,1,1,,-1,1,5,1,4,1,29,5,1,2,0,2,3,1,202200027879B01,17,2,1,200069409
202200027938,2022-09-30,2022,septembre,vendredi,14:00,55,55545,49.15711,5.39981,2,1,2,1,1,4,2,2,1,1,,-1,1,0,1,3,1,55,5,2,,0,2,4,1,202200027938B01,7,2,1,200049187
202200027948,2022-09-29,2022,septembre,jeudi,14:40,47,47001,44.19938,0.62035,2,2,3,1,2,4,2,2,1,1,,-1,2,0,1,4,2,54,9,2,,0,2,0,0,202200027948B01,7,1,1,200096956
202200028028,2022-05-18,2022,mai,mercredi,18:30,92,92064,48.8579213859,2.2108652294,2,4,3,1,1,3,2,3,1,1,,-1,1,0,5,4,2,48,1,2,,0,2,0,16,202200028028B01,7,16,1,200054781
202200028082,2022-11-08,2022,novembre,mardi,13:25,35,35238,48.104019803,-1.6845962405,2,1,3,1,6,4,3,2,1,1,,-1,1,0,1,4,1,19,2,2,,0,2,1,19,202200028082A01,7,1,1,243500139
202200028087,2022-05-20,2022,mai,vendredi,05:45,69,69386,45.76633,4.8672,2,2,3,5,1,4,1,1,1,1,,-1,1,0,1,4,1,28,0,2,,0,2,3,1,202200028087B01,7,26,1,200046977
202200028088,2022-11-08,2022,novembre,mardi,22:29,31,31555,43.592098,1.399558,2,2,3,5,1,7,2,2,1,1,,-1,1,0,1,3,1,59,0,2,,0,2,1,1,202200028088B01,10,15,1,243100518
202200028100,2022-11-08,2022,novembre,mardi,18:12,15,15014,44.9115,2.449,2,1,3,5,1,2,2,2,1,1,,-1,1,0,1,4,2,18,2,1,2,0,2,7,19,202200028100B01,7,1,1,241500230
202200028152,2022-10-04,2022,octobre,mardi,18:30,75,75113,48.825142,2.35758,2,3,3,1,1,4,2,6,1,1,,-1,1,-1,5,4,1,46,9,2,,0,2,1,1,202200028152B01,7,15,1,200054781
202200028274,2022-10-04,2022,octobre,mardi,14:50,85,85302,46.953503,-1.007524,2,1,7,1,1,4,2,2,2,2,,5.5,1,0,1,3,1,79,5,1,2 / 4,0,0,0,1,202200028274A01,17,17,1,248500662
202200028283,2022-05-20,2022,mai,vendredi,10:00,75,75120,48.8678918693,2.4109961092,2,3,6,1,3,4,2,3,4,1,,-1,2,-1,5,1,1,36,1,1,2,0,1,1,1,202200028283A01,,,,200054781
202200028288,2022-05-20,2022,mai,vendredi,19:05,75,75116,48.8645589008,2.2936762869,2,7,3,1,1,4,1,6,1,2,,-1,1,0,1,4,1,62,1,1,2,0,2,2,1,202200028288B01,7,13,1,200054781
202200028308,2022-05-20,2022,mai,vendredi,15:00,75,75111,48.866034,2.366379,2,2,3,1,1,4,2,4,1,1,,-1,1,-1,5,4,2,34,9,1,2,0,2,1,1,202200028308B01,7,22,1,200054781
202200028311,2022-05-20,2022,mai,vendredi,12:45,75,75109,48.8740437803,2.3423556983,2,2,3,1,8,4,2,2,1,1,,-1,1,0,1,4,1,19,4,1,2,0,2,1,5,202200028311B01,7,1,1,200054781
202200028317,2022-05-20,2022,mai,vendredi,07:50,75,75104,48.85044,2.362912,2,3,6,1,2,4,2,4,1,1,,-1,2,-1,5,1,2,37,1,1,2,0,1,1,1,202200028317A01,,,,200054781
202200028319,2022-10-04,2022,octobre,mardi,08:15,81,81116,43.70085,1.829486,2,1,3,1,1,3,2,2,1,1,,-1,1,0,1,3,1,68,5,2,,0,2,8,1,202200028319B01,7,1,1,200034023
202200028321,2022-10-04,2022,octobre,mardi,19:19,32,32181,43.42358,0.276868,1,1,3,1,7,2,2,2,3,1,,-1,1,0,1,4,1,72,5,1,2 / 4,0,0,6,1,202200028321B01,7,1,1,200035756
202200028329,2022-10-05,2022,octobre,mercredi,09:50,22,22090,48.769958,-3.369831,2,1,2,1,1,3,2,2,1,1,,-1,1,0,1,3,1,68,5,2,,0,2,4,1,202200028329B01,7,1,1,200065928
202200028361,2022-05-20,2022,mai,vendredi,18:30,92,92051,48.8837447052,2.2719985396,2,1,6,1,1,4,1,1,1,1,,-1,1,0,5,1,1,33,0,2,,0,1,2,19,202200028361A01,,,,200054781
202200028380,2022-12-13,2022,décembre,mardi,08:30,75,75110,48.8702,2.350516,2,3,6,1,1,4,2,3,1,1,,-1,7,0,1,4,2,59,9,1,2,0,2,3,1,202200028380B01,14,21,1,200054781
202200028391,2022-12-13,2022,décembre,mardi,08:05,93,93079,48.9512725109,2.3394213617,2,1,2,2,1,3,2,2,1,1,,-1,1,0,5,3,1,37,0,1,2,0,2,6,1,202200028391B01,7,14,1,200054781
202200028398,2022-12-13,2022,décembre,mardi,18:30,92,92026,48.8908771885,2.2476670146,2,3,3,5,1,2,1,3,2,1,,-1,1,0,1,4,1,33,1,1,2,0,2,1,1,202200028398A01,7,16,1,200054781