Num_Acc,date,an,mois,jour,hrmn,dep,com,lat,long,agg,int,col,lum,atm,catr,circ,nbv,prof,plan,lartpc,larrout,surf,infra,situ,grav,sexe,age,trajet,secuexist,equipement,obs,obsm,choc,manv,vehiculeid,typevehicules,manoeuvehicules,numVehicules,_infos_commune.code_epci
202200032661,2022-03-02,2022,mars,mercredi,14:00,75,75116,48.868144,2.275501,2,2,3,1,1,4,2,2,1,1,,-1,1,0,1,4,2,31,9,2,,1,2,1,21,202200032661A01,10,23,1,200054781
202200032720,2022-03-01,2022,mars,mardi,14:45,71,71443,46.943284,4.875333,1,3,1,1,1,3,2,2,1,1,,5,1,0,1,3,1,74,5,1,2,0,2,1,1,202200032720B01,21,15,1,247100589
202200032723,2022-08-28,2022,août,dimanche,23:00,54,54395,48.6726940961,6.1765506864,2,2,3,5,1,4,1,1,2,1,,-1,1,0,1,3,1,39,0,2,,0,2,2,1,202200032723B01,7,1,1,245400676
202200032813,2022-08-28,2022,août,dimanche,10:02,59,59663,50.898215,2.491214,1,1,3,1,1,4,2,2,1,1,,-1,1,0,1,3,1,72,5,1,2,0,0,0,1,202200032813A01,1,1,1,200040954
202200032813,2022-08-28,2022,août,dimanche,10:02,59,59663,50.898215,2.491214,1,1,3,1,1,4,2,2,1,1,,-1,1,0,1,3,1,70,5,1,2,0,0,0,1,202200032813B01,1,1,1,200040954
202200032826,2022-08-27,2022,août,samedi,14:50,72,72090,48.0294585207,0.4453933237,1,1,3,1,1,3,-1,2,2,1,,-1,1,0,1,4,1,21,5,2,,0,2,8,2,202200032826B01,1,2,1,200072684
202200032826,2022-08-27,2022,août,samedi,14:50,72,72090,48.0294585207,0.4453933237,1,1,3,1,1,3,-1,2,2,1,,-1,1,0,1,3,1,49,5,2,,0,2,7,2,202200032826A01,1,2,1,200072684
202200032849,2022-08-28,2022,août,dimanche,14:50,28,28383,48.317198,1.571764,2,4,3,1,1,3,2,2,1,1,,-1,1,0,1,4,1,13,9,2,,0,2,3,16,202200032849A01,7,1,1,200033181
202200032868,2022-08-27,2022,août,samedi,19:40,77,77478,48.976217,3.070217,1,1,1,2,1,9,2,2,1,1,,-1,1,0,1,3,1,17,5,1,2,0,2,0,0,202200032868B01,1,0,1,200090504
202200032868,2022-08-27,2022,août,samedi,19:40,77,77478,48.976217,3.070217,1,1,1,2,1,9,2,2,1,1,,-1,1,0,1,3,1,24,5,2,,0,2,0,0,202200032868A01,1,0,1,200090504
202200032894,2022-08-28,2022,août,dimanche,10:00,17,17351,45.803802,-1.001298,1,1,4,1,1,3,2,2,1,1,,-1,1,2,1,2,1,62,5,1,2,0,2,1,13,202200032894B01,7,1,1,241700699
202200032894,2022-08-28,2022,août,dimanche,10:00,17,17351,45.803802,-1.001298,1,1,4,1,1,3,2,2,1,1,,-1,1,2,1,3,1,51,5,1,2,0,2,1,13,202200032894C01,7,1,1,241700699
202200032904,2022-08-27,2022,août,samedi,16:30,56,56072,48.093069,-2.804807,1,3,3,1,1,4,2,2,1,1,,3,1,0,1,4,1,21,4,2,,0,2,6,15,202200032904B01,7,0,1,245614433
202200032908,2022-08-28,2022,août,dimanche,10:15,29,29057,47.908153,-3.979349,2,1,2,1,1,3,2,2,2,3,,-1,1,0,1,4,1,24,5,1,2,0,2,1,2,202200032908B01,7,2,1,242900660
202200032994,2022-01-19,2022,janvier,mercredi,12:30,54,54547,48.66691,6.16655,2,1,2,1,1,4,2,2,1,1,,-1,1,0,1,1,1,27,1,2,,0,9,4,1,202200032994B01,50,1,1,245400676
202200033008,2022-02-28,2022,février,lundi,22:25,75,75117,48.889709,2.321726,2,2,3,5,1,4,2,3,2,1,,-1,1,0,1,4,2,28,9,1,2,0,2,1,1,202200033008A01,7,15,1,200054781
202200033030,2022-04-12,2022,avril,mardi,13:05,67,67067,48.730698,7.714328,2,2,1,1,1,4,1,2,1,1,,4,1,0,1,4,1,21,1,2,,0,0,1,25,202200033030B01,7,16,1,200067874
202200033046,2022-01-20,2022,janvier,jeudi,12:15,35,35238,48.12747,-1.65143,2,6,3,1,1,4,2,1,1,1,,-1,1,0,1,4,1,30,5,2,,0,2,8,19,202200033046B01,7,16,1,243500139
202200033072,2022-04-12,2022,avril,mardi,08:20,83,83070,43.136033,6.354502,2,3,3,1,1,4,2,2,1,1,,4,1,0,1,3,1,54,1,2,,0,2,6,15,202200033072B01,7,17,1,200027100
202200033095,2022-04-10,2022,avril,dimanche,18:00,46,46290,44.748645,1.499634,2,2,2,1,1,3,2,2,1,1,,-1,1,0,1,4,1,62,5,1,2,0,2,4,1,202200033095B01,7,2,1,244600482
202200033122,2022-04-12,2022,avril,mardi,16:15,18,18242,46.833231,2.916741,2,3,3,1,1,3,1,1,2,1,,3,1,0,1,4,1,13,5,2,,0,2,1,16,202200033122A01,7,1,1,241800432
202200033125,2022-08-25,2022,août,jeudi,20:30,14,14333,49.417747,0.239978,2,6,3,1,1,3,1,2,1,4,,-1,1,0,1,4,1,76,5,1,2,0,2,8,1,202200033125B01,7,16,1,200066827
202200033141,2022-04-09,2022,avril,samedi,06:45,987,98733,-17.689931,-149.548349,2,1,2,2,2,2,2,2,1,1,,-1,1,0,1,3,1,41,3,2,,0,2,4,13,202200033141A01,7,1,1,
202200033196,2022-06-17,2022,juin,vendredi,00:40,49,49007,47.46627,-0.55272,2,1,7,5,1,4,2,5,1,1,,-1,1,0,1,4,2,25,0,2,,0,0,0,9,202200033196A01,,,,244900015
202200033262,2022-01-21,2022,janvier,vendredi,11:40,29,29182,48.616601,-3.682378,1,2,1,1,1,3,2,2,1,1,,-1,1,0,1,3,2,69,5,1,2,0,2,8,1,202200033262B01,7,15,1,242900835
202200033310,2022-06-03,2022,juin,vendredi,19:35,12,12145,44.08749,3.0565,2,1,1,1,7,4,-1,0,1,1,,-1,1,0,1,4,1,27,5,2,,0,2,1,1,202200033310A01,7,15,1,241200567
202200033318,2022-04-10,2022,avril,dimanche,14:02,06,06030,43.576888,7.020996,2,9,2,1,1,4,2,1,1,1,,-1,1,0,1,4,1,59,5,1,2,0,2,1,1,202200033318B01,7,1,1,200039915
202200033335,2022-06-17,2022,juin,vendredi,09:35,75,75106,48.845647,2.325597,2,3,7,1,1,4,-1,2,2,1,,-1,1,0,5,4,1,15,2,2,,0,0,0,1,202200033335A01,,,,200054781
202200033357,2022-06-17,2022,juin,vendredi,09:50,75,75116,48.861989,2.23038,2,3,2,1,1,4,1,2,1,1,,-1,1,0,5,4,1,29,5,1,2,0,2,1,1,202200033357B01,10,4,1,200054781
202200033368,2022-06-17,2022,juin,vendredi,11:00,75,75107,48.851656,2.326794,2,2,2,1,1,4,2,4,1,1,,-1,1,0,1,4,1,40,9,2,,0,2,1,2,202200033368A01,10,2,1,200054781
202200033371,2022-06-16,2022,juin,jeudi,13:25,75,75114,48.830798,2.329409,2,3,3,1,1,4,2,5,1,1,,-1,1,-1,6,4,1,29,9,1,2,0,2,2,1,202200033371B01,10,22,1,200054781
202200033384,2022-06-17,2022,juin,vendredi,19:50,75,75111,48.870248,2.376503,2,3,6,1,1,4,1,1,1,1,,-1,1,0,5,1,1,21,1,2,,0,1,1,1,202200033384A01,,,,200054781
202200033399,2022-06-17,2022,juin,vendredi,14:20,75,75101,48.860789,2.3412,2,3,6,1,1,4,2,3,1,1,,-1,1,0,5,4,1,60,9,2,,12,0,0,13,202200033399A01,,,,200054781
202200033402,2022-06-17,2022,juin,vendredi,14:00,75,75101,48.85772,2.347775,2,2,3,1,1,4,1,2,1,1,,-1,1,5,5,4,1,34,5,2,,0,2,7,1,202200033402A01,7,1,1,200054781
202200033406,2022-06-15,2022,juin,mercredi,19:00,75,75104,48.852227,2.36604,2,3,3,1,1,4,2,4,1,1,,-1,1,0,1,4,1,14,9,2,,0,2,4,13,202200033406A01,43,1,1,200054781
202200033425,2022-04-11,2022,avril,lundi,07:50,67,67196,48.290567,7.568314,2,3,3,2,1,3,2,2,1,3,,-1,1,0,1,3,1,24,1,2,,0,0,8,1,202200033425A01,10,15,1,200030526
202200033465,2022-04-10,2022,avril,dimanche,15:50,84,84017,44.129554,5.288029,1,1,3,1,7,3,2,2,2,3,,-1,1,0,1,3,1,55,5,1,2 / 6,0,2,3,13,202200033465A01,7,21,1,248400053
202200033474,2022-04-10,2022,avril,dimanche,13:30,14,14092,49.119076,-0.306217,2,3,3,1,1,4,2,2,1,1,,4,1,0,1,4,1,9,5,2,,0,2,7,19,202200033474B01,7,1,1,200065597
202200033476,2022-04-09,2022,avril,samedi,18:45,64,64029,43.133077,-0.748132,1,1,7,1,1,4,2,1,2,4,,3,1,0,3,2,1,20,9,1,2,2,0,0,1,202200033476A01,,,,200067262
202200033502,2022-06-17,2022,juin,vendredi,11:40,12,12214,44.61873,2.963938,1,1,7,1,1,3,2,2,2,1,,-1,1,0,1,3,1,63,5,1,2,0,0,0,1,202200033502A01,,,,200067171
202200033538,2022-06-18,2022,juin,samedi,09:45,60,60145,49.34973,3.023257,1,1,1,1,1,3,2,2,2,2,,-1,1,0,1,3,1,74,5,1,2,0,2,1,5,202200033538A01,7,1,1,246000749
202200033568,2022-06-17,2022,juin,vendredi,09:40,77,77508,48.816006,2.849836,1,1,3,1,1,3,2,2,1,1,,-1,1,0,1,4,1,75,5,1,2,0,2,3,1,202200033568B01,7,17,1,247700339
202200033623,2022-11-05,2022,novembre,samedi,14:00,75,75120,48.848948,2.406595,2,2,3,1,1,4,2,2,1,1,,-1,1,0,1,3,1,21,9,2,,0,2,3,1,202200033623B01,37,15,1,200054781
202200033624,2022-11-05,2022,novembre,samedi,13:30,75,75118,48.884146,2.353606,2,1,6,1,1,4,1,1,1,1,,-1,1,0,1,1,1,32,0,2,,0,1,1,1,202200033624Z01,,,,200054781
202200033625,2022-11-05,2022,novembre,samedi,10:52,75,75116,48.861393,2.230127,2,3,2,1,1,4,1,1,1,1,,-1,1,0,5,4,1,49,5,1,2,0,2,1,1,202200033625A01,1,1,1,200054781
202200033625,2022-11-05,2022,novembre,samedi,10:52,75,75116,48.861393,2.230127,2,3,2,1,1,4,1,1,1,1,,-1,1,0,5,1,1,24,5,1,2,0,2,4,1,202200033625B01,1,1,1,200054781
202200033628,2022-11-05,2022,novembre,samedi,19:49,75,75111,48.853276,2.378508,2,3,3,5,1,4,2,1,2,1,,-1,1,0,1,3,1,30,5,2,,0,2,1,1,202200033628B01,7,15,1,200054781
202200033636,2022-11-04,2022,novembre,vendredi,22:15,93,93027,48.921761,2.383383,2,2,3,5,1,3,2,2,1,1,,-1,1,0,1,3,1,27,0,1,2,0,2,7,1,202200033636B01,32,1,1,200054781
202200033642,2022-11-04,2022,novembre,vendredi,14:30,84,84088,43.99431,5.054457,2,1,7,1,1,3,2,2,2,1,,-1,1,0,1,4,1,25,5,2,,0,0,0,1,202200033642A01,,,,248400293
202200033644,2022-11-06,2022,novembre,dimanche,12:15,95,95487,49.153636,2.272743,2,1,3,1,3,3,2,2,1,1,,-1,2,0,1,4,1,59,9,2,,0,2,4,1,202200033644C01,10,26,1,249500489
202200033652,2022-11-06,2022,novembre,dimanche,12:30,57,57534,49.0717971938,6.2276776135,2,1,7,1,1,7,2,2,1,1,,-1,-1,0,3,2,1,53,5,1,2,0,0,0,23,202200033652A01,,,,200039865
202200033662,2022-11-02,2022,novembre,mercredi,09:45,42,42185,45.593598,4.253919,1,1,2,1,1,3,2,2,1,3,,-1,1,0,1,4,1,50,5,1,2 / 9,0,0,4,1,202200033662B01,7,1,1,200065894
202200033673,2022-11-05,2022,novembre,samedi,19:55,54,54295,49.308908,5.813284,1,1,2,3,1,3,3,2,3,1,,-1,1,0,1,3,1,24,5,2,,0,0,4,2,202200033673A01,7,2,1,200070290
202200033675,2022-11-05,2022,novembre,samedi,16:00,53,53018,47.907209,-1.056061,1,2,3,1,2,3,2,2,1,1,,-1,2,0,1,4,1,89,5,1,2,0,2,8,15,202200033675B01,7,17,1,200048551
202200033678,2022-11-01,2022,novembre,mardi,14:55,40,40194,43.708032,-0.821187,1,1,3,1,1,3,2,1,1,1,,-1,1,0,1,3,2,49,5,1,2 / 9,0,2,8,2,202200033678B01,7,17,1,200069631
202200033692,2022-11-06,2022,novembre,dimanche,11:40,26,26311,45.042785,5.302175,1,9,3,1,1,3,2,2,2,3,,-1,1,0,1,3,1,43,5,1,2,0,0,1,1,202200033692B01,7,15,1,200067767
202200033714,2022-11-04,2022,novembre,vendredi,19:00,974,97416,-21.33914,55.45898,2,7,3,5,1,4,1,2,1,1,,-1,1,0,1,4,2,22,0,1,2,0,2,0,0,202200033714A01,7,16,1,249740077
202200033741,2022-11-04,2022,novembre,vendredi,10:22,49,49007,47.47139,-0.56376,2,1,7,1,1,4,2,1,1,1,,-1,6,0,1,4,2,44,0,2,,0,0,0,1,202200033741A01,,,,244900015
202200033743,2022-11-03,2022,novembre,jeudi,19:44,49,49007,47.4726,-0.55412,2,1,3,5,1,4,2,2,1,1,,-1,1,0,1,1,2,16,5,2,,0,2,8,15,202200033743B01,2,1,1,244900015
202200033768,2022-05-18,2022,mai,mercredi,20:20,27,27229,49.00874,1.15891,2,7,3,1,1,4,1,0,1,1,,-1,1,0,1,4,2,7,5,2,,0,2,1,1,202200033768A01,7,1,1,200071454
202200033781,2022-11-03,2022,novembre,jeudi,18:20,75,75112,48.818985,2.462402,2,3,3,5,1,4,2,6,1,1,,-1,1,0,1,4,1,58,1,1,2,0,2,4,19,202200033781A01,7,1,1,200054781
202200033794,2022-05-16,2022,mai,lundi,19:00,75,75113,48.8362094065,2.3714885116,2,2,3,1,1,4,2,4,1,1,,-1,1,-1,5,3,2,38,9,1,2,0,2,8,1,202200033794B01,14,16,1,200054781
202200033801,2022-05-18,2022,mai,mercredi,16:35,75,75118,48.8936770699,2.3479267995,2,4,6,1,1,4,2,2,1,1,,-1,1,-1,5,1,-1,2022,-1,2,,0,1,0,16,202200033801Z01,,,,200054781
202200033809,2022-05-18,2022,mai,mercredi,09:00,75,75116,48.8382704625,2.2657777683,2,4,2,1,1,4,2,3,3,1,,-1,1,-1,5,4,1,39,9,1,2,0,2,4,2,202200033809B01,1,2,1,200054781
202200033809,2022-05-18,2022,mai,mercredi,09:00,75,75116,48.8382704625,2.2657777683,2,4,2,1,1,4,2,3,3,1,,-1,1,-1,5,4,1,25,9,1,2,0,2,1,2,202200033809A01,1,2,1,200054781
202200033822,2022-05-15,2022,mai,dimanche,05:55,75,75110,48.870672408,2.3639689386,2,1,6,2,1,4,2,2,1,1,,-1,1,0,1,4,1,26,5,1,2,1,0,1,14,202200033822A01,,,,200054781
202200033823,2022-05-18,2022,mai,mercredi,17:20,75,75109,48.874205,2.328398,2,2,3,1,1,4,2,2,1,1,,-1,1,0,1,4,1,60,9,1,2,0,2,2,1,202200033823B01,10,9,1,200054781
202200033827,2022-05-18,2022,mai,mercredi,16:27,75,75107,48.858499,2.323098,2,2,3,1,1,4,2,3,1,1,,-1,1,-1,6,4,1,55,1,1,2,0,2,8,7,202200033827B01,7,17,1,200054781
202200033846,2022-05-18,2022,mai,mercredi,19:00,92,92046,48.8135236109,2.302236557,2,1,3,1,1,3,2,4,1,1,,-1,1,0,1,4,1,37,1,1,2,0,2,3,2,202200033846B01,7,10,1,200054781
202200033847,2022-05-18,2022,mai,mercredi,17:25,92,92020,48.8008666706,2.2800513357,2,3,3,1,1,3,2,2,1,1,,-1,1,0,1,4,2,59,1,1,2 / 4,0,2,1,1,202200033847B01,7,15,1,200054781
202200033851,2022-05-19,2022,mai,jeudi,14:40,95,95487,49.1491299805,2.2799769044,2,1,3,1,1,3,2,2,1,1,,5,1,0,4,3,1,59,5,2,,0,0,1,25,202200033851B01,7,9,1,249500489
202200033853,2022-05-18,2022,mai,mercredi,09:10,74,74005,46.332684,6.475765,1,1,5,1,1,3,2,2,2,3,,-1,1,0,1,3,1,42,5,1,2,0,2,1,2,202200033853A01,7,2 / 5,2,200067551
202200033918,2022-04-16,2022,avril,samedi,12:15,61,61007,48.813664,-0.527542,1,3,3,1,1,3,2,2,1,1,,-1,1,0,1,3,1,21,5,1,2,0,2,8,15,202200033918A01,7,1,1,200035814
202200033923,2022-05-17,2022,mai,mardi,20:20,974,97416,-21.33104,55.47246,2,1,3,5,2,4,1,2,2,1,,-1,2,0,1,4,1,41,5,2,,0,2,8,2,202200033923B01,10,2,1,249740077
202200033931,2022-06-26,2022,juin,dimanche,10:15,74,74242,45.816395,6.171613,1,1,7,1,1,3,2,2,2,1,,-1,1,0,3,3,1,39,5,1,2,0,0,0,1,202200033931A01,,,,200066793
202200033971,2022-05-16,2022,mai,lundi,10:40,73,73008,45.7038589318,5.8986168911,2,1,7,1,1,3,2,2,1,1,,-1,1,0,1,4,2,27,5,2,,0,0,9,1,202200033971A01,,,,200068674
202200033996,2022-09-29,2022,septembre,jeudi,07:30,34,34172,43.60969,3.86383,2,1,7,2,1,5,2,2,2,1,,-1,1,9,6,2,1,44,1,2,,12,0,1,1,202200033996A01,,,,243400017
202200034035,2022-10-01,2022,octobre,samedi,18:15,75,75118,48.889905,2.363812,2,2,1,1,1,4,1,2,1,1,,-1,1,0,1,1,1,37,9,2,,0,2,1,21,202200034035A01,1,1,1,200054781
202200034035,2022-10-01,2022,octobre,samedi,18:15,75,75118,48.889905,2.363812,2,2,1,1,1,4,1,2,1,1,,-1,1,0,1,4,1,32,9,2,,0,2,1,1,202200034035B01,1,21,1,200054781
202200034041,2022-10-01,2022,octobre,samedi,19:25,75,75103,48.863231,2.351667,2,3,3,5,1,4,2,2,1,1,,-1,1,0,1,4,1,55,9,2,,0,2,3,18,202200034041B01,7,22,1,200054781
202200034043,2022-10-01,2022,octobre,samedi,01:40,75,75101,48.866242,2.352535,2,2,1,5,2,4,1,2,1,1,,-1,2,-1,5,1,1,29,9,2,,0,2,1,1,202200034043A01,1,5,1,200054781
202200034043,2022-10-01,2022,octobre,samedi,01:40,75,75101,48.866242,2.352535,2,2,1,5,2,4,1,2,1,1,,-1,2,-1,5,4,1,33,9,2,,0,2,1,5,202200034043B01,1,1,1,200054781
202200034049,2022-10-01,2022,octobre,samedi,14:30,93,93048,48.85564,2.43087,2,2,3,1,1,4,1,1,1,1,,-1,1,0,1,3,1,38,9,2,,0,2,8,1,202200034049B01,33,1,1,200054781
202200034066,2022-09-14,2022,septembre,mercredi,14:00,61,61167,48.829572,0.553645,2,1,3,1,1,3,2,2,1,1,,-1,1,0,1,3,1,56,5,1,2,0,2,6,0,202200034066B01,7,17,1,200068468
202200034069,2022-10-02,2022,octobre,dimanche,09:30,34,34114,43.656578,3.556593,1,1,1,1,1,3,2,2,1,3,,-1,1,0,1,4,1,88,5,2,,0,2,8,13,202200034069B01,7,1,1,243400694
202200034101,2022-09-30,2022,septembre,vendredi,17:50,01,01065,46.212838,5.14619,2,1,6,1,1,4,2,2,2,1,,4,1,0,1,4,1,52,5,1,2,14,0,0,1,202200034101A01,,,,200071751
202200034146,2022-09-30,2022,septembre,vendredi,07:10,75,75120,48.8490568278,2.4112442136,2,2,3,2,1,4,2,2,2,1,,-1,1,-1,5,1,1,52,1,1,2,0,2,1,1,202200034146A01,1,1,1,200054781
202200034146,2022-09-30,2022,septembre,vendredi,07:10,75,75120,48.8490568278,2.4112442136,2,2,3,2,1,4,2,2,2,1,,-1,1,-1,5,4,1,52,1,1,2,0,2,1,1,202200034146B01,1,1,1,200054781
202200034155,2022-09-30,2022,septembre,vendredi,18:38,75,75115,48.8420245174,2.3006245494,2,2,3,1,1,4,2,3,1,1,,-1,1,0,1,4,2,33,5,1,2,0,2,4,16,202200034155A01,32,15,1,200054781
202200034158,2022-09-30,2022,septembre,vendredi,11:15,75,75111,48.852381,2.374173,2,1,2,1,1,4,1,1,1,1,,-1,1,0,1,4,2,77,5,1,2,0,2,7,1,202200034158A01,10,9,1,200054781
202200034160,2022-09-29,2022,septembre,jeudi,23:30,75,75110,48.8731787594,2.3588392138,2,3,6,5,1,4,2,6,1,1,,-1,1,-1,5,4,1,22,9,1,2,12,0,1,13,202200034160A01,,,,200054781
202200034163,2022-09-30,2022,septembre,vendredi,20:30,75,75108,48.868653,2.303703,2,2,2,5,1,4,1,2,1,1,,-1,1,0,1,4,2,32,9,1,2,0,2,5,2,202200034163A01,7,23,1,200054781
202200034166,2022-09-30,2022,septembre,vendredi,19:55,75,75101,48.8624656101,2.3504385352,2,3,2,5,1,4,2,5,1,1,,-1,1,-1,5,3,2,50,1,1,2,0,2,3,1,202200034166A01,1,17,1,200054781
202200034166,2022-09-30,2022,septembre,vendredi,19:55,75,75101,48.8624656101,2.3504385352,2,3,2,5,1,4,2,5,1,1,,-1,1,-1,5,1,-1,2022,-1,2,,0,2,5,17,202200034166Z01,1,1,1,200054781
202200034171,2022-12-09,2022,décembre,vendredi,00:50,35,35238,48.10182,-1.659984,2,4,3,5,1,4,2,2,2,2,,-1,1,0,1,4,2,27,5,2,,0,2,8,1,202200034171B01,7,14,1,243500139
202200034189,2022-12-07,2022,décembre,mercredi,14:45,31,31557,43.58457,1.34407,2,6,3,1,1,7,1,2,1,1,,-1,1,0,1,4,1,52,0,1,2,0,2,7,26,202200034189B01,7,0,1,243100518
202200034220,2022-12-08,2022,décembre,jeudi,12:25,05,05061,44.54437,6.06148,2,2,3,1,1,4,2,2,1,1,,-1,1,0,5,3,1,59,0,2,,0,2,1,1,202200034220B01,7,15,1,200067825
202200034235,2022-12-09,2022,décembre,vendredi,00:50,75,75111,48.849093,2.394733,2,2,3,5,1,4,2,2,1,1,,-1,1,0,1,4,2,20,5,2,,0,2,1,1,202200034235A01,7,1,1,200054781
202200034237,2022-12-09,2022,décembre,vendredi,11:25,75,75108,48.873124,2.297089,2,5,3,1,1,4,2,-1,1,1,,-1,1,0,1,4,1,50,9,2,,0,2,1,19,202200034237A01,7,1,1,200054781
202200034279,2022-12-10,2022,décembre,samedi,15:15,79,79135,46.715069,-0.21463,1,1,1,1,1,4,2,2,2,2,,4.2,1,0,1,3,1,57,5,1,2,0,2,1,1,202200034279B01,21,1,1,200041333
202200034348,2022-07-17,2022,juillet,dimanche,08:35,75,75119,48.888836,2.378876,2,3,3,1,1,4,1,4,1,1,,-1,1,0,1,4,1,12,9,1,2,0,2,1,19,202200034348B01,7,1,1,200054781
202200034361,2022-12-09,2022,décembre,vendredi,02:35,94,94018,48.8262853871,2.3912874623,1,1,2,3,1,1,1,5,2,2,,-1,1,0,1,4,1,28,1,1,2,0,2,4,2,202200034361B01,7,2,1,200054781
202200034410,2022-07-15,2022,juillet,vendredi,16:00,15,15192,45.076907,2.726122,1,1,7,1,1,3,2,2,2,2,,-1,1,0,1,3,1,59,5,1,6 / 2,0,0,0,1,202200034410A01,,,,241501089
202200034413,2022-07-14,2022,juillet,jeudi,18:55,70,70206,47.60357,6.769096,2,3,1,1,7,4,2,2,1,1,,-1,1,0,1,3,1,8,5,1,2,0,2,1,13,202200034413B01,7,13,1,247000722
202200034426,2022-07-18,2022,juillet,lundi,11:31,60,60509,49.300218,2.604494,2,2,3,1,1,3,2,2,1,1,,-1,1,0,1,4,1,50,5,1,2,0,2,1,2,202200034426B01,7,16,1,246000921
202200034467,2022-12-06,2022,décembre,mardi,17:14,10,10297,48.31809,4.10409,2,2,1,5,1,3,2,2,1,1,,-1,1,0,1,4,1,50,1,2,,0,2,1,1,202200034467B01,7,15,1,200069250
202200034483,2022-06-07,2022,juin,mardi,11:20,26,26315,45.003955,5.423727,1,1,7,5,9,3,2,2,2,3,,-1,1,1,1,3,1,74,5,2,,0,0,0,1,202200034483A01,,,,200067767
202200034490,2022-07-14,2022,juillet,jeudi,09:50,62,62128,50.309187,2.949625,2,2,1,1,1,3,2,2,1,1,,4,1,0,1,4,1,61,5,1,2,0,2,8,1,202200034490B01,7,15,1,200044048
202200034508,2022-07-12,2022,juillet,mardi,11:43,51,51230,49.0377647887,3.95621337,2,1,3,1,1,4,1,1,2,1,,-1,1,0,1,4,2,34,5,2,,0,2,8,1,202200034508B01,7,15,1,200067684
202200034536,2022-03-01,2022,mars,mardi,00:40,75,75111,48.8577740625,2.3709064722,2,2,3,5,1,4,3,2,1,1,,-1,1,5,1,4,2,28,9,1,2,0,2,1,1,202200034536A01,7,1,1,200054781
202200034560,2022-07-17,2022,juillet,dimanche,02:05,26,26198,44.539441,4.761486,2,1,1,3,1,4,2,2,1,1,,-1,1,0,1,4,1,20,0,2,,0,2,4,1,202200034560B01,7,1,1,200040459
202200034562,2022-07-07,2022,juillet,jeudi,16:45,16,16089,45.66633,-0.30271,1,1,7,1,1,3,2,2,1,1,,5.5,1,0,1,4,1,52,0,2,,0,0,0,0,202200034562A01,,,,200070514
202200034597,2022-01-20,2022,janvier,jeudi,07:30,75,75108,48.869035,2.314769,2,3,1,2,8,4,1,1,1,1,,-1,2,0,1,4,1,19,5,2,,0,2,1,5,202200034597B01,30,16,1,200054781
202200034599,2022-01-20,2022,janvier,jeudi,21:00,75,75107,48.850364,2.306805,2,2,3,5,1,4,2,2,1,1,,-1,1,0,1,4,2,65,9,1,2 / 4,0,2,3,1,202200034599B01,7,15,1,200054781
202200034606,2022-07-16,2022,juillet,samedi,01:50,75,75110,48.874805,2.35739,2,2,3,5,1,4,2,4,1,1,,-1,1,0,5,4,1,27,5,2,,0,2,7,1,202200034606B01,7,1,1,200054781
202200034621,2022-02-25,2022,février,vendredi,18:00,61,61462,48.729146,-0.039238,2,6,3,1,1,3,3,2,1,1,,-1,1,0,1,4,2,60,1,2,,0,2,8,19,202200034621B01,7,9,1,200068450
202200034624,2022-03-01,2022,mars,mardi,12:00,46,46251,44.855721,1.8773,2,3,3,1,1,4,2,2,1,1,,4,1,0,1,3,2,58,1,2,,0,2,1,1,202200034624B01,10,9,1,200066371
202200034632,2022-01-20,2022,janvier,jeudi,15:00,35,35333,47.899826,-1.405617,1,1,3,1,1,3,2,2,2,1,,-1,2,0,1,4,1,51,5,1,2 / 6 / 9,0,2,8,2,202200034632B01,7,17,1,243500634
202200034642,2022-03-01,2022,mars,mardi,13:35,05,05123,44.546227,5.985746,1,1,3,1,1,3,2,2,1,1,,-1,1,0,1,4,1,72,5,1,2,0,2,8,1,202200034642B01,7,1,1,200067445
202200034670,2022-02-28,2022,février,lundi,07:45,67,67173,48.621719,7.689582,2,6,3,1,1,3,1,1,1,2,,-1,1,0,8,4,2,52,1,2,,0,2,1,0,202200034670B01,7,0,1,200034635
202200034689,2022-03-01,2022,mars,mardi,08:45,83,83112,43.183416,5.691454,2,6,2,1,1,3,1,2,1,2,,-1,1,0,1,3,1,77,5,2,,0,2,7,12,202200034689A01,7,1,1,248300394
202200034694,2022-08-27,2022,août,samedi,15:55,63,63348,45.508768,3.504016,1,2,3,1,1,4,-1,1,2,4,,3,1,0,1,4,1,68,5,1,2,0,0,1,1,202200034694C01,7,19,1,200070407
202200034694,2022-08-27,2022,août,samedi,15:55,63,63348,45.508768,3.504016,1,2,3,1,1,4,-1,1,2,4,,3,1,0,1,3,1,68,5,1,2,0,2,1,1,202200034694B01,7,19,1,200070407
202200034699,2022-08-25,2022,août,jeudi,13:21,25,25482,47.269307,5.819208,1,3,3,1,9,3,2,2,1,3,,-1,1,0,1,3,1,64,9,1,2 / 6,0,2,8,13,202200034699B01,7,2,1,200041887