Num_Acc,date,an,mois,jour,hrmn,dep,com,lat,long,agg,int,col,lum,atm,catr,circ,nbv,prof,plan,lartpc,larrout,surf,infra,situ,grav,sexe,age,trajet,secuexist,equipement,obs,obsm,choc,manv,vehiculeid,typevehicules,manoeuvehicules,numVehicules,_infos_commune.code_epci
202200037105,2022-08-24,2022,août,mercredi,20:05,89,89056,47.992901,3.484672,1,3,1,1,1,3,2,2,1,1,,5.75,1,0,1,4,1,10,5,2,,0,2,1,9,202200037105A01,7,1,1,248900938
202200037108,2022-02-26,2022,février,samedi,02:50,75,75119,48.8807445556,2.37284026,2,3,2,5,1,4,1,1,1,1,,-1,1,0,1,4,2,31,5,1,2,0,2,6,2,202200037108A01,7,2,1,200054781
202200037114,2022-02-25,2022,février,vendredi,23:45,75,75117,48.88992,2.305448,2,1,1,5,1,4,2,2,1,1,,-1,1,-1,5,4,1,36,9,1,2,0,2,3,1,202200037114B01,80,5,1,200054781
202200037140,2022-04-14,2022,avril,jeudi,08:47,63,63113,45.77887,3.11229,2,1,3,1,1,4,1,2,1,1,,-1,1,0,1,4,1,32,0,2,,0,2,0,1,202200037140B01,7,20,1,246300701
202200037151,2022-02-26,2022,février,samedi,15:25,92,92064,48.8422486021,2.2071105391,2,2,3,1,1,3,2,8,1,1,,-1,1,5,1,1,1,25,5,1,2,0,2,8,15,202200037151A01,37,1,1,200054781
202200037155,2022-06-15,2022,juin,mercredi,20:50,54,54547,48.65998,6.17662,2,1,3,1,1,4,1,4,1,1,,-1,1,0,1,4,1,13,5,1,2,0,2,1,19,202200037155B01,7,1,1,245400676
202200037195,2022-04-05,2022,avril,mardi,13:08,2A,2A008,41.842159,8.875011,2,1,1,1,1,3,2,2,1,3,,-1,1,0,1,4,1,25,5,1,2,0,2,3,1,202200037195B01,7,1,1,200038958
202200037200,2022-04-08,2022,avril,vendredi,11:20,46,46114,44.577481,1.158341,1,1,3,1,1,3,2,2,1,3,,-1,1,0,1,3,1,61,5,2,,0,0,1,2,202200037200B01,7,2,1,200035327
202200037206,2022-06-15,2022,juin,mercredi,21:10,75,75106,48.853145,2.335785,2,5,3,1,1,4,1,3,1,1,,-1,1,0,1,4,2,25,2,2,,0,2,3,15,202200037206B01,7,1,1,200054781
202200037214,2022-06-15,2022,juin,mercredi,00:17,75,75106,48.85061,2.338067,2,4,6,5,1,4,1,1,2,1,,-1,1,0,1,4,1,47,5,1,2,1,0,1,14,202200037214A01,,,,200054781
202200037222,2022-06-15,2022,juin,mercredi,09:10,75,75120,48.864631,2.404157,2,2,3,1,1,4,2,4,2,1,,-1,1,-1,5,1,2,34,9,1,2,0,2,6,1,202200037222B01,37,15,1,200054781
202200037222,2022-06-15,2022,juin,mercredi,09:10,75,75120,48.864631,2.404157,2,2,3,1,1,4,2,4,2,1,,-1,1,-1,5,3,1,3,9,1,3,0,2,6,1,202200037222B01,37,15,1,200054781
202200037224,2022-06-15,2022,juin,mercredi,19:11,75,75119,48.885185,2.379378,2,3,3,1,1,4,2,4,1,1,,-1,1,0,1,4,1,38,4,2,,0,2,8,19,202200037224B01,30,1,1,200054781
202200037228,2022-06-15,2022,juin,mercredi,11:10,75,75117,48.892448,2.324828,2,2,3,1,1,4,2,2,1,1,,-1,1,0,1,4,2,42,9,2,,0,2,1,18,202200037228A01,7,22,1,200054781
202200037230,2022-06-14,2022,juin,mardi,16:50,75,75117,48.879645,2.294712,2,2,4,1,1,4,2,3,1,1,,-1,1,0,1,4,1,52,9,1,2,0,2,6,13,202200037230A01,7 / 33,1 / 3,2,200054781
202200037243,2022-06-14,2022,juin,mardi,14:00,75,75107,48.849978,2.304585,2,1,3,1,1,4,2,5,1,1,,-1,1,0,1,4,2,57,9,1,2,0,2,7,1,202200037243B01,7,22,1,200054781
202200037292,2022-06-15,2022,juin,mercredi,18:45,92,92064,48.852616,2.212793,2,1,7,1,1,3,2,2,1,1,,-1,1,0,1,4,1,55,5,2,,0,0,0,0,202200037292A01,,,,200054781
202200037341,2022-04-07,2022,avril,jeudi,17:35,26,26198,44.52534,4.74496,1,1,3,1,1,2,2,2,1,1,,-1,1,5,1,4,2,26,1,2,,0,2,1,0,202200037341B01,10,2,1,200040459
202200037359,2022-11-03,2022,novembre,jeudi,06:20,75,75105,48.847342,2.340852,2,7,3,5,1,4,2,-1,1,1,,-1,1,0,1,4,1,18,5,2,,0,2,4,1,202200037359B01,7,1,1,200054781
202200037364,2022-04-06,2022,avril,mercredi,21:40,10,10387,48.29105,4.075679,2,1,3,3,8,4,2,4,1,1,,-1,1,0,1,4,1,20,5,2,,0,2,0,19,202200037364A01,7,0,1,200069250
202200037367,2022-11-03,2022,novembre,jeudi,14:40,75,75110,48.882247,2.368178,2,1,3,1,2,4,2,2,1,1,,-1,2,0,1,4,1,41,1,2,,0,2,8,13,202200037367B01,37,1,1,200054781
202200037370,2022-11-03,2022,novembre,jeudi,13:08,75,75101,48.858723,2.347583,2,2,7,1,2,4,2,2,1,1,,-1,2,0,5,4,1,9,5,1,3,0,0,0,1,202200037370A01,,,,200054781
202200037370,2022-11-03,2022,novembre,jeudi,13:08,75,75101,48.858723,2.347583,2,2,7,1,2,4,2,2,1,1,,-1,2,0,5,1,2,49,5,2,,0,0,0,1,202200037370A01,,,,200054781
202200037382,2022-04-07,2022,avril,jeudi,08:59,75,75105,48.845956,2.341209,2,2,7,1,1,4,2,3,2,1,,-1,2,-1,5,4,2,29,1,1,2,0,0,0,1,202200037382A01,,,,200054781
202200037396,2022-04-07,2022,avril,jeudi,13:30,75,75115,48.8387406127,2.2821138331,2,2,2,1,1,4,2,2,1,1,,-1,1,0,1,4,2,30,3,1,2,0,2,6,2,202200037396A01,7,2,1,200054781
202200037408,2022-11-01,2022,novembre,mardi,10:40,40,40065,43.645687,-1.427048,2,6,3,1,1,4,2,2,1,1,,5.5,1,5,1,3,2,65,3,2,,0,2,7,1,202200037408B01,7,9,1,244000865
202200037431,2022-04-08,2022,avril,vendredi,12:10,06,06114,43.753014,7.276975,2,1,3,1,1,7,2,2,2,1,,-1,1,8,1,4,2,58,5,1,2,0,2,1,0,202200037431B01,7,1,1,200030195
202200037439,2022-11-04,2022,novembre,vendredi,07:50,25,25453,47.218442,6.542878,2,2,3,1,2,3,2,2,1,1,,-1,2,0,1,4,1,18,0,2,,0,2,7,1,202200037439B01,7,1,1,242504181
202200037451,2022-11-03,2022,novembre,jeudi,10:50,64,64499,43.468663,-0.926886,2,1,6,1,1,4,2,1,1,1,,3,1,9,1,3,1,76,0,2,,0,0,0,1,202200037451B01,7,20,1,200067288
202200037482,2022-04-08,2022,avril,vendredi,11:45,34,34332,43.314687,3.377845,1,2,3,1,1,3,2,2,1,1,,-1,1,0,1,4,1,84,5,1,2,0,2,7,19,202200037482A01,38,1,1,243400819
202200037484,2022-04-05,2022,avril,mardi,12:20,22,22359,48.5721704422,-3.3935739398,1,1,3,1,2,3,2,2,2,1,,-1,2,0,1,4,1,62,5,1,2,0,0,6,26,202200037484B01,7,9,1,200065928
202200037532,2022-04-07,2022,avril,jeudi,08:10,35,35152,48.209328,-1.512621,2,1,3,1,2,4,2,2,1,3,,5,2,0,8,4,1,11,2,1,2,0,2,1,19,202200037532B01,7,1,1,243500774
202200037533,2022-11-02,2022,novembre,mercredi,09:10,75,75118,48.884102,2.352966,2,1,3,1,1,4,1,4,1,1,,-1,1,0,5,4,2,33,9,1,2,1,0,1,1,202200037533B01,7,22,1,200054781
202200037535,2022-11-02,2022,novembre,mercredi,09:15,75,75115,48.83815,2.298155,2,1,3,1,1,4,2,4,1,1,,-1,1,0,6,4,1,26,1,1,2,0,2,7,14,202200037535A01,37,1,1,200054781
202200037538,2022-11-02,2022,novembre,mercredi,10:10,75,75107,48.858228,2.328341,2,2,3,1,1,4,1,2,1,1,,-1,1,0,1,4,1,49,9,1,2,0,2,1,1,202200037538A01,10,1,1,200054781
202200037587,2022-11-02,2022,novembre,mercredi,14:45,58,58196,47.096652,3.336673,1,1,7,1,1,3,2,2,2,1,,-1,1,0,3,3,1,75,5,1,2,13,0,9,1,202200037587A01,1,1,1,200067908
202200037587,2022-11-02,2022,novembre,mercredi,14:45,58,58196,47.096652,3.336673,1,1,7,1,1,3,2,2,2,1,,-1,1,0,3,4,1,75,5,1,2,13,0,9,1,202200037587B01,1,1,1,200067908
202200037595,2022-10-29,2022,octobre,samedi,10:50,37,37172,47.449785,0.697803,1,6,3,1,1,7,2,2,1,1,,-1,1,5,1,3,1,68,3,2,,0,0,7,1,202200037595B01,7,9,1,243700754
202200037611,2022-11-01,2022,novembre,mardi,17:20,54,54215,48.748337,6.153116,2,3,1,5,1,3,2,2,1,1,,-1,1,0,1,3,2,60,5,1,2,0,2,7,1,202200037611B01,7,15,1,245400601
202200037614,2022-10-26,2022,octobre,mercredi,14:00,69,69004,45.907457,4.650607,1,9,3,1,7,3,2,2,2,2,,-1,1,0,1,3,1,69,5,1,2 / 6 / 9,0,2,1,9,202200037614B01,7,15,1,200040574
202200037678,2022-05-16,2022,mai,lundi,15:40,75,75115,48.8449959537,2.3106895387,2,2,6,1,1,4,2,3,1,1,,-1,1,-1,5,1,1,20,9,1,2,0,1,4,1,202200037678A01,,,,200054781
202200037679,2022-05-16,2022,mai,lundi,12:15,75,75112,48.844678,2.405749,2,5,3,1,1,4,2,4,1,1,,-1,1,0,1,4,2,62,9,1,2,0,2,3,1,202200037679B01,7,15,1,200054781
202200037681,2022-05-16,2022,mai,lundi,09:00,75,75110,48.8769227629,2.3610667884,2,1,6,1,8,4,2,6,2,1,,-1,1,-1,5,1,1,28,1,1,2,0,1,1,1,202200037681A01,,,,200054781
202200037682,2022-05-16,2022,mai,lundi,00:30,75,75110,48.875783,2.348252,2,2,3,5,2,4,1,2,1,1,,-1,2,-1,6,4,1,34,9,1,2,0,2,1,1,202200037682A01,7,1,1,200054781
202200037700,2022-05-16,2022,mai,lundi,17:30,974,97401,-21.238152,55.342952,1,1,1,2,1,4,2,2,2,2,,4,1,0,1,3,1,14,5,2,,0,2,1,1,202200037700A01,7,1,1,249740077
202200037705,2022-05-14,2022,mai,samedi,15:45,57,57498,49.317772,6.021087,2,3,7,1,1,4,2,2,4,1,,-1,1,5,1,3,1,71,5,1,2,0,0,2,1,202200037705A01,,,,245701222
202200037711,2022-05-17,2022,mai,mardi,07:30,63,63149,45.884392,3.26103,1,1,2,2,1,3,2,2,1,1,,-1,1,0,1,3,1,64,5,2,,0,0,4,2,202200037711B01,10,2,1,200070753
202200037731,2022-05-16,2022,mai,lundi,14:00,11,11202,42.905877,3.036486,2,6,6,1,1,4,3,1,1,3,,4,1,6,5,3,1,70,5,1,2,0,2,8,19,202200037731A01,7,19,1,241100593
202200037744,2022-05-15,2022,mai,dimanche,18:50,52,52432,47.948021,5.295464,1,1,7,2,1,3,2,2,2,1,,-1,1,0,1,3,1,38,9,2,,0,0,0,1,202200037744A01,,,,200072999
202200037766,2022-04-13,2022,avril,mercredi,15:30,85,85109,46.863777,-1.030855,2,3,3,1,1,3,1,-1,-1,3,,-1,1,-1,1,3,1,85,5,1,2 / 6,0,2,1,1,202200037766B01,7,9,1,248500621
202200037777,2022-05-15,2022,mai,dimanche,20:30,69,69149,45.7178598753,4.8148991168,2,3,2,1,1,4,2,2,1,1,,-1,1,0,1,4,2,59,9,2,,0,2,0,0,202200037777B01,7,4,1,200046977
202200037796,2022-05-15,2022,mai,dimanche,08:30,69,69115,45.9785,4.71394,2,3,1,1,1,3,2,2,2,1,,-1,1,0,1,4,1,66,5,1,2 / 9,0,2,9,1,202200037796B01,7,15,1,200040590
202200037803,2022-05-15,2022,mai,dimanche,20:15,54,54395,48.6922540599,6.1790572107,2,2,3,1,1,4,1,2,1,1,,-1,1,0,1,4,2,62,5,1,2,0,9,1,1,202200037803B01,30,16,1,245400676
202200037816,2022-05-13,2022,mai,vendredi,10:05,01,01283,46.249041,5.647445,2,1,3,1,1,3,2,2,4,3,,-1,1,0,1,3,1,26,0,2,,0,2,1,13,202200037816B01,10,23,1,200042935
202200037823,2022-05-15,2022,mai,dimanche,23:02,75,75105,48.8442598777,2.3647816479,2,7,3,5,1,4,2,6,1,1,,-1,1,0,1,3,1,35,5,1,2,0,2,3,1,202200037823A01,7,15,1,200054781
202200037826,2022-05-14,2022,mai,samedi,16:10,75,75118,48.884088,2.331947,2,1,6,1,1,4,3,2,1,1,,-1,1,-1,6,1,1,23,9,1,2,0,1,2,7,202200037826A01,,,,200054781
202200037830,2022-05-15,2022,mai,dimanche,21:10,75,75114,48.8203553583,2.3381392658,2,1,6,5,2,4,3,3,1,1,,-1,2,0,1,1,1,20,4,1,2,0,1,1,1,202200037830A01,,,,200054781
202200037842,2022-05-29,2022,mai,dimanche,17:35,74,74010,45.868531,6.096286,2,1,7,1,1,3,2,2,2,1,,-1,1,0,1,3,2,56,3,2,,0,0,1,1,202200037842A01,,,,200066793
202200037910,2022-09-27,2022,septembre,mardi,17:40,85,85194,46.51542,-1.75844,2,6,3,1,2,4,1,2,1,2,,-1,2,9,8,3,2,57,3,2,,0,2,1,1,202200037910B01,7,9,1,200071165
202200037937,2022-09-27,2022,septembre,mardi,10:25,49,49007,47.4549,-0.52458,2,1,3,1,1,4,2,2,1,1,,-1,1,0,1,4,2,37,5,2,,0,2,9,1,202200037937B01,7,9,1,244900015
202200037948,2022-09-27,2022,septembre,mardi,16:21,35,35238,48.1163233687,-1.7164769769,2,6,2,1,2,4,1,1,1,2,,-1,2,0,1,4,2,24,1,1,2,0,2,4,0,202200037948B01,7,9,1,243500139
202200037979,2022-09-28,2022,septembre,mercredi,09:05,75,75119,48.87821,2.372528,2,1,3,1,8,4,2,1,2,1,,-1,1,0,1,4,1,30,1,1,2 / 4,0,2,1,1,202200037979B01,7,15,1,200054781
202200037982,2022-09-28,2022,septembre,mercredi,18:40,75,75117,48.884523,2.2972,2,7,3,1,1,4,1,3,1,2,,-1,1,0,5,4,2,38,4,1,2,0,2,3,1,202200037982B01,7,14,1,200054781
202200037985,2022-09-28,2022,septembre,mercredi,09:00,75,75113,48.826249,2.343138,2,1,6,1,1,4,2,3,1,1,,-1,2,0,6,4,2,49,1,1,2,0,1,1,7,202200037985A01,,,,200054781
202200038049,2022-12-01,2022,décembre,jeudi,13:48,68,68066,48.10623,7.379,2,1,6,1,1,3,2,2,1,1,,-1,1,0,1,4,1,33,9,2,,0,2,1,0,202200038049B01,7,0,1,246800726
202200038066,2022-09-28,2022,septembre,mercredi,09:10,974,97415,-21.050936,55.224066,2,3,3,1,1,4,2,2,1,1,,-1,1,0,1,4,1,24,5,1,2,0,2,1,1,202200038066B01,7,15,1,249740101
202200038128,2022-12-05,2022,décembre,lundi,18:00,12,12145,44.1074,3.08127,2,6,2,5,1,3,2,2,1,1,,-1,1,5,1,3,1,54,3,2,,0,2,5,1,202200038128B01,7,9,1,241200567
202200038139,2022-01-17,2022,janvier,lundi,16:30,14,14258,48.896126,-0.189471,2,2,3,1,1,3,2,2,1,1,,4,1,0,1,3,1,76,5,1,2 / 4,0,2,8,19,202200038139B01,7,1,1,241400514
202200038146,2022-09-13,2022,septembre,mardi,15:22,74,74249,46.36709,6.65014,1,1,2,1,1,3,2,2,2,1,,-1,1,0,1,2,2,72,5,1,2,0,2,4,1,202200038146B01,7,1,1,200071967
202200038200,2022-12-06,2022,décembre,mardi,11:37,75,75119,48.883117,2.371505,2,3,3,1,1,4,2,4,1,1,,-1,1,0,1,4,1,33,5,1,2,0,2,8,19,202200038200B01,32,15,1,200054781
202200038219,2022-01-16,2022,janvier,dimanche,20:31,75,75102,48.870325,2.34167,2,1,3,5,8,4,1,1,1,1,,-1,2,0,1,4,1,19,4,1,2,0,2,1,18,202200038219B01,7,22,1,200054781
202200038221,2022-01-16,2022,janvier,dimanche,15:55,75,75101,48.860579,2.34937,2,2,3,1,1,4,2,5,2,2,,-1,2,-1,5,4,2,26,9,1,2,0,2,1,1,202200038221B01,7,15,1,200054781
202200038235,2022-12-06,2022,décembre,mardi,07:35,93,93050,48.8584210807,2.5228080153,2,9,2,5,1,3,2,2,1,1,,-1,1,9,1,4,2,50,1,2,,0,0,0,0,202200038235B01,32,1,1,200054781
202200038244,2022-01-16,2022,janvier,dimanche,12:30,972,97225,14.762553,-61.160234,1,1,6,1,1,2,2,2,2,2,,-1,1,0,1,2,1,16,5,2,,6,0,1,1,202200038244A01,,,,200041788
202200038259,2022-12-06,2022,décembre,mardi,12:44,92,92012,48.82773,2.24685,2,1,7,1,2,4,2,0,1,1,,-1,2,0,1,4,2,56,0,1,2,0,0,8,26,202200038259A01,,,,200054781
202200038296,2022-07-16,2022,juillet,samedi,11:25,21,21086,46.988611,4.828593,2,1,1,1,1,4,2,2,1,1,,4,1,0,1,3,1,59,5,2,,0,2,8,19,202200038296A01,7,1,1,200006682
202200038335,2022-07-15,2022,juillet,vendredi,21:35,60,60142,49.129499,2.543764,1,1,2,2,1,3,2,2,1,1,,-1,1,0,1,3,1,55,5,1,2,0,0,4,1,202200038335A01,7,1,1,246000764
202200038340,2022-07-14,2022,juillet,jeudi,09:30,83,83107,43.412109,6.696961,1,3,5,1,1,3,2,2,1,1,,7,1,0,1,3,1,77,5,1,2 / 6,0,2,1,21,202200038340B01,7,1 / 9,2,200035319
202200038497,2022-07-08,2022,juillet,vendredi,14:00,05,05061,44.56358,6.08952,2,1,7,1,1,4,2,2,1,1,,-1,1,0,5,3,1,42,0,2,,0,0,0,26,202200038497A01,,,,200067825
202200038502,2022-07-14,2022,juillet,jeudi,19:10,75,75120,48.863454,2.389802,2,1,3,1,1,4,1,1,2,1,,-1,1,0,1,4,2,19,5,2,,0,2,1,1,202200038502A01,1,14,1,200054781
202200038505,2022-07-14,2022,juillet,jeudi,10:58,75,75119,48.882811,2.370355,2,2,3,1,1,4,2,5,1,1,,-1,1,9,1,4,1,29,5,1,2,0,2,8,15,202200038505B01,7,1,1,200054781
202200038511,2022-07-14,2022,juillet,jeudi,18:25,75,75111,48.86647,2.368208,2,4,3,1,1,4,2,4,1,1,,-1,1,0,5,4,1,34,9,2,,0,2,8,1,202200038511B01,7,15,1,200054781
202200038512,2022-02-25,2022,février,vendredi,23:10,974,97414,-21.2841909861,55.4045516328,2,1,2,3,1,2,2,2,1,1,,7,1,0,1,2,1,64,0,2,,0,0,4,0,202200038512B01,7,0,1,249740077
202200038517,2022-07-14,2022,juillet,jeudi,03:25,75,75107,48.857498,2.305353,2,3,6,5,1,4,1,1,1,1,,-1,1,0,1,4,1,19,5,2,,12,2,3,13,202200038517A01,,,,200054781
202200038519,2022-08-24,2022,août,mercredi,08:35,988,98818,-22.26837,166.47266,2,3,3,1,1,4,3,2,4,3,,-1,1,0,1,4,2,54,5,1,8,0,2,8,19,202200038519B01,7,16,1,
202200038547,2022-07-14,2022,juillet,jeudi,18:13,92,92044,48.8930932915,2.2927031815,2,2,3,1,1,4,1,1,1,1,,-1,1,0,1,4,1,18,0,1,2,0,2,7,1,202200038547B01,7,1,1,200054781
202200038552,2022-08-23,2022,août,mardi,12:00,69,69389,45.77346,4.80932,2,1,3,1,1,4,1,2,1,1,,-1,1,0,1,4,1,63,1,1,2,1,2,1,0,202200038552B01,7,24,1,200046977
202200038555,2022-07-13,2022,juillet,mercredi,16:30,67,67061,48.820329,7.448366,1,1,2,1,1,3,2,2,1,1,,-1,1,0,1,2,1,57,1,2,,13,0,4,2,202200038555B01,7,0,1,200067783
202200038586,2022-07-15,2022,juillet,vendredi,16:57,77,77347,48.471812,3.228092,1,1,6,1,1,3,2,2,2,1,,-1,1,0,1,3,1,57,5,1,2,0,2,4,1,202200038586B01,7,2,1,200040251
202200038586,2022-07-15,2022,juillet,vendredi,16:57,77,77347,48.471812,3.228092,1,1,6,1,1,3,2,2,2,1,,-1,1,0,1,3,1,50,5,1,2,0,2,4,1,202200038586C01,7,2,1,200040251
202200038594,2022-07-15,2022,juillet,vendredi,08:40,65,65127,43.087813,0.337873,1,3,3,1,1,3,2,2,1,1,,-1,1,9,1,4,1,68,5,1,2,0,2,1,1,202200038594B01,7,15,1,200070787
202200038612,2022-07-15,2022,juillet,vendredi,00:10,44,44072,47.456771,-2.314092,1,1,2,3,1,3,2,2,1,1,,-1,1,0,1,3,1,16,5,2,,0,0,4,0,202200038612B01,0,0,1,244400610
202200038633,2022-08-23,2022,août,mardi,19:47,47,47201,44.19378,0.59598,2,1,2,1,1,3,2,2,2,1,,-1,1,0,5,4,1,34,2,2,,0,2,4,1,202200038633B01,30,2,1,200096956
202200038633,2022-08-23,2022,août,mardi,19:47,47,47201,44.19378,0.59598,2,1,2,1,1,3,2,2,2,1,,-1,1,0,5,4,1,7,2,1,3,0,2,4,1,202200038633B01,30,2,1,200096956
202200038633,2022-08-23,2022,août,mardi,19:47,47,47201,44.19378,0.59598,2,1,2,1,1,3,2,2,2,1,,-1,1,0,5,4,2,4,2,1,3,0,2,4,1,202200038633B01,30,2,1,200096956
202200038635,2022-07-14,2022,juillet,jeudi,10:45,60,60277,49.42494,2.035573,2,9,2,1,1,4,2,2,1,1,,4,1,0,1,4,1,11,5,2,,0,0,4,0,202200038635A01,7,0,1,200067999
202200038639,2022-02-27,2022,février,dimanche,11:30,88,88175,48.215998,6.580923,1,3,1,1,1,4,2,2,2,3,,-1,1,5,1,3,1,29,5,1,2,0,2,1,1,202200038639B01,7,15,1,200042000
202200038650,2022-02-25,2022,février,vendredi,18:00,81,81140,43.698864,1.814235,2,1,2,2,1,9,2,1,1,1,,3.5,1,0,1,4,1,77,5,2,,0,2,1,17,202200038650A01,7,1,1,200034023
202200038652,2022-02-26,2022,février,samedi,15:35,09,09306,42.847651,1.603425,2,4,3,1,1,3,1,2,1,2,,-1,1,0,1,3,1,73,5,1,2,0,2,0,2,202200038652B01,7,2,1,240900431
202200038667,2022-07-15,2022,juillet,vendredi,11:45,95,95039,49.073486,2.187181,2,1,6,1,1,4,1,1,1,1,,-1,1,0,1,3,1,71,5,1,2 / 6 / 9,0,5,1,1,202200038667A01,,,,249500430
202200038687,2022-07-14,2022,juillet,jeudi,18:00,73,73116,45.2225301548,6.3040420711,1,1,6,1,1,3,2,2,2,2,,-1,1,0,3,2,1,74,5,1,2,4,0,1,15,202200038687A01,,,,200070464
202200038694,2022-07-14,2022,juillet,jeudi,11:30,26,26117,45.029839,5.384631,1,9,1,1,1,3,2,2,2,1,,-1,1,0,1,3,1,44,5,1,2 / 6,0,2,4,1,202200038694B01,7,15,1,200067767
202200038702,2022-08-23,2022,août,mardi,14:10,75,75118,48.893972,2.36519,2,1,6,1,1,4,1,2,1,1,,-1,1,0,1,4,1,29,3,1,2,0,1,1,5,202200038702A01,,,,200054781
202200038712,2022-08-23,2022,août,mardi,17:50,75,75107,48.858555,2.332468,2,3,3,1,1,4,2,5,1,1,,-1,1,-1,5,4,2,25,9,2,,0,2,0,1,202200038712B01,7,16,1,200054781
202200038718,2022-07-14,2022,juillet,jeudi,18:55,60,60139,49.162691,2.252964,2,3,3,1,7,3,2,2,1,1,,-1,1,0,1,4,1,18,1,2,,0,2,8,19,202200038718B01,7,15,1,200067973
202200038801,2022-06-15,2022,juin,mercredi,15:50,57,57541,48.983688,7.563213,2,1,3,1,1,4,1,1,3,1,,-1,1,0,1,3,1,14,5,2,,0,2,1,9,202200038801A01,7,10,1,200069441
202200038832,2022-06-15,2022,juin,mercredi,17:30,90,90081,47.506421,7.118272,2,1,3,1,1,9,1,2,2,1,,4,1,0,1,4,1,14,5,2,,0,2,1,16,202200038832B01,10,5,1,249000241
202200038836,2022-08-24,2022,août,mercredi,12:35,53,53146,48.1963405146,-0.6666485519,1,6,3,1,7,2,2,2,1,2,,-1,1,5,1,4,1,44,5,1,2,0,2,5,1,202200038836B01,7,9,1,200055887
202200038841,2022-08-23,2022,août,mardi,08:30,53,53097,48.15635,-0.394053,2,9,3,1,1,3,2,2,1,1,,4,1,0,1,2,1,97,3,2,,0,2,2,2,202200038841B01,7,2,1,200033298
202200038854,2022-08-23,2022,août,mardi,18:30,69,69268,45.651353,4.762155,1,3,3,2,1,3,2,2,2,1,,-1,1,0,1,3,1,56,0,1,2,0,2,3,15,202200038854B01,7,1,1,246900757
202200038863,2022-08-23,2022,août,mardi,17:20,69,69064,45.457207,4.756715,2,1,3,1,1,3,2,2,1,1,,-1,1,0,8,4,1,16,0,2,,0,2,1,19,202200038863A01,7,15,1,200077014
202200038900,2022-06-15,2022,juin,mercredi,12:45,63,63077,45.590348,2.866573,1,1,6,1,1,3,2,2,2,3,,-1,1,0,3,3,1,42,9,1,2,13,0,1,1,202200038900A01,,,,246300966
202200038901,2022-02-25,2022,février,vendredi,09:18,10,10387,48.308893376,4.0688896179,2,1,3,1,1,4,1,1,1,1,,-1,1,0,5,4,2,64,1,2,,0,2,0,0,202200038901B01,7,9,1,200069250
202200038905,2022-08-23,2022,août,mardi,07:35,14,14258,48.889884,-0.181607,2,6,3,2,2,3,2,2,1,3,,-1,2,5,1,3,1,61,5,1,2,0,2,1,1,202200038905B01,7,9,1,241400514
202200038912,2022-06-16,2022,juin,jeudi,08:10,17,17021,45.758219,-1.124554,1,6,3,1,1,3,1,1,1,1,,-1,1,0,1,4,1,45,1,2,,0,2,7,1,202200038912B01,7,1,1,241700640
202200038928,2022-02-25,2022,février,vendredi,17:05,75,75106,48.8542978591,2.3431778778,2,3,2,1,1,4,2,4,1,1,,-1,1,-1,4,1,-1,2022,-1,2,,0,2,1,2,202200038928Z01,60,2,1,200054781
202200038932,2022-02-25,2022,février,vendredi,16:06,75,75105,48.848904,2.347473,2,2,6,1,1,4,2,2,1,1,,-1,1,0,1,4,1,57,9,1,2,0,1,1,16,202200038932A01,,,,200054781
202200038964,2022-02-25,2022,février,vendredi,19:35,75,75110,48.875788,2.356518,2,3,3,5,1,4,2,4,1,1,,-1,1,-1,5,4,1,31,1,1,2,0,2,8,1,202200038964B01,7,16,1,200054781
202200038968,2022-03-21,2022,mars,lundi,08:35,14,14047,49.278816,-0.707663,2,2,3,1,1,4,1,2,1,1,,-1,1,0,1,4,2,21,1,2,,0,2,8,1,202200038968B01,7,1,1,241400555
202200038971,2022-02-25,2022,février,vendredi,10:30,75,75110,48.872898,2.363739,2,2,3,1,1,4,1,3,1,1,,-1,1,0,1,4,2,53,9,1,2,0,2,3,1,202200038971B01,99,16,1,200054781
202200038978,2022-02-25,2022,février,vendredi,19:57,75,75104,48.850434,2.360089,2,3,1,5,1,4,2,3,1,1,,-1,1,-1,5,4,1,62,1,1,2,0,2,1,1,202200038978A01,33,5,1,200054781
202200038979,2022-02-25,2022,février,vendredi,16:45,75,75104,48.8544130374,2.3544770364,2,1,6,1,1,4,2,2,1,1,,-1,1,6,6,4,1,17,5,1,2,0,1,1,1,202200038979A01,,,,200054781
202200039047,2022-08-22,2022,août,lundi,17:30,44,44162,47.22927,-1.60804,2,1,2,1,1,4,2,2,1,2,,-1,1,0,1,4,1,59,0,2,,0,2,7,1,202200039047B01,7,16,1,244400404
202200039099,2022-02-26,2022,février,samedi,14:35,01,01338,45.710315,5.555642,2,4,6,1,1,3,2,2,1,1,,4,1,0,1,3,1,13,5,2,,0,2,1,15,202200039099B01,7,1,1,200040350
202200039118,2022-02-25,2022,février,vendredi,16:00,43,43187,45.159546,3.828671,1,2,3,1,1,3,2,2,1,1,,-1,1,0,1,3,1,11,5,1,2,0,2,1,1,202200039118B01,10,13,1,200073419