Num_Acc,date,an,mois,jour,hrmn,dep,com,lat,long,agg,int,col,lum,atm,catr,circ,nbv,prof,plan,lartpc,larrout,surf,infra,situ,grav,sexe,age,trajet,secuexist,equipement,obs,obsm,choc,manv,vehiculeid,typevehicules,manoeuvehicules,numVehicules,_infos_commune.code_epci
202200039132,2022-06-13,2022,juin,lundi,09:50,38,38185,45.17736,5.71795,2,1,3,1,1,4,2,2,1,1,,-1,1,9,1,2,1,14,2,2,,0,2,7,1,202200039132A01,7,1,1,200040715
202200039144,2022-06-11,2022,juin,samedi,14:10,34,34129,43.5795,3.9319,2,1,3,1,1,4,1,3,1,1,,-1,1,0,1,2,2,68,5,1,2,0,2,8,15,202200039144A01,7,0,1,243400017
202200039153,2022-04-06,2022,avril,mercredi,17:50,69,69388,45.74334,4.87426,2,2,3,1,1,4,1,1,1,1,,-1,1,0,1,4,1,21,0,2,,0,2,0,0,202200039153B01,33,1,1,200046977
202200039174,2022-06-05,2022,juin,dimanche,11:50,07,07008,44.70163,4.64972,1,1,3,1,1,4,-1,1,1,1,,-1,1,0,1,3,1,65,5,2,,0,2,8,26,202200039174B01,0,17,1,200071413
202200039189,2022-06-14,2022,juin,mardi,19:45,75,75106,48.85241,2.33169,2,5,2,1,1,4,2,2,1,1,,-1,1,0,1,4,1,27,5,1,2,0,2,2,2,202200039189A01,7,23,1,200054781
202200039191,2022-06-14,2022,juin,mardi,18:25,75,75105,48.848086,2.35048,2,2,7,1,1,4,2,3,2,1,,-1,1,0,1,4,2,23,1,1,2,0,0,1,1,202200039191A01,,,,200054781
202200039197,2022-06-14,2022,juin,mardi,15:15,75,75115,48.847371,2.303022,2,3,2,1,1,4,1,1,1,1,,-1,1,0,1,4,2,44,1,1,2,0,2,1,2,202200039197B01,10,4,1,200054781
202200039198,2022-06-14,2022,juin,mardi,14:45,75,75115,48.840038,2.294464,2,1,7,1,1,4,2,3,1,1,,-1,1,0,5,4,1,66,5,2,,0,0,0,1,202200039198A01,,,,200054781
202200039200,2022-06-14,2022,juin,mardi,08:40,75,75114,48.829676,2.317981,2,3,3,1,1,4,2,2,1,1,,-1,1,0,5,4,1,36,1,1,2,0,2,0,16,202200039200A01,50,1,1,200054781
202200039203,2022-06-14,2022,juin,mardi,16:36,75,75113,48.824164,2.37678,2,2,6,1,1,4,3,2,2,1,,-1,1,0,5,1,1,35,1,1,2,0,1,8,1,202200039203A01,,,,200054781
202200039213,2022-06-14,2022,juin,mardi,18:20,75,75111,48.853585,2.380425,2,2,1,1,1,4,2,2,1,1,,-1,1,0,1,4,2,51,9,1,2,0,2,1,5,202200039213B01,7,1,1,200054781
202200039229,2022-04-06,2022,avril,mercredi,07:45,26,26198,44.565626,4.797674,1,1,3,1,1,3,2,2,1,1,,-1,1,0,1,3,1,16,2,2,,0,2,1,19,202200039229A01,37,1,1,200040459
202200039248,2022-04-06,2022,avril,mercredi,14:30,75,75119,48.8870201016,2.3679106687,2,1,2,1,1,4,2,2,1,1,,-1,1,0,1,4,1,50,9,1,2,0,2,8,2,202200039248A01,7,2,1,200054781
202200039250,2022-04-06,2022,avril,mercredi,14:13,75,75119,48.884378,2.366181,2,1,6,1,1,4,3,3,1,1,,-1,1,-1,5,1,1,69,5,1,2,0,1,1,1,202200039250A01,,,,200054781
202200039258,2022-04-06,2022,avril,mercredi,21:35,75,75117,48.8852283664,2.3072221332,2,5,3,5,3,4,1,1,1,1,,-1,2,0,1,4,2,25,5,1,2,0,2,3,15,202200039258A01,7,1,1,200054781
202200039289,2022-10-31,2022,octobre,lundi,12:50,75,75108,48.867534,2.299406,2,2,3,1,1,4,2,2,1,1,,-1,1,0,1,4,2,23,9,1,2,0,2,1,1,202200039289B01,7,22,1,200054781
202200039296,2022-04-06,2022,avril,mercredi,20:19,93,93055,48.899148,2.396957,2,6,3,5,8,3,1,1,2,2,,-1,1,9,1,4,2,32,0,2,,0,2,6,15,202200039296B01,7,16,1,200054781
202200039325,2022-11-01,2022,novembre,mardi,12:05,56,56214,47.5100358,-2.844504118,1,1,7,1,1,4,2,2,2,1,,5,1,0,1,3,1,33,5,1,2,0,0,1,1,202200039325A01,,,,200067932
202200039326,2022-04-05,2022,avril,mardi,11:44,56,56178,48.054189,-2.959882,2,1,2,1,1,4,2,2,1,1,,-1,1,0,5,3,1,66,3,1,2,0,2,1,2,202200039326C01,15,20,1,245614433
202200039358,2022-03-28,2022,mars,lundi,16:50,73,73121,45.624078,6.322643,1,6,3,1,1,3,2,2,1,2,,-1,1,5,1,3,1,55,5,1,2,0,2,5,26,202200039358B01,10,9,1,200068997
202200039362,2022-04-07,2022,avril,jeudi,14:30,27,27284,49.281202,1.780965,2,1,7,1,1,4,1,1,1,1,,3,1,0,1,4,1,17,0,2,,0,0,0,0,202200039362A01,,,,200071843
202200039380,2022-10-28,2022,octobre,vendredi,14:30,65,65320,43.128821,0.115437,1,2,3,1,1,3,2,3,1,1,,-1,1,5,1,4,1,75,5,2,,0,2,1,1,202200039380A01,7,1,1,246500482
202200039411,2022-01-31,2022,janvier,lundi,09:25,75,75115,48.852086,2.285436,2,1,6,1,1,4,2,2,1,1,,-1,1,-1,5,4,2,31,1,1,2,12,0,1,14,202200039411A01,,,,200054781
202200039429,2022-11-01,2022,novembre,mardi,01:10,69,69386,45.763841273,4.8581850529,2,2,1,5,3,4,1,2,1,1,,-1,2,0,1,4,1,26,0,2,,0,2,8,1,202200039429A01,7,1,1,200046977
202200039459,2022-04-04,2022,avril,lundi,07:25,68,68166,47.79384,7.33569,2,2,3,2,1,3,2,2,1,1,,-1,1,0,1,4,1,52,1,1,2,0,2,8,1,202200039459B01,7,15,1,200066009
202200039470,2022-10-31,2022,octobre,lundi,15:01,49,49007,47.46362,-0.55527,2,9,7,1,2,4,2,2,1,1,,-1,2,9,6,4,2,51,1,2,,0,0,0,1,202200039470A01,,,,244900015
202200039500,2022-10-31,2022,octobre,lundi,16:10,10,10387,48.29961,4.08951,2,1,3,1,1,4,1,1,1,1,,-1,1,0,1,4,1,27,1,2,,0,2,8,1,202200039500B01,7,17,1,200069250
202200039559,2022-05-15,2022,mai,dimanche,11:57,75,75109,48.871981,2.340046,2,5,6,1,1,4,2,6,1,1,,-1,1,-1,5,4,1,19,9,1,2,0,1,1,1,202200039559A01,,,,200054781
202200039560,2022-05-15,2022,mai,dimanche,12:29,75,75109,48.8719973438,2.340054363,2,5,2,1,1,4,2,5,1,1,,-1,1,0,1,4,1,56,5,1,2,0,2,4,2,202200039560A01,7,2,1,200054781
202200039561,2022-05-15,2022,mai,dimanche,10:50,75,75101,48.861991,2.350158,2,2,6,1,1,4,2,5,1,1,,-1,1,-1,5,4,1,49,5,1,2,14,0,1,17,202200039561A01,,,,200054781
202200039575,2022-05-15,2022,mai,dimanche,06:55,974,97414,-21.280867,55.386693,1,1,2,1,1,2,2,4,1,1,,-1,1,0,1,3,1,65,5,1,2,0,0,4,0,202200039575B01,7,14,1,249740077
202200039576,2022-05-14,2022,mai,samedi,18:15,68,68315,47.877599,7.220126,2,3,3,1,7,3,2,2,1,1,,-1,1,0,1,4,1,50,5,1,2,0,2,1,1,202200039576B01,7,15,1,246800569
202200039593,2022-05-14,2022,mai,samedi,16:30,38,38027,45.435849,6.002483,1,6,3,1,1,3,1,1,1,2,,-1,1,0,1,3,1,62,5,1,2,0,2,3,2,202200039593B01,7,15,1,200018166
202200039605,2022-05-15,2022,mai,dimanche,11:45,23,23102,46.261852,2.031178,1,1,7,1,1,3,2,2,1,1,,-1,1,0,3,2,1,76,5,1,2,0,0,0,1,202200039605A01,,,,200067544
202200039607,2022-05-15,2022,mai,dimanche,14:00,88,88075,48.02248,6.905784,1,1,3,1,1,3,2,2,1,1,,-1,1,0,1,3,1,53,5,1,2,0,2,7,17,202200039607B01,7,15,1,200096634
202200039608,2022-05-15,2022,mai,dimanche,13:20,88,88075,48.019324,6.890144,1,9,3,1,1,3,2,2,2,1,,-1,1,0,1,4,1,28,5,1,2,0,2,8,13,202200039608B01,7,15,1,200096634
202200039615,2022-05-15,2022,mai,dimanche,19:30,987,98729,-17.591258,-149.830899,2,1,1,3,1,2,2,2,1,1,,-1,1,0,8,3,1,22,5,2,,0,2,1,0,202200039615B01,7,0,1,
202200039662,2022-04-26,2022,avril,mardi,22:45,973,97305,4.981145,-52.468829,1,1,2,3,1,3,2,2,1,1,,-1,1,0,1,2,1,46,5,2,,0,2,4,0,202200039662A01,7,1,1,249730045
202200039720,2022-05-13,2022,mai,vendredi,13:30,75,75116,48.858924,2.229148,2,1,3,1,1,4,2,3,1,1,,-1,1,-1,5,4,1,47,5,1,2,0,2,1,1,202200039720B01,10,15,1,200054781
202200039724,2022-05-14,2022,mai,samedi,11:15,75,75107,48.8592161014,2.305079028,2,2,2,1,1,4,1,1,1,1,,-1,1,0,1,4,2,56,5,1,2,0,2,3,2,202200039724B01,7,4,1,200054781
202200039725,2022-05-14,2022,mai,samedi,11:15,75,75112,48.83648,2.404089,2,3,3,1,1,4,2,4,2,1,,-1,1,0,1,4,1,17,5,1,2,0,2,2,13,202200039725A01,10,17,1,200054781
202200039750,2022-05-14,2022,mai,samedi,17:00,62,62338,50.628081,2.851199,1,3,1,1,1,3,2,2,1,2,,-1,1,0,1,3,1,64,5,1,2,0,2,8,15,202200039750B01,7,1,1,245900758
202200039802,2022-01-15,2022,janvier,samedi,10:38,75,75119,48.898473,2.376547,2,1,3,1,1,4,3,6,1,1,,-1,1,-1,5,4,1,47,5,2,,0,2,8,19,202200039802A01,30,1,1,200054781
202200039806,2022-01-15,2022,janvier,samedi,15:15,75,75112,48.847158,2.406251,2,2,3,1,1,4,1,2,1,1,,-1,1,0,1,3,1,70,9,1,2 / 6,0,2,6,15,202200039806A01,33,1,1,200054781
202200039807,2022-09-27,2022,septembre,mardi,16:45,75,75115,48.8451654086,2.294279784,2,1,6,1,2,4,2,2,1,1,,-1,2,0,1,1,1,36,9,1,2,0,1,1,1,202200039807A01,,,,200054781
202200039810,2022-09-26,2022,septembre,lundi,11:44,75,75115,48.835385,2.302784,2,3,6,1,2,4,2,2,2,1,,-1,2,0,4,1,1,27,4,2,,0,1,1,14,202200039810A01,,,,200054781
202200039812,2022-09-27,2022,septembre,mardi,10:10,75,75114,48.827828,2.330338,2,2,3,1,1,4,2,4,1,1,,-1,2,-1,6,4,2,16,2,1,2,0,2,3,13,202200039812B01,37,7,1,200054781
202200039815,2022-09-27,2022,septembre,mardi,16:30,75,75112,48.8347411048,2.3878969252,2,3,3,1,2,4,2,2,1,1,,-1,2,0,1,4,2,47,5,1,2,0,2,1,16,202200039815A01,10,15,1,200054781
202200039818,2022-09-27,2022,septembre,mardi,09:29,75,75110,48.8685105643,2.3630288243,2,7,1,1,2,4,2,2,1,1,,-1,2,-1,6,4,2,31,9,1,2,0,2,1,17,202200039818A01,50,1,1,200054781
202200039823,2022-09-27,2022,septembre,mardi,19:20,75,75107,48.8628749821,2.3151996732,2,3,6,5,2,4,2,5,1,1,,-1,2,-1,5,1,1,51,5,1,2,0,1,7,17,202200039823A01,,,,200054781
202200039881,2022-09-28,2022,septembre,mercredi,08:27,80,80644,49.87356,2.709643,2,1,2,1,1,3,2,2,1,1,,-1,2,0,1,2,1,45,5,2,,0,2,4,13,202200039881B01,10,17,1,200070928
202200039888,2022-09-27,2022,septembre,mardi,08:10,29,29293,47.857129,-3.850837,2,6,3,1,1,4,2,1,1,2,,-1,1,0,1,4,2,47,1,2,,0,2,2,1,202200039888B01,7,9,1,242900769
202200039920,2022-09-28,2022,septembre,mercredi,08:45,77,77222,48.633199,2.804829,2,5,3,1,1,3,2,2,1,1,,-1,2,9,1,4,1,33,0,1,2,0,2,1,1,202200039920B01,7,15,1,200070779
202200039925,2022-09-28,2022,septembre,mercredi,15:30,42,42304,45.541935,4.191692,2,1,1,1,2,3,2,2,1,1,,-1,2,0,1,3,1,18,5,1,2,0,2,3,1,202200039925B01,10,1,1,200065886
202200039941,2022-01-14,2022,janvier,vendredi,08:30,92,92020,48.8071254325,2.2853756547,2,9,3,1,1,3,-1,1,1,1,,-1,1,0,1,4,1,54,1,2,,16,0,0,26,202200039941B01,7,14,1,200054781
202200039945,2022-09-26,2022,septembre,lundi,17:00,44,44204,47.26475,-1.443844,2,6,3,1,2,4,2,2,1,1,,-1,2,5,1,3,2,54,1,2,,0,2,7,1,202200039945B01,7,9,1,244400404
202200039971,2022-01-13,2022,janvier,jeudi,18:00,88,88087,48.17297,6.434,2,3,1,5,1,3,2,2,1,1,,-1,1,0,1,4,1,50,5,1,2 / 4,0,0,0,0,202200039971B01,10,15,1,200068757
202200040019,2022-01-13,2022,janvier,jeudi,10:18,54,54395,48.6754553343,6.176245451,2,1,3,1,1,4,1,-1,1,1,,-1,1,0,1,4,1,57,0,1,2,0,2,7,1,202200040019B01,7,13,1,245400676
202200040071,2022-01-14,2022,janvier,vendredi,13:00,75,75105,48.851094,2.346261,2,4,6,1,1,4,1,1,1,1,,-1,1,-1,5,4,2,56,9,2,,0,1,1,1,202200040071A01,,,,200054781
202200040074,2022-01-14,2022,janvier,vendredi,20:20,75,75120,48.874411,2.386295,2,3,3,5,1,4,2,2,1,1,,-1,1,0,1,4,1,24,5,2,,0,2,1,9,202200040074A01,30,1,1,200054781
202200040097,2022-01-14,2022,janvier,vendredi,12:25,75,75111,48.863951,2.375527,2,3,3,1,1,4,2,2,1,1,,-1,1,0,1,4,2,32,5,2,,0,2,8,1,202200040097B01,10,17,1,200054781
202200040105,2022-01-13,2022,janvier,jeudi,20:00,75,75104,48.852882,2.368423,2,4,4,5,1,4,2,4,1,2,,-1,1,0,1,4,1,43,9,1,2,0,2,4,2,202200040105B01,7 / 10 / 43,2,3,200054781
202200040171,2022-12-05,2022,décembre,lundi,12:17,47,47001,44.19041,0.61375,2,1,3,1,1,4,2,2,1,2,,-1,1,0,1,4,1,62,0,1,2,0,2,8,2,202200040171B01,7,2,1,200096956
202200040180,2022-12-05,2022,décembre,lundi,18:10,37,37261,47.37358,0.67874,2,6,2,2,1,4,2,2,1,2,,-1,1,5,1,4,1,29,5,2,,0,2,4,1,202200040180B01,7,9,1,243700754
202200040218,2022-08-06,2022,août,samedi,20:30,74,74081,46.073856,6.56542,2,2,3,2,1,3,2,2,1,1,,-1,1,0,1,4,1,61,5,1,2,0,2,1,1,202200040218B01,7,15,1,200033116
202200040252,2022-12-04,2022,décembre,dimanche,16:50,47,47001,44.2057773196,0.6156912446,2,3,3,2,1,4,2,1,1,1,,-1,1,0,5,4,1,13,0,2,,0,9,7,0,202200040252A01,1,0,1,200096956
202200040252,2022-12-04,2022,décembre,dimanche,16:50,47,47001,44.2057773196,0.6156912446,2,3,3,2,1,4,2,1,1,1,,-1,1,0,5,4,2,36,5,2,,0,9,1,0,202200040252B01,1,0,1,200096956
202200040258,2022-12-04,2022,décembre,dimanche,09:35,30,30007,44.1258,4.0922,2,2,3,1,1,4,2,2,2,1,,-1,1,0,1,4,2,18,0,2,,0,2,1,1,202200040258A01,7,1,1,200066918
202200040285,2022-12-05,2022,décembre,lundi,15:50,75,75111,48.85916,2.374968,2,3,1,1,1,4,1,2,2,1,,-1,1,0,5,4,2,32,9,2,,0,2,1,1,202200040285A01,1,5,1,200054781
202200040359,2022-12-06,2022,décembre,mardi,08:55,53,53147,48.3087130203,-0.6478627877,1,1,7,1,1,2,2,2,2,1,,-1,1,0,1,2,1,66,0,2,,0,0,0,1,202200040359A01,,,,200055887
202200040397,2022-07-13,2022,juillet,mercredi,09:21,75,75106,48.848984,2.328742,2,2,2,1,1,4,2,3,1,1,,-1,1,0,1,4,2,22,9,1,2,0,2,1,1,202200040397A01,7,23,1,200054781
202200040406,2022-07-12,2022,juillet,mardi,18:50,75,75114,48.828002,2.315503,2,3,6,1,1,4,1,2,1,1,,-1,1,-1,5,1,1,28,5,1,6,0,1,8,1,202200040406A01,,,,200054781
202200040407,2022-07-13,2022,juillet,mercredi,01:45,75,75113,48.842786,2.364049,2,1,6,5,1,4,2,6,1,1,,-1,1,-1,6,4,1,35,5,2,,7,0,1,7,202200040407A01,,,,200054781
202200040410,2022-07-13,2022,juillet,mercredi,22:05,75,75106,48.851582,2.326819,2,2,3,5,1,4,2,3,1,1,,-1,1,0,1,4,1,44,5,2,,0,2,3,18,202200040410A01,7,1,1,200054781
202200040413,2022-07-13,2022,juillet,mercredi,09:20,75,75104,48.85326,2.368589,2,7,3,1,1,4,2,6,1,1,,-1,1,0,1,4,1,44,1,1,2,0,2,7,19,202200040413B01,7,1,1,200054781
202200040459,2022-08-01,2022,août,lundi,13:45,56,56186,47.487448,-3.126915,2,1,1,1,1,4,2,2,1,1,,4,1,0,1,4,1,22,1,2,,0,2,1,5,202200040459A01,7,17,1,200043123
202200040467,2022-08-22,2022,août,lundi,11:50,65,65468,43.252247,0.453128,1,1,7,1,1,3,2,2,4,1,,-1,1,0,1,3,2,13,5,1,2,0,0,1,1,202200040467A01,,,,200070795
202200040517,2022-07-13,2022,juillet,mercredi,10:15,25,25532,47.205149,6.102996,1,5,3,1,7,3,1,1,1,1,,-1,1,0,1,3,1,55,5,1,2,0,2,1,1,202200040517B01,10,19,1,242500361
202200040532,2022-06-14,2022,juin,mardi,18:53,75,75110,48.881759,2.351164,2,1,3,1,1,4,2,4,1,1,,-1,1,0,5,4,2,36,1,2,,0,2,1,1,202200040532A01,7,22,1,200054781
202200040547,2022-07-13,2022,juillet,mercredi,09:00,14,14692,49.177411,-0.619054,2,3,1,1,1,3,2,2,2,2,,-1,1,0,1,3,1,67,5,1,2,0,0,8,1,202200040547B01,7,15,1,200069516
202200040550,2022-08-21,2022,août,dimanche,11:15,54,54065,48.42388946,6.805756689,1,1,7,1,1,4,2,2,1,1,,-1,1,0,1,2,1,81,5,2,,0,0,0,1,202200040550A01,,,,200070324
202200040554,2022-08-23,2022,août,mardi,11:15,69,69131,45.695758,4.684887,2,1,3,1,1,3,2,2,1,2,,-1,1,0,8,4,1,16,1,2,,0,2,1,15,202200040554A01,7,23,1,246900724
202200040572,2022-07-13,2022,juillet,mercredi,09:50,38,38191,45.081529,6.060129,2,1,3,1,1,3,2,2,2,1,,-1,1,9,1,3,1,26,4,1,2,12,2,8,1,202200040572B01,17,2,1,243800745
202200040683,2022-06-14,2022,juin,mardi,15:35,05,05079,44.967181,6.531737,1,1,3,1,1,3,2,2,1,1,,-1,1,0,1,3,1,64,5,1,2,0,2,8,17,202200040683A01,7,17,1,240500439
202200040687,2022-08-21,2022,août,dimanche,17:10,34,34129,43.5847,3.9271,2,1,3,1,1,7,2,2,1,1,,-1,1,0,1,3,1,43,5,2,,0,2,8,19,202200040687B01,33,1,1,243400017
202200040731,2022-02-23,2022,février,mercredi,11:25,06,06029,43.54796,6.98379,1,1,6,1,1,4,2,2,1,1,,-1,1,0,1,3,1,68,5,1,2,1,2,4,23,202200040731A01,13,24,1,200039915
202200040733,2022-08-21,2022,août,dimanche,09:45,75,75105,48.851761,2.349555,2,3,6,1,1,4,1,2,1,1,,-1,1,-1,5,4,2,26,9,2,,0,0,1,14,202200040733A01,,,,200054781
202200040746,2022-08-21,2022,août,dimanche,12:00,75,75110,48.872965,2.359028,2,1,3,1,1,4,2,6,1,1,,-1,1,0,1,4,1,33,9,2,,0,2,2,17,202200040746B01,7,11,1,200054781
202200040765,2022-02-24,2022,février,jeudi,09:05,75,75119,48.8858085776,2.3706462979,2,3,3,1,1,4,3,3,1,1,,-1,1,-1,5,4,1,28,9,1,2,0,2,7,1,202200040765B01,7,15,1,200054781
202200040766,2022-06-15,2022,juin,mercredi,14:20,05,05046,44.550708,6.4863,2,6,2,1,1,4,2,2,1,1,,4,1,0,1,4,1,14,5,2,,0,2,4,2,202200040766B01,7,2,1,200067742
202200040768,2022-02-24,2022,février,jeudi,20:50,75,75118,48.8845351567,2.3593971133,2,2,3,5,8,4,3,2,1,1,,-1,1,0,1,1,2,32,5,1,2,0,2,1,16,202200040768A01,50,19,1,200054781
202200040775,2022-06-14,2022,juin,mardi,18:30,40,40178,43.883472,-0.42807,1,2,3,1,1,4,2,2,1,1,,4,1,9,1,3,1,18,1,2,,0,2,8,19,202200040775B01,7,1,1,244000808
202200040787,2022-02-24,2022,février,jeudi,19:55,75,75115,48.840751,2.305465,2,3,3,5,1,4,2,4,1,1,,-1,1,-1,5,4,1,54,9,1,2,0,2,7,1,202200040787B01,7,15,1,200054781
202200040791,2022-02-24,2022,février,jeudi,09:15,75,75113,48.8306266887,2.3459324241,2,2,3,1,1,4,3,2,2,1,,-1,1,5,1,4,2,43,1,1,2,0,2,8,1,202200040791B01,33,15,1,200054781
202200040792,2022-06-14,2022,juin,mardi,12:15,52,52260,48.212899,5.123615,1,1,2,1,1,2,3,4,1,1,,-1,1,0,1,2,1,68,5,1,2,3,0,4,1,202200040792A01,10,1,1,200068658
202200040794,2022-02-24,2022,février,jeudi,11:00,75,75110,48.878536,2.354036,2,5,3,1,1,4,2,4,1,1,,-1,1,0,1,4,1,26,9,1,2,0,2,8,1,202200040794B01,32,1,1,200054781
202200040805,2022-08-20,2022,août,samedi,12:00,2B,2B105,42.264122,9.28326,1,1,1,1,1,3,2,2,2,3,,-1,1,0,1,3,1,62,5,1,2,0,0,1,1,202200040805A01,,,,200073138
202200040824,2022-06-10,2022,juin,vendredi,17:20,84,84129,44.016749,4.869199,2,6,3,1,1,3,-1,1,2,3,,3.5,1,0,1,4,2,13,2,2,,0,2,8,5,202200040824B01,7,1,1,248400293
202200040831,2022-06-14,2022,juin,mardi,10:15,38,38562,45.078279,5.773085,2,3,1,1,1,4,1,1,1,1,,3.5,1,0,1,3,1,50,0,1,2,0,2,1,0,202200040831A01,7,15,1,200040715
202200040834,2022-02-22,2022,février,mardi,16:55,92,92024,48.9021050456,2.295628801,2,3,3,1,1,4,2,-1,1,1,,-1,9,8,1,4,2,29,1,2,,0,2,5,1,202200040834B01,7,16,1,200054781
202200040876,2022-02-24,2022,février,jeudi,13:50,61,61274,48.519959,0.938988,1,1,2,1,1,3,2,2,1,1,,-1,1,0,1,3,2,33,0,2,,0,2,8,13,202200040876A01,15,1,1,200068856
202200040887,2022-02-24,2022,février,jeudi,17:55,70,70228,47.754819,6.097584,1,1,1,2,1,4,2,2,2,3,,4,1,0,1,3,1,15,5,2,,0,2,1,13,202200040887A01,7,14,1,200041879
202200040932,2022-06-13,2022,juin,lundi,12:45,75,75113,48.834444,2.360828,2,1,3,1,1,4,1,2,1,1,,-1,1,0,1,4,2,36,1,2,,0,2,2,1,202200040932B01,10,22,1,200054781
202200040934,2022-06-13,2022,juin,lundi,17:20,75,75112,48.837307,2.391209,2,2,3,1,1,4,2,2,1,1,,-1,1,0,1,4,2,57,9,1,2 / 4,0,2,5,1,202200040934A01,7,15,1,200054781
202200040942,2022-06-13,2022,juin,lundi,11:40,75,75112,48.848018,2.367669,2,3,1,1,1,4,2,3,1,1,,-1,1,-1,5,4,1,55,9,1,2,12,2,7,1,202200040942B01,50,9,1,200054781
202200040945,2022-08-22,2022,août,lundi,10:30,30,30039,43.87826,4.503536,1,1,1,1,7,4,2,1,1,1,,3,1,0,1,4,1,72,5,1,2,0,2,1,1,202200040945B01,7,1,1,243000643
202200040946,2022-06-13,2022,juin,lundi,18:15,75,75108,48.865071,2.322329,2,7,1,1,1,4,2,1,1,1,,-1,1,-1,5,1,1,22,1,2,,0,2,1,13,202200040946A01,1,1,1,200054781
202200040946,2022-06-13,2022,juin,lundi,18:15,75,75108,48.865071,2.322329,2,7,1,1,1,4,2,1,1,1,,-1,1,-1,5,4,2,32,5,2,,0,2,1,1,202200040946B01,1,13,1,200054781
202200040948,2022-06-12,2022,juin,dimanche,10:38,75,75108,48.87275,2.30808,2,2,3,1,1,4,1,1,1,1,,-1,1,0,1,4,2,30,1,1,2,0,2,3,1,202200040948B01,7,22,1,200054781
202200040955,2022-06-11,2022,juin,samedi,20:11,75,75101,48.863861,2.349042,2,5,3,1,1,4,2,3,1,1,,-1,1,-1,6,4,1,36,1,1,2,0,2,2,1,202200040955B01,7,22,1,200054781
202200040973,2022-06-12,2022,juin,dimanche,18:25,94,94071,48.76775,2.52951,2,1,3,1,1,4,3,2,1,1,,-1,1,0,1,4,1,36,5,2,,0,2,8,13,202200040973B01,7,17,1,200054781
202200040981,2022-08-21,2022,août,dimanche,19:25,71,71052,46.598358,4.902858,1,1,7,1,1,3,2,2,2,1,,-1,1,0,1,2,1,58,5,2,,0,0,9,1,202200040981A01,,,,247103765
202200041005,2022-08-21,2022,août,dimanche,16:45,33,33383,45.368504,-0.834982,1,1,2,1,1,3,2,2,1,1,,-1,1,0,1,3,2,61,5,2,,0,2,4,2,202200041005B01,7,2,1,200069995
202200041023,2022-06-13,2022,juin,lundi,11:50,92,92062,48.8828,2.24795,2,1,1,1,1,3,3,7,1,1,,-1,1,0,5,4,1,13,9,2,,0,2,0,0,202200041023Y01,10,9,1,200054781
202200041083,2022-06-14,2022,juin,mardi,08:22,71,71443,46.947111,4.908708,2,4,3,1,1,3,2,1,1,2,,4,1,0,1,2,1,90,3,2,,0,2,8,16,202200041083A01,15,1,1,247100589
202200041089,2022-06-13,2022,juin,lundi,14:20,56,56185,47.7795,-3.40905,2,6,3,1,1,3,2,2,1,1,,-1,1,5,1,3,1,67,5,1,2,0,2,8,11,202200041089B01,2,1,1,200042174
202200041131,2022-04-05,2022,avril,mardi,16:00,93,93055,48.89413,2.398702,2,3,1,1,2,3,2,2,1,1,,-1,2,0,1,4,1,33,0,2,,0,2,1,5,202200041131A01,10,9,1,200054781
202200041154,2022-10-29,2022,octobre,samedi,14:55,85,85047,46.841925,-1.874648,2,6,2,1,1,4,-1,2,4,3,,5.5,1,5,1,3,2,13,5,2,,0,0,4,16,202200041154B01,7,1,1,200071629
202200041178,2022-04-06,2022,avril,mercredi,21:00,26,26113,44.749983,5.373768,2,1,1,5,2,3,2,2,1,1,,-1,2,0,1,4,1,37,5,2,,0,2,1,1,202200041178B01,7,1,1,242600534
202200041221,2022-10-30,2022,octobre,dimanche,11:15,69,69381,45.77019,4.83588,2,3,6,1,1,4,1,1,2,1,,-1,1,9,1,4,1,42,0,2,,8,0,1,1,202200041221A01,,,,200046977
202200041264,2022-04-01,2022,avril,vendredi,07:40,80,80021,49.88663,2.27931,2,1,1,2,4,4,2,3,1,1,,-1,2,0,1,4,1,33,0,2,,0,2,1,19,202200041264A01,7,1,1,248000531
202200041317,2022-04-04,2022,avril,lundi,21:30,13,13001,43.53218,5.43743,2,2,3,5,1,4,2,3,1,1,,-1,1,5,1,4,1,23,0,2,,0,2,0,9,202200041317A01,7,1,1,200054807
202200041321,2022-10-25,2022,octobre,mardi,18:00,75,75116,48.851348,2.27849,2,5,3,2,1,4,4,0,1,1,,-1,1,0,1,1,1,13,2,2,,0,2,1,19,202200041321B01,32,15,1,200054781
202200041325,2022-10-30,2022,octobre,dimanche,11:10,75,75113,48.834975,2.35932,2,1,6,1,1,4,1,1,1,1,,-1,1,0,1,1,1,41,9,2,,0,1,4,1,202200041325A01,,,,200054781
202200041332,2022-04-04,2022,avril,lundi,19:10,75,75118,48.884952,2.349491,2,1,3,2,1,4,2,6,1,1,,-1,1,0,5,4,1,30,1,1,2,0,2,8,1,202200041332A01,7,22,1,200054781