Num_Acc,date,an,mois,jour,hrmn,dep,com,lat,long,agg,int,col,lum,atm,catr,circ,nbv,prof,plan,lartpc,larrout,surf,infra,situ,grav,sexe,age,trajet,secuexist,equipement,obs,obsm,choc,manv,vehiculeid,typevehicules,manoeuvehicules,numVehicules,_infos_commune.code_epci
202200043212,2022-10-29,2022,octobre,samedi,12:00,34,34309,43.706833,3.940326,1,6,3,1,1,3,2,2,1,2,,-1,1,0,5,4,1,82,5,1,2,0,0,7,1,202200043212B01,7,9,1,200022986
202200043234,2022-10-30,2022,octobre,dimanche,14:45,29,29175,48.25293,-3.827507,2,3,3,1,1,4,2,2,1,1,,5,1,5,1,3,2,11,5,1,2,0,2,1,16,202200043234B01,7,1,1,242900561
202200043247,2022-10-30,2022,octobre,dimanche,12:10,84,84005,44.135668,5.415171,1,1,2,1,1,3,2,2,1,1,,-1,1,0,1,4,2,58,5,1,2,0,0,4,1,202200043247C01,43,13,1,200035723
202200043247,2022-10-30,2022,octobre,dimanche,12:10,84,84005,44.135668,5.415171,1,1,2,1,1,3,2,2,1,1,,-1,1,0,1,4,2,61,5,1,2,0,0,4,1,202200043247B01,43,13,1,200035723
202200043257,2022-04-02,2022,avril,samedi,10:05,75,75112,48.841905,2.371844,2,1,1,1,1,4,2,2,2,4,,-1,1,0,5,1,1,28,5,1,2,0,2,1,1,202200043257B01,1,1,1,200054781
202200043257,2022-04-02,2022,avril,samedi,10:05,75,75112,48.841905,2.371844,2,1,1,1,1,4,2,2,2,4,,-1,1,0,5,4,1,60,1,1,2,0,2,1,1,202200043257A01,1,1,1,200054781
202200043265,2022-04-02,2022,avril,samedi,01:45,75,75102,48.869542,2.336782,2,2,3,5,2,4,1,3,1,1,,-1,2,0,1,4,1,28,9,2,,0,2,6,1,202200043265A01,7,1,1,200054781
202200043282,2022-04-03,2022,avril,dimanche,10:15,22,22048,48.466982,-2.123387,1,3,1,2,1,3,2,2,1,3,,-1,1,5,1,3,1,65,0,1,2,0,2,1,1,202200043282B01,7,15,1,200068989
202200043300,2022-10-29,2022,octobre,samedi,14:47,73,73050,45.675422,5.853052,1,1,2,1,1,3,2,2,2,2,,-1,1,-1,5,3,1,50,5,1,2,0,2,4,2,202200043300B01,7,2,1,200068674
202200043305,2022-04-02,2022,avril,samedi,14:25,86,86298,46.740787,0.523573,1,1,6,1,1,4,2,2,1,1,,4,1,0,1,2,1,84,5,1,2,0,5,6,1,202200043305A01,,,,248600413
202200043306,2022-10-26,2022,octobre,mercredi,12:35,07,07323,44.897828,4.819221,2,3,5,1,7,3,2,2,2,3,,-1,1,0,6,4,1,30,1,1,2,0,2,1,21,202200043306B01,7,15,2,200041366
202200043315,2022-04-03,2022,avril,dimanche,11:28,53,53236,48.293351,-0.163518,2,1,7,1,1,3,2,2,2,1,,-1,1,0,1,3,1,58,5,1,2,0,0,1,1,202200043315A01,,,,200042182
202200043339,2022-03-19,2022,mars,samedi,16:05,65,65059,43.069099,0.151843,2,1,7,1,1,4,-1,2,1,1,,4,1,6,3,4,1,48,5,2,,0,0,1,0,202200043339A01,,,,246500482
202200043370,2022-10-27,2022,octobre,jeudi,15:00,76,76231,49.29218,1.02094,2,1,3,1,1,7,2,2,1,1,,-1,1,-1,6,4,2,9,5,2,,0,2,0,0,202200043370B01,33,17,1,200023414
202200043439,2022-05-14,2022,mai,samedi,16:00,42,42287,45.266374,4.49523,2,1,7,1,1,3,2,2,2,3,,-1,1,0,1,3,1,64,5,2,,0,0,1,5,202200043439A01,,,,244200622
202200043449,2022-05-14,2022,mai,samedi,19:50,60,60026,49.5753270703,2.1187139153,2,3,3,1,1,4,2,2,1,1,,5,1,0,1,3,2,12,5,2,,0,2,1,0,202200043449B01,7,1,1,200067999
202200043462,2022-05-14,2022,mai,samedi,17:00,64,64315,43.304948,-0.443568,2,1,3,1,1,3,2,2,1,1,,4,1,0,1,3,1,63,5,1,2,0,2,4,0,202200043462B01,7,15,1,200067254
202200043488,2022-05-12,2022,mai,jeudi,07:30,974,97411,-20.90054,55.48742,2,6,3,1,1,2,1,4,1,1,,-1,1,0,1,4,1,50,1,1,2,0,2,3,16,202200043488B01,7,16,1,249740119
202200043491,2022-05-11,2022,mai,mercredi,10:25,69,69381,45.7733,4.83542,2,1,1,1,1,4,1,1,2,1,,-1,1,0,1,3,1,20,1,2,,14,2,1,0,202200043491A01,7,23,1,200046977
202200043528,2022-05-12,2022,mai,jeudi,10:05,54,54395,48.69907,6.17328,2,1,6,1,1,4,2,2,1,1,,-1,1,0,1,4,2,22,0,1,2,1,0,4,1,202200043528B01,7,24,1,245400676
202200043534,2022-05-11,2022,mai,mercredi,11:00,47,47201,44.19391,0.59773,2,6,6,1,7,3,2,2,2,1,,-1,1,0,1,2,1,76,3,2,,15,2,3,26,202200043534B01,7,1,1,200096956
202200043538,2022-05-12,2022,mai,jeudi,17:15,44,44162,47.21848,-1.61801,2,1,3,1,1,4,3,2,1,1,,-1,1,0,1,4,1,67,0,2,,0,2,5,1,202200043538B01,34,1,1,244400404
202200043540,2022-05-12,2022,mai,jeudi,07:00,44,44020,47.18655,-1.59862,1,1,3,1,1,3,3,4,1,1,,-1,1,0,1,3,1,20,0,2,,0,2,5,19,202200043540B01,10,1,1,244400404
202200043553,2022-05-12,2022,mai,jeudi,13:50,27,27229,49.02082,1.14504,2,1,6,1,1,4,2,2,1,1,,-1,1,0,1,4,1,27,5,1,2 / 6,1,0,1,1,202200043553A01,,,,200071454
202200043566,2022-05-12,2022,mai,jeudi,07:52,10,10387,48.288,4.0811,2,6,3,1,1,4,1,2,1,2,,-1,1,0,1,4,2,33,1,2,,0,2,4,16,202200043566Y01,7,14,1,200069250
202200043575,2022-05-11,2022,mai,mercredi,09:24,75,75106,48.8489832855,2.3254202306,2,2,7,1,1,4,2,2,1,1,,-1,1,-1,5,4,2,58,9,1,2,0,0,1,21,202200043575A01,,,,200054781
202200043579,2022-05-12,2022,mai,jeudi,16:50,75,75117,48.8784534736,2.2999011407,2,1,4,1,1,4,2,6,1,1,,-1,1,0,1,4,2,26,9,1,2,0,2,8,13,202200043579B01,7 / 10,24 / 17,2,200054781
202200043582,2022-05-12,2022,mai,jeudi,08:50,75,75116,48.845238,2.261893,2,2,3,1,1,4,2,2,1,1,,-1,1,0,1,4,1,31,9,1,2,0,2,3,1,202200043582B01,7,15,1,200054781
202200043584,2022-05-04,2022,mai,mercredi,11:20,75,75116,48.854904,2.228764,2,1,7,1,1,4,2,3,1,3,,-1,1,0,5,3,1,70,5,1,2,0,2,0,21,202200043584A01,,,,200054781
202200043591,2022-05-12,2022,mai,jeudi,07:35,75,75113,48.8387233685,2.3608830571,2,1,6,1,1,4,2,6,2,1,,-1,1,-1,6,1,1,47,1,1,2,0,1,1,1,202200043591A01,,,,200054781
202200043604,2022-01-09,2022,janvier,dimanche,09:30,59,59471,50.312174,3.576283,2,5,6,1,7,3,2,2,1,1,,4,1,0,1,3,1,55,5,1,2 / 4,0,2,6,1,202200043604B01,7,16,1,245901160
202200043716,2022-01-03,2022,janvier,lundi,20:00,13,13208,43.2594362695,5.3941460162,2,1,3,5,1,4,2,2,1,1,,-1,1,0,1,4,2,70,0,1,2,0,2,0,0,202200043716B01,30,1,1,200054807
202200043723,2022-01-11,2022,janvier,mardi,11:55,05,05061,44.54872,6.06696,2,3,3,1,1,4,2,2,1,1,,-1,1,0,1,1,1,4,2,2,,0,2,1,1,202200043723B01,7,1,1,200067825
202200043723,2022-01-11,2022,janvier,mardi,11:55,05,05061,44.54872,6.06696,2,3,3,1,1,4,2,2,1,1,,-1,1,0,1,4,2,40,2,1,2,0,2,1,1,202200043723B01,7,1,1,200067825
202200043726,2022-01-10,2022,janvier,lundi,19:35,75,75106,48.853777,2.344326,2,7,6,5,1,4,2,4,1,1,,-1,1,0,1,1,2,27,1,1,2,0,1,8,1,202200043726A01,,,,200054781
202200043729,2022-01-12,2022,janvier,mercredi,14:05,75,75116,48.853715,2.277413,2,2,3,1,1,4,1,2,2,1,,-1,1,0,1,4,2,21,9,1,2,0,2,1,1,202200043729B01,7,15,1,200054781
202200043744,2022-01-12,2022,janvier,mercredi,21:40,92,92072,48.8256318918,2.2068035603,2,1,3,5,1,3,2,2,2,2,,-1,1,0,1,4,2,56,5,1,2,0,2,8,1,202200043744B01,7,17,1,200054781
202200043767,2022-01-11,2022,janvier,mardi,09:45,64,64260,43.37259,-1.77109,2,2,3,1,1,4,2,2,1,1,,-1,1,0,1,4,1,67,0,1,2,0,2,7,1,202200043767B01,7,19,1,200067106
202200043822,2022-09-24,2022,septembre,samedi,15:00,69,69386,45.76836,4.85643,2,2,3,1,1,4,1,1,1,1,,-1,1,0,1,4,2,55,0,1,2,0,2,0,0,202200043822A01,7,0,1,200046977
202200043824,2022-09-24,2022,septembre,samedi,11:15,69,69387,45.75209,4.84663,2,2,3,1,1,4,1,2,1,1,,-1,1,0,1,4,1,23,5,2,,0,2,3,15,202200043824B01,10,1,1,200046977
202200043837,2022-09-24,2022,septembre,samedi,15:42,68,68224,47.77295,7.32727,2,4,3,1,1,3,2,2,1,1,,-1,1,0,5,3,1,82,3,2,,0,2,1,5,202200043837B01,7,15,1,200066009
202200043838,2022-09-24,2022,septembre,samedi,21:51,65,65047,43.245612,0.089885,2,6,3,4,8,3,2,2,1,2,,-1,1,0,1,4,1,25,9,2,,0,2,1,1,202200043838B01,7,9,1,200069300
202200043846,2022-09-24,2022,septembre,samedi,15:05,54,54395,48.6815246378,6.1747804284,2,1,2,1,2,4,1,2,1,1,,-1,2,0,1,4,1,21,0,2,,0,2,4,1,202200043846B01,31,1,1,245400676
202200043874,2022-09-24,2022,septembre,samedi,03:00,75,75113,48.8317484612,2.3591637611,2,1,6,5,2,4,3,7,2,1,,-1,2,0,6,4,1,46,9,1,2,12,0,1,7,202200043874A01,,,,200054781
202200043879,2022-12-02,2022,décembre,vendredi,22:00,69,69266,45.7770250471,4.8923528194,2,1,2,5,3,4,1,1,1,1,,-1,2,8,1,4,1,23,4,2,,0,2,4,2,202200043879B01,7,2,1,200046977
202200043883,2022-09-24,2022,septembre,samedi,07:30,93,93070,48.9081069457,2.3442151648,2,1,6,5,2,3,2,2,1,1,,-1,2,8,1,3,1,33,1,2,,-1,2,0,0,202200043883B01,7,2,1,200054781
202200043925,2022-09-25,2022,septembre,dimanche,15:50,42,42295,45.856498,3.824733,1,1,2,1,2,3,2,2,1,2,,-1,2,0,1,3,2,20,1,1,4,0,0,4,2,202200043925B01,7,2,1,244200820
202200043935,2022-12-02,2022,décembre,vendredi,18:40,59,59350,50.6195233401,3.0612319708,2,2,3,5,1,4,1,1,1,1,,-1,1,0,1,4,2,19,9,2,,0,2,1,25,202200043935B01,7,2,1,200093201
202200043956,2022-09-24,2022,septembre,samedi,18:30,83,83112,43.180052,5.678805,2,1,7,1,1,3,2,2,1,3,,-1,1,0,8,3,1,40,5,1,2 / 6,14,0,8,9,202200043956B01,33,9,1,248300394
202200043966,2022-09-24,2022,septembre,samedi,16:45,81,81038,43.894201,1.893221,1,1,2,1,1,3,2,2,1,1,,-1,1,0,1,2,1,80,0,2,,0,2,4,2,202200043966B01,7,2,1,200066124
202200043999,2022-12-01,2022,décembre,jeudi,17:15,45,45169,47.9202,1.8324,2,1,1,5,1,4,-1,1,1,1,,-1,1,0,1,4,1,12,2,2,,0,2,1,19,202200043999B01,14,1,1,244500468
202200044016,2022-12-01,2022,décembre,jeudi,14:10,34,34172,43.59593,3.83682,2,1,3,1,8,4,1,2,1,2,,-1,1,0,1,4,2,56,9,2,,0,2,3,1,202200044016B01,7,16,1,243400017
202200044058,2022-12-01,2022,décembre,jeudi,09:15,14,14118,49.188123,-0.351744,2,3,1,1,5,4,2,2,1,1,,-1,1,0,1,4,2,50,1,1,2,0,2,1,15,202200044058B01,7,1,1,200065597
202200044059,2022-09-22,2022,septembre,jeudi,07:50,80,80021,49.8752,2.27785,2,1,3,1,1,6,2,2,1,1,,-1,1,0,5,3,2,57,0,2,,0,2,8,25,202200044059B01,10,26,1,248000531
202200044107,2022-12-02,2022,décembre,vendredi,18:50,75,75119,48.887574,2.38036,2,3,7,5,2,4,1,2,1,1,,-1,2,0,1,4,2,31,5,1,2,0,0,0,13,202200044107A01,,,,200054781
202200044112,2022-12-02,2022,décembre,vendredi,09:50,75,75119,48.875574,2.381874,2,2,2,1,1,4,2,2,1,1,,-1,1,9,1,1,2,29,9,2,,0,2,8,15,202200044112B01,33,1,1,200054781
202200044128,2022-12-02,2022,décembre,vendredi,17:30,75,75115,48.836304,2.299672,2,3,6,5,2,4,2,2,1,1,,-1,2,0,1,1,1,27,5,2,,0,1,0,1,202200044128A01,,,,200054781
202200044130,2022-12-03,2022,décembre,samedi,10:40,75,75114,48.833802,2.323021,2,1,3,1,8,4,1,2,1,1,,-1,2,0,5,4,2,56,4,2,,0,2,3,1,202200044130B01,7,17,1,200054781
202200044139,2022-12-02,2022,décembre,vendredi,15:00,75,75112,48.829041,2.451798,2,1,3,1,8,4,2,2,1,1,,-1,1,9,1,4,1,64,9,1,2,0,2,2,19,202200044139A01,7,1,1,200054781
202200044144,2022-12-03,2022,décembre,samedi,03:00,75,75110,48.879685,2.34953,2,5,3,5,1,4,1,2,2,1,,-1,2,0,5,4,1,25,5,2,,0,2,1,5,202200044144B01,7,16,1,200054781
202200044191,2022-12-02,2022,décembre,vendredi,08:45,62,62849,50.401324,1.646836,2,1,1,1,1,3,2,2,1,1,,-1,1,0,1,4,1,22,4,2,,0,2,1,1,202200044191A01,7,24,1,200069029
202200044252,2022-07-10,2022,juillet,dimanche,02:25,75,75113,48.837455,2.354325,2,1,3,5,1,4,2,4,1,1,,-1,1,-1,6,3,1,21,5,1,2,0,2,4,13,202200044252B01,37,17,1,200054781
202200044257,2022-07-11,2022,juillet,lundi,15:34,75,75106,48.852094,2.340315,2,2,7,1,1,4,1,0,1,1,,-1,1,-1,6,4,1,58,5,2,,0,0,0,21,202200044257A01,,,,200054781
202200044257,2022-07-11,2022,juillet,lundi,15:34,75,75106,48.852094,2.340315,2,2,7,1,1,4,1,0,1,1,,-1,1,-1,6,4,2,22,5,2,,0,0,0,21,202200044257A01,,,,200054781
202200044267,2022-07-10,2022,juillet,dimanche,21:10,75,75107,48.862217,2.299582,2,1,1,1,7,4,2,1,1,1,,-1,1,-1,5,4,2,60,9,1,2,0,2,1,13,202200044267A01,1,1,1,200054781
202200044267,2022-07-10,2022,juillet,dimanche,21:10,75,75107,48.862217,2.299582,2,1,1,1,7,4,2,1,1,1,,-1,1,-1,5,1,1,26,9,1,2,0,2,1,1,202200044267B01,1,13,1,200054781
202200044271,2022-07-11,2022,juillet,lundi,07:55,75,75102,48.867278,2.35312,2,1,2,1,1,4,2,4,1,1,,-1,1,-1,5,4,1,37,1,2,,0,2,1,1,202200044271B01,10,22,1,200054781
202200044287,2022-07-11,2022,juillet,lundi,08:30,94,94041,48.819027,2.372521,2,9,3,1,7,3,1,0,2,1,,-1,1,0,1,4,2,32,1,2,,0,2,1,0,202200044287B01,7,2,1,200054781
202200044296,2022-08-05,2022,août,vendredi,10:23,38,38155,45.433289,5.750951,2,1,7,1,1,3,2,2,1,1,,-1,1,0,1,4,2,56,5,1,2 / 6 / 9,0,0,0,1,202200044296A01,,,,200040111
202200044349,2022-06-10,2022,juin,vendredi,23:30,69,69386,45.7637,4.86185,2,2,3,5,1,4,2,4,1,1,,-1,1,0,1,4,1,27,9,2,,0,2,7,2,202200044349B01,7,0,1,200046977
202200044361,2022-07-12,2022,juillet,mardi,12:20,42,42253,46.039522,4.011893,2,1,2,1,1,3,2,2,1,1,,-1,1,0,5,3,1,74,5,1,2,1,0,1,1,202200044361B01,10,23,1,200035731
202200044377,2022-06-11,2022,juin,samedi,10:15,74,74305,46.2133,6.26825,1,3,3,1,1,3,2,2,1,1,,-1,1,0,1,4,2,2,0,1,2,0,2,0,15,202200044377B01,34,26,1,200011773
202200044377,2022-06-11,2022,juin,samedi,10:15,74,74305,46.2133,6.26825,1,3,3,1,1,3,2,2,1,1,,-1,1,0,1,4,1,37,0,1,2,0,2,0,15,202200044377B01,34,26,1,200011773
202200044379,2022-07-11,2022,juillet,lundi,15:45,57,57540,48.7489117675,7.2508693586,2,1,1,1,1,4,2,2,2,2,,4,1,0,1,3,1,17,5,2,,0,2,1,1,202200044379B01,7,1,1,245700950
202200044381,2022-06-10,2022,juin,vendredi,17:40,72,72181,47.9622,0.20935,2,9,1,1,1,4,2,2,1,1,,-1,1,9,1,4,2,20,9,2,,0,2,0,0,202200044381B01,30,5,1,247200132
202200044420,2022-02-20,2022,février,dimanche,17:34,67,67482,48.57401,7.77126,2,1,1,1,1,4,2,4,3,1,,-1,1,2,1,4,2,28,5,2,,0,2,8,19,202200044420B01,7,1,1,246700488
202200044431,2022-06-11,2022,juin,samedi,22:20,54,54395,48.6860650517,6.1919894814,2,6,1,2,1,4,1,1,1,2,,-1,1,5,1,4,2,39,0,2,,0,2,1,5,202200044431B01,7,9,1,245400676
202200044441,2022-07-12,2022,juillet,mardi,08:25,06,06032,43.722993,7.397714,2,1,6,1,1,7,2,2,1,3,,4,1,0,1,4,1,40,1,1,2,0,2,1,17,202200044441B01,7,15,1,200030195
202200044450,2022-07-12,2022,juillet,mardi,10:30,05,05156,44.5415909741,6.497605741,1,3,3,1,1,3,1,2,4,2,,-1,1,0,1,3,1,17,5,1,2,0,2,1,17,202200044450B01,10,9,1,200067742
202200044506,2022-02-21,2022,février,lundi,13:10,30,30007,44.13467,4.0945,2,1,2,1,1,4,1,2,1,3,,-1,1,0,1,4,1,52,0,2,,0,2,5,2,202200044506B01,10,9,1,200066918
202200044513,2022-06-11,2022,juin,samedi,09:45,75,75119,48.879737,2.370444,2,1,3,1,1,4,3,2,2,1,,-1,1,-1,5,4,1,29,4,1,2,0,2,1,1,202200044513B01,7,16,1,200054781
202200044550,2022-02-21,2022,février,lundi,19:50,75,75106,48.852647,2.333164,2,2,3,5,2,4,1,0,1,1,,-1,2,0,1,4,1,21,5,2,,0,2,0,1,202200044550A01,7,1,1,200054781
202200044567,2022-08-18,2022,août,jeudi,12:15,75,75113,48.824954,2.36244,2,2,6,1,1,4,2,3,1,1,,-1,1,-1,5,1,1,32,3,2,,0,1,1,1,202200044567A01,,,,200054781
202200044576,2022-10-27,2022,octobre,jeudi,10:20,75,75116,48.863961,2.27886,2,1,3,1,1,4,3,3,1,1,,-1,1,0,5,4,1,71,5,1,2,0,2,3,19,202200044576B01,1,1,1,200054781
202200044576,2022-10-27,2022,octobre,jeudi,10:20,75,75116,48.863961,2.27886,2,1,3,1,1,4,3,3,1,1,,-1,1,0,5,1,1,35,1,1,2,0,2,1,1,202200044576A01,1,19,1,200054781
202200044582,2022-10-28,2022,octobre,vendredi,08:10,75,75115,48.849335,2.281638,2,2,3,2,1,4,2,6,1,1,,-1,1,0,1,4,1,27,1,1,2,0,2,4,1,202200044582A01,7,1,1,200054781
202200044591,2022-08-17,2022,août,mercredi,15:30,75,75101,48.862472,2.350444,2,3,6,1,1,4,1,5,1,1,,-1,1,-1,5,4,1,60,5,2,,12,0,1,21,202200044591A01,,,,200054781
202200044613,2022-06-11,2022,juin,samedi,23:10,75,75107,48.862945,2.317907,2,4,3,5,1,4,2,7,1,1,,-1,1,-1,5,4,2,26,9,1,2,0,2,8,1,202200044613B01,80,13,1,200054781
202200044618,2022-04-12,2022,avril,mardi,09:10,974,97411,-20.89,55.4635,2,9,3,1,1,4,2,5,1,3,,-1,1,5,5,3,1,29,0,2,,0,0,0,0,202200044618B01,7,16,1,249740119
202200044620,2022-06-11,2022,juin,samedi,09:39,75,75114,48.837539,2.322943,2,2,3,1,1,4,2,4,1,1,,-1,1,-1,5,4,2,49,1,1,2,0,2,1,1,202200044620A01,50,1,1,200054781
202200044631,2022-04-14,2022,avril,jeudi,08:40,78,78551,48.89925,2.07294,2,3,3,1,1,2,-1,2,1,1,,-1,1,0,8,4,2,13,5,2,,0,2,3,19,202200044631B01,7,16,1,200058519
202200044634,2022-10-28,2022,octobre,vendredi,18:20,75,75107,48.861598,2.29768,2,1,6,2,1,4,3,3,1,1,,-1,1,0,5,4,1,50,9,1,2,12,0,0,14,202200044634A01,,,,200054781
202200044635,2022-02-21,2022,février,lundi,21:15,75,75111,48.850396,2.381406,2,2,3,5,1,4,1,1,2,1,,-1,1,0,1,4,1,19,4,2,,0,2,7,19,202200044635B01,7,16,1,200054781
202200044645,2022-02-21,2022,février,lundi,20:00,75,75108,48.866665,2.322015,2,7,3,5,2,4,1,0,1,1,,-1,2,0,1,4,1,18,5,2,,0,2,8,1,202200044645A01,43,1,1,200054781
202200044670,2022-08-19,2022,août,vendredi,11:51,91,91511,48.348634,1.986911,2,6,6,1,1,3,2,2,1,1,,-1,1,5,1,4,1,39,5,1,2,0,2,7,1,202200044670B01,7,0,1,200017846
202200044670,2022-08-19,2022,août,vendredi,11:51,91,91511,48.348634,1.986911,2,6,6,1,1,3,2,2,1,1,,-1,1,5,1,4,1,12,5,1,2,0,2,7,1,202200044670C01,7,0,1,200017846
202200044671,2022-10-28,2022,octobre,vendredi,19:30,93,93053,48.89194,2.44475,2,2,3,5,1,3,2,3,1,1,,-1,1,0,1,3,1,38,0,2,,0,2,0,0,202200044671B01,10,0,1,200054781
202200044690,2022-10-28,2022,octobre,vendredi,09:15,92,92040,48.8274236132,2.2772035003,2,1,6,1,1,3,-1,0,1,1,,-1,1,6,4,1,1,22,0,2,,0,1,1,0,202200044690A01,,,,200054781
202200044705,2022-10-28,2022,octobre,vendredi,19:15,54,54590,49.496507289,5.6208801271,1,1,3,3,1,3,2,2,1,1,,-1,1,0,1,3,1,50,5,1,2,0,2,8,2,202200044705B01,7,2,1,200043693
202200044713,2022-07-31,2022,juillet,dimanche,11:45,56,56101,47.829799,-3.154643,2,1,7,1,1,3,2,2,2,1,,-1,9,0,1,4,2,56,5,2,,0,0,8,1,202200044713A01,,,,200042174
202200044717,2022-02-21,2022,février,lundi,11:10,92,92026,48.8982180886,2.2581936121,2,2,3,1,6,4,1,1,1,1,,-1,2,0,1,4,1,36,0,1,2,0,2,1,1,202200044717B01,7,1,1,200054781
202200044781,2022-08-19,2022,août,vendredi,16:13,05,05045,44.5320452757,6.4451270571,1,1,2,1,1,2,2,2,2,1,,-1,1,0,1,3,1,71,5,1,2,0,2,4,1,202200044781B01,20,1,1,200067742
202200044782,2022-10-28,2022,octobre,vendredi,15:00,42,42097,45.5022,4.318823,2,3,3,1,1,7,2,2,2,1,,4,1,0,1,3,1,59,5,1,2,0,2,1,1,202200044782B01,7,15,1,244200770
202200044817,2022-06-11,2022,juin,samedi,11:15,2B,2B123,42.004347,9.452657,1,1,3,1,1,3,2,2,1,1,,-1,1,0,3,3,1,52,5,2,,0,2,1,1,202200044817B01,7,15,1,200033827
202200044863,2022-06-12,2022,juin,dimanche,10:00,42,42141,46.149087,4.250259,1,1,1,1,1,3,2,2,1,4,,-1,1,0,1,2,1,28,5,1,2,0,2,1,1,202200044863B01,7,13,1,200035202
202200044869,2022-08-15,2022,août,lundi,19:35,57,57433,49.219437,6.163056,2,1,3,1,1,3,2,2,1,1,,-1,1,0,1,3,1,13,5,2,,0,2,7,19,202200044869B01,7,1,1,200039949
202200044893,2022-08-18,2022,août,jeudi,15:50,01,01185,45.978174,5.601862,2,3,3,1,2,3,2,2,2,3,,4,2,0,1,4,1,66,5,1,2 / 6,0,2,7,1,202200044893B01,7,26,1,200042935
202200044905,2022-04-01,2022,avril,vendredi,19:20,75,75119,48.884298,2.367618,2,2,3,1,1,4,2,3,1,1,,-1,1,0,5,4,2,21,5,2,,0,2,0,1,202200044905B01,7,16,1,200054781
202200044909,2022-02-21,2022,février,lundi,16:40,59,59051,50.533381,2.806964,2,2,1,1,1,4,2,2,1,1,,4,1,0,1,3,1,81,5,2,,0,2,1,1,202200044909B01,7,15,1,200093201
202200044911,2022-03-31,2022,mars,jeudi,17:30,75,75118,48.8821649661,2.339641429,2,2,1,1,2,4,3,2,1,1,,-1,2,0,1,1,1,14,5,1,2,8,2,1,5,202200044911A01,7,16,1,200054781
202200044911,2022-03-31,2022,mars,jeudi,17:30,75,75118,48.8821649661,2.339641429,2,2,1,1,2,4,3,2,1,1,,-1,2,0,1,1,1,15,5,1,2,8,2,1,5,202200044911A01,7,16,1,200054781
202200044911,2022-03-31,2022,mars,jeudi,17:30,75,75118,48.8821649661,2.339641429,2,2,1,1,2,4,3,2,1,1,,-1,2,0,1,4,1,14,5,1,2,8,2,1,5,202200044911A01,7,16,1,200054781
202200044921,2022-08-18,2022,août,jeudi,17:00,60,60559,49.410219,2.302387,2,2,3,1,1,3,2,2,1,1,,5,1,0,1,3,1,17,5,1,2,0,2,7,1,202200044921A01,7,1,1,200067999
202200045037,2022-06-11,2022,juin,samedi,12:50,74,74219,45.820186,6.103077,1,1,7,1,1,3,2,2,2,1,,-1,1,0,1,4,1,50,5,1,2,0,0,0,1,202200045037A01,,,,200066793
202200045069,2022-03-27,2022,mars,dimanche,11:15,38,38134,45.442406,5.016943,1,1,2,1,1,3,2,2,1,1,,-1,1,0,1,4,1,61,5,1,2,0,2,1,2,202200045069A01,1,2,1,200085751
202200045069,2022-03-27,2022,mars,dimanche,11:15,38,38134,45.442406,5.016943,1,1,2,1,1,3,2,2,1,1,,-1,1,0,1,4,1,49,5,1,2,0,0,4,2,202200045069B01,1,2,1,200085751
202200045079,2022-06-10,2022,juin,vendredi,20:15,974,97402,-20.999616,55.685722,2,1,2,5,1,2,2,2,1,1,,-1,2,0,1,3,1,46,5,2,,0,0,4,13,202200045079B01,7,2,1,249740093
202200045083,2022-10-27,2022,octobre,jeudi,20:35,69,69382,45.76018,4.83772,2,3,1,5,1,4,2,6,1,1,,-1,1,0,1,4,1,34,9,2,,0,2,1,0,202200045083B01,7,0,1,200046977
202200045149,2022-02-20,2022,février,dimanche,11:10,75,75110,48.869867,2.360724,2,2,3,1,1,4,1,2,1,1,,-1,1,0,5,4,2,25,1,2,,0,2,3,1,202200045149A01,7,1,1,200054781
202200045154,2022-02-20,2022,février,dimanche,05:38,75,75109,48.877426,2.349092,2,2,3,5,1,4,1,1,1,1,,-1,1,0,1,4,1,25,9,2,,0,2,2,1,202200045154A01,2,1,1,200054781
202200045159,2022-02-19,2022,février,samedi,20:30,75,75109,48.87938,2.336396,2,1,6,5,1,4,1,1,2,1,,-1,1,0,1,1,-1,2022,-1,2,,0,1,6,1,202200045159Z01,,,,200054781
202200045168,2022-10-27,2022,octobre,jeudi,08:20,69,69290,45.71688,4.9581,2,6,3,1,1,7,1,2,1,2,,-1,1,0,1,4,1,77,5,2,,0,2,7,16,202200045168B01,7,9,1,200046977
202200045182,2022-10-26,2022,octobre,mercredi,19:15,67,67218,48.5213845654,7.7284580469,2,1,1,5,1,4,2,2,1,1,,-1,1,9,1,4,1,24,0,1,2,0,2,0,13,202200045182B01,1,0,1,246700488
202200045185,2022-06-11,2022,juin,samedi,12:15,65,65123,42.987024,0.227068,1,1,3,1,1,3,2,2,2,3,,-1,1,0,1,4,2,27,5,1,2,0,2,8,1,202200045185B01,7,17,1,246500482
202200045194,2022-06-11,2022,juin,samedi,17:25,23,23063,45.782923,2.155123,1,1,3,1,1,3,2,2,1,1,,-1,1,0,1,3,2,60,5,1,2,0,2,8,2,202200045194B01,7,2,1,200066744