Num_Acc,date,an,mois,jour,hrmn,dep,com,lat,long,agg,int,col,lum,atm,catr,circ,nbv,prof,plan,lartpc,larrout,surf,infra,situ,grav,sexe,age,trajet,secuexist,equipement,obs,obsm,choc,manv,vehiculeid,typevehicules,manoeuvehicules,numVehicules,_infos_commune.code_epci
202200045206,2022-02-19,2022,février,samedi,10:27,37,37123,47.3234821697,0.4077135399,2,3,1,1,1,4,2,2,1,1,,5,1,0,1,3,1,65,5,1,2 / 6 / 9,0,2,1,1,202200045206B01,7,15,1,200072981
202200045207,2022-04-01,2022,avril,vendredi,18:50,47,47157,44.504356,0.182794,2,1,2,1,1,6,-1,-1,1,1,,4,1,9,1,3,1,65,3,2,,0,2,1,9,202200045207B01,7,4,1,200030674
202200045262,2022-10-27,2022,octobre,jeudi,12:30,27,27681,49.09429,1.48192,2,1,6,1,1,4,1,1,1,1,,-1,1,0,4,4,2,57,1,2,,6,0,1,1,202200045262A01,,,,200072312
202200045265,2022-10-27,2022,octobre,jeudi,17:25,26,26362,44.92233,4.89081,2,6,3,1,1,4,2,2,1,1,,-1,1,0,1,3,2,57,5,2,,0,2,1,0,202200045265B01,37,9,1,200068781
202200045337,2022-10-25,2022,octobre,mardi,14:05,75,75112,48.833344,2.402273,2,2,3,1,1,4,2,2,1,1,,-1,1,0,5,3,2,21,9,2,,0,2,8,19,202200045337B01,10,15,1,200054781
202200045363,2022-10-26,2022,octobre,mercredi,21:00,93,93048,48.85414,2.42771,2,2,3,5,1,4,1,1,2,1,,-1,1,0,1,4,1,19,5,2,,1,0,8,1,202200045363Y01,7,1,1,200054781
202200045365,2022-10-26,2022,octobre,mercredi,05:58,93,93006,48.874501891,2.4315522078,2,1,3,5,1,3,2,2,1,1,,-1,1,0,1,4,1,37,0,2,,1,0,1,1,202200045365A01,7,24,1,200054781
202200045371,2022-05-12,2022,mai,jeudi,15:15,59,59601,50.0590815108,4.0925882847,2,1,3,1,1,4,-1,2,1,1,,-1,1,0,8,3,1,38,5,1,2,1,0,8,21,202200045371B01,10,22,1,200043404
202200045392,2022-05-11,2022,mai,mercredi,14:35,987,98734,-17.723379,-149.50573,1,1,2,1,1,2,2,2,1,2,,-1,1,0,1,3,1,12,5,2,,0,2,4,13,202200045392A01,7,17,1,
202200045401,2022-05-11,2022,mai,mercredi,17:00,83,83107,43.3422186339,6.6974115372,2,1,3,1,1,3,2,2,1,1,,-1,1,0,1,1,1,39,5,2,,0,2,8,15,202200045401B01,31,17,1,200035319
202200045403,2022-05-13,2022,mai,vendredi,15:50,06,06065,43.720156,7.148366,2,1,7,1,1,7,2,2,2,2,,-1,1,9,1,4,1,47,4,1,2,0,0,0,2,202200045403A01,,,,200030195
202200045479,2022-05-11,2022,mai,mercredi,14:30,54,54395,48.7011708455,6.1701563001,2,1,3,1,1,4,2,2,1,1,,-1,1,0,1,4,1,27,0,1,2,0,2,1,15,202200045479A01,7,0,1,245400676
202200045480,2022-05-11,2022,mai,mercredi,13:45,54,54395,48.6925922309,6.1771260202,2,2,3,1,7,4,1,3,1,1,,-1,1,0,5,4,2,40,0,1,2,0,2,1,1,202200045480B01,7,16,1,245400676
202200045481,2022-05-11,2022,mai,mercredi,12:30,54,54395,48.6997,6.1708,2,1,3,1,1,4,1,2,1,1,,-1,1,0,5,4,2,60,0,1,2,0,2,1,0,202200045481B01,10,22,1,245400676
202200045504,2022-05-11,2022,mai,mercredi,09:20,14,14118,49.202771,-0.391179,2,2,3,1,1,3,1,2,1,3,,-1,9,0,5,4,1,67,5,1,2,0,2,1,1,202200045504B01,10,12,1,200065597
202200045509,2022-05-11,2022,mai,mercredi,13:20,06,06104,43.756203,7.480116,2,1,6,1,1,3,2,2,2,1,,-1,1,0,1,1,1,43,0,2,,0,9,7,1,202200045509C01,7 / 31,13,2,240600551
202200045521,2022-05-11,2022,mai,mercredi,13:30,75,75120,48.8534838761,2.4107976258,2,2,3,1,1,4,3,2,1,1,,-1,1,-1,5,4,1,34,5,1,2,0,2,1,1,202200045521B01,7,22,1,200054781
202200045565,2022-01-11,2022,janvier,mardi,08:17,75,75119,48.894426,2.381487,2,2,3,2,1,4,3,2,1,1,,-1,1,0,1,4,1,32,9,1,2,0,2,1,1,202200045565B01,7,1,1,200054781
202200045678,2022-01-10,2022,janvier,lundi,13:30,35,35051,48.1126478302,-1.6079393774,2,6,3,1,2,4,-1,2,1,3,,-1,2,0,5,4,1,41,1,2,,0,0,0,0,202200045678B01,7,9,1,243500139
202200045679,2022-01-10,2022,janvier,lundi,13:55,27,27229,49.01775,1.15802,2,4,3,1,8,4,2,2,2,2,,-1,1,0,1,4,1,30,5,1,2 / 4,0,2,3,1,202200045679B01,7,14,1,200071454
202200045695,2022-01-10,2022,janvier,lundi,08:55,75,75110,48.873662,2.356699,2,1,1,1,8,4,2,5,2,1,,-1,1,-1,5,4,1,41,1,1,2,0,2,1,1,202200045695B01,50,13,1,200054781
202200045696,2022-01-08,2022,janvier,samedi,23:40,75,75107,48.861122,2.305506,2,2,7,5,1,4,1,1,1,1,,-1,1,0,1,3,1,66,5,1,4,0,0,0,1,202200045696A01,,,,200054781
202200045716,2022-09-23,2022,septembre,vendredi,16:45,69,69266,45.759,4.88893,2,1,3,1,1,4,2,2,1,1,,-1,1,0,1,4,1,24,9,2,,0,2,8,9,202200045716B01,10,21,1,200046977
202200045730,2022-09-22,2022,septembre,jeudi,15:15,54,54357,48.7132635441,6.1581292748,2,1,2,1,1,4,2,2,2,1,,-1,1,0,1,4,1,65,5,1,2,0,2,4,1,202200045730B01,7,1,1,245400676
202200045745,2022-09-23,2022,septembre,vendredi,10:05,33,33063,44.83992,-0.56043,2,9,3,1,1,4,-1,2,1,1,,-1,1,4,6,4,1,24,9,2,,0,4,1,19,202200045745B01,40,1,1,243300316
202200045773,2022-09-22,2022,septembre,jeudi,16:27,75,75103,48.864151,2.360455,2,1,1,1,1,4,2,2,1,1,,-1,1,8,1,3,1,27,1,2,,0,2,1,17,202200045773A01,7,1,1,200054781
202200045774,2022-09-21,2022,septembre,mercredi,10:17,75,75113,48.830888,2.381455,2,1,3,1,1,4,2,4,1,1,,-1,1,-1,6,3,1,18,1,2,,0,2,7,19,202200045774B01,10,7,1,200054781
202200045776,2022-09-23,2022,septembre,vendredi,12:00,75,75119,48.876362,2.379704,2,2,3,1,1,4,2,3,1,1,,-1,1,0,1,4,2,44,9,2,,0,2,1,1,202200045776B01,34,1,1,200054781
202200045790,2022-09-23,2022,septembre,vendredi,14:00,93,93062,48.90356,2.5235,2,2,3,1,1,4,2,2,1,1,,-1,1,0,1,4,1,13,2,2,,0,2,8,5,202200045790A01,10,1,1,200054781
202200045809,2022-09-24,2022,septembre,samedi,09:30,56,56101,47.870719,-3.065668,1,9,5,2,7,3,2,2,2,3,,-1,1,0,1,3,1,67,5,1,2,0,2,1,1,202200045809B01,7,15,1,200042174
202200045809,2022-09-24,2022,septembre,samedi,09:30,56,56101,47.870719,-3.065668,1,9,5,2,7,3,2,2,2,3,,-1,1,0,1,3,1,67,5,1,2,0,2,1,1,202200045809C01,7,15,1,200042174
202200045813,2022-09-23,2022,septembre,vendredi,10:48,61,61462,48.725823,-0.048656,1,6,3,1,1,3,3,4,1,1,,-1,1,0,1,3,1,63,5,2,,0,2,5,0,202200045813B01,7,0,1,200068450
202200045823,2022-09-15,2022,septembre,jeudi,19:30,31,31202,43.822019,1.397324,2,6,3,1,1,3,1,1,1,2,,-1,1,5,1,3,1,64,5,2,,0,2,7,2,202200045823B01,7,2,1,200034957
202200045825,2022-12-02,2022,décembre,vendredi,17:40,93,93032,48.8876,2.53644,2,1,5,5,2,3,2,2,1,1,,-1,2,0,1,4,1,15,0,1,1,0,2,3,17,202200045825B01,7 / 0,1,2,200054781
202200045849,2022-12-02,2022,décembre,vendredi,06:05,92,92044,48.8929597091,2.2895797491,2,2,3,5,1,4,1,2,1,1,,-1,1,0,1,4,1,26,0,2,,0,2,8,2,202200045849A01,37,2,1,200054781
202200045858,2022-03-01,2022,mars,mardi,16:00,84,84064,44.290872,4.692528,1,3,2,1,1,2,2,3,1,1,,-1,1,5,1,3,1,82,5,2,,0,0,8,13,202200045858A01,7,17,1,200000628
202200045862,2022-12-02,2022,décembre,vendredi,17:25,92,92026,48.89695,2.25606,2,1,6,5,2,3,1,2,1,1,,-1,2,0,5,4,1,14,5,1,2,1,2,7,1,202200045862B01,,,,200054781
202200045864,2022-04-14,2022,avril,jeudi,18:00,49,49007,47.49467,-0.55553,2,1,2,1,1,4,1,1,1,1,,-1,1,0,1,4,2,10,0,2,,0,2,1,2,202200045864B01,7,2,1,244900015
202200045930,2022-09-22,2022,septembre,jeudi,16:05,974,97407,-20.94001,55.30774,2,9,3,1,1,4,1,2,1,2,,-1,1,9,1,1,1,39,0,2,,0,0,7,2,202200045930B01,7,0,1,249740101
202200045938,2022-07-04,2022,juillet,lundi,14:35,974,97411,-20.90135,55.48002,2,1,2,1,1,4,2,4,2,1,,-1,1,0,1,4,1,24,0,2,,0,2,0,2,202200045938A01,7,2,1,249740119
202200045972,2022-09-20,2022,septembre,mardi,17:20,85,85194,46.5116813,-1.76235884,2,1,3,1,1,4,-1,2,1,1,,-1,1,0,1,1,1,17,5,2,,0,2,1,19,202200045972A01,2,1,1,200071165
202200045997,2022-09-20,2022,septembre,mardi,08:10,72,72181,47.99946,0.21286,2,9,3,1,1,4,2,2,2,1,,-1,1,0,1,1,1,44,9,2,,0,2,1,0,202200045997A01,80,0,1,247200132
202200046016,2022-12-03,2022,décembre,samedi,17:10,91,91243,48.622524,2.159479,2,1,3,5,1,4,2,2,1,1,,5,1,0,1,4,1,14,0,2,,0,0,8,19,202200046016B01,7,19,1,249100074
202200046096,2022-08-17,2022,août,mercredi,11:30,75,75118,48.898689,2.359011,2,2,3,1,2,4,1,0,1,1,,-1,2,0,1,1,1,32,4,2,,0,2,3,13,202200046096A01,32,1,1,200054781
202200046155,2022-08-18,2022,août,jeudi,14:35,80,80136,49.959555,2.717287,1,1,2,1,1,3,2,2,3,1,,-1,1,0,1,3,1,70,5,2,,0,0,4,2,202200046155B01,7,2,1,248000747
202200046157,2022-06-10,2022,juin,vendredi,08:55,69,69388,45.74336,4.87426,2,3,1,1,1,4,1,1,1,1,,-1,1,-1,1,4,1,45,1,2,,0,2,1,1,202200046157B01,7,15,1,200046977
202200046211,2022-02-21,2022,février,lundi,15:45,68,68162,48.135399,7.305619,2,3,3,1,2,4,2,2,1,1,,4,2,0,1,3,1,51,5,1,2,0,2,1,15,202200046211A01,10,1,1,246800551
202200046237,2022-08-18,2022,août,jeudi,10:15,68,68089,47.919441,6.944572,1,1,7,1,2,3,2,2,2,1,,-1,2,0,1,3,1,35,5,1,2 / 6,0,0,9,1,202200046237A01,,,,246800205
202200046244,2022-12-01,2022,décembre,jeudi,20:36,75,75110,48.872018,2.376803,2,2,3,5,1,4,3,4,1,1,,-1,1,0,1,4,1,29,5,2,,0,2,1,1,202200046244A01,7,16,1,200054781
202200046254,2022-08-18,2022,août,jeudi,11:30,65,65006,42.905158,0.301137,1,1,7,1,2,3,2,2,2,1,,-1,2,0,1,2,1,40,5,2,,0,0,0,1,202200046254A01,,,,246500573
202200046256,2022-12-01,2022,décembre,jeudi,02:13,75,75110,48.880496,2.352304,2,5,3,5,1,4,3,6,2,1,,-1,1,0,5,4,1,32,5,2,,0,2,3,1,202200046256B01,7,16,1,200054781
202200046319,2022-04-06,2022,avril,mercredi,14:30,27,27602,49.01289,1.090452,2,3,1,1,1,4,2,2,1,1,,5,1,0,1,4,1,15,5,2,,0,2,1,15,202200046319B01,7,1,1,200071454
202200046355,2022-02-19,2022,février,samedi,16:00,78,78548,48.711155,1.990365,1,9,3,1,1,3,2,2,2,2,,-1,1,0,1,3,1,59,5,1,2,0,2,1,17,202200046355B01,7,15,1,200033173
202200046367,2022-12-01,2022,décembre,jeudi,18:25,86,86226,46.558844,0.486748,1,1,4,3,1,3,2,2,1,1,,-1,1,0,1,3,1,27,1,2,,0,2,4,1,202200046367B01,7 / 38,2,2,200069854
202200046371,2022-12-01,2022,décembre,jeudi,17:40,56,56052,47.5182912,-2.5686782,2,6,3,2,1,4,2,2,1,1,,-1,1,5,1,3,1,20,1,2,,0,2,7,15,202200046371B01,7,2,1,200027027
202200046398,2022-06-10,2022,juin,vendredi,08:45,37,37261,47.3733699829,0.6912079453,2,3,3,1,1,4,2,4,1,3,,-1,1,5,1,4,1,23,1,1,2 / 6,0,2,5,0,202200046398B01,7,16,1,243700754
202200046437,2022-02-19,2022,février,samedi,06:00,974,97411,-20.90229,55.5031,2,9,6,2,1,2,4,0,1,1,,-1,1,0,5,4,1,49,1,1,2,0,2,6,1,202200046437B01,10,9,1,249740119
202200046488,2022-06-10,2022,juin,vendredi,08:30,10,10387,48.30847,4.068579,2,6,3,1,1,4,1,2,1,1,,-1,1,0,1,4,1,49,1,1,2,0,2,3,19,202200046488A01,7,1,1,200069250
202200046497,2022-08-14,2022,août,dimanche,20:42,34,34032,43.33883,3.20993,2,1,7,1,1,4,2,2,1,1,,-1,1,0,1,1,1,22,5,2,,0,1,1,1,202200046497A01,,,,243400769
202200046503,2022-12-01,2022,décembre,jeudi,18:00,33,33177,45.335993,-0.976544,1,1,2,3,1,3,2,2,1,1,,-1,1,0,1,3,1,62,3,1,2,0,2,6,2,202200046503B01,7,1,1,200069995
202200046516,2022-02-18,2022,février,vendredi,17:30,72,72181,47.99294,0.20458,2,1,3,1,1,4,-1,2,1,1,,-1,1,0,5,4,1,50,0,1,2,0,2,5,19,202200046516A01,33,21,1,247200132
202200046538,2022-06-10,2022,juin,vendredi,18:50,75,75118,48.883421,2.334345,2,4,6,1,1,4,3,2,1,1,,-1,1,-1,6,1,1,31,9,1,2,0,1,2,7,202200046538A01,,,,200054781
202200046543,2022-06-10,2022,juin,vendredi,13:30,75,75116,48.8387,2.259889,2,1,3,1,1,4,1,3,1,1,,-1,1,-1,6,4,1,34,4,1,2,0,2,1,7,202200046543B01,1,9,1,200054781
202200046543,2022-06-10,2022,juin,vendredi,13:30,75,75116,48.8387,2.259889,2,1,3,1,1,4,1,3,1,1,,-1,1,-1,6,1,1,27,4,1,2,0,2,2,9,202200046543A01,1,7,1,200054781
202200046546,2022-06-10,2022,juin,vendredi,08:45,75,75116,48.868601,2.27419,2,2,3,1,1,4,1,1,1,1,,-1,1,0,1,4,2,29,1,1,2,0,2,3,1,202200046546B01,7,14,1,200054781
202200046551,2022-08-16,2022,août,mardi,16:50,75,75113,48.830823,2.356063,2,7,3,1,8,4,1,1,1,2,,-1,1,0,1,4,1,34,4,1,2,0,2,7,1,202200046551B01,7,17,1,200054781
202200046556,2022-08-16,2022,août,mardi,15:00,75,75113,48.829175,2.365147,2,7,3,1,1,4,1,1,1,3,,-1,1,0,1,4,1,14,5,2,,0,2,1,5,202200046556A01,10,1,1,200054781
202200046557,2022-06-10,2022,juin,vendredi,18:15,75,75111,48.854338,2.392227,2,1,3,1,1,4,2,2,1,1,,-1,1,0,1,4,2,27,1,1,2,0,2,1,1,202200046557B01,7,22,1,200054781
202200046558,2022-06-09,2022,juin,jeudi,12:10,75,75111,48.851103,2.397243,2,1,3,1,1,4,2,2,1,1,,-1,1,0,1,3,1,63,5,1,2,0,2,1,1,202200046558B01,7,22,1,200054781
202200046560,2022-06-10,2022,juin,vendredi,18:45,75,75110,48.876865,2.370316,2,1,3,1,1,4,2,2,1,1,,-1,1,0,1,1,2,42,1,2,,0,2,1,1,202200046560B01,2,14,1,200054781
202200046562,2022-06-10,2022,juin,vendredi,13:28,75,75110,48.876136,2.358366,2,5,2,1,1,4,3,5,1,1,,-1,1,0,1,4,1,42,1,1,2,0,2,4,1,202200046562B01,7,23,1,200054781
202200046569,2022-06-10,2022,juin,vendredi,08:10,94,94037,48.81477,2.35186,2,9,3,1,1,3,1,1,1,1,,-1,1,0,1,4,1,17,2,2,,0,2,0,0,202200046569Y01,0,0,1,200054781
202200046580,2022-02-17,2022,février,jeudi,19:31,75,75104,48.855211,2.361154,2,3,6,5,1,4,2,4,1,1,,-1,1,0,1,3,1,66,5,2,,12,0,0,14,202200046580A01,,,,200054781
202200046595,2022-02-19,2022,février,samedi,09:45,75,75116,48.862721,2.230942,2,1,2,1,1,4,2,3,1,3,,-1,1,0,5,1,1,60,5,1,2,0,2,1,23,202200046595A01,1,2,1,200054781
202200046595,2022-02-19,2022,février,samedi,09:45,75,75116,48.862721,2.230942,2,1,2,1,1,4,2,3,1,3,,-1,1,0,5,4,1,30,5,1,2,0,2,1,2,202200046595B01,1,23,1,200054781
202200046604,2022-10-27,2022,octobre,jeudi,19:20,92,92026,48.899969,2.268564,2,1,1,5,1,3,-1,1,1,1,,-1,1,0,8,1,1,12,5,2,,0,2,1,1,202200046604A01,60,26,1,200054781
202200046614,2022-03-31,2022,mars,jeudi,01:10,35,35238,48.10847,-1.68853,2,1,6,5,1,4,1,1,2,1,,-1,1,0,5,4,1,47,5,2,,0,1,1,1,202200046614A01,,,,243500139
202200046630,2022-02-19,2022,février,samedi,13:15,75,75113,48.826902,2.359372,2,1,2,1,1,4,2,3,1,1,,-1,1,0,1,4,1,24,5,2,,0,2,1,1,202200046630A01,7,23,1,200054781
202200046634,2022-08-17,2022,août,mercredi,11:00,65,65267,42.990358,-0.09715,1,1,7,1,1,4,2,2,2,3,,4,1,0,1,4,1,41,5,1,2,0,0,2,13,202200046634A01,,,,200070811
202200046650,2022-02-19,2022,février,samedi,10:30,75,75111,48.859822,2.388765,2,3,3,1,1,4,1,2,1,1,,-1,1,0,1,4,2,36,5,1,2,0,2,7,17,202200046650B01,7,15,1,200054781
202200046656,2022-02-19,2022,février,samedi,16:50,75,75108,48.871224,2.303067,2,1,3,1,1,4,3,8,2,1,,-1,1,0,5,4,2,60,5,2,,1,0,8,1,202200046656B01,7,22,1,200054781
202200046663,2022-08-10,2022,août,mercredi,13:10,06,06079,43.517793,6.936622,1,1,7,1,1,3,2,2,2,4,,-1,1,0,3,3,1,55,5,1,2,13,0,1,18,202200046663A01,,,,200039915
202200046664,2022-10-28,2022,octobre,vendredi,09:50,76,76243,49.532172,1.361382,1,1,3,1,1,3,2,2,2,3,,-1,1,0,1,3,1,61,5,1,2,0,2,8,1,202200046664B01,7,17,1,200070449
202200046666,2022-02-19,2022,février,samedi,15:17,75,75104,48.854807,2.345378,2,1,6,1,1,4,2,3,1,1,,-1,1,0,6,4,1,18,2,2,,14,0,2,1,202200046666A01,,,,200054781
202200046696,2022-08-14,2022,août,dimanche,10:10,17,17203,46.062229,-0.848415,1,1,3,1,1,3,2,2,2,1,,-1,1,0,1,3,1,63,5,1,2,0,2,0,0,202200046696B01,7,1,1,200041614
202200046711,2022-03-31,2022,mars,jeudi,17:15,75,75120,48.853339,2.409693,2,3,3,1,8,4,2,2,1,1,,-1,2,0,1,4,1,38,3,1,2,0,2,1,18,202200046711B01,10,16,1,200054781
202200046718,2022-03-30,2022,mars,mercredi,22:45,75,75120,48.8775824382,2.4082905935,2,7,3,5,2,4,1,4,1,1,,-1,2,5,1,4,1,34,9,1,2,0,2,1,1,202200046718B01,7,1,1,200054781
202200046728,2022-02-19,2022,février,samedi,09:55,51,51536,49.196618,4.134459,2,1,2,1,1,3,2,2,1,1,,-1,1,0,1,4,1,69,5,2,,0,2,1,19,202200046728A01,7,20,1,200067213
202200046729,2022-06-09,2022,juin,jeudi,13:00,51,51399,49.1322695462,4.834150672,1,1,3,1,1,3,2,2,1,1,,-1,1,0,1,3,1,68,5,1,2,0,0,6,2,202200046729B01,7,2,1,200042703
202200046742,2022-03-31,2022,mars,jeudi,07:40,75,75119,48.8894780481,2.3958169362,2,7,3,2,1,4,2,4,1,1,,-1,1,-1,5,4,1,52,1,1,2,0,2,8,19,202200046742A01,43,1,1,200054781
202200046758,2022-03-30,2022,mars,mercredi,09:20,75,75118,48.8986978038,2.3683680293,2,3,3,1,2,4,2,4,1,1,,-1,2,0,1,4,2,32,1,1,2,0,2,6,13,202200046758B01,32,1,1,200054781
202200046776,2022-06-11,2022,juin,samedi,11:45,29,29020,48.101517,-4.005573,2,6,3,1,1,4,2,2,4,1,,7,1,5,8,3,1,84,5,1,2,0,2,7,1,202200046776B01,7,1,1,200068120
202200046784,2022-02-19,2022,février,samedi,14:50,31,31182,43.68511,1.402557,2,4,2,1,1,7,2,2,2,1,,5,1,2,1,3,1,77,5,1,2,0,0,4,1,202200046784A01,7,9,1,243100518
202200046807,2022-03-31,2022,mars,jeudi,04:00,75,75103,48.8665273823,2.3648077497,2,7,1,5,1,4,2,5,1,1,,-1,1,-1,5,4,2,30,9,1,2,0,2,1,1,202200046807B01,32,17,1,200054781
202200046828,2022-10-26,2022,octobre,mercredi,18:30,60,60255,49.667558,2.995534,1,1,2,2,7,3,2,2,2,1,,-1,1,0,1,3,1,55,0,1,4 / 9,0,2,6,1,202200046828A01,7,1,1,246000756
202200046837,2022-06-11,2022,juin,samedi,10:35,04,04160,43.858877,5.684234,1,1,5,1,1,3,2,2,2,2,,-1,1,0,1,4,1,58,5,1,2,0,2,0,1,202200046837C01,7,17,1,200071025
202200046837,2022-06-11,2022,juin,samedi,10:35,04,04160,43.858877,5.684234,1,1,5,1,1,3,2,2,2,2,,-1,1,0,1,3,1,46,5,1,2,0,2,0,1,202200046837B01,7,17,1,200071025
202200046848,2022-10-27,2022,octobre,jeudi,15:50,59,59026,50.267786,3.17131,1,1,7,1,1,3,2,2,1,1,,-1,1,0,1,2,1,64,5,1,2,0,0,0,0,202200046848A01,,,,200044618
202200046867,2022-06-10,2022,juin,vendredi,15:20,91,91135,48.521817,2.436519,1,1,3,1,1,3,2,2,1,1,,-1,1,0,1,3,2,26,5,1,2 / 6,0,2,1,1,202200046867B01,7,15,1,249100546
202200046898,2022-10-26,2022,octobre,mercredi,09:44,75,75113,48.830098,2.354344,2,4,6,1,1,4,1,2,1,1,,-1,1,0,5,1,1,24,1,2,,0,1,8,1,202200046898A01,,,,200054781
202200046901,2022-10-26,2022,octobre,mercredi,01:00,75,75110,48.878537,2.354046,2,5,3,5,2,4,2,2,1,1,,-1,2,0,1,4,2,18,5,2,,0,2,1,1,202200046901A01,7,1,1,200054781
202200046911,2022-10-25,2022,octobre,mardi,17:00,972,97209,14.599162,-61.053466,2,3,1,1,1,4,-1,1,1,1,,-1,1,6,1,-1,-1,2022,-1,2,,0,9,1,19,202200046911B01,7,1,1,249720061
202200046931,2022-06-11,2022,juin,samedi,10:00,81,81105,43.771539,1.984169,2,1,3,1,1,3,3,2,1,1,,-1,1,0,8,2,1,85,5,2,,0,2,7,19,202200046931B01,7,1,1,200066124
202200046933,2022-03-31,2022,mars,jeudi,15:45,30,30047,43.7981,4.4294,2,1,1,1,1,4,1,2,1,3,,5,1,0,1,3,2,55,5,2,,0,9,1,0,202200046933B01,7,0,1,243000643
202200046946,2022-06-11,2022,juin,samedi,19:00,59,59015,50.2737946645,3.1032299995,2,1,1,1,1,5,4,1,1,1,,3,1,0,1,4,1,12,5,2,,0,2,1,0,202200046946B01,7,0,1,200044618
202200046975,2022-04-01,2022,avril,vendredi,07:00,89,89414,48.285176,3.376373,1,1,2,2,4,3,2,2,1,1,,7.3,2,0,1,2,1,42,1,2,,0,2,4,2,202200046975B01,10,2,1,248900896
202200047026,2022-10-25,2022,octobre,mardi,16:10,67,67447,48.6093,7.73272,2,1,1,1,1,4,2,2,1,1,,-1,1,5,1,4,2,36,0,1,2,0,2,0,16,202200047026A01,7,16,1,246700488
202200047043,2022-03-15,2022,mars,mardi,20:30,67,67471,48.63372,7.754079,2,3,3,5,1,7,2,2,1,1,,-1,1,0,1,3,1,22,4,2,,0,2,7,19,202200047043A01,7,1,1,246700488
202200047064,2022-02-27,2022,février,dimanche,10:45,77,77510,48.815656,2.792775,2,3,3,1,1,3,2,2,1,1,,-1,1,0,1,3,1,57,5,1,2,0,2,1,2,202200047064B01,7,15,1,247700339
202200047106,2022-10-26,2022,octobre,mercredi,17:50,18,18279,47.19884,2.08629,2,3,3,1,1,3,2,2,1,3,,-1,1,5,1,3,1,14,9,2,,0,2,1,1,202200047106B01,7,15,1,200090561
202200047107,2022-05-11,2022,mai,mercredi,20:30,75,75115,48.840407,2.304272,2,2,3,2,1,4,2,2,2,1,,-1,1,0,1,4,2,25,9,1,2,0,2,0,1,202200047107A01,7,1,1,200054781
202200047110,2022-05-11,2022,mai,mercredi,07:45,75,75113,48.823402,2.375021,2,3,3,1,1,4,3,2,2,1,,-1,1,-1,5,4,1,20,2,1,2,0,2,1,1,202200047110A01,7,16,1,200054781
202200047114,2022-05-10,2022,mai,mardi,19:20,75,75112,48.839524,2.384817,2,1,3,1,1,4,2,4,1,1,,-1,1,0,1,3,1,26,1,1,2,0,2,8,13,202200047114B01,32,17,1,200054781
202200047117,2022-05-11,2022,mai,mercredi,04:45,75,75111,48.857177,2.390456,2,1,6,5,1,4,2,2,1,1,,-1,1,0,1,4,2,49,9,1,2,1,0,2,14,202200047117A01,,,,200054781
202200047128,2022-05-10,2022,mai,mardi,20:50,75,75107,48.859937,2.310175,2,2,6,2,1,4,2,2,1,1,,-1,1,-1,5,1,1,23,1,1,2,0,1,1,1,202200047128A01,,,,200054781
202200047132,2022-05-10,2022,mai,mardi,12:15,75,75102,48.8687042253,2.3331435926,2,2,3,1,1,4,2,4,1,1,,-1,1,-1,6,3,1,52,4,1,2,0,2,3,14,202200047132A01,7,7,1,200054781
202200047148,2022-10-25,2022,octobre,mardi,13:30,75,75114,48.827647,2.33373,2,1,2,1,1,4,2,2,1,1,,-1,1,0,5,4,1,28,9,2,,0,2,0,14,202200047148A01,10,4,1,200054781
202200047157,2022-10-26,2022,octobre,mercredi,09:40,75,75111,48.855113,2.387136,2,2,3,1,1,4,1,1,1,1,,-1,1,0,1,4,2,26,9,2,,0,2,8,1,202200047157A01,32,1,1,200054781
202200047179,2022-10-26,2022,octobre,mercredi,09:10,92,92040,48.827668,2.28236,2,1,6,1,1,4,1,1,2,3,,-1,1,0,1,3,1,60,1,2,,12,0,1,16,202200047179A01,,,,200054781
202200047195,2022-10-26,2022,octobre,mercredi,16:15,12,12300,44.378176,2.042175,1,3,7,1,1,3,2,2,2,1,,4,1,0,1,2,2,76,5,2,,0,0,9,1,202200047195A01,7,16,1,200069383
202200047198,2022-10-27,2022,octobre,jeudi,17:20,01,01004,45.966279,5.347939,2,3,1,1,1,4,1,2,1,2,,4,1,0,1,4,2,32,1,1,2,0,2,1,18,202200047198B01,7,1,1,240100883
202200047202,2022-10-26,2022,octobre,mercredi,17:30,49,49110,47.550217,-0.388749,1,1,2,1,1,3,2,3,1,1,,-1,1,0,1,2,1,63,9,2,,0,0,4,2,202200047202B01,7,2,1,200068955
202200047237,2022-10-27,2022,octobre,jeudi,10:30,22,22340,48.690295,-3.400859,1,1,7,1,1,3,2,2,1,1,,-1,1,0,1,2,1,72,5,1,2,0,0,0,1,202200047237A01,,,,200065928
202200047239,2022-05-10,2022,mai,mardi,11:50,59,59067,50.9655265058,2.4321681261,2,1,2,1,1,4,2,2,1,1,,4,1,9,1,3,2,71,9,2,,0,2,1,1,202200047239B01,13,1,1,200040954