Num_Acc,date,an,mois,jour,hrmn,dep,com,lat,long,agg,int,col,lum,atm,catr,circ,nbv,prof,plan,lartpc,larrout,surf,infra,situ,grav,sexe,age,trajet,secuexist,equipement,obs,obsm,choc,manv,vehiculeid,typevehicules,manoeuvehicules,numVehicules,_infos_commune.code_epci
202200047268,2022-03-30,2022,mars,mercredi,11:40,35,35238,48.0892086362,-1.6823378205,2,1,6,1,8,4,3,2,1,1,,-1,1,0,5,3,1,24,1,2,,1,0,1,16,202200047268A01,,,,243500139
202200047273,2022-05-11,2022,mai,mercredi,16:50,11,11021,42.804233,2.234869,2,1,6,1,1,9,2,2,4,1,,4,1,0,1,1,2,14,5,2,,0,1,1,1,202200047273A01,,,,200043776
202200047273,2022-05-11,2022,mai,mercredi,16:50,11,11021,42.804233,2.234869,2,1,6,1,1,9,2,2,4,1,,4,1,0,1,1,2,14,5,2,,0,1,1,1,202200047273A01,,,,200043776
202200047292,2022-05-11,2022,mai,mercredi,18:50,31,31286,43.255415,1.119663,2,2,3,1,1,3,2,0,1,1,,0,1,0,1,4,1,12,5,2,,0,2,1,9,202200047292A01,10,1,1,200066819
202200047302,2022-03-30,2022,mars,mercredi,08:35,75,75117,48.888752,2.319979,2,1,7,1,2,4,2,2,1,1,,-1,2,0,1,4,2,40,2,1,2,0,0,0,1,202200047302A01,,,,200054781
202200047302,2022-03-30,2022,mars,mercredi,08:35,75,75117,48.888752,2.319979,2,1,7,1,2,4,2,2,1,1,,-1,2,0,1,4,1,3,2,1,3,0,0,0,1,202200047302A01,,,,200054781
202200047305,2022-03-29,2022,mars,mardi,13:30,75,75116,48.8603757545,2.2912305205,2,7,3,1,2,4,2,4,1,1,,-1,2,0,1,4,1,74,5,1,2,0,2,7,5,202200047305A01,7,1,1,200054781
202200047306,2022-05-11,2022,mai,mercredi,16:10,30,30004,43.707981,4.193985,1,1,3,1,1,2,2,2,1,1,,-1,1,0,1,4,1,79,5,2,,0,2,8,2,202200047306B01,7,2,1,243000569
202200047307,2022-02-24,2022,février,jeudi,21:40,75,75116,48.874928,2.271099,2,3,3,5,1,4,2,2,2,2,,-1,2,-1,5,4,2,40,9,1,2,0,2,7,1,202200047307A01,32,1,1,200054781
202200047311,2022-02-26,2022,février,samedi,16:20,75,75107,48.858824,2.331498,2,1,3,1,1,4,2,5,2,2,,-1,2,-1,5,1,2,49,5,1,2,0,2,1,13,202200047311B01,80,17,1,200054781
202200047321,2022-03-30,2022,mars,mercredi,02:40,75,75108,48.8731368492,2.3267415433,2,2,3,5,1,4,1,1,1,1,,-1,1,0,1,4,1,35,9,1,2,0,2,1,1,202200047321A01,7,1,1,200054781
202200047325,2022-03-30,2022,mars,mercredi,14:45,75,75103,48.8673818953,2.3633198561,2,7,6,1,8,4,2,6,1,1,,-1,1,0,1,1,1,32,4,1,2,0,1,1,1,202200047325A01,,,,200054781
202200047335,2022-05-12,2022,mai,jeudi,13:28,59,59258,50.541932,3.222284,2,1,3,1,1,4,2,2,1,3,,-1,1,0,1,4,1,49,5,1,2,0,2,3,13,202200047335A01,7,2,1,200041960
202200047393,2022-05-07,2022,mai,samedi,19:15,63,63198,45.925,3.0395,1,1,3,1,1,3,2,2,2,2,,-1,1,0,1,4,1,51,0,1,2,0,2,8,1,202200047393B01,7,1,1,200072098
202200047431,2022-05-10,2022,mai,mardi,08:20,26,26058,44.96587,4.88398,2,6,3,1,1,4,-1,2,1,2,,-1,1,5,1,4,1,81,5,1,2,0,2,4,2,202200047431A01,10,16,1,200068781
202200047442,2022-01-10,2022,janvier,lundi,07:50,2B,2B096,42.306125,9.155523,2,9,3,2,9,4,2,1,2,2,,3,7,0,1,4,2,3,9,1,2 / 3,0,2,7,1,202200047442B01,7,19,1,242020071
202200047442,2022-01-10,2022,janvier,lundi,07:50,2B,2B096,42.306125,9.155523,2,9,3,2,9,4,2,1,2,2,,3,7,0,1,4,2,29,1,1,2 / 6,0,2,7,1,202200047442B01,7,19,1,242020071
202200047447,2022-01-11,2022,janvier,mardi,15:15,03,03010,46.444629,2.513745,1,1,3,1,1,3,2,2,1,1,,-1,1,0,1,4,2,61,5,1,2,0,2,4,1,202200047447B01,7,17,1,240300566
202200047505,2022-01-09,2022,janvier,dimanche,20:10,75,75113,48.832393,2.364907,2,3,3,5,1,4,2,2,1,1,,-1,2,0,1,4,2,48,5,1,2 / 4,0,2,1,1,202200047505B01,7,22,1,200054781
202200047519,2022-01-04,2022,janvier,mardi,17:30,68,68300,47.795003,7.381174,1,4,3,3,2,3,2,2,1,1,,-1,2,0,1,4,1,34,5,2,,0,0,4,1,202200047519B01,7,9,1,200066009
202200047525,2022-01-09,2022,janvier,dimanche,18:10,33,33123,45.087269,-0.408214,1,1,2,3,2,3,2,2,1,1,,-1,2,0,1,2,1,45,5,2,,0,2,4,1,202200047525B01,7,17,1,243301181
202200047533,2022-01-09,2022,janvier,dimanche,15:00,45,45061,48.048956,2.743006,2,1,1,1,4,4,2,2,1,2,,4,2,0,1,3,1,15,5,2,,0,2,1,1,202200047533B01,7,1,1,244500203
202200047593,2022-01-08,2022,janvier,samedi,17:10,35,35115,48.35261,-1.18597,2,6,3,2,2,4,1,2,2,1,,-1,2,9,1,4,1,22,5,1,2,0,2,7,1,202200047593B01,7,9,1,200072452
202200047612,2022-01-08,2022,janvier,samedi,12:14,75,75114,48.838755,2.320157,2,1,2,1,2,4,2,2,1,1,,-1,2,0,1,4,2,30,9,2,,0,2,1,1,202200047612B01,7,10,1,200054781
202200047654,2022-09-21,2022,septembre,mercredi,17:25,26,26362,44.896,4.916,2,6,3,1,1,3,1,2,1,2,,-1,1,0,1,4,1,62,0,2,,0,2,0,0,202200047654B01,7,9,1,200068781
202200047671,2022-09-22,2022,septembre,jeudi,19:50,75,75119,48.879904,2.370423,2,1,3,2,1,4,1,3,1,1,,-1,1,-1,5,4,1,30,1,2,,0,2,0,1,202200047671B01,7,16,1,200054781
202200047674,2022-09-22,2022,septembre,jeudi,08:50,75,75117,48.880499,2.309458,2,4,7,1,1,4,2,2,1,1,,-1,1,0,1,4,1,50,5,1,2 / 6,0,0,0,1,202200047674A01,,,,200054781
202200047681,2022-09-22,2022,septembre,jeudi,18:05,75,75101,48.861694,2.341226,2,2,3,1,1,4,2,4,1,1,,-1,1,0,1,4,2,20,2,2,,0,2,7,1,202200047681A01,7,1,1,200054781
202200047745,2022-09-19,2022,septembre,lundi,12:21,12,12131,44.3852633402,2.6376199723,1,1,1,1,1,4,2,2,1,2,,4,1,0,1,3,1,45,5,2,,0,2,1,1,202200047745B01,10,13,1,200067478
202200047779,2022-09-22,2022,septembre,jeudi,12:20,46,46128,44.781051,1.732208,1,1,5,1,1,3,2,2,1,1,,-1,1,0,1,4,1,52,5,1,2,15,2,3,1,202200047779B01,80 / 15,1,2,200066371
202200047797,2022-07-08,2022,juillet,vendredi,01:45,54,54395,48.68693,6.19502,2,5,3,5,1,4,2,2,1,1,,-1,1,5,1,4,1,35,9,2,,0,2,1,26,202200047797A01,7,26,1,245400676
202200047809,2022-07-10,2022,juillet,dimanche,08:25,54,54099,49.27385,5.9103,1,1,2,1,7,3,2,2,1,1,,-1,1,0,1,4,1,50,5,1,2,0,2,4,2,202200047809B01,7,1,1,200070845
202200047855,2022-11-30,2022,novembre,mercredi,13:50,29,29030,48.6622712997,-4.11547181,2,1,2,1,1,4,2,2,1,2,,7,1,0,1,3,1,80,5,2,,0,2,4,2,202200047855B01,7,2,1,200067072
202200047874,2022-09-23,2022,septembre,vendredi,08:20,13,13097,43.630298,4.806358,2,9,3,1,1,3,2,2,2,1,,-1,1,0,1,3,1,29,1,2,,0,2,7,1,202200047874B01,15,9,1,241300417
202200047891,2022-09-21,2022,septembre,mercredi,18:20,01,01262,45.848065,5.057762,2,6,3,1,7,3,2,2,1,1,,-1,1,0,1,4,2,53,1,1,2 / 4,0,2,8,1,202200047891B01,7,2,1,240100610
202200047929,2022-08-15,2022,août,lundi,10:20,75,75113,48.825665,2.382067,2,2,3,1,1,4,3,5,1,1,,-1,1,-1,5,4,1,60,5,2,,0,2,8,1,202200047929B01,10,16,1,200054781
202200047940,2022-08-15,2022,août,lundi,11:55,75,75110,48.873639,2.375016,2,2,2,1,1,4,1,2,1,1,,-1,1,0,1,4,1,36,5,2,,0,2,1,1,202200047940B01,7,22,1,200054781
202200048005,2022-08-14,2022,août,dimanche,11:00,17,17094,46.087955,-1.096498,2,1,1,1,1,3,2,2,1,3,,-1,1,0,5,4,1,36,5,1,2,0,2,1,1,202200048005A01,50,17,1,241700434
202200048050,2022-08-15,2022,août,lundi,20:00,62,62361,50.275863,2.29629,2,1,3,1,1,3,2,2,2,1,,-1,1,0,1,4,1,32,5,2,,0,2,1,19,202200048050B01,7,1,1,200069672
202200048060,2022-02-18,2022,février,vendredi,09:30,75,75117,48.896246,2.322225,2,2,3,1,2,4,2,3,1,1,,-1,2,-1,5,4,2,60,1,1,2,0,2,1,1,202200048060B01,10,15,1,200054781
202200048070,2022-09-21,2022,septembre,mercredi,17:10,974,97416,-21.34132,55.48161,2,3,1,1,1,4,2,2,2,1,,-1,1,0,1,4,2,18,5,2,,0,2,1,5,202200048070B01,7,15,1,249740077
202200048070,2022-09-21,2022,septembre,mercredi,17:10,974,97416,-21.34132,55.48161,2,3,1,1,1,4,2,2,2,1,,-1,1,0,1,4,1,19,5,2,,0,2,1,5,202200048070B01,7,15,1,249740077
202200048085,2022-02-18,2022,février,vendredi,09:20,75,75115,48.846202,2.291845,2,1,3,1,1,4,2,2,1,1,,-1,1,8,1,4,1,14,5,1,2,0,2,8,1,202200048085A01,13,14,1,200054781
202200048092,2022-02-18,2022,février,vendredi,13:45,75,75114,48.827827,2.330342,2,2,3,1,8,4,2,3,1,1,,-1,2,-1,5,4,1,17,9,1,2,0,2,0,1,202200048092B01,7,1,1,200054781
202200048097,2022-02-18,2022,février,vendredi,14:20,75,75114,48.837552,2.322951,2,2,6,1,2,4,2,4,1,1,,-1,2,0,1,1,2,23,5,1,2,0,1,1,15,202200048097A01,,,,200054781
202200048102,2022-02-18,2022,février,vendredi,10:35,75,75114,48.8226523164,2.3226562142,2,2,3,1,2,4,2,4,1,1,,-1,2,-1,6,4,2,20,9,1,2,0,2,8,1,202200048102A01,10,16,1,200054781
202200048107,2022-02-18,2022,février,vendredi,10:50,75,75112,48.847049,2.38415,2,1,3,1,2,4,2,3,1,1,,-1,2,-1,5,4,1,53,9,1,2,0,2,1,1,202200048107B01,7,9,1,200054781
202200048112,2022-09-17,2022,septembre,samedi,17:00,95,95610,49.0838158133,1.895750463,2,1,1,1,1,3,2,2,1,3,,-1,1,0,1,3,1,49,5,1,2,0,2,1,1,202200048112B01,7,15,1,200035970
202200048119,2022-08-10,2022,août,mercredi,18:10,38,38106,45.002824,5.795964,2,9,6,1,1,3,2,2,2,1,,-1,1,9,4,3,1,58,5,1,2,11,0,2,0,202200048119A01,,,,200040657
202200048122,2022-02-18,2022,février,vendredi,09:10,75,75110,48.87011,2.354698,2,1,2,1,1,4,2,5,1,1,,-1,1,-1,5,1,1,32,9,1,2,0,2,4,2,202200048122A01,50,2,1,200054781
202200048127,2022-02-18,2022,février,vendredi,22:15,75,75108,48.875297,2.315801,2,3,3,5,1,4,2,8,1,3,,-1,1,0,1,3,1,38,9,1,2,0,2,2,1,202200048127A01,7,1,1,200054781
202200048139,2022-02-17,2022,février,jeudi,12:30,75,75108,48.877845,2.326943,2,5,3,1,1,4,2,2,1,1,,-1,1,0,1,1,-1,2022,-1,2,,0,2,0,1,202200048139Z01,1,1,1,200054781
202200048139,2022-02-17,2022,février,jeudi,12:30,75,75108,48.877845,2.326943,2,5,3,1,1,4,2,2,1,1,,-1,1,0,1,4,1,26,9,2,,0,2,7,1,202200048139A01,1,1,1,200054781
202200048149,2022-02-18,2022,février,vendredi,09:30,75,75103,48.86545,2.356094,2,2,3,1,2,4,2,4,1,1,,-1,2,-1,6,3,2,58,1,1,2,0,2,8,7,202200048149B01,15,16,1,200054781
202200048160,2022-08-10,2022,août,mercredi,07:40,45,45093,48.024433,1.864457,1,1,3,1,7,4,2,2,1,1,,-1,1,0,1,4,1,76,5,1,2,0,2,8,1,202200048160B01,7,13,1,200035764
202200048196,2022-11-28,2022,novembre,lundi,07:34,05,05061,44.557865,6.068766,2,6,3,2,1,9,-1,1,2,1,,-1,1,0,1,4,1,14,5,1,2,0,2,7,1,202200048196B01,7,9,1,200067825
202200048255,2022-08-13,2022,août,samedi,07:45,71,71581,46.351438,4.01413,1,2,3,2,1,3,2,2,1,1,,4,1,0,1,3,1,68,5,1,2,0,2,1,1,202200048255B01,7,1,1,247100639
202200048260,2022-08-14,2022,août,dimanche,18:30,52,52269,47.857576,5.335042,2,1,7,1,1,2,2,1,2,2,,3,1,0,1,4,1,60,5,2,,0,0,7,1,202200048260A01,,,,200072999
202200048264,2022-07-08,2022,juillet,vendredi,19:35,27,27701,49.25633,1.18938,1,3,3,1,1,3,2,2,2,1,,-1,1,0,1,4,1,25,5,2,,0,2,3,1,202200048264A01,7,9,1,200089456
202200048273,2022-08-15,2022,août,lundi,01:50,17,17051,46.179901,-1.394309,2,1,6,3,1,4,1,1,1,1,,4,1,0,1,3,1,17,5,2,,1,0,8,1,202200048273A01,,,,241700459
202200048282,2022-09-20,2022,septembre,mardi,20:28,63,63113,45.77742,3.09684,2,1,1,5,1,4,2,2,1,1,,-1,1,0,1,4,1,44,9,2,,0,2,8,3,202200048282B01,7,20,1,246300701
202200048288,2022-08-16,2022,août,mardi,10:00,50,50492,49.102242,-0.952104,1,1,4,1,1,3,2,2,3,1,,5.5,1,0,1,2,2,61,5,2,,0,0,4,2,202200048288C01,7,2,1,200066389
202200048288,2022-08-16,2022,août,mardi,10:00,50,50492,49.102242,-0.952104,1,1,4,1,1,3,2,2,3,1,,5.5,1,0,1,3,1,58,5,2,,0,0,4,2,202200048288B01,7,2,1,200066389
202200048290,2022-10-21,2022,octobre,vendredi,10:20,33,33199,44.623965,-1.108653,2,1,3,1,1,3,2,2,1,1,,-1,1,0,1,3,1,62,5,2,,0,2,8,15,202200048290B01,7,1,1,243300563
202200048305,2022-02-18,2022,février,vendredi,15:30,11,11018,43.1904050718,2.2028874682,1,1,5,1,1,3,2,2,2,2,,-1,1,0,1,3,2,66,1,1,2,0,2,2,5,202200048305B01,10,1,1,200035715
202200048305,2022-02-18,2022,février,vendredi,15:30,11,11018,43.1904050718,2.2028874682,1,1,5,1,1,3,2,2,2,2,,-1,1,0,1,3,1,62,5,1,2,0,2,2,5,202200048305C01,10,1,1,200035715
202200048307,2022-10-26,2022,octobre,mercredi,17:15,66,66041,42.787857,2.786804,1,1,7,1,1,4,2,1,2,2,,3,1,0,8,2,1,68,5,1,2,0,0,0,0,202200048307A01,,,,200027183
202200048308,2022-11-27,2022,novembre,dimanche,10:30,83,83009,43.1362916188,5.753249824,2,1,6,1,1,4,3,2,1,1,,-1,1,0,1,4,1,74,0,2,,0,2,7,1,202200048308B01,7,9,1,248300394
202200048314,2022-10-27,2022,octobre,jeudi,07:30,34,34058,43.668089,3.974433,1,6,3,3,1,3,1,2,1,1,,-1,1,5,1,4,1,32,1,2,,0,2,2,1,202200048314B01,7,9,1,243400017
202200048323,2022-08-16,2022,août,mardi,10:15,60,60668,49.503447,2.06014,1,4,3,1,1,4,2,2,1,3,,4,1,0,1,4,1,53,5,2,,0,2,3,1,202200048323B01,10,16,1,200067999
202200048401,2022-06-09,2022,juin,jeudi,16:45,75,75106,48.843949,2.33896,2,2,3,1,1,4,2,4,1,1,,-1,1,0,1,4,1,17,9,2,,0,2,3,15,202200048401A01,32,17,1,200054781
202200048409,2022-06-09,2022,juin,jeudi,07:45,75,75120,48.853781,2.410748,2,2,3,1,7,4,2,2,1,1,,-1,1,-1,5,4,2,46,1,1,2,0,2,8,1,202200048409B01,10,16,1,200054781
202200048468,2022-06-09,2022,juin,jeudi,09:22,75,75114,48.821934,2.32547,2,7,7,1,1,4,2,4,1,1,,-1,1,-1,5,4,1,75,5,2,,0,0,0,1,202200048468A01,,,,200054781
202200048470,2022-10-25,2022,octobre,mardi,20:00,974,97409,-20.94284,55.64758,2,9,1,4,1,4,2,2,2,1,,-1,1,9,1,4,1,39,0,2,,0,2,1,26,202200048470B01,7,23,1,249740093
202200048471,2022-11-28,2022,novembre,lundi,12:00,54,54431,48.90119,6.06485,2,6,2,1,1,3,2,-1,1,1,,-1,1,0,1,4,2,47,1,1,2,14,0,1,15,202200048471B01,10,9,1,200041515
202200048476,2022-10-25,2022,octobre,mardi,18:00,974,97407,-20.94095,55.29474,2,1,6,1,1,4,2,2,1,1,,-1,1,0,1,4,1,20,5,2,,1,2,1,2,202200048476B01,7,24,1,249740101
202200048477,2022-11-28,2022,novembre,lundi,16:00,54,54547,48.65966,6.1598,2,1,2,2,2,4,2,2,2,1,,-1,2,0,1,4,2,54,0,1,2 / 4,0,2,1,1,202200048477B01,10,10,1,245400676
202200048480,2022-06-08,2022,juin,mercredi,14:30,75,75114,48.822469,2.329225,2,3,3,1,1,4,2,8,1,1,,-1,1,0,1,1,1,15,5,2,,0,2,8,11,202200048480A01,34,2,1,200054781
202200048541,2022-06-09,2022,juin,jeudi,21:15,75,75103,48.866636,2.361299,2,3,3,2,1,4,2,3,1,1,,-1,1,-1,5,4,1,40,1,2,,0,2,1,17,202200048541A01,1,15,1,200054781
202200048541,2022-06-09,2022,juin,jeudi,21:15,75,75103,48.866636,2.361299,2,3,3,2,1,4,2,3,1,1,,-1,1,-1,5,1,1,25,1,2,,0,2,3,15,202200048541B01,1,17,1,200054781
202200048573,2022-08-14,2022,août,dimanche,19:45,75,75119,48.882601,2.390425,2,3,3,1,3,4,2,2,2,1,,-1,2,0,1,4,1,45,5,2,,0,2,6,9,202200048573B01,32,1,1,200054781
202200048611,2022-06-09,2022,juin,jeudi,17:35,94,94071,48.7715569012,2.5184091926,2,9,6,1,1,6,-1,0,1,1,,-1,1,0,8,3,1,14,0,2,,0,0,0,0,202200048611A01,,,,200054781
202200048626,2022-11-29,2022,novembre,mardi,08:15,33,33063,44.8727174996,-0.5597394705,2,1,3,2,2,4,2,4,1,1,,-1,2,0,5,4,2,45,1,1,2,0,2,1,1,202200048626B01,13,16,1,243300316
202200048646,2022-06-13,2022,juin,lundi,07:58,10,10387,48.3030368409,4.077129364,2,1,6,1,1,4,3,4,1,1,,-1,1,0,1,1,1,32,1,2,,0,1,0,26,202200048646A01,,,,200069250
202200048701,2022-06-09,2022,juin,jeudi,12:30,93,93007,48.95057,2.44007,2,3,3,1,1,3,2,0,1,2,,-1,1,0,1,4,1,38,0,2,,0,2,3,26,202200048701B01,38,16,1,200054781
202200048703,2022-08-15,2022,août,lundi,10:45,47,47131,44.565528,0.114875,1,1,7,1,1,4,2,2,2,1,,-1,1,0,1,2,2,67,5,2,,0,0,0,1,202200048703A01,,,,200030674
202200048713,2022-10-25,2022,octobre,mardi,14:00,47,47001,44.20171,0.63194,2,1,2,1,1,3,2,2,1,1,,-1,1,0,1,4,1,71,5,2,,0,2,1,2,202200048713B01,7,2,1,200096956
202200048722,2022-07-07,2022,juillet,jeudi,10:47,05,05023,44.89576,6.63277,2,6,3,1,1,3,-1,1,2,2,,-1,1,9,1,4,1,74,5,1,2,0,2,2,15,202200048722B01,7,9,1,240500439
202200048726,2022-03-30,2022,mars,mercredi,16:28,49,49244,47.349313,-0.866659,2,3,3,1,8,4,2,2,1,1,,4,1,0,1,3,2,7,5,2,,0,2,7,19,202200048726B01,10,1,1,200060010
202200048785,2022-06-10,2022,juin,vendredi,08:00,974,97413,-21.136251,55.279185,1,1,5,1,1,3,2,2,2,1,,-1,1,0,1,2,1,78,5,2,,0,0,9,1,202200048785C01,7,1,2,249740101
202200048803,2022-08-13,2022,août,samedi,16:45,08,08448,49.884664,4.821308,2,3,6,1,1,4,2,2,2,1,,-1,1,0,4,3,1,33,5,1,2,6,0,1,15,202200048803A01,,,,200067759
202200048838,2022-02-17,2022,février,jeudi,15:55,27,27528,49.25306,1.19415,2,6,3,1,1,3,2,1,1,1,,-1,1,5,1,4,2,26,5,1,2,0,2,7,26,202200048838A01,7,0,1,200089456
202200048852,2022-06-10,2022,juin,vendredi,08:45,79,79109,46.423748,-0.408318,1,2,7,1,1,3,2,2,1,1,,5.5,9,0,1,3,2,53,0,1,2,0,0,0,15,202200048852A01,,,,200041317
202200048864,2022-06-09,2022,juin,jeudi,14:45,89,89044,47.526214,3.780584,1,1,2,1,7,3,2,2,1,2,,7,1,0,1,4,1,68,9,2,,0,2,4,2,202200048864B01,7,2,1,200039758
202200048883,2022-02-17,2022,février,jeudi,17:10,06,06088,43.694959,7.267442,2,1,3,1,1,4,3,5,1,1,,-1,1,0,1,4,1,16,0,2,,0,2,1,9,202200048883B01,37,1,1,200030195
202200048907,2022-02-17,2022,février,jeudi,10:00,75,75113,48.840673,2.369634,2,1,6,1,1,4,2,3,1,1,,-1,1,0,1,4,1,54,5,2,,11,0,1,11,202200048907A01,,,,200054781
202200048928,2022-10-25,2022,octobre,mardi,17:53,93,93048,48.85683,2.44315,2,2,2,1,1,3,2,2,1,1,,-1,1,0,1,4,1,35,9,2,,0,2,8,15,202200048928LB01,32,1,1,200054781
202200048945,2022-02-17,2022,février,jeudi,10:25,75,75104,48.853548,2.346929,2,2,3,1,1,4,1,2,1,1,,-1,1,0,5,4,2,67,5,2,,0,2,1,1,202200048945B01,10,16,1,200054781
202200048950,2022-02-17,2022,février,jeudi,10:50,75,75104,48.857875,2.350209,2,2,3,1,1,4,1,3,1,1,,-1,1,0,5,4,1,52,5,2,,0,2,0,1,202200048950B01,7,16,1,200054781
202200048981,2022-10-24,2022,octobre,lundi,11:48,06,06161,43.649984,7.130785,2,1,6,1,1,3,2,2,1,1,,-1,1,9,5,4,1,50,5,1,2,12,0,8,1,202200048981A01,,,,240600585
202200048982,2022-03-29,2022,mars,mardi,13:30,69,69388,45.7321,4.86055,2,9,3,1,1,4,-1,1,1,1,,-1,1,0,5,4,1,49,0,2,,0,2,0,0,202200048982B01,7,9,1,200046977
202200048990,2022-10-26,2022,octobre,mercredi,11:25,59,59624,50.036683,3.301188,2,3,3,1,1,4,2,2,2,1,,5,1,0,1,3,1,69,5,1,2 / 6,0,9,3,1,202200048990B01,7,15,1,200030633
202200049018,2022-10-26,2022,octobre,mercredi,16:33,05,05045,44.538588,6.475174,1,1,7,1,1,2,2,2,1,1,,-1,1,0,3,3,1,14,5,2,,0,0,0,1,202200049018A01,,,,200067742
202200049018,2022-10-26,2022,octobre,mercredi,16:33,05,05045,44.538588,6.475174,1,1,7,1,1,2,2,2,1,1,,-1,1,0,3,4,1,15,5,2,,0,0,0,1,202200049018A01,,,,200067742
202200049049,2022-10-25,2022,octobre,mardi,17:25,57,57261,49.062264,7.211299,2,3,3,1,1,4,2,1,1,1,,3,1,0,1,3,1,9,5,1,2,0,2,7,16,202200049049B01,7,1,1,200069441
202200049053,2022-10-25,2022,octobre,mardi,17:30,01,01376,45.821001,4.989708,1,6,2,1,1,3,1,2,1,2,,-1,1,0,1,4,2,17,1,2,,0,2,1,1,202200049053B01,10,9,1,240100800
202200049060,2022-10-26,2022,octobre,mercredi,12:08,80,80212,49.911533,2.502415,2,2,3,1,1,3,2,2,2,1,,-1,1,2,1,3,1,63,3,2,,0,0,5,1,202200049060B01,7,15,1,248000499
202200049076,2022-10-24,2022,octobre,lundi,19:55,75,75119,48.889258,2.374829,2,3,6,5,1,4,1,3,1,1,,-1,1,0,5,1,1,29,1,2,,0,1,1,1,202200049076A01,,,,200054781
202200049095,2022-03-29,2022,mars,mardi,20:35,13,13117,43.4698733692,5.2318020238,1,1,2,3,1,7,2,2,2,1,,-1,1,0,1,2,1,31,0,2,,0,2,4,0,202200049095B01,7,0,1,200054807
202200049129,2022-03-29,2022,mars,mardi,12:02,75,75118,48.8955574624,2.3283049464,2,2,3,1,1,4,2,4,1,1,,-1,1,-1,6,4,2,34,5,1,2,0,2,8,15,202200049129A01,7,4,1,200054781
202200049133,2022-05-10,2022,mai,mardi,18:40,75,75102,48.86912,2.351554,2,2,3,1,1,4,2,2,1,1,,-1,1,0,1,4,2,43,1,1,2,0,2,1,1,202200049133B01,7,22,1,200054781
202200049142,2022-03-28,2022,mars,lundi,16:00,75,75120,48.870873,2.393338,2,3,5,1,1,4,2,2,2,1,,-1,1,0,1,4,1,18,9,1,2,0,2,4,2,202200049142B01,7 / 32,1 / 2,2,200054781
202200049143,2022-03-29,2022,mars,mardi,13:10,75,75111,48.8510019838,2.3900318083,2,1,3,1,1,4,2,2,1,1,,-1,1,0,1,4,1,22,9,1,2,0,2,1,1,202200049143B01,7,22,1,200054781
202200049146,2022-03-29,2022,mars,mardi,11:35,75,75111,48.853819198,2.3867838085,2,1,3,1,1,4,2,2,1,1,,-1,1,-1,5,4,1,52,9,1,2,0,2,1,1,202200049146A01,14,22,1,200054781
202200049148,2022-03-29,2022,mars,mardi,19:40,75,75109,48.8751487996,2.3371455202,2,2,1,2,1,4,1,1,2,1,,-1,1,0,1,4,1,41,4,1,2,0,2,1,16,202200049148A01,43,5,1,200054781
202200049149,2022-03-28,2022,mars,lundi,18:35,75,75101,48.8585417041,2.3482351005,2,2,6,1,1,4,1,4,1,1,,-1,1,-1,5,4,1,17,5,1,2,12,0,1,14,202200049149A01,,,,200054781
202200049151,2022-03-29,2022,mars,mardi,15:20,75,75102,48.8657623647,2.3433246934,2,4,3,1,1,4,2,4,1,1,,-1,1,-1,6,4,1,60,3,1,2,0,2,1,1,202200049151B01,10,22,1,200054781
202200049153,2022-03-29,2022,mars,mardi,02:30,75,75104,48.8515763222,2.3572614044,2,1,7,5,1,4,2,2,1,1,,-1,1,0,1,4,1,21,5,1,2,0,0,0,1,202200049153A01,,,,200054781
202200049168,2022-05-10,2022,mai,mardi,19:20,92,92044,48.8957338289,2.2817104161,2,1,3,1,1,3,1,2,1,1,,-1,1,0,1,4,1,28,0,2,,0,2,7,1,202200049168B01,33,9,1,200054781
202200049184,2022-05-11,2022,mai,mercredi,07:00,06,06161,43.647025,7.136423,1,4,3,1,1,3,2,2,2,3,,-1,1,0,1,4,1,63,0,2,,0,2,1,1,202200049184B01,7,9,1,240600585
202200049193,2022-05-10,2022,mai,mardi,18:10,19,19238,45.6910838987,2.2711336613,1,3,3,1,1,3,2,2,3,1,,-1,1,0,1,3,1,73,5,2,,0,2,3,15,202200049193A01,10,17,1,200066744
202200049198,2022-05-08,2022,mai,dimanche,14:30,81,81237,43.47832,2.109311,1,1,3,1,1,3,2,2,2,1,,-1,1,0,1,3,1,24,5,1,2,1,0,3,5,202200049198A01,7,24,1,243100567
202200049204,2022-05-10,2022,mai,mardi,17:45,29,29293,47.818788,-3.853803,2,3,3,1,1,4,2,2,1,1,,4,1,5,1,4,2,62,5,1,2,0,2,1,1,202200049204B01,7,15,1,242900769
202200049212,2022-05-10,2022,mai,mardi,16:24,73,73059,45.754708,5.879311,1,1,5,1,7,3,2,2,1,3,,-1,1,0,1,3,1,54,5,1,2,0,2,3,2,202200049212B01,7,17,1,200068674
202200049264,2022-03-29,2022,mars,mardi,15:35,61,61344,48.629959,-0.238953,1,1,3,1,1,3,2,2,1,1,,-1,1,0,1,4,1,61,5,1,2,0,0,8,1,202200049264A01,7,1,1,200068450