Num_Acc,date,an,mois,jour,hrmn,dep,com,lat,long,agg,int,col,lum,atm,catr,circ,nbv,prof,plan,lartpc,larrout,surf,infra,situ,grav,sexe,age,trajet,secuexist,equipement,obs,obsm,choc,manv,vehiculeid,typevehicules,manoeuvehicules,numVehicules,_infos_commune.code_epci
202200049266,2022-05-09,2022,mai,lundi,14:00,69,69059,45.8577552993,4.7120828778,2,4,2,1,1,3,2,2,1,1,,-1,1,0,1,3,1,63,5,1,2,0,2,4,16,202200049266B01,7,15,1,200040574
202200049271,2022-03-27,2022,mars,dimanche,10:15,38,38292,45.456586,5.50525,2,2,3,1,1,3,2,2,1,1,,4,1,0,1,4,1,55,5,1,2,0,2,1,1,202200049271B01,34,15,1,243800984
202200049276,2022-05-11,2022,mai,mercredi,08:50,85,85211,46.61164,-1.579687,2,4,1,1,1,3,2,2,1,4,,-1,1,0,1,3,1,69,5,1,2,0,2,3,1,202200049276B01,7,15,1,248500530
202200049300,2022-05-09,2022,mai,lundi,19:05,974,97411,-20.90124,55.47645,2,1,2,5,1,3,2,2,2,1,,-1,1,0,1,4,1,32,1,1,2,0,2,4,1,202200049300B01,34,1,1,249740119
202200049403,2022-01-07,2022,janvier,vendredi,11:45,974,97411,-20.89188,55.47547,2,9,5,1,1,4,-1,2,2,1,,-1,1,0,1,4,1,17,5,2,,0,2,1,26,202200049403B01,7 / 37,2 / 0,2,249740119
202200049447,2022-01-07,2022,janvier,vendredi,13:10,35,35238,48.1052079032,-1.6775232553,2,1,3,1,1,4,3,1,2,1,,-1,1,0,5,4,1,25,2,2,,0,2,1,1,202200049447B01,7,16,1,243500139
202200049476,2022-01-07,2022,janvier,vendredi,21:50,75,75110,48.882657,2.369899,2,7,3,5,2,4,2,5,1,1,,-1,2,0,1,4,1,22,9,2,,0,2,0,1,202200049476B01,32,1,1,200054781
202200049507,2022-01-07,2022,janvier,vendredi,17:55,31,31338,43.666816,1.179324,1,4,1,2,2,3,2,2,4,1,,-1,2,0,1,4,1,54,5,1,2,0,2,8,1,202200049507B01,7,15,1,200071314
202200049517,2022-01-07,2022,janvier,vendredi,17:55,37,37072,47.165555,0.26821,1,1,2,3,2,3,2,2,1,1,,-1,2,0,1,3,1,17,5,2,,0,2,4,2,202200049517B01,0,2,1,200043081
202200049541,2022-01-06,2022,janvier,jeudi,19:45,974,97409,-20.968812,55.655557,2,2,3,3,2,3,2,2,2,3,,-1,2,3,1,4,1,20,5,2,,0,2,1,1,202200049541B01,7,1,1,249740093
202200049542,2022-01-05,2022,janvier,mercredi,19:40,974,97409,-20.968873,55.66596,2,3,3,3,1,4,2,2,1,4,,-1,1,0,1,4,1,33,5,2,,0,2,1,1,202200049542B01,7,15,1,249740093
202200049561,2022-07-06,2022,juillet,mercredi,11:00,75,75116,48.854646,2.228866,2,1,7,1,1,4,1,2,1,1,,-1,1,0,1,3,1,60,5,2,,0,0,0,1,202200049561A01,,,,200054781
202200049577,2022-09-21,2022,septembre,mercredi,20:19,44,44109,47.213106,-1.58244,2,1,1,2,1,4,2,2,2,1,,-1,1,0,1,4,1,14,0,2,,0,2,0,0,202200049577B01,7,1,1,244400404
202200049580,2022-09-21,2022,septembre,mercredi,17:42,44,44109,47.208085,-1.54513,2,1,1,1,1,4,2,2,1,1,,-1,1,0,1,3,1,46,0,1,2,0,2,8,9,202200049580B01,7,1,1,244400404
202200049589,2022-09-21,2022,septembre,mercredi,09:30,35,35238,48.10184,-1.65993,2,4,3,1,1,4,2,2,4,1,,-1,1,0,1,4,1,40,1,2,,0,2,8,1,202200049589B01,10,14,1,243500139
202200049591,2022-09-21,2022,septembre,mercredi,18:20,33,33075,44.877139976,-0.5779650807,2,1,2,1,1,4,-1,2,1,1,,-1,1,0,1,4,2,56,1,2,,0,2,5,1,202200049591B01,7,1,1,243300316
202200049620,2022-07-07,2022,juillet,jeudi,16:30,75,75116,48.861822,2.23734,2,1,3,1,1,4,2,2,1,1,,-1,1,-1,5,4,1,52,5,1,2,0,2,1,1,202200049620B01,10,10,1,200054781
202200049626,2022-11-28,2022,novembre,lundi,19:10,93,93066,48.91474,2.35812,2,1,2,5,1,3,1,2,1,1,,-1,1,0,1,4,1,36,0,2,,0,2,1,1,202200049626B01,10,0,1,200054781
202200049630,2022-09-21,2022,septembre,mercredi,09:15,13,13001,43.50784,5.3844,2,9,3,1,1,7,2,2,1,1,,-1,1,0,1,3,1,78,3,1,2 / 6,0,9,2,19,202200049630A01,99,1,1,200054807
202200049632,2022-07-05,2022,juillet,mardi,20:15,75,75116,48.860444,2.229714,2,1,3,1,1,4,2,1,1,3,,-1,1,0,1,4,1,34,5,1,2 / 6,0,2,1,1,202200049632B01,7,9,1,200054781
202200049637,2022-07-09,2022,juillet,samedi,13:45,75,75115,48.842991,2.312788,2,2,3,1,1,4,1,1,1,1,,-1,1,-1,5,4,1,22,9,1,2,0,2,1,1,202200049637B01,7,15,1,200054781
202200049654,2022-02-17,2022,février,jeudi,18:30,972,97232,14.571544,-60.864338,1,1,2,5,1,4,2,2,1,1,,5,1,0,1,4,1,51,5,2,,0,2,0,2,202200049654B01,7,2,1,249720053
202200049677,2022-09-21,2022,septembre,mercredi,07:25,75,75120,48.87275,2.390831,2,1,5,2,1,4,2,2,3,2,,-1,1,0,1,4,1,30,1,1,2,0,2,1,1,202200049677B01,7 / 37,17 / 1,2,200054781
202200049691,2022-07-06,2022,juillet,mercredi,14:50,75,75113,48.828981,2.356396,2,1,7,1,1,4,1,4,1,1,,-1,1,0,5,4,1,59,5,2,,0,0,1,21,202200049691A01,,,,200054781
202200049716,2022-09-21,2022,septembre,mercredi,00:05,75,75117,48.877337,2.294493,2,4,7,5,1,4,2,3,2,1,,-1,1,-1,6,4,2,31,9,1,2,0,0,0,7,202200049716A01,,,,200054781
202200049739,2022-08-13,2022,août,samedi,12:00,69,69259,45.69763,4.86998,2,1,3,1,1,4,2,2,1,1,,-1,1,0,5,4,1,24,0,2,,0,2,8,1,202200049739B01,10,16,1,200046977
202200049740,2022-09-21,2022,septembre,mercredi,09:15,75,75115,48.830122,2.295023,2,1,6,1,1,4,1,2,1,1,,-1,1,0,1,4,2,31,1,2,,12,0,7,21,202200049740A01,,,,200054781
202200049744,2022-07-08,2022,juillet,vendredi,00:45,75,75111,48.860004,2.377663,2,1,3,5,1,4,1,1,2,1,,-1,1,0,1,1,1,19,5,2,,0,2,1,1,202200049744A01,50,1,1,200054781
202200049748,2022-09-20,2022,septembre,mardi,21:00,75,75114,48.828738,2.316582,2,2,3,5,1,4,1,1,1,1,,-1,1,0,1,4,1,68,5,2,,0,2,3,1,202200049748B01,7,15,1,200054781
202200049751,2022-09-21,2022,septembre,mercredi,16:15,75,75113,48.82343,2.347935,2,1,6,1,1,4,2,3,1,1,,-1,1,-1,5,1,1,13,5,2,,0,1,2,1,202200049751A01,,,,200054781
202200049765,2022-07-07,2022,juillet,jeudi,13:30,75,75110,48.875551,2.356715,2,4,2,1,1,4,1,1,1,1,,-1,1,-1,5,4,1,47,9,1,2,0,2,1,1,202200049765A01,10,22,1,200054781
202200049771,2022-09-21,2022,septembre,mercredi,18:30,75,75110,48.869322,2.354266,2,2,6,1,1,4,2,5,1,1,,-1,1,-1,5,1,1,37,1,2,,0,1,1,1,202200049771A01,,,,200054781
202200049774,2022-07-07,2022,juillet,jeudi,13:15,75,75108,48.864886,2.308385,2,1,7,1,1,4,1,1,1,1,,-1,1,-1,5,4,1,35,4,2,,0,0,0,1,202200049774A01,,,,200054781
202200049777,2022-09-21,2022,septembre,mercredi,13:45,75,75109,48.876704,2.332324,2,7,3,1,1,4,1,1,1,2,,-1,1,-1,5,4,2,24,1,2,,0,2,7,1,202200049777B01,7,22,1,200054781
202200049784,2022-09-21,2022,septembre,mercredi,11:50,75,75108,48.873777,2.327025,2,2,1,1,1,4,2,0,1,1,,-1,1,0,1,4,1,47,5,1,2,0,2,1,1,202200049784B01,30,5,1,200054781
202200049804,2022-07-10,2022,juillet,dimanche,12:10,75,75102,48.869144,2.343177,2,3,6,1,1,4,2,2,1,1,,-1,1,0,1,4,2,53,5,2,,8,0,1,15,202200049804A01,,,,200054781
202200049809,2022-09-20,2022,septembre,mardi,00:30,75,75103,48.869331,2.354263,2,2,3,5,1,4,1,5,1,1,,-1,1,5,1,4,2,24,9,2,,0,2,5,1,202200049809A01,7,1,1,200054781
202200049820,2022-02-17,2022,février,jeudi,15:20,21,21585,47.2021650506,5.0821766852,1,1,2,1,1,3,2,2,1,1,,-1,1,0,1,3,1,44,5,2,,0,2,4,1,202200049820B01,7,2,1,200070894
202200049823,2022-02-13,2022,février,dimanche,06:45,14,14762,48.839219,-0.85769,1,1,3,3,1,3,2,2,1,1,,-1,1,0,1,3,1,46,1,1,2,0,2,4,1,202200049823B01,7,2,1,200068799
202200049883,2022-08-12,2022,août,vendredi,23:09,75,75114,48.833957,2.318128,2,2,3,5,1,4,1,2,1,1,,-1,1,0,1,3,1,33,5,1,2,0,2,6,1,202200049883A01,30,1,1,200054781
202200049917,2022-09-21,2022,septembre,mercredi,12:49,93,93048,48.8529222237,2.4207281562,2,2,3,1,1,4,2,2,1,1,,-1,1,0,1,4,2,10,0,2,,0,2,2,1,202200049917C01,99,2,1,200054781
202200049975,2022-09-20,2022,septembre,mardi,12:30,92,92051,48.8840333047,2.2708504199,2,9,3,1,1,4,2,2,1,1,,-1,1,0,5,4,1,32,0,2,,0,2,1,2,202200049975B01,7,22,1,200054781
202200049995,2022-05-16,2022,mai,lundi,12:00,92,92044,48.8904154917,2.2836472392,2,2,3,1,1,4,1,2,1,1,,-1,1,0,1,4,1,21,0,2,,0,2,7,1,202200049995A01,34,1,1,200054781
202200050011,2022-10-24,2022,octobre,lundi,14:09,38,38185,45.18056,5.72063,2,1,6,1,2,4,1,0,1,1,,-1,2,0,5,1,1,28,0,2,,0,1,1,25,202200050011A01,,,,200040715
202200050032,2022-05-28,2022,mai,samedi,13:50,50,50066,48.760304,-1.550224,1,3,1,1,1,3,2,2,2,2,,-1,1,0,1,4,1,14,5,2,,0,2,1,5,202200050032A01,7,2,1,200042604
202200050082,2022-08-31,2022,août,mercredi,16:15,73,73132,45.750939,6.591437,1,1,3,1,1,3,2,2,1,1,,-1,1,2,1,3,1,64,4,2,,0,2,8,1,202200050082B01,10,1,1,200068997
202200050102,2022-02-15,2022,février,mardi,12:15,80,80725,49.86696,2.24894,2,1,3,1,1,3,2,2,1,1,,-1,1,0,1,4,1,64,0,1,2,0,2,1,1,202200050102B01,7,15,1,248000531
202200050120,2022-09-22,2022,septembre,jeudi,13:00,65,65031,42.911005,0.360446,2,1,3,1,1,3,2,2,1,2,,-1,1,0,1,4,1,79,5,1,2,0,2,8,1,202200050120B01,15,2,1,246500573
202200050127,2022-09-21,2022,septembre,mercredi,19:15,81,81063,43.941614,2.066149,1,1,2,2,1,3,2,2,1,1,,4,1,0,1,3,1,69,0,1,2 / 4,13,0,4,1,202200050127B01,7,0,1,248100737
202200050169,2022-09-20,2022,septembre,mardi,15:40,01,01273,46.070547,5.374525,2,1,3,1,1,3,2,2,1,1,,-1,1,0,1,4,1,64,3,2,,0,2,1,2,202200050169B01,7,2,1,200029999
202200050186,2022-08-13,2022,août,samedi,10:00,42,42311,45.48198,4.389912,2,9,3,1,7,7,2,2,1,1,,-1,1,0,1,3,1,86,5,1,2,0,2,8,1,202200050186B01,7,15,1,244200770
202200050217,2022-10-24,2022,octobre,lundi,10:00,75,75111,48.865773,2.369974,2,2,3,1,1,4,-1,1,1,1,,-1,1,0,5,4,1,28,9,2,,0,2,1,1,202200050217B01,7,22,1,200054781
202200050251,2022-08-14,2022,août,dimanche,12:45,45,45040,47.55395,2.852209,2,3,1,1,8,4,2,2,1,1,,4,1,0,1,3,1,11,5,2,,0,2,1,15,202200050251A01,7,1,1,200068278
202200050264,2022-11-26,2022,novembre,samedi,11:20,76,76447,49.56492,0.19947,2,1,6,1,1,4,-1,1,1,1,,-1,1,0,1,1,1,50,0,2,,0,2,0,1,202200050264A01,1,1,1,200084952
202200050264,2022-11-26,2022,novembre,samedi,11:20,76,76447,49.56492,0.19947,2,1,6,1,1,4,-1,1,1,1,,-1,1,0,1,3,1,62,0,2,,0,2,0,1,202200050264B01,1,1,1,200084952
202200050268,2022-08-13,2022,août,samedi,10:35,17,17041,46.228362,-0.811872,1,1,6,1,1,3,2,2,1,1,,-1,1,0,1,3,1,73,5,1,2,0,0,0,2,202200050268A01,0,2,1,200041499
202200050278,2022-10-22,2022,octobre,samedi,22:20,93,93027,48.92809,2.3906,2,2,1,5,1,3,3,4,1,1,,-1,1,0,1,3,1,17,0,2,,0,0,0,0,202200050278B01,99,0,1,200054781
202200050314,2022-07-09,2022,juillet,samedi,17:55,92,92048,48.7837596384,2.2316984832,2,9,7,1,1,3,3,1,1,1,,-1,1,9,1,3,2,27,5,2,,0,0,0,26,202200050314A01,,,,200054781
202200050331,2022-03-29,2022,mars,mardi,19:55,38,38316,45.754356,5.177182,2,1,2,2,1,3,2,2,1,2,,-1,1,0,3,4,1,17,1,2,,9,0,4,2,202200050331B01,0,17,1,243800935
202200050353,2022-06-07,2022,juin,mardi,09:45,54,54431,48.908442,6.039383,2,1,2,1,1,3,-1,0,1,1,,-1,1,0,1,4,2,71,3,2,,0,2,6,1,202200050353B01,7,1,1,200041515
202200050365,2022-10-24,2022,octobre,lundi,14:20,54,54289,48.740045265,6.2700015315,2,1,3,1,1,9,2,1,1,1,,3,1,0,1,3,1,42,5,2,,0,2,1,1,202200050365B01,10,26,1,200070589
202200050388,2022-08-11,2022,août,jeudi,11:00,73,73179,45.600942,5.8762,1,6,3,1,1,3,2,2,1,3,,-1,1,0,1,3,1,76,5,2,,0,2,3,19,202200050388B01,10,16,1,200069110
202200050427,2022-10-25,2022,octobre,mardi,06:30,67,67534,48.750074,7.522556,1,1,2,3,1,3,2,2,1,1,,-1,1,0,1,4,1,24,1,2,,0,2,4,1,202200050427B01,2,1,1,246700959
202200050473,2022-03-28,2022,mars,lundi,20:45,75,75110,48.8699952246,2.3546368629,2,1,6,5,1,4,2,2,1,1,,-1,1,-1,5,1,1,34,1,1,2,0,1,3,1,202200050473A01,,,,200054781
202200050506,2022-10-24,2022,octobre,lundi,18:53,39,39333,46.434526,5.725025,2,3,3,1,1,3,2,2,1,2,,-1,1,0,1,4,1,75,0,1,2 / 4,0,2,3,1,202200050506B01,7,1,1,200090579
202200050522,2022-02-16,2022,février,mercredi,14:10,92,92048,48.7907923515,2.2328706086,2,1,6,1,1,3,2,1,2,2,,-1,1,0,1,4,1,15,5,2,,3,0,2,1,202200050522A01,,,,200054781
202200050570,2022-02-14,2022,février,lundi,14:55,27,27355,48.883176,1.460538,2,3,3,1,2,3,2,2,1,1,,-1,2,0,1,3,1,15,0,2,,0,2,2,19,202200050570B01,7,1,1,200040277
202200050576,2022-09-20,2022,septembre,mardi,16:15,69,69386,45.76488,4.84357,2,2,7,1,1,4,1,1,1,1,,-1,1,0,1,4,2,77,0,2,,0,2,0,9,202200050576A01,7,0,1,200046977
202200050581,2022-10-24,2022,octobre,lundi,19:45,64,64147,43.466656,-1.28922,1,9,3,3,1,3,3,2,1,1,,-1,1,0,1,3,1,32,5,1,4,0,2,1,1,202200050581B01,7,15,1,200067106
202200050584,2022-09-20,2022,septembre,mardi,17:15,69,69388,45.73208,4.86073,2,3,3,1,1,4,2,2,1,1,,-1,1,0,5,4,1,40,1,1,2 / 4,0,2,8,26,202200050584Y01,7,15,1,200046977
202200050594,2022-09-20,2022,septembre,mardi,16:30,69,69383,45.75327,4.84903,2,2,5,1,1,4,2,2,1,1,,-1,1,0,1,4,1,39,1,1,2,0,2,1,1,202200050594B01,50 / 10,2 / 16,2,200046977
202200050612,2022-10-10,2022,octobre,lundi,16:00,28,28140,48.612509,1.671317,2,1,2,1,1,3,2,2,1,1,,-1,1,0,1,4,1,67,5,1,2 / 4,0,2,3,2,202200050612B01,15,2,1,200069953
202200050634,2022-08-10,2022,août,mercredi,20:00,77,77122,48.65848,2.5562,2,1,6,1,1,3,2,2,1,1,,-1,1,9,1,3,2,69,5,2,,0,2,5,19,202200050634B01,7,1,1,200059228
202200050637,2022-07-10,2022,juillet,dimanche,14:10,41,41034,47.62979,1.51406,1,1,5,1,1,3,-1,2,1,1,,-1,1,0,1,2,2,61,5,2,,0,2,1,1,202200050637B01,7,13,1,244100798
202200050637,2022-07-10,2022,juillet,dimanche,14:10,41,41034,47.62979,1.51406,1,1,5,1,1,3,-1,2,1,1,,-1,1,0,1,2,1,68,5,1,2,0,2,1,1,202200050637C01,7,13,1,244100798
202200050685,2022-05-09,2022,mai,lundi,17:45,14,14327,49.20746,-0.31704,2,9,3,1,1,3,2,2,2,1,,-1,1,0,5,4,2,62,1,2,,0,2,1,1,202200050685B01,7,15,1,200065597
202200050715,2022-09-30,2022,septembre,vendredi,10:15,66,66171,42.6291206857,3.0066677928,2,1,2,1,7,4,2,1,1,1,,3,1,9,1,3,1,63,5,2,,0,0,4,1,202200050715B01,7,2,1,246600282
202200050738,2022-08-12,2022,août,vendredi,11:00,56,56162,47.74106,-3.42603,2,6,2,1,7,3,1,1,1,2,,-1,1,5,1,4,1,59,5,1,2,0,2,4,1,202200050738B01,7,2,1,200042174
202200050783,2022-07-10,2022,juillet,dimanche,09:50,68,68253,47.78308,7.502503,2,6,3,1,1,3,2,2,1,3,,-1,1,0,1,3,1,77,5,1,2,0,0,2,1,202200050783B01,7,9,1,200066009
202200050798,2022-09-19,2022,septembre,lundi,11:55,71,71306,46.68146,4.36301,2,1,7,1,1,4,2,2,1,1,,-1,1,0,1,4,2,43,4,1,2 / 4,0,0,0,1,202200050798A01,,,,247100290
202200050806,2022-05-09,2022,mai,lundi,20:00,75,75116,48.863343,2.296331,2,3,6,1,1,4,2,4,1,1,,-1,1,0,5,4,1,55,1,1,2,0,1,3,1,202200050806A01,,,,200054781
202200050850,2022-07-11,2022,juillet,lundi,09:20,06,06033,43.766678,7.193722,2,6,7,1,1,7,2,2,4,1,,6,1,0,1,3,2,33,5,2,,6,0,1,0,202200050850A01,,,,200030195
202200050886,2022-09-16,2022,septembre,vendredi,12:38,63,63113,45.7777328349,3.1353279948,2,6,3,1,1,4,1,2,1,1,,-1,1,0,1,4,2,22,9,2,,0,2,1,11,202200050886A01,10,1,1,246300701
202200050914,2022-03-28,2022,mars,lundi,13:30,26,26198,44.5677,4.75408,2,1,3,1,1,4,2,2,1,1,,-1,1,0,1,3,1,71,5,1,2,0,2,1,1,202200050914B01,7,15,1,200040459
202200050922,2022-06-08,2022,juin,mercredi,09:55,75,75105,48.847876,2.359438,2,1,1,1,2,4,2,2,1,1,,-1,2,-1,5,4,2,26,1,2,,0,2,1,12,202200050922B01,1,11,1,200054781
202200050922,2022-06-08,2022,juin,mercredi,09:55,75,75105,48.847876,2.359438,2,1,1,1,2,4,2,2,1,1,,-1,2,-1,5,1,2,39,1,2,,0,2,1,11,202200050922A01,1,12,1,200054781
202200050936,2022-08-11,2022,août,jeudi,18:25,75,75115,48.848506,2.300166,2,1,7,1,1,4,1,2,1,1,,-1,1,-1,5,4,1,31,5,2,,0,0,0,21,202200050936A01,,,,200054781
202200050946,2022-06-07,2022,juin,mardi,08:05,75,75120,48.863377,2.409111,2,3,3,1,2,4,2,4,1,1,,-1,2,-1,5,4,1,16,2,2,,0,2,3,19,202200050946A01,7,1,1,200054781
202200050971,2022-08-12,2022,août,vendredi,19:30,75,75107,48.854684,2.314657,2,1,2,1,1,4,2,4,1,1,,-1,1,-1,5,4,1,40,5,1,2,0,2,1,1,202200050971A01,7,23,1,200054781
202200050987,2022-03-28,2022,mars,lundi,08:25,75,75105,48.851393,2.343167,2,2,3,1,1,4,1,4,1,1,,-1,1,-1,5,4,1,25,9,1,2 / 6,0,2,8,1,202200050987B01,10,16,1,200054781
202200050989,2022-08-12,2022,août,vendredi,11:00,93,93048,48.85971,2.44671,2,1,6,1,1,4,2,2,2,1,,-1,1,0,1,4,2,23,5,2,,1,0,1,1,202200050989B01,,,,200054781
202200051070,2022-01-06,2022,janvier,jeudi,12:15,69,69266,45.76554,4.90117,2,2,5,1,1,4,2,2,1,1,,-1,1,0,1,4,2,34,0,2,,0,2,1,25,202200051070C01,7 / 10,1,2,200046977
202200051082,2022-03-28,2022,mars,lundi,17:15,92,92072,48.823338,2.210097,2,3,6,1,1,3,3,4,1,1,,-1,1,0,5,1,-1,2022,-1,2,,0,1,8,1,202200051082A01,,,,200054781
202200051093,2022-08-13,2022,août,samedi,12:35,76,76456,49.643352752,0.8429217337,1,1,1,1,1,3,2,2,1,1,,6,1,0,1,2,1,35,5,1,2,0,2,1,1,202200051093B01,7,13,1,200069847
202200051145,2022-10-22,2022,octobre,samedi,13:30,75,75105,48.841846,2.363179,2,3,3,1,1,4,2,5,1,1,,-1,1,0,1,4,2,55,5,1,2,0,2,8,1,202200051145B01,7,14,1,200054781
202200051153,2022-10-23,2022,octobre,dimanche,02:00,75,75112,48.848632,2.372542,2,2,2,5,1,4,1,3,1,1,,-1,1,0,1,4,1,47,9,2,,0,2,4,1,202200051153A01,7,1,1,200054781
202200051161,2022-10-23,2022,octobre,dimanche,09:15,75,75107,48.862918,2.306344,2,1,7,1,2,4,1,1,2,1,,-1,2,6,1,4,2,42,1,2,,14,0,7,14,202200051161A01,,,,200054781
202200051168,2022-04-22,2022,avril,vendredi,06:50,988,98818,-22.26765,166.46372,1,6,3,1,1,4,2,2,1,2,,-1,1,0,1,3,1,41,0,2,,0,2,8,1,202200051168B01,7,16,1,
202200051173,2022-03-18,2022,mars,vendredi,04:38,68,68260,47.878498,7.274934,1,1,3,3,2,3,3,4,1,1,,-1,2,0,1,2,1,56,1,2,,0,0,3,0,202200051173A01,0,2,1,246800569
202200051193,2022-03-27,2022,mars,dimanche,18:00,45,45341,48.042972,1.672797,1,4,3,1,1,3,2,2,1,1,,-1,1,0,1,3,1,47,5,2,,0,2,3,1,202200051193B01,7,17,1,200035764
202200051226,2022-03-29,2022,mars,mardi,13:30,13,13022,43.208718,5.556936,1,1,6,1,1,3,2,2,2,3,,-1,1,0,3,3,1,47,5,1,2 / 6,8,0,1,13,202200051226A01,,,,200054807
202200051231,2022-01-06,2022,janvier,jeudi,19:30,75,75115,48.845886,2.277342,2,2,3,2,1,4,-1,2,1,1,,-1,1,0,1,4,1,41,9,1,2,0,2,1,1,202200051231A01,7,1,1,200054781
202200051241,2022-05-08,2022,mai,dimanche,01:36,13,13208,43.27985,5.38708,2,1,6,5,9,4,2,6,1,1,,-1,1,5,1,3,1,34,5,2,,0,2,0,0,202200051241B01,7,0,1,200054807
202200051242,2022-01-06,2022,janvier,jeudi,18:02,75,75111,48.865592,2.367054,2,3,3,5,1,4,2,2,1,1,,-1,1,-1,5,4,2,27,5,2,,0,2,1,1,202200051242B01,7,15,1,200054781
202200051277,2022-01-06,2022,janvier,jeudi,16:53,92,92044,48.892214,2.283133,2,1,7,2,1,4,1,1,1,1,,-1,1,0,5,4,1,54,4,2,,0,0,0,1,202200051277A01,,,,200054781
202200051291,2022-05-08,2022,mai,dimanche,15:00,75,75111,48.858036,2.371674,2,2,3,1,1,4,3,2,1,1,,-1,1,0,1,4,1,19,9,1,2,0,2,6,16,202200051291B01,30,1,1,200054781
202200051298,2022-01-06,2022,janvier,jeudi,10:30,31,31351,43.67193,1.293506,1,6,3,1,1,2,1,1,1,2,,-1,1,5,1,4,1,70,5,1,2,0,2,1,1,202200051298A01,7,9,1,243100518
202200051371,2022-05-06,2022,mai,vendredi,14:15,68,68179,47.756933,7.018327,2,6,3,1,1,3,2,2,1,2,,4,1,0,1,3,1,49,5,1,2,0,2,5,9,202200051371B01,7,9,1,246800676
202200051380,2022-05-08,2022,mai,dimanche,18:15,38,38095,45.142298,5.289574,2,1,3,1,1,3,2,2,1,3,,4,1,6,3,4,1,7,5,1,2,0,2,1,1,202200051380A01,7,1,1,200070431
202200051454,2022-01-05,2022,janvier,mercredi,08:00,75,75108,48.878123,2.305088,2,7,6,2,1,4,2,4,1,1,,-1,1,0,1,1,1,23,4,2,,0,1,1,1,202200051454A01,,,,200054781
202200051457,2022-01-05,2022,janvier,mercredi,11:00,75,75109,48.87314,2.326753,2,2,3,1,1,4,1,1,1,1,,-1,1,-1,5,1,1,21,1,1,2,0,2,1,1,202200051457B01,32,1,1,200054781
202200051459,2022-01-05,2022,janvier,mercredi,15:15,75,75108,48.879153,2.323493,2,7,1,1,1,4,2,0,1,1,,-1,1,0,1,1,1,74,9,1,2,0,2,1,5,202200051459A01,34,1,1,200054781
202200051460,2022-01-04,2022,janvier,mardi,09:30,75,75101,48.863652,2.342768,2,3,1,1,2,4,1,1,1,1,,-1,2,-1,5,4,1,39,1,2,,0,2,1,1,202200051460B01,7,15,1,200054781
202200051479,2022-01-04,2022,janvier,mardi,17:55,41,41104,47.59533,1.46474,2,1,2,5,2,3,2,2,1,1,,-1,2,0,1,2,1,67,0,1,2,0,2,4,2,202200051479B01,10,2,1,244100798
202200051514,2022-07-09,2022,juillet,samedi,09:15,72,72047,47.915968,0.3014159,1,9,3,1,1,3,2,2,4,3,,-1,1,0,1,4,2,85,5,1,2,0,2,3,15,202200051514B01,33,1,1,247200421
202200051520,2022-06-07,2022,juin,mardi,19:21,75,75112,48.844303,2.381582,2,2,3,1,1,4,2,2,1,1,,-1,1,-1,5,4,1,29,5,1,2,0,2,1,1,202200051520B01,7,15,1,200054781
202200051526,2022-06-07,2022,juin,mardi,09:35,75,75110,48.8811,2.365163,2,2,5,1,8,4,2,3,1,1,,-1,1,0,1,4,2,35,1,2,,0,2,1,21,202200051526A01,43 / 14,23,2,200054781
202200051532,2022-06-08,2022,juin,mercredi,09:06,75,75107,48.860936,2.325573,2,1,7,1,2,4,-1,1,1,1,,-1,2,8,1,3,1,42,1,1,2,0,0,8,1,202200051532A01,,,,200054781
202200051541,2022-06-07,2022,juin,mardi,19:00,75,75104,48.855109,2.361697,2,3,6,1,1,4,2,2,1,1,,-1,1,-1,5,4,1,24,1,2,,0,1,1,21,202200051541A01,1,2,1,200054781
202200051541,2022-06-07,2022,juin,mardi,19:00,75,75104,48.855109,2.361697,2,3,6,1,1,4,2,2,1,1,,-1,1,-1,5,1,1,31,9,1,2,0,2,0,2,202200051541B01,1,21,1,200054781
202200051545,2022-06-07,2022,juin,mardi,19:05,75,75104,48.856462,2.364349,2,2,6,1,1,4,1,2,1,1,,-1,1,-1,6,1,1,30,9,1,2,0,1,8,7,202200051545A01,,,,200054781
202200051598,2022-11-28,2022,novembre,lundi,06:20,92,92002,48.7342475079,2.3122288585,2,1,6,5,1,3,2,4,1,1,,-1,2,0,5,4,1,53,1,1,4,0,0,0,0,202200051598B01,10,0,1,200054781
202200051604,2022-09-20,2022,septembre,mardi,20:20,34,34172,43.60646,3.88272,2,4,7,5,1,4,2,2,2,3,,-1,1,1,1,3,2,49,0,2,,11,0,1,16,202200051604A01,,,,243400017
202200051650,2022-02-15,2022,février,mardi,09:45,75,75118,48.8926125402,2.3296889663,2,3,6,1,1,4,1,1,1,1,,-1,1,-1,5,1,-1,2022,-1,2,,0,1,1,1,202200051650Z01,,,,200054781