Num_Acc,date,an,mois,jour,hrmn,dep,com,lat,long,agg,int,col,lum,atm,catr,circ,nbv,prof,plan,lartpc,larrout,surf,infra,situ,grav,sexe,age,trajet,secuexist,equipement,obs,obsm,choc,manv,vehiculeid,typevehicules,manoeuvehicules,numVehicules,_infos_commune.code_epci
202200051672,2022-06-08,2022,juin,mercredi,03:30,93,93008,48.913049,2.436548,2,6,2,5,1,3,1,2,1,2,,-1,1,0,8,4,1,49,1,2,,0,2,5,0,202200051672A01,13,0,1,200054781
202200051691,2022-02-15,2022,février,mardi,17:45,75,75111,48.859829,2.388752,2,3,3,1,2,4,2,4,1,1,,-1,2,-1,5,4,1,48,1,1,2,0,2,3,1,202200051691A01,10,15,1,200054781
202200051696,2022-11-25,2022,novembre,vendredi,16:45,04,04209,44.199701,5.944837,2,1,6,1,1,3,2,2,2,4,,-1,1,2,3,3,1,36,3,2,,6,0,0,1,202200051696A01,,,,200068765
202200051706,2022-08-13,2022,août,samedi,10:15,47,47222,44.287532,0.130463,1,1,2,1,1,3,2,2,2,2,,6,1,0,1,4,1,73,5,1,2,0,2,4,1,202200051706B01,7,1,1,244701355
202200051781,2022-09-20,2022,septembre,mardi,18:15,75,75105,48.850631,2.342774,2,2,3,1,8,4,1,1,2,1,,-1,1,0,5,4,1,55,1,2,,0,2,1,1,202200051781A01,1,19,1,200054781
202200051781,2022-09-20,2022,septembre,mardi,18:15,75,75105,48.850631,2.342774,2,2,3,1,8,4,1,1,2,1,,-1,1,0,5,1,2,23,5,2,,0,2,1,19,202200051781B01,1,1,1,200054781
202200051797,2022-09-19,2022,septembre,lundi,20:30,75,75105,48.846238,2.361933,2,1,1,5,1,4,-1,0,1,1,,-1,1,6,5,1,1,24,5,1,2,0,2,1,1,202200051797A01,50,14,1,200054781
202200051806,2022-08-15,2022,août,lundi,17:55,17,17337,45.970421,-1.349521,2,9,6,1,7,3,2,2,1,1,,-1,1,6,1,4,1,19,5,2,,0,1,1,0,202200051806A01,,,,241700624
202200051810,2022-11-02,2022,novembre,mercredi,11:20,65,65123,42.991082,0.224772,1,3,7,1,1,3,2,2,2,1,,-1,1,0,1,3,1,61,5,1,2,0,0,0,1,202200051810B01,7,23,1,246500482
202200051811,2022-08-12,2022,août,vendredi,10:10,88,88442,48.038388,6.817909,1,1,6,1,1,4,2,2,2,2,,-1,1,0,1,2,1,23,5,1,2,13,0,1,1,202200051811A01,,,,200096634
202200051813,2022-09-20,2022,septembre,mardi,17:30,75,75117,48.884254,2.302656,2,2,7,1,1,4,2,0,1,1,,-1,1,0,1,3,2,29,1,2,,0,0,8,1,202200051813A01,,,,200054781
202200051824,2022-08-08,2022,août,lundi,19:50,69,69244,45.757991,4.775695,2,3,1,2,7,4,1,1,1,1,,3,1,9,5,4,1,29,5,1,2,0,2,8,1,202200051824B01,7,15,1,200046977
202200051842,2022-07-07,2022,juillet,jeudi,09:45,12,12119,44.709056,2.858398,1,4,1,1,1,3,2,2,2,3,,4,1,0,1,2,1,46,5,1,2 / 6,0,2,1,1,202200051842B01,7,15,1,200067171
202200051867,2022-07-07,2022,juillet,jeudi,09:30,46,46204,44.680947,1.557857,1,1,3,1,1,3,2,2,3,1,,4,1,0,1,4,1,78,5,1,2,0,2,2,2,202200051867B01,7,2,1,244600573
202200051903,2022-10-24,2022,octobre,lundi,15:18,62,62279,50.30588,2.710512,1,6,3,1,7,3,2,2,1,3,,-1,1,5,1,3,2,69,5,1,2,0,2,2,1,202200051903B01,7,9,1,200069482
202200051917,2022-07-10,2022,juillet,dimanche,11:30,22,22251,48.557366831,-2.826404571,1,1,7,1,1,4,2,2,1,1,,-1,1,0,3,2,1,84,5,2,,13,0,1,0,202200051917A01,,,,200069409
202200051922,2022-08-13,2022,août,samedi,11:55,74,74056,45.918109,6.861906,2,1,2,1,1,4,2,2,1,1,,4,1,0,1,3,1,17,5,2,,0,2,1,2,202200051922A01,7,23,1,200023372
202200051923,2022-05-09,2022,mai,lundi,14:36,13,13035,43.684638,5.05797,1,1,3,1,1,3,2,2,1,1,,-1,1,0,1,3,1,73,5,2,,0,2,4,19,202200051923B01,10,17,1,200054807
202200051926,2022-06-09,2022,juin,jeudi,08:43,44,44063,47.080256,-1.190536,1,2,3,1,1,3,2,2,1,1,,-1,1,0,1,3,1,66,5,1,2 / 6,0,2,1,1,202200051926B01,7,9,1,200067635
202200051938,2022-09-20,2022,septembre,mardi,18:45,93,93048,48.858562255,2.4308662985,2,1,3,2,1,3,2,2,1,1,,-1,1,0,1,4,1,27,0,2,,0,2,8,15,202200051938B01,43,3,1,200054781
202200051942,2022-05-07,2022,mai,samedi,16:20,71,71063,46.899050608,4.3227801695,1,3,7,1,1,3,2,2,2,1,,-1,1,0,3,2,1,66,5,1,2,0,0,7,1,202200051942A01,,,,200070530
202200051953,2022-06-08,2022,juin,mercredi,14:55,84,84070,44.022034,5.156488,2,3,2,1,1,3,2,2,1,1,,-1,1,0,1,3,1,56,5,1,2 / 6,0,2,1,1,202200051953B01,7,16,1,200035723
202200051966,2022-05-08,2022,mai,dimanche,20:35,69,69074,46.013573,4.654126,1,1,7,1,1,3,2,2,2,4,,-1,1,0,3,3,1,34,5,2,,0,0,0,1,202200051966A01,,,,200040590
202200052024,2022-09-20,2022,septembre,mardi,15:35,72,72260,47.948787,0.260829,2,6,3,1,1,3,1,1,1,2,,-1,1,0,1,4,1,35,5,1,2,0,2,4,1,202200052024A01,7,2,1,247200132
202200052040,2022-06-07,2022,juin,mardi,16:30,21,21061,47.686135,4.612423,1,4,3,1,1,3,2,2,3,1,,-1,1,0,1,3,1,24,5,1,2,0,2,3,15,202200052040A01,7,1,1,242101434
202200052043,2022-07-10,2022,juillet,dimanche,10:00,29,29186,48.630881,-3.809831,1,3,1,1,1,3,2,2,2,1,,-1,1,5,1,3,1,21,5,1,2,0,2,1,1,202200052043B01,7,15,1,242900835
202200052055,2022-07-07,2022,juillet,jeudi,17:10,29,29020,48.1400429,-4.015512227,1,1,7,1,1,3,2,2,2,1,,-1,1,0,1,4,1,35,5,1,2,0,0,1,1,202200052055A01,,,,200068120
202200052057,2022-08-11,2022,août,jeudi,16:35,974,97407,-20.93565,55.29664,2,2,3,1,1,4,2,2,1,1,,-1,1,0,1,4,1,66,3,2,,16,0,1,19,202200052057A01,7,1,1,249740101
202200052064,2022-07-06,2022,juillet,mercredi,16:13,29,29037,47.884204,-4.168641,2,3,3,1,1,3,1,1,1,1,,-1,1,5,1,3,1,78,5,1,2,0,2,7,1,202200052064A01,7,19,1,242900702
202200052067,2022-10-23,2022,octobre,dimanche,15:45,07,07280,44.341929,4.159141,2,1,1,4,1,5,-1,2,1,3,,-1,2,1,6,2,1,67,5,2,,6,0,1,0,202200052067A01,,,,200039832
202200052085,2022-07-09,2022,juillet,samedi,13:30,31,31033,43.351463,1.473112,2,1,3,1,1,3,3,2,4,1,,-1,1,5,1,4,1,46,5,1,2,0,2,8,1,202200052085B01,7,19,1,200068807
202200052092,2022-05-18,2022,mai,mercredi,08:25,37,37152,47.4479166085,0.656889081,2,2,3,1,7,7,2,2,1,1,,4,1,0,1,3,1,62,5,1,2,0,2,0,21,202200052092A01,7,19,1,243700754
202200052093,2022-07-09,2022,juillet,samedi,16:30,31,31553,43.690172,1.170462,1,2,3,1,1,3,2,2,1,1,,-1,1,0,1,3,1,48,5,1,2,0,2,1,16,202200052093B01,7,1,1,200071314
202200052112,2022-09-21,2022,septembre,mercredi,11:25,44,44173,47.08281,-1.33765,2,7,3,1,1,3,2,2,1,3,,-1,1,0,1,4,1,67,5,1,2,0,2,7,2,202200052112B01,7,9,1,200067635
202200052133,2022-07-10,2022,juillet,dimanche,19:00,38,38206,45.254215,5.947047,1,1,2,1,1,3,2,2,2,1,,-1,1,0,1,4,1,50,1,1,2,0,2,1,1,202200052133B01,7,23,1,200018166
202200052201,2022-06-06,2022,juin,lundi,16:00,987,98714,-16.487942,-151.721234,1,1,7,1,1,2,2,2,2,4,,-1,1,0,1,3,2,70,5,2,,0,0,0,15,202200052201A01,,,,
202200052206,2022-03-27,2022,mars,dimanche,10:56,54,54547,48.6598,6.18641,2,3,3,1,1,4,1,1,1,1,,-1,1,0,1,4,2,62,0,2,,0,2,1,1,202200052206B01,7,16,1,245400676
202200052216,2022-10-22,2022,octobre,samedi,16:00,67,67433,48.381526,7.615083,2,9,3,1,1,3,2,2,1,1,,-1,1,9,1,4,1,29,5,1,2,0,0,8,1,202200052216A01,10,15,1,200067924
202200052228,2022-06-04,2022,juin,samedi,15:00,14,14685,49.258058,-0.457944,2,2,1,1,1,3,4,2,1,2,,-1,1,0,1,4,1,44,5,2,,0,2,1,15,202200052228A01,7,23,1,200065597
202200052234,2022-09-19,2022,septembre,lundi,17:15,987,98712,-17.279,-149.542,2,1,3,1,1,2,3,4,1,1,,-1,1,0,1,3,2,40,1,1,2,0,2,3,1,202200052234B01,7,1,1,
202200052280,2022-09-19,2022,septembre,lundi,18:00,33,33199,44.6414461747,-1.11313954,2,1,3,1,1,4,2,2,1,1,,4,1,9,1,1,1,2,5,1,2 / 3,0,2,6,19,202200052280A01,7,1,1,243300563
202200052280,2022-09-19,2022,septembre,lundi,18:00,33,33199,44.6414461747,-1.11313954,2,1,3,1,1,4,2,2,1,1,,4,1,9,1,4,2,61,5,2,,0,2,6,19,202200052280A01,7,1,1,243300563
202200052284,2022-07-06,2022,juillet,mercredi,11:00,54,54288,48.7390759158,5.8154368396,1,1,7,2,1,3,2,2,1,1,,-1,1,0,3,2,1,70,5,1,2,0,0,0,0,202200052284A01,,,,200070563
202200052309,2022-06-08,2022,juin,mercredi,15:57,34,34157,43.42575,3.600179,2,1,1,1,1,4,2,2,1,1,,4,1,0,1,4,1,15,0,2,,0,2,4,9,202200052309A01,7,21,1,200066355
202200052355,2022-05-06,2022,mai,vendredi,18:42,75,75106,48.856171,2.340313,2,2,3,2,1,4,1,2,1,1,,-1,1,0,1,4,1,26,2,2,,0,2,4,1,202200052355B01,7,16,1,200054781
202200052356,2022-09-17,2022,septembre,samedi,10:40,73,73179,45.605436,5.885378,1,9,1,1,1,4,2,2,1,2,,4,1,0,5,4,1,70,5,1,2,0,2,1,1,202200052356B01,1,1,1,200069110
202200052356,2022-09-17,2022,septembre,samedi,10:40,73,73179,45.605436,5.885378,1,9,1,1,1,4,2,2,1,2,,4,1,0,5,3,1,61,5,1,2,0,2,1,1,202200052356A01,1,1,1,200069110
202200052386,2022-03-26,2022,mars,samedi,23:30,75,75113,48.831317,2.366334,2,2,3,5,1,4,2,2,2,1,,-1,1,0,1,4,1,25,5,2,,0,2,3,1,202200052386A01,7,15,1,200054781
202200052402,2022-03-27,2022,mars,dimanche,15:49,75,75111,48.868144,2.381534,2,1,6,1,1,4,1,2,1,1,,-1,1,-1,5,4,2,35,5,1,2,0,1,1,1,202200052402A01,,,,200054781
202200052408,2022-08-10,2022,août,mercredi,22:00,34,34172,43.6113637153,3.9202986253,2,4,3,5,1,4,1,1,2,1,,-1,1,0,1,3,1,24,0,2,,0,2,3,5,202200052408A01,10,1,1,243400017
202200052412,2022-06-04,2022,juin,samedi,14:25,13,13053,43.71942,5.175827,1,6,3,1,1,3,2,2,1,2,,-1,1,0,1,3,1,57,5,1,2,0,2,1,1,202200052412B01,7,1,1,200054807
202200052436,2022-05-07,2022,mai,samedi,21:00,75,75108,48.871509,2.323114,2,2,3,5,1,4,1,1,1,1,,-1,1,0,1,4,2,16,2,2,,0,2,8,1,202200052436A01,7,1,1,200054781
202200052437,2022-03-27,2022,mars,dimanche,16:45,75,75107,48.862851,2.313444,2,2,2,1,1,4,2,6,1,1,,-1,1,0,1,4,2,28,5,1,2,0,2,4,23,202200052437B01,7,2,1,200054781
202200052484,2022-07-08,2022,juillet,vendredi,05:35,07,07051,45.271695,4.8002458,2,1,2,2,1,3,2,2,1,1,,-1,1,0,3,2,1,50,1,1,4,0,2,4,1,202200052484B01,7,2,1,200040491
202200052491,2022-06-01,2022,juin,mercredi,10:25,69,69291,45.643137,4.875049,2,2,3,1,1,4,2,1,2,1,,3,1,0,1,3,1,32,5,1,2,0,2,7,26,202200052491A01,10,1,1,246900765
202200052512,2022-06-08,2022,juin,mercredi,10:40,40,40202,43.697632,-1.020585,2,4,1,1,1,4,2,2,2,3,,-1,2,0,1,4,1,65,5,1,2 / 6,0,2,1,1,202200052512B01,7,19,1,244000675
202200052530,2022-07-08,2022,juillet,vendredi,18:45,53,53063,47.809038,-0.597177,2,3,1,1,1,3,2,2,1,1,,-1,1,0,1,3,1,36,5,1,2,0,2,1,15,202200052530B01,10,1,1,245300447
202200052558,2022-05-07,2022,mai,samedi,15:45,92,92064,48.842428084,2.2079598606,2,1,3,1,1,3,-1,0,2,1,,-1,1,9,4,4,1,18,5,2,,0,2,7,25,202200052558B01,10,9,1,200054781
202200052608,2022-11-27,2022,novembre,dimanche,16:50,64,64037,43.345561,-0.517666,1,1,1,1,1,3,2,2,1,1,,-1,1,0,1,2,1,68,5,1,2,0,2,1,1,202200052608B01,7,13,1,200067254
202200052641,2022-08-11,2022,août,jeudi,08:50,75,75114,48.83323,2.331535,2,3,7,1,1,4,2,4,1,1,,-1,1,-1,5,4,1,29,1,2,,0,0,0,21,202200052641A01,,,,200054781
202200052644,2022-09-19,2022,septembre,lundi,12:35,69,69383,45.75482,4.84996,2,2,1,1,1,4,1,1,1,1,,-1,1,0,1,4,2,31,2,1,2,0,2,1,5,202200052644A01,3,1,1,200046977
202200052649,2022-03-26,2022,mars,samedi,17:45,67,67432,48.977369,8.07412,2,2,1,1,1,3,2,2,1,1,,-1,1,0,1,3,1,55,5,2,,0,2,7,0,202200052649B01,7,0,1,200041283
202200052661,2022-08-11,2022,août,jeudi,12:55,75,75120,48.869117,2.391449,2,3,6,1,1,4,2,2,2,1,,-1,1,0,1,1,1,33,9,2,,0,1,0,1,202200052661A01,,,,200054781
202200052662,2022-09-19,2022,septembre,lundi,18:50,69,69389,45.77263,4.80784,2,4,1,1,1,4,1,1,2,1,,-1,1,0,1,4,2,21,5,2,,0,2,1,1,202200052662B01,7,15,1,200046977
202200052692,2022-03-28,2022,mars,lundi,11:10,42,42208,45.558558,4.494814,1,1,7,1,1,7,-1,2,1,1,,-1,1,0,1,2,2,65,5,1,2,0,0,0,1,202200052692A01,,,,244200770
202200052705,2022-03-27,2022,mars,dimanche,10:30,29,29235,48.402625,-4.386819,2,1,2,1,1,4,2,2,2,1,,-1,1,0,1,4,1,44,5,1,2,0,2,1,1,202200052705B01,7,20,1,242900314
202200052715,2022-03-26,2022,mars,samedi,09:30,29,29158,47.818234,-4.30752,1,1,3,1,1,3,2,2,1,1,,-1,1,0,1,4,1,61,0,2,,0,2,8,1,202200052715B01,7,17,1,242900702
202200052740,2022-10-22,2022,octobre,samedi,19:10,69,69290,45.71295,4.97039,2,6,2,2,1,7,2,4,1,1,,-1,1,5,1,4,2,20,1,1,2,0,2,0,0,202200052740B01,7,0,1,200046977
202200052800,2022-10-21,2022,octobre,vendredi,17:50,61,61001,48.4282,0.08298,2,2,3,1,1,4,1,1,1,1,,-1,1,0,1,4,2,50,9,2,,0,0,2,1,202200052800B01,7,9,1,246100663
202200052804,2022-03-27,2022,mars,dimanche,21:20,23,23069,45.860309,2.368798,1,1,6,3,1,3,2,2,2,2,,-1,1,0,1,3,1,72,5,1,4 / 9,0,0,0,1,202200052804A01,,,,200067593
202200052832,2022-02-11,2022,février,vendredi,14:00,34,34032,43.344,3.22052,2,2,3,1,1,4,2,2,1,1,,-1,1,0,1,4,2,23,0,1,2,0,2,0,0,202200052832B01,7,1,1,243400769
202200052867,2022-07-09,2022,juillet,samedi,17:00,987,98738,-17.618,-149.549,1,1,3,1,1,2,3,4,1,1,,-1,1,0,1,3,1,10,5,2,,12,2,0,26,202200052867A01,7,1,1,
202200052870,2022-10-22,2022,octobre,samedi,11:12,35,35238,48.10858,-1.69299,2,2,3,1,1,4,2,2,2,1,,-1,2,0,1,4,1,63,5,2,,0,2,1,1,202200052870B01,7,15,1,243500139
202200052893,2022-03-28,2022,mars,lundi,17:00,45,45252,48.18781,2.245245,2,3,3,1,1,4,2,2,1,1,,4,1,0,1,3,2,75,3,2,,0,2,1,0,202200052893B01,15,16,1,200066280
202200052943,2022-05-06,2022,mai,vendredi,19:00,69,69290,45.69727,4.94459,2,3,3,1,1,4,1,1,1,1,,-1,1,0,1,4,1,31,9,1,2,0,2,1,2,202200052943B01,7,15,1,200046977
202200052956,2022-03-27,2022,mars,dimanche,10:35,26,26079,44.937046,5.095704,2,4,1,1,1,3,2,2,1,3,,-1,1,0,1,4,1,51,5,1,2,0,2,8,1,202200052956B01,7,13,1,200068781
202200053025,2022-09-18,2022,septembre,dimanche,21:41,63,63113,45.8003267717,3.1115582585,2,5,3,5,1,7,3,6,1,1,,-1,1,0,8,4,1,12,9,2,,0,2,1,19,202200053025A01,7,2,1,246300701
202200053044,2022-07-31,2022,juillet,dimanche,11:00,73,73171,45.49973,6.04291,1,1,3,1,1,3,2,2,1,1,,-1,1,0,1,3,1,81,5,2,,0,2,4,1,202200053044A01,10,2,1,200041010
202200053050,2022-10-22,2022,octobre,samedi,09:30,75,75119,48.888258,2.395848,2,4,3,1,1,4,1,3,1,3,,-1,1,5,5,4,1,29,5,2,,0,2,1,19,202200053050B01,7,16,1,200054781
202200053084,2022-10-22,2022,octobre,samedi,10:20,75,75108,48.870212,2.31107,2,2,3,1,1,4,1,2,1,1,,-1,1,0,1,4,2,26,5,1,2,0,2,0,1,202200053084B01,7,1,1,200054781
202200053098,2022-10-21,2022,octobre,vendredi,18:12,75,75107,48.85923,2.305139,2,3,6,1,1,4,1,1,1,1,,-1,1,0,1,1,1,45,1,1,2,0,1,1,1,202200053098A01,,,,200054781
202200053119,2022-03-26,2022,mars,samedi,12:45,75,75116,48.874202,2.261756,2,1,6,1,1,4,1,1,1,1,,-1,1,0,1,1,2,32,5,1,2,0,1,7,1,202200053119A01,,,,200054781
202200053121,2022-10-22,2022,octobre,samedi,02:40,75,75102,48.864444,2.351538,2,2,7,5,1,4,1,4,1,1,,-1,1,0,5,4,1,26,5,2,,0,0,7,1,202200053121A01,,,,200054781
202200053122,2022-09-19,2022,septembre,lundi,18:55,37,37122,47.34808,0.65837,2,3,3,1,7,4,2,2,1,1,,-1,2,0,1,4,2,28,0,2,,0,2,8,1,202200053122B01,7,15,1,243700754
202200053123,2022-05-06,2022,mai,vendredi,19:00,33,33281,44.818809227,-0.6991365552,2,3,3,1,1,4,2,2,1,1,,-1,1,9,1,4,1,33,0,1,2,0,2,2,1,202200053123B01,7,15,1,243300316
202200053151,2022-10-22,2022,octobre,samedi,14:10,93,93051,48.842013578,2.559657232,2,1,7,1,1,4,2,2,1,1,,-1,1,0,1,3,1,29,0,2,,0,0,0,0,202200053151A01,7,0,1,200054781
202200053196,2022-01-03,2022,janvier,lundi,08:00,75,75112,48.843241,2.385351,2,3,2,2,8,4,2,2,1,1,,-1,1,0,1,4,2,20,9,1,2,0,2,1,2,202200053196A01,7,15,1,200054781
202200053214,2022-05-06,2022,mai,vendredi,13:25,75,75119,48.87686,2.374403,2,3,3,1,1,4,1,1,2,1,,-1,1,0,1,4,1,39,9,1,2,0,2,7,1,202200053214B01,7,22,1,200054781
202200053220,2022-08-11,2022,août,jeudi,16:00,44,44176,47.350231,-2.181461,2,2,3,1,7,3,2,2,2,1,,4,1,0,5,3,1,45,5,1,2,0,9,7,1,202200053220B01,1,1,1,244400644
202200053220,2022-08-11,2022,août,jeudi,16:00,44,44176,47.350231,-2.181461,2,2,3,1,7,3,2,2,2,1,,4,1,0,5,4,1,12,5,2,,0,0,1,1,202200053220A01,1,1,1,244400644
202200053240,2022-05-05,2022,mai,jeudi,11:40,75,75118,48.884635,2.356455,2,1,2,1,1,4,2,2,2,1,,-1,1,0,1,4,1,30,9,1,2,0,2,1,1,202200053240B01,7,4,1,200054781
202200053245,2022-05-06,2022,mai,vendredi,18:25,75,75117,48.894228,2.320617,2,2,3,1,1,4,2,2,2,1,,-1,1,0,1,4,1,45,5,2,,0,2,1,1,202200053245A01,2,10,1,200054781
202200053252,2022-05-06,2022,mai,vendredi,10:20,75,75113,48.82594,2.360439,2,3,3,1,1,4,1,4,1,1,,-1,1,0,5,4,2,65,9,1,2,0,2,1,1,202200053252B01,2,15,1,200054781
202200053256,2022-05-06,2022,mai,vendredi,15:35,75,75111,48.867628,2.375639,2,3,6,1,1,4,1,2,1,1,,-1,1,0,5,1,1,45,4,2,,0,1,1,1,202200053256A01,,,,200054781
202200053259,2022-10-22,2022,octobre,samedi,21:15,34,34013,43.575757,3.463558,1,1,2,3,1,3,2,2,1,1,,-1,1,0,1,3,1,39,5,2,,0,0,4,1,202200053259A01,14,2,1,243400355
202200053272,2022-03-26,2022,mars,samedi,06:30,33,33522,44.8015003964,-0.5943946965,2,1,6,1,1,4,3,2,1,3,,-1,1,0,5,4,1,27,5,2,,2,0,0,0,202200053272B01,7,16,1,243300316
202200053273,2022-05-06,2022,mai,vendredi,11:15,75,75102,48.869537,2.336795,2,2,1,1,1,4,1,2,1,1,,-1,1,0,1,4,1,33,1,2,,0,2,7,1,202200053273A01,32,1,1,200054781
202200053277,2022-05-05,2022,mai,jeudi,08:20,75,75103,48.86199,2.350157,2,2,6,1,1,4,1,1,1,1,,-1,1,0,5,1,2,32,1,1,2,0,1,1,1,202200053277A01,,,,200054781
202200053329,2022-03-25,2022,mars,vendredi,13:29,75,75106,48.852456,2.33193,2,2,2,1,1,4,1,2,1,1,,-1,1,0,1,4,2,19,5,2,,0,2,1,2,202200053329A01,2,23,1,200054781
202200053401,2022-01-03,2022,janvier,lundi,11:40,92,92051,48.8837987213,2.2749008238,2,1,6,1,1,4,1,1,1,1,,-1,1,0,1,1,1,22,4,2,,0,1,1,5,202200053401A01,,,,200054781
202200053421,2022-11-26,2022,novembre,samedi,07:45,974,97407,-20.946349,55.29713,2,2,3,1,1,4,-1,2,1,1,,-1,1,0,1,4,1,16,5,1,2,0,2,1,1,202200053421A01,7,1,1,249740101
202200053438,2022-06-07,2022,juin,mardi,11:00,40,40197,44.026068,-0.921509,2,3,1,1,1,3,2,2,1,1,,-1,1,0,1,3,1,60,0,2,,0,2,8,9,202200053438B01,7,1,1,244000691
202200053489,2022-02-14,2022,février,lundi,09:30,75,75114,48.840118,2.321823,2,4,6,1,8,4,3,2,1,1,,-1,1,0,1,4,2,30,1,1,2,0,1,1,1,202200053489A01,,,,200054781
202200053497,2022-02-14,2022,février,lundi,09:15,75,75112,48.843637,2.447188,2,4,3,1,1,4,2,2,1,1,,-1,1,-1,5,4,2,54,1,1,2,0,2,1,1,202200053497B01,7,16,1,200054781
202200053508,2022-09-16,2022,septembre,vendredi,16:40,29,29232,47.9965071054,-4.1086725891,2,3,3,1,1,4,-1,2,1,1,,-1,1,0,1,3,1,59,5,2,,0,2,2,12,202200053508B01,7,11,1,200068120
202200053524,2022-07-01,2022,juillet,vendredi,08:05,34,34123,43.619044,3.805116,2,3,3,1,1,4,2,2,2,1,,5,1,9,5,4,2,36,1,1,2,0,2,2,1,202200053524A01,7,15,1,243400017
202200053533,2022-08-10,2022,août,mercredi,18:20,973,97302,4.9388421668,-52.3304383457,2,1,3,1,1,4,1,1,1,1,,-1,1,0,1,4,1,19,0,2,,1,0,0,0,202200053533B01,7,22,1,249730045
202200053558,2022-10-23,2022,octobre,dimanche,10:30,78,78062,48.850668,1.894927,1,3,3,1,7,3,2,2,2,2,,-1,1,5,1,3,1,65,5,1,2,0,2,1,1,202200053558B01,7,9,1,247800618
202200053580,2022-02-12,2022,février,samedi,12:42,92,92050,48.88626,2.19814,2,1,2,1,1,3,1,1,1,1,,-1,1,0,1,4,2,4,5,1,3,0,2,0,1,202200053580B01,7,23,1,200054781
202200053580,2022-02-12,2022,février,samedi,12:42,92,92050,48.88626,2.19814,2,1,2,1,1,3,1,1,1,1,,-1,1,0,1,4,1,38,5,2,,0,2,0,1,202200053580B01,7,23,1,200054781
202200053588,2022-02-14,2022,février,lundi,14:10,92,92024,48.90101,2.30541,2,1,2,1,1,3,1,3,1,1,,-1,1,0,1,4,1,19,4,2,,0,2,4,1,202200053588B01,7,2,1,200054781
202200053597,2022-07-08,2022,juillet,vendredi,20:25,77,77315,48.888297,2.830176,2,4,3,1,1,3,2,2,1,1,,-1,1,5,1,4,2,13,5,2,,0,2,3,1,202200053597B01,7,1,1,247700339
202200053603,2022-07-10,2022,juillet,dimanche,16:15,77,77219,48.839999,2.964442,1,1,2,1,1,3,2,2,1,1,,-1,1,0,1,3,1,49,5,1,2,0,0,8,1,202200053603B01,7,17,1,200090504
202200053604,2022-10-22,2022,octobre,samedi,17:45,27,27114,48.958176,1.444851,1,1,2,1,1,3,2,2,2,1,,-1,1,0,1,3,2,61,5,2,,0,0,6,1,202200053604B01,7,2,1,200072312
202200053609,2022-09-19,2022,septembre,lundi,18:25,75,75119,48.877206,2.40668,2,2,2,1,1,4,3,4,1,1,,-1,1,0,1,4,2,52,5,2,,0,2,5,1,202200053609B01,7,1,1,200054781
202200053621,2022-03-24,2022,mars,jeudi,09:10,75,75104,48.856287,2.356609,2,2,3,1,1,4,1,3,1,1,,-1,1,0,5,4,1,58,1,2,,0,2,7,15,202200053621A01,50,1,1,200054781
202200053625,2022-10-22,2022,octobre,samedi,11:15,59,59398,50.5050864955,3.1097155809,2,3,3,1,1,3,2,2,1,1,,4,1,0,1,4,1,29,5,2,,0,2,1,1,202200053625A01,7,23,1,200041960
202200053629,2022-03-25,2022,mars,vendredi,09:01,94,94078,48.75301,2.43061,2,1,1,1,1,3,2,2,1,1,,-1,1,0,1,2,2,76,3,2,,0,2,8,1,202200053629Y01,14,1,1,200054781
202200053633,2022-09-19,2022,septembre,lundi,14:55,75,75118,48.898017,2.344249,2,2,3,1,1,4,-1,4,1,1,,-1,1,0,1,4,1,27,9,2,,0,2,7,1,202200053633B01,7,1,1,200054781
202200053638,2022-09-19,2022,septembre,lundi,07:18,75,75118,48.888172,2.359879,2,1,2,1,1,4,2,3,1,1,,-1,1,0,1,4,2,37,1,2,,0,2,0,1,202200053638A01,7,1,1,200054781
202200053656,2022-06-06,2022,juin,lundi,19:35,69,69034,45.788,4.82802,2,1,6,1,1,4,1,1,2,3,,-1,1,0,1,2,1,33,4,2,,6,0,1,16,202200053656A01,,,,200046977
202200053690,2022-11-26,2022,novembre,samedi,18:38,10,10081,48.3246993328,4.0310811996,2,6,2,5,1,3,1,1,1,2,,-1,1,5,1,4,1,22,0,2,,0,2,0,0,202200053690B01,0,0,1,200069250
202200053693,2022-08-06,2022,août,samedi,01:12,76,76552,49.506,0.07135,2,1,7,5,1,4,2,2,1,1,,-1,1,0,5,3,2,42,5,2,,0,0,0,0,202200053693A01,,,,200084952
202200053719,2022-09-18,2022,septembre,dimanche,14:46,75,75107,48.860537,2.295642,2,2,3,1,1,4,-1,2,1,1,,-1,1,0,5,4,1,25,5,2,,0,2,8,1,202200053719B01,7,15,1,200054781
202200053738,2022-06-06,2022,juin,lundi,17:50,27,27229,49.02371,1.1434,2,3,1,1,1,4,2,2,1,1,,-1,1,0,1,4,1,21,5,1,2,0,2,2,5,202200053738B01,7,1,1,200071454
202200053776,2022-06-06,2022,juin,lundi,11:40,75,75115,48.848702,2.2987,2,3,6,1,1,4,1,1,1,1,,-1,1,-1,5,1,1,21,9,2,,0,1,0,1,202200053776A01,,,,200054781