Num_Acc,date,an,mois,jour,hrmn,dep,com,lat,long,agg,int,col,lum,atm,catr,circ,nbv,prof,plan,lartpc,larrout,surf,infra,situ,grav,sexe,age,trajet,secuexist,equipement,obs,obsm,choc,manv,vehiculeid,typevehicules,manoeuvehicules,numVehicules,_infos_commune.code_epci
202200053792,2022-06-06,2022,juin,lundi,17:00,75,75107,48.862824,2.307958,2,1,6,1,1,4,2,1,1,1,,-1,1,6,6,1,2,24,2,2,,0,2,1,1,202200053792A01,60,13,1,200054781
202200053800,2022-06-06,2022,juin,lundi,19:00,75,75102,48.870234,2.330137,2,2,3,1,1,4,2,4,1,1,,-1,1,0,1,4,1,24,9,2,,0,2,1,1,202200053800B01,7,16,1,200054781
202200053808,2022-11-25,2022,novembre,vendredi,20:00,69,69388,45.73813,4.86747,2,9,3,5,1,4,1,1,1,1,,-1,1,0,6,4,2,34,0,1,2,0,2,2,1,202200053808B01,7,15,1,200046977
202200053813,2022-06-20,2022,juin,lundi,12:03,67,67067,48.729604,7.716941,2,3,3,1,1,3,1,1,1,2,,-1,1,0,1,3,2,15,5,2,,0,2,3,19,202200053813A01,7,15,1,200067874
202200053851,2022-08-10,2022,août,mercredi,18:23,25,25056,47.246205,6.034062,2,2,1,1,1,4,2,1,1,1,,-1,1,-1,1,4,1,35,0,2,,0,2,1,1,202200053851B01,7,19,1,242500361
202200053871,2022-10-21,2022,octobre,vendredi,19:10,69,69381,45.76748,4.82903,2,3,3,2,1,4,2,1,1,1,,-1,1,0,5,4,1,27,0,1,2,0,2,0,0,202200053871B01,7,0,1,200046977
202200053935,2022-08-10,2022,août,mercredi,09:50,75,75105,48.849396,2.35691,2,2,3,1,1,4,-1,2,1,1,,-1,1,0,1,4,1,21,1,2,,0,2,3,1,202200053935A01,33,1,1,200054781
202200053954,2022-08-09,2022,août,mardi,18:55,75,75118,48.895141,2.359639,2,2,3,1,1,4,2,4,1,1,,-1,1,0,5,4,1,33,9,2,,0,2,1,1,202200053954B01,7,15,1,200054781
202200053967,2022-08-10,2022,août,mercredi,04:00,75,75107,48.856974,2.324599,2,3,3,5,1,4,1,5,1,1,,-1,1,-1,6,4,1,30,1,2,,0,2,1,1,202200053967A01,7,22,1,200054781
202200053973,2022-07-11,2022,juillet,lundi,09:08,79,79049,46.835877,-0.424427,1,2,3,1,7,3,2,2,1,3,,8,1,0,1,4,1,17,1,2,,0,2,0,16,202200053973B01,7,1,1,200040244
202200053980,2022-08-10,2022,août,mercredi,12:00,75,75104,48.855051,2.361654,2,4,7,1,1,4,3,3,1,1,,-1,1,-1,5,4,1,70,5,2,,12,0,1,14,202200053980A01,,,,200054781
202200053993,2022-01-03,2022,janvier,lundi,15:40,05,05054,44.670801,6.075874,1,1,2,1,1,2,2,2,1,1,,-1,1,0,1,3,1,28,5,2,,0,0,4,2,202200053993B01,7,2,1,200068096
202200054014,2022-03-26,2022,mars,samedi,12:00,31,31285,43.631602,1.59997,1,2,3,1,1,3,2,2,1,1,,-1,1,0,1,3,1,84,5,1,2,0,2,7,16,202200054014C01,10,1,1,243100732
202200054020,2022-07-08,2022,juillet,vendredi,17:50,40,40179,43.7053012135,-1.1102172915,2,3,3,1,1,4,2,1,1,1,,3,1,0,1,4,1,11,5,2,,0,2,1,9,202200054020A01,7,1,1,244000675
202200054033,2022-11-25,2022,novembre,vendredi,13:10,72,72181,48.00985,0.2016,2,1,3,1,1,4,1,1,2,1,,-1,1,0,5,4,1,31,0,1,2,0,2,1,2,202200054033B01,7,0,1,247200132
202200054041,2022-01-04,2022,janvier,mardi,11:30,24,24547,45.127638,1.302974,2,2,1,1,1,3,2,2,1,1,,4,1,0,1,3,1,69,5,1,2,0,2,1,1,202200054041B01,7,15,1,200041150
202200054044,2022-03-27,2022,mars,dimanche,10:21,35,35337,48.296838,-1.807871,1,9,3,1,7,3,2,2,2,1,,-1,1,0,1,3,1,41,5,1,2,0,2,1,1,202200054044B01,7,15,1,243500733
202200054049,2022-09-19,2022,septembre,lundi,18:58,65,65284,43.179131,0.019591,2,1,1,1,1,4,2,2,2,3,,4,1,0,1,4,1,47,5,1,2,0,2,1,21,202200054049B01,10,13,1,200069300
202200054079,2022-08-10,2022,août,mercredi,17:10,92,92050,48.8950025106,2.2118246555,2,1,3,1,1,4,1,10,1,3,,-1,1,0,4,4,1,9,0,1,2,0,2,7,25,202200054079B01,10,16,1,200054781
202200054096,2022-08-10,2022,août,mercredi,14:30,92,92007,48.802014,2.318085,2,1,3,1,1,4,2,2,1,1,,-1,1,0,1,4,1,15,0,2,,0,2,3,9,202200054096B01,10,1,1,200054781
202200054106,2022-07-06,2022,juillet,mercredi,19:45,50,50041,49.664128,-1.84843,1,6,3,1,1,3,2,2,1,1,,-1,1,0,1,3,1,50,5,1,2 / 9,0,2,7,13,202200054106A01,7,13,1,200067205
202200054109,2022-05-07,2022,mai,samedi,10:35,62,62560,50.827182,1.698369,2,1,3,1,7,3,2,2,2,1,,-1,1,0,1,3,2,45,5,1,2,0,2,8,15,202200054109A01,7,17,1,246200380
202200054123,2022-09-19,2022,septembre,lundi,17:57,38,38117,45.171411,5.415359,2,4,1,1,1,3,2,2,4,2,,4,1,0,1,3,1,72,5,2,,0,2,1,1,202200054123B01,7,15,1,200070431
202200054202,2022-06-04,2022,juin,samedi,16:05,24,24264,45.008165,0.134722,1,1,3,1,1,3,2,2,1,1,,-1,1,0,1,3,2,75,3,2,,0,2,8,1,202200054202B01,7,17,1,200040384
202200054208,2022-07-09,2022,juillet,samedi,10:35,62,62318,50.5149654328,1.6348862062,2,9,3,1,1,3,2,1,1,1,,3,1,0,5,3,1,38,5,1,2,0,2,3,1,202200054208B01,7,16,1,200069029
202200054216,2022-08-10,2022,août,mercredi,10:45,56,56248,47.5858742,-2.62835562,2,1,3,1,1,3,2,2,1,1,,-1,1,0,1,3,1,62,5,1,2,0,2,1,1,202200054216B01,21,15,1,200067932
202200054221,2022-05-04,2022,mai,mercredi,20:45,974,97411,-20.90162,55.48781,2,1,6,4,2,4,2,1,2,1,,-1,2,0,1,2,1,21,5,2,,0,2,6,2,202200054221B01,7,15,1,249740119
202200054222,2022-08-11,2022,août,jeudi,15:55,74,74275,45.844831,6.213058,2,1,6,1,1,3,2,2,2,4,,-1,1,9,3,4,1,57,5,2,,13,0,1,1,202200054222A01,,,,200066793
202200054234,2022-07-08,2022,juillet,vendredi,15:10,59,59080,50.437739,3.270847,1,1,7,1,1,4,2,2,1,1,,4,1,0,1,3,1,54,5,1,2 / 9,16,0,1,1,202200054234A01,,,,200041960
202200054265,2022-08-11,2022,août,jeudi,10:25,32,32344,43.6231271497,-0.0702685118,1,1,3,1,1,4,-1,2,2,3,,-1,1,0,1,3,1,72,5,1,2,0,2,1,13,202200054265A01,7,1,1,200035632
202200054267,2022-11-25,2022,novembre,vendredi,18:32,49,49007,47.47414,-0.55365,2,1,3,5,1,4,2,2,1,1,,-1,1,0,1,4,2,21,9,2,,0,2,0,23,202200054267B01,7,1,1,244900015
202200054291,2022-08-11,2022,août,jeudi,11:50,89,89176,47.40837,3.721147,1,1,7,1,1,3,2,2,2,1,,-1,1,0,3,3,1,75,5,1,2,0,0,0,2,202200054291A01,,,,200039758
202200054297,2022-11-24,2022,novembre,jeudi,20:13,49,49007,47.45564,-0.53009,2,2,1,5,1,4,2,4,1,1,,-1,1,0,1,3,1,28,9,2,,0,2,1,1,202200054297B01,7,1,1,244900015
202200054302,2022-08-10,2022,août,mercredi,19:40,63,63195,45.827861,3.377727,2,2,1,1,1,3,2,1,1,2,,-1,1,0,1,2,1,64,5,2,,0,2,8,9,202200054302B01,7,1,1,246301097
202200054337,2022-06-28,2022,juin,mardi,18:15,68,68374,48.081104,7.322205,2,3,1,1,8,3,2,2,1,1,,4,1,0,1,3,1,57,1,1,2,0,2,1,1,202200054337A01,7,1,1,246800726
202200054353,2022-08-11,2022,août,jeudi,11:50,29,29153,47.838826,-3.794433,1,1,2,1,1,3,2,2,1,1,,-1,1,0,1,3,1,67,5,1,2,0,2,4,2,202200054353B01,7,2,1,242900769
202200054366,2022-09-18,2022,septembre,dimanche,12:56,59,59374,50.1314572279,3.838160634,2,1,2,1,1,3,2,2,2,1,,-1,1,0,1,1,1,16,5,1,2,0,2,4,2,202200054366B01,1,2,1,200043263
202200054366,2022-09-18,2022,septembre,dimanche,12:56,59,59374,50.1314572279,3.838160634,2,1,2,1,1,3,2,2,2,1,,-1,1,0,1,3,1,45,5,2,,0,2,1,2,202200054366A01,1,2,1,200043263
202200054367,2022-11-25,2022,novembre,vendredi,15:35,35,35281,48.08381,-1.70946,2,1,1,1,1,7,3,4,1,1,,-1,1,0,5,4,2,62,5,2,,0,2,1,1,202200054367B01,50,1,1,243500139
202200054374,2022-03-26,2022,mars,samedi,16:15,68,68318,47.969292,7.222975,1,1,3,1,1,3,2,2,2,1,,-1,1,0,1,3,1,16,5,1,2,0,0,7,10,202200054374A01,33,1,1,246800569
202200054375,2022-02-11,2022,février,vendredi,16:38,75,75104,48.8508076913,2.3614355922,2,2,3,1,1,4,1,2,1,1,,-1,1,0,1,4,1,77,5,1,2,0,2,7,9,202200054375B01,10,1,1,200054781
202200054386,2022-09-20,2022,septembre,mardi,18:50,59,59258,50.532089,3.20966,2,2,6,1,1,3,2,2,1,1,,-1,1,0,1,4,1,43,5,1,2,0,2,1,1,202200054386B01,7,15,1,200041960
202200054386,2022-09-20,2022,septembre,mardi,18:50,59,59258,50.532089,3.20966,2,2,6,1,1,3,2,2,1,1,,-1,1,0,1,4,1,51,5,1,2,0,2,1,1,202200054386C01,7,15,1,200041960
202200054405,2022-01-02,2022,janvier,dimanche,12:25,75,75111,48.858528,2.383669,2,2,3,1,1,4,2,2,2,1,,-1,1,0,1,4,2,28,5,2,,0,2,1,1,202200054405B01,7,22,1,200054781
202200054407,2022-11-25,2022,novembre,vendredi,22:10,33,33063,44.83602,-0.56733,2,1,3,5,1,4,2,2,1,1,,-1,1,0,1,4,1,26,0,2,,0,2,8,10,202200054407A01,7,1,1,243300316
202200054421,2022-03-27,2022,mars,dimanche,11:26,31,31395,43.45105,1.333235,2,1,3,1,1,3,2,2,2,3,,-1,1,0,1,3,1,74,5,1,2,0,2,7,26,202200054421B01,7,15,1,200068641
202200054438,2022-02-12,2022,février,samedi,17:40,17,17094,46.063286,-1.092249,2,4,3,1,1,4,2,2,1,2,,4,1,0,5,3,2,55,5,2,,0,2,3,1,202200054438B01,7,16,1,241700434
202200054450,2022-08-03,2022,août,mercredi,08:30,27,27423,48.77944,1.341056,1,3,3,1,1,3,2,2,1,1,,-1,1,0,1,3,1,54,5,1,2,0,2,1,1,202200054450B01,7,1,1,200071454
202200054463,2022-03-24,2022,mars,jeudi,15:25,22,22299,48.4723688313,-1.9738161564,1,1,3,1,1,3,2,2,2,1,,-1,1,0,1,3,1,68,5,1,2,0,5,6,1,202200054463A01,99,19,1,200068989
202200054469,2022-02-13,2022,février,dimanche,11:45,974,97410,-21.090306,55.747386,2,1,2,1,2,2,2,2,1,1,,-1,2,0,1,3,1,24,5,2,,0,0,4,0,202200054469B01,7,0,1,249740093
202200054472,2022-03-26,2022,mars,samedi,15:50,35,35152,48.21409,-1.506154,2,2,1,1,7,3,2,3,1,1,,-1,1,5,1,3,2,60,3,2,,0,2,1,26,202200054472B01,10,15,1,243500774
202200054484,2022-08-10,2022,août,mercredi,09:45,87,87111,45.727169,0.855791,1,4,1,1,1,3,2,2,2,1,,-1,1,0,1,3,1,67,5,1,2,0,2,1,0,202200054484B01,7,13,1,200066520
202200054492,2022-08-10,2022,août,mercredi,11:37,30,30062,43.779336,4.194524,1,6,3,1,1,3,2,2,1,2,,-1,1,5,1,3,1,77,5,1,2 / 6,0,2,7,9,202200054492A01,7,9,1,243000296
202200054500,2022-11-25,2022,novembre,vendredi,09:55,29,29019,48.40059,-4.49986,2,6,3,1,1,4,2,2,2,1,,-1,2,0,1,4,2,20,2,1,2,0,0,0,1,202200054500B01,7,9,1,242900314
202200054507,2022-02-13,2022,février,dimanche,10:45,62,62830,50.092158,3.089485,2,3,6,1,1,3,2,2,1,3,,-1,1,0,1,4,1,49,5,1,2,0,0,1,1,202200054507B01,7,1,1,200035442
202200054507,2022-02-13,2022,février,dimanche,10:45,62,62830,50.092158,3.089485,2,3,6,1,1,3,2,2,1,3,,-1,1,0,1,4,1,18,5,1,2,0,0,1,1,202200054507A01,7,1,1,200035442
202200054525,2022-08-11,2022,août,jeudi,09:20,69,69111,45.9021093788,4.583696723,1,4,3,1,1,3,2,2,1,1,,-1,1,5,1,4,1,74,5,1,2,0,2,1,1,202200054525B01,17,15,1,200040574
202200054559,2022-08-09,2022,août,mardi,17:00,987,98714,-16.388,-151.765,1,1,3,2,1,2,2,2,1,1,,-1,1,0,1,3,1,13,5,2,,0,2,8,1,202200054559B01,7,1,1,
202200054585,2022-01-02,2022,janvier,dimanche,13:50,12,12288,44.453818,2.425854,1,2,2,1,1,3,2,2,1,1,,-1,1,0,1,4,1,39,5,1,2 / 4 / 6,0,2,4,1,202200054585B01,7,19,1,241200641
202200054589,2022-11-25,2022,novembre,vendredi,16:27,17,17415,45.74084,-0.62928,2,1,3,1,8,3,3,2,1,1,,-1,1,0,5,4,1,74,0,2,,0,2,7,1,202200054589B01,7,1,1,200036473
202200054591,2022-06-05,2022,juin,dimanche,19:40,56,56078,47.75857,-3.474426,1,3,3,1,1,4,2,2,1,1,,-1,1,0,1,3,1,5,5,1,2,0,2,1,15,202200054591B01,7,1,1,200042174
202200054596,2022-04-28,2022,avril,jeudi,18:00,74,74049,46.0543809526,6.4515593283,1,9,1,1,1,3,2,2,2,3,,-1,1,0,1,3,1,32,0,2,,0,2,1,1,202200054596B01,10,1,1,200000172
202200054606,2022-04-25,2022,avril,lundi,10:15,59,59350,50.63003,3.07145,2,1,3,1,1,4,1,1,1,1,,-1,1,0,1,4,1,45,0,2,,0,2,1,1,202200054606B01,7,22,1,200093201
202200054619,2022-03-05,2022,mars,samedi,09:49,74,74081,46.058075,6.572185,2,6,3,1,1,3,3,2,2,3,,-1,1,5,3,3,1,67,0,2,,0,2,7,17,202200054619A01,80,2,1,200033116
202200054624,2022-02-12,2022,février,samedi,12:10,35,35210,48.135822,-1.803035,1,1,5,1,1,7,2,2,1,4,,-1,1,0,1,3,1,41,5,1,2,0,2,1,1,202200054624C01,7,1 / 17,2,243500139
202200054645,2022-06-05,2022,juin,dimanche,16:15,59,59094,50.938863,2.197861,2,1,6,1,1,4,2,2,1,1,,4,1,0,1,1,1,17,5,2,,0,1,1,2,202200054645A01,,,,245900428
202200054669,2022-05-23,2022,mai,lundi,08:45,14,14059,49.34606,0.04403,2,1,3,1,2,3,2,2,2,1,,-1,2,0,1,4,2,52,5,2,,0,2,1,13,202200054669B01,7,1,1,241400415
202200054672,2022-01-02,2022,janvier,dimanche,11:10,36,36215,46.8649128585,2.0859164,1,1,3,1,7,3,2,2,1,1,,-1,1,0,1,3,1,46,5,1,2,0,2,4,2,202200054672B01,7,2,1,243600236
202200054691,2022-02-14,2022,février,lundi,10:40,95,95523,49.0803643156,1.6272962093,2,6,7,1,1,3,2,2,1,2,,-1,1,0,1,4,1,61,5,1,2,0,0,0,1,202200054691A01,,,,249500513
202200054697,2022-08-07,2022,août,dimanche,14:10,54,54318,48.769732008,6.0543626555,2,3,2,1,1,3,2,2,1,1,,-1,1,0,1,3,1,18,5,2,,0,2,6,15,202200054697B01,7,2,1,245400601
202200054698,2022-02-12,2022,février,samedi,13:35,78,78265,48.821126,1.756515,2,1,3,1,1,3,4,2,1,1,,-1,1,0,1,3,1,70,5,2,,0,2,9,17,202200054698B01,7,13,1,247800618
202200054715,2022-02-13,2022,février,dimanche,10:22,06,06128,43.684376,7.129365,1,3,3,1,1,3,2,2,2,1,,-1,1,0,1,4,1,60,5,1,2,0,2,1,1,202200054715B01,7,15,1,240600585
202200054717,2022-08-11,2022,août,jeudi,09:45,42,42147,45.604196,4.069547,2,1,1,1,1,4,1,1,1,1,,3,1,0,5,3,1,67,5,2,,0,9,1,1,202200054717B01,1,1,1,200065886
202200054717,2022-08-11,2022,août,jeudi,09:45,42,42147,45.604196,4.069547,2,1,1,1,1,4,1,1,1,1,,3,1,0,5,1,1,45,3,2,,0,9,1,1,202200054717A01,1,1,1,200065886
202200054722,2022-02-13,2022,février,dimanche,08:17,06,06122,43.745474,7.156751,2,6,6,1,1,7,2,2,1,1,,-1,1,5,1,3,1,70,5,1,2 / 6,0,2,2,17,202200054722B01,10,15,1,200030195
202200054725,2022-02-13,2022,février,dimanche,18:30,13,13100,43.794947,4.807361,1,1,2,3,2,3,2,2,1,1,,-1,2,0,1,3,1,23,5,2,,0,2,4,2,202200054725B01,7,2,1,241300375
202200054728,2022-06-02,2022,juin,jeudi,11:30,82,82094,44.243908,1.138362,1,1,3,1,1,3,2,2,2,3,,-1,1,0,1,3,1,56,5,1,2,0,2,7,13,202200054728B01,7,1,1,200040418
202200054730,2022-08-10,2022,août,mercredi,23:10,85,85113,46.712881,-2.344481,2,2,2,3,1,4,2,2,2,1,,5,1,0,1,4,1,46,5,2,,0,9,4,15,202200054730A01,1,1,1,
202200054730,2022-08-10,2022,août,mercredi,23:10,85,85113,46.712881,-2.344481,2,2,2,3,1,4,2,2,2,1,,5,1,0,1,4,1,48,5,2,,0,2,1,1,202200054730B01,1,15,1,
202200054735,2022-09-18,2022,septembre,dimanche,20:00,69,69383,45.74587,4.88696,2,1,3,5,1,4,1,1,1,1,,-1,1,0,5,4,1,31,0,2,,0,2,1,1,202200054735B01,7,16,1,200046977
202200054743,2022-01-03,2022,janvier,lundi,04:45,01,01043,45.821039,4.990545,2,6,3,5,5,3,1,0,1,3,,0,2,0,1,4,1,18,1,2,,0,2,7,1,202200054743B01,7,9,1,240100800
202200054744,2022-10-20,2022,octobre,jeudi,12:30,77,77307,48.8554,2.76868,2,3,3,1,1,3,3,2,1,1,,-1,1,0,1,4,1,29,9,1,2,0,2,2,1,202200054744B01,7,1,1,247700594
202200054759,2022-01-01,2022,janvier,samedi,12:00,35,35124,47.720518,-1.732464,2,6,3,1,1,3,2,2,2,1,,-1,1,5,1,4,1,69,5,1,2,0,2,5,9,202200054759A01,7,9,1,200070662
202200054783,2022-11-26,2022,novembre,samedi,11:15,75,75117,48.885315,2.316213,2,2,6,1,1,4,2,1,1,1,,-1,1,0,1,1,2,21,0,2,,0,1,1,1,202200054783A01,,,,200054781
202200054791,2022-06-01,2022,juin,mercredi,12:15,33,33395,45.261134,-0.756875,1,1,3,1,1,4,2,2,1,1,,-1,1,0,1,3,1,72,5,2,,0,2,8,1,202200054791B01,7,17,1,200069995
202200054817,2022-10-19,2022,octobre,mercredi,15:15,69,69266,45.76615,4.90153,2,1,1,1,1,4,1,2,1,1,,-1,1,9,6,4,1,41,0,2,,0,2,1,1,202200054817B01,7,17,1,200046977
202200054835,2022-11-26,2022,novembre,samedi,12:30,75,75112,48.848026,2.373832,2,3,3,1,1,4,1,2,1,1,,-1,1,0,1,4,1,30,5,2,,0,2,4,19,202200054835B01,7,16,1,200054781
202200054856,2022-11-26,2022,novembre,samedi,11:10,75,75111,48.85872,2.37858,2,2,3,1,1,4,3,2,1,1,,-1,1,0,5,4,1,28,5,2,,0,2,1,1,202200054856B01,7,22,1,200054781
202200054885,2022-06-03,2022,juin,vendredi,21:30,61,61230,48.529018,0.752547,2,1,7,2,1,4,1,1,1,1,,4,1,0,3,3,1,28,5,2,,15,0,0,5,202200054885A01,,,,200068856
202200054903,2022-03-24,2022,mars,jeudi,09:20,72,72181,47.9665657397,0.2197730539,2,1,1,1,1,4,2,2,1,1,,-1,1,0,1,3,1,65,5,2,,0,2,1,16,202200054903B01,37,1,1,247200132
202200054910,2022-11-25,2022,novembre,vendredi,22:15,75,75104,48.850447,2.360114,2,3,3,3,1,4,2,4,1,1,,-1,1,0,6,4,1,55,9,1,2,0,2,1,5,202200054910A01,7,15,1,200054781
202200054925,2022-10-20,2022,octobre,jeudi,08:32,56,56121,47.75015,-3.36185,2,2,3,1,1,4,2,2,1,1,,-1,2,0,1,4,1,17,2,1,2,0,2,7,1,202200054925B01,10,19,1,200042174
202200054935,2022-10-20,2022,octobre,jeudi,22:05,54,54482,48.7,6.20466,2,7,6,3,3,4,2,2,1,1,,-1,2,0,1,4,1,21,5,1,2,0,2,0,1,202200054935A01,7,0,1,245400676
202200055085,2022-09-17,2022,septembre,samedi,12:00,75,75106,48.846943,2.32686,2,4,3,1,1,4,2,2,1,1,,-1,1,0,1,4,1,32,5,1,2,0,2,1,1,202200055085B01,10,15,1,200054781
202200055091,2022-11-26,2022,novembre,samedi,15:15,34,34172,43.60166,3.852175,1,1,3,1,1,4,2,2,3,1,,-1,1,8,1,4,1,79,5,2,,0,2,1,1,202200055091B01,7,15,1,243400017
202200055125,2022-01-01,2022,janvier,samedi,16:30,75,75104,48.855644,2.348325,2,3,7,1,1,4,1,3,1,1,,-1,1,-1,5,4,1,21,5,2,,0,0,1,2,202200055125A01,,,,200054781
202200055142,2022-08-09,2022,août,mardi,10:40,69,69013,46.0188,4.70693,2,1,2,1,1,3,2,2,1,1,,-1,1,0,5,4,1,66,0,1,2,0,2,1,2,202200055142A01,7,23,1,200040590
202200055160,2022-03-25,2022,mars,vendredi,16:27,33,33063,44.84245,-0.55626,2,2,3,1,1,4,3,4,1,1,,-1,1,4,6,3,1,33,4,1,2,0,4,1,9,202200055160B01,40,1,1,243300316
202200055187,2022-10-20,2022,octobre,jeudi,08:55,33,33529,44.62214,-1.1603,1,1,4,1,1,3,2,2,1,1,,-1,1,5,1,4,1,58,1,1,2,0,2,1,1,202200055187C01,7,1,2,243300563
202200055252,2022-05-07,2022,mai,samedi,12:50,85,85201,46.437065,-1.32388,1,1,7,1,1,4,2,2,3,1,,-1,1,0,1,3,1,70,5,1,2,0,0,0,0,202200055252A01,,,,200071900
202200055263,2022-04-19,2022,avril,mardi,16:30,30,30223,44.178126,4.174976,1,3,5,1,1,3,2,2,1,1,,-1,1,0,1,4,1,56,5,1,2,0,2,8,15,202200055263C01,33,2,1,200066918
202200055263,2022-04-19,2022,avril,mardi,16:30,30,30223,44.178126,4.174976,1,3,5,1,1,3,2,2,1,1,,-1,1,0,1,2,1,55,0,1,2,0,0,4,11,202200055263B01,33,2,1,200066918
202200055266,2022-03-25,2022,mars,vendredi,21:13,10,10387,48.30284,4.08385,2,1,3,5,1,4,2,2,1,1,,-1,1,0,1,4,1,39,3,2,,0,2,1,26,202200055266B01,7,15,1,200069250
202300000025,2023-05-06,2023,mai,samedi,10:10,67,67465,48.79991,7.983214,2,1,3,1,1,3,2,2,1,1,,5.5,1,0,1,4,1,68,5,2,,0,0,0,2,202300000025C01,15,2,1,200041325
202300000033,2023-05-07,2023,mai,dimanche,12:30,29,29105,48.509735,-4.075059,2,1,3,1,1,4,2,2,2,1,,7,1,0,1,4,1,14,5,2,,0,2,0,2,202300000033B01,1,26,1,242900751
202300000033,2023-05-07,2023,mai,dimanche,12:30,29,29105,48.509735,-4.075059,2,1,3,1,1,4,2,2,2,1,,7,1,0,1,3,1,20,5,2,,0,2,0,26,202300000033A01,1,2,1,242900751
202300000042,2023-05-05,2023,mai,vendredi,12:15,17,17218,46.307338,-0.998664,2,1,6,1,1,4,2,2,1,1,,-1,1,0,4,1,1,17,5,1,9,0,1,1,2,202300000042A01,,,,200041499
202300000047,2023-05-08,2023,mai,lundi,07:45,34,34333,43.500985,3.786504,1,6,3,2,1,3,1,1,1,3,,3.5,1,0,1,4,1,45,5,1,2 / 6,0,0,7,0,202300000047A01,7,1,1,200066355
202300000049,2023-05-08,2023,mai,lundi,02:20,34,34172,43.601853,3.922441,1,1,4,3,1,1,3,3,1,1,,13.5,1,0,1,2,1,19,5,2,,0,0,4,0,202300000049C01,7,1,1,243400017
202300000049,2023-05-08,2023,mai,lundi,02:20,34,34172,43.601853,3.922441,1,1,4,3,1,1,3,3,1,1,,13.5,1,0,1,3,1,19,5,2,,0,0,6,0,202300000049B01,7,1,1,243400017
202300000064,2023-05-04,2023,mai,jeudi,15:50,33,33019,44.687508,-1.001371,2,1,3,1,1,3,-1,2,1,1,,-1,1,0,5,4,1,80,5,2,,0,2,1,1,202300000064A01,7,20,1,243301504
202300000118,2023-11-30,2023,novembre,jeudi,14:50,61,61369,48.62203,-0.638515,1,1,2,1,3,3,2,2,1,1,,7,2,0,1,3,1,63,5,1,2,0,2,4,2,202300000118B01,10,1,1,200071520
202300000221,2023-08-31,2023,août,jeudi,12:45,14,14724,49.268801,-0.157992,1,1,2,1,1,3,2,2,1,3,,7,2,0,1,4,1,62,5,1,2,0,0,6,2,202300000221B01,7,2,1,200065563
202300000286,2023-05-16,2023,mai,mardi,09:30,63,63113,45.7818,3.1054,2,1,3,1,1,4,2,2,1,1,,-1,1,1,1,3,2,20,0,1,2,0,2,1,1,202300000286B01,7,22,1,246300701
202300000296,2023-11-29,2023,novembre,mercredi,18:10,63,63113,45.7686,3.08975,2,1,7,5,1,4,1,1,2,1,,-1,1,0,6,4,1,24,0,2,,0,9,0,2,202300000296A01,,,,246300701
202300000304,2023-05-30,2023,mai,mardi,17:44,63,63032,45.7532,3.0898,2,1,3,1,1,4,2,3,1,1,,-1,1,0,1,3,1,11,0,2,,0,2,1,19,202300000304A01,7,1,1,246300701
202300000306,2023-05-30,2023,mai,mardi,18:59,63,63113,45.793093,3.068873,2,1,3,1,1,4,2,2,1,1,,-1,1,0,1,4,1,12,5,1,2,0,2,8,19,202300000306A01,33,1,1,246300701
202300000326,2023-05-16,2023,mai,mardi,09:36,63,63113,45.77867,3.11669,2,4,3,1,3,4,2,-1,1,1,,-1,2,0,1,4,2,30,1,1,2,0,2,7,1,202300000326B01,7,16,1,246300701
202300000465,2023-06-08,2023,juin,jeudi,10:15,86,86214,46.560415,0.368224,2,6,3,1,1,3,-1,0,1,2,,-1,1,0,1,4,2,21,1,1,2,0,2,2,1,202300000465B01,10,1,1,200069854
202300000484,2023-06-08,2023,juin,jeudi,12:35,59,59178,50.40124,3.12581,2,1,1,1,1,3,2,2,1,1,,-1,1,0,1,3,2,58,0,2,,0,2,1,1,202300000484B01,7,13,1,200044618
202300000489,2023-06-09,2023,juin,vendredi,11:40,54,54575,49.472,5.83868,1,1,2,1,1,3,2,2,1,1,,7,1,0,1,3,1,38,5,1,2,0,2,1,1,202300000489A01,7,2,1,245400262
202300000499,2023-10-26,2023,octobre,jeudi,15:05,971,97120,16.23383207,-61.53271258,2,9,6,1,2,3,1,1,1,1,,-1,2,0,1,1,1,20,5,2,,0,1,1,5,202300000499A01,,,,200018653
202300000671,2023-08-24,2023,août,jeudi,09:30,41,41031,47.533881,1.416187,1,9,3,1,1,4,2,2,2,4,,7,1,0,1,3,1,81,5,1,2 / 4 / 9,0,2,0,26,202300000671B01,7,17,1,200030385
202300000709,2023-05-06,2023,mai,samedi,12:30,14,14118,49.197223,-0.396616,2,1,1,1,2,3,3,4,1,1,,-1,2,0,5,4,2,22,0,1,2,0,0,7,1,202300000709Y01,7,19,1,200065597
202300000754,2023-05-05,2023,mai,vendredi,09:30,29,29186,48.629941,-3.830865,1,1,4,1,2,3,2,2,2,1,,6,2,0,1,4,1,63,5,1,2,0,2,0,1,202300000754A01,1,1,3,242900835