Num_Acc,date,an,mois,jour,hrmn,dep,com,lat,long,agg,int,col,lum,atm,catr,circ,nbv,prof,plan,lartpc,larrout,surf,infra,situ,grav,sexe,age,trajet,secuexist,equipement,obs,obsm,choc,manv,vehiculeid,typevehicules,manoeuvehicules,numVehicules,_infos_commune.code_epci
202300000754,2023-05-05,2023,mai,vendredi,09:30,29,29186,48.629941,-3.830865,1,1,4,1,2,3,2,2,2,1,,6,2,0,1,3,1,76,5,1,2,0,2,0,1,202300000754B01,1,1,3,242900835
202300000754,2023-05-05,2023,mai,vendredi,09:30,29,29186,48.629941,-3.830865,1,1,4,1,2,3,2,2,2,1,,6,2,0,1,4,1,66,5,1,2,0,2,0,1,202300000754C01,1,1,3,242900835
202300000754,2023-05-05,2023,mai,vendredi,09:30,29,29186,48.629941,-3.830865,1,1,4,1,2,3,2,2,2,1,,6,2,0,1,4,1,69,5,1,2,0,2,0,1,202300000754D01,1,1,3,242900835
202300000821,2023-05-07,2023,mai,dimanche,15:20,16,16077,45.642837,0.019146,1,4,1,1,1,4,2,2,4,2,,3,1,0,1,3,2,58,0,1,2,0,2,1,15,202300000821B01,7,1,1,200070514
202300000839,2023-11-29,2023,novembre,mercredi,09:50,49,49055,47.521486,-0.572104,1,6,2,1,1,3,1,2,1,2,,7,1,0,1,4,1,46,1,2,,0,0,4,1,202300000839B01,7,1,1,244900015
202300000899,2023-03-27,2023,mars,lundi,10:50,76,76517,49.522179,1.136232,1,2,3,1,1,3,2,2,1,1,,-1,1,0,1,4,1,64,5,1,2 / 6,0,2,1,1,202300000899A01,7,19,1,200070449
202300000900,2023-03-29,2023,mars,mercredi,17:00,80,80512,50.086429,1.816171,2,1,2,1,1,3,2,2,1,1,,-1,1,0,1,3,1,64,5,1,2,0,0,1,2,202300000900A01,7,2,1,200070993
202300000913,2023-03-28,2023,mars,mardi,13:30,55,55166,49.112759,5.386466,2,4,3,1,1,3,2,2,2,3,,4,1,0,1,4,1,64,5,1,2 / 6,0,2,1,1,202300000913B01,10,1,1,200066165
202300000919,2023-11-29,2023,novembre,mercredi,17:30,45,45028,47.779046,1.629233,2,1,3,5,1,3,2,2,2,1,,7,1,9,1,4,1,13,0,2,,0,2,1,19,202300000919A01,7,1,1,200070183
202300000921,2023-03-28,2023,mars,mardi,08:00,86,86129,46.842827,0.752093,1,1,3,1,1,3,2,2,2,1,,5.5,1,0,1,3,1,28,9,2,,0,2,8,1,202300000921B01,10,1,1,248600413
202300000926,2023-03-28,2023,mars,mardi,07:40,68,68284,47.538869,7.328857,2,5,3,1,1,4,3,2,1,1,,-1,1,0,1,4,2,47,5,1,2,0,2,1,0,202300000926B01,7,15,1,200066041
202300000933,2023-11-29,2023,novembre,mercredi,22:10,13,13027,43.869095,4.812312,1,1,2,3,2,3,2,2,1,1,,7,2,0,1,3,1,23,4,2,,0,0,4,1,202300000933B01,15,2,1,200035087
202300000950,2023-05-05,2023,mai,vendredi,13:20,95,95427,48.976171,2.352461,2,1,3,1,1,3,2,2,1,1,,-1,1,0,1,3,1,10,2,2,,0,2,2,0,202300000950B01,7,0,1,200056380
202300000953,2023-11-30,2023,novembre,jeudi,12:30,76,76164,49.524359,0.735784,1,1,2,1,1,3,2,2,1,1,,7,1,0,1,3,1,72,0,1,2,0,2,1,2,202300000953B01,7,2,1,200010700
202300000997,2023-06-06,2023,juin,mardi,19:30,73,73008,45.68722,5.91399,2,1,6,1,1,4,1,1,2,1,,-1,1,0,1,1,1,23,0,2,,0,1,1,1,202300000997A01,,,,200068674
202300001008,2023-03-27,2023,mars,lundi,10:30,26,26179,45.058515,4.866955,1,6,3,1,1,3,2,2,1,3,,7,1,0,1,2,2,68,5,1,2,0,2,2,1,202300001008B01,7,9,1,200073096
202300001017,2023-03-28,2023,mars,mardi,08:15,60,60157,49.384328,2.398608,2,1,3,1,1,3,2,2,1,1,,-1,1,0,1,4,1,12,2,2,,0,2,7,19,202300001017B01,7,1,1,246000376
202300001020,2023-03-27,2023,mars,lundi,14:28,59,59452,50.459292,3.033957,2,1,1,1,1,4,2,2,1,1,,-1,1,0,1,3,1,87,5,2,,0,2,4,1,202300001020B01,7,20,1,200041960
202300001055,2023-05-04,2023,mai,jeudi,13:15,54,54395,48.685609,6.195661,2,2,3,1,1,4,1,2,1,1,,-1,1,0,1,4,2,66,0,2,,0,2,1,19,202300001055B01,7,1,1,245400676
202300001144,2023-11-27,2023,novembre,lundi,10:45,51,51454,49.258899,4.037484,2,3,3,1,2,4,1,-1,1,1,,-1,2,-1,1,3,1,27,1,2,,0,2,8,1,202300001144B01,10,16,1,200067213
202300001163,2023-11-28,2023,novembre,mardi,13:15,47,47001,44.19917759,0.62631082,2,2,3,1,1,3,2,2,1,1,,-1,1,0,1,4,2,36,1,2,,0,2,7,15,202300001163A01,7,1,1,200096956
202300001172,2023-05-05,2023,mai,vendredi,20:05,17,17333,45.612765,-0.991204,2,6,3,1,1,4,1,1,1,1,,-1,1,9,1,4,2,55,5,2,,0,2,7,9,202300001172B01,37,21,1,241700640
202300001191,2023-07-11,2023,juillet,mardi,16:10,91,91044,48.683113,2.284958,2,1,1,1,1,3,3,2,2,3,,-1,1,9,5,3,2,53,5,1,2,0,2,8,1,202300001191B01,7,9,1,200056232
202300001204,2023-03-28,2023,mars,mardi,17:00,72,72241,48.052353,0.392278,2,1,2,1,1,3,2,2,2,1,,-1,1,0,1,4,1,79,5,1,2,0,2,1,1,202300001204A01,7,1,1,200072684
202300001344,2023-10-28,2023,octobre,samedi,09:50,13,13041,43.445751,5.523519,1,4,3,1,7,3,2,-1,1,1,,-1,1,0,1,3,1,52,5,1,2,0,2,1,2,202300001344B01,7,15,1,200054807
202300001365,2023-06-10,2023,juin,samedi,10:43,69,69279,45.791064,5.039833,2,3,3,1,1,4,2,2,1,1,,-1,1,0,1,3,2,12,5,1,2 / 4,0,2,8,9,202300001365B01,7,0,1,200046977
202300001387,2023-06-08,2023,juin,jeudi,19:01,77,77524,48.445305,3.163408,1,2,3,1,1,3,2,2,1,1,,5,1,0,1,4,2,33,5,1,2,0,2,8,1,202300001387B01,7,19,1,200040251
202300001393,2023-03-26,2023,mars,dimanche,13:10,06,06069,43.65055,6.9223,2,6,3,1,1,4,2,2,3,1,,-1,1,9,8,4,2,44,5,1,2,0,2,1,26,202300001393B01,7,9,1,200039857
202300001404,2023-06-09,2023,juin,vendredi,11:45,49,49214,47.530082,-0.621167,2,6,3,1,1,4,-1,2,1,1,,-1,1,5,1,3,2,79,5,1,2,0,0,7,1,202300001404B01,7,9,1,244900015
202300001408,2023-06-09,2023,juin,vendredi,12:52,12,12209,44.692874,2.699048,1,1,3,1,2,3,2,2,2,4,,4,2,0,1,3,1,70,0,1,2,0,2,3,1,202300001408B01,7,13,1,200067171
202300001423,2023-06-10,2023,juin,samedi,10:35,38,38134,45.43817,5.005526,1,1,3,1,1,3,2,2,2,1,,7,1,0,1,3,1,62,5,1,2,0,0,8,1,202300001423B01,7,2,1,200085751
202300001460,2023-06-09,2023,juin,vendredi,08:18,87,87187,45.500541,1.203847,2,1,7,1,1,4,2,2,2,1,,-1,1,0,1,3,1,10,2,1,2,14,0,1,1,202300001460A01,,,,248700189
202300001464,2023-10-18,2023,octobre,mercredi,20:42,63,63113,45.79027498,3.08345139,2,2,3,5,2,7,3,6,2,1,,0,2,0,8,4,2,52,1,2,,0,2,1,1,202300001464B01,7,15,1,246300701
202300001485,2023-05-26,2023,mai,vendredi,15:45,45,45273,47.870231,2.125809,2,1,3,1,1,3,2,2,1,1,,5.5,1,2,6,3,1,64,5,2,,0,2,1,19,202300001485B01,10,1,1,244500427
202300001518,2023-09-03,2023,septembre,dimanche,20:40,63,63113,45.779,3.09198,2,7,3,2,1,4,2,4,1,1,,-1,1,0,1,4,1,20,-1,1,2,0,2,1,1,202300001518B01,3,19,1,246300701
202300001546,2023-06-04,2023,juin,dimanche,10:10,83,83069,43.10665,6.12169,2,1,6,1,1,4,2,2,2,1,,-1,1,0,1,4,1,49,0,1,2,0,0,0,0,202300001546B01,,,,248300543
202300001618,2023-10-12,2023,octobre,jeudi,12:00,32,32426,43.487566,0.604415,1,1,3,1,7,3,2,2,2,4,,6,1,0,5,4,1,64,5,1,2 / 6 / 9,0,2,9,1,202300001618B01,7,2,1,200072320
202300001621,2023-10-24,2023,octobre,mardi,15:30,62,62654,50.91400471,1.74475551,1,3,7,1,1,3,2,-1,1,1,,-1,1,0,1,2,1,74,5,1,2,0,0,0,1,202300001621A01,,,,200090751
202300001631,2023-06-04,2023,juin,dimanche,14:00,25,25619,46.715578,6.247964,1,1,7,1,1,4,2,2,1,1,,-1,1,0,1,2,1,66,5,1,2,0,0,1,1,202300001631A01,,,,200069565
202300001670,2023-09-07,2023,septembre,jeudi,08:12,34,34192,43.530314,3.936791,2,4,3,1,1,4,2,2,1,1,,-1,1,0,5,3,1,81,5,2,,0,0,8,1,202300001670B01,7,15,1,243400470
202300001690,2023-10-27,2023,octobre,vendredi,13:30,38,38486,45.152265,5.682554,2,1,3,1,1,4,2,2,2,1,,-1,1,0,1,3,1,51,5,1,2,0,2,1,0,202300001690B01,7,1,1,200040715
202300001704,2023-10-27,2023,octobre,vendredi,07:10,26,26250,45.019896,4.895447,1,1,2,2,1,3,-1,2,1,1,,7,2,0,3,3,1,23,1,2,,0,2,4,1,202300001704B01,7,1,1,200073096
202300001738,2023-09-26,2023,septembre,mardi,15:40,42,42214,45.67251,4.294172,2,3,7,1,1,3,2,2,1,1,,5.5,1,0,1,3,1,78,0,2,,0,0,8,1,202300001738A01,7,15,1,200065894
202300001750,2023-09-21,2023,septembre,jeudi,13:15,31,31291,43.590439,1.230844,1,1,3,1,1,3,2,2,1,1,,-1,1,0,1,3,1,41,5,1,2,0,2,1,1,202300001750B01,10,15,1,243100781
202300001755,2023-07-20,2023,juillet,jeudi,07:50,74,74010,45.933421,6.128646,2,1,3,1,7,3,2,2,1,1,,7,1,0,1,3,1,34,1,1,2,0,0,7,19,202300001755B01,7,1,1,200066793
202300001756,2023-08-19,2023,août,samedi,09:30,74,74275,45.851566,6.216062,2,4,3,1,1,3,2,-1,2,1,,-1,1,0,1,3,1,31,5,1,2 / 6,0,2,1,1,202300001756B01,7,5,1,200066793
202300001780,2023-09-24,2023,septembre,dimanche,10:40,971,97101,16.24524531,-61.53001964,2,3,1,1,1,3,1,2,1,1,,-1,1,0,1,4,1,12,0,2,,0,2,1,5,202300001780B01,7,1,1,200018653
202300001813,2023-09-23,2023,septembre,samedi,17:20,17,17306,45.64093,-1.02475,2,1,3,1,1,3,2,2,1,1,,-1,1,0,1,4,1,25,1,2,,0,2,6,9,202300001813B01,33,1,1,241700640
202300001845,2023-10-24,2023,octobre,mardi,17:50,54,54547,48.66067,6.18386,2,1,2,2,1,4,2,2,1,1,,-1,1,0,1,4,1,69,5,2,,0,2,4,2,202300001845B01,7,2,1,245400676
202300001939,2023-09-25,2023,septembre,lundi,16:50,41,41280,47.321036,1.777782,1,1,3,1,1,4,2,2,1,3,,-1,1,0,3,4,1,66,5,2,,0,2,7,13,202300001939B01,7,14,1,200018406
202300001988,2023-10-17,2023,octobre,mardi,16:06,21,21132,47.225106,4.908786,1,1,7,1,1,3,2,2,1,2,,-1,1,0,8,2,1,73,5,1,2,0,0,0,1,202300001988A01,,,,200070894
202300001996,2023-09-25,2023,septembre,lundi,15:30,48,48092,44.571706,3.284618,2,4,3,1,1,3,2,1,2,2,,3,1,0,1,3,1,47,5,1,2,0,2,1,1,202300001996B01,7,15,1,244800470
202300002001,2023-09-24,2023,septembre,dimanche,08:15,24,24370,44.844958,0.156952,2,1,2,2,7,3,2,2,1,1,,7,1,0,1,3,1,59,0,2,,0,0,4,2,202300002001B01,7,2,1,200034197
202300002008,2023-09-23,2023,septembre,samedi,10:35,11,11202,42.853548,3.035429,2,6,3,1,1,4,1,2,1,2,,-1,1,0,5,4,1,67,5,2,,0,0,8,26,202300002008A01,33,26,1,241100593
202300002019,2023-09-25,2023,septembre,lundi,09:20,77,77153,49.054271,2.694208,2,9,1,1,1,3,2,3,2,1,,-1,1,0,1,2,1,61,5,1,2 / 6,0,2,1,17,202300002019B01,7,1,1,200055655
202300002024,2023-09-24,2023,septembre,dimanche,11:40,04,04152,43.808955,5.724456,1,1,7,1,1,4,2,2,2,3,,-1,9,0,1,3,1,70,5,1,2,0,0,0,26,202300002024A01,,,,200034700
202300002027,2023-09-25,2023,septembre,lundi,08:10,54,54519,48.41207632,6.81017697,2,1,1,2,1,3,2,2,1,1,,5.5,1,0,4,4,1,4,2,1,2,0,2,0,25,202300002027B01,7,14,1,200070324
202300002028,2023-09-06,2023,septembre,mercredi,08:20,69,69056,45.888739,4.613131,2,3,3,1,7,3,2,2,1,2,,-1,1,0,5,3,1,78,5,1,2,0,2,8,1,202300002028B01,10,15,1,200040574
202300002083,2023-08-23,2023,août,mercredi,12:55,39,39437,46.718145,5.785612,1,1,5,1,1,3,2,2,1,1,,7,1,0,1,3,1,24,9,1,2,0,2,4,1,202300002083B01,13,1,1,200069623
202300002083,2023-08-23,2023,août,mercredi,12:55,39,39437,46.718145,5.785612,1,1,5,1,1,3,2,2,1,1,,7,1,0,1,3,1,22,9,2,,0,2,4,1,202300002083C01,13,1,1,200069623
202300002111,2023-08-22,2023,août,mardi,09:27,65,65470,43.064855,-0.043194,1,3,1,1,1,3,1,1,2,3,,-1,1,3,1,3,1,63,5,1,2,0,2,1,1,202300002111B01,14,15,1,200069300
202300002121,2023-08-22,2023,août,mardi,07:42,29,29202,48.41206091,-3.8953865,1,6,2,2,1,3,2,2,1,3,,8,1,0,1,3,1,46,5,1,2,0,2,4,1,202300002121B01,7,9,1,242900835
202300002131,2023-08-23,2023,août,mercredi,09:45,72,72386,48.00147363,0.2462554,2,6,3,1,7,3,2,1,1,2,,-1,1,0,1,3,2,69,0,1,2,0,0,2,26,202300002131B01,7,9,1,247200132
202300002184,2023-11-04,2023,novembre,samedi,17:00,34,34150,43.320635,3.53624,2,1,3,2,1,4,2,2,1,1,,-1,1,5,5,3,1,74,5,1,2,0,2,7,19,202300002184B01,10,16,1,200066355
202300002241,2023-05-06,2023,mai,samedi,17:40,61,61298,48.759852,-0.066014,2,2,3,1,2,4,2,2,1,4,,-1,2,0,1,4,1,49,5,1,2 / 4,0,2,1,1,202300002241B01,10,15,1,200068450
202300002260,2023-04-29,2023,avril,samedi,15:10,36,36220,46.62610475,1.45917556,1,1,3,1,1,3,2,2,4,3,,4,1,0,1,4,1,36,5,1,2,0,2,1,1,202300002260A01,21,1,1,243600319
202300002338,2023-05-04,2023,mai,jeudi,16:15,973,97302,4.92895,-52.29993,2,3,3,1,1,3,2,2,1,1,,-1,1,0,1,4,1,20,9,2,,0,2,1,2,202300002338B01,7,19,1,249730045
202300002352,2023-05-03,2023,mai,mercredi,18:30,91,91345,48.68791,2.32079,2,4,3,1,9,4,2,2,1,1,,-1,1,0,1,4,1,50,0,2,,0,2,2,1,202300002352B01,7,15,1,200056232
202300002539,2023-05-04,2023,mai,jeudi,10:10,75,75112,48.8453,2.379516,2,1,6,1,1,4,2,2,1,1,,-1,1,6,5,1,-1,2023,-1,2,,0,2,4,1,202300002539Z01,1,1,1,200054781
202300002551,2023-11-27,2023,novembre,lundi,18:05,11,11067,43.22753,2.84702,2,3,3,5,1,3,1,-1,1,1,,-1,1,0,1,4,1,5,5,1,2,1,0,0,1,202300002551B01,7,1,1,200035863
202300002683,2023-12-14,2023,décembre,jeudi,15:05,57,57370,49.391522,6.271498,2,6,3,1,8,3,2,2,1,1,,7,1,0,1,4,1,64,5,1,2,0,0,7,15,202300002683A01,10,19,1,245701354
202300002696,2023-12-27,2023,décembre,mercredi,11:40,44,44143,47.18128384,-1.54516126,2,1,6,1,8,4,2,2,1,1,,-1,1,0,1,4,2,54,0,1,2,1,0,0,1,202300002696A01,,,,244400404
202300002702,2023-12-21,2023,décembre,jeudi,09:20,44,44109,47.21460505,-1.53764375,2,6,3,1,8,4,2,2,1,1,,-1,1,5,1,4,1,25,0,2,,0,2,8,1,202300002702B01,7,1,1,244400404
202300002709,2023-12-19,2023,décembre,mardi,07:30,44,44109,47.21470921,-1.53786936,2,6,3,2,8,4,2,2,1,1,,-1,1,5,1,4,1,28,0,2,,0,2,0,0,202300002709B01,7,0,1,244400404
202300002731,2023-12-18,2023,décembre,lundi,18:10,44,44109,47.2080671,-1.52697702,2,3,3,5,8,4,2,2,1,1,,-1,1,5,1,4,1,54,0,2,,0,2,0,1,202300002731B01,7,0,1,244400404
202300002740,2023-12-15,2023,décembre,vendredi,15:30,44,44109,47.21631892,-1.55622352,2,1,6,1,8,4,2,1,1,1,,-1,1,6,1,1,1,20,0,2,,0,1,0,0,202300002740A01,,,,244400404
202300002765,2023-12-08,2023,décembre,vendredi,19:49,44,44109,47.219707,-1.5555997,2,1,7,5,8,4,-1,2,1,2,,-1,1,-1,1,4,2,37,0,2,,0,0,0,21,202300002765A01,,,,244400404
202300002774,2023-12-06,2023,décembre,mercredi,09:50,44,44109,47.23565091,-1.56888092,2,1,7,1,1,4,2,2,1,1,,-1,1,-1,1,4,2,52,0,2,,0,0,0,21,202300002774A01,,,,244400404
202300002841,2023-06-08,2023,juin,jeudi,08:29,06,06161,43.654772,7.12505,2,1,3,1,1,3,2,2,1,1,,-1,1,0,1,4,1,79,0,1,2,0,2,8,1,202300002841B01,7,16,1,240600585
202300002853,2023-11-08,2023,novembre,mercredi,09:25,44,44109,47.20168532,-1.55390251,2,1,3,1,8,4,2,2,1,1,,-1,1,-1,1,4,2,22,0,2,,0,2,0,0,202300002853B01,7,1,1,244400404
202300002876,2023-03-25,2023,mars,samedi,15:00,80,80668,49.787002,2.379428,2,1,1,1,6,4,1,2,1,1,,5,1,0,1,3,1,42,5,1,2,0,2,1,1,202300002876C01,7,5,1,248000531
202300002876,2023-03-25,2023,mars,samedi,15:00,80,80668,49.787002,2.379428,2,1,1,1,6,4,1,2,1,1,,5,1,0,1,1,1,44,5,1,2,0,2,1,1,202300002876B01,7,5,1,248000531
202300002876,2023-03-25,2023,mars,samedi,15:00,80,80668,49.787002,2.379428,2,1,1,1,6,4,1,2,1,1,,5,1,0,1,1,1,52,5,1,2,0,2,1,1,202300002876D01,7,5,1,248000531
202300002892,2023-11-07,2023,novembre,mardi,08:45,44,44109,47.22399688,-1.58443897,2,3,3,1,1,4,2,2,2,1,,-1,1,-1,1,4,1,34,0,2,,0,2,8,1,202300002892B01,7,15,1,244400404
202300002916,2023-10-28,2023,octobre,samedi,02:15,44,44109,47.19452023,-1.53292799,2,1,3,5,8,4,2,2,1,1,,-1,1,-1,1,4,1,16,0,2,,0,2,7,1,202300002916B01,7,26,1,244400404
202300002949,2023-06-07,2023,juin,mercredi,16:30,03,03093,46.185492,3.465364,1,1,2,1,1,3,2,1,2,1,,3,1,0,5,4,1,16,5,1,2,0,2,1,2,202300002949A01,1,2,1,200071363
202300002949,2023-06-07,2023,juin,mercredi,16:30,03,03093,46.185492,3.465364,1,1,2,1,1,3,2,1,2,1,,3,1,0,5,3,1,48,5,1,2,0,2,4,2,202300002949B01,1,2,1,200071363
202300002960,2023-10-21,2023,octobre,samedi,19:11,44,44109,47.22190912,-1.57879487,2,6,3,4,1,4,-1,2,1,1,,-1,1,-1,1,4,1,23,0,2,,0,2,1,1,202300002960B01,7,15,1,244400404
202300002983,2023-10-19,2023,octobre,jeudi,17:07,44,44109,47.2164812,-1.5468106,2,1,6,1,1,4,-1,2,1,1,,-1,1,0,1,4,2,38,0,2,,14,0,0,1,202300002983A01,,,,244400404
202300002992,2023-10-14,2023,octobre,samedi,19:15,44,44143,47.18658072,-1.55722553,2,1,7,1,1,4,2,2,1,3,,-1,1,-1,1,4,1,9,0,2,,0,0,0,0,202300002992A01,,,,244400404
202300003011,2023-10-04,2023,octobre,mercredi,06:20,44,44109,47.21398575,-1.55315757,2,1,7,2,1,4,-1,2,1,1,,-1,1,6,1,4,1,44,0,2,,0,0,0,0,202300003011A01,,,,244400404
202300003014,2023-10-04,2023,octobre,mercredi,12:25,44,44109,47.20572266,-1.54879645,2,2,3,1,8,4,2,2,1,1,,-1,1,5,1,4,1,60,0,2,,0,2,0,5,202300003014B01,7,1,1,244400404
202300003018,2023-06-08,2023,juin,jeudi,15:30,30,30227,44.26058,4.198081,2,1,2,1,1,9,2,2,1,1,,-1,1,9,1,4,1,61,5,2,,0,2,4,1,202300003018A01,7,2,1,200035129
202300003021,2023-10-03,2023,octobre,mardi,07:40,44,44162,47.24410805,-1.60646591,2,1,3,5,8,4,2,2,1,1,,-1,1,0,1,4,2,55,0,2,,0,2,8,1,202300003021B01,7,1,1,244400404
202300003048,2023-09-27,2023,septembre,mercredi,12:20,44,44109,47.23863287,-1.53202195,2,1,3,1,8,4,2,2,1,1,,-1,1,-1,1,4,1,24,0,2,,0,2,8,21,202300003048B01,7,21,1,244400404
202300003053,2023-06-08,2023,juin,jeudi,14:30,2B,2B084,42.567214,8.883111,1,1,7,1,1,3,2,2,2,1,,4,1,0,1,4,1,17,5,2,,13,0,0,1,202300003053A01,,,,242020105
202300003054,2023-09-18,2023,septembre,lundi,14:30,44,44109,47.2748123,-1.51388542,2,6,6,1,8,4,2,2,1,4,,-1,1,5,1,4,1,41,0,2,,12,0,0,0,202300003054A01,,,,244400404
202300003055,2023-08-21,2023,août,lundi,07:20,01,01142,45.846129,5.065561,2,6,3,1,7,3,1,2,1,2,,5,1,0,1,4,1,54,1,1,2,0,0,2,2,202300003055B01,7,2,1,240100610
202300003056,2023-09-18,2023,septembre,lundi,18:15,44,44109,47.24483254,-1.56136558,2,6,7,1,1,4,2,2,1,4,,-1,1,5,1,4,1,23,0,2,,0,0,0,0,202300003056A01,,,,244400404
202300003057,2023-06-09,2023,juin,vendredi,15:20,66,66171,42.6363332,3.00003737,2,1,2,1,1,4,2,2,1,1,,-1,1,0,1,3,1,46,1,2,,0,0,4,15,202300003057B01,7,2,1,246600282
202300003062,2023-09-17,2023,septembre,dimanche,04:31,44,44109,47.23022271,-1.56325373,2,1,3,5,8,4,2,2,1,1,,-1,1,0,1,4,2,21,0,2,,0,2,8,1,202300003062B01,7,2,1,244400404
202300003065,2023-09-16,2023,septembre,samedi,10:30,44,44109,47.23373837,-1.53610223,2,1,6,1,8,4,2,2,1,1,,-1,1,5,1,1,1,41,0,2,,0,1,1,1,202300003065A01,,,,244400404
202300003077,2023-09-13,2023,septembre,mercredi,11:05,44,44109,47.18768145,-1.52037935,2,6,3,1,8,4,2,2,1,1,,-1,1,5,1,4,1,80,0,2,,0,2,0,1,202300003077B01,7,1,1,244400404
202300003083,2023-09-09,2023,septembre,samedi,00:05,44,44190,47.20953615,-1.5096999,2,6,3,5,8,4,2,2,1,1,,-1,1,-1,1,1,1,38,0,2,,0,2,0,1,202300003083B01,50,1,1,244400404
202300003095,2023-09-05,2023,septembre,mardi,20:49,44,44109,47.22842837,-1.52626834,2,2,3,1,1,4,2,2,1,1,,-1,1,5,1,4,2,31,0,2,,0,2,8,1,202300003095A01,7,1,1,244400404
202300003097,2023-09-04,2023,septembre,lundi,19:10,44,44109,47.19705341,-1.54011151,2,6,7,1,8,4,2,2,1,1,,-1,1,5,1,4,1,68,0,2,,0,0,0,0,202300003097A01,,,,244400404
202300003104,2023-06-08,2023,juin,jeudi,16:50,22,22179,48.642529,-2.391779,1,1,7,1,1,3,2,2,2,1,,-1,1,0,1,2,2,36,5,2,,0,0,0,0,202300003104A01,,,,200068989
202300003110,2023-08-17,2023,août,jeudi,12:35,44,44162,47.21731467,-1.61206237,2,6,7,1,8,4,2,2,1,1,,-1,1,5,1,4,1,52,0,2,,0,0,0,1,202300003110A01,,,,244400404
202300003116,2023-08-11,2023,août,vendredi,13:01,44,44109,47.21943029,-1.53478702,2,3,3,1,8,4,2,2,1,1,,-1,2,5,1,4,2,33,0,2,,0,2,1,26,202300003116A01,10,1,1,244400404
202300003124,2023-08-09,2023,août,mercredi,18:10,44,44109,47.2333119,-1.56584948,2,1,3,1,8,4,2,2,1,1,,-1,1,0,1,4,1,21,0,2,,0,2,8,1,202300003124C01,7,15,1,244400404
202300003126,2023-07-23,2023,juillet,dimanche,20:40,44,44109,47.25840765,-1.51722206,2,1,3,1,1,4,2,4,1,1,,-1,1,-1,1,4,1,33,0,2,,0,2,0,0,202300003126B01,7,1,1,244400404
202300003129,2023-10-01,2023,octobre,dimanche,10:45,39,39441,46.419196,6.060109,1,1,7,1,1,3,2,2,2,1,,5,1,0,3,2,1,54,5,1,2,0,0,0,1,202300003129A01,,,,243900354
202300003296,2023-02-10,2023,février,vendredi,07:30,59,59271,51.022136,2.31388,2,4,3,5,5,4,2,1,1,1,,-1,2,0,5,3,1,55,1,2,,0,2,1,1,202300003296B01,7,19,1,245900428
202300003298,2023-02-11,2023,février,samedi,11:00,56,56121,47.74521,-3.36598,2,6,2,1,1,4,2,2,1,1,,-1,1,5,1,4,1,48,1,2,,0,2,4,1,202300003298A01,7,2,1,200042174
202300003315,2023-08-22,2023,août,mardi,08:35,93,93064,48.87730355,2.47539173,2,6,2,1,1,3,2,3,1,2,,-1,1,0,1,3,1,45,0,2,,0,2,4,0,202300003315P01,10,0,1,200054781
202300003374,2023-10-24,2023,octobre,mardi,10:50,69,69152,45.70944,4.82128,2,1,7,1,3,4,2,3,1,1,,-1,2,0,5,3,2,71,5,2,,0,0,3,1,202300003374A01,,,,
202300003379,2023-08-23,2023,août,mercredi,09:35,2B,2B252,42.438882,9.453746,1,1,7,1,7,3,2,2,2,3,,6,1,0,1,3,1,67,5,1,2 / 9,0,0,0,0,202300003379A01,,,,200073252
202300003382,2023-08-23,2023,août,mercredi,07:40,2B,2B346,42.508505,9.471561,1,6,3,1,7,3,1,1,1,2,,3.5,1,0,1,4,1,72,5,2,,0,2,1,1,202300003382B01,7,9,1,200073252
202300003392,2023-08-21,2023,août,lundi,10:30,71,71157,46.493063,5.390393,2,2,3,1,1,4,2,2,2,1,,-1,1,0,1,3,1,83,5,2,,0,2,7,1,202300003392B01,7,9,1,200071579
202300003421,2023-08-23,2023,août,mercredi,15:45,50,50216,49.22808,-1.215663,1,4,1,1,1,3,2,-1,1,3,,-1,1,0,1,2,1,71,5,1,2,0,2,1,1,202300003421B01,21,15,1,200066389
202300003434,2023-08-21,2023,août,lundi,12:00,24,24086,44.802082,1.133398,2,3,3,1,1,4,2,-1,1,1,,-1,1,0,1,3,1,43,5,1,2,0,2,1,1,202300003434B01,7,15,1,200041440
202300003525,2023-09-24,2023,septembre,dimanche,02:40,59,59183,51.03292267,2.35862881,2,1,6,5,1,4,2,2,1,1,,-1,1,0,1,3,1,34,0,2,,0,2,0,0,202300003525A01,7,26,1,245900428
202300003651,2023-10-25,2023,octobre,mercredi,19:45,68,68112,47.902869,7.226804,2,3,1,5,2,3,2,-1,1,1,,-1,2,0,1,4,1,36,1,2,,0,2,1,1,202300003651B01,7,15,1,246800569
202300003665,2023-09-22,2023,septembre,vendredi,08:35,06,06018,43.633765,7.081525,1,3,1,1,8,3,2,1,1,1,,-1,2,5,1,4,2,24,4,1,2 / 6,0,2,1,1,202300003665B01,7,15,1,240600585