Num_Acc,date,an,mois,jour,hrmn,dep,com,lat,long,agg,int,col,lum,atm,catr,circ,nbv,prof,plan,lartpc,larrout,surf,infra,situ,grav,sexe,age,trajet,secuexist,equipement,obs,obsm,choc,manv,vehiculeid,typevehicules,manoeuvehicules,numVehicules,_infos_commune.code_epci
202300003674,2023-09-24,2023,septembre,dimanche,11:30,29,29147,47.895072,-3.592674,1,1,1,1,1,4,2,2,1,1,,-1,1,0,1,4,1,64,5,1,2 / 6,-1,2,1,13,202300003674A01,7,1,1,242900694
202300003690,2023-10-24,2023,octobre,mardi,07:30,43,43112,45.087718,3.508855,1,1,3,3,2,3,2,2,2,1,,7,2,0,1,3,1,53,5,2,,0,0,0,2,202300003690B01,7,2,1,200073393
202300003697,2023-09-23,2023,septembre,samedi,11:55,69,69039,45.982389,4.507739,2,3,3,1,1,3,2,2,1,1,,-1,1,0,1,4,1,10,5,2,,0,2,1,15,202300003697B01,7,1,1,200040574
202300003753,2023-10-23,2023,octobre,lundi,15:44,22,22198,48.782204,-3.490439,1,3,3,1,8,3,2,1,1,1,,5,1,0,1,3,1,72,0,1,2,0,2,7,1,202300003753B01,7,26,1,200065928
202300003761,2023-10-24,2023,octobre,mardi,10:45,35,35089,47.88196543,-1.49422377,1,2,3,1,7,3,2,2,1,1,,3.5,1,0,1,3,1,70,5,1,2,0,2,8,1,202300003761B01,7,1,1,200070662
202300003787,2023-09-22,2023,septembre,vendredi,13:40,971,97120,16.24288,-61.53971,2,9,3,1,1,3,2,0,1,1,,-1,1,0,1,4,1,67,0,2,,0,0,0,0,202300003787B01,17,16,1,200018653
202300003803,2023-06-15,2023,juin,jeudi,19:45,75,75104,48.851068,2.362211,2,3,3,1,1,4,1,2,1,1,,-1,1,0,1,4,2,27,1,2,,0,2,3,1,202300003803A01,31,1,1,200054781
202300003901,2023-05-03,2023,mai,mercredi,12:10,68,68112,47.909676,7.207152,2,3,3,1,1,4,-1,-1,2,1,,-1,1,0,8,4,1,9,5,1,2,0,2,1,1,202300003901B01,7,15,1,246800569
202300003905,2023-05-04,2023,mai,jeudi,18:05,38,38105,45.422823,5.557816,1,1,2,1,1,3,2,2,1,1,,7,1,0,3,3,1,51,5,2,,1,0,1,1,202300003905A01,10,26,1,243800984
202300003908,2023-05-04,2023,mai,jeudi,19:40,60,60176,49.22357162,2.89189679,2,6,1,1,1,3,2,2,1,1,,5.5,1,0,1,4,1,13,5,2,,0,2,4,19,202300003908B01,10,1,1,246000871
202300003921,2023-05-02,2023,mai,mardi,15:30,22,22211,48.692816,-3.444707,1,4,3,1,1,3,2,2,1,3,,4,1,5,1,4,1,67,5,1,2,0,2,8,1,202300003921B01,7,15,1,200065928
202300003923,2023-05-03,2023,mai,mercredi,14:25,29,29117,48.5816241,-4.52138246,2,6,7,1,1,3,1,2,1,1,,8,1,5,1,3,1,67,5,1,2 / 6,0,0,0,1,202300003923A01,,,,242900553
202300003927,2023-02-12,2023,février,dimanche,11:30,77,77197,48.707226,3.197939,1,3,7,1,1,3,2,2,1,1,,-1,-1,0,1,3,1,54,5,1,2 / 6,0,0,0,16,202300003927A01,,,,200037133
202300003948,2023-02-10,2023,février,vendredi,14:20,84,84077,44.100055,5.12439,1,1,6,1,1,4,2,2,2,2,,-1,1,0,3,3,1,67,5,1,2,8,0,1,14,202300003948A01,,,,248400053
202300003986,2023-02-13,2023,février,lundi,17:20,31,31291,43.601026,1.248488,2,6,3,2,7,3,1,1,1,2,,-1,1,5,1,3,1,71,5,1,2 / 6 / 9,0,0,7,1,202300003986B01,7,9,1,243100781
202300004102,2023-02-12,2023,février,dimanche,12:20,50,50464,48.983188,-1.413009,1,1,3,1,1,3,2,2,1,1,,-1,1,0,1,3,1,29,5,1,2,0,2,0,2,202300004102B01,7,2,1,200067023
202300004104,2023-11-27,2023,novembre,lundi,18:25,38,38158,45.149479,5.740228,2,3,3,5,2,4,2,2,1,1,,-1,2,9,5,4,1,35,1,2,,0,2,1,1,202300004104B01,7,0,1,200040715
202300004120,2023-02-11,2023,février,samedi,16:45,85,85047,46.851079,-1.879655,2,6,3,1,7,4,1,1,1,2,,-1,1,5,1,3,1,24,5,2,,0,2,2,1,202300004120B01,7,9,1,200071629
202300004183,2023-05-18,2023,mai,jeudi,10:30,14,14409,49.28269,-0.192284,2,1,3,1,1,3,2,2,1,1,,-1,1,0,1,4,2,80,5,2,,0,0,7,19,202300004183B01,7,13,1,200065563
202300004200,2023-04-20,2023,avril,jeudi,16:00,30,30189,43.8371,4.3884,2,6,3,1,1,3,1,2,1,1,,-1,1,5,5,3,1,70,0,2,,0,2,0,19,202300004200B01,7,1,1,243000643
202300004298,2023-02-10,2023,février,vendredi,20:20,59,59350,50.640107,3.07686,2,1,3,5,1,4,2,1,1,3,,-1,1,0,1,3,1,32,0,1,2 / 6,0,2,8,19,202300004298A01,17,16,1,200093201
202300004302,2023-02-07,2023,février,mardi,17:10,59,59328,50.65554,3.028427,2,1,1,1,1,4,2,0,1,1,,-1,1,9,1,4,1,84,0,2,,0,2,1,2,202300004302B01,7,15,1,200093201
202300004352,2023-11-26,2023,novembre,dimanche,12:00,06,06004,43.5712348,7.1002218,1,1,3,1,1,4,2,2,1,1,,-1,1,0,1,3,2,66,5,1,2 / 4,0,2,8,1,202300004352B01,7,17,1,240600585
202300004439,2023-06-07,2023,juin,mercredi,09:50,95,95210,48.971701,2.304975,2,1,2,1,1,3,1,1,1,1,,-1,1,0,1,4,1,15,2,2,,0,2,1,2,202300004439B01,7,0,1,200056380
202300004452,2023-11-26,2023,novembre,dimanche,10:00,51,51030,49.05719,4.034045,1,2,6,1,1,3,2,2,2,1,,4,1,9,1,3,2,27,5,1,2,0,9,1,1,202300004452A01,,,,245100615
202300004460,2023-07-10,2023,juillet,lundi,10:30,61,61484,48.266883,0.675616,2,6,3,1,1,3,2,2,1,3,,-1,1,0,1,3,1,69,5,2,,0,2,0,15,202300004460A01,7,2,1,200071504
202300004518,2023-11-25,2023,novembre,samedi,20:20,987,98735,-17.722,-149.399,1,3,3,5,1,2,2,2,1,2,,-1,1,0,1,3,1,15,5,2,,0,2,7,19,202300004518A01,7,21,1,
202300004522,2023-07-14,2023,juillet,vendredi,16:05,05,05098,44.497206,6.55482,2,1,3,1,1,3,2,2,2,1,,5.5,1,0,1,4,1,16,5,1,2,0,2,2,17,202300004522B01,7,15,1,200067742
202300004535,2023-07-18,2023,juillet,mardi,18:30,44,44109,47.21369771,-1.58077115,2,1,6,1,1,4,1,1,1,4,,-1,1,0,1,1,1,29,0,2,,0,1,0,1,202300004535A01,,,,244400404
202300004537,2023-11-27,2023,novembre,lundi,11:30,976,97608,-12.78743,45.263849,2,1,3,1,1,2,2,2,1,1,,7,1,9,1,3,1,35,9,2,,0,2,1,15,202300004537B01,7,1,1,200050532
202300004564,2023-03-23,2023,mars,jeudi,11:30,91,91589,48.67878,2.34646,2,1,3,1,1,3,2,2,2,1,,-1,1,9,4,4,2,24,1,2,,0,2,1,25,202300004564B01,10,25,1,200054781
202300004570,2023-07-14,2023,juillet,vendredi,18:30,44,44109,47.26178019,-1.57839986,2,1,3,1,8,4,2,2,1,3,,-1,1,0,1,4,1,27,0,2,,0,2,0,26,202300004570A01,7,1,1,244400404
202300004581,2023-11-27,2023,novembre,lundi,08:10,67,67118,48.580554,7.693954,2,1,3,1,1,7,2,2,1,1,,-1,1,0,1,3,2,6,2,1,2,1,2,8,19,202300004581B01,7,1,1,246700488
202300004590,2023-07-12,2023,juillet,mercredi,00:05,44,44109,47.23327188,-1.56601084,2,6,3,5,8,4,2,2,1,1,,-1,1,5,1,4,1,37,0,2,,0,2,0,0,202300004590B01,7,0,1,244400404
202300004595,2023-07-11,2023,juillet,mardi,07:50,44,44109,47.22989962,-1.56300532,2,1,3,1,8,4,2,2,1,1,,-1,1,0,1,4,2,50,0,2,,0,2,7,1,202300004595B01,7,22,1,244400404
202300004600,2023-07-11,2023,juillet,mardi,12:35,44,44109,47.21686363,-1.56692815,2,1,3,1,8,4,2,2,1,1,,-1,1,0,1,4,2,68,0,2,,0,2,3,1,202300004600B01,7,22,1,244400404
202300004601,2023-07-14,2023,juillet,vendredi,11:26,973,97311,5.478563,-54.03766,2,1,2,1,7,3,2,2,1,1,,-1,1,0,1,2,1,81,0,2,,0,2,4,13,202300004601B01,7,2,1,249730037
202300004607,2023-07-14,2023,juillet,vendredi,12:55,95,95199,49.03875766,2.31096447,2,9,3,1,7,4,2,2,1,1,,5,1,0,1,4,1,25,1,1,2,0,2,8,13,202300004607B01,7,17,1,200056380
202300004610,2023-07-07,2023,juillet,vendredi,09:25,44,44109,47.23580571,-1.54686059,2,1,3,1,8,4,2,2,1,1,,-1,1,0,5,4,2,30,0,2,,1,0,2,1,202300004610B01,7,22,1,244400404
202300004613,2023-07-07,2023,juillet,vendredi,10:10,44,44109,47.21934355,-1.56137199,2,1,3,1,8,4,2,2,1,3,,-1,1,4,1,4,2,24,0,2,,0,2,8,1,202300004613B01,10,16,1,244400404
202300004662,2023-06-29,2023,juin,jeudi,09:20,44,44109,47.20651349,-1.55482515,2,2,3,1,8,4,2,2,1,1,,-1,1,5,1,4,1,23,0,2,,0,2,8,1,202300004662B01,7,16,1,244400404
202300004685,2023-06-12,2023,juin,lundi,15:45,44,44109,47.2279835,-1.5269393,2,1,3,1,1,4,2,2,1,1,,-1,1,0,1,4,1,14,0,2,,0,2,0,0,202300004685B01,7,0,1,244400404
202300004703,2023-06-07,2023,juin,mercredi,17:40,44,44109,47.22000707,-1.5450046,2,3,3,1,8,4,2,2,1,1,,-1,1,6,1,4,1,17,0,2,,0,2,1,1,202300004703B01,7,1,1,244400404
202300004706,2023-06-06,2023,juin,mardi,23:40,44,44109,47.21236199,-1.55446026,2,6,3,4,1,4,2,-1,1,1,,-1,1,-1,1,4,1,33,0,2,,0,2,0,0,202300004706B01,7,0,1,244400404
202300004711,2023-06-07,2023,juin,mercredi,19:20,44,44109,47.25057385,-1.57033825,2,6,3,1,1,4,2,2,1,1,,-1,1,5,1,4,2,29,0,2,,0,2,0,1,202300004711B01,7,1,1,244400404
202300004716,2023-06-02,2023,juin,vendredi,06:00,44,44109,47.22002778,-1.54498285,2,3,3,1,1,4,2,2,1,1,,-1,1,5,1,4,2,46,0,2,,0,2,8,1,202300004716B01,7,15,1,244400404
202300004741,2023-09-21,2023,septembre,jeudi,15:35,74,74031,46.094647,6.109053,2,1,7,1,1,3,2,2,2,1,,4,1,0,3,3,1,62,5,1,2,12,0,1,1,202300004741A01,,,,247400690
202300004744,2023-05-27,2023,mai,samedi,13:20,44,44109,47.20918659,-1.56882013,2,1,7,1,1,4,1,1,1,1,,-1,1,0,1,4,2,25,0,2,,0,0,0,0,202300004744A01,,,,244400404
202300004751,2023-05-24,2023,mai,mercredi,11:50,44,44109,47.24058586,-1.51178611,2,1,3,1,8,4,2,2,1,1,,-1,1,5,1,4,2,53,0,2,,0,2,8,1,202300004751B01,7,1,1,244400404
202300004754,2023-09-09,2023,septembre,samedi,12:10,74,74302,45.913258,6.375922,2,2,1,1,7,4,2,2,2,1,,-1,1,0,1,3,1,54,5,1,2,0,2,1,19,202300004754B01,7,1,1,247400617
202300004801,2023-07-10,2023,juillet,lundi,16:45,85,85194,46.513883,-1.79022071,2,9,2,1,1,3,-1,2,1,1,,-1,1,5,1,4,1,68,5,2,,0,2,0,9,202300004801Y01,7,9,1,200071165
202300004829,2023-05-03,2023,mai,mercredi,14:00,44,44109,47.25183949,-1.56496406,2,1,3,1,8,4,2,2,1,1,,-1,1,0,1,4,2,56,0,2,,0,2,0,0,202300004829B01,7,0,1,244400404
202300004878,2023-07-12,2023,juillet,mercredi,10:28,65,65433,43.219256,0.095747,2,3,1,1,1,3,1,1,1,1,,-1,1,5,1,3,1,69,5,1,2,0,2,1,1,202300004878B01,10,15,1,200069300
202300004894,2023-06-07,2023,juin,mercredi,10:10,84,84142,43.968558,4.980476,1,6,2,1,1,3,1,2,1,3,,6,1,0,1,3,1,90,5,1,2,0,2,4,2,202300004894B01,7,21,1,248400251
202300004897,2023-04-07,2023,avril,vendredi,12:45,44,44109,47.22362354,-1.57329165,2,1,6,1,8,4,2,2,1,1,,-1,1,0,1,1,1,36,0,2,,0,1,2,25,202300004897A01,,,,244400404
202300004900,2023-03-25,2023,mars,samedi,11:25,30,30269,44.112791,3.857676,1,4,3,1,1,3,2,2,1,3,,6,1,0,1,3,2,25,5,2,,0,2,1,9,202300004900B01,7,1,1,200066918
202300004904,2023-04-04,2023,avril,mardi,08:45,44,44109,47.21135493,-1.55801353,2,1,1,1,8,4,2,2,1,2,,-1,1,0,1,4,2,51,0,2,,0,2,1,1,202300004904B01,7,26,1,244400404
202300004924,2023-03-24,2023,mars,vendredi,15:30,972,97224,14.684474,-61.016087,2,1,3,1,3,2,2,2,4,3,,-1,2,0,1,4,1,19,9,1,2,0,2,7,16,202300004924B01,7,15,1,249720061
202300004935,2023-03-20,2023,mars,lundi,08:00,44,44109,47.24344039,-1.55682017,2,6,3,1,8,4,2,2,1,3,,-1,1,5,1,4,1,60,0,2,,0,2,3,1,202300004935A01,13,16,1,244400404
202300004938,2023-07-11,2023,juillet,mardi,16:12,34,34032,43.33634,3.22288,2,1,6,1,1,4,2,3,1,2,,-1,1,5,1,3,2,79,3,1,2,0,2,8,1,202300004938B01,37,1,1,243400769
202300004940,2023-03-13,2023,mars,lundi,09:45,44,44109,47.23390175,-1.56297068,2,2,3,1,8,4,2,2,1,1,,-1,1,5,1,4,1,40,0,2,,0,2,8,1,202300004940B01,7,16,1,244400404
202300004946,2023-02-03,2023,février,vendredi,16:00,12,12243,44.029082,2.964805,1,1,7,1,1,3,2,-1,2,4,,-1,1,0,1,2,1,68,5,1,2,0,0,0,1,202300004946A01,,,,200067155
202300004955,2023-06-07,2023,juin,mercredi,17:10,30,30012,43.901019,4.699627,1,6,2,1,1,3,2,2,1,1,,-1,1,0,1,4,1,66,5,1,2,0,2,5,14,202300004955B01,7,9,1,243000684
202300004967,2023-06-01,2023,juin,jeudi,08:10,69,69244,45.766707,4.784621,2,3,7,1,1,4,2,3,2,1,,-1,1,0,5,4,1,26,1,1,2,0,0,7,21,202300004967B01,,,,200046977
202300004999,2023-06-07,2023,juin,mercredi,13:00,13,13101,43.404829,5.529934,1,1,2,1,1,3,2,2,1,1,,5.5,1,0,1,4,1,42,5,1,2,0,2,1,1,202300004999B01,7,17,1,200054807
202300005003,2023-06-08,2023,juin,jeudi,15:45,07,07324,45.070112,4.825472,2,1,1,1,1,4,2,2,1,1,,-1,1,5,1,4,1,18,2,2,,0,2,1,5,202300005003A01,7,1,1,200073096
202300005003,2023-06-08,2023,juin,jeudi,15:45,07,07324,45.070112,4.825472,2,1,1,1,1,4,2,2,1,1,,-1,1,5,1,4,1,18,2,2,,0,2,1,5,202300005003A01,7,1,1,200073096
202300005078,2023-02-13,2023,février,lundi,08:45,44,44109,47.20673158,-1.55503788,2,1,3,1,8,4,2,2,1,1,,-1,1,0,1,4,2,55,0,2,,0,2,0,1,202300005078B01,10,15,1,244400404
202300005088,2023-02-01,2023,février,mercredi,08:35,44,44109,47.22603683,-1.57066015,2,1,3,1,1,4,2,2,1,1,,-1,1,0,1,4,2,51,0,2,,0,2,1,1,202300005088B01,7,1,1,244400404
202300005135,2023-07-11,2023,juillet,mardi,07:00,49,49092,47.221958,-0.566525,1,1,2,1,7,3,2,2,2,1,,5.5,1,0,1,3,1,78,5,1,2,0,0,6,1,202300005135B01,7,17,1,200060010
202300005141,2023-01-20,2023,janvier,vendredi,08:35,44,44082,47.3855666,-1.36457511,1,1,2,1,8,3,2,2,1,1,,-1,1,0,1,4,2,58,1,1,2 / 4,0,2,4,1,202300005141B01,7,1,1,244400552
202300005142,2023-07-10,2023,juillet,lundi,09:50,05,05027,44.82645358,6.72801914,1,1,7,1,1,3,2,2,2,4,,5.5,1,0,1,4,1,29,5,1,2,0,0,0,1,202300005142A01,,,,240500439
202300005143,2023-01-20,2023,janvier,vendredi,08:25,44,44109,47.22717744,-1.55300997,2,1,7,1,8,4,2,2,1,1,,-1,1,-1,1,4,1,53,0,2,,0,0,0,1,202300005143A01,,,,244400404
202300005161,2023-08-20,2023,août,dimanche,11:15,01,01444,45.847402,5.435588,2,1,7,1,1,3,2,2,1,1,,4,1,0,1,3,1,13,5,2,,0,0,0,1,202300005161A01,,,,240100883
202300005169,2023-08-22,2023,août,mardi,10:25,22,22070,48.560722,-3.153394,2,9,3,1,7,4,2,2,1,1,,-1,1,0,1,3,1,65,5,1,2,0,2,1,1,202300005169B01,7,15,1,200067981
202300005170,2023-11-11,2023,novembre,samedi,16:00,14,14118,49.203162,-0.391083,2,2,3,1,1,3,2,2,1,1,,-1,1,5,1,4,1,36,5,2,,0,0,1,1,202300005170B01,7,1,1,200065597
202300005208,2023-01-03,2023,janvier,mardi,16:54,44,44109,47.24538481,-1.50831261,2,3,7,2,1,4,2,-1,1,3,,-1,1,5,1,4,1,60,1,2,,0,0,0,0,202300005208A01,,,,244400404
202300005214,2023-07-11,2023,juillet,mardi,14:00,84,84017,44.124583,5.261577,1,1,6,1,1,3,2,2,2,3,,5.5,1,0,1,3,1,55,5,1,2,0,2,1,0,202300005214A01,20,15,1,248400053
202300005255,2023-07-13,2023,juillet,jeudi,09:43,13,13050,43.64443,5.199827,1,1,2,1,1,3,2,2,1,1,,7,1,0,5,3,1,63,5,1,2,0,2,1,1,202300005255A01,13,23,1,200054807
202300005283,2023-08-18,2023,août,vendredi,16:30,973,97302,4.93367491,-52.33044237,2,2,3,1,1,4,2,2,1,1,,-1,1,0,6,4,1,62,9,1,2,0,2,1,19,202300005283B01,7,1,1,249730045
202300005302,2023-08-16,2023,août,mercredi,05:15,971,97101,16.25164,-61.52691,2,1,3,5,1,2,2,2,1,1,,-1,1,0,1,4,1,53,0,1,2,0,2,2,14,202300005302B01,7,17,1,200018653
202300005307,2023-08-18,2023,août,vendredi,11:10,95,95555,48.9654,2.283,2,1,1,1,1,3,3,4,1,1,,-1,1,0,1,4,1,60,3,1,2,0,2,8,19,202300005307B01,7,1,1,200056380
202300005393,2023-09-21,2023,septembre,jeudi,08:15,54,54395,48.674748,6.173834,2,1,3,1,1,4,2,2,1,1,,-1,1,0,4,4,2,13,0,1,2,0,2,2,1,202300005393B01,7,1,1,245400676
202300005511,2023-09-22,2023,septembre,vendredi,13:40,30,30209,43.988905,4.782727,1,1,1,1,1,3,2,2,2,3,,7,1,0,1,4,1,59,1,1,2,0,2,1,5,202300005511A01,7,2,1,248400251
202300005545,2023-09-22,2023,septembre,vendredi,18:10,17,17124,46.03882,-0.572571,2,2,3,1,1,3,2,2,1,1,,7,1,0,1,4,1,46,5,1,2,0,2,1,1,202300005545B01,7,1,1,200041689
202300005695,2023-10-24,2023,octobre,mardi,21:40,77,77236,48.412945,3.261899,1,1,2,3,1,3,2,2,1,1,,5,1,0,1,4,1,14,5,2,,0,0,4,1,202300005695A01,7,1,1,200040251
202300005712,2023-10-22,2023,octobre,dimanche,09:45,43,43199,45.078006,4.21434,1,1,2,1,7,3,2,2,3,1,,5.5,1,0,1,3,1,62,5,1,2,0,0,4,1,202300005712B01,7,1,1,244301107
202300005732,2023-10-23,2023,octobre,lundi,18:30,44,44026,47.28444,-1.507884,1,3,3,2,2,1,2,-1,1,1,,-1,2,5,1,4,2,22,9,2,,13,2,7,19,202300005732B01,7,1,1,244400404
202300005751,2023-07-31,2023,juillet,lundi,10:00,13,13100,43.790418,4.847159,2,6,3,1,1,3,1,2,1,2,,7,1,0,1,4,1,55,5,1,2,0,2,7,1,202300005751A01,7,2,1,241300375
202300005823,2023-02-08,2023,février,mercredi,09:00,63,63113,45.7794,3.0791,2,1,1,1,1,4,1,1,1,1,,-1,1,0,1,4,2,46,0,1,2,0,2,1,1,202300005823A01,50,5,1,246300701
202300005848,2023-05-04,2023,mai,jeudi,15:45,76,76075,49.769212,1.052842,2,1,2,1,1,3,2,2,1,1,,5,1,0,1,3,1,13,5,2,,0,2,4,9,202300005848B01,7,1,1,200068534
202300005859,2023-05-03,2023,mai,mercredi,17:30,34,34216,43.627743,3.090109,1,9,7,1,1,3,4,2,2,3,,5,1,2,8,3,1,58,5,1,2,6,0,8,16,202300005859A01,,,,200042646
202300005880,2023-02-10,2023,février,vendredi,11:25,75,75118,48.88656227,2.34956011,2,2,3,1,1,4,2,2,2,1,,-1,1,0,1,4,1,19,3,2,,0,2,5,19,202300005880A01,2,1,1,200054781
202300005882,2023-02-09,2023,février,jeudi,21:20,75,75117,48.892275,2.301108,2,2,3,5,1,4,1,2,2,1,,-1,1,0,1,4,1,62,9,2,,0,2,8,19,202300005882B01,7,1,1,200054781
202300005884,2023-02-09,2023,février,jeudi,18:00,75,75117,48.879738,2.289377,2,3,3,5,1,4,1,1,1,1,,-1,1,0,1,4,1,37,5,2,,1,0,1,1,202300005884B01,7,22,1,200054781
202300005886,2023-02-10,2023,février,vendredi,08:50,75,75116,48.857943,2.281186,2,3,7,1,1,4,1,2,1,1,,-1,1,0,1,4,1,18,2,2,,0,0,0,1,202300005886A01,,,,200054781
202300005891,2023-02-10,2023,février,vendredi,08:04,75,75114,48.82649133,2.34159261,2,5,3,1,1,4,1,2,1,1,,-1,1,0,1,4,1,38,9,1,2,0,2,8,1,202300005891B01,7,10,1,200054781
202300005903,2023-02-08,2023,février,mercredi,14:05,94,94028,48.77413,2.43959,2,6,3,1,1,3,1,2,1,1,,-1,1,0,1,4,1,61,0,2,,0,2,0,26,202300005903B01,15,9,1,200054781
202300005929,2023-02-10,2023,février,vendredi,12:50,31,31044,43.613593,1.488439,2,1,3,1,1,4,2,2,1,1,,0,1,0,1,4,1,43,3,2,,0,2,7,15,202300005929B01,7,1,1,243100518
202300005942,2023-02-10,2023,février,vendredi,16:35,71,71014,46.967531,4.314591,2,4,3,1,7,3,2,1,1,1,,3,1,5,8,3,2,51,5,2,,0,2,7,1,202300005942B01,7,16,1,200070530
202300005971,2023-02-11,2023,février,samedi,10:30,83,83071,43.172795,6.215757,1,1,3,1,1,3,2,2,1,1,,-1,1,0,1,3,1,61,5,1,2,0,0,0,1,202300005971B01,7,17,1,200027100
202300005975,2023-02-11,2023,février,samedi,10:00,13,13079,43.523176,5.677231,2,1,2,1,7,3,2,2,2,1,,-1,1,0,1,3,1,24,5,1,2 / 6,0,2,0,1,202300005975B01,7,17,1,200054807
202300006025,2023-02-09,2023,février,jeudi,07:21,75,75110,48.881108,2.365166,2,2,3,5,1,4,1,2,1,1,,-1,1,5,1,3,2,47,1,1,2 / 4,0,2,3,1,202300006025B01,15,16,1,200054781
202300006026,2023-02-09,2023,février,jeudi,13:36,75,75119,48.894957,2.384091,2,1,3,1,1,4,1,1,1,1,,-1,1,0,1,4,1,29,4,2,,0,2,1,5,202300006026A01,7,9,1,200054781
202300006029,2023-02-09,2023,février,jeudi,08:20,75,75116,48.858052,2.265126,2,1,7,1,1,4,2,4,1,1,,-1,7,0,1,4,2,57,1,2,,0,0,0,1,202300006029A01,,,,200054781
202300006031,2023-02-09,2023,février,jeudi,08:15,75,75116,48.85735877,2.26465613,2,2,7,1,1,4,2,3,1,1,,-1,7,0,1,4,2,59,9,1,2,0,0,0,1,202300006031A01,,,,200054781
202300006033,2023-02-09,2023,février,jeudi,16:50,75,75114,48.831572,2.341254,2,3,3,1,1,4,1,1,1,1,,-1,1,8,1,4,1,16,5,2,,0,2,8,19,202300006033A01,7,1,1,200054781
202300006038,2023-02-09,2023,février,jeudi,08:55,75,75109,48.87654114,2.33095497,2,2,6,1,1,4,1,2,2,1,,-1,1,0,1,1,1,38,1,1,2,0,1,1,8,202300006038A01,,,,200054781
202300006040,2023-02-09,2023,février,jeudi,08:55,75,75109,48.87659,2.345236,2,1,3,1,1,4,1,1,1,1,,-1,1,0,1,4,2,37,1,2,,0,2,1,1,202300006040B01,10,16,1,200054781
202300006076,2023-02-10,2023,février,vendredi,12:15,26,26160,45.199114,4.814699,2,1,3,1,1,2,2,2,2,1,,-1,1,0,1,4,1,52,1,1,2 / 9,0,2,3,11,202300006076B01,7,1,1,200040491
202300006136,2023-05-02,2023,mai,mardi,16:20,974,97410,-21.052523,55.720274,1,1,2,1,1,2,2,2,1,1,,7,1,0,2,3,1,40,5,1,2,1,0,1,2,202300006136A01,7,24,1,249740093
202300006139,2023-05-03,2023,mai,mercredi,19:00,59,59487,50.635435,2.890939,1,2,3,1,1,7,2,2,1,1,,4,1,5,1,3,1,31,5,1,2,0,2,8,15,202300006139B01,33,1,1,200093201
202300006144,2023-05-03,2023,mai,mercredi,15:30,62,62281,50.693909,1.671617,2,1,6,1,7,4,2,2,2,2,,-1,1,0,3,3,1,13,5,1,2,17,0,1,1,202300006144A01,,,,246200729
202300006148,2023-05-02,2023,mai,mardi,11:33,74,74208,45.923308,6.685599,2,3,3,1,1,3,2,2,2,1,,-1,1,5,1,3,2,73,0,1,2,1,2,8,1,202300006148B01,7,19,1,200034882
202300006165,2023-07-06,2023,juillet,jeudi,20:30,44,44045,47.276678,-1.855633,1,1,6,1,1,4,2,2,1,1,,-1,1,0,1,3,1,44,5,2,,0,5,0,0,202300006165A01,,,,200072734
202300006190,2023-05-02,2023,mai,mardi,18:35,64,64133,43.225709,-0.250454,1,6,2,1,1,3,1,2,1,2,,7,1,0,1,3,1,18,5,2,,0,0,4,1,202300006190B01,7,9,1,246401756
202300006272,2023-03-23,2023,mars,jeudi,13:15,94,94069,48.81499,2.4615,2,6,2,1,1,3,1,1,1,2,,-1,1,0,1,1,2,75,0,1,2,0,2,4,15,202300006272B01,1,17,1,200054781
202300006272,2023-03-23,2023,mars,jeudi,13:15,94,94069,48.81499,2.4615,2,6,2,1,1,3,1,1,1,2,,-1,1,0,1,3,2,65,0,2,,0,2,1,17,202300006272A01,1,15,1,200054781
202300006339,2023-04-08,2023,avril,samedi,10:00,74,74210,46.297122,6.453186,1,2,3,1,1,3,2,-1,1,1,,-1,1,0,1,3,1,67,5,1,2,0,2,1,1,202300006339B01,7,15,1,200067551
202300006430,2023-12-27,2023,décembre,mercredi,15:55,65,65083,43.1651224,0.1101704,2,1,7,1,1,3,2,2,1,1,,-1,1,0,3,2,1,78,5,2,,0,0,0,26,202300006430A01,,,,200069300
202300006435,2023-09-16,2023,septembre,samedi,14:15,65,65239,43.03030481,0.34006161,1,1,7,-1,-1,3,2,1,2,1,,-1,1,0,3,2,1,64,5,2,,0,0,0,26,202300006435A01,,,,200070787
202300006464,2023-12-27,2023,décembre,mercredi,13:40,38,38301,44.797229,5.63574,1,2,3,1,7,3,2,2,1,1,,7,1,0,1,3,2,56,0,1,2,0,2,8,1,202300006464B01,7,15,1,200030658
202300006501,2023-03-22,2023,mars,mercredi,16:30,17,17095,45.29940447,-0.26218995,1,3,3,1,8,3,2,2,1,1,,-1,1,0,1,3,1,75,5,1,2,0,2,7,15,202300006501B01,7,1,1,200041523
202300006512,2023-11-25,2023,novembre,samedi,09:15,71,71263,46.65848,5.158688,2,1,7,1,8,4,2,2,1,1,,-1,1,0,1,3,1,44,5,2,,0,0,9,1,202300006512A01,,,,200071579
202300006528,2023-07-10,2023,juillet,lundi,22:05,09,09225,43.12334,1.61082,2,3,3,5,1,3,2,2,1,1,,6,1,5,1,3,1,55,0,2,,0,2,7,15,202300006528B01,7,17,1,200066231