Num_Acc,date,an,mois,jour,hrmn,dep,com,lat,long,agg,int,col,lum,atm,catr,circ,nbv,prof,plan,lartpc,larrout,surf,infra,situ,grav,sexe,age,trajet,secuexist,equipement,obs,obsm,choc,manv,vehiculeid,typevehicules,manoeuvehicules,numVehicules,_infos_commune.code_epci
202300006549,2023-06-05,2023,juin,lundi,15:30,54,54274,48.66536779,6.19746655,2,2,3,1,1,4,2,2,1,1,,-1,1,0,1,4,1,62,0,1,2,0,2,2,1,202300006549B01,7,1,1,245400676
202300006562,2023-10-15,2023,octobre,dimanche,18:20,51,51660,49.348056,4.219592,2,2,3,1,1,4,2,2,1,1,,-1,1,0,1,4,1,37,5,2,,0,0,8,0,202300006562B01,7,19,1,200067213
202300006609,2023-10-24,2023,octobre,mardi,18:20,73,73225,45.537571,5.950183,2,1,1,1,1,3,2,2,2,2,,4,2,0,1,3,1,9,5,2,,0,2,1,1,202300006609B01,7,1,1,200069110
202300006654,2023-11-25,2023,novembre,samedi,16:19,37,37042,47.20431159,0.08477859,1,1,2,2,7,3,2,2,2,1,,7,1,0,1,3,1,54,5,1,2,0,0,4,1,202300006654B01,7,1,1,200043081
202300006668,2023-06-05,2023,juin,lundi,09:00,34,34301,43.4065,3.69288,2,1,3,1,1,4,1,1,2,1,,-1,1,0,1,4,2,24,0,2,,1,0,1,1,202300006668B01,10,22,1,200066355
202300006675,2023-03-21,2023,mars,mardi,09:24,973,97302,4.92722,-52.28985,2,6,6,1,1,3,1,2,1,1,,-1,1,0,1,4,1,30,9,2,,0,2,1,1,202300006675B01,7,16,1,249730045
202300006677,2023-06-04,2023,juin,dimanche,16:55,34,34336,43.31751,3.28035,2,3,3,1,1,4,-1,1,1,1,,-1,1,0,1,4,1,39,1,1,2,0,2,1,16,202300006677B01,7,13,1,243400769
202300006725,2023-08-20,2023,août,dimanche,09:00,44,44128,47.55680298,-1.94260729,1,1,7,1,1,4,2,2,1,1,,-1,1,0,1,2,1,73,5,2,,0,0,0,0,202300006725A01,,,,243500741
202300006730,2023-12-21,2023,décembre,jeudi,15:25,44,44069,47.333217,-2.46855,2,1,7,1,-1,4,2,2,1,1,,-1,-1,0,1,2,1,52,5,2,,0,0,0,0,202300006730A01,,,,244400610
202300006746,2023-08-16,2023,août,mercredi,19:42,10,10387,48.306,4.05,2,3,6,1,1,4,2,2,2,1,,-1,1,0,1,1,1,58,0,2,,0,2,1,15,202300006746A01,60,0,1,200069250
202300006771,2023-08-18,2023,août,vendredi,19:20,06,06088,43.71885,7.18635,1,1,1,1,1,7,3,4,1,2,,0,1,0,1,3,1,35,1,2,,0,2,1,5,202300006771B01,7,2,1,200030195
202300006809,2023-07-10,2023,juillet,lundi,20:20,65,65467,42.982714,-0.037036,1,1,6,2,1,3,2,2,2,2,,6,1,0,3,3,1,23,5,1,2 / 6,13,0,7,0,202300006809A01,,,,200070811
202300006891,2023-10-08,2023,octobre,dimanche,17:50,84,84022,44.27824,4.998562,1,6,2,3,1,3,-1,2,1,2,,5.5,1,0,1,4,1,46,1,2,,0,2,4,16,202300006891A01,10,26,1,248400335
202300006969,2023-07-12,2023,juillet,mercredi,13:15,38,38349,45.328239,4.781606,1,2,3,1,1,4,2,2,1,1,,-1,1,0,1,3,1,34,5,1,2 / 6,0,2,8,19,202300006969B01,10,1,1,200085751
202300006975,2023-08-16,2023,août,mercredi,10:08,75,75103,48.861222,2.353493,2,2,6,1,1,4,-1,-1,1,1,,-1,1,0,1,1,1,32,5,1,2,0,1,1,1,202300006975A01,,,,200054781
202300006996,2023-07-12,2023,juillet,mercredi,15:00,17,17121,46.198332,-1.426257,1,9,4,1,1,3,2,2,1,3,,-1,1,9,5,3,1,11,5,1,2,0,2,7,19,202300006996B01,7,21 / 23,2,241700459
202300007178,2023-06-07,2023,juin,mercredi,22:00,974,97412,-21.380581,55.609725,2,1,3,5,1,2,2,2,1,1,,-1,2,0,1,3,1,16,5,1,2,0,0,6,0,202300007178B01,33,0,1,249740085
202300007216,2023-08-20,2023,août,dimanche,11:15,24,24309,45.10065,0.444469,2,2,3,1,1,3,2,-1,2,1,,-1,1,0,1,3,1,45,5,1,2,0,0,8,1,202300007216B01,7,19,1,200040095
202300007223,2023-06-06,2023,juin,mardi,16:00,42,42313,45.732816,4.010171,1,1,2,1,1,3,2,2,1,1,,7,1,0,1,3,1,66,5,1,2,0,2,4,1,202300007223A01,7,1,1,200065886
202300007231,2023-12-29,2023,décembre,vendredi,10:05,44,44154,47.244593,-2.158036,2,1,3,1,1,4,2,2,1,1,,-1,2,0,5,3,2,57,5,2,,0,0,7,1,202300007231B01,7,1,1,244400586
202300007232,2023-08-21,2023,août,lundi,11:55,71,71047,46.63128,3.718869,1,1,3,1,1,3,4,2,4,3,,5.5,1,2,1,3,2,8,5,1,2 / 9,0,2,9,1,202300007232A01,17,1,1,200070316
202300007246,2023-08-18,2023,août,vendredi,07:35,68,68026,48.141209,7.339436,1,2,6,1,1,4,2,-1,1,1,,-1,1,0,1,3,1,50,5,1,2 / 6,0,2,8,1,202300007246B01,7,1,1,246800577
202300007256,2023-08-15,2023,août,mardi,14:50,86,86191,46.486894,0.787234,1,2,3,1,1,3,2,-1,2,1,,-1,1,5,1,3,1,78,5,1,4,0,2,1,1,202300007256B01,7,19,1,200070043
202300007283,2023-08-10,2023,août,jeudi,11:15,56,56102,47.965151,-2.617879,1,2,3,1,1,3,2,2,1,1,,-1,1,0,1,3,1,85,0,1,2,0,2,1,19,202300007283B01,33,1,1,200066777
202300007317,2023-08-18,2023,août,vendredi,15:45,65,65195,42.8084,0.401223,1,1,7,1,1,3,2,2,2,1,,5,1,0,1,4,1,17,5,1,2,0,0,7,26,202300007317A01,,,,246500573
202300007319,2023-08-17,2023,août,jeudi,09:30,65,65039,42.925593,0.34785,1,1,3,1,1,3,2,2,2,1,,5.5,1,0,1,3,1,38,5,1,2 / 9,0,2,8,13,202300007319B01,10,17,1,246500573
202300007338,2023-08-20,2023,août,dimanche,10:40,63,63097,45.49128896,3.06965785,1,1,7,1,1,3,2,2,1,1,,4,1,0,3,3,1,79,5,1,2,16,0,8,0,202300007338A01,,,,200070407
202300007411,2023-08-22,2023,août,mardi,19:40,91,91560,48.675012,2.168072,1,6,3,1,1,3,1,2,1,2,,7,1,0,1,3,1,88,5,1,2,0,2,0,1,202300007411B01,7,9,1,249100074
202300007431,2023-09-18,2023,septembre,lundi,15:00,43,43051,45.055667,4.313464,2,2,3,1,1,3,2,-1,1,1,,-1,1,0,1,3,1,72,5,1,2,0,2,1,0,202300007431B01,7,26,1,244301107
202300007447,2023-09-07,2023,septembre,jeudi,16:20,01,01249,45.823231,4.966727,2,3,3,1,7,4,2,2,1,1,,-1,1,0,1,4,1,24,5,1,2,0,2,1,17,202300007447B01,10,15,1,240100800
202300007449,2023-09-20,2023,septembre,mercredi,19:15,33,33243,44.90319,-0.221947,2,6,3,1,1,3,2,2,1,1,,-1,1,0,1,4,1,26,5,1,2,0,2,7,9,202300007449B01,7,1,1,200070092
202300007556,2023-03-22,2023,mars,mercredi,18:30,19,19063,45.13837056,1.58181667,2,1,1,2,1,4,2,1,2,3,,-1,1,0,1,1,1,14,5,1,2,0,2,1,19,202300007556B01,1,1,1,200043172
202300007556,2023-03-22,2023,mars,mercredi,18:30,19,19063,45.13837056,1.58181667,2,1,1,2,1,4,2,1,2,3,,-1,1,0,1,3,1,43,3,2,,0,2,1,1,202300007556A01,1,19,1,200043172
202300007563,2023-10-22,2023,octobre,dimanche,13:15,68,68126,47.565429,7.527024,2,1,1,1,1,4,2,2,1,1,,-1,1,0,1,4,1,63,5,1,2,0,2,1,1,202300007563B01,2,1,1,200066058
202300007566,2023-10-20,2023,octobre,vendredi,10:25,29,29174,47.89751099,-4.3090853,1,1,2,2,2,3,2,2,1,1,,5,2,0,1,4,1,50,5,1,2 / 6,0,2,4,2,202300007566B01,10,2,1,242900710
202300007574,2023-10-22,2023,octobre,dimanche,14:00,14,14057,49.115755,-0.259776,1,3,3,1,1,3,2,2,1,1,,5.5,1,0,8,3,1,75,5,1,2,0,2,2,1,202300007574A01,7,19,1,200065589
202300007586,2023-10-12,2023,octobre,jeudi,07:00,974,97415,-21.04478126,55.22984147,2,3,3,2,7,3,2,-1,1,1,,-1,1,5,1,3,2,64,5,1,2 / 6,0,2,3,1,202300007586B01,7,15,1,249740101
202300007593,2023-10-22,2023,octobre,dimanche,11:40,63,63247,45.566513,2.948649,1,1,2,1,1,3,2,2,2,1,,7,2,0,1,3,1,67,5,1,2 / 4,0,0,4,2,202300007593B01,7,2,1,246300966
202300007597,2023-10-22,2023,octobre,dimanche,11:45,59,59465,50.124007,3.592637,1,1,7,1,1,4,-1,2,1,1,,-1,1,0,1,3,1,17,5,2,,0,0,0,26,202300007597B01,36,26,1,200030633
202300007621,2023-10-20,2023,octobre,vendredi,08:45,973,97302,4.93477,-52.30857,2,1,3,1,1,3,2,2,1,1,,-1,1,0,1,4,1,13,2,2,,0,2,4,19,202300007621B01,7,1,1,249730045
202300007714,2023-02-09,2023,février,jeudi,07:35,31,31224,43.082254,0.575259,2,2,3,2,1,3,2,2,1,2,,-1,1,0,1,3,2,50,1,2,,0,2,8,1,202300007714B01,7,15,1,200072635
202300007717,2023-02-10,2023,février,vendredi,07:30,06,06032,43.723126,7.396309,2,1,6,1,1,7,2,2,1,1,,-1,1,0,1,3,1,54,1,1,2 / 4,0,2,1,17,202300007717B01,7,15,1,200030195
202300007735,2023-02-09,2023,février,jeudi,17:20,81,81210,43.53234,1.986101,2,1,3,2,7,3,2,2,1,1,,-1,1,0,1,2,1,78,5,2,,0,0,8,1,202300007735B01,10,1,1,243100567
202300007811,2023-02-08,2023,février,mercredi,13:20,75,75113,48.8237154,2.36490101,2,3,3,1,1,4,1,1,1,1,,-1,1,0,5,4,1,48,1,2,,1,0,1,1,202300007811B01,7,22,1,200054781
202300007812,2023-02-08,2023,février,mercredi,15:20,75,75112,48.84422,2.411025,2,1,6,1,1,4,2,6,1,1,,-1,1,0,5,1,1,34,1,1,2,0,1,3,1,202300007812A01,,,,200054781
202300007815,2023-02-08,2023,février,mercredi,08:00,75,75111,48.853266,2.387717,2,3,6,2,1,4,2,2,1,1,,-1,1,0,5,4,2,37,9,2,,0,1,1,1,202300007815A01,,,,200054781
202300007816,2023-02-08,2023,février,mercredi,13:00,75,75110,48.881112,2.353331,2,1,6,1,1,4,1,2,1,1,,-1,1,0,1,1,1,38,1,1,2,0,1,4,5,202300007816A01,,,,200054781
202300007818,2023-02-08,2023,février,mercredi,19:28,75,75101,48.8624762,2.35042781,2,3,3,5,1,4,1,1,1,1,,-1,1,6,5,1,1,19,9,2,,0,2,7,11,202300007818A01,1,1,1,200054781
202300007818,2023-02-08,2023,février,mercredi,19:28,75,75101,48.8624762,2.35042781,2,3,3,5,1,4,1,1,1,1,,-1,1,6,5,4,2,44,1,1,2,0,2,8,1,202300007818B01,1,11,1,200054781
202300007873,2023-02-09,2023,février,jeudi,13:30,74,74010,45.885071,6.095133,2,1,7,1,1,4,2,2,1,1,,4,1,0,1,4,2,29,1,1,2,0,0,6,2,202300007873A01,7,17,1,200066793
202300007903,2023-05-03,2023,mai,mercredi,12:15,59,59129,50.503137,3.177667,1,3,3,1,1,3,2,-1,1,1,4,-1,1,0,1,4,1,49,0,2,,0,0,4,15,202300007903B01,15,1,1,200041960
202300007912,2023-02-28,2023,février,mardi,10:30,43,43040,45.297992,3.380769,2,3,3,1,1,3,2,-1,1,1,,-1,1,0,1,3,1,83,5,2,,0,2,1,19,202300007912A01,14,15,1,200085728
202300007929,2023-05-01,2023,mai,lundi,10:50,54,54099,49.242447,5.938245,2,3,3,1,1,3,2,-1,1,3,,-1,1,0,1,4,1,54,5,1,2,0,2,3,1,202300007929B01,7,15,1,200070845
202300008001,2023-05-02,2023,mai,mardi,14:15,81,81105,43.77831,1.985779,1,1,7,1,1,4,2,2,1,1,,4,1,0,3,2,1,75,5,1,2 / 9,0,0,0,0,202300008001A01,,,,200066124
202300008038,2023-06-07,2023,juin,mercredi,18:40,50,50111,49.035283,-1.278464,1,1,3,1,1,3,2,2,2,1,,5.5,1,0,3,3,2,34,5,2,,0,2,8,1,202300008038A01,1,17,1,200067023
202300008038,2023-06-07,2023,juin,mercredi,18:40,50,50111,49.035283,-1.278464,1,1,3,1,1,3,2,2,2,1,,5.5,1,0,3,1,1,33,5,2,,0,2,7,17,202300008038B01,1,1,1,200067023
202300008092,2023-06-06,2023,juin,mardi,17:45,91,91661,48.693874,2.237616,1,1,1,1,7,3,2,2,1,1,,5,1,0,1,2,2,53,1,2,,0,2,4,26,202300008092B01,14,1,1,200056232
202300008144,2023-06-07,2023,juin,mercredi,05:15,27,27599,49.150093,1.381059,1,1,7,1,1,3,2,2,1,1,,7,1,0,1,1,1,19,1,2,,0,0,0,1,202300008144B01,14 / 33,17 / 1,2,200089456
202300008254,2023-03-13,2023,mars,lundi,14:00,74,74010,45.889762,6.114927,2,1,3,1,1,4,2,2,1,1,,-1,1,0,1,3,1,54,5,2,,0,2,8,19,202300008254B01,7,1,1,200066793
202300008295,2023-03-21,2023,mars,mardi,18:05,36,36123,46.82118999,1.20929539,2,2,3,1,1,3,2,2,1,1,,-1,1,0,1,3,2,69,5,2,,0,2,1,1,202300008295B01,7,19,1,243600343
202300008308,2023-07-10,2023,juillet,lundi,07:40,63,63075,45.77543,3.05692,2,1,3,1,1,4,2,2,2,1,,-1,1,0,1,4,1,38,1,1,2 / 4,0,2,1,1,202300008308B01,7,15,1,246300701
202300008356,2023-11-22,2023,novembre,mercredi,16:45,56,56053,47.742606,-2.572437,1,1,2,2,1,3,2,2,4,1,,5.5,1,0,1,3,1,82,5,1,4,0,2,6,1,202300008356B01,10,1,1,200067932
202300008431,2023-12-25,2023,décembre,lundi,18:00,84,84017,44.10392,5.227432,1,1,1,3,1,3,2,2,1,1,,4,1,0,1,3,1,61,5,2,,0,2,1,5,202300008431B01,7,1,1,248400053
202300008439,2023-08-18,2023,août,vendredi,11:20,55,55010,48.634784,5.020602,2,3,3,1,1,4,1,1,2,1,,-1,1,0,1,4,1,6,5,2,,0,2,8,19,202300008439B01,7,1,1,200066108
202300008472,2023-10-02,2023,octobre,lundi,15:20,44,44092,47.68872,-1.874907,1,3,3,1,1,3,2,2,1,1,,5,1,0,1,3,1,53,5,1,2,0,2,1,1,202300008472B01,7,19,1,243500741
202300008489,2023-11-25,2023,novembre,samedi,10:30,63,63284,45.788931,3.225469,2,1,1,1,2,9,2,2,4,3,,-1,2,0,5,4,1,61,5,1,2,0,2,1,1,202300008489B01,2,1,1,246300701
202300008531,2023-08-19,2023,août,samedi,05:45,25,25470,47.446977,6.613544,1,1,3,2,1,3,2,2,2,3,,-1,1,0,1,3,1,19,1,2,,0,2,8,2,202300008531A01,15,17,1,200068294
202300008559,2023-06-05,2023,juin,lundi,10:20,11,11358,42.829858,2.211825,1,1,3,1,1,3,2,3,1,2,,10.5,1,1,1,3,1,70,5,1,2,0,2,8,1,202300008559B01,7,1,1,200043776
202300008563,2023-08-17,2023,août,jeudi,10:55,31,31107,43.29469,1.215971,2,6,3,1,1,3,1,2,1,1,,6,1,0,1,3,1,62,5,1,2 / 9,0,2,7,1,202300008563B01,7,9,1,200066819
202300008583,2023-06-06,2023,juin,mardi,14:45,68,68155,48.091879,7.296848,2,1,6,1,1,4,2,2,1,1,,-1,1,0,1,2,1,70,5,1,2,12,0,1,21,202300008583A01,,,,246800726
202300008589,2023-08-19,2023,août,samedi,10:00,38,38043,45.444969,5.534068,2,3,3,1,1,3,2,2,2,1,,4,1,0,1,3,1,69,5,1,2,0,9,1,1,202300008589A01,1,15,1,243800984
202300008589,2023-08-19,2023,août,samedi,10:00,38,38043,45.444969,5.534068,2,3,3,1,1,3,2,2,2,1,,4,1,0,1,1,1,21,1,2,,0,9,8,15,202300008589B01,1,1,1,243800984
202300008602,2023-06-04,2023,juin,dimanche,17:15,02,02003,49.353014,3.420131,2,1,6,1,1,3,2,2,2,3,,-1,1,0,3,3,1,19,5,2,,12,0,1,0,202300008602A01,,,,240200477
202300008616,2023-08-19,2023,août,samedi,11:15,70,70507,47.447561,6.032985,1,1,3,1,1,3,2,2,2,1,,5.5,1,0,1,2,1,75,5,1,2,0,2,3,1,202300008616B01,21,17,1,247000706
202300008644,2023-07-04,2023,juillet,mardi,09:20,19,19123,45.168996,1.560152,2,6,3,1,1,4,1,2,1,2,,-1,1,0,1,3,1,75,5,1,2,0,2,7,16,202300008644A01,7,16,1,200043172
202300008659,2023-12-06,2023,décembre,mercredi,11:55,57,57269,49.302398,6.214882,2,1,3,1,1,4,2,2,1,1,,-1,1,0,1,4,1,88,5,2,,0,0,3,1,202300008659B01,10,16,1,245701354
202300008660,2023-08-20,2023,août,dimanche,11:30,58,58095,46.828094,3.460095,2,1,3,1,1,4,1,1,2,2,,-1,1,0,1,4,2,68,0,1,2 / 6,0,2,3,0,202300008660B01,7,0,1,200067700
202300008669,2023-11-23,2023,novembre,jeudi,13:00,971,97105,15.99609521,-61.73097074,2,1,6,1,1,4,1,1,1,1,,-1,1,9,6,1,1,36,0,2,,0,1,1,2,202300008669A01,,,,249710070
202300008684,2023-07-10,2023,juillet,lundi,21:30,39,39432,47.223528,5.501779,2,3,3,1,1,3,2,2,2,2,,-1,1,0,1,3,1,15,5,2,,0,0,1,15,202300008684A01,7,1,1,200010650
202300008715,2023-07-08,2023,juillet,samedi,09:15,26,26146,44.419053,4.898003,1,3,3,1,1,3,3,1,1,3,,3,1,5,1,3,2,60,5,1,2,0,2,4,1,202300008715B01,7,16,1,200040681
202300008751,2023-07-10,2023,juillet,lundi,18:50,85,85025,46.948584,-1.175503,1,1,7,1,1,4,2,2,2,2,,-1,1,2,1,3,1,16,5,2,,0,0,0,1,202300008751A01,,,,200070233
202300008786,2023-07-10,2023,juillet,lundi,17:10,38,38027,45.434915,6.0014,2,6,3,1,1,3,1,1,1,3,,3.5,1,0,1,4,1,8,5,1,2,0,2,3,23,202300008786B01,15,16,1,200018166
202300008790,2023-11-23,2023,novembre,jeudi,08:00,63,63300,45.89004795,3.11985165,2,3,1,1,1,4,2,2,1,1,,-1,1,0,1,4,2,40,1,2,,0,2,1,0,202300008790B01,7,15,1,200070753
202300008797,2023-08-19,2023,août,samedi,10:30,64,64371,43.225755,-0.878611,2,1,1,1,1,3,2,2,1,1,,5.5,1,0,1,3,1,52,3,2,,0,2,1,15,202300008797A01,7,1,1,200067106
202300008810,2023-08-17,2023,août,jeudi,09:05,64,64516,43.32915,-0.173668,1,1,4,1,1,3,2,2,2,3,,5,1,0,1,2,2,73,5,1,2,0,2,4,2,202300008810C01,7,2,1,200067296
202300008810,2023-08-17,2023,août,jeudi,09:05,64,64516,43.32915,-0.173668,1,1,4,1,1,3,2,2,2,3,,5,1,0,1,3,1,75,5,1,2,0,2,4,2,202300008810B01,7,2,1,200067296
202300008811,2023-11-23,2023,novembre,jeudi,11:40,62,62764,50.30153248,2.78227879,2,9,2,1,1,3,-1,1,1,1,,-1,1,0,8,4,1,16,5,2,,0,2,4,1,202300008811B01,3,0,1,200033579
202300008816,2023-08-17,2023,août,jeudi,07:55,73,73010,45.7851,5.94075,2,2,3,1,1,3,2,2,2,1,,5.5,1,0,1,3,1,41,5,2,,0,2,1,1,202300008816A01,7,1,1,200068674
202300008849,2023-11-22,2023,novembre,mercredi,20:50,54,54304,48.6846,6.15398,2,4,1,5,1,4,2,2,1,1,,-1,1,5,1,4,1,21,9,2,,0,2,2,1,202300008849A01,7,15,1,245400676
202300008851,2023-08-15,2023,août,mardi,18:20,36,36171,47.06424382,2.03303935,2,1,3,1,1,3,2,2,2,1,,5.5,1,0,1,4,1,56,5,1,2,0,2,1,2,202300008851A01,7,23,1,243600236
202300008881,2023-08-20,2023,août,dimanche,10:30,21,21695,47.570612,4.580253,2,1,7,1,1,4,2,2,2,1,,-1,1,0,1,2,1,70,5,1,2,0,0,8,1,202300008881A01,,,,242101459
202300008883,2023-06-04,2023,juin,dimanche,23:00,91,91687,48.64999,2.36865,2,1,1,4,1,3,3,2,1,1,,-1,1,0,1,4,1,34,0,2,,0,2,1,5,202300008883B01,7,1,1,200054781
202300008895,2023-12-12,2023,décembre,mardi,12:00,67,67098,48.54258,7.427399,2,3,1,1,1,3,2,2,4,1,,7,2,0,1,4,2,56,1,1,2 / 6 / 9,0,2,2,1,202300008895B01,7,15,1,246701064
202300008898,2023-07-11,2023,juillet,mardi,07:15,63,63204,45.80429106,3.20082178,1,1,3,1,1,3,2,2,1,1,,-1,1,0,1,4,1,16,5,1,2,0,2,1,1,202300008898B01,7,5,1,200070753
202300008932,2023-07-10,2023,juillet,lundi,14:45,17,17225,45.740005,-1.168499,1,1,3,1,1,3,2,2,1,3,,5.5,1,0,1,3,1,60,5,1,2,0,2,8,1,202300008932B01,10,17,1,241700640
202300008935,2023-07-11,2023,juillet,mardi,08:20,17,17207,46.21659,-1.460495,1,3,1,1,1,3,2,2,1,1,,-1,1,5,1,2,1,85,5,1,2,0,2,1,15,202300008935A01,33,1,1,241700459
202300008941,2023-08-20,2023,août,dimanche,11:20,17,17466,46.178404,-0.938194,1,1,3,1,1,3,2,2,1,1,,5,1,0,1,1,1,62,5,1,2,0,2,0,21,202300008941A01,1,21,1,241700434
202300008941,2023-08-20,2023,août,dimanche,11:20,17,17466,46.178404,-0.938194,1,1,3,1,1,3,2,2,1,1,,5,1,0,1,3,2,58,5,1,2,0,2,2,21,202300008941B01,1,21,1,241700434
202300008946,2023-07-08,2023,juillet,samedi,10:40,85,85035,46.630478,-1.879476,2,1,1,1,1,4,2,2,2,4,,-1,1,0,5,4,1,72,5,1,2,0,9,0,14,202300008946A01,1,13,1,200023778
202300008946,2023-07-08,2023,juillet,samedi,10:40,85,85035,46.630478,-1.879476,2,1,1,1,1,4,2,2,2,4,,-1,1,0,5,1,1,38,5,1,2,0,0,0,13,202300008946B01,1,14,1,200023778
202300008957,2023-07-07,2023,juillet,vendredi,14:00,22,22162,48.781741,-3.047671,2,1,7,1,1,4,1,1,3,1,,-1,1,0,4,2,2,74,0,2,,12,0,0,0,202300008957A01,,,,200067981
202300008980,2023-06-04,2023,juin,dimanche,12:00,54,54431,48.92157,6.04018,1,9,3,1,1,9,2,2,1,1,,-1,1,0,5,4,1,61,5,2,,0,2,1,16,202300008980A01,1,1,1,200041515
202300008980,2023-06-04,2023,juin,dimanche,12:00,54,54431,48.92157,6.04018,1,9,3,1,1,9,2,2,1,1,,-1,1,0,5,4,2,58,5,2,,0,2,8,1,202300008980B01,1,16,1,200041515
202300009039,2023-08-19,2023,août,samedi,11:30,06,06152,43.643055,7.050176,1,1,3,1,1,3,2,2,2,1,,6,1,0,1,3,1,50,5,1,2,0,2,1,1,202300009039B01,7,15,1,240600585
202300009056,2023-03-22,2023,mars,mercredi,15:30,2B,2B123,42.01703,9.40419,2,3,3,1,1,3,2,-1,-1,-1,,-1,-1,-1,-1,3,2,60,1,1,2,0,2,3,1,202300009056B01,7,5,1,200033827
202300009062,2023-03-21,2023,mars,mardi,15:10,12,12154,43.886987,2.812913,1,4,3,1,1,3,2,3,1,3,,-1,1,5,1,3,1,38,5,1,2 / 9,0,2,1,1,202300009062A01,10,15,1,200067163
202300009067,2023-03-19,2023,mars,dimanche,10:00,86,86023,46.89977,0.257442,1,1,6,1,1,3,2,2,2,1,,-1,1,0,1,3,1,68,5,1,2 / 6,0,0,1,2,202300009067A01,,,,248600447
202300009069,2023-03-21,2023,mars,mardi,13:00,86,86160,46.7847,0.182413,2,1,1,1,1,4,2,2,1,1,,4,1,0,1,3,1,71,5,2,,0,2,3,13,202300009069A01,2,1,1,200069763
202300009074,2023-03-14,2023,mars,mardi,17:50,68,68126,47.561639,7.545767,1,1,3,1,1,3,2,2,1,1,,4,1,0,1,4,1,48,1,2,,0,2,8,2,202300009074B01,7,2,1,200066058
202300009098,2023-03-22,2023,mars,mercredi,15:00,16,16070,45.868115,0.730036,2,1,6,1,1,4,2,2,2,1,,3,1,0,1,3,1,57,5,2,,1,0,6,2,202300009098A01,,,,200072049
202300009103,2023-08-20,2023,août,dimanche,12:45,33,33527,44.62768,-1.022704,1,1,1,1,1,3,2,2,1,1,,5.5,1,0,1,3,1,12,5,2,,0,2,1,13,202300009103B01,7,1,1,243300563
202300009104,2023-03-22,2023,mars,mercredi,11:00,68,68321,47.827377,7.250676,2,1,3,1,1,3,2,2,1,1,,4,1,0,1,3,1,79,5,1,2,0,2,8,1,202300009104B01,7,2,1,200066009
202300009107,2023-08-19,2023,août,samedi,09:00,33,33527,44.629959,-1.021562,2,2,3,1,1,3,2,2,1,1,,-1,1,0,1,3,1,76,5,1,2 / 6,0,2,8,19,202300009107B01,7,4,1,243300563
202300009121,2023-03-20,2023,mars,lundi,15:20,33,33496,44.831526,-0.399671,2,6,3,1,1,3,2,2,1,2,,7,1,0,1,3,1,69,5,1,2,0,2,8,1,202300009121B01,7,16,1,243301355
202300009122,2023-08-17,2023,août,jeudi,11:30,77,77175,48.647392,2.671724,1,3,3,1,1,3,-1,-1,1,-1,,-1,-1,-1,-1,3,1,44,5,1,2,0,0,1,0,202300009122A01,10,0,1,200070779
202300009156,2023-08-19,2023,août,samedi,11:50,05,05177,44.583239,6.682885,1,1,1,1,1,3,2,2,2,3,,5.5,1,0,1,3,2,29,5,1,2,0,2,8,13,202300009156A01,33,1,1,200067452
202300009176,2023-08-16,2023,août,mercredi,16:30,13,13041,43.462794,5.483358,2,3,3,1,1,4,2,2,1,1,,-1,1,0,1,3,2,14,5,1,2,0,2,1,1,202300009176A01,7,1,1,200054807
202300009188,2023-09-18,2023,septembre,lundi,15:50,54,54395,48.68312,6.171458,2,2,3,1,3,4,1,2,1,1,,-1,2,0,1,4,1,26,5,2,,0,2,1,1,202300009188A01,7,1,1,245400676
202300009208,2023-08-19,2023,août,samedi,18:48,03,03006,46.125694,3.705128,1,1,3,1,1,3,2,2,2,2,,5.5,1,0,1,1,1,68,5,1,2,0,2,3,13,202300009208A01,33,1,1,200071363
202300009233,2023-08-16,2023,août,mercredi,08:35,65,65006,42.91018,0.286873,1,1,7,1,1,3,2,2,2,1,,4,1,0,1,4,1,50,5,1,2 / 9,0,0,1,1,202300009233A01,,,,246500573
202300009235,2023-08-13,2023,août,dimanche,12:20,65,65059,42.910533,0.175738,1,1,3,1,1,3,2,2,2,1,,7,1,0,1,3,1,57,5,1,2,0,2,6,1,202300009235B01,1,1,1,246500482
202300009235,2023-08-13,2023,août,dimanche,12:20,65,65059,42.910533,0.175738,1,1,3,1,1,3,2,2,2,1,,7,1,0,1,1,1,29,5,1,2,0,2,2,1,202300009235A01,1,1,1,246500482
202300009246,2023-08-17,2023,août,jeudi,18:40,17,17452,45.792529,-1.178445,2,1,4,1,7,3,2,2,1,1,,5.5,1,0,1,4,1,58,5,2,,0,0,3,19,202300009246C01,33,23 / 21,2,241700640
202300009250,2023-08-20,2023,août,dimanche,08:00,17,17240,45.273471,-0.402278,1,1,2,1,7,4,2,2,1,1,,-1,1,5,1,2,1,84,5,1,2,0,2,4,1,202300009250B01,7,1,1,200041523
202300009341,2023-09-19,2023,septembre,mardi,18:00,55,55533,48.612711,5.669299,2,1,3,1,1,3,2,2,1,1,,5.5,1,0,1,3,1,18,1,2,,0,2,3,21,202300009341B01,7,14,1,200066157