Num_Acc,date,an,mois,jour,hrmn,dep,com,lat,long,agg,int,col,lum,atm,catr,circ,nbv,prof,plan,lartpc,larrout,surf,infra,situ,grav,sexe,age,trajet,secuexist,equipement,obs,obsm,choc,manv,vehiculeid,typevehicules,manoeuvehicules,numVehicules,_infos_commune.code_epci
202300017649,2023-04-24,2023,avril,lundi,13:30,973,97307,4.89502,-52.330713,2,3,3,1,2,4,1,-1,1,1,,-1,2,0,1,3,1,65,0,2,,0,2,4,5,202300017649B01,7,16,1,249730045
202300017651,2023-04-25,2023,avril,mardi,09:06,69,69019,46.10109,4.734035,2,3,2,1,1,3,2,2,2,1,,-1,1,0,1,3,2,23,3,2,,0,2,4,15,202300017651B01,38,2,1,200067817
202300017654,2023-04-24,2023,avril,lundi,14:40,13,13040,43.446906,5.556046,2,1,3,1,1,4,2,1,1,1,,-1,1,0,1,4,2,5,5,1,2,0,2,1,26,202300017654B01,7,1,1,200054807
202300017717,2023-04-22,2023,avril,samedi,17:00,988,98818,-22.26831,166.47268,2,3,3,1,1,4,2,2,1,1,,-1,1,5,1,4,1,46,5,1,8,0,2,1,19,202300017717A01,7,1,1,
202300017743,2023-08-07,2023,août,lundi,18:35,17,17486,46.002688,-1.342348,1,1,6,1,1,4,2,2,1,1,,-1,1,5,5,1,1,74,5,2,,0,9,1,0,202300017743A01,1,0,1,241700624
202300017743,2023-08-07,2023,août,lundi,18:35,17,17486,46.002688,-1.342348,1,1,6,1,1,4,2,2,1,1,,-1,1,5,5,3,2,57,5,2,,0,2,8,0,202300017743B01,1,0,1,241700624
202300017757,2023-07-16,2023,juillet,dimanche,08:30,987,98722,-17.592,-149.391,1,1,2,1,1,2,2,2,1,1,,-1,1,0,1,3,1,71,5,1,2,0,0,4,1,202300017757B01,7,1,1,
202300017761,2023-08-11,2023,août,vendredi,08:30,974,97415,-21.107918,55.254375,2,3,3,1,1,2,2,-1,4,1,,-1,1,0,1,2,1,31,1,1,2,0,2,1,1,202300017761A01,13,15,1,249740101
202300017796,2023-08-10,2023,août,jeudi,14:10,61,61382,48.460984,-0.057806,1,2,3,1,1,4,2,2,1,1,,-1,1,0,1,3,1,18,5,2,,0,2,7,2,202300017796A01,7,1,1,246100663
202300017801,2023-08-09,2023,août,mercredi,15:00,29,29247,47.932808,-4.020642,2,6,3,1,7,4,1,1,2,1,,-1,1,0,1,3,1,48,3,2,,0,2,8,1,202300017801B01,7,9,1,242900660
202300017803,2023-08-09,2023,août,mercredi,16:20,59,59053,50.29277,3.785876,2,1,3,1,1,3,2,2,2,2,,5,1,2,1,3,1,25,5,1,2,0,2,1,1,202300017803A01,10,15,1,200043321
202300017813,2023-07-06,2023,juillet,jeudi,08:35,22,22049,48.542701,-2.214893,1,1,1,1,1,3,2,2,2,1,,-1,1,8,1,2,1,82,5,1,2 / 6,0,2,1,1,202300017813B01,20,26,1,200068989
202300017830,2023-07-05,2023,juillet,mercredi,10:30,61,61146,48.63271,-0.552443,2,3,3,1,1,3,2,2,1,3,,4,1,0,1,3,1,64,5,1,2,0,2,7,1,202300017830A01,14,15,1,200035814
202300017846,2023-07-05,2023,juillet,mercredi,17:00,45,45329,47.935261,2.993976,2,3,3,1,1,4,2,2,1,1,,-1,1,0,1,3,1,14,5,1,2,0,2,8,9,202300017846B01,7,1,1,200067668
202300017991,2023-06-23,2023,juin,vendredi,19:00,971,97101,16.23029,-61.52032,2,9,6,3,2,4,2,1,2,4,,-1,2,0,8,4,1,23,0,2,,0,2,0,2,202300017991A01,10,0,1,200018653
202300018015,2023-11-18,2023,novembre,samedi,13:50,17,17420,46.10835,-1.051426,1,4,3,1,1,3,2,2,1,2,,5.8,1,0,1,3,1,62,5,1,2,0,2,7,1,202300018015A01,7,9,1,241700434
202300018016,2023-05-31,2023,mai,mercredi,09:55,44,44109,47.23832,-1.5868,2,3,4,1,1,4,1,1,1,1,,-1,1,0,1,4,1,10,0,1,2,0,0,0,0,202300018016C01,7 / 10,0 / 9,2,244400404
202300018040,2023-11-19,2023,novembre,dimanche,10:30,87,87202,45.892695,1.05436,2,1,6,1,2,3,2,2,2,1,,7,2,0,1,4,1,39,5,1,2,0,2,1,1,202300018040B01,7,26,1,248719312
202300018042,2023-08-09,2023,août,mercredi,10:45,29,29020,48.05297484,-4.05322552,1,2,3,1,1,4,2,2,2,1,,-1,1,0,1,3,1,78,5,1,2,0,2,1,1,202300018042A01,7,1,1,200068120
202300018053,2023-08-08,2023,août,mardi,16:30,01,01093,46.123758,4.950266,1,1,3,1,1,3,2,2,4,1,,7,1,0,3,4,1,63,3,2,,0,2,6,1,202300018053B01,7,21,1,200069193
202300018055,2023-08-09,2023,août,mercredi,18:30,26,26125,44.756867,4.95139,1,9,6,1,7,3,2,2,1,1,,5.5,1,0,1,3,2,30,1,1,2,0,2,1,1,202300018055B01,10,13,1,242600252
202300018119,2023-11-17,2023,novembre,vendredi,14:30,72,72367,47.962385,-0.075121,2,1,6,1,1,3,-1,2,1,1,,5,1,0,1,3,1,66,5,1,2,1,0,1,1,202300018119B01,7,24,1,200040475
202300018123,2023-11-18,2023,novembre,samedi,11:35,06,06059,43.729088,7.367352,1,1,1,1,1,7,2,2,2,3,,5.5,1,0,1,3,1,50,5,2,,0,2,4,5,202300018123A01,7,1,1,200030195
202300018124,2023-08-09,2023,août,mercredi,20:00,34,34189,43.283758,2.736293,2,6,3,1,1,3,1,1,1,2,,7,1,0,3,4,1,77,0,2,,0,0,7,0,202300018124B01,7,9,1,200066348
202300018143,2023-11-19,2023,novembre,dimanche,11:00,21,21003,47.383049,5.025124,1,1,2,1,1,7,2,2,1,2,,7,2,0,1,3,1,59,5,1,2,0,2,8,1,202300018143B01,7,1,1,242100410
202300018150,2023-08-09,2023,août,mercredi,15:25,49,49298,47.46916,-0.695432,2,3,3,1,1,4,2,2,1,2,,-1,1,0,1,3,1,52,1,1,2 / 4,0,2,7,15,202300018150B01,7,19,1,244900015
202300018214,2023-11-19,2023,novembre,dimanche,12:30,83,83077,43.297409,5.983461,1,1,3,1,1,3,2,2,1,1,,5.5,1,0,1,3,1,19,5,1,2,0,0,8,2,202300018214B01,33,2,1,200068104
202300018228,2023-11-18,2023,novembre,samedi,16:45,42,42147,45.602553,4.069874,2,1,3,2,1,3,2,3,2,1,,9,1,0,5,4,1,65,5,1,2,0,2,1,1,202300018228B01,10,16,1,200065886
202300018234,2023-11-17,2023,novembre,vendredi,18:40,38,38474,45.199129,5.670305,2,1,3,5,2,7,2,2,1,1,,-1,2,0,1,3,1,37,5,2,,0,2,7,26,202300018234B01,7,0,1,200040715
202300018300,2023-05-31,2023,mai,mercredi,15:40,85,85109,46.860917,-1.019669,2,1,3,1,1,4,2,2,1,1,,-1,1,0,1,4,1,18,5,2,,0,2,7,19,202300018300B01,7,1,1,248500621
202300018329,2023-05-03,2023,mai,mercredi,18:20,35,35069,48.056215,-1.450158,2,3,3,1,1,3,2,2,2,1,,-1,1,0,1,4,1,10,5,2,,0,2,1,1,202300018329A01,7,1,1,243500659
202300018372,2023-05-31,2023,mai,mercredi,14:45,971,97125,16.268568,-61.309955,2,1,2,1,1,4,2,2,1,1,,-1,1,0,1,3,1,64,5,2,,0,0,4,1,202300018372A01,7,1,1,200041507
202300018427,2023-03-14,2023,mars,mardi,08:40,33,33039,44.79788452,-0.55269331,2,3,3,1,2,4,-1,-1,1,1,,-1,2,0,1,4,1,4,1,1,3 / 2,0,2,3,1,202300018427B01,7,16,1,243300316
202300018607,2023-03-14,2023,mars,mardi,04:45,77,77247,48.770117,3.340468,1,1,3,3,3,3,2,2,1,1,,7,2,0,1,4,1,54,1,1,4,0,2,8,1,202300018607A01,7,1,1,200072544
202300018613,2023-09-14,2023,septembre,jeudi,07:50,973,97302,4.9303399,-52.30899274,2,3,3,1,1,4,2,2,1,1,,-1,1,0,1,4,1,18,2,2,,0,2,1,15,202300018613A01,7,15,1,249730045
202300018681,2023-03-15,2023,mars,mercredi,17:55,64,64230,43.206048,-0.384994,1,1,7,1,1,3,2,2,1,2,,-1,1,0,1,3,1,74,5,1,2,0,0,0,0,202300018681A01,,,,200067254
202300018705,2023-12-22,2023,décembre,vendredi,19:35,54,54395,48.68982,6.19348,2,1,6,5,2,4,-1,2,1,1,,-1,2,0,1,4,1,31,4,1,2,0,2,4,1,202300018705B01,7,2 / 0,2,245400676
202300018707,2023-09-14,2023,septembre,jeudi,18:00,63,63113,45.79335,3.10894,2,7,3,1,1,4,2,2,1,1,,-1,1,0,1,4,1,4,0,2,,0,9,3,19,202300018707B01,7,19,1,246300701
202300018728,2023-09-13,2023,septembre,mercredi,16:10,54,54395,48.67589,6.16974,2,3,7,1,1,4,1,-1,1,1,,-1,1,0,1,4,1,37,0,1,2,0,2,0,21,202300018728B01,7,20,1,245400676
202300018731,2023-09-13,2023,septembre,mercredi,10:50,54,54395,48.67560114,6.17644608,2,1,6,1,1,4,1,2,1,1,,-1,1,8,8,1,1,27,0,1,2,0,1,0,1,202300018731A01,,,,245400676
202300018743,2023-03-12,2023,mars,dimanche,17:00,971,97101,16.2548846,-61.53243899,2,9,3,1,1,3,2,1,1,1,,-1,1,0,1,3,1,8,0,2,,14,2,1,16,202300018743B01,7,14,1,200018653
202300018752,2023-09-14,2023,septembre,jeudi,07:45,47,47001,44.20034,0.63187,2,3,3,1,1,4,1,1,1,3,,-1,1,0,1,4,1,27,1,2,,0,2,1,0,202300018752A01,7,16,1,200096956
202300018864,2023-03-13,2023,mars,lundi,08:40,94,94043,48.804989,2.344552,2,2,6,1,2,3,3,2,2,1,,-1,2,5,1,4,1,23,4,2,,0,9,0,23,202300018864Y01,,,,200054781
202300018937,2023-09-14,2023,septembre,jeudi,16:48,28,28006,48.436764,1.422955,1,3,3,1,1,3,1,-1,1,1,,-1,1,0,1,2,1,87,5,2,,0,2,8,19,202300018937B01,17,21,1,200033181
202300018953,2023-09-14,2023,septembre,jeudi,14:35,32,32234,43.575539,1.021407,1,1,6,1,1,4,2,2,1,3,,-1,1,0,1,3,1,77,5,1,2 / 6,0,0,0,1,202300018953A01,1,1,1,200023620
202300018953,2023-09-14,2023,septembre,jeudi,14:35,32,32234,43.575539,1.021407,1,1,6,1,1,4,2,2,1,3,,-1,1,0,1,4,1,82,5,1,2 / 6,0,2,0,1,202300018953B01,1,1,1,200023620
202300018993,2023-09-15,2023,septembre,vendredi,06:35,43,43084,44.978992,3.857274,1,1,5,2,1,2,2,2,1,3,,7,1,0,1,3,2,20,1,1,2,0,0,4,2,202300018993B01,33 / 17,0 / 1,2,200073419
202300019034,2023-09-14,2023,septembre,jeudi,11:50,04,04193,44.527678,6.716804,1,1,7,1,1,3,2,2,2,2,,5.5,1,0,1,3,1,51,5,1,2,0,0,8,21,202300019034A01,,,,200072304
202300019053,2023-09-15,2023,septembre,vendredi,18:00,85,85198,46.99101,-1.044468,2,3,3,1,1,3,2,-1,1,3,,-1,1,0,1,3,1,11,5,2,,0,2,8,15,202300019053A01,7,1,1,248500662
202300019061,2023-09-13,2023,septembre,mercredi,17:20,27,27161,49.065558,1.027865,1,1,3,1,1,3,-1,1,1,1,,-1,1,0,1,3,1,49,9,1,2,0,0,2,2,202300019061B01,7,2,1,242700276
202300019118,2023-01-30,2023,janvier,lundi,17:00,59,59509,50.41723,3.09118,2,3,3,1,1,3,2,2,1,1,,-1,1,0,1,3,1,44,0,2,,0,2,1,1,202300019118B01,7,15,1,200044618
202300019205,2023-02-01,2023,février,mercredi,08:45,91,91553,48.619141,2.493,2,1,3,1,1,3,3,1,1,1,,-1,1,0,1,4,1,72,0,1,2,12,0,8,1,202300019205A01,14,2,1,200059228
202300019210,2023-01-30,2023,janvier,lundi,10:05,2B,2B049,42.513733,8.849675,1,1,6,1,1,3,2,2,2,3,,-1,1,0,1,3,1,65,5,1,2,6,0,9,1,202300019210A01,,,,242020105
202300019245,2023-01-30,2023,janvier,lundi,11:20,973,97302,4.92422,-52.32415,2,6,2,1,1,3,1,2,1,3,,-1,1,0,1,3,2,59,0,2,,0,2,4,1,202300019245B01,7,9,1,249730045
202300019273,2023-01-30,2023,janvier,lundi,08:38,47,47001,44.19929,0.62273,2,1,6,1,1,4,2,2,1,1,,-1,1,0,1,4,1,56,1,2,,0,2,1,18,202300019273P01,7,22,1,200096956
202300019359,2023-10-16,2023,octobre,lundi,13:00,87,87002,45.940424,1.367497,1,1,1,1,1,3,2,2,2,2,,5.5,1,0,1,3,1,59,5,1,2,0,2,1,1,202300019359B01,7,13,1,200066512
202300019383,2023-10-14,2023,octobre,samedi,15:20,50,50487,48.536897,-1.358009,1,1,3,1,1,3,2,2,1,1,,5.5,1,0,1,4,2,78,5,1,2 / 4,0,2,8,2,202300019383B01,7,2,1,200069425
202300019388,2023-10-16,2023,octobre,lundi,09:25,27,27425,49.151426,0.719079,2,1,7,1,1,4,2,2,2,1,,-1,1,0,1,2,1,64,5,2,,0,0,1,0,202300019388A01,,,,200066413
202300019392,2023-10-13,2023,octobre,vendredi,14:55,88,88116,47.965979,6.8505,1,1,6,1,1,3,2,2,1,1,,4,1,0,1,3,1,63,5,1,2,1,0,1,1,202300019392A01,,,,200096634
202300019393,2023-10-14,2023,octobre,samedi,18:25,78,78455,48.84067,2.066991,2,3,3,1,1,4,2,-1,1,1,,-1,1,0,1,4,2,64,3,2,,0,2,1,1,202300019393B01,7,15,1,247800584
202300019402,2023-10-15,2023,octobre,dimanche,10:00,83,83068,43.283294,6.590461,2,1,6,1,1,3,-1,2,1,1,,5.5,1,9,5,3,1,72,5,1,2,8,9,1,1,202300019402A01,,,,200036077
202300019405,2023-10-15,2023,octobre,dimanche,17:00,67,67112,48.513197,7.568437,1,2,3,1,1,3,2,-1,1,1,,-1,1,0,1,3,1,36,5,1,2,0,2,1,19,202300019405A01,7,1,1,246701064
202300019406,2023-10-13,2023,octobre,vendredi,17:25,67,67540,48.795983,7.718945,1,2,3,1,1,3,2,2,1,1,,4,1,0,1,4,1,39,5,1,2,0,0,2,1,202300019406A01,10,19,1,200067874
202300019504,2023-04-23,2023,avril,dimanche,15:21,63,63178,45.546083,3.225635,2,3,3,1,1,4,2,2,1,1,,-1,1,0,1,3,1,55,5,1,2 / 6,0,2,1,2,202300019504B01,7,16,1,200070407
202300019533,2023-04-24,2023,avril,lundi,13:20,77,77231,48.997659,3.007207,2,1,3,1,1,3,2,2,2,1,,4,1,0,1,4,1,55,5,1,2 / 6 / 9,0,2,1,17,202300019533B01,7,11,1,247700065
202300019640,2023-07-05,2023,juillet,mercredi,09:50,26,26101,44.554953,5.089095,1,1,3,1,1,3,2,2,2,3,,5.5,1,0,1,3,1,49,5,1,2 / 6 / 9,0,2,1,13,202300019640B01,15,1,1,242600492
202300019678,2023-07-05,2023,juillet,mercredi,19:30,58,58051,46.948548,3.140358,1,1,7,1,1,4,-1,2,1,2,,-1,1,2,4,3,1,29,5,2,,6,0,1,0,202300019678A01,,,,245804406
202300019680,2023-06-15,2023,juin,jeudi,18:20,68,68069,47.974356,7.489768,2,4,7,1,1,3,2,-1,1,1,,-1,1,0,4,3,1,52,5,1,2,6,0,0,21,202300019680A01,,,,200066025
202300019683,2023-07-05,2023,juillet,mercredi,08:30,55,55366,48.81513,5.10463,1,2,1,1,7,3,2,-1,1,1,,-1,1,0,1,3,1,70,5,1,2,0,2,1,23,202300019683B01,7,15,1,200033025
202300019688,2023-07-04,2023,juillet,mardi,19:40,17,17360,46.153765,-1.296387,1,1,4,1,3,3,2,2,1,1,,-1,2,0,5,3,1,25,5,1,2,0,2,4,1,202300019688B01,7,1,1,241700459
202300019688,2023-07-04,2023,juillet,mardi,19:40,17,17360,46.153765,-1.296387,1,1,4,1,3,3,2,2,1,1,,-1,2,0,5,3,1,31,5,1,2,0,2,4,1,202300019688C01,7,1,1,241700459
202300019695,2023-06-30,2023,juin,vendredi,15:55,44,44204,47.26679001,-1.44122601,2,6,3,1,1,7,2,2,1,2,,-1,1,5,1,3,1,66,5,2,,0,2,7,16,202300019695B01,7,9,1,244400404
202300019793,2023-07-03,2023,juillet,lundi,13:15,91,91216,48.66866,2.33816,2,1,3,1,1,3,3,0,1,1,,0,1,0,1,3,1,59,5,1,2,0,2,7,19,202300019793A01,7,1,1,200056232
202300019858,2023-07-02,2023,juillet,dimanche,18:09,34,34172,43.63742,3.82234,2,2,3,1,1,4,3,-1,1,1,,-1,1,5,1,3,2,41,0,1,2,0,2,7,1,202300019858B01,7,21,1,243400017
202300019913,2023-07-04,2023,juillet,mardi,18:00,68,68145,48.080237,7.401298,2,1,6,1,1,3,2,2,1,2,,5.5,1,0,5,4,1,74,5,1,2,0,2,1,26,202300019913B01,10,22,1,246800726
202300019983,2023-08-09,2023,août,mercredi,14:15,15,15028,44.89589,2.551317,1,1,3,1,1,3,2,2,1,1,,7,1,0,1,4,1,76,5,1,2 / 6,0,2,8,1,202300019983B01,7,17,1,241500230
202300020001,2023-11-17,2023,novembre,vendredi,10:20,94,94076,48.8011,2.36521,2,9,3,1,2,3,1,5,2,3,,15,2,0,1,4,2,43,1,2,,0,2,1,19,202300020001B01,10,16,1,200054781
202300020003,2023-07-28,2023,juillet,vendredi,11:40,40,40273,43.497893,-1.381318,2,1,3,1,1,3,2,2,1,1,,4,1,0,1,3,2,80,5,1,2,0,2,3,9,202300020003A01,7,1,1,244000659
202300020024,2023-05-31,2023,mai,mercredi,14:45,60,60406,49.316027,2.547594,2,3,3,1,1,3,2,-1,1,1,,-1,1,0,1,4,1,66,5,1,2,0,2,1,1,202300020024B01,7,9,1,246000921
202300020033,2023-08-08,2023,août,mardi,18:40,95,95351,49.028808,2.500033,1,6,2,1,1,3,3,4,1,2,,-1,1,0,1,4,1,57,5,1,2,0,0,4,11,202300020033B01,7,9,1,200055655
202300020053,2023-08-08,2023,août,mardi,17:18,40,40244,43.696218,-1.158025,1,1,6,1,1,3,2,2,1,2,,4,1,0,1,3,1,67,5,2,,0,2,3,2,202300020053B01,15,2,1,244000675
202300020064,2023-05-31,2023,mai,mercredi,13:00,63,63178,45.543407,3.243035,2,1,2,1,1,9,2,2,1,1,,-1,1,0,1,3,1,70,5,1,2,0,2,4,1,202300020064B01,7,1,1,200070407
202300020105,2023-11-18,2023,novembre,samedi,11:55,21,21339,47.3378356,4.85839021,1,1,1,1,1,3,2,2,2,2,,4,2,0,1,3,1,49,5,1,2 / 6,0,2,1,1,202300020105A01,7,1,1,200039055
202300020160,2023-11-17,2023,novembre,vendredi,18:15,64,64386,43.189271,-0.250379,2,2,3,5,1,3,2,-1,1,1,,-1,1,0,1,4,1,53,9,2,,0,2,8,15,202300020160A01,7,17,1,246401756
202300020224,2023-11-18,2023,novembre,samedi,16:00,63,63284,45.812081,3.240023,2,6,3,1,1,3,1,1,1,2,,5.5,1,0,1,4,1,32,0,1,2,0,2,7,1,202300020224B01,7,9,1,246300701
202300020271,2023-08-08,2023,août,mardi,07:30,06,06118,43.650268,6.815976,1,6,3,2,1,3,2,2,1,1,,6,1,0,1,3,1,60,5,1,2 / 6,0,2,7,1,202300020271B01,7,9,1,200039857
202300020390,2023-05-30,2023,mai,mardi,08:15,76,76342,49.656867,0.545199,1,1,3,1,1,4,2,2,2,1,,-1,1,0,1,3,1,10,2,1,2,0,2,8,26,202300020390B01,7,2,1,200010700
202300020415,2023-05-30,2023,mai,mardi,15:45,23,23193,46.13953,1.906943,1,1,7,1,1,4,2,2,2,1,,-1,1,0,1,3,1,65,5,2,,2,0,0,1,202300020415A01,,,,200034825
202300020424,2023-05-30,2023,mai,mardi,07:45,84,84134,44.181207,4.887163,1,1,2,1,1,3,2,2,1,2,,4,1,0,1,3,1,74,5,2,,0,2,4,2,202300020424B01,10,2,1,248400160
202300020431,2023-05-28,2023,mai,dimanche,10:10,56,56168,47.589487,-3.132999,1,1,2,1,7,9,2,2,1,1,,-1,1,-1,5,3,1,57,5,1,2 / 6,0,2,1,1,202300020431B01,1,1,1,200043123
202300020431,2023-05-28,2023,mai,dimanche,10:10,56,56168,47.589487,-3.132999,1,1,2,1,7,9,2,2,1,1,,-1,1,-1,5,1,1,42,5,1,2 / 6,14,2,1,1,202300020431A01,1,1,1,200043123
202300020519,2023-09-12,2023,septembre,mardi,13:00,54,54395,48.68974686,6.15914047,2,1,2,1,1,4,2,2,2,1,,-1,1,0,1,4,1,21,4,2,,0,2,1,1,202300020519A01,7,1,1,245400676
202300020552,2023-01-30,2023,janvier,lundi,08:00,33,33063,44.83362,-0.59088,2,3,3,2,1,4,1,1,1,1,,-1,1,5,1,3,2,59,1,1,2 / 4,0,2,1,15,202300020552B01,1,25,1,243300316
202300020552,2023-01-30,2023,janvier,lundi,08:00,33,33063,44.83362,-0.59088,2,3,3,2,1,4,1,1,1,1,,-1,1,5,1,1,1,35,1,1,2 / 6,0,2,1,25,202300020552A01,1,15,1,243300316
202300020677,2023-03-12,2023,mars,dimanche,09:15,29,29008,48.067125,-4.561129,1,1,7,1,1,3,2,2,1,1,,-1,2,0,1,4,2,53,5,1,2,0,0,1,0,202300020677A01,,,,242900629
202300020682,2023-03-10,2023,mars,vendredi,12:00,06,06085,43.613525,6.998955,2,2,3,1,6,4,2,1,2,1,,-1,1,0,1,3,1,50,5,2,,0,2,1,16,202300020682B01,7,0,1,200039915
202300020714,2023-09-11,2023,septembre,lundi,07:10,17,17131,45.583579,-0.836699,2,2,3,3,1,4,2,2,3,1,,-1,1,0,1,4,1,55,1,1,4,0,2,1,1,202300020714A01,7,19,1,241700640
202300020717,2023-07-22,2023,juillet,samedi,16:15,84,84069,44.170539,5.126688,2,1,3,1,1,3,2,2,2,1,,5.5,1,0,1,3,1,61,5,2,,0,0,3,0,202300020717A01,13,0,1,248400053
202300020736,2023-01-30,2023,janvier,lundi,18:10,75,75104,48.857271,2.357366,2,3,6,5,1,4,2,2,1,1,,-1,1,-1,5,4,1,26,1,1,2,0,1,1,1,202300020736A01,,,,200054781
202300020747,2023-09-14,2023,septembre,jeudi,11:50,65,65108,43.290264,0.094038,1,3,3,1,7,3,2,2,1,1,,4,1,0,1,3,1,81,5,1,2,0,2,2,1,202300020747B01,17,9,1,200069300
202300020766,2023-09-14,2023,septembre,jeudi,15:40,61,61075,48.510594,-0.612093,1,1,7,1,1,3,2,2,2,1,,4,1,0,1,3,1,61,5,1,2,0,0,0,1,202300020766A01,,,,200068443
202300020796,2023-09-03,2023,septembre,dimanche,10:50,78,78406,48.725188,2.04887,2,4,6,1,1,4,2,2,2,3,,-1,1,0,1,4,1,29,5,1,2,0,2,0,1,202300020796B01,35,1,1,200033173
202300020798,2023-01-31,2023,janvier,mardi,11:00,83,83036,43.17393,6.527805,2,1,6,1,1,4,2,2,2,1,,4,1,0,1,1,1,45,5,2,,0,1,1,1,202300020798A01,,,,200036077
202300020834,2023-01-31,2023,janvier,mardi,12:50,37,37156,47.391072,0.844166,2,1,6,1,1,4,1,1,2,1,,3,2,0,3,2,1,80,5,1,2,6,0,1,1,202300020834A01,,,,200073161
202300020872,2023-09-13,2023,septembre,mercredi,16:30,38,38158,45.155018,5.752904,2,1,1,1,2,4,2,2,1,1,,-1,2,0,5,4,1,49,0,2,,0,2,8,19,202300020872B01,7,16,1,200040715
202300020876,2023-09-13,2023,septembre,mercredi,17:15,26,26220,44.349778,5.116652,2,6,3,1,1,3,1,1,1,2,,3.5,1,0,5,3,1,85,5,1,2 / 6,0,2,1,1,202300020876B01,7,16,1,200068229
202300020908,2023-01-29,2023,janvier,dimanche,11:45,59,59173,50.724702,2.978666,1,1,3,1,1,7,3,2,1,1,,-1,1,0,1,4,1,52,5,1,2 / 9,0,9,7,2,202300020908A01,1,2,1,200093201
202300020908,2023-01-29,2023,janvier,dimanche,11:45,59,59173,50.724702,2.978666,1,1,3,1,1,7,3,2,1,1,,-1,1,0,1,4,1,61,5,1,2 / 9,0,9,8,2,202300020908B01,1,2,1,200093201
202300020940,2023-12-21,2023,décembre,jeudi,15:40,44,44109,47.22532,-1.53088,2,1,6,1,8,4,2,2,2,1,,-1,1,0,1,4,2,62,0,1,2,0,0,0,0,202300020940B01,7,20,1,244400404
202300021013,2023-01-29,2023,janvier,dimanche,10:15,29,29015,48.501283,-4.507195,2,9,6,1,1,4,2,2,1,1,,6,1,0,1,3,1,81,5,1,2,0,5,1,1,202300021013A01,,,,242900553
202300021028,2023-01-30,2023,janvier,lundi,13:30,50,50483,49.104726,-1.175878,2,6,3,1,1,3,1,1,1,2,,-1,2,0,1,4,1,69,5,1,2,0,2,5,1,202300021028B01,7,9,1,200066389
202300021035,2023-01-20,2023,janvier,vendredi,08:00,40,40224,43.547209,-1.113771,2,4,3,2,8,3,2,-1,-1,-1,,-1,-1,-1,-1,2,1,75,5,2,,0,2,1,1,202300021035B01,7,15,1,200069417
202300021038,2023-01-29,2023,janvier,dimanche,12:15,24,24034,44.981151,0.476312,1,2,3,1,8,4,2,2,3,1,,4,1,0,1,4,1,48,5,1,2 / 9,0,2,1,1,202300021038B01,7,19,1,200069094
202300021084,2023-01-30,2023,janvier,lundi,20:00,07,07324,45.067756,4.83458,2,1,1,5,1,3,2,2,1,1,,-1,1,0,8,3,1,22,5,2,,0,2,7,19,202300021084B01,7,1,1,200073096
202300021086,2023-01-28,2023,janvier,samedi,10:50,69,69019,46.108667,4.749656,2,2,3,1,1,3,2,2,1,1,,3,1,9,1,3,1,72,3,2,,0,2,8,19,202300021086B01,7,1,1,200067817
202300021088,2023-01-30,2023,janvier,lundi,09:20,81,81099,43.9079378,1.89792,2,1,3,1,1,3,2,2,1,1,,-1,1,0,1,4,1,86,5,2,,12,2,4,1,202300021088B01,7,1,1,200066124
202300021113,2023-12-21,2023,décembre,jeudi,16:15,94,94078,48.731068,2.44671,2,3,3,1,2,2,-1,-1,1,1,,-1,2,0,1,4,1,56,0,2,,0,2,0,0,202300021113B01,7,2,1,200054781
202300021144,2023-12-20,2023,décembre,mercredi,18:10,18,18146,47.324411,2.855201,1,1,3,3,1,3,2,2,1,1,,5,1,0,1,3,1,14,5,2,,0,0,8,2,202300021144B01,10,2,1,200069227
202300021148,2023-12-21,2023,décembre,jeudi,17:19,51,51217,49.084263,3.657428,1,1,2,3,2,3,2,2,1,1,,7,2,0,1,4,1,34,1,1,4,0,0,4,1,202300021148B01,7,1,1,200066850
202300021178,2023-12-20,2023,décembre,mercredi,20:00,77,77466,48.82237136,2.90315068,2,1,3,5,2,3,2,2,2,1,,-1,2,0,1,4,1,39,5,1,2 / 9,0,2,1,1,202300021178A01,7,15,1,200090504
202300021179,2023-12-22,2023,décembre,vendredi,15:05,34,34081,43.305645,3.137214,1,1,2,1,1,3,2,2,2,1,,6,1,0,1,3,1,17,5,1,2,0,2,4,2,202300021179B01,7,2,1,243400488
202300021180,2023-12-21,2023,décembre,jeudi,19:50,21,21038,47.1944,5.42819,1,1,2,5,2,3,2,2,1,1,,4,2,0,1,3,1,46,1,2,,0,0,4,1,202300021180A01,0,2,1,200070902
202300021242,2023-10-14,2023,octobre,samedi,09:35,80,80136,49.965328,2.717571,1,1,5,1,7,3,2,2,4,1,,7,1,0,1,4,1,48,5,1,2 / 4 / 9,0,0,8,2,202300021242B01,7,2,1,248000747
202300021242,2023-10-14,2023,octobre,samedi,09:35,80,80136,49.965328,2.717571,1,1,5,1,7,3,2,2,4,1,,7,1,0,1,1,1,33,5,1,2 / 6 / 9,0,0,8,2,202300021242C01,7,2,1,248000747