Num_Acc,date,an,mois,jour,hrmn,dep,com,lat,long,agg,int,col,lum,atm,catr,circ,nbv,prof,plan,lartpc,larrout,surf,infra,situ,grav,sexe,age,trajet,secuexist,equipement,obs,obsm,choc,manv,vehiculeid,typevehicules,manoeuvehicules,numVehicules,_infos_commune.code_epci
202300021247,2023-10-14,2023,octobre,samedi,13:45,59,59229,50.041083,4.027637,1,6,2,1,7,3,-1,2,1,1,,5,1,5,1,3,1,75,5,1,2,0,2,4,2,202300021247B01,7,2,1,200043404
202300021258,2023-10-13,2023,octobre,vendredi,00:00,47,47248,44.15905097,0.72293096,1,1,2,3,1,3,2,2,2,1,,-1,1,0,1,2,1,54,1,1,4,13,0,4,0,202300021258A01,7,1,1,200096956
202300021260,2023-10-14,2023,octobre,samedi,10:45,29,29160,48.456399,-4.455326,2,3,3,1,1,4,2,2,1,1,,-1,1,0,1,4,2,66,0,2,,0,2,1,16,202300021260B01,7,19,1,242900553
202300021265,2023-10-11,2023,octobre,mercredi,09:25,72,72208,48.106557,0.790436,1,1,3,1,1,3,2,2,3,3,,-1,1,0,1,3,1,77,0,1,2,0,0,0,0,202300021265A01,10,2,1,247200686
202300021272,2023-10-15,2023,octobre,dimanche,14:30,24,24084,44.79627,1.042825,1,1,2,1,1,3,2,2,1,1,,5,1,0,1,2,1,75,5,1,2,0,2,4,2,202300021272B01,10,2,1,200041051
202300021287,2023-10-15,2023,octobre,dimanche,09:00,69,69020,45.85902,4.669581,1,6,1,1,1,3,2,2,4,3,,3,1,0,1,4,1,64,5,1,2,0,2,7,1,202300021287B01,7,9,1,200040574
202300021340,2023-07-04,2023,juillet,mardi,11:40,63,63278,45.931147,3.171723,1,2,3,1,1,3,2,2,1,1,,5.5,1,0,1,3,1,16,5,1,2,0,2,1,1,202300021340A01,7,1,1,200070753
202300021367,2023-07-04,2023,juillet,mardi,16:00,63,63321,45.604798,3.314041,1,1,1,1,1,3,2,2,2,1,,4,1,0,5,3,1,72,5,1,2,0,2,1,5,202300021367B01,7,1,1,200070407
202300021385,2023-07-03,2023,juillet,lundi,12:50,35,35263,48.674176,-1.941914,1,2,3,1,1,4,2,2,2,1,,-1,1,0,1,3,1,74,5,1,2,0,2,1,1,202300021385A01,7,19,1,243500782
202300021431,2023-06-30,2023,juin,vendredi,13:40,24,24207,44.799439,1.276329,1,1,2,1,1,4,2,2,1,1,,-1,1,0,1,4,2,15,5,2,,0,0,4,0,202300021431B01,7,0,1,200041440
202300021464,2023-06-27,2023,juin,mardi,17:00,33,33243,44.918836,-0.242162,2,6,3,1,1,3,1,2,1,2,,-1,1,5,5,4,1,39,1,2,,0,2,8,2,202300021464B01,10,16,1,200070092
202300021570,2023-06-30,2023,juin,vendredi,12:35,12,12145,44.11591,3.06737,2,1,3,1,1,4,2,2,2,1,,-1,1,0,1,4,1,37,5,1,2,0,2,7,17,202300021570A01,7,15,1,241200567
202300021571,2023-04-19,2023,avril,mercredi,17:30,39,39198,47.097965,5.499544,2,1,3,1,1,4,2,2,1,3,,-1,1,9,5,3,1,75,5,2,,0,2,1,1,202300021571B01,7,16,1,200010650
202300021658,2023-07-03,2023,juillet,lundi,12:30,39,39201,46.655915,5.790881,1,1,2,1,1,3,2,2,3,3,,5.5,1,0,1,3,1,36,5,1,2,0,0,4,1,202300021658B01,7,1,1,200090579
202300021701,2023-04-21,2023,avril,vendredi,19:08,76,76529,49.72743,0.562243,2,1,1,1,1,4,2,2,2,1,,-1,1,0,1,3,1,15,5,2,,0,2,1,19,202300021701B01,7,1,1,200069821
202300021706,2023-07-02,2023,juillet,dimanche,09:22,06,06141,43.858018,7.124226,1,1,7,1,1,3,2,2,2,2,,5,1,0,1,4,1,80,5,1,2,0,0,1,0,202300021706A01,,,,200039931
202300021707,2023-04-22,2023,avril,samedi,08:10,71,71016,46.438733,4.766183,1,3,3,1,1,3,-1,2,1,3,,5.5,1,5,8,4,1,56,5,1,2 / 4 / 9,0,2,1,1,202300021707B01,7,15,1,200070308
202300021743,2023-07-27,2023,juillet,jeudi,11:50,69,69018,46.16388973,4.56916345,1,9,3,1,1,3,2,2,1,1,,8,1,0,1,3,1,57,5,1,2,0,2,8,10,202300021743A01,10,2,1,200067817
202300021768,2023-04-22,2023,avril,samedi,09:20,60,60282,49.18438,2.413395,2,2,3,1,3,3,2,-1,1,1,,-1,2,0,1,4,2,34,5,1,2 / 9,0,2,7,1,202300021768B01,7,9,1,246000764
202300021771,2023-08-07,2023,août,lundi,16:16,64,64405,43.322887,-0.299002,2,6,3,1,1,3,4,2,1,2,,7,1,0,1,4,1,71,3,1,4,0,0,8,15,202300021771B01,7,1,1,200067296
202300021772,2023-08-08,2023,août,mardi,10:28,43,43203,45.130136,4.053805,2,1,7,1,1,4,2,2,2,1,,-1,1,0,1,3,1,19,5,1,2 / 6,0,0,0,0,202300021772A01,,,,244301016
202300021779,2023-08-07,2023,août,lundi,20:03,85,85073,46.487945,-1.17705,1,2,3,2,7,4,2,-1,1,1,,-1,1,0,1,3,1,77,5,1,2,0,2,1,1,202300021779B01,7,26,1,200073260
202300021790,2023-08-08,2023,août,mardi,13:45,38,38253,45.033979,6.091704,1,1,1,1,1,3,2,2,2,3,,5.5,1,0,1,3,1,31,5,1,2 / 9,0,2,0,1,202300021790B01,7,1,1,243800745
202300021807,2023-08-06,2023,août,dimanche,16:30,04,04226,44.32064,6.600852,1,1,7,1,1,3,2,2,2,2,,-1,1,0,1,3,1,70,5,1,2,0,0,1,1,202300021807A01,,,,200072304
202300021947,2023-05-30,2023,mai,mardi,09:55,64,64495,43.3555,-1.553986,2,6,3,1,1,3,2,2,1,3,,5,1,0,1,2,1,72,5,2,,0,2,3,2,202300021947B01,7,2,1,200067106
202300021980,2023-05-30,2023,mai,mardi,12:25,971,97103,16.254576,-61.558912,2,9,3,1,1,2,2,1,1,1,,-1,1,0,1,3,1,32,0,2,,0,2,8,15,202300021980B01,7,1,1,200018653
202300021991,2023-08-04,2023,août,vendredi,09:05,47,47001,44.20621,0.61902,2,1,3,1,1,4,2,1,1,1,,-1,1,9,3,3,1,49,1,2,,1,0,1,26,202300021991B01,10,22,1,200096956
202300022001,2023-05-25,2023,mai,jeudi,21:15,95,95351,49.050201,2.502139,2,2,3,2,1,4,2,2,1,3,,-1,1,0,1,3,1,51,5,2,,0,2,7,1,202300022001B01,7,2,1,200055655
202300022031,2023-05-06,2023,mai,samedi,15:30,38,38205,45.124648,5.590475,1,1,6,1,1,4,2,2,1,1,,-1,1,0,1,3,1,63,5,1,2,0,9,8,1,202300022031A01,99,26,1,243801024
202300022066,2023-07-24,2023,juillet,lundi,17:02,33,33009,44.6596,-1.17282,2,3,6,1,1,4,1,1,1,1,,-1,1,0,1,4,1,79,5,1,2,0,2,1,19,202300022066B01,7,1,1,243300563
202300022102,2023-03-10,2023,mars,vendredi,08:25,63,63113,45.78181,3.09542,2,1,1,1,1,4,1,2,1,1,,-1,2,0,1,4,1,28,0,1,2,0,2,1,5,202300022102A01,7,20,1,246300701
202300022205,2023-03-10,2023,mars,vendredi,09:13,33,33069,44.85583,-0.59477,2,3,3,1,6,4,2,2,1,1,,-1,1,0,1,3,1,23,0,2,,0,2,1,1,202300022205B01,7,15,1,243300316
202300022252,2023-01-27,2023,janvier,vendredi,15:45,91,91235,48.6226,2.371379,2,1,6,1,1,4,2,2,1,1,,-1,1,0,4,3,1,18,5,2,,0,0,8,25,202300022252B01,7,26,1,200057859
202300022282,2023-05-26,2023,mai,vendredi,17:30,17,17415,45.747341,-0.635532,2,1,6,1,7,4,2,2,2,1,,-1,1,0,1,1,1,16,0,2,,0,1,1,1,202300022282A01,,,,200036473
202300022356,2023-03-11,2023,mars,samedi,15:00,56,56164,47.656826,-2.862778,2,6,3,1,1,4,2,2,1,1,,-1,1,5,1,3,1,51,5,1,2,0,2,1,1,202300022356B01,7,9,1,200067932
202300022389,2023-03-12,2023,mars,dimanche,15:35,85,85104,46.393651,-1.293946,1,1,7,1,2,4,2,2,1,1,,4,2,0,3,2,1,81,5,2,,0,0,0,0,202300022389A01,,,,200073260
202300022457,2023-03-11,2023,mars,samedi,11:50,62,62056,50.820634,1.595729,2,2,3,1,1,3,2,2,1,1,,4,1,0,1,3,1,54,5,1,2,0,2,8,18,202300022457B01,7,16,1,246200380
202300022468,2023-11-14,2023,novembre,mardi,18:30,38,38189,45.638685,5.057251,1,1,3,3,3,3,2,2,1,1,,7,2,0,1,3,1,40,1,2,,0,2,8,1,202300022468B01,7,2,1,243801255
202300022496,2023-11-15,2023,novembre,mercredi,15:10,59,59034,50.53435,3.084943,2,6,3,1,1,3,1,2,1,3,,5,1,0,1,3,1,51,5,1,2,0,2,1,1,202300022496B01,7,16,1,200041960
202300022537,2023-01-27,2023,janvier,vendredi,20:07,33,33063,44.83924,-0.58464,2,3,3,5,8,4,2,2,1,1,,-1,1,0,1,4,2,52,0,1,2,0,2,8,1,202300022537B01,7,15,1,243300316
202300022538,2023-05-28,2023,mai,dimanche,12:10,49,49026,47.509219,-0.801997,1,6,3,1,1,3,1,2,1,3,,7,1,0,1,3,1,70,5,1,2,0,2,2,2,202300022538B01,7,2,1,200071868
202300022578,2023-11-15,2023,novembre,mercredi,18:20,69,69387,45.73573,4.83625,2,1,2,2,2,4,2,2,1,1,,-1,2,9,1,4,2,20,0,2,,0,2,0,0,202300022578B01,7,0,1,200046977
202300022608,2023-05-29,2023,mai,lundi,15:50,24,24356,45.046469,0.976195,2,1,7,1,7,3,2,2,2,1,,4,1,0,1,2,1,69,5,1,2,0,0,0,1,202300022608A01,,,,200041168
202300022617,2023-05-28,2023,mai,dimanche,13:05,48,48146,44.405941,3.431838,1,4,3,1,1,3,2,2,2,2,,-1,1,0,1,3,1,62,5,1,2,0,2,1,1,202300022617B01,7,15,1,200069151
202300022657,2023-05-26,2023,mai,vendredi,14:35,91,91200,48.533107,2.001448,2,3,5,1,1,3,2,2,1,1,,5,1,0,1,4,1,12,0,2,,1,0,1,1,202300022657A01,7,1 / 23,2,249100595
202300022690,2023-05-29,2023,mai,lundi,09:50,38,38349,45.307953,4.801674,1,2,3,1,1,4,2,2,1,1,,-1,1,0,1,3,1,16,5,2,,0,2,8,19,202300022690B01,7,1,1,200085751
202300022750,2023-11-15,2023,novembre,mercredi,08:00,47,47001,44.19508,0.61231,2,6,3,2,1,3,1,2,1,2,,-1,1,0,1,4,1,28,1,1,4,0,2,2,0,202300022750B01,7,26,1,200096956
202300022844,2023-09-11,2023,septembre,lundi,19:50,54,54274,48.67120857,6.21171176,2,1,3,2,1,4,2,1,2,3,,-1,1,9,5,3,1,55,0,1,2 / 6,0,2,8,26,202300022844B01,50,26,1,245400676
202300022895,2023-09-07,2023,septembre,jeudi,08:03,30,30189,43.82933357,4.36694473,2,3,3,1,1,4,1,1,1,1,,-1,1,0,1,3,1,41,0,2,,0,2,1,1,202300022895B01,7,1,1,243000643
202300022951,2023-09-12,2023,septembre,mardi,16:20,75,75114,48.82878642,2.32774615,2,3,6,1,2,4,1,-1,1,1,,-1,2,0,5,1,1,51,1,2,,0,1,1,2,202300022951A01,,,,200054781
202300023006,2023-12-20,2023,décembre,mercredi,15:50,85,85172,46.798623,-1.978463,1,1,6,1,1,3,2,2,1,1,,5.5,1,0,1,4,1,67,5,2,,0,5,8,1,202300023006A01,,,,248500258
202300023027,2023-12-20,2023,décembre,mercredi,19:10,971,97125,16.256275,-61.289742,1,2,2,5,1,2,2,2,1,1,,5,1,0,1,2,1,49,5,2,,0,2,5,15,202300023027A01,7,1,1,200041507
202300023035,2023-09-08,2023,septembre,vendredi,08:50,59,59624,50.031656,3.294327,2,1,2,1,1,3,2,2,1,1,,-1,1,0,1,3,2,22,5,1,2,0,2,3,26,202300023035B01,37,1,1,200030633
202300023046,2023-09-13,2023,septembre,mercredi,12:30,2B,2B049,42.489694,8.684607,1,1,7,1,1,3,2,2,1,1,,5,1,0,1,2,2,75,5,1,2,0,0,0,1,202300023046A01,,,,242020105
202300023051,2023-09-11,2023,septembre,lundi,06:39,22,22204,48.696267,-3.21809,1,1,2,3,1,3,2,2,1,1,,5.5,1,0,1,3,1,26,0,2,,0,0,4,2,202300023051B01,7,2,1,200067981
202300023052,2023-12-19,2023,décembre,mardi,16:07,69,69143,45.886337,4.831372,2,9,3,1,1,7,2,2,1,1,,3,1,6,5,3,1,66,5,1,2,0,2,1,1,202300023052B01,7,16,1,200046977
202300023059,2023-09-13,2023,septembre,mercredi,14:40,84,84075,44.01313831,5.24676098,1,1,7,1,1,3,2,2,2,3,,4,1,0,1,2,1,80,5,1,2,0,0,0,1,202300023059A01,,,,200035723
202300023060,2023-09-09,2023,septembre,samedi,12:30,84,84005,44.142151,5.341372,1,1,2,1,1,3,2,2,2,1,,5.5,1,0,1,3,2,53,5,1,2,0,2,1,2,202300023060A01,,,,200035723
202300023063,2023-09-12,2023,septembre,mardi,16:15,58,58147,47.159723,3.385747,2,1,1,1,1,4,2,2,2,3,,-1,1,0,1,3,1,12,5,2,,0,2,1,5,202300023063A01,7,1,1,200068088
202300023080,2023-09-12,2023,septembre,mardi,16:17,88,88408,47.907076,6.681163,1,2,3,1,1,3,2,2,1,1,,4,1,0,1,3,1,60,5,1,2,0,0,8,19,202300023080B01,7,1,1,200033868
202300023172,2023-04-19,2023,avril,mercredi,16:25,74,74278,46.082336,6.538276,2,6,2,1,1,3,1,1,1,2,,-1,1,0,1,4,1,53,5,1,2,0,2,4,15,202300023172B01,7,2,1,200033116
202300023251,2023-07-01,2023,juillet,samedi,14:37,10,10387,48.2927,4.0723,2,1,1,1,2,4,-1,4,1,1,,-1,2,0,1,4,2,33,0,2,,0,2,1,5,202300023251A01,7,1,1,200069250
202300023255,2023-10-14,2023,octobre,samedi,05:45,974,97412,-21.374427,55.623452,2,1,2,2,1,4,2,2,1,1,,-1,1,0,1,2,1,21,1,2,,9,0,4,15,202300023255B01,7,1,1,249740085
202300023302,2023-10-14,2023,octobre,samedi,16:37,39,39038,46.548657,5.707376,1,1,3,1,1,4,2,2,1,1,,-1,1,0,1,3,1,59,5,1,2,0,2,7,17,202300023302A01,1,1,1,200090579
202300023302,2023-10-14,2023,octobre,samedi,16:37,39,39038,46.548657,5.707376,1,1,3,1,1,4,2,2,1,1,,-1,1,0,1,1,2,30,5,1,2,0,2,8,1,202300023302B01,1,17,1,200090579
202300023306,2023-07-02,2023,juillet,dimanche,12:20,56,56189,47.923252,-2.71285,1,1,3,1,1,3,2,2,1,1,,5.5,1,0,1,3,1,74,5,1,2,0,2,0,10,202300023306B01,33,1,1,245614433
202300023352,2023-07-01,2023,juillet,samedi,17:50,06,06019,43.768443,7.331651,1,6,1,1,1,3,2,2,1,1,,5.5,1,0,1,3,1,39,0,2,,0,2,1,5,202300023352B01,7,1,1,240600593
202300023353,2023-10-13,2023,octobre,vendredi,16:20,68,68278,47.746279,7.416465,2,1,1,1,1,4,2,2,1,1,,-1,1,0,1,3,1,4,5,2,,0,0,0,25,202300023353B01,7,0,1,200066009
202300023354,2023-07-02,2023,juillet,dimanche,17:45,04,04096,44.373997,6.782545,1,1,7,1,1,4,2,2,2,1,,-1,1,0,1,3,2,52,5,1,2,0,0,1,1,202300023354A01,,,,200072304
202300023450,2023-10-11,2023,octobre,mercredi,23:10,973,97302,4.9292,-52.30232,2,1,2,3,1,3,2,2,1,1,,-1,1,0,1,4,1,21,0,2,,0,2,4,1,202300023450A01,7,1,1,249730045
202300023522,2023-10-11,2023,octobre,mercredi,12:37,54,54395,48.70274,6.17532,2,1,3,1,1,4,-1,2,1,1,,-1,1,0,1,4,2,34,5,2,,1,0,1,1,202300023522B01,10,22,1,245400676
202300023543,2023-04-13,2023,avril,jeudi,11:09,03,03142,46.297911,3.816183,2,1,6,1,2,3,2,2,1,2,,5.5,2,0,1,3,1,23,5,1,2 / 6,8,0,9,1,202300023543A01,,,,200071470
202300023567,2023-04-21,2023,avril,vendredi,10:50,34,34199,43.453156,3.414221,2,3,3,1,8,3,-1,-1,1,1,,-1,1,5,1,3,1,69,9,2,,0,2,8,15,202300023567B01,7,2,1,243400819
202300023570,2023-04-19,2023,avril,mercredi,16:30,68,68036,48.033051,7.56089,1,6,3,1,1,3,2,1,1,1,,3.5,1,0,1,4,1,52,1,2,,0,2,7,1,202300023570B01,7,9,1,200066025
202300023736,2023-04-19,2023,avril,mercredi,10:00,92,92046,48.82197718,2.30391361,2,1,6,1,1,3,-1,1,1,1,,-1,1,0,1,1,1,31,0,1,2,0,1,1,3,202300023736A01,,,,200054781
202300023778,2023-04-19,2023,avril,mercredi,17:45,33,33311,44.685879,-0.360811,2,1,1,1,1,3,2,2,2,1,,-1,1,0,1,3,1,12,5,1,2,0,2,1,1,202300023778B01,7,13,1,200069581
202300023792,2023-04-20,2023,avril,jeudi,09:15,50,50209,49.645256,-1.456391,1,1,3,1,1,3,2,2,1,1,,5.5,1,0,1,4,1,64,5,1,2,0,0,8,2,202300023792B01,10,2,1,200067205
202300023804,2023-03-11,2023,mars,samedi,11:10,01,01185,45.893484,5.597631,2,3,1,1,2,4,2,2,1,1,,4,2,0,1,3,1,12,5,2,,0,2,1,0,202300023804A01,7,1,1,200042935
202300023823,2023-05-27,2023,mai,samedi,13:55,973,97302,4.93739888,-52.32509288,2,3,3,1,1,4,2,2,1,1,,-1,1,0,1,4,1,11,0,2,,0,2,8,19,202300023823B01,7,1,1,249730045
202300023871,2023-01-24,2023,janvier,mardi,18:00,51,51043,49.360318,4.179,2,6,3,5,1,3,-1,2,1,1,,5.5,2,0,1,4,1,17,2,2,,0,0,1,19,202300023871B01,7,1,1,200067213
202300023922,2023-08-01,2023,août,mardi,10:40,63,63001,46.009452,3.197279,1,6,3,1,1,3,1,2,1,2,,7,1,5,1,4,1,87,5,1,2,0,2,7,14,202300023922A01,7,1,1,200071199
202300023970,2023-01-26,2023,janvier,jeudi,07:30,44,44066,47.352518,-1.659257,1,1,2,3,2,3,2,2,1,1,,-1,2,0,1,3,1,75,5,2,,13,0,4,2,202300023970B01,7,2,1,244400503
202300024015,2023-03-09,2023,mars,jeudi,18:25,33,33192,44.7691,-0.59709,2,4,3,1,2,4,2,2,2,2,,-1,2,0,1,4,1,15,0,1,2,0,2,1,15,202300024015A01,7,1,1,243300316
202300024096,2023-08-04,2023,août,vendredi,16:45,42,42302,45.483244,4.459832,1,1,2,1,1,4,2,2,2,2,,-1,2,0,1,3,1,44,5,2,,2,0,1,0,202300024096A01,1,0,1,244200770
202300024096,2023-08-04,2023,août,vendredi,16:45,42,42302,45.483244,4.459832,1,1,2,1,1,4,2,2,2,2,,-1,2,0,1,4,1,46,5,2,,2,0,1,0,202300024096B01,1,0,1,244200770
202300024128,2023-08-02,2023,août,mercredi,10:50,34,34074,43.451638,3.05061,2,1,1,1,1,4,2,2,1,2,,-1,1,0,1,4,1,73,5,1,2,0,2,1,1,202300024128B01,7,1,1,200042653
202300024172,2023-01-25,2023,janvier,mercredi,14:40,10,10387,48.309,4.061,2,2,3,1,1,4,2,2,1,1,,-1,1,0,1,4,1,46,0,2,,0,2,0,1,202300024172B01,7,1,1,200069250
202300024222,2023-03-07,2023,mars,mardi,17:40,972,97223,14.558465,-60.942804,2,4,1,2,1,3,-1,-1,-1,-1,,-1,-1,-1,-1,2,1,16,5,2,,0,2,1,19,202300024222B01,14,1,1,249720053
202300024273,2023-01-26,2023,janvier,jeudi,19:30,51,51527,49.2580491,3.78746688,1,1,1,3,8,3,2,2,2,1,,-1,2,0,1,2,1,29,5,1,2 / 6,0,2,1,1,202300024273B01,7,17,1,200067213
202300024275,2023-11-15,2023,novembre,mercredi,18:50,68,68145,48.081378,7.392324,2,1,3,5,1,3,2,2,1,1,,7,1,0,5,3,1,33,9,2,,0,2,7,2,202300024275B01,7,9,1,246800726
202300024280,2023-05-28,2023,mai,dimanche,10:45,63,63239,45.703158,3.357428,2,1,3,1,1,3,2,2,1,1,,4,1,0,1,3,1,53,5,1,2,0,2,1,1,202300024280B01,7,15,1,200067627
202300024298,2023-01-26,2023,janvier,jeudi,10:50,29,29062,48.162876,-4.011394,1,1,6,1,1,3,2,2,2,1,,-1,1,0,3,4,1,79,5,1,2 / 6,13,0,0,1,202300024298A01,,,,200067247
202300024335,2023-05-28,2023,mai,dimanche,11:47,02,02382,49.851132,3.202821,1,1,3,1,1,3,2,2,1,1,,4,1,0,1,3,2,70,5,2,,0,2,3,1,202300024335B01,7,17,1,240200493
202300024355,2023-11-15,2023,novembre,mercredi,10:30,17,17003,46.103337,-0.940543,1,6,2,1,1,3,1,1,1,3,,3,1,0,1,4,1,57,5,1,2,0,2,4,0,202300024355B01,10,21,1,200041614
202300024385,2023-03-09,2023,mars,jeudi,17:18,38,38474,45.222707,5.651393,1,1,2,1,1,7,2,2,2,3,,-1,1,0,1,3,1,72,5,1,2 / 6,0,2,6,1,202300024385B01,0,1,1,200040715
202300024389,2023-11-15,2023,novembre,mercredi,18:55,84,84067,44.06874,5.019733,2,1,2,3,1,3,2,2,1,1,,-1,1,0,1,3,1,54,0,2,,0,0,4,0,202300024389B01,7,0,1,248400053
202300024391,2023-03-10,2023,mars,vendredi,15:20,26,26220,44.364863,5.125996,2,9,1,1,1,3,2,2,2,1,,5.5,1,5,1,3,1,69,5,1,2,0,2,1,1,202300024391B01,7,15,1,200068229
202300024411,2023-03-09,2023,mars,jeudi,16:00,59,59497,50.713584,2.370418,1,2,7,1,2,3,2,-1,1,1,,-1,2,0,1,3,1,70,0,1,2,0,0,0,23,202300024411A01,,,,200040947
202300024445,2023-05-27,2023,mai,samedi,09:45,38,38236,45.404846,5.692007,2,3,7,1,1,4,2,2,1,2,,-1,1,0,1,3,1,81,5,1,2 / 6,0,0,0,21,202300024445A01,,,,200040111
202300024460,2023-03-08,2023,mars,mercredi,10:30,91,91514,48.67817,2.5271,2,6,3,1,2,3,2,2,1,1,,-1,2,0,1,4,1,76,5,1,2,0,2,2,1,202300024460B01,7,1,1,200058477
202300024467,2023-05-27,2023,mai,samedi,16:10,22,22260,48.237465,-2.900058,1,1,5,1,1,3,2,2,2,1,,5.5,1,0,1,4,1,36,5,1,2,0,2,6,2,202300024467B01,10,2,1,200067460
202300024467,2023-05-27,2023,mai,samedi,16:10,22,22260,48.237465,-2.900058,1,1,5,1,1,3,2,2,2,1,,5.5,1,0,1,4,1,40,5,1,2,0,2,5,2,202300024467C01,10,2,1,200067460
202300024493,2023-09-12,2023,septembre,mardi,12:05,84,84119,43.956889,4.93085,2,6,1,1,1,4,2,2,1,1,,-1,1,5,1,4,1,37,5,1,2,0,2,7,1,202300024493A01,10,2,1,248400251
202300024539,2023-08-20,2023,août,dimanche,12:15,74,74082,46.136965,6.161302,1,2,1,1,7,3,2,-1,1,1,,-1,1,0,1,4,1,51,5,1,2,0,2,1,1,202300024539B01,7,15,1,247400690
202300024554,2023-08-02,2023,août,mercredi,09:30,74,74033,46.352378,6.638939,1,1,7,1,1,4,2,2,2,1,,5.5,1,0,1,3,2,48,5,1,2,0,0,0,0,202300024554A01,,,,200071967
202300024588,2023-05-26,2023,mai,vendredi,15:55,86,86194,46.592153,0.348008,2,1,7,1,1,3,2,2,1,1,,-1,1,0,1,4,1,20,0,2,,0,2,1,1,202300024588C01,37 / 7,0 / 1,2,200069854
202300024612,2023-07-11,2023,juillet,mardi,08:45,74,74173,45.859913,6.630614,2,9,6,1,1,3,2,2,2,1,,-1,1,0,1,4,1,16,5,1,2,0,2,8,1,202300024612B01,7,15,1,200034882
202300024749,2023-11-13,2023,novembre,lundi,07:40,63,63300,45.90778,3.09437,1,9,3,2,1,3,2,2,2,3,,5.5,2,0,1,4,1,26,1,2,,0,2,2,1,202300024749B01,7,1,1,200070753
202300024771,2023-11-14,2023,novembre,mardi,18:50,54,54395,48.68841,6.17341,2,1,3,5,2,4,1,2,1,1,,-1,2,0,1,4,2,22,0,2,,0,2,0,0,202300024771B01,1,0,1,245400676
202300024771,2023-11-14,2023,novembre,mardi,18:50,54,54395,48.68841,6.17341,2,1,3,5,2,4,1,2,1,1,,-1,2,0,1,4,1,51,0,2,,0,2,0,0,202300024771A01,1,0,1,245400676
202300024820,2023-09-11,2023,septembre,lundi,16:30,86,86294,46.638956,0.165511,2,2,3,1,1,3,2,1,1,1,,-1,1,0,1,4,1,58,5,1,2,0,2,8,1,202300024820B01,7,19,1,200069763
202300024827,2023-09-11,2023,septembre,lundi,19:50,60,60015,49.3255,2.32547,2,6,7,2,1,3,-1,2,1,2,,5.5,1,0,8,3,2,72,5,2,,0,0,8,2,202300024827A01,,,,200067973
202300024837,2023-09-11,2023,septembre,lundi,13:45,59,59034,50.522919,3.087091,2,1,3,1,1,3,2,2,1,1,,7,1,0,1,3,1,63,5,1,2,0,2,6,1,202300024837B01,7,1,1,200041960
202300024874,2023-06-28,2023,juin,mercredi,17:54,74,74010,45.959601,6.118473,1,1,7,1,1,4,2,2,2,3,,-1,1,0,1,2,1,64,5,1,2,0,0,0,0,202300024874A01,,,,200066793
202300024888,2023-11-09,2023,novembre,jeudi,18:25,17,17306,45.63186,-1.03194,2,9,3,3,2,4,3,2,2,1,,-1,2,5,1,4,1,33,0,2,,0,2,7,1,202300024888A01,7,12,1,241700640
202300024898,2023-06-17,2023,juin,samedi,11:53,74,74136,45.9762,6.465095,1,1,1,1,1,3,2,2,2,2,,5.5,1,0,1,3,1,33,5,1,2,0,2,3,1,202300024898B01,33,17,1,247400617
202300024902,2023-06-12,2023,juin,lundi,10:40,74,74147,45.791445,6.213316,2,9,3,1,1,3,2,2,1,1,,4,1,0,1,3,1,83,5,1,2,0,2,8,9,202300024902B01,7,1,1,247400773
202300024919,2023-12-19,2023,décembre,mardi,11:15,71,71240,46.410745,4.658504,1,1,2,1,8,3,2,2,1,1,,7,1,0,1,3,1,85,3,2,,13,0,6,13,202300024919B01,10,1,1,200040293
202300024946,2023-09-04,2023,septembre,lundi,15:00,44,44055,47.28092,-2.38372,2,1,3,1,1,4,3,4,1,1,,-1,1,0,1,3,2,64,5,2,,0,2,8,13,202300024946A01,99,1,1,244400610
202300024956,2023-12-20,2023,décembre,mercredi,13:50,29,29005,47.84847512,-3.62487573,1,1,2,1,2,3,2,2,2,2,,7,2,0,1,2,1,67,5,1,2,0,2,4,2,202300024956A01,7,2,1,242900694
202300025047,2023-06-29,2023,juin,jeudi,19:40,44,44109,47.22835,-1.52635,2,1,3,1,1,4,2,3,1,1,,-1,1,0,1,4,1,38,0,2,,0,2,8,1,202300025047B01,7,1,1,244400404
202300025059,2023-06-30,2023,juin,vendredi,12:10,06,06027,43.657755,7.168996,2,2,3,1,1,7,4,8,1,1,,-1,1,5,1,4,1,25,5,1,8,0,2,0,0,202300025059B01,7,16,1,200030195
202300025083,2023-07-01,2023,juillet,samedi,09:10,67,67548,48.642834,7.601895,2,6,3,1,1,3,1,2,1,2,,4,1,0,1,3,2,76,5,2,,0,2,1,2,202300025083B01,7,2,1,200034635
202300025107,2023-07-01,2023,juillet,samedi,10:10,30,30210,43.913646,4.003637,2,3,1,1,1,3,2,-1,1,1,,-1,1,0,1,3,1,12,5,2,,0,2,1,19,202300025107B01,7,1,1,200034411
202300025117,2023-06-27,2023,juin,mardi,13:00,34,34240,43.618132,3.957315,1,3,1,1,1,3,2,-1,1,1,,-1,1,0,1,3,1,50,1,1,2 / 6 / 4,0,2,1,26,202300025117B01,10,15,1,243400470