Num_Acc,date,an,mois,jour,hrmn,dep,com,lat,long,agg,int,col,lum,atm,catr,circ,nbv,prof,plan,lartpc,larrout,surf,infra,situ,grav,sexe,age,trajet,secuexist,equipement,obs,obsm,choc,manv,vehiculeid,typevehicules,manoeuvehicules,numVehicules,_infos_commune.code_epci
202300025118,2023-07-01,2023,juillet,samedi,13:00,13,13084,43.709548,5.290604,1,1,7,1,1,3,2,2,2,1,,4,1,0,1,3,1,47,5,1,2,0,0,1,0,202300025118A01,,,,200054807
202300025122,2023-06-30,2023,juin,vendredi,14:45,63,63470,45.865031,3.015232,1,1,3,1,1,3,2,2,2,3,,7,1,0,1,4,1,62,5,1,2,0,2,8,1,202300025122C01,7,13 / 1,2,200070753
202300025177,2023-06-29,2023,juin,jeudi,17:00,47,47323,44.42211,0.70871,2,2,1,1,1,3,2,2,1,1,,-1,1,0,1,3,1,88,5,2,,0,2,1,1,202300025177Y01,10,15,1,200023307
202300025180,2023-05-07,2023,mai,dimanche,19:01,44,44184,47.28647,-2.21847,2,5,6,1,1,4,2,2,1,1,,-1,1,0,1,3,1,43,0,1,2,0,0,0,26,202300025180A01,7,26,1,244400644
202300025332,2023-10-13,2023,octobre,vendredi,15:15,71,71450,46.916994,4.515188,1,1,7,1,1,3,-1,1,3,2,,3,1,0,1,2,1,65,5,1,2,0,0,9,1,202300025332A01,,,,200070530
202300025335,2023-10-13,2023,octobre,vendredi,07:55,42,42149,45.63843,4.235927,2,6,2,2,1,3,2,2,1,1,,5,1,0,1,4,1,57,1,1,2 / 4,0,2,5,1,202300025335B01,7,9,1,200065894
202300025340,2023-10-12,2023,octobre,jeudi,12:00,39,39013,46.913331,5.7672254,2,3,1,1,1,3,2,2,1,2,,-1,1,5,1,4,1,64,5,1,2,0,2,1,1,202300025340B01,7,15,1,200071595
202300025352,2023-10-10,2023,octobre,mardi,16:25,14,14431,49.056552,-0.119905,1,1,2,1,1,3,2,2,1,1,,7,1,0,1,4,1,79,5,1,2,0,2,4,1,202300025352B01,15,1,1,200069532
202300025355,2023-10-12,2023,octobre,jeudi,10:10,64,64539,43.273175,-1.029764,1,1,3,1,1,3,2,2,1,1,,7,1,0,1,3,1,77,5,1,2 / 6,0,2,3,1,202300025355B01,7,17,1,200067106
202300025364,2023-10-12,2023,octobre,jeudi,15:15,49,49323,47.508864,-0.471146,1,6,3,1,1,3,2,1,1,2,,5,1,5,1,4,2,53,3,2,,0,2,7,15,202300025364B01,17,15,1,244900015
202300025383,2023-10-11,2023,octobre,mercredi,07:15,31,31395,43.423728,1.303521,1,1,2,3,1,3,2,2,1,1,,7,1,0,1,2,2,19,1,2,,0,0,4,2,202300025383A01,10,2,1,200068641
202300025425,2023-10-10,2023,octobre,mardi,20:05,63,63245,45.89469253,3.09491515,2,2,3,5,1,4,2,2,1,3,,-1,1,0,1,4,1,22,0,1,2,0,2,1,19,202300025425B01,7,15,1,200070753
202300025454,2023-04-20,2023,avril,jeudi,13:15,44,44172,47.25788349,-1.4622277,2,6,3,1,1,4,2,2,1,1,,-1,1,0,1,4,1,59,1,2,,0,2,1,26,202300025454B01,7,9,1,244400404
202300025455,2023-04-19,2023,avril,mercredi,15:05,29,29103,48.44986027,-4.26536783,2,6,7,1,1,3,1,2,1,2,,7,1,9,1,3,1,79,5,1,2 / 4 / 6,0,0,0,1,202300025455A01,,,,242900801
202300025503,2023-08-05,2023,août,samedi,15:35,01,01447,46.188439,5.397195,2,1,7,1,1,3,2,2,1,1,,5.5,1,0,1,2,1,42,5,1,2,0,0,1,1,202300025503A01,,,,200071751
202300025510,2023-08-06,2023,août,dimanche,10:05,26,26146,44.449655,4.944073,1,1,2,1,1,3,-1,1,1,3,,3,1,0,1,4,1,75,5,1,2,0,2,6,2,202300025510B01,7,2,1,200040681
202300025524,2023-08-04,2023,août,vendredi,15:00,05,05114,44.594841,6.365338,2,1,5,1,2,3,2,2,2,1,,-1,2,0,1,3,1,52,5,1,2,0,2,1,1,202300025524C01,7,1,1,200067742
202300025524,2023-08-04,2023,août,vendredi,15:00,05,05114,44.594841,6.365338,2,1,5,1,2,3,2,2,2,1,,-1,2,0,1,3,1,49,5,1,2,0,2,1,1,202300025524B01,7,1,1,200067742
202300025558,2023-08-03,2023,août,jeudi,12:00,40,40310,43.756508,-1.325242,2,6,3,1,1,3,2,1,1,1,,3,1,0,2,4,2,47,5,2,,0,2,7,2,202300025558B01,7,9,1,244000865
202300025678,2023-04-19,2023,avril,mercredi,16:00,82,82025,43.968446,1.320822,1,2,3,1,1,3,2,2,1,1,,6,1,0,1,4,1,18,5,1,2,0,2,3,19,202300025678A01,15,1,1,248200099
202300025830,2023-08-05,2023,août,samedi,22:10,81,81165,44.134513,1.870573,1,1,6,3,1,4,2,2,2,1,,-1,1,0,3,2,1,66,5,2,,2,0,1,1,202300025830A01,,,,200034064
202300025840,2023-08-04,2023,août,vendredi,20:50,79,79049,46.84026,-0.4932,2,2,3,1,1,4,2,2,1,1,,6.5,1,0,1,3,1,12,5,2,,0,2,1,5,202300025840B01,7,1,1,200040244
202300025922,2023-08-05,2023,août,samedi,19:25,56,56069,47.639951,-3.449895,2,1,3,1,1,4,2,2,2,1,,-1,1,0,1,4,2,46,5,2,,0,2,8,1,202300025922B01,3,17,1,200042174
202300025935,2023-08-05,2023,août,samedi,17:12,35,35334,48.156596,-1.591709,2,1,1,1,1,4,2,2,1,1,,-1,1,0,1,4,1,72,5,2,,0,2,1,15,202300025935B01,33,2,1,243500139
202300026004,2023-01-24,2023,janvier,mardi,12:30,13,13206,43.28728046,5.37370697,2,1,3,1,1,4,1,3,1,1,,-1,1,0,1,4,2,29,5,2,,1,0,1,0,202300026004B01,7,24,1,200054807
202300026032,2023-03-07,2023,mars,mardi,11:20,06,06161,43.618667,7.129833,1,1,4,1,1,3,2,2,1,1,,-1,1,0,5,4,1,76,5,1,2,0,2,0,1,202300026032B01,7,1,1,240600585
202300026032,2023-03-07,2023,mars,mardi,11:20,06,06161,43.618667,7.129833,1,1,4,1,1,3,2,2,1,1,,-1,1,0,5,3,1,77,5,1,2,0,2,0,1,202300026032C01,7,1,1,240600585
202300026093,2023-01-25,2023,janvier,mercredi,15:30,75,75110,48.869545,2.362107,2,1,6,1,1,4,1,2,1,1,,-1,1,-1,5,1,1,25,5,2,,0,1,8,1,202300026093A01,,,,200054781
202300026113,2023-03-09,2023,mars,jeudi,15:00,12,12090,44.389651,2.47879,1,1,7,1,1,3,2,2,1,1,,-1,1,0,1,3,1,72,0,1,2,0,0,9,1,202300026113A01,,,,241200187
202300026168,2023-05-27,2023,mai,samedi,20:30,39,39097,46.739633,5.91524,2,3,3,1,1,4,2,2,2,1,,-1,1,0,1,3,1,12,5,2,,0,2,7,19,202300026168B01,7,1,1,200069623
202300026169,2023-11-15,2023,novembre,mercredi,11:40,86,86007,46.853691,0.53598,1,2,3,1,7,3,2,-1,1,1,,-1,1,0,1,2,1,87,5,1,2,0,2,8,1,202300026169B01,7,19,1,248600413
202300026224,2023-01-25,2023,janvier,mercredi,18:50,37,37273,47.39396984,0.78866065,1,6,2,5,1,3,2,2,1,2,,7,1,5,1,3,1,55,1,1,2 / 4,0,2,4,1,202300026224B01,7,9,1,200073161
202300026233,2023-03-08,2023,mars,mercredi,13:20,987,98712,-17.279,-149.542,2,1,7,1,1,2,3,2,1,1,,-1,1,0,4,3,1,12,5,2,,12,0,0,21,202300026233A01,,,,
202300026242,2023-11-15,2023,novembre,mercredi,06:10,25,25466,47.196536,5.845542,1,1,2,3,2,3,2,2,1,1,,4,2,0,1,2,1,29,1,1,4 / 9,0,2,4,11,202300026242B01,7,1,1,242500361
202300026255,2023-05-26,2023,mai,vendredi,18:10,01,01010,45.884357,5.779426,1,1,2,1,1,3,2,2,2,1,,4,1,0,1,3,1,27,5,1,2,0,2,1,1,202300026255B01,1,1,1,200070852
202300026255,2023-05-26,2023,mai,vendredi,18:10,01,01010,45.884357,5.779426,1,1,2,1,1,3,2,2,2,1,,4,1,0,1,3,2,30,5,1,2,0,0,0,1,202300026255A01,1,1,1,200070852
202300026262,2023-01-26,2023,janvier,jeudi,14:30,64,64139,43.179633,-0.347051,1,1,7,1,8,4,2,2,3,1,,4,1,0,1,3,1,68,5,1,2 / 9,0,5,0,1,202300026262A01,,,,200067254
202300026265,2023-03-09,2023,mars,jeudi,07:45,83,83112,43.180165,5.709221,2,3,2,1,1,3,1,-1,1,1,,-1,1,0,1,3,1,69,5,1,2,0,2,8,2,202300026265B01,10,2,1,248300394
202300026320,2023-10-14,2023,octobre,samedi,00:05,87,87154,45.890045,0.892028,2,1,7,3,2,4,-1,1,2,1,,-1,2,0,1,2,1,57,9,2,,0,0,0,26,202300026320A01,,,,200059400
202300026361,2023-11-15,2023,novembre,mercredi,12:44,83,83104,43.614326,5.764051,1,1,2,1,7,3,2,2,2,1,,7,1,0,5,2,1,57,5,1,6,0,0,4,1,202300026361A01,7,2,1,200040202
202300026483,2023-09-10,2023,septembre,dimanche,06:27,06,06088,43.68966,7.20611,2,3,3,2,1,4,2,2,1,1,,-1,1,0,1,3,1,18,0,2,,0,2,1,9,202300026483A01,7,1,1,200030195
202300026489,2023-05-24,2023,mai,mercredi,18:30,79,79329,46.97362,-0.21643,2,1,7,1,1,3,1,1,1,1,,2.7,1,0,1,4,1,69,5,2,,0,0,7,0,202300026489A01,,,,247900798
202300026581,2023-09-11,2023,septembre,lundi,11:58,54,54296,48.726342,6.283311,1,1,6,1,7,3,2,2,1,1,,7,1,0,1,3,1,40,5,1,2,0,2,0,1,202300026581B01,7,2,1,200070589
202300026617,2023-09-02,2023,septembre,samedi,17:20,71,71263,46.629684,5.246916,2,1,6,1,1,9,2,2,1,1,,-1,1,0,5,2,1,70,5,2,,9,0,1,1,202300026617A01,,,,200071579
202300026665,2023-12-18,2023,décembre,lundi,20:35,94,94052,48.835924,2.474996,2,1,3,5,8,3,1,0,1,1,,-1,1,0,1,4,2,21,0,1,2,0,2,2,26,202300026665B01,10,24,1,200054781
202300026688,2023-09-10,2023,septembre,dimanche,09:45,43,43141,45.188438,4.32326,2,2,3,1,1,3,2,-1,1,1,,-1,1,0,1,3,1,74,5,2,,0,2,6,19,202300026688B01,7,19,1,244300307
202300026727,2023-09-11,2023,septembre,lundi,09:50,01,01200,46.093825,5.482269,2,2,3,1,1,3,2,2,4,1,,7,1,0,1,3,2,67,5,1,2,0,2,3,16,202300026727B01,14,1,1,200029999
202300026743,2023-12-19,2023,décembre,mardi,17:30,02,02042,49.002717,3.352911,1,1,2,3,3,3,-1,2,1,1,,5.5,2,0,8,3,1,21,9,2,,16,2,4,1,202300026743B01,37,1,1,200072031
202300026749,2023-09-10,2023,septembre,dimanche,08:30,84,84053,44.382018,4.91598,1,3,1,1,1,4,-1,-1,-1,-1,,-1,-1,-1,-1,3,1,81,5,1,2,0,2,3,15,202300026749B01,7,1,1,200040681
202300026750,2023-09-07,2023,septembre,jeudi,14:30,84,84004,44.082792,5.036169,2,1,3,1,1,3,2,2,1,1,,-1,1,0,1,3,2,46,1,2,,0,2,8,11,202300026750B01,7,17,1,248400053
202300026768,2023-12-19,2023,décembre,mardi,08:35,04,04049,44.074203,5.991819,2,3,1,1,1,3,-1,-1,1,-1,,-1,1,-1,4,3,1,57,1,1,2,0,2,8,1,202300026768B01,7,19,1,200067437
202300026769,2023-09-08,2023,septembre,vendredi,10:25,54,54173,48.65949089,6.41676664,1,1,2,1,1,3,2,2,3,1,,-1,1,0,1,3,1,69,5,1,2 / 6,0,2,4,2,202300026769B01,7,2,1,245400759
202300026778,2023-09-10,2023,septembre,dimanche,10:30,07,07136,44.593465,3.906134,2,1,2,1,1,3,2,2,1,1,,5,1,0,1,2,1,85,5,1,2,0,0,3,1,202300026778B01,7,15,1,200072007
202300026794,2023-12-18,2023,décembre,lundi,14:30,05,05178,44.368191,5.92214,1,2,3,1,7,3,2,2,1,1,,-1,1,0,1,3,1,72,5,1,2,0,2,8,0,202300026794B01,10,2,1,200068765
202300026795,2023-09-07,2023,septembre,jeudi,06:05,59,59058,50.231874,3.950049,1,1,2,3,1,3,2,2,2,1,,7,1,0,1,3,1,32,1,2,,0,0,4,13,202300026795A01,15,0,1,200043396
202300026796,2023-12-16,2023,décembre,samedi,11:25,13,13072,43.459071,5.629426,1,3,3,2,1,3,2,-1,1,1,,-1,1,5,1,3,1,21,5,1,2,0,2,1,26,202300026796B01,7,15,1,200054807
202300026907,2023-12-17,2023,décembre,dimanche,18:30,94,94043,48.81089,2.36403,2,1,3,5,1,3,1,2,1,3,,7,1,1,3,4,1,53,0,2,,1,2,1,25,202300026907B01,7,9,1,200054781
202300026932,2023-12-17,2023,décembre,dimanche,10:00,56,56179,47.836392,-3.394711,2,1,7,1,1,3,2,2,2,3,,7,7,0,1,3,1,46,5,1,2,0,0,7,1,202300026932A01,,,,200042174
202300026948,2023-11-10,2023,novembre,vendredi,19:00,85,85081,46.73708,-1.398031,1,1,2,3,2,3,2,2,1,1,,4,2,0,1,4,1,28,1,1,4,0,2,4,0,202300026948C01,7,1,1,248500589
202300026972,2023-06-29,2023,juin,jeudi,12:00,26,26295,45.165738,4.874749,1,1,1,1,1,3,-1,2,4,4,,4,1,0,1,4,1,17,5,2,,0,2,1,5,202300026972A01,7,2,1,200040491
202300026981,2023-04-08,2023,avril,samedi,11:50,22,22207,48.627094,-3.466146,1,1,3,1,1,3,2,2,1,1,,7,1,0,1,4,1,54,5,1,2,0,2,3,0,202300026981B01,7,17,1,200065928
202300026992,2023-06-29,2023,juin,jeudi,11:20,09,09064,42.801903,1.650095,1,1,2,1,1,2,3,0,3,1,,0,1,0,5,3,1,61,5,1,2,0,0,4,1,202300026992B01,7,1,1,200066363
202300026996,2023-06-28,2023,juin,mercredi,15:40,52,52250,48.450528,5.157512,1,1,7,1,1,4,2,1,1,1,,-1,1,2,1,3,1,61,5,2,,15,0,0,21,202300026996A01,1,17,1,200044253
202300026996,2023-06-28,2023,juin,mercredi,15:40,52,52250,48.450528,5.157512,1,1,7,1,1,4,2,1,1,1,,-1,1,2,1,1,1,27,5,2,,0,0,0,17,202300026996B01,1,21,1,200044253
202300027127,2023-06-29,2023,juin,jeudi,10:55,77,77068,48.501337,3.157518,1,1,2,1,1,3,2,2,2,1,,5,1,0,1,4,2,29,5,2,,0,2,4,1,202300027127A01,7,17,1,200040251
202300027131,2023-06-24,2023,juin,samedi,16:25,71,71401,46.57279,5.246552,2,3,3,1,1,3,2,2,1,3,,5.5,1,0,1,4,1,29,5,2,,0,2,1,1,202300027131B01,7,15,1,200071579
202300027136,2023-06-26,2023,juin,lundi,08:40,38,38431,45.250011,5.84728,1,1,1,1,1,4,2,2,2,3,,-1,1,0,1,3,1,22,1,2,,0,2,1,1,202300027136B01,37,5,1,200018166
202300027141,2023-06-02,2023,juin,vendredi,16:15,40,40217,44.342929,-1.060754,2,3,3,1,1,4,2,-1,1,1,,-1,1,0,1,3,1,12,9,2,,0,2,1,19,202300027141B01,31,1,1,244000873
202300027159,2023-06-29,2023,juin,jeudi,10:00,46,46272,44.621013,2.114364,1,4,3,1,1,3,2,-1,1,2,,-1,1,0,1,3,1,29,5,1,2,0,2,8,1,202300027159B01,2,13,1,200067361
202300027161,2023-06-27,2023,juin,mardi,12:00,50,50139,49.026261,-1.037972,1,1,7,1,1,3,2,2,2,1,,4,1,0,3,2,1,76,5,1,2,0,0,0,0,202300027161A01,,,,200066389
202300027226,2023-10-12,2023,octobre,jeudi,17:02,35,35095,48.546022,-1.747261,2,6,3,1,1,3,2,2,1,1,,-1,1,0,1,4,1,11,2,1,2,0,2,0,2,202300027226B01,7,2,1,200070670
202300027228,2023-10-11,2023,octobre,mercredi,18:15,29,29235,48.40309298,-4.38554585,2,2,3,1,1,4,2,2,1,1,,-1,1,0,1,4,1,53,1,1,2,0,2,1,1,202300027228B01,7,15,1,242900314
202300027230,2023-10-12,2023,octobre,jeudi,10:00,15,15130,45.062376,3.242332,1,1,2,1,1,3,2,2,1,1,,5.5,1,0,1,2,1,71,5,1,2,0,2,4,2,202300027230B01,10,2,1,200066660
202300027235,2023-10-11,2023,octobre,mercredi,15:45,14,14229,49.233958,-0.037969,2,6,7,1,1,3,-1,2,1,1,,-1,1,5,1,4,1,63,5,1,2,0,0,0,9,202300027235A01,,,,200065563
202300027248,2023-10-11,2023,octobre,mercredi,10:15,13,13015,43.434465,5.409726,2,3,3,1,1,4,2,2,1,1,,-1,1,5,1,3,1,76,5,2,,0,2,1,1,202300027248B01,7,16,1,200054807
202300027249,2023-10-11,2023,octobre,mercredi,17:00,68,68111,48.004297,7.27845,2,1,3,1,1,3,2,2,2,1,,4,1,0,1,4,1,34,3,2,,0,2,8,13,202300027249B01,7,17,1,246800494
202300027253,2023-10-12,2023,octobre,jeudi,07:50,14,14630,49.256686,-0.647711,1,6,3,2,8,3,2,2,1,2,,-1,1,5,1,3,2,58,1,1,2,0,2,2,1,202300027253B01,7,9,1,241400555
202300027259,2023-10-11,2023,octobre,mercredi,16:30,59,59034,50.528133,3.099732,1,6,3,1,1,3,2,1,1,2,,3,1,0,1,4,1,39,5,1,2,0,2,2,0,202300027259B01,10,16,1,200041960
202300027419,2023-04-14,2023,avril,vendredi,16:30,63,63193,45.77662,3.1925,2,3,3,1,1,4,2,2,1,1,,-1,1,0,1,3,1,15,5,2,,0,2,3,9,202300027419A01,7,1,1,246300701
202300027509,2023-08-02,2023,août,mercredi,09:45,65,65258,43.122291,0.383475,2,3,6,1,1,4,1,1,1,1,,-1,1,0,1,4,2,20,4,2,,1,0,2,15,202300027509A01,,,,200070787
202300027517,2023-01-24,2023,janvier,mardi,14:25,31,31271,43.544357,1.63324,1,3,3,1,1,3,-1,2,1,1,,-1,1,0,8,3,1,71,5,1,2,0,2,8,15,202300027517B01,7,17,1,200071298
202300027533,2023-01-25,2023,janvier,mercredi,08:50,89,89195,48.166407,3.267896,1,1,3,1,1,3,2,2,2,1,,-1,1,2,1,3,1,20,1,1,4 / 9,0,2,8,19,202300027533A01,7,2,1,248900334
202300027551,2023-01-21,2023,janvier,samedi,15:45,71,71346,46.612155,4.220367,2,6,2,1,8,3,2,2,1,1,,-1,2,0,1,4,1,46,5,1,2 / 4 / 9,0,0,4,1,202300027551B01,7,9,1,247100290
202300027552,2023-07-25,2023,juillet,mardi,10:00,16,16106,46.013229,0.667828,2,1,2,1,1,3,2,2,1,1,,6,1,0,1,3,1,17,0,2,,0,0,4,2,202300027552B01,7,17,1,200072049
202300027556,2023-08-03,2023,août,jeudi,08:45,17,17218,46.323423,-0.988737,1,1,2,1,1,3,2,2,1,1,,-1,2,0,1,2,2,58,5,2,,0,2,4,2,202300027556A01,7,2,1,200041499
202300027559,2023-08-03,2023,août,jeudi,16:50,38,38527,45.162742,6.086115,2,1,7,1,1,3,2,2,2,1,,5.5,1,0,8,3,2,25,5,1,2,16,0,0,0,202300027559A01,,,,243800745
202300027571,2023-07-30,2023,juillet,dimanche,20:10,30,30155,43.826319,4.479498,2,8,1,1,1,4,2,2,3,1,,-1,1,4,8,2,2,15,5,2,,0,4,7,26,202300027571A01,39,0,1,243000643
202300027572,2023-01-24,2023,janvier,mardi,17:20,31,31033,43.355333,1.463862,2,1,3,1,1,3,2,2,1,1,,-1,1,0,1,4,1,13,2,1,2,0,0,8,19,202300027572A01,7,1,1,200068807
202300027602,2023-04-17,2023,avril,lundi,18:15,62,62261,50.481654,1.593844,2,1,6,1,1,4,3,2,1,1,,-1,1,0,1,4,2,57,3,2,,1,0,7,1,202300027602B01,7,22,1,200069029
202300027615,2023-04-17,2023,avril,lundi,17:25,33,33484,44.43083,-0.494862,2,3,3,1,1,3,2,-1,1,1,,-1,1,0,1,3,1,80,5,2,,0,2,6,15,202300027615B01,7,1,1,200043974
202300027646,2023-04-18,2023,avril,mardi,18:26,64,64535,43.349883,-0.523288,1,1,2,1,1,3,2,2,1,1,,-1,1,9,3,2,1,65,5,1,2,0,0,5,10,202300027646A01,7,1,1,200039204
202300027706,2023-07-31,2023,juillet,lundi,16:55,54,54357,48.72094,6.17176,2,1,6,1,1,4,-1,1,1,1,,3.5,1,6,4,1,1,75,5,1,2,0,1,1,25,202300027706A01,,,,245400676
202300027717,2023-08-01,2023,août,mardi,17:20,44,44162,47.2264963,-1.6371801,2,1,3,1,1,4,2,0,1,1,,-1,2,0,1,3,2,52,0,2,,0,2,6,1,202300027717B01,7,1,1,244400404
202300027723,2023-01-23,2023,janvier,lundi,17:30,59,59378,50.688539,3.113994,2,1,2,2,1,7,2,2,2,2,,-1,1,0,1,4,1,15,0,1,2 / 4,0,0,4,11,202300027723B01,7,1,1,200093201
202300027745,2023-08-01,2023,août,mardi,10:20,17,17415,45.74958,-0.64587,2,1,3,1,1,4,2,2,1,1,,-1,1,0,1,4,1,73,0,2,,0,2,3,19,202300027745A01,7,1,1,200036473
202300027748,2023-03-06,2023,mars,lundi,08:00,44,44109,47.218768,-1.5506862,2,1,3,1,1,4,2,2,1,1,,-1,1,0,1,4,2,48,0,1,2,0,0,0,0,202300027748B01,7,17,1,244400404
202300027781,2023-07-31,2023,juillet,lundi,17:17,05,05061,44.55581,6.07831,2,6,2,1,1,4,1,1,1,1,,-1,1,0,1,3,2,41,1,2,,0,2,6,19,202300027781B01,7,1,1,200067825
202300027860,2023-05-25,2023,mai,jeudi,16:44,34,34172,43.60038,3.89665,2,1,6,1,1,4,-1,1,1,1,,-1,1,2,4,1,1,30,0,2,,0,1,1,1,202300027860A01,,,,243400017
202300027872,2023-08-01,2023,août,mardi,15:40,81,81156,43.909148,2.047684,1,1,2,1,1,3,2,2,2,3,,4,1,0,1,3,1,31,0,1,2,0,0,4,2,202300027872B01,7,2,1,248100737
202300027876,2023-08-01,2023,août,mardi,14:25,67,67534,48.748846,7.512197,2,3,1,1,1,3,2,-1,1,1,,-1,1,0,1,4,1,80,5,1,2,0,2,0,16,202300027876B01,7,15,1,246700959
202300027885,2023-07-28,2023,juillet,vendredi,12:00,42,42253,46.044225,3.997607,1,3,2,1,1,3,2,2,1,1,,-1,1,0,1,3,1,85,5,2,,0,2,4,2,202300027885B01,7,2,1,200035731
202300027942,2023-01-20,2023,janvier,vendredi,10:40,86,86221,46.806449,0.34417,1,3,3,1,9,4,2,-1,1,1,,-1,1,0,1,4,1,86,0,2,,0,0,5,9,202300027942A01,7,1,1,248600413
202300027958,2023-03-07,2023,mars,mardi,08:30,22,22239,48.363588,-2.134068,1,9,6,1,1,3,2,2,2,2,,-1,1,0,1,3,1,19,1,2,,3,0,2,1,202300027958A01,,,,200068989
202300028001,2023-03-06,2023,mars,lundi,14:20,33,33314,45.192653,-0.77091,1,1,5,1,1,3,2,2,4,3,,4,1,1,1,2,1,62,5,1,2,0,2,1,13,202300028001A01,21,1,1,200069995
202300028001,2023-03-06,2023,mars,lundi,14:20,33,33314,45.192653,-0.77091,1,1,5,1,1,3,2,2,4,3,,4,1,1,1,4,1,62,5,1,2,0,2,1,13,202300028001B01,21,1,1,200069995
202300028023,2023-04-16,2023,avril,dimanche,13:02,75,75119,48.879812,2.370433,2,1,7,1,1,4,3,6,1,1,,-1,1,0,5,4,1,56,5,1,2,0,0,0,1,202300028023B01,7,16,1,200054781
202300028028,2023-03-05,2023,mars,dimanche,16:50,39,39404,46.696255,5.604983,1,1,6,1,1,3,2,2,2,3,,-1,1,0,3,3,1,63,5,1,2,7,0,1,14,202300028028A01,,,,200071116
202300028106,2023-05-24,2023,mai,mercredi,11:10,63,63399,45.643611,2.614438,1,1,6,1,1,4,2,2,1,1,,-1,1,0,1,3,1,56,5,1,2,0,6,1,1,202300028106A01,,,,200071215
202300028112,2023-03-03,2023,mars,vendredi,07:30,72,72154,47.70169,-0.082795,2,1,3,2,1,3,2,1,1,1,,-1,1,0,5,3,2,41,1,2,,0,2,7,0,202300028112B01,7,1,1,247200348
202300028157,2023-05-22,2023,mai,lundi,18:00,22,22085,48.82591685,-3.18543077,1,1,6,1,1,3,2,1,1,1,,-1,1,0,1,3,2,60,3,2,,0,2,0,1,202300028157B01,7,1,1,200065928
202300028166,2023-05-26,2023,mai,vendredi,17:20,70,70228,47.766013,6.104847,2,3,1,1,1,4,1,1,2,1,,-1,1,0,8,3,1,12,5,2,,0,2,7,5,202300028166A01,37,1,1,200041879
202300028178,2023-05-22,2023,mai,lundi,13:32,45,45182,47.703802,1.791378,1,1,2,1,1,3,2,2,1,1,,5.5,1,0,1,3,1,71,5,2,,0,2,4,2,202300028178A01,15,23,1,200005932
202300028249,2023-05-25,2023,mai,jeudi,19:00,33,33080,44.756101,-0.552042,1,1,2,1,1,3,2,2,1,1,,7,1,0,1,4,1,53,1,2,,0,2,6,1,202300028249A01,7,2,1,243301264
202300028252,2023-05-25,2023,mai,jeudi,09:45,33,33422,44.809571,-0.775051,2,6,3,1,1,3,3,2,1,2,,-1,1,5,6,4,2,14,0,2,,0,2,7,19,202300028252B01,7,1,1,243301165
202300028343,2023-04-09,2023,avril,dimanche,17:50,14,14040,49.2748545,-0.74862271,2,2,3,1,1,3,-1,2,4,1,,4,1,0,1,3,2,10,5,1,2,0,2,7,19,202300028343A01,7,1,1,241400555
202300028432,2023-03-05,2023,mars,dimanche,14:30,64,64472,43.371081,-0.310932,2,1,1,1,1,4,2,2,2,2,,4,1,0,1,3,1,73,5,1,2,0,2,1,16,202300028432B01,7,15,1,200067296
202300028447,2023-09-09,2023,septembre,samedi,12:00,74,74232,45.796993,6.151687,1,3,3,1,1,3,2,-1,2,2,,-1,1,0,1,3,1,57,5,1,2,0,2,1,1,202300028447A01,7,11,1,200066793
202300028464,2023-09-09,2023,septembre,samedi,11:50,65,65018,42.991417,-0.276192,1,1,1,1,1,3,2,2,1,2,,5.5,1,0,1,3,1,63,5,1,2,0,2,1,5,202300028464A01,33,1,1,246401756
202300028478,2023-05-24,2023,mai,mercredi,07:50,33,33063,44.821,-0.55,2,2,3,1,1,4,2,2,1,1,,-1,1,8,1,3,2,42,1,2,,0,2,1,1,202300028478B01,14,16,1,243300316
202300028530,2023-09-09,2023,septembre,samedi,17:25,13,13044,43.622116,5.073908,1,3,3,1,1,3,2,-1,1,1,,-1,1,5,1,3,1,39,5,1,2,0,2,8,0,202300028530B01,7,0,1,200054807
202300028573,2023-07-14,2023,juillet,vendredi,02:30,74,74042,46.070971,6.427987,2,1,6,5,1,3,2,2,2,1,,-1,1,2,1,4,1,28,0,2,,0,0,0,0,202300028573A01,,,,200000172
202300028597,2023-08-30,2023,août,mercredi,10:30,07,07324,45.069168,4.829125,2,1,3,1,1,3,2,2,1,1,,5.5,1,0,1,4,2,40,1,2,,0,2,0,1,202300028597A01,15,17,1,200073096
202300028602,2023-09-09,2023,septembre,samedi,12:55,65,65335,43.1028,0.133284,1,1,7,1,1,3,2,2,1,1,,7,1,0,1,4,1,37,5,1,2,0,0,7,1,202300028602A01,,,,246500482
202300028623,2023-09-08,2023,septembre,vendredi,22:30,60,60628,49.415032,2.162569,2,1,7,5,1,3,2,2,2,1,,7,1,0,5,3,1,74,0,2,,8,0,1,26,202300028623A01,,,,200067999
202300028648,2023-10-18,2023,octobre,mercredi,08:00,56,56184,47.664,-2.460213,2,4,3,2,2,4,2,2,1,2,,-1,2,0,1,4,1,32,1,1,2 / 4,0,2,0,1,202300028648B01,7,15,1,245614383