Num_Acc,date,an,mois,jour,hrmn,dep,com,lat,long,agg,int,col,lum,atm,catr,circ,nbv,prof,plan,lartpc,larrout,surf,infra,situ,grav,sexe,age,trajet,secuexist,equipement,obs,obsm,choc,manv,vehiculeid,typevehicules,manoeuvehicules,numVehicules,_infos_commune.code_epci
202300031978,2023-03-12,2023,mars,dimanche,14:50,43,43234,44.956071,3.541213,2,6,3,1,1,3,1,1,1,2,,-1,1,5,1,2,1,74,5,1,2,0,2,0,0,202300031978A01,7,1,1,200073393
202300032075,2023-03-04,2023,mars,samedi,15:20,972,97232,14.53984,-60.875657,1,1,1,1,1,3,2,2,2,2,,-1,1,0,1,3,1,21,9,1,2,0,2,1,5,202300032075B01,7,1,1,249720053
202300032127,2023-03-03,2023,mars,vendredi,15:25,44,44029,47.26575822,-1.31680281,1,1,2,1,1,3,2,2,1,1,,-1,1,0,1,3,1,31,5,2,,0,2,0,1,202300032127B01,7,2,1,200067866
202300032131,2023-03-03,2023,mars,vendredi,14:00,35,35327,48.102996,-1.464996,1,1,2,1,1,3,2,2,1,1,,7,1,0,1,3,1,78,5,1,2,0,2,4,1,202300032131B01,15,1,1,243500659
202300032149,2023-03-03,2023,mars,vendredi,16:45,72,72386,48.01237,0.276386,1,2,3,1,1,3,2,-1,1,1,,-1,1,0,1,4,1,25,1,1,9,0,2,1,1,202300032149B01,7,9,1,247200132
202300032233,2023-03-03,2023,mars,vendredi,13:30,31,31395,43.433738,1.284895,1,1,6,1,1,3,2,2,1,1,,-1,1,0,1,4,1,47,5,1,2 / 9,1,0,1,26,202300032233B01,,,,200068641
202300032297,2023-11-10,2023,novembre,vendredi,13:50,29,29232,47.980347,-4.072361,2,6,3,1,2,3,1,1,2,2,,-1,2,0,1,4,1,45,1,2,,0,2,5,15,202300032297P01,7,1,1,200068120
202300032333,2023-05-22,2023,mai,lundi,21:05,28,28158,48.413935,1.431441,1,6,1,1,1,3,2,1,1,2,,4,1,5,1,4,1,16,5,2,,0,2,1,5,202300032333A01,7,1,1,200033181
202300032394,2023-11-07,2023,novembre,mardi,13:34,05,05061,44.56165,6.08413,2,1,3,1,1,4,2,3,2,1,,7,1,9,1,4,1,27,1,2,,0,2,4,1,202300032394B01,10,1,1,200067825
202300032434,2023-06-25,2023,juin,dimanche,11:20,93,93064,48.87120698,2.4709623,2,2,3,1,1,3,2,4,1,1,,-1,1,0,1,4,1,60,5,2,,0,2,1,15,202300032434B01,7,15,1,200054781
202300032446,2023-09-06,2023,septembre,mercredi,14:00,10,10343,48.27305,4.08987,2,1,3,1,1,4,1,2,1,1,,-1,1,0,5,4,2,11,0,1,2,0,2,8,0,202300032446B01,7,1,1,200069250
202300032532,2023-06-17,2023,juin,samedi,09:15,42,42020,45.63782025,4.20589525,1,6,3,1,1,3,-1,1,1,1,,3.5,1,0,1,3,1,66,5,1,2,0,2,0,1,202300032532B01,7,9,1,200065886
202300032537,2023-06-25,2023,juin,dimanche,18:40,34,34239,43.650462,3.502235,2,4,2,2,1,3,2,-1,1,1,,-1,1,0,1,4,1,32,5,1,2,0,2,2,1,202300032537B01,7,15,1,243400694
202300032540,2023-12-14,2023,décembre,jeudi,18:10,94,94058,48.834226,2.516914,2,1,1,5,1,3,1,1,1,1,,-1,1,-1,5,1,1,33,0,1,2 / 4,0,2,1,5,202300032540A01,1,1,1,200054781
202300032540,2023-12-14,2023,décembre,jeudi,18:10,94,94058,48.834226,2.516914,2,1,1,5,1,3,1,1,1,1,,-1,1,-1,5,4,1,17,0,1,8,0,2,1,1,202300032540B01,1,5,1,200054781
202300032555,2023-12-14,2023,décembre,jeudi,18:40,94,94002,48.80575,2.41516,2,2,1,3,1,4,1,1,1,1,,-1,1,0,1,4,1,22,4,2,,0,2,1,5,202300032555A01,7,1,1,200054781
202300032571,2023-06-26,2023,juin,lundi,12:30,14,14582,49.081301,0.19298,1,1,2,1,1,3,2,2,1,1,,9,1,0,1,4,2,59,5,1,2,0,2,4,13,202300032571B01,10,1,1,200069532
202300032585,2023-09-08,2023,septembre,vendredi,08:00,31,31454,43.411953,1.128609,2,1,2,1,1,3,2,2,1,1,,7,1,0,1,3,1,44,1,1,2,0,0,4,1,202300032585B01,7,1,1,200068815
202300032590,2023-06-25,2023,juin,dimanche,08:50,53,53062,47.82531,-0.68758,2,6,3,1,7,2,2,2,1,1,,7,1,0,1,4,1,55,5,2,,0,2,7,1,202300032590A01,7,9,1,245300447
202300032593,2023-08-10,2023,août,jeudi,19:40,974,97416,-21.297656,55.418606,1,1,2,3,1,2,2,1,1,1,,4,1,2,1,3,1,16,5,2,,0,0,4,2,202300032593B01,31,2,1,249740077
202300032608,2023-09-08,2023,septembre,vendredi,08:45,74,74177,46.049367,6.177471,1,4,3,1,1,3,2,-1,1,1,,-1,1,0,1,3,1,54,5,1,2,0,2,1,1,202300032608B01,7,15,1,247400112
202300032634,2023-12-13,2023,décembre,mercredi,16:45,87,87143,45.917499,1.122462,1,3,3,2,1,3,-1,-1,1,1,,-1,-1,5,1,3,1,71,9,2,,0,2,3,2,202300032634B01,7,9,1,248719312
202300032664,2023-12-15,2023,décembre,vendredi,17:45,81,81262,44.068359,1.970469,1,1,2,3,1,3,2,2,1,1,,5.5,1,0,1,3,1,34,3,2,,0,2,4,1,202300032664B01,7,1,1,200034064
202300032719,2023-06-23,2023,juin,vendredi,17:36,91,91692,48.68253,2.1709,2,3,3,1,1,4,2,0,1,1,,-1,1,0,1,4,1,11,0,2,,0,2,1,19,202300032719B01,7,16,1,200056232
202300032741,2023-09-08,2023,septembre,vendredi,08:12,84,84034,43.896252,4.978152,1,1,2,1,7,3,2,2,1,1,,5.5,1,0,1,3,1,36,1,2,,0,0,4,2,202300032741B01,7,2,1,248400251
202300032755,2023-09-08,2023,septembre,vendredi,19:00,65,65481,42.907461,0.143745,1,1,6,1,1,3,2,2,2,2,,5.5,1,0,1,3,1,31,5,2,,15,9,1,2,202300032755A01,,,,200070811
202300032768,2023-12-15,2023,décembre,vendredi,09:30,13,13073,43.386911,5.555686,2,1,1,1,1,3,2,2,2,1,,8,1,5,3,3,1,69,5,1,2,0,2,1,1,202300032768B01,7,15,1,200054807
202300032852,2023-12-13,2023,décembre,mercredi,13:55,973,97302,4.92531,-52.30843,2,1,7,1,1,4,2,2,1,1,,-1,1,0,1,4,1,16,1,2,,0,0,4,1,202300032852A01,,,,249730045
202300032922,2023-09-06,2023,septembre,mercredi,16:30,75,75120,48.864663,2.404629,2,2,6,1,1,4,2,4,1,1,,-1,1,0,5,1,1,23,1,2,,0,1,1,1,202300032922A01,,,,200054781
202300032947,2023-10-09,2023,octobre,lundi,09:55,13,13008,43.661589,5.156145,2,1,7,1,1,3,2,2,2,1,,-1,1,0,1,4,1,61,5,1,4,0,0,0,0,202300032947A01,,,,200054807
202300032953,2023-10-08,2023,octobre,dimanche,20:20,973,97311,5.47676,-54.038551,2,3,1,5,1,3,2,-1,1,1,,-1,1,0,1,4,1,53,0,2,,0,2,0,15,202300032953B01,7,1,1,249730037
202300032957,2023-10-07,2023,octobre,samedi,15:10,95,95438,49.132679,1.931577,1,1,7,1,1,3,2,2,2,3,,5,1,0,1,3,1,42,5,2,,0,0,0,26,202300032957A01,,,,200035970
202300032958,2023-10-08,2023,octobre,dimanche,11:10,78,78334,48.723971,1.956173,2,3,3,1,1,3,2,2,1,1,,5.5,1,0,1,4,1,62,5,1,2,0,2,1,1,202300032958B01,7,15,1,200033173
202300033141,2023-10-07,2023,octobre,samedi,17:00,94,94021,48.771329,2.361179,2,1,6,1,1,3,2,2,1,1,,7,1,0,4,4,2,4,5,2,,0,2,0,19,202300033141B01,7,2,1,200054781
202300033163,2023-10-06,2023,octobre,vendredi,18:00,86,86046,46.774089,0.536782,2,6,3,2,1,4,4,1,1,3,,-1,1,0,1,3,1,58,5,1,2 / 9,0,2,7,15,202300033163B01,7,9,1,248600413
202300033165,2023-10-06,2023,octobre,vendredi,16:30,52,52114,48.031752,4.912906,2,9,3,1,1,3,2,2,1,1,,7,1,0,3,4,1,70,5,1,2 / 9,0,2,8,1,202300033165B01,7,15,1,245200597
202300033171,2023-09-23,2023,septembre,samedi,10:40,01,01353,45.964784,4.798488,1,1,3,1,1,3,2,2,2,1,,5.5,1,0,1,4,1,34,5,1,2 / 6,0,2,7,1,202300033171B01,7,14,1,200042497
202300033176,2023-10-07,2023,octobre,samedi,15:30,30,30209,44.009225,4.783769,2,3,3,1,1,4,2,2,1,1,,-1,1,0,1,3,1,5,5,1,2,0,2,1,1,202300033176B01,7,1,1,248400251
202300033182,2023-10-07,2023,octobre,samedi,12:10,77,77519,48.650401,3.409039,2,1,6,1,1,3,2,2,1,1,,5,1,0,4,4,1,19,5,2,,12,0,0,25,202300033182A01,,,,200037133
202300033190,2023-10-05,2023,octobre,jeudi,17:10,33,33480,44.884968,-0.199418,1,1,4,1,1,3,2,2,1,1,,5.5,1,0,1,3,1,65,5,1,2,13,2,4,1,202300033190C01,7,1,2,200035533
202300033203,2023-01-17,2023,janvier,mardi,20:40,59,59328,50.64096,3.03168,2,2,3,5,9,7,2,2,1,1,,-1,7,0,1,4,1,41,1,2,,0,2,8,1,202300033203B01,7,15,1,200093201
202300033209,2023-01-17,2023,janvier,mardi,08:25,54,54395,48.68247,6.16595,2,1,1,1,1,4,1,1,1,1,,-1,2,0,1,4,1,23,1,1,2,0,2,1,1,202300033209B01,7,11,1,245400676
202300033221,2023-01-18,2023,janvier,mercredi,08:50,33,33318,44.80948194,-0.62678665,2,5,3,1,8,4,2,2,1,2,,-1,1,5,1,4,2,30,1,2,,0,2,2,15,202300033221A01,7,16,1,243300316
202300033285,2023-01-17,2023,janvier,mardi,11:15,973,97302,4.94235483,-52.32242256,2,2,3,1,1,4,1,1,1,1,,-1,1,0,1,4,1,17,0,2,,0,2,8,5,202300033285A01,7,9,1,249730045
202300033292,2023-01-17,2023,janvier,mardi,06:40,971,97113,16.2076,-61.45709,1,1,3,1,1,2,3,1,1,1,,-1,1,0,1,4,1,32,9,1,2,0,2,1,1,202300033292B01,7,22,1,200041507
202300033295,2023-01-17,2023,janvier,mardi,19:06,91,91161,48.691478,2.315644,2,3,1,5,2,4,2,2,1,1,,-1,2,0,1,4,1,50,1,2,,0,2,1,1,202300033295B01,7,15,1,200056232
202300033308,2023-01-12,2023,janvier,jeudi,18:00,59,59507,50.60709,3.0766,2,1,1,2,3,7,2,3,1,1,,-1,2,0,6,4,1,31,0,1,2,0,2,0,7,202300033308B01,7,0,1,200093201
202300033386,2023-06-18,2023,juin,dimanche,16:30,47,47001,44.20876,0.6279,2,6,3,1,1,3,2,3,1,2,,-1,1,0,1,4,2,41,0,2,,0,2,7,1,202300033386B01,7,9,1,200096956
202300033490,2023-07-28,2023,juillet,vendredi,20:00,25,25410,47.225692,6.066465,2,1,1,1,1,4,2,2,2,1,,-1,1,0,1,3,1,17,5,2,,0,2,1,0,202300033490B01,7,0,1,242500361
202300033509,2023-07-27,2023,juillet,jeudi,16:02,43,43184,45.341951,4.272566,1,9,2,2,1,3,2,2,1,1,,5,1,0,1,3,1,51,5,1,2,0,0,4,2,202300033509B01,7,2,1,244301131
202300033516,2023-07-28,2023,juillet,vendredi,08:10,30,30152,44.243414,4.178503,1,3,3,1,1,3,2,2,1,1,,-1,1,0,1,3,1,73,5,2,,0,2,1,1,202300033516B01,13,19,1,200066918
202300033529,2023-07-28,2023,juillet,vendredi,14:00,987,98740,-15.364,-147.964,1,1,3,1,1,2,2,2,1,1,,-1,1,0,1,4,2,14,5,2,,0,2,8,1,202300033529B01,7,1,1,
202300033590,2023-11-11,2023,novembre,samedi,11:35,14,14689,48.979745,-0.526282,1,3,6,1,2,3,2,2,2,1,,-1,2,0,1,4,1,32,5,1,2,0,2,4,1,202300033590B01,31,9,1,200066710
202300033590,2023-11-11,2023,novembre,samedi,11:35,14,14689,48.979745,-0.526282,1,3,6,1,2,3,2,2,2,1,,-1,2,0,1,4,2,30,5,1,2,0,2,1,2,202300033590C01,31,9,1,200066710
202300033619,2023-11-10,2023,novembre,vendredi,17:30,41,41214,47.925871,1.20506,2,1,6,2,2,4,2,2,1,1,,-1,2,0,1,2,1,51,5,1,2,0,0,0,1,202300033619B01,16,2,1,200040772
202300033697,2023-02-28,2023,février,mardi,18:25,44,44184,47.26789,-2.27812,1,6,3,1,1,4,2,2,2,1,,-1,1,0,1,4,1,42,1,2,,0,2,7,2,202300033697B01,7,2,1,244400644
202300033716,2023-03-01,2023,mars,mercredi,19:05,33,33063,44.83864,-0.62031,2,1,3,5,1,4,2,2,1,1,,-1,1,0,5,4,2,29,1,2,,0,2,8,1,202300033716B01,7,14,1,243300316
202300033739,2023-04-13,2023,avril,jeudi,10:10,17,17385,45.944805,-1.309583,2,6,3,1,1,3,2,2,1,2,,-1,1,0,1,3,1,77,5,2,,0,2,5,1,202300033739B01,7,9,1,241700624
202300033758,2023-04-14,2023,avril,vendredi,11:25,08,08449,49.71379,4.50874,1,4,3,1,1,3,2,2,1,3,,4,1,0,1,3,1,27,5,1,2,0,2,1,0,202300033758A01,7,0,1,240800862
202300033762,2023-04-13,2023,avril,jeudi,17:51,68,68321,47.828418,7.25099,2,3,3,1,1,3,2,2,1,1,,7,1,5,1,4,1,61,0,1,2,0,2,1,1,202300033762A01,7,15,1,200066009
202300033796,2023-05-21,2023,mai,dimanche,12:10,83,83152,43.15650229,6.47234023,2,3,1,1,1,3,2,2,4,2,,-1,1,0,1,3,1,52,5,1,2,0,2,1,1,202300033796B01,7,9,1,200036077
202300033851,2023-04-11,2023,avril,mardi,16:21,60,60612,49.1971,2.570282,2,1,6,1,1,4,2,2,1,1,,-1,1,0,1,1,1,55,1,2,,0,1,1,1,202300033851A01,,,,200066975
202300033856,2023-11-08,2023,novembre,mercredi,15:50,92,92063,48.87624713,2.20113471,2,9,2,1,2,4,2,1,2,1,,-1,2,0,1,4,1,15,0,2,,0,0,0,0,202300033856B01,7,16,1,200054781
202300033902,2023-02-25,2023,février,samedi,14:15,33,33308,44.657275,-0.284899,2,1,7,1,1,4,2,2,2,1,,4,1,0,1,2,1,63,5,1,2,0,0,0,1,202300033902A01,,,,200069581
202300033969,2023-03-03,2023,mars,vendredi,01:15,971,97128,16.219074,-61.406772,1,1,2,4,1,2,2,2,1,1,,-1,1,0,1,3,1,40,5,2,,0,2,4,1,202300033969B01,7,1,1,200041507
202300033977,2023-11-07,2023,novembre,mardi,12:30,44,44158,47.274971,-1.784254,2,1,3,1,1,3,2,2,1,1,,5,1,5,1,3,1,61,5,1,2,0,2,7,5,202300033977B01,7,15,1,200072734
202300034050,2023-05-20,2023,mai,samedi,12:00,50,50298,49.267097,-1.290797,1,1,3,1,1,3,2,2,1,1,,5.5,1,0,1,3,1,59,0,2,,0,0,8,26,202300034050B01,7,17,1,200042729
202300034096,2023-06-25,2023,juin,dimanche,09:55,60,60623,49.546928,1.857135,2,1,6,1,1,3,2,2,2,1,,5.5,1,0,1,2,1,77,5,1,2,6,0,3,1,202300034096A01,,,,246000848
202300034224,2023-06-24,2023,juin,samedi,17:45,66,66085,42.58118375,2.35233486,1,1,2,1,1,2,3,4,1,1,,-1,1,0,3,4,1,62,5,2,,0,2,4,1,202300034224B01,7,12,1,200049211
202300034314,2023-02-28,2023,février,mardi,06:30,33,33281,44.82696,-0.66417,2,3,1,5,1,4,2,2,1,1,,-1,1,0,1,4,1,21,0,2,,0,2,1,15,202300034314B01,7,15,1,243300316
202300034321,2023-06-25,2023,juin,dimanche,15:00,974,97415,-21.087904,55.237541,1,6,6,1,1,2,2,2,2,1,,-1,1,0,4,3,1,23,5,2,,6,0,1,0,202300034321A01,,,,249740101
202300034349,2023-06-25,2023,juin,dimanche,09:45,66,66112,42.58099,2.736438,1,1,1,1,1,3,2,2,2,3,,4,1,2,1,3,1,58,5,1,2 / 6,0,2,0,1,202300034349B01,7,13,1,246600449
202300034382,2023-04-12,2023,avril,mercredi,15:25,33,33507,44.393818,-0.196788,1,2,3,1,1,3,2,2,1,1,,4,1,5,1,3,1,14,5,1,2,0,2,1,19,202300034382B01,7,1,1,200043982
202300034526,2023-09-04,2023,septembre,lundi,07:40,51,51352,48.722651,4.631639,1,1,3,2,1,3,2,2,1,1,,4,1,0,1,3,2,57,1,2,,0,2,8,2,202300034526B01,7,1,1,200034718
202300034532,2023-09-07,2023,septembre,jeudi,11:10,05,05161,44.96144368,6.58739483,1,1,1,1,1,3,2,2,2,3,,4,1,0,1,3,1,30,5,1,2,0,2,1,13,202300034532A01,7,1,1,240500439
202300034560,2023-09-07,2023,septembre,jeudi,16:20,55,55568,48.711849,5.061663,1,1,3,1,1,3,2,2,1,1,,5.5,1,0,1,4,1,36,5,1,2,0,2,8,1,202300034560B01,7,2,1,200066108
202300034572,2023-09-02,2023,septembre,samedi,15:00,01,01272,46.138274,5.036244,1,1,6,1,1,4,2,2,1,2,,-1,1,0,1,4,1,76,5,1,2 / 9,0,5,8,1,202300034572A01,,,,200069193
202300034626,2023-09-06,2023,septembre,mercredi,14:45,17,17283,45.579222,-0.544505,2,1,6,1,1,4,1,1,1,1,,-1,1,6,4,1,-1,2023,-1,2,,0,1,1,25,202300034626A01,,,,200041523
202300034633,2023-09-07,2023,septembre,jeudi,08:35,22,22136,48.187978,-2.756254,2,1,2,1,1,4,2,2,1,1,,-1,1,9,5,3,1,53,0,2,,0,0,4,1,202300034633B01,7,1,1,200067460
202300034661,2023-09-04,2023,septembre,lundi,19:50,54,54257,48.65103791,6.20799422,2,1,2,1,7,4,2,2,1,1,,-1,1,0,1,4,1,31,0,1,2,0,2,0,1,202300034661B01,7,9,1,245400676
202300034687,2023-09-05,2023,septembre,mardi,08:00,95,95280,49.02288,2.45772,2,6,3,1,1,4,2,2,1,1,,-1,1,0,1,4,1,24,1,1,2,0,2,7,1,202300034687B01,7,9,1,200055655
202300034786,2023-09-05,2023,septembre,mardi,18:00,17,17415,45.742376,-0.626195,2,3,3,1,1,4,3,2,1,1,,-1,1,0,1,4,2,72,5,1,2,0,2,1,2,202300034786B01,7,16,1,200036473
202300034863,2023-10-06,2023,octobre,vendredi,18:10,68,68218,47.73687615,7.28790897,2,6,3,1,1,3,2,1,1,1,,3.5,1,0,1,3,2,65,0,1,2,0,0,8,19,202300034863B01,7,1,1,200066009
202300034895,2023-10-05,2023,octobre,jeudi,17:00,973,97309,4.922952,-52.28224,2,3,3,1,1,3,2,2,1,1,,-1,1,0,1,4,2,61,0,2,,0,2,1,5,202300034895B01,7,16,1,249730045
202300034920,2023-10-01,2023,octobre,dimanche,10:18,47,47157,44.501412,0.158945,2,2,3,1,7,3,4,5,1,2,,-1,1,0,1,3,1,77,0,2,,0,0,3,1,202300034920A01,7,15,1,200030674
202300034962,2023-10-06,2023,octobre,vendredi,14:20,78,78551,48.984453,2.11777,1,1,2,1,1,4,3,4,2,1,,-1,1,0,1,4,1,19,0,2,,0,2,1,1,202300034962C01,10,23,1,200058519
202300035021,2023-10-06,2023,octobre,vendredi,17:52,44,44109,47.24195,-1.54001,2,1,3,1,1,4,2,0,1,1,,-1,1,0,1,4,1,17,0,1,2,0,0,0,0,202300035021B01,7,26,1,244400404
202300035061,2023-10-05,2023,octobre,jeudi,13:05,14,14366,49.14545,0.23557,2,1,3,1,1,4,3,2,2,1,,-1,1,0,1,3,1,41,1,2,,0,2,8,17,202300035061A01,7,1,1,200069532
202300035069,2023-01-13,2023,janvier,vendredi,12:25,83,83009,43.14154788,5.7702671,2,1,4,1,1,3,2,4,1,1,,-1,1,0,1,4,1,73,5,1,2,0,2,8,2,202300035069C01,10,14,1,248300394
202300035069,2023-01-13,2023,janvier,vendredi,12:25,83,83009,43.14154788,5.7702671,2,1,4,1,1,3,2,4,1,1,,-1,1,0,1,3,1,74,5,1,2,0,2,8,2,202300035069B01,10,14,1,248300394
202300035247,2023-07-28,2023,juillet,vendredi,09:45,63,63077,45.577898,2.880875,1,4,1,1,1,3,2,2,4,2,,-1,-1,0,-1,3,1,52,5,1,2,0,2,1,1,202300035247A01,7,15,1,246300966
202300035303,2023-06-15,2023,juin,jeudi,18:29,95,95277,48.9904473,2.43018329,2,1,2,1,1,4,2,2,1,3,,-1,1,0,1,4,1,63,5,2,,0,2,4,2,202300035303B01,7,2,1,200055655
202300035312,2023-06-15,2023,juin,jeudi,17:17,91,91433,48.46914,2.19515,2,1,6,1,1,3,2,2,1,1,,5,1,0,1,4,1,27,0,1,2,0,0,0,0,202300035312B01,1,0,1,200017846
202300035312,2023-06-15,2023,juin,jeudi,17:17,91,91433,48.46914,2.19515,2,1,6,1,1,3,2,2,1,1,,5,1,0,1,4,1,28,0,1,2,0,0,0,0,202300035312A01,1,0,1,200017846
202300035332,2023-04-18,2023,avril,mardi,18:59,65,65440,43.2396,0.07381,2,2,3,1,1,3,2,2,3,1,,-1,2,0,1,4,1,21,9,1,2,0,2,3,15,202300035332A01,7,1,1,200069300
202300035335,2023-06-16,2023,juin,vendredi,09:30,63,63113,45.78202,3.1059,2,1,6,1,1,4,1,2,1,1,,-1,1,-1,5,4,2,20,1,2,,1,0,7,1,202300035335B01,7,26,1,246300701
202300035382,2023-06-16,2023,juin,vendredi,10:52,17,17300,46.165656,-1.159037,2,1,6,1,1,4,1,1,1,1,,-1,1,0,1,3,2,50,5,2,,0,1,1,2,202300035382B01,,,,241700434
202300035425,2023-07-27,2023,juillet,jeudi,18:50,06,06161,43.627938,7.133804,1,1,3,1,1,3,2,2,1,1,,6,1,9,5,3,1,33,1,1,2,0,2,1,1,202300035425B01,7,9,1,240600585
202300035450,2023-05-19,2023,mai,vendredi,16:18,17,17300,46.1447,-1.13787,2,2,3,1,1,4,2,2,1,1,,-1,1,0,1,4,1,19,5,2,,0,2,8,1,202300035450B01,7,1,1,241700434
202300035549,2023-06-24,2023,juin,samedi,01:10,44,44162,47.2207048,-1.6284012,2,1,3,5,1,4,3,4,1,1,,-1,1,0,1,4,1,22,0,2,,0,2,0,0,202300035549B01,32,1,1,244400404
202300035567,2023-04-09,2023,avril,dimanche,16:40,72,72328,48.022381,0.230809,1,6,3,1,1,3,-1,1,1,2,,8,1,0,1,3,1,47,0,2,,0,2,8,2,202300035567B01,7,1,1,247200132
202300035594,2023-06-23,2023,juin,vendredi,08:58,34,34129,43.58574,3.91988,2,3,3,1,1,4,2,2,1,3,,-1,1,0,1,4,2,48,0,1,2,0,2,1,5,202300035594A01,7,1,1,243400017
202300035645,2023-06-22,2023,juin,jeudi,15:05,10,10387,48.29514,4.07168,2,2,3,1,8,4,1,1,2,1,,-1,2,0,1,4,1,16,0,2,,0,2,2,1,202300035645A01,7,1,1,200069250
202300035649,2023-05-21,2023,mai,dimanche,08:30,62,62169,50.73016,2.021838,1,1,1,1,1,4,2,2,1,3,,-1,1,0,1,3,1,48,5,1,2,0,2,1,1,202300035649B01,7,13,1,246201016
202300035727,2023-05-19,2023,mai,vendredi,20:15,69,69063,45.81601,4.849632,2,1,2,2,2,7,2,2,1,1,,10.5,2,0,5,3,1,65,5,1,2 / 9,0,2,1,1,202300035727B01,7,14,1,200046977
202300035785,2023-04-11,2023,avril,mardi,19:30,95,95598,48.9903,2.29634,2,1,3,1,2,4,1,1,1,1,,-1,2,0,1,4,1,65,5,1,2,0,2,1,1,202300035785B01,7,9,1,200056380
202300035828,2023-05-19,2023,mai,vendredi,16:15,14,14528,49.341919,0.317944,2,3,2,1,1,3,2,2,1,1,,-1,1,0,1,4,1,18,5,1,2,0,2,1,15,202300035828B01,7,4,1,200066827
202300035871,2023-05-21,2023,mai,dimanche,12:04,53,53162,48.262727,-0.629053,1,6,3,1,1,3,1,1,1,1,,4,1,9,4,4,1,44,3,2,,0,2,0,1,202300035871A01,1,0,1,200055887
202300035871,2023-05-21,2023,mai,dimanche,12:04,53,53162,48.262727,-0.629053,1,6,3,1,1,3,1,1,1,1,,4,1,9,4,1,2,32,5,1,2 / 6,0,0,0,0,202300035871B01,1,1,1,200055887
202300035872,2023-06-23,2023,juin,vendredi,18:50,01,01085,46.090555,5.028001,1,3,2,1,1,3,2,2,2,1,,4,1,0,1,3,1,39,5,2,,0,0,4,2,202300035872B01,7,2,1,200069193
202300035890,2023-05-19,2023,mai,vendredi,13:22,87,87154,45.902306,0.929356,2,1,7,1,1,4,2,2,1,1,,-1,1,0,1,3,1,73,5,1,2 / 6,0,0,2,1,202300035890A01,,,,200059400
202300035900,2023-06-09,2023,juin,vendredi,18:40,974,97404,-21.281312,55.346584,1,1,6,2,1,4,2,2,1,3,,-1,1,6,5,1,1,42,5,1,2,0,1,1,0,202300035900A01,,,,249740077
202300035932,2023-11-08,2023,novembre,mercredi,20:15,59,59082,50.985042,2.405381,1,1,3,5,3,3,2,2,1,1,,-1,2,0,5,3,1,50,5,1,2 / 4,0,0,1,1,202300035932B01,7,16,1,200040954
202300035962,2023-05-18,2023,mai,jeudi,19:00,971,97125,16.259447,-61.301388,1,1,1,3,1,4,2,2,2,4,,-1,1,0,1,3,1,52,5,1,4,0,2,1,13,202300035962A01,10,1,1,200041507
202300035985,2023-11-08,2023,novembre,mercredi,17:30,03,03119,46.731119,3.61153,2,7,2,5,1,3,2,2,1,1,,5.5,1,9,1,3,1,36,1,2,,0,2,1,1,202300035985B01,7,16,1,200071140
202300035987,2023-06-24,2023,juin,samedi,11:30,42,42235,45.369721,4.047121,1,1,1,1,1,3,2,2,1,2,,-1,1,0,1,3,1,59,5,1,2,0,2,8,9,202300035987B01,7,1,1,200065886
202300035996,2023-05-21,2023,mai,dimanche,12:40,83,83071,43.126233,6.198617,1,3,1,1,1,3,2,2,1,1,,-1,1,0,1,3,1,53,5,1,2,0,2,1,15,202300035996B01,7,1,1,200027100
202300036000,2023-06-23,2023,juin,vendredi,19:50,35,35331,48.110411,-1.92795,2,1,7,1,1,4,2,2,2,3,,-1,1,0,1,3,1,42,5,1,2,0,0,7,1,202300036000A01,,,,243500550
202300036002,2023-05-20,2023,mai,samedi,11:20,06,06070,43.796062,6.945387,2,1,2,1,2,3,2,2,2,1,,5,2,9,1,3,1,65,5,1,2,0,2,1,2,202300036002B01,7,2,1,240600585
202300036022,2023-06-24,2023,juin,samedi,12:45,02,02560,49.698761,3.459465,2,3,1,1,1,3,2,2,1,1,,4,1,0,1,3,1,8,5,2,,0,2,8,19,202300036022B01,7,1,1,240200469
202300036038,2023-06-07,2023,juin,mercredi,12:57,06,06105,43.663622,7.054805,2,1,2,1,1,3,2,2,2,1,,6,1,0,1,3,1,30,5,1,2,0,2,1,2,202300036038A01,7,2,1,240600585
202300036060,2023-06-24,2023,juin,samedi,15:20,88,88426,47.853587,6.812671,2,2,3,1,1,4,2,-1,1,1,,-1,1,5,1,3,1,52,5,1,2,0,2,8,19,202300036060B01,7,1,1,200033868
202300036075,2023-10-31,2023,octobre,mardi,11:35,26,26347,45.069379,4.841088,2,4,3,1,8,2,2,3,1,1,,9,1,0,1,3,1,76,0,2,,0,2,1,1,202300036075B01,10,15,1,200073096
202300036084,2023-06-22,2023,juin,jeudi,12:00,987,98726,-16.609,-143.295,1,1,1,1,1,3,2,2,1,1,,-1,1,0,1,3,1,44,5,2,,0,2,1,1,202300036084B01,50,15,1,
202300036091,2023-06-21,2023,juin,mercredi,19:15,971,97128,16.235473,-61.369693,1,1,2,5,1,4,2,2,1,1,,-1,1,0,1,2,1,61,5,2,,0,0,4,2,202300036091B01,7,2,1,200041507