Num_Acc,date,an,mois,jour,hrmn,dep,com,lat,long,agg,int,col,lum,atm,catr,circ,nbv,prof,plan,lartpc,larrout,surf,infra,situ,grav,sexe,age,trajet,secuexist,equipement,obs,obsm,choc,manv,vehiculeid,typevehicules,manoeuvehicules,numVehicules,_infos_commune.code_epci
202300044044,2023-02-20,2023,février,lundi,18:26,973,97302,4.93651552,-52.30736196,2,3,3,1,3,3,2,2,1,1,,-1,2,5,1,3,2,18,0,2,,0,2,2,1,202300044044B01,7,19,1,249730045
202300044048,2023-12-07,2023,décembre,jeudi,20:30,75,75112,48.852708,2.37125,2,1,6,5,2,4,1,1,1,1,,-1,2,0,5,1,1,26,5,1,2,0,1,0,1,202300044048A01,,,,200054781
202300044148,2023-12-08,2023,décembre,vendredi,18:30,24,24294,45.006208,0.162284,2,1,2,5,1,3,2,2,1,1,,5,1,0,1,4,1,26,1,2,,12,0,4,2,202300044148A01,7,2,1,200040384
202300044198,2023-03-18,2023,mars,samedi,03:55,44,44109,47.23189,-1.50771,2,1,6,3,1,4,2,2,1,1,,-1,1,0,1,3,1,22,0,2,,0,2,0,0,202300044198A01,,,,244400404
202300044211,2023-04-05,2023,avril,mercredi,09:33,34,34003,43.29109,3.51406,2,6,3,1,1,4,2,-1,1,2,,-1,1,5,1,4,1,76,0,1,2,0,2,2,1,202300044211B01,7,9,1,243400819
202300044229,2023-02-20,2023,février,lundi,10:15,33,33063,44.84638522,-0.596876,2,1,2,1,1,4,1,1,1,1,,-1,1,-1,5,3,2,56,1,2,,0,2,1,1,202300044229B01,10,4,1,243300316
202300044262,2023-04-02,2023,avril,dimanche,10:25,02,02168,49.04442,3.40302,2,6,3,1,2,4,1,1,1,2,,-1,2,5,1,3,2,63,0,2,,0,2,7,14,202300044262B01,7,0,1,200072031
202300044282,2023-08-30,2023,août,mercredi,19:00,14,14117,49.29457,-0.108435,2,2,3,1,1,4,2,2,2,1,,-1,1,0,1,4,1,26,5,2,,0,2,1,1,202300044282A01,7,1,1,200065563
202300044369,2023-04-05,2023,avril,mercredi,11:00,49,49092,47.214033,-0.728021,2,6,3,1,7,4,-1,1,1,2,,-1,1,0,1,3,1,61,5,1,2,0,0,8,26,202300044369B01,7,26,1,200060010
202300044377,2023-10-08,2023,octobre,dimanche,18:15,74,74043,46.26579,6.347265,1,1,6,1,1,3,2,2,2,2,,5,1,2,1,3,1,50,5,1,2,12,0,0,1,202300044377A01,,,,200067551
202300044398,2023-09-26,2023,septembre,mardi,14:30,56,56256,47.993167,-2.306909,1,2,5,1,1,3,2,2,2,1,,-1,1,0,1,3,1,69,5,1,2,1,2,8,1,202300044398B01,7,19 / 23,2,200066777
202300044426,2023-01-07,2023,janvier,samedi,01:25,62,62895,50.495688,2.844525,2,1,1,3,2,4,2,2,1,1,,-1,2,0,1,3,1,38,5,1,2,0,2,1,1,202300044426B01,7,1,1,246200364
202300044445,2023-01-05,2023,janvier,jeudi,18:00,54,54265,48.64345,6.182294,2,6,3,5,2,7,-1,3,1,2,,-1,2,0,1,4,1,53,0,1,2,0,2,8,1,202300044445B01,10,1,1,245400676
202300044449,2023-01-09,2023,janvier,lundi,14:05,54,54395,48.693,6.1965,2,2,3,1,1,4,2,2,1,1,,-1,2,2,1,4,1,67,0,2,,0,2,4,1,202300044449B01,10,1,1,245400676
202300044481,2023-01-10,2023,janvier,mardi,07:54,35,35238,48.10048042,-1.65006548,2,2,3,5,2,4,2,2,1,1,,-1,2,0,1,3,1,29,1,1,2,0,2,7,1,202300044481B01,80,1,1,243500139
202300044490,2023-01-10,2023,janvier,mardi,08:15,33,33318,44.78318,-0.65253,2,9,3,2,2,4,2,2,1,1,,-1,2,0,5,4,1,64,0,2,,0,2,2,1,202300044490B01,10,9,1,243300316
202300044493,2023-10-03,2023,octobre,mardi,08:50,38,38486,45.161714,5.696352,2,1,1,1,1,4,2,2,1,1,,-1,1,0,6,3,1,75,0,1,2,0,2,1,1,202300044493B01,7,9,1,200040715
202300044649,2023-09-29,2023,septembre,vendredi,15:45,973,97302,4.93253,-52.29049,2,3,2,1,1,3,2,2,1,1,,-1,1,0,1,4,1,16,5,1,2,0,2,1,1,202300044649B01,7,15,1,249730045
202300044758,2023-07-18,2023,juillet,mardi,08:45,56,56258,47.591752,-3.035359,2,1,3,1,1,3,2,2,1,1,,4,1,0,1,3,1,77,5,2,,0,2,3,11,202300044758B01,7,1,1,200043123
202300044760,2023-07-20,2023,juillet,jeudi,11:05,56,56258,47.577828,-3.035386,2,1,7,1,1,4,2,2,4,3,,5.5,1,-1,5,4,1,75,5,1,2,0,0,0,1,202300044760A01,,,,200043123
202300044794,2023-07-21,2023,juillet,vendredi,18:49,01,01267,46.187422,5.523478,2,2,3,1,1,3,2,2,2,1,,7,1,0,1,4,1,55,5,1,2,0,2,1,1,202300044794B01,7,15,1,200042935
202300044804,2023-07-22,2023,juillet,samedi,11:00,05,05029,44.646979,6.182234,1,1,3,1,1,3,2,2,1,1,,6,1,0,1,3,1,69,5,1,2,0,2,1,1,202300044804B01,7,15,1,200068096
202300044808,2023-07-22,2023,juillet,samedi,09:05,43,43200,45.041519,4.0608,2,3,2,1,1,3,2,-1,4,1,,-1,1,0,1,3,1,46,5,1,2,0,2,1,1,202300044808B01,1,1,1,200073401
202300044808,2023-07-22,2023,juillet,samedi,09:05,43,43200,45.041519,4.0608,2,3,2,1,1,3,2,-1,4,1,,-1,1,0,1,3,1,59,5,1,2,0,2,4,1,202300044808A01,1,1,1,200073401
202300044810,2023-07-22,2023,juillet,samedi,10:25,43,43173,44.834615,3.731983,1,1,6,1,1,3,2,2,2,1,,5,1,0,1,2,1,59,5,1,2 / 6,3,0,1,1,202300044810A01,,,,244301123
202300044821,2023-07-22,2023,juillet,samedi,12:40,85,85084,46.770808,-1.233786,2,2,3,1,1,4,2,-1,-1,1,,-1,1,0,1,3,1,11,5,1,2,0,2,3,16,202300044821A01,7,1,1,200071918
202300044868,2023-10-02,2023,octobre,lundi,07:10,60,60403,49.505844,1.986423,1,1,3,3,1,3,2,2,1,1,,5.5,1,0,1,3,1,52,1,2,,0,0,8,2,202300044868A01,7,2,1,200067999
202300044887,2023-01-09,2023,janvier,lundi,15:00,56,56244,47.85569,-2.45999,1,1,6,1,2,3,2,2,2,3,,-1,2,0,1,3,1,78,5,1,9,1,0,1,1,202300044887A01,,,,200066785
202300044890,2023-07-21,2023,juillet,vendredi,19:05,22,22273,48.571091,-2.484997,1,2,3,1,1,3,2,2,1,1,,5.5,1,0,1,3,1,19,5,2,,0,0,6,19,202300044890A01,7,1,1,200069391
202300044915,2023-01-11,2023,janvier,mercredi,12:50,60,60029,49.374532,1.990327,1,9,3,1,1,3,2,1,1,1,,-1,1,5,1,3,1,76,5,1,2,0,2,8,1,202300044915B01,7,15,1,200067999
202300044941,2023-10-01,2023,octobre,dimanche,11:00,01,01240,46.262241,5.552521,1,1,1,1,1,3,2,2,2,2,,5.5,1,0,1,3,1,31,5,1,2,0,2,1,17,202300044941B01,7,1,1,200042935
202300044974,2023-10-02,2023,octobre,lundi,07:15,973,97309,4.883732,-52.287106,2,3,2,1,1,4,2,2,1,1,,-1,1,9,1,4,1,14,2,2,,0,2,4,15,202300044974B01,7,1,1,249730045
202300044993,2023-07-19,2023,juillet,mercredi,09:05,65,65440,43.232834,0.061352,2,6,3,1,1,4,1,1,1,2,,-1,1,5,1,3,2,58,1,1,2,0,2,7,1,202300044993B01,7,9,1,200069300
202300045077,2023-06-19,2023,juin,lundi,17:50,65,65388,42.831439,0.239076,1,1,7,1,1,4,2,2,2,1,,-1,1,0,1,3,1,66,5,1,2,0,0,0,1,202300045077A01,,,,246500573
202300045092,2023-06-18,2023,juin,dimanche,12:15,04,04046,44.023804,6.092219,1,1,3,1,1,3,2,2,1,2,,4,1,0,1,3,1,49,5,1,2,0,2,2,2,202300045092A01,1,2,1,200067437
202300045092,2023-06-18,2023,juin,dimanche,12:15,04,04046,44.023804,6.092219,1,1,3,1,1,3,2,2,1,2,,4,1,0,1,1,2,19,5,1,2,0,2,3,2,202300045092B01,1,2,1,200067437
202300045164,2023-06-17,2023,juin,samedi,12:40,06,06119,44.293015,6.901646,1,1,7,1,1,7,2,2,2,1,,7,1,0,3,2,1,68,5,1,2,0,0,0,0,202300045164A01,,,,200030195
202300045189,2023-06-17,2023,juin,samedi,20:06,38,38061,45.340525,5.616304,2,1,2,1,1,4,2,2,2,1,,-1,1,0,1,4,1,49,5,1,2,0,0,4,1,202300045189B01,7,1,1,243800984
202300045225,2023-06-17,2023,juin,samedi,15:10,65,65428,42.971524,-0.153932,1,1,1,1,1,3,2,2,2,3,,4,1,0,1,3,1,65,5,1,2,0,2,1,13,202300045225A01,7,1,1,200070811
202300045287,2023-11-01,2023,novembre,mercredi,13:54,06,06088,43.6753812,7.2277833,2,1,4,1,1,7,3,6,1,1,,-1,1,0,1,2,1,79,5,2,,0,2,8,19,202300045287C01,7,1,2,200030195
202300045332,2023-11-03,2023,novembre,vendredi,15:45,76,76624,49.8799,1.20857,2,1,6,1,1,4,-1,2,1,1,,-1,1,0,1,3,1,80,5,1,9,0,2,1,1,202300045332A01,7,1,1,247600729
202300045336,2023-05-14,2023,mai,dimanche,14:52,71,71580,46.659996,5.24507,2,3,3,1,1,4,2,2,2,1,,-1,1,0,8,3,1,10,5,1,2,0,0,2,16,202300045336B01,7,1,1,200071579
202300045358,2023-05-13,2023,mai,samedi,14:40,02,02807,49.643944,3.208269,1,1,5,1,1,3,2,2,1,1,,7,1,0,1,4,2,29,5,2,,0,2,3,2,202300045358B01,7,2,1,200071785
202300045358,2023-05-13,2023,mai,samedi,14:40,02,02807,49.643944,3.208269,1,1,5,1,1,3,2,2,1,1,,7,1,0,1,1,1,27,5,2,,0,2,3,2,202300045358C01,7,2,1,200071785
202300045363,2023-11-02,2023,novembre,jeudi,17:40,70,70575,47.336103,6.016098,1,1,2,3,9,3,2,2,1,1,,7,2,0,1,4,1,42,1,1,4,5,0,4,2,202300045363B01,7,2,1,247000706
202300045373,2023-05-14,2023,mai,dimanche,09:45,36,36069,47.06384338,1.39408357,1,1,3,1,5,3,2,2,1,1,,5.5,2,0,1,3,1,75,5,2,,0,2,8,10,202300045373A01,7,1,1,200040558
202300045400,2023-10-31,2023,octobre,mardi,15:15,57,57031,49.091131,6.264696,2,1,7,1,1,4,2,2,1,1,,-1,1,0,3,2,1,62,5,1,2 / 6,0,0,0,1,202300045400A01,,,,200039865
202300045442,2023-05-12,2023,mai,vendredi,19:20,973,97302,4.93707509,-52.32599562,2,6,1,3,1,3,1,1,2,3,,-1,9,0,1,4,1,32,3,2,,0,2,8,1,202300045442B01,7,16,1,249730045
202300045561,2023-11-01,2023,novembre,mercredi,11:25,11,11418,43.235339,2.035925,1,2,3,1,1,3,2,2,1,1,,-1,1,0,1,3,1,55,5,1,2 / 6,0,2,7,1,202300045561B01,7,1,1,200035707
202300045581,2023-10-13,2023,octobre,vendredi,18:00,52,52250,48.447045,5.155367,2,1,2,2,1,3,2,2,1,1,,5.5,1,0,1,4,1,49,3,2,,0,2,4,0,202300045581B01,7,0,1,200044253
202300045613,2023-04-03,2023,avril,lundi,17:55,59,59135,50.802315,2.477045,2,1,7,1,1,3,2,2,3,1,,-1,1,0,8,2,1,58,5,1,2,0,0,0,23,202300045613A01,,,,200040947
202300045669,2023-08-30,2023,août,mercredi,19:05,14,14396,49.13422371,-0.41271022,1,6,3,1,1,3,2,1,2,1,,4,1,5,1,3,1,59,5,1,2,0,2,7,1,202300045669B01,7,1,1,200066728
202300045672,2023-08-31,2023,août,jeudi,17:45,09,09324,43.051438,1.644114,2,1,1,1,7,4,2,2,1,3,,-1,1,0,1,4,1,47,0,1,2,0,2,7,0,202300045672A01,7,0,1,200067791
202300045702,2023-04-06,2023,avril,jeudi,12:25,85,85097,46.951639,-1.07931,1,6,2,1,2,3,2,2,1,2,,6,2,0,1,4,1,65,5,1,2,0,2,4,1,202300045702B01,7,2,1,248500662
202300045714,2023-08-31,2023,août,jeudi,17:40,976,97615,-12.796323,45.281181,2,2,3,1,7,4,2,2,1,1,,-1,1,0,1,4,1,21,0,2,,0,2,1,1,202300045714A01,7,1,1,200050532
202300045715,2023-02-21,2023,février,mardi,06:49,95,95352,49.10841517,2.43684193,1,1,3,2,5,3,2,2,2,2,,-1,1,0,1,4,1,31,1,1,4,0,2,1,1,202300045715A01,7,17,1,200073013
202300045724,2023-02-18,2023,février,samedi,12:00,11,11293,43.110571,2.267915,1,1,2,1,1,3,3,4,1,1,,-1,1,0,3,3,1,67,5,1,2,1,0,1,1,202300045724A01,7,23,1,200035715
202300045766,2023-02-21,2023,février,mardi,16:40,58,58051,46.955381,3.148828,2,1,7,1,1,3,2,2,2,1,,-1,1,0,3,2,1,77,5,2,,0,0,0,1,202300045766A01,,,,245804406
202300045786,2023-02-15,2023,février,mercredi,17:30,31,31161,43.47709,1.511849,1,1,2,1,7,3,2,2,4,1,,-1,1,0,1,3,1,29,5,1,2,0,2,4,1,202300045786B01,7,1,1,243100633
202300045802,2023-02-15,2023,février,mercredi,15:00,72,72154,47.70401708,-0.09088397,2,6,2,1,1,4,-1,1,1,2,,-1,1,5,1,4,1,64,3,2,,0,2,4,2,202300045802B01,7,2,1,247200348
202300045807,2023-06-01,2023,juin,jeudi,17:25,74,74042,46.072959,6.399563,2,1,3,1,1,3,2,2,1,1,,7,1,0,1,4,1,47,5,1,2,0,2,2,17,202300045807B01,7,15,1,200000172
202300045811,2023-06-01,2023,juin,jeudi,11:38,74,74220,46.15926,6.242369,2,1,1,1,1,3,2,2,2,4,,4.5,1,0,1,3,1,42,5,1,2 / 9,0,2,1,3,202300045811B01,7,3,1,247400583
202300045812,2023-02-20,2023,février,lundi,20:45,59,59388,50.55226546,2.87128508,2,1,3,3,1,4,2,2,1,1,,4,1,0,1,4,1,71,5,2,,0,2,3,0,202300045812B01,7,1,1,200093201
202300045817,2023-04-21,2023,avril,vendredi,09:18,74,74123,45.750136,6.28834,2,2,1,1,1,4,2,-1,1,1,,-1,1,0,1,4,1,12,9,2,,0,2,1,1,202300045817B01,7,15,1,247400773
202300045832,2023-12-06,2023,décembre,mercredi,06:33,974,97415,-20.95987625,55.29380277,1,6,2,1,1,2,1,2,2,3,,-1,1,0,1,4,1,36,5,1,2,0,2,1,19,202300045832A01,7,1,1,249740101
202300045883,2023-04-04,2023,avril,mardi,13:40,54,54483,48.63002,6.30431,2,1,3,1,1,4,2,2,1,1,,-1,1,0,1,3,1,61,5,1,2,1,0,1,1,202300045883B01,7,22,1,245400189
202300045932,2023-08-29,2023,août,mardi,17:00,54,54498,48.71378375,6.25075936,2,2,3,1,1,4,2,2,1,1,,-1,1,-1,1,4,2,61,0,1,2,0,2,1,1,202300045932B01,10,15,1,245400676
202300045949,2023-08-29,2023,août,mardi,12:20,47,47001,44.19911,0.6363,2,2,3,1,1,3,2,2,1,1,,-1,1,0,1,4,1,53,0,1,2,0,2,1,5,202300045949A01,7,1,1,200096956
202300045967,2023-12-06,2023,décembre,mercredi,15:00,14,14431,49.065208,-0.102345,2,4,3,1,1,3,2,2,1,1,,4,1,0,1,3,1,73,5,1,2,0,2,1,15,202300045967A01,1,1,1,200069532
202300045967,2023-12-06,2023,décembre,mercredi,15:00,14,14431,49.065208,-0.102345,2,4,3,1,1,3,2,2,1,1,,4,1,0,1,1,1,75,5,1,2,0,2,1,1,202300045967B01,1,15,1,200069532
202300046010,2023-10-25,2023,octobre,mercredi,07:45,66,66008,42.567628,3.00438,2,9,2,2,1,4,2,2,1,1,,-1,1,0,1,3,1,56,1,1,2 / 9,0,0,4,0,202300046010A01,7,0,1,200043602
202300046027,2023-08-29,2023,août,mardi,15:30,06,06029,43.550219,7.023749,2,1,3,1,1,4,3,2,1,1,,-1,1,0,1,4,1,24,5,1,2,1,0,1,2,202300046027B01,7,22,1,200039915
202300046038,2023-02-20,2023,février,lundi,17:45,89,89069,48.028552,3.738055,2,1,2,1,1,4,2,2,1,1,,-1,1,0,1,2,1,75,5,1,2,0,2,4,1,202300046038B01,7,1,1,200067304
202300046062,2023-02-18,2023,février,samedi,13:00,04,04124,43.757085,6.078529,1,1,6,1,1,3,2,2,2,1,,5.5,1,0,1,4,1,54,5,1,9,0,5,1,1,202300046062A01,,,,200034700
202300046165,2023-08-29,2023,août,mardi,20:15,19,19025,45.41192579,1.29341483,1,1,7,1,1,4,-1,2,1,1,,-1,1,0,1,3,1,14,5,2,,0,0,0,1,202300046165B01,2,2,1,200066603
202300046193,2023-12-05,2023,décembre,mardi,08:25,95,95176,48.958179,2.196016,2,1,3,2,1,3,2,2,1,1,,-1,1,0,1,4,2,7,2,1,2,0,2,7,0,202300046193B01,14,13,1,200058485
202300046225,2023-12-05,2023,décembre,mardi,16:35,83,83126,43.10239,5.90158,2,3,2,1,1,4,2,-1,1,1,,-1,1,0,1,3,1,66,5,1,2,14,9,1,1,202300046225B01,99,15,1,248300543
202300046226,2023-08-28,2023,août,lundi,15:48,85,85234,46.77490149,-2.03743815,2,1,3,1,1,4,2,2,1,2,,-1,1,0,1,4,1,17,5,2,,0,9,7,14,202300046226B01,1,13,1,248500258
202300046226,2023-08-28,2023,août,lundi,15:48,85,85234,46.77490149,-2.03743815,2,1,3,1,1,4,2,2,1,2,,-1,1,0,1,3,1,16,5,2,,0,9,8,13,202300046226A01,1,14,1,248500258
202300046285,2023-08-30,2023,août,mercredi,11:20,50,50041,49.661933,-1.86906,1,1,6,1,1,3,2,2,2,4,,4,1,0,8,2,1,33,5,1,2,13,0,1,1,202300046285A01,,,,200067205
202300046290,2023-08-30,2023,août,mercredi,15:00,35,35001,48.136007,-1.541447,2,1,3,1,1,4,2,2,1,2,,-1,1,0,4,3,1,14,5,1,2,6,2,7,0,202300046290B01,7,1,1,243500139
202300046296,2023-08-30,2023,août,mercredi,15:11,02,02381,49.921968,4.083186,2,4,3,1,1,4,2,2,2,1,,-1,1,0,1,4,2,15,5,2,,0,2,1,1,202300046296A01,7,1,1,240200600
202300046346,2023-10-08,2023,octobre,dimanche,08:40,39,39198,47.073176,5.49725,2,6,3,1,7,3,2,2,1,1,,-1,1,5,1,3,2,46,5,2,,0,2,0,1,202300046346B01,7,15,1,200010650
202300046444,2023-01-09,2023,janvier,lundi,18:00,67,67073,48.300089,7.35554,1,3,1,3,2,3,2,-1,1,1,,-1,2,5,5,3,1,37,1,1,9,0,0,1,1,202300046444B01,7,15,1,246700967
202300046445,2023-07-19,2023,juillet,mercredi,17:25,74,74188,46.21575056,6.76023787,1,1,1,1,1,3,2,2,2,2,,-1,1,0,1,3,1,40,5,1,2 / 9,0,2,1,0,202300046445A01,14,1,1,247400682
202300046452,2023-07-13,2023,juillet,jeudi,13:45,74,74302,45.919557,6.385267,1,1,7,1,1,3,2,2,2,1,,7,1,0,5,3,1,68,5,1,2,0,0,0,1,202300046452A01,,,,247400617
202300046459,2023-09-30,2023,septembre,samedi,09:15,973,97302,4.9316413,-52.32991397,2,6,3,1,1,2,1,2,1,3,,-1,1,0,1,4,2,32,3,2,,0,2,2,25,202300046459B01,7,9,1,249730045
202300046472,2023-09-30,2023,septembre,samedi,13:20,91,91201,48.6812,2.4282,2,2,7,1,1,3,2,2,1,4,,5,1,5,1,4,1,11,5,1,2,0,2,2,15,202300046472B01,7,1,1,200058477
202300046526,2023-07-20,2023,juillet,jeudi,09:05,92,92012,48.84517,2.24291,2,2,3,1,1,4,1,1,1,1,,-1,1,0,1,1,1,49,0,2,,1,0,2,1,202300046526B01,32,1,1,200054781
202300046536,2023-07-21,2023,juillet,vendredi,10:30,84,84069,44.170369,5.12686,2,1,1,1,1,3,2,2,2,1,,5.5,1,0,1,3,1,21,5,1,2,0,2,7,0,202300046536B01,7,17,1,248400053
202300046569,2023-07-21,2023,juillet,vendredi,07:25,35,35297,48.185306,-2.182117,2,1,2,1,7,3,2,2,1,1,,-1,1,0,1,4,1,43,5,2,,12,2,4,1,202300046569B01,7,1,1,200038990
202300046572,2023-07-20,2023,juillet,jeudi,18:35,34,34192,43.524706,3.919185,2,1,6,1,1,3,2,2,1,1,,7,1,0,1,4,1,53,5,1,2,0,2,1,2,202300046572B01,7,23,1,243400470
202300046579,2023-07-20,2023,juillet,jeudi,11:40,06,06119,44.333786,6.865757,1,1,7,1,1,7,2,2,2,3,,-1,1,0,1,3,1,38,5,1,2,0,0,1,0,202300046579A01,,,,200030195
202300046596,2023-07-20,2023,juillet,jeudi,09:56,07,07050,44.414425,4.140548,2,1,2,1,1,4,2,2,1,1,,-1,1,0,1,3,1,23,5,1,2,0,2,1,1,202300046596B01,7,1,1,200039832
202300046604,2023-07-20,2023,juillet,jeudi,10:15,21,21092,47.14003,4.774051,1,1,1,1,1,3,2,2,2,3,,4,1,0,1,2,1,60,5,1,2 / 6,0,2,9,1,202300046604B01,7,1,1,200006682
202300046613,2023-01-08,2023,janvier,dimanche,09:00,06,06004,43.578506,7.117251,2,3,3,1,3,4,2,2,2,2,,-1,2,0,1,4,1,51,0,2,,0,2,8,1,202300046613B01,7,1,1,240600585
202300046640,2023-07-19,2023,juillet,mercredi,20:45,33,33199,44.64010071,-1.04437038,2,2,3,2,1,3,2,2,1,1,,-1,1,0,1,2,1,59,5,2,,0,2,8,19,202300046640B01,7,1,1,243300563
202300046665,2023-09-29,2023,septembre,vendredi,14:00,75,75101,48.857421,2.345604,2,1,6,1,1,4,2,1,1,1,,-1,1,0,1,4,1,22,2,2,,0,1,1,1,202300046665A01,,,,200054781
202300046685,2023-06-14,2023,juin,mercredi,10:15,26,26064,44.89597601,5.01040392,1,2,3,1,1,3,-1,-1,1,1,,-1,1,0,1,3,1,49,1,1,2,0,2,3,1,202300046685B01,13,13,1,200068781
202300046705,2023-01-09,2023,janvier,lundi,14:05,04,04116,44.04625,6.019521,1,1,2,1,1,3,2,2,1,1,,-1,1,0,1,3,1,80,5,1,2 / 6,1,0,1,1,202300046705A01,14,23,1,200067437
202300046709,2023-07-19,2023,juillet,mercredi,11:50,60,60612,49.196173,2.573357,2,1,6,1,1,4,2,2,1,1,,-1,1,0,1,1,1,60,5,1,2,0,1,3,1,202300046709A01,,,,200066975
202300046824,2023-07-18,2023,juillet,mardi,22:54,54,54395,48.68061792,6.17895395,2,2,3,5,1,4,1,1,1,1,,-1,1,9,1,3,1,25,5,2,,0,2,2,26,202300046824B01,7,1,1,245400676
202300046827,2023-07-18,2023,juillet,mardi,14:50,54,54339,48.71308,6.17646,2,1,1,1,1,4,-1,1,1,1,,-1,1,0,8,1,1,17,0,2,,0,2,1,1,202300046827A01,1,1,1,245400676
202300046827,2023-07-18,2023,juillet,mardi,14:50,54,54339,48.71308,6.17646,2,1,1,1,1,4,-1,1,1,1,,-1,1,0,8,4,2,77,0,1,2,0,2,1,1,202300046827B01,1,1,1,245400676
202300046842,2023-10-01,2023,octobre,dimanche,10:45,14,14098,49.20799659,-0.55823364,1,2,7,1,1,3,2,2,4,1,,-1,1,0,1,4,1,54,5,1,2,0,0,9,1,202300046842B01,7,19,1,200065597
202300046849,2023-09-30,2023,septembre,samedi,20:00,64,64081,43.14909,-0.930356,2,3,3,4,1,3,2,2,1,1,,4,9,0,1,3,1,8,5,2,,0,2,8,19,202300046849B01,10,1,1,200067106
202300046930,2023-07-19,2023,juillet,mercredi,12:24,92,92077,48.82626,2.19203,2,1,3,1,1,3,2,2,1,1,,6,1,0,1,4,1,63,0,1,2,0,2,1,1,202300046930B01,10,15,1,200054781
202300046950,2023-07-17,2023,juillet,lundi,08:00,56,56117,47.882053,-2.83428,2,6,3,1,1,4,2,2,1,1,,-1,1,5,1,3,1,62,3,2,,0,2,1,1,202300046950B01,7,9,1,200096683
202300046958,2023-07-19,2023,juillet,mercredi,20:15,46,46213,44.83961667,1.76415458,1,2,1,2,7,3,2,2,1,1,,5,1,0,1,3,2,43,5,2,,0,2,1,1,202300046958A01,7,15,1,200066371
202300046963,2023-07-19,2023,juillet,mercredi,16:45,29,29035,48.49655805,-4.53622331,1,1,3,1,1,3,2,2,1,1,,7,1,0,1,4,1,62,5,1,2,0,2,8,1,202300046963B01,7,1,1,242900553
202300046982,2023-07-19,2023,juillet,mercredi,08:30,09,09327,42.991088,1.741676,1,1,7,2,1,3,2,2,2,1,,5.5,1,0,1,3,1,87,5,1,2,0,0,0,0,202300046982A01,,,,200067791
202300046991,2023-06-17,2023,juin,samedi,17:20,13,13086,43.338214,5.601193,2,6,2,1,1,3,-1,1,1,1,,3.5,1,5,1,3,1,51,0,2,,0,2,0,17,202300046991A01,10,16,1,200054807
202300046993,2023-06-16,2023,juin,vendredi,15:20,68,68329,48.050589,7.110236,2,1,3,1,1,3,2,2,1,1,,5.5,1,0,1,1,1,54,5,1,2,0,2,1,1,202300046993B01,1,21,1,246800585
202300046993,2023-06-16,2023,juin,vendredi,15:20,68,68329,48.050589,7.110236,2,1,3,1,1,3,2,2,1,1,,5.5,1,0,1,3,1,69,5,1,2,0,0,6,21,202300046993A01,1,1,1,246800585
202300046998,2023-06-17,2023,juin,samedi,10:40,44,44205,47.435791,-1.449412,1,1,7,1,1,4,2,2,1,3,,-1,1,0,1,3,2,56,3,2,,0,0,0,1,202300046998A01,,,,244400503
202300046999,2023-06-16,2023,juin,vendredi,17:30,27,27016,49.245703,1.39694,2,3,1,1,1,3,2,2,1,1,,-1,1,0,1,3,1,52,5,1,2 / 6,0,2,1,1,202300046999B01,7,15,1,200072312
202300047014,2023-06-17,2023,juin,samedi,11:09,71,71120,46.208134,4.324886,2,1,2,1,1,3,2,2,2,1,,5.5,1,0,1,2,1,77,5,1,2,0,2,1,2,202300047014A01,7,23,1,200070548
202300047033,2023-06-16,2023,juin,vendredi,11:20,66,66182,42.72454,3.035982,2,1,3,1,1,4,2,2,1,3,,-1,1,0,1,3,1,59,5,1,2,0,2,3,1,202300047033C01,10,1,1,200027183
202300047038,2023-06-17,2023,juin,samedi,08:00,55,55336,49.379841,5.482237,1,1,1,1,7,4,2,5,1,1,,-1,1,0,1,4,1,48,5,2,,0,2,1,5,202300047038B01,7,5,1,200066173
202300047041,2023-06-16,2023,juin,vendredi,15:00,09,09334,42.806463,1.420507,1,1,7,1,1,3,2,1,2,2,,3.5,1,0,3,2,1,70,5,1,2 / 9,0,0,0,1,202300047041A01,,,,200066363
202300047049,2023-06-17,2023,juin,samedi,13:15,80,80110,50.173744,1.659139,1,3,6,1,1,3,-1,-1,-1,-1,,-1,-1,-1,-1,3,1,13,5,2,,0,2,5,19,202300047049B01,7,1,1,200070993
202300047063,2023-06-16,2023,juin,vendredi,17:15,80,80136,49.941174,2.720039,2,9,1,1,1,4,1,1,1,1,,-1,1,0,1,3,1,9,5,2,,12,2,0,5,202300047063B01,38,0,1,248000747
202300047089,2023-06-16,2023,juin,vendredi,17:25,44,44169,47.25169356,-1.40135989,1,3,3,1,1,4,2,2,1,1,,-1,1,5,1,3,1,27,0,2,,0,2,8,15,202300047089A01,7,1,1,200067866
202300047102,2023-06-14,2023,juin,mercredi,14:50,36,36156,46.45982067,2.13873227,1,1,7,1,7,3,2,2,1,1,,5.5,1,0,3,2,1,68,5,1,2,0,0,0,1,202300047102A01,,,,243600350
202300047118,2023-06-15,2023,juin,jeudi,17:45,18,18207,46.991438,2.240731,2,3,3,1,1,3,2,-1,1,1,,-1,1,0,1,4,2,15,5,2,,0,2,1,16,202300047118B01,10,1,1,241800457