Num_Acc,date,an,mois,jour,hrmn,dep,com,lat,long,agg,int,col,lum,atm,catr,circ,nbv,prof,plan,lartpc,larrout,surf,infra,situ,grav,sexe,age,trajet,secuexist,equipement,obs,obsm,choc,manv,vehiculeid,typevehicules,manoeuvehicules,numVehicules,_infos_commune.code_epci
202300047126,2023-06-13,2023,juin,mardi,18:48,01,01211,46.133412,5.191641,1,4,7,1,1,3,2,2,2,1,,5.5,1,0,1,2,1,84,5,1,2,13,0,0,0,202300047126A01,,,,200071751
202300047150,2023-11-01,2023,novembre,mercredi,11:25,77,77005,48.920997,2.716631,1,6,3,1,3,3,1,2,1,1,,5.5,2,0,1,3,1,84,5,1,2 / 6,0,2,1,1,202300047150B01,10,9,1,200033090
202300047234,2023-05-13,2023,mai,samedi,12:45,54,54514,49.508038,5.617683,1,1,4,1,1,3,2,2,1,1,,-1,1,0,1,2,1,82,5,1,2,13,2,5,2,202300047234B01,7,17,2,200043693
202300047244,2023-10-30,2023,octobre,lundi,17:25,47,47001,44.20451318,0.62636447,2,3,3,1,8,3,1,1,1,3,,-1,1,0,1,4,2,80,0,2,,0,2,0,0,202300047244B01,10,16,1,200096956
202300047258,2023-05-12,2023,mai,vendredi,18:05,36,36182,46.44608088,1.39317106,1,1,7,1,1,3,2,2,4,3,,5.5,1,0,1,3,1,34,5,1,2,0,0,0,1,202300047258A01,,,,200035137
202300047270,2023-05-13,2023,mai,samedi,08:13,95,95394,49.059095,2.188447,2,3,2,1,1,3,2,-1,1,1,,-1,1,0,1,4,1,63,5,1,2,0,9,1,21,202300047270B01,50,15,1,249500455
202300047280,2023-05-12,2023,mai,vendredi,09:00,67,67300,48.537705,7.498837,2,1,1,1,1,4,2,3,1,1,,-1,1,5,1,4,1,17,4,2,,0,2,2,1,202300047280B01,7,1,1,246701064
202300047293,2023-04-05,2023,avril,mercredi,08:58,44,44120,47.200506,-1.759642,2,6,3,1,1,7,4,3,1,2,,-1,1,0,1,4,1,53,5,1,2,0,0,7,9,202300047293B01,7,9,1,244400404
202300047379,2023-04-04,2023,avril,mardi,19:00,44,44103,47.325715,-2.169444,1,1,1,1,1,4,-1,1,2,4,,-1,1,1,1,4,1,30,0,2,,0,2,1,0,202300047379B01,7,1,1,244400644
202300047381,2023-04-04,2023,avril,mardi,19:00,60,60170,49.203383,2.560265,1,1,3,1,7,3,2,2,2,1,,-1,1,0,1,4,1,19,1,1,2,0,0,8,2,202300047381B01,7,2,1,200066975
202300047434,2023-05-10,2023,mai,mercredi,07:40,54,54395,48.685,6.18711,2,3,1,1,1,4,2,2,1,1,,-1,1,-1,1,4,1,43,5,2,,0,2,1,16,202300047434B01,7,15,1,245400676
202300047460,2023-10-31,2023,octobre,mardi,08:40,27,27218,49.261552,0.461909,1,1,3,1,7,4,2,2,1,1,,-1,2,0,1,2,1,67,5,2,,0,2,1,2,202300047460B01,21,0,1,200066017
202300047501,2023-10-31,2023,octobre,mardi,18:00,971,97104,16.022293,-61.742724,2,1,1,2,1,4,2,2,4,1,,-1,1,0,1,3,1,4,5,2,,0,2,1,1,202300047501B01,7,16,1,249710070
202300047509,2023-10-31,2023,octobre,mardi,16:15,84,84141,43.960401,4.895592,2,3,3,1,1,4,2,2,1,1,,-1,1,0,1,4,1,73,0,2,,0,2,1,9,202300047509B01,7,1,1,248400251
202300047566,2023-04-02,2023,avril,dimanche,12:41,10,10387,48.3041454,4.08799767,2,1,3,1,2,4,2,2,1,1,,-1,2,0,1,4,1,28,4,2,,0,2,1,1,202300047566Y01,7,15,1,200069250
202300047631,2023-04-03,2023,avril,lundi,19:40,93,93066,48.91533857,2.35298663,2,1,6,1,1,3,2,2,1,1,,-1,1,0,5,1,1,30,5,2,,0,1,1,1,202300047631A01,,,,200054781
202300047697,2023-08-28,2023,août,lundi,13:50,05,05061,44.55771,6.05161,1,3,3,1,1,4,2,2,1,1,,-1,1,0,1,3,1,38,1,2,,0,2,1,17,202300047697B01,7,15,1,200067825
202300047719,2023-04-01,2023,avril,samedi,10:35,38,38485,45.181183,5.692326,2,3,3,1,1,4,2,2,1,1,,-1,2,0,1,4,1,35,9,2,,0,0,7,19,202300047719B01,7,15,1,200040715
202300047723,2023-12-06,2023,décembre,mercredi,12:30,28,28374,48.581503,1.431231,1,3,3,1,1,3,2,-1,1,1,,-1,1,0,8,3,1,76,5,1,2,0,2,1,2,202300047723B01,7,3,1,200040277
202300047735,2023-04-04,2023,avril,mardi,17:25,57,57683,49.311086,6.14728,2,1,2,1,1,3,2,2,1,1,,7,1,0,1,3,1,15,5,2,,0,0,4,10,202300047735A01,33,1,1,245701222
202300047845,2023-08-26,2023,août,samedi,16:30,87,87038,45.907155,1.256728,1,3,2,1,1,3,-1,-1,2,2,,-1,1,0,1,3,1,53,5,1,2,0,2,1,1,202300047845B01,7,26,1,248719312
202300047869,2023-09-19,2023,septembre,mardi,20:30,74,74243,46.131181,6.049755,1,3,3,3,1,3,2,-1,2,1,,-1,1,0,1,4,1,34,5,1,2,0,2,5,2,202300047869B01,33,2,1,247400690
202300047951,2023-08-29,2023,août,mardi,06:50,41,41220,47.730029,1.640868,1,1,2,2,1,3,2,2,2,1,,7,1,0,1,3,1,17,1,2,,0,0,6,2,202300047951B01,10,2,1,244100798
202300047970,2023-08-29,2023,août,mardi,10:30,17,17058,45.845859,-1.16381,1,1,2,1,8,3,3,2,1,1,,-1,1,0,1,2,2,73,5,1,2,0,2,4,2,202300047970B01,10,2,1,241700699
202300047986,2023-08-29,2023,août,mardi,17:00,76,76475,49.396239,1.182001,2,1,3,1,1,7,2,2,1,1,,-1,1,-1,5,3,1,63,5,1,2,0,2,1,1,202300047986B01,7,15,1,200023414
202300047988,2023-12-04,2023,décembre,lundi,18:50,44,44109,47.22406,-1.58452,2,3,1,5,1,4,2,-1,2,3,,-1,1,5,1,4,1,45,0,2,,0,0,0,0,202300047988B01,7,16,1,244400404
202300048001,2023-08-27,2023,août,dimanche,19:16,973,97302,4.934,-52.309,2,1,3,3,1,3,2,2,1,1,,-1,1,0,1,4,1,8,9,2,,0,2,8,9,202300048001B01,7,1,1,249730045
202300048047,2023-02-18,2023,février,samedi,16:30,68,68205,47.917967,7.357412,1,1,3,1,1,3,2,2,1,1,,-1,1,0,1,3,1,58,5,1,2,0,9,2,17,202300048047A01,1,1,1,246800445
202300048047,2023-02-18,2023,février,samedi,16:30,68,68205,47.917967,7.357412,1,1,3,1,1,3,2,2,1,1,,-1,1,0,1,1,1,82,5,2,,0,9,3,1,202300048047B01,1,17,1,246800445
202300048052,2023-02-18,2023,février,samedi,15:00,84,84020,43.8444,5.311909,1,1,6,1,1,3,2,2,1,2,,-1,1,0,1,3,1,78,5,1,2,0,6,1,2,202300048052A01,,,,200040624
202300048157,2023-02-17,2023,février,vendredi,18:10,971,97101,16.27012,-61.4984,1,1,3,5,2,4,2,2,1,3,,-1,2,0,1,3,1,21,0,2,,0,2,0,0,202300048157A01,10,17,1,200018653
202300048166,2023-09-30,2023,septembre,samedi,11:43,72,72154,47.704145,-0.065398,2,9,3,1,1,4,-1,2,1,1,,-1,1,0,1,3,1,86,5,2,,0,0,1,15,202300048166B01,7,9,1,247200348
202300048189,2023-08-26,2023,août,samedi,15:30,76,76146,49.588098,1.355614,2,1,3,1,1,3,2,2,1,1,,5.5,1,0,1,4,1,59,3,2,,0,0,8,2,202300048189B01,7,17,1,200070449
202300048207,2023-12-04,2023,décembre,lundi,19:30,57,57177,48.8099167,6.6936318,1,1,2,3,2,3,2,2,1,1,,5.5,6,9,1,4,1,30,5,2,,14,2,4,2,202300048207B01,7,2,1,245701206
202300048267,2023-07-18,2023,juillet,mardi,21:15,60,60494,49.1163624,2.5699811,1,1,2,2,1,3,2,2,1,1,,5.5,1,0,1,3,1,50,5,1,2,0,0,8,1,202300048267A01,7,2,1,246000764
202300048282,2023-07-19,2023,juillet,mercredi,19:55,71,71472,46.954803,4.072709,2,2,3,1,7,3,2,2,2,2,,4,1,0,1,4,1,35,5,1,9,0,2,5,1,202300048282B01,7,15,1,200070530
202300048287,2023-02-17,2023,février,vendredi,21:23,33,33063,44.83424483,-0.55223197,2,1,3,5,1,4,3,4,1,1,,-1,1,2,1,4,1,47,5,2,,0,2,8,19,202300048287B01,32,1,1,243300316
202300048291,2023-07-19,2023,juillet,mercredi,19:30,88,88470,48.085268,6.735553,2,1,7,1,1,4,2,2,2,1,,-1,1,0,3,2,1,55,5,1,2,0,0,0,0,202300048291A01,,,,200096642
202300048333,2023-06-14,2023,juin,mercredi,04:30,971,97101,16.25049505,-61.52976751,1,9,3,5,1,2,2,1,1,1,,-1,1,2,1,4,1,62,1,1,2,0,2,2,13,202300048333A01,7,0,1,200018653
202300048374,2023-04-30,2023,avril,dimanche,18:00,43,43185,45.3968,3.323008,2,1,2,1,1,3,2,2,2,1,,5,1,0,1,2,1,16,5,2,,0,0,4,1,202300048374B01,7,1,1,244301099
202300048389,2023-09-29,2023,septembre,vendredi,07:40,54,54578,48.67623,6.15367,2,1,2,1,1,4,2,2,1,1,,-1,1,0,1,4,1,39,1,1,2,0,2,4,15,202300048389B01,7,1,1,245400676
202300048417,2023-07-17,2023,juillet,lundi,16:50,95,95427,48.95644,2.33421,2,1,3,1,1,4,2,2,1,1,,-1,1,0,1,4,1,8,5,2,,0,2,1,25,202300048417B01,3,1,1,200056380
202300048419,2023-09-28,2023,septembre,jeudi,22:38,49,49328,47.26725,-0.07893,2,1,1,3,1,4,2,2,1,1,,-1,1,0,4,4,1,38,5,2,,0,2,8,1,202300048419B01,7,13,1,200071876
202300048435,2023-09-29,2023,septembre,vendredi,07:25,47,47001,44.1954,0.61698,2,2,3,1,1,4,2,2,1,1,,-1,1,0,1,4,2,53,1,1,2,0,2,1,1,202300048435A01,7,1,1,200096956
202300048508,2023-01-03,2023,janvier,mardi,08:30,59,59350,50.639366,3.013165,2,1,6,2,2,4,1,1,1,1,,-1,2,0,1,4,2,51,1,2,,0,2,0,26,202300048508B01,0,26,1,200093201
202300048550,2023-09-29,2023,septembre,vendredi,13:07,17,17380,45.642499,-1.087585,2,1,1,1,1,4,2,2,1,1,,-1,1,0,1,3,1,80,5,1,2,0,2,1,15,202300048550B01,7,1,1,241700640
202300048575,2023-02-17,2023,février,vendredi,18:30,58,58087,46.760957,3.55846,2,1,3,3,8,3,2,2,1,1,,-1,2,0,1,3,2,72,5,2,,0,2,8,9,202300048575A01,7,1,1,200067700
202300048597,2023-02-15,2023,février,mercredi,18:45,17,17008,46.26141,-1.010238,2,6,2,2,1,3,1,2,1,2,,-1,1,0,1,4,1,21,1,2,,0,0,4,2,202300048597B01,7,9,1,200041499
202300048780,2023-09-30,2023,septembre,samedi,10:30,50,50590,48.790489,-1.318775,1,1,1,1,1,3,2,2,2,4,,4,1,0,1,3,1,50,5,1,2,0,2,1,13,202300048780A01,3,1,1,200043354
202300048828,2023-01-08,2023,janvier,dimanche,10:15,50,50219,49.055308,-1.484227,1,6,3,1,1,3,2,2,1,1,,-1,1,5,1,3,1,59,5,1,2,0,2,7,1,202300048828B01,7,9,1,200067023
202300048887,2023-07-06,2023,juillet,jeudi,19:50,44,44041,47.090991,-1.581934,1,2,3,2,1,4,2,2,1,1,,-1,1,0,1,3,1,54,5,1,2,0,2,7,1,202300048887B01,7,19,1,244400438
202300048890,2023-07-18,2023,juillet,mardi,16:40,14,14494,49.271739,-0.103587,1,2,3,1,1,3,3,2,1,2,,-1,1,5,1,4,1,63,5,1,2,0,2,3,19,202300048890A01,7,1,1,200065563
202300048893,2023-06-15,2023,juin,jeudi,16:00,57,57703,48.842898,7.18326,2,1,1,1,1,4,2,2,4,3,,-1,1,0,1,3,1,54,1,2,,0,0,1,1,202300048893B01,21,0,1,200068146
202300048894,2023-07-17,2023,juillet,lundi,20:25,05,05046,44.569383,6.498263,2,1,7,1,1,4,2,2,2,1,,-1,1,0,1,4,1,48,3,2,,12,0,0,2,202300048894B01,7,2,1,200067742
202300048911,2023-07-17,2023,juillet,lundi,11:25,24,24499,44.869086,0.563173,1,3,6,1,1,3,2,-1,1,1,,-1,1,5,1,3,1,61,5,2,,0,2,3,1,202300048911B01,0,16,1,200070647
202300048947,2023-06-15,2023,juin,jeudi,19:10,02,02112,49.991739,3.38881,1,1,3,1,1,3,2,2,1,1,,4,1,0,1,2,1,84,5,2,,0,2,8,26,202300048947B01,7,17,1,240200493
202300048951,2023-06-14,2023,juin,mercredi,17:00,15,15122,44.713814,2.187041,2,1,2,1,1,3,2,2,2,1,,-1,1,0,1,2,1,74,5,2,,0,2,4,1,202300048951B01,7,1,1,200066678
202300048956,2023-06-14,2023,juin,mercredi,17:45,15,15140,44.95426241,2.4156189,2,2,3,1,1,4,-1,2,1,1,,-1,1,0,1,4,1,15,5,2,,0,2,1,9,202300048956B01,7,1,1,241500230
202300048959,2023-07-19,2023,juillet,mercredi,11:25,22,22178,48.692292,-2.997707,1,1,7,1,1,4,2,2,1,1,,-1,1,0,1,2,1,57,5,1,2,0,0,0,1,202300048959A01,,,,200067981
202300048979,2023-06-15,2023,juin,jeudi,12:55,64,64016,43.076823,-1.444437,1,1,6,1,1,3,2,2,2,3,,5,1,0,3,3,1,71,5,1,2,13,0,1,1,202300048979A01,,,,200067106
202300048984,2023-06-14,2023,juin,mercredi,08:30,18,18011,47.563344,2.452049,2,6,2,1,1,3,2,-1,1,1,,-1,1,5,1,4,1,71,5,1,2,0,0,4,2,202300048984B01,7,2,1,200000933
202300048987,2023-01-05,2023,janvier,jeudi,10:40,91,91666,48.680474,2.232424,1,6,7,1,2,3,1,1,2,2,,-1,8,5,1,3,1,62,5,2,,0,0,0,0,202300048987A01,,,,200056232
202300048998,2023-06-14,2023,juin,mercredi,10:30,88,88053,48.408252,7.075796,1,1,2,1,1,3,2,2,2,4,,5.5,1,0,1,4,1,60,5,1,2,0,0,6,1,202300048998B01,7,17,1,200071066
202300049014,2023-01-06,2023,janvier,vendredi,18:30,66,66072,42.48505,2.004147,1,1,2,3,1,3,2,2,2,1,,-1,1,0,5,3,1,61,0,1,9,0,2,4,1,202300049014B01,7,1,1,246600399
202300049036,2023-06-14,2023,juin,mercredi,14:45,38,38442,45.311779,5.772141,1,4,7,1,1,3,2,2,2,1,,5.5,1,0,1,4,1,31,5,1,2 / 6,0,0,0,2,202300049036A01,,,,200040111
202300049040,2023-06-15,2023,juin,jeudi,12:35,35,35221,47.875349,-1.686742,2,1,2,1,1,3,2,2,2,1,,5,1,0,1,3,1,74,5,2,,0,2,6,2,202300049040B01,7,2,1,200070662
202300049226,2023-05-12,2023,mai,vendredi,12:21,13,13015,43.448892,5.397873,2,1,3,1,1,3,3,0,2,1,,0,1,0,5,3,2,48,5,1,2,0,2,3,1,202300049226B01,10,16,1,200054807
202300049275,2023-04-01,2023,avril,samedi,08:45,06,06069,43.63983,6.93419,2,1,2,1,1,3,2,2,2,1,,-1,1,0,1,4,1,76,5,1,2,0,2,4,1,202300049275B01,10,0,1,200039857
202300049298,2023-12-04,2023,décembre,lundi,17:35,34,34142,43.703297,3.328986,2,1,3,3,1,3,2,2,1,1,,6,2,0,1,4,1,16,0,2,,16,0,8,2,202300049298A01,7,2,1,200017341
202300049446,2023-12-04,2023,décembre,lundi,18:30,22,22136,48.177219,-2.747328,2,6,1,5,2,4,2,2,2,2,,-1,2,0,1,4,2,17,3,2,,0,2,1,9,202300049446B01,7,9,1,200067460
202300049491,2023-08-13,2023,août,dimanche,16:40,73,73021,45.416317,6.172289,1,1,7,1,1,3,2,2,2,4,,5.5,9,0,1,3,1,50,5,1,2,0,0,9,1,202300049491A01,,,,200041010
202300049530,2023-08-24,2023,août,jeudi,17:20,971,97107,16.04822,-61.57051,2,1,1,1,1,4,2,2,1,1,,-1,1,0,1,4,1,12,3,2,,0,2,1,1,202300049530B01,7,17,1,249710070
202300049555,2023-05-08,2023,mai,lundi,06:00,973,97302,4.93448336,-52.31137562,2,1,2,2,1,3,2,2,1,1,,-1,1,0,1,4,1,48,0,2,,0,9,4,2,202300049555B01,7,17,1,249730045
202300049596,2023-12-03,2023,décembre,dimanche,11:30,63,63113,45.77065615,3.08674514,2,2,3,1,1,4,1,1,1,1,,-1,1,0,1,4,1,32,0,2,,0,4,1,19,202300049596A01,40,1,1,246300701
202300049664,2023-04-02,2023,avril,dimanche,11:30,11,11401,42.906054,2.721342,1,1,6,1,1,3,2,1,1,3,,3,1,0,1,3,1,57,5,1,2,0,9,1,1,202300049664A01,,,,200070365
202300049680,2023-04-02,2023,avril,dimanche,10:00,29,29277,48.369508,-4.073911,1,1,2,1,1,3,2,2,1,1,,4,1,0,1,3,1,48,5,1,2,0,2,1,1,202300049680A01,1,1,1,242900751
202300049680,2023-04-02,2023,avril,dimanche,10:00,29,29277,48.369508,-4.073911,1,1,2,1,1,3,2,2,1,1,,4,1,0,1,1,1,43,5,1,2,0,2,4,1,202300049680B01,1,1,1,242900751
202300049684,2023-07-17,2023,juillet,lundi,21:30,973,97302,4.92194,-52.3126,2,1,1,5,1,4,2,2,1,1,,-1,1,0,1,4,1,52,0,2,,0,0,0,0,202300049684B01,3,1,1,249730045
202300049701,2023-02-16,2023,février,jeudi,16:30,987,98758,-16.744,-151.46,1,1,1,1,1,2,2,2,1,2,,-1,1,0,3,4,1,38,1,2,,0,2,2,5,202300049701A01,7,1,1,
202300049732,2023-04-02,2023,avril,dimanche,18:30,2B,2B296,42.58456,8.919691,1,1,6,1,1,3,2,2,1,4,,5,1,0,1,3,1,29,5,1,2,13,0,0,1,202300049732A01,,,,242020105
202300049733,2023-02-17,2023,février,vendredi,16:15,66,66115,42.51885376,2.89167076,1,1,3,1,9,3,2,2,2,4,,4,1,0,1,3,1,69,5,1,2 / 6,0,2,8,1,202300049733A01,7,1,1,200043602
202300049781,2023-02-17,2023,février,vendredi,10:20,33,33268,45.03984,-0.676839,2,3,3,1,1,3,2,-1,1,1,,-1,1,0,1,4,1,38,9,2,,0,2,8,15,202300049781A01,7,17,1,243301447
202300049792,2023-04-02,2023,avril,dimanche,10:45,35,35072,48.25491564,-1.17964491,1,4,3,1,1,3,-1,-1,1,1,,-1,1,0,1,4,2,52,5,1,2,0,2,3,1,202300049792B01,7,23,1,200039022
202300049813,2023-12-02,2023,décembre,samedi,20:00,974,97410,-21.047311,55.717099,2,6,1,5,1,2,3,2,1,3,,3.5,1,5,1,4,1,15,5,2,,0,2,7,19,202300049813B01,7,1,1,249740093
202300049832,2023-09-30,2023,septembre,samedi,10:15,06,06136,43.858854,7.442765,1,1,1,1,1,3,2,2,2,4,,5.5,1,0,1,3,2,55,5,1,2,0,2,1,2,202300049832B01,33,21,1,240600551
202300049944,2023-07-17,2023,juillet,lundi,11:15,34,34003,43.310942,3.470767,2,9,3,1,1,4,2,2,1,3,,-1,1,0,1,4,1,77,0,2,,0,2,0,0,202300049944A01,7,0,1,243400819
202300049993,2023-07-28,2023,juillet,vendredi,10:00,73,73023,45.225129,6.73522,1,3,3,1,1,3,-1,2,1,3,,7,1,0,1,3,1,59,5,1,2 / 6,0,2,1,17,202300049993A01,7,15,1,200070340
202300049994,2023-09-28,2023,septembre,jeudi,18:00,65,65059,43.074002,0.143412,2,3,3,1,1,3,2,-1,1,1,,-1,1,0,1,4,2,72,5,2,,0,2,8,16,202300049994A01,7,14,1,246500482
202300050015,2023-03-30,2023,mars,jeudi,08:26,63,63014,45.74322,3.1386,1,1,3,1,1,3,3,4,1,1,,4,1,0,1,4,2,63,0,1,2,0,2,3,19,202300050015A01,7,1,1,246300701
202300050029,2023-12-03,2023,décembre,dimanche,16:30,65,65338,43.131151,0.175288,2,1,3,1,1,3,3,2,1,2,,5.5,1,0,1,4,1,76,5,2,,0,2,8,1,202300050029B01,7,1,1,246500482
202300050058,2023-05-09,2023,mai,mardi,08:40,54,54395,48.68222,6.17791,2,2,3,1,1,4,2,2,1,1,,-1,1,0,1,4,1,22,0,2,,0,2,1,1,202300050058A01,7,15,1,245400676
202300050066,2023-05-08,2023,mai,lundi,16:45,54,54395,48.67479107,6.18046403,2,2,3,1,1,4,2,2,1,1,,-1,1,-1,1,4,1,26,5,2,,0,2,1,1,202300050066A01,7,1,1,245400676
202300050096,2023-06-13,2023,juin,mardi,14:00,54,54051,49.17608,5.96825,1,2,3,1,1,3,2,1,1,1,,3,1,0,1,3,1,75,5,1,2,14,2,8,2,202300050096B01,7,11,1,200070845
202300050120,2023-05-09,2023,mai,mardi,07:50,47,47001,44.199,0.6213,2,2,3,1,8,3,2,2,1,1,,-1,1,0,4,4,1,17,2,2,,1,0,1,25,202300050120B01,7,22,1,200096956
202300050213,2023-07-17,2023,juillet,lundi,17:50,22,22209,48.572685,-2.137436,2,3,3,1,1,4,2,2,1,1,,-1,1,0,1,4,1,6,5,2,,0,2,1,0,202300050213B01,7,1,1,200068989
202300050219,2023-07-18,2023,juillet,mardi,12:00,68,68044,48.16996,7.12612,2,1,2,1,1,3,2,2,2,1,,5.5,1,0,1,3,1,52,5,1,2,0,0,4,1,202300050219B01,10,2,1,246800551
202300050236,2023-09-27,2023,septembre,mercredi,17:30,91,91691,48.723279,2.499099,2,6,2,1,1,4,-1,2,1,2,,-1,1,0,1,4,2,50,0,1,2,0,2,4,16,202300050236A01,7,16,1,200058477
202300050256,2023-07-16,2023,juillet,dimanche,09:25,56,56067,47.739338,-2.860479,1,1,6,1,1,3,2,2,1,1,,4,1,0,1,1,1,71,5,1,2 / 4 / 6,0,1,1,1,202300050256A01,,,,200067932
202300050268,2023-02-16,2023,février,jeudi,10:15,14,14118,49.178261,-0.362214,2,3,2,1,1,4,2,2,1,3,,-1,1,5,1,4,1,44,1,1,2 / 4,0,2,1,16,202300050268A01,10,14,1,200065597
202300050279,2023-05-10,2023,mai,mercredi,09:50,17,17380,45.657171,-1.120533,1,2,4,1,1,3,2,2,1,1,,7,1,0,1,4,1,69,5,1,2,0,2,0,0,202300050279B01,7,19,1,241700640
202300050279,2023-05-10,2023,mai,mercredi,09:50,17,17380,45.657171,-1.120533,1,2,4,1,1,3,2,2,1,1,,7,1,0,1,4,1,68,5,1,2,0,2,0,0,202300050279C01,7,19,1,241700640
202300050338,2023-07-17,2023,juillet,lundi,17:35,29,29072,47.797251,-4.278708,2,2,3,1,1,4,2,2,1,1,,-1,1,0,1,4,1,17,5,2,,0,2,1,19,202300050338B01,7,1,1,242900702
202300050376,2023-07-17,2023,juillet,lundi,11:05,85,85234,46.772636,-2.030515,2,1,1,1,1,4,2,2,1,1,,-1,1,0,1,4,1,65,5,1,2,0,2,3,1,202300050376B01,7,1,1,248500258
202300050377,2023-02-15,2023,février,mercredi,15:35,91,91479,48.7087,2.36657,2,2,1,1,1,4,2,1,1,1,,-1,1,0,1,4,1,30,0,2,,0,2,8,1,202300050377A01,7,1,1,200054781
202300050382,2023-01-07,2023,janvier,samedi,14:50,974,97418,-20.896549,55.543935,2,6,1,1,1,3,3,2,4,2,,-1,1,0,5,3,1,61,5,1,2,0,2,1,1,202300050382B01,7,1,1,249740119
202300050407,2023-01-06,2023,janvier,vendredi,18:12,22,22026,48.404755,-2.041652,1,2,1,2,2,3,2,2,1,1,,5,1,0,1,4,1,42,5,1,2 / 4 / 9,0,2,3,1,202300050407B01,7,19,1,200068989
202300050452,2023-01-05,2023,janvier,jeudi,18:27,988,98818,-22.26879,166.44058,2,2,3,1,1,4,2,2,1,1,,-1,1,5,1,4,1,56,0,2,,0,2,4,19,202300050452B01,7,1,1,
202300050486,2023-09-27,2023,septembre,mercredi,15:10,54,54382,49.5408,5.78788,2,4,3,1,1,4,2,2,1,1,,-1,1,0,1,4,1,64,5,2,,0,2,8,1,202300050486B01,10,15,1,245400262
202300050525,2023-06-14,2023,juin,mercredi,11:20,68,68366,48.109892,7.43853,1,6,3,1,7,3,2,2,1,2,,6,1,5,1,3,1,47,5,2,,0,2,7,2,202300050525B01,7,9,1,246800726
202300050573,2023-01-05,2023,janvier,jeudi,15:00,59,59512,50.69476,3.1788,2,1,3,1,2,7,-1,2,1,1,,-1,2,0,1,4,1,35,0,2,,0,2,8,16,202300050573B01,7,1,1,200093201
202300050620,2023-02-11,2023,février,samedi,10:15,75,75101,48.86243385,2.33624429,2,3,3,1,1,4,2,4,1,1,,-1,1,0,5,4,1,45,5,2,,0,2,7,17,202300050620A01,1,2,1,200054781
202300050620,2023-02-11,2023,février,samedi,10:15,75,75101,48.86243385,2.33624429,2,3,3,1,1,4,2,4,1,1,,-1,1,0,5,1,1,37,1,1,2,0,2,8,2,202300050620B01,1,17,1,200054781
202300050653,2023-01-05,2023,janvier,jeudi,12:48,33,33032,44.91086,-0.53629,2,1,3,1,1,4,2,2,1,3,,-1,1,0,1,2,1,46,5,1,2,0,2,9,1,202300050653B01,21,17,1,243300316
202300050660,2023-09-28,2023,septembre,jeudi,10:53,17,17461,45.64268,-1.06684,2,1,3,1,1,4,2,2,2,1,,-1,1,0,1,4,1,76,5,1,2,0,2,1,1,202300050660B01,7,10,1,241700640
202300050692,2023-06-14,2023,juin,mercredi,20:00,13,13066,43.874885,4.90215,2,6,3,1,1,3,1,2,1,2,,7,1,0,1,4,1,30,5,2,,0,0,2,9,202300050692B01,10,9,1,200035087
202300050734,2023-02-16,2023,février,jeudi,21:35,24,24449,45.021563,0.23913,1,1,2,3,1,3,2,2,1,1,,-1,1,0,1,4,1,30,5,2,,0,0,4,1,202300050734B01,7,1,1,200040384
202300050875,2023-09-29,2023,septembre,vendredi,08:50,65,65020,43.094622,0.009061,2,1,2,1,1,3,2,2,1,1,,5.5,1,1,1,3,1,51,5,1,2,0,2,4,1,202300050875A01,0,0,1,200069300
202300050884,2023-01-05,2023,janvier,jeudi,14:50,54,54405,48.57439594,5.97442746,2,1,7,1,1,3,2,2,1,1,,-1,1,0,8,3,1,25,5,1,2,6,0,0,0,202300050884A01,0,1,1,245400510
202300050927,2023-09-28,2023,septembre,jeudi,16:45,88,88116,47.97694,6.83307,1,3,3,1,1,3,2,2,2,3,,7,1,0,1,3,1,21,5,2,,0,2,1,1,202300050927B01,7,15,1,200096634
202300050929,2023-01-06,2023,janvier,vendredi,07:40,76,76758,49.613769,0.761109,2,1,1,5,2,4,2,1,2,1,,3,2,0,5,2,1,12,2,2,,0,2,1,11,202300050929B01,7,2,1,247600620
202300050977,2023-10-29,2023,octobre,dimanche,22:50,54,54462,48.60283598,6.34496927,1,1,3,3,3,3,2,2,1,1,,5.5,2,-1,1,3,1,17,5,2,,0,2,8,13,202300050977B01,7,13,1,245400189
202300050982,2023-10-28,2023,octobre,samedi,16:10,69,69285,45.763133,5.080442,2,6,3,1,1,4,1,2,1,2,,-1,2,0,1,3,1,40,1,2,,0,2,8,9,202300050982B01,7,9,1,246900575
202300051025,2023-04-27,2023,avril,jeudi,12:05,05,05061,44.56140833,6.09648407,2,3,3,1,1,3,2,2,2,1,,-1,1,0,1,3,2,66,5,1,2,0,2,1,1,202300051025B01,7,15,1,200067825
202300051098,2023-08-27,2023,août,dimanche,10:30,22,22084,48.413558,-2.315798,1,1,6,1,1,3,2,2,2,4,,6,1,0,1,2,1,68,5,1,2,0,0,8,1,202300051098A01,,,,200069391
202300051150,2023-05-10,2023,mai,mercredi,18:00,972,97214,14.832376,-61.051364,2,1,7,1,1,2,3,2,2,4,,5,1,0,1,3,1,15,5,2,,0,0,0,1,202300051150A01,,,,200041788